TradDt,BizDt,Sgmt,Src,FinInstrmTp,FinInstrmId,ISIN,TckrSymb,SctySrs,XpryDt,FininstrmActlXpryDt,StrkPric,OptnTp,FinInstrmNm,OpnPric,HghPric,LwPric,ClsPric,LastPric,PrvsClsgPric,UndrlygPric,SttlmPric,OpnIntrst,ChngInOpnIntrst,TtlTradgVol,TtlTrfVal,TtlNbOfTxsExctd,SsnId,NewBrdLotQty,Rmks,Rsvd1,Rsvd2,Rsvd3,Rsvd4
2024-12-31,2024-12-31,FO,NSE,IDO,46383,,NIFTY,,2025-01-30,2025-01-30,24550.0,PE,NIFTY25JAN24550PE,948.0,993.5,820.55,841.8,841.8,839.35,23644.8,876.2,20625,-225,16,10177802.5,13,F1,25,,,,,
2024-12-31,2024-12-31,FO,NSE,IDO,48153,,NIFTY,,2025-01-09,2025-01-09,24550.0,CE,NIFTY2510924550CE,9.0,13.7,9.0,11.8,11.9,13.8,23644.8,11.8,175350,78000,16285,29998357331.25,9922,F1,75,,,,,
2024-12-31,2024-12-31,FO,NSE,IDO,52611,,NIFTY,,2025-01-16,2025-01-16,23550.0,CE,NIFTY2511623550CE,343.9,428.7,285.55,406.95,408.85,1270.3,23644.8,406.95,3825,3825,286,512765163.75,144,F1,75,,,,,
2024-12-31,2024-12-31,FO,NSE,IDO,52800,,NIFTY,,2025-01-16,2025-01-16,24550.0,CE,NIFTY2511624550CE,32.4,42.5,26.0,40.4,40.4,40.1,23644.8,40.4,25275,1725,176,324538155.0,82,F1,75,,,,,
2024-12-31,2024-12-31,FO,NSE,IDO,61747,,NIFTY,,2029-12-27,2029-12-27,23000.0,PE,NIFTY29DEC23000PE,0.0,0.0,0.0,488.7,0.0,488.7,23644.8,326.5,0,0,0,0.0,0,F1,75,,,,,
2024-12-31,2024-12-31,FO,NSE,IDO,37795,,NIFTY,,2025-12-24,2025-12-24,23000.0,CE,NIFTY25DEC23000CE,2536.6,2600.0,2465.0,2600.0,2600.0,2586.75,23644.8,2548.45,70100,575,27,51669607.5,27,F1,75,,,,,
2024-12-31,2024-12-31,FO,NSE,IDO,89629,,NIFTY,,2029-06-28,2029-06-28,23000.0,PE,NIFTY29JUN23000PE,0.0,0.0,0.0,543.65,0.0,543.65,23644.8,350.65,0,0,0,0.0,0,F1,75,,,,,
2024-12-31,2024-12-31,FO,NSE,IDO,52616,,NIFTY,,2025-01-16,2025-01-16,23550.0,PE,NIFTY2511623550PE,242.95,292.15,193.0,202.5,202.9,194.7,23644.8,202.5,9825,4050,319,569111186.25,125,F1,75,,,,,
2024-12-31,2024-12-31,FO,NSE,IDO,53618,,NIFTY,,2027-12-30,2027-12-30,23000.0,CE,NIFTY27DEC23000CE,0.0,0.0,0.0,4125.7,0.0,4125.7,23644.8,5280.45,0,0,0,0.0,0,F1,75,,,,,
2024-12-31,2024-12-31,FO,NSE,IDO,48064,,NIFTY,,2025-01-09,2025-01-09,23000.0,PE,NIFTY2510923000PE,39.6,62.5,34.6,38.35,36.9,29.6,23644.8,38.35,1135125,273900,62812,108561333517.5,28296,F1,75,,,,,
2024-12-31,2024-12-31,FO,NSE,IDO,52521,,NIFTY,,2025-01-16,2025-01-16,23000.0,CE,NIFTY2511623000CE,701.1,838.5,670.0,791.75,791.75,800.0,23644.8,759.65,7425,2625,101,179896571.25,62,F1,75,,,,,
2024-12-31,2024-12-31,FO,NSE,IDO,46374,,NIFTY,,2025-01-30,2025-01-30,24550.0,CE,NIFTY25JAN24550CE,85.55,116.35,73.85,108.8,111.2,105.0,23644.8,108.8,69975,9850,5551,3419798807.5,1912,F1,25,,,,,
2024-12-31,2024-12-31,FO,NSE,IDO,52499,,NIFTY,,2025-01-02,2025-01-02,23550.0,CE,NIFTY2510223550CE,184.2,265.55,102.0,219.55,228.1,219.7,23644.8,219.55,960750,842175,1050119,1867550992927.5,705369,F1,75,,,,,
2024-12-31,2024-12-31,FO,NSE,IDO,37799,,NIFTY,,2026-06-25,2026-06-25,23000.0,CE,NIFTY26JUN23000CE,0.0,0.0,0.0,2645.65,0.0,2645.65,23644.8,3291.4,0,0,0,0.0,0,F1,75,,,,,
2024-12-31,2024-12-31,FO,NSE,IDO,46264,,NIFTY,,2025-01-30,2025-01-30,23550.0,PE,NIFTY25JAN23550PE,259.1,358.05,255.0,270.9,267.95,264.2,23644.8,270.9,130200,48300,13869,8270976298.75,5580,F1,25,,,,,
2024-12-31,2024-12-31,FO,NSE,IDO,57584,,NIFTY,,2025-02-27,2025-02-27,23550.0,PE,NIFTY25FEB23550PE,344.7,433.6,344.7,365.8,365.8,344.7,23644.8,365.8,4050,2250,83,149057100.0,56,F1,75,,,,,
2024-12-31,2024-12-31,FO,NSE,IDO,37796,,NIFTY,,2025-12-24,2025-12-24,23000.0,PE,NIFTY25DEC23000PE,545.0,580.0,511.0,525.75,530.0,524.1,23644.8,525.75,326550,3200,364,642808905.0,278,F1,75,,,,,
2024-12-31,2024-12-31,FO,NSE,IDO,37806,,NIFTY,,2026-12-31,2026-12-31,23000.0,CE,NIFTY26DEC23000CE,4110.0,4110.0,4110.0,4110.0,4110.0,4450.05,23644.8,4005.7,675,0,2,4066500.0,2,F1,75,,,,,
2024-12-31,2024-12-31,FO,NSE,IDO,52501,,NIFTY,,2025-01-02,2025-01-02,23550.0,PE,NIFTY2510223550PE,100.0,174.0,66.65,77.15,70.8,74.85,23644.8,77.15,2171175,1314675,1650776,2929534840856.25,1002303,F1,75,,,,,
2024-12-31,2024-12-31,FO,NSE,IDO,86150,,NIFTY,,2028-06-29,2028-06-29,23000.0,PE,NIFTY28JUN23000PE,0.0,0.0,0.0,1399.25,0.0,1399.25,23644.8,399.8,0,0,0,0.0,0,F1,75,,,,,
2024-12-31,2024-12-31,FO,NSE,IDO,52634,,NIFTY,,2025-01-02,2025-01-02,25550.0,PE,NIFTY2510225550PE,0.0,0.0,0.0,1725.0,1725.0,1725.0,23644.8,1895.75,1800,0,0,0.0,0,F1,75,,,,,
2024-12-31,2024-12-31,FO,NSE,IDO,52633,,NIFTY,,2025-01-02,2025-01-02,25550.0,CE,NIFTY2510225550CE,1.0,1.35,0.9,1.05,0.95,1.0,23644.8,1.05,498225,201150,12202,23383106872.5,3902,F1,75,,,,,
2024-12-31,2024-12-31,FO,NSE,IDO,55104,,NIFTY,,2025-01-23,2025-01-23,25550.0,PE,NIFTY2512325550PE,0.0,0.0,0.0,1497.7,0.0,1497.7,23644.8,1801.35,0,0,0,0.0,0,F1,75,,,,,
2024-12-31,2024-12-31,FO,NSE,IDO,52872,,NIFTY,,2025-01-16,2025-01-16,25550.0,CE,NIFTY2511625550CE,4.75,4.75,3.6,4.1,4.3,4.15,23644.8,4.1,6075,150,10,19165762.5,8,F1,75,,,,,
2024-12-31,2024-12-31,FO,NSE,IDO,46470,,NIFTY,,2025-01-30,2025-01-30,25500.0,PE,NIFTY25JAN25500PE,1790.0,1888.0,1630.85,1688.2,1675.55,1673.3,23644.8,1688.2,510400,-4800,1104,752239321.25,492,F1,25,,,,,
2024-12-31,2024-12-31,FO,NSE,IDO,57664,,NIFTY,,2025-02-27,2025-02-27,25500.0,PE,NIFTY25FEB25500PE,1660.0,1771.0,1652.0,1655.0,1655.0,1572.55,23644.8,1656.55,44850,-225,175,357308223.75,97,F1,75,,,,,
2024-12-31,2024-12-31,FO,NSE,IDO,52687,,NIFTY,,2025-01-02,2025-01-02,26400.0,PE,NIFTY2510226400PE,0.0,0.0,0.0,2838.3,0.0,2838.3,23644.8,2745.45,0,0,0,0.0,0,F1,75,,,,,
2024-12-31,2024-12-31,FO,NSE,IDO,52909,,NIFTY,,2025-01-16,2025-01-16,26400.0,PE,NIFTY2511626400PE,0.0,0.0,0.0,1724.85,0.0,1724.85,23644.8,2677.2,0,0,0,0.0,0,F1,75,,,,,
2024-12-31,2024-12-31,FO,NSE,IDO,48238,,NIFTY,,2025-01-09,2025-01-09,26400.0,CE,NIFTY2510926400CE,1.55,2.05,1.55,1.9,1.9,1.8,23644.8,1.9,16350,1350,169,334643910.0,83,F1,75,,,,,
2024-12-31,2024-12-31,FO,NSE,IDO,48240,,NIFTY,,2025-01-09,2025-01-09,26400.0,PE,NIFTY2510926400PE,0.0,0.0,0.0,1585.3,0.0,1585.3,23644.8,2711.3,0,0,0,0.0,0,F1,75,,,,,
2024-12-31,2024-12-31,FO,NSE,IDO,64564,,NIFTY,,2025-03-27,2025-03-27,23000.0,CE,NIFTY25MAR23000CE,1255.35,1375.0,1189.0,1335.45,1358.8,1339.0,23644.8,1335.45,341625,1450,662,1204460850.0,417,F1,75,,,,,
2024-12-31,2024-12-31,FO,NSE,IDO,43271,,NIFTY,,2025-01-30,2025-01-30,23000.0,CE,NIFTY25JAN23000CE,900.0,969.9,759.3,925.85,933.95,933.15,23644.8,925.85,1099800,168675,19953,11897247391.25,10135,F1,25,,,,,
2024-12-31,2024-12-31,FO,NSE,IDO,51459,,NIFTY,,2025-03-27,2025-03-27,23550.0,CE,NIFTY25MAR23550CE,925.55,925.55,925.55,925.55,925.55,1110.8,23644.8,873.95,150,75,1,1835666.25,1,F1,75,,,,,
2024-12-31,2024-12-31,FO,NSE,IDO,54983,,NIFTY,,2025-01-23,2025-01-23,23550.0,CE,NIFTY2512323550CE,457.35,457.35,364.6,446.35,446.35,810.0,23644.8,425.55,300,300,15,26946408.75,14,F1,75,,,,,
2024-12-31,2024-12-31,FO,NSE,IDO,46263,,NIFTY,,2025-01-30,2025-01-30,23550.0,CE,NIFTY25JAN23550CE,472.85,569.9,412.1,531.5,542.9,529.7,23644.8,531.5,86400,53650,9783,5876421041.25,5072,F1,25,,,,,
2024-12-31,2024-12-31,FO,NSE,IDO,55639,,NIFTY,,2025-02-27,2025-02-27,23000.0,CE,NIFTY25FEB23000CE,1050.0,1182.0,995.0,1142.45,1152.4,1147.5,23644.8,1142.45,80475,13575,630,1137279191.25,361,F1,75,,,,,
2024-12-31,2024-12-31,FO,NSE,IDO,57623,,NIFTY,,2025-02-27,2025-02-27,24550.0,CE,NIFTY25FEB24550CE,258.35,258.5,258.35,258.5,258.5,276.15,23644.8,256.15,7200,-225,3,5581901.25,3,F1,75,,,,,
2024-12-31,2024-12-31,FO,NSE,IDO,37810,,NIFTY,,2026-12-31,2026-12-31,23000.0,PE,NIFTY26DEC23000PE,699.05,699.05,666.0,666.0,666.0,661.55,23644.8,456.35,12875,225,4,7103103.75,4,F1,75,,,,,
2024-12-31,2024-12-31,FO,NSE,IDO,56526,,NIFTY,,2025-03-27,2025-03-27,24550.0,CE,NIFTY25MAR24550CE,0.0,0.0,0.0,610.0,0.0,610.0,23644.8,400.5,0,0,0,0.0,0,F1,75,,,,,
2024-12-31,2024-12-31,FO,NSE,IDO,48096,,NIFTY,,2025-01-09,2025-01-09,23550.0,CE,NIFTY2510923550CE,283.3,366.0,208.0,327.65,340.0,320.2,23644.8,327.65,93300,77100,14936,26684708085.0,9450,F1,75,,,,,
2024-12-31,2024-12-31,FO,NSE,IDO,67780,,NIFTY,,2028-12-28,2028-12-28,23000.0,CE,NIFTY28DEC23000CE,0.0,0.0,0.0,6377.6,0.0,6377.6,23644.8,6455.9,0,0,0,0.0,0,F1,75,,,,,
2024-12-31,2024-12-31,FO,NSE,IDO,53619,,NIFTY,,2027-12-30,2027-12-30,23000.0,PE,NIFTY27DEC23000PE,0.0,0.0,0.0,2201.3,0.0,2201.3,23644.8,422.9,0,0,0,0.0,0,F1,75,,,,,
2024-12-31,2024-12-31,FO,NSE,IDO,57583,,NIFTY,,2025-02-27,2025-02-27,23550.0,CE,NIFTY25FEB23550CE,744.8,760.35,743.65,760.35,760.35,1228.3,23644.8,760.35,3750,3750,50,91125941.25,50,F1,75,,,,,
2024-12-31,2024-12-31,FO,NSE,IDO,51460,,NIFTY,,2025-03-27,2025-03-27,23550.0,PE,NIFTY25MAR23550PE,431.2,438.65,404.45,404.45,404.45,487.25,23644.8,404.45,1875,1875,29,52158566.25,15,F1,75,,,,,
2024-12-31,2024-12-31,FO,NSE,IDO,56527,,NIFTY,,2025-03-27,2025-03-27,24550.0,PE,NIFTY25MAR24550PE,0.0,0.0,0.0,966.45,0.0,966.45,23644.8,918.35,0,0,0,0.0,0,F1,75,,,,,
2024-12-31,2024-12-31,FO,NSE,IDO,37749,,NIFTY,,2025-06-26,2025-06-26,23000.0,CE,NIFTY25JUN23000CE,1705.6,1801.0,1607.5,1761.85,1769.0,1754.85,23644.8,1761.85,56225,3150,121,224214442.5,116,F1,75,,,,,
2024-12-31,2024-12-31,FO,NSE,IDO,55038,,NIFTY,,2025-01-23,2025-01-23,24550.0,PE,NIFTY2512324550PE,0.0,0.0,0.0,727.3,0.0,727.3,23644.8,871.35,0,0,0,0.0,0,F1,75,,,,,
2024-12-31,2024-12-31,FO,NSE,IDO,52801,,NIFTY,,2025-01-16,2025-01-16,24550.0,PE,NIFTY2511624550PE,0.0,0.0,0.0,650.0,650.0,650.0,23644.8,869.1,75,0,0,0.0,0,F1,75,,,,,
2024-12-31,2024-12-31,FO,NSE,IDO,52451,,NIFTY,,2025-01-02,2025-01-02,23000.0,CE,NIFTY2510223000CE,606.0,752.55,494.2,699.2,712.5,698.35,23644.8,699.2,148350,-7800,11807,20903918737.5,6337,F1,75,,,,,
2024-12-31,2024-12-31,FO,NSE,IDO,61746,,NIFTY,,2029-12-27,2029-12-27,23000.0,CE,NIFTY29DEC23000CE,0.0,0.0,0.0,8286.75,0.0,8286.75,23644.8,7550.45,0,0,0,0.0,0,F1,75,,,,,
2024-12-31,2024-12-31,FO,NSE,IDO,57709,,NIFTY,,2025-02-27,2025-02-27,26400.0,PE,NIFTY25FEB26400PE,0.0,0.0,0.0,1420.0,1420.0,1420.0,23644.8,2490.55,150,0,0,0.0,0,F1,75,,,,,
2024-12-31,2024-12-31,FO,NSE,IDO,57708,,NIFTY,,2025-02-27,2025-02-27,26400.0,CE,NIFTY25FEB26400CE,17.5,17.5,15.15,17.0,17.0,19.15,23644.8,17.0,10500,-225,12,23774733.75,6,F1,75,,,,,
2024-12-31,2024-12-31,FO,NSE,IDO,52911,,NIFTY,,2025-01-16,2025-01-16,26450.0,PE,NIFTY2511626450PE,0.0,0.0,0.0,1770.1,0.0,1770.1,23644.8,2727.05,0,0,0,0.0,0,F1,75,,,,,
2024-12-31,2024-12-31,FO,NSE,IDO,52910,,NIFTY,,2025-01-16,2025-01-16,26450.0,CE,NIFTY2511626450CE,3.3,3.75,2.7,3.15,3.15,53.05,23644.8,0.05,1125,1125,21,41663857.5,10,F1,75,,,,,
2024-12-31,2024-12-31,FO,NSE,IDO,52688,,NIFTY,,2025-01-02,2025-01-02,26450.0,CE,NIFTY2510226450CE,0.75,1.15,0.7,0.85,0.75,0.85,23644.8,0.85,890550,171150,19415,38515877531.25,4893,F1,75,,,,,
2024-12-31,2024-12-31,FO,NSE,IDO,52690,,NIFTY,,2025-01-02,2025-01-02,26450.0,PE,NIFTY2510226450PE,0.0,0.0,0.0,2887.1,0.0,2887.1,23644.8,2795.4,0,0,0,0.0,0,F1,75,,,,,
2024-12-31,2024-12-31,FO,NSE,IDO,57711,,NIFTY,,2025-02-27,2025-02-27,26450.0,PE,NIFTY25FEB26450PE,0.0,0.0,0.0,2297.0,2297.0,2297.0,23644.8,2538.55,0,0,0,0.0,0,F1,75,,,,,
2024-12-31,2024-12-31,FO,NSE,IDO,48247,,NIFTY,,2025-01-09,2025-01-09,26450.0,PE,NIFTY2510926450PE,0.0,0.0,0.0,1629.35,0.0,1629.35,23644.8,2761.2,0,0,0,0.0,0,F1,75,,,,,
2024-12-31,2024-12-31,FO,NSE,IDO,57710,,NIFTY,,2025-02-27,2025-02-27,26450.0,CE,NIFTY25FEB26450CE,17.75,22.45,16.4,16.4,16.4,16.9,23644.8,16.4,6600,300,5,9925545.0,5,F1,75,,,,,
2024-12-31,2024-12-31,FO,NSE,IDO,48241,,NIFTY,,2025-01-09,2025-01-09,26450.0,CE,NIFTY2510926450CE,1.5,2.7,1.5,1.95,1.75,1.8,23644.8,1.95,21600,6075,340,674522317.5,109,F1,75,,,,,
2024-12-31,2024-12-31,FO,NSE,IDO,47844,,NIFTY,,2025-01-30,2025-01-30,26450.0,PE,NIFTY25JAN26450PE,0.0,0.0,0.0,2461.25,2461.25,2461.25,23644.8,2659.75,50,0,0,0.0,0,F1,25,,,,,
2024-12-31,2024-12-31,FO,NSE,IDO,47843,,NIFTY,,2025-01-30,2025-01-30,26450.0,CE,NIFTY25JAN26450CE,5.2,6.4,5.15,5.8,5.8,5.55,23644.8,5.8,96850,-2100,946,625674766.25,244,F1,25,,,,,
2024-12-31,2024-12-31,FO,NSE,IDO,55610,,NIFTY,,2025-02-27,2025-02-27,22250.0,PE,NIFTY25FEB22250PE,0.0,0.0,0.0,129.25,0.0,129.25,23644.8,52.8,0,0,0,0.0,0,F1,75,,,,,
2024-12-31,2024-12-31,FO,NSE,IDO,37802,,NIFTY,,2026-06-25,2026-06-25,13000.0,PE,NIFTY26JUN13000PE,0.0,0.0,0.0,21.6,21.6,21.6,23644.8,0.05,200,0,0,0.0,0,F1,75,,,,,
2024-12-31,2024-12-31,FO,NSE,IDO,52510,,NIFTY,,2025-01-02,2025-01-02,23650.0,PE,NIFTY2510223650PE,150.0,239.0,98.0,114.0,105.6,112.6,23644.8,114.0,1689075,218775,939038,1675472710245.0,589559,F1,75,,,,,
2024-12-31,2024-12-31,FO,NSE,IDO,54987,,NIFTY,,2025-01-23,2025-01-23,23650.0,CE,NIFTY2512323650CE,340.0,418.5,308.55,414.1,414.55,440.0,23644.8,414.1,2025,1950,41,73953858.75,22,F1,75,,,,,
2024-12-31,2024-12-31,FO,NSE,IDO,54988,,NIFTY,,2025-01-23,2025-01-23,23650.0,PE,NIFTY2512323650PE,281.45,323.05,275.5,281.1,279.9,274.0,23644.8,281.1,1650,1350,52,93376016.25,32,F1,75,,,,,
2024-12-31,2024-12-31,FO,NSE,IDO,51476,,NIFTY,,2025-03-27,2025-03-27,23650.0,PE,NIFTY25MAR23650PE,432.9,453.0,432.9,439.8,439.8,421.8,23644.8,439.8,675,300,8,14458308.75,6,F1,75,,,,,
2024-12-31,2024-12-31,FO,NSE,IDO,51475,,NIFTY,,2025-03-27,2025-03-27,23650.0,CE,NIFTY25MAR23650CE,0.0,0.0,0.0,1053.55,0.0,1053.55,23644.8,815.45,0,0,0,0.0,0,F1,75,,,,,
2024-12-31,2024-12-31,FO,NSE,IDO,58631,,NIFTY,,2026-12-31,2026-12-31,13000.0,PE,NIFTY26DEC13000PE,0.0,0.0,0.0,20.05,20.05,20.05,23644.8,0.05,1950,0,0,0.0,0,F1,75,,,,,
2024-12-31,2024-12-31,FO,NSE,IDO,37797,,NIFTY,,2025-12-24,2025-12-24,13000.0,PE,NIFTY25DEC13000PE,0.0,0.0,0.0,10.05,10.05,10.05,23644.8,0.05,600,0,0,0.0,0,F1,75,,,,,
2024-12-31,2024-12-31,FO,NSE,IDO,52509,,NIFTY,,2025-01-02,2025-01-02,23650.0,CE,NIFTY2510223650CE,100.0,196.8,67.5,155.7,164.4,157.9,23644.8,155.7,1802175,1008600,1243595,2217897723303.75,792920,F1,75,,,,,
2024-12-31,2024-12-31,FO,NSE,IDO,46272,,NIFTY,,2025-01-30,2025-01-30,23650.0,PE,NIFTY25JAN23650PE,354.0,406.4,292.0,309.3,300.0,301.2,23644.8,309.3,129600,-1600,8281,4966621422.5,3298,F1,25,,,,,
2024-12-31,2024-12-31,FO,NSE,IDO,46271,,NIFTY,,2025-01-30,2025-01-30,23650.0,CE,NIFTY25JAN23650CE,410.0,504.0,308.4,470.75,472.25,471.25,23644.8,470.75,66800,19725,7522,4528664741.25,3313,F1,25,,,,,
2024-12-31,2024-12-31,FO,NSE,IDO,48101,,NIFTY,,2025-01-09,2025-01-09,23650.0,PE,NIFTY2510923650PE,230.0,298.2,172.9,191.25,186.65,179.75,23644.8,191.25,127125,24750,14625,26178532451.25,8289,F1,75,,,,,
2024-12-31,2024-12-31,FO,NSE,IDO,52626,,NIFTY,,2025-01-16,2025-01-16,23650.0,CE,NIFTY2511623650CE,278.35,374.45,237.3,344.65,349.4,342.35,23644.8,344.65,11625,6675,645,1159335247.5,306,F1,75,,,,,
2024-12-31,2024-12-31,FO,NSE,IDO,57675,,NIFTY,,2025-02-27,2025-02-27,25800.0,CE,NIFTY25FEB25800CE,40.0,45.4,34.4,43.35,43.3,42.95,23644.8,43.35,32625,7500,407,788741265.0,216,F1,75,,,,,
2024-12-31,2024-12-31,FO,NSE,IDO,67785,,NIFTY,,2028-12-28,2028-12-28,25000.0,PE,NIFTY28DEC25000PE,0.0,0.0,0.0,999.0,999.0,999.0,23644.8,696.45,50,0,0,0.0,0,F1,75,,,,,
2024-12-31,2024-12-31,FO,NSE,IDO,46469,,NIFTY,,2025-01-30,2025-01-30,25500.0,CE,NIFTY25JAN25500CE,12.0,13.0,10.0,12.45,12.65,13.35,23644.8,12.45,2439075,254025,77120,49186292187.5,17302,F1,25,,,,,
2024-12-31,2024-12-31,FO,NSE,IDO,55100,,NIFTY,,2025-01-23,2025-01-23,25500.0,PE,NIFTY2512325500PE,0.0,0.0,0.0,1454.25,0.0,1454.25,23644.8,1752.35,0,0,0,0.0,0,F1,75,,,,,
2024-12-31,2024-12-31,FO,NSE,IDO,48232,,NIFTY,,2025-01-09,2025-01-09,26250.0,CE,NIFTY2510926250CE,1.95,1.95,1.9,1.9,1.9,1.95,23644.8,1.9,2475,75,7,13782262.5,3,F1,75,,,,,
2024-12-31,2024-12-31,FO,NSE,IDO,52903,,NIFTY,,2025-01-16,2025-01-16,26250.0,PE,NIFTY2511626250PE,0.0,0.0,0.0,1591.0,0.0,1591.0,23644.8,2527.65,0,0,0,0.0,0,F1,75,,,,,
2024-12-31,2024-12-31,FO,NSE,IDO,57699,,NIFTY,,2025-02-27,2025-02-27,26250.0,CE,NIFTY25FEB26250CE,0.0,0.0,0.0,25.6,25.6,25.6,23644.8,22.1,1425,0,0,0.0,0,F1,75,,,,,
2024-12-31,2024-12-31,FO,NSE,IDO,48233,,NIFTY,,2025-01-09,2025-01-09,26250.0,PE,NIFTY2510926250PE,0.0,0.0,0.0,1455.4,0.0,1455.4,23644.8,2561.55,0,0,0,0.0,0,F1,75,,,,,
2024-12-31,2024-12-31,FO,NSE,IDO,52902,,NIFTY,,2025-01-16,2025-01-16,26250.0,CE,NIFTY2511626250CE,3.45,3.45,1.95,3.0,3.0,2.9,23644.8,0.05,300,-75,8,15751773.75,8,F1,75,,,,,
2024-12-31,2024-12-31,FO,NSE,IDO,57701,,NIFTY,,2025-02-27,2025-02-27,26250.0,PE,NIFTY25FEB26250PE,0.0,0.0,0.0,2062.7,0.0,2062.7,23644.8,2347.25,0,0,0,0.0,0,F1,75,,,,,
2024-12-31,2024-12-31,FO,NSE,IDO,52670,,NIFTY,,2025-01-02,2025-01-02,26250.0,PE,NIFTY2510226250PE,0.0,0.0,0.0,2630.4,2630.4,2630.4,23644.8,2595.5,0,0,0,0.0,0,F1,75,,,,,
2024-12-31,2024-12-31,FO,NSE,IDO,52522,,NIFTY,,2025-01-02,2025-01-02,23750.0,PE,NIFTY2510223750PE,210.0,313.85,139.05,161.4,150.0,160.25,23644.8,161.4,1344900,218550,228198,409834641510.0,152661,F1,75,,,,,
2024-12-31,2024-12-31,FO,NSE,IDO,52520,,NIFTY,,2025-01-02,2025-01-02,23750.0,CE,NIFTY2510223750CE,68.55,138.0,43.0,103.9,111.0,107.35,23644.8,103.9,1942800,140025,970189,1734368378115.0,598990,F1,75,,,,,
2024-12-31,2024-12-31,FO,NSE,IDO,53847,,NIFTY,,2025-03-27,2025-03-27,23750.0,PE,NIFTY25MAR23750PE,0.0,0.0,0.0,567.15,0.0,567.15,23644.8,489.9,0,0,0,0.0,0,F1,75,,,,,
2024-12-31,2024-12-31,FO,NSE,IDO,46275,,NIFTY,,2025-01-30,2025-01-30,23750.0,CE,NIFTY25JAN23750CE,350.55,445.0,311.45,413.95,422.0,413.3,23644.8,413.95,142500,28600,6863,4140423836.25,3032,F1,25,,,,,
2024-12-31,2024-12-31,FO,NSE,IDO,64557,,NIFTY,,2025-03-27,2025-03-27,20000.0,PE,NIFTY25MAR20000PE,17.8,18.5,15.95,17.8,18.0,16.65,23644.8,17.8,527350,9775,796,1195053517.5,317,F1,75,,,,,
2024-12-31,2024-12-31,FO,NSE,IDO,71551,,NIFTY,,2027-06-24,2027-06-24,20000.0,CE,NIFTY27JUN20000CE,0.0,0.0,0.0,3367.05,0.0,3367.05,23644.8,6832.0,0,0,0,0.0,0,F1,75,,,,,
2024-12-31,2024-12-31,FO,NSE,IDO,52837,,NIFTY,,2025-01-16,2025-01-16,24800.0,PE,NIFTY2511624800PE,0.0,0.0,0.0,533.35,533.35,533.35,23644.8,1098.55,75,0,0,0.0,0,F1,75,,,,,
2024-12-31,2024-12-31,FO,NSE,IDO,55056,,NIFTY,,2025-01-23,2025-01-23,24800.0,CE,NIFTY2512324800CE,32.1,41.9,26.5,37.8,36.2,36.9,23644.8,37.8,8400,1575,117,217916403.75,61,F1,75,,,,,
2024-12-31,2024-12-31,FO,NSE,IDO,55058,,NIFTY,,2025-01-23,2025-01-23,24800.0,PE,NIFTY2512324800PE,0.0,0.0,0.0,896.95,0.0,896.95,23644.8,1088.85,0,0,0,0.0,0,F1,75,,,,,
2024-12-31,2024-12-31,FO,NSE,IDO,56546,,NIFTY,,2025-03-27,2025-03-27,24800.0,CE,NIFTY25MAR24800CE,302.45,333.05,285.65,325.7,326.4,319.55,23644.8,325.7,4575,4350,80,150623925.0,41,F1,75,,,,,
2024-12-31,2024-12-31,FO,NSE,IDO,52595,,NIFTY,,2025-01-02,2025-01-02,24800.0,CE,NIFTY2510224800CE,1.35,1.65,1.05,1.3,1.25,1.35,23644.8,1.3,5260800,624675,278402,517855940943.75,55015,F1,75,,,,,
2024-12-31,2024-12-31,FO,NSE,IDO,46407,,NIFTY,,2025-01-30,2025-01-30,24800.0,PE,NIFTY25JAN24800PE,1135.0,1219.2,998.0,1040.7,1039.9,1035.75,23644.8,1040.7,171100,-1375,658,426471807.5,215,F1,25,,,,,
2024-12-31,2024-12-31,FO,NSE,IDO,57633,,NIFTY,,2025-02-27,2025-02-27,24800.0,CE,NIFTY25FEB24800CE,170.0,207.4,154.9,197.2,201.25,200.8,23644.8,197.2,63150,18750,996,1865645756.25,526,F1,75,,,,,
2024-12-31,2024-12-31,FO,NSE,IDO,52836,,NIFTY,,2025-01-16,2025-01-16,24800.0,CE,NIFTY2511624800CE,17.45,18.65,13.0,16.85,17.55,19.0,23644.8,16.85,78150,-1425,2652,4935725441.25,1026,F1,75,,,,,
2024-12-31,2024-12-31,FO,NSE,IDO,52596,,NIFTY,,2025-01-02,2025-01-02,24800.0,PE,NIFTY2510224800PE,1230.0,1320.35,1059.65,1105.6,1097.85,1092.0,23644.8,1105.6,84450,-59175,1124,2188091175.0,1093,F1,75,,,,,
2024-12-31,2024-12-31,FO,NSE,IDO,48166,,NIFTY,,2025-01-09,2025-01-09,24800.0,PE,NIFTY2510924800PE,1210.0,1237.8,1039.95,1076.0,1076.0,1070.0,23644.8,1076.0,6525,-2100,53,102926658.75,34,F1,75,,,,,
2024-12-31,2024-12-31,FO,NSE,IDO,46406,,NIFTY,,2025-01-30,2025-01-30,24800.0,CE,NIFTY25JAN24800CE,57.65,67.25,41.7,62.1,63.75,59.9,23644.8,62.1,1126775,71250,60281,37452822155.0,22181,F1,25,,,,,
2024-12-31,2024-12-31,FO,NSE,IDO,46626,,NIFTY,,2025-01-30,2025-01-30,26400.0,CE,NIFTY25JAN26400CE,5.85,6.4,5.1,5.95,5.5,6.2,23644.8,5.95,170950,-21075,8313,5487788372.5,1592,F1,25,,,,,
2024-12-31,2024-12-31,FO,NSE,IDO,52414,,NIFTY,,2025-01-02,2025-01-02,22400.0,PE,NIFTY2510222400PE,1.55,3.7,1.45,3.1,2.9,1.55,23644.8,3.1,4950600,3181800,256139,430368862155.0,75192,F1,75,,,,,
2024-12-31,2024-12-31,FO,NSE,IDO,55615,,NIFTY,,2025-02-27,2025-02-27,22400.0,CE,NIFTY25FEB22400CE,0.0,0.0,0.0,2070.15,0.0,2070.15,23644.8,1552.6,0,0,0,0.0,0,F1,75,,,,,
2024-12-31,2024-12-31,FO,NSE,IDO,55616,,NIFTY,,2025-02-27,2025-02-27,22400.0,PE,NIFTY25FEB22400PE,115.0,126.35,100.0,105.9,106.9,99.1,23644.8,105.9,128850,8625,449,757991118.75,223,F1,75,,,,,
2024-12-31,2024-12-31,FO,NSE,IDO,48038,,NIFTY,,2025-01-09,2025-01-09,22400.0,PE,NIFTY2510922400PE,7.15,11.25,6.4,8.35,8.0,5.6,23644.8,8.35,167475,42075,7247,12179604941.25,3834,F1,75,,,,,
2024-12-31,2024-12-31,FO,NSE,IDO,52609,,NIFTY,,2025-01-02,2025-01-02,25150.0,CE,NIFTY2510225150CE,1.0,1.4,0.9,1.15,1.2,1.2,23644.8,1.15,557400,274875,24381,45990841121.25,9731,F1,75,,,,,
2024-12-31,2024-12-31,FO,NSE,IDO,57649,,NIFTY,,2025-02-27,2025-02-27,25150.0,CE,NIFTY25FEB25150CE,112.2,113.65,109.05,109.05,109.05,465.35,23644.8,120.5,4200,4200,59,111788745.0,19,F1,75,,,,,
2024-12-31,2024-12-31,FO,NSE,IDO,48146,,NIFTY,,2025-01-09,2025-01-09,24450.0,PE,NIFTY2510924450PE,0.0,0.0,0.0,540.1,540.1,540.1,23644.8,779.5,1650,0,0,0.0,0,F1,75,,,,,
2024-12-31,2024-12-31,FO,NSE,IDO,55033,,NIFTY,,2025-01-23,2025-01-23,24450.0,CE,NIFTY2512324450CE,0.0,0.0,0.0,90.05,90.1,90.05,23644.8,87.7,1500,0,0,0.0,0,F1,75,,,,,
2024-12-31,2024-12-31,FO,NSE,IDO,46368,,NIFTY,,2025-01-30,2025-01-30,24450.0,CE,NIFTY25JAN24450CE,116.3,142.85,90.0,132.35,133.6,127.65,23644.8,132.35,115725,47550,9692,5951142150.0,3877,F1,25,,,,,
2024-12-31,2024-12-31,FO,NSE,IDO,55034,,NIFTY,,2025-01-23,2025-01-23,24450.0,PE,NIFTY2512324450PE,0.0,0.0,0.0,664.6,0.0,664.6,23644.8,789.1,0,0,0,0.0,0,F1,75,,,,,
2024-12-31,2024-12-31,FO,NSE,IDO,55341,,NIFTY,,2025-03-27,2025-03-27,24450.0,CE,NIFTY25MAR24450CE,0.0,0.0,0.0,651.35,0.0,651.35,23644.8,436.9,0,0,0,0.0,0,F1,75,,,,,
2024-12-31,2024-12-31,FO,NSE,IDO,57683,,NIFTY,,2025-02-27,2025-02-27,26000.0,CE,NIFTY25FEB26000CE,30.0,34.65,25.95,33.55,33.5,31.95,23644.8,33.55,417150,31050,4100,8004488137.5,2301,F1,75,,,,,
2024-12-31,2024-12-31,FO,NSE,IDO,89635,,NIFTY,,2029-06-28,2029-06-28,26000.0,PE,NIFTY29JUN26000PE,0.0,0.0,0.0,1391.75,1391.75,1391.75,23644.8,828.15,25,0,0,0.0,0,F1,75,,,,,
2024-12-31,2024-12-31,FO,NSE,IDO,71476,,NIFTY,,2026-06-25,2026-06-25,26000.0,CE,NIFTY26JUN26000CE,0.0,0.0,0.0,1350.0,1350.0,1350.0,23644.8,1607.55,625,0,0,0.0,0,F1,75,,,,,
2024-12-31,2024-12-31,FO,NSE,IDO,71477,,NIFTY,,2026-06-25,2026-06-25,26000.0,PE,NIFTY26JUN26000PE,0.0,0.0,0.0,6709.2,0.0,6709.2,23644.8,1487.4,0,0,0,0.0,0,F1,75,,,,,
2024-12-31,2024-12-31,FO,NSE,IDO,71564,,NIFTY,,2027-06-24,2027-06-24,26000.0,CE,NIFTY27JUN26000CE,0.0,0.0,0.0,1900.85,0.0,1900.85,23644.8,2870.25,0,0,0,0.0,0,F1,75,,,,,
2024-12-31,2024-12-31,FO,NSE,IDO,52653,,NIFTY,,2025-01-02,2025-01-02,26000.0,CE,NIFTY2510226000CE,0.95,1.2,0.8,0.9,0.8,0.95,23644.8,0.9,5390625,712875,163811,319443453030.0,31099,F1,75,,,,,
2024-12-31,2024-12-31,FO,NSE,IDO,64573,,NIFTY,,2025-03-27,2025-03-27,26000.0,PE,NIFTY25MAR26000PE,2000.1,2100.0,1870.0,1919.95,1924.25,1909.8,23644.8,1919.95,555175,-23825,666,1396935015.0,523,F1,75,,,,,
2024-12-31,2024-12-31,FO,NSE,IDO,64697,,NIFTY,,2025-09-25,2025-09-25,26000.0,PE,NIFTY25SEP26000PE,0.0,0.0,0.0,812.55,0.0,812.55,23644.8,1751.0,0,0,0,0.0,0,F1,75,,,,,
2024-12-31,2024-12-31,FO,NSE,IDO,71506,,NIFTY,,2026-12-31,2026-12-31,26000.0,PE,NIFTY26DEC26000PE,0.0,0.0,0.0,1445.0,1445.0,1445.0,23644.8,1339.6,500,0,0,0.0,0,F1,75,,,,,
2024-12-31,2024-12-31,FO,NSE,IDO,67786,,NIFTY,,2028-12-28,2028-12-28,26000.0,CE,NIFTY28DEC26000CE,0.0,0.0,0.0,4879.7,0.0,4879.7,23644.8,4699.8,0,0,0,0.0,0,F1,75,,,,,
2024-12-31,2024-12-31,FO,NSE,IDO,46564,,NIFTY,,2025-01-30,2025-01-30,26000.0,CE,NIFTY25JAN26000CE,8.25,8.65,7.15,8.25,7.25,7.9,23644.8,8.25,3328575,84475,35029,22775855787.5,8228,F1,25,,,,,
2024-12-31,2024-12-31,FO,NSE,IDO,53630,,NIFTY,,2027-12-30,2027-12-30,26000.0,PE,NIFTY27DEC26000PE,0.0,0.0,0.0,3359.75,0.0,3359.75,23644.8,1101.9,0,0,0,0.0,0,F1,75,,,,,
2024-12-31,2024-12-31,FO,NSE,IDO,71505,,NIFTY,,2026-12-31,2026-12-31,26000.0,CE,NIFTY26DEC26000CE,0.0,0.0,0.0,1631.05,0.0,1631.05,23644.8,2267.8,0,0,0,0.0,0,F1,75,,,,,
2024-12-31,2024-12-31,FO,NSE,IDO,64572,,NIFTY,,2025-03-27,2025-03-27,26000.0,CE,NIFTY25MAR26000CE,72.35,84.5,71.2,82.45,82.6,81.7,23644.8,82.45,936675,14475,4407,8619619616.25,2038,F1,75,,,,,
2024-12-31,2024-12-31,FO,NSE,IDO,54713,,NIFTY,,2025-01-23,2025-01-23,22300.0,CE,NIFTY2512322300CE,0.0,0.0,0.0,1836.8,0.0,1836.8,23644.8,1449.2,0,0,0,0.0,0,F1,75,,,,,
2024-12-31,2024-12-31,FO,NSE,IDO,43242,,NIFTY,,2025-01-30,2025-01-30,22450.0,PE,NIFTY25JAN22450PE,58.95,69.9,51.0,53.25,53.1,48.9,23644.8,53.25,15175,-2750,1128,634746433.75,273,F1,25,,,,,
2024-12-31,2024-12-31,FO,NSE,IDO,48040,,NIFTY,,2025-01-09,2025-01-09,22450.0,PE,NIFTY2510922450PE,6.5,12.75,6.5,9.35,8.2,6.5,23644.8,9.35,43725,20850,2417,4071377955.0,1377,F1,75,,,,,
2024-12-31,2024-12-31,FO,NSE,IDO,48033,,NIFTY,,2025-01-09,2025-01-09,22300.0,CE,NIFTY2510922300CE,1360.0,1400.0,1360.0,1390.0,1390.0,2570.3,23644.8,1382.2,525,525,7,12433575.0,7,F1,75,,,,,
2024-12-31,2024-12-31,FO,NSE,IDO,54714,,NIFTY,,2025-01-23,2025-01-23,22300.0,PE,NIFTY2512322300PE,0.0,0.0,0.0,29.55,0.0,29.55,23644.8,9.75,0,0,0,0.0,0,F1,75,,,,,
2024-12-31,2024-12-31,FO,NSE,IDO,52482,,NIFTY,,2025-01-16,2025-01-16,22450.0,PE,NIFTY2511622450PE,0.0,0.0,0.0,12.55,0.0,12.55,23644.8,6.55,0,0,0,0.0,0,F1,75,,,,,
2024-12-31,2024-12-31,FO,NSE,IDO,52402,,NIFTY,,2025-01-02,2025-01-02,22300.0,PE,NIFTY2510222300PE,1.15,3.45,1.1,2.9,2.8,1.3,23644.8,2.9,7932150,5514375,351348,587702863470.0,98141,F1,75,,,,,
2024-12-31,2024-12-31,FO,NSE,IDO,55618,,NIFTY,,2025-02-27,2025-02-27,22450.0,PE,NIFTY25FEB22450PE,0.0,0.0,0.0,90.35,90.35,90.35,23644.8,74.95,4800,0,0,0.0,0,F1,75,,,,,
2024-12-31,2024-12-31,FO,NSE,IDO,54751,,NIFTY,,2025-01-23,2025-01-23,22450.0,PE,NIFTY2512322450PE,0.0,0.0,0.0,40.15,0.0,40.15,23644.8,15.95,0,0,0,0.0,0,F1,75,,,,,
2024-12-31,2024-12-31,FO,NSE,IDO,52469,,NIFTY,,2025-01-16,2025-01-16,22300.0,PE,NIFTY2511622300PE,14.8,20.5,14.7,16.55,15.7,12.15,23644.8,16.55,21750,8100,452,756541256.25,151,F1,75,,,,,
2024-12-31,2024-12-31,FO,NSE,IDO,52477,,NIFTY,,2025-01-16,2025-01-16,22450.0,CE,NIFTY2511622450CE,0.0,0.0,0.0,2267.65,0.0,2267.65,23644.8,1267.65,0,0,0,0.0,0,F1,75,,,,,
2024-12-31,2024-12-31,FO,NSE,IDO,43235,,NIFTY,,2025-01-30,2025-01-30,22300.0,CE,NIFTY25JAN22300CE,0.0,0.0,0.0,1720.0,1720.0,1720.0,23644.8,1486.3,475,0,0,0.0,0,F1,25,,,,,
2024-12-31,2024-12-31,FO,NSE,IDO,52401,,NIFTY,,2025-01-02,2025-01-02,22300.0,CE,NIFTY2510222300CE,1330.0,1370.0,1330.0,1370.0,1370.0,1501.0,23644.8,1353.05,525,-375,7,12418867.5,6,F1,75,,,,,
2024-12-31,2024-12-31,FO,NSE,IDO,55617,,NIFTY,,2025-02-27,2025-02-27,22450.0,CE,NIFTY25FEB22450CE,0.0,0.0,0.0,2029.3,0.0,2029.3,23644.8,1509.25,0,0,0,0.0,0,F1,75,,,,,
2024-12-31,2024-12-31,FO,NSE,IDO,43241,,NIFTY,,2025-01-30,2025-01-30,22450.0,CE,NIFTY25JAN22450CE,0.0,0.0,0.0,1500.0,1500.0,1500.0,23644.8,1346.25,350,0,0,0.0,0,F1,25,,,,,
2024-12-31,2024-12-31,FO,NSE,IDO,55657,,NIFTY,,2025-03-27,2025-03-27,24500.0,PE,NIFTY25MAR24500PE,880.0,935.2,791.4,822.9,823.0,807.5,23644.8,822.9,22800,5625,292,555484803.75,226,F1,75,,,,,
2024-12-31,2024-12-31,FO,NSE,IDO,46373,,NIFTY,,2025-01-30,2025-01-30,24500.0,PE,NIFTY25JAN24500PE,894.95,974.15,763.1,807.85,798.4,785.05,23644.8,807.85,1511025,234750,25246,15994145652.5,9197,F1,25,,,,,
2024-12-31,2024-12-31,FO,NSE,IDO,46958,,NIFTY,,2025-03-27,2025-03-27,22100.0,CE,NIFTY25MAR22100CE,0.0,0.0,0.0,2173.55,0.0,2173.55,23644.8,1965.35,0,0,0,0.0,0,F1,75,,,,,
2024-12-31,2024-12-31,FO,NSE,IDO,52422,,NIFTY,,2025-01-16,2025-01-16,22100.0,CE,NIFTY2511622100CE,0.0,0.0,0.0,2607.95,0.0,2607.95,23644.8,1611.4,0,0,0,0.0,0,F1,75,,,,,
2024-12-31,2024-12-31,FO,NSE,IDO,43220,,NIFTY,,2025-01-30,2025-01-30,22100.0,PE,NIFTY25JAN22100PE,31.95,38.55,28.95,30.35,30.2,26.5,23644.8,30.35,168125,5825,6068,3357571883.75,2216,F1,25,,,,,
2024-12-31,2024-12-31,FO,NSE,IDO,55036,,NIFTY,,2025-01-23,2025-01-23,24500.0,PE,NIFTY2512324500PE,0.0,0.0,0.0,695.55,0.0,695.55,23644.8,829.85,0,0,0,0.0,0,F1,75,,,,,
2024-12-31,2024-12-31,FO,NSE,IDO,48026,,NIFTY,,2025-01-09,2025-01-09,22100.0,PE,NIFTY2510922100PE,3.95,6.25,3.5,5.55,5.4,3.5,23644.8,5.55,58425,36750,3795,6291741465.0,2257,F1,75,,,,,
2024-12-31,2024-12-31,FO,NSE,IDO,52432,,NIFTY,,2025-01-16,2025-01-16,22100.0,PE,NIFTY2511622100PE,0.0,0.0,0.0,5.3,0.0,5.3,23644.8,1.35,0,0,0,0.0,0,F1,75,,,,,
2024-12-31,2024-12-31,FO,NSE,IDO,55656,,NIFTY,,2025-03-27,2025-03-27,24500.0,CE,NIFTY25MAR24500CE,397.65,456.95,367.95,434.3,437.7,439.95,23644.8,434.3,73575,27225,1208,2256700766.25,710,F1,75,,,,,
2024-12-31,2024-12-31,FO,NSE,IDO,57621,,NIFTY,,2025-02-27,2025-02-27,24500.0,CE,NIFTY25FEB24500CE,266.35,310.0,230.15,291.25,295.0,293.7,23644.8,291.25,350550,28050,3286,6103576020.0,2028,F1,75,,,,,
2024-12-31,2024-12-31,FO,NSE,IDO,48151,,NIFTY,,2025-01-09,2025-01-09,24500.0,PE,NIFTY2510924500PE,910.0,980.25,736.2,785.2,770.3,774.85,23644.8,785.2,152775,15000,489,930550222.5,252,F1,75,,,,,
2024-12-31,2024-12-31,FO,NSE,IDO,46627,,NIFTY,,2025-01-30,2025-01-30,26400.0,PE,NIFTY25JAN26400PE,0.0,0.0,0.0,2345.0,2345.0,2345.0,23644.8,2610.15,8425,0,0,0.0,0,F1,25,,,,,
2024-12-31,2024-12-31,FO,NSE,IDO,52908,,NIFTY,,2025-01-16,2025-01-16,26400.0,CE,NIFTY2511626400CE,3.65,3.65,3.0,3.1,3.1,2.95,23644.8,0.05,4500,225,23,45545280.0,8,F1,75,,,,,
2024-12-31,2024-12-31,FO,NSE,IDO,52684,,NIFTY,,2025-01-02,2025-01-02,26400.0,CE,NIFTY2510226400CE,0.9,1.15,0.7,0.8,0.75,0.9,23644.8,0.8,2053950,118275,31887,63138510326.25,8025,F1,75,,,,,
2024-12-31,2024-12-31,FO,NSE,IDO,36688,,NIFTY,,2025-12-24,2025-12-24,19500.0,CE,NIFTY25DEC19500CE,0.0,0.0,0.0,5350.0,5350.0,5350.0,23644.8,5422.05,1600,0,0,0.0,0,F1,75,,,,,
2024-12-31,2024-12-31,FO,NSE,IDO,48019,,NIFTY,,2025-01-09,2025-01-09,21950.0,CE,NIFTY2510921950CE,0.0,0.0,0.0,2913.9,0.0,2913.9,23644.8,1731.3,0,0,0,0.0,0,F1,75,,,,,
2024-12-31,2024-12-31,FO,NSE,IDO,46943,,NIFTY,,2025-03-27,2025-03-27,21950.0,PE,NIFTY25MAR21950PE,112.85,112.85,110.9,110.9,110.9,104.6,23644.8,57.3,3150,3150,42,69492562.5,7,F1,75,,,,,
2024-12-31,2024-12-31,FO,NSE,IDO,43238,,NIFTY,,2025-01-30,2025-01-30,22350.0,PE,NIFTY25JAN22350PE,50.3,59.35,44.3,45.3,45.55,41.25,23644.8,45.3,20225,5450,1935,1083579250.0,573,F1,25,,,,,
2024-12-31,2024-12-31,FO,NSE,IDO,52416,,NIFTY,,2025-01-16,2025-01-16,21950.0,PE,NIFTY2511621950PE,0.0,0.0,0.0,3.55,0.0,3.55,23644.8,0.6,0,0,0,0.0,0,F1,75,,,,,
2024-12-31,2024-12-31,FO,NSE,IDO,48035,,NIFTY,,2025-01-09,2025-01-09,22350.0,CE,NIFTY2510922350CE,0.0,0.0,0.0,2521.5,0.0,2521.5,23644.8,1332.45,0,0,0,0.0,0,F1,75,,,,,
2024-12-31,2024-12-31,FO,NSE,IDO,55614,,NIFTY,,2025-02-27,2025-02-27,22350.0,PE,NIFTY25FEB22350PE,0.0,0.0,0.0,99.0,99.0,99.0,23644.8,63.1,3600,0,0,0.0,0,F1,75,,,,,
2024-12-31,2024-12-31,FO,NSE,IDO,46989,,NIFTY,,2025-03-27,2025-03-27,22350.0,PE,NIFTY25MAR22350PE,0.0,0.0,0.0,121.5,121.5,121.5,23644.8,102.5,3750,0,0,0.0,0,F1,75,,,,,
2024-12-31,2024-12-31,FO,NSE,IDO,43213,,NIFTY,,2025-01-30,2025-01-30,21950.0,CE,NIFTY25JAN21950CE,0.0,0.0,0.0,2652.1,2652.15,2652.1,23644.8,1822.55,150,0,0,0.0,0,F1,25,,,,,
2024-12-31,2024-12-31,FO,NSE,IDO,52378,,NIFTY,,2025-01-02,2025-01-02,21950.0,PE,NIFTY2510221950PE,1.1,2.3,0.9,1.95,1.95,1.05,23644.8,1.95,710850,508050,60279,99242870452.5,24041,F1,75,,,,,
2024-12-31,2024-12-31,FO,NSE,IDO,54692,,NIFTY,,2025-01-23,2025-01-23,21950.0,CE,NIFTY2512321950CE,0.0,0.0,0.0,2168.35,0.0,2168.35,23644.8,1790.65,0,0,0,0.0,0,F1,75,,,,,
2024-12-31,2024-12-31,FO,NSE,IDO,52411,,NIFTY,,2025-01-16,2025-01-16,21950.0,CE,NIFTY2511621950CE,0.0,0.0,0.0,2755.15,0.0,2755.15,23644.8,1760.25,0,0,0,0.0,0,F1,75,,,,,
2024-12-31,2024-12-31,FO,NSE,IDO,46942,,NIFTY,,2025-03-27,2025-03-27,21950.0,CE,NIFTY25MAR21950CE,0.0,0.0,0.0,2301.2,0.0,2301.2,23644.8,2098.45,0,0,0,0.0,0,F1,75,,,,,
2024-12-31,2024-12-31,FO,NSE,IDO,52373,,NIFTY,,2025-01-02,2025-01-02,21950.0,CE,NIFTY2510221950CE,0.0,0.0,0.0,1641.9,0.0,1641.9,23644.8,1702.9,0,0,0,0.0,0,F1,75,,,,,
2024-12-31,2024-12-31,FO,NSE,IDO,52404,,NIFTY,,2025-01-02,2025-01-02,22350.0,PE,NIFTY2510222350PE,2.0,3.65,1.4,3.05,2.85,1.5,23644.8,3.05,6970050,6439875,270908,454171901490.0,84011,F1,75,,,,,
2024-12-31,2024-12-31,FO,NSE,IDO,55598,,NIFTY,,2025-02-27,2025-02-27,21950.0,PE,NIFTY25FEB21950PE,0.0,0.0,0.0,51.0,51.0,51.0,23644.8,29.8,225,0,0,0.0,0,F1,75,,,,,
2024-12-31,2024-12-31,FO,NSE,IDO,54716,,NIFTY,,2025-01-23,2025-01-23,22350.0,PE,NIFTY2512322350PE,0.0,0.0,0.0,32.8,0.0,32.8,23644.8,11.55,0,0,0,0.0,0,F1,75,,,,,
2024-12-31,2024-12-31,FO,NSE,IDO,43237,,NIFTY,,2025-01-30,2025-01-30,22350.0,CE,NIFTY25JAN22350CE,0.0,0.0,0.0,2275.6,2274.7,2275.6,23644.8,1439.3,100,0,0,0.0,0,F1,25,,,,,
2024-12-31,2024-12-31,FO,NSE,IDO,48036,,NIFTY,,2025-01-09,2025-01-09,22350.0,PE,NIFTY2510922350PE,6.25,10.25,6.2,7.85,7.75,5.0,23644.8,7.85,54900,10725,2164,3628705777.5,1197,F1,75,,,,,
2024-12-31,2024-12-31,FO,NSE,IDO,54715,,NIFTY,,2025-01-23,2025-01-23,22350.0,CE,NIFTY2512322350CE,0.0,0.0,0.0,1790.4,0.0,1790.4,23644.8,1401.2,0,0,0,0.0,0,F1,75,,,,,
2024-12-31,2024-12-31,FO,NSE,IDO,43214,,NIFTY,,2025-01-30,2025-01-30,21950.0,PE,NIFTY25JAN21950PE,24.5,30.15,23.15,23.95,23.75,21.3,23644.8,23.95,21875,-2825,1440,791176810.0,542,F1,25,,,,,
2024-12-31,2024-12-31,FO,NSE,IDO,55613,,NIFTY,,2025-02-27,2025-02-27,22350.0,CE,NIFTY25FEB22350CE,0.0,0.0,0.0,2111.35,0.0,2111.35,23644.8,1596.35,0,0,0,0.0,0,F1,75,,,,,
2024-12-31,2024-12-31,FO,NSE,IDO,52403,,NIFTY,,2025-01-02,2025-01-02,22350.0,CE,NIFTY2510222350CE,0.0,0.0,0.0,1300.35,0.0,1300.35,23644.8,1303.05,0,0,0,0.0,0,F1,75,,,,,
2024-12-31,2024-12-31,FO,NSE,IDO,52474,,NIFTY,,2025-01-16,2025-01-16,22350.0,PE,NIFTY2511622350PE,0.0,0.0,0.0,9.9,0.0,9.9,23644.8,4.25,0,0,0,0.0,0,F1,75,,,,,
2024-12-31,2024-12-31,FO,NSE,IDO,56880,,NIFTY,,2025-03-27,2025-03-27,25400.0,CE,NIFTY25MAR25400CE,163.7,178.95,144.15,167.35,169.1,205.0,23644.8,167.35,4650,4425,150,287491031.25,61,F1,75,,,,,
2024-12-31,2024-12-31,FO,NSE,IDO,52722,,NIFTY,,2025-01-16,2025-01-16,24300.0,CE,NIFTY2511624300CE,58.55,92.45,51.0,82.15,84.7,79.95,23644.8,82.15,53325,6300,1627,2973386358.75,944,F1,75,,,,,
2024-12-31,2024-12-31,FO,NSE,IDO,48142,,NIFTY,,2025-01-09,2025-01-09,24350.0,PE,NIFTY2510924350PE,0.0,0.0,0.0,638.6,630.85,638.6,23644.8,687.6,1875,0,0,0.0,0,F1,75,,,,,
2024-12-31,2024-12-31,FO,NSE,IDO,55199,,NIFTY,,2025-03-27,2025-03-27,24350.0,CE,NIFTY25MAR24350CE,0.0,0.0,0.0,694.65,0.0,694.65,23644.8,475.65,0,0,0,0.0,0,F1,75,,,,,
2024-12-31,2024-12-31,FO,NSE,IDO,55200,,NIFTY,,2025-03-27,2025-03-27,24350.0,PE,NIFTY25MAR24350PE,0.0,0.0,0.0,854.7,0.0,854.7,23644.8,796.65,0,0,0,0.0,0,F1,75,,,,,
2024-12-31,2024-12-31,FO,NSE,IDO,52565,,NIFTY,,2025-01-02,2025-01-02,24350.0,PE,NIFTY2510224350PE,770.15,835.0,609.45,659.8,659.8,647.65,23644.8,659.8,17250,-525,140,263105606.25,84,F1,75,,,,,
2024-12-31,2024-12-31,FO,NSE,IDO,52724,,NIFTY,,2025-01-16,2025-01-16,24350.0,CE,NIFTY2511624350CE,55.0,78.9,46.4,71.85,72.55,69.0,23644.8,71.85,18675,-3075,482,882549472.5,295,F1,75,,,,,
2024-12-31,2024-12-31,FO,NSE,IDO,55030,,NIFTY,,2025-01-23,2025-01-23,24350.0,PE,NIFTY2512324350PE,0.0,0.0,0.0,604.95,0.0,604.95,23644.8,710.15,0,0,0,0.0,0,F1,75,,,,,
2024-12-31,2024-12-31,FO,NSE,IDO,46364,,NIFTY,,2025-01-30,2025-01-30,24350.0,CE,NIFTY25JAN24350CE,125.9,171.05,110.8,160.0,163.8,155.95,23644.8,160.0,63725,14900,5196,3180978441.25,1982,F1,25,,,,,
2024-12-31,2024-12-31,FO,NSE,IDO,52564,,NIFTY,,2025-01-02,2025-01-02,24350.0,CE,NIFTY2510224350CE,3.0,3.7,2.0,2.8,2.6,4.0,23644.8,2.8,2846100,649500,580261,1059829034520.0,127006,F1,75,,,,,
2024-12-31,2024-12-31,FO,NSE,IDO,48141,,NIFTY,,2025-01-09,2025-01-09,24350.0,CE,NIFTY2510924350CE,20.05,34.55,17.8,29.25,31.95,29.65,23644.8,29.25,151650,900,14716,26901724226.25,7985,F1,75,,,,,
2024-12-31,2024-12-31,FO,NSE,IDO,54780,,NIFTY,,2025-01-23,2025-01-23,23100.0,CE,NIFTY2512323100CE,0.0,0.0,0.0,1140.2,0.0,1140.2,23644.8,735.9,0,0,0,0.0,0,F1,75,,,,,
2024-12-31,2024-12-31,FO,NSE,IDO,43286,,NIFTY,,2025-01-30,2025-01-30,23100.0,PE,NIFTY25JAN23100PE,155.1,194.25,135.75,144.0,140.1,135.75,23644.8,144.0,392700,-61725,16274,9465281127.5,6027,F1,25,,,,,
2024-12-31,2024-12-31,FO,NSE,IDO,46613,,NIFTY,,2025-01-30,2025-01-30,26300.0,CE,NIFTY25JAN26300CE,5.55,6.9,5.55,6.3,6.2,6.25,23644.8,6.3,100325,-900,4358,2866060862.5,1394,F1,25,,,,,
2024-12-31,2024-12-31,FO,NSE,IDO,46614,,NIFTY,,2025-01-30,2025-01-30,26300.0,PE,NIFTY25JAN26300PE,2540.05,2595.8,2540.05,2595.8,2595.8,2379.95,23644.8,2511.1,12075,75,6,4331293.75,3,F1,25,,,,,
2024-12-31,2024-12-31,FO,NSE,IDO,57629,,NIFTY,,2025-02-27,2025-02-27,24700.0,CE,NIFTY25FEB24700CE,195.0,240.3,181.1,226.15,230.1,227.9,23644.8,226.15,43050,8850,547,1021618151.25,289,F1,75,,,,,
2024-12-31,2024-12-31,FO,NSE,IDO,56543,,NIFTY,,2025-03-27,2025-03-27,24700.0,PE,NIFTY25MAR24700PE,0.0,0.0,0.0,1055.3,0.0,1055.3,23644.8,1015.6,0,0,0,0.0,0,F1,75,,,,,
2024-12-31,2024-12-31,FO,NSE,IDO,56542,,NIFTY,,2025-03-27,2025-03-27,24700.0,CE,NIFTY25MAR24700CE,352.4,362.3,304.95,361.15,362.3,352.4,23644.8,361.15,9975,6525,174,326467792.5,54,F1,75,,,,,
2024-12-31,2024-12-31,FO,NSE,IDO,48161,,NIFTY,,2025-01-09,2025-01-09,24700.0,CE,NIFTY2510924700CE,7.6,8.2,4.45,6.5,6.7,8.2,23644.8,6.5,452250,24000,24136,44723593518.75,11892,F1,75,,,,,
2024-12-31,2024-12-31,FO,NSE,IDO,52473,,NIFTY,,2025-01-02,2025-01-02,23400.0,CE,NIFTY2510223400CE,270.0,384.35,176.7,333.05,345.0,332.9,23644.8,333.05,558750,434625,217074,385129116521.25,139086,F1,75,,,,,
2024-12-31,2024-12-31,FO,NSE,IDO,55655,,NIFTY,,2025-02-27,2025-02-27,23400.0,CE,NIFTY25FEB23400CE,780.8,861.8,749.15,856.0,856.0,937.0,23644.8,788.35,2475,1875,71,128905065.0,52,F1,75,,,,,
2024-12-31,2024-12-31,FO,NSE,IDO,52717,,NIFTY,,2025-01-16,2025-01-16,24250.0,CE,NIFTY2511624250CE,76.3,105.0,59.8,93.6,95.0,91.8,23644.8,93.6,9675,825,423,771706616.25,321,F1,75,,,,,
2024-12-31,2024-12-31,FO,NSE,IDO,48137,,NIFTY,,2025-01-09,2025-01-09,24250.0,CE,NIFTY2510924250CE,34.0,52.85,25.1,44.5,45.85,43.85,23644.8,44.5,588975,399300,26730,48687695321.25,12739,F1,75,,,,,
2024-12-31,2024-12-31,FO,NSE,IDO,57612,,NIFTY,,2025-02-27,2025-02-27,24250.0,PE,NIFTY25FEB24250PE,750.0,750.0,750.0,750.0,750.0,562.0,23644.8,703.75,9075,0,2,3750000.0,1,F1,75,,,,,
2024-12-31,2024-12-31,FO,NSE,IDO,55020,,NIFTY,,2025-01-23,2025-01-23,24250.0,PE,NIFTY2512324250PE,0.0,0.0,0.0,548.45,0.0,548.45,23644.8,634.75,0,0,0,0.0,0,F1,75,,,,,
2024-12-31,2024-12-31,FO,NSE,IDO,55103,,NIFTY,,2025-03-27,2025-03-27,24250.0,PE,NIFTY25MAR24250PE,0.0,0.0,0.0,801.8,0.0,801.8,23644.8,739.35,0,0,0,0.0,0,F1,75,,,,,
2024-12-31,2024-12-31,FO,NSE,IDO,86153,,NIFTY,,2028-06-29,2028-06-29,25000.0,CE,NIFTY28JUN25000CE,0.0,0.0,0.0,3545.15,0.0,3545.15,23644.8,4659.4,0,0,0,0.0,0,F1,75,,,,,
2024-12-31,2024-12-31,FO,NSE,IDO,61772,,NIFTY,,2029-12-27,2029-12-27,25000.0,CE,NIFTY29DEC25000CE,0.0,0.0,0.0,7196.25,0.0,7196.25,23644.8,6380.35,0,0,0,0.0,0,F1,75,,,,,
2024-12-31,2024-12-31,FO,NSE,IDO,64571,,NIFTY,,2025-03-27,2025-03-27,25000.0,PE,NIFTY25MAR25000PE,1185.0,1282.65,1089.7,1130.9,1113.85,1116.05,23644.8,1130.9,703400,1425,1376,2701496118.75,970,F1,75,,,,,
2024-12-31,2024-12-31,FO,NSE,IDO,48210,,NIFTY,,2025-01-09,2025-01-09,25800.0,PE,NIFTY2510925800PE,0.0,0.0,0.0,1090.0,0.0,1090.0,23644.8,2112.3,0,0,0,0.0,0,F1,75,,,,,
2024-12-31,2024-12-31,FO,NSE,IDO,57644,,NIFTY,,2025-02-27,2025-02-27,25000.0,PE,NIFTY25FEB25000PE,1224.75,1346.95,1135.0,1175.2,1178.25,1166.85,23644.8,1175.2,246075,-5025,275,541227082.5,178,F1,75,,,,,
2024-12-31,2024-12-31,FO,NSE,IDO,52849,,NIFTY,,2025-01-16,2025-01-16,25000.0,PE,NIFTY2511625000PE,0.0,0.0,0.0,1200.0,1200.0,1200.0,23644.8,1289.65,75,0,0,0.0,0,F1,75,,,,,
2024-12-31,2024-12-31,FO,NSE,IDO,48209,,NIFTY,,2025-01-09,2025-01-09,25800.0,CE,NIFTY2510925800CE,2.1,2.35,2.0,2.2,2.2,2.2,23644.8,2.2,71400,3975,945,1828728787.5,369,F1,75,,,,,
2024-12-31,2024-12-31,FO,NSE,IDO,52848,,NIFTY,,2025-01-16,2025-01-16,25000.0,CE,NIFTY2511625000CE,11.85,12.5,7.8,9.45,9.45,10.95,23644.8,9.45,409275,113250,8691,16301530665.0,3831,F1,75,,,,,
2024-12-31,2024-12-31,FO,NSE,IDO,52645,,NIFTY,,2025-01-02,2025-01-02,25800.0,CE,NIFTY2510225800CE,0.9,1.3,0.8,1.0,0.95,0.95,23644.8,1.0,1841700,241050,64935,125654426553.75,10780,F1,75,,,,,
2024-12-31,2024-12-31,FO,NSE,IDO,71563,,NIFTY,,2027-06-24,2027-06-24,25000.0,PE,NIFTY27JUN25000PE,0.0,0.0,0.0,5619.05,0.0,5619.05,23644.8,903.45,0,0,0,0.0,0,F1,75,,,,,
2024-12-31,2024-12-31,FO,NSE,IDO,52884,,NIFTY,,2025-01-16,2025-01-16,25800.0,PE,NIFTY2511625800PE,0.0,0.0,0.0,1210.55,0.0,1210.55,23644.8,2079.25,0,0,0,0.0,0,F1,75,,,,,
2024-12-31,2024-12-31,FO,NSE,IDO,71395,,NIFTY,,2025-12-24,2025-12-24,25000.0,CE,NIFTY25DEC25000CE,1326.0,1415.95,1300.1,1383.6,1383.6,1388.5,23644.8,1383.6,109775,1475,198,391218240.0,180,F1,75,,,,,
2024-12-31,2024-12-31,FO,NSE,IDO,64570,,NIFTY,,2025-03-27,2025-03-27,25000.0,CE,NIFTY25MAR25000CE,242.35,279.2,222.3,265.85,266.85,270.45,23644.8,265.85,1101375,40650,4017,7606853010.0,2398,F1,75,,,,,
2024-12-31,2024-12-31,FO,NSE,IDO,46518,,NIFTY,,2025-01-30,2025-01-30,25800.0,PE,NIFTY25JAN25800PE,2084.7,2170.0,1925.0,1925.0,1925.0,1971.5,23644.8,2018.5,47225,50,12,8367790.0,4,F1,25,,,,,
2024-12-31,2024-12-31,FO,NSE,IDO,53627,,NIFTY,,2027-12-30,2027-12-30,25000.0,PE,NIFTY27DEC25000PE,0.0,0.0,0.0,2948.45,0.0,2948.45,23644.8,827.75,0,0,0,0.0,0,F1,75,,,,,
2024-12-31,2024-12-31,FO,NSE,IDO,55068,,NIFTY,,2025-01-23,2025-01-23,25000.0,PE,NIFTY2512325000PE,0.0,0.0,0.0,1045.1,0.0,1045.1,23644.8,1272.3,0,0,0,0.0,0,F1,75,,,,,
2024-12-31,2024-12-31,FO,NSE,IDO,53626,,NIFTY,,2027-12-30,2027-12-30,25000.0,CE,NIFTY27DEC25000CE,0.0,0.0,0.0,3458.35,0.0,3458.35,23644.8,4051.65,0,0,0,0.0,0,F1,75,,,,,
2024-12-31,2024-12-31,FO,NSE,IDO,61773,,NIFTY,,2029-12-27,2029-12-27,25000.0,PE,NIFTY29DEC25000PE,0.0,0.0,0.0,785.3,0.0,785.3,23644.8,584.25,0,0,0,0.0,0,F1,75,,,,,
2024-12-31,2024-12-31,FO,NSE,IDO,54989,,NIFTY,,2025-01-23,2025-01-23,23700.0,CE,NIFTY2512323700CE,321.75,407.65,280.1,384.1,384.75,391.9,23644.8,384.1,6750,1200,96,173154975.0,72,F1,75,,,,,
2024-12-31,2024-12-31,FO,NSE,IDO,54990,,NIFTY,,2025-01-23,2025-01-23,23700.0,PE,NIFTY2512323700PE,358.85,404.05,283.75,299.8,297.7,287.9,23644.8,299.8,13725,750,89,160433580.0,72,F1,75,,,,,
2024-12-31,2024-12-31,FO,NSE,IDO,52629,,NIFTY,,2025-01-16,2025-01-16,23700.0,CE,NIFTY2511623700CE,246.95,346.9,211.1,315.1,321.55,312.0,23644.8,315.1,148200,81525,3277,5891603973.75,2317,F1,75,,,,,
2024-12-31,2024-12-31,FO,NSE,IDO,51477,,NIFTY,,2025-03-27,2025-03-27,23700.0,CE,NIFTY25MAR23700CE,780.0,852.75,750.0,833.3,833.3,877.05,23644.8,787.15,2100,1725,44,80923983.75,31,F1,75,,,,,
2024-12-31,2024-12-31,FO,NSE,IDO,48103,,NIFTY,,2025-01-09,2025-01-09,23700.0,PE,NIFTY2510923700PE,266.25,330.0,192.15,211.65,205.45,200.15,23644.8,211.65,916125,535725,46752,83950038187.5,25309,F1,75,,,,,
2024-12-31,2024-12-31,FO,NSE,IDO,46274,,NIFTY,,2025-01-30,2025-01-30,23700.0,PE,NIFTY25JAN23700PE,400.0,432.9,310.0,329.85,320.6,323.1,23644.8,329.85,1354925,249975,78996,47523858801.25,29973,F1,25,,,,,
2024-12-31,2024-12-31,FO,NSE,IDO,51478,,NIFTY,,2025-03-27,2025-03-27,23700.0,PE,NIFTY25MAR23700PE,490.4,514.95,442.5,457.95,457.0,446.0,23644.8,457.95,6375,1950,83,150542220.0,52,F1,75,,,,,
2024-12-31,2024-12-31,FO,NSE,IDO,52642,,NIFTY,,2025-01-16,2025-01-16,23700.0,PE,NIFTY2511623700PE,313.65,370.85,241.3,262.5,256.55,251.75,23644.8,262.5,141750,79950,2961,5329915432.5,2067,F1,75,,,,,
2024-12-31,2024-12-31,FO,NSE,IDO,46519,,NIFTY,,2025-01-30,2025-01-30,25850.0,CE,NIFTY25JAN25850CE,8.45,8.9,7.9,8.75,8.7,8.45,23644.8,8.75,13650,-2650,650,420199477.5,174,F1,25,,,,,
2024-12-31,2024-12-31,FO,NSE,IDO,52647,,NIFTY,,2025-01-02,2025-01-02,25850.0,CE,NIFTY2510225850CE,1.0,1.3,0.85,1.0,0.85,0.9,23644.8,1.0,300300,151575,9021,17490199492.5,3227,F1,75,,,,,
2024-12-31,2024-12-31,FO,NSE,IDO,57677,,NIFTY,,2025-02-27,2025-02-27,25850.0,CE,NIFTY25FEB25850CE,35.0,41.0,32.2,40.1,40.1,45.3,23644.8,40.1,3975,1950,44,85429811.25,29,F1,75,,,,,
2024-12-31,2024-12-31,FO,NSE,IDO,48211,,NIFTY,,2025-01-09,2025-01-09,25850.0,CE,NIFTY2510925850CE,2.0,2.3,1.9,2.2,2.2,2.15,23644.8,2.2,10875,450,125,242363962.5,60,F1,75,,,,,
2024-12-31,2024-12-31,FO,NSE,IDO,52886,,NIFTY,,2025-01-16,2025-01-16,25850.0,PE,NIFTY2511625850PE,0.0,0.0,0.0,1251.0,0.0,1251.0,23644.8,2129.05,0,0,0,0.0,0,F1,75,,,,,
2024-12-31,2024-12-31,FO,NSE,IDO,52885,,NIFTY,,2025-01-16,2025-01-16,25850.0,CE,NIFTY2511625850CE,0.0,0.0,0.0,80.4,80.4,80.4,23644.8,0.25,225,0,0,0.0,0,F1,75,,,,,
2024-12-31,2024-12-31,FO,NSE,IDO,46535,,NIFTY,,2025-01-30,2025-01-30,25850.0,PE,NIFTY25JAN25850PE,0.0,0.0,0.0,1306.15,1306.15,1306.15,23644.8,2067.45,50,0,0,0.0,0,F1,25,,,,,
2024-12-31,2024-12-31,FO,NSE,IDO,57678,,NIFTY,,2025-02-27,2025-02-27,25850.0,PE,NIFTY25FEB25850PE,0.0,0.0,0.0,1227.6,1227.6,1227.6,23644.8,1972.35,75,0,0,0.0,0,F1,75,,,,,
2024-12-31,2024-12-31,FO,NSE,IDO,48213,,NIFTY,,2025-01-09,2025-01-09,25850.0,PE,NIFTY2510925850PE,0.0,0.0,0.0,1128.55,0.0,1128.55,23644.8,2162.2,0,0,0,0.0,0,F1,75,,,,,
2024-12-31,2024-12-31,FO,NSE,IDO,52648,,NIFTY,,2025-01-02,2025-01-02,25850.0,PE,NIFTY2510225850PE,0.0,0.0,0.0,2027.0,2031.9,2027.0,23644.8,2195.65,375,0,0,0.0,0,F1,75,,,,,
2024-12-31,2024-12-31,FO,NSE,IDO,57672,,NIFTY,,2025-02-27,2025-02-27,25700.0,PE,NIFTY25FEB25700PE,0.0,0.0,0.0,1097.9,1097.9,1097.9,23644.8,1835.3,75,0,0,0.0,0,F1,75,,,,,
2024-12-31,2024-12-31,FO,NSE,IDO,46496,,NIFTY,,2025-01-30,2025-01-30,25700.0,CE,NIFTY25JAN25700CE,9.85,10.9,8.05,9.7,9.55,9.85,23644.8,9.7,207075,11800,13466,8655048335.0,4683,F1,25,,,,,
2024-12-31,2024-12-31,FO,NSE,IDO,57671,,NIFTY,,2025-02-27,2025-02-27,25700.0,CE,NIFTY25FEB25700CE,47.0,52.35,41.35,51.0,51.2,50.0,23644.8,51.0,10200,-5100,266,513613503.75,101,F1,75,,,,,
2024-12-31,2024-12-31,FO,NSE,IDO,52879,,NIFTY,,2025-01-16,2025-01-16,25700.0,PE,NIFTY2511625700PE,0.0,0.0,0.0,1131.25,0.0,1131.25,23644.8,1979.75,0,0,0,0.0,0,F1,75,,,,,
2024-12-31,2024-12-31,FO,NSE,IDO,52639,,NIFTY,,2025-01-02,2025-01-02,25700.0,CE,NIFTY2510225700CE,0.75,1.3,0.75,1.0,0.85,0.95,23644.8,1.0,524250,147750,21201,40866700477.5,5972,F1,75,,,,,
2024-12-31,2024-12-31,FO,NSE,IDO,55109,,NIFTY,,2025-01-23,2025-01-23,25700.0,CE,NIFTY2512325700CE,6.35,7.0,5.35,5.55,5.55,6.4,23644.8,5.55,6675,2700,70,134956773.75,37,F1,75,,,,,
2024-12-31,2024-12-31,FO,NSE,IDO,46504,,NIFTY,,2025-01-30,2025-01-30,25700.0,PE,NIFTY25JAN25700PE,1965.5,2006.95,1933.4,1933.4,1933.4,1865.55,23644.8,1920.95,24650,150,6,4153166.25,4,F1,25,,,,,
2024-12-31,2024-12-31,FO,NSE,IDO,52878,,NIFTY,,2025-01-16,2025-01-16,25700.0,CE,NIFTY2511625700CE,4.0,4.0,3.55,3.95,3.95,111.0,23644.8,3.95,3150,3075,44,84822337.5,14,F1,75,,,,,
2024-12-31,2024-12-31,FO,NSE,IDO,48205,,NIFTY,,2025-01-09,2025-01-09,25700.0,CE,NIFTY2510925700CE,2.0,2.4,2.0,2.3,2.3,2.2,23644.8,2.3,9975,3600,129,248669745.0,66,F1,75,,,,,
2024-12-31,2024-12-31,FO,NSE,IDO,52640,,NIFTY,,2025-01-02,2025-01-02,25700.0,PE,NIFTY2510225700PE,2085.0,2095.0,2017.0,2017.0,2017.0,1969.65,23644.8,2045.7,7125,-900,12,25005648.75,7,F1,75,,,,,
2024-12-31,2024-12-31,FO,NSE,IDO,55110,,NIFTY,,2025-01-23,2025-01-23,25700.0,PE,NIFTY2512325700PE,0.0,0.0,0.0,1630.3,0.0,1630.3,23644.8,1948.9,0,0,0,0.0,0,F1,75,,,,,
2024-12-31,2024-12-31,FO,NSE,IDO,52655,,NIFTY,,2025-01-02,2025-01-02,26050.0,CE,NIFTY2510226050CE,0.95,1.25,0.8,0.9,0.8,0.95,23644.8,0.9,487650,149025,12700,24813588791.25,3161,F1,75,,,,,
2024-12-31,2024-12-31,FO,NSE,IDO,67777,,NIFTY,,2028-12-28,2028-12-28,21000.0,PE,NIFTY28DEC21000PE,0.0,0.0,0.0,500.0,500.0,500.0,23644.8,176.55,1000,0,0,0.0,0,F1,75,,,,,
2024-12-31,2024-12-31,FO,NSE,IDO,71554,,NIFTY,,2027-06-24,2027-06-24,21000.0,PE,NIFTY27JUN21000PE,0.0,0.0,0.0,500.0,500.0,500.0,23644.8,180.2,200,0,0,0.0,0,F1,75,,,,,
2024-12-31,2024-12-31,FO,NSE,IDO,64561,,NIFTY,,2025-03-27,2025-03-27,21000.0,PE,NIFTY25MAR21000PE,39.0,44.45,36.25,38.45,36.25,36.05,23644.8,38.45,454250,26725,1276,2013499597.5,616,F1,75,,,,,
2024-12-31,2024-12-31,FO,NSE,IDO,48221,,NIFTY,,2025-01-09,2025-01-09,26050.0,CE,NIFTY2510926050CE,1.7,2.0,1.7,1.9,2.0,2.05,23644.8,1.9,5550,-150,6,11723355.0,5,F1,75,,,,,
2024-12-31,2024-12-31,FO,NSE,IDO,48220,,NIFTY,,2025-01-09,2025-01-09,26000.0,PE,NIFTY2510926000PE,2363.2,2470.0,2261.65,2262.75,2261.65,2179.8,23644.8,2262.75,18300,16200,225,478353386.25,180,F1,75,,,,,
2024-12-31,2024-12-31,FO,NSE,IDO,46565,,NIFTY,,2025-01-30,2025-01-30,26000.0,PE,NIFTY25JAN26000PE,2290.0,2381.35,2123.7,2172.3,2159.45,2159.65,23644.8,2172.3,982900,-11500,6088,4299984660.0,2332,F1,25,,,,,
2024-12-31,2024-12-31,FO,NSE,IDO,48136,,NIFTY,,2025-01-09,2025-01-09,24200.0,PE,NIFTY2510924200PE,624.15,698.0,482.3,524.4,515.0,507.15,23644.8,524.4,118650,23550,985,1830126858.75,544,F1,75,,,,,
2024-12-31,2024-12-31,FO,NSE,IDO,57610,,NIFTY,,2025-02-27,2025-02-27,24200.0,PE,NIFTY25FEB24200PE,714.05,764.0,625.65,644.15,644.15,633.2,23644.8,644.15,85650,-2250,100,186807037.5,75,F1,75,,,,,
2024-12-31,2024-12-31,FO,NSE,IDO,57609,,NIFTY,,2025-02-27,2025-02-27,24200.0,CE,NIFTY25FEB24200CE,361.45,433.5,329.05,412.0,415.0,409.0,23644.8,412.0,78450,3000,391,720852457.5,226,F1,75,,,,,
2024-12-31,2024-12-31,FO,NSE,IDO,55014,,NIFTY,,2025-01-23,2025-01-23,24200.0,PE,NIFTY2512324200PE,0.0,0.0,0.0,521.45,0.0,521.45,23644.8,598.55,0,0,0,0.0,0,F1,75,,,,,
2024-12-31,2024-12-31,FO,NSE,IDO,46359,,NIFTY,,2025-01-30,2025-01-30,24200.0,PE,NIFTY25JAN24200PE,640.6,744.55,561.8,592.95,582.1,583.75,23644.8,592.95,785450,-2725,8421,5227599122.5,4208,F1,25,,,,,
2024-12-31,2024-12-31,FO,NSE,IDO,55651,,NIFTY,,2025-02-27,2025-02-27,23300.0,CE,NIFTY25FEB23300CE,845.8,955.0,820.0,915.0,915.0,936.05,23644.8,915.0,2250,600,37,67045170.0,27,F1,75,,,,,
2024-12-31,2024-12-31,FO,NSE,IDO,52570,,NIFTY,,2025-01-16,2025-01-16,23300.0,PE,NIFTY2511623300PE,150.0,188.75,120.45,128.35,127.1,115.1,23644.8,128.35,35850,11250,990,1741341191.25,688,F1,75,,,,,
2024-12-31,2024-12-31,FO,NSE,IDO,48087,,NIFTY,,2025-01-09,2025-01-09,23300.0,PE,NIFTY2510923300PE,101.3,137.8,74.9,83.2,80.5,71.9,23644.8,83.2,626850,104025,47258,82939126841.25,23274,F1,75,,,,,
2024-12-31,2024-12-31,FO,NSE,IDO,64584,,NIFTY,,2025-03-27,2025-03-27,30000.0,CE,NIFTY25MAR30000CE,10.1,10.85,9.35,10.55,10.45,9.9,23644.8,10.55,254875,15300,543,1222173108.75,242,F1,75,,,,,
2024-12-31,2024-12-31,FO,NSE,IDO,52465,,NIFTY,,2025-01-02,2025-01-02,23300.0,PE,NIFTY2510223300PE,30.05,63.0,22.6,25.45,23.0,22.85,23644.8,25.45,3750825,940650,1101467,1927920396356.25,523390,F1,75,,,,,
2024-12-31,2024-12-31,FO,NSE,IDO,45675,,NIFTY,,2025-01-30,2025-01-30,23300.0,PE,NIFTY25JAN23300PE,216.85,257.25,181.15,192.15,189.9,182.6,23644.8,192.15,872325,7875,25869,15209493615.0,10432,F1,25,,,,,
2024-12-31,2024-12-31,FO,NSE,IDO,51118,,NIFTY,,2025-03-27,2025-03-27,23300.0,CE,NIFTY25MAR23300CE,0.0,0.0,0.0,1269.4,0.0,1269.4,23644.8,1030.8,0,0,0,0.0,0,F1,75,,,,,
2024-12-31,2024-12-31,FO,NSE,IDO,52464,,NIFTY,,2025-01-02,2025-01-02,23300.0,CE,NIFTY2510223300CE,329.35,472.05,241.75,416.8,428.85,421.25,23644.8,416.8,115875,41100,52881,93724576305.0,34199,F1,75,,,,,
2024-12-31,2024-12-31,FO,NSE,IDO,48085,,NIFTY,,2025-01-09,2025-01-09,23300.0,CE,NIFTY2510923300CE,404.45,550.75,350.9,506.3,511.9,501.5,23644.8,506.3,35700,19275,1743,3102867795.0,1137,F1,75,,,,,
2024-12-31,2024-12-31,FO,NSE,IDO,64591,,NIFTY,,2025-03-27,2025-03-27,30000.0,PE,NIFTY25MAR30000PE,5748.65,5816.25,5693.5,5711.55,5711.55,5748.65,23644.8,5882.0,32575,150,23,61653566.25,23,F1,75,,,,,
2024-12-31,2024-12-31,FO,NSE,IDO,35221,,NIFTY,,2025-12-24,2025-12-24,30000.0,CE,NIFTY25DEC30000CE,148.1,155.05,128.9,148.7,148.5,155.0,23644.8,148.7,33400,-75,515,1164141828.75,369,F1,75,,,,,
2024-12-31,2024-12-31,FO,NSE,IDO,44236,,NIFTY,,2025-01-30,2025-01-30,23300.0,CE,NIFTY25JAN23300CE,614.35,740.45,558.0,701.15,714.75,698.05,23644.8,701.15,131300,17525,6772,4051219912.5,3497,F1,25,,,,,
2024-12-31,2024-12-31,FO,NSE,IDO,35222,,NIFTY,,2025-12-24,2025-12-24,30000.0,PE,NIFTY25DEC30000PE,0.0,0.0,0.0,4227.0,4227.0,4227.0,23644.8,4595.7,450,0,0,0.0,0,F1,75,,,,,
2024-12-31,2024-12-31,FO,NSE,IDO,54937,,NIFTY,,2025-01-23,2025-01-23,23300.0,CE,NIFTY2512323300CE,571.45,656.85,571.45,656.8,656.8,986.7,23644.8,587.1,225,225,8,14350965.0,8,F1,75,,,,,
2024-12-31,2024-12-31,FO,NSE,IDO,54938,,NIFTY,,2025-01-23,2025-01-23,23300.0,PE,NIFTY2512323300PE,187.0,206.7,156.2,162.4,165.05,158.45,23644.8,162.4,3450,750,49,86287912.5,34,F1,75,,,,,
2024-12-31,2024-12-31,FO,NSE,IDO,43262,,NIFTY,,2025-01-30,2025-01-30,22850.0,PE,NIFTY25JAN22850PE,110.0,131.2,93.6,98.45,98.3,91.95,23644.8,98.45,56850,22100,4239,2433011838.75,1353,F1,25,,,,,
2024-12-31,2024-12-31,FO,NSE,IDO,52445,,NIFTY,,2025-01-02,2025-01-02,22850.0,CE,NIFTY2510222850CE,751.95,886.35,727.85,816.4,816.4,799.15,23644.8,803.25,825,525,49,86914642.5,30,F1,75,,,,,
2024-12-31,2024-12-31,FO,NSE,IDO,52905,,NIFTY,,2025-01-16,2025-01-16,26300.0,PE,NIFTY2511626300PE,0.0,0.0,0.0,1635.25,0.0,1635.25,23644.8,2577.5,0,0,0,0.0,0,F1,75,,,,,
2024-12-31,2024-12-31,FO,NSE,IDO,56868,,NIFTY,,2025-03-27,2025-03-27,25100.0,CE,NIFTY25MAR25100CE,229.0,251.5,229.0,239.25,237.95,300.0,23644.8,239.25,1875,1725,29,55112025.0,19,F1,75,,,,,
2024-12-31,2024-12-31,FO,NSE,IDO,51473,,NIFTY,,2025-03-27,2025-03-27,23600.0,CE,NIFTY25MAR23600CE,0.0,0.0,0.0,1082.9,0.0,1082.9,23644.8,844.4,0,0,0,0.0,0,F1,75,,,,,
2024-12-31,2024-12-31,FO,NSE,IDO,57586,,NIFTY,,2025-02-27,2025-02-27,23600.0,PE,NIFTY25FEB23600PE,390.0,457.0,365.5,381.8,380.45,373.2,23644.8,381.8,63075,5100,514,925530738.75,373,F1,75,,,,,
2024-12-31,2024-12-31,FO,NSE,IDO,52624,,NIFTY,,2025-01-16,2025-01-16,23600.0,PE,NIFTY2511623600PE,262.25,320.15,205.0,220.65,212.8,210.6,23644.8,220.65,176325,153675,5363,9599368642.5,3391,F1,75,,,,,
2024-12-31,2024-12-31,FO,NSE,IDO,46269,,NIFTY,,2025-01-30,2025-01-30,23600.0,CE,NIFTY25JAN23600CE,499.65,534.15,384.0,500.5,508.0,501.4,23644.8,500.5,562950,337900,62726,37727718172.5,23956,F1,25,,,,,
2024-12-31,2024-12-31,FO,NSE,IDO,51474,,NIFTY,,2025-03-27,2025-03-27,23600.0,PE,NIFTY25MAR23600PE,454.8,454.8,425.0,427.8,425.0,436.6,23644.8,427.8,600,525,10,18026658.75,7,F1,75,,,,,
2024-12-31,2024-12-31,FO,NSE,IDO,48099,,NIFTY,,2025-01-09,2025-01-09,23600.0,PE,NIFTY2510923600PE,220.0,271.4,154.9,171.05,163.95,159.0,23644.8,171.05,837450,443025,73513,131231265622.5,39455,F1,75,,,,,
2024-12-31,2024-12-31,FO,NSE,IDO,46270,,NIFTY,,2025-01-30,2025-01-30,23600.0,PE,NIFTY25JAN23600PE,324.95,383.65,272.8,288.85,283.1,281.1,23644.8,288.85,961350,281650,90495,54117397828.75,32348,F1,25,,,,,
2024-12-31,2024-12-31,FO,NSE,IDO,48098,,NIFTY,,2025-01-09,2025-01-09,23600.0,CE,NIFTY2510923600CE,216.05,333.85,184.5,296.6,305.0,284.7,23644.8,296.6,572850,438000,58275,104235820170.0,33529,F1,75,,,,,
2024-12-31,2024-12-31,FO,NSE,IDO,54985,,NIFTY,,2025-01-23,2025-01-23,23600.0,CE,NIFTY2512323600CE,395.6,449.65,341.5,442.65,444.0,447.35,23644.8,442.65,3825,3000,122,219646432.5,61,F1,75,,,,,
2024-12-31,2024-12-31,FO,NSE,IDO,55621,,NIFTY,,2025-02-27,2025-02-27,22550.0,CE,NIFTY25FEB22550CE,0.0,0.0,0.0,1948.6,0.0,1948.6,23644.8,1423.9,0,0,0,0.0,0,F1,75,,,,,
2024-12-31,2024-12-31,FO,NSE,IDO,48056,,NIFTY,,2025-01-09,2025-01-09,22800.0,PE,NIFTY2510922800PE,21.5,34.5,19.8,22.5,21.95,16.0,23644.8,22.5,553425,188475,32072,54903870285.0,15672,F1,75,,,,,
2024-12-31,2024-12-31,FO,NSE,IDO,52425,,NIFTY,,2025-01-02,2025-01-02,22550.0,CE,NIFTY2510222550CE,0.0,0.0,0.0,1330.15,1330.15,1330.15,23644.8,1103.15,375,0,0,0.0,0,F1,75,,,,,
2024-12-31,2024-12-31,FO,NSE,IDO,55631,,NIFTY,,2025-02-27,2025-02-27,22800.0,CE,NIFTY25FEB22800CE,0.0,0.0,0.0,1753.15,0.0,1753.15,23644.8,1219.0,0,0,0,0.0,0,F1,75,,,,,
2024-12-31,2024-12-31,FO,NSE,IDO,54754,,NIFTY,,2025-01-23,2025-01-23,22550.0,CE,NIFTY2512322550CE,0.0,0.0,0.0,1607.8,0.0,1607.8,23644.8,1212.3,0,0,0,0.0,0,F1,75,,,,,
2024-12-31,2024-12-31,FO,NSE,IDO,48055,,NIFTY,,2025-01-09,2025-01-09,22800.0,CE,NIFTY2510922800CE,850.0,976.0,764.35,941.6,946.4,2088.1,23644.8,941.6,2850,2850,43,76492376.25,31,F1,75,,,,,
2024-12-31,2024-12-31,FO,NSE,IDO,43246,,NIFTY,,2025-01-30,2025-01-30,22550.0,PE,NIFTY25JAN22550PE,64.85,81.3,59.1,62.15,62.0,57.1,23644.8,62.15,12500,-175,1061,599960396.25,243,F1,25,,,,,
2024-12-31,2024-12-31,FO,NSE,IDO,48044,,NIFTY,,2025-01-09,2025-01-09,22550.0,PE,NIFTY2510922550PE,8.15,16.9,7.6,11.7,11.6,8.4,23644.8,11.7,44850,16950,3709,6276284883.75,2381,F1,75,,,,,
2024-12-31,2024-12-31,FO,NSE,IDO,54768,,NIFTY,,2025-01-23,2025-01-23,22800.0,CE,NIFTY2512322800CE,0.0,0.0,0.0,1388.05,0.0,1388.05,23644.8,985.9,0,0,0,0.0,0,F1,75,,,,,
2024-12-31,2024-12-31,FO,NSE,IDO,52485,,NIFTY,,2025-01-16,2025-01-16,22550.0,CE,NIFTY2511622550CE,0.0,0.0,0.0,2171.55,0.0,2171.55,23644.8,1171.25,0,0,0,0.0,0,F1,75,,,,,
2024-12-31,2024-12-31,FO,NSE,IDO,47015,,NIFTY,,2025-03-27,2025-03-27,22550.0,PE,NIFTY25MAR22550PE,0.0,0.0,0.0,162.2,162.2,162.2,23644.8,133.8,450,0,0,0.0,0,F1,75,,,,,
2024-12-31,2024-12-31,FO,NSE,IDO,52444,,NIFTY,,2025-01-02,2025-01-02,22800.0,PE,NIFTY2510222800PE,3.1,6.1,3.0,4.65,3.9,3.0,23644.8,4.65,4588650,1805850,424301,725707716633.75,114806,F1,75,,,,,
2024-12-31,2024-12-31,FO,NSE,IDO,48043,,NIFTY,,2025-01-09,2025-01-09,22550.0,CE,NIFTY2510922550CE,0.0,0.0,0.0,2327.45,0.0,2327.45,23644.8,1134.05,0,0,0,0.0,0,F1,75,,,,,
2024-12-31,2024-12-31,FO,NSE,IDO,43245,,NIFTY,,2025-01-30,2025-01-30,22550.0,CE,NIFTY25JAN22550CE,0.0,0.0,0.0,1399.25,1399.25,1399.25,23644.8,1254.75,200,0,0,0.0,0,F1,25,,,,,
2024-12-31,2024-12-31,FO,NSE,IDO,52486,,NIFTY,,2025-01-16,2025-01-16,22550.0,PE,NIFTY2511622550PE,0.0,0.0,0.0,9.65,9.65,9.65,23644.8,9.8,225,0,0,0.0,0,F1,75,,,,,
2024-12-31,2024-12-31,FO,NSE,IDO,47014,,NIFTY,,2025-03-27,2025-03-27,22550.0,CE,NIFTY25MAR22550CE,0.0,0.0,0.0,1808.05,0.0,1808.05,23644.8,1584.4,0,0,0,0.0,0,F1,75,,,,,
2024-12-31,2024-12-31,FO,NSE,IDO,48093,,NIFTY,,2025-01-09,2025-01-09,23450.0,PE,NIFTY2510923450PE,142.25,196.5,109.0,120.25,114.6,107.45,23644.8,120.25,119175,47700,12091,21397505250.0,7387,F1,75,,,,,
2024-12-31,2024-12-31,FO,NSE,IDO,51124,,NIFTY,,2025-03-27,2025-03-27,23450.0,CE,NIFTY25MAR23450CE,0.0,0.0,0.0,1173.95,0.0,1173.95,23644.8,934.9,0,0,0,0.0,0,F1,75,,,,,
2024-12-31,2024-12-31,FO,NSE,IDO,55606,,NIFTY,,2025-02-27,2025-02-27,22150.0,PE,NIFTY25FEB22150PE,0.0,0.0,0.0,81.4,81.4,81.4,23644.8,43.9,14475,0,0,0.0,0,F1,75,,,,,
2024-12-31,2024-12-31,FO,NSE,IDO,54700,,NIFTY,,2025-01-23,2025-01-23,22150.0,CE,NIFTY2512322150CE,0.0,0.0,0.0,1977.6,0.0,1977.6,23644.8,1594.55,0,0,0,0.0,0,F1,75,,,,,
2024-12-31,2024-12-31,FO,NSE,IDO,54706,,NIFTY,,2025-01-23,2025-01-23,22150.0,PE,NIFTY2512322150PE,0.0,0.0,0.0,21.4,0.0,21.4,23644.8,5.75,0,0,0,0.0,0,F1,75,,,,,
2024-12-31,2024-12-31,FO,NSE,IDO,46974,,NIFTY,,2025-03-27,2025-03-27,22150.0,CE,NIFTY25MAR22150CE,0.0,0.0,0.0,2131.6,0.0,2131.6,23644.8,1921.6,0,0,0,0.0,0,F1,75,,,,,
2024-12-31,2024-12-31,FO,NSE,IDO,52436,,NIFTY,,2025-01-16,2025-01-16,22150.0,PE,NIFTY2511622150PE,0.0,0.0,0.0,6.05,0.0,6.05,23644.8,1.7,0,0,0,0.0,0,F1,75,,,,,
2024-12-31,2024-12-31,FO,NSE,IDO,48028,,NIFTY,,2025-01-09,2025-01-09,22150.0,PE,NIFTY2510922150PE,4.8,7.9,4.2,5.95,5.85,3.75,23644.8,5.95,20325,17175,789,1311060018.75,463,F1,75,,,,,
2024-12-31,2024-12-31,FO,NSE,IDO,48027,,NIFTY,,2025-01-09,2025-01-09,22150.0,CE,NIFTY2510922150CE,0.0,0.0,0.0,2717.15,0.0,2717.15,23644.8,1531.75,0,0,0,0.0,0,F1,75,,,,,
2024-12-31,2024-12-31,FO,NSE,IDO,55605,,NIFTY,,2025-02-27,2025-02-27,22150.0,CE,NIFTY25FEB22150CE,0.0,0.0,0.0,2279.25,0.0,2279.25,23644.8,1775.0,0,0,0,0.0,0,F1,75,,,,,
2024-12-31,2024-12-31,FO,NSE,IDO,43221,,NIFTY,,2025-01-30,2025-01-30,22150.0,CE,NIFTY25JAN22150CE,0.0,0.0,0.0,2466.85,2468.1,2466.85,23644.8,1629.1,200,0,0,0.0,0,F1,25,,,,,
2024-12-31,2024-12-31,FO,NSE,IDO,43224,,NIFTY,,2025-01-30,2025-01-30,22150.0,PE,NIFTY25JAN22150PE,33.4,42.35,32.25,33.2,35.5,29.35,23644.8,33.2,19125,-2475,2072,1149258852.5,578,F1,25,,,,,
2024-12-31,2024-12-31,FO,NSE,IDO,46975,,NIFTY,,2025-03-27,2025-03-27,22150.0,PE,NIFTY25MAR22150PE,0.0,0.0,0.0,95.8,95.8,95.8,23644.8,77.3,525,0,0,0.0,0,F1,75,,,,,
2024-12-31,2024-12-31,FO,NSE,IDO,52433,,NIFTY,,2025-01-16,2025-01-16,22150.0,CE,NIFTY2511622150CE,0.0,0.0,0.0,2559.05,0.0,2559.05,23644.8,1561.95,0,0,0,0.0,0,F1,75,,,,,
2024-12-31,2024-12-31,FO,NSE,IDO,52396,,NIFTY,,2025-01-02,2025-01-02,22150.0,PE,NIFTY2510222150PE,1.35,2.95,1.0,2.5,2.45,1.2,23644.8,2.5,1569750,1435950,108528,180311844622.5,39119,F1,75,,,,,
2024-12-31,2024-12-31,FO,NSE,IDO,52395,,NIFTY,,2025-01-02,2025-01-02,22150.0,CE,NIFTY2510222150CE,0.0,0.0,0.0,1467.55,0.0,1467.55,23644.8,1503.0,0,0,0,0.0,0,F1,75,,,,,
2024-12-31,2024-12-31,FO,NSE,IDO,52644,,NIFTY,,2025-01-02,2025-01-02,25750.0,PE,NIFTY2510225750PE,0.0,0.0,0.0,1896.3,1896.3,1896.3,23644.8,2095.7,1500,0,0,0.0,0,F1,75,,,,,
2024-12-31,2024-12-31,FO,NSE,IDO,52881,,NIFTY,,2025-01-16,2025-01-16,25750.0,PE,NIFTY2511625750PE,0.0,0.0,0.0,1170.65,0.0,1170.65,23644.8,2029.5,0,0,0,0.0,0,F1,75,,,,,
2024-12-31,2024-12-31,FO,NSE,IDO,43249,,NIFTY,,2025-01-30,2025-01-30,22650.0,CE,NIFTY25JAN22650CE,0.0,0.0,0.0,1992.95,1991.45,1992.95,23644.8,1165.15,175,0,0,0.0,0,F1,25,,,,,
2024-12-31,2024-12-31,FO,NSE,IDO,54758,,NIFTY,,2025-01-23,2025-01-23,22650.0,CE,NIFTY2512322650CE,0.0,0.0,0.0,1518.65,0.0,1518.65,23644.8,1120.15,0,0,0,0.0,0,F1,75,,,,,
2024-12-31,2024-12-31,FO,NSE,IDO,52430,,NIFTY,,2025-01-02,2025-01-02,22650.0,PE,NIFTY2510222650PE,2.35,4.6,2.3,3.9,3.55,2.35,23644.8,3.9,1303350,343200,143871,244441006425.0,43852,F1,75,,,,,
2024-12-31,2024-12-31,FO,NSE,IDO,43254,,NIFTY,,2025-01-30,2025-01-30,22650.0,PE,NIFTY25JAN22650PE,80.0,95.45,69.25,72.5,72.0,67.6,23644.8,72.5,30425,15600,2319,1317781192.5,451,F1,25,,,,,
2024-12-31,2024-12-31,FO,NSE,IDO,55625,,NIFTY,,2025-02-27,2025-02-27,22650.0,CE,NIFTY25FEB22650CE,0.0,0.0,0.0,1869.3,0.0,1869.3,23644.8,1340.4,0,0,0,0.0,0,F1,75,,,,,
2024-12-31,2024-12-31,FO,NSE,IDO,54761,,NIFTY,,2025-01-23,2025-01-23,22650.0,PE,NIFTY2512322650PE,0.0,0.0,0.0,56.55,56.55,56.55,23644.8,29.25,75,0,0,0.0,0,F1,75,,,,,
2024-12-31,2024-12-31,FO,NSE,IDO,64693,,NIFTY,,2025-09-25,2025-09-25,24000.0,PE,NIFTY25SEP24000PE,0.0,0.0,0.0,335.2,0.0,335.2,23644.8,718.4,0,0,0,0.0,0,F1,75,,,,,
2024-12-31,2024-12-31,FO,NSE,IDO,64563,,NIFTY,,2025-03-27,2025-03-27,22000.0,PE,NIFTY25MAR22000PE,110.3,116.9,97.0,100.6,99.05,96.3,23644.8,100.6,1116625,28125,3054,5063356785.0,1789,F1,75,,,,,
2024-12-31,2024-12-31,FO,NSE,IDO,64567,,NIFTY,,2025-03-27,2025-03-27,24000.0,PE,NIFTY25MAR24000PE,599.0,662.5,551.45,575.65,567.2,560.25,23644.8,575.65,1517500,-26175,4114,7591083941.25,2730,F1,75,,,,,
2024-12-31,2024-12-31,FO,NSE,IDO,50971,,NIFTY,,2025-12-24,2025-12-24,27000.0,CE,NIFTY25DEC27000CE,605.0,637.75,588.45,618.45,617.15,629.75,23644.8,618.45,193700,1050,230,476327662.5,199,F1,75,,,,,
2024-12-31,2024-12-31,FO,NSE,IDO,50984,,NIFTY,,2027-06-24,2027-06-24,27000.0,PE,NIFTY27JUN27000PE,0.0,0.0,0.0,6273.45,0.0,6273.45,23644.8,1593.05,0,0,0,0.0,0,F1,75,,,,,
2024-12-31,2024-12-31,FO,NSE,IDO,61795,,NIFTY,,2029-12-27,2029-12-27,27000.0,PE,NIFTY29DEC27000PE,0.0,0.0,0.0,1177.9,0.0,1177.9,23644.8,952.8,0,0,0,0.0,0,F1,75,,,,,
2024-12-31,2024-12-31,FO,NSE,IDO,50979,,NIFTY,,2026-12-31,2026-12-31,27000.0,PE,NIFTY26DEC27000PE,0.0,0.0,0.0,6522.3,0.0,6522.3,23644.8,1771.4,0,0,0,0.0,0,F1,75,,,,,
2024-12-31,2024-12-31,FO,NSE,IDO,64577,,NIFTY,,2025-03-27,2025-03-27,27000.0,PE,NIFTY25MAR27000PE,2900.0,3030.0,2800.85,2849.55,2845.0,2819.35,23644.8,2849.55,505225,9450,337,755627610.0,315,F1,75,,,,,
2024-12-31,2024-12-31,FO,NSE,IDO,50976,,NIFTY,,2026-06-25,2026-06-25,27000.0,PE,NIFTY26JUN27000PE,0.0,0.0,0.0,6810.7,0.0,6810.7,23644.8,1999.55,0,0,0,0.0,0,F1,75,,,,,
2024-12-31,2024-12-31,FO,NSE,IDO,67788,,NIFTY,,2028-12-28,2028-12-28,27000.0,CE,NIFTY28DEC27000CE,0.0,0.0,0.0,4437.95,0.0,4437.95,23644.8,4187.9,0,0,0,0.0,0,F1,75,,,,,
2024-12-31,2024-12-31,FO,NSE,IDO,50972,,NIFTY,,2025-12-24,2025-12-24,27000.0,PE,NIFTY25DEC27000PE,2176.05,2275.0,2150.8,2150.8,2150.8,2090.0,23644.8,2275.5,80900,-75,27,59117073.75,16,F1,75,,,,,
2024-12-31,2024-12-31,FO,NSE,IDO,86163,,NIFTY,,2028-06-29,2028-06-29,27000.0,CE,NIFTY28JUN27000CE,0.0,0.0,0.0,2885.15,0.0,2885.15,23644.8,3606.25,0,0,0,0.0,0,F1,75,,,,,
2024-12-31,2024-12-31,FO,NSE,IDO,64698,,NIFTY,,2025-09-25,2025-09-25,27000.0,CE,NIFTY25SEP27000CE,0.0,0.0,0.0,2279.95,0.0,2279.95,23644.8,395.5,0,0,0,0.0,0,F1,75,,,,,
2024-12-31,2024-12-31,FO,NSE,IDO,86164,,NIFTY,,2028-06-29,2028-06-29,27000.0,PE,NIFTY28JUN27000PE,0.0,0.0,0.0,2752.35,0.0,2752.35,23644.8,1286.1,0,0,0,0.0,0,F1,75,,,,,
2024-12-31,2024-12-31,FO,NSE,IDO,50970,,NIFTY,,2025-06-26,2025-06-26,27000.0,PE,NIFTY25JUN27000PE,0.0,0.0,0.0,2428.1,2428.1,2428.1,23644.8,2658.65,29750,0,0,0.0,0,F1,75,,,,,
2024-12-31,2024-12-31,FO,NSE,IDO,50969,,NIFTY,,2025-06-26,2025-06-26,27000.0,CE,NIFTY25JUN27000CE,135.05,149.6,125.65,144.1,144.9,147.75,23644.8,144.1,150425,-300,488,993375390.0,307,F1,75,,,,,
2024-12-31,2024-12-31,FO,NSE,IDO,50973,,NIFTY,,2026-06-25,2026-06-25,27000.0,CE,NIFTY26JUN27000CE,0.0,0.0,0.0,1352.8,0.0,1352.8,23644.8,1214.95,0,0,0,0.0,0,F1,75,,,,,
2024-12-31,2024-12-31,FO,NSE,IDO,89636,,NIFTY,,2029-06-28,2029-06-28,27000.0,CE,NIFTY29JUN27000CE,0.0,0.0,0.0,6570.4,0.0,6570.4,23644.8,4759.85,0,0,0,0.0,0,F1,75,,,,,
2024-12-31,2024-12-31,FO,NSE,IDO,89637,,NIFTY,,2029-06-28,2029-06-28,27000.0,PE,NIFTY29JUN27000PE,0.0,0.0,0.0,1252.35,0.0,1252.35,23644.8,1051.5,0,0,0,0.0,0,F1,75,,,,,
2024-12-31,2024-12-31,FO,NSE,IDO,54728,,NIFTY,,2025-03-27,2025-03-27,24100.0,PE,NIFTY25MAR24100PE,0.0,0.0,0.0,726.2,0.0,726.2,23644.8,658.0,0,0,0,0.0,0,F1,75,,,,,
2024-12-31,2024-12-31,FO,NSE,IDO,57605,,NIFTY,,2025-02-27,2025-02-27,24100.0,CE,NIFTY25FEB24100CE,401.55,475.0,370.0,457.0,458.25,459.05,23644.8,457.0,20925,2925,306,562684188.75,216,F1,75,,,,,
2024-12-31,2024-12-31,FO,NSE,IDO,52697,,NIFTY,,2025-01-16,2025-01-16,24100.0,CE,NIFTY2511624100CE,116.0,155.0,86.0,136.35,142.65,133.65,23644.8,136.35,24375,9975,958,1739876400.0,602,F1,75,,,,,
2024-12-31,2024-12-31,FO,NSE,IDO,54727,,NIFTY,,2025-03-27,2025-03-27,24100.0,CE,NIFTY25MAR24100CE,600.0,645.15,590.0,626.25,632.45,811.65,23644.8,626.25,1425,1425,23,42643207.5,15,F1,75,,,,,
2024-12-31,2024-12-31,FO,NSE,IDO,55010,,NIFTY,,2025-01-23,2025-01-23,24100.0,PE,NIFTY2512324100PE,0.0,0.0,0.0,400.0,400.0,400.0,23644.8,529.15,0,0,0,0.0,0,F1,75,,,,,
2024-12-31,2024-12-31,FO,NSE,IDO,50778,,NIFTY,,2025-01-02,2025-01-02,21700.0,CE,NIFTY2510221700CE,0.0,0.0,0.0,1868.15,0.0,1868.15,23644.8,1952.8,0,0,0,0.0,0,F1,75,,,,,
2024-12-31,2024-12-31,FO,NSE,IDO,43197,,NIFTY,,2025-01-30,2025-01-30,21700.0,CE,NIFTY25JAN21700CE,2018.95,2072.4,1928.05,2072.4,2072.4,2120.0,23644.8,2067.55,1975,-75,21,12451983.75,10,F1,25,,,,,
2024-12-31,2024-12-31,FO,NSE,IDO,43198,,NIFTY,,2025-01-30,2025-01-30,21700.0,PE,NIFTY25JAN21700PE,16.5,19.7,15.4,16.3,15.55,14.45,23644.8,16.3,580175,228175,22642,12292966577.5,7645,F1,25,,,,,
2024-12-31,2024-12-31,FO,NSE,IDO,50779,,NIFTY,,2025-01-02,2025-01-02,21700.0,PE,NIFTY2510221700PE,1.1,1.75,0.8,1.45,1.55,0.8,23644.8,1.45,1404225,666975,109762,178649290451.25,34677,F1,75,,,,,
2024-12-31,2024-12-31,FO,NSE,IDO,48225,,NIFTY,,2025-01-09,2025-01-09,26150.0,CE,NIFTY2510926150CE,2.05,2.1,1.8,1.9,1.9,2.05,23644.8,1.9,4350,1125,77,151027732.5,29,F1,75,,,,,
2024-12-31,2024-12-31,FO,NSE,IDO,46591,,NIFTY,,2025-01-30,2025-01-30,26150.0,PE,NIFTY25JAN26150PE,0.0,0.0,0.0,1554.05,1554.5,1554.05,23644.8,2362.75,50,0,0,0.0,0,F1,25,,,,,
2024-12-31,2024-12-31,FO,NSE,IDO,48695,,NIFTY,,2025-03-27,2025-03-27,23200.0,CE,NIFTY25MAR23200CE,0.0,0.0,0.0,1335.4,0.0,1335.4,23644.8,1097.65,0,0,0,0.0,0,F1,75,,,,,
2024-12-31,2024-12-31,FO,NSE,IDO,54856,,NIFTY,,2025-01-23,2025-01-23,23200.0,PE,NIFTY2512323200PE,165.5,191.0,133.2,140.1,140.1,128.55,23644.8,116.2,2325,1050,48,84089152.5,34,F1,75,,,,,
2024-12-31,2024-12-31,FO,NSE,IDO,43492,,NIFTY,,2025-01-30,2025-01-30,23200.0,CE,NIFTY25JAN23200CE,689.95,815.0,622.8,772.75,776.8,786.95,23644.8,772.75,49450,25275,4281,2557308176.25,2229,F1,25,,,,,
2024-12-31,2024-12-31,FO,NSE,IDO,54786,,NIFTY,,2025-01-23,2025-01-23,23200.0,CE,NIFTY2512323200CE,719.2,729.9,719.2,729.9,729.9,1062.15,23644.8,659.5,300,300,4,7177365.0,2,F1,75,,,,,
2024-12-31,2024-12-31,FO,NSE,IDO,55648,,NIFTY,,2025-02-27,2025-02-27,23200.0,PE,NIFTY25FEB23200PE,282.45,311.7,245.05,256.9,255.15,246.75,23644.8,256.9,109425,8400,965,1699506041.25,623,F1,75,,,,,
2024-12-31,2024-12-31,FO,NSE,IDO,52548,,NIFTY,,2025-01-16,2025-01-16,23200.0,CE,NIFTY2511623200CE,577.8,684.4,511.7,645.2,642.2,638.3,23644.8,645.2,5025,4200,82,146529851.25,53,F1,75,,,,,
2024-12-31,2024-12-31,FO,NSE,IDO,48079,,NIFTY,,2025-01-09,2025-01-09,23200.0,CE,NIFTY2510923200CE,480.05,630.2,414.55,588.1,593.45,561.55,23644.8,588.1,28575,12900,1506,2676785422.5,814,F1,75,,,,,
2024-12-31,2024-12-31,FO,NSE,IDO,48696,,NIFTY,,2025-03-27,2025-03-27,23200.0,PE,NIFTY25MAR23200PE,322.35,344.4,278.75,300.35,301.9,296.55,23644.8,300.35,10500,2025,80,141103766.25,46,F1,75,,,,,
2024-12-31,2024-12-31,FO,NSE,IDO,52551,,NIFTY,,2025-01-16,2025-01-16,23200.0,PE,NIFTY2511623200PE,115.3,155.2,96.05,105.95,105.45,94.75,23644.8,105.95,28575,9300,1255,2194829055.0,607,F1,75,,,,,
2024-12-31,2024-12-31,FO,NSE,IDO,52461,,NIFTY,,2025-01-02,2025-01-02,23200.0,PE,NIFTY2510223200PE,17.4,38.55,14.05,16.2,14.65,13.35,23644.8,16.2,5018700,-1131450,1168072,2034531362396.25,447281,F1,75,,,,,
2024-12-31,2024-12-31,FO,NSE,IDO,46463,,NIFTY,,2025-01-30,2025-01-30,25350.0,CE,NIFTY25JAN25350CE,15.9,17.7,13.95,17.4,17.65,17.75,23644.8,17.4,37175,2275,1519,963253148.75,642,F1,25,,,,,
2024-12-31,2024-12-31,FO,NSE,IDO,48188,,NIFTY,,2025-01-09,2025-01-09,25350.0,CE,NIFTY2510925350CE,2.55,3.05,2.3,2.7,2.65,2.55,23644.8,2.7,31575,675,471,895583692.5,314,F1,75,,,,,
2024-12-31,2024-12-31,FO,NSE,IDO,56879,,NIFTY,,2025-03-27,2025-03-27,25350.0,PE,NIFTY25MAR25350PE,0.0,0.0,0.0,1487.0,0.0,1487.0,23644.8,1490.45,0,0,0,0.0,0,F1,75,,,,,
2024-12-31,2024-12-31,FO,NSE,IDO,55051,,NIFTY,,2025-01-23,2025-01-23,24750.0,PE,NIFTY2512324750PE,0.0,0.0,0.0,861.6,0.0,861.6,23644.8,1044.15,0,0,0,0.0,0,F1,75,,,,,
2024-12-31,2024-12-31,FO,NSE,IDO,56545,,NIFTY,,2025-03-27,2025-03-27,24750.0,PE,NIFTY25MAR24750PE,0.0,0.0,0.0,1085.85,0.0,1085.85,23644.8,1049.1,0,0,0,0.0,0,F1,75,,,,,
2024-12-31,2024-12-31,FO,NSE,IDO,48164,,NIFTY,,2025-01-09,2025-01-09,24750.0,PE,NIFTY2510924750PE,1210.4,1210.4,1092.55,1092.55,1092.55,873.35,23644.8,1067.6,3600,-1275,19,36900195.0,12,F1,75,,,,,
2024-12-31,2024-12-31,FO,NSE,IDO,52408,,NIFTY,,2025-01-16,2025-01-16,21850.0,PE,NIFTY2511621850PE,6.5,8.8,5.85,7.85,7.85,5.8,23644.8,7.85,15075,6525,294,481951653.75,82,F1,75,,,,,
2024-12-31,2024-12-31,FO,NSE,IDO,52056,,NIFTY,,2025-01-02,2025-01-02,21850.0,PE,NIFTY2510221850PE,0.9,2.05,0.9,1.7,1.7,0.95,23644.8,1.7,721950,538275,55728,91331428908.75,25837,F1,75,,,,,
2024-12-31,2024-12-31,FO,NSE,IDO,54686,,NIFTY,,2025-01-23,2025-01-23,21850.0,CE,NIFTY2512321850CE,0.0,0.0,0.0,2264.8,0.0,2264.8,23644.8,1889.35,0,0,0,0.0,0,F1,75,,,,,
2024-12-31,2024-12-31,FO,NSE,IDO,55593,,NIFTY,,2025-02-27,2025-02-27,21850.0,CE,NIFTY25FEB21850CE,0.0,0.0,0.0,2539.6,0.0,2539.6,23644.8,2052.2,0,0,0,0.0,0,F1,75,,,,,
2024-12-31,2024-12-31,FO,NSE,IDO,52563,,NIFTY,,2025-01-02,2025-01-02,24300.0,PE,NIFTY2510224300PE,709.4,820.0,561.55,609.35,595.05,608.7,23644.8,609.35,256950,-22200,832,1558119903.75,599,F1,75,,,,,
2024-12-31,2024-12-31,FO,NSE,IDO,48194,,NIFTY,,2025-01-09,2025-01-09,25400.0,PE,NIFTY2510925400PE,0.0,0.0,0.0,803.6,0.0,803.6,23644.8,1713.05,0,0,0,0.0,0,F1,75,,,,,
2024-12-31,2024-12-31,FO,NSE,IDO,55095,,NIFTY,,2025-01-23,2025-01-23,25400.0,CE,NIFTY2512325400CE,9.8,9.85,7.15,9.3,9.55,9.15,23644.8,9.3,1950,450,41,78131887.5,19,F1,75,,,,,
2024-12-31,2024-12-31,FO,NSE,IDO,55096,,NIFTY,,2025-01-23,2025-01-23,25400.0,PE,NIFTY2512325400PE,0.0,0.0,0.0,1368.55,0.0,1368.55,23644.8,1654.75,0,0,0,0.0,0,F1,75,,,,,
2024-12-31,2024-12-31,FO,NSE,IDO,38159,,NIFTY,,2026-12-31,2026-12-31,29000.0,PE,NIFTY26DEC29000PE,0.0,0.0,0.0,5042.25,0.0,5042.25,23644.8,2831.8,0,0,0,0.0,0,F1,75,,,,,
2024-12-31,2024-12-31,FO,NSE,IDO,57659,,NIFTY,,2025-02-27,2025-02-27,25400.0,CE,NIFTY25FEB25400CE,70.0,85.0,57.3,81.6,82.25,82.95,23644.8,81.6,19050,825,226,431765268.75,124,F1,75,,,,,
2024-12-31,2024-12-31,FO,NSE,IDO,52625,,NIFTY,,2025-01-02,2025-01-02,25400.0,PE,NIFTY2510225400PE,1833.15,1860.75,1673.65,1715.0,1715.0,1700.0,23644.8,1715.0,10125,-975,16,32563661.25,8,F1,75,,,,,
2024-12-31,2024-12-31,FO,NSE,IDO,52560,,NIFTY,,2025-01-16,2025-01-16,23250.0,PE,NIFTY2511623250PE,0.0,0.0,0.0,64.7,0.0,64.7,23644.8,94.75,0,0,0,0.0,0,F1,75,,,,,
2024-12-31,2024-12-31,FO,NSE,IDO,55649,,NIFTY,,2025-02-27,2025-02-27,23250.0,CE,NIFTY25FEB23250CE,0.0,0.0,0.0,1426.2,0.0,1426.2,23644.8,886.95,0,0,0,0.0,0,F1,75,,,,,
2024-12-31,2024-12-31,FO,NSE,IDO,43248,,NIFTY,,2025-01-30,2025-01-30,22600.0,PE,NIFTY25JAN22600PE,60.0,102.8,60.0,66.4,64.75,61.2,23644.8,66.4,549025,30300,20935,11867038898.75,6829,F1,25,,,,,
2024-12-31,2024-12-31,FO,NSE,IDO,52427,,NIFTY,,2025-01-02,2025-01-02,22600.0,CE,NIFTY2510222600CE,1025.0,1132.0,1025.0,1132.0,1132.0,1177.35,23644.8,1053.15,3225,-225,5,8867977.5,5,F1,75,,,,,
2024-12-31,2024-12-31,FO,NSE,IDO,54934,,NIFTY,,2025-01-23,2025-01-23,23250.0,PE,NIFTY2512323250PE,164.6,185.95,164.6,185.95,185.95,115.0,23644.8,129.25,900,900,14,24603022.5,3,F1,75,,,,,
2024-12-31,2024-12-31,FO,NSE,IDO,44235,,NIFTY,,2025-01-30,2025-01-30,23250.0,PE,NIFTY25JAN23250PE,183.35,239.0,170.0,178.55,176.4,171.9,23644.8,178.55,49400,2125,2047,1200103033.75,781,F1,25,,,,,
2024-12-31,2024-12-31,FO,NSE,IDO,49834,,NIFTY,,2025-03-27,2025-03-27,23250.0,CE,NIFTY25MAR23250CE,0.0,0.0,0.0,1302.15,0.0,1302.15,23644.8,1063.95,0,0,0,0.0,0,F1,75,,,,,
2024-12-31,2024-12-31,FO,NSE,IDO,55624,,NIFTY,,2025-02-27,2025-02-27,22600.0,PE,NIFTY25FEB22600PE,144.45,161.25,127.4,133.55,133.0,127.55,23644.8,133.55,102450,9000,288,491235742.5,202,F1,75,,,,,
2024-12-31,2024-12-31,FO,NSE,IDO,54857,,NIFTY,,2025-01-23,2025-01-23,23250.0,CE,NIFTY2512323250CE,0.0,0.0,0.0,1024.1,0.0,1024.1,23644.8,622.75,0,0,0,0.0,0,F1,75,,,,,
2024-12-31,2024-12-31,FO,NSE,IDO,52463,,NIFTY,,2025-01-02,2025-01-02,23250.0,PE,NIFTY2510223250PE,25.0,49.75,17.5,20.25,18.0,17.6,23644.8,20.25,1857900,613650,581842,1015874520022.5,277147,F1,75,,,,,
2024-12-31,2024-12-31,FO,NSE,IDO,47021,,NIFTY,,2025-03-27,2025-03-27,22600.0,PE,NIFTY25MAR22600PE,188.0,202.05,173.0,180.1,180.1,176.25,23644.8,142.65,29250,7575,144,246107152.5,56,F1,75,,,,,
2024-12-31,2024-12-31,FO,NSE,IDO,55650,,NIFTY,,2025-02-27,2025-02-27,23250.0,PE,NIFTY25FEB23250PE,0.0,0.0,0.0,342.7,0.0,342.7,23644.8,244.1,0,0,0,0.0,0,F1,75,,,,,
2024-12-31,2024-12-31,FO,NSE,IDO,48045,,NIFTY,,2025-01-09,2025-01-09,22600.0,CE,NIFTY2510922600CE,1060.0,1165.0,1060.0,1165.0,1165.0,2279.25,23644.8,1084.75,225,225,3,5331750.0,3,F1,75,,,,,
2024-12-31,2024-12-31,FO,NSE,IDO,48083,,NIFTY,,2025-01-09,2025-01-09,23250.0,CE,NIFTY2510923250CE,436.1,579.95,383.4,555.75,562.3,554.5,23644.8,555.75,4875,4500,156,277569506.25,99,F1,75,,,,,
2024-12-31,2024-12-31,FO,NSE,IDO,47017,,NIFTY,,2025-03-27,2025-03-27,22600.0,CE,NIFTY25MAR22600CE,0.0,0.0,0.0,1769.2,0.0,1769.2,23644.8,1544.05,0,0,0,0.0,0,F1,75,,,,,
2024-12-31,2024-12-31,FO,NSE,IDO,54757,,NIFTY,,2025-01-23,2025-01-23,22600.0,PE,NIFTY2512322600PE,0.0,0.0,0.0,53.7,0.0,53.7,23644.8,25.25,0,0,0,0.0,0,F1,75,,,,,
2024-12-31,2024-12-31,FO,NSE,IDO,43247,,NIFTY,,2025-01-30,2025-01-30,22600.0,CE,NIFTY25JAN22600CE,1130.05,1208.6,1130.05,1200.0,1200.0,1326.25,23644.8,1209.7,4775,725,32,19038756.25,13,F1,25,,,,,
2024-12-31,2024-12-31,FO,NSE,IDO,52559,,NIFTY,,2025-01-16,2025-01-16,23250.0,CE,NIFTY2511623250CE,533.55,636.8,474.0,616.1,616.1,1525.35,23644.8,616.1,3150,3150,61,108962182.5,31,F1,75,,,,,
2024-12-31,2024-12-31,FO,NSE,IDO,48046,,NIFTY,,2025-01-09,2025-01-09,22600.0,PE,NIFTY2510922600PE,10.45,19.5,10.45,13.25,13.3,9.2,23644.8,13.25,188775,53250,9033,15320603347.5,5525,F1,75,,,,,
2024-12-31,2024-12-31,FO,NSE,IDO,54756,,NIFTY,,2025-01-23,2025-01-23,22600.0,CE,NIFTY2512322600CE,0.0,0.0,0.0,1563.05,0.0,1563.05,23644.8,1166.0,0,0,0,0.0,0,F1,75,,,,,
2024-12-31,2024-12-31,FO,NSE,IDO,55069,,NIFTY,,2025-01-23,2025-01-23,25050.0,CE,NIFTY2512325050CE,0.0,0.0,0.0,29.4,29.4,29.4,23644.8,20.25,75,0,0,0.0,0,F1,75,,,,,
2024-12-31,2024-12-31,FO,NSE,IDO,56867,,NIFTY,,2025-03-27,2025-03-27,25050.0,PE,NIFTY25MAR25050PE,0.0,0.0,0.0,1278.65,0.0,1278.65,23644.8,1261.2,0,0,0,0.0,0,F1,75,,,,,
2024-12-31,2024-12-31,FO,NSE,IDO,55086,,NIFTY,,2025-01-23,2025-01-23,25250.0,PE,NIFTY2512325250PE,0.0,0.0,0.0,1243.4,0.0,1243.4,23644.8,1509.55,0,0,0,0.0,0,F1,75,,,,,
2024-12-31,2024-12-31,FO,NSE,IDO,52860,,NIFTY,,2025-01-16,2025-01-16,25250.0,CE,NIFTY2511625250CE,5.15,6.8,5.15,5.9,5.9,235.15,23644.8,5.9,1875,1875,38,71978677.5,11,F1,75,,,,,
2024-12-31,2024-12-31,FO,NSE,IDO,46460,,NIFTY,,2025-01-30,2025-01-30,25250.0,PE,NIFTY25JAN25250PE,0.0,0.0,0.0,1348.65,1348.65,1348.65,23644.8,1490.05,10600,0,0,0.0,0,F1,25,,,,,
2024-12-31,2024-12-31,FO,NSE,IDO,57635,,NIFTY,,2025-02-27,2025-02-27,24850.0,CE,NIFTY25FEB24850CE,160.0,169.9,141.5,169.9,169.9,187.9,23644.8,178.3,3450,-150,18,33752962.5,8,F1,75,,,,,
2024-12-31,2024-12-31,FO,NSE,IDO,48168,,NIFTY,,2025-01-09,2025-01-09,24850.0,PE,NIFTY2510924850PE,0.0,0.0,0.0,926.0,926.0,926.0,23644.8,1165.95,675,0,0,0.0,0,F1,75,,,,,
2024-12-31,2024-12-31,FO,NSE,IDO,57598,,NIFTY,,2025-02-27,2025-02-27,23900.0,PE,NIFTY25FEB23900PE,556.95,606.3,480.55,506.35,504.55,489.1,23644.8,506.35,32175,-1500,254,465713467.5,151,F1,75,,,,,
2024-12-31,2024-12-31,FO,NSE,IDO,52529,,NIFTY,,2025-01-02,2025-01-02,23900.0,PE,NIFTY2510223900PE,346.0,442.0,223.45,256.45,244.05,256.55,23644.8,256.45,1738275,-369150,91313,165777218460.0,56186,F1,75,,,,,
2024-12-31,2024-12-31,FO,NSE,IDO,52678,,NIFTY,,2025-01-16,2025-01-16,23900.0,PE,NIFTY2511623900PE,420.0,495.05,357.85,360.55,358.1,348.8,23644.8,360.55,35700,375,250,456054480.0,178,F1,75,,,,,
2024-12-31,2024-12-31,FO,NSE,IDO,55000,,NIFTY,,2025-01-23,2025-01-23,23900.0,PE,NIFTY2512323900PE,465.0,488.55,382.55,394.75,394.75,387.55,23644.8,403.85,2175,-225,22,40114560.0,10,F1,75,,,,,
2024-12-31,2024-12-31,FO,NSE,IDO,52527,,NIFTY,,2025-01-02,2025-01-02,23900.0,CE,NIFTY2510223900CE,39.9,71.35,20.85,48.5,51.0,53.45,23644.8,48.5,7538625,1939500,1255332,2254003718152.5,613275,F1,75,,,,,
2024-12-31,2024-12-31,FO,NSE,IDO,48111,,NIFTY,,2025-01-09,2025-01-09,23900.0,PE,NIFTY2510923900PE,374.95,466.0,287.0,316.5,308.0,303.5,23644.8,316.5,274575,4725,7038,12810189652.5,3926,F1,75,,,,,
2024-12-31,2024-12-31,FO,NSE,IDO,54721,,NIFTY,,2025-03-27,2025-03-27,23900.0,CE,NIFTY25MAR23900CE,710.0,710.0,710.0,710.0,710.0,850.0,23644.8,680.1,300,75,1,1845750.0,1,F1,75,,,,,
2024-12-31,2024-12-31,FO,NSE,IDO,48110,,NIFTY,,2025-01-09,2025-01-09,23900.0,CE,NIFTY2510923900CE,100.05,166.0,80.75,142.0,148.0,137.4,23644.8,142.0,549975,82425,43426,78227799798.75,24465,F1,75,,,,,
2024-12-31,2024-12-31,FO,NSE,IDO,46340,,NIFTY,,2025-01-30,2025-01-30,23900.0,PE,NIFTY25JAN23900PE,445.05,544.0,398.2,422.95,419.5,410.85,23644.8,422.95,1525300,-33225,29974,18257793797.5,11934,F1,25,,,,,
2024-12-31,2024-12-31,FO,NSE,IDO,54999,,NIFTY,,2025-01-23,2025-01-23,23900.0,CE,NIFTY2512323900CE,231.0,295.0,208.3,279.65,281.05,278.65,23644.8,279.65,6750,2475,79,142966616.25,66,F1,75,,,,,
2024-12-31,2024-12-31,FO,NSE,IDO,46334,,NIFTY,,2025-01-30,2025-01-30,23900.0,CE,NIFTY25JAN23900CE,320.0,363.9,247.5,336.05,340.9,335.05,23644.8,336.05,1279475,114125,42664,25817259936.25,15339,F1,25,,,,,
2024-12-31,2024-12-31,FO,NSE,IDO,54722,,NIFTY,,2025-03-27,2025-03-27,23900.0,PE,NIFTY25MAR23900PE,0.0,0.0,0.0,632.3,0.0,632.3,23644.8,558.2,0,0,0,0.0,0,F1,75,,,,,
2024-12-31,2024-12-31,FO,NSE,IDO,52677,,NIFTY,,2025-01-16,2025-01-16,23900.0,CE,NIFTY2511623900CE,170.3,238.8,139.0,213.95,219.0,214.05,23644.8,213.95,69900,18600,1419,2562519300.0,957,F1,75,,,,,
2024-12-31,2024-12-31,FO,NSE,IDO,57597,,NIFTY,,2025-02-27,2025-02-27,23900.0,CE,NIFTY25FEB23900CE,496.0,586.4,458.5,559.9,560.7,559.9,23644.8,559.9,26325,900,514,940974967.5,368,F1,75,,,,,
2024-12-31,2024-12-31,FO,NSE,IDO,55011,,NIFTY,,2025-01-23,2025-01-23,24150.0,CE,NIFTY2512324150CE,0.0,0.0,0.0,465.35,0.0,465.35,23644.8,160.6,0,0,0,0.0,0,F1,75,,,,,
2024-12-31,2024-12-31,FO,NSE,IDO,54820,,NIFTY,,2025-03-27,2025-03-27,24150.0,PE,NIFTY25MAR24150PE,0.0,0.0,0.0,750.85,0.0,750.85,23644.8,684.55,0,0,0,0.0,0,F1,75,,,,,
2024-12-31,2024-12-31,FO,NSE,IDO,57608,,NIFTY,,2025-02-27,2025-02-27,24150.0,PE,NIFTY25FEB24150PE,665.0,714.2,665.0,714.2,714.2,640.9,23644.8,644.2,6825,-75,7,13041045.0,4,F1,75,,,,,
2024-12-31,2024-12-31,FO,NSE,IDO,52710,,NIFTY,,2025-01-16,2025-01-16,24150.0,PE,NIFTY2511624150PE,0.0,0.0,0.0,160.0,160.0,160.0,23644.8,540.1,0,0,0,0.0,0,F1,75,,,,,
2024-12-31,2024-12-31,FO,NSE,IDO,57607,,NIFTY,,2025-02-27,2025-02-27,24150.0,CE,NIFTY25FEB24150CE,383.9,416.9,348.05,415.35,415.35,438.85,23644.8,396.65,4350,1200,51,93795798.75,43,F1,75,,,,,
2024-12-31,2024-12-31,FO,NSE,IDO,52545,,NIFTY,,2025-01-02,2025-01-02,24150.0,PE,NIFTY2510224150PE,589.0,671.15,419.1,463.45,457.95,457.8,23644.8,463.45,120750,-8025,1413,2614313587.5,925,F1,75,,,,,
2024-12-31,2024-12-31,FO,NSE,IDO,52862,,NIFTY,,2025-01-16,2025-01-16,25300.0,CE,NIFTY2511625300CE,5.0,5.75,4.65,5.4,5.6,5.45,23644.8,5.4,29850,75,368,698426726.25,146,F1,75,,,,,
2024-12-31,2024-12-31,FO,NSE,IDO,46461,,NIFTY,,2025-01-30,2025-01-30,25300.0,CE,NIFTY25JAN25300CE,16.15,19.95,14.95,19.1,18.8,19.35,23644.8,19.1,396850,111875,23099,14619848372.5,7653,F1,25,,,,,
2024-12-31,2024-12-31,FO,NSE,IDO,52619,,NIFTY,,2025-01-02,2025-01-02,25300.0,PE,NIFTY2510225300PE,1807.4,1807.4,1605.0,1605.0,1605.0,1650.0,23644.8,1605.0,9600,0,13,26255805.0,3,F1,75,,,,,
2024-12-31,2024-12-31,FO,NSE,IDO,46462,,NIFTY,,2025-01-30,2025-01-30,25300.0,PE,NIFTY25JAN25300PE,1620.0,1620.0,1488.35,1491.25,1492.0,1510.2,23644.8,1491.25,28700,1075,57,38211211.25,14,F1,25,,,,,
2024-12-31,2024-12-31,FO,NSE,IDO,48251,,NIFTY,,2025-03-27,2025-03-27,23050.0,CE,NIFTY25MAR23050CE,0.0,0.0,0.0,1437.85,0.0,1437.85,23644.8,1202.2,0,0,0,0.0,0,F1,75,,,,,
2024-12-31,2024-12-31,FO,NSE,IDO,48020,,NIFTY,,2025-01-09,2025-01-09,21950.0,PE,NIFTY2510921950PE,2.9,6.3,2.9,5.0,5.05,3.0,23644.8,5.0,386775,381075,8838,14552746200.0,3757,F1,75,,,,,
2024-12-31,2024-12-31,FO,NSE,IDO,55597,,NIFTY,,2025-02-27,2025-02-27,21950.0,CE,NIFTY25FEB21950CE,0.0,0.0,0.0,2451.75,0.0,2451.75,23644.8,1958.75,0,0,0,0.0,0,F1,75,,,,,
2024-12-31,2024-12-31,FO,NSE,IDO,46988,,NIFTY,,2025-03-27,2025-03-27,22350.0,CE,NIFTY25MAR22350CE,0.0,0.0,0.0,1967.0,0.0,1967.0,23644.8,1749.95,0,0,0,0.0,0,F1,75,,,,,
2024-12-31,2024-12-31,FO,NSE,IDO,52470,,NIFTY,,2025-01-16,2025-01-16,22350.0,CE,NIFTY2511622350CE,0.0,0.0,0.0,2364.3,0.0,2364.3,23644.8,1365.1,0,0,0,0.0,0,F1,75,,,,,
2024-12-31,2024-12-31,FO,NSE,IDO,54693,,NIFTY,,2025-01-23,2025-01-23,21950.0,PE,NIFTY2512321950PE,0.0,0.0,0.0,13.55,0.0,13.55,23644.8,2.7,0,0,0,0.0,0,F1,75,,,,,
2024-12-31,2024-12-31,FO,NSE,IDO,46590,,NIFTY,,2025-01-30,2025-01-30,26150.0,CE,NIFTY25JAN26150CE,7.95,8.0,6.35,7.4,7.8,6.8,23644.8,7.4,16950,650,195,127516310.0,50,F1,25,,,,,
2024-12-31,2024-12-31,FO,NSE,IDO,48180,,NIFTY,,2025-01-09,2025-01-09,25150.0,PE,NIFTY2510925150PE,0.0,0.0,0.0,647.0,0.0,647.0,23644.8,1463.75,0,0,0,0.0,0,F1,75,,,,,
2024-12-31,2024-12-31,FO,NSE,IDO,52407,,NIFTY,,2025-01-02,2025-01-02,22400.0,CE,NIFTY2510222400CE,1233.0,1265.0,1233.0,1265.0,1265.0,1398.3,23644.8,1253.1,450,-300,4,7095525.0,4,F1,75,,,,,
2024-12-31,2024-12-31,FO,NSE,IDO,52856,,NIFTY,,2025-01-16,2025-01-16,25150.0,CE,NIFTY2511625150CE,6.8,7.75,5.95,6.9,6.9,6.8,23644.8,6.9,1500,-1200,22,41508378.75,10,F1,75,,,,,
2024-12-31,2024-12-31,FO,NSE,IDO,54717,,NIFTY,,2025-01-23,2025-01-23,22400.0,CE,NIFTY2512322400CE,0.0,0.0,0.0,1744.25,0.0,1744.25,23644.8,1353.45,0,0,0,0.0,0,F1,75,,,,,
2024-12-31,2024-12-31,FO,NSE,IDO,55080,,NIFTY,,2025-01-23,2025-01-23,25150.0,PE,NIFTY2512325150PE,0.0,0.0,0.0,1162.45,0.0,1162.45,23644.8,1413.8,0,0,0,0.0,0,F1,75,,,,,
2024-12-31,2024-12-31,FO,NSE,IDO,55079,,NIFTY,,2025-01-23,2025-01-23,25150.0,CE,NIFTY2512325150CE,15.0,15.9,13.35,13.35,13.35,16.1,23644.8,15.35,1125,900,22,41521927.5,6,F1,75,,,,,
2024-12-31,2024-12-31,FO,NSE,IDO,43239,,NIFTY,,2025-01-30,2025-01-30,22400.0,CE,NIFTY25JAN22400CE,0.0,0.0,0.0,1670.0,1670.0,1670.0,23644.8,1392.6,600,0,0,0.0,0,F1,25,,,,,
2024-12-31,2024-12-31,FO,NSE,IDO,52581,,NIFTY,,2025-01-02,2025-01-02,24600.0,PE,NIFTY2510224600PE,1037.2,1108.35,856.0,906.8,902.0,901.0,23644.8,906.8,136050,-3900,103,197534868.75,66,F1,75,,,,,
2024-12-31,2024-12-31,FO,NSE,IDO,57626,,NIFTY,,2025-02-27,2025-02-27,24600.0,PE,NIFTY25FEB24600PE,970.0,971.4,876.0,895.25,895.25,867.0,23644.8,934.35,22350,75,48,91874651.25,26,F1,75,,,,,
2024-12-31,2024-12-31,FO,NSE,IDO,57625,,NIFTY,,2025-02-27,2025-02-27,24600.0,CE,NIFTY25FEB24600CE,226.0,269.65,201.5,258.65,259.75,257.55,23644.8,258.65,40800,1425,647,1205006325.0,343,F1,75,,,,,
2024-12-31,2024-12-31,FO,NSE,IDO,55039,,NIFTY,,2025-01-23,2025-01-23,24600.0,CE,NIFTY2512324600CE,50.1,68.35,43.1,65.75,65.5,65.65,23644.8,65.75,10050,7350,154,284789910.0,44,F1,75,,,,,
2024-12-31,2024-12-31,FO,NSE,IDO,52808,,NIFTY,,2025-01-16,2025-01-16,24600.0,CE,NIFTY2511624600CE,30.3,40.0,23.05,34.85,36.05,34.05,23644.8,34.85,64050,41775,1589,2935096897.5,647,F1,75,,,,,
2024-12-31,2024-12-31,FO,NSE,IDO,61744,,NIFTY,,2029-12-27,2029-12-27,22000.0,CE,NIFTY29DEC22000CE,0.0,0.0,0.0,8865.25,0.0,8865.25,23644.8,8171.9,0,0,0,0.0,0,F1,75,,,,,
2024-12-31,2024-12-31,FO,NSE,IDO,57601,,NIFTY,,2025-02-27,2025-02-27,24000.0,CE,NIFTY25FEB24000CE,450.05,534.05,410.0,505.4,515.6,506.6,23644.8,505.4,395325,69675,4197,7702125352.5,3045,F1,75,,,,,
2024-12-31,2024-12-31,FO,NSE,IDO,46351,,NIFTY,,2025-01-30,2025-01-30,24000.0,PE,NIFTY25JAN24000PE,505.0,607.45,448.05,475.65,468.0,465.6,23644.8,475.65,4942350,-84500,102760,62979295483.75,38608,F1,25,,,,,
2024-12-31,2024-12-31,FO,NSE,IDO,71502,,NIFTY,,2026-12-31,2026-12-31,24000.0,PE,NIFTY26DEC24000PE,950.0,950.0,920.0,920.0,920.0,927.55,23644.8,684.0,7575,250,5,9347253.75,3,F1,75,,,,,
2024-12-31,2024-12-31,FO,NSE,IDO,71393,,NIFTY,,2025-12-24,2025-12-24,24000.0,CE,NIFTY25DEC24000CE,1883.25,1982.0,1850.0,1965.6,1982.0,1971.4,23644.8,1965.6,159025,1050,111,215818425.0,107,F1,75,,,,,
2024-12-31,2024-12-31,FO,NSE,IDO,86152,,NIFTY,,2028-06-29,2028-06-29,24000.0,PE,NIFTY28JUN24000PE,0.0,0.0,0.0,1692.75,0.0,1692.75,23644.8,560.15,0,0,0,0.0,0,F1,75,,,,,
2024-12-31,2024-12-31,FO,NSE,IDO,55004,,NIFTY,,2025-01-23,2025-01-23,24000.0,PE,NIFTY2512324000PE,520.85,578.65,425.0,451.3,449.5,453.2,23644.8,451.3,7200,-300,67,123147446.25,46,F1,75,,,,,
2024-12-31,2024-12-31,FO,NSE,IDO,48021,,NIFTY,,2025-01-09,2025-01-09,22000.0,CE,NIFTY2510922000CE,1640.0,1700.6,1530.5,1700.6,1700.6,1717.2,23644.8,1681.4,13950,3900,62,109756991.25,51,F1,75,,,,,
2024-12-31,2024-12-31,FO,NSE,IDO,54711,,NIFTY,,2025-01-23,2025-01-23,22250.0,CE,NIFTY2512322250CE,0.0,0.0,0.0,1883.5,0.0,1883.5,23644.8,1497.45,0,0,0,0.0,0,F1,75,,,,,
2024-12-31,2024-12-31,FO,NSE,IDO,37805,,NIFTY,,2026-06-25,2026-06-25,23000.0,PE,NIFTY26JUN23000PE,411.95,574.05,411.95,574.05,574.05,550.0,23644.8,456.85,5400,75,2,3523950.0,2,F1,75,,,,,
2024-12-31,2024-12-31,FO,NSE,IDO,71559,,NIFTY,,2027-06-24,2027-06-24,23000.0,PE,NIFTY27JUN23000PE,0.0,0.0,0.0,4514.3,0.0,4514.3,23644.8,443.55,0,0,0,0.0,0,F1,75,,,,,
2024-12-31,2024-12-31,FO,NSE,IDO,52452,,NIFTY,,2025-01-02,2025-01-02,23000.0,PE,NIFTY2510223000PE,9.0,13.55,6.5,7.55,7.4,5.55,23644.8,7.55,7901775,1439100,1155882,1994709681258.75,310183,F1,75,,,,,
2024-12-31,2024-12-31,FO,NSE,IDO,89628,,NIFTY,,2029-06-28,2029-06-28,23000.0,CE,NIFTY29JUN23000CE,0.0,0.0,0.0,8636.0,0.0,8636.0,23644.8,7012.6,0,0,0,0.0,0,F1,75,,,,,
2024-12-31,2024-12-31,FO,NSE,IDO,55037,,NIFTY,,2025-01-23,2025-01-23,24550.0,CE,NIFTY2512324550CE,0.0,0.0,0.0,100.0,100.0,100.0,23644.8,70.35,375,0,0,0.0,0,F1,75,,,,,
2024-12-31,2024-12-31,FO,NSE,IDO,71558,,NIFTY,,2027-06-24,2027-06-24,23000.0,CE,NIFTY27JUN23000CE,0.0,0.0,0.0,2530.05,0.0,2530.05,23644.8,4632.8,0,0,0,0.0,0,F1,75,,,,,
2024-12-31,2024-12-31,FO,NSE,IDO,52578,,NIFTY,,2025-01-02,2025-01-02,24550.0,CE,NIFTY2510224550CE,1.25,2.0,1.25,1.7,1.5,1.8,23644.8,1.7,2003025,-276900,221900,408601687125.0,51171,F1,75,,,,,
2024-12-31,2024-12-31,FO,NSE,IDO,52579,,NIFTY,,2025-01-02,2025-01-02,24550.0,PE,NIFTY2510224550PE,953.1,1012.95,806.3,862.0,862.0,880.0,23644.8,896.15,16800,0,23,43930413.75,18,F1,75,,,,,
2024-12-31,2024-12-31,FO,NSE,IDO,54777,,NIFTY,,2025-01-23,2025-01-23,23000.0,PE,NIFTY2512323000PE,110.05,135.0,92.8,99.4,97.6,92.45,23644.8,99.4,39750,15075,790,1369263858.75,359,F1,75,,,,,
2024-12-31,2024-12-31,FO,NSE,IDO,48063,,NIFTY,,2025-01-09,2025-01-09,23000.0,CE,NIFTY2510923000CE,650.0,810.0,575.0,762.1,769.0,753.0,23644.8,762.1,84450,45600,2122,3769346493.75,1164,F1,75,,,,,
2024-12-31,2024-12-31,FO,NSE,IDO,55640,,NIFTY,,2025-02-27,2025-02-27,23000.0,PE,NIFTY25FEB23000PE,225.0,254.45,200.45,210.0,208.0,201.75,23644.8,210.0,1172400,41625,5967,10392874987.5,3638,F1,75,,,,,
2024-12-31,2024-12-31,FO,NSE,IDO,48154,,NIFTY,,2025-01-09,2025-01-09,24550.0,PE,NIFTY2510924550PE,970.0,970.0,884.75,884.75,884.75,672.25,23644.8,873.9,1800,75,2,3821606.25,2,F1,75,,,,,
2024-12-31,2024-12-31,FO,NSE,IDO,64565,,NIFTY,,2025-03-27,2025-03-27,23000.0,PE,NIFTY25MAR23000PE,269.95,297.75,245.05,256.7,256.5,245.95,23644.8,256.7,1576500,14450,4086,7130888812.5,2244,F1,75,,,,,
2024-12-31,2024-12-31,FO,NSE,IDO,54984,,NIFTY,,2025-01-23,2025-01-23,23550.0,PE,NIFTY2512323550PE,264.35,324.05,240.0,246.05,240.0,235.55,23644.8,246.05,675,450,42,75088642.5,19,F1,75,,,,,
2024-12-31,2024-12-31,FO,NSE,IDO,48097,,NIFTY,,2025-01-09,2025-01-09,23550.0,PE,NIFTY2510923550PE,186.1,244.65,137.75,152.7,149.6,140.0,23644.8,152.7,144750,87975,18900,33643675395.0,11670,F1,75,,,,,
2024-12-31,2024-12-31,FO,NSE,IDO,57624,,NIFTY,,2025-02-27,2025-02-27,24550.0,PE,NIFTY25FEB24550PE,0.0,0.0,0.0,839.6,839.6,839.6,23644.8,899.4,3375,0,0,0.0,0,F1,75,,,,,
2024-12-31,2024-12-31,FO,NSE,IDO,67781,,NIFTY,,2028-12-28,2028-12-28,23000.0,PE,NIFTY28DEC23000PE,0.0,0.0,0.0,525.15,525.15,525.15,23644.8,375.35,150,0,0,0.0,0,F1,75,,,,,
2024-12-31,2024-12-31,FO,NSE,IDO,54776,,NIFTY,,2025-01-23,2025-01-23,23000.0,CE,NIFTY2512323000CE,841.3,889.95,841.3,889.95,889.95,1100.0,23644.8,816.05,150,150,4,7159687.5,2,F1,75,,,,,
2024-12-31,2024-12-31,FO,NSE,IDO,37794,,NIFTY,,2025-06-26,2025-06-26,23000.0,PE,NIFTY25JUN23000PE,378.6,400.0,351.5,362.1,361.5,345.05,23644.8,362.1,417125,20575,769,1348326093.75,602,F1,75,,,,,
2024-12-31,2024-12-31,FO,NSE,IDO,43272,,NIFTY,,2025-01-30,2025-01-30,23000.0,PE,NIFTY25JAN23000PE,134.0,167.7,117.45,124.35,121.8,117.55,23644.8,124.35,4026425,127675,131796,76240092388.75,39431,F1,25,,,,,
2024-12-31,2024-12-31,FO,NSE,IDO,52528,,NIFTY,,2025-01-16,2025-01-16,23000.0,PE,NIFTY2511623000PE,80.0,102.55,66.1,70.9,69.0,62.1,23644.8,70.9,92775,-5925,2942,5093094131.25,1172,F1,75,,,,,
2024-12-31,2024-12-31,FO,NSE,IDO,64690,,NIFTY,,2025-09-25,2025-09-25,23000.0,CE,NIFTY25SEP23000CE,0.0,0.0,0.0,5026.1,0.0,5026.1,23644.8,2154.85,0,0,0,0.0,0,F1,75,,,,,
2024-12-31,2024-12-31,FO,NSE,IDO,64691,,NIFTY,,2025-09-25,2025-09-25,23000.0,PE,NIFTY25SEP23000PE,0.0,0.0,0.0,195.15,0.0,195.15,23644.8,397.9,0,0,0,0.0,0,F1,75,,,,,
2024-12-31,2024-12-31,FO,NSE,IDO,86149,,NIFTY,,2028-06-29,2028-06-29,23000.0,CE,NIFTY28JUN23000CE,0.0,0.0,0.0,4323.1,0.0,4323.1,23644.8,5879.1,0,0,0,0.0,0,F1,75,,,,,
2024-12-31,2024-12-31,FO,NSE,IDO,52597,,NIFTY,,2025-01-02,2025-01-02,24850.0,CE,NIFTY2510224850CE,1.3,1.55,1.1,1.3,1.25,1.3,23644.8,1.3,619050,137175,68703,128051955727.5,23735,F1,75,,,,,
2024-12-31,2024-12-31,FO,NSE,IDO,52498,,NIFTY,,2025-01-02,2025-01-02,23500.0,PE,NIFTY2510223500PE,88.75,146.0,54.35,62.3,55.45,60.0,23644.8,62.3,6290550,1603725,2887652,5109598491168.75,1552361,F1,75,,,,,
2024-12-31,2024-12-31,FO,NSE,IDO,57582,,NIFTY,,2025-02-27,2025-02-27,23500.0,PE,NIFTY25FEB23500PE,385.9,419.5,332.2,347.1,342.0,339.05,23644.8,347.1,534075,61125,6437,11525174208.75,3878,F1,75,,,,,
2024-12-31,2024-12-31,FO,NSE,IDO,54982,,NIFTY,,2025-01-23,2025-01-23,23500.0,PE,NIFTY2512323500PE,255.95,308.35,210.8,224.1,223.0,217.3,23644.8,224.1,20025,4575,735,1309460486.25,410,F1,75,,,,,
2024-12-31,2024-12-31,FO,NSE,IDO,56739,,NIFTY,,2025-02-27,2025-02-27,23500.0,CE,NIFTY25FEB23500CE,715.2,822.0,666.8,797.15,800.85,799.45,23644.8,797.15,106575,44325,1630,2961397882.5,1281,F1,75,,,,,
2024-12-31,2024-12-31,FO,NSE,IDO,51399,,NIFTY,,2025-03-27,2025-03-27,23500.0,CE,NIFTY25MAR23500CE,893.4,1006.55,849.5,969.1,983.1,964.55,23644.8,969.1,39525,27075,656,1200854036.25,395,F1,75,,,,,
2024-12-31,2024-12-31,FO,NSE,IDO,52483,,NIFTY,,2025-01-16,2025-01-16,22500.0,CE,NIFTY2511622500CE,0.0,0.0,0.0,2219.5,0.0,2219.5,23644.8,1219.3,0,0,0,0.0,0,F1,75,,,,,
2024-12-31,2024-12-31,FO,NSE,IDO,46239,,NIFTY,,2025-01-30,2025-01-30,23500.0,CE,NIFTY25JAN23500CE,500.0,601.1,438.5,563.6,574.3,567.15,23644.8,563.6,1486725,359225,92995,55822023397.5,37972,F1,25,,,,,
2024-12-31,2024-12-31,FO,NSE,IDO,46998,,NIFTY,,2025-03-27,2025-03-27,22500.0,PE,NIFTY25MAR22500PE,159.85,186.85,155.1,161.45,162.95,158.35,23644.8,161.45,69600,17175,927,1576194918.75,525,F1,75,,,,,
2024-12-31,2024-12-31,FO,NSE,IDO,48094,,NIFTY,,2025-01-09,2025-01-09,23500.0,CE,NIFTY2510923500CE,301.05,400.2,232.9,359.9,367.6,356.15,23644.8,359.9,432975,256050,44626,79649791147.5,26892,F1,75,,,,,
2024-12-31,2024-12-31,FO,NSE,IDO,52610,,NIFTY,,2025-01-16,2025-01-16,23500.0,PE,NIFTY2511623500PE,219.95,269.55,172.15,186.4,184.35,172.35,23644.8,186.4,88725,53025,3932,6993113385.0,2169,F1,75,,,,,
2024-12-31,2024-12-31,FO,NSE,IDO,48042,,NIFTY,,2025-01-09,2025-01-09,22500.0,PE,NIFTY2510922500PE,9.05,14.95,8.5,10.35,10.6,7.15,23644.8,10.35,1164975,576675,36848,62211600656.25,14478,F1,75,,,,,
2024-12-31,2024-12-31,FO,NSE,IDO,52484,,NIFTY,,2025-01-16,2025-01-16,22500.0,PE,NIFTY2511622500PE,24.7,32.55,21.75,23.65,22.75,18.5,23644.8,23.65,175350,19200,1936,3270749692.5,917,F1,75,,,,,
2024-12-31,2024-12-31,FO,NSE,IDO,55620,,NIFTY,,2025-02-27,2025-02-27,22500.0,PE,NIFTY25FEB22500PE,124.85,155.95,115.7,120.65,120.0,116.75,23644.8,120.65,856500,-37425,5520,9368480868.75,2947,F1,75,,,,,
2024-12-31,2024-12-31,FO,NSE,IDO,54981,,NIFTY,,2025-01-23,2025-01-23,23500.0,CE,NIFTY2512323500CE,412.0,542.15,382.5,510.2,508.0,650.0,23644.8,510.2,5175,5100,268,481439902.5,156,F1,75,,,,,
2024-12-31,2024-12-31,FO,NSE,IDO,38164,,NIFTY,,2027-12-30,2027-12-30,29000.0,CE,NIFTY27DEC29000CE,0.0,0.0,0.0,1932.55,0.0,1932.55,23644.8,2182.95,0,0,0,0.0,0,F1,75,,,,,
2024-12-31,2024-12-31,FO,NSE,IDO,38150,,NIFTY,,2025-06-26,2025-06-26,29000.0,CE,NIFTY25JUN29000CE,39.5,39.75,35.1,36.1,35.1,42.1,23644.8,36.1,56775,1225,63,137202513.75,44,F1,75,,,,,
2024-12-31,2024-12-31,FO,NSE,IDO,38157,,NIFTY,,2026-06-25,2026-06-25,29000.0,PE,NIFTY26JUN29000PE,0.0,0.0,0.0,5546.1,0.0,5546.1,23644.8,3248.55,0,0,0,0.0,0,F1,75,,,,,
2024-12-31,2024-12-31,FO,NSE,IDO,53979,,NIFTY,,2025-03-27,2025-03-27,23800.0,PE,NIFTY25MAR23800PE,534.0,561.25,488.0,488.0,488.0,588.35,23644.8,512.05,2550,2550,43,78494790.0,23,F1,75,,,,,
2024-12-31,2024-12-31,FO,NSE,IDO,48106,,NIFTY,,2025-01-09,2025-01-09,23800.0,CE,NIFTY2510923800CE,142.45,216.25,108.4,186.25,194.6,181.05,23644.8,186.25,1090650,217200,63881,114795128692.5,34416,F1,75,,,,,
2024-12-31,2024-12-31,FO,NSE,IDO,45874,,NIFTY,,2025-12-24,2025-12-24,17000.0,PE,NIFTY25DEC17000PE,0.0,0.0,0.0,57.7,57.7,57.7,23644.8,1.15,3525,0,0,0.0,0,F1,75,,,,,
2024-12-31,2024-12-31,FO,NSE,IDO,57593,,NIFTY,,2025-02-27,2025-02-27,23800.0,CE,NIFTY25FEB23800CE,553.35,640.2,505.95,614.9,618.95,617.2,23644.8,614.9,39300,-1650,469,856746986.25,300,F1,75,,,,,
2024-12-31,2024-12-31,FO,NSE,IDO,48107,,NIFTY,,2025-01-09,2025-01-09,23800.0,PE,NIFTY2510923800PE,298.95,394.2,234.45,259.9,254.15,246.25,23644.8,259.9,730125,131025,23948,43264275213.75,14356,F1,75,,,,,
2024-12-31,2024-12-31,FO,NSE,IDO,46327,,NIFTY,,2025-01-30,2025-01-30,23800.0,PE,NIFTY25JAN23800PE,423.0,486.4,351.6,374.25,366.8,365.9,23644.8,374.25,2371000,340250,102458,61994445443.75,38162,F1,25,,,,,
2024-12-31,2024-12-31,FO,NSE,IDO,51451,,NIFTY,,2025-12-24,2025-12-24,21000.0,CE,NIFTY25DEC21000CE,0.0,0.0,0.0,4050.0,4050.0,4050.0,23644.8,4100.35,1625,0,0,0.0,0,F1,75,,,,,
2024-12-31,2024-12-31,FO,NSE,IDO,45873,,NIFTY,,2025-12-24,2025-12-24,17000.0,CE,NIFTY25DEC17000CE,0.0,0.0,0.0,8400.0,8400.0,8400.0,23644.8,7735.0,625,0,0,0.0,0,F1,75,,,,,
2024-12-31,2024-12-31,FO,NSE,IDO,52662,,NIFTY,,2025-01-16,2025-01-16,23800.0,CE,NIFTY2511623800CE,200.0,288.75,173.7,263.85,269.0,258.55,23644.8,263.85,119325,26550,3369,6069522202.5,1444,F1,75,,,,,
2024-12-31,2024-12-31,FO,NSE,IDO,48088,,NIFTY,,2025-01-09,2025-01-09,23350.0,CE,NIFTY2510923350CE,376.05,512.3,319.3,471.0,472.3,468.1,23644.8,471.0,12825,7575,642,1142821537.5,495,F1,75,,,,,
2024-12-31,2024-12-31,FO,NSE,IDO,55653,,NIFTY,,2025-02-27,2025-02-27,23350.0,CE,NIFTY25FEB23350CE,0.0,0.0,0.0,1358.4,0.0,1358.4,23644.8,820.5,0,0,0,0.0,0,F1,75,,,,,
2024-12-31,2024-12-31,FO,NSE,IDO,52472,,NIFTY,,2025-01-02,2025-01-02,23350.0,PE,NIFTY2510223350PE,39.55,79.3,28.1,32.05,29.0,29.55,23644.8,32.05,1480725,610425,663654,1164627188073.75,371937,F1,75,,,,,
2024-12-31,2024-12-31,FO,NSE,IDO,54939,,NIFTY,,2025-01-23,2025-01-23,23350.0,CE,NIFTY2512323350CE,0.0,0.0,0.0,950.75,0.0,950.75,23644.8,552.5,0,0,0,0.0,0,F1,75,,,,,
2024-12-31,2024-12-31,FO,NSE,IDO,48089,,NIFTY,,2025-01-09,2025-01-09,23350.0,PE,NIFTY2510923350PE,110.3,155.05,85.35,94.7,93.2,80.1,23644.8,94.7,124275,-51600,14151,24905583037.5,7911,F1,75,,,,,
2024-12-31,2024-12-31,FO,NSE,IDO,52471,,NIFTY,,2025-01-02,2025-01-02,23350.0,CE,NIFTY2510223350CE,252.45,425.45,207.85,375.8,386.0,379.35,23644.8,375.8,119100,90075,27650,49000701427.5,20619,F1,75,,,,,
2024-12-31,2024-12-31,FO,NSE,IDO,89634,,NIFTY,,2029-06-28,2029-06-28,26000.0,CE,NIFTY29JUN26000CE,0.0,0.0,0.0,7052.2,0.0,7052.2,23644.8,5274.85,0,0,0,0.0,0,F1,75,,,,,
2024-12-31,2024-12-31,FO,NSE,IDO,71384,,NIFTY,,2025-06-26,2025-06-26,26000.0,PE,NIFTY25JUN26000PE,1810.0,1892.0,1600.0,1723.7,1731.7,1744.25,23644.8,1723.7,87825,7850,259,538904415.0,190,F1,75,,,,,
2024-12-31,2024-12-31,FO,NSE,IDO,71399,,NIFTY,,2025-12-24,2025-12-24,26000.0,CE,NIFTY25DEC26000CE,920.0,954.95,890.25,932.45,936.0,950.1,23644.8,932.45,101475,-2725,306,617733161.25,262,F1,75,,,,,
2024-12-31,2024-12-31,FO,NSE,IDO,61779,,NIFTY,,2029-12-27,2029-12-27,26000.0,PE,NIFTY29DEC26000PE,0.0,0.0,0.0,969.6,0.0,969.6,23644.8,753.85,0,0,0,0.0,0,F1,75,,,,,
2024-12-31,2024-12-31,FO,NSE,IDO,52654,,NIFTY,,2025-01-02,2025-01-02,26000.0,PE,NIFTY2510226000PE,2420.0,2512.45,2303.45,2313.95,2303.45,2295.8,23644.8,2313.95,136350,-17625,253,538752273.75,185,F1,75,,,,,
2024-12-31,2024-12-31,FO,NSE,IDO,86162,,NIFTY,,2028-06-29,2028-06-29,26000.0,PE,NIFTY28JUN26000PE,0.0,0.0,0.0,2370.3,0.0,2370.3,23644.8,1001.1,0,0,0,0.0,0,F1,75,,,,,
2024-12-31,2024-12-31,FO,NSE,IDO,53628,,NIFTY,,2027-12-30,2027-12-30,26000.0,CE,NIFTY27DEC26000CE,0.0,0.0,0.0,3162.4,0.0,3162.4,23644.8,3508.95,0,0,0,0.0,0,F1,75,,,,,
2024-12-31,2024-12-31,FO,NSE,IDO,61778,,NIFTY,,2029-12-27,2029-12-27,26000.0,CE,NIFTY29DEC26000CE,0.0,0.0,0.0,6686.95,0.0,6686.95,23644.8,5836.0,0,0,0,0.0,0,F1,75,,,,,
2024-12-31,2024-12-31,FO,NSE,IDO,52892,,NIFTY,,2025-01-16,2025-01-16,26000.0,CE,NIFTY2511626000CE,3.0,3.65,2.85,3.65,3.65,3.4,23644.8,3.65,57975,12675,530,1033637857.5,184,F1,75,,,,,
2024-12-31,2024-12-31,FO,NSE,IDO,67787,,NIFTY,,2028-12-28,2028-12-28,26000.0,PE,NIFTY28DEC26000PE,0.0,0.0,0.0,1160.95,0.0,1160.95,23644.8,910.2,0,0,0,0.0,0,F1,75,,,,,
2024-12-31,2024-12-31,FO,NSE,IDO,64696,,NIFTY,,2025-09-25,2025-09-25,26000.0,CE,NIFTY25SEP26000CE,0.0,0.0,0.0,2854.15,0.0,2854.15,23644.8,653.0,0,0,0,0.0,0,F1,75,,,,,
2024-12-31,2024-12-31,FO,NSE,IDO,71383,,NIFTY,,2025-06-26,2025-06-26,26000.0,CE,NIFTY25JUN26000CE,290.4,315.0,280.0,306.0,310.0,316.15,23644.8,306.0,147775,10000,495,976332292.5,385,F1,75,,,,,
2024-12-31,2024-12-31,FO,NSE,IDO,71403,,NIFTY,,2025-12-24,2025-12-24,26000.0,PE,NIFTY25DEC26000PE,1609.0,1671.35,1525.0,1530.25,1530.95,1550.65,23644.8,1530.25,127875,-150,94,194427000.0,78,F1,75,,,,,
2024-12-31,2024-12-31,FO,NSE,IDO,48219,,NIFTY,,2025-01-09,2025-01-09,26000.0,CE,NIFTY2510926000CE,2.05,2.35,1.8,2.0,1.85,2.1,23644.8,2.0,422775,77550,8866,17290089187.5,2266,F1,75,,,,,
2024-12-31,2024-12-31,FO,NSE,IDO,86161,,NIFTY,,2028-06-29,2028-06-29,26000.0,CE,NIFTY28JUN26000CE,0.0,0.0,0.0,3200.9,0.0,3200.9,23644.8,4111.05,0,0,0,0.0,0,F1,75,,,,,
2024-12-31,2024-12-31,FO,NSE,IDO,71565,,NIFTY,,2027-06-24,2027-06-24,26000.0,PE,NIFTY27JUN26000PE,0.0,0.0,0.0,6202.2,0.0,6202.2,23644.8,1218.65,0,0,0,0.0,0,F1,75,,,,,
2024-12-31,2024-12-31,FO,NSE,IDO,55013,,NIFTY,,2025-01-23,2025-01-23,24200.0,CE,NIFTY2512324200CE,122.2,175.3,112.25,158.8,163.1,159.85,23644.8,158.8,3450,150,69,125950398.75,47,F1,75,,,,,
2024-12-31,2024-12-31,FO,NSE,IDO,52713,,NIFTY,,2025-01-16,2025-01-16,24200.0,CE,NIFTY2511624200CE,76.95,121.7,66.5,106.9,111.0,102.6,23644.8,106.9,46050,16500,1840,3351944216.25,926,F1,75,,,,,
2024-12-31,2024-12-31,FO,NSE,IDO,52630,,NIFTY,,2025-01-02,2025-01-02,25450.0,PE,NIFTY2510225450PE,0.0,0.0,0.0,1933.95,0.0,1933.95,23644.8,1795.8,0,0,0,0.0,0,F1,75,,,,,
2024-12-31,2024-12-31,FO,NSE,IDO,57661,,NIFTY,,2025-02-27,2025-02-27,25450.0,CE,NIFTY25FEB25450CE,77.15,77.2,68.85,77.2,77.2,77.2,23644.8,79.0,5325,0,7,13399702.5,5,F1,75,,,,,
2024-12-31,2024-12-31,FO,NSE,IDO,48195,,NIFTY,,2025-01-09,2025-01-09,25450.0,CE,NIFTY2510925450CE,2.65,2.9,2.35,2.45,2.5,2.5,23644.8,2.45,29025,-2625,260,496323667.5,114,F1,75,,,,,
2024-12-31,2024-12-31,FO,NSE,IDO,52869,,NIFTY,,2025-01-16,2025-01-16,25450.0,PE,NIFTY2511625450PE,0.0,0.0,0.0,942.85,0.0,942.85,23644.8,1731.4,0,0,0,0.0,0,F1,75,,,,,
2024-12-31,2024-12-31,FO,NSE,IDO,52628,,NIFTY,,2025-01-16,2025-01-16,23650.0,PE,NIFTY2511623650PE,277.15,341.7,228.5,241.3,242.65,231.35,23644.8,241.3,13050,5625,452,811099710.0,215,F1,75,,,,,
2024-12-31,2024-12-31,FO,NSE,IDO,48100,,NIFTY,,2025-01-09,2025-01-09,23650.0,CE,NIFTY2510923650CE,191.4,302.0,163.5,267.4,274.05,260.35,23644.8,267.4,114225,60450,15535,27831629426.25,9489,F1,75,,,,,
2024-12-31,2024-12-31,FO,NSE,IDO,57588,,NIFTY,,2025-02-27,2025-02-27,23650.0,PE,NIFTY25FEB23650PE,426.3,475.35,383.95,401.05,401.8,393.8,23644.8,401.05,4500,1200,85,153415710.0,55,F1,75,,,,,
2024-12-31,2024-12-31,FO,NSE,IDO,57587,,NIFTY,,2025-02-27,2025-02-27,23650.0,CE,NIFTY25FEB23650CE,650.0,726.5,650.0,697.85,699.55,698.1,23644.8,697.85,7950,1200,32,58430992.5,29,F1,75,,,,,
2024-12-31,2024-12-31,FO,NSE,IDO,48174,,NIFTY,,2025-01-09,2025-01-09,25000.0,PE,NIFTY2510925000PE,1376.8,1474.95,1240.0,1269.9,1272.2,1263.05,23644.8,1269.9,26775,6300,119,235113022.5,98,F1,75,,,,,
2024-12-31,2024-12-31,FO,NSE,IDO,89633,,NIFTY,,2029-06-28,2029-06-28,25000.0,PE,NIFTY29JUN25000PE,0.0,0.0,0.0,852.5,0.0,852.5,23644.8,638.05,0,0,0,0.0,0,F1,75,,,,,
2024-12-31,2024-12-31,FO,NSE,IDO,71562,,NIFTY,,2027-06-24,2027-06-24,25000.0,CE,NIFTY27JUN25000CE,0.0,0.0,0.0,2090.05,0.0,2090.05,23644.8,3400.95,0,0,0,0.0,0,F1,75,,,,,
2024-12-31,2024-12-31,FO,NSE,IDO,64694,,NIFTY,,2025-09-25,2025-09-25,25000.0,CE,NIFTY25SEP25000CE,0.0,0.0,0.0,3510.0,0.0,3510.0,23644.8,1023.8,0,0,0,0.0,0,F1,75,,,,,
2024-12-31,2024-12-31,FO,NSE,IDO,55067,,NIFTY,,2025-01-23,2025-01-23,25000.0,CE,NIFTY2512325000CE,23.65,23.8,16.0,22.9,23.75,22.5,23644.8,22.9,56925,13275,805,1510591110.0,375,F1,75,,,,,
2024-12-31,2024-12-31,FO,NSE,IDO,86160,,NIFTY,,2028-06-29,2028-06-29,25000.0,PE,NIFTY28JUN25000PE,0.0,0.0,0.0,2016.8,0.0,2016.8,23644.8,759.65,0,0,0,0.0,0,F1,75,,,,,
2024-12-31,2024-12-31,FO,NSE,IDO,57641,,NIFTY,,2025-02-27,2025-02-27,25000.0,CE,NIFTY25FEB25000CE,136.35,160.4,118.35,152.4,155.0,152.5,23644.8,152.4,691275,102975,7940,14969727131.25,4669,F1,75,,,,,
2024-12-31,2024-12-31,FO,NSE,IDO,48173,,NIFTY,,2025-01-09,2025-01-09,25000.0,CE,NIFTY2510925000CE,4.05,4.05,3.2,3.35,3.35,4.05,23644.8,3.35,1149525,224325,30521,57235122011.25,9638,F1,75,,,,,
2024-12-31,2024-12-31,FO,NSE,IDO,67784,,NIFTY,,2028-12-28,2028-12-28,25000.0,CE,NIFTY28DEC25000CE,0.0,0.0,0.0,5350.4,0.0,5350.4,23644.8,5249.7,0,0,0,0.0,0,F1,75,,,,,
2024-12-31,2024-12-31,FO,NSE,IDO,89632,,NIFTY,,2029-06-28,2029-06-28,25000.0,CE,NIFTY29JUN25000CE,0.0,0.0,0.0,7557.7,0.0,7557.7,23644.8,5823.15,0,0,0,0.0,0,F1,75,,,,,
2024-12-31,2024-12-31,FO,NSE,IDO,71475,,NIFTY,,2026-06-25,2026-06-25,25000.0,PE,NIFTY26JUN25000PE,0.0,0.0,0.0,6063.1,0.0,6063.1,23644.8,1059.15,0,0,0,0.0,0,F1,75,,,,,
2024-12-31,2024-12-31,FO,NSE,IDO,71474,,NIFTY,,2026-06-25,2026-06-25,25000.0,CE,NIFTY26JUN25000CE,0.0,0.0,0.0,1510.4,0.0,1510.4,23644.8,2084.1,0,0,0,0.0,0,F1,75,,,,,
2024-12-31,2024-12-31,FO,NSE,IDO,52883,,NIFTY,,2025-01-16,2025-01-16,25800.0,CE,NIFTY2511625800CE,3.8,4.45,3.4,3.55,3.4,41.25,23644.8,3.55,3825,3750,81,156757931.25,27,F1,75,,,,,
2024-12-31,2024-12-31,FO,NSE,IDO,52603,,NIFTY,,2025-01-02,2025-01-02,25000.0,CE,NIFTY2510225000CE,0.9,1.45,0.9,1.15,1.15,1.25,23644.8,1.15,9794250,112125,398666,747535544381.25,70830,F1,75,,,,,
2024-12-31,2024-12-31,FO,NSE,IDO,71504,,NIFTY,,2026-12-31,2026-12-31,25000.0,PE,NIFTY26DEC25000PE,0.0,0.0,0.0,1240.3,1240.3,1240.3,23644.8,977.25,375,0,0,0.0,0,F1,75,,,,,
2024-12-31,2024-12-31,FO,NSE,IDO,71382,,NIFTY,,2025-06-26,2025-06-26,25000.0,PE,NIFTY25JUN25000PE,1159.95,1218.05,1084.65,1103.4,1102.0,1105.7,23644.8,1103.4,261775,1625,381,747247391.25,331,F1,75,,,,,
2024-12-31,2024-12-31,FO,NSE,IDO,52511,,NIFTY,,2025-01-02,2025-01-02,23700.0,CE,NIFTY2510223700CE,100.0,165.7,54.0,128.0,135.0,131.55,23644.8,128.0,5609700,2409675,1805432,3223512402191.25,1091126,F1,75,,,,,
2024-12-31,2024-12-31,FO,NSE,IDO,52519,,NIFTY,,2025-01-02,2025-01-02,23700.0,PE,NIFTY2510223700PE,160.0,276.0,117.25,136.4,127.75,134.45,23644.8,136.4,3490725,246000,928010,1661271300420.0,583465,F1,75,,,,,
2024-12-31,2024-12-31,FO,NSE,IDO,52421,,NIFTY,,2025-01-02,2025-01-02,22450.0,PE,NIFTY2510222450PE,1.55,3.9,1.55,3.2,3.05,1.85,23644.8,3.2,2081325,1215375,130760,220196848593.75,49768,F1,75,,,,,
2024-12-31,2024-12-31,FO,NSE,IDO,52468,,NIFTY,,2025-01-16,2025-01-16,22300.0,CE,NIFTY2511622300CE,0.0,0.0,0.0,2412.8,0.0,2412.8,23644.8,1414.1,0,0,0,0.0,0,F1,75,,,,,
2024-12-31,2024-12-31,FO,NSE,IDO,43236,,NIFTY,,2025-01-30,2025-01-30,22300.0,PE,NIFTY25JAN22300PE,47.7,54.7,40.2,42.1,41.1,37.7,23644.8,42.1,454425,48475,18511,10341329217.5,6447,F1,25,,,,,
2024-12-31,2024-12-31,FO,NSE,IDO,55604,,NIFTY,,2025-02-27,2025-02-27,22100.0,PE,NIFTY25FEB22100PE,0.0,0.0,0.0,109.2,0.0,109.2,23644.8,39.95,0,0,0,0.0,0,F1,75,,,,,
2024-12-31,2024-12-31,FO,NSE,IDO,43219,,NIFTY,,2025-01-30,2025-01-30,22100.0,CE,NIFTY25JAN22100CE,0.0,0.0,0.0,1939.85,1939.85,1939.85,23644.8,1677.2,400,0,0,0.0,0,F1,25,,,,,
2024-12-31,2024-12-31,FO,NSE,IDO,54699,,NIFTY,,2025-01-23,2025-01-23,22100.0,PE,NIFTY2512322100PE,0.0,0.0,0.0,19.15,0.0,19.15,23644.8,4.8,0,0,0,0.0,0,F1,75,,,,,
2024-12-31,2024-12-31,FO,NSE,IDO,54698,,NIFTY,,2025-01-23,2025-01-23,22100.0,CE,NIFTY2512322100CE,0.0,0.0,0.0,2025.0,0.0,2025.0,23644.8,1643.4,0,0,0,0.0,0,F1,75,,,,,
2024-12-31,2024-12-31,FO,NSE,IDO,52390,,NIFTY,,2025-01-02,2025-01-02,22100.0,PE,NIFTY2510222100PE,1.2,2.8,1.05,2.3,2.15,1.2,23644.8,2.3,2642475,1575000,147012,243696547335.0,51008,F1,75,,,,,
2024-12-31,2024-12-31,FO,NSE,IDO,52388,,NIFTY,,2025-01-02,2025-01-02,22100.0,CE,NIFTY2510222100CE,1515.0,1528.0,1515.0,1528.0,1528.0,1697.0,23644.8,1552.95,450,-150,2,3543225.0,2,F1,75,,,,,
2024-12-31,2024-12-31,FO,NSE,IDO,52575,,NIFTY,,2025-01-02,2025-01-02,24500.0,CE,NIFTY2510224500CE,1.8,2.15,1.5,1.9,1.7,2.1,23644.8,1.9,13954200,4307850,851403,1564572663052.5,158846,F1,75,,,,,
2024-12-31,2024-12-31,FO,NSE,IDO,48025,,NIFTY,,2025-01-09,2025-01-09,22100.0,CE,NIFTY2510922100CE,1501.65,1560.0,1477.35,1560.0,1560.0,1600.0,23644.8,1581.6,300,225,4,7087050.0,4,F1,75,,,,,
2024-12-31,2024-12-31,FO,NSE,IDO,55603,,NIFTY,,2025-02-27,2025-02-27,22100.0,CE,NIFTY25FEB22100CE,0.0,0.0,0.0,2321.95,0.0,2321.95,23644.8,1820.5,0,0,0,0.0,0,F1,75,,,,,
2024-12-31,2024-12-31,FO,NSE,IDO,55035,,NIFTY,,2025-01-23,2025-01-23,24500.0,CE,NIFTY2512324500CE,70.0,95.15,55.55,86.55,95.15,80.7,23644.8,86.55,31275,7950,532,980290668.75,273,F1,75,,,,,
2024-12-31,2024-12-31,FO,NSE,IDO,46371,,NIFTY,,2025-01-30,2025-01-30,24500.0,CE,NIFTY25JAN24500CE,104.0,131.0,81.6,119.65,121.0,117.35,23644.8,119.65,2269325,171025,124900,76821368540.0,38496,F1,25,,,,,
2024-12-31,2024-12-31,FO,NSE,IDO,46959,,NIFTY,,2025-03-27,2025-03-27,22100.0,PE,NIFTY25MAR22100PE,117.0,125.0,115.95,115.95,115.95,114.95,23644.8,115.95,15825,8025,160,266626612.5,64,F1,75,,,,,
2024-12-31,2024-12-31,FO,NSE,IDO,52577,,NIFTY,,2025-01-02,2025-01-02,24500.0,PE,NIFTY2510224500PE,925.45,1020.7,754.1,808.45,794.85,792.05,23644.8,808.45,412350,-104850,3641,6926784300.0,2406,F1,75,,,,,
2024-12-31,2024-12-31,FO,NSE,IDO,48148,,NIFTY,,2025-01-09,2025-01-09,24500.0,CE,NIFTY2510924500CE,15.75,17.55,10.65,14.95,15.4,16.75,23644.8,14.95,1145250,333075,62112,114194154480.0,30959,F1,75,,,,,
2024-12-31,2024-12-31,FO,NSE,IDO,57647,,NIFTY,,2025-02-27,2025-02-27,25100.0,CE,NIFTY25FEB25100CE,105.95,135.0,101.4,130.1,131.2,130.25,23644.8,130.1,28350,3825,396,748920611.25,207,F1,75,,,,,
2024-12-31,2024-12-31,FO,NSE,IDO,46449,,NIFTY,,2025-01-30,2025-01-30,25100.0,PE,NIFTY25JAN25100PE,1400.0,1500.0,1400.0,1400.0,1400.0,1306.0,23644.8,1351.0,63975,-250,22,14594357.5,9,F1,25,,,,,
2024-12-31,2024-12-31,FO,NSE,IDO,52853,,NIFTY,,2025-01-16,2025-01-16,25100.0,PE,NIFTY2511625100PE,0.0,0.0,0.0,706.95,0.0,706.95,23644.8,1386.8,0,0,0,0.0,0,F1,75,,,,,
2024-12-31,2024-12-31,FO,NSE,IDO,48177,,NIFTY,,2025-01-09,2025-01-09,25100.0,CE,NIFTY2510925100CE,3.2,3.6,2.4,3.0,2.6,3.35,23644.8,3.0,136650,-11625,5547,10443548508.75,2466,F1,75,,,,,
2024-12-31,2024-12-31,FO,NSE,IDO,57585,,NIFTY,,2025-02-27,2025-02-27,23600.0,CE,NIFTY25FEB23600CE,657.0,807.35,616.0,743.35,741.5,735.7,23644.8,743.35,16950,7575,371,676023138.75,260,F1,75,,,,,
2024-12-31,2024-12-31,FO,NSE,IDO,52623,,NIFTY,,2025-01-16,2025-01-16,23600.0,CE,NIFTY2511623600CE,303.05,406.0,254.8,372.8,376.75,363.55,23644.8,372.8,147675,132150,5115,9173937693.75,3459,F1,75,,,,,
2024-12-31,2024-12-31,FO,NSE,IDO,52504,,NIFTY,,2025-01-02,2025-01-02,23600.0,CE,NIFTY2510223600CE,133.0,229.9,83.3,185.65,194.55,187.0,23644.8,185.65,3147600,2055450,2119552,3774855296805.0,1329940,F1,75,,,,,
2024-12-31,2024-12-31,FO,NSE,IDO,54986,,NIFTY,,2025-01-23,2025-01-23,23600.0,PE,NIFTY2512323600PE,300.7,345.7,253.0,257.85,254.75,257.2,23644.8,257.85,2550,2250,132,236403633.75,89,F1,75,,,,,
2024-12-31,2024-12-31,FO,NSE,IDO,42129,,NIFTY,,2025-12-24,2025-12-24,31000.0,CE,NIFTY25DEC31000CE,80.0,101.0,80.0,97.0,95.0,84.5,23644.8,97.0,10575,1275,34,79288680.0,22,F1,75,,,,,
2024-12-31,2024-12-31,FO,NSE,IDO,64593,,NIFTY,,2025-03-27,2025-03-27,31000.0,PE,NIFTY25MAR31000PE,6825.0,6840.0,6630.3,6716.15,6716.15,6705.8,23644.8,6716.15,11950,7275,104,293879628.75,104,F1,75,,,,,
2024-12-31,2024-12-31,FO,NSE,IDO,64592,,NIFTY,,2025-03-27,2025-03-27,31000.0,CE,NIFTY25MAR31000CE,9.6,10.8,9.6,10.15,10.15,10.2,23644.8,10.15,259025,16425,456,1060546623.75,228,F1,75,,,,,
2024-12-31,2024-12-31,FO,NSE,IDO,48078,,NIFTY,,2025-01-09,2025-01-09,23150.0,PE,NIFTY2510923150PE,60.6,93.95,51.35,56.65,54.95,46.5,23644.8,56.65,75600,29025,11016,19182690836.25,6665,F1,75,,,,,
2024-12-31,2024-12-31,FO,NSE,IDO,52457,,NIFTY,,2025-01-02,2025-01-02,23150.0,CE,NIFTY2510223150CE,435.0,605.0,359.05,554.85,559.9,559.4,23644.8,554.85,11250,6900,1166,2064991980.0,769,F1,75,,,,,
2024-12-31,2024-12-31,FO,NSE,IDO,48216,,NIFTY,,2025-01-09,2025-01-09,25950.0,CE,NIFTY2510925950CE,2.25,2.3,2.05,2.05,2.05,2.1,23644.8,2.05,3675,300,50,97320611.25,21,F1,75,,,,,
2024-12-31,2024-12-31,FO,NSE,IDO,57681,,NIFTY,,2025-02-27,2025-02-27,25950.0,CE,NIFTY25FEB25950CE,35.8,40.25,34.05,34.1,34.1,34.1,23644.8,36.55,2550,225,9,17541063.75,7,F1,75,,,,,
2024-12-31,2024-12-31,FO,NSE,IDO,48095,,NIFTY,,2025-01-09,2025-01-09,23500.0,PE,NIFTY2510923500PE,170.35,219.5,122.4,136.0,130.55,124.2,23644.8,136.0,962625,310950,89060,158073715980.0,45002,F1,75,,,,,
2024-12-31,2024-12-31,FO,NSE,IDO,48041,,NIFTY,,2025-01-09,2025-01-09,22500.0,CE,NIFTY2510922500CE,1100.0,1263.8,1075.0,1229.1,1232.25,1199.15,23644.8,1229.1,11775,4950,103,183294393.75,51,F1,75,,,,,
2024-12-31,2024-12-31,FO,NSE,IDO,55619,,NIFTY,,2025-02-27,2025-02-27,22500.0,CE,NIFTY25FEB22500CE,1489.8,1563.85,1377.0,1563.85,1563.85,1566.75,23644.8,1563.85,24975,1575,95,170680286.25,42,F1,75,,,,,
2024-12-31,2024-12-31,FO,NSE,IDO,43244,,NIFTY,,2025-01-30,2025-01-30,22500.0,PE,NIFTY25JAN22500PE,60.0,76.4,55.0,57.8,56.95,53.15,23644.8,57.8,2694750,10425,87116,49142224181.25,19007,F1,25,,,,,
2024-12-31,2024-12-31,FO,NSE,IDO,46997,,NIFTY,,2025-03-27,2025-03-27,22500.0,CE,NIFTY25MAR22500CE,0.0,0.0,0.0,1847.25,0.0,1847.25,23644.8,1625.15,0,0,0,0.0,0,F1,75,,,,,
2024-12-31,2024-12-31,FO,NSE,IDO,43243,,NIFTY,,2025-01-30,2025-01-30,22500.0,CE,NIFTY25JAN22500CE,1265.0,1404.95,1168.0,1351.2,1358.0,1360.35,23644.8,1351.2,349800,9875,2169,1289933178.75,739,F1,25,,,,,
2024-12-31,2024-12-31,FO,NSE,IDO,52423,,NIFTY,,2025-01-02,2025-01-02,22500.0,CE,NIFTY2510222500CE,1084.2,1229.25,990.0,1197.2,1197.15,1176.7,23644.8,1197.2,23775,-4425,204,361862066.25,121,F1,75,,,,,
2024-12-31,2024-12-31,FO,NSE,IDO,52424,,NIFTY,,2025-01-02,2025-01-02,22500.0,PE,NIFTY2510222500PE,2.05,4.0,1.9,3.3,3.1,1.9,23644.8,3.3,10327725,3302025,512597,865130851972.5,150567,F1,75,,,,,
2024-12-31,2024-12-31,FO,NSE,IDO,52593,,NIFTY,,2025-01-16,2025-01-16,23500.0,CE,NIFTY2511623500CE,366.05,477.5,306.95,437.9,445.0,436.2,23644.8,437.9,35325,23100,1631,2919957975.0,940,F1,75,,,,,
2024-12-31,2024-12-31,FO,NSE,IDO,54753,,NIFTY,,2025-01-23,2025-01-23,22500.0,PE,NIFTY2512322500PE,40.0,52.3,37.7,40.65,40.65,33.8,23644.8,40.65,20025,6075,342,578272327.5,180,F1,75,,,,,
2024-12-31,2024-12-31,FO,NSE,IDO,48203,,NIFTY,,2025-01-09,2025-01-09,25650.0,CE,NIFTY2510925650CE,2.25,2.85,2.0,2.15,2.25,2.25,23644.8,2.15,6375,675,89,171228371.25,53,F1,75,,,,,
2024-12-31,2024-12-31,FO,NSE,IDO,52638,,NIFTY,,2025-01-02,2025-01-02,25650.0,PE,NIFTY2510225650PE,0.0,0.0,0.0,2119.45,0.0,2119.45,23644.8,1995.7,0,0,0,0.0,0,F1,75,,,,,
2024-12-31,2024-12-31,FO,NSE,IDO,57669,,NIFTY,,2025-02-27,2025-02-27,25650.0,CE,NIFTY25FEB25650CE,53.65,56.8,52.15,55.95,56.8,71.05,23644.8,55.95,7950,4425,67,129160335.0,30,F1,75,,,,,
2024-12-31,2024-12-31,FO,NSE,IDO,48204,,NIFTY,,2025-01-09,2025-01-09,25650.0,PE,NIFTY2510925650PE,0.0,0.0,0.0,977.7,0.0,977.7,23644.8,1962.55,0,0,0,0.0,0,F1,75,,,,,
2024-12-31,2024-12-31,FO,NSE,IDO,52637,,NIFTY,,2025-01-02,2025-01-02,25650.0,CE,NIFTY2510225650CE,1.0,1.35,0.9,1.05,0.95,1.0,23644.8,1.05,310500,193875,10309,19832817285.0,3593,F1,75,,,,,
2024-12-31,2024-12-31,FO,NSE,IDO,57653,,NIFTY,,2025-02-27,2025-02-27,25250.0,CE,NIFTY25FEB25250CE,0.0,0.0,0.0,121.0,121.0,121.0,23644.8,105.0,3075,0,0,0.0,0,F1,75,,,,,
2024-12-31,2024-12-31,FO,NSE,IDO,52861,,NIFTY,,2025-01-16,2025-01-16,25250.0,PE,NIFTY2511625250PE,0.0,0.0,0.0,803.85,0.0,803.85,23644.8,1533.8,0,0,0,0.0,0,F1,75,,,,,
2024-12-31,2024-12-31,FO,NSE,IDO,56866,,NIFTY,,2025-03-27,2025-03-27,25050.0,CE,NIFTY25MAR25050CE,220.0,220.0,220.0,220.0,220.0,431.25,23644.8,251.25,75,75,1,1895250.0,1,F1,75,,,,,
2024-12-31,2024-12-31,FO,NSE,IDO,53606,,NIFTY,,2027-12-30,2027-12-30,19000.0,PE,NIFTY27DEC19000PE,0.0,0.0,0.0,299.95,299.95,299.95,23644.8,63.85,525,0,0,0.0,0,F1,75,,,,,
2024-12-31,2024-12-31,FO,NSE,IDO,39987,,NIFTY,,2025-12-24,2025-12-24,19000.0,CE,NIFTY25DEC19000CE,5600.0,5600.0,5600.0,5600.0,5600.0,5775.0,23644.8,5878.35,6550,0,1,1845000.0,1,F1,75,,,,,
2024-12-31,2024-12-31,FO,NSE,IDO,53605,,NIFTY,,2027-12-30,2027-12-30,19000.0,CE,NIFTY27DEC19000CE,0.0,0.0,0.0,5794.9,0.0,5794.9,23644.8,8188.7,0,0,0,0.0,0,F1,75,,,,,
2024-12-31,2024-12-31,FO,NSE,IDO,39986,,NIFTY,,2025-06-26,2025-06-26,19000.0,PE,NIFTY25JUN19000PE,34.3,35.35,31.3,34.3,35.35,36.0,23644.8,34.3,613650,-1025,444,633798990.0,317,F1,75,,,,,
2024-12-31,2024-12-31,FO,NSE,IDO,86141,,NIFTY,,2028-06-29,2028-06-29,19000.0,CE,NIFTY28JUN19000CE,0.0,0.0,0.0,6252.25,0.0,6252.25,23644.8,8706.3,0,0,0,0.0,0,F1,75,,,,,
2024-12-31,2024-12-31,FO,NSE,IDO,71549,,NIFTY,,2027-06-24,2027-06-24,19000.0,CE,NIFTY27JUN19000CE,0.0,0.0,0.0,7800.0,7800.0,7800.0,23644.8,7629.8,75,0,0,0.0,0,F1,75,,,,,
2024-12-31,2024-12-31,FO,NSE,IDO,86142,,NIFTY,,2028-06-29,2028-06-29,19000.0,PE,NIFTY28JUN19000PE,0.0,0.0,0.0,537.45,0.0,537.45,23644.8,67.75,0,0,0,0.0,0,F1,75,,,,,
2024-12-31,2024-12-31,FO,NSE,IDO,64554,,NIFTY,,2025-03-27,2025-03-27,19000.0,CE,NIFTY25MAR19000CE,4855.0,4888.55,4855.0,4888.55,4888.55,4989.0,23644.8,4944.65,16175,0,2,3580766.25,2,F1,75,,,,,
2024-12-31,2024-12-31,FO,NSE,IDO,89615,,NIFTY,,2029-06-28,2029-06-28,19000.0,PE,NIFTY29JUN19000PE,0.0,0.0,0.0,170.3,0.0,170.3,23644.8,70.0,0,0,0,0.0,0,F1,75,,,,,
2024-12-31,2024-12-31,FO,NSE,IDO,64555,,NIFTY,,2025-03-27,2025-03-27,19000.0,PE,NIFTY25MAR19000PE,12.5,14.9,11.75,12.7,12.95,11.9,23644.8,12.7,73100,16125,319,454884195.0,94,F1,75,,,,,
2024-12-31,2024-12-31,FO,NSE,IDO,67772,,NIFTY,,2028-12-28,2028-12-28,19000.0,CE,NIFTY28DEC19000CE,0.0,0.0,0.0,8739.0,0.0,8739.0,23644.8,9204.85,0,0,0,0.0,0,F1,75,,,,,
2024-12-31,2024-12-31,FO,NSE,IDO,39990,,NIFTY,,2026-06-25,2026-06-25,19000.0,PE,NIFTY26JUN19000PE,0.0,0.0,0.0,160.05,160.05,160.05,23644.8,33.25,175,0,0,0.0,0,F1,75,,,,,
2024-12-31,2024-12-31,FO,NSE,IDO,71550,,NIFTY,,2027-06-24,2027-06-24,19000.0,PE,NIFTY27JUN19000PE,0.0,0.0,0.0,201.05,201.05,201.05,23644.8,57.0,525,0,0,0.0,0,F1,75,,,,,
2024-12-31,2024-12-31,FO,NSE,IDO,64683,,NIFTY,,2025-09-25,2025-09-25,19000.0,PE,NIFTY25SEP19000PE,0.0,0.0,0.0,8.9,0.0,8.9,23644.8,8.35,0,0,0,0.0,0,F1,75,,,,,
2024-12-31,2024-12-31,FO,NSE,IDO,39989,,NIFTY,,2026-06-25,2026-06-25,19000.0,CE,NIFTY26JUN19000CE,0.0,0.0,0.0,5792.0,5792.0,5792.0,23644.8,6486.95,100,0,0,0.0,0,F1,75,,,,,
2024-12-31,2024-12-31,FO,NSE,IDO,58643,,NIFTY,,2026-12-31,2026-12-31,19000.0,PE,NIFTY26DEC19000PE,0.0,0.0,0.0,203.0,203.0,203.0,23644.8,47.45,2325,0,0,0.0,0,F1,75,,,,,
2024-12-31,2024-12-31,FO,NSE,IDO,64682,,NIFTY,,2025-09-25,2025-09-25,19000.0,CE,NIFTY25SEP19000CE,0.0,0.0,0.0,8559.0,0.0,8559.0,23644.8,5571.85,0,0,0,0.0,0,F1,75,,,,,
2024-12-31,2024-12-31,FO,NSE,IDO,89614,,NIFTY,,2029-06-28,2029-06-28,19000.0,CE,NIFTY29JUN19000CE,0.0,0.0,0.0,11036.95,0.0,11036.95,23644.8,9685.45,0,0,0,0.0,0,F1,75,,,,,
2024-12-31,2024-12-31,FO,NSE,IDO,61402,,NIFTY,,2029-12-27,2029-12-27,19000.0,CE,NIFTY29DEC19000CE,0.0,0.0,0.0,10714.6,0.0,10714.6,23644.8,10149.0,0,0,0,0.0,0,F1,75,,,,,
2024-12-31,2024-12-31,FO,NSE,IDO,61403,,NIFTY,,2029-12-27,2029-12-27,19000.0,PE,NIFTY29DEC19000PE,0.0,0.0,0.0,142.25,0.0,142.25,23644.8,69.2,0,0,0,0.0,0,F1,75,,,,,
2024-12-31,2024-12-31,FO,NSE,IDO,52586,,NIFTY,,2025-01-02,2025-01-02,24700.0,CE,NIFTY2510224700CE,1.4,1.7,1.1,1.5,1.35,1.5,23644.8,1.5,4362075,1541775,295518,547480172043.75,57310,F1,75,,,,,
2024-12-31,2024-12-31,FO,NSE,IDO,55044,,NIFTY,,2025-01-23,2025-01-23,24700.0,CE,NIFTY2512324700CE,45.2,55.0,36.05,50.35,51.7,50.85,23644.8,50.35,4275,1875,54,100216751.25,29,F1,75,,,,,
2024-12-31,2024-12-31,FO,NSE,IDO,48090,,NIFTY,,2025-01-09,2025-01-09,23400.0,CE,NIFTY2510923400CE,350.75,476.85,288.5,433.65,437.65,425.05,23644.8,433.65,156900,135150,6695,11936053818.75,3827,F1,75,,,,,
2024-12-31,2024-12-31,FO,NSE,IDO,54964,,NIFTY,,2025-01-23,2025-01-23,23400.0,PE,NIFTY2512323400PE,226.85,238.0,189.0,191.05,189.55,193.4,23644.8,191.05,1875,1725,43,76137356.25,24,F1,75,,,,,
2024-12-31,2024-12-31,FO,NSE,IDO,45683,,NIFTY,,2025-01-30,2025-01-30,23400.0,PE,NIFTY25JAN23400PE,255.0,296.0,208.75,221.45,216.0,213.3,23644.8,221.45,797175,54700,33263,19665890098.75,13824,F1,25,,,,,
2024-12-31,2024-12-31,FO,NSE,IDO,52868,,NIFTY,,2025-01-16,2025-01-16,25450.0,CE,NIFTY2511625450CE,5.65,5.65,5.65,5.65,5.65,4.7,23644.8,1.4,1800,0,2,3818347.5,1,F1,75,,,,,
2024-12-31,2024-12-31,FO,NSE,IDO,46467,,NIFTY,,2025-01-30,2025-01-30,25450.0,CE,NIFTY25JAN25450CE,13.0,14.5,10.95,14.25,14.35,14.5,23644.8,14.25,19850,1550,1652,1051613888.75,661,F1,25,,,,,
2024-12-31,2024-12-31,FO,NSE,IDO,50780,,NIFTY,,2025-01-02,2025-01-02,21750.0,CE,NIFTY2510221750CE,0.0,0.0,0.0,1822.25,0.0,1822.25,23644.8,1902.85,0,0,0,0.0,0,F1,75,,,,,
2024-12-31,2024-12-31,FO,NSE,IDO,43203,,NIFTY,,2025-01-30,2025-01-30,21750.0,PE,NIFTY25JAN21750PE,18.0,21.05,16.55,17.35,17.3,15.45,23644.8,17.35,35425,6050,3272,1780678100.0,1301,F1,25,,,,,
2024-12-31,2024-12-31,FO,NSE,IDO,43491,,NIFTY,,2025-01-30,2025-01-30,23150.0,PE,NIFTY25JAN23150PE,178.7,208.0,146.4,155.65,153.8,148.5,23644.8,155.65,62200,6125,2456,1432075267.5,1057,F1,25,,,,,
2024-12-31,2024-12-31,FO,NSE,IDO,54784,,NIFTY,,2025-01-23,2025-01-23,23150.0,CE,NIFTY2512323150CE,0.0,0.0,0.0,1100.9,0.0,1100.9,23644.8,697.2,0,0,0,0.0,0,F1,75,,,,,
2024-12-31,2024-12-31,FO,NSE,IDO,52536,,NIFTY,,2025-01-16,2025-01-16,23150.0,PE,NIFTY2511623150PE,102.3,132.15,93.15,94.55,95.6,93.2,23644.8,94.55,6525,6450,206,359276141.25,74,F1,75,,,,,
2024-12-31,2024-12-31,FO,NSE,IDO,55646,,NIFTY,,2025-02-27,2025-02-27,23150.0,PE,NIFTY25FEB23150PE,0.0,0.0,0.0,314.1,0.0,314.1,23644.8,214.4,0,0,0,0.0,0,F1,75,,,,,
2024-12-31,2024-12-31,FO,NSE,IDO,48349,,NIFTY,,2025-03-27,2025-03-27,23150.0,CE,NIFTY25MAR23150CE,0.0,0.0,0.0,1369.1,0.0,1369.1,23644.8,1131.95,0,0,0,0.0,0,F1,75,,,,,
2024-12-31,2024-12-31,FO,NSE,IDO,48350,,NIFTY,,2025-03-27,2025-03-27,23150.0,PE,NIFTY25MAR23150PE,0.0,0.0,0.0,350.8,0.0,350.8,23644.8,271.9,0,0,0,0.0,0,F1,75,,,,,
2024-12-31,2024-12-31,FO,NSE,IDO,43287,,NIFTY,,2025-01-30,2025-01-30,23150.0,CE,NIFTY25JAN23150CE,682.0,838.9,656.2,818.8,819.35,799.25,23644.8,818.8,7225,-2825,332,198035061.25,316,F1,25,,,,,
2024-12-31,2024-12-31,FO,NSE,IDO,46562,,NIFTY,,2025-01-30,2025-01-30,25950.0,CE,NIFTY25JAN25950CE,7.95,9.1,7.7,8.65,8.4,8.35,23644.8,8.65,30150,975,673,436746287.5,199,F1,25,,,,,
2024-12-31,2024-12-31,FO,NSE,IDO,54752,,NIFTY,,2025-01-23,2025-01-23,22500.0,CE,NIFTY2512322500CE,0.0,0.0,0.0,1652.95,0.0,1652.95,23644.8,1259.0,0,0,0,0.0,0,F1,75,,,,,
2024-12-31,2024-12-31,FO,NSE,IDO,51400,,NIFTY,,2025-03-27,2025-03-27,23500.0,PE,NIFTY25MAR23500PE,430.3,452.35,374.0,389.55,388.0,382.3,23644.8,389.55,69375,25875,1123,2014226955.0,600,F1,75,,,,,
2024-12-31,2024-12-31,FO,NSE,IDO,46256,,NIFTY,,2025-01-30,2025-01-30,23500.0,PE,NIFTY25JAN23500PE,250.5,338.0,238.8,253.55,250.45,244.55,23644.8,253.55,3156425,255950,176926,105200538336.25,61748,F1,25,,,,,
2024-12-31,2024-12-31,FO,NSE,IDO,52497,,NIFTY,,2025-01-02,2025-01-02,23500.0,CE,NIFTY2510223500CE,194.0,303.0,123.8,254.25,265.25,255.2,23644.8,254.25,1916175,1326525,1189811,2113974539763.75,762991,F1,75,,,,,
2024-12-31,2024-12-31,FO,NSE,IDO,54771,,NIFTY,,2025-01-23,2025-01-23,22850.0,PE,NIFTY2512322850PE,0.0,0.0,0.0,84.35,0.0,84.35,23644.8,50.6,0,0,0,0.0,0,F1,75,,,,,
2024-12-31,2024-12-31,FO,NSE,IDO,48234,,NIFTY,,2025-01-09,2025-01-09,26300.0,CE,NIFTY2510926300CE,1.95,2.15,1.8,2.0,1.9,1.95,23644.8,2.0,11625,-3150,104,205155615.0,42,F1,75,,,,,
2024-12-31,2024-12-31,FO,NSE,IDO,52827,,NIFTY,,2025-01-16,2025-01-16,24700.0,PE,NIFTY2511624700PE,0.0,0.0,0.0,481.85,0.0,481.85,23644.8,1005.25,0,0,0,0.0,0,F1,75,,,,,
2024-12-31,2024-12-31,FO,NSE,IDO,55045,,NIFTY,,2025-01-23,2025-01-23,24700.0,PE,NIFTY2512324700PE,0.0,0.0,0.0,826.95,0.0,826.95,23644.8,1000.05,0,0,0,0.0,0,F1,75,,,,,
2024-12-31,2024-12-31,FO,NSE,IDO,46389,,NIFTY,,2025-01-30,2025-01-30,24700.0,CE,NIFTY25JAN24700CE,71.25,84.7,53.1,78.2,78.85,75.05,23644.8,78.2,803800,96150,39787,24633207712.5,16558,F1,25,,,,,
2024-12-31,2024-12-31,FO,NSE,IDO,56736,,NIFTY,,2025-02-27,2025-02-27,23400.0,PE,NIFTY25FEB23400PE,346.95,380.25,300.65,314.2,312.55,304.1,23644.8,314.2,99375,4800,813,1447798743.75,641,F1,75,,,,,
2024-12-31,2024-12-31,FO,NSE,IDO,46494,,NIFTY,,2025-01-30,2025-01-30,25650.0,CE,NIFTY25JAN25650CE,10.1,10.5,7.0,10.2,10.25,10.1,23644.8,10.2,32575,2175,1758,1127733768.75,650,F1,25,,,,,
2024-12-31,2024-12-31,FO,NSE,IDO,52877,,NIFTY,,2025-01-16,2025-01-16,25650.0,PE,NIFTY2511625650PE,0.0,0.0,0.0,1092.45,0.0,1092.45,23644.8,1930.0,0,0,0,0.0,0,F1,75,,,,,
2024-12-31,2024-12-31,FO,NSE,IDO,52876,,NIFTY,,2025-01-16,2025-01-16,25650.0,CE,NIFTY2511625650CE,3.8,4.9,3.3,4.3,4.3,4.7,23644.8,4.3,3825,3150,54,103898651.25,22,F1,75,,,,,
2024-12-31,2024-12-31,FO,NSE,IDO,52617,,NIFTY,,2025-01-02,2025-01-02,25250.0,PE,NIFTY2510225250PE,0.0,0.0,0.0,1520.0,1520.0,1520.0,23644.8,1595.85,2925,0,0,0.0,0,F1,75,,,,,
2024-12-31,2024-12-31,FO,NSE,IDO,52615,,NIFTY,,2025-01-02,2025-01-02,25250.0,CE,NIFTY2510225250CE,1.15,1.4,0.95,1.15,1.05,1.15,23644.8,1.15,389850,159975,17743,33602326773.75,6923,F1,75,,,,,
2024-12-31,2024-12-31,FO,NSE,IDO,55059,,NIFTY,,2025-01-23,2025-01-23,24850.0,CE,NIFTY2512324850CE,0.0,0.0,0.0,208.0,0.0,208.0,23644.8,34.3,0,0,0,0.0,0,F1,75,,,,,
2024-12-31,2024-12-31,FO,NSE,IDO,54725,,NIFTY,,2025-03-27,2025-03-27,24050.0,CE,NIFTY25MAR24050CE,0.0,0.0,0.0,836.5,0.0,836.5,23644.8,606.4,0,0,0,0.0,0,F1,75,,,,,
2024-12-31,2024-12-31,FO,NSE,IDO,46353,,NIFTY,,2025-01-30,2025-01-30,24050.0,PE,NIFTY25JAN24050PE,570.0,638.05,475.9,502.0,495.85,498.95,23644.8,502.0,52975,-7075,1027,631626707.5,683,F1,25,,,,,
2024-12-31,2024-12-31,FO,NSE,IDO,48034,,NIFTY,,2025-01-09,2025-01-09,22300.0,PE,NIFTY2510922300PE,5.5,8.8,5.0,7.1,6.1,4.6,23644.8,7.1,190275,74475,7649,12797009291.25,4143,F1,75,,,,,
2024-12-31,2024-12-31,FO,NSE,IDO,46987,,NIFTY,,2025-03-27,2025-03-27,22300.0,PE,NIFTY25MAR22300PE,140.95,153.0,122.0,129.3,134.95,138.6,23644.8,129.3,19350,11100,178,299591175.0,97,F1,75,,,,,
2024-12-31,2024-12-31,FO,NSE,IDO,55611,,NIFTY,,2025-02-27,2025-02-27,22300.0,CE,NIFTY25FEB22300CE,0.0,0.0,0.0,2152.85,0.0,2152.85,23644.8,1640.45,0,0,0,0.0,0,F1,75,,,,,
2024-12-31,2024-12-31,FO,NSE,IDO,56883,,NIFTY,,2025-03-27,2025-03-27,25450.0,PE,NIFTY25MAR25450PE,0.0,0.0,0.0,1560.7,0.0,1560.7,23644.8,1570.25,0,0,0,0.0,0,F1,75,,,,,
2024-12-31,2024-12-31,FO,NSE,IDO,46507,,NIFTY,,2025-01-30,2025-01-30,25800.0,CE,NIFTY25JAN25800CE,8.7,10.4,7.8,9.2,8.1,8.7,23644.8,9.2,178050,41000,12268,7915504002.5,4439,F1,25,,,,,
2024-12-31,2024-12-31,FO,NSE,IDO,64695,,NIFTY,,2025-09-25,2025-09-25,25000.0,PE,NIFTY25SEP25000PE,0.0,0.0,0.0,538.6,0.0,538.6,23644.8,1170.15,0,0,0,0.0,0,F1,75,,,,,
2024-12-31,2024-12-31,FO,NSE,IDO,46430,,NIFTY,,2025-01-30,2025-01-30,25000.0,CE,NIFTY25JAN25000CE,36.0,43.0,28.8,40.6,40.9,39.35,23644.8,40.6,4327200,135825,139749,87464612411.25,30518,F1,25,,,,,
2024-12-31,2024-12-31,FO,NSE,IDO,52604,,NIFTY,,2025-01-02,2025-01-02,25000.0,PE,NIFTY2510225000PE,1418.2,1510.85,1253.7,1304.2,1301.2,1291.25,23644.8,1304.2,194325,-1125,301,596070296.25,203,F1,75,,,,,
2024-12-31,2024-12-31,FO,NSE,IDO,46431,,NIFTY,,2025-01-30,2025-01-30,25000.0,PE,NIFTY25JAN25000PE,1210.15,1415.0,1170.35,1220.1,1206.75,1214.5,23644.8,1220.1,1695125,-17825,5823,3828763855.0,2233,F1,25,,,,,
2024-12-31,2024-12-31,FO,NSE,IDO,71503,,NIFTY,,2026-12-31,2026-12-31,25000.0,CE,NIFTY26DEC25000CE,2470.0,2470.0,2470.0,2470.0,2470.0,2431.0,23644.8,2470.0,450,75,1,2060250.0,1,F1,75,,,,,
2024-12-31,2024-12-31,FO,NSE,IDO,57676,,NIFTY,,2025-02-27,2025-02-27,25800.0,PE,NIFTY25FEB25800PE,0.0,0.0,0.0,1630.0,1630.0,1630.0,23644.8,1926.4,375,0,0,0.0,0,F1,75,,,,,
2024-12-31,2024-12-31,FO,NSE,IDO,71381,,NIFTY,,2025-06-26,2025-06-26,25000.0,CE,NIFTY25JUN25000CE,576.25,643.6,562.5,626.3,626.0,628.5,23644.8,626.3,270775,5875,573,1100099467.5,443,F1,75,,,,,
2024-12-31,2024-12-31,FO,NSE,IDO,71398,,NIFTY,,2025-12-24,2025-12-24,25000.0,PE,NIFTY25DEC25000PE,1103.0,1189.85,1100.0,1103.2,1100.0,1101.8,23644.8,1103.2,315900,3425,264,517447080.0,217,F1,75,,,,,
2024-12-31,2024-12-31,FO,NSE,IDO,52646,,NIFTY,,2025-01-02,2025-01-02,25800.0,PE,NIFTY2510225800PE,0.0,0.0,0.0,1615.5,1615.5,1615.5,23644.8,2145.65,6900,0,0,0.0,0,F1,75,,,,,
2024-12-31,2024-12-31,FO,NSE,IDO,57591,,NIFTY,,2025-02-27,2025-02-27,23750.0,CE,NIFTY25FEB23750CE,609.2,649.0,600.0,633.8,633.8,638.2,23644.8,584.2,1875,0,7,12795142.5,7,F1,75,,,,,
2024-12-31,2024-12-31,FO,NSE,IDO,53846,,NIFTY,,2025-03-27,2025-03-27,23750.0,CE,NIFTY25MAR23750CE,0.0,0.0,0.0,996.3,0.0,996.3,23644.8,759.45,0,0,0,0.0,0,F1,75,,,,,
2024-12-31,2024-12-31,FO,NSE,IDO,57592,,NIFTY,,2025-02-27,2025-02-27,23750.0,PE,NIFTY25FEB23750PE,480.8,524.9,424.1,424.1,424.1,422.6,23644.8,436.0,7125,-525,21,38175097.5,15,F1,75,,,,,
2024-12-31,2024-12-31,FO,NSE,IDO,54991,,NIFTY,,2025-01-23,2025-01-23,23750.0,CE,NIFTY2512323750CE,324.0,365.0,324.0,363.0,361.8,364.75,23644.8,363.0,825,75,5,9039438.75,4,F1,75,,,,,
2024-12-31,2024-12-31,FO,NSE,IDO,58644,,NIFTY,,2026-12-31,2026-12-31,20000.0,CE,NIFTY26DEC20000CE,0.0,0.0,0.0,3704.3,0.0,3704.3,23644.8,6264.4,0,0,0,0.0,0,F1,75,,,,,
2024-12-31,2024-12-31,FO,NSE,IDO,56572,,NIFTY,,2025-03-27,2025-03-27,24950.0,CE,NIFTY25MAR24950CE,0.0,0.0,0.0,463.4,0.0,463.4,23644.8,276.95,0,0,0,0.0,0,F1,75,,,,,
2024-12-31,2024-12-31,FO,NSE,IDO,86143,,NIFTY,,2028-06-29,2028-06-29,20000.0,CE,NIFTY28JUN20000CE,0.0,0.0,0.0,5724.65,0.0,5724.65,23644.8,7962.7,0,0,0,0.0,0,F1,75,,,,,
2024-12-31,2024-12-31,FO,NSE,IDO,38378,,NIFTY,,2026-06-25,2026-06-25,20000.0,CE,NIFTY26JUN20000CE,0.0,0.0,0.0,3829.5,0.0,3829.5,23644.8,5623.3,0,0,0,0.0,0,F1,75,,,,,
2024-12-31,2024-12-31,FO,NSE,IDO,71552,,NIFTY,,2027-06-24,2027-06-24,20000.0,PE,NIFTY27JUN20000PE,0.0,0.0,0.0,3034.2,0.0,3034.2,23644.8,105.05,0,0,0,0.0,0,F1,75,,,,,
2024-12-31,2024-12-31,FO,NSE,IDO,38160,,NIFTY,,2027-06-24,2027-06-24,29000.0,CE,NIFTY27JUN29000CE,0.0,0.0,0.0,1545.2,0.0,1545.2,23644.8,1628.9,0,0,0,0.0,0,F1,75,,,,,
2024-12-31,2024-12-31,FO,NSE,IDO,89641,,NIFTY,,2029-06-28,2029-06-28,29000.0,PE,NIFTY29JUN29000PE,0.0,0.0,0.0,1746.95,0.0,1746.95,23644.8,1601.7,0,0,0,0.0,0,F1,75,,,,,
2024-12-31,2024-12-31,FO,NSE,IDO,38158,,NIFTY,,2026-12-31,2026-12-31,29000.0,CE,NIFTY26DEC29000CE,0.0,0.0,0.0,1205.35,0.0,1205.35,23644.8,1138.85,0,0,0,0.0,0,F1,75,,,,,
2024-12-31,2024-12-31,FO,NSE,IDO,61915,,NIFTY,,2029-12-27,2029-12-27,29000.0,PE,NIFTY29DEC29000PE,0.0,0.0,0.0,1669.2,0.0,1669.2,23644.8,1442.4,0,0,0,0.0,0,F1,75,,,,,
2024-12-31,2024-12-31,FO,NSE,IDO,38153,,NIFTY,,2025-12-24,2025-12-24,29000.0,PE,NIFTY25DEC29000PE,0.0,0.0,0.0,3300.0,3300.0,3300.0,23644.8,3763.65,11775,0,0,0.0,0,F1,75,,,,,
2024-12-31,2024-12-31,FO,NSE,IDO,67792,,NIFTY,,2028-12-28,2028-12-28,29000.0,CE,NIFTY28DEC29000CE,0.0,0.0,0.0,3645.75,0.0,3645.75,23644.8,3281.05,0,0,0,0.0,0,F1,75,,,,,
2024-12-31,2024-12-31,FO,NSE,IDO,86167,,NIFTY,,2028-06-29,2028-06-29,29000.0,CE,NIFTY28JUN29000CE,0.0,0.0,0.0,2333.25,0.0,2333.25,23644.8,2729.3,0,0,0,0.0,0,F1,75,,,,,
2024-12-31,2024-12-31,FO,NSE,IDO,86168,,NIFTY,,2028-06-29,2028-06-29,29000.0,PE,NIFTY28JUN29000PE,0.0,0.0,0.0,3595.9,0.0,3595.9,23644.8,1988.75,0,0,0,0.0,0,F1,75,,,,,
2024-12-31,2024-12-31,FO,NSE,IDO,64702,,NIFTY,,2025-09-25,2025-09-25,29000.0,CE,NIFTY25SEP29000CE,0.0,0.0,0.0,1377.55,0.0,1377.55,23644.8,124.95,0,0,0,0.0,0,F1,75,,,,,
2024-12-31,2024-12-31,FO,NSE,IDO,38154,,NIFTY,,2026-06-25,2026-06-25,29000.0,CE,NIFTY26JUN29000CE,0.0,0.0,0.0,864.2,0.0,864.2,23644.8,654.35,0,0,0,0.0,0,F1,75,,,,,
2024-12-31,2024-12-31,FO,NSE,IDO,64582,,NIFTY,,2025-03-27,2025-03-27,29000.0,CE,NIFTY25MAR29000CE,10.4,11.5,10.05,11.1,11.25,10.3,23644.8,11.1,293700,-9700,300,652743247.5,188,F1,75,,,,,
2024-12-31,2024-12-31,FO,NSE,IDO,53976,,NIFTY,,2025-03-27,2025-03-27,23800.0,CE,NIFTY25MAR23800CE,722.5,819.6,665.0,780.95,780.95,795.55,23644.8,780.95,3600,1425,44,81045146.25,31,F1,75,,,,,
2024-12-31,2024-12-31,FO,NSE,IDO,53602,,NIFTY,,2027-12-30,2027-12-30,17000.0,PE,NIFTY27DEC17000PE,0.0,0.0,0.0,180.6,180.6,180.6,23644.8,16.65,14200,0,0,0.0,0,F1,75,,,,,
2024-12-31,2024-12-31,FO,NSE,IDO,54996,,NIFTY,,2025-01-23,2025-01-23,23800.0,PE,NIFTY2512323800PE,404.95,460.1,345.1,349.55,345.1,347.35,23644.8,349.55,6525,750,88,159748548.75,57,F1,75,,,,,
2024-12-31,2024-12-31,FO,NSE,IDO,52524,,NIFTY,,2025-01-02,2025-01-02,23800.0,PE,NIFTY2510223800PE,250.0,355.0,164.45,190.45,180.0,189.55,23644.8,190.45,2928225,-942150,337319,608059511148.75,212488,F1,75,,,,,
2024-12-31,2024-12-31,FO,NSE,IDO,55654,,NIFTY,,2025-02-27,2025-02-27,23350.0,PE,NIFTY25FEB23350PE,0.0,0.0,0.0,373.1,0.0,373.1,23644.8,276.55,0,0,0,0.0,0,F1,75,,,,,
2024-12-31,2024-12-31,FO,NSE,IDO,54940,,NIFTY,,2025-01-23,2025-01-23,23350.0,PE,NIFTY2512323350PE,0.0,0.0,0.0,186.2,0.0,186.2,23644.8,158.6,0,0,0,0.0,0,F1,75,,,,,
2024-12-31,2024-12-31,FO,NSE,IDO,52571,,NIFTY,,2025-01-16,2025-01-16,23350.0,CE,NIFTY2511623350CE,556.15,556.15,539.75,539.75,539.75,1438.45,23644.8,539.75,225,225,3,5377653.75,2,F1,75,,,,,
2024-12-31,2024-12-31,FO,NSE,IDO,45677,,NIFTY,,2025-01-30,2025-01-30,23350.0,PE,NIFTY25JAN23350PE,239.2,274.8,194.5,205.7,205.05,206.35,23644.8,205.7,103400,23750,4037,2379610457.5,1352,F1,25,,,,,
2024-12-31,2024-12-31,FO,NSE,IDO,52572,,NIFTY,,2025-01-16,2025-01-16,23350.0,PE,NIFTY2511623350PE,153.55,153.55,137.9,140.45,140.15,140.15,23644.8,140.45,675,-1725,30,52853505.0,6,F1,75,,,,,
2024-12-31,2024-12-31,FO,NSE,IDO,57684,,NIFTY,,2025-02-27,2025-02-27,26000.0,PE,NIFTY25FEB26000PE,2174.05,2222.0,1986.35,2027.2,2028.15,2060.0,23644.8,2027.2,58725,-150,54,113750220.0,40,F1,75,,,,,
2024-12-31,2024-12-31,FO,NSE,IDO,52893,,NIFTY,,2025-01-16,2025-01-16,26000.0,PE,NIFTY2511626000PE,0.0,0.0,0.0,1375.25,0.0,1375.25,23644.8,2278.5,0,0,0,0.0,0,F1,75,,,,,
2024-12-31,2024-12-31,FO,NSE,IDO,52547,,NIFTY,,2025-01-02,2025-01-02,24200.0,PE,NIFTY2510224200PE,610.0,716.75,463.5,515.5,501.7,510.65,23644.8,515.5,304050,-68925,4664,8665383435.0,2926,F1,75,,,,,
2024-12-31,2024-12-31,FO,NSE,IDO,52459,,NIFTY,,2025-01-02,2025-01-02,23200.0,CE,NIFTY2510223200CE,452.2,562.45,317.7,507.95,522.65,511.8,23644.8,507.95,76350,22500,21045,37261750155.0,12786,F1,75,,,,,
2024-12-31,2024-12-31,FO,NSE,IDO,48080,,NIFTY,,2025-01-09,2025-01-09,23200.0,PE,NIFTY2510923200PE,75.65,107.25,58.6,64.9,62.35,54.5,23644.8,64.9,635175,179400,36166,63134979078.75,19914,F1,75,,,,,
2024-12-31,2024-12-31,FO,NSE,IDO,43607,,NIFTY,,2025-01-30,2025-01-30,23200.0,PE,NIFTY25JAN23200PE,189.9,224.65,157.0,166.05,161.2,157.65,23644.8,166.05,636825,42525,30424,17787256430.0,10643,F1,25,,,,,
2024-12-31,2024-12-31,FO,NSE,IDO,55647,,NIFTY,,2025-02-27,2025-02-27,23200.0,CE,NIFTY25FEB23200CE,956.0,956.0,955.0,955.0,955.0,1460.75,23644.8,921.2,600,600,8,14493300.0,2,F1,75,,,,,
2024-12-31,2024-12-31,FO,NSE,IDO,52865,,NIFTY,,2025-01-16,2025-01-16,25350.0,PE,NIFTY2511625350PE,0.0,0.0,0.0,872.0,0.0,872.0,23644.8,1632.45,0,0,0,0.0,0,F1,75,,,,,
2024-12-31,2024-12-31,FO,NSE,IDO,55090,,NIFTY,,2025-01-23,2025-01-23,25350.0,PE,NIFTY2512325350PE,0.0,0.0,0.0,1326.35,0.0,1326.35,23644.8,1606.15,0,0,0,0.0,0,F1,75,,,,,
2024-12-31,2024-12-31,FO,NSE,IDO,57658,,NIFTY,,2025-02-27,2025-02-27,25350.0,PE,NIFTY25FEB25350PE,0.0,0.0,0.0,1382.1,0.0,1382.1,23644.8,1526.0,0,0,0,0.0,0,F1,75,,,,,
2024-12-31,2024-12-31,FO,NSE,IDO,46464,,NIFTY,,2025-01-30,2025-01-30,25350.0,PE,NIFTY25JAN25350PE,0.0,0.0,0.0,1445.0,1445.0,1445.0,23644.8,1584.3,8500,0,0,0.0,0,F1,25,,,,,
2024-12-31,2024-12-31,FO,NSE,IDO,46391,,NIFTY,,2025-01-30,2025-01-30,24750.0,CE,NIFTY25JAN24750CE,54.95,75.7,47.6,70.95,71.65,67.55,23644.8,70.95,96500,-5375,11217,6957227365.0,3287,F1,25,,,,,
2024-12-31,2024-12-31,FO,NSE,IDO,55050,,NIFTY,,2025-01-23,2025-01-23,24750.0,CE,NIFTY2512324750CE,48.35,48.35,48.35,48.35,48.35,235.95,23644.8,44.0,75,75,1,1859876.25,1,F1,75,,,,,
2024-12-31,2024-12-31,FO,NSE,IDO,57632,,NIFTY,,2025-02-27,2025-02-27,24750.0,PE,NIFTY25FEB24750PE,0.0,0.0,0.0,816.5,816.5,816.5,23644.8,1043.0,1650,0,0,0.0,0,F1,75,,,,,
2024-12-31,2024-12-31,FO,NSE,IDO,48163,,NIFTY,,2025-01-09,2025-01-09,24750.0,CE,NIFTY2510924750CE,5.7,6.6,4.95,5.55,5.65,7.25,23644.8,5.55,157500,29775,8637,16036068592.5,5014,F1,75,,,,,
2024-12-31,2024-12-31,FO,NSE,IDO,56544,,NIFTY,,2025-03-27,2025-03-27,24750.0,CE,NIFTY25MAR24750CE,0.0,0.0,0.0,533.0,0.0,533.0,23644.8,334.45,0,0,0,0.0,0,F1,75,,,,,
2024-12-31,2024-12-31,FO,NSE,IDO,57631,,NIFTY,,2025-02-27,2025-02-27,24750.0,CE,NIFTY25FEB24750CE,180.0,213.75,174.35,209.15,213.75,215.4,23644.8,209.15,10350,1650,46,86103345.0,15,F1,75,,,,,
2024-12-31,2024-12-31,FO,NSE,IDO,48015,,NIFTY,,2025-01-09,2025-01-09,21850.0,CE,NIFTY2510921850CE,0.0,0.0,0.0,3012.6,0.0,3012.6,23644.8,1831.15,0,0,0,0.0,0,F1,75,,,,,
2024-12-31,2024-12-31,FO,NSE,IDO,52055,,NIFTY,,2025-01-02,2025-01-02,21850.0,CE,NIFTY2510221850CE,0.0,0.0,0.0,1731.4,0.0,1731.4,23644.8,1802.9,0,0,0,0.0,0,F1,75,,,,,
2024-12-31,2024-12-31,FO,NSE,IDO,48016,,NIFTY,,2025-01-09,2025-01-09,21850.0,PE,NIFTY2510921850PE,3.15,5.65,2.35,4.4,5.65,2.8,23644.8,4.4,446100,399150,10264,16823451003.75,4078,F1,75,,,,,
2024-12-31,2024-12-31,FO,NSE,IDO,55594,,NIFTY,,2025-02-27,2025-02-27,21850.0,PE,NIFTY25FEB21850PE,54.45,68.75,45.5,57.9,57.15,53.85,23644.8,57.9,43125,5925,205,336894506.25,83,F1,75,,,,,
2024-12-31,2024-12-31,FO,NSE,IDO,52406,,NIFTY,,2025-01-16,2025-01-16,21850.0,CE,NIFTY2511621850CE,0.0,0.0,0.0,2853.6,0.0,2853.6,23644.8,1859.7,0,0,0,0.0,0,F1,75,,,,,
2024-12-31,2024-12-31,FO,NSE,IDO,43208,,NIFTY,,2025-01-30,2025-01-30,21850.0,PE,NIFTY25JAN21850PE,23.0,25.65,19.95,20.8,20.9,18.6,23644.8,20.8,186925,1850,4060,2220048092.5,1404,F1,25,,,,,
2024-12-31,2024-12-31,FO,NSE,IDO,43207,,NIFTY,,2025-01-30,2025-01-30,21850.0,CE,NIFTY25JAN21850CE,0.0,0.0,0.0,2743.0,2743.45,2743.0,23644.8,1920.25,175,0,0,0.0,0,F1,25,,,,,
2024-12-31,2024-12-31,FO,NSE,IDO,52907,,NIFTY,,2025-01-16,2025-01-16,26350.0,PE,NIFTY2511626350PE,0.0,0.0,0.0,1679.9,0.0,1679.9,23644.8,2627.35,0,0,0,0.0,0,F1,75,,,,,
2024-12-31,2024-12-31,FO,NSE,IDO,57706,,NIFTY,,2025-02-27,2025-02-27,26350.0,PE,NIFTY25FEB26350PE,0.0,0.0,0.0,2144.75,0.0,2144.75,23644.8,2442.65,0,0,0,0.0,0,F1,75,,,,,
2024-12-31,2024-12-31,FO,NSE,IDO,52580,,NIFTY,,2025-01-02,2025-01-02,24600.0,CE,NIFTY2510224600CE,1.55,1.85,1.3,1.6,1.45,1.65,23644.8,1.6,5038350,1494450,393919,726827335421.25,81771,F1,75,,,,,
2024-12-31,2024-12-31,FO,NSE,IDO,55040,,NIFTY,,2025-01-23,2025-01-23,24600.0,PE,NIFTY2512324600PE,0.0,0.0,0.0,759.8,0.0,759.8,23644.8,913.6,0,0,0,0.0,0,F1,75,,,,,
2024-12-31,2024-12-31,FO,NSE,IDO,89627,,NIFTY,,2029-06-28,2029-06-28,22000.0,PE,NIFTY29JUN22000PE,0.0,0.0,0.0,422.0,0.0,422.0,23644.8,248.5,0,0,0,0.0,0,F1,75,,,,,
2024-12-31,2024-12-31,FO,NSE,IDO,64688,,NIFTY,,2025-09-25,2025-09-25,22000.0,CE,NIFTY25SEP22000CE,0.0,0.0,0.0,5865.75,0.0,5865.75,23644.8,2903.3,0,0,0,0.0,0,F1,75,,,,,
2024-12-31,2024-12-31,FO,NSE,IDO,48169,,NIFTY,,2025-01-09,2025-01-09,24900.0,CE,NIFTY2510924900CE,4.45,5.9,3.55,3.8,5.9,4.95,23644.8,3.8,431700,161175,14450,26989774687.5,7641,F1,75,,,,,
2024-12-31,2024-12-31,FO,NSE,IDO,52599,,NIFTY,,2025-01-02,2025-01-02,24900.0,CE,NIFTY2510224900CE,1.15,1.5,1.1,1.25,1.45,1.3,23644.8,1.25,1878675,-126450,92597,172933815101.25,21042,F1,75,,,,,
2024-12-31,2024-12-31,FO,NSE,IDO,56568,,NIFTY,,2025-03-27,2025-03-27,24900.0,CE,NIFTY25MAR24900CE,0.0,0.0,0.0,480.1,0.0,480.1,23644.8,290.55,0,0,0,0.0,0,F1,75,,,,,
2024-12-31,2024-12-31,FO,NSE,IDO,52844,,NIFTY,,2025-01-16,2025-01-16,24900.0,CE,NIFTY2511624900CE,14.5,14.5,10.85,12.9,13.1,14.5,23644.8,12.9,38250,7200,1011,1888966878.75,399,F1,75,,,,,
2024-12-31,2024-12-31,FO,NSE,IDO,52650,,NIFTY,,2025-01-02,2025-01-02,25900.0,PE,NIFTY2510225900PE,0.0,0.0,0.0,2083.75,2083.75,2083.75,23644.8,2245.6,6225,0,0,0.0,0,F1,75,,,,,
2024-12-31,2024-12-31,FO,NSE,IDO,46538,,NIFTY,,2025-01-30,2025-01-30,25900.0,PE,NIFTY25JAN25900PE,2185.05,2185.05,2064.75,2064.75,2064.75,2038.6,23644.8,2064.75,12675,-75,8,5604980.0,3,F1,25,,,,,
2024-12-31,2024-12-31,FO,NSE,IDO,52888,,NIFTY,,2025-01-16,2025-01-16,25900.0,PE,NIFTY2511625900PE,0.0,0.0,0.0,1291.95,0.0,1291.95,23644.8,2178.85,0,0,0,0.0,0,F1,75,,,,,
2024-12-31,2024-12-31,FO,NSE,IDO,48214,,NIFTY,,2025-01-09,2025-01-09,25900.0,CE,NIFTY2510925900CE,1.8,2.2,1.8,2.15,2.1,2.1,23644.8,2.15,10425,1725,168,326366598.75,101,F1,75,,,,,
2024-12-31,2024-12-31,FO,NSE,IDO,52649,,NIFTY,,2025-01-02,2025-01-02,25900.0,CE,NIFTY2510225900CE,0.95,1.3,0.8,0.95,0.8,0.9,23644.8,0.95,595575,263100,33043,64188661743.75,7857,F1,75,,,,,
2024-12-31,2024-12-31,FO,NSE,IDO,46537,,NIFTY,,2025-01-30,2025-01-30,25900.0,CE,NIFTY25JAN25900CE,8.75,9.05,7.25,8.9,9.0,8.05,23644.8,8.9,252625,160300,16896,10943723796.25,3885,F1,25,,,,,
2024-12-31,2024-12-31,FO,NSE,IDO,48215,,NIFTY,,2025-01-09,2025-01-09,25900.0,PE,NIFTY2510925900PE,2225.0,2225.0,2225.0,2225.0,2225.0,1167.65,23644.8,2212.15,75,75,1,2109375.0,1,F1,75,,,,,
2024-12-31,2024-12-31,FO,NSE,IDO,57679,,NIFTY,,2025-02-27,2025-02-27,25900.0,CE,NIFTY25FEB25900CE,37.05,38.7,31.0,37.65,37.65,37.05,23644.8,37.65,14850,1650,68,132272988.75,44,F1,75,,,,,
2024-12-31,2024-12-31,FO,NSE,IDO,52887,,NIFTY,,2025-01-16,2025-01-16,25900.0,CE,NIFTY2511625900CE,3.8,4.25,3.2,3.2,3.2,3.2,23644.8,3.2,3150,0,37,71882448.75,20,F1,75,,,,,
2024-12-31,2024-12-31,FO,NSE,IDO,57680,,NIFTY,,2025-02-27,2025-02-27,25900.0,PE,NIFTY25FEB25900PE,0.0,0.0,0.0,1263.15,1263.15,1263.15,23644.8,2018.5,300,0,0,0.0,0,F1,75,,,,,
2024-12-31,2024-12-31,FO,NSE,IDO,55029,,NIFTY,,2025-01-23,2025-01-23,24350.0,CE,NIFTY2512324350CE,0.0,0.0,0.0,376.5,0.0,376.5,23644.8,108.3,0,0,0,0.0,0,F1,75,,,,,
2024-12-31,2024-12-31,FO,NSE,IDO,46365,,NIFTY,,2025-01-30,2025-01-30,24350.0,PE,NIFTY25JAN24350PE,759.1,860.4,669.0,680.15,687.5,674.2,23644.8,680.15,44225,-75,17,10676175.0,11,F1,25,,,,,
2024-12-31,2024-12-31,FO,NSE,IDO,57616,,NIFTY,,2025-02-27,2025-02-27,24350.0,PE,NIFTY25FEB24350PE,0.0,0.0,0.0,742.55,742.55,742.55,23644.8,766.2,4650,0,0,0.0,0,F1,75,,,,,
2024-12-31,2024-12-31,FO,NSE,IDO,57615,,NIFTY,,2025-02-27,2025-02-27,24350.0,CE,NIFTY25FEB24350CE,0.0,0.0,0.0,350.15,350.15,350.15,23644.8,320.8,2175,0,0,0.0,0,F1,75,,,,,
2024-12-31,2024-12-31,FO,NSE,IDO,52729,,NIFTY,,2025-01-16,2025-01-16,24350.0,PE,NIFTY2511624350PE,715.0,715.0,700.0,700.0,700.0,580.0,23644.8,697.25,1725,1500,20,37584097.5,6,F1,75,,,,,
2024-12-31,2024-12-31,FO,NSE,IDO,57594,,NIFTY,,2025-02-27,2025-02-27,23800.0,PE,NIFTY25FEB23800PE,509.95,548.35,438.1,459.35,458.4,446.15,23644.8,459.35,71550,-525,475,865707780.0,320,F1,75,,,,,
2024-12-31,2024-12-31,FO,NSE,IDO,52523,,NIFTY,,2025-01-02,2025-01-02,23800.0,CE,NIFTY2510223800CE,53.0,113.0,33.85,82.6,88.0,86.3,23644.8,82.6,6725700,251925,1745460,3124499693988.75,937602,F1,75,,,,,
2024-12-31,2024-12-31,FO,NSE,IDO,52663,,NIFTY,,2025-01-16,2025-01-16,23800.0,PE,NIFTY2511623800PE,340.0,430.0,286.0,308.05,294.1,299.55,23644.8,308.05,105900,-450,1373,2485970853.75,787,F1,75,,,,,
2024-12-31,2024-12-31,FO,NSE,IDO,52546,,NIFTY,,2025-01-02,2025-01-02,24200.0,CE,NIFTY2510224200CE,7.55,10.15,4.85,6.5,6.5,9.35,23644.8,6.5,8568150,2350725,1077078,1955438765025.0,271301,F1,75,,,,,
2024-12-31,2024-12-31,FO,NSE,IDO,55061,,NIFTY,,2025-03-27,2025-03-27,24200.0,PE,NIFTY25MAR24200PE,0.0,0.0,0.0,776.05,0.0,776.05,23644.8,711.65,0,0,0,0.0,0,F1,75,,,,,
2024-12-31,2024-12-31,FO,NSE,IDO,55634,,NIFTY,,2025-02-27,2025-02-27,22850.0,PE,NIFTY25FEB22850PE,0.0,0.0,0.0,166.95,167.15,166.95,23644.8,141.05,7575,0,0,0.0,0,F1,75,,,,,
2024-12-31,2024-12-31,FO,NSE,IDO,54770,,NIFTY,,2025-01-23,2025-01-23,22850.0,CE,NIFTY2512322850CE,0.0,0.0,0.0,1345.45,0.0,1345.45,23644.8,942.35,0,0,0,0.0,0,F1,75,,,,,
2024-12-31,2024-12-31,FO,NSE,IDO,48049,,NIFTY,,2025-01-09,2025-01-09,22700.0,CE,NIFTY2510922700CE,840.0,1066.0,840.0,1012.0,1012.0,1032.0,23644.8,986.75,525,300,6,10653000.0,6,F1,75,,,,,
2024-12-31,2024-12-31,FO,NSE,IDO,43255,,NIFTY,,2025-01-30,2025-01-30,22700.0,CE,NIFTY25JAN22700CE,1074.1,1189.25,998.6,1189.25,1189.25,1168.9,23644.8,1189.25,2625,1325,166,98576187.5,34,F1,25,,,,,
2024-12-31,2024-12-31,FO,NSE,IDO,55627,,NIFTY,,2025-02-27,2025-02-27,22700.0,CE,NIFTY25FEB22700CE,0.0,0.0,0.0,1352.25,1352.25,1352.25,23644.8,1299.4,150,0,0,0.0,0,F1,75,,,,,
2024-12-31,2024-12-31,FO,NSE,IDO,52440,,NIFTY,,2025-01-02,2025-01-02,22700.0,PE,NIFTY2510222700PE,2.55,4.8,2.1,4.0,3.55,2.55,23644.8,4.0,5751075,3076200,428033,728853868473.75,115841,F1,75,,,,,
2024-12-31,2024-12-31,FO,NSE,IDO,52496,,NIFTY,,2025-01-16,2025-01-16,22700.0,CE,NIFTY2511622700CE,0.0,0.0,0.0,2028.8,0.0,2028.8,23644.8,1029.15,0,0,0,0.0,0,F1,75,,,,,
2024-12-31,2024-12-31,FO,NSE,IDO,52431,,NIFTY,,2025-01-02,2025-01-02,22700.0,CE,NIFTY2510222700CE,938.0,1033.85,927.3,970.0,970.0,995.0,23644.8,953.2,2925,1200,25,44406765.0,14,F1,75,,,,,
2024-12-31,2024-12-31,FO,NSE,IDO,52500,,NIFTY,,2025-01-16,2025-01-16,22700.0,PE,NIFTY2511622700PE,37.45,52.75,34.0,36.5,36.2,30.1,23644.8,36.5,28350,5250,483,823802636.25,316,F1,75,,,,,
2024-12-31,2024-12-31,FO,NSE,IDO,54763,,NIFTY,,2025-01-23,2025-01-23,22700.0,PE,NIFTY2512322700PE,60.65,60.65,58.45,58.45,58.45,64.65,23644.8,33.7,75,75,2,3413932.5,2,F1,75,,,,,
2024-12-31,2024-12-31,FO,NSE,IDO,43264,,NIFTY,,2025-01-30,2025-01-30,22900.0,PE,NIFTY25JAN22900PE,102.0,143.0,100.2,105.7,103.45,98.55,23644.8,105.7,573575,175,16767,9648886346.25,5947,F1,25,,,,,
2024-12-31,2024-12-31,FO,NSE,IDO,52641,,NIFTY,,2025-01-02,2025-01-02,25750.0,CE,NIFTY2510225750CE,1.0,1.35,0.6,1.0,1.05,0.95,23644.8,1.0,342750,240600,12137,23440588503.75,4449,F1,75,,,,,
2024-12-31,2024-12-31,FO,NSE,IDO,48131,,NIFTY,,2025-01-09,2025-01-09,24100.0,CE,NIFTY2510924100CE,59.65,90.3,42.3,75.7,78.15,72.7,23644.8,75.7,511725,75225,42001,76113133065.0,22365,F1,75,,,,,
2024-12-31,2024-12-31,FO,NSE,IDO,48132,,NIFTY,,2025-01-09,2025-01-09,24100.0,PE,NIFTY2510924100PE,549.35,628.6,410.0,452.05,445.0,433.5,23644.8,452.05,71475,3450,486,896584301.25,318,F1,75,,,,,
2024-12-31,2024-12-31,FO,NSE,IDO,57606,,NIFTY,,2025-02-27,2025-02-27,24100.0,PE,NIFTY25FEB24100PE,659.95,708.0,579.0,600.85,600.7,581.15,23644.8,600.85,23250,-6075,190,352798908.75,130,F1,75,,,,,
2024-12-31,2024-12-31,FO,NSE,IDO,52542,,NIFTY,,2025-01-02,2025-01-02,24100.0,CE,NIFTY2510224100CE,12.0,21.3,7.7,13.15,13.4,17.3,23644.8,13.15,5750475,1007400,1007468,1821946577321.25,316633,F1,75,,,,,
2024-12-31,2024-12-31,FO,NSE,IDO,55608,,NIFTY,,2025-02-27,2025-02-27,22200.0,PE,NIFTY25FEB22200PE,94.6,101.95,82.5,84.6,84.5,78.15,23644.8,84.6,203325,12450,592,989681385.0,351,F1,75,,,,,
2024-12-31,2024-12-31,FO,NSE,IDO,48051,,NIFTY,,2025-01-09,2025-01-09,22750.0,CE,NIFTY2510922750CE,0.0,0.0,0.0,2135.65,0.0,2135.65,23644.8,938.15,0,0,0,0.0,0,F1,75,,,,,
2024-12-31,2024-12-31,FO,NSE,IDO,47040,,NIFTY,,2025-03-27,2025-03-27,22750.0,CE,NIFTY25MAR22750CE,1450.0,1450.0,1450.0,1450.0,1450.0,1529.1,23644.8,1425.7,300,150,3,5445000.0,3,F1,75,,,,,
2024-12-31,2024-12-31,FO,NSE,IDO,54724,,NIFTY,,2025-03-27,2025-03-27,23950.0,PE,NIFTY25MAR23950PE,0.0,0.0,0.0,655.05,0.0,655.05,23644.8,582.25,0,0,0,0.0,0,F1,75,,,,,
2024-12-31,2024-12-31,FO,NSE,IDO,54723,,NIFTY,,2025-03-27,2025-03-27,23950.0,CE,NIFTY25MAR23950CE,605.7,670.0,605.7,670.0,670.0,718.15,23644.8,654.9,2775,75,3,5534677.5,3,F1,75,,,,,
2024-12-31,2024-12-31,FO,NSE,IDO,48104,,NIFTY,,2025-01-09,2025-01-09,23750.0,CE,NIFTY2510923750CE,151.05,243.0,125.4,212.35,220.0,206.35,23644.8,212.35,126900,-1800,13138,23575486380.0,8441,F1,75,,,,,
2024-12-31,2024-12-31,FO,NSE,IDO,51028,,NIFTY,,2025-01-02,2025-01-02,21800.0,PE,NIFTY2510221800PE,0.9,1.9,0.85,1.65,1.75,0.85,23644.8,1.65,1611375,742425,93927,153582027187.5,32477,F1,75,,,,,
2024-12-31,2024-12-31,FO,NSE,IDO,64700,,NIFTY,,2025-09-25,2025-09-25,28000.0,CE,NIFTY25SEP28000CE,0.0,0.0,0.0,1788.2,0.0,1788.2,23644.8,227.75,0,0,0,0.0,0,F1,75,,,,,
2024-12-31,2024-12-31,FO,NSE,IDO,50547,,NIFTY,,2026-12-31,2026-12-31,28000.0,CE,NIFTY26DEC28000CE,0.0,0.0,0.0,1871.1,0.0,1871.1,23644.8,1451.05,0,0,0,0.0,0,F1,75,,,,,
2024-12-31,2024-12-31,FO,NSE,IDO,50550,,NIFTY,,2027-06-24,2027-06-24,28000.0,PE,NIFTY27JUN28000PE,0.0,0.0,0.0,5959.35,0.0,5959.35,23644.8,2025.95,0,0,0,0.0,0,F1,75,,,,,
2024-12-31,2024-12-31,FO,NSE,IDO,50537,,NIFTY,,2025-06-26,2025-06-26,28000.0,CE,NIFTY25JUN28000CE,68.0,74.4,62.3,67.1,68.9,68.7,23644.8,67.1,52075,2475,123,258909540.0,97,F1,75,,,,,
2024-12-31,2024-12-31,FO,NSE,IDO,52838,,NIFTY,,2025-01-16,2025-01-16,24850.0,CE,NIFTY2511624850CE,17.75,17.75,11.6,14.85,15.45,16.9,23644.8,14.85,5025,-225,168,313284675.0,75,F1,75,,,,,
2024-12-31,2024-12-31,FO,NSE,IDO,46408,,NIFTY,,2025-01-30,2025-01-30,24850.0,CE,NIFTY25JAN24850CE,46.35,60.6,38.65,56.6,57.0,54.3,23644.8,56.6,52600,-11275,4055,2524023196.25,1450,F1,25,,,,,
2024-12-31,2024-12-31,FO,NSE,IDO,55062,,NIFTY,,2025-01-23,2025-01-23,24850.0,PE,NIFTY2512324850PE,0.0,0.0,0.0,933.0,0.0,933.0,23644.8,1134.05,0,0,0,0.0,0,F1,75,,,,,
2024-12-31,2024-12-31,FO,NSE,IDO,48120,,NIFTY,,2025-01-09,2025-01-09,24050.0,CE,NIFTY2510924050CE,79.5,106.1,49.8,90.25,93.5,86.5,23644.8,90.25,151275,51975,17503,31668698400.0,10785,F1,75,,,,,
2024-12-31,2024-12-31,FO,NSE,IDO,57604,,NIFTY,,2025-02-27,2025-02-27,24050.0,PE,NIFTY25FEB24050PE,647.1,653.05,569.0,569.0,569.0,551.5,23644.8,587.6,10200,-150,12,22194116.25,6,F1,75,,,,,
2024-12-31,2024-12-31,FO,NSE,IDO,48130,,NIFTY,,2025-01-09,2025-01-09,24050.0,PE,NIFTY2510924050PE,506.4,564.0,377.0,414.7,414.7,397.75,23644.8,414.7,17175,6750,379,696379691.25,291,F1,75,,,,,
2024-12-31,2024-12-31,FO,NSE,IDO,55005,,NIFTY,,2025-01-23,2025-01-23,24050.0,CE,NIFTY2512324050CE,150.0,150.0,150.0,150.0,150.0,224.3,23644.8,193.0,75,0,1,1815000.0,1,F1,75,,,,,
2024-12-31,2024-12-31,FO,NSE,IDO,55006,,NIFTY,,2025-01-23,2025-01-23,24050.0,PE,NIFTY2512324050PE,0.0,0.0,0.0,445.3,0.0,445.3,23644.8,496.1,0,0,0,0.0,0,F1,75,,,,,
2024-12-31,2024-12-31,FO,NSE,IDO,52541,,NIFTY,,2025-01-02,2025-01-02,24050.0,PE,NIFTY2510224050PE,497.0,576.05,334.35,375.8,361.65,378.6,23644.8,375.8,126675,-32325,3756,6900337762.5,2652,F1,75,,,,,
2024-12-31,2024-12-31,FO,NSE,IDO,39680,,NIFTY,,2025-06-26,2025-06-26,16000.0,PE,NIFTY25JUN16000PE,0.0,0.0,0.0,1.5,1.5,1.5,23644.8,0.05,1425,0,0,0.0,0,F1,75,,,,,
2024-12-31,2024-12-31,FO,NSE,IDO,49178,,NIFTY,,2025-12-24,2025-12-24,16000.0,PE,NIFTY25DEC16000PE,0.0,0.0,0.0,20.25,20.25,20.25,23644.8,0.2,2125,0,0,0.0,0,F1,75,,,,,
2024-12-31,2024-12-31,FO,NSE,IDO,54762,,NIFTY,,2025-01-23,2025-01-23,22700.0,CE,NIFTY2512322700CE,0.0,0.0,0.0,1474.7,0.0,1474.7,23644.8,1074.85,0,0,0,0.0,0,F1,75,,,,,
2024-12-31,2024-12-31,FO,NSE,IDO,55628,,NIFTY,,2025-02-27,2025-02-27,22700.0,PE,NIFTY25FEB22700PE,166.25,180.4,140.85,148.05,147.5,142.15,23644.8,148.05,141000,5100,451,773057516.25,193,F1,75,,,,,
2024-12-31,2024-12-31,FO,NSE,IDO,46367,,NIFTY,,2025-01-30,2025-01-30,24400.0,PE,NIFTY25JAN24400PE,816.0,890.75,684.35,730.05,717.95,705.55,23644.8,730.05,333900,-10325,1367,860747598.75,621,F1,25,,,,,
2024-12-31,2024-12-31,FO,NSE,IDO,55032,,NIFTY,,2025-01-23,2025-01-23,24400.0,PE,NIFTY2512324400PE,0.0,0.0,0.0,634.35,0.0,634.35,23644.8,749.2,0,0,0,0.0,0,F1,75,,,,,
2024-12-31,2024-12-31,FO,NSE,IDO,55637,,NIFTY,,2025-02-27,2025-02-27,22950.0,CE,NIFTY25FEB22950CE,0.0,0.0,0.0,1640.5,0.0,1640.5,23644.8,1102.65,0,0,0,0.0,0,F1,75,,,,,
2024-12-31,2024-12-31,FO,NSE,IDO,48062,,NIFTY,,2025-01-09,2025-01-09,22950.0,PE,NIFTY2510922950PE,30.75,53.5,30.0,33.05,32.5,25.35,23644.8,33.05,155250,71700,7393,12746593691.25,3878,F1,75,,,,,
2024-12-31,2024-12-31,FO,NSE,IDO,55638,,NIFTY,,2025-02-27,2025-02-27,22950.0,PE,NIFTY25FEB22950PE,0.0,0.0,0.0,189.05,182.4,189.05,23644.8,163.0,6900,0,0,0.0,0,F1,75,,,,,
2024-12-31,2024-12-31,FO,NSE,IDO,52517,,NIFTY,,2025-01-16,2025-01-16,22950.0,CE,NIFTY2511622950CE,0.0,0.0,0.0,1795.4,0.0,1795.4,23644.8,802.8,0,0,0,0.0,0,F1,75,,,,,
2024-12-31,2024-12-31,FO,NSE,IDO,43265,,NIFTY,,2025-01-30,2025-01-30,22950.0,CE,NIFTY25JAN22950CE,0.0,0.0,0.0,1717.45,1717.8,1717.45,23644.8,910.1,275,0,0,0.0,0,F1,25,,,,,
2024-12-31,2024-12-31,FO,NSE,IDO,48023,,NIFTY,,2025-01-09,2025-01-09,22050.0,CE,NIFTY2510922050CE,0.0,0.0,0.0,2815.45,0.0,2815.45,23644.8,1631.5,0,0,0,0.0,0,F1,75,,,,,
2024-12-31,2024-12-31,FO,NSE,IDO,52387,,NIFTY,,2025-01-02,2025-01-02,22050.0,PE,NIFTY2510222050PE,1.15,2.6,0.95,2.1,1.95,1.15,23644.8,2.1,1137150,915975,96026,158818417567.5,35127,F1,75,,,,,
2024-12-31,2024-12-31,FO,NSE,IDO,52381,,NIFTY,,2025-01-02,2025-01-02,22050.0,CE,NIFTY2510222050CE,0.0,0.0,0.0,1553.9,0.0,1553.9,23644.8,1602.95,0,0,0,0.0,0,F1,75,,,,,
2024-12-31,2024-12-31,FO,NSE,IDO,55602,,NIFTY,,2025-02-27,2025-02-27,22050.0,PE,NIFTY25FEB22050PE,0.0,0.0,0.0,103.1,0.0,103.1,23644.8,36.25,0,0,0,0.0,0,F1,75,,,,,
2024-12-31,2024-12-31,FO,NSE,IDO,61659,,NIFTY,,2029-12-27,2029-12-27,21000.0,CE,NIFTY29DEC21000CE,0.0,0.0,0.0,9463.95,0.0,9463.95,23644.8,8814.05,0,0,0,0.0,0,F1,75,,,,,
2024-12-31,2024-12-31,FO,NSE,IDO,53613,,NIFTY,,2027-12-30,2027-12-30,21000.0,CE,NIFTY27DEC21000CE,0.0,0.0,0.0,4902.4,0.0,4902.4,23644.8,6674.35,0,0,0,0.0,0,F1,75,,,,,
2024-12-31,2024-12-31,FO,NSE,IDO,71553,,NIFTY,,2027-06-24,2027-06-24,21000.0,CE,NIFTY27JUN21000CE,0.0,0.0,0.0,3061.8,0.0,3061.8,23644.8,6061.25,0,0,0,0.0,0,F1,75,,,,,
2024-12-31,2024-12-31,FO,NSE,IDO,58646,,NIFTY,,2026-12-31,2026-12-31,21000.0,CE,NIFTY26DEC21000CE,0.0,0.0,0.0,3356.25,0.0,3356.25,23644.8,5467.5,0,0,0,0.0,0,F1,75,,,,,
2024-12-31,2024-12-31,FO,NSE,IDO,64686,,NIFTY,,2025-09-25,2025-09-25,21000.0,CE,NIFTY25SEP21000CE,0.0,0.0,0.0,6742.1,0.0,6742.1,23644.8,3742.4,0,0,0,0.0,0,F1,75,,,,,
2024-12-31,2024-12-31,FO,NSE,IDO,58647,,NIFTY,,2026-12-31,2026-12-31,21000.0,PE,NIFTY26DEC21000PE,0.0,0.0,0.0,317.05,317.05,317.05,23644.8,170.7,1025,0,0,0.0,0,F1,75,,,,,
2024-12-31,2024-12-31,FO,NSE,IDO,46585,,NIFTY,,2025-01-30,2025-01-30,26050.0,PE,NIFTY25JAN26050PE,0.0,0.0,0.0,1474.1,1472.75,1474.1,23644.8,2264.05,75,0,0,0.0,0,F1,25,,,,,
2024-12-31,2024-12-31,FO,NSE,IDO,57712,,NIFTY,,2025-02-27,2025-02-27,26500.0,CE,NIFTY25FEB26500CE,14.05,16.5,14.0,15.9,16.4,15.85,23644.8,15.9,204150,-1725,905,1799702272.5,444,F1,75,,,,,
2024-12-31,2024-12-31,FO,NSE,IDO,52698,,NIFTY,,2025-01-02,2025-01-02,26500.0,PE,NIFTY2510226500PE,0.0,0.0,0.0,2672.4,2672.35,2672.4,23644.8,2845.4,4200,0,0,0.0,0,F1,75,,,,,
2024-12-31,2024-12-31,FO,NSE,IDO,52691,,NIFTY,,2025-01-02,2025-01-02,26500.0,CE,NIFTY2510226500CE,0.8,1.15,0.7,0.8,0.75,0.85,23644.8,0.8,10347225,2210400,196472,390501583342.5,33093,F1,75,,,,,
2024-12-31,2024-12-31,FO,NSE,IDO,47845,,NIFTY,,2025-01-30,2025-01-30,26500.0,CE,NIFTY25JAN26500CE,5.5,6.1,5.15,5.8,5.55,5.65,23644.8,5.8,1071025,-6100,19553,12956605142.5,2496,F1,25,,,,,
2024-12-31,2024-12-31,FO,NSE,IDO,52913,,NIFTY,,2025-01-16,2025-01-16,26500.0,PE,NIFTY2511626500PE,0.0,0.0,0.0,1815.65,0.0,1815.65,23644.8,2776.9,0,0,0,0.0,0,F1,75,,,,,
2024-12-31,2024-12-31,FO,NSE,IDO,48017,,NIFTY,,2025-01-09,2025-01-09,21900.0,CE,NIFTY2510921900CE,1650.0,1650.0,1650.0,1650.0,1650.0,2963.25,23644.8,1781.25,75,75,1,1766250.0,1,F1,75,,,,,
2024-12-31,2024-12-31,FO,NSE,IDO,52367,,NIFTY,,2025-01-02,2025-01-02,21900.0,PE,NIFTY2510221900PE,1.15,2.15,0.9,1.8,1.75,1.05,23644.8,1.8,2232075,666825,137478,225825969761.25,41346,F1,75,,,,,
2024-12-31,2024-12-31,FO,NSE,IDO,43210,,NIFTY,,2025-01-30,2025-01-30,21900.0,PE,NIFTY25JAN21900PE,24.0,27.85,21.1,22.2,22.0,19.6,23644.8,22.2,201550,29050,11226,6153028441.25,3237,F1,25,,,,,
2024-12-31,2024-12-31,FO,NSE,IDO,52409,,NIFTY,,2025-01-16,2025-01-16,21900.0,CE,NIFTY2511621900CE,0.0,0.0,0.0,2804.35,0.0,2804.35,23644.8,1809.95,0,0,0,0.0,0,F1,75,,,,,
2024-12-31,2024-12-31,FO,NSE,IDO,52410,,NIFTY,,2025-01-16,2025-01-16,21900.0,PE,NIFTY2511621900PE,0.0,0.0,0.0,3.1,0.0,3.1,23644.8,0.45,0,0,0,0.0,0,F1,75,,,,,
2024-12-31,2024-12-31,FO,NSE,IDO,48018,,NIFTY,,2025-01-09,2025-01-09,21900.0,PE,NIFTY2510921900PE,2.95,5.35,2.55,4.6,4.5,2.95,23644.8,4.6,433425,410400,11749,19301703363.75,5087,F1,75,,,,,
2024-12-31,2024-12-31,FO,NSE,IDO,45684,,NIFTY,,2025-01-30,2025-01-30,23450.0,CE,NIFTY25JAN23450CE,528.65,621.4,466.55,597.8,604.0,589.15,23644.8,597.8,18850,1625,1158,694440948.75,729,F1,25,,,,,
2024-12-31,2024-12-31,FO,NSE,IDO,48092,,NIFTY,,2025-01-09,2025-01-09,23450.0,CE,NIFTY2510923450CE,302.15,437.0,260.0,396.3,398.1,395.95,23644.8,396.3,26775,18000,2874,5124808807.5,1804,F1,75,,,,,
2024-12-31,2024-12-31,FO,NSE,IDO,52495,,NIFTY,,2025-01-02,2025-01-02,23450.0,PE,NIFTY2510223450PE,74.55,120.95,44.2,50.25,45.95,47.9,23644.8,50.25,2344200,811425,1029121,1815912173336.25,575520,F1,75,,,,,
2024-12-31,2024-12-31,FO,NSE,IDO,52569,,NIFTY,,2025-01-02,2025-01-02,24450.0,CE,NIFTY2510224450CE,2.6,2.6,1.75,2.05,1.8,2.6,23644.8,2.05,1682850,-469350,353439,648173959837.5,71554,F1,75,,,,,
2024-12-31,2024-12-31,FO,NSE,IDO,48145,,NIFTY,,2025-01-09,2025-01-09,24450.0,CE,NIFTY2510924450CE,18.0,22.3,12.25,18.85,20.0,20.15,23644.8,18.85,226050,87075,12298,22567119960.0,6471,F1,75,,,,,
2024-12-31,2024-12-31,FO,NSE,IDO,57619,,NIFTY,,2025-02-27,2025-02-27,24450.0,CE,NIFTY25FEB24450CE,306.55,306.55,294.5,294.5,294.5,307.1,23644.8,287.1,3600,150,2,3712578.75,2,F1,75,,,,,
2024-12-31,2024-12-31,FO,NSE,IDO,52760,,NIFTY,,2025-01-16,2025-01-16,24450.0,PE,NIFTY2511624450PE,0.0,0.0,0.0,381.4,381.4,381.4,23644.8,781.6,0,0,0,0.0,0,F1,75,,,,,
2024-12-31,2024-12-31,FO,NSE,IDO,57620,,NIFTY,,2025-02-27,2025-02-27,24450.0,PE,NIFTY25FEB24450PE,0.0,0.0,0.0,752.6,752.6,752.6,23644.8,831.45,3525,0,0,0.0,0,F1,75,,,,,
2024-12-31,2024-12-31,FO,NSE,IDO,52574,,NIFTY,,2025-01-02,2025-01-02,24450.0,PE,NIFTY2510224450PE,926.7,926.7,719.95,752.85,746.0,753.65,23644.8,752.85,15150,75,86,162850218.75,41,F1,75,,,,,
2024-12-31,2024-12-31,FO,NSE,IDO,46370,,NIFTY,,2025-01-30,2025-01-30,24450.0,PE,NIFTY25JAN24450PE,863.7,873.0,756.95,759.1,760.3,737.35,23644.8,759.1,26875,-50,18,11361545.0,12,F1,25,,,,,
2024-12-31,2024-12-31,FO,NSE,IDO,52759,,NIFTY,,2025-01-16,2025-01-16,24450.0,CE,NIFTY2511624450CE,57.15,57.15,40.05,53.75,54.1,352.6,23644.8,53.75,4200,4050,70,128610956.25,27,F1,75,,,,,
2024-12-31,2024-12-31,FO,NSE,IDO,55345,,NIFTY,,2025-03-27,2025-03-27,24450.0,PE,NIFTY25MAR24450PE,0.0,0.0,0.0,909.6,0.0,909.6,23644.8,856.3,0,0,0,0.0,0,F1,75,,,,,
2024-12-31,2024-12-31,FO,NSE,IDO,57668,,NIFTY,,2025-02-27,2025-02-27,25600.0,PE,NIFTY25FEB25600PE,0.0,0.0,0.0,1505.25,1505.25,1505.25,23644.8,1745.3,2850,0,0,0.0,0,F1,75,,,,,
2024-12-31,2024-12-31,FO,NSE,IDO,52635,,NIFTY,,2025-01-02,2025-01-02,25600.0,CE,NIFTY2510225600CE,0.95,1.35,0.85,1.0,0.85,1.0,23644.8,1.0,763875,123825,32471,62347035525.0,8452,F1,75,,,,,
2024-12-31,2024-12-31,FO,NSE,IDO,52874,,NIFTY,,2025-01-16,2025-01-16,25600.0,CE,NIFTY2511625600CE,4.85,6.8,3.75,4.3,4.15,4.3,23644.8,4.3,7950,-1500,88,168988608.75,45,F1,75,,,,,
2024-12-31,2024-12-31,FO,NSE,IDO,55105,,NIFTY,,2025-01-23,2025-01-23,25600.0,CE,NIFTY2512325600CE,6.1,7.4,5.4,7.4,7.4,7.85,23644.8,3.9,2850,600,25,48011838.75,7,F1,75,,,,,
2024-12-31,2024-12-31,FO,NSE,IDO,52636,,NIFTY,,2025-01-02,2025-01-02,25600.0,PE,NIFTY2510225600PE,1905.0,1905.0,1905.0,1905.0,1905.0,1938.35,23644.8,1905.0,7500,-3150,42,86640750.0,10,F1,75,,,,,
2024-12-31,2024-12-31,FO,NSE,IDO,48201,,NIFTY,,2025-01-09,2025-01-09,25600.0,CE,NIFTY2510925600CE,2.4,2.7,2.15,2.4,2.35,2.3,23644.8,2.4,36300,22875,1078,2069951958.75,447,F1,75,,,,,
2024-12-31,2024-12-31,FO,NSE,IDO,48202,,NIFTY,,2025-01-09,2025-01-09,25600.0,PE,NIFTY2510925600PE,0.0,0.0,0.0,1845.9,1845.9,1845.9,23644.8,1912.65,75,0,0,0.0,0,F1,75,,,,,
2024-12-31,2024-12-31,FO,NSE,IDO,46492,,NIFTY,,2025-01-30,2025-01-30,25600.0,CE,NIFTY25JAN25600CE,10.05,11.4,9.2,11.0,11.2,10.75,23644.8,11.0,355125,8775,22317,14288506083.75,6709,F1,25,,,,,
2024-12-31,2024-12-31,FO,NSE,IDO,55106,,NIFTY,,2025-01-23,2025-01-23,25600.0,PE,NIFTY2512325600PE,0.0,0.0,0.0,1541.55,0.0,1541.55,23644.8,1850.45,0,0,0,0.0,0,F1,75,,,,,
2024-12-31,2024-12-31,FO,NSE,IDO,57667,,NIFTY,,2025-02-27,2025-02-27,25600.0,CE,NIFTY25FEB25600CE,54.25,64.95,47.95,60.7,64.95,60.8,23644.8,60.7,19425,-1875,203,390567776.25,145,F1,75,,,,,
2024-12-31,2024-12-31,FO,NSE,IDO,46493,,NIFTY,,2025-01-30,2025-01-30,25600.0,PE,NIFTY25JAN25600PE,1772.0,1774.0,1772.0,1772.6,1772.0,1570.0,23644.8,1772.6,30400,3450,144,98541288.75,27,F1,25,,,,,
2024-12-31,2024-12-31,FO,NSE,IDO,52875,,NIFTY,,2025-01-16,2025-01-16,25600.0,PE,NIFTY2511625600PE,0.0,0.0,0.0,1054.2,0.0,1054.2,23644.8,1880.3,0,0,0,0.0,0,F1,75,,,,,
2024-12-31,2024-12-31,FO,NSE,IDO,48224,,NIFTY,,2025-01-09,2025-01-09,26100.0,PE,NIFTY2510926100PE,0.0,0.0,0.0,1329.25,0.0,1329.25,23644.8,2411.8,0,0,0,0.0,0,F1,75,,,,,
2024-12-31,2024-12-31,FO,NSE,IDO,52897,,NIFTY,,2025-01-16,2025-01-16,26100.0,PE,NIFTY2511626100PE,0.0,0.0,0.0,1460.35,0.0,1460.35,23644.8,2378.15,0,0,0,0.0,0,F1,75,,,,,
2024-12-31,2024-12-31,FO,NSE,IDO,46588,,NIFTY,,2025-01-30,2025-01-30,26100.0,CE,NIFTY25JAN26100CE,5.65,7.95,5.65,7.45,7.55,7.05,23644.8,7.45,117075,10100,4056,2647276766.25,1245,F1,25,,,,,
2024-12-31,2024-12-31,FO,NSE,IDO,57686,,NIFTY,,2025-02-27,2025-02-27,26050.0,PE,NIFTY25FEB26050PE,0.0,0.0,0.0,1902.05,0.0,1902.05,23644.8,2158.3,0,0,0,0.0,0,F1,75,,,,,
2024-12-31,2024-12-31,FO,NSE,IDO,89624,,NIFTY,,2029-06-28,2029-06-28,21000.0,CE,NIFTY29JUN21000CE,0.0,0.0,0.0,9799.75,0.0,9799.75,23644.8,8308.6,0,0,0,0.0,0,F1,75,,,,,
2024-12-31,2024-12-31,FO,NSE,IDO,86146,,NIFTY,,2028-06-29,2028-06-29,21000.0,PE,NIFTY28JUN21000PE,0.0,0.0,0.0,907.2,0.0,907.2,23644.8,181.35,0,0,0,0.0,0,F1,75,,,,,
2024-12-31,2024-12-31,FO,NSE,IDO,64687,,NIFTY,,2025-09-25,2025-09-25,21000.0,PE,NIFTY25SEP21000PE,0.0,0.0,0.0,51.55,0.0,51.55,23644.8,82.15,0,0,0,0.0,0,F1,75,,,,,
2024-12-31,2024-12-31,FO,NSE,IDO,64560,,NIFTY,,2025-03-27,2025-03-27,21000.0,CE,NIFTY25MAR21000CE,2950.0,3091.0,2901.0,3038.45,3041.65,3056.55,23644.8,3038.45,290300,8250,143,257349000.0,91,F1,75,,,,,
2024-12-31,2024-12-31,FO,NSE,IDO,48222,,NIFTY,,2025-01-09,2025-01-09,26050.0,PE,NIFTY2510926050PE,0.0,0.0,0.0,1288.1,0.0,1288.1,23644.8,2361.9,0,0,0,0.0,0,F1,75,,,,,
2024-12-31,2024-12-31,FO,NSE,IDO,51449,,NIFTY,,2025-06-26,2025-06-26,21000.0,CE,NIFTY25JUN21000CE,0.0,0.0,0.0,3199.45,0.0,3199.45,23644.8,3368.1,0,0,0,0.0,0,F1,75,,,,,
2024-12-31,2024-12-31,FO,NSE,IDO,67773,,NIFTY,,2028-12-28,2028-12-28,19000.0,PE,NIFTY28DEC19000PE,0.0,0.0,0.0,158.0,0.0,158.0,23644.8,69.6,0,0,0,0.0,0,F1,75,,,,,
2024-12-31,2024-12-31,FO,NSE,IDO,58639,,NIFTY,,2026-12-31,2026-12-31,17000.0,PE,NIFTY26DEC17000PE,0.0,0.0,0.0,97.05,97.05,97.05,23644.8,8.8,2850,0,0,0.0,0,F1,75,,,,,
2024-12-31,2024-12-31,FO,NSE,IDO,46358,,NIFTY,,2025-01-30,2025-01-30,24200.0,CE,NIFTY25JAN24200CE,160.0,228.0,147.75,209.25,213.0,205.75,23644.8,209.25,715450,65950,41767,25459881231.25,12901,F1,25,,,,,
2024-12-31,2024-12-31,FO,NSE,IDO,55060,,NIFTY,,2025-03-27,2025-03-27,24200.0,CE,NIFTY25MAR24200CE,522.65,563.8,491.55,562.5,563.8,585.75,23644.8,562.5,4725,1875,63,116806327.5,26,F1,75,,,,,
2024-12-31,2024-12-31,FO,NSE,IDO,52508,,NIFTY,,2025-01-16,2025-01-16,22850.0,CE,NIFTY2511622850CE,0.0,0.0,0.0,1887.95,0.0,1887.95,23644.8,891.4,0,0,0,0.0,0,F1,75,,,,,
2024-12-31,2024-12-31,FO,NSE,IDO,52672,,NIFTY,,2025-01-02,2025-01-02,26300.0,PE,NIFTY2510226300PE,0.0,0.0,0.0,2490.55,2490.55,2490.55,23644.8,2645.5,750,0,0,0.0,0,F1,75,,,,,
2024-12-31,2024-12-31,FO,NSE,IDO,57703,,NIFTY,,2025-02-27,2025-02-27,26300.0,PE,NIFTY25FEB26300PE,0.0,0.0,0.0,2103.6,0.0,2103.6,23644.8,2394.9,0,0,0,0.0,0,F1,75,,,,,
2024-12-31,2024-12-31,FO,NSE,IDO,48235,,NIFTY,,2025-01-09,2025-01-09,26300.0,PE,NIFTY2510926300PE,0.0,0.0,0.0,1498.3,0.0,1498.3,23644.8,2611.45,0,0,0,0.0,0,F1,75,,,,,
2024-12-31,2024-12-31,FO,NSE,IDO,52904,,NIFTY,,2025-01-16,2025-01-16,26300.0,CE,NIFTY2511626300CE,1.2,3.9,1.2,2.7,2.7,12.85,23644.8,0.05,600,0,22,43399751.25,14,F1,75,,,,,
2024-12-31,2024-12-31,FO,NSE,IDO,46390,,NIFTY,,2025-01-30,2025-01-30,24700.0,PE,NIFTY25JAN24700PE,1020.0,1142.55,910.85,957.65,953.8,949.3,23644.8,957.65,207775,200,1234,793598063.75,360,F1,25,,,,,
2024-12-31,2024-12-31,FO,NSE,IDO,57674,,NIFTY,,2025-02-27,2025-02-27,25750.0,PE,NIFTY25FEB25750PE,0.0,0.0,0.0,1131.85,1131.85,1131.85,23644.8,1880.75,75,0,0,0.0,0,F1,75,,,,,
2024-12-31,2024-12-31,FO,NSE,IDO,46506,,NIFTY,,2025-01-30,2025-01-30,25750.0,PE,NIFTY25JAN25750PE,0.0,0.0,0.0,1830.0,1830.0,1830.0,23644.8,1969.65,725,0,0,0.0,0,F1,25,,,,,
2024-12-31,2024-12-31,FO,NSE,IDO,46505,,NIFTY,,2025-01-30,2025-01-30,25750.0,CE,NIFTY25JAN25750CE,9.2,9.55,7.2,9.3,9.15,9.2,23644.8,9.3,27250,-1750,1046,673595603.75,320,F1,25,,,,,
2024-12-31,2024-12-31,FO,NSE,IDO,52429,,NIFTY,,2025-01-02,2025-01-02,22650.0,CE,NIFTY2510222650CE,930.0,1064.25,890.0,1049.5,1048.85,1067.9,23644.8,1049.5,1125,450,18,31921530.0,13,F1,75,,,,,
2024-12-31,2024-12-31,FO,NSE,IDO,52543,,NIFTY,,2025-01-02,2025-01-02,24100.0,PE,NIFTY2510224100PE,542.0,625.75,372.75,418.6,406.2,420.5,23644.8,418.6,430125,-80700,6705,12362919517.5,4342,F1,75,,,,,
2024-12-31,2024-12-31,FO,NSE,IDO,55009,,NIFTY,,2025-01-23,2025-01-23,24100.0,CE,NIFTY2512324100CE,150.0,205.0,137.65,193.35,195.7,190.15,23644.8,193.35,2550,975,75,136511126.25,28,F1,75,,,,,
2024-12-31,2024-12-31,FO,NSE,IDO,46355,,NIFTY,,2025-01-30,2025-01-30,24100.0,PE,NIFTY25JAN24100PE,593.35,672.1,503.4,533.3,527.4,519.15,23644.8,533.3,308225,-36475,10620,6551535713.75,4759,F1,25,,,,,
2024-12-31,2024-12-31,FO,NSE,IDO,52437,,NIFTY,,2025-01-16,2025-01-16,22200.0,CE,NIFTY2511622200CE,0.0,0.0,0.0,2510.2,0.0,2510.2,23644.8,1512.55,0,0,0,0.0,0,F1,75,,,,,
2024-12-31,2024-12-31,FO,NSE,IDO,46977,,NIFTY,,2025-03-27,2025-03-27,22200.0,PE,NIFTY25MAR22200PE,128.0,137.0,115.5,127.85,127.85,116.25,23644.8,127.85,29325,13200,201,336619822.5,98,F1,75,,,,,
2024-12-31,2024-12-31,FO,NSE,IDO,47041,,NIFTY,,2025-03-27,2025-03-27,22750.0,PE,NIFTY25MAR22750PE,0.0,0.0,0.0,196.75,196.75,196.75,23644.8,171.95,2775,0,0,0.0,0,F1,75,,,,,
2024-12-31,2024-12-31,FO,NSE,IDO,52441,,NIFTY,,2025-01-02,2025-01-02,22750.0,CE,NIFTY2510222750CE,0.0,0.0,0.0,1060.3,1060.3,1060.3,23644.8,903.2,150,0,0,0.0,0,F1,75,,,,,
2024-12-31,2024-12-31,FO,NSE,IDO,55629,,NIFTY,,2025-02-27,2025-02-27,22750.0,CE,NIFTY25FEB22750CE,0.0,0.0,0.0,1791.5,0.0,1791.5,23644.8,1258.95,0,0,0,0.0,0,F1,75,,,,,
2024-12-31,2024-12-31,FO,NSE,IDO,43258,,NIFTY,,2025-01-30,2025-01-30,22750.0,PE,NIFTY25JAN22750PE,91.85,113.1,79.8,84.85,84.0,78.75,23644.8,84.85,57200,31550,4081,2330271500.0,898,F1,25,,,,,
2024-12-31,2024-12-31,FO,NSE,IDO,55001,,NIFTY,,2025-01-23,2025-01-23,23950.0,CE,NIFTY2512323950CE,0.0,0.0,0.0,567.35,0.0,567.35,23644.8,229.9,0,0,0,0.0,0,F1,75,,,,,
2024-12-31,2024-12-31,FO,NSE,IDO,46625,,NIFTY,,2025-01-30,2025-01-30,26350.0,PE,NIFTY25JAN26350PE,0.0,0.0,0.0,1738.15,1738.15,1738.15,23644.8,2560.6,25,0,0,0.0,0,F1,25,,,,,
2024-12-31,2024-12-31,FO,NSE,IDO,56535,,NIFTY,,2025-03-27,2025-03-27,24650.0,PE,NIFTY25MAR24650PE,0.0,0.0,0.0,1025.2,0.0,1025.2,23644.8,982.6,0,0,0,0.0,0,F1,75,,,,,
2024-12-31,2024-12-31,FO,NSE,IDO,52817,,NIFTY,,2025-01-16,2025-01-16,24650.0,PE,NIFTY2511624650PE,0.0,0.0,0.0,457.35,0.0,457.35,23644.8,959.3,0,0,0,0.0,0,F1,75,,,,,
2024-12-31,2024-12-31,FO,NSE,IDO,46388,,NIFTY,,2025-01-30,2025-01-30,24650.0,PE,NIFTY25JAN24650PE,978.0,1080.5,909.15,914.15,909.15,896.1,23644.8,914.15,40250,-3600,211,135474231.25,50,F1,25,,,,,
2024-12-31,2024-12-31,FO,NSE,IDO,52816,,NIFTY,,2025-01-16,2025-01-16,24650.0,CE,NIFTY2511624650CE,23.85,31.0,20.0,29.2,30.0,28.85,23644.8,29.2,6675,2925,183,338681775.0,70,F1,75,,,,,
2024-12-31,2024-12-31,FO,NSE,IDO,48159,,NIFTY,,2025-01-09,2025-01-09,24650.0,CE,NIFTY2510924650CE,9.65,9.65,6.6,7.9,7.9,9.65,23644.8,7.9,174300,47700,10441,19308787687.5,5477,F1,75,,,,,
2024-12-31,2024-12-31,FO,NSE,IDO,50774,,NIFTY,,2025-01-02,2025-01-02,21600.0,PE,NIFTY2510221600PE,0.75,1.5,0.6,1.3,1.25,0.65,23644.8,1.3,12227025,1805850,427433,692480340881.25,78815,F1,75,,,,,
2024-12-31,2024-12-31,FO,NSE,IDO,58629,,NIFTY,,2026-12-31,2026-12-31,12000.0,PE,NIFTY26DEC12000PE,0.0,0.0,0.0,20.05,20.05,20.05,23644.8,0.05,800,0,0,0.0,0,F1,75,,,,,
2024-12-31,2024-12-31,FO,NSE,IDO,58624,,NIFTY,,2026-06-25,2026-06-25,12000.0,CE,NIFTY26JUN12000CE,0.0,0.0,0.0,8690.0,8690.0,8690.0,23644.8,12787.25,50,0,0,0.0,0,F1,75,,,,,
2024-12-31,2024-12-31,FO,NSE,IDO,58625,,NIFTY,,2026-06-25,2026-06-25,12000.0,PE,NIFTY26JUN12000PE,0.0,0.0,0.0,20.05,20.05,20.05,23644.8,0.05,400,0,0,0.0,0,F1,75,,,,,
2024-12-31,2024-12-31,FO,NSE,IDO,50545,,NIFTY,,2026-06-25,2026-06-25,28000.0,CE,NIFTY26JUN28000CE,0.0,0.0,0.0,1533.95,0.0,1533.95,23644.8,900.15,0,0,0,0.0,0,F1,75,,,,,
2024-12-31,2024-12-31,FO,NSE,IDO,50548,,NIFTY,,2026-12-31,2026-12-31,28000.0,PE,NIFTY26DEC28000PE,0.0,0.0,0.0,6224.8,0.0,6224.8,23644.8,2270.3,0,0,0,0.0,0,F1,75,,,,,
2024-12-31,2024-12-31,FO,NSE,IDO,86166,,NIFTY,,2028-06-29,2028-06-29,28000.0,PE,NIFTY28JUN28000PE,0.0,0.0,0.0,3161.35,0.0,3161.35,23644.8,1615.45,0,0,0,0.0,0,F1,75,,,,,
2024-12-31,2024-12-31,FO,NSE,IDO,67791,,NIFTY,,2028-12-28,2028-12-28,28000.0,PE,NIFTY28DEC28000PE,0.0,0.0,0.0,1697.6,0.0,1697.6,23644.8,1452.65,0,0,0,0.0,0,F1,75,,,,,
2024-12-31,2024-12-31,FO,NSE,IDO,53633,,NIFTY,,2027-12-30,2027-12-30,28000.0,CE,NIFTY27DEC28000CE,0.0,0.0,0.0,2639.2,0.0,2639.2,23644.8,2574.95,0,0,0,0.0,0,F1,75,,,,,
2024-12-31,2024-12-31,FO,NSE,IDO,89638,,NIFTY,,2029-06-28,2029-06-28,28000.0,CE,NIFTY29JUN28000CE,0.0,0.0,0.0,6112.6,0.0,6112.6,23644.8,4279.2,0,0,0,0.0,0,F1,75,,,,,
2024-12-31,2024-12-31,FO,NSE,IDO,64579,,NIFTY,,2025-03-27,2025-03-27,28000.0,PE,NIFTY25MAR28000PE,3883.8,3950.0,3731.2,3800.75,3811.7,3782.0,23644.8,3800.75,269200,900,95,226857468.75,72,F1,75,,,,,
2024-12-31,2024-12-31,FO,NSE,IDO,61858,,NIFTY,,2029-12-27,2029-12-27,28000.0,CE,NIFTY29DEC28000CE,0.0,0.0,0.0,5741.5,0.0,5741.5,23644.8,4836.35,0,0,0,0.0,0,F1,75,,,,,
2024-12-31,2024-12-31,FO,NSE,IDO,89639,,NIFTY,,2029-06-28,2029-06-28,28000.0,PE,NIFTY29JUN28000PE,0.0,0.0,0.0,1488.1,0.0,1488.1,23644.8,1309.2,0,0,0,0.0,0,F1,75,,,,,
2024-12-31,2024-12-31,FO,NSE,IDO,67790,,NIFTY,,2028-12-28,2028-12-28,28000.0,CE,NIFTY28DEC28000CE,0.0,0.0,0.0,4027.15,0.0,4027.15,23644.8,3714.9,0,0,0,0.0,0,F1,75,,,,,
2024-12-31,2024-12-31,FO,NSE,IDO,53635,,NIFTY,,2027-12-30,2027-12-30,28000.0,PE,NIFTY27DEC28000PE,0.0,0.0,0.0,4251.0,0.0,4251.0,23644.8,1801.6,0,0,0,0.0,0,F1,75,,,,,
2024-12-31,2024-12-31,FO,NSE,IDO,50781,,NIFTY,,2025-01-02,2025-01-02,21750.0,PE,NIFTY2510221750PE,0.85,2.0,0.85,1.6,1.5,0.85,23644.8,1.6,621450,404400,40695,66388364471.25,15756,F1,75,,,,,
2024-12-31,2024-12-31,FO,NSE,IDO,54785,,NIFTY,,2025-01-23,2025-01-23,23150.0,PE,NIFTY2512323150PE,150.0,150.0,143.8,143.8,143.8,113.8,23644.8,104.15,150,75,7,12230820.0,6,F1,75,,,,,
2024-12-31,2024-12-31,FO,NSE,IDO,48077,,NIFTY,,2025-01-09,2025-01-09,23150.0,CE,NIFTY2510923150CE,566.0,646.55,566.0,631.4,637.4,1762.05,23644.8,631.4,3375,3375,85,151469576.25,47,F1,75,,,,,
2024-12-31,2024-12-31,FO,NSE,IDO,52458,,NIFTY,,2025-01-02,2025-01-02,23150.0,PE,NIFTY2510223150PE,9.4,29.6,9.4,12.9,11.7,10.45,23644.8,12.9,2693625,391200,529057,919292168857.5,193058,F1,75,,,,,
2024-12-31,2024-12-31,FO,NSE,IDO,48218,,NIFTY,,2025-01-09,2025-01-09,25950.0,PE,NIFTY2510925950PE,0.0,0.0,0.0,1207.25,0.0,1207.25,23644.8,2262.05,0,0,0,0.0,0,F1,75,,,,,
2024-12-31,2024-12-31,FO,NSE,IDO,52652,,NIFTY,,2025-01-02,2025-01-02,25950.0,PE,NIFTY2510225950PE,0.0,0.0,0.0,2165.9,2165.9,2165.9,23644.8,2295.6,225,0,0,0.0,0,F1,75,,,,,
2024-12-31,2024-12-31,FO,NSE,IDO,52651,,NIFTY,,2025-01-02,2025-01-02,25950.0,CE,NIFTY2510225950CE,0.95,1.25,0.85,0.95,0.85,0.95,23644.8,0.95,328050,226500,13220,25730485166.25,3949,F1,75,,,,,
2024-12-31,2024-12-31,FO,NSE,IDO,64703,,NIFTY,,2025-09-25,2025-09-25,29000.0,PE,NIFTY25SEP29000PE,0.0,0.0,0.0,2125.3,0.0,2125.3,23644.8,4077.9,0,0,0,0.0,0,F1,75,,,,,
2024-12-31,2024-12-31,FO,NSE,IDO,38163,,NIFTY,,2027-06-24,2027-06-24,29000.0,PE,NIFTY27JUN29000PE,0.0,0.0,0.0,4627.1,0.0,4627.1,23644.8,2515.0,0,0,0,0.0,0,F1,75,,,,,
2024-12-31,2024-12-31,FO,NSE,IDO,38151,,NIFTY,,2025-06-26,2025-06-26,29000.0,PE,NIFTY25JUN29000PE,0.0,0.0,0.0,6724.5,0.0,6724.5,23644.8,4454.1,0,0,0,0.0,0,F1,75,,,,,
2024-12-31,2024-12-31,FO,NSE,IDO,52679,,NIFTY,,2025-01-16,2025-01-16,23950.0,CE,NIFTY2511623950CE,159.15,210.05,126.9,194.7,197.9,188.45,23644.8,194.7,11175,3225,231,417500748.75,154,F1,75,,,,,
2024-12-31,2024-12-31,FO,NSE,IDO,55002,,NIFTY,,2025-01-23,2025-01-23,23950.0,PE,NIFTY2512323950PE,0.0,0.0,0.0,398.6,0.0,398.6,23644.8,433.45,0,0,0,0.0,0,F1,75,,,,,
2024-12-31,2024-12-31,FO,NSE,IDO,48114,,NIFTY,,2025-01-09,2025-01-09,23950.0,CE,NIFTY2510923950CE,97.15,144.0,69.35,123.05,128.0,118.85,23644.8,123.05,141300,33750,14073,25382214112.5,8293,F1,75,,,,,
2024-12-31,2024-12-31,FO,NSE,IDO,46458,,NIFTY,,2025-01-30,2025-01-30,25200.0,PE,NIFTY25JAN25200PE,1511.0,1580.0,1370.0,1422.0,1422.0,1384.15,23644.8,1443.4,68775,-375,114,76017602.5,39,F1,25,,,,,
2024-12-31,2024-12-31,FO,NSE,IDO,48181,,NIFTY,,2025-01-09,2025-01-09,25200.0,CE,NIFTY2510925200CE,3.3,3.35,2.45,2.9,2.5,3.05,23644.8,2.9,133200,-14175,4106,7761254347.5,1928,F1,75,,,,,
2024-12-31,2024-12-31,FO,NSE,IDO,55083,,NIFTY,,2025-01-23,2025-01-23,25200.0,CE,NIFTY2512325200CE,13.0,14.9,12.5,14.9,14.8,17.45,23644.8,14.9,1950,1425,38,71858722.5,15,F1,75,,,,,
2024-12-31,2024-12-31,FO,NSE,IDO,57652,,NIFTY,,2025-02-27,2025-02-27,25200.0,PE,NIFTY25FEB25200PE,1387.5,1387.5,1387.5,1387.5,1387.5,1130.25,23644.8,1398.9,2550,0,3,5982187.5,1,F1,75,,,,,
2024-12-31,2024-12-31,FO,NSE,IDO,52614,,NIFTY,,2025-01-02,2025-01-02,25200.0,PE,NIFTY2510225200PE,1600.0,1626.1,1573.15,1589.3,1589.3,1540.0,23644.8,1545.9,20400,-375,15,30147033.75,8,F1,75,,,,,
2024-12-31,2024-12-31,FO,NSE,IDO,57651,,NIFTY,,2025-02-27,2025-02-27,25200.0,CE,NIFTY25FEB25200CE,113.05,116.0,87.7,111.4,113.75,113.05,23644.8,111.4,60000,7650,942,1787266406.25,474,F1,75,,,,,
2024-12-31,2024-12-31,FO,NSE,IDO,55084,,NIFTY,,2025-01-23,2025-01-23,25200.0,PE,NIFTY2512325200PE,0.0,0.0,0.0,1202.65,0.0,1202.65,23644.8,1461.55,0,0,0,0.0,0,F1,75,,,,,
2024-12-31,2024-12-31,FO,NSE,IDO,52858,,NIFTY,,2025-01-16,2025-01-16,25200.0,CE,NIFTY2511625200CE,6.0,6.75,5.5,6.4,6.65,6.7,23644.8,6.4,26925,13275,401,758074297.5,142,F1,75,,,,,
2024-12-31,2024-12-31,FO,NSE,IDO,52859,,NIFTY,,2025-01-16,2025-01-16,25200.0,PE,NIFTY2511625200PE,0.0,0.0,0.0,770.8,0.0,770.8,23644.8,1484.65,0,0,0,0.0,0,F1,75,,,,,
2024-12-31,2024-12-31,FO,NSE,IDO,48182,,NIFTY,,2025-01-09,2025-01-09,25200.0,PE,NIFTY2510925200PE,0.0,0.0,0.0,1500.0,1500.0,1500.0,23644.8,1513.55,825,0,0,0.0,0,F1,75,,,,,
2024-12-31,2024-12-31,FO,NSE,IDO,52613,,NIFTY,,2025-01-02,2025-01-02,25200.0,CE,NIFTY2510225200CE,1.1,1.35,0.7,1.05,0.9,1.1,23644.8,1.05,2156175,43500,86042,162626641837.5,16623,F1,75,,,,,
2024-12-31,2024-12-31,FO,NSE,IDO,56872,,NIFTY,,2025-03-27,2025-03-27,25200.0,CE,NIFTY25MAR25200CE,200.0,215.55,195.0,210.4,210.4,213.75,23644.8,210.4,10425,375,50,95278500.0,13,F1,75,,,,,
2024-12-31,2024-12-31,FO,NSE,IDO,46457,,NIFTY,,2025-01-30,2025-01-30,25200.0,CE,NIFTY25JAN25200CE,22.0,24.9,17.8,23.8,24.55,23.95,23644.8,23.8,1129600,281375,49438,31171570266.25,14248,F1,25,,,,,
2024-12-31,2024-12-31,FO,NSE,IDO,56873,,NIFTY,,2025-03-27,2025-03-27,25200.0,PE,NIFTY25MAR25200PE,0.0,0.0,0.0,1380.95,0.0,1380.95,23644.8,1373.85,0,0,0,0.0,0,F1,75,,,,,
2024-12-31,2024-12-31,FO,NSE,IDO,46589,,NIFTY,,2025-01-30,2025-01-30,26100.0,PE,NIFTY25JAN26100PE,2295.15,2295.15,2295.15,2295.15,2295.15,2150.0,23644.8,2313.35,25475,25,1,709878.75,1,F1,25,,,,,
2024-12-31,2024-12-31,FO,NSE,IDO,52659,,NIFTY,,2025-01-02,2025-01-02,26100.0,PE,NIFTY2510226100PE,2518.45,2518.45,2500.0,2500.0,2500.0,2289.5,23644.8,2445.55,2400,-750,10,21453367.5,3,F1,75,,,,,
2024-12-31,2024-12-31,FO,NSE,IDO,48223,,NIFTY,,2025-01-09,2025-01-09,26100.0,CE,NIFTY2510926100CE,1.7,2.2,1.7,2.0,1.9,2.0,23644.8,2.0,15150,900,244,477666705.0,103,F1,75,,,,,
2024-12-31,2024-12-31,FO,NSE,IDO,64553,,NIFTY,,2025-03-27,2025-03-27,18000.0,PE,NIFTY25MAR18000PE,7.05,7.35,6.3,6.65,7.1,6.9,23644.8,6.65,288025,12475,804,1085805300.0,661,F1,75,,,,,
2024-12-31,2024-12-31,FO,NSE,IDO,48226,,NIFTY,,2025-01-09,2025-01-09,26150.0,PE,NIFTY2510926150PE,0.0,0.0,0.0,1370.85,0.0,1370.85,23644.8,2461.7,0,0,0,0.0,0,F1,75,,,,,
2024-12-31,2024-12-31,FO,NSE,IDO,53595,,NIFTY,,2027-12-30,2027-12-30,15000.0,PE,NIFTY27DEC15000PE,0.0,0.0,0.0,43.05,43.05,43.05,23644.8,2.9,475,0,0,0.0,0,F1,75,,,,,
2024-12-31,2024-12-31,FO,NSE,IDO,40091,,NIFTY,,2025-06-26,2025-06-26,15000.0,PE,NIFTY25JUN15000PE,0.0,0.0,0.0,1.45,1.45,1.45,23644.8,0.05,1925,0,0,0.0,0,F1,75,,,,,
2024-12-31,2024-12-31,FO,NSE,IDO,58635,,NIFTY,,2026-12-31,2026-12-31,15000.0,PE,NIFTY26DEC15000PE,0.0,0.0,0.0,36.75,36.75,36.75,23644.8,0.95,2275,0,0,0.0,0,F1,75,,,,,
2024-12-31,2024-12-31,FO,NSE,IDO,48193,,NIFTY,,2025-01-09,2025-01-09,25400.0,CE,NIFTY2510925400CE,2.3,2.75,2.25,2.5,2.45,2.6,23644.8,2.5,84375,20850,1506,2869217111.25,529,F1,75,,,,,
2024-12-31,2024-12-31,FO,NSE,IDO,46466,,NIFTY,,2025-01-30,2025-01-30,25400.0,PE,NIFTY25JAN25400PE,1750.0,1750.0,1581.0,1582.8,1581.0,1569.7,23644.8,1582.8,38400,1075,53,35773557.5,8,F1,25,,,,,
2024-12-31,2024-12-31,FO,NSE,IDO,55198,,NIFTY,,2025-03-27,2025-03-27,24300.0,PE,NIFTY25MAR24300PE,0.0,0.0,0.0,600.0,600.0,600.0,23644.8,767.7,2850,0,0,0.0,0,F1,75,,,,,
2024-12-31,2024-12-31,FO,NSE,IDO,52866,,NIFTY,,2025-01-16,2025-01-16,25400.0,CE,NIFTY2511625400CE,4.6,5.0,4.55,4.85,4.6,4.8,23644.8,4.85,4425,-825,57,108605583.75,20,F1,75,,,,,
2024-12-31,2024-12-31,FO,NSE,IDO,46363,,NIFTY,,2025-01-30,2025-01-30,24300.0,PE,NIFTY25JAN24300PE,740.0,818.5,624.0,659.4,657.0,643.9,23644.8,659.4,282100,-525,2471,1544268806.25,1221,F1,25,,,,,
2024-12-31,2024-12-31,FO,NSE,IDO,46362,,NIFTY,,2025-01-30,2025-01-30,24300.0,CE,NIFTY25JAN24300CE,141.55,191.25,122.35,175.15,177.8,171.8,23644.8,175.15,460600,90100,35027,21412749023.75,11172,F1,25,,,,,
2024-12-31,2024-12-31,FO,NSE,IDO,52867,,NIFTY,,2025-01-16,2025-01-16,25400.0,PE,NIFTY2511625400PE,0.0,0.0,0.0,907.1,0.0,907.1,23644.8,1681.9,0,0,0,0.0,0,F1,75,,,,,
2024-12-31,2024-12-31,FO,NSE,IDO,52723,,NIFTY,,2025-01-16,2025-01-16,24300.0,PE,NIFTY2511624300PE,591.0,640.0,591.0,640.0,640.0,590.35,23644.8,656.4,750,75,3,5606325.0,3,F1,75,,,,,
2024-12-31,2024-12-31,FO,NSE,IDO,55063,,NIFTY,,2025-01-23,2025-01-23,24900.0,CE,NIFTY2512324900CE,27.5,31.0,25.15,31.0,31.0,32.0,23644.8,30.2,2025,225,17,31782896.25,11,F1,75,,,,,
2024-12-31,2024-12-31,FO,NSE,IDO,57638,,NIFTY,,2025-02-27,2025-02-27,24900.0,PE,NIFTY25FEB24900PE,0.0,0.0,0.0,899.65,899.65,899.65,23644.8,1156.95,1200,0,0,0.0,0,F1,75,,,,,
2024-12-31,2024-12-31,FO,NSE,IDO,43275,,NIFTY,,2025-01-30,2025-01-30,23100.0,CE,NIFTY25JAN23100CE,758.75,893.6,690.0,849.0,852.8,854.05,23644.8,849.0,14225,8450,767,457523421.25,386,F1,25,,,,,
2024-12-31,2024-12-31,FO,NSE,IDO,48068,,NIFTY,,2025-01-09,2025-01-09,23100.0,CE,NIFTY2510923100CE,617.1,720.0,499.9,664.0,669.75,658.1,23644.8,664.0,7350,3150,105,186541222.5,87,F1,75,,,,,
2024-12-31,2024-12-31,FO,NSE,IDO,48059,,NIFTY,,2025-01-09,2025-01-09,22900.0,CE,NIFTY2510922900CE,743.95,878.0,736.0,848.9,848.9,1015.4,23644.8,848.9,600,150,13,23110875.0,12,F1,75,,,,,
2024-12-31,2024-12-31,FO,NSE,IDO,48243,,NIFTY,,2025-03-27,2025-03-27,22900.0,PE,NIFTY25MAR22900PE,251.7,261.15,220.85,232.5,232.8,224.25,23644.8,232.5,20700,6600,205,355839885.0,88,F1,75,,,,,
2024-12-31,2024-12-31,FO,NSE,IDO,52515,,NIFTY,,2025-01-16,2025-01-16,22900.0,CE,NIFTY2511622900CE,0.0,0.0,0.0,1841.55,0.0,1841.55,23644.8,846.75,0,0,0,0.0,0,F1,75,,,,,
2024-12-31,2024-12-31,FO,NSE,IDO,43263,,NIFTY,,2025-01-30,2025-01-30,22900.0,CE,NIFTY25JAN22900CE,912.0,1035.0,841.25,1035.0,1035.0,1026.05,23644.8,950.95,3975,700,72,42866226.25,44,F1,25,,,,,
2024-12-31,2024-12-31,FO,NSE,IDO,48217,,NIFTY,,2025-03-27,2025-03-27,22900.0,CE,NIFTY25MAR22900CE,0.0,0.0,0.0,1545.5,0.0,1545.5,23644.8,1311.65,0,0,0,0.0,0,F1,75,,,,,
2024-12-31,2024-12-31,FO,NSE,IDO,55635,,NIFTY,,2025-02-27,2025-02-27,22900.0,CE,NIFTY25FEB22900CE,0.0,0.0,0.0,1677.65,0.0,1677.65,23644.8,1140.85,0,0,0,0.0,0,F1,75,,,,,
2024-12-31,2024-12-31,FO,NSE,IDO,48060,,NIFTY,,2025-01-09,2025-01-09,22900.0,PE,NIFTY2510922900PE,30.0,46.55,26.2,29.05,29.6,21.35,23644.8,29.05,390525,27225,23728,40812588093.75,12984,F1,75,,,,,
2024-12-31,2024-12-31,FO,NSE,IDO,54772,,NIFTY,,2025-01-23,2025-01-23,22900.0,CE,NIFTY2512322900CE,0.0,0.0,0.0,1303.3,0.0,1303.3,23644.8,899.5,0,0,0,0.0,0,F1,75,,,,,
2024-12-31,2024-12-31,FO,NSE,IDO,52448,,NIFTY,,2025-01-02,2025-01-02,22900.0,PE,NIFTY2510222900PE,3.0,8.65,3.0,5.65,5.0,3.85,23644.8,5.65,3614775,1517775,520804,894726385312.5,142949,F1,75,,,,,
2024-12-31,2024-12-31,FO,NSE,IDO,54778,,NIFTY,,2025-01-23,2025-01-23,23050.0,CE,NIFTY2512323050CE,0.0,0.0,0.0,1180.15,0.0,1180.15,23644.8,775.55,0,0,0,0.0,0,F1,75,,,,,
2024-12-31,2024-12-31,FO,NSE,IDO,52453,,NIFTY,,2025-01-02,2025-01-02,23050.0,CE,NIFTY2510223050CE,523.55,684.55,450.0,649.7,651.5,657.7,23644.8,649.7,3300,2700,581,1028815117.5,293,F1,75,,,,,
2024-12-31,2024-12-31,FO,NSE,IDO,43274,,NIFTY,,2025-01-30,2025-01-30,23050.0,PE,NIFTY25JAN23050PE,135.05,179.6,126.35,133.35,130.6,126.1,23644.8,133.35,76175,1550,2476,1436036582.5,999,F1,25,,,,,
2024-12-31,2024-12-31,FO,NSE,IDO,57657,,NIFTY,,2025-02-27,2025-02-27,25350.0,CE,NIFTY25FEB25350CE,89.85,89.85,89.85,89.85,89.85,89.05,23644.8,91.25,2925,75,1,1907988.75,1,F1,75,,,,,
2024-12-31,2024-12-31,FO,NSE,IDO,52864,,NIFTY,,2025-01-16,2025-01-16,25350.0,CE,NIFTY2511625350CE,0.0,0.0,0.0,6.25,6.25,6.25,23644.8,2.15,150,0,0,0.0,0,F1,75,,,,,
2024-12-31,2024-12-31,FO,NSE,IDO,46404,,NIFTY,,2025-01-30,2025-01-30,24750.0,PE,NIFTY25JAN24750PE,1110.0,1176.0,996.65,1003.75,996.65,962.3,23644.8,1003.75,21100,-325,32,20656612.5,15,F1,25,,,,,
2024-12-31,2024-12-31,FO,NSE,IDO,52592,,NIFTY,,2025-01-02,2025-01-02,24750.0,CE,NIFTY2510224750CE,1.45,1.7,1.15,1.35,1.25,1.45,23644.8,1.35,1931475,681900,106028,196825727531.25,25558,F1,75,,,,,
2024-12-31,2024-12-31,FO,NSE,IDO,43206,,NIFTY,,2025-01-30,2025-01-30,21800.0,PE,NIFTY25JAN21800PE,20.2,22.6,17.5,18.3,17.9,16.3,23644.8,18.3,1159650,209275,32365,17654595555.0,10988,F1,25,,,,,
2024-12-31,2024-12-31,FO,NSE,IDO,51027,,NIFTY,,2025-01-02,2025-01-02,21800.0,CE,NIFTY2510221800CE,0.0,0.0,0.0,1776.65,0.0,1776.65,23644.8,1852.85,0,0,0,0.0,0,F1,75,,,,,
2024-12-31,2024-12-31,FO,NSE,IDO,48105,,NIFTY,,2025-01-09,2025-01-09,23750.0,PE,NIFTY2510923750PE,280.0,359.75,213.45,234.9,229.95,222.3,23644.8,234.9,94350,6075,5377,9687212677.5,3083,F1,75,,,,,
2024-12-31,2024-12-31,FO,NSE,IDO,49180,,NIFTY,,2025-12-24,2025-12-24,16500.0,PE,NIFTY25DEC16500PE,0.0,0.0,0.0,22.4,24.25,22.4,23644.8,0.5,2675,0,0,0.0,0,F1,75,,,,,
2024-12-31,2024-12-31,FO,NSE,IDO,54994,,NIFTY,,2025-01-23,2025-01-23,23750.0,PE,NIFTY2512323750PE,382.4,430.85,340.9,356.5,356.5,315.0,23644.8,322.3,5100,750,43,77892105.0,18,F1,75,,,,,
2024-12-31,2024-12-31,FO,NSE,IDO,46311,,NIFTY,,2025-01-30,2025-01-30,23750.0,PE,NIFTY25JAN23750PE,316.95,456.4,316.95,351.5,345.15,342.6,23644.8,351.5,113075,2400,5083,3066862918.75,2002,F1,25,,,,,
2024-12-31,2024-12-31,FO,NSE,IDO,52658,,NIFTY,,2025-01-16,2025-01-16,23750.0,PE,NIFTY2511623750PE,353.1,372.75,284.55,288.9,285.4,272.05,23644.8,288.9,4800,675,95,171591675.0,57,F1,75,,,,,
2024-12-31,2024-12-31,FO,NSE,IDO,64684,,NIFTY,,2025-09-25,2025-09-25,20000.0,CE,NIFTY25SEP20000CE,0.0,0.0,0.0,7643.1,0.0,7643.1,23644.8,4640.95,0,0,0,0.0,0,F1,75,,,,,
2024-12-31,2024-12-31,FO,NSE,IDO,38376,,NIFTY,,2025-12-24,2025-12-24,20000.0,CE,NIFTY25DEC20000CE,4840.0,4853.75,4765.0,4853.75,4853.75,4925.0,23644.8,4853.75,20650,225,8,14889206.25,8,F1,75,,,,,
2024-12-31,2024-12-31,FO,NSE,IDO,48165,,NIFTY,,2025-01-09,2025-01-09,24800.0,CE,NIFTY2510924800CE,6.2,6.2,3.75,5.0,5.45,6.2,23644.8,5.0,833475,458025,29899,55623727357.5,15469,F1,75,,,,,
2024-12-31,2024-12-31,FO,NSE,IDO,56547,,NIFTY,,2025-03-27,2025-03-27,24800.0,PE,NIFTY25MAR24800PE,0.0,0.0,0.0,1116.85,0.0,1116.85,23644.8,1083.2,0,0,0,0.0,0,F1,75,,,,,
2024-12-31,2024-12-31,FO,NSE,IDO,57634,,NIFTY,,2025-02-27,2025-02-27,24800.0,PE,NIFTY25FEB24800PE,1085.5,1177.95,1041.6,1041.6,1041.6,924.5,23644.8,1041.6,12525,-300,11,21374520.0,11,F1,75,,,,,
2024-12-31,2024-12-31,FO,NSE,IDO,48206,,NIFTY,,2025-01-09,2025-01-09,25700.0,PE,NIFTY2510925700PE,2040.0,2048.55,1980.0,1980.0,1980.0,1015.5,23644.8,2012.45,825,825,11,22883561.25,5,F1,75,,,,,
2024-12-31,2024-12-31,FO,NSE,IDO,46495,,NIFTY,,2025-01-30,2025-01-30,25650.0,PE,NIFTY25JAN25650PE,0.0,0.0,0.0,1750.0,1750.0,1750.0,23644.8,1872.35,850,0,0,0.0,0,F1,25,,,,,
2024-12-31,2024-12-31,FO,NSE,IDO,55108,,NIFTY,,2025-01-23,2025-01-23,25650.0,PE,NIFTY2512325650PE,0.0,0.0,0.0,1585.75,0.0,1585.75,23644.8,1899.65,0,0,0,0.0,0,F1,75,,,,,
2024-12-31,2024-12-31,FO,NSE,IDO,57670,,NIFTY,,2025-02-27,2025-02-27,25650.0,PE,NIFTY25FEB25650PE,0.0,0.0,0.0,1064.7,1064.7,1064.7,23644.8,1790.15,75,0,0,0.0,0,F1,75,,,,,
2024-12-31,2024-12-31,FO,NSE,IDO,55107,,NIFTY,,2025-01-23,2025-01-23,25650.0,CE,NIFTY2512325650CE,0.0,0.0,0.0,66.35,0.0,66.35,23644.8,3.3,0,0,0,0.0,0,F1,75,,,,,
2024-12-31,2024-12-31,FO,NSE,IDO,46459,,NIFTY,,2025-01-30,2025-01-30,25250.0,CE,NIFTY25JAN25250CE,23.0,24.1,17.0,22.3,20.9,22.8,23644.8,22.3,313675,19100,11208,7080618093.75,2697,F1,25,,,,,
2024-12-31,2024-12-31,FO,NSE,IDO,56874,,NIFTY,,2025-03-27,2025-03-27,25250.0,CE,NIFTY25MAR25250CE,0.0,0.0,0.0,372.1,0.0,372.1,23644.8,205.5,0,0,0,0.0,0,F1,75,,,,,
2024-12-31,2024-12-31,FO,NSE,IDO,55022,,NIFTY,,2025-01-23,2025-01-23,24300.0,PE,NIFTY2512324300PE,0.0,0.0,0.0,576.3,0.0,576.3,23644.8,671.95,0,0,0,0.0,0,F1,75,,,,,
2024-12-31,2024-12-31,FO,NSE,IDO,55197,,NIFTY,,2025-03-27,2025-03-27,24300.0,CE,NIFTY25MAR24300CE,473.25,544.1,436.2,515.2,515.2,525.0,23644.8,515.2,3150,2850,56,104145945.0,38,F1,75,,,,,
2024-12-31,2024-12-31,FO,NSE,IDO,57613,,NIFTY,,2025-02-27,2025-02-27,24300.0,CE,NIFTY25FEB24300CE,322.0,382.3,294.8,366.3,369.25,371.25,23644.8,366.3,35700,2475,513,947621520.0,298,F1,75,,,,,
2024-12-31,2024-12-31,FO,NSE,IDO,56881,,NIFTY,,2025-03-27,2025-03-27,25400.0,PE,NIFTY25MAR25400PE,0.0,0.0,0.0,1523.1,0.0,1523.1,23644.8,1530.15,0,0,0,0.0,0,F1,75,,,,,
2024-12-31,2024-12-31,FO,NSE,IDO,52533,,NIFTY,,2025-01-16,2025-01-16,23100.0,CE,NIFTY2511623100CE,615.65,752.95,591.8,752.95,752.95,1658.8,23644.8,676.0,1950,1950,32,56992612.5,20,F1,75,,,,,
2024-12-31,2024-12-31,FO,NSE,IDO,48032,,NIFTY,,2025-01-09,2025-01-09,22250.0,PE,NIFTY2510922250PE,3.65,7.8,3.65,6.6,6.5,4.25,23644.8,6.6,42975,25350,1822,3041364836.25,1060,F1,75,,,,,
2024-12-31,2024-12-31,FO,NSE,IDO,48135,,NIFTY,,2025-01-09,2025-01-09,24200.0,CE,NIFTY2510924200CE,35.45,63.4,30.0,53.15,56.1,51.3,23644.8,53.15,809325,274650,55384,100707013597.5,27822,F1,75,,,,,
2024-12-31,2024-12-31,FO,NSE,IDO,52714,,NIFTY,,2025-01-16,2025-01-16,24200.0,PE,NIFTY2511624200PE,650.0,720.0,546.05,546.05,546.05,532.15,23644.8,577.75,7950,0,31,57769436.25,19,F1,75,,,,,
2024-12-31,2024-12-31,FO,NSE,IDO,57688,,NIFTY,,2025-02-27,2025-02-27,26100.0,PE,NIFTY25FEB26100PE,0.0,0.0,0.0,1941.75,0.0,1941.75,23644.8,2205.25,0,0,0,0.0,0,F1,75,,,,,
2024-12-31,2024-12-31,FO,NSE,IDO,57660,,NIFTY,,2025-02-27,2025-02-27,25400.0,PE,NIFTY25FEB25400PE,0.0,0.0,0.0,1416.75,0.0,1416.75,23644.8,1569.15,0,0,0,0.0,0,F1,75,,,,,
2024-12-31,2024-12-31,FO,NSE,IDO,46465,,NIFTY,,2025-01-30,2025-01-30,25400.0,CE,NIFTY25JAN25400CE,13.75,15.5,12.05,14.85,15.5,15.3,23644.8,14.85,333325,7225,27652,17568362376.25,11745,F1,25,,,,,
2024-12-31,2024-12-31,FO,NSE,IDO,57614,,NIFTY,,2025-02-27,2025-02-27,24300.0,PE,NIFTY25FEB24300PE,764.05,827.85,685.0,702.65,697.3,692.15,23644.8,702.65,21825,-225,65,122118048.75,50,F1,75,,,,,
2024-12-31,2024-12-31,FO,NSE,IDO,46984,,NIFTY,,2025-03-27,2025-03-27,22250.0,CE,NIFTY25MAR22250CE,0.0,0.0,0.0,2048.65,0.0,2048.65,23644.8,1835.05,0,0,0,0.0,0,F1,75,,,,,
2024-12-31,2024-12-31,FO,NSE,IDO,54712,,NIFTY,,2025-01-23,2025-01-23,22250.0,PE,NIFTY2512322250PE,0.0,0.0,0.0,26.6,0.0,26.6,23644.8,8.2,0,0,0,0.0,0,F1,75,,,,,
2024-12-31,2024-12-31,FO,NSE,IDO,55099,,NIFTY,,2025-01-23,2025-01-23,25500.0,CE,NIFTY2512325500CE,9.05,9.25,7.1,8.6,8.25,9.0,23644.8,8.6,33300,5100,337,644722582.5,162,F1,75,,,,,
2024-12-31,2024-12-31,FO,NSE,IDO,48198,,NIFTY,,2025-01-09,2025-01-09,25500.0,PE,NIFTY2510925500PE,1887.7,1932.0,1756.0,1756.0,1756.0,1520.0,23644.8,1812.85,4725,2700,44,90209820.0,21,F1,75,,,,,
2024-12-31,2024-12-31,FO,NSE,IDO,56884,,NIFTY,,2025-03-27,2025-03-27,25500.0,CE,NIFTY25MAR25500CE,130.15,154.8,124.8,148.75,149.6,150.65,23644.8,148.75,103050,50700,1805,3470579865.0,865,F1,75,,,,,
2024-12-31,2024-12-31,FO,NSE,IDO,52535,,NIFTY,,2025-01-16,2025-01-16,23150.0,CE,NIFTY2511623150CE,637.55,707.7,637.55,707.65,707.65,756.0,23644.8,635.65,2775,2700,36,64340175.0,18,F1,75,,,,,
2024-12-31,2024-12-31,FO,NSE,IDO,55645,,NIFTY,,2025-02-27,2025-02-27,23150.0,CE,NIFTY25FEB23150CE,0.0,0.0,0.0,1495.8,0.0,1495.8,23644.8,956.2,0,0,0,0.0,0,F1,75,,,,,
2024-12-31,2024-12-31,FO,NSE,IDO,52890,,NIFTY,,2025-01-16,2025-01-16,25950.0,PE,NIFTY2511625950PE,0.0,0.0,0.0,1333.35,0.0,1333.35,23644.8,2228.65,0,0,0,0.0,0,F1,75,,,,,
2024-12-31,2024-12-31,FO,NSE,IDO,50448,,NIFTY,,2026-06-25,2026-06-25,15000.0,PE,NIFTY26JUN15000PE,0.0,0.0,0.0,20.3,20.3,20.3,23644.8,0.3,850,0,0,0.0,0,F1,75,,,,,
2024-12-31,2024-12-31,FO,NSE,IDO,49174,,NIFTY,,2025-12-24,2025-12-24,15000.0,PE,NIFTY25DEC15000PE,0.0,0.0,0.0,20.05,20.05,20.05,23644.8,0.05,1450,0,0,0.0,0,F1,75,,,,,
2024-12-31,2024-12-31,FO,NSE,IDO,57715,,NIFTY,,2025-02-27,2025-02-27,26500.0,PE,NIFTY25FEB26500PE,2620.0,2735.85,2500.0,2500.0,2500.0,2330.0,23644.8,2500.0,115275,150,6,13089978.75,5,F1,75,,,,,
2024-12-31,2024-12-31,FO,NSE,IDO,52912,,NIFTY,,2025-01-16,2025-01-16,26500.0,CE,NIFTY2511626500CE,2.95,4.85,2.35,3.1,2.95,2.65,23644.8,3.1,40275,5850,215,427363957.5,68,F1,75,,,,,
2024-12-31,2024-12-31,FO,NSE,IDO,52809,,NIFTY,,2025-01-16,2025-01-16,24600.0,PE,NIFTY2511624600PE,0.0,0.0,0.0,433.6,0.0,433.6,23644.8,913.9,0,0,0,0.0,0,F1,75,,,,,
2024-12-31,2024-12-31,FO,NSE,IDO,46386,,NIFTY,,2025-01-30,2025-01-30,24600.0,PE,NIFTY25JAN24600PE,974.95,1050.0,833.0,876.4,867.75,875.75,23644.8,876.4,147100,-4875,845,539306108.75,281,F1,25,,,,,
2024-12-31,2024-12-31,FO,NSE,IDO,58626,,NIFTY,,2026-06-25,2026-06-25,22000.0,CE,NIFTY26JUN22000CE,0.0,0.0,0.0,2722.55,0.0,2722.55,23644.8,4011.05,0,0,0,0.0,0,F1,75,,,,,
2024-12-31,2024-12-31,FO,NSE,IDO,52379,,NIFTY,,2025-01-02,2025-01-02,22000.0,CE,NIFTY2510222000CE,1580.9,1682.6,1514.35,1665.0,1665.0,1687.0,23644.8,1652.95,12300,-2325,90,159218947.5,70,F1,75,,,,,
2024-12-31,2024-12-31,FO,NSE,IDO,64689,,NIFTY,,2025-09-25,2025-09-25,22000.0,PE,NIFTY25SEP22000PE,0.0,0.0,0.0,105.0,0.0,105.0,23644.8,194.7,0,0,0,0.0,0,F1,75,,,,,
2024-12-31,2024-12-31,FO,NSE,IDO,52539,,NIFTY,,2025-01-02,2025-01-02,24000.0,PE,NIFTY2510224000PE,420.0,533.15,293.4,333.5,319.25,335.85,23644.8,333.5,1896675,-395625,81955,149942647586.25,43466,F1,75,,,,,
2024-12-31,2024-12-31,FO,NSE,IDO,53625,,NIFTY,,2027-12-30,2027-12-30,24000.0,PE,NIFTY27DEC24000PE,0.0,0.0,0.0,764.05,764.05,764.05,23644.8,602.45,150,0,0,0.0,0,F1,75,,,,,
2024-12-31,2024-12-31,FO,NSE,IDO,86148,,NIFTY,,2028-06-29,2028-06-29,22000.0,PE,NIFTY28JUN22000PE,0.0,0.0,0.0,520.05,520.05,520.05,23644.8,274.95,100,0,0,0.0,0,F1,75,,,,,
2024-12-31,2024-12-31,FO,NSE,IDO,55599,,NIFTY,,2025-02-27,2025-02-27,22000.0,CE,NIFTY25FEB22000CE,1870.0,2000.0,1831.0,1982.95,1995.0,2000.0,23644.8,1982.95,3150,1500,27,48495975.0,18,F1,75,,,,,
2024-12-31,2024-12-31,FO,NSE,IDO,86147,,NIFTY,,2028-06-29,2028-06-29,22000.0,CE,NIFTY28JUN22000CE,0.0,0.0,0.0,4759.5,0.0,4759.5,23644.8,6544.1,0,0,0,0.0,0,F1,75,,,,,
2024-12-31,2024-12-31,FO,NSE,IDO,89631,,NIFTY,,2029-06-28,2029-06-28,24000.0,PE,NIFTY29JUN24000PE,0.0,0.0,0.0,694.05,694.05,694.05,23644.8,479.6,25,0,0,0.0,0,F1,75,,,,,
2024-12-31,2024-12-31,FO,NSE,IDO,46584,,NIFTY,,2025-01-30,2025-01-30,26050.0,CE,NIFTY25JAN26050CE,8.9,9.8,5.7,7.7,7.65,7.45,23644.8,7.7,15125,725,364,237123178.75,196,F1,25,,,,,
2024-12-31,2024-12-31,FO,NSE,IDO,61660,,NIFTY,,2029-12-27,2029-12-27,21000.0,PE,NIFTY29DEC21000PE,0.0,0.0,0.0,278.8,0.0,278.8,23644.8,162.15,0,0,0,0.0,0,F1,75,,,,,
2024-12-31,2024-12-31,FO,NSE,IDO,53615,,NIFTY,,2027-12-30,2027-12-30,21000.0,PE,NIFTY27DEC21000PE,0.0,0.0,0.0,582.95,582.95,582.95,23644.8,183.15,50,0,0,0.0,0,F1,75,,,,,
2024-12-31,2024-12-31,FO,NSE,IDO,51453,,NIFTY,,2026-06-25,2026-06-25,21000.0,CE,NIFTY26JUN21000CE,0.0,0.0,0.0,3881.9,0.0,3881.9,23644.8,4793.15,0,0,0,0.0,0,F1,75,,,,,
2024-12-31,2024-12-31,FO,NSE,IDO,89625,,NIFTY,,2029-06-28,2029-06-28,21000.0,PE,NIFTY29JUN21000PE,0.0,0.0,0.0,320.25,0.0,320.25,23644.8,169.95,0,0,0,0.0,0,F1,75,,,,,
2024-12-31,2024-12-31,FO,NSE,IDO,67776,,NIFTY,,2028-12-28,2028-12-28,21000.0,CE,NIFTY28DEC21000CE,0.0,0.0,0.0,7512.5,0.0,7512.5,23644.8,7784.45,0,0,0,0.0,0,F1,75,,,,,
2024-12-31,2024-12-31,FO,NSE,IDO,39982,,NIFTY,,2025-06-26,2025-06-26,19000.0,CE,NIFTY25JUN19000CE,0.0,0.0,0.0,3077.9,0.0,3077.9,23644.8,5258.95,0,0,0,0.0,0,F1,75,,,,,
2024-12-31,2024-12-31,FO,NSE,IDO,39988,,NIFTY,,2025-12-24,2025-12-24,19000.0,PE,NIFTY25DEC19000PE,0.0,0.0,0.0,102.0,102.0,102.0,23644.8,16.4,9425,0,0,0.0,0,F1,75,,,,,
2024-12-31,2024-12-31,FO,NSE,IDO,58642,,NIFTY,,2026-12-31,2026-12-31,19000.0,CE,NIFTY26DEC19000CE,0.0,0.0,0.0,8600.0,8600.0,8600.0,23644.8,7091.65,125,0,0,0.0,0,F1,75,,,,,
2024-12-31,2024-12-31,FO,NSE,IDO,55085,,NIFTY,,2025-01-23,2025-01-23,25250.0,CE,NIFTY2512325250CE,0.0,0.0,0.0,121.25,0.0,121.25,23644.8,11.5,0,0,0,0.0,0,F1,75,,,,,
2024-12-31,2024-12-31,FO,NSE,IDO,54764,,NIFTY,,2025-01-23,2025-01-23,22750.0,CE,NIFTY2512322750CE,0.0,0.0,0.0,1431.15,0.0,1431.15,23644.8,1030.1,0,0,0,0.0,0,F1,75,,,,,
2024-12-31,2024-12-31,FO,NSE,IDO,48029,,NIFTY,,2025-01-09,2025-01-09,22200.0,CE,NIFTY2510922200CE,1460.0,1557.0,1460.0,1546.0,1546.0,1545.0,23644.8,1481.85,450,375,5,8887800.0,5,F1,75,,,,,
2024-12-31,2024-12-31,FO,NSE,IDO,52397,,NIFTY,,2025-01-02,2025-01-02,22200.0,CE,NIFTY2510222200CE,1428.0,1527.0,1428.0,1527.0,1527.0,1578.0,23644.8,1453.0,675,-225,5,8877675.0,5,F1,75,,,,,
2024-12-31,2024-12-31,FO,NSE,IDO,46976,,NIFTY,,2025-03-27,2025-03-27,22200.0,CE,NIFTY25MAR22200CE,0.0,0.0,0.0,2089.95,0.0,2089.95,23644.8,1878.15,0,0,0,0.0,0,F1,75,,,,,
2024-12-31,2024-12-31,FO,NSE,IDO,52503,,NIFTY,,2025-01-16,2025-01-16,22750.0,PE,NIFTY2511622750PE,0.0,0.0,0.0,24.45,0.0,24.45,23644.8,20.65,0,0,0,0.0,0,F1,75,,,,,
2024-12-31,2024-12-31,FO,NSE,IDO,43257,,NIFTY,,2025-01-30,2025-01-30,22750.0,CE,NIFTY25JAN22750CE,1003.85,1003.85,1003.85,1003.85,1003.85,1904.75,23644.8,1077.6,175,25,1,593846.25,1,F1,25,,,,,
2024-12-31,2024-12-31,FO,NSE,IDO,52530,,NIFTY,,2025-01-02,2025-01-02,23950.0,CE,NIFTY2510223950CE,38.75,54.85,16.25,36.2,37.75,40.85,23644.8,36.2,2898975,723825,721611,1297867989483.75,323753,F1,75,,,,,
2024-12-31,2024-12-31,FO,NSE,IDO,52873,,NIFTY,,2025-01-16,2025-01-16,25550.0,PE,NIFTY2511625550PE,0.0,0.0,0.0,1017.4,0.0,1017.4,23644.8,1830.65,0,0,0,0.0,0,F1,75,,,,,
2024-12-31,2024-12-31,FO,NSE,IDO,57666,,NIFTY,,2025-02-27,2025-02-27,25550.0,PE,NIFTY25FEB25550PE,0.0,0.0,0.0,1109.35,1109.35,1109.35,23644.8,1700.8,75,0,0,0.0,0,F1,75,,,,,
2024-12-31,2024-12-31,FO,NSE,IDO,56886,,NIFTY,,2025-03-27,2025-03-27,25550.0,CE,NIFTY25MAR25550CE,0.0,0.0,0.0,296.65,0.0,296.65,23644.8,149.6,0,0,0,0.0,0,F1,75,,,,,
2024-12-31,2024-12-31,FO,NSE,IDO,52631,,NIFTY,,2025-01-02,2025-01-02,25500.0,CE,NIFTY2510225500CE,1.05,1.3,0.8,1.05,0.8,1.05,23644.8,1.05,4017150,456975,114976,219900757211.25,21583,F1,75,,,,,
2024-12-31,2024-12-31,FO,NSE,IDO,52668,,NIFTY,,2025-01-02,2025-01-02,26250.0,CE,NIFTY2510226250CE,0.95,1.2,0.75,0.9,0.75,0.95,23644.8,0.9,185250,113925,5908,11631833032.5,1812,F1,75,,,,,
2024-12-31,2024-12-31,FO,NSE,IDO,46603,,NIFTY,,2025-01-30,2025-01-30,26250.0,CE,NIFTY25JAN26250CE,6.55,7.7,5.25,7.15,7.7,6.75,23644.8,7.15,151525,400,322,211366913.75,167,F1,25,,,,,
2024-12-31,2024-12-31,FO,NSE,IDO,46604,,NIFTY,,2025-01-30,2025-01-30,26250.0,PE,NIFTY25JAN26250PE,0.0,0.0,0.0,2280.0,2280.0,2280.0,23644.8,2461.6,700,0,0,0.0,0,F1,25,,,,,
2024-12-31,2024-12-31,FO,NSE,IDO,57596,,NIFTY,,2025-02-27,2025-02-27,23850.0,PE,NIFTY25FEB23850PE,535.1,568.55,473.9,473.9,473.9,460.85,23644.8,473.9,3375,-75,27,49381035.0,14,F1,75,,,,,
2024-12-31,2024-12-31,FO,NSE,IDO,48109,,NIFTY,,2025-01-09,2025-01-09,23850.0,PE,NIFTY2510923850PE,352.6,428.9,260.8,286.05,287.65,271.8,23644.8,286.05,49350,-3525,1772,3213254028.75,1139,F1,75,,,,,
2024-12-31,2024-12-31,FO,NSE,IDO,52526,,NIFTY,,2025-01-02,2025-01-02,23850.0,PE,NIFTY2510223850PE,285.0,398.1,192.7,221.2,208.0,220.8,23644.8,221.2,433425,-120975,60762,109897686127.5,42273,F1,75,,,,,
2024-12-31,2024-12-31,FO,NSE,IDO,57595,,NIFTY,,2025-02-27,2025-02-27,23850.0,CE,NIFTY25FEB23850CE,500.0,614.15,490.0,587.55,589.5,595.25,23644.8,587.55,5250,-1500,43,78761201.25,32,F1,75,,,,,
2024-12-31,2024-12-31,FO,NSE,IDO,55630,,NIFTY,,2025-02-27,2025-02-27,22750.0,PE,NIFTY25FEB22750PE,175.0,175.0,163.0,163.0,163.0,147.65,23644.8,121.45,7275,150,3,5157075.0,3,F1,75,,,,,
2024-12-31,2024-12-31,FO,NSE,IDO,52502,,NIFTY,,2025-01-16,2025-01-16,22750.0,CE,NIFTY2511622750CE,0.0,0.0,0.0,1981.6,0.0,1981.6,23644.8,982.7,0,0,0,0.0,0,F1,75,,,,,
2024-12-31,2024-12-31,FO,NSE,IDO,46341,,NIFTY,,2025-01-30,2025-01-30,23950.0,CE,NIFTY25JAN23950CE,310.4,337.05,229.0,312.1,314.95,310.45,23644.8,312.1,68500,3100,3850,2331749140.0,1527,F1,25,,,,,
2024-12-31,2024-12-31,FO,NSE,IDO,57600,,NIFTY,,2025-02-27,2025-02-27,23950.0,PE,NIFTY25FEB23950PE,585.0,619.9,500.1,500.1,500.1,511.15,23644.8,534.0,8925,-150,14,25767352.5,9,F1,75,,,,,
2024-12-31,2024-12-31,FO,NSE,IDO,89626,,NIFTY,,2029-06-28,2029-06-28,22000.0,CE,NIFTY29JUN22000CE,0.0,0.0,0.0,9207.9,0.0,9207.9,23644.8,7648.8,0,0,0,0.0,0,F1,75,,,,,
2024-12-31,2024-12-31,FO,NSE,IDO,54689,,NIFTY,,2025-01-23,2025-01-23,21850.0,PE,NIFTY2512321850PE,0.0,0.0,0.0,10.65,0.0,10.65,23644.8,1.8,0,0,0,0.0,0,F1,75,,,,,
2024-12-31,2024-12-31,FO,NSE,IDO,43205,,NIFTY,,2025-01-30,2025-01-30,21800.0,CE,NIFTY25JAN21800CE,1964.25,1964.25,1940.0,1940.0,1940.0,2222.9,23644.8,1969.25,550,0,2,1187606.25,2,F1,25,,,,,
2024-12-31,2024-12-31,FO,NSE,IDO,52399,,NIFTY,,2025-01-02,2025-01-02,22250.0,CE,NIFTY2510222250CE,0.0,0.0,0.0,1383.0,0.0,1383.0,23644.8,1403.05,0,0,0,0.0,0,F1,75,,,,,
2024-12-31,2024-12-31,FO,NSE,IDO,52439,,NIFTY,,2025-01-16,2025-01-16,22250.0,CE,NIFTY2511622250CE,0.0,0.0,0.0,2461.45,0.0,2461.45,23644.8,1463.25,0,0,0,0.0,0,F1,75,,,,,
2024-12-31,2024-12-31,FO,NSE,IDO,43233,,NIFTY,,2025-01-30,2025-01-30,22250.0,CE,NIFTY25JAN22250CE,0.0,0.0,0.0,2368.4,2368.25,2368.4,23644.8,1533.65,75,0,0,0.0,0,F1,25,,,,,
2024-12-31,2024-12-31,FO,NSE,IDO,48031,,NIFTY,,2025-01-09,2025-01-09,22250.0,CE,NIFTY2510922250CE,0.0,0.0,0.0,2619.15,0.0,2619.15,23644.8,1432.05,0,0,0,0.0,0,F1,75,,,,,
2024-12-31,2024-12-31,FO,NSE,IDO,46985,,NIFTY,,2025-03-27,2025-03-27,22250.0,PE,NIFTY25MAR22250PE,0.0,0.0,0.0,111.4,111.4,111.4,23644.8,89.2,3075,0,0,0.0,0,F1,75,,,,,
2024-12-31,2024-12-31,FO,NSE,IDO,52467,,NIFTY,,2025-01-16,2025-01-16,22250.0,PE,NIFTY2511622250PE,0.0,0.0,0.0,7.75,0.0,7.75,23644.8,2.7,0,0,0,0.0,0,F1,75,,,,,
2024-12-31,2024-12-31,FO,NSE,IDO,55609,,NIFTY,,2025-02-27,2025-02-27,22250.0,CE,NIFTY25FEB22250CE,0.0,0.0,0.0,2194.7,0.0,2194.7,23644.8,1684.95,0,0,0,0.0,0,F1,75,,,,,
2024-12-31,2024-12-31,FO,NSE,IDO,46489,,NIFTY,,2025-01-30,2025-01-30,25550.0,PE,NIFTY25JAN25550PE,0.0,0.0,0.0,1630.0,1630.0,1630.0,23644.8,1775.6,6450,0,0,0.0,0,F1,25,,,,,
2024-12-31,2024-12-31,FO,NSE,IDO,57665,,NIFTY,,2025-02-27,2025-02-27,25550.0,CE,NIFTY25FEB25550CE,62.6,62.6,57.45,57.7,57.7,64.1,23644.8,68.15,4125,825,13,24968448.75,5,F1,75,,,,,
2024-12-31,2024-12-31,FO,NSE,IDO,48200,,NIFTY,,2025-01-09,2025-01-09,25550.0,PE,NIFTY2510925550PE,0.0,0.0,0.0,906.05,0.0,906.05,23644.8,1862.75,0,0,0,0.0,0,F1,75,,,,,
2024-12-31,2024-12-31,FO,NSE,IDO,56885,,NIFTY,,2025-03-27,2025-03-27,25500.0,PE,NIFTY25MAR25500PE,1664.55,1664.55,1664.55,1664.55,1664.55,1597.65,23644.8,1610.75,75,75,1,2037341.25,1,F1,75,,,,,
2024-12-31,2024-12-31,FO,NSE,IDO,57663,,NIFTY,,2025-02-27,2025-02-27,25500.0,CE,NIFTY25FEB25500CE,65.0,74.0,56.4,70.95,72.0,72.05,23644.8,70.95,584400,21225,5716,10959510326.25,3161,F1,75,,,,,
2024-12-31,2024-12-31,FO,NSE,IDO,48197,,NIFTY,,2025-01-09,2025-01-09,25500.0,CE,NIFTY2510925500CE,2.3,2.7,2.1,2.3,2.25,2.5,23644.8,2.3,358050,90600,7735,14794576417.5,1959,F1,75,,,,,
2024-12-31,2024-12-31,FO,NSE,IDO,52676,,NIFTY,,2025-01-16,2025-01-16,23850.0,PE,NIFTY2511623850PE,404.8,432.65,321.7,333.0,335.2,329.65,23644.8,333.0,3825,-450,121,219812895.0,48,F1,75,,,,,
2024-12-31,2024-12-31,FO,NSE,IDO,54720,,NIFTY,,2025-03-27,2025-03-27,23850.0,PE,NIFTY25MAR23850PE,0.0,0.0,0.0,428.85,428.85,428.85,23644.8,534.85,150,0,0,0.0,0,F1,75,,,,,
2024-12-31,2024-12-31,FO,NSE,IDO,54998,,NIFTY,,2025-01-23,2025-01-23,23850.0,PE,NIFTY2512323850PE,450.0,490.0,450.0,490.0,490.0,379.0,23644.8,375.45,225,0,3,5473500.0,2,F1,75,,,,,
2024-12-31,2024-12-31,FO,NSE,IDO,54719,,NIFTY,,2025-03-27,2025-03-27,23850.0,CE,NIFTY25MAR23850CE,0.0,0.0,0.0,941.0,0.0,941.0,23644.8,705.95,0,0,0,0.0,0,F1,75,,,,,
2024-12-31,2024-12-31,FO,NSE,IDO,46333,,NIFTY,,2025-01-30,2025-01-30,23850.0,PE,NIFTY25JAN23850PE,418.9,511.55,375.95,397.75,389.45,388.9,23644.8,397.75,111825,-24250,4770,2897148470.0,1779,F1,25,,,,,
2024-12-31,2024-12-31,FO,NSE,IDO,46328,,NIFTY,,2025-01-30,2025-01-30,23850.0,CE,NIFTY25JAN23850CE,301.0,388.5,268.0,360.65,366.9,361.5,23644.8,360.65,83225,1625,6422,3880637557.5,2518,F1,25,,,,,
2024-12-31,2024-12-31,FO,NSE,IDO,46409,,NIFTY,,2025-01-30,2025-01-30,24850.0,PE,NIFTY25JAN24850PE,1210.0,1240.0,1109.65,1109.65,1109.65,1074.5,23644.8,1127.1,10150,-875,85,55352433.75,14,F1,25,,,,,
2024-12-31,2024-12-31,FO,NSE,IDO,56567,,NIFTY,,2025-03-27,2025-03-27,24850.0,PE,NIFTY25MAR24850PE,0.0,0.0,0.0,1148.3,0.0,1148.3,23644.8,1117.75,0,0,0,0.0,0,F1,75,,,,,
2024-12-31,2024-12-31,FO,NSE,IDO,52540,,NIFTY,,2025-01-02,2025-01-02,24050.0,CE,NIFTY2510224050CE,15.0,30.0,9.85,18.9,19.85,23.35,23644.8,18.9,2551125,844275,708911,1279624611330.0,245451,F1,75,,,,,
2024-12-31,2024-12-31,FO,NSE,IDO,46352,,NIFTY,,2025-01-30,2025-01-30,24050.0,CE,NIFTY25JAN24050CE,220.0,290.0,193.45,267.15,273.15,266.45,23644.8,267.15,52200,525,3032,1840646395.0,1250,F1,25,,,,,
2024-12-31,2024-12-31,FO,NSE,IDO,54726,,NIFTY,,2025-03-27,2025-03-27,24050.0,PE,NIFTY25MAR24050PE,0.0,0.0,0.0,702.0,0.0,702.0,23644.8,632.15,0,0,0,0.0,0,F1,75,,,,,
2024-12-31,2024-12-31,FO,NSE,IDO,52695,,NIFTY,,2025-01-16,2025-01-16,24050.0,CE,NIFTY2511624050CE,140.0,170.25,99.2,151.7,154.05,149.75,23644.8,151.7,6450,-825,310,562061741.25,163,F1,75,,,,,
2024-12-31,2024-12-31,FO,NSE,IDO,52696,,NIFTY,,2025-01-16,2025-01-16,24050.0,PE,NIFTY2511624050PE,547.2,547.2,493.8,502.5,502.5,439.85,23644.8,468.3,2175,75,3,5527012.5,3,F1,75,,,,,
2024-12-31,2024-12-31,FO,NSE,IDO,57603,,NIFTY,,2025-02-27,2025-02-27,24050.0,CE,NIFTY25FEB24050CE,412.1,500.0,412.1,475.6,478.3,483.85,23644.8,475.6,1800,525,19,34958617.5,12,F1,75,,,,,
2024-12-31,2024-12-31,FO,NSE,IDO,58637,,NIFTY,,2026-12-31,2026-12-31,16000.0,PE,NIFTY26DEC16000PE,0.0,0.0,0.0,23.3,23.3,23.3,23644.8,3.1,2425,0,0,0.0,0,F1,75,,,,,
2024-12-31,2024-12-31,FO,NSE,IDO,50462,,NIFTY,,2026-06-25,2026-06-25,16000.0,PE,NIFTY26JUN16000PE,0.0,0.0,0.0,21.25,21.25,21.25,23644.8,1.25,1225,0,0,0.0,0,F1,75,,,,,
2024-12-31,2024-12-31,FO,NSE,IDO,58636,,NIFTY,,2026-12-31,2026-12-31,16000.0,CE,NIFTY26DEC16000CE,0.0,0.0,0.0,6200.0,6200.0,6200.0,23644.8,9668.45,50,0,0,0.0,0,F1,75,,,,,
2024-12-31,2024-12-31,FO,NSE,IDO,49177,,NIFTY,,2025-12-24,2025-12-24,16000.0,CE,NIFTY25DEC16000CE,0.0,0.0,0.0,7200.0,7200.0,7200.0,23644.8,8670.0,50,0,0,0.0,0,F1,75,,,,,
2024-12-31,2024-12-31,FO,NSE,IDO,55612,,NIFTY,,2025-02-27,2025-02-27,22300.0,PE,NIFTY25FEB22300PE,104.0,113.1,90.35,95.25,95.05,87.65,23644.8,95.25,164850,41175,2072,3480463702.5,768,F1,75,,,,,
2024-12-31,2024-12-31,FO,NSE,IDO,46996,,NIFTY,,2025-03-27,2025-03-27,22450.0,PE,NIFTY25MAR22450PE,0.0,0.0,0.0,128.15,128.15,128.15,23644.8,117.35,3675,0,0,0.0,0,F1,75,,,,,
2024-12-31,2024-12-31,FO,NSE,IDO,46986,,NIFTY,,2025-03-27,2025-03-27,22300.0,CE,NIFTY25MAR22300CE,0.0,0.0,0.0,2007.65,0.0,2007.65,23644.8,1792.35,0,0,0,0.0,0,F1,75,,,,,
2024-12-31,2024-12-31,FO,NSE,IDO,48039,,NIFTY,,2025-01-09,2025-01-09,22450.0,CE,NIFTY2510922450CE,0.0,0.0,0.0,2424.25,0.0,2424.25,23644.8,1233.05,0,0,0,0.0,0,F1,75,,,,,
2024-12-31,2024-12-31,FO,NSE,IDO,46994,,NIFTY,,2025-03-27,2025-03-27,22450.0,CE,NIFTY25MAR22450CE,0.0,0.0,0.0,1886.8,0.0,1886.8,23644.8,1666.35,0,0,0,0.0,0,F1,75,,,,,
2024-12-31,2024-12-31,FO,NSE,IDO,52415,,NIFTY,,2025-01-02,2025-01-02,22450.0,CE,NIFTY2510222450CE,0.0,0.0,0.0,1219.85,0.0,1219.85,23644.8,1203.1,0,0,0,0.0,0,F1,75,,,,,
2024-12-31,2024-12-31,FO,NSE,IDO,54749,,NIFTY,,2025-01-23,2025-01-23,22450.0,CE,NIFTY2512322450CE,0.0,0.0,0.0,1698.45,0.0,1698.45,23644.8,1306.05,0,0,0,0.0,0,F1,75,,,,,
2024-12-31,2024-12-31,FO,NSE,IDO,52514,,NIFTY,,2025-01-16,2025-01-16,22850.0,PE,NIFTY2511622850PE,0.0,0.0,0.0,39.35,39.35,39.35,23644.8,29.1,2475,0,0,0.0,0,F1,75,,,,,
2024-12-31,2024-12-31,FO,NSE,IDO,52627,,NIFTY,,2025-01-02,2025-01-02,25450.0,CE,NIFTY2510225450CE,1.1,1.35,0.9,1.1,1.05,1.05,23644.8,1.1,601350,259725,15605,29787401546.25,5032,F1,75,,,,,
2024-12-31,2024-12-31,FO,NSE,IDO,56882,,NIFTY,,2025-03-27,2025-03-27,25450.0,CE,NIFTY25MAR25450CE,0.0,0.0,0.0,160.0,160.0,160.0,23644.8,166.65,150,0,0,0.0,0,F1,75,,,,,
2024-12-31,2024-12-31,FO,NSE,IDO,48196,,NIFTY,,2025-01-09,2025-01-09,25450.0,PE,NIFTY2510925450PE,0.0,0.0,0.0,837.1,0.0,837.1,23644.8,1762.9,0,0,0,0.0,0,F1,75,,,,,
2024-12-31,2024-12-31,FO,NSE,IDO,52846,,NIFTY,,2025-01-16,2025-01-16,24950.0,CE,NIFTY2511624950CE,12.85,12.95,9.05,10.1,11.15,13.0,23644.8,10.1,6900,3975,293,548508393.75,185,F1,75,,,,,
2024-12-31,2024-12-31,FO,NSE,IDO,61410,,NIFTY,,2029-12-27,2029-12-27,20000.0,CE,NIFTY29DEC20000CE,0.0,0.0,0.0,10081.1,0.0,10081.1,23644.8,9474.1,0,0,0,0.0,0,F1,75,,,,,
2024-12-31,2024-12-31,FO,NSE,IDO,86144,,NIFTY,,2028-06-29,2028-06-29,20000.0,PE,NIFTY28JUN20000PE,0.0,0.0,0.0,400.0,400.0,400.0,23644.8,113.95,0,0,0,0.0,0,F1,75,,,,,
2024-12-31,2024-12-31,FO,NSE,IDO,48172,,NIFTY,,2025-01-09,2025-01-09,24950.0,PE,NIFTY2510924950PE,0.0,0.0,0.0,535.25,0.0,535.25,23644.8,1264.9,0,0,0,0.0,0,F1,75,,,,,
2024-12-31,2024-12-31,FO,NSE,IDO,50538,,NIFTY,,2025-06-26,2025-06-26,28000.0,PE,NIFTY25JUN28000PE,0.0,0.0,0.0,7207.55,0.0,7207.55,23644.8,3531.95,0,0,0,0.0,0,F1,75,,,,,
2024-12-31,2024-12-31,FO,NSE,IDO,86165,,NIFTY,,2028-06-29,2028-06-29,28000.0,CE,NIFTY28JUN28000CE,0.0,0.0,0.0,2596.45,0.0,2596.45,23644.8,3145.75,0,0,0,0.0,0,F1,75,,,,,
2024-12-31,2024-12-31,FO,NSE,IDO,50549,,NIFTY,,2027-06-24,2027-06-24,28000.0,CE,NIFTY27JUN28000CE,0.0,0.0,0.0,2186.3,0.0,2186.3,23644.8,1985.75,0,0,0,0.0,0,F1,75,,,,,
2024-12-31,2024-12-31,FO,NSE,IDO,61859,,NIFTY,,2029-12-27,2029-12-27,28000.0,PE,NIFTY29DEC28000PE,0.0,0.0,0.0,1411.3,0.0,1411.3,23644.8,1182.1,0,0,0,0.0,0,F1,75,,,,,
2024-12-31,2024-12-31,FO,NSE,IDO,64578,,NIFTY,,2025-03-27,2025-03-27,28000.0,CE,NIFTY25MAR28000CE,14.65,15.85,13.35,15.6,15.75,14.65,23644.8,15.6,528025,1500,652,1369937700.0,277,F1,75,,,,,
2024-12-31,2024-12-31,FO,NSE,IDO,50543,,NIFTY,,2025-12-24,2025-12-24,28000.0,CE,NIFTY25DEC28000CE,375.25,393.05,373.3,387.2,384.0,394.85,23644.8,387.2,191175,575,181,385286587.5,145,F1,75,,,,,
2024-12-31,2024-12-31,FO,NSE,IDO,64701,,NIFTY,,2025-09-25,2025-09-25,28000.0,PE,NIFTY25SEP28000PE,0.0,0.0,0.0,1606.2,0.0,1606.2,23644.8,3229.05,0,0,0,0.0,0,F1,75,,,,,
2024-12-31,2024-12-31,FO,NSE,IDO,50546,,NIFTY,,2026-06-25,2026-06-25,28000.0,PE,NIFTY26JUN28000PE,0.0,0.0,0.0,6532.55,0.0,6532.55,23644.8,2589.6,0,0,0,0.0,0,F1,75,,,,,
2024-12-31,2024-12-31,FO,NSE,IDO,50544,,NIFTY,,2025-12-24,2025-12-24,28000.0,PE,NIFTY25DEC28000PE,2871.55,2930.05,2833.9,2930.05,2930.05,2755.0,23644.8,2984.4,188575,0,5,11574633.75,5,F1,75,,,,,
2024-12-31,2024-12-31,FO,NSE,IDO,43192,,NIFTY,,2025-01-30,2025-01-30,21600.0,PE,NIFTY25JAN21600PE,14.0,16.0,11.2,12.8,12.1,11.6,23644.8,12.8,2177225,661525,83398,45063569412.5,14597,F1,25,,,,,
2024-12-31,2024-12-31,FO,NSE,IDO,52478,,NIFTY,,2025-01-02,2025-01-02,23400.0,PE,NIFTY2510223400PE,54.9,98.45,35.0,40.1,35.0,37.65,23644.8,40.1,4413075,1542675,1478533,2601454198278.75,797182,F1,75,,,,,
2024-12-31,2024-12-31,FO,NSE,IDO,45678,,NIFTY,,2025-01-30,2025-01-30,23400.0,CE,NIFTY25JAN23400CE,580.0,667.6,496.65,630.8,639.0,625.6,23644.8,630.8,134975,25425,8489,5086852393.75,4925,F1,25,,,,,
2024-12-31,2024-12-31,FO,NSE,IDO,51122,,NIFTY,,2025-03-27,2025-03-27,23400.0,CE,NIFTY25MAR23400CE,0.0,0.0,0.0,1205.3,0.0,1205.3,23644.8,966.25,0,0,0,0.0,0,F1,75,,,,,
2024-12-31,2024-12-31,FO,NSE,IDO,48091,,NIFTY,,2025-01-09,2025-01-09,23400.0,PE,NIFTY2510923400PE,128.1,174.8,96.35,107.15,103.9,93.85,23644.8,107.15,456525,62400,39396,69526566266.25,20587,F1,75,,,,,
2024-12-31,2024-12-31,FO,NSE,IDO,52576,,NIFTY,,2025-01-16,2025-01-16,23400.0,PE,NIFTY2511623400PE,185.25,224.1,143.0,154.7,151.0,141.45,23644.8,154.7,33150,19200,1655,2926190373.75,1050,F1,75,,,,,
2024-12-31,2024-12-31,FO,NSE,IDO,55097,,NIFTY,,2025-01-23,2025-01-23,25450.0,CE,NIFTY2512325450CE,8.4,8.4,8.0,8.0,8.0,90.4,23644.8,6.3,150,150,2,3818730.0,2,F1,75,,,,,
2024-12-31,2024-12-31,FO,NSE,IDO,61411,,NIFTY,,2029-12-27,2029-12-27,20000.0,PE,NIFTY29DEC20000PE,0.0,0.0,0.0,202.3,0.0,202.3,23644.8,108.25,0,0,0,0.0,0,F1,75,,,,,
2024-12-31,2024-12-31,FO,NSE,IDO,57639,,NIFTY,,2025-02-27,2025-02-27,24950.0,CE,NIFTY25FEB24950CE,134.9,154.2,128.4,154.2,154.2,162.8,23644.8,154.2,8550,-1200,36,67725217.5,12,F1,75,,,,,
2024-12-31,2024-12-31,FO,NSE,IDO,53611,,NIFTY,,2027-12-30,2027-12-30,20000.0,PE,NIFTY27DEC20000PE,0.0,0.0,0.0,450.0,450.0,450.0,23644.8,111.55,2675,0,0,0.0,0,F1,75,,,,,
2024-12-31,2024-12-31,FO,NSE,IDO,52601,,NIFTY,,2025-01-02,2025-01-02,24950.0,CE,NIFTY2510224950CE,1.2,1.5,1.1,1.25,1.35,1.25,23644.8,1.25,645975,350700,47616,89105965275.0,14145,F1,75,,,,,
2024-12-31,2024-12-31,FO,NSE,IDO,57654,,NIFTY,,2025-02-27,2025-02-27,25250.0,PE,NIFTY25FEB25250PE,0.0,0.0,0.0,1161.3,1161.3,1161.3,23644.8,1440.85,75,0,0,0.0,0,F1,75,,,,,
2024-12-31,2024-12-31,FO,NSE,IDO,48050,,NIFTY,,2025-01-09,2025-01-09,22700.0,PE,NIFTY2510922700PE,15.2,25.9,14.25,17.05,16.9,11.95,23644.8,17.05,414000,100800,16846,28703921475.0,9955,F1,75,,,,,
2024-12-31,2024-12-31,FO,NSE,IDO,43256,,NIFTY,,2025-01-30,2025-01-30,22700.0,PE,NIFTY25JAN22700PE,85.65,104.7,74.1,77.6,76.9,72.15,23644.8,77.6,454750,27975,17919,10207828790.0,5492,F1,25,,,,,
2024-12-31,2024-12-31,FO,NSE,IDO,47038,,NIFTY,,2025-03-27,2025-03-27,22700.0,CE,NIFTY25MAR22700CE,0.0,0.0,0.0,1692.75,0.0,1692.75,23644.8,1464.7,0,0,0,0.0,0,F1,75,,,,,
2024-12-31,2024-12-31,FO,NSE,IDO,47039,,NIFTY,,2025-03-27,2025-03-27,22700.0,PE,NIFTY25MAR22700PE,208.95,222.0,185.4,185.4,185.4,193.35,23644.8,185.4,19050,7650,147,252547436.25,62,F1,75,,,,,
2024-12-31,2024-12-31,FO,NSE,IDO,55636,,NIFTY,,2025-02-27,2025-02-27,22900.0,PE,NIFTY25FEB22900PE,199.55,225.2,177.6,185.7,186.1,176.55,23644.8,185.7,102750,7125,286,495582832.5,195,F1,75,,,,,
2024-12-31,2024-12-31,FO,NSE,IDO,54773,,NIFTY,,2025-01-23,2025-01-23,22900.0,PE,NIFTY2512322900PE,80.0,89.2,80.0,85.9,84.4,91.1,23644.8,85.9,675,525,13,22411031.25,9,F1,75,,,,,
2024-12-31,2024-12-31,FO,NSE,IDO,52447,,NIFTY,,2025-01-02,2025-01-02,22900.0,CE,NIFTY2510222900CE,680.05,850.0,595.0,794.3,793.65,810.6,23644.8,794.3,5925,375,154,272227875.0,115,F1,75,,,,,
2024-12-31,2024-12-31,FO,NSE,IDO,52516,,NIFTY,,2025-01-16,2025-01-16,22900.0,PE,NIFTY2511622900PE,60.05,84.85,53.35,56.95,56.6,48.5,23644.8,56.95,28425,4575,655,1128037042.5,263,F1,75,,,,,
2024-12-31,2024-12-31,FO,NSE,IDO,54963,,NIFTY,,2025-01-23,2025-01-23,23400.0,CE,NIFTY2512323400CE,573.2,584.8,550.0,550.0,550.0,913.75,23644.8,519.0,300,300,5,8989950.0,3,F1,75,,,,,
2024-12-31,2024-12-31,FO,NSE,IDO,64556,,NIFTY,,2025-03-27,2025-03-27,20000.0,CE,NIFTY25MAR20000CE,3935.0,4058.0,3800.0,4014.55,4013.95,4019.5,23644.8,4014.55,390500,1425,127,228095201.25,102,F1,75,,,,,
2024-12-31,2024-12-31,FO,NSE,IDO,54767,,NIFTY,,2025-01-23,2025-01-23,22750.0,PE,NIFTY2512322750PE,0.0,0.0,0.0,70.75,0.0,70.75,23644.8,38.7,0,0,0,0.0,0,F1,75,,,,,
2024-12-31,2024-12-31,FO,NSE,IDO,54708,,NIFTY,,2025-01-23,2025-01-23,22200.0,CE,NIFTY2512322200CE,0.0,0.0,0.0,1930.4,0.0,1930.4,23644.8,1545.9,0,0,0,0.0,0,F1,75,,,,,
2024-12-31,2024-12-31,FO,NSE,IDO,54783,,NIFTY,,2025-01-23,2025-01-23,23100.0,PE,NIFTY2512323100PE,138.65,149.45,111.25,121.75,121.75,106.6,23644.8,121.75,1050,675,23,40075687.5,19,F1,75,,,,,
2024-12-31,2024-12-31,FO,NSE,IDO,52456,,NIFTY,,2025-01-02,2025-01-02,23100.0,PE,NIFTY2510223100PE,9.6,22.7,8.55,10.5,9.55,8.2,23644.8,10.5,3918825,810375,744220,1290157914978.75,254122,F1,75,,,,,
2024-12-31,2024-12-31,FO,NSE,IDO,48074,,NIFTY,,2025-01-09,2025-01-09,23100.0,PE,NIFTY2510923100PE,50.1,82.15,44.85,49.7,48.1,40.1,23644.8,49.7,424350,2400,35365,61426315226.25,18040,F1,75,,,,,
2024-12-31,2024-12-31,FO,NSE,IDO,38373,,NIFTY,,2025-06-26,2025-06-26,20000.0,CE,NIFTY25JUN20000CE,0.0,0.0,0.0,3180.85,0.0,3180.85,23644.8,4300.95,0,0,0,0.0,0,F1,75,,,,,
2024-12-31,2024-12-31,FO,NSE,IDO,52585,,NIFTY,,2025-01-02,2025-01-02,24650.0,PE,NIFTY2510224650PE,0.0,0.0,0.0,823.8,823.8,823.8,23644.8,996.1,5625,0,0,0.0,0,F1,75,,,,,
2024-12-31,2024-12-31,FO,NSE,IDO,46387,,NIFTY,,2025-01-30,2025-01-30,24650.0,CE,NIFTY25JAN24650CE,70.1,95.1,59.4,87.9,89.3,83.6,23644.8,87.9,89075,-41775,9004,5564824170.0,3455,F1,25,,,,,
2024-12-31,2024-12-31,FO,NSE,IDO,48160,,NIFTY,,2025-01-09,2025-01-09,24650.0,PE,NIFTY2510924650PE,0.0,0.0,0.0,934.3,934.3,934.3,23644.8,970.1,600,0,0,0.0,0,F1,75,,,,,
2024-12-31,2024-12-31,FO,NSE,IDO,57628,,NIFTY,,2025-02-27,2025-02-27,24650.0,PE,NIFTY25FEB24650PE,0.0,0.0,0.0,735.7,735.7,735.7,23644.8,969.95,4275,0,0,0.0,0,F1,75,,,,,
2024-12-31,2024-12-31,FO,NSE,IDO,57627,,NIFTY,,2025-02-27,2025-02-27,24650.0,CE,NIFTY25FEB24650CE,200.0,217.65,198.05,217.65,217.65,247.85,23644.8,227.75,7125,-75,7,13048605.0,5,F1,75,,,,,
2024-12-31,2024-12-31,FO,NSE,IDO,46366,,NIFTY,,2025-01-30,2025-01-30,24400.0,CE,NIFTY25JAN24400CE,120.05,158.0,99.4,145.9,147.35,141.45,23644.8,145.9,552100,81175,44165,27078503560.0,15325,F1,25,,,,,
2024-12-31,2024-12-31,FO,NSE,IDO,55340,,NIFTY,,2025-03-27,2025-03-27,24400.0,PE,NIFTY25MAR24400PE,0.0,0.0,0.0,881.9,0.0,881.9,23644.8,826.2,0,0,0,0.0,0,F1,75,,,,,
2024-12-31,2024-12-31,FO,NSE,IDO,57618,,NIFTY,,2025-02-27,2025-02-27,24400.0,PE,NIFTY25FEB24400PE,848.0,878.0,761.0,772.0,772.0,742.2,23644.8,772.0,16425,75,64,121031392.5,37,F1,75,,,,,
2024-12-31,2024-12-31,FO,NSE,IDO,43194,,NIFTY,,2025-01-30,2025-01-30,21650.0,PE,NIFTY25JAN21650PE,16.45,17.85,13.2,14.8,14.85,13.15,23644.8,14.8,64325,-1650,3374,1827508572.5,950,F1,25,,,,,
2024-12-31,2024-12-31,FO,NSE,IDO,48061,,NIFTY,,2025-01-09,2025-01-09,22950.0,CE,NIFTY2510922950CE,0.0,0.0,0.0,1946.85,0.0,1946.85,23644.8,748.0,0,0,0,0.0,0,F1,75,,,,,
2024-12-31,2024-12-31,FO,NSE,IDO,54775,,NIFTY,,2025-01-23,2025-01-23,22950.0,PE,NIFTY2512322950PE,0.0,0.0,0.0,99.9,0.0,99.9,23644.8,65.2,0,0,0,0.0,0,F1,75,,,,,
2024-12-31,2024-12-31,FO,NSE,IDO,43193,,NIFTY,,2025-01-30,2025-01-30,21650.0,CE,NIFTY25JAN21650CE,0.0,0.0,0.0,2942.5,2942.45,2942.5,23644.8,2116.85,200,0,0,0.0,0,F1,25,,,,,
2024-12-31,2024-12-31,FO,NSE,IDO,52518,,NIFTY,,2025-01-16,2025-01-16,22950.0,PE,NIFTY2511622950PE,83.95,83.95,53.65,58.2,58.2,58.1,23644.8,40.2,1875,-75,3,5178435.0,3,F1,75,,,,,
2024-12-31,2024-12-31,FO,NSE,IDO,52449,,NIFTY,,2025-01-02,2025-01-02,22950.0,CE,NIFTY2510222950CE,619.05,785.0,545.6,753.0,748.25,748.9,23644.8,753.0,6675,4425,239,423150363.75,96,F1,75,,,,,
2024-12-31,2024-12-31,FO,NSE,IDO,43270,,NIFTY,,2025-01-30,2025-01-30,22950.0,PE,NIFTY25JAN22950PE,129.4,155.0,108.9,115.25,113.85,108.2,23644.8,115.25,60300,-25875,4215,2431974438.75,1135,F1,25,,,,,
2024-12-31,2024-12-31,FO,NSE,IDO,50776,,NIFTY,,2025-01-02,2025-01-02,21650.0,CE,NIFTY2510221650CE,0.0,0.0,0.0,1914.3,0.0,1914.3,23644.8,2002.8,0,0,0,0.0,0,F1,75,,,,,
2024-12-31,2024-12-31,FO,NSE,IDO,54774,,NIFTY,,2025-01-23,2025-01-23,22950.0,CE,NIFTY2512322950CE,0.0,0.0,0.0,1261.7,0.0,1261.7,23644.8,857.4,0,0,0,0.0,0,F1,75,,,,,
2024-12-31,2024-12-31,FO,NSE,IDO,48246,,NIFTY,,2025-03-27,2025-03-27,22950.0,PE,NIFTY25MAR22950PE,0.0,0.0,0.0,294.8,0.0,294.8,23644.8,217.75,0,0,0,0.0,0,F1,75,,,,,
2024-12-31,2024-12-31,FO,NSE,IDO,52450,,NIFTY,,2025-01-02,2025-01-02,22950.0,PE,NIFTY2510222950PE,2.25,10.8,0.05,6.5,5.3,4.45,23644.8,6.5,1620300,852150,368125,633848615628.75,106226,F1,75,,,,,
2024-12-31,2024-12-31,FO,NSE,IDO,71472,,NIFTY,,2026-06-25,2026-06-25,24000.0,CE,NIFTY26JUN24000CE,0.0,0.0,0.0,1698.3,0.0,1698.3,23644.8,2646.4,0,0,0,0.0,0,F1,75,,,,,
2024-12-31,2024-12-31,FO,NSE,IDO,71379,,NIFTY,,2025-06-26,2025-06-26,24000.0,CE,NIFTY25JUN24000CE,1060.05,1148.05,1015.0,1121.1,1129.45,1121.9,23644.8,1121.1,146700,11000,617,1160780175.0,534,F1,75,,,,,
2024-12-31,2024-12-31,FO,NSE,IDO,48192,,NIFTY,,2025-03-27,2025-03-27,22850.0,CE,NIFTY25MAR22850CE,0.0,0.0,0.0,1582.0,0.0,1582.0,23644.8,1349.15,0,0,0,0.0,0,F1,75,,,,,
2024-12-31,2024-12-31,FO,NSE,IDO,64685,,NIFTY,,2025-09-25,2025-09-25,20000.0,PE,NIFTY25SEP20000PE,0.0,0.0,0.0,22.8,0.0,22.8,23644.8,29.1,0,0,0,0.0,0,F1,75,,,,,
2024-12-31,2024-12-31,FO,NSE,IDO,67774,,NIFTY,,2028-12-28,2028-12-28,20000.0,CE,NIFTY28DEC20000CE,0.0,0.0,0.0,8115.5,0.0,8115.5,23644.8,8485.25,0,0,0,0.0,0,F1,75,,,,,
2024-12-31,2024-12-31,FO,NSE,IDO,38380,,NIFTY,,2026-06-25,2026-06-25,20000.0,PE,NIFTY26JUN20000PE,0.0,0.0,0.0,3159.75,0.0,3159.75,23644.8,74.35,0,0,0,0.0,0,F1,75,,,,,
2024-12-31,2024-12-31,FO,NSE,IDO,53607,,NIFTY,,2027-12-30,2027-12-30,20000.0,CE,NIFTY27DEC20000CE,0.0,0.0,0.0,5333.85,0.0,5333.85,23644.8,7419.6,0,0,0,0.0,0,F1,75,,,,,
2024-12-31,2024-12-31,FO,NSE,IDO,55641,,NIFTY,,2025-02-27,2025-02-27,23050.0,CE,NIFTY25FEB23050CE,0.0,0.0,0.0,1568.25,0.0,1568.25,23644.8,1028.15,0,0,0,0.0,0,F1,75,,,,,
2024-12-31,2024-12-31,FO,NSE,IDO,52531,,NIFTY,,2025-01-16,2025-01-16,23050.0,CE,NIFTY2511623050CE,0.0,0.0,0.0,1704.0,0.0,1704.0,23644.8,717.35,0,0,0,0.0,0,F1,75,,,,,
2024-12-31,2024-12-31,FO,NSE,IDO,57704,,NIFTY,,2025-02-27,2025-02-27,26350.0,CE,NIFTY25FEB26350CE,0.0,0.0,0.0,20.65,20.65,20.65,23644.8,18.55,2850,0,0,0.0,0,F1,75,,,,,
2024-12-31,2024-12-31,FO,NSE,IDO,52605,,NIFTY,,2025-01-02,2025-01-02,25050.0,CE,NIFTY2510225050CE,1.15,1.45,1.0,1.2,1.2,1.25,23644.8,1.2,765075,470850,35237,66204756783.75,10799,F1,75,,,,,
2024-12-31,2024-12-31,FO,NSE,IDO,52606,,NIFTY,,2025-01-02,2025-01-02,25050.0,PE,NIFTY2510225050PE,1480.0,1480.0,1480.0,1480.0,1480.0,1141.1,23644.8,1395.95,75,0,1,1989750.0,1,F1,75,,,,,
2024-12-31,2024-12-31,FO,NSE,IDO,48176,,NIFTY,,2025-01-09,2025-01-09,25050.0,PE,NIFTY2510925050PE,0.0,0.0,0.0,1122.3,1122.3,1122.3,23644.8,1364.2,75,0,0,0.0,0,F1,75,,,,,
2024-12-31,2024-12-31,FO,NSE,IDO,50981,,NIFTY,,2027-06-24,2027-06-24,27000.0,CE,NIFTY27JUN27000CE,0.0,0.0,0.0,1932.5,0.0,1932.5,23644.8,2398.75,0,0,0,0.0,0,F1,75,,,,,
2024-12-31,2024-12-31,FO,NSE,IDO,53632,,NIFTY,,2027-12-30,2027-12-30,27000.0,PE,NIFTY27DEC27000PE,0.0,0.0,0.0,3794.4,0.0,3794.4,23644.8,1426.45,0,0,0,0.0,0,F1,75,,,,,
2024-12-31,2024-12-31,FO,NSE,IDO,64576,,NIFTY,,2025-03-27,2025-03-27,27000.0,CE,NIFTY25MAR27000CE,29.5,31.8,27.05,28.7,29.0,29.5,23644.8,28.7,935050,36350,2623,5317209513.75,1281,F1,75,,,,,
2024-12-31,2024-12-31,FO,NSE,IDO,64699,,NIFTY,,2025-09-25,2025-09-25,27000.0,PE,NIFTY25SEP27000PE,0.0,0.0,0.0,1168.15,0.0,1168.15,23644.8,2445.15,0,0,0,0.0,0,F1,75,,,,,
2024-12-31,2024-12-31,FO,NSE,IDO,67789,,NIFTY,,2028-12-28,2028-12-28,27000.0,PE,NIFTY28DEC27000PE,0.0,0.0,0.0,1413.85,0.0,1413.85,23644.8,1162.0,0,0,0,0.0,0,F1,75,,,,,
2024-12-31,2024-12-31,FO,NSE,IDO,61794,,NIFTY,,2029-12-27,2029-12-27,27000.0,CE,NIFTY29DEC27000CE,0.0,0.0,0.0,6201.65,0.0,6201.65,23644.8,5321.0,0,0,0,0.0,0,F1,75,,,,,
2024-12-31,2024-12-31,FO,NSE,IDO,53631,,NIFTY,,2027-12-30,2027-12-30,27000.0,CE,NIFTY27DEC27000CE,0.0,0.0,0.0,2889.8,0.0,2889.8,23644.8,3016.65,0,0,0,0.0,0,F1,75,,,,,
2024-12-31,2024-12-31,FO,NSE,IDO,50978,,NIFTY,,2026-12-31,2026-12-31,27000.0,CE,NIFTY26DEC27000CE,0.0,0.0,0.0,1651.65,0.0,1651.65,23644.8,1825.9,0,0,0,0.0,0,F1,75,,,,,
2024-12-31,2024-12-31,FO,NSE,IDO,46354,,NIFTY,,2025-01-30,2025-01-30,24100.0,CE,NIFTY25JAN24100CE,203.55,267.4,177.4,245.75,251.85,244.65,23644.8,245.75,366600,32750,22556,13713872115.0,8942,F1,25,,,,,
2024-12-31,2024-12-31,FO,NSE,IDO,52702,,NIFTY,,2025-01-16,2025-01-16,24100.0,PE,NIFTY2511624100PE,609.0,609.0,479.5,502.95,502.95,478.4,23644.8,503.6,11775,-75,18,33262181.25,10,F1,75,,,,,
2024-12-31,2024-12-31,FO,NSE,IDO,52442,,NIFTY,,2025-01-02,2025-01-02,22750.0,PE,NIFTY2510222750PE,2.7,8.45,2.55,4.35,3.9,2.75,23644.8,4.35,1506525,795525,213828,364914640458.75,57490,F1,75,,,,,
2024-12-31,2024-12-31,FO,NSE,IDO,54709,,NIFTY,,2025-01-23,2025-01-23,22200.0,PE,NIFTY2512322200PE,0.0,0.0,0.0,30.0,30.0,30.0,23644.8,6.9,225,0,0,0.0,0,F1,75,,,,,
2024-12-31,2024-12-31,FO,NSE,IDO,52537,,NIFTY,,2025-01-02,2025-01-02,23950.0,PE,NIFTY2510223950PE,388.0,486.9,257.2,293.35,280.05,293.85,23644.8,293.35,325725,-27675,11763,21435020801.25,8149,F1,75,,,,,
2024-12-31,2024-12-31,FO,NSE,IDO,48115,,NIFTY,,2025-01-09,2025-01-09,23950.0,PE,NIFTY2510923950PE,421.2,481.45,314.6,344.95,341.0,333.5,23644.8,344.95,33600,1875,764,1394523270.0,526,F1,75,,,,,
2024-12-31,2024-12-31,FO,NSE,IDO,57645,,NIFTY,,2025-02-27,2025-02-27,25050.0,CE,NIFTY25FEB25050CE,0.0,0.0,0.0,175.6,175.6,175.6,23644.8,137.75,75,0,0,0.0,0,F1,75,,,,,
2024-12-31,2024-12-31,FO,NSE,IDO,55017,,NIFTY,,2025-01-23,2025-01-23,24250.0,CE,NIFTY2512324250CE,0.0,0.0,0.0,419.3,0.0,419.3,23644.8,132.5,0,0,0,0.0,0,F1,75,,,,,
2024-12-31,2024-12-31,FO,NSE,IDO,57611,,NIFTY,,2025-02-27,2025-02-27,24250.0,CE,NIFTY25FEB24250CE,330.3,384.0,310.45,384.0,384.0,384.95,23644.8,357.25,6900,750,98,180656032.5,90,F1,75,,,,,
2024-12-31,2024-12-31,FO,NSE,IDO,52550,,NIFTY,,2025-01-02,2025-01-02,24250.0,PE,NIFTY2510224250PE,679.15,762.4,514.4,558.45,556.75,555.2,23644.8,558.45,64725,-4800,550,1026155880.0,332,F1,75,,,,,
2024-12-31,2024-12-31,FO,NSE,IDO,52721,,NIFTY,,2025-01-16,2025-01-16,24250.0,PE,NIFTY2511624250PE,0.0,0.0,0.0,575.75,575.4,575.75,23644.8,616.55,1350,0,0,0.0,0,F1,75,,,,,
2024-12-31,2024-12-31,FO,NSE,IDO,52549,,NIFTY,,2025-01-02,2025-01-02,24250.0,CE,NIFTY2510224250CE,3.65,6.95,3.0,4.7,4.85,6.75,23644.8,4.7,3263325,130050,726529,1321643632320.0,175834,F1,75,,,,,
2024-12-31,2024-12-31,FO,NSE,IDO,55102,,NIFTY,,2025-03-27,2025-03-27,24250.0,CE,NIFTY25MAR24250CE,0.0,0.0,0.0,650.0,650.0,650.0,23644.8,516.8,150,0,0,0.0,0,F1,75,,,,,
2024-12-31,2024-12-31,FO,NSE,IDO,46360,,NIFTY,,2025-01-30,2025-01-30,24250.0,CE,NIFTY25JAN24250CE,152.55,208.75,135.0,191.9,193.6,188.35,23644.8,191.9,62800,13625,5660,3454692811.25,2012,F1,25,,,,,
2024-12-31,2024-12-31,FO,NSE,IDO,46361,,NIFTY,,2025-01-30,2025-01-30,24250.0,PE,NIFTY25JAN24250PE,692.95,735.0,593.35,625.75,622.0,613.95,23644.8,625.75,57450,-1700,290,180560116.25,201,F1,25,,,,,
2024-12-31,2024-12-31,FO,NSE,IDO,48138,,NIFTY,,2025-01-09,2025-01-09,24250.0,PE,NIFTY2510924250PE,665.0,665.0,606.2,606.2,606.2,558.45,23644.8,598.9,6600,-525,7,13058377.5,4,F1,75,,,,,
2024-12-31,2024-12-31,FO,NSE,IDO,57662,,NIFTY,,2025-02-27,2025-02-27,25450.0,PE,NIFTY25FEB25450PE,0.0,0.0,0.0,1451.85,0.0,1451.85,23644.8,1612.7,0,0,0,0.0,0,F1,75,,,,,
2024-12-31,2024-12-31,FO,NSE,IDO,55098,,NIFTY,,2025-01-23,2025-01-23,25450.0,PE,NIFTY2512325450PE,0.0,0.0,0.0,1411.15,0.0,1411.15,23644.8,1703.45,0,0,0,0.0,0,F1,75,,,,,
2024-12-31,2024-12-31,FO,NSE,IDO,48190,,NIFTY,,2025-01-09,2025-01-09,25350.0,PE,NIFTY2510925350PE,0.0,0.0,0.0,770.85,0.0,770.85,23644.8,1663.15,0,0,0,0.0,0,F1,75,,,,,
2024-12-31,2024-12-31,FO,NSE,IDO,52620,,NIFTY,,2025-01-02,2025-01-02,25350.0,CE,NIFTY2510225350CE,1.0,1.35,0.9,1.1,1.15,1.05,23644.8,1.1,474675,176625,19351,36792694338.75,7954,F1,75,,,,,
2024-12-31,2024-12-31,FO,NSE,IDO,56878,,NIFTY,,2025-03-27,2025-03-27,25350.0,CE,NIFTY25MAR25350CE,0.0,0.0,0.0,214.0,214.0,214.0,23644.8,185.25,75,0,0,0.0,0,F1,75,,,,,
2024-12-31,2024-12-31,FO,NSE,IDO,55089,,NIFTY,,2025-01-23,2025-01-23,25350.0,CE,NIFTY2512325350CE,0.0,0.0,0.0,104.9,0.0,104.9,23644.8,8.55,0,0,0,0.0,0,F1,75,,,,,
2024-12-31,2024-12-31,FO,NSE,IDO,52828,,NIFTY,,2025-01-16,2025-01-16,24750.0,CE,NIFTY2511624750CE,22.45,22.45,15.0,20.75,20.9,22.35,23644.8,20.75,10800,1125,256,475548986.25,82,F1,75,,,,,
2024-12-31,2024-12-31,FO,NSE,IDO,52594,,NIFTY,,2025-01-02,2025-01-02,24750.0,PE,NIFTY2510224750PE,1223.3,1251.7,1066.5,1066.5,1066.5,1067.2,23644.8,1096.05,9600,-150,13,25292752.5,10,F1,75,,,,,
2024-12-31,2024-12-31,FO,NSE,IDO,52829,,NIFTY,,2025-01-16,2025-01-16,24750.0,PE,NIFTY2511624750PE,0.0,0.0,0.0,337.9,337.9,337.9,23644.8,1051.7,225,0,0,0.0,0,F1,75,,,,,
2024-12-31,2024-12-31,FO,NSE,IDO,48175,,NIFTY,,2025-01-09,2025-01-09,25050.0,CE,NIFTY2510925050CE,4.25,4.25,2.45,3.05,2.95,3.4,23644.8,3.05,74475,19575,2460,4622318771.25,1450,F1,75,,,,,
2024-12-31,2024-12-31,FO,NSE,IDO,46438,,NIFTY,,2025-01-30,2025-01-30,25050.0,CE,NIFTY25JAN25050CE,33.45,36.9,25.25,35.3,35.5,34.1,23644.8,35.3,42700,1825,3512,2202041436.25,1249,F1,25,,,,,
2024-12-31,2024-12-31,FO,NSE,IDO,57646,,NIFTY,,2025-02-27,2025-02-27,25050.0,PE,NIFTY25FEB25050PE,0.0,0.0,0.0,1022.6,1022.6,1022.6,23644.8,1275.7,75,0,0,0.0,0,F1,75,,,,,
2024-12-31,2024-12-31,FO,NSE,IDO,48258,,NIFTY,,2025-01-09,2025-01-09,26500.0,PE,NIFTY2510926500PE,0.0,0.0,0.0,1673.7,0.0,1673.7,23644.8,2811.15,0,0,0,0.0,0,F1,75,,,,,
2024-12-31,2024-12-31,FO,NSE,IDO,48249,,NIFTY,,2025-01-09,2025-01-09,26500.0,CE,NIFTY2510926500CE,1.8,2.05,1.55,1.85,1.7,1.8,23644.8,1.85,350250,110550,5006,9950123047.5,1023,F1,75,,,,,
2024-12-31,2024-12-31,FO,NSE,IDO,47846,,NIFTY,,2025-01-30,2025-01-30,26500.0,PE,NIFTY25JAN26500PE,2780.0,2878.5,2617.55,2664.05,2658.85,2654.9,23644.8,2664.05,795900,1525,670,489612120.0,346,F1,25,,,,,
2024-12-31,2024-12-31,FO,NSE,IDO,48058,,NIFTY,,2025-01-09,2025-01-09,22850.0,PE,NIFTY2510922850PE,25.0,39.95,22.9,25.55,25.75,18.35,23644.8,25.55,59400,1350,5478,9400037460.0,3147,F1,75,,,,,
2024-12-31,2024-12-31,FO,NSE,IDO,48212,,NIFTY,,2025-03-27,2025-03-27,22850.0,PE,NIFTY25MAR22850PE,0.0,0.0,0.0,269.1,0.0,269.1,23644.8,193.85,0,0,0,0.0,0,F1,75,,,,,
2024-12-31,2024-12-31,FO,NSE,IDO,43261,,NIFTY,,2025-01-30,2025-01-30,22850.0,CE,NIFTY25JAN22850CE,0.0,0.0,0.0,1055.8,1055.8,1055.8,23644.8,992.5,300,0,0,0.0,0,F1,25,,,,,
2024-12-31,2024-12-31,FO,NSE,IDO,48057,,NIFTY,,2025-01-09,2025-01-09,22850.0,CE,NIFTY2510922850CE,0.0,0.0,0.0,885.65,885.65,885.65,23644.8,842.05,3150,0,0,0.0,0,F1,75,,,,,
2024-12-31,2024-12-31,FO,NSE,IDO,52446,,NIFTY,,2025-01-02,2025-01-02,22850.0,PE,NIFTY2510222850PE,4.3,7.25,2.95,5.0,4.8,3.3,23644.8,5.0,2205450,1320975,272536,467170695352.5,80793,F1,75,,,,,
2024-12-31,2024-12-31,FO,NSE,IDO,55633,,NIFTY,,2025-02-27,2025-02-27,22850.0,CE,NIFTY25FEB22850CE,0.0,0.0,0.0,1715.2,0.0,1715.2,23644.8,1179.65,0,0,0,0.0,0,F1,75,,,,,
2024-12-31,2024-12-31,FO,NSE,IDO,52671,,NIFTY,,2025-01-02,2025-01-02,26300.0,CE,NIFTY2510226300CE,1.0,1.2,0.7,0.85,0.7,0.9,23644.8,0.85,1216725,71250,43300,85412476308.75,6802,F1,75,,,,,
2024-12-31,2024-12-31,FO,NSE,IDO,48162,,NIFTY,,2025-01-09,2025-01-09,24700.0,PE,NIFTY2510924700PE,1100.0,1159.95,973.0,981.45,973.0,981.55,23644.8,981.45,7350,-1200,59,114122100.0,41,F1,75,,,,,
2024-12-31,2024-12-31,FO,NSE,IDO,57630,,NIFTY,,2025-02-27,2025-02-27,24700.0,PE,NIFTY25FEB24700PE,1017.9,1065.65,961.05,961.05,961.05,936.0,23644.8,1006.2,9075,-225,14,27018472.5,14,F1,75,,,,,
2024-12-31,2024-12-31,FO,NSE,IDO,46468,,NIFTY,,2025-01-30,2025-01-30,25450.0,PE,NIFTY25JAN25450PE,0.0,0.0,0.0,1425.25,1425.25,1425.25,23644.8,1679.55,9300,0,0,0.0,0,F1,25,,,,,
2024-12-31,2024-12-31,FO,NSE,IDO,56529,,NIFTY,,2025-03-27,2025-03-27,24600.0,PE,NIFTY25MAR24600PE,0.0,0.0,0.0,995.6,0.0,995.6,23644.8,950.2,0,0,0,0.0,0,F1,75,,,,,
2024-12-31,2024-12-31,FO,NSE,IDO,48158,,NIFTY,,2025-01-09,2025-01-09,24600.0,PE,NIFTY2510924600PE,981.05,1060.6,850.2,885.0,885.0,879.95,23644.8,885.0,11850,975,29,55590480.0,20,F1,75,,,,,
2024-12-31,2024-12-31,FO,NSE,IDO,48119,,NIFTY,,2025-01-09,2025-01-09,24000.0,PE,NIFTY2510924000PE,448.65,541.55,342.9,378.4,368.65,364.85,23644.8,378.4,610950,128175,10371,18986506222.5,6479,F1,75,,,,,
2024-12-31,2024-12-31,FO,NSE,IDO,55600,,NIFTY,,2025-02-27,2025-02-27,22000.0,PE,NIFTY25FEB22000PE,69.55,82.95,66.2,69.4,68.95,63.2,23644.8,69.4,474600,124650,5454,9029168193.75,3054,F1,75,,,,,
2024-12-31,2024-12-31,FO,NSE,IDO,67778,,NIFTY,,2028-12-28,2028-12-28,22000.0,CE,NIFTY28DEC22000CE,0.0,0.0,0.0,6932.45,0.0,6932.45,23644.8,7106.65,0,0,0,0.0,0,F1,75,,,,,
2024-12-31,2024-12-31,FO,NSE,IDO,43216,,NIFTY,,2025-01-30,2025-01-30,22000.0,PE,NIFTY25JAN22000PE,27.0,33.05,24.45,25.9,26.0,22.7,23644.8,25.9,3375875,200300,94365,51967932302.5,20908,F1,25,,,,,
2024-12-31,2024-12-31,FO,NSE,IDO,53624,,NIFTY,,2027-12-30,2027-12-30,24000.0,CE,NIFTY27DEC24000CE,0.0,0.0,0.0,3778.95,0.0,3778.95,23644.8,4643.15,0,0,0,0.0,0,F1,75,,,,,
2024-12-31,2024-12-31,FO,NSE,IDO,54694,,NIFTY,,2025-01-23,2025-01-23,22000.0,CE,NIFTY2512322000CE,0.0,0.0,0.0,2120.4,0.0,2120.4,23644.8,1741.45,0,0,0,0.0,0,F1,75,,,,,
2024-12-31,2024-12-31,FO,NSE,IDO,86151,,NIFTY,,2028-06-29,2028-06-29,24000.0,CE,NIFTY28JUN24000CE,0.0,0.0,0.0,3918.85,0.0,3918.85,23644.8,5249.65,0,0,0,0.0,0,F1,75,,,,,
2024-12-31,2024-12-31,FO,NSE,IDO,58623,,NIFTY,,2025-12-24,2025-12-24,22000.0,PE,NIFTY25DEC22000PE,355.0,383.45,338.0,340.95,340.0,340.0,23644.8,340.95,258125,4775,299,501389325.0,214,F1,75,,,,,
2024-12-31,2024-12-31,FO,NSE,IDO,64692,,NIFTY,,2025-09-25,2025-09-25,24000.0,CE,NIFTY25SEP24000CE,0.0,0.0,0.0,4236.35,0.0,4236.35,23644.8,1523.7,0,0,0,0.0,0,F1,75,,,,,
2024-12-31,2024-12-31,FO,NSE,IDO,71560,,NIFTY,,2027-06-24,2027-06-24,24000.0,CE,NIFTY27JUN24000CE,0.0,0.0,0.0,2299.55,0.0,2299.55,23644.8,3989.55,0,0,0,0.0,0,F1,75,,,,,
2024-12-31,2024-12-31,FO,NSE,IDO,48117,,NIFTY,,2025-01-09,2025-01-09,24000.0,CE,NIFTY2510924000CE,72.55,124.2,58.85,104.9,111.0,100.75,23644.8,104.9,1556400,476775,99441,179639146953.75,46668,F1,75,,,,,
2024-12-31,2024-12-31,FO,NSE,IDO,55119,,NIFTY,,2025-06-26,2025-06-26,18000.0,CE,NIFTY25JUN18000CE,5326.25,5326.25,5326.25,5326.25,5326.25,5600.0,23644.8,5326.25,2325,75,1,1749468.75,1,F1,75,,,,,
2024-12-31,2024-12-31,FO,NSE,IDO,50556,,NIFTY,,2026-06-25,2026-06-25,18000.0,CE,NIFTY26JUN18000CE,0.0,0.0,0.0,7400.0,7400.0,7400.0,23644.8,7371.55,100,0,0,0.0,0,F1,75,,,,,
2024-12-31,2024-12-31,FO,NSE,IDO,53604,,NIFTY,,2027-12-30,2027-12-30,18000.0,PE,NIFTY27DEC18000PE,0.0,0.0,0.0,244.4,244.4,244.4,23644.8,34.0,10175,0,0,0.0,0,F1,75,,,,,
2024-12-31,2024-12-31,FO,NSE,IDO,55643,,NIFTY,,2025-02-27,2025-02-27,23100.0,CE,NIFTY25FEB23100CE,0.0,0.0,0.0,1532.3,0.0,1532.3,23644.8,991.85,0,0,0,0.0,0,F1,75,,,,,
2024-12-31,2024-12-31,FO,NSE,IDO,48347,,NIFTY,,2025-03-27,2025-03-27,23100.0,CE,NIFTY25MAR23100CE,1180.0,1283.8,1120.7,1283.8,1283.8,1403.25,23644.8,1283.8,5550,5550,95,173007776.25,32,F1,75,,,,,
2024-12-31,2024-12-31,FO,NSE,IDO,52534,,NIFTY,,2025-01-16,2025-01-16,23100.0,PE,NIFTY2511623100PE,85.3,125.8,80.0,86.6,87.3,76.0,23644.8,86.6,26625,9600,722,1256418963.75,399,F1,75,,,,,
2024-12-31,2024-12-31,FO,NSE,IDO,52455,,NIFTY,,2025-01-02,2025-01-02,23100.0,CE,NIFTY2510223100CE,479.45,648.6,402.0,602.45,617.0,598.7,23644.8,602.45,27675,1425,2784,4929593088.75,1533,F1,75,,,,,
2024-12-31,2024-12-31,FO,NSE,IDO,52573,,NIFTY,,2025-01-16,2025-01-16,23400.0,CE,NIFTY2511623400CE,444.0,548.0,367.6,506.9,520.8,495.9,23644.8,506.9,7875,3750,585,1045978717.5,326,F1,75,,,,,
2024-12-31,2024-12-31,FO,NSE,IDO,51123,,NIFTY,,2025-03-27,2025-03-27,23400.0,PE,NIFTY25MAR23400PE,391.8,403.05,352.0,359.0,359.0,432.5,23644.8,352.25,2625,2625,46,82047753.75,28,F1,75,,,,,
2024-12-31,2024-12-31,FO,NSE,IDO,38375,,NIFTY,,2025-06-26,2025-06-26,20000.0,PE,NIFTY25JUN20000PE,50.05,57.8,49.1,55.95,56.0,50.6,23644.8,55.95,499675,19150,1055,1586774107.5,428,F1,75,,,,,
2024-12-31,2024-12-31,FO,NSE,IDO,46416,,NIFTY,,2025-01-30,2025-01-30,24950.0,CE,NIFTY25JAN24950CE,38.2,47.85,31.35,45.15,45.6,42.9,23644.8,45.15,47925,3725,3544,2214020265.0,1191,F1,25,,,,,
2024-12-31,2024-12-31,FO,NSE,IDO,55066,,NIFTY,,2025-01-23,2025-01-23,24950.0,PE,NIFTY2512324950PE,0.0,0.0,0.0,1008.1,0.0,1008.1,23644.8,1225.8,0,0,0,0.0,0,F1,75,,,,,
2024-12-31,2024-12-31,FO,NSE,IDO,48183,,NIFTY,,2025-01-09,2025-01-09,25250.0,CE,NIFTY2510925250CE,2.9,3.2,2.25,2.8,2.35,2.75,23644.8,2.8,29625,-6000,998,1890175260.0,623,F1,75,,,,,
2024-12-31,2024-12-31,FO,NSE,IDO,48184,,NIFTY,,2025-01-09,2025-01-09,25250.0,PE,NIFTY2510925250PE,0.0,0.0,0.0,707.45,0.0,707.45,23644.8,1563.4,0,0,0,0.0,0,F1,75,,,,,
2024-12-31,2024-12-31,FO,NSE,IDO,54697,,NIFTY,,2025-01-23,2025-01-23,22050.0,PE,NIFTY2512322050PE,0.0,0.0,0.0,17.1,0.0,17.1,23644.8,3.95,0,0,0,0.0,0,F1,75,,,,,
2024-12-31,2024-12-31,FO,NSE,IDO,52420,,NIFTY,,2025-01-16,2025-01-16,22050.0,PE,NIFTY2511622050PE,0.0,0.0,0.0,4.65,0.0,4.65,23644.8,1.05,0,0,0,0.0,0,F1,75,,,,,
2024-12-31,2024-12-31,FO,NSE,IDO,43217,,NIFTY,,2025-01-30,2025-01-30,22050.0,CE,NIFTY25JAN22050CE,0.0,0.0,0.0,1857.2,1857.2,1857.2,23644.8,1725.45,175,0,0,0.0,0,F1,25,,,,,
2024-12-31,2024-12-31,FO,NSE,IDO,55601,,NIFTY,,2025-02-27,2025-02-27,22050.0,CE,NIFTY25FEB22050CE,0.0,0.0,0.0,2364.95,0.0,2364.95,23644.8,1866.3,0,0,0,0.0,0,F1,75,,,,,
2024-12-31,2024-12-31,FO,NSE,IDO,43218,,NIFTY,,2025-01-30,2025-01-30,22050.0,PE,NIFTY25JAN22050PE,28.15,35.9,27.0,28.7,28.15,25.0,23644.8,28.7,23200,2225,1329,733620267.5,388,F1,25,,,,,
2024-12-31,2024-12-31,FO,NSE,IDO,54696,,NIFTY,,2025-01-23,2025-01-23,22050.0,CE,NIFTY2512322050CE,0.0,0.0,0.0,2072.6,0.0,2072.6,23644.8,1692.35,0,0,0,0.0,0,F1,75,,,,,
2024-12-31,2024-12-31,FO,NSE,IDO,52693,,NIFTY,,2025-01-16,2025-01-16,24000.0,CE,NIFTY2511624000CE,150.05,195.0,110.0,172.65,177.2,169.1,23644.8,172.65,174000,41550,4832,8751241042.5,2403,F1,75,,,,,
2024-12-31,2024-12-31,FO,NSE,IDO,52417,,NIFTY,,2025-01-16,2025-01-16,22000.0,CE,NIFTY2511622000CE,0.0,0.0,0.0,2706.05,0.0,2706.05,23644.8,1710.6,0,0,0,0.0,0,F1,75,,,,,
2024-12-31,2024-12-31,FO,NSE,IDO,53616,,NIFTY,,2027-12-30,2027-12-30,22000.0,CE,NIFTY27DEC22000CE,0.0,0.0,0.0,4499.55,0.0,4499.55,23644.8,5959.3,0,0,0,0.0,0,F1,75,,,,,
2024-12-31,2024-12-31,FO,NSE,IDO,61749,,NIFTY,,2029-12-27,2029-12-27,24000.0,PE,NIFTY29DEC24000PE,0.0,0.0,0.0,625.5,0.0,625.5,23644.8,442.45,0,0,0,0.0,0,F1,75,,,,,
2024-12-31,2024-12-31,FO,NSE,IDO,54695,,NIFTY,,2025-01-23,2025-01-23,22000.0,PE,NIFTY2512322000PE,14.95,22.5,14.05,16.6,17.85,16.15,23644.8,16.6,19050,2700,311,513579712.5,191,F1,75,,,,,
2024-12-31,2024-12-31,FO,NSE,IDO,71501,,NIFTY,,2026-12-31,2026-12-31,24000.0,CE,NIFTY26DEC24000CE,0.0,0.0,0.0,2010.65,0.0,2010.65,23644.8,3359.6,0,0,0,0.0,0,F1,75,,,,,
2024-12-31,2024-12-31,FO,NSE,IDO,61745,,NIFTY,,2029-12-27,2029-12-27,22000.0,PE,NIFTY29DEC22000PE,0.0,0.0,0.0,373.65,0.0,373.65,23644.8,233.95,0,0,0,0.0,0,F1,75,,,,,
2024-12-31,2024-12-31,FO,NSE,IDO,58648,,NIFTY,,2026-12-31,2026-12-31,22000.0,CE,NIFTY26DEC22000CE,0.0,0.0,0.0,3039.0,0.0,3039.0,23644.8,4711.2,0,0,0,0.0,0,F1,75,,,,,
2024-12-31,2024-12-31,FO,NSE,IDO,52538,,NIFTY,,2025-01-02,2025-01-02,24000.0,CE,NIFTY2510224000CE,23.95,40.9,12.65,26.2,27.85,30.8,23644.8,26.2,9615675,277500,1896314,3416657744152.5,651787,F1,75,,,,,
2024-12-31,2024-12-31,FO,NSE,IDO,71394,,NIFTY,,2025-12-24,2025-12-24,24000.0,PE,NIFTY25DEC24000PE,806.95,858.2,790.0,795.4,795.0,785.5,23644.8,795.4,586200,9050,508,945570285.0,391,F1,75,,,,,
2024-12-31,2024-12-31,FO,NSE,IDO,52667,,NIFTY,,2025-01-02,2025-01-02,26200.0,PE,NIFTY2510226200PE,0.0,0.0,0.0,2389.0,2389.0,2389.0,23644.8,2545.5,225,0,0,0.0,0,F1,75,,,,,
2024-12-31,2024-12-31,FO,NSE,IDO,48171,,NIFTY,,2025-01-09,2025-01-09,24950.0,CE,NIFTY2510924950CE,3.25,4.35,3.25,3.5,3.45,4.3,23644.8,3.5,63525,23100,2572,4813578318.75,1483,F1,75,,,,,
2024-12-31,2024-12-31,FO,NSE,IDO,56573,,NIFTY,,2025-03-27,2025-03-27,24950.0,PE,NIFTY25MAR24950PE,0.0,0.0,0.0,1212.6,0.0,1212.6,23644.8,1188.5,0,0,0,0.0,0,F1,75,,,,,
2024-12-31,2024-12-31,FO,NSE,IDO,43226,,NIFTY,,2025-01-30,2025-01-30,22200.0,PE,NIFTY25JAN22200PE,32.25,46.2,32.25,35.9,36.0,32.25,23644.8,35.9,261125,15725,11466,6374899808.75,3846,F1,25,,,,,
2024-12-31,2024-12-31,FO,NSE,IDO,48030,,NIFTY,,2025-01-09,2025-01-09,22200.0,PE,NIFTY2510922200PE,5.05,7.3,2.2,6.4,7.3,3.9,23644.8,6.4,378075,231750,10487,17465773871.25,4751,F1,75,,,,,
2024-12-31,2024-12-31,FO,NSE,IDO,71557,,NIFTY,,2027-06-24,2027-06-24,22000.0,PE,NIFTY27JUN22000PE,0.0,0.0,0.0,3995.4,0.0,3995.4,23644.8,290.45,0,0,0,0.0,0,F1,75,,,,,
2024-12-31,2024-12-31,FO,NSE,IDO,61748,,NIFTY,,2029-12-27,2029-12-27,24000.0,CE,NIFTY29DEC24000CE,0.0,0.0,0.0,7730.0,0.0,7730.0,23644.8,6952.5,0,0,0,0.0,0,F1,75,,,,,
2024-12-31,2024-12-31,FO,NSE,IDO,53617,,NIFTY,,2027-12-30,2027-12-30,22000.0,PE,NIFTY27DEC22000PE,0.0,0.0,0.0,329.0,329.0,329.0,23644.8,284.95,25,0,0,0.0,0,F1,75,,,,,
2024-12-31,2024-12-31,FO,NSE,IDO,64566,,NIFTY,,2025-03-27,2025-03-27,24000.0,CE,NIFTY25MAR24000CE,619.35,704.0,580.0,675.4,689.5,674.65,23644.8,675.4,893750,-3250,3372,6230236597.5,2490,F1,75,,,,,
2024-12-31,2024-12-31,FO,NSE,IDO,71380,,NIFTY,,2025-06-26,2025-06-26,24000.0,PE,NIFTY25JUN24000PE,700.0,731.55,646.65,665.5,657.15,652.8,23644.8,665.5,364850,9825,1079,1997994540.0,833,F1,75,,,,,
2024-12-31,2024-12-31,FO,NSE,IDO,52380,,NIFTY,,2025-01-02,2025-01-02,22000.0,PE,NIFTY2510222000PE,1.1,2.4,1.0,2.0,1.95,1.1,23644.8,2.0,9658650,5449275,409395,675561603693.75,108537,F1,75,,,,,
2024-12-31,2024-12-31,FO,NSE,IDO,67779,,NIFTY,,2028-12-28,2028-12-28,22000.0,PE,NIFTY28DEC22000PE,0.0,0.0,0.0,521.3,521.3,521.3,23644.8,262.4,225,0,0,0.0,0,F1,75,,,,,
2024-12-31,2024-12-31,FO,NSE,IDO,55003,,NIFTY,,2025-01-23,2025-01-23,24000.0,CE,NIFTY2512324000CE,196.7,258.7,168.1,234.2,237.5,233.85,23644.8,234.2,25650,4200,782,1419773021.25,559,F1,75,,,,,
2024-12-31,2024-12-31,FO,NSE,IDO,71473,,NIFTY,,2026-06-25,2026-06-25,24000.0,PE,NIFTY26JUN24000PE,0.0,0.0,0.0,5437.7,0.0,5437.7,23644.8,716.65,0,0,0,0.0,0,F1,75,,,,,
2024-12-31,2024-12-31,FO,NSE,IDO,64562,,NIFTY,,2025-03-27,2025-03-27,22000.0,CE,NIFTY25MAR22000CE,2090.0,2185.1,1972.0,2142.7,2162.05,2145.3,23644.8,2142.7,275000,2100,258,465722265.0,179,F1,75,,,,,
2024-12-31,2024-12-31,FO,NSE,IDO,67783,,NIFTY,,2028-12-28,2028-12-28,24000.0,PE,NIFTY28DEC24000PE,0.0,0.0,0.0,564.65,564.65,564.65,23644.8,518.95,525,0,0,0.0,0,F1,75,,,,,
2024-12-31,2024-12-31,FO,NSE,IDO,89630,,NIFTY,,2029-06-28,2029-06-28,24000.0,CE,NIFTY29JUN24000CE,0.0,0.0,0.0,8085.35,0.0,8085.35,23644.8,6403.15,0,0,0,0.0,0,F1,75,,,,,
2024-12-31,2024-12-31,FO,NSE,IDO,55120,,NIFTY,,2025-06-26,2025-06-26,18000.0,PE,NIFTY25JUN18000PE,24.0,24.0,24.0,24.0,24.0,23.7,23644.8,24.0,6300,225,3,4055400.0,3,F1,75,,,,,
2024-12-31,2024-12-31,FO,NSE,IDO,58641,,NIFTY,,2026-12-31,2026-12-31,18000.0,PE,NIFTY26DEC18000PE,0.0,0.0,0.0,76.1,76.1,76.1,23644.8,21.7,5175,0,0,0.0,0,F1,75,,,,,
2024-12-31,2024-12-31,FO,NSE,IDO,64552,,NIFTY,,2025-03-27,2025-03-27,18000.0,CE,NIFTY25MAR18000CE,5800.0,5985.0,5800.0,5934.55,5962.8,5956.4,23644.8,5934.55,440175,16975,560,1003843683.75,543,F1,75,,,,,
2024-12-31,2024-12-31,FO,NSE,IDO,46357,,NIFTY,,2025-01-30,2025-01-30,24150.0,PE,NIFTY25JAN24150PE,650.0,701.0,533.25,563.85,559.3,543.9,23644.8,563.85,31450,-1625,434,268620171.25,357,F1,25,,,,,
2024-12-31,2024-12-31,FO,NSE,IDO,46356,,NIFTY,,2025-01-30,2025-01-30,24150.0,CE,NIFTY25JAN24150CE,183.0,246.3,162.05,227.75,234.5,224.0,23644.8,227.75,79825,6300,3767,2292930336.25,1360,F1,25,,,,,
2024-12-31,2024-12-31,FO,NSE,IDO,57656,,NIFTY,,2025-02-27,2025-02-27,25300.0,PE,NIFTY25FEB25300PE,0.0,0.0,0.0,699.95,699.95,699.95,23644.8,1483.2,75,0,0,0.0,0,F1,75,,,,,
2024-12-31,2024-12-31,FO,NSE,IDO,56876,,NIFTY,,2025-03-27,2025-03-27,25300.0,CE,NIFTY25MAR25300CE,190.0,190.0,190.0,190.0,190.0,358.35,23644.8,190.0,75,75,1,1911750.0,1,F1,75,,,,,
2024-12-31,2024-12-31,FO,NSE,IDO,52863,,NIFTY,,2025-01-16,2025-01-16,25300.0,PE,NIFTY2511625300PE,0.0,0.0,0.0,837.6,0.0,837.6,23644.8,1583.1,0,0,0,0.0,0,F1,75,,,,,
2024-12-31,2024-12-31,FO,NSE,IDO,48157,,NIFTY,,2025-01-09,2025-01-09,24600.0,CE,NIFTY2510924600CE,9.5,10.95,6.5,9.5,10.0,11.45,23644.8,9.5,1293450,900000,59930,110611043426.25,27466,F1,75,,,,,
2024-12-31,2024-12-31,FO,NSE,IDO,56528,,NIFTY,,2025-03-27,2025-03-27,24600.0,CE,NIFTY25MAR24600CE,385.0,385.0,375.0,375.0,375.0,590.05,23644.8,383.15,375,375,5,9367346.25,5,F1,75,,,,,
2024-12-31,2024-12-31,FO,NSE,IDO,52418,,NIFTY,,2025-01-16,2025-01-16,22000.0,PE,NIFTY2511622000PE,9.35,11.75,8.4,9.85,8.5,7.7,23644.8,9.85,27975,27300,655,1081229591.25,313,F1,75,,,,,
2024-12-31,2024-12-31,FO,NSE,IDO,71561,,NIFTY,,2027-06-24,2027-06-24,24000.0,PE,NIFTY27JUN24000PE,0.0,0.0,0.0,5056.2,0.0,5056.2,23644.8,646.15,0,0,0,0.0,0,F1,75,,,,,
2024-12-31,2024-12-31,FO,NSE,IDO,58619,,NIFTY,,2025-06-26,2025-06-26,22000.0,PE,NIFTY25JUN22000PE,190.0,203.0,179.55,183.6,183.55,180.85,23644.8,183.6,285900,15525,508,845463420.0,370,F1,75,,,,,
2024-12-31,2024-12-31,FO,NSE,IDO,58622,,NIFTY,,2025-12-24,2025-12-24,22000.0,CE,NIFTY25DEC22000CE,3210.0,3210.0,3200.0,3200.0,3200.0,3360.0,23644.8,3284.8,14975,225,3,5670750.0,3,F1,75,,,,,
2024-12-31,2024-12-31,FO,NSE,IDO,48022,,NIFTY,,2025-01-09,2025-01-09,22000.0,PE,NIFTY2510922000PE,3.9,5.7,3.0,5.1,5.25,3.3,23644.8,5.1,613500,241650,20069,33121085385.0,8820,F1,75,,,,,
2024-12-31,2024-12-31,FO,NSE,IDO,58618,,NIFTY,,2025-06-26,2025-06-26,22000.0,CE,NIFTY25JUN22000CE,3157.45,3157.45,2530.8,2534.4,2534.4,3420.0,23644.8,2494.25,975,750,16,29939591.25,6,F1,75,,,,,
2024-12-31,2024-12-31,FO,NSE,IDO,67782,,NIFTY,,2028-12-28,2028-12-28,24000.0,CE,NIFTY28DEC24000CE,0.0,0.0,0.0,5850.3,0.0,5850.3,23644.8,5835.85,0,0,0,0.0,0,F1,75,,,,,
2024-12-31,2024-12-31,FO,NSE,IDO,52694,,NIFTY,,2025-01-16,2025-01-16,24000.0,PE,NIFTY2511624000PE,499.95,560.0,388.05,418.4,415.9,399.95,23644.8,418.4,99375,1725,442,811158461.25,250,F1,75,,,,,
2024-12-31,2024-12-31,FO,NSE,IDO,58649,,NIFTY,,2026-12-31,2026-12-31,22000.0,PE,NIFTY26DEC22000PE,0.0,0.0,0.0,520.0,520.0,520.0,23644.8,288.15,500,0,0,0.0,0,F1,75,,,,,
2024-12-31,2024-12-31,FO,NSE,IDO,52900,,NIFTY,,2025-01-16,2025-01-16,26200.0,CE,NIFTY2511626200CE,3.45,3.45,3.0,3.0,3.0,3.65,23644.8,0.05,150,75,2,3930483.75,2,F1,75,,,,,
2024-12-31,2024-12-31,FO,NSE,IDO,52901,,NIFTY,,2025-01-16,2025-01-16,26200.0,PE,NIFTY2511626200PE,0.0,0.0,0.0,1547.05,0.0,1547.05,23644.8,2477.85,0,0,0,0.0,0,F1,75,,,,,
2024-12-31,2024-12-31,FO,NSE,IDO,46602,,NIFTY,,2025-01-30,2025-01-30,26200.0,PE,NIFTY25JAN26200PE,2481.45,2538.7,2425.0,2440.0,2440.0,2352.9,23644.8,2412.15,55325,675,38,27223962.5,8,F1,25,,,,,
2024-12-31,2024-12-31,FO,NSE,IDO,52666,,NIFTY,,2025-01-02,2025-01-02,26200.0,CE,NIFTY2510226200CE,0.8,1.2,0.75,0.85,0.75,0.9,23644.8,0.85,1052250,119250,24594,48329009490.0,6127,F1,75,,,,,
2024-12-31,2024-12-31,FO,NSE,IDO,57698,,NIFTY,,2025-02-27,2025-02-27,26200.0,PE,NIFTY25FEB26200PE,0.0,0.0,0.0,2022.05,0.0,2022.05,23644.8,2299.75,0,0,0,0.0,0,F1,75,,,,,
2024-12-31,2024-12-31,FO,NSE,IDO,46600,,NIFTY,,2025-01-30,2025-01-30,26200.0,CE,NIFTY25JAN26200CE,7.65,7.65,5.6,7.3,7.35,7.0,23644.8,7.3,296250,-19050,6171,4043089135.0,1442,F1,25,,,,,
2024-12-31,2024-12-31,FO,NSE,IDO,48231,,NIFTY,,2025-01-09,2025-01-09,26200.0,PE,NIFTY2510926200PE,0.0,0.0,0.0,1412.9,0.0,1412.9,23644.8,2511.65,0,0,0,0.0,0,F1,75,,,,,
2024-12-31,2024-12-31,FO,NSE,IDO,57691,,NIFTY,,2025-02-27,2025-02-27,26200.0,CE,NIFTY25FEB26200CE,24.1,24.1,16.65,16.65,16.65,24.05,23644.8,24.1,12075,75,2,3933056.25,2,F1,75,,,,,
2024-12-31,2024-12-31,FO,NSE,IDO,48229,,NIFTY,,2025-01-09,2025-01-09,26200.0,CE,NIFTY2510926200CE,1.85,2.9,1.65,1.95,1.9,2.0,23644.8,1.95,26100,2250,487,957026917.5,179,F1,75,,,,,
2024-12-31,2024-12-31,FO,NSE,IDO,89640,,NIFTY,,2029-06-28,2029-06-28,29000.0,CE,NIFTY29JUN29000CE,0.0,0.0,0.0,5677.9,0.0,5677.9,23644.8,3833.3,0,0,0,0.0,0,F1,75,,,,,
2024-12-31,2024-12-31,FO,NSE,IDO,64583,,NIFTY,,2025-03-27,2025-03-27,29000.0,PE,NIFTY25MAR29000PE,4800.0,4932.55,4749.05,4784.05,4770.7,4747.3,23644.8,4784.05,408200,450,62,157397156.25,62,F1,75,,,,,
2024-12-31,2024-12-31,FO,NSE,IDO,38165,,NIFTY,,2027-12-30,2027-12-30,29000.0,PE,NIFTY27DEC29000PE,0.0,0.0,0.0,4227.5,0.0,4227.5,23644.8,2226.4,0,0,0,0.0,0,F1,75,,,,,
2024-12-31,2024-12-31,FO,NSE,IDO,38152,,NIFTY,,2025-12-24,2025-12-24,29000.0,CE,NIFTY25DEC29000CE,225.05,231.9,219.95,231.5,231.5,225.4,23644.8,231.5,57925,300,46,100826565.0,41,F1,75,,,,,
2024-12-31,2024-12-31,FO,NSE,IDO,67793,,NIFTY,,2028-12-28,2028-12-28,29000.0,PE,NIFTY28DEC29000PE,0.0,0.0,0.0,2010.85,0.0,2010.85,23644.8,1782.45,0,0,0,0.0,0,F1,75,,,,,
2024-12-31,2024-12-31,FO,NSE,IDO,61914,,NIFTY,,2029-12-27,2029-12-27,29000.0,CE,NIFTY29DEC29000CE,0.0,0.0,0.0,5305.8,0.0,5305.8,23644.8,4382.7,0,0,0,0.0,0,F1,75,,,,,
2024-12-31,2024-12-31,FO,NSE,IDO,54995,,NIFTY,,2025-01-23,2025-01-23,23800.0,CE,NIFTY2512323800CE,278.3,354.85,243.0,325.95,329.25,331.25,23644.8,325.95,12750,-2775,300,542124273.75,170,F1,75,,,,,
2024-12-31,2024-12-31,FO,NSE,IDO,46312,,NIFTY,,2025-01-30,2025-01-30,23800.0,CE,NIFTY25JAN23800CE,384.65,417.65,288.0,385.85,391.75,385.6,23644.8,385.85,2043700,403150,100374,60614256247.5,38414,F1,25,,,,,
2024-12-31,2024-12-31,FO,NSE,IDO,45865,,NIFTY,,2025-06-26,2025-06-26,17000.0,CE,NIFTY25JUN17000CE,6511.0,6511.0,6511.0,6511.0,6511.0,7800.0,23644.8,6511.0,2850,0,1,1763325.0,1,F1,75,,,,,
2024-12-31,2024-12-31,FO,NSE,IDO,45676,,NIFTY,,2025-01-30,2025-01-30,23350.0,CE,NIFTY25JAN23350CE,580.0,683.0,526.25,666.6,669.35,656.5,23644.8,666.6,19125,3400,454,271628823.75,245,F1,25,,,,,
2024-12-31,2024-12-31,FO,NSE,IDO,51121,,NIFTY,,2025-03-27,2025-03-27,23350.0,PE,NIFTY25MAR23350PE,0.0,0.0,0.0,289.55,289.55,289.55,23644.8,335.0,0,0,0,0.0,0,F1,75,,,,,
2024-12-31,2024-12-31,FO,NSE,IDO,51120,,NIFTY,,2025-03-27,2025-03-27,23350.0,CE,NIFTY25MAR23350CE,0.0,0.0,0.0,1237.1,0.0,1237.1,23644.8,998.25,0,0,0,0.0,0,F1,75,,,,,
2024-12-31,2024-12-31,FO,NSE,IDO,48178,,NIFTY,,2025-01-09,2025-01-09,25100.0,PE,NIFTY2510925100PE,0.0,0.0,0.0,617.9,0.0,617.9,23644.8,1413.95,0,0,0,0.0,0,F1,75,,,,,
2024-12-31,2024-12-31,FO,NSE,IDO,46448,,NIFTY,,2025-01-30,2025-01-30,25100.0,CE,NIFTY25JAN25100CE,27.55,32.6,20.1,30.9,31.25,30.1,23644.8,30.9,351650,-61050,28288,17769246457.5,8079,F1,25,,,,,
2024-12-31,2024-12-31,FO,NSE,IDO,46928,,NIFTY,,2025-03-27,2025-03-27,21900.0,CE,NIFTY25MAR21900CE,0.0,0.0,0.0,2344.3,0.0,2344.3,23644.8,2143.4,0,0,0,0.0,0,F1,75,,,,,
2024-12-31,2024-12-31,FO,NSE,IDO,54966,,NIFTY,,2025-01-23,2025-01-23,23450.0,PE,NIFTY2512323450PE,0.0,0.0,0.0,213.15,0.0,213.15,23644.8,192.35,0,0,0,0.0,0,F1,75,,,,,
2024-12-31,2024-12-31,FO,NSE,IDO,52583,,NIFTY,,2025-01-16,2025-01-16,23450.0,CE,NIFTY2511623450CE,375.7,480.0,339.3,473.95,475.0,1353.4,23644.8,473.95,3900,3900,92,164682525.0,40,F1,75,,,,,
2024-12-31,2024-12-31,FO,NSE,IDO,51127,,NIFTY,,2025-03-27,2025-03-27,23450.0,PE,NIFTY25MAR23450PE,0.0,0.0,0.0,450.25,0.0,450.25,23644.8,370.1,0,0,0,0.0,0,F1,75,,,,,
2024-12-31,2024-12-31,FO,NSE,IDO,52400,,NIFTY,,2025-01-02,2025-01-02,22250.0,PE,NIFTY2510222250PE,1.2,3.3,1.15,2.75,3.0,1.35,23644.8,2.75,3301200,3034875,165434,276101374556.25,54765,F1,75,,,,,
2024-12-31,2024-12-31,FO,NSE,IDO,43234,,NIFTY,,2025-01-30,2025-01-30,22250.0,PE,NIFTY25JAN22250PE,42.0,51.25,36.15,39.85,41.0,34.95,23644.8,39.85,154775,17375,6676,3720645918.75,1896,F1,25,,,,,
2024-12-31,2024-12-31,FO,NSE,IDO,55101,,NIFTY,,2025-01-23,2025-01-23,25550.0,CE,NIFTY2512325550CE,6.8,9.45,6.8,9.45,9.45,9.5,23644.8,4.6,750,150,3,5750478.75,2,F1,75,,,,,
2024-12-31,2024-12-31,FO,NSE,IDO,46471,,NIFTY,,2025-01-30,2025-01-30,25550.0,CE,NIFTY25JAN25550CE,12.75,12.75,10.2,12.3,12.3,12.25,23644.8,12.3,28475,3525,1373,877386186.25,444,F1,25,,,,,
2024-12-31,2024-12-31,FO,NSE,IDO,56887,,NIFTY,,2025-03-27,2025-03-27,25550.0,PE,NIFTY25MAR25550PE,0.0,0.0,0.0,1635.05,0.0,1635.05,23644.8,1651.65,0,0,0,0.0,0,F1,75,,,,,
2024-12-31,2024-12-31,FO,NSE,IDO,48199,,NIFTY,,2025-01-09,2025-01-09,25550.0,CE,NIFTY2510925550CE,1.95,2.55,1.95,2.4,2.4,2.4,23644.8,2.4,6000,-2100,123,235720953.75,82,F1,75,,,,,
2024-12-31,2024-12-31,FO,NSE,IDO,52871,,NIFTY,,2025-01-16,2025-01-16,25500.0,PE,NIFTY2511625500PE,1900.0,1900.0,1900.0,1900.0,1900.0,979.3,23644.8,1781.0,75,75,1,2055000.0,1,F1,75,,,,,
2024-12-31,2024-12-31,FO,NSE,IDO,52632,,NIFTY,,2025-01-02,2025-01-02,25500.0,PE,NIFTY2510225500PE,1978.75,1988.95,1801.55,1801.75,1801.9,1760.0,23644.8,1801.75,50325,-2850,51,104753655.0,30,F1,75,,,,,
2024-12-31,2024-12-31,FO,NSE,IDO,52870,,NIFTY,,2025-01-16,2025-01-16,25500.0,CE,NIFTY2511625500CE,3.65,5.2,3.6,4.85,4.95,4.45,23644.8,4.85,227775,101775,3102,5933704203.75,1410,F1,75,,,,,
2024-12-31,2024-12-31,FO,NSE,IDO,54997,,NIFTY,,2025-01-23,2025-01-23,23850.0,CE,NIFTY2512323850CE,292.25,306.6,292.25,306.6,306.6,301.15,23644.8,271.45,375,150,2,3622413.75,2,F1,75,,,,,
2024-12-31,2024-12-31,FO,NSE,IDO,52525,,NIFTY,,2025-01-02,2025-01-02,23850.0,CE,NIFTY2510223850CE,40.3,90.9,26.45,64.4,68.0,68.6,23644.8,64.4,2345025,204825,798758,1431973395630.0,452821,F1,75,,,,,
2024-12-31,2024-12-31,FO,NSE,IDO,48108,,NIFTY,,2025-01-09,2025-01-09,23850.0,CE,NIFTY2510923850CE,110.5,190.45,94.25,164.4,170.0,159.35,23644.8,164.4,155475,9675,12605,22679336107.5,7995,F1,75,,,,,
2024-12-31,2024-12-31,FO,NSE,IDO,52674,,NIFTY,,2025-01-16,2025-01-16,23850.0,CE,NIFTY2511623850CE,170.45,258.25,156.0,239.55,241.0,237.95,23644.8,239.55,7125,1200,162,292239870.0,101,F1,75,,,,,
2024-12-31,2024-12-31,FO,NSE,IDO,71548,,NIFTY,,2027-06-24,2027-06-24,18000.0,PE,NIFTY27JUN18000PE,0.0,0.0,0.0,48.55,48.55,48.55,23644.8,28.4,25,0,0,0.0,0,F1,75,,,,,
2024-12-31,2024-12-31,FO,NSE,IDO,55121,,NIFTY,,2025-12-24,2025-12-24,18000.0,CE,NIFTY25DEC18000CE,0.0,0.0,0.0,6550.0,6550.0,6550.0,23644.8,6802.75,7900,0,0,0.0,0,F1,75,,,,,
2024-12-31,2024-12-31,FO,NSE,IDO,55122,,NIFTY,,2025-12-24,2025-12-24,18000.0,PE,NIFTY25DEC18000PE,0.0,0.0,0.0,73.0,73.0,73.0,23644.8,4.85,2900,0,0,0.0,0,F1,75,,,,,
2024-12-31,2024-12-31,FO,NSE,IDO,54819,,NIFTY,,2025-03-27,2025-03-27,24150.0,CE,NIFTY25MAR24150CE,0.0,0.0,0.0,787.2,0.0,787.2,23644.8,560.35,0,0,0,0.0,0,F1,75,,,,,
2024-12-31,2024-12-31,FO,NSE,IDO,48133,,NIFTY,,2025-01-09,2025-01-09,24150.0,CE,NIFTY2510924150CE,57.05,75.65,35.85,64.0,66.15,61.65,23644.8,64.0,99150,15600,15131,27466742831.25,8083,F1,75,,,,,
2024-12-31,2024-12-31,FO,NSE,IDO,48134,,NIFTY,,2025-01-09,2025-01-09,24150.0,PE,NIFTY2510924150PE,587.9,660.0,480.0,485.55,480.85,469.5,23644.8,485.55,12450,600,88,163190017.5,61,F1,75,,,,,
2024-12-31,2024-12-31,FO,NSE,IDO,55012,,NIFTY,,2025-01-23,2025-01-23,24150.0,PE,NIFTY2512324150PE,0.0,0.0,0.0,495.2,0.0,495.2,23644.8,563.3,0,0,0,0.0,0,F1,75,,,,,
2024-12-31,2024-12-31,FO,NSE,IDO,52544,,NIFTY,,2025-01-02,2025-01-02,24150.0,CE,NIFTY2510224150CE,6.7,15.0,5.95,9.25,9.35,12.7,23644.8,9.25,2800275,540150,676814,1226346768581.25,191785,F1,75,,,,,
2024-12-31,2024-12-31,FO,NSE,IDO,52703,,NIFTY,,2025-01-16,2025-01-16,24150.0,CE,NIFTY2511624150CE,81.05,133.5,81.05,123.7,132.7,119.0,23644.8,123.7,5175,1425,123,223779877.5,36,F1,75,,,,,
2024-12-31,2024-12-31,FO,NSE,IDO,55087,,NIFTY,,2025-01-23,2025-01-23,25300.0,CE,NIFTY2512325300CE,10.55,11.35,9.65,10.65,11.1,11.25,23644.8,10.65,2325,1575,54,102507727.5,21,F1,75,,,,,
2024-12-31,2024-12-31,FO,NSE,IDO,52618,,NIFTY,,2025-01-02,2025-01-02,25300.0,CE,NIFTY2510225300CE,2.05,2.05,0.95,1.1,0.95,1.15,23644.8,1.1,1735125,257325,39483,74922434932.5,9083,F1,75,,,,,
2024-12-31,2024-12-31,FO,NSE,IDO,57655,,NIFTY,,2025-02-27,2025-02-27,25300.0,CE,NIFTY25FEB25300CE,85.0,100.0,74.65,95.7,96.9,98.15,23644.8,95.7,76575,23250,1631,3105142428.75,770,F1,75,,,,,
2024-12-31,2024-12-31,FO,NSE,IDO,55088,,NIFTY,,2025-01-23,2025-01-23,25300.0,PE,NIFTY2512325300PE,0.0,0.0,0.0,1284.65,0.0,1284.65,23644.8,1557.75,0,0,0,0.0,0,F1,75,,,,,
2024-12-31,2024-12-31,FO,NSE,IDO,56877,,NIFTY,,2025-03-27,2025-03-27,25300.0,PE,NIFTY25MAR25300PE,0.0,0.0,0.0,1451.25,0.0,1451.25,23644.8,1451.15,0,0,0,0.0,0,F1,75,,,,,
2024-12-31,2024-12-31,FO,NSE,IDO,48185,,NIFTY,,2025-01-09,2025-01-09,25300.0,CE,NIFTY2510925300CE,2.55,3.1,2.4,2.75,2.75,2.7,23644.8,2.75,127050,-9675,2814,5340141442.5,1222,F1,75,,,,,
2024-12-31,2024-12-31,FO,NSE,IDO,48187,,NIFTY,,2025-01-09,2025-01-09,25300.0,PE,NIFTY2510925300PE,0.0,0.0,0.0,1504.0,1504.0,1504.0,23644.8,1613.25,150,0,0,0.0,0,F1,75,,,,,
2024-12-31,2024-12-31,FO,NSE,IDO,52899,,NIFTY,,2025-01-16,2025-01-16,26150.0,PE,NIFTY2511626150PE,0.0,0.0,0.0,1503.5,0.0,1503.5,23644.8,2428.0,0,0,0,0.0,0,F1,75,,,,,
2024-12-31,2024-12-31,FO,NSE,IDO,57690,,NIFTY,,2025-02-27,2025-02-27,26150.0,PE,NIFTY25FEB26150PE,0.0,0.0,0.0,1981.75,0.0,1981.75,23644.8,2252.45,0,0,0,0.0,0,F1,75,,,,,
2024-12-31,2024-12-31,FO,NSE,IDO,89616,,NIFTY,,2029-06-28,2029-06-28,20000.0,CE,NIFTY29JUN20000CE,0.0,0.0,0.0,10410.0,0.0,10410.0,23644.8,8988.65,0,0,0,0.0,0,F1,75,,,,,
2024-12-31,2024-12-31,FO,NSE,IDO,57640,,NIFTY,,2025-02-27,2025-02-27,24950.0,PE,NIFTY25FEB24950PE,0.0,0.0,0.0,469.15,469.15,469.15,23644.8,1196.0,0,0,0,0.0,0,F1,75,,,,,
2024-12-31,2024-12-31,FO,NSE,IDO,46429,,NIFTY,,2025-01-30,2025-01-30,24950.0,PE,NIFTY25JAN24950PE,1291.0,1291.0,1214.0,1214.0,1214.0,990.0,23644.8,1215.3,17075,400,20,13086325.0,4,F1,25,,,,,
2024-12-31,2024-12-31,FO,NSE,IDO,58645,,NIFTY,,2026-12-31,2026-12-31,20000.0,PE,NIFTY26DEC20000PE,0.0,0.0,0.0,290.0,290.0,290.0,23644.8,93.95,4050,0,0,0.0,0,F1,75,,,,,
2024-12-31,2024-12-31,FO,NSE,IDO,52847,,NIFTY,,2025-01-16,2025-01-16,24950.0,PE,NIFTY2511624950PE,0.0,0.0,0.0,616.7,0.0,616.7,23644.8,1241.45,0,0,0,0.0,0,F1,75,,,,,
2024-12-31,2024-12-31,FO,NSE,IDO,38377,,NIFTY,,2025-12-24,2025-12-24,20000.0,PE,NIFTY25DEC20000PE,164.95,164.95,145.05,155.85,152.55,152.7,23644.8,155.85,57425,2325,88,133046688.75,68,F1,75,,,,,
2024-12-31,2024-12-31,FO,NSE,IDO,52398,,NIFTY,,2025-01-02,2025-01-02,22200.0,PE,NIFTY2510222200PE,1.25,3.15,1.1,2.6,2.45,1.25,23644.8,2.6,5951400,4829325,256565,427228867676.25,83352,F1,75,,,,,
2024-12-31,2024-12-31,FO,NSE,IDO,55607,,NIFTY,,2025-02-27,2025-02-27,22200.0,CE,NIFTY25FEB22200CE,0.0,0.0,0.0,2236.8,0.0,2236.8,23644.8,1729.8,0,0,0,0.0,0,F1,75,,,,,
2024-12-31,2024-12-31,FO,NSE,IDO,48052,,NIFTY,,2025-01-09,2025-01-09,22750.0,PE,NIFTY2510922750PE,19.7,29.9,17.05,19.4,19.2,13.6,23644.8,19.4,69225,17850,4702,8030325491.25,2584,F1,75,,,,,
2024-12-31,2024-12-31,FO,NSE,IDO,52895,,NIFTY,,2025-01-16,2025-01-16,26050.0,PE,NIFTY2511626050PE,0.0,0.0,0.0,1417.6,0.0,1417.6,23644.8,2328.3,0,0,0,0.0,0,F1,75,,,,,
2024-12-31,2024-12-31,FO,NSE,IDO,51450,,NIFTY,,2025-06-26,2025-06-26,21000.0,PE,NIFTY25JUN21000PE,92.05,101.95,91.0,94.55,96.0,90.3,23644.8,94.55,67250,4425,323,511012455.0,180,F1,75,,,,,
2024-12-31,2024-12-31,FO,NSE,IDO,51452,,NIFTY,,2025-12-24,2025-12-24,21000.0,PE,NIFTY25DEC21000PE,190.1,230.0,190.1,215.6,211.1,225.5,23644.8,215.6,58025,375,17,27054300.0,14,F1,75,,,,,
2024-12-31,2024-12-31,FO,NSE,IDO,51455,,NIFTY,,2026-06-25,2026-06-25,21000.0,PE,NIFTY26JUN21000PE,0.0,0.0,0.0,3065.6,0.0,3065.6,23644.8,149.0,0,0,0,0.0,0,F1,75,,,,,
2024-12-31,2024-12-31,FO,NSE,IDO,52656,,NIFTY,,2025-01-02,2025-01-02,26050.0,PE,NIFTY2510226050PE,0.0,0.0,0.0,2266.3,2266.3,2266.3,23644.8,2395.55,750,0,0,0.0,0,F1,75,,,,,
2024-12-31,2024-12-31,FO,NSE,IDO,48191,,NIFTY,,2025-03-27,2025-03-27,22800.0,PE,NIFTY25MAR22800PE,229.95,245.0,206.45,210.95,213.3,211.85,23644.8,210.95,20250,7500,207,357418653.75,94,F1,75,,,,,
2024-12-31,2024-12-31,FO,NSE,IDO,47042,,NIFTY,,2025-03-27,2025-03-27,22800.0,CE,NIFTY25MAR22800CE,0.0,0.0,0.0,1617.9,0.0,1617.9,23644.8,1387.2,0,0,0,0.0,0,F1,75,,,,,
2024-12-31,2024-12-31,FO,NSE,IDO,52505,,NIFTY,,2025-01-16,2025-01-16,22800.0,CE,NIFTY2511622800CE,0.0,0.0,0.0,1934.65,0.0,1934.65,23644.8,936.75,0,0,0,0.0,0,F1,75,,,,,
2024-12-31,2024-12-31,FO,NSE,IDO,43260,,NIFTY,,2025-01-30,2025-01-30,22800.0,PE,NIFTY25JAN22800PE,98.0,122.3,86.1,90.55,88.0,83.4,23644.8,90.55,1010000,15800,41862,23967371572.5,13611,F1,25,,,,,
2024-12-31,2024-12-31,FO,NSE,IDO,54755,,NIFTY,,2025-01-23,2025-01-23,22550.0,PE,NIFTY2512322550PE,0.0,0.0,0.0,48.8,0.0,48.8,23644.8,21.75,0,0,0,0.0,0,F1,75,,,,,
2024-12-31,2024-12-31,FO,NSE,IDO,46929,,NIFTY,,2025-03-27,2025-03-27,21900.0,PE,NIFTY25MAR21900PE,100.0,105.85,95.55,105.85,105.85,98.6,23644.8,53.05,10950,10950,181,298646846.25,89,F1,75,,,,,
2024-12-31,2024-12-31,FO,NSE,IDO,54691,,NIFTY,,2025-01-23,2025-01-23,21900.0,PE,NIFTY2512321900PE,0.0,0.0,0.0,12.05,0.0,12.05,23644.8,2.2,0,0,0,0.0,0,F1,75,,,,,
2024-12-31,2024-12-31,FO,NSE,IDO,55595,,NIFTY,,2025-02-27,2025-02-27,21900.0,CE,NIFTY25FEB21900CE,0.0,0.0,0.0,2495.55,0.0,2495.55,23644.8,2005.35,0,0,0,0.0,0,F1,75,,,,,
2024-12-31,2024-12-31,FO,NSE,IDO,52365,,NIFTY,,2025-01-02,2025-01-02,21900.0,CE,NIFTY2510221900CE,0.0,0.0,0.0,1686.5,0.0,1686.5,23644.8,1752.9,0,0,0,0.0,0,F1,75,,,,,
2024-12-31,2024-12-31,FO,NSE,IDO,58633,,NIFTY,,2026-12-31,2026-12-31,14000.0,PE,NIFTY26DEC14000PE,0.0,0.0,0.0,20.25,20.25,20.25,23644.8,0.25,1175,0,0,0.0,0,F1,75,,,,,
2024-12-31,2024-12-31,FO,NSE,IDO,52880,,NIFTY,,2025-01-16,2025-01-16,25750.0,CE,NIFTY2511625750CE,4.0,4.0,3.2,3.4,3.6,16.0,23644.8,3.4,2625,2025,34,65672051.25,14,F1,75,,,,,
2024-12-31,2024-12-31,FO,NSE,IDO,57673,,NIFTY,,2025-02-27,2025-02-27,25750.0,CE,NIFTY25FEB25750CE,49.15,49.5,42.1,43.65,43.65,46.85,23644.8,50.25,4575,1575,52,100603237.5,24,F1,75,,,,,
2024-12-31,2024-12-31,FO,NSE,IDO,48048,,NIFTY,,2025-01-09,2025-01-09,22650.0,PE,NIFTY2510922650PE,12.9,22.2,12.25,15.1,15.2,10.25,23644.8,15.1,63900,34500,3809,6475275251.25,2328,F1,75,,,,,
2024-12-31,2024-12-31,FO,NSE,IDO,52494,,NIFTY,,2025-01-16,2025-01-16,22650.0,PE,NIFTY2511622650PE,36.0,43.45,31.45,33.15,33.6,32.4,23644.8,33.15,27000,23700,347,590547337.5,73,F1,75,,,,,
2024-12-31,2024-12-31,FO,NSE,IDO,55626,,NIFTY,,2025-02-27,2025-02-27,22650.0,PE,NIFTY25FEB22650PE,0.0,0.0,0.0,120.5,120.5,120.5,23644.8,103.95,2325,0,0,0.0,0,F1,75,,,,,
2024-12-31,2024-12-31,FO,NSE,IDO,47025,,NIFTY,,2025-03-27,2025-03-27,22650.0,CE,NIFTY25MAR22650CE,0.0,0.0,0.0,1730.8,0.0,1730.8,23644.8,1504.15,0,0,0,0.0,0,F1,75,,,,,
2024-12-31,2024-12-31,FO,NSE,IDO,48047,,NIFTY,,2025-01-09,2025-01-09,22650.0,CE,NIFTY2510922650CE,0.0,0.0,0.0,2231.2,0.0,2231.2,23644.8,1035.6,0,0,0,0.0,0,F1,75,,,,,
2024-12-31,2024-12-31,FO,NSE,IDO,52489,,NIFTY,,2025-01-16,2025-01-16,22650.0,CE,NIFTY2511622650CE,0.0,0.0,0.0,2076.2,0.0,2076.2,23644.8,1076.1,0,0,0,0.0,0,F1,75,,,,,
2024-12-31,2024-12-31,FO,NSE,IDO,47026,,NIFTY,,2025-03-27,2025-03-27,22650.0,PE,NIFTY25MAR22650PE,0.0,0.0,0.0,149.7,149.7,149.7,23644.8,151.95,4725,0,0,0.0,0,F1,75,,,,,
2024-12-31,2024-12-31,FO,NSE,IDO,43191,,NIFTY,,2025-01-30,2025-01-30,21600.0,CE,NIFTY25JAN21600CE,2150.0,2250.0,2000.05,2200.3,2204.25,2201.5,23644.8,2200.3,101325,-500,301,178426305.0,104,F1,25,,,,,
2024-12-31,2024-12-31,FO,NSE,IDO,43608,,NIFTY,,2025-01-30,2025-01-30,23250.0,CE,NIFTY25JAN23250CE,640.7,771.65,590.0,737.95,741.0,739.3,23644.8,737.95,17400,11325,771,460529786.25,598,F1,25,,,,,
2024-12-31,2024-12-31,FO,NSE,IDO,48084,,NIFTY,,2025-01-09,2025-01-09,23250.0,PE,NIFTY2510923250PE,70.0,122.4,66.2,73.3,71.95,62.75,23644.8,73.3,103800,14100,13257,23202212670.0,8084,F1,75,,,,,
2024-12-31,2024-12-31,FO,NSE,IDO,55623,,NIFTY,,2025-02-27,2025-02-27,22600.0,CE,NIFTY25FEB22600CE,0.0,0.0,0.0,1908.75,0.0,1908.75,23644.8,1381.9,0,0,0,0.0,0,F1,75,,,,,
2024-12-31,2024-12-31,FO,NSE,IDO,52462,,NIFTY,,2025-01-02,2025-01-02,23250.0,CE,NIFTY2510223250CE,370.75,510.9,277.85,461.5,472.75,452.2,23644.8,461.5,29700,13125,6474,11466197332.5,4482,F1,75,,,,,
2024-12-31,2024-12-31,FO,NSE,IDO,52488,,NIFTY,,2025-01-16,2025-01-16,22600.0,PE,NIFTY2511622600PE,28.9,41.55,27.35,29.75,30.45,24.25,23644.8,29.75,19725,6525,330,560157686.25,213,F1,75,,,,,
2024-12-31,2024-12-31,FO,NSE,IDO,49835,,NIFTY,,2025-03-27,2025-03-27,23250.0,PE,NIFTY25MAR23250PE,0.0,0.0,0.0,382.05,0.0,382.05,23644.8,302.3,0,0,0,0.0,0,F1,75,,,,,
2024-12-31,2024-12-31,FO,NSE,IDO,52487,,NIFTY,,2025-01-16,2025-01-16,22600.0,CE,NIFTY2511622600CE,0.0,0.0,0.0,2123.8,0.0,2123.8,23644.8,1123.5,0,0,0,0.0,0,F1,75,,,,,
2024-12-31,2024-12-31,FO,NSE,IDO,52428,,NIFTY,,2025-01-02,2025-01-02,22600.0,PE,NIFTY2510222600PE,2.6,4.4,2.15,3.65,3.3,2.2,23644.8,3.65,3699975,854850,290350,492218633696.25,86533,F1,75,,,,,
2024-12-31,2024-12-31,FO,NSE,IDO,46439,,NIFTY,,2025-01-30,2025-01-30,25050.0,PE,NIFTY25JAN25050PE,1366.5,1392.4,1275.45,1275.65,1275.7,1091.0,23644.8,1275.65,10025,-25,7,4615891.25,6,F1,25,,,,,
2024-12-31,2024-12-31,FO,NSE,IDO,55070,,NIFTY,,2025-01-23,2025-01-23,25050.0,PE,NIFTY2512325050PE,0.0,0.0,0.0,1083.65,0.0,1083.65,23644.8,1319.15,0,0,0,0.0,0,F1,75,,,,,
2024-12-31,2024-12-31,FO,NSE,IDO,50773,,NIFTY,,2025-01-02,2025-01-02,21600.0,CE,NIFTY2510221600CE,0.0,0.0,0.0,1960.75,0.0,1960.75,23644.8,2052.8,0,0,0,0.0,0,F1,75,,,,,
2024-12-31,2024-12-31,FO,NSE,IDO,52850,,NIFTY,,2025-01-16,2025-01-16,25050.0,CE,NIFTY2511625050CE,9.0,9.0,5.2,8.35,8.35,9.4,23644.8,8.35,8550,5250,234,439766171.25,161,F1,75,,,,,
2024-12-31,2024-12-31,FO,NSE,IDO,52851,,NIFTY,,2025-01-16,2025-01-16,25050.0,PE,NIFTY2511625050PE,0.0,0.0,0.0,676.1,0.0,676.1,23644.8,1338.1,0,0,0,0.0,0,F1,75,,,,,
2024-12-31,2024-12-31,FO,NSE,IDO,56566,,NIFTY,,2025-03-27,2025-03-27,24850.0,CE,NIFTY25MAR24850CE,0.0,0.0,0.0,497.3,0.0,497.3,23644.8,304.65,0,0,0,0.0,0,F1,75,,,,,
2024-12-31,2024-12-31,FO,NSE,IDO,46992,,NIFTY,,2025-03-27,2025-03-27,22400.0,PE,NIFTY25MAR22400PE,155.0,168.0,153.9,156.75,156.75,149.2,23644.8,109.75,32175,14475,244,412812045.0,124,F1,75,,,,,
2024-12-31,2024-12-31,FO,NSE,IDO,43240,,NIFTY,,2025-01-30,2025-01-30,22400.0,PE,NIFTY25JAN22400PE,50.25,64.75,46.7,49.25,49.75,45.2,23644.8,49.25,246900,8050,10140,5692330861.25,3594,F1,25,,,,,
2024-12-31,2024-12-31,FO,NSE,IDO,54718,,NIFTY,,2025-01-23,2025-01-23,22400.0,PE,NIFTY2512322400PE,0.0,0.0,0.0,36.3,0.0,36.3,23644.8,13.6,0,0,0,0.0,0,F1,75,,,,,
2024-12-31,2024-12-31,FO,NSE,IDO,48179,,NIFTY,,2025-01-09,2025-01-09,25150.0,CE,NIFTY2510925150CE,2.85,3.2,2.4,2.9,2.75,3.05,23644.8,2.9,45900,3375,1133,2137371198.75,778,F1,75,,,,,
2024-12-31,2024-12-31,FO,NSE,IDO,52857,,NIFTY,,2025-01-16,2025-01-16,25150.0,PE,NIFTY2511625150PE,0.0,0.0,0.0,738.5,0.0,738.5,23644.8,1435.65,0,0,0,0.0,0,F1,75,,,,,
2024-12-31,2024-12-31,FO,NSE,IDO,56870,,NIFTY,,2025-03-27,2025-03-27,25150.0,CE,NIFTY25MAR25150CE,0.0,0.0,0.0,400.85,0.0,400.85,23644.8,227.45,0,0,0,0.0,0,F1,75,,,,,
2024-12-31,2024-12-31,FO,NSE,IDO,48037,,NIFTY,,2025-01-09,2025-01-09,22400.0,CE,NIFTY2510922400CE,1265.0,1291.0,1265.0,1291.0,1291.0,2472.8,23644.8,1282.7,300,300,4,7104750.0,4,F1,75,,,,,
2024-12-31,2024-12-31,FO,NSE,IDO,52507,,NIFTY,,2025-01-16,2025-01-16,22800.0,PE,NIFTY2511622800PE,48.6,65.6,41.2,44.75,43.8,37.75,23644.8,44.75,75075,15900,906,1552606282.5,625,F1,75,,,,,
2024-12-31,2024-12-31,FO,NSE,IDO,52443,,NIFTY,,2025-01-02,2025-01-02,22800.0,CE,NIFTY2510222800CE,720.0,940.7,700.0,894.95,902.45,913.6,23644.8,894.95,4275,-225,164,290815710.0,88,F1,75,,,,,
2024-12-31,2024-12-31,FO,NSE,IDO,54690,,NIFTY,,2025-01-23,2025-01-23,21900.0,CE,NIFTY2512321900CE,0.0,0.0,0.0,2216.5,0.0,2216.5,23644.8,1839.95,0,0,0,0.0,0,F1,75,,,,,
2024-12-31,2024-12-31,FO,NSE,IDO,43209,,NIFTY,,2025-01-30,2025-01-30,21900.0,CE,NIFTY25JAN21900CE,0.0,0.0,0.0,2130.0,2130.0,2130.0,23644.8,1871.35,400,0,0,0.0,0,F1,25,,,,,
2024-12-31,2024-12-31,FO,NSE,IDO,43386,,NIFTY,,2025-06-26,2025-06-26,14000.0,PE,NIFTY25JUN14000PE,0.0,0.0,0.0,0.25,0.25,0.25,23644.8,0.05,2925,0,0,0.0,0,F1,75,,,,,
2024-12-31,2024-12-31,FO,NSE,IDO,50444,,NIFTY,,2026-06-25,2026-06-25,14000.0,PE,NIFTY26JUN14000PE,0.0,0.0,0.0,20.0,20.0,20.0,23644.8,0.05,925,0,0,0.0,0,F1,75,,,,,
2024-12-31,2024-12-31,FO,NSE,IDO,46238,,NIFTY,,2025-01-30,2025-01-30,23450.0,PE,NIFTY25JAN23450PE,266.0,316.35,223.6,237.5,234.75,228.5,23644.8,237.5,67075,8300,3317,1967313381.25,1337,F1,25,,,,,
2024-12-31,2024-12-31,FO,NSE,IDO,54965,,NIFTY,,2025-01-23,2025-01-23,23450.0,CE,NIFTY2512323450CE,0.0,0.0,0.0,878.4,0.0,878.4,23644.8,486.7,0,0,0,0.0,0,F1,75,,,,,
2024-12-31,2024-12-31,FO,NSE,IDO,56738,,NIFTY,,2025-02-27,2025-02-27,23450.0,PE,NIFTY25FEB23450PE,359.75,383.15,348.0,383.15,383.15,321.0,23644.8,311.95,375,225,6,10717848.75,5,F1,75,,,,,
2024-12-31,2024-12-31,FO,NSE,IDO,52582,,NIFTY,,2025-01-02,2025-01-02,24650.0,CE,NIFTY2510224650CE,1.25,1.8,0.9,1.55,1.3,1.55,23644.8,1.55,1460100,612225,110653,204582459086.25,28834,F1,75,,,,,
2024-12-31,2024-12-31,FO,NSE,IDO,55042,,NIFTY,,2025-01-23,2025-01-23,24650.0,CE,NIFTY2512324650CE,0.0,0.0,0.0,266.65,0.0,266.65,23644.8,55.9,0,0,0,0.0,0,F1,75,,,,,
2024-12-31,2024-12-31,FO,NSE,IDO,56534,,NIFTY,,2025-03-27,2025-03-27,24650.0,CE,NIFTY25MAR24650CE,0.0,0.0,0.0,570.55,0.0,570.55,23644.8,366.35,0,0,0,0.0,0,F1,75,,,,,
2024-12-31,2024-12-31,FO,NSE,IDO,55043,,NIFTY,,2025-01-23,2025-01-23,24650.0,PE,NIFTY2512324650PE,0.0,0.0,0.0,793.0,0.0,793.0,23644.8,956.5,0,0,0,0.0,0,F1,75,,,,,
2024-12-31,2024-12-31,FO,NSE,IDO,48143,,NIFTY,,2025-01-09,2025-01-09,24400.0,CE,NIFTY2510924400CE,16.75,27.9,14.8,23.4,23.8,24.2,23644.8,23.4,749850,232500,37779,69192939371.25,20557,F1,75,,,,,
2024-12-31,2024-12-31,FO,NSE,IDO,52566,,NIFTY,,2025-01-02,2025-01-02,24400.0,CE,NIFTY2510224400CE,2.7,2.9,2.0,2.4,2.1,3.15,23644.8,2.4,5246325,-370725,814892,1491397929120.0,160835,F1,75,,,,,
2024-12-31,2024-12-31,FO,NSE,IDO,52758,,NIFTY,,2025-01-16,2025-01-16,24400.0,PE,NIFTY2511624400PE,0.0,0.0,0.0,346.35,0.0,346.35,23644.8,739.0,0,0,0,0.0,0,F1,75,,,,,
2024-12-31,2024-12-31,FO,NSE,IDO,55031,,NIFTY,,2025-01-23,2025-01-23,24400.0,CE,NIFTY2512324400CE,89.25,112.0,70.15,102.5,104.05,103.7,23644.8,102.5,19275,6600,240,440718472.5,101,F1,75,,,,,
2024-12-31,2024-12-31,FO,NSE,IDO,57617,,NIFTY,,2025-02-27,2025-02-27,24400.0,CE,NIFTY25FEB24400CE,284.55,340.7,262.5,328.6,331.3,328.4,23644.8,328.6,62700,30150,900,1666727692.5,625,F1,75,,,,,
2024-12-31,2024-12-31,FO,NSE,IDO,50777,,NIFTY,,2025-01-02,2025-01-02,21650.0,PE,NIFTY2510221650PE,0.95,1.65,0.7,1.4,1.45,0.7,23644.8,1.4,739350,323925,80160,130167767366.25,24612,F1,75,,,,,
2024-12-31,2024-12-31,FO,NSE,IDO,48245,,NIFTY,,2025-03-27,2025-03-27,22950.0,CE,NIFTY25MAR22950CE,0.0,0.0,0.0,1509.5,0.0,1509.5,23644.8,1274.65,0,0,0,0.0,0,F1,75,,,,,
2024-12-31,2024-12-31,FO,NSE,IDO,46953,,NIFTY,,2025-03-27,2025-03-27,22050.0,PE,NIFTY25MAR22050PE,0.0,0.0,0.0,117.35,0.0,117.35,23644.8,66.7,0,0,0,0.0,0,F1,75,,,,,
2024-12-31,2024-12-31,FO,NSE,IDO,52419,,NIFTY,,2025-01-16,2025-01-16,22050.0,CE,NIFTY2511622050CE,0.0,0.0,0.0,2656.95,0.0,2656.95,23644.8,1661.0,0,0,0,0.0,0,F1,75,,,,,
2024-12-31,2024-12-31,FO,NSE,IDO,48024,,NIFTY,,2025-01-09,2025-01-09,22050.0,PE,NIFTY2510922050PE,3.9,5.95,3.9,5.3,5.3,3.4,23644.8,5.3,12975,11475,564,932939362.5,345,F1,75,,,,,
2024-12-31,2024-12-31,FO,NSE,IDO,46951,,NIFTY,,2025-03-27,2025-03-27,22050.0,CE,NIFTY25MAR22050CE,0.0,0.0,0.0,2215.8,0.0,2215.8,23644.8,2009.4,0,0,0,0.0,0,F1,75,,,,,
2024-12-31,2024-12-31,FO,NSE,IDO,46384,,NIFTY,,2025-01-30,2025-01-30,24600.0,CE,NIFTY25JAN24600CE,78.0,105.8,65.7,97.6,99.7,93.7,23644.8,97.6,474175,-28700,37482,23126967585.0,13801,F1,25,,,,,
2024-12-31,2024-12-31,FO,NSE,IDO,52643,,NIFTY,,2025-01-16,2025-01-16,23750.0,CE,NIFTY2511623750CE,209.3,315.0,195.1,286.85,291.9,276.25,23644.8,286.85,6600,0,187,336733001.25,89,F1,75,,,,,
2024-12-31,2024-12-31,FO,NSE,IDO,55065,,NIFTY,,2025-01-23,2025-01-23,24950.0,CE,NIFTY2512324950CE,0.0,0.0,0.0,43.65,43.65,43.65,23644.8,26.5,375,0,0,0.0,0,F1,75,,,,,
2024-12-31,2024-12-31,FO,NSE,IDO,52602,,NIFTY,,2025-01-02,2025-01-02,24950.0,PE,NIFTY2510224950PE,1393.75,1393.75,1264.0,1264.0,1264.0,1121.75,23644.8,1295.95,3525,75,13,25570203.75,5,F1,75,,,,,
2024-12-31,2024-12-31,FO,NSE,IDO,89623,,NIFTY,,2029-06-28,2029-06-28,20000.0,PE,NIFTY29JUN20000PE,0.0,0.0,0.0,236.95,0.0,236.95,23644.8,111.6,0,0,0,0.0,0,F1,75,,,,,
2024-12-31,2024-12-31,FO,NSE,IDO,67775,,NIFTY,,2028-12-28,2028-12-28,20000.0,PE,NIFTY28DEC20000PE,0.0,0.0,0.0,370.0,370.0,370.0,23644.8,113.7,875,0,0,0.0,0,F1,75,,,,,
2024-12-31,2024-12-31,FO,NSE,IDO,57687,,NIFTY,,2025-02-27,2025-02-27,26100.0,CE,NIFTY25FEB26100CE,27.05,27.05,27.05,27.05,27.05,27.05,23644.8,28.5,10575,150,2,3919057.5,2,F1,75,,,,,
2024-12-31,2024-12-31,FO,NSE,IDO,52552,,NIFTY,,2025-01-02,2025-01-02,24300.0,CE,NIFTY2510224300CE,4.0,5.0,2.85,3.5,3.2,5.25,23644.8,3.5,9790950,3609075,1293625,2357997366742.5,241859,F1,75,,,,,
2024-12-31,2024-12-31,FO,NSE,IDO,55021,,NIFTY,,2025-01-23,2025-01-23,24300.0,CE,NIFTY2512324300CE,100.95,140.0,91.0,128.85,128.85,131.8,23644.8,119.9,3375,2625,84,153833006.25,31,F1,75,,,,,
2024-12-31,2024-12-31,FO,NSE,IDO,52622,,NIFTY,,2025-01-02,2025-01-02,25400.0,CE,NIFTY2510225400CE,1.05,1.3,0.9,1.0,0.9,1.15,23644.8,1.0,1720050,326400,38654,73639111642.5,9181,F1,75,,,,,
2024-12-31,2024-12-31,FO,NSE,IDO,56569,,NIFTY,,2025-03-27,2025-03-27,24900.0,PE,NIFTY25MAR24900PE,0.0,0.0,0.0,1180.25,0.0,1180.25,23644.8,1152.9,0,0,0,0.0,0,F1,75,,,,,
2024-12-31,2024-12-31,FO,NSE,IDO,48170,,NIFTY,,2025-01-09,2025-01-09,24900.0,PE,NIFTY2510924900PE,1350.0,1383.75,1212.3,1212.3,1212.3,1157.2,23644.8,1215.4,4575,-75,5,9824703.75,5,F1,75,,,,,
2024-12-31,2024-12-31,FO,NSE,IDO,46415,,NIFTY,,2025-01-30,2025-01-30,24900.0,PE,NIFTY25JAN24900PE,1212.2,1318.0,1088.15,1127.85,1127.5,1139.75,23644.8,1127.85,70375,-1150,215,140226330.0,70,F1,25,,,,,
2024-12-31,2024-12-31,FO,NSE,IDO,55064,,NIFTY,,2025-01-23,2025-01-23,24900.0,PE,NIFTY2512324900PE,0.0,0.0,0.0,969.65,0.0,969.65,23644.8,1179.7,0,0,0,0.0,0,F1,75,,,,,
2024-12-31,2024-12-31,FO,NSE,IDO,46410,,NIFTY,,2025-01-30,2025-01-30,24900.0,CE,NIFTY25JAN24900CE,46.0,54.55,35.0,50.95,52.5,48.9,23644.8,50.95,906825,118250,33387,20819088035.0,9692,F1,25,,,,,
2024-12-31,2024-12-31,FO,NSE,IDO,52600,,NIFTY,,2025-01-02,2025-01-02,24900.0,PE,NIFTY2510224900PE,1315.0,1388.0,1206.9,1206.9,1206.9,1198.7,23644.8,1206.9,29550,-1200,17,33386377.5,14,F1,75,,,,,
2024-12-31,2024-12-31,FO,NSE,IDO,57622,,NIFTY,,2025-02-27,2025-02-27,24500.0,PE,NIFTY25FEB24500PE,906.0,960.0,791.0,826.15,824.0,813.95,23644.8,826.15,231300,-14625,1226,2336279557.5,681,F1,75,,,,,
2024-12-31,2024-12-31,FO,NSE,IDO,52765,,NIFTY,,2025-01-16,2025-01-16,24500.0,CE,NIFTY2511624500CE,35.0,52.95,29.55,47.55,49.5,44.75,23644.8,47.55,302250,167325,7305,13445407473.75,3745,F1,75,,,,,
2024-12-31,2024-12-31,FO,NSE,IDO,52788,,NIFTY,,2025-01-16,2025-01-16,24500.0,PE,NIFTY2511624500PE,898.05,950.2,821.8,853.0,853.0,674.6,23644.8,825.0,8625,-375,13,24726135.0,7,F1,75,,,,,
2024-12-31,2024-12-31,FO,NSE,IDO,55073,,NIFTY,,2025-01-23,2025-01-23,25100.0,CE,NIFTY2512325100CE,16.5,21.0,13.85,19.55,19.0,17.75,23644.8,19.55,4200,1275,51,96069375.0,32,F1,75,,,,,
2024-12-31,2024-12-31,FO,NSE,IDO,57648,,NIFTY,,2025-02-27,2025-02-27,25100.0,PE,NIFTY25FEB25100PE,1325.4,1325.4,1325.4,1325.4,1325.4,1061.4,23644.8,1316.3,525,0,1,1981905.0,1,F1,75,,,,,
2024-12-31,2024-12-31,FO,NSE,IDO,56869,,NIFTY,,2025-03-27,2025-03-27,25100.0,PE,NIFTY25MAR25100PE,0.0,0.0,0.0,1312.35,0.0,1312.35,23644.8,1298.3,0,0,0,0.0,0,F1,75,,,,,
2024-12-31,2024-12-31,FO,NSE,IDO,52608,,NIFTY,,2025-01-02,2025-01-02,25100.0,PE,NIFTY2510225100PE,1515.0,1540.0,1391.05,1391.05,1391.05,1412.0,23644.8,1391.05,15150,-150,5,9965328.75,5,F1,75,,,,,
2024-12-31,2024-12-31,FO,NSE,IDO,55074,,NIFTY,,2025-01-23,2025-01-23,25100.0,PE,NIFTY2512325100PE,0.0,0.0,0.0,1122.75,0.0,1122.75,23644.8,1366.3,0,0,0,0.0,0,F1,75,,,,,
2024-12-31,2024-12-31,FO,NSE,IDO,52607,,NIFTY,,2025-01-02,2025-01-02,25100.0,CE,NIFTY2510225100CE,1.1,1.5,1.0,1.1,1.0,1.15,23644.8,1.1,1608225,364725,63708,119935928722.5,15019,F1,75,,,,,
2024-12-31,2024-12-31,FO,NSE,IDO,52852,,NIFTY,,2025-01-16,2025-01-16,25100.0,CE,NIFTY2511625100CE,7.5,7.8,6.3,6.95,6.8,8.35,23644.8,6.95,28125,16950,680,1280459737.5,291,F1,75,,,,,
2024-12-31,2024-12-31,FO,NSE,IDO,48067,,NIFTY,,2025-01-09,2025-01-09,23050.0,PE,NIFTY2510923050PE,43.3,71.8,39.25,43.25,42.0,34.75,23644.8,43.25,95325,37125,12124,21006095422.5,6011,F1,75,,,,,
2024-12-31,2024-12-31,FO,NSE,IDO,52532,,NIFTY,,2025-01-16,2025-01-16,23050.0,PE,NIFTY2511623050PE,97.0,97.0,77.85,78.0,78.05,54.15,23644.8,78.0,3975,3600,68,117974595.0,24,F1,75,,,,,
2024-12-31,2024-12-31,FO,NSE,IDO,43273,,NIFTY,,2025-01-30,2025-01-30,23050.0,CE,NIFTY25JAN23050CE,867.7,874.15,860.0,874.15,874.15,969.5,23644.8,874.15,450,0,5,2989650.0,3,F1,25,,,,,
2024-12-31,2024-12-31,FO,NSE,IDO,52682,,NIFTY,,2025-01-02,2025-01-02,26350.0,PE,NIFTY2510226350PE,0.0,0.0,0.0,2789.6,0.0,2789.6,23644.8,2695.45,0,0,0,0.0,0,F1,75,,,,,
2024-12-31,2024-12-31,FO,NSE,IDO,48237,,NIFTY,,2025-01-09,2025-01-09,26350.0,PE,NIFTY2510926350PE,0.0,0.0,0.0,1541.6,0.0,1541.6,23644.8,2661.4,0,0,0,0.0,0,F1,75,,,,,
2024-12-31,2024-12-31,FO,NSE,IDO,52906,,NIFTY,,2025-01-16,2025-01-16,26350.0,CE,NIFTY2511626350CE,3.3,3.75,3.0,3.75,3.75,62.15,23644.8,0.05,150,150,3,5929503.75,3,F1,75,,,,,
2024-12-31,2024-12-31,FO,NSE,IDO,52454,,NIFTY,,2025-01-02,2025-01-02,23050.0,PE,NIFTY2510223050PE,13.85,17.75,7.85,9.0,7.95,6.8,23644.8,9.0,2330325,276825,453128,783741082200.0,143855,F1,75,,,,,
2024-12-31,2024-12-31,FO,NSE,IDO,52675,,NIFTY,,2025-01-02,2025-01-02,26350.0,CE,NIFTY2510226350CE,0.9,1.2,0.7,0.8,0.75,0.9,23644.8,0.8,224550,31125,7239,14306588696.25,2207,F1,75,,,,,
2024-12-31,2024-12-31,FO,NSE,IDO,48236,,NIFTY,,2025-01-09,2025-01-09,26350.0,CE,NIFTY2510926350CE,2.3,2.3,1.85,1.9,1.9,2.0,23644.8,1.9,9900,4275,90,177876825.0,44,F1,75,,,,,
2024-12-31,2024-12-31,FO,NSE,IDO,46624,,NIFTY,,2025-01-30,2025-01-30,26350.0,CE,NIFTY25JAN26350CE,5.8,6.9,5.65,6.55,6.4,6.15,23644.8,6.55,12400,625,346,227981307.5,116,F1,25,,,,,
2024-12-31,2024-12-31,FO,NSE,IDO,48144,,NIFTY,,2025-01-09,2025-01-09,24400.0,PE,NIFTY2510924400PE,830.0,870.0,659.9,692.7,695.55,687.3,23644.8,692.7,63600,8025,198,373818131.25,90,F1,75,,,,,
2024-12-31,2024-12-31,FO,NSE,IDO,52567,,NIFTY,,2025-01-02,2025-01-02,24400.0,PE,NIFTY2510224400PE,830.0,920.0,667.45,710.2,705.3,710.05,23644.8,710.2,179400,-27225,761,1437730147.5,417,F1,75,,,,,
2024-12-31,2024-12-31,FO,NSE,IDO,52757,,NIFTY,,2025-01-16,2025-01-16,24400.0,CE,NIFTY2511624400CE,46.0,69.05,37.75,62.1,63.6,59.75,23644.8,62.1,55275,-6825,1887,3460345237.5,1063,F1,75,,,,,
2024-12-31,2024-12-31,FO,NSE,IDO,55339,,NIFTY,,2025-03-27,2025-03-27,24400.0,CE,NIFTY25MAR24400CE,0.0,0.0,0.0,672.75,0.0,672.75,23644.8,456.0,0,0,0,0.0,0,F1,75,,,,,
2024-12-31,2024-12-31,FO,NSE,IDO,43202,,NIFTY,,2025-01-30,2025-01-30,21750.0,CE,NIFTY25JAN21750CE,0.0,0.0,0.0,2844.65,2844.7,2844.65,23644.8,2018.35,200,0,0,0.0,0,F1,25,,,,,
2024-12-31,2024-12-31,FO,NSE,IDO,57682,,NIFTY,,2025-02-27,2025-02-27,25950.0,PE,NIFTY25FEB25950PE,0.0,0.0,0.0,1299.45,1299.45,1299.45,23644.8,2064.9,75,0,0,0.0,0,F1,75,,,,,
2024-12-31,2024-12-31,FO,NSE,IDO,46563,,NIFTY,,2025-01-30,2025-01-30,25950.0,PE,NIFTY25JAN25950PE,2280.0,2280.0,2280.0,2280.0,2280.0,1946.0,23644.8,2165.6,575,25,1,705750.0,1,F1,25,,,,,
2024-12-31,2024-12-31,FO,NSE,IDO,52889,,NIFTY,,2025-01-16,2025-01-16,25950.0,CE,NIFTY2511625950CE,3.5,3.7,3.25,3.55,3.35,3.8,23644.8,3.55,1050,600,16,31144147.5,9,F1,75,,,,,
2024-12-31,2024-12-31,FO,NSE,IDO,52621,,NIFTY,,2025-01-02,2025-01-02,25350.0,PE,NIFTY2510225350PE,0.0,0.0,0.0,1842.65,0.0,1842.65,23644.8,1695.85,0,0,0,0.0,0,F1,75,,,,,
2024-12-31,2024-12-31,FO,NSE,IDO,52845,,NIFTY,,2025-01-16,2025-01-16,24900.0,PE,NIFTY2511624900PE,0.0,0.0,0.0,588.2,0.0,588.2,23644.8,1193.5,0,0,0,0.0,0,F1,75,,,,,
2024-12-31,2024-12-31,FO,NSE,IDO,57637,,NIFTY,,2025-02-27,2025-02-27,24900.0,CE,NIFTY25FEB24900CE,148.0,183.3,136.0,174.25,174.65,174.4,23644.8,174.25,30750,225,306,574993893.75,179,F1,75,,,,,
2024-12-31,2024-12-31,FO,NSE,IDO,55644,,NIFTY,,2025-02-27,2025-02-27,23100.0,PE,NIFTY25FEB23100PE,250.0,280.45,219.65,230.55,231.15,221.0,23644.8,230.55,48675,2850,336,588528450.0,221,F1,75,,,,,
2024-12-31,2024-12-31,FO,NSE,IDO,48348,,NIFTY,,2025-03-27,2025-03-27,23100.0,PE,NIFTY25MAR23100PE,300.0,310.0,265.2,277.6,277.2,261.25,23644.8,277.6,9900,1725,110,192925436.25,49,F1,75,,,,,
2024-12-31,2024-12-31,FO,NSE,IDO,57689,,NIFTY,,2025-02-27,2025-02-27,26150.0,CE,NIFTY25FEB26150CE,25.9,25.9,25.9,25.9,25.9,18.65,23644.8,26.2,375,75,1,1963192.5,1,F1,75,,,,,
2024-12-31,2024-12-31,FO,NSE,IDO,52665,,NIFTY,,2025-01-02,2025-01-02,26150.0,PE,NIFTY2510226150PE,0.0,0.0,0.0,2595.7,0.0,2595.7,23644.8,2495.55,0,0,0,0.0,0,F1,75,,,,,
2024-12-31,2024-12-31,FO,NSE,IDO,52898,,NIFTY,,2025-01-16,2025-01-16,26150.0,CE,NIFTY2511626150CE,1.65,3.0,1.65,2.6,2.6,84.35,23644.8,0.05,75,75,4,7845768.75,4,F1,75,,,,,
2024-12-31,2024-12-31,FO,NSE,IDO,46450,,NIFTY,,2025-01-30,2025-01-30,25150.0,CE,NIFTY25JAN25150CE,24.15,28.7,20.35,27.05,27.2,27.2,23644.8,27.05,38500,-6375,3543,2229784172.5,1425,F1,25,,,,,
2024-12-31,2024-12-31,FO,NSE,IDO,46456,,NIFTY,,2025-01-30,2025-01-30,25150.0,PE,NIFTY25JAN25150PE,0.0,0.0,0.0,840.6,840.6,840.6,23644.8,1397.05,10775,0,0,0.0,0,F1,25,,,,,
2024-12-31,2024-12-31,FO,NSE,IDO,56871,,NIFTY,,2025-03-27,2025-03-27,25150.0,PE,NIFTY25MAR25150PE,0.0,0.0,0.0,1346.45,0.0,1346.45,23644.8,1335.85,0,0,0,0.0,0,F1,75,,,,,
2024-12-31,2024-12-31,FO,NSE,IDO,52612,,NIFTY,,2025-01-02,2025-01-02,25150.0,PE,NIFTY2510225150PE,0.0,0.0,0.0,1258.0,1258.0,1258.0,23644.8,1495.9,300,0,0,0.0,0,F1,75,,,,,
2024-12-31,2024-12-31,FO,NSE,IDO,52476,,NIFTY,,2025-01-16,2025-01-16,22400.0,PE,NIFTY2511622400PE,28.0,32.1,18.35,21.05,23.75,17.0,23644.8,21.05,4725,1500,35,58861485.0,16,F1,75,,,,,
2024-12-31,2024-12-31,FO,NSE,IDO,57650,,NIFTY,,2025-02-27,2025-02-27,25150.0,PE,NIFTY25FEB25150PE,0.0,0.0,0.0,1090.0,1090.0,1090.0,23644.8,1357.35,75,0,0,0.0,0,F1,75,,,,,
2024-12-31,2024-12-31,FO,NSE,IDO,52475,,NIFTY,,2025-01-16,2025-01-16,22400.0,CE,NIFTY2511622400CE,0.0,0.0,0.0,2315.9,0.0,2315.9,23644.8,1316.3,0,0,0,0.0,0,F1,75,,,,,
2024-12-31,2024-12-31,FO,NSE,IDO,46991,,NIFTY,,2025-03-27,2025-03-27,22400.0,CE,NIFTY25MAR22400CE,0.0,0.0,0.0,1926.75,0.0,1926.75,23644.8,1707.95,0,0,0,0.0,0,F1,75,,,,,
2024-12-31,2024-12-31,FO,NSE,IDO,57602,,NIFTY,,2025-02-27,2025-02-27,24000.0,PE,NIFTY25FEB24000PE,600.0,651.0,525.6,547.25,540.0,537.0,23644.8,547.25,705300,8925,4131,7618222676.25,2550,F1,75,,,,,
2024-12-31,2024-12-31,FO,NSE,IDO,43215,,NIFTY,,2025-01-30,2025-01-30,22000.0,CE,NIFTY25JAN22000CE,1686.4,1871.85,1619.55,1814.4,1825.55,1823.35,23644.8,1814.4,962500,-6175,7248,4302514343.75,2724,F1,25,,,,,
2024-12-31,2024-12-31,FO,NSE,IDO,71556,,NIFTY,,2027-06-24,2027-06-24,22000.0,CE,NIFTY27JUN22000CE,0.0,0.0,0.0,2783.5,0.0,2783.5,23644.8,5325.65,0,0,0,0.0,0,F1,75,,,,,
2024-12-31,2024-12-31,FO,NSE,IDO,46343,,NIFTY,,2025-01-30,2025-01-30,24000.0,CE,NIFTY25JAN24000CE,232.75,314.85,211.0,287.9,294.0,286.1,23644.8,287.9,3867100,248600,145427,88194391327.5,52157,F1,25,,,,,
2024-12-31,2024-12-31,FO,NSE,IDO,58627,,NIFTY,,2026-06-25,2026-06-25,22000.0,PE,NIFTY26JUN22000PE,0.0,0.0,0.0,3829.5,0.0,3829.5,23644.8,271.7,0,0,0,0.0,0,F1,75,,,,,
2024-12-31,2024-12-31,FO,NSE,IDO,57636,,NIFTY,,2025-02-27,2025-02-27,24850.0,PE,NIFTY25FEB24850PE,0.0,0.0,0.0,1058.95,0.0,1058.95,23644.8,1118.4,0,0,0,0.0,0,F1,75,,,,,
2024-12-31,2024-12-31,FO,NSE,IDO,52839,,NIFTY,,2025-01-16,2025-01-16,24850.0,PE,NIFTY2511624850PE,0.0,0.0,0.0,560.4,0.0,560.4,23644.8,1145.85,0,0,0,0.0,0,F1,75,,,,,
2024-12-31,2024-12-31,FO,NSE,IDO,52598,,NIFTY,,2025-01-02,2025-01-02,24850.0,PE,NIFTY2510224850PE,0.0,0.0,0.0,960.5,960.5,960.5,23644.8,1196.0,3825,0,0,0.0,0,F1,75,,,,,
2024-12-31,2024-12-31,FO,NSE,IDO,48167,,NIFTY,,2025-01-09,2025-01-09,24850.0,CE,NIFTY2510924850CE,4.95,5.2,4.0,4.25,4.75,5.35,23644.8,4.25,105600,23250,4597,8569217508.75,2858,F1,75,,,,,
2024-12-31,2024-12-31,FO,NSE,IDO,55596,,NIFTY,,2025-02-27,2025-02-27,21900.0,PE,NIFTY25FEB21900PE,0.0,0.0,0.0,86.4,0.0,86.4,23644.8,26.95,0,0,0,0.0,0,F1,75,,,,,
2024-12-31,2024-12-31,FO,NSE,IDO,52584,,NIFTY,,2025-01-16,2025-01-16,23450.0,PE,NIFTY2511623450PE,213.0,246.75,157.25,169.55,167.75,152.65,23644.8,169.55,3975,1800,142,251786257.5,58,F1,75,,,,,
2024-12-31,2024-12-31,FO,NSE,IDO,48208,,NIFTY,,2025-01-09,2025-01-09,25750.0,PE,NIFTY2510925750PE,0.0,0.0,0.0,1053.0,0.0,1053.0,23644.8,2062.4,0,0,0,0.0,0,F1,75,,,,,
2024-12-31,2024-12-31,FO,NSE,IDO,35219,,NIFTY,,2025-06-26,2025-06-26,30000.0,CE,NIFTY25JUN30000CE,0.0,0.0,0.0,21.0,21.0,21.0,23644.8,12.7,150,0,0,0.0,0,F1,75,,,,,
2024-12-31,2024-12-31,FO,NSE,IDO,52568,,NIFTY,,2025-01-16,2025-01-16,23300.0,CE,NIFTY2511623300CE,502.0,612.75,429.9,580.0,576.65,720.15,23644.8,580.0,3600,3000,104,185921910.0,74,F1,75,,,,,
2024-12-31,2024-12-31,FO,NSE,IDO,51119,,NIFTY,,2025-03-27,2025-03-27,23300.0,PE,NIFTY25MAR23300PE,358.0,399.05,321.0,321.15,321.15,331.9,23644.8,321.15,4725,300,33,58535595.0,20,F1,75,,,,,
2024-12-31,2024-12-31,FO,NSE,IDO,55652,,NIFTY,,2025-02-27,2025-02-27,23300.0,PE,NIFTY25FEB23300PE,313.85,345.0,272.05,282.45,283.3,272.85,23644.8,282.45,107100,15000,1296,2294838941.25,1008,F1,75,,,,,
2024-12-31,2024-12-31,FO,NSE,IDO,54779,,NIFTY,,2025-01-23,2025-01-23,23050.0,PE,NIFTY2512323050PE,0.0,0.0,0.0,117.65,0.0,117.65,23644.8,82.9,0,0,0,0.0,0,F1,75,,,,,
2024-12-31,2024-12-31,FO,NSE,IDO,48065,,NIFTY,,2025-01-09,2025-01-09,23050.0,CE,NIFTY2510923050CE,0.0,0.0,0.0,1853.9,0.0,1853.9,23644.8,656.7,0,0,0,0.0,0,F1,75,,,,,
2024-12-31,2024-12-31,FO,NSE,IDO,48346,,NIFTY,,2025-03-27,2025-03-27,23050.0,PE,NIFTY25MAR23050PE,0.0,0.0,0.0,321.4,0.0,321.4,23644.8,243.75,0,0,0,0.0,0,F1,75,,,,,
2024-12-31,2024-12-31,FO,NSE,IDO,55642,,NIFTY,,2025-02-27,2025-02-27,23050.0,PE,NIFTY25FEB23050PE,246.35,246.35,220.1,220.1,220.1,207.55,23644.8,187.45,6525,75,4,6985357.5,4,F1,75,,,,,
2024-12-31,2024-12-31,FO,NSE,IDO,52506,,NIFTY,,2025-01-02,2025-01-02,23600.0,PE,NIFTY2510223600PE,105.15,205.6,81.1,94.35,86.7,92.25,23644.8,94.35,4758075,1927800,2297610,4088491765121.25,1346578,F1,75,,,,,
2024-12-31,2024-12-31,FO,NSE,IDO,54769,,NIFTY,,2025-01-23,2025-01-23,22800.0,PE,NIFTY2512322800PE,80.0,91.85,66.0,68.25,69.85,50.0,23644.8,68.25,6375,3975,81,138992726.25,27,F1,75,,,,,
2024-12-31,2024-12-31,FO,NSE,IDO,55622,,NIFTY,,2025-02-27,2025-02-27,22550.0,PE,NIFTY25FEB22550PE,0.0,0.0,0.0,105.75,105.75,105.75,23644.8,88.5,4800,0,0,0.0,0,F1,75,,,,,
2024-12-31,2024-12-31,FO,NSE,IDO,52426,,NIFTY,,2025-01-02,2025-01-02,22550.0,PE,NIFTY2510222550PE,2.2,4.25,2.0,3.5,3.4,2.05,23644.8,3.5,1084125,180000,131226,221968749303.75,49503,F1,75,,,,,
2024-12-31,2024-12-31,FO,NSE,IDO,43259,,NIFTY,,2025-01-30,2025-01-30,22800.0,CE,NIFTY25JAN22800CE,961.7,1092.75,931.0,1087.25,1092.75,1099.3,23644.8,1087.25,7450,825,152,90435405.0,81,F1,25,,,,,
2024-12-31,2024-12-31,FO,NSE,IDO,55632,,NIFTY,,2025-02-27,2025-02-27,22800.0,PE,NIFTY25FEB22800PE,181.95,201.1,157.15,165.95,164.65,158.8,23644.8,165.95,125025,11925,613,1056504202.5,354,F1,75,,,,,
2024-12-31,2024-12-31,FO,NSE,IDO,52481,,NIFTY,,2025-01-02,2025-01-02,23450.0,CE,NIFTY2510223450CE,235.0,341.9,148.6,293.7,305.0,292.2,23644.8,293.7,481725,422250,215362,382223744175.0,150327,F1,75,,,,,
2024-12-31,2024-12-31,FO,NSE,IDO,56737,,NIFTY,,2025-02-27,2025-02-27,23450.0,CE,NIFTY25FEB23450CE,0.0,0.0,0.0,1292.4,0.0,1292.4,23644.8,756.9,0,0,0,0.0,0,F1,75,,,,,
2024-12-31,2024-12-31,FO,NSE,IDO,48207,,NIFTY,,2025-01-09,2025-01-09,25750.0,CE,NIFTY2510925750CE,2.2,2.6,2.05,2.25,2.15,2.2,23644.8,2.25,7875,1275,170,328341592.5,79,F1,75,,,,,
2024-12-31,2024-12-31,FO,NSE,IDO,52438,,NIFTY,,2025-01-16,2025-01-16,22200.0,PE,NIFTY2511622200PE,13.6,18.3,12.25,13.55,13.5,11.75,23644.8,13.55,6975,4500,192,319886422.5,78,F1,75,,,,,
2024-12-31,2024-12-31,FO,NSE,IDO,43225,,NIFTY,,2025-01-30,2025-01-30,22200.0,CE,NIFTY25JAN22200CE,1540.0,1540.0,1540.0,1540.0,1540.0,1775.85,23644.8,1581.25,600,0,2,1187000.0,1,F1,25,,,,,
2024-12-31,2024-12-31,FO,NSE,IDO,46342,,NIFTY,,2025-01-30,2025-01-30,23950.0,PE,NIFTY25JAN23950PE,500.0,581.6,424.45,447.8,441.45,436.2,23644.8,447.8,106500,-8925,1785,1091000773.75,1076,F1,25,,,,,
2024-12-31,2024-12-31,FO,NSE,IDO,52680,,NIFTY,,2025-01-16,2025-01-16,23950.0,PE,NIFTY2511623950PE,470.0,522.9,361.6,386.3,391.35,363.95,23644.8,386.3,3975,-2100,222,406130527.5,108,F1,75,,,,,
2024-12-31,2024-12-31,FO,NSE,IDO,57599,,NIFTY,,2025-02-27,2025-02-27,23950.0,CE,NIFTY25FEB23950CE,450.0,535.25,450.0,534.55,535.25,539.85,23644.8,534.55,4800,-600,29,53189463.75,19,F1,75,,,,,
2024-12-31,2024-12-31,FO,NSE,IDO,57589,,NIFTY,,2025-02-27,2025-02-27,23700.0,CE,NIFTY25FEB23700CE,607.0,702.85,559.75,673.15,678.65,670.8,23644.8,673.15,29250,3375,511,932472225.0,326,F1,75,,,,,
2024-12-31,2024-12-31,FO,NSE,IDO,48102,,NIFTY,,2025-01-09,2025-01-09,23700.0,CE,NIFTY2510923700CE,185.85,272.0,143.6,239.75,246.0,233.5,23644.8,239.75,1277100,972975,72887,130681006308.75,38007,F1,75,,,,,
2024-12-31,2024-12-31,FO,NSE,IDO,57590,,NIFTY,,2025-02-27,2025-02-27,23700.0,PE,NIFTY25FEB23700PE,463.95,500.95,405.9,420.15,415.55,412.8,23644.8,420.15,61575,7050,693,1255353360.0,461,F1,75,,,,,
2024-12-31,2024-12-31,FO,NSE,IDO,46273,,NIFTY,,2025-01-30,2025-01-30,23700.0,CE,NIFTY25JAN23700CE,400.0,475.95,334.15,441.35,450.0,442.8,23644.8,441.35,1074050,397725,66953,40340294260.0,25776,F1,25,,,,,
2024-12-31,2024-12-31,FO,NSE,IDO,52664,,NIFTY,,2025-01-02,2025-01-02,26150.0,CE,NIFTY2510226150CE,1.15,1.25,0.75,0.9,0.8,0.9,23644.8,0.9,274725,115875,9203,18050114145.0,3168,F1,75,,,,,
2024-12-31,2024-12-31,FO,NSE,IDO,52657,,NIFTY,,2025-01-02,2025-01-02,26100.0,CE,NIFTY2510226100CE,0.95,1.25,0.75,0.9,0.8,0.95,23644.8,0.9,1555575,57975,38058,74501470770.0,7979,F1,75,,,,,
2024-12-31,2024-12-31,FO,NSE,IDO,52896,,NIFTY,,2025-01-16,2025-01-16,26100.0,CE,NIFTY2511626100CE,1.8,3.55,1.8,3.0,3.0,2.6,23644.8,0.05,375,150,18,35238997.5,17,F1,75,,,,,
2024-12-31,2024-12-31,FO,NSE,IDO,48140,,NIFTY,,2025-01-09,2025-01-09,24300.0,PE,NIFTY2510924300PE,730.0,800.0,569.6,607.4,600.0,610.1,23644.8,607.4,40125,5475,197,368781761.25,124,F1,75,,,,,
2024-12-31,2024-12-31,FO,NSE,IDO,48139,,NIFTY,,2025-01-09,2025-01-09,24300.0,CE,NIFTY2510924300CE,30.0,42.75,19.9,35.9,38.0,35.55,23644.8,35.9,790875,192750,38420,70107882798.75,20872,F1,75,,,,,
2024-12-31,2024-12-31,FO,NSE,IDO,56875,,NIFTY,,2025-03-27,2025-03-27,25250.0,PE,NIFTY25MAR25250PE,0.0,0.0,0.0,1415.9,0.0,1415.9,23644.8,1412.3,0,0,0,0.0,0,F1,75,,,,,
2024-12-31,2024-12-31,FO,NSE,IDO,57702,,NIFTY,,2025-02-27,2025-02-27,26300.0,CE,NIFTY25FEB26300CE,18.5,21.95,18.5,21.75,21.2,21.25,23644.8,21.75,17250,7425,277,546784687.5,99,F1,75,,,,,
2024-12-31,2024-12-31,FO,NSE,IDO,52591,,NIFTY,,2025-01-02,2025-01-02,24700.0,PE,NIFTY2510224700PE,1100.0,1198.25,965.0,1011.5,1004.65,989.15,23644.8,1011.5,57000,-9375,223,431363062.5,128,F1,75,,,,,
2024-12-31,2024-12-31,FO,NSE,IDO,52826,,NIFTY,,2025-01-16,2025-01-16,24700.0,CE,NIFTY2511624700CE,23.0,26.05,16.4,23.7,24.7,24.8,23644.8,23.7,54675,15675,951,1763219685.0,509,F1,75,,,,,
2024-12-31,2024-12-31,FO,NSE,IDO,52894,,NIFTY,,2025-01-16,2025-01-16,26050.0,CE,NIFTY2511626050CE,3.25,3.25,3.25,3.25,3.25,3.25,23644.8,0.1,150,75,1,1953993.75,1,F1,75,,,,,
2024-12-31,2024-12-31,FO,NSE,IDO,86145,,NIFTY,,2028-06-29,2028-06-29,21000.0,CE,NIFTY28JUN21000CE,0.0,0.0,0.0,5226.55,0.0,5226.55,23644.8,7240.3,0,0,0,0.0,0,F1,75,,,,,
2024-12-31,2024-12-31,FO,NSE,IDO,57685,,NIFTY,,2025-02-27,2025-02-27,26050.0,CE,NIFTY25FEB26050CE,0.0,0.0,0.0,38.0,38.0,38.0,23644.8,31.0,1725,0,0,0.0,0,F1,75,,,,,
