TradDt,BizDt,Sgmt,Src,FinInstrmTp,FinInstrmId,ISIN,TckrSymb,SctySrs,XpryDt,FininstrmActlXpryDt,StrkPric,OptnTp,FinInstrmNm,OpnPric,HghPric,LwPric,ClsPric,LastPric,PrvsClsgPric,UndrlygPric,SttlmPric,OpnIntrst,ChngInOpnIntrst,TtlTradgVol,TtlTrfVal,TtlNbOfTxsExctd,SsnId,NewBrdLotQty,Rmks,Rsvd1,Rsvd2,Rsvd3,Rsvd4
2024-12-27,2024-12-27,FO,NSE,IDO,52687,,NIFTY,,2025-01-02,2025-01-02,26400.0,PE,NIFTY2510226400PE,0.0,0.0,0.0,2838.3,0.0,2838.3,23813.4,2557.3,0,0,0,0.0,0,F1,75,,,,,
2024-12-27,2024-12-27,FO,NSE,IDO,52909,,NIFTY,,2025-01-16,2025-01-16,26400.0,PE,NIFTY2511626400PE,0.0,0.0,0.0,1724.85,0.0,1724.85,23813.4,2489.35,0,0,0,0.0,0,F1,75,,,,,
2024-12-27,2024-12-27,FO,NSE,IDO,48238,,NIFTY,,2025-01-09,2025-01-09,26400.0,CE,NIFTY2510926400CE,3.0,3.0,2.05,2.2,2.15,3.05,23813.4,2.2,9450,1350,129,255441926.25,66,F1,75,,,,,
2024-12-27,2024-12-27,FO,NSE,IDO,48240,,NIFTY,,2025-01-09,2025-01-09,26400.0,PE,NIFTY2510926400PE,0.0,0.0,0.0,1585.3,0.0,1585.3,23813.4,2523.2,0,0,0,0.0,0,F1,75,,,,,
2024-12-27,2024-12-27,FO,NSE,IDO,57709,,NIFTY,,2025-02-27,2025-02-27,26400.0,PE,NIFTY25FEB26400PE,0.0,0.0,0.0,1420.0,1420.0,1420.0,23813.4,2315.1,150,0,0,0.0,0,F1,75,,,,,
2024-12-27,2024-12-27,FO,NSE,IDO,57708,,NIFTY,,2025-02-27,2025-02-27,26400.0,CE,NIFTY25FEB26400CE,23.0,25.1,19.95,20.15,20.25,22.6,23813.4,20.15,10575,1575,148,293282167.5,70,F1,75,,,,,
2024-12-27,2024-12-27,FO,NSE,IDO,46626,,NIFTY,,2025-01-30,2025-01-30,26400.0,CE,NIFTY25JAN26400CE,6.4,6.65,5.2,5.4,5.25,6.4,23813.4,5.4,143925,47000,5727,3780632313.75,1276,F1,25,,,,,
2024-12-27,2024-12-27,FO,NSE,IDO,52414,,NIFTY,,2025-01-02,2025-01-02,22400.0,PE,NIFTY2510222400PE,3.65,3.75,2.15,2.7,2.75,3.55,23813.4,2.7,1728150,1180350,125410,210714999000.0,39482,F1,75,,,,,
2024-12-27,2024-12-27,FO,NSE,IDO,55615,,NIFTY,,2025-02-27,2025-02-27,22400.0,CE,NIFTY25FEB22400CE,0.0,0.0,0.0,2070.15,0.0,2070.15,23813.4,1727.2,0,0,0,0.0,0,F1,75,,,,,
2024-12-27,2024-12-27,FO,NSE,IDO,55616,,NIFTY,,2025-02-27,2025-02-27,22400.0,PE,NIFTY25FEB22400PE,101.95,101.95,75.1,83.5,82.05,100.35,23813.4,83.5,112350,8325,606,1021806877.5,288,F1,75,,,,,
2024-12-27,2024-12-27,FO,NSE,IDO,48038,,NIFTY,,2025-01-09,2025-01-09,22400.0,PE,NIFTY2510922400PE,9.55,10.95,5.65,6.55,6.0,10.8,23813.4,6.55,82875,59175,2622,4406348066.25,1576,F1,75,,,,,
2024-12-27,2024-12-27,FO,NSE,IDO,52609,,NIFTY,,2025-01-02,2025-01-02,25150.0,CE,NIFTY2510225150CE,2.1,2.35,1.1,1.3,1.35,2.05,23813.4,1.3,251925,193650,36455,68767405766.25,13439,F1,75,,,,,
2024-12-27,2024-12-27,FO,NSE,IDO,52862,,NIFTY,,2025-01-16,2025-01-16,25300.0,CE,NIFTY2511625300CE,9.7,10.85,7.75,8.05,7.95,9.65,23813.4,8.05,16500,9975,291,552366232.5,133,F1,75,,,,,
2024-12-27,2024-12-27,FO,NSE,IDO,46461,,NIFTY,,2025-01-30,2025-01-30,25300.0,CE,NIFTY25JAN25300CE,31.0,36.7,25.55,26.6,27.1,30.85,23813.4,26.6,243650,25925,16817,10649340465.0,5537,F1,25,,,,,
2024-12-27,2024-12-27,FO,NSE,IDO,52619,,NIFTY,,2025-01-02,2025-01-02,25300.0,PE,NIFTY2510225300PE,0.0,0.0,0.0,1485.25,1483.05,1485.25,23813.4,1458.6,9675,0,0,0.0,0,F1,75,,,,,
2024-12-27,2024-12-27,FO,NSE,IDO,46462,,NIFTY,,2025-01-30,2025-01-30,25300.0,PE,NIFTY25JAN25300PE,1330.0,1332.45,1201.1,1305.0,1305.0,1386.7,23813.4,1305.0,27425,300,30,19922857.5,19,F1,25,,,,,
2024-12-27,2024-12-27,FO,NSE,IDO,54780,,NIFTY,,2025-01-23,2025-01-23,23100.0,CE,NIFTY2512323100CE,0.0,0.0,0.0,1140.2,0.0,1140.2,23813.4,906.0,0,0,0,0.0,0,F1,75,,,,,
2024-12-27,2024-12-27,FO,NSE,IDO,43286,,NIFTY,,2025-01-30,2025-01-30,23100.0,PE,NIFTY25JAN23100PE,135.0,135.0,91.7,107.0,104.35,138.8,23813.4,107.0,418800,80750,22144,12844790715.0,6753,F1,25,,,,,
2024-12-27,2024-12-27,FO,NSE,IDO,57598,,NIFTY,,2025-02-27,2025-02-27,23900.0,PE,NIFTY25FEB23900PE,442.15,442.5,382.3,420.85,420.7,475.2,23813.4,420.85,34650,3525,591,1077273648.75,388,F1,75,,,,,
2024-12-27,2024-12-27,FO,NSE,IDO,52529,,NIFTY,,2025-01-02,2025-01-02,23900.0,PE,NIFTY2510223900PE,207.1,210.2,115.3,154.5,147.2,228.65,23813.4,154.5,2930625,1268025,1191573,2149029124563.75,702682,F1,75,,,,,
2024-12-27,2024-12-27,FO,NSE,IDO,52678,,NIFTY,,2025-01-16,2025-01-16,23900.0,PE,NIFTY2511623900PE,291.65,307.85,224.3,265.7,258.35,326.1,23813.4,265.7,14625,12150,492,891319683.75,338,F1,75,,,,,
2024-12-27,2024-12-27,FO,NSE,IDO,55000,,NIFTY,,2025-01-23,2025-01-23,23900.0,PE,NIFTY2512323900PE,346.2,349.1,260.05,307.45,303.05,357.0,23813.4,307.45,3375,2625,526,954136323.75,221,F1,75,,,,,
2024-12-27,2024-12-27,FO,NSE,IDO,52527,,NIFTY,,2025-01-02,2025-01-02,23900.0,CE,NIFTY2510223900CE,147.6,208.0,115.25,123.75,130.1,137.85,23813.4,123.75,4215375,1819050,1144073,2064467306887.5,708688,F1,75,,,,,
2024-12-27,2024-12-27,FO,NSE,IDO,48111,,NIFTY,,2025-01-09,2025-01-09,23900.0,PE,NIFTY2510923900PE,244.65,259.6,175.0,215.45,212.0,285.1,23813.4,215.45,330150,191325,20497,37055627767.5,11511,F1,75,,,,,
2024-12-27,2024-12-27,FO,NSE,IDO,54721,,NIFTY,,2025-03-27,2025-03-27,23900.0,CE,NIFTY25MAR23900CE,882.0,882.0,882.0,882.0,882.0,914.15,23813.4,801.3,75,75,1,1858650.0,1,F1,75,,,,,
2024-12-27,2024-12-27,FO,NSE,IDO,48110,,NIFTY,,2025-01-09,2025-01-09,23900.0,CE,NIFTY2510923900CE,248.8,304.65,211.35,219.75,225.0,225.5,23813.4,219.75,286875,121575,19478,35285327760.0,11540,F1,75,,,,,
2024-12-27,2024-12-27,FO,NSE,IDO,46340,,NIFTY,,2025-01-30,2025-01-30,23900.0,PE,NIFTY25JAN23900PE,384.1,384.1,282.0,334.0,332.0,390.95,23813.4,334.0,1498650,106050,70509,42686449755.0,24399,F1,25,,,,,
2024-12-27,2024-12-27,FO,NSE,IDO,54999,,NIFTY,,2025-01-23,2025-01-23,23900.0,CE,NIFTY2512323900CE,378.85,449.05,360.8,366.6,370.0,359.05,23813.4,366.6,2550,1275,139,253470896.25,88,F1,75,,,,,
2024-12-27,2024-12-27,FO,NSE,IDO,46334,,NIFTY,,2025-01-30,2025-01-30,23900.0,CE,NIFTY25JAN23900CE,445.2,508.8,411.9,422.4,429.95,411.2,23813.4,422.4,1044150,73650,51860,31587525843.75,20205,F1,25,,,,,
2024-12-27,2024-12-27,FO,NSE,IDO,54722,,NIFTY,,2025-03-27,2025-03-27,23900.0,PE,NIFTY25MAR23900PE,0.0,0.0,0.0,632.3,0.0,632.3,23813.4,493.4,0,0,0,0.0,0,F1,75,,,,,
2024-12-27,2024-12-27,FO,NSE,IDO,52677,,NIFTY,,2025-01-16,2025-01-16,23900.0,CE,NIFTY2511623900CE,321.2,382.8,292.0,298.35,301.3,295.3,23813.4,298.35,18900,8100,561,1019351497.5,319,F1,75,,,,,
2024-12-27,2024-12-27,FO,NSE,IDO,46590,,NIFTY,,2025-01-30,2025-01-30,26150.0,CE,NIFTY25JAN26150CE,9.35,14.95,7.0,7.25,7.45,8.45,23813.4,7.25,15475,4200,638,417227478.75,149,F1,25,,,,,
2024-12-27,2024-12-27,FO,NSE,IDO,48146,,NIFTY,,2025-01-09,2025-01-09,24450.0,PE,NIFTY2510924450PE,605.0,605.0,484.75,540.1,540.1,650.0,23813.4,635.75,1650,1350,21,39304961.25,21,F1,75,,,,,
2024-12-27,2024-12-27,FO,NSE,IDO,55033,,NIFTY,,2025-01-23,2025-01-23,24450.0,CE,NIFTY2512324450CE,151.6,151.6,121.6,133.75,121.6,174.75,23813.4,133.75,1425,-75,4,7376460.0,4,F1,75,,,,,
2024-12-27,2024-12-27,FO,NSE,IDO,46368,,NIFTY,,2025-01-30,2025-01-30,24450.0,CE,NIFTY25JAN24450CE,190.7,226.45,171.25,176.95,179.55,175.4,23813.4,176.95,56625,950,2711,1670400470.0,959,F1,25,,,,,
2024-12-27,2024-12-27,FO,NSE,IDO,55034,,NIFTY,,2025-01-23,2025-01-23,24450.0,PE,NIFTY2512324450PE,0.0,0.0,0.0,664.6,0.0,664.6,23813.4,669.55,0,0,0,0.0,0,F1,75,,,,,
2024-12-27,2024-12-27,FO,NSE,IDO,55341,,NIFTY,,2025-03-27,2025-03-27,24450.0,CE,NIFTY25MAR24450CE,0.0,0.0,0.0,651.35,0.0,651.35,23813.4,533.0,0,0,0,0.0,0,F1,75,,,,,
2024-12-27,2024-12-27,FO,NSE,IDO,52569,,NIFTY,,2025-01-02,2025-01-02,24450.0,CE,NIFTY2510224450CE,12.5,17.55,5.2,5.8,5.8,12.4,23813.4,5.8,1145025,708000,291265,534346207935.0,88407,F1,75,,,,,
2024-12-27,2024-12-27,FO,NSE,IDO,52911,,NIFTY,,2025-01-16,2025-01-16,26450.0,PE,NIFTY2511626450PE,0.0,0.0,0.0,1770.1,0.0,1770.1,23813.4,2539.1,0,0,0,0.0,0,F1,75,,,,,
2024-12-27,2024-12-27,FO,NSE,IDO,52910,,NIFTY,,2025-01-16,2025-01-16,26450.0,CE,NIFTY2511626450CE,0.0,0.0,0.0,53.05,0.0,53.05,23813.4,0.15,0,0,0,0.0,0,F1,75,,,,,
2024-12-27,2024-12-27,FO,NSE,IDO,52688,,NIFTY,,2025-01-02,2025-01-02,26450.0,CE,NIFTY2510226450CE,1.3,1.65,0.8,0.9,0.85,1.65,23813.4,0.9,477075,330300,35808,71036923961.25,5254,F1,75,,,,,
2024-12-27,2024-12-27,FO,NSE,IDO,52690,,NIFTY,,2025-01-02,2025-01-02,26450.0,PE,NIFTY2510226450PE,0.0,0.0,0.0,2887.1,0.0,2887.1,23813.4,2607.25,0,0,0,0.0,0,F1,75,,,,,
2024-12-27,2024-12-27,FO,NSE,IDO,57711,,NIFTY,,2025-02-27,2025-02-27,26450.0,PE,NIFTY25FEB26450PE,0.0,0.0,0.0,2297.0,2297.0,2297.0,23813.4,2362.25,0,0,0,0.0,0,F1,75,,,,,
2024-12-27,2024-12-27,FO,NSE,IDO,48247,,NIFTY,,2025-01-09,2025-01-09,26450.0,PE,NIFTY2510926450PE,0.0,0.0,0.0,1629.35,0.0,1629.35,23813.4,2573.1,0,0,0,0.0,0,F1,75,,,,,
2024-12-27,2024-12-27,FO,NSE,IDO,57710,,NIFTY,,2025-02-27,2025-02-27,26450.0,CE,NIFTY25FEB26450CE,24.95,26.1,17.3,18.9,18.95,22.5,23813.4,18.9,6675,2025,150,297796428.75,74,F1,75,,,,,
2024-12-27,2024-12-27,FO,NSE,IDO,48241,,NIFTY,,2025-01-09,2025-01-09,26450.0,CE,NIFTY2510926450CE,2.65,2.7,2.05,2.1,2.1,2.95,23813.4,2.1,14100,300,126,249974906.25,55,F1,75,,,,,
2024-12-27,2024-12-27,FO,NSE,IDO,47844,,NIFTY,,2025-01-30,2025-01-30,26450.0,PE,NIFTY25JAN26450PE,0.0,0.0,0.0,2461.25,2461.25,2461.25,23813.4,2473.75,50,0,0,0.0,0,F1,25,,,,,
2024-12-27,2024-12-27,FO,NSE,IDO,47843,,NIFTY,,2025-01-30,2025-01-30,26450.0,CE,NIFTY25JAN26450CE,6.6,6.6,4.9,5.35,5.1,6.0,23813.4,5.35,93025,950,2636,1743419495.0,391,F1,25,,,,,
2024-12-27,2024-12-27,FO,NSE,IDO,55610,,NIFTY,,2025-02-27,2025-02-27,22250.0,PE,NIFTY25FEB22250PE,0.0,0.0,0.0,129.25,0.0,129.25,23813.4,44.85,0,0,0,0.0,0,F1,75,,,,,
2024-12-27,2024-12-27,FO,NSE,IDO,64564,,NIFTY,,2025-03-27,2025-03-27,23000.0,CE,NIFTY25MAR23000CE,1488.95,1579.05,1446.85,1462.05,1476.8,1434.95,23813.4,1462.05,337250,150,419,770092841.25,295,F1,75,,,,,
2024-12-27,2024-12-27,FO,NSE,IDO,43271,,NIFTY,,2025-01-30,2025-01-30,23000.0,CE,NIFTY25JAN23000CE,1050.0,1190.3,1050.0,1063.8,1077.7,1031.5,23813.4,1063.8,832575,72925,8610,5190522310.0,2883,F1,25,,,,,
2024-12-27,2024-12-27,FO,NSE,IDO,51473,,NIFTY,,2025-03-27,2025-03-27,23600.0,CE,NIFTY25MAR23600CE,0.0,0.0,0.0,1082.9,0.0,1082.9,23813.4,978.25,0,0,0,0.0,0,F1,75,,,,,
2024-12-27,2024-12-27,FO,NSE,IDO,57586,,NIFTY,,2025-02-27,2025-02-27,23600.0,PE,NIFTY25FEB23600PE,334.35,342.75,285.0,315.45,314.95,360.35,23813.4,315.45,54675,975,497,891254527.5,395,F1,75,,,,,
2024-12-27,2024-12-27,FO,NSE,IDO,52624,,NIFTY,,2025-01-16,2025-01-16,23600.0,PE,NIFTY2511623600PE,183.45,191.6,132.8,157.3,152.85,202.05,23813.4,157.3,13650,4500,281,500640675.0,192,F1,75,,,,,
2024-12-27,2024-12-27,FO,NSE,IDO,46269,,NIFTY,,2025-01-30,2025-01-30,23600.0,CE,NIFTY25JAN23600CE,616.05,710.6,596.0,611.65,618.45,589.05,23813.4,611.65,183500,16725,7292,4421269216.25,3240,F1,25,,,,,
2024-12-27,2024-12-27,FO,NSE,IDO,51474,,NIFTY,,2025-03-27,2025-03-27,23600.0,PE,NIFTY25MAR23600PE,0.0,0.0,0.0,506.5,0.0,506.5,23813.4,375.3,0,0,0,0.0,0,F1,75,,,,,
2024-12-27,2024-12-27,FO,NSE,IDO,48099,,NIFTY,,2025-01-09,2025-01-09,23600.0,PE,NIFTY2510923600PE,148.35,148.35,89.65,109.2,107.25,160.55,23813.4,109.2,201825,118350,10651,18938307727.5,6411,F1,75,,,,,
2024-12-27,2024-12-27,FO,NSE,IDO,46270,,NIFTY,,2025-01-30,2025-01-30,23600.0,PE,NIFTY25JAN23600PE,250.3,255.6,188.25,222.35,216.5,270.5,23813.4,222.35,661025,96025,24362,14503115905.0,8335,F1,25,,,,,
2024-12-27,2024-12-27,FO,NSE,IDO,48098,,NIFTY,,2025-01-09,2025-01-09,23600.0,CE,NIFTY2510923600CE,445.55,512.0,399.4,415.1,419.1,399.9,23813.4,415.1,61575,-4350,1325,2389001962.5,798,F1,75,,,,,
2024-12-27,2024-12-27,FO,NSE,IDO,54985,,NIFTY,,2025-01-23,2025-01-23,23600.0,CE,NIFTY2512323600CE,655.95,655.95,626.55,626.55,626.55,776.9,23813.4,538.2,75,75,2,3636187.5,2,F1,75,,,,,
2024-12-27,2024-12-27,FO,NSE,IDO,55621,,NIFTY,,2025-02-27,2025-02-27,22550.0,CE,NIFTY25FEB22550CE,0.0,0.0,0.0,1948.6,0.0,1948.6,23813.4,1595.65,0,0,0,0.0,0,F1,75,,,,,
2024-12-27,2024-12-27,FO,NSE,IDO,48056,,NIFTY,,2025-01-09,2025-01-09,22800.0,PE,NIFTY2510922800PE,23.65,24.55,13.6,15.1,14.7,26.3,23813.4,15.1,225000,163725,8582,14685209343.75,5076,F1,75,,,,,
2024-12-27,2024-12-27,FO,NSE,IDO,52425,,NIFTY,,2025-01-02,2025-01-02,22550.0,CE,NIFTY2510222550CE,1340.0,1360.0,1340.0,1360.0,1360.0,1250.0,23813.4,1288.5,300,75,2,3585000.0,2,F1,75,,,,,
2024-12-27,2024-12-27,FO,NSE,IDO,55631,,NIFTY,,2025-02-27,2025-02-27,22800.0,CE,NIFTY25FEB22800CE,0.0,0.0,0.0,1753.15,0.0,1753.15,23813.4,1384.7,0,0,0,0.0,0,F1,75,,,,,
2024-12-27,2024-12-27,FO,NSE,IDO,54754,,NIFTY,,2025-01-23,2025-01-23,22550.0,CE,NIFTY2512322550CE,0.0,0.0,0.0,1607.8,0.0,1607.8,23813.4,1394.9,0,0,0,0.0,0,F1,75,,,,,
2024-12-27,2024-12-27,FO,NSE,IDO,48055,,NIFTY,,2025-01-09,2025-01-09,22800.0,CE,NIFTY2510922800CE,0.0,0.0,0.0,2088.1,0.0,2088.1,23813.4,1076.8,0,0,0,0.0,0,F1,75,,,,,
2024-12-27,2024-12-27,FO,NSE,IDO,43246,,NIFTY,,2025-01-30,2025-01-30,22550.0,PE,NIFTY25JAN22550PE,60.3,60.3,41.7,44.35,44.75,62.5,23813.4,44.35,6050,1100,703,397102767.5,170,F1,25,,,,,
2024-12-27,2024-12-27,FO,NSE,IDO,48044,,NIFTY,,2025-01-09,2025-01-09,22550.0,PE,NIFTY2510922550PE,10.3,12.05,8.55,9.0,8.55,15.05,23813.4,9.0,19800,3675,481,813849843.75,241,F1,75,,,,,
2024-12-27,2024-12-27,FO,NSE,IDO,54768,,NIFTY,,2025-01-23,2025-01-23,22800.0,CE,NIFTY2512322800CE,0.0,0.0,0.0,1388.05,0.0,1388.05,23813.4,1164.8,0,0,0,0.0,0,F1,75,,,,,
2024-12-27,2024-12-27,FO,NSE,IDO,52485,,NIFTY,,2025-01-16,2025-01-16,22550.0,CE,NIFTY2511622550CE,0.0,0.0,0.0,2171.55,0.0,2171.55,23813.4,1356.3,0,0,0,0.0,0,F1,75,,,,,
2024-12-27,2024-12-27,FO,NSE,IDO,47015,,NIFTY,,2025-03-27,2025-03-27,22550.0,PE,NIFTY25MAR22550PE,0.0,0.0,0.0,200.6,0.0,200.6,23813.4,115.6,0,0,0,0.0,0,F1,75,,,,,
2024-12-27,2024-12-27,FO,NSE,IDO,52444,,NIFTY,,2025-01-02,2025-01-02,22800.0,PE,NIFTY2510222800PE,6.4,7.6,3.2,3.75,3.3,8.0,23813.4,3.75,2053725,508725,146561,250670791046.25,45533,F1,75,,,,,
2024-12-27,2024-12-27,FO,NSE,IDO,48043,,NIFTY,,2025-01-09,2025-01-09,22550.0,CE,NIFTY2510922550CE,0.0,0.0,0.0,2327.45,0.0,2327.45,23813.4,1320.25,0,0,0,0.0,0,F1,75,,,,,
2024-12-27,2024-12-27,FO,NSE,IDO,43245,,NIFTY,,2025-01-30,2025-01-30,22550.0,CE,NIFTY25JAN22550CE,0.0,0.0,0.0,1399.25,1399.25,1399.25,23813.4,1434.8,200,0,0,0.0,0,F1,25,,,,,
2024-12-27,2024-12-27,FO,NSE,IDO,52486,,NIFTY,,2025-01-16,2025-01-16,22550.0,PE,NIFTY2511622550PE,0.0,0.0,0.0,15.8,0.0,15.8,23813.4,9.65,0,0,0,0.0,0,F1,75,,,,,
2024-12-27,2024-12-27,FO,NSE,IDO,47014,,NIFTY,,2025-03-27,2025-03-27,22550.0,CE,NIFTY25MAR22550CE,0.0,0.0,0.0,1808.05,0.0,1808.05,23813.4,1751.2,0,0,0,0.0,0,F1,75,,,,,
2024-12-27,2024-12-27,FO,NSE,IDO,52507,,NIFTY,,2025-01-16,2025-01-16,22800.0,PE,NIFTY2511622800PE,43.7,43.7,28.0,32.1,29.6,47.35,23813.4,32.1,34650,13875,432,739742235.0,132,F1,75,,,,,
2024-12-27,2024-12-27,FO,NSE,IDO,54690,,NIFTY,,2025-01-23,2025-01-23,21900.0,CE,NIFTY2512321900CE,0.0,0.0,0.0,2216.5,0.0,2216.5,23813.4,2024.7,0,0,0,0.0,0,F1,75,,,,,
2024-12-27,2024-12-27,FO,NSE,IDO,52400,,NIFTY,,2025-01-02,2025-01-02,22250.0,PE,NIFTY2510222250PE,2.15,3.05,1.9,2.35,2.35,2.85,23813.4,2.35,291075,227325,24065,40162694040.0,11459,F1,75,,,,,
2024-12-27,2024-12-27,FO,NSE,IDO,43234,,NIFTY,,2025-01-30,2025-01-30,22250.0,PE,NIFTY25JAN22250PE,38.0,42.7,27.05,28.15,28.65,40.2,23813.4,28.15,25700,6650,1071,596534596.25,354,F1,25,,,,,
2024-12-27,2024-12-27,FO,NSE,IDO,52501,,NIFTY,,2025-01-02,2025-01-02,23550.0,PE,NIFTY2510223550PE,84.15,84.15,33.5,41.95,39.7,88.9,23813.4,41.95,971625,485775,243334,430617216630.0,111916,F1,75,,,,,
2024-12-27,2024-12-27,FO,NSE,IDO,86150,,NIFTY,,2028-06-29,2028-06-29,23000.0,PE,NIFTY28JUN23000PE,0.0,0.0,0.0,1399.25,0.0,1399.25,23813.4,383.2,0,0,0,0.0,0,F1,75,,,,,
2024-12-27,2024-12-27,FO,NSE,IDO,37805,,NIFTY,,2026-06-25,2026-06-25,23000.0,PE,NIFTY26JUN23000PE,460.05,550.0,460.05,550.0,550.0,555.05,23813.4,428.6,5325,300,8,14119740.0,8,F1,75,,,,,
2024-12-27,2024-12-27,FO,NSE,IDO,71559,,NIFTY,,2027-06-24,2027-06-24,23000.0,PE,NIFTY27JUN23000PE,0.0,0.0,0.0,4514.3,0.0,4514.3,23813.4,421.85,0,0,0,0.0,0,F1,75,,,,,
2024-12-27,2024-12-27,FO,NSE,IDO,52452,,NIFTY,,2025-01-02,2025-01-02,23000.0,PE,NIFTY2510223000PE,14.8,14.95,4.8,5.6,5.55,15.1,23813.4,5.6,4109775,1366050,435186,750937957102.5,116492,F1,75,,,,,
2024-12-27,2024-12-27,FO,NSE,IDO,89628,,NIFTY,,2029-06-28,2029-06-28,23000.0,CE,NIFTY29JUN23000CE,0.0,0.0,0.0,8636.0,0.0,8636.0,23813.4,7180.9,0,0,0,0.0,0,F1,75,,,,,
2024-12-27,2024-12-27,FO,NSE,IDO,55037,,NIFTY,,2025-01-23,2025-01-23,24550.0,CE,NIFTY2512324550CE,110.0,110.0,110.0,110.0,110.0,134.3,23813.4,129.15,450,75,1,1849500.0,1,F1,75,,,,,
2024-12-27,2024-12-27,FO,NSE,IDO,71558,,NIFTY,,2027-06-24,2027-06-24,23000.0,CE,NIFTY27JUN23000CE,0.0,0.0,0.0,2530.05,0.0,2530.05,23813.4,4794.1,0,0,0,0.0,0,F1,75,,,,,
2024-12-27,2024-12-27,FO,NSE,IDO,52578,,NIFTY,,2025-01-02,2025-01-02,24550.0,CE,NIFTY2510224550CE,8.0,10.5,3.1,3.75,3.6,7.65,23813.4,3.75,1996200,1564050,342418,630637035851.25,87657,F1,75,,,,,
2024-12-27,2024-12-27,FO,NSE,IDO,52579,,NIFTY,,2025-01-02,2025-01-02,24550.0,PE,NIFTY2510224550PE,691.7,705.0,590.0,687.55,673.05,743.85,23813.4,687.55,17025,-975,64,121054777.5,46,F1,75,,,,,
2024-12-27,2024-12-27,FO,NSE,IDO,54777,,NIFTY,,2025-01-23,2025-01-23,23000.0,PE,NIFTY2512323000PE,93.65,93.7,60.95,72.95,71.1,98.25,23813.4,72.95,22425,8775,391,676521525.0,242,F1,75,,,,,
2024-12-27,2024-12-27,FO,NSE,IDO,48063,,NIFTY,,2025-01-09,2025-01-09,23000.0,CE,NIFTY2510923000CE,943.35,1036.0,909.15,921.4,933.0,876.35,23813.4,921.4,18300,600,200,359580843.75,91,F1,75,,,,,
2024-12-27,2024-12-27,FO,NSE,IDO,55640,,NIFTY,,2025-02-27,2025-02-27,23000.0,PE,NIFTY25FEB23000PE,189.05,190.95,154.1,168.8,168.45,199.3,23813.4,168.8,966825,100575,6485,11266376921.25,3718,F1,75,,,,,
2024-12-27,2024-12-27,FO,NSE,IDO,48154,,NIFTY,,2025-01-09,2025-01-09,24550.0,PE,NIFTY2510924550PE,680.75,680.75,565.45,672.25,659.95,730.0,23813.4,672.25,1725,975,33,62367716.25,21,F1,75,,,,,
2024-12-27,2024-12-27,FO,NSE,IDO,64565,,NIFTY,,2025-03-27,2025-03-27,23000.0,PE,NIFTY25MAR23000PE,240.05,242.95,203.2,217.85,216.0,247.5,23813.4,217.85,1560000,39300,3760,6546226653.75,2033,F1,75,,,,,
2024-12-27,2024-12-27,FO,NSE,IDO,54984,,NIFTY,,2025-01-23,2025-01-23,23550.0,PE,NIFTY2512323550PE,201.65,201.65,168.45,168.9,168.9,213.1,23813.4,189.9,225,-225,5,8898915.0,5,F1,75,,,,,
2024-12-27,2024-12-27,FO,NSE,IDO,48097,,NIFTY,,2025-01-09,2025-01-09,23550.0,PE,NIFTY2510923550PE,131.55,131.55,79.7,96.15,93.3,143.55,23813.4,96.15,59025,33000,3195,5666203526.25,1844,F1,75,,,,,
2024-12-27,2024-12-27,FO,NSE,IDO,57624,,NIFTY,,2025-02-27,2025-02-27,24550.0,PE,NIFTY25FEB24550PE,697.85,697.85,697.85,697.85,697.85,506.25,23813.4,795.05,2100,150,2,3787177.5,1,F1,75,,,,,
2024-12-27,2024-12-27,FO,NSE,IDO,67781,,NIFTY,,2028-12-28,2028-12-28,23000.0,PE,NIFTY28DEC23000PE,0.0,0.0,0.0,525.15,525.15,525.15,23813.4,360.75,150,0,0,0.0,0,F1,75,,,,,
2024-12-27,2024-12-27,FO,NSE,IDO,54776,,NIFTY,,2025-01-23,2025-01-23,23000.0,CE,NIFTY2512323000CE,1100.0,1100.0,1100.0,1100.0,1100.0,1220.65,23813.4,989.7,0,0,4,7230000.0,2,F1,75,,,,,
2024-12-27,2024-12-27,FO,NSE,IDO,37794,,NIFTY,,2025-06-26,2025-06-26,23000.0,PE,NIFTY25JUN23000PE,353.2,353.2,311.0,325.1,323.05,351.4,23813.4,325.1,373675,14650,859,1502587447.5,676,F1,75,,,,,
2024-12-27,2024-12-27,FO,NSE,IDO,43272,,NIFTY,,2025-01-30,2025-01-30,23000.0,PE,NIFTY25JAN23000PE,110.0,117.0,79.75,92.9,91.4,120.6,23813.4,92.9,3751175,264750,124877,72090645547.5,31649,F1,25,,,,,
2024-12-27,2024-12-27,FO,NSE,IDO,52528,,NIFTY,,2025-01-16,2025-01-16,23000.0,PE,NIFTY2511623000PE,65.05,68.3,40.0,48.15,47.0,70.6,23813.4,48.15,57525,15075,949,1640527477.5,545,F1,75,,,,,
2024-12-27,2024-12-27,FO,NSE,IDO,64694,,NIFTY,,2025-09-25,2025-09-25,25000.0,CE,NIFTY25SEP25000CE,0.0,0.0,0.0,3510.0,0.0,3510.0,23813.4,1130.7,0,0,0,0.0,0,F1,75,,,,,
2024-12-27,2024-12-27,FO,NSE,IDO,71562,,NIFTY,,2027-06-24,2027-06-24,25000.0,CE,NIFTY27JUN25000CE,0.0,0.0,0.0,2090.05,0.0,2090.05,23813.4,3545.35,0,0,0,0.0,0,F1,75,,,,,
2024-12-27,2024-12-27,FO,NSE,IDO,55067,,NIFTY,,2025-01-23,2025-01-23,25000.0,CE,NIFTY2512325000CE,41.95,49.85,33.4,35.3,36.0,39.95,23813.4,35.3,24675,2025,693,1301524357.5,315,F1,75,,,,,
2024-12-27,2024-12-27,FO,NSE,IDO,86160,,NIFTY,,2028-06-29,2028-06-29,25000.0,PE,NIFTY28JUN25000PE,0.0,0.0,0.0,2016.8,0.0,2016.8,23813.4,730.55,0,0,0,0.0,0,F1,75,,,,,
2024-12-27,2024-12-27,FO,NSE,IDO,57641,,NIFTY,,2025-02-27,2025-02-27,25000.0,CE,NIFTY25FEB25000CE,194.65,218.5,180.0,183.4,188.5,184.45,23813.4,183.4,548025,27900,5384,10174229107.5,3168,F1,75,,,,,
2024-12-27,2024-12-27,FO,NSE,IDO,48173,,NIFTY,,2025-01-09,2025-01-09,25000.0,CE,NIFTY2510925000CE,10.7,10.7,5.1,5.6,5.15,9.15,23813.4,5.6,513825,47925,17947,33660234210.0,7864,F1,75,,,,,
2024-12-27,2024-12-27,FO,NSE,IDO,67784,,NIFTY,,2028-12-28,2028-12-28,25000.0,CE,NIFTY28DEC25000CE,0.0,0.0,0.0,5350.4,0.0,5350.4,23813.4,5407.2,0,0,0,0.0,0,F1,75,,,,,
2024-12-27,2024-12-27,FO,NSE,IDO,89632,,NIFTY,,2029-06-28,2029-06-28,25000.0,CE,NIFTY29JUN25000CE,0.0,0.0,0.0,7557.7,0.0,7557.7,23813.4,5983.5,0,0,0,0.0,0,F1,75,,,,,
2024-12-27,2024-12-27,FO,NSE,IDO,71475,,NIFTY,,2026-06-25,2026-06-25,25000.0,PE,NIFTY26JUN25000PE,0.0,0.0,0.0,6063.1,0.0,6063.1,23813.4,1002.6,0,0,0,0.0,0,F1,75,,,,,
2024-12-27,2024-12-27,FO,NSE,IDO,71474,,NIFTY,,2026-06-25,2026-06-25,25000.0,CE,NIFTY26JUN25000CE,0.0,0.0,0.0,1510.4,0.0,1510.4,23813.4,2212.85,0,0,0,0.0,0,F1,75,,,,,
2024-12-27,2024-12-27,FO,NSE,IDO,52883,,NIFTY,,2025-01-16,2025-01-16,25800.0,CE,NIFTY2511625800CE,0.0,0.0,0.0,41.25,41.25,41.25,23813.4,2.1,75,0,0,0.0,0,F1,75,,,,,
2024-12-27,2024-12-27,FO,NSE,IDO,52603,,NIFTY,,2025-01-02,2025-01-02,25000.0,CE,NIFTY2510225000CE,2.35,2.8,1.25,1.45,1.4,2.35,23813.4,1.45,8184525,3504525,523287,981231620475.0,76710,F1,75,,,,,
2024-12-27,2024-12-27,FO,NSE,IDO,71504,,NIFTY,,2026-12-31,2026-12-31,25000.0,PE,NIFTY26DEC25000PE,0.0,0.0,0.0,1240.3,1240.3,1240.3,23813.4,930.5,375,0,0,0.0,0,F1,75,,,,,
2024-12-27,2024-12-27,FO,NSE,IDO,51478,,NIFTY,,2025-03-27,2025-03-27,23700.0,PE,NIFTY25MAR23700PE,0.0,0.0,0.0,546.45,0.0,546.45,23813.4,412.3,0,0,0,0.0,0,F1,75,,,,,
2024-12-27,2024-12-27,FO,NSE,IDO,52642,,NIFTY,,2025-01-16,2025-01-16,23700.0,PE,NIFTY2511623700PE,220.0,220.0,159.0,189.5,186.8,241.65,23813.4,189.5,12450,3675,432,773787146.25,283,F1,75,,,,,
2024-12-27,2024-12-27,FO,NSE,IDO,52511,,NIFTY,,2025-01-02,2025-01-02,23700.0,CE,NIFTY2510223700CE,261.1,352.5,231.1,245.95,251.15,244.7,23813.4,245.95,1295325,-45675,185245,333210559226.25,100857,F1,75,,,,,
2024-12-27,2024-12-27,FO,NSE,IDO,52519,,NIFTY,,2025-01-02,2025-01-02,23700.0,PE,NIFTY2510223700PE,120.0,134.2,59.4,76.65,72.55,137.6,23813.4,76.65,3215700,986325,678893,1210729771627.5,322976,F1,75,,,,,
2024-12-27,2024-12-27,FO,NSE,IDO,57589,,NIFTY,,2025-02-27,2025-02-27,23700.0,CE,NIFTY25FEB23700CE,787.0,868.0,773.35,776.05,782.9,758.3,23813.4,776.05,18975,-1500,177,325397268.75,156,F1,75,,,,,
2024-12-27,2024-12-27,FO,NSE,IDO,48102,,NIFTY,,2025-01-09,2025-01-09,23700.0,CE,NIFTY2510923700CE,349.95,442.55,331.1,344.9,350.25,334.85,23813.4,344.9,123675,-41925,4680,8453366235.0,3133,F1,75,,,,,
2024-12-27,2024-12-27,FO,NSE,IDO,46275,,NIFTY,,2025-01-30,2025-01-30,23750.0,CE,NIFTY25JAN23750CE,524.95,604.0,501.0,511.5,522.25,496.0,23813.4,511.5,99675,-5075,3863,2346718415.0,1865,F1,25,,,,,
2024-12-27,2024-12-27,FO,NSE,IDO,48105,,NIFTY,,2025-01-09,2025-01-09,23750.0,PE,NIFTY2510923750PE,187.15,197.0,127.0,156.4,153.0,214.25,23813.4,156.4,45525,5250,2603,4667049075.0,1627,F1,75,,,,,
2024-12-27,2024-12-27,FO,NSE,IDO,49180,,NIFTY,,2025-12-24,2025-12-24,16500.0,PE,NIFTY25DEC16500PE,0.0,0.0,0.0,22.4,24.25,22.4,23813.4,0.45,2675,0,0,0.0,0,F1,75,,,,,
2024-12-27,2024-12-27,FO,NSE,IDO,54994,,NIFTY,,2025-01-23,2025-01-23,23750.0,PE,NIFTY2512323750PE,279.0,279.0,215.0,244.25,244.25,304.0,23813.4,244.25,6525,4350,111,199751186.25,33,F1,75,,,,,
2024-12-27,2024-12-27,FO,NSE,IDO,46311,,NIFTY,,2025-01-30,2025-01-30,23750.0,PE,NIFTY25JAN23750PE,331.8,331.8,231.55,275.2,270.0,325.3,23813.4,275.2,106875,-3200,7043,4228392881.25,2758,F1,25,,,,,
2024-12-27,2024-12-27,FO,NSE,IDO,52658,,NIFTY,,2025-01-16,2025-01-16,23750.0,PE,NIFTY2511623750PE,245.0,245.0,191.9,206.25,203.0,260.6,23813.4,206.25,900,-1650,42,75458340.0,21,F1,75,,,,,
2024-12-27,2024-12-27,FO,NSE,IDO,64684,,NIFTY,,2025-09-25,2025-09-25,20000.0,CE,NIFTY25SEP20000CE,0.0,0.0,0.0,7643.1,0.0,7643.1,23813.4,4820.65,0,0,0,0.0,0,F1,75,,,,,
2024-12-27,2024-12-27,FO,NSE,IDO,57607,,NIFTY,,2025-02-27,2025-02-27,24150.0,CE,NIFTY25FEB24150CE,563.15,567.1,509.4,512.1,512.95,490.0,23813.4,512.1,2775,1950,57,105478758.75,37,F1,75,,,,,
2024-12-27,2024-12-27,FO,NSE,IDO,52545,,NIFTY,,2025-01-02,2025-01-02,24150.0,PE,NIFTY2510224150PE,356.55,361.5,238.7,311.1,305.65,392.15,23813.4,311.1,125925,84600,19129,35054167436.25,12747,F1,75,,,,,
2024-12-27,2024-12-27,FO,NSE,IDO,46627,,NIFTY,,2025-01-30,2025-01-30,26400.0,PE,NIFTY25JAN26400PE,2400.05,2400.05,2286.95,2370.0,2370.0,2450.85,23813.4,2370.0,8425,0,19,13660921.25,10,F1,25,,,,,
2024-12-27,2024-12-27,FO,NSE,IDO,52908,,NIFTY,,2025-01-16,2025-01-16,26400.0,CE,NIFTY2511626400CE,2.65,4.2,2.65,3.8,3.8,5.9,23813.4,0.2,4125,-150,28,55447323.75,14,F1,75,,,,,
2024-12-27,2024-12-27,FO,NSE,IDO,52684,,NIFTY,,2025-01-02,2025-01-02,26400.0,CE,NIFTY2510226400CE,1.65,1.7,0.85,0.95,0.85,1.7,23813.4,0.95,1478025,233175,37035,73332291802.5,6349,F1,75,,,,,
2024-12-27,2024-12-27,FO,NSE,IDO,36688,,NIFTY,,2025-12-24,2025-12-24,19500.0,CE,NIFTY25DEC19500CE,0.0,0.0,0.0,5350.0,5350.0,5350.0,23813.4,5601.6,1600,0,0,0.0,0,F1,75,,,,,
2024-12-27,2024-12-27,FO,NSE,IDO,48019,,NIFTY,,2025-01-09,2025-01-09,21950.0,CE,NIFTY2510921950CE,0.0,0.0,0.0,2913.9,0.0,2913.9,23813.4,1916.2,0,0,0,0.0,0,F1,75,,,,,
2024-12-27,2024-12-27,FO,NSE,IDO,43238,,NIFTY,,2025-01-30,2025-01-30,22350.0,PE,NIFTY25JAN22350PE,36.2,36.2,30.95,33.05,33.35,46.1,23813.4,33.05,12350,6750,1516,848307538.75,375,F1,25,,,,,
2024-12-27,2024-12-27,FO,NSE,IDO,52416,,NIFTY,,2025-01-16,2025-01-16,21950.0,PE,NIFTY2511621950PE,0.0,0.0,0.0,3.55,0.0,3.55,23813.4,0.8,0,0,0,0.0,0,F1,75,,,,,
2024-12-27,2024-12-27,FO,NSE,IDO,48035,,NIFTY,,2025-01-09,2025-01-09,22350.0,CE,NIFTY2510922350CE,0.0,0.0,0.0,2521.5,0.0,2521.5,23813.4,1518.0,0,0,0,0.0,0,F1,75,,,,,
2024-12-27,2024-12-27,FO,NSE,IDO,55614,,NIFTY,,2025-02-27,2025-02-27,22350.0,PE,NIFTY25FEB22350PE,0.0,0.0,0.0,144.1,0.0,144.1,23813.4,53.6,0,0,0,0.0,0,F1,75,,,,,
2024-12-27,2024-12-27,FO,NSE,IDO,46989,,NIFTY,,2025-03-27,2025-03-27,22350.0,PE,NIFTY25MAR22350PE,121.45,121.5,113.4,121.5,121.5,163.2,23813.4,121.5,3750,3750,55,92688285.0,17,F1,75,,,,,
2024-12-27,2024-12-27,FO,NSE,IDO,43213,,NIFTY,,2025-01-30,2025-01-30,21950.0,CE,NIFTY25JAN21950CE,0.0,0.0,0.0,2652.1,2652.15,2652.1,23813.4,2006.75,150,0,0,0.0,0,F1,25,,,,,
2024-12-27,2024-12-27,FO,NSE,IDO,52378,,NIFTY,,2025-01-02,2025-01-02,21950.0,PE,NIFTY2510221950PE,2.45,2.45,1.4,1.7,1.6,2.45,23813.4,1.7,206700,9225,18825,30993297150.0,9725,F1,75,,,,,
2024-12-27,2024-12-27,FO,NSE,IDO,54692,,NIFTY,,2025-01-23,2025-01-23,21950.0,CE,NIFTY2512321950CE,0.0,0.0,0.0,2168.35,0.0,2168.35,23813.4,1975.45,0,0,0,0.0,0,F1,75,,,,,
2024-12-27,2024-12-27,FO,NSE,IDO,52411,,NIFTY,,2025-01-16,2025-01-16,21950.0,CE,NIFTY2511621950CE,0.0,0.0,0.0,2755.15,0.0,2755.15,23813.4,1945.25,0,0,0,0.0,0,F1,75,,,,,
2024-12-27,2024-12-27,FO,NSE,IDO,52373,,NIFTY,,2025-01-02,2025-01-02,21950.0,CE,NIFTY2510221950CE,0.0,0.0,0.0,1641.9,0.0,1641.9,23813.4,1887.75,0,0,0,0.0,0,F1,75,,,,,
2024-12-27,2024-12-27,FO,NSE,IDO,52404,,NIFTY,,2025-01-02,2025-01-02,22350.0,PE,NIFTY2510222350PE,3.85,3.85,1.7,2.6,2.6,3.2,23813.4,2.6,604200,508650,47034,78850075740.0,23278,F1,75,,,,,
2024-12-27,2024-12-27,FO,NSE,IDO,55598,,NIFTY,,2025-02-27,2025-02-27,21950.0,PE,NIFTY25FEB21950PE,0.0,0.0,0.0,51.0,51.0,51.0,23813.4,25.4,225,0,0,0.0,0,F1,75,,,,,
2024-12-27,2024-12-27,FO,NSE,IDO,54716,,NIFTY,,2025-01-23,2025-01-23,22350.0,PE,NIFTY2512322350PE,0.0,0.0,0.0,32.8,0.0,32.8,23813.4,10.55,0,0,0,0.0,0,F1,75,,,,,
2024-12-27,2024-12-27,FO,NSE,IDO,43237,,NIFTY,,2025-01-30,2025-01-30,22350.0,CE,NIFTY25JAN22350CE,0.0,0.0,0.0,2275.6,2274.7,2275.6,23813.4,1621.6,100,0,0,0.0,0,F1,25,,,,,
2024-12-27,2024-12-27,FO,NSE,IDO,48036,,NIFTY,,2025-01-09,2025-01-09,22350.0,PE,NIFTY2510922350PE,6.7,8.9,5.75,6.1,5.75,10.4,23813.4,6.1,26925,17175,607,1017790338.75,316,F1,75,,,,,
2024-12-27,2024-12-27,FO,NSE,IDO,54715,,NIFTY,,2025-01-23,2025-01-23,22350.0,CE,NIFTY2512322350CE,0.0,0.0,0.0,1790.4,0.0,1790.4,23813.4,1585.25,0,0,0,0.0,0,F1,75,,,,,
2024-12-27,2024-12-27,FO,NSE,IDO,43214,,NIFTY,,2025-01-30,2025-01-30,21950.0,PE,NIFTY25JAN21950PE,20.0,20.0,17.1,17.75,17.8,24.95,23813.4,17.75,15775,2725,1012,555793196.25,411,F1,25,,,,,
2024-12-27,2024-12-27,FO,NSE,IDO,55613,,NIFTY,,2025-02-27,2025-02-27,22350.0,CE,NIFTY25FEB22350CE,0.0,0.0,0.0,2111.35,0.0,2111.35,23813.4,1771.8,0,0,0,0.0,0,F1,75,,,,,
2024-12-27,2024-12-27,FO,NSE,IDO,52403,,NIFTY,,2025-01-02,2025-01-02,22350.0,CE,NIFTY2510222350CE,0.0,0.0,0.0,1300.35,0.0,1300.35,23813.4,1488.2,0,0,0,0.0,0,F1,75,,,,,
2024-12-27,2024-12-27,FO,NSE,IDO,52474,,NIFTY,,2025-01-16,2025-01-16,22350.0,PE,NIFTY2511622350PE,0.0,0.0,0.0,9.9,0.0,9.9,23813.4,4.55,0,0,0,0.0,0,F1,75,,,,,
2024-12-27,2024-12-27,FO,NSE,IDO,51459,,NIFTY,,2025-03-27,2025-03-27,23550.0,CE,NIFTY25MAR23550CE,1110.8,1110.8,1110.8,1110.8,1110.8,1112.75,23813.4,1009.8,75,75,1,1849560.0,1,F1,75,,,,,
2024-12-27,2024-12-27,FO,NSE,IDO,54983,,NIFTY,,2025-01-23,2025-01-23,23550.0,CE,NIFTY2512323550CE,0.0,0.0,0.0,810.0,0.0,810.0,23813.4,570.6,0,0,0,0.0,0,F1,75,,,,,
2024-12-27,2024-12-27,FO,NSE,IDO,46263,,NIFTY,,2025-01-30,2025-01-30,23550.0,CE,NIFTY25JAN23550CE,663.95,745.65,637.0,641.15,653.35,619.4,23813.4,641.15,24250,450,236,143003517.5,142,F1,25,,,,,
2024-12-27,2024-12-27,FO,NSE,IDO,55639,,NIFTY,,2025-02-27,2025-02-27,23000.0,CE,NIFTY25FEB23000CE,1278.0,1393.7,1270.0,1285.8,1292.1,1241.35,23813.4,1285.8,58575,4875,195,355675248.75,122,F1,75,,,,,
2024-12-27,2024-12-27,FO,NSE,IDO,57623,,NIFTY,,2025-02-27,2025-02-27,24550.0,CE,NIFTY25FEB24550CE,367.0,396.5,324.4,332.85,335.65,352.45,23813.4,332.85,5775,3750,101,188594385.0,80,F1,75,,,,,
2024-12-27,2024-12-27,FO,NSE,IDO,37810,,NIFTY,,2026-12-31,2026-12-31,23000.0,PE,NIFTY26DEC23000PE,611.0,611.0,611.0,611.0,611.0,633.4,23813.4,431.7,12500,-50,1,1770825.0,1,F1,75,,,,,
2024-12-27,2024-12-27,FO,NSE,IDO,56526,,NIFTY,,2025-03-27,2025-03-27,24550.0,CE,NIFTY25MAR24550CE,0.0,0.0,0.0,610.0,0.0,610.0,23813.4,491.95,0,0,0,0.0,0,F1,75,,,,,
2024-12-27,2024-12-27,FO,NSE,IDO,48096,,NIFTY,,2025-01-09,2025-01-09,23550.0,CE,NIFTY2510923550CE,472.45,553.0,439.0,442.65,460.5,435.2,23813.4,442.65,6000,750,136,245162141.25,53,F1,75,,,,,
2024-12-27,2024-12-27,FO,NSE,IDO,67780,,NIFTY,,2028-12-28,2028-12-28,23000.0,CE,NIFTY28DEC23000CE,0.0,0.0,0.0,6377.6,0.0,6377.6,23813.4,6622.9,0,0,0,0.0,0,F1,75,,,,,
2024-12-27,2024-12-27,FO,NSE,IDO,53619,,NIFTY,,2027-12-30,2027-12-30,23000.0,PE,NIFTY27DEC23000PE,0.0,0.0,0.0,2201.3,0.0,2201.3,23813.4,404.0,0,0,0,0.0,0,F1,75,,,,,
2024-12-27,2024-12-27,FO,NSE,IDO,57583,,NIFTY,,2025-02-27,2025-02-27,23550.0,CE,NIFTY25FEB23550CE,0.0,0.0,0.0,1228.3,0.0,1228.3,23813.4,833.25,0,0,0,0.0,0,F1,75,,,,,
2024-12-27,2024-12-27,FO,NSE,IDO,51460,,NIFTY,,2025-03-27,2025-03-27,23550.0,PE,NIFTY25MAR23550PE,0.0,0.0,0.0,487.25,0.0,487.25,23813.4,357.7,0,0,0,0.0,0,F1,75,,,,,
2024-12-27,2024-12-27,FO,NSE,IDO,56527,,NIFTY,,2025-03-27,2025-03-27,24550.0,PE,NIFTY25MAR24550PE,0.0,0.0,0.0,966.45,0.0,966.45,23813.4,823.3,0,0,0,0.0,0,F1,75,,,,,
2024-12-27,2024-12-27,FO,NSE,IDO,37749,,NIFTY,,2025-06-26,2025-06-26,23000.0,CE,NIFTY25JUN23000CE,1881.9,1974.5,1878.3,1882.55,1900.0,1853.6,23813.4,1882.55,51650,4700,126,235544178.75,102,F1,75,,,,,
2024-12-27,2024-12-27,FO,NSE,IDO,55038,,NIFTY,,2025-01-23,2025-01-23,24550.0,PE,NIFTY2512324550PE,0.0,0.0,0.0,727.3,0.0,727.3,23813.4,743.5,0,0,0,0.0,0,F1,75,,,,,
2024-12-27,2024-12-27,FO,NSE,IDO,52801,,NIFTY,,2025-01-16,2025-01-16,24550.0,PE,NIFTY2511624550PE,650.0,650.0,650.0,650.0,650.0,367.3,23813.4,731.25,75,0,1,1890000.0,1,F1,75,,,,,
2024-12-27,2024-12-27,FO,NSE,IDO,52451,,NIFTY,,2025-01-02,2025-01-02,23000.0,CE,NIFTY2510223000CE,855.45,994.85,849.45,874.45,886.1,820.25,23813.4,874.45,167625,0,1927,3454874977.5,1100,F1,75,,,,,
2024-12-27,2024-12-27,FO,NSE,IDO,61746,,NIFTY,,2029-12-27,2029-12-27,23000.0,CE,NIFTY29DEC23000CE,0.0,0.0,0.0,8286.75,0.0,8286.75,23813.4,7719.95,0,0,0,0.0,0,F1,75,,,,,
2024-12-27,2024-12-27,FO,NSE,IDO,48232,,NIFTY,,2025-01-09,2025-01-09,26250.0,CE,NIFTY2510926250CE,3.0,3.0,2.1,2.35,2.3,3.0,23813.4,2.35,5100,4650,165,324874402.5,77,F1,75,,,,,
2024-12-27,2024-12-27,FO,NSE,IDO,52903,,NIFTY,,2025-01-16,2025-01-16,26250.0,PE,NIFTY2511626250PE,0.0,0.0,0.0,1591.0,0.0,1591.0,23813.4,2340.05,0,0,0,0.0,0,F1,75,,,,,
2024-12-27,2024-12-27,FO,NSE,IDO,57699,,NIFTY,,2025-02-27,2025-02-27,26250.0,CE,NIFTY25FEB26250CE,27.0,27.35,24.25,24.7,24.95,50.0,23813.4,24.7,1275,75,80,157654680.0,34,F1,75,,,,,
2024-12-27,2024-12-27,FO,NSE,IDO,48233,,NIFTY,,2025-01-09,2025-01-09,26250.0,PE,NIFTY2510926250PE,0.0,0.0,0.0,1455.4,0.0,1455.4,23813.4,2373.6,0,0,0,0.0,0,F1,75,,,,,
2024-12-27,2024-12-27,FO,NSE,IDO,52902,,NIFTY,,2025-01-16,2025-01-16,26250.0,CE,NIFTY2511626250CE,3.15,3.85,3.15,3.6,3.6,72.55,23813.4,0.35,600,600,16,31504125.0,3,F1,75,,,,,
2024-12-27,2024-12-27,FO,NSE,IDO,57701,,NIFTY,,2025-02-27,2025-02-27,26250.0,PE,NIFTY25FEB26250PE,0.0,0.0,0.0,2062.7,0.0,2062.7,23813.4,2174.7,0,0,0,0.0,0,F1,75,,,,,
2024-12-27,2024-12-27,FO,NSE,IDO,55011,,NIFTY,,2025-01-23,2025-01-23,24150.0,CE,NIFTY2512324150CE,0.0,0.0,0.0,465.35,0.0,465.35,23813.4,254.35,0,0,0,0.0,0,F1,75,,,,,
2024-12-27,2024-12-27,FO,NSE,IDO,54820,,NIFTY,,2025-03-27,2025-03-27,24150.0,PE,NIFTY25MAR24150PE,0.0,0.0,0.0,750.85,0.0,750.85,23813.4,608.3,0,0,0,0.0,0,F1,75,,,,,
2024-12-27,2024-12-27,FO,NSE,IDO,52710,,NIFTY,,2025-01-16,2025-01-16,24150.0,PE,NIFTY2511624150PE,0.0,0.0,0.0,160.0,160.0,160.0,23813.4,442.8,0,0,0,0.0,0,F1,75,,,,,
2024-12-27,2024-12-27,FO,NSE,IDO,56880,,NIFTY,,2025-03-27,2025-03-27,25400.0,CE,NIFTY25MAR25400CE,0.0,0.0,0.0,332.05,0.0,332.05,23813.4,230.4,0,0,0,0.0,0,F1,75,,,,,
2024-12-27,2024-12-27,FO,NSE,IDO,48169,,NIFTY,,2025-01-09,2025-01-09,24900.0,CE,NIFTY2510924900CE,13.1,13.1,6.5,7.15,6.6,11.3,23813.4,7.15,201225,92475,7682,14351229251.25,4244,F1,75,,,,,
2024-12-27,2024-12-27,FO,NSE,IDO,52599,,NIFTY,,2025-01-02,2025-01-02,24900.0,CE,NIFTY2510224900CE,2.4,3.2,1.4,1.6,1.5,2.65,23813.4,1.6,1650975,953025,216503,404351229547.5,53115,F1,75,,,,,
2024-12-27,2024-12-27,FO,NSE,IDO,56568,,NIFTY,,2025-03-27,2025-03-27,24900.0,CE,NIFTY25MAR24900CE,0.0,0.0,0.0,480.1,0.0,480.1,23813.4,366.1,0,0,0,0.0,0,F1,75,,,,,
2024-12-27,2024-12-27,FO,NSE,IDO,52844,,NIFTY,,2025-01-16,2025-01-16,24900.0,CE,NIFTY2511624900CE,31.0,35.0,21.9,22.35,21.95,29.25,23813.4,22.35,28500,5400,287,536502195.0,140,F1,75,,,,,
2024-12-27,2024-12-27,FO,NSE,IDO,56739,,NIFTY,,2025-02-27,2025-02-27,23500.0,CE,NIFTY25FEB23500CE,927.65,1008.0,897.05,908.6,914.3,885.15,23813.4,908.6,58800,675,457,838153537.5,307,F1,75,,,,,
2024-12-27,2024-12-27,FO,NSE,IDO,54982,,NIFTY,,2025-01-23,2025-01-23,23500.0,PE,NIFTY2512323500PE,190.0,190.0,144.5,168.8,159.9,211.1,23813.4,168.8,19725,10875,453,803961978.75,200,F1,75,,,,,
2024-12-27,2024-12-27,FO,NSE,IDO,51399,,NIFTY,,2025-03-27,2025-03-27,23500.0,CE,NIFTY25MAR23500CE,1098.0,1171.3,1085.0,1085.55,1087.05,1143.1,23813.4,1085.55,3000,3000,54,99805680.0,40,F1,75,,,,,
2024-12-27,2024-12-27,FO,NSE,IDO,52483,,NIFTY,,2025-01-16,2025-01-16,22500.0,CE,NIFTY2511622500CE,0.0,0.0,0.0,2219.5,0.0,2219.5,23813.4,1404.5,0,0,0,0.0,0,F1,75,,,,,
2024-12-27,2024-12-27,FO,NSE,IDO,46239,,NIFTY,,2025-01-30,2025-01-30,23500.0,CE,NIFTY25JAN23500CE,695.95,788.4,666.0,682.6,692.55,657.9,23813.4,682.6,972950,11400,20513,12423075427.5,8268,F1,25,,,,,
2024-12-27,2024-12-27,FO,NSE,IDO,46998,,NIFTY,,2025-03-27,2025-03-27,22500.0,PE,NIFTY25MAR22500PE,155.0,158.35,129.1,137.9,138.0,190.7,23813.4,137.9,42900,42900,892,1514286401.25,553,F1,75,,,,,
2024-12-27,2024-12-27,FO,NSE,IDO,48094,,NIFTY,,2025-01-09,2025-01-09,23500.0,CE,NIFTY2510923500CE,501.45,593.9,474.0,489.05,491.0,468.05,23813.4,489.05,141900,-23025,2824,5088539092.5,2042,F1,75,,,,,
2024-12-27,2024-12-27,FO,NSE,IDO,52610,,NIFTY,,2025-01-16,2025-01-16,23500.0,PE,NIFTY2511623500PE,156.15,157.3,107.5,130.55,128.0,172.55,23813.4,130.55,41700,14175,1117,1979418798.75,684,F1,75,,,,,
2024-12-27,2024-12-27,FO,NSE,IDO,48042,,NIFTY,,2025-01-09,2025-01-09,22500.0,PE,NIFTY2510922500PE,12.35,12.75,7.5,8.25,7.9,13.0,23813.4,8.25,300450,91425,9438,15932862802.5,4649,F1,75,,,,,
2024-12-27,2024-12-27,FO,NSE,IDO,52484,,NIFTY,,2025-01-16,2025-01-16,22500.0,PE,NIFTY2511622500PE,27.7,27.7,15.6,18.35,18.45,28.15,23813.4,18.35,46725,13500,638,1077573427.5,304,F1,75,,,,,
2024-12-27,2024-12-27,FO,NSE,IDO,55620,,NIFTY,,2025-02-27,2025-02-27,22500.0,PE,NIFTY25FEB22500PE,115.0,115.0,89.1,97.4,95.65,117.4,23813.4,97.4,842400,100350,5877,9958773330.0,3148,F1,75,,,,,
2024-12-27,2024-12-27,FO,NSE,IDO,54981,,NIFTY,,2025-01-23,2025-01-23,23500.0,CE,NIFTY2512323500CE,703.25,720.0,614.95,615.0,614.95,608.6,23813.4,615.0,150,-300,6,10881123.75,6,F1,75,,,,,
2024-12-27,2024-12-27,FO,NSE,IDO,54752,,NIFTY,,2025-01-23,2025-01-23,22500.0,CE,NIFTY2512322500CE,0.0,0.0,0.0,1652.95,0.0,1652.95,23813.4,1442.1,0,0,0,0.0,0,F1,75,,,,,
2024-12-27,2024-12-27,FO,NSE,IDO,51400,,NIFTY,,2025-03-27,2025-03-27,23500.0,PE,NIFTY25MAR23500PE,353.6,359.95,310.75,334.25,333.0,468.5,23813.4,334.25,35175,35175,725,1295419751.25,560,F1,75,,,,,
2024-12-27,2024-12-27,FO,NSE,IDO,46256,,NIFTY,,2025-01-30,2025-01-30,23500.0,PE,NIFTY25JAN23500PE,215.0,230.0,164.95,194.05,192.0,238.35,23813.4,194.05,2554425,28350,115809,68587106502.5,33830,F1,25,,,,,
2024-12-27,2024-12-27,FO,NSE,IDO,38160,,NIFTY,,2027-06-24,2027-06-24,29000.0,CE,NIFTY27JUN29000CE,0.0,0.0,0.0,1545.2,0.0,1545.2,23813.4,1728.25,0,0,0,0.0,0,F1,75,,,,,
2024-12-27,2024-12-27,FO,NSE,IDO,89641,,NIFTY,,2029-06-28,2029-06-28,29000.0,PE,NIFTY29JUN29000PE,0.0,0.0,0.0,1746.95,0.0,1746.95,23813.4,1554.0,0,0,0,0.0,0,F1,75,,,,,
2024-12-27,2024-12-27,FO,NSE,IDO,38158,,NIFTY,,2026-12-31,2026-12-31,29000.0,CE,NIFTY26DEC29000CE,0.0,0.0,0.0,1205.35,0.0,1205.35,23813.4,1223.65,0,0,0,0.0,0,F1,75,,,,,
2024-12-27,2024-12-27,FO,NSE,IDO,61915,,NIFTY,,2029-12-27,2029-12-27,29000.0,PE,NIFTY29DEC29000PE,0.0,0.0,0.0,1669.2,0.0,1669.2,23813.4,1400.85,0,0,0,0.0,0,F1,75,,,,,
2024-12-27,2024-12-27,FO,NSE,IDO,38153,,NIFTY,,2025-12-24,2025-12-24,29000.0,PE,NIFTY25DEC29000PE,3300.0,3365.0,3280.0,3280.0,3280.0,3385.0,23813.4,3614.85,11700,225,7,16957875.0,7,F1,75,,,,,
2024-12-27,2024-12-27,FO,NSE,IDO,67792,,NIFTY,,2028-12-28,2028-12-28,29000.0,CE,NIFTY28DEC29000CE,0.0,0.0,0.0,3645.75,0.0,3645.75,23813.4,3410.95,0,0,0,0.0,0,F1,75,,,,,
2024-12-27,2024-12-27,FO,NSE,IDO,37799,,NIFTY,,2026-06-25,2026-06-25,23000.0,CE,NIFTY26JUN23000CE,0.0,0.0,0.0,2645.65,0.0,2645.65,23813.4,3447.15,0,0,0,0.0,0,F1,75,,,,,
2024-12-27,2024-12-27,FO,NSE,IDO,57584,,NIFTY,,2025-02-27,2025-02-27,23550.0,PE,NIFTY25FEB23550PE,282.15,282.15,282.15,282.15,282.15,344.65,23813.4,301.35,150,75,2,3574822.5,2,F1,75,,,,,
2024-12-27,2024-12-27,FO,NSE,IDO,37796,,NIFTY,,2025-12-24,2025-12-24,23000.0,PE,NIFTY25DEC23000PE,501.0,504.0,475.05,496.45,493.0,505.2,23813.4,496.45,316700,6125,220,387582063.75,196,F1,75,,,,,
2024-12-27,2024-12-27,FO,NSE,IDO,37806,,NIFTY,,2026-12-31,2026-12-31,23000.0,CE,NIFTY26DEC23000CE,0.0,0.0,0.0,4450.05,4450.05,4450.05,23813.4,4164.5,675,0,0,0.0,0,F1,75,,,,,
2024-12-27,2024-12-27,FO,NSE,IDO,52634,,NIFTY,,2025-01-02,2025-01-02,25550.0,PE,NIFTY2510225550PE,0.0,0.0,0.0,1725.0,1725.0,1725.0,23813.4,1708.25,1800,0,0,0.0,0,F1,75,,,,,
2024-12-27,2024-12-27,FO,NSE,IDO,52633,,NIFTY,,2025-01-02,2025-01-02,25550.0,CE,NIFTY2510225550CE,1.85,1.9,0.95,1.1,1.05,1.8,23813.4,1.1,257325,225675,20388,39070400433.75,7059,F1,75,,,,,
2024-12-27,2024-12-27,FO,NSE,IDO,55104,,NIFTY,,2025-01-23,2025-01-23,25550.0,PE,NIFTY2512325550PE,0.0,0.0,0.0,1497.7,0.0,1497.7,23813.4,1623.2,0,0,0,0.0,0,F1,75,,,,,
2024-12-27,2024-12-27,FO,NSE,IDO,46470,,NIFTY,,2025-01-30,2025-01-30,25500.0,PE,NIFTY25JAN25500PE,1572.75,1572.75,1378.4,1510.1,1498.15,1575.2,23813.4,1510.1,509950,4325,766,516242418.75,368,F1,25,,,,,
2024-12-27,2024-12-27,FO,NSE,IDO,57664,,NIFTY,,2025-02-27,2025-02-27,25500.0,PE,NIFTY25FEB25500PE,1478.7,1478.7,1325.65,1392.0,1392.0,1493.15,23813.4,1505.85,43650,150,12,24189086.25,11,F1,75,,,,,
2024-12-27,2024-12-27,FO,NSE,IDO,46469,,NIFTY,,2025-01-30,2025-01-30,25500.0,CE,NIFTY25JAN25500CE,22.35,23.5,16.9,17.45,18.4,21.35,23813.4,17.45,2170200,393500,81306,51872141696.25,17737,F1,25,,,,,
2024-12-27,2024-12-27,FO,NSE,IDO,55100,,NIFTY,,2025-01-23,2025-01-23,25500.0,PE,NIFTY2512325500PE,0.0,0.0,0.0,1454.25,0.0,1454.25,23813.4,1575.4,0,0,0,0.0,0,F1,75,,,,,
2024-12-27,2024-12-27,FO,NSE,IDO,52670,,NIFTY,,2025-01-02,2025-01-02,26250.0,PE,NIFTY2510226250PE,0.0,0.0,0.0,2692.5,0.0,2692.5,23813.4,2407.5,0,0,0,0.0,0,F1,75,,,,,
2024-12-27,2024-12-27,FO,NSE,IDO,52668,,NIFTY,,2025-01-02,2025-01-02,26250.0,CE,NIFTY2510226250CE,1.45,1.65,0.9,0.95,1.05,1.7,23813.4,0.95,58950,30750,3443,6778689356.25,1082,F1,75,,,,,
2024-12-27,2024-12-27,FO,NSE,IDO,46603,,NIFTY,,2025-01-30,2025-01-30,26250.0,CE,NIFTY25JAN26250CE,7.7,7.9,6.45,6.65,6.8,7.65,23813.4,6.65,153650,6050,1492,979387341.25,487,F1,25,,,,,
2024-12-27,2024-12-27,FO,NSE,IDO,46604,,NIFTY,,2025-01-30,2025-01-30,26250.0,PE,NIFTY25JAN26250PE,0.0,0.0,0.0,2280.0,2280.0,2280.0,23813.4,2277.1,700,0,0,0.0,0,F1,25,,,,,
2024-12-27,2024-12-27,FO,NSE,IDO,57590,,NIFTY,,2025-02-27,2025-02-27,23700.0,PE,NIFTY25FEB23700PE,377.65,379.55,315.0,347.85,346.7,397.1,23813.4,347.85,54000,4875,608,1096185787.5,489,F1,75,,,,,
2024-12-27,2024-12-27,FO,NSE,IDO,46273,,NIFTY,,2025-01-30,2025-01-30,23700.0,CE,NIFTY25JAN23700CE,539.25,640.4,533.0,547.4,555.25,526.25,23813.4,547.4,581225,-68000,25768,15642814938.75,9261,F1,25,,,,,
2024-12-27,2024-12-27,FO,NSE,IDO,57591,,NIFTY,,2025-02-27,2025-02-27,23750.0,CE,NIFTY25FEB23750CE,0.0,0.0,0.0,720.0,720.0,720.0,23813.4,711.05,525,0,0,0.0,0,F1,75,,,,,
2024-12-27,2024-12-27,FO,NSE,IDO,53846,,NIFTY,,2025-03-27,2025-03-27,23750.0,CE,NIFTY25MAR23750CE,0.0,0.0,0.0,996.3,0.0,996.3,23813.4,887.1,0,0,0,0.0,0,F1,75,,,,,
2024-12-27,2024-12-27,FO,NSE,IDO,57592,,NIFTY,,2025-02-27,2025-02-27,23750.0,PE,NIFTY25FEB23750PE,416.0,416.0,346.4,374.8,374.8,415.85,23813.4,374.8,5925,75,41,74186497.5,32,F1,75,,,,,
2024-12-27,2024-12-27,FO,NSE,IDO,58644,,NIFTY,,2026-12-31,2026-12-31,20000.0,CE,NIFTY26DEC20000CE,0.0,0.0,0.0,3704.3,0.0,3704.3,23813.4,6440.05,0,0,0,0.0,0,F1,75,,,,,
2024-12-27,2024-12-27,FO,NSE,IDO,56572,,NIFTY,,2025-03-27,2025-03-27,24950.0,CE,NIFTY25MAR24950CE,0.0,0.0,0.0,463.4,0.0,463.4,23813.4,350.3,0,0,0,0.0,0,F1,75,,,,,
2024-12-27,2024-12-27,FO,NSE,IDO,86143,,NIFTY,,2028-06-29,2028-06-29,20000.0,CE,NIFTY28JUN20000CE,0.0,0.0,0.0,5724.65,0.0,5724.65,23813.4,8137.75,0,0,0,0.0,0,F1,75,,,,,
2024-12-27,2024-12-27,FO,NSE,IDO,38378,,NIFTY,,2026-06-25,2026-06-25,20000.0,CE,NIFTY26JUN20000CE,0.0,0.0,0.0,3829.5,0.0,3829.5,23813.4,5799.8,0,0,0,0.0,0,F1,75,,,,,
2024-12-27,2024-12-27,FO,NSE,IDO,71552,,NIFTY,,2027-06-24,2027-06-24,20000.0,PE,NIFTY27JUN20000PE,0.0,0.0,0.0,3034.2,0.0,3034.2,23813.4,99.2,0,0,0,0.0,0,F1,75,,,,,
2024-12-27,2024-12-27,FO,NSE,IDO,55107,,NIFTY,,2025-01-23,2025-01-23,25650.0,CE,NIFTY2512325650CE,0.0,0.0,0.0,66.35,0.0,66.35,23813.4,10.6,0,0,0,0.0,0,F1,75,,,,,
2024-12-27,2024-12-27,FO,NSE,IDO,46494,,NIFTY,,2025-01-30,2025-01-30,25650.0,CE,NIFTY25JAN25650CE,16.5,16.65,12.55,12.8,13.05,15.6,23813.4,12.8,15800,-2850,1233,791092021.25,453,F1,25,,,,,
2024-12-27,2024-12-27,FO,NSE,IDO,51120,,NIFTY,,2025-03-27,2025-03-27,23350.0,CE,NIFTY25MAR23350CE,0.0,0.0,0.0,1237.1,0.0,1237.1,23813.4,1141.7,0,0,0,0.0,0,F1,75,,,,,
2024-12-27,2024-12-27,FO,NSE,IDO,57683,,NIFTY,,2025-02-27,2025-02-27,26000.0,CE,NIFTY25FEB26000CE,42.95,46.45,35.25,36.1,37.45,42.6,23813.4,36.1,362025,92625,7564,14772333090.0,3730,F1,75,,,,,
2024-12-27,2024-12-27,FO,NSE,IDO,89635,,NIFTY,,2029-06-28,2029-06-28,26000.0,PE,NIFTY29JUN26000PE,0.0,0.0,0.0,1391.75,1391.75,1391.75,23813.4,800.65,25,0,0,0.0,0,F1,75,,,,,
2024-12-27,2024-12-27,FO,NSE,IDO,71476,,NIFTY,,2026-06-25,2026-06-25,26000.0,CE,NIFTY26JUN26000CE,0.0,0.0,0.0,1350.0,1350.0,1350.0,23813.4,1720.3,625,0,0,0.0,0,F1,75,,,,,
2024-12-27,2024-12-27,FO,NSE,IDO,71477,,NIFTY,,2026-06-25,2026-06-25,26000.0,PE,NIFTY26JUN26000PE,0.0,0.0,0.0,6709.2,0.0,6709.2,23813.4,1414.15,0,0,0,0.0,0,F1,75,,,,,
2024-12-27,2024-12-27,FO,NSE,IDO,71564,,NIFTY,,2027-06-24,2027-06-24,26000.0,CE,NIFTY27JUN26000CE,0.0,0.0,0.0,1900.85,0.0,1900.85,23813.4,3004.35,0,0,0,0.0,0,F1,75,,,,,
2024-12-27,2024-12-27,FO,NSE,IDO,52653,,NIFTY,,2025-01-02,2025-01-02,26000.0,CE,NIFTY2510226000CE,1.4,1.6,0.9,1.0,0.95,1.6,23813.4,1.0,4087200,-57300,159540,311116775418.75,26224,F1,75,,,,,
2024-12-27,2024-12-27,FO,NSE,IDO,64697,,NIFTY,,2025-09-25,2025-09-25,26000.0,PE,NIFTY25SEP26000PE,0.0,0.0,0.0,812.55,0.0,812.55,23813.4,1646.1,0,0,0,0.0,0,F1,75,,,,,
2024-12-27,2024-12-27,FO,NSE,IDO,64573,,NIFTY,,2025-03-27,2025-03-27,26000.0,PE,NIFTY25MAR26000PE,1805.0,1805.0,1659.7,1768.45,1764.0,1828.15,23813.4,1768.45,576375,2400,250,519734820.0,220,F1,75,,,,,
2024-12-27,2024-12-27,FO,NSE,IDO,71506,,NIFTY,,2026-12-31,2026-12-31,26000.0,PE,NIFTY26DEC26000PE,0.0,0.0,0.0,1445.0,1445.0,1445.0,23813.4,1279.6,500,0,0,0.0,0,F1,75,,,,,
2024-12-27,2024-12-27,FO,NSE,IDO,67786,,NIFTY,,2028-12-28,2028-12-28,26000.0,CE,NIFTY28DEC26000CE,0.0,0.0,0.0,4879.7,0.0,4879.7,23813.4,4851.35,0,0,0,0.0,0,F1,75,,,,,
2024-12-27,2024-12-27,FO,NSE,IDO,46564,,NIFTY,,2025-01-30,2025-01-30,26000.0,CE,NIFTY25JAN26000CE,9.15,10.8,7.85,8.1,8.1,9.95,23813.4,8.1,2979525,79325,52775,34315314472.5,8789,F1,25,,,,,
2024-12-27,2024-12-27,FO,NSE,IDO,53630,,NIFTY,,2027-12-30,2027-12-30,26000.0,PE,NIFTY27DEC26000PE,0.0,0.0,0.0,3359.75,0.0,3359.75,23813.4,1059.0,0,0,0,0.0,0,F1,75,,,,,
2024-12-27,2024-12-27,FO,NSE,IDO,71505,,NIFTY,,2026-12-31,2026-12-31,26000.0,CE,NIFTY26DEC26000CE,0.0,0.0,0.0,1631.05,0.0,1631.05,23813.4,2393.2,0,0,0,0.0,0,F1,75,,,,,
2024-12-27,2024-12-27,FO,NSE,IDO,64572,,NIFTY,,2025-03-27,2025-03-27,26000.0,CE,NIFTY25MAR26000CE,102.95,115.05,96.0,97.85,98.05,101.65,23813.4,97.85,838250,69375,4125,8076088346.25,2144,F1,75,,,,,
2024-12-27,2024-12-27,FO,NSE,IDO,48220,,NIFTY,,2025-01-09,2025-01-09,26000.0,PE,NIFTY2510926000PE,2050.0,2070.0,2050.0,2070.0,2070.0,1247.45,23813.4,2124.25,525,525,14,29464875.0,5,F1,75,,,,,
2024-12-27,2024-12-27,FO,NSE,IDO,55651,,NIFTY,,2025-02-27,2025-02-27,23300.0,CE,NIFTY25FEB23300CE,1077.05,1088.85,1077.0,1088.85,1088.85,1069.4,23813.4,1001.55,1050,0,12,21948183.75,8,F1,75,,,,,
2024-12-27,2024-12-27,FO,NSE,IDO,52570,,NIFTY,,2025-01-16,2025-01-16,23300.0,PE,NIFTY2511623300PE,100.0,102.0,75.4,87.0,86.55,121.25,23813.4,87.0,7650,2325,231,405168753.75,122,F1,75,,,,,
2024-12-27,2024-12-27,FO,NSE,IDO,48087,,NIFTY,,2025-01-09,2025-01-09,23300.0,PE,NIFTY2510923300PE,83.0,83.0,43.55,51.3,49.7,82.35,23813.4,51.3,233925,130350,10721,18776067067.5,5867,F1,75,,,,,
2024-12-27,2024-12-27,FO,NSE,IDO,64584,,NIFTY,,2025-03-27,2025-03-27,30000.0,CE,NIFTY25MAR30000CE,10.55,11.75,10.0,10.85,10.65,11.05,23813.4,10.85,251175,25950,625,1406767661.25,231,F1,75,,,,,
2024-12-27,2024-12-27,FO,NSE,IDO,52465,,NIFTY,,2025-01-02,2025-01-02,23300.0,PE,NIFTY2510223300PE,35.5,35.5,12.3,15.05,14.4,40.4,23813.4,15.05,1483200,295800,320354,560255393797.5,108604,F1,75,,,,,
2024-12-27,2024-12-27,FO,NSE,IDO,45675,,NIFTY,,2025-01-30,2025-01-30,23300.0,PE,NIFTY25JAN23300PE,165.05,173.7,123.15,145.4,143.65,182.6,23813.4,145.4,776225,25725,22860,13395693610.0,8162,F1,25,,,,,
2024-12-27,2024-12-27,FO,NSE,IDO,51118,,NIFTY,,2025-03-27,2025-03-27,23300.0,CE,NIFTY25MAR23300CE,0.0,0.0,0.0,1269.4,0.0,1269.4,23813.4,1176.1,0,0,0,0.0,0,F1,75,,,,,
2024-12-27,2024-12-27,FO,NSE,IDO,52464,,NIFTY,,2025-01-02,2025-01-02,23300.0,CE,NIFTY2510223300CE,580.05,700.0,565.0,590.1,595.05,547.6,23813.4,590.1,69525,14925,2011,3607250640.0,1031,F1,75,,,,,
2024-12-27,2024-12-27,FO,NSE,IDO,48085,,NIFTY,,2025-01-09,2025-01-09,23300.0,CE,NIFTY2510923300CE,656.4,763.1,642.25,656.55,663.25,643.55,23813.4,656.55,12900,12300,255,459117045.0,109,F1,75,,,,,
2024-12-27,2024-12-27,FO,NSE,IDO,64591,,NIFTY,,2025-03-27,2025-03-27,30000.0,PE,NIFTY25MAR30000PE,5475.0,5577.55,5426.0,5564.25,5540.85,5616.6,23813.4,5564.25,32775,3825,120,319615665.0,70,F1,75,,,,,
2024-12-27,2024-12-27,FO,NSE,IDO,52905,,NIFTY,,2025-01-16,2025-01-16,26300.0,PE,NIFTY2511626300PE,0.0,0.0,0.0,1635.25,0.0,1635.25,23813.4,2389.8,0,0,0,0.0,0,F1,75,,,,,
2024-12-27,2024-12-27,FO,NSE,IDO,46613,,NIFTY,,2025-01-30,2025-01-30,26300.0,CE,NIFTY25JAN26300CE,7.0,7.55,5.3,5.85,5.55,7.0,23813.4,5.85,63750,4875,3328,2188681712.5,1647,F1,25,,,,,
2024-12-27,2024-12-27,FO,NSE,IDO,46614,,NIFTY,,2025-01-30,2025-01-30,26300.0,PE,NIFTY25JAN26300PE,2254.6,2289.25,2161.0,2289.25,2289.25,2410.15,23813.4,2326.15,10450,250,18,12835345.0,14,F1,25,,,,,
2024-12-27,2024-12-27,FO,NSE,IDO,57629,,NIFTY,,2025-02-27,2025-02-27,24700.0,CE,NIFTY25FEB24700CE,279.0,318.95,268.65,272.3,277.8,270.85,23813.4,272.3,25200,975,168,314842995.0,112,F1,75,,,,,
2024-12-27,2024-12-27,FO,NSE,IDO,56543,,NIFTY,,2025-03-27,2025-03-27,24700.0,PE,NIFTY25MAR24700PE,0.0,0.0,0.0,1055.3,0.0,1055.3,23813.4,913.55,0,0,0,0.0,0,F1,75,,,,,
2024-12-27,2024-12-27,FO,NSE,IDO,56542,,NIFTY,,2025-03-27,2025-03-27,24700.0,CE,NIFTY25MAR24700CE,0.0,0.0,0.0,551.55,0.0,551.55,23813.4,434.65,0,0,0,0.0,0,F1,75,,,,,
2024-12-27,2024-12-27,FO,NSE,IDO,48161,,NIFTY,,2025-01-09,2025-01-09,24700.0,CE,NIFTY2510924700CE,24.55,26.4,13.55,14.15,14.8,21.35,23813.4,14.15,258600,128625,15238,28250075677.5,7618,F1,75,,,,,
2024-12-27,2024-12-27,FO,NSE,IDO,52473,,NIFTY,,2025-01-02,2025-01-02,23400.0,CE,NIFTY2510223400CE,484.9,611.5,473.0,492.7,503.8,463.0,23813.4,492.7,74850,13650,2924,5247079331.25,1744,F1,75,,,,,
2024-12-27,2024-12-27,FO,NSE,IDO,55655,,NIFTY,,2025-02-27,2025-02-27,23400.0,CE,NIFTY25FEB23400CE,977.3,1075.0,977.3,1008.0,1008.0,900.0,23813.4,932.2,600,225,11,20155068.75,9,F1,75,,,,,
2024-12-27,2024-12-27,FO,NSE,IDO,52717,,NIFTY,,2025-01-16,2025-01-16,24250.0,CE,NIFTY2511624250CE,183.75,183.75,151.2,151.2,151.2,179.35,23813.4,161.25,150,75,3,5492876.25,3,F1,75,,,,,
2024-12-27,2024-12-27,FO,NSE,IDO,48137,,NIFTY,,2025-01-09,2025-01-09,24250.0,CE,NIFTY2510924250CE,107.0,126.15,74.0,77.9,81.2,92.25,23813.4,77.9,69900,37125,3677,6714260283.75,2222,F1,75,,,,,
2024-12-27,2024-12-27,FO,NSE,IDO,57612,,NIFTY,,2025-02-27,2025-02-27,24250.0,PE,NIFTY25FEB24250PE,520.0,577.1,520.0,577.1,577.1,630.9,23813.4,577.1,9075,6300,94,174814616.25,53,F1,75,,,,,
2024-12-27,2024-12-27,FO,NSE,IDO,55020,,NIFTY,,2025-01-23,2025-01-23,24250.0,PE,NIFTY2512324250PE,0.0,0.0,0.0,548.45,0.0,548.45,23813.4,532.9,0,0,0,0.0,0,F1,75,,,,,
2024-12-27,2024-12-27,FO,NSE,IDO,55103,,NIFTY,,2025-03-27,2025-03-27,24250.0,PE,NIFTY25MAR24250PE,0.0,0.0,0.0,801.8,0.0,801.8,23813.4,658.5,0,0,0,0.0,0,F1,75,,,,,
2024-12-27,2024-12-27,FO,NSE,IDO,55017,,NIFTY,,2025-01-23,2025-01-23,24250.0,CE,NIFTY2512324250CE,0.0,0.0,0.0,419.3,0.0,419.3,23813.4,217.1,0,0,0,0.0,0,F1,75,,,,,
2024-12-27,2024-12-27,FO,NSE,IDO,57611,,NIFTY,,2025-02-27,2025-02-27,24250.0,CE,NIFTY25FEB24250CE,508.8,529.8,459.75,459.9,460.05,450.0,23813.4,459.9,5475,600,117,217115460.0,62,F1,75,,,,,
2024-12-27,2024-12-27,FO,NSE,IDO,52550,,NIFTY,,2025-01-02,2025-01-02,24250.0,PE,NIFTY2510224250PE,486.7,486.7,308.0,399.5,388.0,474.3,23813.4,399.5,65325,12000,3506,6472104378.75,2221,F1,75,,,,,
2024-12-27,2024-12-27,FO,NSE,IDO,52721,,NIFTY,,2025-01-16,2025-01-16,24250.0,PE,NIFTY2511624250PE,0.0,0.0,0.0,289.2,0.0,289.2,23813.4,508.35,0,0,0,0.0,0,F1,75,,,,,
2024-12-27,2024-12-27,FO,NSE,IDO,52549,,NIFTY,,2025-01-02,2025-01-02,24250.0,CE,NIFTY2510224250CE,35.0,51.9,17.85,19.15,20.5,33.45,23813.4,19.15,1833000,1144350,313298,570570792450.0,142498,F1,75,,,,,
2024-12-27,2024-12-27,FO,NSE,IDO,55102,,NIFTY,,2025-03-27,2025-03-27,24250.0,CE,NIFTY25MAR24250CE,650.0,650.0,650.0,650.0,650.0,739.95,23813.4,622.15,150,150,2,3735000.0,2,F1,75,,,,,
2024-12-27,2024-12-27,FO,NSE,IDO,46360,,NIFTY,,2025-01-30,2025-01-30,24250.0,CE,NIFTY25JAN24250CE,257.05,314.45,243.55,249.75,256.0,246.1,23813.4,249.75,56575,1575,2537,1555409290.0,982,F1,25,,,,,
2024-12-27,2024-12-27,FO,NSE,IDO,46361,,NIFTY,,2025-01-30,2025-01-30,24250.0,PE,NIFTY25JAN24250PE,525.95,540.95,433.8,504.4,501.95,570.25,23813.4,504.4,60125,6125,1327,820281297.5,553,F1,25,,,,,
2024-12-27,2024-12-27,FO,NSE,IDO,48138,,NIFTY,,2025-01-09,2025-01-09,24250.0,PE,NIFTY2510924250PE,448.85,463.0,348.15,428.6,421.55,424.55,23813.4,428.6,3750,675,108,199637673.75,96,F1,75,,,,,
2024-12-27,2024-12-27,FO,NSE,IDO,57662,,NIFTY,,2025-02-27,2025-02-27,25450.0,PE,NIFTY25FEB25450PE,0.0,0.0,0.0,1451.85,0.0,1451.85,23813.4,1463.95,0,0,0,0.0,0,F1,75,,,,,
2024-12-27,2024-12-27,FO,NSE,IDO,48190,,NIFTY,,2025-01-09,2025-01-09,25350.0,PE,NIFTY2510925350PE,0.0,0.0,0.0,770.85,0.0,770.85,23813.4,1477.7,0,0,0,0.0,0,F1,75,,,,,
2024-12-27,2024-12-27,FO,NSE,IDO,52620,,NIFTY,,2025-01-02,2025-01-02,25350.0,CE,NIFTY2510225350CE,1.9,2.15,1.1,1.25,1.2,1.85,23813.4,1.25,142650,81000,14291,27172183106.25,6384,F1,75,,,,,
2024-12-27,2024-12-27,FO,NSE,IDO,55098,,NIFTY,,2025-01-23,2025-01-23,25450.0,PE,NIFTY2512325450PE,0.0,0.0,0.0,1411.15,0.0,1411.15,23813.4,1527.8,0,0,0,0.0,0,F1,75,,,,,
2024-12-27,2024-12-27,FO,NSE,IDO,37802,,NIFTY,,2026-06-25,2026-06-25,13000.0,PE,NIFTY26JUN13000PE,0.0,0.0,0.0,21.6,21.6,21.6,23813.4,0.05,200,0,0,0.0,0,F1,75,,,,,
2024-12-27,2024-12-27,FO,NSE,IDO,52510,,NIFTY,,2025-01-02,2025-01-02,23650.0,PE,NIFTY2510223650PE,114.2,114.2,50.05,63.0,59.0,119.8,23813.4,63.0,793500,394125,283854,504891743726.25,151890,F1,75,,,,,
2024-12-27,2024-12-27,FO,NSE,IDO,54987,,NIFTY,,2025-01-23,2025-01-23,23650.0,CE,NIFTY2512323650CE,0.0,0.0,0.0,744.6,0.0,744.6,23813.4,506.85,0,0,0,0.0,0,F1,75,,,,,
2024-12-27,2024-12-27,FO,NSE,IDO,54988,,NIFTY,,2025-01-23,2025-01-23,23650.0,PE,NIFTY2512323650PE,226.9,226.9,199.35,199.35,199.35,258.8,23813.4,225.65,75,75,3,5368170.0,3,F1,75,,,,,
2024-12-27,2024-12-27,FO,NSE,IDO,51476,,NIFTY,,2025-03-27,2025-03-27,23650.0,PE,NIFTY25MAR23650PE,370.0,375.0,370.0,375.0,375.0,526.2,23813.4,375.0,75,75,2,3603375.0,2,F1,75,,,,,
2024-12-27,2024-12-27,FO,NSE,IDO,51475,,NIFTY,,2025-03-27,2025-03-27,23650.0,CE,NIFTY25MAR23650CE,0.0,0.0,0.0,1053.55,0.0,1053.55,23813.4,947.3,0,0,0,0.0,0,F1,75,,,,,
2024-12-27,2024-12-27,FO,NSE,IDO,58631,,NIFTY,,2026-12-31,2026-12-31,13000.0,PE,NIFTY26DEC13000PE,0.0,0.0,0.0,20.05,20.05,20.05,23813.4,0.05,1950,0,0,0.0,0,F1,75,,,,,
2024-12-27,2024-12-27,FO,NSE,IDO,37797,,NIFTY,,2025-12-24,2025-12-24,13000.0,PE,NIFTY25DEC13000PE,0.0,0.0,0.0,10.05,10.05,10.05,23813.4,0.05,600,0,0,0.0,0,F1,75,,,,,
2024-12-27,2024-12-27,FO,NSE,IDO,52509,,NIFTY,,2025-01-02,2025-01-02,23650.0,CE,NIFTY2510223650CE,299.0,393.5,265.8,283.8,289.9,277.85,23813.4,283.8,178575,59325,21716,39030468551.25,14813,F1,75,,,,,
2024-12-27,2024-12-27,FO,NSE,IDO,46272,,NIFTY,,2025-01-30,2025-01-30,23650.0,PE,NIFTY25JAN23650PE,269.95,274.15,202.45,240.75,235.1,288.5,23813.4,240.75,109575,1300,3734,2228962131.25,1405,F1,25,,,,,
2024-12-27,2024-12-27,FO,NSE,IDO,46271,,NIFTY,,2025-01-30,2025-01-30,23650.0,CE,NIFTY25JAN23650CE,588.95,672.7,567.75,576.4,585.6,559.15,23813.4,576.4,20875,2400,1387,841337771.25,614,F1,25,,,,,
2024-12-27,2024-12-27,FO,NSE,IDO,48101,,NIFTY,,2025-01-09,2025-01-09,23650.0,PE,NIFTY2510923650PE,151.6,159.25,100.8,123.85,121.25,176.85,23813.4,123.85,39525,23325,2004,3572918977.5,1316,F1,75,,,,,
2024-12-27,2024-12-27,FO,NSE,IDO,52626,,NIFTY,,2025-01-16,2025-01-16,23650.0,CE,NIFTY2511623650CE,0.0,0.0,0.0,551.0,551.0,551.0,23813.4,441.85,150,0,0,0.0,0,F1,75,,,,,
2024-12-27,2024-12-27,FO,NSE,IDO,57675,,NIFTY,,2025-02-27,2025-02-27,25800.0,CE,NIFTY25FEB25800CE,58.95,65.0,48.25,48.85,50.95,55.0,23813.4,48.85,16275,75,252,488634375.0,133,F1,75,,,,,
2024-12-27,2024-12-27,FO,NSE,IDO,67785,,NIFTY,,2028-12-28,2028-12-28,25000.0,PE,NIFTY28DEC25000PE,0.0,0.0,0.0,999.0,999.0,999.0,23813.4,671.2,50,0,0,0.0,0,F1,75,,,,,
2024-12-27,2024-12-27,FO,NSE,IDO,86153,,NIFTY,,2028-06-29,2028-06-29,25000.0,CE,NIFTY28JUN25000CE,0.0,0.0,0.0,3545.15,0.0,3545.15,23813.4,4813.45,0,0,0,0.0,0,F1,75,,,,,
2024-12-27,2024-12-27,FO,NSE,IDO,61772,,NIFTY,,2029-12-27,2029-12-27,25000.0,CE,NIFTY29DEC25000CE,0.0,0.0,0.0,7196.25,0.0,7196.25,23813.4,6543.1,0,0,0,0.0,0,F1,75,,,,,
2024-12-27,2024-12-27,FO,NSE,IDO,64571,,NIFTY,,2025-03-27,2025-03-27,25000.0,PE,NIFTY25MAR25000PE,1034.1,1041.5,923.0,1011.0,1001.05,1070.3,23813.4,1011.0,703975,-1275,1235,2406587891.25,993,F1,75,,,,,
2024-12-27,2024-12-27,FO,NSE,IDO,48210,,NIFTY,,2025-01-09,2025-01-09,25800.0,PE,NIFTY2510925800PE,0.0,0.0,0.0,1090.0,0.0,1090.0,23813.4,1924.85,0,0,0,0.0,0,F1,75,,,,,
2024-12-27,2024-12-27,FO,NSE,IDO,57644,,NIFTY,,2025-02-27,2025-02-27,25000.0,PE,NIFTY25FEB25000PE,1060.0,1060.0,940.0,1029.8,1021.4,1097.1,23813.4,1029.8,252975,-7200,588,1146151533.75,347,F1,75,,,,,
2024-12-27,2024-12-27,FO,NSE,IDO,52849,,NIFTY,,2025-01-16,2025-01-16,25000.0,PE,NIFTY2511625000PE,0.0,0.0,0.0,1200.0,1200.0,1200.0,23813.4,1121.7,75,0,0,0.0,0,F1,75,,,,,
2024-12-27,2024-12-27,FO,NSE,IDO,48209,,NIFTY,,2025-01-09,2025-01-09,25800.0,CE,NIFTY2510925800CE,3.3,3.35,2.4,2.5,2.5,3.25,23813.4,2.5,61050,-1800,1407,2722841392.5,653,F1,75,,,,,
2024-12-27,2024-12-27,FO,NSE,IDO,52848,,NIFTY,,2025-01-16,2025-01-16,25000.0,CE,NIFTY2511625000CE,22.8,27.1,10.1,15.6,16.6,22.55,23813.4,15.6,134025,31800,3538,6638742446.25,1294,F1,75,,,,,
2024-12-27,2024-12-27,FO,NSE,IDO,52645,,NIFTY,,2025-01-02,2025-01-02,25800.0,CE,NIFTY2510225800CE,1.6,1.8,0.95,1.05,0.95,1.65,23813.4,1.05,1689375,142500,69369,134234983425.0,12524,F1,75,,,,,
2024-12-27,2024-12-27,FO,NSE,IDO,71563,,NIFTY,,2027-06-24,2027-06-24,25000.0,PE,NIFTY27JUN25000PE,0.0,0.0,0.0,5619.05,0.0,5619.05,23813.4,863.6,0,0,0,0.0,0,F1,75,,,,,
2024-12-27,2024-12-27,FO,NSE,IDO,52884,,NIFTY,,2025-01-16,2025-01-16,25800.0,PE,NIFTY2511625800PE,0.0,0.0,0.0,1210.55,0.0,1210.55,23813.4,1893.45,0,0,0,0.0,0,F1,75,,,,,
2024-12-27,2024-12-27,FO,NSE,IDO,54989,,NIFTY,,2025-01-23,2025-01-23,23700.0,CE,NIFTY2512323700CE,465.0,510.7,465.0,510.7,510.7,465.0,23813.4,476.55,150,-225,4,7259422.5,4,F1,75,,,,,
2024-12-27,2024-12-27,FO,NSE,IDO,54990,,NIFTY,,2025-01-23,2025-01-23,23700.0,PE,NIFTY2512323700PE,240.0,244.15,200.45,227.65,225.85,276.3,23813.4,227.65,2925,375,129,231410835.0,77,F1,75,,,,,
2024-12-27,2024-12-27,FO,NSE,IDO,52629,,NIFTY,,2025-01-16,2025-01-16,23700.0,CE,NIFTY2511623700CE,443.25,509.95,415.0,429.0,430.25,410.2,23813.4,429.0,13425,2325,135,244610145.0,78,F1,75,,,,,
2024-12-27,2024-12-27,FO,NSE,IDO,51477,,NIFTY,,2025-03-27,2025-03-27,23700.0,CE,NIFTY25MAR23700CE,0.0,0.0,0.0,1024.65,0.0,1024.65,23813.4,916.9,0,0,0,0.0,0,F1,75,,,,,
2024-12-27,2024-12-27,FO,NSE,IDO,48103,,NIFTY,,2025-01-09,2025-01-09,23700.0,PE,NIFTY2510923700PE,181.45,181.45,113.35,139.35,133.0,195.75,23813.4,139.35,237825,66450,13208,23613374145.0,7626,F1,75,,,,,
2024-12-27,2024-12-27,FO,NSE,IDO,46274,,NIFTY,,2025-01-30,2025-01-30,23700.0,PE,NIFTY25JAN23700PE,305.75,305.75,216.5,256.65,251.0,307.2,23813.4,256.65,975525,6475,43765,26201608475.0,15256,F1,25,,,,,
2024-12-27,2024-12-27,FO,NSE,IDO,48104,,NIFTY,,2025-01-09,2025-01-09,23750.0,CE,NIFTY2510923750CE,344.45,404.55,299.0,311.55,318.75,305.6,23813.4,311.55,35550,450,1799,3251328990.0,1087,F1,75,,,,,
2024-12-27,2024-12-27,FO,NSE,IDO,52522,,NIFTY,,2025-01-02,2025-01-02,23750.0,PE,NIFTY2510223750PE,154.2,154.2,70.65,91.85,87.0,156.95,23813.4,91.85,1391025,632400,448785,802537411316.25,236259,F1,75,,,,,
2024-12-27,2024-12-27,FO,NSE,IDO,52520,,NIFTY,,2025-01-02,2025-01-02,23750.0,CE,NIFTY2510223750CE,240.0,313.6,198.6,211.75,219.5,215.3,23813.4,211.75,543600,-135900,134827,242660174846.25,88411,F1,75,,,,,
2024-12-27,2024-12-27,FO,NSE,IDO,53847,,NIFTY,,2025-03-27,2025-03-27,23750.0,PE,NIFTY25MAR23750PE,0.0,0.0,0.0,567.15,0.0,567.15,23813.4,431.7,0,0,0,0.0,0,F1,75,,,,,
2024-12-27,2024-12-27,FO,NSE,IDO,64557,,NIFTY,,2025-03-27,2025-03-27,20000.0,PE,NIFTY25MAR20000PE,19.0,19.5,15.75,16.05,16.55,19.55,23813.4,16.05,510100,17450,929,1394677057.5,464,F1,75,,,,,
2024-12-27,2024-12-27,FO,NSE,IDO,71551,,NIFTY,,2027-06-24,2027-06-24,20000.0,CE,NIFTY27JUN20000CE,0.0,0.0,0.0,3367.05,0.0,3367.05,23813.4,7007.25,0,0,0,0.0,0,F1,75,,,,,
2024-12-27,2024-12-27,FO,NSE,IDO,52837,,NIFTY,,2025-01-16,2025-01-16,24800.0,PE,NIFTY2511624800PE,0.0,0.0,0.0,533.35,533.35,533.35,23813.4,941.7,75,0,0,0.0,0,F1,75,,,,,
2024-12-27,2024-12-27,FO,NSE,IDO,55056,,NIFTY,,2025-01-23,2025-01-23,24800.0,CE,NIFTY2512324800CE,75.0,80.0,54.05,57.4,57.4,65.0,23813.4,57.4,3600,-900,55,102577575.0,26,F1,75,,,,,
2024-12-27,2024-12-27,FO,NSE,IDO,55058,,NIFTY,,2025-01-23,2025-01-23,24800.0,PE,NIFTY2512324800PE,0.0,0.0,0.0,896.95,0.0,896.95,23813.4,942.65,0,0,0,0.0,0,F1,75,,,,,
2024-12-27,2024-12-27,FO,NSE,IDO,56546,,NIFTY,,2025-03-27,2025-03-27,24800.0,CE,NIFTY25MAR24800CE,399.0,399.0,399.0,399.0,399.0,514.9,23813.4,399.0,75,75,1,1889925.0,1,F1,75,,,,,
2024-12-27,2024-12-27,FO,NSE,IDO,52595,,NIFTY,,2025-01-02,2025-01-02,24800.0,CE,NIFTY2510224800CE,3.1,3.95,1.6,1.9,1.7,3.3,23813.4,1.9,3536625,780375,363288,675783535893.75,82867,F1,75,,,,,
2024-12-27,2024-12-27,FO,NSE,IDO,46407,,NIFTY,,2025-01-30,2025-01-30,24800.0,PE,NIFTY25JAN24800PE,865.45,910.0,779.45,883.15,880.7,953.3,23813.4,883.15,174750,-6300,1285,823938201.25,405,F1,25,,,,,
2024-12-27,2024-12-27,FO,NSE,IDO,57633,,NIFTY,,2025-02-27,2025-02-27,24800.0,CE,NIFTY25FEB24800CE,249.0,282.75,235.6,240.2,244.0,238.65,23813.4,240.2,38250,5400,500,939489881.25,399,F1,75,,,,,
2024-12-27,2024-12-27,FO,NSE,IDO,52836,,NIFTY,,2025-01-16,2025-01-16,24800.0,CE,NIFTY2511624800CE,40.0,45.6,27.3,30.1,29.45,38.95,23813.4,30.1,28575,11325,476,886583426.25,202,F1,75,,,,,
2024-12-27,2024-12-27,FO,NSE,IDO,52596,,NIFTY,,2025-01-02,2025-01-02,24800.0,PE,NIFTY2510224800PE,935.0,950.3,817.55,939.6,920.0,991.7,23813.4,939.6,145500,1050,173,333224310.0,111,F1,75,,,,,
2024-12-27,2024-12-27,FO,NSE,IDO,48166,,NIFTY,,2025-01-09,2025-01-09,24800.0,PE,NIFTY2510924800PE,848.0,863.0,848.0,863.0,863.0,969.0,23813.4,945.6,8100,450,6,11544975.0,2,F1,75,,,,,
2024-12-27,2024-12-27,FO,NSE,IDO,46406,,NIFTY,,2025-01-30,2025-01-30,24800.0,CE,NIFTY25JAN24800CE,90.0,116.35,82.8,85.1,87.0,89.55,23813.4,85.1,962700,155075,41357,25741297196.25,13354,F1,25,,,,,
2024-12-27,2024-12-27,FO,NSE,IDO,46519,,NIFTY,,2025-01-30,2025-01-30,25850.0,CE,NIFTY25JAN25850CE,13.05,13.05,9.65,9.9,10.5,11.9,23813.4,9.9,15175,400,502,324551018.75,168,F1,25,,,,,
2024-12-27,2024-12-27,FO,NSE,IDO,52647,,NIFTY,,2025-01-02,2025-01-02,25850.0,CE,NIFTY2510225850CE,1.75,2.5,0.9,1.05,0.95,1.7,23813.4,1.05,113850,93150,8372,16231956960.0,3200,F1,75,,,,,
2024-12-27,2024-12-27,FO,NSE,IDO,55617,,NIFTY,,2025-02-27,2025-02-27,22450.0,CE,NIFTY25FEB22450CE,0.0,0.0,0.0,2029.3,0.0,2029.3,23813.4,1683.0,0,0,0,0.0,0,F1,75,,,,,
2024-12-27,2024-12-27,FO,NSE,IDO,43241,,NIFTY,,2025-01-30,2025-01-30,22450.0,CE,NIFTY25JAN22450CE,0.0,0.0,0.0,1500.0,1500.0,1500.0,23813.4,1527.55,350,0,0,0.0,0,F1,25,,,,,
2024-12-27,2024-12-27,FO,NSE,IDO,55612,,NIFTY,,2025-02-27,2025-02-27,22300.0,PE,NIFTY25FEB22300PE,80.0,80.25,64.6,73.8,73.15,89.65,23813.4,73.8,117525,32175,1775,2978100772.5,724,F1,75,,,,,
2024-12-27,2024-12-27,FO,NSE,IDO,55657,,NIFTY,,2025-03-27,2025-03-27,24500.0,PE,NIFTY25MAR24500PE,731.0,743.15,667.15,725.85,705.5,937.8,23813.4,725.85,5250,5250,163,308027508.75,105,F1,75,,,,,
2024-12-27,2024-12-27,FO,NSE,IDO,46373,,NIFTY,,2025-01-30,2025-01-30,24500.0,PE,NIFTY25JAN24500PE,700.15,700.15,573.8,659.75,655.35,731.5,23813.4,659.75,1307575,28575,16463,10345409885.0,6396,F1,25,,,,,
2024-12-27,2024-12-27,FO,NSE,IDO,46958,,NIFTY,,2025-03-27,2025-03-27,22100.0,CE,NIFTY25MAR22100CE,0.0,0.0,0.0,2173.55,0.0,2173.55,23813.4,2140.0,0,0,0,0.0,0,F1,75,,,,,
2024-12-27,2024-12-27,FO,NSE,IDO,52422,,NIFTY,,2025-01-16,2025-01-16,22100.0,CE,NIFTY2511622100CE,0.0,0.0,0.0,2607.95,0.0,2607.95,23813.4,1796.6,0,0,0,0.0,0,F1,75,,,,,
2024-12-27,2024-12-27,FO,NSE,IDO,43220,,NIFTY,,2025-01-30,2025-01-30,22100.0,PE,NIFTY25JAN22100PE,30.0,30.05,21.35,22.1,22.0,31.25,23813.4,22.1,113825,21400,4591,2539147297.5,1422,F1,25,,,,,
2024-12-27,2024-12-27,FO,NSE,IDO,55036,,NIFTY,,2025-01-23,2025-01-23,24500.0,PE,NIFTY2512324500PE,0.0,0.0,0.0,695.55,0.0,695.55,23813.4,706.05,0,0,0,0.0,0,F1,75,,,,,
2024-12-27,2024-12-27,FO,NSE,IDO,48026,,NIFTY,,2025-01-09,2025-01-09,22100.0,PE,NIFTY2510922100PE,4.8,5.15,3.85,4.15,4.0,3.9,23813.4,4.15,14175,14175,446,739389180.0,259,F1,75,,,,,
2024-12-27,2024-12-27,FO,NSE,IDO,52432,,NIFTY,,2025-01-16,2025-01-16,22100.0,PE,NIFTY2511622100PE,0.0,0.0,0.0,5.3,0.0,5.3,23813.4,1.6,0,0,0,0.0,0,F1,75,,,,,
2024-12-27,2024-12-27,FO,NSE,IDO,55656,,NIFTY,,2025-03-27,2025-03-27,24500.0,CE,NIFTY25MAR24500CE,525.0,575.75,501.05,506.2,512.0,630.45,23813.4,506.2,12075,12075,493,925715272.5,234,F1,75,,,,,
2024-12-27,2024-12-27,FO,NSE,IDO,57621,,NIFTY,,2025-02-27,2025-02-27,24500.0,CE,NIFTY25FEB24500CE,359.0,406.65,341.3,350.1,356.25,344.55,23813.4,350.1,296550,24825,2141,3993780588.75,1370,F1,75,,,,,
2024-12-27,2024-12-27,FO,NSE,IDO,48151,,NIFTY,,2025-01-09,2025-01-09,24500.0,PE,NIFTY2510924500PE,650.05,651.35,524.85,617.4,612.95,696.4,23813.4,617.4,147375,20625,846,1592092507.5,507,F1,75,,,,,
2024-12-27,2024-12-27,FO,NSE,IDO,57622,,NIFTY,,2025-02-27,2025-02-27,24500.0,PE,NIFTY25FEB24500PE,736.4,740.3,640.35,707.1,702.3,770.1,23813.4,707.1,252675,-675,1559,2943353310.0,925,F1,75,,,,,
2024-12-27,2024-12-27,FO,NSE,IDO,52765,,NIFTY,,2025-01-16,2025-01-16,24500.0,CE,NIFTY2511624500CE,90.0,107.1,70.45,73.25,73.5,83.2,23813.4,73.25,87975,36600,1947,3589775696.25,943,F1,75,,,,,
2024-12-27,2024-12-27,FO,NSE,IDO,55073,,NIFTY,,2025-01-23,2025-01-23,25100.0,CE,NIFTY2512325100CE,27.75,35.0,25.0,25.75,25.0,27.75,23813.4,25.75,1200,375,19,35806372.5,14,F1,75,,,,,
2024-12-27,2024-12-27,FO,NSE,IDO,57648,,NIFTY,,2025-02-27,2025-02-27,25100.0,PE,NIFTY25FEB25100PE,1039.9,1039.9,1039.9,1039.9,1039.9,1024.5,23813.4,1182.9,525,0,1,1960492.5,1,F1,75,,,,,
2024-12-27,2024-12-27,FO,NSE,IDO,56869,,NIFTY,,2025-03-27,2025-03-27,25100.0,PE,NIFTY25MAR25100PE,0.0,0.0,0.0,1312.35,0.0,1312.35,23813.4,1178.3,0,0,0,0.0,0,F1,75,,,,,
2024-12-27,2024-12-27,FO,NSE,IDO,52608,,NIFTY,,2025-01-02,2025-01-02,25100.0,PE,NIFTY2510225100PE,1220.0,1220.0,1220.0,1220.0,1220.0,1288.35,23813.4,1258.95,16200,0,1,1974000.0,1,F1,75,,,,,
2024-12-27,2024-12-27,FO,NSE,IDO,55074,,NIFTY,,2025-01-23,2025-01-23,25100.0,PE,NIFTY2512325100PE,0.0,0.0,0.0,1122.75,0.0,1122.75,23813.4,1203.3,0,0,0,0.0,0,F1,75,,,,,
2024-12-27,2024-12-27,FO,NSE,IDO,52607,,NIFTY,,2025-01-02,2025-01-02,25100.0,CE,NIFTY2510225100CE,2.1,2.4,1.2,1.35,1.35,2.05,23813.4,1.35,1138800,355650,96519,181708079531.25,21340,F1,75,,,,,
2024-12-27,2024-12-27,FO,NSE,IDO,52852,,NIFTY,,2025-01-16,2025-01-16,25100.0,CE,NIFTY2511625100CE,17.0,19.05,11.7,12.25,12.05,17.15,23813.4,12.25,9525,-300,85,160107363.75,37,F1,75,,,,,
2024-12-27,2024-12-27,FO,NSE,IDO,55042,,NIFTY,,2025-01-23,2025-01-23,24650.0,CE,NIFTY2512324650CE,0.0,0.0,0.0,266.65,0.0,266.65,23813.4,107.0,0,0,0,0.0,0,F1,75,,,,,
2024-12-27,2024-12-27,FO,NSE,IDO,48143,,NIFTY,,2025-01-09,2025-01-09,24400.0,CE,NIFTY2510924400CE,65.25,78.5,42.45,44.2,46.7,58.1,23813.4,44.2,332925,213600,16860,30925362840.0,9263,F1,75,,,,,
2024-12-27,2024-12-27,FO,NSE,IDO,52566,,NIFTY,,2025-01-02,2025-01-02,24400.0,CE,NIFTY2510224400CE,17.95,23.25,6.95,7.6,7.65,15.8,23813.4,7.6,2857200,1391550,462493,846858105468.75,153398,F1,75,,,,,
2024-12-27,2024-12-27,FO,NSE,IDO,43209,,NIFTY,,2025-01-30,2025-01-30,21900.0,CE,NIFTY25JAN21900CE,2130.0,2130.0,2130.0,2130.0,2130.0,2002.15,23813.4,2055.6,400,25,1,600750.0,1,F1,25,,,,,
2024-12-27,2024-12-27,FO,NSE,IDO,43386,,NIFTY,,2025-06-26,2025-06-26,14000.0,PE,NIFTY25JUN14000PE,0.0,0.0,0.0,0.25,0.25,0.25,23813.4,0.05,2925,0,0,0.0,0,F1,75,,,,,
2024-12-27,2024-12-27,FO,NSE,IDO,50444,,NIFTY,,2026-06-25,2026-06-25,14000.0,PE,NIFTY26JUN14000PE,0.0,0.0,0.0,20.0,20.0,20.0,23813.4,0.05,925,0,0,0.0,0,F1,75,,,,,
2024-12-27,2024-12-27,FO,NSE,IDO,46238,,NIFTY,,2025-01-30,2025-01-30,23450.0,PE,NIFTY25JAN23450PE,209.9,209.9,154.3,180.4,178.35,223.9,23813.4,180.4,45375,6900,2239,1322415506.25,914,F1,25,,,,,
2024-12-27,2024-12-27,FO,NSE,IDO,54965,,NIFTY,,2025-01-23,2025-01-23,23450.0,CE,NIFTY2512323450CE,0.0,0.0,0.0,878.4,0.0,878.4,23813.4,638.55,0,0,0,0.0,0,F1,75,,,,,
2024-12-27,2024-12-27,FO,NSE,IDO,56738,,NIFTY,,2025-02-27,2025-02-27,23450.0,PE,NIFTY25FEB23450PE,0.0,0.0,0.0,281.1,281.1,281.1,23813.4,267.8,75,0,0,0.0,0,F1,75,,,,,
2024-12-27,2024-12-27,FO,NSE,IDO,48093,,NIFTY,,2025-01-09,2025-01-09,23450.0,PE,NIFTY2510923450PE,97.9,104.45,62.3,75.6,73.55,116.35,23813.4,75.6,36375,16800,3453,6092358153.75,2185,F1,75,,,,,
2024-12-27,2024-12-27,FO,NSE,IDO,51124,,NIFTY,,2025-03-27,2025-03-27,23450.0,CE,NIFTY25MAR23450CE,0.0,0.0,0.0,1173.95,0.0,1173.95,23813.4,1074.65,0,0,0,0.0,0,F1,75,,,,,
2024-12-27,2024-12-27,FO,NSE,IDO,55606,,NIFTY,,2025-02-27,2025-02-27,22150.0,PE,NIFTY25FEB22150PE,0.0,0.0,0.0,81.4,81.4,81.4,23813.4,37.35,14475,0,0,0.0,0,F1,75,,,,,
2024-12-27,2024-12-27,FO,NSE,IDO,54700,,NIFTY,,2025-01-23,2025-01-23,22150.0,CE,NIFTY2512322150CE,0.0,0.0,0.0,1977.6,0.0,1977.6,23813.4,1779.2,0,0,0,0.0,0,F1,75,,,,,
2024-12-27,2024-12-27,FO,NSE,IDO,54706,,NIFTY,,2025-01-23,2025-01-23,22150.0,PE,NIFTY2512322150PE,0.0,0.0,0.0,21.4,0.0,21.4,23813.4,5.5,0,0,0,0.0,0,F1,75,,,,,
2024-12-27,2024-12-27,FO,NSE,IDO,46974,,NIFTY,,2025-03-27,2025-03-27,22150.0,CE,NIFTY25MAR22150CE,0.0,0.0,0.0,2131.6,0.0,2131.6,23813.4,2095.55,0,0,0,0.0,0,F1,75,,,,,
2024-12-27,2024-12-27,FO,NSE,IDO,52436,,NIFTY,,2025-01-16,2025-01-16,22150.0,PE,NIFTY2511622150PE,0.0,0.0,0.0,6.05,0.0,6.05,23813.4,2.0,0,0,0,0.0,0,F1,75,,,,,
2024-12-27,2024-12-27,FO,NSE,IDO,48028,,NIFTY,,2025-01-09,2025-01-09,22150.0,PE,NIFTY2510922150PE,0.0,0.0,0.0,4.45,0.0,4.45,23813.4,0.3,0,0,0,0.0,0,F1,75,,,,,
2024-12-27,2024-12-27,FO,NSE,IDO,48027,,NIFTY,,2025-01-09,2025-01-09,22150.0,CE,NIFTY2510922150CE,0.0,0.0,0.0,2717.15,0.0,2717.15,23813.4,1716.9,0,0,0,0.0,0,F1,75,,,,,
2024-12-27,2024-12-27,FO,NSE,IDO,55605,,NIFTY,,2025-02-27,2025-02-27,22150.0,CE,NIFTY25FEB22150CE,0.0,0.0,0.0,2279.25,0.0,2279.25,23813.4,1953.25,0,0,0,0.0,0,F1,75,,,,,
2024-12-27,2024-12-27,FO,NSE,IDO,43221,,NIFTY,,2025-01-30,2025-01-30,22150.0,CE,NIFTY25JAN22150CE,0.0,0.0,0.0,2466.85,2468.1,2466.85,23813.4,1812.65,200,0,0,0.0,0,F1,25,,,,,
2024-12-27,2024-12-27,FO,NSE,IDO,43224,,NIFTY,,2025-01-30,2025-01-30,22150.0,PE,NIFTY25JAN22150PE,30.55,30.55,22.2,25.05,23.85,33.65,23813.4,25.05,17700,4125,928,514457561.25,294,F1,25,,,,,
2024-12-27,2024-12-27,FO,NSE,IDO,46975,,NIFTY,,2025-03-27,2025-03-27,22150.0,PE,NIFTY25MAR22150PE,0.0,0.0,0.0,131.35,0.0,131.35,23813.4,66.55,0,0,0,0.0,0,F1,75,,,,,
2024-12-27,2024-12-27,FO,NSE,IDO,52433,,NIFTY,,2025-01-16,2025-01-16,22150.0,CE,NIFTY2511622150CE,0.0,0.0,0.0,2559.05,0.0,2559.05,23813.4,1747.15,0,0,0,0.0,0,F1,75,,,,,
2024-12-27,2024-12-27,FO,NSE,IDO,52396,,NIFTY,,2025-01-02,2025-01-02,22150.0,PE,NIFTY2510222150PE,2.65,2.75,1.75,2.05,1.9,2.65,23813.4,2.05,183600,166350,21442,35623991868.75,10285,F1,75,,,,,
2024-12-27,2024-12-27,FO,NSE,IDO,52395,,NIFTY,,2025-01-02,2025-01-02,22150.0,CE,NIFTY2510222150CE,0.0,0.0,0.0,1467.55,0.0,1467.55,23813.4,1687.95,0,0,0,0.0,0,F1,75,,,,,
2024-12-27,2024-12-27,FO,NSE,IDO,71394,,NIFTY,,2025-12-24,2025-12-24,24000.0,PE,NIFTY25DEC24000PE,760.0,772.45,715.0,743.2,743.0,760.5,23813.4,743.2,573025,10175,440,816280413.75,358,F1,75,,,,,
2024-12-27,2024-12-27,FO,NSE,IDO,64693,,NIFTY,,2025-09-25,2025-09-25,24000.0,PE,NIFTY25SEP24000PE,0.0,0.0,0.0,335.2,0.0,335.2,23813.4,663.95,0,0,0,0.0,0,F1,75,,,,,
2024-12-27,2024-12-27,FO,NSE,IDO,64563,,NIFTY,,2025-03-27,2025-03-27,22000.0,PE,NIFTY25MAR22000PE,97.8,101.4,80.85,87.45,88.1,103.25,23813.4,87.45,1016775,41575,2848,4717636005.0,1469,F1,75,,,,,
2024-12-27,2024-12-27,FO,NSE,IDO,64567,,NIFTY,,2025-03-27,2025-03-27,24000.0,PE,NIFTY25MAR24000PE,535.8,540.55,463.1,499.75,493.15,548.05,23813.4,499.75,1554725,37600,5056,9286786395.0,3633,F1,75,,,,,
2024-12-27,2024-12-27,FO,NSE,IDO,71557,,NIFTY,,2027-06-24,2027-06-24,22000.0,PE,NIFTY27JUN22000PE,0.0,0.0,0.0,3995.4,0.0,3995.4,23813.4,275.55,0,0,0,0.0,0,F1,75,,,,,
2024-12-27,2024-12-27,FO,NSE,IDO,52644,,NIFTY,,2025-01-02,2025-01-02,25750.0,PE,NIFTY2510225750PE,0.0,0.0,0.0,1981.4,1981.4,1981.4,23813.4,1908.05,1500,0,0,0.0,0,F1,75,,,,,
2024-12-27,2024-12-27,FO,NSE,IDO,52881,,NIFTY,,2025-01-16,2025-01-16,25750.0,PE,NIFTY2511625750PE,0.0,0.0,0.0,1170.65,0.0,1170.65,23813.4,1844.05,0,0,0,0.0,0,F1,75,,,,,
2024-12-27,2024-12-27,FO,NSE,IDO,43249,,NIFTY,,2025-01-30,2025-01-30,22650.0,CE,NIFTY25JAN22650CE,0.0,0.0,0.0,1992.95,1991.45,1992.95,23813.4,1343.55,175,0,0,0.0,0,F1,25,,,,,
2024-12-27,2024-12-27,FO,NSE,IDO,54758,,NIFTY,,2025-01-23,2025-01-23,22650.0,CE,NIFTY2512322650CE,0.0,0.0,0.0,1518.65,0.0,1518.65,23813.4,1301.65,0,0,0,0.0,0,F1,75,,,,,
2024-12-27,2024-12-27,FO,NSE,IDO,52430,,NIFTY,,2025-01-02,2025-01-02,22650.0,PE,NIFTY2510222650PE,5.25,5.4,2.85,3.35,3.05,5.25,23813.4,3.35,891600,334950,64783,110068582953.75,21306,F1,75,,,,,
2024-12-27,2024-12-27,FO,NSE,IDO,43254,,NIFTY,,2025-01-30,2025-01-30,22650.0,PE,NIFTY25JAN22650PE,70.0,70.0,47.55,52.1,52.15,72.05,23813.4,52.1,15575,7150,1828,1037523880.0,493,F1,25,,,,,
2024-12-27,2024-12-27,FO,NSE,IDO,55625,,NIFTY,,2025-02-27,2025-02-27,22650.0,CE,NIFTY25FEB22650CE,0.0,0.0,0.0,1869.3,0.0,1869.3,23813.4,1509.95,0,0,0,0.0,0,F1,75,,,,,
2024-12-27,2024-12-27,FO,NSE,IDO,54761,,NIFTY,,2025-01-23,2025-01-23,22650.0,PE,NIFTY2512322650PE,0.0,0.0,0.0,56.55,56.55,56.55,23813.4,25.45,75,0,0,0.0,0,F1,75,,,,,
2024-12-27,2024-12-27,FO,NSE,IDO,50971,,NIFTY,,2025-12-24,2025-12-24,27000.0,CE,NIFTY25DEC27000CE,685.85,705.0,662.0,668.2,667.0,677.5,23813.4,668.2,191775,1450,125,259531961.25,118,F1,75,,,,,
2024-12-27,2024-12-27,FO,NSE,IDO,50984,,NIFTY,,2027-06-24,2027-06-24,27000.0,PE,NIFTY27JUN27000PE,0.0,0.0,0.0,6273.45,0.0,6273.45,23813.4,1530.5,0,0,0,0.0,0,F1,75,,,,,
2024-12-27,2024-12-27,FO,NSE,IDO,61795,,NIFTY,,2029-12-27,2029-12-27,27000.0,PE,NIFTY29DEC27000PE,0.0,0.0,0.0,1177.9,0.0,1177.9,23813.4,923.5,0,0,0,0.0,0,F1,75,,,,,
2024-12-27,2024-12-27,FO,NSE,IDO,50979,,NIFTY,,2026-12-31,2026-12-31,27000.0,PE,NIFTY26DEC27000PE,0.0,0.0,0.0,6522.3,0.0,6522.3,23813.4,1697.35,0,0,0,0.0,0,F1,75,,,,,
2024-12-27,2024-12-27,FO,NSE,IDO,64577,,NIFTY,,2025-03-27,2025-03-27,27000.0,PE,NIFTY25MAR27000PE,2745.95,2745.95,2542.5,2670.0,2655.0,2745.45,23813.4,2670.0,489175,7875,192,426734838.75,151,F1,75,,,,,
2024-12-27,2024-12-27,FO,NSE,IDO,50976,,NIFTY,,2026-06-25,2026-06-25,27000.0,PE,NIFTY26JUN27000PE,0.0,0.0,0.0,6810.7,0.0,6810.7,23813.4,1909.05,0,0,0,0.0,0,F1,75,,,,,
2024-12-27,2024-12-27,FO,NSE,IDO,67788,,NIFTY,,2028-12-28,2028-12-28,27000.0,CE,NIFTY28DEC27000CE,0.0,0.0,0.0,4437.95,0.0,4437.95,23813.4,4332.8,0,0,0,0.0,0,F1,75,,,,,
2024-12-27,2024-12-27,FO,NSE,IDO,50972,,NIFTY,,2025-12-24,2025-12-24,27000.0,PE,NIFTY25DEC27000PE,2050.0,2050.0,1914.95,2018.15,2023.0,2051.05,23813.4,2018.15,81150,775,46,99987225.0,44,F1,75,,,,,
2024-12-27,2024-12-27,FO,NSE,IDO,86163,,NIFTY,,2028-06-29,2028-06-29,27000.0,CE,NIFTY28JUN27000CE,0.0,0.0,0.0,2885.15,0.0,2885.15,23813.4,3745.4,0,0,0,0.0,0,F1,75,,,,,
2024-12-27,2024-12-27,FO,NSE,IDO,64698,,NIFTY,,2025-09-25,2025-09-25,27000.0,CE,NIFTY25SEP27000CE,0.0,0.0,0.0,2279.95,0.0,2279.95,23813.4,454.55,0,0,0,0.0,0,F1,75,,,,,
2024-12-27,2024-12-27,FO,NSE,IDO,86164,,NIFTY,,2028-06-29,2028-06-29,27000.0,PE,NIFTY28JUN27000PE,0.0,0.0,0.0,2752.35,0.0,2752.35,23813.4,1240.9,0,0,0,0.0,0,F1,75,,,,,
2024-12-27,2024-12-27,FO,NSE,IDO,50970,,NIFTY,,2025-06-26,2025-06-26,27000.0,PE,NIFTY25JUN27000PE,2408.45,2408.45,2255.0,2364.75,2350.0,2421.0,23813.4,2364.75,29700,225,29,63771247.5,29,F1,75,,,,,
2024-12-27,2024-12-27,FO,NSE,IDO,50969,,NIFTY,,2025-06-26,2025-06-26,27000.0,CE,NIFTY25JUN27000CE,165.85,178.6,161.0,162.25,165.0,163.45,23813.4,162.25,143550,10425,392,798721215.0,290,F1,75,,,,,
2024-12-27,2024-12-27,FO,NSE,IDO,50973,,NIFTY,,2026-06-25,2026-06-25,27000.0,CE,NIFTY26JUN27000CE,0.0,0.0,0.0,1352.8,0.0,1352.8,23813.4,1311.1,0,0,0,0.0,0,F1,75,,,,,
2024-12-27,2024-12-27,FO,NSE,IDO,89636,,NIFTY,,2029-06-28,2029-06-28,27000.0,CE,NIFTY29JUN27000CE,0.0,0.0,0.0,6570.4,0.0,6570.4,23813.4,4909.5,0,0,0,0.0,0,F1,75,,,,,
2024-12-27,2024-12-27,FO,NSE,IDO,54728,,NIFTY,,2025-03-27,2025-03-27,24100.0,PE,NIFTY25MAR24100PE,0.0,0.0,0.0,726.2,0.0,726.2,23813.4,584.1,0,0,0,0.0,0,F1,75,,,,,
2024-12-27,2024-12-27,FO,NSE,IDO,57605,,NIFTY,,2025-02-27,2025-02-27,24100.0,CE,NIFTY25FEB24100CE,540.0,614.45,533.85,539.95,545.8,532.1,23813.4,539.95,15900,3525,350,647582568.75,227,F1,75,,,,,
2024-12-27,2024-12-27,FO,NSE,IDO,52697,,NIFTY,,2025-01-16,2025-01-16,24100.0,CE,NIFTY2511624100CE,224.0,265.55,195.0,200.8,203.05,201.45,23813.4,200.8,6900,2775,230,419587803.75,173,F1,75,,,,,
2024-12-27,2024-12-27,FO,NSE,IDO,46991,,NIFTY,,2025-03-27,2025-03-27,22400.0,CE,NIFTY25MAR22400CE,0.0,0.0,0.0,1926.75,0.0,1926.75,23813.4,1877.8,0,0,0,0.0,0,F1,75,,,,,
2024-12-27,2024-12-27,FO,NSE,IDO,43492,,NIFTY,,2025-01-30,2025-01-30,23200.0,CE,NIFTY25JAN23200CE,911.5,1025.55,895.7,911.2,924.1,867.15,23813.4,911.2,15950,325,173,104401622.5,78,F1,25,,,,,
2024-12-27,2024-12-27,FO,NSE,IDO,54786,,NIFTY,,2025-01-23,2025-01-23,23200.0,CE,NIFTY2512323200CE,0.0,0.0,0.0,1062.15,0.0,1062.15,23813.4,825.3,0,0,0,0.0,0,F1,75,,,,,
2024-12-27,2024-12-27,FO,NSE,IDO,55648,,NIFTY,,2025-02-27,2025-02-27,23200.0,PE,NIFTY25FEB23200PE,234.35,234.35,188.0,208.5,208.0,241.35,23813.4,208.5,95175,1800,468,821345497.5,261,F1,75,,,,,
2024-12-27,2024-12-27,FO,NSE,IDO,52548,,NIFTY,,2025-01-16,2025-01-16,23200.0,CE,NIFTY2511623200CE,0.0,0.0,0.0,798.85,798.85,798.85,23813.4,768.7,750,0,0,0.0,0,F1,75,,,,,
2024-12-27,2024-12-27,FO,NSE,IDO,48079,,NIFTY,,2025-01-09,2025-01-09,23200.0,CE,NIFTY2510923200CE,828.7,831.15,728.2,728.75,728.75,682.8,23813.4,709.25,3075,1725,23,41308113.75,10,F1,75,,,,,
2024-12-27,2024-12-27,FO,NSE,IDO,48696,,NIFTY,,2025-03-27,2025-03-27,23200.0,PE,NIFTY25MAR23200PE,270.15,270.15,243.0,257.8,257.0,366.2,23813.4,257.8,8400,8400,119,209326650.0,53,F1,75,,,,,
2024-12-27,2024-12-27,FO,NSE,IDO,52551,,NIFTY,,2025-01-16,2025-01-16,23200.0,PE,NIFTY2511623200PE,91.0,91.9,62.1,72.15,72.0,100.65,23813.4,72.15,14850,5100,148,258301826.25,85,F1,75,,,,,
2024-12-27,2024-12-27,FO,NSE,IDO,52461,,NIFTY,,2025-01-02,2025-01-02,23200.0,PE,NIFTY2510223200PE,23.95,25.55,8.7,10.45,10.3,29.0,23813.4,10.45,2420775,1240500,312013,543205026918.75,94976,F1,75,,,,,
2024-12-27,2024-12-27,FO,NSE,IDO,46463,,NIFTY,,2025-01-30,2025-01-30,25350.0,CE,NIFTY25JAN25350CE,30.95,32.6,23.0,23.5,24.6,27.95,23813.4,23.5,31725,10450,2152,1365186082.5,681,F1,25,,,,,
2024-12-27,2024-12-27,FO,NSE,IDO,48188,,NIFTY,,2025-01-09,2025-01-09,25350.0,CE,NIFTY2510925350CE,3.1,6.45,3.05,3.2,3.05,7.95,23813.4,3.2,3975,300,111,211066860.0,49,F1,75,,,,,
2024-12-27,2024-12-27,FO,NSE,IDO,56879,,NIFTY,,2025-03-27,2025-03-27,25350.0,PE,NIFTY25MAR25350PE,0.0,0.0,0.0,1487.0,0.0,1487.0,23813.4,1360.05,0,0,0,0.0,0,F1,75,,,,,
2024-12-27,2024-12-27,FO,NSE,IDO,55051,,NIFTY,,2025-01-23,2025-01-23,24750.0,PE,NIFTY2512324750PE,0.0,0.0,0.0,861.6,0.0,861.6,23813.4,901.3,0,0,0,0.0,0,F1,75,,,,,
2024-12-27,2024-12-27,FO,NSE,IDO,56545,,NIFTY,,2025-03-27,2025-03-27,24750.0,PE,NIFTY25MAR24750PE,0.0,0.0,0.0,1085.85,0.0,1085.85,23813.4,944.8,0,0,0,0.0,0,F1,75,,,,,
2024-12-27,2024-12-27,FO,NSE,IDO,48164,,NIFTY,,2025-01-09,2025-01-09,24750.0,PE,NIFTY2510924750PE,815.0,815.0,807.9,807.9,807.9,316.95,23813.4,899.25,4875,300,4,7668967.5,2,F1,75,,,,,
2024-12-27,2024-12-27,FO,NSE,IDO,52408,,NIFTY,,2025-01-16,2025-01-16,21850.0,PE,NIFTY2511621850PE,6.0,9.65,6.0,6.6,6.0,9.0,23813.4,6.6,4275,4200,100,163927548.75,31,F1,75,,,,,
2024-12-27,2024-12-27,FO,NSE,IDO,52056,,NIFTY,,2025-01-02,2025-01-02,21850.0,PE,NIFTY2510221850PE,1.95,2.3,1.45,1.6,1.7,2.35,23813.4,1.6,215700,101700,19203,31471517778.75,9175,F1,75,,,,,
2024-12-27,2024-12-27,FO,NSE,IDO,54686,,NIFTY,,2025-01-23,2025-01-23,21850.0,CE,NIFTY2512321850CE,0.0,0.0,0.0,2264.8,0.0,2264.8,23813.4,2074.1,0,0,0,0.0,0,F1,75,,,,,
2024-12-27,2024-12-27,FO,NSE,IDO,55593,,NIFTY,,2025-02-27,2025-02-27,21850.0,CE,NIFTY25FEB21850CE,0.0,0.0,0.0,2539.6,0.0,2539.6,23813.4,2233.25,0,0,0,0.0,0,F1,75,,,,,
2024-12-27,2024-12-27,FO,NSE,IDO,54689,,NIFTY,,2025-01-23,2025-01-23,21850.0,PE,NIFTY2512321850PE,0.0,0.0,0.0,10.65,0.0,10.65,23813.4,1.85,0,0,0,0.0,0,F1,75,,,,,
2024-12-27,2024-12-27,FO,NSE,IDO,46489,,NIFTY,,2025-01-30,2025-01-30,25550.0,PE,NIFTY25JAN25550PE,0.0,0.0,0.0,1630.0,1630.0,1630.0,23813.4,1603.15,6450,0,0,0.0,0,F1,25,,,,,
2024-12-27,2024-12-27,FO,NSE,IDO,57665,,NIFTY,,2025-02-27,2025-02-27,25550.0,CE,NIFTY25FEB25550CE,92.35,92.35,74.9,76.55,78.5,84.6,23813.4,76.55,1950,1800,118,226820812.5,57,F1,75,,,,,
2024-12-27,2024-12-27,FO,NSE,IDO,52870,,NIFTY,,2025-01-16,2025-01-16,25500.0,CE,NIFTY2511625500CE,8.8,9.2,5.75,5.85,5.8,7.85,23813.4,5.85,79125,27300,885,1693057106.25,365,F1,75,,,,,
2024-12-27,2024-12-27,FO,NSE,IDO,52632,,NIFTY,,2025-01-02,2025-01-02,25500.0,PE,NIFTY2510225500PE,1630.0,1635.6,1518.0,1629.9,1624.2,1683.4,23813.4,1629.9,53850,-9450,214,435288048.75,48,F1,75,,,,,
2024-12-27,2024-12-27,FO,NSE,IDO,56885,,NIFTY,,2025-03-27,2025-03-27,25500.0,PE,NIFTY25MAR25500PE,0.0,0.0,0.0,1597.65,0.0,1597.65,23813.4,1474.5,0,0,0,0.0,0,F1,75,,,,,
2024-12-27,2024-12-27,FO,NSE,IDO,52676,,NIFTY,,2025-01-16,2025-01-16,23850.0,PE,NIFTY2511623850PE,284.65,284.7,211.0,245.25,244.4,295.3,23813.4,245.25,4875,4425,156,281820735.0,78,F1,75,,,,,
2024-12-27,2024-12-27,FO,NSE,IDO,54720,,NIFTY,,2025-03-27,2025-03-27,23850.0,PE,NIFTY25MAR23850PE,491.0,491.0,434.0,434.0,434.0,610.1,23813.4,472.25,225,225,3,5468175.0,2,F1,75,,,,,
2024-12-27,2024-12-27,FO,NSE,IDO,57686,,NIFTY,,2025-02-27,2025-02-27,26050.0,PE,NIFTY25FEB26050PE,0.0,0.0,0.0,1902.05,0.0,1902.05,23813.4,1990.25,0,0,0,0.0,0,F1,75,,,,,
2024-12-27,2024-12-27,FO,NSE,IDO,89624,,NIFTY,,2029-06-28,2029-06-28,21000.0,CE,NIFTY29JUN21000CE,0.0,0.0,0.0,9799.75,0.0,9799.75,23813.4,8482.1,0,0,0,0.0,0,F1,75,,,,,
2024-12-27,2024-12-27,FO,NSE,IDO,86146,,NIFTY,,2028-06-29,2028-06-29,21000.0,PE,NIFTY28JUN21000PE,0.0,0.0,0.0,907.2,0.0,907.2,23813.4,173.25,0,0,0,0.0,0,F1,75,,,,,
2024-12-27,2024-12-27,FO,NSE,IDO,64687,,NIFTY,,2025-09-25,2025-09-25,21000.0,PE,NIFTY25SEP21000PE,0.0,0.0,0.0,51.55,0.0,51.55,23813.4,74.15,0,0,0,0.0,0,F1,75,,,,,
2024-12-27,2024-12-27,FO,NSE,IDO,64560,,NIFTY,,2025-03-27,2025-03-27,21000.0,CE,NIFTY25MAR21000CE,3200.0,3342.7,3188.8,3218.6,3228.55,3149.25,23813.4,3218.6,281450,7950,193,351542276.25,145,F1,75,,,,,
2024-12-27,2024-12-27,FO,NSE,IDO,48222,,NIFTY,,2025-01-09,2025-01-09,26050.0,PE,NIFTY2510926050PE,0.0,0.0,0.0,1288.1,0.0,1288.1,23813.4,2174.1,0,0,0,0.0,0,F1,75,,,,,
2024-12-27,2024-12-27,FO,NSE,IDO,51449,,NIFTY,,2025-06-26,2025-06-26,21000.0,CE,NIFTY25JUN21000CE,0.0,0.0,0.0,3199.45,0.0,3199.45,23813.4,3546.25,0,0,0,0.0,0,F1,75,,,,,
2024-12-27,2024-12-27,FO,NSE,IDO,67773,,NIFTY,,2028-12-28,2028-12-28,19000.0,PE,NIFTY28DEC19000PE,0.0,0.0,0.0,158.0,0.0,158.0,23813.4,66.6,0,0,0,0.0,0,F1,75,,,,,
2024-12-27,2024-12-27,FO,NSE,IDO,53606,,NIFTY,,2027-12-30,2027-12-30,19000.0,PE,NIFTY27DEC19000PE,0.0,0.0,0.0,299.95,299.95,299.95,23813.4,60.55,525,0,0,0.0,0,F1,75,,,,,
2024-12-27,2024-12-27,FO,NSE,IDO,39987,,NIFTY,,2025-12-24,2025-12-24,19000.0,CE,NIFTY25DEC19000CE,0.0,0.0,0.0,5775.0,5775.0,5775.0,23813.4,6058.55,6550,0,0,0.0,0,F1,75,,,,,
2024-12-27,2024-12-27,FO,NSE,IDO,53605,,NIFTY,,2027-12-30,2027-12-30,19000.0,CE,NIFTY27DEC19000CE,0.0,0.0,0.0,5794.9,0.0,5794.9,23813.4,8365.5,0,0,0,0.0,0,F1,75,,,,,
2024-12-27,2024-12-27,FO,NSE,IDO,39986,,NIFTY,,2025-06-26,2025-06-26,19000.0,PE,NIFTY25JUN19000PE,42.95,42.95,33.0,34.75,33.8,39.2,23813.4,34.75,603525,2175,339,483982421.25,298,F1,75,,,,,
2024-12-27,2024-12-27,FO,NSE,IDO,86141,,NIFTY,,2028-06-29,2028-06-29,19000.0,CE,NIFTY28JUN19000CE,0.0,0.0,0.0,6252.25,0.0,6252.25,23813.4,8882.8,0,0,0,0.0,0,F1,75,,,,,
2024-12-27,2024-12-27,FO,NSE,IDO,71549,,NIFTY,,2027-06-24,2027-06-24,19000.0,CE,NIFTY27JUN19000CE,0.0,0.0,0.0,7800.0,7800.0,7800.0,23813.4,7807.0,75,0,0,0.0,0,F1,75,,,,,
2024-12-27,2024-12-27,FO,NSE,IDO,86142,,NIFTY,,2028-06-29,2028-06-29,19000.0,PE,NIFTY28JUN19000PE,0.0,0.0,0.0,537.45,0.0,537.45,23813.4,64.55,0,0,0,0.0,0,F1,75,,,,,
2024-12-27,2024-12-27,FO,NSE,IDO,64554,,NIFTY,,2025-03-27,2025-03-27,19000.0,CE,NIFTY25MAR19000CE,5050.0,5249.0,5050.0,5160.0,5160.0,5054.35,23813.4,5127.05,16175,725,18,32681328.75,16,F1,75,,,,,
2024-12-27,2024-12-27,FO,NSE,IDO,64555,,NIFTY,,2025-03-27,2025-03-27,19000.0,PE,NIFTY25MAR19000PE,11.8,11.8,9.8,10.85,10.85,11.8,23813.4,10.85,44500,-550,190,270899216.25,72,F1,75,,,,,
2024-12-27,2024-12-27,FO,NSE,IDO,89615,,NIFTY,,2029-06-28,2029-06-28,19000.0,PE,NIFTY29JUN19000PE,0.0,0.0,0.0,170.3,0.0,170.3,23813.4,67.15,0,0,0,0.0,0,F1,75,,,,,
2024-12-27,2024-12-27,FO,NSE,IDO,67772,,NIFTY,,2028-12-28,2028-12-28,19000.0,CE,NIFTY28DEC19000CE,0.0,0.0,0.0,8739.0,0.0,8739.0,23813.4,9381.15,0,0,0,0.0,0,F1,75,,,,,
2024-12-27,2024-12-27,FO,NSE,IDO,39990,,NIFTY,,2026-06-25,2026-06-25,19000.0,PE,NIFTY26JUN19000PE,0.0,0.0,0.0,160.05,160.05,160.05,23813.4,30.7,175,0,0,0.0,0,F1,75,,,,,
2024-12-27,2024-12-27,FO,NSE,IDO,71550,,NIFTY,,2027-06-24,2027-06-24,19000.0,PE,NIFTY27JUN19000PE,0.0,0.0,0.0,201.05,201.05,201.05,23813.4,53.7,525,0,0,0.0,0,F1,75,,,,,
2024-12-27,2024-12-27,FO,NSE,IDO,64683,,NIFTY,,2025-09-25,2025-09-25,19000.0,PE,NIFTY25SEP19000PE,0.0,0.0,0.0,8.9,0.0,8.9,23813.4,7.45,0,0,0,0.0,0,F1,75,,,,,
2024-12-27,2024-12-27,FO,NSE,IDO,39989,,NIFTY,,2026-06-25,2026-06-25,19000.0,CE,NIFTY26JUN19000CE,0.0,0.0,0.0,5792.0,5792.0,5792.0,23813.4,6665.7,100,0,0,0.0,0,F1,75,,,,,
2024-12-27,2024-12-27,FO,NSE,IDO,58643,,NIFTY,,2026-12-31,2026-12-31,19000.0,PE,NIFTY26DEC19000PE,210.0,210.0,203.0,203.0,203.0,237.5,23813.4,44.35,2325,0,3,4321200.0,3,F1,75,,,,,
2024-12-27,2024-12-27,FO,NSE,IDO,64682,,NIFTY,,2025-09-25,2025-09-25,19000.0,CE,NIFTY25SEP19000CE,0.0,0.0,0.0,8559.0,0.0,8559.0,23813.4,5752.95,0,0,0,0.0,0,F1,75,,,,,
2024-12-27,2024-12-27,FO,NSE,IDO,89614,,NIFTY,,2029-06-28,2029-06-28,19000.0,CE,NIFTY29JUN19000CE,0.0,0.0,0.0,11036.95,0.0,11036.95,23813.4,9861.6,0,0,0,0.0,0,F1,75,,,,,
2024-12-27,2024-12-27,FO,NSE,IDO,61402,,NIFTY,,2029-12-27,2029-12-27,19000.0,CE,NIFTY29DEC19000CE,0.0,0.0,0.0,10714.6,0.0,10714.6,23813.4,10325.05,0,0,0,0.0,0,F1,75,,,,,
2024-12-27,2024-12-27,FO,NSE,IDO,61403,,NIFTY,,2029-12-27,2029-12-27,19000.0,PE,NIFTY29DEC19000PE,0.0,0.0,0.0,142.25,0.0,142.25,23813.4,66.6,0,0,0,0.0,0,F1,75,,,,,
2024-12-27,2024-12-27,FO,NSE,IDO,52560,,NIFTY,,2025-01-16,2025-01-16,23250.0,PE,NIFTY2511623250PE,0.0,0.0,0.0,64.7,0.0,64.7,23813.4,79.0,0,0,0,0.0,0,F1,75,,,,,
2024-12-27,2024-12-27,FO,NSE,IDO,55649,,NIFTY,,2025-02-27,2025-02-27,23250.0,CE,NIFTY25FEB23250CE,0.0,0.0,0.0,1426.2,0.0,1426.2,23813.4,1037.2,0,0,0,0.0,0,F1,75,,,,,
2024-12-27,2024-12-27,FO,NSE,IDO,43248,,NIFTY,,2025-01-30,2025-01-30,22600.0,PE,NIFTY25JAN22600PE,59.95,62.2,43.0,48.2,47.45,66.2,23813.4,48.2,449650,68075,23438,13270689807.5,9288,F1,25,,,,,
2024-12-27,2024-12-27,FO,NSE,IDO,52427,,NIFTY,,2025-01-02,2025-01-02,22600.0,CE,NIFTY2510222600CE,0.0,0.0,0.0,1177.35,1177.35,1177.35,23813.4,1238.6,3450,0,0,0.0,0,F1,75,,,,,
2024-12-27,2024-12-27,FO,NSE,IDO,54934,,NIFTY,,2025-01-23,2025-01-23,23250.0,PE,NIFTY2512323250PE,0.0,0.0,0.0,160.2,0.0,160.2,23813.4,106.95,0,0,0,0.0,0,F1,75,,,,,
2024-12-27,2024-12-27,FO,NSE,IDO,44235,,NIFTY,,2025-01-30,2025-01-30,23250.0,PE,NIFTY25JAN23250PE,155.95,159.85,115.15,134.9,131.75,170.3,23813.4,134.9,40525,125,2925,1709653200.0,911,F1,25,,,,,
2024-12-27,2024-12-27,FO,NSE,IDO,49834,,NIFTY,,2025-03-27,2025-03-27,23250.0,CE,NIFTY25MAR23250CE,0.0,0.0,0.0,1302.15,0.0,1302.15,23813.4,1211.0,0,0,0,0.0,0,F1,75,,,,,
2024-12-27,2024-12-27,FO,NSE,IDO,55624,,NIFTY,,2025-02-27,2025-02-27,22600.0,PE,NIFTY25FEB22600PE,129.0,129.0,96.35,105.6,105.15,127.6,23813.4,105.6,65100,6375,488,830876231.25,286,F1,75,,,,,
2024-12-27,2024-12-27,FO,NSE,IDO,54857,,NIFTY,,2025-01-23,2025-01-23,23250.0,CE,NIFTY2512323250CE,0.0,0.0,0.0,1024.1,0.0,1024.1,23813.4,786.15,0,0,0,0.0,0,F1,75,,,,,
2024-12-27,2024-12-27,FO,NSE,IDO,52463,,NIFTY,,2025-01-02,2025-01-02,23250.0,PE,NIFTY2510223250PE,21.5,29.9,10.2,12.45,11.95,34.1,23813.4,12.45,783750,396600,170984,298345883411.25,57107,F1,75,,,,,
2024-12-27,2024-12-27,FO,NSE,IDO,47021,,NIFTY,,2025-03-27,2025-03-27,22600.0,PE,NIFTY25MAR22600PE,151.8,151.9,142.7,150.9,151.9,210.85,23813.4,150.9,16875,16875,418,713085097.5,174,F1,75,,,,,
2024-12-27,2024-12-27,FO,NSE,IDO,55650,,NIFTY,,2025-02-27,2025-02-27,23250.0,PE,NIFTY25FEB23250PE,0.0,0.0,0.0,342.7,0.0,342.7,23813.4,208.75,0,0,0,0.0,0,F1,75,,,,,
2024-12-27,2024-12-27,FO,NSE,IDO,48045,,NIFTY,,2025-01-09,2025-01-09,22600.0,CE,NIFTY2510922600CE,0.0,0.0,0.0,2279.25,0.0,2279.25,23813.4,1271.15,0,0,0,0.0,0,F1,75,,,,,
2024-12-27,2024-12-27,FO,NSE,IDO,48083,,NIFTY,,2025-01-09,2025-01-09,23250.0,CE,NIFTY2510923250CE,0.0,0.0,0.0,1671.5,0.0,1671.5,23813.4,666.6,0,0,0,0.0,0,F1,75,,,,,
2024-12-27,2024-12-27,FO,NSE,IDO,47017,,NIFTY,,2025-03-27,2025-03-27,22600.0,CE,NIFTY25MAR22600CE,0.0,0.0,0.0,1769.2,0.0,1769.2,23813.4,1709.75,0,0,0,0.0,0,F1,75,,,,,
2024-12-27,2024-12-27,FO,NSE,IDO,54757,,NIFTY,,2025-01-23,2025-01-23,22600.0,PE,NIFTY2512322600PE,0.0,0.0,0.0,53.7,0.0,53.7,23813.4,22.15,0,0,0,0.0,0,F1,75,,,,,
2024-12-27,2024-12-27,FO,NSE,IDO,43247,,NIFTY,,2025-01-30,2025-01-30,22600.0,CE,NIFTY25JAN22600CE,1400.0,1528.5,1400.0,1417.3,1417.3,1353.7,23813.4,1417.3,4050,3500,147,88631785.0,145,F1,25,,,,,
2024-12-27,2024-12-27,FO,NSE,IDO,52559,,NIFTY,,2025-01-16,2025-01-16,23250.0,CE,NIFTY2511623250CE,0.0,0.0,0.0,1525.35,0.0,1525.35,23813.4,728.2,0,0,0,0.0,0,F1,75,,,,,
2024-12-27,2024-12-27,FO,NSE,IDO,48046,,NIFTY,,2025-01-09,2025-01-09,22600.0,PE,NIFTY2510922600PE,13.3,13.65,9.0,9.65,9.3,16.3,23813.4,9.65,52650,19800,2685,4553141373.75,1513,F1,75,,,,,
2024-12-27,2024-12-27,FO,NSE,IDO,54756,,NIFTY,,2025-01-23,2025-01-23,22600.0,CE,NIFTY2512322600CE,0.0,0.0,0.0,1563.05,0.0,1563.05,23813.4,1348.1,0,0,0,0.0,0,F1,75,,,,,
2024-12-27,2024-12-27,FO,NSE,IDO,43608,,NIFTY,,2025-01-30,2025-01-30,23250.0,CE,NIFTY25JAN23250CE,933.4,979.75,846.95,866.4,866.7,822.45,23813.4,866.4,6625,100,26,15699626.25,16,F1,25,,,,,
2024-12-27,2024-12-27,FO,NSE,IDO,48084,,NIFTY,,2025-01-09,2025-01-09,23250.0,PE,NIFTY2510923250PE,63.55,67.8,39.1,45.15,43.75,74.4,23813.4,45.15,69450,59025,1978,3455678726.25,1017,F1,75,,,,,
2024-12-27,2024-12-27,FO,NSE,IDO,55623,,NIFTY,,2025-02-27,2025-02-27,22600.0,CE,NIFTY25FEB22600CE,0.0,0.0,0.0,1908.75,0.0,1908.75,23813.4,1552.6,0,0,0,0.0,0,F1,75,,,,,
2024-12-27,2024-12-27,FO,NSE,IDO,52462,,NIFTY,,2025-01-02,2025-01-02,23250.0,CE,NIFTY2510223250CE,650.0,740.0,610.0,627.4,642.3,591.45,23813.4,627.4,6675,1800,99,177585296.25,66,F1,75,,,,,
2024-12-27,2024-12-27,FO,NSE,IDO,55069,,NIFTY,,2025-01-23,2025-01-23,25050.0,CE,NIFTY2512325050CE,0.0,0.0,0.0,160.1,0.0,160.1,23813.4,46.7,0,0,0,0.0,0,F1,75,,,,,
2024-12-27,2024-12-27,FO,NSE,IDO,57712,,NIFTY,,2025-02-27,2025-02-27,26500.0,CE,NIFTY25FEB26500CE,20.95,23.0,17.2,18.2,17.65,19.8,23813.4,18.2,208575,65775,4532,9014196026.25,2048,F1,75,,,,,
2024-12-27,2024-12-27,FO,NSE,IDO,52698,,NIFTY,,2025-01-02,2025-01-02,26500.0,PE,NIFTY2510226500PE,0.0,0.0,0.0,2672.4,2672.35,2672.4,23813.4,2657.2,4200,0,0,0.0,0,F1,75,,,,,
2024-12-27,2024-12-27,FO,NSE,IDO,56569,,NIFTY,,2025-03-27,2025-03-27,24900.0,PE,NIFTY25MAR24900PE,0.0,0.0,0.0,1180.25,0.0,1180.25,23813.4,1041.7,0,0,0,0.0,0,F1,75,,,,,
2024-12-27,2024-12-27,FO,NSE,IDO,48170,,NIFTY,,2025-01-09,2025-01-09,24900.0,PE,NIFTY2510924900PE,998.15,1008.0,908.0,1008.0,1008.0,1010.1,23813.4,1008.0,5250,525,19,36852772.5,17,F1,75,,,,,
2024-12-27,2024-12-27,FO,NSE,IDO,46415,,NIFTY,,2025-01-30,2025-01-30,24900.0,PE,NIFTY25JAN24900PE,999.0,999.0,854.9,963.45,959.55,1039.4,23813.4,963.45,70550,-6875,851,549528905.0,201,F1,25,,,,,
2024-12-27,2024-12-27,FO,NSE,IDO,55064,,NIFTY,,2025-01-23,2025-01-23,24900.0,PE,NIFTY2512324900PE,0.0,0.0,0.0,969.65,0.0,969.65,23813.4,1027.25,0,0,0,0.0,0,F1,75,,,,,
2024-12-27,2024-12-27,FO,NSE,IDO,46410,,NIFTY,,2025-01-30,2025-01-30,24900.0,CE,NIFTY25JAN24900CE,77.95,94.5,67.3,70.0,72.15,72.85,23813.4,70.0,555250,133575,31693,19789594297.5,10285,F1,25,,,,,
2024-12-27,2024-12-27,FO,NSE,IDO,52600,,NIFTY,,2025-01-02,2025-01-02,24900.0,PE,NIFTY2510224900PE,950.0,1025.6,925.0,987.85,987.85,1082.3,23813.4,1059.85,30450,-2700,58,112492147.5,27,F1,75,,,,,
2024-12-27,2024-12-27,FO,NSE,IDO,52650,,NIFTY,,2025-01-02,2025-01-02,25900.0,PE,NIFTY2510225900PE,0.0,0.0,0.0,2083.75,2083.75,2083.75,23813.4,2057.9,6225,0,0,0.0,0,F1,75,,,,,
2024-12-27,2024-12-27,FO,NSE,IDO,46538,,NIFTY,,2025-01-30,2025-01-30,25900.0,PE,NIFTY25JAN25900PE,1897.0,1897.0,1865.0,1865.0,1865.0,1954.35,23813.4,1936.25,12200,-150,9,6248800.0,4,F1,25,,,,,
2024-12-27,2024-12-27,FO,NSE,IDO,52888,,NIFTY,,2025-01-16,2025-01-16,25900.0,PE,NIFTY2511625900PE,0.0,0.0,0.0,1291.95,0.0,1291.95,23813.4,1992.4,0,0,0,0.0,0,F1,75,,,,,
2024-12-27,2024-12-27,FO,NSE,IDO,48214,,NIFTY,,2025-01-09,2025-01-09,25900.0,CE,NIFTY2510925900CE,3.0,3.0,2.2,2.35,2.4,3.3,23813.4,2.35,4875,750,80,155414801.25,26,F1,75,,,,,
2024-12-27,2024-12-27,FO,NSE,IDO,52649,,NIFTY,,2025-01-02,2025-01-02,25900.0,CE,NIFTY2510225900CE,1.25,1.7,0.9,1.0,1.0,1.7,23813.4,1.0,190650,78375,19034,36975218853.75,5961,F1,75,,,,,
2024-12-27,2024-12-27,FO,NSE,IDO,46537,,NIFTY,,2025-01-30,2025-01-30,25900.0,CE,NIFTY25JAN25900CE,11.3,11.3,7.8,9.0,9.25,10.85,23813.4,9.0,91575,-21950,7930,5136564076.25,2411,F1,25,,,,,
2024-12-27,2024-12-27,FO,NSE,IDO,48215,,NIFTY,,2025-01-09,2025-01-09,25900.0,PE,NIFTY2510925900PE,0.0,0.0,0.0,1167.65,0.0,1167.65,23813.4,2024.55,0,0,0,0.0,0,F1,75,,,,,
2024-12-27,2024-12-27,FO,NSE,IDO,57679,,NIFTY,,2025-02-27,2025-02-27,25900.0,CE,NIFTY25FEB25900CE,47.1,53.95,41.45,42.3,43.05,47.45,23813.4,42.3,7575,2775,190,369711562.5,75,F1,75,,,,,
2024-12-27,2024-12-27,FO,NSE,IDO,52887,,NIFTY,,2025-01-16,2025-01-16,25900.0,CE,NIFTY2511625900CE,5.9,5.9,4.15,4.3,4.2,5.3,23813.4,4.3,6300,1050,31,60227996.25,15,F1,75,,,,,
2024-12-27,2024-12-27,FO,NSE,IDO,57680,,NIFTY,,2025-02-27,2025-02-27,25900.0,PE,NIFTY25FEB25900PE,0.0,0.0,0.0,1263.15,1263.15,1263.15,23813.4,1854.5,300,0,0,0.0,0,F1,75,,,,,
2024-12-27,2024-12-27,FO,NSE,IDO,55029,,NIFTY,,2025-01-23,2025-01-23,24350.0,CE,NIFTY2512324350CE,0.0,0.0,0.0,376.5,0.0,376.5,23813.4,183.95,0,0,0,0.0,0,F1,75,,,,,
2024-12-27,2024-12-27,FO,NSE,IDO,46365,,NIFTY,,2025-01-30,2025-01-30,24350.0,PE,NIFTY25JAN24350PE,594.9,594.9,485.0,567.1,555.3,633.15,23813.4,567.1,43350,-1200,627,390024800.0,400,F1,25,,,,,
2024-12-27,2024-12-27,FO,NSE,IDO,57616,,NIFTY,,2025-02-27,2025-02-27,24350.0,PE,NIFTY25FEB24350PE,574.55,595.05,565.8,595.05,595.05,670.9,23813.4,673.3,5400,4050,77,143944530.0,30,F1,75,,,,,
2024-12-27,2024-12-27,FO,NSE,IDO,57615,,NIFTY,,2025-02-27,2025-02-27,24350.0,CE,NIFTY25FEB24350CE,458.2,479.7,438.2,438.2,438.2,936.0,23813.4,414.3,1875,1725,36,66999648.75,31,F1,75,,,,,
2024-12-27,2024-12-27,FO,NSE,IDO,52729,,NIFTY,,2025-01-16,2025-01-16,24350.0,PE,NIFTY2511624350PE,580.0,580.0,580.0,580.0,580.0,580.0,23813.4,578.5,225,0,1,1869750.0,1,F1,75,,,,,
2024-12-27,2024-12-27,FO,NSE,IDO,55634,,NIFTY,,2025-02-27,2025-02-27,22850.0,PE,NIFTY25FEB22850PE,0.0,0.0,0.0,238.95,0.0,238.95,23813.4,120.0,0,0,0,0.0,0,F1,75,,,,,
2024-12-27,2024-12-27,FO,NSE,IDO,54770,,NIFTY,,2025-01-23,2025-01-23,22850.0,CE,NIFTY2512322850CE,0.0,0.0,0.0,1345.45,0.0,1345.45,23813.4,1120.15,0,0,0,0.0,0,F1,75,,,,,
2024-12-27,2024-12-27,FO,NSE,IDO,52904,,NIFTY,,2025-01-16,2025-01-16,26300.0,CE,NIFTY2511626300CE,0.0,0.0,0.0,12.85,12.85,12.85,23813.4,0.3,600,0,0,0.0,0,F1,75,,,,,
2024-12-27,2024-12-27,FO,NSE,IDO,48235,,NIFTY,,2025-01-09,2025-01-09,26300.0,PE,NIFTY2510926300PE,0.0,0.0,0.0,1498.3,0.0,1498.3,23813.4,2423.45,0,0,0,0.0,0,F1,75,,,,,
2024-12-27,2024-12-27,FO,NSE,IDO,57702,,NIFTY,,2025-02-27,2025-02-27,26300.0,CE,NIFTY25FEB26300CE,24.1,28.0,22.55,22.85,22.55,24.1,23813.4,22.85,4800,2625,174,343535996.25,76,F1,75,,,,,
2024-12-27,2024-12-27,FO,NSE,IDO,46996,,NIFTY,,2025-03-27,2025-03-27,22450.0,PE,NIFTY25MAR22450PE,132.95,132.95,126.15,128.15,128.15,181.15,23813.4,101.25,3675,3675,49,82983326.25,19,F1,75,,,,,
2024-12-27,2024-12-27,FO,NSE,IDO,46986,,NIFTY,,2025-03-27,2025-03-27,22300.0,CE,NIFTY25MAR22300CE,0.0,0.0,0.0,2007.65,0.0,2007.65,23813.4,1963.95,0,0,0,0.0,0,F1,75,,,,,
2024-12-27,2024-12-27,FO,NSE,IDO,48039,,NIFTY,,2025-01-09,2025-01-09,22450.0,CE,NIFTY2510922450CE,0.0,0.0,0.0,2424.25,0.0,2424.25,23813.4,1418.95,0,0,0,0.0,0,F1,75,,,,,
2024-12-27,2024-12-27,FO,NSE,IDO,46994,,NIFTY,,2025-03-27,2025-03-27,22450.0,CE,NIFTY25MAR22450CE,0.0,0.0,0.0,1886.8,0.0,1886.8,23813.4,1835.25,0,0,0,0.0,0,F1,75,,,,,
2024-12-27,2024-12-27,FO,NSE,IDO,52415,,NIFTY,,2025-01-02,2025-01-02,22450.0,CE,NIFTY2510222450CE,0.0,0.0,0.0,1219.85,0.0,1219.85,23813.4,1388.3,0,0,0,0.0,0,F1,75,,,,,
2024-12-27,2024-12-27,FO,NSE,IDO,54749,,NIFTY,,2025-01-23,2025-01-23,22450.0,CE,NIFTY2512322450CE,0.0,0.0,0.0,1698.45,0.0,1698.45,23813.4,1489.55,0,0,0,0.0,0,F1,75,,,,,
2024-12-27,2024-12-27,FO,NSE,IDO,52421,,NIFTY,,2025-01-02,2025-01-02,22450.0,PE,NIFTY2510222450PE,2.75,4.0,2.3,2.85,2.75,3.7,23813.4,2.85,957525,829875,64775,109079068545.0,24677,F1,75,,,,,
2024-12-27,2024-12-27,FO,NSE,IDO,52468,,NIFTY,,2025-01-16,2025-01-16,22300.0,CE,NIFTY2511622300CE,0.0,0.0,0.0,2412.8,0.0,2412.8,23813.4,1599.45,0,0,0,0.0,0,F1,75,,,,,
2024-12-27,2024-12-27,FO,NSE,IDO,43236,,NIFTY,,2025-01-30,2025-01-30,22300.0,PE,NIFTY25JAN22300PE,37.6,40.5,28.6,30.05,30.3,42.8,23813.4,30.05,278525,5000,14636,8171069842.5,3988,F1,25,,,,,
2024-12-27,2024-12-27,FO,NSE,IDO,48034,,NIFTY,,2025-01-09,2025-01-09,22300.0,PE,NIFTY2510922300PE,8.0,8.0,5.15,5.5,5.15,6.55,23813.4,5.5,56625,56625,1444,2415730635.0,640,F1,75,,,,,
2024-12-27,2024-12-27,FO,NSE,IDO,46987,,NIFTY,,2025-03-27,2025-03-27,22300.0,PE,NIFTY25MAR22300PE,0.0,0.0,0.0,154.75,0.0,154.75,23813.4,82.45,0,0,0,0.0,0,F1,75,,,,,
2024-12-27,2024-12-27,FO,NSE,IDO,52788,,NIFTY,,2025-01-16,2025-01-16,24500.0,PE,NIFTY2511624500PE,650.0,650.0,555.9,636.0,622.35,703.2,23813.4,636.0,8925,1275,125,235309271.25,59,F1,75,,,,,
2024-12-27,2024-12-27,FO,NSE,IDO,55604,,NIFTY,,2025-02-27,2025-02-27,22100.0,PE,NIFTY25FEB22100PE,0.0,0.0,0.0,109.2,0.0,109.2,23813.4,34.0,0,0,0,0.0,0,F1,75,,,,,
2024-12-27,2024-12-27,FO,NSE,IDO,43219,,NIFTY,,2025-01-30,2025-01-30,22100.0,CE,NIFTY25JAN22100CE,1925.0,1939.85,1925.0,1939.85,1939.85,1822.9,23813.4,1860.95,400,100,7,4205860.0,3,F1,25,,,,,
2024-12-27,2024-12-27,FO,NSE,IDO,54699,,NIFTY,,2025-01-23,2025-01-23,22100.0,PE,NIFTY2512322100PE,0.0,0.0,0.0,19.15,0.0,19.15,23813.4,4.6,0,0,0,0.0,0,F1,75,,,,,
2024-12-27,2024-12-27,FO,NSE,IDO,54698,,NIFTY,,2025-01-23,2025-01-23,22100.0,CE,NIFTY2512322100CE,0.0,0.0,0.0,2025.0,0.0,2025.0,23813.4,1828.1,0,0,0,0.0,0,F1,75,,,,,
2024-12-27,2024-12-27,FO,NSE,IDO,52390,,NIFTY,,2025-01-02,2025-01-02,22100.0,PE,NIFTY2510222100PE,2.6,2.75,1.7,1.95,2.1,2.75,23813.4,1.95,1113300,67800,51226,84915231408.75,20174,F1,75,,,,,
2024-12-27,2024-12-27,FO,NSE,IDO,52388,,NIFTY,,2025-01-02,2025-01-02,22100.0,CE,NIFTY2510222100CE,0.0,0.0,0.0,1697.0,1697.0,1697.0,23813.4,1737.9,600,0,0,0.0,0,F1,75,,,,,
2024-12-27,2024-12-27,FO,NSE,IDO,52575,,NIFTY,,2025-01-02,2025-01-02,24500.0,CE,NIFTY2510224500CE,9.75,13.1,4.1,4.7,4.6,9.65,23813.4,4.7,6785475,2411925,681154,1252053181856.25,179473,F1,75,,,,,
2024-12-27,2024-12-27,FO,NSE,IDO,48025,,NIFTY,,2025-01-09,2025-01-09,22100.0,CE,NIFTY2510922100CE,0.0,0.0,0.0,2766.25,0.0,2766.25,23813.4,1766.7,0,0,0,0.0,0,F1,75,,,,,
2024-12-27,2024-12-27,FO,NSE,IDO,55603,,NIFTY,,2025-02-27,2025-02-27,22100.0,CE,NIFTY25FEB22100CE,0.0,0.0,0.0,2321.95,0.0,2321.95,23813.4,1999.35,0,0,0,0.0,0,F1,75,,,,,
2024-12-27,2024-12-27,FO,NSE,IDO,55035,,NIFTY,,2025-01-23,2025-01-23,24500.0,CE,NIFTY2512324500CE,138.0,161.75,115.3,118.1,123.5,127.4,23813.4,118.1,9375,6150,222,410223896.25,137,F1,75,,,,,
2024-12-27,2024-12-27,FO,NSE,IDO,46371,,NIFTY,,2025-01-30,2025-01-30,24500.0,CE,NIFTY25JAN24500CE,164.95,208.0,155.6,159.95,163.45,161.4,23813.4,159.95,1898575,29675,82286,50767074241.25,27842,F1,25,,,,,
2024-12-27,2024-12-27,FO,NSE,IDO,46959,,NIFTY,,2025-03-27,2025-03-27,22100.0,PE,NIFTY25MAR22100PE,0.0,0.0,0.0,124.2,0.0,124.2,23813.4,61.85,0,0,0,0.0,0,F1,75,,,,,
2024-12-27,2024-12-27,FO,NSE,IDO,56868,,NIFTY,,2025-03-27,2025-03-27,25100.0,CE,NIFTY25MAR25100CE,0.0,0.0,0.0,415.85,0.0,415.85,23813.4,306.0,0,0,0,0.0,0,F1,75,,,,,
2024-12-27,2024-12-27,FO,NSE,IDO,57647,,NIFTY,,2025-02-27,2025-02-27,25100.0,CE,NIFTY25FEB25100CE,169.0,186.45,155.7,158.8,162.0,160.45,23813.4,158.8,21750,1725,225,426416733.75,117,F1,75,,,,,
2024-12-27,2024-12-27,FO,NSE,IDO,46449,,NIFTY,,2025-01-30,2025-01-30,25100.0,PE,NIFTY25JAN25100PE,1125.0,1132.4,1020.25,1128.95,1132.4,1202.95,23813.4,1128.95,64625,-1175,132,86390486.25,47,F1,25,,,,,
2024-12-27,2024-12-27,FO,NSE,IDO,57668,,NIFTY,,2025-02-27,2025-02-27,25600.0,PE,NIFTY25FEB25600PE,1505.25,1505.25,1505.25,1505.25,1505.25,1196.25,23813.4,1590.95,2850,75,1,2032893.75,1,F1,75,,,,,
2024-12-27,2024-12-27,FO,NSE,IDO,52635,,NIFTY,,2025-01-02,2025-01-02,25600.0,CE,NIFTY2510225600CE,1.3,1.85,0.95,1.1,1.1,1.75,23813.4,1.1,620025,319650,26561,50999479631.25,6128,F1,75,,,,,
2024-12-27,2024-12-27,FO,NSE,IDO,52874,,NIFTY,,2025-01-16,2025-01-16,25600.0,CE,NIFTY2511625600CE,6.0,6.0,4.05,4.7,5.25,11.55,23813.4,4.7,7350,-75,19,36487080.0,9,F1,75,,,,,
2024-12-27,2024-12-27,FO,NSE,IDO,55105,,NIFTY,,2025-01-23,2025-01-23,25600.0,CE,NIFTY2512325600CE,8.5,9.7,7.05,8.25,9.45,12.45,23813.4,8.25,1050,75,18,34571722.5,13,F1,75,,,,,
2024-12-27,2024-12-27,FO,NSE,IDO,52636,,NIFTY,,2025-01-02,2025-01-02,25600.0,PE,NIFTY2510225600PE,1670.0,1670.0,1670.0,1670.0,1670.0,1784.65,23813.4,1758.2,11475,75,1,2045250.0,1,F1,75,,,,,
2024-12-27,2024-12-27,FO,NSE,IDO,48201,,NIFTY,,2025-01-09,2025-01-09,25600.0,CE,NIFTY2510925600CE,3.45,4.3,2.4,2.6,2.6,3.3,23813.4,2.6,12525,2250,260,499255968.75,145,F1,75,,,,,
2024-12-27,2024-12-27,FO,NSE,IDO,48202,,NIFTY,,2025-01-09,2025-01-09,25600.0,PE,NIFTY2510925600PE,0.0,0.0,0.0,941.55,0.0,941.55,23813.4,1725.75,0,0,0,0.0,0,F1,75,,,,,
2024-12-27,2024-12-27,FO,NSE,IDO,46492,,NIFTY,,2025-01-30,2025-01-30,25600.0,CE,NIFTY25JAN25600CE,17.3,17.65,12.9,13.35,14.1,16.05,23813.4,13.35,392300,38375,25589,16386322196.25,7533,F1,25,,,,,
2024-12-27,2024-12-27,FO,NSE,IDO,55106,,NIFTY,,2025-01-23,2025-01-23,25600.0,PE,NIFTY2512325600PE,0.0,0.0,0.0,1541.55,0.0,1541.55,23813.4,1671.25,0,0,0,0.0,0,F1,75,,,,,
2024-12-27,2024-12-27,FO,NSE,IDO,57667,,NIFTY,,2025-02-27,2025-02-27,25600.0,CE,NIFTY25FEB25600CE,77.0,87.05,65.05,70.65,72.15,69.15,23813.4,70.65,18000,13500,482,928313456.25,225,F1,75,,,,,
2024-12-27,2024-12-27,FO,NSE,IDO,46493,,NIFTY,,2025-01-30,2025-01-30,25600.0,PE,NIFTY25JAN25600PE,1590.0,1590.0,1507.45,1565.0,1565.0,1667.2,23813.4,1650.05,26800,75,11,7467563.75,6,F1,25,,,,,
2024-12-27,2024-12-27,FO,NSE,IDO,52875,,NIFTY,,2025-01-16,2025-01-16,25600.0,PE,NIFTY2511625600PE,0.0,0.0,0.0,1054.2,0.0,1054.2,23813.4,1696.35,0,0,0,0.0,0,F1,75,,,,,
2024-12-27,2024-12-27,FO,NSE,IDO,53595,,NIFTY,,2027-12-30,2027-12-30,15000.0,PE,NIFTY27DEC15000PE,0.0,0.0,0.0,43.05,43.05,43.05,23813.4,2.75,475,0,0,0.0,0,F1,75,,,,,
2024-12-27,2024-12-27,FO,NSE,IDO,40091,,NIFTY,,2025-06-26,2025-06-26,15000.0,PE,NIFTY25JUN15000PE,0.0,0.0,0.0,1.45,1.45,1.45,23813.4,0.05,1925,0,0,0.0,0,F1,75,,,,,
2024-12-27,2024-12-27,FO,NSE,IDO,52871,,NIFTY,,2025-01-16,2025-01-16,25500.0,PE,NIFTY2511625500PE,0.0,0.0,0.0,979.3,0.0,979.3,23813.4,1598.45,0,0,0,0.0,0,F1,75,,,,,
2024-12-27,2024-12-27,FO,NSE,IDO,54997,,NIFTY,,2025-01-23,2025-01-23,23850.0,CE,NIFTY2512323850CE,0.0,0.0,0.0,364.35,364.35,364.35,23813.4,392.45,225,0,0,0.0,0,F1,75,,,,,
2024-12-27,2024-12-27,FO,NSE,IDO,52525,,NIFTY,,2025-01-02,2025-01-02,23850.0,CE,NIFTY2510223850CE,170.05,241.2,140.6,150.45,156.9,162.05,23813.4,150.45,1500300,806475,693353,1249734385402.5,445436,F1,75,,,,,
2024-12-27,2024-12-27,FO,NSE,IDO,48108,,NIFTY,,2025-01-09,2025-01-09,23850.0,CE,NIFTY2510923850CE,274.3,335.0,239.55,248.85,253.9,251.95,23813.4,248.85,76650,34800,4573,8275741638.75,2668,F1,75,,,,,
2024-12-27,2024-12-27,FO,NSE,IDO,52674,,NIFTY,,2025-01-16,2025-01-16,23850.0,CE,NIFTY2511623850CE,344.45,412.05,324.3,327.5,329.95,324.8,23813.4,327.5,4800,2100,123,223384845.0,61,F1,75,,,,,
2024-12-27,2024-12-27,FO,NSE,IDO,50781,,NIFTY,,2025-01-02,2025-01-02,21750.0,PE,NIFTY2510221750PE,2.0,2.3,1.15,1.3,1.35,2.2,23813.4,1.3,201600,103725,12095,19731349860.0,6510,F1,75,,,,,
2024-12-27,2024-12-27,FO,NSE,IDO,43491,,NIFTY,,2025-01-30,2025-01-30,23150.0,PE,NIFTY25JAN23150PE,137.9,142.35,99.3,114.95,114.45,149.05,23813.4,114.95,44800,14250,3371,1960438558.75,779,F1,25,,,,,
2024-12-27,2024-12-27,FO,NSE,IDO,54784,,NIFTY,,2025-01-23,2025-01-23,23150.0,CE,NIFTY2512323150CE,0.0,0.0,0.0,1100.9,0.0,1100.9,23813.4,865.25,0,0,0,0.0,0,F1,75,,,,,
2024-12-27,2024-12-27,FO,NSE,IDO,52536,,NIFTY,,2025-01-16,2025-01-16,23150.0,PE,NIFTY2511623150PE,0.0,0.0,0.0,93.2,93.2,93.2,23813.4,61.2,75,0,0,0.0,0,F1,75,,,,,
2024-12-27,2024-12-27,FO,NSE,IDO,48349,,NIFTY,,2025-03-27,2025-03-27,23150.0,CE,NIFTY25MAR23150CE,0.0,0.0,0.0,1369.1,0.0,1369.1,23813.4,1282.4,0,0,0,0.0,0,F1,75,,,,,
2024-12-27,2024-12-27,FO,NSE,IDO,55646,,NIFTY,,2025-02-27,2025-02-27,23150.0,PE,NIFTY25FEB23150PE,0.0,0.0,0.0,314.1,0.0,314.1,23813.4,183.1,0,0,0,0.0,0,F1,75,,,,,
2024-12-27,2024-12-27,FO,NSE,IDO,48350,,NIFTY,,2025-03-27,2025-03-27,23150.0,PE,NIFTY25MAR23150PE,0.0,0.0,0.0,350.8,0.0,350.8,23813.4,236.9,0,0,0,0.0,0,F1,75,,,,,
2024-12-27,2024-12-27,FO,NSE,IDO,48142,,NIFTY,,2025-01-09,2025-01-09,24350.0,PE,NIFTY2510924350PE,522.05,522.05,412.7,472.0,472.0,603.7,23813.4,555.2,2100,1050,49,91157598.75,41,F1,75,,,,,
2024-12-27,2024-12-27,FO,NSE,IDO,55199,,NIFTY,,2025-03-27,2025-03-27,24350.0,CE,NIFTY25MAR24350CE,0.0,0.0,0.0,694.65,0.0,694.65,23813.4,576.4,0,0,0,0.0,0,F1,75,,,,,
2024-12-27,2024-12-27,FO,NSE,IDO,55200,,NIFTY,,2025-03-27,2025-03-27,24350.0,PE,NIFTY25MAR24350PE,0.0,0.0,0.0,854.7,0.0,854.7,23813.4,711.05,0,0,0,0.0,0,F1,75,,,,,
2024-12-27,2024-12-27,FO,NSE,IDO,52565,,NIFTY,,2025-01-02,2025-01-02,24350.0,PE,NIFTY2510224350PE,531.65,531.65,387.9,487.9,480.0,558.8,23813.4,487.9,16800,1725,619,1151344290.0,413,F1,75,,,,,
2024-12-27,2024-12-27,FO,NSE,IDO,52724,,NIFTY,,2025-01-16,2025-01-16,24350.0,CE,NIFTY2511624350CE,134.95,152.0,108.5,109.4,112.15,174.9,23813.4,109.4,15675,15375,344,631517966.25,43,F1,75,,,,,
2024-12-27,2024-12-27,FO,NSE,IDO,55030,,NIFTY,,2025-01-23,2025-01-23,24350.0,PE,NIFTY2512324350PE,0.0,0.0,0.0,604.95,0.0,604.95,23813.4,599.25,0,0,0,0.0,0,F1,75,,,,,
2024-12-27,2024-12-27,FO,NSE,IDO,46364,,NIFTY,,2025-01-30,2025-01-30,24350.0,CE,NIFTY25JAN24350CE,229.1,266.6,204.95,211.5,214.0,209.1,23813.4,211.5,50275,7150,2407,1479060152.5,773,F1,25,,,,,
2024-12-27,2024-12-27,FO,NSE,IDO,52564,,NIFTY,,2025-01-02,2025-01-02,24350.0,CE,NIFTY2510224350CE,21.35,30.65,9.6,10.3,10.65,20.05,23813.4,10.3,1516425,757200,309991,566566747875.0,105520,F1,75,,,,,
2024-12-27,2024-12-27,FO,NSE,IDO,48141,,NIFTY,,2025-01-09,2025-01-09,24350.0,CE,NIFTY2510924350CE,79.9,91.95,51.35,54.7,56.1,68.55,23813.4,54.7,97350,71775,5555,10172815402.5,3531,F1,75,,,,,
2024-12-27,2024-12-27,FO,NSE,IDO,55643,,NIFTY,,2025-02-27,2025-02-27,23100.0,CE,NIFTY25FEB23100CE,0.0,0.0,0.0,1532.3,0.0,1532.3,23813.4,1147.9,0,0,0,0.0,0,F1,75,,,,,
2024-12-27,2024-12-27,FO,NSE,IDO,48347,,NIFTY,,2025-03-27,2025-03-27,23100.0,CE,NIFTY25MAR23100CE,0.0,0.0,0.0,1403.25,0.0,1403.25,23813.4,1318.9,0,0,0,0.0,0,F1,75,,,,,
2024-12-27,2024-12-27,FO,NSE,IDO,52534,,NIFTY,,2025-01-16,2025-01-16,23100.0,PE,NIFTY2511623100PE,59.95,61.25,51.35,59.5,58.4,83.0,23813.4,59.5,10500,5775,214,371648220.0,82,F1,75,,,,,
2024-12-27,2024-12-27,FO,NSE,IDO,52455,,NIFTY,,2025-01-02,2025-01-02,23100.0,CE,NIFTY2510223100CE,754.35,892.0,754.35,776.35,786.2,726.7,23813.4,776.35,25575,2925,283,507568222.5,164,F1,75,,,,,
2024-12-27,2024-12-27,FO,NSE,IDO,52471,,NIFTY,,2025-01-02,2025-01-02,23350.0,CE,NIFTY2510223350CE,556.4,656.6,518.1,536.2,547.8,505.45,23813.4,536.2,24000,-2100,449,806321936.25,350,F1,75,,,,,
2024-12-27,2024-12-27,FO,NSE,IDO,55654,,NIFTY,,2025-02-27,2025-02-27,23350.0,PE,NIFTY25FEB23350PE,0.0,0.0,0.0,373.1,0.0,373.1,23813.4,236.95,0,0,0,0.0,0,F1,75,,,,,
2024-12-27,2024-12-27,FO,NSE,IDO,54940,,NIFTY,,2025-01-23,2025-01-23,23350.0,PE,NIFTY2512323350PE,0.0,0.0,0.0,186.2,0.0,186.2,23813.4,130.8,0,0,0,0.0,0,F1,75,,,,,
2024-12-27,2024-12-27,FO,NSE,IDO,52571,,NIFTY,,2025-01-16,2025-01-16,23350.0,CE,NIFTY2511623350CE,0.0,0.0,0.0,1438.45,0.0,1438.45,23813.4,650.1,0,0,0,0.0,0,F1,75,,,,,
2024-12-27,2024-12-27,FO,NSE,IDO,45677,,NIFTY,,2025-01-30,2025-01-30,23350.0,PE,NIFTY25JAN23350PE,175.4,180.7,132.85,155.6,154.15,195.8,23813.4,155.6,60350,27050,4129,2425851966.25,918,F1,25,,,,,
2024-12-27,2024-12-27,FO,NSE,IDO,52572,,NIFTY,,2025-01-16,2025-01-16,23350.0,PE,NIFTY2511623350PE,0.0,0.0,0.0,133.95,133.95,133.95,23813.4,100.5,75,0,0,0.0,0,F1,75,,,,,
2024-12-27,2024-12-27,FO,NSE,IDO,57684,,NIFTY,,2025-02-27,2025-02-27,26000.0,PE,NIFTY25FEB26000PE,1915.05,1915.05,1750.0,1852.55,1850.85,1916.25,23813.4,1852.55,59100,750,48,100086671.25,41,F1,75,,,,,
2024-12-27,2024-12-27,FO,NSE,IDO,52893,,NIFTY,,2025-01-16,2025-01-16,26000.0,PE,NIFTY2511626000PE,0.0,0.0,0.0,1375.25,0.0,1375.25,23813.4,2091.6,0,0,0,0.0,0,F1,75,,,,,
2024-12-27,2024-12-27,FO,NSE,IDO,46359,,NIFTY,,2025-01-30,2025-01-30,24200.0,PE,NIFTY25JAN24200PE,546.0,546.0,410.0,478.75,481.15,543.75,23813.4,478.75,791925,-8800,11116,6853132995.0,5054,F1,25,,,,,
2024-12-27,2024-12-27,FO,NSE,IDO,55013,,NIFTY,,2025-01-23,2025-01-23,24200.0,CE,NIFTY2512324200CE,277.0,277.0,210.1,216.2,217.15,222.85,23813.4,216.2,2325,1875,41,75141427.5,25,F1,75,,,,,
2024-12-27,2024-12-27,FO,NSE,IDO,54771,,NIFTY,,2025-01-23,2025-01-23,22850.0,PE,NIFTY2512322850PE,0.0,0.0,0.0,84.35,0.0,84.35,23813.4,42.95,0,0,0,0.0,0,F1,75,,,,,
2024-12-27,2024-12-27,FO,NSE,IDO,48234,,NIFTY,,2025-01-09,2025-01-09,26300.0,CE,NIFTY2510926300CE,2.45,2.65,2.15,2.3,2.3,3.0,23813.4,2.3,11850,750,413,814719288.75,177,F1,75,,,,,
2024-12-27,2024-12-27,FO,NSE,IDO,55045,,NIFTY,,2025-01-23,2025-01-23,24700.0,PE,NIFTY2512324700PE,0.0,0.0,0.0,826.95,0.0,826.95,23813.4,860.7,0,0,0,0.0,0,F1,75,,,,,
2024-12-27,2024-12-27,FO,NSE,IDO,55062,,NIFTY,,2025-01-23,2025-01-23,24850.0,PE,NIFTY2512324850PE,0.0,0.0,0.0,933.0,0.0,933.0,23813.4,984.65,0,0,0,0.0,0,F1,75,,,,,
2024-12-27,2024-12-27,FO,NSE,IDO,48120,,NIFTY,,2025-01-09,2025-01-09,24050.0,CE,NIFTY2510924050CE,179.75,216.25,141.35,146.3,150.6,159.3,23813.4,146.3,58575,33300,2316,4207170386.25,1535,F1,75,,,,,
2024-12-27,2024-12-27,FO,NSE,IDO,57604,,NIFTY,,2025-02-27,2025-02-27,24050.0,PE,NIFTY25FEB24050PE,444.7,483.6,439.65,480.6,480.4,491.2,23813.4,480.6,13050,4650,123,226003413.75,102,F1,75,,,,,
2024-12-27,2024-12-27,FO,NSE,IDO,48130,,NIFTY,,2025-01-09,2025-01-09,24050.0,PE,NIFTY2510924050PE,329.25,335.95,238.95,290.35,287.55,364.75,23813.4,290.35,8400,900,670,1222484235.0,472,F1,75,,,,,
2024-12-27,2024-12-27,FO,NSE,IDO,55005,,NIFTY,,2025-01-23,2025-01-23,24050.0,CE,NIFTY2512324050CE,0.0,0.0,0.0,252.75,252.75,252.75,23813.4,295.95,75,0,0,0.0,0,F1,75,,,,,
2024-12-27,2024-12-27,FO,NSE,IDO,55006,,NIFTY,,2025-01-23,2025-01-23,24050.0,PE,NIFTY2512324050PE,0.0,0.0,0.0,445.3,0.0,445.3,23813.4,412.75,0,0,0,0.0,0,F1,75,,,,,
2024-12-27,2024-12-27,FO,NSE,IDO,52541,,NIFTY,,2025-01-02,2025-01-02,24050.0,PE,NIFTY2510224050PE,286.25,290.4,181.7,240.95,234.7,320.95,23813.4,240.95,158625,106425,69710,126902236398.75,48094,F1,75,,,,,
2024-12-27,2024-12-27,FO,NSE,IDO,52540,,NIFTY,,2025-01-02,2025-01-02,24050.0,CE,NIFTY2510224050CE,90.0,124.6,57.35,62.1,65.95,80.25,23813.4,62.1,1399500,730650,392513,710603587563.75,223069,F1,75,,,,,
2024-12-27,2024-12-27,FO,NSE,IDO,39680,,NIFTY,,2025-06-26,2025-06-26,16000.0,PE,NIFTY25JUN16000PE,0.0,0.0,0.0,1.5,1.5,1.5,23813.4,0.05,1425,0,0,0.0,0,F1,75,,,,,
2024-12-27,2024-12-27,FO,NSE,IDO,49178,,NIFTY,,2025-12-24,2025-12-24,16000.0,PE,NIFTY25DEC16000PE,0.0,0.0,0.0,20.25,20.25,20.25,23813.4,0.2,2125,0,0,0.0,0,F1,75,,,,,
2024-12-27,2024-12-27,FO,NSE,IDO,54713,,NIFTY,,2025-01-23,2025-01-23,22300.0,CE,NIFTY2512322300CE,0.0,0.0,0.0,1836.8,0.0,1836.8,23813.4,1633.45,0,0,0,0.0,0,F1,75,,,,,
2024-12-27,2024-12-27,FO,NSE,IDO,43242,,NIFTY,,2025-01-30,2025-01-30,22450.0,PE,NIFTY25JAN22450PE,51.25,51.25,36.0,38.1,38.2,54.2,23813.4,38.1,9900,0,1217,684234485.0,290,F1,25,,,,,
2024-12-27,2024-12-27,FO,NSE,IDO,48040,,NIFTY,,2025-01-09,2025-01-09,22450.0,PE,NIFTY2510922450PE,10.0,10.0,7.0,7.25,7.2,11.9,23813.4,7.25,15300,4050,754,1269995482.5,425,F1,75,,,,,
2024-12-27,2024-12-27,FO,NSE,IDO,48033,,NIFTY,,2025-01-09,2025-01-09,22300.0,CE,NIFTY2510922300CE,0.0,0.0,0.0,2570.3,0.0,2570.3,23813.4,1567.65,0,0,0,0.0,0,F1,75,,,,,
2024-12-27,2024-12-27,FO,NSE,IDO,54714,,NIFTY,,2025-01-23,2025-01-23,22300.0,PE,NIFTY2512322300PE,0.0,0.0,0.0,29.55,0.0,29.55,23813.4,9.0,0,0,0,0.0,0,F1,75,,,,,
2024-12-27,2024-12-27,FO,NSE,IDO,52482,,NIFTY,,2025-01-16,2025-01-16,22450.0,PE,NIFTY2511622450PE,0.0,0.0,0.0,12.55,0.0,12.55,23813.4,6.65,0,0,0,0.0,0,F1,75,,,,,
2024-12-27,2024-12-27,FO,NSE,IDO,52402,,NIFTY,,2025-01-02,2025-01-02,22300.0,PE,NIFTY2510222300PE,2.5,3.2,1.9,2.25,2.15,3.0,23813.4,2.25,2615625,1607625,130789,218767768312.5,38585,F1,75,,,,,
2024-12-27,2024-12-27,FO,NSE,IDO,55618,,NIFTY,,2025-02-27,2025-02-27,22450.0,PE,NIFTY25FEB22450PE,85.2,90.35,82.9,90.35,90.35,160.25,23813.4,90.35,4800,4800,110,185911811.25,41,F1,75,,,,,
2024-12-27,2024-12-27,FO,NSE,IDO,54751,,NIFTY,,2025-01-23,2025-01-23,22450.0,PE,NIFTY2512322450PE,0.0,0.0,0.0,40.15,0.0,40.15,23813.4,14.3,0,0,0,0.0,0,F1,75,,,,,
2024-12-27,2024-12-27,FO,NSE,IDO,52469,,NIFTY,,2025-01-16,2025-01-16,22300.0,PE,NIFTY2511622300PE,19.9,19.9,11.35,12.0,11.5,19.0,23813.4,12.0,6225,5775,118,197475240.0,51,F1,75,,,,,
2024-12-27,2024-12-27,FO,NSE,IDO,52477,,NIFTY,,2025-01-16,2025-01-16,22450.0,CE,NIFTY2511622450CE,0.0,0.0,0.0,2267.65,0.0,2267.65,23813.4,1452.95,0,0,0,0.0,0,F1,75,,,,,
2024-12-27,2024-12-27,FO,NSE,IDO,43235,,NIFTY,,2025-01-30,2025-01-30,22300.0,CE,NIFTY25JAN22300CE,1720.0,1720.0,1720.0,1720.0,1720.0,1630.0,23813.4,1669.0,475,25,1,600500.0,1,F1,25,,,,,
2024-12-27,2024-12-27,FO,NSE,IDO,52401,,NIFTY,,2025-01-02,2025-01-02,22300.0,CE,NIFTY2510222300CE,0.0,0.0,0.0,1501.0,1501.0,1501.0,23813.4,1538.15,900,0,0,0.0,0,F1,75,,,,,
2024-12-27,2024-12-27,FO,NSE,IDO,48067,,NIFTY,,2025-01-09,2025-01-09,23050.0,PE,NIFTY2510923050PE,38.3,41.15,23.6,26.85,26.05,47.15,23813.4,26.85,12825,75,667,1154506920.0,430,F1,75,,,,,
2024-12-27,2024-12-27,FO,NSE,IDO,52682,,NIFTY,,2025-01-02,2025-01-02,26350.0,PE,NIFTY2510226350PE,0.0,0.0,0.0,2789.6,0.0,2789.6,23813.4,2507.4,0,0,0,0.0,0,F1,75,,,,,
2024-12-27,2024-12-27,FO,NSE,IDO,48237,,NIFTY,,2025-01-09,2025-01-09,26350.0,PE,NIFTY2510926350PE,0.0,0.0,0.0,1541.6,0.0,1541.6,23813.4,2473.35,0,0,0,0.0,0,F1,75,,,,,
2024-12-27,2024-12-27,FO,NSE,IDO,52906,,NIFTY,,2025-01-16,2025-01-16,26350.0,CE,NIFTY2511626350CE,0.0,0.0,0.0,62.15,0.0,62.15,23813.4,0.25,0,0,0,0.0,0,F1,75,,,,,
2024-12-27,2024-12-27,FO,NSE,IDO,42129,,NIFTY,,2025-12-24,2025-12-24,31000.0,CE,NIFTY25DEC31000CE,91.0,106.0,91.0,92.0,92.0,96.7,23813.4,92.0,9000,300,6,13992825.0,6,F1,75,,,,,
2024-12-27,2024-12-27,FO,NSE,IDO,64593,,NIFTY,,2025-03-27,2025-03-27,31000.0,PE,NIFTY25MAR31000PE,6450.0,6501.75,6450.0,6501.75,6501.75,6603.1,23813.4,6674.95,3825,75,9,25290393.75,7,F1,75,,,,,
2024-12-27,2024-12-27,FO,NSE,IDO,43202,,NIFTY,,2025-01-30,2025-01-30,21750.0,CE,NIFTY25JAN21750CE,0.0,0.0,0.0,2844.65,2844.7,2844.65,23813.4,2202.75,200,0,0,0.0,0,F1,25,,,,,
2024-12-27,2024-12-27,FO,NSE,IDO,48078,,NIFTY,,2025-01-09,2025-01-09,23150.0,PE,NIFTY2510923150PE,49.85,52.25,30.1,34.35,32.85,59.05,23813.4,34.35,49050,40650,1613,2804811378.75,749,F1,75,,,,,
2024-12-27,2024-12-27,FO,NSE,IDO,52457,,NIFTY,,2025-01-02,2025-01-02,23150.0,CE,NIFTY2510223150CE,0.0,0.0,0.0,682.15,677.25,682.15,23813.4,696.75,375,0,0,0.0,0,F1,75,,,,,
2024-12-27,2024-12-27,FO,NSE,IDO,48216,,NIFTY,,2025-01-09,2025-01-09,25950.0,CE,NIFTY2510925950CE,2.75,2.95,2.3,2.45,2.4,4.5,23813.4,2.45,2400,150,43,83696925.0,13,F1,75,,,,,
2024-12-27,2024-12-27,FO,NSE,IDO,57681,,NIFTY,,2025-02-27,2025-02-27,25950.0,CE,NIFTY25FEB25950CE,49.7,49.7,40.3,40.3,40.3,49.7,23813.4,40.3,2175,1800,36,70194701.25,13,F1,75,,,,,
2024-12-27,2024-12-27,FO,NSE,IDO,54725,,NIFTY,,2025-03-27,2025-03-27,24050.0,CE,NIFTY25MAR24050CE,0.0,0.0,0.0,836.5,0.0,836.5,23813.4,720.9,0,0,0,0.0,0,F1,75,,,,,
2024-12-27,2024-12-27,FO,NSE,IDO,46353,,NIFTY,,2025-01-30,2025-01-30,24050.0,PE,NIFTY25JAN24050PE,426.5,437.15,340.15,400.8,396.8,461.3,23813.4,400.8,60250,21250,3256,1989463005.0,1537,F1,25,,,,,
2024-12-27,2024-12-27,FO,NSE,IDO,55611,,NIFTY,,2025-02-27,2025-02-27,22300.0,CE,NIFTY25FEB22300CE,0.0,0.0,0.0,2152.85,0.0,2152.85,23813.4,1816.7,0,0,0,0.0,0,F1,75,,,,,
2024-12-27,2024-12-27,FO,NSE,IDO,52577,,NIFTY,,2025-01-02,2025-01-02,24500.0,PE,NIFTY2510224500PE,657.45,660.0,522.6,635.7,621.0,698.55,23813.4,635.7,521700,24900,6897,12980094431.25,3257,F1,75,,,,,
2024-12-27,2024-12-27,FO,NSE,IDO,48148,,NIFTY,,2025-01-09,2025-01-09,24500.0,CE,NIFTY2510924500CE,48.95,55.25,29.3,30.45,31.0,42.15,23813.4,30.45,545775,165600,31625,58207681713.75,15975,F1,75,,,,,
2024-12-27,2024-12-27,FO,NSE,IDO,48178,,NIFTY,,2025-01-09,2025-01-09,25100.0,PE,NIFTY2510925100PE,0.0,0.0,0.0,617.9,0.0,617.9,23813.4,1232.2,0,0,0,0.0,0,F1,75,,,,,
2024-12-27,2024-12-27,FO,NSE,IDO,46448,,NIFTY,,2025-01-30,2025-01-30,25100.0,CE,NIFTY25JAN25100CE,49.75,60.1,41.45,42.4,43.7,46.8,23813.4,42.4,395850,128125,28576,17967238090.0,9068,F1,25,,,,,
2024-12-27,2024-12-27,FO,NSE,IDO,52418,,NIFTY,,2025-01-16,2025-01-16,22000.0,PE,NIFTY2511622000PE,0.0,0.0,0.0,4.05,0.0,4.05,23813.4,1.0,0,0,0,0.0,0,F1,75,,,,,
2024-12-27,2024-12-27,FO,NSE,IDO,71561,,NIFTY,,2027-06-24,2027-06-24,24000.0,PE,NIFTY27JUN24000PE,0.0,0.0,0.0,5056.2,0.0,5056.2,23813.4,616.1,0,0,0,0.0,0,F1,75,,,,,
2024-12-27,2024-12-27,FO,NSE,IDO,58619,,NIFTY,,2025-06-26,2025-06-26,22000.0,PE,NIFTY25JUN22000PE,181.0,186.0,158.0,171.9,170.05,184.6,23813.4,171.9,246950,12225,563,936170628.75,333,F1,75,,,,,
2024-12-27,2024-12-27,FO,NSE,IDO,58622,,NIFTY,,2025-12-24,2025-12-24,22000.0,CE,NIFTY25DEC22000CE,3500.0,3500.0,3418.6,3418.6,3418.6,3370.5,23813.4,3418.6,14525,75,6,11452953.75,6,F1,75,,,,,
2024-12-27,2024-12-27,FO,NSE,IDO,48022,,NIFTY,,2025-01-09,2025-01-09,22000.0,PE,NIFTY2510922000PE,5.0,5.55,3.5,3.85,3.65,5.3,23813.4,3.85,123675,51150,2599,4289157581.25,1112,F1,75,,,,,
2024-12-27,2024-12-27,FO,NSE,IDO,67782,,NIFTY,,2028-12-28,2028-12-28,24000.0,CE,NIFTY28DEC24000CE,0.0,0.0,0.0,5850.3,0.0,5850.3,23813.4,5998.55,0,0,0,0.0,0,F1,75,,,,,
2024-12-27,2024-12-27,FO,NSE,IDO,58618,,NIFTY,,2025-06-26,2025-06-26,22000.0,CE,NIFTY25JUN22000CE,0.0,0.0,0.0,3420.0,3420.0,3420.0,23813.4,2663.2,225,0,0,0.0,0,F1,75,,,,,
2024-12-27,2024-12-27,FO,NSE,IDO,52694,,NIFTY,,2025-01-16,2025-01-16,24000.0,PE,NIFTY2511624000PE,350.0,351.05,260.65,312.25,308.0,377.35,23813.4,312.25,73650,31575,1542,2810496225.0,1043,F1,75,,,,,
2024-12-27,2024-12-27,FO,NSE,IDO,52900,,NIFTY,,2025-01-16,2025-01-16,26200.0,CE,NIFTY2511626200CE,0.0,0.0,0.0,78.25,0.0,78.25,23813.4,0.45,0,0,0,0.0,0,F1,75,,,,,
2024-12-27,2024-12-27,FO,NSE,IDO,52901,,NIFTY,,2025-01-16,2025-01-16,26200.0,PE,NIFTY2511626200PE,0.0,0.0,0.0,1547.05,0.0,1547.05,23813.4,2290.3,0,0,0,0.0,0,F1,75,,,,,
2024-12-27,2024-12-27,FO,NSE,IDO,46602,,NIFTY,,2025-01-30,2025-01-30,26200.0,PE,NIFTY25JAN26200PE,2176.35,2199.4,2082.8,2199.4,2199.4,2249.65,23813.4,2199.4,53150,300,69,48885430.0,33,F1,25,,,,,
2024-12-27,2024-12-27,FO,NSE,IDO,52666,,NIFTY,,2025-01-02,2025-01-02,26200.0,CE,NIFTY2510226200CE,1.65,1.7,0.85,0.95,0.95,1.7,23813.4,0.95,849600,189150,32181,63238342218.75,7296,F1,75,,,,,
2024-12-27,2024-12-27,FO,NSE,IDO,57698,,NIFTY,,2025-02-27,2025-02-27,26200.0,PE,NIFTY25FEB26200PE,0.0,0.0,0.0,2022.05,0.0,2022.05,23813.4,2128.25,0,0,0,0.0,0,F1,75,,,,,
2024-12-27,2024-12-27,FO,NSE,IDO,46600,,NIFTY,,2025-01-30,2025-01-30,26200.0,CE,NIFTY25JAN26200CE,8.1,8.3,5.6,7.0,7.1,8.2,23813.4,7.0,284100,-10900,6941,4547643345.0,2540,F1,25,,,,,
2024-12-27,2024-12-27,FO,NSE,IDO,48231,,NIFTY,,2025-01-09,2025-01-09,26200.0,PE,NIFTY2510926200PE,0.0,0.0,0.0,1412.9,0.0,1412.9,23813.4,2323.7,0,0,0,0.0,0,F1,75,,,,,
2024-12-27,2024-12-27,FO,NSE,IDO,57691,,NIFTY,,2025-02-27,2025-02-27,26200.0,CE,NIFTY25FEB26200CE,31.0,31.0,26.1,26.4,26.3,31.0,23813.4,26.4,12075,-75,169,332442457.5,70,F1,75,,,,,
2024-12-27,2024-12-27,FO,NSE,IDO,48229,,NIFTY,,2025-01-09,2025-01-09,26200.0,CE,NIFTY2510926200CE,2.6,2.9,2.15,2.3,2.3,2.95,23813.4,2.3,17250,4725,278,546322035.0,101,F1,75,,,,,
2024-12-27,2024-12-27,FO,NSE,IDO,52667,,NIFTY,,2025-01-02,2025-01-02,26200.0,PE,NIFTY2510226200PE,0.0,0.0,0.0,2390.5,2395.75,2390.5,23813.4,2357.55,300,0,0,0.0,0,F1,75,,,,,
2024-12-27,2024-12-27,FO,NSE,IDO,46624,,NIFTY,,2025-01-30,2025-01-30,26350.0,CE,NIFTY25JAN26350CE,7.5,7.85,5.75,6.0,6.95,6.9,23813.4,6.0,11325,-4925,396,260928835.0,90,F1,25,,,,,
2024-12-27,2024-12-27,FO,NSE,IDO,56534,,NIFTY,,2025-03-27,2025-03-27,24650.0,CE,NIFTY25MAR24650CE,0.0,0.0,0.0,570.55,0.0,570.55,23813.4,453.2,0,0,0,0.0,0,F1,75,,,,,
2024-12-27,2024-12-27,FO,NSE,IDO,55043,,NIFTY,,2025-01-23,2025-01-23,24650.0,PE,NIFTY2512324650PE,0.0,0.0,0.0,793.0,0.0,793.0,23813.4,820.85,0,0,0,0.0,0,F1,75,,,,,
2024-12-27,2024-12-27,FO,NSE,IDO,48144,,NIFTY,,2025-01-09,2025-01-09,24400.0,PE,NIFTY2510924400PE,569.05,575.0,446.5,530.9,530.0,617.45,23813.4,530.9,48825,13875,698,1303489995.0,457,F1,75,,,,,
2024-12-27,2024-12-27,FO,NSE,IDO,52567,,NIFTY,,2025-01-02,2025-01-02,24400.0,PE,NIFTY2510224400PE,539.5,564.2,430.8,537.0,523.15,606.8,23813.4,537.0,210600,-8775,2629,4910213651.25,1521,F1,75,,,,,
2024-12-27,2024-12-27,FO,NSE,IDO,52757,,NIFTY,,2025-01-16,2025-01-16,24400.0,CE,NIFTY2511624400CE,117.45,137.1,92.15,95.2,94.5,106.8,23813.4,95.2,40050,22875,555,1020436608.75,297,F1,75,,,,,
2024-12-27,2024-12-27,FO,NSE,IDO,55339,,NIFTY,,2025-03-27,2025-03-27,24400.0,CE,NIFTY25MAR24400CE,0.0,0.0,0.0,672.75,0.0,672.75,23813.4,554.4,0,0,0,0.0,0,F1,75,,,,,
2024-12-27,2024-12-27,FO,NSE,IDO,52581,,NIFTY,,2025-01-02,2025-01-02,24600.0,PE,NIFTY2510224600PE,737.65,752.0,617.85,724.9,722.35,793.1,23813.4,724.9,142050,-3150,406,770011642.5,264,F1,75,,,,,
2024-12-27,2024-12-27,FO,NSE,IDO,89640,,NIFTY,,2029-06-28,2029-06-28,29000.0,CE,NIFTY29JUN29000CE,0.0,0.0,0.0,5677.9,0.0,5677.9,23813.4,3970.0,0,0,0,0.0,0,F1,75,,,,,
2024-12-27,2024-12-27,FO,NSE,IDO,64583,,NIFTY,,2025-03-27,2025-03-27,29000.0,PE,NIFTY25MAR29000PE,4585.0,4614.8,4462.5,4602.9,4590.8,4640.05,23813.4,4602.9,408200,1650,318,799978188.75,248,F1,75,,,,,
2024-12-27,2024-12-27,FO,NSE,IDO,38165,,NIFTY,,2027-12-30,2027-12-30,29000.0,PE,NIFTY27DEC29000PE,0.0,0.0,0.0,4227.5,0.0,4227.5,23813.4,2152.25,0,0,0,0.0,0,F1,75,,,,,
2024-12-27,2024-12-27,FO,NSE,IDO,38152,,NIFTY,,2025-12-24,2025-12-24,29000.0,CE,NIFTY25DEC29000CE,255.0,270.95,248.0,251.1,248.0,252.5,23813.4,251.1,56725,-250,28,61441800.0,27,F1,75,,,,,
2024-12-27,2024-12-27,FO,NSE,IDO,67793,,NIFTY,,2028-12-28,2028-12-28,29000.0,PE,NIFTY28DEC29000PE,0.0,0.0,0.0,2010.85,0.0,2010.85,23813.4,1727.4,0,0,0,0.0,0,F1,75,,,,,
2024-12-27,2024-12-27,FO,NSE,IDO,61914,,NIFTY,,2029-12-27,2029-12-27,29000.0,CE,NIFTY29DEC29000CE,0.0,0.0,0.0,5305.8,0.0,5305.8,23813.4,4525.1,0,0,0,0.0,0,F1,75,,,,,
2024-12-27,2024-12-27,FO,NSE,IDO,54995,,NIFTY,,2025-01-23,2025-01-23,23800.0,CE,NIFTY2512323800CE,435.2,505.45,423.65,433.85,437.25,410.85,23813.4,433.85,2025,300,40,72763428.75,34,F1,75,,,,,
2024-12-27,2024-12-27,FO,NSE,IDO,46312,,NIFTY,,2025-01-30,2025-01-30,23800.0,CE,NIFTY25JAN23800CE,488.4,571.5,470.1,482.2,492.0,465.45,23813.4,482.2,1454350,-61575,45574,27707435956.25,19506,F1,25,,,,,
2024-12-27,2024-12-27,FO,NSE,IDO,45865,,NIFTY,,2025-06-26,2025-06-26,17000.0,CE,NIFTY25JUN17000CE,0.0,0.0,0.0,7800.0,7800.0,7800.0,23813.4,7373.05,2850,0,0,0.0,0,F1,75,,,,,
2024-12-27,2024-12-27,FO,NSE,IDO,45676,,NIFTY,,2025-01-30,2025-01-30,23350.0,CE,NIFTY25JAN23350CE,843.85,903.65,774.9,786.85,789.5,749.3,23813.4,786.85,14900,250,70,42282142.5,33,F1,25,,,,,
2024-12-27,2024-12-27,FO,NSE,IDO,51121,,NIFTY,,2025-03-27,2025-03-27,23350.0,PE,NIFTY25MAR23350PE,0.0,0.0,0.0,415.2,0.0,415.2,23813.4,292.9,0,0,0,0.0,0,F1,75,,,,,
2024-12-27,2024-12-27,FO,NSE,IDO,54966,,NIFTY,,2025-01-23,2025-01-23,23450.0,PE,NIFTY2512323450PE,0.0,0.0,0.0,213.15,0.0,213.15,23813.4,158.35,0,0,0,0.0,0,F1,75,,,,,
2024-12-27,2024-12-27,FO,NSE,IDO,52583,,NIFTY,,2025-01-16,2025-01-16,23450.0,CE,NIFTY2511623450CE,0.0,0.0,0.0,1353.4,0.0,1353.4,23813.4,576.1,0,0,0,0.0,0,F1,75,,,,,
2024-12-27,2024-12-27,FO,NSE,IDO,51127,,NIFTY,,2025-03-27,2025-03-27,23450.0,PE,NIFTY25MAR23450PE,0.0,0.0,0.0,450.25,0.0,450.25,23813.4,324.2,0,0,0,0.0,0,F1,75,,,,,
2024-12-27,2024-12-27,FO,NSE,IDO,57674,,NIFTY,,2025-02-27,2025-02-27,25750.0,PE,NIFTY25FEB25750PE,0.0,0.0,0.0,1131.85,1131.85,1131.85,23813.4,1721.25,75,0,0,0.0,0,F1,75,,,,,
2024-12-27,2024-12-27,FO,NSE,IDO,46506,,NIFTY,,2025-01-30,2025-01-30,25750.0,PE,NIFTY25JAN25750PE,0.0,0.0,0.0,1830.0,1830.0,1830.0,23813.4,1792.25,725,0,0,0.0,0,F1,25,,,,,
2024-12-27,2024-12-27,FO,NSE,IDO,52429,,NIFTY,,2025-01-02,2025-01-02,22650.0,CE,NIFTY2510222650CE,0.0,0.0,0.0,1157.0,1157.0,1157.0,23813.4,1188.7,525,0,0,0.0,0,F1,75,,,,,
2024-12-27,2024-12-27,FO,NSE,IDO,52543,,NIFTY,,2025-01-02,2025-01-02,24100.0,PE,NIFTY2510224100PE,324.0,324.15,208.6,275.55,269.3,355.95,23813.4,275.55,625650,130125,92850,169589390546.25,57332,F1,75,,,,,
2024-12-27,2024-12-27,FO,NSE,IDO,55009,,NIFTY,,2025-01-23,2025-01-23,24100.0,CE,NIFTY2512324100CE,288.6,290.85,253.25,258.45,253.25,260.15,23813.4,258.45,225,-150,14,25600402.5,11,F1,75,,,,,
2024-12-27,2024-12-27,FO,NSE,IDO,54711,,NIFTY,,2025-01-23,2025-01-23,22250.0,CE,NIFTY2512322250CE,0.0,0.0,0.0,1883.5,0.0,1883.5,23813.4,1681.9,0,0,0,0.0,0,F1,75,,,,,
2024-12-27,2024-12-27,FO,NSE,IDO,46383,,NIFTY,,2025-01-30,2025-01-30,24550.0,PE,NIFTY25JAN24550PE,714.55,714.55,608.4,697.45,693.0,764.25,23813.4,697.45,20625,-100,277,174533212.5,210,F1,25,,,,,
2024-12-27,2024-12-27,FO,NSE,IDO,48153,,NIFTY,,2025-01-09,2025-01-09,24550.0,CE,NIFTY2510924550CE,40.5,46.05,24.45,25.3,27.0,36.15,23813.4,25.3,75600,48000,3903,7196077181.25,2381,F1,75,,,,,
2024-12-27,2024-12-27,FO,NSE,IDO,52611,,NIFTY,,2025-01-16,2025-01-16,23550.0,CE,NIFTY2511623550CE,0.0,0.0,0.0,1270.3,0.0,1270.3,23813.4,506.6,0,0,0,0.0,0,F1,75,,,,,
2024-12-27,2024-12-27,FO,NSE,IDO,61747,,NIFTY,,2029-12-27,2029-12-27,23000.0,PE,NIFTY29DEC23000PE,0.0,0.0,0.0,488.7,0.0,488.7,23813.4,315.2,0,0,0,0.0,0,F1,75,,,,,
2024-12-27,2024-12-27,FO,NSE,IDO,52800,,NIFTY,,2025-01-16,2025-01-16,24550.0,CE,NIFTY2511624550CE,83.95,89.05,75.95,76.95,76.95,83.25,23813.4,85.3,1050,0,8,14779575.0,8,F1,75,,,,,
2024-12-27,2024-12-27,FO,NSE,IDO,37795,,NIFTY,,2025-12-24,2025-12-24,23000.0,CE,NIFTY25DEC23000CE,2756.0,2770.95,2675.2,2702.65,2701.1,2656.45,23813.4,2702.65,68700,1850,35,67571673.75,35,F1,75,,,,,
2024-12-27,2024-12-27,FO,NSE,IDO,89629,,NIFTY,,2029-06-28,2029-06-28,23000.0,PE,NIFTY29JUN23000PE,0.0,0.0,0.0,543.65,0.0,543.65,23813.4,337.85,0,0,0,0.0,0,F1,75,,,,,
2024-12-27,2024-12-27,FO,NSE,IDO,52616,,NIFTY,,2025-01-16,2025-01-16,23550.0,PE,NIFTY2511623550PE,155.05,155.05,119.9,137.6,139.8,179.75,23813.4,137.6,1050,900,22,39072285.0,15,F1,75,,,,,
2024-12-27,2024-12-27,FO,NSE,IDO,53618,,NIFTY,,2027-12-30,2027-12-30,23000.0,CE,NIFTY27DEC23000CE,0.0,0.0,0.0,4125.7,0.0,4125.7,23813.4,5444.0,0,0,0,0.0,0,F1,75,,,,,
2024-12-27,2024-12-27,FO,NSE,IDO,48064,,NIFTY,,2025-01-09,2025-01-09,23000.0,PE,NIFTY2510923000PE,40.5,40.5,20.55,23.35,22.1,41.95,23813.4,23.35,482025,229725,20472,35352336618.75,10228,F1,75,,,,,
2024-12-27,2024-12-27,FO,NSE,IDO,52521,,NIFTY,,2025-01-16,2025-01-16,23000.0,CE,NIFTY2511623000CE,0.0,0.0,0.0,924.6,924.6,924.6,23813.4,938.95,3450,0,0,0.0,0,F1,75,,,,,
2024-12-27,2024-12-27,FO,NSE,IDO,46374,,NIFTY,,2025-01-30,2025-01-30,24550.0,CE,NIFTY25JAN24550CE,149.2,188.35,141.4,145.25,148.15,146.3,23813.4,145.25,37975,5150,3136,1937549100.0,1288,F1,25,,,,,
2024-12-27,2024-12-27,FO,NSE,IDO,52499,,NIFTY,,2025-01-02,2025-01-02,23550.0,CE,NIFTY2510223550CE,373.85,476.8,345.0,364.7,371.35,346.65,23813.4,364.7,33000,-12750,3145,5648607273.75,2398,F1,75,,,,,
2024-12-27,2024-12-27,FO,NSE,IDO,46264,,NIFTY,,2025-01-30,2025-01-30,23550.0,PE,NIFTY25JAN23550PE,224.9,239.2,175.0,207.6,211.0,254.9,23813.4,207.6,71275,8275,5104,3029753027.5,1963,F1,25,,,,,
2024-12-27,2024-12-27,FO,NSE,IDO,46390,,NIFTY,,2025-01-30,2025-01-30,24700.0,PE,NIFTY25JAN24700PE,835.0,835.0,704.35,801.4,793.5,876.25,23813.4,801.4,215600,-4275,741,471841480.0,324,F1,25,,,,,
2024-12-27,2024-12-27,FO,NSE,IDO,56736,,NIFTY,,2025-02-27,2025-02-27,23400.0,PE,NIFTY25FEB23400PE,278.5,281.65,233.8,257.7,256.5,297.65,23813.4,257.7,89550,1950,461,817877666.25,311,F1,75,,,,,
2024-12-27,2024-12-27,FO,NSE,IDO,56883,,NIFTY,,2025-03-27,2025-03-27,25450.0,PE,NIFTY25MAR25450PE,0.0,0.0,0.0,1560.7,0.0,1560.7,23813.4,1435.9,0,0,0,0.0,0,F1,75,,,,,
2024-12-27,2024-12-27,FO,NSE,IDO,71382,,NIFTY,,2025-06-26,2025-06-26,25000.0,PE,NIFTY25JUN25000PE,1036.05,1042.75,955.0,1018.75,1017.0,1063.35,23813.4,1018.75,256100,23825,677,1319702340.0,489,F1,75,,,,,
2024-12-27,2024-12-27,FO,NSE,IDO,46507,,NIFTY,,2025-01-30,2025-01-30,25800.0,CE,NIFTY25JAN25800CE,13.85,13.85,9.5,9.9,10.05,12.35,23813.4,9.9,151025,-10900,8687,5605460673.75,3141,F1,25,,,,,
2024-12-27,2024-12-27,FO,NSE,IDO,64695,,NIFTY,,2025-09-25,2025-09-25,25000.0,PE,NIFTY25SEP25000PE,0.0,0.0,0.0,538.6,0.0,538.6,23813.4,1090.85,0,0,0,0.0,0,F1,75,,,,,
2024-12-27,2024-12-27,FO,NSE,IDO,46430,,NIFTY,,2025-01-30,2025-01-30,25000.0,CE,NIFTY25JAN25000CE,63.0,76.55,54.45,55.6,57.8,60.4,23813.4,55.6,3878150,222300,159843,100154918490.0,43176,F1,25,,,,,
2024-12-27,2024-12-27,FO,NSE,IDO,52604,,NIFTY,,2025-01-02,2025-01-02,25000.0,PE,NIFTY2510225000PE,1145.75,1150.0,1016.25,1125.55,1117.4,1188.1,23813.4,1125.55,195375,-1725,639,1250925022.5,348,F1,75,,,,,
2024-12-27,2024-12-27,FO,NSE,IDO,46431,,NIFTY,,2025-01-30,2025-01-30,25000.0,PE,NIFTY25JAN25000PE,1099.35,1099.35,938.0,1054.7,1047.9,1125.45,23813.4,1054.7,1635825,-17300,10138,6593908465.0,3138,F1,25,,,,,
2024-12-27,2024-12-27,FO,NSE,IDO,71503,,NIFTY,,2026-12-31,2026-12-31,25000.0,CE,NIFTY26DEC25000CE,0.0,0.0,0.0,2700.0,2700.0,2700.0,23813.4,2917.15,150,0,0,0.0,0,F1,75,,,,,
2024-12-27,2024-12-27,FO,NSE,IDO,57676,,NIFTY,,2025-02-27,2025-02-27,25800.0,PE,NIFTY25FEB25800PE,1630.0,1630.0,1630.0,1630.0,1630.0,1166.2,23813.4,1765.35,375,300,4,8229000.0,1,F1,75,,,,,
2024-12-27,2024-12-27,FO,NSE,IDO,52880,,NIFTY,,2025-01-16,2025-01-16,25750.0,CE,NIFTY2511625750CE,16.0,16.0,16.0,16.0,16.0,25.5,23813.4,2.5,600,0,1,1932450.0,1,F1,75,,,,,
2024-12-27,2024-12-27,FO,NSE,IDO,57673,,NIFTY,,2025-02-27,2025-02-27,25750.0,CE,NIFTY25FEB25750CE,65.3,65.3,56.2,56.2,56.2,205.25,23813.4,78.2,300,150,6,11616105.0,3,F1,75,,,,,
2024-12-27,2024-12-27,FO,NSE,IDO,48048,,NIFTY,,2025-01-09,2025-01-09,22650.0,PE,NIFTY2510922650PE,9.8,12.45,9.8,10.3,10.0,18.1,23813.4,10.3,12450,8400,532,904170288.75,296,F1,75,,,,,
2024-12-27,2024-12-27,FO,NSE,IDO,52494,,NIFTY,,2025-01-16,2025-01-16,22650.0,PE,NIFTY2511622650PE,0.0,0.0,0.0,49.5,49.5,49.5,23813.4,13.65,150,0,0,0.0,0,F1,75,,,,,
2024-12-27,2024-12-27,FO,NSE,IDO,55626,,NIFTY,,2025-02-27,2025-02-27,22650.0,PE,NIFTY25FEB22650PE,0.0,0.0,0.0,196.65,0.0,196.65,23813.4,88.35,0,0,0,0.0,0,F1,75,,,,,
2024-12-27,2024-12-27,FO,NSE,IDO,47025,,NIFTY,,2025-03-27,2025-03-27,22650.0,CE,NIFTY25MAR22650CE,0.0,0.0,0.0,1730.8,0.0,1730.8,23813.4,1668.7,0,0,0,0.0,0,F1,75,,,,,
2024-12-27,2024-12-27,FO,NSE,IDO,48047,,NIFTY,,2025-01-09,2025-01-09,22650.0,CE,NIFTY2510922650CE,0.0,0.0,0.0,2231.2,0.0,2231.2,23813.4,1222.2,0,0,0,0.0,0,F1,75,,,,,
2024-12-27,2024-12-27,FO,NSE,IDO,52489,,NIFTY,,2025-01-16,2025-01-16,22650.0,CE,NIFTY2511622650CE,0.0,0.0,0.0,2076.2,0.0,2076.2,23813.4,1260.65,0,0,0,0.0,0,F1,75,,,,,
2024-12-27,2024-12-27,FO,NSE,IDO,47026,,NIFTY,,2025-03-27,2025-03-27,22650.0,PE,NIFTY25MAR22650PE,0.0,0.0,0.0,221.55,0.0,221.55,23813.4,131.45,0,0,0,0.0,0,F1,75,,,,,
2024-12-27,2024-12-27,FO,NSE,IDO,89637,,NIFTY,,2029-06-28,2029-06-28,27000.0,PE,NIFTY29JUN27000PE,0.0,0.0,0.0,1252.35,0.0,1252.35,23813.4,1017.8,0,0,0,0.0,0,F1,75,,,,,
2024-12-27,2024-12-27,FO,NSE,IDO,50981,,NIFTY,,2027-06-24,2027-06-24,27000.0,CE,NIFTY27JUN27000CE,0.0,0.0,0.0,1932.5,0.0,1932.5,23813.4,2521.65,0,0,0,0.0,0,F1,75,,,,,
2024-12-27,2024-12-27,FO,NSE,IDO,53632,,NIFTY,,2027-12-30,2027-12-30,27000.0,PE,NIFTY27DEC27000PE,0.0,0.0,0.0,3794.4,0.0,3794.4,23813.4,1373.65,0,0,0,0.0,0,F1,75,,,,,
2024-12-27,2024-12-27,FO,NSE,IDO,64576,,NIFTY,,2025-03-27,2025-03-27,27000.0,CE,NIFTY25MAR27000CE,37.95,43.9,29.75,30.35,30.8,35.35,23813.4,30.35,883100,63100,2771,5618464931.25,1439,F1,75,,,,,
2024-12-27,2024-12-27,FO,NSE,IDO,64699,,NIFTY,,2025-09-25,2025-09-25,27000.0,PE,NIFTY25SEP27000PE,0.0,0.0,0.0,1168.15,0.0,1168.15,23813.4,2316.6,0,0,0,0.0,0,F1,75,,,,,
2024-12-27,2024-12-27,FO,NSE,IDO,67789,,NIFTY,,2028-12-28,2028-12-28,27000.0,PE,NIFTY28DEC27000PE,0.0,0.0,0.0,1413.85,0.0,1413.85,23813.4,1123.05,0,0,0,0.0,0,F1,75,,,,,
2024-12-27,2024-12-27,FO,NSE,IDO,61794,,NIFTY,,2029-12-27,2029-12-27,27000.0,CE,NIFTY29DEC27000CE,0.0,0.0,0.0,6201.65,0.0,6201.65,23813.4,5474.55,0,0,0,0.0,0,F1,75,,,,,
2024-12-27,2024-12-27,FO,NSE,IDO,53631,,NIFTY,,2027-12-30,2027-12-30,27000.0,CE,NIFTY27DEC27000CE,0.0,0.0,0.0,2889.8,0.0,2889.8,23813.4,3148.75,0,0,0,0.0,0,F1,75,,,,,
2024-12-27,2024-12-27,FO,NSE,IDO,50978,,NIFTY,,2026-12-31,2026-12-31,27000.0,CE,NIFTY26DEC27000CE,0.0,0.0,0.0,1651.65,0.0,1651.65,23813.4,1937.85,0,0,0,0.0,0,F1,75,,,,,
2024-12-27,2024-12-27,FO,NSE,IDO,46354,,NIFTY,,2025-01-30,2025-01-30,24100.0,CE,NIFTY25JAN24100CE,325.7,392.05,309.5,320.0,329.25,312.0,23813.4,320.0,325025,91200,21390,13074903765.0,9595,F1,25,,,,,
2024-12-27,2024-12-27,FO,NSE,IDO,52702,,NIFTY,,2025-01-16,2025-01-16,24100.0,PE,NIFTY2511624100PE,304.55,375.0,304.55,361.4,357.1,422.4,23813.4,361.4,3000,900,57,104503391.25,41,F1,75,,,,,
2024-12-27,2024-12-27,FO,NSE,IDO,52502,,NIFTY,,2025-01-16,2025-01-16,22750.0,CE,NIFTY2511622750CE,0.0,0.0,0.0,1981.6,0.0,1981.6,23813.4,1166.4,0,0,0,0.0,0,F1,75,,,,,
2024-12-27,2024-12-27,FO,NSE,IDO,52438,,NIFTY,,2025-01-16,2025-01-16,22200.0,PE,NIFTY2511622200PE,0.0,0.0,0.0,6.85,0.0,6.85,23813.4,2.45,0,0,0,0.0,0,F1,75,,,,,
2024-12-27,2024-12-27,FO,NSE,IDO,43225,,NIFTY,,2025-01-30,2025-01-30,22200.0,CE,NIFTY25JAN22200CE,1820.0,1820.0,1820.0,1820.0,1820.0,1737.8,23813.4,1764.55,500,0,1,600500.0,1,F1,25,,,,,
2024-12-27,2024-12-27,FO,NSE,IDO,57600,,NIFTY,,2025-02-27,2025-02-27,23950.0,PE,NIFTY25FEB23950PE,439.3,443.85,401.05,438.85,439.0,477.45,23813.4,438.85,9750,2850,138,252253353.75,94,F1,75,,,,,
2024-12-27,2024-12-27,FO,NSE,IDO,46342,,NIFTY,,2025-01-30,2025-01-30,23950.0,PE,NIFTY25JAN23950PE,396.95,396.95,300.85,355.45,352.0,412.15,23813.4,355.45,120050,11450,6705,4070642108.75,2298,F1,25,,,,,
2024-12-27,2024-12-27,FO,NSE,IDO,52680,,NIFTY,,2025-01-16,2025-01-16,23950.0,PE,NIFTY2511623950PE,266.3,299.5,242.4,290.45,282.9,350.2,23813.4,290.45,6825,6825,162,294208500.0,99,F1,75,,,,,
2024-12-27,2024-12-27,FO,NSE,IDO,57599,,NIFTY,,2025-02-27,2025-02-27,23950.0,CE,NIFTY25FEB23950CE,685.75,698.95,655.0,655.0,655.0,567.65,23813.4,600.45,3225,975,44,81282851.25,41,F1,75,,,,,
2024-12-27,2024-12-27,FO,NSE,IDO,52827,,NIFTY,,2025-01-16,2025-01-16,24700.0,PE,NIFTY2511624700PE,0.0,0.0,0.0,481.85,0.0,481.85,23813.4,855.3,0,0,0,0.0,0,F1,75,,,,,
2024-12-27,2024-12-27,FO,NSE,IDO,46468,,NIFTY,,2025-01-30,2025-01-30,25450.0,PE,NIFTY25JAN25450PE,0.0,0.0,0.0,1425.25,1425.25,1425.25,23813.4,1510.1,9300,0,0,0.0,0,F1,25,,,,,
2024-12-27,2024-12-27,FO,NSE,IDO,52630,,NIFTY,,2025-01-02,2025-01-02,25450.0,PE,NIFTY2510225450PE,0.0,0.0,0.0,1933.95,0.0,1933.95,23813.4,1608.4,0,0,0,0.0,0,F1,75,,,,,
2024-12-27,2024-12-27,FO,NSE,IDO,57661,,NIFTY,,2025-02-27,2025-02-27,25450.0,CE,NIFTY25FEB25450CE,108.0,109.6,88.45,89.75,93.0,375.0,23813.4,89.75,2100,2100,203,388962798.75,85,F1,75,,,,,
2024-12-27,2024-12-27,FO,NSE,IDO,48195,,NIFTY,,2025-01-09,2025-01-09,25450.0,CE,NIFTY2510925450CE,3.1,3.6,2.55,2.85,2.7,3.85,23813.4,2.85,25500,2025,229,437155237.5,85,F1,75,,,,,
2024-12-27,2024-12-27,FO,NSE,IDO,52869,,NIFTY,,2025-01-16,2025-01-16,25450.0,PE,NIFTY2511625450PE,0.0,0.0,0.0,942.85,0.0,942.85,23813.4,1549.7,0,0,0,0.0,0,F1,75,,,,,
2024-12-27,2024-12-27,FO,NSE,IDO,52628,,NIFTY,,2025-01-16,2025-01-16,23650.0,PE,NIFTY2511623650PE,0.0,0.0,0.0,219.85,219.85,219.85,23813.4,191.15,0,0,0,0.0,0,F1,75,,,,,
2024-12-27,2024-12-27,FO,NSE,IDO,48100,,NIFTY,,2025-01-09,2025-01-09,23650.0,CE,NIFTY2510923650CE,402.65,472.5,365.05,378.15,386.5,365.0,23813.4,378.15,12450,3225,238,429360528.75,194,F1,75,,,,,
2024-12-27,2024-12-27,FO,NSE,IDO,57588,,NIFTY,,2025-02-27,2025-02-27,23650.0,PE,NIFTY25FEB23650PE,0.0,0.0,0.0,475.4,0.0,475.4,23813.4,337.7,0,0,0,0.0,0,F1,75,,,,,
2024-12-27,2024-12-27,FO,NSE,IDO,57587,,NIFTY,,2025-02-27,2025-02-27,23650.0,CE,NIFTY25FEB23650CE,865.15,882.35,865.15,882.35,882.35,1166.1,23813.4,770.7,1275,1275,17,31260821.25,5,F1,75,,,,,
2024-12-27,2024-12-27,FO,NSE,IDO,48174,,NIFTY,,2025-01-09,2025-01-09,25000.0,PE,NIFTY2510925000PE,1097.5,1109.1,979.0,1106.4,1101.0,1157.5,23813.4,1106.4,17625,3525,95,185616150.0,53,F1,75,,,,,
2024-12-27,2024-12-27,FO,NSE,IDO,89633,,NIFTY,,2029-06-28,2029-06-28,25000.0,PE,NIFTY29JUN25000PE,0.0,0.0,0.0,852.5,0.0,852.5,23813.4,616.15,0,0,0,0.0,0,F1,75,,,,,
2024-12-27,2024-12-27,FO,NSE,IDO,55039,,NIFTY,,2025-01-23,2025-01-23,24600.0,CE,NIFTY2512324600CE,125.0,126.7,92.2,93.85,93.85,80.4,23813.4,93.85,2025,1050,77,142684725.0,40,F1,75,,,,,
2024-12-27,2024-12-27,FO,NSE,IDO,52808,,NIFTY,,2025-01-16,2025-01-16,24600.0,CE,NIFTY2511624600CE,74.2,80.0,53.0,53.85,54.9,64.5,23813.4,53.85,10950,1950,246,455051257.5,115,F1,75,,,,,
2024-12-27,2024-12-27,FO,NSE,IDO,56529,,NIFTY,,2025-03-27,2025-03-27,24600.0,PE,NIFTY25MAR24600PE,0.0,0.0,0.0,995.6,0.0,995.6,23813.4,852.85,0,0,0,0.0,0,F1,75,,,,,
2024-12-27,2024-12-27,FO,NSE,IDO,48158,,NIFTY,,2025-01-09,2025-01-09,24600.0,PE,NIFTY2510924600PE,722.05,726.0,627.4,720.0,720.0,772.6,23813.4,764.0,10500,2250,61,115576102.5,46,F1,75,,,,,
2024-12-27,2024-12-27,FO,NSE,IDO,71393,,NIFTY,,2025-12-24,2025-12-24,24000.0,CE,NIFTY25DEC24000CE,2100.0,2140.0,2050.0,2055.7,2055.0,2034.7,23813.4,2055.7,155725,2325,89,174205863.75,89,F1,75,,,,,
2024-12-27,2024-12-27,FO,NSE,IDO,86152,,NIFTY,,2028-06-29,2028-06-29,24000.0,PE,NIFTY28JUN24000PE,0.0,0.0,0.0,1692.75,0.0,1692.75,23813.4,537.75,0,0,0,0.0,0,F1,75,,,,,
2024-12-27,2024-12-27,FO,NSE,IDO,55004,,NIFTY,,2025-01-23,2025-01-23,24000.0,PE,NIFTY2512324000PE,364.15,368.45,303.0,348.0,339.0,404.8,23813.4,348.0,8550,900,205,374143140.0,133,F1,75,,,,,
2024-12-27,2024-12-27,FO,NSE,IDO,48021,,NIFTY,,2025-01-09,2025-01-09,22000.0,CE,NIFTY2510922000CE,1940.65,1940.65,1922.0,1922.0,1922.0,2864.65,23813.4,1866.35,300,300,16,28711822.5,7,F1,75,,,,,
2024-12-27,2024-12-27,FO,NSE,IDO,89626,,NIFTY,,2029-06-28,2029-06-28,22000.0,CE,NIFTY29JUN22000CE,0.0,0.0,0.0,9207.9,0.0,9207.9,23813.4,7820.05,0,0,0,0.0,0,F1,75,,,,,
2024-12-27,2024-12-27,FO,NSE,IDO,48119,,NIFTY,,2025-01-09,2025-01-09,24000.0,PE,NIFTY2510924000PE,310.2,315.7,215.95,264.65,258.45,339.05,23813.4,264.65,373575,117000,15198,27646867053.75,9484,F1,75,,,,,
2024-12-27,2024-12-27,FO,NSE,IDO,55600,,NIFTY,,2025-02-27,2025-02-27,22000.0,PE,NIFTY25FEB22000PE,62.0,63.6,49.65,55.05,54.65,68.0,23813.4,55.05,253800,53775,2346,3880416303.75,1351,F1,75,,,,,
2024-12-27,2024-12-27,FO,NSE,IDO,67778,,NIFTY,,2028-12-28,2028-12-28,22000.0,CE,NIFTY28DEC22000CE,0.0,0.0,0.0,6932.45,0.0,6932.45,23813.4,7277.15,0,0,0,0.0,0,F1,75,,,,,
2024-12-27,2024-12-27,FO,NSE,IDO,43216,,NIFTY,,2025-01-30,2025-01-30,22000.0,PE,NIFTY25JAN22000PE,28.45,28.45,18.0,19.05,18.9,27.4,23813.4,19.05,3128450,-189550,70420,38766477265.0,15744,F1,25,,,,,
2024-12-27,2024-12-27,FO,NSE,IDO,54694,,NIFTY,,2025-01-23,2025-01-23,22000.0,CE,NIFTY2512322000CE,0.0,0.0,0.0,2120.4,0.0,2120.4,23813.4,1926.2,0,0,0,0.0,0,F1,75,,,,,
2024-12-27,2024-12-27,FO,NSE,IDO,53624,,NIFTY,,2027-12-30,2027-12-30,24000.0,CE,NIFTY27DEC24000CE,0.0,0.0,0.0,3778.95,0.0,3778.95,23813.4,4800.45,0,0,0,0.0,0,F1,75,,,,,
2024-12-27,2024-12-27,FO,NSE,IDO,55637,,NIFTY,,2025-02-27,2025-02-27,22950.0,CE,NIFTY25FEB22950CE,0.0,0.0,0.0,1640.5,0.0,1640.5,23813.4,1263.85,0,0,0,0.0,0,F1,75,,,,,
2024-12-27,2024-12-27,FO,NSE,IDO,48062,,NIFTY,,2025-01-09,2025-01-09,22950.0,PE,NIFTY2510922950PE,31.0,34.5,16.3,20.5,16.3,37.9,23813.4,20.5,37500,21000,1056,1819587232.5,574,F1,75,,,,,
2024-12-27,2024-12-27,FO,NSE,IDO,55638,,NIFTY,,2025-02-27,2025-02-27,22950.0,PE,NIFTY25FEB22950PE,0.0,0.0,0.0,262.45,0.0,262.45,23813.4,138.8,0,0,0,0.0,0,F1,75,,,,,
2024-12-27,2024-12-27,FO,NSE,IDO,52517,,NIFTY,,2025-01-16,2025-01-16,22950.0,CE,NIFTY2511622950CE,0.0,0.0,0.0,1795.4,0.0,1795.4,23813.4,983.3,0,0,0,0.0,0,F1,75,,,,,
2024-12-27,2024-12-27,FO,NSE,IDO,43265,,NIFTY,,2025-01-30,2025-01-30,22950.0,CE,NIFTY25JAN22950CE,0.0,0.0,0.0,1717.45,1717.8,1717.45,23813.4,1081.1,275,0,0,0.0,0,F1,25,,,,,
2024-12-27,2024-12-27,FO,NSE,IDO,48023,,NIFTY,,2025-01-09,2025-01-09,22050.0,CE,NIFTY2510922050CE,0.0,0.0,0.0,2815.45,0.0,2815.45,23813.4,1816.5,0,0,0,0.0,0,F1,75,,,,,
2024-12-27,2024-12-27,FO,NSE,IDO,52387,,NIFTY,,2025-01-02,2025-01-02,22050.0,PE,NIFTY2510222050PE,2.05,2.65,1.7,1.9,1.95,2.6,23813.4,1.9,273600,74700,23837,39424005037.5,13420,F1,75,,,,,
2024-12-27,2024-12-27,FO,NSE,IDO,52381,,NIFTY,,2025-01-02,2025-01-02,22050.0,CE,NIFTY2510222050CE,0.0,0.0,0.0,1553.9,0.0,1553.9,23813.4,1787.85,0,0,0,0.0,0,F1,75,,,,,
2024-12-27,2024-12-27,FO,NSE,IDO,55602,,NIFTY,,2025-02-27,2025-02-27,22050.0,PE,NIFTY25FEB22050PE,0.0,0.0,0.0,103.1,0.0,103.1,23813.4,30.9,0,0,0,0.0,0,F1,75,,,,,
2024-12-27,2024-12-27,FO,NSE,IDO,54697,,NIFTY,,2025-01-23,2025-01-23,22050.0,PE,NIFTY2512322050PE,0.0,0.0,0.0,17.1,0.0,17.1,23813.4,3.9,0,0,0,0.0,0,F1,75,,,,,
2024-12-27,2024-12-27,FO,NSE,IDO,52420,,NIFTY,,2025-01-16,2025-01-16,22050.0,PE,NIFTY2511622050PE,0.0,0.0,0.0,4.65,0.0,4.65,23813.4,1.3,0,0,0,0.0,0,F1,75,,,,,
2024-12-27,2024-12-27,FO,NSE,IDO,48157,,NIFTY,,2025-01-09,2025-01-09,24600.0,CE,NIFTY2510924600CE,39.9,39.9,20.05,20.75,20.8,30.2,23813.4,20.75,210600,68400,11693,21598228886.25,6894,F1,75,,,,,
2024-12-27,2024-12-27,FO,NSE,IDO,56528,,NIFTY,,2025-03-27,2025-03-27,24600.0,CE,NIFTY25MAR24600CE,0.0,0.0,0.0,590.05,0.0,590.05,23813.4,472.3,0,0,0,0.0,0,F1,75,,,,,
2024-12-27,2024-12-27,FO,NSE,IDO,52532,,NIFTY,,2025-01-16,2025-01-16,23050.0,PE,NIFTY2511623050PE,62.05,62.05,61.45,61.45,61.45,94.1,23813.4,46.75,300,150,2,3466762.5,2,F1,75,,,,,
2024-12-27,2024-12-27,FO,NSE,IDO,43273,,NIFTY,,2025-01-30,2025-01-30,23050.0,CE,NIFTY25JAN23050CE,0.0,0.0,0.0,969.5,969.5,969.5,23813.4,998.2,450,0,0,0.0,0,F1,25,,,,,
2024-12-27,2024-12-27,FO,NSE,IDO,48251,,NIFTY,,2025-03-27,2025-03-27,23050.0,CE,NIFTY25MAR23050CE,0.0,0.0,0.0,1437.85,0.0,1437.85,23813.4,1355.85,0,0,0,0.0,0,F1,75,,,,,
2024-12-27,2024-12-27,FO,NSE,IDO,52454,,NIFTY,,2025-01-02,2025-01-02,23050.0,PE,NIFTY2510223050PE,16.8,16.8,5.55,6.45,6.2,17.65,23813.4,6.45,402450,104700,146214,252856421175.0,44450,F1,75,,,,,
2024-12-27,2024-12-27,FO,NSE,IDO,52675,,NIFTY,,2025-01-02,2025-01-02,26350.0,CE,NIFTY2510226350CE,1.65,1.7,0.85,0.9,0.85,1.7,23813.4,0.9,152775,129600,8605,17006348546.25,3319,F1,75,,,,,
2024-12-27,2024-12-27,FO,NSE,IDO,48236,,NIFTY,,2025-01-09,2025-01-09,26350.0,CE,NIFTY2510926350CE,3.2,3.2,2.15,2.25,2.25,3.1,23813.4,2.25,4050,900,53,104751165.0,25,F1,75,,,,,
2024-12-27,2024-12-27,FO,NSE,IDO,48049,,NIFTY,,2025-01-09,2025-01-09,22700.0,CE,NIFTY2510922700CE,0.0,0.0,0.0,2183.35,0.0,2183.35,23813.4,1173.45,0,0,0,0.0,0,F1,75,,,,,
2024-12-27,2024-12-27,FO,NSE,IDO,43255,,NIFTY,,2025-01-30,2025-01-30,22700.0,CE,NIFTY25JAN22700CE,1440.0,1440.0,1366.0,1380.0,1380.0,1276.85,23813.4,1298.55,1300,25,19,11440900.0,7,F1,25,,,,,
2024-12-27,2024-12-27,FO,NSE,IDO,55627,,NIFTY,,2025-02-27,2025-02-27,22700.0,CE,NIFTY25FEB22700CE,0.0,0.0,0.0,1830.2,0.0,1830.2,23813.4,1467.75,0,0,0,0.0,0,F1,75,,,,,
2024-12-27,2024-12-27,FO,NSE,IDO,52440,,NIFTY,,2025-01-02,2025-01-02,22700.0,PE,NIFTY2510222700PE,5.95,5.95,2.95,3.45,3.3,6.0,23813.4,3.45,1999350,885750,141154,240356718735.0,38661,F1,75,,,,,
2024-12-27,2024-12-27,FO,NSE,IDO,52496,,NIFTY,,2025-01-16,2025-01-16,22700.0,CE,NIFTY2511622700CE,0.0,0.0,0.0,2028.8,0.0,2028.8,23813.4,1213.35,0,0,0,0.0,0,F1,75,,,,,
2024-12-27,2024-12-27,FO,NSE,IDO,52431,,NIFTY,,2025-01-02,2025-01-02,22700.0,CE,NIFTY2510222700CE,1209.55,1227.2,1198.0,1198.0,1198.0,1105.0,23813.4,1138.85,675,150,4,7174143.75,4,F1,75,,,,,
2024-12-27,2024-12-27,FO,NSE,IDO,52500,,NIFTY,,2025-01-16,2025-01-16,22700.0,PE,NIFTY2511622700PE,26.0,32.0,24.35,26.2,27.0,36.85,23813.4,26.2,6600,600,37,63064350.0,23,F1,75,,,,,
2024-12-27,2024-12-27,FO,NSE,IDO,54763,,NIFTY,,2025-01-23,2025-01-23,22700.0,PE,NIFTY2512322700PE,0.0,0.0,0.0,64.65,0.0,64.65,23813.4,29.1,0,0,0,0.0,0,F1,75,,,,,
2024-12-27,2024-12-27,FO,NSE,IDO,43264,,NIFTY,,2025-01-30,2025-01-30,22900.0,PE,NIFTY25JAN22900PE,94.95,97.8,67.5,77.6,77.0,104.3,23813.4,77.6,577650,188925,24366,13995193365.0,7441,F1,25,,,,,
2024-12-27,2024-12-27,FO,NSE,IDO,48059,,NIFTY,,2025-01-09,2025-01-09,22900.0,CE,NIFTY2510922900CE,998.25,1077.25,998.25,1015.4,1015.4,965.0,23813.4,1015.4,450,300,8,14360497.5,8,F1,75,,,,,
2024-12-27,2024-12-27,FO,NSE,IDO,48243,,NIFTY,,2025-03-27,2025-03-27,22900.0,PE,NIFTY25MAR22900PE,197.0,200.05,188.35,197.9,200.05,281.75,23813.4,197.9,8625,8625,236,408727080.0,107,F1,75,,,,,
2024-12-27,2024-12-27,FO,NSE,IDO,43263,,NIFTY,,2025-01-30,2025-01-30,22900.0,CE,NIFTY25JAN22900CE,1165.55,1260.0,1165.55,1199.8,1199.8,1106.15,23813.4,1123.45,2025,550,44,26532233.75,20,F1,25,,,,,
2024-12-27,2024-12-27,FO,NSE,IDO,52515,,NIFTY,,2025-01-16,2025-01-16,22900.0,CE,NIFTY2511622900CE,0.0,0.0,0.0,1841.55,0.0,1841.55,23813.4,1028.3,0,0,0,0.0,0,F1,75,,,,,
2024-12-27,2024-12-27,FO,NSE,IDO,48217,,NIFTY,,2025-03-27,2025-03-27,22900.0,CE,NIFTY25MAR22900CE,0.0,0.0,0.0,1545.5,0.0,1545.5,23813.4,1469.75,0,0,0,0.0,0,F1,75,,,,,
2024-12-27,2024-12-27,FO,NSE,IDO,55635,,NIFTY,,2025-02-27,2025-02-27,22900.0,CE,NIFTY25FEB22900CE,0.0,0.0,0.0,1677.65,0.0,1677.65,23813.4,1303.6,0,0,0,0.0,0,F1,75,,,,,
2024-12-27,2024-12-27,FO,NSE,IDO,48060,,NIFTY,,2025-01-09,2025-01-09,22900.0,PE,NIFTY2510922900PE,29.0,30.2,15.9,18.6,15.9,33.2,23813.4,18.6,128250,56100,5254,9031692041.25,3116,F1,75,,,,,
2024-12-27,2024-12-27,FO,NSE,IDO,52592,,NIFTY,,2025-01-02,2025-01-02,24750.0,CE,NIFTY2510224750CE,4.0,4.55,1.75,2.1,2.15,3.7,23813.4,2.1,732900,425025,179324,332910659197.5,40772,F1,75,,,,,
2024-12-27,2024-12-27,FO,NSE,IDO,51028,,NIFTY,,2025-01-02,2025-01-02,21800.0,PE,NIFTY2510221800PE,2.1,2.3,1.35,1.45,1.45,2.2,23813.4,1.45,887775,84975,32020,52356709188.75,10602,F1,75,,,,,
2024-12-27,2024-12-27,FO,NSE,IDO,58629,,NIFTY,,2026-12-31,2026-12-31,12000.0,PE,NIFTY26DEC12000PE,0.0,0.0,0.0,20.05,20.05,20.05,23813.4,0.05,800,0,0,0.0,0,F1,75,,,,,
2024-12-27,2024-12-27,FO,NSE,IDO,58624,,NIFTY,,2026-06-25,2026-06-25,12000.0,CE,NIFTY26JUN12000CE,0.0,0.0,0.0,8690.0,8690.0,8690.0,23813.4,12963.9,50,0,0,0.0,0,F1,75,,,,,
2024-12-27,2024-12-27,FO,NSE,IDO,58625,,NIFTY,,2026-06-25,2026-06-25,12000.0,PE,NIFTY26JUN12000PE,0.0,0.0,0.0,20.05,20.05,20.05,23813.4,0.05,400,0,0,0.0,0,F1,75,,,,,
2024-12-27,2024-12-27,FO,NSE,IDO,50545,,NIFTY,,2026-06-25,2026-06-25,28000.0,CE,NIFTY26JUN28000CE,0.0,0.0,0.0,1533.95,0.0,1533.95,23813.4,980.1,0,0,0,0.0,0,F1,75,,,,,
2024-12-27,2024-12-27,FO,NSE,IDO,50548,,NIFTY,,2026-12-31,2026-12-31,28000.0,PE,NIFTY26DEC28000PE,0.0,0.0,0.0,6224.8,0.0,6224.8,23813.4,2181.9,0,0,0,0.0,0,F1,75,,,,,
2024-12-27,2024-12-27,FO,NSE,IDO,86166,,NIFTY,,2028-06-29,2028-06-29,28000.0,PE,NIFTY28JUN28000PE,0.0,0.0,0.0,3161.35,0.0,3161.35,23813.4,1561.2,0,0,0,0.0,0,F1,75,,,,,
2024-12-27,2024-12-27,FO,NSE,IDO,53633,,NIFTY,,2027-12-30,2027-12-30,28000.0,CE,NIFTY27DEC28000CE,0.0,0.0,0.0,2639.2,0.0,2639.2,23813.4,2697.15,0,0,0,0.0,0,F1,75,,,,,
2024-12-27,2024-12-27,FO,NSE,IDO,89638,,NIFTY,,2029-06-28,2029-06-28,28000.0,CE,NIFTY29JUN28000CE,0.0,0.0,0.0,6112.6,0.0,6112.6,23813.4,4422.6,0,0,0,0.0,0,F1,75,,,,,
2024-12-27,2024-12-27,FO,NSE,IDO,67791,,NIFTY,,2028-12-28,2028-12-28,28000.0,PE,NIFTY28DEC28000PE,0.0,0.0,0.0,1697.6,0.0,1697.6,23813.4,1405.9,0,0,0,0.0,0,F1,75,,,,,
2024-12-27,2024-12-27,FO,NSE,IDO,64579,,NIFTY,,2025-03-27,2025-03-27,28000.0,PE,NIFTY25MAR28000PE,3600.0,3639.9,3490.0,3624.85,3625.4,3681.6,23813.4,3624.85,265625,750,1064,2519649221.25,983,F1,75,,,,,
2024-12-27,2024-12-27,FO,NSE,IDO,61858,,NIFTY,,2029-12-27,2029-12-27,28000.0,CE,NIFTY29DEC28000CE,0.0,0.0,0.0,5741.5,0.0,5741.5,23813.4,4984.55,0,0,0,0.0,0,F1,75,,,,,
2024-12-27,2024-12-27,FO,NSE,IDO,89639,,NIFTY,,2029-06-28,2029-06-28,28000.0,PE,NIFTY29JUN28000PE,0.0,0.0,0.0,1488.1,0.0,1488.1,23813.4,1268.75,0,0,0,0.0,0,F1,75,,,,,
2024-12-27,2024-12-27,FO,NSE,IDO,67790,,NIFTY,,2028-12-28,2028-12-28,28000.0,CE,NIFTY28DEC28000CE,0.0,0.0,0.0,4027.15,0.0,4027.15,23813.4,3852.55,0,0,0,0.0,0,F1,75,,,,,
2024-12-27,2024-12-27,FO,NSE,IDO,53635,,NIFTY,,2027-12-30,2027-12-30,28000.0,PE,NIFTY27DEC28000PE,0.0,0.0,0.0,4251.0,0.0,4251.0,23813.4,1738.3,0,0,0,0.0,0,F1,75,,,,,
2024-12-27,2024-12-27,FO,NSE,IDO,52508,,NIFTY,,2025-01-16,2025-01-16,22850.0,CE,NIFTY2511622850CE,0.0,0.0,0.0,1887.95,0.0,1887.95,23813.4,1073.85,0,0,0,0.0,0,F1,75,,,,,
2024-12-27,2024-12-27,FO,NSE,IDO,52672,,NIFTY,,2025-01-02,2025-01-02,26300.0,PE,NIFTY2510226300PE,0.0,0.0,0.0,2490.55,2490.55,2490.55,23813.4,2457.45,750,0,0,0.0,0,F1,75,,,,,
2024-12-27,2024-12-27,FO,NSE,IDO,57703,,NIFTY,,2025-02-27,2025-02-27,26300.0,PE,NIFTY25FEB26300PE,0.0,0.0,0.0,2103.6,0.0,2103.6,23813.4,2221.3,0,0,0,0.0,0,F1,75,,,,,
2024-12-27,2024-12-27,FO,NSE,IDO,52586,,NIFTY,,2025-01-02,2025-01-02,24700.0,CE,NIFTY2510224700CE,3.95,5.4,2.0,2.35,2.2,4.4,23813.4,2.35,2745825,786150,407758,755474794953.75,84039,F1,75,,,,,
2024-12-27,2024-12-27,FO,NSE,IDO,55044,,NIFTY,,2025-01-23,2025-01-23,24700.0,CE,NIFTY2512324700CE,100.0,100.0,77.2,77.2,77.2,80.95,23813.4,77.2,1425,-150,8,14873216.25,7,F1,75,,,,,
2024-12-27,2024-12-27,FO,NSE,IDO,52591,,NIFTY,,2025-01-02,2025-01-02,24700.0,PE,NIFTY2510224700PE,830.0,850.0,724.0,822.55,816.85,892.15,23813.4,822.55,68775,-975,181,345721286.25,115,F1,75,,,,,
2024-12-27,2024-12-27,FO,NSE,IDO,48090,,NIFTY,,2025-01-09,2025-01-09,23400.0,CE,NIFTY2510923400CE,590.0,670.55,558.0,574.5,575.0,542.1,23813.4,574.5,16350,1125,202,363747547.5,90,F1,75,,,,,
2024-12-27,2024-12-27,FO,NSE,IDO,54964,,NIFTY,,2025-01-23,2025-01-23,23400.0,PE,NIFTY2512323400PE,0.0,0.0,0.0,198.8,0.0,198.8,23813.4,144.1,0,0,0,0.0,0,F1,75,,,,,
2024-12-27,2024-12-27,FO,NSE,IDO,52868,,NIFTY,,2025-01-16,2025-01-16,25450.0,CE,NIFTY2511625450CE,7.7,7.7,5.95,6.3,6.3,8.0,23813.4,7.05,1575,1350,24,45821718.75,15,F1,75,,,,,
2024-12-27,2024-12-27,FO,NSE,IDO,46467,,NIFTY,,2025-01-30,2025-01-30,25450.0,CE,NIFTY25JAN25450CE,24.85,25.7,18.3,18.95,19.55,22.55,23813.4,18.95,22225,3975,2143,1364619963.75,1065,F1,25,,,,,
2024-12-27,2024-12-27,FO,NSE,IDO,52665,,NIFTY,,2025-01-02,2025-01-02,26150.0,PE,NIFTY2510226150PE,0.0,0.0,0.0,2595.7,0.0,2595.7,23813.4,2307.6,0,0,0,0.0,0,F1,75,,,,,
2024-12-27,2024-12-27,FO,NSE,IDO,52898,,NIFTY,,2025-01-16,2025-01-16,26150.0,CE,NIFTY2511626150CE,0.0,0.0,0.0,84.35,0.0,84.35,23813.4,0.55,0,0,0,0.0,0,F1,75,,,,,
2024-12-27,2024-12-27,FO,NSE,IDO,48225,,NIFTY,,2025-01-09,2025-01-09,26150.0,CE,NIFTY2510926150CE,3.0,3.0,2.35,2.5,2.35,3.1,23813.4,2.5,1275,-975,33,64727970.0,9,F1,75,,,,,
2024-12-27,2024-12-27,FO,NSE,IDO,46591,,NIFTY,,2025-01-30,2025-01-30,26150.0,PE,NIFTY25JAN26150PE,0.0,0.0,0.0,1554.05,1554.5,1554.05,23813.4,2179.2,50,0,0,0.0,0,F1,25,,,,,
2024-12-27,2024-12-27,FO,NSE,IDO,46450,,NIFTY,,2025-01-30,2025-01-30,25150.0,CE,NIFTY25JAN25150CE,47.6,53.05,37.05,38.1,38.1,42.45,23813.4,38.1,27000,3825,1801,1134251658.75,520,F1,25,,,,,
2024-12-27,2024-12-27,FO,NSE,IDO,46456,,NIFTY,,2025-01-30,2025-01-30,25150.0,PE,NIFTY25JAN25150PE,0.0,0.0,0.0,840.6,840.6,840.6,23813.4,1239.5,10775,0,0,0.0,0,F1,25,,,,,
2024-12-27,2024-12-27,FO,NSE,IDO,56871,,NIFTY,,2025-03-27,2025-03-27,25150.0,PE,NIFTY25MAR25150PE,0.0,0.0,0.0,1346.45,0.0,1346.45,23813.4,1213.7,0,0,0,0.0,0,F1,75,,,,,
2024-12-27,2024-12-27,FO,NSE,IDO,52612,,NIFTY,,2025-01-02,2025-01-02,25150.0,PE,NIFTY2510225150PE,1294.7,1294.7,1195.45,1258.0,1258.0,1332.15,23813.4,1308.85,300,-75,7,13843503.75,4,F1,75,,,,,
2024-12-27,2024-12-27,FO,NSE,IDO,52476,,NIFTY,,2025-01-16,2025-01-16,22400.0,PE,NIFTY2511622400PE,0.0,0.0,0.0,22.55,23.1,22.55,23813.4,5.5,1050,0,0,0.0,0,F1,75,,,,,
2024-12-27,2024-12-27,FO,NSE,IDO,57650,,NIFTY,,2025-02-27,2025-02-27,25150.0,PE,NIFTY25FEB25150PE,0.0,0.0,0.0,1090.0,1090.0,1090.0,23813.4,1221.6,75,0,0,0.0,0,F1,75,,,,,
2024-12-27,2024-12-27,FO,NSE,IDO,52475,,NIFTY,,2025-01-16,2025-01-16,22400.0,CE,NIFTY2511622400CE,0.0,0.0,0.0,2315.9,0.0,2315.9,23813.4,1501.6,0,0,0,0.0,0,F1,75,,,,,
2024-12-27,2024-12-27,FO,NSE,IDO,52809,,NIFTY,,2025-01-16,2025-01-16,24600.0,PE,NIFTY2511624600PE,0.0,0.0,0.0,433.6,0.0,433.6,23813.4,771.8,0,0,0,0.0,0,F1,75,,,,,
2024-12-27,2024-12-27,FO,NSE,IDO,46386,,NIFTY,,2025-01-30,2025-01-30,24600.0,PE,NIFTY25JAN24600PE,762.0,762.0,636.75,731.15,728.0,802.4,23813.4,731.15,156250,-7450,1700,1074630458.75,835,F1,25,,,,,
2024-12-27,2024-12-27,FO,NSE,IDO,52539,,NIFTY,,2025-01-02,2025-01-02,24000.0,PE,NIFTY2510224000PE,279.9,279.9,156.5,210.3,201.4,288.05,23813.4,210.3,2890500,561675,604758,1097467728060.0,349306,F1,75,,,,,
2024-12-27,2024-12-27,FO,NSE,IDO,53625,,NIFTY,,2027-12-30,2027-12-30,24000.0,PE,NIFTY27DEC24000PE,0.0,0.0,0.0,764.05,764.05,764.05,23813.4,576.65,150,0,0,0.0,0,F1,75,,,,,
2024-12-27,2024-12-27,FO,NSE,IDO,86148,,NIFTY,,2028-06-29,2028-06-29,22000.0,PE,NIFTY28JUN22000PE,0.0,0.0,0.0,520.05,520.05,520.05,23813.4,263.15,100,0,0,0.0,0,F1,75,,,,,
2024-12-27,2024-12-27,FO,NSE,IDO,55599,,NIFTY,,2025-02-27,2025-02-27,22000.0,CE,NIFTY25FEB22000CE,2207.0,2237.0,2207.0,2237.0,2237.0,2050.0,23813.4,2092.25,225,150,3,5448825.0,3,F1,75,,,,,
2024-12-27,2024-12-27,FO,NSE,IDO,86147,,NIFTY,,2028-06-29,2028-06-29,22000.0,CE,NIFTY28JUN22000CE,0.0,0.0,0.0,4759.5,0.0,4759.5,23813.4,6713.75,0,0,0,0.0,0,F1,75,,,,,
2024-12-27,2024-12-27,FO,NSE,IDO,89631,,NIFTY,,2029-06-28,2029-06-28,24000.0,PE,NIFTY29JUN24000PE,0.0,0.0,0.0,694.05,694.05,694.05,23813.4,462.6,25,0,0,0.0,0,F1,75,,,,,
2024-12-27,2024-12-27,FO,NSE,IDO,71472,,NIFTY,,2026-06-25,2026-06-25,24000.0,CE,NIFTY26JUN24000CE,0.0,0.0,0.0,1698.3,0.0,1698.3,23813.4,2789.75,0,0,0,0.0,0,F1,75,,,,,
2024-12-27,2024-12-27,FO,NSE,IDO,71379,,NIFTY,,2025-06-26,2025-06-26,24000.0,CE,NIFTY25JUN24000CE,1224.05,1393.1,1212.8,1220.3,1223.9,1200.45,23813.4,1220.3,124800,1550,456,863673615.0,378,F1,75,,,,,
2024-12-27,2024-12-27,FO,NSE,IDO,52488,,NIFTY,,2025-01-16,2025-01-16,22600.0,PE,NIFTY2511622600PE,21.8,24.6,17.95,22.0,22.75,32.15,23813.4,22.0,7350,450,274,464893980.0,106,F1,75,,,,,
2024-12-27,2024-12-27,FO,NSE,IDO,49835,,NIFTY,,2025-03-27,2025-03-27,23250.0,PE,NIFTY25MAR23250PE,0.0,0.0,0.0,382.05,0.0,382.05,23813.4,263.85,0,0,0,0.0,0,F1,75,,,,,
2024-12-27,2024-12-27,FO,NSE,IDO,52487,,NIFTY,,2025-01-16,2025-01-16,22600.0,CE,NIFTY2511622600CE,0.0,0.0,0.0,2123.8,0.0,2123.8,23813.4,1308.3,0,0,0,0.0,0,F1,75,,,,,
2024-12-27,2024-12-27,FO,NSE,IDO,52428,,NIFTY,,2025-01-02,2025-01-02,22600.0,PE,NIFTY2510222600PE,4.35,4.75,2.65,3.2,3.1,4.8,23813.4,3.2,2702100,1722975,147649,250302405585.0,40882,F1,75,,,,,
2024-12-27,2024-12-27,FO,NSE,IDO,56867,,NIFTY,,2025-03-27,2025-03-27,25050.0,PE,NIFTY25MAR25050PE,0.0,0.0,0.0,1278.65,0.0,1278.65,23813.4,1143.35,0,0,0,0.0,0,F1,75,,,,,
2024-12-27,2024-12-27,FO,NSE,IDO,46439,,NIFTY,,2025-01-30,2025-01-30,25050.0,PE,NIFTY25JAN25050PE,0.0,0.0,0.0,1091.0,1091.0,1091.0,23813.4,1152.75,10050,0,0,0.0,0,F1,25,,,,,
2024-12-27,2024-12-27,FO,NSE,IDO,52913,,NIFTY,,2025-01-16,2025-01-16,26500.0,PE,NIFTY2511626500PE,0.0,0.0,0.0,1815.65,0.0,1815.65,23813.4,2588.9,0,0,0,0.0,0,F1,75,,,,,
2024-12-27,2024-12-27,FO,NSE,IDO,57715,,NIFTY,,2025-02-27,2025-02-27,26500.0,PE,NIFTY25FEB26500PE,2377.2,2377.2,2240.0,2315.0,2315.0,2413.0,23813.4,2315.0,115050,-1575,75,162031117.5,46,F1,75,,,,,
2024-12-27,2024-12-27,FO,NSE,IDO,52481,,NIFTY,,2025-01-02,2025-01-02,23450.0,CE,NIFTY2510223450CE,460.2,565.1,426.95,445.25,456.9,421.45,23813.4,445.25,18300,3825,1143,2051873775.0,773,F1,75,,,,,
2024-12-27,2024-12-27,FO,NSE,IDO,56737,,NIFTY,,2025-02-27,2025-02-27,23450.0,CE,NIFTY25FEB23450CE,0.0,0.0,0.0,1292.4,0.0,1292.4,23813.4,898.55,0,0,0,0.0,0,F1,75,,,,,
2024-12-27,2024-12-27,FO,NSE,IDO,54764,,NIFTY,,2025-01-23,2025-01-23,22750.0,CE,NIFTY2512322750CE,0.0,0.0,0.0,1431.15,0.0,1431.15,23813.4,1209.95,0,0,0,0.0,0,F1,75,,,,,
2024-12-27,2024-12-27,FO,NSE,IDO,48029,,NIFTY,,2025-01-09,2025-01-09,22200.0,CE,NIFTY2510922200CE,0.0,0.0,0.0,2668.15,0.0,2668.15,23813.4,1667.1,0,0,0,0.0,0,F1,75,,,,,
2024-12-27,2024-12-27,FO,NSE,IDO,52397,,NIFTY,,2025-01-02,2025-01-02,22200.0,CE,NIFTY2510222200CE,1765.0,1765.0,1765.0,1765.0,1765.0,1598.0,23813.4,1638.0,975,0,1,1797375.0,1,F1,75,,,,,
2024-12-27,2024-12-27,FO,NSE,IDO,52530,,NIFTY,,2025-01-02,2025-01-02,23950.0,CE,NIFTY2510223950CE,120.05,178.0,93.7,100.35,105.8,116.3,23813.4,100.35,1312500,835200,501503,905944133951.25,322643,F1,75,,,,,
2024-12-27,2024-12-27,FO,NSE,IDO,58635,,NIFTY,,2026-12-31,2026-12-31,15000.0,PE,NIFTY26DEC15000PE,0.0,0.0,0.0,36.75,36.75,36.75,23813.4,0.85,2275,0,0,0.0,0,F1,75,,,,,
2024-12-27,2024-12-27,FO,NSE,IDO,50448,,NIFTY,,2026-06-25,2026-06-25,15000.0,PE,NIFTY26JUN15000PE,0.0,0.0,0.0,20.3,20.3,20.3,23813.4,0.25,850,0,0,0.0,0,F1,75,,,,,
2024-12-27,2024-12-27,FO,NSE,IDO,49174,,NIFTY,,2025-12-24,2025-12-24,15000.0,PE,NIFTY25DEC15000PE,20.05,20.05,20.05,20.05,20.05,20.05,23813.4,0.05,1225,0,3,3379511.25,1,F1,75,,,,,
2024-12-27,2024-12-27,FO,NSE,IDO,57688,,NIFTY,,2025-02-27,2025-02-27,26100.0,PE,NIFTY25FEB26100PE,0.0,0.0,0.0,1941.75,0.0,1941.75,23813.4,2036.05,0,0,0,0.0,0,F1,75,,,,,
2024-12-27,2024-12-27,FO,NSE,IDO,52722,,NIFTY,,2025-01-16,2025-01-16,24300.0,CE,NIFTY2511624300CE,149.3,173.05,120.8,124.35,126.3,133.95,23813.4,124.35,27600,9300,726,1330548990.0,417,F1,75,,,,,
2024-12-27,2024-12-27,FO,NSE,IDO,57660,,NIFTY,,2025-02-27,2025-02-27,25400.0,PE,NIFTY25FEB25400PE,0.0,0.0,0.0,1416.75,0.0,1416.75,23813.4,1422.4,0,0,0,0.0,0,F1,75,,,,,
2024-12-27,2024-12-27,FO,NSE,IDO,46465,,NIFTY,,2025-01-30,2025-01-30,25400.0,CE,NIFTY25JAN25400CE,26.1,28.7,20.05,20.85,21.1,24.5,23813.4,20.85,223325,5050,19445,12358905905.0,7385,F1,25,,,,,
2024-12-27,2024-12-27,FO,NSE,IDO,57614,,NIFTY,,2025-02-27,2025-02-27,24300.0,PE,NIFTY25FEB24300PE,630.0,634.0,547.75,602.5,601.8,671.35,23813.4,602.5,22425,-450,128,238871411.25,98,F1,75,,,,,
2024-12-27,2024-12-27,FO,NSE,IDO,52535,,NIFTY,,2025-01-16,2025-01-16,23150.0,CE,NIFTY2511623150CE,0.0,0.0,0.0,1613.95,0.0,1613.95,23813.4,810.1,0,0,0,0.0,0,F1,75,,,,,
2024-12-27,2024-12-27,FO,NSE,IDO,55645,,NIFTY,,2025-02-27,2025-02-27,23150.0,CE,NIFTY25FEB23150CE,0.0,0.0,0.0,1495.8,0.0,1495.8,23813.4,1110.4,0,0,0,0.0,0,F1,75,,,,,
2024-12-27,2024-12-27,FO,NSE,IDO,52652,,NIFTY,,2025-01-02,2025-01-02,25950.0,PE,NIFTY2510225950PE,0.0,0.0,0.0,2165.9,2165.9,2165.9,23813.4,2107.8,225,0,0,0.0,0,F1,75,,,,,
2024-12-27,2024-12-27,FO,NSE,IDO,52651,,NIFTY,,2025-01-02,2025-01-02,25950.0,CE,NIFTY2510225950CE,1.7,1.75,0.95,1.05,1.0,1.7,23813.4,1.05,64275,49425,5696,11086335041.25,2577,F1,75,,,,,
2024-12-27,2024-12-27,FO,NSE,IDO,52890,,NIFTY,,2025-01-16,2025-01-16,25950.0,PE,NIFTY2511625950PE,0.0,0.0,0.0,1333.35,0.0,1333.35,23813.4,2042.0,0,0,0,0.0,0,F1,75,,,,,
2024-12-27,2024-12-27,FO,NSE,IDO,57594,,NIFTY,,2025-02-27,2025-02-27,23800.0,PE,NIFTY25FEB23800PE,416.35,432.0,346.1,384.0,382.3,431.9,23813.4,384.0,86475,19875,775,1405402376.25,517,F1,75,,,,,
2024-12-27,2024-12-27,FO,NSE,IDO,52523,,NIFTY,,2025-01-02,2025-01-02,23800.0,CE,NIFTY2510223800CE,201.0,276.25,168.0,179.25,184.3,187.05,23813.4,179.25,3766725,-286500,889750,1602455618711.25,554678,F1,75,,,,,
2024-12-27,2024-12-27,FO,NSE,IDO,52663,,NIFTY,,2025-01-16,2025-01-16,23800.0,PE,NIFTY2511623800PE,267.5,267.5,188.75,226.6,219.95,281.3,23813.4,226.6,49275,20700,1321,2379616575.0,639,F1,75,,,,,
2024-12-27,2024-12-27,FO,NSE,IDO,52547,,NIFTY,,2025-01-02,2025-01-02,24200.0,PE,NIFTY2510224200PE,390.45,398.35,272.7,355.1,344.1,432.85,23813.4,355.1,481050,107775,45986,84589846635.0,25752,F1,75,,,,,
2024-12-27,2024-12-27,FO,NSE,IDO,55608,,NIFTY,,2025-02-27,2025-02-27,22200.0,PE,NIFTY25FEB22200PE,75.2,76.25,60.1,66.2,65.0,80.5,23813.4,66.2,194325,16050,1346,2247615667.5,791,F1,75,,,,,
2024-12-27,2024-12-27,FO,NSE,IDO,48051,,NIFTY,,2025-01-09,2025-01-09,22750.0,CE,NIFTY2510922750CE,0.0,0.0,0.0,2135.65,0.0,2135.65,23813.4,1125.0,0,0,0,0.0,0,F1,75,,,,,
2024-12-27,2024-12-27,FO,NSE,IDO,47040,,NIFTY,,2025-03-27,2025-03-27,22750.0,CE,NIFTY25MAR22750CE,1680.0,1680.0,1680.0,1680.0,1680.0,1655.1,23813.4,1587.8,75,75,1,1832250.0,1,F1,75,,,,,
2024-12-27,2024-12-27,FO,NSE,IDO,54724,,NIFTY,,2025-03-27,2025-03-27,23950.0,PE,NIFTY25MAR23950PE,0.0,0.0,0.0,655.05,0.0,655.05,23813.4,515.15,0,0,0,0.0,0,F1,75,,,,,
2024-12-27,2024-12-27,FO,NSE,IDO,54723,,NIFTY,,2025-03-27,2025-03-27,23950.0,CE,NIFTY25MAR23950CE,835.0,835.0,816.2,827.1,827.1,887.75,23813.4,773.9,2325,2325,40,74309861.25,36,F1,75,,,,,
2024-12-27,2024-12-27,FO,NSE,IDO,57657,,NIFTY,,2025-02-27,2025-02-27,25350.0,CE,NIFTY25FEB25350CE,122.7,131.65,122.7,131.65,131.65,109.7,23813.4,133.75,2925,0,2,3821576.25,2,F1,75,,,,,
2024-12-27,2024-12-27,FO,NSE,IDO,52864,,NIFTY,,2025-01-16,2025-01-16,25350.0,CE,NIFTY2511625350CE,9.5,9.5,8.0,8.0,8.0,247.3,23813.4,9.7,0,0,2,3803812.5,2,F1,75,,,,,
2024-12-27,2024-12-27,FO,NSE,IDO,52829,,NIFTY,,2025-01-16,2025-01-16,24750.0,PE,NIFTY2511624750PE,0.0,0.0,0.0,337.9,337.9,337.9,23813.4,898.15,225,0,0,0.0,0,F1,75,,,,,
2024-12-27,2024-12-27,FO,NSE,IDO,46404,,NIFTY,,2025-01-30,2025-01-30,24750.0,PE,NIFTY25JAN24750PE,866.05,877.0,742.75,859.75,859.75,912.4,23813.4,859.75,21675,-225,52,33236252.5,42,F1,25,,,,,
2024-12-27,2024-12-27,FO,NSE,IDO,54778,,NIFTY,,2025-01-23,2025-01-23,23050.0,CE,NIFTY2512323050CE,0.0,0.0,0.0,1180.15,0.0,1180.15,23813.4,947.5,0,0,0,0.0,0,F1,75,,,,,
2024-12-27,2024-12-27,FO,NSE,IDO,52453,,NIFTY,,2025-01-02,2025-01-02,23050.0,CE,NIFTY2510223050CE,0.0,0.0,0.0,788.5,0.0,788.5,23813.4,793.05,0,0,0,0.0,0,F1,75,,,,,
2024-12-27,2024-12-27,FO,NSE,IDO,53613,,NIFTY,,2027-12-30,2027-12-30,21000.0,CE,NIFTY27DEC21000CE,0.0,0.0,0.0,4902.4,0.0,4902.4,23813.4,6846.75,0,0,0,0.0,0,F1,75,,,,,
2024-12-27,2024-12-27,FO,NSE,IDO,71553,,NIFTY,,2027-06-24,2027-06-24,21000.0,CE,NIFTY27JUN21000CE,0.0,0.0,0.0,3061.8,0.0,3061.8,23813.4,6233.35,0,0,0,0.0,0,F1,75,,,,,
2024-12-27,2024-12-27,FO,NSE,IDO,58646,,NIFTY,,2026-12-31,2026-12-31,21000.0,CE,NIFTY26DEC21000CE,0.0,0.0,0.0,3356.25,0.0,3356.25,23813.4,5639.4,0,0,0,0.0,0,F1,75,,,,,
2024-12-27,2024-12-27,FO,NSE,IDO,64686,,NIFTY,,2025-09-25,2025-09-25,21000.0,CE,NIFTY25SEP21000CE,0.0,0.0,0.0,6742.1,0.0,6742.1,23813.4,3917.75,0,0,0,0.0,0,F1,75,,,,,
2024-12-27,2024-12-27,FO,NSE,IDO,58647,,NIFTY,,2026-12-31,2026-12-31,21000.0,PE,NIFTY26DEC21000PE,0.0,0.0,0.0,317.05,317.05,317.05,23813.4,160.45,1025,0,0,0.0,0,F1,75,,,,,
2024-12-27,2024-12-27,FO,NSE,IDO,46585,,NIFTY,,2025-01-30,2025-01-30,26050.0,PE,NIFTY25JAN26050PE,0.0,0.0,0.0,1474.1,1472.75,1474.1,23813.4,2081.65,75,0,0,0.0,0,F1,25,,,,,
2024-12-27,2024-12-27,FO,NSE,IDO,51451,,NIFTY,,2025-12-24,2025-12-24,21000.0,CE,NIFTY25DEC21000CE,0.0,0.0,0.0,4150.0,4150.0,4150.0,23813.4,4274.05,1550,0,0,0.0,0,F1,75,,,,,
2024-12-27,2024-12-27,FO,NSE,IDO,52894,,NIFTY,,2025-01-16,2025-01-16,26050.0,CE,NIFTY2511626050CE,0.0,0.0,0.0,97.75,0.0,97.75,23813.4,0.8,0,0,0,0.0,0,F1,75,,,,,
2024-12-27,2024-12-27,FO,NSE,IDO,86145,,NIFTY,,2028-06-29,2028-06-29,21000.0,CE,NIFTY28JUN21000CE,0.0,0.0,0.0,5226.55,0.0,5226.55,23813.4,7413.05,0,0,0,0.0,0,F1,75,,,,,
2024-12-27,2024-12-27,FO,NSE,IDO,58649,,NIFTY,,2026-12-31,2026-12-31,22000.0,PE,NIFTY26DEC22000PE,0.0,0.0,0.0,520.0,520.0,520.0,23813.4,271.7,500,0,0,0.0,0,F1,75,,,,,
2024-12-27,2024-12-27,FO,NSE,IDO,52693,,NIFTY,,2025-01-16,2025-01-16,24000.0,CE,NIFTY2511624000CE,272.05,319.95,170.0,243.85,248.45,241.5,23813.4,243.85,115425,51300,3919,7133125743.75,1874,F1,75,,,,,
2024-12-27,2024-12-27,FO,NSE,IDO,52417,,NIFTY,,2025-01-16,2025-01-16,22000.0,CE,NIFTY2511622000CE,0.0,0.0,0.0,2706.05,0.0,2706.05,23813.4,1895.65,0,0,0,0.0,0,F1,75,,,,,
2024-12-27,2024-12-27,FO,NSE,IDO,53616,,NIFTY,,2027-12-30,2027-12-30,22000.0,CE,NIFTY27DEC22000CE,0.0,0.0,0.0,4499.55,0.0,4499.55,23813.4,6127.9,0,0,0,0.0,0,F1,75,,,,,
2024-12-27,2024-12-27,FO,NSE,IDO,61749,,NIFTY,,2029-12-27,2029-12-27,24000.0,PE,NIFTY29DEC24000PE,0.0,0.0,0.0,625.5,0.0,625.5,23813.4,427.6,0,0,0,0.0,0,F1,75,,,,,
2024-12-27,2024-12-27,FO,NSE,IDO,54695,,NIFTY,,2025-01-23,2025-01-23,22000.0,PE,NIFTY2512322000PE,18.5,18.5,11.25,14.85,13.35,18.1,23813.4,14.85,9750,2850,143,236103716.25,70,F1,75,,,,,
2024-12-27,2024-12-27,FO,NSE,IDO,71501,,NIFTY,,2026-12-31,2026-12-31,24000.0,CE,NIFTY26DEC24000CE,0.0,0.0,0.0,2010.65,0.0,2010.65,23813.4,3508.85,0,0,0,0.0,0,F1,75,,,,,
2024-12-27,2024-12-27,FO,NSE,IDO,61745,,NIFTY,,2029-12-27,2029-12-27,22000.0,PE,NIFTY29DEC22000PE,0.0,0.0,0.0,373.65,0.0,373.65,23813.4,225.65,0,0,0,0.0,0,F1,75,,,,,
2024-12-27,2024-12-27,FO,NSE,IDO,58648,,NIFTY,,2026-12-31,2026-12-31,22000.0,CE,NIFTY26DEC22000CE,0.0,0.0,0.0,3039.0,0.0,3039.0,23813.4,4877.55,0,0,0,0.0,0,F1,75,,,,,
2024-12-27,2024-12-27,FO,NSE,IDO,52538,,NIFTY,,2025-01-02,2025-01-02,24000.0,CE,NIFTY2510224000CE,104.9,149.0,74.4,79.9,83.25,96.9,23813.4,79.9,5526300,834075,1181785,2136950364067.5,642481,F1,75,,,,,
2024-12-27,2024-12-27,FO,NSE,IDO,71548,,NIFTY,,2027-06-24,2027-06-24,18000.0,PE,NIFTY27JUN18000PE,0.0,0.0,0.0,48.55,48.55,48.55,23813.4,26.75,25,0,0,0.0,0,F1,75,,,,,
2024-12-27,2024-12-27,FO,NSE,IDO,55121,,NIFTY,,2025-12-24,2025-12-24,18000.0,CE,NIFTY25DEC18000CE,0.0,0.0,0.0,6680.0,6680.0,6680.0,23813.4,6983.35,7750,0,0,0.0,0,F1,75,,,,,
2024-12-27,2024-12-27,FO,NSE,IDO,55122,,NIFTY,,2025-12-24,2025-12-24,18000.0,PE,NIFTY25DEC18000PE,75.0,75.0,69.0,73.0,73.0,76.65,23813.4,4.35,2900,-100,14,18975300.0,4,F1,75,,,,,
2024-12-27,2024-12-27,FO,NSE,IDO,52544,,NIFTY,,2025-01-02,2025-01-02,24150.0,CE,NIFTY2510224150CE,53.25,83.0,32.8,35.2,37.0,52.6,23813.4,35.2,1593975,1007625,313484,569102258130.0,167166,F1,75,,,,,
2024-12-27,2024-12-27,FO,NSE,IDO,52703,,NIFTY,,2025-01-16,2025-01-16,24150.0,CE,NIFTY2511624150CE,183.25,183.25,183.25,183.25,183.25,183.25,23813.4,195.35,750,75,1,1824993.75,1,F1,75,,,,,
2024-12-27,2024-12-27,FO,NSE,IDO,46357,,NIFTY,,2025-01-30,2025-01-30,24150.0,PE,NIFTY25JAN24150PE,484.45,487.45,387.15,447.25,443.85,513.95,23813.4,447.25,35175,11350,1562,959583195.0,570,F1,25,,,,,
2024-12-27,2024-12-27,FO,NSE,IDO,46356,,NIFTY,,2025-01-30,2025-01-30,24150.0,CE,NIFTY25JAN24150CE,314.05,364.75,287.35,296.35,299.8,288.55,23813.4,296.35,68600,14175,3429,2098292255.0,978,F1,25,,,,,
2024-12-27,2024-12-27,FO,NSE,IDO,57656,,NIFTY,,2025-02-27,2025-02-27,25300.0,PE,NIFTY25FEB25300PE,0.0,0.0,0.0,699.95,699.95,699.95,23813.4,1340.7,75,0,0,0.0,0,F1,75,,,,,
2024-12-27,2024-12-27,FO,NSE,IDO,56876,,NIFTY,,2025-03-27,2025-03-27,25300.0,CE,NIFTY25MAR25300CE,0.0,0.0,0.0,358.35,0.0,358.35,23813.4,253.75,0,0,0,0.0,0,F1,75,,,,,
2024-12-27,2024-12-27,FO,NSE,IDO,52863,,NIFTY,,2025-01-16,2025-01-16,25300.0,PE,NIFTY2511625300PE,0.0,0.0,0.0,837.6,0.0,837.6,23813.4,1404.55,0,0,0,0.0,0,F1,75,,,,,
2024-12-27,2024-12-27,FO,NSE,IDO,52850,,NIFTY,,2025-01-16,2025-01-16,25050.0,CE,NIFTY2511625050CE,0.0,0.0,0.0,19.9,20.05,19.9,23813.4,23.85,3525,0,0,0.0,0,F1,75,,,,,
2024-12-27,2024-12-27,FO,NSE,IDO,52851,,NIFTY,,2025-01-16,2025-01-16,25050.0,PE,NIFTY2511625050PE,0.0,0.0,0.0,676.1,0.0,676.1,23813.4,1167.95,0,0,0,0.0,0,F1,75,,,,,
2024-12-27,2024-12-27,FO,NSE,IDO,52605,,NIFTY,,2025-01-02,2025-01-02,25050.0,CE,NIFTY2510225050CE,2.25,2.6,1.2,1.4,1.35,2.25,23813.4,1.4,257100,180000,28065,52730659998.75,10973,F1,75,,,,,
2024-12-27,2024-12-27,FO,NSE,IDO,57682,,NIFTY,,2025-02-27,2025-02-27,25950.0,PE,NIFTY25FEB25950PE,0.0,0.0,0.0,1299.45,1299.45,1299.45,23813.4,1899.5,75,0,0,0.0,0,F1,75,,,,,
2024-12-27,2024-12-27,FO,NSE,IDO,46563,,NIFTY,,2025-01-30,2025-01-30,25950.0,PE,NIFTY25JAN25950PE,1860.1,1946.0,1834.2,1946.0,1946.0,1977.0,23813.4,1984.6,550,25,4,2782507.5,4,F1,25,,,,,
2024-12-27,2024-12-27,FO,NSE,IDO,52889,,NIFTY,,2025-01-16,2025-01-16,25950.0,CE,NIFTY2511625950CE,4.5,4.5,4.5,4.5,4.5,65.55,23813.4,1.2,150,0,1,1946587.5,1,F1,75,,,,,
2024-12-27,2024-12-27,FO,NSE,IDO,48095,,NIFTY,,2025-01-09,2025-01-09,23500.0,PE,NIFTY2510923500PE,111.3,118.1,70.95,86.4,83.05,131.05,23813.4,86.4,492375,127500,21864,38676872426.25,11985,F1,75,,,,,
2024-12-27,2024-12-27,FO,NSE,IDO,48041,,NIFTY,,2025-01-09,2025-01-09,22500.0,CE,NIFTY2510922500CE,0.0,0.0,0.0,1335.55,1335.55,1335.55,23813.4,1369.55,2850,0,0,0.0,0,F1,75,,,,,
2024-12-27,2024-12-27,FO,NSE,IDO,55619,,NIFTY,,2025-02-27,2025-02-27,22500.0,CE,NIFTY25FEB22500CE,1700.0,1805.0,1687.0,1700.0,1700.0,1652.45,23813.4,1700.0,24150,450,23,41798535.0,21,F1,75,,,,,
2024-12-27,2024-12-27,FO,NSE,IDO,43244,,NIFTY,,2025-01-30,2025-01-30,22500.0,PE,NIFTY25JAN22500PE,55.0,55.0,38.45,41.85,41.25,57.65,23813.4,41.85,2468575,236125,90361,50925705170.0,19950,F1,25,,,,,
2024-12-27,2024-12-27,FO,NSE,IDO,46997,,NIFTY,,2025-03-27,2025-03-27,22500.0,CE,NIFTY25MAR22500CE,0.0,0.0,0.0,1847.25,0.0,1847.25,23813.4,1793.05,0,0,0,0.0,0,F1,75,,,,,
2024-12-27,2024-12-27,FO,NSE,IDO,43243,,NIFTY,,2025-01-30,2025-01-30,22500.0,CE,NIFTY25JAN22500CE,1533.0,1640.0,1496.1,1513.7,1523.95,1457.6,23813.4,1513.7,286200,9150,719,432209838.75,485,F1,25,,,,,
2024-12-27,2024-12-27,FO,NSE,IDO,52423,,NIFTY,,2025-01-02,2025-01-02,22500.0,CE,NIFTY2510222500CE,1378.95,1465.2,1350.85,1382.7,1384.5,1304.5,23813.4,1382.7,32700,-4575,289,517979673.75,89,F1,75,,,,,
2024-12-27,2024-12-27,FO,NSE,IDO,52424,,NIFTY,,2025-01-02,2025-01-02,22500.0,PE,NIFTY2510222500PE,3.8,4.2,2.35,2.9,3.0,4.15,23813.4,2.9,6796425,2909775,291657,492238035446.25,69594,F1,75,,,,,
2024-12-27,2024-12-27,FO,NSE,IDO,52593,,NIFTY,,2025-01-16,2025-01-16,23500.0,CE,NIFTY2511623500CE,573.65,651.85,550.85,566.05,568.8,533.35,23813.4,566.05,8925,6150,126,227717557.5,69,F1,75,,,,,
2024-12-27,2024-12-27,FO,NSE,IDO,54753,,NIFTY,,2025-01-23,2025-01-23,22500.0,PE,NIFTY2512322500PE,41.6,41.7,26.55,28.75,28.7,41.6,23813.4,28.75,2475,1800,30,50691427.5,29,F1,75,,,,,
2024-12-27,2024-12-27,FO,NSE,IDO,52498,,NIFTY,,2025-01-02,2025-01-02,23500.0,PE,NIFTY2510223500PE,69.0,69.0,27.1,34.0,32.0,76.25,23813.4,34.0,6572400,3852300,724174,1278389197706.25,259734,F1,75,,,,,
2024-12-27,2024-12-27,FO,NSE,IDO,57582,,NIFTY,,2025-02-27,2025-02-27,23500.0,PE,NIFTY25FEB23500PE,310.0,316.35,258.0,285.4,283.0,329.8,23813.4,285.4,402900,-19650,4309,7684284941.25,3123,F1,75,,,,,
2024-12-27,2024-12-27,FO,NSE,IDO,43206,,NIFTY,,2025-01-30,2025-01-30,21800.0,PE,NIFTY25JAN21800PE,18.7,18.7,12.65,13.15,12.65,19.0,23813.4,13.15,839200,90900,37512,20457564043.75,7853,F1,25,,,,,
2024-12-27,2024-12-27,FO,NSE,IDO,51027,,NIFTY,,2025-01-02,2025-01-02,21800.0,CE,NIFTY2510221800CE,0.0,0.0,0.0,1776.65,0.0,1776.65,23813.4,2037.6,0,0,0,0.0,0,F1,75,,,,,
2024-12-27,2024-12-27,FO,NSE,IDO,50774,,NIFTY,,2025-01-02,2025-01-02,21600.0,PE,NIFTY2510221600PE,1.75,1.75,0.95,1.05,1.05,1.9,23813.4,1.05,9760725,2271600,257466,417120238132.5,38793,F1,75,,,,,
2024-12-27,2024-12-27,FO,NSE,IDO,54783,,NIFTY,,2025-01-23,2025-01-23,23100.0,PE,NIFTY2512323100PE,0.0,0.0,0.0,113.65,113.65,113.65,23813.4,77.55,0,0,0,0.0,0,F1,75,,,,,
2024-12-27,2024-12-27,FO,NSE,IDO,52456,,NIFTY,,2025-01-02,2025-01-02,23100.0,PE,NIFTY2510223100PE,19.0,20.8,6.3,7.35,7.4,20.8,23813.4,7.35,1418775,867975,270489,468811714833.75,77069,F1,75,,,,,
2024-12-27,2024-12-27,FO,NSE,IDO,38375,,NIFTY,,2025-06-26,2025-06-26,20000.0,PE,NIFTY25JUN20000PE,53.0,53.45,48.0,50.45,49.05,53.45,23813.4,50.45,482625,525,395,593989976.25,324,F1,75,,,,,
2024-12-27,2024-12-27,FO,NSE,IDO,46416,,NIFTY,,2025-01-30,2025-01-30,24950.0,CE,NIFTY25JAN24950CE,72.9,84.55,60.45,61.6,62.75,65.9,23813.4,61.6,38600,7000,4908,3070019562.5,1726,F1,25,,,,,
2024-12-27,2024-12-27,FO,NSE,IDO,55066,,NIFTY,,2025-01-23,2025-01-23,24950.0,PE,NIFTY2512324950PE,0.0,0.0,0.0,1008.1,0.0,1008.1,23813.4,1070.45,0,0,0,0.0,0,F1,75,,,,,
2024-12-27,2024-12-27,FO,NSE,IDO,52860,,NIFTY,,2025-01-16,2025-01-16,25250.0,CE,NIFTY2511625250CE,0.0,0.0,0.0,235.15,235.15,235.15,23813.4,13.25,0,0,0,0.0,0,F1,75,,,,,
2024-12-27,2024-12-27,FO,NSE,IDO,46460,,NIFTY,,2025-01-30,2025-01-30,25250.0,PE,NIFTY25JAN25250PE,0.0,0.0,0.0,1348.65,1348.65,1348.65,23813.4,1328.1,10600,0,0,0.0,0,F1,25,,,,,
2024-12-27,2024-12-27,FO,NSE,IDO,48183,,NIFTY,,2025-01-09,2025-01-09,25250.0,CE,NIFTY2510925250CE,4.85,4.9,3.2,3.3,3.25,4.75,23813.4,3.3,14925,10275,443,839057212.5,214,F1,75,,,,,
2024-12-27,2024-12-27,FO,NSE,IDO,52597,,NIFTY,,2025-01-02,2025-01-02,24850.0,CE,NIFTY2510224850CE,2.9,3.45,1.5,1.75,1.6,2.9,23813.4,1.75,395475,218775,64815,120810029636.25,23769,F1,75,,,,,
2024-12-27,2024-12-27,FO,NSE,IDO,57636,,NIFTY,,2025-02-27,2025-02-27,24850.0,PE,NIFTY25FEB24850PE,0.0,0.0,0.0,1058.95,0.0,1058.95,23813.4,997.6,0,0,0,0.0,0,F1,75,,,,,
2024-12-27,2024-12-27,FO,NSE,IDO,52839,,NIFTY,,2025-01-16,2025-01-16,24850.0,PE,NIFTY2511624850PE,0.0,0.0,0.0,560.4,0.0,560.4,23813.4,985.85,0,0,0,0.0,0,F1,75,,,,,
2024-12-27,2024-12-27,FO,NSE,IDO,52598,,NIFTY,,2025-01-02,2025-01-02,24850.0,PE,NIFTY2510224850PE,955.0,970.75,953.0,960.0,960.0,1045.0,23813.4,1010.25,3750,-225,19,36776351.25,13,F1,75,,,,,
2024-12-27,2024-12-27,FO,NSE,IDO,48167,,NIFTY,,2025-01-09,2025-01-09,24850.0,CE,NIFTY2510924850CE,14.1,16.8,7.6,8.4,7.6,13.05,23813.4,8.4,70500,55800,3919,7307228508.75,1794,F1,75,,,,,
2024-12-27,2024-12-27,FO,NSE,IDO,48192,,NIFTY,,2025-03-27,2025-03-27,22850.0,CE,NIFTY25MAR22850CE,0.0,0.0,0.0,1582.0,0.0,1582.0,23813.4,1508.65,0,0,0,0.0,0,F1,75,,,,,
2024-12-27,2024-12-27,FO,NSE,IDO,38380,,NIFTY,,2026-06-25,2026-06-25,20000.0,PE,NIFTY26JUN20000PE,0.0,0.0,0.0,3159.75,0.0,3159.75,23813.4,68.9,0,0,0,0.0,0,F1,75,,,,,
2024-12-27,2024-12-27,FO,NSE,IDO,53607,,NIFTY,,2027-12-30,2027-12-30,20000.0,CE,NIFTY27DEC20000CE,0.0,0.0,0.0,5333.85,0.0,5333.85,23813.4,7594.7,0,0,0,0.0,0,F1,75,,,,,
2024-12-27,2024-12-27,FO,NSE,IDO,48171,,NIFTY,,2025-01-09,2025-01-09,24950.0,CE,NIFTY2510924950CE,11.6,11.6,5.7,6.05,5.9,10.6,23813.4,6.05,42525,23625,2051,3839109255.0,1411,F1,75,,,,,
2024-12-27,2024-12-27,FO,NSE,IDO,56573,,NIFTY,,2025-03-27,2025-03-27,24950.0,PE,NIFTY25MAR24950PE,0.0,0.0,0.0,1212.6,0.0,1212.6,23813.4,1075.05,0,0,0,0.0,0,F1,75,,,,,
2024-12-27,2024-12-27,FO,NSE,IDO,89616,,NIFTY,,2029-06-28,2029-06-28,20000.0,CE,NIFTY29JUN20000CE,0.0,0.0,0.0,10410.0,0.0,10410.0,23813.4,9163.8,0,0,0,0.0,0,F1,75,,,,,
2024-12-27,2024-12-27,FO,NSE,IDO,54708,,NIFTY,,2025-01-23,2025-01-23,22200.0,CE,NIFTY2512322200CE,0.0,0.0,0.0,1930.4,0.0,1930.4,23813.4,1730.45,0,0,0,0.0,0,F1,75,,,,,
2024-12-27,2024-12-27,FO,NSE,IDO,43226,,NIFTY,,2025-01-30,2025-01-30,22200.0,PE,NIFTY25JAN22200PE,39.0,39.0,24.4,25.75,26.1,36.0,23813.4,25.75,262050,7775,12750,7084699896.25,4061,F1,25,,,,,
2024-12-27,2024-12-27,FO,NSE,IDO,48030,,NIFTY,,2025-01-09,2025-01-09,22200.0,PE,NIFTY2510922200PE,7.3,7.65,4.7,4.95,4.85,7.35,23813.4,4.95,160575,19650,3162,5266019842.5,1345,F1,75,,,,,
2024-12-27,2024-12-27,FO,NSE,IDO,48168,,NIFTY,,2025-01-09,2025-01-09,24850.0,PE,NIFTY2510924850PE,915.0,930.0,915.0,926.0,926.0,484.0,23813.4,992.4,675,675,9,17396625.0,7,F1,75,,,,,
2024-12-27,2024-12-27,FO,NSE,IDO,56566,,NIFTY,,2025-03-27,2025-03-27,24850.0,CE,NIFTY25MAR24850CE,0.0,0.0,0.0,497.3,0.0,497.3,23813.4,382.45,0,0,0,0.0,0,F1,75,,,,,
2024-12-27,2024-12-27,FO,NSE,IDO,48017,,NIFTY,,2025-01-09,2025-01-09,21900.0,CE,NIFTY2510921900CE,0.0,0.0,0.0,2963.25,0.0,2963.25,23813.4,1966.05,0,0,0,0.0,0,F1,75,,,,,
2024-12-27,2024-12-27,FO,NSE,IDO,52367,,NIFTY,,2025-01-02,2025-01-02,21900.0,PE,NIFTY2510221900PE,1.55,2.3,1.25,1.6,1.35,2.45,23813.4,1.6,1619475,73725,83318,136861173716.25,30449,F1,75,,,,,
2024-12-27,2024-12-27,FO,NSE,IDO,43210,,NIFTY,,2025-01-30,2025-01-30,21900.0,PE,NIFTY25JAN21900PE,22.05,22.05,15.55,16.4,17.15,23.05,23813.4,16.4,91275,23350,8481,4646956396.25,3034,F1,25,,,,,
2024-12-27,2024-12-27,FO,NSE,IDO,52409,,NIFTY,,2025-01-16,2025-01-16,21900.0,CE,NIFTY2511621900CE,0.0,0.0,0.0,2804.35,0.0,2804.35,23813.4,1994.9,0,0,0,0.0,0,F1,75,,,,,
2024-12-27,2024-12-27,FO,NSE,IDO,52442,,NIFTY,,2025-01-02,2025-01-02,22750.0,PE,NIFTY2510222750PE,7.25,7.25,2.9,3.5,2.95,6.95,23813.4,3.5,388275,-64725,45851,78248220071.25,15979,F1,75,,,,,
2024-12-27,2024-12-27,FO,NSE,IDO,54709,,NIFTY,,2025-01-23,2025-01-23,22200.0,PE,NIFTY2512322200PE,0.0,0.0,0.0,30.0,30.0,30.0,23813.4,6.5,225,0,0,0.0,0,F1,75,,,,,
2024-12-27,2024-12-27,FO,NSE,IDO,52537,,NIFTY,,2025-01-02,2025-01-02,23950.0,PE,NIFTY2510223950PE,231.1,231.65,135.0,180.45,172.85,258.0,23813.4,180.45,663525,483825,381580,690168181526.25,245926,F1,75,,,,,
2024-12-27,2024-12-27,FO,NSE,IDO,48115,,NIFTY,,2025-01-09,2025-01-09,23950.0,PE,NIFTY2510923950PE,296.25,296.25,194.3,238.8,234.2,310.4,23813.4,238.8,42300,26475,2451,4444583617.5,1502,F1,75,,,,,
2024-12-27,2024-12-27,FO,NSE,IDO,52459,,NIFTY,,2025-01-02,2025-01-02,23200.0,CE,NIFTY2510223200CE,694.3,800.0,655.8,677.9,691.4,634.75,23813.4,677.9,38850,2775,642,1151229555.0,336,F1,75,,,,,
2024-12-27,2024-12-27,FO,NSE,IDO,48080,,NIFTY,,2025-01-09,2025-01-09,23200.0,PE,NIFTY2510923200PE,60.0,60.2,34.05,39.35,37.7,66.1,23813.4,39.35,211875,123225,11562,20153113856.25,6666,F1,75,,,,,
2024-12-27,2024-12-27,FO,NSE,IDO,43607,,NIFTY,,2025-01-30,2025-01-30,23200.0,PE,NIFTY25JAN23200PE,145.05,150.0,106.25,124.6,123.1,159.1,23813.4,124.6,604625,86925,26990,15736055505.0,8767,F1,25,,,,,
2024-12-27,2024-12-27,FO,NSE,IDO,55647,,NIFTY,,2025-02-27,2025-02-27,23200.0,CE,NIFTY25FEB23200CE,0.0,0.0,0.0,1460.75,0.0,1460.75,23813.4,1073.5,0,0,0,0.0,0,F1,75,,,,,
2024-12-27,2024-12-27,FO,NSE,IDO,43191,,NIFTY,,2025-01-30,2025-01-30,21600.0,CE,NIFTY25JAN21600CE,2376.0,2507.35,2350.65,2373.25,2377.2,2303.0,23813.4,2373.25,107425,-15025,804,482881641.25,373,F1,25,,,,,
2024-12-27,2024-12-27,FO,NSE,IDO,50538,,NIFTY,,2025-06-26,2025-06-26,28000.0,PE,NIFTY25JUN28000PE,0.0,0.0,0.0,7207.55,0.0,7207.55,23813.4,3365.0,0,0,0,0.0,0,F1,75,,,,,
2024-12-27,2024-12-27,FO,NSE,IDO,86165,,NIFTY,,2028-06-29,2028-06-29,28000.0,CE,NIFTY28JUN28000CE,0.0,0.0,0.0,2596.45,0.0,2596.45,23813.4,3276.45,0,0,0,0.0,0,F1,75,,,,,
2024-12-27,2024-12-27,FO,NSE,IDO,50549,,NIFTY,,2027-06-24,2027-06-24,28000.0,CE,NIFTY27JUN28000CE,0.0,0.0,0.0,2186.3,0.0,2186.3,23813.4,2096.95,0,0,0,0.0,0,F1,75,,,,,
2024-12-27,2024-12-27,FO,NSE,IDO,61859,,NIFTY,,2029-12-27,2029-12-27,28000.0,PE,NIFTY29DEC28000PE,0.0,0.0,0.0,1411.3,0.0,1411.3,23813.4,1146.9,0,0,0,0.0,0,F1,75,,,,,
2024-12-27,2024-12-27,FO,NSE,IDO,64578,,NIFTY,,2025-03-27,2025-03-27,28000.0,CE,NIFTY25MAR28000CE,17.85,18.9,14.65,15.05,14.65,17.2,23813.4,15.05,530150,43675,1899,3990262680.0,1265,F1,75,,,,,
2024-12-27,2024-12-27,FO,NSE,IDO,50543,,NIFTY,,2025-12-24,2025-12-24,28000.0,CE,NIFTY25DEC28000CE,435.0,445.0,419.45,420.0,419.45,430.05,23813.4,420.0,188050,2975,120,255873675.0,100,F1,75,,,,,
2024-12-27,2024-12-27,FO,NSE,IDO,64701,,NIFTY,,2025-09-25,2025-09-25,28000.0,PE,NIFTY25SEP28000PE,0.0,0.0,0.0,1606.2,0.0,1606.2,23813.4,3080.75,0,0,0,0.0,0,F1,75,,,,,
2024-12-27,2024-12-27,FO,NSE,IDO,50546,,NIFTY,,2026-06-25,2026-06-25,28000.0,PE,NIFTY26JUN28000PE,0.0,0.0,0.0,6532.55,0.0,6532.55,23813.4,2482.2,0,0,0,0.0,0,F1,75,,,,,
2024-12-27,2024-12-27,FO,NSE,IDO,50544,,NIFTY,,2025-12-24,2025-12-24,28000.0,PE,NIFTY25DEC28000PE,2600.0,2619.0,2600.0,2619.0,2619.0,2693.4,23813.4,2851.95,187975,150,2,4591425.0,2,F1,75,,,,,
2024-12-27,2024-12-27,FO,NSE,IDO,52907,,NIFTY,,2025-01-16,2025-01-16,26350.0,PE,NIFTY2511626350PE,0.0,0.0,0.0,1679.9,0.0,1679.9,23813.4,2439.55,0,0,0,0.0,0,F1,75,,,,,
2024-12-27,2024-12-27,FO,NSE,IDO,57706,,NIFTY,,2025-02-27,2025-02-27,26350.0,PE,NIFTY25FEB26350PE,0.0,0.0,0.0,2144.75,0.0,2144.75,23813.4,2268.1,0,0,0,0.0,0,F1,75,,,,,
2024-12-27,2024-12-27,FO,NSE,IDO,52580,,NIFTY,,2025-01-02,2025-01-02,24600.0,CE,NIFTY2510224600CE,6.35,8.0,2.55,3.0,2.75,6.1,23813.4,3.0,2986200,1652475,481768,889034828486.25,103597,F1,75,,,,,
2024-12-27,2024-12-27,FO,NSE,IDO,58623,,NIFTY,,2025-12-24,2025-12-24,22000.0,PE,NIFTY25DEC22000PE,330.0,339.0,315.0,328.7,325.25,336.2,23813.4,328.7,251400,2250,148,247797960.0,119,F1,75,,,,,
2024-12-27,2024-12-27,FO,NSE,IDO,64692,,NIFTY,,2025-09-25,2025-09-25,24000.0,CE,NIFTY25SEP24000CE,0.0,0.0,0.0,4236.35,0.0,4236.35,23813.4,1654.7,0,0,0,0.0,0,F1,75,,,,,
2024-12-27,2024-12-27,FO,NSE,IDO,71560,,NIFTY,,2027-06-24,2027-06-24,24000.0,CE,NIFTY27JUN24000CE,0.0,0.0,0.0,2299.55,0.0,2299.55,23813.4,4143.05,0,0,0,0.0,0,F1,75,,,,,
2024-12-27,2024-12-27,FO,NSE,IDO,48117,,NIFTY,,2025-01-09,2025-01-09,24000.0,CE,NIFTY2510924000CE,195.95,243.65,162.2,168.85,174.75,179.8,23813.4,168.85,726375,289275,30066,54565375500.0,14993,F1,75,,,,,
2024-12-27,2024-12-27,FO,NSE,IDO,89627,,NIFTY,,2029-06-28,2029-06-28,22000.0,PE,NIFTY29JUN22000PE,0.0,0.0,0.0,422.0,0.0,422.0,23813.4,239.15,0,0,0,0.0,0,F1,75,,,,,
2024-12-27,2024-12-27,FO,NSE,IDO,64688,,NIFTY,,2025-09-25,2025-09-25,22000.0,CE,NIFTY25SEP22000CE,0.0,0.0,0.0,5865.75,0.0,5865.75,23813.4,3069.6,0,0,0,0.0,0,F1,75,,,,,
2024-12-27,2024-12-27,FO,NSE,IDO,57602,,NIFTY,,2025-02-27,2025-02-27,24000.0,PE,NIFTY25FEB24000PE,510.0,521.0,417.85,461.65,458.8,520.0,23813.4,461.65,631875,61350,6066,11122691298.75,4301,F1,75,,,,,
2024-12-27,2024-12-27,FO,NSE,IDO,43215,,NIFTY,,2025-01-30,2025-01-30,22000.0,CE,NIFTY25JAN22000CE,1975.0,2120.95,1970.0,1984.05,1995.0,1923.1,23813.4,1984.05,937600,-975,4239,2546910253.75,1494,F1,25,,,,,
2024-12-27,2024-12-27,FO,NSE,IDO,71556,,NIFTY,,2027-06-24,2027-06-24,22000.0,CE,NIFTY27JUN22000CE,0.0,0.0,0.0,2783.5,0.0,2783.5,23813.4,5493.1,0,0,0,0.0,0,F1,75,,,,,
2024-12-27,2024-12-27,FO,NSE,IDO,64553,,NIFTY,,2025-03-27,2025-03-27,18000.0,PE,NIFTY25MAR18000PE,6.4,6.95,5.85,6.4,6.25,6.05,23813.4,6.4,272250,16450,962,1299166792.5,409,F1,75,,,,,
2024-12-27,2024-12-27,FO,NSE,IDO,52582,,NIFTY,,2025-01-02,2025-01-02,24650.0,CE,NIFTY2510224650CE,5.1,6.55,2.25,2.7,2.5,5.05,23813.4,2.7,996750,625800,282429,522227480028.75,61358,F1,75,,,,,
2024-12-27,2024-12-27,FO,NSE,IDO,55061,,NIFTY,,2025-03-27,2025-03-27,24200.0,PE,NIFTY25MAR24200PE,0.0,0.0,0.0,776.05,0.0,776.05,23813.4,633.1,0,0,0,0.0,0,F1,75,,,,,
2024-12-27,2024-12-27,FO,NSE,IDO,52478,,NIFTY,,2025-01-02,2025-01-02,23400.0,PE,NIFTY2510223400PE,58.45,58.45,18.1,22.65,21.75,55.7,23813.4,22.65,2282400,983175,387800,681339320880.0,136296,F1,75,,,,,
2024-12-27,2024-12-27,FO,NSE,IDO,45678,,NIFTY,,2025-01-30,2025-01-30,23400.0,CE,NIFTY25JAN23400CE,751.3,864.45,737.5,757.3,760.0,727.0,23813.4,757.3,107125,175,1085,656795255.0,402,F1,25,,,,,
2024-12-27,2024-12-27,FO,NSE,IDO,51122,,NIFTY,,2025-03-27,2025-03-27,23400.0,CE,NIFTY25MAR23400CE,0.0,0.0,0.0,1205.3,0.0,1205.3,23813.4,1107.9,0,0,0,0.0,0,F1,75,,,,,
2024-12-27,2024-12-27,FO,NSE,IDO,55097,,NIFTY,,2025-01-23,2025-01-23,25450.0,CE,NIFTY2512325450CE,0.0,0.0,0.0,90.4,0.0,90.4,23813.4,17.95,0,0,0,0.0,0,F1,75,,,,,
2024-12-27,2024-12-27,FO,NSE,IDO,61411,,NIFTY,,2029-12-27,2029-12-27,20000.0,PE,NIFTY29DEC20000PE,0.0,0.0,0.0,202.3,0.0,202.3,23813.4,104.25,0,0,0,0.0,0,F1,75,,,,,
2024-12-27,2024-12-27,FO,NSE,IDO,57639,,NIFTY,,2025-02-27,2025-02-27,24950.0,CE,NIFTY25FEB24950CE,212.0,212.0,192.5,195.0,197.55,432.95,23813.4,195.0,7950,7725,113,213181773.75,68,F1,75,,,,,
2024-12-27,2024-12-27,FO,NSE,IDO,53611,,NIFTY,,2027-12-30,2027-12-30,20000.0,PE,NIFTY27DEC20000PE,0.0,0.0,0.0,450.0,450.0,450.0,23813.4,105.95,2675,0,0,0.0,0,F1,75,,,,,
2024-12-27,2024-12-27,FO,NSE,IDO,52601,,NIFTY,,2025-01-02,2025-01-02,24950.0,CE,NIFTY2510224950CE,2.5,3.0,1.35,1.55,1.4,2.45,23813.4,1.55,335700,208275,46854,87682157733.75,18275,F1,75,,,,,
2024-12-27,2024-12-27,FO,NSE,IDO,56875,,NIFTY,,2025-03-27,2025-03-27,25250.0,PE,NIFTY25MAR25250PE,0.0,0.0,0.0,1415.9,0.0,1415.9,23813.4,1285.95,0,0,0,0.0,0,F1,75,,,,,
2024-12-27,2024-12-27,FO,NSE,IDO,57689,,NIFTY,,2025-02-27,2025-02-27,26150.0,CE,NIFTY25FEB26150CE,43.2,43.2,29.45,36.2,29.45,41.05,23813.4,36.2,225,150,3,5892416.25,3,F1,75,,,,,
2024-12-27,2024-12-27,FO,NSE,IDO,57649,,NIFTY,,2025-02-27,2025-02-27,25150.0,CE,NIFTY25FEB25150CE,0.0,0.0,0.0,465.35,0.0,465.35,23813.4,171.7,0,0,0,0.0,0,F1,75,,,,,
2024-12-27,2024-12-27,FO,NSE,IDO,48180,,NIFTY,,2025-01-09,2025-01-09,25150.0,PE,NIFTY2510925150PE,0.0,0.0,0.0,647.0,0.0,647.0,23813.4,1281.0,0,0,0,0.0,0,F1,75,,,,,
2024-12-27,2024-12-27,FO,NSE,IDO,52407,,NIFTY,,2025-01-02,2025-01-02,22400.0,CE,NIFTY2510222400CE,0.0,0.0,0.0,1398.3,1398.3,1398.3,23813.4,1438.25,750,0,0,0.0,0,F1,75,,,,,
2024-12-27,2024-12-27,FO,NSE,IDO,52856,,NIFTY,,2025-01-16,2025-01-16,25150.0,CE,NIFTY2511625150CE,9.25,12.2,9.25,11.95,11.95,33.0,23813.4,17.85,2475,2400,54,101903317.5,12,F1,75,,,,,
2024-12-27,2024-12-27,FO,NSE,IDO,54717,,NIFTY,,2025-01-23,2025-01-23,22400.0,CE,NIFTY2512322400CE,0.0,0.0,0.0,1744.25,0.0,1744.25,23813.4,1537.3,0,0,0,0.0,0,F1,75,,,,,
2024-12-27,2024-12-27,FO,NSE,IDO,55080,,NIFTY,,2025-01-23,2025-01-23,25150.0,PE,NIFTY2512325150PE,0.0,0.0,0.0,1162.45,0.0,1162.45,23813.4,1248.55,0,0,0,0.0,0,F1,75,,,,,
2024-12-27,2024-12-27,FO,NSE,IDO,55079,,NIFTY,,2025-01-23,2025-01-23,25150.0,CE,NIFTY2512325150CE,36.65,36.65,28.8,28.8,28.8,139.55,23813.4,37.2,75,75,2,3777408.75,2,F1,75,,,,,
2024-12-27,2024-12-27,FO,NSE,IDO,43239,,NIFTY,,2025-01-30,2025-01-30,22400.0,CE,NIFTY25JAN22400CE,1660.0,1660.0,1660.0,1660.0,1660.0,1569.3,23813.4,1574.4,500,0,1,601500.0,1,F1,25,,,,,
2024-12-27,2024-12-27,FO,NSE,IDO,48145,,NIFTY,,2025-01-09,2025-01-09,24450.0,CE,NIFTY2510924450CE,56.65,65.75,35.25,37.15,38.7,50.05,23813.4,37.15,49350,26250,3479,6391898122.5,1766,F1,75,,,,,
2024-12-27,2024-12-27,FO,NSE,IDO,57619,,NIFTY,,2025-02-27,2025-02-27,24450.0,CE,NIFTY25FEB24450CE,410.45,426.55,365.0,365.0,365.0,738.35,23813.4,365.0,1875,1875,26,48485786.25,7,F1,75,,,,,
2024-12-27,2024-12-27,FO,NSE,IDO,52760,,NIFTY,,2025-01-16,2025-01-16,24450.0,PE,NIFTY2511624450PE,0.0,0.0,0.0,381.4,381.4,381.4,23813.4,652.9,0,0,0,0.0,0,F1,75,,,,,
2024-12-27,2024-12-27,FO,NSE,IDO,57620,,NIFTY,,2025-02-27,2025-02-27,24450.0,PE,NIFTY25FEB24450PE,0.0,0.0,0.0,833.25,0.0,833.25,23813.4,732.8,0,0,0,0.0,0,F1,75,,,,,
2024-12-27,2024-12-27,FO,NSE,IDO,52574,,NIFTY,,2025-01-02,2025-01-02,24450.0,PE,NIFTY2510224450PE,608.75,608.75,477.6,571.75,576.15,649.2,23813.4,571.75,15150,1125,155,290718990.0,104,F1,75,,,,,
2024-12-27,2024-12-27,FO,NSE,IDO,48223,,NIFTY,,2025-01-09,2025-01-09,26100.0,CE,NIFTY2510926100CE,2.8,2.8,2.05,2.2,2.05,3.5,23813.4,2.2,14625,9600,287,561855742.5,120,F1,75,,,,,
2024-12-27,2024-12-27,FO,NSE,IDO,48224,,NIFTY,,2025-01-09,2025-01-09,26100.0,PE,NIFTY2510926100PE,0.0,0.0,0.0,1329.25,0.0,1329.25,23813.4,2223.95,0,0,0,0.0,0,F1,75,,,,,
2024-12-27,2024-12-27,FO,NSE,IDO,52897,,NIFTY,,2025-01-16,2025-01-16,26100.0,PE,NIFTY2511626100PE,0.0,0.0,0.0,1460.35,0.0,1460.35,23813.4,2190.9,0,0,0,0.0,0,F1,75,,,,,
2024-12-27,2024-12-27,FO,NSE,IDO,46588,,NIFTY,,2025-01-30,2025-01-30,26100.0,CE,NIFTY25JAN26100CE,10.55,11.0,6.15,7.05,6.3,8.3,23813.4,7.05,104125,-39100,7211,4706536340.0,2054,F1,25,,,,,
2024-12-27,2024-12-27,FO,NSE,IDO,55096,,NIFTY,,2025-01-23,2025-01-23,25400.0,PE,NIFTY2512325400PE,0.0,0.0,0.0,1368.55,0.0,1368.55,23813.4,1480.45,0,0,0,0.0,0,F1,75,,,,,
2024-12-27,2024-12-27,FO,NSE,IDO,57659,,NIFTY,,2025-02-27,2025-02-27,25400.0,CE,NIFTY25FEB25400CE,109.0,118.85,95.65,97.7,100.65,102.8,23813.4,97.7,15375,4050,450,860775978.75,188,F1,75,,,,,
2024-12-27,2024-12-27,FO,NSE,IDO,52625,,NIFTY,,2025-01-02,2025-01-02,25400.0,PE,NIFTY2510225400PE,1492.0,1492.0,1492.0,1492.0,1492.0,1582.75,23813.4,1558.45,11025,0,1,2016900.0,1,F1,75,,,,,
2024-12-27,2024-12-27,FO,NSE,IDO,48193,,NIFTY,,2025-01-09,2025-01-09,25400.0,CE,NIFTY2510925400CE,3.4,4.4,2.55,2.85,2.65,3.95,23813.4,2.85,38550,23475,1298,2472992021.25,675,F1,75,,,,,
2024-12-27,2024-12-27,FO,NSE,IDO,46466,,NIFTY,,2025-01-30,2025-01-30,25400.0,PE,NIFTY25JAN25400PE,1350.0,1420.0,1300.0,1413.35,1400.0,1478.15,23813.4,1413.35,36300,1600,72,48155746.25,22,F1,25,,,,,
2024-12-27,2024-12-27,FO,NSE,IDO,55198,,NIFTY,,2025-03-27,2025-03-27,24300.0,PE,NIFTY25MAR24300PE,600.0,627.55,600.0,627.2,627.2,828.0,23813.4,627.2,2775,2775,39,72869722.5,30,F1,75,,,,,
2024-12-27,2024-12-27,FO,NSE,IDO,52866,,NIFTY,,2025-01-16,2025-01-16,25400.0,CE,NIFTY2511625400CE,9.0,9.95,6.7,6.8,6.7,8.05,23813.4,6.8,5175,-1575,49,93373170.0,38,F1,75,,,,,
2024-12-27,2024-12-27,FO,NSE,IDO,46363,,NIFTY,,2025-01-30,2025-01-30,24300.0,PE,NIFTY25JAN24300PE,570.45,572.2,459.5,535.0,529.1,602.2,23813.4,535.0,281475,-5625,4617,2863805120.0,2255,F1,25,,,,,
2024-12-27,2024-12-27,FO,NSE,IDO,71395,,NIFTY,,2025-12-24,2025-12-24,25000.0,CE,NIFTY25DEC25000CE,1480.0,1542.45,1460.0,1466.1,1460.0,1459.65,23813.4,1466.1,107825,2825,102,202700381.25,92,F1,75,,,,,
2024-12-27,2024-12-27,FO,NSE,IDO,64570,,NIFTY,,2025-03-27,2025-03-27,25000.0,CE,NIFTY25MAR25000CE,312.25,355.3,310.0,315.65,319.1,309.2,23813.4,315.65,1022800,112400,5792,11001354671.25,4427,F1,75,,,,,
2024-12-27,2024-12-27,FO,NSE,IDO,46518,,NIFTY,,2025-01-30,2025-01-30,25800.0,PE,NIFTY25JAN25800PE,1785.0,1794.0,1700.0,1768.7,1768.7,1865.8,23813.4,1768.7,47125,1500,172,118344217.5,32,F1,25,,,,,
2024-12-27,2024-12-27,FO,NSE,IDO,53627,,NIFTY,,2027-12-30,2027-12-30,25000.0,PE,NIFTY27DEC25000PE,0.0,0.0,0.0,2948.45,0.0,2948.45,23813.4,793.95,0,0,0,0.0,0,F1,75,,,,,
2024-12-27,2024-12-27,FO,NSE,IDO,55068,,NIFTY,,2025-01-23,2025-01-23,25000.0,PE,NIFTY2512325000PE,0.0,0.0,0.0,1045.1,0.0,1045.1,23813.4,1114.25,0,0,0,0.0,0,F1,75,,,,,
2024-12-27,2024-12-27,FO,NSE,IDO,53626,,NIFTY,,2027-12-30,2027-12-30,25000.0,CE,NIFTY27DEC25000CE,0.0,0.0,0.0,3458.35,0.0,3458.35,23813.4,4201.5,0,0,0,0.0,0,F1,75,,,,,
2024-12-27,2024-12-27,FO,NSE,IDO,61773,,NIFTY,,2029-12-27,2029-12-27,25000.0,PE,NIFTY29DEC25000PE,0.0,0.0,0.0,785.3,0.0,785.3,23813.4,565.2,0,0,0,0.0,0,F1,75,,,,,
2024-12-27,2024-12-27,FO,NSE,IDO,64700,,NIFTY,,2025-09-25,2025-09-25,28000.0,CE,NIFTY25SEP28000CE,0.0,0.0,0.0,1788.2,0.0,1788.2,23813.4,267.75,0,0,0,0.0,0,F1,75,,,,,
2024-12-27,2024-12-27,FO,NSE,IDO,50547,,NIFTY,,2026-12-31,2026-12-31,28000.0,CE,NIFTY26DEC28000CE,0.0,0.0,0.0,1871.1,0.0,1871.1,23813.4,1549.3,0,0,0,0.0,0,F1,75,,,,,
2024-12-27,2024-12-27,FO,NSE,IDO,50550,,NIFTY,,2027-06-24,2027-06-24,28000.0,PE,NIFTY27JUN28000PE,0.0,0.0,0.0,5959.35,0.0,5959.35,23813.4,1951.05,0,0,0,0.0,0,F1,75,,,,,
2024-12-27,2024-12-27,FO,NSE,IDO,50537,,NIFTY,,2025-06-26,2025-06-26,28000.0,CE,NIFTY25JUN28000CE,83.75,83.75,70.0,76.35,78.5,81.75,23813.4,76.35,48550,2925,108,227435962.5,92,F1,75,,,,,
2024-12-27,2024-12-27,FO,NSE,IDO,35221,,NIFTY,,2025-12-24,2025-12-24,30000.0,CE,NIFTY25DEC30000CE,168.9,185.0,157.0,159.65,160.0,157.8,23813.4,159.65,32050,600,36,81437936.25,32,F1,75,,,,,
2024-12-27,2024-12-27,FO,NSE,IDO,44236,,NIFTY,,2025-01-30,2025-01-30,23300.0,CE,NIFTY25JAN23300CE,849.95,945.5,821.4,834.15,841.3,800.0,23813.4,834.15,111275,-3300,439,265454466.25,311,F1,25,,,,,
2024-12-27,2024-12-27,FO,NSE,IDO,35222,,NIFTY,,2025-12-24,2025-12-24,30000.0,PE,NIFTY25DEC30000PE,4177.0,4177.0,4159.5,4175.0,4175.0,4008.2,23813.4,4433.9,500,225,3,7688362.5,3,F1,75,,,,,
2024-12-27,2024-12-27,FO,NSE,IDO,54937,,NIFTY,,2025-01-23,2025-01-23,23300.0,CE,NIFTY2512323300CE,0.0,0.0,0.0,986.7,0.0,986.7,23813.4,747.85,0,0,0,0.0,0,F1,75,,,,,
2024-12-27,2024-12-27,FO,NSE,IDO,54938,,NIFTY,,2025-01-23,2025-01-23,23300.0,PE,NIFTY2512323300PE,0.0,0.0,0.0,146.95,146.95,146.95,23813.4,118.4,75,0,0,0.0,0,F1,75,,,,,
2024-12-27,2024-12-27,FO,NSE,IDO,43262,,NIFTY,,2025-01-30,2025-01-30,22850.0,PE,NIFTY25JAN22850PE,90.55,91.5,62.9,71.65,70.85,97.1,23813.4,71.65,29450,2050,2196,1258362271.25,636,F1,25,,,,,
2024-12-27,2024-12-27,FO,NSE,IDO,52445,,NIFTY,,2025-01-02,2025-01-02,22850.0,CE,NIFTY2510222850CE,1006.3,1074.45,1006.3,1041.6,1041.6,1056.05,23813.4,989.7,300,150,5,8962027.5,5,F1,75,,,,,
2024-12-27,2024-12-27,FO,NSE,IDO,46355,,NIFTY,,2025-01-30,2025-01-30,24100.0,PE,NIFTY25JAN24100PE,460.0,462.95,362.4,426.8,419.45,488.8,23813.4,426.8,343675,101625,17277,10584078168.75,7730,F1,25,,,,,
2024-12-27,2024-12-27,FO,NSE,IDO,52437,,NIFTY,,2025-01-16,2025-01-16,22200.0,CE,NIFTY2511622200CE,0.0,0.0,0.0,2510.2,0.0,2510.2,23813.4,1697.85,0,0,0,0.0,0,F1,75,,,,,
2024-12-27,2024-12-27,FO,NSE,IDO,46977,,NIFTY,,2025-03-27,2025-03-27,22200.0,PE,NIFTY25MAR22200PE,109.85,109.85,98.75,105.5,105.8,138.8,23813.4,105.5,6375,6375,209,349603230.0,89,F1,75,,,,,
2024-12-27,2024-12-27,FO,NSE,IDO,47041,,NIFTY,,2025-03-27,2025-03-27,22750.0,PE,NIFTY25MAR22750PE,0.0,0.0,0.0,244.05,0.0,244.05,23813.4,148.9,0,0,0,0.0,0,F1,75,,,,,
2024-12-27,2024-12-27,FO,NSE,IDO,52441,,NIFTY,,2025-01-02,2025-01-02,22750.0,CE,NIFTY2510222750CE,0.0,0.0,0.0,1049.35,1049.35,1049.35,23813.4,1089.05,75,0,0,0.0,0,F1,75,,,,,
2024-12-27,2024-12-27,FO,NSE,IDO,55629,,NIFTY,,2025-02-27,2025-02-27,22750.0,CE,NIFTY25FEB22750CE,0.0,0.0,0.0,1791.5,0.0,1791.5,23813.4,1426.0,0,0,0,0.0,0,F1,75,,,,,
2024-12-27,2024-12-27,FO,NSE,IDO,43258,,NIFTY,,2025-01-30,2025-01-30,22750.0,PE,NIFTY25JAN22750PE,70.35,77.9,53.5,61.25,55.95,83.35,23813.4,61.25,34100,4325,1741,992859656.25,456,F1,25,,,,,
2024-12-27,2024-12-27,FO,NSE,IDO,55001,,NIFTY,,2025-01-23,2025-01-23,23950.0,CE,NIFTY2512323950CE,0.0,0.0,0.0,567.35,0.0,567.35,23813.4,341.95,0,0,0,0.0,0,F1,75,,,,,
2024-12-27,2024-12-27,FO,NSE,IDO,46370,,NIFTY,,2025-01-30,2025-01-30,24450.0,PE,NIFTY25JAN24450PE,664.95,664.95,546.15,631.6,624.0,697.35,23813.4,631.6,27200,3325,563,352747727.5,280,F1,25,,,,,
2024-12-27,2024-12-27,FO,NSE,IDO,52759,,NIFTY,,2025-01-16,2025-01-16,24450.0,CE,NIFTY2511624450CE,0.0,0.0,0.0,352.6,352.6,352.6,23813.4,106.6,150,0,0,0.0,0,F1,75,,,,,
2024-12-27,2024-12-27,FO,NSE,IDO,55345,,NIFTY,,2025-03-27,2025-03-27,24450.0,PE,NIFTY25MAR24450PE,0.0,0.0,0.0,909.6,0.0,909.6,23813.4,766.0,0,0,0,0.0,0,F1,75,,,,,
2024-12-27,2024-12-27,FO,NSE,IDO,52533,,NIFTY,,2025-01-16,2025-01-16,23100.0,CE,NIFTY2511623100CE,0.0,0.0,0.0,1658.8,0.0,1658.8,23813.4,852.3,0,0,0,0.0,0,F1,75,,,,,
2024-12-27,2024-12-27,FO,NSE,IDO,46984,,NIFTY,,2025-03-27,2025-03-27,22250.0,CE,NIFTY25MAR22250CE,0.0,0.0,0.0,2048.65,0.0,2048.65,23813.4,2007.5,0,0,0,0.0,0,F1,75,,,,,
2024-12-27,2024-12-27,FO,NSE,IDO,54712,,NIFTY,,2025-01-23,2025-01-23,22250.0,PE,NIFTY2512322250PE,0.0,0.0,0.0,26.6,0.0,26.6,23813.4,7.65,0,0,0,0.0,0,F1,75,,,,,
2024-12-27,2024-12-27,FO,NSE,IDO,48032,,NIFTY,,2025-01-09,2025-01-09,22250.0,PE,NIFTY2510922250PE,0.0,0.0,0.0,5.8,0.0,5.8,23813.4,0.55,0,0,0,0.0,0,F1,75,,,,,
2024-12-27,2024-12-27,FO,NSE,IDO,48200,,NIFTY,,2025-01-09,2025-01-09,25550.0,PE,NIFTY2510925550PE,0.0,0.0,0.0,906.05,0.0,906.05,23813.4,1676.0,0,0,0,0.0,0,F1,75,,,,,
2024-12-27,2024-12-27,FO,NSE,IDO,57663,,NIFTY,,2025-02-27,2025-02-27,25500.0,CE,NIFTY25FEB25500CE,94.15,102.9,81.3,84.1,84.95,88.7,23813.4,84.1,468300,150300,8560,16428776868.75,4773,F1,75,,,,,
2024-12-27,2024-12-27,FO,NSE,IDO,48197,,NIFTY,,2025-01-09,2025-01-09,25500.0,CE,NIFTY2510925500CE,3.55,4.15,2.15,2.5,2.45,3.5,23813.4,2.5,217875,53625,5056,9670694632.5,2001,F1,75,,,,,
2024-12-27,2024-12-27,FO,NSE,IDO,55099,,NIFTY,,2025-01-23,2025-01-23,25500.0,CE,NIFTY2512325500CE,14.45,15.5,10.15,10.95,11.2,13.05,23813.4,10.95,14100,-3300,232,443916930.0,119,F1,75,,,,,
2024-12-27,2024-12-27,FO,NSE,IDO,48198,,NIFTY,,2025-01-09,2025-01-09,25500.0,PE,NIFTY2510925500PE,1494.0,1561.25,1494.0,1561.25,1561.25,1675.0,23813.4,1626.35,1875,300,4,8110113.75,3,F1,75,,,,,
2024-12-27,2024-12-27,FO,NSE,IDO,43192,,NIFTY,,2025-01-30,2025-01-30,21600.0,PE,NIFTY25JAN21600PE,10.05,14.45,6.2,10.35,10.85,14.3,23813.4,10.35,1381950,32900,24055,12996330701.25,5620,F1,25,,,,,
2024-12-27,2024-12-27,FO,NSE,IDO,46584,,NIFTY,,2025-01-30,2025-01-30,26050.0,CE,NIFTY25JAN26050CE,9.0,9.95,7.25,7.6,8.1,9.1,23813.4,7.6,12750,1575,364,237133140.0,150,F1,25,,,,,
2024-12-27,2024-12-27,FO,NSE,IDO,61660,,NIFTY,,2029-12-27,2029-12-27,21000.0,PE,NIFTY29DEC21000PE,0.0,0.0,0.0,278.8,0.0,278.8,23813.4,156.3,0,0,0,0.0,0,F1,75,,,,,
2024-12-27,2024-12-27,FO,NSE,IDO,53615,,NIFTY,,2027-12-30,2027-12-30,21000.0,PE,NIFTY27DEC21000PE,0.0,0.0,0.0,582.95,582.95,582.95,23813.4,174.3,50,0,0,0.0,0,F1,75,,,,,
2024-12-27,2024-12-27,FO,NSE,IDO,51453,,NIFTY,,2026-06-25,2026-06-25,21000.0,CE,NIFTY26JUN21000CE,0.0,0.0,0.0,3881.9,0.0,3881.9,23813.4,4965.4,0,0,0,0.0,0,F1,75,,,,,
2024-12-27,2024-12-27,FO,NSE,IDO,89625,,NIFTY,,2029-06-28,2029-06-28,21000.0,PE,NIFTY29JUN21000PE,0.0,0.0,0.0,320.25,0.0,320.25,23813.4,163.4,0,0,0,0.0,0,F1,75,,,,,
2024-12-27,2024-12-27,FO,NSE,IDO,67776,,NIFTY,,2028-12-28,2028-12-28,21000.0,CE,NIFTY28DEC21000CE,0.0,0.0,0.0,7512.5,0.0,7512.5,23813.4,7957.65,0,0,0,0.0,0,F1,75,,,,,
2024-12-27,2024-12-27,FO,NSE,IDO,58642,,NIFTY,,2026-12-31,2026-12-31,19000.0,CE,NIFTY26DEC19000CE,0.0,0.0,0.0,8600.0,8600.0,8600.0,23813.4,7269.4,125,0,0,0.0,0,F1,75,,,,,
2024-12-27,2024-12-27,FO,NSE,IDO,48226,,NIFTY,,2025-01-09,2025-01-09,26150.0,PE,NIFTY2510926150PE,0.0,0.0,0.0,1370.85,0.0,1370.85,23813.4,2273.85,0,0,0,0.0,0,F1,75,,,,,
2024-12-27,2024-12-27,FO,NSE,IDO,56881,,NIFTY,,2025-03-27,2025-03-27,25400.0,PE,NIFTY25MAR25400PE,0.0,0.0,0.0,1523.1,0.0,1523.1,23813.4,1397.75,0,0,0,0.0,0,F1,75,,,,,
2024-12-27,2024-12-27,FO,NSE,IDO,43274,,NIFTY,,2025-01-30,2025-01-30,23050.0,PE,NIFTY25JAN23050PE,115.05,121.8,85.7,98.65,98.0,129.9,23813.4,98.65,51975,12975,3229,1868545127.5,840,F1,25,,,,,
2024-12-27,2024-12-27,FO,NSE,IDO,55641,,NIFTY,,2025-02-27,2025-02-27,23050.0,CE,NIFTY25FEB23050CE,0.0,0.0,0.0,1568.25,0.0,1568.25,23813.4,1186.0,0,0,0,0.0,0,F1,75,,,,,
2024-12-27,2024-12-27,FO,NSE,IDO,52531,,NIFTY,,2025-01-16,2025-01-16,23050.0,CE,NIFTY2511623050CE,0.0,0.0,0.0,1704.0,0.0,1704.0,23813.4,895.25,0,0,0,0.0,0,F1,75,,,,,
2024-12-27,2024-12-27,FO,NSE,IDO,46625,,NIFTY,,2025-01-30,2025-01-30,26350.0,PE,NIFTY25JAN26350PE,0.0,0.0,0.0,1738.15,1738.15,1738.15,23813.4,2375.3,25,0,0,0.0,0,F1,25,,,,,
2024-12-27,2024-12-27,FO,NSE,IDO,57704,,NIFTY,,2025-02-27,2025-02-27,26350.0,CE,NIFTY25FEB26350CE,31.65,31.65,20.35,20.75,20.65,51.5,23813.4,20.75,2400,-1200,93,183949751.25,41,F1,75,,,,,
2024-12-27,2024-12-27,FO,NSE,IDO,52585,,NIFTY,,2025-01-02,2025-01-02,24650.0,PE,NIFTY2510224650PE,690.0,771.85,685.0,771.85,771.85,842.15,23813.4,771.85,6000,-2325,46,87622395.0,16,F1,75,,,,,
2024-12-27,2024-12-27,FO,NSE,IDO,46387,,NIFTY,,2025-01-30,2025-01-30,24650.0,CE,NIFTY25JAN24650CE,131.65,157.3,115.4,118.15,118.05,121.5,23813.4,118.15,86875,10725,3245,2010364848.75,991,F1,25,,,,,
2024-12-27,2024-12-27,FO,NSE,IDO,48160,,NIFTY,,2025-01-09,2025-01-09,24650.0,PE,NIFTY2510924650PE,675.0,713.2,675.0,713.2,713.2,391.1,23813.4,808.4,450,450,6,11400765.0,4,F1,75,,,,,
2024-12-27,2024-12-27,FO,NSE,IDO,57628,,NIFTY,,2025-02-27,2025-02-27,24650.0,PE,NIFTY25FEB24650PE,759.25,759.25,729.05,735.7,735.7,1000.0,23813.4,860.0,4275,3225,62,118091572.5,55,F1,75,,,,,
2024-12-27,2024-12-27,FO,NSE,IDO,57627,,NIFTY,,2025-02-27,2025-02-27,24650.0,CE,NIFTY25FEB24650CE,324.45,337.2,319.0,319.0,319.0,280.95,23813.4,304.4,4125,1425,20,37465781.25,6,F1,75,,,,,
2024-12-27,2024-12-27,FO,NSE,IDO,48135,,NIFTY,,2025-01-09,2025-01-09,24200.0,CE,NIFTY2510924200CE,123.55,145.3,87.7,91.5,95.8,106.25,23813.4,91.5,315075,147675,15029,27406650367.5,8894,F1,75,,,,,
2024-12-27,2024-12-27,FO,NSE,IDO,52714,,NIFTY,,2025-01-16,2025-01-16,24200.0,PE,NIFTY2511624200PE,447.25,447.25,363.0,423.05,415.0,495.95,23813.4,423.05,6300,975,95,175217482.5,40,F1,75,,,,,
2024-12-27,2024-12-27,FO,NSE,IDO,52576,,NIFTY,,2025-01-16,2025-01-16,23400.0,PE,NIFTY2511623400PE,121.95,125.0,90.6,108.05,107.55,146.55,23813.4,108.05,9375,4950,195,343731052.5,117,F1,75,,,,,
2024-12-27,2024-12-27,FO,NSE,IDO,48091,,NIFTY,,2025-01-09,2025-01-09,23400.0,PE,NIFTY2510923400PE,94.35,94.4,55.2,66.0,63.2,104.15,23813.4,66.0,196425,93825,12050,21207774071.25,7125,F1,75,,,,,
2024-12-27,2024-12-27,FO,NSE,IDO,54963,,NIFTY,,2025-01-23,2025-01-23,23400.0,CE,NIFTY2512323400CE,0.0,0.0,0.0,913.75,0.0,913.75,23813.4,674.05,0,0,0,0.0,0,F1,75,,,,,
2024-12-27,2024-12-27,FO,NSE,IDO,64556,,NIFTY,,2025-03-27,2025-03-27,20000.0,CE,NIFTY25MAR20000CE,4535.0,4535.0,4125.5,4159.75,4170.0,4097.2,23813.4,4159.75,388400,4425,285,517709437.5,225,F1,75,,,,,
2024-12-27,2024-12-27,FO,NSE,IDO,52826,,NIFTY,,2025-01-16,2025-01-16,24700.0,CE,NIFTY2511624700CE,55.0,62.0,39.5,40.15,41.45,50.05,23813.4,40.15,22200,6900,521,967066500.0,253,F1,75,,,,,
2024-12-27,2024-12-27,FO,NSE,IDO,45683,,NIFTY,,2025-01-30,2025-01-30,23400.0,PE,NIFTY25JAN23400PE,191.55,198.0,142.65,168.0,165.7,209.25,23813.4,168.0,747900,122050,26944,15869393302.5,8576,F1,25,,,,,
2024-12-27,2024-12-27,FO,NSE,IDO,54727,,NIFTY,,2025-03-27,2025-03-27,24100.0,CE,NIFTY25MAR24100CE,0.0,0.0,0.0,811.65,0.0,811.65,23813.4,695.3,0,0,0,0.0,0,F1,75,,,,,
2024-12-27,2024-12-27,FO,NSE,IDO,55010,,NIFTY,,2025-01-23,2025-01-23,24100.0,PE,NIFTY2512324100PE,374.75,376.65,307.95,376.65,376.65,469.8,23813.4,441.15,0,0,4,7336252.5,4,F1,75,,,,,
2024-12-27,2024-12-27,FO,NSE,IDO,50778,,NIFTY,,2025-01-02,2025-01-02,21700.0,CE,NIFTY2510221700CE,0.0,0.0,0.0,1868.15,0.0,1868.15,23813.4,2137.45,0,0,0,0.0,0,F1,75,,,,,
2024-12-27,2024-12-27,FO,NSE,IDO,43197,,NIFTY,,2025-01-30,2025-01-30,21700.0,CE,NIFTY25JAN21700CE,2380.0,2380.0,2315.0,2319.05,2319.05,2202.95,23813.4,2252.0,1950,225,12,7214553.75,3,F1,25,,,,,
2024-12-27,2024-12-27,FO,NSE,IDO,43198,,NIFTY,,2025-01-30,2025-01-30,21700.0,PE,NIFTY25JAN21700PE,15.0,15.75,11.5,12.0,11.75,16.65,23813.4,12.0,223575,27775,7729,4195453301.25,2673,F1,25,,,,,
2024-12-27,2024-12-27,FO,NSE,IDO,50779,,NIFTY,,2025-01-02,2025-01-02,21700.0,PE,NIFTY2510221700PE,1.9,2.3,1.2,1.35,1.25,2.15,23813.4,1.35,782700,-4350,52990,86247309877.5,15495,F1,75,,,,,
2024-12-27,2024-12-27,FO,NSE,IDO,52679,,NIFTY,,2025-01-16,2025-01-16,23950.0,CE,NIFTY2511623950CE,298.65,350.2,265.9,274.4,276.2,282.3,23813.4,274.4,5775,2250,73,132827313.75,53,F1,75,,,,,
2024-12-27,2024-12-27,FO,NSE,IDO,55002,,NIFTY,,2025-01-23,2025-01-23,23950.0,PE,NIFTY2512323950PE,0.0,0.0,0.0,398.6,0.0,398.6,23813.4,359.25,0,0,0,0.0,0,F1,75,,,,,
2024-12-27,2024-12-27,FO,NSE,IDO,48114,,NIFTY,,2025-01-09,2025-01-09,23950.0,CE,NIFTY2510923950CE,229.95,273.45,187.2,191.9,197.6,201.65,23813.4,191.9,74850,51900,3810,6907881251.25,2322,F1,75,,,,,
2024-12-27,2024-12-27,FO,NSE,IDO,46589,,NIFTY,,2025-01-30,2025-01-30,26100.0,PE,NIFTY25JAN26100PE,0.0,0.0,0.0,2143.8,2141.7,2143.8,23813.4,2130.35,25425,0,0,0.0,0,F1,25,,,,,
2024-12-27,2024-12-27,FO,NSE,IDO,52659,,NIFTY,,2025-01-02,2025-01-02,26100.0,PE,NIFTY2510226100PE,0.0,0.0,0.0,2289.5,2289.5,2289.5,23813.4,2257.65,3150,0,0,0.0,0,F1,75,,,,,
2024-12-27,2024-12-27,FO,NSE,IDO,52563,,NIFTY,,2025-01-02,2025-01-02,24300.0,PE,NIFTY2510224300PE,472.55,482.2,347.0,443.05,432.5,516.15,23813.4,443.05,509325,267225,14759,27341805127.5,7083,F1,75,,,,,
2024-12-27,2024-12-27,FO,NSE,IDO,48194,,NIFTY,,2025-01-09,2025-01-09,25400.0,PE,NIFTY2510925400PE,0.0,0.0,0.0,803.6,0.0,803.6,23813.4,1527.2,0,0,0,0.0,0,F1,75,,,,,
2024-12-27,2024-12-27,FO,NSE,IDO,55095,,NIFTY,,2025-01-23,2025-01-23,25400.0,CE,NIFTY2512325400CE,14.35,18.3,11.5,14.25,13.0,13.45,23813.4,14.25,1800,900,101,192512505.0,33,F1,75,,,,,
2024-12-27,2024-12-27,FO,NSE,IDO,57637,,NIFTY,,2025-02-27,2025-02-27,24900.0,CE,NIFTY25FEB24900CE,219.0,246.2,207.25,209.9,215.55,209.4,23813.4,209.9,27150,4725,233,438999315.0,181,F1,75,,,,,
2024-12-27,2024-12-27,FO,NSE,IDO,55063,,NIFTY,,2025-01-23,2025-01-23,24900.0,CE,NIFTY2512324900CE,43.25,48.3,43.25,48.3,48.3,45.35,23813.4,48.3,525,0,4,7484107.5,3,F1,75,,,,,
2024-12-27,2024-12-27,FO,NSE,IDO,57638,,NIFTY,,2025-02-27,2025-02-27,24900.0,PE,NIFTY25FEB24900PE,969.05,969.05,899.65,899.65,899.65,945.5,23813.4,1033.5,1200,525,11,21291048.75,6,F1,75,,,,,
2024-12-27,2024-12-27,FO,NSE,IDO,46366,,NIFTY,,2025-01-30,2025-01-30,24400.0,CE,NIFTY25JAN24400CE,199.0,246.65,186.95,192.1,200.9,191.85,23813.4,192.1,423200,36225,18683,11495889027.5,7201,F1,25,,,,,
2024-12-27,2024-12-27,FO,NSE,IDO,55340,,NIFTY,,2025-03-27,2025-03-27,24400.0,PE,NIFTY25MAR24400PE,0.0,0.0,0.0,881.9,0.0,881.9,23813.4,738.25,0,0,0,0.0,0,F1,75,,,,,
2024-12-27,2024-12-27,FO,NSE,IDO,57618,,NIFTY,,2025-02-27,2025-02-27,24400.0,PE,NIFTY25FEB24400PE,675.0,689.3,601.65,652.75,648.75,724.7,23813.4,652.75,19950,-900,94,176541307.5,67,F1,75,,,,,
2024-12-27,2024-12-27,FO,NSE,IDO,43194,,NIFTY,,2025-01-30,2025-01-30,21650.0,PE,NIFTY25JAN21650PE,15.85,15.85,11.2,11.7,12.4,15.7,23813.4,11.7,63975,-150,1586,858892683.75,330,F1,25,,,,,
2024-12-27,2024-12-27,FO,NSE,IDO,48061,,NIFTY,,2025-01-09,2025-01-09,22950.0,CE,NIFTY2510922950CE,0.0,0.0,0.0,1946.85,0.0,1946.85,23813.4,934.6,0,0,0,0.0,0,F1,75,,,,,
2024-12-27,2024-12-27,FO,NSE,IDO,54775,,NIFTY,,2025-01-23,2025-01-23,22950.0,PE,NIFTY2512322950PE,0.0,0.0,0.0,99.9,0.0,99.9,23813.4,54.85,0,0,0,0.0,0,F1,75,,,,,
2024-12-27,2024-12-27,FO,NSE,IDO,43193,,NIFTY,,2025-01-30,2025-01-30,21650.0,CE,NIFTY25JAN21650CE,0.0,0.0,0.0,2942.5,2942.45,2942.5,23813.4,2301.25,200,0,0,0.0,0,F1,25,,,,,
2024-12-27,2024-12-27,FO,NSE,IDO,52518,,NIFTY,,2025-01-16,2025-01-16,22950.0,PE,NIFTY2511622950PE,47.55,47.55,47.55,47.55,47.55,36.8,23813.4,35.2,225,225,3,5174448.75,1,F1,75,,,,,
2024-12-27,2024-12-27,FO,NSE,IDO,52449,,NIFTY,,2025-01-02,2025-01-02,22950.0,CE,NIFTY2510222950CE,0.0,0.0,0.0,853.55,0.0,853.55,23813.4,890.9,0,0,0,0.0,0,F1,75,,,,,
2024-12-27,2024-12-27,FO,NSE,IDO,43270,,NIFTY,,2025-01-30,2025-01-30,22950.0,PE,NIFTY25JAN22950PE,104.75,105.5,73.9,85.3,83.95,112.05,23813.4,85.3,83700,33250,6052,3485049815.0,1575,F1,25,,,,,
2024-12-27,2024-12-27,FO,NSE,IDO,50776,,NIFTY,,2025-01-02,2025-01-02,21650.0,CE,NIFTY2510221650CE,0.0,0.0,0.0,1914.3,0.0,1914.3,23813.4,2187.4,0,0,0,0.0,0,F1,75,,,,,
2024-12-27,2024-12-27,FO,NSE,IDO,54774,,NIFTY,,2025-01-23,2025-01-23,22950.0,CE,NIFTY2512322950CE,0.0,0.0,0.0,1261.7,0.0,1261.7,23813.4,1032.6,0,0,0,0.0,0,F1,75,,,,,
2024-12-27,2024-12-27,FO,NSE,IDO,48246,,NIFTY,,2025-03-27,2025-03-27,22950.0,PE,NIFTY25MAR22950PE,0.0,0.0,0.0,294.8,0.0,294.8,23813.4,189.1,0,0,0,0.0,0,F1,75,,,,,
2024-12-27,2024-12-27,FO,NSE,IDO,43217,,NIFTY,,2025-01-30,2025-01-30,22050.0,CE,NIFTY25JAN22050CE,0.0,0.0,0.0,1857.2,1857.2,1857.2,23813.4,1909.4,175,0,0,0.0,0,F1,25,,,,,
2024-12-27,2024-12-27,FO,NSE,IDO,55601,,NIFTY,,2025-02-27,2025-02-27,22050.0,CE,NIFTY25FEB22050CE,0.0,0.0,0.0,2364.95,0.0,2364.95,23813.4,2045.7,0,0,0,0.0,0,F1,75,,,,,
2024-12-27,2024-12-27,FO,NSE,IDO,43218,,NIFTY,,2025-01-30,2025-01-30,22050.0,PE,NIFTY25JAN22050PE,27.75,27.75,19.1,20.45,20.5,28.95,23813.4,20.45,13250,3425,776,428170792.5,314,F1,25,,,,,
2024-12-27,2024-12-27,FO,NSE,IDO,54696,,NIFTY,,2025-01-23,2025-01-23,22050.0,CE,NIFTY2512322050CE,0.0,0.0,0.0,2072.6,0.0,2072.6,23813.4,1877.1,0,0,0,0.0,0,F1,75,,,,,
2024-12-27,2024-12-27,FO,NSE,IDO,64685,,NIFTY,,2025-09-25,2025-09-25,20000.0,PE,NIFTY25SEP20000PE,0.0,0.0,0.0,22.8,0.0,22.8,23813.4,26.1,0,0,0,0.0,0,F1,75,,,,,
2024-12-27,2024-12-27,FO,NSE,IDO,67774,,NIFTY,,2028-12-28,2028-12-28,20000.0,CE,NIFTY28DEC20000CE,0.0,0.0,0.0,8115.5,0.0,8115.5,23813.4,8660.35,0,0,0,0.0,0,F1,75,,,,,
2024-12-27,2024-12-27,FO,NSE,IDO,57654,,NIFTY,,2025-02-27,2025-02-27,25250.0,PE,NIFTY25FEB25250PE,0.0,0.0,0.0,1161.3,1161.3,1161.3,23813.4,1300.5,75,0,0,0.0,0,F1,75,,,,,
2024-12-27,2024-12-27,FO,NSE,IDO,55085,,NIFTY,,2025-01-23,2025-01-23,25250.0,CE,NIFTY2512325250CE,0.0,0.0,0.0,121.25,0.0,121.25,23813.4,29.4,0,0,0,0.0,0,F1,75,,,,,
2024-12-27,2024-12-27,FO,NSE,IDO,46976,,NIFTY,,2025-03-27,2025-03-27,22200.0,CE,NIFTY25MAR22200CE,0.0,0.0,0.0,2089.95,0.0,2089.95,23813.4,2051.4,0,0,0,0.0,0,F1,75,,,,,
2024-12-27,2024-12-27,FO,NSE,IDO,52503,,NIFTY,,2025-01-16,2025-01-16,22750.0,PE,NIFTY2511622750PE,0.0,0.0,0.0,24.45,0.0,24.45,23813.4,19.0,0,0,0,0.0,0,F1,75,,,,,
2024-12-27,2024-12-27,FO,NSE,IDO,43257,,NIFTY,,2025-01-30,2025-01-30,22750.0,CE,NIFTY25JAN22750CE,0.0,0.0,0.0,1904.75,1904.2,1904.75,23813.4,1254.0,150,0,0,0.0,0,F1,25,,,,,
2024-12-27,2024-12-27,FO,NSE,IDO,54767,,NIFTY,,2025-01-23,2025-01-23,22750.0,PE,NIFTY2512322750PE,0.0,0.0,0.0,70.75,0.0,70.75,23813.4,33.25,0,0,0,0.0,0,F1,75,,,,,
2024-12-27,2024-12-27,FO,NSE,IDO,50773,,NIFTY,,2025-01-02,2025-01-02,21600.0,CE,NIFTY2510221600CE,0.0,0.0,0.0,1960.75,0.0,1960.75,23813.4,2237.35,0,0,0,0.0,0,F1,75,,,,,
2024-12-27,2024-12-27,FO,NSE,IDO,52877,,NIFTY,,2025-01-16,2025-01-16,25650.0,PE,NIFTY2511625650PE,0.0,0.0,0.0,1092.45,0.0,1092.45,23813.4,1745.5,0,0,0,0.0,0,F1,75,,,,,
2024-12-27,2024-12-27,FO,NSE,IDO,52876,,NIFTY,,2025-01-16,2025-01-16,25650.0,CE,NIFTY2511625650CE,5.0,5.0,5.0,5.0,5.0,35.0,23813.4,5.0,600,0,1,1924125.0,1,F1,75,,,,,
2024-12-27,2024-12-27,FO,NSE,IDO,56874,,NIFTY,,2025-03-27,2025-03-27,25250.0,CE,NIFTY25MAR25250CE,0.0,0.0,0.0,372.1,0.0,372.1,23813.4,266.1,0,0,0,0.0,0,F1,75,,,,,
2024-12-27,2024-12-27,FO,NSE,IDO,52617,,NIFTY,,2025-01-02,2025-01-02,25250.0,PE,NIFTY2510225250PE,1336.0,1390.0,1290.0,1390.0,1390.0,1429.95,23813.4,1390.0,2625,75,7,13962450.0,6,F1,75,,,,,
2024-12-27,2024-12-27,FO,NSE,IDO,55059,,NIFTY,,2025-01-23,2025-01-23,24850.0,CE,NIFTY2512324850CE,0.0,0.0,0.0,208.0,0.0,208.0,23813.4,71.8,0,0,0,0.0,0,F1,75,,,,,
2024-12-27,2024-12-27,FO,NSE,IDO,43205,,NIFTY,,2025-01-30,2025-01-30,21800.0,CE,NIFTY25JAN21800CE,2165.95,2222.9,2165.95,2222.9,2222.9,2118.45,23813.4,2153.6,550,125,10,5999538.75,6,F1,25,,,,,
2024-12-27,2024-12-27,FO,NSE,IDO,52497,,NIFTY,,2025-01-02,2025-01-02,23500.0,CE,NIFTY2510223500CE,423.95,521.9,383.6,402.65,411.5,384.25,23813.4,402.65,377025,-74550,30116,54079716975.0,17774,F1,75,,,,,
2024-12-27,2024-12-27,FO,NSE,IDO,64703,,NIFTY,,2025-09-25,2025-09-25,29000.0,PE,NIFTY25SEP29000PE,0.0,0.0,0.0,2125.3,0.0,2125.3,23813.4,3914.45,0,0,0,0.0,0,F1,75,,,,,
2024-12-27,2024-12-27,FO,NSE,IDO,38163,,NIFTY,,2027-06-24,2027-06-24,29000.0,PE,NIFTY27JUN29000PE,0.0,0.0,0.0,4627.1,0.0,4627.1,23813.4,2427.6,0,0,0,0.0,0,F1,75,,,,,
2024-12-27,2024-12-27,FO,NSE,IDO,38151,,NIFTY,,2025-06-26,2025-06-26,29000.0,PE,NIFTY25JUN29000PE,0.0,0.0,0.0,6724.5,0.0,6724.5,23813.4,4275.7,0,0,0,0.0,0,F1,75,,,,,
2024-12-27,2024-12-27,FO,NSE,IDO,52524,,NIFTY,,2025-01-02,2025-01-02,23800.0,PE,NIFTY2510223800PE,159.0,161.5,83.5,110.3,104.2,179.4,23813.4,110.3,5765775,1239150,1457454,2613700464547.5,796752,F1,75,,,,,
2024-12-27,2024-12-27,FO,NSE,IDO,58639,,NIFTY,,2026-12-31,2026-12-31,17000.0,PE,NIFTY26DEC17000PE,0.0,0.0,0.0,97.05,97.05,97.05,23813.4,8.2,2850,0,0,0.0,0,F1,75,,,,,
2024-12-27,2024-12-27,FO,NSE,IDO,52713,,NIFTY,,2025-01-16,2025-01-16,24200.0,CE,NIFTY2511624200CE,186.1,218.45,153.9,160.0,162.0,167.75,23813.4,160.0,18525,5625,641,1172193723.75,314,F1,75,,,,,
2024-12-27,2024-12-27,FO,NSE,IDO,56535,,NIFTY,,2025-03-27,2025-03-27,24650.0,PE,NIFTY25MAR24650PE,0.0,0.0,0.0,1025.2,0.0,1025.2,23813.4,882.9,0,0,0,0.0,0,F1,75,,,,,
2024-12-27,2024-12-27,FO,NSE,IDO,52817,,NIFTY,,2025-01-16,2025-01-16,24650.0,PE,NIFTY2511624650PE,0.0,0.0,0.0,457.35,0.0,457.35,23813.4,813.15,0,0,0,0.0,0,F1,75,,,,,
2024-12-27,2024-12-27,FO,NSE,IDO,46388,,NIFTY,,2025-01-30,2025-01-30,24650.0,PE,NIFTY25JAN24650PE,802.15,802.15,668.0,769.9,763.7,836.0,23813.4,769.9,43850,-2300,187,118607581.25,131,F1,25,,,,,
2024-12-27,2024-12-27,FO,NSE,IDO,52816,,NIFTY,,2025-01-16,2025-01-16,24650.0,CE,NIFTY2511624650CE,58.8,64.95,47.0,47.0,47.0,56.0,23813.4,47.0,2250,0,32,59286375.0,20,F1,75,,,,,
2024-12-27,2024-12-27,FO,NSE,IDO,48159,,NIFTY,,2025-01-09,2025-01-09,24650.0,CE,NIFTY2510924650CE,29.95,31.65,16.75,17.4,17.0,25.7,23813.4,17.4,97200,62100,3670,6790802231.25,1944,F1,75,,,,,
2024-12-27,2024-12-27,FO,NSE,IDO,46367,,NIFTY,,2025-01-30,2025-01-30,24400.0,PE,NIFTY25JAN24400PE,628.95,631.25,512.55,595.9,592.3,663.0,23813.4,595.9,336850,-32350,7149,4461377973.75,3328,F1,25,,,,,
2024-12-27,2024-12-27,FO,NSE,IDO,55032,,NIFTY,,2025-01-23,2025-01-23,24400.0,PE,NIFTY2512324400PE,0.0,0.0,0.0,634.35,0.0,634.35,23813.4,633.9,0,0,0,0.0,0,F1,75,,,,,
2024-12-27,2024-12-27,FO,NSE,IDO,57646,,NIFTY,,2025-02-27,2025-02-27,25050.0,PE,NIFTY25FEB25050PE,0.0,0.0,0.0,1022.6,1022.6,1022.6,23813.4,1144.75,75,0,0,0.0,0,F1,75,,,,,
2024-12-27,2024-12-27,FO,NSE,IDO,55628,,NIFTY,,2025-02-27,2025-02-27,22700.0,PE,NIFTY25FEB22700PE,138.95,138.95,107.5,118.1,117.55,141.35,23813.4,118.1,127725,11400,613,1048849237.5,291,F1,75,,,,,
2024-12-27,2024-12-27,FO,NSE,IDO,57608,,NIFTY,,2025-02-27,2025-02-27,24150.0,PE,NIFTY25FEB24150PE,520.45,531.25,520.45,529.05,525.95,577.9,23813.4,529.05,6075,2925,49,90693596.25,47,F1,75,,,,,
2024-12-27,2024-12-27,FO,NSE,IDO,52845,,NIFTY,,2025-01-16,2025-01-16,24900.0,PE,NIFTY2511624900PE,0.0,0.0,0.0,588.2,0.0,588.2,23813.4,1030.65,0,0,0,0.0,0,F1,75,,,,,
2024-12-27,2024-12-27,FO,NSE,IDO,48074,,NIFTY,,2025-01-09,2025-01-09,23100.0,PE,NIFTY2510923100PE,44.95,48.25,26.6,30.35,29.3,53.35,23813.4,30.35,164400,95325,8369,14519447257.5,5189,F1,75,,,,,
2024-12-27,2024-12-27,FO,NSE,IDO,55644,,NIFTY,,2025-02-27,2025-02-27,23100.0,PE,NIFTY25FEB23100PE,207.8,212.3,168.9,186.6,187.05,216.75,23813.4,186.6,39525,600,476,831101043.75,251,F1,75,,,,,
2024-12-27,2024-12-27,FO,NSE,IDO,48348,,NIFTY,,2025-03-27,2025-03-27,23100.0,PE,NIFTY25MAR23100PE,230.8,230.85,227.0,228.0,228.0,335.85,23813.4,224.2,5325,5325,81,141719201.25,50,F1,75,,,,,
2024-12-27,2024-12-27,FO,NSE,IDO,57640,,NIFTY,,2025-02-27,2025-02-27,24950.0,PE,NIFTY25FEB24950PE,0.0,0.0,0.0,469.15,469.15,469.15,23813.4,1070.0,0,0,0,0.0,0,F1,75,,,,,
2024-12-27,2024-12-27,FO,NSE,IDO,46429,,NIFTY,,2025-01-30,2025-01-30,24950.0,PE,NIFTY25JAN24950PE,1031.8,1031.8,899.25,974.9,974.9,1048.05,23813.4,1068.15,16675,-75,8,5188658.75,8,F1,25,,,,,
2024-12-27,2024-12-27,FO,NSE,IDO,58645,,NIFTY,,2026-12-31,2026-12-31,20000.0,PE,NIFTY26DEC20000PE,290.0,290.0,290.0,290.0,290.0,299.95,23813.4,88.05,4050,-25,1,1521750.0,1,F1,75,,,,,
2024-12-27,2024-12-27,FO,NSE,IDO,52847,,NIFTY,,2025-01-16,2025-01-16,24950.0,PE,NIFTY2511624950PE,0.0,0.0,0.0,616.7,0.0,616.7,23813.4,1075.95,0,0,0,0.0,0,F1,75,,,,,
2024-12-27,2024-12-27,FO,NSE,IDO,38377,,NIFTY,,2025-12-24,2025-12-24,20000.0,PE,NIFTY25DEC20000PE,145.0,145.0,132.3,144.1,143.5,150.25,23813.4,144.1,52625,375,51,77034607.5,38,F1,75,,,,,
2024-12-27,2024-12-27,FO,NSE,IDO,52398,,NIFTY,,2025-01-02,2025-01-02,22200.0,PE,NIFTY2510222200PE,2.65,2.95,1.8,2.15,1.85,2.85,23813.4,2.15,975225,379425,55568,92529907616.25,19970,F1,75,,,,,
2024-12-27,2024-12-27,FO,NSE,IDO,55607,,NIFTY,,2025-02-27,2025-02-27,22200.0,CE,NIFTY25FEB22200CE,0.0,0.0,0.0,2236.8,0.0,2236.8,23813.4,1907.45,0,0,0,0.0,0,F1,75,,,,,
2024-12-27,2024-12-27,FO,NSE,IDO,86167,,NIFTY,,2028-06-29,2028-06-29,29000.0,CE,NIFTY28JUN29000CE,0.0,0.0,0.0,2333.25,0.0,2333.25,23813.4,2851.1,0,0,0,0.0,0,F1,75,,,,,
2024-12-27,2024-12-27,FO,NSE,IDO,86168,,NIFTY,,2028-06-29,2028-06-29,29000.0,PE,NIFTY28JUN29000PE,0.0,0.0,0.0,3595.9,0.0,3595.9,23813.4,1925.05,0,0,0,0.0,0,F1,75,,,,,
2024-12-27,2024-12-27,FO,NSE,IDO,64702,,NIFTY,,2025-09-25,2025-09-25,29000.0,CE,NIFTY25SEP29000CE,0.0,0.0,0.0,1377.55,0.0,1377.55,23813.4,150.5,0,0,0,0.0,0,F1,75,,,,,
2024-12-27,2024-12-27,FO,NSE,IDO,38154,,NIFTY,,2026-06-25,2026-06-25,29000.0,CE,NIFTY26JUN29000CE,0.0,0.0,0.0,864.2,0.0,864.2,23813.4,719.15,0,0,0,0.0,0,F1,75,,,,,
2024-12-27,2024-12-27,FO,NSE,IDO,64582,,NIFTY,,2025-03-27,2025-03-27,29000.0,CE,NIFTY25MAR29000CE,11.3,11.85,10.65,10.9,11.0,11.3,23813.4,10.9,301900,21600,843,1834227562.5,514,F1,75,,,,,
2024-12-27,2024-12-27,FO,NSE,IDO,45873,,NIFTY,,2025-12-24,2025-12-24,17000.0,CE,NIFTY25DEC17000CE,0.0,0.0,0.0,8400.0,8400.0,8400.0,23813.4,7915.25,625,0,0,0.0,0,F1,75,,,,,
2024-12-27,2024-12-27,FO,NSE,IDO,52662,,NIFTY,,2025-01-16,2025-01-16,23800.0,CE,NIFTY2511623800CE,351.15,440.4,346.85,362.55,361.5,351.15,23813.4,362.55,40200,14775,925,1677624195.0,485,F1,75,,,,,
2024-12-27,2024-12-27,FO,NSE,IDO,53976,,NIFTY,,2025-03-27,2025-03-27,23800.0,CE,NIFTY25MAR23800CE,945.9,945.9,935.0,935.0,935.0,968.4,23813.4,857.9,150,150,3,5566417.5,3,F1,75,,,,,
2024-12-27,2024-12-27,FO,NSE,IDO,53602,,NIFTY,,2027-12-30,2027-12-30,17000.0,PE,NIFTY27DEC17000PE,180.6,180.6,180.6,180.6,180.6,130.8,23813.4,15.75,14200,0,5,6442725.0,3,F1,75,,,,,
2024-12-27,2024-12-27,FO,NSE,IDO,54996,,NIFTY,,2025-01-23,2025-01-23,23800.0,PE,NIFTY2512323800PE,314.75,314.75,220.15,265.15,255.05,314.75,23813.4,265.15,2625,1575,116,209320770.0,78,F1,75,,,,,
2024-12-27,2024-12-27,FO,NSE,IDO,54772,,NIFTY,,2025-01-23,2025-01-23,22900.0,CE,NIFTY2512322900CE,0.0,0.0,0.0,1303.3,0.0,1303.3,23813.4,1076.1,0,0,0,0.0,0,F1,75,,,,,
2024-12-27,2024-12-27,FO,NSE,IDO,52448,,NIFTY,,2025-01-02,2025-01-02,22900.0,PE,NIFTY2510222900PE,10.7,10.8,3.85,4.5,4.15,10.7,23813.4,4.5,1643400,718500,151968,261069215531.25,47436,F1,75,,,,,
2024-12-27,2024-12-27,FO,NSE,IDO,55636,,NIFTY,,2025-02-27,2025-02-27,22900.0,PE,NIFTY25FEB22900PE,165.65,167.5,134.9,149.7,148.25,176.1,23813.4,149.7,89925,3000,478,826145103.75,274,F1,75,,,,,
2024-12-27,2024-12-27,FO,NSE,IDO,54773,,NIFTY,,2025-01-23,2025-01-23,22900.0,PE,NIFTY2512322900PE,0.0,0.0,0.0,91.1,91.1,91.1,23813.4,48.65,150,0,0,0.0,0,F1,75,,,,,
2024-12-27,2024-12-27,FO,NSE,IDO,52447,,NIFTY,,2025-01-02,2025-01-02,22900.0,CE,NIFTY2510222900CE,974.95,1075.0,970.0,1003.1,1003.1,923.3,23813.4,940.2,3975,1425,39,69943173.75,24,F1,75,,,,,
2024-12-27,2024-12-27,FO,NSE,IDO,52516,,NIFTY,,2025-01-16,2025-01-16,22900.0,PE,NIFTY2511622900PE,40.0,50.75,36.4,38.9,38.5,58.75,23813.4,38.9,35025,24450,588,1011642480.0,241,F1,75,,,,,
2024-12-27,2024-12-27,FO,NSE,IDO,55040,,NIFTY,,2025-01-23,2025-01-23,24600.0,PE,NIFTY2512324600PE,0.0,0.0,0.0,759.8,0.0,759.8,23813.4,781.75,0,0,0,0.0,0,F1,75,,,,,
2024-12-27,2024-12-27,FO,NSE,IDO,46343,,NIFTY,,2025-01-30,2025-01-30,24000.0,CE,NIFTY25JAN24000CE,373.95,447.45,357.9,368.6,375.45,360.8,23813.4,368.6,3411525,239300,151071,92155223278.75,56437,F1,25,,,,,
2024-12-27,2024-12-27,FO,NSE,IDO,58627,,NIFTY,,2026-06-25,2026-06-25,22000.0,PE,NIFTY26JUN22000PE,0.0,0.0,0.0,3829.5,0.0,3829.5,23813.4,253.8,0,0,0,0.0,0,F1,75,,,,,
2024-12-27,2024-12-27,FO,NSE,IDO,58626,,NIFTY,,2026-06-25,2026-06-25,22000.0,CE,NIFTY26JUN22000CE,0.0,0.0,0.0,2722.55,0.0,2722.55,23813.4,4176.45,0,0,0,0.0,0,F1,75,,,,,
2024-12-27,2024-12-27,FO,NSE,IDO,52379,,NIFTY,,2025-01-02,2025-01-02,22000.0,CE,NIFTY2510222000CE,1820.35,1976.25,1820.35,1859.55,1860.0,1807.25,23813.4,1859.55,19200,825,29,52019771.25,22,F1,75,,,,,
2024-12-27,2024-12-27,FO,NSE,IDO,64689,,NIFTY,,2025-09-25,2025-09-25,22000.0,PE,NIFTY25SEP22000PE,0.0,0.0,0.0,105.0,0.0,105.0,23813.4,176.95,0,0,0,0.0,0,F1,75,,,,,
2024-12-27,2024-12-27,FO,NSE,IDO,54998,,NIFTY,,2025-01-23,2025-01-23,23850.0,PE,NIFTY2512323850PE,280.45,290.3,273.2,288.5,290.3,355.15,23813.4,288.5,225,225,8,14479050.0,7,F1,75,,,,,
2024-12-27,2024-12-27,FO,NSE,IDO,54719,,NIFTY,,2025-03-27,2025-03-27,23850.0,CE,NIFTY25MAR23850CE,0.0,0.0,0.0,941.0,0.0,941.0,23813.4,829.3,0,0,0,0.0,0,F1,75,,,,,
2024-12-27,2024-12-27,FO,NSE,IDO,46333,,NIFTY,,2025-01-30,2025-01-30,23850.0,PE,NIFTY25JAN23850PE,363.05,363.05,264.0,313.35,308.65,368.5,23813.4,313.35,96300,-16225,13313,8036018295.0,4995,F1,25,,,,,
2024-12-27,2024-12-27,FO,NSE,IDO,46328,,NIFTY,,2025-01-30,2025-01-30,23850.0,CE,NIFTY25JAN23850CE,484.85,538.95,441.3,451.6,460.0,439.35,23813.4,451.6,62350,14225,7601,4624170872.5,3992,F1,25,,,,,
2024-12-27,2024-12-27,FO,NSE,IDO,43287,,NIFTY,,2025-01-30,2025-01-30,23150.0,CE,NIFTY25JAN23150CE,1003.55,1057.15,938.35,946.75,953.7,904.6,23813.4,946.75,10100,-125,62,37436068.75,21,F1,25,,,,,
2024-12-27,2024-12-27,FO,NSE,IDO,54785,,NIFTY,,2025-01-23,2025-01-23,23150.0,PE,NIFTY2512323150PE,0.0,0.0,0.0,113.8,113.8,113.8,23813.4,86.55,75,0,0,0.0,0,F1,75,,,,,
2024-12-27,2024-12-27,FO,NSE,IDO,48077,,NIFTY,,2025-01-09,2025-01-09,23150.0,CE,NIFTY2510923150CE,0.0,0.0,0.0,1762.05,0.0,1762.05,23813.4,752.8,0,0,0,0.0,0,F1,75,,,,,
2024-12-27,2024-12-27,FO,NSE,IDO,52458,,NIFTY,,2025-01-02,2025-01-02,23150.0,PE,NIFTY2510223150PE,22.8,22.8,7.4,8.75,8.55,24.5,23813.4,8.75,975975,748800,168974,293519750317.5,54006,F1,75,,,,,
2024-12-27,2024-12-27,FO,NSE,IDO,48218,,NIFTY,,2025-01-09,2025-01-09,25950.0,PE,NIFTY2510925950PE,0.0,0.0,0.0,1207.25,0.0,1207.25,23813.4,2074.4,0,0,0,0.0,0,F1,75,,,,,
2024-12-27,2024-12-27,FO,NSE,IDO,57626,,NIFTY,,2025-02-27,2025-02-27,24600.0,PE,NIFTY25FEB24600PE,793.0,805.0,701.15,763.45,761.75,817.3,23813.4,763.45,20550,1800,71,134936715.0,61,F1,75,,,,,
2024-12-27,2024-12-27,FO,NSE,IDO,57625,,NIFTY,,2025-02-27,2025-02-27,24600.0,CE,NIFTY25FEB24600CE,319.0,363.5,303.55,310.7,315.0,308.0,23813.4,310.7,24825,1350,326,609451087.5,203,F1,75,,,,,
2024-12-27,2024-12-27,FO,NSE,IDO,71473,,NIFTY,,2026-06-25,2026-06-25,24000.0,PE,NIFTY26JUN24000PE,0.0,0.0,0.0,5437.7,0.0,5437.7,23813.4,675.35,0,0,0,0.0,0,F1,75,,,,,
2024-12-27,2024-12-27,FO,NSE,IDO,64562,,NIFTY,,2025-03-27,2025-03-27,22000.0,CE,NIFTY25MAR22000CE,2300.0,2434.0,2280.0,2288.95,2294.25,2251.8,23813.4,2288.95,273825,14200,277,506800181.25,252,F1,75,,,,,
2024-12-27,2024-12-27,FO,NSE,IDO,67783,,NIFTY,,2028-12-28,2028-12-28,24000.0,PE,NIFTY28DEC24000PE,0.0,0.0,0.0,564.65,564.65,564.65,23813.4,499.5,525,0,0,0.0,0,F1,75,,,,,
2024-12-27,2024-12-27,FO,NSE,IDO,89630,,NIFTY,,2029-06-28,2029-06-28,24000.0,CE,NIFTY29JUN24000CE,0.0,0.0,0.0,8085.35,0.0,8085.35,23813.4,6567.85,0,0,0,0.0,0,F1,75,,,,,
2024-12-27,2024-12-27,FO,NSE,IDO,57653,,NIFTY,,2025-02-27,2025-02-27,25250.0,CE,NIFTY25FEB25250CE,126.0,127.25,123.0,124.25,127.25,126.0,23813.4,124.25,3075,300,9,17127727.5,4,F1,75,,,,,
2024-12-27,2024-12-27,FO,NSE,IDO,52861,,NIFTY,,2025-01-16,2025-01-16,25250.0,PE,NIFTY2511625250PE,0.0,0.0,0.0,803.85,0.0,803.85,23813.4,1356.65,0,0,0,0.0,0,F1,75,,,,,
2024-12-27,2024-12-27,FO,NSE,IDO,52838,,NIFTY,,2025-01-16,2025-01-16,24850.0,CE,NIFTY2511624850CE,33.15,37.75,23.75,25.5,25.55,33.05,23813.4,25.5,2700,-1275,70,130612882.5,19,F1,75,,,,,
2024-12-27,2024-12-27,FO,NSE,IDO,46408,,NIFTY,,2025-01-30,2025-01-30,24850.0,CE,NIFTY25JAN24850CE,93.6,104.45,75.0,77.35,78.55,80.7,23813.4,77.35,89225,40975,8217,5122509673.75,2519,F1,25,,,,,
2024-12-27,2024-12-27,FO,NSE,IDO,54762,,NIFTY,,2025-01-23,2025-01-23,22700.0,CE,NIFTY2512322700CE,0.0,0.0,0.0,1474.7,0.0,1474.7,23813.4,1255.6,0,0,0,0.0,0,F1,75,,,,,
2024-12-27,2024-12-27,FO,NSE,IDO,46389,,NIFTY,,2025-01-30,2025-01-30,24700.0,CE,NIFTY25JAN24700CE,109.0,142.6,103.6,106.5,110.5,110.0,23813.4,106.5,644475,113950,29337,18203862922.5,10582,F1,25,,,,,
2024-12-27,2024-12-27,FO,NSE,IDO,52648,,NIFTY,,2025-01-02,2025-01-02,25850.0,PE,NIFTY2510225850PE,0.0,0.0,0.0,2027.0,2031.9,2027.0,23813.4,2007.95,375,0,0,0.0,0,F1,75,,,,,
2024-12-27,2024-12-27,FO,NSE,IDO,57672,,NIFTY,,2025-02-27,2025-02-27,25700.0,PE,NIFTY25FEB25700PE,0.0,0.0,0.0,1097.9,1097.9,1097.9,23813.4,1677.45,75,0,0,0.0,0,F1,75,,,,,
2024-12-27,2024-12-27,FO,NSE,IDO,46496,,NIFTY,,2025-01-30,2025-01-30,25700.0,CE,NIFTY25JAN25700CE,14.15,15.85,10.85,11.3,11.35,13.8,23813.4,11.3,205175,-53550,14853,9547752128.75,4496,F1,25,,,,,
2024-12-27,2024-12-27,FO,NSE,IDO,57671,,NIFTY,,2025-02-27,2025-02-27,25700.0,CE,NIFTY25FEB25700CE,68.8,69.0,64.3,67.5,67.5,68.8,23813.4,83.85,4350,675,25,48315360.0,8,F1,75,,,,,
2024-12-27,2024-12-27,FO,NSE,IDO,52879,,NIFTY,,2025-01-16,2025-01-16,25700.0,PE,NIFTY2511625700PE,0.0,0.0,0.0,1131.25,0.0,1131.25,23813.4,1794.7,0,0,0,0.0,0,F1,75,,,,,
2024-12-27,2024-12-27,FO,NSE,IDO,52639,,NIFTY,,2025-01-02,2025-01-02,25700.0,CE,NIFTY2510225700CE,1.3,1.75,0.9,1.0,1.0,1.65,23813.4,1.0,350100,122100,16826,32433604800.0,5011,F1,75,,,,,
2024-12-27,2024-12-27,FO,NSE,IDO,55109,,NIFTY,,2025-01-23,2025-01-23,25700.0,CE,NIFTY2512325700CE,9.25,9.65,6.3,8.25,8.25,9.25,23813.4,8.25,4425,2175,59,113758935.0,31,F1,75,,,,,
2024-12-27,2024-12-27,FO,NSE,IDO,46504,,NIFTY,,2025-01-30,2025-01-30,25700.0,PE,NIFTY25JAN25700PE,1700.0,1700.0,1626.5,1700.0,1700.0,1764.65,23813.4,1700.0,24175,100,8,5476187.5,5,F1,25,,,,,
2024-12-27,2024-12-27,FO,NSE,IDO,52878,,NIFTY,,2025-01-16,2025-01-16,25700.0,CE,NIFTY2511625700CE,0.0,0.0,0.0,111.0,111.0,111.0,23813.4,3.0,75,0,0,0.0,0,F1,75,,,,,
2024-12-27,2024-12-27,FO,NSE,IDO,48205,,NIFTY,,2025-01-09,2025-01-09,25700.0,CE,NIFTY2510925700CE,3.3,3.3,2.3,2.45,2.5,3.3,23813.4,2.45,4125,-450,123,237107433.75,40,F1,75,,,,,
2024-12-27,2024-12-27,FO,NSE,IDO,52640,,NIFTY,,2025-01-02,2025-01-02,25700.0,PE,NIFTY2510225700PE,1754.7,1800.0,1754.7,1800.0,1800.0,1878.95,23813.4,1858.1,7950,-75,4,8244075.0,4,F1,75,,,,,
2024-12-27,2024-12-27,FO,NSE,IDO,55110,,NIFTY,,2025-01-23,2025-01-23,25700.0,PE,NIFTY2512325700PE,0.0,0.0,0.0,1630.3,0.0,1630.3,23813.4,1767.85,0,0,0,0.0,0,F1,75,,,,,
2024-12-27,2024-12-27,FO,NSE,IDO,48206,,NIFTY,,2025-01-09,2025-01-09,25700.0,PE,NIFTY2510925700PE,0.0,0.0,0.0,1015.5,0.0,1015.5,23813.4,1825.25,0,0,0,0.0,0,F1,75,,,,,
2024-12-27,2024-12-27,FO,NSE,IDO,48203,,NIFTY,,2025-01-09,2025-01-09,25650.0,CE,NIFTY2510925650CE,3.35,3.35,2.35,2.65,2.45,3.35,23813.4,2.65,3600,-1050,63,121209165.0,26,F1,75,,,,,
2024-12-27,2024-12-27,FO,NSE,IDO,52638,,NIFTY,,2025-01-02,2025-01-02,25650.0,PE,NIFTY2510225650PE,0.0,0.0,0.0,2119.45,0.0,2119.45,23813.4,1808.15,0,0,0,0.0,0,F1,75,,,,,
2024-12-27,2024-12-27,FO,NSE,IDO,57669,,NIFTY,,2025-02-27,2025-02-27,25650.0,CE,NIFTY25FEB25650CE,76.4,78.5,65.85,66.7,66.6,86.3,23813.4,66.7,2250,2100,67,129265590.0,24,F1,75,,,,,
2024-12-27,2024-12-27,FO,NSE,IDO,48204,,NIFTY,,2025-01-09,2025-01-09,25650.0,PE,NIFTY2510925650PE,0.0,0.0,0.0,977.7,0.0,977.7,23813.4,1775.5,0,0,0,0.0,0,F1,75,,,,,
2024-12-27,2024-12-27,FO,NSE,IDO,55070,,NIFTY,,2025-01-23,2025-01-23,25050.0,PE,NIFTY2512325050PE,0.0,0.0,0.0,1083.65,0.0,1083.65,23813.4,1158.55,0,0,0,0.0,0,F1,75,,,,,
2024-12-27,2024-12-27,FO,NSE,IDO,56866,,NIFTY,,2025-03-27,2025-03-27,25050.0,CE,NIFTY25MAR25050CE,0.0,0.0,0.0,431.25,0.0,431.25,23813.4,320.25,0,0,0,0.0,0,F1,75,,,,,
2024-12-27,2024-12-27,FO,NSE,IDO,46438,,NIFTY,,2025-01-30,2025-01-30,25050.0,CE,NIFTY25JAN25050CE,58.0,67.15,47.55,48.55,50.6,53.1,23813.4,48.55,35900,9800,2769,1737963278.75,1133,F1,25,,,,,
2024-12-27,2024-12-27,FO,NSE,IDO,48175,,NIFTY,,2025-01-09,2025-01-09,25050.0,CE,NIFTY2510925050CE,7.3,10.0,4.3,4.75,4.35,7.4,23813.4,4.75,32550,27075,1333,2504945058.75,925,F1,75,,,,,
2024-12-27,2024-12-27,FO,NSE,IDO,52912,,NIFTY,,2025-01-16,2025-01-16,26500.0,CE,NIFTY2511626500CE,4.0,4.0,2.85,2.95,2.9,4.05,23813.4,2.95,27975,7950,251,498922143.75,62,F1,75,,,,,
2024-12-27,2024-12-27,FO,NSE,IDO,48258,,NIFTY,,2025-01-09,2025-01-09,26500.0,PE,NIFTY2510926500PE,0.0,0.0,0.0,1673.7,0.0,1673.7,23813.4,2622.95,0,0,0,0.0,0,F1,75,,,,,
2024-12-27,2024-12-27,FO,NSE,IDO,48249,,NIFTY,,2025-01-09,2025-01-09,26500.0,CE,NIFTY2510926500CE,2.9,2.95,1.85,2.0,1.85,2.85,23813.4,2.0,161775,50325,2135,4243662525.0,622,F1,75,,,,,
2024-12-27,2024-12-27,FO,NSE,IDO,47846,,NIFTY,,2025-01-30,2025-01-30,26500.0,PE,NIFTY25JAN26500PE,2495.05,2504.0,2357.0,2481.55,2479.25,2547.05,23813.4,2481.55,799800,-13250,2927,2118527057.5,971,F1,25,,,,,
2024-12-27,2024-12-27,FO,NSE,IDO,67787,,NIFTY,,2028-12-28,2028-12-28,26000.0,PE,NIFTY28DEC26000PE,0.0,0.0,0.0,1160.95,0.0,1160.95,23813.4,878.5,0,0,0,0.0,0,F1,75,,,,,
2024-12-27,2024-12-27,FO,NSE,IDO,64696,,NIFTY,,2025-09-25,2025-09-25,26000.0,CE,NIFTY25SEP26000CE,0.0,0.0,0.0,2854.15,0.0,2854.15,23813.4,735.0,0,0,0,0.0,0,F1,75,,,,,
2024-12-27,2024-12-27,FO,NSE,IDO,71383,,NIFTY,,2025-06-26,2025-06-26,26000.0,CE,NIFTY25JUN26000CE,362.45,391.0,350.05,357.9,363.55,345.8,23813.4,357.9,128850,5075,561,1109300790.0,439,F1,75,,,,,
2024-12-27,2024-12-27,FO,NSE,IDO,71403,,NIFTY,,2025-12-24,2025-12-24,26000.0,PE,NIFTY25DEC26000PE,1473.45,1473.45,1385.0,1454.55,1450.0,1476.8,23813.4,1454.55,127750,3175,176,362049708.75,151,F1,75,,,,,
2024-12-27,2024-12-27,FO,NSE,IDO,48219,,NIFTY,,2025-01-09,2025-01-09,26000.0,CE,NIFTY2510926000CE,3.4,3.4,2.1,2.3,2.4,3.2,23813.4,2.3,161175,56925,3573,6968027017.5,1034,F1,75,,,,,
2024-12-27,2024-12-27,FO,NSE,IDO,86161,,NIFTY,,2028-06-29,2028-06-29,26000.0,CE,NIFTY28JUN26000CE,0.0,0.0,0.0,3200.9,0.0,3200.9,23813.4,4258.05,0,0,0,0.0,0,F1,75,,,,,
2024-12-27,2024-12-27,FO,NSE,IDO,71565,,NIFTY,,2027-06-24,2027-06-24,26000.0,PE,NIFTY27JUN26000PE,0.0,0.0,0.0,6202.2,0.0,6202.2,23813.4,1167.9,0,0,0,0.0,0,F1,75,,,,,
2024-12-27,2024-12-27,FO,NSE,IDO,48136,,NIFTY,,2025-01-09,2025-01-09,24200.0,PE,NIFTY2510924200PE,409.1,430.0,317.4,382.35,378.0,461.3,23813.4,382.35,100350,20250,1424,2624360962.5,993,F1,75,,,,,
2024-12-27,2024-12-27,FO,NSE,IDO,57610,,NIFTY,,2025-02-27,2025-02-27,24200.0,PE,NIFTY25FEB24200PE,585.0,586.0,499.5,550.95,542.1,615.05,23813.4,550.95,69300,1200,447,829325973.75,334,F1,75,,,,,
2024-12-27,2024-12-27,FO,NSE,IDO,57609,,NIFTY,,2025-02-27,2025-02-27,24200.0,CE,NIFTY25FEB24200CE,499.0,558.45,482.2,488.15,491.9,483.45,23813.4,488.15,65250,4950,499,925085028.75,361,F1,75,,,,,
2024-12-27,2024-12-27,FO,NSE,IDO,55014,,NIFTY,,2025-01-23,2025-01-23,24200.0,PE,NIFTY2512324200PE,0.0,0.0,0.0,521.45,0.0,521.45,23813.4,501.25,0,0,0,0.0,0,F1,75,,,,,
2024-12-27,2024-12-27,FO,NSE,IDO,35219,,NIFTY,,2025-06-26,2025-06-26,30000.0,CE,NIFTY25JUN30000CE,0.0,0.0,0.0,21.0,21.0,21.0,23813.4,17.75,150,0,0,0.0,0,F1,75,,,,,
2024-12-27,2024-12-27,FO,NSE,IDO,52568,,NIFTY,,2025-01-16,2025-01-16,23300.0,CE,NIFTY2511623300CE,0.0,0.0,0.0,720.15,720.15,720.15,23813.4,688.65,600,0,0,0.0,0,F1,75,,,,,
2024-12-27,2024-12-27,FO,NSE,IDO,51119,,NIFTY,,2025-03-27,2025-03-27,23300.0,PE,NIFTY25MAR23300PE,0.0,0.0,0.0,398.4,0.0,398.4,23813.4,278.1,0,0,0,0.0,0,F1,75,,,,,
2024-12-27,2024-12-27,FO,NSE,IDO,55652,,NIFTY,,2025-02-27,2025-02-27,23300.0,PE,NIFTY25FEB23300PE,257.2,257.25,210.15,232.15,231.2,269.05,23813.4,232.15,86625,3150,425,749886645.0,232,F1,75,,,,,
2024-12-27,2024-12-27,FO,NSE,IDO,48058,,NIFTY,,2025-01-09,2025-01-09,22850.0,PE,NIFTY2510922850PE,26.25,26.25,14.2,16.4,14.2,29.55,23813.4,16.4,33150,29100,1041,1785377913.75,557,F1,75,,,,,
2024-12-27,2024-12-27,FO,NSE,IDO,48212,,NIFTY,,2025-03-27,2025-03-27,22850.0,PE,NIFTY25MAR22850PE,0.0,0.0,0.0,269.1,0.0,269.1,23813.4,168.1,0,0,0,0.0,0,F1,75,,,,,
2024-12-27,2024-12-27,FO,NSE,IDO,43261,,NIFTY,,2025-01-30,2025-01-30,22850.0,CE,NIFTY25JAN22850CE,0.0,0.0,0.0,1139.25,1139.25,1139.25,23813.4,1166.45,300,0,0,0.0,0,F1,25,,,,,
2024-12-27,2024-12-27,FO,NSE,IDO,48057,,NIFTY,,2025-01-09,2025-01-09,22850.0,CE,NIFTY2510922850CE,0.0,0.0,0.0,2040.8,0.0,2040.8,23813.4,1029.0,0,0,0,0.0,0,F1,75,,,,,
2024-12-27,2024-12-27,FO,NSE,IDO,52446,,NIFTY,,2025-01-02,2025-01-02,22850.0,PE,NIFTY2510222850PE,8.8,8.8,3.45,4.05,3.8,9.3,23813.4,4.05,721350,282975,72677,124578998977.5,29336,F1,75,,,,,
2024-12-27,2024-12-27,FO,NSE,IDO,55633,,NIFTY,,2025-02-27,2025-02-27,22850.0,CE,NIFTY25FEB22850CE,0.0,0.0,0.0,1715.2,0.0,1715.2,23813.4,1343.9,0,0,0,0.0,0,F1,75,,,,,
2024-12-27,2024-12-27,FO,NSE,IDO,52671,,NIFTY,,2025-01-02,2025-01-02,26300.0,CE,NIFTY2510226300CE,1.7,1.7,0.85,0.95,0.9,1.7,23813.4,0.95,1075575,175650,32539,64185944610.0,6195,F1,75,,,,,
2024-12-27,2024-12-27,FO,NSE,IDO,48162,,NIFTY,,2025-01-09,2025-01-09,24700.0,PE,NIFTY2510924700PE,846.75,846.75,705.45,779.8,779.8,919.3,23813.4,853.5,8475,975,23,43885031.25,10,F1,75,,,,,
2024-12-27,2024-12-27,FO,NSE,IDO,57630,,NIFTY,,2025-02-27,2025-02-27,24700.0,PE,NIFTY25FEB24700PE,821.0,831.05,753.95,827.1,821.05,710.05,23813.4,827.1,9900,225,40,76456196.25,36,F1,75,,,,,
2024-12-27,2024-12-27,FO,NSE,IDO,54779,,NIFTY,,2025-01-23,2025-01-23,23050.0,PE,NIFTY2512323050PE,0.0,0.0,0.0,117.65,0.0,117.65,23813.4,69.3,0,0,0,0.0,0,F1,75,,,,,
2024-12-27,2024-12-27,FO,NSE,IDO,48065,,NIFTY,,2025-01-09,2025-01-09,23050.0,CE,NIFTY2510923050CE,0.0,0.0,0.0,1853.9,0.0,1853.9,23813.4,842.35,0,0,0,0.0,0,F1,75,,,,,
2024-12-27,2024-12-27,FO,NSE,IDO,52691,,NIFTY,,2025-01-02,2025-01-02,26500.0,CE,NIFTY2510226500CE,1.3,1.6,0.8,0.9,0.85,1.6,23813.4,0.9,7522200,1934475,308450,613068694357.5,64160,F1,75,,,,,
2024-12-27,2024-12-27,FO,NSE,IDO,47845,,NIFTY,,2025-01-30,2025-01-30,26500.0,CE,NIFTY25JAN26500CE,6.0,6.65,5.1,5.55,5.4,5.95,23813.4,5.55,1042925,123950,33932,22484679688.75,4729,F1,25,,,,,
2024-12-27,2024-12-27,FO,NSE,IDO,52410,,NIFTY,,2025-01-16,2025-01-16,21900.0,PE,NIFTY2511621900PE,0.0,0.0,0.0,3.1,0.0,3.1,23813.4,0.65,0,0,0,0.0,0,F1,75,,,,,
2024-12-27,2024-12-27,FO,NSE,IDO,45684,,NIFTY,,2025-01-30,2025-01-30,23450.0,CE,NIFTY25JAN23450CE,729.0,823.75,715.85,718.85,720.0,679.75,23813.4,718.85,19300,-225,51,30856826.25,28,F1,25,,,,,
2024-12-27,2024-12-27,FO,NSE,IDO,46505,,NIFTY,,2025-01-30,2025-01-30,25750.0,CE,NIFTY25JAN25750CE,13.95,13.95,11.05,11.2,11.4,13.85,23813.4,11.2,80250,-550,1068,687850995.0,456,F1,25,,,,,
2024-12-27,2024-12-27,FO,NSE,IDO,52641,,NIFTY,,2025-01-02,2025-01-02,25750.0,CE,NIFTY2510225750CE,2.45,2.45,0.9,1.05,0.9,1.75,23813.4,1.05,97800,68925,8527,16468550400.0,3190,F1,75,,,,,
2024-12-27,2024-12-27,FO,NSE,IDO,48131,,NIFTY,,2025-01-09,2025-01-09,24100.0,CE,NIFTY2510924100CE,150.9,191.35,121.2,125.75,129.4,139.0,23813.4,125.75,195375,52800,11539,20988716193.75,7264,F1,75,,,,,
2024-12-27,2024-12-27,FO,NSE,IDO,48132,,NIFTY,,2025-01-09,2025-01-09,24100.0,PE,NIFTY2510924100PE,351.4,365.3,261.45,319.65,310.1,397.45,23813.4,319.65,71325,34425,2912,5330671286.25,1930,F1,75,,,,,
2024-12-27,2024-12-27,FO,NSE,IDO,57606,,NIFTY,,2025-02-27,2025-02-27,24100.0,PE,NIFTY25FEB24100PE,523.0,528.85,462.6,505.85,502.0,563.2,23813.4,505.85,32325,11775,513,946413101.25,255,F1,75,,,,,
2024-12-27,2024-12-27,FO,NSE,IDO,52542,,NIFTY,,2025-01-02,2025-01-02,24100.0,CE,NIFTY2510224100CE,69.3,102.5,43.45,46.55,50.2,65.7,23813.4,46.55,4356525,2628525,635227,1151524128363.75,320118,F1,75,,,,,
2024-12-27,2024-12-27,FO,NSE,IDO,39982,,NIFTY,,2025-06-26,2025-06-26,19000.0,CE,NIFTY25JUN19000CE,0.0,0.0,0.0,3077.9,0.0,3077.9,23813.4,5440.85,0,0,0,0.0,0,F1,75,,,,,
2024-12-27,2024-12-27,FO,NSE,IDO,39988,,NIFTY,,2025-12-24,2025-12-24,19000.0,PE,NIFTY25DEC19000PE,104.0,104.0,94.0,96.5,98.0,105.0,23813.4,96.5,9125,-225,8,11459625.0,7,F1,75,,,,,
2024-12-27,2024-12-27,FO,NSE,IDO,54991,,NIFTY,,2025-01-23,2025-01-23,23750.0,CE,NIFTY2512323750CE,0.0,0.0,0.0,682.3,0.0,682.3,23813.4,447.4,0,0,0,0.0,0,F1,75,,,,,
2024-12-27,2024-12-27,FO,NSE,IDO,52643,,NIFTY,,2025-01-16,2025-01-16,23750.0,CE,NIFTY2511623750CE,403.8,452.9,395.6,396.15,396.15,384.4,23813.4,396.15,825,150,15,27177093.75,9,F1,75,,,,,
2024-12-27,2024-12-27,FO,NSE,IDO,55065,,NIFTY,,2025-01-23,2025-01-23,24950.0,CE,NIFTY2512324950CE,0.0,0.0,0.0,61.75,61.75,61.75,23813.4,58.15,375,0,0,0.0,0,F1,75,,,,,
2024-12-27,2024-12-27,FO,NSE,IDO,52602,,NIFTY,,2025-01-02,2025-01-02,24950.0,PE,NIFTY2510224950PE,0.0,0.0,0.0,1152.45,1152.45,1152.45,23813.4,1109.5,3600,0,0,0.0,0,F1,75,,,,,
2024-12-27,2024-12-27,FO,NSE,IDO,89623,,NIFTY,,2029-06-28,2029-06-28,20000.0,PE,NIFTY29JUN20000PE,0.0,0.0,0.0,236.95,0.0,236.95,23813.4,107.2,0,0,0,0.0,0,F1,75,,,,,
2024-12-27,2024-12-27,FO,NSE,IDO,67775,,NIFTY,,2028-12-28,2028-12-28,20000.0,PE,NIFTY28DEC20000PE,0.0,0.0,0.0,370.0,370.0,370.0,23813.4,108.85,875,0,0,0.0,0,F1,75,,,,,
2024-12-27,2024-12-27,FO,NSE,IDO,52615,,NIFTY,,2025-01-02,2025-01-02,25250.0,CE,NIFTY2510225250CE,2.05,2.15,1.15,1.3,1.2,1.95,23813.4,1.3,145575,85050,19487,36905614421.25,8532,F1,75,,,,,
2024-12-27,2024-12-27,FO,NSE,IDO,55086,,NIFTY,,2025-01-23,2025-01-23,25250.0,PE,NIFTY2512325250PE,0.0,0.0,0.0,1243.4,0.0,1243.4,23813.4,1340.25,0,0,0,0.0,0,F1,75,,,,,
2024-12-27,2024-12-27,FO,NSE,IDO,57635,,NIFTY,,2025-02-27,2025-02-27,24850.0,CE,NIFTY25FEB24850CE,0.0,0.0,0.0,212.0,212.0,212.0,23813.4,244.3,225,0,0,0.0,0,F1,75,,,,,
2024-12-27,2024-12-27,FO,NSE,IDO,52621,,NIFTY,,2025-01-02,2025-01-02,25350.0,PE,NIFTY2510225350PE,0.0,0.0,0.0,1842.65,0.0,1842.65,23813.4,1508.5,0,0,0,0.0,0,F1,75,,,,,
2024-12-27,2024-12-27,FO,NSE,IDO,52853,,NIFTY,,2025-01-16,2025-01-16,25100.0,PE,NIFTY2511625100PE,0.0,0.0,0.0,706.95,0.0,706.95,23813.4,1214.6,0,0,0,0.0,0,F1,75,,,,,
2024-12-27,2024-12-27,FO,NSE,IDO,48177,,NIFTY,,2025-01-09,2025-01-09,25100.0,CE,NIFTY2510925100CE,7.0,7.0,3.75,4.1,3.85,6.65,23813.4,4.1,134700,66225,3454,6503411373.75,1482,F1,75,,,,,
2024-12-27,2024-12-27,FO,NSE,IDO,46358,,NIFTY,,2025-01-30,2025-01-30,24200.0,CE,NIFTY25JAN24200CE,279.85,339.6,264.65,272.6,278.4,268.55,23813.4,272.6,591950,97950,31289,19165393313.75,11156,F1,25,,,,,
2024-12-27,2024-12-27,FO,NSE,IDO,55060,,NIFTY,,2025-03-27,2025-03-27,24200.0,CE,NIFTY25MAR24200CE,0.0,0.0,0.0,763.3,0.0,763.3,23813.4,645.95,0,0,0,0.0,0,F1,75,,,,,
2024-12-27,2024-12-27,FO,NSE,IDO,52546,,NIFTY,,2025-01-02,2025-01-02,24200.0,CE,NIFTY2510224200CE,48.0,66.0,24.4,26.25,28.15,42.25,23813.4,26.25,5241075,3179475,777640,1413914284593.75,335968,F1,75,,,,,
2024-12-27,2024-12-27,FO,NSE,IDO,52514,,NIFTY,,2025-01-16,2025-01-16,22850.0,PE,NIFTY2511622850PE,35.9,38.0,27.5,38.0,38.0,30.1,23813.4,38.0,900,900,14,24030105.0,4,F1,75,,,,,
2024-12-27,2024-12-27,FO,NSE,IDO,52573,,NIFTY,,2025-01-16,2025-01-16,23400.0,CE,NIFTY2511623400CE,642.0,642.0,642.0,642.0,642.0,610.0,23813.4,642.0,2025,-225,3,5409450.0,1,F1,75,,,,,
2024-12-27,2024-12-27,FO,NSE,IDO,51123,,NIFTY,,2025-03-27,2025-03-27,23400.0,PE,NIFTY25MAR23400PE,0.0,0.0,0.0,432.5,0.0,432.5,23813.4,308.25,0,0,0,0.0,0,F1,75,,,,,
2024-12-27,2024-12-27,FO,NSE,IDO,52627,,NIFTY,,2025-01-02,2025-01-02,25450.0,CE,NIFTY2510225450CE,1.8,2.05,1.05,1.15,1.1,1.8,23813.4,1.15,190350,159675,17327,33074525988.75,6548,F1,75,,,,,
2024-12-27,2024-12-27,FO,NSE,IDO,56882,,NIFTY,,2025-03-27,2025-03-27,25450.0,CE,NIFTY25MAR25450CE,0.0,0.0,0.0,320.5,0.0,320.5,23813.4,219.4,0,0,0,0.0,0,F1,75,,,,,
2024-12-27,2024-12-27,FO,NSE,IDO,48196,,NIFTY,,2025-01-09,2025-01-09,25450.0,PE,NIFTY2510925450PE,0.0,0.0,0.0,837.1,0.0,837.1,23813.4,1576.75,0,0,0,0.0,0,F1,75,,,,,
2024-12-27,2024-12-27,FO,NSE,IDO,52846,,NIFTY,,2025-01-16,2025-01-16,24950.0,CE,NIFTY2511624950CE,25.6,25.6,16.6,18.6,18.6,25.5,23813.4,18.6,3150,-675,58,108619065.0,17,F1,75,,,,,
2024-12-27,2024-12-27,FO,NSE,IDO,61410,,NIFTY,,2029-12-27,2029-12-27,20000.0,CE,NIFTY29DEC20000CE,0.0,0.0,0.0,10081.1,0.0,10081.1,23813.4,9649.25,0,0,0,0.0,0,F1,75,,,,,
2024-12-27,2024-12-27,FO,NSE,IDO,86144,,NIFTY,,2028-06-29,2028-06-29,20000.0,PE,NIFTY28JUN20000PE,0.0,0.0,0.0,400.0,400.0,400.0,23813.4,108.7,0,0,0,0.0,0,F1,75,,,,,
2024-12-27,2024-12-27,FO,NSE,IDO,48172,,NIFTY,,2025-01-09,2025-01-09,24950.0,PE,NIFTY2510924950PE,0.0,0.0,0.0,535.25,0.0,535.25,23813.4,1087.35,0,0,0,0.0,0,F1,75,,,,,
2024-12-27,2024-12-27,FO,NSE,IDO,38164,,NIFTY,,2027-12-30,2027-12-30,29000.0,CE,NIFTY27DEC29000CE,0.0,0.0,0.0,1932.55,0.0,1932.55,23813.4,2294.9,0,0,0,0.0,0,F1,75,,,,,
2024-12-27,2024-12-27,FO,NSE,IDO,38159,,NIFTY,,2026-12-31,2026-12-31,29000.0,PE,NIFTY26DEC29000PE,0.0,0.0,0.0,5042.25,0.0,5042.25,23813.4,2729.25,0,0,0,0.0,0,F1,75,,,,,
2024-12-27,2024-12-27,FO,NSE,IDO,38150,,NIFTY,,2025-06-26,2025-06-26,29000.0,CE,NIFTY25JUN29000CE,41.95,46.5,40.0,41.3,41.85,38.5,23813.4,41.3,51425,3675,89,193861102.5,54,F1,75,,,,,
2024-12-27,2024-12-27,FO,NSE,IDO,38157,,NIFTY,,2026-06-25,2026-06-25,29000.0,PE,NIFTY26JUN29000PE,0.0,0.0,0.0,5546.1,0.0,5546.1,23813.4,3125.4,0,0,0,0.0,0,F1,75,,,,,
2024-12-27,2024-12-27,FO,NSE,IDO,53979,,NIFTY,,2025-03-27,2025-03-27,23800.0,PE,NIFTY25MAR23800PE,0.0,0.0,0.0,588.35,0.0,588.35,23813.4,451.65,0,0,0,0.0,0,F1,75,,,,,
2024-12-27,2024-12-27,FO,NSE,IDO,48106,,NIFTY,,2025-01-09,2025-01-09,23800.0,CE,NIFTY2510923800CE,299.0,369.25,268.0,280.0,284.6,276.5,23813.4,280.0,423750,93900,17479,31603675698.75,10554,F1,75,,,,,
2024-12-27,2024-12-27,FO,NSE,IDO,45874,,NIFTY,,2025-12-24,2025-12-24,17000.0,PE,NIFTY25DEC17000PE,56.8,56.8,56.0,56.3,56.0,40.15,23813.4,56.3,2850,150,3,3837660.0,2,F1,75,,,,,
2024-12-27,2024-12-27,FO,NSE,IDO,57593,,NIFTY,,2025-02-27,2025-02-27,23800.0,CE,NIFTY25FEB23800CE,735.75,800.0,706.0,716.15,718.0,698.75,23813.4,716.15,32250,5925,309,568874902.5,216,F1,75,,,,,
2024-12-27,2024-12-27,FO,NSE,IDO,48107,,NIFTY,,2025-01-09,2025-01-09,23800.0,PE,NIFTY2510923800PE,238.2,238.2,141.9,174.1,172.0,238.2,23813.4,174.1,481425,144000,23070,41476035363.75,13816,F1,75,,,,,
2024-12-27,2024-12-27,FO,NSE,IDO,46327,,NIFTY,,2025-01-30,2025-01-30,23800.0,PE,NIFTY25JAN23800PE,344.0,344.0,247.15,294.25,290.0,346.85,23813.4,294.25,2035975,87750,87256,52533883136.25,30550,F1,25,,,,,
2024-12-27,2024-12-27,FO,NSE,IDO,48088,,NIFTY,,2025-01-09,2025-01-09,23350.0,CE,NIFTY2510923350CE,627.0,720.0,627.0,714.65,714.65,585.0,23813.4,584.35,3975,-225,40,72171911.25,9,F1,75,,,,,
2024-12-27,2024-12-27,FO,NSE,IDO,55653,,NIFTY,,2025-02-27,2025-02-27,23350.0,CE,NIFTY25FEB23350CE,0.0,0.0,0.0,1358.4,0.0,1358.4,23813.4,966.55,0,0,0,0.0,0,F1,75,,,,,
2024-12-27,2024-12-27,FO,NSE,IDO,52472,,NIFTY,,2025-01-02,2025-01-02,23350.0,PE,NIFTY2510223350PE,40.9,45.3,14.75,18.45,17.55,47.5,23813.4,18.45,731550,351300,214225,375502767491.25,71023,F1,75,,,,,
2024-12-27,2024-12-27,FO,NSE,IDO,54939,,NIFTY,,2025-01-23,2025-01-23,23350.0,CE,NIFTY2512323350CE,0.0,0.0,0.0,950.75,0.0,950.75,23813.4,710.5,0,0,0,0.0,0,F1,75,,,,,
2024-12-27,2024-12-27,FO,NSE,IDO,48089,,NIFTY,,2025-01-09,2025-01-09,23350.0,PE,NIFTY2510923350PE,77.25,83.65,49.0,58.25,57.2,92.9,23813.4,58.25,43050,32175,1950,3423612000.0,995,F1,75,,,,,
2024-12-27,2024-12-27,FO,NSE,IDO,46565,,NIFTY,,2025-01-30,2025-01-30,26000.0,PE,NIFTY25JAN26000PE,2014.3,2014.3,1861.55,1992.45,1980.3,2058.05,23813.4,1992.45,975925,10125,3128,2184386590.0,1510,F1,25,,,,,
2024-12-27,2024-12-27,FO,NSE,IDO,89634,,NIFTY,,2029-06-28,2029-06-28,26000.0,CE,NIFTY29JUN26000CE,0.0,0.0,0.0,7052.2,0.0,7052.2,23813.4,5430.15,0,0,0,0.0,0,F1,75,,,,,
2024-12-27,2024-12-27,FO,NSE,IDO,71384,,NIFTY,,2025-06-26,2025-06-26,26000.0,PE,NIFTY25JUN26000PE,1624.0,1645.0,1516.3,1616.05,1612.0,1661.9,23813.4,1616.05,79850,2775,129,266697397.5,101,F1,75,,,,,
2024-12-27,2024-12-27,FO,NSE,IDO,71399,,NIFTY,,2025-12-24,2025-12-24,26000.0,CE,NIFTY25DEC26000CE,1021.0,1049.0,994.2,1006.0,1010.0,990.55,23813.4,1006.0,103325,4175,226,458011151.25,169,F1,75,,,,,
2024-12-27,2024-12-27,FO,NSE,IDO,61779,,NIFTY,,2029-12-27,2029-12-27,26000.0,PE,NIFTY29DEC26000PE,0.0,0.0,0.0,969.6,0.0,969.6,23813.4,729.95,0,0,0,0.0,0,F1,75,,,,,
2024-12-27,2024-12-27,FO,NSE,IDO,52654,,NIFTY,,2025-01-02,2025-01-02,26000.0,PE,NIFTY2510226000PE,2154.55,2154.55,2014.95,2129.35,2112.0,2185.05,23813.4,2129.35,161775,8325,192,404611087.5,117,F1,75,,,,,
2024-12-27,2024-12-27,FO,NSE,IDO,86162,,NIFTY,,2028-06-29,2028-06-29,26000.0,PE,NIFTY28JUN26000PE,0.0,0.0,0.0,2370.3,0.0,2370.3,23813.4,964.3,0,0,0,0.0,0,F1,75,,,,,
2024-12-27,2024-12-27,FO,NSE,IDO,53628,,NIFTY,,2027-12-30,2027-12-30,26000.0,CE,NIFTY27DEC26000CE,0.0,0.0,0.0,3162.4,0.0,3162.4,23813.4,3650.35,0,0,0,0.0,0,F1,75,,,,,
2024-12-27,2024-12-27,FO,NSE,IDO,61778,,NIFTY,,2029-12-27,2029-12-27,26000.0,CE,NIFTY29DEC26000CE,0.0,0.0,0.0,6686.95,0.0,6686.95,23813.4,5994.45,0,0,0,0.0,0,F1,75,,,,,
2024-12-27,2024-12-27,FO,NSE,IDO,52892,,NIFTY,,2025-01-16,2025-01-16,26000.0,CE,NIFTY2511626000CE,6.35,6.35,3.6,4.1,3.75,5.4,23813.4,4.1,44250,-6150,1530,2984026507.5,524,F1,75,,,,,
2024-12-27,2024-12-27,FO,NSE,IDO,57685,,NIFTY,,2025-02-27,2025-02-27,26050.0,CE,NIFTY25FEB26050CE,43.8,43.8,37.5,42.0,42.0,43.8,23813.4,50.65,1725,1275,32,62617222.5,15,F1,75,,,,,
2024-12-27,2024-12-27,FO,NSE,IDO,57687,,NIFTY,,2025-02-27,2025-02-27,26100.0,CE,NIFTY25FEB26100CE,36.5,36.8,30.5,31.0,31.1,35.9,23813.4,31.0,9750,450,94,184237743.75,45,F1,75,,,,,
2024-12-27,2024-12-27,FO,NSE,IDO,52552,,NIFTY,,2025-01-02,2025-01-02,24300.0,CE,NIFTY2510224300CE,28.05,40.0,13.15,14.0,14.6,26.1,23813.4,14.0,3342075,1474350,574217,1047590442191.25,220564,F1,75,,,,,
2024-12-27,2024-12-27,FO,NSE,IDO,55021,,NIFTY,,2025-01-23,2025-01-23,24300.0,CE,NIFTY2512324300CE,0.0,0.0,0.0,397.5,0.0,397.5,23813.4,200.0,0,0,0,0.0,0,F1,75,,,,,
2024-12-27,2024-12-27,FO,NSE,IDO,52622,,NIFTY,,2025-01-02,2025-01-02,25400.0,CE,NIFTY2510225400CE,1.6,1.95,1.05,1.2,1.1,1.8,23813.4,1.2,725550,342675,35920,68431110652.5,9614,F1,75,,,,,
2024-12-27,2024-12-27,FO,NSE,IDO,52606,,NIFTY,,2025-01-02,2025-01-02,25050.0,PE,NIFTY2510225050PE,0.0,0.0,0.0,1153.0,1153.0,1153.0,23813.4,1209.1,75,0,0,0.0,0,F1,75,,,,,
2024-12-27,2024-12-27,FO,NSE,IDO,48176,,NIFTY,,2025-01-09,2025-01-09,25050.0,PE,NIFTY2510925050PE,1147.5,1147.5,1122.3,1122.3,1122.3,589.6,23813.4,1122.3,75,75,2,3927735.0,2,F1,75,,,,,
2024-12-27,2024-12-27,FO,NSE,IDO,52899,,NIFTY,,2025-01-16,2025-01-16,26150.0,PE,NIFTY2511626150PE,0.0,0.0,0.0,1503.5,0.0,1503.5,23813.4,2240.6,0,0,0,0.0,0,F1,75,,,,,
2024-12-27,2024-12-27,FO,NSE,IDO,57690,,NIFTY,,2025-02-27,2025-02-27,26150.0,PE,NIFTY25FEB26150PE,0.0,0.0,0.0,1981.75,0.0,1981.75,23813.4,2082.05,0,0,0,0.0,0,F1,75,,,,,
2024-12-27,2024-12-27,FO,NSE,IDO,86151,,NIFTY,,2028-06-29,2028-06-29,24000.0,CE,NIFTY28JUN24000CE,0.0,0.0,0.0,3918.85,0.0,3918.85,23813.4,5409.9,0,0,0,0.0,0,F1,75,,,,,
2024-12-27,2024-12-27,FO,NSE,IDO,57677,,NIFTY,,2025-02-27,2025-02-27,25850.0,CE,NIFTY25FEB25850CE,55.65,55.65,43.8,45.3,46.45,276.8,23813.4,45.3,2025,2025,46,89359391.25,18,F1,75,,,,,
2024-12-27,2024-12-27,FO,NSE,IDO,48211,,NIFTY,,2025-01-09,2025-01-09,25850.0,CE,NIFTY2510925850CE,2.5,3.0,2.35,2.5,2.45,3.2,23813.4,2.5,6450,-6000,453,878348332.5,149,F1,75,,,,,
2024-12-27,2024-12-27,FO,NSE,IDO,52886,,NIFTY,,2025-01-16,2025-01-16,25850.0,PE,NIFTY2511625850PE,0.0,0.0,0.0,1251.0,0.0,1251.0,23813.4,1942.9,0,0,0,0.0,0,F1,75,,,,,
2024-12-27,2024-12-27,FO,NSE,IDO,52885,,NIFTY,,2025-01-16,2025-01-16,25850.0,CE,NIFTY2511625850CE,0.0,0.0,0.0,80.4,80.4,80.4,23813.4,1.75,225,0,0,0.0,0,F1,75,,,,,
2024-12-27,2024-12-27,FO,NSE,IDO,46535,,NIFTY,,2025-01-30,2025-01-30,25850.0,PE,NIFTY25JAN25850PE,0.0,0.0,0.0,1306.15,1306.15,1306.15,23813.4,1888.1,50,0,0,0.0,0,F1,25,,,,,
2024-12-27,2024-12-27,FO,NSE,IDO,57678,,NIFTY,,2025-02-27,2025-02-27,25850.0,PE,NIFTY25FEB25850PE,0.0,0.0,0.0,1227.6,1227.6,1227.6,23813.4,1809.75,75,0,0,0.0,0,F1,75,,,,,
2024-12-27,2024-12-27,FO,NSE,IDO,48213,,NIFTY,,2025-01-09,2025-01-09,25850.0,PE,NIFTY2510925850PE,0.0,0.0,0.0,1128.55,0.0,1128.55,23813.4,1974.7,0,0,0,0.0,0,F1,75,,,,,
2024-12-27,2024-12-27,FO,NSE,IDO,52655,,NIFTY,,2025-01-02,2025-01-02,26050.0,CE,NIFTY2510226050CE,1.75,1.75,0.9,1.05,0.9,1.75,23813.4,1.05,301575,57075,11304,22086147206.25,2934,F1,75,,,,,
2024-12-27,2024-12-27,FO,NSE,IDO,67777,,NIFTY,,2028-12-28,2028-12-28,21000.0,PE,NIFTY28DEC21000PE,0.0,0.0,0.0,500.0,500.0,500.0,23813.4,169.25,1000,0,0,0.0,0,F1,75,,,,,
2024-12-27,2024-12-27,FO,NSE,IDO,71554,,NIFTY,,2027-06-24,2027-06-24,21000.0,PE,NIFTY27JUN21000PE,0.0,0.0,0.0,500.0,500.0,500.0,23813.4,170.55,200,0,0,0.0,0,F1,75,,,,,
2024-12-27,2024-12-27,FO,NSE,IDO,64561,,NIFTY,,2025-03-27,2025-03-27,21000.0,PE,NIFTY25MAR21000PE,41.05,41.05,31.95,33.95,33.7,41.45,23813.4,33.95,402325,10775,1149,1812651146.25,605,F1,75,,,,,
2024-12-27,2024-12-27,FO,NSE,IDO,48221,,NIFTY,,2025-01-09,2025-01-09,26050.0,CE,NIFTY2510926050CE,2.4,3.35,2.0,2.15,2.35,3.25,23813.4,2.15,3150,-2625,108,211025268.75,33,F1,75,,,,,
2024-12-27,2024-12-27,FO,NSE,IDO,52895,,NIFTY,,2025-01-16,2025-01-16,26050.0,PE,NIFTY2511626050PE,0.0,0.0,0.0,1417.6,0.0,1417.6,23813.4,2141.25,0,0,0,0.0,0,F1,75,,,,,
2024-12-27,2024-12-27,FO,NSE,IDO,51450,,NIFTY,,2025-06-26,2025-06-26,21000.0,PE,NIFTY25JUN21000PE,96.0,96.0,84.2,91.0,92.0,96.55,23813.4,91.0,47550,1050,163,257821320.0,112,F1,75,,,,,
2024-12-27,2024-12-27,FO,NSE,IDO,51452,,NIFTY,,2025-12-24,2025-12-24,21000.0,PE,NIFTY25DEC21000PE,185.05,215.35,185.05,206.55,205.0,219.5,23813.4,206.55,59000,3075,66,104956230.0,42,F1,75,,,,,
2024-12-27,2024-12-27,FO,NSE,IDO,51455,,NIFTY,,2026-06-25,2026-06-25,21000.0,PE,NIFTY26JUN21000PE,0.0,0.0,0.0,3065.6,0.0,3065.6,23813.4,138.6,0,0,0,0.0,0,F1,75,,,,,
2024-12-27,2024-12-27,FO,NSE,IDO,52656,,NIFTY,,2025-01-02,2025-01-02,26050.0,PE,NIFTY2510226050PE,0.0,0.0,0.0,2266.3,2266.3,2266.3,23813.4,2207.7,750,0,0,0.0,0,F1,75,,,,,
2024-12-27,2024-12-27,FO,NSE,IDO,61659,,NIFTY,,2029-12-27,2029-12-27,21000.0,CE,NIFTY29DEC21000CE,0.0,0.0,0.0,9463.95,0.0,9463.95,23813.4,8987.85,0,0,0,0.0,0,F1,75,,,,,
2024-12-27,2024-12-27,FO,NSE,IDO,46495,,NIFTY,,2025-01-30,2025-01-30,25650.0,PE,NIFTY25JAN25650PE,0.0,0.0,0.0,1750.0,1750.0,1750.0,23813.4,1697.25,850,0,0,0.0,0,F1,25,,,,,
2024-12-27,2024-12-27,FO,NSE,IDO,55108,,NIFTY,,2025-01-23,2025-01-23,25650.0,PE,NIFTY2512325650PE,0.0,0.0,0.0,1585.75,0.0,1585.75,23813.4,1719.45,0,0,0,0.0,0,F1,75,,,,,
2024-12-27,2024-12-27,FO,NSE,IDO,57670,,NIFTY,,2025-02-27,2025-02-27,25650.0,PE,NIFTY25FEB25650PE,0.0,0.0,0.0,1064.7,1064.7,1064.7,23813.4,1634.0,75,0,0,0.0,0,F1,75,,,,,
2024-12-27,2024-12-27,FO,NSE,IDO,46459,,NIFTY,,2025-01-30,2025-01-30,25250.0,CE,NIFTY25JAN25250CE,39.6,42.3,30.25,31.1,32.1,35.5,23813.4,31.1,262275,38275,6405,4048598255.0,2058,F1,25,,,,,
2024-12-27,2024-12-27,FO,NSE,IDO,46409,,NIFTY,,2025-01-30,2025-01-30,24850.0,PE,NIFTY25JAN24850PE,857.0,918.3,821.2,918.3,918.3,999.75,23813.4,918.3,10450,0,8,5142121.25,8,F1,25,,,,,
2024-12-27,2024-12-27,FO,NSE,IDO,56567,,NIFTY,,2025-03-27,2025-03-27,24850.0,PE,NIFTY25MAR24850PE,0.0,0.0,0.0,1148.3,0.0,1148.3,23813.4,1008.85,0,0,0,0.0,0,F1,75,,,,,
2024-12-27,2024-12-27,FO,NSE,IDO,46352,,NIFTY,,2025-01-30,2025-01-30,24050.0,CE,NIFTY25JAN24050CE,364.0,419.5,334.45,342.05,347.45,335.3,23813.4,342.05,58500,18750,3792,2315383832.5,1291,F1,25,,,,,
2024-12-27,2024-12-27,FO,NSE,IDO,54726,,NIFTY,,2025-03-27,2025-03-27,24050.0,PE,NIFTY25MAR24050PE,0.0,0.0,0.0,702.0,0.0,702.0,23813.4,560.55,0,0,0,0.0,0,F1,75,,,,,
2024-12-27,2024-12-27,FO,NSE,IDO,52695,,NIFTY,,2025-01-16,2025-01-16,24050.0,CE,NIFTY2511624050CE,252.0,255.0,220.5,225.15,225.75,236.0,23813.4,225.15,1575,975,28,50993073.75,19,F1,75,,,,,
2024-12-27,2024-12-27,FO,NSE,IDO,52696,,NIFTY,,2025-01-16,2025-01-16,24050.0,PE,NIFTY2511624050PE,369.45,369.45,369.45,369.45,369.45,320.25,23813.4,382.15,300,300,4,7325835.0,1,F1,75,,,,,
2024-12-27,2024-12-27,FO,NSE,IDO,57603,,NIFTY,,2025-02-27,2025-02-27,24050.0,CE,NIFTY25FEB24050CE,619.85,640.35,587.55,587.55,587.55,538.0,23813.4,549.55,600,525,8,14806447.5,8,F1,75,,,,,
2024-12-27,2024-12-27,FO,NSE,IDO,58637,,NIFTY,,2026-12-31,2026-12-31,16000.0,PE,NIFTY26DEC16000PE,0.0,0.0,0.0,23.3,23.3,23.3,23813.4,2.9,2425,0,0,0.0,0,F1,75,,,,,
2024-12-27,2024-12-27,FO,NSE,IDO,50462,,NIFTY,,2026-06-25,2026-06-25,16000.0,PE,NIFTY26JUN16000PE,0.0,0.0,0.0,21.25,21.25,21.25,23813.4,1.15,1225,0,0,0.0,0,F1,75,,,,,
2024-12-27,2024-12-27,FO,NSE,IDO,58636,,NIFTY,,2026-12-31,2026-12-31,16000.0,CE,NIFTY26DEC16000CE,0.0,0.0,0.0,6200.0,6200.0,6200.0,23813.4,9847.2,50,0,0,0.0,0,F1,75,,,,,
2024-12-27,2024-12-27,FO,NSE,IDO,49177,,NIFTY,,2025-12-24,2025-12-24,16000.0,CE,NIFTY25DEC16000CE,0.0,0.0,0.0,7200.0,7200.0,7200.0,23813.4,8849.65,50,0,0,0.0,0,F1,75,,,,,
2024-12-27,2024-12-27,FO,NSE,IDO,52657,,NIFTY,,2025-01-02,2025-01-02,26100.0,CE,NIFTY2510226100CE,1.7,1.7,0.95,1.0,1.0,1.7,23813.4,1.0,1394325,158100,54405,106502564827.5,9225,F1,75,,,,,
2024-12-27,2024-12-27,FO,NSE,IDO,52896,,NIFTY,,2025-01-16,2025-01-16,26100.0,CE,NIFTY2511626100CE,0.0,0.0,0.0,26.1,26.1,26.1,23813.4,0.65,225,0,0,0.0,0,F1,75,,,,,
2024-12-27,2024-12-27,FO,NSE,IDO,46362,,NIFTY,,2025-01-30,2025-01-30,24300.0,CE,NIFTY25JAN24300CE,229.0,290.15,223.65,230.1,235.0,227.75,23813.4,230.1,343650,47450,21248,13043268853.75,8100,F1,25,,,,,
2024-12-27,2024-12-27,FO,NSE,IDO,52867,,NIFTY,,2025-01-16,2025-01-16,25400.0,PE,NIFTY2511625400PE,0.0,0.0,0.0,907.1,0.0,907.1,23813.4,1501.1,0,0,0,0.0,0,F1,75,,,,,
2024-12-27,2024-12-27,FO,NSE,IDO,52723,,NIFTY,,2025-01-16,2025-01-16,24300.0,PE,NIFTY2511624300PE,0.0,0.0,0.0,576.0,576.0,576.0,23813.4,542.85,450,0,0,0.0,0,F1,75,,,,,
2024-12-27,2024-12-27,FO,NSE,IDO,48140,,NIFTY,,2025-01-09,2025-01-09,24300.0,PE,NIFTY2510924300PE,493.55,496.45,380.0,452.9,450.55,537.65,23813.4,452.9,30375,3900,611,1133245158.75,416,F1,75,,,,,
2024-12-27,2024-12-27,FO,NSE,IDO,48139,,NIFTY,,2025-01-09,2025-01-09,24300.0,CE,NIFTY2510924300CE,89.95,108.2,61.55,64.25,67.3,79.65,23813.4,64.25,349425,189300,16148,29526213765.0,8828,F1,75,,,,,
2024-12-27,2024-12-27,FO,NSE,IDO,55022,,NIFTY,,2025-01-23,2025-01-23,24300.0,PE,NIFTY2512324300PE,0.0,0.0,0.0,576.3,0.0,576.3,23813.4,565.55,0,0,0,0.0,0,F1,75,,,,,
2024-12-27,2024-12-27,FO,NSE,IDO,55197,,NIFTY,,2025-03-27,2025-03-27,24300.0,CE,NIFTY25MAR24300CE,625.0,625.0,625.0,625.0,625.0,717.05,23813.4,598.95,75,75,1,1869375.0,1,F1,75,,,,,
2024-12-27,2024-12-27,FO,NSE,IDO,57613,,NIFTY,,2025-02-27,2025-02-27,24300.0,CE,NIFTY25FEB24300CE,439.0,505.0,426.9,436.8,445.0,426.9,23813.4,436.8,26850,7950,436,809872811.25,231,F1,75,,,,,
2024-12-27,2024-12-27,FO,NSE,IDO,56884,,NIFTY,,2025-03-27,2025-03-27,25500.0,CE,NIFTY25MAR25500CE,200.0,202.0,175.45,179.45,179.05,308.4,23813.4,179.45,18000,18000,422,812981591.25,237,F1,75,,,,,
2024-12-27,2024-12-27,FO,NSE,IDO,64690,,NIFTY,,2025-09-25,2025-09-25,23000.0,CE,NIFTY25SEP23000CE,0.0,0.0,0.0,5026.1,0.0,5026.1,23813.4,2306.25,0,0,0,0.0,0,F1,75,,,,,
2024-12-27,2024-12-27,FO,NSE,IDO,64691,,NIFTY,,2025-09-25,2025-09-25,23000.0,PE,NIFTY25SEP23000PE,0.0,0.0,0.0,195.15,0.0,195.15,23813.4,364.55,0,0,0,0.0,0,F1,75,,,,,
2024-12-27,2024-12-27,FO,NSE,IDO,52872,,NIFTY,,2025-01-16,2025-01-16,25550.0,CE,NIFTY2511625550CE,8.5,8.5,7.0,7.0,7.0,11.5,23813.4,5.05,6675,75,7,13417537.5,3,F1,75,,,,,
2024-12-27,2024-12-27,FO,NSE,IDO,52873,,NIFTY,,2025-01-16,2025-01-16,25550.0,PE,NIFTY2511625550PE,0.0,0.0,0.0,1017.4,0.0,1017.4,23813.4,1647.3,0,0,0,0.0,0,F1,75,,,,,
2024-12-27,2024-12-27,FO,NSE,IDO,57666,,NIFTY,,2025-02-27,2025-02-27,25550.0,PE,NIFTY25FEB25550PE,0.0,0.0,0.0,1109.35,1109.35,1109.35,23813.4,1548.2,75,0,0,0.0,0,F1,75,,,,,
2024-12-27,2024-12-27,FO,NSE,IDO,48018,,NIFTY,,2025-01-09,2025-01-09,21900.0,PE,NIFTY2510921900PE,5.7,5.7,3.1,3.3,3.1,4.25,23813.4,3.3,8550,4725,410,673539663.75,301,F1,75,,,,,
2024-12-27,2024-12-27,FO,NSE,IDO,55596,,NIFTY,,2025-02-27,2025-02-27,21900.0,PE,NIFTY25FEB21900PE,0.0,0.0,0.0,86.4,0.0,86.4,23813.4,23.0,0,0,0,0.0,0,F1,75,,,,,
2024-12-27,2024-12-27,FO,NSE,IDO,48092,,NIFTY,,2025-01-09,2025-01-09,23450.0,CE,NIFTY2510923450CE,600.0,648.0,511.6,517.55,529.0,505.5,23813.4,517.55,3600,900,126,227125207.5,32,F1,75,,,,,
2024-12-27,2024-12-27,FO,NSE,IDO,52495,,NIFTY,,2025-01-02,2025-01-02,23450.0,PE,NIFTY2510223450PE,56.25,56.8,22.1,27.75,25.7,65.35,23813.4,27.75,1426275,1067775,244455,430493477392.5,98674,F1,75,,,,,
2024-12-27,2024-12-27,FO,NSE,IDO,48208,,NIFTY,,2025-01-09,2025-01-09,25750.0,PE,NIFTY2510925750PE,0.0,0.0,0.0,1053.0,0.0,1053.0,23813.4,1875.05,0,0,0,0.0,0,F1,75,,,,,
2024-12-27,2024-12-27,FO,NSE,IDO,46992,,NIFTY,,2025-03-27,2025-03-27,22400.0,PE,NIFTY25MAR22400PE,124.95,126.35,112.1,125.65,112.1,172.0,23813.4,125.65,7500,7500,246,415531428.75,87,F1,75,,,,,
2024-12-27,2024-12-27,FO,NSE,IDO,43240,,NIFTY,,2025-01-30,2025-01-30,22400.0,PE,NIFTY25JAN22400PE,45.95,47.35,33.55,35.8,36.1,49.7,23813.4,35.8,231700,-13575,20940,11745426480.0,7569,F1,25,,,,,
2024-12-27,2024-12-27,FO,NSE,IDO,54718,,NIFTY,,2025-01-23,2025-01-23,22400.0,PE,NIFTY2512322400PE,0.0,0.0,0.0,36.3,0.0,36.3,23813.4,12.3,0,0,0,0.0,0,F1,75,,,,,
2024-12-27,2024-12-27,FO,NSE,IDO,48179,,NIFTY,,2025-01-09,2025-01-09,25150.0,CE,NIFTY2510925150CE,5.55,5.55,3.3,3.6,3.5,5.55,23813.4,3.6,25575,8475,647,1220608747.5,412,F1,75,,,,,
2024-12-27,2024-12-27,FO,NSE,IDO,52857,,NIFTY,,2025-01-16,2025-01-16,25150.0,PE,NIFTY2511625150PE,0.0,0.0,0.0,738.5,0.0,738.5,23813.4,1261.6,0,0,0,0.0,0,F1,75,,,,,
2024-12-27,2024-12-27,FO,NSE,IDO,48020,,NIFTY,,2025-01-09,2025-01-09,21950.0,PE,NIFTY2510921950PE,4.0,5.0,3.55,3.65,3.65,2.6,23813.4,3.65,4800,4800,418,688262141.25,203,F1,75,,,,,
2024-12-27,2024-12-27,FO,NSE,IDO,55597,,NIFTY,,2025-02-27,2025-02-27,21950.0,CE,NIFTY25FEB21950CE,0.0,0.0,0.0,2451.75,0.0,2451.75,23813.4,2139.05,0,0,0,0.0,0,F1,75,,,,,
2024-12-27,2024-12-27,FO,NSE,IDO,46988,,NIFTY,,2025-03-27,2025-03-27,22350.0,CE,NIFTY25MAR22350CE,0.0,0.0,0.0,1967.0,0.0,1967.0,23813.4,1920.7,0,0,0,0.0,0,F1,75,,,,,
2024-12-27,2024-12-27,FO,NSE,IDO,52470,,NIFTY,,2025-01-16,2025-01-16,22350.0,CE,NIFTY2511622350CE,0.0,0.0,0.0,2364.3,0.0,2364.3,23813.4,1550.45,0,0,0,0.0,0,F1,75,,,,,
2024-12-27,2024-12-27,FO,NSE,IDO,54693,,NIFTY,,2025-01-23,2025-01-23,21950.0,PE,NIFTY2512321950PE,0.0,0.0,0.0,13.55,0.0,13.55,23813.4,2.7,0,0,0,0.0,0,F1,75,,,,,
2024-12-27,2024-12-27,FO,NSE,IDO,52399,,NIFTY,,2025-01-02,2025-01-02,22250.0,CE,NIFTY2510222250CE,0.0,0.0,0.0,1383.0,0.0,1383.0,23813.4,1588.1,0,0,0,0.0,0,F1,75,,,,,
2024-12-27,2024-12-27,FO,NSE,IDO,52439,,NIFTY,,2025-01-16,2025-01-16,22250.0,CE,NIFTY2511622250CE,0.0,0.0,0.0,2461.45,0.0,2461.45,23813.4,1648.6,0,0,0,0.0,0,F1,75,,,,,
2024-12-27,2024-12-27,FO,NSE,IDO,43233,,NIFTY,,2025-01-30,2025-01-30,22250.0,CE,NIFTY25JAN22250CE,0.0,0.0,0.0,2368.4,2368.25,2368.4,23813.4,1716.7,75,0,0,0.0,0,F1,25,,,,,
2024-12-27,2024-12-27,FO,NSE,IDO,86149,,NIFTY,,2028-06-29,2028-06-29,23000.0,CE,NIFTY28JUN23000CE,0.0,0.0,0.0,4323.1,0.0,4323.1,23813.4,6044.55,0,0,0,0.0,0,F1,75,,,,,
2024-12-27,2024-12-27,FO,NSE,IDO,55101,,NIFTY,,2025-01-23,2025-01-23,25550.0,CE,NIFTY2512325550CE,13.0,13.9,8.55,9.5,9.5,13.0,23813.4,9.5,600,525,19,36425392.5,12,F1,75,,,,,
2024-12-27,2024-12-27,FO,NSE,IDO,46471,,NIFTY,,2025-01-30,2025-01-30,25550.0,CE,NIFTY25JAN25550CE,20.9,21.3,15.0,15.45,15.8,18.35,23813.4,15.45,20550,2275,1777,1135805456.25,575,F1,25,,,,,
2024-12-27,2024-12-27,FO,NSE,IDO,48199,,NIFTY,,2025-01-09,2025-01-09,25550.0,CE,NIFTY2510925550CE,3.7,3.9,2.5,2.7,2.9,3.55,23813.4,2.7,5925,0,150,287470368.75,79,F1,75,,,,,
2024-12-27,2024-12-27,FO,NSE,IDO,52631,,NIFTY,,2025-01-02,2025-01-02,25500.0,CE,NIFTY2510225500CE,1.5,1.85,1.0,1.15,1.05,1.75,23813.4,1.15,3076125,56100,136835,261709825016.25,20387,F1,75,,,,,
2024-12-27,2024-12-27,FO,NSE,IDO,38373,,NIFTY,,2025-06-26,2025-06-26,20000.0,CE,NIFTY25JUN20000CE,0.0,0.0,0.0,3180.85,0.0,3180.85,23813.4,4482.45,0,0,0,0.0,0,F1,75,,,,,
2024-12-27,2024-12-27,FO,NSE,IDO,48052,,NIFTY,,2025-01-09,2025-01-09,22750.0,PE,NIFTY2510922750PE,23.8,23.8,12.2,13.35,13.05,23.85,23813.4,13.35,18075,12525,929,1586106378.75,596,F1,75,,,,,
2024-12-27,2024-12-27,FO,NSE,IDO,57597,,NIFTY,,2025-02-27,2025-02-27,23900.0,CE,NIFTY25FEB23900CE,668.4,739.5,644.05,655.0,660.0,636.05,23813.4,655.0,25425,7200,317,584511431.25,253,F1,75,,,,,
2024-12-27,2024-12-27,FO,NSE,IDO,54819,,NIFTY,,2025-03-27,2025-03-27,24150.0,CE,NIFTY25MAR24150CE,0.0,0.0,0.0,787.2,0.0,787.2,23813.4,670.3,0,0,0,0.0,0,F1,75,,,,,
2024-12-27,2024-12-27,FO,NSE,IDO,48133,,NIFTY,,2025-01-09,2025-01-09,24150.0,CE,NIFTY2510924150CE,140.2,166.75,103.8,108.2,110.8,122.6,23813.4,108.2,45600,17850,2830,5153116327.5,1774,F1,75,,,,,
2024-12-27,2024-12-27,FO,NSE,IDO,48134,,NIFTY,,2025-01-09,2025-01-09,24150.0,PE,NIFTY2510924150PE,382.6,396.0,288.9,352.9,342.8,437.15,23813.4,352.9,9000,7350,251,460906563.75,211,F1,75,,,,,
2024-12-27,2024-12-27,FO,NSE,IDO,55012,,NIFTY,,2025-01-23,2025-01-23,24150.0,PE,NIFTY2512324150PE,0.0,0.0,0.0,495.2,0.0,495.2,23813.4,470.7,0,0,0,0.0,0,F1,75,,,,,
2024-12-27,2024-12-27,FO,NSE,IDO,55087,,NIFTY,,2025-01-23,2025-01-23,25300.0,CE,NIFTY2512325300CE,25.7,25.7,12.3,16.05,15.0,112.8,23813.4,16.05,150,150,8,15191197.5,8,F1,75,,,,,
2024-12-27,2024-12-27,FO,NSE,IDO,52618,,NIFTY,,2025-01-02,2025-01-02,25300.0,CE,NIFTY2510225300CE,1.65,2.05,1.1,1.2,1.2,1.9,23813.4,1.2,1140450,387150,47047,89276433232.5,12591,F1,75,,,,,
2024-12-27,2024-12-27,FO,NSE,IDO,57655,,NIFTY,,2025-02-27,2025-02-27,25300.0,CE,NIFTY25FEB25300CE,129.0,138.4,112.55,115.2,117.8,118.5,23813.4,115.2,33450,7875,482,919019928.75,224,F1,75,,,,,
2024-12-27,2024-12-27,FO,NSE,IDO,55088,,NIFTY,,2025-01-23,2025-01-23,25300.0,PE,NIFTY2512325300PE,0.0,0.0,0.0,1284.65,0.0,1284.65,23813.4,1386.65,0,0,0,0.0,0,F1,75,,,,,
2024-12-27,2024-12-27,FO,NSE,IDO,56877,,NIFTY,,2025-03-27,2025-03-27,25300.0,PE,NIFTY25MAR25300PE,0.0,0.0,0.0,1451.25,0.0,1451.25,23813.4,1322.75,0,0,0,0.0,0,F1,75,,,,,
2024-12-27,2024-12-27,FO,NSE,IDO,48185,,NIFTY,,2025-01-09,2025-01-09,25300.0,CE,NIFTY2510925300CE,4.4,5.3,2.9,3.1,3.0,4.4,23813.4,3.1,84300,33600,2629,4989215778.75,960,F1,75,,,,,
2024-12-27,2024-12-27,FO,NSE,IDO,48187,,NIFTY,,2025-01-09,2025-01-09,25300.0,PE,NIFTY2510925300PE,0.0,0.0,0.0,1499.0,1499.0,1499.0,23813.4,1428.35,75,0,0,0.0,0,F1,75,,,,,
2024-12-27,2024-12-27,FO,NSE,IDO,61744,,NIFTY,,2029-12-27,2029-12-27,22000.0,CE,NIFTY29DEC22000CE,0.0,0.0,0.0,8865.25,0.0,8865.25,23813.4,8343.8,0,0,0,0.0,0,F1,75,,,,,
2024-12-27,2024-12-27,FO,NSE,IDO,57601,,NIFTY,,2025-02-27,2025-02-27,24000.0,CE,NIFTY25FEB24000CE,624.05,675.0,585.55,594.4,603.0,588.1,23813.4,594.4,311325,2250,3241,5985970526.25,2512,F1,75,,,,,
2024-12-27,2024-12-27,FO,NSE,IDO,46351,,NIFTY,,2025-01-30,2025-01-30,24000.0,PE,NIFTY25JAN24000PE,425.05,425.05,321.0,376.95,372.5,438.05,23813.4,376.95,5004425,354100,196334,119574851601.25,62719,F1,25,,,,,
2024-12-27,2024-12-27,FO,NSE,IDO,71502,,NIFTY,,2026-12-31,2026-12-31,24000.0,PE,NIFTY26DEC24000PE,895.15,935.0,895.15,935.0,935.0,920.0,23813.4,649.15,6500,75,2,3737261.25,2,F1,75,,,,,
2024-12-27,2024-12-27,FO,NSE,IDO,52664,,NIFTY,,2025-01-02,2025-01-02,26150.0,CE,NIFTY2510226150CE,1.75,1.75,0.85,0.95,1.05,1.75,23813.4,0.95,126675,99825,8076,15839743901.25,3029,F1,75,,,,,
2024-12-27,2024-12-27,FO,NSE,IDO,56870,,NIFTY,,2025-03-27,2025-03-27,25150.0,CE,NIFTY25MAR25150CE,0.0,0.0,0.0,400.85,0.0,400.85,23813.4,292.2,0,0,0,0.0,0,F1,75,,,,,
2024-12-27,2024-12-27,FO,NSE,IDO,48037,,NIFTY,,2025-01-09,2025-01-09,22400.0,CE,NIFTY2510922400CE,0.0,0.0,0.0,2472.8,0.0,2472.8,23813.4,1468.45,0,0,0,0.0,0,F1,75,,,,,
2024-12-27,2024-12-27,FO,NSE,IDO,56878,,NIFTY,,2025-03-27,2025-03-27,25350.0,CE,NIFTY25MAR25350CE,0.0,0.0,0.0,345.0,0.0,345.0,23813.4,241.85,0,0,0,0.0,0,F1,75,,,,,
2024-12-27,2024-12-27,FO,NSE,IDO,55089,,NIFTY,,2025-01-23,2025-01-23,25350.0,CE,NIFTY2512325350CE,0.0,0.0,0.0,104.9,0.0,104.9,23813.4,23.1,0,0,0,0.0,0,F1,75,,,,,
2024-12-27,2024-12-27,FO,NSE,IDO,57631,,NIFTY,,2025-02-27,2025-02-27,24750.0,CE,NIFTY25FEB24750CE,300.0,300.15,252.85,255.85,262.1,254.85,23813.4,255.85,6975,6900,140,262638806.25,102,F1,75,,,,,
2024-12-27,2024-12-27,FO,NSE,IDO,52828,,NIFTY,,2025-01-16,2025-01-16,24750.0,CE,NIFTY2511624750CE,46.05,51.6,33.85,34.0,34.0,46.05,23813.4,34.0,4200,-1350,39,72523953.75,17,F1,75,,,,,
2024-12-27,2024-12-27,FO,NSE,IDO,52594,,NIFTY,,2025-01-02,2025-01-02,24750.0,PE,NIFTY2510224750PE,894.75,894.75,772.0,876.9,876.9,943.5,23813.4,911.5,9750,-225,18,34546237.5,14,F1,75,,,,,
2024-12-27,2024-12-27,FO,NSE,IDO,52758,,NIFTY,,2025-01-16,2025-01-16,24400.0,PE,NIFTY2511624400PE,0.0,0.0,0.0,346.35,0.0,346.35,23813.4,615.2,0,0,0,0.0,0,F1,75,,,,,
2024-12-27,2024-12-27,FO,NSE,IDO,55031,,NIFTY,,2025-01-23,2025-01-23,24400.0,CE,NIFTY2512324400CE,165.0,192.85,146.55,153.85,152.4,156.4,23813.4,153.85,3000,-300,70,128982877.5,41,F1,75,,,,,
2024-12-27,2024-12-27,FO,NSE,IDO,57617,,NIFTY,,2025-02-27,2025-02-27,24400.0,CE,NIFTY25FEB24400CE,399.0,453.2,384.9,390.45,398.25,385.95,23813.4,390.45,27600,9375,269,500466843.75,142,F1,75,,,,,
2024-12-27,2024-12-27,FO,NSE,IDO,52450,,NIFTY,,2025-01-02,2025-01-02,22950.0,PE,NIFTY2510222950PE,11.65,11.65,4.35,5.0,5.15,12.7,23813.4,5.0,619275,348000,117158,201714935805.0,37470,F1,75,,,,,
2024-12-27,2024-12-27,FO,NSE,IDO,50777,,NIFTY,,2025-01-02,2025-01-02,21650.0,PE,NIFTY2510221650PE,1.95,1.95,1.0,1.15,1.1,2.1,23813.4,1.15,433875,180750,29256,47507496397.5,12078,F1,75,,,,,
2024-12-27,2024-12-27,FO,NSE,IDO,48245,,NIFTY,,2025-03-27,2025-03-27,22950.0,CE,NIFTY25MAR22950CE,0.0,0.0,0.0,1509.5,0.0,1509.5,23813.4,1431.3,0,0,0,0.0,0,F1,75,,,,,
2024-12-27,2024-12-27,FO,NSE,IDO,46953,,NIFTY,,2025-03-27,2025-03-27,22050.0,PE,NIFTY25MAR22050PE,0.0,0.0,0.0,117.35,0.0,117.35,23813.4,57.4,0,0,0,0.0,0,F1,75,,,,,
2024-12-27,2024-12-27,FO,NSE,IDO,52419,,NIFTY,,2025-01-16,2025-01-16,22050.0,CE,NIFTY2511622050CE,0.0,0.0,0.0,2656.95,0.0,2656.95,23813.4,1846.1,0,0,0,0.0,0,F1,75,,,,,
2024-12-27,2024-12-27,FO,NSE,IDO,48024,,NIFTY,,2025-01-09,2025-01-09,22050.0,PE,NIFTY2510922050PE,0.0,0.0,0.0,3.45,0.0,3.45,23813.4,0.15,0,0,0,0.0,0,F1,75,,,,,
2024-12-27,2024-12-27,FO,NSE,IDO,46951,,NIFTY,,2025-03-27,2025-03-27,22050.0,CE,NIFTY25MAR22050CE,0.0,0.0,0.0,2215.8,0.0,2215.8,23813.4,2184.75,0,0,0,0.0,0,F1,75,,,,,
2024-12-27,2024-12-27,FO,NSE,IDO,46384,,NIFTY,,2025-01-30,2025-01-30,24600.0,CE,NIFTY25JAN24600CE,138.95,173.2,127.45,130.45,133.5,133.45,23813.4,130.45,382350,60775,20830,12886519998.75,7922,F1,25,,,,,
2024-12-27,2024-12-27,FO,NSE,IDO,61748,,NIFTY,,2029-12-27,2029-12-27,24000.0,CE,NIFTY29DEC24000CE,0.0,0.0,0.0,7730.0,0.0,7730.0,23813.4,7118.9,0,0,0,0.0,0,F1,75,,,,,
2024-12-27,2024-12-27,FO,NSE,IDO,53617,,NIFTY,,2027-12-30,2027-12-30,22000.0,PE,NIFTY27DEC22000PE,0.0,0.0,0.0,329.0,329.0,329.0,23813.4,271.65,25,0,0,0.0,0,F1,75,,,,,
2024-12-27,2024-12-27,FO,NSE,IDO,64566,,NIFTY,,2025-03-27,2025-03-27,24000.0,CE,NIFTY25MAR24000CE,757.25,870.9,753.75,769.25,776.0,757.6,23813.4,769.25,886800,184950,5640,10488318892.5,4972,F1,75,,,,,
2024-12-27,2024-12-27,FO,NSE,IDO,71380,,NIFTY,,2025-06-26,2025-06-26,24000.0,PE,NIFTY25JUN24000PE,620.85,635.25,567.0,603.5,609.0,630.8,23813.4,603.5,349275,3625,1136,2095201252.5,899,F1,75,,,,,
2024-12-27,2024-12-27,FO,NSE,IDO,52380,,NIFTY,,2025-01-02,2025-01-02,22000.0,PE,NIFTY2510222000PE,2.25,2.4,1.55,1.75,1.65,2.4,23813.4,1.75,4187850,-177600,154266,254561038012.5,38349,F1,75,,,,,
2024-12-27,2024-12-27,FO,NSE,IDO,67779,,NIFTY,,2028-12-28,2028-12-28,22000.0,PE,NIFTY28DEC22000PE,0.0,0.0,0.0,521.3,521.3,521.3,23813.4,251.9,225,0,0,0.0,0,F1,75,,,,,
2024-12-27,2024-12-27,FO,NSE,IDO,55003,,NIFTY,,2025-01-23,2025-01-23,24000.0,CE,NIFTY2512324000CE,338.1,386.75,309.2,315.2,321.0,313.55,23813.4,315.2,14925,-75,325,593507096.25,198,F1,75,,,,,
2024-12-27,2024-12-27,FO,NSE,IDO,55120,,NIFTY,,2025-06-26,2025-06-26,18000.0,PE,NIFTY25JUN18000PE,25.3,26.0,24.9,25.75,25.95,20.35,23813.4,25.75,4425,0,32,43261335.0,16,F1,75,,,,,
2024-12-27,2024-12-27,FO,NSE,IDO,58641,,NIFTY,,2026-12-31,2026-12-31,18000.0,PE,NIFTY26DEC18000PE,0.0,0.0,0.0,76.1,76.1,76.1,23813.4,20.2,5175,0,0,0.0,0,F1,75,,,,,
2024-12-27,2024-12-27,FO,NSE,IDO,64552,,NIFTY,,2025-03-27,2025-03-27,18000.0,CE,NIFTY25MAR18000CE,6050.0,6226.9,6050.0,6103.9,6125.05,6027.6,23813.4,6103.9,420950,7725,225,407332773.75,191,F1,75,,,,,
2024-12-27,2024-12-27,FO,NSE,IDO,52865,,NIFTY,,2025-01-16,2025-01-16,25350.0,PE,NIFTY2511625350PE,0.0,0.0,0.0,872.0,0.0,872.0,23813.4,1452.7,0,0,0,0.0,0,F1,75,,,,,
2024-12-27,2024-12-27,FO,NSE,IDO,55090,,NIFTY,,2025-01-23,2025-01-23,25350.0,PE,NIFTY2512325350PE,0.0,0.0,0.0,1326.35,0.0,1326.35,23813.4,1433.4,0,0,0,0.0,0,F1,75,,,,,
2024-12-27,2024-12-27,FO,NSE,IDO,57658,,NIFTY,,2025-02-27,2025-02-27,25350.0,PE,NIFTY25FEB25350PE,0.0,0.0,0.0,1382.1,0.0,1382.1,23813.4,1381.35,0,0,0,0.0,0,F1,75,,,,,
2024-12-27,2024-12-27,FO,NSE,IDO,46464,,NIFTY,,2025-01-30,2025-01-30,25350.0,PE,NIFTY25JAN25350PE,0.0,0.0,0.0,1445.0,1445.0,1445.0,23813.4,1418.4,8500,0,0,0.0,0,F1,25,,,,,
2024-12-27,2024-12-27,FO,NSE,IDO,46391,,NIFTY,,2025-01-30,2025-01-30,24750.0,CE,NIFTY25JAN24750CE,106.6,129.2,93.2,95.5,97.6,99.7,23813.4,95.5,82350,14900,3397,2111030647.5,1077,F1,25,,,,,
2024-12-27,2024-12-27,FO,NSE,IDO,55050,,NIFTY,,2025-01-23,2025-01-23,24750.0,CE,NIFTY2512324750CE,0.0,0.0,0.0,235.95,0.0,235.95,23813.4,88.0,0,0,0,0.0,0,F1,75,,,,,
2024-12-27,2024-12-27,FO,NSE,IDO,57632,,NIFTY,,2025-02-27,2025-02-27,24750.0,PE,NIFTY25FEB24750PE,0.0,0.0,0.0,816.5,816.5,816.5,23813.4,927.55,1650,0,0,0.0,0,F1,75,,,,,
2024-12-27,2024-12-27,FO,NSE,IDO,48163,,NIFTY,,2025-01-09,2025-01-09,24750.0,CE,NIFTY2510924750CE,20.0,23.55,10.8,11.3,10.9,18.45,23813.4,11.3,120900,97275,4125,7661480932.5,2300,F1,75,,,,,
2024-12-27,2024-12-27,FO,NSE,IDO,56544,,NIFTY,,2025-03-27,2025-03-27,24750.0,CE,NIFTY25MAR24750CE,0.0,0.0,0.0,533.0,0.0,533.0,23813.4,416.7,0,0,0,0.0,0,F1,75,,,,,
2024-12-27,2024-12-27,FO,NSE,IDO,48015,,NIFTY,,2025-01-09,2025-01-09,21850.0,CE,NIFTY2510921850CE,0.0,0.0,0.0,3012.6,0.0,3012.6,23813.4,2015.9,0,0,0,0.0,0,F1,75,,,,,
2024-12-27,2024-12-27,FO,NSE,IDO,52055,,NIFTY,,2025-01-02,2025-01-02,21850.0,CE,NIFTY2510221850CE,0.0,0.0,0.0,1731.4,0.0,1731.4,23813.4,1987.65,0,0,0,0.0,0,F1,75,,,,,
2024-12-27,2024-12-27,FO,NSE,IDO,48016,,NIFTY,,2025-01-09,2025-01-09,21850.0,PE,NIFTY2510921850PE,3.35,4.0,2.7,3.0,2.95,4.35,23813.4,3.0,20925,14100,405,663791981.25,188,F1,75,,,,,
2024-12-27,2024-12-27,FO,NSE,IDO,55594,,NIFTY,,2025-02-27,2025-02-27,21850.0,PE,NIFTY25FEB21850PE,55.5,55.5,41.25,46.45,45.25,55.5,23813.4,46.45,18600,13650,259,425298330.0,97,F1,75,,,,,
2024-12-27,2024-12-27,FO,NSE,IDO,52406,,NIFTY,,2025-01-16,2025-01-16,21850.0,CE,NIFTY2511621850CE,0.0,0.0,0.0,2853.6,0.0,2853.6,23813.4,2044.55,0,0,0,0.0,0,F1,75,,,,,
2024-12-27,2024-12-27,FO,NSE,IDO,43208,,NIFTY,,2025-01-30,2025-01-30,21850.0,PE,NIFTY25JAN21850PE,21.2,21.2,14.65,15.3,15.5,21.35,23813.4,15.3,26075,6925,1181,645582845.0,498,F1,25,,,,,
2024-12-27,2024-12-27,FO,NSE,IDO,43207,,NIFTY,,2025-01-30,2025-01-30,21850.0,CE,NIFTY25JAN21850CE,0.0,0.0,0.0,2743.0,2743.45,2743.0,23813.4,2104.55,175,0,0,0.0,0,F1,25,,,,,
2024-12-27,2024-12-27,FO,NSE,IDO,48346,,NIFTY,,2025-03-27,2025-03-27,23050.0,PE,NIFTY25MAR23050PE,0.0,0.0,0.0,321.4,0.0,321.4,23813.4,212.0,0,0,0,0.0,0,F1,75,,,,,
2024-12-27,2024-12-27,FO,NSE,IDO,55642,,NIFTY,,2025-02-27,2025-02-27,23050.0,PE,NIFTY25FEB23050PE,0.0,0.0,0.0,288.4,0.0,288.4,23813.4,159.8,0,0,0,0.0,0,F1,75,,,,,
2024-12-27,2024-12-27,FO,NSE,IDO,46562,,NIFTY,,2025-01-30,2025-01-30,25950.0,CE,NIFTY25JAN25950CE,11.35,11.35,8.35,8.75,8.95,10.45,23813.4,8.75,27950,1525,295,191450280.0,108,F1,25,,,,,
2024-12-27,2024-12-27,FO,NSE,IDO,57585,,NIFTY,,2025-02-27,2025-02-27,23600.0,CE,NIFTY25FEB23600CE,919.0,925.0,831.35,848.6,850.4,821.3,23813.4,848.6,4050,-1275,57,104613536.25,42,F1,75,,,,,
2024-12-27,2024-12-27,FO,NSE,IDO,52623,,NIFTY,,2025-01-16,2025-01-16,23600.0,CE,NIFTY2511623600CE,512.55,579.5,480.0,494.4,497.25,483.55,23813.4,494.4,7800,2850,74,133851468.75,45,F1,75,,,,,
2024-12-27,2024-12-27,FO,NSE,IDO,52504,,NIFTY,,2025-01-02,2025-01-02,23600.0,CE,NIFTY2510223600CE,335.65,435.5,303.0,321.4,331.05,311.8,23813.4,321.4,455250,13725,48909,87888331597.5,27199,F1,75,,,,,
2024-12-27,2024-12-27,FO,NSE,IDO,54986,,NIFTY,,2025-01-23,2025-01-23,23600.0,PE,NIFTY2512323600PE,215.5,215.5,170.95,182.95,182.95,278.6,23813.4,207.25,75,-525,17,30323730.0,17,F1,75,,,,,
2024-12-27,2024-12-27,FO,NSE,IDO,52506,,NIFTY,,2025-01-02,2025-01-02,23600.0,PE,NIFTY2510223600PE,98.2,98.2,41.35,51.5,48.1,103.35,23813.4,51.5,2523375,1154550,570466,1012046781877.5,243984,F1,75,,,,,
2024-12-27,2024-12-27,FO,NSE,IDO,52443,,NIFTY,,2025-01-02,2025-01-02,22800.0,CE,NIFTY2510222800CE,1170.0,1170.0,1103.0,1106.0,1106.0,1013.3,23813.4,1039.35,4650,0,3,5383425.0,3,F1,75,,,,,
2024-12-27,2024-12-27,FO,NSE,IDO,54769,,NIFTY,,2025-01-23,2025-01-23,22800.0,PE,NIFTY2512322800PE,61.0,61.0,42.6,46.0,46.0,61.0,23813.4,37.85,1950,75,7,11995995.0,6,F1,75,,,,,
2024-12-27,2024-12-27,FO,NSE,IDO,55622,,NIFTY,,2025-02-27,2025-02-27,22550.0,PE,NIFTY25FEB22550PE,0.0,0.0,0.0,177.75,0.0,177.75,23813.4,75.2,0,0,0,0.0,0,F1,75,,,,,
2024-12-27,2024-12-27,FO,NSE,IDO,52426,,NIFTY,,2025-01-02,2025-01-02,22550.0,PE,NIFTY2510222550PE,3.75,4.35,2.55,3.15,2.9,4.3,23813.4,3.15,878175,761550,49992,84560978921.25,21248,F1,75,,,,,
2024-12-27,2024-12-27,FO,NSE,IDO,43259,,NIFTY,,2025-01-30,2025-01-30,22800.0,CE,NIFTY25JAN22800CE,1300.0,1300.0,1226.45,1226.45,1226.45,1192.75,23813.4,1209.95,3925,50,27,16257590.0,10,F1,25,,,,,
2024-12-27,2024-12-27,FO,NSE,IDO,55632,,NIFTY,,2025-02-27,2025-02-27,22800.0,PE,NIFTY25FEB22800PE,145.4,150.15,120.0,131.95,132.35,158.0,23813.4,131.95,104175,4800,860,1478970296.25,577,F1,75,,,,,
2024-12-27,2024-12-27,FO,NSE,IDO,48191,,NIFTY,,2025-03-27,2025-03-27,22800.0,PE,NIFTY25MAR22800PE,178.0,182.95,174.2,181.9,182.0,255.9,23813.4,181.9,7275,7275,152,261966168.75,80,F1,75,,,,,
2024-12-27,2024-12-27,FO,NSE,IDO,47042,,NIFTY,,2025-03-27,2025-03-27,22800.0,CE,NIFTY25MAR22800CE,0.0,0.0,0.0,1617.9,0.0,1617.9,23813.4,1548.0,0,0,0,0.0,0,F1,75,,,,,
2024-12-27,2024-12-27,FO,NSE,IDO,52505,,NIFTY,,2025-01-16,2025-01-16,22800.0,CE,NIFTY2511622800CE,0.0,0.0,0.0,1934.65,0.0,1934.65,23813.4,1119.9,0,0,0,0.0,0,F1,75,,,,,
2024-12-27,2024-12-27,FO,NSE,IDO,43260,,NIFTY,,2025-01-30,2025-01-30,22800.0,PE,NIFTY25JAN22800PE,80.0,83.25,58.1,65.95,64.6,88.3,23813.4,65.95,860550,90675,34301,19607286656.25,11797,F1,25,,,,,
2024-12-27,2024-12-27,FO,NSE,IDO,54755,,NIFTY,,2025-01-23,2025-01-23,22550.0,PE,NIFTY2512322550PE,0.0,0.0,0.0,48.8,0.0,48.8,23813.4,19.2,0,0,0,0.0,0,F1,75,,,,,
2024-12-27,2024-12-27,FO,NSE,IDO,54691,,NIFTY,,2025-01-23,2025-01-23,21900.0,PE,NIFTY2512321900PE,0.0,0.0,0.0,12.05,0.0,12.05,23813.4,2.25,0,0,0,0.0,0,F1,75,,,,,
2024-12-27,2024-12-27,FO,NSE,IDO,55595,,NIFTY,,2025-02-27,2025-02-27,21900.0,CE,NIFTY25FEB21900CE,0.0,0.0,0.0,2495.55,0.0,2495.55,23813.4,2186.05,0,0,0,0.0,0,F1,75,,,,,
2024-12-27,2024-12-27,FO,NSE,IDO,52365,,NIFTY,,2025-01-02,2025-01-02,21900.0,CE,NIFTY2510221900CE,0.0,0.0,0.0,1686.5,0.0,1686.5,23813.4,1937.7,0,0,0,0.0,0,F1,75,,,,,
2024-12-27,2024-12-27,FO,NSE,IDO,58633,,NIFTY,,2026-12-31,2026-12-31,14000.0,PE,NIFTY26DEC14000PE,0.0,0.0,0.0,20.25,20.25,20.25,23813.4,0.2,1175,0,0,0.0,0,F1,75,,,,,
2024-12-27,2024-12-27,FO,NSE,IDO,48184,,NIFTY,,2025-01-09,2025-01-09,25250.0,PE,NIFTY2510925250PE,0.0,0.0,0.0,707.45,0.0,707.45,23813.4,1379.1,0,0,0,0.0,0,F1,75,,,,,
2024-12-27,2024-12-27,FO,NSE,IDO,52584,,NIFTY,,2025-01-16,2025-01-16,23450.0,PE,NIFTY2511623450PE,105.0,105.0,105.0,105.0,105.0,148.55,23813.4,126.1,300,75,2,3533250.0,2,F1,75,,,,,
2024-12-27,2024-12-27,FO,NSE,IDO,48207,,NIFTY,,2025-01-09,2025-01-09,25750.0,CE,NIFTY2510925750CE,2.25,3.75,2.25,2.55,2.5,3.85,23813.4,2.55,4950,-2700,131,253021406.25,56,F1,75,,,,,
2024-12-27,2024-12-27,FO,NSE,IDO,38376,,NIFTY,,2025-12-24,2025-12-24,20000.0,CE,NIFTY25DEC20000CE,0.0,0.0,0.0,4947.85,4937.0,4947.85,23813.4,5150.35,19900,0,0,0.0,0,F1,75,,,,,
2024-12-27,2024-12-27,FO,NSE,IDO,48165,,NIFTY,,2025-01-09,2025-01-09,24800.0,CE,NIFTY2510924800CE,18.05,18.35,9.15,9.7,9.75,15.55,23813.4,9.7,219900,40575,11870,22089995126.25,6983,F1,75,,,,,
2024-12-27,2024-12-27,FO,NSE,IDO,56547,,NIFTY,,2025-03-27,2025-03-27,24800.0,PE,NIFTY25MAR24800PE,0.0,0.0,0.0,1116.85,0.0,1116.85,23813.4,976.55,0,0,0,0.0,0,F1,75,,,,,
2024-12-27,2024-12-27,FO,NSE,IDO,57634,,NIFTY,,2025-02-27,2025-02-27,24800.0,PE,NIFTY25FEB24800PE,850.0,850.0,831.9,831.9,831.9,941.4,23813.4,962.25,13575,0,11,21148267.5,6,F1,75,,,,,
2024-12-27,2024-12-27,FO,NSE,IDO,52637,,NIFTY,,2025-01-02,2025-01-02,25650.0,CE,NIFTY2510225650CE,2.4,2.45,0.95,1.1,1.0,1.75,23813.4,1.1,103500,88800,8746,16825919516.25,3742,F1,75,,,,,
2024-12-27,2024-12-27,FO,NSE,IDO,55119,,NIFTY,,2025-06-26,2025-06-26,18000.0,CE,NIFTY25JUN18000CE,0.0,0.0,0.0,5600.0,5600.0,5600.0,23813.4,6406.2,2250,0,0,0.0,0,F1,75,,,,,
2024-12-27,2024-12-27,FO,NSE,IDO,53604,,NIFTY,,2027-12-30,2027-12-30,18000.0,PE,NIFTY27DEC18000PE,244.4,244.4,244.4,244.4,244.4,177.0,23813.4,32.2,10175,0,5,6841650.0,2,F1,75,,,,,
2024-12-27,2024-12-27,FO,NSE,IDO,50556,,NIFTY,,2026-06-25,2026-06-25,18000.0,CE,NIFTY26JUN18000CE,0.0,0.0,0.0,7400.0,7400.0,7400.0,23813.4,7551.15,100,0,0,0.0,0,F1,75,,,,,
2024-12-27,2024-12-27,FO,NSE,IDO,48050,,NIFTY,,2025-01-09,2025-01-09,22700.0,PE,NIFTY2510922700PE,18.45,19.0,11.0,11.95,11.5,20.75,23813.4,11.95,141375,43275,3973,6767844356.25,2716,F1,75,,,,,
2024-12-27,2024-12-27,FO,NSE,IDO,43256,,NIFTY,,2025-01-30,2025-01-30,22700.0,PE,NIFTY25JAN22700PE,68.15,72.3,50.5,56.8,55.5,77.0,23813.4,56.8,390125,31675,13314,7574551110.0,4285,F1,25,,,,,
2024-12-27,2024-12-27,FO,NSE,IDO,47038,,NIFTY,,2025-03-27,2025-03-27,22700.0,CE,NIFTY25MAR22700CE,0.0,0.0,0.0,1692.75,0.0,1692.75,23813.4,1628.05,0,0,0,0.0,0,F1,75,,,,,
2024-12-27,2024-12-27,FO,NSE,IDO,47039,,NIFTY,,2025-03-27,2025-03-27,22700.0,PE,NIFTY25MAR22700PE,169.35,169.4,158.9,166.55,166.95,232.6,23813.4,166.55,5850,5850,125,214370310.0,57,F1,75,,,,,
2024-12-27,2024-12-27,FO,NSE,IDO,57645,,NIFTY,,2025-02-27,2025-02-27,25050.0,CE,NIFTY25FEB25050CE,0.0,0.0,0.0,175.6,175.6,175.6,23813.4,193.7,75,0,0,0.0,0,F1,75,,,,,
2024-12-27,2024-12-27,FO,NSE,IDO,46458,,NIFTY,,2025-01-30,2025-01-30,25200.0,PE,NIFTY25JAN25200PE,1200.0,1245.0,1100.0,1217.25,1218.7,1299.8,23813.4,1217.25,68200,-2200,143,94251313.75,58,F1,25,,,,,
2024-12-27,2024-12-27,FO,NSE,IDO,48181,,NIFTY,,2025-01-09,2025-01-09,25200.0,CE,NIFTY2510925200CE,5.3,5.55,3.3,3.55,3.5,5.25,23813.4,3.55,112950,37425,3736,7062183101.25,2037,F1,75,,,,,
2024-12-27,2024-12-27,FO,NSE,IDO,55083,,NIFTY,,2025-01-23,2025-01-23,25200.0,CE,NIFTY2512325200CE,27.8,27.8,22.7,25.0,25.0,130.15,23813.4,25.0,300,300,5,9459517.5,5,F1,75,,,,,
2024-12-27,2024-12-27,FO,NSE,IDO,57652,,NIFTY,,2025-02-27,2025-02-27,25200.0,PE,NIFTY25FEB25200PE,1130.25,1130.25,1130.25,1130.25,1130.25,1124.35,23813.4,1260.8,2550,-75,1,1974768.75,1,F1,75,,,,,
2024-12-27,2024-12-27,FO,NSE,IDO,52614,,NIFTY,,2025-01-02,2025-01-02,25200.0,PE,NIFTY2510225200PE,0.0,0.0,0.0,1390.65,1390.1,1390.65,23813.4,1358.75,21075,0,0,0.0,0,F1,75,,,,,
2024-12-27,2024-12-27,FO,NSE,IDO,57651,,NIFTY,,2025-02-27,2025-02-27,25200.0,CE,NIFTY25FEB25200CE,149.0,163.25,132.4,136.8,138.35,137.95,23813.4,136.8,35925,3450,468,889558871.25,218,F1,75,,,,,
2024-12-27,2024-12-27,FO,NSE,IDO,55084,,NIFTY,,2025-01-23,2025-01-23,25200.0,PE,NIFTY2512325200PE,0.0,0.0,0.0,1202.65,0.0,1202.65,23813.4,1294.2,0,0,0,0.0,0,F1,75,,,,,
2024-12-27,2024-12-27,FO,NSE,IDO,52858,,NIFTY,,2025-01-16,2025-01-16,25200.0,CE,NIFTY2511625200CE,13.9,14.7,9.6,9.9,9.9,13.9,23813.4,9.9,8100,-600,204,385732983.75,90,F1,75,,,,,
2024-12-27,2024-12-27,FO,NSE,IDO,52859,,NIFTY,,2025-01-16,2025-01-16,25200.0,PE,NIFTY2511625200PE,0.0,0.0,0.0,770.8,0.0,770.8,23813.4,1308.95,0,0,0,0.0,0,F1,75,,,,,
2024-12-27,2024-12-27,FO,NSE,IDO,48182,,NIFTY,,2025-01-09,2025-01-09,25200.0,PE,NIFTY2510925200PE,0.0,0.0,0.0,1300.0,1300.0,1300.0,23813.4,1329.95,525,0,0,0.0,0,F1,75,,,,,
2024-12-27,2024-12-27,FO,NSE,IDO,52613,,NIFTY,,2025-01-02,2025-01-02,25200.0,CE,NIFTY2510225200CE,2.1,2.2,1.15,1.3,1.35,2.05,23813.4,1.3,2000925,-297975,161938,306080031446.25,29609,F1,75,,,,,
2024-12-27,2024-12-27,FO,NSE,IDO,56872,,NIFTY,,2025-03-27,2025-03-27,25200.0,CE,NIFTY25MAR25200CE,284.0,284.0,250.0,253.15,259.0,386.3,23813.4,253.15,7725,7725,180,343779547.5,101,F1,75,,,,,
2024-12-27,2024-12-27,FO,NSE,IDO,46457,,NIFTY,,2025-01-30,2025-01-30,25200.0,CE,NIFTY25JAN25200CE,37.65,46.65,32.3,33.55,34.7,37.65,23813.4,33.55,595375,165150,31639,19962298055.0,9985,F1,25,,,,,
2024-12-27,2024-12-27,FO,NSE,IDO,56873,,NIFTY,,2025-03-27,2025-03-27,25200.0,PE,NIFTY25MAR25200PE,0.0,0.0,0.0,1380.95,0.0,1380.95,23813.4,1249.55,0,0,0,0.0,0,F1,75,,,,,
2024-12-27,2024-12-27,FO,NSE,IDO,48695,,NIFTY,,2025-03-27,2025-03-27,23200.0,CE,NIFTY25MAR23200CE,0.0,0.0,0.0,1335.4,0.0,1335.4,23813.4,1246.45,0,0,0,0.0,0,F1,75,,,,,
2024-12-27,2024-12-27,FO,NSE,IDO,54856,,NIFTY,,2025-01-23,2025-01-23,23200.0,PE,NIFTY2512323200PE,103.1,103.1,90.0,102.0,102.0,124.4,23813.4,102.0,750,525,21,36688908.75,18,F1,75,,,,,
2024-12-27,2024-12-27,FO,NSE,IDO,43275,,NIFTY,,2025-01-30,2025-01-30,23100.0,CE,NIFTY25JAN23100CE,1004.25,1103.65,992.0,992.0,992.0,946.7,23813.4,992.0,3400,-25,70,42270148.75,36,F1,25,,,,,
2024-12-27,2024-12-27,FO,NSE,IDO,48068,,NIFTY,,2025-01-09,2025-01-09,23100.0,CE,NIFTY2510923100CE,0.0,0.0,0.0,743.95,743.95,743.95,23813.4,797.2,75,0,0,0.0,0,F1,75,,,,,
2024-12-27,2024-12-27,FO,NSE,IDO,48031,,NIFTY,,2025-01-09,2025-01-09,22250.0,CE,NIFTY2510922250CE,0.0,0.0,0.0,2619.15,0.0,2619.15,23813.4,1617.35,0,0,0,0.0,0,F1,75,,,,,
2024-12-27,2024-12-27,FO,NSE,IDO,46985,,NIFTY,,2025-03-27,2025-03-27,22250.0,PE,NIFTY25MAR22250PE,0.0,0.0,0.0,146.6,0.0,146.6,23813.4,76.85,0,0,0,0.0,0,F1,75,,,,,
2024-12-27,2024-12-27,FO,NSE,IDO,52467,,NIFTY,,2025-01-16,2025-01-16,22250.0,PE,NIFTY2511622250PE,0.0,0.0,0.0,7.75,0.0,7.75,23813.4,3.05,0,0,0,0.0,0,F1,75,,,,,
2024-12-27,2024-12-27,FO,NSE,IDO,55609,,NIFTY,,2025-02-27,2025-02-27,22250.0,CE,NIFTY25FEB22250CE,0.0,0.0,0.0,2194.7,0.0,2194.7,23813.4,1861.9,0,0,0,0.0,0,F1,75,,,,,
2024-12-27,2024-12-27,FO,NSE,IDO,57596,,NIFTY,,2025-02-27,2025-02-27,23850.0,PE,NIFTY25FEB23850PE,444.5,444.5,370.25,402.75,400.05,553.1,23813.4,402.75,4800,4800,98,178236978.75,81,F1,75,,,,,
2024-12-27,2024-12-27,FO,NSE,IDO,48109,,NIFTY,,2025-01-09,2025-01-09,23850.0,PE,NIFTY2510923850PE,225.65,238.0,157.85,195.45,191.0,258.9,23813.4,195.45,63750,34200,5847,10542878591.25,3240,F1,75,,,,,
2024-12-27,2024-12-27,FO,NSE,IDO,52526,,NIFTY,,2025-01-02,2025-01-02,23850.0,PE,NIFTY2510223850PE,202.75,202.75,98.4,131.2,124.2,202.75,23813.4,131.2,1314075,882975,850601,1529869262985.0,510317,F1,75,,,,,
2024-12-27,2024-12-27,FO,NSE,IDO,57595,,NIFTY,,2025-02-27,2025-02-27,23850.0,CE,NIFTY25FEB23850CE,720.0,770.7,671.8,680.35,690.85,909.25,23813.4,680.35,2100,1950,47,86556172.5,41,F1,75,,,,,
2024-12-27,2024-12-27,FO,NSE,IDO,64592,,NIFTY,,2025-03-27,2025-03-27,31000.0,CE,NIFTY25MAR31000CE,10.2,11.25,10.0,10.35,10.3,10.75,23813.4,10.35,170750,75725,1550,3604980258.75,496,F1,75,,,,,
2024-12-27,2024-12-27,FO,NSE,IDO,50780,,NIFTY,,2025-01-02,2025-01-02,21750.0,CE,NIFTY2510221750CE,0.0,0.0,0.0,1822.25,0.0,1822.25,23813.4,2087.5,0,0,0,0.0,0,F1,75,,,,,
2024-12-27,2024-12-27,FO,NSE,IDO,43203,,NIFTY,,2025-01-30,2025-01-30,21750.0,PE,NIFTY25JAN21750PE,19.4,19.4,12.7,13.2,13.3,18.25,23813.4,13.2,26350,3600,1343,730711105.0,538,F1,25,,,,,
2024-12-27,2024-12-27,FO,NSE,IDO,55630,,NIFTY,,2025-02-27,2025-02-27,22750.0,PE,NIFTY25FEB22750PE,0.0,0.0,0.0,217.05,0.0,217.05,23813.4,103.2,0,0,0,0.0,0,F1,75,,,,,
2024-12-27,2024-12-27,FO,NSE,IDO,46341,,NIFTY,,2025-01-30,2025-01-30,23950.0,CE,NIFTY25JAN23950CE,400.0,476.85,385.45,393.9,405.75,386.4,23813.4,393.9,62850,7100,4186,2551328558.75,1976,F1,25,,,,,
2024-12-27,2024-12-27,FO,NSE,IDO,71381,,NIFTY,,2025-06-26,2025-06-26,25000.0,CE,NIFTY25JUN25000CE,701.95,753.6,683.8,701.45,709.0,683.15,23813.4,701.45,258275,24925,907,1749451233.75,730,F1,75,,,,,
2024-12-27,2024-12-27,FO,NSE,IDO,71398,,NIFTY,,2025-12-24,2025-12-24,25000.0,PE,NIFTY25DEC25000PE,1080.0,1080.0,1006.45,1041.95,1050.0,1068.25,23813.4,1041.95,308375,8575,378,737945321.25,353,F1,75,,,,,
2024-12-27,2024-12-27,FO,NSE,IDO,52646,,NIFTY,,2025-01-02,2025-01-02,25800.0,PE,NIFTY2510225800PE,0.0,0.0,0.0,1992.0,1992.0,1992.0,23813.4,1958.0,6900,0,0,0.0,0,F1,75,,,,,
