TradDt,BizDt,Sgmt,Src,FinInstrmTp,FinInstrmId,ISIN,TckrSymb,SctySrs,XpryDt,FininstrmActlXpryDt,StrkPric,OptnTp,FinInstrmNm,OpnPric,HghPric,LwPric,ClsPric,LastPric,PrvsClsgPric,UndrlygPric,SttlmPric,OpnIntrst,ChngInOpnIntrst,TtlTradgVol,TtlTrfVal,TtlNbOfTxsExctd,SsnId,NewBrdLotQty,Rmks,Rsvd1,Rsvd2,Rsvd3,Rsvd4
2024-12-02,2024-12-02,FO,NSE,IDO,64564,,NIFTY,,2025-03-27,2025-03-27,23000.0,CE,NIFTY25MAR23000CE,1800.0,2018.0,1769.15,1981.1,1973.25,1883.65,24276.05,1981.1,171350,-100,306,190340590.0,201,F1,25,,,,,
2024-12-02,2024-12-02,FO,NSE,IDO,46031,,NIFTY,,2024-12-12,2024-12-12,23000.0,PE,NIFTY24D1223000PE,16.0,21.8,12.0,13.1,13.45,16.0,24276.05,13.1,749525,235100,76449,43986773063.75,19598,F1,25,,,,,
2024-12-02,2024-12-02,FO,NSE,IDO,43271,,NIFTY,,2025-01-30,2025-01-30,23000.0,CE,NIFTY25JAN23000CE,1457.85,1713.7,1455.25,1681.3,1675.0,1571.8,24276.05,1681.3,91925,1100,306,187957350.0,136,F1,25,,,,,
2024-12-02,2024-12-02,FO,NSE,IDO,47358,,NIFTY,,2024-12-19,2024-12-19,23550.0,CE,NIFTY24D1923550CE,0.0,0.0,0.0,945.65,945.65,945.65,24276.05,845.95,0,0,0,0.0,0,F1,25,,,,,
2024-12-02,2024-12-02,FO,NSE,IDO,46263,,NIFTY,,2025-01-30,2025-01-30,23550.0,CE,NIFTY25JAN23550CE,1138.8,1138.8,1138.8,1138.8,1138.8,1010.2,24276.05,1155.3,4075,25,1,617220.0,1,F1,25,,,,,
2024-12-02,2024-12-02,FO,NSE,IDO,55639,,NIFTY,,2025-02-27,2025-02-27,23000.0,CE,NIFTY25FEB23000CE,0.0,0.0,0.0,1604.65,0.0,1604.65,24276.05,1763.85,0,0,0,0.0,0,F1,75,,,,,
2024-12-02,2024-12-02,FO,NSE,IDO,57623,,NIFTY,,2025-02-27,2025-02-27,24550.0,CE,NIFTY25FEB24550CE,0.0,0.0,0.0,693.75,0.0,693.75,24276.05,709.55,0,0,0,0.0,0,F1,75,,,,,
2024-12-02,2024-12-02,FO,NSE,IDO,37810,,NIFTY,,2026-12-31,2026-12-31,23000.0,PE,NIFTY26DEC23000PE,710.0,710.0,625.0,625.0,625.0,548.0,24276.05,625.0,12425,-25,7,4136500.0,3,F1,25,,,,,
2024-12-02,2024-12-02,FO,NSE,IDO,47414,,NIFTY,,2024-12-19,2024-12-19,24550.0,PE,NIFTY24D1924550PE,455.1,455.1,368.5,376.5,372.55,447.75,24276.05,376.5,1375,875,47,29310782.5,17,F1,25,,,,,
2024-12-02,2024-12-02,FO,NSE,IDO,67780,,NIFTY,,2028-12-28,2028-12-28,23000.0,CE,NIFTY28DEC23000CE,0.0,0.0,0.0,6377.6,0.0,6377.6,24276.05,7134.85,0,0,0,0.0,0,F1,25,,,,,
2024-12-02,2024-12-02,FO,NSE,IDO,53619,,NIFTY,,2027-12-30,2027-12-30,23000.0,PE,NIFTY27DEC23000PE,0.0,0.0,0.0,2201.3,0.0,2201.3,24276.05,362.25,0,0,0,0.0,0,F1,25,,,,,
2024-12-02,2024-12-02,FO,NSE,IDO,46119,,NIFTY,,2024-12-12,2024-12-12,24550.0,CE,NIFTY24D1224550CE,74.0,158.45,62.85,138.55,141.0,94.5,24276.05,138.55,85850,20800,20544,12665706457.5,7052,F1,25,,,,,
2024-12-02,2024-12-02,FO,NSE,IDO,57583,,NIFTY,,2025-02-27,2025-02-27,23550.0,CE,NIFTY25FEB23550CE,0.0,0.0,0.0,1228.3,0.0,1228.3,24276.05,1332.85,0,0,0,0.0,0,F1,75,,,,,
2024-12-02,2024-12-02,FO,NSE,IDO,42477,,NIFTY,,2024-12-26,2024-12-26,24550.0,PE,NIFTY24DEC24550PE,522.0,540.35,370.0,393.55,413.55,455.95,24276.05,393.55,47375,14425,2425,1513773912.5,1057,F1,25,,,,,
2024-12-02,2024-12-02,FO,NSE,IDO,37749,,NIFTY,,2025-06-26,2025-06-26,23000.0,CE,NIFTY25JUN23000CE,2250.0,2424.8,2182.0,2395.35,2395.35,2271.75,24276.05,2380.35,32525,475,59,37352482.5,52,F1,25,,,,,
2024-12-02,2024-12-02,FO,NSE,IDO,46120,,NIFTY,,2024-12-12,2024-12-12,24550.0,PE,NIFTY24D1224550PE,474.1,515.95,315.0,334.35,339.65,414.1,24276.05,334.35,24100,12900,931,580289890.0,347,F1,25,,,,,
2024-12-02,2024-12-02,FO,NSE,IDO,37724,,NIFTY,,2024-12-26,2024-12-26,23000.0,CE,NIFTY24DEC23000CE,1305.05,1504.1,1223.2,1464.2,1466.85,1345.7,24276.05,1464.2,1260525,-24325,5789,3527908228.75,2385,F1,25,,,,,
2024-12-02,2024-12-02,FO,NSE,IDO,37748,,NIFTY,,2024-12-26,2024-12-26,23000.0,PE,NIFTY24DEC23000PE,50.0,64.2,42.6,44.2,45.5,51.7,24276.05,44.2,5263725,207025,131475,75760865753.75,30661,F1,25,,,,,
2024-12-02,2024-12-02,FO,NSE,IDO,46030,,NIFTY,,2024-12-12,2024-12-12,23000.0,CE,NIFTY24D1223000CE,1100.0,1380.0,1100.0,1353.45,1356.0,1237.0,24276.05,1353.45,15950,800,60,36367278.75,30,F1,25,,,,,
2024-12-02,2024-12-02,FO,NSE,IDO,47315,,NIFTY,,2024-12-19,2024-12-19,23000.0,CE,NIFTY24D1923000CE,1304.35,1353.25,1304.35,1353.25,1353.25,864.35,24276.05,1355.5,75,75,3,1824733.75,3,F1,25,,,,,
2024-12-02,2024-12-02,FO,NSE,IDO,52945,,NIFTY,,2024-12-05,2024-12-05,23000.0,CE,NIFTY24D0523000CE,1192.0,1343.0,1050.0,1305.35,1305.3,1189.3,24276.05,1305.35,94775,-7975,3207,1938241175.0,1013,F1,25,,,,,
2024-12-02,2024-12-02,FO,NSE,IDO,57629,,NIFTY,,2025-02-27,2025-02-27,24700.0,CE,NIFTY25FEB24700CE,0.0,0.0,0.0,630.4,0.0,630.4,24276.05,636.15,0,0,0,0.0,0,F1,75,,,,,
2024-12-02,2024-12-02,FO,NSE,IDO,42550,,NIFTY,,2024-12-26,2024-12-26,24700.0,PE,NIFTY24DEC24700PE,615.0,650.25,447.1,473.4,475.05,548.55,24276.05,473.4,130500,1800,3690,2327371071.25,1633,F1,25,,,,,
2024-12-02,2024-12-02,FO,NSE,IDO,52473,,NIFTY,,2025-01-02,2025-01-02,23400.0,CE,NIFTY2510223400CE,0.0,0.0,0.0,584.25,0.0,584.25,24276.05,1080.6,0,0,0,0.0,0,F1,75,,,,,
2024-12-02,2024-12-02,FO,NSE,IDO,55655,,NIFTY,,2025-02-27,2025-02-27,23400.0,CE,NIFTY25FEB23400CE,0.0,0.0,0.0,1325.15,0.0,1325.15,24276.05,1444.95,0,0,0,0.0,0,F1,75,,,,,
2024-12-02,2024-12-02,FO,NSE,IDO,52414,,NIFTY,,2025-01-02,2025-01-02,22400.0,PE,NIFTY2510222400PE,0.0,0.0,0.0,122.6,0.0,122.6,24276.05,5.25,0,0,0,0.0,0,F1,75,,,,,
2024-12-02,2024-12-02,FO,NSE,IDO,55615,,NIFTY,,2025-02-27,2025-02-27,22400.0,CE,NIFTY25FEB22400CE,0.0,0.0,0.0,2070.15,0.0,2070.15,24276.05,2286.1,0,0,0,0.0,0,F1,75,,,,,
2024-12-02,2024-12-02,FO,NSE,IDO,48654,,NIFTY,,2024-12-26,2024-12-26,25150.0,PE,NIFTY24DEC25150PE,948.5,948.5,760.5,788.35,788.7,889.3,24276.05,788.35,7225,250,27,17532952.5,15,F1,25,,,,,
2024-12-02,2024-12-02,FO,NSE,IDO,55616,,NIFTY,,2025-02-27,2025-02-27,22400.0,PE,NIFTY25FEB22400PE,0.0,0.0,0.0,152.0,0.0,152.0,24276.05,52.5,0,0,0,0.0,0,F1,75,,,,,
2024-12-02,2024-12-02,FO,NSE,IDO,52609,,NIFTY,,2025-01-02,2025-01-02,25150.0,CE,NIFTY2510225150CE,0.0,0.0,0.0,73.75,0.0,73.75,24276.05,132.05,0,0,0,0.0,0,F1,75,,,,,
2024-12-02,2024-12-02,FO,NSE,IDO,57649,,NIFTY,,2025-02-27,2025-02-27,25150.0,CE,NIFTY25FEB25150CE,0.0,0.0,0.0,465.35,0.0,465.35,24276.05,447.4,0,0,0,0.0,0,F1,75,,,,,
2024-12-02,2024-12-02,FO,NSE,IDO,53034,,NIFTY,,2024-12-05,2024-12-05,24550.0,PE,NIFTY24D0524550PE,427.65,518.7,266.7,294.75,293.5,390.55,24276.05,294.75,164575,132150,37908,23574078016.25,15240,F1,25,,,,,
2024-12-02,2024-12-02,FO,NSE,IDO,52451,,NIFTY,,2025-01-02,2025-01-02,23000.0,CE,NIFTY2510223000CE,0.0,0.0,0.0,820.65,0.0,820.65,24276.05,1435.9,0,0,0,0.0,0,F1,75,,,,,
2024-12-02,2024-12-02,FO,NSE,IDO,52946,,NIFTY,,2024-12-05,2024-12-05,23000.0,PE,NIFTY24D0523000PE,3.85,5.6,2.9,3.2,3.1,4.4,24276.05,3.2,13749975,5559375,2446335,1406855133878.75,241483,F1,25,,,,,
2024-12-02,2024-12-02,FO,NSE,IDO,41670,,NIFTY,,2024-12-26,2024-12-26,23550.0,PE,NIFTY24DEC23550PE,108.8,143.2,92.35,97.75,98.0,115.25,24276.05,97.75,71025,20675,4470,2644032012.5,1563,F1,25,,,,,
2024-12-02,2024-12-02,FO,NSE,IDO,46383,,NIFTY,,2025-01-30,2025-01-30,24550.0,PE,NIFTY25JAN24550PE,531.0,534.95,468.0,481.5,480.85,528.9,24276.05,481.5,11175,4825,219,137108783.75,102,F1,25,,,,,
2024-12-02,2024-12-02,FO,NSE,IDO,53028,,NIFTY,,2024-12-05,2024-12-05,24550.0,CE,NIFTY24D0524550CE,35.0,67.75,12.8,51.25,52.8,30.2,24276.05,51.25,1662875,392275,2682058,1648645466857.5,612387,F1,25,,,,,
2024-12-02,2024-12-02,FO,NSE,IDO,89629,,NIFTY,,2029-06-28,2029-06-28,23000.0,PE,NIFTY29JUN23000PE,0.0,0.0,0.0,543.65,0.0,543.65,24276.05,310.35,0,0,0,0.0,0,F1,25,,,,,
2024-12-02,2024-12-02,FO,NSE,IDO,37795,,NIFTY,,2025-12-24,2025-12-24,23000.0,CE,NIFTY25DEC23000CE,2920.0,3153.1,2896.85,3122.85,3118.75,2990.05,24276.05,3122.85,44075,50,37,24138831.25,37,F1,25,,,,,
2024-12-02,2024-12-02,FO,NSE,IDO,53618,,NIFTY,,2027-12-30,2027-12-30,23000.0,CE,NIFTY27DEC23000CE,0.0,0.0,0.0,4125.7,0.0,4125.7,24276.05,5951.55,0,0,0,0.0,0,F1,25,,,,,
2024-12-02,2024-12-02,FO,NSE,IDO,46374,,NIFTY,,2025-01-30,2025-01-30,24550.0,CE,NIFTY25JAN24550CE,420.0,540.35,419.9,526.25,524.6,453.5,24276.05,526.25,11850,2550,242,151552525.0,144,F1,25,,,,,
2024-12-02,2024-12-02,FO,NSE,IDO,52499,,NIFTY,,2025-01-02,2025-01-02,23550.0,CE,NIFTY2510223550CE,0.0,0.0,0.0,508.1,0.0,508.1,24276.05,956.65,0,0,0,0.0,0,F1,75,,,,,
2024-12-02,2024-12-02,FO,NSE,IDO,46264,,NIFTY,,2025-01-30,2025-01-30,23550.0,PE,NIFTY25JAN23550PE,210.0,215.85,188.9,192.2,191.55,209.95,24276.05,192.2,3725,-75,59,35020768.75,12,F1,25,,,,,
2024-12-02,2024-12-02,FO,NSE,IDO,37799,,NIFTY,,2026-06-25,2026-06-25,23000.0,CE,NIFTY26JUN23000CE,0.0,0.0,0.0,2645.65,0.0,2645.65,24276.05,3944.6,0,0,0,0.0,0,F1,25,,,,,
2024-12-02,2024-12-02,FO,NSE,IDO,47359,,NIFTY,,2024-12-19,2024-12-19,23550.0,PE,NIFTY24D1923550PE,108.3,108.3,67.75,73.55,75.5,88.2,24276.05,73.55,7850,2925,325,191965798.75,65,F1,25,,,,,
2024-12-02,2024-12-02,FO,NSE,IDO,57584,,NIFTY,,2025-02-27,2025-02-27,23550.0,PE,NIFTY25FEB23550PE,0.0,0.0,0.0,439.4,0.0,439.4,24276.05,230.9,0,0,0,0.0,0,F1,75,,,,,
2024-12-02,2024-12-02,FO,NSE,IDO,37796,,NIFTY,,2025-12-24,2025-12-24,23000.0,PE,NIFTY25DEC23000PE,500.0,549.95,456.3,465.05,470.0,481.3,24276.05,465.05,234875,2525,548,321642297.5,318,F1,25,,,,,
2024-12-02,2024-12-02,FO,NSE,IDO,46069,,NIFTY,,2024-12-12,2024-12-12,23550.0,CE,NIFTY24D1223550CE,656.4,868.0,638.0,829.3,829.3,728.85,24276.05,829.3,3050,1175,196,118963715.0,53,F1,25,,,,,
2024-12-02,2024-12-02,FO,NSE,IDO,52501,,NIFTY,,2025-01-02,2025-01-02,23550.0,PE,NIFTY2510223550PE,0.0,0.0,0.0,480.0,480.0,480.0,24276.05,96.0,75,0,0,0.0,0,F1,75,,,,,
2024-12-02,2024-12-02,FO,NSE,IDO,86150,,NIFTY,,2028-06-29,2028-06-29,23000.0,PE,NIFTY28JUN23000PE,0.0,0.0,0.0,1399.25,0.0,1399.25,24276.05,346.8,0,0,0,0.0,0,F1,25,,,,,
2024-12-02,2024-12-02,FO,NSE,IDO,37805,,NIFTY,,2026-06-25,2026-06-25,23000.0,PE,NIFTY26JUN23000PE,0.0,0.0,0.0,500.55,500.55,500.55,24276.05,367.5,400,0,0,0.0,0,F1,25,,,,,
2024-12-02,2024-12-02,FO,NSE,IDO,71559,,NIFTY,,2027-06-24,2027-06-24,23000.0,PE,NIFTY27JUN23000PE,0.0,0.0,0.0,4514.3,0.0,4514.3,24276.05,373.85,0,0,0,0.0,0,F1,25,,,,,
2024-12-02,2024-12-02,FO,NSE,IDO,64161,,NIFTY,,2024-12-26,2024-12-26,27200.0,PE,NIFTY24DEC27200PE,0.0,0.0,0.0,3038.0,3038.0,3038.0,24276.05,2803.75,625,0,0,0.0,0,F1,25,,,,,
2024-12-02,2024-12-02,FO,NSE,IDO,62400,,NIFTY,,2024-12-26,2024-12-26,26300.0,PE,NIFTY24DEC26300PE,1960.0,1960.0,1852.8,1854.0,1854.0,1969.3,24276.05,1912.6,14650,-50,4,2818020.0,3,F1,25,,,,,
2024-12-02,2024-12-02,FO,NSE,IDO,42129,,NIFTY,,2025-12-24,2025-12-24,31000.0,CE,NIFTY25DEC31000CE,0.0,0.0,0.0,115.0,115.0,115.0,24276.05,201.4,6925,0,0,0.0,0,F1,25,,,,,
2024-12-02,2024-12-02,FO,NSE,IDO,64707,,NIFTY,,2025-09-25,2025-09-25,31000.0,PE,NIFTY25SEP31000PE,0.0,0.0,0.0,3384.5,0.0,3384.5,24276.05,5158.3,0,0,0,0.0,0,F1,25,,,,,
2024-12-02,2024-12-02,FO,NSE,IDO,67796,,NIFTY,,2028-12-28,2028-12-28,31000.0,CE,NIFTY28DEC31000CE,0.0,0.0,0.0,2968.35,0.0,2968.35,24276.05,3021.4,0,0,0,0.0,0,F1,25,,,,,
2024-12-02,2024-12-02,FO,NSE,IDO,42144,,NIFTY,,2027-12-30,2027-12-30,31000.0,CE,NIFTY27DEC31000CE,0.0,0.0,0.0,1546.6,0.0,1546.6,24276.05,1947.85,0,0,0,0.0,0,F1,25,,,,,
2024-12-02,2024-12-02,FO,NSE,IDO,89644,,NIFTY,,2029-06-28,2029-06-28,31000.0,CE,NIFTY29JUN31000CE,0.0,0.0,0.0,4882.55,0.0,4882.55,24276.05,3570.15,0,0,0,0.0,0,F1,25,,,,,
2024-12-02,2024-12-02,FO,NSE,IDO,42143,,NIFTY,,2027-06-24,2027-06-24,31000.0,PE,NIFTY27JUN31000PE,0.0,0.0,0.0,4436.25,0.0,4436.25,24276.05,3225.6,0,0,0,0.0,0,F1,25,,,,,
2024-12-02,2024-12-02,FO,NSE,IDO,42155,,NIFTY,,2028-06-29,2028-06-29,31000.0,CE,NIFTY28JUN31000CE,0.0,0.0,0.0,1955.45,0.0,1955.45,24276.05,2478.55,0,0,0,0.0,0,F1,25,,,,,
2024-12-02,2024-12-02,FO,NSE,IDO,42132,,NIFTY,,2025-12-24,2025-12-24,31000.0,PE,NIFTY25DEC31000PE,0.0,0.0,0.0,6296.45,0.0,6296.45,24276.05,4784.25,0,0,0,0.0,0,F1,25,,,,,
2024-12-02,2024-12-02,FO,NSE,IDO,42125,,NIFTY,,2025-06-26,2025-06-26,31000.0,CE,NIFTY25JUN31000CE,0.0,0.0,0.0,104.1,0.0,104.1,24276.05,23.8,0,0,0,0.0,0,F1,25,,,,,
2024-12-02,2024-12-02,FO,NSE,IDO,42121,,NIFTY,,2024-12-26,2024-12-26,31000.0,CE,NIFTY24DEC31000CE,2.75,2.8,2.2,2.3,2.3,2.7,24276.05,2.3,717750,109075,8007,6205912675.0,482,F1,25,,,,,
2024-12-02,2024-12-02,FO,NSE,IDO,42133,,NIFTY,,2026-06-25,2026-06-25,31000.0,CE,NIFTY26JUN31000CE,0.0,0.0,0.0,507.8,0.0,507.8,24276.05,528.45,0,0,0,0.0,0,F1,25,,,,,
2024-12-02,2024-12-02,FO,NSE,IDO,42159,,NIFTY,,2028-06-29,2028-06-29,31000.0,PE,NIFTY28JUN31000PE,0.0,0.0,0.0,3541.95,0.0,3541.95,24276.05,2555.4,0,0,0,0.0,0,F1,25,,,,,
2024-12-02,2024-12-02,FO,NSE,IDO,67797,,NIFTY,,2028-12-28,2028-12-28,31000.0,PE,NIFTY28DEC31000PE,0.0,0.0,0.0,2722.7,0.0,2722.7,24276.05,2292.25,0,0,0,0.0,0,F1,25,,,,,
2024-12-02,2024-12-02,FO,NSE,IDO,42134,,NIFTY,,2026-06-25,2026-06-25,31000.0,PE,NIFTY26JUN31000PE,0.0,0.0,0.0,5585.0,0.0,5585.0,24276.05,4151.0,0,0,0,0.0,0,F1,25,,,,,
2024-12-02,2024-12-02,FO,NSE,IDO,42137,,NIFTY,,2026-12-31,2026-12-31,31000.0,PE,NIFTY26DEC31000PE,0.0,0.0,0.0,4949.65,0.0,4949.65,24276.05,3627.3,0,0,0,0.0,0,F1,25,,,,,
2024-12-02,2024-12-02,FO,NSE,IDO,42142,,NIFTY,,2027-06-24,2027-06-24,31000.0,CE,NIFTY27JUN31000CE,0.0,0.0,0.0,1151.25,0.0,1151.25,24276.05,1419.25,0,0,0,0.0,0,F1,25,,,,,
2024-12-02,2024-12-02,FO,NSE,IDO,64593,,NIFTY,,2025-03-27,2025-03-27,31000.0,PE,NIFTY25MAR31000PE,0.0,0.0,0.0,6521.65,0.0,6521.65,24276.05,6072.8,0,0,0,0.0,0,F1,25,,,,,
2024-12-02,2024-12-02,FO,NSE,IDO,64181,,NIFTY,,2024-12-26,2024-12-26,27300.0,PE,NIFTY24DEC27300PE,0.0,0.0,0.0,3150.0,3150.0,3150.0,24276.05,2903.2,400,0,0,0.0,0,F1,25,,,,,
2024-12-02,2024-12-02,FO,NSE,IDO,43286,,NIFTY,,2025-01-30,2025-01-30,23100.0,PE,NIFTY25JAN23100PE,152.45,155.0,120.0,123.85,122.4,135.6,24276.05,123.85,39300,1175,776,450699613.75,201,F1,25,,,,,
2024-12-02,2024-12-02,FO,NSE,IDO,55643,,NIFTY,,2025-02-27,2025-02-27,23100.0,CE,NIFTY25FEB23100CE,0.0,0.0,0.0,1532.3,0.0,1532.3,24276.05,1681.6,0,0,0,0.0,0,F1,75,,,,,
2024-12-02,2024-12-02,FO,NSE,IDO,46207,,NIFTY,,2024-12-12,2024-12-12,26000.0,CE,NIFTY24D1226000CE,2.35,2.4,1.6,2.05,1.9,2.3,24276.05,2.05,490475,353525,32556,21162995580.0,3068,F1,25,,,,,
2024-12-02,2024-12-02,FO,NSE,IDO,53117,,NIFTY,,2024-12-05,2024-12-05,26000.0,CE,NIFTY24D0526000CE,0.85,0.9,0.5,0.6,0.6,0.85,24276.05,0.6,7767750,438650,755348,490989048117.5,44606,F1,25,,,,,
2024-12-02,2024-12-02,FO,NSE,IDO,47490,,NIFTY,,2024-12-19,2024-12-19,26000.0,PE,NIFTY24D1926000PE,1620.0,1620.0,1620.0,1620.0,1620.0,2313.45,24276.05,1620.0,50,50,2,1381000.0,1,F1,25,,,,,
2024-12-02,2024-12-02,FO,NSE,IDO,89635,,NIFTY,,2029-06-28,2029-06-28,26000.0,PE,NIFTY29JUN26000PE,0.0,0.0,0.0,1391.75,1391.75,1391.75,24276.05,735.85,25,0,0,0.0,0,F1,25,,,,,
2024-12-02,2024-12-02,FO,NSE,IDO,71476,,NIFTY,,2026-06-25,2026-06-25,26000.0,CE,NIFTY26JUN26000CE,0.0,0.0,0.0,1490.25,1490.25,1490.25,24276.05,2109.05,725,0,0,0.0,0,F1,25,,,,,
2024-12-02,2024-12-02,FO,NSE,IDO,71477,,NIFTY,,2026-06-25,2026-06-25,26000.0,PE,NIFTY26JUN26000PE,0.0,0.0,0.0,6709.2,0.0,6709.2,24276.05,1231.85,0,0,0,0.0,0,F1,25,,,,,
2024-12-02,2024-12-02,FO,NSE,IDO,71564,,NIFTY,,2027-06-24,2027-06-24,26000.0,CE,NIFTY27JUN26000CE,0.0,0.0,0.0,1900.85,0.0,1900.85,24276.05,3443.55,0,0,0,0.0,0,F1,25,,,,,
2024-12-02,2024-12-02,FO,NSE,IDO,52911,,NIFTY,,2024-12-05,2024-12-05,22250.0,CE,NIFTY24D0522250CE,0.0,0.0,0.0,2352.25,0.0,2352.25,24276.05,2038.4,0,0,0,0.0,0,F1,25,,,,,
2024-12-02,2024-12-02,FO,NSE,IDO,55610,,NIFTY,,2025-02-27,2025-02-27,22250.0,PE,NIFTY25FEB22250PE,0.0,0.0,0.0,129.25,0.0,129.25,24276.05,41.7,0,0,0,0.0,0,F1,75,,,,,
2024-12-02,2024-12-02,FO,NSE,IDO,45914,,NIFTY,,2024-12-12,2024-12-12,22250.0,PE,NIFTY24D1222250PE,5.35,5.35,2.55,3.4,3.35,16.05,24276.05,3.4,600,600,182,101252707.5,49,F1,25,,,,,
2024-12-02,2024-12-02,FO,NSE,IDO,52967,,NIFTY,,2024-12-05,2024-12-05,23550.0,CE,NIFTY24D0523550CE,573.3,809.65,521.85,761.55,769.25,652.45,24276.05,761.55,30800,4275,3324,2009191831.25,1534,F1,25,,,,,
2024-12-02,2024-12-02,FO,NSE,IDO,52452,,NIFTY,,2025-01-02,2025-01-02,23000.0,PE,NIFTY2510223000PE,77.4,79.95,58.2,66.75,67.0,278.35,24276.05,66.75,1800,1800,33,57100057.5,22,F1,75,,,,,
2024-12-02,2024-12-02,FO,NSE,IDO,89628,,NIFTY,,2029-06-28,2029-06-28,23000.0,CE,NIFTY29JUN23000CE,0.0,0.0,0.0,8636.0,0.0,8636.0,24276.05,7694.35,0,0,0,0.0,0,F1,25,,,,,
2024-12-02,2024-12-02,FO,NSE,IDO,41020,,NIFTY,,2024-12-26,2024-12-26,18500.0,CE,NIFTY24DEC18500CE,0.0,0.0,0.0,5199.0,5199.0,5199.0,24276.05,5858.0,1050,0,0,0.0,0,F1,25,,,,,
2024-12-02,2024-12-02,FO,NSE,IDO,42474,,NIFTY,,2024-12-26,2024-12-26,24550.0,CE,NIFTY24DEC24550CE,191.05,296.5,170.0,271.5,276.65,216.7,24276.05,271.5,85825,1925,8833,5472444947.5,3028,F1,25,,,,,
2024-12-02,2024-12-02,FO,NSE,IDO,71558,,NIFTY,,2027-06-24,2027-06-24,23000.0,CE,NIFTY27JUN23000CE,0.0,0.0,0.0,2530.05,0.0,2530.05,24276.05,5298.45,0,0,0,0.0,0,F1,25,,,,,
2024-12-02,2024-12-02,FO,NSE,IDO,52578,,NIFTY,,2025-01-02,2025-01-02,24550.0,CE,NIFTY2510224550CE,0.0,0.0,0.0,167.65,0.0,167.65,24276.05,326.25,0,0,0,0.0,0,F1,75,,,,,
2024-12-02,2024-12-02,FO,NSE,IDO,52579,,NIFTY,,2025-01-02,2025-01-02,24550.0,PE,NIFTY2510224550PE,0.0,0.0,0.0,1162.4,0.0,1162.4,24276.05,459.85,0,0,0,0.0,0,F1,75,,,,,
2024-12-02,2024-12-02,FO,NSE,IDO,41665,,NIFTY,,2024-12-26,2024-12-26,23550.0,CE,NIFTY24DEC23550CE,837.8,1002.25,821.85,965.2,968.65,881.7,24276.05,965.2,26000,-4475,275,168126893.75,59,F1,25,,,,,
2024-12-02,2024-12-02,FO,NSE,IDO,55640,,NIFTY,,2025-02-27,2025-02-27,23000.0,PE,NIFTY25FEB23000PE,219.4,219.4,169.25,173.95,175.0,185.35,24276.05,173.95,64950,38100,902,1568272372.5,533,F1,75,,,,,
2024-12-02,2024-12-02,FO,NSE,IDO,64565,,NIFTY,,2025-03-27,2025-03-27,23000.0,PE,NIFTY25MAR23000PE,233.95,246.3,204.35,209.0,215.0,221.35,24276.05,209.0,1285200,13575,9323,5411309893.75,2943,F1,25,,,,,
2024-12-02,2024-12-02,FO,NSE,IDO,47316,,NIFTY,,2024-12-19,2024-12-19,23000.0,PE,NIFTY24D1923000PE,43.15,49.15,25.65,28.8,29.3,33.9,24276.05,28.8,164725,35650,7752,4463812612.5,2878,F1,25,,,,,
2024-12-02,2024-12-02,FO,NSE,IDO,57624,,NIFTY,,2025-02-27,2025-02-27,24550.0,PE,NIFTY25FEB24550PE,0.0,0.0,0.0,886.8,0.0,886.8,24276.05,591.7,0,0,0,0.0,0,F1,75,,,,,
2024-12-02,2024-12-02,FO,NSE,IDO,52970,,NIFTY,,2024-12-05,2024-12-05,23550.0,PE,NIFTY24D0523550PE,15.8,29.2,12.0,13.6,12.5,17.5,24276.05,13.6,2016775,821925,1072516,631922393487.5,174516,F1,25,,,,,
2024-12-02,2024-12-02,FO,NSE,IDO,47413,,NIFTY,,2024-12-19,2024-12-19,24550.0,CE,NIFTY24D1924550CE,157.5,229.0,135.7,198.9,198.9,156.05,24276.05,198.9,975,0,93,57553133.75,42,F1,25,,,,,
2024-12-02,2024-12-02,FO,NSE,IDO,67781,,NIFTY,,2028-12-28,2028-12-28,23000.0,PE,NIFTY28DEC23000PE,0.0,0.0,0.0,643.35,700.0,643.35,24276.05,329.1,100,0,0,0.0,0,F1,25,,,,,
2024-12-02,2024-12-02,FO,NSE,IDO,37794,,NIFTY,,2025-06-26,2025-06-26,23000.0,PE,NIFTY25JUN23000PE,331.7,332.85,291.6,296.65,293.0,310.4,24276.05,296.65,245225,3300,757,441022227.5,513,F1,25,,,,,
2024-12-02,2024-12-02,FO,NSE,IDO,46070,,NIFTY,,2024-12-12,2024-12-12,23550.0,PE,NIFTY24D1223550PE,71.25,75.85,40.9,43.85,44.3,54.6,24276.05,43.85,103125,3525,12079,7126939766.25,4649,F1,25,,,,,
2024-12-02,2024-12-02,FO,NSE,IDO,64690,,NIFTY,,2025-09-25,2025-09-25,23000.0,CE,NIFTY25SEP23000CE,0.0,0.0,0.0,5026.1,0.0,5026.1,24276.05,2803.5,0,0,0,0.0,0,F1,25,,,,,
2024-12-02,2024-12-02,FO,NSE,IDO,64691,,NIFTY,,2025-09-25,2025-09-25,23000.0,PE,NIFTY25SEP23000PE,0.0,0.0,0.0,195.15,0.0,195.15,24276.05,298.25,0,0,0,0.0,0,F1,25,,,,,
2024-12-02,2024-12-02,FO,NSE,IDO,86149,,NIFTY,,2028-06-29,2028-06-29,23000.0,CE,NIFTY28JUN23000CE,0.0,0.0,0.0,4323.1,0.0,4323.1,24276.05,6554.55,0,0,0,0.0,0,F1,25,,,,,
2024-12-02,2024-12-02,FO,NSE,IDO,43272,,NIFTY,,2025-01-30,2025-01-30,23000.0,PE,NIFTY25JAN23000PE,132.95,143.15,109.25,112.75,112.85,122.5,24276.05,112.75,1329225,156650,25665,14834095866.25,8997,F1,25,,,,,
2024-12-02,2024-12-02,FO,NSE,IDO,52634,,NIFTY,,2025-01-02,2025-01-02,25550.0,PE,NIFTY2510225550PE,0.0,0.0,0.0,2026.25,0.0,2026.25,24276.05,1191.95,0,0,0,0.0,0,F1,75,,,,,
2024-12-02,2024-12-02,FO,NSE,IDO,52633,,NIFTY,,2025-01-02,2025-01-02,25550.0,CE,NIFTY2510225550CE,0.0,0.0,0.0,39.85,0.0,39.85,24276.05,64.05,0,0,0,0.0,0,F1,75,,,,,
2024-12-02,2024-12-02,FO,NSE,IDO,52520,,NIFTY,,2025-01-02,2025-01-02,23750.0,CE,NIFTY2510223750CE,697.55,790.55,696.0,730.15,730.15,417.35,24276.05,801.5,2400,2400,35,64259718.75,22,F1,75,,,,,
2024-12-02,2024-12-02,FO,NSE,IDO,41685,,NIFTY,,2024-12-26,2024-12-26,23750.0,CE,NIFTY24DEC23750CE,704.2,840.0,611.05,810.45,807.2,704.2,24276.05,810.45,30325,-2300,570,348881742.5,179,F1,25,,,,,
2024-12-02,2024-12-02,FO,NSE,IDO,64557,,NIFTY,,2025-03-27,2025-03-27,20000.0,PE,NIFTY25MAR20000PE,33.3,33.6,27.15,29.1,29.8,31.15,24276.05,29.1,342100,5100,1992,997472040.0,865,F1,25,,,,,
2024-12-02,2024-12-02,FO,NSE,IDO,53061,,NIFTY,,2024-12-05,2024-12-05,24950.0,CE,NIFTY24D0524950CE,3.05,5.85,0.05,4.05,4.0,3.4,24276.05,4.05,1960625,802175,1544756,963683310816.25,135701,F1,25,,,,,
2024-12-02,2024-12-02,FO,NSE,IDO,71551,,NIFTY,,2027-06-24,2027-06-24,20000.0,CE,NIFTY27JUN20000CE,0.0,0.0,0.0,3367.05,0.0,3367.05,24276.05,7536.85,0,0,0,0.0,0,F1,25,,,,,
2024-12-02,2024-12-02,FO,NSE,IDO,53053,,NIFTY,,2024-12-05,2024-12-05,24800.0,PE,NIFTY24D0524800PE,636.75,755.4,468.25,497.6,502.85,606.1,24276.05,497.6,98175,27350,17058,10818018191.25,4183,F1,25,,,,,
2024-12-02,2024-12-02,FO,NSE,IDO,47423,,NIFTY,,2024-12-19,2024-12-19,24800.0,CE,NIFTY24D1924800CE,69.7,128.0,60.95,112.15,114.7,84.95,24276.05,112.15,19950,-550,2607,1622492062.5,1003,F1,25,,,,,
2024-12-02,2024-12-02,FO,NSE,IDO,52595,,NIFTY,,2025-01-02,2025-01-02,24800.0,CE,NIFTY2510224800CE,0.0,0.0,0.0,120.8,0.0,120.8,24276.05,229.65,0,0,0,0.0,0,F1,75,,,,,
2024-12-02,2024-12-02,FO,NSE,IDO,46407,,NIFTY,,2025-01-30,2025-01-30,24800.0,PE,NIFTY25JAN24800PE,727.0,737.95,577.0,594.5,596.0,655.5,24276.05,594.5,16825,4575,578,367412432.5,268,F1,25,,,,,
2024-12-02,2024-12-02,FO,NSE,IDO,43482,,NIFTY,,2024-12-26,2024-12-26,24800.0,CE,NIFTY24DEC24800CE,133.7,184.05,97.0,165.75,165.4,127.2,24276.05,165.75,863925,14375,49323,30756461988.75,15968,F1,25,,,,,
2024-12-02,2024-12-02,FO,NSE,IDO,46131,,NIFTY,,2024-12-12,2024-12-12,24800.0,CE,NIFTY24D1224800CE,35.05,71.5,25.0,59.75,62.75,39.45,24276.05,59.75,481700,237125,113749,70663225696.25,34185,F1,25,,,,,
2024-12-02,2024-12-02,FO,NSE,IDO,57633,,NIFTY,,2025-02-27,2025-02-27,24800.0,CE,NIFTY25FEB24800CE,0.0,0.0,0.0,590.5,0.0,590.5,24276.05,590.15,0,0,0,0.0,0,F1,75,,,,,
2024-12-02,2024-12-02,FO,NSE,IDO,52596,,NIFTY,,2025-01-02,2025-01-02,24800.0,PE,NIFTY2510224800PE,0.0,0.0,0.0,1363.45,0.0,1363.45,24276.05,611.8,0,0,0,0.0,0,F1,75,,,,,
2024-12-02,2024-12-02,FO,NSE,IDO,46406,,NIFTY,,2025-01-30,2025-01-30,24800.0,CE,NIFTY25JAN24800CE,304.95,417.0,288.4,395.2,392.4,336.0,24276.05,395.2,48100,-1250,1992,1253162375.0,924,F1,25,,,,,
2024-12-02,2024-12-02,FO,NSE,IDO,46132,,NIFTY,,2024-12-12,2024-12-12,24800.0,PE,NIFTY24D1224800PE,677.6,726.1,480.0,509.7,505.25,607.6,24276.05,509.7,17475,11700,667,422540857.5,172,F1,25,,,,,
2024-12-02,2024-12-02,FO,NSE,IDO,43486,,NIFTY,,2024-12-26,2024-12-26,24800.0,PE,NIFTY24DEC24800PE,649.95,727.7,505.5,534.9,534.15,618.0,24276.05,534.9,812225,-1050,5814,3687994961.25,2579,F1,25,,,,,
2024-12-02,2024-12-02,FO,NSE,IDO,53045,,NIFTY,,2024-12-05,2024-12-05,24800.0,CE,NIFTY24D0524800CE,7.15,15.0,3.55,10.3,10.7,6.95,24276.05,10.3,9420825,4321500,4640111,2877882190496.25,499781,F1,25,,,,,
2024-12-02,2024-12-02,FO,NSE,IDO,57634,,NIFTY,,2025-02-27,2025-02-27,24800.0,PE,NIFTY25FEB24800PE,0.0,0.0,0.0,1029.1,0.0,1029.1,24276.05,718.3,0,0,0,0.0,0,F1,75,,,,,
2024-12-02,2024-12-02,FO,NSE,IDO,46519,,NIFTY,,2025-01-30,2025-01-30,25850.0,CE,NIFTY25JAN25850CE,0.0,0.0,0.0,56.2,56.2,56.2,24276.05,128.95,1625,0,0,0.0,0,F1,25,,,,,
2024-12-02,2024-12-02,FO,NSE,IDO,52647,,NIFTY,,2025-01-02,2025-01-02,25850.0,CE,NIFTY2510225850CE,0.0,0.0,0.0,19.2,19.2,19.2,24276.05,34.85,0,0,0,0.0,0,F1,75,,,,,
2024-12-02,2024-12-02,FO,NSE,IDO,54906,,NIFTY,,2024-12-26,2024-12-26,25850.0,CE,NIFTY24DEC25850CE,9.0,13.5,6.55,11.45,11.95,9.1,24276.05,11.45,30450,-2700,1630,1053812276.25,712,F1,25,,,,,
2024-12-02,2024-12-02,FO,NSE,IDO,46201,,NIFTY,,2024-12-12,2024-12-12,25850.0,PE,NIFTY24D1225850PE,0.0,0.0,0.0,1544.55,0.0,1544.55,24276.05,1526.85,0,0,0,0.0,0,F1,25,,,,,
2024-12-02,2024-12-02,FO,NSE,IDO,47483,,NIFTY,,2024-12-19,2024-12-19,25850.0,CE,NIFTY24D1925850CE,5.15,6.25,5.15,5.3,5.25,16.05,24276.05,5.3,1175,1175,48,31026347.5,11,F1,25,,,,,
2024-12-02,2024-12-02,FO,NSE,IDO,46198,,NIFTY,,2024-12-12,2024-12-12,25850.0,CE,NIFTY24D1225850CE,2.3,2.45,1.85,2.05,2.0,2.6,24276.05,2.05,8825,-7025,4256,2750659526.25,1279,F1,25,,,,,
2024-12-02,2024-12-02,FO,NSE,IDO,57677,,NIFTY,,2025-02-27,2025-02-27,25850.0,CE,NIFTY25FEB25850CE,0.0,0.0,0.0,276.8,0.0,276.8,24276.05,240.25,0,0,0,0.0,0,F1,75,,,,,
2024-12-02,2024-12-02,FO,NSE,IDO,47484,,NIFTY,,2024-12-19,2024-12-19,25850.0,PE,NIFTY24D1925850PE,0.0,0.0,0.0,2168.7,0.0,2168.7,24276.05,1498.95,0,0,0,0.0,0,F1,25,,,,,
2024-12-02,2024-12-02,FO,NSE,IDO,39680,,NIFTY,,2025-06-26,2025-06-26,16000.0,PE,NIFTY25JUN16000PE,0.0,0.0,0.0,20.05,20.05,20.05,24276.05,0.05,50,0,0,0.0,0,F1,25,,,,,
2024-12-02,2024-12-02,FO,NSE,IDO,39672,,NIFTY,,2024-12-26,2024-12-26,16000.0,PE,NIFTY24DEC16000PE,2.35,2.75,2.1,2.3,2.15,2.85,24276.05,2.3,155400,-75,664,265638655.0,152,F1,25,,,,,
2024-12-02,2024-12-02,FO,NSE,IDO,49178,,NIFTY,,2025-12-24,2025-12-24,16000.0,PE,NIFTY25DEC16000PE,0.0,0.0,0.0,20.2,20.2,20.2,24276.05,0.2,2250,0,0,0.0,0,F1,25,,,,,
2024-12-02,2024-12-02,FO,NSE,IDO,50462,,NIFTY,,2026-06-25,2026-06-25,16000.0,PE,NIFTY26JUN16000PE,0.0,0.0,0.0,32.4,32.4,32.4,24276.05,1.05,500,0,0,0.0,0,F1,25,,,,,
2024-12-02,2024-12-02,FO,NSE,IDO,58636,,NIFTY,,2026-12-31,2026-12-31,16000.0,CE,NIFTY26DEC16000CE,0.0,0.0,0.0,6200.0,6200.0,6200.0,24276.05,10374.05,50,0,0,0.0,0,F1,25,,,,,
2024-12-02,2024-12-02,FO,NSE,IDO,49177,,NIFTY,,2025-12-24,2025-12-24,16000.0,CE,NIFTY25DEC16000CE,0.0,0.0,0.0,7200.0,7200.0,7200.0,24276.05,9381.3,50,0,0,0.0,0,F1,25,,,,,
2024-12-02,2024-12-02,FO,NSE,IDO,39669,,NIFTY,,2024-12-26,2024-12-26,16000.0,CE,NIFTY24DEC16000CE,8243.1,8403.8,8191.15,8396.55,8402.0,8248.85,24276.05,8396.55,331300,-100,81,49299272.5,38,F1,25,,,,,
2024-12-02,2024-12-02,FO,NSE,IDO,58637,,NIFTY,,2026-12-31,2026-12-31,16000.0,PE,NIFTY26DEC16000PE,0.0,0.0,0.0,58.45,58.45,58.45,24276.05,2.7,2400,0,0,0.0,0,F1,25,,,,,
2024-12-02,2024-12-02,FO,NSE,IDO,45953,,NIFTY,,2024-12-12,2024-12-12,22450.0,CE,NIFTY24D1222450CE,0.0,0.0,0.0,1930.5,0.0,1930.5,24276.05,1867.55,0,0,0,0.0,0,F1,25,,,,,
2024-12-02,2024-12-02,FO,NSE,IDO,43242,,NIFTY,,2025-01-30,2025-01-30,22450.0,PE,NIFTY25JAN22450PE,0.0,0.0,0.0,152.45,152.45,152.45,24276.05,29.1,200,0,0,0.0,0,F1,25,,,,,
2024-12-02,2024-12-02,FO,NSE,IDO,52913,,NIFTY,,2024-12-05,2024-12-05,22300.0,CE,NIFTY24D0522300CE,2000.0,2030.0,2000.0,2030.0,2030.0,1680.0,24276.05,1988.4,650,0,2,1215750.0,2,F1,25,,,,,
2024-12-02,2024-12-02,FO,NSE,IDO,41540,,NIFTY,,2024-12-26,2024-12-26,22450.0,CE,NIFTY24DEC22450CE,0.0,0.0,0.0,1661.2,1661.2,1661.2,24276.05,1928.15,1375,0,0,0.0,0,F1,25,,,,,
2024-12-02,2024-12-02,FO,NSE,IDO,47277,,NIFTY,,2024-12-19,2024-12-19,22450.0,CE,NIFTY24D1922450CE,0.0,0.0,0.0,1299.6,0.0,1299.6,24276.05,1897.15,0,0,0,0.0,0,F1,25,,,,,
2024-12-02,2024-12-02,FO,NSE,IDO,52402,,NIFTY,,2025-01-02,2025-01-02,22300.0,PE,NIFTY2510222300PE,0.0,0.0,0.0,105.0,0.0,105.0,24276.05,3.85,0,0,0,0.0,0,F1,75,,,,,
2024-12-02,2024-12-02,FO,NSE,IDO,55618,,NIFTY,,2025-02-27,2025-02-27,22450.0,PE,NIFTY25FEB22450PE,0.0,0.0,0.0,160.25,0.0,160.25,24276.05,56.6,0,0,0,0.0,0,F1,75,,,,,
2024-12-02,2024-12-02,FO,NSE,IDO,45954,,NIFTY,,2024-12-12,2024-12-12,22450.0,PE,NIFTY24D1222450PE,5.3,6.25,3.35,4.25,4.35,5.3,24276.05,4.25,8675,2850,957,537215981.25,406,F1,25,,,,,
2024-12-02,2024-12-02,FO,NSE,IDO,52921,,NIFTY,,2024-12-05,2024-12-05,22450.0,CE,NIFTY24D0522450CE,1584.25,1841.05,1584.25,1841.05,1841.05,1675.6,24276.05,1841.05,150,75,44,26495606.25,25,F1,25,,,,,
2024-12-02,2024-12-02,FO,NSE,IDO,41527,,NIFTY,,2024-12-26,2024-12-26,22300.0,PE,NIFTY24DEC22300PE,23.05,24.05,16.75,17.35,17.6,19.65,24276.05,17.35,184700,8250,9469,5283423820.0,3709,F1,25,,,,,
2024-12-02,2024-12-02,FO,NSE,IDO,41541,,NIFTY,,2024-12-26,2024-12-26,22450.0,PE,NIFTY24DEC22450PE,27.25,28.3,19.65,20.95,21.15,23.75,24276.05,20.95,31925,4650,869,488213241.25,301,F1,25,,,,,
2024-12-02,2024-12-02,FO,NSE,IDO,43235,,NIFTY,,2025-01-30,2025-01-30,22300.0,CE,NIFTY25JAN22300CE,0.0,0.0,0.0,2402.3,0.0,2402.3,24276.05,2239.7,0,0,0,0.0,0,F1,25,,,,,
2024-12-02,2024-12-02,FO,NSE,IDO,52401,,NIFTY,,2025-01-02,2025-01-02,22300.0,CE,NIFTY2510222300CE,0.0,0.0,0.0,1341.45,0.0,1341.45,24276.05,2107.35,0,0,0,0.0,0,F1,75,,,,,
2024-12-02,2024-12-02,FO,NSE,IDO,41905,,NIFTY,,2024-12-26,2024-12-26,24500.0,CE,NIFTY24DEC24500CE,247.95,324.0,189.0,297.35,299.0,239.35,24276.05,297.35,3740625,349725,168026,104018296973.75,46076,F1,25,,,,,
2024-12-02,2024-12-02,FO,NSE,IDO,46373,,NIFTY,,2025-01-30,2025-01-30,24500.0,PE,NIFTY25JAN24500PE,549.95,578.5,443.75,459.55,459.8,505.95,24276.05,459.55,878000,114775,20154,12597950105.0,7667,F1,25,,,,,
2024-12-02,2024-12-02,FO,NSE,IDO,43220,,NIFTY,,2025-01-30,2025-01-30,22100.0,PE,NIFTY25JAN22100PE,33.05,52.85,33.05,46.4,46.9,49.85,24276.05,46.4,41900,6175,658,364366986.25,247,F1,25,,,,,
2024-12-02,2024-12-02,FO,NSE,IDO,45905,,NIFTY,,2024-12-12,2024-12-12,22100.0,PE,NIFTY24D1222100PE,3.8,3.8,2.15,3.0,2.9,3.5,24276.05,3.0,53150,47625,6623,3659673381.25,2492,F1,25,,,,,
2024-12-02,2024-12-02,FO,NSE,IDO,47411,,NIFTY,,2024-12-19,2024-12-19,24500.0,CE,NIFTY24D1924500CE,170.0,255.9,135.8,233.4,234.95,179.45,24276.05,233.4,83775,29300,8502,5248482768.75,3261,F1,25,,,,,
2024-12-02,2024-12-02,FO,NSE,IDO,36688,,NIFTY,,2025-12-24,2025-12-24,19500.0,CE,NIFTY25DEC19500CE,0.0,0.0,0.0,6000.0,6000.0,6000.0,24276.05,6144.8,1675,0,0,0.0,0,F1,25,,,,,
2024-12-02,2024-12-02,FO,NSE,IDO,64166,,NIFTY,,2024-12-26,2024-12-26,27250.0,PE,NIFTY24DEC27250PE,0.0,0.0,0.0,1158.55,0.0,1158.55,24276.05,2853.5,0,0,0,0.0,0,F1,25,,,,,
2024-12-02,2024-12-02,FO,NSE,IDO,64163,,NIFTY,,2024-12-26,2024-12-26,27250.0,CE,NIFTY24DEC27250CE,3.4,4.05,3.4,3.95,3.95,8.9,24276.05,0.2,1450,800,46,31341817.5,19,F1,25,,,,,
2024-12-02,2024-12-02,FO,NSE,IDO,47272,,NIFTY,,2024-12-19,2024-12-19,22350.0,PE,NIFTY24D1922350PE,0.0,0.0,0.0,61.1,0.0,61.1,24276.05,0.4,0,0,0,0.0,0,F1,25,,,,,
2024-12-02,2024-12-02,FO,NSE,IDO,43238,,NIFTY,,2025-01-30,2025-01-30,22350.0,PE,NIFTY25JAN22350PE,57.75,59.25,57.75,58.5,59.25,57.2,24276.05,58.5,2550,900,36,20167645.0,7,F1,25,,,,,
2024-12-02,2024-12-02,FO,NSE,IDO,47271,,NIFTY,,2024-12-19,2024-12-19,22350.0,CE,NIFTY24D1922350CE,0.0,0.0,0.0,1386.2,0.0,1386.2,24276.05,1996.6,0,0,0,0.0,0,F1,25,,,,,
2024-12-02,2024-12-02,FO,NSE,IDO,45893,,NIFTY,,2024-12-12,2024-12-12,21950.0,CE,NIFTY24D1221950CE,0.0,0.0,0.0,2409.85,0.0,2409.85,24276.05,2366.6,0,0,0,0.0,0,F1,25,,,,,
2024-12-02,2024-12-02,FO,NSE,IDO,55614,,NIFTY,,2025-02-27,2025-02-27,22350.0,PE,NIFTY25FEB22350PE,0.0,0.0,0.0,144.1,0.0,144.1,24276.05,48.7,0,0,0,0.0,0,F1,75,,,,,
2024-12-02,2024-12-02,FO,NSE,IDO,41480,,NIFTY,,2024-12-26,2024-12-26,21950.0,CE,NIFTY24DEC21950CE,0.0,0.0,0.0,1729.3,1729.3,1729.3,24276.05,2423.6,75,0,0,0.0,0,F1,25,,,,,
2024-12-02,2024-12-02,FO,NSE,IDO,47250,,NIFTY,,2024-12-19,2024-12-19,21950.0,PE,NIFTY24D1921950PE,0.0,0.0,0.0,26.55,0.0,26.55,24276.05,0.05,0,0,0,0.0,0,F1,25,,,,,
2024-12-02,2024-12-02,FO,NSE,IDO,41531,,NIFTY,,2024-12-26,2024-12-26,22350.0,PE,NIFTY24DEC22350PE,22.1,25.8,18.05,18.7,18.8,21.0,24276.05,18.7,13150,3275,824,460837797.5,406,F1,25,,,,,
2024-12-02,2024-12-02,FO,NSE,IDO,52915,,NIFTY,,2024-12-05,2024-12-05,22350.0,CE,NIFTY24D0522350CE,0.0,0.0,0.0,2257.05,0.0,2257.05,24276.05,1938.45,0,0,0,0.0,0,F1,25,,,,,
2024-12-02,2024-12-02,FO,NSE,IDO,43213,,NIFTY,,2025-01-30,2025-01-30,21950.0,CE,NIFTY25JAN21950CE,0.0,0.0,0.0,2712.5,0.0,2712.5,24276.05,2574.5,0,0,0,0.0,0,F1,25,,,,,
2024-12-02,2024-12-02,FO,NSE,IDO,52378,,NIFTY,,2025-01-02,2025-01-02,21950.0,PE,NIFTY2510221950PE,0.0,0.0,0.0,58.4,0.0,58.4,24276.05,1.15,0,0,0,0.0,0,F1,75,,,,,
2024-12-02,2024-12-02,FO,NSE,IDO,41530,,NIFTY,,2024-12-26,2024-12-26,22350.0,CE,NIFTY24DEC22350CE,0.0,0.0,0.0,1364.95,1364.95,1364.95,24276.05,2026.85,100,0,0,0.0,0,F1,25,,,,,
2024-12-02,2024-12-02,FO,NSE,IDO,47249,,NIFTY,,2024-12-19,2024-12-19,21950.0,CE,NIFTY24D1921950CE,0.0,0.0,0.0,1749.1,0.0,1749.1,24276.05,2395.0,0,0,0,0.0,0,F1,25,,,,,
2024-12-02,2024-12-02,FO,NSE,IDO,52881,,NIFTY,,2024-12-05,2024-12-05,21950.0,PE,NIFTY24D0521950PE,1.1,1.25,0.9,1.1,0.95,1.3,24276.05,1.1,112375,63350,36804,20197173127.5,9305,F1,25,,,,,
2024-12-02,2024-12-02,FO,NSE,IDO,52373,,NIFTY,,2025-01-02,2025-01-02,21950.0,CE,NIFTY2510221950CE,0.0,0.0,0.0,1641.9,0.0,1641.9,24276.05,2452.65,0,0,0,0.0,0,F1,75,,,,,
2024-12-02,2024-12-02,FO,NSE,IDO,45945,,NIFTY,,2024-12-12,2024-12-12,22350.0,CE,NIFTY24D1222350CE,0.0,0.0,0.0,2024.95,0.0,2024.95,24276.05,1967.35,0,0,0,0.0,0,F1,25,,,,,
2024-12-02,2024-12-02,FO,NSE,IDO,52404,,NIFTY,,2025-01-02,2025-01-02,22350.0,PE,NIFTY2510222350PE,0.0,0.0,0.0,113.5,0.0,113.5,24276.05,4.5,0,0,0,0.0,0,F1,75,,,,,
2024-12-02,2024-12-02,FO,NSE,IDO,41481,,NIFTY,,2024-12-26,2024-12-26,21950.0,PE,NIFTY24DEC21950PE,13.2,14.0,11.45,11.6,11.85,13.2,24276.05,11.6,10475,-375,347,190525595.0,126,F1,25,,,,,
2024-12-02,2024-12-02,FO,NSE,IDO,52918,,NIFTY,,2024-12-05,2024-12-05,22350.0,PE,NIFTY24D0522350PE,1.35,1.55,1.05,1.35,1.3,1.5,24276.05,1.35,456650,19075,119187,66599510735.0,17517,F1,25,,,,,
2024-12-02,2024-12-02,FO,NSE,IDO,43237,,NIFTY,,2025-01-30,2025-01-30,22350.0,CE,NIFTY25JAN22350CE,0.0,0.0,0.0,2358.95,0.0,2358.95,24276.05,2192.5,0,0,0,0.0,0,F1,25,,,,,
2024-12-02,2024-12-02,FO,NSE,IDO,43214,,NIFTY,,2025-01-30,2025-01-30,21950.0,PE,NIFTY25JAN21950PE,0.0,0.0,0.0,62.35,0.0,62.35,24276.05,10.3,0,0,0,0.0,0,F1,25,,,,,
2024-12-02,2024-12-02,FO,NSE,IDO,45947,,NIFTY,,2024-12-12,2024-12-12,22350.0,PE,NIFTY24D1222350PE,5.15,5.15,3.1,3.8,3.85,4.2,24276.05,3.8,14300,2850,1804,1008155192.5,555,F1,25,,,,,
2024-12-02,2024-12-02,FO,NSE,IDO,52880,,NIFTY,,2024-12-05,2024-12-05,21950.0,CE,NIFTY24D0521950CE,0.0,0.0,0.0,2641.45,0.0,2641.45,24276.05,2338.2,0,0,0,0.0,0,F1,25,,,,,
2024-12-02,2024-12-02,FO,NSE,IDO,55613,,NIFTY,,2025-02-27,2025-02-27,22350.0,CE,NIFTY25FEB22350CE,0.0,0.0,0.0,2111.35,0.0,2111.35,24276.05,2331.45,0,0,0,0.0,0,F1,75,,,,,
2024-12-02,2024-12-02,FO,NSE,IDO,45915,,NIFTY,,2024-12-12,2024-12-12,22300.0,CE,NIFTY24D1222300CE,0.0,0.0,0.0,2072.45,0.0,2072.45,24276.05,2017.25,0,0,0,0.0,0,F1,25,,,,,
2024-12-02,2024-12-02,FO,NSE,IDO,52924,,NIFTY,,2024-12-05,2024-12-05,22450.0,PE,NIFTY24D0522450PE,1.7,1.75,1.15,1.5,1.45,1.75,24276.05,1.5,224600,70150,90007,50519580483.75,17641,F1,25,,,,,
2024-12-02,2024-12-02,FO,NSE,IDO,55617,,NIFTY,,2025-02-27,2025-02-27,22450.0,CE,NIFTY25FEB22450CE,0.0,0.0,0.0,2029.3,0.0,2029.3,24276.05,2240.95,0,0,0,0.0,0,F1,75,,,,,
2024-12-02,2024-12-02,FO,NSE,IDO,43241,,NIFTY,,2025-01-30,2025-01-30,22450.0,CE,NIFTY25JAN22450CE,0.0,0.0,0.0,2129.75,2129.75,2129.75,24276.05,2098.75,25,0,0,0.0,0,F1,25,,,,,
2024-12-02,2024-12-02,FO,NSE,IDO,55612,,NIFTY,,2025-02-27,2025-02-27,22300.0,PE,NIFTY25FEB22300PE,0.0,0.0,0.0,136.5,0.0,136.5,24276.05,45.1,0,0,0,0.0,0,F1,75,,,,,
2024-12-02,2024-12-02,FO,NSE,IDO,47270,,NIFTY,,2024-12-19,2024-12-19,22300.0,PE,NIFTY24D1922300PE,0.0,0.0,0.0,55.45,0.0,55.45,24276.05,0.3,0,0,0,0.0,0,F1,25,,,,,
2024-12-02,2024-12-02,FO,NSE,IDO,45944,,NIFTY,,2024-12-12,2024-12-12,22300.0,PE,NIFTY24D1222300PE,4.8,4.9,3.1,3.65,4.65,3.85,24276.05,3.65,83250,37600,6443,3592536743.75,1839,F1,25,,,,,
2024-12-02,2024-12-02,FO,NSE,IDO,47282,,NIFTY,,2024-12-19,2024-12-19,22450.0,PE,NIFTY24D1922450PE,0.0,0.0,0.0,12.5,12.5,12.5,24276.05,0.65,600,0,0,0.0,0,F1,25,,,,,
2024-12-02,2024-12-02,FO,NSE,IDO,52421,,NIFTY,,2025-01-02,2025-01-02,22450.0,PE,NIFTY2510222450PE,0.0,0.0,0.0,132.15,0.0,132.15,24276.05,6.15,0,0,0,0.0,0,F1,75,,,,,
2024-12-02,2024-12-02,FO,NSE,IDO,43236,,NIFTY,,2025-01-30,2025-01-30,22300.0,PE,NIFTY25JAN22300PE,71.9,71.9,52.8,55.15,55.4,59.95,24276.05,55.15,115675,7275,1857,1037931638.75,933,F1,25,,,,,
2024-12-02,2024-12-02,FO,NSE,IDO,52914,,NIFTY,,2024-12-05,2024-12-05,22300.0,PE,NIFTY24D0522300PE,1.05,1.8,1.0,1.4,1.4,1.5,24276.05,1.4,1427050,510925,205326,114475756461.25,24756,F1,25,,,,,
2024-12-02,2024-12-02,FO,NSE,IDO,47269,,NIFTY,,2024-12-19,2024-12-19,22300.0,CE,NIFTY24D1922300CE,0.0,0.0,0.0,1430.2,0.0,1430.2,24276.05,2046.35,0,0,0,0.0,0,F1,25,,,,,
2024-12-02,2024-12-02,FO,NSE,IDO,55611,,NIFTY,,2025-02-27,2025-02-27,22300.0,CE,NIFTY25FEB22300CE,0.0,0.0,0.0,2152.85,0.0,2152.85,24276.05,2377.05,0,0,0,0.0,0,F1,75,,,,,
2024-12-02,2024-12-02,FO,NSE,IDO,41526,,NIFTY,,2024-12-26,2024-12-26,22300.0,CE,NIFTY24DEC22300CE,1886.05,2175.9,1886.05,2175.9,2175.9,1886.05,24276.05,2076.3,3650,-25,4,2439586.25,4,F1,25,,,,,
2024-12-02,2024-12-02,FO,NSE,IDO,52415,,NIFTY,,2025-01-02,2025-01-02,22450.0,CE,NIFTY2510222450CE,0.0,0.0,0.0,1219.85,0.0,1219.85,24276.05,1960.55,0,0,0,0.0,0,F1,75,,,,,
2024-12-02,2024-12-02,FO,NSE,IDO,43219,,NIFTY,,2025-01-30,2025-01-30,22100.0,CE,NIFTY25JAN22100CE,0.0,0.0,0.0,2578.15,0.0,2578.15,24276.05,2430.15,0,0,0,0.0,0,F1,25,,,,,
2024-12-02,2024-12-02,FO,NSE,IDO,52895,,NIFTY,,2024-12-05,2024-12-05,22100.0,CE,NIFTY24D0522100CE,0.0,0.0,0.0,2074.5,2074.5,2074.5,24276.05,2188.3,975,0,0,0.0,0,F1,25,,,,,
2024-12-02,2024-12-02,FO,NSE,IDO,53027,,NIFTY,,2024-12-05,2024-12-05,24500.0,PE,NIFTY24D0524500PE,330.0,472.45,234.15,260.0,259.6,350.35,24276.05,260.0,1500900,248750,348712,216347348851.25,99361,F1,25,,,,,
2024-12-02,2024-12-02,FO,NSE,IDO,52390,,NIFTY,,2025-01-02,2025-01-02,22100.0,PE,NIFTY2510222100PE,0.0,0.0,0.0,75.75,0.0,75.75,24276.05,1.95,0,0,0,0.0,0,F1,75,,,,,
2024-12-02,2024-12-02,FO,NSE,IDO,41494,,NIFTY,,2024-12-26,2024-12-26,22100.0,CE,NIFTY24DEC22100CE,0.0,0.0,0.0,2141.1,2141.1,2141.1,24276.05,2274.55,225,0,0,0.0,0,F1,25,,,,,
2024-12-02,2024-12-02,FO,NSE,IDO,52388,,NIFTY,,2025-01-02,2025-01-02,22100.0,CE,NIFTY2510222100CE,0.0,0.0,0.0,1510.5,0.0,1510.5,24276.05,2304.35,0,0,0,0.0,0,F1,75,,,,,
2024-12-02,2024-12-02,FO,NSE,IDO,52575,,NIFTY,,2025-01-02,2025-01-02,24500.0,CE,NIFTY2510224500CE,260.2,390.2,246.0,362.15,363.0,303.6,24276.05,362.15,11550,5550,141,262472381.25,102,F1,75,,,,,
2024-12-02,2024-12-02,FO,NSE,IDO,45904,,NIFTY,,2024-12-12,2024-12-12,22100.0,CE,NIFTY24D1222100CE,0.0,0.0,0.0,2264.4,0.0,2264.4,24276.05,2216.9,0,0,0,0.0,0,F1,25,,,,,
2024-12-02,2024-12-02,FO,NSE,IDO,47256,,NIFTY,,2024-12-19,2024-12-19,22100.0,PE,NIFTY24D1922100PE,0.0,0.0,0.0,36.85,0.0,36.85,24276.05,0.1,0,0,0,0.0,0,F1,25,,,,,
2024-12-02,2024-12-02,FO,NSE,IDO,41495,,NIFTY,,2024-12-26,2024-12-26,22100.0,PE,NIFTY24DEC22100PE,17.0,20.05,13.55,14.35,14.85,15.6,24276.05,14.35,73050,1325,4966,2745627925.0,1545,F1,25,,,,,
2024-12-02,2024-12-02,FO,NSE,IDO,47255,,NIFTY,,2024-12-19,2024-12-19,22100.0,CE,NIFTY24D1922100CE,0.0,0.0,0.0,1610.3,0.0,1610.3,24276.05,2245.5,0,0,0,0.0,0,F1,25,,,,,
2024-12-02,2024-12-02,FO,NSE,IDO,46371,,NIFTY,,2025-01-30,2025-01-30,24500.0,CE,NIFTY25JAN24500CE,435.15,581.2,417.65,549.45,547.55,478.7,24276.05,549.45,905675,41675,16625,10392804650.0,6746,F1,25,,,,,
2024-12-02,2024-12-02,FO,NSE,IDO,52653,,NIFTY,,2025-01-02,2025-01-02,26000.0,CE,NIFTY2510226000CE,16.0,19.0,10.7,16.9,16.75,15.35,24276.05,16.9,9075,5625,296,577508400.0,152,F1,75,,,,,
2024-12-02,2024-12-02,FO,NSE,IDO,64697,,NIFTY,,2025-09-25,2025-09-25,26000.0,PE,NIFTY25SEP26000PE,0.0,0.0,0.0,812.55,0.0,812.55,24276.05,1384.2,0,0,0,0.0,0,F1,25,,,,,
2024-12-02,2024-12-02,FO,NSE,IDO,64573,,NIFTY,,2025-03-27,2025-03-27,26000.0,PE,NIFTY25MAR26000PE,1494.05,1535.1,1308.35,1349.35,1361.4,1430.2,24276.05,1349.35,481125,13050,1845,1263109050.0,1163,F1,25,,,,,
2024-12-02,2024-12-02,FO,NSE,IDO,47489,,NIFTY,,2024-12-19,2024-12-19,26000.0,CE,NIFTY24D1926000CE,3.8,3.9,3.15,3.6,3.65,3.75,24276.05,3.6,18275,10725,771,501217168.75,238,F1,25,,,,,
2024-12-02,2024-12-02,FO,NSE,IDO,71506,,NIFTY,,2026-12-31,2026-12-31,26000.0,PE,NIFTY26DEC26000PE,0.0,0.0,0.0,1300.0,1300.0,1300.0,24276.05,1131.05,225,0,0,0.0,0,F1,25,,,,,
2024-12-02,2024-12-02,FO,NSE,IDO,67786,,NIFTY,,2028-12-28,2028-12-28,26000.0,CE,NIFTY28DEC26000CE,0.0,0.0,0.0,4879.7,0.0,4879.7,24276.05,5329.85,0,0,0,0.0,0,F1,25,,,,,
2024-12-02,2024-12-02,FO,NSE,IDO,46564,,NIFTY,,2025-01-30,2025-01-30,26000.0,CE,NIFTY25JAN26000CE,50.95,66.15,43.0,61.85,62.55,51.25,24276.05,61.85,684125,-16275,30339,19761416416.25,9798,F1,25,,,,,
2024-12-02,2024-12-02,FO,NSE,IDO,53630,,NIFTY,,2027-12-30,2027-12-30,26000.0,PE,NIFTY27DEC26000PE,0.0,0.0,0.0,3359.75,0.0,3359.75,24276.05,954.45,0,0,0,0.0,0,F1,25,,,,,
2024-12-02,2024-12-02,FO,NSE,IDO,71505,,NIFTY,,2026-12-31,2026-12-31,26000.0,CE,NIFTY26DEC26000CE,0.0,0.0,0.0,1631.05,0.0,1631.05,24276.05,2812.0,0,0,0,0.0,0,F1,25,,,,,
2024-12-02,2024-12-02,FO,NSE,IDO,64572,,NIFTY,,2025-03-27,2025-03-27,26000.0,CE,NIFTY25MAR26000CE,244.35,255.0,179.4,243.65,244.9,213.1,24276.05,243.65,853550,61425,8561,5612623918.75,2938,F1,25,,,,,
2024-12-02,2024-12-02,FO,NSE,IDO,64194,,NIFTY,,2024-12-26,2024-12-26,27650.0,CE,NIFTY24DEC27650CE,0.0,0.0,0.0,5.5,5.7,5.5,24276.05,0.05,1600,0,0,0.0,0,F1,25,,,,,
2024-12-02,2024-12-02,FO,NSE,IDO,52959,,NIFTY,,2024-12-05,2024-12-05,23350.0,CE,NIFTY24D0523350CE,737.95,995.55,727.85,964.1,964.75,847.9,24276.05,964.1,11425,-425,106,64100977.5,47,F1,25,,,,,
2024-12-02,2024-12-02,FO,NSE,IDO,45676,,NIFTY,,2025-01-30,2025-01-30,23350.0,CE,NIFTY25JAN23350CE,0.0,0.0,0.0,1130.6,1130.6,1130.6,24276.05,1310.9,2250,0,0,0.0,0,F1,25,,,,,
2024-12-02,2024-12-02,FO,NSE,IDO,46051,,NIFTY,,2024-12-12,2024-12-12,23350.0,CE,NIFTY24D1223350CE,821.95,1053.45,780.7,1034.9,1026.7,900.0,24276.05,1034.9,1575,50,26,15783893.75,12,F1,25,,,,,
2024-12-02,2024-12-02,FO,NSE,IDO,47331,,NIFTY,,2024-12-19,2024-12-19,23350.0,CE,NIFTY24D1923350CE,0.0,0.0,0.0,1048.0,1048.0,1048.0,24276.05,1024.35,50,0,0,0.0,0,F1,25,,,,,
2024-12-02,2024-12-02,FO,NSE,IDO,57610,,NIFTY,,2025-02-27,2025-02-27,24200.0,PE,NIFTY25FEB24200PE,466.95,466.95,411.8,426.75,437.0,471.0,24276.05,426.75,1425,1275,32,59129310.0,25,F1,75,,,,,
2024-12-02,2024-12-02,FO,NSE,IDO,57609,,NIFTY,,2025-02-27,2025-02-27,24200.0,CE,NIFTY25FEB24200CE,783.6,961.8,767.2,930.0,930.0,842.0,24276.05,930.0,5400,375,27,50751866.25,20,F1,75,,,,,
2024-12-02,2024-12-02,FO,NSE,IDO,43194,,NIFTY,,2025-01-30,2025-01-30,21650.0,PE,NIFTY25JAN21650PE,31.8,35.0,28.45,28.9,29.8,33.0,24276.05,28.9,23975,10900,905,490508932.5,442,F1,25,,,,,
2024-12-02,2024-12-02,FO,NSE,IDO,41599,,NIFTY,,2024-12-26,2024-12-26,22950.0,PE,NIFTY24DEC22950PE,47.35,59.0,39.9,41.3,40.65,47.65,24276.05,41.3,42375,8725,2559,1471138100.0,799,F1,25,,,,,
2024-12-02,2024-12-02,FO,NSE,IDO,43193,,NIFTY,,2025-01-30,2025-01-30,21650.0,CE,NIFTY25JAN21650CE,0.0,0.0,0.0,2986.6,0.0,2986.6,24276.05,2866.1,0,0,0,0.0,0,F1,25,,,,,
2024-12-02,2024-12-02,FO,NSE,IDO,41464,,NIFTY,,2024-12-26,2024-12-26,21650.0,PE,NIFTY24DEC21650PE,9.25,11.75,7.05,7.7,7.35,8.35,24276.05,7.7,32125,2800,620,335701091.25,183,F1,25,,,,,
2024-12-02,2024-12-02,FO,NSE,IDO,52449,,NIFTY,,2025-01-02,2025-01-02,22950.0,CE,NIFTY2510222950CE,0.0,0.0,0.0,853.55,0.0,853.55,24276.05,1482.25,0,0,0,0.0,0,F1,75,,,,,
2024-12-02,2024-12-02,FO,NSE,IDO,43270,,NIFTY,,2025-01-30,2025-01-30,22950.0,PE,NIFTY25JAN22950PE,112.25,112.25,101.05,109.5,109.5,117.1,24276.05,109.5,2325,150,11,6340996.25,6,F1,25,,,,,
2024-12-02,2024-12-02,FO,NSE,IDO,50776,,NIFTY,,2025-01-02,2025-01-02,21650.0,CE,NIFTY2510221650CE,0.0,0.0,0.0,1914.3,0.0,1914.3,24276.05,2750.15,0,0,0,0.0,0,F1,75,,,,,
2024-12-02,2024-12-02,FO,NSE,IDO,52863,,NIFTY,,2024-12-05,2024-12-05,21650.0,PE,NIFTY24D0521650PE,1.15,1.15,0.75,0.85,0.75,1.15,24276.05,0.85,2172450,935375,252389,136611210563.75,22121,F1,25,,,,,
2024-12-02,2024-12-02,FO,NSE,IDO,47310,,NIFTY,,2024-12-19,2024-12-19,22950.0,CE,NIFTY24D1922950CE,0.0,0.0,0.0,901.55,0.0,901.55,24276.05,1404.05,0,0,0,0.0,0,F1,25,,,,,
2024-12-02,2024-12-02,FO,NSE,IDO,57630,,NIFTY,,2025-02-27,2025-02-27,24700.0,PE,NIFTY25FEB24700PE,0.0,0.0,0.0,970.75,0.0,970.75,24276.05,665.9,0,0,0,0.0,0,F1,75,,,,,
2024-12-02,2024-12-02,FO,NSE,IDO,46125,,NIFTY,,2024-12-12,2024-12-12,24700.0,CE,NIFTY24D1224700CE,57.85,101.1,36.4,86.75,87.35,56.2,24276.05,86.75,528725,206725,97954,60653746371.25,33647,F1,25,,,,,
2024-12-02,2024-12-02,FO,NSE,IDO,53040,,NIFTY,,2024-12-05,2024-12-05,24700.0,PE,NIFTY24D0524700PE,595.7,660.0,378.85,414.55,414.0,523.85,24276.05,414.55,62475,16725,15174,9546443095.0,5535,F1,25,,,,,
2024-12-02,2024-12-02,FO,NSE,IDO,46389,,NIFTY,,2025-01-30,2025-01-30,24700.0,CE,NIFTY25JAN24700CE,344.95,465.0,328.95,443.8,457.35,380.0,24276.05,443.8,27850,5950,1530,960555943.75,652,F1,25,,,,,
2024-12-02,2024-12-02,FO,NSE,IDO,89640,,NIFTY,,2029-06-28,2029-06-28,29000.0,CE,NIFTY29JUN29000CE,0.0,0.0,0.0,5677.9,0.0,5677.9,24276.05,4411.0,0,0,0,0.0,0,F1,25,,,,,
2024-12-02,2024-12-02,FO,NSE,IDO,64583,,NIFTY,,2025-03-27,2025-03-27,29000.0,PE,NIFTY25MAR29000PE,4103.0,4140.7,4102.95,4119.25,4119.25,4103.0,24276.05,4129.75,20150,225,14,11595551.25,9,F1,25,,,,,
2024-12-02,2024-12-02,FO,NSE,IDO,38165,,NIFTY,,2027-12-30,2027-12-30,29000.0,PE,NIFTY27DEC29000PE,0.0,0.0,0.0,4227.5,0.0,4227.5,24276.05,1957.85,0,0,0,0.0,0,F1,25,,,,,
2024-12-02,2024-12-02,FO,NSE,IDO,38152,,NIFTY,,2025-12-24,2025-12-24,29000.0,CE,NIFTY25DEC29000CE,266.05,309.9,266.0,290.2,303.9,287.25,24276.05,290.2,29325,-25,164,120077140.0,68,F1,25,,,,,
2024-12-02,2024-12-02,FO,NSE,IDO,67793,,NIFTY,,2028-12-28,2028-12-28,29000.0,PE,NIFTY28DEC29000PE,0.0,0.0,0.0,2010.85,0.0,2010.85,24276.05,1586.8,0,0,0,0.0,0,F1,25,,,,,
2024-12-02,2024-12-02,FO,NSE,IDO,57598,,NIFTY,,2025-02-27,2025-02-27,23900.0,PE,NIFTY25FEB23900PE,0.0,0.0,0.0,573.75,0.0,573.75,24276.05,331.6,0,0,0,0.0,0,F1,75,,,,,
2024-12-02,2024-12-02,FO,NSE,IDO,52529,,NIFTY,,2025-01-02,2025-01-02,23900.0,PE,NIFTY2510223900PE,233.0,233.0,220.0,220.0,220.0,707.4,24276.05,181.1,600,600,9,16282350.0,5,F1,75,,,,,
2024-12-02,2024-12-02,FO,NSE,IDO,52983,,NIFTY,,2024-12-05,2024-12-05,23900.0,CE,NIFTY24D0523900CE,319.95,487.1,242.0,450.25,448.0,350.45,24276.05,450.25,732600,-155000,323092,195748424008.75,105185,F1,25,,,,,
2024-12-02,2024-12-02,FO,NSE,IDO,52527,,NIFTY,,2025-01-02,2025-01-02,23900.0,CE,NIFTY2510223900CE,599.55,762.05,594.25,754.4,751.5,664.45,24276.05,754.4,3450,-525,88,161942081.25,50,F1,75,,,,,
2024-12-02,2024-12-02,FO,NSE,IDO,46084,,NIFTY,,2024-12-12,2024-12-12,23900.0,PE,NIFTY24D1223900PE,121.65,162.25,87.1,92.8,94.55,117.45,24276.05,92.8,407275,126800,98581,59184384138.75,30738,F1,25,,,,,
2024-12-02,2024-12-02,FO,NSE,IDO,41692,,NIFTY,,2024-12-26,2024-12-26,23900.0,PE,NIFTY24DEC23900PE,200.65,236.4,151.15,160.25,160.55,191.05,24276.05,160.25,875175,19175,44047,26523613867.5,16735,F1,25,,,,,
2024-12-02,2024-12-02,FO,NSE,IDO,47377,,NIFTY,,2024-12-19,2024-12-19,23900.0,PE,NIFTY24D1923900PE,195.15,208.3,125.0,134.5,134.0,161.05,24276.05,134.5,42175,17125,2238,1346305061.25,894,F1,25,,,,,
2024-12-02,2024-12-02,FO,NSE,IDO,47374,,NIFTY,,2024-12-19,2024-12-19,23900.0,CE,NIFTY24D1923900CE,471.15,650.0,429.85,615.55,613.0,520.8,24276.05,615.55,5975,3075,658,402269400.0,173,F1,25,,,,,
2024-12-02,2024-12-02,FO,NSE,IDO,52984,,NIFTY,,2024-12-05,2024-12-05,23900.0,PE,NIFTY24D0523900PE,54.75,98.9,38.5,43.45,43.0,60.65,24276.05,43.45,5429450,1589625,3698307,2215641646277.5,891490,F1,25,,,,,
2024-12-02,2024-12-02,FO,NSE,IDO,46340,,NIFTY,,2025-01-30,2025-01-30,23900.0,PE,NIFTY25JAN23900PE,322.95,336.3,256.6,266.4,266.1,291.75,24276.05,266.4,166900,3275,2612,1579785506.25,945,F1,25,,,,,
2024-12-02,2024-12-02,FO,NSE,IDO,46083,,NIFTY,,2024-12-12,2024-12-12,23900.0,CE,NIFTY24D1223900CE,421.55,579.1,351.5,540.75,544.25,443.7,24276.05,540.75,51250,-5275,6669,4059349067.5,3023,F1,25,,,,,
2024-12-02,2024-12-02,FO,NSE,IDO,41863,,NIFTY,,2024-12-26,2024-12-26,24100.0,CE,NIFTY24DEC24100CE,456.25,576.05,381.2,539.9,542.0,459.75,24276.05,539.9,703075,72425,59320,36441082237.5,18059,F1,25,,,,,
2024-12-02,2024-12-02,FO,NSE,IDO,53007,,NIFTY,,2024-12-05,2024-12-05,24100.0,PE,NIFTY24D0524100PE,117.75,181.9,72.8,81.95,82.4,117.8,24276.05,81.95,7773875,3440675,6866243,4157889072545.0,1898766,F1,25,,,,,
2024-12-02,2024-12-02,FO,NSE,IDO,53005,,NIFTY,,2024-12-05,2024-12-05,24100.0,CE,NIFTY24D0524100CE,205.0,323.0,124.2,288.95,287.6,207.75,24276.05,288.95,3015675,-147075,4930905,2995700063027.5,1563821,F1,25,,,,,
2024-12-02,2024-12-02,FO,NSE,IDO,57605,,NIFTY,,2025-02-27,2025-02-27,24100.0,CE,NIFTY25FEB24100CE,848.25,1022.8,848.25,1006.85,1000.55,915.3,24276.05,1006.85,1800,1125,32,60073481.25,22,F1,75,,,,,
2024-12-02,2024-12-02,FO,NSE,IDO,46354,,NIFTY,,2025-01-30,2025-01-30,24100.0,CE,NIFTY25JAN24100CE,666.05,835.15,644.4,811.35,806.45,721.95,24276.05,811.35,20650,4450,1185,735415477.5,609,F1,25,,,,,
2024-12-02,2024-12-02,FO,NSE,IDO,43249,,NIFTY,,2025-01-30,2025-01-30,22650.0,CE,NIFTY25JAN22650CE,0.0,0.0,0.0,1336.7,1336.7,1336.7,24276.05,1914.15,25,0,0,0.0,0,F1,25,,,,,
2024-12-02,2024-12-02,FO,NSE,IDO,52430,,NIFTY,,2025-01-02,2025-01-02,22650.0,PE,NIFTY2510222650PE,0.0,0.0,0.0,176.35,0.0,176.35,24276.05,11.15,0,0,0,0.0,0,F1,75,,,,,
2024-12-02,2024-12-02,FO,NSE,IDO,43254,,NIFTY,,2025-01-30,2025-01-30,22650.0,PE,NIFTY25JAN22650PE,0.0,0.0,0.0,190.0,190.0,190.0,24276.05,42.3,100,0,0,0.0,0,F1,25,,,,,
2024-12-02,2024-12-02,FO,NSE,IDO,55625,,NIFTY,,2025-02-27,2025-02-27,22650.0,CE,NIFTY25FEB22650CE,0.0,0.0,0.0,1869.3,0.0,1869.3,24276.05,2063.1,0,0,0,0.0,0,F1,75,,,,,
2024-12-02,2024-12-02,FO,NSE,IDO,64207,,NIFTY,,2024-12-26,2024-12-26,27950.0,PE,NIFTY24DEC27950PE,0.0,0.0,0.0,1620.8,0.0,1620.8,24276.05,3550.2,0,0,0,0.0,0,F1,25,,,,,
2024-12-02,2024-12-02,FO,NSE,IDO,46002,,NIFTY,,2024-12-12,2024-12-12,22650.0,PE,NIFTY24D1222650PE,6.25,9.1,5.65,6.1,5.95,7.6,24276.05,6.1,15925,10125,2682,1519101017.5,1211,F1,25,,,,,
2024-12-02,2024-12-02,FO,NSE,IDO,52931,,NIFTY,,2024-12-05,2024-12-05,22650.0,CE,NIFTY24D0522650CE,0.0,0.0,0.0,1399.4,1399.4,1399.4,24276.05,1638.6,3300,0,0,0.0,0,F1,25,,,,,
2024-12-02,2024-12-02,FO,NSE,IDO,47293,,NIFTY,,2024-12-19,2024-12-19,22650.0,PE,NIFTY24D1922650PE,15.65,15.65,15.65,15.65,15.65,105.65,24276.05,1.65,475,475,19,10766183.75,4,F1,25,,,,,
2024-12-02,2024-12-02,FO,NSE,IDO,46001,,NIFTY,,2024-12-12,2024-12-12,22650.0,CE,NIFTY24D1222650CE,0.0,0.0,0.0,1744.7,0.0,1744.7,24276.05,1668.05,0,0,0,0.0,0,F1,25,,,,,
2024-12-02,2024-12-02,FO,NSE,IDO,47292,,NIFTY,,2024-12-19,2024-12-19,22650.0,CE,NIFTY24D1922650CE,0.0,0.0,0.0,1132.65,0.0,1132.65,24276.05,1698.8,0,0,0,0.0,0,F1,25,,,,,
2024-12-02,2024-12-02,FO,NSE,IDO,50971,,NIFTY,,2025-12-24,2025-12-24,27000.0,CE,NIFTY25DEC27000CE,750.6,849.85,750.6,830.65,837.5,796.9,24276.05,830.65,165025,4225,340,236277405.0,234,F1,25,,,,,
2024-12-02,2024-12-02,FO,NSE,IDO,50984,,NIFTY,,2027-06-24,2027-06-24,27000.0,PE,NIFTY27JUN27000PE,0.0,0.0,0.0,6273.45,0.0,6273.45,24276.05,1372.15,0,0,0,0.0,0,F1,25,,,,,
2024-12-02,2024-12-02,FO,NSE,IDO,50979,,NIFTY,,2026-12-31,2026-12-31,27000.0,PE,NIFTY26DEC27000PE,0.0,0.0,0.0,6522.3,0.0,6522.3,24276.05,1508.15,0,0,0,0.0,0,F1,25,,,,,
2024-12-02,2024-12-02,FO,NSE,IDO,64577,,NIFTY,,2025-03-27,2025-03-27,27000.0,PE,NIFTY25MAR27000PE,2329.95,2373.9,2108.55,2158.7,2163.0,2272.65,24276.05,2158.7,203600,1025,595,434475818.75,324,F1,25,,,,,
2024-12-02,2024-12-02,FO,NSE,IDO,50976,,NIFTY,,2026-06-25,2026-06-25,27000.0,PE,NIFTY26JUN27000PE,0.0,0.0,0.0,6810.7,0.0,6810.7,24276.05,1675.5,0,0,0,0.0,0,F1,25,,,,,
2024-12-02,2024-12-02,FO,NSE,IDO,67788,,NIFTY,,2028-12-28,2028-12-28,27000.0,CE,NIFTY28DEC27000CE,0.0,0.0,0.0,4437.95,0.0,4437.95,24276.05,4795.25,0,0,0,0.0,0,F1,25,,,,,
2024-12-02,2024-12-02,FO,NSE,IDO,50972,,NIFTY,,2025-12-24,2025-12-24,27000.0,PE,NIFTY25DEC27000PE,1850.0,1850.0,1682.7,1702.35,1694.7,1809.85,24276.05,1702.35,66100,1025,73,52455427.5,71,F1,25,,,,,
2024-12-02,2024-12-02,FO,NSE,IDO,86163,,NIFTY,,2028-06-29,2028-06-29,27000.0,CE,NIFTY28JUN27000CE,0.0,0.0,0.0,2885.15,0.0,2885.15,24276.05,4194.45,0,0,0,0.0,0,F1,25,,,,,
2024-12-02,2024-12-02,FO,NSE,IDO,64698,,NIFTY,,2025-09-25,2025-09-25,27000.0,CE,NIFTY25SEP27000CE,0.0,0.0,0.0,2279.95,0.0,2279.95,24276.05,696.75,0,0,0,0.0,0,F1,25,,,,,
2024-12-02,2024-12-02,FO,NSE,IDO,86164,,NIFTY,,2028-06-29,2028-06-29,27000.0,PE,NIFTY28JUN27000PE,0.0,0.0,0.0,2752.35,0.0,2752.35,24276.05,1129.0,0,0,0,0.0,0,F1,25,,,,,
2024-12-02,2024-12-02,FO,NSE,IDO,50966,,NIFTY,,2024-12-26,2024-12-26,27000.0,CE,NIFTY24DEC27000CE,4.55,5.0,4.3,4.4,4.4,5.0,24276.05,4.4,2440200,5525,18117,12231045756.25,3010,F1,25,,,,,
2024-12-02,2024-12-02,FO,NSE,IDO,50970,,NIFTY,,2025-06-26,2025-06-26,27000.0,PE,NIFTY25JUN27000PE,2071.35,2071.35,1900.0,1933.45,1935.25,2050.0,24276.05,1933.45,17325,1450,71,51448120.0,71,F1,25,,,,,
2024-12-02,2024-12-02,FO,NSE,IDO,50969,,NIFTY,,2025-06-26,2025-06-26,27000.0,CE,NIFTY25JUN27000CE,253.15,279.95,229.15,272.45,265.0,253.15,24276.05,272.45,84250,11775,988,673050813.75,410,F1,25,,,,,
2024-12-02,2024-12-02,FO,NSE,IDO,50973,,NIFTY,,2026-06-25,2026-06-25,27000.0,CE,NIFTY26JUN27000CE,0.0,0.0,0.0,1352.8,0.0,1352.8,24276.05,1652.8,0,0,0,0.0,0,F1,25,,,,,
2024-12-02,2024-12-02,FO,NSE,IDO,64148,,NIFTY,,2024-12-26,2024-12-26,26950.0,CE,NIFTY24DEC26950CE,4.0,4.7,4.0,4.45,4.45,4.75,24276.05,0.6,3150,75,4,2695428.75,3,F1,25,,,,,
2024-12-02,2024-12-02,FO,NSE,IDO,89636,,NIFTY,,2029-06-28,2029-06-28,27000.0,CE,NIFTY29JUN27000CE,0.0,0.0,0.0,6570.4,0.0,6570.4,24276.05,5382.65,0,0,0,0.0,0,F1,25,,,,,
2024-12-02,2024-12-02,FO,NSE,IDO,89637,,NIFTY,,2029-06-28,2029-06-28,27000.0,PE,NIFTY29JUN27000PE,0.0,0.0,0.0,1252.35,0.0,1252.35,24276.05,936.4,0,0,0,0.0,0,F1,25,,,,,
2024-12-02,2024-12-02,FO,NSE,IDO,41470,,NIFTY,,2024-12-26,2024-12-26,21750.0,PE,NIFTY24DEC21750PE,11.95,11.95,8.45,8.85,9.1,9.6,24276.05,8.85,25225,2800,1333,725146602.5,609,F1,25,,,,,
2024-12-02,2024-12-02,FO,NSE,IDO,43202,,NIFTY,,2025-01-30,2025-01-30,21750.0,CE,NIFTY25JAN21750CE,0.0,0.0,0.0,2894.5,0.0,2894.5,24276.05,2768.55,0,0,0,0.0,0,F1,25,,,,,
2024-12-02,2024-12-02,FO,NSE,IDO,52866,,NIFTY,,2024-12-05,2024-12-05,21750.0,CE,NIFTY24D0521750CE,0.0,0.0,0.0,2836.45,0.0,2836.45,24276.05,2538.1,0,0,0,0.0,0,F1,25,,,,,
2024-12-02,2024-12-02,FO,NSE,IDO,47231,,NIFTY,,2024-12-19,2024-12-19,21750.0,CE,NIFTY24D1921750CE,0.0,0.0,0.0,1937.95,0.0,1937.95,24276.05,2594.35,0,0,0,0.0,0,F1,25,,,,,
2024-12-02,2024-12-02,FO,NSE,IDO,52867,,NIFTY,,2024-12-05,2024-12-05,21750.0,PE,NIFTY24D0521750PE,1.05,1.2,0.7,0.95,0.85,1.3,24276.05,0.95,825775,108350,50777,27611206698.75,8446,F1,25,,,,,
2024-12-02,2024-12-02,FO,NSE,IDO,47321,,NIFTY,,2024-12-19,2024-12-19,23150.0,CE,NIFTY24D1923150CE,0.0,0.0,0.0,760.4,0.0,760.4,24276.05,1211.4,0,0,0,0.0,0,F1,25,,,,,
2024-12-02,2024-12-02,FO,NSE,IDO,52457,,NIFTY,,2025-01-02,2025-01-02,23150.0,CE,NIFTY2510223150CE,0.0,0.0,0.0,726.35,0.0,726.35,24276.05,1299.1,0,0,0,0.0,0,F1,75,,,,,
2024-12-02,2024-12-02,FO,NSE,IDO,61330,,NIFTY,,2024-12-26,2024-12-26,25950.0,PE,NIFTY24DEC25950PE,0.0,0.0,0.0,1471.95,1471.95,1471.95,24276.05,1572.85,150,0,0,0.0,0,F1,25,,,,,
2024-12-02,2024-12-02,FO,NSE,IDO,46563,,NIFTY,,2025-01-30,2025-01-30,25950.0,PE,NIFTY25JAN25950PE,0.0,0.0,0.0,1596.25,0.0,1596.25,24276.05,1505.65,0,0,0,0.0,0,F1,25,,,,,
2024-12-02,2024-12-02,FO,NSE,IDO,71365,,NIFTY,,2024-12-26,2024-12-26,26000.0,PE,NIFTY24DEC26000PE,1650.0,1815.05,1521.0,1564.0,1570.0,1687.8,24276.05,1564.0,1550750,-825,3495,2414761037.5,1518,F1,25,,,,,
2024-12-02,2024-12-02,FO,NSE,IDO,46565,,NIFTY,,2025-01-30,2025-01-30,26000.0,PE,NIFTY25JAN26000PE,1644.0,1665.9,1403.7,1440.0,1439.1,1545.95,24276.05,1440.0,37575,10000,923,635466086.25,502,F1,25,,,,,
2024-12-02,2024-12-02,FO,NSE,IDO,89634,,NIFTY,,2029-06-28,2029-06-28,26000.0,CE,NIFTY29JUN26000CE,0.0,0.0,0.0,7052.2,0.0,7052.2,24276.05,5916.55,0,0,0,0.0,0,F1,25,,,,,
2024-12-02,2024-12-02,FO,NSE,IDO,71384,,NIFTY,,2025-06-26,2025-06-26,26000.0,PE,NIFTY25JUN26000PE,1426.1,1442.35,1284.3,1292.25,1294.7,1356.55,24276.05,1292.25,44025,1450,129,88200197.5,107,F1,25,,,,,
2024-12-02,2024-12-02,FO,NSE,IDO,71399,,NIFTY,,2025-12-24,2025-12-24,26000.0,CE,NIFTY25DEC26000CE,1162.85,1290.4,1140.0,1265.15,1268.5,1202.1,24276.05,1265.15,87075,1450,369,250999110.0,276,F1,25,,,,,
2024-12-02,2024-12-02,FO,NSE,IDO,52654,,NIFTY,,2025-01-02,2025-01-02,26000.0,PE,NIFTY2510226000PE,0.0,0.0,0.0,2451.35,0.0,2451.35,24276.05,1600.5,0,0,0,0.0,0,F1,75,,,,,
2024-12-02,2024-12-02,FO,NSE,IDO,86162,,NIFTY,,2028-06-29,2028-06-29,26000.0,PE,NIFTY28JUN26000PE,0.0,0.0,0.0,2370.3,0.0,2370.3,24276.05,875.55,0,0,0,0.0,0,F1,25,,,,,
2024-12-02,2024-12-02,FO,NSE,IDO,53628,,NIFTY,,2027-12-30,2027-12-30,26000.0,CE,NIFTY27DEC26000CE,0.0,0.0,0.0,3162.4,0.0,3162.4,24276.05,4106.35,0,0,0,0.0,0,F1,25,,,,,
2024-12-02,2024-12-02,FO,NSE,IDO,46208,,NIFTY,,2024-12-12,2024-12-12,26000.0,PE,NIFTY24D1226000PE,1859.5,1899.0,1597.7,1641.3,1642.85,1738.9,24276.05,1641.3,7925,6525,282,195551698.75,148,F1,25,,,,,
2024-12-02,2024-12-02,FO,NSE,IDO,64696,,NIFTY,,2025-09-25,2025-09-25,26000.0,CE,NIFTY25SEP26000CE,0.0,0.0,0.0,2854.15,0.0,2854.15,24276.05,1049.75,0,0,0,0.0,0,F1,25,,,,,
2024-12-02,2024-12-02,FO,NSE,IDO,71364,,NIFTY,,2024-12-26,2024-12-26,26000.0,CE,NIFTY24DEC26000CE,7.8,10.8,6.55,9.5,9.95,8.0,24276.05,9.5,4546450,395875,100642,65438178081.25,17857,F1,25,,,,,
2024-12-02,2024-12-02,FO,NSE,IDO,71383,,NIFTY,,2025-06-26,2025-06-26,26000.0,CE,NIFTY25JUN26000CE,495.0,590.0,480.0,569.95,570.0,523.4,24276.05,569.95,87975,5975,909,603124226.25,443,F1,25,,,,,
2024-12-02,2024-12-02,FO,NSE,IDO,71403,,NIFTY,,2025-12-24,2025-12-24,26000.0,PE,NIFTY25DEC26000PE,1364.95,1366.0,1243.1,1260.3,1251.9,1318.9,24276.05,1260.3,104300,2800,270,184214128.75,212,F1,25,,,,,
2024-12-02,2024-12-02,FO,NSE,IDO,86161,,NIFTY,,2028-06-29,2028-06-29,26000.0,CE,NIFTY28JUN26000CE,0.0,0.0,0.0,3200.9,0.0,3200.9,24276.05,4726.6,0,0,0,0.0,0,F1,25,,,,,
2024-12-02,2024-12-02,FO,NSE,IDO,71565,,NIFTY,,2027-06-24,2027-06-24,26000.0,PE,NIFTY27JUN26000PE,0.0,0.0,0.0,6202.2,0.0,6202.2,24276.05,1043.1,0,0,0,0.0,0,F1,25,,,,,
2024-12-02,2024-12-02,FO,NSE,IDO,46098,,NIFTY,,2024-12-12,2024-12-12,24200.0,PE,NIFTY24D1224200PE,230.0,290.0,161.5,175.5,175.2,218.4,24276.05,175.5,1039650,680350,144031,87909189955.0,47111,F1,25,,,,,
2024-12-02,2024-12-02,FO,NSE,IDO,46359,,NIFTY,,2025-01-30,2025-01-30,24200.0,PE,NIFTY25JAN24200PE,389.25,446.5,341.0,353.5,354.55,389.25,24276.05,353.5,131725,5025,3415,2099688525.0,1176,F1,25,,,,,
2024-12-02,2024-12-02,FO,NSE,IDO,47393,,NIFTY,,2024-12-19,2024-12-19,24200.0,PE,NIFTY24D1924200PE,299.95,332.55,204.1,219.65,222.3,264.4,24276.05,219.65,36525,24750,4766,2912480202.5,1616,F1,25,,,,,
2024-12-02,2024-12-02,FO,NSE,IDO,38164,,NIFTY,,2027-12-30,2027-12-30,29000.0,CE,NIFTY27DEC29000CE,0.0,0.0,0.0,1932.55,0.0,1932.55,24276.05,2672.35,0,0,0,0.0,0,F1,25,,,,,
2024-12-02,2024-12-02,FO,NSE,IDO,38159,,NIFTY,,2026-12-31,2026-12-31,29000.0,PE,NIFTY26DEC29000PE,0.0,0.0,0.0,5042.25,0.0,5042.25,24276.05,2452.9,0,0,0,0.0,0,F1,25,,,,,
2024-12-02,2024-12-02,FO,NSE,IDO,38150,,NIFTY,,2025-06-26,2025-06-26,29000.0,CE,NIFTY25JUN29000CE,59.5,74.95,51.1,71.65,71.3,66.8,24276.05,71.65,47675,4500,351,255045228.75,119,F1,25,,,,,
2024-12-02,2024-12-02,FO,NSE,IDO,38157,,NIFTY,,2026-06-25,2026-06-25,29000.0,PE,NIFTY26JUN29000PE,0.0,0.0,0.0,5546.1,0.0,5546.1,24276.05,2787.35,0,0,0,0.0,0,F1,25,,,,,
2024-12-02,2024-12-02,FO,NSE,IDO,46079,,NIFTY,,2024-12-12,2024-12-12,23800.0,CE,NIFTY24D1223800CE,460.85,662.85,422.2,623.05,627.85,524.15,24276.05,623.05,26275,-2625,3530,2146091288.75,1627,F1,25,,,,,
2024-12-02,2024-12-02,FO,NSE,IDO,46312,,NIFTY,,2025-01-30,2025-01-30,23800.0,CE,NIFTY25JAN23800CE,867.95,1059.9,843.0,1023.1,1034.85,929.65,24276.05,1023.1,20125,1425,245,151529428.75,107,F1,25,,,,,
2024-12-02,2024-12-02,FO,NSE,IDO,45865,,NIFTY,,2025-06-26,2025-06-26,17000.0,CE,NIFTY25JUN17000CE,0.0,0.0,0.0,7900.0,7900.0,7900.0,24276.05,7911.55,2775,0,0,0.0,0,F1,25,,,,,
2024-12-02,2024-12-02,FO,NSE,IDO,55653,,NIFTY,,2025-02-27,2025-02-27,23350.0,CE,NIFTY25FEB23350CE,0.0,0.0,0.0,1358.4,0.0,1358.4,24276.05,1483.3,0,0,0,0.0,0,F1,75,,,,,
2024-12-02,2024-12-02,FO,NSE,IDO,52472,,NIFTY,,2025-01-02,2025-01-02,23350.0,PE,NIFTY2510223350PE,0.0,0.0,0.0,210.85,221.7,210.85,24276.05,63.7,300,0,0,0.0,0,F1,75,,,,,
2024-12-02,2024-12-02,FO,NSE,IDO,64195,,NIFTY,,2024-12-26,2024-12-26,27650.0,PE,NIFTY24DEC27650PE,0.0,0.0,0.0,1413.3,0.0,1413.3,24276.05,3251.55,0,0,0,0.0,0,F1,25,,,,,
2024-12-02,2024-12-02,FO,NSE,IDO,52471,,NIFTY,,2025-01-02,2025-01-02,23350.0,CE,NIFTY2510223350CE,0.0,0.0,0.0,611.15,0.0,611.15,24276.05,1123.2,0,0,0,0.0,0,F1,75,,,,,
2024-12-02,2024-12-02,FO,NSE,IDO,52960,,NIFTY,,2024-12-05,2024-12-05,23350.0,PE,NIFTY24D0523350PE,9.0,14.8,6.55,7.35,7.4,9.5,24276.05,7.35,1857725,555775,858797,501517814427.5,116119,F1,25,,,,,
2024-12-02,2024-12-02,FO,NSE,IDO,47343,,NIFTY,,2024-12-19,2024-12-19,23350.0,PE,NIFTY24D1923350PE,75.0,78.75,49.4,51.6,53.05,68.85,24276.05,51.6,3075,2225,184,107665337.5,44,F1,25,,,,,
2024-12-02,2024-12-02,FO,NSE,IDO,55654,,NIFTY,,2025-02-27,2025-02-27,23350.0,PE,NIFTY25FEB23350PE,0.0,0.0,0.0,373.1,0.0,373.1,24276.05,184.55,0,0,0,0.0,0,F1,75,,,,,
2024-12-02,2024-12-02,FO,NSE,IDO,52547,,NIFTY,,2025-01-02,2025-01-02,24200.0,PE,NIFTY2510224200PE,367.15,385.85,255.5,278.5,278.0,320.45,24276.05,278.5,11400,2775,104,191265746.25,88,F1,75,,,,,
2024-12-02,2024-12-02,FO,NSE,IDO,46056,,NIFTY,,2024-12-12,2024-12-12,23400.0,PE,NIFTY24D1223400PE,47.15,53.65,29.0,31.55,31.0,38.4,24276.05,31.55,385450,206975,46312,27134383718.75,12678,F1,25,,,,,
2024-12-02,2024-12-02,FO,NSE,IDO,56736,,NIFTY,,2025-02-27,2025-02-27,23400.0,PE,NIFTY25FEB23400PE,0.0,0.0,0.0,389.0,0.0,389.0,24276.05,195.45,0,0,0,0.0,0,F1,75,,,,,
2024-12-02,2024-12-02,FO,NSE,IDO,52961,,NIFTY,,2024-12-05,2024-12-05,23400.0,CE,NIFTY24D0523400CE,698.05,959.15,662.65,915.45,914.15,798.25,24276.05,915.45,119300,-13500,2561,1548612866.25,679,F1,25,,,,,
2024-12-02,2024-12-02,FO,NSE,IDO,47322,,NIFTY,,2024-12-19,2024-12-19,23150.0,PE,NIFTY24D1923150PE,56.05,56.05,56.05,56.05,56.05,69.45,24276.05,12.7,50,25,1,580151.25,1,F1,25,,,,,
2024-12-02,2024-12-02,FO,NSE,IDO,52952,,NIFTY,,2024-12-05,2024-12-05,23150.0,PE,NIFTY24D0523150PE,5.45,8.35,3.6,4.35,4.35,5.75,24276.05,4.35,1175400,529200,520444,301272315446.25,83890,F1,25,,,,,
2024-12-02,2024-12-02,FO,NSE,IDO,52458,,NIFTY,,2025-01-02,2025-01-02,23150.0,PE,NIFTY2510223150PE,0.0,0.0,0.0,332.8,0.0,332.8,24276.05,40.7,0,0,0,0.0,0,F1,75,,,,,
2024-12-02,2024-12-02,FO,NSE,IDO,55645,,NIFTY,,2025-02-27,2025-02-27,23150.0,CE,NIFTY25FEB23150CE,0.0,0.0,0.0,1495.8,0.0,1495.8,24276.05,1641.1,0,0,0,0.0,0,F1,75,,,,,
2024-12-02,2024-12-02,FO,NSE,IDO,47488,,NIFTY,,2024-12-19,2024-12-19,25950.0,PE,NIFTY24D1925950PE,0.0,0.0,0.0,2265.05,0.0,2265.05,24276.05,1596.8,0,0,0,0.0,0,F1,25,,,,,
2024-12-02,2024-12-02,FO,NSE,IDO,47487,,NIFTY,,2024-12-19,2024-12-19,25950.0,CE,NIFTY24D1925950CE,4.05,4.6,3.5,4.2,4.2,5.0,24276.05,4.2,3075,650,82,53205995.0,40,F1,25,,,,,
2024-12-02,2024-12-02,FO,NSE,IDO,52652,,NIFTY,,2025-01-02,2025-01-02,25950.0,PE,NIFTY2510225950PE,0.0,0.0,0.0,2403.45,0.0,2403.45,24276.05,1553.7,0,0,0,0.0,0,F1,75,,,,,
2024-12-02,2024-12-02,FO,NSE,IDO,52651,,NIFTY,,2025-01-02,2025-01-02,25950.0,CE,NIFTY2510225950CE,16.0,22.0,11.15,17.3,17.3,15.3,24276.05,17.3,7125,225,88,171374445.0,60,F1,75,,,,,
2024-12-02,2024-12-02,FO,NSE,IDO,89624,,NIFTY,,2029-06-28,2029-06-28,21000.0,CE,NIFTY29JUN21000CE,0.0,0.0,0.0,9799.75,0.0,9799.75,24276.05,9003.35,0,0,0,0.0,0,F1,25,,,,,
2024-12-02,2024-12-02,FO,NSE,IDO,86146,,NIFTY,,2028-06-29,2028-06-29,21000.0,PE,NIFTY28JUN21000PE,0.0,0.0,0.0,907.2,0.0,907.2,24276.05,157.05,0,0,0,0.0,0,F1,25,,,,,
2024-12-02,2024-12-02,FO,NSE,IDO,64687,,NIFTY,,2025-09-25,2025-09-25,21000.0,PE,NIFTY25SEP21000PE,0.0,0.0,0.0,51.55,0.0,51.55,24276.05,61.75,0,0,0,0.0,0,F1,25,,,,,
2024-12-02,2024-12-02,FO,NSE,IDO,64560,,NIFTY,,2025-03-27,2025-03-27,21000.0,CE,NIFTY25MAR21000CE,0.0,0.0,0.0,3645.0,3645.0,3645.0,24276.05,3727.6,15200,0,0,0.0,0,F1,25,,,,,
2024-12-02,2024-12-02,FO,NSE,IDO,51449,,NIFTY,,2025-06-26,2025-06-26,21000.0,CE,NIFTY25JUN21000CE,0.0,0.0,0.0,3199.45,0.0,3199.45,24276.05,4096.15,0,0,0,0.0,0,F1,25,,,,,
2024-12-02,2024-12-02,FO,NSE,IDO,61331,,NIFTY,,2024-12-26,2024-12-26,26050.0,CE,NIFTY24DEC26050CE,6.75,9.95,6.35,8.7,8.95,7.35,24276.05,8.7,53500,4500,681,443647382.5,236,F1,25,,,,,
2024-12-02,2024-12-02,FO,NSE,IDO,46584,,NIFTY,,2025-01-30,2025-01-30,26050.0,CE,NIFTY25JAN26050CE,0.0,0.0,0.0,51.0,51.0,51.0,24276.05,99.2,5500,0,0,0.0,0,F1,25,,,,,
2024-12-02,2024-12-02,FO,NSE,IDO,71382,,NIFTY,,2025-06-26,2025-06-26,25000.0,PE,NIFTY25JUN25000PE,900.0,910.0,798.55,809.9,848.5,857.85,24276.05,809.9,112825,2725,446,288001805.0,261,F1,25,,,,,
2024-12-02,2024-12-02,FO,NSE,IDO,46507,,NIFTY,,2025-01-30,2025-01-30,25800.0,CE,NIFTY25JAN25800CE,54.75,92.0,54.75,85.4,87.0,68.4,24276.05,85.4,75275,16450,3039,1966130535.0,969,F1,25,,,,,
2024-12-02,2024-12-02,FO,NSE,IDO,64695,,NIFTY,,2025-09-25,2025-09-25,25000.0,PE,NIFTY25SEP25000PE,0.0,0.0,0.0,538.6,0.0,538.6,24276.05,905.15,0,0,0,0.0,0,F1,25,,,,,
2024-12-02,2024-12-02,FO,NSE,IDO,46430,,NIFTY,,2025-01-30,2025-01-30,25000.0,CE,NIFTY25JAN25000CE,269.15,325.0,219.05,304.85,304.95,256.8,24276.05,304.85,742200,47175,23384,14773797715.0,7834,F1,25,,,,,
2024-12-02,2024-12-02,FO,NSE,IDO,71363,,NIFTY,,2024-12-26,2024-12-26,25000.0,PE,NIFTY24DEC25000PE,799.95,883.45,637.9,668.2,673.4,766.3,24276.05,668.2,2275550,35050,19088,12280204912.5,7193,F1,25,,,,,
2024-12-02,2024-12-02,FO,NSE,IDO,53108,,NIFTY,,2024-12-05,2024-12-05,25800.0,PE,NIFTY24D0525800PE,1620.0,1620.0,1476.2,1476.2,1476.2,1650.0,24276.05,1476.2,15700,0,2,1367405.0,2,F1,25,,,,,
2024-12-02,2024-12-02,FO,NSE,IDO,52604,,NIFTY,,2025-01-02,2025-01-02,25000.0,PE,NIFTY2510225000PE,0.0,0.0,0.0,1532.55,0.0,1532.55,24276.05,749.95,0,0,0,0.0,0,F1,75,,,,,
2024-12-02,2024-12-02,FO,NSE,IDO,46197,,NIFTY,,2024-12-12,2024-12-12,25800.0,PE,NIFTY24D1225800PE,0.0,0.0,0.0,1500.75,0.0,1500.75,24276.05,1477.15,0,0,0,0.0,0,F1,25,,,,,
2024-12-02,2024-12-02,FO,NSE,IDO,46431,,NIFTY,,2025-01-30,2025-01-30,25000.0,PE,NIFTY25JAN25000PE,794.0,864.9,679.95,701.3,705.25,771.0,24276.05,701.3,267025,1725,7136,4592149593.75,3288,F1,25,,,,,
2024-12-02,2024-12-02,FO,NSE,IDO,47481,,NIFTY,,2024-12-19,2024-12-19,25800.0,CE,NIFTY24D1925800CE,6.0,6.85,3.3,5.0,5.15,6.4,24276.05,5.0,6500,6375,503,324499491.25,151,F1,25,,,,,
2024-12-02,2024-12-02,FO,NSE,IDO,71503,,NIFTY,,2026-12-31,2026-12-31,25000.0,CE,NIFTY26DEC25000CE,0.0,0.0,0.0,1811.2,0.0,1811.2,24276.05,3368.7,0,0,0,0.0,0,F1,25,,,,,
2024-12-02,2024-12-02,FO,NSE,IDO,57676,,NIFTY,,2025-02-27,2025-02-27,25800.0,PE,NIFTY25FEB25800PE,0.0,0.0,0.0,1709.35,0.0,1709.35,24276.05,1364.1,0,0,0,0.0,0,F1,75,,,,,
2024-12-02,2024-12-02,FO,NSE,IDO,46139,,NIFTY,,2024-12-12,2024-12-12,25000.0,CE,NIFTY24D1225000CE,18.5,32.0,11.6,26.65,27.45,18.65,24276.05,26.65,1023850,243275,205137,128320184800.0,47077,F1,25,,,,,
2024-12-02,2024-12-02,FO,NSE,IDO,71398,,NIFTY,,2025-12-24,2025-12-24,25000.0,PE,NIFTY25DEC25000PE,1000.0,1038.35,933.65,940.4,942.35,974.45,24276.05,940.4,229375,-200,496,321965168.75,290,F1,25,,,,,
2024-12-02,2024-12-02,FO,NSE,IDO,52646,,NIFTY,,2025-01-02,2025-01-02,25800.0,PE,NIFTY2510225800PE,0.0,0.0,0.0,2260.7,0.0,2260.7,24276.05,1415.2,0,0,0,0.0,0,F1,75,,,,,
2024-12-02,2024-12-02,FO,NSE,IDO,71381,,NIFTY,,2025-06-26,2025-06-26,25000.0,CE,NIFTY25JUN25000CE,901.0,1050.0,875.85,1026.65,1020.95,949.05,24276.05,1026.65,116575,2800,388,251965532.5,274,F1,25,,,,,
2024-12-02,2024-12-02,FO,NSE,IDO,46196,,NIFTY,,2024-12-12,2024-12-12,25800.0,CE,NIFTY24D1225800CE,2.55,2.55,1.8,2.2,2.15,2.5,24276.05,2.2,28350,10825,3068,1979018727.5,683,F1,25,,,,,
2024-12-02,2024-12-02,FO,NSE,IDO,57591,,NIFTY,,2025-02-27,2025-02-27,23750.0,CE,NIFTY25FEB23750CE,0.0,0.0,0.0,1105.75,0.0,1105.75,24276.05,1190.35,0,0,0,0.0,0,F1,75,,,,,
2024-12-02,2024-12-02,FO,NSE,IDO,57592,,NIFTY,,2025-02-27,2025-02-27,23750.0,PE,NIFTY25FEB23750PE,0.0,0.0,0.0,513.3,0.0,513.3,24276.05,285.25,0,0,0,0.0,0,F1,75,,,,,
2024-12-02,2024-12-02,FO,NSE,IDO,52977,,NIFTY,,2024-12-05,2024-12-05,23750.0,CE,NIFTY24D0523750CE,459.8,623.3,353.0,582.6,584.5,475.85,24276.05,582.6,72400,4475,10084,6105547332.5,4786,F1,25,,,,,
2024-12-02,2024-12-02,FO,NSE,IDO,46465,,NIFTY,,2025-01-30,2025-01-30,25400.0,CE,NIFTY25JAN25400CE,115.75,181.6,115.7,169.65,170.25,138.45,24276.05,169.65,34325,7400,937,598355997.5,381,F1,25,,,,,
2024-12-02,2024-12-02,FO,NSE,IDO,46105,,NIFTY,,2024-12-12,2024-12-12,24300.0,CE,NIFTY24D1224300CE,196.75,292.9,137.95,264.45,266.0,194.35,24276.05,264.45,579900,344575,112490,68965782196.25,37064,F1,25,,,,,
2024-12-02,2024-12-02,FO,NSE,IDO,57614,,NIFTY,,2025-02-27,2025-02-27,24300.0,PE,NIFTY25FEB24300PE,460.0,460.0,460.0,460.0,460.0,756.55,24276.05,479.95,150,150,2,3714000.0,1,F1,75,,,,,
2024-12-02,2024-12-02,FO,NSE,IDO,53086,,NIFTY,,2024-12-05,2024-12-05,25400.0,PE,NIFTY24D0525400PE,1333.0,1333.0,1085.6,1094.95,1098.35,1206.95,24276.05,1094.95,8175,-25,28,18579992.5,14,F1,25,,,,,
2024-12-02,2024-12-02,FO,NSE,IDO,41883,,NIFTY,,2024-12-26,2024-12-26,24300.0,CE,NIFTY24DEC24300CE,338.45,441.3,273.4,410.2,413.0,338.45,24276.05,410.2,928350,61775,84908,52353397153.75,27852,F1,25,,,,,
2024-12-02,2024-12-02,FO,NSE,IDO,52552,,NIFTY,,2025-01-02,2025-01-02,24300.0,CE,NIFTY2510224300CE,353.3,515.9,336.1,486.2,486.2,404.1,24276.05,486.2,7725,450,88,163230165.0,47,F1,75,,,,,
2024-12-02,2024-12-02,FO,NSE,IDO,53085,,NIFTY,,2024-12-05,2024-12-05,25400.0,CE,NIFTY24D0525400CE,1.0,1.6,0.8,0.9,0.8,1.1,24276.05,0.9,1485475,110775,563915,358098920090.0,56528,F1,25,,,,,
2024-12-02,2024-12-02,FO,NSE,IDO,47428,,NIFTY,,2024-12-19,2024-12-19,24900.0,CE,NIFTY24D1924900CE,50.05,99.95,44.6,85.55,86.1,64.6,24276.05,85.55,34225,23175,2357,1471316737.5,788,F1,25,,,,,
2024-12-02,2024-12-02,FO,NSE,IDO,46415,,NIFTY,,2025-01-30,2025-01-30,24900.0,PE,NIFTY25JAN24900PE,779.0,779.0,636.7,651.8,651.15,713.55,24276.05,651.8,17250,5000,511,326623366.25,396,F1,25,,,,,
2024-12-02,2024-12-02,FO,NSE,IDO,46136,,NIFTY,,2024-12-12,2024-12-12,24900.0,PE,NIFTY24D1224900PE,586.0,590.95,557.1,585.65,590.95,585.0,24276.05,585.65,1425,1400,62,39490722.5,28,F1,25,,,,,
2024-12-02,2024-12-02,FO,NSE,IDO,46410,,NIFTY,,2025-01-30,2025-01-30,24900.0,CE,NIFTY25JAN24900CE,264.05,369.95,251.55,347.65,349.05,293.0,24276.05,347.65,26700,-2175,1178,742781256.25,536,F1,25,,,,,
2024-12-02,2024-12-02,FO,NSE,IDO,52600,,NIFTY,,2025-01-02,2025-01-02,24900.0,PE,NIFTY2510224900PE,0.0,0.0,0.0,1447.15,0.0,1447.15,24276.05,679.15,0,0,0,0.0,0,F1,75,,,,,
2024-12-02,2024-12-02,FO,NSE,IDO,52650,,NIFTY,,2025-01-02,2025-01-02,25900.0,PE,NIFTY2510225900PE,0.0,0.0,0.0,2355.75,0.0,2355.75,24276.05,1507.2,0,0,0,0.0,0,F1,75,,,,,
2024-12-02,2024-12-02,FO,NSE,IDO,46538,,NIFTY,,2025-01-30,2025-01-30,25900.0,PE,NIFTY25JAN25900PE,0.0,0.0,0.0,1558.45,0.0,1558.45,24276.05,1463.8,0,0,0,0.0,0,F1,25,,,,,
2024-12-02,2024-12-02,FO,NSE,IDO,53114,,NIFTY,,2024-12-05,2024-12-05,25900.0,PE,NIFTY24D0525900PE,1748.8,1798.8,1571.55,1571.55,1571.55,1675.0,24276.05,1609.6,5175,-3275,143,98747751.25,38,F1,25,,,,,
2024-12-02,2024-12-02,FO,NSE,IDO,47486,,NIFTY,,2024-12-19,2024-12-19,25900.0,PE,NIFTY24D1925900PE,0.0,0.0,0.0,2216.8,0.0,2216.8,24276.05,1547.8,0,0,0,0.0,0,F1,25,,,,,
2024-12-02,2024-12-02,FO,NSE,IDO,46202,,NIFTY,,2024-12-12,2024-12-12,25900.0,CE,NIFTY24D1225900CE,2.3,2.3,1.65,2.0,2.0,2.45,24276.05,2.0,50875,9125,3420,2214614490.0,885,F1,25,,,,,
2024-12-02,2024-12-02,FO,NSE,IDO,52649,,NIFTY,,2025-01-02,2025-01-02,25900.0,CE,NIFTY2510225900CE,14.4,26.0,14.4,19.4,19.0,18.05,24276.05,19.4,4050,-75,106,206061555.0,44,F1,75,,,,,
2024-12-02,2024-12-02,FO,NSE,IDO,47485,,NIFTY,,2024-12-19,2024-12-19,25900.0,CE,NIFTY24D1925900CE,6.5,6.5,4.05,4.25,4.2,4.3,24276.05,4.25,23375,21900,2016,1305593708.75,325,F1,25,,,,,
2024-12-02,2024-12-02,FO,NSE,IDO,53111,,NIFTY,,2024-12-05,2024-12-05,25900.0,CE,NIFTY24D0525900CE,1.35,1.35,0.55,0.6,0.6,0.9,24276.05,0.6,1051000,353675,130482,84489312020.0,14175,F1,25,,,,,
2024-12-02,2024-12-02,FO,NSE,IDO,46537,,NIFTY,,2025-01-30,2025-01-30,25900.0,CE,NIFTY25JAN25900CE,57.25,82.65,51.35,73.3,71.95,59.5,24276.05,73.3,16825,2075,547,355046820.0,224,F1,25,,,,,
2024-12-02,2024-12-02,FO,NSE,IDO,54916,,NIFTY,,2024-12-26,2024-12-26,25900.0,PE,NIFTY24DEC25900PE,1684.45,1684.45,1446.7,1479.55,1479.7,1588.0,24276.05,1479.55,15175,-650,34,23289321.25,9,F1,25,,,,,
2024-12-02,2024-12-02,FO,NSE,IDO,57679,,NIFTY,,2025-02-27,2025-02-27,25900.0,CE,NIFTY25FEB25900CE,0.0,0.0,0.0,266.1,0.0,266.1,24276.05,229.0,0,0,0,0.0,0,F1,75,,,,,
2024-12-02,2024-12-02,FO,NSE,IDO,54915,,NIFTY,,2024-12-26,2024-12-26,25900.0,CE,NIFTY24DEC25900CE,7.95,12.5,6.3,10.9,9.2,7.95,24276.05,10.9,137800,-111950,21086,13658160036.25,6630,F1,25,,,,,
2024-12-02,2024-12-02,FO,NSE,IDO,46203,,NIFTY,,2024-12-12,2024-12-12,25900.0,PE,NIFTY24D1225900PE,1675.0,1679.3,1635.95,1650.2,1650.2,1588.65,24276.05,1576.6,3300,3300,160,110251885.0,70,F1,25,,,,,
2024-12-02,2024-12-02,FO,NSE,IDO,57680,,NIFTY,,2025-02-27,2025-02-27,25900.0,PE,NIFTY25FEB25900PE,0.0,0.0,0.0,1784.85,0.0,1784.85,24276.05,1439.55,0,0,0,0.0,0,F1,75,,,,,
2024-12-02,2024-12-02,FO,NSE,IDO,46074,,NIFTY,,2024-12-12,2024-12-12,23650.0,PE,NIFTY24D1223650PE,89.75,94.7,51.0,54.95,55.45,68.3,24276.05,54.95,56950,22800,11136,6602951460.0,3161,F1,25,,,,,
2024-12-02,2024-12-02,FO,NSE,IDO,41681,,NIFTY,,2024-12-26,2024-12-26,23650.0,CE,NIFTY24DEC23650CE,820.65,917.35,695.75,883.05,881.3,785.3,24276.05,883.05,17800,-3825,391,239089680.0,112,F1,25,,,,,
2024-12-02,2024-12-02,FO,NSE,IDO,57588,,NIFTY,,2025-02-27,2025-02-27,23650.0,PE,NIFTY25FEB23650PE,0.0,0.0,0.0,475.4,0.0,475.4,24276.05,257.05,0,0,0,0.0,0,F1,75,,,,,
2024-12-02,2024-12-02,FO,NSE,IDO,47364,,NIFTY,,2024-12-19,2024-12-19,23650.0,PE,NIFTY24D1923650PE,128.55,128.55,87.75,92.35,92.7,105.45,24276.05,92.35,3525,2675,155,92040731.25,45,F1,25,,,,,
2024-12-02,2024-12-02,FO,NSE,IDO,57587,,NIFTY,,2025-02-27,2025-02-27,23650.0,CE,NIFTY25FEB23650CE,0.0,0.0,0.0,1166.1,0.0,1166.1,24276.05,1260.55,0,0,0,0.0,0,F1,75,,,,,
2024-12-02,2024-12-02,FO,NSE,IDO,57675,,NIFTY,,2025-02-27,2025-02-27,25800.0,CE,NIFTY25FEB25800CE,0.0,0.0,0.0,288.8,0.0,288.8,24276.05,251.9,0,0,0,0.0,0,F1,75,,,,,
2024-12-02,2024-12-02,FO,NSE,IDO,53067,,NIFTY,,2024-12-05,2024-12-05,25000.0,PE,NIFTY24D0525000PE,826.75,954.85,656.2,694.3,693.0,812.05,24276.05,694.3,230850,-8825,9570,6174178990.0,3466,F1,25,,,,,
2024-12-02,2024-12-02,FO,NSE,IDO,71362,,NIFTY,,2024-12-26,2024-12-26,25000.0,CE,NIFTY24DEC25000CE,80.3,119.2,59.35,105.6,107.05,80.7,24276.05,105.6,4648775,3575,244647,153452006120.0,59337,F1,25,,,,,
2024-12-02,2024-12-02,FO,NSE,IDO,67785,,NIFTY,,2028-12-28,2028-12-28,25000.0,PE,NIFTY28DEC25000PE,0.0,0.0,0.0,999.0,999.0,999.0,24276.05,612.75,50,0,0,0.0,0,F1,25,,,,,
2024-12-02,2024-12-02,FO,NSE,IDO,86153,,NIFTY,,2028-06-29,2028-06-29,25000.0,CE,NIFTY28JUN25000CE,0.0,0.0,0.0,3545.15,0.0,3545.15,24276.05,5298.8,0,0,0,0.0,0,F1,25,,,,,
2024-12-02,2024-12-02,FO,NSE,IDO,64571,,NIFTY,,2025-03-27,2025-03-27,25000.0,PE,NIFTY25MAR25000PE,872.7,894.0,740.75,770.45,770.05,819.45,24276.05,770.45,668150,17350,5209,3359023606.25,2513,F1,25,,,,,
2024-12-02,2024-12-02,FO,NSE,IDO,57644,,NIFTY,,2025-02-27,2025-02-27,25000.0,PE,NIFTY25FEB25000PE,850.0,850.0,690.8,714.95,714.95,1151.25,24276.05,714.95,1800,1800,30,58009612.5,26,F1,75,,,,,
2024-12-02,2024-12-02,FO,NSE,IDO,46142,,NIFTY,,2024-12-12,2024-12-12,25000.0,PE,NIFTY24D1225000PE,867.5,915.0,635.05,672.3,679.8,787.55,24276.05,672.3,25575,4900,1000,644376665.0,415,F1,25,,,,,
2024-12-02,2024-12-02,FO,NSE,IDO,52645,,NIFTY,,2025-01-02,2025-01-02,25800.0,CE,NIFTY2510225800CE,0.0,0.0,0.0,26.4,0.0,26.4,24276.05,38.75,0,0,0,0.0,0,F1,75,,,,,
2024-12-02,2024-12-02,FO,NSE,IDO,71563,,NIFTY,,2027-06-24,2027-06-24,25000.0,PE,NIFTY27JUN25000PE,0.0,0.0,0.0,5619.05,0.0,5619.05,24276.05,768.75,0,0,0,0.0,0,F1,25,,,,,
2024-12-02,2024-12-02,FO,NSE,IDO,71395,,NIFTY,,2025-12-24,2025-12-24,25000.0,CE,NIFTY25DEC25000CE,1680.0,1850.0,1666.4,1844.05,1850.0,1732.95,24276.05,1844.05,91550,-1100,194,129809901.25,116,F1,25,,,,,
2024-12-02,2024-12-02,FO,NSE,IDO,64570,,NIFTY,,2025-03-27,2025-03-27,25000.0,CE,NIFTY25MAR25000CE,526.15,636.75,494.7,620.15,624.75,551.8,24276.05,620.15,726875,25200,6200,3965142877.5,2977,F1,25,,,,,
2024-12-02,2024-12-02,FO,NSE,IDO,46518,,NIFTY,,2025-01-30,2025-01-30,25800.0,PE,NIFTY25JAN25800PE,1395.3,1395.3,1395.3,1395.3,1395.3,1395.3,24276.05,1381.4,675,25,1,679882.5,1,F1,25,,,,,
2024-12-02,2024-12-02,FO,NSE,IDO,53627,,NIFTY,,2027-12-30,2027-12-30,25000.0,PE,NIFTY27DEC25000PE,0.0,0.0,0.0,2948.45,0.0,2948.45,24276.05,713.9,0,0,0,0.0,0,F1,25,,,,,
2024-12-02,2024-12-02,FO,NSE,IDO,53105,,NIFTY,,2024-12-05,2024-12-05,25800.0,CE,NIFTY24D0525800CE,0.95,0.95,0.6,0.65,0.6,0.9,24276.05,0.65,1407800,67700,114233,73682378225.0,9956,F1,25,,,,,
2024-12-02,2024-12-02,FO,NSE,IDO,54853,,NIFTY,,2024-12-26,2024-12-26,25800.0,CE,NIFTY24DEC25800CE,9.0,22.0,7.3,12.8,13.2,9.55,24276.05,12.8,488375,-4100,30894,19934995230.0,7788,F1,25,,,,,
2024-12-02,2024-12-02,FO,NSE,IDO,53626,,NIFTY,,2027-12-30,2027-12-30,25000.0,CE,NIFTY27DEC25000CE,0.0,0.0,0.0,3458.35,0.0,3458.35,24276.05,4678.2,0,0,0,0.0,0,F1,25,,,,,
2024-12-02,2024-12-02,FO,NSE,IDO,52511,,NIFTY,,2025-01-02,2025-01-02,23700.0,CE,NIFTY2510223700CE,728.95,734.7,706.45,708.05,708.05,712.45,24276.05,839.1,2100,1275,17,31138717.5,13,F1,75,,,,,
2024-12-02,2024-12-02,FO,NSE,IDO,52976,,NIFTY,,2024-12-05,2024-12-05,23700.0,PE,NIFTY24D0523700PE,26.7,50.0,19.8,22.3,22.25,29.65,24276.05,22.3,5789675,2547250,2895183,1717616951960.0,498674,F1,25,,,,,
2024-12-02,2024-12-02,FO,NSE,IDO,47365,,NIFTY,,2024-12-19,2024-12-19,23700.0,CE,NIFTY24D1923700CE,650.0,800.6,650.0,800.6,800.6,665.95,24276.05,720.0,825,175,7,4272545.0,2,F1,25,,,,,
2024-12-02,2024-12-02,FO,NSE,IDO,41683,,NIFTY,,2024-12-26,2024-12-26,23700.0,CE,NIFTY24DEC23700CE,690.0,885.9,645.25,847.1,848.55,743.9,24276.05,847.1,218225,-20375,2374,1452923211.25,1084,F1,25,,,,,
2024-12-02,2024-12-02,FO,NSE,IDO,53120,,NIFTY,,2024-12-05,2024-12-05,26000.0,PE,NIFTY24D0526000PE,1923.35,1951.0,1650.0,1697.35,1697.35,1793.95,24276.05,1697.35,114050,-3300,375,260222443.75,159,F1,25,,,,,
2024-12-02,2024-12-02,FO,NSE,IDO,67787,,NIFTY,,2028-12-28,2028-12-28,26000.0,PE,NIFTY28DEC26000PE,0.0,0.0,0.0,1160.95,0.0,1160.95,24276.05,802.8,0,0,0,0.0,0,F1,25,,,,,
2024-12-02,2024-12-02,FO,NSE,IDO,46097,,NIFTY,,2024-12-12,2024-12-12,24200.0,CE,NIFTY24D1224200CE,262.4,358.2,180.7,325.15,327.55,247.0,24276.05,325.15,832950,519200,168469,103058567945.0,50965,F1,25,,,,,
2024-12-02,2024-12-02,FO,NSE,IDO,35237,,NIFTY,,2026-12-31,2026-12-31,30000.0,PE,NIFTY26DEC30000PE,0.0,0.0,0.0,5003.2,0.0,5003.2,24276.05,3013.9,0,0,0,0.0,0,F1,25,,,,,
2024-12-02,2024-12-02,FO,NSE,IDO,55651,,NIFTY,,2025-02-27,2025-02-27,23300.0,CE,NIFTY25FEB23300CE,0.0,0.0,0.0,1392.05,0.0,1392.05,24276.05,1522.05,0,0,0,0.0,0,F1,75,,,,,
2024-12-02,2024-12-02,FO,NSE,IDO,35353,,NIFTY,,2028-06-29,2028-06-29,30000.0,PE,NIFTY28JUN30000PE,0.0,0.0,0.0,3779.25,0.0,3779.25,24276.05,2137.75,0,0,0,0.0,0,F1,25,,,,,
2024-12-02,2024-12-02,FO,NSE,IDO,89643,,NIFTY,,2029-06-28,2029-06-28,30000.0,PE,NIFTY29JUN30000PE,0.0,0.0,0.0,2031.05,0.0,2031.05,24276.05,1731.35,0,0,0,0.0,0,F1,25,,,,,
2024-12-02,2024-12-02,FO,NSE,IDO,35262,,NIFTY,,2027-06-24,2027-06-24,30000.0,CE,NIFTY27JUN30000CE,0.0,0.0,0.0,1478.4,0.0,1478.4,24276.05,1721.1,0,0,0,0.0,0,F1,25,,,,,
2024-12-02,2024-12-02,FO,NSE,IDO,67794,,NIFTY,,2028-12-28,2028-12-28,30000.0,CE,NIFTY28DEC30000CE,0.0,0.0,0.0,3293.05,0.0,3293.05,24276.05,3410.15,0,0,0,0.0,0,F1,25,,,,,
2024-12-02,2024-12-02,FO,NSE,IDO,35263,,NIFTY,,2027-06-24,2027-06-24,30000.0,PE,NIFTY27JUN30000PE,0.0,0.0,0.0,4562.55,0.0,4562.55,24276.05,2686.1,0,0,0,0.0,0,F1,25,,,,,
2024-12-02,2024-12-02,FO,NSE,IDO,35347,,NIFTY,,2027-12-30,2027-12-30,30000.0,PE,NIFTY27DEC30000PE,0.0,0.0,0.0,4140.9,0.0,4140.9,24276.05,2385.95,0,0,0,0.0,0,F1,25,,,,,
2024-12-02,2024-12-02,FO,NSE,IDO,35229,,NIFTY,,2026-06-25,2026-06-25,30000.0,CE,NIFTY26JUN30000CE,0.0,0.0,0.0,788.0,0.0,788.0,24276.05,719.45,0,0,0,0.0,0,F1,25,,,,,
2024-12-02,2024-12-02,FO,NSE,IDO,64584,,NIFTY,,2025-03-27,2025-03-27,30000.0,CE,NIFTY25MAR30000CE,15.25,16.65,15.0,15.5,15.8,16.1,24276.05,15.5,175275,-1600,468,351181115.0,133,F1,25,,,,,
2024-12-02,2024-12-02,FO,NSE,IDO,52465,,NIFTY,,2025-01-02,2025-01-02,23300.0,PE,NIFTY2510223300PE,99.0,120.0,99.0,101.45,101.45,90.0,24276.05,57.15,2850,2625,40,70222297.5,26,F1,75,,,,,
2024-12-02,2024-12-02,FO,NSE,IDO,46049,,NIFTY,,2024-12-12,2024-12-12,23300.0,CE,NIFTY24D1223300CE,868.15,1112.75,868.15,1064.5,1077.3,990.65,24276.05,1064.5,6625,1800,147,89495195.0,67,F1,25,,,,,
2024-12-02,2024-12-02,FO,NSE,IDO,45675,,NIFTY,,2025-01-30,2025-01-30,23300.0,PE,NIFTY25JAN23300PE,187.5,190.8,142.55,150.25,150.3,164.7,24276.05,150.25,52400,8775,1886,1106157063.75,487,F1,25,,,,,
2024-12-02,2024-12-02,FO,NSE,IDO,52958,,NIFTY,,2024-12-05,2024-12-05,23300.0,PE,NIFTY24D0523300PE,7.8,12.55,5.8,6.5,6.25,8.05,24276.05,6.5,5514675,1532750,1758052,1024398733441.25,245969,F1,25,,,,,
2024-12-02,2024-12-02,FO,NSE,IDO,35218,,NIFTY,,2024-12-26,2024-12-26,30000.0,PE,NIFTY24DEC30000PE,5689.0,5689.0,5492.15,5509.3,5515.65,5682.8,24276.05,5509.3,26200,200,43,38293397.5,32,F1,25,,,,,
2024-12-02,2024-12-02,FO,NSE,IDO,67795,,NIFTY,,2028-12-28,2028-12-28,30000.0,PE,NIFTY28DEC30000PE,0.0,0.0,0.0,2352.75,0.0,2352.75,24276.05,1921.4,0,0,0,0.0,0,F1,25,,,,,
2024-12-02,2024-12-02,FO,NSE,IDO,35235,,NIFTY,,2026-12-31,2026-12-31,30000.0,CE,NIFTY26DEC30000CE,0.0,0.0,0.0,1131.45,0.0,1131.45,24276.05,1218.7,0,0,0,0.0,0,F1,25,,,,,
2024-12-02,2024-12-02,FO,NSE,IDO,47329,,NIFTY,,2024-12-19,2024-12-19,23300.0,CE,NIFTY24D1923300CE,0.0,0.0,0.0,663.65,0.0,663.65,24276.05,1070.45,0,0,0,0.0,0,F1,25,,,,,
2024-12-02,2024-12-02,FO,NSE,IDO,43262,,NIFTY,,2025-01-30,2025-01-30,22850.0,PE,NIFTY25JAN22850PE,101.3,101.8,92.75,96.0,95.2,131.25,24276.05,96.0,1925,1525,185,106139365.0,46,F1,25,,,,,
2024-12-02,2024-12-02,FO,NSE,IDO,52445,,NIFTY,,2025-01-02,2025-01-02,22850.0,CE,NIFTY2510222850CE,0.0,0.0,0.0,921.45,0.0,921.45,24276.05,1576.0,0,0,0,0.0,0,F1,75,,,,,
2024-12-02,2024-12-02,FO,NSE,IDO,46023,,NIFTY,,2024-12-12,2024-12-12,22850.0,PE,NIFTY24D1222850PE,10.0,15.0,6.7,9.45,9.5,10.7,24276.05,9.45,68750,14725,10084,5762986205.0,4046,F1,25,,,,,
2024-12-02,2024-12-02,FO,NSE,IDO,58640,,NIFTY,,2026-12-31,2026-12-31,18000.0,CE,NIFTY26DEC18000CE,0.0,0.0,0.0,4501.45,0.0,4501.45,24276.05,8651.35,0,0,0,0.0,0,F1,25,,,,,
2024-12-02,2024-12-02,FO,NSE,IDO,89612,,NIFTY,,2029-06-28,2029-06-28,18000.0,CE,NIFTY29JUN18000CE,0.0,0.0,0.0,11678.65,0.0,11678.65,24276.05,11093.35,0,0,0,0.0,0,F1,25,,,,,
2024-12-02,2024-12-02,FO,NSE,IDO,64680,,NIFTY,,2025-09-25,2025-09-25,18000.0,CE,NIFTY25SEP18000CE,0.0,0.0,0.0,9482.9,0.0,9482.9,24276.05,7239.65,0,0,0,0.0,0,F1,25,,,,,
2024-12-02,2024-12-02,FO,NSE,IDO,52586,,NIFTY,,2025-01-02,2025-01-02,24700.0,CE,NIFTY2510224700CE,0.0,0.0,0.0,208.5,208.5,208.5,24276.05,265.4,150,0,0,0.0,0,F1,75,,,,,
2024-12-02,2024-12-02,FO,NSE,IDO,52591,,NIFTY,,2025-01-02,2025-01-02,24700.0,PE,NIFTY2510224700PE,0.0,0.0,0.0,1281.55,0.0,1281.55,24276.05,548.15,0,0,0,0.0,0,F1,75,,,,,
2024-12-02,2024-12-02,FO,NSE,IDO,47420,,NIFTY,,2024-12-19,2024-12-19,24700.0,PE,NIFTY24D1924700PE,550.05,583.5,444.4,459.6,459.0,579.0,24276.05,459.6,3100,1700,100,63001563.75,56,F1,25,,,,,
2024-12-02,2024-12-02,FO,NSE,IDO,42549,,NIFTY,,2024-12-26,2024-12-26,24700.0,CE,NIFTY24DEC24700CE,151.85,225.0,122.3,203.2,206.65,158.9,24276.05,203.2,664175,-34825,43164,26836644136.25,15546,F1,25,,,,,
2024-12-02,2024-12-02,FO,NSE,IDO,52962,,NIFTY,,2024-12-05,2024-12-05,23400.0,PE,NIFTY24D0523400PE,9.9,17.25,7.45,8.45,8.55,10.9,24276.05,8.45,4364800,2591150,1794473,1050229964953.75,242080,F1,25,,,,,
2024-12-02,2024-12-02,FO,NSE,IDO,41650,,NIFTY,,2024-12-26,2024-12-26,23400.0,CE,NIFTY24DEC23400CE,911.1,1142.65,877.3,1096.45,1099.0,987.05,24276.05,1096.45,77550,-4725,509,310653733.75,173,F1,25,,,,,
2024-12-02,2024-12-02,FO,NSE,IDO,45683,,NIFTY,,2025-01-30,2025-01-30,23400.0,PE,NIFTY25JAN23400PE,198.7,209.45,159.85,164.95,164.1,181.7,24276.05,164.95,26750,-2500,584,344137753.75,218,F1,25,,,,,
2024-12-02,2024-12-02,FO,NSE,IDO,47347,,NIFTY,,2024-12-19,2024-12-19,23400.0,PE,NIFTY24D1923400PE,75.0,79.15,52.55,55.6,55.75,67.7,24276.05,55.6,29550,20550,1662,974792217.5,590,F1,25,,,,,
2024-12-02,2024-12-02,FO,NSE,IDO,53013,,NIFTY,,2024-12-05,2024-12-05,24250.0,CE,NIFTY24D0524250CE,125.0,216.45,64.35,187.9,188.0,124.45,24276.05,187.9,1760475,684650,3844104,2344566403747.5,1241780,F1,25,,,,,
2024-12-02,2024-12-02,FO,NSE,IDO,41881,,NIFTY,,2024-12-26,2024-12-26,24250.0,PE,NIFTY24DEC24250PE,336.55,377.3,246.75,262.55,265.1,309.15,24276.05,262.55,138825,34100,8782,5388217588.75,3417,F1,25,,,,,
2024-12-02,2024-12-02,FO,NSE,IDO,53014,,NIFTY,,2024-12-05,2024-12-05,24250.0,PE,NIFTY24D0524250PE,190.0,271.5,115.8,129.75,129.8,184.35,24276.05,129.75,1806050,1359675,1882650,1148747421838.75,572676,F1,25,,,,,
2024-12-02,2024-12-02,FO,NSE,IDO,57612,,NIFTY,,2025-02-27,2025-02-27,24250.0,PE,NIFTY25FEB24250PE,0.0,0.0,0.0,732.1,0.0,732.1,24276.05,459.35,0,0,0,0.0,0,F1,75,,,,,
2024-12-02,2024-12-02,FO,NSE,IDO,57611,,NIFTY,,2025-02-27,2025-02-27,24250.0,CE,NIFTY25FEB24250CE,0.0,0.0,0.0,833.6,0.0,833.6,24276.05,872.45,0,0,0,0.0,0,F1,75,,,,,
2024-12-02,2024-12-02,FO,NSE,IDO,52550,,NIFTY,,2025-01-02,2025-01-02,24250.0,PE,NIFTY2510224250PE,483.6,483.6,274.0,290.2,291.75,938.85,24276.05,290.2,8400,8400,183,337528095.0,133,F1,75,,,,,
2024-12-02,2024-12-02,FO,NSE,IDO,46103,,NIFTY,,2024-12-12,2024-12-12,24250.0,PE,NIFTY24D1224250PE,249.8,317.05,178.1,192.55,195.0,241.6,24276.05,192.55,99100,62800,20647,12632212256.25,7628,F1,25,,,,,
2024-12-02,2024-12-02,FO,NSE,IDO,47396,,NIFTY,,2024-12-19,2024-12-19,24250.0,PE,NIFTY24D1924250PE,350.0,350.0,223.0,237.4,238.5,287.6,24276.05,237.4,4325,2775,624,382352153.75,253,F1,25,,,,,
2024-12-02,2024-12-02,FO,NSE,IDO,46360,,NIFTY,,2025-01-30,2025-01-30,24250.0,CE,NIFTY25JAN24250CE,559.05,739.2,552.0,706.7,706.75,625.95,24276.05,706.7,11725,-2975,348,217011791.25,220,F1,25,,,,,
2024-12-02,2024-12-02,FO,NSE,IDO,46361,,NIFTY,,2025-01-30,2025-01-30,24250.0,PE,NIFTY25JAN24250PE,426.2,426.2,356.55,371.2,370.45,405.9,24276.05,371.2,12100,3375,329,202645008.75,232,F1,25,,,,,
2024-12-02,2024-12-02,FO,NSE,IDO,46099,,NIFTY,,2024-12-12,2024-12-12,24250.0,CE,NIFTY24D1224250CE,223.55,324.0,158.75,296.0,299.95,218.45,24276.05,296.0,101050,50475,28325,17348699418.75,9913,F1,25,,,,,
2024-12-02,2024-12-02,FO,NSE,IDO,41878,,NIFTY,,2024-12-26,2024-12-26,24250.0,CE,NIFTY24DEC24250CE,323.95,472.65,299.25,439.65,444.0,368.0,24276.05,439.65,110225,30175,9618,5926257450.0,4651,F1,25,,,,,
2024-12-02,2024-12-02,FO,NSE,IDO,47395,,NIFTY,,2024-12-19,2024-12-19,24250.0,CE,NIFTY24D1924250CE,250.35,401.0,233.25,369.15,377.25,296.1,24276.05,369.15,6275,3325,808,496519556.25,273,F1,25,,,,,
2024-12-02,2024-12-02,FO,NSE,IDO,52549,,NIFTY,,2025-01-02,2025-01-02,24250.0,CE,NIFTY2510224250CE,500.6,541.55,500.6,504.3,504.3,429.1,24276.05,504.3,4875,450,12,22285593.75,9,F1,75,,,,,
2024-12-02,2024-12-02,FO,NSE,IDO,57662,,NIFTY,,2025-02-27,2025-02-27,25450.0,PE,NIFTY25FEB25450PE,0.0,0.0,0.0,1451.85,0.0,1451.85,24276.05,1114.4,0,0,0,0.0,0,F1,75,,,,,
2024-12-02,2024-12-02,FO,NSE,IDO,46165,,NIFTY,,2024-12-12,2024-12-12,25450.0,CE,NIFTY24D1225450CE,4.05,5.3,2.6,4.25,4.3,4.35,24276.05,4.25,74625,47875,11993,7631677266.25,4331,F1,25,,,,,
2024-12-02,2024-12-02,FO,NSE,IDO,46468,,NIFTY,,2025-01-30,2025-01-30,25450.0,PE,NIFTY25JAN25450PE,0.0,0.0,0.0,974.95,974.95,974.95,24276.05,1108.0,425,0,0,0.0,0,F1,25,,,,,
2024-12-02,2024-12-02,FO,NSE,IDO,57648,,NIFTY,,2025-02-27,2025-02-27,25100.0,PE,NIFTY25FEB25100PE,0.0,0.0,0.0,1215.05,0.0,1215.05,24276.05,889.45,0,0,0,0.0,0,F1,75,,,,,
2024-12-02,2024-12-02,FO,NSE,IDO,52608,,NIFTY,,2025-01-02,2025-01-02,25100.0,PE,NIFTY2510225100PE,0.0,0.0,0.0,1619.45,0.0,1619.45,24276.05,824.05,0,0,0,0.0,0,F1,75,,,,,
2024-12-02,2024-12-02,FO,NSE,IDO,52607,,NIFTY,,2025-01-02,2025-01-02,25100.0,CE,NIFTY2510225100CE,0.0,0.0,0.0,143.0,143.0,143.0,24276.05,143.6,300,0,0,0.0,0,F1,75,,,,,
2024-12-02,2024-12-02,FO,NSE,IDO,57586,,NIFTY,,2025-02-27,2025-02-27,23600.0,PE,NIFTY25FEB23600PE,0.0,0.0,0.0,457.15,0.0,457.15,24276.05,243.7,0,0,0,0.0,0,F1,75,,,,,
2024-12-02,2024-12-02,FO,NSE,IDO,46269,,NIFTY,,2025-01-30,2025-01-30,23600.0,CE,NIFTY25JAN23600CE,1035.0,1204.7,1035.0,1192.0,1190.25,1081.0,24276.05,1192.0,8550,-275,35,21608038.75,28,F1,25,,,,,
2024-12-02,2024-12-02,FO,NSE,IDO,46072,,NIFTY,,2024-12-12,2024-12-12,23600.0,PE,NIFTY24D1223600PE,67.0,85.3,45.75,49.75,49.4,60.5,24276.05,49.75,364900,193250,53043,31375817602.5,16637,F1,25,,,,,
2024-12-02,2024-12-02,FO,NSE,IDO,47362,,NIFTY,,2024-12-19,2024-12-19,23600.0,PE,NIFTY24D1923600PE,96.25,124.4,73.3,80.9,80.2,95.7,24276.05,80.9,34750,26725,2470,1462867307.5,928,F1,25,,,,,
2024-12-02,2024-12-02,FO,NSE,IDO,52972,,NIFTY,,2024-12-05,2024-12-05,23600.0,PE,NIFTY24D0523600PE,22.0,35.0,14.05,16.0,15.15,21.1,24276.05,16.0,6558925,3939200,2493606,1472535644413.75,396834,F1,25,,,,,
2024-12-02,2024-12-02,FO,NSE,IDO,41673,,NIFTY,,2024-12-26,2024-12-26,23600.0,PE,NIFTY24DEC23600PE,140.5,153.8,98.6,104.35,104.95,123.4,24276.05,104.35,512075,16025,24329,14425672618.75,9308,F1,25,,,,,
2024-12-02,2024-12-02,FO,NSE,IDO,46270,,NIFTY,,2025-01-30,2025-01-30,23600.0,PE,NIFTY25JAN23600PE,243.85,252.0,192.9,200.4,199.6,218.5,24276.05,200.4,169850,650,1109,660100903.75,279,F1,25,,,,,
2024-12-02,2024-12-02,FO,NSE,IDO,46071,,NIFTY,,2024-12-12,2024-12-12,23600.0,CE,NIFTY24D1223600CE,590.0,825.65,575.0,798.05,787.3,685.2,24276.05,798.05,15650,4000,424,257631298.75,136,F1,25,,,,,
2024-12-02,2024-12-02,FO,NSE,IDO,52504,,NIFTY,,2025-01-02,2025-01-02,23600.0,CE,NIFTY2510223600CE,0.0,0.0,0.0,570.85,570.85,570.85,24276.05,916.75,0,0,0,0.0,0,F1,75,,,,,
2024-12-02,2024-12-02,FO,NSE,IDO,47360,,NIFTY,,2024-12-19,2024-12-19,23600.0,CE,NIFTY24D1923600CE,670.0,877.55,663.05,876.65,876.65,776.0,24276.05,803.1,2325,0,17,10348488.75,9,F1,25,,,,,
2024-12-02,2024-12-02,FO,NSE,IDO,47289,,NIFTY,,2024-12-19,2024-12-19,22550.0,PE,NIFTY24D1922550PE,0.0,0.0,0.0,88.65,0.0,88.65,24276.05,1.05,0,0,0,0.0,0,F1,25,,,,,
2024-12-02,2024-12-02,FO,NSE,IDO,55621,,NIFTY,,2025-02-27,2025-02-27,22550.0,CE,NIFTY25FEB22550CE,0.0,0.0,0.0,1948.6,0.0,1948.6,24276.05,2151.45,0,0,0,0.0,0,F1,75,,,,,
2024-12-02,2024-12-02,FO,NSE,IDO,52425,,NIFTY,,2025-01-02,2025-01-02,22550.0,CE,NIFTY2510222550CE,0.0,0.0,0.0,1141.6,0.0,1141.6,24276.05,1863.3,0,0,0,0.0,0,F1,75,,,,,
2024-12-02,2024-12-02,FO,NSE,IDO,52927,,NIFTY,,2024-12-05,2024-12-05,22550.0,CE,NIFTY24D0522550CE,1662.65,1662.65,1567.55,1606.05,1606.05,1028.6,24276.05,1738.55,175,125,7,4227761.25,3,F1,25,,,,,
2024-12-02,2024-12-02,FO,NSE,IDO,55631,,NIFTY,,2025-02-27,2025-02-27,22800.0,CE,NIFTY25FEB22800CE,0.0,0.0,0.0,1753.15,0.0,1753.15,24276.05,1932.8,0,0,0,0.0,0,F1,75,,,,,
2024-12-02,2024-12-02,FO,NSE,IDO,52928,,NIFTY,,2024-12-05,2024-12-05,22550.0,PE,NIFTY24D0522550PE,1.85,2.1,1.3,1.65,1.55,2.05,24276.05,1.65,256175,-8975,134731,75959861725.0,21284,F1,25,,,,,
2024-12-02,2024-12-02,FO,NSE,IDO,43246,,NIFTY,,2025-01-30,2025-01-30,22550.0,PE,NIFTY25JAN22550PE,0.0,0.0,0.0,122.1,121.0,122.1,24276.05,35.2,1125,0,0,0.0,0,F1,25,,,,,
2024-12-02,2024-12-02,FO,NSE,IDO,45987,,NIFTY,,2024-12-12,2024-12-12,22550.0,PE,NIFTY24D1222550PE,5.3,7.9,4.45,4.95,5.15,5.65,24276.05,4.95,14250,11775,1458,822133646.25,711,F1,25,,,,,
2024-12-02,2024-12-02,FO,NSE,IDO,41563,,NIFTY,,2024-12-26,2024-12-26,22550.0,PE,NIFTY24DEC22550PE,30.05,34.05,23.25,23.95,24.25,27.35,24276.05,23.95,16950,5300,741,418224057.5,206,F1,25,,,,,
2024-12-02,2024-12-02,FO,NSE,IDO,52938,,NIFTY,,2024-12-05,2024-12-05,22800.0,PE,NIFTY24D0522800PE,3.1,3.3,1.9,2.1,2.0,3.1,24276.05,2.1,3956825,631925,890878,507850371208.75,95216,F1,25,,,,,
2024-12-02,2024-12-02,FO,NSE,IDO,52444,,NIFTY,,2025-01-02,2025-01-02,22800.0,PE,NIFTY2510222800PE,60.55,63.55,54.95,54.95,54.95,215.85,24276.05,16.9,1425,1425,19,32578218.75,16,F1,75,,,,,
2024-12-02,2024-12-02,FO,NSE,IDO,41592,,NIFTY,,2024-12-26,2024-12-26,22800.0,PE,NIFTY24DEC22800PE,39.9,48.85,31.8,32.95,33.55,38.85,24276.05,32.95,929175,30525,25471,14541854543.75,7711,F1,25,,,,,
2024-12-02,2024-12-02,FO,NSE,IDO,45982,,NIFTY,,2024-12-12,2024-12-12,22550.0,CE,NIFTY24D1222550CE,0.0,0.0,0.0,1837.05,0.0,1837.05,24276.05,1767.8,0,0,0,0.0,0,F1,25,,,,,
2024-12-02,2024-12-02,FO,NSE,IDO,67777,,NIFTY,,2028-12-28,2028-12-28,21000.0,PE,NIFTY28DEC21000PE,0.0,0.0,0.0,490.0,490.0,490.0,24276.05,154.75,1225,0,0,0.0,0,F1,25,,,,,
2024-12-02,2024-12-02,FO,NSE,IDO,39976,,NIFTY,,2024-12-26,2024-12-26,19000.0,CE,NIFTY24DEC19000CE,5220.1,5425.0,5177.15,5374.3,5366.15,5269.9,24276.05,5374.3,85875,1750,162,98598377.5,65,F1,25,,,,,
2024-12-02,2024-12-02,FO,NSE,IDO,67773,,NIFTY,,2028-12-28,2028-12-28,19000.0,PE,NIFTY28DEC19000PE,0.0,0.0,0.0,158.0,0.0,158.0,24276.05,61.25,0,0,0,0.0,0,F1,25,,,,,
2024-12-02,2024-12-02,FO,NSE,IDO,53606,,NIFTY,,2027-12-30,2027-12-30,19000.0,PE,NIFTY27DEC19000PE,0.0,0.0,0.0,204.7,204.7,204.7,24276.05,54.7,775,0,0,0.0,0,F1,25,,,,,
2024-12-02,2024-12-02,FO,NSE,IDO,39987,,NIFTY,,2025-12-24,2025-12-24,19000.0,CE,NIFTY25DEC19000CE,0.0,0.0,0.0,5315.95,5315.95,5315.95,24276.05,6601.3,3225,0,0,0.0,0,F1,25,,,,,
2024-12-02,2024-12-02,FO,NSE,IDO,53605,,NIFTY,,2027-12-30,2027-12-30,19000.0,CE,NIFTY27DEC19000CE,0.0,0.0,0.0,5794.9,0.0,5794.9,24276.05,8893.85,0,0,0,0.0,0,F1,25,,,,,
2024-12-02,2024-12-02,FO,NSE,IDO,39986,,NIFTY,,2025-06-26,2025-06-26,19000.0,PE,NIFTY25JUN19000PE,32.0,40.05,32.0,40.0,40.0,68.05,24276.05,40.0,600600,175,10,4758880.0,5,F1,25,,,,,
2024-12-02,2024-12-02,FO,NSE,IDO,86141,,NIFTY,,2028-06-29,2028-06-29,19000.0,CE,NIFTY28JUN19000CE,0.0,0.0,0.0,6252.25,0.0,6252.25,24276.05,9408.95,0,0,0,0.0,0,F1,25,,,,,
2024-12-02,2024-12-02,FO,NSE,IDO,71549,,NIFTY,,2027-06-24,2027-06-24,19000.0,CE,NIFTY27JUN19000CE,0.0,0.0,0.0,7800.0,7800.0,7800.0,24276.05,8338.05,100,0,0,0.0,0,F1,25,,,,,
2024-12-02,2024-12-02,FO,NSE,IDO,86142,,NIFTY,,2028-06-29,2028-06-29,19000.0,PE,NIFTY28JUN19000PE,0.0,0.0,0.0,537.45,0.0,537.45,24276.05,58.9,0,0,0,0.0,0,F1,25,,,,,
2024-12-02,2024-12-02,FO,NSE,IDO,64554,,NIFTY,,2025-03-27,2025-03-27,19000.0,CE,NIFTY25MAR19000CE,0.0,0.0,0.0,4745.3,0.0,4745.3,24276.05,5676.0,0,0,0,0.0,0,F1,25,,,,,
2024-12-02,2024-12-02,FO,NSE,IDO,67772,,NIFTY,,2028-12-28,2028-12-28,19000.0,CE,NIFTY28DEC19000CE,0.0,0.0,0.0,8739.0,0.0,8739.0,24276.05,9905.35,0,0,0,0.0,0,F1,25,,,,,
2024-12-02,2024-12-02,FO,NSE,IDO,64555,,NIFTY,,2025-03-27,2025-03-27,19000.0,PE,NIFTY25MAR19000PE,23.0,23.8,19.05,20.05,20.35,20.9,24276.05,20.05,10300,1875,208,98904271.25,59,F1,25,,,,,
2024-12-02,2024-12-02,FO,NSE,IDO,89615,,NIFTY,,2029-06-28,2029-06-28,19000.0,PE,NIFTY29JUN19000PE,0.0,0.0,0.0,170.3,0.0,170.3,24276.05,62.25,0,0,0,0.0,0,F1,25,,,,,
2024-12-02,2024-12-02,FO,NSE,IDO,39990,,NIFTY,,2026-06-25,2026-06-25,19000.0,PE,NIFTY26JUN19000PE,0.0,0.0,0.0,160.05,160.05,160.05,24276.05,26.75,175,0,0,0.0,0,F1,25,,,,,
2024-12-02,2024-12-02,FO,NSE,IDO,71550,,NIFTY,,2027-06-24,2027-06-24,19000.0,PE,NIFTY27JUN19000PE,0.0,0.0,0.0,201.05,201.05,201.05,24276.05,47.95,525,0,0,0.0,0,F1,25,,,,,
2024-12-02,2024-12-02,FO,NSE,IDO,64683,,NIFTY,,2025-09-25,2025-09-25,19000.0,PE,NIFTY25SEP19000PE,0.0,0.0,0.0,8.9,0.0,8.9,24276.05,6.7,0,0,0,0.0,0,F1,25,,,,,
2024-12-02,2024-12-02,FO,NSE,IDO,39989,,NIFTY,,2026-06-25,2026-06-25,19000.0,CE,NIFTY26JUN19000CE,0.0,0.0,0.0,5792.0,5792.0,5792.0,24276.05,7203.7,100,0,0,0.0,0,F1,25,,,,,
2024-12-02,2024-12-02,FO,NSE,IDO,58643,,NIFTY,,2026-12-31,2026-12-31,19000.0,PE,NIFTY26DEC19000PE,0.0,0.0,0.0,234.95,234.95,234.95,24276.05,39.15,2425,0,0,0.0,0,F1,25,,,,,
2024-12-02,2024-12-02,FO,NSE,IDO,64682,,NIFTY,,2025-09-25,2025-09-25,19000.0,CE,NIFTY25SEP19000CE,0.0,0.0,0.0,8559.0,0.0,8559.0,24276.05,6298.15,0,0,0,0.0,0,F1,25,,,,,
2024-12-02,2024-12-02,FO,NSE,IDO,89614,,NIFTY,,2029-06-28,2029-06-28,19000.0,CE,NIFTY29JUN19000CE,0.0,0.0,0.0,11036.95,0.0,11036.95,24276.05,10384.0,0,0,0,0.0,0,F1,25,,,,,
2024-12-02,2024-12-02,FO,NSE,IDO,39982,,NIFTY,,2025-06-26,2025-06-26,19000.0,CE,NIFTY25JUN19000CE,0.0,0.0,0.0,3077.9,0.0,3077.9,24276.05,5988.3,0,0,0,0.0,0,F1,25,,,,,
2024-12-02,2024-12-02,FO,NSE,IDO,39988,,NIFTY,,2025-12-24,2025-12-24,19000.0,PE,NIFTY25DEC19000PE,0.0,0.0,0.0,80.0,80.0,80.0,24276.05,12.95,10175,0,0,0.0,0,F1,25,,,,,
2024-12-02,2024-12-02,FO,NSE,IDO,58642,,NIFTY,,2026-12-31,2026-12-31,19000.0,CE,NIFTY26DEC19000CE,0.0,0.0,0.0,8600.0,8600.0,8600.0,24276.05,7803.4,125,0,0,0.0,0,F1,25,,,,,
2024-12-02,2024-12-02,FO,NSE,IDO,39978,,NIFTY,,2024-12-26,2024-12-26,19000.0,PE,NIFTY24DEC19000PE,3.85,4.3,3.4,3.65,3.6,4.25,24276.05,3.65,553550,-8800,2494,1184879515.0,350,F1,25,,,,,
2024-12-02,2024-12-02,FO,NSE,IDO,47392,,NIFTY,,2024-12-19,2024-12-19,24200.0,CE,NIFTY24D1924200CE,283.85,432.05,258.85,400.05,406.6,324.8,24276.05,400.05,25025,10125,3318,2037409596.25,1309,F1,25,,,,,
2024-12-02,2024-12-02,FO,NSE,IDO,47300,,NIFTY,,2024-12-19,2024-12-19,22850.0,CE,NIFTY24D1922850CE,0.0,0.0,0.0,975.3,0.0,975.3,24276.05,1501.75,0,0,0,0.0,0,F1,25,,,,,
2024-12-02,2024-12-02,FO,NSE,IDO,55634,,NIFTY,,2025-02-27,2025-02-27,22850.0,PE,NIFTY25FEB22850PE,0.0,0.0,0.0,238.95,0.0,238.95,24276.05,99.3,0,0,0,0.0,0,F1,75,,,,,
2024-12-02,2024-12-02,FO,NSE,IDO,64202,,NIFTY,,2024-12-26,2024-12-26,27850.0,CE,NIFTY24DEC27850CE,4.35,4.35,2.65,3.4,3.35,3.75,24276.05,3.4,13100,-150,71,49439403.75,15,F1,25,,,,,
2024-12-02,2024-12-02,FO,NSE,IDO,64130,,NIFTY,,2024-12-26,2024-12-26,26650.0,PE,NIFTY24DEC26650PE,0.0,0.0,0.0,827.55,0.0,827.55,24276.05,2257.65,0,0,0,0.0,0,F1,25,,,,,
2024-12-02,2024-12-02,FO,NSE,IDO,64129,,NIFTY,,2024-12-26,2024-12-26,26650.0,CE,NIFTY24DEC26650CE,5.05,5.4,4.45,4.75,4.7,5.05,24276.05,4.75,7250,3325,323,215238065.0,128,F1,25,,,,,
2024-12-02,2024-12-02,FO,NSE,IDO,52929,,NIFTY,,2024-12-05,2024-12-05,22600.0,CE,NIFTY24D0522600CE,1450.0,1582.2,1450.0,1575.0,1575.0,1390.5,24276.05,1688.6,775,-25,3,1810180.0,3,F1,25,,,,,
2024-12-02,2024-12-02,FO,NSE,IDO,41635,,NIFTY,,2024-12-26,2024-12-26,23250.0,PE,NIFTY24DEC23250PE,84.7,91.0,60.1,62.55,62.9,73.25,24276.05,62.55,110700,19725,4594,2678269997.5,1789,F1,25,,,,,
2024-12-02,2024-12-02,FO,NSE,IDO,55649,,NIFTY,,2025-02-27,2025-02-27,23250.0,CE,NIFTY25FEB23250CE,0.0,0.0,0.0,1426.2,0.0,1426.2,24276.05,1561.3,0,0,0,0.0,0,F1,75,,,,,
2024-12-02,2024-12-02,FO,NSE,IDO,47290,,NIFTY,,2024-12-19,2024-12-19,22600.0,CE,NIFTY24D1922600CE,0.0,0.0,0.0,1173.55,0.0,1173.55,24276.05,1748.3,0,0,0,0.0,0,F1,25,,,,,
2024-12-02,2024-12-02,FO,NSE,IDO,41570,,NIFTY,,2024-12-26,2024-12-26,22600.0,CE,NIFTY24DEC22600CE,1740.0,1860.05,1740.0,1832.8,1832.8,1590.0,24276.05,1832.8,4800,-3225,188,114689285.0,50,F1,25,,,,,
2024-12-02,2024-12-02,FO,NSE,IDO,43248,,NIFTY,,2025-01-30,2025-01-30,22600.0,PE,NIFTY25JAN22600PE,93.0,94.95,70.0,74.0,73.5,81.85,24276.05,74.0,96250,7625,2056,1165623833.75,764,F1,25,,,,,
2024-12-02,2024-12-02,FO,NSE,IDO,52427,,NIFTY,,2025-01-02,2025-01-02,22600.0,CE,NIFTY2510222600CE,0.0,0.0,0.0,1103.35,0.0,1103.35,24276.05,1814.9,0,0,0,0.0,0,F1,75,,,,,
2024-12-02,2024-12-02,FO,NSE,IDO,45998,,NIFTY,,2024-12-12,2024-12-12,22600.0,PE,NIFTY24D1222600PE,8.7,9.0,4.95,5.6,5.85,6.75,24276.05,5.6,142075,69650,17163,9699561791.25,5344,F1,25,,,,,
2024-12-02,2024-12-02,FO,NSE,IDO,46043,,NIFTY,,2024-12-12,2024-12-12,23250.0,CE,NIFTY24D1223250CE,0.0,0.0,0.0,909.5,909.5,909.5,24276.05,1073.9,425,0,0,0.0,0,F1,25,,,,,
2024-12-02,2024-12-02,FO,NSE,IDO,44235,,NIFTY,,2025-01-30,2025-01-30,23250.0,PE,NIFTY25JAN23250PE,178.0,178.0,139.65,143.6,144.1,158.5,24276.05,143.6,19975,-25,209,122249537.5,89,F1,25,,,,,
2024-12-02,2024-12-02,FO,NSE,IDO,55624,,NIFTY,,2025-02-27,2025-02-27,22600.0,PE,NIFTY25FEB22600PE,0.0,0.0,0.0,187.05,0.0,187.05,24276.05,70.4,0,0,0,0.0,0,F1,75,,,,,
2024-12-02,2024-12-02,FO,NSE,IDO,47325,,NIFTY,,2024-12-19,2024-12-19,23250.0,CE,NIFTY24D1923250CE,0.0,0.0,0.0,695.1,0.0,695.1,24276.05,1117.0,0,0,0,0.0,0,F1,25,,,,,
2024-12-02,2024-12-02,FO,NSE,IDO,52463,,NIFTY,,2025-01-02,2025-01-02,23250.0,PE,NIFTY2510223250PE,0.0,0.0,0.0,301.25,301.25,301.25,24276.05,51.15,75,0,0,0.0,0,F1,75,,,,,
2024-12-02,2024-12-02,FO,NSE,IDO,52930,,NIFTY,,2024-12-05,2024-12-05,22600.0,PE,NIFTY24D0522600PE,2.15,2.15,1.4,1.7,1.65,2.15,24276.05,1.7,2055775,1045200,504596,285117316110.0,54878,F1,25,,,,,
2024-12-02,2024-12-02,FO,NSE,IDO,52955,,NIFTY,,2024-12-05,2024-12-05,23250.0,CE,NIFTY24D0523250CE,898.95,1093.9,898.95,1044.9,1044.95,943.1,24276.05,1044.9,9650,-325,195,117916626.25,72,F1,25,,,,,
2024-12-02,2024-12-02,FO,NSE,IDO,47328,,NIFTY,,2024-12-19,2024-12-19,23250.0,PE,NIFTY24D1923250PE,56.85,56.85,43.75,44.7,44.7,264.25,24276.05,44.7,2450,2450,173,100773107.5,44,F1,25,,,,,
2024-12-02,2024-12-02,FO,NSE,IDO,55650,,NIFTY,,2025-02-27,2025-02-27,23250.0,PE,NIFTY25FEB23250PE,0.0,0.0,0.0,342.7,0.0,342.7,24276.05,164.2,0,0,0,0.0,0,F1,75,,,,,
2024-12-02,2024-12-02,FO,NSE,IDO,43247,,NIFTY,,2025-01-30,2025-01-30,22600.0,CE,NIFTY25JAN22600CE,0.0,0.0,0.0,2146.6,0.0,2146.6,24276.05,1959.9,0,0,0,0.0,0,F1,25,,,,,
2024-12-02,2024-12-02,FO,NSE,IDO,47291,,NIFTY,,2024-12-19,2024-12-19,22600.0,PE,NIFTY24D1922600PE,20.0,22.95,13.15,14.35,14.6,15.8,24276.05,14.35,1825,1225,95,53713792.5,35,F1,25,,,,,
2024-12-02,2024-12-02,FO,NSE,IDO,43608,,NIFTY,,2025-01-30,2025-01-30,23250.0,CE,NIFTY25JAN23250CE,0.0,0.0,0.0,884.7,875.75,884.7,24276.05,1391.9,100,0,0,0.0,0,F1,25,,,,,
2024-12-02,2024-12-02,FO,NSE,IDO,41571,,NIFTY,,2024-12-26,2024-12-26,22600.0,PE,NIFTY24DEC22600PE,27.0,35.95,24.45,25.35,26.0,29.15,24276.05,25.35,334875,18000,15277,8642225281.25,5446,F1,25,,,,,
2024-12-02,2024-12-02,FO,NSE,IDO,45988,,NIFTY,,2024-12-12,2024-12-12,22600.0,CE,NIFTY24D1222600CE,0.0,0.0,0.0,1630.15,1630.15,1630.15,24276.05,1717.9,25,0,0,0.0,0,F1,25,,,,,
2024-12-02,2024-12-02,FO,NSE,IDO,55623,,NIFTY,,2025-02-27,2025-02-27,22600.0,CE,NIFTY25FEB22600CE,0.0,0.0,0.0,1908.75,0.0,1908.75,24276.05,2107.15,0,0,0,0.0,0,F1,75,,,,,
2024-12-02,2024-12-02,FO,NSE,IDO,52462,,NIFTY,,2025-01-02,2025-01-02,23250.0,CE,NIFTY2510223250CE,0.0,0.0,0.0,667.2,0.0,667.2,24276.05,1210.1,0,0,0,0.0,0,F1,75,,,,,
2024-12-02,2024-12-02,FO,NSE,IDO,53019,,NIFTY,,2024-12-05,2024-12-05,24400.0,CE,NIFTY24D0524400CE,68.7,129.3,29.2,106.6,108.4,65.3,24276.05,106.6,5903400,1897000,5637907,3450263390383.75,1456895,F1,25,,,,,
2024-12-02,2024-12-02,FO,NSE,IDO,46367,,NIFTY,,2025-01-30,2025-01-30,24400.0,PE,NIFTY25JAN24400PE,511.05,523.0,406.55,420.9,422.35,461.45,24276.05,420.9,98425,5725,867,538552741.25,378,F1,25,,,,,
2024-12-02,2024-12-02,FO,NSE,IDO,46114,,NIFTY,,2024-12-12,2024-12-12,24400.0,PE,NIFTY24D1224400PE,387.35,410.55,236.3,254.7,260.95,319.45,24276.05,254.7,183775,97825,21648,13362115201.25,7487,F1,25,,,,,
2024-12-02,2024-12-02,FO,NSE,IDO,55637,,NIFTY,,2025-02-27,2025-02-27,22950.0,CE,NIFTY25FEB22950CE,0.0,0.0,0.0,1640.5,0.0,1640.5,24276.05,1805.55,0,0,0,0.0,0,F1,75,,,,,
2024-12-02,2024-12-02,FO,NSE,IDO,46026,,NIFTY,,2024-12-12,2024-12-12,22950.0,CE,NIFTY24D1222950CE,0.0,0.0,0.0,1265.95,1265.95,1265.95,24276.05,1369.4,150,0,0,0.0,0,F1,25,,,,,
2024-12-02,2024-12-02,FO,NSE,IDO,41598,,NIFTY,,2024-12-26,2024-12-26,22950.0,CE,NIFTY24DEC22950CE,0.0,0.0,0.0,1501.95,1501.95,1501.95,24276.05,1442.25,9425,0,0,0.0,0,F1,25,,,,,
2024-12-02,2024-12-02,FO,NSE,IDO,45856,,NIFTY,,2024-12-12,2024-12-12,21650.0,PE,NIFTY24D1221650PE,2.65,2.7,2.25,2.4,2.35,2.6,24276.05,2.4,5025,625,440,238176570.0,227,F1,25,,,,,
2024-12-02,2024-12-02,FO,NSE,IDO,55638,,NIFTY,,2025-02-27,2025-02-27,22950.0,PE,NIFTY25FEB22950PE,0.0,0.0,0.0,262.45,0.0,262.45,24276.05,113.2,0,0,0,0.0,0,F1,75,,,,,
2024-12-02,2024-12-02,FO,NSE,IDO,52944,,NIFTY,,2024-12-05,2024-12-05,22950.0,PE,NIFTY24D0522950PE,3.65,4.9,2.55,2.85,2.55,4.2,24276.05,2.85,806725,246300,268627,154145970967.5,54297,F1,25,,,,,
2024-12-02,2024-12-02,FO,NSE,IDO,41461,,NIFTY,,2024-12-26,2024-12-26,21650.0,CE,NIFTY24DEC21650CE,0.0,0.0,0.0,4959.6,0.0,4959.6,24276.05,2722.0,0,0,0,0.0,0,F1,25,,,,,
2024-12-02,2024-12-02,FO,NSE,IDO,47226,,NIFTY,,2024-12-19,2024-12-19,21650.0,PE,NIFTY24D1921650PE,0.0,0.0,0.0,13.05,0.0,13.05,24276.05,0.05,0,0,0,0.0,0,F1,25,,,,,
2024-12-02,2024-12-02,FO,NSE,IDO,52862,,NIFTY,,2024-12-05,2024-12-05,21650.0,CE,NIFTY24D0521650CE,0.0,0.0,0.0,2934.4,0.0,2934.4,24276.05,2638.05,0,0,0,0.0,0,F1,25,,,,,
2024-12-02,2024-12-02,FO,NSE,IDO,46029,,NIFTY,,2024-12-12,2024-12-12,22950.0,PE,NIFTY24D1222950PE,14.45,19.2,10.55,11.55,11.5,14.2,24276.05,11.55,41250,22000,7333,4209693855.0,3134,F1,25,,,,,
2024-12-02,2024-12-02,FO,NSE,IDO,43265,,NIFTY,,2025-01-30,2025-01-30,22950.0,CE,NIFTY25JAN22950CE,0.0,0.0,0.0,1100.5,1098.35,1100.5,24276.05,1646.1,225,0,0,0.0,0,F1,25,,,,,
2024-12-02,2024-12-02,FO,NSE,IDO,52387,,NIFTY,,2025-01-02,2025-01-02,22050.0,PE,NIFTY2510222050PE,0.0,0.0,0.0,69.55,0.0,69.55,24276.05,1.65,0,0,0,0.0,0,F1,75,,,,,
2024-12-02,2024-12-02,FO,NSE,IDO,52381,,NIFTY,,2025-01-02,2025-01-02,22050.0,CE,NIFTY2510222050CE,0.0,0.0,0.0,1553.9,0.0,1553.9,24276.05,2353.75,0,0,0,0.0,0,F1,75,,,,,
2024-12-02,2024-12-02,FO,NSE,IDO,45901,,NIFTY,,2024-12-12,2024-12-12,22050.0,CE,NIFTY24D1222050CE,0.0,0.0,0.0,2312.75,0.0,2312.75,24276.05,2266.8,0,0,0,0.0,0,F1,25,,,,,
2024-12-02,2024-12-02,FO,NSE,IDO,45902,,NIFTY,,2024-12-12,2024-12-12,22050.0,PE,NIFTY24D1222050PE,0.0,0.0,0.0,20.0,20.0,20.0,24276.05,0.05,25,0,0,0.0,0,F1,25,,,,,
2024-12-02,2024-12-02,FO,NSE,IDO,47253,,NIFTY,,2024-12-19,2024-12-19,22050.0,CE,NIFTY24D1922050CE,0.0,0.0,0.0,1656.25,0.0,1656.25,24276.05,2295.35,0,0,0,0.0,0,F1,25,,,,,
2024-12-02,2024-12-02,FO,NSE,IDO,52889,,NIFTY,,2024-12-05,2024-12-05,22050.0,CE,NIFTY24D0522050CE,0.0,0.0,0.0,2544.55,0.0,2544.55,24276.05,2238.3,0,0,0,0.0,0,F1,25,,,,,
2024-12-02,2024-12-02,FO,NSE,IDO,41482,,NIFTY,,2024-12-26,2024-12-26,22050.0,CE,NIFTY24DEC22050CE,0.0,0.0,0.0,1636.95,1636.95,1636.95,24276.05,2324.2,75,0,0,0.0,0,F1,25,,,,,
2024-12-02,2024-12-02,FO,NSE,IDO,43217,,NIFTY,,2025-01-30,2025-01-30,22050.0,CE,NIFTY25JAN22050CE,0.0,0.0,0.0,2622.7,0.0,2622.7,24276.05,2478.15,0,0,0,0.0,0,F1,25,,,,,
2024-12-02,2024-12-02,FO,NSE,IDO,52890,,NIFTY,,2024-12-05,2024-12-05,22050.0,PE,NIFTY24D0522050PE,1.15,1.25,0.9,1.15,1.05,1.35,24276.05,1.15,117275,42300,45958,25335600195.0,11003,F1,25,,,,,
2024-12-02,2024-12-02,FO,NSE,IDO,47254,,NIFTY,,2024-12-19,2024-12-19,22050.0,PE,NIFTY24D1922050PE,0.0,0.0,0.0,33.1,0.0,33.1,24276.05,0.05,0,0,0,0.0,0,F1,25,,,,,
2024-12-02,2024-12-02,FO,NSE,IDO,47415,,NIFTY,,2024-12-19,2024-12-19,24600.0,CE,NIFTY24D1924600CE,116.55,215.1,104.25,184.95,189.15,141.75,24276.05,184.95,27350,12000,3082,1907685957.5,1515,F1,25,,,,,
2024-12-02,2024-12-02,FO,NSE,IDO,42525,,NIFTY,,2024-12-26,2024-12-26,24600.0,PE,NIFTY24DEC24600PE,549.95,584.0,396.25,417.85,421.5,487.9,24276.05,417.85,579250,5350,5266,3300849336.25,2130,F1,25,,,,,
2024-12-02,2024-12-02,FO,NSE,IDO,67778,,NIFTY,,2028-12-28,2028-12-28,22000.0,CE,NIFTY28DEC22000CE,0.0,0.0,0.0,6932.45,0.0,6932.45,24276.05,7795.3,0,0,0,0.0,0,F1,25,,,,,
2024-12-02,2024-12-02,FO,NSE,IDO,64124,,NIFTY,,2024-12-26,2024-12-26,26550.0,PE,NIFTY24DEC26550PE,0.0,0.0,0.0,1261.6,1261.6,1261.6,24276.05,2158.7,25,0,0,0.0,0,F1,25,,,,,
2024-12-02,2024-12-02,FO,NSE,IDO,53603,,NIFTY,,2027-12-30,2027-12-30,18000.0,CE,NIFTY27DEC18000CE,0.0,0.0,0.0,6285.7,0.0,6285.7,24276.05,9680.9,0,0,0,0.0,0,F1,25,,,,,
2024-12-02,2024-12-02,FO,NSE,IDO,64123,,NIFTY,,2024-12-26,2024-12-26,26550.0,CE,NIFTY24DEC26550CE,4.6,8.4,4.6,5.25,4.65,5.3,24276.05,5.25,22700,16100,6350,4215695476.25,918,F1,25,,,,,
2024-12-02,2024-12-02,FO,NSE,IDO,55118,,NIFTY,,2024-12-26,2024-12-26,18000.0,PE,NIFTY24DEC18000PE,3.75,3.75,2.85,3.0,3.0,3.55,24276.05,3.0,405500,5875,1566,704818036.25,260,F1,25,,,,,
2024-12-02,2024-12-02,FO,NSE,IDO,41691,,NIFTY,,2024-12-26,2024-12-26,23900.0,CE,NIFTY24DEC23900CE,553.05,727.75,506.25,689.0,692.25,596.2,24276.05,689.0,510025,-14250,9594,5880933025.0,3971,F1,25,,,,,
2024-12-02,2024-12-02,FO,NSE,IDO,46334,,NIFTY,,2025-01-30,2025-01-30,23900.0,CE,NIFTY25JAN23900CE,777.0,970.2,767.25,956.6,949.8,856.2,24276.05,956.6,17025,3100,355,219931112.5,123,F1,25,,,,,
2024-12-02,2024-12-02,FO,NSE,IDO,57597,,NIFTY,,2025-02-27,2025-02-27,23900.0,CE,NIFTY25FEB23900CE,1068.2,1068.2,1068.2,1068.2,1068.2,1056.45,24276.05,1089.1,2925,150,2,3745230.0,1,F1,75,,,,,
2024-12-02,2024-12-02,FO,NSE,IDO,46095,,NIFTY,,2024-12-12,2024-12-12,24150.0,CE,NIFTY24D1224150CE,248.05,390.95,204.75,359.35,364.2,275.25,24276.05,359.35,91600,15000,27704,16928671797.5,9743,F1,25,,,,,
2024-12-02,2024-12-02,FO,NSE,IDO,47390,,NIFTY,,2024-12-19,2024-12-19,24150.0,CE,NIFTY24D1924150CE,304.3,467.1,284.3,429.2,439.25,357.35,24276.05,429.2,5600,3550,893,547343121.25,365,F1,25,,,,,
2024-12-02,2024-12-02,FO,NSE,IDO,53008,,NIFTY,,2024-12-05,2024-12-05,24150.0,CE,NIFTY24D0524150CE,186.9,285.0,101.75,252.65,254.0,178.1,24276.05,252.65,1085200,-283350,4551423,2768300094471.25,1457710,F1,25,,,,,
2024-12-02,2024-12-02,FO,NSE,IDO,47391,,NIFTY,,2024-12-19,2024-12-19,24150.0,PE,NIFTY24D1924150PE,257.1,309.1,190.0,202.55,204.9,245.8,24276.05,202.55,10350,7375,1086,662080431.25,424,F1,25,,,,,
2024-12-02,2024-12-02,FO,NSE,IDO,57608,,NIFTY,,2025-02-27,2025-02-27,24150.0,PE,NIFTY25FEB24150PE,452.0,456.35,420.2,456.35,456.35,464.8,24276.05,419.95,75,0,4,7376306.25,4,F1,75,,,,,
2024-12-02,2024-12-02,FO,NSE,IDO,57607,,NIFTY,,2025-02-27,2025-02-27,24150.0,CE,NIFTY25FEB24150CE,994.95,994.95,994.95,994.95,994.95,884.1,24276.05,931.45,75,75,1,1885871.25,1,F1,75,,,,,
2024-12-02,2024-12-02,FO,NSE,IDO,46461,,NIFTY,,2025-01-30,2025-01-30,25300.0,CE,NIFTY25JAN25300CE,142.95,214.7,138.4,198.9,195.75,164.0,24276.05,198.9,36525,4075,1687,1074779630.0,396,F1,25,,,,,
2024-12-02,2024-12-02,FO,NSE,IDO,52619,,NIFTY,,2025-01-02,2025-01-02,25300.0,PE,NIFTY2510225300PE,0.0,0.0,0.0,1797.4,0.0,1797.4,24276.05,981.2,0,0,0,0.0,0,F1,75,,,,,
2024-12-02,2024-12-02,FO,NSE,IDO,47448,,NIFTY,,2024-12-19,2024-12-19,25300.0,PE,NIFTY24D1925300PE,0.0,0.0,0.0,1651.65,0.0,1651.65,24276.05,979.05,0,0,0,0.0,0,F1,25,,,,,
2024-12-02,2024-12-02,FO,NSE,IDO,46462,,NIFTY,,2025-01-30,2025-01-30,25300.0,PE,NIFTY25JAN25300PE,941.7,960.05,879.0,880.0,881.4,1056.75,24276.05,880.0,1150,350,18,11803790.0,11,F1,25,,,,,
2024-12-02,2024-12-02,FO,NSE,IDO,48659,,NIFTY,,2024-12-26,2024-12-26,25300.0,CE,NIFTY24DEC25300CE,33.05,54.2,25.2,46.1,48.2,35.5,24276.05,46.1,763625,213250,56613,35861309091.25,18126,F1,25,,,,,
2024-12-02,2024-12-02,FO,NSE,IDO,51000,,NIFTY,,2024-12-26,2024-12-26,25300.0,PE,NIFTY24DEC25300PE,1097.1,1122.45,888.95,911.35,910.0,1017.55,24276.05,911.35,35700,25,106,69607115.0,50,F1,25,,,,,
2024-12-02,2024-12-02,FO,NSE,IDO,52618,,NIFTY,,2025-01-02,2025-01-02,25300.0,CE,NIFTY2510225300CE,0.0,0.0,0.0,58.9,0.0,58.9,24276.05,101.85,0,0,0,0.0,0,F1,75,,,,,
2024-12-02,2024-12-02,FO,NSE,IDO,46158,,NIFTY,,2024-12-12,2024-12-12,25300.0,PE,NIFTY24D1225300PE,1060.0,1072.95,942.7,945.2,955.0,1023.85,24276.05,945.2,675,650,30,19753468.75,11,F1,25,,,,,
2024-12-02,2024-12-02,FO,NSE,IDO,57655,,NIFTY,,2025-02-27,2025-02-27,25300.0,CE,NIFTY25FEB25300CE,0.0,0.0,0.0,300.0,300.0,300.0,24276.05,394.65,75,0,0,0.0,0,F1,75,,,,,
2024-12-02,2024-12-02,FO,NSE,IDO,53081,,NIFTY,,2024-12-05,2024-12-05,25300.0,CE,NIFTY24D0525300CE,1.25,1.35,0.9,1.05,0.95,1.25,24276.05,1.05,3343425,793350,1194885,755796365866.25,90894,F1,25,,,,,
2024-12-02,2024-12-02,FO,NSE,IDO,53010,,NIFTY,,2024-12-05,2024-12-05,24200.0,CE,NIFTY24D0524200CE,137.9,249.75,81.5,219.55,219.6,149.55,24276.05,219.55,4397625,-235825,7442734,4532553552138.75,2248072,F1,25,,,,,
2024-12-02,2024-12-02,FO,NSE,IDO,54653,,NIFTY,,2024-12-26,2024-12-26,25450.0,CE,NIFTY24DEC25450CE,24.0,36.3,16.3,30.85,31.7,23.1,24276.05,30.85,32250,9425,3643,2320222827.5,1242,F1,25,,,,,
2024-12-02,2024-12-02,FO,NSE,IDO,46358,,NIFTY,,2025-01-30,2025-01-30,24200.0,CE,NIFTY25JAN24200CE,603.95,775.0,582.55,742.8,742.15,656.95,24276.05,742.8,74975,2925,1723,1072108262.5,888,F1,25,,,,,
2024-12-02,2024-12-02,FO,NSE,IDO,52546,,NIFTY,,2025-01-02,2025-01-02,24200.0,CE,NIFTY2510224200CE,406.8,551.0,406.8,551.0,551.0,455.9,24276.05,503.25,6900,1950,52,96223455.0,38,F1,75,,,,,
2024-12-02,2024-12-02,FO,NSE,IDO,52464,,NIFTY,,2025-01-02,2025-01-02,23300.0,CE,NIFTY2510223300CE,0.0,0.0,0.0,638.8,0.0,638.8,24276.05,1166.4,0,0,0,0.0,0,F1,75,,,,,
2024-12-02,2024-12-02,FO,NSE,IDO,41637,,NIFTY,,2024-12-26,2024-12-26,23300.0,PE,NIFTY24DEC23300PE,87.45,98.45,63.4,67.2,66.85,78.7,24276.05,67.2,908200,-8550,55610,32498132888.75,16461,F1,25,,,,,
2024-12-02,2024-12-02,FO,NSE,IDO,64591,,NIFTY,,2025-03-27,2025-03-27,30000.0,PE,NIFTY25MAR30000PE,0.0,0.0,0.0,5150.0,5150.0,5150.0,24276.05,5097.25,1750,0,0,0.0,0,F1,25,,,,,
2024-12-02,2024-12-02,FO,NSE,IDO,35221,,NIFTY,,2025-12-24,2025-12-24,30000.0,CE,NIFTY25DEC30000CE,183.95,183.95,165.0,170.25,170.25,170.0,24276.05,170.25,17075,2200,95,71659786.25,20,F1,25,,,,,
2024-12-02,2024-12-02,FO,NSE,IDO,64705,,NIFTY,,2025-09-25,2025-09-25,30000.0,PE,NIFTY25SEP30000PE,0.0,0.0,0.0,2720.25,0.0,2720.25,24276.05,4280.85,0,0,0,0.0,0,F1,25,,,,,
2024-12-02,2024-12-02,FO,NSE,IDO,44236,,NIFTY,,2025-01-30,2025-01-30,23300.0,CE,NIFTY25JAN23300CE,1238.75,1444.65,1238.75,1431.45,1431.45,1300.0,24276.05,1431.45,11200,75,17,10485198.75,14,F1,25,,,,,
2024-12-02,2024-12-02,FO,NSE,IDO,35346,,NIFTY,,2027-12-30,2027-12-30,30000.0,CE,NIFTY27DEC30000CE,0.0,0.0,0.0,1877.7,0.0,1877.7,24276.05,2287.95,0,0,0,0.0,0,F1,25,,,,,
2024-12-02,2024-12-02,FO,NSE,IDO,64704,,NIFTY,,2025-09-25,2025-09-25,30000.0,CE,NIFTY25SEP30000CE,0.0,0.0,0.0,1042.7,0.0,1042.7,24276.05,160.2,0,0,0,0.0,0,F1,25,,,,,
2024-12-02,2024-12-02,FO,NSE,IDO,52957,,NIFTY,,2024-12-05,2024-12-05,23300.0,CE,NIFTY24D0523300CE,800.05,1050.0,765.4,1015.7,1013.75,895.65,24276.05,1015.7,64975,-6400,1493,904440347.5,438,F1,25,,,,,
2024-12-02,2024-12-02,FO,NSE,IDO,35222,,NIFTY,,2025-12-24,2025-12-24,30000.0,PE,NIFTY25DEC30000PE,0.0,0.0,0.0,4000.0,4000.0,4000.0,24276.05,3965.3,100,0,0,0.0,0,F1,25,,,,,
2024-12-02,2024-12-02,FO,NSE,IDO,35231,,NIFTY,,2026-06-25,2026-06-25,30000.0,PE,NIFTY26JUN30000PE,0.0,0.0,0.0,5541.2,0.0,5541.2,24276.05,3442.05,0,0,0,0.0,0,F1,25,,,,,
2024-12-02,2024-12-02,FO,NSE,IDO,35217,,NIFTY,,2024-12-26,2024-12-26,30000.0,CE,NIFTY24DEC30000CE,2.55,2.85,2.3,2.45,2.3,2.85,24276.05,2.45,907650,12225,5662,4246863612.5,436,F1,25,,,,,
2024-12-02,2024-12-02,FO,NSE,IDO,35352,,NIFTY,,2028-06-29,2028-06-29,30000.0,CE,NIFTY28JUN30000CE,0.0,0.0,0.0,2278.45,0.0,2278.45,24276.05,2846.45,0,0,0,0.0,0,F1,25,,,,,
2024-12-02,2024-12-02,FO,NSE,IDO,41636,,NIFTY,,2024-12-26,2024-12-26,23300.0,CE,NIFTY24DEC23300CE,989.0,1227.0,971.0,1194.45,1187.35,1073.25,24276.05,1194.45,46325,-4425,350,213858368.75,114,F1,25,,,,,
2024-12-02,2024-12-02,FO,NSE,IDO,35220,,NIFTY,,2025-06-26,2025-06-26,30000.0,PE,NIFTY25JUN30000PE,0.0,0.0,0.0,6809.4,0.0,6809.4,24276.05,4655.15,0,0,0,0.0,0,F1,25,,,,,
2024-12-02,2024-12-02,FO,NSE,IDO,35219,,NIFTY,,2025-06-26,2025-06-26,30000.0,CE,NIFTY25JUN30000CE,0.0,0.0,0.0,264.15,0.0,264.15,24276.05,52.55,0,0,0,0.0,0,F1,25,,,,,
2024-12-02,2024-12-02,FO,NSE,IDO,47330,,NIFTY,,2024-12-19,2024-12-19,23300.0,PE,NIFTY24D1923300PE,60.6,69.0,46.75,48.55,48.7,57.45,24276.05,48.55,29475,350,885,516686590.0,444,F1,25,,,,,
2024-12-02,2024-12-02,FO,NSE,IDO,46050,,NIFTY,,2024-12-12,2024-12-12,23300.0,PE,NIFTY24D1223300PE,33.0,42.7,23.4,25.35,25.15,30.35,24276.05,25.35,340000,55725,56437,32917212330.0,18456,F1,25,,,,,
2024-12-02,2024-12-02,FO,NSE,IDO,55652,,NIFTY,,2025-02-27,2025-02-27,23300.0,PE,NIFTY25FEB23300PE,0.0,0.0,0.0,357.7,0.0,357.7,24276.05,174.15,0,0,0,0.0,0,F1,75,,,,,
2024-12-02,2024-12-02,FO,NSE,IDO,89642,,NIFTY,,2029-06-28,2029-06-28,30000.0,CE,NIFTY29JUN30000CE,0.0,0.0,0.0,5268.4,0.0,5268.4,24276.05,3974.3,0,0,0,0.0,0,F1,25,,,,,
2024-12-02,2024-12-02,FO,NSE,IDO,52940,,NIFTY,,2024-12-05,2024-12-05,22850.0,PE,NIFTY24D0522850PE,3.3,3.75,1.8,2.3,2.25,3.3,24276.05,2.3,511550,57900,188442,107659175526.25,34336,F1,25,,,,,
2024-12-02,2024-12-02,FO,NSE,IDO,52939,,NIFTY,,2024-12-05,2024-12-05,22850.0,CE,NIFTY24D0522850CE,1226.35,1322.95,1226.35,1315.2,1315.2,1192.25,24276.05,1438.7,150,25,12,7243011.25,12,F1,25,,,,,
2024-12-02,2024-12-02,FO,NSE,IDO,43261,,NIFTY,,2025-01-30,2025-01-30,22850.0,CE,NIFTY25JAN22850CE,0.0,0.0,0.0,1164.55,1164.55,1164.55,24276.05,1734.05,50,0,0,0.0,0,F1,25,,,,,
2024-12-02,2024-12-02,FO,NSE,IDO,52446,,NIFTY,,2025-01-02,2025-01-02,22850.0,PE,NIFTY2510222850PE,0.0,0.0,0.0,230.45,0.0,230.45,24276.05,19.3,0,0,0,0.0,0,F1,75,,,,,
2024-12-02,2024-12-02,FO,NSE,IDO,52630,,NIFTY,,2025-01-02,2025-01-02,25450.0,PE,NIFTY2510225450PE,0.0,0.0,0.0,1933.95,0.0,1933.95,24276.05,1105.95,0,0,0,0.0,0,F1,75,,,,,
2024-12-02,2024-12-02,FO,NSE,IDO,57661,,NIFTY,,2025-02-27,2025-02-27,25450.0,CE,NIFTY25FEB25450CE,0.0,0.0,0.0,375.0,0.0,375.0,24276.05,346.6,0,0,0,0.0,0,F1,75,,,,,
2024-12-02,2024-12-02,FO,NSE,IDO,53088,,NIFTY,,2024-12-05,2024-12-05,25450.0,PE,NIFTY24D0525450PE,0.0,0.0,0.0,1337.0,1337.0,1337.0,24276.05,1159.85,175,0,0,0.0,0,F1,25,,,,,
2024-12-02,2024-12-02,FO,NSE,IDO,47433,,NIFTY,,2024-12-19,2024-12-19,25000.0,PE,NIFTY24D1925000PE,665.0,665.0,665.0,665.0,665.0,1000.0,24276.05,721.05,625,25,1,641625.0,1,F1,25,,,,,
2024-12-02,2024-12-02,FO,NSE,IDO,53063,,NIFTY,,2024-12-05,2024-12-05,25000.0,CE,NIFTY24D0525000CE,2.5,4.45,1.8,3.25,3.15,2.85,24276.05,3.25,13033100,3464400,5639967,3525385621378.75,408073,F1,25,,,,,
2024-12-02,2024-12-02,FO,NSE,IDO,89633,,NIFTY,,2029-06-28,2029-06-28,25000.0,PE,NIFTY29JUN25000PE,0.0,0.0,0.0,852.5,0.0,852.5,24276.05,565.95,0,0,0,0.0,0,F1,25,,,,,
2024-12-02,2024-12-02,FO,NSE,IDO,64694,,NIFTY,,2025-09-25,2025-09-25,25000.0,CE,NIFTY25SEP25000CE,0.0,0.0,0.0,3510.0,0.0,3510.0,24276.05,1517.3,0,0,0,0.0,0,F1,25,,,,,
2024-12-02,2024-12-02,FO,NSE,IDO,71562,,NIFTY,,2027-06-24,2027-06-24,25000.0,CE,NIFTY27JUN25000CE,0.0,0.0,0.0,2090.05,0.0,2090.05,24276.05,4010.6,0,0,0,0.0,0,F1,25,,,,,
2024-12-02,2024-12-02,FO,NSE,IDO,86160,,NIFTY,,2028-06-29,2028-06-29,25000.0,PE,NIFTY28JUN25000PE,0.0,0.0,0.0,2016.8,0.0,2016.8,24276.05,662.2,0,0,0,0.0,0,F1,25,,,,,
2024-12-02,2024-12-02,FO,NSE,IDO,57641,,NIFTY,,2025-02-27,2025-02-27,25000.0,CE,NIFTY25FEB25000CE,465.9,530.55,369.65,475.95,480.3,415.85,24276.05,475.95,39150,16350,504,962124007.5,296,F1,75,,,,,
2024-12-02,2024-12-02,FO,NSE,IDO,67784,,NIFTY,,2028-12-28,2028-12-28,25000.0,CE,NIFTY28DEC25000CE,0.0,0.0,0.0,5350.4,0.0,5350.4,24276.05,5899.35,0,0,0,0.0,0,F1,25,,,,,
2024-12-02,2024-12-02,FO,NSE,IDO,54905,,NIFTY,,2024-12-26,2024-12-26,25800.0,PE,NIFTY24DEC25800PE,1583.75,1583.75,1347.75,1347.75,1347.75,1480.0,24276.05,1430.2,44700,-100,12,8184025.0,8,F1,25,,,,,
2024-12-02,2024-12-02,FO,NSE,IDO,89632,,NIFTY,,2029-06-28,2029-06-28,25000.0,CE,NIFTY29JUN25000CE,0.0,0.0,0.0,7557.7,0.0,7557.7,24276.05,6481.05,0,0,0,0.0,0,F1,25,,,,,
2024-12-02,2024-12-02,FO,NSE,IDO,71475,,NIFTY,,2026-06-25,2026-06-25,25000.0,PE,NIFTY26JUN25000PE,0.0,0.0,0.0,6063.1,0.0,6063.1,24276.05,867.5,0,0,0,0.0,0,F1,25,,,,,
2024-12-02,2024-12-02,FO,NSE,IDO,71474,,NIFTY,,2026-06-25,2026-06-25,25000.0,CE,NIFTY26JUN25000CE,0.0,0.0,0.0,1510.4,0.0,1510.4,24276.05,2644.7,0,0,0,0.0,0,F1,25,,,,,
2024-12-02,2024-12-02,FO,NSE,IDO,47482,,NIFTY,,2024-12-19,2024-12-19,25800.0,PE,NIFTY24D1925800PE,0.0,0.0,0.0,2120.7,0.0,2120.7,24276.05,1450.25,0,0,0,0.0,0,F1,25,,,,,
2024-12-02,2024-12-02,FO,NSE,IDO,52603,,NIFTY,,2025-01-02,2025-01-02,25000.0,CE,NIFTY2510225000CE,100.05,172.0,92.5,154.55,152.7,118.1,24276.05,154.55,15075,-4575,341,642804495.0,244,F1,75,,,,,
2024-12-02,2024-12-02,FO,NSE,IDO,47432,,NIFTY,,2024-12-19,2024-12-19,25000.0,CE,NIFTY24D1925000CE,47.1,72.95,29.8,62.45,65.0,47.1,24276.05,62.45,91575,17325,11137,6975426696.25,3165,F1,25,,,,,
2024-12-02,2024-12-02,FO,NSE,IDO,71504,,NIFTY,,2026-12-31,2026-12-31,25000.0,PE,NIFTY26DEC25000PE,0.0,0.0,0.0,601.05,601.05,601.05,24276.05,818.7,275,0,0,0.0,0,F1,25,,,,,
2024-12-02,2024-12-02,FO,NSE,IDO,57590,,NIFTY,,2025-02-27,2025-02-27,23700.0,PE,NIFTY25FEB23700PE,0.0,0.0,0.0,494.1,0.0,494.1,24276.05,270.9,0,0,0,0.0,0,F1,75,,,,,
2024-12-02,2024-12-02,FO,NSE,IDO,46273,,NIFTY,,2025-01-30,2025-01-30,23700.0,CE,NIFTY25JAN23700CE,927.0,1119.3,927.0,1108.4,1100.0,1008.5,24276.05,1108.4,8850,-2025,203,125479261.25,81,F1,25,,,,,
2024-12-02,2024-12-02,FO,NSE,IDO,46275,,NIFTY,,2025-01-30,2025-01-30,23750.0,CE,NIFTY25JAN23750CE,924.25,1086.65,924.25,1063.05,1065.1,965.0,24276.05,1063.05,2925,-75,14,8673205.0,8,F1,25,,,,,
2024-12-02,2024-12-02,FO,NSE,IDO,49180,,NIFTY,,2025-12-24,2025-12-24,16500.0,PE,NIFTY25DEC16500PE,0.0,0.0,0.0,22.6,22.6,22.6,24276.05,0.45,2600,0,0,0.0,0,F1,25,,,,,
2024-12-02,2024-12-02,FO,NSE,IDO,46311,,NIFTY,,2025-01-30,2025-01-30,23750.0,PE,NIFTY25JAN23750PE,273.05,288.7,222.9,232.4,230.3,255.2,24276.05,232.4,15000,8850,543,325867045.0,239,F1,25,,,,,
2024-12-02,2024-12-02,FO,NSE,IDO,46078,,NIFTY,,2024-12-12,2024-12-12,23750.0,PE,NIFTY24D1223750PE,104.7,118.8,63.45,68.05,70.7,84.7,24276.05,68.05,72575,18575,16094,9590985367.5,5478,F1,25,,,,,
2024-12-02,2024-12-02,FO,NSE,IDO,52978,,NIFTY,,2024-12-05,2024-12-05,23750.0,PE,NIFTY24D0523750PE,33.0,59.75,23.35,26.4,26.0,35.7,24276.05,26.4,1959050,791375,1311945,780171953137.5,281778,F1,25,,,,,
2024-12-02,2024-12-02,FO,NSE,IDO,47367,,NIFTY,,2024-12-19,2024-12-19,23750.0,CE,NIFTY24D1923750CE,734.45,734.45,729.9,729.9,729.9,419.5,24276.05,679.8,50,50,2,1224108.75,2,F1,25,,,,,
2024-12-02,2024-12-02,FO,NSE,IDO,47363,,NIFTY,,2024-12-19,2024-12-19,23650.0,CE,NIFTY24D1923650CE,0.0,0.0,0.0,880.45,880.45,880.45,24276.05,761.1,50,0,0,0.0,0,F1,25,,,,,
2024-12-02,2024-12-02,FO,NSE,IDO,37802,,NIFTY,,2026-06-25,2026-06-25,13000.0,PE,NIFTY26JUN13000PE,0.0,0.0,0.0,21.6,21.6,21.6,24276.05,0.05,200,0,0,0.0,0,F1,25,,,,,
2024-12-02,2024-12-02,FO,NSE,IDO,52510,,NIFTY,,2025-01-02,2025-01-02,23650.0,PE,NIFTY2510223650PE,0.0,0.0,0.0,563.45,0.0,563.45,24276.05,116.3,0,0,0,0.0,0,F1,75,,,,,
2024-12-02,2024-12-02,FO,NSE,IDO,46073,,NIFTY,,2024-12-12,2024-12-12,23650.0,CE,NIFTY24D1223650CE,573.05,771.35,534.0,743.8,743.8,642.0,24276.05,743.8,2400,1525,132,80124751.25,55,F1,25,,,,,
2024-12-02,2024-12-02,FO,NSE,IDO,52974,,NIFTY,,2024-12-05,2024-12-05,23650.0,PE,NIFTY24D0523650PE,27.75,41.65,16.65,18.9,18.55,25.0,24276.05,18.9,1782275,621625,1366428,808776961256.25,247450,F1,25,,,,,
2024-12-02,2024-12-02,FO,NSE,IDO,52973,,NIFTY,,2024-12-05,2024-12-05,23650.0,CE,NIFTY24D0523650CE,522.9,713.1,438.2,667.45,677.2,568.2,24276.05,667.45,17125,-1800,4294,2597690388.75,1369,F1,25,,,,,
2024-12-02,2024-12-02,FO,NSE,IDO,64201,,NIFTY,,2024-12-26,2024-12-26,27800.0,PE,NIFTY24DEC27800PE,0.0,0.0,0.0,3530.0,3530.0,3530.0,24276.05,3400.85,25,0,0,0.0,0,F1,25,,,,,
2024-12-02,2024-12-02,FO,NSE,IDO,41682,,NIFTY,,2024-12-26,2024-12-26,23650.0,PE,NIFTY24DEC23650PE,140.0,163.2,106.5,112.95,113.55,133.65,24276.05,112.95,73325,13875,4669,2775320145.0,1536,F1,25,,,,,
2024-12-02,2024-12-02,FO,NSE,IDO,64200,,NIFTY,,2024-12-26,2024-12-26,27800.0,CE,NIFTY24DEC27800CE,3.75,3.75,2.65,3.5,3.5,3.75,24276.05,0.05,3875,-75,40,27803481.25,7,F1,25,,,,,
2024-12-02,2024-12-02,FO,NSE,IDO,58631,,NIFTY,,2026-12-31,2026-12-31,13000.0,PE,NIFTY26DEC13000PE,0.0,0.0,0.0,21.4,21.4,21.4,24276.05,0.05,150,0,0,0.0,0,F1,25,,,,,
2024-12-02,2024-12-02,FO,NSE,IDO,37797,,NIFTY,,2025-12-24,2025-12-24,13000.0,PE,NIFTY25DEC13000PE,0.0,0.0,0.0,20.1,20.1,20.1,24276.05,0.05,225,0,0,0.0,0,F1,25,,,,,
2024-12-02,2024-12-02,FO,NSE,IDO,52509,,NIFTY,,2025-01-02,2025-01-02,23650.0,CE,NIFTY2510223650CE,0.0,0.0,0.0,461.2,0.0,461.2,24276.05,877.55,0,0,0,0.0,0,F1,75,,,,,
2024-12-02,2024-12-02,FO,NSE,IDO,46272,,NIFTY,,2025-01-30,2025-01-30,23650.0,PE,NIFTY25JAN23650PE,213.8,216.85,206.8,216.85,216.85,230.45,24276.05,216.85,3625,0,5,2983028.75,3,F1,25,,,,,
2024-12-02,2024-12-02,FO,NSE,IDO,46271,,NIFTY,,2025-01-30,2025-01-30,23650.0,CE,NIFTY25JAN23650CE,0.0,0.0,0.0,924.65,924.65,924.65,24276.05,1080.95,1575,0,0,0.0,0,F1,25,,,,,
2024-12-02,2024-12-02,FO,NSE,IDO,41684,,NIFTY,,2024-12-26,2024-12-26,23700.0,PE,NIFTY24DEC23700PE,160.0,178.05,114.3,121.4,120.9,143.3,24276.05,121.4,923700,27525,29054,17313379678.75,10209,F1,25,,,,,
2024-12-02,2024-12-02,FO,NSE,IDO,47366,,NIFTY,,2024-12-19,2024-12-19,23700.0,PE,NIFTY24D1923700PE,120.0,146.5,88.25,93.75,96.0,114.95,24276.05,93.75,27600,15175,1708,1016560361.25,842,F1,25,,,,,
2024-12-02,2024-12-02,FO,NSE,IDO,52975,,NIFTY,,2024-12-05,2024-12-05,23700.0,CE,NIFTY24D0523700CE,501.05,669.25,394.0,627.95,631.0,520.0,24276.05,627.95,275100,-13675,26225,15876156033.75,9502,F1,25,,,,,
2024-12-02,2024-12-02,FO,NSE,IDO,64183,,NIFTY,,2024-12-26,2024-12-26,27350.0,PE,NIFTY24DEC27350PE,0.0,0.0,0.0,1219.75,0.0,1219.75,24276.05,2952.95,0,0,0,0.0,0,F1,25,,,,,
2024-12-02,2024-12-02,FO,NSE,IDO,46274,,NIFTY,,2025-01-30,2025-01-30,23700.0,PE,NIFTY25JAN23700PE,271.05,279.0,212.0,219.9,219.85,241.65,24276.05,219.9,102275,22075,1821,1089903226.25,402,F1,25,,,,,
2024-12-02,2024-12-02,FO,NSE,IDO,64182,,NIFTY,,2024-12-26,2024-12-26,27350.0,CE,NIFTY24DEC27350CE,4.35,4.35,4.1,4.1,4.1,4.25,24276.05,0.15,1425,0,6,4103121.25,2,F1,25,,,,,
2024-12-02,2024-12-02,FO,NSE,IDO,57594,,NIFTY,,2025-02-27,2025-02-27,23800.0,PE,NIFTY25FEB23800PE,325.0,332.2,317.0,332.2,332.2,351.0,24276.05,332.2,450,300,4,7236915.0,4,F1,75,,,,,
2024-12-02,2024-12-02,FO,NSE,IDO,52523,,NIFTY,,2025-01-02,2025-01-02,23800.0,CE,NIFTY2510223800CE,663.55,852.9,663.55,850.2,850.2,673.1,24276.05,764.7,2625,-525,27,49870031.25,9,F1,75,,,,,
2024-12-02,2024-12-02,FO,NSE,IDO,55633,,NIFTY,,2025-02-27,2025-02-27,22850.0,CE,NIFTY25FEB22850CE,0.0,0.0,0.0,1715.2,0.0,1715.2,24276.05,1890.05,0,0,0,0.0,0,F1,75,,,,,
2024-12-02,2024-12-02,FO,NSE,IDO,46016,,NIFTY,,2024-12-12,2024-12-12,22850.0,CE,NIFTY24D1222850CE,0.0,0.0,0.0,1563.9,0.0,1563.9,24276.05,1468.75,0,0,0,0.0,0,F1,25,,,,,
2024-12-02,2024-12-02,FO,NSE,IDO,41651,,NIFTY,,2024-12-26,2024-12-26,23400.0,PE,NIFTY24DEC23400PE,104.55,114.15,73.85,77.95,78.4,91.6,24276.05,77.95,591425,51725,37695,22133173571.25,11766,F1,25,,,,,
2024-12-02,2024-12-02,FO,NSE,IDO,52478,,NIFTY,,2025-01-02,2025-01-02,23400.0,PE,NIFTY2510223400PE,0.0,0.0,0.0,438.6,0.0,438.6,24276.05,70.8,0,0,0,0.0,0,F1,75,,,,,
2024-12-02,2024-12-02,FO,NSE,IDO,38160,,NIFTY,,2027-06-24,2027-06-24,29000.0,CE,NIFTY27JUN29000CE,0.0,0.0,0.0,1545.2,0.0,1545.2,24276.05,2071.7,0,0,0,0.0,0,F1,25,,,,,
2024-12-02,2024-12-02,FO,NSE,IDO,89641,,NIFTY,,2029-06-28,2029-06-28,29000.0,PE,NIFTY29JUN29000PE,0.0,0.0,0.0,1746.95,0.0,1746.95,24276.05,1433.65,0,0,0,0.0,0,F1,25,,,,,
2024-12-02,2024-12-02,FO,NSE,IDO,38158,,NIFTY,,2026-12-31,2026-12-31,29000.0,CE,NIFTY26DEC29000CE,0.0,0.0,0.0,1205.35,0.0,1205.35,24276.05,1526.7,0,0,0,0.0,0,F1,25,,,,,
2024-12-02,2024-12-02,FO,NSE,IDO,38153,,NIFTY,,2025-12-24,2025-12-24,29000.0,PE,NIFTY25DEC29000PE,0.0,0.0,0.0,3000.0,3000.0,3000.0,24276.05,3196.3,950,0,0,0.0,0,F1,25,,,,,
2024-12-02,2024-12-02,FO,NSE,IDO,67792,,NIFTY,,2028-12-28,2028-12-28,29000.0,CE,NIFTY28DEC29000CE,0.0,0.0,0.0,3645.75,0.0,3645.75,24276.05,3835.1,0,0,0,0.0,0,F1,25,,,,,
2024-12-02,2024-12-02,FO,NSE,IDO,86167,,NIFTY,,2028-06-29,2028-06-29,29000.0,CE,NIFTY28JUN29000CE,0.0,0.0,0.0,2333.25,0.0,2333.25,24276.05,3254.4,0,0,0,0.0,0,F1,25,,,,,
2024-12-02,2024-12-02,FO,NSE,IDO,38146,,NIFTY,,2024-12-26,2024-12-26,29000.0,CE,NIFTY24DEC29000CE,2.7,3.1,2.35,2.55,2.4,2.9,24276.05,2.55,817100,-3950,5165,3744971328.75,800,F1,25,,,,,
2024-12-02,2024-12-02,FO,NSE,IDO,38149,,NIFTY,,2024-12-26,2024-12-26,29000.0,PE,NIFTY24DEC29000PE,4781.2,4781.2,4529.15,4555.25,4550.0,4671.55,24276.05,4555.25,542050,5250,611,513501776.25,308,F1,25,,,,,
2024-12-02,2024-12-02,FO,NSE,IDO,86168,,NIFTY,,2028-06-29,2028-06-29,29000.0,PE,NIFTY28JUN29000PE,0.0,0.0,0.0,3595.9,0.0,3595.9,24276.05,1760.15,0,0,0,0.0,0,F1,25,,,,,
2024-12-02,2024-12-02,FO,NSE,IDO,64702,,NIFTY,,2025-09-25,2025-09-25,29000.0,CE,NIFTY25SEP29000CE,0.0,0.0,0.0,1377.55,0.0,1377.55,24276.05,271.8,0,0,0,0.0,0,F1,25,,,,,
2024-12-02,2024-12-02,FO,NSE,IDO,38154,,NIFTY,,2026-06-25,2026-06-25,29000.0,CE,NIFTY26JUN29000CE,0.0,0.0,0.0,864.2,0.0,864.2,24276.05,964.75,0,0,0,0.0,0,F1,25,,,,,
2024-12-02,2024-12-02,FO,NSE,IDO,45874,,NIFTY,,2025-12-24,2025-12-24,17000.0,PE,NIFTY25DEC17000PE,0.0,0.0,0.0,20.85,20.85,20.85,24276.05,1.0,2925,0,0,0.0,0,F1,25,,,,,
2024-12-02,2024-12-02,FO,NSE,IDO,57593,,NIFTY,,2025-02-27,2025-02-27,23800.0,CE,NIFTY25FEB23800CE,0.0,0.0,0.0,1012.05,1012.05,1012.05,24276.05,1156.05,1350,0,0,0.0,0,F1,75,,,,,
2024-12-02,2024-12-02,FO,NSE,IDO,46327,,NIFTY,,2025-01-30,2025-01-30,23800.0,PE,NIFTY25JAN23800PE,294.95,306.35,233.15,241.45,240.35,265.55,24276.05,241.45,227375,17575,4306,2590751120.0,1304,F1,25,,,,,
2024-12-02,2024-12-02,FO,NSE,IDO,41688,,NIFTY,,2024-12-26,2024-12-26,23800.0,PE,NIFTY24DEC23800PE,170.95,205.5,132.4,140.05,142.0,165.65,24276.05,140.05,1571900,206375,60136,36021676913.75,16789,F1,25,,,,,
2024-12-02,2024-12-02,FO,NSE,IDO,45873,,NIFTY,,2025-12-24,2025-12-24,17000.0,CE,NIFTY25DEC17000CE,0.0,0.0,0.0,8340.0,8340.0,8340.0,24276.05,8451.2,625,0,0,0.0,0,F1,25,,,,,
2024-12-02,2024-12-02,FO,NSE,IDO,41649,,NIFTY,,2024-12-26,2024-12-26,23350.0,PE,NIFTY24DEC23350PE,96.65,106.1,68.7,72.7,72.9,85.3,24276.05,72.7,105675,12850,4503,2637800660.0,1613,F1,25,,,,,
2024-12-02,2024-12-02,FO,NSE,IDO,41648,,NIFTY,,2024-12-26,2024-12-26,23350.0,CE,NIFTY24DEC23350CE,965.0,1171.95,965.0,1171.95,1171.95,1036.5,24276.05,1073.85,11425,-25,5,3052552.5,4,F1,25,,,,,
2024-12-02,2024-12-02,FO,NSE,IDO,45677,,NIFTY,,2025-01-30,2025-01-30,23350.0,PE,NIFTY25JAN23350PE,184.35,201.9,152.45,158.1,158.0,172.3,24276.05,158.1,3000,-550,63,37039960.0,20,F1,25,,,,,
2024-12-02,2024-12-02,FO,NSE,IDO,46052,,NIFTY,,2024-12-12,2024-12-12,23350.0,PE,NIFTY24D1223350PE,31.0,47.45,26.0,28.1,28.6,34.4,24276.05,28.1,51500,26025,11015,6439092912.5,4436,F1,25,,,,,
2024-12-02,2024-12-02,FO,NSE,IDO,47314,,NIFTY,,2024-12-19,2024-12-19,22950.0,PE,NIFTY24D1922950PE,29.45,35.0,23.0,23.0,23.0,29.45,24276.05,23.0,1275,75,6,3447172.5,4,F1,25,,,,,
2024-12-02,2024-12-02,FO,NSE,IDO,41483,,NIFTY,,2024-12-26,2024-12-26,22050.0,PE,NIFTY24DEC22050PE,14.45,16.3,12.8,13.55,13.45,14.45,24276.05,13.55,9625,1850,839,462803856.25,282,F1,25,,,,,
2024-12-02,2024-12-02,FO,NSE,IDO,46384,,NIFTY,,2025-01-30,2025-01-30,24600.0,CE,NIFTY25JAN24600CE,432.85,520.1,373.0,495.65,495.0,428.7,24276.05,495.65,32425,7900,1159,726046215.0,467,F1,25,,,,,
2024-12-02,2024-12-02,FO,NSE,IDO,47416,,NIFTY,,2024-12-19,2024-12-19,24600.0,PE,NIFTY24D1924600PE,405.0,405.0,389.8,401.75,400.15,1051.75,24276.05,401.75,325,325,18,11249376.25,11,F1,25,,,,,
2024-12-02,2024-12-02,FO,NSE,IDO,46121,,NIFTY,,2024-12-12,2024-12-12,24600.0,CE,NIFTY24D1224600CE,76.95,137.65,52.25,119.55,123.3,79.4,24276.05,119.55,366050,93350,84237,52001886430.0,28910,F1,25,,,,,
2024-12-02,2024-12-02,FO,NSE,IDO,64693,,NIFTY,,2025-09-25,2025-09-25,24000.0,PE,NIFTY25SEP24000PE,0.0,0.0,0.0,335.2,0.0,335.2,24276.05,545.5,0,0,0,0.0,0,F1,25,,,,,
2024-12-02,2024-12-02,FO,NSE,IDO,46390,,NIFTY,,2025-01-30,2025-01-30,24700.0,PE,NIFTY25JAN24700PE,671.0,681.0,528.0,548.55,574.7,602.6,24276.05,548.55,24475,4975,551,348361796.25,299,F1,25,,,,,
2024-12-02,2024-12-02,FO,NSE,IDO,43386,,NIFTY,,2025-06-26,2025-06-26,14000.0,PE,NIFTY25JUN14000PE,0.0,0.0,0.0,20.05,20.05,20.05,24276.05,0.05,3050,0,0,0.0,0,F1,25,,,,,
2024-12-02,2024-12-02,FO,NSE,IDO,43384,,NIFTY,,2024-12-26,2024-12-26,14000.0,PE,NIFTY24DEC14000PE,2.05,2.35,1.85,1.85,1.9,2.25,24276.05,1.85,424225,40675,3268,1143959062.5,260,F1,25,,,,,
2024-12-02,2024-12-02,FO,NSE,IDO,50444,,NIFTY,,2026-06-25,2026-06-25,14000.0,PE,NIFTY26JUN14000PE,0.0,0.0,0.0,20.1,20.1,20.1,24276.05,0.05,925,0,0,0.0,0,F1,25,,,,,
2024-12-02,2024-12-02,FO,NSE,IDO,43205,,NIFTY,,2025-01-30,2025-01-30,21800.0,CE,NIFTY25JAN21800CE,0.0,0.0,0.0,2848.7,0.0,2848.7,24276.05,2719.9,0,0,0,0.0,0,F1,25,,,,,
2024-12-02,2024-12-02,FO,NSE,IDO,45872,,NIFTY,,2024-12-12,2024-12-12,21800.0,PE,NIFTY24D1221800PE,3.4,3.85,2.35,2.7,2.8,2.8,24276.05,2.7,10025,7800,913,497644586.25,540,F1,25,,,,,
2024-12-02,2024-12-02,FO,NSE,IDO,46590,,NIFTY,,2025-01-30,2025-01-30,26150.0,CE,NIFTY25JAN26150CE,43.9,43.9,43.9,43.9,43.9,41.85,24276.05,86.6,2175,225,9,5893627.5,2,F1,25,,,,,
2024-12-02,2024-12-02,FO,NSE,IDO,64199,,NIFTY,,2024-12-26,2024-12-26,27750.0,PE,NIFTY24DEC27750PE,0.0,0.0,0.0,1480.95,0.0,1480.95,24276.05,3351.1,0,0,0,0.0,0,F1,25,,,,,
2024-12-02,2024-12-02,FO,NSE,IDO,52563,,NIFTY,,2025-01-02,2025-01-02,24300.0,PE,NIFTY2510224300PE,406.15,425.0,287.85,303.35,311.95,362.25,24276.05,303.35,15675,525,23,42508586.25,20,F1,75,,,,,
2024-12-02,2024-12-02,FO,NSE,IDO,57659,,NIFTY,,2025-02-27,2025-02-27,25400.0,CE,NIFTY25FEB25400CE,0.0,0.0,0.0,389.0,0.0,389.0,24276.05,362.1,0,0,0,0.0,0,F1,75,,,,,
2024-12-02,2024-12-02,FO,NSE,IDO,41888,,NIFTY,,2024-12-26,2024-12-26,24300.0,PE,NIFTY24DEC24300PE,363.35,403.0,264.4,279.55,282.0,330.9,24276.05,279.55,1016550,178525,89607,55139767398.75,25695,F1,25,,,,,
2024-12-02,2024-12-02,FO,NSE,IDO,52625,,NIFTY,,2025-01-02,2025-01-02,25400.0,PE,NIFTY2510225400PE,0.0,0.0,0.0,1888.15,0.0,1888.15,24276.05,1063.75,0,0,0,0.0,0,F1,75,,,,,
2024-12-02,2024-12-02,FO,NSE,IDO,47398,,NIFTY,,2024-12-19,2024-12-19,24300.0,CE,NIFTY24D1924300CE,267.0,368.0,211.65,341.0,343.95,271.65,24276.05,341.0,32100,9675,5128,3153689396.25,1511,F1,25,,,,,
2024-12-02,2024-12-02,FO,NSE,IDO,46363,,NIFTY,,2025-01-30,2025-01-30,24300.0,PE,NIFTY25JAN24300PE,466.95,485.5,373.0,385.95,387.8,424.1,24276.05,385.95,44000,-4000,1424,879487225.0,782,F1,25,,,,,
2024-12-02,2024-12-02,FO,NSE,IDO,46362,,NIFTY,,2025-01-30,2025-01-30,24300.0,CE,NIFTY25JAN24300CE,595.0,706.35,525.05,678.85,676.7,595.7,24276.05,678.85,46750,6775,1353,843679480.0,672,F1,25,,,,,
2024-12-02,2024-12-02,FO,NSE,IDO,53056,,NIFTY,,2024-12-05,2024-12-05,24900.0,CE,NIFTY24D0524900CE,4.05,7.85,2.35,5.3,5.5,4.0,24276.05,5.3,4918100,666725,3455117,2151220659207.5,285258,F1,25,,,,,
2024-12-02,2024-12-02,FO,NSE,IDO,57638,,NIFTY,,2025-02-27,2025-02-27,24900.0,PE,NIFTY25FEB24900PE,0.0,0.0,0.0,1089.25,0.0,1089.25,24276.05,773.05,0,0,0,0.0,0,F1,75,,,,,
2024-12-02,2024-12-02,FO,NSE,IDO,43490,,NIFTY,,2024-12-26,2024-12-26,24900.0,PE,NIFTY24DEC24900PE,766.95,780.0,568.3,601.75,600.25,690.05,24276.05,601.75,66600,6850,1042,665205936.25,658,F1,25,,,,,
2024-12-02,2024-12-02,FO,NSE,IDO,52949,,NIFTY,,2024-12-05,2024-12-05,23100.0,CE,NIFTY24D0523100CE,998.0,1242.4,957.0,1201.35,1206.5,1090.6,24276.05,1201.35,11100,-450,110,66506411.25,66,F1,25,,,,,
2024-12-02,2024-12-02,FO,NSE,IDO,64170,,NIFTY,,2024-12-26,2024-12-26,27300.0,CE,NIFTY24DEC27300CE,4.5,4.55,3.6,4.1,4.05,4.5,24276.05,4.1,8875,1000,508,346764666.25,88,F1,25,,,,,
2024-12-02,2024-12-02,FO,NSE,IDO,43514,,NIFTY,,2024-12-26,2024-12-26,25150.0,CE,NIFTY24DEC25150CE,54.65,82.35,39.15,70.45,72.9,54.65,24276.05,70.45,87550,17525,7654,4824077438.75,2868,F1,25,,,,,
2024-12-02,2024-12-02,FO,NSE,IDO,52407,,NIFTY,,2025-01-02,2025-01-02,22400.0,CE,NIFTY2510222400CE,0.0,0.0,0.0,1259.85,0.0,1259.85,24276.05,2009.35,0,0,0,0.0,0,F1,75,,,,,
2024-12-02,2024-12-02,FO,NSE,IDO,53075,,NIFTY,,2024-12-05,2024-12-05,25150.0,CE,NIFTY24D0525150CE,1.45,2.0,1.3,1.6,1.5,1.6,24276.05,1.6,934275,326575,615999,387333849032.5,62857,F1,25,,,,,
2024-12-02,2024-12-02,FO,NSE,IDO,46150,,NIFTY,,2024-12-12,2024-12-12,25150.0,PE,NIFTY24D1225150PE,0.0,0.0,0.0,980.15,980.15,980.15,24276.05,845.05,100,0,0,0.0,0,F1,25,,,,,
2024-12-02,2024-12-02,FO,NSE,IDO,46149,,NIFTY,,2024-12-12,2024-12-12,25150.0,CE,NIFTY24D1225150CE,7.85,16.15,6.5,12.95,13.3,10.05,24276.05,12.95,184025,121275,35325,22219782511.25,8892,F1,25,,,,,
2024-12-02,2024-12-02,FO,NSE,IDO,43239,,NIFTY,,2025-01-30,2025-01-30,22400.0,CE,NIFTY25JAN22400CE,0.0,0.0,0.0,2315.9,0.0,2315.9,24276.05,2145.55,0,0,0,0.0,0,F1,25,,,,,
2024-12-02,2024-12-02,FO,NSE,IDO,41534,,NIFTY,,2024-12-26,2024-12-26,22400.0,CE,NIFTY24DEC22400CE,0.0,0.0,0.0,1890.0,1890.0,1890.0,24276.05,1977.45,800,0,0,0.0,0,F1,25,,,,,
2024-12-02,2024-12-02,FO,NSE,IDO,46164,,NIFTY,,2024-12-12,2024-12-12,25400.0,PE,NIFTY24D1225400PE,0.0,0.0,0.0,1254.0,1254.0,1254.0,24276.05,1083.15,100,0,0,0.0,0,F1,25,,,,,
2024-12-02,2024-12-02,FO,NSE,IDO,51398,,NIFTY,,2024-12-26,2024-12-26,25400.0,CE,NIFTY24DEC25400CE,29.3,41.15,18.55,34.9,34.4,26.75,24276.05,34.9,389450,43525,38855,24700954051.25,13589,F1,25,,,,,
2024-12-02,2024-12-02,FO,NSE,IDO,53016,,NIFTY,,2024-12-05,2024-12-05,24300.0,PE,NIFTY24D0524300PE,217.7,308.45,134.0,149.3,150.95,212.05,24276.05,149.3,4545450,2020425,2303847,1409807180757.5,632752,F1,25,,,,,
2024-12-02,2024-12-02,FO,NSE,IDO,46161,,NIFTY,,2024-12-12,2024-12-12,25400.0,CE,NIFTY24D1225400CE,4.55,6.15,2.65,5.1,5.1,4.55,24276.05,5.1,384575,318825,40233,25552153875.0,9170,F1,25,,,,,
2024-12-02,2024-12-02,FO,NSE,IDO,57660,,NIFTY,,2025-02-27,2025-02-27,25400.0,PE,NIFTY25FEB25400PE,0.0,0.0,0.0,1416.75,0.0,1416.75,24276.05,1080.65,0,0,0,0.0,0,F1,75,,,,,
2024-12-02,2024-12-02,FO,NSE,IDO,41622,,NIFTY,,2024-12-26,2024-12-26,23100.0,CE,NIFTY24DEC23100CE,1250.05,1400.0,1216.05,1370.1,1370.1,1259.5,24276.05,1301.0,8375,-4675,205,124864313.75,29,F1,25,,,,,
2024-12-02,2024-12-02,FO,NSE,IDO,52455,,NIFTY,,2025-01-02,2025-01-02,23100.0,CE,NIFTY2510223100CE,0.0,0.0,0.0,757.05,0.0,757.05,24276.05,1344.3,0,0,0,0.0,0,F1,75,,,,,
2024-12-02,2024-12-02,FO,NSE,IDO,52950,,NIFTY,,2024-12-05,2024-12-05,23100.0,PE,NIFTY24D0523100PE,4.4,7.35,3.35,3.85,3.7,5.25,24276.05,3.85,3065100,1315400,1152001,665407299587.5,152985,F1,25,,,,,
2024-12-02,2024-12-02,FO,NSE,IDO,57596,,NIFTY,,2025-02-27,2025-02-27,23850.0,PE,NIFTY25FEB23850PE,0.0,0.0,0.0,553.1,0.0,553.1,24276.05,315.6,0,0,0,0.0,0,F1,75,,,,,
2024-12-02,2024-12-02,FO,NSE,IDO,47373,,NIFTY,,2024-12-19,2024-12-19,23850.0,PE,NIFTY24D1923850PE,187.25,187.5,117.0,123.3,123.35,146.0,24276.05,123.3,9825,2475,517,310148095.0,110,F1,25,,,,,
2024-12-02,2024-12-02,FO,NSE,IDO,47372,,NIFTY,,2024-12-19,2024-12-19,23850.0,CE,NIFTY24D1923850CE,484.25,680.85,484.25,657.85,658.95,534.9,24276.05,657.85,3175,3150,198,121261387.5,63,F1,25,,,,,
2024-12-02,2024-12-02,FO,NSE,IDO,52526,,NIFTY,,2025-01-02,2025-01-02,23850.0,PE,NIFTY2510223850PE,0.0,0.0,0.0,677.1,0.0,677.1,24276.05,166.4,0,0,0,0.0,0,F1,75,,,,,
2024-12-02,2024-12-02,FO,NSE,IDO,57595,,NIFTY,,2025-02-27,2025-02-27,23850.0,CE,NIFTY25FEB23850CE,0.0,0.0,0.0,1047.4,0.0,1047.4,24276.05,1122.3,0,0,0,0.0,0,F1,75,,,,,
2024-12-02,2024-12-02,FO,NSE,IDO,43234,,NIFTY,,2025-01-30,2025-01-30,22250.0,PE,NIFTY25JAN22250PE,56.0,58.5,52.3,53.45,53.3,125.95,24276.05,53.45,1650,0,172,95913647.5,55,F1,25,,,,,
2024-12-02,2024-12-02,FO,NSE,IDO,52399,,NIFTY,,2025-01-02,2025-01-02,22250.0,CE,NIFTY2510222250CE,0.0,0.0,0.0,1383.0,0.0,1383.0,24276.05,2156.5,0,0,0,0.0,0,F1,75,,,,,
2024-12-02,2024-12-02,FO,NSE,IDO,47462,,NIFTY,,2024-12-19,2024-12-19,25550.0,CE,NIFTY24D1925550CE,9.9,12.5,7.4,10.05,10.25,9.9,24276.05,10.05,3675,2075,288,184033661.25,41,F1,25,,,,,
2024-12-02,2024-12-02,FO,NSE,IDO,46471,,NIFTY,,2025-01-30,2025-01-30,25550.0,CE,NIFTY25JAN25550CE,0.0,0.0,0.0,112.15,112.15,112.15,24276.05,186.85,3650,0,0,0.0,0,F1,25,,,,,
2024-12-02,2024-12-02,FO,NSE,IDO,53096,,NIFTY,,2024-12-05,2024-12-05,25550.0,PE,NIFTY24D0525550PE,0.0,0.0,0.0,1535.25,1501.2,1535.25,24276.05,1259.8,650,0,0,0.0,0,F1,25,,,,,
2024-12-02,2024-12-02,FO,NSE,IDO,46489,,NIFTY,,2025-01-30,2025-01-30,25550.0,PE,NIFTY25JAN25550PE,0.0,0.0,0.0,1048.7,1048.7,1048.7,24276.05,1183.55,75,0,0,0.0,0,F1,25,,,,,
2024-12-02,2024-12-02,FO,NSE,IDO,71554,,NIFTY,,2027-06-24,2027-06-24,21000.0,PE,NIFTY27JUN21000PE,0.0,0.0,0.0,500.0,500.0,500.0,24276.05,151.2,200,0,0,0.0,0,F1,25,,,,,
2024-12-02,2024-12-02,FO,NSE,IDO,64561,,NIFTY,,2025-03-27,2025-03-27,21000.0,PE,NIFTY25MAR21000PE,55.0,59.4,48.0,51.6,53.8,55.05,24276.05,51.6,362400,4550,4756,2503082732.5,1441,F1,25,,,,,
2024-12-02,2024-12-02,FO,NSE,IDO,51450,,NIFTY,,2025-06-26,2025-06-26,21000.0,PE,NIFTY25JUN21000PE,109.0,115.0,98.0,98.65,98.1,105.55,24276.05,98.65,31650,50,184,97078306.25,102,F1,25,,,,,
2024-12-02,2024-12-02,FO,NSE,IDO,51452,,NIFTY,,2025-12-24,2025-12-24,21000.0,PE,NIFTY25DEC21000PE,248.95,249.0,200.0,205.5,207.4,220.95,24276.05,205.5,43725,-1325,164,86953758.75,99,F1,25,,,,,
2024-12-02,2024-12-02,FO,NSE,IDO,51455,,NIFTY,,2026-06-25,2026-06-25,21000.0,PE,NIFTY26JUN21000PE,0.0,0.0,0.0,3065.6,0.0,3065.6,24276.05,118.9,0,0,0,0.0,0,F1,25,,,,,
2024-12-02,2024-12-02,FO,NSE,IDO,51448,,NIFTY,,2024-12-26,2024-12-26,21000.0,PE,NIFTY24DEC21000PE,6.95,7.9,5.65,5.85,5.95,6.85,24276.05,5.85,2512100,-8300,24260,12740415257.5,2952,F1,25,,,,,
2024-12-02,2024-12-02,FO,NSE,IDO,51447,,NIFTY,,2024-12-26,2024-12-26,21000.0,CE,NIFTY24DEC21000CE,3250.0,3452.25,3177.95,3400.5,3399.95,3287.5,24276.05,3400.5,609925,3550,797,484564052.5,317,F1,25,,,,,
2024-12-02,2024-12-02,FO,NSE,IDO,53613,,NIFTY,,2027-12-30,2027-12-30,21000.0,CE,NIFTY27DEC21000CE,0.0,0.0,0.0,4902.4,0.0,4902.4,24276.05,7370.65,0,0,0,0.0,0,F1,25,,,,,
2024-12-02,2024-12-02,FO,NSE,IDO,71553,,NIFTY,,2027-06-24,2027-06-24,21000.0,CE,NIFTY27JUN21000CE,0.0,0.0,0.0,3061.8,0.0,3061.8,24276.05,6758.55,0,0,0,0.0,0,F1,25,,,,,
2024-12-02,2024-12-02,FO,NSE,IDO,64203,,NIFTY,,2024-12-26,2024-12-26,27850.0,PE,NIFTY24DEC27850PE,0.0,0.0,0.0,1550.15,0.0,1550.15,24276.05,3450.65,0,0,0,0.0,0,F1,25,,,,,
2024-12-02,2024-12-02,FO,NSE,IDO,46040,,NIFTY,,2024-12-12,2024-12-12,23150.0,PE,NIFTY24D1223150PE,26.9,29.8,16.55,17.9,18.25,21.8,24276.05,17.9,122600,102225,13317,7713878852.5,6050,F1,25,,,,,
2024-12-02,2024-12-02,FO,NSE,IDO,41543,,NIFTY,,2024-12-26,2024-12-26,22500.0,PE,NIFTY24DEC22500PE,26.5,31.55,21.8,22.6,22.55,25.55,24276.05,22.6,2371450,226600,71090,40031848257.5,16660,F1,25,,,,,
2024-12-02,2024-12-02,FO,NSE,IDO,41664,,NIFTY,,2024-12-26,2024-12-26,23500.0,PE,NIFTY24DEC23500PE,114.0,133.85,85.4,90.3,90.25,107.85,24276.05,90.3,4293200,56525,125220,73889400736.25,33794,F1,25,,,,,
2024-12-02,2024-12-02,FO,NSE,IDO,55619,,NIFTY,,2025-02-27,2025-02-27,22500.0,CE,NIFTY25FEB22500CE,0.0,0.0,0.0,1988.8,0.0,1988.8,24276.05,2196.05,0,0,0,0.0,0,F1,75,,,,,
2024-12-02,2024-12-02,FO,NSE,IDO,52965,,NIFTY,,2024-12-05,2024-12-05,23500.0,CE,NIFTY24D0523500CE,690.0,858.0,568.0,814.1,819.0,703.5,24276.05,814.1,465025,-7375,21722,13145560203.75,6510,F1,25,,,,,
2024-12-02,2024-12-02,FO,NSE,IDO,43244,,NIFTY,,2025-01-30,2025-01-30,22500.0,PE,NIFTY25JAN22500PE,84.75,87.5,66.35,69.6,70.45,76.4,24276.05,69.6,1109250,167750,26667,15048426513.75,9697,F1,25,,,,,
2024-12-02,2024-12-02,FO,NSE,IDO,43243,,NIFTY,,2025-01-30,2025-01-30,22500.0,CE,NIFTY25JAN22500CE,1907.35,2128.65,1905.0,2128.65,2128.65,2003.35,24276.05,2052.25,15425,-275,15,9178786.25,11,F1,25,,,,,
2024-12-02,2024-12-02,FO,NSE,IDO,47357,,NIFTY,,2024-12-19,2024-12-19,23500.0,PE,NIFTY24D1923500PE,98.95,105.0,64.2,68.1,67.6,80.35,24276.05,68.1,159250,39575,6456,3805763852.5,2140,F1,25,,,,,
2024-12-02,2024-12-02,FO,NSE,IDO,46060,,NIFTY,,2024-12-12,2024-12-12,23500.0,PE,NIFTY24D1223500PE,51.95,68.0,36.5,39.7,38.55,48.5,24276.05,39.7,840475,216650,118099,69525028260.0,34550,F1,25,,,,,
2024-12-02,2024-12-02,FO,NSE,IDO,52423,,NIFTY,,2025-01-02,2025-01-02,22500.0,CE,NIFTY2510222500CE,0.0,0.0,0.0,1180.45,0.0,1180.45,24276.05,1911.85,0,0,0,0.0,0,F1,75,,,,,
2024-12-02,2024-12-02,FO,NSE,IDO,52424,,NIFTY,,2025-01-02,2025-01-02,22500.0,PE,NIFTY2510222500PE,0.0,0.0,0.0,142.35,0.0,142.35,24276.05,7.15,0,0,0,0.0,0,F1,75,,,,,
2024-12-02,2024-12-02,FO,NSE,IDO,46059,,NIFTY,,2024-12-12,2024-12-12,23500.0,CE,NIFTY24D1223500CE,685.0,922.95,657.0,886.35,886.65,773.65,24276.05,886.35,41075,9250,2230,1355294917.5,739,F1,25,,,,,
2024-12-02,2024-12-02,FO,NSE,IDO,52498,,NIFTY,,2025-01-02,2025-01-02,23500.0,PE,NIFTY2510223500PE,139.0,158.65,113.0,114.7,113.7,130.65,24276.05,114.7,8475,600,72,127579297.5,53,F1,75,,,,,
2024-12-02,2024-12-02,FO,NSE,IDO,41618,,NIFTY,,2024-12-26,2024-12-26,23050.0,CE,NIFTY24DEC23050CE,1307.05,1429.85,1306.2,1429.85,1429.85,1300.6,24276.05,1429.85,5025,-5275,273,166243522.5,22,F1,25,,,,,
2024-12-02,2024-12-02,FO,NSE,IDO,47318,,NIFTY,,2024-12-19,2024-12-19,23050.0,PE,NIFTY24D1923050PE,42.95,42.95,33.9,33.9,33.9,115.3,24276.05,8.8,150,150,21,12119398.75,5,F1,25,,,,,
2024-12-02,2024-12-02,FO,NSE,IDO,46124,,NIFTY,,2024-12-12,2024-12-12,24650.0,PE,NIFTY24D1224650PE,550.0,599.65,372.0,404.45,403.1,487.3,24276.05,404.45,11575,8800,616,386600231.25,360,F1,25,,,,,
2024-12-02,2024-12-02,FO,NSE,IDO,52582,,NIFTY,,2025-01-02,2025-01-02,24650.0,CE,NIFTY2510224650CE,0.0,0.0,0.0,147.45,0.0,147.45,24276.05,284.7,0,0,0,0.0,0,F1,75,,,,,
2024-12-02,2024-12-02,FO,NSE,IDO,53037,,NIFTY,,2024-12-05,2024-12-05,24650.0,CE,NIFTY24D0524650CE,13.8,39.6,7.3,28.65,29.4,17.1,24276.05,28.65,1950525,684900,2689032,1658574752381.25,453402,F1,25,,,,,
2024-12-02,2024-12-02,FO,NSE,IDO,47418,,NIFTY,,2024-12-19,2024-12-19,24650.0,PE,NIFTY24D1924650PE,0.0,0.0,0.0,1091.45,0.0,1091.45,24276.05,461.5,0,0,0,0.0,0,F1,25,,,,,
2024-12-02,2024-12-02,FO,NSE,IDO,53038,,NIFTY,,2024-12-05,2024-12-05,24650.0,PE,NIFTY24D0524650PE,513.25,608.3,339.1,370.55,370.7,474.6,24276.05,370.55,35800,17750,11789,7390795868.75,4233,F1,25,,,,,
2024-12-02,2024-12-02,FO,NSE,IDO,42528,,NIFTY,,2024-12-26,2024-12-26,24650.0,CE,NIFTY24DEC24650CE,145.05,247.55,137.7,222.95,225.85,176.75,24276.05,222.95,82375,7550,6075,3771965176.25,2179,F1,25,,,,,
2024-12-02,2024-12-02,FO,NSE,IDO,52566,,NIFTY,,2025-01-02,2025-01-02,24400.0,CE,NIFTY2510224400CE,297.4,402.95,290.4,402.95,402.95,202.9,24276.05,396.05,8175,8175,115,213242602.5,73,F1,75,,,,,
2024-12-02,2024-12-02,FO,NSE,IDO,46113,,NIFTY,,2024-12-12,2024-12-12,24400.0,CE,NIFTY24D1224400CE,140.5,233.0,101.75,207.5,211.0,147.55,24276.05,207.5,393425,144500,77481,47592394025.0,25034,F1,25,,,,,
2024-12-02,2024-12-02,FO,NSE,IDO,41902,,NIFTY,,2024-12-26,2024-12-26,24400.0,PE,NIFTY24DEC24400PE,384.0,458.0,303.0,322.15,325.5,378.55,24276.05,322.15,694900,99775,29281,18120849772.5,10384,F1,25,,,,,
2024-12-02,2024-12-02,FO,NSE,IDO,41898,,NIFTY,,2024-12-26,2024-12-26,24400.0,CE,NIFTY24DEC24400CE,282.0,380.0,229.5,350.0,350.5,286.6,24276.05,350.0,772425,26000,42071,25993820531.25,13662,F1,25,,,,,
2024-12-02,2024-12-02,FO,NSE,IDO,43192,,NIFTY,,2025-01-30,2025-01-30,21600.0,PE,NIFTY25JAN21600PE,29.2,29.2,26.95,28.45,28.35,39.05,24276.05,28.45,5450,5450,289,156261111.25,173,F1,25,,,,,
2024-12-02,2024-12-02,FO,NSE,IDO,64140,,NIFTY,,2024-12-26,2024-12-26,26750.0,CE,NIFTY24DEC26750CE,0.0,0.0,0.0,5.45,4.8,5.45,24276.05,1.2,5425,0,0,0.0,0,F1,25,,,,,
2024-12-02,2024-12-02,FO,NSE,IDO,41460,,NIFTY,,2024-12-26,2024-12-26,21600.0,PE,NIFTY24DEC21600PE,8.2,9.05,6.65,7.1,7.25,7.5,24276.05,7.1,462475,21250,18845,10179962205.0,2815,F1,25,,,,,
2024-12-02,2024-12-02,FO,NSE,IDO,52858,,NIFTY,,2024-12-05,2024-12-05,21600.0,CE,NIFTY24D0521600CE,0.0,0.0,0.0,2983.45,0.0,2983.45,24276.05,2688.05,0,0,0,0.0,0,F1,25,,,,,
2024-12-02,2024-12-02,FO,NSE,IDO,52441,,NIFTY,,2025-01-02,2025-01-02,22750.0,CE,NIFTY2510222750CE,0.0,0.0,0.0,992.15,0.0,992.15,24276.05,1670.85,0,0,0,0.0,0,F1,75,,,,,
2024-12-02,2024-12-02,FO,NSE,IDO,55629,,NIFTY,,2025-02-27,2025-02-27,22750.0,CE,NIFTY25FEB22750CE,0.0,0.0,0.0,1791.5,0.0,1791.5,24276.05,1975.9,0,0,0,0.0,0,F1,75,,,,,
2024-12-02,2024-12-02,FO,NSE,IDO,43258,,NIFTY,,2025-01-30,2025-01-30,22750.0,PE,NIFTY25JAN22750PE,0.0,0.0,0.0,210.0,210.0,210.0,24276.05,50.55,125,0,0,0.0,0,F1,25,,,,,
2024-12-02,2024-12-02,FO,NSE,IDO,52935,,NIFTY,,2024-12-05,2024-12-05,22750.0,CE,NIFTY24D0522750CE,0.0,0.0,0.0,1360.0,1360.0,1360.0,24276.05,1538.65,25,0,0,0.0,0,F1,25,,,,,
2024-12-02,2024-12-02,FO,NSE,IDO,52989,,NIFTY,,2024-12-05,2024-12-05,23950.0,PE,NIFTY24D0523950PE,68.05,116.8,45.4,51.35,50.4,72.0,24276.05,51.35,2371500,791100,2134007,1281850629595.0,648400,F1,25,,,,,
2024-12-02,2024-12-02,FO,NSE,IDO,41702,,NIFTY,,2024-12-26,2024-12-26,23950.0,PE,NIFTY24DEC23950PE,232.05,253.35,162.6,171.5,173.15,207.3,24276.05,171.5,84400,5975,5917,3572729923.75,2335,F1,25,,,,,
2024-12-02,2024-12-02,FO,NSE,IDO,46464,,NIFTY,,2025-01-30,2025-01-30,25350.0,PE,NIFTY25JAN25350PE,0.0,0.0,0.0,1057.75,1057.75,1057.75,24276.05,1034.65,100,0,0,0.0,0,F1,25,,,,,
2024-12-02,2024-12-02,FO,NSE,IDO,46160,,NIFTY,,2024-12-12,2024-12-12,25350.0,PE,NIFTY24D1225350PE,0.0,0.0,0.0,1126.6,0.0,1126.6,24276.05,1034.8,0,0,0,0.0,0,F1,25,,,,,
2024-12-02,2024-12-02,FO,NSE,IDO,52620,,NIFTY,,2025-01-02,2025-01-02,25350.0,CE,NIFTY2510225350CE,0.0,0.0,0.0,54.6,0.0,54.6,24276.05,93.1,0,0,0,0.0,0,F1,75,,,,,
2024-12-02,2024-12-02,FO,NSE,IDO,45844,,NIFTY,,2024-12-12,2024-12-12,21600.0,PE,NIFTY24D1221600PE,2.35,2.5,2.1,2.35,2.25,2.45,24276.05,2.35,253400,211400,16910,9132372220.0,1850,F1,25,,,,,
2024-12-02,2024-12-02,FO,NSE,IDO,47221,,NIFTY,,2024-12-19,2024-12-19,21600.0,PE,NIFTY24D1921600PE,6.15,6.15,4.0,4.2,4.0,6.15,24276.05,4.2,3425,1550,212,114507698.75,25,F1,25,,,,,
2024-12-02,2024-12-02,FO,NSE,IDO,47218,,NIFTY,,2024-12-19,2024-12-19,21600.0,CE,NIFTY24D1921600CE,0.0,0.0,0.0,2081.85,0.0,2081.85,24276.05,2743.85,0,0,0,0.0,0,F1,25,,,,,
2024-12-02,2024-12-02,FO,NSE,IDO,53122,,NIFTY,,2024-12-05,2024-12-05,26050.0,PE,NIFTY24D0526050PE,1983.0,1983.0,1758.35,1758.35,1758.35,1894.4,24276.05,1758.35,1525,-3500,160,111659295.0,33,F1,25,,,,,
2024-12-02,2024-12-02,FO,NSE,IDO,58646,,NIFTY,,2026-12-31,2026-12-31,21000.0,CE,NIFTY26DEC21000CE,0.0,0.0,0.0,3356.25,0.0,3356.25,24276.05,6166.45,0,0,0,0.0,0,F1,25,,,,,
2024-12-02,2024-12-02,FO,NSE,IDO,58647,,NIFTY,,2026-12-31,2026-12-31,21000.0,PE,NIFTY26DEC21000PE,383.05,383.05,367.05,367.05,367.05,333.65,24276.05,140.3,900,200,15,8014243.75,9,F1,25,,,,,
2024-12-02,2024-12-02,FO,NSE,IDO,64686,,NIFTY,,2025-09-25,2025-09-25,21000.0,CE,NIFTY25SEP21000CE,0.0,0.0,0.0,6742.1,0.0,6742.1,24276.05,4460.1,0,0,0,0.0,0,F1,25,,,,,
2024-12-02,2024-12-02,FO,NSE,IDO,53121,,NIFTY,,2024-12-05,2024-12-05,26050.0,CE,NIFTY24D0526050CE,0.95,1.0,0.55,0.6,0.55,0.9,24276.05,0.6,1105350,362875,90159,58717599596.25,10825,F1,25,,,,,
2024-12-02,2024-12-02,FO,NSE,IDO,46585,,NIFTY,,2025-01-30,2025-01-30,26050.0,PE,NIFTY25JAN26050PE,0.0,0.0,0.0,1670.95,0.0,1670.95,24276.05,1590.45,0,0,0,0.0,0,F1,25,,,,,
2024-12-02,2024-12-02,FO,NSE,IDO,51451,,NIFTY,,2025-12-24,2025-12-24,21000.0,CE,NIFTY25DEC21000CE,0.0,0.0,0.0,4500.0,4500.0,4500.0,24276.05,4811.1,550,0,0,0.0,0,F1,25,,,,,
2024-12-02,2024-12-02,FO,NSE,IDO,86145,,NIFTY,,2028-06-29,2028-06-29,21000.0,CE,NIFTY28JUN21000CE,0.0,0.0,0.0,5226.55,0.0,5226.55,24276.05,7935.95,0,0,0,0.0,0,F1,25,,,,,
2024-12-02,2024-12-02,FO,NSE,IDO,64131,,NIFTY,,2024-12-26,2024-12-26,26700.0,CE,NIFTY24DEC26700CE,4.95,6.0,4.3,4.7,4.75,4.9,24276.05,4.7,59750,-1075,597,398566173.75,218,F1,25,,,,,
2024-12-02,2024-12-02,FO,NSE,IDO,52956,,NIFTY,,2024-12-05,2024-12-05,23250.0,PE,NIFTY24D0523250PE,7.25,11.2,5.1,5.65,5.5,7.25,24276.05,5.65,1974525,932700,801632,466080953060.0,113173,F1,25,,,,,
2024-12-02,2024-12-02,FO,NSE,IDO,46044,,NIFTY,,2024-12-12,2024-12-12,23250.0,PE,NIFTY24D1223250PE,36.05,37.6,21.0,22.55,23.2,27.35,24276.05,22.55,71375,46925,15672,9119500535.0,6983,F1,25,,,,,
2024-12-02,2024-12-02,FO,NSE,IDO,41634,,NIFTY,,2024-12-26,2024-12-26,23250.0,CE,NIFTY24DEC23250CE,1021.75,1254.6,1021.75,1239.0,1235.0,965.75,24276.05,1239.0,7275,-2400,153,93338195.0,34,F1,25,,,,,
2024-12-02,2024-12-02,FO,NSE,IDO,52428,,NIFTY,,2025-01-02,2025-01-02,22600.0,PE,NIFTY2510222600PE,0.0,0.0,0.0,164.4,0.0,164.4,24276.05,9.65,0,0,0,0.0,0,F1,75,,,,,
2024-12-02,2024-12-02,FO,NSE,IDO,46439,,NIFTY,,2025-01-30,2025-01-30,25050.0,PE,NIFTY25JAN25050PE,0.0,0.0,0.0,750.0,750.0,750.0,24276.05,828.95,6050,0,0,0.0,0,F1,25,,,,,
2024-12-02,2024-12-02,FO,NSE,IDO,47435,,NIFTY,,2024-12-19,2024-12-19,25050.0,PE,NIFTY24D1925050PE,0.0,0.0,0.0,1427.65,0.0,1427.65,24276.05,762.15,0,0,0,0.0,0,F1,25,,,,,
2024-12-02,2024-12-02,FO,NSE,IDO,52429,,NIFTY,,2025-01-02,2025-01-02,22650.0,CE,NIFTY2510222650CE,0.0,0.0,0.0,1065.7,0.0,1065.7,24276.05,1766.7,0,0,0,0.0,0,F1,75,,,,,
2024-12-02,2024-12-02,FO,NSE,IDO,64149,,NIFTY,,2024-12-26,2024-12-26,26950.0,PE,NIFTY24DEC26950PE,0.0,0.0,0.0,985.1,0.0,985.1,24276.05,2555.2,0,0,0,0.0,0,F1,25,,,,,
2024-12-02,2024-12-02,FO,NSE,IDO,50967,,NIFTY,,2024-12-26,2024-12-26,27000.0,PE,NIFTY24DEC27000PE,2774.95,2802.0,2510.0,2552.55,2549.55,2671.5,24276.05,2552.55,812025,3925,1228,909286747.5,861,F1,25,,,,,
2024-12-02,2024-12-02,FO,NSE,IDO,53632,,NIFTY,,2027-12-30,2027-12-30,27000.0,PE,NIFTY27DEC27000PE,0.0,0.0,0.0,3794.4,0.0,3794.4,24276.05,1241.5,0,0,0,0.0,0,F1,25,,,,,
2024-12-02,2024-12-02,FO,NSE,IDO,64576,,NIFTY,,2025-03-27,2025-03-27,27000.0,CE,NIFTY25MAR27000CE,66.8,80.0,59.6,77.15,78.0,69.45,24276.05,77.15,716275,47200,7752,5246442425.0,2906,F1,25,,,,,
2024-12-02,2024-12-02,FO,NSE,IDO,64699,,NIFTY,,2025-09-25,2025-09-25,27000.0,PE,NIFTY25SEP27000PE,0.0,0.0,0.0,1168.15,0.0,1168.15,24276.05,1977.7,0,0,0,0.0,0,F1,25,,,,,
2024-12-02,2024-12-02,FO,NSE,IDO,67789,,NIFTY,,2028-12-28,2028-12-28,27000.0,PE,NIFTY28DEC27000PE,0.0,0.0,0.0,1413.85,0.0,1413.85,24276.05,1027.75,0,0,0,0.0,0,F1,25,,,,,
2024-12-02,2024-12-02,FO,NSE,IDO,53631,,NIFTY,,2027-12-30,2027-12-30,27000.0,CE,NIFTY27DEC27000CE,0.0,0.0,0.0,2889.8,0.0,2889.8,24276.05,3580.9,0,0,0,0.0,0,F1,25,,,,,
2024-12-02,2024-12-02,FO,NSE,IDO,50978,,NIFTY,,2026-12-31,2026-12-31,27000.0,CE,NIFTY26DEC27000CE,0.0,0.0,0.0,1651.65,0.0,1651.65,24276.05,2320.05,0,0,0,0.0,0,F1,25,,,,,
2024-12-02,2024-12-02,FO,NSE,IDO,47389,,NIFTY,,2024-12-19,2024-12-19,24100.0,PE,NIFTY24D1924100PE,271.25,285.0,174.6,187.55,189.0,225.4,24276.05,187.55,32550,20675,2510,1526302902.5,1023,F1,25,,,,,
2024-12-02,2024-12-02,FO,NSE,IDO,41865,,NIFTY,,2024-12-26,2024-12-26,24100.0,PE,NIFTY24DEC24100PE,245.0,311.95,200.4,211.75,212.65,251.75,24276.05,211.75,867925,211825,93754,57065297926.25,30521,F1,25,,,,,
2024-12-02,2024-12-02,FO,NSE,IDO,52543,,NIFTY,,2025-01-02,2025-01-02,24100.0,PE,NIFTY2510224100PE,313.3,313.3,249.15,249.15,249.15,319.5,24276.05,249.05,1125,375,11,20113252.5,10,F1,75,,,,,
2024-12-02,2024-12-02,FO,NSE,IDO,47387,,NIFTY,,2024-12-19,2024-12-19,24100.0,CE,NIFTY24D1924100CE,341.0,500.0,312.0,471.9,471.95,386.35,24276.05,471.9,16175,5500,2116,1295517720.0,754,F1,25,,,,,
2024-12-02,2024-12-02,FO,NSE,IDO,46094,,NIFTY,,2024-12-12,2024-12-12,24100.0,PE,NIFTY24D1224100PE,174.5,240.85,131.5,142.6,145.0,179.15,24276.05,142.6,557025,252875,100571,61044999866.25,34164,F1,25,,,,,
2024-12-02,2024-12-02,FO,NSE,IDO,41465,,NIFTY,,2024-12-26,2024-12-26,21700.0,CE,NIFTY24DEC21700CE,0.0,0.0,0.0,4910.8,0.0,4910.8,24276.05,2672.25,0,0,0,0.0,0,F1,25,,,,,
2024-12-02,2024-12-02,FO,NSE,IDO,50778,,NIFTY,,2025-01-02,2025-01-02,21700.0,CE,NIFTY2510221700CE,0.0,0.0,0.0,1868.15,0.0,1868.15,24276.05,2700.55,0,0,0,0.0,0,F1,75,,,,,
2024-12-02,2024-12-02,FO,NSE,IDO,52864,,NIFTY,,2024-12-05,2024-12-05,21700.0,CE,NIFTY24D0521700CE,0.0,0.0,0.0,2427.0,2427.0,2427.0,24276.05,2588.1,600,0,0,0.0,0,F1,25,,,,,
2024-12-02,2024-12-02,FO,NSE,IDO,45857,,NIFTY,,2024-12-12,2024-12-12,21700.0,CE,NIFTY24D1221700CE,0.0,0.0,0.0,2654.35,0.0,2654.35,24276.05,2616.15,0,0,0,0.0,0,F1,25,,,,,
2024-12-02,2024-12-02,FO,NSE,IDO,43197,,NIFTY,,2025-01-30,2025-01-30,21700.0,CE,NIFTY25JAN21700CE,0.0,0.0,0.0,2940.45,0.0,2940.45,24276.05,2817.3,0,0,0,0.0,0,F1,25,,,,,
2024-12-02,2024-12-02,FO,NSE,IDO,43198,,NIFTY,,2025-01-30,2025-01-30,21700.0,PE,NIFTY25JAN21700PE,32.45,32.45,31.45,32.0,31.8,44.8,24276.05,32.0,1525,1525,71,38574282.5,27,F1,25,,,,,
2024-12-02,2024-12-02,FO,NSE,IDO,47230,,NIFTY,,2024-12-19,2024-12-19,21700.0,PE,NIFTY24D1921700PE,5.85,7.3,4.95,5.15,5.0,5.75,24276.05,5.15,6800,350,135,73256747.5,48,F1,25,,,,,
2024-12-02,2024-12-02,FO,NSE,IDO,50779,,NIFTY,,2025-01-02,2025-01-02,21700.0,PE,NIFTY2510221700PE,0.0,0.0,0.0,36.7,0.0,36.7,24276.05,0.45,0,0,0,0.0,0,F1,75,,,,,
2024-12-02,2024-12-02,FO,NSE,IDO,45867,,NIFTY,,2024-12-12,2024-12-12,21700.0,PE,NIFTY24D1221700PE,2.4,3.1,1.85,2.45,2.25,2.65,24276.05,2.45,39475,14175,4101,2225043336.25,1339,F1,25,,,,,
2024-12-02,2024-12-02,FO,NSE,IDO,52865,,NIFTY,,2024-12-05,2024-12-05,21700.0,PE,NIFTY24D0521700PE,0.85,1.15,0.75,0.9,0.85,1.2,24276.05,0.9,1901025,522850,182906,99230686550.0,21165,F1,25,,,,,
2024-12-02,2024-12-02,FO,NSE,IDO,41466,,NIFTY,,2024-12-26,2024-12-26,21700.0,PE,NIFTY24DEC21700PE,10.25,10.45,7.4,7.75,8.1,8.5,24276.05,7.75,146100,10950,7238,3928143048.75,1995,F1,25,,,,,
2024-12-02,2024-12-02,FO,NSE,IDO,64128,,NIFTY,,2024-12-26,2024-12-26,26600.0,PE,NIFTY24DEC26600PE,2150.0,2150.0,2150.0,2150.0,2150.0,2328.75,24276.05,2208.15,22525,-75,3,2156250.0,1,F1,25,,,,,
2024-12-02,2024-12-02,FO,NSE,IDO,56739,,NIFTY,,2025-02-27,2025-02-27,23500.0,CE,NIFTY25FEB23500CE,1262.5,1399.6,1262.5,1399.6,1399.6,1339.05,24276.05,1369.7,1500,225,6,11171801.25,6,F1,75,,,,,
2024-12-02,2024-12-02,FO,NSE,IDO,47353,,NIFTY,,2024-12-19,2024-12-19,23500.0,CE,NIFTY24D1923500CE,765.0,965.0,731.65,965.0,965.0,840.8,24276.05,889.55,3675,475,85,51634906.25,15,F1,25,,,,,
2024-12-02,2024-12-02,FO,NSE,IDO,46239,,NIFTY,,2025-01-30,2025-01-30,23500.0,CE,NIFTY25JAN23500CE,1083.95,1291.0,1055.0,1261.5,1258.2,1153.6,24276.05,1261.5,121050,-4125,1491,919894481.25,629,F1,25,,,,,
2024-12-02,2024-12-02,FO,NSE,IDO,52926,,NIFTY,,2024-12-05,2024-12-05,22500.0,PE,NIFTY24D0522500PE,2.0,2.0,1.2,1.6,1.6,1.95,24276.05,1.6,5309450,1213950,909324,511528338588.75,74726,F1,25,,,,,
2024-12-02,2024-12-02,FO,NSE,IDO,55620,,NIFTY,,2025-02-27,2025-02-27,22500.0,PE,NIFTY25FEB22500PE,154.0,154.0,111.3,114.15,113.15,124.5,24276.05,114.15,39075,18300,693,1175662203.75,391,F1,75,,,,,
2024-12-02,2024-12-02,FO,NSE,IDO,47287,,NIFTY,,2024-12-19,2024-12-19,22500.0,PE,NIFTY24D1922500PE,16.5,17.3,10.4,11.45,11.8,13.8,24276.05,11.45,50550,22425,3003,1690154196.25,797,F1,25,,,,,
2024-12-02,2024-12-02,FO,NSE,IDO,41659,,NIFTY,,2024-12-26,2024-12-26,23500.0,CE,NIFTY24DEC23500CE,859.95,1055.0,797.2,1013.7,1012.1,904.05,24276.05,1013.7,840125,-55600,10453,6383278165.0,4313,F1,25,,,,,
2024-12-02,2024-12-02,FO,NSE,IDO,45962,,NIFTY,,2024-12-12,2024-12-12,22500.0,CE,NIFTY24D1222500CE,1700.0,1870.0,1700.0,1870.0,1870.0,1685.0,24276.05,1817.65,2425,2325,97,59053422.5,13,F1,25,,,,,
2024-12-02,2024-12-02,FO,NSE,IDO,46256,,NIFTY,,2025-01-30,2025-01-30,23500.0,PE,NIFTY25JAN23500PE,200.05,231.7,175.2,181.05,181.45,199.75,24276.05,181.05,756150,-22925,17539,10389684635.0,6564,F1,25,,,,,
2024-12-02,2024-12-02,FO,NSE,IDO,64582,,NIFTY,,2025-03-27,2025-03-27,29000.0,CE,NIFTY25MAR29000CE,23.0,23.2,19.1,22.1,21.65,21.55,24276.05,22.1,90850,-1025,274,198788997.5,92,F1,25,,,,,
2024-12-02,2024-12-02,FO,NSE,IDO,64703,,NIFTY,,2025-09-25,2025-09-25,29000.0,PE,NIFTY25SEP29000PE,0.0,0.0,0.0,2125.3,0.0,2125.3,24276.05,3445.85,0,0,0,0.0,0,F1,25,,,,,
2024-12-02,2024-12-02,FO,NSE,IDO,38163,,NIFTY,,2027-06-24,2027-06-24,29000.0,PE,NIFTY27JUN29000PE,0.0,0.0,0.0,4627.1,0.0,4627.1,24276.05,2195.35,0,0,0,0.0,0,F1,25,,,,,
2024-12-02,2024-12-02,FO,NSE,IDO,38151,,NIFTY,,2025-06-26,2025-06-26,29000.0,PE,NIFTY25JUN29000PE,0.0,0.0,0.0,6724.5,0.0,6724.5,24276.05,3749.55,0,0,0,0.0,0,F1,25,,,,,
2024-12-02,2024-12-02,FO,NSE,IDO,52980,,NIFTY,,2024-12-05,2024-12-05,23800.0,PE,NIFTY24D0523800PE,49.0,71.0,27.35,31.2,30.6,42.35,24276.05,31.2,6540825,956900,4106146,2447621871418.75,803006,F1,25,,,,,
2024-12-02,2024-12-02,FO,NSE,IDO,45859,,NIFTY,,2024-12-26,2024-12-26,17000.0,PE,NIFTY24DEC17000PE,2.7,3.1,2.35,2.55,2.55,3.0,24276.05,2.55,170625,-1475,619,263115368.75,120,F1,25,,,,,
2024-12-02,2024-12-02,FO,NSE,IDO,53602,,NIFTY,,2027-12-30,2027-12-30,17000.0,PE,NIFTY27DEC17000PE,0.0,0.0,0.0,90.0,90.0,90.0,24276.05,14.45,14200,0,0,0.0,0,F1,25,,,,,
2024-12-02,2024-12-02,FO,NSE,IDO,47370,,NIFTY,,2024-12-19,2024-12-19,23800.0,CE,NIFTY24D1923800CE,520.05,721.0,500.0,699.85,695.0,594.35,24276.05,699.85,4400,825,381,232644528.75,100,F1,25,,,,,
2024-12-02,2024-12-02,FO,NSE,IDO,52524,,NIFTY,,2025-01-02,2025-01-02,23800.0,PE,NIFTY2510223800PE,194.5,194.5,167.55,168.9,168.9,194.1,24276.05,152.6,4800,1200,32,57530827.5,22,F1,75,,,,,
2024-12-02,2024-12-02,FO,NSE,IDO,58639,,NIFTY,,2026-12-31,2026-12-31,17000.0,PE,NIFTY26DEC17000PE,0.0,0.0,0.0,66.45,66.45,66.45,24276.05,7.45,3000,0,0,0.0,0,F1,25,,,,,
2024-12-02,2024-12-02,FO,NSE,IDO,41687,,NIFTY,,2024-12-26,2024-12-26,23800.0,CE,NIFTY24DEC23800CE,665.0,809.0,572.6,769.0,766.65,667.15,24276.05,769.0,447725,-6675,5443,3332101958.75,2268,F1,25,,,,,
2024-12-02,2024-12-02,FO,NSE,IDO,47301,,NIFTY,,2024-12-19,2024-12-19,22850.0,PE,NIFTY24D1922850PE,26.8,26.8,26.8,26.8,26.8,147.05,24276.05,4.0,25,25,1,571920.0,1,F1,25,,,,,
2024-12-02,2024-12-02,FO,NSE,IDO,53607,,NIFTY,,2027-12-30,2027-12-30,20000.0,CE,NIFTY27DEC20000CE,0.0,0.0,0.0,5333.85,0.0,5333.85,24276.05,8122.0,0,0,0,0.0,0,F1,25,,,,,
2024-12-02,2024-12-02,FO,NSE,IDO,38312,,NIFTY,,2024-12-26,2024-12-26,20000.0,CE,NIFTY24DEC20000CE,4250.0,4450.0,4150.0,4412.75,4407.55,4271.4,24276.05,4412.75,305350,100,432,262833351.25,260,F1,25,,,,,
2024-12-02,2024-12-02,FO,NSE,IDO,89616,,NIFTY,,2029-06-28,2029-06-28,20000.0,CE,NIFTY29JUN20000CE,0.0,0.0,0.0,10410.0,0.0,10410.0,24276.05,9686.3,0,0,0,0.0,0,F1,25,,,,,
2024-12-02,2024-12-02,FO,NSE,IDO,57640,,NIFTY,,2025-02-27,2025-02-27,24950.0,PE,NIFTY25FEB24950PE,0.0,0.0,0.0,1120.05,0.0,1120.05,24276.05,801.3,0,0,0,0.0,0,F1,75,,,,,
2024-12-02,2024-12-02,FO,NSE,IDO,46429,,NIFTY,,2025-01-30,2025-01-30,24950.0,PE,NIFTY25JAN24950PE,682.2,682.2,653.9,670.95,674.65,892.1,24276.05,670.95,9825,4750,508,325352466.25,445,F1,25,,,,,
2024-12-02,2024-12-02,FO,NSE,IDO,47222,,NIFTY,,2024-12-19,2024-12-19,21650.0,CE,NIFTY24D1921650CE,0.0,0.0,0.0,2033.7,0.0,2033.7,24276.05,2694.0,0,0,0,0.0,0,F1,25,,,,,
2024-12-02,2024-12-02,FO,NSE,IDO,52943,,NIFTY,,2024-12-05,2024-12-05,22950.0,CE,NIFTY24D0522950CE,1154.25,1358.35,1154.25,1350.65,1350.65,1215.0,24276.05,1338.8,775,375,47,28396266.25,20,F1,25,,,,,
2024-12-02,2024-12-02,FO,NSE,IDO,52450,,NIFTY,,2025-01-02,2025-01-02,22950.0,PE,NIFTY2510222950PE,0.0,0.0,0.0,261.65,0.0,261.65,24276.05,25.0,0,0,0,0.0,0,F1,75,,,,,
2024-12-02,2024-12-02,FO,NSE,IDO,43218,,NIFTY,,2025-01-30,2025-01-30,22050.0,PE,NIFTY25JAN22050PE,0.0,0.0,0.0,70.75,0.0,70.75,24276.05,12.8,0,0,0,0.0,0,F1,25,,,,,
2024-12-02,2024-12-02,FO,NSE,IDO,71355,,NIFTY,,2024-12-26,2024-12-26,24000.0,PE,NIFTY24DEC24000PE,249.95,272.45,175.0,185.7,187.5,220.15,24276.05,185.7,5696825,291925,214641,129944446423.75,63659,F1,25,,,,,
2024-12-02,2024-12-02,FO,NSE,IDO,47384,,NIFTY,,2024-12-19,2024-12-19,24000.0,PE,NIFTY24D1924000PE,211.85,244.6,147.9,160.7,161.05,190.45,24276.05,160.7,81725,38650,6662,4028591406.25,2662,F1,25,,,,,
2024-12-02,2024-12-02,FO,NSE,IDO,45897,,NIFTY,,2024-12-12,2024-12-12,22000.0,PE,NIFTY24D1222000PE,3.3,3.5,2.65,3.0,3.05,3.15,24276.05,3.0,331050,167625,26659,14664398708.75,4951,F1,25,,,,,
2024-12-02,2024-12-02,FO,NSE,IDO,53616,,NIFTY,,2027-12-30,2027-12-30,22000.0,CE,NIFTY27DEC22000CE,0.0,0.0,0.0,4499.55,0.0,4499.55,24276.05,6645.3,0,0,0,0.0,0,F1,25,,,,,
2024-12-02,2024-12-02,FO,NSE,IDO,71501,,NIFTY,,2026-12-31,2026-12-31,24000.0,CE,NIFTY26DEC24000CE,0.0,0.0,0.0,2010.65,0.0,2010.65,24276.05,3988.05,0,0,0,0.0,0,F1,25,,,,,
2024-12-02,2024-12-02,FO,NSE,IDO,58648,,NIFTY,,2026-12-31,2026-12-31,22000.0,CE,NIFTY26DEC22000CE,0.0,0.0,0.0,3039.0,0.0,3039.0,24276.05,5394.45,0,0,0,0.0,0,F1,25,,,,,
2024-12-02,2024-12-02,FO,NSE,IDO,52538,,NIFTY,,2025-01-02,2025-01-02,24000.0,CE,NIFTY2510224000CE,534.2,710.75,514.7,685.1,683.0,591.55,24276.05,685.1,70050,30150,514,949305150.0,484,F1,75,,,,,
2024-12-02,2024-12-02,FO,NSE,IDO,71394,,NIFTY,,2025-12-24,2025-12-24,24000.0,PE,NIFTY25DEC24000PE,706.15,739.95,670.75,680.25,680.3,700.15,24276.05,680.25,396150,6500,1216,750587032.5,887,F1,25,,,,,
2024-12-02,2024-12-02,FO,NSE,IDO,52525,,NIFTY,,2025-01-02,2025-01-02,23850.0,CE,NIFTY2510223850CE,632.55,732.0,601.85,732.0,732.0,376.55,24276.05,728.8,3375,3375,67,123102577.5,51,F1,75,,,,,
2024-12-02,2024-12-02,FO,NSE,IDO,41690,,NIFTY,,2024-12-26,2024-12-26,23850.0,PE,NIFTY24DEC23850PE,193.4,220.0,141.0,150.05,149.85,177.05,24276.05,150.05,79875,15075,8000,4803853487.5,2890,F1,25,,,,,
2024-12-02,2024-12-02,FO,NSE,IDO,52982,,NIFTY,,2024-12-05,2024-12-05,23850.0,PE,NIFTY24D0523850PE,40.0,84.0,32.5,37.2,36.45,50.8,24276.05,37.2,1687075,522850,1637591,978581387252.5,434264,F1,25,,,,,
2024-12-02,2024-12-02,FO,NSE,IDO,41689,,NIFTY,,2024-12-26,2024-12-26,23850.0,CE,NIFTY24DEC23850CE,585.05,754.25,540.0,726.7,727.75,628.55,24276.05,726.7,36850,-3175,905,553738657.5,349,F1,25,,,,,
2024-12-02,2024-12-02,FO,NSE,IDO,52981,,NIFTY,,2024-12-05,2024-12-05,23850.0,CE,NIFTY24D0523850CE,374.15,529.1,278.1,489.25,491.95,389.05,24276.05,489.25,196150,-23575,43223,26168912497.5,17451,F1,25,,,,,
2024-12-02,2024-12-02,FO,NSE,IDO,64193,,NIFTY,,2024-12-26,2024-12-26,27600.0,PE,NIFTY24DEC27600PE,0.0,0.0,0.0,3380.0,3380.0,3380.0,24276.05,3201.75,675,0,0,0.0,0,F1,25,,,,,
2024-12-02,2024-12-02,FO,NSE,IDO,64192,,NIFTY,,2024-12-26,2024-12-26,27600.0,CE,NIFTY24DEC27600CE,3.65,4.35,2.75,3.65,3.65,4.45,24276.05,0.05,1625,225,31,21392787.5,12,F1,25,,,,,
2024-12-02,2024-12-02,FO,NSE,IDO,42128,,NIFTY,,2025-06-26,2025-06-26,31000.0,PE,NIFTY25JUN31000PE,0.0,0.0,0.0,7107.55,0.0,7107.55,24276.05,5589.0,0,0,0,0.0,0,F1,25,,,,,
2024-12-02,2024-12-02,FO,NSE,IDO,64706,,NIFTY,,2025-09-25,2025-09-25,31000.0,CE,NIFTY25SEP31000CE,0.0,0.0,0.0,777.15,0.0,777.15,24276.05,91.1,0,0,0,0.0,0,F1,25,,,,,
2024-12-02,2024-12-02,FO,NSE,IDO,42147,,NIFTY,,2027-12-30,2027-12-30,31000.0,PE,NIFTY27DEC31000PE,0.0,0.0,0.0,3950.7,0.0,3950.7,24276.05,2858.35,0,0,0,0.0,0,F1,25,,,,,
2024-12-02,2024-12-02,FO,NSE,IDO,64592,,NIFTY,,2025-03-27,2025-03-27,31000.0,CE,NIFTY25MAR31000CE,11.2,11.85,11.0,11.5,11.85,10.95,24276.05,11.5,29875,2075,147,113966495.0,39,F1,25,,,,,
2024-12-02,2024-12-02,FO,NSE,IDO,42136,,NIFTY,,2026-12-31,2026-12-31,31000.0,CE,NIFTY26DEC31000CE,0.0,0.0,0.0,819.15,0.0,819.15,24276.05,963.05,0,0,0,0.0,0,F1,25,,,,,
2024-12-02,2024-12-02,FO,NSE,IDO,89645,,NIFTY,,2029-06-28,2029-06-28,31000.0,PE,NIFTY29JUN31000PE,0.0,0.0,0.0,2338.75,0.0,2338.75,24276.05,2061.65,0,0,0,0.0,0,F1,25,,,,,
2024-12-02,2024-12-02,FO,NSE,IDO,42123,,NIFTY,,2024-12-26,2024-12-26,31000.0,PE,NIFTY24DEC31000PE,0.0,0.0,0.0,6444.3,6444.3,6444.3,24276.05,6586.65,59025,0,0,0.0,0,F1,25,,,,,
2024-12-02,2024-12-02,FO,NSE,IDO,47232,,NIFTY,,2024-12-19,2024-12-19,21750.0,PE,NIFTY24D1921750PE,0.0,0.0,0.0,18.0,18.0,18.0,24276.05,0.05,1475,0,0,0.0,0,F1,25,,,,,
2024-12-02,2024-12-02,FO,NSE,IDO,50780,,NIFTY,,2025-01-02,2025-01-02,21750.0,CE,NIFTY2510221750CE,0.0,0.0,0.0,1822.25,0.0,1822.25,24276.05,2650.9,0,0,0,0.0,0,F1,75,,,,,
2024-12-02,2024-12-02,FO,NSE,IDO,43203,,NIFTY,,2025-01-30,2025-01-30,21750.0,PE,NIFTY25JAN21750PE,33.95,33.95,33.55,33.85,33.85,47.95,24276.05,33.85,1100,1100,44,23962115.0,7,F1,25,,,,,
2024-12-02,2024-12-02,FO,NSE,IDO,50781,,NIFTY,,2025-01-02,2025-01-02,21750.0,PE,NIFTY2510221750PE,0.0,0.0,0.0,40.4,0.0,40.4,24276.05,0.55,0,0,0,0.0,0,F1,75,,,,,
2024-12-02,2024-12-02,FO,NSE,IDO,47295,,NIFTY,,2024-12-19,2024-12-19,22700.0,PE,NIFTY24D1922700PE,16.0,16.5,16.0,16.1,16.5,16.5,24276.05,16.1,2600,-150,29,16469150.0,4,F1,25,,,,,
2024-12-02,2024-12-02,FO,NSE,IDO,46082,,NIFTY,,2024-12-12,2024-12-12,23850.0,PE,NIFTY24D1223850PE,119.05,146.25,78.1,84.4,84.95,104.6,24276.05,84.4,70150,19325,23010,13782108890.0,7092,F1,25,,,,,
2024-12-02,2024-12-02,FO,NSE,IDO,46081,,NIFTY,,2024-12-12,2024-12-12,23850.0,CE,NIFTY24D1223850CE,432.0,612.85,386.4,581.45,583.85,483.4,24276.05,581.45,47050,22025,1934,1176315285.0,722,F1,25,,,,,
2024-12-02,2024-12-02,FO,NSE,IDO,46333,,NIFTY,,2025-01-30,2025-01-30,23850.0,PE,NIFTY25JAN23850PE,300.0,311.7,245.55,256.8,256.8,280.25,24276.05,254.85,8625,1175,83,50049358.75,21,F1,25,,,,,
2024-12-02,2024-12-02,FO,NSE,IDO,46328,,NIFTY,,2025-01-30,2025-01-30,23850.0,CE,NIFTY25JAN23850CE,810.0,1008.85,810.0,1008.8,1008.85,781.1,24276.05,1008.8,8275,-25,9,5564277.5,9,F1,25,,,,,
2024-12-02,2024-12-02,FO,NSE,IDO,41467,,NIFTY,,2024-12-26,2024-12-26,21750.0,CE,NIFTY24DEC21750CE,0.0,0.0,0.0,4862.0,0.0,4862.0,24276.05,2622.5,0,0,0,0.0,0,F1,25,,,,,
2024-12-02,2024-12-02,FO,NSE,IDO,45868,,NIFTY,,2024-12-12,2024-12-12,21750.0,CE,NIFTY24D1221750CE,0.0,0.0,0.0,2605.3,0.0,2605.3,24276.05,2566.25,0,0,0,0.0,0,F1,25,,,,,
2024-12-02,2024-12-02,FO,NSE,IDO,45870,,NIFTY,,2024-12-12,2024-12-12,21750.0,PE,NIFTY24D1221750PE,3.0,3.25,2.1,2.45,2.4,2.6,24276.05,2.45,1350,325,251,136496216.25,90,F1,25,,,,,
2024-12-02,2024-12-02,FO,NSE,IDO,46039,,NIFTY,,2024-12-12,2024-12-12,23150.0,CE,NIFTY24D1223150CE,0.0,0.0,0.0,471.2,471.2,471.2,24276.05,1171.7,25,0,0,0.0,0,F1,25,,,,,
2024-12-02,2024-12-02,FO,NSE,IDO,41625,,NIFTY,,2024-12-26,2024-12-26,23150.0,PE,NIFTY24DEC23150PE,74.8,78.6,52.3,54.1,54.75,63.7,24276.05,54.1,22875,-3375,1301,755050663.75,476,F1,25,,,,,
2024-12-02,2024-12-02,FO,NSE,IDO,43491,,NIFTY,,2025-01-30,2025-01-30,23150.0,PE,NIFTY25JAN23150PE,147.0,153.65,136.0,136.0,136.0,140.75,24276.05,136.0,5600,100,9,5240957.5,8,F1,25,,,,,
2024-12-02,2024-12-02,FO,NSE,IDO,41624,,NIFTY,,2024-12-26,2024-12-26,23150.0,CE,NIFTY24DEC23150CE,1235.25,1320.1,1207.6,1320.1,1320.1,1222.35,24276.05,1320.1,11725,-4150,175,106581118.75,10,F1,25,,,,,
2024-12-02,2024-12-02,FO,NSE,IDO,55646,,NIFTY,,2025-02-27,2025-02-27,23150.0,PE,NIFTY25FEB23150PE,0.0,0.0,0.0,314.1,0.0,314.1,24276.05,145.55,0,0,0,0.0,0,F1,75,,,,,
2024-12-02,2024-12-02,FO,NSE,IDO,43287,,NIFTY,,2025-01-30,2025-01-30,23150.0,CE,NIFTY25JAN23150CE,0.0,0.0,0.0,841.55,841.55,841.55,24276.05,1474.85,50,0,0,0.0,0,F1,25,,,,,
2024-12-02,2024-12-02,FO,NSE,IDO,52951,,NIFTY,,2024-12-05,2024-12-05,23150.0,CE,NIFTY24D0523150CE,993.65,1175.4,993.65,1175.4,1175.4,1042.85,24276.05,1138.9,8925,-275,102,61715612.5,38,F1,25,,,,,
2024-12-02,2024-12-02,FO,NSE,IDO,53116,,NIFTY,,2024-12-05,2024-12-05,25950.0,PE,NIFTY24D0525950PE,0.0,0.0,0.0,1900.15,1900.15,1900.15,24276.05,1659.55,250,0,0,0.0,0,F1,25,,,,,
2024-12-02,2024-12-02,FO,NSE,IDO,46562,,NIFTY,,2025-01-30,2025-01-30,25950.0,CE,NIFTY25JAN25950CE,57.65,72.85,37.25,64.05,68.0,59.4,24276.05,64.05,6675,-800,98,63711543.75,38,F1,25,,,,,
2024-12-02,2024-12-02,FO,NSE,IDO,46205,,NIFTY,,2024-12-12,2024-12-12,25950.0,PE,NIFTY24D1225950PE,0.0,0.0,0.0,1633.15,0.0,1633.15,24276.05,1626.4,0,0,0,0.0,0,F1,25,,,,,
2024-12-02,2024-12-02,FO,NSE,IDO,45981,,NIFTY,,2024-12-12,2024-12-12,22500.0,PE,NIFTY24D1222500PE,5.75,7.75,3.95,4.55,4.8,5.4,24276.05,4.55,841675,403400,61178,34419961081.25,9424,F1,25,,,,,
2024-12-02,2024-12-02,FO,NSE,IDO,47283,,NIFTY,,2024-12-19,2024-12-19,22500.0,CE,NIFTY24D1922500CE,0.0,0.0,0.0,1600.0,1600.0,1600.0,24276.05,1847.5,0,0,0,0.0,0,F1,25,,,,,
2024-12-02,2024-12-02,FO,NSE,IDO,57582,,NIFTY,,2025-02-27,2025-02-27,23500.0,PE,NIFTY25FEB23500PE,291.85,305.65,248.1,254.0,255.7,271.5,24276.05,254.0,18825,12225,215,383296530.0,158,F1,75,,,,,
2024-12-02,2024-12-02,FO,NSE,IDO,46386,,NIFTY,,2025-01-30,2025-01-30,24600.0,PE,NIFTY25JAN24600PE,613.95,620.0,485.0,500.45,502.5,551.9,24276.05,500.45,44825,6675,717,450462516.25,306,F1,25,,,,,
2024-12-02,2024-12-02,FO,NSE,IDO,46090,,NIFTY,,2024-12-12,2024-12-12,24000.0,PE,NIFTY24D1224000PE,157.25,198.5,106.3,114.95,117.0,145.9,24276.05,114.95,1080425,390975,188055,113503646320.0,55964,F1,25,,,,,
2024-12-02,2024-12-02,FO,NSE,IDO,52379,,NIFTY,,2025-01-02,2025-01-02,22000.0,CE,NIFTY2510222000CE,0.0,0.0,0.0,1597.7,0.0,1597.7,24276.05,2403.15,0,0,0,0.0,0,F1,75,,,,,
2024-12-02,2024-12-02,FO,NSE,IDO,64689,,NIFTY,,2025-09-25,2025-09-25,22000.0,PE,NIFTY25SEP22000PE,0.0,0.0,0.0,105.0,0.0,105.0,24276.05,145.3,0,0,0,0.0,0,F1,25,,,,,
2024-12-02,2024-12-02,FO,NSE,IDO,52539,,NIFTY,,2025-01-02,2025-01-02,24000.0,PE,NIFTY2510224000PE,294.0,299.0,205.3,212.35,214.3,246.25,24276.05,212.35,66975,30825,603,1096252372.5,506,F1,75,,,,,
2024-12-02,2024-12-02,FO,NSE,IDO,53625,,NIFTY,,2027-12-30,2027-12-30,24000.0,PE,NIFTY27DEC24000PE,0.0,0.0,0.0,764.05,764.05,764.05,24276.05,517.6,150,0,0,0.0,0,F1,25,,,,,
2024-12-02,2024-12-02,FO,NSE,IDO,40087,,NIFTY,,2024-12-26,2024-12-26,15000.0,PE,NIFTY24DEC15000PE,2.0,2.35,2.0,2.05,2.05,2.6,24276.05,2.05,96050,3150,625,234408206.25,104,F1,25,,,,,
2024-12-02,2024-12-02,FO,NSE,IDO,53595,,NIFTY,,2027-12-30,2027-12-30,15000.0,PE,NIFTY27DEC15000PE,0.0,0.0,0.0,37.4,37.4,37.4,24276.05,2.6,350,0,0,0.0,0,F1,25,,,,,
2024-12-02,2024-12-02,FO,NSE,IDO,40091,,NIFTY,,2025-06-26,2025-06-26,15000.0,PE,NIFTY25JUN15000PE,0.0,0.0,0.0,20.05,20.05,20.05,24276.05,0.05,1725,0,0,0.0,0,F1,25,,,,,
2024-12-02,2024-12-02,FO,NSE,IDO,64197,,NIFTY,,2024-12-26,2024-12-26,27700.0,PE,NIFTY24DEC27700PE,0.0,0.0,0.0,1446.95,0.0,1446.95,24276.05,3301.3,0,0,0,0.0,0,F1,25,,,,,
2024-12-02,2024-12-02,FO,NSE,IDO,58635,,NIFTY,,2026-12-31,2026-12-31,15000.0,PE,NIFTY26DEC15000PE,0.0,0.0,0.0,21.05,21.05,21.05,24276.05,0.85,2150,0,0,0.0,0,F1,25,,,,,
2024-12-02,2024-12-02,FO,NSE,IDO,40086,,NIFTY,,2024-12-26,2024-12-26,15000.0,CE,NIFTY24DEC15000CE,0.0,0.0,0.0,9412.9,9412.9,9412.9,24276.05,9342.5,15050,0,0,0.0,0,F1,25,,,,,
2024-12-02,2024-12-02,FO,NSE,IDO,64158,,NIFTY,,2024-12-26,2024-12-26,27150.0,PE,NIFTY24DEC27150PE,0.0,0.0,0.0,1099.0,0.0,1099.0,24276.05,2754.0,0,0,0,0.0,0,F1,25,,,,,
2024-12-02,2024-12-02,FO,NSE,IDO,46057,,NIFTY,,2024-12-12,2024-12-12,23450.0,CE,NIFTY24D1223450CE,0.0,0.0,0.0,812.0,812.0,812.0,24276.05,881.95,2100,0,0,0.0,0,F1,25,,,,,
2024-12-02,2024-12-02,FO,NSE,IDO,41658,,NIFTY,,2024-12-26,2024-12-26,23450.0,PE,NIFTY24DEC23450PE,115.85,123.2,79.6,84.45,84.0,98.85,24276.05,84.45,113975,-5225,6510,3832144748.75,2291,F1,25,,,,,
2024-12-02,2024-12-02,FO,NSE,IDO,52963,,NIFTY,,2024-12-05,2024-12-05,23450.0,CE,NIFTY24D0523450CE,650.05,893.65,613.55,863.3,863.85,749.7,24276.05,863.3,12175,-275,247,149355883.75,129,F1,25,,,,,
2024-12-02,2024-12-02,FO,NSE,IDO,41652,,NIFTY,,2024-12-26,2024-12-26,23450.0,CE,NIFTY24DEC23450CE,935.75,1089.4,911.7,1053.8,1053.8,962.0,24276.05,1053.8,13225,-3875,203,124130380.0,43,F1,25,,,,,
2024-12-02,2024-12-02,FO,NSE,IDO,57674,,NIFTY,,2025-02-27,2025-02-27,25750.0,PE,NIFTY25FEB25750PE,0.0,0.0,0.0,1671.55,0.0,1671.55,24276.05,1327.0,0,0,0,0.0,0,F1,75,,,,,
2024-12-02,2024-12-02,FO,NSE,IDO,46506,,NIFTY,,2025-01-30,2025-01-30,25750.0,PE,NIFTY25JAN25750PE,0.0,0.0,0.0,1450.65,0.0,1450.65,24276.05,1340.9,0,0,0,0.0,0,F1,25,,,,,
2024-12-02,2024-12-02,FO,NSE,IDO,53104,,NIFTY,,2024-12-05,2024-12-05,25750.0,PE,NIFTY24D0525750PE,1664.75,1664.75,1542.0,1542.0,1542.0,1620.0,24276.05,1459.65,100,25,8,5470675.0,2,F1,25,,,,,
2024-12-02,2024-12-02,FO,NSE,IDO,46505,,NIFTY,,2025-01-30,2025-01-30,25750.0,CE,NIFTY25JAN25750CE,0.0,0.0,0.0,87.4,87.4,87.4,24276.05,146.35,2925,0,0,0.0,0,F1,25,,,,,
2024-12-02,2024-12-02,FO,NSE,IDO,47480,,NIFTY,,2024-12-19,2024-12-19,25750.0,PE,NIFTY24D1925750PE,0.0,0.0,0.0,2072.85,0.0,2072.85,24276.05,1401.8,0,0,0,0.0,0,F1,25,,,,,
2024-12-02,2024-12-02,FO,NSE,IDO,53103,,NIFTY,,2024-12-05,2024-12-05,25750.0,CE,NIFTY24D0525750CE,0.95,1.0,0.6,0.65,0.6,0.95,24276.05,0.65,442575,156650,50536,32533474167.5,7929,F1,25,,,,,
2024-12-02,2024-12-02,FO,NSE,IDO,52565,,NIFTY,,2025-01-02,2025-01-02,24350.0,PE,NIFTY2510224350PE,0.0,0.0,0.0,1010.9,0.0,1010.9,24276.05,356.1,0,0,0,0.0,0,F1,75,,,,,
2024-12-02,2024-12-02,FO,NSE,IDO,47401,,NIFTY,,2024-12-19,2024-12-19,24350.0,PE,NIFTY24D1924350PE,346.05,365.85,266.0,274.85,277.0,329.6,24276.05,274.85,875,700,62,38194471.25,26,F1,25,,,,,
2024-12-02,2024-12-02,FO,NSE,IDO,46364,,NIFTY,,2025-01-30,2025-01-30,24350.0,CE,NIFTY25JAN24350CE,511.0,671.0,503.0,638.35,645.4,568.05,24276.05,638.35,12300,100,343,213876728.75,146,F1,25,,,,,
2024-12-02,2024-12-02,FO,NSE,IDO,46112,,NIFTY,,2024-12-12,2024-12-12,24350.0,PE,NIFTY24D1224350PE,350.0,375.45,215.8,232.45,238.3,291.0,24276.05,232.45,87875,62750,10156,6245869487.5,4397,F1,25,,,,,
2024-12-02,2024-12-02,FO,NSE,IDO,53017,,NIFTY,,2024-12-05,2024-12-05,24350.0,CE,NIFTY24D0524350CE,82.4,155.9,38.75,130.75,132.1,82.5,24276.05,130.75,2216850,1065450,3373344,2061718707802.5,1001220,F1,25,,,,,
2024-12-02,2024-12-02,FO,NSE,IDO,41895,,NIFTY,,2024-12-26,2024-12-26,24350.0,CE,NIFTY24DEC24350CE,290.0,409.65,251.0,378.95,379.15,311.2,24276.05,378.95,111125,36850,11714,7229805467.5,4034,F1,25,,,,,
2024-12-02,2024-12-02,FO,NSE,IDO,41896,,NIFTY,,2024-12-26,2024-12-26,24350.0,PE,NIFTY24DEC24350PE,398.0,429.45,284.4,300.6,303.5,353.45,24276.05,300.6,96625,23325,6329,3904756866.25,2384,F1,25,,,,,
2024-12-02,2024-12-02,FO,NSE,IDO,53018,,NIFTY,,2024-12-05,2024-12-05,24350.0,PE,NIFTY24D0524350PE,245.6,345.55,155.05,172.85,174.0,242.25,24276.05,172.85,589875,422975,493367,302785313228.75,168635,F1,25,,,,,
2024-12-02,2024-12-02,FO,NSE,IDO,52564,,NIFTY,,2025-01-02,2025-01-02,24350.0,CE,NIFTY2510224350CE,0.0,0.0,0.0,377.55,377.55,377.55,24276.05,421.35,3975,0,0,0.0,0,F1,75,,,,,
2024-12-02,2024-12-02,FO,NSE,IDO,52456,,NIFTY,,2025-01-02,2025-01-02,23100.0,PE,NIFTY2510223100PE,70.15,70.15,70.15,70.15,70.15,313.9,24276.05,36.2,75,75,1,1737761.25,1,F1,75,,,,,
2024-12-02,2024-12-02,FO,NSE,IDO,41623,,NIFTY,,2024-12-26,2024-12-26,23100.0,PE,NIFTY24DEC23100PE,56.0,72.75,48.0,49.7,50.55,58.7,24276.05,49.7,402675,54525,24383,14115122362.5,7443,F1,25,,,,,
2024-12-02,2024-12-02,FO,NSE,IDO,55644,,NIFTY,,2025-02-27,2025-02-27,23100.0,PE,NIFTY25FEB23100PE,0.0,0.0,0.0,301.5,0.0,301.5,24276.05,136.85,0,0,0,0.0,0,F1,75,,,,,
2024-12-02,2024-12-02,FO,NSE,IDO,47319,,NIFTY,,2024-12-19,2024-12-19,23100.0,CE,NIFTY24D1923100CE,0.0,0.0,0.0,794.25,0.0,794.25,24276.05,1259.15,0,0,0,0.0,0,F1,25,,,,,
2024-12-02,2024-12-02,FO,NSE,IDO,46037,,NIFTY,,2024-12-12,2024-12-12,23100.0,CE,NIFTY24D1223100CE,1092.5,1153.2,1092.5,1153.2,1153.2,1001.45,24276.05,1220.95,350,25,3,1817472.5,2,F1,25,,,,,
2024-12-02,2024-12-02,FO,NSE,IDO,64120,,NIFTY,,2024-12-26,2024-12-26,26450.0,PE,NIFTY24DEC26450PE,0.0,0.0,0.0,2100.0,2100.0,2100.0,24276.05,2060.05,50,0,0,0.0,0,F1,25,,,,,
2024-12-02,2024-12-02,FO,NSE,IDO,64119,,NIFTY,,2024-12-26,2024-12-26,26450.0,CE,NIFTY24DEC26450CE,5.1,6.05,4.35,5.55,5.55,5.3,24276.05,5.55,15050,7675,527,348549995.0,176,F1,25,,,,,
2024-12-02,2024-12-02,FO,NSE,IDO,46404,,NIFTY,,2025-01-30,2025-01-30,24750.0,PE,NIFTY25JAN24750PE,655.0,661.3,564.35,564.35,564.35,588.0,24276.05,564.35,8550,8525,434,275443700.0,388,F1,25,,,,,
2024-12-02,2024-12-02,FO,NSE,IDO,42572,,NIFTY,,2024-12-26,2024-12-26,24750.0,PE,NIFTY24DEC24750PE,662.3,677.95,480.65,505.25,503.6,581.0,24276.05,505.25,35300,2075,589,372221635.0,303,F1,25,,,,,
2024-12-02,2024-12-02,FO,NSE,IDO,45871,,NIFTY,,2024-12-12,2024-12-12,21800.0,CE,NIFTY24D1221800CE,0.0,0.0,0.0,2556.3,0.0,2556.3,24276.05,2516.35,0,0,0,0.0,0,F1,25,,,,,
2024-12-02,2024-12-02,FO,NSE,IDO,52869,,NIFTY,,2024-12-05,2024-12-05,21800.0,PE,NIFTY24D0521800PE,1.15,1.2,0.8,0.95,0.95,1.35,24276.05,0.95,968550,176075,94364,51430646850.0,13929,F1,25,,,,,
2024-12-02,2024-12-02,FO,NSE,IDO,43206,,NIFTY,,2025-01-30,2025-01-30,21800.0,PE,NIFTY25JAN21800PE,42.0,44.0,32.25,34.1,35.1,37.55,24276.05,34.1,102100,15250,1476,805756760.0,549,F1,25,,,,,
2024-12-02,2024-12-02,FO,NSE,IDO,51027,,NIFTY,,2025-01-02,2025-01-02,21800.0,CE,NIFTY2510221800CE,0.0,0.0,0.0,1776.65,0.0,1776.65,24276.05,2601.3,0,0,0,0.0,0,F1,75,,,,,
2024-12-02,2024-12-02,FO,NSE,IDO,64186,,NIFTY,,2024-12-26,2024-12-26,27450.0,CE,NIFTY24DEC27450CE,4.3,4.3,2.65,3.65,3.75,4.3,24276.05,3.65,1850,725,52,35690006.25,13,F1,25,,,,,
2024-12-02,2024-12-02,FO,NSE,IDO,50547,,NIFTY,,2026-12-31,2026-12-31,28000.0,CE,NIFTY26DEC28000CE,0.0,0.0,0.0,1871.1,0.0,1871.1,24276.05,1892.45,0,0,0,0.0,0,F1,25,,,,,
2024-12-02,2024-12-02,FO,NSE,IDO,50537,,NIFTY,,2025-06-26,2025-06-26,28000.0,CE,NIFTY25JUN28000CE,115.05,133.95,106.0,123.15,125.0,116.4,24276.05,123.15,39250,600,177,124412388.75,144,F1,25,,,,,
2024-12-02,2024-12-02,FO,NSE,IDO,50550,,NIFTY,,2027-06-24,2027-06-24,28000.0,PE,NIFTY27JUN28000PE,0.0,0.0,0.0,5959.35,0.0,5959.35,24276.05,1756.6,0,0,0,0.0,0,F1,25,,,,,
2024-12-02,2024-12-02,FO,NSE,IDO,46190,,NIFTY,,2024-12-12,2024-12-12,25650.0,PE,NIFTY24D1225650PE,0.0,0.0,0.0,1371.9,0.0,1371.9,24276.05,1328.45,0,0,0,0.0,0,F1,25,,,,,
2024-12-02,2024-12-02,FO,NSE,IDO,52638,,NIFTY,,2025-01-02,2025-01-02,25650.0,PE,NIFTY2510225650PE,0.0,0.0,0.0,2119.45,0.0,2119.45,24276.05,1279.95,0,0,0,0.0,0,F1,75,,,,,
2024-12-02,2024-12-02,FO,NSE,IDO,57669,,NIFTY,,2025-02-27,2025-02-27,25650.0,CE,NIFTY25FEB25650CE,0.0,0.0,0.0,323.8,0.0,323.8,24276.05,289.65,0,0,0,0.0,0,F1,75,,,,,
2024-12-02,2024-12-02,FO,NSE,IDO,53100,,NIFTY,,2024-12-05,2024-12-05,25650.0,PE,NIFTY24D0525650PE,0.0,0.0,0.0,1215.5,0.0,1215.5,24276.05,1359.7,0,0,0,0.0,0,F1,25,,,,,
2024-12-02,2024-12-02,FO,NSE,IDO,53099,,NIFTY,,2024-12-05,2024-12-05,25650.0,CE,NIFTY24D0525650CE,0.95,1.05,0.65,0.7,0.7,0.95,24276.05,0.7,267150,114000,66367,42559126808.75,8030,F1,25,,,,,
2024-12-02,2024-12-02,FO,NSE,IDO,54704,,NIFTY,,2024-12-26,2024-12-26,25650.0,CE,NIFTY24DEC25650CE,11.05,21.15,9.3,18.0,19.2,14.0,24276.05,18.0,25875,-2725,2221,1425109245.0,647,F1,25,,,,,
2024-12-02,2024-12-02,FO,NSE,IDO,52637,,NIFTY,,2025-01-02,2025-01-02,25650.0,CE,NIFTY2510225650CE,23.8,36.0,18.25,33.45,33.45,28.65,24276.05,52.65,375,-225,25,48145796.25,17,F1,75,,,,,
2024-12-02,2024-12-02,FO,NSE,IDO,46495,,NIFTY,,2025-01-30,2025-01-30,25650.0,PE,NIFTY25JAN25650PE,0.0,0.0,0.0,1153.35,1153.35,1153.35,24276.05,1261.25,250,0,0,0.0,0,F1,25,,,,,
2024-12-02,2024-12-02,FO,NSE,IDO,57653,,NIFTY,,2025-02-27,2025-02-27,25250.0,CE,NIFTY25FEB25250CE,0.0,0.0,0.0,433.55,0.0,433.55,24276.05,411.7,0,0,0,0.0,0,F1,75,,,,,
2024-12-02,2024-12-02,FO,NSE,IDO,53079,,NIFTY,,2024-12-05,2024-12-05,25250.0,CE,NIFTY24D0525250CE,1.25,1.4,1.0,1.15,1.05,1.3,24276.05,1.15,906225,120400,387228,244449080740.0,43740,F1,25,,,,,
2024-12-02,2024-12-02,FO,NSE,IDO,46156,,NIFTY,,2024-12-12,2024-12-12,25250.0,PE,NIFTY24D1225250PE,1089.1,1089.1,909.7,909.7,909.7,1049.1,24276.05,909.7,325,325,17,11159015.0,12,F1,25,,,,,
2024-12-02,2024-12-02,FO,NSE,IDO,41594,,NIFTY,,2024-12-26,2024-12-26,22850.0,PE,NIFTY24DEC22850PE,48.0,51.25,34.6,36.05,36.2,41.8,24276.05,36.05,32550,-7900,2480,1419298592.5,703,F1,25,,,,,
2024-12-02,2024-12-02,FO,NSE,IDO,64184,,NIFTY,,2024-12-26,2024-12-26,27400.0,CE,NIFTY24DEC27400CE,3.2,3.9,3.2,3.85,3.85,4.0,24276.05,0.1,2450,-100,50,34254666.25,19,F1,25,,,,,
2024-12-02,2024-12-02,FO,NSE,IDO,54654,,NIFTY,,2024-12-26,2024-12-26,25450.0,PE,NIFTY24DEC25450PE,0.0,0.0,0.0,1145.0,1145.0,1145.0,24276.05,1109.1,14200,0,0,0.0,0,F1,25,,,,,
2024-12-02,2024-12-02,FO,NSE,IDO,46077,,NIFTY,,2024-12-12,2024-12-12,23750.0,CE,NIFTY24D1223750CE,511.75,687.75,458.0,664.85,664.7,563.5,24276.05,664.85,5500,100,214,130103672.5,120,F1,25,,,,,
2024-12-02,2024-12-02,FO,NSE,IDO,47369,,NIFTY,,2024-12-19,2024-12-19,23750.0,PE,NIFTY24D1923750PE,150.25,160.65,99.6,105.25,105.2,126.4,24276.05,105.25,3675,2675,549,327725408.75,110,F1,25,,,,,
2024-12-02,2024-12-02,FO,NSE,IDO,67775,,NIFTY,,2028-12-28,2028-12-28,20000.0,PE,NIFTY28DEC20000PE,0.0,0.0,0.0,405.0,405.0,405.0,24276.05,99.8,1550,0,0,0.0,0,F1,25,,,,,
2024-12-02,2024-12-02,FO,NSE,IDO,38375,,NIFTY,,2025-06-26,2025-06-26,20000.0,PE,NIFTY25JUN20000PE,57.25,67.5,57.25,62.85,63.85,65.0,24276.05,62.85,472200,11850,596,298987481.25,96,F1,25,,,,,
2024-12-02,2024-12-02,FO,NSE,IDO,46416,,NIFTY,,2025-01-30,2025-01-30,24950.0,CE,NIFTY25JAN24950CE,244.65,347.85,244.65,325.7,326.15,270.65,24276.05,325.7,10525,-650,252,159243377.5,150,F1,25,,,,,
2024-12-02,2024-12-02,FO,NSE,IDO,46460,,NIFTY,,2025-01-30,2025-01-30,25250.0,PE,NIFTY25JAN25250PE,0.0,0.0,0.0,848.95,848.95,848.95,24276.05,963.6,450,0,0,0.0,0,F1,25,,,,,
2024-12-02,2024-12-02,FO,NSE,IDO,64154,,NIFTY,,2024-12-26,2024-12-26,27050.0,PE,NIFTY24DEC27050PE,0.0,0.0,0.0,864.7,864.7,864.7,24276.05,2654.6,25,0,0,0.0,0,F1,25,,,,,
2024-12-02,2024-12-02,FO,NSE,IDO,64150,,NIFTY,,2024-12-26,2024-12-26,27050.0,CE,NIFTY24DEC27050CE,4.1,4.85,3.9,3.95,3.95,4.1,24276.05,0.4,2675,300,58,39228400.0,23,F1,25,,,,,
2024-12-02,2024-12-02,FO,NSE,IDO,64141,,NIFTY,,2024-12-26,2024-12-26,26750.0,PE,NIFTY24DEC26750PE,0.0,0.0,0.0,878.25,0.0,878.25,24276.05,2356.7,0,0,0,0.0,0,F1,25,,,,,
2024-12-02,2024-12-02,FO,NSE,IDO,64127,,NIFTY,,2024-12-26,2024-12-26,26600.0,CE,NIFTY24DEC26600CE,5.2,6.45,4.25,5.25,5.25,5.2,24276.05,5.25,54675,1275,695,462259007.5,177,F1,25,,,,,
2024-12-02,2024-12-02,FO,NSE,IDO,53615,,NIFTY,,2027-12-30,2027-12-30,21000.0,PE,NIFTY27DEC21000PE,0.0,0.0,0.0,582.95,582.95,582.95,24276.05,156.45,50,0,0,0.0,0,F1,25,,,,,
2024-12-02,2024-12-02,FO,NSE,IDO,51453,,NIFTY,,2026-06-25,2026-06-25,21000.0,CE,NIFTY26JUN21000CE,0.0,0.0,0.0,3881.9,0.0,3881.9,24276.05,5495.95,0,0,0,0.0,0,F1,25,,,,,
2024-12-02,2024-12-02,FO,NSE,IDO,89625,,NIFTY,,2029-06-28,2029-06-28,21000.0,PE,NIFTY29JUN21000PE,0.0,0.0,0.0,320.25,0.0,320.25,24276.05,150.5,0,0,0,0.0,0,F1,25,,,,,
2024-12-02,2024-12-02,FO,NSE,IDO,67776,,NIFTY,,2028-12-28,2028-12-28,21000.0,CE,NIFTY28DEC21000CE,0.0,0.0,0.0,7512.5,0.0,7512.5,24276.05,8479.65,0,0,0,0.0,0,F1,25,,,,,
2024-12-02,2024-12-02,FO,NSE,IDO,64132,,NIFTY,,2024-12-26,2024-12-26,26700.0,PE,NIFTY24DEC26700PE,2406.7,2652.1,2380.7,2380.7,2380.7,2578.5,24276.05,2307.15,31250,0,11,8006517.5,7,F1,25,,,,,
2024-12-02,2024-12-02,FO,NSE,IDO,61332,,NIFTY,,2024-12-26,2024-12-26,26050.0,PE,NIFTY24DEC26050PE,0.0,0.0,0.0,1057.0,1057.0,1057.0,24276.05,1669.1,75,0,0,0.0,0,F1,25,,,,,
2024-12-02,2024-12-02,FO,NSE,IDO,64205,,NIFTY,,2024-12-26,2024-12-26,27900.0,PE,NIFTY24DEC27900PE,3499.0,3499.0,3499.0,3499.0,3499.0,3693.0,24276.05,3500.4,25,0,1,784975.0,1,F1,25,,,,,
2024-12-02,2024-12-02,FO,NSE,IDO,45913,,NIFTY,,2024-12-12,2024-12-12,22250.0,CE,NIFTY24D1222250CE,0.0,0.0,0.0,2120.2,0.0,2120.2,24276.05,2067.15,0,0,0,0.0,0,F1,25,,,,,
2024-12-02,2024-12-02,FO,NSE,IDO,47267,,NIFTY,,2024-12-19,2024-12-19,22250.0,CE,NIFTY24D1922250CE,0.0,0.0,0.0,1474.65,0.0,1474.65,24276.05,2096.1,0,0,0,0.0,0,F1,25,,,,,
2024-12-02,2024-12-02,FO,NSE,IDO,41521,,NIFTY,,2024-12-26,2024-12-26,22250.0,PE,NIFTY24DEC22250PE,18.4,19.6,15.9,16.6,16.65,18.4,24276.05,16.6,10150,1600,371,206532590.0,187,F1,25,,,,,
2024-12-02,2024-12-02,FO,NSE,IDO,64684,,NIFTY,,2025-09-25,2025-09-25,20000.0,CE,NIFTY25SEP20000CE,0.0,0.0,0.0,7643.1,0.0,7643.1,24276.05,5367.25,0,0,0,0.0,0,F1,25,,,,,
2024-12-02,2024-12-02,FO,NSE,IDO,46138,,NIFTY,,2024-12-12,2024-12-12,24950.0,PE,NIFTY24D1224950PE,774.3,799.65,628.95,632.65,628.95,831.35,24276.05,632.65,2675,2675,344,220022242.5,194,F1,25,,,,,
2024-12-02,2024-12-02,FO,NSE,IDO,38376,,NIFTY,,2025-12-24,2025-12-24,20000.0,CE,NIFTY25DEC20000CE,0.0,0.0,0.0,5219.05,5219.05,5219.05,24276.05,5693.1,5075,0,0,0.0,0,F1,25,,,,,
2024-12-02,2024-12-02,FO,NSE,IDO,58644,,NIFTY,,2026-12-31,2026-12-31,20000.0,CE,NIFTY26DEC20000CE,0.0,0.0,0.0,3704.3,0.0,3704.3,24276.05,6972.45,0,0,0,0.0,0,F1,25,,,,,
2024-12-02,2024-12-02,FO,NSE,IDO,86143,,NIFTY,,2028-06-29,2028-06-29,20000.0,CE,NIFTY28JUN20000CE,0.0,0.0,0.0,5724.65,0.0,5724.65,24276.05,8663.3,0,0,0,0.0,0,F1,25,,,,,
2024-12-02,2024-12-02,FO,NSE,IDO,47425,,NIFTY,,2024-12-19,2024-12-19,24800.0,PE,NIFTY24D1924800PE,0.0,0.0,0.0,1213.8,0.0,1213.8,24276.05,566.2,0,0,0,0.0,0,F1,25,,,,,
2024-12-02,2024-12-02,FO,NSE,IDO,52648,,NIFTY,,2025-01-02,2025-01-02,25850.0,PE,NIFTY2510225850PE,0.0,0.0,0.0,2308.15,0.0,2308.15,24276.05,1461.05,0,0,0,0.0,0,F1,75,,,,,
2024-12-02,2024-12-02,FO,NSE,IDO,53109,,NIFTY,,2024-12-05,2024-12-05,25850.0,CE,NIFTY24D0525850CE,1.0,1.05,0.6,0.65,0.6,0.95,24276.05,0.65,278100,87775,26719,17267636920.0,4228,F1,25,,,,,
2024-12-02,2024-12-02,FO,NSE,IDO,71472,,NIFTY,,2026-06-25,2026-06-25,24000.0,CE,NIFTY26JUN24000CE,0.0,0.0,0.0,1698.3,0.0,1698.3,24276.05,3258.35,0,0,0,0.0,0,F1,25,,,,,
2024-12-02,2024-12-02,FO,NSE,IDO,47380,,NIFTY,,2024-12-19,2024-12-19,24000.0,CE,NIFTY24D1924000CE,409.85,577.35,369.05,541.35,545.5,450.95,24276.05,541.35,29575,9975,2356,1441366766.25,1160,F1,25,,,,,
2024-12-02,2024-12-02,FO,NSE,IDO,71379,,NIFTY,,2025-06-26,2025-06-26,24000.0,CE,NIFTY25JUN24000CE,1511.75,1691.35,1469.45,1658.95,1655.0,1541.1,24276.05,1658.95,69200,1950,575,367750543.75,477,F1,25,,,,,
2024-12-02,2024-12-02,FO,NSE,IDO,64688,,NIFTY,,2025-09-25,2025-09-25,22000.0,CE,NIFTY25SEP22000CE,0.0,0.0,0.0,5865.75,0.0,5865.75,24276.05,3597.1,0,0,0,0.0,0,F1,25,,,,,
2024-12-02,2024-12-02,FO,NSE,IDO,41593,,NIFTY,,2024-12-26,2024-12-26,22850.0,CE,NIFTY24DEC22850CE,0.0,0.0,0.0,943.95,943.95,943.95,24276.05,1537.9,100,0,0,0.0,0,F1,25,,,,,
2024-12-02,2024-12-02,FO,NSE,IDO,38377,,NIFTY,,2025-12-24,2025-12-24,20000.0,PE,NIFTY25DEC20000PE,155.95,155.95,141.0,145.0,145.0,149.9,24276.05,145.0,38350,-1300,151,76050411.25,81,F1,25,,,,,
2024-12-02,2024-12-02,FO,NSE,IDO,47431,,NIFTY,,2024-12-19,2024-12-19,24950.0,PE,NIFTY24D1924950PE,0.0,0.0,0.0,1340.75,0.0,1340.75,24276.05,680.85,0,0,0,0.0,0,F1,25,,,,,
2024-12-02,2024-12-02,FO,NSE,IDO,46137,,NIFTY,,2024-12-12,2024-12-12,24950.0,CE,NIFTY24D1224950CE,24.35,39.2,14.4,32.8,33.5,22.65,24276.05,32.8,142950,45125,31662,19769949143.75,10387,F1,25,,,,,
2024-12-02,2024-12-02,FO,NSE,IDO,38315,,NIFTY,,2024-12-26,2024-12-26,20000.0,PE,NIFTY24DEC20000PE,5.2,5.95,4.4,4.7,4.9,5.25,24276.05,4.7,1818950,-4200,9207,4604601975.0,1623,F1,25,,,,,
2024-12-02,2024-12-02,FO,NSE,IDO,38373,,NIFTY,,2025-06-26,2025-06-26,20000.0,CE,NIFTY25JUN20000CE,0.0,0.0,0.0,3180.85,0.0,3180.85,24276.05,5033.3,0,0,0,0.0,0,F1,25,,,,,
2024-12-02,2024-12-02,FO,NSE,IDO,46025,,NIFTY,,2024-12-12,2024-12-12,22900.0,PE,NIFTY24D1222900PE,11.95,16.8,9.55,10.55,10.75,12.15,24276.05,10.55,299500,81700,32846,18814221521.25,12153,F1,25,,,,,
2024-12-02,2024-12-02,FO,NSE,IDO,43264,,NIFTY,,2025-01-30,2025-01-30,22900.0,PE,NIFTY25JAN22900PE,129.95,132.8,94.95,99.2,99.4,107.95,24276.05,99.2,76675,12850,1323,760904521.25,503,F1,25,,,,,
2024-12-02,2024-12-02,FO,NSE,IDO,41597,,NIFTY,,2024-12-26,2024-12-26,22900.0,PE,NIFTY24DEC22900PE,44.8,55.5,37.05,38.95,39.4,44.55,24276.05,38.95,446575,-2775,20392,11696138363.75,7304,F1,25,,,,,
2024-12-02,2024-12-02,FO,NSE,IDO,43263,,NIFTY,,2025-01-30,2025-01-30,22900.0,CE,NIFTY25JAN22900CE,0.0,0.0,0.0,1143.05,1143.05,1143.05,24276.05,1689.9,100,0,0,0.0,0,F1,25,,,,,
2024-12-02,2024-12-02,FO,NSE,IDO,47308,,NIFTY,,2024-12-19,2024-12-19,22900.0,CE,NIFTY24D1922900CE,0.0,0.0,0.0,937.65,0.0,937.65,24276.05,1452.85,0,0,0,0.0,0,F1,25,,,,,
2024-12-02,2024-12-02,FO,NSE,IDO,55635,,NIFTY,,2025-02-27,2025-02-27,22900.0,CE,NIFTY25FEB22900CE,0.0,0.0,0.0,1677.65,0.0,1677.65,24276.05,1847.6,0,0,0,0.0,0,F1,75,,,,,
2024-12-02,2024-12-02,FO,NSE,IDO,52942,,NIFTY,,2024-12-05,2024-12-05,22900.0,PE,NIFTY24D0522900PE,3.85,4.25,2.2,2.55,2.5,3.65,24276.05,2.55,3169850,1621100,632311,362040945660.0,97129,F1,25,,,,,
2024-12-02,2024-12-02,FO,NSE,IDO,41619,,NIFTY,,2024-12-26,2024-12-26,23050.0,PE,NIFTY24DEC23050PE,67.05,68.25,45.3,47.4,47.5,55.05,24276.05,47.4,25700,3100,1010,583340725.0,257,F1,25,,,,,
2024-12-02,2024-12-02,FO,NSE,IDO,46143,,NIFTY,,2024-12-12,2024-12-12,25050.0,CE,NIFTY24D1225050CE,15.4,25.5,9.75,20.75,21.45,15.35,24276.05,20.75,112875,58575,34665,21724001417.5,11578,F1,25,,,,,
2024-12-02,2024-12-02,FO,NSE,IDO,46144,,NIFTY,,2024-12-12,2024-12-12,25050.0,PE,NIFTY24D1225050PE,899.95,956.75,680.7,680.7,680.7,856.75,24276.05,753.4,450,350,24,15537982.5,12,F1,25,,,,,
2024-12-02,2024-12-02,FO,NSE,IDO,53072,,NIFTY,,2024-12-05,2024-12-05,25050.0,PE,NIFTY24D0525050PE,902.85,999.35,722.0,749.6,750.5,862.8,24276.05,749.6,3225,2100,983,639134486.25,395,F1,25,,,,,
2024-12-02,2024-12-02,FO,NSE,IDO,58629,,NIFTY,,2026-12-31,2026-12-31,12000.0,PE,NIFTY26DEC12000PE,0.0,0.0,0.0,20.05,20.05,20.05,24276.05,0.05,800,0,0,0.0,0,F1,25,,,,,
2024-12-02,2024-12-02,FO,NSE,IDO,58624,,NIFTY,,2026-06-25,2026-06-25,12000.0,CE,NIFTY26JUN12000CE,0.0,0.0,0.0,8690.0,8690.0,8690.0,24276.05,13476.6,50,0,0,0.0,0,F1,25,,,,,
2024-12-02,2024-12-02,FO,NSE,IDO,50545,,NIFTY,,2026-06-25,2026-06-25,28000.0,CE,NIFTY26JUN28000CE,0.0,0.0,0.0,1533.95,0.0,1533.95,24276.05,1273.25,0,0,0,0.0,0,F1,25,,,,,
2024-12-02,2024-12-02,FO,NSE,IDO,50548,,NIFTY,,2026-12-31,2026-12-31,28000.0,PE,NIFTY26DEC28000PE,0.0,0.0,0.0,6224.8,0.0,6224.8,24276.05,1949.6,0,0,0,0.0,0,F1,25,,,,,
2024-12-02,2024-12-02,FO,NSE,IDO,86166,,NIFTY,,2028-06-29,2028-06-29,28000.0,PE,NIFTY28JUN28000PE,0.0,0.0,0.0,3161.35,0.0,3161.35,24276.05,1423.75,0,0,0,0.0,0,F1,25,,,,,
2024-12-02,2024-12-02,FO,NSE,IDO,89638,,NIFTY,,2029-06-28,2029-06-28,28000.0,CE,NIFTY29JUN28000CE,0.0,0.0,0.0,6112.6,0.0,6112.6,24276.05,4880.55,0,0,0,0.0,0,F1,25,,,,,
2024-12-02,2024-12-02,FO,NSE,IDO,67791,,NIFTY,,2028-12-28,2028-12-28,28000.0,PE,NIFTY28DEC28000PE,0.0,0.0,0.0,1697.6,0.0,1697.6,24276.05,1288.9,0,0,0,0.0,0,F1,25,,,,,
2024-12-02,2024-12-02,FO,NSE,IDO,53633,,NIFTY,,2027-12-30,2027-12-30,28000.0,CE,NIFTY27DEC28000CE,0.0,0.0,0.0,2639.2,0.0,2639.2,24276.05,3102.95,0,0,0,0.0,0,F1,25,,,,,
2024-12-02,2024-12-02,FO,NSE,IDO,64579,,NIFTY,,2025-03-27,2025-03-27,28000.0,PE,NIFTY25MAR28000PE,3300.0,3300.0,3025.4,3058.7,3069.75,3189.95,24276.05,3058.7,125975,550,246,191599621.25,132,F1,25,,,,,
2024-12-02,2024-12-02,FO,NSE,IDO,50532,,NIFTY,,2024-12-26,2024-12-26,28000.0,PE,NIFTY24DEC28000PE,3760.0,3785.8,3490.05,3529.4,3537.55,3666.2,24276.05,3529.4,285675,1000,344,272101923.75,232,F1,25,,,,,
2024-12-02,2024-12-02,FO,NSE,IDO,89639,,NIFTY,,2029-06-28,2029-06-28,28000.0,PE,NIFTY29JUN28000PE,0.0,0.0,0.0,1488.1,0.0,1488.1,24276.05,1168.75,0,0,0,0.0,0,F1,25,,,,,
2024-12-02,2024-12-02,FO,NSE,IDO,67790,,NIFTY,,2028-12-28,2028-12-28,28000.0,CE,NIFTY28DEC28000CE,0.0,0.0,0.0,4027.15,0.0,4027.15,24276.05,4296.8,0,0,0,0.0,0,F1,25,,,,,
2024-12-02,2024-12-02,FO,NSE,IDO,53635,,NIFTY,,2027-12-30,2027-12-30,28000.0,PE,NIFTY27DEC28000PE,0.0,0.0,0.0,4251.0,0.0,4251.0,24276.05,1576.0,0,0,0,0.0,0,F1,25,,,,,
2024-12-02,2024-12-02,FO,NSE,IDO,50538,,NIFTY,,2025-06-26,2025-06-26,28000.0,PE,NIFTY25JUN28000PE,0.0,0.0,0.0,7207.55,0.0,7207.55,24276.05,2892.45,0,0,0,0.0,0,F1,25,,,,,
2024-12-02,2024-12-02,FO,NSE,IDO,86165,,NIFTY,,2028-06-29,2028-06-29,28000.0,CE,NIFTY28JUN28000CE,0.0,0.0,0.0,2596.45,0.0,2596.45,24276.05,3703.6,0,0,0,0.0,0,F1,25,,,,,
2024-12-02,2024-12-02,FO,NSE,IDO,50549,,NIFTY,,2027-06-24,2027-06-24,28000.0,CE,NIFTY27JUN28000CE,0.0,0.0,0.0,2186.3,0.0,2186.3,24276.05,2474.3,0,0,0,0.0,0,F1,25,,,,,
2024-12-02,2024-12-02,FO,NSE,IDO,53125,,NIFTY,,2024-12-05,2024-12-05,26150.0,CE,NIFTY24D0526150CE,0.95,1.0,0.55,0.6,0.55,0.85,24276.05,0.6,847950,169100,75170,49143642310.0,7300,F1,25,,,,,
2024-12-02,2024-12-02,FO,NSE,IDO,47460,,NIFTY,,2024-12-19,2024-12-19,25500.0,CE,NIFTY24D1925500CE,10.0,13.95,6.7,11.15,11.9,10.0,24276.05,11.15,95400,32800,5802,3700271785.0,2038,F1,25,,,,,
2024-12-02,2024-12-02,FO,NSE,IDO,52632,,NIFTY,,2025-01-02,2025-01-02,25500.0,PE,NIFTY2510225500PE,0.0,0.0,0.0,1980.0,0.0,1980.0,24276.05,1148.7,0,0,0,0.0,0,F1,75,,,,,
2024-12-02,2024-12-02,FO,NSE,IDO,47461,,NIFTY,,2024-12-19,2024-12-19,25500.0,PE,NIFTY24D1925500PE,0.0,0.0,0.0,1836.5,0.0,1836.5,24276.05,1163.15,0,0,0,0.0,0,F1,25,,,,,
2024-12-02,2024-12-02,FO,NSE,IDO,47233,,NIFTY,,2024-12-19,2024-12-19,21800.0,CE,NIFTY24D1921800CE,0.0,0.0,0.0,1890.4,0.0,1890.4,24276.05,2544.5,0,0,0,0.0,0,F1,25,,,,,
2024-12-02,2024-12-02,FO,NSE,IDO,47234,,NIFTY,,2024-12-19,2024-12-19,21800.0,PE,NIFTY24D1921800PE,0.0,0.0,0.0,18.8,0.0,18.8,24276.05,0.05,0,0,0,0.0,0,F1,25,,,,,
2024-12-02,2024-12-02,FO,NSE,IDO,51028,,NIFTY,,2025-01-02,2025-01-02,21800.0,PE,NIFTY2510221800PE,0.0,0.0,0.0,44.4,0.0,44.4,24276.05,0.65,0,0,0,0.0,0,F1,75,,,,,
2024-12-02,2024-12-02,FO,NSE,IDO,64187,,NIFTY,,2024-12-26,2024-12-26,27450.0,PE,NIFTY24DEC27450PE,0.0,0.0,0.0,1282.65,0.0,1282.65,24276.05,3052.5,0,0,0,0.0,0,F1,25,,,,,
2024-12-02,2024-12-02,FO,NSE,IDO,58625,,NIFTY,,2026-06-25,2026-06-25,12000.0,PE,NIFTY26JUN12000PE,0.0,0.0,0.0,20.05,20.05,20.05,24276.05,0.05,575,0,0,0.0,0,F1,25,,,,,
2024-12-02,2024-12-02,FO,NSE,IDO,64578,,NIFTY,,2025-03-27,2025-03-27,28000.0,CE,NIFTY25MAR28000CE,30.05,35.05,28.1,34.05,32.55,30.55,24276.05,34.05,456725,31150,3764,2637736055.0,964,F1,25,,,,,
2024-12-02,2024-12-02,FO,NSE,IDO,50543,,NIFTY,,2025-12-24,2025-12-24,28000.0,CE,NIFTY25DEC28000CE,460.05,549.95,460.05,524.75,510.5,495.35,24276.05,524.75,90175,3225,288,205189767.5,248,F1,25,,,,,
2024-12-02,2024-12-02,FO,NSE,IDO,64701,,NIFTY,,2025-09-25,2025-09-25,28000.0,PE,NIFTY25SEP28000PE,0.0,0.0,0.0,1606.2,0.0,1606.2,24276.05,2671.4,0,0,0,0.0,0,F1,25,,,,,
2024-12-02,2024-12-02,FO,NSE,IDO,50546,,NIFTY,,2026-06-25,2026-06-25,28000.0,PE,NIFTY26JUN28000PE,0.0,0.0,0.0,6532.55,0.0,6532.55,24276.05,2195.9,0,0,0,0.0,0,F1,25,,,,,
2024-12-02,2024-12-02,FO,NSE,IDO,50544,,NIFTY,,2025-12-24,2025-12-24,28000.0,PE,NIFTY25DEC28000PE,2455.55,2455.55,2209.2,2272.55,2267.2,2361.4,24276.05,2272.55,87775,1950,120,90904262.5,114,F1,25,,,,,
2024-12-02,2024-12-02,FO,NSE,IDO,64700,,NIFTY,,2025-09-25,2025-09-25,28000.0,CE,NIFTY25SEP28000CE,0.0,0.0,0.0,1788.2,0.0,1788.2,24276.05,443.9,0,0,0,0.0,0,F1,25,,,,,
2024-12-02,2024-12-02,FO,NSE,IDO,50530,,NIFTY,,2024-12-26,2024-12-26,28000.0,CE,NIFTY24DEC28000CE,2.95,3.25,2.7,2.95,2.8,3.1,24276.05,2.95,925850,17300,6462,4523879686.25,1303,F1,25,,,,,
2024-12-02,2024-12-02,FO,NSE,IDO,54917,,NIFTY,,2024-12-26,2024-12-26,25950.0,CE,NIFTY24DEC25950CE,7.7,11.55,6.45,9.85,10.2,7.75,24276.05,9.85,32075,6250,1584,1027954722.5,527,F1,25,,,,,
2024-12-02,2024-12-02,FO,NSE,IDO,41542,,NIFTY,,2024-12-26,2024-12-26,22500.0,CE,NIFTY24DEC22500CE,1750.05,1982.0,1690.1,1950.8,1931.55,1817.35,24276.05,1950.8,379100,-6200,633,385415076.25,226,F1,25,,,,,
2024-12-02,2024-12-02,FO,NSE,IDO,52966,,NIFTY,,2024-12-05,2024-12-05,23500.0,PE,NIFTY24D0523500PE,13.9,24.35,10.4,11.75,11.5,14.9,24276.05,11.75,9840300,2780375,3359230,1974804665235.0,439976,F1,25,,,,,
2024-12-02,2024-12-02,FO,NSE,IDO,52497,,NIFTY,,2025-01-02,2025-01-02,23500.0,CE,NIFTY2510223500CE,0.0,0.0,0.0,874.45,874.45,874.45,24276.05,997.3,75,0,0,0.0,0,F1,75,,,,,
2024-12-02,2024-12-02,FO,NSE,IDO,52925,,NIFTY,,2024-12-05,2024-12-05,22500.0,CE,NIFTY24D0522500CE,1600.0,1818.35,1565.5,1800.75,1790.5,1691.25,24276.05,1800.75,9100,-2250,113,68601098.75,38,F1,25,,,,,
2024-12-02,2024-12-02,FO,NSE,IDO,45858,,NIFTY,,2024-12-26,2024-12-26,17000.0,CE,NIFTY24DEC17000CE,7137.6,7525.5,7137.6,7416.1,7381.85,7195.0,24276.05,7416.1,24200,-325,21,12799410.0,14,F1,25,,,,,
2024-12-02,2024-12-02,FO,NSE,IDO,52979,,NIFTY,,2024-12-05,2024-12-05,23800.0,CE,NIFTY24D0523800CE,415.35,576.85,314.05,539.2,539.65,431.5,24276.05,539.2,606200,-25075,100194,60663552180.0,31453,F1,25,,,,,
2024-12-02,2024-12-02,FO,NSE,IDO,46080,,NIFTY,,2024-12-12,2024-12-12,23800.0,PE,NIFTY24D1223800PE,114.0,131.65,69.85,75.5,76.05,94.25,24276.05,75.5,451850,52875,96470,57624344305.0,28284,F1,25,,,,,
2024-12-02,2024-12-02,FO,NSE,IDO,47371,,NIFTY,,2024-12-19,2024-12-19,23800.0,PE,NIFTY24D1923800PE,159.95,176.9,106.0,112.75,113.1,135.9,24276.05,112.75,40625,11200,2044,1223001196.25,836,F1,25,,,,,
2024-12-02,2024-12-02,FO,NSE,IDO,46024,,NIFTY,,2024-12-12,2024-12-12,22900.0,CE,NIFTY24D1222900CE,1430.0,1430.0,1430.0,1430.0,1430.0,1300.0,24276.05,1419.05,25,0,1,608250.0,1,F1,25,,,,,
2024-12-02,2024-12-02,FO,NSE,IDO,52448,,NIFTY,,2025-01-02,2025-01-02,22900.0,PE,NIFTY2510222900PE,0.0,0.0,0.0,245.7,0.0,245.7,24276.05,22.0,0,0,0,0.0,0,F1,75,,,,,
2024-12-02,2024-12-02,FO,NSE,IDO,55636,,NIFTY,,2025-02-27,2025-02-27,22900.0,PE,NIFTY25FEB22900PE,0.0,0.0,0.0,250.5,0.0,250.5,24276.05,106.05,0,0,0,0.0,0,F1,75,,,,,
2024-12-02,2024-12-02,FO,NSE,IDO,52447,,NIFTY,,2025-01-02,2025-01-02,22900.0,CE,NIFTY2510222900CE,0.0,0.0,0.0,887.15,0.0,887.15,24276.05,1528.95,0,0,0,0.0,0,F1,75,,,,,
2024-12-02,2024-12-02,FO,NSE,IDO,52941,,NIFTY,,2024-12-05,2024-12-05,22900.0,CE,NIFTY24D0522900CE,1210.25,1415.0,1170.5,1415.0,1415.0,1256.5,24276.05,1388.75,2125,-1175,109,66140621.25,25,F1,25,,,,,
2024-12-02,2024-12-02,FO,NSE,IDO,47309,,NIFTY,,2024-12-19,2024-12-19,22900.0,PE,NIFTY24D1922900PE,30.55,30.55,30.55,30.55,30.55,159.1,24276.05,30.55,25,25,1,573263.75,1,F1,25,,,,,
2024-12-02,2024-12-02,FO,NSE,IDO,41596,,NIFTY,,2024-12-26,2024-12-26,22900.0,CE,NIFTY24DEC22900CE,1450.0,1600.0,1420.0,1537.75,1537.75,1402.0,24276.05,1537.75,4350,-375,20,12180537.5,7,F1,25,,,,,
2024-12-02,2024-12-02,FO,NSE,IDO,62389,,NIFTY,,2024-12-26,2024-12-26,26150.0,CE,NIFTY24DEC26150CE,6.5,8.6,2.3,7.65,7.75,6.6,24276.05,7.65,16975,6225,961,628400568.75,245,F1,25,,,,,
2024-12-02,2024-12-02,FO,NSE,IDO,52577,,NIFTY,,2025-01-02,2025-01-02,24500.0,PE,NIFTY2510224500PE,440.0,440.0,430.0,438.0,438.0,445.6,24276.05,432.4,3525,3375,47,87904380.0,10,F1,75,,,,,
2024-12-02,2024-12-02,FO,NSE,IDO,46146,,NIFTY,,2024-12-12,2024-12-12,25100.0,PE,NIFTY24D1225100PE,1010.95,1010.95,765.0,765.0,765.0,910.95,24276.05,765.0,75,50,6,3895878.75,6,F1,25,,,,,
2024-12-02,2024-12-02,FO,NSE,IDO,46448,,NIFTY,,2025-01-30,2025-01-30,25100.0,CE,NIFTY25JAN25100CE,195.5,285.0,189.0,267.85,264.75,221.2,24276.05,267.85,41700,10550,1958,1240408465.0,659,F1,25,,,,,
2024-12-02,2024-12-02,FO,NSE,IDO,47436,,NIFTY,,2024-12-19,2024-12-19,25100.0,CE,NIFTY24D1925100CE,27.0,53.65,23.5,45.0,46.9,34.8,24276.05,45.0,18350,7675,1618,1016991280.0,582,F1,25,,,,,
2024-12-02,2024-12-02,FO,NSE,IDO,62388,,NIFTY,,2024-12-26,2024-12-26,26100.0,PE,NIFTY24DEC26100PE,1820.0,1820.0,1690.15,1690.15,1690.15,1871.0,24276.05,1717.5,54200,-325,13,9070753.75,2,F1,25,,,,,
2024-12-02,2024-12-02,FO,NSE,IDO,46588,,NIFTY,,2025-01-30,2025-01-30,26100.0,CE,NIFTY25JAN26100CE,46.3,57.75,36.1,53.6,53.75,46.3,24276.05,53.6,13025,-375,231,151021600.0,69,F1,25,,,,,
2024-12-02,2024-12-02,FO,NSE,IDO,47456,,NIFTY,,2024-12-19,2024-12-19,25400.0,CE,NIFTY24D1925400CE,12.0,19.65,9.8,15.8,16.25,15.4,24276.05,15.8,29225,27575,2593,1647516728.75,625,F1,25,,,,,
2024-12-02,2024-12-02,FO,NSE,IDO,54652,,NIFTY,,2024-12-26,2024-12-26,25400.0,PE,NIFTY24DEC25400PE,1003.5,1010.5,985.45,997.5,995.5,1103.5,24276.05,997.5,35375,150,15,9899391.25,7,F1,25,,,,,
2024-12-02,2024-12-02,FO,NSE,IDO,57613,,NIFTY,,2025-02-27,2025-02-27,24300.0,CE,NIFTY25FEB24300CE,747.75,885.0,747.75,885.0,885.0,809.0,24276.05,843.8,150,150,2,3767456.25,2,F1,75,,,,,
2024-12-02,2024-12-02,FO,NSE,IDO,46466,,NIFTY,,2025-01-30,2025-01-30,25400.0,PE,NIFTY25JAN25400PE,1070.0,1097.0,1008.35,1008.35,1008.35,1096.35,24276.05,1071.0,1225,550,28,18515505.0,13,F1,25,,,,,
2024-12-02,2024-12-02,FO,NSE,IDO,47403,,NIFTY,,2024-12-19,2024-12-19,24400.0,CE,NIFTY24D1924400CE,196.05,311.35,170.0,288.2,287.05,222.55,24276.05,288.2,18375,5725,1909,1177078167.5,594,F1,25,,,,,
2024-12-02,2024-12-02,FO,NSE,IDO,45845,,NIFTY,,2024-12-12,2024-12-12,21650.0,CE,NIFTY24D1221650CE,0.0,0.0,0.0,2703.5,0.0,2703.5,24276.05,2666.05,0,0,0,0.0,0,F1,25,,,,,
2024-12-02,2024-12-02,FO,NSE,IDO,50777,,NIFTY,,2025-01-02,2025-01-02,21650.0,PE,NIFTY2510221650PE,0.0,0.0,0.0,33.3,0.0,33.3,24276.05,0.35,0,0,0,0.0,0,F1,75,,,,,
2024-12-02,2024-12-02,FO,NSE,IDO,47344,,NIFTY,,2024-12-19,2024-12-19,23400.0,CE,NIFTY24D1923400CE,0.0,0.0,0.0,909.7,909.7,909.7,24276.05,978.8,300,0,0,0.0,0,F1,25,,,,,
2024-12-02,2024-12-02,FO,NSE,IDO,71548,,NIFTY,,2027-06-24,2027-06-24,18000.0,PE,NIFTY27JUN18000PE,0.0,0.0,0.0,264.2,264.2,264.2,24276.05,24.05,25,0,0,0.0,0,F1,25,,,,,
2024-12-02,2024-12-02,FO,NSE,IDO,55121,,NIFTY,,2025-12-24,2025-12-24,18000.0,CE,NIFTY25DEC18000CE,0.0,0.0,0.0,6700.0,6700.0,6700.0,24276.05,7523.25,6650,0,0,0.0,0,F1,25,,,,,
2024-12-02,2024-12-02,FO,NSE,IDO,55122,,NIFTY,,2025-12-24,2025-12-24,18000.0,PE,NIFTY25DEC18000PE,0.0,0.0,0.0,123.95,123.95,123.95,24276.05,3.95,2975,0,0,0.0,0,F1,25,,,,,
2024-12-02,2024-12-02,FO,NSE,IDO,71547,,NIFTY,,2027-06-24,2027-06-24,18000.0,CE,NIFTY27JUN18000CE,0.0,0.0,0.0,4066.45,0.0,4066.45,24276.05,9155.5,0,0,0,0.0,0,F1,25,,,,,
2024-12-02,2024-12-02,FO,NSE,IDO,52545,,NIFTY,,2025-01-02,2025-01-02,24150.0,PE,NIFTY2510224150PE,293.95,319.15,255.45,265.15,265.15,342.2,24276.05,268.45,6525,5850,118,216390990.0,62,F1,75,,,,,
2024-12-02,2024-12-02,FO,NSE,IDO,41870,,NIFTY,,2024-12-26,2024-12-26,24150.0,PE,NIFTY24DEC24150PE,294.95,330.95,215.75,228.9,230.95,270.6,24276.05,228.9,109600,31325,14120,8618683333.75,5216,F1,25,,,,,
2024-12-02,2024-12-02,FO,NSE,IDO,41868,,NIFTY,,2024-12-26,2024-12-26,24150.0,CE,NIFTY24DEC24150CE,436.0,540.0,352.4,504.2,510.0,427.95,24276.05,504.2,91050,6950,11309,6953068535.0,4687,F1,25,,,,,
2024-12-02,2024-12-02,FO,NSE,IDO,53009,,NIFTY,,2024-12-05,2024-12-05,24150.0,PE,NIFTY24D0524150PE,142.7,208.85,85.5,96.3,96.8,137.35,24276.05,96.3,3641725,2359100,4370044,2653581210092.5,1258030,F1,25,,,,,
2024-12-02,2024-12-02,FO,NSE,IDO,47447,,NIFTY,,2024-12-19,2024-12-19,25300.0,CE,NIFTY24D1925300CE,15.05,27.0,12.75,22.5,23.2,18.9,24276.05,22.5,49100,37100,4875,3085724345.0,1065,F1,25,,,,,
2024-12-02,2024-12-02,FO,NSE,IDO,57656,,NIFTY,,2025-02-27,2025-02-27,25300.0,PE,NIFTY25FEB25300PE,0.0,0.0,0.0,1347.85,0.0,1347.85,24276.05,1014.8,0,0,0,0.0,0,F1,75,,,,,
2024-12-02,2024-12-02,FO,NSE,IDO,53082,,NIFTY,,2024-12-05,2024-12-05,25300.0,PE,NIFTY24D0525300PE,1225.2,1246.0,984.9,991.3,991.8,1112.0,24276.05,991.3,17725,75,1033,683612515.0,301,F1,25,,,,,
2024-12-02,2024-12-02,FO,NSE,IDO,46157,,NIFTY,,2024-12-12,2024-12-12,25300.0,CE,NIFTY24D1225300CE,5.7,8.65,3.5,6.8,7.2,5.8,24276.05,6.8,356650,156550,51897,32832075925.0,13060,F1,25,,,,,
2024-12-02,2024-12-02,FO,NSE,IDO,52953,,NIFTY,,2024-12-05,2024-12-05,23200.0,CE,NIFTY24D0523200CE,895.05,1144.25,853.95,1107.3,1103.95,990.2,24276.05,1107.3,14125,-10950,760,459440456.25,293,F1,25,,,,,
2024-12-02,2024-12-02,FO,NSE,IDO,43492,,NIFTY,,2025-01-30,2025-01-30,23200.0,CE,NIFTY25JAN23200CE,0.0,0.0,0.0,1288.4,1288.4,1288.4,24276.05,1433.15,950,0,0,0.0,0,F1,25,,,,,
2024-12-02,2024-12-02,FO,NSE,IDO,46042,,NIFTY,,2024-12-12,2024-12-12,23200.0,PE,NIFTY24D1223200PE,26.0,33.95,18.8,20.35,20.1,24.65,24276.05,20.35,414075,134075,60658,35217206360.0,19025,F1,25,,,,,
2024-12-02,2024-12-02,FO,NSE,IDO,55648,,NIFTY,,2025-02-27,2025-02-27,23200.0,PE,NIFTY25FEB23200PE,0.0,0.0,0.0,220.0,220.0,220.0,24276.05,154.65,150,0,0,0.0,0,F1,75,,,,,
2024-12-02,2024-12-02,FO,NSE,IDO,47324,,NIFTY,,2024-12-19,2024-12-19,23200.0,PE,NIFTY24D1923200PE,47.65,60.0,38.3,41.6,41.55,46.6,24276.05,41.6,18575,10075,1093,635139585.0,233,F1,25,,,,,
2024-12-02,2024-12-02,FO,NSE,IDO,52954,,NIFTY,,2024-12-05,2024-12-05,23200.0,PE,NIFTY24D0523200PE,6.2,9.65,3.85,4.9,4.8,6.4,24276.05,4.9,4852900,2682350,1347364,781660963123.75,184410,F1,25,,,,,
2024-12-02,2024-12-02,FO,NSE,IDO,52461,,NIFTY,,2025-01-02,2025-01-02,23200.0,PE,NIFTY2510223200PE,0.0,0.0,0.0,352.45,0.0,352.45,24276.05,45.7,0,0,0,0.0,0,F1,75,,,,,
2024-12-02,2024-12-02,FO,NSE,IDO,41628,,NIFTY,,2024-12-26,2024-12-26,23200.0,CE,NIFTY24DEC23200CE,1075.05,1320.0,1066.45,1286.85,1278.0,1173.0,24276.05,1286.85,35750,-14425,1010,615958293.75,493,F1,25,,,,,
2024-12-02,2024-12-02,FO,NSE,IDO,47323,,NIFTY,,2024-12-19,2024-12-19,23200.0,CE,NIFTY24D1923200CE,0.0,0.0,0.0,727.35,0.0,727.35,24276.05,1164.0,0,0,0,0.0,0,F1,25,,,,,
2024-12-02,2024-12-02,FO,NSE,IDO,52459,,NIFTY,,2025-01-02,2025-01-02,23200.0,CE,NIFTY2510223200CE,0.0,0.0,0.0,696.4,0.0,696.4,24276.05,1254.35,0,0,0,0.0,0,F1,75,,,,,
2024-12-02,2024-12-02,FO,NSE,IDO,41629,,NIFTY,,2024-12-26,2024-12-26,23200.0,PE,NIFTY24DEC23200PE,66.0,84.45,55.3,58.15,57.05,68.05,24276.05,58.15,843150,68650,40190,23374543351.25,12449,F1,25,,,,,
2024-12-02,2024-12-02,FO,NSE,IDO,46041,,NIFTY,,2024-12-12,2024-12-12,23200.0,CE,NIFTY24D1223200CE,988.0,1178.05,988.0,1178.05,1178.05,1018.0,24276.05,1122.7,3075,125,13,7875622.5,7,F1,25,,,,,
2024-12-02,2024-12-02,FO,NSE,IDO,46463,,NIFTY,,2025-01-30,2025-01-30,25350.0,CE,NIFTY25JAN25350CE,0.0,0.0,0.0,150.4,150.4,150.4,24276.05,235.75,2475,0,0,0.0,0,F1,25,,,,,
2024-12-02,2024-12-02,FO,NSE,IDO,51001,,NIFTY,,2024-12-26,2024-12-26,25350.0,CE,NIFTY24DEC25350CE,30.95,47.45,21.9,40.4,41.5,30.95,24276.05,40.4,99750,9375,4883,3098847070.0,1844,F1,25,,,,,
2024-12-02,2024-12-02,FO,NSE,IDO,46159,,NIFTY,,2024-12-12,2024-12-12,25350.0,CE,NIFTY24D1225350CE,5.1,7.05,3.2,5.7,5.7,5.05,24276.05,5.7,97925,74100,15216,9644862193.75,4381,F1,25,,,,,
2024-12-02,2024-12-02,FO,NSE,IDO,53083,,NIFTY,,2024-12-05,2024-12-05,25350.0,CE,NIFTY24D0525350CE,1.15,1.2,0.8,0.9,0.85,1.2,24276.05,0.9,640750,205525,272697,172828337262.5,26702,F1,25,,,,,
2024-12-02,2024-12-02,FO,NSE,IDO,53042,,NIFTY,,2024-12-05,2024-12-05,24750.0,PE,NIFTY24D0524750PE,607.55,704.45,422.45,456.35,457.9,567.5,24276.05,456.35,16275,4350,2471,1560536261.25,887,F1,25,,,,,
2024-12-02,2024-12-02,FO,NSE,IDO,42571,,NIFTY,,2024-12-26,2024-12-26,24750.0,CE,NIFTY24DEC24750CE,119.25,203.05,109.7,182.8,184.8,142.25,24276.05,182.8,102900,9900,9209,5733502533.75,3309,F1,25,,,,,
2024-12-02,2024-12-02,FO,NSE,IDO,47421,,NIFTY,,2024-12-19,2024-12-19,24750.0,CE,NIFTY24D1924750CE,85.25,142.75,72.2,131.1,127.6,98.1,24276.05,131.1,1700,850,212,131776595.0,78,F1,25,,,,,
2024-12-02,2024-12-02,FO,NSE,IDO,52056,,NIFTY,,2025-01-02,2025-01-02,21850.0,PE,NIFTY2510221850PE,0.0,0.0,0.0,48.75,0.0,48.75,24276.05,0.8,0,0,0,0.0,0,F1,75,,,,,
2024-12-02,2024-12-02,FO,NSE,IDO,47317,,NIFTY,,2024-12-19,2024-12-19,23050.0,CE,NIFTY24D1923050CE,0.0,0.0,0.0,828.9,0.0,828.9,24276.05,1307.2,0,0,0,0.0,0,F1,25,,,,,
2024-12-02,2024-12-02,FO,NSE,IDO,43273,,NIFTY,,2025-01-30,2025-01-30,23050.0,CE,NIFTY25JAN23050CE,0.0,0.0,0.0,1016.8,1018.35,1016.8,24276.05,1559.65,250,0,0,0.0,0,F1,25,,,,,
2024-12-02,2024-12-02,FO,NSE,IDO,52947,,NIFTY,,2024-12-05,2024-12-05,23050.0,CE,NIFTY24D0523050CE,1058.7,1286.0,1028.45,1285.0,1285.0,1122.95,24276.05,1238.85,4350,-2150,107,64978788.75,32,F1,25,,,,,
2024-12-02,2024-12-02,FO,NSE,IDO,52454,,NIFTY,,2025-01-02,2025-01-02,23050.0,PE,NIFTY2510223050PE,0.0,0.0,0.0,295.75,0.0,295.75,24276.05,32.05,0,0,0,0.0,0,F1,75,,,,,
2024-12-02,2024-12-02,FO,NSE,IDO,52567,,NIFTY,,2025-01-02,2025-01-02,24400.0,PE,NIFTY2510224400PE,0.0,0.0,0.0,499.4,499.4,499.4,24276.05,380.5,450,0,0,0.0,0,F1,75,,,,,
2024-12-02,2024-12-02,FO,NSE,IDO,53020,,NIFTY,,2024-12-05,2024-12-05,24400.0,PE,NIFTY24D0524400PE,268.0,386.5,178.5,198.55,202.0,275.1,24276.05,198.55,1368850,428200,574045,353589960373.75,178676,F1,25,,,,,
2024-12-02,2024-12-02,FO,NSE,IDO,46496,,NIFTY,,2025-01-30,2025-01-30,25700.0,CE,NIFTY25JAN25700CE,73.0,110.5,68.8,101.65,103.2,85.3,24276.05,101.65,58275,11275,1683,1085031320.0,501,F1,25,,,,,
2024-12-02,2024-12-02,FO,NSE,IDO,57670,,NIFTY,,2025-02-27,2025-02-27,25650.0,PE,NIFTY25FEB25650PE,0.0,0.0,0.0,1597.05,0.0,1597.05,24276.05,1254.2,0,0,0,0.0,0,F1,75,,,,,
2024-12-02,2024-12-02,FO,NSE,IDO,47472,,NIFTY,,2024-12-19,2024-12-19,25650.0,CE,NIFTY24D1925650CE,0.0,0.0,0.0,16.95,16.95,16.95,24276.05,12.05,100,0,0,0.0,0,F1,25,,,,,
2024-12-02,2024-12-02,FO,NSE,IDO,46187,,NIFTY,,2024-12-12,2024-12-12,25650.0,CE,NIFTY24D1225650CE,2.05,3.0,2.05,2.75,2.85,3.15,24276.05,2.75,6625,2150,1058,678507980.0,311,F1,25,,,,,
2024-12-02,2024-12-02,FO,NSE,IDO,46494,,NIFTY,,2025-01-30,2025-01-30,25650.0,CE,NIFTY25JAN25650CE,0.0,0.0,0.0,89.95,89.95,89.95,24276.05,165.65,225,0,0,0.0,0,F1,25,,,,,
2024-12-02,2024-12-02,FO,NSE,IDO,54843,,NIFTY,,2024-12-26,2024-12-26,25650.0,PE,NIFTY24DEC25650PE,1435.05,1465.0,1197.9,1197.9,1197.9,1337.9,24276.05,1290.2,6325,-600,32,21620420.0,16,F1,25,,,,,
2024-12-02,2024-12-02,FO,NSE,IDO,48657,,NIFTY,,2024-12-26,2024-12-26,25250.0,CE,NIFTY24DEC25250CE,44.55,62.65,29.15,54.2,55.5,40.5,24276.05,54.2,109800,31425,8909,5633627466.25,3530,F1,25,,,,,
2024-12-02,2024-12-02,FO,NSE,IDO,47444,,NIFTY,,2024-12-19,2024-12-19,25250.0,CE,NIFTY24D1925250CE,39.45,39.45,23.7,27.05,28.15,21.0,24276.05,27.05,3175,250,65,41075811.25,15,F1,25,,,,,
2024-12-02,2024-12-02,FO,NSE,IDO,46459,,NIFTY,,2025-01-30,2025-01-30,25250.0,CE,NIFTY25JAN25250CE,232.65,232.65,199.8,213.75,199.8,170.15,24276.05,213.75,3375,-50,4,2546372.5,4,F1,25,,,,,
2024-12-02,2024-12-02,FO,NSE,IDO,46155,,NIFTY,,2024-12-12,2024-12-12,25250.0,CE,NIFTY24D1225250CE,8.1,10.4,4.25,8.45,8.9,7.2,24276.05,8.45,156750,145150,33776,21326603576.25,7016,F1,25,,,,,
2024-12-02,2024-12-02,FO,NSE,IDO,53055,,NIFTY,,2024-12-05,2024-12-05,24850.0,PE,NIFTY24D0524850PE,777.1,802.9,515.0,550.85,548.75,667.55,24276.05,550.85,3250,-575,1156,738993141.25,461,F1,25,,,,,
2024-12-02,2024-12-02,FO,NSE,IDO,53004,,NIFTY,,2024-12-05,2024-12-05,24050.0,PE,NIFTY24D0524050PE,110.05,157.75,62.6,70.45,70.65,100.45,24276.05,70.45,2523700,1321625,3181353,1921431557913.75,945046,F1,25,,,,,
2024-12-02,2024-12-02,FO,NSE,IDO,57603,,NIFTY,,2025-02-27,2025-02-27,24050.0,CE,NIFTY25FEB24050CE,0.0,0.0,0.0,936.55,0.0,936.55,24276.05,992.8,0,0,0,0.0,0,F1,75,,,,,
2024-12-02,2024-12-02,FO,NSE,IDO,41708,,NIFTY,,2024-12-26,2024-12-26,24050.0,CE,NIFTY24DEC24050CE,430.75,605.95,410.2,575.4,580.15,493.4,24276.05,575.4,62150,-4625,5457,3347769373.75,2186,F1,25,,,,,
2024-12-02,2024-12-02,FO,NSE,IDO,47386,,NIFTY,,2024-12-19,2024-12-19,24050.0,PE,NIFTY24D1924050PE,247.3,263.7,160.9,174.0,174.1,208.1,24276.05,174.0,10700,4150,1183,718086753.75,331,F1,25,,,,,
2024-12-02,2024-12-02,FO,NSE,IDO,46353,,NIFTY,,2025-01-30,2025-01-30,24050.0,PE,NIFTY25JAN24050PE,358.85,397.15,305.5,307.95,308.1,337.05,24276.05,307.95,7050,4225,326,198804230.0,165,F1,25,,,,,
2024-12-02,2024-12-02,FO,NSE,IDO,47385,,NIFTY,,2024-12-19,2024-12-19,24050.0,CE,NIFTY24D1924050CE,420.0,526.85,341.0,500.75,503.0,419.1,24276.05,500.75,3800,3000,542,331835225.0,203,F1,25,,,,,
2024-12-02,2024-12-02,FO,NSE,IDO,64563,,NIFTY,,2025-03-27,2025-03-27,22000.0,PE,NIFTY25MAR22000PE,111.15,119.0,99.8,102.35,102.9,110.05,24276.05,102.35,757850,3725,6484,3583426556.25,2015,F1,25,,,,,
2024-12-02,2024-12-02,FO,NSE,IDO,64567,,NIFTY,,2025-03-27,2025-03-27,24000.0,PE,NIFTY25MAR24000PE,454.7,484.0,400.0,410.55,414.45,435.7,24276.05,410.55,977125,15625,6357,3882379562.5,2451,F1,25,,,,,
2024-12-02,2024-12-02,FO,NSE,IDO,71557,,NIFTY,,2027-06-24,2027-06-24,22000.0,PE,NIFTY27JUN22000PE,0.0,0.0,0.0,3995.4,0.0,3995.4,24276.05,244.1,0,0,0,0.0,0,F1,25,,,,,
2024-12-02,2024-12-02,FO,NSE,IDO,53617,,NIFTY,,2027-12-30,2027-12-30,22000.0,PE,NIFTY27DEC22000PE,0.0,0.0,0.0,329.0,329.0,329.0,24276.05,243.55,25,0,0,0.0,0,F1,25,,,,,
2024-12-02,2024-12-02,FO,NSE,IDO,64566,,NIFTY,,2025-03-27,2025-03-27,24000.0,CE,NIFTY25MAR24000CE,1080.05,1264.45,1050.0,1229.15,1225.15,1136.25,24276.05,1229.15,474575,10675,2551,1605049227.5,1480,F1,25,,,,,
2024-12-02,2024-12-02,FO,NSE,IDO,71380,,NIFTY,,2025-06-26,2025-06-26,24000.0,PE,NIFTY25JUN24000PE,536.8,551.75,488.4,499.05,498.0,519.2,24276.05,499.05,207275,2700,958,587008471.25,598,F1,25,,,,,
2024-12-02,2024-12-02,FO,NSE,IDO,52380,,NIFTY,,2025-01-02,2025-01-02,22000.0,PE,NIFTY2510222000PE,24.05,24.05,17.9,19.1,19.1,20.05,24276.05,19.1,6375,5400,99,163496220.0,65,F1,75,,,,,
2024-12-02,2024-12-02,FO,NSE,IDO,67779,,NIFTY,,2028-12-28,2028-12-28,22000.0,PE,NIFTY28DEC22000PE,0.0,0.0,0.0,446.15,446.15,446.15,24276.05,229.95,125,0,0,0.0,0,F1,25,,,,,
2024-12-02,2024-12-02,FO,NSE,IDO,71473,,NIFTY,,2026-06-25,2026-06-25,24000.0,PE,NIFTY26JUN24000PE,0.0,0.0,0.0,5437.7,0.0,5437.7,24276.05,581.2,0,0,0,0.0,0,F1,25,,,,,
2024-12-02,2024-12-02,FO,NSE,IDO,64562,,NIFTY,,2025-03-27,2025-03-27,22000.0,CE,NIFTY25MAR22000CE,2747.45,2878.4,2690.0,2850.65,2850.65,2745.65,24276.05,2850.65,179850,-900,141,87296440.0,56,F1,25,,,,,
2024-12-02,2024-12-02,FO,NSE,IDO,67783,,NIFTY,,2028-12-28,2028-12-28,24000.0,PE,NIFTY28DEC24000PE,0.0,0.0,0.0,593.7,593.7,593.7,24276.05,455.65,500,0,0,0.0,0,F1,25,,,,,
2024-12-02,2024-12-02,FO,NSE,IDO,47241,,NIFTY,,2024-12-19,2024-12-19,21850.0,PE,NIFTY24D1921850PE,0.0,0.0,0.0,21.15,0.0,21.15,24276.05,0.05,0,0,0,0.0,0,F1,25,,,,,
2024-12-02,2024-12-02,FO,NSE,IDO,45877,,NIFTY,,2024-12-12,2024-12-12,21850.0,PE,NIFTY24D1221850PE,3.0,3.0,2.15,2.55,2.85,6.05,24276.05,2.55,5725,5725,292,159523080.0,225,F1,25,,,,,
2024-12-02,2024-12-02,FO,NSE,IDO,64189,,NIFTY,,2024-12-26,2024-12-26,27500.0,PE,NIFTY24DEC27500PE,3200.0,3218.05,3009.35,3012.45,3012.45,3145.0,24276.05,3102.25,95800,650,52,39819580.0,38,F1,25,,,,,
2024-12-02,2024-12-02,FO,NSE,IDO,41472,,NIFTY,,2024-12-26,2024-12-26,21800.0,PE,NIFTY24DEC21800PE,10.65,12.2,8.9,9.3,9.35,10.1,24276.05,9.3,580275,-13825,16911,9220722472.5,4472,F1,25,,,,,
2024-12-02,2024-12-02,FO,NSE,IDO,41471,,NIFTY,,2024-12-26,2024-12-26,21800.0,CE,NIFTY24DEC21800CE,0.0,0.0,0.0,2391.0,2391.0,2391.0,24276.05,2572.75,1875,0,0,0.0,0,F1,25,,,,,
2024-12-02,2024-12-02,FO,NSE,IDO,52868,,NIFTY,,2024-12-05,2024-12-05,21800.0,CE,NIFTY24D0521800CE,0.0,0.0,0.0,2250.0,2250.0,2250.0,24276.05,2488.15,325,0,0,0.0,0,F1,25,,,,,
2024-12-02,2024-12-02,FO,NSE,IDO,46122,,NIFTY,,2024-12-12,2024-12-12,24600.0,PE,NIFTY24D1224600PE,504.95,559.25,340.5,370.5,370.1,449.2,24276.05,370.5,37825,19750,3190,1993880013.75,1160,F1,25,,,,,
2024-12-02,2024-12-02,FO,NSE,IDO,89630,,NIFTY,,2029-06-28,2029-06-28,24000.0,CE,NIFTY29JUN24000CE,0.0,0.0,0.0,8085.35,0.0,8085.35,24276.05,7074.4,0,0,0,0.0,0,F1,25,,,,,
2024-12-02,2024-12-02,FO,NSE,IDO,53002,,NIFTY,,2024-12-05,2024-12-05,24000.0,PE,NIFTY24D0524000PE,90.0,135.9,53.25,59.75,59.1,85.0,24276.05,59.75,11487475,4556075,8158360,4913330405661.25,2008172,F1,25,,,,,
2024-12-02,2024-12-02,FO,NSE,IDO,57601,,NIFTY,,2025-02-27,2025-02-27,24000.0,CE,NIFTY25FEB24000CE,917.65,1104.35,890.95,1073.55,1075.45,979.45,24276.05,1073.55,34050,6600,197,369398812.5,186,F1,75,,,,,
2024-12-02,2024-12-02,FO,NSE,IDO,47252,,NIFTY,,2024-12-19,2024-12-19,22000.0,PE,NIFTY24D1922000PE,19.0,19.0,5.55,6.25,5.55,29.65,24276.05,6.25,2200,2200,112,61618243.75,17,F1,25,,,,,
2024-12-02,2024-12-02,FO,NSE,IDO,46351,,NIFTY,,2025-01-30,2025-01-30,24000.0,PE,NIFTY25JAN24000PE,325.0,370.0,282.05,292.4,293.55,321.45,24276.05,292.4,844950,-20800,29257,17784480950.0,9303,F1,25,,,,,
2024-12-02,2024-12-02,FO,NSE,IDO,71502,,NIFTY,,2026-12-31,2026-12-31,24000.0,PE,NIFTY26DEC24000PE,851.0,900.0,851.0,854.55,900.0,887.7,24276.05,854.55,5125,75,22,13669725.0,8,F1,25,,,,,
2024-12-02,2024-12-02,FO,NSE,IDO,71393,,NIFTY,,2025-12-24,2025-12-24,24000.0,CE,NIFTY25DEC24000CE,2315.0,2495.0,2270.0,2457.1,2443.1,2335.45,24276.05,2457.1,75075,4825,422,278587790.0,378,F1,25,,,,,
2024-12-02,2024-12-02,FO,NSE,IDO,86152,,NIFTY,,2028-06-29,2028-06-29,24000.0,PE,NIFTY28JUN24000PE,0.0,0.0,0.0,1692.75,0.0,1692.75,24276.05,486.9,0,0,0,0.0,0,F1,25,,,,,
2024-12-02,2024-12-02,FO,NSE,IDO,89626,,NIFTY,,2029-06-28,2029-06-28,22000.0,CE,NIFTY29JUN22000CE,0.0,0.0,0.0,9207.9,0.0,9207.9,24276.05,8338.3,0,0,0,0.0,0,F1,25,,,,,
2024-12-02,2024-12-02,FO,NSE,IDO,47251,,NIFTY,,2024-12-19,2024-12-19,22000.0,CE,NIFTY24D1922000CE,0.0,0.0,0.0,1702.55,0.0,1702.55,24276.05,2345.15,0,0,0,0.0,0,F1,25,,,,,
2024-12-02,2024-12-02,FO,NSE,IDO,50557,,NIFTY,,2026-06-25,2026-06-25,18000.0,PE,NIFTY26JUN18000PE,0.0,0.0,0.0,3088.05,0.0,3088.05,24276.05,10.65,0,0,0,0.0,0,F1,25,,,,,
2024-12-02,2024-12-02,FO,NSE,IDO,89613,,NIFTY,,2029-06-28,2029-06-28,18000.0,PE,NIFTY29JUN18000PE,0.0,0.0,0.0,118.45,0.0,118.45,24276.05,37.15,0,0,0,0.0,0,F1,25,,,,,
2024-12-02,2024-12-02,FO,NSE,IDO,64552,,NIFTY,,2025-03-27,2025-03-27,18000.0,CE,NIFTY25MAR18000CE,0.0,0.0,0.0,5634.6,0.0,5634.6,24276.05,6654.8,0,0,0,0.0,0,F1,25,,,,,
2024-12-02,2024-12-02,FO,NSE,IDO,86139,,NIFTY,,2028-06-29,2028-06-29,18000.0,CE,NIFTY28JUN18000CE,0.0,0.0,0.0,6809.35,0.0,6809.35,24276.05,10168.65,0,0,0,0.0,0,F1,25,,,,,
2024-12-02,2024-12-02,FO,NSE,IDO,58633,,NIFTY,,2026-12-31,2026-12-31,14000.0,PE,NIFTY26DEC14000PE,0.0,0.0,0.0,20.3,20.3,20.3,24276.05,0.2,1175,0,0,0.0,0,F1,25,,,,,
2024-12-02,2024-12-02,FO,NSE,IDO,46238,,NIFTY,,2025-01-30,2025-01-30,23450.0,PE,NIFTY25JAN23450PE,207.05,207.05,169.05,173.95,174.1,246.35,24276.05,173.95,2850,-575,58,34261828.75,12,F1,25,,,,,
2024-12-02,2024-12-02,FO,NSE,IDO,56738,,NIFTY,,2025-02-27,2025-02-27,23450.0,PE,NIFTY25FEB23450PE,0.0,0.0,0.0,405.35,0.0,405.35,24276.05,206.75,0,0,0,0.0,0,F1,75,,,,,
2024-12-02,2024-12-02,FO,NSE,IDO,55606,,NIFTY,,2025-02-27,2025-02-27,22150.0,PE,NIFTY25FEB22150PE,84.0,84.0,84.0,84.0,84.0,80.0,24276.05,84.0,300,75,1,1667550.0,1,F1,75,,,,,
2024-12-02,2024-12-02,FO,NSE,IDO,52902,,NIFTY,,2024-12-05,2024-12-05,22150.0,PE,NIFTY24D0522150PE,1.3,1.35,0.95,1.25,1.1,1.45,24276.05,1.25,180000,96200,49810,27583748408.75,11090,F1,25,,,,,
2024-12-02,2024-12-02,FO,NSE,IDO,47264,,NIFTY,,2024-12-19,2024-12-19,22150.0,PE,NIFTY24D1922150PE,0.0,0.0,0.0,40.9,0.0,40.9,24276.05,0.15,0,0,0,0.0,0,F1,25,,,,,
2024-12-02,2024-12-02,FO,NSE,IDO,41497,,NIFTY,,2024-12-26,2024-12-26,22150.0,PE,NIFTY24DEC22150PE,16.25,19.1,13.95,14.55,14.9,16.25,24276.05,14.55,17050,1575,545,302003851.25,204,F1,25,,,,,
2024-12-02,2024-12-02,FO,NSE,IDO,52901,,NIFTY,,2024-12-05,2024-12-05,22150.0,CE,NIFTY24D0522150CE,0.0,0.0,0.0,2448.15,0.0,2448.15,24276.05,2138.35,0,0,0,0.0,0,F1,25,,,,,
2024-12-02,2024-12-02,FO,NSE,IDO,45908,,NIFTY,,2024-12-12,2024-12-12,22150.0,CE,NIFTY24D1222150CE,0.0,0.0,0.0,2216.15,0.0,2216.15,24276.05,2167.0,0,0,0,0.0,0,F1,25,,,,,
2024-12-02,2024-12-02,FO,NSE,IDO,55605,,NIFTY,,2025-02-27,2025-02-27,22150.0,CE,NIFTY25FEB22150CE,0.0,0.0,0.0,2279.25,0.0,2279.25,24276.05,2515.15,0,0,0,0.0,0,F1,75,,,,,
2024-12-02,2024-12-02,FO,NSE,IDO,43221,,NIFTY,,2025-01-30,2025-01-30,22150.0,CE,NIFTY25JAN22150CE,0.0,0.0,0.0,2533.8,0.0,2533.8,24276.05,2382.3,0,0,0,0.0,0,F1,25,,,,,
2024-12-02,2024-12-02,FO,NSE,IDO,45909,,NIFTY,,2024-12-12,2024-12-12,22150.0,PE,NIFTY24D1222150PE,0.0,0.0,0.0,12.75,0.0,12.75,24276.05,0.05,0,0,0,0.0,0,F1,25,,,,,
2024-12-02,2024-12-02,FO,NSE,IDO,43224,,NIFTY,,2025-01-30,2025-01-30,22150.0,PE,NIFTY25JAN22150PE,45.3,49.1,45.25,48.5,48.3,52.75,24276.05,48.5,16800,1775,80,44396287.5,14,F1,25,,,,,
2024-12-02,2024-12-02,FO,NSE,IDO,47257,,NIFTY,,2024-12-19,2024-12-19,22150.0,CE,NIFTY24D1922150CE,0.0,0.0,0.0,1564.7,0.0,1564.7,24276.05,2195.7,0,0,0,0.0,0,F1,25,,,,,
2024-12-02,2024-12-02,FO,NSE,IDO,52396,,NIFTY,,2025-01-02,2025-01-02,22150.0,PE,NIFTY2510222150PE,0.0,0.0,0.0,82.35,0.0,82.35,24276.05,2.3,0,0,0,0.0,0,F1,75,,,,,
2024-12-02,2024-12-02,FO,NSE,IDO,52395,,NIFTY,,2025-01-02,2025-01-02,22150.0,CE,NIFTY2510222150CE,0.0,0.0,0.0,1467.55,0.0,1467.55,24276.05,2255.0,0,0,0,0.0,0,F1,75,,,,,
2024-12-02,2024-12-02,FO,NSE,IDO,41496,,NIFTY,,2024-12-26,2024-12-26,22150.0,CE,NIFTY24DEC22150CE,0.0,0.0,0.0,1544.95,1544.95,1544.95,24276.05,2224.95,100,0,0,0.0,0,F1,25,,,,,
2024-12-02,2024-12-02,FO,NSE,IDO,52644,,NIFTY,,2025-01-02,2025-01-02,25750.0,PE,NIFTY2510225750PE,0.0,0.0,0.0,2213.45,0.0,2213.45,24276.05,1369.7,0,0,0,0.0,0,F1,75,,,,,
2024-12-02,2024-12-02,FO,NSE,IDO,52932,,NIFTY,,2024-12-05,2024-12-05,22650.0,PE,NIFTY24D0522650PE,2.35,2.35,1.25,1.8,1.65,2.35,24276.05,1.8,257175,-23775,186556,105645577976.25,33282,F1,25,,,,,
2024-12-02,2024-12-02,FO,NSE,IDO,55626,,NIFTY,,2025-02-27,2025-02-27,22650.0,PE,NIFTY25FEB22650PE,0.0,0.0,0.0,196.65,0.0,196.65,24276.05,75.55,0,0,0,0.0,0,F1,75,,,,,
2024-12-02,2024-12-02,FO,NSE,IDO,41584,,NIFTY,,2024-12-26,2024-12-26,22650.0,PE,NIFTY24DEC22650PE,38.2,39.0,25.9,27.8,28.05,31.75,24276.05,27.8,55475,-3600,1044,591949761.25,248,F1,25,,,,,
2024-12-02,2024-12-02,FO,NSE,IDO,41583,,NIFTY,,2024-12-26,2024-12-26,22650.0,CE,NIFTY24DEC22650CE,0.0,0.0,0.0,1718.0,1718.0,1718.0,24276.05,1731.85,1000,0,0,0.0,0,F1,25,,,,,
2024-12-02,2024-12-02,FO,NSE,IDO,64206,,NIFTY,,2024-12-26,2024-12-26,27950.0,CE,NIFTY24DEC27950CE,3.6,3.6,2.6,3.1,3.1,3.6,24276.05,0.05,12450,950,56,39134405.0,10,F1,25,,,,,
2024-12-02,2024-12-02,FO,NSE,IDO,64188,,NIFTY,,2024-12-26,2024-12-26,27500.0,CE,NIFTY24DEC27500CE,3.7,3.7,3.2,3.35,3.5,3.7,24276.05,3.35,173075,-10475,3071,2111581473.75,916,F1,25,,,,,
2024-12-02,2024-12-02,FO,NSE,IDO,50774,,NIFTY,,2025-01-02,2025-01-02,21600.0,PE,NIFTY2510221600PE,0.0,0.0,0.0,16.0,16.0,16.0,24276.05,0.3,75,0,0,0.0,0,F1,75,,,,,
2024-12-02,2024-12-02,FO,NSE,IDO,43245,,NIFTY,,2025-01-30,2025-01-30,22550.0,CE,NIFTY25JAN22550CE,0.0,0.0,0.0,2188.5,0.0,2188.5,24276.05,2005.95,0,0,0,0.0,0,F1,25,,,,,
2024-12-02,2024-12-02,FO,NSE,IDO,52937,,NIFTY,,2024-12-05,2024-12-05,22800.0,CE,NIFTY24D0522800CE,1375.0,1522.15,1375.0,1522.15,1522.15,1375.0,24276.05,1488.7,5100,-25,3,1820482.5,2,F1,25,,,,,
2024-12-02,2024-12-02,FO,NSE,IDO,46015,,NIFTY,,2024-12-12,2024-12-12,22800.0,PE,NIFTY24D1222800PE,10.3,13.6,7.45,8.65,8.65,9.75,24276.05,8.65,289425,129850,29391,16759646278.75,9842,F1,25,,,,,
2024-12-02,2024-12-02,FO,NSE,IDO,52443,,NIFTY,,2025-01-02,2025-01-02,22800.0,CE,NIFTY2510222800CE,0.0,0.0,0.0,956.45,0.0,956.45,24276.05,1623.3,0,0,0,0.0,0,F1,75,,,,,
2024-12-02,2024-12-02,FO,NSE,IDO,45892,,NIFTY,,2024-12-12,2024-12-12,21900.0,PE,NIFTY24D1221900PE,3.3,3.4,2.3,2.85,3.4,2.95,24276.05,2.85,76150,75650,8285,4536637218.75,2040,F1,25,,,,,
2024-12-02,2024-12-02,FO,NSE,IDO,43209,,NIFTY,,2025-01-30,2025-01-30,21900.0,CE,NIFTY25JAN21900CE,0.0,0.0,0.0,2757.7,0.0,2757.7,24276.05,2622.9,0,0,0,0.0,0,F1,25,,,,,
2024-12-02,2024-12-02,FO,NSE,IDO,43383,,NIFTY,,2024-12-26,2024-12-26,14000.0,CE,NIFTY24DEC14000CE,0.0,0.0,0.0,9805.1,9805.1,9805.1,24276.05,10338.05,125,0,0,0.0,0,F1,25,,,,,
2024-12-02,2024-12-02,FO,NSE,IDO,55630,,NIFTY,,2025-02-27,2025-02-27,22750.0,PE,NIFTY25FEB22750PE,0.0,0.0,0.0,217.05,0.0,217.05,24276.05,86.75,0,0,0,0.0,0,F1,75,,,,,
2024-12-02,2024-12-02,FO,NSE,IDO,46085,,NIFTY,,2024-12-12,2024-12-12,23950.0,CE,NIFTY24D1223950CE,339.05,537.6,319.6,504.25,507.35,409.45,24276.05,504.25,15050,-7350,2082,1267527941.25,1060,F1,25,,,,,
2024-12-02,2024-12-02,FO,NSE,IDO,47378,,NIFTY,,2024-12-19,2024-12-19,23950.0,CE,NIFTY24D1923950CE,435.3,602.75,405.2,571.0,576.55,479.0,24276.05,571.0,3900,3400,261,159660640.0,85,F1,25,,,,,
2024-12-02,2024-12-02,FO,NSE,IDO,46088,,NIFTY,,2024-12-12,2024-12-12,23950.0,PE,NIFTY24D1223950PE,144.95,180.5,97.0,105.85,105.65,132.2,24276.05,105.85,174725,14600,15698,9450315738.75,5803,F1,25,,,,,
2024-12-02,2024-12-02,FO,NSE,IDO,46341,,NIFTY,,2025-01-30,2025-01-30,23950.0,CE,NIFTY25JAN23950CE,806.55,945.3,806.55,932.8,915.75,717.4,24276.05,932.8,3375,-125,14,8677397.5,11,F1,25,,,,,
2024-12-02,2024-12-02,FO,NSE,IDO,57657,,NIFTY,,2025-02-27,2025-02-27,25350.0,CE,NIFTY25FEB25350CE,0.0,0.0,0.0,403.45,0.0,403.45,24276.05,378.1,0,0,0,0.0,0,F1,75,,,,,
2024-12-02,2024-12-02,FO,NSE,IDO,51394,,NIFTY,,2024-12-26,2024-12-26,25350.0,PE,NIFTY24DEC25350PE,940.0,968.85,940.0,954.45,968.85,1275.0,24276.05,954.45,3850,0,2,1315221.25,2,F1,25,,,,,
2024-12-02,2024-12-02,FO,NSE,IDO,47422,,NIFTY,,2024-12-19,2024-12-19,24750.0,PE,NIFTY24D1924750PE,0.0,0.0,0.0,1172.45,0.0,1172.45,24276.05,530.15,0,0,0,0.0,0,F1,25,,,,,
2024-12-02,2024-12-02,FO,NSE,IDO,46130,,NIFTY,,2024-12-12,2024-12-12,24750.0,PE,NIFTY24D1224750PE,570.0,614.05,467.0,472.05,472.05,570.0,24276.05,472.05,11825,8925,500,316462728.75,191,F1,25,,,,,
2024-12-02,2024-12-02,FO,NSE,IDO,52592,,NIFTY,,2025-01-02,2025-01-02,24750.0,CE,NIFTY2510224750CE,251.0,251.0,251.0,251.0,251.0,188.4,24276.05,251.0,300,0,4,7500300.0,3,F1,75,,,,,
2024-12-02,2024-12-02,FO,NSE,IDO,53041,,NIFTY,,2024-12-05,2024-12-05,24750.0,CE,NIFTY24D0524750CE,8.9,21.35,4.45,14.75,14.8,9.35,24276.05,14.75,3012125,1291450,3069209,1899954304220.0,358654,F1,25,,,,,
2024-12-02,2024-12-02,FO,NSE,IDO,53039,,NIFTY,,2024-12-05,2024-12-05,24700.0,CE,NIFTY24D0524700CE,13.0,29.2,5.65,20.65,21.25,12.5,24276.05,20.65,5674825,1396525,4867997,3007972364901.25,669014,F1,25,,,,,
2024-12-02,2024-12-02,FO,NSE,IDO,52605,,NIFTY,,2025-01-02,2025-01-02,25050.0,CE,NIFTY2510225050CE,90.0,126.0,90.0,126.0,126.0,94.5,24276.05,155.85,375,225,8,15099150.0,7,F1,75,,,,,
2024-12-02,2024-12-02,FO,NSE,IDO,43506,,NIFTY,,2024-12-26,2024-12-26,25050.0,CE,NIFTY24DEC25050CE,69.85,104.4,51.2,92.9,93.2,69.85,24276.05,92.9,113300,20050,7627,4792185057.5,3390,F1,25,,,,,
2024-12-02,2024-12-02,FO,NSE,IDO,47434,,NIFTY,,2024-12-19,2024-12-19,25050.0,CE,NIFTY24D1925050CE,39.9,61.65,27.15,53.75,55.0,39.95,24276.05,53.75,4000,1450,681,427324255.0,133,F1,25,,,,,
2024-12-02,2024-12-02,FO,NSE,IDO,52606,,NIFTY,,2025-01-02,2025-01-02,25050.0,PE,NIFTY2510225050PE,0.0,0.0,0.0,1575.8,0.0,1575.8,24276.05,786.6,0,0,0,0.0,0,F1,75,,,,,
2024-12-02,2024-12-02,FO,NSE,IDO,46365,,NIFTY,,2025-01-30,2025-01-30,24350.0,PE,NIFTY25JAN24350PE,455.0,475.5,398.0,404.65,404.85,445.4,24276.05,404.65,22500,600,179,110802205.0,56,F1,25,,,,,
2024-12-02,2024-12-02,FO,NSE,IDO,47400,,NIFTY,,2024-12-19,2024-12-19,24350.0,CE,NIFTY24D1924350CE,248.0,339.55,195.25,312.0,318.75,247.0,24276.05,312.0,7400,2300,401,246900051.25,143,F1,25,,,,,
2024-12-02,2024-12-02,FO,NSE,IDO,57616,,NIFTY,,2025-02-27,2025-02-27,24350.0,PE,NIFTY25FEB24350PE,0.0,0.0,0.0,781.65,0.0,781.65,24276.05,501.1,0,0,0,0.0,0,F1,75,,,,,
2024-12-02,2024-12-02,FO,NSE,IDO,57615,,NIFTY,,2025-02-27,2025-02-27,24350.0,CE,NIFTY25FEB24350CE,0.0,0.0,0.0,784.95,0.0,784.95,24276.05,815.8,0,0,0,0.0,0,F1,75,,,,,
2024-12-02,2024-12-02,FO,NSE,IDO,46111,,NIFTY,,2024-12-12,2024-12-12,24350.0,CE,NIFTY24D1224350CE,171.2,262.7,119.6,236.25,239.5,170.25,24276.05,236.25,100300,47450,22954,14089018650.0,7782,F1,25,,,,,
2024-12-02,2024-12-02,FO,NSE,IDO,47320,,NIFTY,,2024-12-19,2024-12-19,23100.0,PE,NIFTY24D1923100PE,50.45,50.45,29.95,33.85,35.1,40.0,24276.05,33.85,11625,-2725,715,413569235.0,203,F1,25,,,,,
2024-12-02,2024-12-02,FO,NSE,IDO,43275,,NIFTY,,2025-01-30,2025-01-30,23100.0,CE,NIFTY25JAN23100CE,0.0,0.0,0.0,1342.0,1342.0,1342.0,24276.05,1517.05,150,0,0,0.0,0,F1,25,,,,,
2024-12-02,2024-12-02,FO,NSE,IDO,46038,,NIFTY,,2024-12-12,2024-12-12,23100.0,PE,NIFTY24D1223100PE,18.9,26.8,15.2,16.35,16.4,19.45,24276.05,16.35,499125,343075,60030,34695492837.5,22344,F1,25,,,,,
2024-12-02,2024-12-02,FO,NSE,IDO,64185,,NIFTY,,2024-12-26,2024-12-26,27400.0,PE,NIFTY24DEC27400PE,0.0,0.0,0.0,3001.05,3001.05,3001.05,24276.05,3002.7,575,0,0,0.0,0,F1,25,,,,,
2024-12-02,2024-12-02,FO,NSE,IDO,47430,,NIFTY,,2024-12-19,2024-12-19,24950.0,CE,NIFTY24D1924950CE,64.4,84.0,45.75,73.15,74.9,64.4,24276.05,73.15,4875,3275,496,310193506.25,221,F1,25,,,,,
2024-12-02,2024-12-02,FO,NSE,IDO,64685,,NIFTY,,2025-09-25,2025-09-25,20000.0,PE,NIFTY25SEP20000PE,0.0,0.0,0.0,22.8,0.0,22.8,24276.05,22.35,0,0,0,0.0,0,F1,25,,,,,
2024-12-02,2024-12-02,FO,NSE,IDO,67774,,NIFTY,,2028-12-28,2028-12-28,20000.0,CE,NIFTY28DEC20000CE,0.0,0.0,0.0,8115.5,0.0,8115.5,24276.05,9184.3,0,0,0,0.0,0,F1,25,,,,,
2024-12-02,2024-12-02,FO,NSE,IDO,38380,,NIFTY,,2026-06-25,2026-06-25,20000.0,PE,NIFTY26JUN20000PE,0.0,0.0,0.0,3159.75,0.0,3159.75,24276.05,59.45,0,0,0,0.0,0,F1,25,,,,,
2024-12-02,2024-12-02,FO,NSE,IDO,52397,,NIFTY,,2025-01-02,2025-01-02,22200.0,CE,NIFTY2510222200CE,0.0,0.0,0.0,1425.05,0.0,1425.05,24276.05,2205.7,0,0,0,0.0,0,F1,75,,,,,
2024-12-02,2024-12-02,FO,NSE,IDO,43257,,NIFTY,,2025-01-30,2025-01-30,22750.0,CE,NIFTY25JAN22750CE,0.0,0.0,0.0,1254.6,1255.8,1254.6,24276.05,1823.45,100,0,0,0.0,0,F1,25,,,,,
2024-12-02,2024-12-02,FO,NSE,IDO,86148,,NIFTY,,2028-06-29,2028-06-29,22000.0,PE,NIFTY28JUN22000PE,0.0,0.0,0.0,520.05,520.05,520.05,24276.05,238.2,100,0,0,0.0,0,F1,25,,,,,
2024-12-02,2024-12-02,FO,NSE,IDO,86147,,NIFTY,,2028-06-29,2028-06-29,22000.0,CE,NIFTY28JUN22000CE,0.0,0.0,0.0,4759.5,0.0,4759.5,24276.05,7231.55,0,0,0,0.0,0,F1,25,,,,,
2024-12-02,2024-12-02,FO,NSE,IDO,45896,,NIFTY,,2024-12-12,2024-12-12,22000.0,CE,NIFTY24D1222000CE,0.0,0.0,0.0,2361.25,0.0,2361.25,24276.05,2316.7,0,0,0,0.0,0,F1,25,,,,,
2024-12-02,2024-12-02,FO,NSE,IDO,89631,,NIFTY,,2029-06-28,2029-06-28,24000.0,PE,NIFTY29JUN24000PE,0.0,0.0,0.0,694.05,694.05,694.05,24276.05,424.85,25,0,0,0.0,0,F1,25,,,,,
2024-12-02,2024-12-02,FO,NSE,IDO,52887,,NIFTY,,2024-12-05,2024-12-05,22000.0,CE,NIFTY24D0522000CE,2200.0,2311.05,2200.0,2311.05,2311.05,2184.8,24276.05,2311.05,17825,-25,46,27884407.5,16,F1,25,,,,,
2024-12-02,2024-12-02,FO,NSE,IDO,67771,,NIFTY,,2028-12-28,2028-12-28,18000.0,PE,NIFTY28DEC18000PE,0.0,0.0,0.0,104.65,0.0,104.65,24276.05,35.55,0,0,0,0.0,0,F1,25,,,,,
2024-12-02,2024-12-02,FO,NSE,IDO,52519,,NIFTY,,2025-01-02,2025-01-02,23700.0,PE,NIFTY2510223700PE,207.0,207.0,145.05,155.55,164.3,235.6,24276.05,155.55,3000,1725,26,46517737.5,16,F1,75,,,,,
2024-12-02,2024-12-02,FO,NSE,IDO,46075,,NIFTY,,2024-12-12,2024-12-12,23700.0,CE,NIFTY24D1223700CE,561.65,739.35,500.0,714.5,709.25,605.45,24276.05,714.5,21500,3525,1445,878664190.0,651,F1,25,,,,,
2024-12-02,2024-12-02,FO,NSE,IDO,57589,,NIFTY,,2025-02-27,2025-02-27,23700.0,CE,NIFTY25FEB23700CE,0.0,0.0,0.0,1212.0,1212.0,1212.0,24276.05,1225.2,1500,0,0,0.0,0,F1,75,,,,,
2024-12-02,2024-12-02,FO,NSE,IDO,46076,,NIFTY,,2024-12-12,2024-12-12,23700.0,PE,NIFTY24D1223700PE,85.0,106.25,56.6,61.2,61.55,75.5,24276.05,61.2,425975,209750,66864,39739716741.25,22135,F1,25,,,,,
2024-12-02,2024-12-02,FO,NSE,IDO,64191,,NIFTY,,2024-12-26,2024-12-26,27550.0,PE,NIFTY24DEC27550PE,0.0,0.0,0.0,1347.15,0.0,1347.15,24276.05,3152.0,0,0,0,0.0,0,F1,25,,,,,
2024-12-02,2024-12-02,FO,NSE,IDO,64190,,NIFTY,,2024-12-26,2024-12-26,27550.0,CE,NIFTY24DEC27550CE,0.0,0.0,0.0,6.5,6.5,6.5,24276.05,0.05,1825,0,0,0.0,0,F1,25,,,,,
2024-12-02,2024-12-02,FO,NSE,IDO,41686,,NIFTY,,2024-12-26,2024-12-26,23750.0,PE,NIFTY24DEC23750PE,177.4,190.05,122.8,129.9,130.55,153.6,24276.05,129.9,78650,9125,4981,2975841417.5,1757,F1,25,,,,,
2024-12-02,2024-12-02,FO,NSE,IDO,52522,,NIFTY,,2025-01-02,2025-01-02,23750.0,PE,NIFTY2510223750PE,0.0,0.0,0.0,618.8,0.0,618.8,24276.05,139.7,0,0,0,0.0,0,F1,75,,,,,
2024-12-02,2024-12-02,FO,NSE,IDO,64204,,NIFTY,,2024-12-26,2024-12-26,27900.0,CE,NIFTY24DEC27900CE,3.85,3.95,2.55,3.35,3.45,4.0,24276.05,3.35,7500,450,103,71851196.25,19,F1,25,,,,,
2024-12-02,2024-12-02,FO,NSE,IDO,47268,,NIFTY,,2024-12-19,2024-12-19,22250.0,PE,NIFTY24D1922250PE,0.0,0.0,0.0,50.2,0.0,50.2,24276.05,0.25,0,0,0,0.0,0,F1,25,,,,,
2024-12-02,2024-12-02,FO,NSE,IDO,52912,,NIFTY,,2024-12-05,2024-12-05,22250.0,PE,NIFTY24D0522250PE,1.5,1.5,1.0,1.35,1.3,1.5,24276.05,1.35,463575,132700,56959,31685227930.0,10763,F1,25,,,,,
2024-12-02,2024-12-02,FO,NSE,IDO,55609,,NIFTY,,2025-02-27,2025-02-27,22250.0,CE,NIFTY25FEB22250CE,0.0,0.0,0.0,2194.7,0.0,2194.7,24276.05,2422.9,0,0,0,0.0,0,F1,75,,,,,
2024-12-02,2024-12-02,FO,NSE,IDO,41520,,NIFTY,,2024-12-26,2024-12-26,22250.0,CE,NIFTY24DEC22250CE,0.0,0.0,0.0,2057.35,2057.35,2057.35,24276.05,2125.8,125,0,0,0.0,0,F1,25,,,,,
2024-12-02,2024-12-02,FO,NSE,IDO,57665,,NIFTY,,2025-02-27,2025-02-27,25550.0,CE,NIFTY25FEB25550CE,0.0,0.0,0.0,348.1,0.0,348.1,24276.05,317.15,0,0,0,0.0,0,F1,75,,,,,
2024-12-02,2024-12-02,FO,NSE,IDO,54687,,NIFTY,,2024-12-26,2024-12-26,25550.0,CE,NIFTY24DEC25550CE,20.0,27.7,12.9,23.5,24.35,18.4,24276.05,23.5,49650,5925,2509,1603934212.5,564,F1,25,,,,,
2024-12-02,2024-12-02,FO,NSE,IDO,62397,,NIFTY,,2024-12-26,2024-12-26,26300.0,CE,NIFTY24DEC26300CE,5.1,7.0,4.45,6.15,7.0,5.9,24276.05,6.15,109125,32350,7696,5061183452.5,2044,F1,25,,,,,
2024-12-02,2024-12-02,FO,NSE,IDO,46126,,NIFTY,,2024-12-12,2024-12-12,24700.0,PE,NIFTY24D1224700PE,584.95,639.0,413.7,433.9,434.95,523.7,24276.05,433.9,15325,2600,523,329726238.75,274,F1,25,,,,,
2024-12-02,2024-12-02,FO,NSE,IDO,47419,,NIFTY,,2024-12-19,2024-12-19,24700.0,CE,NIFTY24D1924700CE,93.95,163.0,81.0,143.15,149.15,110.35,24276.05,143.15,27200,11825,3900,2420868270.0,1407,F1,25,,,,,
2024-12-02,2024-12-02,FO,NSE,IDO,57619,,NIFTY,,2025-02-27,2025-02-27,24450.0,CE,NIFTY25FEB24450CE,0.0,0.0,0.0,738.35,0.0,738.35,24276.05,761.5,0,0,0,0.0,0,F1,75,,,,,
2024-12-02,2024-12-02,FO,NSE,IDO,57620,,NIFTY,,2025-02-27,2025-02-27,24450.0,PE,NIFTY25FEB24450PE,0.0,0.0,0.0,833.25,0.0,833.25,24276.05,545.2,0,0,0,0.0,0,F1,75,,,,,
2024-12-02,2024-12-02,FO,NSE,IDO,52574,,NIFTY,,2025-01-02,2025-01-02,24450.0,PE,NIFTY2510224450PE,0.0,0.0,0.0,1086.55,0.0,1086.55,24276.05,405.95,0,0,0,0.0,0,F1,75,,,,,
2024-12-02,2024-12-02,FO,NSE,IDO,46370,,NIFTY,,2025-01-30,2025-01-30,24450.0,PE,NIFTY25JAN24450PE,507.0,512.4,468.3,484.95,484.95,485.55,24276.05,490.3,8175,1650,87,54237647.5,81,F1,25,,,,,
2024-12-02,2024-12-02,FO,NSE,IDO,47410,,NIFTY,,2024-12-19,2024-12-19,24450.0,PE,NIFTY24D1924450PE,441.85,441.85,314.0,328.5,328.25,377.15,24276.05,328.5,1150,125,30,18587312.5,9,F1,25,,,,,
2024-12-02,2024-12-02,FO,NSE,IDO,47409,,NIFTY,,2024-12-19,2024-12-19,24450.0,CE,NIFTY24D1924450CE,200.55,276.55,159.35,260.5,258.1,197.85,24276.05,260.5,4275,2200,307,189485337.5,115,F1,25,,,,,
2024-12-02,2024-12-02,FO,NSE,IDO,46116,,NIFTY,,2024-12-12,2024-12-12,24450.0,PE,NIFTY24D1224450PE,415.95,443.8,260.0,283.0,286.55,344.45,24276.05,283.0,35300,12925,2833,1754347080.0,1393,F1,25,,,,,
2024-12-02,2024-12-02,FO,NSE,IDO,46589,,NIFTY,,2025-01-30,2025-01-30,26100.0,PE,NIFTY25JAN26100PE,0.0,0.0,0.0,1707.8,0.0,1707.8,24276.05,1633.45,0,0,0,0.0,0,F1,25,,,,,
2024-12-02,2024-12-02,FO,NSE,IDO,61333,,NIFTY,,2024-12-26,2024-12-26,26100.0,CE,NIFTY24DEC26100CE,7.0,8.7,5.85,7.9,8.15,6.95,24276.05,7.9,125725,-19575,11541,7532579191.25,3105,F1,25,,,,,
2024-12-02,2024-12-02,FO,NSE,IDO,64157,,NIFTY,,2024-12-26,2024-12-26,27150.0,CE,NIFTY24DEC27150CE,5.5,5.5,3.9,4.05,4.0,6.1,24276.05,4.05,2050,-425,539,365901378.75,135,F1,25,,,,,
2024-12-02,2024-12-02,FO,NSE,IDO,64198,,NIFTY,,2024-12-26,2024-12-26,27750.0,CE,NIFTY24DEC27750CE,4.35,4.35,4.35,4.35,4.35,3.8,24276.05,0.05,4675,50,2,1387717.5,1,F1,25,,,,,
2024-12-02,2024-12-02,FO,NSE,IDO,53015,,NIFTY,,2024-12-05,2024-12-05,24300.0,CE,NIFTY24D0524300CE,101.8,184.8,50.1,157.6,159.0,101.8,24276.05,157.6,6107450,1000425,7211374,4402328442738.75,2012551,F1,25,,,,,
2024-12-02,2024-12-02,FO,NSE,IDO,46106,,NIFTY,,2024-12-12,2024-12-12,24300.0,PE,NIFTY24D1224300PE,297.0,347.2,195.6,211.7,214.9,264.6,24276.05,211.7,427750,275075,65310,40064825635.0,22051,F1,25,,,,,
2024-12-02,2024-12-02,FO,NSE,IDO,52622,,NIFTY,,2025-01-02,2025-01-02,25400.0,CE,NIFTY2510225400CE,0.0,0.0,0.0,50.5,0.0,50.5,24276.05,85.0,0,0,0,0.0,0,F1,75,,,,,
2024-12-02,2024-12-02,FO,NSE,IDO,47457,,NIFTY,,2024-12-19,2024-12-19,25400.0,PE,NIFTY24D1925400PE,0.0,0.0,0.0,1743.55,0.0,1743.55,24276.05,1070.15,0,0,0,0.0,0,F1,25,,,,,
2024-12-02,2024-12-02,FO,NSE,IDO,47399,,NIFTY,,2024-12-19,2024-12-19,24300.0,PE,NIFTY24D1924300PE,358.95,386.9,240.6,256.75,258.0,309.45,24276.05,256.75,22450,15775,2273,1396754445.0,708,F1,25,,,,,
2024-12-02,2024-12-02,FO,NSE,IDO,43489,,NIFTY,,2024-12-26,2024-12-26,24900.0,CE,NIFTY24DEC24900CE,84.95,148.0,75.75,131.1,133.0,100.7,24276.05,131.1,488200,47800,40474,25304405651.25,15386,F1,25,,,,,
2024-12-02,2024-12-02,FO,NSE,IDO,47429,,NIFTY,,2024-12-19,2024-12-19,24900.0,PE,NIFTY24D1924900PE,0.0,0.0,0.0,901.0,901.0,901.0,24276.05,641.6,200,0,0,0.0,0,F1,25,,,,,
2024-12-02,2024-12-02,FO,NSE,IDO,57637,,NIFTY,,2025-02-27,2025-02-27,24900.0,CE,NIFTY25FEB24900CE,0.0,0.0,0.0,552.5,0.0,552.5,24276.05,546.5,0,0,0,0.0,0,F1,75,,,,,
2024-12-02,2024-12-02,FO,NSE,IDO,46135,,NIFTY,,2024-12-12,2024-12-12,24900.0,CE,NIFTY24D1224900CE,21.05,48.35,17.2,40.25,42.4,26.65,24276.05,40.25,408725,186700,81678,50908552975.0,25368,F1,25,,,,,
2024-12-02,2024-12-02,FO,NSE,IDO,57602,,NIFTY,,2025-02-27,2025-02-27,24000.0,PE,NIFTY25FEB24000PE,427.15,448.0,362.95,373.1,375.9,396.55,24276.05,373.1,45900,23475,717,1311652575.0,621,F1,75,,,,,
2024-12-02,2024-12-02,FO,NSE,IDO,46089,,NIFTY,,2024-12-12,2024-12-12,24000.0,CE,NIFTY24D1224000CE,377.0,502.2,287.4,467.9,467.0,373.4,24276.05,467.9,270850,-14375,51002,31090987397.5,19125,F1,25,,,,,
2024-12-02,2024-12-02,FO,NSE,IDO,43215,,NIFTY,,2025-01-30,2025-01-30,22000.0,CE,NIFTY25JAN22000CE,2341.0,2614.0,2320.0,2587.55,2597.35,2475.25,24276.05,2587.55,30450,-100,279,170399945.0,69,F1,25,,,,,
2024-12-02,2024-12-02,FO,NSE,IDO,71556,,NIFTY,,2027-06-24,2027-06-24,22000.0,CE,NIFTY27JUN22000CE,0.0,0.0,0.0,2783.5,0.0,2783.5,24276.05,6010.05,0,0,0,0.0,0,F1,25,,,,,
2024-12-02,2024-12-02,FO,NSE,IDO,46343,,NIFTY,,2025-01-30,2025-01-30,24000.0,CE,NIFTY25JAN24000CE,751.8,912.95,703.75,877.25,881.05,787.3,24276.05,877.25,413825,-34350,11132,6909281662.5,4238,F1,25,,,,,
2024-12-02,2024-12-02,FO,NSE,IDO,58615,,NIFTY,,2024-12-26,2024-12-26,22000.0,PE,NIFTY24DEC22000PE,15.0,16.9,12.15,12.7,13.2,14.45,24276.05,12.7,3714700,-94825,73339,40361915158.75,14658,F1,25,,,,,
2024-12-02,2024-12-02,FO,NSE,IDO,58627,,NIFTY,,2026-06-25,2026-06-25,22000.0,PE,NIFTY26JUN22000PE,0.0,0.0,0.0,3829.5,0.0,3829.5,24276.05,217.35,0,0,0,0.0,0,F1,25,,,,,
2024-12-02,2024-12-02,FO,NSE,IDO,58626,,NIFTY,,2026-06-25,2026-06-25,22000.0,CE,NIFTY26JUN22000CE,0.0,0.0,0.0,2722.55,0.0,2722.55,24276.05,4694.4,0,0,0,0.0,0,F1,25,,,,,
2024-12-02,2024-12-02,FO,NSE,IDO,86140,,NIFTY,,2028-06-29,2028-06-29,18000.0,PE,NIFTY28JUN18000PE,0.0,0.0,0.0,396.75,0.0,396.75,24276.05,33.0,0,0,0,0.0,0,F1,25,,,,,
2024-12-02,2024-12-02,FO,NSE,IDO,64681,,NIFTY,,2025-09-25,2025-09-25,18000.0,PE,NIFTY25SEP18000PE,0.0,0.0,0.0,3.05,0.0,3.05,24276.05,1.6,0,0,0,0.0,0,F1,25,,,,,
2024-12-02,2024-12-02,FO,NSE,IDO,64142,,NIFTY,,2024-12-26,2024-12-26,26800.0,CE,NIFTY24DEC26800CE,4.2,4.45,3.7,4.2,4.2,4.45,24276.05,4.2,21500,-2075,549,367887903.75,157,F1,25,,,,,
2024-12-02,2024-12-02,FO,NSE,IDO,64553,,NIFTY,,2025-03-27,2025-03-27,18000.0,PE,NIFTY25MAR18000PE,18.5,19.9,18.4,18.4,18.4,19.6,24276.05,18.4,9175,1825,124,55857942.5,28,F1,25,,,,,
2024-12-02,2024-12-02,FO,NSE,IDO,45895,,NIFTY,,2024-12-12,2024-12-12,21950.0,PE,NIFTY24D1221950PE,4.75,4.75,2.6,2.85,2.85,7.8,24276.05,2.85,6850,6850,564,309534426.25,237,F1,25,,,,,
2024-12-02,2024-12-02,FO,NSE,IDO,52403,,NIFTY,,2025-01-02,2025-01-02,22350.0,CE,NIFTY2510222350CE,0.0,0.0,0.0,1300.35,0.0,1300.35,24276.05,2058.3,0,0,0,0.0,0,F1,75,,,,,
2024-12-02,2024-12-02,FO,NSE,IDO,46591,,NIFTY,,2025-01-30,2025-01-30,26150.0,PE,NIFTY25JAN26150PE,0.0,0.0,0.0,1745.95,0.0,1745.95,24276.05,1676.8,0,0,0,0.0,0,F1,25,,,,,
2024-12-02,2024-12-02,FO,NSE,IDO,46450,,NIFTY,,2025-01-30,2025-01-30,25150.0,CE,NIFTY25JAN25150CE,215.4,265.15,191.55,248.5,245.85,205.15,24276.05,248.5,7175,-675,240,152271496.25,155,F1,25,,,,,
2024-12-02,2024-12-02,FO,NSE,IDO,46456,,NIFTY,,2025-01-30,2025-01-30,25150.0,PE,NIFTY25JAN25150PE,0.0,0.0,0.0,912.0,912.0,912.0,24276.05,895.0,75,0,0,0.0,0,F1,25,,,,,
2024-12-02,2024-12-02,FO,NSE,IDO,52612,,NIFTY,,2025-01-02,2025-01-02,25150.0,PE,NIFTY2510225150PE,0.0,0.0,0.0,1663.45,0.0,1663.45,24276.05,862.25,0,0,0,0.0,0,F1,75,,,,,
2024-12-02,2024-12-02,FO,NSE,IDO,47273,,NIFTY,,2024-12-19,2024-12-19,22400.0,CE,NIFTY24D1922400CE,0.0,0.0,0.0,1342.65,0.0,1342.65,24276.05,1946.85,0,0,0,0.0,0,F1,25,,,,,
2024-12-02,2024-12-02,FO,NSE,IDO,52919,,NIFTY,,2024-12-05,2024-12-05,22400.0,CE,NIFTY24D0522400CE,0.0,0.0,0.0,1788.3,1788.3,1788.3,24276.05,1888.45,1025,0,0,0.0,0,F1,25,,,,,
2024-12-02,2024-12-02,FO,NSE,IDO,57650,,NIFTY,,2025-02-27,2025-02-27,25150.0,PE,NIFTY25FEB25150PE,0.0,0.0,0.0,1247.6,0.0,1247.6,24276.05,919.95,0,0,0,0.0,0,F1,75,,,,,
2024-12-02,2024-12-02,FO,NSE,IDO,41535,,NIFTY,,2024-12-26,2024-12-26,22400.0,PE,NIFTY24DEC22400PE,30.0,30.0,14.05,19.9,20.3,22.65,24276.05,19.9,343050,7875,9883,5539864951.25,3157,F1,25,,,,,
2024-12-02,2024-12-02,FO,NSE,IDO,52481,,NIFTY,,2025-01-02,2025-01-02,23450.0,CE,NIFTY2510223450CE,0.0,0.0,0.0,558.1,0.0,558.1,24276.05,1038.65,0,0,0,0.0,0,F1,75,,,,,
2024-12-02,2024-12-02,FO,NSE,IDO,56737,,NIFTY,,2025-02-27,2025-02-27,23450.0,CE,NIFTY25FEB23450CE,0.0,0.0,0.0,1292.4,0.0,1292.4,24276.05,1407.1,0,0,0,0.0,0,F1,75,,,,,
2024-12-02,2024-12-02,FO,NSE,IDO,47348,,NIFTY,,2024-12-19,2024-12-19,23450.0,CE,NIFTY24D1923450CE,0.0,0.0,0.0,723.15,723.15,723.15,24276.05,933.85,25,0,0,0.0,0,F1,25,,,,,
2024-12-02,2024-12-02,FO,NSE,IDO,47352,,NIFTY,,2024-12-19,2024-12-19,23450.0,PE,NIFTY24D1923450PE,62.5,80.0,57.7,59.8,61.75,74.4,24276.05,59.8,1300,1075,80,47047820.0,36,F1,25,,,,,
2024-12-02,2024-12-02,FO,NSE,IDO,52495,,NIFTY,,2025-01-02,2025-01-02,23450.0,PE,NIFTY2510223450PE,0.0,0.0,0.0,115.3,115.3,115.3,24276.05,78.55,225,0,0,0.0,0,F1,75,,,,,
2024-12-02,2024-12-02,FO,NSE,IDO,46193,,NIFTY,,2024-12-12,2024-12-12,25750.0,CE,NIFTY24D1225750CE,2.1,2.65,1.8,2.2,2.15,2.6,24276.05,2.2,27325,14525,1897,1221295787.5,494,F1,25,,,,,
2024-12-02,2024-12-02,FO,NSE,IDO,43225,,NIFTY,,2025-01-30,2025-01-30,22200.0,CE,NIFTY25JAN22200CE,0.0,0.0,0.0,2436.0,2436.0,2436.0,24276.05,2334.6,75,0,0,0.0,0,F1,25,,,,,
2024-12-02,2024-12-02,FO,NSE,IDO,57599,,NIFTY,,2025-02-27,2025-02-27,23950.0,CE,NIFTY25FEB23950CE,0.0,0.0,0.0,991.0,0.0,991.0,24276.05,1056.4,0,0,0,0.0,0,F1,75,,,,,
2024-12-02,2024-12-02,FO,NSE,IDO,52530,,NIFTY,,2025-01-02,2025-01-02,23950.0,CE,NIFTY2510223950CE,564.55,743.1,549.2,725.2,721.6,605.1,24276.05,725.2,3375,975,56,103177305.0,44,F1,75,,,,,
2024-12-02,2024-12-02,FO,NSE,IDO,52987,,NIFTY,,2024-12-05,2024-12-05,23950.0,CE,NIFTY24D0523950CE,295.65,445.0,209.25,405.55,409.2,311.0,24276.05,405.55,383950,-77000,200633,121596000186.25,78213,F1,25,,,,,
2024-12-02,2024-12-02,FO,NSE,IDO,52621,,NIFTY,,2025-01-02,2025-01-02,25350.0,PE,NIFTY2510225350PE,0.0,0.0,0.0,1842.65,0.0,1842.65,24276.05,1022.15,0,0,0,0.0,0,F1,75,,,,,
2024-12-02,2024-12-02,FO,NSE,IDO,53084,,NIFTY,,2024-12-05,2024-12-05,25350.0,PE,NIFTY24D0525350PE,0.0,0.0,0.0,1148.15,1148.15,1148.15,24276.05,1059.9,75,0,0,0.0,0,F1,25,,,,,
2024-12-02,2024-12-02,FO,NSE,IDO,41910,,NIFTY,,2024-12-26,2024-12-26,24500.0,PE,NIFTY24DEC24500PE,430.65,519.0,347.25,369.2,371.7,430.65,24276.05,369.2,4078775,358775,99500,61968257515.0,28692,F1,25,,,,,
2024-12-02,2024-12-02,FO,NSE,IDO,53023,,NIFTY,,2024-12-05,2024-12-05,24500.0,CE,NIFTY24D0524500CE,40.0,85.4,17.15,66.65,67.2,39.85,24276.05,66.65,7681025,333225,7629243,4682245141223.75,1576692,F1,25,,,,,
2024-12-02,2024-12-02,FO,NSE,IDO,46118,,NIFTY,,2024-12-12,2024-12-12,24500.0,PE,NIFTY24D1224500PE,440.65,481.3,284.85,305.5,309.0,380.65,24276.05,305.5,315925,81075,22265,13839986008.75,6812,F1,25,,,,,
2024-12-02,2024-12-02,FO,NSE,IDO,57621,,NIFTY,,2025-02-27,2025-02-27,24500.0,CE,NIFTY25FEB24500CE,607.55,766.0,600.0,748.8,754.85,651.0,24276.05,748.8,8625,7650,206,389311578.75,128,F1,75,,,,,
2024-12-02,2024-12-02,FO,NSE,IDO,47412,,NIFTY,,2024-12-19,2024-12-19,24500.0,PE,NIFTY24D1924500PE,449.0,498.95,329.15,341.95,346.5,416.0,24276.05,341.95,15050,9200,1184,736498352.5,462,F1,25,,,,,
2024-12-02,2024-12-02,FO,NSE,IDO,57622,,NIFTY,,2025-02-27,2025-02-27,24500.0,PE,NIFTY25FEB24500PE,617.5,617.55,520.0,529.75,531.85,561.1,24276.05,529.75,4275,3000,72,135266313.75,57,F1,75,,,,,
2024-12-02,2024-12-02,FO,NSE,IDO,52900,,NIFTY,,2024-12-05,2024-12-05,22100.0,PE,NIFTY24D0522100PE,1.1,1.35,0.9,1.2,1.1,1.35,24276.05,1.2,1016975,268825,165934,91683012737.5,24363,F1,25,,,,,
2024-12-02,2024-12-02,FO,NSE,IDO,52367,,NIFTY,,2025-01-02,2025-01-02,21900.0,PE,NIFTY2510221900PE,0.0,0.0,0.0,53.4,0.0,53.4,24276.05,0.95,0,0,0,0.0,0,F1,75,,,,,
2024-12-02,2024-12-02,FO,NSE,IDO,43210,,NIFTY,,2025-01-30,2025-01-30,21900.0,PE,NIFTY25JAN21900PE,42.3,43.9,35.15,38.25,39.3,42.3,24276.05,38.25,34200,1600,276,151378248.75,93,F1,25,,,,,
2024-12-02,2024-12-02,FO,NSE,IDO,47248,,NIFTY,,2024-12-19,2024-12-19,21900.0,PE,NIFTY24D1921900PE,0.0,0.0,0.0,23.7,0.0,23.7,24276.05,0.05,0,0,0,0.0,0,F1,25,,,,,
2024-12-02,2024-12-02,FO,NSE,IDO,45878,,NIFTY,,2024-12-12,2024-12-12,21900.0,CE,NIFTY24D1221900CE,0.0,0.0,0.0,2458.6,0.0,2458.6,24276.05,2416.5,0,0,0,0.0,0,F1,25,,,,,
2024-12-02,2024-12-02,FO,NSE,IDO,64146,,NIFTY,,2024-12-26,2024-12-26,26900.0,CE,NIFTY24DEC26900CE,4.65,4.85,3.9,4.0,4.0,4.9,24276.05,4.0,105625,49750,4744,3190833428.75,926,F1,25,,,,,
2024-12-02,2024-12-02,FO,NSE,IDO,46058,,NIFTY,,2024-12-12,2024-12-12,23450.0,PE,NIFTY24D1223450PE,51.05,60.0,33.0,35.1,33.5,43.05,24276.05,35.1,70550,35550,11836,6951074226.25,4836,F1,25,,,,,
2024-12-02,2024-12-02,FO,NSE,IDO,45684,,NIFTY,,2025-01-30,2025-01-30,23450.0,CE,NIFTY25JAN23450CE,0.0,0.0,0.0,1327.25,1327.25,1327.25,24276.05,1232.0,800,0,0,0.0,0,F1,25,,,,,
2024-12-02,2024-12-02,FO,NSE,IDO,52964,,NIFTY,,2024-12-05,2024-12-05,23450.0,PE,NIFTY24D0523450PE,12.05,20.6,8.85,10.0,10.1,12.8,24276.05,10.0,1791850,1079500,1010537,592739753735.0,144860,F1,25,,,,,
2024-12-02,2024-12-02,FO,NSE,IDO,64147,,NIFTY,,2024-12-26,2024-12-26,26900.0,PE,NIFTY24DEC26900PE,0.0,0.0,0.0,2685.8,2685.8,2685.8,24276.05,2505.55,40025,0,0,0.0,0,F1,25,,,,,
2024-12-02,2024-12-02,FO,NSE,IDO,54848,,NIFTY,,2024-12-26,2024-12-26,25750.0,CE,NIFTY24DEC25750CE,9.55,16.45,8.15,13.95,14.7,10.85,24276.05,13.95,40500,750,1833,1180553297.5,507,F1,25,,,,,
2024-12-02,2024-12-02,FO,NSE,IDO,54852,,NIFTY,,2024-12-26,2024-12-26,25750.0,PE,NIFTY24DEC25750PE,0.0,0.0,0.0,1620.0,1600.0,1620.0,24276.05,1383.2,350,0,0,0.0,0,F1,25,,,,,
2024-12-02,2024-12-02,FO,NSE,IDO,52641,,NIFTY,,2025-01-02,2025-01-02,25750.0,CE,NIFTY2510225750CE,0.0,0.0,0.0,55.55,55.55,55.55,24276.05,42.95,75,0,0,0.0,0,F1,75,,,,,
2024-12-02,2024-12-02,FO,NSE,IDO,41514,,NIFTY,,2024-12-26,2024-12-26,22200.0,CE,NIFTY24DEC22200CE,0.0,0.0,0.0,1980.0,1980.0,1980.0,24276.05,2175.35,700,0,0,0.0,0,F1,25,,,,,
2024-12-02,2024-12-02,FO,NSE,IDO,55608,,NIFTY,,2025-02-27,2025-02-27,22200.0,PE,NIFTY25FEB22200PE,100.0,100.15,87.95,91.6,95.0,120.0,24276.05,91.6,975,825,20,33445537.5,12,F1,75,,,,,
2024-12-02,2024-12-02,FO,NSE,IDO,43216,,NIFTY,,2025-01-30,2025-01-30,22000.0,PE,NIFTY25JAN22000PE,52.7,54.8,42.1,43.65,44.2,47.9,24276.05,43.65,785375,222300,20685,11400555502.5,7207,F1,25,,,,,
2024-12-02,2024-12-02,FO,NSE,IDO,53624,,NIFTY,,2027-12-30,2027-12-30,24000.0,CE,NIFTY27DEC24000CE,0.0,0.0,0.0,3778.95,0.0,3778.95,24276.05,5294.4,0,0,0,0.0,0,F1,25,,,,,
2024-12-02,2024-12-02,FO,NSE,IDO,86151,,NIFTY,,2028-06-29,2028-06-29,24000.0,CE,NIFTY28JUN24000CE,0.0,0.0,0.0,3918.85,0.0,3918.85,24276.05,5909.1,0,0,0,0.0,0,F1,25,,,,,
2024-12-02,2024-12-02,FO,NSE,IDO,58623,,NIFTY,,2025-12-24,2025-12-24,22000.0,PE,NIFTY25DEC22000PE,422.5,430.95,303.05,307.5,305.05,325.1,24276.05,307.5,244800,-1150,334,186369421.25,231,F1,25,,,,,
2024-12-02,2024-12-02,FO,NSE,IDO,64692,,NIFTY,,2025-09-25,2025-09-25,24000.0,CE,NIFTY25SEP24000CE,0.0,0.0,0.0,4236.35,0.0,4236.35,24276.05,2104.2,0,0,0,0.0,0,F1,25,,,,,
2024-12-02,2024-12-02,FO,NSE,IDO,71354,,NIFTY,,2024-12-26,2024-12-26,24000.0,CE,NIFTY24DEC24000CE,550.0,649.65,441.15,613.45,613.0,525.7,24276.05,613.45,3564650,97175,107288,65828941768.75,34600,F1,25,,,,,
2024-12-02,2024-12-02,FO,NSE,IDO,71560,,NIFTY,,2027-06-24,2027-06-24,24000.0,CE,NIFTY27JUN24000CE,0.0,0.0,0.0,2299.55,0.0,2299.55,24276.05,4630.2,0,0,0,0.0,0,F1,25,,,,,
2024-12-02,2024-12-02,FO,NSE,IDO,58614,,NIFTY,,2024-12-26,2024-12-26,22000.0,CE,NIFTY24DEC22000CE,2296.2,2470.0,2167.1,2413.95,2417.6,2296.2,24276.05,2413.95,678125,7275,1182,718791641.25,720,F1,25,,,,,
2024-12-02,2024-12-02,FO,NSE,IDO,89627,,NIFTY,,2029-06-28,2029-06-28,22000.0,PE,NIFTY29JUN22000PE,0.0,0.0,0.0,422.0,0.0,422.0,24276.05,219.9,0,0,0,0.0,0,F1,25,,,,,
2024-12-02,2024-12-02,FO,NSE,IDO,52990,,NIFTY,,2024-12-05,2024-12-05,24000.0,CE,NIFTY24D0524000CE,260.6,403.35,178.55,366.9,366.95,274.4,24276.05,366.9,2928575,-514800,2229699,1352514975211.25,644035,F1,25,,,,,
2024-12-02,2024-12-02,FO,NSE,IDO,55119,,NIFTY,,2025-06-26,2025-06-26,18000.0,CE,NIFTY25JUN18000CE,0.0,0.0,0.0,5600.0,5600.0,5600.0,24276.05,6949.2,2250,0,0,0.0,0,F1,25,,,,,
2024-12-02,2024-12-02,FO,NSE,IDO,64143,,NIFTY,,2024-12-26,2024-12-26,26800.0,PE,NIFTY24DEC26800PE,0.0,0.0,0.0,2635.0,2635.0,2635.0,24276.05,2406.3,3000,0,0,0.0,0,F1,25,,,,,
2024-12-02,2024-12-02,FO,NSE,IDO,53604,,NIFTY,,2027-12-30,2027-12-30,18000.0,PE,NIFTY27DEC18000PE,0.0,0.0,0.0,169.0,169.0,169.0,24276.05,29.25,10100,0,0,0.0,0,F1,25,,,,,
2024-12-02,2024-12-02,FO,NSE,IDO,50556,,NIFTY,,2026-06-25,2026-06-25,18000.0,CE,NIFTY26JUN18000CE,0.0,0.0,0.0,4150.0,4150.0,4150.0,24276.05,8087.55,200,0,0,0.0,0,F1,25,,,,,
2024-12-02,2024-12-02,FO,NSE,IDO,62390,,NIFTY,,2024-12-26,2024-12-26,26150.0,PE,NIFTY24DEC26150PE,0.0,0.0,0.0,1751.0,1751.0,1751.0,24276.05,1766.05,175,0,0,0.0,0,F1,25,,,,,
2024-12-02,2024-12-02,FO,NSE,IDO,53126,,NIFTY,,2024-12-05,2024-12-05,26150.0,PE,NIFTY24D0526150PE,0.0,0.0,0.0,1626.9,0.0,1626.9,24276.05,1859.45,0,0,0,0.0,0,F1,25,,,,,
2024-12-02,2024-12-02,FO,NSE,IDO,38378,,NIFTY,,2026-06-25,2026-06-25,20000.0,CE,NIFTY26JUN20000CE,0.0,0.0,0.0,3829.5,0.0,3829.5,24276.05,6336.4,0,0,0,0.0,0,F1,25,,,,,
2024-12-02,2024-12-02,FO,NSE,IDO,71552,,NIFTY,,2027-06-24,2027-06-24,20000.0,PE,NIFTY27JUN20000PE,0.0,0.0,0.0,3034.2,0.0,3034.2,24276.05,88.2,0,0,0,0.0,0,F1,25,,,,,
2024-12-02,2024-12-02,FO,NSE,IDO,52602,,NIFTY,,2025-01-02,2025-01-02,24950.0,PE,NIFTY2510224950PE,0.0,0.0,0.0,785.0,785.0,785.0,24276.05,714.15,150,0,0,0.0,0,F1,75,,,,,
2024-12-02,2024-12-02,FO,NSE,IDO,89623,,NIFTY,,2029-06-28,2029-06-28,20000.0,PE,NIFTY29JUN20000PE,0.0,0.0,0.0,236.95,0.0,236.95,24276.05,99.0,0,0,0,0.0,0,F1,25,,,,,
2024-12-02,2024-12-02,FO,NSE,IDO,47476,,NIFTY,,2024-12-19,2024-12-19,25650.0,PE,NIFTY24D1925650PE,0.0,0.0,0.0,1977.7,0.0,1977.7,24276.05,1305.45,0,0,0,0.0,0,F1,25,,,,,
2024-12-02,2024-12-02,FO,NSE,IDO,48658,,NIFTY,,2024-12-26,2024-12-26,25250.0,PE,NIFTY24DEC25250PE,960.0,972.55,840.0,855.95,865.45,964.25,24276.05,855.95,8575,-75,11,7184757.5,7,F1,25,,,,,
2024-12-02,2024-12-02,FO,NSE,IDO,52617,,NIFTY,,2025-01-02,2025-01-02,25250.0,PE,NIFTY2510225250PE,0.0,0.0,0.0,1752.45,0.0,1752.45,24276.05,940.85,0,0,0,0.0,0,F1,75,,,,,
2024-12-02,2024-12-02,FO,NSE,IDO,53080,,NIFTY,,2024-12-05,2024-12-05,25250.0,PE,NIFTY24D0525250PE,1167.4,1178.0,928.2,940.4,953.0,1035.35,24276.05,940.4,800,-125,50,32891112.5,30,F1,25,,,,,
2024-12-02,2024-12-02,FO,NSE,IDO,47446,,NIFTY,,2024-12-19,2024-12-19,25250.0,PE,NIFTY24D1925250PE,0.0,0.0,0.0,1606.2,0.0,1606.2,24276.05,934.3,0,0,0,0.0,0,F1,25,,,,,
2024-12-02,2024-12-02,FO,NSE,IDO,52615,,NIFTY,,2025-01-02,2025-01-02,25250.0,CE,NIFTY2510225250CE,0.0,0.0,0.0,63.55,0.0,63.55,24276.05,111.25,0,0,0,0.0,0,F1,75,,,,,
2024-12-02,2024-12-02,FO,NSE,IDO,43487,,NIFTY,,2024-12-26,2024-12-26,24850.0,CE,NIFTY24DEC24850CE,97.8,165.45,85.9,147.1,148.6,113.2,24276.05,147.1,80775,24725,9955,6215315565.0,3667,F1,25,,,,,
2024-12-02,2024-12-02,FO,NSE,IDO,53062,,NIFTY,,2024-12-05,2024-12-05,24950.0,PE,NIFTY24D0524950PE,884.95,898.85,614.75,636.8,649.6,756.4,24276.05,636.8,1250,275,295,189623715.0,151,F1,25,,,,,
2024-12-02,2024-12-02,FO,NSE,IDO,57639,,NIFTY,,2025-02-27,2025-02-27,24950.0,CE,NIFTY25FEB24950CE,0.0,0.0,0.0,534.15,0.0,534.15,24276.05,525.55,0,0,0,0.0,0,F1,75,,,,,
2024-12-02,2024-12-02,FO,NSE,IDO,53611,,NIFTY,,2027-12-30,2027-12-30,20000.0,PE,NIFTY27DEC20000PE,0.0,0.0,0.0,311.25,311.25,311.25,24276.05,95.35,2650,0,0,0.0,0,F1,25,,,,,
2024-12-02,2024-12-02,FO,NSE,IDO,52601,,NIFTY,,2025-01-02,2025-01-02,24950.0,CE,NIFTY2510224950CE,0.0,0.0,0.0,98.25,0.0,98.25,24276.05,182.8,0,0,0,0.0,0,F1,75,,,,,
2024-12-02,2024-12-02,FO,NSE,IDO,43499,,NIFTY,,2024-12-26,2024-12-26,24950.0,CE,NIFTY24DEC24950CE,77.35,132.2,66.9,117.55,119.0,89.35,24276.05,117.55,79200,18775,6448,4038055805.0,2776,F1,25,,,,,
2024-12-02,2024-12-02,FO,NSE,IDO,64556,,NIFTY,,2025-03-27,2025-03-27,20000.0,CE,NIFTY25MAR20000CE,4570.0,4720.0,4530.0,4682.05,4680.15,4581.95,24276.05,4682.05,106275,3450,170,104790498.75,111,F1,25,,,,,
2024-12-02,2024-12-02,FO,NSE,IDO,57654,,NIFTY,,2025-02-27,2025-02-27,25250.0,PE,NIFTY25FEB25250PE,0.0,0.0,0.0,1314.0,0.0,1314.0,24276.05,982.65,0,0,0,0.0,0,F1,75,,,,,
2024-12-02,2024-12-02,FO,NSE,IDO,57635,,NIFTY,,2025-02-27,2025-02-27,24850.0,CE,NIFTY25FEB24850CE,0.0,0.0,0.0,571.25,0.0,571.25,24276.05,568.05,0,0,0,0.0,0,F1,75,,,,,
2024-12-02,2024-12-02,FO,NSE,IDO,53054,,NIFTY,,2024-12-05,2024-12-05,24850.0,CE,NIFTY24D0524850CE,5.25,10.9,2.85,7.35,7.7,5.35,24276.05,7.35,2420625,986850,2389356,1484773438706.25,236030,F1,25,,,,,
2024-12-02,2024-12-02,FO,NSE,IDO,52581,,NIFTY,,2025-01-02,2025-01-02,24600.0,PE,NIFTY2510224600PE,0.0,0.0,0.0,1201.6,0.0,1201.6,24276.05,488.3,0,0,0,0.0,0,F1,75,,,,,
2024-12-02,2024-12-02,FO,NSE,IDO,57626,,NIFTY,,2025-02-27,2025-02-27,24600.0,PE,NIFTY25FEB24600PE,668.0,668.0,668.0,668.0,668.0,914.3,24276.05,615.85,75,75,1,1895100.0,1,F1,75,,,,,
2024-12-02,2024-12-02,FO,NSE,IDO,57625,,NIFTY,,2025-02-27,2025-02-27,24600.0,CE,NIFTY25FEB24600CE,0.0,0.0,0.0,672.15,0.0,672.15,24276.05,684.5,0,0,0,0.0,0,F1,75,,,,,
2024-12-02,2024-12-02,FO,NSE,IDO,53035,,NIFTY,,2024-12-05,2024-12-05,24600.0,CE,NIFTY24D0524600CE,24.05,52.15,9.6,38.35,39.0,22.95,24276.05,38.35,6041675,2867525,4667048,2873686449008.75,820153,F1,25,,,,,
2024-12-02,2024-12-02,FO,NSE,IDO,43607,,NIFTY,,2025-01-30,2025-01-30,23200.0,PE,NIFTY25JAN23200PE,171.25,171.25,130.95,135.7,135.3,148.55,24276.05,135.7,53100,12925,1957,1141959305.0,545,F1,25,,,,,
2024-12-02,2024-12-02,FO,NSE,IDO,55647,,NIFTY,,2025-02-27,2025-02-27,23200.0,CE,NIFTY25FEB23200CE,0.0,0.0,0.0,1460.75,0.0,1460.75,24276.05,1601.0,0,0,0,0.0,0,F1,75,,,,,
2024-12-02,2024-12-02,FO,NSE,IDO,47449,,NIFTY,,2024-12-19,2024-12-19,25350.0,CE,NIFTY24D1925350CE,17.65,22.75,8.6,19.6,19.0,17.65,24276.05,19.6,2250,2150,126,79907123.75,27,F1,25,,,,,
2024-12-02,2024-12-02,FO,NSE,IDO,57658,,NIFTY,,2025-02-27,2025-02-27,25350.0,PE,NIFTY25FEB25350PE,0.0,0.0,0.0,1382.1,0.0,1382.1,24276.05,1047.45,0,0,0,0.0,0,F1,75,,,,,
2024-12-02,2024-12-02,FO,NSE,IDO,46391,,NIFTY,,2025-01-30,2025-01-30,24750.0,CE,NIFTY25JAN24750CE,356.05,444.35,356.05,418.8,419.6,356.05,24276.05,418.8,7025,2750,210,132190223.75,109,F1,25,,,,,
2024-12-02,2024-12-02,FO,NSE,IDO,46129,,NIFTY,,2024-12-12,2024-12-12,24750.0,CE,NIFTY24D1224750CE,40.0,85.35,31.1,72.0,74.0,47.5,24276.05,72.0,168750,59700,35967,22306271196.25,12199,F1,25,,,,,
2024-12-02,2024-12-02,FO,NSE,IDO,57632,,NIFTY,,2025-02-27,2025-02-27,24750.0,PE,NIFTY25FEB24750PE,0.0,0.0,0.0,999.7,0.0,999.7,24276.05,691.8,0,0,0,0.0,0,F1,75,,,,,
2024-12-02,2024-12-02,FO,NSE,IDO,57631,,NIFTY,,2025-02-27,2025-02-27,24750.0,CE,NIFTY25FEB24750CE,0.0,0.0,0.0,610.2,0.0,610.2,24276.05,612.85,0,0,0,0.0,0,F1,75,,,,,
2024-12-02,2024-12-02,FO,NSE,IDO,45875,,NIFTY,,2024-12-12,2024-12-12,21850.0,CE,NIFTY24D1221850CE,0.0,0.0,0.0,2507.4,0.0,2507.4,24276.05,2466.4,0,0,0,0.0,0,F1,25,,,,,
2024-12-02,2024-12-02,FO,NSE,IDO,41474,,NIFTY,,2024-12-26,2024-12-26,21850.0,PE,NIFTY24DEC21850PE,11.25,14.4,9.85,10.2,10.45,11.25,24276.05,10.2,17125,-325,424,231725195.0,204,F1,25,,,,,
2024-12-02,2024-12-02,FO,NSE,IDO,47235,,NIFTY,,2024-12-19,2024-12-19,21850.0,CE,NIFTY24D1921850CE,0.0,0.0,0.0,1843.05,0.0,1843.05,24276.05,2494.65,0,0,0,0.0,0,F1,25,,,,,
2024-12-02,2024-12-02,FO,NSE,IDO,52870,,NIFTY,,2024-12-05,2024-12-05,21850.0,CE,NIFTY24D0521850CE,0.0,0.0,0.0,2738.8,0.0,2738.8,24276.05,2438.15,0,0,0,0.0,0,F1,25,,,,,
2024-12-02,2024-12-02,FO,NSE,IDO,52871,,NIFTY,,2024-12-05,2024-12-05,21850.0,PE,NIFTY24D0521850PE,1.3,1.3,0.85,1.0,1.0,1.3,24276.05,1.0,147575,48900,33915,18526921697.5,6668,F1,25,,,,,
2024-12-02,2024-12-02,FO,NSE,IDO,43208,,NIFTY,,2025-01-30,2025-01-30,21850.0,PE,NIFTY25JAN21850PE,0.0,0.0,0.0,87.45,87.45,87.45,24276.05,8.2,2025,0,0,0.0,0,F1,25,,,,,
2024-12-02,2024-12-02,FO,NSE,IDO,41473,,NIFTY,,2024-12-26,2024-12-26,21850.0,CE,NIFTY24DEC21850CE,0.0,0.0,0.0,1822.9,1822.9,1822.9,24276.05,2523.0,100,0,0,0.0,0,F1,25,,,,,
2024-12-02,2024-12-02,FO,NSE,IDO,43207,,NIFTY,,2025-01-30,2025-01-30,21850.0,CE,NIFTY25JAN21850CE,0.0,0.0,0.0,2803.1,0.0,2803.1,24276.05,2671.35,0,0,0,0.0,0,F1,25,,,,,
2024-12-02,2024-12-02,FO,NSE,IDO,52055,,NIFTY,,2025-01-02,2025-01-02,21850.0,CE,NIFTY2510221850CE,0.0,0.0,0.0,1731.4,0.0,1731.4,24276.05,2551.75,0,0,0,0.0,0,F1,75,,,,,
2024-12-02,2024-12-02,FO,NSE,IDO,47296,,NIFTY,,2024-12-19,2024-12-19,22750.0,CE,NIFTY24D1922750CE,0.0,0.0,0.0,1052.7,0.0,1052.7,24276.05,1600.05,0,0,0,0.0,0,F1,25,,,,,
2024-12-02,2024-12-02,FO,NSE,IDO,52398,,NIFTY,,2025-01-02,2025-01-02,22200.0,PE,NIFTY2510222200PE,0.0,0.0,0.0,93.9,93.9,93.9,24276.05,2.75,75,0,0,0.0,0,F1,75,,,,,
2024-12-02,2024-12-02,FO,NSE,IDO,55607,,NIFTY,,2025-02-27,2025-02-27,22200.0,CE,NIFTY25FEB22200CE,0.0,0.0,0.0,2236.8,0.0,2236.8,24276.05,2468.9,0,0,0,0.0,0,F1,75,,,,,
2024-12-02,2024-12-02,FO,NSE,IDO,46013,,NIFTY,,2024-12-12,2024-12-12,22750.0,PE,NIFTY24D1222750PE,6.5,14.95,6.5,7.7,7.85,8.9,24276.05,7.7,30700,24725,4051,2304823767.5,1903,F1,25,,,,,
2024-12-02,2024-12-02,FO,NSE,IDO,41590,,NIFTY,,2024-12-26,2024-12-26,22750.0,PE,NIFTY24DEC22750PE,41.0,44.3,30.3,31.45,31.75,36.15,24276.05,31.45,40400,4350,1046,595801180.0,230,F1,25,,,,,
2024-12-02,2024-12-02,FO,NSE,IDO,47265,,NIFTY,,2024-12-19,2024-12-19,22200.0,CE,NIFTY24D1922200CE,0.0,0.0,0.0,1519.5,0.0,1519.5,24276.05,2145.9,0,0,0,0.0,0,F1,25,,,,,
2024-12-02,2024-12-02,FO,NSE,IDO,45911,,NIFTY,,2024-12-12,2024-12-12,22200.0,CE,NIFTY24D1222200CE,0.0,0.0,0.0,2168.1,0.0,2168.1,24276.05,2117.05,0,0,0,0.0,0,F1,25,,,,,
2024-12-02,2024-12-02,FO,NSE,IDO,50448,,NIFTY,,2026-06-25,2026-06-25,15000.0,PE,NIFTY26JUN15000PE,0.0,0.0,0.0,21.9,21.9,21.9,24276.05,0.25,850,0,0,0.0,0,F1,25,,,,,
2024-12-02,2024-12-02,FO,NSE,IDO,64155,,NIFTY,,2024-12-26,2024-12-26,27100.0,CE,NIFTY24DEC27100CE,4.85,4.85,4.0,4.1,4.05,4.5,24276.05,4.1,5175,500,161,109094500.0,33,F1,25,,,,,
2024-12-02,2024-12-02,FO,NSE,IDO,64156,,NIFTY,,2024-12-26,2024-12-26,27100.0,PE,NIFTY24DEC27100PE,0.0,0.0,0.0,2930.8,2930.8,2930.8,24276.05,2704.3,950,0,0,0.0,0,F1,25,,,,,
2024-12-02,2024-12-02,FO,NSE,IDO,49174,,NIFTY,,2025-12-24,2025-12-24,15000.0,PE,NIFTY25DEC15000PE,0.0,0.0,0.0,20.05,20.05,20.05,24276.05,0.05,1225,0,0,0.0,0,F1,25,,,,,
2024-12-02,2024-12-02,FO,NSE,IDO,64196,,NIFTY,,2024-12-26,2024-12-26,27700.0,CE,NIFTY24DEC27700CE,19.0,19.0,2.6,3.3,3.35,5.5,24276.05,3.3,8350,3575,217,150291585.0,95,F1,25,,,,,
2024-12-02,2024-12-02,FO,NSE,IDO,53124,,NIFTY,,2024-12-05,2024-12-05,26100.0,PE,NIFTY24D0526100PE,2023.0,2030.0,1882.1,1888.0,1888.0,2059.8,24276.05,1809.45,5575,-1125,48,33648440.0,17,F1,25,,,,,
2024-12-02,2024-12-02,FO,NSE,IDO,53123,,NIFTY,,2024-12-05,2024-12-05,26100.0,CE,NIFTY24D0526100CE,0.95,0.95,0.5,0.55,0.55,0.85,24276.05,0.55,1862625,525100,219543,143255288802.5,17752,F1,25,,,,,
2024-12-02,2024-12-02,FO,NSE,IDO,55642,,NIFTY,,2025-02-27,2025-02-27,23050.0,PE,NIFTY25FEB23050PE,0.0,0.0,0.0,288.4,0.0,288.4,24276.05,128.6,0,0,0,0.0,0,F1,75,,,,,
2024-12-02,2024-12-02,FO,NSE,IDO,52948,,NIFTY,,2024-12-05,2024-12-05,23050.0,PE,NIFTY24D0523050PE,4.7,6.4,3.15,3.55,3.45,4.7,24276.05,3.55,1002550,544100,387204,223165202125.0,72864,F1,25,,,,,
2024-12-02,2024-12-02,FO,NSE,IDO,52580,,NIFTY,,2025-01-02,2025-01-02,24600.0,CE,NIFTY2510224600CE,223.0,319.7,223.0,313.2,310.0,225.45,24276.05,313.2,6525,6450,101,188421187.5,59,F1,75,,,,,
2024-12-02,2024-12-02,FO,NSE,IDO,46055,,NIFTY,,2024-12-12,2024-12-12,23400.0,CE,NIFTY24D1223400CE,775.35,1004.45,746.05,983.35,982.75,864.2,24276.05,983.35,7550,2925,225,136496217.5,79,F1,25,,,,,
2024-12-02,2024-12-02,FO,NSE,IDO,45678,,NIFTY,,2025-01-30,2025-01-30,23400.0,CE,NIFTY25JAN23400CE,0.0,0.0,0.0,1243.0,1243.0,1243.0,24276.05,1271.2,10075,0,0,0.0,0,F1,25,,,,,
2024-12-02,2024-12-02,FO,NSE,IDO,47459,,NIFTY,,2024-12-19,2024-12-19,25450.0,PE,NIFTY24D1925450PE,0.0,0.0,0.0,1789.9,0.0,1789.9,24276.05,1116.45,0,0,0,0.0,0,F1,25,,,,,
2024-12-02,2024-12-02,FO,NSE,IDO,46166,,NIFTY,,2024-12-12,2024-12-12,25450.0,PE,NIFTY24D1225450PE,1266.35,1266.35,1200.0,1200.0,1200.0,1206.35,24276.05,1131.85,25,25,4,2667966.25,4,F1,25,,,,,
2024-12-02,2024-12-02,FO,NSE,IDO,47458,,NIFTY,,2024-12-19,2024-12-19,25450.0,CE,NIFTY24D1925450CE,11.0,15.45,8.55,10.45,10.45,11.0,24276.05,22.4,3500,875,133,84658162.5,27,F1,25,,,,,
2024-12-02,2024-12-02,FO,NSE,IDO,53087,,NIFTY,,2024-12-05,2024-12-05,25450.0,CE,NIFTY24D0525450CE,1.1,1.2,0.75,0.8,0.75,1.05,24276.05,0.8,376825,141025,147950,94136415232.5,19381,F1,25,,,,,
2024-12-02,2024-12-02,FO,NSE,IDO,46467,,NIFTY,,2025-01-30,2025-01-30,25450.0,CE,NIFTY25JAN25450CE,0.0,0.0,0.0,125.0,125.0,125.0,24276.05,210.2,900,0,0,0.0,0,F1,25,,,,,
2024-12-02,2024-12-02,FO,NSE,IDO,46355,,NIFTY,,2025-01-30,2025-01-30,24100.0,PE,NIFTY25JAN24100PE,390.5,407.6,314.15,323.3,324.8,355.35,24276.05,323.3,114250,6500,2081,1272418768.75,909,F1,25,,,,,
2024-12-02,2024-12-02,FO,NSE,IDO,46093,,NIFTY,,2024-12-12,2024-12-12,24100.0,CE,NIFTY24D1224100CE,250.0,426.9,230.6,392.15,397.2,306.85,24276.05,392.15,358325,133200,82282,50215425530.0,25838,F1,25,,,,,
2024-12-02,2024-12-02,FO,NSE,IDO,57606,,NIFTY,,2025-02-27,2025-02-27,24100.0,PE,NIFTY25FEB24100PE,497.65,497.65,386.6,397.65,419.4,661.25,24276.05,397.65,450,450,22,40473978.75,18,F1,75,,,,,
2024-12-02,2024-12-02,FO,NSE,IDO,52542,,NIFTY,,2025-01-02,2025-01-02,24100.0,CE,NIFTY2510224100CE,466.45,545.0,449.45,520.05,520.05,521.7,24276.05,562.9,6825,825,35,64563420.0,16,F1,75,,,,,
2024-12-02,2024-12-02,FO,NSE,IDO,47227,,NIFTY,,2024-12-19,2024-12-19,21700.0,CE,NIFTY24D1921700CE,0.0,0.0,0.0,1985.75,0.0,1985.75,24276.05,2644.15,0,0,0,0.0,0,F1,25,,,,,
2024-12-02,2024-12-02,FO,NSE,IDO,52910,,NIFTY,,2024-12-05,2024-12-05,22200.0,PE,NIFTY24D0522200PE,1.75,1.75,1.0,1.25,1.2,1.45,24276.05,1.25,733650,147750,150569,83570248702.5,26170,F1,25,,,,,
2024-12-02,2024-12-02,FO,NSE,IDO,52442,,NIFTY,,2025-01-02,2025-01-02,22750.0,PE,NIFTY2510222750PE,0.0,0.0,0.0,201.95,0.0,201.95,24276.05,14.75,0,0,0,0.0,0,F1,75,,,,,
2024-12-02,2024-12-02,FO,NSE,IDO,41515,,NIFTY,,2024-12-26,2024-12-26,22200.0,PE,NIFTY24DEC22200PE,21.3,21.3,14.8,15.5,16.0,17.4,24276.05,15.5,307675,16625,15577,8652058337.5,4845,F1,25,,,,,
2024-12-02,2024-12-02,FO,NSE,IDO,41589,,NIFTY,,2024-12-26,2024-12-26,22750.0,CE,NIFTY24DEC22750CE,0.0,0.0,0.0,1580.6,1580.6,1580.6,24276.05,1634.5,125,0,0,0.0,0,F1,25,,,,,
2024-12-02,2024-12-02,FO,NSE,IDO,47297,,NIFTY,,2024-12-19,2024-12-19,22750.0,PE,NIFTY24D1922750PE,20.5,20.5,20.5,20.5,20.5,125.05,24276.05,2.6,25,25,1,569262.5,1,F1,25,,,,,
2024-12-02,2024-12-02,FO,NSE,IDO,41693,,NIFTY,,2024-12-26,2024-12-26,23950.0,CE,NIFTY24DEC23950CE,503.05,678.35,472.75,647.6,648.65,559.35,24276.05,647.6,53675,-6625,1347,825252171.25,648,F1,25,,,,,
2024-12-02,2024-12-02,FO,NSE,IDO,64122,,NIFTY,,2024-12-26,2024-12-26,26500.0,PE,NIFTY24DEC26500PE,2255.0,2301.65,2018.85,2053.85,2056.85,2177.05,24276.05,2053.85,239025,4475,976,697511902.5,362,F1,25,,,,,
2024-12-02,2024-12-02,FO,NSE,IDO,64121,,NIFTY,,2024-12-26,2024-12-26,26500.0,CE,NIFTY24DEC26500CE,5.1,5.95,4.6,5.2,5.7,5.1,24276.05,5.2,956675,103325,20529,13603107238.75,3225,F1,25,,,,,
2024-12-02,2024-12-02,FO,NSE,IDO,52936,,NIFTY,,2024-12-05,2024-12-05,22750.0,PE,NIFTY24D0522750PE,2.85,2.95,1.65,1.95,1.7,2.85,24276.05,1.95,617600,200600,241472,137349594788.75,37523,F1,25,,,,,
2024-12-02,2024-12-02,FO,NSE,IDO,57600,,NIFTY,,2025-02-27,2025-02-27,23950.0,PE,NIFTY25FEB23950PE,390.0,404.1,357.6,359.0,359.0,594.9,24276.05,348.1,150,150,4,7298302.5,4,F1,75,,,,,
2024-12-02,2024-12-02,FO,NSE,IDO,46342,,NIFTY,,2025-01-30,2025-01-30,23950.0,PE,NIFTY25JAN23950PE,315.75,325.55,273.85,281.4,281.15,305.65,24276.05,281.4,6050,3125,296,179446425.0,118,F1,25,,,,,
2024-12-02,2024-12-02,FO,NSE,IDO,52400,,NIFTY,,2025-01-02,2025-01-02,22250.0,PE,NIFTY2510222250PE,0.0,0.0,0.0,96.95,0.0,96.95,24276.05,3.25,0,0,0,0.0,0,F1,75,,,,,
2024-12-02,2024-12-02,FO,NSE,IDO,37806,,NIFTY,,2026-12-31,2026-12-31,23000.0,CE,NIFTY26DEC23000CE,0.0,0.0,0.0,2020.0,2020.0,2020.0,24276.05,4665.55,500,0,0,0.0,0,F1,25,,,,,
2024-12-02,2024-12-02,FO,NSE,IDO,46178,,NIFTY,,2024-12-12,2024-12-12,25550.0,PE,NIFTY24D1225550PE,0.0,0.0,0.0,1288.15,0.0,1288.15,24276.05,1229.8,0,0,0,0.0,0,F1,25,,,,,
2024-12-02,2024-12-02,FO,NSE,IDO,57666,,NIFTY,,2025-02-27,2025-02-27,25550.0,PE,NIFTY25FEB25550PE,0.0,0.0,0.0,1523.15,0.0,1523.15,24276.05,1183.3,0,0,0,0.0,0,F1,75,,,,,
2024-12-02,2024-12-02,FO,NSE,IDO,46175,,NIFTY,,2024-12-12,2024-12-12,25550.0,CE,NIFTY24D1225550CE,3.7,4.1,2.2,3.35,3.45,3.4,24276.05,3.35,29425,20225,4518,2886229943.75,1296,F1,25,,,,,
2024-12-02,2024-12-02,FO,NSE,IDO,54655,,NIFTY,,2024-12-26,2024-12-26,25500.0,CE,NIFTY24DEC25500CE,22.85,31.5,14.1,26.85,27.7,21.05,24276.05,26.85,2498625,171450,118077,75339378735.0,25116,F1,25,,,,,
2024-12-02,2024-12-02,FO,NSE,IDO,53090,,NIFTY,,2024-12-05,2024-12-05,25500.0,PE,NIFTY24D0525500PE,1321.05,1438.35,1173.85,1201.1,1194.55,1310.25,24276.05,1201.1,56700,725,807,541563536.25,290,F1,25,,,,,
2024-12-02,2024-12-02,FO,NSE,IDO,52631,,NIFTY,,2025-01-02,2025-01-02,25500.0,CE,NIFTY2510225500CE,33.0,54.25,30.05,50.45,48.05,33.0,24276.05,50.45,5100,2250,121,231812092.5,84,F1,75,,,,,
2024-12-02,2024-12-02,FO,NSE,IDO,41672,,NIFTY,,2024-12-26,2024-12-26,23600.0,CE,NIFTY24DEC23600CE,766.05,970.1,718.6,931.0,937.65,825.65,24276.05,931.0,94125,-4225,1461,892843185.0,586,F1,25,,,,,
2024-12-02,2024-12-02,FO,NSE,IDO,52971,,NIFTY,,2024-12-05,2024-12-05,23600.0,CE,NIFTY24D0523600CE,573.55,762.3,478.0,721.55,724.45,606.65,24276.05,721.55,258275,-3250,10424,6303838520.0,3382,F1,25,,,,,
2024-12-02,2024-12-02,FO,NSE,IDO,52506,,NIFTY,,2025-01-02,2025-01-02,23600.0,PE,NIFTY2510223600PE,131.1,131.1,131.1,131.1,131.1,147.55,24276.05,105.75,600,225,3,5339497.5,2,F1,75,,,,,
2024-12-02,2024-12-02,FO,NSE,IDO,57585,,NIFTY,,2025-02-27,2025-02-27,23600.0,CE,NIFTY25FEB23600CE,0.0,0.0,0.0,1136.1,1136.1,1136.1,24276.05,1296.45,600,0,0,0.0,0,F1,75,,,,,
2024-12-02,2024-12-02,FO,NSE,IDO,41562,,NIFTY,,2024-12-26,2024-12-26,22550.0,CE,NIFTY24DEC22550CE,0.0,0.0,0.0,1600.0,1600.0,1600.0,24276.05,1829.75,700,0,0,0.0,0,F1,25,,,,,
2024-12-02,2024-12-02,FO,NSE,IDO,55622,,NIFTY,,2025-02-27,2025-02-27,22550.0,PE,NIFTY25FEB22550PE,0.0,0.0,0.0,177.75,0.0,177.75,24276.05,65.5,0,0,0,0.0,0,F1,75,,,,,
2024-12-02,2024-12-02,FO,NSE,IDO,52426,,NIFTY,,2025-01-02,2025-01-02,22550.0,PE,NIFTY2510222550PE,0.0,0.0,0.0,153.05,0.0,153.05,24276.05,8.35,0,0,0,0.0,0,F1,75,,,,,
2024-12-02,2024-12-02,FO,NSE,IDO,43259,,NIFTY,,2025-01-30,2025-01-30,22800.0,CE,NIFTY25JAN22800CE,0.0,0.0,0.0,1982.3,0.0,1982.3,24276.05,1778.6,0,0,0,0.0,0,F1,25,,,,,
2024-12-02,2024-12-02,FO,NSE,IDO,47298,,NIFTY,,2024-12-19,2024-12-19,22800.0,CE,NIFTY24D1922800CE,0.0,0.0,0.0,1013.65,0.0,1013.65,24276.05,1550.85,0,0,0,0.0,0,F1,25,,,,,
2024-12-02,2024-12-02,FO,NSE,IDO,55632,,NIFTY,,2025-02-27,2025-02-27,22800.0,PE,NIFTY25FEB22800PE,0.0,0.0,0.0,227.8,0.0,227.8,24276.05,92.85,0,0,0,0.0,0,F1,75,,,,,
2024-12-02,2024-12-02,FO,NSE,IDO,43260,,NIFTY,,2025-01-30,2025-01-30,22800.0,PE,NIFTY25JAN22800PE,111.0,113.0,85.85,89.8,89.75,97.95,24276.05,89.8,105525,11700,2368,1355258276.25,842,F1,25,,,,,
2024-12-02,2024-12-02,FO,NSE,IDO,46014,,NIFTY,,2024-12-12,2024-12-12,22800.0,CE,NIFTY24D1222800CE,0.0,0.0,0.0,1608.6,0.0,1608.6,24276.05,1518.55,0,0,0,0.0,0,F1,25,,,,,
2024-12-02,2024-12-02,FO,NSE,IDO,47299,,NIFTY,,2024-12-19,2024-12-19,22800.0,PE,NIFTY24D1922800PE,25.0,26.75,19.25,19.95,20.0,23.7,24276.05,19.95,7775,7500,465,265310352.5,83,F1,25,,,,,
2024-12-02,2024-12-02,FO,NSE,IDO,41591,,NIFTY,,2024-12-26,2024-12-26,22800.0,CE,NIFTY24DEC22800CE,1525.0,1675.0,1525.0,1663.05,1656.25,1518.0,24276.05,1663.05,11750,125,35,21372832.5,16,F1,25,,,,,
2024-12-02,2024-12-02,FO,NSE,IDO,47288,,NIFTY,,2024-12-19,2024-12-19,22550.0,CE,NIFTY24D1922550CE,0.0,0.0,0.0,1215.0,0.0,1215.0,24276.05,1797.9,0,0,0,0.0,0,F1,25,,,,,
2024-12-02,2024-12-02,FO,NSE,IDO,52878,,NIFTY,,2024-12-05,2024-12-05,21900.0,CE,NIFTY24D0521900CE,0.0,0.0,0.0,2690.1,0.0,2690.1,24276.05,2388.2,0,0,0,0.0,0,F1,25,,,,,
2024-12-02,2024-12-02,FO,NSE,IDO,41476,,NIFTY,,2024-12-26,2024-12-26,21900.0,PE,NIFTY24DEC21900PE,12.45,14.8,10.3,11.0,11.3,12.35,24276.05,11.0,131150,-5550,6261,3429749513.75,2247,F1,25,,,,,
2024-12-02,2024-12-02,FO,NSE,IDO,52879,,NIFTY,,2024-12-05,2024-12-05,21900.0,PE,NIFTY24D0521900PE,1.15,1.2,0.9,1.05,1.05,1.35,24276.05,1.05,829400,6850,138572,75871793695.0,28265,F1,25,,,,,
2024-12-02,2024-12-02,FO,NSE,IDO,52365,,NIFTY,,2025-01-02,2025-01-02,21900.0,CE,NIFTY2510221900CE,0.0,0.0,0.0,1686.5,0.0,1686.5,24276.05,2502.2,0,0,0,0.0,0,F1,75,,,,,
2024-12-02,2024-12-02,FO,NSE,IDO,47479,,NIFTY,,2024-12-19,2024-12-19,25750.0,CE,NIFTY24D1925750CE,6.75,7.0,3.2,5.8,5.8,9.0,24276.05,8.65,875,550,59,37991006.25,14,F1,25,,,,,
2024-12-02,2024-12-02,FO,NSE,IDO,57673,,NIFTY,,2025-02-27,2025-02-27,25750.0,CE,NIFTY25FEB25750CE,203.65,203.65,203.65,203.65,203.65,300.1,24276.05,264.05,150,150,2,3893047.5,1,F1,75,,,,,
2024-12-02,2024-12-02,FO,NSE,IDO,46195,,NIFTY,,2024-12-12,2024-12-12,25750.0,PE,NIFTY24D1225750PE,0.0,0.0,0.0,1457.4,0.0,1457.4,24276.05,1427.5,0,0,0,0.0,0,F1,25,,,,,
2024-12-02,2024-12-02,FO,NSE,IDO,52859,,NIFTY,,2024-12-05,2024-12-05,21600.0,PE,NIFTY24D0521600PE,1.1,1.15,0.6,0.8,0.75,1.1,24276.05,0.8,6639700,824975,701699,378932810151.25,56836,F1,25,,,,,
2024-12-02,2024-12-02,FO,NSE,IDO,50773,,NIFTY,,2025-01-02,2025-01-02,21600.0,CE,NIFTY2510221600CE,0.0,0.0,0.0,1960.75,0.0,1960.75,24276.05,2799.8,0,0,0,0.0,0,F1,75,,,,,
2024-12-02,2024-12-02,FO,NSE,IDO,52537,,NIFTY,,2025-01-02,2025-01-02,23950.0,PE,NIFTY2510223950PE,0.0,0.0,0.0,738.35,0.0,738.35,24276.05,196.65,0,0,0,0.0,0,F1,75,,,,,
2024-12-02,2024-12-02,FO,NSE,IDO,47379,,NIFTY,,2024-12-19,2024-12-19,23950.0,PE,NIFTY24D1923950PE,205.05,225.0,141.8,147.75,146.65,178.45,24276.05,147.75,7625,4825,831,501188186.25,202,F1,25,,,,,
2024-12-02,2024-12-02,FO,NSE,IDO,47443,,NIFTY,,2024-12-19,2024-12-19,25200.0,PE,NIFTY24D1925200PE,0.0,0.0,0.0,1561.0,0.0,1561.0,24276.05,890.2,0,0,0,0.0,0,F1,25,,,,,
2024-12-02,2024-12-02,FO,NSE,IDO,46458,,NIFTY,,2025-01-30,2025-01-30,25200.0,PE,NIFTY25JAN25200PE,920.0,940.0,811.0,821.65,821.3,899.25,24276.05,821.65,2500,75,32,20858641.25,16,F1,25,,,,,
2024-12-02,2024-12-02,FO,NSE,IDO,57652,,NIFTY,,2025-02-27,2025-02-27,25200.0,PE,NIFTY25FEB25200PE,0.0,0.0,0.0,1280.6,0.0,1280.6,24276.05,951.05,0,0,0,0.0,0,F1,75,,,,,
2024-12-02,2024-12-02,FO,NSE,IDO,52614,,NIFTY,,2025-01-02,2025-01-02,25200.0,PE,NIFTY2510225200PE,0.0,0.0,0.0,1707.8,0.0,1707.8,24276.05,901.2,0,0,0,0.0,0,F1,75,,,,,
2024-12-02,2024-12-02,FO,NSE,IDO,57651,,NIFTY,,2025-02-27,2025-02-27,25200.0,CE,NIFTY25FEB25200CE,0.0,0.0,0.0,449.25,0.0,449.25,24276.05,429.3,0,0,0,0.0,0,F1,75,,,,,
2024-12-02,2024-12-02,FO,NSE,IDO,48656,,NIFTY,,2024-12-26,2024-12-26,25200.0,PE,NIFTY24DEC25200PE,950.0,1040.1,789.7,820.7,828.0,932.85,24276.05,820.7,52350,2075,332,216307326.25,140,F1,25,,,,,
2024-12-02,2024-12-02,FO,NSE,IDO,46152,,NIFTY,,2024-12-12,2024-12-12,25200.0,PE,NIFTY24D1225200PE,1057.15,1107.05,845.7,860.0,860.0,977.2,24276.05,860.0,6700,300,63,41289150.0,43,F1,25,,,,,
2024-12-02,2024-12-02,FO,NSE,IDO,53078,,NIFTY,,2024-12-05,2024-12-05,25200.0,PE,NIFTY24D0525200PE,1030.8,1149.1,863.0,895.65,899.45,1006.65,24276.05,895.65,29850,375,691,453859321.25,304,F1,25,,,,,
2024-12-02,2024-12-02,FO,NSE,IDO,48655,,NIFTY,,2024-12-26,2024-12-26,25200.0,CE,NIFTY24DEC25200CE,47.0,71.6,31.05,61.75,63.5,47.1,24276.05,61.75,1112450,245675,59414,37509893440.0,15893,F1,25,,,,,
2024-12-02,2024-12-02,FO,NSE,IDO,52613,,NIFTY,,2025-01-02,2025-01-02,25200.0,CE,NIFTY2510225200CE,60.0,60.0,60.0,60.0,60.0,79.0,24276.05,121.3,3000,75,1,1894500.0,1,F1,75,,,,,
2024-12-02,2024-12-02,FO,NSE,IDO,46151,,NIFTY,,2024-12-12,2024-12-12,25200.0,CE,NIFTY24D1225200CE,9.55,13.2,5.25,10.5,10.9,8.6,24276.05,10.5,481225,313750,71349,44964563488.75,17245,F1,25,,,,,
2024-12-02,2024-12-02,FO,NSE,IDO,46457,,NIFTY,,2025-01-30,2025-01-30,25200.0,CE,NIFTY25JAN25200CE,192.0,246.95,161.15,231.35,230.0,189.3,24276.05,231.35,47450,15250,1829,1161841996.25,652,F1,25,,,,,
2024-12-02,2024-12-02,FO,NSE,IDO,47440,,NIFTY,,2024-12-19,2024-12-19,25200.0,CE,NIFTY24D1925200CE,26.0,38.95,17.75,32.3,32.8,26.4,24276.05,32.3,34325,22750,3501,2208341796.25,1196,F1,25,,,,,
2024-12-02,2024-12-02,FO,NSE,IDO,53077,,NIFTY,,2024-12-05,2024-12-05,25200.0,CE,NIFTY24D0525200CE,1.35,1.65,1.1,1.35,1.25,1.4,24276.05,1.35,4127200,286550,1543402,972394458688.75,108723,F1,25,,,,,
2024-12-02,2024-12-02,FO,NSE,IDO,47294,,NIFTY,,2024-12-19,2024-12-19,22700.0,CE,NIFTY24D1922700CE,0.0,0.0,0.0,1092.35,0.0,1092.35,24276.05,1649.4,0,0,0,0.0,0,F1,25,,,,,
2024-12-02,2024-12-02,FO,NSE,IDO,55628,,NIFTY,,2025-02-27,2025-02-27,22700.0,PE,NIFTY25FEB22700PE,0.0,0.0,0.0,206.65,0.0,206.65,24276.05,81.0,0,0,0,0.0,0,F1,75,,,,,
2024-12-02,2024-12-02,FO,NSE,IDO,52933,,NIFTY,,2024-12-05,2024-12-05,22700.0,CE,NIFTY24D0522700CE,1400.0,1595.6,1400.0,1595.6,1595.6,1485.75,24276.05,1588.65,875,0,3,1815026.25,3,F1,25,,,,,
2024-12-02,2024-12-02,FO,NSE,IDO,52934,,NIFTY,,2024-12-05,2024-12-05,22700.0,PE,NIFTY24D0522700PE,2.1,2.55,1.6,1.85,1.8,2.55,24276.05,1.85,2016575,170250,531596,301705809153.75,66504,F1,25,,,,,
2024-12-02,2024-12-02,FO,NSE,IDO,53036,,NIFTY,,2024-12-05,2024-12-05,24600.0,PE,NIFTY24D0524600PE,450.0,565.25,301.05,332.5,331.0,432.7,24276.05,332.5,216525,96350,47658,29757237153.75,18303,F1,25,,,,,
2024-12-02,2024-12-02,FO,NSE,IDO,42524,,NIFTY,,2024-12-26,2024-12-26,24600.0,CE,NIFTY24DEC24600CE,175.0,271.7,152.85,246.85,249.0,195.65,24276.05,246.85,501225,-16375,33724,20915303273.75,11619,F1,25,,,,,
2024-12-02,2024-12-02,FO,NSE,IDO,71561,,NIFTY,,2027-06-24,2027-06-24,24000.0,PE,NIFTY27JUN24000PE,0.0,0.0,0.0,5056.2,0.0,5056.2,24276.05,546.95,0,0,0,0.0,0,F1,25,,,,,
2024-12-02,2024-12-02,FO,NSE,IDO,58619,,NIFTY,,2025-06-26,2025-06-26,22000.0,PE,NIFTY25JUN22000PE,187.7,193.2,162.0,167.25,164.35,178.4,24276.05,167.25,185325,13450,931,516084370.0,362,F1,25,,,,,
2024-12-02,2024-12-02,FO,NSE,IDO,58622,,NIFTY,,2025-12-24,2025-12-24,22000.0,CE,NIFTY25DEC22000CE,3700.0,3720.0,3621.35,3714.95,3714.95,3676.9,24276.05,3972.5,5475,275,12,7708131.25,12,F1,25,,,,,
2024-12-02,2024-12-02,FO,NSE,IDO,67782,,NIFTY,,2028-12-28,2028-12-28,24000.0,CE,NIFTY28DEC24000CE,0.0,0.0,0.0,5850.3,0.0,5850.3,24276.05,6501.85,0,0,0,0.0,0,F1,25,,,,,
2024-12-02,2024-12-02,FO,NSE,IDO,58618,,NIFTY,,2025-06-26,2025-06-26,22000.0,CE,NIFTY25JUN22000CE,0.0,0.0,0.0,2088.15,0.0,2088.15,24276.05,3200.4,0,0,0,0.0,0,F1,25,,,,,
2024-12-02,2024-12-02,FO,NSE,IDO,52888,,NIFTY,,2024-12-05,2024-12-05,22000.0,PE,NIFTY24D0522000PE,0.9,1.25,0.9,1.1,1.1,1.4,24276.05,1.1,4808450,581275,509835,280422880526.25,51426,F1,25,,,,,
2024-12-02,2024-12-02,FO,NSE,IDO,58649,,NIFTY,,2026-12-31,2026-12-31,22000.0,PE,NIFTY26DEC22000PE,0.0,0.0,0.0,374.5,374.5,374.5,24276.05,237.35,200,0,0,0.0,0,F1,25,,,,,
2024-12-02,2024-12-02,FO,NSE,IDO,46602,,NIFTY,,2025-01-30,2025-01-30,26200.0,PE,NIFTY25JAN26200PE,0.0,0.0,0.0,1780.0,1780.0,1780.0,24276.05,1720.5,50,0,0,0.0,0,F1,25,,,,,
2024-12-02,2024-12-02,FO,NSE,IDO,53128,,NIFTY,,2024-12-05,2024-12-05,26200.0,PE,NIFTY24D0526200PE,2140.3,2140.3,1905.0,1908.0,1908.0,2018.9,24276.05,1909.4,2150,-125,11,7753167.5,11,F1,25,,,,,
2024-12-02,2024-12-02,FO,NSE,IDO,46600,,NIFTY,,2025-01-30,2025-01-30,26200.0,CE,NIFTY25JAN26200CE,38.0,52.0,32.05,48.9,42.7,43.8,24276.05,48.9,274275,20900,5465,3585843070.0,1895,F1,25,,,,,
2024-12-02,2024-12-02,FO,NSE,IDO,62391,,NIFTY,,2024-12-26,2024-12-26,26200.0,CE,NIFTY24DEC26200CE,6.1,7.3,5.05,6.5,6.4,6.1,24276.05,6.5,411475,141025,18556,12157026331.25,4937,F1,25,,,,,
2024-12-02,2024-12-02,FO,NSE,IDO,62393,,NIFTY,,2024-12-26,2024-12-26,26200.0,PE,NIFTY24DEC26200PE,1909.0,1909.0,1750.0,1763.05,1756.35,1880.0,24276.05,1763.05,61200,350,24,16787203.75,15,F1,25,,,,,
2024-12-02,2024-12-02,FO,NSE,IDO,53127,,NIFTY,,2024-12-05,2024-12-05,26200.0,CE,NIFTY24D0526200CE,0.7,0.95,0.55,0.6,0.6,0.85,24276.05,0.6,3142475,472075,233344,152844320462.5,16845,F1,25,,,,,
2024-12-02,2024-12-02,FO,NSE,IDO,43233,,NIFTY,,2025-01-30,2025-01-30,22250.0,CE,NIFTY25JAN22250CE,0.0,0.0,0.0,1685.0,1685.0,1685.0,24276.05,2287.05,75,0,0,0.0,0,F1,25,,,,,
2024-12-02,2024-12-02,FO,NSE,IDO,43256,,NIFTY,,2025-01-30,2025-01-30,22700.0,PE,NIFTY25JAN22700PE,97.5,105.3,75.0,80.8,81.3,88.65,24276.05,80.8,140575,10200,2717,1547742613.75,1326,F1,25,,,,,
2024-12-02,2024-12-02,FO,NSE,IDO,46011,,NIFTY,,2024-12-12,2024-12-12,22700.0,PE,NIFTY24D1222700PE,9.0,10.55,6.05,6.95,7.95,8.05,24276.05,6.95,202950,136900,22015,12497629883.75,6576,F1,25,,,,,
2024-12-02,2024-12-02,FO,NSE,IDO,43507,,NIFTY,,2024-12-26,2024-12-26,25050.0,PE,NIFTY24DEC25050PE,863.25,863.25,681.5,712.25,713.15,699.45,24276.05,712.25,4075,-275,97,62467082.5,27,F1,25,,,,,
2024-12-02,2024-12-02,FO,NSE,IDO,52597,,NIFTY,,2025-01-02,2025-01-02,24850.0,CE,NIFTY2510224850CE,0.0,0.0,0.0,112.85,0.0,112.85,24276.05,213.15,0,0,0,0.0,0,F1,75,,,,,
2024-12-02,2024-12-02,FO,NSE,IDO,57636,,NIFTY,,2025-02-27,2025-02-27,24850.0,PE,NIFTY25FEB24850PE,0.0,0.0,0.0,1058.95,0.0,1058.95,24276.05,745.4,0,0,0,0.0,0,F1,75,,,,,
2024-12-02,2024-12-02,FO,NSE,IDO,52598,,NIFTY,,2025-01-02,2025-01-02,24850.0,PE,NIFTY2510224850PE,0.0,0.0,0.0,1405.1,0.0,1405.1,24276.05,645.05,0,0,0,0.0,0,F1,75,,,,,
2024-12-02,2024-12-02,FO,NSE,IDO,43512,,NIFTY,,2024-12-26,2024-12-26,25100.0,PE,NIFTY24DEC25100PE,914.0,951.1,716.9,747.15,751.5,848.9,24276.05,747.15,39475,1025,189,122222443.75,81,F1,25,,,,,
2024-12-02,2024-12-02,FO,NSE,IDO,41475,,NIFTY,,2024-12-26,2024-12-26,21900.0,CE,NIFTY24DEC21900CE,0.0,0.0,0.0,2405.0,2405.0,2405.0,24276.05,2473.3,425,0,0,0.0,0,F1,25,,,,,
2024-12-02,2024-12-02,FO,NSE,IDO,47427,,NIFTY,,2024-12-19,2024-12-19,24850.0,PE,NIFTY24D1924850PE,0.0,0.0,0.0,1255.65,0.0,1255.65,24276.05,603.4,0,0,0,0.0,0,F1,25,,,,,
2024-12-02,2024-12-02,FO,NSE,IDO,46408,,NIFTY,,2025-01-30,2025-01-30,24850.0,CE,NIFTY25JAN24850CE,0.0,0.0,0.0,313.0,313.0,313.0,24276.05,400.55,3125,0,0,0.0,0,F1,25,,,,,
2024-12-02,2024-12-02,FO,NSE,IDO,46409,,NIFTY,,2025-01-30,2025-01-30,24850.0,PE,NIFTY25JAN24850PE,618.6,618.6,618.55,618.55,618.55,677.1,24276.05,704.85,3000,200,8,5093712.5,8,F1,25,,,,,
2024-12-02,2024-12-02,FO,NSE,IDO,57604,,NIFTY,,2025-02-27,2025-02-27,24050.0,PE,NIFTY25FEB24050PE,0.0,0.0,0.0,638.65,0.0,638.65,24276.05,382.9,0,0,0,0.0,0,F1,75,,,,,
2024-12-02,2024-12-02,FO,NSE,IDO,53003,,NIFTY,,2024-12-05,2024-12-05,24050.0,CE,NIFTY24D0524050CE,231.65,362.1,150.2,327.05,326.2,240.35,24276.05,327.05,716675,29275,1358782,824330430277.5,481773,F1,25,,,,,
2024-12-02,2024-12-02,FO,NSE,IDO,41709,,NIFTY,,2024-12-26,2024-12-26,24050.0,PE,NIFTY24DEC24050PE,257.8,291.2,186.95,199.2,202.15,236.55,24276.05,199.2,88275,9050,12605,7654394327.5,4307,F1,25,,,,,
2024-12-02,2024-12-02,FO,NSE,IDO,46092,,NIFTY,,2024-12-12,2024-12-12,24050.0,PE,NIFTY24D1224050PE,192.5,219.15,119.25,128.85,132.5,161.8,24276.05,128.85,91375,26925,27264,16503142968.75,9180,F1,25,,,,,
2024-12-02,2024-12-02,FO,NSE,IDO,52541,,NIFTY,,2025-01-02,2025-01-02,24050.0,PE,NIFTY2510224050PE,304.6,305.1,217.5,228.6,232.05,304.6,24276.05,228.6,6525,6075,191,348379455.0,117,F1,75,,,,,
2024-12-02,2024-12-02,FO,NSE,IDO,52540,,NIFTY,,2025-01-02,2025-01-02,24050.0,CE,NIFTY2510224050CE,501.55,637.95,496.1,637.95,637.95,550.85,24276.05,594.15,4125,0,26,47982048.75,11,F1,75,,,,,
2024-12-02,2024-12-02,FO,NSE,IDO,46352,,NIFTY,,2025-01-30,2025-01-30,24050.0,CE,NIFTY25JAN24050CE,698.15,849.0,671.7,841.75,849.0,760.65,24276.05,841.75,3475,2175,213,131831153.75,165,F1,25,,,,,
2024-12-02,2024-12-02,FO,NSE,IDO,46091,,NIFTY,,2024-12-12,2024-12-12,24050.0,CE,NIFTY24D1224050CE,295.05,464.85,258.8,428.65,434.55,338.2,24276.05,428.65,40100,1850,10205,6222718181.25,4307,F1,25,,,,,
2024-12-02,2024-12-02,FO,NSE,IDO,47426,,NIFTY,,2024-12-19,2024-12-19,24850.0,CE,NIFTY24D1924850CE,70.0,111.0,53.85,100.35,104.25,71.45,24276.05,100.35,2950,1800,364,226862978.75,185,F1,25,,,,,
2024-12-02,2024-12-02,FO,NSE,IDO,43488,,NIFTY,,2024-12-26,2024-12-26,24850.0,PE,NIFTY24DEC24850PE,743.7,743.7,542.2,571.0,567.5,649.2,24276.05,571.0,9625,-1175,218,138881068.75,124,F1,25,,,,,
2024-12-02,2024-12-02,FO,NSE,IDO,46134,,NIFTY,,2024-12-12,2024-12-12,24850.0,PE,NIFTY24D1224850PE,545.0,556.0,537.9,544.7,556.0,684.6,24276.05,544.7,1525,25,6,3809207.5,4,F1,25,,,,,
2024-12-02,2024-12-02,FO,NSE,IDO,46133,,NIFTY,,2024-12-12,2024-12-12,24850.0,CE,NIFTY24D1224850CE,33.0,58.6,21.3,49.35,51.5,32.9,24276.05,49.35,83750,50300,25341,15768070065.0,7536,F1,25,,,,,
2024-12-02,2024-12-02,FO,NSE,IDO,53074,,NIFTY,,2024-12-05,2024-12-05,25100.0,PE,NIFTY24D0525100PE,953.35,974.4,762.0,799.0,792.65,910.8,24276.05,799.0,9500,150,129,83783547.5,79,F1,25,,,,,
2024-12-02,2024-12-02,FO,NSE,IDO,46145,,NIFTY,,2024-12-12,2024-12-12,25100.0,CE,NIFTY24D1225100CE,12.0,20.1,7.45,16.45,17.45,12.45,24276.05,16.45,424175,242175,87182,54735488163.75,24265,F1,25,,,,,
2024-12-02,2024-12-02,FO,NSE,IDO,47242,,NIFTY,,2024-12-19,2024-12-19,21900.0,CE,NIFTY24D1921900CE,0.0,0.0,0.0,1795.95,0.0,1795.95,24276.05,2444.8,0,0,0,0.0,0,F1,25,,,,,
2024-12-02,2024-12-02,FO,NSE,IDO,50981,,NIFTY,,2027-06-24,2027-06-24,27000.0,CE,NIFTY27JUN27000CE,0.0,0.0,0.0,1932.5,0.0,1932.5,24276.05,2931.3,0,0,0,0.0,0,F1,25,,,,,
2024-12-02,2024-12-02,FO,NSE,IDO,52599,,NIFTY,,2025-01-02,2025-01-02,24900.0,CE,NIFTY2510224900CE,0.0,0.0,0.0,132.0,132.0,132.0,24276.05,197.55,150,0,0,0.0,0,F1,75,,,,,
2024-12-02,2024-12-02,FO,NSE,IDO,53060,,NIFTY,,2024-12-05,2024-12-05,24900.0,PE,NIFTY24D0524900PE,838.95,852.6,558.7,596.0,599.0,714.8,24276.05,596.0,15975,500,1042,665885542.5,451,F1,25,,,,,
2024-12-02,2024-12-02,FO,NSE,IDO,64114,,NIFTY,,2024-12-26,2024-12-26,26400.0,PE,NIFTY24DEC26400PE,0.0,0.0,0.0,2219.05,2219.05,2219.05,24276.05,2010.8,5900,0,0,0.0,0,F1,25,,,,,
2024-12-02,2024-12-02,FO,NSE,IDO,64113,,NIFTY,,2024-12-26,2024-12-26,26400.0,CE,NIFTY24DEC26400CE,4.7,6.25,4.45,5.5,5.45,5.05,24276.05,5.5,112500,36575,7009,4626851653.75,2140,F1,25,,,,,
2024-12-02,2024-12-02,FO,NSE,IDO,45951,,NIFTY,,2024-12-12,2024-12-12,22400.0,CE,NIFTY24D1222400CE,0.0,0.0,0.0,2076.45,2076.45,2076.45,24276.05,1917.45,25,0,0,0.0,0,F1,25,,,,,
2024-12-02,2024-12-02,FO,NSE,IDO,43240,,NIFTY,,2025-01-30,2025-01-30,22400.0,PE,NIFTY25JAN22400PE,73.0,75.0,58.15,60.5,60.95,66.6,24276.05,60.5,125025,6325,1025,575598286.25,373,F1,25,,,,,
2024-12-02,2024-12-02,FO,NSE,IDO,47275,,NIFTY,,2024-12-19,2024-12-19,22400.0,PE,NIFTY24D1922400PE,13.0,17.25,7.25,10.25,10.0,11.55,24276.05,10.25,9200,750,58,32495596.25,19,F1,25,,,,,
2024-12-02,2024-12-02,FO,NSE,IDO,53076,,NIFTY,,2024-12-05,2024-12-05,25150.0,PE,NIFTY24D0525150PE,844.45,844.45,844.45,844.45,844.45,945.45,24276.05,860.25,175,0,1,649861.25,1,F1,25,,,,,
2024-12-02,2024-12-02,FO,NSE,IDO,47438,,NIFTY,,2024-12-19,2024-12-19,25150.0,CE,NIFTY24D1925150CE,30.0,41.85,21.0,39.25,37.65,31.1,24276.05,39.25,850,50,15,9444472.5,9,F1,25,,,,,
2024-12-02,2024-12-02,FO,NSE,IDO,47439,,NIFTY,,2024-12-19,2024-12-19,25150.0,PE,NIFTY24D1925150PE,0.0,0.0,0.0,1516.2,0.0,1516.2,24276.05,846.8,0,0,0,0.0,0,F1,25,,,,,
2024-12-02,2024-12-02,FO,NSE,IDO,52920,,NIFTY,,2024-12-05,2024-12-05,22400.0,PE,NIFTY24D0522400PE,2.0,2.0,1.1,1.45,1.6,1.65,24276.05,1.45,1189175,414150,287918,161243700847.5,33836,F1,25,,,,,
2024-12-02,2024-12-02,FO,NSE,IDO,45952,,NIFTY,,2024-12-12,2024-12-12,22400.0,PE,NIFTY24D1222400PE,5.35,5.8,3.55,4.1,3.75,4.65,24276.05,4.1,91300,46750,8847,4955246470.0,2876,F1,25,,,,,
2024-12-02,2024-12-02,FO,NSE,IDO,58645,,NIFTY,,2026-12-31,2026-12-31,20000.0,PE,NIFTY26DEC20000PE,0.0,0.0,0.0,345.0,345.0,345.0,24276.05,77.25,4250,0,0,0.0,0,F1,25,,,,,
2024-12-02,2024-12-02,FO,NSE,IDO,46012,,NIFTY,,2024-12-12,2024-12-12,22750.0,CE,NIFTY24D1222750CE,0.0,0.0,0.0,1653.6,0.0,1653.6,24276.05,1568.35,0,0,0,0.0,0,F1,25,,,,,
2024-12-02,2024-12-02,FO,NSE,IDO,43226,,NIFTY,,2025-01-30,2025-01-30,22200.0,PE,NIFTY25JAN22200PE,55.45,60.0,49.15,50.35,49.85,54.45,24276.05,50.35,58625,2975,355,197485993.75,113,F1,25,,,,,
2024-12-02,2024-12-02,FO,NSE,IDO,47266,,NIFTY,,2024-12-19,2024-12-19,22200.0,PE,NIFTY24D1922200PE,0.0,0.0,0.0,45.35,0.0,45.35,24276.05,0.15,0,0,0,0.0,0,F1,25,,,,,
2024-12-02,2024-12-02,FO,NSE,IDO,45912,,NIFTY,,2024-12-12,2024-12-12,22200.0,PE,NIFTY24D1222200PE,3.7,4.4,2.5,3.2,3.45,3.7,24276.05,3.2,36075,18225,2732,1516478953.75,1142,F1,25,,,,,
2024-12-02,2024-12-02,FO,NSE,IDO,52903,,NIFTY,,2024-12-05,2024-12-05,22200.0,CE,NIFTY24D0522200CE,0.0,0.0,0.0,1950.45,1950.45,1950.45,24276.05,2088.35,625,0,0,0.0,0,F1,25,,,,,
2024-12-02,2024-12-02,FO,NSE,IDO,67770,,NIFTY,,2028-12-28,2028-12-28,18000.0,CE,NIFTY28DEC18000CE,0.0,0.0,0.0,9380.3,0.0,9380.3,24276.05,10639.2,0,0,0,0.0,0,F1,25,,,,,
2024-12-02,2024-12-02,FO,NSE,IDO,55120,,NIFTY,,2025-06-26,2025-06-26,18000.0,PE,NIFTY25JUN18000PE,0.0,0.0,0.0,110.05,110.05,110.05,24276.05,0.3,300,0,0,0.0,0,F1,25,,,,,
2024-12-02,2024-12-02,FO,NSE,IDO,58641,,NIFTY,,2026-12-31,2026-12-31,18000.0,PE,NIFTY26DEC18000PE,0.0,0.0,0.0,135.05,135.05,135.05,24276.05,18.05,5275,0,0,0.0,0,F1,25,,,,,
2024-12-02,2024-12-02,FO,NSE,IDO,55117,,NIFTY,,2024-12-26,2024-12-26,18000.0,CE,NIFTY24DEC18000CE,6181.0,6410.6,6181.0,6410.6,6410.6,6281.05,24276.05,6410.6,61350,4200,227,137943272.5,63,F1,25,,,,,
2024-12-02,2024-12-02,FO,NSE,IDO,46096,,NIFTY,,2024-12-12,2024-12-12,24150.0,PE,NIFTY24D1224150PE,230.0,263.5,145.85,158.5,159.0,197.1,24276.05,158.5,135475,54150,34517,21009187856.25,11086,F1,25,,,,,
2024-12-02,2024-12-02,FO,NSE,IDO,52544,,NIFTY,,2025-01-02,2025-01-02,24150.0,CE,NIFTY2510224150CE,487.0,506.0,469.05,494.85,494.85,484.55,24276.05,532.55,5175,900,36,66536640.0,22,F1,75,,,,,
2024-12-02,2024-12-02,FO,NSE,IDO,46357,,NIFTY,,2025-01-30,2025-01-30,24150.0,PE,NIFTY25JAN24150PE,395.0,426.6,327.0,337.55,339.55,370.5,24276.05,337.55,5850,-600,391,239609083.75,169,F1,25,,,,,
2024-12-02,2024-12-02,FO,NSE,IDO,46356,,NIFTY,,2025-01-30,2025-01-30,24150.0,CE,NIFTY25JAN24150CE,683.45,800.95,671.0,770.35,773.9,687.3,24276.05,770.35,11750,975,268,166602972.5,194,F1,25,,,,,
2024-12-02,2024-12-02,FO,NSE,IDO,52627,,NIFTY,,2025-01-02,2025-01-02,25450.0,CE,NIFTY2510225450CE,0.0,0.0,0.0,46.75,0.0,46.75,24276.05,77.5,0,0,0,0.0,0,F1,75,,,,,
2024-12-02,2024-12-02,FO,NSE,IDO,43500,,NIFTY,,2024-12-26,2024-12-26,24950.0,PE,NIFTY24DEC24950PE,716.55,769.35,601.25,636.0,636.4,725.3,24276.05,636.0,13575,-400,236,150936207.5,153,F1,25,,,,,
2024-12-02,2024-12-02,FO,NSE,IDO,86144,,NIFTY,,2028-06-29,2028-06-29,20000.0,PE,NIFTY28JUN20000PE,0.0,0.0,0.0,400.0,400.0,400.0,24276.05,98.8,0,0,0,0.0,0,F1,25,,,,,
2024-12-02,2024-12-02,FO,NSE,IDO,43274,,NIFTY,,2025-01-30,2025-01-30,23050.0,PE,NIFTY25JAN23050PE,0.0,0.0,0.0,134.65,134.65,134.65,24276.05,83.45,3725,0,0,0.0,0,F1,25,,,,,
2024-12-02,2024-12-02,FO,NSE,IDO,55641,,NIFTY,,2025-02-27,2025-02-27,23050.0,CE,NIFTY25FEB23050CE,0.0,0.0,0.0,1568.25,0.0,1568.25,24276.05,1722.55,0,0,0,0.0,0,F1,75,,,,,
2024-12-02,2024-12-02,FO,NSE,IDO,62401,,NIFTY,,2024-12-26,2024-12-26,26350.0,CE,NIFTY24DEC26350CE,5.15,6.35,4.85,5.8,5.75,5.4,24276.05,5.8,10925,6950,401,264213432.5,82,F1,25,,,,,
2024-12-02,2024-12-02,FO,NSE,IDO,57627,,NIFTY,,2025-02-27,2025-02-27,24650.0,CE,NIFTY25FEB24650CE,0.0,0.0,0.0,651.0,0.0,651.0,24276.05,660.05,0,0,0,0.0,0,F1,75,,,,,
2024-12-02,2024-12-02,FO,NSE,IDO,42529,,NIFTY,,2024-12-26,2024-12-26,24650.0,PE,NIFTY24DEC24650PE,596.5,603.0,420.7,443.7,445.0,521.45,24276.05,443.7,33750,1175,825,518383773.75,330,F1,25,,,,,
2024-12-02,2024-12-02,FO,NSE,IDO,47417,,NIFTY,,2024-12-19,2024-12-19,24650.0,CE,NIFTY24D1924650CE,124.5,177.45,120.15,159.2,168.55,126.55,24276.05,159.2,625,-525,120,74395938.75,52,F1,25,,,,,
2024-12-02,2024-12-02,FO,NSE,IDO,47408,,NIFTY,,2024-12-19,2024-12-19,24400.0,PE,NIFTY24D1924400PE,392.65,437.2,279.55,293.05,300.4,361.0,24276.05,293.05,8550,5350,920,568172868.75,228,F1,25,,,,,
2024-12-02,2024-12-02,FO,NSE,IDO,46366,,NIFTY,,2025-01-30,2025-01-30,24400.0,CE,NIFTY25JAN24400CE,488.45,641.0,469.75,614.6,612.15,536.75,24276.05,614.6,48375,3475,914,570766626.25,418,F1,25,,,,,
2024-12-02,2024-12-02,FO,NSE,IDO,57618,,NIFTY,,2025-02-27,2025-02-27,24400.0,PE,NIFTY25FEB24400PE,0.0,0.0,0.0,807.2,0.0,807.2,24276.05,522.85,0,0,0,0.0,0,F1,75,,,,,
2024-12-02,2024-12-02,FO,NSE,IDO,53095,,NIFTY,,2024-12-05,2024-12-05,25550.0,CE,NIFTY24D0525550CE,1.0,1.1,0.7,0.75,0.7,1.05,24276.05,0.75,192225,-54600,84896,54229104958.75,13003,F1,25,,,,,
2024-12-02,2024-12-02,FO,NSE,IDO,47465,,NIFTY,,2024-12-19,2024-12-19,25550.0,PE,NIFTY24D1925550PE,0.0,0.0,0.0,1883.35,0.0,1883.35,24276.05,1210.25,0,0,0,0.0,0,F1,25,,,,,
2024-12-02,2024-12-02,FO,NSE,IDO,54701,,NIFTY,,2024-12-26,2024-12-26,25550.0,PE,NIFTY24DEC25550PE,1367.0,1367.0,1212.0,1222.0,1222.0,1120.0,24276.05,1198.75,3200,475,51,34165355.0,13,F1,25,,,,,
2024-12-02,2024-12-02,FO,NSE,IDO,46470,,NIFTY,,2025-01-30,2025-01-30,25500.0,PE,NIFTY25JAN25500PE,1218.0,1226.0,998.7,1027.15,1037.95,1122.5,24276.05,1027.15,63325,24825,2844,1891129787.5,938,F1,25,,,,,
2024-12-02,2024-12-02,FO,NSE,IDO,57664,,NIFTY,,2025-02-27,2025-02-27,25500.0,PE,NIFTY25FEB25500PE,0.0,0.0,0.0,1487.3,0.0,1487.3,24276.05,1148.6,0,0,0,0.0,0,F1,75,,,,,
2024-12-02,2024-12-02,FO,NSE,IDO,54656,,NIFTY,,2024-12-26,2024-12-26,25500.0,PE,NIFTY24DEC25500PE,1299.95,1331.65,1049.3,1086.95,1092.35,1195.2,24276.05,1086.95,830175,-12425,2878,1919036540.0,1206,F1,25,,,,,
2024-12-02,2024-12-02,FO,NSE,IDO,46469,,NIFTY,,2025-01-30,2025-01-30,25500.0,CE,NIFTY25JAN25500CE,118.3,155.05,99.0,143.9,147.0,119.0,24276.05,143.9,614275,78775,20281,12994370338.75,6731,F1,25,,,,,
2024-12-02,2024-12-02,FO,NSE,IDO,53089,,NIFTY,,2024-12-05,2024-12-05,25500.0,CE,NIFTY24D0525500CE,0.9,1.5,0.75,0.9,0.8,1.05,24276.05,0.9,7933425,1586875,1471820,938317373231.25,94641,F1,25,,,,,
2024-12-02,2024-12-02,FO,NSE,IDO,46174,,NIFTY,,2024-12-12,2024-12-12,25500.0,PE,NIFTY24D1225500PE,1398.0,1398.0,1141.0,1141.0,1141.0,1271.7,24276.05,1180.7,10575,650,29,19434095.0,15,F1,25,,,,,
2024-12-02,2024-12-02,FO,NSE,IDO,62396,,NIFTY,,2024-12-26,2024-12-26,26250.0,PE,NIFTY24DEC26250PE,0.0,0.0,0.0,2150.0,2150.0,2150.0,24276.05,1863.6,1375,0,0,0.0,0,F1,25,,,,,
2024-12-02,2024-12-02,FO,NSE,IDO,53130,,NIFTY,,2024-12-05,2024-12-05,26250.0,PE,NIFTY24D0526250PE,2192.75,2238.35,1904.75,1904.75,1904.75,1714.0,24276.05,1959.4,275,275,43,30488190.0,30,F1,25,,,,,
2024-12-02,2024-12-02,FO,NSE,IDO,62394,,NIFTY,,2024-12-26,2024-12-26,26250.0,CE,NIFTY24DEC26250CE,5.8,8.9,5.15,6.8,6.8,6.45,24276.05,6.8,27400,7000,1394,915032253.75,325,F1,25,,,,,
2024-12-02,2024-12-02,FO,NSE,IDO,53129,,NIFTY,,2024-12-05,2024-12-05,26250.0,CE,NIFTY24D0526250CE,0.9,1.0,0.55,0.6,0.55,0.8,24276.05,0.6,3757100,750950,680213,446400908945.0,34712,F1,25,,,,,
2024-12-02,2024-12-02,FO,NSE,IDO,46603,,NIFTY,,2025-01-30,2025-01-30,26250.0,CE,NIFTY25JAN26250CE,37.05,49.0,32.35,43.95,49.0,38.05,24276.05,43.95,40175,1750,586,385144707.5,212,F1,25,,,,,
2024-12-02,2024-12-02,FO,NSE,IDO,46604,,NIFTY,,2025-01-30,2025-01-30,26250.0,PE,NIFTY25JAN26250PE,0.0,0.0,0.0,1823.3,0.0,1823.3,24276.05,1764.5,0,0,0,0.0,0,F1,25,,,,,
2024-12-02,2024-12-02,FO,NSE,IDO,46438,,NIFTY,,2025-01-30,2025-01-30,25050.0,CE,NIFTY25JAN25050CE,239.45,304.65,225.7,283.4,285.3,239.45,24276.05,283.4,11600,1525,430,272226933.75,193,F1,25,,,,,
2024-12-02,2024-12-02,FO,NSE,IDO,57646,,NIFTY,,2025-02-27,2025-02-27,25050.0,PE,NIFTY25FEB25050PE,0.0,0.0,0.0,1182.95,0.0,1182.95,24276.05,859.5,0,0,0,0.0,0,F1,75,,,,,
2024-12-02,2024-12-02,FO,NSE,IDO,64144,,NIFTY,,2024-12-26,2024-12-26,26850.0,CE,NIFTY24DEC26850CE,0.0,0.0,0.0,5.65,4.7,5.65,24276.05,0.85,3250,0,0,0.0,0,F1,25,,,,,
2024-12-02,2024-12-02,FO,NSE,IDO,64145,,NIFTY,,2024-12-26,2024-12-26,26850.0,PE,NIFTY24DEC26850PE,0.0,0.0,0.0,930.8,0.0,930.8,24276.05,2455.9,0,0,0,0.0,0,F1,25,,,,,
2024-12-02,2024-12-02,FO,NSE,IDO,46003,,NIFTY,,2024-12-12,2024-12-12,22700.0,CE,NIFTY24D1222700CE,0.0,0.0,0.0,1699.0,0.0,1699.0,24276.05,1618.15,0,0,0,0.0,0,F1,25,,,,,
2024-12-02,2024-12-02,FO,NSE,IDO,43255,,NIFTY,,2025-01-30,2025-01-30,22700.0,CE,NIFTY25JAN22700CE,0.0,0.0,0.0,2063.8,0.0,2063.8,24276.05,1868.65,0,0,0,0.0,0,F1,25,,,,,
2024-12-02,2024-12-02,FO,NSE,IDO,41585,,NIFTY,,2024-12-26,2024-12-26,22700.0,CE,NIFTY24DEC22700CE,1530.45,1775.0,1530.45,1751.6,1747.0,1636.15,24276.05,1751.6,4100,-150,15,9144838.75,9,F1,25,,,,,
2024-12-02,2024-12-02,FO,NSE,IDO,55627,,NIFTY,,2025-02-27,2025-02-27,22700.0,CE,NIFTY25FEB22700CE,0.0,0.0,0.0,1830.2,0.0,1830.2,24276.05,2019.35,0,0,0,0.0,0,F1,75,,,,,
2024-12-02,2024-12-02,FO,NSE,IDO,52440,,NIFTY,,2025-01-02,2025-01-02,22700.0,PE,NIFTY2510222700PE,0.0,0.0,0.0,189.8,0.0,189.8,24276.05,12.85,0,0,0,0.0,0,F1,75,,,,,
2024-12-02,2024-12-02,FO,NSE,IDO,52431,,NIFTY,,2025-01-02,2025-01-02,22700.0,CE,NIFTY2510222700CE,0.0,0.0,0.0,1029.55,0.0,1029.55,24276.05,1718.65,0,0,0,0.0,0,F1,75,,,,,
2024-12-02,2024-12-02,FO,NSE,IDO,41588,,NIFTY,,2024-12-26,2024-12-26,22700.0,PE,NIFTY24DEC22700PE,32.65,42.0,28.05,29.45,28.05,34.1,24276.05,29.45,695800,112200,25103,14266208917.5,6870,F1,25,,,,,
2024-12-02,2024-12-02,FO,NSE,IDO,47455,,NIFTY,,2024-12-19,2024-12-19,25350.0,PE,NIFTY24D1925350PE,0.0,0.0,0.0,1697.45,0.0,1697.45,24276.05,1024.35,0,0,0,0.0,0,F1,25,,,,,
2024-12-02,2024-12-02,FO,NSE,IDO,52594,,NIFTY,,2025-01-02,2025-01-02,24750.0,PE,NIFTY2510224750PE,0.0,0.0,0.0,1322.3,0.0,1322.3,24276.05,579.55,0,0,0,0.0,0,F1,75,,,,,
2024-12-02,2024-12-02,FO,NSE,IDO,43191,,NIFTY,,2025-01-30,2025-01-30,21600.0,CE,NIFTY25JAN21600CE,0.0,0.0,0.0,2765.0,2765.0,2765.0,24276.05,2914.95,75,0,0,0.0,0,F1,25,,,,,
2024-12-02,2024-12-02,FO,NSE,IDO,45843,,NIFTY,,2024-12-12,2024-12-12,21600.0,CE,NIFTY24D1221600CE,0.0,0.0,0.0,2752.7,0.0,2752.7,24276.05,2715.95,0,0,0,0.0,0,F1,25,,,,,
2024-12-02,2024-12-02,FO,NSE,IDO,46117,,NIFTY,,2024-12-12,2024-12-12,24500.0,CE,NIFTY24D1224500CE,109.9,181.0,73.8,160.1,163.0,109.75,24276.05,160.1,972950,323050,160588,98868196048.75,41583,F1,25,,,,,
2024-12-02,2024-12-02,FO,NSE,IDO,43511,,NIFTY,,2024-12-26,2024-12-26,25100.0,CE,NIFTY24DEC25100CE,63.05,92.15,44.35,80.4,83.05,61.5,24276.05,80.4,449425,85000,47970,30184813772.5,18483,F1,25,,,,,
2024-12-02,2024-12-02,FO,NSE,IDO,57647,,NIFTY,,2025-02-27,2025-02-27,25100.0,CE,NIFTY25FEB25100CE,0.0,0.0,0.0,481.9,0.0,481.9,24276.05,466.1,0,0,0,0.0,0,F1,75,,,,,
2024-12-02,2024-12-02,FO,NSE,IDO,47437,,NIFTY,,2024-12-19,2024-12-19,25100.0,PE,NIFTY24D1925100PE,0.0,0.0,0.0,1471.75,0.0,1471.75,24276.05,804.05,0,0,0,0.0,0,F1,25,,,,,
2024-12-02,2024-12-02,FO,NSE,IDO,53073,,NIFTY,,2024-12-05,2024-12-05,25100.0,CE,NIFTY24D0525100CE,1.85,2.45,1.35,1.9,1.75,1.8,24276.05,1.9,4983075,1747975,1755153,1101437076068.75,141556,F1,25,,,,,
2024-12-02,2024-12-02,FO,NSE,IDO,46449,,NIFTY,,2025-01-30,2025-01-30,25100.0,PE,NIFTY25JAN25100PE,860.0,860.0,747.0,750.0,750.0,840.3,24276.05,750.0,9450,-25,9,5827900.0,7,F1,25,,,,,
2024-12-02,2024-12-02,FO,NSE,IDO,53022,,NIFTY,,2024-12-05,2024-12-05,24450.0,PE,NIFTY24D0524450PE,338.25,427.65,205.2,228.45,228.25,310.65,24276.05,228.45,254725,185850,102852,63547617303.75,38851,F1,25,,,,,
2024-12-02,2024-12-02,FO,NSE,IDO,41903,,NIFTY,,2024-12-26,2024-12-26,24450.0,CE,NIFTY24DEC24450CE,227.95,350.1,208.45,321.95,322.5,260.55,24276.05,321.95,95750,11625,7834,4844784620.0,3006,F1,25,,,,,
2024-12-02,2024-12-02,FO,NSE,IDO,46368,,NIFTY,,2025-01-30,2025-01-30,24450.0,CE,NIFTY25JAN24450CE,479.0,609.0,479.0,584.3,583.7,509.1,24276.05,584.3,17625,1275,225,140649963.75,147,F1,25,,,,,
2024-12-02,2024-12-02,FO,NSE,IDO,46115,,NIFTY,,2024-12-12,2024-12-12,24450.0,CE,NIFTY24D1224450CE,110.0,206.5,87.6,183.3,187.85,127.85,24276.05,183.3,64600,5800,24561,15105117843.75,7689,F1,25,,,,,
2024-12-02,2024-12-02,FO,NSE,IDO,41904,,NIFTY,,2024-12-26,2024-12-26,24450.0,PE,NIFTY24DEC24450PE,450.5,485.55,325.75,344.35,348.6,402.25,24276.05,344.35,75600,11150,3164,1964056737.5,1216,F1,25,,,,,
2024-12-02,2024-12-02,FO,NSE,IDO,52569,,NIFTY,,2025-01-02,2025-01-02,24450.0,CE,NIFTY2510224450CE,403.05,406.1,391.05,391.05,391.05,191.0,24276.05,371.8,7125,7125,95,177086643.75,9,F1,75,,,,,
2024-12-02,2024-12-02,FO,NSE,IDO,53021,,NIFTY,,2024-12-05,2024-12-05,24450.0,CE,NIFTY24D0524450CE,50.15,106.35,22.25,85.65,86.2,51.5,24276.05,85.65,2204100,1140225,2795803,1713420526838.75,782871,F1,25,,,,,
2024-12-02,2024-12-02,FO,NSE,IDO,64159,,NIFTY,,2024-12-26,2024-12-26,27200.0,CE,NIFTY24DEC27200CE,4.3,6.0,3.25,4.3,3.7,4.25,24276.05,4.3,52750,47500,6486,4411229896.25,1221,F1,25,,,,,
2024-12-02,2024-12-02,FO,NSE,IDO,57668,,NIFTY,,2025-02-27,2025-02-27,25600.0,PE,NIFTY25FEB25600PE,0.0,0.0,0.0,1559.35,0.0,1559.35,24276.05,1218.55,0,0,0,0.0,0,F1,75,,,,,
2024-12-02,2024-12-02,FO,NSE,IDO,52635,,NIFTY,,2025-01-02,2025-01-02,25600.0,CE,NIFTY2510225600CE,27.0,32.55,18.65,32.55,32.55,38.45,24276.05,58.1,1125,150,6,11532641.25,6,F1,75,,,,,
2024-12-02,2024-12-02,FO,NSE,IDO,52636,,NIFTY,,2025-01-02,2025-01-02,25600.0,PE,NIFTY2510225600PE,0.0,0.0,0.0,2072.75,0.0,2072.75,24276.05,1235.7,0,0,0,0.0,0,F1,75,,,,,
2024-12-02,2024-12-02,FO,NSE,IDO,46184,,NIFTY,,2024-12-12,2024-12-12,25600.0,PE,NIFTY24D1225600PE,1450.0,1450.0,1370.0,1370.0,1370.0,1329.8,24276.05,1279.05,25,25,2,1350500.0,2,F1,25,,,,,
2024-12-02,2024-12-02,FO,NSE,IDO,46492,,NIFTY,,2025-01-30,2025-01-30,25600.0,CE,NIFTY25JAN25600CE,86.0,130.95,81.8,120.75,120.8,100.0,24276.05,120.75,29050,19175,1639,1053329038.75,303,F1,25,,,,,
2024-12-02,2024-12-02,FO,NSE,IDO,53098,,NIFTY,,2024-12-05,2024-12-05,25600.0,PE,NIFTY24D0525600PE,1518.0,1518.0,1263.95,1293.75,1298.4,1356.4,24276.05,1293.75,34150,25,259,174112876.25,143,F1,25,,,,,
2024-12-02,2024-12-02,FO,NSE,IDO,47471,,NIFTY,,2024-12-19,2024-12-19,25600.0,PE,NIFTY24D1925600PE,0.0,0.0,0.0,1930.45,0.0,1930.45,24276.05,1257.7,0,0,0,0.0,0,F1,25,,,,,
2024-12-02,2024-12-02,FO,NSE,IDO,54702,,NIFTY,,2024-12-26,2024-12-26,25600.0,CE,NIFTY24DEC25600CE,15.75,24.3,10.2,20.6,21.0,15.45,24276.05,20.6,511750,85550,37696,24141336102.5,11678,F1,25,,,,,
2024-12-02,2024-12-02,FO,NSE,IDO,57667,,NIFTY,,2025-02-27,2025-02-27,25600.0,CE,NIFTY25FEB25600CE,0.0,0.0,0.0,335.2,0.0,335.2,24276.05,303.15,0,0,0,0.0,0,F1,75,,,,,
2024-12-02,2024-12-02,FO,NSE,IDO,47466,,NIFTY,,2024-12-19,2024-12-19,25600.0,CE,NIFTY24D1925600CE,8.65,10.45,4.1,7.85,8.55,7.75,24276.05,7.85,16100,7800,584,373873087.5,131,F1,25,,,,,
2024-12-02,2024-12-02,FO,NSE,IDO,46493,,NIFTY,,2025-01-30,2025-01-30,25600.0,PE,NIFTY25JAN25600PE,0.0,0.0,0.0,1060.0,1060.0,1060.0,24276.05,1222.15,1875,0,0,0.0,0,F1,25,,,,,
2024-12-02,2024-12-02,FO,NSE,IDO,54703,,NIFTY,,2024-12-26,2024-12-26,25600.0,PE,NIFTY24DEC25600PE,1395.0,1395.0,1174.6,1185.0,1185.0,1275.0,24276.05,1185.0,37850,-625,31,20825422.5,27,F1,25,,,,,
2024-12-02,2024-12-02,FO,NSE,IDO,46179,,NIFTY,,2024-12-12,2024-12-12,25600.0,CE,NIFTY24D1225600CE,2.25,3.4,2.15,2.95,3.0,3.4,24276.05,2.95,55475,13850,8712,5576281490.0,1537,F1,25,,,,,
2024-12-02,2024-12-02,FO,NSE,IDO,53097,,NIFTY,,2024-12-05,2024-12-05,25600.0,CE,NIFTY24D0525600CE,0.95,1.05,0.7,0.75,0.8,1.0,24276.05,0.75,1835975,254075,184662,118187451048.75,27361,F1,25,,,,,
2024-12-02,2024-12-02,FO,NSE,IDO,41459,,NIFTY,,2024-12-26,2024-12-26,21600.0,CE,NIFTY24DEC21600CE,2710.0,2710.0,2710.0,2710.0,2710.0,2710.0,24276.05,2771.75,150,75,3,1823250.0,1,F1,25,,,,,
2024-12-02,2024-12-02,FO,NSE,IDO,57645,,NIFTY,,2025-02-27,2025-02-27,25050.0,CE,NIFTY25FEB25050CE,0.0,0.0,0.0,498.9,0.0,498.9,24276.05,485.35,0,0,0,0.0,0,F1,75,,,,,
2024-12-02,2024-12-02,FO,NSE,IDO,53068,,NIFTY,,2024-12-05,2024-12-05,25050.0,CE,NIFTY24D0525050CE,2.25,3.15,1.6,2.35,2.4,2.25,24276.05,2.35,1602900,739650,1501642,940489417553.75,116289,F1,25,,,,,
2024-12-02,2024-12-02,FO,NSE,IDO,46535,,NIFTY,,2025-01-30,2025-01-30,25850.0,PE,NIFTY25JAN25850PE,0.0,0.0,0.0,1522.1,0.0,1522.1,24276.05,1422.4,0,0,0,0.0,0,F1,25,,,,,
2024-12-02,2024-12-02,FO,NSE,IDO,57678,,NIFTY,,2025-02-27,2025-02-27,25850.0,PE,NIFTY25FEB25850PE,0.0,0.0,0.0,1746.45,0.0,1746.45,24276.05,1401.6,0,0,0,0.0,0,F1,75,,,,,
2024-12-02,2024-12-02,FO,NSE,IDO,53110,,NIFTY,,2024-12-05,2024-12-05,25850.0,PE,NIFTY24D0525850PE,0.0,0.0,0.0,1374.75,0.0,1374.75,24276.05,1559.6,0,0,0,0.0,0,F1,25,,,,,
2024-12-02,2024-12-02,FO,NSE,IDO,54912,,NIFTY,,2024-12-26,2024-12-26,25850.0,PE,NIFTY24DEC25850PE,0.0,0.0,0.0,809.35,809.35,809.35,24276.05,1477.45,200,0,0,0.0,0,F1,25,,,,,
2024-12-02,2024-12-02,FO,NSE,IDO,57672,,NIFTY,,2025-02-27,2025-02-27,25700.0,PE,NIFTY25FEB25700PE,0.0,0.0,0.0,1634.1,0.0,1634.1,24276.05,1290.4,0,0,0,0.0,0,F1,75,,,,,
2024-12-02,2024-12-02,FO,NSE,IDO,47478,,NIFTY,,2024-12-19,2024-12-19,25700.0,PE,NIFTY24D1925700PE,0.0,0.0,0.0,2025.2,0.0,2025.2,24276.05,1353.5,0,0,0,0.0,0,F1,25,,,,,
2024-12-02,2024-12-02,FO,NSE,IDO,57671,,NIFTY,,2025-02-27,2025-02-27,25700.0,CE,NIFTY25FEB25700CE,0.0,0.0,0.0,311.75,0.0,311.75,24276.05,276.6,0,0,0,0.0,0,F1,75,,,,,
2024-12-02,2024-12-02,FO,NSE,IDO,54846,,NIFTY,,2024-12-26,2024-12-26,25700.0,PE,NIFTY24DEC25700PE,1430.1,1430.1,1232.8,1279.95,1289.35,1430.1,24276.05,1279.95,37625,-1550,155,104501535.0,69,F1,25,,,,,
2024-12-02,2024-12-02,FO,NSE,IDO,53102,,NIFTY,,2024-12-05,2024-12-05,25700.0,PE,NIFTY24D0525700PE,1551.05,1588.05,1352.8,1406.8,1406.8,1511.0,24276.05,1406.8,33000,-25,12,8150018.75,7,F1,25,,,,,
2024-12-02,2024-12-02,FO,NSE,IDO,46192,,NIFTY,,2024-12-12,2024-12-12,25700.0,PE,NIFTY24D1225700PE,0.0,0.0,0.0,1481.0,1481.0,1481.0,24276.05,1377.9,500,0,0,0.0,0,F1,25,,,,,
2024-12-02,2024-12-02,FO,NSE,IDO,52639,,NIFTY,,2025-01-02,2025-01-02,25700.0,CE,NIFTY2510225700CE,0.0,0.0,0.0,31.2,0.0,31.2,24276.05,47.6,0,0,0,0.0,0,F1,75,,,,,
2024-12-02,2024-12-02,FO,NSE,IDO,46504,,NIFTY,,2025-01-30,2025-01-30,25700.0,PE,NIFTY25JAN25700PE,0.0,0.0,0.0,1354.3,1354.3,1354.3,24276.05,1300.8,1650,0,0,0.0,0,F1,25,,,,,
2024-12-02,2024-12-02,FO,NSE,IDO,47477,,NIFTY,,2024-12-19,2024-12-19,25700.0,CE,NIFTY24D1925700CE,6.0,7.95,3.4,6.0,6.5,9.55,24276.05,6.0,27375,20825,1479,950452762.5,201,F1,25,,,,,
2024-12-02,2024-12-02,FO,NSE,IDO,52640,,NIFTY,,2025-01-02,2025-01-02,25700.0,PE,NIFTY2510225700PE,0.0,0.0,0.0,2166.35,0.0,2166.35,24276.05,1324.65,0,0,0,0.0,0,F1,75,,,,,
2024-12-02,2024-12-02,FO,NSE,IDO,46191,,NIFTY,,2024-12-12,2024-12-12,25700.0,CE,NIFTY24D1225700CE,3.15,3.15,1.8,2.45,2.35,2.8,24276.05,2.45,41825,15625,4134,2656329458.75,1369,F1,25,,,,,
2024-12-02,2024-12-02,FO,NSE,IDO,54844,,NIFTY,,2024-12-26,2024-12-26,25700.0,CE,NIFTY24DEC25700CE,14.0,18.3,8.5,15.5,15.8,12.05,24276.05,15.5,314800,-120525,28048,18029546238.75,7180,F1,25,,,,,
2024-12-02,2024-12-02,FO,NSE,IDO,53101,,NIFTY,,2024-12-05,2024-12-05,25700.0,CE,NIFTY24D0525700CE,1.6,1.6,0.65,0.7,0.65,0.95,24276.05,0.7,1176450,197000,112785,72466557228.75,14722,F1,25,,,,,
2024-12-02,2024-12-02,FO,NSE,IDO,57663,,NIFTY,,2025-02-27,2025-02-27,25500.0,CE,NIFTY25FEB25500CE,209.0,295.95,195.65,280.4,282.75,233.6,24276.05,280.4,18975,15225,378,730115190.0,280,F1,75,,,,,
2024-12-02,2024-12-02,FO,NSE,IDO,46167,,NIFTY,,2024-12-12,2024-12-12,25500.0,CE,NIFTY24D1225500CE,3.8,4.9,2.5,3.9,4.0,3.8,24276.05,3.9,615525,346550,71319,45471756093.75,9977,F1,25,,,,,
2024-12-02,2024-12-02,FO,NSE,IDO,53115,,NIFTY,,2024-12-05,2024-12-05,25950.0,CE,NIFTY24D0525950CE,1.15,1.15,0.55,0.6,0.55,0.9,24276.05,0.6,263425,55125,55619,36083787912.5,6477,F1,25,,,,,
2024-12-02,2024-12-02,FO,NSE,IDO,46204,,NIFTY,,2024-12-12,2024-12-12,25950.0,CE,NIFTY24D1225950CE,2.45,2.45,1.45,1.95,1.95,2.4,24276.05,1.95,27375,-16450,2782,1804946845.0,656,F1,25,,,,,
2024-12-02,2024-12-02,FO,NSE,IDO,53012,,NIFTY,,2024-12-05,2024-12-05,24200.0,PE,NIFTY24D0524200PE,159.1,238.9,99.45,111.6,111.6,159.1,24276.05,111.6,5883325,2874225,4926687,2999422436786.25,1407899,F1,25,,,,,
2024-12-02,2024-12-02,FO,NSE,IDO,41871,,NIFTY,,2024-12-26,2024-12-26,24200.0,CE,NIFTY24DEC24200CE,439.9,505.0,324.3,471.9,475.0,398.85,24276.05,471.9,990125,-9525,95774,58945146003.75,27920,F1,25,,,,,
2024-12-02,2024-12-02,FO,NSE,IDO,41872,,NIFTY,,2024-12-26,2024-12-26,24200.0,PE,NIFTY24DEC24200PE,329.15,355.75,230.0,243.9,244.05,289.6,24276.05,243.9,1084750,216825,108874,66642903776.25,31638,F1,25,,,,,
2024-12-02,2024-12-02,FO,NSE,IDO,46036,,NIFTY,,2024-12-12,2024-12-12,23050.0,PE,NIFTY24D1223050PE,20.75,23.35,13.55,14.7,15.0,17.6,24276.05,14.7,45050,28400,7299,4208972261.25,4113,F1,25,,,,,
2024-12-02,2024-12-02,FO,NSE,IDO,52453,,NIFTY,,2025-01-02,2025-01-02,23050.0,CE,NIFTY2510223050CE,0.0,0.0,0.0,788.5,0.0,788.5,24276.05,1389.9,0,0,0,0.0,0,F1,75,,,,,
2024-12-02,2024-12-02,FO,NSE,IDO,64110,,NIFTY,,2024-12-26,2024-12-26,26350.0,PE,NIFTY24DEC26350PE,0.0,0.0,0.0,602.1,602.1,602.1,24276.05,1961.65,25,0,0,0.0,0,F1,25,,,,,
2024-12-02,2024-12-02,FO,NSE,IDO,46388,,NIFTY,,2025-01-30,2025-01-30,24650.0,PE,NIFTY25JAN24650PE,570.0,575.0,515.5,517.0,517.0,577.4,24276.05,591.8,7075,325,17,10713050.0,5,F1,25,,,,,
2024-12-02,2024-12-02,FO,NSE,IDO,52585,,NIFTY,,2025-01-02,2025-01-02,24650.0,PE,NIFTY2510224650PE,0.0,0.0,0.0,1241.35,0.0,1241.35,24276.05,517.75,0,0,0,0.0,0,F1,75,,,,,
2024-12-02,2024-12-02,FO,NSE,IDO,46387,,NIFTY,,2025-01-30,2025-01-30,24650.0,CE,NIFTY25JAN24650CE,385.55,496.9,365.1,470.35,470.45,409.3,24276.05,470.35,7750,2350,188,118016732.5,146,F1,25,,,,,
2024-12-02,2024-12-02,FO,NSE,IDO,46123,,NIFTY,,2024-12-12,2024-12-12,24650.0,CE,NIFTY24D1224650CE,65.0,118.4,44.4,101.7,103.4,67.3,24276.05,101.7,99675,29350,33137,20484756598.75,14597,F1,25,,,,,
2024-12-02,2024-12-02,FO,NSE,IDO,57628,,NIFTY,,2025-02-27,2025-02-27,24650.0,PE,NIFTY25FEB24650PE,0.0,0.0,0.0,942.3,0.0,942.3,24276.05,640.55,0,0,0,0.0,0,F1,75,,,,,
2024-12-02,2024-12-02,FO,NSE,IDO,46033,,NIFTY,,2024-12-12,2024-12-12,23050.0,CE,NIFTY24D1223050CE,0.0,0.0,0.0,1024.9,1024.9,1024.9,24276.05,1270.3,50,0,0,0.0,0,F1,25,,,,,
2024-12-02,2024-12-02,FO,NSE,IDO,57617,,NIFTY,,2025-02-27,2025-02-27,24400.0,CE,NIFTY25FEB24400CE,0.0,0.0,0.0,761.4,0.0,761.4,24276.05,788.35,0,0,0,0.0,0,F1,75,,,,,
