TradDt,BizDt,Sgmt,Src,FinInstrmTp,FinInstrmId,ISIN,TckrSymb,SctySrs,XpryDt,FininstrmActlXpryDt,StrkPric,OptnTp,FinInstrmNm,OpnPric,HghPric,LwPric,ClsPric,LastPric,PrvsClsgPric,UndrlygPric,SttlmPric,OpnIntrst,ChngInOpnIntrst,TtlTradgVol,TtlTrfVal,TtlNbOfTxsExctd,SsnId,NewBrdLotQty,Rmks,Rsvd1,Rsvd2,Rsvd3,Rsvd4
2025-05-21,2025-05-21,FO,NSE,IDO,44718,,NIFTY,,2025-06-12,2025-06-12,22250.0,CE,NIFTY2561222250CE,0.0,0.0,0.0,2183.45,0.0,2183.45,24813.45,2650.75,0,0,0,0.0,0,F1,75,,,,,
2025-05-21,2025-05-21,FO,NSE,IDO,71547,,NIFTY,,2027-06-24,2027-06-24,18000.0,CE,NIFTY27JUN18000CE,0.0,0.0,0.0,4066.45,0.0,4066.45,24813.45,9223.4,0,0,0,0.0,0,F1,75,,,,,
2025-05-21,2025-05-21,FO,NSE,IDO,50981,,NIFTY,,2027-06-24,2027-06-24,27000.0,CE,NIFTY27JUN27000CE,0.0,0.0,0.0,1932.5,0.0,1932.5,24813.45,3151.7,0,0,0,0.0,0,F1,75,,,,,
2025-05-21,2025-05-21,FO,NSE,IDO,38164,,NIFTY,,2027-12-30,2027-12-30,29000.0,CE,NIFTY27DEC29000CE,0.0,0.0,0.0,1932.55,0.0,1932.55,24813.45,2990.1,0,0,0,0.0,0,F1,75,,,,,
2025-05-21,2025-05-21,FO,NSE,IDO,67782,,NIFTY,,2028-12-28,2028-12-28,24000.0,CE,NIFTY28DEC24000CE,0.0,0.0,0.0,5850.3,0.0,5850.3,24813.45,6764.45,0,0,0,0.0,0,F1,75,,,,,
2025-05-21,2025-05-21,FO,NSE,IDO,89634,,NIFTY,,2029-06-28,2029-06-28,26000.0,CE,NIFTY29JUN26000CE,0.0,0.0,0.0,7052.2,0.0,7052.2,24813.45,6266.85,0,0,0,0.0,0,F1,75,,,,,
2025-05-21,2025-05-21,FO,NSE,IDO,61659,,NIFTY,,2029-12-27,2029-12-27,21000.0,CE,NIFTY29DEC21000CE,0.0,0.0,0.0,9463.95,0.0,9463.95,24813.45,9720.25,0,0,0,0.0,0,F1,75,,,,,
2025-05-21,2025-05-21,FO,NSE,IDO,61744,,NIFTY,,2029-12-27,2029-12-27,22000.0,CE,NIFTY29DEC22000CE,0.0,0.0,0.0,8865.25,0.0,8865.25,24813.45,9099.4,0,0,0,0.0,0,F1,75,,,,,
2025-05-21,2025-05-21,FO,NSE,IDO,61914,,NIFTY,,2029-12-27,2029-12-27,29000.0,CE,NIFTY29DEC29000CE,0.0,0.0,0.0,5305.8,0.0,5305.8,24813.45,5442.05,0,0,0,0.0,0,F1,75,,,,,
2025-05-21,2025-05-21,FO,NSE,IDO,49104,,NIFTY,,2025-05-22,2025-05-22,22600.0,PE,NIFTY2552222600PE,0.55,0.7,0.2,0.25,0.2,0.65,24813.45,0.25,385425,20925,37857,64168791127.5,5804,F1,75,,,,,
2025-05-21,2025-05-21,FO,NSE,IDO,49116,,NIFTY,,2025-05-22,2025-05-22,22900.0,PE,NIFTY2552222900PE,0.7,0.8,0.3,0.4,0.3,0.8,24813.45,0.4,402675,17475,36158,62102764226.25,4976,F1,75,,,,,
2025-05-21,2025-05-21,FO,NSE,IDO,49148,,NIFTY,,2025-05-22,2025-05-22,23450.0,PE,NIFTY2552223450PE,1.5,1.55,0.5,0.7,0.5,1.9,24813.45,0.7,173925,-137250,63537,111750434902.5,14783,F1,75,,,,,
2025-05-21,2025-05-21,FO,NSE,IDO,49246,,NIFTY,,2025-05-22,2025-05-22,25000.0,PE,NIFTY2552225000PE,270.05,354.95,137.05,251.15,262.55,311.35,24813.45,251.15,3488325,-791475,1091140,2063826293775.0,644119,F1,75,,,,,
2025-05-21,2025-05-21,FO,NSE,IDO,49261,,NIFTY,,2025-05-22,2025-05-22,25100.0,PE,NIFTY2552225100PE,373.8,443.3,197.6,335.05,346.05,400.8,24813.45,335.05,1128675,-210000,187315,356703139882.5,119210,F1,75,,,,,
2025-05-21,2025-05-21,FO,NSE,IDO,49351,,NIFTY,,2025-05-22,2025-05-22,26400.0,PE,NIFTY2552226400PE,0.0,0.0,0.0,1642.5,1642.5,1642.5,24813.45,1581.95,525,0,0,0.0,0,F1,75,,,,,
2025-05-21,2025-05-21,FO,NSE,IDO,61328,,NIFTY,,2025-05-29,2025-05-29,20450.0,PE,NIFTY25MAY20450PE,1.75,1.75,1.5,1.6,1.55,1.85,24813.45,1.6,66375,-3900,207,317511540.0,88,F1,75,,,,,
2025-05-21,2025-05-21,FO,NSE,IDO,61400,,NIFTY,,2025-05-29,2025-05-29,21600.0,PE,NIFTY25MAY21600PE,3.65,3.65,2.45,2.7,2.5,3.7,24813.45,2.7,52725,-2700,872,1412823281.25,670,F1,75,,,,,
2025-05-21,2025-05-21,FO,NSE,IDO,61498,,NIFTY,,2025-05-29,2025-05-29,22300.0,PE,NIFTY25MAY22300PE,5.5,5.55,3.1,3.85,3.75,5.35,24813.45,3.85,116700,31650,3201,5354596743.75,2256,F1,75,,,,,
2025-05-21,2025-05-21,FO,NSE,IDO,61502,,NIFTY,,2025-05-29,2025-05-29,22400.0,PE,NIFTY25MAY22400PE,4.35,5.25,3.4,4.1,4.0,5.85,24813.45,4.1,93075,2700,4542,7631956147.5,2852,F1,75,,,,,
2025-05-21,2025-05-21,FO,NSE,IDO,61530,,NIFTY,,2025-05-29,2025-05-29,23100.0,PE,NIFTY25MAY23100PE,9.15,11.15,6.4,7.5,7.75,10.8,24813.45,7.5,895575,6300,19601,33970426125.0,9726,F1,75,,,,,
2025-05-21,2025-05-21,FO,NSE,IDO,61536,,NIFTY,,2025-05-29,2025-05-29,23250.0,PE,NIFTY25MAY23250PE,9.0,13.4,7.5,8.45,8.75,12.1,24813.45,8.45,75750,23400,4304,7508075272.5,2864,F1,75,,,,,
2025-05-21,2025-05-21,FO,NSE,IDO,61768,,NIFTY,,2025-05-29,2025-05-29,25300.0,PE,NIFTY25MAY25300PE,579.45,616.7,405.0,535.35,538.6,591.4,24813.45,535.35,107625,1800,4194,8117173342.5,2830,F1,75,,,,,
2025-05-21,2025-05-21,FO,NSE,IDO,61802,,NIFTY,,2025-05-29,2025-05-29,26000.0,PE,NIFTY25MAY26000PE,1250.0,1269.4,990.0,1177.3,1186.1,1229.5,24813.45,1177.3,351225,-43050,2877,5850698951.25,1249,F1,75,,,,,
2025-05-21,2025-05-21,FO,NSE,IDO,61812,,NIFTY,,2025-05-29,2025-05-29,26250.0,PE,NIFTY25MAY26250PE,1402.55,1402.55,1402.55,1402.55,1402.55,1498.25,24813.45,1403.7,450,75,1,2073941.25,1,F1,75,,,,,
2025-05-21,2025-05-21,FO,NSE,IDO,40440,,NIFTY,,2025-06-05,2025-06-05,24100.0,PE,NIFTY2560524100PE,98.0,122.45,75.15,95.65,94.1,103.35,24813.45,95.65,44400,4875,1308,2373457905.0,998,F1,75,,,,,
2025-05-21,2025-05-21,FO,NSE,IDO,40474,,NIFTY,,2025-06-05,2025-06-05,24650.0,PE,NIFTY2560524650PE,247.6,275.05,183.7,230.85,231.75,247.6,24813.45,230.85,19200,5775,572,1067432505.0,368,F1,75,,,,,
2025-05-21,2025-05-21,FO,NSE,IDO,40496,,NIFTY,,2025-06-05,2025-06-05,25100.0,PE,NIFTY2560525100PE,490.0,517.05,348.0,450.0,469.45,484.2,24813.45,450.0,237150,1575,1353,2590950142.5,896,F1,75,,,,,
2025-05-21,2025-05-21,FO,NSE,IDO,40540,,NIFTY,,2025-06-05,2025-06-05,26000.0,PE,NIFTY2560526000PE,1212.0,1212.0,1034.7,1164.6,1162.2,1233.0,24813.45,1164.6,2100,-1275,32,65043386.25,32,F1,75,,,,,
2025-05-21,2025-05-21,FO,NSE,IDO,40569,,NIFTY,,2025-06-05,2025-06-05,26550.0,PE,NIFTY2560526550PE,1680.0,1680.0,1680.0,1680.0,1680.0,2080.65,24813.45,1678.6,75,75,1,2117250.0,1,F1,75,,,,,
2025-05-21,2025-05-21,FO,NSE,IDO,44719,,NIFTY,,2025-06-12,2025-06-12,22250.0,PE,NIFTY2561222250PE,16.8,19.85,9.25,17.3,17.3,16.0,24813.45,1.35,6825,2550,58,96853218.75,24,F1,75,,,,,
2025-05-21,2025-05-21,FO,NSE,IDO,44725,,NIFTY,,2025-06-12,2025-06-12,22400.0,PE,NIFTY2561222400PE,0.0,0.0,0.0,20.7,20.7,20.7,24813.45,2.25,1575,0,0,0.0,0,F1,75,,,,,
2025-05-21,2025-05-21,FO,NSE,IDO,44885,,NIFTY,,2025-06-12,2025-06-12,25400.0,PE,NIFTY2561225400PE,685.5,755.2,561.7,685.3,696.5,604.65,24813.45,685.3,15600,15525,514,1004185575.0,307,F1,75,,,,,
2025-05-21,2025-05-21,FO,NSE,IDO,44917,,NIFTY,,2025-06-12,2025-06-12,26100.0,PE,NIFTY2561226100PE,0.0,0.0,0.0,1721.75,0.0,1721.75,24813.45,1262.7,0,0,0,0.0,0,F1,75,,,,,
2025-05-21,2025-05-21,FO,NSE,IDO,50898,,NIFTY,,2025-06-19,2025-06-19,23450.0,PE,NIFTY2561923450PE,0.0,0.0,0.0,55.4,0.0,55.4,24813.45,60.25,0,0,0,0.0,0,F1,75,,,,,
2025-05-21,2025-05-21,FO,NSE,IDO,50918,,NIFTY,,2025-06-19,2025-06-19,23550.0,PE,NIFTY2561923550PE,0.0,0.0,0.0,65.55,0.0,65.55,24813.45,72.05,0,0,0,0.0,0,F1,75,,,,,
2025-05-21,2025-05-21,FO,NSE,IDO,50966,,NIFTY,,2025-06-19,2025-06-19,24200.0,PE,NIFTY2561924200PE,202.8,205.2,197.05,198.55,199.85,211.75,24813.45,198.55,1575,900,18,32941912.5,12,F1,75,,,,,
2025-05-21,2025-05-21,FO,NSE,IDO,50990,,NIFTY,,2025-06-19,2025-06-19,24500.0,PE,NIFTY2561924500PE,294.6,311.65,237.2,271.7,274.8,292.8,24813.45,271.7,10575,2400,196,364151467.5,187,F1,75,,,,,
2025-05-21,2025-05-21,FO,NSE,IDO,51010,,NIFTY,,2025-06-19,2025-06-19,24950.0,PE,NIFTY2561924950PE,448.55,470.0,375.45,448.7,448.7,448.55,24813.45,448.7,1350,1275,22,41853273.75,18,F1,75,,,,,
2025-05-21,2025-05-21,FO,NSE,IDO,51022,,NIFTY,,2025-06-19,2025-06-19,25250.0,PE,NIFTY2561925250PE,0.0,0.0,0.0,558.05,0.0,558.05,24813.45,660.25,0,0,0,0.0,0,F1,75,,,,,
2025-05-21,2025-05-21,FO,NSE,IDO,51073,,NIFTY,,2025-06-19,2025-06-19,26400.0,PE,NIFTY2561926400PE,0.0,0.0,0.0,1326.5,0.0,1326.5,24813.45,1530.0,0,0,0,0.0,0,F1,75,,,,,
2025-05-21,2025-05-21,FO,NSE,IDO,55120,,NIFTY,,2025-06-26,2025-06-26,18000.0,PE,NIFTY25JUN18000PE,5.55,6.35,4.7,6.1,5.85,5.7,24813.45,6.1,414825,-3600,365,492899955.0,205,F1,75,,,,,
2025-05-21,2025-05-21,FO,NSE,IDO,62072,,NIFTY,,2025-06-26,2025-06-26,20600.0,PE,NIFTY25JUN20600PE,0.0,0.0,0.0,12.5,12.5,12.5,24813.45,0.1,2400,0,0,0.0,0,F1,75,,,,,
2025-05-21,2025-05-21,FO,NSE,IDO,62332,,NIFTY,,2025-06-26,2025-06-26,23550.0,PE,NIFTY25JUN23550PE,120.15,144.05,103.85,121.1,121.7,125.1,24813.45,121.1,6150,-1275,331,587650233.75,162,F1,75,,,,,
2025-05-21,2025-05-21,FO,NSE,IDO,62334,,NIFTY,,2025-06-26,2025-06-26,23600.0,PE,NIFTY25JUN23600PE,127.75,151.8,107.95,127.4,128.9,133.15,24813.45,127.4,68100,4725,1509,2685169856.25,1019,F1,75,,,,,
2025-05-21,2025-05-21,FO,NSE,IDO,62394,,NIFTY,,2025-06-26,2025-06-26,24850.0,PE,NIFTY25JUN24850PE,459.0,487.65,370.0,438.15,440.75,460.0,24813.45,438.15,223125,34725,889,1685184210.0,694,F1,75,,,,,
2025-05-21,2025-05-21,FO,NSE,IDO,62414,,NIFTY,,2025-06-26,2025-06-26,25300.0,PE,NIFTY25JUN25300PE,696.0,735.0,560.0,666.7,672.0,699.7,24813.45,666.7,39600,-5925,799,1556066268.75,560,F1,75,,,,,
2025-05-21,2025-05-21,FO,NSE,IDO,44912,,NIFTY,,2025-06-12,2025-06-12,26000.0,CE,NIFTY2561226000CE,48.0,77.4,43.4,51.2,51.25,50.35,24813.45,51.2,121500,25275,4205,8218357350.0,2589,F1,75,,,,,
2025-05-21,2025-05-21,FO,NSE,IDO,55686,,NIFTY,,2025-07-31,2025-07-31,22600.0,PE,NIFTY25JUL22600PE,100.0,116.0,94.3,110.0,110.0,106.85,24813.45,110.0,53100,375,12,20431072.5,8,F1,75,,,,,
2025-05-21,2025-05-21,FO,NSE,IDO,55692,,NIFTY,,2025-07-31,2025-07-31,22750.0,PE,NIFTY25JUL22750PE,0.0,0.0,0.0,99.25,99.25,99.25,24813.45,84.35,1800,0,0,0.0,0,F1,75,,,,,
2025-05-21,2025-05-21,FO,NSE,IDO,55720,,NIFTY,,2025-07-31,2025-07-31,23100.0,PE,NIFTY25JUL23100PE,152.0,170.0,149.0,162.9,162.9,148.45,24813.45,127.35,37275,525,9,15699142.5,9,F1,75,,,,,
2025-05-21,2025-05-21,FO,NSE,IDO,55734,,NIFTY,,2025-07-31,2025-07-31,23450.0,PE,NIFTY25JUL23450PE,0.0,0.0,0.0,171.8,171.8,171.8,24813.45,185.8,1425,0,0,0.0,0,F1,75,,,,,
2025-05-21,2025-05-21,FO,NSE,IDO,55812,,NIFTY,,2025-07-31,2025-07-31,25300.0,PE,NIFTY25JUL25300PE,693.0,757.35,693.0,755.2,757.35,777.0,24813.45,755.2,16950,75,8,15627427.5,7,F1,75,,,,,
2025-05-21,2025-05-21,FO,NSE,IDO,55868,,NIFTY,,2025-07-31,2025-07-31,26450.0,PE,NIFTY25JUL26450PE,1486.45,1486.45,1486.45,1486.45,1486.45,1277.85,24813.45,1597.15,225,75,1,2095233.75,1,F1,75,,,,,
2025-05-21,2025-05-21,FO,NSE,IDO,55884,,NIFTY,,2025-07-31,2025-07-31,26800.0,PE,NIFTY25JUL26800PE,1771.85,1771.85,1771.85,1771.85,1771.85,1577.05,24813.45,1866.95,1425,75,1,2142888.75,1,F1,75,,,,,
2025-05-21,2025-05-21,FO,NSE,IDO,64691,,NIFTY,,2025-09-25,2025-09-25,23000.0,PE,NIFTY25SEP23000PE,219.85,235.35,200.0,215.8,219.45,224.0,24813.45,215.8,535200,22575,2207,3843063675.0,1512,F1,75,,,,,
2025-05-21,2025-05-21,FO,NSE,IDO,37796,,NIFTY,,2025-12-24,2025-12-24,23000.0,PE,NIFTY25DEC23000PE,321.05,339.9,305.9,322.7,326.9,325.9,24813.45,322.7,1490250,-75,1692,2959511242.5,1154,F1,75,,,,,
2025-05-21,2025-05-21,FO,NSE,IDO,62931,,NIFTY,,2026-03-26,2026-03-26,27000.0,PE,NIFTY26MAR27000PE,0.0,0.0,0.0,2406.7,0.0,2406.7,24813.45,1991.55,0,0,0,0.0,0,F1,75,,,,,
2025-05-21,2025-05-21,FO,NSE,IDO,71545,,NIFTY,,2027-06-24,2027-06-24,17000.0,CE,NIFTY27JUN17000CE,0.0,0.0,0.0,4464.7,0.0,4464.7,24813.45,10061.95,0,0,0,0.0,0,F1,75,,,,,
2025-05-21,2025-05-21,FO,NSE,IDO,55805,,NIFTY,,2025-07-31,2025-07-31,25150.0,CE,NIFTY25JUL25150CE,630.8,630.8,630.8,630.8,630.8,757.4,24813.45,757.15,750,0,1,1933560.0,1,F1,75,,,,,
2025-05-21,2025-05-21,FO,NSE,IDO,55811,,NIFTY,,2025-07-31,2025-07-31,25300.0,CE,NIFTY25JUL25300CE,513.0,622.1,513.0,527.85,525.0,510.05,24813.45,527.85,20925,300,61,118382092.5,30,F1,75,,,,,
2025-05-21,2025-05-21,FO,NSE,IDO,55847,,NIFTY,,2025-07-31,2025-07-31,25950.0,CE,NIFTY25JUL25950CE,287.15,290.75,287.15,289.95,290.75,272.85,24813.45,289.95,975,375,5,9839651.25,5,F1,75,,,,,
2025-05-21,2025-05-21,FO,NSE,IDO,55853,,NIFTY,,2025-07-31,2025-07-31,26100.0,CE,NIFTY25JUL26100CE,240.0,291.9,236.1,245.0,245.0,227.0,24813.45,245.0,5325,-150,39,77110882.5,34,F1,75,,,,,
2025-05-21,2025-05-21,FO,NSE,IDO,64680,,NIFTY,,2025-09-25,2025-09-25,18000.0,CE,NIFTY25SEP18000CE,0.0,0.0,0.0,9482.9,0.0,9482.9,24813.45,7226.05,0,0,0,0.0,0,F1,75,,,,,
2025-05-21,2025-05-21,FO,NSE,IDO,49177,,NIFTY,,2025-12-24,2025-12-24,16000.0,CE,NIFTY25DEC16000CE,0.0,0.0,0.0,9350.0,9350.0,9350.0,24813.45,9434.75,350,0,0,0.0,0,F1,75,,,,,
2025-05-21,2025-05-21,FO,NSE,IDO,62937,,NIFTY,,2026-03-26,2026-03-26,30000.0,CE,NIFTY26MAR30000CE,0.0,0.0,0.0,300.0,0.0,300.0,24813.45,487.2,0,0,0,0.0,0,F1,75,,,,,
2025-05-21,2025-05-21,FO,NSE,IDO,62322,,NIFTY,,2025-06-26,2025-06-26,23300.0,PE,NIFTY25JUN23300PE,95.35,113.3,81.05,95.0,97.05,100.1,24813.45,95.0,94500,9525,2929,5139459003.75,1801,F1,75,,,,,
2025-05-21,2025-05-21,FO,NSE,IDO,62140,,NIFTY,,2025-06-26,2025-06-26,21400.0,PE,NIFTY25JUN21400PE,21.1,21.1,16.55,20.5,20.5,20.9,24813.45,0.95,16950,0,26,41770140.0,9,F1,75,,,,,
2025-05-21,2025-05-21,FO,NSE,IDO,62098,,NIFTY,,2025-06-26,2025-06-26,20900.0,PE,NIFTY25JUN20900PE,15.75,24.0,15.75,16.35,16.35,17.7,24813.45,0.2,8250,1425,27,42356370.0,25,F1,75,,,,,
2025-05-21,2025-05-21,FO,NSE,IDO,62076,,NIFTY,,2025-06-26,2025-06-26,20700.0,PE,NIFTY25JUN20700PE,15.0,15.7,13.85,15.7,15.7,14.0,24813.45,0.1,8175,4350,58,90108157.5,58,F1,75,,,,,
2025-05-21,2025-05-21,FO,NSE,IDO,62062,,NIFTY,,2025-06-26,2025-06-26,20400.0,PE,NIFTY25JUN20400PE,9.8,12.3,9.55,12.0,12.0,12.45,24813.45,12.0,8850,-375,13,19901231.25,7,F1,75,,,,,
2025-05-21,2025-05-21,FO,NSE,IDO,39680,,NIFTY,,2025-06-26,2025-06-26,16000.0,PE,NIFTY25JUN16000PE,3.5,3.5,3.4,3.45,3.4,4.2,24813.45,3.45,48375,-1350,18,21604605.0,2,F1,75,,,,,
2025-05-21,2025-05-21,FO,NSE,IDO,51092,,NIFTY,,2025-06-19,2025-06-19,26800.0,PE,NIFTY2561926800PE,0.0,0.0,0.0,1660.85,0.0,1660.85,24813.45,1891.15,0,0,0,0.0,0,F1,75,,,,,
2025-05-21,2025-05-21,FO,NSE,IDO,51090,,NIFTY,,2025-06-19,2025-06-19,26750.0,PE,NIFTY2561926750PE,0.0,0.0,0.0,1617.65,0.0,1617.65,24813.45,1844.95,0,0,0,0.0,0,F1,75,,,,,
2025-05-21,2025-05-21,FO,NSE,IDO,51054,,NIFTY,,2025-06-19,2025-06-19,25950.0,PE,NIFTY2561925950PE,0.0,0.0,0.0,986.7,0.0,986.7,24813.45,1153.4,0,0,0,0.0,0,F1,75,,,,,
2025-05-21,2025-05-21,FO,NSE,IDO,50900,,NIFTY,,2025-06-19,2025-06-19,23500.0,PE,NIFTY2561923500PE,0.0,0.0,0.0,70.0,70.0,70.0,24813.45,65.95,450,0,0,0.0,0,F1,75,,,,,
2025-05-21,2025-05-21,FO,NSE,IDO,51008,,NIFTY,,2025-06-19,2025-06-19,24900.0,PE,NIFTY2561924900PE,449.7,449.7,370.0,420.9,416.0,449.7,24813.45,420.9,2550,1950,54,102493252.5,42,F1,75,,,,,
2025-05-21,2025-05-21,FO,NSE,IDO,62416,,NIFTY,,2025-06-26,2025-06-26,25350.0,PE,NIFTY25JUN25350PE,585.0,704.55,585.0,704.25,704.25,730.0,24813.45,752.8,5250,-1650,34,66343241.25,18,F1,75,,,,,
2025-05-21,2025-05-21,FO,NSE,IDO,49087,,NIFTY,,2025-05-22,2025-05-22,22250.0,CE,NIFTY2552222250CE,0.0,0.0,0.0,2840.0,2840.0,2840.0,24813.45,2567.4,675,0,0,0.0,0,F1,75,,,,,
2025-05-21,2025-05-21,FO,NSE,IDO,49091,,NIFTY,,2025-05-22,2025-05-22,22350.0,CE,NIFTY2552222350CE,0.0,0.0,0.0,2725.9,2725.9,2725.9,24813.45,2467.4,450,0,0,0.0,0,F1,75,,,,,
2025-05-21,2025-05-21,FO,NSE,IDO,49093,,NIFTY,,2025-05-22,2025-05-22,22400.0,CE,NIFTY2552222400CE,2450.0,2450.0,2450.0,2450.0,2450.0,2680.65,24813.45,2417.4,825,-75,1,1863750.0,1,F1,75,,,,,
2025-05-21,2025-05-21,FO,NSE,IDO,49103,,NIFTY,,2025-05-22,2025-05-22,22600.0,CE,NIFTY2552222600CE,2330.0,2330.0,2330.0,2330.0,2330.0,2124.4,24813.45,2217.45,825,-75,1,1869750.0,1,F1,75,,,,,
2025-05-21,2025-05-21,FO,NSE,IDO,49125,,NIFTY,,2025-05-22,2025-05-22,23150.0,CE,NIFTY2552223150CE,1760.0,1760.0,1568.25,1654.3,1654.3,1904.35,24813.45,1667.55,975,-150,7,13030856.25,6,F1,75,,,,,
2025-05-21,2025-05-21,FO,NSE,IDO,49298,,NIFTY,,2025-05-22,2025-05-22,25450.0,CE,NIFTY2552225450CE,7.6,16.5,3.0,3.75,3.2,8.4,24813.45,3.75,2634075,344400,1030974,1968427066297.5,304363,F1,75,,,,,
2025-05-21,2025-05-21,FO,NSE,IDO,49330,,NIFTY,,2025-05-22,2025-05-22,26050.0,CE,NIFTY2552226050CE,1.9,1.95,0.85,1.0,1.0,2.3,24813.45,1.0,1413075,186225,124137,242543064101.25,24722,F1,75,,,,,
2025-05-21,2025-05-21,FO,NSE,IDO,61341,,NIFTY,,2025-05-29,2025-05-29,20800.0,CE,NIFTY25MAY20800CE,3973.15,4055.35,3973.15,4033.35,4030.9,3880.0,24813.45,4033.35,3300,600,10,18620478.75,10,F1,75,,,,,
2025-05-21,2025-05-21,FO,NSE,IDO,61487,,NIFTY,,2025-05-29,2025-05-29,22050.0,CE,NIFTY25MAY22050CE,2780.1,2780.1,2780.1,2780.1,2780.1,3039.65,24813.45,2780.1,3600,75,1,1862257.5,1,F1,75,,,,,
2025-05-21,2025-05-21,FO,NSE,IDO,61515,,NIFTY,,2025-05-29,2025-05-29,22750.0,CE,NIFTY25MAY22750CE,2190.0,2190.0,2040.0,2091.7,2100.0,2327.45,24813.45,2091.7,7650,150,22,40983003.75,18,F1,75,,,,,
2025-05-21,2025-05-21,FO,NSE,IDO,61545,,NIFTY,,2025-05-29,2025-05-29,23500.0,CE,NIFTY25MAY23500CE,1283.95,1515.95,1241.8,1347.0,1327.5,1287.8,24813.45,1347.0,1030275,3075,1407,2624271783.75,925,F1,75,,,,,
2025-05-21,2025-05-21,FO,NSE,IDO,61551,,NIFTY,,2025-05-29,2025-05-29,23650.0,CE,NIFTY25MAY23650CE,1282.0,1331.55,1179.5,1184.45,1189.4,1134.3,24813.45,1184.45,7275,150,14,26164485.0,10,F1,75,,,,,
2025-05-21,2025-05-21,FO,NSE,IDO,61667,,NIFTY,,2025-05-29,2025-05-29,24100.0,CE,NIFTY25MAY24100CE,712.95,950.0,694.45,768.85,763.0,728.2,24813.45,768.85,522375,-8175,740,1382851481.25,442,F1,75,,,,,
2025-05-21,2025-05-21,FO,NSE,IDO,61757,,NIFTY,,2025-05-29,2025-05-29,25050.0,CE,NIFTY25MAY25050CE,112.5,227.5,105.7,135.85,131.15,123.2,24813.45,135.85,772425,41025,41653,78738860505.0,29381,F1,75,,,,,
2025-05-21,2025-05-21,FO,NSE,IDO,40375,,NIFTY,,2025-06-05,2025-06-05,22800.0,CE,NIFTY2560522800CE,2070.7,2070.7,2070.7,2070.7,2070.7,2225.0,24813.45,2070.7,450,75,1,1865302.5,1,F1,75,,,,,
2025-05-21,2025-05-21,FO,NSE,IDO,40425,,NIFTY,,2025-06-05,2025-06-05,23750.0,CE,NIFTY2560523750CE,1109.45,1187.85,1109.45,1187.85,1187.85,1103.9,24813.45,1164.55,675,0,2,3734797.5,2,F1,75,,,,,
2025-05-21,2025-05-21,FO,NSE,IDO,40429,,NIFTY,,2025-06-05,2025-06-05,23850.0,CE,NIFTY2560523850CE,1019.95,1080.0,1019.95,1073.0,1073.0,1025.8,24813.45,1075.7,600,-225,10,18681971.25,10,F1,75,,,,,
2025-05-21,2025-05-21,FO,NSE,IDO,40449,,NIFTY,,2025-06-05,2025-06-05,24250.0,CE,NIFTY2560524250CE,748.1,748.1,745.65,745.65,745.65,676.1,24813.45,747.05,750,-75,2,3749531.25,2,F1,75,,,,,
2025-05-21,2025-05-21,FO,NSE,IDO,40570,,NIFTY,,2025-06-05,2025-06-05,26600.0,CE,NIFTY2560526600CE,8.85,9.4,5.5,5.7,5.65,9.85,24813.45,5.7,48225,13950,2035,4060953000.0,1253,F1,75,,,,,
2025-05-21,2025-05-21,FO,NSE,IDO,40579,,NIFTY,,2025-06-05,2025-06-05,26800.0,CE,NIFTY2560526800CE,7.05,7.05,3.65,3.9,3.75,7.35,24813.45,3.9,136425,80775,3819,7677611808.75,1767,F1,75,,,,,
2025-05-21,2025-05-21,FO,NSE,IDO,44948,,NIFTY,,2025-06-12,2025-06-12,26800.0,CE,NIFTY2561226800CE,12.1,12.95,8.0,8.9,8.0,11.85,24813.45,8.9,17025,9150,426,856580805.0,193,F1,75,,,,,
2025-05-21,2025-05-21,FO,NSE,IDO,50974,,NIFTY,,2025-06-19,2025-06-19,24300.0,CE,NIFTY2561924300CE,872.45,872.45,872.45,872.45,872.45,1115.15,24813.45,865.8,150,150,2,3775867.5,1,F1,75,,,,,
2025-05-21,2025-05-21,FO,NSE,IDO,62167,,NIFTY,,2025-06-26,2025-06-26,21900.0,CE,NIFTY25JUN21900CE,3043.1,3043.1,3043.1,3043.1,3043.1,3302.5,24813.45,3043.1,1800,75,1,1870732.5,1,F1,75,,,,,
2025-05-21,2025-05-21,FO,NSE,IDO,62327,,NIFTY,,2025-06-26,2025-06-26,23450.0,CE,NIFTY25JUN23450CE,1608.8,1608.8,1608.8,1608.8,1608.8,1803.45,24813.45,1599.5,1725,0,1,1879410.0,1,F1,75,,,,,
2025-05-21,2025-05-21,FO,NSE,IDO,62329,,NIFTY,,2025-06-26,2025-06-26,23500.0,CE,NIFTY25JUN23500CE,1483.05,1715.25,1465.8,1545.3,1525.25,1492.65,24813.45,1545.3,528450,2475,630,1185734167.5,409,F1,75,,,,,
2025-05-21,2025-05-21,FO,NSE,IDO,62333,,NIFTY,,2025-06-26,2025-06-26,23600.0,CE,NIFTY25JUN23600CE,1405.95,1596.9,1405.9,1476.45,1476.45,1392.0,24813.45,1476.45,6675,1050,39,73438646.25,25,F1,75,,,,,
2025-05-21,2025-05-21,FO,NSE,IDO,62363,,NIFTY,,2025-06-26,2025-06-26,24300.0,CE,NIFTY25JUN24300CE,843.45,1038.6,834.05,882.8,870.5,844.8,24813.45,882.8,68700,4050,354,669457278.75,220,F1,75,,,,,
2025-05-21,2025-05-21,FO,NSE,IDO,62383,,NIFTY,,2025-06-26,2025-06-26,24700.0,CE,NIFTY25JUN24700CE,578.15,748.8,564.95,612.3,609.35,583.8,24813.45,612.3,319275,84975,5554,10557562402.5,4421,F1,75,,,,,
2025-05-21,2025-05-21,FO,NSE,IDO,62395,,NIFTY,,2025-06-26,2025-06-26,24900.0,CE,NIFTY25JUN24900CE,464.95,616.0,455.7,492.55,491.95,470.5,24813.45,492.55,271800,79500,5283,10074653673.75,4082,F1,75,,,,,
2025-05-21,2025-05-21,FO,NSE,IDO,62397,,NIFTY,,2025-06-26,2025-06-26,24950.0,CE,NIFTY25JUN24950CE,442.0,583.0,441.75,467.95,455.15,445.75,24813.45,467.95,20850,3375,401,765196455.0,251,F1,75,,,,,
2025-05-21,2025-05-21,FO,NSE,IDO,62429,,NIFTY,,2025-06-26,2025-06-26,25700.0,CE,NIFTY25JUN25700CE,162.3,227.0,150.3,171.8,168.5,160.3,24813.45,171.8,139050,16575,3634,7053820807.5,2352,F1,75,,,,,
2025-05-21,2025-05-21,FO,NSE,IDO,62445,,NIFTY,,2025-06-26,2025-06-26,26050.0,CE,NIFTY25JUN26050CE,90.0,128.65,85.05,96.8,95.7,90.7,24813.45,96.8,12975,3150,387,759214608.75,210,F1,75,,,,,
2025-05-21,2025-05-21,FO,NSE,IDO,62467,,NIFTY,,2025-06-26,2025-06-26,26350.0,CE,NIFTY25JUN26350CE,0.0,0.0,0.0,116.6,0.0,116.6,24813.45,122.7,0,0,0,0.0,0,F1,75,,,,,
2025-05-21,2025-05-21,FO,NSE,IDO,55681,,NIFTY,,2025-07-31,2025-07-31,22500.0,CE,NIFTY25JUL22500CE,2578.65,2615.0,2578.65,2615.0,2615.0,2566.4,24813.45,2664.5,2700,225,3,5647395.0,3,F1,75,,,,,
2025-05-21,2025-05-21,FO,NSE,IDO,55737,,NIFTY,,2025-07-31,2025-07-31,23550.0,CE,NIFTY25JUL23550CE,1725.6,1725.6,1725.6,1725.6,1725.6,1927.0,24813.45,1772.3,450,-75,1,1895670.0,1,F1,75,,,,,
2025-05-21,2025-05-21,FO,NSE,IDO,55859,,NIFTY,,2025-07-31,2025-07-31,26250.0,CE,NIFTY25JUL26250CE,0.0,0.0,0.0,318.75,0.0,318.75,24813.45,350.8,0,0,0,0.0,0,F1,75,,,,,
2025-05-21,2025-05-21,FO,NSE,IDO,39987,,NIFTY,,2025-12-24,2025-12-24,19000.0,CE,NIFTY25DEC19000CE,0.0,0.0,0.0,5775.0,5775.0,5775.0,24813.45,6562.5,7100,0,0,0.0,0,F1,75,,,,,
2025-05-21,2025-05-21,FO,NSE,IDO,38378,,NIFTY,,2026-06-25,2026-06-25,20000.0,CE,NIFTY26JUN20000CE,0.0,0.0,0.0,3829.5,0.0,3829.5,24813.45,6317.95,0,0,0,0.0,0,F1,75,,,,,
2025-05-21,2025-05-21,FO,NSE,IDO,50547,,NIFTY,,2026-12-31,2026-12-31,28000.0,CE,NIFTY26DEC28000CE,1360.0,1360.0,1360.0,1360.0,1360.0,1300.0,24813.45,1360.0,4425,0,1,2202000.0,1,F1,75,,,,,
2025-05-21,2025-05-21,FO,NSE,IDO,71549,,NIFTY,,2027-06-24,2027-06-24,19000.0,CE,NIFTY27JUN19000CE,0.0,0.0,0.0,7800.0,7800.0,7800.0,24813.45,8403.15,75,0,0,0.0,0,F1,75,,,,,
2025-05-21,2025-05-21,FO,NSE,IDO,50549,,NIFTY,,2027-06-24,2027-06-24,28000.0,CE,NIFTY27JUN28000CE,0.0,0.0,0.0,2186.3,0.0,2186.3,24813.45,2710.3,0,0,0,0.0,0,F1,75,,,,,
2025-05-21,2025-05-21,FO,NSE,IDO,53616,,NIFTY,,2027-12-30,2027-12-30,22000.0,CE,NIFTY27DEC22000CE,0.0,0.0,0.0,4499.55,0.0,4499.55,24813.45,6789.25,0,0,0,0.0,0,F1,75,,,,,
2025-05-21,2025-05-21,FO,NSE,IDO,86139,,NIFTY,,2028-06-29,2028-06-29,18000.0,CE,NIFTY28JUN18000CE,0.0,0.0,0.0,6809.35,0.0,6809.35,24813.45,10284.4,0,0,0,0.0,0,F1,75,,,,,
2025-05-21,2025-05-21,FO,NSE,IDO,86161,,NIFTY,,2028-06-29,2028-06-29,26000.0,CE,NIFTY28JUN26000CE,0.0,0.0,0.0,3200.9,0.0,3200.9,24813.45,5023.75,0,0,0,0.0,0,F1,75,,,,,
2025-05-21,2025-05-21,FO,NSE,IDO,89624,,NIFTY,,2029-06-28,2029-06-28,21000.0,CE,NIFTY29JUN21000CE,0.0,0.0,0.0,9799.75,0.0,9799.75,24813.45,9198.8,0,0,0,0.0,0,F1,75,,,,,
2025-05-21,2025-05-21,FO,NSE,IDO,89626,,NIFTY,,2029-06-28,2029-06-28,22000.0,CE,NIFTY29JUN22000CE,0.0,0.0,0.0,9207.9,0.0,9207.9,24813.45,8559.3,0,0,0,0.0,0,F1,75,,,,,
2025-05-21,2025-05-21,FO,NSE,IDO,89642,,NIFTY,,2029-06-28,2029-06-28,30000.0,CE,NIFTY29JUN30000CE,0.0,0.0,0.0,5268.4,0.0,5268.4,24813.45,4438.55,0,0,0,0.0,0,F1,75,,,,,
2025-05-21,2025-05-21,FO,NSE,IDO,49118,,NIFTY,,2025-05-22,2025-05-22,22950.0,PE,NIFTY2552222950PE,0.8,1.05,0.25,0.4,0.25,0.8,24813.45,0.4,205425,11175,13254,22813999698.75,2880,F1,75,,,,,
2025-05-21,2025-05-21,FO,NSE,IDO,61334,,NIFTY,,2025-05-29,2025-05-29,20600.0,PE,NIFTY25MAY20600PE,1.95,2.1,1.5,1.6,1.55,1.95,24813.45,1.6,64200,6225,1806,2790497538.75,795,F1,75,,,,,
2025-05-21,2025-05-21,FO,NSE,IDO,61336,,NIFTY,,2025-05-29,2025-05-29,20650.0,PE,NIFTY25MAY20650PE,2.25,2.3,1.65,1.75,1.8,2.3,24813.45,1.75,24225,-1950,205,317521398.75,139,F1,75,,,,,
2025-05-21,2025-05-21,FO,NSE,IDO,61470,,NIFTY,,2025-05-29,2025-05-29,21750.0,PE,NIFTY25MAY21750PE,3.1,3.6,2.6,2.85,2.85,3.8,24813.45,2.85,16125,2175,464,757003713.75,372,F1,75,,,,,
2025-05-21,2025-05-21,FO,NSE,IDO,61488,,NIFTY,,2025-05-29,2025-05-29,22050.0,PE,NIFTY25MAY22050PE,3.3,4.2,3.15,3.45,3.25,4.5,24813.45,3.45,30000,1125,274,453199871.25,201,F1,75,,,,,
2025-05-21,2025-05-21,FO,NSE,IDO,61496,,NIFTY,,2025-05-29,2025-05-29,22250.0,PE,NIFTY25MAY22250PE,3.8,4.75,3.45,3.8,4.0,5.3,24813.45,3.8,28875,2625,345,575817577.5,219,F1,75,,,,,
2025-05-21,2025-05-21,FO,NSE,IDO,61528,,NIFTY,,2025-05-29,2025-05-29,23050.0,PE,NIFTY25MAY23050PE,8.35,10.5,6.15,7.05,7.3,10.3,24813.45,7.05,47175,18975,1989,3439596813.75,1500,F1,75,,,,,
2025-05-21,2025-05-21,FO,NSE,IDO,61548,,NIFTY,,2025-05-29,2025-05-29,23550.0,PE,NIFTY25MAY23550PE,22.0,22.2,12.05,13.75,13.95,18.6,24813.45,13.75,110025,36000,5797,10245716677.5,3843,F1,75,,,,,
2025-05-21,2025-05-21,FO,NSE,IDO,61678,,NIFTY,,2025-05-29,2025-05-29,24350.0,PE,NIFTY25MAY24350PE,90.2,114.5,60.65,80.0,79.4,96.5,24813.45,80.0,204075,36150,22575,41368511493.75,15426,F1,75,,,,,
2025-05-21,2025-05-21,FO,NSE,IDO,61686,,NIFTY,,2025-05-29,2025-05-29,24550.0,PE,NIFTY25MAY24550PE,143.95,171.5,93.4,127.0,127.0,149.65,24813.45,127.0,236400,17250,29213,54072594975.0,19838,F1,75,,,,,
2025-05-21,2025-05-21,FO,NSE,IDO,61754,,NIFTY,,2025-05-29,2025-05-29,24950.0,PE,NIFTY25MAY24950PE,319.15,364.5,211.25,294.3,296.6,334.6,24813.45,294.3,193650,3525,22587,42726542486.25,14381,F1,75,,,,,
2025-05-21,2025-05-21,FO,NSE,IDO,61788,,NIFTY,,2025-05-29,2025-05-29,25700.0,PE,NIFTY25MAY25700PE,960.95,986.0,730.0,889.3,902.05,944.3,24813.45,889.3,24450,-2775,126,251347882.5,97,F1,75,,,,,
2025-05-21,2025-05-21,FO,NSE,IDO,61796,,NIFTY,,2025-05-29,2025-05-29,25850.0,PE,NIFTY25MAY25850PE,1103.2,1103.2,1014.8,1024.85,1024.85,1100.1,24813.45,1018.4,1575,-150,16,32275650.0,11,F1,75,,,,,
2025-05-21,2025-05-21,FO,NSE,IDO,61910,,NIFTY,,2025-05-29,2025-05-29,26650.0,PE,NIFTY25MAY26650PE,1788.6,1788.6,1788.6,1788.6,1788.6,1894.05,24813.45,1799.8,525,75,1,2132895.0,1,F1,75,,,,,
2025-05-21,2025-05-21,FO,NSE,IDO,40367,,NIFTY,,2025-06-05,2025-06-05,22700.0,PE,NIFTY2560522700PE,13.05,14.35,9.2,13.05,12.4,14.35,24813.45,13.05,4275,-225,74,126049863.75,33,F1,75,,,,,
2025-05-21,2025-05-21,FO,NSE,IDO,40412,,NIFTY,,2025-06-05,2025-06-05,23450.0,PE,NIFTY2560523450PE,36.95,42.95,28.95,33.4,32.85,40.55,24813.45,33.4,10875,9525,213,375182340.0,53,F1,75,,,,,
2025-05-21,2025-05-21,FO,NSE,IDO,40500,,NIFTY,,2025-06-05,2025-06-05,25150.0,PE,NIFTY2560525150PE,508.5,520.5,378.5,475.15,473.05,517.3,24813.45,475.15,6600,4875,283,543568001.25,181,F1,75,,,,,
2025-05-21,2025-05-21,FO,NSE,IDO,40528,,NIFTY,,2025-06-05,2025-06-05,25700.0,PE,NIFTY2560525700PE,793.55,876.7,793.55,876.7,876.7,950.2,24813.45,906.25,0,-75,2,3980268.75,2,F1,75,,,,,
2025-05-21,2025-05-21,FO,NSE,IDO,40573,,NIFTY,,2025-06-05,2025-06-05,26650.0,PE,NIFTY2560526650PE,1777.9,1778.15,1777.9,1778.15,1778.15,2174.55,24813.45,1775.45,150,150,2,4264203.75,2,F1,75,,,,,
2025-05-21,2025-05-21,FO,NSE,IDO,44751,,NIFTY,,2025-06-12,2025-06-12,22900.0,PE,NIFTY2561222900PE,0.0,0.0,0.0,45.4,45.4,45.4,24813.45,9.75,6150,0,0,0.0,0,F1,75,,,,,
2025-05-21,2025-05-21,FO,NSE,IDO,44757,,NIFTY,,2025-06-12,2025-06-12,22950.0,PE,NIFTY2561222950PE,0.0,0.0,0.0,31.4,31.4,31.4,24813.45,11.15,1050,0,0,0.0,0,F1,75,,,,,
2025-05-21,2025-05-21,FO,NSE,IDO,44773,,NIFTY,,2025-06-12,2025-06-12,23350.0,PE,NIFTY2561223350PE,0.0,0.0,0.0,90.45,90.45,90.45,24813.45,30.0,300,0,0,0.0,0,F1,75,,,,,
2025-05-21,2025-05-21,FO,NSE,IDO,44777,,NIFTY,,2025-06-12,2025-06-12,23450.0,PE,NIFTY2561223450PE,0.0,0.0,0.0,151.3,0.0,151.3,24813.45,37.55,0,0,0,0.0,0,F1,75,,,,,
2025-05-21,2025-05-21,FO,NSE,IDO,44881,,NIFTY,,2025-06-12,2025-06-12,25300.0,PE,NIFTY2561225300PE,543.7,693.0,524.5,612.0,612.0,589.9,24813.45,650.5,4050,3900,77,149492373.75,59,F1,75,,,,,
2025-05-21,2025-05-21,FO,NSE,IDO,44921,,NIFTY,,2025-06-12,2025-06-12,26200.0,PE,NIFTY2561226200PE,0.0,0.0,0.0,1812.1,0.0,1812.1,24813.45,1349.9,0,0,0,0.0,0,F1,75,,,,,
2025-05-21,2025-05-21,FO,NSE,IDO,44933,,NIFTY,,2025-06-12,2025-06-12,26450.0,PE,NIFTY2561226450PE,0.0,0.0,0.0,2042.7,0.0,2042.7,24813.45,1575.05,0,0,0,0.0,0,F1,75,,,,,
2025-05-21,2025-05-21,FO,NSE,IDO,89623,,NIFTY,,2029-06-28,2029-06-28,20000.0,PE,NIFTY29JUN20000PE,0.0,0.0,0.0,236.95,0.0,236.95,24813.45,261.95,0,0,0,0.0,0,F1,75,,,,,
2025-05-21,2025-05-21,FO,NSE,IDO,67793,,NIFTY,,2028-12-28,2028-12-28,29000.0,PE,NIFTY28DEC29000PE,0.0,0.0,0.0,2010.85,0.0,2010.85,24813.45,2236.95,0,0,0,0.0,0,F1,75,,,,,
2025-05-21,2025-05-21,FO,NSE,IDO,86150,,NIFTY,,2028-06-29,2028-06-29,23000.0,PE,NIFTY28JUN23000PE,0.0,0.0,0.0,1399.25,0.0,1399.25,24813.45,642.7,0,0,0,0.0,0,F1,75,,,,,
2025-05-21,2025-05-21,FO,NSE,IDO,53632,,NIFTY,,2027-12-30,2027-12-30,27000.0,PE,NIFTY27DEC27000PE,0.0,0.0,0.0,2492.45,2492.45,2492.45,24813.45,1739.25,75,0,0,0.0,0,F1,75,,,,,
2025-05-21,2025-05-21,FO,NSE,IDO,53595,,NIFTY,,2027-12-30,2027-12-30,15000.0,PE,NIFTY27DEC15000PE,0.0,0.0,0.0,43.05,43.05,43.05,24813.45,13.7,475,0,0,0.0,0,F1,75,,,,,
2025-05-21,2025-05-21,FO,NSE,IDO,58627,,NIFTY,,2026-06-25,2026-06-25,22000.0,PE,NIFTY26JUN22000PE,0.0,0.0,0.0,290.8,290.8,290.8,24813.45,308.65,2100,0,0,0.0,0,F1,75,,,,,
2025-05-21,2025-05-21,FO,NSE,IDO,50498,,NIFTY,,2026-06-25,2026-06-25,17000.0,PE,NIFTY26JUN17000PE,0.0,0.0,0.0,2627.25,0.0,2627.25,24813.45,8.15,0,0,0,0.0,0,F1,75,,,,,
2025-05-21,2025-05-21,FO,NSE,IDO,62929,,NIFTY,,2026-03-26,2026-03-26,26000.0,PE,NIFTY26MAR26000PE,0.0,0.0,0.0,1813.3,0.0,1813.3,24813.45,1467.05,0,0,0,0.0,0,F1,75,,,,,
2025-05-21,2025-05-21,FO,NSE,IDO,55840,,NIFTY,,2025-07-31,2025-07-31,25800.0,PE,NIFTY25JUL25800PE,920.0,1071.15,920.0,1036.1,1036.1,860.0,24813.45,1144.25,3900,3375,58,116678182.5,22,F1,75,,,,,
2025-05-21,2025-05-21,FO,NSE,IDO,55774,,NIFTY,,2025-07-31,2025-07-31,24350.0,PE,NIFTY25JUL24350PE,389.75,389.75,389.4,389.4,389.4,331.1,24813.45,426.05,3525,0,2,3710936.25,2,F1,75,,,,,
2025-05-21,2025-05-21,FO,NSE,IDO,55772,,NIFTY,,2025-07-31,2025-07-31,24300.0,PE,NIFTY25JUL24300PE,385.0,397.3,335.0,379.2,381.5,386.4,24813.45,379.2,14625,-2175,79,146192621.25,35,F1,75,,,,,
2025-05-21,2025-05-21,FO,NSE,IDO,55760,,NIFTY,,2025-07-31,2025-07-31,24050.0,PE,NIFTY25JUL24050PE,327.9,327.95,305.2,312.3,312.3,260.0,24813.45,312.3,3975,75,7,12794306.25,6,F1,75,,,,,
2025-05-21,2025-05-21,FO,NSE,IDO,55758,,NIFTY,,2025-07-31,2025-07-31,24000.0,PE,NIFTY25JUL24000PE,308.4,335.7,267.75,300.65,301.25,309.3,24813.45,300.65,477150,17025,2885,5257142936.25,2097,F1,75,,,,,
2025-05-21,2025-05-21,FO,NSE,IDO,55756,,NIFTY,,2025-07-31,2025-07-31,23950.0,PE,NIFTY25JUL23950PE,286.0,286.0,286.0,286.0,286.0,244.05,24813.45,286.0,4275,75,1,1817700.0,1,F1,75,,,,,
2025-05-21,2025-05-21,FO,NSE,IDO,55754,,NIFTY,,2025-07-31,2025-07-31,23900.0,PE,NIFTY25JUL23900PE,285.0,286.0,270.0,281.45,281.45,280.0,24813.45,281.45,14625,3600,70,126957198.75,29,F1,75,,,,,
2025-05-21,2025-05-21,FO,NSE,IDO,55696,,NIFTY,,2025-07-31,2025-07-31,22850.0,PE,NIFTY25JUL22850PE,126.55,126.55,126.55,126.55,126.55,105.6,24813.45,126.55,2025,-75,1,1723241.25,1,F1,75,,,,,
2025-05-21,2025-05-21,FO,NSE,IDO,55694,,NIFTY,,2025-07-31,2025-07-31,22800.0,PE,NIFTY25JUL22800PE,111.0,130.0,111.0,121.05,121.05,123.35,24813.45,121.05,111675,75,7,12031327.5,5,F1,75,,,,,
2025-05-21,2025-05-21,FO,NSE,IDO,62506,,NIFTY,,2025-06-26,2025-06-26,26800.0,PE,NIFTY25JUN26800PE,1840.1,1840.1,1840.1,1840.1,1840.1,2800.2,24813.45,1840.1,75,75,1,2148007.5,1,F1,75,,,,,
2025-05-21,2025-05-21,FO,NSE,IDO,62500,,NIFTY,,2025-06-26,2025-06-26,26650.0,PE,NIFTY25JUN26650PE,1700.0,1720.0,1700.0,1720.0,1720.0,1741.6,24813.45,1720.0,32025,150,2,4254000.0,2,F1,75,,,,,
2025-05-21,2025-05-21,FO,NSE,IDO,62442,,NIFTY,,2025-06-26,2025-06-26,25900.0,PE,NIFTY25JUN25900PE,970.0,1177.4,970.0,1070.35,1070.35,980.0,24813.45,1129.9,5625,-150,8,16159702.5,5,F1,75,,,,,
2025-05-21,2025-05-21,FO,NSE,IDO,62440,,NIFTY,,2025-06-26,2025-06-26,25850.0,PE,NIFTY25JUN25850PE,1019.9,1019.9,1019.9,1019.9,1019.9,926.0,24813.45,1091.55,225,0,1,2015242.5,1,F1,75,,,,,
2025-05-21,2025-05-21,FO,NSE,IDO,62406,,NIFTY,,2025-06-26,2025-06-26,25150.0,PE,NIFTY25JUN25150PE,515.0,627.85,487.65,575.45,575.45,611.9,24813.45,575.45,11775,-2100,138,266175461.25,61,F1,75,,,,,
2025-05-21,2025-05-21,FO,NSE,IDO,62482,,NIFTY,,2025-06-26,2025-06-26,26550.0,PE,NIFTY25JUN26550PE,1620.4,1620.4,1620.4,1620.4,1620.4,1380.25,24813.45,1620.4,225,75,1,2112780.0,1,F1,75,,,,,
2025-05-21,2025-05-21,FO,NSE,IDO,55762,,NIFTY,,2025-07-31,2025-07-31,24100.0,PE,NIFTY25JUL24100PE,314.95,315.0,289.7,289.7,289.7,332.7,24813.45,344.6,7050,-75,6,10981263.75,6,F1,75,,,,,
2025-05-21,2025-05-21,FO,NSE,IDO,55764,,NIFTY,,2025-07-31,2025-07-31,24150.0,PE,NIFTY25JUL24150PE,341.05,341.05,340.35,340.35,340.35,288.75,24813.45,359.95,3825,-150,2,3673605.0,2,F1,75,,,,,
2025-05-21,2025-05-21,FO,NSE,IDO,55786,,NIFTY,,2025-07-31,2025-07-31,24650.0,PE,NIFTY25JUL24650PE,460.0,460.0,460.0,460.0,460.0,402.95,24813.45,539.85,825,0,1,1883250.0,1,F1,75,,,,,
2025-05-21,2025-05-21,FO,NSE,IDO,40352,,NIFTY,,2025-06-05,2025-06-05,22400.0,PE,NIFTY2560522400PE,9.75,9.8,6.7,8.3,8.35,10.55,24813.45,8.3,37425,450,140,235288151.25,62,F1,75,,,,,
2025-05-21,2025-05-21,FO,NSE,IDO,61391,,NIFTY,,2029-12-27,2029-12-27,18000.0,PE,NIFTY29DEC18000PE,0.0,0.0,0.0,96.5,0.0,96.5,24813.45,131.95,0,0,0,0.0,0,F1,75,,,,,
2025-05-21,2025-05-21,FO,NSE,IDO,89637,,NIFTY,,2029-06-28,2029-06-28,27000.0,PE,NIFTY29JUN27000PE,0.0,0.0,0.0,1252.35,0.0,1252.35,24813.45,1490.85,0,0,0,0.0,0,F1,75,,,,,
2025-05-21,2025-05-21,FO,NSE,IDO,67783,,NIFTY,,2028-12-28,2028-12-28,24000.0,PE,NIFTY28DEC24000PE,0.0,0.0,0.0,914.3,914.3,914.3,24813.45,824.25,600,0,0,0.0,0,F1,75,,,,,
2025-05-21,2025-05-21,FO,NSE,IDO,86160,,NIFTY,,2028-06-29,2028-06-29,25000.0,PE,NIFTY28JUN25000PE,0.0,0.0,0.0,2016.8,0.0,2016.8,24813.45,1075.65,0,0,0,0.0,0,F1,75,,,,,
2025-05-21,2025-05-21,FO,NSE,IDO,53625,,NIFTY,,2027-12-30,2027-12-30,24000.0,PE,NIFTY27DEC24000PE,0.0,0.0,0.0,860.05,860.05,860.05,24813.45,850.6,825,0,0,0.0,0,F1,75,,,,,
2025-05-21,2025-05-21,FO,NSE,IDO,38159,,NIFTY,,2026-12-31,2026-12-31,29000.0,PE,NIFTY26DEC29000PE,0.0,0.0,0.0,5042.25,0.0,5042.25,24813.45,2918.0,0,0,0,0.0,0,F1,75,,,,,
2025-05-21,2025-05-21,FO,NSE,IDO,50979,,NIFTY,,2026-12-31,2026-12-31,27000.0,PE,NIFTY26DEC27000PE,0.0,0.0,0.0,1506.0,1506.0,1506.0,24813.45,1899.05,1650,0,0,0.0,0,F1,75,,,,,
2025-05-21,2025-05-21,FO,NSE,IDO,58629,,NIFTY,,2026-12-31,2026-12-31,12000.0,PE,NIFTY26DEC12000PE,0.0,0.0,0.0,20.05,20.05,20.05,24813.45,0.1,1100,0,0,0.0,0,F1,75,,,,,
2025-05-21,2025-05-21,FO,NSE,IDO,49202,,NIFTY,,2025-05-22,2025-05-22,24400.0,CE,NIFTY2552224400CE,360.5,591.95,312.0,401.9,390.95,355.4,24813.45,401.9,204300,-23100,22335,41557445643.75,15832,F1,75,,,,,
2025-05-21,2025-05-21,FO,NSE,IDO,61345,,NIFTY,,2025-05-29,2025-05-29,20850.0,CE,NIFTY25MAY20850CE,3929.8,4113.65,3929.8,4113.65,4113.65,3234.1,24813.45,3992.8,1800,-75,2,3730758.75,2,F1,75,,,,,
2025-05-21,2025-05-21,FO,NSE,IDO,61521,,NIFTY,,2025-05-29,2025-05-29,22900.0,CE,NIFTY25MAY22900CE,1975.8,2074.0,1838.8,1953.0,1944.6,1868.1,24813.45,1953.0,174450,-75,112,208094745.0,112,F1,75,,,,,
2025-05-21,2025-05-21,FO,NSE,IDO,61771,,NIFTY,,2025-05-29,2025-05-29,25400.0,CE,NIFTY25MAY25400CE,45.0,93.3,37.5,48.55,46.3,48.0,24813.45,48.55,1089150,167625,90709,173200331962.5,56576,F1,75,,,,,
2025-05-21,2025-05-21,FO,NSE,IDO,61797,,NIFTY,,2025-05-29,2025-05-29,25900.0,CE,NIFTY25MAY25900CE,11.0,18.3,8.0,9.3,8.85,12.3,24813.45,9.3,952050,-44625,66433,129105657738.75,43515,F1,75,,,,,
2025-05-21,2025-05-21,FO,NSE,IDO,61799,,NIFTY,,2025-05-29,2025-05-29,25950.0,CE,NIFTY25MAY25950CE,10.85,15.1,6.8,7.95,7.55,10.8,24813.45,7.95,169050,22200,15832,30824747752.5,9848,F1,75,,,,,
2025-05-21,2025-05-21,FO,NSE,IDO,61801,,NIFTY,,2025-05-29,2025-05-29,26000.0,CE,NIFTY25MAY26000CE,9.55,12.7,6.0,6.85,6.6,10.1,24813.45,6.85,6772875,1623750,170377,332346366648.75,69117,F1,75,,,,,
2025-05-21,2025-05-21,FO,NSE,IDO,40347,,NIFTY,,2025-06-05,2025-06-05,22300.0,CE,NIFTY2560522300CE,2600.0,2600.0,2600.0,2600.0,2600.0,2195.6,24813.45,2572.45,150,150,2,3735000.0,2,F1,75,,,,,
2025-05-21,2025-05-21,FO,NSE,IDO,40451,,NIFTY,,2025-06-05,2025-06-05,24300.0,CE,NIFTY2560524300CE,655.2,824.1,625.55,673.45,673.45,641.4,24813.45,673.45,13875,-1950,64,120114851.25,29,F1,75,,,,,
2025-05-21,2025-05-21,FO,NSE,IDO,40465,,NIFTY,,2025-06-05,2025-06-05,24450.0,CE,NIFTY2560524450CE,534.15,682.3,534.15,580.0,580.0,532.15,24813.45,580.0,2325,825,40,75090161.25,17,F1,75,,,,,
2025-05-21,2025-05-21,FO,NSE,IDO,40475,,NIFTY,,2025-06-05,2025-06-05,24700.0,CE,NIFTY2560524700CE,388.85,536.0,353.05,397.15,393.95,375.1,24813.45,397.15,89100,21825,5000,9418586051.25,3587,F1,75,,,,,
2025-05-21,2025-05-21,FO,NSE,IDO,44724,,NIFTY,,2025-06-12,2025-06-12,22400.0,CE,NIFTY2561222400CE,0.0,0.0,0.0,2040.95,0.0,2040.95,24813.45,2502.2,0,0,0,0.0,0,F1,75,,,,,
2025-05-21,2025-05-21,FO,NSE,IDO,44772,,NIFTY,,2025-06-12,2025-06-12,23350.0,CE,NIFTY2561223350CE,0.0,0.0,0.0,1203.7,0.0,1203.7,24813.45,1583.6,0,0,0,0.0,0,F1,75,,,,,
2025-05-21,2025-05-21,FO,NSE,IDO,44776,,NIFTY,,2025-06-12,2025-06-12,23450.0,CE,NIFTY2561223450CE,0.0,0.0,0.0,1125.25,0.0,1125.25,24813.45,1491.55,0,0,0,0.0,0,F1,75,,,,,
2025-05-21,2025-05-21,FO,NSE,IDO,44788,,NIFTY,,2025-06-12,2025-06-12,23650.0,CE,NIFTY2561223650CE,0.0,0.0,0.0,975.55,0.0,975.55,24813.45,1312.25,0,0,0,0.0,0,F1,75,,,,,
2025-05-21,2025-05-21,FO,NSE,IDO,44820,,NIFTY,,2025-06-12,2025-06-12,24150.0,CE,NIFTY2561224150CE,0.0,0.0,0.0,650.9,0.0,650.9,24813.45,901.5,0,0,0,0.0,0,F1,75,,,,,
2025-05-21,2025-05-21,FO,NSE,IDO,44826,,NIFTY,,2025-06-12,2025-06-12,24300.0,CE,NIFTY2561224300CE,758.1,758.1,758.1,758.1,758.1,765.5,24813.45,791.5,75,75,1,1879357.5,1,F1,75,,,,,
2025-05-21,2025-05-21,FO,NSE,IDO,44840,,NIFTY,,2025-06-12,2025-06-12,24550.0,CE,NIFTY2561224550CE,571.6,571.6,571.6,571.6,571.6,446.15,24813.45,571.6,75,75,1,1884120.0,1,F1,75,,,,,
2025-05-21,2025-05-21,FO,NSE,IDO,44900,,NIFTY,,2025-06-12,2025-06-12,25700.0,CE,NIFTY2561225700CE,106.0,138.75,83.0,92.75,92.35,89.65,24813.45,92.75,15675,2025,322,623147141.25,157,F1,75,,,,,
2025-05-21,2025-05-21,FO,NSE,IDO,44932,,NIFTY,,2025-06-12,2025-06-12,26450.0,CE,NIFTY2561226450CE,22.05,22.05,19.35,19.35,19.35,22.05,24813.45,40.65,2625,0,9,17868431.25,3,F1,75,,,,,
2025-05-21,2025-05-21,FO,NSE,IDO,50967,,NIFTY,,2025-06-19,2025-06-19,24250.0,CE,NIFTY2561924250CE,0.0,0.0,0.0,1151.45,0.0,1151.45,24813.45,900.6,0,0,0,0.0,0,F1,75,,,,,
2025-05-21,2025-05-21,FO,NSE,IDO,50993,,NIFTY,,2025-06-19,2025-06-19,24600.0,CE,NIFTY2561924600CE,0.0,0.0,0.0,903.3,0.0,903.3,24813.45,672.65,0,0,0,0.0,0,F1,75,,,,,
2025-05-21,2025-05-21,FO,NSE,IDO,51011,,NIFTY,,2025-06-19,2025-06-19,25000.0,CE,NIFTY2561925000CE,371.3,480.8,353.75,378.05,370.0,362.25,24813.45,378.05,7425,225,212,404021715.0,152,F1,75,,,,,
2025-05-21,2025-05-21,FO,NSE,IDO,51021,,NIFTY,,2025-06-19,2025-06-19,25250.0,CE,NIFTY2561925250CE,0.0,0.0,0.0,531.65,0.0,531.65,24813.45,352.2,0,0,0,0.0,0,F1,75,,,,,
2025-05-21,2025-05-21,FO,NSE,IDO,51025,,NIFTY,,2025-06-19,2025-06-19,25350.0,CE,NIFTY2561925350CE,0.0,0.0,0.0,485.25,0.0,485.25,24813.45,314.75,0,0,0,0.0,0,F1,75,,,,,
2025-05-21,2025-05-21,FO,NSE,IDO,51035,,NIFTY,,2025-06-19,2025-06-19,25600.0,CE,NIFTY2561925600CE,0.0,0.0,0.0,381.6,0.0,381.6,24813.45,233.95,0,0,0,0.0,0,F1,75,,,,,
2025-05-21,2025-05-21,FO,NSE,IDO,51083,,NIFTY,,2025-06-19,2025-06-19,26600.0,CE,NIFTY2561926600CE,0.0,0.0,0.0,122.55,0.0,122.55,24813.45,56.85,0,0,0,0.0,0,F1,75,,,,,
2025-05-21,2025-05-21,FO,NSE,IDO,51091,,NIFTY,,2025-06-19,2025-06-19,26800.0,CE,NIFTY2561926800CE,36.95,38.0,36.95,38.0,38.0,94.3,24813.45,40.95,150,150,2,4025621.25,2,F1,75,,,,,
2025-05-21,2025-05-21,FO,NSE,IDO,62075,,NIFTY,,2025-06-26,2025-06-26,20700.0,CE,NIFTY25JUN20700CE,0.0,0.0,0.0,3507.3,3501.3,3507.3,24813.45,4249.1,525,0,0,0.0,0,F1,75,,,,,
2025-05-21,2025-05-21,FO,NSE,IDO,62099,,NIFTY,,2025-06-26,2025-06-26,20950.0,CE,NIFTY25JUN20950CE,0.0,0.0,0.0,3265.6,3266.3,3265.6,24813.45,4000.85,525,0,0,0.0,0,F1,75,,,,,
2025-05-21,2025-05-21,FO,NSE,IDO,51449,,NIFTY,,2025-06-26,2025-06-26,21000.0,CE,NIFTY25JUN21000CE,3860.0,4075.25,3830.0,3921.8,3920.0,3858.05,24813.45,3921.8,307125,1950,58,108567037.5,51,F1,75,,,,,
2025-05-21,2025-05-21,FO,NSE,IDO,62175,,NIFTY,,2025-06-26,2025-06-26,22100.0,CE,NIFTY25JUN22100CE,2852.6,2852.6,2852.6,2852.6,2852.6,3098.6,24813.45,2863.95,1200,75,1,1871445.0,1,F1,75,,,,,
2025-05-21,2025-05-21,FO,NSE,IDO,62209,,NIFTY,,2025-06-26,2025-06-26,22750.0,CE,NIFTY25JUN22750CE,2247.8,2247.8,2247.8,2247.8,2247.8,2477.55,24813.45,2247.8,1200,75,1,1874835.0,1,F1,75,,,,,
2025-05-21,2025-05-21,FO,NSE,IDO,62215,,NIFTY,,2025-06-26,2025-06-26,22850.0,CE,NIFTY25JUN22850CE,2141.25,2141.25,2141.25,2141.25,2141.25,2381.5,24813.45,2142.1,1200,75,1,1874343.75,1,F1,75,,,,,
2025-05-21,2025-05-21,FO,NSE,IDO,62319,,NIFTY,,2025-06-26,2025-06-26,23250.0,CE,NIFTY25JUN23250CE,1774.6,1774.6,1774.6,1774.6,1774.6,1992.0,24813.45,1775.2,1275,75,1,1876845.0,1,F1,75,,,,,
2025-05-21,2025-05-21,FO,NSE,IDO,62325,,NIFTY,,2025-06-26,2025-06-26,23400.0,CE,NIFTY25JUN23400CE,1588.85,1680.05,1580.0,1664.65,1664.65,1575.0,24813.45,1642.85,5700,300,14,26292870.0,12,F1,75,,,,,
2025-05-21,2025-05-21,FO,NSE,IDO,62331,,NIFTY,,2025-06-26,2025-06-26,23550.0,CE,NIFTY25JUN23550CE,1508.35,1508.35,1508.35,1508.35,1508.35,1768.2,24813.45,1514.05,2250,75,1,1879376.25,1,F1,75,,,,,
2025-05-21,2025-05-21,FO,NSE,IDO,71379,,NIFTY,,2025-06-26,2025-06-26,24000.0,CE,NIFTY25JUN24000CE,1076.05,1280.75,1050.0,1114.15,1110.0,1078.35,24813.45,1114.15,1505475,6400,2949,5561910397.5,2186,F1,75,,,,,
2025-05-21,2025-05-21,FO,NSE,IDO,62443,,NIFTY,,2025-06-26,2025-06-26,25950.0,CE,NIFTY25JUN25950CE,108.75,154.4,100.65,115.8,113.85,105.7,24813.45,115.8,10800,3225,233,455610018.75,133,F1,75,,,,,
2025-05-21,2025-05-21,FO,NSE,IDO,62475,,NIFTY,,2025-06-26,2025-06-26,26550.0,CE,NIFTY25JUN26550CE,0.0,0.0,0.0,96.05,0.0,96.05,24813.45,94.4,0,0,0,0.0,0,F1,75,,,,,
2025-05-21,2025-05-21,FO,NSE,IDO,62483,,NIFTY,,2025-06-26,2025-06-26,26600.0,CE,NIFTY25JUN26600CE,39.25,48.45,31.8,35.95,35.0,35.75,24813.45,35.95,110625,-10950,4621,9232285803.75,2999,F1,75,,,,,
2025-05-21,2025-05-21,FO,NSE,IDO,55679,,NIFTY,,2025-07-31,2025-07-31,22450.0,CE,NIFTY25JUL22450CE,2680.35,2680.35,2680.35,2680.35,2680.35,2346.45,24813.45,2709.95,75,75,1,1884776.25,1,F1,75,,,,,
2025-05-21,2025-05-21,FO,NSE,IDO,55721,,NIFTY,,2025-07-31,2025-07-31,23150.0,CE,NIFTY25JUL23150CE,2057.25,2057.25,2057.25,2057.25,2057.25,1952.35,24813.45,2057.25,675,75,1,1890543.75,1,F1,75,,,,,
2025-05-21,2025-05-21,FO,NSE,IDO,55735,,NIFTY,,2025-07-31,2025-07-31,23500.0,CE,NIFTY25JUL23500CE,1722.0,1917.0,1697.75,1744.85,1751.0,1709.0,24813.45,1744.85,45150,1275,86,163100692.5,69,F1,75,,,,,
2025-05-21,2025-05-21,FO,NSE,IDO,55755,,NIFTY,,2025-07-31,2025-07-31,23950.0,CE,NIFTY25JUL23950CE,1420.8,1420.8,1420.8,1420.8,1420.8,1547.0,24813.45,1474.15,825,-75,1,1902810.0,1,F1,75,,,,,
2025-05-21,2025-05-21,FO,NSE,IDO,55761,,NIFTY,,2025-07-31,2025-07-31,24100.0,CE,NIFTY25JUL24100CE,1306.45,1306.45,1306.45,1306.45,1306.45,1250.0,24813.45,1368.25,4500,-75,1,1905483.75,1,F1,75,,,,,
2025-05-21,2025-05-21,FO,NSE,IDO,55793,,NIFTY,,2025-07-31,2025-07-31,24850.0,CE,NIFTY25JUL24850CE,809.95,874.8,753.6,771.3,767.0,722.1,24813.45,771.3,1575,0,22,42372240.0,13,F1,75,,,,,
2025-05-21,2025-05-21,FO,NSE,IDO,38157,,NIFTY,,2026-06-25,2026-06-25,29000.0,PE,NIFTY26JUN29000PE,0.0,0.0,0.0,5546.1,0.0,5546.1,24813.45,3150.6,0,0,0,0.0,0,F1,75,,,,,
2025-05-21,2025-05-21,FO,NSE,IDO,55804,,NIFTY,,2025-07-31,2025-07-31,25100.0,PE,NIFTY25JUL25100PE,605.0,651.3,600.0,651.3,651.3,683.65,24813.45,744.65,7500,-300,8,15434988.75,7,F1,75,,,,,
2025-05-21,2025-05-21,FO,NSE,IDO,55817,,NIFTY,,2025-07-31,2025-07-31,25400.0,CE,NIFTY25JUL25400CE,505.0,545.0,505.0,545.0,545.0,457.8,24813.45,644.5,10200,-150,5,9726183.75,4,F1,75,,,,,
2025-05-21,2025-05-21,FO,NSE,IDO,55861,,NIFTY,,2025-07-31,2025-07-31,26300.0,CE,NIFTY25JUL26300CE,0.0,0.0,0.0,306.7,0.0,306.7,24813.45,337.45,0,0,0,0.0,0,F1,75,,,,,
2025-05-21,2025-05-21,FO,NSE,IDO,55121,,NIFTY,,2025-12-24,2025-12-24,18000.0,CE,NIFTY25DEC18000CE,0.0,0.0,0.0,7344.95,7344.95,7344.95,24813.45,7515.5,10575,0,0,0.0,0,F1,75,,,,,
2025-05-21,2025-05-21,FO,NSE,IDO,71501,,NIFTY,,2026-12-31,2026-12-31,24000.0,CE,NIFTY26DEC24000CE,0.0,0.0,0.0,3910.0,3910.0,3910.0,24813.45,4077.7,3600,0,0,0.0,0,F1,75,,,,,
2025-05-21,2025-05-21,FO,NSE,IDO,71505,,NIFTY,,2026-12-31,2026-12-31,26000.0,CE,NIFTY26DEC26000CE,2400.0,2400.0,2400.0,2400.0,2400.0,2379.95,24813.45,2940.4,5250,0,1,2130000.0,1,F1,75,,,,,
2025-05-21,2025-05-21,FO,NSE,IDO,53628,,NIFTY,,2027-12-30,2027-12-30,26000.0,CE,NIFTY27DEC26000CE,0.0,0.0,0.0,3162.4,0.0,3162.4,24813.45,4362.5,0,0,0,0.0,0,F1,75,,,,,
2025-05-21,2025-05-21,FO,NSE,IDO,53633,,NIFTY,,2027-12-30,2027-12-30,28000.0,CE,NIFTY27DEC28000CE,0.0,0.0,0.0,2639.2,0.0,2639.2,24813.45,3405.05,0,0,0,0.0,0,F1,75,,,,,
2025-05-21,2025-05-21,FO,NSE,IDO,86153,,NIFTY,,2028-06-29,2028-06-29,25000.0,CE,NIFTY28JUN25000CE,0.0,0.0,0.0,3545.15,0.0,3545.15,24813.45,5565.6,0,0,0,0.0,0,F1,75,,,,,
2025-05-21,2025-05-21,FO,NSE,IDO,67770,,NIFTY,,2028-12-28,2028-12-28,18000.0,CE,NIFTY28DEC18000CE,0.0,0.0,0.0,9380.3,0.0,9380.3,24813.45,10774.65,0,0,0,0.0,0,F1,75,,,,,
2025-05-21,2025-05-21,FO,NSE,IDO,49108,,NIFTY,,2025-05-22,2025-05-22,22700.0,PE,NIFTY2552222700PE,0.6,0.75,0.2,0.3,0.2,0.65,24813.45,0.3,380700,-71700,32137,54714378412.5,5474,F1,75,,,,,
2025-05-21,2025-05-21,FO,NSE,IDO,49176,,NIFTY,,2025-05-22,2025-05-22,23900.0,PE,NIFTY2552223900PE,3.85,3.85,1.15,1.5,1.15,4.65,24813.45,1.5,3510900,1393950,741296,1328892384877.5,139034,F1,75,,,,,
2025-05-21,2025-05-21,FO,NSE,IDO,49183,,NIFTY,,2025-05-22,2025-05-22,24000.0,PE,NIFTY2552224000PE,3.5,5.45,1.9,2.25,2.1,6.35,24813.45,2.25,11116725,3628050,1758178,3165119747358.75,331148,F1,75,,,,,
2025-05-21,2025-05-21,FO,NSE,IDO,49187,,NIFTY,,2025-05-22,2025-05-22,24100.0,PE,NIFTY2552224100PE,3.95,8.35,2.55,2.95,2.9,8.1,24813.45,2.95,3803400,1839075,902150,1630916459823.75,225434,F1,75,,,,,
2025-05-21,2025-05-21,FO,NSE,IDO,49201,,NIFTY,,2025-05-22,2025-05-22,24350.0,PE,NIFTY2552224350PE,16.7,29.35,7.85,9.5,10.15,20.05,24813.45,9.5,1644900,674175,1013807,1852542217376.25,359370,F1,75,,,,,
2025-05-21,2025-05-21,FO,NSE,IDO,49272,,NIFTY,,2025-05-22,2025-05-22,25250.0,PE,NIFTY2552225250PE,527.3,583.0,310.0,474.8,482.95,536.45,24813.45,474.8,118050,-7200,7091,13656100912.5,5309,F1,75,,,,,
2025-05-21,2025-05-21,FO,NSE,IDO,61354,,NIFTY,,2025-05-29,2025-05-29,20950.0,PE,NIFTY25MAY20950PE,2.05,2.55,1.8,2.1,2.0,2.55,24813.45,2.1,13350,-3450,131,205853748.75,81,F1,75,,,,,
2025-05-21,2025-05-21,FO,NSE,IDO,61396,,NIFTY,,2025-05-29,2025-05-29,21500.0,PE,NIFTY25MAY21500PE,3.3,3.3,2.2,2.45,2.45,3.35,24813.45,2.45,1616100,210825,13956,22506672277.5,5599,F1,75,,,,,
2025-05-21,2025-05-21,FO,NSE,IDO,61486,,NIFTY,,2025-05-29,2025-05-29,22000.0,PE,NIFTY25MAY22000PE,4.05,4.45,3.1,3.3,3.4,4.4,24813.45,3.3,2627250,133575,23919,39472497483.75,7846,F1,75,,,,,
2025-05-21,2025-05-21,FO,NSE,IDO,61556,,NIFTY,,2025-05-29,2025-05-29,23750.0,PE,NIFTY25MAY23750PE,23.0,32.7,17.65,20.35,21.65,26.35,24813.45,20.35,108000,10500,6756,12045599868.75,4429,F1,75,,,,,
2025-05-21,2025-05-21,FO,NSE,IDO,61662,,NIFTY,,2025-05-29,2025-05-29,23950.0,PE,NIFTY25MAY23950PE,35.15,49.8,26.2,31.65,30.65,40.6,24813.45,31.65,154950,5325,10186,18323035942.5,7614,F1,75,,,,,
2025-05-21,2025-05-21,FO,NSE,IDO,61668,,NIFTY,,2025-05-29,2025-05-29,24100.0,PE,NIFTY25MAY24100PE,52.5,67.75,35.85,44.2,44.1,55.25,24813.45,44.2,939375,25650,42256,76529559345.0,25197,F1,75,,,,,
2025-05-21,2025-05-21,FO,NSE,IDO,61674,,NIFTY,,2025-05-29,2025-05-29,24250.0,PE,NIFTY25MAY24250PE,70.0,92.8,49.35,63.2,62.65,77.45,24813.45,63.2,266475,94725,22125,40350716175.0,14724,F1,75,,,,,
2025-05-21,2025-05-21,FO,NSE,IDO,61690,,NIFTY,,2025-05-29,2025-05-29,24650.0,PE,NIFTY25MAY24650PE,188.0,210.0,115.45,158.35,159.2,187.55,24813.45,158.35,305925,14775,39697,73866799305.0,25730,F1,75,,,,,
2025-05-21,2025-05-21,FO,NSE,IDO,61786,,NIFTY,,2025-05-29,2025-05-29,25650.0,PE,NIFTY25MAY25650PE,800.0,882.85,683.0,835.0,835.0,900.7,24813.45,835.0,7500,6075,109,216059452.5,39,F1,75,,,,,
2025-05-21,2025-05-21,FO,NSE,IDO,61790,,NIFTY,,2025-05-29,2025-05-29,25750.0,PE,NIFTY25MAY25750PE,825.3,992.05,759.6,925.9,928.45,912.85,24813.45,925.9,7275,4050,116,231116958.75,43,F1,75,,,,,
2025-05-21,2025-05-21,FO,NSE,IDO,61808,,NIFTY,,2025-05-29,2025-05-29,26150.0,PE,NIFTY25MAY26150PE,1358.3,1358.3,1304.25,1304.25,1304.25,1392.55,24813.45,1305.85,600,150,3,6181263.75,3,F1,75,,,,,
2025-05-21,2025-05-21,FO,NSE,IDO,40438,,NIFTY,,2025-06-05,2025-06-05,24050.0,PE,NIFTY2560524050PE,95.0,112.0,71.85,88.5,89.15,96.1,24813.45,88.5,10950,750,338,611838397.5,159,F1,75,,,,,
2025-05-21,2025-05-21,FO,NSE,IDO,40442,,NIFTY,,2025-06-05,2025-06-05,24150.0,PE,NIFTY2560524150PE,110.65,130.6,84.9,103.0,104.65,111.8,24813.45,103.0,7950,2400,133,241969811.25,100,F1,75,,,,,
2025-05-21,2025-05-21,FO,NSE,IDO,40504,,NIFTY,,2025-06-05,2025-06-05,25200.0,PE,NIFTY2560525200PE,550.05,584.0,399.55,512.9,515.25,554.35,24813.45,512.9,94425,-1350,881,1696980618.75,543,F1,75,,,,,
2025-05-21,2025-05-21,FO,NSE,IDO,40530,,NIFTY,,2025-06-05,2025-06-05,25750.0,PE,NIFTY2560525750PE,926.0,926.0,926.0,926.0,926.0,830.0,24813.45,947.7,75,75,1,2000700.0,1,F1,75,,,,,
2025-05-21,2025-05-21,FO,NSE,IDO,40576,,NIFTY,,2025-06-05,2025-06-05,26700.0,PE,NIFTY2560526700PE,1828.1,1828.1,1828.1,1828.1,1828.1,2221.8,24813.45,1824.15,75,75,1,2139607.5,1,F1,75,,,,,
2025-05-21,2025-05-21,FO,NSE,IDO,44823,,NIFTY,,2025-06-12,2025-06-12,24200.0,PE,NIFTY2561224200PE,169.9,189.05,133.7,160.7,162.55,169.85,24813.45,160.7,12675,6675,149,272236151.25,114,F1,75,,,,,
2025-05-21,2025-05-21,FO,NSE,IDO,44829,,NIFTY,,2025-06-12,2025-06-12,24350.0,PE,NIFTY2561224350PE,186.55,212.6,182.6,200.75,200.75,191.05,24813.45,199.05,9750,9075,130,239243512.5,45,F1,75,,,,,
2025-05-21,2025-05-21,FO,NSE,IDO,44867,,NIFTY,,2025-06-12,2025-06-12,25000.0,PE,NIFTY2561225000PE,471.45,504.1,355.0,446.0,450.0,471.55,24813.45,446.0,121275,13575,1168,2227556253.75,765,F1,75,,,,,
2025-05-21,2025-05-21,FO,NSE,IDO,44869,,NIFTY,,2025-06-12,2025-06-12,25050.0,PE,NIFTY2561225050PE,490.45,517.15,382.0,479.85,470.65,364.0,24813.45,479.85,5850,4275,141,269295213.75,51,F1,75,,,,,
2025-05-21,2025-05-21,FO,NSE,IDO,44919,,NIFTY,,2025-06-12,2025-06-12,26150.0,PE,NIFTY2561226150PE,0.0,0.0,0.0,1766.8,0.0,1766.8,24813.45,1306.05,0,0,0,0.0,0,F1,75,,,,,
2025-05-21,2025-05-21,FO,NSE,IDO,44949,,NIFTY,,2025-06-12,2025-06-12,26800.0,PE,NIFTY2561226800PE,0.0,0.0,0.0,2374.2,0.0,2374.2,24813.45,1903.15,0,0,0,0.0,0,F1,75,,,,,
2025-05-21,2025-05-21,FO,NSE,IDO,50896,,NIFTY,,2025-06-19,2025-06-19,23400.0,PE,NIFTY2561923400PE,75.9,79.7,64.0,79.25,79.25,50.85,24813.45,54.95,1350,1350,34,59858613.75,17,F1,75,,,,,
2025-05-21,2025-05-21,FO,NSE,IDO,50926,,NIFTY,,2025-06-19,2025-06-19,23600.0,PE,NIFTY2561923600PE,0.0,0.0,0.0,71.15,0.0,71.15,24813.45,78.65,0,0,0,0.0,0,F1,75,,,,,
2025-05-21,2025-05-21,FO,NSE,IDO,50980,,NIFTY,,2025-06-19,2025-06-19,24350.0,PE,NIFTY2561924350PE,0.0,0.0,0.0,210.5,0.0,210.5,24813.45,244.35,0,0,0,0.0,0,F1,75,,,,,
2025-05-21,2025-05-21,FO,NSE,IDO,50994,,NIFTY,,2025-06-19,2025-06-19,24600.0,PE,NIFTY2561924600PE,328.0,332.0,260.8,304.75,296.2,327.0,24813.45,304.75,3975,3150,83,155017200.0,61,F1,75,,,,,
2025-05-21,2025-05-21,FO,NSE,IDO,51024,,NIFTY,,2025-06-19,2025-06-19,25300.0,PE,NIFTY2561925300PE,777.65,777.65,777.65,777.65,777.65,584.2,24813.45,690.9,75,75,1,1955823.75,1,F1,75,,,,,
2025-05-21,2025-05-21,FO,NSE,IDO,51062,,NIFTY,,2025-06-19,2025-06-19,26150.0,PE,NIFTY2561926150PE,0.0,0.0,0.0,1133.35,0.0,1133.35,24813.45,1316.1,0,0,0,0.0,0,F1,75,,,,,
2025-05-21,2025-05-21,FO,NSE,IDO,62144,,NIFTY,,2025-06-26,2025-06-26,21500.0,PE,NIFTY25JUN21500PE,22.4,24.6,19.9,22.4,22.25,23.6,24813.45,22.4,436125,-1800,2397,3869147651.25,1489,F1,75,,,,,
2025-05-21,2025-05-21,FO,NSE,IDO,37794,,NIFTY,,2025-06-26,2025-06-26,23000.0,PE,NIFTY25JUN23000PE,75.0,87.2,64.2,73.8,74.4,77.0,24813.45,73.8,3162500,80750,18504,32022513112.5,10996,F1,75,,,,,
2025-05-21,2025-05-21,FO,NSE,IDO,55803,,NIFTY,,2025-07-31,2025-07-31,25100.0,CE,NIFTY25JUL25100CE,675.0,734.0,612.8,632.75,612.8,608.85,24813.45,632.75,9375,2175,128,247320176.25,44,F1,75,,,,,
2025-05-21,2025-05-21,FO,NSE,IDO,55807,,NIFTY,,2025-07-31,2025-07-31,25200.0,CE,NIFTY25JUL25200CE,548.55,680.0,548.55,577.25,573.1,553.45,24813.45,577.25,21375,-225,182,352185581.25,100,F1,75,,,,,
2025-05-21,2025-05-21,FO,NSE,IDO,55841,,NIFTY,,2025-07-31,2025-07-31,25850.0,CE,NIFTY25JUL25850CE,324.45,324.5,324.3,324.4,324.5,303.05,24813.45,324.4,900,75,7,13741556.25,5,F1,75,,,,,
2025-05-21,2025-05-21,FO,NSE,IDO,55876,,NIFTY,,2025-07-31,2025-07-31,26650.0,CE,NIFTY25JUL26650CE,126.2,150.0,126.2,132.0,132.0,129.4,24813.45,255.3,4800,-225,10,20093313.75,7,F1,75,,,,,
2025-05-21,2025-05-21,FO,NSE,IDO,55883,,NIFTY,,2025-07-31,2025-07-31,26800.0,CE,NIFTY25JUL26800CE,96.1,127.6,92.5,100.5,95.0,96.4,24813.45,100.5,34050,9225,278,561065223.75,164,F1,75,,,,,
2025-05-21,2025-05-21,FO,NSE,IDO,62922,,NIFTY,,2026-03-26,2026-03-26,23000.0,CE,NIFTY26MAR23000CE,0.0,0.0,0.0,2782.55,0.0,2782.55,24813.45,3506.5,0,0,0,0.0,0,F1,75,,,,,
2025-05-21,2025-05-21,FO,NSE,IDO,58624,,NIFTY,,2026-06-25,2026-06-25,12000.0,CE,NIFTY26JUN12000CE,0.0,0.0,0.0,8690.0,8690.0,8690.0,24813.45,13658.1,50,0,0,0.0,0,F1,75,,,,,
2025-05-21,2025-05-21,FO,NSE,IDO,44857,,NIFTY,,2025-06-12,2025-06-12,24800.0,PE,NIFTY2561224800PE,362.55,395.7,276.8,342.8,345.0,371.8,24813.45,342.8,28125,14850,792,1493532678.75,558,F1,75,,,,,
2025-05-21,2025-05-21,FO,NSE,IDO,44899,,NIFTY,,2025-06-12,2025-06-12,25650.0,PE,NIFTY2561225650PE,875.25,875.25,875.25,875.25,875.25,1332.65,24813.45,897.85,75,75,1,1989393.75,1,F1,75,,,,,
2025-05-21,2025-05-21,FO,NSE,IDO,44907,,NIFTY,,2025-06-12,2025-06-12,25850.0,PE,NIFTY2561225850PE,0.0,0.0,0.0,1501.7,0.0,1501.7,24813.45,1053.5,0,0,0,0.0,0,F1,75,,,,,
2025-05-21,2025-05-21,FO,NSE,IDO,44913,,NIFTY,,2025-06-12,2025-06-12,26000.0,PE,NIFTY2561226000PE,0.0,0.0,0.0,1632.7,0.0,1632.7,24813.45,1177.4,0,0,0,0.0,0,F1,75,,,,,
2025-05-21,2025-05-21,FO,NSE,IDO,53618,,NIFTY,,2027-12-30,2027-12-30,23000.0,CE,NIFTY27DEC23000CE,0.0,0.0,0.0,4125.7,0.0,4125.7,24813.45,6122.2,0,0,0,0.0,0,F1,75,,,,,
2025-05-21,2025-05-21,FO,NSE,IDO,86143,,NIFTY,,2028-06-29,2028-06-29,20000.0,CE,NIFTY28JUN20000CE,0.0,0.0,0.0,5724.65,0.0,5724.65,24813.45,8795.8,0,0,0,0.0,0,F1,75,,,,,
2025-05-21,2025-05-21,FO,NSE,IDO,89610,,NIFTY,,2029-06-28,2029-06-28,17000.0,CE,NIFTY29JUN17000CE,0.0,0.0,0.0,12333.1,0.0,12333.1,24813.45,11963.15,0,0,0,0.0,0,F1,75,,,,,
2025-05-21,2025-05-21,FO,NSE,IDO,89628,,NIFTY,,2029-06-28,2029-06-28,23000.0,CE,NIFTY29JUN23000CE,0.0,0.0,0.0,8636.0,0.0,8636.0,24813.45,7944.8,0,0,0,0.0,0,F1,75,,,,,
2025-05-21,2025-05-21,FO,NSE,IDO,61794,,NIFTY,,2029-12-27,2029-12-27,27000.0,CE,NIFTY29DEC27000CE,0.0,0.0,0.0,6201.65,0.0,6201.65,24813.45,6357.25,0,0,0,0.0,0,F1,75,,,,,
2025-05-21,2025-05-21,FO,NSE,IDO,49146,,NIFTY,,2025-05-22,2025-05-22,23400.0,PE,NIFTY2552223400PE,1.25,1.5,0.45,0.6,0.45,1.6,24813.45,0.6,1077825,-277725,168748,296163375307.5,27900,F1,75,,,,,
2025-05-21,2025-05-21,FO,NSE,IDO,49205,,NIFTY,,2025-05-22,2025-05-22,24450.0,PE,NIFTY2552224450PE,28.95,47.1,12.7,17.3,19.05,31.5,24813.45,17.3,1664775,680550,1333819,2448266776173.75,528556,F1,75,,,,,
2025-05-21,2025-05-21,FO,NSE,IDO,49211,,NIFTY,,2025-05-22,2025-05-22,24600.0,PE,NIFTY2552224600PE,51.65,93.45,24.0,42.85,47.6,65.1,24813.45,42.85,4572525,812625,3268015,6041565677778.75,1461980,F1,75,,,,,
2025-05-21,2025-05-21,FO,NSE,IDO,49215,,NIFTY,,2025-05-22,2025-05-22,24700.0,PE,NIFTY2552224700PE,85.9,138.6,37.55,72.1,78.55,103.55,24813.45,72.1,5969625,1426650,5586139,10381549752296.25,2700106,F1,75,,,,,
2025-05-21,2025-05-21,FO,NSE,IDO,49301,,NIFTY,,2025-05-22,2025-05-22,25500.0,PE,NIFTY2552225500PE,755.05,825.0,530.0,721.95,725.45,775.35,24813.45,721.95,221250,-78900,12992,25513379156.25,7607,F1,75,,,,,
2025-05-21,2025-05-21,FO,NSE,IDO,49315,,NIFTY,,2025-05-22,2025-05-22,25750.0,PE,NIFTY2552225750PE,1030.05,1050.55,820.8,962.9,961.3,1029.3,24813.45,962.9,8025,1650,164,328605131.25,105,F1,75,,,,,
2025-05-21,2025-05-21,FO,NSE,IDO,49355,,NIFTY,,2025-05-22,2025-05-22,26500.0,PE,NIFTY2552226500PE,1656.0,1734.45,1566.0,1713.75,1713.75,1710.0,24813.45,1681.9,16650,-975,45,95185211.25,36,F1,75,,,,,
2025-05-21,2025-05-21,FO,NSE,IDO,61388,,NIFTY,,2025-05-29,2025-05-29,21350.0,PE,NIFTY25MAY21350PE,3.05,3.05,2.05,2.45,2.5,3.25,24813.45,2.45,14925,1125,102,163346178.75,71,F1,75,,,,,
2025-05-21,2025-05-21,FO,NSE,IDO,61526,,NIFTY,,2025-05-29,2025-05-29,23000.0,PE,NIFTY25MAY23000PE,9.25,9.95,5.8,6.9,6.95,10.05,24813.45,6.9,5437800,1075275,95150,164184170508.75,33324,F1,75,,,,,
2025-05-21,2025-05-21,FO,NSE,IDO,61750,,NIFTY,,2025-05-29,2025-05-29,24850.0,PE,NIFTY25MAY24850PE,268.65,305.0,173.85,241.9,242.25,277.1,24813.45,241.9,549225,101100,49665,93427031377.5,31453,F1,75,,,,,
2025-05-21,2025-05-21,FO,NSE,IDO,61752,,NIFTY,,2025-05-29,2025-05-29,24900.0,PE,NIFTY25MAY24900PE,305.25,334.0,191.15,267.65,268.35,305.3,24813.45,267.65,1092150,62700,135640,255894291903.75,84754,F1,75,,,,,
2025-05-21,2025-05-21,FO,NSE,IDO,61774,,NIFTY,,2025-05-29,2025-05-29,25400.0,PE,NIFTY25MAY25400PE,664.8,705.25,472.0,619.4,620.0,672.45,24813.45,619.4,90150,21750,3706,7223389222.5,2052,F1,75,,,,,
2025-05-21,2025-05-21,FO,NSE,IDO,61804,,NIFTY,,2025-05-29,2025-05-29,26050.0,PE,NIFTY25MAY26050PE,1090.0,1260.75,1050.45,1203.0,1203.0,1283.9,24813.45,1208.8,2475,225,16,32658986.25,9,F1,75,,,,,
2025-05-21,2025-05-21,FO,NSE,IDO,61826,,NIFTY,,2025-05-29,2025-05-29,26450.0,PE,NIFTY25MAY26450PE,1616.55,1616.55,1616.55,1616.55,1616.55,1687.3,24813.45,1601.1,525,75,1,2104991.25,1,F1,75,,,,,
2025-05-21,2025-05-21,FO,NSE,IDO,40384,,NIFTY,,2025-06-05,2025-06-05,22850.0,PE,NIFTY2560522850PE,0.0,0.0,0.0,53.45,0.0,53.45,24813.45,2.35,0,0,0,0.0,0,F1,75,,,,,
2025-05-21,2025-05-21,FO,NSE,IDO,40488,,NIFTY,,2025-06-05,2025-06-05,24900.0,PE,NIFTY2560524900PE,360.95,398.25,260.0,335.7,341.5,365.4,24813.45,335.7,122325,-1425,6113,11565678502.5,4599,F1,75,,,,,
2025-05-21,2025-05-21,FO,NSE,IDO,40512,,NIFTY,,2025-06-05,2025-06-05,25350.0,PE,NIFTY2560525350PE,529.2,623.65,529.2,620.25,620.25,659.3,24813.45,637.55,525,-75,8,15566178.75,6,F1,75,,,,,
2025-05-21,2025-05-21,FO,NSE,IDO,71502,,NIFTY,,2026-12-31,2026-12-31,24000.0,PE,NIFTY26DEC24000PE,773.05,780.0,745.0,772.0,778.95,772.45,24813.45,772.0,16500,75,10,18576378.75,9,F1,75,,,,,
2025-05-21,2025-05-21,FO,NSE,IDO,86142,,NIFTY,,2028-06-29,2028-06-29,19000.0,PE,NIFTY28JUN19000PE,0.0,0.0,0.0,537.45,0.0,537.45,24813.45,161.85,0,0,0,0.0,0,F1,75,,,,,
2025-05-21,2025-05-21,FO,NSE,IDO,89629,,NIFTY,,2029-06-28,2029-06-28,23000.0,PE,NIFTY29JUN23000PE,0.0,0.0,0.0,543.65,0.0,543.65,24813.45,627.45,0,0,0,0.0,0,F1,75,,,,,
2025-05-21,2025-05-21,FO,NSE,IDO,44929,,NIFTY,,2025-06-12,2025-06-12,26400.0,PE,NIFTY2561226400PE,0.0,0.0,0.0,1996.1,0.0,1996.1,24813.45,1529.3,0,0,0,0.0,0,F1,75,,,,,
2025-05-21,2025-05-21,FO,NSE,IDO,50884,,NIFTY,,2025-06-19,2025-06-19,23300.0,PE,NIFTY2561923300PE,72.0,72.0,72.0,72.0,72.0,66.05,24813.45,72.0,1425,75,1,1752900.0,1,F1,75,,,,,
2025-05-21,2025-05-21,FO,NSE,IDO,50886,,NIFTY,,2025-06-19,2025-06-19,23350.0,PE,NIFTY2561923350PE,0.0,0.0,0.0,67.3,67.3,67.3,24813.45,50.05,1350,0,0,0.0,0,F1,75,,,,,
2025-05-21,2025-05-21,FO,NSE,IDO,50950,,NIFTY,,2025-06-19,2025-06-19,23850.0,PE,NIFTY2561923850PE,0.0,0.0,0.0,105.15,0.0,105.15,24813.45,118.9,0,0,0,0.0,0,F1,75,,,,,
2025-05-21,2025-05-21,FO,NSE,IDO,51046,,NIFTY,,2025-06-19,2025-06-19,25750.0,PE,NIFTY2561925750PE,0.0,0.0,0.0,850.9,0.0,850.9,24813.45,1000.3,0,0,0,0.0,0,F1,75,,,,,
2025-05-21,2025-05-21,FO,NSE,IDO,51050,,NIFTY,,2025-06-19,2025-06-19,25850.0,PE,NIFTY2561925850PE,0.0,0.0,0.0,917.55,0.0,917.55,24813.45,1075.25,0,0,0,0.0,0,F1,75,,,,,
2025-05-21,2025-05-21,FO,NSE,IDO,62166,,NIFTY,,2025-06-26,2025-06-26,21850.0,PE,NIFTY25JUN21850PE,0.0,0.0,0.0,159.95,159.95,159.95,24813.45,3.15,1800,0,0,0.0,0,F1,75,,,,,
2025-05-21,2025-05-21,FO,NSE,IDO,62206,,NIFTY,,2025-06-26,2025-06-26,22650.0,PE,NIFTY25JUN22650PE,0.0,0.0,0.0,182.25,182.25,182.25,24813.45,19.55,2625,0,0,0.0,0,F1,75,,,,,
2025-05-21,2025-05-21,FO,NSE,IDO,62214,,NIFTY,,2025-06-26,2025-06-26,22800.0,PE,NIFTY25JUN22800PE,69.25,69.9,53.0,60.6,60.15,63.7,24813.45,60.6,129750,6675,884,1515547998.75,562,F1,75,,,,,
2025-05-21,2025-05-21,FO,NSE,IDO,62318,,NIFTY,,2025-06-26,2025-06-26,23200.0,PE,NIFTY25JUN23200PE,91.2,105.0,72.2,86.85,87.65,90.75,24813.45,86.85,203325,-4800,1307,2282658236.25,705,F1,75,,,,,
2025-05-21,2025-05-21,FO,NSE,IDO,62352,,NIFTY,,2025-06-26,2025-06-26,24050.0,PE,NIFTY25JUN24050PE,212.9,222.3,173.15,196.3,200.0,205.35,24813.45,196.3,8475,-75,104,189117806.25,43,F1,75,,,,,
2025-05-21,2025-05-21,FO,NSE,IDO,40534,,NIFTY,,2025-06-05,2025-06-05,25850.0,PE,NIFTY2560525850PE,1027.0,1027.0,1004.9,1004.9,1004.9,1070.4,24813.45,1032.65,675,75,2,4029892.5,2,F1,75,,,,,
2025-05-21,2025-05-21,FO,NSE,IDO,40567,,NIFTY,,2025-06-05,2025-06-05,26500.0,PE,NIFTY2560526500PE,1640.9,1640.9,1640.9,1640.9,1640.9,1697.1,24813.45,1630.4,150,75,1,2110567.5,1,F1,75,,,,,
2025-05-21,2025-05-21,FO,NSE,IDO,44759,,NIFTY,,2025-06-12,2025-06-12,23000.0,PE,NIFTY2561223000PE,35.95,43.2,28.95,33.2,36.65,35.95,24813.45,33.2,16800,6600,184,317872368.75,89,F1,75,,,,,
2025-05-21,2025-05-21,FO,NSE,IDO,44775,,NIFTY,,2025-06-12,2025-06-12,23400.0,PE,NIFTY2561223400PE,0.0,0.0,0.0,140.55,0.0,140.55,24813.45,33.6,0,0,0,0.0,0,F1,75,,,,,
2025-05-21,2025-05-21,FO,NSE,IDO,44781,,NIFTY,,2025-06-12,2025-06-12,23550.0,PE,NIFTY2561223550PE,0.0,0.0,0.0,134.0,134.0,134.0,24813.45,46.65,600,0,0,0.0,0,F1,75,,,,,
2025-05-21,2025-05-21,FO,NSE,IDO,44819,,NIFTY,,2025-06-12,2025-06-12,24100.0,PE,NIFTY2561224100PE,121.75,169.3,111.45,135.2,135.2,121.75,24813.45,133.1,2175,1650,50,90884043.75,24,F1,75,,,,,
2025-05-21,2025-05-21,FO,NSE,IDO,44833,,NIFTY,,2025-06-12,2025-06-12,24400.0,PE,NIFTY2561224400PE,230.0,242.55,179.95,209.5,212.0,223.0,24813.45,209.5,16125,7575,200,369279813.75,152,F1,75,,,,,
2025-05-21,2025-05-21,FO,NSE,IDO,44837,,NIFTY,,2025-06-12,2025-06-12,24500.0,PE,NIFTY2561224500PE,249.2,276.2,194.25,235.25,235.6,255.35,24813.45,235.25,40425,13875,1012,1877250926.25,732,F1,75,,,,,
2025-05-21,2025-05-21,FO,NSE,IDO,62466,,NIFTY,,2025-06-26,2025-06-26,26300.0,PE,NIFTY25JUN26300PE,1379.75,1379.75,1379.75,1379.75,1379.75,1300.0,24813.45,1379.75,300,0,1,2075981.25,1,F1,75,,,,,
2025-05-21,2025-05-21,FO,NSE,IDO,62470,,NIFTY,,2025-06-26,2025-06-26,26400.0,PE,NIFTY25JUN26400PE,1487.85,1487.85,1487.85,1487.85,1487.85,1250.15,24813.45,1487.85,225,75,1,2091588.75,1,F1,75,,,,,
2025-05-21,2025-05-21,FO,NSE,IDO,62474,,NIFTY,,2025-06-26,2025-06-26,26500.0,PE,NIFTY25JUN26500PE,1649.15,1649.15,1414.8,1589.5,1593.8,1638.9,24813.45,1589.5,133275,25350,517,1086394391.25,311,F1,75,,,,,
2025-05-21,2025-05-21,FO,NSE,IDO,50970,,NIFTY,,2025-06-26,2025-06-26,27000.0,PE,NIFTY25JUN27000PE,2098.8,2155.0,1875.0,2048.55,2070.0,2107.45,24813.45,2048.55,890875,19575,755,1640884548.75,563,F1,75,,,,,
2025-05-21,2025-05-21,FO,NSE,IDO,55676,,NIFTY,,2025-07-31,2025-07-31,22350.0,PE,NIFTY25JUL22350PE,0.0,0.0,0.0,131.75,0.0,131.75,24813.45,50.35,0,0,0,0.0,0,F1,75,,,,,
2025-05-21,2025-05-21,FO,NSE,IDO,55680,,NIFTY,,2025-07-31,2025-07-31,22450.0,PE,NIFTY25JUL22450PE,0.0,0.0,0.0,145.95,0.0,145.95,24813.45,57.55,0,0,0,0.0,0,F1,75,,,,,
2025-05-21,2025-05-21,FO,NSE,IDO,55810,,NIFTY,,2025-07-31,2025-07-31,25250.0,PE,NIFTY25JUL25250PE,729.05,729.7,729.05,729.7,729.7,640.0,24813.45,822.15,1275,-150,2,3896906.25,2,F1,75,,,,,
2025-05-21,2025-05-21,FO,NSE,IDO,55850,,NIFTY,,2025-07-31,2025-07-31,26000.0,PE,NIFTY25JUL26000PE,1175.8,1245.0,1046.2,1181.85,1185.0,1200.9,24813.45,1181.85,102375,9675,330,672428670.0,213,F1,75,,,,,
2025-05-21,2025-05-21,FO,NSE,IDO,55862,,NIFTY,,2025-07-31,2025-07-31,26300.0,PE,NIFTY25JUL26300PE,1376.05,1376.05,1376.05,1376.05,1376.05,1185.25,24813.45,1485.5,225,75,1,2075703.75,1,F1,75,,,,,
2025-05-21,2025-05-21,FO,NSE,IDO,64705,,NIFTY,,2025-09-25,2025-09-25,30000.0,PE,NIFTY25SEP30000PE,0.0,0.0,0.0,2720.25,0.0,2720.25,24813.45,4561.95,0,0,0,0.0,0,F1,75,,,,,
2025-05-21,2025-05-21,FO,NSE,IDO,49174,,NIFTY,,2025-12-24,2025-12-24,15000.0,PE,NIFTY25DEC15000PE,20.05,20.05,20.05,20.05,20.05,21.85,24813.45,0.05,4300,75,1,1126503.75,1,F1,75,,,,,
2025-05-21,2025-05-21,FO,NSE,IDO,55122,,NIFTY,,2025-12-24,2025-12-24,18000.0,PE,NIFTY25DEC18000PE,60.0,60.0,53.05,54.95,54.95,57.0,24813.45,54.95,101225,350,67,90724421.25,36,F1,75,,,,,
2025-05-21,2025-05-21,FO,NSE,IDO,55777,,NIFTY,,2025-07-31,2025-07-31,24450.0,CE,NIFTY25JUL24450CE,1031.15,1056.2,1029.6,1041.85,1041.85,1143.0,24813.45,1140.15,1050,-600,8,15293767.5,5,F1,75,,,,,
2025-05-21,2025-05-21,FO,NSE,IDO,55765,,NIFTY,,2025-07-31,2025-07-31,24200.0,CE,NIFTY25JUL24200CE,1350.0,1350.0,1183.75,1220.4,1220.4,1387.2,24813.45,1300.7,1725,-1800,41,78140092.5,22,F1,75,,,,,
2025-05-21,2025-05-21,FO,NSE,IDO,50537,,NIFTY,,2025-06-26,2025-06-26,28000.0,CE,NIFTY25JUN28000CE,8.95,9.45,7.2,8.35,8.1,9.25,24813.45,8.35,653825,-7800,4618,9700727276.25,1636,F1,75,,,,,
2025-05-21,2025-05-21,FO,NSE,IDO,62473,,NIFTY,,2025-06-26,2025-06-26,26500.0,CE,NIFTY25JUN26500CE,45.0,59.05,38.7,43.75,42.9,43.55,24813.45,43.75,678225,32475,17831,35502255952.5,10783,F1,75,,,,,
2025-05-21,2025-05-21,FO,NSE,IDO,62441,,NIFTY,,2025-06-26,2025-06-26,25900.0,CE,NIFTY25JUN25900CE,119.65,167.25,108.6,125.35,125.4,116.6,24813.45,125.35,130350,18975,5559,10854279888.75,4169,F1,75,,,,,
2025-05-21,2025-05-21,FO,NSE,IDO,62385,,NIFTY,,2025-06-26,2025-06-26,24750.0,CE,NIFTY25JUN24750CE,564.0,710.3,538.65,578.05,577.65,554.55,24813.45,578.05,30750,2175,366,695766682.5,220,F1,75,,,,,
2025-05-21,2025-05-21,FO,NSE,IDO,62377,,NIFTY,,2025-06-26,2025-06-26,24550.0,CE,NIFTY25JUN24550CE,719.0,848.6,706.5,709.95,709.95,667.05,24813.45,777.5,7125,-150,42,79746213.75,22,F1,75,,,,,
2025-05-21,2025-05-21,FO,NSE,IDO,62339,,NIFTY,,2025-06-26,2025-06-26,23750.0,CE,NIFTY25JUN23750CE,1315.1,1337.35,1252.05,1337.35,1337.35,1261.9,24813.45,1348.6,2025,150,3,5636587.5,3,F1,75,,,,,
2025-05-21,2025-05-21,FO,NSE,IDO,62199,,NIFTY,,2025-06-26,2025-06-26,22500.0,CE,NIFTY25JUN22500CE,2434.9,2630.0,2396.15,2468.15,2438.0,2406.9,24813.45,2468.15,177150,11700,208,389642808.75,113,F1,75,,,,,
2025-05-21,2025-05-21,FO,NSE,IDO,62187,,NIFTY,,2025-06-26,2025-06-26,22200.0,CE,NIFTY25JUN22200CE,2780.0,2780.0,2750.0,2750.0,2750.0,2880.0,24813.45,2766.15,2250,75,2,3744750.0,2,F1,75,,,,,
2025-05-21,2025-05-21,FO,NSE,IDO,62073,,NIFTY,,2025-06-26,2025-06-26,20650.0,CE,NIFTY25JUN20650CE,0.0,0.0,0.0,3556.05,3549.45,3556.05,24813.45,4298.75,525,0,0,0.0,0,F1,75,,,,,
2025-05-21,2025-05-21,FO,NSE,IDO,62071,,NIFTY,,2025-06-26,2025-06-26,20600.0,CE,NIFTY25JUN20600CE,0.0,0.0,0.0,3613.15,3618.1,3613.15,24813.45,4348.4,525,0,0,0.0,0,F1,75,,,,,
2025-05-21,2025-05-21,FO,NSE,IDO,51043,,NIFTY,,2025-06-19,2025-06-19,25700.0,CE,NIFTY2561925700CE,120.05,185.0,111.1,148.0,148.0,127.1,24813.45,148.0,5625,1200,29,56236552.5,28,F1,75,,,,,
2025-05-21,2025-05-21,FO,NSE,IDO,51031,,NIFTY,,2025-06-19,2025-06-19,25500.0,CE,NIFTY2561925500CE,0.0,0.0,0.0,420.95,0.0,420.95,24813.45,264.15,0,0,0,0.0,0,F1,75,,,,,
2025-05-21,2025-05-21,FO,NSE,IDO,50977,,NIFTY,,2025-06-19,2025-06-19,24350.0,CE,NIFTY2561924350CE,0.0,0.0,0.0,1078.3,0.0,1078.3,24813.45,831.7,0,0,0,0.0,0,F1,75,,,,,
2025-05-21,2025-05-21,FO,NSE,IDO,50965,,NIFTY,,2025-06-19,2025-06-19,24200.0,CE,NIFTY2561924200CE,0.0,0.0,0.0,1189.35,0.0,1189.35,24813.45,936.15,0,0,0,0.0,0,F1,75,,,,,
2025-05-21,2025-05-21,FO,NSE,IDO,50963,,NIFTY,,2025-06-19,2025-06-19,24150.0,CE,NIFTY2561924150CE,0.0,0.0,0.0,1227.8,0.0,1227.8,24813.45,973.45,0,0,0,0.0,0,F1,75,,,,,
2025-05-21,2025-05-21,FO,NSE,IDO,44936,,NIFTY,,2025-06-12,2025-06-12,26550.0,CE,NIFTY2561226550CE,20.0,20.0,11.25,14.4,14.4,27.25,24813.45,14.4,1650,-900,17,33870191.25,9,F1,75,,,,,
2025-05-21,2025-05-21,FO,NSE,IDO,44888,,NIFTY,,2025-06-12,2025-06-12,25500.0,CE,NIFTY2561225500CE,133.6,195.75,122.2,142.5,137.6,133.6,24813.45,142.5,40200,2775,557,1071702738.75,441,F1,75,,,,,
2025-05-21,2025-05-21,FO,NSE,IDO,44884,,NIFTY,,2025-06-12,2025-06-12,25400.0,CE,NIFTY2561225400CE,173.95,230.0,149.05,167.45,165.55,160.95,24813.45,167.45,14025,4650,227,435624172.5,171,F1,75,,,,,
2025-05-21,2025-05-21,FO,NSE,IDO,44872,,NIFTY,,2025-06-12,2025-06-12,25150.0,CE,NIFTY2561225150CE,287.0,334.65,239.45,239.45,239.45,315.15,24813.45,317.95,2100,300,12,22911285.0,11,F1,75,,,,,
2025-05-21,2025-05-21,FO,NSE,IDO,44824,,NIFTY,,2025-06-12,2025-06-12,24250.0,CE,NIFTY2561224250CE,0.0,0.0,0.0,595.05,0.0,595.05,24813.45,827.3,0,0,0,0.0,0,F1,75,,,,,
2025-05-21,2025-05-21,FO,NSE,IDO,44794,,NIFTY,,2025-06-12,2025-06-12,23750.0,CE,NIFTY2561223750CE,0.0,0.0,0.0,904.85,0.0,904.85,24813.45,1225.35,0,0,0,0.0,0,F1,75,,,,,
2025-05-21,2025-05-21,FO,NSE,IDO,40533,,NIFTY,,2025-06-05,2025-06-05,25850.0,CE,NIFTY2560525850CE,38.4,59.45,31.05,37.5,37.65,38.25,24813.45,37.5,12225,3450,262,508794465.0,168,F1,75,,,,,
2025-05-21,2025-05-21,FO,NSE,IDO,40521,,NIFTY,,2025-06-05,2025-06-05,25550.0,CE,NIFTY2560525550CE,66.0,121.65,66.0,77.25,76.15,76.65,24813.45,77.25,15150,675,968,1861896375.0,612,F1,75,,,,,
2025-05-21,2025-05-21,FO,NSE,IDO,40411,,NIFTY,,2025-06-05,2025-06-05,23450.0,CE,NIFTY2560523450CE,1441.6,1441.6,1441.6,1441.6,1441.6,1680.0,24813.45,1442.2,525,75,1,1866870.0,1,F1,75,,,,,
2025-05-21,2025-05-21,FO,NSE,IDO,61917,,NIFTY,,2025-05-29,2025-05-29,26800.0,CE,NIFTY25MAY26800CE,2.65,2.7,1.55,1.65,1.55,2.75,24813.45,1.65,1525725,91425,47696,95875230311.25,7955,F1,75,,,,,
2025-05-21,2025-05-21,FO,NSE,IDO,61829,,NIFTY,,2025-05-29,2025-05-29,26550.0,CE,NIFTY25MAY26550CE,3.0,3.3,1.6,1.7,1.65,3.25,24813.45,1.7,604500,24450,20085,39997047161.25,4872,F1,75,,,,,
2025-05-21,2025-05-21,FO,NSE,IDO,61769,,NIFTY,,2025-05-29,2025-05-29,25350.0,CE,NIFTY25MAY25350CE,56.75,108.0,43.9,56.75,54.75,55.4,24813.45,56.75,331125,47475,31344,59751091458.75,20842,F1,75,,,,,
2025-05-21,2025-05-21,FO,NSE,IDO,61683,,NIFTY,,2025-05-29,2025-05-29,24500.0,CE,NIFTY25MAY24500CE,419.95,606.55,379.5,442.2,437.9,408.6,24813.45,442.2,2579550,-141375,39330,73657182836.25,28087,F1,75,,,,,
2025-05-21,2025-05-21,FO,NSE,IDO,61537,,NIFTY,,2025-05-29,2025-05-29,23300.0,CE,NIFTY25MAY23300CE,1470.0,1713.0,1462.3,1547.3,1547.3,1500.2,24813.45,1547.55,92850,-375,46,85902037.5,42,F1,75,,,,,
2025-05-21,2025-05-21,FO,NSE,IDO,61519,,NIFTY,,2025-05-29,2025-05-29,22850.0,CE,NIFTY25MAY22850CE,2005.0,2005.0,1969.1,1987.05,1969.1,2142.1,24813.45,1987.05,5550,0,2,3725557.5,2,F1,75,,,,,
2025-05-21,2025-05-21,FO,NSE,IDO,61471,,NIFTY,,2025-05-29,2025-05-29,21800.0,CE,NIFTY25MAY21800CE,3160.0,3160.0,3160.0,3160.0,3160.0,3095.2,24813.45,3044.1,7050,-150,2,3744000.0,2,F1,75,,,,,
2025-05-21,2025-05-21,FO,NSE,IDO,49333,,NIFTY,,2025-05-22,2025-05-22,26100.0,CE,NIFTY2552226100CE,1.5,1.5,0.85,1.0,0.95,2.05,24813.45,1.0,3661125,-2180250,320161,626740303237.5,55612,F1,75,,,,,
2025-05-21,2025-05-21,FO,NSE,IDO,49311,,NIFTY,,2025-05-22,2025-05-22,25700.0,CE,NIFTY2552225700CE,3.85,4.55,1.2,1.55,1.25,4.35,24813.45,1.55,7091100,108900,1346125,2594893229310.0,245368,F1,75,,,,,
2025-05-21,2025-05-21,FO,NSE,IDO,49265,,NIFTY,,2025-05-22,2025-05-22,25200.0,CE,NIFTY2552225200CE,20.5,53.0,11.45,15.1,13.3,19.55,24813.45,15.1,7854900,-901500,3297527,6238379690951.25,1160626,F1,75,,,,,
2025-05-21,2025-05-21,FO,NSE,IDO,49236,,NIFTY,,2025-05-22,2025-05-22,24950.0,CE,NIFTY2552224950CE,52.95,147.0,36.35,54.0,50.85,48.55,24813.45,54.0,3012300,-995775,2701030,5070389875608.75,1452255,F1,75,,,,,
2025-05-21,2025-05-21,FO,NSE,IDO,49159,,NIFTY,,2025-05-22,2025-05-22,23700.0,CE,NIFTY2552223700CE,1040.05,1267.75,1006.85,1084.25,1075.0,1037.25,24813.45,1084.25,37425,-16725,444,825872182.5,328,F1,75,,,,,
2025-05-21,2025-05-21,FO,NSE,IDO,49145,,NIFTY,,2025-05-22,2025-05-22,23400.0,CE,NIFTY2552223400CE,1320.0,1520.0,1305.15,1404.5,1388.25,1330.0,24813.45,1404.5,16200,-10650,195,362321328.75,137,F1,75,,,,,
2025-05-21,2025-05-21,FO,NSE,IDO,49137,,NIFTY,,2025-05-22,2025-05-22,23300.0,CE,NIFTY2552223300CE,1430.0,1629.3,1404.75,1485.0,1474.9,1438.0,24813.45,1485.0,13575,-7575,244,453661837.5,174,F1,75,,,,,
2025-05-21,2025-05-21,FO,NSE,IDO,62913,,NIFTY,,2026-03-26,2026-03-26,18000.0,PE,NIFTY26MAR18000PE,0.0,0.0,0.0,16.55,0.0,16.55,24813.45,10.65,0,0,0,0.0,0,F1,75,,,,,
2025-05-21,2025-05-21,FO,NSE,IDO,62919,,NIFTY,,2026-03-26,2026-03-26,21000.0,PE,NIFTY26MAR21000PE,0.0,0.0,0.0,191.35,0.0,191.35,24813.45,134.95,0,0,0,0.0,0,F1,75,,,,,
2025-05-21,2025-05-21,FO,NSE,IDO,58625,,NIFTY,,2026-06-25,2026-06-25,12000.0,PE,NIFTY26JUN12000PE,0.0,0.0,0.0,20.05,20.05,20.05,24813.45,0.0,475,0,0,0.0,0,F1,75,,,,,
2025-05-21,2025-05-21,FO,NSE,IDO,51020,,NIFTY,,2025-06-19,2025-06-19,25200.0,PE,NIFTY2561925200PE,0.0,0.0,0.0,532.65,0.0,532.65,24813.45,630.4,0,0,0,0.0,0,F1,75,,,,,
2025-05-21,2025-05-21,FO,NSE,IDO,50998,,NIFTY,,2025-06-19,2025-06-19,24700.0,PE,NIFTY2561924700PE,331.4,372.65,300.25,348.5,348.5,318.3,24813.45,348.5,3675,3675,55,103267368.75,28,F1,75,,,,,
2025-05-21,2025-05-21,FO,NSE,IDO,50964,,NIFTY,,2025-06-19,2025-06-19,24150.0,PE,NIFTY2561924150PE,0.0,0.0,0.0,161.3,0.0,161.3,24813.45,187.1,0,0,0,0.0,0,F1,75,,,,,
2025-05-21,2025-05-21,FO,NSE,IDO,44909,,NIFTY,,2025-06-12,2025-06-12,25900.0,PE,NIFTY2561225900PE,0.0,0.0,0.0,1544.95,0.0,1544.95,24813.45,1094.2,0,0,0,0.0,0,F1,75,,,,,
2025-05-21,2025-05-21,FO,NSE,IDO,44903,,NIFTY,,2025-06-12,2025-06-12,25750.0,PE,NIFTY2561225750PE,947.85,947.85,947.85,947.85,947.85,1416.3,24813.45,973.85,75,75,1,2002338.75,1,F1,75,,,,,
2025-05-21,2025-05-21,FO,NSE,IDO,44741,,NIFTY,,2025-06-12,2025-06-12,22700.0,PE,NIFTY2561222700PE,0.0,0.0,0.0,37.9,37.9,37.9,24813.45,5.55,450,0,0,0.0,0,F1,75,,,,,
2025-05-21,2025-05-21,FO,NSE,IDO,44729,,NIFTY,,2025-06-12,2025-06-12,22500.0,PE,NIFTY2561222500PE,18.0,24.2,17.5,18.4,18.35,22.75,24813.45,18.4,9825,4425,121,204370481.25,54,F1,75,,,,,
2025-05-21,2025-05-21,FO,NSE,IDO,40554,,NIFTY,,2025-06-05,2025-06-05,26350.0,PE,NIFTY2560526350PE,1482.05,1483.25,1482.05,1483.25,1483.25,1895.45,24813.45,1487.3,150,150,2,4174897.5,2,F1,75,,,,,
2025-05-21,2025-05-21,FO,NSE,IDO,40550,,NIFTY,,2025-06-05,2025-06-05,26250.0,PE,NIFTY2560526250PE,1388.5,1388.5,1388.5,1388.5,1388.5,1804.35,24813.45,1393.2,75,75,1,2072887.5,1,F1,75,,,,,
2025-05-21,2025-05-21,FO,NSE,IDO,40432,,NIFTY,,2025-06-05,2025-06-05,23900.0,PE,NIFTY2560523900PE,72.0,88.3,54.4,69.0,68.6,71.75,24813.45,69.0,29475,12900,1031,1853330512.5,675,F1,75,,,,,
2025-05-21,2025-05-21,FO,NSE,IDO,40346,,NIFTY,,2025-06-05,2025-06-05,22250.0,PE,NIFTY2560522250PE,8.75,9.15,5.8,7.35,7.4,8.2,24813.45,7.35,35625,11550,354,590928093.75,128,F1,75,,,,,
2025-05-21,2025-05-21,FO,NSE,IDO,62400,,NIFTY,,2025-06-26,2025-06-26,25050.0,PE,NIFTY25JUN25050PE,547.05,590.0,448.5,530.75,534.05,557.45,24813.45,530.75,20625,300,294,563975066.25,149,F1,75,,,,,
2025-05-21,2025-05-21,FO,NSE,IDO,62410,,NIFTY,,2025-06-26,2025-06-26,25250.0,PE,NIFTY25JUN25250PE,616.0,680.0,548.35,647.1,647.1,667.05,24813.45,692.85,12375,-825,67,129948551.25,35,F1,75,,,,,
2025-05-21,2025-05-21,FO,NSE,IDO,62462,,NIFTY,,2025-06-26,2025-06-26,26200.0,PE,NIFTY25JUN26200PE,1299.3,1340.0,1299.3,1303.85,1303.85,1300.0,24813.45,1363.2,3300,0,3,6190736.25,3,F1,75,,,,,
2025-05-21,2025-05-21,FO,NSE,IDO,55704,,NIFTY,,2025-07-31,2025-07-31,23000.0,PE,NIFTY25JUL23000PE,145.0,163.95,129.0,144.65,145.7,148.65,24813.45,144.65,703425,41925,2619,4545884973.75,2038,F1,75,,,,,
2025-05-21,2025-05-21,FO,NSE,IDO,55826,,NIFTY,,2025-07-31,2025-07-31,25500.0,PE,NIFTY25JUL25500PE,871.85,905.3,757.8,860.35,863.0,887.9,24813.45,860.35,157200,21450,1333,2633353417.5,846,F1,75,,,,,
2025-05-21,2025-05-21,FO,NSE,IDO,55846,,NIFTY,,2025-07-31,2025-07-31,25900.0,PE,NIFTY25JUL25900PE,1096.55,1096.55,1096.55,1096.55,1096.55,916.0,24813.45,1209.0,1050,75,1,2024741.25,1,F1,75,,,,,
2025-05-21,2025-05-21,FO,NSE,IDO,61828,,NIFTY,,2025-05-29,2025-05-29,26500.0,PE,NIFTY25MAY26500PE,1647.0,1695.85,1489.5,1664.45,1664.45,1734.95,24813.45,1664.45,65700,1125,117,246909802.5,61,F1,75,,,,,
2025-05-21,2025-05-21,FO,NSE,IDO,61766,,NIFTY,,2025-05-29,2025-05-29,25250.0,PE,NIFTY25MAY25250PE,539.0,566.7,375.35,499.45,500.35,550.85,24813.45,499.45,29250,-6900,1527,2946032325.0,1089,F1,75,,,,,
2025-05-21,2025-05-21,FO,NSE,IDO,61756,,NIFTY,,2025-05-29,2025-05-29,25000.0,PE,NIFTY25MAY25000PE,356.95,396.0,232.0,323.9,326.15,367.4,24813.45,323.9,3782850,-73125,157681,299272167307.5,96476,F1,75,,,,,
2025-05-21,2025-05-21,FO,NSE,IDO,61552,,NIFTY,,2025-05-29,2025-05-29,23650.0,PE,NIFTY25MAY23650PE,21.9,27.05,14.6,16.6,16.7,21.9,24813.45,16.6,149925,8475,7480,13278057967.5,4678,F1,75,,,,,
2025-05-21,2025-05-21,FO,NSE,IDO,61520,,NIFTY,,2025-05-29,2025-05-29,22850.0,PE,NIFTY25MAY22850PE,6.85,8.2,4.3,5.75,4.65,8.5,24813.45,5.75,49050,17400,2955,5065430868.75,1769,F1,75,,,,,
2025-05-21,2025-05-21,FO,NSE,IDO,61326,,NIFTY,,2025-05-29,2025-05-29,20400.0,PE,NIFTY25MAY20400PE,1.75,1.75,1.25,1.4,1.35,1.75,24813.45,1.4,309600,13875,5326,8149391141.25,1955,F1,75,,,,,
2025-05-21,2025-05-21,FO,NSE,IDO,49181,,NIFTY,,2025-05-22,2025-05-22,23950.0,PE,NIFTY2552223950PE,3.9,4.35,1.5,1.85,1.6,5.4,24813.45,1.85,976500,364875,488444,877461594243.75,97434,F1,75,,,,,
2025-05-21,2025-05-21,FO,NSE,IDO,49150,,NIFTY,,2025-05-22,2025-05-22,23500.0,PE,NIFTY2552223500PE,1.25,1.65,0.5,0.7,0.6,2.1,24813.45,0.7,4998225,-1279500,750116,1322137326697.5,105255,F1,75,,,,,
2025-05-21,2025-05-21,FO,NSE,IDO,49138,,NIFTY,,2025-05-22,2025-05-22,23300.0,PE,NIFTY2552223300PE,1.2,1.4,0.35,0.5,0.4,1.35,24813.45,0.5,1261725,-334800,180184,314881605682.5,29400,F1,75,,,,,
2025-05-21,2025-05-21,FO,NSE,IDO,64685,,NIFTY,,2025-09-25,2025-09-25,20000.0,PE,NIFTY25SEP20000PE,46.15,46.85,38.95,39.85,41.2,45.9,24813.45,39.85,381375,31125,1018,1530130758.75,491,F1,75,,,,,
2025-05-21,2025-05-21,FO,NSE,IDO,64695,,NIFTY,,2025-09-25,2025-09-25,25000.0,PE,NIFTY25SEP25000PE,688.65,720.1,619.1,679.8,683.05,690.4,24813.45,679.8,486900,225,1182,2275292197.5,944,F1,75,,,,,
2025-05-21,2025-05-21,FO,NSE,IDO,50448,,NIFTY,,2026-06-25,2026-06-25,15000.0,PE,NIFTY26JUN15000PE,0.0,0.0,0.0,20.2,20.2,20.2,24813.45,0.8,1000,0,0,0.0,0,F1,75,,,,,
2025-05-21,2025-05-21,FO,NSE,IDO,58635,,NIFTY,,2026-12-31,2026-12-31,15000.0,PE,NIFTY26DEC15000PE,0.0,0.0,0.0,25.05,25.05,25.05,24813.45,3.7,1400,0,0,0.0,0,F1,75,,,,,
2025-05-21,2025-05-21,FO,NSE,IDO,35347,,NIFTY,,2027-12-30,2027-12-30,30000.0,PE,NIFTY27DEC30000PE,0.0,0.0,0.0,4140.9,0.0,4140.9,24813.45,3014.25,0,0,0,0.0,0,F1,75,,,,,
2025-05-21,2025-05-21,FO,NSE,IDO,86138,,NIFTY,,2028-06-29,2028-06-29,17000.0,PE,NIFTY28JUN17000PE,0.0,0.0,0.0,283.1,0.0,283.1,24813.45,63.25,0,0,0,0.0,0,F1,75,,,,,
2025-05-21,2025-05-21,FO,NSE,IDO,86140,,NIFTY,,2028-06-29,2028-06-29,18000.0,PE,NIFTY28JUN18000PE,0.0,0.0,0.0,396.75,0.0,396.75,24813.45,103.85,0,0,0,0.0,0,F1,75,,,,,
2025-05-21,2025-05-21,FO,NSE,IDO,67773,,NIFTY,,2028-12-28,2028-12-28,19000.0,PE,NIFTY28DEC19000PE,0.0,0.0,0.0,158.0,0.0,158.0,24813.45,175.35,0,0,0,0.0,0,F1,75,,,,,
2025-05-21,2025-05-21,FO,NSE,IDO,67775,,NIFTY,,2028-12-28,2028-12-28,20000.0,PE,NIFTY28DEC20000PE,0.0,0.0,0.0,316.05,316.05,316.05,24813.45,254.2,1100,0,0,0.0,0,F1,75,,,,,
2025-05-21,2025-05-21,FO,NSE,IDO,67777,,NIFTY,,2028-12-28,2028-12-28,21000.0,PE,NIFTY28DEC21000PE,0.0,0.0,0.0,618.05,618.05,618.05,24813.45,355.85,1250,0,0,0.0,0,F1,75,,,,,
2025-05-21,2025-05-21,FO,NSE,IDO,61747,,NIFTY,,2029-12-27,2029-12-27,23000.0,PE,NIFTY29DEC23000PE,0.0,0.0,0.0,799.95,799.95,799.95,24813.45,612.25,1875,0,0,0.0,0,F1,75,,,,,
2025-05-21,2025-05-21,FO,NSE,IDO,49136,,NIFTY,,2025-05-22,2025-05-22,23250.0,PE,NIFTY2552223250PE,1.05,1.15,0.3,0.5,0.35,1.2,24813.45,0.5,375375,-35700,65678,114529457223.75,12442,F1,75,,,,,
2025-05-21,2025-05-21,FO,NSE,IDO,49112,,NIFTY,,2025-05-22,2025-05-22,22800.0,PE,NIFTY2552222800PE,0.6,0.75,0.25,0.35,0.25,0.7,24813.45,0.35,446850,-583350,57692,98655569572.5,7745,F1,75,,,,,
2025-05-21,2025-05-21,FO,NSE,IDO,61748,,NIFTY,,2029-12-27,2029-12-27,24000.0,CE,NIFTY29DEC24000CE,0.0,0.0,0.0,7730.0,0.0,7730.0,24813.45,7926.75,0,0,0,0.0,0,F1,75,,,,,
2025-05-21,2025-05-21,FO,NSE,IDO,89630,,NIFTY,,2029-06-28,2029-06-28,24000.0,CE,NIFTY29JUN24000CE,0.0,0.0,0.0,8085.35,0.0,8085.35,24813.45,7357.1,0,0,0,0.0,0,F1,75,,,,,
2025-05-21,2025-05-21,FO,NSE,IDO,67794,,NIFTY,,2028-12-28,2028-12-28,30000.0,CE,NIFTY28DEC30000CE,0.0,0.0,0.0,3293.05,0.0,3293.05,24813.45,3840.45,0,0,0,0.0,0,F1,75,,,,,
2025-05-21,2025-05-21,FO,NSE,IDO,67784,,NIFTY,,2028-12-28,2028-12-28,25000.0,CE,NIFTY28DEC25000CE,0.0,0.0,0.0,5350.4,0.0,5350.4,24813.45,6194.55,0,0,0,0.0,0,F1,75,,,,,
2025-05-21,2025-05-21,FO,NSE,IDO,86145,,NIFTY,,2028-06-29,2028-06-29,21000.0,CE,NIFTY28JUN21000CE,0.0,0.0,0.0,5226.55,0.0,5226.55,24813.45,8087.2,0,0,0,0.0,0,F1,75,,,,,
2025-05-21,2025-05-21,FO,NSE,IDO,53626,,NIFTY,,2027-12-30,2027-12-30,25000.0,CE,NIFTY27DEC25000CE,0.0,0.0,0.0,3458.35,0.0,3458.35,24813.45,4907.55,0,0,0,0.0,0,F1,75,,,,,
2025-05-21,2025-05-21,FO,NSE,IDO,53624,,NIFTY,,2027-12-30,2027-12-30,24000.0,CE,NIFTY27DEC24000CE,0.0,0.0,0.0,3778.95,0.0,3778.95,24813.45,5494.7,0,0,0,0.0,0,F1,75,,,,,
2025-05-21,2025-05-21,FO,NSE,IDO,53607,,NIFTY,,2027-12-30,2027-12-30,20000.0,CE,NIFTY27DEC20000CE,0.0,0.0,0.0,5333.85,0.0,5333.85,24813.45,8226.95,0,0,0,0.0,0,F1,75,,,,,
2025-05-21,2025-05-21,FO,NSE,IDO,35235,,NIFTY,,2026-12-31,2026-12-31,30000.0,CE,NIFTY26DEC30000CE,0.0,0.0,0.0,1131.45,0.0,1131.45,24813.45,1378.85,0,0,0,0.0,0,F1,75,,,,,
2025-05-21,2025-05-21,FO,NSE,IDO,58638,,NIFTY,,2026-12-31,2026-12-31,17000.0,CE,NIFTY26DEC17000CE,0.0,0.0,0.0,4955.1,0.0,4955.1,24813.45,9567.75,0,0,0,0.0,0,F1,75,,,,,
2025-05-21,2025-05-21,FO,NSE,IDO,58626,,NIFTY,,2026-06-25,2026-06-25,22000.0,CE,NIFTY26JUN22000CE,0.0,0.0,0.0,2722.55,0.0,2722.55,24813.45,4670.6,0,0,0,0.0,0,F1,75,,,,,
2025-05-21,2025-05-21,FO,NSE,IDO,62932,,NIFTY,,2026-03-26,2026-03-26,28000.0,CE,NIFTY26MAR28000CE,0.0,0.0,0.0,634.25,0.0,634.25,24813.45,948.2,0,0,0,0.0,0,F1,75,,,,,
2025-05-21,2025-05-21,FO,NSE,IDO,62916,,NIFTY,,2026-03-26,2026-03-26,20000.0,CE,NIFTY26MAR20000CE,0.0,0.0,0.0,5090.05,0.0,5090.05,24813.45,5975.3,0,0,0,0.0,0,F1,75,,,,,
2025-05-21,2025-05-21,FO,NSE,IDO,42129,,NIFTY,,2025-12-24,2025-12-24,31000.0,CE,NIFTY25DEC31000CE,46.85,49.95,44.25,47.1,47.25,46.65,24813.45,47.1,124825,2850,158,367905525.0,88,F1,75,,,,,
2025-05-21,2025-05-21,FO,NSE,IDO,50971,,NIFTY,,2025-12-24,2025-12-24,27000.0,CE,NIFTY25DEC27000CE,516.2,584.0,500.35,527.85,522.0,511.5,24813.45,527.85,1220950,-2875,1894,3912436173.75,1289,F1,75,,,,,
2025-05-21,2025-05-21,FO,NSE,IDO,36688,,NIFTY,,2025-12-24,2025-12-24,19500.0,CE,NIFTY25DEC19500CE,0.0,0.0,0.0,5400.0,5400.0,5400.0,24813.45,6090.4,1150,0,0,0.0,0,F1,75,,,,,
2025-05-21,2025-05-21,FO,NSE,IDO,55787,,NIFTY,,2025-07-31,2025-07-31,24700.0,CE,NIFTY25JUL24700CE,815.0,977.9,815.0,863.85,863.85,832.65,24813.45,991.95,4500,-1125,40,76832152.5,23,F1,75,,,,,
2025-05-21,2025-05-21,FO,NSE,IDO,55743,,NIFTY,,2025-07-31,2025-07-31,23650.0,CE,NIFTY25JUL23650CE,1640.35,1640.35,1640.35,1640.35,1640.35,1856.7,24813.45,1640.35,450,75,1,1896776.25,1,F1,75,,,,,
2025-05-21,2025-05-21,FO,NSE,IDO,55689,,NIFTY,,2025-07-31,2025-07-31,22700.0,CE,NIFTY25JUL22700CE,2433.0,2433.0,2433.0,2433.0,2433.0,2335.5,24813.45,2433.0,375,75,1,1884975.0,1,F1,75,,,,,
2025-05-21,2025-05-21,FO,NSE,IDO,62415,,NIFTY,,2025-06-26,2025-06-26,25350.0,CE,NIFTY25JUN25350CE,255.85,367.0,255.55,285.6,281.0,268.1,24813.45,285.6,17625,300,154,296280956.25,85,F1,75,,,,,
2025-05-21,2025-05-21,FO,NSE,IDO,62411,,NIFTY,,2025-06-26,2025-06-26,25300.0,CE,NIFTY25JUN25300CE,299.0,389.95,264.3,301.55,298.95,288.1,24813.45,301.55,225000,-18675,3828,7356858783.75,2542,F1,75,,,,,
2025-05-21,2025-05-21,FO,NSE,IDO,62393,,NIFTY,,2025-06-26,2025-06-26,24850.0,CE,NIFTY25JUN24850CE,482.95,647.0,480.0,524.85,515.7,494.75,24813.45,524.85,226500,43875,1082,2061948495.0,806,F1,75,,,,,
2025-05-21,2025-05-21,FO,NSE,IDO,62367,,NIFTY,,2025-06-26,2025-06-26,24350.0,CE,NIFTY25JUN24350CE,876.0,984.75,841.0,867.05,867.05,805.45,24813.45,904.8,3825,675,58,109827431.25,27,F1,75,,,,,
2025-05-21,2025-05-21,FO,NSE,IDO,62345,,NIFTY,,2025-06-26,2025-06-26,23850.0,CE,NIFTY25JUN23850CE,1264.6,1264.6,1264.6,1264.6,1264.6,1498.15,24813.45,1268.85,3975,75,1,1883595.0,1,F1,75,,,,,
2025-05-21,2025-05-21,FO,NSE,IDO,62321,,NIFTY,,2025-06-26,2025-06-26,23300.0,CE,NIFTY25JUN23300CE,1799.35,1805.35,1757.85,1757.85,1757.85,1667.25,24813.45,1730.75,11100,0,9,16933473.75,6,F1,75,,,,,
2025-05-21,2025-05-21,FO,NSE,IDO,62087,,NIFTY,,2025-06-26,2025-06-26,20850.0,CE,NIFTY25JUN20850CE,0.0,0.0,0.0,3359.7,3360.55,3359.7,24813.45,4100.15,525,0,0,0.0,0,F1,75,,,,,
2025-05-21,2025-05-21,FO,NSE,IDO,51079,,NIFTY,,2025-06-19,2025-06-19,26550.0,CE,NIFTY2561926550CE,0.0,0.0,0.0,130.6,0.0,130.6,24813.45,61.6,0,0,0,0.0,0,F1,75,,,,,
2025-05-21,2025-05-21,FO,NSE,IDO,51063,,NIFTY,,2025-06-19,2025-06-19,26200.0,CE,NIFTY2561926200CE,0.0,0.0,0.0,199.8,0.0,199.8,24813.45,104.8,0,0,0,0.0,0,F1,75,,,,,
2025-05-21,2025-05-21,FO,NSE,IDO,51039,,NIFTY,,2025-06-19,2025-06-19,25650.0,CE,NIFTY2561925650CE,0.0,0.0,0.0,362.95,0.0,362.95,24813.45,219.85,0,0,0,0.0,0,F1,75,,,,,
2025-05-21,2025-05-21,FO,NSE,IDO,50999,,NIFTY,,2025-06-19,2025-06-19,24750.0,CE,NIFTY2561924750CE,0.0,0.0,0.0,806.95,0.0,806.95,24813.45,586.7,0,0,0,0.0,0,F1,75,,,,,
2025-05-21,2025-05-21,FO,NSE,IDO,50991,,NIFTY,,2025-06-19,2025-06-19,24550.0,CE,NIFTY2561924550CE,0.0,0.0,0.0,936.8,0.0,936.8,24813.45,702.95,0,0,0,0.0,0,F1,75,,,,,
2025-05-21,2025-05-21,FO,NSE,IDO,44924,,NIFTY,,2025-06-12,2025-06-12,26300.0,CE,NIFTY2561226300CE,0.0,0.0,0.0,45.8,0.0,45.8,24813.45,53.85,0,0,0,0.0,0,F1,75,,,,,
2025-05-21,2025-05-21,FO,NSE,IDO,44862,,NIFTY,,2025-06-12,2025-06-12,24950.0,CE,NIFTY2561224950CE,314.3,447.8,299.9,348.85,348.85,322.35,24813.45,348.85,9075,2100,70,132961927.5,47,F1,75,,,,,
2025-05-21,2025-05-21,FO,NSE,IDO,44842,,NIFTY,,2025-06-12,2025-06-12,24600.0,CE,NIFTY2561224600CE,512.65,670.0,504.1,538.35,538.9,512.6,24813.45,538.35,2100,75,45,84917193.75,39,F1,75,,,,,
2025-05-21,2025-05-21,FO,NSE,IDO,44808,,NIFTY,,2025-06-12,2025-06-12,23900.0,CE,NIFTY2561223900CE,0.0,0.0,0.0,804.05,0.0,804.05,24813.45,1099.15,0,0,0,0.0,0,F1,75,,,,,
2025-05-21,2025-05-21,FO,NSE,IDO,44764,,NIFTY,,2025-06-12,2025-06-12,23150.0,CE,NIFTY2561223150CE,0.0,0.0,0.0,1367.3,0.0,1367.3,24813.45,1771.45,0,0,0,0.0,0,F1,75,,,,,
2025-05-21,2025-05-21,FO,NSE,IDO,61353,,NIFTY,,2025-05-29,2025-05-29,20950.0,CE,NIFTY25MAY20950CE,3821.5,3883.25,3821.5,3883.25,3883.25,3710.0,24813.45,3883.25,1725,-75,2,3720356.25,2,F1,75,,,,,
2025-05-21,2025-05-21,FO,NSE,IDO,49245,,NIFTY,,2025-05-22,2025-05-22,25000.0,CE,NIFTY2552225000CE,42.0,121.0,29.2,43.4,39.9,40.5,24813.45,43.4,11716425,-5266275,5964898,11211649375968.75,2538741,F1,75,,,,,
2025-05-21,2025-05-21,FO,NSE,IDO,49151,,NIFTY,,2025-05-22,2025-05-22,23550.0,CE,NIFTY2552223550CE,1188.95,1382.0,1156.9,1222.3,1220.9,1188.9,24813.45,1222.3,9525,1425,75,139381443.75,46,F1,75,,,,,
2025-05-21,2025-05-21,FO,NSE,IDO,49135,,NIFTY,,2025-05-22,2025-05-22,23250.0,CE,NIFTY2552223250CE,0.0,0.0,0.0,1761.95,1761.95,1761.95,24813.45,1567.55,1050,0,0,0.0,0,F1,75,,,,,
2025-05-21,2025-05-21,FO,NSE,IDO,44750,,NIFTY,,2025-06-12,2025-06-12,22900.0,CE,NIFTY2561222900CE,0.0,0.0,0.0,1582.7,0.0,1582.7,24813.45,2011.65,0,0,0,0.0,0,F1,75,,,,,
2025-05-21,2025-05-21,FO,NSE,IDO,40459,,NIFTY,,2025-06-05,2025-06-05,24400.0,CE,NIFTY2560524400CE,645.0,747.0,546.9,608.1,592.0,568.65,24813.45,608.1,23250,6300,188,352931088.75,113,F1,75,,,,,
2025-05-21,2025-05-21,FO,NSE,IDO,40447,,NIFTY,,2025-06-05,2025-06-05,24200.0,CE,NIFTY2560524200CE,806.0,898.95,750.0,782.4,782.4,714.95,24813.45,785.35,10575,600,19,35601431.25,14,F1,75,,,,,
2025-05-21,2025-05-21,FO,NSE,IDO,40439,,NIFTY,,2025-06-05,2025-06-05,24100.0,CE,NIFTY2560524100CE,953.9,953.9,804.75,842.2,842.2,785.15,24813.45,864.6,5775,0,7,13095210.0,6,F1,75,,,,,
2025-05-21,2025-05-21,FO,NSE,IDO,40435,,NIFTY,,2025-06-05,2025-06-05,24000.0,CE,NIFTY2560524000CE,926.0,1071.8,858.6,930.9,920.0,886.1,24813.45,930.9,18000,4800,144,269379457.5,95,F1,75,,,,,
2025-05-21,2025-05-21,FO,NSE,IDO,61825,,NIFTY,,2025-05-29,2025-05-29,26450.0,CE,NIFTY25MAY26450CE,2.95,3.15,1.75,1.85,1.85,3.85,24813.45,1.85,241275,173400,13349,26483298120.0,4557,F1,75,,,,,
2025-05-21,2025-05-21,FO,NSE,IDO,61811,,NIFTY,,2025-05-29,2025-05-29,26250.0,CE,NIFTY25MAY26250CE,4.6,4.85,2.75,3.05,3.15,5.3,24813.45,3.05,889200,825150,27486,54120001308.75,10446,F1,75,,,,,
2025-05-21,2025-05-21,FO,NSE,IDO,61803,,NIFTY,,2025-05-29,2025-05-29,26050.0,CE,NIFTY25MAY26050CE,7.6,10.5,5.15,5.65,5.7,8.8,24813.45,5.65,258750,130650,21410,41841181293.75,13503,F1,75,,,,,
2025-05-21,2025-05-21,FO,NSE,IDO,61763,,NIFTY,,2025-05-29,2025-05-29,25200.0,CE,NIFTY25MAY25200CE,82.85,159.65,68.35,89.9,86.0,82.9,24813.45,89.9,2804550,665175,167619,318106283632.5,97932,F1,75,,,,,
2025-05-21,2025-05-21,FO,NSE,IDO,61535,,NIFTY,,2025-05-29,2025-05-29,23250.0,CE,NIFTY25MAY23250CE,1739.95,1739.95,1739.95,1739.95,1739.95,1845.2,24813.45,1597.2,7125,-75,1,1874246.25,1,F1,75,,,,,
2025-05-21,2025-05-21,FO,NSE,IDO,61527,,NIFTY,,2025-05-29,2025-05-29,23050.0,CE,NIFTY25MAY23050CE,1803.6,1803.6,1787.0,1787.0,1787.0,1736.15,24813.45,1796.2,4125,0,2,3726795.0,2,F1,75,,,,,
2025-05-21,2025-05-21,FO,NSE,IDO,61523,,NIFTY,,2025-05-29,2025-05-29,22950.0,CE,NIFTY25MAY22950CE,1898.65,1898.65,1898.65,1898.65,1898.65,1812.05,24813.45,1895.95,3300,75,1,1863648.75,1,F1,75,,,,,
2025-05-21,2025-05-21,FO,NSE,IDO,61517,,NIFTY,,2025-05-29,2025-05-29,22800.0,CE,NIFTY25MAY22800CE,2173.0,2198.45,2014.0,2026.85,2020.0,1979.5,24813.45,2026.85,90600,-600,31,57826166.25,26,F1,75,,,,,
2025-05-21,2025-05-21,FO,NSE,IDO,61499,,NIFTY,,2025-05-29,2025-05-29,22350.0,CE,NIFTY25MAY22350CE,2493.15,2493.15,2493.15,2493.15,2493.15,2737.75,24813.45,2493.15,3375,75,1,1863236.25,1,F1,75,,,,,
2025-05-21,2025-05-21,FO,NSE,IDO,61497,,NIFTY,,2025-05-29,2025-05-29,22300.0,CE,NIFTY25MAY22300CE,2498.0,2602.75,2498.0,2524.45,2524.45,2471.9,24813.45,2524.45,20100,75,15,27940856.25,15,F1,75,,,,,
2025-05-21,2025-05-21,FO,NSE,IDO,62398,,NIFTY,,2025-06-26,2025-06-26,24950.0,PE,NIFTY25JUN24950PE,499.95,524.45,409.85,481.65,494.8,506.15,24813.45,481.65,32550,-2625,313,596776668.75,184,F1,75,,,,,
2025-05-21,2025-05-21,FO,NSE,IDO,62386,,NIFTY,,2025-06-26,2025-06-26,24750.0,PE,NIFTY25JUN24750PE,418.45,447.4,340.35,398.35,399.3,419.8,24813.45,398.35,101250,3075,404,761745232.5,311,F1,75,,,,,
2025-05-21,2025-05-21,FO,NSE,IDO,62376,,NIFTY,,2025-06-26,2025-06-26,24500.0,PE,NIFTY25JUN24500PE,323.1,355.95,265.0,311.85,311.05,329.3,24813.45,311.85,2411175,133950,24173,44978437361.25,13872,F1,75,,,,,
2025-05-21,2025-05-21,FO,NSE,IDO,62374,,NIFTY,,2025-06-26,2025-06-26,24450.0,PE,NIFTY25JUN24450PE,316.45,336.0,254.0,295.55,299.0,310.3,24813.45,295.55,20625,-1200,209,387789682.5,99,F1,75,,,,,
2025-05-21,2025-05-21,FO,NSE,IDO,62342,,NIFTY,,2025-06-26,2025-06-26,23750.0,PE,NIFTY25JUN23750PE,154.25,170.1,125.35,159.75,159.75,151.3,24813.45,129.65,6975,-3975,138,247332101.25,43,F1,75,,,,,
2025-05-21,2025-05-21,FO,NSE,IDO,62198,,NIFTY,,2025-06-26,2025-06-26,22450.0,PE,NIFTY25JUN22450PE,43.1,45.95,43.05,43.5,43.5,44.75,24813.45,12.9,3450,-600,24,40489818.75,13,F1,75,,,,,
2025-05-21,2025-05-21,FO,NSE,IDO,62142,,NIFTY,,2025-06-26,2025-06-26,21450.0,PE,NIFTY25JUN21450PE,21.25,21.35,20.55,20.55,20.55,19.05,24813.45,1.1,1575,450,8,12882735.0,3,F1,75,,,,,
2025-05-21,2025-05-21,FO,NSE,IDO,62070,,NIFTY,,2025-06-26,2025-06-26,20550.0,PE,NIFTY25JUN20550PE,13.75,14.1,12.7,12.7,12.7,12.5,24813.45,0.1,1650,225,10,15422621.25,5,F1,75,,,,,
2025-05-21,2025-05-21,FO,NSE,IDO,51084,,NIFTY,,2025-06-19,2025-06-19,26600.0,PE,NIFTY2561926600PE,0.0,0.0,0.0,1490.35,0.0,1490.35,24813.45,1708.1,0,0,0,0.0,0,F1,75,,,,,
2025-05-21,2025-05-21,FO,NSE,IDO,51082,,NIFTY,,2025-06-19,2025-06-19,26550.0,PE,NIFTY2561926550PE,0.0,0.0,0.0,1448.75,0.0,1448.75,24813.45,1663.05,0,0,0,0.0,0,F1,75,,,,,
2025-05-21,2025-05-21,FO,NSE,IDO,61727,,NIFTY,,2025-05-29,2025-05-29,24850.0,CE,NIFTY25MAY24850CE,205.0,345.0,180.25,224.15,214.55,201.85,24813.45,224.15,388650,119850,55487,104441131702.5,37195,F1,75,,,,,
2025-05-21,2025-05-21,FO,NSE,IDO,61759,,NIFTY,,2025-05-29,2025-05-29,25100.0,CE,NIFTY25MAY25100CE,99.0,203.1,92.35,119.1,113.0,108.5,24813.45,119.1,1749975,123000,97955,185399113196.25,65835,F1,75,,,,,
2025-05-21,2025-05-21,FO,NSE,IDO,61783,,NIFTY,,2025-05-29,2025-05-29,25600.0,CE,NIFTY25MAY25600CE,27.8,50.85,20.3,25.45,24.3,27.8,24813.45,25.45,1163550,184950,86383,166059717172.5,57305,F1,75,,,,,
2025-05-21,2025-05-21,FO,NSE,IDO,61827,,NIFTY,,2025-05-29,2025-05-29,26500.0,CE,NIFTY25MAY26500CE,3.15,3.25,1.8,1.9,1.85,3.6,24813.45,1.9,3608400,1231875,103747,206214264742.5,23300,F1,75,,,,,
2025-05-21,2025-05-21,FO,NSE,IDO,61913,,NIFTY,,2025-05-29,2025-05-29,26750.0,CE,NIFTY25MAY26750CE,2.85,2.9,1.55,1.7,1.55,2.75,24813.45,1.7,122325,23850,6314,12668320496.25,2068,F1,75,,,,,
2025-05-21,2025-05-21,FO,NSE,IDO,40353,,NIFTY,,2025-06-05,2025-06-05,22450.0,CE,NIFTY2560522450CE,2403.3,2403.3,2403.3,2403.3,2403.3,2053.25,24813.45,2403.3,75,75,1,1863997.5,1,F1,75,,,,,
2025-05-21,2025-05-21,FO,NSE,IDO,40357,,NIFTY,,2025-06-05,2025-06-05,22550.0,CE,NIFTY2560522550CE,2304.8,2304.8,2304.8,2304.8,2304.8,1959.45,24813.45,2304.8,75,75,1,1864110.0,1,F1,75,,,,,
2025-05-21,2025-05-21,FO,NSE,IDO,40397,,NIFTY,,2025-06-05,2025-06-05,23150.0,CE,NIFTY2560523150CE,1740.35,1740.35,1740.35,1740.35,1740.35,1993.4,24813.45,1740.35,375,75,1,1866776.25,1,F1,75,,,,,
2025-05-21,2025-05-21,FO,NSE,IDO,40403,,NIFTY,,2025-06-05,2025-06-05,23250.0,CE,NIFTY2560523250CE,1644.2,1644.2,1644.2,1644.2,1644.2,1890.35,24813.45,1644.2,450,75,1,1867065.0,1,F1,75,,,,,
2025-05-21,2025-05-21,FO,NSE,IDO,40487,,NIFTY,,2025-06-05,2025-06-05,24900.0,CE,NIFTY2560524900CE,271.3,405.0,251.0,290.7,285.0,271.3,24813.45,290.7,153075,-10650,7232,13679179233.75,5352,F1,75,,,,,
2025-05-21,2025-05-21,FO,NSE,IDO,44720,,NIFTY,,2025-06-12,2025-06-12,22300.0,CE,NIFTY2561222300CE,0.0,0.0,0.0,2135.75,0.0,2135.75,24813.45,2601.2,0,0,0,0.0,0,F1,75,,,,,
2025-05-21,2025-05-21,FO,NSE,IDO,44722,,NIFTY,,2025-06-12,2025-06-12,22350.0,CE,NIFTY2561222350CE,0.0,0.0,0.0,2088.25,0.0,2088.25,24813.45,2551.65,0,0,0,0.0,0,F1,75,,,,,
2025-05-21,2025-05-21,FO,NSE,IDO,44844,,NIFTY,,2025-06-12,2025-06-12,24650.0,CE,NIFTY2561224650CE,533.85,533.85,533.85,533.85,533.85,715.0,24813.45,564.7,750,75,1,1888788.75,1,F1,75,,,,,
2025-05-21,2025-05-21,FO,NSE,IDO,44908,,NIFTY,,2025-06-12,2025-06-12,25900.0,CE,NIFTY2561225900CE,63.8,91.8,57.05,64.0,64.0,64.45,24813.45,64.0,2775,-225,67,130518247.5,40,F1,75,,,,,
2025-05-21,2025-05-21,FO,NSE,IDO,50885,,NIFTY,,2025-06-19,2025-06-19,23350.0,CE,NIFTY2561923350CE,0.0,0.0,0.0,1908.0,0.0,1908.0,24813.45,1632.3,0,0,0,0.0,0,F1,75,,,,,
2025-05-21,2025-05-21,FO,NSE,IDO,50953,,NIFTY,,2025-06-19,2025-06-19,23950.0,CE,NIFTY2561923950CE,0.0,0.0,0.0,1387.1,0.0,1387.1,24813.45,1124.2,0,0,0,0.0,0,F1,75,,,,,
2025-05-21,2025-05-21,FO,NSE,IDO,50961,,NIFTY,,2025-06-19,2025-06-19,24100.0,CE,NIFTY2561924100CE,0.0,0.0,0.0,1266.85,0.0,1266.85,24813.45,1009.5,0,0,0,0.0,0,F1,75,,,,,
2025-05-21,2025-05-21,FO,NSE,IDO,51007,,NIFTY,,2025-06-19,2025-06-19,24900.0,CE,NIFTY2561924900CE,512.0,534.3,411.6,425.0,425.0,408.2,24813.45,425.0,1125,750,21,39954142.5,12,F1,75,,,,,
2025-05-21,2025-05-21,FO,NSE,IDO,51009,,NIFTY,,2025-06-19,2025-06-19,24950.0,CE,NIFTY2561924950CE,0.0,0.0,0.0,688.25,0.0,688.25,24813.45,483.2,0,0,0,0.0,0,F1,75,,,,,
2025-05-21,2025-05-21,FO,NSE,IDO,62133,,NIFTY,,2025-06-26,2025-06-26,21250.0,CE,NIFTY25JUN21250CE,0.0,0.0,0.0,3938.85,3938.85,3938.85,24813.45,3703.2,675,0,0,0.0,0,F1,75,,,,,
2025-05-21,2025-05-21,FO,NSE,IDO,62135,,NIFTY,,2025-06-26,2025-06-26,21300.0,CE,NIFTY25JUN21300CE,0.0,0.0,0.0,3890.8,3890.65,3890.8,24813.45,3653.6,750,0,0,0.0,0,F1,75,,,,,
2025-05-21,2025-05-21,FO,NSE,IDO,62205,,NIFTY,,2025-06-26,2025-06-26,22650.0,CE,NIFTY25JUN22650CE,2348.2,2348.2,2348.2,2348.2,2348.2,2258.0,24813.45,2331.3,2475,0,1,1874865.0,1,F1,75,,,,,
2025-05-21,2025-05-21,FO,NSE,IDO,62265,,NIFTY,,2025-06-26,2025-06-26,23050.0,CE,NIFTY25JUN23050CE,1956.95,1956.95,1956.95,1956.95,1956.95,2194.3,24813.45,1956.4,1875,75,1,1875521.25,1,F1,75,,,,,
2025-05-21,2025-05-21,FO,NSE,IDO,62299,,NIFTY,,2025-06-26,2025-06-26,23150.0,CE,NIFTY25JUN23150CE,1865.45,1865.45,1865.45,1865.45,1865.45,2099.85,24813.45,1865.2,1200,75,1,1876158.75,1,F1,75,,,,,
2025-05-21,2025-05-21,FO,NSE,IDO,62353,,NIFTY,,2025-06-26,2025-06-26,24100.0,CE,NIFTY25JUN24100CE,990.45,1187.75,973.5,1024.7,1024.05,996.45,24813.45,1024.7,49575,-1275,36,67890378.75,29,F1,75,,,,,
2025-05-21,2025-05-21,FO,NSE,IDO,62463,,NIFTY,,2025-06-26,2025-06-26,26250.0,CE,NIFTY25JUN26250CE,64.0,91.3,57.95,68.4,64.2,64.95,24813.45,68.4,27825,3825,329,649564586.25,231,F1,75,,,,,
2025-05-21,2025-05-21,FO,NSE,IDO,55683,,NIFTY,,2025-07-31,2025-07-31,22550.0,CE,NIFTY25JUL22550CE,2582.65,2582.65,2582.65,2582.65,2582.65,2824.9,24813.45,2582.65,375,75,1,1884948.75,1,F1,75,,,,,
2025-05-21,2025-05-21,FO,NSE,IDO,55687,,NIFTY,,2025-07-31,2025-07-31,22650.0,CE,NIFTY25JUL22650CE,2483.15,2483.15,2483.15,2483.15,2483.15,2733.9,24813.45,2483.15,375,75,1,1884986.25,1,F1,75,,,,,
2025-05-21,2025-05-21,FO,NSE,IDO,55691,,NIFTY,,2025-07-31,2025-07-31,22750.0,CE,NIFTY25JUL22750CE,2388.85,2388.85,2388.85,2388.85,2388.85,2291.35,24813.45,2388.85,375,75,1,1885413.75,1,F1,75,,,,,
2025-05-21,2025-05-21,FO,NSE,IDO,55701,,NIFTY,,2025-07-31,2025-07-31,22950.0,CE,NIFTY25JUL22950CE,2212.05,2212.05,2212.05,2212.05,2212.05,2462.25,24813.45,2212.05,525,75,1,1887153.75,1,F1,75,,,,,
2025-05-21,2025-05-21,FO,NSE,IDO,55725,,NIFTY,,2025-07-31,2025-07-31,23250.0,CE,NIFTY25JUL23250CE,1970.2,1970.2,1970.2,1970.2,1970.2,2195.0,24813.45,1970.2,450,75,1,1891515.0,1,F1,75,,,,,
2025-05-21,2025-05-21,FO,NSE,IDO,55729,,NIFTY,,2025-07-31,2025-07-31,23350.0,CE,NIFTY25JUL23350CE,1887.0,1887.0,1887.0,1887.0,1887.0,2109.45,24813.45,1887.0,450,75,1,1892775.0,1,F1,75,,,,,
2025-05-21,2025-05-21,FO,NSE,IDO,55733,,NIFTY,,2025-07-31,2025-07-31,23450.0,CE,NIFTY25JUL23450CE,1797.1,1797.1,1797.1,1797.1,1797.1,2020.8,24813.45,1797.1,225,75,1,1893532.5,1,F1,75,,,,,
2025-05-21,2025-05-21,FO,NSE,IDO,55747,,NIFTY,,2025-07-31,2025-07-31,23750.0,CE,NIFTY25JUL23750CE,1551.8,1551.8,1551.8,1551.8,1551.8,1763.65,24813.45,1619.5,375,0,1,1897635.0,1,F1,75,,,,,
2025-05-21,2025-05-21,FO,NSE,IDO,55767,,NIFTY,,2025-07-31,2025-07-31,24250.0,CE,NIFTY25JUL24250CE,1174.75,1174.75,1174.75,1174.75,1174.75,1373.75,24813.45,1267.6,225,0,1,1906856.25,1,F1,75,,,,,
2025-05-21,2025-05-21,FO,NSE,IDO,55779,,NIFTY,,2025-07-31,2025-07-31,24500.0,CE,NIFTY25JUL24500CE,960.0,1135.7,946.25,994.75,991.85,964.3,24813.45,994.75,115875,1350,444,849861052.5,339,F1,75,,,,,
2025-05-21,2025-05-21,FO,NSE,IDO,55783,,NIFTY,,2025-07-31,2025-07-31,24600.0,CE,NIFTY25JUL24600CE,1022.85,1022.85,906.85,906.85,906.85,890.05,24813.45,906.85,5325,-75,7,13417713.75,7,F1,75,,,,,
2025-05-21,2025-05-21,FO,NSE,IDO,55851,,NIFTY,,2025-07-31,2025-07-31,26050.0,CE,NIFTY25JUL26050CE,310.0,310.0,264.1,264.1,264.1,297.75,24813.45,408.25,2400,75,3,5927557.5,2,F1,75,,,,,
2025-05-21,2025-05-21,FO,NSE,IDO,71476,,NIFTY,,2026-06-25,2026-06-25,26000.0,CE,NIFTY26JUN26000CE,0.0,0.0,0.0,1640.25,1640.25,1640.25,24813.45,2126.6,2550,0,0,0.0,0,F1,75,,,,,
2025-05-21,2025-05-21,FO,NSE,IDO,37806,,NIFTY,,2026-12-31,2026-12-31,23000.0,CE,NIFTY26DEC23000CE,0.0,0.0,0.0,4305.4,4305.4,4305.4,24813.45,4734.2,4875,0,0,0.0,0,F1,75,,,,,
2025-05-21,2025-05-21,FO,NSE,IDO,71503,,NIFTY,,2026-12-31,2026-12-31,25000.0,CE,NIFTY26DEC25000CE,2999.95,3099.0,2999.95,3084.95,3084.95,2999.95,24813.45,3478.05,19475,0,6,12621971.25,6,F1,75,,,,,
2025-05-21,2025-05-21,FO,NSE,IDO,71560,,NIFTY,,2027-06-24,2027-06-24,24000.0,CE,NIFTY27JUN24000CE,0.0,0.0,0.0,2300.0,2300.0,2300.0,24813.45,4781.65,600,0,0,0.0,0,F1,75,,,,,
2025-05-21,2025-05-21,FO,NSE,IDO,38160,,NIFTY,,2027-06-24,2027-06-24,29000.0,CE,NIFTY27JUN29000CE,0.0,0.0,0.0,1545.2,0.0,1545.2,24813.45,2317.85,0,0,0,0.0,0,F1,75,,,,,
2025-05-21,2025-05-21,FO,NSE,IDO,86137,,NIFTY,,2028-06-29,2028-06-29,17000.0,CE,NIFTY28JUN17000CE,0.0,0.0,0.0,7393.45,0.0,7393.45,24813.45,11056.75,0,0,0,0.0,0,F1,75,,,,,
2025-05-21,2025-05-21,FO,NSE,IDO,86167,,NIFTY,,2028-06-29,2028-06-29,29000.0,CE,NIFTY28JUN29000CE,0.0,0.0,0.0,2333.25,0.0,2333.25,24813.45,3624.7,0,0,0,0.0,0,F1,75,,,,,
2025-05-21,2025-05-21,FO,NSE,IDO,49191,,NIFTY,,2025-05-22,2025-05-22,24200.0,PE,NIFTY2552224200PE,8.45,13.9,3.9,4.5,4.15,11.0,24813.45,4.5,4600425,661725,1270882,2307296627310.0,355131,F1,75,,,,,
2025-05-21,2025-05-21,FO,NSE,IDO,49197,,NIFTY,,2025-05-22,2025-05-22,24300.0,PE,NIFTY2552224300PE,10.5,23.0,5.95,7.15,7.2,16.45,24813.45,7.15,4034400,857250,1786048,3256512933491.25,530637,F1,75,,,,,
2025-05-21,2025-05-21,FO,NSE,IDO,49290,,NIFTY,,2025-05-22,2025-05-22,25350.0,PE,NIFTY2552225350PE,619.7,668.15,396.0,561.25,582.9,630.95,24813.45,561.25,22725,-750,2092,4060437337.5,1405,F1,75,,,,,
2025-05-21,2025-05-21,FO,NSE,IDO,49308,,NIFTY,,2025-05-22,2025-05-22,25650.0,PE,NIFTY2552225650PE,866.0,961.35,681.1,835.75,835.75,917.6,24813.45,832.05,5250,1575,224,445329776.25,145,F1,75,,,,,
2025-05-21,2025-05-21,FO,NSE,IDO,49334,,NIFTY,,2025-05-22,2025-05-22,26100.0,PE,NIFTY2552226100PE,1335.35,1378.45,1249.15,1324.55,1324.55,1351.9,24813.45,1282.0,1200,75,11,22627732.5,9,F1,75,,,,,
2025-05-21,2025-05-21,FO,NSE,IDO,49340,,NIFTY,,2025-05-22,2025-05-22,26200.0,PE,NIFTY2552226200PE,1500.0,1500.0,1407.5,1430.0,1430.0,1395.9,24813.45,1430.0,1500,0,4,8293597.5,4,F1,75,,,,,
2025-05-21,2025-05-21,FO,NSE,IDO,49342,,NIFTY,,2025-05-22,2025-05-22,26250.0,PE,NIFTY2552226250PE,0.0,0.0,0.0,1228.05,1228.05,1228.05,24813.45,1431.95,450,0,0,0.0,0,F1,75,,,,,
2025-05-21,2025-05-21,FO,NSE,IDO,49353,,NIFTY,,2025-05-22,2025-05-22,26450.0,PE,NIFTY2552226450PE,1703.85,1798.65,1703.85,1798.35,1798.35,1396.05,24813.45,1631.9,525,0,4,8461451.25,4,F1,75,,,,,
2025-05-21,2025-05-21,FO,NSE,IDO,49368,,NIFTY,,2025-05-22,2025-05-22,26750.0,PE,NIFTY2552226750PE,0.0,0.0,0.0,2746.55,0.0,2746.55,24813.45,1931.85,0,0,0,0.0,0,F1,75,,,,,
2025-05-21,2025-05-21,FO,NSE,IDO,61332,,NIFTY,,2025-05-29,2025-05-29,20550.0,PE,NIFTY25MAY20550PE,1.9,1.9,1.5,1.65,1.55,2.05,24813.45,1.65,22125,-1050,140,215792471.25,75,F1,75,,,,,
2025-05-21,2025-05-21,FO,NSE,IDO,61344,,NIFTY,,2025-05-29,2025-05-29,20800.0,PE,NIFTY25MAY20800PE,2.1,2.3,1.4,1.85,1.85,2.35,24813.45,1.85,70275,-3150,624,973531601.25,334,F1,75,,,,,
2025-05-21,2025-05-21,FO,NSE,IDO,61394,,NIFTY,,2025-05-29,2025-05-29,21450.0,PE,NIFTY25MAY21450PE,2.75,2.8,2.05,2.45,2.55,3.35,24813.45,2.45,24975,1350,115,185027715.0,77,F1,75,,,,,
2025-05-21,2025-05-21,FO,NSE,IDO,61466,,NIFTY,,2025-05-29,2025-05-29,21650.0,PE,NIFTY25MAY21650PE,2.9,3.25,2.5,2.75,2.7,3.8,24813.45,2.75,9600,-3450,430,698304975.0,282,F1,75,,,,,
2025-05-21,2025-05-21,FO,NSE,IDO,61506,,NIFTY,,2025-05-29,2025-05-29,22500.0,PE,NIFTY25MAY22500PE,5.6,5.75,3.45,4.3,4.1,6.25,24813.45,4.3,3294750,417075,43739,73823647500.0,14592,F1,75,,,,,
2025-05-21,2025-05-21,FO,NSE,IDO,61514,,NIFTY,,2025-05-29,2025-05-29,22700.0,PE,NIFTY25MAY22700PE,6.1,7.1,4.3,5.1,4.95,7.5,24813.45,5.1,466275,113175,14143,24084103811.25,6528,F1,75,,,,,
2025-05-21,2025-05-21,FO,NSE,IDO,61522,,NIFTY,,2025-05-29,2025-05-29,22900.0,PE,NIFTY25MAY22900PE,7.55,8.65,5.2,6.1,6.0,8.85,24813.45,6.1,261900,68550,14036,24113379712.5,8130,F1,75,,,,,
2025-05-21,2025-05-21,FO,NSE,IDO,61524,,NIFTY,,2025-05-29,2025-05-29,22950.0,PE,NIFTY25MAY22950PE,7.9,9.15,5.3,6.4,6.15,9.45,24813.45,6.4,66750,33000,3064,5275425270.0,1933,F1,75,,,,,
2025-05-21,2025-05-21,FO,NSE,IDO,61538,,NIFTY,,2025-05-29,2025-05-29,23300.0,PE,NIFTY25MAY23300PE,12.0,14.25,7.85,9.05,8.85,12.95,24813.45,9.05,733200,193275,23777,41568016245.0,12011,F1,75,,,,,
2025-05-21,2025-05-21,FO,NSE,IDO,61558,,NIFTY,,2025-05-29,2025-05-29,23800.0,PE,NIFTY25MAY23800PE,25.0,36.3,19.25,22.3,22.75,29.1,24813.45,22.3,1409100,178575,55575,99303104460.0,31574,F1,75,,,,,
2025-05-21,2025-05-21,FO,NSE,IDO,61724,,NIFTY,,2025-05-29,2025-05-29,24750.0,PE,NIFTY25MAY24750PE,200.0,254.15,141.85,197.45,199.6,227.65,24813.45,197.45,556500,181425,62602,117133209881.25,39496,F1,75,,,,,
2025-05-21,2025-05-21,FO,NSE,IDO,61758,,NIFTY,,2025-05-29,2025-05-29,25050.0,PE,NIFTY25MAY25050PE,389.7,429.5,256.0,356.6,357.0,398.1,24813.45,356.6,252000,-11625,6357,12102639468.75,4397,F1,75,,,,,
2025-05-21,2025-05-21,FO,NSE,IDO,40362,,NIFTY,,2025-06-05,2025-06-05,22650.0,PE,NIFTY2560522650PE,13.0,13.0,13.0,13.0,13.0,16.85,24813.45,1.1,1800,0,2,3399450.0,1,F1,75,,,,,
2025-05-21,2025-05-21,FO,NSE,IDO,40374,,NIFTY,,2025-06-05,2025-06-05,22750.0,PE,NIFTY2560522750PE,15.95,17.85,10.2,12.2,12.2,15.95,24813.45,12.2,1950,-2175,38,64875468.75,22,F1,75,,,,,
2025-05-21,2025-05-21,FO,NSE,IDO,40552,,NIFTY,,2025-06-05,2025-06-05,26300.0,PE,NIFTY2560526300PE,1432.8,1432.8,1432.8,1432.8,1432.8,1849.75,24813.45,1440.1,75,75,1,2079960.0,1,F1,75,,,,,
2025-05-21,2025-05-21,FO,NSE,IDO,44765,,NIFTY,,2025-06-12,2025-06-12,23150.0,PE,NIFTY2561223150PE,0.0,0.0,0.0,42.9,42.9,42.9,24813.45,18.6,750,0,0,0.0,0,F1,75,,,,,
2025-05-21,2025-05-21,FO,NSE,IDO,44809,,NIFTY,,2025-06-12,2025-06-12,23900.0,PE,NIFTY2561223900PE,120.15,123.25,105.85,110.1,110.1,96.05,24813.45,110.1,2925,-1125,39,70244111.25,19,F1,75,,,,,
2025-05-21,2025-05-21,FO,NSE,IDO,44855,,NIFTY,,2025-06-12,2025-06-12,24750.0,PE,NIFTY2561224750PE,343.05,367.05,266.85,320.3,321.4,343.95,24813.45,320.3,4125,3525,100,188092976.25,69,F1,75,,,,,
2025-05-21,2025-05-21,FO,NSE,IDO,44873,,NIFTY,,2025-06-12,2025-06-12,25150.0,PE,NIFTY2561225150PE,528.8,528.8,528.8,528.8,528.8,944.95,24813.45,557.35,75,75,1,1925910.0,1,F1,75,,,,,
2025-05-21,2025-05-21,FO,NSE,IDO,44889,,NIFTY,,2025-06-12,2025-06-12,25500.0,PE,NIFTY2561225500PE,800.1,800.1,744.8,748.0,748.0,632.0,24813.45,786.45,4875,-75,4,7877850.0,4,F1,75,,,,,
2025-05-21,2025-05-21,FO,NSE,IDO,44945,,NIFTY,,2025-06-12,2025-06-12,26700.0,PE,NIFTY2561226700PE,0.0,0.0,0.0,2278.65,0.0,2278.65,24813.45,1808.2,0,0,0,0.0,0,F1,75,,,,,
2025-05-21,2025-05-21,FO,NSE,IDO,50856,,NIFTY,,2025-06-19,2025-06-19,22950.0,PE,NIFTY2561922950PE,0.0,0.0,0.0,22.0,0.0,22.0,24813.45,22.25,0,0,0,0.0,0,F1,75,,,,,
2025-05-21,2025-05-21,FO,NSE,IDO,50874,,NIFTY,,2025-06-19,2025-06-19,23100.0,PE,NIFTY2561923100PE,0.0,0.0,0.0,29.5,0.0,29.5,24813.45,30.55,0,0,0,0.0,0,F1,75,,,,,
2025-05-21,2025-05-21,FO,NSE,IDO,51016,,NIFTY,,2025-06-19,2025-06-19,25100.0,PE,NIFTY2561925100PE,0.0,0.0,0.0,560.85,560.85,560.85,24813.45,573.0,900,0,0,0.0,0,F1,75,,,,,
2025-05-21,2025-05-21,FO,NSE,IDO,51040,,NIFTY,,2025-06-19,2025-06-19,25650.0,PE,NIFTY2561925650PE,0.0,0.0,0.0,786.85,0.0,786.85,24813.45,925.9,0,0,0,0.0,0,F1,75,,,,,
2025-05-21,2025-05-21,FO,NSE,IDO,43386,,NIFTY,,2025-06-26,2025-06-26,14000.0,PE,NIFTY25JUN14000PE,4.25,4.25,3.3,3.35,3.3,4.25,24813.45,3.35,58250,975,66,69317910.0,12,F1,75,,,,,
2025-05-21,2025-05-21,FO,NSE,IDO,62064,,NIFTY,,2025-06-26,2025-06-26,20450.0,PE,NIFTY25JUN20450PE,10.35,13.25,9.1,13.25,13.25,13.25,24813.45,0.05,1650,375,8,12277155.0,5,F1,75,,,,,
2025-05-21,2025-05-21,FO,NSE,IDO,62358,,NIFTY,,2025-06-26,2025-06-26,24150.0,PE,NIFTY25JUN24150PE,217.35,244.85,189.1,217.35,217.35,229.55,24813.45,217.35,13650,375,164,299658937.5,53,F1,75,,,,,
2025-05-21,2025-05-21,FO,NSE,IDO,62360,,NIFTY,,2025-06-26,2025-06-26,24200.0,PE,NIFTY25JUN24200PE,233.7,265.8,196.7,227.65,231.55,241.5,24813.45,227.65,176325,37050,3605,6604318762.5,2010,F1,75,,,,,
2025-05-21,2025-05-21,FO,NSE,IDO,62372,,NIFTY,,2025-06-26,2025-06-26,24400.0,PE,NIFTY25JUN24400PE,284.95,323.0,240.3,280.2,283.75,295.45,24813.45,280.2,147000,-4875,1997,3695943228.75,1532,F1,75,,,,,
2025-05-21,2025-05-21,FO,NSE,IDO,62392,,NIFTY,,2025-06-26,2025-06-26,24800.0,PE,NIFTY25JUN24800PE,432.85,470.95,351.25,416.8,421.85,438.3,24813.45,416.8,502050,173625,10434,19726577647.5,8297,F1,75,,,,,
2025-05-21,2025-05-21,FO,NSE,IDO,62422,,NIFTY,,2025-06-26,2025-06-26,25500.0,PE,NIFTY25JUN25500PE,814.05,861.05,666.9,786.5,793.8,823.0,24813.45,786.5,405075,32475,4518,8900038755.0,2640,F1,75,,,,,
2025-05-21,2025-05-21,FO,NSE,IDO,62446,,NIFTY,,2025-06-26,2025-06-26,26050.0,PE,NIFTY25JUN26050PE,1182.6,1182.6,1182.6,1182.6,1182.6,1126.3,24813.45,1243.85,750,75,1,2042445.0,1,F1,75,,,,,
2025-05-21,2025-05-21,FO,NSE,IDO,62464,,NIFTY,,2025-06-26,2025-06-26,26250.0,PE,NIFTY25JUN26250PE,1336.2,1336.2,1336.2,1336.2,1336.2,1139.55,24813.45,1336.2,225,75,1,2068965.0,1,F1,75,,,,,
2025-05-21,2025-05-21,FO,NSE,IDO,62472,,NIFTY,,2025-06-26,2025-06-26,26450.0,PE,NIFTY25JUN26450PE,1514.25,1514.25,1514.25,1514.25,1514.25,1292.95,24813.45,1514.25,225,75,1,2097318.75,1,F1,75,,,,,
2025-05-21,2025-05-21,FO,NSE,IDO,55672,,NIFTY,,2025-07-31,2025-07-31,22250.0,PE,NIFTY25JUL22250PE,75.0,89.85,66.15,87.75,87.75,82.95,24813.45,87.75,25275,3000,93,155745450.0,29,F1,75,,,,,
2025-05-21,2025-05-21,FO,NSE,IDO,55688,,NIFTY,,2025-07-31,2025-07-31,22650.0,PE,NIFTY25JUL22650PE,0.0,0.0,0.0,92.35,92.35,92.35,24813.45,74.5,2250,0,0,0.0,0,F1,75,,,,,
2025-05-21,2025-05-21,FO,NSE,IDO,55736,,NIFTY,,2025-07-31,2025-07-31,23500.0,PE,NIFTY25JUL23500PE,210.0,235.65,185.55,209.1,209.85,214.8,24813.45,209.1,239475,31575,2291,4073331622.5,1788,F1,75,,,,,
2025-05-21,2025-05-21,FO,NSE,IDO,55796,,NIFTY,,2025-07-31,2025-07-31,24900.0,PE,NIFTY25JUL24900PE,605.0,605.0,504.2,569.15,572.1,584.25,24813.45,569.15,25275,17775,353,673247478.75,350,F1,75,,,,,
2025-05-21,2025-05-21,FO,NSE,IDO,64693,,NIFTY,,2025-09-25,2025-09-25,24000.0,PE,NIFTY25SEP24000PE,392.55,414.55,353.05,385.55,386.0,395.85,24813.45,385.55,812925,19200,1887,3450697826.25,1275,F1,75,,,,,
2025-05-21,2025-05-21,FO,NSE,IDO,62925,,NIFTY,,2026-03-26,2026-03-26,24000.0,PE,NIFTY26MAR24000PE,0.0,0.0,0.0,895.25,0.0,895.25,24813.45,688.55,0,0,0,0.0,0,F1,75,,,,,
2025-05-21,2025-05-21,FO,NSE,IDO,50557,,NIFTY,,2026-06-25,2026-06-25,18000.0,PE,NIFTY26JUN18000PE,0.0,0.0,0.0,3088.05,0.0,3088.05,24813.45,20.95,0,0,0,0.0,0,F1,75,,,,,
2025-05-21,2025-05-21,FO,NSE,IDO,50548,,NIFTY,,2026-12-31,2026-12-31,28000.0,PE,NIFTY26DEC28000PE,0.0,0.0,0.0,2150.0,2150.0,2150.0,24813.45,2380.2,1650,0,0,0.0,0,F1,75,,,,,
2025-05-21,2025-05-21,FO,NSE,IDO,71559,,NIFTY,,2027-06-24,2027-06-24,23000.0,PE,NIFTY27JUN23000PE,0.0,0.0,0.0,4514.3,0.0,4514.3,24813.45,617.35,0,0,0,0.0,0,F1,75,,,,,
2025-05-21,2025-05-21,FO,NSE,IDO,67769,,NIFTY,,2028-12-28,2028-12-28,17000.0,PE,NIFTY28DEC17000PE,0.0,0.0,0.0,66.15,0.0,66.15,24813.45,73.45,0,0,0,0.0,0,F1,75,,,,,
2025-05-21,2025-05-21,FO,NSE,IDO,67771,,NIFTY,,2028-12-28,2028-12-28,18000.0,PE,NIFTY28DEC18000PE,0.0,0.0,0.0,250.0,250.0,250.0,24813.45,116.15,75,0,0,0.0,0,F1,75,,,,,
2025-05-21,2025-05-21,FO,NSE,IDO,67791,,NIFTY,,2028-12-28,2028-12-28,28000.0,PE,NIFTY28DEC28000PE,0.0,0.0,0.0,1697.6,0.0,1697.6,24813.45,1887.65,0,0,0,0.0,0,F1,75,,,,,
2025-05-21,2025-05-21,FO,NSE,IDO,89639,,NIFTY,,2029-06-28,2029-06-28,28000.0,PE,NIFTY29JUN28000PE,0.0,0.0,0.0,1488.1,0.0,1488.1,24813.45,1779.0,0,0,0,0.0,0,F1,75,,,,,
2025-05-21,2025-05-21,FO,NSE,IDO,61915,,NIFTY,,2029-12-27,2029-12-27,29000.0,PE,NIFTY29DEC29000PE,0.0,0.0,0.0,1669.2,0.0,1669.2,24813.45,1968.35,0,0,0,0.0,0,F1,75,,,,,
2025-05-21,2025-05-21,FO,NSE,IDO,61559,,NIFTY,,2025-05-29,2025-05-29,23850.0,CE,NIFTY25MAY23850CE,950.0,1140.45,943.05,1002.0,991.0,957.8,24813.45,1002.0,68025,4350,92,171400893.75,64,F1,75,,,,,
2025-05-21,2025-05-21,FO,NSE,IDO,49081,,NIFTY,,2025-05-22,2025-05-22,22150.0,CE,NIFTY2552222150CE,0.0,0.0,0.0,2890.05,2888.2,2890.05,24813.45,2667.35,750,0,0,0.0,0,F1,75,,,,,
2025-05-21,2025-05-21,FO,NSE,IDO,49097,,NIFTY,,2025-05-22,2025-05-22,22500.0,CE,NIFTY2552222500CE,2350.0,2464.0,2204.65,2271.35,2275.7,2240.35,24813.45,2271.35,5175,-2175,92,171166571.25,56,F1,75,,,,,
2025-05-21,2025-05-21,FO,NSE,IDO,49113,,NIFTY,,2025-05-22,2025-05-22,22850.0,CE,NIFTY2552222850CE,0.0,0.0,0.0,2198.15,2197.45,2198.15,24813.45,1967.5,825,0,0,0.0,0,F1,75,,,,,
2025-05-21,2025-05-21,FO,NSE,IDO,49184,,NIFTY,,2025-05-22,2025-05-22,24050.0,CE,NIFTY2552224050CE,827.0,906.25,658.9,736.3,719.85,667.2,24813.45,736.3,24300,-1275,151,281152008.75,91,F1,75,,,,,
2025-05-21,2025-05-21,FO,NSE,IDO,49194,,NIFTY,,2025-05-22,2025-05-22,24250.0,CE,NIFTY2552224250CE,491.05,725.15,443.55,533.0,527.4,494.6,24813.45,533.0,24375,525,1402,2608274137.5,1138,F1,75,,,,,
2025-05-21,2025-05-21,FO,NSE,IDO,49198,,NIFTY,,2025-05-22,2025-05-22,24350.0,CE,NIFTY2552224350CE,406.9,640.0,354.0,441.7,431.8,401.45,24813.45,441.7,32550,225,3803,7076553851.25,2668,F1,75,,,,,
2025-05-21,2025-05-21,FO,NSE,IDO,49206,,NIFTY,,2025-05-22,2025-05-22,24500.0,CE,NIFTY2552224500CE,272.1,498.0,235.65,312.3,300.85,270.35,24813.45,312.3,1010250,-189825,223691,416606266331.25,140905,F1,75,,,,,
2025-05-21,2025-05-21,FO,NSE,IDO,49210,,NIFTY,,2025-05-22,2025-05-22,24600.0,CE,NIFTY2552224600CE,190.0,406.75,168.45,233.3,222.9,194.55,24813.45,233.3,1159425,-239625,423066,788290689356.25,284468,F1,75,,,,,
2025-05-21,2025-05-21,FO,NSE,IDO,49224,,NIFTY,,2025-05-22,2025-05-22,24800.0,CE,NIFTY2552224800CE,95.0,242.0,73.15,106.25,100.95,87.75,24813.45,106.25,6823200,293325,5414077,10120328021122.5,3061487,F1,75,,,,,
2025-05-21,2025-05-21,FO,NSE,IDO,49348,,NIFTY,,2025-05-22,2025-05-22,26350.0,CE,NIFTY2552226350CE,1.35,1.35,0.75,0.85,0.8,1.8,24813.45,0.85,688650,81450,43806,86574581310.0,10192,F1,75,,,,,
2025-05-21,2025-05-21,FO,NSE,IDO,61331,,NIFTY,,2025-05-29,2025-05-29,20550.0,CE,NIFTY25MAY20550CE,4221.85,4282.75,4221.85,4282.75,4282.75,3563.35,24813.45,4282.75,1350,-75,2,3720345.0,2,F1,75,,,,,
2025-05-21,2025-05-21,FO,NSE,IDO,61339,,NIFTY,,2025-05-29,2025-05-29,20750.0,CE,NIFTY25MAY20750CE,4022.95,4083.8,4022.95,4083.8,4083.8,3342.75,24813.45,4083.8,1200,-75,2,3720506.25,2,F1,75,,,,,
2025-05-21,2025-05-21,FO,NSE,IDO,61393,,NIFTY,,2025-05-29,2025-05-29,21450.0,CE,NIFTY25MAY21450CE,0.0,0.0,0.0,3178.9,3178.9,3178.9,24813.45,3393.65,1950,0,0,0.0,0,F1,75,,,,,
2025-05-21,2025-05-21,FO,NSE,IDO,61491,,NIFTY,,2025-05-29,2025-05-29,22150.0,CE,NIFTY25MAY22150CE,2706.1,2706.1,2706.1,2706.1,2706.1,2613.65,24813.45,2706.1,4425,0,1,1864207.5,1,F1,75,,,,,
2025-05-21,2025-05-21,FO,NSE,IDO,61671,,NIFTY,,2025-05-29,2025-05-29,24200.0,CE,NIFTY25MAY24200CE,638.5,858.95,619.05,686.3,675.0,640.45,24813.45,686.3,641850,-99750,4431,8296378425.0,3357,F1,75,,,,,
2025-05-21,2025-05-21,FO,NSE,IDO,50982,,NIFTY,,2025-06-19,2025-06-19,24400.0,CE,NIFTY2561924400CE,797.95,797.95,797.95,797.95,797.95,1041.15,24813.45,798.35,150,150,2,3779692.5,1,F1,75,,,,,
2025-05-21,2025-05-21,FO,NSE,IDO,51001,,NIFTY,,2025-06-19,2025-06-19,24800.0,CE,NIFTY2561924800CE,470.0,581.5,455.3,506.0,506.0,460.0,24813.45,559.6,600,300,38,72086955.0,22,F1,75,,,,,
2025-05-21,2025-05-21,FO,NSE,IDO,51013,,NIFTY,,2025-06-19,2025-06-19,25050.0,CE,NIFTY2561925050CE,0.0,0.0,0.0,633.2,0.0,633.2,24813.45,436.35,0,0,0,0.0,0,F1,75,,,,,
2025-05-21,2025-05-21,FO,NSE,IDO,51047,,NIFTY,,2025-06-19,2025-06-19,25800.0,CE,NIFTY2561925800CE,0.0,0.0,0.0,310.95,0.0,310.95,24813.45,182.75,0,0,0,0.0,0,F1,75,,,,,
2025-05-21,2025-05-21,FO,NSE,IDO,51069,,NIFTY,,2025-06-19,2025-06-19,26350.0,CE,NIFTY2561926350CE,0.0,0.0,0.0,167.25,0.0,167.25,24813.45,83.9,0,0,0,0.0,0,F1,75,,,,,
2025-05-21,2025-05-21,FO,NSE,IDO,62061,,NIFTY,,2025-06-26,2025-06-26,20400.0,CE,NIFTY25JUN20400CE,0.0,0.0,0.0,3793.1,3787.65,3793.1,24813.45,4547.05,525,0,0,0.0,0,F1,75,,,,,
2025-05-21,2025-05-21,FO,NSE,IDO,62091,,NIFTY,,2025-06-26,2025-06-26,20900.0,CE,NIFTY25JUN20900CE,0.0,0.0,0.0,3312.65,3313.35,3312.65,24813.45,4050.5,600,0,0,0.0,0,F1,75,,,,,
2025-05-21,2025-05-21,FO,NSE,IDO,61383,,NIFTY,,2029-12-27,2029-12-27,17000.0,PE,NIFTY29DEC17000PE,0.0,0.0,0.0,62.8,0.0,62.8,24813.45,87.95,0,0,0,0.0,0,F1,75,,,,,
2025-05-21,2025-05-21,FO,NSE,IDO,89643,,NIFTY,,2029-06-28,2029-06-28,30000.0,PE,NIFTY29JUN30000PE,0.0,0.0,0.0,2031.05,0.0,2031.05,24813.45,2446.1,0,0,0,0.0,0,F1,75,,,,,
2025-05-21,2025-05-21,FO,NSE,IDO,89631,,NIFTY,,2029-06-28,2029-06-28,24000.0,PE,NIFTY29JUN24000PE,0.0,0.0,0.0,694.05,694.05,694.05,24813.45,800.45,25,0,0,0.0,0,F1,75,,,,,
2025-05-21,2025-05-21,FO,NSE,IDO,67785,,NIFTY,,2028-12-28,2028-12-28,25000.0,PE,NIFTY28DEC25000PE,0.0,0.0,0.0,1700.05,1700.05,1700.05,24813.45,1040.75,750,0,0,0.0,0,F1,75,,,,,
2025-05-21,2025-05-21,FO,NSE,IDO,67781,,NIFTY,,2028-12-28,2028-12-28,23000.0,PE,NIFTY28DEC23000PE,0.0,0.0,0.0,800.0,800.0,800.0,24813.45,638.25,2925,0,0,0.0,0,F1,75,,,,,
2025-05-21,2025-05-21,FO,NSE,IDO,67779,,NIFTY,,2028-12-28,2028-12-28,22000.0,PE,NIFTY28DEC22000PE,0.0,0.0,0.0,521.3,521.3,521.3,24813.45,483.05,225,0,0,0.0,0,F1,75,,,,,
2025-05-21,2025-05-21,FO,NSE,IDO,35353,,NIFTY,,2028-06-29,2028-06-29,30000.0,PE,NIFTY28JUN30000PE,0.0,0.0,0.0,3779.25,0.0,3779.25,24813.45,2806.95,0,0,0,0.0,0,F1,75,,,,,
2025-05-21,2025-05-21,FO,NSE,IDO,86162,,NIFTY,,2028-06-29,2028-06-29,26000.0,PE,NIFTY28JUN26000PE,0.0,0.0,0.0,2370.3,0.0,2370.3,24813.45,1346.75,0,0,0,0.0,0,F1,75,,,,,
2025-05-21,2025-05-21,FO,NSE,IDO,86152,,NIFTY,,2028-06-29,2028-06-29,24000.0,PE,NIFTY28JUN24000PE,0.0,0.0,0.0,1692.75,0.0,1692.75,24813.45,841.75,0,0,0,0.0,0,F1,75,,,,,
2025-05-21,2025-05-21,FO,NSE,IDO,38165,,NIFTY,,2027-12-30,2027-12-30,29000.0,PE,NIFTY27DEC29000PE,0.0,0.0,0.0,4227.5,0.0,4227.5,24813.45,2547.95,0,0,0,0.0,0,F1,75,,,,,
2025-05-21,2025-05-21,FO,NSE,IDO,53606,,NIFTY,,2027-12-30,2027-12-30,19000.0,PE,NIFTY27DEC19000PE,0.0,0.0,0.0,299.95,299.95,299.95,24813.45,143.25,525,0,0,0.0,0,F1,75,,,,,
2025-05-21,2025-05-21,FO,NSE,IDO,38163,,NIFTY,,2027-06-24,2027-06-24,29000.0,PE,NIFTY27JUN29000PE,0.0,0.0,0.0,4627.1,0.0,4627.1,24813.45,2730.85,0,0,0,0.0,0,F1,75,,,,,
2025-05-21,2025-05-21,FO,NSE,IDO,71557,,NIFTY,,2027-06-24,2027-06-24,22000.0,PE,NIFTY27JUN22000PE,0.0,0.0,0.0,3995.4,0.0,3995.4,24813.45,435.65,0,0,0,0.0,0,F1,75,,,,,
2025-05-21,2025-05-21,FO,NSE,IDO,71550,,NIFTY,,2027-06-24,2027-06-24,19000.0,PE,NIFTY27JUN19000PE,0.0,0.0,0.0,182.1,182.1,182.1,24813.45,117.35,600,0,0,0.0,0,F1,75,,,,,
2025-05-21,2025-05-21,FO,NSE,IDO,58639,,NIFTY,,2026-12-31,2026-12-31,17000.0,PE,NIFTY26DEC17000PE,0.0,0.0,0.0,97.05,97.05,97.05,24813.45,22.0,2850,0,0,0.0,0,F1,75,,,,,
2025-05-21,2025-05-21,FO,NSE,IDO,50546,,NIFTY,,2026-06-25,2026-06-25,28000.0,PE,NIFTY26JUN28000PE,0.0,0.0,0.0,6532.55,0.0,6532.55,24813.45,2524.85,0,0,0,0.0,0,F1,75,,,,,
2025-05-21,2025-05-21,FO,NSE,IDO,62915,,NIFTY,,2026-03-26,2026-03-26,19000.0,PE,NIFTY26MAR19000PE,0.0,0.0,0.0,42.6,0.0,42.6,24813.45,28.25,0,0,0,0.0,0,F1,75,,,,,
2025-05-21,2025-05-21,FO,NSE,IDO,62911,,NIFTY,,2026-03-26,2026-03-26,17000.0,PE,NIFTY26MAR17000PE,0.0,0.0,0.0,5.5,0.0,5.5,24813.45,3.45,0,0,0,0.0,0,F1,75,,,,,
2025-05-21,2025-05-21,FO,NSE,IDO,51452,,NIFTY,,2025-12-24,2025-12-24,21000.0,PE,NIFTY25DEC21000PE,145.8,151.0,139.05,143.45,142.5,148.2,24813.45,143.45,647700,4050,631,1000670452.5,478,F1,75,,,,,
2025-05-21,2025-05-21,FO,NSE,IDO,37797,,NIFTY,,2025-12-24,2025-12-24,13000.0,PE,NIFTY25DEC13000PE,10.75,10.75,10.45,10.45,10.45,10.75,24813.45,0.0,6350,0,5,4879008.75,3,F1,75,,,,,
2025-05-21,2025-05-21,FO,NSE,IDO,64701,,NIFTY,,2025-09-25,2025-09-25,28000.0,PE,NIFTY25SEP28000PE,0.0,0.0,0.0,4400.0,4400.0,4400.0,24813.45,2793.25,75,0,0,0.0,0,F1,75,,,,,
2025-05-21,2025-05-21,FO,NSE,IDO,64687,,NIFTY,,2025-09-25,2025-09-25,21000.0,PE,NIFTY25SEP21000PE,72.0,79.95,67.0,68.85,67.05,74.4,24813.45,68.85,386325,-10575,1137,1796912051.25,794,F1,75,,,,,
2025-05-21,2025-05-21,FO,NSE,IDO,64679,,NIFTY,,2025-09-25,2025-09-25,17000.0,PE,NIFTY25SEP17000PE,18.5,19.0,18.25,19.0,19.0,18.25,24813.45,19.0,2775,225,10,12764062.5,5,F1,75,,,,,
2025-05-21,2025-05-21,FO,NSE,IDO,55858,,NIFTY,,2025-07-31,2025-07-31,26200.0,PE,NIFTY25JUL26200PE,1302.3,1302.3,1302.3,1302.3,1302.3,1110.65,24813.45,1413.85,1050,75,1,2062672.5,1,F1,75,,,,,
2025-05-21,2025-05-21,FO,NSE,IDO,55794,,NIFTY,,2025-07-31,2025-07-31,24850.0,PE,NIFTY25JUL24850PE,510.1,565.25,510.1,559.6,553.95,558.25,24813.45,559.6,2325,-150,11,20952438.75,11,F1,75,,,,,
2025-05-21,2025-05-21,FO,NSE,IDO,55780,,NIFTY,,2025-07-31,2025-07-31,24500.0,PE,NIFTY25JUL24500PE,437.95,473.95,384.35,434.25,436.8,445.5,24813.45,434.25,362025,5100,2536,4740970267.5,1579,F1,75,,,,,
2025-05-21,2025-05-21,FO,NSE,IDO,55738,,NIFTY,,2025-07-31,2025-07-31,23550.0,PE,NIFTY25JUL23550PE,215.0,215.2,215.0,215.1,215.2,224.0,24813.45,215.1,1200,150,2,3564765.0,2,F1,75,,,,,
2025-05-21,2025-05-21,FO,NSE,IDO,55724,,NIFTY,,2025-07-31,2025-07-31,23200.0,PE,NIFTY25JUL23200PE,167.0,177.65,152.0,177.65,177.65,167.35,24813.45,177.65,59175,8550,130,227819662.5,57,F1,75,,,,,
2025-05-21,2025-05-21,FO,NSE,IDO,55706,,NIFTY,,2025-07-31,2025-07-31,23050.0,PE,NIFTY25JUL23050PE,0.0,0.0,0.0,139.0,139.0,139.0,24813.45,120.35,1500,0,0,0.0,0,F1,75,,,,,
2025-05-21,2025-05-21,FO,NSE,IDO,62502,,NIFTY,,2025-06-26,2025-06-26,26700.0,PE,NIFTY25JUN26700PE,1759.7,1759.7,1759.7,1759.7,1759.7,2709.95,24813.45,1759.7,75,75,1,2134477.5,1,F1,75,,,,,
2025-05-21,2025-05-21,FO,NSE,IDO,62458,,NIFTY,,2025-06-26,2025-06-26,26100.0,PE,NIFTY25JUN26100PE,1142.6,1228.0,1079.9,1079.9,1079.9,1117.5,24813.45,1079.9,1875,300,8,16363241.25,6,F1,75,,,,,
2025-05-21,2025-05-21,FO,NSE,IDO,62444,,NIFTY,,2025-06-26,2025-06-26,25950.0,PE,NIFTY25JUN25950PE,1096.7,1096.7,1096.7,1096.7,1096.7,1147.7,24813.45,1166.75,1050,75,1,2028502.5,1,F1,75,,,,,
2025-05-21,2025-05-21,FO,NSE,IDO,62418,,NIFTY,,2025-06-26,2025-06-26,25400.0,PE,NIFTY25JUN25400PE,758.5,777.95,613.0,721.85,771.7,756.3,24813.45,721.85,21000,-4200,438,857411036.25,291,F1,75,,,,,
2025-05-21,2025-05-21,FO,NSE,IDO,62346,,NIFTY,,2025-06-26,2025-06-26,23850.0,PE,NIFTY25JUN23850PE,179.55,185.0,138.95,159.0,159.0,170.0,24813.45,159.0,17550,-75,83,149441606.25,51,F1,75,,,,,
2025-05-21,2025-05-21,FO,NSE,IDO,62336,,NIFTY,,2025-06-26,2025-06-26,23650.0,PE,NIFTY25JUN23650PE,140.5,145.1,116.8,133.35,132.0,137.35,24813.45,133.35,6975,150,154,274658115.0,55,F1,75,,,,,
2025-05-21,2025-05-21,FO,NSE,IDO,62190,,NIFTY,,2025-06-26,2025-06-26,22250.0,PE,NIFTY25JUN22250PE,0.0,0.0,0.0,190.0,190.0,190.0,24813.45,8.25,525,0,0,0.0,0,F1,75,,,,,
2025-05-21,2025-05-21,FO,NSE,IDO,62162,,NIFTY,,2025-06-26,2025-06-26,21750.0,PE,NIFTY25JUN21750PE,0.0,0.0,0.0,22.9,22.9,22.9,24813.45,2.45,750,0,0,0.0,0,F1,75,,,,,
2025-05-21,2025-05-21,FO,NSE,IDO,62090,,NIFTY,,2025-06-26,2025-06-26,20850.0,PE,NIFTY25JUN20850PE,16.4,17.1,16.4,16.75,16.75,15.35,24813.45,0.2,7425,675,17,26604997.5,11,F1,75,,,,,
2025-05-21,2025-05-21,FO,NSE,IDO,51064,,NIFTY,,2025-06-19,2025-06-19,26200.0,PE,NIFTY2561926200PE,0.0,0.0,0.0,1170.2,0.0,1170.2,24813.45,1358.05,0,0,0,0.0,0,F1,75,,,,,
2025-05-21,2025-05-21,FO,NSE,IDO,51030,,NIFTY,,2025-06-19,2025-06-19,25450.0,PE,NIFTY2561925450PE,0.0,0.0,0.0,666.85,0.0,666.85,24813.45,787.35,0,0,0,0.0,0,F1,75,,,,,
2025-05-21,2025-05-21,FO,NSE,IDO,51028,,NIFTY,,2025-06-19,2025-06-19,25400.0,PE,NIFTY2561925400PE,0.0,0.0,0.0,638.6,0.0,638.6,24813.45,754.45,0,0,0,0.0,0,F1,75,,,,,
2025-05-21,2025-05-21,FO,NSE,IDO,51018,,NIFTY,,2025-06-19,2025-06-19,25150.0,PE,NIFTY2561925150PE,0.0,0.0,0.0,508.1,0.0,508.1,24813.45,601.3,0,0,0,0.0,0,F1,75,,,,,
2025-05-21,2025-05-21,FO,NSE,IDO,50878,,NIFTY,,2025-06-19,2025-06-19,23200.0,PE,NIFTY2561923200PE,75.0,75.0,60.0,60.0,60.0,69.0,24813.45,37.4,375,300,5,8727000.0,2,F1,75,,,,,
2025-05-21,2025-05-21,FO,NSE,IDO,44905,,NIFTY,,2025-06-12,2025-06-12,25800.0,PE,NIFTY2561225800PE,995.5,995.5,995.5,995.5,995.5,1458.8,24813.45,1013.35,75,75,1,2009662.5,1,F1,75,,,,,
2025-05-21,2025-05-21,FO,NSE,IDO,44863,,NIFTY,,2025-06-12,2025-06-12,24950.0,PE,NIFTY2561224950PE,430.65,436.75,339.1,412.6,412.6,441.65,24813.45,445.7,7275,5175,100,190055478.75,48,F1,75,,,,,
2025-05-21,2025-05-21,FO,NSE,IDO,44827,,NIFTY,,2025-06-12,2025-06-12,24300.0,PE,NIFTY2561224300PE,203.4,212.35,153.0,175.15,175.15,193.75,24813.45,175.15,12375,4575,96,176259986.25,44,F1,75,,,,,
2025-05-21,2025-05-21,FO,NSE,IDO,44789,,NIFTY,,2025-06-12,2025-06-12,23650.0,PE,NIFTY2561223650PE,0.0,0.0,0.0,200.3,0.0,200.3,24813.45,57.45,0,0,0,0.0,0,F1,75,,,,,
2025-05-21,2025-05-21,FO,NSE,IDO,44783,,NIFTY,,2025-06-12,2025-06-12,23600.0,PE,NIFTY2561223600PE,0.0,0.0,0.0,57.0,57.0,57.0,24813.45,51.8,75,0,0,0.0,0,F1,75,,,,,
2025-05-21,2025-05-21,FO,NSE,IDO,44735,,NIFTY,,2025-06-12,2025-06-12,22650.0,PE,NIFTY2561222650PE,0.0,0.0,0.0,39.2,0.0,39.2,24813.45,4.8,0,0,0,0.0,0,F1,75,,,,,
2025-05-21,2025-05-21,FO,NSE,IDO,44733,,NIFTY,,2025-06-12,2025-06-12,22600.0,PE,NIFTY2561222600PE,0.0,0.0,0.0,35.55,0.0,35.55,24813.45,4.15,0,0,0,0.0,0,F1,75,,,,,
2025-05-21,2025-05-21,FO,NSE,IDO,40538,,NIFTY,,2025-06-05,2025-06-05,25950.0,PE,NIFTY2560525950PE,1112.45,1113.95,1112.45,1113.95,1113.95,1168.25,24813.45,1119.9,750,150,2,4059480.0,2,F1,75,,,,,
2025-05-21,2025-05-21,FO,NSE,IDO,40532,,NIFTY,,2025-06-05,2025-06-05,25800.0,PE,NIFTY2560525800PE,1009.3,1009.3,984.55,984.55,984.55,1031.3,24813.45,989.85,900,0,2,4019538.75,2,F1,75,,,,,
2025-05-21,2025-05-21,FO,NSE,IDO,40522,,NIFTY,,2025-06-05,2025-06-05,25550.0,PE,NIFTY2560525550PE,766.7,766.7,766.7,766.7,766.7,810.6,24813.45,786.2,675,75,1,1973752.5,1,F1,75,,,,,
2025-05-21,2025-05-21,FO,NSE,IDO,40476,,NIFTY,,2025-06-05,2025-06-05,24700.0,PE,NIFTY2560524700PE,273.15,301.4,194.7,250.25,250.05,270.7,24813.45,250.25,215700,99900,10042,18788002143.75,7035,F1,75,,,,,
2025-05-21,2025-05-21,FO,NSE,IDO,40420,,NIFTY,,2025-06-05,2025-06-05,23650.0,PE,NIFTY2560523650PE,51.15,52.4,48.0,48.0,48.0,48.75,24813.45,48.0,375,150,3,5332616.25,3,F1,75,,,,,
2025-05-21,2025-05-21,FO,NSE,IDO,40392,,NIFTY,,2025-06-05,2025-06-05,23050.0,PE,NIFTY2560523050PE,0.0,0.0,0.0,17.55,17.55,17.55,24813.45,4.75,1425,0,0,0.0,0,F1,75,,,,,
2025-05-21,2025-05-21,FO,NSE,IDO,40390,,NIFTY,,2025-06-05,2025-06-05,23000.0,PE,NIFTY2560523000PE,20.1,23.1,15.3,17.85,17.0,21.25,24813.45,17.85,200025,22500,3716,6415240518.75,2051,F1,75,,,,,
2025-05-21,2025-05-21,FO,NSE,IDO,61918,,NIFTY,,2025-05-29,2025-05-29,26800.0,PE,NIFTY25MAY26800PE,1949.7,1962.75,1941.55,1946.2,1962.75,2036.15,24813.45,1946.2,18525,18450,251,541224502.5,203,F1,75,,,,,
2025-05-21,2025-05-21,FO,NSE,IDO,61560,,NIFTY,,2025-05-29,2025-05-29,23850.0,PE,NIFTY25MAY23850PE,29.0,40.6,21.35,25.2,25.6,32.55,24813.45,25.2,114900,975,10454,18721298932.5,7629,F1,75,,,,,
2025-05-21,2025-05-21,FO,NSE,IDO,61546,,NIFTY,,2025-05-29,2025-05-29,23500.0,PE,NIFTY25MAY23500PE,16.85,20.55,11.15,12.55,13.05,17.5,24813.45,12.55,3736050,993675,90561,159707771321.25,45018,F1,75,,,,,
2025-05-21,2025-05-21,FO,NSE,IDO,61386,,NIFTY,,2025-05-29,2025-05-29,21300.0,PE,NIFTY25MAY21300PE,2.5,2.9,1.75,2.45,2.75,3.2,24813.45,2.45,78000,300,811,1295720591.25,467,F1,75,,,,,
2025-05-21,2025-05-21,FO,NSE,IDO,61376,,NIFTY,,2025-05-29,2025-05-29,21200.0,PE,NIFTY25MAY21200PE,2.9,2.9,2.0,2.3,2.5,3.1,24813.45,2.3,36375,-225,646,1027252938.75,444,F1,75,,,,,
2025-05-21,2025-05-21,FO,NSE,IDO,61372,,NIFTY,,2025-05-29,2025-05-29,21150.0,PE,NIFTY25MAY21150PE,2.8,3.5,2.1,2.2,2.2,2.9,24813.45,2.2,16125,450,71,112635990.0,56,F1,75,,,,,
2025-05-21,2025-05-21,FO,NSE,IDO,49256,,NIFTY,,2025-05-22,2025-05-22,25050.0,PE,NIFTY2552225050PE,333.65,397.2,165.6,292.85,303.8,354.45,24813.45,292.85,895050,-108900,118254,224357817221.25,81672,F1,75,,,,,
2025-05-21,2025-05-21,FO,NSE,IDO,49189,,NIFTY,,2025-05-22,2025-05-22,24150.0,PE,NIFTY2552224150PE,6.3,10.9,3.2,3.6,3.5,9.6,24813.45,3.6,1323525,505725,522157,945965642865.0,149517,F1,75,,,,,
2025-05-21,2025-05-21,FO,NSE,IDO,49185,,NIFTY,,2025-05-22,2025-05-22,24050.0,PE,NIFTY2552224050PE,5.25,6.7,2.2,2.5,2.35,6.9,24813.45,2.5,978825,-9450,511021,921888075195.0,125215,F1,75,,,,,
2025-05-21,2025-05-21,FO,NSE,IDO,49114,,NIFTY,,2025-05-22,2025-05-22,22850.0,PE,NIFTY2552222850PE,0.75,0.8,0.2,0.35,0.25,0.75,24813.45,0.35,151800,-5400,14425,24721441710.0,2946,F1,75,,,,,
2025-05-21,2025-05-21,FO,NSE,IDO,61932,,NIFTY,,2029-12-27,2029-12-27,30000.0,CE,NIFTY29DEC30000CE,0.0,0.0,0.0,4896.55,0.0,4896.55,24813.45,5024.85,0,0,0,0.0,0,F1,75,,,,,
2025-05-21,2025-05-21,FO,NSE,IDO,89636,,NIFTY,,2029-06-28,2029-06-28,27000.0,CE,NIFTY29JUN27000CE,0.0,0.0,0.0,6570.4,0.0,6570.4,24813.45,5765.4,0,0,0,0.0,0,F1,75,,,,,
2025-05-21,2025-05-21,FO,NSE,IDO,89614,,NIFTY,,2029-06-28,2029-06-28,19000.0,CE,NIFTY29JUN19000CE,0.0,0.0,0.0,11036.95,0.0,11036.95,24813.45,10544.7,0,0,0,0.0,0,F1,75,,,,,
2025-05-21,2025-05-21,FO,NSE,IDO,37799,,NIFTY,,2026-06-25,2026-06-25,23000.0,CE,NIFTY26JUN23000CE,0.0,0.0,0.0,2645.65,0.0,2645.65,24813.45,3927.35,0,0,0,0.0,0,F1,75,,,,,
2025-05-21,2025-05-21,FO,NSE,IDO,51453,,NIFTY,,2026-06-25,2026-06-25,21000.0,CE,NIFTY26JUN21000CE,0.0,0.0,0.0,3881.9,0.0,3881.9,24813.45,5471.35,0,0,0,0.0,0,F1,75,,,,,
2025-05-21,2025-05-21,FO,NSE,IDO,62930,,NIFTY,,2026-03-26,2026-03-26,27000.0,CE,NIFTY26MAR27000CE,0.0,0.0,0.0,891.9,0.0,891.9,24813.45,1285.2,0,0,0,0.0,0,F1,75,,,,,
2025-05-21,2025-05-21,FO,NSE,IDO,62914,,NIFTY,,2026-03-26,2026-03-26,19000.0,CE,NIFTY26MAR19000CE,0.0,0.0,0.0,5966.85,0.0,5966.85,24813.45,6883.3,0,0,0,0.0,0,F1,75,,,,,
2025-05-21,2025-05-21,FO,NSE,IDO,64704,,NIFTY,,2025-09-25,2025-09-25,30000.0,CE,NIFTY25SEP30000CE,30.05,30.25,26.2,28.4,29.25,29.8,24813.45,28.4,29475,3225,165,371603887.5,124,F1,75,,,,,
2025-05-21,2025-05-21,FO,NSE,IDO,64678,,NIFTY,,2025-09-25,2025-09-25,17000.0,CE,NIFTY25SEP17000CE,0.0,0.0,0.0,10410.55,0.0,10410.55,24813.45,8202.9,0,0,0,0.0,0,F1,75,,,,,
2025-05-21,2025-05-21,FO,NSE,IDO,55863,,NIFTY,,2025-07-31,2025-07-31,26350.0,CE,NIFTY25JUL26350CE,0.0,0.0,0.0,295.9,0.0,295.9,24813.45,324.55,0,0,0,0.0,0,F1,75,,,,,
2025-05-21,2025-05-21,FO,NSE,IDO,55801,,NIFTY,,2025-07-31,2025-07-31,25050.0,CE,NIFTY25JUL25050CE,683.75,683.75,683.75,683.75,683.75,749.5,24813.45,805.85,2475,75,1,1930031.25,1,F1,75,,,,,
2025-05-21,2025-05-21,FO,NSE,IDO,55753,,NIFTY,,2025-07-31,2025-07-31,23900.0,CE,NIFTY25JUL23900CE,1457.85,1457.85,1457.85,1457.85,1457.85,1630.35,24813.45,1510.1,1425,0,1,1901838.75,1,F1,75,,,,,
2025-05-21,2025-05-21,FO,NSE,IDO,55693,,NIFTY,,2025-07-31,2025-07-31,22800.0,CE,NIFTY25JUL22800CE,2343.8,2343.8,2343.8,2343.8,2343.8,2248.25,24813.45,2343.8,450,75,1,1885785.0,1,F1,75,,,,,
2025-05-21,2025-05-21,FO,NSE,IDO,62425,,NIFTY,,2025-06-26,2025-06-26,25600.0,CE,NIFTY25JUN25600CE,191.95,263.05,177.1,199.2,190.8,186.35,24813.45,199.2,111525,17175,2835,5489500065.0,1909,F1,75,,,,,
2025-05-21,2025-05-21,FO,NSE,IDO,62381,,NIFTY,,2025-06-26,2025-06-26,24650.0,CE,NIFTY25JUN24650CE,604.0,776.6,602.0,643.65,633.55,612.15,24813.45,643.65,24675,3525,195,370068367.5,106,F1,75,,,,,
2025-05-21,2025-05-21,FO,NSE,IDO,62373,,NIFTY,,2025-06-26,2025-06-26,24450.0,CE,NIFTY25JUN24450CE,907.05,907.05,762.7,773.65,773.65,744.65,24813.45,773.65,5625,75,38,71924062.5,18,F1,75,,,,,
2025-05-21,2025-05-21,FO,NSE,IDO,62149,,NIFTY,,2025-06-26,2025-06-26,21650.0,CE,NIFTY25JUN21650CE,3294.2,3294.2,3294.2,3294.2,3294.2,3549.3,24813.45,3294.2,1725,75,1,1870815.0,1,F1,75,,,,,
2025-05-21,2025-05-21,FO,NSE,IDO,49208,,NIFTY,,2025-05-22,2025-05-22,24550.0,CE,NIFTY2552224550CE,193.95,450.0,193.95,272.8,259.0,230.65,24813.45,272.8,161025,16725,75094,139829654786.25,56374,F1,75,,,,,
2025-05-21,2025-05-21,FO,NSE,IDO,49212,,NIFTY,,2025-05-22,2025-05-22,24650.0,CE,NIFTY2552224650CE,180.0,363.6,139.6,196.2,187.2,161.9,24813.45,196.2,575550,-222375,474853,885147332396.25,328704,F1,75,,,,,
2025-05-21,2025-05-21,FO,NSE,IDO,49214,,NIFTY,,2025-05-22,2025-05-22,24700.0,CE,NIFTY2552224700CE,139.7,321.8,114.0,163.3,154.1,133.05,24813.45,163.3,2528550,-1096800,2241270,4180913445146.25,1375113,F1,75,,,,,
2025-05-21,2025-05-21,FO,NSE,IDO,49267,,NIFTY,,2025-05-22,2025-05-22,25250.0,CE,NIFTY2552225250CE,18.0,42.3,9.15,11.3,9.7,16.35,24813.45,11.3,3376275,454575,1612100,3055229208592.5,567910,F1,75,,,,,
2025-05-21,2025-05-21,FO,NSE,IDO,49291,,NIFTY,,2025-05-22,2025-05-22,25400.0,CE,NIFTY2552225400CE,8.45,21.1,3.75,4.7,4.05,10.0,24813.45,4.7,7194525,1002600,2027206,3863210714925.0,578727,F1,75,,,,,
2025-05-21,2025-05-21,FO,NSE,IDO,49341,,NIFTY,,2025-05-22,2025-05-22,26250.0,CE,NIFTY2552226250CE,1.25,1.35,0.8,0.85,0.95,1.9,24813.45,0.85,1223400,91725,82083,161606665421.25,15378,F1,75,,,,,
2025-05-21,2025-05-21,FO,NSE,IDO,49356,,NIFTY,,2025-05-22,2025-05-22,26550.0,CE,NIFTY2552226550CE,1.15,1.25,0.65,0.8,0.75,1.6,24813.45,0.8,596925,-149175,42150,83933784945.0,6888,F1,75,,,,,
2025-05-21,2025-05-21,FO,NSE,IDO,61335,,NIFTY,,2025-05-29,2025-05-29,20650.0,CE,NIFTY25MAY20650CE,4129.0,4286.6,4129.0,4286.6,4286.6,3440.7,24813.45,4192.5,1575,-75,2,3728670.0,2,F1,75,,,,,
2025-05-21,2025-05-21,FO,NSE,IDO,61355,,NIFTY,,2025-05-29,2025-05-29,21000.0,CE,NIFTY25MAY21000CE,3794.05,3995.0,3735.0,3848.25,3836.0,3767.95,24813.45,3848.25,489375,-3225,65,121404018.75,46,F1,75,,,,,
2025-05-21,2025-05-21,FO,NSE,IDO,61493,,NIFTY,,2025-05-29,2025-05-29,22200.0,CE,NIFTY25MAY22200CE,2555.0,2705.0,2555.0,2612.05,2612.0,2578.0,24813.45,2612.05,27675,975,45,83815477.5,43,F1,75,,,,,
2025-05-21,2025-05-21,FO,NSE,IDO,61663,,NIFTY,,2025-05-29,2025-05-29,24000.0,CE,NIFTY25MAY24000CE,837.05,1041.75,779.15,864.2,855.0,818.1,24813.45,864.2,2227050,-2925,7115,13282464941.25,4196,F1,75,,,,,
2025-05-21,2025-05-21,FO,NSE,IDO,61685,,NIFTY,,2025-05-29,2025-05-29,24550.0,CE,NIFTY25MAY24550CE,375.25,557.05,346.65,402.15,398.25,374.7,24813.45,402.15,77100,-2550,2204,4127856198.75,1650,F1,75,,,,,
2025-05-21,2025-05-21,FO,NSE,IDO,61689,,NIFTY,,2025-05-29,2025-05-29,24650.0,CE,NIFTY25MAY24650CE,321.15,482.95,283.4,334.85,332.1,308.9,24813.45,334.85,174225,-11775,8923,16729603383.75,6129,F1,75,,,,,
2025-05-21,2025-05-21,FO,NSE,IDO,61755,,NIFTY,,2025-05-29,2025-05-29,25000.0,CE,NIFTY25MAY25000CE,141.5,253.8,121.1,154.0,148.55,139.25,24813.45,154.0,6951525,-155625,328760,620763310916.25,195321,F1,75,,,,,
2025-05-21,2025-05-21,FO,NSE,IDO,61765,,NIFTY,,2025-05-29,2025-05-29,25250.0,CE,NIFTY25MAY25250CE,70.05,141.0,59.0,77.1,73.1,72.6,24813.45,77.1,350550,92700,49273,93645493983.75,33125,F1,75,,,,,
2025-05-21,2025-05-21,FO,NSE,IDO,61775,,NIFTY,,2025-05-29,2025-05-29,25450.0,CE,NIFTY25MAY25450CE,43.75,80.45,32.15,41.35,40.25,41.7,24813.45,41.35,526125,61350,35525,67941227838.75,24082,F1,75,,,,,
2025-05-21,2025-05-21,FO,NSE,IDO,61777,,NIFTY,,2025-05-29,2025-05-29,25500.0,CE,NIFTY25MAY25500CE,38.05,69.3,27.55,35.55,34.0,36.4,24813.45,35.55,4133325,93975,214217,410404614476.25,109941,F1,75,,,,,
2025-05-21,2025-05-21,FO,NSE,IDO,61831,,NIFTY,,2025-05-29,2025-05-29,26600.0,CE,NIFTY25MAY26600CE,2.75,2.75,1.55,1.65,1.55,2.95,24813.45,1.65,1331775,29400,57089,113900165471.25,10563,F1,75,,,,,
2025-05-21,2025-05-21,FO,NSE,IDO,40405,,NIFTY,,2025-06-05,2025-06-05,23300.0,CE,NIFTY2560523300CE,1540.0,1572.0,1540.0,1572.0,1572.0,1840.6,24813.45,1585.65,900,600,8,14918400.0,3,F1,75,,,,,
2025-05-21,2025-05-21,FO,NSE,IDO,40467,,NIFTY,,2025-06-05,2025-06-05,24500.0,CE,NIFTY2560524500CE,523.7,683.0,476.0,535.7,524.3,498.8,24813.45,535.7,81300,32625,1980,3721878937.5,1504,F1,75,,,,,
2025-05-21,2025-05-21,FO,NSE,IDO,40471,,NIFTY,,2025-06-05,2025-06-05,24600.0,CE,NIFTY2560524600CE,438.95,606.3,413.55,468.7,457.65,430.35,24813.45,468.7,43725,11325,951,1790160993.75,679,F1,75,,,,,
2025-05-21,2025-05-21,FO,NSE,IDO,40477,,NIFTY,,2025-06-05,2025-06-05,24750.0,CE,NIFTY2560524750CE,348.05,497.2,325.0,370.75,362.95,348.0,24813.45,370.75,16275,-3225,1278,2409419325.0,819,F1,75,,,,,
2025-05-21,2025-05-21,FO,NSE,IDO,44748,,NIFTY,,2025-06-12,2025-06-12,22850.0,CE,NIFTY2561222850CE,0.0,0.0,0.0,1627.05,0.0,1627.05,24813.45,2060.2,0,0,0,0.0,0,F1,75,,,,,
2025-05-21,2025-05-21,FO,NSE,IDO,44768,,NIFTY,,2025-06-12,2025-06-12,23250.0,CE,NIFTY2561223250CE,0.0,0.0,0.0,1284.45,0.0,1284.45,24813.45,1676.95,0,0,0,0.0,0,F1,75,,,,,
2025-05-21,2025-05-21,FO,NSE,IDO,44858,,NIFTY,,2025-06-12,2025-06-12,24850.0,CE,NIFTY2561224850CE,374.8,508.5,350.0,393.75,382.5,372.45,24813.45,393.75,9900,2025,59,111748061.25,49,F1,75,,,,,
2025-05-21,2025-05-21,FO,NSE,IDO,44882,,NIFTY,,2025-06-12,2025-06-12,25350.0,CE,NIFTY2561225350CE,194.35,201.4,170.65,192.3,192.3,179.55,24813.45,244.6,4725,4725,63,120660416.25,23,F1,75,,,,,
2025-05-21,2025-05-21,FO,NSE,IDO,44896,,NIFTY,,2025-06-12,2025-06-12,25600.0,CE,NIFTY2561225600CE,125.0,165.8,100.45,116.3,110.35,109.25,24813.45,116.3,10500,4875,167,322282380.0,85,F1,75,,,,,
2025-05-21,2025-05-21,FO,NSE,IDO,44922,,NIFTY,,2025-06-12,2025-06-12,26250.0,CE,NIFTY2561226250CE,0.0,0.0,0.0,78.5,78.5,78.5,24813.45,59.0,300,0,0,0.0,0,F1,75,,,,,
2025-05-21,2025-05-21,FO,NSE,IDO,44940,,NIFTY,,2025-06-12,2025-06-12,26650.0,CE,NIFTY2561226650CE,16.8,16.8,12.0,12.05,12.0,22.65,24813.45,12.05,12225,2550,84,167978621.25,29,F1,75,,,,,
2025-05-21,2025-05-21,FO,NSE,IDO,50863,,NIFTY,,2025-06-19,2025-06-19,23100.0,CE,NIFTY2561923100CE,0.0,0.0,0.0,2139.3,0.0,2139.3,24813.45,1861.55,0,0,0,0.0,0,F1,75,,,,,
2025-05-21,2025-05-21,FO,NSE,IDO,50875,,NIFTY,,2025-06-19,2025-06-19,23150.0,CE,NIFTY2561923150CE,0.0,0.0,0.0,2092.55,0.0,2092.55,24813.45,1815.1,0,0,0,0.0,0,F1,75,,,,,
2025-05-21,2025-05-21,FO,NSE,IDO,50883,,NIFTY,,2025-06-19,2025-06-19,23300.0,CE,NIFTY2561923300CE,0.0,0.0,0.0,1953.75,0.0,1953.75,24813.45,1677.5,0,0,0,0.0,0,F1,75,,,,,
2025-05-21,2025-05-21,FO,NSE,IDO,50917,,NIFTY,,2025-06-19,2025-06-19,23550.0,CE,NIFTY2561923550CE,0.0,0.0,0.0,1728.25,0.0,1728.25,24813.45,1455.35,0,0,0,0.0,0,F1,75,,,,,
2025-05-21,2025-05-21,FO,NSE,IDO,55844,,NIFTY,,2025-07-31,2025-07-31,25900.0,CE,NIFTY25JUL25900CE,282.3,350.3,282.3,296.15,291.3,278.5,24813.45,296.15,3675,525,25,49141147.5,24,F1,75,,,,,
2025-05-21,2025-05-21,FO,NSE,IDO,55857,,NIFTY,,2025-07-31,2025-07-31,26200.0,CE,NIFTY25JUL26200CE,182.45,265.0,182.45,214.1,208.7,201.45,24813.45,214.1,26250,1950,141,279485872.5,120,F1,75,,,,,
2025-05-21,2025-05-21,FO,NSE,IDO,55867,,NIFTY,,2025-07-31,2025-07-31,26450.0,CE,NIFTY25JUL26450CE,0.0,0.0,0.0,275.2,0.0,275.2,24813.45,301.05,0,0,0,0.0,0,F1,75,,,,,
2025-05-21,2025-05-21,FO,NSE,IDO,50881,,NIFTY,,2025-06-19,2025-06-19,23250.0,CE,NIFTY2561923250CE,0.0,0.0,0.0,1999.75,0.0,1999.75,24813.45,1723.05,0,0,0,0.0,0,F1,75,,,,,
2025-05-21,2025-05-21,FO,NSE,IDO,50985,,NIFTY,,2025-06-19,2025-06-19,24450.0,CE,NIFTY2561924450CE,0.0,0.0,0.0,1005.75,0.0,1005.75,24813.45,765.8,0,0,0,0.0,0,F1,75,,,,,
2025-05-21,2025-05-21,FO,NSE,IDO,50989,,NIFTY,,2025-06-19,2025-06-19,24500.0,CE,NIFTY2561924500CE,695.8,764.3,687.0,687.0,687.0,865.0,24813.45,687.0,1350,-225,28,52964943.75,20,F1,75,,,,,
2025-05-21,2025-05-21,FO,NSE,IDO,51045,,NIFTY,,2025-06-19,2025-06-19,25750.0,CE,NIFTY2561925750CE,0.0,0.0,0.0,251.0,251.0,251.0,24813.45,194.75,75,0,0,0.0,0,F1,75,,,,,
2025-05-21,2025-05-21,FO,NSE,IDO,51051,,NIFTY,,2025-06-19,2025-06-19,25900.0,CE,NIFTY2561925900CE,119.75,129.15,116.5,116.5,116.5,126.05,24813.45,159.25,1425,600,9,17567786.25,5,F1,75,,,,,
2025-05-21,2025-05-21,FO,NSE,IDO,51061,,NIFTY,,2025-06-19,2025-06-19,26150.0,CE,NIFTY2561926150CE,0.0,0.0,0.0,212.65,0.0,212.65,24813.45,112.6,0,0,0,0.0,0,F1,75,,,,,
2025-05-21,2025-05-21,FO,NSE,IDO,55119,,NIFTY,,2025-06-26,2025-06-26,18000.0,CE,NIFTY25JUN18000CE,6933.0,6933.0,6825.0,6825.0,6825.0,6813.8,24813.45,6931.3,91375,-75,3,5601825.0,3,F1,75,,,,,
2025-05-21,2025-05-21,FO,NSE,IDO,62141,,NIFTY,,2025-06-26,2025-06-26,21450.0,CE,NIFTY25JUN21450CE,0.0,0.0,0.0,3745.95,3746.5,3745.95,24813.45,3504.95,1500,0,0,0.0,0,F1,75,,,,,
2025-05-21,2025-05-21,FO,NSE,IDO,62145,,NIFTY,,2025-06-26,2025-06-26,21550.0,CE,NIFTY25JUN21550CE,0.0,0.0,0.0,3647.3,3647.6,3647.3,24813.45,3405.95,1500,0,0,0.0,0,F1,75,,,,,
2025-05-21,2025-05-21,FO,NSE,IDO,62163,,NIFTY,,2025-06-26,2025-06-26,21800.0,CE,NIFTY25JUN21800CE,3240.0,3250.0,3240.0,3250.0,3250.0,3380.0,24813.45,3158.95,2175,150,2,3756750.0,2,F1,75,,,,,
2025-05-21,2025-05-21,FO,NSE,IDO,62165,,NIFTY,,2025-06-26,2025-06-26,21850.0,CE,NIFTY25JUN21850CE,3099.55,3099.55,3099.55,3099.55,3099.55,3355.2,24813.45,3099.55,1350,75,1,1871216.25,1,F1,75,,,,,
2025-05-21,2025-05-21,FO,NSE,IDO,58618,,NIFTY,,2025-06-26,2025-06-26,22000.0,CE,NIFTY25JUN22000CE,2875.0,3111.3,2859.95,2929.95,2920.0,2893.45,24813.45,2929.95,540225,3450,198,370733921.25,153,F1,75,,,,,
2025-05-21,2025-05-21,FO,NSE,IDO,62189,,NIFTY,,2025-06-26,2025-06-26,22250.0,CE,NIFTY25JUN22250CE,2712.8,2712.8,2712.8,2712.8,2712.8,2966.4,24813.45,2712.8,1425,75,1,1872210.0,1,F1,75,,,,,
2025-05-21,2025-05-21,FO,NSE,IDO,49186,,NIFTY,,2025-05-22,2025-05-22,24100.0,CE,NIFTY2552224100CE,649.95,874.65,585.8,692.2,675.75,638.7,24813.45,692.2,45900,-19425,1347,2505710756.25,1004,F1,75,,,,,
2025-05-21,2025-05-21,FO,NSE,IDO,49228,,NIFTY,,2025-05-22,2025-05-22,24900.0,CE,NIFTY2552224900CE,58.6,174.85,45.6,68.65,64.0,58.6,24813.45,68.65,5652525,-1364175,4912360,9208528437731.25,2550999,F1,75,,,,,
2025-05-21,2025-05-21,FO,NSE,IDO,61323,,NIFTY,,2025-05-29,2025-05-29,20400.0,CE,NIFTY25MAY20400CE,4375.15,4375.15,4337.5,4337.5,4337.5,4319.0,24813.45,4442.15,1650,-75,2,3713448.75,2,F1,75,,,,,
2025-05-21,2025-05-21,FO,NSE,IDO,61360,,NIFTY,,2025-05-29,2025-05-29,21100.0,CE,NIFTY25MAY21100CE,3749.65,3749.65,3742.25,3742.25,3742.25,3884.5,24813.45,3742.25,3975,0,2,3726892.5,2,F1,75,,,,,
2025-05-21,2025-05-21,FO,NSE,IDO,61495,,NIFTY,,2025-05-29,2025-05-29,22250.0,CE,NIFTY25MAY22250CE,2705.2,2705.2,2592.7,2592.7,2592.7,2838.35,24813.45,2592.7,3150,150,3,5603947.5,3,F1,75,,,,,
2025-05-21,2025-05-21,FO,NSE,IDO,61749,,NIFTY,,2029-12-27,2029-12-27,24000.0,PE,NIFTY29DEC24000PE,0.0,0.0,0.0,625.5,0.0,625.5,24813.45,773.8,0,0,0,0.0,0,F1,75,,,,,
2025-05-21,2025-05-21,FO,NSE,IDO,89641,,NIFTY,,2029-06-28,2029-06-28,29000.0,PE,NIFTY29JUN29000PE,0.0,0.0,0.0,1746.95,0.0,1746.95,24813.45,2097.95,0,0,0,0.0,0,F1,75,,,,,
2025-05-21,2025-05-21,FO,NSE,IDO,89611,,NIFTY,,2029-06-28,2029-06-28,17000.0,PE,NIFTY29JUN17000PE,0.0,0.0,0.0,79.3,0.0,79.3,24813.45,81.6,0,0,0,0.0,0,F1,75,,,,,
2025-05-21,2025-05-21,FO,NSE,IDO,67795,,NIFTY,,2028-12-28,2028-12-28,30000.0,PE,NIFTY28DEC30000PE,0.0,0.0,0.0,2352.75,0.0,2352.75,24813.45,2618.6,0,0,0,0.0,0,F1,75,,,,,
2025-05-21,2025-05-21,FO,NSE,IDO,86166,,NIFTY,,2028-06-29,2028-06-29,28000.0,PE,NIFTY28JUN28000PE,0.0,0.0,0.0,3161.35,0.0,3161.35,24813.45,2002.15,0,0,0,0.0,0,F1,75,,,,,
2025-05-21,2025-05-21,FO,NSE,IDO,53619,,NIFTY,,2027-12-30,2027-12-30,23000.0,PE,NIFTY27DEC23000PE,0.0,0.0,0.0,700.05,700.05,700.05,24813.45,637.7,2025,0,0,0.0,0,F1,75,,,,,
2025-05-21,2025-05-21,FO,NSE,IDO,53617,,NIFTY,,2027-12-30,2027-12-30,22000.0,PE,NIFTY27DEC22000PE,0.0,0.0,0.0,485.7,485.7,485.7,24813.45,464.4,100,0,0,0.0,0,F1,75,,,,,
2025-05-21,2025-05-21,FO,NSE,IDO,35263,,NIFTY,,2027-06-24,2027-06-24,30000.0,PE,NIFTY27JUN30000PE,0.0,0.0,0.0,4562.55,0.0,4562.55,24813.45,3254.65,0,0,0,0.0,0,F1,75,,,,,
2025-05-21,2025-05-21,FO,NSE,IDO,71561,,NIFTY,,2027-06-24,2027-06-24,24000.0,PE,NIFTY27JUN24000PE,0.0,0.0,0.0,5056.2,0.0,5056.2,24813.45,845.2,0,0,0,0.0,0,F1,75,,,,,
2025-05-21,2025-05-21,FO,NSE,IDO,71548,,NIFTY,,2027-06-24,2027-06-24,18000.0,PE,NIFTY27JUN18000PE,0.0,0.0,0.0,48.55,48.55,48.55,24813.45,67.7,25,0,0,0.0,0,F1,75,,,,,
2025-05-21,2025-05-21,FO,NSE,IDO,71506,,NIFTY,,2026-12-31,2026-12-31,26000.0,PE,NIFTY26DEC26000PE,1337.0,1337.0,1298.0,1337.0,1337.0,1337.0,24813.45,1337.0,9100,25,6,12294900.0,6,F1,75,,,,,
2025-05-21,2025-05-21,FO,NSE,IDO,61501,,NIFTY,,2025-05-29,2025-05-29,22400.0,CE,NIFTY25MAY22400CE,2397.25,2564.0,2390.2,2432.65,2413.45,2361.0,24813.45,2432.65,28275,-75,24,44738085.0,22,F1,75,,,,,
2025-05-21,2025-05-21,FO,NSE,IDO,61505,,NIFTY,,2025-05-29,2025-05-29,22500.0,CE,NIFTY25MAY22500CE,2285.05,2510.5,2251.6,2331.2,2316.75,2281.65,24813.45,2331.2,552075,-16200,358,667442928.75,314,F1,75,,,,,
2025-05-21,2025-05-21,FO,NSE,IDO,61621,,NIFTY,,2025-05-29,2025-05-29,23950.0,CE,NIFTY25MAY23950CE,834.45,1042.75,834.45,930.0,930.0,860.55,24813.45,919.3,25275,150,41,76462470.0,37,F1,75,,,,,
2025-05-21,2025-05-21,FO,NSE,IDO,61669,,NIFTY,,2025-05-29,2025-05-29,24150.0,CE,NIFTY25MAY24150CE,672.1,868.95,665.6,724.0,724.0,682.7,24813.45,740.95,40650,900,48,89489328.75,33,F1,75,,,,,
2025-05-21,2025-05-21,FO,NSE,IDO,61687,,NIFTY,,2025-05-29,2025-05-29,24600.0,CE,NIFTY25MAY24600CE,325.05,524.65,314.6,370.7,364.8,340.4,24813.45,370.7,964875,-209400,26150,49011303611.25,20336,F1,75,,,,,
2025-05-21,2025-05-21,FO,NSE,IDO,61691,,NIFTY,,2025-05-29,2025-05-29,24700.0,CE,NIFTY25MAY24700CE,296.5,451.3,255.0,304.5,297.15,281.05,24813.45,304.5,1609050,-121575,107248,201286080652.5,69077,F1,75,,,,,
2025-05-21,2025-05-21,FO,NSE,IDO,40345,,NIFTY,,2025-06-05,2025-06-05,22250.0,CE,NIFTY2560522250CE,0.0,0.0,0.0,2243.4,0.0,2243.4,24813.45,2622.3,0,0,0,0.0,0,F1,75,,,,,
2025-05-21,2025-05-21,FO,NSE,IDO,62197,,NIFTY,,2025-06-26,2025-06-26,22450.0,CE,NIFTY25JUN22450CE,2512.55,2512.55,2512.55,2512.55,2512.55,2755.0,24813.45,2512.55,1725,75,1,1872191.25,1,F1,75,,,,,
2025-05-21,2025-05-21,FO,NSE,IDO,62201,,NIFTY,,2025-06-26,2025-06-26,22550.0,CE,NIFTY25JUN22550CE,2425.0,2425.0,2425.0,2425.0,2425.0,2676.85,24813.45,2425.0,1275,75,1,1873125.0,1,F1,75,,,,,
2025-05-21,2025-05-21,FO,NSE,IDO,44870,,NIFTY,,2025-06-12,2025-06-12,25100.0,CE,NIFTY2561225100CE,255.0,358.6,247.85,267.4,264.1,258.35,24813.45,267.4,8700,1650,225,428743068.75,197,F1,75,,,,,
2025-05-21,2025-05-21,FO,NSE,IDO,44898,,NIFTY,,2025-06-12,2025-06-12,25650.0,CE,NIFTY2561225650CE,111.05,112.55,104.3,109.3,104.3,144.55,24813.45,109.3,750,300,6,11591688.75,5,F1,75,,,,,
2025-05-21,2025-05-21,FO,NSE,IDO,44868,,NIFTY,,2025-06-12,2025-06-12,25050.0,CE,NIFTY2561225050CE,340.95,340.95,310.1,310.1,310.1,258.85,24813.45,359.9,375,375,5,9514728.75,4,F1,75,,,,,
2025-05-21,2025-05-21,FO,NSE,IDO,44832,,NIFTY,,2025-06-12,2025-06-12,24400.0,CE,NIFTY2561224400CE,630.0,707.1,629.75,663.55,655.75,641.0,24813.45,663.55,1200,450,21,39484653.75,18,F1,75,,,,,
2025-05-21,2025-05-21,FO,NSE,IDO,44740,,NIFTY,,2025-06-12,2025-06-12,22700.0,CE,NIFTY2561222700CE,0.0,0.0,0.0,1762.3,0.0,1762.3,24813.45,2206.7,0,0,0,0.0,0,F1,75,,,,,
2025-05-21,2025-05-21,FO,NSE,IDO,44726,,NIFTY,,2025-06-12,2025-06-12,22450.0,CE,NIFTY2561222450CE,0.0,0.0,0.0,1993.85,0.0,1993.85,24813.45,2452.75,0,0,0,0.0,0,F1,75,,,,,
2025-05-21,2025-05-21,FO,NSE,IDO,62337,,NIFTY,,2025-06-26,2025-06-26,23700.0,CE,NIFTY25JUN23700CE,1352.4,1503.0,1351.05,1370.2,1370.2,1319.0,24813.45,1389.25,20700,-900,35,65893638.75,27,F1,75,,,,,
2025-05-21,2025-05-21,FO,NSE,IDO,62359,,NIFTY,,2025-06-26,2025-06-26,24200.0,CE,NIFTY25JUN24200CE,913.95,1112.6,897.15,958.75,945.0,919.75,24813.45,958.75,59700,3900,329,621532398.75,223,F1,75,,,,,
2025-05-21,2025-05-21,FO,NSE,IDO,58637,,NIFTY,,2026-12-31,2026-12-31,16000.0,PE,NIFTY26DEC16000PE,0.0,0.0,0.0,23.3,23.3,23.3,24813.45,9.55,2425,0,0,0.0,0,F1,75,,,,,
2025-05-21,2025-05-21,FO,NSE,IDO,71475,,NIFTY,,2026-06-25,2026-06-25,25000.0,PE,NIFTY26JUN25000PE,0.0,0.0,0.0,860.05,860.05,860.05,24813.45,1076.7,300,0,0,0.0,0,F1,75,,,,,
2025-05-21,2025-05-21,FO,NSE,IDO,55795,,NIFTY,,2025-07-31,2025-07-31,24900.0,CE,NIFTY25JUL24900CE,709.0,874.1,700.25,751.5,724.45,713.95,24813.45,751.5,25050,19200,420,810528648.75,371,F1,75,,,,,
2025-05-21,2025-05-21,FO,NSE,IDO,55781,,NIFTY,,2025-07-31,2025-07-31,24550.0,CE,NIFTY25JUL24550CE,986.5,986.5,986.5,986.5,986.5,915.35,24813.45,1079.35,600,75,1,1915237.5,1,F1,75,,,,,
2025-05-21,2025-05-21,FO,NSE,IDO,50969,,NIFTY,,2025-06-26,2025-06-26,27000.0,CE,NIFTY25JUN27000CE,20.0,24.45,18.0,19.2,18.7,20.25,24813.45,19.2,1712900,76275,16271,32973581816.25,7978,F1,75,,,,,
2025-05-21,2025-05-21,FO,NSE,IDO,62465,,NIFTY,,2025-06-26,2025-06-26,26300.0,CE,NIFTY25JUN26300CE,61.65,84.0,53.7,61.55,60.0,58.7,24813.45,61.55,191250,9975,5571,11016681153.75,3261,F1,75,,,,,
2025-05-21,2025-05-21,FO,NSE,IDO,62409,,NIFTY,,2025-06-26,2025-06-26,25250.0,CE,NIFTY25JUN25250CE,294.55,412.0,294.55,323.95,318.55,306.7,24813.45,323.95,17400,2625,224,430034291.25,124,F1,75,,,,,
2025-05-21,2025-05-21,FO,NSE,IDO,62355,,NIFTY,,2025-06-26,2025-06-26,24150.0,CE,NIFTY25JUN24150CE,967.6,1039.05,967.6,1023.9,1023.9,1158.55,24813.45,1042.9,3900,-150,4,7549166.25,4,F1,75,,,,,
2025-05-21,2025-05-21,FO,NSE,IDO,62347,,NIFTY,,2025-06-26,2025-06-26,23900.0,CE,NIFTY25JUN23900CE,1236.0,1258.0,1236.0,1258.0,1258.0,1157.1,24813.45,1229.8,8850,150,2,3772050.0,2,F1,75,,,,,
2025-05-21,2025-05-21,FO,NSE,IDO,62335,,NIFTY,,2025-06-26,2025-06-26,23650.0,CE,NIFTY25JUN23650CE,1434.25,1434.25,1434.25,1434.25,1434.25,1612.7,24813.45,1430.35,600,-75,1,1881318.75,1,F1,75,,,,,
2025-05-21,2025-05-21,FO,NSE,IDO,37749,,NIFTY,,2025-06-26,2025-06-26,23000.0,CE,NIFTY25JUN23000CE,1923.55,2165.05,1901.0,1992.05,1978.7,1943.2,24813.45,1992.05,1340075,300,1595,2994026951.25,1147,F1,75,,,,,
2025-05-21,2025-05-21,FO,NSE,IDO,62259,,NIFTY,,2025-06-26,2025-06-26,22950.0,CE,NIFTY25JUN22950CE,2048.25,2048.25,2048.25,2048.25,2048.25,2287.55,24813.45,2048.75,1875,75,1,1874868.75,1,F1,75,,,,,
2025-05-21,2025-05-21,FO,NSE,IDO,62211,,NIFTY,,2025-06-26,2025-06-26,22800.0,CE,NIFTY25JUN22800CE,2100.0,2150.0,2100.0,2150.0,2150.0,2395.3,24813.45,2189.1,5175,225,3,5606250.0,3,F1,75,,,,,
2025-05-21,2025-05-21,FO,NSE,IDO,38373,,NIFTY,,2025-06-26,2025-06-26,20000.0,CE,NIFTY25JUN20000CE,4815.0,5074.95,4815.0,4900.55,4880.5,4842.4,24813.45,4900.55,453675,675,84,157041356.25,71,F1,75,,,,,
2025-05-21,2025-05-21,FO,NSE,IDO,39982,,NIFTY,,2025-06-26,2025-06-26,19000.0,CE,NIFTY25JUN19000CE,5950.0,5950.0,5879.0,5880.0,5880.0,5821.35,24813.45,5880.0,174525,-525,9,16804522.5,7,F1,75,,,,,
2025-05-21,2025-05-21,FO,NSE,IDO,51077,,NIFTY,,2025-06-19,2025-06-19,26500.0,CE,NIFTY2561926500CE,30.95,39.95,25.85,28.5,27.4,31.2,24813.45,28.5,15975,7875,243,483537547.5,136,F1,75,,,,,
2025-05-21,2025-05-21,FO,NSE,IDO,51015,,NIFTY,,2025-06-19,2025-06-19,25100.0,CE,NIFTY2561925100CE,0.0,0.0,0.0,606.75,0.0,606.75,24813.45,414.15,0,0,0,0.0,0,F1,75,,,,,
2025-05-21,2025-05-21,FO,NSE,IDO,61772,,NIFTY,,2029-12-27,2029-12-27,25000.0,CE,NIFTY29DEC25000CE,0.0,0.0,0.0,7196.25,0.0,7196.25,24813.45,7378.1,0,0,0,0.0,0,F1,75,,,,,
2025-05-21,2025-05-21,FO,NSE,IDO,49086,,NIFTY,,2025-05-22,2025-05-22,22200.0,PE,NIFTY2552222200PE,0.45,0.6,0.15,0.2,0.15,0.5,24813.45,0.2,1007100,20325,185058,308126228831.25,19363,F1,75,,,,,
2025-05-21,2025-05-21,FO,NSE,IDO,49106,,NIFTY,,2025-05-22,2025-05-22,22650.0,PE,NIFTY2552222650PE,0.6,0.7,0.2,0.25,0.2,0.6,24813.45,0.25,129000,8250,13088,22233666427.5,2425,F1,75,,,,,
2025-05-21,2025-05-21,FO,NSE,IDO,49110,,NIFTY,,2025-05-22,2025-05-22,22750.0,PE,NIFTY2552222750PE,0.6,0.7,0.2,0.3,0.25,0.65,24813.45,0.3,178200,-16050,13221,22558809892.5,2944,F1,75,,,,,
2025-05-21,2025-05-21,FO,NSE,IDO,61482,,NIFTY,,2025-05-29,2025-05-29,21900.0,PE,NIFTY25MAY21900PE,3.95,3.95,3.05,3.25,3.35,4.4,24813.45,3.25,342300,7575,4987,8192398432.5,2714,F1,75,,,,,
2025-05-21,2025-05-21,FO,NSE,IDO,61484,,NIFTY,,2025-05-29,2025-05-29,21950.0,PE,NIFTY25MAY21950PE,3.7,3.75,3.05,3.25,3.1,4.2,24813.45,3.25,15225,-150,182,299664472.5,152,F1,75,,,,,
2025-05-21,2025-05-21,FO,NSE,IDO,61554,,NIFTY,,2025-05-29,2025-05-29,23700.0,PE,NIFTY25MAY23700PE,22.6,29.95,15.8,18.1,18.05,24.1,24813.45,18.1,847050,-47250,40508,72065480471.25,23677,F1,75,,,,,
2025-05-21,2025-05-21,FO,NSE,IDO,61692,,NIFTY,,2025-05-29,2025-05-29,24700.0,PE,NIFTY25MAY24700PE,201.05,231.0,127.7,176.8,178.35,206.95,24813.45,176.8,2683650,353325,179358,334655481945.0,108180,F1,75,,,,,
2025-05-21,2025-05-21,FO,NSE,IDO,61726,,NIFTY,,2025-05-29,2025-05-29,24800.0,PE,NIFTY25MAY24800PE,248.85,278.8,156.65,218.25,222.0,251.25,24813.45,218.25,2916750,1161900,259611,487102228818.75,155592,F1,75,,,,,
2025-05-21,2025-05-21,FO,NSE,IDO,61810,,NIFTY,,2025-05-29,2025-05-29,26200.0,PE,NIFTY25MAY26200PE,1354.65,1387.1,1354.55,1387.1,1387.1,1430.65,24813.45,1387.1,2550,-300,5,10340287.5,4,F1,75,,,,,
2025-05-21,2025-05-21,FO,NSE,IDO,61824,,NIFTY,,2025-05-29,2025-05-29,26400.0,PE,NIFTY25MAY26400PE,1494.0,1603.15,1494.0,1551.35,1551.35,1639.8,24813.45,1551.6,2850,-150,8,16771687.5,8,F1,75,,,,,
2025-05-21,2025-05-21,FO,NSE,IDO,40350,,NIFTY,,2025-06-05,2025-06-05,22350.0,PE,NIFTY2560522350PE,0.0,0.0,0.0,20.0,0.0,20.0,24813.45,0.3,0,0,0,0.0,0,F1,75,,,,,
2025-05-21,2025-05-21,FO,NSE,IDO,40354,,NIFTY,,2025-06-05,2025-06-05,22450.0,PE,NIFTY2560522450PE,0.0,0.0,0.0,24.65,0.0,24.65,24813.45,0.5,0,0,0,0.0,0,F1,75,,,,,
2025-05-21,2025-05-21,FO,NSE,IDO,40376,,NIFTY,,2025-06-05,2025-06-05,22800.0,PE,NIFTY2560522800PE,15.1,24.0,11.45,13.45,13.0,16.9,24813.45,13.45,12225,3900,435,744315195.0,219,F1,75,,,,,
2025-05-21,2025-05-21,FO,NSE,IDO,40394,,NIFTY,,2025-06-05,2025-06-05,23100.0,PE,NIFTY2560523100PE,26.9,26.9,17.0,20.45,20.1,25.4,24813.45,20.45,12675,8400,170,294780742.5,68,F1,75,,,,,
2025-05-21,2025-05-21,FO,NSE,IDO,50943,,NIFTY,,2025-06-19,2025-06-19,23800.0,CE,NIFTY2561923800CE,0.0,0.0,0.0,1511.75,0.0,1511.75,24813.45,1244.35,0,0,0,0.0,0,F1,75,,,,,
2025-05-21,2025-05-21,FO,NSE,IDO,44943,,NIFTY,,2025-06-12,2025-06-12,26700.0,CE,NIFTY2561226700CE,15.95,15.95,8.95,10.55,10.55,19.95,24813.45,24.75,675,600,12,24039993.75,10,F1,75,,,,,
2025-05-21,2025-05-21,FO,NSE,IDO,44938,,NIFTY,,2025-06-12,2025-06-12,26600.0,CE,NIFTY2561226600CE,16.0,18.95,12.3,13.9,13.9,16.75,24813.45,13.9,14850,-3300,69,137736397.5,35,F1,75,,,,,
2025-05-21,2025-05-21,FO,NSE,IDO,44910,,NIFTY,,2025-06-12,2025-06-12,25950.0,CE,NIFTY2561225950CE,89.25,91.1,81.15,81.15,81.15,78.65,24813.45,99.2,150,150,3,5858362.5,3,F1,75,,,,,
2025-05-21,2025-05-21,FO,NSE,IDO,44906,,NIFTY,,2025-06-12,2025-06-12,25850.0,CE,NIFTY2561225850CE,0.0,0.0,0.0,231.95,231.95,231.95,24813.45,116.75,75,0,0,0.0,0,F1,75,,,,,
2025-05-21,2025-05-21,FO,NSE,IDO,44904,,NIFTY,,2025-06-12,2025-06-12,25800.0,CE,NIFTY2561225800CE,64.25,111.1,64.25,78.1,77.85,75.8,24813.45,78.1,8325,6150,222,431126610.0,146,F1,75,,,,,
2025-05-21,2025-05-21,FO,NSE,IDO,44834,,NIFTY,,2025-06-12,2025-06-12,24450.0,CE,NIFTY2561224450CE,658.95,658.95,658.95,658.95,658.95,540.05,24813.45,689.05,150,75,1,1883171.25,1,F1,75,,,,,
2025-05-21,2025-05-21,FO,NSE,IDO,44758,,NIFTY,,2025-06-12,2025-06-12,23000.0,CE,NIFTY2561223000CE,0.0,0.0,0.0,1495.25,0.0,1495.25,24813.45,1915.0,0,0,0,0.0,0,F1,75,,,,,
2025-05-21,2025-05-21,FO,NSE,IDO,44732,,NIFTY,,2025-06-12,2025-06-12,22600.0,CE,NIFTY2561222600CE,0.0,0.0,0.0,1854.1,0.0,1854.1,24813.45,2304.85,0,0,0,0.0,0,F1,75,,,,,
2025-05-21,2025-05-21,FO,NSE,IDO,40577,,NIFTY,,2025-06-05,2025-06-05,26750.0,CE,NIFTY2560526750CE,6.0,7.1,4.0,4.4,4.2,8.25,24813.45,4.4,6300,4125,154,309026313.75,59,F1,75,,,,,
2025-05-21,2025-05-21,FO,NSE,IDO,40557,,NIFTY,,2025-06-05,2025-06-05,26450.0,CE,NIFTY2560526450CE,16.0,16.0,8.15,8.45,8.5,18.2,24813.45,8.45,7800,5325,180,357205582.5,78,F1,75,,,,,
2025-05-21,2025-05-21,FO,NSE,IDO,40527,,NIFTY,,2025-06-05,2025-06-05,25700.0,CE,NIFTY2560525700CE,50.7,85.8,45.9,53.25,52.95,54.3,24813.45,53.25,118125,48825,6019,11630279523.75,4092,F1,75,,,,,
2025-05-21,2025-05-21,FO,NSE,IDO,40505,,NIFTY,,2025-06-05,2025-06-05,25250.0,CE,NIFTY2560525250CE,137.95,222.5,128.8,148.8,145.6,141.85,24813.45,148.8,28425,1125,910,1735427835.0,673,F1,75,,,,,
2025-05-21,2025-05-21,FO,NSE,IDO,40503,,NIFTY,,2025-06-05,2025-06-05,25200.0,CE,NIFTY2560525200CE,160.55,242.55,138.75,164.75,161.3,156.75,24813.45,164.75,241800,74400,10735,20439255817.5,6411,F1,75,,,,,
2025-05-21,2025-05-21,FO,NSE,IDO,40409,,NIFTY,,2025-06-05,2025-06-05,23400.0,CE,NIFTY2560523400CE,1399.0,1399.0,1399.0,1399.0,1399.0,1439.0,24813.45,1489.75,750,75,1,1859925.0,1,F1,75,,,,,
2025-05-21,2025-05-21,FO,NSE,IDO,40389,,NIFTY,,2025-06-05,2025-06-05,23000.0,CE,NIFTY2560523000CE,1900.0,1900.0,1860.1,1860.1,1860.1,1798.0,24813.45,1878.05,375,75,2,3732007.5,2,F1,75,,,,,
2025-05-21,2025-05-21,FO,NSE,IDO,40359,,NIFTY,,2025-06-05,2025-06-05,22600.0,CE,NIFTY2560522600CE,2255.65,2255.65,2255.65,2255.65,2255.65,2148.45,24813.45,2255.65,225,75,1,1864173.75,1,F1,75,,,,,
2025-05-21,2025-05-21,FO,NSE,IDO,61807,,NIFTY,,2025-05-29,2025-05-29,26150.0,CE,NIFTY25MAY26150CE,6.85,7.1,3.7,3.95,3.8,6.9,24813.45,3.95,430200,300375,18231,35761992236.25,9062,F1,75,,,,,
2025-05-21,2025-05-21,FO,NSE,IDO,61761,,NIFTY,,2025-05-29,2025-05-29,25150.0,CE,NIFTY25MAY25150CE,97.5,180.0,79.7,104.45,100.4,95.1,24813.45,104.45,452850,155925,40871,77442194906.25,28806,F1,75,,,,,
2025-05-21,2025-05-21,FO,NSE,IDO,61561,,NIFTY,,2025-05-29,2025-05-29,23900.0,CE,NIFTY25MAY23900CE,899.95,1129.0,892.9,961.0,943.0,910.25,24813.45,961.0,161850,15150,550,1025503458.75,313,F1,75,,,,,
2025-05-21,2025-05-21,FO,NSE,IDO,61511,,NIFTY,,2025-05-29,2025-05-29,22650.0,CE,NIFTY25MAY22650CE,0.0,0.0,0.0,2129.75,2133.2,2129.75,24813.45,2195.35,7350,0,0,0.0,0,F1,75,,,,,
2025-05-21,2025-05-21,FO,NSE,IDO,61509,,NIFTY,,2025-05-29,2025-05-29,22600.0,CE,NIFTY25MAY22600CE,2280.0,2318.8,2190.1,2190.1,2190.1,2173.8,24813.45,2245.25,91125,0,6,11185976.25,5,F1,75,,,,,
2025-05-21,2025-05-21,FO,NSE,IDO,61503,,NIFTY,,2025-05-29,2025-05-29,22450.0,CE,NIFTY25MAY22450CE,2405.35,2405.35,2405.35,2405.35,2405.35,2643.05,24813.45,2405.35,5475,75,1,1864151.25,1,F1,75,,,,,
2025-05-21,2025-05-21,FO,NSE,IDO,61469,,NIFTY,,2025-05-29,2025-05-29,21750.0,CE,NIFTY25MAY21750CE,3170.0,3170.0,3170.0,3170.0,3170.0,3337.7,24813.45,3094.05,2625,75,1,1869000.0,1,F1,75,,,,,
2025-05-21,2025-05-21,FO,NSE,IDO,61401,,NIFTY,,2025-05-29,2025-05-29,21650.0,CE,NIFTY25MAY21650CE,3178.3,3178.3,3178.3,3178.3,3178.3,3400.0,24813.45,3178.3,2700,75,1,1862122.5,1,F1,75,,,,,
2025-05-21,2025-05-21,FO,NSE,IDO,61397,,NIFTY,,2025-05-29,2025-05-29,21550.0,CE,NIFTY25MAY21550CE,0.0,0.0,0.0,3536.65,3535.7,3536.65,24813.45,3293.75,2025,0,0,0.0,0,F1,75,,,,,
2025-05-21,2025-05-21,FO,NSE,IDO,61327,,NIFTY,,2025-05-29,2025-05-29,20450.0,CE,NIFTY25MAY20450CE,4327.9,4389.55,4327.9,4389.55,4389.55,3634.95,24813.45,4389.55,1200,-75,2,3721308.75,2,F1,75,,,,,
2025-05-21,2025-05-21,FO,NSE,IDO,61319,,NIFTY,,2025-05-29,2025-05-29,20350.0,CE,NIFTY25MAY20350CE,4415.2,4497.15,4415.2,4483.25,4458.05,4339.0,24813.45,4483.25,1575,150,4,7444867.5,4,F1,75,,,,,
2025-05-21,2025-05-21,FO,NSE,IDO,49350,,NIFTY,,2025-05-22,2025-05-22,26400.0,CE,NIFTY2552226400CE,1.1,1.35,0.7,0.85,0.9,1.75,24813.45,0.85,2115900,-523800,117499,232655704211.25,21919,F1,75,,,,,
2025-05-21,2025-05-21,FO,NSE,IDO,49328,,NIFTY,,2025-05-22,2025-05-22,26000.0,CE,NIFTY2552226000CE,1.65,1.8,0.9,1.05,0.95,2.55,24813.45,1.05,12534900,-4328400,1181969,2304945966783.75,176034,F1,75,,,,,
2025-05-21,2025-05-21,FO,NSE,IDO,49300,,NIFTY,,2025-05-22,2025-05-22,25500.0,CE,NIFTY2552225500CE,4.9,12.9,2.5,3.0,2.6,7.55,24813.45,3.0,13537650,468600,2902268,5551840426293.75,650819,F1,75,,,,,
2025-05-21,2025-05-21,FO,NSE,IDO,49255,,NIFTY,,2025-05-22,2025-05-22,25050.0,CE,NIFTY2552225050CE,34.0,99.4,23.55,33.5,30.75,33.85,24813.45,33.5,3532275,-1017450,2012262,3788071041652.5,958854,F1,75,,,,,
2025-05-21,2025-05-21,FO,NSE,IDO,49175,,NIFTY,,2025-05-22,2025-05-22,23900.0,CE,NIFTY2552223900CE,834.9,1075.0,794.0,884.35,875.0,830.75,24813.45,884.35,26025,-20400,1032,1920674703.75,559,F1,75,,,,,
2025-05-21,2025-05-21,FO,NSE,IDO,49156,,NIFTY,,2025-05-22,2025-05-22,23650.0,CE,NIFTY2552223650CE,1090.15,1154.3,1090.15,1154.3,1154.3,1085.35,24813.45,1167.65,3675,375,15,27891498.75,10,F1,75,,,,,
2025-05-21,2025-05-21,FO,NSE,IDO,49143,,NIFTY,,2025-05-22,2025-05-22,23350.0,CE,NIFTY2552223350CE,0.0,0.0,0.0,1625.0,1625.0,1625.0,24813.45,1467.6,1500,0,0,0.0,0,F1,75,,,,,
2025-05-21,2025-05-21,FO,NSE,IDO,49133,,NIFTY,,2025-05-22,2025-05-22,23200.0,CE,NIFTY2552223200CE,1700.0,1764.0,1500.0,1592.25,1592.25,1516.7,24813.45,1617.55,4575,-750,20,37265970.0,16,F1,75,,,,,
2025-05-21,2025-05-21,FO,NSE,IDO,49123,,NIFTY,,2025-05-22,2025-05-22,23100.0,CE,NIFTY2552223100CE,1654.0,1872.2,1603.6,1693.0,1693.0,1620.0,24813.45,1717.55,21750,-2100,33,61570432.5,25,F1,75,,,,,
2025-05-21,2025-05-21,FO,NSE,IDO,49083,,NIFTY,,2025-05-22,2025-05-22,22200.0,CE,NIFTY2552222200CE,2525.0,2766.25,2500.0,2580.0,2580.0,2530.0,24813.45,2617.35,975,-1500,24,44619828.75,22,F1,75,,,,,
2025-05-21,2025-05-21,FO,NSE,IDO,40424,,NIFTY,,2025-06-05,2025-06-05,23700.0,PE,NIFTY2560523700PE,51.65,63.0,40.0,49.35,48.85,52.95,24813.45,49.35,30600,9675,681,1213016463.75,373,F1,75,,,,,
2025-05-21,2025-05-21,FO,NSE,IDO,40428,,NIFTY,,2025-06-05,2025-06-05,23800.0,PE,NIFTY2560523800PE,60.2,74.75,46.45,58.5,58.5,62.25,24813.45,58.5,40500,6075,1436,2569637677.5,826,F1,75,,,,,
2025-05-21,2025-05-21,FO,NSE,IDO,40434,,NIFTY,,2025-06-05,2025-06-05,23950.0,PE,NIFTY2560523950PE,75.05,84.3,62.55,75.05,72.6,78.95,24813.45,75.05,4650,0,88,158569875.0,63,F1,75,,,,,
2025-05-21,2025-05-21,FO,NSE,IDO,40436,,NIFTY,,2025-06-05,2025-06-05,24000.0,PE,NIFTY2560524000PE,81.15,104.95,65.05,81.7,81.9,87.55,24813.45,81.7,369600,103950,14967,27032665350.0,9257,F1,75,,,,,
2025-05-21,2025-05-21,FO,NSE,IDO,40524,,NIFTY,,2025-06-05,2025-06-05,25600.0,PE,NIFTY2560525600PE,864.75,864.75,705.4,705.4,705.4,864.75,24813.45,825.45,600,150,3,5931543.75,3,F1,75,,,,,
2025-05-21,2025-05-21,FO,NSE,IDO,40558,,NIFTY,,2025-06-05,2025-06-05,26450.0,PE,NIFTY2560526450PE,1582.25,1582.25,1582.25,1582.25,1582.25,1987.55,24813.45,1582.45,75,75,1,2102418.75,1,F1,75,,,,,
2025-05-21,2025-05-21,FO,NSE,IDO,44723,,NIFTY,,2025-06-12,2025-06-12,22350.0,PE,NIFTY2561222350PE,17.6,17.6,17.6,17.6,17.6,16.0,24813.45,17.6,1725,0,10,16775700.0,2,F1,75,,,,,
2025-05-21,2025-05-21,FO,NSE,IDO,44799,,NIFTY,,2025-06-12,2025-06-12,23850.0,PE,NIFTY2561223850PE,93.15,93.15,90.85,90.85,90.85,90.9,24813.45,85.05,1125,0,2,3591300.0,2,F1,75,,,,,
2025-05-21,2025-05-21,FO,NSE,IDO,44821,,NIFTY,,2025-06-12,2025-06-12,24150.0,PE,NIFTY2561224150PE,157.35,158.4,157.35,158.4,158.4,372.45,24813.45,144.75,300,300,4,7292310.0,4,F1,75,,,,,
2025-05-21,2025-05-21,FO,NSE,IDO,44825,,NIFTY,,2025-06-12,2025-06-12,24250.0,PE,NIFTY2561224250PE,177.65,178.6,177.65,178.6,178.6,415.95,24813.45,170.2,375,375,5,9160541.25,5,F1,75,,,,,
2025-05-21,2025-05-21,FO,NSE,IDO,44893,,NIFTY,,2025-06-12,2025-06-12,25550.0,PE,NIFTY2561225550PE,782.6,785.55,782.6,785.55,785.55,1250.85,24813.45,822.45,150,150,2,3950111.25,2,F1,75,,,,,
2025-05-21,2025-05-21,FO,NSE,IDO,44897,,NIFTY,,2025-06-12,2025-06-12,25600.0,PE,NIFTY2561225600PE,819.95,822.95,819.95,822.95,822.95,1291.5,24813.45,859.2,150,150,2,3963217.5,2,F1,75,,,,,
2025-05-21,2025-05-21,FO,NSE,IDO,44947,,NIFTY,,2025-06-12,2025-06-12,26750.0,PE,NIFTY2561226750PE,0.0,0.0,0.0,2326.35,0.0,2326.35,24813.45,1855.6,0,0,0,0.0,0,F1,75,,,,,
2025-05-21,2025-05-21,FO,NSE,IDO,50876,,NIFTY,,2025-06-19,2025-06-19,23150.0,PE,NIFTY2561923150PE,0.0,0.0,0.0,32.4,0.0,32.4,24813.45,33.85,0,0,0,0.0,0,F1,75,,,,,
2025-05-21,2025-05-21,FO,NSE,IDO,50968,,NIFTY,,2025-06-19,2025-06-19,24250.0,PE,NIFTY2561924250PE,0.0,0.0,0.0,184.3,0.0,184.3,24813.45,213.75,0,0,0,0.0,0,F1,75,,,,,
2025-05-21,2025-05-21,FO,NSE,IDO,50996,,NIFTY,,2025-06-19,2025-06-19,24650.0,PE,NIFTY2561924650PE,0.0,0.0,0.0,300.75,0.0,300.75,24813.45,354.35,0,0,0,0.0,0,F1,75,,,,,
2025-05-21,2025-05-21,FO,NSE,IDO,51038,,NIFTY,,2025-06-19,2025-06-19,25600.0,PE,NIFTY2561925600PE,0.0,0.0,0.0,755.8,0.0,755.8,24813.45,890.25,0,0,0,0.0,0,F1,75,,,,,
2025-05-21,2025-05-21,FO,NSE,IDO,51066,,NIFTY,,2025-06-19,2025-06-19,26250.0,PE,NIFTY2561926250PE,0.0,0.0,0.0,1208.5,0.0,1208.5,24813.45,1400.4,0,0,0,0.0,0,F1,75,,,,,
2025-05-21,2025-05-21,FO,NSE,IDO,51070,,NIFTY,,2025-06-19,2025-06-19,26350.0,PE,NIFTY2561926350PE,0.0,0.0,0.0,1286.65,0.0,1286.65,24813.45,1486.4,0,0,0,0.0,0,F1,75,,,,,
2025-05-21,2025-05-21,FO,NSE,IDO,62134,,NIFTY,,2025-06-26,2025-06-26,21250.0,PE,NIFTY25JUN21250PE,0.0,0.0,0.0,20.45,20.4,20.45,24813.45,0.6,6900,0,0,0.0,0,F1,75,,,,,
2025-05-21,2025-05-21,FO,NSE,IDO,62148,,NIFTY,,2025-06-26,2025-06-26,21600.0,PE,NIFTY25JUN21600PE,23.2,23.5,21.5,21.5,21.5,24.4,24813.45,1.65,8550,3375,47,76221611.25,10,F1,75,,,,,
2025-05-21,2025-05-21,FO,NSE,IDO,62156,,NIFTY,,2025-06-26,2025-06-26,21650.0,PE,NIFTY25JUN21650PE,24.6,25.8,24.6,25.8,25.8,21.05,24813.45,25.8,1650,375,6,9753660.0,2,F1,75,,,,,
2025-05-21,2025-05-21,FO,NSE,IDO,62170,,NIFTY,,2025-06-26,2025-06-26,21900.0,PE,NIFTY25JUN21900PE,28.65,33.8,26.35,29.65,28.75,30.4,24813.45,29.65,72300,1650,332,546038077.5,153,F1,75,,,,,
2025-05-21,2025-05-21,FO,NSE,IDO,62188,,NIFTY,,2025-06-26,2025-06-26,22200.0,PE,NIFTY25JUN22200PE,36.35,46.0,31.8,35.55,35.2,36.4,24813.45,35.55,105975,1950,706,1177399458.75,388,F1,75,,,,,
2025-05-21,2025-05-21,FO,NSE,IDO,62202,,NIFTY,,2025-06-26,2025-06-26,22550.0,PE,NIFTY25JUN22550PE,52.0,52.0,47.85,51.4,51.4,50.6,24813.45,15.95,14775,-3375,94,159332666.25,51,F1,75,,,,,
2025-05-21,2025-05-21,FO,NSE,IDO,62204,,NIFTY,,2025-06-26,2025-06-26,22600.0,PE,NIFTY25JUN22600PE,53.0,57.95,44.5,50.8,50.6,53.1,24813.45,50.8,106950,-2625,946,1607068357.5,473,F1,75,,,,,
2025-05-21,2025-05-21,FO,NSE,IDO,62298,,NIFTY,,2025-06-26,2025-06-26,23100.0,PE,NIFTY25JUN23100PE,82.25,101.3,69.25,79.0,81.35,85.3,24813.45,79.0,161100,450,429,745796212.5,244,F1,75,,,,,
2025-05-21,2025-05-21,FO,NSE,IDO,62324,,NIFTY,,2025-06-26,2025-06-26,23350.0,PE,NIFTY25JUN23350PE,107.65,119.15,89.35,98.9,100.4,102.45,24813.45,98.9,7950,300,204,358778088.75,72,F1,75,,,,,
2025-05-21,2025-05-21,FO,NSE,IDO,62354,,NIFTY,,2025-06-26,2025-06-26,24100.0,PE,NIFTY25JUN24100PE,213.7,242.15,177.55,208.05,210.6,219.95,24813.45,208.05,126825,17700,1637,2984436277.5,1203,F1,75,,,,,
2025-05-21,2025-05-21,FO,NSE,IDO,62420,,NIFTY,,2025-06-26,2025-06-26,25450.0,PE,NIFTY25JUN25450PE,642.95,794.0,642.95,794.0,794.0,787.0,24813.45,815.4,2550,-675,21,41265678.75,11,F1,75,,,,,
2025-05-21,2025-05-21,FO,NSE,IDO,62428,,NIFTY,,2025-06-26,2025-06-26,25650.0,PE,NIFTY25JUN25650PE,890.0,890.0,890.0,890.0,890.0,945.9,24813.45,948.55,3150,-75,1,1990500.0,1,F1,75,,,,,
2025-05-21,2025-05-21,FO,NSE,IDO,62460,,NIFTY,,2025-06-26,2025-06-26,26150.0,PE,NIFTY25JUN26150PE,1251.05,1256.7,1251.05,1254.15,1256.7,1046.6,24813.45,1254.15,900,225,3,6165933.75,3,F1,75,,,,,
2025-05-21,2025-05-21,FO,NSE,IDO,62504,,NIFTY,,2025-06-26,2025-06-26,26750.0,PE,NIFTY25JUN26750PE,1806.65,1806.65,1806.65,1806.65,1806.65,2755.0,24813.45,1806.65,75,75,1,2141748.75,1,F1,75,,,,,
2025-05-21,2025-05-21,FO,NSE,IDO,55674,,NIFTY,,2025-07-31,2025-07-31,22300.0,PE,NIFTY25JUL22300PE,86.25,91.35,74.75,80.65,82.85,86.25,24813.45,80.65,128025,10425,285,478428202.5,110,F1,75,,,,,
2025-05-21,2025-05-21,FO,NSE,IDO,55678,,NIFTY,,2025-07-31,2025-07-31,22400.0,PE,NIFTY25JUL22400PE,95.95,95.95,95.95,95.95,95.95,95.95,24813.45,53.85,109650,-75,2,3374392.5,2,F1,75,,,,,
2025-05-21,2025-05-21,FO,NSE,IDO,55746,,NIFTY,,2025-07-31,2025-07-31,23700.0,PE,NIFTY25JUL23700PE,229.85,252.15,218.0,240.3,244.55,230.7,24813.45,240.3,15450,2850,104,186708097.5,49,F1,75,,,,,
2025-05-21,2025-05-21,FO,NSE,IDO,55748,,NIFTY,,2025-07-31,2025-07-31,23750.0,PE,NIFTY25JUL23750PE,252.85,252.85,252.85,252.85,252.85,209.45,24813.45,252.85,2625,75,1,1800213.75,1,F1,75,,,,,
2025-05-21,2025-05-21,FO,NSE,IDO,55776,,NIFTY,,2025-07-31,2025-07-31,24400.0,PE,NIFTY25JUL24400PE,420.0,420.0,361.55,398.1,401.25,416.7,24813.45,398.1,19575,1500,122,226759702.5,51,F1,75,,,,,
2025-05-21,2025-05-21,FO,NSE,IDO,55782,,NIFTY,,2025-07-31,2025-07-31,24550.0,PE,NIFTY25JUL24550PE,448.75,448.75,448.75,448.75,448.75,379.8,24813.45,499.9,4650,-75,1,1874906.25,1,F1,75,,,,,
2025-05-21,2025-05-21,FO,NSE,IDO,55806,,NIFTY,,2025-07-31,2025-07-31,25150.0,PE,NIFTY25JUL25150PE,679.95,681.75,679.95,681.75,681.75,606.85,24813.45,770.0,1125,0,2,3874627.5,2,F1,75,,,,,
2025-05-21,2025-05-21,FO,NSE,IDO,55820,,NIFTY,,2025-07-31,2025-07-31,25400.0,PE,NIFTY25JUL25400PE,740.0,830.6,740.0,829.0,829.0,740.0,24813.45,904.1,4575,-675,24,47202262.5,14,F1,75,,,,,
2025-05-21,2025-05-21,FO,NSE,IDO,49180,,NIFTY,,2025-12-24,2025-12-24,16500.0,PE,NIFTY25DEC16500PE,0.0,0.0,0.0,20.3,20.3,20.3,24813.45,0.35,2750,0,0,0.0,0,F1,75,,,,,
2025-05-21,2025-05-21,FO,NSE,IDO,37802,,NIFTY,,2026-06-25,2026-06-25,13000.0,PE,NIFTY26JUN13000PE,0.0,0.0,0.0,21.6,21.6,21.6,24813.45,0.05,200,0,0,0.0,0,F1,75,,,,,
2025-05-21,2025-05-21,FO,NSE,IDO,58641,,NIFTY,,2026-12-31,2026-12-31,18000.0,PE,NIFTY26DEC18000PE,0.0,0.0,0.0,76.1,76.1,76.1,24813.45,45.7,5175,0,0,0.0,0,F1,75,,,,,
2025-05-21,2025-05-21,FO,NSE,IDO,35237,,NIFTY,,2026-12-31,2026-12-31,30000.0,PE,NIFTY26DEC30000PE,0.0,0.0,0.0,5003.2,0.0,5003.2,24813.45,3508.45,0,0,0,0.0,0,F1,75,,,,,
2025-05-21,2025-05-21,FO,NSE,IDO,71546,,NIFTY,,2027-06-24,2027-06-24,17000.0,PE,NIFTY27JUN17000PE,0.0,0.0,0.0,1814.75,0.0,1814.75,24813.45,36.4,0,0,0,0.0,0,F1,75,,,,,
2025-05-21,2025-05-21,FO,NSE,IDO,71554,,NIFTY,,2027-06-24,2027-06-24,21000.0,PE,NIFTY27JUN21000PE,0.0,0.0,0.0,500.0,500.0,500.0,24813.45,295.35,350,0,0,0.0,0,F1,75,,,,,
2025-05-21,2025-05-21,FO,NSE,IDO,50550,,NIFTY,,2027-06-24,2027-06-24,28000.0,PE,NIFTY27JUN28000PE,0.0,0.0,0.0,5959.35,0.0,5959.35,24813.45,2253.4,0,0,0,0.0,0,F1,75,,,,,
2025-05-21,2025-05-21,FO,NSE,IDO,86148,,NIFTY,,2028-06-29,2028-06-29,22000.0,PE,NIFTY28JUN22000PE,0.0,0.0,0.0,520.05,520.05,520.05,24813.45,478.35,100,0,0,0.0,0,F1,75,,,,,
2025-05-21,2025-05-21,FO,NSE,IDO,67787,,NIFTY,,2028-12-28,2028-12-28,26000.0,PE,NIFTY28DEC26000PE,0.0,0.0,0.0,1160.95,0.0,1160.95,24813.45,1289.9,0,0,0,0.0,0,F1,75,,,,,
2025-05-21,2025-05-21,FO,NSE,IDO,61859,,NIFTY,,2029-12-27,2029-12-27,28000.0,PE,NIFTY29DEC28000PE,0.0,0.0,0.0,1411.3,0.0,1411.3,24813.45,1677.15,0,0,0,0.0,0,F1,75,,,,,
2025-05-21,2025-05-21,FO,NSE,IDO,45873,,NIFTY,,2025-12-24,2025-12-24,17000.0,CE,NIFTY25DEC17000CE,0.0,0.0,0.0,7010.0,7010.0,7010.0,24813.45,8474.15,700,0,0,0.0,0,F1,75,,,,,
2025-05-21,2025-05-21,FO,NSE,IDO,86147,,NIFTY,,2028-06-29,2028-06-29,22000.0,CE,NIFTY28JUN22000CE,0.0,0.0,0.0,4759.5,0.0,4759.5,24813.45,7407.1,0,0,0,0.0,0,F1,75,,,,,
2025-05-21,2025-05-21,FO,NSE,IDO,35352,,NIFTY,,2028-06-29,2028-06-29,30000.0,CE,NIFTY28JUN30000CE,0.0,0.0,0.0,2278.45,0.0,2278.45,24813.45,3232.25,0,0,0,0.0,0,F1,75,,,,,
2025-05-21,2025-05-21,FO,NSE,IDO,67768,,NIFTY,,2028-12-28,2028-12-28,17000.0,CE,NIFTY28DEC17000CE,0.0,0.0,0.0,10036.4,0.0,10036.4,24813.45,11518.35,0,0,0,0.0,0,F1,75,,,,,
2025-05-21,2025-05-21,FO,NSE,IDO,53605,,NIFTY,,2027-12-30,2027-12-30,19000.0,CE,NIFTY27DEC19000CE,0.0,0.0,0.0,5794.9,0.0,5794.9,24813.45,8989.3,0,0,0,0.0,0,F1,75,,,,,
2025-05-21,2025-05-21,FO,NSE,IDO,71564,,NIFTY,,2027-06-24,2027-06-24,26000.0,CE,NIFTY27JUN26000CE,0.0,0.0,0.0,1900.85,0.0,1900.85,24813.45,3643.5,0,0,0,0.0,0,F1,75,,,,,
2025-05-21,2025-05-21,FO,NSE,IDO,38158,,NIFTY,,2026-12-31,2026-12-31,29000.0,CE,NIFTY26DEC29000CE,0.0,0.0,0.0,1030.0,1030.0,1030.0,24813.45,1686.55,2475,0,0,0.0,0,F1,75,,,,,
2025-05-21,2025-05-21,FO,NSE,IDO,50973,,NIFTY,,2026-06-25,2026-06-25,27000.0,CE,NIFTY26JUN27000CE,0.0,0.0,0.0,1352.8,0.0,1352.8,24813.45,1680.85,0,0,0,0.0,0,F1,75,,,,,
2025-05-21,2025-05-21,FO,NSE,IDO,58645,,NIFTY,,2026-12-31,2026-12-31,20000.0,PE,NIFTY26DEC20000PE,0.0,0.0,0.0,295.0,295.0,295.0,24813.45,152.4,7550,0,0,0.0,0,F1,75,,,,,
2025-05-21,2025-05-21,FO,NSE,IDO,53615,,NIFTY,,2027-12-30,2027-12-30,21000.0,PE,NIFTY27DEC21000PE,0.0,0.0,0.0,440.05,440.05,440.05,24813.45,326.85,125,0,0,0.0,0,F1,75,,,,,
2025-05-21,2025-05-21,FO,NSE,IDO,61933,,NIFTY,,2029-12-27,2029-12-27,30000.0,PE,NIFTY29DEC30000PE,0.0,0.0,0.0,1953.5,0.0,1953.5,24813.45,2287.0,0,0,0,0.0,0,F1,75,,,,,
2025-05-21,2025-05-21,FO,NSE,IDO,86164,,NIFTY,,2028-06-29,2028-06-29,27000.0,PE,NIFTY28JUN27000PE,0.0,0.0,0.0,2752.35,0.0,2752.35,24813.45,1655.05,0,0,0,0.0,0,F1,75,,,,,
2025-05-21,2025-05-21,FO,NSE,IDO,49121,,NIFTY,,2025-05-22,2025-05-22,23050.0,CE,NIFTY2552223050CE,0.0,0.0,0.0,2012.3,2012.35,2012.3,24813.45,1767.5,2100,0,0,0.0,0,F1,75,,,,,
2025-05-21,2025-05-21,FO,NSE,IDO,49167,,NIFTY,,2025-05-22,2025-05-22,23800.0,CE,NIFTY2552223800CE,957.85,1162.6,888.6,988.45,976.0,934.5,24813.45,988.45,24600,-47700,1217,2262707733.75,794,F1,75,,,,,
2025-05-21,2025-05-21,FO,NSE,IDO,49190,,NIFTY,,2025-05-22,2025-05-22,24200.0,CE,NIFTY2552224200CE,539.5,779.7,491.2,588.55,576.75,539.45,24813.45,588.55,42450,-18825,3179,5914283902.5,2244,F1,75,,,,,
2025-05-21,2025-05-21,FO,NSE,IDO,49343,,NIFTY,,2025-05-22,2025-05-22,26300.0,CE,NIFTY2552226300CE,1.4,1.45,0.75,0.85,0.9,1.8,24813.45,0.85,3008025,-147675,166989,329397189420.0,30832,F1,75,,,,,
2025-05-21,2025-05-21,FO,NSE,IDO,49352,,NIFTY,,2025-05-22,2025-05-22,26450.0,CE,NIFTY2552226450CE,1.05,1.35,0.7,0.85,0.8,1.7,24813.45,0.85,517050,-179850,53811,106751125241.25,11924,F1,75,,,,,
2025-05-21,2025-05-21,FO,NSE,IDO,49365,,NIFTY,,2025-05-22,2025-05-22,26700.0,CE,NIFTY2552226700CE,1.1,1.15,0.6,0.75,0.7,1.5,24813.45,0.75,2628825,-630975,85122,170461566041.25,12240,F1,75,,,,,
2025-05-21,2025-05-21,FO,NSE,IDO,61531,,NIFTY,,2025-05-29,2025-05-29,23150.0,CE,NIFTY25MAY23150CE,1705.2,1705.2,1705.2,1705.2,1705.2,1624.45,24813.45,1696.6,4425,0,1,1864140.0,1,F1,75,,,,,
2025-05-21,2025-05-21,FO,NSE,IDO,61673,,NIFTY,,2025-05-29,2025-05-29,24250.0,CE,NIFTY25MAY24250CE,603.95,814.8,575.0,635.75,632.65,597.15,24813.45,635.75,57825,4200,232,433436246.25,142,F1,75,,,,,
2025-05-21,2025-05-21,FO,NSE,IDO,61675,,NIFTY,,2025-05-29,2025-05-29,24300.0,CE,NIFTY25MAY24300CE,561.0,769.75,527.0,597.9,592.55,559.25,24813.45,597.9,574875,-11700,1989,3716987535.0,1449,F1,75,,,,,
2025-05-21,2025-05-21,FO,NSE,IDO,61753,,NIFTY,,2025-05-29,2025-05-29,24950.0,CE,NIFTY25MAY24950CE,167.95,282.0,139.5,175.4,168.95,159.0,24813.45,175.4,431925,2325,47963,90472314506.25,32963,F1,75,,,,,
2025-05-21,2025-05-21,FO,NSE,IDO,61813,,NIFTY,,2025-05-29,2025-05-29,26300.0,CE,NIFTY25MAY26300CE,4.6,4.8,2.25,2.45,2.45,4.6,24813.45,2.45,2659350,1823025,91754,181004692995.0,30185,F1,75,,,,,
2025-05-21,2025-05-21,FO,NSE,IDO,40431,,NIFTY,,2025-06-05,2025-06-05,23900.0,CE,NIFTY2560523900CE,1007.0,1040.25,1007.0,1040.25,1040.25,974.55,24813.45,1032.1,2250,-75,2,3738543.75,2,F1,75,,,,,
2025-05-21,2025-05-21,FO,NSE,IDO,40441,,NIFTY,,2025-06-05,2025-06-05,24150.0,CE,NIFTY2560524150CE,802.35,802.35,749.35,775.5,775.5,760.95,24813.45,824.55,1500,150,16,29917965.0,8,F1,75,,,,,
2025-05-21,2025-05-21,FO,NSE,IDO,40489,,NIFTY,,2025-06-05,2025-06-05,24950.0,CE,NIFTY2560524950CE,249.1,375.0,230.0,260.3,256.85,251.95,24813.45,260.3,27825,-5175,1411,2670911655.0,774,F1,75,,,,,
2025-05-21,2025-05-21,FO,NSE,IDO,40529,,NIFTY,,2025-06-05,2025-06-05,25750.0,CE,NIFTY2560525750CE,45.55,76.15,40.0,47.0,46.35,48.1,24813.45,47.0,15000,300,406,785795707.5,240,F1,75,,,,,
2025-05-21,2025-05-21,FO,NSE,IDO,40575,,NIFTY,,2025-06-05,2025-06-05,26700.0,CE,NIFTY2560526700CE,7.05,7.5,4.3,4.5,5.0,8.45,24813.45,4.5,103650,94725,1758,3521029136.25,593,F1,75,,,,,
2025-05-21,2025-05-21,FO,NSE,IDO,44730,,NIFTY,,2025-06-12,2025-06-12,22550.0,CE,NIFTY2561222550CE,0.0,0.0,0.0,1900.4,0.0,1900.4,24813.45,2354.1,0,0,0,0.0,0,F1,75,,,,,
2025-05-21,2025-05-21,FO,NSE,IDO,44742,,NIFTY,,2025-06-12,2025-06-12,22750.0,CE,NIFTY2561222750CE,0.0,0.0,0.0,1716.9,0.0,1716.9,24813.45,2157.75,0,0,0,0.0,0,F1,75,,,,,
2025-05-21,2025-05-21,FO,NSE,IDO,44760,,NIFTY,,2025-06-12,2025-06-12,23050.0,CE,NIFTY2561223050CE,0.0,0.0,0.0,1452.1,0.0,1452.1,24813.45,1866.95,0,0,0,0.0,0,F1,75,,,,,
2025-05-21,2025-05-21,FO,NSE,IDO,44792,,NIFTY,,2025-06-12,2025-06-12,23700.0,CE,NIFTY2561223700CE,0.0,0.0,0.0,1269.0,1269.0,1269.0,24813.45,1268.55,150,0,0,0.0,0,F1,75,,,,,
2025-05-21,2025-05-21,FO,NSE,IDO,44796,,NIFTY,,2025-06-12,2025-06-12,23800.0,CE,NIFTY2561223800CE,0.0,0.0,0.0,870.5,0.0,870.5,24813.45,1182.7,0,0,0,0.0,0,F1,75,,,,,
2025-05-21,2025-05-21,FO,NSE,IDO,44818,,NIFTY,,2025-06-12,2025-06-12,24100.0,CE,NIFTY2561224100CE,0.0,0.0,0.0,680.0,0.0,680.0,24813.45,939.65,0,0,0,0.0,0,F1,75,,,,,
2025-05-21,2025-05-21,FO,NSE,IDO,44854,,NIFTY,,2025-06-12,2025-06-12,24750.0,CE,NIFTY2561224750CE,444.3,572.0,401.0,449.9,445.65,423.15,24813.45,449.9,5400,1800,105,198527962.5,65,F1,75,,,,,
2025-05-21,2025-05-21,FO,NSE,IDO,44878,,NIFTY,,2025-06-12,2025-06-12,25250.0,CE,NIFTY2561225250CE,201.9,228.65,201.9,228.65,228.65,203.35,24813.45,279.55,225,225,3,5728683.75,2,F1,75,,,,,
2025-05-21,2025-05-21,FO,NSE,IDO,44892,,NIFTY,,2025-06-12,2025-06-12,25550.0,CE,NIFTY2561225550CE,121.9,175.0,121.05,128.3,130.6,121.9,24813.45,128.3,4725,3450,61,117580072.5,31,F1,75,,,,,
2025-05-21,2025-05-21,FO,NSE,IDO,44914,,NIFTY,,2025-06-12,2025-06-12,26050.0,CE,NIFTY2561226050CE,0.0,0.0,0.0,67.7,0.0,67.7,24813.45,83.85,0,0,0,0.0,0,F1,75,,,,,
2025-05-21,2025-05-21,FO,NSE,IDO,44934,,NIFTY,,2025-06-12,2025-06-12,26500.0,CE,NIFTY2561226500CE,19.5,24.5,14.45,15.65,14.45,19.45,24813.45,15.65,38775,-2100,1063,2114160877.5,540,F1,75,,,,,
2025-05-21,2025-05-21,FO,NSE,IDO,50899,,NIFTY,,2025-06-19,2025-06-19,23500.0,CE,NIFTY2561923500CE,0.0,0.0,0.0,1772.7,0.0,1772.7,24813.45,1498.95,0,0,0,0.0,0,F1,75,,,,,
2025-05-21,2025-05-21,FO,NSE,IDO,50941,,NIFTY,,2025-06-19,2025-06-19,23750.0,CE,NIFTY2561923750CE,0.0,0.0,0.0,1554.25,0.0,1554.25,24813.45,1285.55,0,0,0,0.0,0,F1,75,,,,,
2025-05-21,2025-05-21,FO,NSE,IDO,51019,,NIFTY,,2025-06-19,2025-06-19,25200.0,CE,NIFTY2561925200CE,0.0,0.0,0.0,555.9,0.0,555.9,24813.45,372.05,0,0,0,0.0,0,F1,75,,,,,
2025-05-21,2025-05-21,FO,NSE,IDO,51029,,NIFTY,,2025-06-19,2025-06-19,25450.0,CE,NIFTY2561925450CE,0.0,0.0,0.0,441.7,0.0,441.7,24813.45,280.3,0,0,0,0.0,0,F1,75,,,,,
2025-05-21,2025-05-21,FO,NSE,IDO,51055,,NIFTY,,2025-06-19,2025-06-19,26000.0,CE,NIFTY2561926000CE,72.2,109.25,67.2,78.9,77.0,78.05,24813.45,78.9,8400,-2325,332,649598332.5,237,F1,75,,,,,
2025-05-21,2025-05-21,FO,NSE,IDO,62147,,NIFTY,,2025-06-26,2025-06-26,21600.0,CE,NIFTY25JUN21600CE,0.0,0.0,0.0,3597.85,3598.15,3597.85,24813.45,3356.5,1425,0,0,0.0,0,F1,75,,,,,
2025-05-21,2025-05-21,FO,NSE,IDO,62161,,NIFTY,,2025-06-26,2025-06-26,21750.0,CE,NIFTY25JUN21750CE,3196.8,3196.8,3196.8,3196.8,3196.8,3451.15,24813.45,3196.8,1425,75,1,1871010.0,1,F1,75,,,,,
2025-05-21,2025-05-21,FO,NSE,IDO,62323,,NIFTY,,2025-06-26,2025-06-26,23350.0,CE,NIFTY25JUN23350CE,1697.55,1697.55,1697.55,1697.55,1697.55,1919.0,24813.45,1686.6,5550,75,1,1878566.25,1,F1,75,,,,,
2025-05-21,2025-05-21,FO,NSE,IDO,55695,,NIFTY,,2025-07-31,2025-07-31,22850.0,CE,NIFTY25JUL22850CE,2299.75,2299.75,2299.75,2299.75,2299.75,2201.15,24813.45,2299.75,450,75,1,1886231.25,1,F1,75,,,,,
2025-05-21,2025-05-21,FO,NSE,IDO,55711,,NIFTY,,2025-07-31,2025-07-31,23100.0,CE,NIFTY25JUL23100CE,2098.95,2098.95,2098.95,2098.95,2098.95,1994.05,24813.45,2098.95,450,75,1,1889921.25,1,F1,75,,,,,
2025-05-21,2025-05-21,FO,NSE,IDO,55731,,NIFTY,,2025-07-31,2025-07-31,23400.0,CE,NIFTY25JUL23400CE,1948.0,1948.0,1944.7,1944.7,1944.7,2060.25,24813.45,1891.05,300,75,4,7604152.5,2,F1,75,,,,,
2025-05-21,2025-05-21,FO,NSE,IDO,55791,,NIFTY,,2025-07-31,2025-07-31,24800.0,CE,NIFTY25JUL24800CE,770.7,935.15,770.65,808.5,800.1,770.65,24813.45,808.5,37725,28425,664,1278707463.75,591,F1,75,,,,,
2025-05-21,2025-05-21,FO,NSE,IDO,55809,,NIFTY,,2025-07-31,2025-07-31,25250.0,CE,NIFTY25JUL25250CE,579.55,579.55,579.55,579.55,579.55,577.0,24813.45,710.6,900,75,1,1937216.25,1,F1,75,,,,,
2025-05-21,2025-05-21,FO,NSE,IDO,55849,,NIFTY,,2025-07-31,2025-07-31,26000.0,CE,NIFTY25JUL26000CE,256.75,329.0,243.8,270.2,268.4,254.9,24813.45,270.2,446025,-3000,3427,6755169881.25,2103,F1,75,,,,,
2025-05-21,2025-05-21,FO,NSE,IDO,55865,,NIFTY,,2025-07-31,2025-07-31,26400.0,CE,NIFTY25JUL26400CE,299.95,299.95,299.95,299.95,299.95,285.4,24813.45,313.1,75,75,1,2002496.25,1,F1,75,,,,,
2025-05-21,2025-05-21,FO,NSE,IDO,55873,,NIFTY,,2025-07-31,2025-07-31,26600.0,CE,NIFTY25JUL26600CE,130.0,161.0,125.0,137.95,137.95,134.05,24813.45,137.95,825,-375,29,58158588.75,19,F1,75,,,,,
2025-05-21,2025-05-21,FO,NSE,IDO,64700,,NIFTY,,2025-09-25,2025-09-25,28000.0,CE,NIFTY25SEP28000CE,97.0,115.0,94.1,100.0,97.0,97.45,24813.45,100.0,378375,6825,1791,3775026513.75,1021,F1,75,,,,,
2025-05-21,2025-05-21,FO,NSE,IDO,38376,,NIFTY,,2025-12-24,2025-12-24,20000.0,CE,NIFTY25DEC20000CE,5600.0,5700.0,5530.0,5541.7,5545.0,5508.6,24813.45,5541.7,67475,-450,28,53732853.75,18,F1,75,,,,,
2025-05-21,2025-05-21,FO,NSE,IDO,58622,,NIFTY,,2025-12-24,2025-12-24,22000.0,CE,NIFTY25DEC22000CE,3825.0,3970.0,3750.6,3787.95,3780.55,3748.95,24813.45,3787.95,287350,-750,32,62003310.0,20,F1,75,,,,,
2025-05-21,2025-05-21,FO,NSE,IDO,35221,,NIFTY,,2025-12-24,2025-12-24,30000.0,CE,NIFTY25DEC30000CE,74.05,80.0,70.0,74.15,76.2,71.2,24813.45,74.15,160925,4275,345,778190617.5,246,F1,75,,,,,
2025-05-21,2025-05-21,FO,NSE,IDO,62928,,NIFTY,,2026-03-26,2026-03-26,26000.0,CE,NIFTY26MAR26000CE,0.0,0.0,0.0,1228.35,0.0,1228.35,24813.45,1705.9,0,0,0,0.0,0,F1,75,,,,,
2025-05-21,2025-05-21,FO,NSE,IDO,71472,,NIFTY,,2026-06-25,2026-06-25,24000.0,CE,NIFTY26JUN24000CE,0.0,0.0,0.0,2961.95,2961.95,2961.95,24813.45,3251.9,3675,0,0,0.0,0,F1,75,,,,,
2025-05-21,2025-05-21,FO,NSE,IDO,71474,,NIFTY,,2026-06-25,2026-06-25,25000.0,CE,NIFTY26JUN25000CE,0.0,0.0,0.0,1900.0,1900.0,1900.0,24813.45,2649.8,75,0,0,0.0,0,F1,75,,,,,
2025-05-21,2025-05-21,FO,NSE,IDO,35229,,NIFTY,,2026-06-25,2026-06-25,30000.0,CE,NIFTY26JUN30000CE,0.0,0.0,0.0,788.0,0.0,788.0,24813.45,762.95,0,0,0,0.0,0,F1,75,,,,,
2025-05-21,2025-05-21,FO,NSE,IDO,58636,,NIFTY,,2026-12-31,2026-12-31,16000.0,CE,NIFTY26DEC16000CE,0.0,0.0,0.0,6200.0,6200.0,6200.0,24813.45,10453.4,50,0,0,0.0,0,F1,75,,,,,
2025-05-21,2025-05-21,FO,NSE,IDO,58648,,NIFTY,,2026-12-31,2026-12-31,22000.0,CE,NIFTY26DEC22000CE,0.0,0.0,0.0,3362.2,3362.2,3362.2,24813.45,5445.2,150,0,0,0.0,0,F1,75,,,,,
2025-05-21,2025-05-21,FO,NSE,IDO,53613,,NIFTY,,2027-12-30,2027-12-30,21000.0,CE,NIFTY27DEC21000CE,0.0,0.0,0.0,4902.4,0.0,4902.4,24813.45,7492.1,0,0,0,0.0,0,F1,75,,,,,
2025-05-21,2025-05-21,FO,NSE,IDO,67780,,NIFTY,,2028-12-28,2028-12-28,23000.0,CE,NIFTY28DEC23000CE,0.0,0.0,0.0,6377.6,0.0,6377.6,24813.45,7364.85,0,0,0,0.0,0,F1,75,,,,,
2025-05-21,2025-05-21,FO,NSE,IDO,89616,,NIFTY,,2029-06-28,2029-06-28,20000.0,CE,NIFTY29JUN20000CE,0.0,0.0,0.0,10410.0,0.0,10410.0,24813.45,9861.4,0,0,0,0.0,0,F1,75,,,,,
2025-05-21,2025-05-21,FO,NSE,IDO,61390,,NIFTY,,2029-12-27,2029-12-27,18000.0,CE,NIFTY29DEC18000CE,0.0,0.0,0.0,11362.4,0.0,11362.4,24813.45,11700.05,0,0,0,0.0,0,F1,75,,,,,
2025-05-21,2025-05-21,FO,NSE,IDO,49094,,NIFTY,,2025-05-22,2025-05-22,22400.0,PE,NIFTY2552222400PE,0.55,0.7,0.2,0.25,0.2,0.55,24813.45,0.25,433200,-14925,51895,87185340813.75,6489,F1,75,,,,,
2025-05-21,2025-05-21,FO,NSE,IDO,49132,,NIFTY,,2025-05-22,2025-05-22,23150.0,PE,NIFTY2552223150PE,0.9,1.05,0.25,0.45,0.5,1.1,24813.45,0.45,232500,53550,27399,47572981447.5,5922,F1,75,,,,,
2025-05-21,2025-05-21,FO,NSE,IDO,49225,,NIFTY,,2025-05-22,2025-05-22,24800.0,PE,NIFTY2552224800PE,125.05,197.7,58.2,114.65,123.75,158.05,24813.45,114.65,6755775,3356925,5414584,10117439654272.5,2930383,F1,75,,,,,
2025-05-21,2025-05-21,FO,NSE,IDO,49266,,NIFTY,,2025-05-22,2025-05-22,25200.0,PE,NIFTY2552225200PE,471.9,535.05,267.4,423.4,435.5,487.75,24813.45,423.4,308925,-61650,75529,144877006323.75,46960,F1,75,,,,,
2025-05-21,2025-05-21,FO,NSE,IDO,49299,,NIFTY,,2025-05-22,2025-05-22,25450.0,PE,NIFTY2552225450PE,713.6,754.15,485.9,665.6,684.25,734.45,24813.45,665.6,14775,-1050,696,1362103800.0,526,F1,75,,,,,
2025-05-21,2025-05-21,FO,NSE,IDO,49329,,NIFTY,,2025-05-22,2025-05-22,26000.0,PE,NIFTY2552226000PE,1262.15,1308.0,1020.0,1226.55,1230.6,1274.25,24813.45,1226.55,43725,-14550,601,1225226730.0,419,F1,75,,,,,
2025-05-21,2025-05-21,FO,NSE,IDO,49337,,NIFTY,,2025-05-22,2025-05-22,26150.0,PE,NIFTY2552226150PE,0.0,0.0,0.0,1356.35,1356.35,1356.35,24813.45,1331.95,1575,0,0,0.0,0,F1,75,,,,,
2025-05-21,2025-05-21,FO,NSE,IDO,61500,,NIFTY,,2025-05-29,2025-05-29,22350.0,PE,NIFTY25MAY22350PE,4.25,4.95,3.15,3.95,4.0,5.7,24813.45,3.95,16425,1950,1692,2836706175.0,999,F1,75,,,,,
2025-05-21,2025-05-21,FO,NSE,IDO,61508,,NIFTY,,2025-05-29,2025-05-29,22550.0,PE,NIFTY25MAY22550PE,4.45,6.0,3.85,4.5,4.6,6.65,24813.45,4.5,37350,6900,1039,1757562348.75,639,F1,75,,,,,
2025-05-21,2025-05-21,FO,NSE,IDO,61510,,NIFTY,,2025-05-29,2025-05-29,22600.0,PE,NIFTY25MAY22600PE,6.65,6.65,3.85,4.55,4.3,6.75,24813.45,4.55,279300,7275,8408,14254522515.0,4874,F1,75,,,,,
2025-05-21,2025-05-21,FO,NSE,IDO,61532,,NIFTY,,2025-05-29,2025-05-29,23150.0,PE,NIFTY25MAY23150PE,9.6,11.8,6.7,7.65,7.6,11.35,24813.45,7.65,48225,17775,2926,5082106218.75,2041,F1,75,,,,,
2025-05-21,2025-05-21,FO,NSE,IDO,61534,,NIFTY,,2025-05-29,2025-05-29,23200.0,PE,NIFTY25MAY23200PE,11.0,12.35,6.75,7.85,8.25,11.4,24813.45,7.85,958350,176925,30655,53359325917.5,14483,F1,75,,,,,
2025-05-21,2025-05-21,FO,NSE,IDO,61542,,NIFTY,,2025-05-29,2025-05-29,23400.0,PE,NIFTY25MAY23400PE,11.2,17.1,9.3,10.65,10.05,14.6,24813.45,10.65,839775,286725,30948,54340421265.0,18118,F1,75,,,,,
2025-05-21,2025-05-21,FO,NSE,IDO,61682,,NIFTY,,2025-05-29,2025-05-29,24450.0,PE,NIFTY25MAY24450PE,114.2,140.7,75.2,101.25,103.0,120.65,24813.45,101.25,257325,36675,28871,53164684747.5,19377,F1,75,,,,,
2025-05-21,2025-05-21,FO,NSE,IDO,61782,,NIFTY,,2025-05-29,2025-05-29,25550.0,PE,NIFTY25MAY25550PE,748.0,822.2,625.6,742.95,760.0,748.35,24813.45,742.95,10950,2400,103,202928610.0,61,F1,75,,,,,
2025-05-21,2025-05-21,FO,NSE,IDO,61800,,NIFTY,,2025-05-29,2025-05-29,25950.0,PE,NIFTY25MAY25950PE,1109.5,1109.5,1109.45,1109.45,1109.45,1197.35,24813.45,1112.9,1950,150,2,4058921.25,2,F1,75,,,,,
2025-05-21,2025-05-21,FO,NSE,IDO,61806,,NIFTY,,2025-05-29,2025-05-29,26100.0,PE,NIFTY25MAY26100PE,1257.4,1257.4,1257.4,1257.4,1257.4,1334.8,24813.45,1257.2,3300,75,1,2051805.0,1,F1,75,,,,,
2025-05-21,2025-05-21,FO,NSE,IDO,61814,,NIFTY,,2025-05-29,2025-05-29,26300.0,PE,NIFTY25MAY26300PE,1451.75,1483.35,1451.7,1483.35,1483.35,1544.0,24813.45,1483.35,2250,-150,5,10411680.0,5,F1,75,,,,,
2025-05-21,2025-05-21,FO,NSE,IDO,61830,,NIFTY,,2025-05-29,2025-05-29,26550.0,PE,NIFTY25MAY26550PE,1756.5,1756.5,1715.7,1715.7,1715.7,1781.75,24813.45,1700.35,675,75,2,4242915.0,2,F1,75,,,,,
2025-05-21,2025-05-21,FO,NSE,IDO,61916,,NIFTY,,2025-05-29,2025-05-29,26750.0,PE,NIFTY25MAY26750PE,1899.9,1899.9,1899.9,1899.9,1899.9,1986.15,24813.45,1899.4,150,75,1,2148742.5,1,F1,75,,,,,
2025-05-21,2025-05-21,FO,NSE,IDO,40408,,NIFTY,,2025-06-05,2025-06-05,23350.0,PE,NIFTY2560523350PE,28.0,33.3,28.0,28.5,28.5,30.1,24813.45,28.5,1350,75,11,19288968.75,7,F1,75,,,,,
2025-05-21,2025-05-21,FO,NSE,IDO,40460,,NIFTY,,2025-06-05,2025-06-05,24400.0,PE,NIFTY2560524400PE,172.0,193.45,122.0,154.7,156.6,168.6,24813.45,154.7,76875,21150,3729,6867772368.75,2943,F1,75,,,,,
2025-05-21,2025-05-21,FO,NSE,IDO,40479,,NIFTY,,2025-06-05,2025-06-05,24750.0,PE,NIFTY2560524750PE,289.35,320.0,210.0,269.8,273.0,288.8,24813.45,269.8,29775,12675,2249,4221464651.25,1294,F1,75,,,,,
2025-05-21,2025-05-21,FO,NSE,IDO,40494,,NIFTY,,2025-06-05,2025-06-05,25050.0,PE,NIFTY2560525050PE,410.0,469.95,322.85,421.65,420.1,455.7,24813.45,421.65,6375,-2775,149,284569695.0,70,F1,75,,,,,
2025-05-21,2025-05-21,FO,NSE,IDO,40556,,NIFTY,,2025-06-05,2025-06-05,26400.0,PE,NIFTY2560526400PE,1532.0,1532.0,1532.0,1532.0,1532.0,1941.4,24813.45,1534.75,75,75,1,2094900.0,1,F1,75,,,,,
2025-05-21,2025-05-21,FO,NSE,IDO,44731,,NIFTY,,2025-06-12,2025-06-12,22550.0,PE,NIFTY2561222550PE,0.0,0.0,0.0,32.2,0.0,32.2,24813.45,3.55,0,0,0,0.0,0,F1,75,,,,,
2025-05-21,2025-05-21,FO,NSE,IDO,44761,,NIFTY,,2025-06-12,2025-06-12,23050.0,PE,NIFTY2561223050PE,37.05,37.05,37.05,37.05,37.05,31.05,24813.45,37.05,1575,75,1,1731528.75,1,F1,75,,,,,
2025-05-21,2025-05-21,FO,NSE,IDO,44763,,NIFTY,,2025-06-12,2025-06-12,23100.0,PE,NIFTY2561223100PE,34.5,44.1,28.1,44.1,44.1,36.0,24813.45,16.45,900,75,25,43378215.0,9,F1,75,,,,,
2025-05-21,2025-05-21,FO,NSE,IDO,44811,,NIFTY,,2025-06-12,2025-06-12,23950.0,PE,NIFTY2561223950PE,90.0,90.0,90.0,90.0,90.0,90.0,24813.45,102.3,225,150,2,3606000.0,1,F1,75,,,,,
2025-05-21,2025-05-21,FO,NSE,IDO,44911,,NIFTY,,2025-06-12,2025-06-12,25950.0,PE,NIFTY2561225950PE,0.0,0.0,0.0,1588.65,0.0,1588.65,24813.45,1135.55,0,0,0,0.0,0,F1,75,,,,,
2025-05-21,2025-05-21,FO,NSE,IDO,44927,,NIFTY,,2025-06-12,2025-06-12,26350.0,PE,NIFTY2561226350PE,0.0,0.0,0.0,1949.7,0.0,1949.7,24813.45,1483.85,0,0,0,0.0,0,F1,75,,,,,
2025-05-21,2025-05-21,FO,NSE,IDO,50962,,NIFTY,,2025-06-19,2025-06-19,24100.0,PE,NIFTY2561924100PE,176.6,176.6,156.0,156.0,156.0,140.1,24813.45,173.4,225,-75,3,5460281.25,3,F1,75,,,,,
2025-05-21,2025-05-21,FO,NSE,IDO,50986,,NIFTY,,2025-06-19,2025-06-19,24450.0,PE,NIFTY2561924450PE,0.0,0.0,0.0,237.3,0.0,237.3,24813.45,277.95,0,0,0,0.0,0,F1,75,,,,,
2025-05-21,2025-05-21,FO,NSE,IDO,51000,,NIFTY,,2025-06-19,2025-06-19,24750.0,PE,NIFTY2561924750PE,0.0,0.0,0.0,336.55,0.0,336.55,24813.45,397.3,0,0,0,0.0,0,F1,75,,,,,
2025-05-21,2025-05-21,FO,NSE,IDO,51044,,NIFTY,,2025-06-19,2025-06-19,25700.0,PE,NIFTY2561925700PE,818.55,818.55,818.55,818.55,818.55,818.55,24813.45,962.25,75,0,1,1988891.25,1,F1,75,,,,,
2025-05-21,2025-05-21,FO,NSE,IDO,51058,,NIFTY,,2025-06-19,2025-06-19,26050.0,PE,NIFTY2561926050PE,0.0,0.0,0.0,1058.3,0.0,1058.3,24813.45,1233.75,0,0,0,0.0,0,F1,75,,,,,
2025-05-21,2025-05-21,FO,NSE,IDO,51076,,NIFTY,,2025-06-19,2025-06-19,26450.0,PE,NIFTY2561926450PE,0.0,0.0,0.0,1366.8,0.0,1366.8,24813.45,1574.0,0,0,0,0.0,0,F1,75,,,,,
2025-05-21,2025-05-21,FO,NSE,IDO,62074,,NIFTY,,2025-06-26,2025-06-26,20650.0,PE,NIFTY25JUN20650PE,14.4,14.4,14.4,14.4,14.4,15.35,24813.45,0.1,2250,75,1,1549830.0,1,F1,75,,,,,
2025-05-21,2025-05-21,FO,NSE,IDO,62104,,NIFTY,,2025-06-26,2025-06-26,20950.0,PE,NIFTY25JUN20950PE,0.0,0.0,0.0,18.8,18.75,18.8,24813.45,0.25,3600,0,0,0.0,0,F1,75,,,,,
2025-05-21,2025-05-21,FO,NSE,IDO,51450,,NIFTY,,2025-06-26,2025-06-26,21000.0,PE,NIFTY25JUN21000PE,18.6,19.95,12.25,18.1,18.4,18.8,24813.45,18.1,2006125,-25125,6744,10630776285.0,3798,F1,75,,,,,
2025-05-21,2025-05-21,FO,NSE,IDO,62121,,NIFTY,,2025-06-26,2025-06-26,21050.0,PE,NIFTY25JUN21050PE,19.15,19.15,14.95,18.3,18.3,19.15,24813.45,0.35,4425,450,14,22121722.5,3,F1,75,,,,,
2025-05-21,2025-05-21,FO,NSE,IDO,62380,,NIFTY,,2025-06-26,2025-06-26,24600.0,PE,NIFTY25JUN24600PE,390.1,390.1,290.05,342.55,336.05,359.9,24813.45,342.55,212925,8550,2186,4089131966.25,1707,F1,75,,,,,
2025-05-21,2025-05-21,FO,NSE,IDO,62426,,NIFTY,,2025-06-26,2025-06-26,25600.0,PE,NIFTY25JUN25600PE,892.5,931.0,747.05,846.5,846.5,897.6,24813.45,846.5,26775,825,48,95186925.0,30,F1,75,,,,,
2025-05-21,2025-05-21,FO,NSE,IDO,62432,,NIFTY,,2025-06-26,2025-06-26,25750.0,PE,NIFTY25JUN25750PE,897.0,956.4,897.0,956.4,956.4,836.05,24813.45,1018.85,1350,-150,3,6000030.0,2,F1,75,,,,,
2025-05-21,2025-05-21,FO,NSE,IDO,55728,,NIFTY,,2025-07-31,2025-07-31,23300.0,PE,NIFTY25JUL23300PE,180.0,195.0,162.5,182.2,182.2,186.35,24813.45,158.7,58200,5250,87,153167250.0,52,F1,75,,,,,
2025-05-21,2025-05-21,FO,NSE,IDO,55740,,NIFTY,,2025-07-31,2025-07-31,23600.0,PE,NIFTY25JUL23600PE,230.0,230.0,201.0,216.2,216.2,233.35,24813.45,216.3,9075,1875,71,126786420.0,21,F1,75,,,,,
2025-05-21,2025-05-21,FO,NSE,IDO,55770,,NIFTY,,2025-07-31,2025-07-31,24250.0,PE,NIFTY25JUL24250PE,365.65,365.65,365.65,365.65,365.65,305.85,24813.45,392.05,5175,0,1,1846173.75,1,F1,75,,,,,
2025-05-21,2025-05-21,FO,NSE,IDO,55808,,NIFTY,,2025-07-31,2025-07-31,25200.0,PE,NIFTY25JUL25200PE,700.0,759.5,632.35,709.7,712.0,683.55,24813.45,709.7,10425,750,65,126235128.75,26,F1,75,,,,,
2025-05-21,2025-05-21,FO,NSE,IDO,55824,,NIFTY,,2025-07-31,2025-07-31,25450.0,PE,NIFTY25JUL25450PE,830.45,832.25,830.45,832.25,832.25,722.0,24813.45,832.25,975,-450,12,23653038.75,5,F1,75,,,,,
2025-05-21,2025-05-21,FO,NSE,IDO,55836,,NIFTY,,2025-07-31,2025-07-31,25700.0,PE,NIFTY25JUL25700PE,0.0,0.0,0.0,957.2,957.2,957.2,24813.45,1081.35,975,0,0,0.0,0,F1,75,,,,,
2025-05-21,2025-05-21,FO,NSE,IDO,55848,,NIFTY,,2025-07-31,2025-07-31,25950.0,PE,NIFTY25JUL25950PE,1132.4,1132.45,1132.4,1132.45,1132.45,954.9,24813.45,1242.05,675,75,2,4062363.75,2,F1,75,,,,,
2025-05-21,2025-05-21,FO,NSE,IDO,55870,,NIFTY,,2025-07-31,2025-07-31,26500.0,PE,NIFTY25JUL26500PE,1609.35,1609.35,1410.0,1504.0,1504.0,1590.0,24813.45,1634.85,22950,1725,61,128145686.25,36,F1,75,,,,,
2025-05-21,2025-05-21,FO,NSE,IDO,64681,,NIFTY,,2025-09-25,2025-09-25,18000.0,PE,NIFTY25SEP18000PE,0.0,0.0,0.0,3.05,0.0,3.05,24813.45,0.25,0,0,0,0.0,0,F1,75,,,,,
2025-05-21,2025-05-21,FO,NSE,IDO,35222,,NIFTY,,2025-12-24,2025-12-24,30000.0,PE,NIFTY25DEC30000PE,0.0,0.0,0.0,4200.0,4200.0,4200.0,24813.45,4263.05,900,0,0,0.0,0,F1,75,,,,,
2025-05-21,2025-05-21,FO,NSE,IDO,62921,,NIFTY,,2026-03-26,2026-03-26,22000.0,PE,NIFTY26MAR22000PE,0.0,0.0,0.0,346.6,0.0,346.6,24813.45,252.0,0,0,0,0.0,0,F1,75,,,,,
2025-05-21,2025-05-21,FO,NSE,IDO,50462,,NIFTY,,2026-06-25,2026-06-25,16000.0,PE,NIFTY26JUN16000PE,0.0,0.0,0.0,21.0,21.0,21.0,24813.45,2.75,2275,0,0,0.0,0,F1,75,,,,,
2025-05-21,2025-05-21,FO,NSE,IDO,71477,,NIFTY,,2026-06-25,2026-06-25,26000.0,PE,NIFTY26JUN26000PE,0.0,0.0,0.0,6709.2,0.0,6709.2,24813.45,1483.1,0,0,0,0.0,0,F1,75,,,,,
2025-05-21,2025-05-21,FO,NSE,IDO,50976,,NIFTY,,2026-06-25,2026-06-25,27000.0,PE,NIFTY26JUN27000PE,0.0,0.0,0.0,6810.7,0.0,6810.7,24813.45,1966.95,0,0,0,0.0,0,F1,75,,,,,
2025-05-21,2025-05-21,FO,NSE,IDO,61751,,NIFTY,,2025-05-29,2025-05-29,24900.0,CE,NIFTY25MAY24900CE,188.4,313.95,158.65,197.75,189.8,179.75,24813.45,197.75,1548450,82725,151384,285269344218.75,99336,F1,75,,,,,
2025-05-21,2025-05-21,FO,NSE,IDO,61809,,NIFTY,,2025-05-29,2025-05-29,26200.0,CE,NIFTY25MAY26200CE,5.65,6.3,3.1,3.55,3.4,5.85,24813.45,3.55,3251175,1309725,117022,229983779160.0,41709,F1,75,,,,,
2025-05-21,2025-05-21,FO,NSE,IDO,40349,,NIFTY,,2025-06-05,2025-06-05,22350.0,CE,NIFTY2560522350CE,2501.8,2501.8,2501.8,2501.8,2501.8,2147.95,24813.45,2501.8,75,75,1,1863885.0,1,F1,75,,,,,
2025-05-21,2025-05-21,FO,NSE,IDO,40393,,NIFTY,,2025-06-05,2025-06-05,23100.0,CE,NIFTY2560523100CE,1788.7,1788.7,1785.9,1787.3,1785.9,1771.0,24813.45,1787.3,450,150,2,3733095.0,2,F1,75,,,,,
2025-05-21,2025-05-21,FO,NSE,IDO,40415,,NIFTY,,2025-06-05,2025-06-05,23550.0,CE,NIFTY2560523550CE,1353.1,1353.1,1353.1,1353.1,1353.1,1298.95,24813.45,1353.1,525,75,1,1867732.5,1,F1,75,,,,,
2025-05-21,2025-05-21,FO,NSE,IDO,40525,,NIFTY,,2025-06-05,2025-06-05,25650.0,CE,NIFTY2560525650CE,59.1,95.3,54.0,62.45,60.0,60.65,24813.45,62.45,22275,8625,449,866292438.75,294,F1,75,,,,,
2025-05-21,2025-05-21,FO,NSE,IDO,40543,,NIFTY,,2025-06-05,2025-06-05,26100.0,CE,NIFTY2560526100CE,18.05,31.0,15.8,19.3,18.9,22.2,24813.45,19.3,41850,3150,2905,5691484755.0,2060,F1,75,,,,,
2025-05-21,2025-05-21,FO,NSE,IDO,40545,,NIFTY,,2025-06-05,2025-06-05,26150.0,CE,NIFTY2560526150CE,21.1,27.25,14.75,16.45,16.8,20.1,24813.45,16.45,6750,3525,182,357229316.25,80,F1,75,,,,,
2025-05-21,2025-05-21,FO,NSE,IDO,40551,,NIFTY,,2025-06-05,2025-06-05,26300.0,CE,NIFTY2560526300CE,15.8,19.9,10.7,12.0,11.65,15.8,24813.45,12.0,54450,1275,1328,2620856336.25,768,F1,75,,,,,
2025-05-21,2025-05-21,FO,NSE,IDO,44762,,NIFTY,,2025-06-12,2025-06-12,23100.0,CE,NIFTY2561223100CE,0.0,0.0,0.0,1409.45,0.0,1409.45,24813.45,1819.1,0,0,0,0.0,0,F1,75,,,,,
2025-05-21,2025-05-21,FO,NSE,IDO,44778,,NIFTY,,2025-06-12,2025-06-12,23500.0,CE,NIFTY2561223500CE,0.0,0.0,0.0,1086.95,0.0,1086.95,24813.45,1446.1,0,0,0,0.0,0,F1,75,,,,,
2025-05-21,2025-05-21,FO,NSE,IDO,44926,,NIFTY,,2025-06-12,2025-06-12,26350.0,CE,NIFTY2561226350CE,43.85,43.85,21.2,22.55,23.9,26.3,24813.45,22.55,2775,450,12,23741332.5,8,F1,75,,,,,
2025-05-21,2025-05-21,FO,NSE,IDO,51033,,NIFTY,,2025-06-19,2025-06-19,25550.0,CE,NIFTY2561925550CE,0.0,0.0,0.0,400.95,0.0,400.95,24813.45,248.7,0,0,0,0.0,0,F1,75,,,,,
2025-05-21,2025-05-21,FO,NSE,IDO,51085,,NIFTY,,2025-06-19,2025-06-19,26650.0,CE,NIFTY2561926650CE,0.0,0.0,0.0,114.9,0.0,114.9,24813.45,52.45,0,0,0,0.0,0,F1,75,,,,,
2025-05-21,2025-05-21,FO,NSE,IDO,62063,,NIFTY,,2025-06-26,2025-06-26,20450.0,CE,NIFTY25JUN20450CE,0.0,0.0,0.0,3753.2,3755.55,3753.2,24813.45,4497.4,525,0,0,0.0,0,F1,75,,,,,
2025-05-21,2025-05-21,FO,NSE,IDO,62143,,NIFTY,,2025-06-26,2025-06-26,21500.0,CE,NIFTY25JUN21500CE,3350.0,3460.0,3350.0,3430.0,3430.0,3358.6,24813.45,3430.0,16425,1875,28,52340107.5,13,F1,75,,,,,
2025-05-21,2025-05-21,FO,NSE,IDO,62195,,NIFTY,,2025-06-26,2025-06-26,22400.0,CE,NIFTY25JUN22400CE,2565.0,2565.0,2565.0,2565.0,2565.0,2813.85,24813.45,2571.65,2025,75,1,1872375.0,1,F1,75,,,,,
2025-05-21,2025-05-21,FO,NSE,IDO,62349,,NIFTY,,2025-06-26,2025-06-26,23950.0,CE,NIFTY25JUN23950CE,1194.65,1195.05,1193.65,1193.65,1193.65,1050.0,24813.45,1191.25,600,0,4,7543365.0,4,F1,75,,,,,
2025-05-21,2025-05-21,FO,NSE,IDO,62423,,NIFTY,,2025-06-26,2025-06-26,25550.0,CE,NIFTY25JUN25550CE,199.95,279.65,195.05,211.45,211.25,201.75,24813.45,211.45,24900,-975,534,1032711675.0,251,F1,75,,,,,
2025-05-21,2025-05-21,FO,NSE,IDO,62427,,NIFTY,,2025-06-26,2025-06-26,25650.0,CE,NIFTY25JUN25650CE,173.45,238.1,170.55,181.3,183.0,173.45,24813.45,181.3,7500,1050,92,178322767.5,36,F1,75,,,,,
2025-05-21,2025-05-21,FO,NSE,IDO,62469,,NIFTY,,2025-06-26,2025-06-26,26400.0,CE,NIFTY25JUN26400CE,48.65,70.0,45.0,50.9,50.0,49.9,24813.45,50.9,113775,29250,3651,7243966860.0,2468,F1,75,,,,,
2025-05-21,2025-05-21,FO,NSE,IDO,62471,,NIFTY,,2025-06-26,2025-06-26,26450.0,CE,NIFTY25JUN26450CE,44.1,63.95,44.1,47.7,46.8,46.7,24813.45,47.7,5550,750,150,298127775.0,83,F1,75,,,,,
2025-05-21,2025-05-21,FO,NSE,IDO,55685,,NIFTY,,2025-07-31,2025-07-31,22600.0,CE,NIFTY25JUL22600CE,2523.05,2523.05,2523.05,2523.05,2523.05,2782.9,24813.45,2523.05,300,75,1,1884228.75,1,F1,75,,,,,
2025-05-21,2025-05-21,FO,NSE,IDO,55705,,NIFTY,,2025-07-31,2025-07-31,23050.0,CE,NIFTY25JUL23050CE,2124.85,2124.85,2124.85,2124.85,2124.85,2372.8,24813.45,2124.85,675,75,1,1888113.75,1,F1,75,,,,,
2025-05-21,2025-05-21,FO,NSE,IDO,55757,,NIFTY,,2025-07-31,2025-07-31,24000.0,CE,NIFTY25JUL24000CE,1315.0,1500.0,1300.0,1344.2,1345.9,1312.75,24813.45,1344.2,110325,4350,220,418831162.5,176,F1,75,,,,,
2025-05-21,2025-05-21,FO,NSE,IDO,55763,,NIFTY,,2025-07-31,2025-07-31,24150.0,CE,NIFTY25JUL24150CE,1246.15,1270.2,1246.15,1270.2,1270.2,1447.3,24813.45,1334.25,975,-150,3,5715937.5,2,F1,75,,,,,
2025-05-21,2025-05-21,FO,NSE,IDO,55773,,NIFTY,,2025-07-31,2025-07-31,24350.0,CE,NIFTY25JUL24350CE,1126.25,1126.25,1126.25,1126.25,1126.25,1293.5,24813.45,1202.9,525,75,1,1910718.75,1,F1,75,,,,,
2025-05-21,2025-05-21,FO,NSE,IDO,55825,,NIFTY,,2025-07-31,2025-07-31,25500.0,CE,NIFTY25JUL25500CE,430.05,533.5,415.8,442.85,442.0,426.55,24813.45,442.85,219675,14700,1625,3164854935.0,1257,F1,75,,,,,
2025-05-21,2025-05-21,FO,NSE,IDO,55835,,NIFTY,,2025-07-31,2025-07-31,25700.0,CE,NIFTY25JUL25700CE,384.0,428.0,365.35,371.45,372.05,345.7,24813.45,371.45,4875,450,17,33259612.5,15,F1,75,,,,,
2025-05-21,2025-05-21,FO,NSE,IDO,64684,,NIFTY,,2025-09-25,2025-09-25,20000.0,CE,NIFTY25SEP20000CE,0.0,0.0,0.0,5390.0,5390.0,5390.0,24813.45,5279.6,375,0,0,0.0,0,F1,75,,,,,
2025-05-21,2025-05-21,FO,NSE,IDO,64692,,NIFTY,,2025-09-25,2025-09-25,24000.0,CE,NIFTY25SEP24000CE,1650.05,1841.2,1645.0,1697.65,1672.5,1655.95,24813.45,1697.65,299325,-1875,162,312816528.75,126,F1,75,,,,,
2025-05-21,2025-05-21,FO,NSE,IDO,64696,,NIFTY,,2025-09-25,2025-09-25,26000.0,CE,NIFTY25SEP26000CE,510.7,605.2,501.3,531.1,527.55,516.05,24813.45,531.1,584850,-10725,2177,4334010067.5,1807,F1,75,,,,,
2025-05-21,2025-05-21,FO,NSE,IDO,64698,,NIFTY,,2025-09-25,2025-09-25,27000.0,CE,NIFTY25SEP27000CE,232.85,275.35,222.9,235.6,236.95,227.2,24813.45,235.6,327750,-9675,1895,3872294640.0,1307,F1,75,,,,,
2025-05-21,2025-05-21,FO,NSE,IDO,51451,,NIFTY,,2025-12-24,2025-12-24,21000.0,CE,NIFTY25DEC21000CE,4750.0,4750.0,4690.0,4690.0,4690.0,4618.75,24813.45,4711.35,111650,-75,3,5785875.0,3,F1,75,,,,,
2025-05-21,2025-05-21,FO,NSE,IDO,62920,,NIFTY,,2026-03-26,2026-03-26,22000.0,CE,NIFTY26MAR22000CE,0.0,0.0,0.0,3481.2,0.0,3481.2,24813.45,4271.5,0,0,0,0.0,0,F1,75,,,,,
2025-05-21,2025-05-21,FO,NSE,IDO,35262,,NIFTY,,2027-06-24,2027-06-24,30000.0,CE,NIFTY27JUN30000CE,0.0,0.0,0.0,1478.4,0.0,1478.4,24813.45,1971.8,0,0,0,0.0,0,F1,75,,,,,
2025-05-21,2025-05-21,FO,NSE,IDO,53631,,NIFTY,,2027-12-30,2027-12-30,27000.0,CE,NIFTY27DEC27000CE,0.0,0.0,0.0,2889.8,0.0,2889.8,24813.45,3862.2,0,0,0,0.0,0,F1,75,,,,,
2025-05-21,2025-05-21,FO,NSE,IDO,86149,,NIFTY,,2028-06-29,2028-06-29,23000.0,CE,NIFTY28JUN23000CE,0.0,0.0,0.0,4323.1,0.0,4323.1,24813.45,6758.55,0,0,0,0.0,0,F1,75,,,,,
2025-05-21,2025-05-21,FO,NSE,IDO,67790,,NIFTY,,2028-12-28,2028-12-28,28000.0,CE,NIFTY28DEC28000CE,0.0,0.0,0.0,4027.15,0.0,4027.15,24813.45,4682.3,0,0,0,0.0,0,F1,75,,,,,
2025-05-21,2025-05-21,FO,NSE,IDO,89612,,NIFTY,,2029-06-28,2029-06-28,18000.0,CE,NIFTY29JUN18000CE,0.0,0.0,0.0,11678.65,0.0,11678.65,24813.45,11246.2,0,0,0,0.0,0,F1,75,,,,,
2025-05-21,2025-05-21,FO,NSE,IDO,89632,,NIFTY,,2029-06-28,2029-06-28,25000.0,CE,NIFTY29JUN25000CE,0.0,0.0,0.0,7557.7,0.0,7557.7,24813.45,6797.9,0,0,0,0.0,0,F1,75,,,,,
2025-05-21,2025-05-21,FO,NSE,IDO,61410,,NIFTY,,2029-12-27,2029-12-27,20000.0,CE,NIFTY29DEC20000CE,0.0,0.0,0.0,10081.1,0.0,10081.1,24813.45,10362.0,0,0,0,0.0,0,F1,75,,,,,
2025-05-21,2025-05-21,FO,NSE,IDO,49082,,NIFTY,,2025-05-22,2025-05-22,22150.0,PE,NIFTY2552222150PE,0.45,0.55,0.2,0.2,0.2,0.5,24813.45,0.2,916500,76425,97741,162374968766.25,11326,F1,75,,,,,
2025-05-21,2025-05-21,FO,NSE,IDO,49170,,NIFTY,,2025-05-22,2025-05-22,23800.0,PE,NIFTY2552223800PE,2.15,2.95,0.85,1.15,0.95,3.9,24813.45,1.15,3680175,-136425,618941,1104886407551.25,117594,F1,75,,,,,
2025-05-21,2025-05-21,FO,NSE,IDO,49207,,NIFTY,,2025-05-22,2025-05-22,24500.0,PE,NIFTY2552224500PE,33.0,59.15,15.8,23.8,26.25,39.85,24813.45,23.8,5790150,-808125,3714422,6833647295857.5,1378517,F1,75,,,,,
2025-05-21,2025-05-21,FO,NSE,IDO,49213,,NIFTY,,2025-05-22,2025-05-22,24650.0,PE,NIFTY2552224650PE,54.0,113.95,30.0,56.0,61.5,82.7,24813.45,56.0,2298375,583275,2295136,4254091658325.0,1175184,F1,75,,,,,
2025-05-21,2025-05-21,FO,NSE,IDO,49322,,NIFTY,,2025-05-22,2025-05-22,25900.0,PE,NIFTY2552225900PE,1160.6,1202.4,959.3,1108.75,1108.75,1167.0,24813.45,1108.75,11925,1875,149,301998183.75,120,F1,75,,,,,
2025-05-21,2025-05-21,FO,NSE,IDO,61322,,NIFTY,,2025-05-29,2025-05-29,20350.0,PE,NIFTY25MAY20350PE,2.0,2.0,1.35,1.45,1.5,1.85,24813.45,1.45,733050,51750,10298,15718475831.25,2122,F1,75,,,,,
2025-05-21,2025-05-21,FO,NSE,IDO,61398,,NIFTY,,2025-05-29,2025-05-29,21550.0,PE,NIFTY25MAY21550PE,3.15,3.15,2.5,2.65,2.55,3.65,24813.45,2.65,27675,1500,174,281262330.0,127,F1,75,,,,,
2025-05-21,2025-05-21,FO,NSE,IDO,61472,,NIFTY,,2025-05-29,2025-05-29,21800.0,PE,NIFTY25MAY21800PE,3.1,3.7,2.9,3.05,3.1,4.05,24813.45,3.05,267600,8850,3122,5105213853.75,2053,F1,75,,,,,
2025-05-21,2025-05-21,FO,NSE,IDO,61490,,NIFTY,,2025-05-29,2025-05-29,22100.0,PE,NIFTY25MAY22100PE,4.0,4.55,3.15,3.5,3.5,4.75,24813.45,3.5,138900,32925,4910,8139655481.25,2780,F1,75,,,,,
2025-05-21,2025-05-21,FO,NSE,IDO,61680,,NIFTY,,2025-05-29,2025-05-29,24400.0,PE,NIFTY25MAY24400PE,102.2,126.5,67.2,89.3,89.85,107.4,24813.45,89.3,2318475,162300,77606,142555529493.75,49742,F1,75,,,,,
2025-05-21,2025-05-21,FO,NSE,IDO,61780,,NIFTY,,2025-05-29,2025-05-29,25500.0,PE,NIFTY25MAY25500PE,736.05,798.6,549.7,704.65,712.0,761.45,24813.45,704.65,1010775,-26325,6641,13036209285.0,3789,F1,75,,,,,
2025-05-21,2025-05-21,FO,NSE,IDO,61912,,NIFTY,,2025-05-29,2025-05-29,26700.0,PE,NIFTY25MAY26700PE,1849.85,1849.85,1849.85,1849.85,1849.85,1938.75,24813.45,1849.6,150,75,1,2141238.75,1,F1,75,,,,,
2025-05-21,2025-05-21,FO,NSE,IDO,40348,,NIFTY,,2025-06-05,2025-06-05,22300.0,PE,NIFTY2560522300PE,6.75,9.25,6.0,7.25,7.05,9.05,24813.45,7.25,42075,7500,367,614008946.25,167,F1,75,,,,,
2025-05-21,2025-05-21,FO,NSE,IDO,40386,,NIFTY,,2025-06-05,2025-06-05,22900.0,PE,NIFTY2560522900PE,20.75,20.75,11.65,11.65,11.65,18.9,24813.45,2.8,4200,0,2,3437430.0,2,F1,75,,,,,
2025-05-21,2025-05-21,FO,NSE,IDO,40398,,NIFTY,,2025-06-05,2025-06-05,23150.0,PE,NIFTY2560523150PE,0.0,0.0,0.0,19.45,19.45,19.45,24813.45,6.7,1875,0,0,0.0,0,F1,75,,,,,
2025-05-21,2025-05-21,FO,NSE,IDO,40416,,NIFTY,,2025-06-05,2025-06-05,23550.0,PE,NIFTY2560523550PE,36.85,44.9,33.0,38.5,38.2,46.15,24813.45,38.5,5100,300,70,123838961.25,24,F1,75,,,,,
2025-05-21,2025-05-21,FO,NSE,IDO,40452,,NIFTY,,2025-06-05,2025-06-05,24300.0,PE,NIFTY2560524300PE,134.65,165.0,100.3,130.45,132.15,141.35,24813.45,130.45,266325,10575,3905,7155203085.0,2758,F1,75,,,,,
2025-05-21,2025-05-21,FO,NSE,IDO,40536,,NIFTY,,2025-06-05,2025-06-05,25900.0,PE,NIFTY2560525900PE,1066.8,1068.35,1066.8,1068.35,1068.35,1128.05,24813.45,1076.0,750,150,2,4045136.25,2,F1,75,,,,,
2025-05-21,2025-05-21,FO,NSE,IDO,40578,,NIFTY,,2025-06-05,2025-06-05,26750.0,PE,NIFTY2560526750PE,1876.35,1876.55,1876.35,1876.55,1876.55,2269.2,24813.45,1872.95,150,150,2,4293967.5,2,F1,75,,,,,
2025-05-21,2025-05-21,FO,NSE,IDO,44793,,NIFTY,,2025-06-12,2025-06-12,23700.0,PE,NIFTY2561223700PE,89.5,91.5,84.0,88.25,84.0,72.9,24813.45,88.25,1200,-75,11,19626562.5,10,F1,75,,,,,
2025-05-21,2025-05-21,FO,NSE,IDO,44915,,NIFTY,,2025-06-12,2025-06-12,26050.0,PE,NIFTY2561226050PE,0.0,0.0,0.0,1677.05,0.0,1677.05,24813.45,1219.8,0,0,0,0.0,0,F1,75,,,,,
2025-05-21,2025-05-21,FO,NSE,IDO,62126,,NIFTY,,2025-06-26,2025-06-26,21150.0,PE,NIFTY25JUN21150PE,18.95,19.35,18.95,19.35,19.35,17.95,24813.45,0.45,7875,675,9,14289251.25,9,F1,75,,,,,
2025-05-21,2025-05-21,FO,NSE,IDO,62160,,NIFTY,,2025-06-26,2025-06-26,21700.0,PE,NIFTY25JUN21700PE,31.6,31.6,18.55,25.2,25.3,26.15,24813.45,25.2,13725,3150,363,591464662.5,112,F1,75,,,,,
2025-05-21,2025-05-21,FO,NSE,IDO,62186,,NIFTY,,2025-06-26,2025-06-26,22150.0,PE,NIFTY25JUN22150PE,0.0,0.0,0.0,118.6,118.6,118.6,24813.45,6.55,375,0,0,0.0,0,F1,75,,,,,
2025-05-21,2025-05-21,FO,NSE,IDO,62320,,NIFTY,,2025-06-26,2025-06-26,23250.0,PE,NIFTY25JUN23250PE,93.0,107.1,79.0,89.65,89.65,94.25,24813.45,89.65,5250,-1125,184,322109283.75,69,F1,75,,,,,
2025-05-21,2025-05-21,FO,NSE,IDO,62396,,NIFTY,,2025-06-26,2025-06-26,24900.0,PE,NIFTY25JUN24900PE,476.7,511.95,387.0,459.85,460.9,481.8,24813.45,459.85,242550,56850,5279,10035652845.0,4230,F1,75,,,,,
2025-05-21,2025-05-21,FO,NSE,IDO,62402,,NIFTY,,2025-06-26,2025-06-26,25100.0,PE,NIFTY25JUN25100PE,581.5,615.5,465.05,551.35,556.35,581.2,24813.45,551.35,154050,-24075,3479,6691955542.5,2376,F1,75,,,,,
2025-05-21,2025-05-21,FO,NSE,IDO,55702,,NIFTY,,2025-07-31,2025-07-31,22950.0,PE,NIFTY25JUL22950PE,0.0,0.0,0.0,112.35,112.35,112.35,24813.45,107.2,1650,0,0,0.0,0,F1,75,,,,,
2025-05-21,2025-05-21,FO,NSE,IDO,55730,,NIFTY,,2025-07-31,2025-07-31,23350.0,PE,NIFTY25JUL23350PE,0.0,0.0,0.0,155.15,155.15,155.15,24813.45,167.35,1125,0,0,0.0,0,F1,75,,,,,
2025-05-21,2025-05-21,FO,NSE,IDO,55860,,NIFTY,,2025-07-31,2025-07-31,26250.0,PE,NIFTY25JUL26250PE,1339.05,1339.05,1339.05,1339.05,1339.05,1145.5,24813.45,1449.45,225,75,1,2069178.75,1,F1,75,,,,,
2025-05-21,2025-05-21,FO,NSE,IDO,64697,,NIFTY,,2025-09-25,2025-09-25,26000.0,PE,NIFTY25SEP26000PE,1168.5,1217.6,1050.55,1152.05,1166.4,1184.9,24813.45,1152.05,432825,9975,635,1292499262.5,572,F1,75,,,,,
2025-05-21,2025-05-21,FO,NSE,IDO,64703,,NIFTY,,2025-09-25,2025-09-25,29000.0,PE,NIFTY25SEP29000PE,0.0,0.0,0.0,2125.3,0.0,2125.3,24813.45,3650.75,0,0,0,0.0,0,F1,75,,,,,
2025-05-21,2025-05-21,FO,NSE,IDO,49178,,NIFTY,,2025-12-24,2025-12-24,16000.0,PE,NIFTY25DEC16000PE,0.0,0.0,0.0,27.75,27.75,27.75,24813.45,0.15,3550,0,0,0.0,0,F1,75,,,,,
2025-05-21,2025-05-21,FO,NSE,IDO,39988,,NIFTY,,2025-12-24,2025-12-24,19000.0,PE,NIFTY25DEC19000PE,77.0,77.0,70.15,71.3,72.95,76.15,24813.45,71.3,187850,-16675,436,623677530.0,241,F1,75,,,,,
2025-05-21,2025-05-21,FO,NSE,IDO,62955,,NIFTY,,2026-03-26,2026-03-26,30000.0,PE,NIFTY26MAR30000PE,0.0,0.0,0.0,4604.45,0.0,4604.45,24813.45,4029.1,0,0,0,0.0,0,F1,75,,,,,
2025-05-21,2025-05-21,FO,NSE,IDO,39990,,NIFTY,,2026-06-25,2026-06-25,19000.0,PE,NIFTY26JUN19000PE,0.0,0.0,0.0,205.7,205.7,205.7,24813.45,47.5,250,0,0,0.0,0,F1,75,,,,,
2025-05-21,2025-05-21,FO,NSE,IDO,37805,,NIFTY,,2026-06-25,2026-06-25,23000.0,PE,NIFTY26JUN23000PE,450.0,455.0,450.0,455.0,455.0,450.0,24813.45,495.0,7725,450,7,12311625.0,3,F1,75,,,,,
2025-05-21,2025-05-21,FO,NSE,IDO,71473,,NIFTY,,2026-06-25,2026-06-25,24000.0,PE,NIFTY26JUN24000PE,590.0,618.0,563.3,615.0,615.0,600.0,24813.45,615.0,11475,4650,76,140217003.75,55,F1,75,,,,,
2025-05-21,2025-05-21,FO,NSE,IDO,58633,,NIFTY,,2026-12-31,2026-12-31,14000.0,PE,NIFTY26DEC14000PE,0.0,0.0,0.0,21.3,21.3,21.3,24813.45,1.25,1700,0,0,0.0,0,F1,75,,,,,
2025-05-21,2025-05-21,FO,NSE,IDO,58649,,NIFTY,,2026-12-31,2026-12-31,22000.0,PE,NIFTY26DEC22000PE,0.0,0.0,0.0,488.0,488.0,488.0,24813.45,389.95,6325,0,0,0.0,0,F1,75,,,,,
2025-05-21,2025-05-21,FO,NSE,IDO,37810,,NIFTY,,2026-12-31,2026-12-31,23000.0,PE,NIFTY26DEC23000PE,561.0,578.6,561.0,578.6,578.6,570.0,24813.45,577.1,22575,-75,2,3535470.0,2,F1,75,,,,,
2025-05-21,2025-05-21,FO,NSE,IDO,53602,,NIFTY,,2027-12-30,2027-12-30,17000.0,PE,NIFTY27DEC17000PE,0.0,0.0,0.0,110.0,110.0,110.0,24813.45,51.0,14200,0,0,0.0,0,F1,75,,,,,
2025-05-21,2025-05-21,FO,NSE,IDO,53611,,NIFTY,,2027-12-30,2027-12-30,20000.0,PE,NIFTY27DEC20000PE,0.0,0.0,0.0,460.0,460.0,460.0,24813.45,221.3,3950,0,0,0.0,0,F1,75,,,,,
2025-05-21,2025-05-21,FO,NSE,IDO,86146,,NIFTY,,2028-06-29,2028-06-29,21000.0,PE,NIFTY28JUN21000PE,0.0,0.0,0.0,907.2,0.0,907.2,24813.45,345.5,0,0,0,0.0,0,F1,75,,,,,
2025-05-21,2025-05-21,FO,NSE,IDO,89613,,NIFTY,,2029-06-28,2029-06-28,18000.0,PE,NIFTY29JUN18000PE,0.0,0.0,0.0,118.45,0.0,118.45,24813.45,125.35,0,0,0,0.0,0,F1,75,,,,,
2025-05-21,2025-05-21,FO,NSE,IDO,89615,,NIFTY,,2029-06-28,2029-06-28,19000.0,PE,NIFTY29JUN19000PE,0.0,0.0,0.0,170.3,0.0,170.3,24813.45,184.55,0,0,0,0.0,0,F1,75,,,,,
2025-05-21,2025-05-21,FO,NSE,IDO,61660,,NIFTY,,2029-12-27,2029-12-27,21000.0,PE,NIFTY29DEC21000PE,0.0,0.0,0.0,278.8,0.0,278.8,24813.45,359.75,0,0,0,0.0,0,F1,75,,,,,
2025-05-21,2025-05-21,FO,NSE,IDO,61773,,NIFTY,,2029-12-27,2029-12-27,25000.0,PE,NIFTY29DEC25000PE,0.0,0.0,0.0,785.3,0.0,785.3,24813.45,960.95,0,0,0,0.0,0,F1,75,,,,,
2025-05-21,2025-05-21,FO,NSE,IDO,49338,,NIFTY,,2025-05-22,2025-05-22,26200.0,CE,NIFTY2552226200CE,1.2,1.5,0.8,0.9,0.9,1.95,24813.45,0.9,3547875,-3137250,313345,615745869566.25,52795,F1,75,,,,,
2025-05-21,2025-05-21,FO,NSE,IDO,49316,,NIFTY,,2025-05-22,2025-05-22,25800.0,CE,NIFTY2552225800CE,2.8,3.3,1.0,1.2,1.05,3.5,24813.45,1.2,6350700,-828675,943663,1826105714178.75,158656,F1,75,,,,,
2025-05-21,2025-05-21,FO,NSE,IDO,49258,,NIFTY,,2025-05-22,2025-05-22,25100.0,CE,NIFTY2552225100CE,30.0,81.8,18.85,26.1,23.55,28.1,24813.45,26.1,7198575,-1955925,3154653,5947857283908.75,1275490,F1,75,,,,,
2025-05-21,2025-05-21,FO,NSE,IDO,49119,,NIFTY,,2025-05-22,2025-05-22,23000.0,CE,NIFTY2552223000CE,1792.8,1970.0,1691.0,1775.55,1772.2,1732.7,24813.45,1775.55,78150,-30000,637,1185338895.0,321,F1,75,,,,,
2025-05-21,2025-05-21,FO,NSE,IDO,49115,,NIFTY,,2025-05-22,2025-05-22,22900.0,CE,NIFTY2552222900CE,2020.05,2020.05,1874.3,1874.3,1874.3,2158.0,24813.45,1917.5,1125,75,6,11166997.5,5,F1,75,,,,,
2025-05-21,2025-05-21,FO,NSE,IDO,61389,,NIFTY,,2025-05-29,2025-05-29,21400.0,CE,NIFTY25MAY21400CE,3426.85,3426.85,3426.85,3426.85,3426.85,3674.95,24813.45,3426.85,4950,0,1,1862013.75,1,F1,75,,,,,
2025-05-21,2025-05-21,FO,NSE,IDO,61475,,NIFTY,,2025-05-29,2025-05-29,21900.0,CE,NIFTY25MAY21900CE,2951.45,2953.2,2951.15,2952.15,2951.15,3180.15,24813.45,2952.15,3375,0,6,11183467.5,6,F1,75,,,,,
2025-05-21,2025-05-21,FO,NSE,IDO,61549,,NIFTY,,2025-05-29,2025-05-29,23600.0,CE,NIFTY25MAY23600CE,1201.0,1415.0,1182.0,1244.8,1228.95,1180.25,24813.45,1244.8,286725,11175,395,736684826.25,284,F1,75,,,,,
2025-05-21,2025-05-21,FO,NSE,IDO,61681,,NIFTY,,2025-05-29,2025-05-29,24450.0,CE,NIFTY25MAY24450CE,445.6,642.0,415.85,476.45,476.0,444.75,24813.45,476.45,80850,-2625,1031,1928492973.75,785,F1,75,,,,,
2025-05-21,2025-05-21,FO,NSE,IDO,55752,,NIFTY,,2025-07-31,2025-07-31,23850.0,PE,NIFTY25JUL23850PE,270.5,270.5,270.5,270.5,270.5,225.8,24813.45,270.5,3075,75,1,1809037.5,1,F1,75,,,,,
2025-05-21,2025-05-21,FO,NSE,IDO,55790,,NIFTY,,2025-07-31,2025-07-31,24750.0,PE,NIFTY25JUL24750PE,517.0,533.0,517.0,527.0,527.0,533.0,24813.45,581.85,675,75,3,5687025.0,3,F1,75,,,,,
2025-05-21,2025-05-21,FO,NSE,IDO,55834,,NIFTY,,2025-07-31,2025-07-31,25650.0,PE,NIFTY25JUL25650PE,942.15,942.55,942.15,942.55,942.55,768.8,24813.45,1050.65,225,-150,2,3988852.5,2,F1,75,,,,,
2025-05-21,2025-05-21,FO,NSE,IDO,55852,,NIFTY,,2025-07-31,2025-07-31,26050.0,PE,NIFTY25JUL26050PE,1196.9,1196.9,1196.9,1196.9,1196.9,1013.4,24813.45,1309.5,600,75,1,2043517.5,1,F1,75,,,,,
2025-05-21,2025-05-21,FO,NSE,IDO,55854,,NIFTY,,2025-07-31,2025-07-31,26100.0,PE,NIFTY25JUL26100PE,1231.45,1231.45,1231.45,1231.45,1231.45,1043.5,24813.45,1343.85,750,75,1,2049858.75,1,F1,75,,,,,
2025-05-21,2025-05-21,FO,NSE,IDO,55872,,NIFTY,,2025-07-31,2025-07-31,26550.0,PE,NIFTY25JUL26550PE,1571.15,1571.15,1571.15,1571.15,1571.15,1354.05,24813.45,1671.85,225,75,1,2109086.25,1,F1,75,,,,,
2025-05-21,2025-05-21,FO,NSE,IDO,55882,,NIFTY,,2025-07-31,2025-07-31,26750.0,PE,NIFTY25JUL26750PE,1738.15,1738.15,1738.15,1738.15,1738.15,2242.25,24813.45,1827.25,75,75,1,2136611.25,1,F1,75,,,,,
2025-05-21,2025-05-21,FO,NSE,IDO,64683,,NIFTY,,2025-09-25,2025-09-25,19000.0,PE,NIFTY25SEP19000PE,29.8,30.8,28.6,28.6,28.6,29.6,24813.45,28.6,93900,-150,27,38534126.25,20,F1,75,,,,,
2025-05-21,2025-05-21,FO,NSE,IDO,38377,,NIFTY,,2025-12-24,2025-12-24,20000.0,PE,NIFTY25DEC20000PE,101.85,103.05,97.6,100.6,101.8,103.35,24813.45,100.6,687825,5175,1086,1637169592.5,658,F1,75,,,,,
2025-05-21,2025-05-21,FO,NSE,IDO,62138,,NIFTY,,2025-06-26,2025-06-26,21350.0,PE,NIFTY25JUN21350PE,19.95,20.45,19.95,20.3,20.3,22.05,24813.45,0.8,7125,150,20,32055431.25,4,F1,75,,,,,
2025-05-21,2025-05-21,FO,NSE,IDO,62136,,NIFTY,,2025-06-26,2025-06-26,21300.0,PE,NIFTY25JUN21300PE,21.9,21.9,15.75,21.3,21.3,21.9,24813.45,21.3,10875,5175,191,305400041.25,144,F1,75,,,,,
2025-05-21,2025-05-21,FO,NSE,IDO,51088,,NIFTY,,2025-06-19,2025-06-19,26700.0,PE,NIFTY2561926700PE,0.0,0.0,0.0,1574.85,0.0,1574.85,24813.45,1799.05,0,0,0,0.0,0,F1,75,,,,,
2025-05-21,2025-05-21,FO,NSE,IDO,51060,,NIFTY,,2025-06-19,2025-06-19,26100.0,PE,NIFTY2561926100PE,0.0,0.0,0.0,1094.95,0.0,1094.95,24813.45,1274.7,0,0,0,0.0,0,F1,75,,,,,
2025-05-21,2025-05-21,FO,NSE,IDO,51032,,NIFTY,,2025-06-19,2025-06-19,25500.0,PE,NIFTY2561925500PE,0.0,0.0,0.0,749.7,749.7,749.7,24813.45,820.95,75,0,0,0.0,0,F1,75,,,,,
2025-05-21,2025-05-21,FO,NSE,IDO,51004,,NIFTY,,2025-06-19,2025-06-19,24850.0,PE,NIFTY2561924850PE,0.0,0.0,0.0,415.85,415.85,415.85,24813.45,443.5,75,0,0,0.0,0,F1,75,,,,,
2025-05-21,2025-05-21,FO,NSE,IDO,50975,,NIFTY,,2025-06-19,2025-06-19,24300.0,PE,NIFTY2561924300PE,230.9,230.9,199.1,212.35,212.35,199.5,24813.45,228.7,1500,1350,20,36770767.5,14,F1,75,,,,,
2025-05-21,2025-05-21,FO,NSE,IDO,50958,,NIFTY,,2025-06-19,2025-06-19,24000.0,PE,NIFTY2561924000PE,164.7,182.75,137.5,160.65,170.0,169.3,24813.45,160.65,6075,4050,139,251814405.0,90,F1,75,,,,,
2025-05-21,2025-05-21,FO,NSE,IDO,50954,,NIFTY,,2025-06-19,2025-06-19,23950.0,PE,NIFTY2561923950PE,0.0,0.0,0.0,121.85,0.0,121.85,24813.45,138.85,0,0,0,0.0,0,F1,75,,,,,
2025-05-21,2025-05-21,FO,NSE,IDO,44941,,NIFTY,,2025-06-12,2025-06-12,26650.0,PE,NIFTY2561226650PE,0.0,0.0,0.0,2231.1,0.0,2231.1,24813.45,1761.05,0,0,0,0.0,0,F1,75,,,,,
2025-05-21,2025-05-21,FO,NSE,IDO,44925,,NIFTY,,2025-06-12,2025-06-12,26300.0,PE,NIFTY2561226300PE,0.0,0.0,0.0,1903.6,0.0,1903.6,24813.45,1438.8,0,0,0,0.0,0,F1,75,,,,,
2025-05-21,2025-05-21,FO,NSE,IDO,44923,,NIFTY,,2025-06-12,2025-06-12,26250.0,PE,NIFTY2561226250PE,0.0,0.0,0.0,1857.7,0.0,1857.7,24813.45,1394.15,0,0,0,0.0,0,F1,75,,,,,
2025-05-21,2025-05-21,FO,NSE,IDO,44883,,NIFTY,,2025-06-12,2025-06-12,25350.0,PE,NIFTY2561225350PE,550.0,693.0,522.6,693.0,693.0,514.35,24813.45,683.25,150,-150,6,11682480.0,5,F1,75,,,,,
2025-05-21,2025-05-21,FO,NSE,IDO,44871,,NIFTY,,2025-06-12,2025-06-12,25100.0,PE,NIFTY2561225100PE,530.0,532.05,397.0,485.75,499.5,533.65,24813.45,485.75,10725,1200,127,243361901.25,107,F1,75,,,,,
2025-05-21,2025-05-21,FO,NSE,IDO,44841,,NIFTY,,2025-06-12,2025-06-12,24550.0,PE,NIFTY2561224550PE,213.3,274.0,213.3,250.0,250.0,213.3,24813.45,266.85,450,300,8,14878661.25,8,F1,75,,,,,
2025-05-21,2025-05-21,FO,NSE,IDO,44817,,NIFTY,,2025-06-12,2025-06-12,24050.0,PE,NIFTY2561224050PE,139.1,139.35,139.1,139.35,139.35,332.05,24813.45,122.15,225,225,3,5442573.75,3,F1,75,,,,,
2025-05-21,2025-05-21,FO,NSE,IDO,44745,,NIFTY,,2025-06-12,2025-06-12,22800.0,PE,NIFTY2561222800PE,26.0,32.45,23.85,32.45,32.45,26.0,24813.45,7.4,4500,4050,67,114706706.25,38,F1,75,,,,,
2025-05-21,2025-05-21,FO,NSE,IDO,44727,,NIFTY,,2025-06-12,2025-06-12,22450.0,PE,NIFTY2561222450PE,0.0,0.0,0.0,16.95,16.95,16.95,24813.45,2.6,1275,0,0,0.0,0,F1,75,,,,,
2025-05-21,2025-05-21,FO,NSE,IDO,40548,,NIFTY,,2025-06-05,2025-06-05,26200.0,PE,NIFTY2560526200PE,1340.8,1340.8,1340.8,1340.8,1340.8,1759.2,24813.45,1346.65,75,75,1,2065560.0,1,F1,75,,,,,
2025-05-21,2025-05-21,FO,NSE,IDO,40526,,NIFTY,,2025-06-05,2025-06-05,25650.0,PE,NIFTY2560525650PE,877.2,877.3,877.2,877.3,877.3,894.55,24813.45,865.5,450,-150,2,3979087.5,2,F1,75,,,,,
2025-05-21,2025-05-21,FO,NSE,IDO,40516,,NIFTY,,2025-06-05,2025-06-05,25450.0,PE,NIFTY2560525450PE,681.3,681.3,681.3,681.3,681.3,727.85,24813.45,710.0,450,75,1,1959847.5,1,F1,75,,,,,
2025-05-21,2025-05-21,FO,NSE,IDO,40458,,NIFTY,,2025-06-05,2025-06-05,24350.0,PE,NIFTY2560524350PE,151.15,172.7,115.95,143.4,145.15,151.95,24813.45,143.4,17175,5550,250,459298072.5,158,F1,75,,,,,
2025-05-21,2025-05-21,FO,NSE,IDO,40404,,NIFTY,,2025-06-05,2025-06-05,23250.0,PE,NIFTY2560523250PE,26.0,26.0,22.8,22.8,22.8,26.75,24813.45,22.8,1050,75,3,5236620.0,2,F1,75,,,,,
2025-05-21,2025-05-21,FO,NSE,IDO,40388,,NIFTY,,2025-06-05,2025-06-05,22950.0,PE,NIFTY2560522950PE,0.0,0.0,0.0,63.9,0.0,63.9,24813.45,3.35,0,0,0,0.0,0,F1,75,,,,,
2025-05-21,2025-05-21,FO,NSE,IDO,40356,,NIFTY,,2025-06-05,2025-06-05,22500.0,PE,NIFTY2560522500PE,9.85,14.8,7.55,9.25,8.55,10.9,24813.45,9.25,49875,3750,1055,1781068683.75,558,F1,75,,,,,
2025-05-21,2025-05-21,FO,NSE,IDO,61908,,NIFTY,,2025-05-29,2025-05-29,26600.0,PE,NIFTY25MAY26600PE,1648.5,1846.45,1648.5,1780.0,1780.0,1725.0,24813.45,1780.0,2475,-375,16,33998842.5,12,F1,75,,,,,
2025-05-21,2025-05-21,FO,NSE,IDO,61512,,NIFTY,,2025-05-29,2025-05-29,22650.0,PE,NIFTY25MAY22650PE,5.65,6.5,4.15,4.75,4.95,6.95,24813.45,4.75,20925,4125,887,1507121662.5,587,F1,75,,,,,
2025-05-21,2025-05-21,FO,NSE,IDO,49366,,NIFTY,,2025-05-22,2025-05-22,26700.0,PE,NIFTY2552226700PE,0.0,0.0,0.0,2697.6,0.0,2697.6,24813.45,1881.85,0,0,0,0.0,0,F1,75,,,,,
2025-05-21,2025-05-21,FO,NSE,IDO,49361,,NIFTY,,2025-05-22,2025-05-22,26600.0,PE,NIFTY2552226600PE,0.0,0.0,0.0,1539.95,1540.75,1539.95,24813.45,1781.9,375,0,0,0.0,0,F1,75,,,,,
2025-05-21,2025-05-21,FO,NSE,IDO,49331,,NIFTY,,2025-05-22,2025-05-22,26050.0,PE,NIFTY2552226050PE,1286.1,1286.1,1286.1,1286.1,1286.1,1286.1,24813.45,1286.1,600,75,1,2050207.5,1,F1,75,,,,,
2025-05-21,2025-05-21,FO,NSE,IDO,49312,,NIFTY,,2025-05-22,2025-05-22,25700.0,PE,NIFTY2552225700PE,971.9,1004.25,732.75,924.45,927.85,975.05,24813.45,924.45,34125,-21525,1152,2301030086.25,706,F1,75,,,,,
2025-05-21,2025-05-21,FO,NSE,IDO,49292,,NIFTY,,2025-05-22,2025-05-22,25400.0,PE,NIFTY2552225400PE,661.0,722.05,440.0,616.1,605.05,681.2,24813.45,616.1,47400,-13050,5144,10019395481.25,3514,F1,75,,,,,
2025-05-21,2025-05-21,FO,NSE,IDO,49227,,NIFTY,,2025-05-22,2025-05-22,24850.0,PE,NIFTY2552224850PE,175.25,232.65,72.9,143.6,154.6,191.55,24813.45,143.6,1291425,414750,2272822,4257997085666.25,1341813,F1,75,,,,,
2025-05-21,2025-05-21,FO,NSE,IDO,49157,,NIFTY,,2025-05-22,2025-05-22,23650.0,PE,NIFTY2552223650PE,1.75,2.1,0.65,0.9,0.7,2.85,24813.45,0.9,855900,354525,122119,216620280375.0,25333,F1,75,,,,,
2025-05-21,2025-05-21,FO,NSE,IDO,49144,,NIFTY,,2025-05-22,2025-05-22,23350.0,PE,NIFTY2552223350PE,1.2,1.5,0.45,0.6,0.45,1.5,24813.45,0.6,259950,46875,49222,86203134742.5,11085,F1,75,,,,,
2025-05-21,2025-05-21,FO,NSE,IDO,49134,,NIFTY,,2025-05-22,2025-05-22,23200.0,PE,NIFTY2552223200PE,0.9,1.15,0.3,0.45,0.45,1.05,24813.45,0.45,917325,-277200,145009,252322608330.0,22931,F1,75,,,,,
2025-05-21,2025-05-21,FO,NSE,IDO,49122,,NIFTY,,2025-05-22,2025-05-22,23050.0,PE,NIFTY2552223050PE,0.8,0.9,0.3,0.4,0.3,0.95,24813.45,0.4,174600,-1725,18830,32553216776.25,4268,F1,75,,,,,
2025-05-21,2025-05-21,FO,NSE,IDO,61746,,NIFTY,,2029-12-27,2029-12-27,23000.0,CE,NIFTY29DEC23000CE,0.0,0.0,0.0,8286.75,0.0,8286.75,24813.45,8501.1,0,0,0,0.0,0,F1,75,,,,,
2025-05-21,2025-05-21,FO,NSE,IDO,67778,,NIFTY,,2028-12-28,2028-12-28,22000.0,CE,NIFTY28DEC22000CE,0.0,0.0,0.0,6932.45,0.0,6932.45,24813.45,7996.0,0,0,0,0.0,0,F1,75,,,,,
2025-05-21,2025-05-21,FO,NSE,IDO,86163,,NIFTY,,2028-06-29,2028-06-29,27000.0,CE,NIFTY28JUN27000CE,0.0,0.0,0.0,2885.15,0.0,2885.15,24813.45,4519.1,0,0,0,0.0,0,F1,75,,,,,
2025-05-21,2025-05-21,FO,NSE,IDO,71553,,NIFTY,,2027-06-24,2027-06-24,21000.0,CE,NIFTY27JUN21000CE,0.0,0.0,0.0,3061.8,0.0,3061.8,24813.45,6841.4,0,0,0,0.0,0,F1,75,,,,,
2025-05-21,2025-05-21,FO,NSE,IDO,71551,,NIFTY,,2027-06-24,2027-06-24,20000.0,CE,NIFTY27JUN20000CE,0.0,0.0,0.0,3367.05,0.0,3367.05,24813.45,7607.1,0,0,0,0.0,0,F1,75,,,,,
2025-05-21,2025-05-21,FO,NSE,IDO,39989,,NIFTY,,2026-06-25,2026-06-25,19000.0,CE,NIFTY26JUN19000CE,0.0,0.0,0.0,5792.0,5792.0,5792.0,24813.45,7198.3,100,0,0,0.0,0,F1,75,,,,,
2025-05-21,2025-05-21,FO,NSE,IDO,62924,,NIFTY,,2026-03-26,2026-03-26,24000.0,CE,NIFTY26MAR24000CE,0.0,0.0,0.0,2170.1,0.0,2170.1,24813.45,2817.7,0,0,0,0.0,0,F1,75,,,,,
2025-05-21,2025-05-21,FO,NSE,IDO,62910,,NIFTY,,2026-03-26,2026-03-26,17000.0,CE,NIFTY26MAR17000CE,0.0,0.0,0.0,7789.5,0.0,7789.5,24813.45,8748.85,0,0,0,0.0,0,F1,75,,,,,
2025-05-21,2025-05-21,FO,NSE,IDO,71399,,NIFTY,,2025-12-24,2025-12-24,26000.0,CE,NIFTY25DEC26000CE,912.95,1027.85,893.1,931.15,925.0,905.4,24813.45,931.15,1334950,67775,3348,6764847873.75,2425,F1,75,,,,,
2025-05-21,2025-05-21,FO,NSE,IDO,64694,,NIFTY,,2025-09-25,2025-09-25,25000.0,CE,NIFTY25SEP25000CE,1000.05,1160.0,971.4,1020.95,1007.7,988.4,24813.45,1020.95,504000,-7425,856,1672246368.75,680,F1,75,,,,,
2025-05-21,2025-05-21,FO,NSE,IDO,64682,,NIFTY,,2025-09-25,2025-09-25,19000.0,CE,NIFTY25SEP19000CE,0.0,0.0,0.0,8559.0,0.0,8559.0,24813.45,6250.3,0,0,0,0.0,0,F1,75,,,,,
2025-05-21,2025-05-21,FO,NSE,IDO,55881,,NIFTY,,2025-07-31,2025-07-31,26750.0,CE,NIFTY25JUL26750CE,0.0,0.0,0.0,220.1,0.0,220.1,24813.45,235.0,0,0,0,0.0,0,F1,75,,,,,
2025-05-21,2025-05-21,FO,NSE,IDO,55855,,NIFTY,,2025-07-31,2025-07-31,26150.0,CE,NIFTY25JUL26150CE,261.5,261.5,225.15,225.15,225.15,228.25,24813.45,378.65,300,0,3,5939861.25,3,F1,75,,,,,
2025-05-21,2025-05-21,FO,NSE,IDO,55831,,NIFTY,,2025-07-31,2025-07-31,25600.0,CE,NIFTY25JUL25600CE,388.35,474.95,388.35,449.4,449.4,378.0,24813.45,563.3,5400,2925,48,93780528.75,19,F1,75,,,,,
2025-05-21,2025-05-21,FO,NSE,IDO,55829,,NIFTY,,2025-07-31,2025-07-31,25550.0,CE,NIFTY25JUL25550CE,445.3,445.3,445.3,445.3,445.3,498.0,24813.45,582.9,750,75,1,1949647.5,1,F1,75,,,,,
2025-05-21,2025-05-21,FO,NSE,IDO,55751,,NIFTY,,2025-07-31,2025-07-31,23850.0,CE,NIFTY25JUL23850CE,1474.7,1474.7,1473.4,1473.4,1473.4,1686.8,24813.45,1546.5,900,0,2,3798607.5,2,F1,75,,,,,
2025-05-21,2025-05-21,FO,NSE,IDO,55749,,NIFTY,,2025-07-31,2025-07-31,23800.0,CE,NIFTY25JUL23800CE,1512.5,1512.5,1512.5,1512.5,1512.5,1723.35,24813.45,1512.5,1050,-75,2,3796875.0,2,F1,75,,,,,
2025-05-21,2025-05-21,FO,NSE,IDO,55745,,NIFTY,,2025-07-31,2025-07-31,23700.0,CE,NIFTY25JUL23700CE,1616.6,1616.6,1616.6,1616.6,1616.6,1808.15,24813.45,1657.1,1050,-75,1,1898745.0,1,F1,75,,,,,
2025-05-21,2025-05-21,FO,NSE,IDO,55723,,NIFTY,,2025-07-31,2025-07-31,23200.0,CE,NIFTY25JUL23200CE,2012.85,2012.85,2012.85,2012.85,2012.85,1910.1,24813.45,2012.85,450,75,1,1890963.75,1,F1,75,,,,,
2025-05-21,2025-05-21,FO,NSE,IDO,55673,,NIFTY,,2025-07-31,2025-07-31,22300.0,CE,NIFTY25JUL22300CE,2816.35,2816.35,2816.35,2816.35,2816.35,2472.9,24813.45,2847.5,75,75,1,1883726.25,1,F1,75,,,,,
2025-05-21,2025-05-21,FO,NSE,IDO,38150,,NIFTY,,2025-06-26,2025-06-26,29000.0,CE,NIFTY25JUN29000CE,7.9,8.45,5.7,6.65,6.6,7.95,24813.45,6.65,348550,-30825,2553,5554026566.25,1050,F1,75,,,,,
2025-05-21,2025-05-21,FO,NSE,IDO,62461,,NIFTY,,2025-06-26,2025-06-26,26200.0,CE,NIFTY25JUN26200CE,72.8,101.95,64.85,75.05,73.0,69.45,24813.45,75.05,250575,72750,6872,13546603526.25,4519,F1,75,,,,,
2025-05-21,2025-05-21,FO,NSE,IDO,71398,,NIFTY,,2025-12-24,2025-12-24,25000.0,PE,NIFTY25DEC25000PE,764.0,792.9,697.5,761.1,763.15,763.8,24813.45,761.1,1492075,23750,2535,4895501921.25,2067,F1,75,,,,,
2025-05-21,2025-05-21,FO,NSE,IDO,62917,,NIFTY,,2026-03-26,2026-03-26,20000.0,PE,NIFTY26MAR20000PE,0.0,0.0,0.0,95.7,0.0,95.7,24813.45,65.4,0,0,0,0.0,0,F1,75,,,,,
2025-05-21,2025-05-21,FO,NSE,IDO,58647,,NIFTY,,2026-12-31,2026-12-31,21000.0,PE,NIFTY26DEC21000PE,0.0,0.0,0.0,325.0,325.0,325.0,24813.45,250.85,7250,0,0,0.0,0,F1,75,,,,,
2025-05-21,2025-05-21,FO,NSE,IDO,53627,,NIFTY,,2027-12-30,2027-12-30,25000.0,PE,NIFTY27DEC25000PE,0.0,0.0,0.0,1546.4,1546.4,1546.4,24813.45,1103.8,75,0,0,0.0,0,F1,75,,,,,
2025-05-21,2025-05-21,FO,NSE,IDO,89633,,NIFTY,,2029-06-28,2029-06-28,25000.0,PE,NIFTY29JUN25000PE,0.0,0.0,0.0,852.5,0.0,852.5,24813.45,1001.95,0,0,0,0.0,0,F1,75,,,,,
2025-05-21,2025-05-21,FO,NSE,IDO,62431,,NIFTY,,2025-06-26,2025-06-26,25750.0,CE,NIFTY25JUN25750CE,144.45,208.95,140.6,158.85,158.95,148.15,24813.45,158.85,14175,1725,200,388783031.25,84,F1,75,,,,,
2025-05-21,2025-05-21,FO,NSE,IDO,62371,,NIFTY,,2025-06-26,2025-06-26,24400.0,CE,NIFTY25JUN24400CE,789.05,962.3,755.0,807.85,799.0,776.45,24813.45,807.85,76425,-6150,800,1514312985.0,451,F1,75,,,,,
2025-05-21,2025-05-21,FO,NSE,IDO,62351,,NIFTY,,2025-06-26,2025-06-26,24050.0,CE,NIFTY25JUN24050CE,1137.9,1137.9,1103.3,1103.3,1103.3,1040.0,24813.45,1116.95,900,-75,3,5662170.0,3,F1,75,,,,,
2025-05-21,2025-05-21,FO,NSE,IDO,62343,,NIFTY,,2025-06-26,2025-06-26,23800.0,CE,NIFTY25JUN23800CE,1239.9,1426.9,1218.15,1266.95,1251.85,1234.85,24813.45,1266.95,37200,12675,185,348292001.25,91,F1,75,,,,,
2025-05-21,2025-05-21,FO,NSE,IDO,62309,,NIFTY,,2025-06-26,2025-06-26,23200.0,CE,NIFTY25JUN23200CE,1950.0,1951.4,1798.15,1798.15,1798.15,1764.35,24813.45,1820.05,10050,300,16,30104688.75,11,F1,75,,,,,
2025-05-21,2025-05-21,FO,NSE,IDO,62257,,NIFTY,,2025-06-26,2025-06-26,22900.0,CE,NIFTY25JUN22900CE,2041.75,2110.9,1987.8,2110.9,2110.9,2287.3,24813.45,2095.3,8925,7275,105,196188671.25,105,F1,75,,,,,
2025-05-21,2025-05-21,FO,NSE,IDO,62207,,NIFTY,,2025-06-26,2025-06-26,22700.0,CE,NIFTY25JUN22700CE,2218.6,2347.05,2184.45,2234.85,2234.85,2312.95,24813.45,2283.7,4575,600,19,35535645.0,18,F1,75,,,,,
2025-05-21,2025-05-21,FO,NSE,IDO,62203,,NIFTY,,2025-06-26,2025-06-26,22600.0,CE,NIFTY25JUN22600CE,2393.65,2393.65,2360.0,2360.0,2360.0,2317.85,24813.45,2360.0,7875,-75,3,5619273.75,3,F1,75,,,,,
2025-05-21,2025-05-21,FO,NSE,IDO,62185,,NIFTY,,2025-06-26,2025-06-26,22150.0,CE,NIFTY25JUN22150CE,2809.1,2809.1,2809.1,2809.1,2809.1,3065.1,24813.45,2809.1,1800,75,1,1871932.5,1,F1,75,,,,,
2025-05-21,2025-05-21,FO,NSE,IDO,62139,,NIFTY,,2025-06-26,2025-06-26,21400.0,CE,NIFTY25JUN21400CE,0.0,0.0,0.0,3793.6,3794.25,3793.6,24813.45,3554.5,1500,0,0,0.0,0,F1,75,,,,,
2025-05-21,2025-05-21,FO,NSE,IDO,62067,,NIFTY,,2025-06-26,2025-06-26,20550.0,CE,NIFTY25JUN20550CE,0.0,0.0,0.0,3650.2,3644.7,3650.2,24813.45,4398.05,675,0,0,0.0,0,F1,75,,,,,
2025-05-21,2025-05-21,FO,NSE,IDO,51087,,NIFTY,,2025-06-19,2025-06-19,26700.0,CE,NIFTY2561926700CE,0.0,0.0,0.0,107.65,0.0,107.65,24813.45,48.35,0,0,0,0.0,0,F1,75,,,,,
2025-05-21,2025-05-21,FO,NSE,IDO,51065,,NIFTY,,2025-06-19,2025-06-19,26250.0,CE,NIFTY2561926250CE,0.0,0.0,0.0,188.45,0.0,188.45,24813.45,97.4,0,0,0,0.0,0,F1,75,,,,,
2025-05-21,2025-05-21,FO,NSE,IDO,51017,,NIFTY,,2025-06-19,2025-06-19,25150.0,CE,NIFTY2561925150CE,348.0,348.0,348.0,348.0,348.0,477.5,24813.45,392.7,75,0,2,3824700.0,2,F1,75,,,,,
2025-05-21,2025-05-21,FO,NSE,IDO,51003,,NIFTY,,2025-06-19,2025-06-19,24850.0,CE,NIFTY2561924850CE,0.0,0.0,0.0,746.15,0.0,746.15,24813.45,533.35,0,0,0,0.0,0,F1,75,,,,,
2025-05-21,2025-05-21,FO,NSE,IDO,50995,,NIFTY,,2025-06-19,2025-06-19,24650.0,CE,NIFTY2561924650CE,0.0,0.0,0.0,870.5,0.0,870.5,24813.45,643.2,0,0,0,0.0,0,F1,75,,,,,
2025-05-21,2025-05-21,FO,NSE,IDO,50955,,NIFTY,,2025-06-19,2025-06-19,24000.0,CE,NIFTY2561924000CE,0.0,0.0,0.0,1346.5,0.0,1346.5,24813.45,1085.3,0,0,0,0.0,0,F1,75,,,,,
2025-05-21,2025-05-21,FO,NSE,IDO,50925,,NIFTY,,2025-06-19,2025-06-19,23600.0,CE,NIFTY2561923600CE,0.0,0.0,0.0,1684.15,0.0,1684.15,24813.45,1412.15,0,0,0,0.0,0,F1,75,,,,,
2025-05-21,2025-05-21,FO,NSE,IDO,50897,,NIFTY,,2025-06-19,2025-06-19,23450.0,CE,NIFTY2561923450CE,0.0,0.0,0.0,1817.45,0.0,1817.45,24813.45,1543.0,0,0,0,0.0,0,F1,75,,,,,
2025-05-21,2025-05-21,FO,NSE,IDO,44928,,NIFTY,,2025-06-12,2025-06-12,26400.0,CE,NIFTY2561226400CE,22.0,29.55,17.0,19.0,19.0,30.95,24813.45,19.0,2625,1425,52,103045398.75,22,F1,75,,,,,
2025-05-21,2025-05-21,FO,NSE,IDO,44920,,NIFTY,,2025-06-12,2025-06-12,26200.0,CE,NIFTY2561226200CE,31.4,46.0,25.8,30.6,30.0,33.05,24813.45,30.6,2925,-1575,98,192817417.5,83,F1,75,,,,,
2025-05-21,2025-05-21,FO,NSE,IDO,44860,,NIFTY,,2025-06-12,2025-06-12,24900.0,CE,NIFTY2561224900CE,340.0,480.0,340.0,375.0,359.9,345.95,24813.45,375.0,23850,9225,419,795594697.5,318,F1,75,,,,,
2025-05-21,2025-05-21,FO,NSE,IDO,44828,,NIFTY,,2025-06-12,2025-06-12,24350.0,CE,NIFTY2561224350CE,0.0,0.0,0.0,678.0,678.0,678.0,24813.45,756.55,150,0,0,0.0,0,F1,75,,,,,
2025-05-21,2025-05-21,FO,NSE,IDO,44756,,NIFTY,,2025-06-12,2025-06-12,22950.0,CE,NIFTY2561222950CE,0.0,0.0,0.0,1538.75,0.0,1538.75,24813.45,1963.2,0,0,0,0.0,0,F1,75,,,,,
2025-05-21,2025-05-21,FO,NSE,IDO,40515,,NIFTY,,2025-06-05,2025-06-05,25450.0,CE,NIFTY2560525450CE,88.0,146.05,81.85,96.45,97.85,94.0,24813.45,96.45,15825,2100,482,924019950.0,335,F1,75,,,,,
2025-05-21,2025-05-21,FO,NSE,IDO,40469,,NIFTY,,2025-06-05,2025-06-05,24550.0,CE,NIFTY2560524550CE,452.85,600.0,452.85,501.0,492.0,464.45,24813.45,501.0,4275,300,66,124075931.25,37,F1,75,,,,,
2025-05-21,2025-05-21,FO,NSE,IDO,40457,,NIFTY,,2025-06-05,2025-06-05,24350.0,CE,NIFTY2560524350CE,646.2,646.2,646.2,646.2,646.2,597.95,24813.45,673.0,1125,0,2,3749430.0,1,F1,75,,,,,
2025-05-21,2025-05-21,FO,NSE,IDO,40427,,NIFTY,,2025-06-05,2025-06-05,23800.0,CE,NIFTY2560523800CE,1090.0,1142.55,1080.1,1142.55,1142.55,1069.75,24813.45,1142.55,1800,0,3,5603448.75,3,F1,75,,,,,
2025-05-21,2025-05-21,FO,NSE,IDO,40399,,NIFTY,,2025-06-05,2025-06-05,23200.0,CE,NIFTY2560523200CE,1691.15,1691.15,1691.15,1691.15,1691.15,1925.0,24813.45,1691.15,375,75,1,1866836.25,1,F1,75,,,,,
2025-05-21,2025-05-21,FO,NSE,IDO,61543,,NIFTY,,2025-05-29,2025-05-29,23450.0,CE,NIFTY25MAY23450CE,1388.0,1388.0,1388.0,1388.0,1388.0,1400.0,24813.45,1399.2,10275,0,1,1862850.0,1,F1,75,,,,,
2025-05-21,2025-05-21,FO,NSE,IDO,61533,,NIFTY,,2025-05-29,2025-05-29,23200.0,CE,NIFTY25MAY23200CE,1595.0,1784.4,1595.0,1628.35,1618.0,1580.45,24813.45,1628.35,126975,375,41,76370542.5,26,F1,75,,,,,
2025-05-21,2025-05-21,FO,NSE,IDO,61513,,NIFTY,,2025-05-29,2025-05-29,22700.0,CE,NIFTY25MAY22700CE,2078.0,2268.0,2045.45,2141.95,2136.75,2076.85,24813.45,2141.95,267375,-600,66,122946045.0,46,F1,75,,,,,
2025-05-21,2025-05-21,FO,NSE,IDO,49326,,NIFTY,,2025-05-22,2025-05-22,25950.0,CE,NIFTY2552225950CE,2.65,2.65,0.85,1.05,0.9,2.75,24813.45,1.05,1246950,-475500,155757,303156730046.25,32313,F1,75,,,,,
2025-05-21,2025-05-21,FO,NSE,IDO,49165,,NIFTY,,2025-05-22,2025-05-22,23750.0,CE,NIFTY2552223750CE,994.7,1064.65,994.7,1028.55,1025.0,1043.5,24813.45,1028.55,9600,-1500,51,94798736.25,31,F1,75,,,,,
2025-05-21,2025-05-21,FO,NSE,IDO,55766,,NIFTY,,2025-07-31,2025-07-31,24200.0,PE,NIFTY25JUL24200PE,355.0,363.75,317.95,333.2,333.2,355.0,24813.45,333.2,14325,375,19,34968693.75,12,F1,75,,,,,
2025-05-21,2025-05-21,FO,NSE,IDO,62348,,NIFTY,,2025-06-26,2025-06-26,23900.0,PE,NIFTY25JUN23900PE,175.55,201.5,144.9,170.6,170.85,177.55,24813.45,170.6,75300,15300,2463,4446541477.5,1725,F1,75,,,,,
2025-05-21,2025-05-21,FO,NSE,IDO,62338,,NIFTY,,2025-06-26,2025-06-26,23700.0,PE,NIFTY25JUN23700PE,146.0,163.5,119.0,140.1,140.85,147.2,24813.45,140.1,94275,2475,1388,2481628717.5,866,F1,75,,,,,
2025-05-21,2025-05-21,FO,NSE,IDO,62266,,NIFTY,,2025-06-26,2025-06-26,23050.0,PE,NIFTY25JUN23050PE,79.05,84.4,67.2,76.1,76.1,79.05,24813.45,76.1,14475,2475,237,411012251.25,190,F1,75,,,,,
2025-05-21,2025-05-21,FO,NSE,IDO,62264,,NIFTY,,2025-06-26,2025-06-26,22950.0,PE,NIFTY25JUN22950PE,72.45,80.55,61.4,69.65,70.05,72.5,24813.45,69.65,13500,7275,252,435022511.25,214,F1,75,,,,,
2025-05-21,2025-05-21,FO,NSE,IDO,62210,,NIFTY,,2025-06-26,2025-06-26,22750.0,PE,NIFTY25JUN22750PE,52.3,64.05,51.5,61.95,61.95,60.85,24813.45,23.9,5625,2700,91,155676810.0,52,F1,75,,,,,
2025-05-21,2025-05-21,FO,NSE,IDO,62196,,NIFTY,,2025-06-26,2025-06-26,22400.0,PE,NIFTY25JUN22400PE,42.7,48.1,37.4,42.05,41.65,42.7,24813.45,42.05,104325,9750,832,1400352690.0,432,F1,75,,,,,
2025-05-21,2025-05-21,FO,NSE,IDO,58619,,NIFTY,,2025-06-26,2025-06-26,22000.0,PE,NIFTY25JUN22000PE,31.65,35.65,28.5,31.5,30.7,32.9,24813.45,31.5,2126100,10250,7894,13043660898.75,4895,F1,75,,,,,
2025-05-21,2025-05-21,FO,NSE,IDO,62382,,NIFTY,,2025-06-26,2025-06-26,24650.0,PE,NIFTY25JUN24650PE,380.45,401.35,308.75,361.8,362.25,377.55,24813.45,361.8,25200,2400,262,491430596.25,175,F1,75,,,,,
2025-05-21,2025-05-21,FO,NSE,IDO,62424,,NIFTY,,2025-06-26,2025-06-26,25550.0,PE,NIFTY25JUN25550PE,820.0,850.0,729.9,850.0,850.0,856.95,24813.45,880.7,16425,975,50,98733768.75,33,F1,75,,,,,
2025-05-21,2025-05-21,FO,NSE,IDO,55690,,NIFTY,,2025-07-31,2025-07-31,22700.0,PE,NIFTY25JUL22700PE,100.0,112.05,100.0,112.05,112.0,117.7,24813.45,112.05,107925,75,4,6841803.75,3,F1,75,,,,,
2025-05-21,2025-05-21,FO,NSE,IDO,62923,,NIFTY,,2026-03-26,2026-03-26,23000.0,PE,NIFTY26MAR23000PE,0.0,0.0,0.0,577.8,0.0,577.8,24813.45,432.15,0,0,0,0.0,0,F1,75,,,,,
2025-05-21,2025-05-21,FO,NSE,IDO,50972,,NIFTY,,2025-12-24,2025-12-24,27000.0,PE,NIFTY25DEC27000PE,1714.4,1749.85,1575.0,1682.0,1697.2,1702.5,24813.45,1682.0,565875,2625,252,541923423.75,202,F1,75,,,,,
2025-05-21,2025-05-21,FO,NSE,IDO,71394,,NIFTY,,2025-12-24,2025-12-24,24000.0,PE,NIFTY25DEC24000PE,499.05,520.0,458.0,495.15,500.0,494.45,24813.45,495.15,2662750,-4600,1806,3316959843.75,1403,F1,75,,,,,
2025-05-21,2025-05-21,FO,NSE,IDO,55880,,NIFTY,,2025-07-31,2025-07-31,26700.0,PE,NIFTY25JUL26700PE,1696.05,1696.05,1696.05,1696.05,1696.05,2201.65,24813.45,1787.85,75,75,1,2129703.75,1,F1,75,,,,,
2025-05-21,2025-05-21,FO,NSE,IDO,55878,,NIFTY,,2025-07-31,2025-07-31,26650.0,PE,NIFTY25JUL26650PE,1648.35,1652.05,1648.35,1652.05,1652.05,1400.55,24813.45,1748.85,375,150,2,4245030.0,2,F1,75,,,,,
2025-05-21,2025-05-21,FO,NSE,IDO,55875,,NIFTY,,2025-07-31,2025-07-31,26600.0,PE,NIFTY25JUL26600PE,1611.6,1611.6,1611.6,1611.6,1611.6,1462.7,24813.45,1710.15,300,75,1,2115870.0,1,F1,75,,,,,
2025-05-21,2025-05-21,FO,NSE,IDO,55784,,NIFTY,,2025-07-31,2025-07-31,24600.0,PE,NIFTY25JUL24600PE,460.45,544.5,416.55,466.1,464.7,463.9,24813.45,466.1,14475,450,22,41341233.75,20,F1,75,,,,,
2025-05-21,2025-05-21,FO,NSE,IDO,55744,,NIFTY,,2025-07-31,2025-07-31,23650.0,PE,NIFTY25JUL23650PE,236.55,236.55,236.55,236.55,236.55,193.35,24813.45,227.25,1050,0,1,1791491.25,1,F1,75,,,,,
2025-05-21,2025-05-21,FO,NSE,IDO,55732,,NIFTY,,2025-07-31,2025-07-31,23400.0,PE,NIFTY25JUL23400PE,195.0,210.0,171.6,191.9,191.9,191.4,24813.45,191.9,57450,8925,149,263656466.25,57,F1,75,,,,,
2025-05-21,2025-05-21,FO,NSE,IDO,55726,,NIFTY,,2025-07-31,2025-07-31,23250.0,PE,NIFTY25JUL23250PE,178.5,178.5,178.5,178.5,178.5,177.7,24813.45,150.35,2400,0,1,1757137.5,1,F1,75,,,,,
2025-05-21,2025-05-21,FO,NSE,IDO,55684,,NIFTY,,2025-07-31,2025-07-31,22550.0,PE,NIFTY25JUL22550PE,0.0,0.0,0.0,86.25,86.25,86.25,24813.45,65.6,1575,0,0,0.0,0,F1,75,,,,,
2025-05-21,2025-05-21,FO,NSE,IDO,55682,,NIFTY,,2025-07-31,2025-07-31,22500.0,PE,NIFTY25JUL22500PE,100.55,114.9,91.45,101.8,104.0,103.6,24813.45,101.8,629775,6075,1656,2807106982.5,1124,F1,75,,,,,
2025-05-21,2025-05-21,FO,NSE,IDO,38151,,NIFTY,,2025-06-26,2025-06-26,29000.0,PE,NIFTY25JUN29000PE,4100.0,4100.0,3865.0,4020.45,4032.6,4082.25,24813.45,4020.45,267450,-2025,80,197957913.75,59,F1,75,,,,,
2025-05-21,2025-05-21,FO,NSE,IDO,50538,,NIFTY,,2025-06-26,2025-06-26,28000.0,PE,NIFTY25JUN28000PE,3020.0,3105.0,2850.0,3033.25,3039.1,3081.95,24813.45,3033.25,244650,375,56,130145280.0,52,F1,75,,,,,
2025-05-21,2025-05-21,FO,NSE,IDO,62384,,NIFTY,,2025-06-26,2025-06-26,24700.0,PE,NIFTY25JUN24700PE,387.95,429.25,322.15,377.7,382.35,399.2,24813.45,377.7,398250,83700,7382,13881513918.75,6149,F1,75,,,,,
2025-05-21,2025-05-21,FO,NSE,IDO,62184,,NIFTY,,2025-06-26,2025-06-26,22100.0,PE,NIFTY25JUN22100PE,34.85,36.8,26.7,32.2,26.7,34.0,24813.45,32.2,80475,1350,193,320383953.75,118,F1,75,,,,,
2025-05-21,2025-05-21,FO,NSE,IDO,62146,,NIFTY,,2025-06-26,2025-06-26,21550.0,PE,NIFTY25JUN21550PE,21.2,23.2,21.15,21.5,21.5,23.0,24813.45,1.45,11550,300,24,38828940.0,7,F1,75,,,,,
2025-05-21,2025-05-21,FO,NSE,IDO,40091,,NIFTY,,2025-06-26,2025-06-26,15000.0,PE,NIFTY25JUN15000PE,0.0,0.0,0.0,3.85,3.85,3.85,24813.45,0.0,25450,0,0,0.0,0,F1,75,,,,,
2025-05-21,2025-05-21,FO,NSE,IDO,51012,,NIFTY,,2025-06-19,2025-06-19,25000.0,PE,NIFTY2561925000PE,499.0,515.0,392.25,469.7,472.75,503.3,24813.45,469.7,9975,6075,250,477235886.25,153,F1,75,,,,,
2025-05-21,2025-05-21,FO,NSE,IDO,44939,,NIFTY,,2025-06-12,2025-06-12,26600.0,PE,NIFTY2561226600PE,0.0,0.0,0.0,2183.7,0.0,2183.7,24813.45,1714.15,0,0,0,0.0,0,F1,75,,,,,
2025-05-21,2025-05-21,FO,NSE,IDO,44879,,NIFTY,,2025-06-12,2025-06-12,25250.0,PE,NIFTY2561225250PE,584.5,584.5,584.5,584.5,584.5,1017.85,24813.45,618.55,75,75,1,1937587.5,1,F1,75,,,,,
2025-05-21,2025-05-21,FO,NSE,IDO,44721,,NIFTY,,2025-06-12,2025-06-12,22300.0,PE,NIFTY2561222300PE,16.0,19.0,14.2,18.0,18.0,15.0,24813.45,1.6,2925,300,11,18410853.75,11,F1,75,,,,,
2025-05-21,2025-05-21,FO,NSE,IDO,40580,,NIFTY,,2025-06-05,2025-06-05,26800.0,PE,NIFTY2560526800PE,1925.85,1926.05,1925.85,1926.05,1926.05,2316.8,24813.45,1921.9,150,150,2,4308892.5,2,F1,75,,,,,
2025-05-21,2025-05-21,FO,NSE,IDO,40520,,NIFTY,,2025-06-05,2025-06-05,25500.0,PE,NIFTY2560525500PE,787.95,803.0,593.0,740.45,742.0,778.25,24813.45,740.45,36375,15150,685,1346770717.5,418,F1,75,,,,,
2025-05-21,2025-05-21,FO,NSE,IDO,40490,,NIFTY,,2025-06-05,2025-06-05,24950.0,PE,NIFTY2560524950PE,349.25,419.45,279.9,365.05,363.5,393.55,24813.45,365.05,12000,-3675,444,842582696.25,245,F1,75,,,,,
2025-05-21,2025-05-21,FO,NSE,IDO,40418,,NIFTY,,2025-06-05,2025-06-05,23600.0,PE,NIFTY2560523600PE,40.0,53.95,34.8,42.35,42.3,44.4,24813.45,42.35,22425,3000,661,1172068470.0,429,F1,75,,,,,
2025-05-21,2025-05-21,FO,NSE,IDO,40414,,NIFTY,,2025-06-05,2025-06-05,23500.0,PE,NIFTY2560523500PE,41.55,46.9,30.25,36.05,36.0,39.85,24813.45,36.05,167625,3900,7271,12835155082.5,4418,F1,75,,,,,
2025-05-21,2025-05-21,FO,NSE,IDO,40360,,NIFTY,,2025-06-05,2025-06-05,22600.0,PE,NIFTY2560522600PE,10.1,12.65,9.15,11.05,10.05,12.75,24813.45,11.05,11475,375,294,498559548.75,111,F1,75,,,,,
2025-05-21,2025-05-21,FO,NSE,IDO,61820,,NIFTY,,2025-05-29,2025-05-29,26350.0,PE,NIFTY25MAY26350PE,1501.1,1501.1,1501.0,1501.0,1501.0,1596.9,24813.45,1502.2,525,150,2,4177657.5,2,F1,75,,,,,
2025-05-21,2025-05-21,FO,NSE,IDO,61762,,NIFTY,,2025-05-29,2025-05-29,25150.0,PE,NIFTY25MAY25150PE,463.05,503.0,311.25,422.6,426.25,468.0,24813.45,422.6,61500,-8175,2012,3855504911.25,1444,F1,75,,,,,
2025-05-21,2025-05-21,FO,NSE,IDO,61760,,NIFTY,,2025-05-29,2025-05-29,25100.0,PE,NIFTY25MAY25100PE,434.95,466.0,281.6,391.15,394.75,434.95,24813.45,391.15,1202775,31500,26734,51061277831.25,17029,F1,75,,,,,
2025-05-21,2025-05-21,FO,NSE,IDO,61670,,NIFTY,,2025-05-29,2025-05-29,24150.0,PE,NIFTY25MAY24150PE,58.95,75.45,39.75,49.75,49.95,62.5,24813.45,49.75,153600,-40275,15611,28338027900.0,10462,F1,75,,,,,
2025-05-21,2025-05-21,FO,NSE,IDO,61620,,NIFTY,,2025-05-29,2025-05-29,23900.0,PE,NIFTY25MAY23900PE,34.05,45.2,23.75,28.15,28.15,36.6,24813.45,28.15,919725,62775,32982,59196541098.75,20968,F1,75,,,,,
2025-05-21,2025-05-21,FO,NSE,IDO,61518,,NIFTY,,2025-05-29,2025-05-29,22800.0,PE,NIFTY25MAY22800PE,6.9,7.75,4.4,5.5,5.2,8.0,24813.45,5.5,498225,97800,13971,23896263423.75,8025,F1,75,,,,,
2025-05-21,2025-05-21,FO,NSE,IDO,61504,,NIFTY,,2025-05-29,2025-05-29,22450.0,PE,NIFTY25MAY22450PE,5.45,6.75,3.35,4.2,3.9,5.55,24813.45,4.2,20850,3000,1702,2866275630.0,996,F1,75,,,,,
2025-05-21,2025-05-21,FO,NSE,IDO,61468,,NIFTY,,2025-05-29,2025-05-29,21700.0,PE,NIFTY25MAY21700PE,3.05,3.5,2.7,2.95,3.0,4.0,24813.45,2.95,140175,8700,1610,2620632945.0,1028,F1,75,,,,,
2025-05-21,2025-05-21,FO,NSE,IDO,61392,,NIFTY,,2025-05-29,2025-05-29,21400.0,PE,NIFTY25MAY21400PE,2.55,2.7,1.7,2.45,2.45,3.2,24813.45,2.45,96525,-75,1004,1611602025.0,797,F1,75,,,,,
2025-05-21,2025-05-21,FO,NSE,IDO,61370,,NIFTY,,2025-05-29,2025-05-29,21100.0,PE,NIFTY25MAY21100PE,2.65,2.75,1.5,2.25,2.25,2.9,24813.45,2.25,81375,-3300,1627,2575010355.0,985,F1,75,,,,,
2025-05-21,2025-05-21,FO,NSE,IDO,61356,,NIFTY,,2025-05-29,2025-05-29,21000.0,PE,NIFTY25MAY21000PE,2.6,2.6,1.8,2.05,1.95,2.6,24813.45,2.05,2391525,122550,17871,28149603858.75,6537,F1,75,,,,,
2025-05-21,2025-05-21,FO,NSE,IDO,49303,,NIFTY,,2025-05-22,2025-05-22,25550.0,PE,NIFTY2552225550PE,750.0,854.65,609.3,756.1,780.0,828.3,24813.45,756.1,8775,2400,294,579855285.0,182,F1,75,,,,,
2025-05-21,2025-05-21,FO,NSE,IDO,49263,,NIFTY,,2025-05-22,2025-05-22,25150.0,PE,NIFTY2552225150PE,438.35,489.55,232.0,384.05,388.65,442.8,24813.45,384.05,252975,-7425,22239,42491766465.0,14369,F1,75,,,,,
2025-05-21,2025-05-21,FO,NSE,IDO,49096,,NIFTY,,2025-05-22,2025-05-22,22450.0,PE,NIFTY2552222450PE,0.5,0.65,0.2,0.25,0.2,0.6,24813.45,0.25,203625,30825,25882,43579651953.75,4523,F1,75,,,,,
2025-05-21,2025-05-21,FO,NSE,IDO,49088,,NIFTY,,2025-05-22,2025-05-22,22250.0,PE,NIFTY2552222250PE,0.45,0.6,0.15,0.2,0.2,0.5,24813.45,0.2,426075,156675,36803,61416038625.0,5918,F1,75,,,,,
2025-05-21,2025-05-21,FO,NSE,IDO,53603,,NIFTY,,2027-12-30,2027-12-30,18000.0,CE,NIFTY27DEC18000CE,0.0,0.0,0.0,6285.7,0.0,6285.7,24813.45,9774.5,0,0,0,0.0,0,F1,75,,,,,
2025-05-21,2025-05-21,FO,NSE,IDO,53599,,NIFTY,,2027-12-30,2027-12-30,17000.0,CE,NIFTY27DEC17000CE,0.0,0.0,0.0,6805.5,0.0,6805.5,24813.45,10577.85,0,0,0,0.0,0,F1,75,,,,,
2025-05-21,2025-05-21,FO,NSE,IDO,71562,,NIFTY,,2027-06-24,2027-06-24,25000.0,CE,NIFTY27JUN25000CE,0.0,0.0,0.0,2090.05,0.0,2090.05,24813.45,4186.45,0,0,0,0.0,0,F1,75,,,,,
2025-05-21,2025-05-21,FO,NSE,IDO,71558,,NIFTY,,2027-06-24,2027-06-24,23000.0,CE,NIFTY27JUN23000CE,0.0,0.0,0.0,2530.05,0.0,2530.05,24813.45,5423.65,0,0,0,0.0,0,F1,75,,,,,
2025-05-21,2025-05-21,FO,NSE,IDO,38154,,NIFTY,,2026-06-25,2026-06-25,29000.0,CE,NIFTY26JUN29000CE,0.0,0.0,0.0,864.2,0.0,864.2,24813.45,1005.25,0,0,0,0.0,0,F1,75,,,,,
2025-05-21,2025-05-21,FO,NSE,IDO,62935,,NIFTY,,2026-03-26,2026-03-26,29000.0,CE,NIFTY26MAR29000CE,0.0,0.0,0.0,440.5,0.0,440.5,24813.45,686.9,0,0,0,0.0,0,F1,75,,,,,
2025-05-21,2025-05-21,FO,NSE,IDO,50543,,NIFTY,,2025-12-24,2025-12-24,28000.0,CE,NIFTY25DEC28000CE,269.0,304.95,257.85,270.8,269.0,261.25,24813.45,270.8,769625,12300,1875,3977385551.25,1240,F1,75,,,,,
2025-05-21,2025-05-21,FO,NSE,IDO,55869,,NIFTY,,2025-07-31,2025-07-31,26500.0,CE,NIFTY25JUL26500CE,146.65,185.9,133.6,150.8,149.5,141.55,24813.45,150.8,189600,15225,3127,6252511271.25,2198,F1,75,,,,,
2025-05-21,2025-05-21,FO,NSE,IDO,55839,,NIFTY,,2025-07-31,2025-07-31,25800.0,CE,NIFTY25JUL25800CE,330.0,395.0,310.0,328.85,326.0,315.9,24813.45,328.85,9000,-150,81,158863983.75,47,F1,75,,,,,
2025-05-21,2025-05-21,FO,NSE,IDO,55815,,NIFTY,,2025-07-31,2025-07-31,25350.0,CE,NIFTY25JUL25350CE,534.7,534.7,534.7,534.7,534.7,635.75,24813.45,666.05,975,75,1,1941352.5,1,F1,75,,,,,
2025-05-21,2025-05-21,FO,NSE,IDO,55775,,NIFTY,,2025-07-31,2025-07-31,24400.0,CE,NIFTY25JUL24400CE,1069.7,1183.75,1016.55,1068.1,1068.55,1018.8,24813.45,1068.1,3000,-8475,124,236781142.5,63,F1,75,,,,,
2025-05-21,2025-05-21,FO,NSE,IDO,55771,,NIFTY,,2025-07-31,2025-07-31,24300.0,CE,NIFTY25JUL24300CE,1161.25,1161.25,1130.0,1130.0,1130.0,1085.0,24813.45,1130.0,2175,-225,6,11452691.25,6,F1,75,,,,,
2025-05-21,2025-05-21,FO,NSE,IDO,55739,,NIFTY,,2025-07-31,2025-07-31,23600.0,CE,NIFTY25JUL23600CE,1685.0,1685.0,1685.0,1685.0,1685.0,1736.0,24813.45,1733.5,825,0,1,1896375.0,1,F1,75,,,,,
2025-05-21,2025-05-21,FO,NSE,IDO,55677,,NIFTY,,2025-07-31,2025-07-31,22400.0,CE,NIFTY25JUL22400CE,2725.7,2725.7,2725.7,2725.7,2725.7,2388.3,24813.45,2755.6,75,75,1,1884427.5,1,F1,75,,,,,
2025-05-21,2025-05-21,FO,NSE,IDO,35219,,NIFTY,,2025-06-26,2025-06-26,30000.0,CE,NIFTY25JUN30000CE,6.25,7.65,2.2,5.75,5.6,7.55,24813.45,5.75,2550150,-237300,9278,20878810428.75,1785,F1,75,,,,,
2025-05-21,2025-05-21,FO,NSE,IDO,62505,,NIFTY,,2025-06-26,2025-06-26,26800.0,CE,NIFTY25JUN26800CE,27.5,33.65,22.85,24.95,24.75,26.2,24813.45,24.95,219075,20475,4924,9907462638.75,3061,F1,75,,,,,
2025-05-21,2025-05-21,FO,NSE,IDO,62503,,NIFTY,,2025-06-26,2025-06-26,26750.0,CE,NIFTY25JUN26750CE,0.0,0.0,0.0,78.7,0.0,78.7,24813.45,71.8,0,0,0,0.0,0,F1,75,,,,,
2025-05-21,2025-05-21,FO,NSE,IDO,62501,,NIFTY,,2025-06-26,2025-06-26,26700.0,CE,NIFTY25JUN26700CE,31.05,41.85,28.1,30.7,29.9,31.8,24813.45,30.7,161925,7425,2309,4629680463.75,1381,F1,75,,,,,
2025-05-21,2025-05-21,FO,NSE,IDO,71381,,NIFTY,,2025-06-26,2025-06-26,25000.0,CE,NIFTY25JUN25000CE,442.95,554.4,401.0,438.25,434.55,418.3,24813.45,438.25,2050850,61775,26972,51517071420.0,18076,F1,75,,,,,
2025-05-21,2025-05-21,FO,NSE,IDO,62173,,NIFTY,,2025-06-26,2025-06-26,22050.0,CE,NIFTY25JUN22050CE,2905.7,2905.7,2905.7,2905.7,2905.7,3158.75,24813.45,2905.7,1800,75,1,1871677.5,1,F1,75,,,,,
2025-05-21,2025-05-21,FO,NSE,IDO,62171,,NIFTY,,2025-06-26,2025-06-26,21950.0,CE,NIFTY25JUN21950CE,3002.55,3002.55,3002.5,3002.55,3002.5,3257.5,24813.45,3002.55,1725,150,2,3742878.75,2,F1,75,,,,,
2025-05-21,2025-05-21,FO,NSE,IDO,62137,,NIFTY,,2025-06-26,2025-06-26,21350.0,CE,NIFTY25JUN21350CE,0.0,0.0,0.0,3842.65,3842.85,3842.65,24813.45,3604.05,750,0,0,0.0,0,F1,75,,,,,
2025-05-21,2025-05-21,FO,NSE,IDO,62122,,NIFTY,,2025-06-26,2025-06-26,21100.0,CE,NIFTY25JUN21100CE,0.0,0.0,0.0,3124.8,3125.35,3124.8,24813.45,3852.0,525,0,0,0.0,0,F1,75,,,,,
2025-05-21,2025-05-21,FO,NSE,IDO,45865,,NIFTY,,2025-06-26,2025-06-26,17000.0,CE,NIFTY25JUN17000CE,7830.0,7900.0,7830.0,7858.3,7858.2,7800.0,24813.45,7858.3,198925,150,8,14923860.0,7,F1,75,,,,,
2025-05-21,2025-05-21,FO,NSE,IDO,51059,,NIFTY,,2025-06-19,2025-06-19,26100.0,CE,NIFTY2561926100CE,0.0,0.0,0.0,223.95,0.0,223.95,24813.45,120.9,0,0,0,0.0,0,F1,75,,,,,
2025-05-21,2025-05-21,FO,NSE,IDO,51049,,NIFTY,,2025-06-19,2025-06-19,25850.0,CE,NIFTY2561925850CE,0.0,0.0,0.0,294.95,0.0,294.95,24813.45,170.2,0,0,0,0.0,0,F1,75,,,,,
2025-05-21,2025-05-21,FO,NSE,IDO,51027,,NIFTY,,2025-06-19,2025-06-19,25400.0,CE,NIFTY2561925400CE,219.85,276.9,214.9,219.8,219.0,291.6,24813.45,219.8,1050,525,26,49991985.0,23,F1,75,,,,,
2025-05-21,2025-05-21,FO,NSE,IDO,50997,,NIFTY,,2025-06-19,2025-06-19,24700.0,CE,NIFTY2561924700CE,526.5,677.0,516.25,569.75,569.75,532.2,24813.45,614.55,750,450,65,123198517.5,38,F1,75,,,,,
2025-05-21,2025-05-21,FO,NSE,IDO,50927,,NIFTY,,2025-06-19,2025-06-19,23650.0,CE,NIFTY2561923650CE,0.0,0.0,0.0,1640.45,0.0,1640.45,24813.45,1369.45,0,0,0,0.0,0,F1,75,,,,,
2025-05-21,2025-05-21,FO,NSE,IDO,50895,,NIFTY,,2025-06-19,2025-06-19,23400.0,CE,NIFTY2561923400CE,0.0,0.0,0.0,1862.6,0.0,1862.6,24813.45,1587.45,0,0,0,0.0,0,F1,75,,,,,
2025-05-21,2025-05-21,FO,NSE,IDO,50877,,NIFTY,,2025-06-19,2025-06-19,23200.0,CE,NIFTY2561923200CE,0.0,0.0,0.0,2046.0,0.0,2046.0,24813.45,1768.9,0,0,0,0.0,0,F1,75,,,,,
2025-05-21,2025-05-21,FO,NSE,IDO,44916,,NIFTY,,2025-06-12,2025-06-12,26100.0,CE,NIFTY2561226100CE,43.2,52.15,39.85,40.45,39.85,41.5,24813.45,40.45,3000,750,27,52943205.0,21,F1,75,,,,,
2025-05-21,2025-05-21,FO,NSE,IDO,44902,,NIFTY,,2025-06-12,2025-06-12,25750.0,CE,NIFTY2561225750CE,0.0,0.0,0.0,105.0,0.0,105.0,24813.45,136.75,0,0,0,0.0,0,F1,75,,,,,
2025-05-21,2025-05-21,FO,NSE,IDO,44856,,NIFTY,,2025-06-12,2025-06-12,24800.0,CE,NIFTY2561224800CE,392.0,542.8,375.6,421.3,410.6,398.5,24813.45,421.3,20925,11325,472,893932987.5,286,F1,75,,,,,
2025-05-21,2025-05-21,FO,NSE,IDO,44774,,NIFTY,,2025-06-12,2025-06-12,23400.0,CE,NIFTY2561223400CE,0.0,0.0,0.0,1164.2,0.0,1164.2,24813.45,1537.4,0,0,0,0.0,0,F1,75,,,,,
2025-05-21,2025-05-21,FO,NSE,IDO,44770,,NIFTY,,2025-06-12,2025-06-12,23300.0,CE,NIFTY2561223300CE,0.0,0.0,0.0,1243.8,0.0,1243.8,24813.45,1630.15,0,0,0,0.0,0,F1,75,,,,,
2025-05-21,2025-05-21,FO,NSE,IDO,44744,,NIFTY,,2025-06-12,2025-06-12,22800.0,CE,NIFTY2561222800CE,0.0,0.0,0.0,1671.8,0.0,1671.8,24813.45,2108.9,0,0,0,0.0,0,F1,75,,,,,
2025-05-21,2025-05-21,FO,NSE,IDO,40507,,NIFTY,,2025-06-05,2025-06-05,25300.0,CE,NIFTY2560525300CE,129.8,200.2,113.5,133.35,130.25,129.05,24813.45,133.35,84225,21825,4204,8026383067.5,3243,F1,75,,,,,
2025-05-21,2025-05-21,FO,NSE,IDO,40365,,NIFTY,,2025-06-05,2025-06-05,22700.0,CE,NIFTY2560522700CE,2161.75,2161.75,2161.75,2161.75,2161.75,2419.2,24813.45,2161.75,450,75,1,1864631.25,1,F1,75,,,,,
2025-05-21,2025-05-21,FO,NSE,IDO,40351,,NIFTY,,2025-06-05,2025-06-05,22400.0,CE,NIFTY2560522400CE,2452.5,2452.5,2452.5,2452.5,2452.5,2100.5,24813.45,2452.5,75,75,1,1863937.5,1,F1,75,,,,,
2025-05-21,2025-05-21,FO,NSE,IDO,61909,,NIFTY,,2025-05-29,2025-05-29,26650.0,CE,NIFTY25MAY26650CE,3.0,3.0,1.5,1.6,1.55,2.95,24813.45,1.6,635775,135300,33606,67174257153.75,6184,F1,75,,,,,
2025-05-21,2025-05-21,FO,NSE,IDO,61693,,NIFTY,,2025-05-29,2025-05-29,24750.0,CE,NIFTY25MAY24750CE,264.45,411.5,228.7,275.75,268.4,251.9,24813.45,275.75,327975,5775,41067,77116065251.25,29604,F1,75,,,,,
2025-05-21,2025-05-21,FO,NSE,IDO,61679,,NIFTY,,2025-05-29,2025-05-29,24400.0,CE,NIFTY25MAY24400CE,487.1,684.1,450.0,518.15,508.65,480.5,24813.45,518.15,670500,-27000,6334,11853514608.75,5635,F1,75,,,,,
2025-05-21,2025-05-21,FO,NSE,IDO,61555,,NIFTY,,2025-05-29,2025-05-29,23750.0,CE,NIFTY25MAY23750CE,1160.95,1250.95,1081.0,1081.8,1081.0,1055.9,24813.45,1081.8,16650,225,31,57763950.0,11,F1,75,,,,,
2025-05-21,2025-05-21,FO,NSE,IDO,61553,,NIFTY,,2025-05-29,2025-05-29,23700.0,CE,NIFTY25MAY23700CE,1103.3,1321.95,1056.0,1147.9,1131.0,1094.6,24813.45,1147.9,209625,10650,732,1364469701.25,557,F1,75,,,,,
2025-05-21,2025-05-21,FO,NSE,IDO,61541,,NIFTY,,2025-05-29,2025-05-29,23400.0,CE,NIFTY25MAY23400CE,1368.0,1595.0,1282.15,1434.35,1426.25,1392.8,24813.45,1434.35,111375,300,292,544415673.75,174,F1,75,,,,,
2025-05-21,2025-05-21,FO,NSE,IDO,61399,,NIFTY,,2025-05-29,2025-05-29,21600.0,CE,NIFTY25MAY21600CE,3255.95,3255.95,3253.35,3254.65,3253.35,3180.45,24813.45,3254.65,6225,150,2,3728197.5,2,F1,75,,,,,
2025-05-21,2025-05-21,FO,NSE,IDO,61387,,NIFTY,,2025-05-29,2025-05-29,21350.0,CE,NIFTY25MAY21350CE,0.0,0.0,0.0,3277.9,3277.9,3277.9,24813.45,3493.5,1875,0,0,0.0,0,F1,75,,,,,
2025-05-21,2025-05-21,FO,NSE,IDO,49369,,NIFTY,,2025-05-22,2025-05-22,26800.0,CE,NIFTY2552226800CE,1.0,1.15,0.55,0.75,0.7,1.4,24813.45,0.75,10267200,-1959600,448311,901129397632.5,52389,F1,75,,,,,
2025-05-21,2025-05-21,FO,NSE,IDO,49319,,NIFTY,,2025-05-22,2025-05-22,25850.0,CE,NIFTY2552225850CE,2.3,2.3,1.0,1.15,1.15,3.15,24813.45,1.15,1723575,-155325,213357,413670713163.75,40694,F1,75,,,,,
2025-05-21,2025-05-21,FO,NSE,IDO,49286,,NIFTY,,2025-05-22,2025-05-22,25350.0,CE,NIFTY2552225350CE,10.5,26.8,5.15,6.45,5.4,11.6,24813.45,6.45,3239400,374925,1307192,2486454925972.5,410000,F1,75,,,,,
2025-05-21,2025-05-21,FO,NSE,IDO,49226,,NIFTY,,2025-05-22,2025-05-22,24850.0,CE,NIFTY2552224850CE,80.0,208.4,57.0,86.25,81.0,71.65,24813.45,86.25,3154200,419775,3542266,6630399893126.25,2035234,F1,75,,,,,
2025-05-21,2025-05-21,FO,NSE,IDO,49204,,NIFTY,,2025-05-22,2025-05-22,24450.0,CE,NIFTY2552224450CE,310.05,542.95,273.1,352.4,344.8,312.5,24813.45,352.4,65775,-1650,16135,30023063467.5,11062,F1,75,,,,,
2025-05-21,2025-05-21,FO,NSE,IDO,49171,,NIFTY,,2025-05-22,2025-05-22,23850.0,CE,NIFTY2552223850CE,870.0,1102.05,870.0,936.05,919.3,962.45,24813.45,936.05,10125,-2850,152,282870352.5,115,F1,75,,,,,
2025-05-21,2025-05-21,FO,NSE,IDO,49107,,NIFTY,,2025-05-22,2025-05-22,22700.0,CE,NIFTY2552222700CE,2050.0,2200.0,2020.0,2110.35,2100.0,2138.0,24813.45,2110.35,2475,-1725,37,68810197.5,28,F1,75,,,,,
2025-05-21,2025-05-21,FO,NSE,IDO,49095,,NIFTY,,2025-05-22,2025-05-22,22450.0,CE,NIFTY2552222450CE,0.0,0.0,0.0,2594.55,2594.55,2594.55,24813.45,2367.4,750,0,0,0.0,0,F1,75,,,,,
2025-05-21,2025-05-21,FO,NSE,IDO,55798,,NIFTY,,2025-07-31,2025-07-31,24950.0,PE,NIFTY25JUL24950PE,538.7,607.65,529.0,607.65,607.65,525.0,24813.45,607.65,1950,225,16,30615862.5,7,F1,75,,,,,
2025-05-21,2025-05-21,FO,NSE,IDO,61795,,NIFTY,,2029-12-27,2029-12-27,27000.0,PE,NIFTY29DEC27000PE,0.0,0.0,0.0,1177.9,0.0,1177.9,24813.45,1411.8,0,0,0,0.0,0,F1,75,,,,,
2025-05-21,2025-05-21,FO,NSE,IDO,61403,,NIFTY,,2029-12-27,2029-12-27,19000.0,PE,NIFTY29DEC19000PE,0.0,0.0,0.0,142.25,0.0,142.25,24813.45,190.4,0,0,0,0.0,0,F1,75,,,,,
2025-05-21,2025-05-21,FO,NSE,IDO,89627,,NIFTY,,2029-06-28,2029-06-28,22000.0,PE,NIFTY29JUN22000PE,0.0,0.0,0.0,422.0,0.0,422.0,24813.45,481.25,0,0,0,0.0,0,F1,75,,,,,
2025-05-21,2025-05-21,FO,NSE,IDO,86168,,NIFTY,,2028-06-29,2028-06-29,29000.0,PE,NIFTY28JUN29000PE,0.0,0.0,0.0,3595.9,0.0,3595.9,24813.45,2386.5,0,0,0,0.0,0,F1,75,,,,,
2025-05-21,2025-05-21,FO,NSE,IDO,62936,,NIFTY,,2026-03-26,2026-03-26,29000.0,PE,NIFTY26MAR29000PE,0.0,0.0,0.0,3815.05,0.0,3815.05,24813.45,3283.65,0,0,0,0.0,0,F1,75,,,,,
2025-05-21,2025-05-21,FO,NSE,IDO,55879,,NIFTY,,2025-07-31,2025-07-31,26700.0,CE,NIFTY25JUL26700CE,0.0,0.0,0.0,228.6,0.0,228.6,24813.45,245.0,0,0,0,0.0,0,F1,75,,,,,
2025-05-21,2025-05-21,FO,NSE,IDO,55799,,NIFTY,,2025-07-31,2025-07-31,25000.0,CE,NIFTY25JUL25000CE,670.2,811.15,648.75,689.65,690.8,664.55,24813.45,689.65,483825,34275,2450,4727071477.5,1894,F1,75,,,,,
2025-05-21,2025-05-21,FO,NSE,IDO,55789,,NIFTY,,2025-07-31,2025-07-31,24750.0,CE,NIFTY25JUL24750CE,785.0,785.0,785.0,785.0,785.0,1005.15,24813.45,963.85,525,75,1,1915125.0,1,F1,75,,,,,
2025-05-21,2025-05-21,FO,NSE,IDO,55699,,NIFTY,,2025-07-31,2025-07-31,22900.0,CE,NIFTY25JUL22900CE,2269.2,2269.2,2269.2,2269.2,2269.2,2161.9,24813.45,2269.2,525,75,1,1887690.0,1,F1,75,,,,,
2025-05-21,2025-05-21,FO,NSE,IDO,55671,,NIFTY,,2025-07-31,2025-07-31,22250.0,CE,NIFTY25JUL22250CE,2862.55,2862.55,2862.55,2862.55,2862.55,2515.55,24813.45,2893.75,75,75,1,1883441.25,1,F1,75,,,,,
2025-05-21,2025-05-21,FO,NSE,IDO,62439,,NIFTY,,2025-06-26,2025-06-26,25850.0,CE,NIFTY25JUN25850CE,120.0,175.9,117.05,137.5,138.4,127.1,24813.45,137.5,9825,1200,114,222248036.25,41,F1,75,,,,,
2025-05-21,2025-05-21,FO,NSE,IDO,62421,,NIFTY,,2025-06-26,2025-06-26,25500.0,CE,NIFTY25JUN25500CE,220.05,301.45,205.05,229.55,227.0,216.2,24813.45,229.55,1127175,93450,18230,35199716156.25,11212,F1,75,,,,,
2025-05-21,2025-05-21,FO,NSE,IDO,62401,,NIFTY,,2025-06-26,2025-06-26,25100.0,CE,NIFTY25JUN25100CE,378.05,495.0,357.0,391.95,387.65,371.55,24813.45,391.95,237300,-29100,4758,9103097238.75,3283,F1,75,,,,,
2025-05-21,2025-05-21,FO,NSE,IDO,62361,,NIFTY,,2025-06-26,2025-06-26,24250.0,CE,NIFTY25JUN24250CE,881.95,1036.0,881.95,935.85,935.85,870.1,24813.45,972.55,7950,-225,7,13234177.5,6,F1,75,,,,,
2025-05-21,2025-05-21,FO,NSE,IDO,62191,,NIFTY,,2025-06-26,2025-06-26,22300.0,CE,NIFTY25JUN22300CE,2673.7,2673.7,2673.7,2673.7,2673.7,2856.65,24813.45,2668.7,2250,75,1,1873027.5,1,F1,75,,,,,
2025-05-21,2025-05-21,FO,NSE,IDO,62127,,NIFTY,,2025-06-26,2025-06-26,21200.0,CE,NIFTY25JUN21200CE,0.0,0.0,0.0,3987.95,3987.95,3987.95,24813.45,3752.8,675,0,0,0.0,0,F1,75,,,,,
2025-05-21,2025-05-21,FO,NSE,IDO,62105,,NIFTY,,2025-06-26,2025-06-26,21050.0,CE,NIFTY25JUN21050CE,0.0,0.0,0.0,3173.45,3171.9,3173.45,24813.45,3901.6,525,0,0,0.0,0,F1,75,,,,,
2025-05-21,2025-05-21,FO,NSE,IDO,62081,,NIFTY,,2025-06-26,2025-06-26,20800.0,CE,NIFTY25JUN20800CE,0.0,0.0,0.0,3407.2,3407.95,3407.2,24813.45,4149.8,525,0,0,0.0,0,F1,75,,,,,
2025-05-21,2025-05-21,FO,NSE,IDO,62077,,NIFTY,,2025-06-26,2025-06-26,20750.0,CE,NIFTY25JUN20750CE,0.0,0.0,0.0,3468.3,3470.6,3468.3,24813.45,4199.45,525,0,0,0.0,0,F1,75,,,,,
2025-05-21,2025-05-21,FO,NSE,IDO,62065,,NIFTY,,2025-06-26,2025-06-26,20500.0,CE,NIFTY25JUN20500CE,4410.95,4410.95,4405.85,4408.4,4405.85,4440.0,24813.45,4408.4,675,-75,2,3736260.0,2,F1,75,,,,,
2025-05-21,2025-05-21,FO,NSE,IDO,51089,,NIFTY,,2025-06-19,2025-06-19,26750.0,CE,NIFTY2561926750CE,0.0,0.0,0.0,50.0,50.0,50.0,24813.45,44.5,75,0,0,0.0,0,F1,75,,,,,
2025-05-21,2025-05-21,FO,NSE,IDO,62918,,NIFTY,,2026-03-26,2026-03-26,21000.0,CE,NIFTY26MAR21000CE,0.0,0.0,0.0,4255.8,0.0,4255.8,24813.45,5099.65,0,0,0,0.0,0,F1,75,,,,,
2025-05-21,2025-05-21,FO,NSE,IDO,50556,,NIFTY,,2026-06-25,2026-06-25,18000.0,CE,NIFTY26JUN18000CE,0.0,0.0,0.0,7400.0,7400.0,7400.0,24813.45,8101.35,100,0,0,0.0,0,F1,75,,,,,
2025-05-21,2025-05-21,FO,NSE,IDO,58640,,NIFTY,,2026-12-31,2026-12-31,18000.0,CE,NIFTY26DEC18000CE,0.0,0.0,0.0,4501.45,0.0,4501.45,24813.45,8693.3,0,0,0,0.0,0,F1,75,,,,,
2025-05-21,2025-05-21,FO,NSE,IDO,86141,,NIFTY,,2028-06-29,2028-06-29,19000.0,CE,NIFTY28JUN19000CE,0.0,0.0,0.0,6252.25,0.0,6252.25,24813.45,9529.45,0,0,0,0.0,0,F1,75,,,,,
2025-05-21,2025-05-21,FO,NSE,IDO,67772,,NIFTY,,2028-12-28,2028-12-28,19000.0,CE,NIFTY28DEC19000CE,0.0,0.0,0.0,8739.0,0.0,8739.0,24813.45,10047.45,0,0,0,0.0,0,F1,75,,,,,
2025-05-21,2025-05-21,FO,NSE,IDO,67776,,NIFTY,,2028-12-28,2028-12-28,21000.0,CE,NIFTY28DEC21000CE,0.0,0.0,0.0,7512.5,0.0,7512.5,24813.45,8655.2,0,0,0,0.0,0,F1,75,,,,,
2025-05-21,2025-05-21,FO,NSE,IDO,67788,,NIFTY,,2028-12-28,2028-12-28,27000.0,CE,NIFTY28DEC27000CE,0.0,0.0,0.0,4437.95,0.0,4437.95,24813.45,5152.45,0,0,0,0.0,0,F1,75,,,,,
2025-05-21,2025-05-21,FO,NSE,IDO,51071,,NIFTY,,2025-06-19,2025-06-19,26400.0,CE,NIFTY2561926400CE,27.0,51.05,27.0,31.95,31.1,41.55,24813.45,31.95,2250,1575,53,105090138.75,31,F1,75,,,,,
2025-05-21,2025-05-21,FO,NSE,IDO,51023,,NIFTY,,2025-06-19,2025-06-19,25300.0,CE,NIFTY2561925300CE,284.0,325.9,245.85,260.0,260.0,235.7,24813.45,333.1,1200,525,20,38373348.75,17,F1,75,,,,,
2025-05-21,2025-05-21,FO,NSE,IDO,50949,,NIFTY,,2025-06-19,2025-06-19,23850.0,CE,NIFTY2561923850CE,0.0,0.0,0.0,1469.75,0.0,1469.75,24813.45,1203.7,0,0,0,0.0,0,F1,75,,,,,
2025-05-21,2025-05-21,FO,NSE,IDO,50853,,NIFTY,,2025-06-19,2025-06-19,22950.0,CE,NIFTY2561922950CE,0.0,0.0,0.0,2280.9,0.0,2280.9,24813.45,2002.5,0,0,0,0.0,0,F1,75,,,,,
2025-05-21,2025-05-21,FO,NSE,IDO,44946,,NIFTY,,2025-06-12,2025-06-12,26750.0,CE,NIFTY2561226750CE,13.5,13.55,10.25,10.45,10.45,15.0,24813.45,22.35,1425,750,41,82290633.75,25,F1,75,,,,,
2025-05-21,2025-05-21,FO,NSE,IDO,44918,,NIFTY,,2025-06-12,2025-06-12,26150.0,CE,NIFTY2561226150CE,0.0,0.0,0.0,59.0,59.0,59.0,24813.45,70.5,225,0,0,0.0,0,F1,75,,,,,
2025-05-21,2025-05-21,FO,NSE,IDO,44886,,NIFTY,,2025-06-12,2025-06-12,25450.0,CE,NIFTY2561225450CE,163.5,163.5,163.5,163.5,163.5,157.85,24813.45,213.0,75,75,1,1921012.5,1,F1,75,,,,,
2025-05-21,2025-05-21,FO,NSE,IDO,44880,,NIFTY,,2025-06-12,2025-06-12,25300.0,CE,NIFTY2561225300CE,183.55,270.0,176.05,199.15,192.65,188.25,24813.45,199.15,22575,5625,478,914770076.25,395,F1,75,,,,,
2025-05-21,2025-05-21,FO,NSE,IDO,44874,,NIFTY,,2025-06-12,2025-06-12,25200.0,CE,NIFTY2561225200CE,226.7,310.05,209.85,230.95,227.8,219.35,24813.45,230.95,27150,6525,471,899437837.5,296,F1,75,,,,,
2025-05-21,2025-05-21,FO,NSE,IDO,44822,,NIFTY,,2025-06-12,2025-06-12,24200.0,CE,NIFTY2561224200CE,857.85,881.7,799.9,822.05,822.05,823.4,24813.45,865.05,1650,600,16,30032160.0,13,F1,75,,,,,
2025-05-21,2025-05-21,FO,NSE,IDO,44810,,NIFTY,,2025-06-12,2025-06-12,23950.0,CE,NIFTY2561223950CE,0.0,0.0,0.0,771.9,0.0,771.9,24813.45,1058.25,0,0,0,0.0,0,F1,75,,,,,
2025-05-21,2025-05-21,FO,NSE,IDO,44782,,NIFTY,,2025-06-12,2025-06-12,23600.0,CE,NIFTY2561223600CE,0.0,0.0,0.0,1013.05,0.0,1013.05,24813.45,1356.4,0,0,0,0.0,0,F1,75,,,,,
2025-05-21,2025-05-21,FO,NSE,IDO,44780,,NIFTY,,2025-06-12,2025-06-12,23550.0,CE,NIFTY2561223550CE,0.0,0.0,0.0,1049.25,0.0,1049.25,24813.45,1401.05,0,0,0,0.0,0,F1,75,,,,,
2025-05-21,2025-05-21,FO,NSE,IDO,40568,,NIFTY,,2025-06-05,2025-06-05,26550.0,CE,NIFTY2560526550CE,10.9,10.9,6.15,6.55,6.5,10.55,24813.45,6.55,12075,5250,272,541777687.5,118,F1,75,,,,,
2025-05-21,2025-05-21,FO,NSE,IDO,40566,,NIFTY,,2025-06-05,2025-06-05,26500.0,CE,NIFTY2560526500CE,10.5,12.0,7.1,7.6,7.5,11.3,24813.45,7.6,226950,46050,6591,13104152572.5,3430,F1,75,,,,,
2025-05-21,2025-05-21,FO,NSE,IDO,40553,,NIFTY,,2025-06-05,2025-06-05,26350.0,CE,NIFTY2560526350CE,18.65,18.65,9.35,10.35,10.55,16.3,24813.45,10.35,10950,5400,134,264962355.0,42,F1,75,,,,,
2025-05-21,2025-05-21,FO,NSE,IDO,40549,,NIFTY,,2025-06-05,2025-06-05,26250.0,CE,NIFTY2560526250CE,19.0,21.25,12.4,13.1,13.1,18.85,24813.45,13.1,6750,4575,250,492485220.0,86,F1,75,,,,,
2025-05-21,2025-05-21,FO,NSE,IDO,40539,,NIFTY,,2025-06-05,2025-06-05,26000.0,CE,NIFTY2560526000CE,22.0,40.3,21.8,25.25,25.3,27.1,24813.45,25.25,460200,53850,18249,35625878523.75,9489,F1,75,,,,,
2025-05-21,2025-05-21,FO,NSE,IDO,40531,,NIFTY,,2025-06-05,2025-06-05,25800.0,CE,NIFTY2560525800CE,43.15,67.2,35.6,42.05,40.15,42.65,24813.45,42.05,138375,22725,7554,14645188856.25,5410,F1,75,,,,,
2025-05-21,2025-05-21,FO,NSE,IDO,40511,,NIFTY,,2025-06-05,2025-06-05,25350.0,CE,NIFTY2560525350CE,112.35,179.1,103.8,122.5,135.9,116.3,24813.45,122.5,9975,300,557,1064772682.5,387,F1,75,,,,,
2025-05-21,2025-05-21,FO,NSE,IDO,40499,,NIFTY,,2025-06-05,2025-06-05,25150.0,CE,NIFTY2560525150CE,173.7,263.2,158.5,178.7,177.0,173.7,24813.45,178.7,110100,99300,4443,8458276323.75,1530,F1,75,,,,,
2025-05-21,2025-05-21,FO,NSE,IDO,40493,,NIFTY,,2025-06-05,2025-06-05,25050.0,CE,NIFTY2560525050CE,207.7,315.0,187.9,220.2,217.35,210.25,24813.45,220.2,29625,-750,808,1533037316.25,572,F1,75,,,,,
2025-05-21,2025-05-21,FO,NSE,IDO,40473,,NIFTY,,2025-06-05,2025-06-05,24650.0,CE,NIFTY2560524650CE,394.05,564.0,388.7,436.95,424.4,404.2,24813.45,436.95,10200,-150,314,591642457.5,191,F1,75,,,,,
2025-05-21,2025-05-21,FO,NSE,IDO,40423,,NIFTY,,2025-06-05,2025-06-05,23700.0,CE,NIFTY2560523700CE,1190.0,1201.85,1158.2,1196.3,1196.3,1422.5,24813.45,1196.3,11550,11100,156,291054881.25,30,F1,75,,,,,
2025-05-21,2025-05-21,FO,NSE,IDO,40419,,NIFTY,,2025-06-05,2025-06-05,23650.0,CE,NIFTY2560523650CE,1254.5,1254.5,1254.5,1254.5,1254.5,1527.2,24813.45,1255.4,375,75,1,1867837.5,1,F1,75,,,,,
2025-05-21,2025-05-21,FO,NSE,IDO,40385,,NIFTY,,2025-06-05,2025-06-05,22900.0,CE,NIFTY2560522900CE,1977.3,1977.3,1977.3,1977.3,1977.3,2220.0,24813.45,1977.3,375,75,1,1865797.5,1,F1,75,,,,,
2025-05-21,2025-05-21,FO,NSE,IDO,40355,,NIFTY,,2025-06-05,2025-06-05,22500.0,CE,NIFTY2560522500CE,2354.0,2354.0,2354.0,2354.0,2354.0,2006.25,24813.45,2354.0,75,75,1,1864050.0,1,F1,75,,,,,
2025-05-21,2025-05-21,FO,NSE,IDO,61789,,NIFTY,,2025-05-29,2025-05-29,25750.0,CE,NIFTY25MAY25750CE,18.65,30.9,12.7,15.3,14.2,18.5,24813.45,15.3,314850,78075,33784,65296478621.25,17413,F1,75,,,,,
2025-05-21,2025-05-21,FO,NSE,IDO,61787,,NIFTY,,2025-05-29,2025-05-29,25700.0,CE,NIFTY25MAY25700CE,16.55,36.55,14.9,18.1,18.0,21.0,24813.45,18.1,1106925,228900,97879,188826085833.75,60739,F1,75,,,,,
2025-05-21,2025-05-21,FO,NSE,IDO,61785,,NIFTY,,2025-05-29,2025-05-29,25650.0,CE,NIFTY25MAY25650CE,25.8,43.2,17.3,21.6,20.45,24.25,24813.45,21.6,226950,70200,28082,54080014158.75,17909,F1,75,,,,,
2025-05-21,2025-05-21,FO,NSE,IDO,61781,,NIFTY,,2025-05-29,2025-05-29,25550.0,CE,NIFTY25MAY25550CE,32.0,59.3,23.8,30.1,28.05,31.75,24813.45,30.1,318675,107325,29834,57252490983.75,19512,F1,75,,,,,
2025-05-21,2025-05-21,FO,NSE,IDO,61725,,NIFTY,,2025-05-29,2025-05-29,24800.0,CE,NIFTY25MAY24800CE,240.0,379.9,203.35,249.8,240.4,226.05,24813.45,249.8,2593200,605625,231242,434722093676.25,140528,F1,75,,,,,
2025-05-21,2025-05-21,FO,NSE,IDO,61677,,NIFTY,,2025-05-29,2025-05-29,24350.0,CE,NIFTY25MAY24350CE,510.0,724.9,487.05,553.95,550.0,519.95,24813.45,553.95,79425,900,416,778903177.5,204,F1,75,,,,,
2025-05-21,2025-05-21,FO,NSE,IDO,61539,,NIFTY,,2025-05-29,2025-05-29,23350.0,CE,NIFTY25MAY23350CE,1437.0,1508.75,1437.0,1496.4,1496.4,1773.35,24813.45,1498.0,9375,0,4,7445936.25,3,F1,75,,,,,
2025-05-21,2025-05-21,FO,NSE,IDO,61529,,NIFTY,,2025-05-29,2025-05-29,23100.0,CE,NIFTY25MAY23100CE,1675.3,1872.0,1675.3,1737.3,1730.55,1660.0,24813.45,1737.3,87150,600,23,42867738.75,20,F1,75,,,,,
2025-05-21,2025-05-21,FO,NSE,IDO,61525,,NIFTY,,2025-05-29,2025-05-29,23000.0,CE,NIFTY25MAY23000CE,1779.8,2021.1,1743.65,1825.7,1820.2,1783.95,24813.45,1825.7,972150,-15075,1362,2542816698.75,744,F1,75,,,,,
2025-05-21,2025-05-21,FO,NSE,IDO,61485,,NIFTY,,2025-05-29,2025-05-29,22000.0,CE,NIFTY25MAY22000CE,2769.0,3003.0,2766.85,2824.35,2822.35,2770.45,24813.45,2824.35,649500,-3600,198,369278812.5,113,F1,75,,,,,
2025-05-21,2025-05-21,FO,NSE,IDO,61377,,NIFTY,,2025-05-29,2025-05-29,21250.0,CE,NIFTY25MAY21250CE,0.0,0.0,0.0,3376.95,3376.95,3376.95,24813.45,3593.35,2175,0,0,0.0,0,F1,75,,,,,
2025-05-21,2025-05-21,FO,NSE,IDO,61373,,NIFTY,,2025-05-29,2025-05-29,21200.0,CE,NIFTY25MAY21200CE,3632.05,3632.05,3632.05,3632.05,3632.05,3879.55,24813.45,3632.05,4350,75,1,1862403.75,1,F1,75,,,,,
2025-05-21,2025-05-21,FO,NSE,IDO,61371,,NIFTY,,2025-05-29,2025-05-29,21150.0,CE,NIFTY25MAY21150CE,0.0,0.0,0.0,2956.8,2965.7,2956.8,24813.45,3693.2,2250,0,0,0.0,0,F1,75,,,,,
2025-05-21,2025-05-21,FO,NSE,IDO,61329,,NIFTY,,2025-05-29,2025-05-29,20500.0,CE,NIFTY25MAY20500CE,4496.0,4496.0,4288.25,4340.85,4318.75,4262.55,24813.45,4340.85,149325,-2700,43,80052840.0,15,F1,75,,,,,
2025-05-21,2025-05-21,FO,NSE,IDO,49080,,NIFTY,,2025-05-22,2025-05-22,22100.0,PE,NIFTY2552222100PE,0.4,0.5,0.15,0.2,0.2,0.5,24813.45,0.2,5622975,-265200,876511,1452841727298.75,86253,F1,75,,,,,
2025-05-21,2025-05-21,FO,NSE,IDO,49100,,NIFTY,,2025-05-22,2025-05-22,22550.0,PE,NIFTY2552222550PE,0.5,0.7,0.2,0.3,0.2,0.6,24813.45,0.3,328875,64350,15298,25873240740.0,3208,F1,75,,,,,
2025-05-21,2025-05-21,FO,NSE,IDO,49120,,NIFTY,,2025-05-22,2025-05-22,23000.0,PE,NIFTY2552223000PE,0.65,0.85,0.3,0.4,0.3,0.85,24813.45,0.4,3214350,-1636650,271939,469107276427.5,35635,F1,75,,,,,
2025-05-21,2025-05-21,FO,NSE,IDO,49124,,NIFTY,,2025-05-22,2025-05-22,23100.0,PE,NIFTY2552223100PE,0.9,1.05,0.25,0.4,0.35,1.0,24813.45,0.4,618375,-32550,65473,113434992480.0,10977,F1,75,,,,,
2025-05-21,2025-05-21,FO,NSE,IDO,49362,,NIFTY,,2025-05-22,2025-05-22,26650.0,CE,NIFTY2552226650CE,1.25,1.25,0.6,0.8,0.8,1.55,24813.45,0.8,3945600,-1026375,100748,201376196313.75,17060,F1,75,,,,,
2025-05-21,2025-05-21,FO,NSE,IDO,49354,,NIFTY,,2025-05-22,2025-05-22,26500.0,CE,NIFTY2552226500CE,1.25,1.3,0.7,0.8,0.8,1.6,24813.45,0.8,6064125,-1967550,374496,744334254978.75,47708,F1,75,,,,,
2025-05-21,2025-05-21,FO,NSE,IDO,49313,,NIFTY,,2025-05-22,2025-05-22,25750.0,CE,NIFTY2552225750CE,4.05,4.05,1.05,1.3,1.1,3.75,24813.45,1.3,2204550,71250,462626,893516148476.25,88883,F1,75,,,,,
2025-05-21,2025-05-21,FO,NSE,IDO,49216,,NIFTY,,2025-05-22,2025-05-22,24750.0,CE,NIFTY2552224750CE,115.0,280.8,91.65,132.45,125.5,108.1,24813.45,132.45,1786350,-564450,2405370,4490355436188.75,1501134,F1,75,,,,,
2025-05-21,2025-05-21,FO,NSE,IDO,49188,,NIFTY,,2025-05-22,2025-05-22,24150.0,CE,NIFTY2552224150CE,580.65,820.35,560.3,631.55,632.4,585.0,24813.45,631.55,19875,-1800,425,791041635.0,315,F1,75,,,,,
2025-05-21,2025-05-21,FO,NSE,IDO,49109,,NIFTY,,2025-05-22,2025-05-22,22750.0,CE,NIFTY2552222750CE,2000.0,2030.0,1975.0,2010.0,2010.0,2320.8,24813.45,2067.45,525,-525,10,18569250.0,5,F1,75,,,,,
2025-05-21,2025-05-21,FO,NSE,IDO,49105,,NIFTY,,2025-05-22,2025-05-22,22650.0,CE,NIFTY2552222650CE,2239.5,2239.5,2069.25,2132.2,2132.2,2385.05,24813.45,2167.45,750,-1350,26,48342753.75,14,F1,75,,,,,
2025-05-21,2025-05-21,FO,NSE,IDO,49089,,NIFTY,,2025-05-22,2025-05-22,22300.0,CE,NIFTY2552222300CE,2508.5,2508.5,2508.5,2508.5,2508.5,2755.35,24813.45,2517.4,5775,-150,2,3721275.0,1,F1,75,,,,,
2025-05-21,2025-05-21,FO,NSE,IDO,49152,,NIFTY,,2025-05-22,2025-05-22,23550.0,PE,NIFTY2552223550PE,2.3,2.3,0.6,0.8,0.6,2.3,24813.45,0.8,208875,-89100,64084,113193875415.0,14153,F1,75,,,,,
2025-05-21,2025-05-21,FO,NSE,IDO,49173,,NIFTY,,2025-05-22,2025-05-22,23850.0,PE,NIFTY2552223850PE,3.35,3.35,1.0,1.3,1.05,4.15,24813.45,1.3,1015500,461025,246652,441233114287.5,47945,F1,75,,,,,
2025-05-21,2025-05-21,FO,NSE,IDO,49229,,NIFTY,,2025-05-22,2025-05-22,24900.0,PE,NIFTY2552224900PE,205.0,270.85,91.05,177.1,187.95,228.45,24813.45,177.1,2418750,289275,2645076,4969127496915.0,1515201,F1,75,,,,,
2025-05-21,2025-05-21,FO,NSE,IDO,49274,,NIFTY,,2025-05-22,2025-05-22,25300.0,PE,NIFTY2552225300PE,573.95,629.45,349.9,521.65,530.0,580.55,24813.45,521.65,172275,-27900,15790,30516791917.5,10340,F1,75,,,,,
2025-05-21,2025-05-21,FO,NSE,IDO,49320,,NIFTY,,2025-05-22,2025-05-22,25850.0,PE,NIFTY2552225850PE,897.55,1152.3,897.55,1057.6,1057.6,1058.35,24813.45,1057.6,3075,1575,97,195832631.25,67,F1,75,,,,,
2025-05-21,2025-05-21,FO,NSE,IDO,49327,,NIFTY,,2025-05-22,2025-05-22,25950.0,PE,NIFTY2552225950PE,1156.4,1156.4,1156.4,1156.4,1156.4,911.65,24813.45,1132.0,2325,75,1,2032980.0,1,F1,75,,,,,
2025-05-21,2025-05-21,FO,NSE,IDO,49357,,NIFTY,,2025-05-22,2025-05-22,26550.0,PE,NIFTY2552226550PE,0.0,0.0,0.0,1508.4,1511.0,1508.4,24813.45,1731.9,375,0,0,0.0,0,F1,75,,,,,
2025-05-21,2025-05-21,FO,NSE,IDO,61340,,NIFTY,,2025-05-29,2025-05-29,20750.0,PE,NIFTY25MAY20750PE,2.35,2.45,1.65,1.85,1.8,2.25,24813.45,1.85,16200,3000,179,278595303.75,99,F1,75,,,,,
2025-05-21,2025-05-21,FO,NSE,IDO,61352,,NIFTY,,2025-05-29,2025-05-29,20900.0,PE,NIFTY25MAY20900PE,2.45,2.45,1.8,2.1,2.0,2.45,24813.45,2.1,46725,5400,644,1009568493.75,306,F1,75,,,,,
2025-05-21,2025-05-21,FO,NSE,IDO,61494,,NIFTY,,2025-05-29,2025-05-29,22200.0,PE,NIFTY25MAY22200PE,3.8,4.7,3.0,3.75,3.75,5.0,24813.45,3.75,195525,-825,4452,7413851823.75,2474,F1,75,,,,,
2025-05-21,2025-05-21,FO,NSE,IDO,61688,,NIFTY,,2025-05-29,2025-05-29,24600.0,PE,NIFTY25MAY24600PE,160.0,190.3,104.1,142.05,142.35,167.6,24813.45,142.05,2339925,232050,99954,185486299882.5,61383,F1,75,,,,,
2025-05-21,2025-05-21,FO,NSE,IDO,61770,,NIFTY,,2025-05-29,2025-05-29,25350.0,PE,NIFTY25MAY25350PE,646.15,653.05,445.55,580.6,588.6,630.4,24813.45,580.6,19350,3075,424,823442317.5,240,F1,75,,,,,
2025-05-21,2025-05-21,FO,NSE,IDO,61776,,NIFTY,,2025-05-29,2025-05-29,25450.0,PE,NIFTY25MAY25450PE,710.45,738.95,524.15,659.1,665.0,717.65,24813.45,659.1,12750,375,234,458182995.0,113,F1,75,,,,,
2025-05-21,2025-05-21,FO,NSE,IDO,61798,,NIFTY,,2025-05-29,2025-05-29,25900.0,PE,NIFTY25MAY25900PE,1147.25,1161.95,919.0,1078.9,1075.0,1146.35,24813.45,1078.9,124425,-2775,55,111307248.75,44,F1,75,,,,,
2025-05-21,2025-05-21,FO,NSE,IDO,40358,,NIFTY,,2025-06-05,2025-06-05,22550.0,PE,NIFTY2560522550PE,7.35,11.0,7.35,8.25,8.25,11.65,24813.45,8.25,1125,-825,108,182729381.25,41,F1,75,,,,,
2025-05-21,2025-05-21,FO,NSE,IDO,40466,,NIFTY,,2025-06-05,2025-06-05,24450.0,PE,NIFTY2560524450PE,183.65,201.05,134.95,169.2,170.1,180.0,24813.45,169.2,8550,1350,244,450486273.75,176,F1,75,,,,,
2025-05-21,2025-05-21,FO,NSE,IDO,40468,,NIFTY,,2025-06-05,2025-06-05,24500.0,PE,NIFTY2560524500PE,193.8,223.1,142.55,181.7,182.75,199.45,24813.45,181.7,192600,13125,14016,25941797902.5,9048,F1,75,,,,,
2025-05-21,2025-05-21,FO,NSE,IDO,40508,,NIFTY,,2025-06-05,2025-06-05,25300.0,PE,NIFTY2560525300PE,556.0,657.4,461.95,584.15,588.7,625.45,24813.45,584.15,14625,4575,337,654501435.0,242,F1,75,,,,,
2025-05-21,2025-05-21,FO,NSE,IDO,40542,,NIFTY,,2025-06-05,2025-06-05,26050.0,PE,NIFTY2560526050PE,1205.15,1206.75,1205.15,1206.75,1206.75,1252.4,24813.45,1209.3,750,150,2,4088392.5,2,F1,75,,,,,
2025-05-21,2025-05-21,FO,NSE,IDO,40544,,NIFTY,,2025-06-05,2025-06-05,26100.0,PE,NIFTY2560526100PE,1244.35,1244.35,1244.35,1244.35,1244.35,1669.9,24813.45,1254.65,75,75,1,2050826.25,1,F1,75,,,,,
2025-05-21,2025-05-21,FO,NSE,IDO,44749,,NIFTY,,2025-06-12,2025-06-12,22850.0,PE,NIFTY2561222850PE,0.0,0.0,0.0,25.6,25.6,25.6,24813.45,8.5,900,0,0,0.0,0,F1,75,,,,,
2025-05-21,2025-05-21,FO,NSE,IDO,44767,,NIFTY,,2025-06-12,2025-06-12,23200.0,PE,NIFTY2561223200PE,40.0,47.0,40.0,47.0,47.0,47.85,24813.45,21.05,2625,375,6,10460100.0,3,F1,75,,,,,
2025-05-21,2025-05-21,FO,NSE,IDO,44779,,NIFTY,,2025-06-12,2025-06-12,23500.0,PE,NIFTY2561223500PE,70.95,80.05,52.0,66.7,66.25,66.8,24813.45,66.7,25650,6750,849,1500583260.0,350,F1,75,,,,,
2025-05-21,2025-05-21,FO,NSE,IDO,44797,,NIFTY,,2025-06-12,2025-06-12,23800.0,PE,NIFTY2561223800PE,101.7,101.9,101.7,101.9,101.9,244.3,24813.45,77.35,225,225,3,5377905.0,3,F1,75,,,,,
2025-05-21,2025-05-21,FO,NSE,IDO,44861,,NIFTY,,2025-06-12,2025-06-12,24900.0,PE,NIFTY2561224900PE,424.7,437.95,320.75,387.95,391.85,415.6,24813.45,387.95,27375,15150,664,1258749768.75,522,F1,75,,,,,
2025-05-21,2025-05-21,FO,NSE,IDO,55837,,NIFTY,,2025-07-31,2025-07-31,25750.0,CE,NIFTY25JUL25750CE,366.55,366.6,366.55,366.6,366.6,459.35,24813.45,507.5,975,75,5,9793721.25,3,F1,75,,,,,
2025-05-21,2025-05-21,FO,NSE,IDO,44937,,NIFTY,,2025-06-12,2025-06-12,26550.0,PE,NIFTY2561226550PE,0.0,0.0,0.0,2136.5,0.0,2136.5,24813.45,1667.5,0,0,0,0.0,0,F1,75,,,,,
2025-05-21,2025-05-21,FO,NSE,IDO,50944,,NIFTY,,2025-06-19,2025-06-19,23800.0,PE,NIFTY2561923800PE,132.0,132.0,118.8,118.8,118.8,131.05,24813.45,109.8,825,375,5,8973510.0,2,F1,75,,,,,
2025-05-21,2025-05-21,FO,NSE,IDO,51002,,NIFTY,,2025-06-19,2025-06-19,24800.0,PE,NIFTY2561924800PE,400.95,432.9,350.1,381.6,387.45,401.35,24813.45,381.6,5775,4500,96,181264181.25,67,F1,75,,,,,
2025-05-21,2025-05-21,FO,NSE,IDO,51014,,NIFTY,,2025-06-19,2025-06-19,25050.0,PE,NIFTY2561925050PE,500.0,500.0,500.0,500.0,500.0,520.1,24813.45,545.45,150,0,2,3832500.0,1,F1,75,,,,,
2025-05-21,2025-05-21,FO,NSE,IDO,51052,,NIFTY,,2025-06-19,2025-06-19,25900.0,PE,NIFTY2561925900PE,0.0,0.0,0.0,951.8,0.0,951.8,24813.45,1114.0,0,0,0,0.0,0,F1,75,,,,,
2025-05-21,2025-05-21,FO,NSE,IDO,51056,,NIFTY,,2025-06-19,2025-06-19,26000.0,PE,NIFTY2561926000PE,0.0,0.0,0.0,1022.2,0.0,1022.2,24813.45,1193.3,0,0,0,0.0,0,F1,75,,,,,
2025-05-21,2025-05-21,FO,NSE,IDO,45866,,NIFTY,,2025-06-26,2025-06-26,17000.0,PE,NIFTY25JUN17000PE,4.5,4.65,3.8,4.4,4.4,4.7,24813.45,4.4,144525,-2025,84,107126283.75,28,F1,75,,,,,
2025-05-21,2025-05-21,FO,NSE,IDO,39986,,NIFTY,,2025-06-26,2025-06-26,19000.0,PE,NIFTY25JUN19000PE,7.0,7.4,6.0,7.2,7.25,7.15,24813.45,7.2,658750,-6900,475,677121517.5,215,F1,75,,,,,
2025-05-21,2025-05-21,FO,NSE,IDO,62066,,NIFTY,,2025-06-26,2025-06-26,20500.0,PE,NIFTY25JUN20500PE,13.7,14.35,11.5,13.6,13.75,13.7,24813.45,13.6,244125,3600,778,1196936441.25,636,F1,75,,,,,
2025-05-21,2025-05-21,FO,NSE,IDO,62132,,NIFTY,,2025-06-26,2025-06-26,21200.0,PE,NIFTY25JUN21200PE,19.6,19.6,19.6,19.6,19.6,20.45,24813.45,0.55,10725,375,5,7957350.0,5,F1,75,,,,,
2025-05-21,2025-05-21,FO,NSE,IDO,62164,,NIFTY,,2025-06-26,2025-06-26,21800.0,PE,NIFTY25JUN21800PE,24.6,30.0,24.6,27.8,28.0,28.1,24813.45,27.8,45000,-600,326,533658513.75,123,F1,75,,,,,
2025-05-21,2025-05-21,FO,NSE,IDO,62174,,NIFTY,,2025-06-26,2025-06-26,22050.0,PE,NIFTY25JUN22050PE,29.05,33.8,29.05,31.95,33.1,33.05,24813.45,31.95,6375,1125,72,119242121.25,33,F1,75,,,,,
2025-05-21,2025-05-21,FO,NSE,IDO,62192,,NIFTY,,2025-06-26,2025-06-26,22300.0,PE,NIFTY25JUN22300PE,37.0,43.9,34.65,38.1,37.95,39.1,24813.45,38.1,114750,600,279,467427862.5,174,F1,75,,,,,
2025-05-21,2025-05-21,FO,NSE,IDO,62194,,NIFTY,,2025-06-26,2025-06-26,22350.0,PE,NIFTY25JUN22350PE,0.0,0.0,0.0,166.3,166.3,166.3,24813.45,10.35,900,0,0,0.0,0,F1,75,,,,,
2025-05-21,2025-05-21,FO,NSE,IDO,62200,,NIFTY,,2025-06-26,2025-06-26,22500.0,PE,NIFTY25JUN22500PE,48.1,53.8,41.2,46.3,45.55,48.1,24813.45,46.3,1161150,99300,10464,17694686163.75,6438,F1,75,,,,,
2025-05-21,2025-05-21,FO,NSE,IDO,62208,,NIFTY,,2025-06-26,2025-06-26,22700.0,PE,NIFTY25JUN22700PE,57.85,66.55,48.75,55.9,56.0,57.5,24813.45,55.9,129375,21375,656,1119641475.0,419,F1,75,,,,,
2025-05-21,2025-05-21,FO,NSE,IDO,62256,,NIFTY,,2025-06-26,2025-06-26,22850.0,PE,NIFTY25JUN22850PE,66.55,69.5,55.5,69.5,69.5,65.9,24813.45,29.0,5175,375,28,48117836.25,15,F1,75,,,,,
2025-05-21,2025-05-21,FO,NSE,IDO,62258,,NIFTY,,2025-06-26,2025-06-26,22900.0,PE,NIFTY25JUN22900PE,70.5,79.4,58.05,66.6,66.6,69.4,24813.45,66.6,55875,9300,817,1407333866.25,479,F1,75,,,,,
2025-05-21,2025-05-21,FO,NSE,IDO,62308,,NIFTY,,2025-06-26,2025-06-26,23150.0,PE,NIFTY25JUN23150PE,76.15,91.65,72.4,90.7,90.7,86.3,24813.45,50.15,5175,450,38,66213626.25,9,F1,75,,,,,
2025-05-21,2025-05-21,FO,NSE,IDO,71380,,NIFTY,,2025-06-26,2025-06-26,24000.0,PE,NIFTY25JUN24000PE,197.45,222.0,161.1,189.9,191.1,200.65,24813.45,189.9,3216275,184100,38894,70564758202.5,20919,F1,75,,,,,
2025-05-21,2025-05-21,FO,NSE,IDO,49302,,NIFTY,,2025-05-22,2025-05-22,25550.0,CE,NIFTY2552225550CE,3.3,9.85,1.85,2.45,1.95,6.3,24813.45,2.45,2668125,376425,869691,1666828379992.5,215888,F1,75,,,,,
2025-05-21,2025-05-21,FO,NSE,IDO,71384,,NIFTY,,2025-06-26,2025-06-26,26000.0,PE,NIFTY25JUN26000PE,1193.95,1239.05,1001.05,1154.9,1161.35,1203.4,24813.45,1154.9,962625,18750,3151,6411373938.75,2008,F1,75,,,,,
2025-05-21,2025-05-21,FO,NSE,IDO,55750,,NIFTY,,2025-07-31,2025-07-31,23800.0,PE,NIFTY25JUL23800PE,260.05,276.5,231.9,260.25,271.2,268.6,24813.45,260.25,17475,3075,104,187670073.75,69,F1,75,,,,,
2025-05-21,2025-05-21,FO,NSE,IDO,55830,,NIFTY,,2025-07-31,2025-07-31,25550.0,PE,NIFTY25JUL25550PE,884.9,885.2,884.9,885.2,885.2,737.95,24813.45,990.55,225,-150,2,3965257.5,2,F1,75,,,,,
2025-05-21,2025-05-21,FO,NSE,IDO,55838,,NIFTY,,2025-07-31,2025-07-31,25750.0,PE,NIFTY25JUL25750PE,1002.0,1002.8,1002.0,1002.8,1002.8,838.25,24813.45,1112.6,600,75,2,4012860.0,2,F1,75,,,,,
2025-05-21,2025-05-21,FO,NSE,IDO,55856,,NIFTY,,2025-07-31,2025-07-31,26150.0,PE,NIFTY25JUL26150PE,1266.6,1266.6,1266.6,1266.6,1266.6,1079.15,24813.45,1378.65,675,75,1,2056245.0,1,F1,75,,,,,
2025-05-21,2025-05-21,FO,NSE,IDO,64689,,NIFTY,,2025-09-25,2025-09-25,22000.0,PE,NIFTY25SEP22000PE,127.9,135.95,115.3,122.25,121.0,126.9,24813.45,122.25,512550,27525,2325,3858093210.0,1328,F1,75,,,,,
2025-05-21,2025-05-21,FO,NSE,IDO,50544,,NIFTY,,2025-12-24,2025-12-24,28000.0,PE,NIFTY25DEC28000PE,2407.0,2407.0,2242.45,2382.0,2382.0,2397.4,24813.45,2382.0,459675,4650,105,238934055.0,44,F1,75,,,,,
2025-05-21,2025-05-21,FO,NSE,IDO,35231,,NIFTY,,2026-06-25,2026-06-25,30000.0,PE,NIFTY26JUN30000PE,0.0,0.0,0.0,5541.2,0.0,5541.2,24813.45,3837.9,0,0,0,0.0,0,F1,75,,,,,
2025-05-21,2025-05-21,FO,NSE,IDO,53604,,NIFTY,,2027-12-30,2027-12-30,18000.0,PE,NIFTY27DEC18000PE,0.0,0.0,0.0,130.3,130.3,130.3,24813.45,88.1,10175,0,0,0.0,0,F1,75,,,,,
2025-05-21,2025-05-21,FO,NSE,IDO,61411,,NIFTY,,2029-12-27,2029-12-27,20000.0,PE,NIFTY29DEC20000PE,0.0,0.0,0.0,202.3,0.0,202.3,24813.45,265.6,0,0,0,0.0,0,F1,75,,,,,
2025-05-21,2025-05-21,FO,NSE,IDO,61779,,NIFTY,,2029-12-27,2029-12-27,26000.0,PE,NIFTY29DEC26000PE,0.0,0.0,0.0,969.6,0.0,969.6,24813.45,1173.2,0,0,0,0.0,0,F1,75,,,,,
2025-05-21,2025-05-21,FO,NSE,IDO,62912,,NIFTY,,2026-03-26,2026-03-26,18000.0,CE,NIFTY26MAR18000CE,0.0,0.0,0.0,6870.7,0.0,6870.7,24813.45,7810.9,0,0,0,0.0,0,F1,75,,,,,
2025-05-21,2025-05-21,FO,NSE,IDO,64702,,NIFTY,,2025-09-25,2025-09-25,29000.0,CE,NIFTY25SEP29000CE,49.4,52.5,44.0,46.15,45.2,49.2,24813.45,46.15,178350,-11325,769,1675294200.0,448,F1,75,,,,,
2025-05-21,2025-05-21,FO,NSE,IDO,55833,,NIFTY,,2025-07-31,2025-07-31,25650.0,CE,NIFTY25JUL25650CE,401.15,404.7,401.15,404.7,404.7,505.35,24813.45,544.25,750,75,3,5861775.0,2,F1,75,,,,,
2025-05-21,2025-05-21,FO,NSE,IDO,64688,,NIFTY,,2025-09-25,2025-09-25,22000.0,CE,NIFTY25SEP22000CE,3300.0,3420.0,3300.0,3364.25,3363.7,3607.15,24813.45,3364.25,43725,150,8,15214590.0,8,F1,75,,,,,
2025-05-21,2025-05-21,FO,NSE,IDO,50497,,NIFTY,,2026-06-25,2026-06-25,17000.0,CE,NIFTY26JUN17000CE,0.0,0.0,0.0,4348.25,0.0,4348.25,24813.45,9018.15,0,0,0,0.0,0,F1,75,,,,,
2025-05-21,2025-05-21,FO,NSE,IDO,58642,,NIFTY,,2026-12-31,2026-12-31,19000.0,CE,NIFTY26DEC19000CE,0.0,0.0,0.0,8600.0,8600.0,8600.0,24813.45,7836.2,125,0,0,0.0,0,F1,75,,,,,
2025-05-21,2025-05-21,FO,NSE,IDO,86165,,NIFTY,,2028-06-29,2028-06-29,28000.0,CE,NIFTY28JUN28000CE,0.0,0.0,0.0,2596.45,0.0,2596.45,24813.45,4053.3,0,0,0,0.0,0,F1,75,,,,,
2025-05-21,2025-05-21,FO,NSE,IDO,67774,,NIFTY,,2028-12-28,2028-12-28,20000.0,CE,NIFTY28DEC20000CE,0.0,0.0,0.0,8115.5,0.0,8115.5,24813.45,9339.9,0,0,0,0.0,0,F1,75,,,,,
2025-05-21,2025-05-21,FO,NSE,IDO,67792,,NIFTY,,2028-12-28,2028-12-28,29000.0,CE,NIFTY28DEC29000CE,0.0,0.0,0.0,3645.75,0.0,3645.75,24813.45,4245.2,0,0,0,0.0,0,F1,75,,,,,
2025-05-21,2025-05-21,FO,NSE,IDO,89638,,NIFTY,,2029-06-28,2029-06-28,28000.0,CE,NIFTY29JUN28000CE,0.0,0.0,0.0,6112.6,0.0,6112.6,24813.45,5292.85,0,0,0,0.0,0,F1,75,,,,,
2025-05-21,2025-05-21,FO,NSE,IDO,61382,,NIFTY,,2029-12-27,2029-12-27,17000.0,CE,NIFTY29DEC17000CE,0.0,0.0,0.0,12022.3,0.0,12022.3,24813.45,12391.9,0,0,0,0.0,0,F1,75,,,,,
2025-05-21,2025-05-21,FO,NSE,IDO,61402,,NIFTY,,2029-12-27,2029-12-27,19000.0,CE,NIFTY29DEC19000CE,0.0,0.0,0.0,10714.6,0.0,10714.6,24813.45,11022.65,0,0,0,0.0,0,F1,75,,,,,
2025-05-21,2025-05-21,FO,NSE,IDO,49098,,NIFTY,,2025-05-22,2025-05-22,22500.0,PE,NIFTY2552222500PE,0.5,0.7,0.2,0.25,0.25,0.55,24813.45,0.25,3144900,-289350,180646,304845621708.75,20709,F1,75,,,,,
2025-05-21,2025-05-21,FO,NSE,IDO,71383,,NIFTY,,2025-06-26,2025-06-26,26000.0,CE,NIFTY25JUN26000CE,97.95,142.0,90.6,106.05,104.0,98.3,24813.45,106.05,2235275,-55175,41386,81056546782.5,24508,F1,75,,,,,
2025-05-21,2025-05-21,FO,NSE,IDO,62433,,NIFTY,,2025-06-26,2025-06-26,25800.0,CE,NIFTY25JUN25800CE,139.5,194.7,120.65,146.55,141.7,137.45,24813.45,146.55,224400,-23775,5336,10388151090.0,3475,F1,75,,,,,
2025-05-21,2025-05-21,FO,NSE,IDO,62419,,NIFTY,,2025-06-26,2025-06-26,25450.0,CE,NIFTY25JUN25450CE,256.6,314.5,235.45,242.15,242.15,234.05,24813.45,242.15,6600,525,81,156238451.25,37,F1,75,,,,,
2025-05-21,2025-05-21,FO,NSE,IDO,62407,,NIFTY,,2025-06-26,2025-06-26,25200.0,CE,NIFTY25JUN25200CE,327.5,441.45,313.55,343.15,334.8,326.75,24813.45,343.15,358275,41850,8953,17170182030.0,5656,F1,75,,,,,
2025-05-21,2025-05-21,FO,NSE,IDO,62403,,NIFTY,,2025-06-26,2025-06-26,25150.0,CE,NIFTY25JUN25150CE,337.55,457.8,337.55,367.45,362.45,349.6,24813.45,367.45,12225,1425,196,375381825.0,102,F1,75,,,,,
2025-05-21,2025-05-21,FO,NSE,IDO,62125,,NIFTY,,2025-06-26,2025-06-26,21150.0,CE,NIFTY25JUN21150CE,0.0,0.0,0.0,3077.85,3078.35,3077.85,24813.45,3802.4,600,0,0,0.0,0,F1,75,,,,,
2025-05-21,2025-05-21,FO,NSE,IDO,51067,,NIFTY,,2025-06-19,2025-06-19,26300.0,CE,NIFTY2561926300CE,0.0,0.0,0.0,177.6,0.0,177.6,24813.45,90.45,0,0,0,0.0,0,F1,75,,,,,
2025-05-21,2025-05-21,FO,NSE,IDO,51053,,NIFTY,,2025-06-19,2025-06-19,25950.0,CE,NIFTY2561925950CE,0.0,0.0,0.0,264.75,0.0,264.75,24813.45,148.85,0,0,0,0.0,0,F1,75,,,,,
2025-05-21,2025-05-21,FO,NSE,IDO,50951,,NIFTY,,2025-06-19,2025-06-19,23900.0,CE,NIFTY2561923900CE,0.0,0.0,0.0,1428.15,0.0,1428.15,24813.45,1163.65,0,0,0,0.0,0,F1,75,,,,,
2025-05-21,2025-05-21,FO,NSE,IDO,50929,,NIFTY,,2025-06-19,2025-06-19,23700.0,CE,NIFTY2561923700CE,0.0,0.0,0.0,1597.15,0.0,1597.15,24813.45,1327.25,0,0,0,0.0,0,F1,75,,,,,
2025-05-21,2025-05-21,FO,NSE,IDO,44866,,NIFTY,,2025-06-12,2025-06-12,25000.0,CE,NIFTY2561225000CE,287.3,419.35,281.65,317.3,322.85,299.7,24813.45,317.3,47550,5400,1910,3629987276.25,1184,F1,75,,,,,
2025-05-21,2025-05-21,FO,NSE,IDO,44816,,NIFTY,,2025-06-12,2025-06-12,24050.0,CE,NIFTY2561224050CE,0.0,0.0,0.0,709.9,0.0,709.9,24813.45,978.5,0,0,0,0.0,0,F1,75,,,,,
2025-05-21,2025-05-21,FO,NSE,IDO,44814,,NIFTY,,2025-06-12,2025-06-12,24000.0,CE,NIFTY2561224000CE,953.6,1012.6,953.6,989.3,966.0,971.0,24813.45,989.3,1125,0,5,9367545.0,5,F1,75,,,,,
2025-05-21,2025-05-21,FO,NSE,IDO,44798,,NIFTY,,2025-06-12,2025-06-12,23850.0,CE,NIFTY2561223850CE,0.0,0.0,0.0,836.9,0.0,836.9,24813.45,1140.65,0,0,0,0.0,0,F1,75,,,,,
2025-05-21,2025-05-21,FO,NSE,IDO,44766,,NIFTY,,2025-06-12,2025-06-12,23200.0,CE,NIFTY2561223200CE,0.0,0.0,0.0,1325.6,0.0,1325.6,24813.45,1724.1,0,0,0,0.0,0,F1,75,,,,,
2025-05-21,2025-05-21,FO,NSE,IDO,44728,,NIFTY,,2025-06-12,2025-06-12,22500.0,CE,NIFTY2561222500CE,0.0,0.0,0.0,1947.0,0.0,1947.0,24813.45,2403.4,0,0,0,0.0,0,F1,75,,,,,
2025-05-21,2025-05-21,FO,NSE,IDO,40541,,NIFTY,,2025-06-05,2025-06-05,26050.0,CE,NIFTY2560526050CE,24.0,35.0,19.1,22.75,21.2,24.7,24813.45,22.75,7875,3225,414,809624362.5,143,F1,75,,,,,
2025-05-21,2025-05-21,FO,NSE,IDO,40495,,NIFTY,,2025-06-05,2025-06-05,25100.0,CE,NIFTY2560525100CE,187.1,290.0,171.55,200.1,200.8,189.3,24813.45,200.1,292650,19425,6958,13217231625.0,4582,F1,75,,,,,
2025-05-21,2025-05-21,FO,NSE,IDO,40491,,NIFTY,,2025-06-05,2025-06-05,25000.0,CE,NIFTY2560525000CE,220.15,345.0,209.05,243.6,237.0,228.9,24813.45,243.6,440475,-142275,17230,32652286012.5,11422,F1,75,,,,,
2025-05-21,2025-05-21,FO,NSE,IDO,40407,,NIFTY,,2025-06-05,2025-06-05,23350.0,CE,NIFTY2560523350CE,1548.55,1548.55,1546.0,1547.3,1546.0,1781.6,24813.45,1547.3,450,150,2,3734591.25,2,F1,75,,,,,
2025-05-21,2025-05-21,FO,NSE,IDO,61821,,NIFTY,,2025-05-29,2025-05-29,26400.0,CE,NIFTY25MAY26400CE,3.1,3.35,1.8,1.95,1.85,4.0,24813.45,1.95,1303050,387825,49258,97539412605.0,16091,F1,75,,,,,
2025-05-21,2025-05-21,FO,NSE,IDO,61815,,NIFTY,,2025-05-29,2025-05-29,26350.0,CE,NIFTY25MAY26350CE,4.0,4.0,2.0,2.15,2.15,4.55,24813.45,2.15,1722375,1655850,51509,101804082585.0,14044,F1,75,,,,,
2025-05-21,2025-05-21,FO,NSE,IDO,61805,,NIFTY,,2025-05-29,2025-05-29,26100.0,CE,NIFTY25MAY26100CE,7.05,8.7,4.3,4.8,4.55,7.8,24813.45,4.8,1503300,486450,55545,108754281476.25,26355,F1,75,,,,,
2025-05-21,2025-05-21,FO,NSE,IDO,61767,,NIFTY,,2025-05-29,2025-05-29,25300.0,CE,NIFTY25MAY25300CE,64.5,123.2,50.4,65.6,62.0,62.95,24813.45,65.6,2179425,691125,130645,248674980648.75,77615,F1,75,,,,,
2025-05-21,2025-05-21,FO,NSE,IDO,61483,,NIFTY,,2025-05-29,2025-05-29,21950.0,CE,NIFTY25MAY21950CE,2879.7,2879.7,2879.7,2879.7,2879.7,3138.65,24813.45,2879.7,4350,75,1,1862227.5,1,F1,75,,,,,
2025-05-21,2025-05-21,FO,NSE,IDO,61473,,NIFTY,,2025-05-29,2025-05-29,21850.0,CE,NIFTY25MAY21850CE,2979.3,2979.3,2979.3,2979.3,2979.3,3234.85,24813.45,2979.3,3375,75,1,1862197.5,1,F1,75,,,,,
2025-05-21,2025-05-21,FO,NSE,IDO,61395,,NIFTY,,2025-05-29,2025-05-29,21500.0,CE,NIFTY25MAY21500CE,3274.85,3468.95,3226.0,3328.65,3319.15,3264.9,24813.45,3328.65,224850,-27750,400,743350278.75,238,F1,75,,,,,
2025-05-21,2025-05-21,FO,NSE,IDO,61351,,NIFTY,,2025-05-29,2025-05-29,20900.0,CE,NIFTY25MAY20900CE,3872.8,4060.25,3872.8,4060.25,4060.25,4080.0,24813.45,3942.85,1950,-75,2,3729978.75,2,F1,75,,,,,
2025-05-21,2025-05-21,FO,NSE,IDO,61337,,NIFTY,,2025-05-29,2025-05-29,20700.0,CE,NIFTY25MAY20700CE,4071.45,4071.45,4033.45,4033.45,4033.45,4384.5,24813.45,4142.6,1800,-75,2,3712867.5,2,F1,75,,,,,
2025-05-21,2025-05-21,FO,NSE,IDO,61333,,NIFTY,,2025-05-29,2025-05-29,20600.0,CE,NIFTY25MAY20600CE,4171.3,4257.2,4171.3,4238.8,4220.4,4487.1,24813.45,4238.8,2025,0,3,5583667.5,3,F1,75,,,,,
2025-05-21,2025-05-21,FO,NSE,IDO,49335,,NIFTY,,2025-05-22,2025-05-22,26150.0,CE,NIFTY2552226150CE,1.7,1.7,0.85,0.95,0.9,1.95,24813.45,0.95,1246725,-219375,95589,187481264148.75,21025,F1,75,,,,,
2025-05-21,2025-05-21,FO,NSE,IDO,49306,,NIFTY,,2025-05-22,2025-05-22,25650.0,CE,NIFTY2552225650CE,4.1,5.8,1.3,1.65,1.3,4.85,24813.45,1.65,2407425,76650,772117,1485523804833.75,147857,F1,75,,,,,
2025-05-21,2025-05-21,FO,NSE,IDO,49304,,NIFTY,,2025-05-22,2025-05-22,25600.0,CE,NIFTY2552225600CE,4.0,7.5,1.55,1.95,1.55,5.5,24813.45,1.95,7317975,1181325,1608640,3088995768345.0,328517,F1,75,,,,,
2025-05-21,2025-05-21,FO,NSE,IDO,49262,,NIFTY,,2025-05-22,2025-05-22,25150.0,CE,NIFTY2552225150CE,20.0,65.65,13.2,19.95,17.6,23.45,24813.45,19.95,2789250,189750,1696691,3204288784961.25,694362,F1,75,,,,,
2025-05-21,2025-05-21,FO,NSE,IDO,49182,,NIFTY,,2025-05-22,2025-05-22,24000.0,CE,NIFTY2552224000CE,749.95,977.3,683.05,794.45,778.15,736.95,24813.45,794.45,192000,-49350,6927,12885538443.75,3609,F1,75,,,,,
2025-05-21,2025-05-21,FO,NSE,IDO,49117,,NIFTY,,2025-05-22,2025-05-22,22950.0,CE,NIFTY2552222950CE,0.0,0.0,0.0,2099.05,2098.55,2099.05,24813.45,1867.5,1425,0,0,0.0,0,F1,75,,,,,
2025-05-21,2025-05-21,FO,NSE,IDO,49099,,NIFTY,,2025-05-22,2025-05-22,22550.0,CE,NIFTY2552222550CE,2215.0,2260.0,2215.0,2260.0,2260.0,2176.35,24813.45,2267.45,1275,-150,2,3718125.0,2,F1,75,,,,,
2025-05-21,2025-05-21,FO,NSE,IDO,49160,,NIFTY,,2025-05-22,2025-05-22,23700.0,PE,NIFTY2552223700PE,2.35,2.35,0.8,1.05,0.8,3.25,24813.45,1.05,2724075,-1402125,466747,829691689102.5,87637,F1,75,,,,,
2025-05-21,2025-05-21,FO,NSE,IDO,49166,,NIFTY,,2025-05-22,2025-05-22,23750.0,PE,NIFTY2552223750PE,2.15,2.9,0.75,1.05,0.85,3.45,24813.45,1.05,790050,-312375,205516,366098908751.25,39271,F1,75,,,,,
2025-05-21,2025-05-21,FO,NSE,IDO,49209,,NIFTY,,2025-05-22,2025-05-22,24550.0,PE,NIFTY2552224550PE,43.0,74.65,19.5,32.25,35.9,51.15,24813.45,32.25,2039700,611700,1671573,3082645552897.5,792439,F1,75,,,,,
2025-05-21,2025-05-21,FO,NSE,IDO,49305,,NIFTY,,2025-05-22,2025-05-22,25600.0,PE,NIFTY2552225600PE,881.95,904.45,627.75,828.8,830.0,882.0,24813.45,828.8,31350,-8175,671,1327996755.0,427,F1,75,,,,,
2025-05-21,2025-05-21,FO,NSE,IDO,49317,,NIFTY,,2025-05-22,2025-05-22,25800.0,PE,NIFTY2552225800PE,990.0,1101.7,826.9,1027.7,1026.65,1070.65,24813.45,1027.7,14700,-900,348,698887485.0,260,F1,75,,,,,
2025-05-21,2025-05-21,FO,NSE,IDO,49347,,NIFTY,,2025-05-22,2025-05-22,26300.0,PE,NIFTY2552226300PE,0.0,0.0,0.0,1303.15,1303.15,1303.15,24813.45,1481.95,825,0,0,0.0,0,F1,75,,,,,
2025-05-21,2025-05-21,FO,NSE,IDO,49349,,NIFTY,,2025-05-22,2025-05-22,26350.0,PE,NIFTY2552226350PE,0.0,0.0,0.0,1329.4,1329.4,1329.4,24813.45,1531.95,525,0,0,0.0,0,F1,75,,,,,
2025-05-21,2025-05-21,FO,NSE,IDO,49363,,NIFTY,,2025-05-22,2025-05-22,26650.0,PE,NIFTY2552226650PE,0.0,0.0,0.0,1601.2,1601.2,1601.2,24813.45,1831.9,3525,0,0,0.0,0,F1,75,,,,,
2025-05-21,2025-05-21,FO,NSE,IDO,49370,,NIFTY,,2025-05-22,2025-05-22,26800.0,PE,NIFTY2552226800PE,0.0,0.0,0.0,2795.6,0.0,2795.6,24813.45,1981.85,0,0,0,0.0,0,F1,75,,,,,
2025-05-21,2025-05-21,FO,NSE,IDO,61330,,NIFTY,,2025-05-29,2025-05-29,20500.0,PE,NIFTY25MAY20500PE,1.8,1.95,1.5,1.65,1.5,1.9,24813.45,1.65,2230875,-16050,8244,12676187707.5,3337,F1,75,,,,,
2025-05-21,2025-05-21,FO,NSE,IDO,61350,,NIFTY,,2025-05-29,2025-05-29,20850.0,PE,NIFTY25MAY20850PE,1.7,2.5,1.5,1.95,1.85,2.3,24813.45,1.95,9225,-750,147,229891818.75,96,F1,75,,,,,
2025-05-21,2025-05-21,FO,NSE,IDO,61359,,NIFTY,,2025-05-29,2025-05-29,21050.0,PE,NIFTY25MAY21050PE,2.0,2.45,2.0,2.2,2.05,2.8,24813.45,2.2,16275,-525,99,156312600.0,56,F1,75,,,,,
2025-05-21,2025-05-21,FO,NSE,IDO,61378,,NIFTY,,2025-05-29,2025-05-29,21250.0,PE,NIFTY25MAY21250PE,2.6,4.4,2.1,2.35,2.4,3.2,24813.45,2.35,14850,-3750,272,433549578.75,136,F1,75,,,,,
2025-05-21,2025-05-21,FO,NSE,IDO,61474,,NIFTY,,2025-05-29,2025-05-29,21850.0,PE,NIFTY25MAY21850PE,3.9,3.9,2.85,3.0,2.9,4.15,24813.45,3.0,14700,-1125,453,742463576.25,284,F1,75,,,,,
2025-05-21,2025-05-21,FO,NSE,IDO,61492,,NIFTY,,2025-05-29,2025-05-29,22150.0,PE,NIFTY25MAY22150PE,5.5,5.5,3.4,3.7,3.8,4.95,24813.45,3.7,15975,225,253,420366292.5,203,F1,75,,,,,
2025-05-21,2025-05-21,FO,NSE,IDO,61516,,NIFTY,,2025-05-29,2025-05-29,22750.0,PE,NIFTY25MAY22750PE,6.45,7.4,4.55,5.4,5.4,7.85,24813.45,5.4,29175,9675,1136,1938761265.0,762,F1,75,,,,,
2025-05-21,2025-05-21,FO,NSE,IDO,61544,,NIFTY,,2025-05-29,2025-05-29,23450.0,PE,NIFTY25MAY23450PE,15.65,18.6,10.35,11.35,11.3,15.95,24813.45,11.35,237750,149175,8215,14455827648.75,4414,F1,75,,,,,
2025-05-21,2025-05-21,FO,NSE,IDO,61550,,NIFTY,,2025-05-29,2025-05-29,23600.0,PE,NIFTY25MAY23600PE,19.95,24.3,13.05,14.8,15.1,20.2,24813.45,14.8,1327950,618675,56539,100142344158.75,34802,F1,75,,,,,
2025-05-21,2025-05-21,FO,NSE,IDO,61664,,NIFTY,,2025-05-29,2025-05-29,24000.0,PE,NIFTY25MAY24000PE,41.55,55.45,29.2,35.75,36.05,45.45,24813.45,35.75,6684975,887700,164427,296444916600.0,88613,F1,75,,,,,
2025-05-21,2025-05-21,FO,NSE,IDO,61666,,NIFTY,,2025-05-29,2025-05-29,24050.0,PE,NIFTY25MAY24050PE,49.95,61.4,32.2,39.7,38.1,50.3,24813.45,39.7,220050,-2250,14887,26900134361.25,10289,F1,75,,,,,
2025-05-21,2025-05-21,FO,NSE,IDO,61672,,NIFTY,,2025-05-29,2025-05-29,24200.0,PE,NIFTY25MAY24200PE,63.6,83.45,44.25,55.65,55.8,69.25,24813.45,55.65,2729775,831525,88062,160214753850.0,48825,F1,75,,,,,
2025-05-21,2025-05-21,FO,NSE,IDO,61684,,NIFTY,,2025-05-29,2025-05-29,24500.0,PE,NIFTY25MAY24500PE,125.0,155.0,83.45,112.95,115.4,135.0,24813.45,112.95,5823225,576225,216621,399891613946.25,126013,F1,75,,,,,
2025-05-21,2025-05-21,FO,NSE,IDO,61764,,NIFTY,,2025-05-29,2025-05-29,25200.0,PE,NIFTY25MAY25200PE,500.95,544.65,337.8,458.55,465.7,508.55,24813.45,458.55,312600,12675,13205,25389005036.25,8801,F1,75,,,,,
2025-05-21,2025-05-21,FO,NSE,IDO,61784,,NIFTY,,2025-05-29,2025-05-29,25600.0,PE,NIFTY25MAY25600PE,850.0,878.0,633.0,797.2,805.15,851.35,24813.45,797.2,76425,-3375,232,458547393.75,156,F1,75,,,,,
2025-05-21,2025-05-21,FO,NSE,IDO,61792,,NIFTY,,2025-05-29,2025-05-29,25800.0,PE,NIFTY25MAY25800PE,1055.95,1055.95,803.85,972.55,992.8,1045.0,24813.45,972.55,100575,-30600,1145,2295160822.5,508,F1,75,,,,,
2025-05-21,2025-05-21,FO,NSE,IDO,40400,,NIFTY,,2025-06-05,2025-06-05,23200.0,PE,NIFTY2560523200PE,26.95,30.15,19.3,22.7,22.65,26.5,24813.45,22.7,55350,13350,537,935333613.75,252,F1,75,,,,,
2025-05-21,2025-05-21,FO,NSE,IDO,40406,,NIFTY,,2025-06-05,2025-06-05,23300.0,PE,NIFTY2560523300PE,28.95,34.95,22.05,25.15,26.15,29.7,24813.45,25.15,32850,30225,561,981421365.0,164,F1,75,,,,,
2025-05-21,2025-05-21,FO,NSE,IDO,40410,,NIFTY,,2025-06-05,2025-06-05,23400.0,PE,NIFTY2560523400PE,30.0,40.0,26.35,31.3,30.3,33.25,24813.45,31.3,9450,4875,219,384881651.25,97,F1,75,,,,,
2025-05-21,2025-05-21,FO,NSE,IDO,40426,,NIFTY,,2025-06-05,2025-06-05,23750.0,PE,NIFTY2560523750PE,51.5,60.35,45.45,53.6,51.15,56.55,24813.45,53.6,2400,225,34,60698115.0,19,F1,75,,,,,
2025-05-21,2025-05-21,FO,NSE,IDO,40430,,NIFTY,,2025-06-05,2025-06-05,23850.0,PE,NIFTY2560523850PE,62.15,76.45,52.4,65.1,65.2,69.35,24813.45,65.1,2325,-75,56,100423496.25,34,F1,75,,,,,
2025-05-21,2025-05-21,FO,NSE,IDO,40448,,NIFTY,,2025-06-05,2025-06-05,24200.0,PE,NIFTY2560524200PE,118.05,142.25,87.6,112.85,113.2,120.35,24813.45,112.85,110025,39900,3042,5546903100.0,2371,F1,75,,,,,
2025-05-21,2025-05-21,FO,NSE,IDO,40470,,NIFTY,,2025-06-05,2025-06-05,24550.0,PE,NIFTY2560524550PE,220.45,238.5,160.15,196.75,193.25,212.75,24813.45,196.75,8475,2025,319,592054413.75,213,F1,75,,,,,
2025-05-21,2025-05-21,FO,NSE,IDO,40472,,NIFTY,,2025-06-05,2025-06-05,24600.0,PE,NIFTY2560524600PE,222.95,259.0,166.1,213.95,211.05,235.2,24813.45,213.95,80175,9000,3515,6540348547.5,2279,F1,75,,,,,
2025-05-21,2025-05-21,FO,NSE,IDO,40482,,NIFTY,,2025-06-05,2025-06-05,24800.0,PE,NIFTY2560524800PE,315.45,345.6,225.0,289.25,290.0,315.95,24813.45,289.25,224175,5775,10035,18882181545.0,7453,F1,75,,,,,
2025-05-21,2025-05-21,FO,NSE,IDO,40546,,NIFTY,,2025-06-05,2025-06-05,26150.0,PE,NIFTY2560526150PE,1293.35,1293.35,1293.35,1293.35,1293.35,1714.4,24813.45,1300.45,75,75,1,2058251.25,1,F1,75,,,,,
2025-05-21,2025-05-21,FO,NSE,IDO,44769,,NIFTY,,2025-06-12,2025-06-12,23250.0,PE,NIFTY2561223250PE,0.0,0.0,0.0,39.15,39.15,39.15,24813.45,23.75,225,0,0,0.0,0,F1,75,,,,,
2025-05-21,2025-05-21,FO,NSE,IDO,44771,,NIFTY,,2025-06-12,2025-06-12,23300.0,PE,NIFTY2561223300PE,50.0,53.9,44.5,53.9,53.9,55.0,24813.45,26.7,3750,1350,20,35020140.0,8,F1,75,,,,,
2025-05-21,2025-05-21,FO,NSE,IDO,44815,,NIFTY,,2025-06-12,2025-06-12,24000.0,PE,NIFTY2561224000PE,130.9,153.0,103.1,125.5,127.7,132.75,24813.45,125.5,45000,13875,928,1678909312.5,595,F1,75,,,,,
2025-05-21,2025-05-21,FO,NSE,IDO,44835,,NIFTY,,2025-06-12,2025-06-12,24450.0,PE,NIFTY2561224450PE,0.0,0.0,0.0,192.95,192.95,192.95,24813.45,231.2,75,0,0,0.0,0,F1,75,,,,,
2025-05-21,2025-05-21,FO,NSE,IDO,44843,,NIFTY,,2025-06-12,2025-06-12,24600.0,PE,NIFTY2561224600PE,300.2,312.0,219.1,266.8,266.65,286.1,24813.45,266.8,11025,2850,373,695447557.5,328,F1,75,,,,,
2025-05-21,2025-05-21,FO,NSE,IDO,44853,,NIFTY,,2025-06-12,2025-06-12,24700.0,PE,NIFTY2561224700PE,316.8,354.0,249.05,305.8,307.45,324.4,24813.45,305.8,31950,23925,721,1352223292.5,465,F1,75,,,,,
2025-05-21,2025-05-21,FO,NSE,IDO,44859,,NIFTY,,2025-06-12,2025-06-12,24850.0,PE,NIFTY2561224850PE,347.0,409.15,322.5,366.35,362.8,346.95,24813.45,366.35,6075,5625,166,313907561.25,102,F1,75,,,,,
2025-05-21,2025-05-21,FO,NSE,IDO,44887,,NIFTY,,2025-06-12,2025-06-12,25450.0,PE,NIFTY2561225450PE,700.0,715.95,700.0,715.95,715.95,590.0,24813.45,751.25,450,-75,2,3923696.25,2,F1,75,,,,,
2025-05-21,2025-05-21,FO,NSE,IDO,50882,,NIFTY,,2025-06-19,2025-06-19,23250.0,PE,NIFTY2561923250PE,0.0,0.0,0.0,38.95,0.0,38.95,24813.45,41.3,0,0,0,0.0,0,F1,75,,,,,
2025-05-21,2025-05-21,FO,NSE,IDO,50928,,NIFTY,,2025-06-19,2025-06-19,23650.0,PE,NIFTY2561923650PE,0.0,0.0,0.0,77.1,0.0,77.1,24813.45,85.7,0,0,0,0.0,0,F1,75,,,,,
2025-05-21,2025-05-21,FO,NSE,IDO,50930,,NIFTY,,2025-06-19,2025-06-19,23700.0,PE,NIFTY2561923700PE,110.0,110.0,110.0,110.0,110.0,118.9,24813.45,93.2,1200,75,1,1785750.0,1,F1,75,,,,,
2025-05-21,2025-05-21,FO,NSE,IDO,50942,,NIFTY,,2025-06-19,2025-06-19,23750.0,PE,NIFTY2561923750PE,0.0,0.0,0.0,90.25,0.0,90.25,24813.45,101.25,0,0,0,0.0,0,F1,75,,,,,
2025-05-21,2025-05-21,FO,NSE,IDO,50952,,NIFTY,,2025-06-19,2025-06-19,23900.0,PE,NIFTY2561923900PE,0.0,0.0,0.0,113.25,0.0,113.25,24813.45,128.6,0,0,0,0.0,0,F1,75,,,,,
2025-05-21,2025-05-21,FO,NSE,IDO,50960,,NIFTY,,2025-06-19,2025-06-19,24050.0,PE,NIFTY2561924050PE,0.0,0.0,0.0,140.5,0.0,140.5,24813.45,161.25,0,0,0,0.0,0,F1,75,,,,,
2025-05-21,2025-05-21,FO,NSE,IDO,51026,,NIFTY,,2025-06-19,2025-06-19,25350.0,PE,NIFTY2561925350PE,0.0,0.0,0.0,611.05,0.0,611.05,24813.45,722.3,0,0,0,0.0,0,F1,75,,,,,
2025-05-21,2025-05-21,FO,NSE,IDO,51034,,NIFTY,,2025-06-19,2025-06-19,25550.0,PE,NIFTY2561925550PE,0.0,0.0,0.0,725.45,0.0,725.45,24813.45,855.25,0,0,0,0.0,0,F1,75,,,,,
2025-05-21,2025-05-21,FO,NSE,IDO,51086,,NIFTY,,2025-06-19,2025-06-19,26650.0,PE,NIFTY2561926650PE,0.0,0.0,0.0,1532.4,0.0,1532.4,24813.45,1753.4,0,0,0,0.0,0,F1,75,,,,,
2025-05-21,2025-05-21,FO,NSE,IDO,62086,,NIFTY,,2025-06-26,2025-06-26,20800.0,PE,NIFTY25JUN20800PE,17.4,17.4,15.3,15.8,15.8,17.4,24813.45,0.15,9975,825,21,32785012.5,10,F1,75,,,,,
2025-05-21,2025-05-21,FO,NSE,IDO,62370,,NIFTY,,2025-06-26,2025-06-26,24350.0,PE,NIFTY25JUN24350PE,267.25,295.8,229.35,265.45,265.3,283.25,24813.45,265.45,11250,-2400,260,479888538.75,83,F1,75,,,,,
2025-05-21,2025-05-21,FO,NSE,IDO,71382,,NIFTY,,2025-06-26,2025-06-26,25000.0,PE,NIFTY25JUN25000PE,550.0,564.85,425.0,504.35,506.6,530.8,24813.45,504.35,1785750,200850,28284,54082692450.0,17742,F1,75,,,,,
2025-05-21,2025-05-21,FO,NSE,IDO,62486,,NIFTY,,2025-06-26,2025-06-26,26600.0,PE,NIFTY25JUN26600PE,1688.5,1688.5,1688.5,1688.5,1688.5,1486.15,24813.45,1700.65,150,0,1,2121637.5,1,F1,75,,,,,
2025-05-21,2025-05-21,FO,NSE,IDO,55700,,NIFTY,,2025-07-31,2025-07-31,22900.0,PE,NIFTY25JUL22900PE,123.5,145.0,115.25,145.0,145.0,135.9,24813.45,101.1,85275,2250,49,84651963.75,17,F1,75,,,,,
2025-05-21,2025-05-21,FO,NSE,IDO,55722,,NIFTY,,2025-07-31,2025-07-31,23150.0,PE,NIFTY25JUL23150PE,0.0,0.0,0.0,133.0,133.0,133.0,24813.45,134.7,1050,0,0,0.0,0,F1,75,,,,,
2025-05-21,2025-05-21,FO,NSE,IDO,55778,,NIFTY,,2025-07-31,2025-07-31,24450.0,PE,NIFTY25JUL24450PE,420.75,420.75,415.25,415.25,415.25,433.0,24813.45,415.25,2925,0,5,9325586.25,4,F1,75,,,,,
2025-05-21,2025-05-21,FO,NSE,IDO,55788,,NIFTY,,2025-07-31,2025-07-31,24700.0,PE,NIFTY25JUL24700PE,514.2,536.0,445.6,503.35,505.0,514.55,24813.45,503.35,19050,3600,184,347654430.0,131,F1,75,,,,,
2025-05-21,2025-05-21,FO,NSE,IDO,55816,,NIFTY,,2025-07-31,2025-07-31,25350.0,PE,NIFTY25JUL25350PE,806.4,806.4,778.3,780.5,780.5,668.0,24813.45,780.5,8400,0,15,29397191.25,7,F1,75,,,,,
2025-05-21,2025-05-21,FO,NSE,IDO,55866,,NIFTY,,2025-07-31,2025-07-31,26400.0,PE,NIFTY25JUL26400PE,1456.95,1457.95,1456.95,1457.95,1457.95,1304.75,24813.45,1559.85,675,150,2,4178617.5,2,F1,75,,,,,
2025-05-21,2025-05-21,FO,NSE,IDO,64699,,NIFTY,,2025-09-25,2025-09-25,27000.0,PE,NIFTY25SEP27000PE,1810.0,1852.1,1716.7,1852.1,1852.1,1849.65,24813.45,2017.3,50100,450,33,71194383.75,24,F1,75,,,,,
2025-05-21,2025-05-21,FO,NSE,IDO,45874,,NIFTY,,2025-12-24,2025-12-24,17000.0,PE,NIFTY25DEC17000PE,35.7,39.95,35.7,38.65,38.8,35.7,24813.45,38.65,32625,1350,45,57503355.0,25,F1,75,,,,,
2025-05-21,2025-05-21,FO,NSE,IDO,38153,,NIFTY,,2025-12-24,2025-12-24,29000.0,PE,NIFTY25DEC29000PE,0.0,0.0,0.0,3024.45,3014.55,3024.45,24813.45,3442.25,18825,0,0,0.0,0,F1,75,,,,,
2025-05-21,2025-05-21,FO,NSE,IDO,62927,,NIFTY,,2026-03-26,2026-03-26,25000.0,PE,NIFTY26MAR25000PE,0.0,0.0,0.0,1307.55,0.0,1307.55,24813.45,1032.4,0,0,0,0.0,0,F1,75,,,,,
2025-05-21,2025-05-21,FO,NSE,IDO,38380,,NIFTY,,2026-06-25,2026-06-25,20000.0,PE,NIFTY26JUN20000PE,0.0,0.0,0.0,3159.75,0.0,3159.75,24813.45,96.75,0,0,0,0.0,0,F1,75,,,,,
2025-05-21,2025-05-21,FO,NSE,IDO,71552,,NIFTY,,2027-06-24,2027-06-24,20000.0,PE,NIFTY27JUN20000PE,0.0,0.0,0.0,3034.2,0.0,3034.2,24813.45,191.15,0,0,0,0.0,0,F1,75,,,,,
2025-05-21,2025-05-21,FO,NSE,IDO,53630,,NIFTY,,2027-12-30,2027-12-30,26000.0,PE,NIFTY27DEC26000PE,0.0,0.0,0.0,1951.6,1951.6,1951.6,24813.45,1399.2,75,0,0,0.0,0,F1,75,,,,,
2025-05-21,2025-05-21,FO,NSE,IDO,67789,,NIFTY,,2028-12-28,2028-12-28,27000.0,PE,NIFTY28DEC27000PE,0.0,0.0,0.0,1413.85,0.0,1413.85,24813.45,1571.4,0,0,0,0.0,0,F1,75,,,,,
2025-05-21,2025-05-21,FO,NSE,IDO,89635,,NIFTY,,2029-06-28,2029-06-28,26000.0,PE,NIFTY29JUN26000PE,0.0,0.0,0.0,1391.75,1391.75,1391.75,24813.45,1231.6,25,0,0,0.0,0,F1,75,,,,,
2025-05-21,2025-05-21,FO,NSE,IDO,62447,,NIFTY,,2025-06-26,2025-06-26,26100.0,CE,NIFTY25JUN26100CE,81.8,120.8,78.0,89.1,87.05,83.5,24813.45,89.1,78225,-2775,2161,4245758955.0,1353,F1,75,,,,,
2025-05-21,2025-05-21,FO,NSE,IDO,55703,,NIFTY,,2025-07-31,2025-07-31,23000.0,CE,NIFTY25JUL23000CE,2125.0,2315.65,2110.0,2172.35,2154.45,2115.6,24813.45,2172.35,13275,1050,35,66067957.5,32,F1,75,,,,,
2025-05-21,2025-05-21,FO,NSE,IDO,86144,,NIFTY,,2028-06-29,2028-06-29,20000.0,PE,NIFTY28JUN20000PE,0.0,0.0,0.0,400.0,400.0,400.0,24813.45,241.15,0,0,0,0.0,0,F1,75,,,,,
2025-05-21,2025-05-21,FO,NSE,IDO,89625,,NIFTY,,2029-06-28,2029-06-28,21000.0,PE,NIFTY29JUN21000PE,0.0,0.0,0.0,320.25,0.0,320.25,24813.45,360.05,0,0,0,0.0,0,F1,75,,,,,
2025-05-21,2025-05-21,FO,NSE,IDO,61745,,NIFTY,,2029-12-27,2029-12-27,22000.0,PE,NIFTY29DEC22000PE,0.0,0.0,0.0,373.65,0.0,373.65,24813.45,474.75,0,0,0,0.0,0,F1,75,,,,,
2025-05-21,2025-05-21,FO,NSE,IDO,71504,,NIFTY,,2026-12-31,2026-12-31,25000.0,PE,NIFTY26DEC25000PE,1005.3,1060.0,995.0,1022.7,1020.0,1007.1,24813.45,1022.7,14775,150,10,19513747.5,10,F1,75,,,,,
2025-05-21,2025-05-21,FO,NSE,IDO,58643,,NIFTY,,2026-12-31,2026-12-31,19000.0,PE,NIFTY26DEC19000PE,0.0,0.0,0.0,361.0,361.0,361.0,24813.45,86.7,1725,0,0,0.0,0,F1,75,,,,,
2025-05-21,2025-05-21,FO,NSE,IDO,58631,,NIFTY,,2026-12-31,2026-12-31,13000.0,PE,NIFTY26DEC13000PE,0.0,0.0,0.0,20.05,20.05,20.05,24813.45,0.35,2025,0,0,0.0,0,F1,75,,,,,
2025-05-21,2025-05-21,FO,NSE,IDO,51455,,NIFTY,,2026-06-25,2026-06-25,21000.0,PE,NIFTY26JUN21000PE,0.0,0.0,0.0,275.05,275.05,275.05,24813.45,179.8,2175,0,0,0.0,0,F1,75,,,,,
2025-05-21,2025-05-21,FO,NSE,IDO,50444,,NIFTY,,2026-06-25,2026-06-25,14000.0,PE,NIFTY26JUN14000PE,0.0,0.0,0.0,20.2,20.2,20.2,24813.45,0.2,1150,0,0,0.0,0,F1,75,,,,,
2025-05-21,2025-05-21,FO,NSE,IDO,62933,,NIFTY,,2026-03-26,2026-03-26,28000.0,PE,NIFTY26MAR28000PE,0.0,0.0,0.0,3078.95,0.0,3078.95,24813.45,2599.75,0,0,0,0.0,0,F1,75,,,,,
2025-05-21,2025-05-21,FO,NSE,IDO,71403,,NIFTY,,2025-12-24,2025-12-24,26000.0,PE,NIFTY25DEC26000PE,1169.85,1200.0,1060.85,1150.65,1157.0,1159.75,24813.45,1150.65,647050,1275,1364,2775588108.75,1205,F1,75,,,,,
2025-05-21,2025-05-21,FO,NSE,IDO,58623,,NIFTY,,2025-12-24,2025-12-24,22000.0,PE,NIFTY25DEC22000PE,215.05,223.0,202.5,212.45,213.0,216.5,24813.45,212.45,1222825,2850,1179,1964181885.0,788,F1,75,,,,,
2025-05-21,2025-05-21,FO,NSE,IDO,55864,,NIFTY,,2025-07-31,2025-07-31,26350.0,PE,NIFTY25JUL26350PE,1412.55,1412.55,1412.55,1412.55,1412.55,1220.55,24813.45,1521.9,225,75,1,2082191.25,1,F1,75,,,,,
2025-05-21,2025-05-21,FO,NSE,IDO,55843,,NIFTY,,2025-07-31,2025-07-31,25850.0,PE,NIFTY25JUL25850PE,1057.75,1057.75,1054.3,1055.3,1054.45,895.25,24813.45,1055.3,1050,525,7,14125267.5,7,F1,75,,,,,
2025-05-21,2025-05-21,FO,NSE,IDO,55832,,NIFTY,,2025-07-31,2025-07-31,25600.0,PE,NIFTY25JUL25600PE,830.0,901.8,830.0,895.35,895.35,775.0,24813.45,1020.35,1275,-1200,24,47653976.25,9,F1,75,,,,,
2025-05-21,2025-05-21,FO,NSE,IDO,55802,,NIFTY,,2025-07-31,2025-07-31,25050.0,PE,NIFTY25JUL25050PE,636.05,637.35,636.05,637.35,637.35,640.35,24813.45,719.95,3150,-150,2,3853005.0,2,F1,75,,,,,
2025-05-21,2025-05-21,FO,NSE,IDO,55800,,NIFTY,,2025-07-31,2025-07-31,25000.0,PE,NIFTY25JUL25000PE,631.75,668.7,542.1,613.7,616.0,632.3,24813.45,613.7,500850,48975,2897,5562874410.0,1987,F1,75,,,,,
2025-05-21,2025-05-21,FO,NSE,IDO,55792,,NIFTY,,2025-07-31,2025-07-31,24800.0,PE,NIFTY25JUL24800PE,535.35,568.05,474.55,532.25,539.4,549.5,24813.45,532.25,35400,18975,779,1478775247.5,659,F1,75,,,,,
2025-05-21,2025-05-21,FO,NSE,IDO,62468,,NIFTY,,2025-06-26,2025-06-26,26350.0,PE,NIFTY25JUN26350PE,1426.8,1426.8,1426.8,1426.8,1426.8,1206.8,24813.45,1426.8,225,75,1,2083260.0,1,F1,75,,,,,
2025-05-21,2025-05-21,FO,NSE,IDO,62438,,NIFTY,,2025-06-26,2025-06-26,25800.0,PE,NIFTY25JUN25800PE,1013.9,1031.65,860.0,1000.6,1009.05,1041.4,24813.45,1000.6,39075,26775,509,1022732711.25,261,F1,75,,,,,
2025-05-21,2025-05-21,FO,NSE,IDO,62430,,NIFTY,,2025-06-26,2025-06-26,25700.0,PE,NIFTY25JUN25700PE,952.55,988.0,797.0,926.5,926.5,970.25,24813.45,983.4,9075,-75,68,135619053.75,55,F1,75,,,,,
2025-05-21,2025-05-21,FO,NSE,IDO,62408,,NIFTY,,2025-06-26,2025-06-26,25200.0,PE,NIFTY25JUN25200PE,637.9,673.0,512.05,610.2,613.85,637.9,24813.45,610.2,268875,31350,4594,8887619017.5,3093,F1,75,,,,,
2025-05-21,2025-05-21,FO,NSE,IDO,62378,,NIFTY,,2025-06-26,2025-06-26,24550.0,PE,NIFTY25JUN24550PE,339.55,356.95,279.2,327.15,330.25,339.55,24813.45,327.15,25950,3300,168,313379745.0,92,F1,75,,,,,
2025-05-21,2025-05-21,FO,NSE,IDO,62366,,NIFTY,,2025-06-26,2025-06-26,24300.0,PE,NIFTY25JUN24300PE,256.7,293.45,216.25,252.1,255.05,265.55,24813.45,252.1,223875,43125,2692,4956264513.75,1650,F1,75,,,,,
2025-05-21,2025-05-21,FO,NSE,IDO,62362,,NIFTY,,2025-06-26,2025-06-26,24250.0,PE,NIFTY25JUN24250PE,241.55,276.55,205.25,244.45,244.45,254.4,24813.45,244.45,19050,-2775,314,576725561.25,86,F1,75,,,,,
2025-05-21,2025-05-21,FO,NSE,IDO,62350,,NIFTY,,2025-06-26,2025-06-26,23950.0,PE,NIFTY25JUN23950PE,172.0,197.65,156.0,183.75,183.75,190.3,24813.45,171.0,10050,900,76,137504670.0,36,F1,75,,,,,
2025-05-21,2025-05-21,FO,NSE,IDO,62344,,NIFTY,,2025-06-26,2025-06-26,23800.0,PE,NIFTY25JUN23800PE,157.75,180.8,130.25,153.9,154.55,160.75,24813.45,153.9,300525,38250,4819,8657024932.5,3203,F1,75,,,,,
2025-05-21,2025-05-21,FO,NSE,IDO,62330,,NIFTY,,2025-06-26,2025-06-26,23500.0,PE,NIFTY25JUN23500PE,122.2,139.45,100.05,116.4,117.85,122.45,24813.45,116.4,1491150,63375,14722,26076678093.75,9294,F1,75,,,,,
2025-05-21,2025-05-21,FO,NSE,IDO,62328,,NIFTY,,2025-06-26,2025-06-26,23450.0,PE,NIFTY25JUN23450PE,106.1,128.9,94.45,111.0,111.0,113.5,24813.45,82.55,3900,75,165,291528690.0,54,F1,75,,,,,
2025-05-21,2025-05-21,FO,NSE,IDO,62326,,NIFTY,,2025-06-26,2025-06-26,23400.0,PE,NIFTY25JUN23400PE,108.0,124.75,89.65,104.65,106.4,108.65,24813.45,104.65,60750,8025,2432,4287258048.75,1488,F1,75,,,,,
2025-05-21,2025-05-21,FO,NSE,IDO,62172,,NIFTY,,2025-06-26,2025-06-26,21950.0,PE,NIFTY25JUN21950PE,29.65,29.65,27.1,27.1,27.1,31.75,24813.45,4.05,3150,375,6,9890471.25,3,F1,75,,,,,
2025-05-21,2025-05-21,FO,NSE,IDO,62124,,NIFTY,,2025-06-26,2025-06-26,21100.0,PE,NIFTY25JUN21100PE,18.1,21.85,17.25,18.8,18.8,19.8,24813.45,0.4,9825,1500,46,72857790.0,30,F1,75,,,,,
2025-05-21,2025-05-21,FO,NSE,IDO,62080,,NIFTY,,2025-06-26,2025-06-26,20750.0,PE,NIFTY25JUN20750PE,0.0,0.0,0.0,15.5,15.55,15.5,24813.45,0.15,6450,0,0,0.0,0,F1,75,,,,,
2025-05-21,2025-05-21,FO,NSE,IDO,38375,,NIFTY,,2025-06-26,2025-06-26,20000.0,PE,NIFTY25JUN20000PE,12.05,12.5,10.15,11.75,11.75,11.9,24813.45,11.75,1459375,12075,2747,4122846108.75,1209,F1,75,,,,,
2025-05-21,2025-05-21,FO,NSE,IDO,51078,,NIFTY,,2025-06-19,2025-06-19,26500.0,PE,NIFTY2561926500PE,0.0,0.0,0.0,1407.55,0.0,1407.55,24813.45,1618.35,0,0,0,0.0,0,F1,75,,,,,
2025-05-21,2025-05-21,FO,NSE,IDO,51068,,NIFTY,,2025-06-19,2025-06-19,26300.0,PE,NIFTY2561926300PE,0.0,0.0,0.0,1247.35,0.0,1247.35,24813.45,1443.2,0,0,0,0.0,0,F1,75,,,,,
2025-05-21,2025-05-21,FO,NSE,IDO,51048,,NIFTY,,2025-06-19,2025-06-19,25800.0,PE,NIFTY2561925800PE,0.0,0.0,0.0,883.9,0.0,883.9,24813.45,1038.05,0,0,0,0.0,0,F1,75,,,,,
2025-05-21,2025-05-21,FO,NSE,IDO,50992,,NIFTY,,2025-06-19,2025-06-19,24550.0,PE,NIFTY2561924550PE,300.0,300.0,282.55,285.75,285.3,312.15,24813.45,285.75,1875,0,9,16764952.5,6,F1,75,,,,,
2025-05-21,2025-05-21,FO,NSE,IDO,50983,,NIFTY,,2025-06-19,2025-06-19,24400.0,PE,NIFTY2561924400PE,269.0,280.05,214.05,255.6,255.6,266.85,24813.45,260.8,3600,2775,57,105345858.75,36,F1,75,,,,,
2025-05-21,2025-05-21,FO,NSE,IDO,50860,,NIFTY,,2025-06-19,2025-06-19,23050.0,PE,NIFTY2561923050PE,0.0,0.0,0.0,26.8,0.0,26.8,24813.45,27.55,0,0,0,0.0,0,F1,75,,,,,
2025-05-21,2025-05-21,FO,NSE,IDO,50858,,NIFTY,,2025-06-19,2025-06-19,23000.0,PE,NIFTY2561923000PE,0.0,0.0,0.0,24.3,0.0,24.3,24813.45,24.8,0,0,0,0.0,0,F1,75,,,,,
2025-05-21,2025-05-21,FO,NSE,IDO,44935,,NIFTY,,2025-06-12,2025-06-12,26500.0,PE,NIFTY2561226500PE,0.0,0.0,0.0,2089.5,0.0,2089.5,24813.45,1621.1,0,0,0,0.0,0,F1,75,,,,,
2025-05-21,2025-05-21,FO,NSE,IDO,44901,,NIFTY,,2025-06-12,2025-06-12,25700.0,PE,NIFTY2561225700PE,918.0,918.0,907.9,907.9,907.9,890.0,24813.45,935.0,150,75,2,3991942.5,2,F1,75,,,,,
2025-05-21,2025-05-21,FO,NSE,IDO,44875,,NIFTY,,2025-06-12,2025-06-12,25200.0,PE,NIFTY2561225200PE,467.25,561.2,454.35,550.85,549.05,592.3,24813.45,550.85,8775,300,16,30871706.25,16,F1,75,,,,,
2025-05-21,2025-05-21,FO,NSE,IDO,44845,,NIFTY,,2025-06-12,2025-06-12,24650.0,PE,NIFTY2561224650PE,291.5,329.85,250.0,279.3,281.6,262.55,24813.45,279.3,1875,525,220,411652023.75,69,F1,75,,,,,
2025-05-21,2025-05-21,FO,NSE,IDO,44795,,NIFTY,,2025-06-12,2025-06-12,23750.0,PE,NIFTY2561223750PE,95.35,95.5,95.35,95.5,95.5,72.95,24813.45,70.2,300,0,3,5365218.75,3,F1,75,,,,,
2025-05-21,2025-05-21,FO,NSE,IDO,44743,,NIFTY,,2025-06-12,2025-06-12,22750.0,PE,NIFTY2561222750PE,0.0,0.0,0.0,22.55,22.55,22.55,24813.45,6.4,450,0,0,0.0,0,F1,75,,,,,
2025-05-21,2025-05-21,FO,NSE,IDO,40571,,NIFTY,,2025-06-05,2025-06-05,26600.0,PE,NIFTY2560526600PE,1728.7,1729.15,1728.7,1729.15,1729.15,2127.5,24813.45,1726.95,150,150,2,4249338.75,2,F1,75,,,,,
2025-05-21,2025-05-21,FO,NSE,IDO,40514,,NIFTY,,2025-06-05,2025-06-05,25400.0,PE,NIFTY2560525400PE,628.65,689.1,526.95,650.35,660.3,725.0,24813.45,650.35,13650,6600,251,489948806.25,151,F1,75,,,,,
2025-05-21,2025-05-21,FO,NSE,IDO,40506,,NIFTY,,2025-06-05,2025-06-05,25250.0,PE,NIFTY2560525250PE,470.05,607.35,466.05,548.55,548.55,588.45,24813.45,548.55,3375,375,12,23210126.25,11,F1,75,,,,,
2025-05-21,2025-05-21,FO,NSE,IDO,40492,,NIFTY,,2025-06-05,2025-06-05,25000.0,PE,NIFTY2560525000PE,416.45,456.9,302.25,388.05,400.95,422.45,24813.45,388.05,357525,-12825,9929,18897708067.5,7033,F1,75,,,,,
2025-05-21,2025-05-21,FO,NSE,IDO,40486,,NIFTY,,2025-06-05,2025-06-05,24850.0,PE,NIFTY2560524850PE,330.0,365.0,243.35,312.65,311.0,338.4,24813.45,312.65,25500,10275,1485,2801486591.25,879,F1,75,,,,,
2025-05-21,2025-05-21,FO,NSE,IDO,40450,,NIFTY,,2025-06-05,2025-06-05,24250.0,PE,NIFTY2560524250PE,129.0,150.55,98.95,120.15,123.85,130.95,24813.45,120.15,17025,2850,330,603323505.0,262,F1,75,,,,,
2025-05-21,2025-05-21,FO,NSE,IDO,61676,,NIFTY,,2025-05-29,2025-05-29,24300.0,PE,NIFTY25MAY24300PE,80.1,103.05,54.6,70.7,70.1,86.45,24813.45,70.7,1846125,486075,73759,134838058001.25,41547,F1,75,,,,,
2025-05-21,2025-05-21,FO,NSE,IDO,61540,,NIFTY,,2025-05-29,2025-05-29,23350.0,PE,NIFTY25MAY23350PE,10.0,15.7,8.75,9.9,10.05,13.9,24813.45,9.9,120000,3075,5579,9774809115.0,3773,F1,75,,,,,
2025-05-21,2025-05-21,FO,NSE,IDO,61338,,NIFTY,,2025-05-29,2025-05-29,20700.0,PE,NIFTY25MAY20700PE,2.0,2.35,1.5,1.8,1.55,2.25,24813.45,1.8,73500,8400,580,900532706.25,374,F1,75,,,,,
2025-05-21,2025-05-21,FO,NSE,IDO,49237,,NIFTY,,2025-05-22,2025-05-22,24950.0,PE,NIFTY2552224950PE,260.05,312.7,112.05,213.7,224.35,268.6,24813.45,213.7,532275,-310950,741341,1396681276818.75,473200,F1,75,,,,,
2025-05-21,2025-05-21,FO,NSE,IDO,49217,,NIFTY,,2025-05-22,2025-05-22,24750.0,PE,NIFTY2552224750PE,118.15,165.7,46.85,91.6,99.5,128.1,24813.45,91.6,3185775,1361175,3634512,6773401072672.5,1996902,F1,75,,,,,
2025-05-21,2025-05-21,FO,NSE,IDO,49203,,NIFTY,,2025-05-22,2025-05-22,24400.0,PE,NIFTY2552224400PE,18.0,37.35,10.15,12.55,13.85,25.1,24813.45,12.55,6366525,3531600,2143073,3924773589105.0,724306,F1,75,,,,,
2025-05-21,2025-05-21,FO,NSE,IDO,49195,,NIFTY,,2025-05-22,2025-05-22,24250.0,PE,NIFTY2552224250PE,10.5,17.95,4.8,5.6,5.45,13.65,24813.45,5.6,1784850,789900,833536,1516541154225.0,260232,F1,75,,,,,
2025-05-21,2025-05-21,FO,NSE,IDO,49154,,NIFTY,,2025-05-22,2025-05-22,23600.0,PE,NIFTY2552223600PE,1.4,1.8,0.65,0.85,0.75,2.4,24813.45,0.85,1285725,-513825,226651,401191826238.75,41829,F1,75,,,,,
2025-05-21,2025-05-21,FO,NSE,IDO,49092,,NIFTY,,2025-05-22,2025-05-22,22350.0,PE,NIFTY2552222350PE,0.5,0.7,0.2,0.25,0.2,0.55,24813.45,0.25,287625,113700,20819,34898460982.5,3986,F1,75,,,,,
2025-05-21,2025-05-21,FO,NSE,IDO,49090,,NIFTY,,2025-05-22,2025-05-22,22300.0,PE,NIFTY2552222300PE,0.45,0.7,0.15,0.2,0.2,0.55,24813.45,0.2,1095675,-51300,67311,112579619606.25,9234,F1,75,,,,,
2025-05-21,2025-05-21,FO,NSE,IDO,61858,,NIFTY,,2029-12-27,2029-12-27,28000.0,CE,NIFTY29DEC28000CE,0.0,0.0,0.0,5741.5,0.0,5741.5,24813.45,5886.7,0,0,0,0.0,0,F1,75,,,,,
2025-05-21,2025-05-21,FO,NSE,IDO,61778,,NIFTY,,2029-12-27,2029-12-27,26000.0,CE,NIFTY29DEC26000CE,0.0,0.0,0.0,6686.95,0.0,6686.95,24813.45,6854.45,0,0,0,0.0,0,F1,75,,,,,
2025-05-21,2025-05-21,FO,NSE,IDO,89640,,NIFTY,,2029-06-28,2029-06-28,29000.0,CE,NIFTY29JUN29000CE,0.0,0.0,0.0,5677.9,0.0,5677.9,24813.45,4851.1,0,0,0,0.0,0,F1,75,,,,,
2025-05-21,2025-05-21,FO,NSE,IDO,67786,,NIFTY,,2028-12-28,2028-12-28,26000.0,CE,NIFTY28DEC26000CE,0.0,0.0,0.0,4879.7,0.0,4879.7,24813.45,5657.3,0,0,0,0.0,0,F1,75,,,,,
2025-05-21,2025-05-21,FO,NSE,IDO,86151,,NIFTY,,2028-06-29,2028-06-29,24000.0,CE,NIFTY28JUN24000CE,0.0,0.0,0.0,3918.85,0.0,3918.85,24813.45,6144.65,0,0,0,0.0,0,F1,75,,,,,
2025-05-21,2025-05-21,FO,NSE,IDO,35346,,NIFTY,,2027-12-30,2027-12-30,30000.0,CE,NIFTY27DEC30000CE,0.0,0.0,0.0,1877.7,0.0,1877.7,24813.45,2616.0,0,0,0,0.0,0,F1,75,,,,,
2025-05-21,2025-05-21,FO,NSE,IDO,71556,,NIFTY,,2027-06-24,2027-06-24,22000.0,CE,NIFTY27JUN22000CE,0.0,0.0,0.0,2783.5,0.0,2783.5,24813.45,6111.85,0,0,0,0.0,0,F1,75,,,,,
2025-05-21,2025-05-21,FO,NSE,IDO,58646,,NIFTY,,2026-12-31,2026-12-31,21000.0,CE,NIFTY26DEC21000CE,0.0,0.0,0.0,3356.25,0.0,3356.25,24813.45,6204.15,0,0,0,0.0,0,F1,75,,,,,
2025-05-21,2025-05-21,FO,NSE,IDO,62926,,NIFTY,,2026-03-26,2026-03-26,25000.0,CE,NIFTY26MAR25000CE,0.0,0.0,0.0,1652.55,0.0,1652.55,24813.45,2216.35,0,0,0,0.0,0,F1,75,,,,,
2025-05-21,2025-05-21,FO,NSE,IDO,71395,,NIFTY,,2025-12-24,2025-12-24,25000.0,CE,NIFTY25DEC25000CE,1470.4,1624.95,1454.7,1495.9,1484.75,1466.75,24813.45,1495.9,780900,-35825,2114,4205386582.5,1446,F1,75,,,,,
2025-05-21,2025-05-21,FO,NSE,IDO,64686,,NIFTY,,2025-09-25,2025-09-25,21000.0,CE,NIFTY25SEP21000CE,0.0,0.0,0.0,3690.0,3690.0,3690.0,24813.45,4324.5,750,0,0,0.0,0,F1,75,,,,,
2025-05-21,2025-05-21,FO,NSE,IDO,55797,,NIFTY,,2025-07-31,2025-07-31,24950.0,CE,NIFTY25JUL24950CE,739.45,739.45,739.45,739.45,739.45,701.25,24813.45,856.45,2100,75,1,1926708.75,1,F1,75,,,,,
2025-05-21,2025-05-21,FO,NSE,IDO,55785,,NIFTY,,2025-07-31,2025-07-31,24650.0,CE,NIFTY25JUL24650CE,912.75,912.75,912.75,912.75,912.75,940.0,24813.45,1020.6,675,75,1,1917206.25,1,F1,75,,,,,
2025-05-21,2025-05-21,FO,NSE,IDO,55759,,NIFTY,,2025-07-31,2025-07-31,24050.0,CE,NIFTY25JUL24050CE,1344.45,1344.45,1344.45,1344.45,1344.45,1530.85,24813.45,1402.75,750,0,1,1904583.75,1,F1,75,,,,,
2025-05-21,2025-05-21,FO,NSE,IDO,55727,,NIFTY,,2025-07-31,2025-07-31,23300.0,CE,NIFTY25JUL23300CE,1927.75,1927.75,1927.75,1927.75,1927.75,2153.25,24813.45,1927.75,525,75,1,1892081.25,1,F1,75,,,,,
2025-05-21,2025-05-21,FO,NSE,IDO,62459,,NIFTY,,2025-06-26,2025-06-26,26150.0,CE,NIFTY25JUN26150CE,74.25,109.25,72.6,81.8,80.15,76.15,24813.45,81.8,15075,-75,339,667073066.25,127,F1,75,,,,,
2025-05-21,2025-05-21,FO,NSE,IDO,62417,,NIFTY,,2025-06-26,2025-06-26,25400.0,CE,NIFTY25JUN25400CE,250.25,345.0,238.85,265.0,263.0,251.5,24813.45,265.0,128925,13800,2792,5378808318.75,1764,F1,75,,,,,
2025-05-21,2025-05-21,FO,NSE,IDO,62379,,NIFTY,,2025-06-26,2025-06-26,24600.0,CE,NIFTY25JUN24600CE,654.0,815.0,624.1,673.45,669.55,640.5,24813.45,673.45,161625,4275,988,1874557893.75,678,F1,75,,,,,
2025-05-21,2025-05-21,FO,NSE,IDO,62375,,NIFTY,,2025-06-26,2025-06-26,24500.0,CE,NIFTY25JUN24500CE,720.5,890.0,688.0,744.5,735.0,708.15,24813.45,744.5,1286325,-19050,6057,11477865802.5,4195,F1,75,,,,,
2025-05-21,2025-05-21,FO,NSE,IDO,62267,,NIFTY,,2025-06-26,2025-06-26,23100.0,CE,NIFTY25JUN23100CE,1835.4,1927.4,1835.4,1927.4,1927.4,1840.0,24813.45,1910.65,3000,0,4,7493685.0,4,F1,75,,,,,
2025-05-21,2025-05-21,FO,NSE,IDO,62193,,NIFTY,,2025-06-26,2025-06-26,22350.0,CE,NIFTY25JUN22350CE,2616.9,2616.9,2616.9,2616.9,2616.9,2865.85,24813.45,2616.9,1425,75,1,1872517.5,1,F1,75,,,,,
2025-05-21,2025-05-21,FO,NSE,IDO,62157,,NIFTY,,2025-06-26,2025-06-26,21700.0,CE,NIFTY25JUN21700CE,3255.4,3255.4,3255.4,3255.4,3255.4,3496.2,24813.45,3255.4,750,75,1,1871655.0,1,F1,75,,,,,
2025-05-21,2025-05-21,FO,NSE,IDO,51075,,NIFTY,,2025-06-19,2025-06-19,26450.0,CE,NIFTY2561926450CE,0.0,0.0,0.0,90.0,90.0,90.0,24813.45,72.05,75,0,0,0.0,0,F1,75,,,,,
2025-05-21,2025-05-21,FO,NSE,IDO,51057,,NIFTY,,2025-06-19,2025-06-19,26050.0,CE,NIFTY2561926050CE,0.0,0.0,0.0,236.95,0.0,236.95,24813.45,129.7,0,0,0,0.0,0,F1,75,,,,,
2025-05-21,2025-05-21,FO,NSE,IDO,50959,,NIFTY,,2025-06-19,2025-06-19,24050.0,CE,NIFTY2561924050CE,0.0,0.0,0.0,1306.4,0.0,1306.4,24813.45,1047.1,0,0,0,0.0,0,F1,75,,,,,
2025-05-21,2025-05-21,FO,NSE,IDO,50859,,NIFTY,,2025-06-19,2025-06-19,23050.0,CE,NIFTY2561923050CE,0.0,0.0,0.0,2186.3,0.0,2186.3,24813.45,1908.25,0,0,0,0.0,0,F1,75,,,,,
2025-05-21,2025-05-21,FO,NSE,IDO,50857,,NIFTY,,2025-06-19,2025-06-19,23000.0,CE,NIFTY2561923000CE,0.0,0.0,0.0,2233.5,0.0,2233.5,24813.45,1955.25,0,0,0,0.0,0,F1,75,,,,,
2025-05-21,2025-05-21,FO,NSE,IDO,44852,,NIFTY,,2025-06-12,2025-06-12,24700.0,CE,NIFTY2561224700CE,451.45,610.0,430.0,475.5,469.25,458.3,24813.45,475.5,6075,825,289,546189896.25,218,F1,75,,,,,
2025-05-21,2025-05-21,FO,NSE,IDO,44836,,NIFTY,,2025-06-12,2025-06-12,24500.0,CE,NIFTY2561224500CE,571.7,762.15,565.1,603.75,599.9,578.85,24813.45,603.75,11175,4350,181,341234752.5,161,F1,75,,,,,
2025-05-21,2025-05-21,FO,NSE,IDO,44734,,NIFTY,,2025-06-12,2025-06-12,22650.0,CE,NIFTY2561222650CE,0.0,0.0,0.0,1808.05,0.0,1808.05,24813.45,2255.75,0,0,0,0.0,0,F1,75,,,,,
2025-05-21,2025-05-21,FO,NSE,IDO,40572,,NIFTY,,2025-06-05,2025-06-05,26650.0,CE,NIFTY2560526650CE,8.7,8.85,5.15,5.3,5.25,9.2,24813.45,5.3,17250,0,306,611773781.25,150,F1,75,,,,,
2025-05-21,2025-05-21,FO,NSE,IDO,40523,,NIFTY,,2025-06-05,2025-06-05,25600.0,CE,NIFTY2560525600CE,70.2,107.15,58.6,69.95,66.45,68.0,24813.45,69.95,81150,18975,5557,10703437226.25,4104,F1,75,,,,,
2025-05-21,2025-05-21,FO,NSE,IDO,40519,,NIFTY,,2025-06-05,2025-06-05,25500.0,CE,NIFTY2560525500CE,86.0,135.0,74.25,88.9,85.0,85.8,24813.45,88.9,454575,-51075,25105,48205098258.75,14138,F1,75,,,,,
2025-05-21,2025-05-21,FO,NSE,IDO,40513,,NIFTY,,2025-06-05,2025-06-05,25400.0,CE,NIFTY2560525400CE,97.55,164.5,91.1,107.8,103.35,103.35,24813.45,107.8,233025,9825,4837,9261541368.75,3623,F1,75,,,,,
2025-05-21,2025-05-21,FO,NSE,IDO,40481,,NIFTY,,2025-06-05,2025-06-05,24800.0,CE,NIFTY2560524800CE,326.3,470.0,299.65,342.8,333.5,318.75,24813.45,342.8,214125,2250,10576,19959754526.25,7881,F1,75,,,,,
2025-05-21,2025-05-21,FO,NSE,IDO,40437,,NIFTY,,2025-06-05,2025-06-05,24050.0,CE,NIFTY2560524050CE,898.85,898.85,898.85,898.85,898.85,844.9,24813.45,905.4,975,75,1,1871163.75,1,F1,75,,,,,
2025-05-21,2025-05-21,FO,NSE,IDO,40387,,NIFTY,,2025-06-05,2025-06-05,22950.0,CE,NIFTY2560522950CE,1934.0,1934.0,1934.0,1934.0,1934.0,2166.95,24813.45,1934.0,375,75,1,1866300.0,1,F1,75,,,,,
2025-05-21,2025-05-21,FO,NSE,IDO,40361,,NIFTY,,2025-06-05,2025-06-05,22650.0,CE,NIFTY2560522650CE,2210.85,2210.85,2210.85,2210.85,2210.85,2085.45,24813.45,2210.85,225,75,1,1864563.75,1,F1,75,,,,,
2025-05-21,2025-05-21,FO,NSE,IDO,61911,,NIFTY,,2025-05-29,2025-05-29,26700.0,CE,NIFTY25MAY26700CE,2.8,2.8,1.55,1.6,1.55,2.75,24813.45,1.6,428550,45150,20621,41296296720.0,5278,F1,75,,,,,
2025-05-21,2025-05-21,FO,NSE,IDO,61793,,NIFTY,,2025-05-29,2025-05-29,25850.0,CE,NIFTY25MAY25850CE,14.75,22.0,9.5,11.3,11.2,14.3,24813.45,11.3,397875,254700,20296,39369024487.5,10878,F1,75,,,,,
2025-05-21,2025-05-21,FO,NSE,IDO,61791,,NIFTY,,2025-05-29,2025-05-29,25800.0,CE,NIFTY25MAY25800CE,15.45,25.95,10.65,12.8,12.2,16.1,24813.45,12.8,1587600,657525,105577,204417933551.25,59467,F1,75,,,,,
2025-05-21,2025-05-21,FO,NSE,IDO,61665,,NIFTY,,2025-05-29,2025-05-29,24050.0,CE,NIFTY25MAY24050CE,785.0,970.0,757.6,818.55,810.55,769.4,24813.45,818.55,50325,750,50,93258562.5,38,F1,75,,,,,
2025-05-21,2025-05-21,FO,NSE,IDO,61557,,NIFTY,,2025-05-29,2025-05-29,23800.0,CE,NIFTY25MAY23800CE,993.1,1225.8,984.3,1054.9,1038.0,1001.95,24813.45,1054.9,234375,-3975,750,1398018273.75,427,F1,75,,,,,
2025-05-21,2025-05-21,FO,NSE,IDO,61547,,NIFTY,,2025-05-29,2025-05-29,23550.0,CE,NIFTY25MAY23550CE,1235.0,1235.0,1230.0,1230.0,1230.0,1241.5,24813.45,1300.95,14100,75,2,3717375.0,2,F1,75,,,,,
2025-05-21,2025-05-21,FO,NSE,IDO,61507,,NIFTY,,2025-05-29,2025-05-29,22550.0,CE,NIFTY25MAY22550CE,2260.0,2299.25,2260.0,2299.25,2299.25,2279.2,24813.45,2295.2,6450,-75,3,5587443.75,3,F1,75,,,,,
2025-05-21,2025-05-21,FO,NSE,IDO,61489,,NIFTY,,2025-05-29,2025-05-29,22100.0,CE,NIFTY25MAY22100CE,2852.0,2852.0,2640.0,2745.65,2743.7,2674.6,24813.45,2745.65,12825,900,18,33535387.5,18,F1,75,,,,,
2025-05-21,2025-05-21,FO,NSE,IDO,61467,,NIFTY,,2025-05-29,2025-05-29,21700.0,CE,NIFTY25MAY21700CE,3075.0,3075.0,3075.0,3075.0,3075.0,3170.0,24813.45,3144.0,6525,-75,1,1858125.0,1,F1,75,,,,,
2025-05-21,2025-05-21,FO,NSE,IDO,61379,,NIFTY,,2025-05-29,2025-05-29,21300.0,CE,NIFTY25MAY21300CE,3560.0,3560.0,3560.0,3560.0,3560.0,3780.55,24813.45,3543.4,3825,75,1,1864500.0,1,F1,75,,,,,
2025-05-21,2025-05-21,FO,NSE,IDO,61357,,NIFTY,,2025-05-29,2025-05-29,21050.0,CE,NIFTY25MAY21050CE,0.0,0.0,0.0,3052.05,3051.55,3052.05,24813.45,3793.05,2025,0,0,0.0,0,F1,75,,,,,
2025-05-21,2025-05-21,FO,NSE,IDO,49367,,NIFTY,,2025-05-22,2025-05-22,26750.0,CE,NIFTY2552226750CE,1.15,1.15,0.55,0.75,0.7,1.45,24813.45,0.75,2157150,-566475,70180,140802579052.5,9574,F1,75,,,,,
2025-05-21,2025-05-21,FO,NSE,IDO,49360,,NIFTY,,2025-05-22,2025-05-22,26600.0,CE,NIFTY2552226600CE,1.3,1.3,0.6,0.8,0.85,1.55,24813.45,0.8,2782125,-642450,95745,191017088381.25,17178,F1,75,,,,,
2025-05-21,2025-05-21,FO,NSE,IDO,49321,,NIFTY,,2025-05-22,2025-05-22,25900.0,CE,NIFTY2552225900CE,2.1,2.1,0.95,1.15,0.95,3.05,24813.45,1.15,4104975,-1674000,535423,1040114066182.5,98663,F1,75,,,,,
2025-05-21,2025-05-21,FO,NSE,IDO,49273,,NIFTY,,2025-05-22,2025-05-22,25300.0,CE,NIFTY2552225300CE,13.0,33.45,6.75,8.35,7.2,13.65,24813.45,8.35,8941725,1347225,2792562,5302034071942.5,853347,F1,75,,,,,
2025-05-21,2025-05-21,FO,NSE,IDO,49196,,NIFTY,,2025-05-22,2025-05-22,24300.0,CE,NIFTY2552224300CE,464.6,688.0,399.0,496.05,484.95,445.9,24813.45,496.05,73575,-38925,9435,17552152781.25,6440,F1,75,,,,,
2025-05-21,2025-05-21,FO,NSE,IDO,49179,,NIFTY,,2025-05-22,2025-05-22,23950.0,CE,NIFTY2552223950CE,788.45,981.55,742.5,850.45,826.7,784.9,24813.45,850.45,21225,-150,129,240186648.75,101,F1,75,,,,,
2025-05-21,2025-05-21,FO,NSE,IDO,49153,,NIFTY,,2025-05-22,2025-05-22,23600.0,CE,NIFTY2552223600CE,1140.0,1343.0,1107.25,1201.0,1172.6,1133.5,24813.45,1201.0,33450,-25875,459,853333788.75,204,F1,75,,,,,
2025-05-21,2025-05-21,FO,NSE,IDO,49149,,NIFTY,,2025-05-22,2025-05-22,23500.0,CE,NIFTY2552223500CE,1255.05,1467.0,1190.1,1284.25,1275.55,1222.7,24813.45,1284.25,72525,-56175,1287,2394867307.5,571,F1,75,,,,,
2025-05-21,2025-05-21,FO,NSE,IDO,49147,,NIFTY,,2025-05-22,2025-05-22,23450.0,CE,NIFTY2552223450CE,1450.0,1450.0,1255.7,1335.7,1335.7,1585.65,24813.45,1367.6,4200,-75,18,33430646.25,11,F1,75,,,,,
2025-05-21,2025-05-21,FO,NSE,IDO,49111,,NIFTY,,2025-05-22,2025-05-22,22800.0,CE,NIFTY2552222800CE,2045.0,2120.0,1906.75,1974.95,1975.0,1933.95,24813.45,1974.95,3825,-300,21,39051825.0,12,F1,75,,,,,
2025-05-21,2025-05-21,FO,NSE,IDO,49079,,NIFTY,,2025-05-22,2025-05-22,22100.0,CE,NIFTY2552222100CE,2750.0,2817.45,2600.0,2705.1,2706.0,2712.45,24813.45,2705.1,4575,-2325,42,78130301.25,41,F1,75,,,,,
2025-05-21,2025-05-21,FO,NSE,IDO,71563,,NIFTY,,2027-06-24,2027-06-24,25000.0,PE,NIFTY27JUN25000PE,0.0,0.0,0.0,5619.05,0.0,5619.05,24813.45,1119.95,0,0,0,0.0,0,F1,75,,,,,
2025-05-21,2025-05-21,FO,NSE,IDO,71565,,NIFTY,,2027-06-24,2027-06-24,26000.0,PE,NIFTY27JUN26000PE,0.0,0.0,0.0,6202.2,0.0,6202.2,24813.45,1446.85,0,0,0,0.0,0,F1,75,,,,,
2025-05-21,2025-05-21,FO,NSE,IDO,50984,,NIFTY,,2027-06-24,2027-06-24,27000.0,PE,NIFTY27JUN27000PE,0.0,0.0,0.0,6273.45,0.0,6273.45,24813.45,1824.95,0,0,0,0.0,0,F1,75,,,,,
2025-05-21,2025-05-21,FO,NSE,IDO,53635,,NIFTY,,2027-12-30,2027-12-30,28000.0,PE,NIFTY27DEC28000PE,0.0,0.0,0.0,4251.0,0.0,4251.0,24813.45,2122.5,0,0,0,0.0,0,F1,75,,,,,
2025-05-21,2025-05-21,FO,NSE,IDO,55821,,NIFTY,,2025-07-31,2025-07-31,25450.0,CE,NIFTY25JUL25450CE,486.05,550.0,450.0,464.35,464.35,588.65,24813.45,623.5,3150,975,25,48611838.75,12,F1,75,,,,,
2025-05-21,2025-05-21,FO,NSE,IDO,55675,,NIFTY,,2025-07-31,2025-07-31,22350.0,CE,NIFTY25JUL22350CE,2771.4,2771.4,2771.4,2771.4,2771.4,2430.45,24813.45,2801.5,75,75,1,1884105.0,1,F1,75,,,,,
2025-05-21,2025-05-21,FO,NSE,IDO,62487,,NIFTY,,2025-06-26,2025-06-26,26650.0,CE,NIFTY25JUN26650CE,33.55,44.3,31.3,33.5,32.65,33.65,24813.45,33.5,4575,525,289,578415390.0,171,F1,75,,,,,
2025-05-21,2025-05-21,FO,NSE,IDO,62399,,NIFTY,,2025-06-26,2025-06-26,25050.0,CE,NIFTY25JUN25050CE,430.75,521.0,385.5,414.95,408.0,394.4,24813.45,414.95,19050,675,308,588980141.25,154,F1,75,,,,,
2025-05-21,2025-05-21,FO,NSE,IDO,62387,,NIFTY,,2025-06-26,2025-06-26,24800.0,CE,NIFTY25JUN24800CE,538.95,681.55,508.3,553.0,540.0,525.15,24813.45,553.0,414750,143250,8128,15474629340.0,6436,F1,75,,,,,
2025-05-21,2025-05-21,FO,NSE,IDO,55871,,NIFTY,,2025-07-31,2025-07-31,26550.0,CE,NIFTY25JUL26550CE,0.0,0.0,0.0,255.7,0.0,255.7,24813.45,277.0,0,0,0,0.0,0,F1,75,,,,,
2025-05-21,2025-05-21,FO,NSE,IDO,64690,,NIFTY,,2025-09-25,2025-09-25,23000.0,CE,NIFTY25SEP23000CE,2517.25,2560.0,2485.0,2501.65,2502.1,2455.9,24813.45,2501.65,130275,450,80,153141836.25,56,F1,75,,,,,
2025-05-21,2025-05-21,FO,NSE,IDO,37795,,NIFTY,,2025-12-24,2025-12-24,23000.0,CE,NIFTY25DEC23000CE,2930.0,3118.7,2890.0,2957.6,2940.0,2916.75,24813.45,2957.6,421150,1300,121,235977772.5,115,F1,75,,,,,
2025-05-21,2025-05-21,FO,NSE,IDO,71393,,NIFTY,,2025-12-24,2025-12-24,24000.0,CE,NIFTY25DEC24000CE,2156.95,2344.75,2135.0,2196.4,2190.0,2156.95,24813.45,2196.4,855175,3000,273,537319766.25,242,F1,75,,,,,
2025-05-21,2025-05-21,FO,NSE,IDO,38152,,NIFTY,,2025-12-24,2025-12-24,29000.0,CE,NIFTY25DEC29000CE,136.85,152.35,128.8,136.55,134.0,134.8,24813.45,136.55,288700,-15375,1226,2679603127.5,877,F1,75,,,,,
2025-05-21,2025-05-21,FO,NSE,IDO,50545,,NIFTY,,2026-06-25,2026-06-25,28000.0,CE,NIFTY26JUN28000CE,0.0,0.0,0.0,1533.95,0.0,1533.95,24813.45,1309.15,0,0,0,0.0,0,F1,75,,,,,
2025-05-21,2025-05-21,FO,NSE,IDO,58644,,NIFTY,,2026-12-31,2026-12-31,20000.0,CE,NIFTY26DEC20000CE,0.0,0.0,0.0,3704.3,0.0,3704.3,24813.45,7003.8,0,0,0,0.0,0,F1,75,,,,,
2025-05-21,2025-05-21,FO,NSE,IDO,50978,,NIFTY,,2026-12-31,2026-12-31,27000.0,CE,NIFTY26DEC27000CE,1840.0,1840.0,1840.0,1840.0,1840.0,1800.0,24813.45,2463.75,22425,75,1,2163000.0,1,F1,75,,,,,
2025-05-21,2025-05-21,FO,NSE,IDO,40373,,NIFTY,,2025-06-05,2025-06-05,22750.0,CE,NIFTY2560522750CE,2080.0,2119.35,2080.0,2119.35,2119.35,2367.3,24813.45,2119.35,375,75,3,5590451.25,3,F1,75,,,,,
2025-05-21,2025-05-21,FO,NSE,IDO,40383,,NIFTY,,2025-06-05,2025-06-05,22850.0,CE,NIFTY2560522850CE,2031.4,2031.4,2031.4,2031.4,2031.4,2275.35,24813.45,2031.4,375,75,1,1866105.0,1,F1,75,,,,,
2025-05-21,2025-05-21,FO,NSE,IDO,40391,,NIFTY,,2025-06-05,2025-06-05,23050.0,CE,NIFTY2560523050CE,1837.0,1837.0,1837.0,1837.0,1837.0,2081.05,24813.45,1837.0,450,75,1,1866525.0,1,F1,75,,,,,
2025-05-21,2025-05-21,FO,NSE,IDO,40413,,NIFTY,,2025-06-05,2025-06-05,23500.0,CE,NIFTY2560523500CE,1320.0,1516.05,1317.9,1371.7,1365.0,1344.5,24813.45,1371.7,2850,225,33,61632405.0,26,F1,75,,,,,
2025-05-21,2025-05-21,FO,NSE,IDO,40417,,NIFTY,,2025-06-05,2025-06-05,23600.0,CE,NIFTY2560523600CE,1301.6,1301.6,1301.6,1301.6,1301.6,1394.0,24813.45,1301.55,525,75,1,1867620.0,1,F1,75,,,,,
2025-05-21,2025-05-21,FO,NSE,IDO,40433,,NIFTY,,2025-06-05,2025-06-05,23950.0,CE,NIFTY2560523950CE,1005.75,1005.75,1005.75,1005.75,1005.75,939.5,24813.45,1005.75,1275,75,1,1871681.25,1,F1,75,,,,,
2025-05-21,2025-05-21,FO,NSE,IDO,40485,,NIFTY,,2025-06-05,2025-06-05,24850.0,CE,NIFTY2560524850CE,302.0,430.0,277.0,315.25,308.1,293.6,24813.45,315.25,23100,-3675,1441,2722883977.5,935,F1,75,,,,,
2025-05-21,2025-05-21,FO,NSE,IDO,40535,,NIFTY,,2025-06-05,2025-06-05,25900.0,CE,NIFTY2560525900CE,33.75,52.25,27.75,32.35,29.7,33.7,24813.45,32.35,59025,10875,3134,6096597408.75,2314,F1,75,,,,,
2025-05-21,2025-05-21,FO,NSE,IDO,40537,,NIFTY,,2025-06-05,2025-06-05,25950.0,CE,NIFTY2560525950CE,30.5,44.4,24.9,28.65,28.1,30.45,24813.45,28.65,14100,8325,612,1192558683.75,245,F1,75,,,,,
2025-05-21,2025-05-21,FO,NSE,IDO,40547,,NIFTY,,2025-06-05,2025-06-05,26200.0,CE,NIFTY2560526200CE,18.0,23.95,14.05,15.1,15.0,18.0,24813.45,15.1,72375,6900,3427,6738628492.5,2475,F1,75,,,,,
2025-05-21,2025-05-21,FO,NSE,IDO,40555,,NIFTY,,2025-06-05,2025-06-05,26400.0,CE,NIFTY2560526400CE,13.3,14.7,9.05,9.4,9.2,12.7,24813.45,9.4,32100,2625,1466,2903922697.5,723,F1,75,,,,,
