TradDt,BizDt,Sgmt,Src,FinInstrmTp,FinInstrmId,ISIN,TckrSymb,SctySrs,XpryDt,FininstrmActlXpryDt,StrkPric,OptnTp,FinInstrmNm,OpnPric,HghPric,LwPric,ClsPric,LastPric,PrvsClsgPric,UndrlygPric,SttlmPric,OpnIntrst,ChngInOpnIntrst,TtlTradgVol,TtlTrfVal,TtlNbOfTxsExctd,SsnId,NewBrdLotQty,Rmks,Rsvd1,Rsvd2,Rsvd3,Rsvd4
2025-01-15,2025-01-15,FO,NSE,IDO,45042,,NIFTY,,2025-02-06,2025-02-06,24800.0,PE,NIFTY2520624800PE,0.0,0.0,0.0,736.3,0.0,736.3,23213.2,1496.0,0,0,0,0.0,0,F1,75,,,,,
2025-01-15,2025-01-15,FO,NSE,IDO,55056,,NIFTY,,2025-01-23,2025-01-23,24800.0,CE,NIFTY2512324800CE,4.0,4.0,2.0,2.3,2.2,3.95,23213.2,2.3,374775,-99300,26596,49474070561.25,9472,F1,75,,,,,
2025-01-15,2025-01-15,FO,NSE,IDO,51291,,NIFTY,,2025-02-13,2025-02-13,24800.0,CE,NIFTY2521324800CE,0.0,0.0,0.0,121.05,0.0,121.05,23213.2,22.2,0,0,0,0.0,0,F1,75,,,,,
2025-01-15,2025-01-15,FO,NSE,IDO,56546,,NIFTY,,2025-03-27,2025-03-27,24800.0,CE,NIFTY25MAR24800CE,167.0,176.0,149.25,156.1,155.95,166.95,23213.2,156.1,92175,-9225,777,1454567988.75,207,F1,75,,,,,
2025-01-15,2025-01-15,FO,NSE,IDO,45041,,NIFTY,,2025-02-06,2025-02-06,24800.0,CE,NIFTY2520624800CE,28.0,33.95,22.0,23.05,23.05,28.0,23213.2,23.05,11175,600,86,160121437.5,35,F1,75,,,,,
2025-01-15,2025-01-15,FO,NSE,IDO,46407,,NIFTY,,2025-01-30,2025-01-30,24800.0,PE,NIFTY25JAN24800PE,1517.5,1588.2,1477.0,1559.7,1559.7,1528.3,23213.2,1520.55,152700,-1050,96,63230572.5,46,F1,25,,,,,
2025-01-15,2025-01-15,FO,NSE,IDO,57633,,NIFTY,,2025-02-27,2025-02-27,24800.0,CE,NIFTY25FEB24800CE,70.55,76.45,61.0,65.95,67.95,70.5,23213.2,65.95,117225,3450,604,1126485802.5,372,F1,75,,,,,
2025-01-15,2025-01-15,FO,NSE,IDO,52836,,NIFTY,,2025-01-16,2025-01-16,24800.0,CE,NIFTY2511624800CE,0.9,1.0,0.5,0.65,0.6,1.1,23213.2,0.65,2016975,-1441575,105285,195835647671.25,23414,F1,75,,,,,
2025-01-15,2025-01-15,FO,NSE,IDO,56547,,NIFTY,,2025-03-27,2025-03-27,24800.0,PE,NIFTY25MAR24800PE,0.0,0.0,0.0,1116.85,0.0,1116.85,23213.2,1411.7,0,0,0,0.0,0,F1,75,,,,,
2025-01-15,2025-01-15,FO,NSE,IDO,46519,,NIFTY,,2025-01-30,2025-01-30,25850.0,CE,NIFTY25JAN25850CE,5.05,5.35,3.7,3.8,3.7,5.0,23213.2,3.8,11950,1750,451,291509611.25,106,F1,25,,,,,
2025-01-15,2025-01-15,FO,NSE,IDO,57677,,NIFTY,,2025-02-27,2025-02-27,25850.0,CE,NIFTY25FEB25850CE,20.0,21.0,16.7,16.75,16.75,24.65,23213.2,6.75,3150,0,6,11640858.75,6,F1,75,,,,,
2025-01-15,2025-01-15,FO,NSE,IDO,55124,,NIFTY,,2025-01-23,2025-01-23,25850.0,PE,NIFTY2512325850PE,0.0,0.0,0.0,1765.95,0.0,1765.95,23213.2,2598.6,0,0,0,0.0,0,F1,75,,,,,
2025-01-15,2025-01-15,FO,NSE,IDO,52886,,NIFTY,,2025-01-16,2025-01-16,25850.0,PE,NIFTY2511625850PE,0.0,0.0,0.0,1251.0,0.0,1251.0,23213.2,2632.0,0,0,0,0.0,0,F1,75,,,,,
2025-01-15,2025-01-15,FO,NSE,IDO,46535,,NIFTY,,2025-01-30,2025-01-30,25850.0,PE,NIFTY25JAN25850PE,0.0,0.0,0.0,1306.15,1306.15,1306.15,23213.2,2565.2,50,0,0,0.0,0,F1,25,,,,,
2025-01-15,2025-01-15,FO,NSE,IDO,55123,,NIFTY,,2025-01-23,2025-01-23,25850.0,CE,NIFTY2512325850CE,2.35,2.55,1.55,1.65,1.6,2.85,23213.2,1.65,402225,32100,19242,37308323801.25,4230,F1,75,,,,,
2025-01-15,2025-01-15,FO,NSE,IDO,57672,,NIFTY,,2025-02-27,2025-02-27,25700.0,PE,NIFTY25FEB25700PE,2227.7,2227.95,2227.7,2227.95,2227.95,2363.5,23213.2,2292.7,525,150,2,4189173.75,2,F1,75,,,,,
2025-01-15,2025-01-15,FO,NSE,IDO,46496,,NIFTY,,2025-01-30,2025-01-30,25700.0,CE,NIFTY25JAN25700CE,5.05,5.85,4.2,4.35,4.35,5.6,23213.2,4.35,140475,-14800,4051,2603229141.25,1435,F1,25,,,,,
2025-01-15,2025-01-15,FO,NSE,IDO,45109,,NIFTY,,2025-02-06,2025-02-06,25700.0,PE,NIFTY2520625700PE,0.0,0.0,0.0,1422.15,0.0,1422.15,23213.2,2382.85,0,0,0,0.0,0,F1,75,,,,,
2025-01-15,2025-01-15,FO,NSE,IDO,52879,,NIFTY,,2025-01-16,2025-01-16,25700.0,PE,NIFTY2511625700PE,2498.55,2498.55,2435.75,2454.95,2454.95,2597.25,23213.2,2482.05,1500,-525,10,21115050.0,6,F1,75,,,,,
2025-01-15,2025-01-15,FO,NSE,IDO,56892,,NIFTY,,2025-03-27,2025-03-27,25700.0,CE,NIFTY25MAR25700CE,0.0,0.0,0.0,79.8,76.75,79.8,23213.2,45.1,675,0,0,0.0,0,F1,75,,,,,
2025-01-15,2025-01-15,FO,NSE,IDO,55109,,NIFTY,,2025-01-23,2025-01-23,25700.0,CE,NIFTY2512325700CE,2.9,3.1,1.6,1.7,1.7,2.95,23213.2,1.7,274725,40125,19746,38063626425.0,4368,F1,75,,,,,
2025-01-15,2025-01-15,FO,NSE,IDO,56893,,NIFTY,,2025-03-27,2025-03-27,25700.0,PE,NIFTY25MAR25700PE,0.0,0.0,0.0,1748.15,0.0,1748.15,23213.2,2196.65,0,0,0,0.0,0,F1,75,,,,,
2025-01-15,2025-01-15,FO,NSE,IDO,45105,,NIFTY,,2025-02-06,2025-02-06,25700.0,CE,NIFTY2520625700CE,11.0,11.0,7.7,8.6,9.0,12.2,23213.2,8.6,13875,3525,164,316228072.5,101,F1,75,,,,,
2025-01-15,2025-01-15,FO,NSE,IDO,46504,,NIFTY,,2025-01-30,2025-01-30,25700.0,PE,NIFTY25JAN25700PE,2406.1,2435.0,2355.0,2410.85,2410.85,2460.0,23213.2,2410.85,31800,-50,14,9831426.25,7,F1,25,,,,,
2025-01-15,2025-01-15,FO,NSE,IDO,52878,,NIFTY,,2025-01-16,2025-01-16,25700.0,CE,NIFTY2511625700CE,0.9,0.9,0.3,0.4,0.3,0.95,23213.2,0.4,312225,-241950,47824,92182827858.75,11785,F1,75,,,,,
2025-01-15,2025-01-15,FO,NSE,IDO,55110,,NIFTY,,2025-01-23,2025-01-23,25700.0,PE,NIFTY2512325700PE,2439.95,2500.0,2419.85,2500.0,2500.0,1630.3,23213.2,2448.8,225,225,3,6334485.0,3,F1,75,,,,,
2025-01-15,2025-01-15,FO,NSE,IDO,51473,,NIFTY,,2025-03-27,2025-03-27,23600.0,CE,NIFTY25MAR23600CE,572.3,614.2,558.5,559.5,559.5,594.5,23213.2,518.4,8250,-3600,90,163191468.75,34,F1,75,,,,,
2025-01-15,2025-01-15,FO,NSE,IDO,57586,,NIFTY,,2025-02-27,2025-02-27,23600.0,PE,NIFTY25FEB23600PE,583.75,618.2,554.0,582.55,582.55,585.0,23213.2,582.55,160800,0,63,114277331.25,42,F1,75,,,,,
2025-01-15,2025-01-15,FO,NSE,IDO,52624,,NIFTY,,2025-01-16,2025-01-16,23600.0,PE,NIFTY2511623600PE,325.2,443.45,309.3,388.1,383.0,367.7,23213.2,388.1,1393350,-133125,27777,49945957710.0,16698,F1,75,,,,,
2025-01-15,2025-01-15,FO,NSE,IDO,46269,,NIFTY,,2025-01-30,2025-01-30,23600.0,CE,NIFTY25JAN23600CE,139.65,147.25,102.05,112.0,114.4,135.1,23213.2,112.0,1332400,141900,64369,38168449148.75,21750,F1,25,,,,,
2025-01-15,2025-01-15,FO,NSE,IDO,51474,,NIFTY,,2025-03-27,2025-03-27,23600.0,PE,NIFTY25MAR23600PE,648.0,648.0,610.0,647.0,647.0,626.0,23213.2,597.4,11625,225,31,56336156.25,29,F1,75,,,,,
2025-01-15,2025-01-15,FO,NSE,IDO,51221,,NIFTY,,2025-02-13,2025-02-13,23600.0,CE,NIFTY2521323600CE,0.0,0.0,0.0,368.4,368.4,368.4,23213.2,242.15,975,0,0,0.0,0,F1,75,,,,,
2025-01-15,2025-01-15,FO,NSE,IDO,44969,,NIFTY,,2025-02-06,2025-02-06,23600.0,PE,NIFTY2520623600PE,549.95,550.0,524.95,527.4,527.4,568.75,23213.2,478.35,11325,225,10,18100792.5,8,F1,75,,,,,
2025-01-15,2025-01-15,FO,NSE,IDO,46270,,NIFTY,,2025-01-30,2025-01-30,23600.0,PE,NIFTY25JAN23600PE,423.55,497.0,400.0,442.85,435.7,458.25,23213.2,442.85,989325,26450,15178,9127407978.75,5293,F1,25,,,,,
2025-01-15,2025-01-15,FO,NSE,IDO,55621,,NIFTY,,2025-02-27,2025-02-27,22550.0,CE,NIFTY25FEB22550CE,0.0,0.0,0.0,1948.6,0.0,1948.6,23213.2,972.0,0,0,0,0.0,0,F1,75,,,,,
2025-01-15,2025-01-15,FO,NSE,IDO,55631,,NIFTY,,2025-02-27,2025-02-27,22800.0,CE,NIFTY25FEB22800CE,864.0,905.0,830.65,853.7,847.4,870.25,23213.2,853.7,4800,2250,52,92319877.5,21,F1,75,,,,,
2025-01-15,2025-01-15,FO,NSE,IDO,54754,,NIFTY,,2025-01-23,2025-01-23,22550.0,CE,NIFTY2512322550CE,0.0,0.0,0.0,705.0,705.0,705.0,23213.2,709.7,300,0,0,0.0,0,F1,75,,,,,
2025-01-15,2025-01-15,FO,NSE,IDO,44877,,NIFTY,,2025-02-06,2025-02-06,22550.0,PE,NIFTY2520622550PE,0.0,0.0,0.0,30.75,0.0,30.75,23213.2,64.95,0,0,0,0.0,0,F1,75,,,,,
2025-01-15,2025-01-15,FO,NSE,IDO,43246,,NIFTY,,2025-01-30,2025-01-30,22550.0,PE,NIFTY25JAN22550PE,62.1,76.1,53.25,61.5,60.8,69.45,23213.2,61.5,148000,53350,9564,5406263012.5,3186,F1,25,,,,,
2025-01-15,2025-01-15,FO,NSE,IDO,54768,,NIFTY,,2025-01-23,2025-01-23,22800.0,CE,NIFTY2512322800CE,530.0,545.6,441.0,483.1,488.0,507.35,23213.2,483.1,44625,14700,1115,1947005276.25,712,F1,75,,,,,
2025-01-15,2025-01-15,FO,NSE,IDO,51177,,NIFTY,,2025-02-13,2025-02-13,22800.0,CE,NIFTY2521322800CE,0.0,0.0,0.0,1036.3,0.0,1036.3,23213.2,681.8,0,0,0,0.0,0,F1,75,,,,,
2025-01-15,2025-01-15,FO,NSE,IDO,52485,,NIFTY,,2025-01-16,2025-01-16,22550.0,CE,NIFTY2511622550CE,712.85,712.85,619.35,653.7,653.7,697.75,23213.2,667.35,65625,0,51,88811718.75,33,F1,75,,,,,
2025-01-15,2025-01-15,FO,NSE,IDO,47015,,NIFTY,,2025-03-27,2025-03-27,22550.0,PE,NIFTY25MAR22550PE,0.0,0.0,0.0,261.5,261.5,261.5,23213.2,194.55,3300,0,0,0.0,0,F1,75,,,,,
2025-01-15,2025-01-15,FO,NSE,IDO,44906,,NIFTY,,2025-02-06,2025-02-06,22800.0,CE,NIFTY2520622800CE,689.5,692.2,689.5,692.2,692.2,717.65,23213.2,623.25,1350,0,2,3523627.5,2,F1,75,,,,,
2025-01-15,2025-01-15,FO,NSE,IDO,51168,,NIFTY,,2025-02-13,2025-02-13,22550.0,PE,NIFTY2521322550PE,0.0,0.0,0.0,100.75,0.0,100.75,23213.2,88.75,0,0,0,0.0,0,F1,75,,,,,
2025-01-15,2025-01-15,FO,NSE,IDO,43245,,NIFTY,,2025-01-30,2025-01-30,22550.0,CE,NIFTY25JAN22550CE,840.0,840.0,771.1,771.1,771.1,788.05,23213.2,764.8,3550,50,2,1167777.5,2,F1,25,,,,,
2025-01-15,2025-01-15,FO,NSE,IDO,52486,,NIFTY,,2025-01-16,2025-01-16,22550.0,PE,NIFTY2511622550PE,5.95,5.95,1.55,2.35,1.55,6.6,23213.2,2.35,1660500,-151800,610699,1032999733983.75,124644,F1,75,,,,,
2025-01-15,2025-01-15,FO,NSE,IDO,47014,,NIFTY,,2025-03-27,2025-03-27,22550.0,CE,NIFTY25MAR22550CE,0.0,0.0,0.0,1808.05,0.0,1808.05,23213.2,1151.9,0,0,0,0.0,0,F1,75,,,,,
2025-01-15,2025-01-15,FO,NSE,IDO,52507,,NIFTY,,2025-01-16,2025-01-16,22800.0,PE,NIFTY2511622800PE,8.0,13.65,5.4,6.05,5.65,11.45,23213.2,6.05,5577675,1632825,1439561,2462514497775.0,323158,F1,75,,,,,
2025-01-15,2025-01-15,FO,NSE,IDO,43386,,NIFTY,,2025-06-26,2025-06-26,14000.0,PE,NIFTY25JUN14000PE,0.0,0.0,0.0,0.25,0.25,0.25,23213.2,0.05,2925,0,0,0.0,0,F1,75,,,,,
2025-01-15,2025-01-15,FO,NSE,IDO,50444,,NIFTY,,2026-06-25,2026-06-25,14000.0,PE,NIFTY26JUN14000PE,0.0,0.0,0.0,20.0,20.0,20.0,23213.2,0.1,925,0,0,0.0,0,F1,75,,,,,
2025-01-15,2025-01-15,FO,NSE,IDO,44959,,NIFTY,,2025-02-06,2025-02-06,23450.0,CE,NIFTY2520623450CE,325.6,335.05,296.9,296.9,296.9,317.5,23213.2,244.85,2475,1650,68,121173570.0,32,F1,75,,,,,
2025-01-15,2025-01-15,FO,NSE,IDO,44841,,NIFTY,,2025-02-06,2025-02-06,21950.0,CE,NIFTY2520621950CE,0.0,0.0,0.0,2399.1,0.0,2399.1,23213.2,1363.2,0,0,0,0.0,0,F1,75,,,,,
2025-01-15,2025-01-15,FO,NSE,IDO,52416,,NIFTY,,2025-01-16,2025-01-16,21950.0,PE,NIFTY2511621950PE,1.65,1.65,0.3,0.5,0.45,2.1,23213.2,0.5,424275,-705225,85142,140171325851.25,20512,F1,75,,,,,
2025-01-15,2025-01-15,FO,NSE,IDO,55614,,NIFTY,,2025-02-27,2025-02-27,22350.0,PE,NIFTY25FEB22350PE,135.6,165.0,135.6,165.0,165.0,99.0,23213.2,91.55,3675,75,2,3375045.0,2,F1,75,,,,,
2025-01-15,2025-01-15,FO,NSE,IDO,46989,,NIFTY,,2025-03-27,2025-03-27,22350.0,PE,NIFTY25MAR22350PE,0.0,0.0,0.0,232.85,232.85,232.85,23213.2,149.5,3000,0,0,0.0,0,F1,75,,,,,
2025-01-15,2025-01-15,FO,NSE,IDO,44858,,NIFTY,,2025-02-06,2025-02-06,22350.0,CE,NIFTY2520622350CE,0.0,0.0,0.0,2014.15,0.0,2014.15,23213.2,991.95,0,0,0,0.0,0,F1,75,,,,,
2025-01-15,2025-01-15,FO,NSE,IDO,44859,,NIFTY,,2025-02-06,2025-02-06,22350.0,PE,NIFTY2520622350PE,0.0,0.0,0.0,20.0,0.0,20.0,23213.2,38.0,0,0,0,0.0,0,F1,75,,,,,
2025-01-15,2025-01-15,FO,NSE,IDO,43213,,NIFTY,,2025-01-30,2025-01-30,21950.0,CE,NIFTY25JAN21950CE,0.0,0.0,0.0,2652.1,2652.15,2652.1,23213.2,1327.75,150,0,0,0.0,0,F1,25,,,,,
2025-01-15,2025-01-15,FO,NSE,IDO,51132,,NIFTY,,2025-02-13,2025-02-13,21950.0,PE,NIFTY2521321950PE,0.0,0.0,0.0,32.65,0.0,32.65,23213.2,20.2,0,0,0,0.0,0,F1,75,,,,,
2025-01-15,2025-01-15,FO,NSE,IDO,54692,,NIFTY,,2025-01-23,2025-01-23,21950.0,CE,NIFTY2512321950CE,0.0,0.0,0.0,2168.35,0.0,2168.35,23213.2,1295.95,0,0,0,0.0,0,F1,75,,,,,
2025-01-15,2025-01-15,FO,NSE,IDO,52411,,NIFTY,,2025-01-16,2025-01-16,21950.0,CE,NIFTY2511621950CE,0.0,0.0,0.0,2755.15,0.0,2755.15,23213.2,1267.25,0,0,0,0.0,0,F1,75,,,,,
2025-01-15,2025-01-15,FO,NSE,IDO,46942,,NIFTY,,2025-03-27,2025-03-27,21950.0,CE,NIFTY25MAR21950CE,0.0,0.0,0.0,2301.2,0.0,2301.2,23213.2,1633.05,0,0,0,0.0,0,F1,75,,,,,
2025-01-15,2025-01-15,FO,NSE,IDO,55598,,NIFTY,,2025-02-27,2025-02-27,21950.0,PE,NIFTY25FEB21950PE,0.0,0.0,0.0,132.7,132.0,132.7,23213.2,41.35,15075,0,0,0.0,0,F1,75,,,,,
2025-01-15,2025-01-15,FO,NSE,IDO,43237,,NIFTY,,2025-01-30,2025-01-30,22350.0,CE,NIFTY25JAN22350CE,0.0,0.0,0.0,2275.6,2274.7,2275.6,23213.2,944.65,100,0,0,0.0,0,F1,25,,,,,
2025-01-15,2025-01-15,FO,NSE,IDO,54715,,NIFTY,,2025-01-23,2025-01-23,22350.0,CE,NIFTY2512322350CE,0.0,0.0,0.0,1790.4,0.0,1790.4,23213.2,900.65,0,0,0,0.0,0,F1,75,,,,,
2025-01-15,2025-01-15,FO,NSE,IDO,55613,,NIFTY,,2025-02-27,2025-02-27,22350.0,CE,NIFTY25FEB22350CE,0.0,0.0,0.0,2111.35,0.0,2111.35,23213.2,1131.8,0,0,0,0.0,0,F1,75,,,,,
2025-01-15,2025-01-15,FO,NSE,IDO,52474,,NIFTY,,2025-01-16,2025-01-16,22350.0,PE,NIFTY2511622350PE,2.8,3.45,0.6,1.1,0.85,4.65,23213.2,1.1,992250,-1363500,516722,866232933135.0,98647,F1,75,,,,,
2025-01-15,2025-01-15,FO,NSE,IDO,51131,,NIFTY,,2025-02-13,2025-02-13,21950.0,CE,NIFTY2521321950CE,0.0,0.0,0.0,1762.7,0.0,1762.7,23213.2,1400.8,0,0,0,0.0,0,F1,75,,,,,
2025-01-15,2025-01-15,FO,NSE,IDO,55597,,NIFTY,,2025-02-27,2025-02-27,21950.0,CE,NIFTY25FEB21950CE,0.0,0.0,0.0,2451.75,0.0,2451.75,23213.2,1478.45,0,0,0,0.0,0,F1,75,,,,,
2025-01-15,2025-01-15,FO,NSE,IDO,46988,,NIFTY,,2025-03-27,2025-03-27,22350.0,CE,NIFTY25MAR22350CE,0.0,0.0,0.0,1967.0,0.0,1967.0,23213.2,1304.25,0,0,0,0.0,0,F1,75,,,,,
2025-01-15,2025-01-15,FO,NSE,IDO,52470,,NIFTY,,2025-01-16,2025-01-16,22350.0,CE,NIFTY2511622350CE,0.0,0.0,0.0,2364.3,0.0,2364.3,23213.2,867.35,0,0,0,0.0,0,F1,75,,,,,
2025-01-15,2025-01-15,FO,NSE,IDO,54693,,NIFTY,,2025-01-23,2025-01-23,21950.0,PE,NIFTY2512321950PE,8.7,8.7,3.65,6.6,6.15,9.25,23213.2,6.6,204075,128550,12728,20960063520.0,7351,F1,75,,,,,
2025-01-15,2025-01-15,FO,NSE,IDO,51152,,NIFTY,,2025-02-13,2025-02-13,22350.0,PE,NIFTY2521322350PE,0.0,0.0,0.0,71.1,0.0,71.1,23213.2,56.7,0,0,0,0.0,0,F1,75,,,,,
2025-01-15,2025-01-15,FO,NSE,IDO,51151,,NIFTY,,2025-02-13,2025-02-13,22350.0,CE,NIFTY2521322350CE,0.0,0.0,0.0,1403.95,0.0,1403.95,23213.2,1039.45,0,0,0,0.0,0,F1,75,,,,,
2025-01-15,2025-01-15,FO,NSE,IDO,44842,,NIFTY,,2025-02-06,2025-02-06,21950.0,PE,NIFTY2520621950PE,0.0,0.0,0.0,38.45,38.45,38.45,23213.2,10.85,1125,0,0,0.0,0,F1,75,,,,,
2025-01-15,2025-01-15,FO,NSE,IDO,43238,,NIFTY,,2025-01-30,2025-01-30,22350.0,PE,NIFTY25JAN22350PE,42.1,48.4,34.9,39.85,39.05,45.45,23213.2,39.85,74300,5500,4164,2330957110.0,1288,F1,25,,,,,
2025-01-15,2025-01-15,FO,NSE,IDO,46943,,NIFTY,,2025-03-27,2025-03-27,21950.0,PE,NIFTY25MAR21950PE,0.0,0.0,0.0,110.9,110.9,110.9,23213.2,83.55,3150,0,0,0.0,0,F1,75,,,,,
2025-01-15,2025-01-15,FO,NSE,IDO,43214,,NIFTY,,2025-01-30,2025-01-30,21950.0,PE,NIFTY25JAN21950PE,18.9,22.15,16.45,18.35,17.9,20.6,23213.2,18.35,61375,3600,4192,2302426837.5,914,F1,25,,,,,
2025-01-15,2025-01-15,FO,NSE,IDO,52909,,NIFTY,,2025-01-16,2025-01-16,26400.0,PE,NIFTY2511626400PE,0.0,0.0,0.0,1724.85,0.0,1724.85,23213.2,3181.9,0,0,0,0.0,0,F1,75,,,,,
2025-01-15,2025-01-15,FO,NSE,IDO,57709,,NIFTY,,2025-02-27,2025-02-27,26400.0,PE,NIFTY25FEB26400PE,0.0,0.0,0.0,2417.9,2417.9,2417.9,23213.2,2979.5,1350,0,0,0.0,0,F1,75,,,,,
2025-01-15,2025-01-15,FO,NSE,IDO,46590,,NIFTY,,2025-01-30,2025-01-30,26150.0,CE,NIFTY25JAN26150CE,4.2,4.75,3.2,3.2,3.2,4.2,23213.2,3.2,21125,425,113,73884867.5,23,F1,25,,,,,
2025-01-15,2025-01-15,FO,NSE,IDO,36688,,NIFTY,,2025-12-24,2025-12-24,19500.0,CE,NIFTY25DEC19500CE,0.0,0.0,0.0,5350.0,5350.0,5350.0,23213.2,4950.35,1600,0,0,0.0,0,F1,75,,,,,
2025-01-15,2025-01-15,FO,NSE,IDO,57689,,NIFTY,,2025-02-27,2025-02-27,26150.0,CE,NIFTY25FEB26150CE,0.0,0.0,0.0,34.5,34.5,34.5,23213.2,3.3,2850,0,0,0.0,0,F1,75,,,,,
2025-01-15,2025-01-15,FO,NSE,IDO,52898,,NIFTY,,2025-01-16,2025-01-16,26150.0,CE,NIFTY2511626150CE,0.8,0.85,0.25,0.4,0.25,0.95,23213.2,0.4,87300,-14175,6908,13548637432.5,2722,F1,75,,,,,
2025-01-15,2025-01-15,FO,NSE,IDO,46591,,NIFTY,,2025-01-30,2025-01-30,26150.0,PE,NIFTY25JAN26150PE,0.0,0.0,0.0,1554.05,1554.5,1554.05,23213.2,2864.35,50,0,0,0.0,0,F1,25,,,,,
2025-01-15,2025-01-15,FO,NSE,IDO,55615,,NIFTY,,2025-02-27,2025-02-27,22400.0,CE,NIFTY25FEB22400CE,0.0,0.0,0.0,2070.15,0.0,2070.15,23213.2,1090.9,0,0,0,0.0,0,F1,75,,,,,
2025-01-15,2025-01-15,FO,NSE,IDO,51159,,NIFTY,,2025-02-13,2025-02-13,22400.0,CE,NIFTY2521322400CE,0.0,0.0,0.0,1360.95,0.0,1360.95,23213.2,996.7,0,0,0,0.0,0,F1,75,,,,,
2025-01-15,2025-01-15,FO,NSE,IDO,55616,,NIFTY,,2025-02-27,2025-02-27,22400.0,PE,NIFTY25FEB22400PE,166.05,180.1,157.5,166.2,164.95,170.85,23213.2,166.2,257025,7425,506,856462065.0,284,F1,75,,,,,
2025-01-15,2025-01-15,FO,NSE,IDO,51308,,NIFTY,,2025-02-13,2025-02-13,25150.0,CE,NIFTY2521325150CE,0.0,0.0,0.0,71.3,0.0,71.3,23213.2,9.0,0,0,0,0.0,0,F1,75,,,,,
2025-01-15,2025-01-15,FO,NSE,IDO,45067,,NIFTY,,2025-02-06,2025-02-06,25150.0,PE,NIFTY2520625150PE,0.0,0.0,0.0,980.65,0.0,980.65,23213.2,1837.85,0,0,0,0.0,0,F1,75,,,,,
2025-01-15,2025-01-15,FO,NSE,IDO,57649,,NIFTY,,2025-02-27,2025-02-27,25150.0,CE,NIFTY25FEB25150CE,0.0,0.0,0.0,44.2,44.2,44.2,23213.2,29.75,2925,0,0,0.0,0,F1,75,,,,,
2025-01-15,2025-01-15,FO,NSE,IDO,53603,,NIFTY,,2027-12-30,2027-12-30,18000.0,CE,NIFTY27DEC18000CE,0.0,0.0,0.0,6285.7,0.0,6285.7,23213.2,8512.3,0,0,0,0.0,0,F1,75,,,,,
2025-01-15,2025-01-15,FO,NSE,IDO,51259,,NIFTY,,2025-02-13,2025-02-13,24150.0,CE,NIFTY2521324150CE,0.0,0.0,0.0,284.9,0.0,284.9,23213.2,92.5,0,0,0,0.0,0,F1,75,,,,,
2025-01-15,2025-01-15,FO,NSE,IDO,55011,,NIFTY,,2025-01-23,2025-01-23,24150.0,CE,NIFTY2512324150CE,12.05,12.15,5.7,5.9,6.0,10.65,23213.2,5.9,163125,50175,12125,21968193405.0,6070,F1,75,,,,,
2025-01-15,2025-01-15,FO,NSE,IDO,45009,,NIFTY,,2025-02-06,2025-02-06,24150.0,PE,NIFTY2520624150PE,0.0,0.0,0.0,383.1,0.0,383.1,23213.2,897.15,0,0,0,0.0,0,F1,75,,,,,
2025-01-15,2025-01-15,FO,NSE,IDO,45008,,NIFTY,,2025-02-06,2025-02-06,24150.0,CE,NIFTY2520624150CE,83.7,83.7,83.5,83.5,83.5,112.0,23213.2,58.4,1725,150,2,3635040.0,2,F1,75,,,,,
2025-01-15,2025-01-15,FO,NSE,IDO,44931,,NIFTY,,2025-02-06,2025-02-06,23150.0,PE,NIFTY2520623150PE,310.0,317.75,300.0,300.0,300.0,359.25,23213.2,300.0,300,150,4,7037081.25,4,F1,75,,,,,
2025-01-15,2025-01-15,FO,NSE,IDO,57682,,NIFTY,,2025-02-27,2025-02-27,25950.0,PE,NIFTY25FEB25950PE,0.0,0.0,0.0,1299.45,1299.45,1299.45,23213.2,2536.6,75,0,0,0.0,0,F1,75,,,,,
2025-01-15,2025-01-15,FO,NSE,IDO,46563,,NIFTY,,2025-01-30,2025-01-30,25950.0,PE,NIFTY25JAN25950PE,0.0,0.0,0.0,1730.0,1730.0,1730.0,23213.2,2664.9,600,0,0,0.0,0,F1,25,,,,,
2025-01-15,2025-01-15,FO,NSE,IDO,55132,,NIFTY,,2025-01-23,2025-01-23,25950.0,PE,NIFTY2512325950PE,2689.6,2689.6,2689.6,2689.6,2689.6,2717.0,23213.2,2689.6,1725,525,7,15035790.0,1,F1,75,,,,,
2025-01-15,2025-01-15,FO,NSE,IDO,57582,,NIFTY,,2025-02-27,2025-02-27,23500.0,PE,NIFTY25FEB23500PE,514.95,565.3,497.95,529.1,523.45,536.65,23213.2,529.1,1049925,-1125,2942,5302297391.25,1887,F1,75,,,,,
2025-01-15,2025-01-15,FO,NSE,IDO,56739,,NIFTY,,2025-02-27,2025-02-27,23500.0,CE,NIFTY25FEB23500CE,470.0,479.8,412.15,432.85,436.05,449.05,23213.2,432.85,760950,31425,4463,8013355215.0,2859,F1,75,,,,,
2025-01-15,2025-01-15,FO,NSE,IDO,54982,,NIFTY,,2025-01-23,2025-01-23,23500.0,PE,NIFTY2512323500PE,336.45,391.95,300.0,341.35,337.1,351.95,23213.2,341.35,663900,71400,17616,31503079432.5,12175,F1,75,,,,,
2025-01-15,2025-01-15,FO,NSE,IDO,51218,,NIFTY,,2025-02-13,2025-02-13,23500.0,PE,NIFTY2521323500PE,526.7,527.0,465.95,475.15,475.15,500.0,23213.2,442.95,675,300,6,10803660.0,4,F1,75,,,,,
2025-01-15,2025-01-15,FO,NSE,IDO,51164,,NIFTY,,2025-02-13,2025-02-13,22500.0,PE,NIFTY2521322500PE,147.45,157.0,131.65,145.15,147.0,149.65,23213.2,145.15,9150,1875,40,67933893.75,36,F1,75,,,,,
2025-01-15,2025-01-15,FO,NSE,IDO,57608,,NIFTY,,2025-02-27,2025-02-27,24150.0,PE,NIFTY25FEB24150PE,0.0,0.0,0.0,953.75,953.75,953.75,23213.2,909.35,4200,0,0,0.0,0,F1,75,,,,,
2025-01-15,2025-01-15,FO,NSE,IDO,52710,,NIFTY,,2025-01-16,2025-01-16,24150.0,PE,NIFTY2511624150PE,906.0,979.6,862.45,938.65,938.65,909.0,23213.2,938.65,18525,-3150,93,175022295.0,71,F1,75,,,,,
2025-01-15,2025-01-15,FO,NSE,IDO,52862,,NIFTY,,2025-01-16,2025-01-16,25300.0,CE,NIFTY2511625300CE,0.95,1.05,0.3,0.4,0.5,1.1,23213.2,0.4,731775,-609225,56539,107285038447.5,13553,F1,75,,,,,
2025-01-15,2025-01-15,FO,NSE,IDO,46461,,NIFTY,,2025-01-30,2025-01-30,25300.0,CE,NIFTY25JAN25300CE,7.5,7.5,5.35,5.6,5.6,7.4,23213.2,5.6,566950,-25450,19337,12233586886.25,4900,F1,25,,,,,
2025-01-15,2025-01-15,FO,NSE,IDO,45079,,NIFTY,,2025-02-06,2025-02-06,25300.0,CE,NIFTY2520625300CE,15.0,16.1,13.2,14.75,14.75,14.8,23213.2,1.85,6600,300,55,104422526.25,44,F1,75,,,,,
2025-01-15,2025-01-15,FO,NSE,IDO,46462,,NIFTY,,2025-01-30,2025-01-30,25300.0,PE,NIFTY25JAN25300PE,2002.0,2002.0,2002.0,2002.0,2002.0,2032.0,23213.2,2016.95,25600,-25,2,1365100.0,2,F1,25,,,,,
2025-01-15,2025-01-15,FO,NSE,IDO,52856,,NIFTY,,2025-01-16,2025-01-16,25150.0,CE,NIFTY2511625150CE,0.95,1.1,0.3,0.35,0.3,1.05,23213.2,0.35,657150,-106950,47011,88676241648.75,7892,F1,75,,,,,
2025-01-15,2025-01-15,FO,NSE,IDO,45066,,NIFTY,,2025-02-06,2025-02-06,25150.0,CE,NIFTY2520625150CE,17.0,17.0,14.9,15.75,15.75,16.0,23213.2,3.15,2700,-375,45,84935718.75,12,F1,75,,,,,
2025-01-15,2025-01-15,FO,NSE,IDO,54717,,NIFTY,,2025-01-23,2025-01-23,22400.0,CE,NIFTY2512322400CE,854.45,906.05,795.3,795.65,795.65,843.6,23213.2,852.2,2775,1725,38,66263955.0,28,F1,75,,,,,
2025-01-15,2025-01-15,FO,NSE,IDO,55080,,NIFTY,,2025-01-23,2025-01-23,25150.0,PE,NIFTY2512325150PE,0.0,0.0,0.0,1162.45,0.0,1162.45,23213.2,1899.65,0,0,0,0.0,0,F1,75,,,,,
2025-01-15,2025-01-15,FO,NSE,IDO,55079,,NIFTY,,2025-01-23,2025-01-23,25150.0,CE,NIFTY2512325150CE,3.4,3.4,1.75,1.95,1.85,3.15,23213.2,1.95,19500,5850,4760,8979428490.0,1911,F1,75,,,,,
2025-01-15,2025-01-15,FO,NSE,IDO,43239,,NIFTY,,2025-01-30,2025-01-30,22400.0,CE,NIFTY25JAN22400CE,908.0,908.0,888.7,906.95,906.95,917.15,23213.2,906.95,5600,-650,40,23305053.75,11,F1,25,,,,,
2025-01-15,2025-01-15,FO,NSE,IDO,52900,,NIFTY,,2025-01-16,2025-01-16,26200.0,CE,NIFTY2511626200CE,0.8,0.9,0.35,0.45,0.35,0.95,23213.2,0.45,1148700,54600,17390,34172118011.25,3299,F1,75,,,,,
2025-01-15,2025-01-15,FO,NSE,IDO,52901,,NIFTY,,2025-01-16,2025-01-16,26200.0,PE,NIFTY2511626200PE,0.0,0.0,0.0,1547.05,0.0,1547.05,23213.2,2981.95,0,0,0,0.0,0,F1,75,,,,,
2025-01-15,2025-01-15,FO,NSE,IDO,46602,,NIFTY,,2025-01-30,2025-01-30,26200.0,PE,NIFTY25JAN26200PE,2900.0,2947.75,2900.0,2947.75,2947.75,2850.0,23213.2,2914.25,54500,150,8,5822950.0,6,F1,25,,,,,
2025-01-15,2025-01-15,FO,NSE,IDO,57698,,NIFTY,,2025-02-27,2025-02-27,26200.0,PE,NIFTY25FEB26200PE,0.0,0.0,0.0,2780.0,2780.0,2780.0,23213.2,2782.2,1200,0,0,0.0,0,F1,75,,,,,
2025-01-15,2025-01-15,FO,NSE,IDO,46600,,NIFTY,,2025-01-30,2025-01-30,26200.0,CE,NIFTY25JAN26200CE,4.3,4.3,3.2,3.4,3.2,4.4,23213.2,3.4,266250,5150,2004,1312800465.0,391,F1,25,,,,,
2025-01-15,2025-01-15,FO,NSE,IDO,57691,,NIFTY,,2025-02-27,2025-02-27,26200.0,CE,NIFTY25FEB26200CE,18.25,18.25,16.0,16.0,16.0,18.3,23213.2,2.95,24975,-450,60,117973676.25,26,F1,75,,,,,
2025-01-15,2025-01-15,FO,NSE,IDO,86168,,NIFTY,,2028-06-29,2028-06-29,29000.0,PE,NIFTY28JUN29000PE,0.0,0.0,0.0,3595.9,0.0,3595.9,23213.2,2204.6,0,0,0,0.0,0,F1,75,,,,,
2025-01-15,2025-01-15,FO,NSE,IDO,64702,,NIFTY,,2025-09-25,2025-09-25,29000.0,CE,NIFTY25SEP29000CE,0.0,0.0,0.0,1377.55,0.0,1377.55,23213.2,74.85,0,0,0,0.0,0,F1,75,,,,,
2025-01-15,2025-01-15,FO,NSE,IDO,38154,,NIFTY,,2026-06-25,2026-06-25,29000.0,CE,NIFTY26JUN29000CE,0.0,0.0,0.0,864.2,0.0,864.2,23213.2,513.9,0,0,0,0.0,0,F1,75,,,,,
2025-01-15,2025-01-15,FO,NSE,IDO,45865,,NIFTY,,2025-06-26,2025-06-26,17000.0,CE,NIFTY25JUN17000CE,6850.0,6850.0,6850.0,6850.0,6850.0,6511.0,23213.2,6715.0,2850,0,1,1788750.0,1,F1,75,,,,,
2025-01-15,2025-01-15,FO,NSE,IDO,53979,,NIFTY,,2025-03-27,2025-03-27,23800.0,PE,NIFTY25MAR23800PE,708.0,755.0,708.0,728.3,728.3,744.75,23213.2,728.3,9825,-225,39,71793510.0,19,F1,75,,,,,
2025-01-15,2025-01-15,FO,NSE,IDO,45874,,NIFTY,,2025-12-24,2025-12-24,17000.0,PE,NIFTY25DEC17000PE,0.0,0.0,0.0,57.7,57.7,57.7,23213.2,1.7,3525,0,0,0.0,0,F1,75,,,,,
2025-01-15,2025-01-15,FO,NSE,IDO,57593,,NIFTY,,2025-02-27,2025-02-27,23800.0,CE,NIFTY25FEB23800CE,322.45,336.5,283.25,299.7,302.0,313.5,23213.2,299.7,151800,5400,884,1598028015.0,535,F1,75,,,,,
2025-01-15,2025-01-15,FO,NSE,IDO,55653,,NIFTY,,2025-02-27,2025-02-27,23350.0,CE,NIFTY25FEB23350CE,525.0,559.1,491.3,512.4,514.7,535.05,23213.2,512.4,18525,0,80,143181393.75,53,F1,75,,,,,
2025-01-15,2025-01-15,FO,NSE,IDO,46352,,NIFTY,,2025-01-30,2025-01-30,24050.0,CE,NIFTY25JAN24050CE,42.1,43.6,29.15,31.05,31.25,40.05,23213.2,31.05,128325,600,7552,4547182461.25,3238,F1,25,,,,,
2025-01-15,2025-01-15,FO,NSE,IDO,54713,,NIFTY,,2025-01-23,2025-01-23,22300.0,CE,NIFTY2512322300CE,907.2,1000.65,895.9,926.55,932.75,957.5,23213.2,926.55,3900,2925,66,115103988.75,47,F1,75,,,,,
2025-01-15,2025-01-15,FO,NSE,IDO,43242,,NIFTY,,2025-01-30,2025-01-30,22450.0,PE,NIFTY25JAN22450PE,50.3,61.0,42.65,49.0,48.1,55.6,23213.2,49.0,152625,18875,8391,4719847552.5,2649,F1,25,,,,,
2025-01-15,2025-01-15,FO,NSE,IDO,44856,,NIFTY,,2025-02-06,2025-02-06,22300.0,CE,NIFTY2520622300CE,0.0,0.0,0.0,2061.7,0.0,2061.7,23213.2,1036.7,0,0,0,0.0,0,F1,75,,,,,
2025-01-15,2025-01-15,FO,NSE,IDO,54714,,NIFTY,,2025-01-23,2025-01-23,22300.0,PE,NIFTY2512322300PE,17.8,19.45,12.45,14.1,13.85,18.5,23213.2,14.1,489675,322050,19131,32017785202.5,10932,F1,75,,,,,
2025-01-15,2025-01-15,FO,NSE,IDO,52482,,NIFTY,,2025-01-16,2025-01-16,22450.0,PE,NIFTY2511622450PE,3.75,4.2,1.0,1.55,1.0,5.65,23213.2,1.55,1194525,-4139700,878399,1479175103940.0,149900,F1,75,,,,,
2025-01-15,2025-01-15,FO,NSE,IDO,55618,,NIFTY,,2025-02-27,2025-02-27,22450.0,PE,NIFTY25FEB22450PE,0.0,0.0,0.0,90.35,90.35,90.35,23213.2,109.6,4800,0,0,0.0,0,F1,75,,,,,
2025-01-15,2025-01-15,FO,NSE,IDO,54751,,NIFTY,,2025-01-23,2025-01-23,22450.0,PE,NIFTY2512322450PE,23.0,29.4,18.4,21.0,20.6,26.7,23213.2,21.0,103350,16650,11227,18922172077.5,6174,F1,75,,,,,
2025-01-15,2025-01-15,FO,NSE,IDO,51150,,NIFTY,,2025-02-13,2025-02-13,22300.0,PE,NIFTY2521322300PE,0.0,0.0,0.0,64.9,0.0,64.9,23213.2,50.35,0,0,0,0.0,0,F1,75,,,,,
2025-01-15,2025-01-15,FO,NSE,IDO,52469,,NIFTY,,2025-01-16,2025-01-16,22300.0,PE,NIFTY2511622300PE,2.7,3.1,0.6,1.05,0.6,4.2,23213.2,1.05,3117825,-1465500,908327,1519289584466.25,157281,F1,75,,,,,
2025-01-15,2025-01-15,FO,NSE,IDO,52477,,NIFTY,,2025-01-16,2025-01-16,22450.0,CE,NIFTY2511622450CE,0.0,0.0,0.0,754.55,754.55,754.55,23213.2,767.35,900,0,0,0.0,0,F1,75,,,,,
2025-01-15,2025-01-15,FO,NSE,IDO,43235,,NIFTY,,2025-01-30,2025-01-30,22300.0,CE,NIFTY25JAN22300CE,1014.0,1069.5,958.95,992.25,1007.65,1015.0,23213.2,992.25,3175,1025,174,101333543.75,60,F1,25,,,,,
2025-01-15,2025-01-15,FO,NSE,IDO,51149,,NIFTY,,2025-02-13,2025-02-13,22300.0,CE,NIFTY2521322300CE,0.0,0.0,0.0,1447.4,0.0,1447.4,23213.2,1082.8,0,0,0,0.0,0,F1,75,,,,,
2025-01-15,2025-01-15,FO,NSE,IDO,44857,,NIFTY,,2025-02-06,2025-02-06,22300.0,PE,NIFTY2520622300PE,0.0,0.0,0.0,17.9,0.0,17.9,23213.2,32.95,0,0,0,0.0,0,F1,75,,,,,
2025-01-15,2025-01-15,FO,NSE,IDO,55657,,NIFTY,,2025-03-27,2025-03-27,24500.0,PE,NIFTY25MAR24500PE,1127.0,1199.5,1105.7,1153.65,1149.6,1151.25,23213.2,1153.65,96450,-600,204,392651508.75,130,F1,75,,,,,
2025-01-15,2025-01-15,FO,NSE,IDO,46373,,NIFTY,,2025-01-30,2025-01-30,24500.0,PE,NIFTY25JAN24500PE,1177.2,1300.0,1170.0,1236.8,1231.0,1241.25,23213.2,1236.8,941150,-225,1771,1139516121.25,479,F1,25,,,,,
2025-01-15,2025-01-15,FO,NSE,IDO,46958,,NIFTY,,2025-03-27,2025-03-27,22100.0,CE,NIFTY25MAR22100CE,0.0,0.0,0.0,2173.55,0.0,2173.55,23213.2,1506.35,0,0,0,0.0,0,F1,75,,,,,
2025-01-15,2025-01-15,FO,NSE,IDO,51280,,NIFTY,,2025-02-13,2025-02-13,24500.0,PE,NIFTY2521324500PE,0.0,0.0,0.0,986.4,0.0,986.4,23213.2,1200.4,0,0,0,0.0,0,F1,75,,,,,
2025-01-15,2025-01-15,FO,NSE,IDO,43220,,NIFTY,,2025-01-30,2025-01-30,22100.0,PE,NIFTY25JAN22100PE,25.7,29.45,21.7,24.35,23.95,27.5,23213.2,24.35,388525,26750,12066,6674027818.75,3618,F1,25,,,,,
2025-01-15,2025-01-15,FO,NSE,IDO,52432,,NIFTY,,2025-01-16,2025-01-16,22100.0,PE,NIFTY2511622100PE,2.2,2.25,0.35,0.55,0.35,3.0,23213.2,0.55,1258125,-4398750,606021,1004533214591.25,114813,F1,75,,,,,
2025-01-15,2025-01-15,FO,NSE,IDO,55656,,NIFTY,,2025-03-27,2025-03-27,24500.0,CE,NIFTY25MAR24500CE,242.9,250.0,214.35,225.0,224.95,237.95,23213.2,225.0,459375,16500,1965,3644687418.75,1004,F1,75,,,,,
2025-01-15,2025-01-15,FO,NSE,IDO,51141,,NIFTY,,2025-02-13,2025-02-13,22100.0,CE,NIFTY2521322100CE,0.0,0.0,0.0,1625.4,0.0,1625.4,23213.2,1261.8,0,0,0,0.0,0,F1,75,,,,,
2025-01-15,2025-01-15,FO,NSE,IDO,51142,,NIFTY,,2025-02-13,2025-02-13,22100.0,PE,NIFTY2521322100PE,0.0,0.0,0.0,44.3,0.0,44.3,23213.2,30.4,0,0,0,0.0,0,F1,75,,,,,
2025-01-15,2025-01-15,FO,NSE,IDO,57621,,NIFTY,,2025-02-27,2025-02-27,24500.0,CE,NIFTY25FEB24500CE,117.95,124.0,98.75,103.45,103.0,112.45,23213.2,103.45,1398075,41550,7226,13336851048.75,4261,F1,75,,,,,
2025-01-15,2025-01-15,FO,NSE,IDO,44849,,NIFTY,,2025-02-06,2025-02-06,22100.0,PE,NIFTY2520622100PE,0.0,0.0,0.0,11.2,0.0,11.2,23213.2,17.9,0,0,0,0.0,0,F1,75,,,,,
2025-01-15,2025-01-15,FO,NSE,IDO,55073,,NIFTY,,2025-01-23,2025-01-23,25100.0,CE,NIFTY2512325100CE,2.85,2.95,1.85,2.1,1.9,3.15,23213.2,2.1,269400,162975,19578,36859282005.0,4823,F1,75,,,,,
2025-01-15,2025-01-15,FO,NSE,IDO,46614,,NIFTY,,2025-01-30,2025-01-30,26300.0,PE,NIFTY25JAN26300PE,0.0,0.0,0.0,2754.3,2754.3,2754.3,23213.2,3013.95,12225,0,0,0.0,0,F1,25,,,,,
2025-01-15,2025-01-15,FO,NSE,IDO,57629,,NIFTY,,2025-02-27,2025-02-27,24700.0,CE,NIFTY25FEB24700CE,82.0,88.95,72.55,75.05,75.0,83.55,23213.2,75.05,87750,-825,931,1730230233.75,458,F1,75,,,,,
2025-01-15,2025-01-15,FO,NSE,IDO,56543,,NIFTY,,2025-03-27,2025-03-27,24700.0,PE,NIFTY25MAR24700PE,0.0,0.0,0.0,1296.6,1296.6,1296.6,23213.2,1331.75,75,0,0,0.0,0,F1,75,,,,,
2025-01-15,2025-01-15,FO,NSE,IDO,51288,,NIFTY,,2025-02-13,2025-02-13,24700.0,PE,NIFTY2521324700PE,0.0,0.0,0.0,1140.3,0.0,1140.3,23213.2,1382.95,0,0,0,0.0,0,F1,75,,,,,
2025-01-15,2025-01-15,FO,NSE,IDO,56542,,NIFTY,,2025-03-27,2025-03-27,24700.0,CE,NIFTY25MAR24700CE,183.8,197.0,169.2,176.45,176.85,188.5,23213.2,176.45,12300,-2850,197,367580036.25,71,F1,75,,,,,
2025-01-15,2025-01-15,FO,NSE,IDO,55655,,NIFTY,,2025-02-27,2025-02-27,23400.0,CE,NIFTY25FEB23400CE,502.0,531.0,463.45,484.6,488.95,500.4,23213.2,484.6,126525,12000,1348,2415617040.0,779,F1,75,,,,,
2025-01-15,2025-01-15,FO,NSE,IDO,44958,,NIFTY,,2025-02-06,2025-02-06,23400.0,PE,NIFTY2520623400PE,395.0,443.3,385.3,412.5,410.95,429.7,23213.2,412.5,10875,1650,112,200017751.25,46,F1,75,,,,,
2025-01-15,2025-01-15,FO,NSE,IDO,57662,,NIFTY,,2025-02-27,2025-02-27,25450.0,PE,NIFTY25FEB25450PE,0.0,0.0,0.0,1177.0,1177.0,1177.0,23213.2,2051.45,75,0,0,0.0,0,F1,75,,,,,
2025-01-15,2025-01-15,FO,NSE,IDO,37802,,NIFTY,,2026-06-25,2026-06-25,13000.0,PE,NIFTY26JUN13000PE,0.0,0.0,0.0,21.6,21.6,21.6,23213.2,0.05,200,0,0,0.0,0,F1,75,,,,,
2025-01-15,2025-01-15,FO,NSE,IDO,51237,,NIFTY,,2025-02-13,2025-02-13,23650.0,CE,NIFTY2521323650CE,0.0,0.0,0.0,494.6,0.0,494.6,23213.2,223.85,0,0,0,0.0,0,F1,75,,,,,
2025-01-15,2025-01-15,FO,NSE,IDO,54987,,NIFTY,,2025-01-23,2025-01-23,23650.0,CE,NIFTY2512323650CE,61.0,63.7,32.05,36.1,36.65,53.45,23213.2,36.1,314325,127650,23999,42643939113.75,14593,F1,75,,,,,
2025-01-15,2025-01-15,FO,NSE,IDO,44970,,NIFTY,,2025-02-06,2025-02-06,23650.0,CE,NIFTY2520623650CE,0.0,0.0,0.0,906.55,0.0,906.55,23213.2,170.6,0,0,0,0.0,0,F1,75,,,,,
2025-01-15,2025-01-15,FO,NSE,IDO,44971,,NIFTY,,2025-02-06,2025-02-06,23650.0,PE,NIFTY2520623650PE,0.0,0.0,0.0,203.4,0.0,203.4,23213.2,511.4,0,0,0,0.0,0,F1,75,,,,,
2025-01-15,2025-01-15,FO,NSE,IDO,54988,,NIFTY,,2025-01-23,2025-01-23,23650.0,PE,NIFTY2512323650PE,443.1,505.95,410.5,460.05,453.75,467.7,23213.2,460.05,32775,-2400,174,314548376.25,93,F1,75,,,,,
2025-01-15,2025-01-15,FO,NSE,IDO,51476,,NIFTY,,2025-03-27,2025-03-27,23650.0,PE,NIFTY25MAR23650PE,0.0,0.0,0.0,665.4,665.4,665.4,23213.2,624.1,2925,0,0,0.0,0,F1,75,,,,,
2025-01-15,2025-01-15,FO,NSE,IDO,51475,,NIFTY,,2025-03-27,2025-03-27,23650.0,CE,NIFTY25MAR23650CE,0.0,0.0,0.0,560.0,560.0,560.0,23213.2,495.8,750,0,0,0.0,0,F1,75,,,,,
2025-01-15,2025-01-15,FO,NSE,IDO,58631,,NIFTY,,2026-12-31,2026-12-31,13000.0,PE,NIFTY26DEC13000PE,0.0,0.0,0.0,20.05,20.05,20.05,23213.2,0.05,1950,0,0,0.0,0,F1,75,,,,,
2025-01-15,2025-01-15,FO,NSE,IDO,37797,,NIFTY,,2025-12-24,2025-12-24,13000.0,PE,NIFTY25DEC13000PE,0.0,0.0,0.0,10.05,10.05,10.05,23213.2,0.05,600,0,0,0.0,0,F1,75,,,,,
2025-01-15,2025-01-15,FO,NSE,IDO,46272,,NIFTY,,2025-01-30,2025-01-30,23650.0,PE,NIFTY25JAN23650PE,473.3,527.6,434.4,475.2,474.75,491.45,23213.2,475.2,111550,-725,315,190016942.5,172,F1,25,,,,,
2025-01-15,2025-01-15,FO,NSE,IDO,44798,,NIFTY,,2025-02-06,2025-02-06,21500.0,CE,NIFTY2520621500CE,0.0,0.0,0.0,2840.5,0.0,2840.5,23213.2,1802.45,0,0,0,0.0,0,F1,75,,,,,
2025-01-15,2025-01-15,FO,NSE,IDO,43183,,NIFTY,,2025-01-30,2025-01-30,21500.0,CE,NIFTY25JAN21500CE,1780.0,1790.0,1731.35,1768.65,1763.1,3126.0,23213.2,1768.65,550,550,22,12787713.75,12,F1,25,,,,,
2025-01-15,2025-01-15,FO,NSE,IDO,51092,,NIFTY,,2025-02-13,2025-02-13,21500.0,PE,NIFTY2521321500PE,0.0,0.0,0.0,11.85,0.0,11.85,23213.2,5.0,0,0,0,0.0,0,F1,75,,,,,
2025-01-15,2025-01-15,FO,NSE,IDO,52366,,NIFTY,,2025-01-16,2025-01-16,21500.0,PE,NIFTY2511621500PE,0.7,0.85,0.2,0.25,0.2,0.95,23213.2,0.25,1843200,-534525,242428,390924917655.0,30991,F1,75,,,,,
2025-01-15,2025-01-15,FO,NSE,IDO,64557,,NIFTY,,2025-03-27,2025-03-27,20000.0,PE,NIFTY25MAR20000PE,28.7,30.55,25.0,29.45,29.45,28.65,23213.2,29.45,716525,34950,2216,3328783350.0,774,F1,75,,,,,
2025-01-15,2025-01-15,FO,NSE,IDO,57589,,NIFTY,,2025-02-27,2025-02-27,23700.0,CE,NIFTY25FEB23700CE,362.95,380.4,322.55,339.8,345.0,351.25,23213.2,339.8,141525,15600,871,1570690275.0,420,F1,75,,,,,
2025-01-15,2025-01-15,FO,NSE,IDO,46880,,NIFTY,,2025-03-27,2025-03-27,21500.0,CE,NIFTY25MAR21500CE,2075.9,2075.9,2075.9,2075.9,2075.9,2075.9,23213.2,2033.1,1350,-75,1,1768192.5,1,F1,75,,,,,
2025-01-15,2025-01-15,FO,NSE,IDO,54676,,NIFTY,,2025-01-23,2025-01-23,21600.0,CE,NIFTY2512321600CE,0.0,0.0,0.0,2508.05,0.0,2508.05,23213.2,1645.15,0,0,0,0.0,0,F1,75,,,,,
2025-01-15,2025-01-15,FO,NSE,IDO,51095,,NIFTY,,2025-02-13,2025-02-13,21600.0,CE,NIFTY2521321600CE,0.0,0.0,0.0,2092.6,0.0,2092.6,23213.2,1735.7,0,0,0,0.0,0,F1,75,,,,,
2025-01-15,2025-01-15,FO,NSE,IDO,57686,,NIFTY,,2025-02-27,2025-02-27,26050.0,PE,NIFTY25FEB26050PE,0.0,0.0,0.0,1902.05,0.0,1902.05,23213.2,2634.7,0,0,0,0.0,0,F1,75,,,,,
2025-01-15,2025-01-15,FO,NSE,IDO,89624,,NIFTY,,2029-06-28,2029-06-28,21000.0,CE,NIFTY29JUN21000CE,0.0,0.0,0.0,9799.75,0.0,9799.75,23213.2,7865.0,0,0,0,0.0,0,F1,75,,,,,
2025-01-15,2025-01-15,FO,NSE,IDO,86146,,NIFTY,,2028-06-29,2028-06-29,21000.0,PE,NIFTY28JUN21000PE,0.0,0.0,0.0,907.2,0.0,907.2,23213.2,217.0,0,0,0,0.0,0,F1,75,,,,,
2025-01-15,2025-01-15,FO,NSE,IDO,64687,,NIFTY,,2025-09-25,2025-09-25,21000.0,PE,NIFTY25SEP21000PE,0.0,0.0,0.0,51.55,0.0,51.55,23213.2,112.0,0,0,0,0.0,0,F1,75,,,,,
2025-01-15,2025-01-15,FO,NSE,IDO,64560,,NIFTY,,2025-03-27,2025-03-27,21000.0,CE,NIFTY25MAR21000CE,2558.0,2611.0,2492.55,2530.0,2530.0,2558.0,23213.2,2502.2,331025,1800,28,49443776.25,22,F1,75,,,,,
2025-01-15,2025-01-15,FO,NSE,IDO,67773,,NIFTY,,2028-12-28,2028-12-28,19000.0,PE,NIFTY28DEC19000PE,0.0,0.0,0.0,158.0,0.0,158.0,23213.2,84.9,0,0,0,0.0,0,F1,75,,,,,
2025-01-15,2025-01-15,FO,NSE,IDO,53606,,NIFTY,,2027-12-30,2027-12-30,19000.0,PE,NIFTY27DEC19000PE,0.0,0.0,0.0,299.95,299.95,299.95,23213.2,79.45,525,0,0,0.0,0,F1,75,,,,,
2025-01-15,2025-01-15,FO,NSE,IDO,39987,,NIFTY,,2025-12-24,2025-12-24,19000.0,CE,NIFTY25DEC19000CE,5340.0,5340.0,5340.0,5340.0,5340.0,5310.0,23213.2,5403.85,6700,-75,1,1825500.0,1,F1,75,,,,,
2025-01-15,2025-01-15,FO,NSE,IDO,53605,,NIFTY,,2027-12-30,2027-12-30,19000.0,CE,NIFTY27DEC19000CE,0.0,0.0,0.0,5794.9,0.0,5794.9,23213.2,7729.6,0,0,0,0.0,0,F1,75,,,,,
2025-01-15,2025-01-15,FO,NSE,IDO,39986,,NIFTY,,2025-06-26,2025-06-26,19000.0,PE,NIFTY25JUN19000PE,43.95,53.9,43.25,48.45,48.2,46.25,23213.2,48.45,631475,1400,155,221457948.75,70,F1,75,,,,,
2025-01-15,2025-01-15,FO,NSE,IDO,86141,,NIFTY,,2028-06-29,2028-06-29,19000.0,CE,NIFTY28JUN19000CE,0.0,0.0,0.0,6252.25,0.0,6252.25,23213.2,8248.6,0,0,0,0.0,0,F1,75,,,,,
2025-01-15,2025-01-15,FO,NSE,IDO,71549,,NIFTY,,2027-06-24,2027-06-24,19000.0,CE,NIFTY27JUN19000CE,0.0,0.0,0.0,7800.0,7800.0,7800.0,23213.2,7168.6,75,0,0,0.0,0,F1,75,,,,,
2025-01-15,2025-01-15,FO,NSE,IDO,86142,,NIFTY,,2028-06-29,2028-06-29,19000.0,PE,NIFTY28JUN19000PE,0.0,0.0,0.0,537.45,0.0,537.45,23213.2,83.35,0,0,0,0.0,0,F1,75,,,,,
2025-01-15,2025-01-15,FO,NSE,IDO,64554,,NIFTY,,2025-03-27,2025-03-27,19000.0,CE,NIFTY25MAR19000CE,4450.0,4480.0,4420.0,4450.0,4450.0,4466.45,23213.2,4450.0,25950,600,8,14071950.0,8,F1,75,,,,,
2025-01-15,2025-01-15,FO,NSE,IDO,89615,,NIFTY,,2029-06-28,2029-06-28,19000.0,PE,NIFTY29JUN19000PE,0.0,0.0,0.0,170.3,0.0,170.3,23213.2,84.75,0,0,0,0.0,0,F1,75,,,,,
2025-01-15,2025-01-15,FO,NSE,IDO,64555,,NIFTY,,2025-03-27,2025-03-27,19000.0,PE,NIFTY25MAR19000PE,15.0,16.8,14.5,16.45,16.3,15.6,23213.2,16.45,104000,6825,309,440696606.25,183,F1,75,,,,,
2025-01-15,2025-01-15,FO,NSE,IDO,67772,,NIFTY,,2028-12-28,2028-12-28,19000.0,CE,NIFTY28DEC19000CE,0.0,0.0,0.0,8739.0,0.0,8739.0,23213.2,8748.25,0,0,0,0.0,0,F1,75,,,,,
2025-01-15,2025-01-15,FO,NSE,IDO,39990,,NIFTY,,2026-06-25,2026-06-25,19000.0,PE,NIFTY26JUN19000PE,0.0,0.0,0.0,160.05,160.05,160.05,23213.2,44.25,175,0,0,0.0,0,F1,75,,,,,
2025-01-15,2025-01-15,FO,NSE,IDO,71550,,NIFTY,,2027-06-24,2027-06-24,19000.0,PE,NIFTY27JUN19000PE,0.0,0.0,0.0,201.05,201.05,201.05,23213.2,72.0,525,0,0,0.0,0,F1,75,,,,,
2025-01-15,2025-01-15,FO,NSE,IDO,64683,,NIFTY,,2025-09-25,2025-09-25,19000.0,PE,NIFTY25SEP19000PE,0.0,0.0,0.0,8.9,0.0,8.9,23213.2,12.05,0,0,0,0.0,0,F1,75,,,,,
2025-01-15,2025-01-15,FO,NSE,IDO,39989,,NIFTY,,2026-06-25,2026-06-25,19000.0,CE,NIFTY26JUN19000CE,0.0,0.0,0.0,5792.0,5792.0,5792.0,23213.2,6018.6,100,0,0,0.0,0,F1,75,,,,,
2025-01-15,2025-01-15,FO,NSE,IDO,58643,,NIFTY,,2026-12-31,2026-12-31,19000.0,PE,NIFTY26DEC19000PE,0.0,0.0,0.0,203.0,203.0,203.0,23213.2,61.15,2325,0,0,0.0,0,F1,75,,,,,
2025-01-15,2025-01-15,FO,NSE,IDO,64682,,NIFTY,,2025-09-25,2025-09-25,19000.0,CE,NIFTY25SEP19000CE,0.0,0.0,0.0,8559.0,0.0,8559.0,23213.2,5093.7,0,0,0,0.0,0,F1,75,,,,,
2025-01-15,2025-01-15,FO,NSE,IDO,89614,,NIFTY,,2029-06-28,2029-06-28,19000.0,CE,NIFTY29JUN19000CE,0.0,0.0,0.0,11036.95,0.0,11036.95,23213.2,9229.65,0,0,0,0.0,0,F1,75,,,,,
2025-01-15,2025-01-15,FO,NSE,IDO,61402,,NIFTY,,2029-12-27,2029-12-27,19000.0,CE,NIFTY29DEC19000CE,0.0,0.0,0.0,10714.6,0.0,10714.6,23213.2,9693.85,0,0,0,0.0,0,F1,75,,,,,
2025-01-15,2025-01-15,FO,NSE,IDO,61403,,NIFTY,,2029-12-27,2029-12-27,19000.0,PE,NIFTY29DEC19000PE,0.0,0.0,0.0,142.25,0.0,142.25,23213.2,83.35,0,0,0,0.0,0,F1,75,,,,,
2025-01-15,2025-01-15,FO,NSE,IDO,52560,,NIFTY,,2025-01-16,2025-01-16,23250.0,PE,NIFTY2511623250PE,65.15,123.6,50.5,72.45,70.0,91.25,23213.2,72.45,3154725,421275,4358606,7625797029015.0,2382888,F1,75,,,,,
2025-01-15,2025-01-15,FO,NSE,IDO,55649,,NIFTY,,2025-02-27,2025-02-27,23250.0,CE,NIFTY25FEB23250CE,601.95,614.75,544.1,570.0,571.95,585.55,23213.2,570.0,25350,3825,183,327010665.0,150,F1,75,,,,,
2025-01-15,2025-01-15,FO,NSE,IDO,44934,,NIFTY,,2025-02-06,2025-02-06,23250.0,CE,NIFTY2520623250CE,427.4,458.15,381.15,402.5,409.65,427.4,23213.2,402.5,2925,600,108,191691322.5,64,F1,75,,,,,
2025-01-15,2025-01-15,FO,NSE,IDO,43248,,NIFTY,,2025-01-30,2025-01-30,22600.0,PE,NIFTY25JAN22600PE,63.0,84.15,58.9,67.7,66.9,76.35,23213.2,67.7,738450,40250,29501,16719875752.5,11302,F1,25,,,,,
2025-01-15,2025-01-15,FO,NSE,IDO,54934,,NIFTY,,2025-01-23,2025-01-23,23250.0,PE,NIFTY2512323250PE,187.3,235.45,167.35,190.35,187.95,205.7,23213.2,190.35,410550,120825,50896,89495098387.5,26063,F1,75,,,,,
2025-01-15,2025-01-15,FO,NSE,IDO,44235,,NIFTY,,2025-01-30,2025-01-30,23250.0,PE,NIFTY25JAN23250PE,245.0,290.9,221.45,248.6,245.2,263.85,23213.2,248.6,403100,19975,28730,16884841772.5,9400,F1,25,,,,,
2025-01-15,2025-01-15,FO,NSE,IDO,49834,,NIFTY,,2025-03-27,2025-03-27,23250.0,CE,NIFTY25MAR23250CE,780.0,792.1,758.95,792.1,792.1,793.0,23213.2,696.3,1500,75,5,9008711.25,5,F1,75,,,,,
2025-01-15,2025-01-15,FO,NSE,IDO,55624,,NIFTY,,2025-02-27,2025-02-27,22600.0,PE,NIFTY25FEB22600PE,207.5,226.95,197.5,207.75,207.75,215.15,23213.2,207.75,239250,2475,919,1572267502.5,319,F1,75,,,,,
2025-01-15,2025-01-15,FO,NSE,IDO,54857,,NIFTY,,2025-01-23,2025-01-23,23250.0,CE,NIFTY2512323250CE,223.25,223.25,147.6,167.05,170.6,196.9,23213.2,167.05,560550,272100,58804,103333201961.25,30294,F1,75,,,,,
2025-01-15,2025-01-15,FO,NSE,IDO,47021,,NIFTY,,2025-03-27,2025-03-27,22600.0,PE,NIFTY25MAR22600PE,271.5,278.0,265.0,278.0,278.0,271.5,23213.2,207.25,76725,75,4,6860966.25,4,F1,75,,,,,
2025-01-15,2025-01-15,FO,NSE,IDO,51169,,NIFTY,,2025-02-13,2025-02-13,22600.0,CE,NIFTY2521322600CE,0.0,0.0,0.0,1194.05,0.0,1194.05,23213.2,832.7,0,0,0,0.0,0,F1,75,,,,,
2025-01-15,2025-01-15,FO,NSE,IDO,55650,,NIFTY,,2025-02-27,2025-02-27,23250.0,PE,NIFTY25FEB23250PE,426.15,443.0,394.8,417.65,410.2,428.3,23213.2,417.65,16425,2475,120,213029595.0,84,F1,75,,,,,
2025-01-15,2025-01-15,FO,NSE,IDO,44898,,NIFTY,,2025-02-06,2025-02-06,22600.0,PE,NIFTY2520622600PE,147.5,147.5,129.55,144.9,144.9,142.35,23213.2,144.9,2400,750,35,59680635.0,28,F1,75,,,,,
2025-01-15,2025-01-15,FO,NSE,IDO,47017,,NIFTY,,2025-03-27,2025-03-27,22600.0,CE,NIFTY25MAR22600CE,0.0,0.0,0.0,1769.2,0.0,1769.2,23213.2,1115.25,0,0,0,0.0,0,F1,75,,,,,
2025-01-15,2025-01-15,FO,NSE,IDO,54757,,NIFTY,,2025-01-23,2025-01-23,22600.0,PE,NIFTY2512322600PE,30.0,44.85,27.8,31.9,31.2,40.15,23213.2,31.9,517200,194400,28604,48558593940.0,16614,F1,75,,,,,
2025-01-15,2025-01-15,FO,NSE,IDO,43247,,NIFTY,,2025-01-30,2025-01-30,22600.0,CE,NIFTY25JAN22600CE,744.35,794.3,686.85,732.7,739.0,751.3,23213.2,732.7,14075,875,501,291967802.5,122,F1,25,,,,,
2025-01-15,2025-01-15,FO,NSE,IDO,52559,,NIFTY,,2025-01-16,2025-01-16,23250.0,CE,NIFTY2511623250CE,88.75,100.0,25.9,37.25,38.5,78.5,23213.2,37.25,8190000,5015850,5355969,9361240730208.75,2576519,F1,75,,,,,
2025-01-15,2025-01-15,FO,NSE,IDO,54756,,NIFTY,,2025-01-23,2025-01-23,22600.0,CE,NIFTY2512322600CE,670.9,724.65,607.35,652.05,660.95,670.9,23213.2,652.05,9000,2325,131,228241702.5,110,F1,75,,,,,
2025-01-15,2025-01-15,FO,NSE,IDO,51304,,NIFTY,,2025-02-13,2025-02-13,25050.0,CE,NIFTY2521325050CE,0.0,0.0,0.0,83.35,0.0,83.35,23213.2,11.75,0,0,0,0.0,0,F1,75,,,,,
2025-01-15,2025-01-15,FO,NSE,IDO,55069,,NIFTY,,2025-01-23,2025-01-23,25050.0,CE,NIFTY2512325050CE,3.1,3.35,1.7,2.1,1.75,3.1,23213.2,2.1,37425,8325,6035,11339400652.5,1585,F1,75,,,,,
2025-01-15,2025-01-15,FO,NSE,IDO,47845,,NIFTY,,2025-01-30,2025-01-30,26500.0,CE,NIFTY25JAN26500CE,3.95,3.95,2.6,2.75,2.7,3.95,23213.2,2.75,1662375,30825,25688,17020330446.25,7527,F1,25,,,,,
2025-01-15,2025-01-15,FO,NSE,IDO,52913,,NIFTY,,2025-01-16,2025-01-16,26500.0,PE,NIFTY2511626500PE,3369.7,3369.7,3283.0,3288.0,3283.0,3383.0,23213.2,3288.0,13050,-150,3,6708427.5,3,F1,75,,,,,
2025-01-15,2025-01-15,FO,NSE,IDO,52758,,NIFTY,,2025-01-16,2025-01-16,24400.0,PE,NIFTY2511624400PE,1148.0,1229.6,1110.9,1188.2,1183.7,1162.8,23213.2,1188.2,66000,-20550,437,838399863.75,250,F1,75,,,,,
2025-01-15,2025-01-15,FO,NSE,IDO,48246,,NIFTY,,2025-03-27,2025-03-27,22950.0,PE,NIFTY25MAR22950PE,0.0,0.0,0.0,435.95,435.95,435.95,23213.2,313.25,1650,0,0,0.0,0,F1,75,,,,,
2025-01-15,2025-01-15,FO,NSE,IDO,51185,,NIFTY,,2025-02-13,2025-02-13,22950.0,PE,NIFTY2521322950PE,0.0,0.0,0.0,187.55,0.0,187.55,23213.2,192.6,0,0,0,0.0,0,F1,75,,,,,
2025-01-15,2025-01-15,FO,NSE,IDO,44903,,NIFTY,,2025-02-06,2025-02-06,22700.0,PE,NIFTY2520622700PE,168.35,176.0,145.3,160.3,156.9,158.65,23213.2,160.3,2925,375,32,54871072.5,26,F1,75,,,,,
2025-01-15,2025-01-15,FO,NSE,IDO,51173,,NIFTY,,2025-02-13,2025-02-13,22700.0,CE,NIFTY2521322700CE,0.0,0.0,0.0,1113.95,0.0,1113.95,23213.2,755.5,0,0,0,0.0,0,F1,75,,,,,
2025-01-15,2025-01-15,FO,NSE,IDO,43255,,NIFTY,,2025-01-30,2025-01-30,22700.0,CE,NIFTY25JAN22700CE,676.4,715.4,603.7,649.2,651.65,665.15,23213.2,649.2,12625,450,335,195610333.75,158,F1,25,,,,,
2025-01-15,2025-01-15,FO,NSE,IDO,55627,,NIFTY,,2025-02-27,2025-02-27,22700.0,CE,NIFTY25FEB22700CE,940.0,974.15,897.0,937.0,937.0,902.0,23213.2,937.0,1200,525,9,15946717.5,6,F1,75,,,,,
2025-01-15,2025-01-15,FO,NSE,IDO,52496,,NIFTY,,2025-01-16,2025-01-16,22700.0,CE,NIFTY2511622700CE,587.25,603.0,470.0,518.2,522.2,546.15,23213.2,518.2,39525,3075,1895,3301197401.25,1207,F1,75,,,,,
2025-01-15,2025-01-15,FO,NSE,IDO,51174,,NIFTY,,2025-02-13,2025-02-13,22700.0,PE,NIFTY2521322700PE,180.0,180.0,180.0,180.0,180.0,128.65,23213.2,120.9,75,75,1,1716000.0,1,F1,75,,,,,
2025-01-15,2025-01-15,FO,NSE,IDO,52500,,NIFTY,,2025-01-16,2025-01-16,22700.0,PE,NIFTY2511622700PE,6.5,8.85,3.6,4.15,3.6,8.6,23213.2,4.15,7980600,4564875,1027762,1750195530596.25,247800,F1,75,,,,,
2025-01-15,2025-01-15,FO,NSE,IDO,54763,,NIFTY,,2025-01-23,2025-01-23,22700.0,PE,NIFTY2512322700PE,43.45,59.0,36.75,42.05,40.95,52.0,23213.2,42.05,774300,395850,40364,68856571927.5,20885,F1,75,,,,,
2025-01-15,2025-01-15,FO,NSE,IDO,43181,,NIFTY,,2025-01-30,2025-01-30,21450.0,CE,NIFTY25JAN21450CE,0.0,0.0,0.0,3172.75,0.0,3172.75,23213.2,1822.9,0,0,0,0.0,0,F1,25,,,,,
2025-01-15,2025-01-15,FO,NSE,IDO,54671,,NIFTY,,2025-01-23,2025-01-23,21450.0,PE,NIFTY2512321450PE,2.95,3.15,1.9,2.15,2.1,3.8,23213.2,2.15,85125,85125,23549,37888625388.75,6214,F1,75,,,,,
2025-01-15,2025-01-15,FO,NSE,IDO,46879,,NIFTY,,2025-03-27,2025-03-27,21450.0,PE,NIFTY25MAR21450PE,0.0,0.0,0.0,101.9,101.9,101.9,23213.2,36.05,2850,0,0,0.0,0,F1,75,,,,,
2025-01-15,2025-01-15,FO,NSE,IDO,46878,,NIFTY,,2025-03-27,2025-03-27,21450.0,CE,NIFTY25MAR21450CE,0.0,0.0,0.0,2743.75,0.0,2743.75,23213.2,2079.05,0,0,0,0.0,0,F1,75,,,,,
2025-01-15,2025-01-15,FO,NSE,IDO,44796,,NIFTY,,2025-02-06,2025-02-06,21450.0,CE,NIFTY2520621450CE,0.0,0.0,0.0,2889.85,0.0,2889.85,23213.2,1851.85,0,0,0,0.0,0,F1,75,,,,,
2025-01-15,2025-01-15,FO,NSE,IDO,52362,,NIFTY,,2025-01-16,2025-01-16,21450.0,CE,NIFTY2511621450CE,0.0,0.0,0.0,3248.95,0.0,3248.95,23213.2,1767.15,0,0,0,0.0,0,F1,75,,,,,
2025-01-15,2025-01-15,FO,NSE,IDO,43264,,NIFTY,,2025-01-30,2025-01-30,22900.0,PE,NIFTY25JAN22900PE,135.0,154.0,110.95,128.0,124.8,138.5,23213.2,128.0,687625,5725,43959,25311468896.25,18678,F1,25,,,,,
2025-01-15,2025-01-15,FO,NSE,IDO,48243,,NIFTY,,2025-03-27,2025-03-27,22900.0,PE,NIFTY25MAR22900PE,352.65,379.95,338.95,354.95,355.55,360.4,23213.2,354.95,46275,300,18,31402747.5,18,F1,75,,,,,
2025-01-15,2025-01-15,FO,NSE,IDO,52515,,NIFTY,,2025-01-16,2025-01-16,22900.0,CE,NIFTY2511622900CE,380.8,408.15,273.8,323.0,325.95,352.45,23213.2,323.0,145200,-10350,27921,48641228340.0,16343,F1,75,,,,,
2025-01-15,2025-01-15,FO,NSE,IDO,43263,,NIFTY,,2025-01-30,2025-01-30,22900.0,CE,NIFTY25JAN22900CE,520.05,556.4,453.6,494.7,497.7,516.3,23213.2,494.7,45225,8325,7689,4498406558.75,2950,F1,25,,,,,
2025-01-15,2025-01-15,FO,NSE,IDO,44912,,NIFTY,,2025-02-06,2025-02-06,22900.0,CE,NIFTY2520622900CE,664.35,671.2,610.0,630.0,630.0,616.65,23213.2,630.0,1950,-75,7,12357333.75,6,F1,75,,,,,
2025-01-15,2025-01-15,FO,NSE,IDO,48217,,NIFTY,,2025-03-27,2025-03-27,22900.0,CE,NIFTY25MAR22900CE,1020.0,1020.0,960.0,960.0,960.0,1020.0,23213.2,908.1,675,300,8,14339947.5,8,F1,75,,,,,
2025-01-15,2025-01-15,FO,NSE,IDO,55635,,NIFTY,,2025-02-27,2025-02-27,22900.0,CE,NIFTY25FEB22900CE,775.0,810.0,756.7,785.55,785.55,806.15,23213.2,785.55,8850,1425,75,133133835.0,69,F1,75,,,,,
2025-01-15,2025-01-15,FO,NSE,IDO,51182,,NIFTY,,2025-02-13,2025-02-13,22900.0,CE,NIFTY2521322900CE,0.0,0.0,0.0,718.75,718.75,718.75,23213.2,611.95,1200,0,0,0.0,0,F1,75,,,,,
2025-01-15,2025-01-15,FO,NSE,IDO,54718,,NIFTY,,2025-01-23,2025-01-23,22400.0,PE,NIFTY2512322400PE,20.0,25.5,16.1,18.35,17.7,23.75,23213.2,18.35,332925,73275,23269,39126408532.5,13796,F1,75,,,,,
2025-01-15,2025-01-15,FO,NSE,IDO,44860,,NIFTY,,2025-02-06,2025-02-06,22400.0,CE,NIFTY2520622400CE,0.0,0.0,0.0,1966.8,0.0,1966.8,23213.2,947.85,0,0,0,0.0,0,F1,75,,,,,
2025-01-15,2025-01-15,FO,NSE,IDO,52857,,NIFTY,,2025-01-16,2025-01-16,25150.0,PE,NIFTY2511625150PE,0.0,0.0,0.0,738.5,0.0,738.5,23213.2,1932.15,0,0,0,0.0,0,F1,75,,,,,
2025-01-15,2025-01-15,FO,NSE,IDO,56870,,NIFTY,,2025-03-27,2025-03-27,25150.0,CE,NIFTY25MAR25150CE,0.0,0.0,0.0,400.85,0.0,400.85,23213.2,95.85,0,0,0,0.0,0,F1,75,,,,,
2025-01-15,2025-01-15,FO,NSE,IDO,57598,,NIFTY,,2025-02-27,2025-02-27,23900.0,PE,NIFTY25FEB23900PE,767.0,790.25,717.95,745.35,745.55,746.9,23213.2,745.35,57600,-600,63,116498081.25,52,F1,75,,,,,
2025-01-15,2025-01-15,FO,NSE,IDO,52678,,NIFTY,,2025-01-16,2025-01-16,23900.0,PE,NIFTY2511623900PE,650.05,733.9,605.8,687.95,685.0,657.7,23213.2,687.95,207525,-61875,1616,2979152096.25,771,F1,75,,,,,
2025-01-15,2025-01-15,FO,NSE,IDO,55000,,NIFTY,,2025-01-23,2025-01-23,23900.0,PE,NIFTY2512323900PE,670.0,740.55,617.3,688.25,678.55,667.55,23213.2,688.25,71175,22275,573,1056323793.75,393,F1,75,,,,,
2025-01-15,2025-01-15,FO,NSE,IDO,51248,,NIFTY,,2025-02-13,2025-02-13,23900.0,PE,NIFTY2521323900PE,0.0,0.0,0.0,586.0,0.0,586.0,23213.2,706.15,0,0,0,0.0,0,F1,75,,,,,
2025-01-15,2025-01-15,FO,NSE,IDO,54721,,NIFTY,,2025-03-27,2025-03-27,23900.0,CE,NIFTY25MAR23900CE,437.0,456.0,417.0,417.0,417.0,436.4,23213.2,417.0,25500,450,10,18250807.5,7,F1,75,,,,,
2025-01-15,2025-01-15,FO,NSE,IDO,44983,,NIFTY,,2025-02-06,2025-02-06,23900.0,PE,NIFTY2520623900PE,678.45,712.75,678.45,712.75,712.75,716.45,23213.2,692.75,750,300,6,11065016.25,4,F1,75,,,,,
2025-01-15,2025-01-15,FO,NSE,IDO,44982,,NIFTY,,2025-02-06,2025-02-06,23900.0,CE,NIFTY2520623900CE,152.25,164.75,127.25,135.05,136.1,150.65,23213.2,135.05,18750,225,185,333591907.5,130,F1,75,,,,,
2025-01-15,2025-01-15,FO,NSE,IDO,51247,,NIFTY,,2025-02-13,2025-02-13,23900.0,CE,NIFTY2521323900CE,0.0,0.0,0.0,379.7,0.0,379.7,23213.2,147.2,0,0,0,0.0,0,F1,75,,,,,
2025-01-15,2025-01-15,FO,NSE,IDO,54999,,NIFTY,,2025-01-23,2025-01-23,23900.0,CE,NIFTY2512323900CE,24.2,24.8,12.1,13.2,13.25,22.15,23213.2,13.2,559425,133875,40704,73011236396.25,20054,F1,75,,,,,
2025-01-15,2025-01-15,FO,NSE,IDO,46334,,NIFTY,,2025-01-30,2025-01-30,23900.0,CE,NIFTY25JAN23900CE,55.65,67.95,43.05,46.55,47.35,60.15,23213.2,46.55,1637950,38150,48903,29283326846.25,18152,F1,25,,,,,
2025-01-15,2025-01-15,FO,NSE,IDO,54722,,NIFTY,,2025-03-27,2025-03-27,23900.0,PE,NIFTY25MAR23900PE,745.0,806.65,745.0,789.15,789.15,796.5,23213.2,789.15,13275,1050,37,68490345.0,13,F1,75,,,,,
2025-01-15,2025-01-15,FO,NSE,IDO,52677,,NIFTY,,2025-01-16,2025-01-16,23900.0,CE,NIFTY2511623900CE,2.65,2.65,1.05,1.3,1.2,2.65,23213.2,1.3,5028075,591300,631601,1132225083438.75,107919,F1,75,,,,,
2025-01-15,2025-01-15,FO,NSE,IDO,57597,,NIFTY,,2025-02-27,2025-02-27,23900.0,CE,NIFTY25FEB23900CE,274.55,292.5,246.65,260.3,262.6,273.5,23213.2,260.3,78975,5850,384,695955326.25,202,F1,75,,,,,
2025-01-15,2025-01-15,FO,NSE,IDO,55012,,NIFTY,,2025-01-23,2025-01-23,24150.0,PE,NIFTY2512324150PE,950.0,960.0,902.45,903.1,903.1,914.0,23213.2,906.5,1425,-225,15,28207098.75,10,F1,75,,,,,
2025-01-15,2025-01-15,FO,NSE,IDO,52703,,NIFTY,,2025-01-16,2025-01-16,24150.0,CE,NIFTY2511624150CE,1.3,1.55,0.85,1.0,0.95,1.6,23213.2,1.0,1564425,24225,173821,314848578551.25,38773,F1,75,,,,,
2025-01-15,2025-01-15,FO,NSE,IDO,51260,,NIFTY,,2025-02-13,2025-02-13,24150.0,PE,NIFTY2521324150PE,0.0,0.0,0.0,739.5,0.0,739.5,23213.2,900.15,0,0,0,0.0,0,F1,75,,,,,
2025-01-15,2025-01-15,FO,NSE,IDO,46357,,NIFTY,,2025-01-30,2025-01-30,24150.0,PE,NIFTY25JAN24150PE,900.0,966.6,869.0,901.0,900.25,906.95,23213.2,901.0,139225,-200,16,10026095.0,9,F1,25,,,,,
2025-01-15,2025-01-15,FO,NSE,IDO,46356,,NIFTY,,2025-01-30,2025-01-30,24150.0,CE,NIFTY25JAN24150CE,33.7,33.7,22.8,24.55,24.45,31.9,23213.2,24.55,260950,15750,8667,5238471472.5,2737,F1,25,,,,,
2025-01-15,2025-01-15,FO,NSE,IDO,54820,,NIFTY,,2025-03-27,2025-03-27,24150.0,PE,NIFTY25MAR24150PE,0.0,0.0,0.0,953.85,953.85,953.85,23213.2,928.1,1200,0,0,0.0,0,F1,75,,,,,
2025-01-15,2025-01-15,FO,NSE,IDO,55087,,NIFTY,,2025-01-23,2025-01-23,25300.0,CE,NIFTY2512325300CE,2.95,2.95,1.75,1.9,1.95,2.9,23213.2,1.9,645000,466125,48720,92455176356.25,10041,F1,75,,,,,
2025-01-15,2025-01-15,FO,NSE,IDO,57655,,NIFTY,,2025-02-27,2025-02-27,25300.0,CE,NIFTY25FEB25300CE,35.0,38.4,31.45,32.25,32.15,36.95,23213.2,32.25,49125,1500,392,744796522.5,215,F1,75,,,,,
2025-01-15,2025-01-15,FO,NSE,IDO,55088,,NIFTY,,2025-01-23,2025-01-23,25300.0,PE,NIFTY2512325300PE,2004.35,2050.0,2004.35,2050.0,2050.0,1284.65,23213.2,2049.4,525,525,7,14344500.0,7,F1,75,,,,,
2025-01-15,2025-01-15,FO,NSE,IDO,45080,,NIFTY,,2025-02-06,2025-02-06,25300.0,PE,NIFTY2520625300PE,0.0,0.0,0.0,1093.95,0.0,1093.95,23213.2,1985.95,0,0,0,0.0,0,F1,75,,,,,
2025-01-15,2025-01-15,FO,NSE,IDO,56877,,NIFTY,,2025-03-27,2025-03-27,25300.0,PE,NIFTY25MAR25300PE,0.0,0.0,0.0,1451.25,0.0,1451.25,23213.2,1835.45,0,0,0,0.0,0,F1,75,,,,,
2025-01-15,2025-01-15,FO,NSE,IDO,51324,,NIFTY,,2025-02-13,2025-02-13,25300.0,PE,NIFTY2521325300PE,0.0,0.0,0.0,1652.5,0.0,1652.5,23213.2,1957.45,0,0,0,0.0,0,F1,75,,,,,
2025-01-15,2025-01-15,FO,NSE,IDO,45676,,NIFTY,,2025-01-30,2025-01-30,23350.0,CE,NIFTY25JAN23350CE,245.05,259.5,194.9,213.95,217.85,239.55,23213.2,213.95,83600,-8125,9357,5514918341.25,3770,F1,25,,,,,
2025-01-15,2025-01-15,FO,NSE,IDO,51121,,NIFTY,,2025-03-27,2025-03-27,23350.0,PE,NIFTY25MAR23350PE,509.5,509.5,509.5,509.5,509.5,521.6,23213.2,509.5,3750,75,1,1789462.5,1,F1,75,,,,,
2025-01-15,2025-01-15,FO,NSE,IDO,51120,,NIFTY,,2025-03-27,2025-03-27,23350.0,CE,NIFTY25MAR23350CE,0.0,0.0,0.0,725.0,725.0,725.0,23213.2,642.0,750,0,0,0.0,0,F1,75,,,,,
2025-01-15,2025-01-15,FO,NSE,IDO,51210,,NIFTY,,2025-02-13,2025-02-13,23350.0,PE,NIFTY2521323350PE,0.0,0.0,0.0,319.8,0.0,319.8,23213.2,361.5,0,0,0,0.0,0,F1,75,,,,,
2025-01-15,2025-01-15,FO,NSE,IDO,57683,,NIFTY,,2025-02-27,2025-02-27,26000.0,CE,NIFTY25FEB26000CE,20.85,20.85,17.55,18.3,18.1,20.8,23213.2,18.3,734250,6150,2577,5028799826.25,1057,F1,75,,,,,
2025-01-15,2025-01-15,FO,NSE,IDO,89635,,NIFTY,,2029-06-28,2029-06-28,26000.0,PE,NIFTY29JUN26000PE,0.0,0.0,0.0,1391.75,1391.75,1391.75,23213.2,936.2,25,0,0,0.0,0,F1,75,,,,,
2025-01-15,2025-01-15,FO,NSE,IDO,71476,,NIFTY,,2026-06-25,2026-06-25,26000.0,CE,NIFTY26JUN26000CE,1101.1,1200.0,1101.1,1200.0,1200.0,1061.95,23213.2,1343.3,825,50,2,4072582.5,2,F1,75,,,,,
2025-01-15,2025-01-15,FO,NSE,IDO,71477,,NIFTY,,2026-06-25,2026-06-25,26000.0,PE,NIFTY26JUN26000PE,0.0,0.0,0.0,6709.2,0.0,6709.2,23213.2,1720.1,0,0,0,0.0,0,F1,75,,,,,
2025-01-15,2025-01-15,FO,NSE,IDO,71564,,NIFTY,,2027-06-24,2027-06-24,26000.0,CE,NIFTY27JUN26000CE,0.0,0.0,0.0,1900.85,0.0,1900.85,23213.2,2550.85,0,0,0,0.0,0,F1,75,,,,,
2025-01-15,2025-01-15,FO,NSE,IDO,64573,,NIFTY,,2025-03-27,2025-03-27,26000.0,PE,NIFTY25MAR26000PE,2389.0,2485.25,2388.9,2437.3,2425.0,2415.95,23213.2,2437.3,508100,1400,136,290053515.0,80,F1,75,,,,,
2025-01-15,2025-01-15,FO,NSE,IDO,64697,,NIFTY,,2025-09-25,2025-09-25,26000.0,PE,NIFTY25SEP26000PE,0.0,0.0,0.0,812.55,0.0,812.55,23213.2,2066.3,0,0,0,0.0,0,F1,75,,,,,
2025-01-15,2025-01-15,FO,NSE,IDO,71506,,NIFTY,,2026-12-31,2026-12-31,26000.0,PE,NIFTY26DEC26000PE,0.0,0.0,0.0,1750.0,1750.0,1750.0,23213.2,1537.5,1625,0,0,0.0,0,F1,75,,,,,
2025-01-15,2025-01-15,FO,NSE,IDO,67786,,NIFTY,,2028-12-28,2028-12-28,26000.0,CE,NIFTY28DEC26000CE,0.0,0.0,0.0,4879.7,0.0,4879.7,23213.2,4333.5,0,0,0,0.0,0,F1,75,,,,,
2025-01-15,2025-01-15,FO,NSE,IDO,46564,,NIFTY,,2025-01-30,2025-01-30,26000.0,CE,NIFTY25JAN26000CE,4.1,4.1,2.4,3.2,3.15,4.35,23213.2,3.2,3126950,-182800,42958,27926495225.0,9079,F1,25,,,,,
2025-01-15,2025-01-15,FO,NSE,IDO,53630,,NIFTY,,2027-12-30,2027-12-30,26000.0,PE,NIFTY27DEC26000PE,0.0,0.0,0.0,3359.75,0.0,3359.75,23213.2,1253.75,0,0,0,0.0,0,F1,75,,,,,
2025-01-15,2025-01-15,FO,NSE,IDO,71505,,NIFTY,,2026-12-31,2026-12-31,26000.0,CE,NIFTY26DEC26000CE,0.0,0.0,0.0,1631.05,0.0,1631.05,23213.2,1971.0,0,0,0,0.0,0,F1,75,,,,,
2025-01-15,2025-01-15,FO,NSE,IDO,64572,,NIFTY,,2025-03-27,2025-03-27,26000.0,CE,NIFTY25MAR26000CE,44.95,45.1,39.15,41.65,41.15,43.7,23213.2,41.65,1497950,33550,2103,4107409136.25,906,F1,75,,,,,
2025-01-15,2025-01-15,FO,NSE,IDO,45011,,NIFTY,,2025-02-06,2025-02-06,24200.0,PE,NIFTY2520624200PE,0.0,0.0,0.0,690.0,690.0,690.0,23213.2,940.3,2400,0,0,0.0,0,F1,75,,,,,
2025-01-15,2025-01-15,FO,NSE,IDO,57610,,NIFTY,,2025-02-27,2025-02-27,24200.0,PE,NIFTY25FEB24200PE,940.0,976.0,938.1,943.65,938.1,938.4,23213.2,943.65,80175,-600,16,30188542.5,12,F1,75,,,,,
2025-01-15,2025-01-15,FO,NSE,IDO,57609,,NIFTY,,2025-02-27,2025-02-27,24200.0,CE,NIFTY25FEB24200CE,179.95,191.0,158.7,167.0,167.95,178.3,23213.2,167.0,160725,1650,1482,2708766716.25,673,F1,75,,,,,
2025-01-15,2025-01-15,FO,NSE,IDO,55014,,NIFTY,,2025-01-23,2025-01-23,24200.0,PE,NIFTY2512324200PE,949.95,1029.85,904.35,976.0,963.3,964.0,23213.2,976.0,79575,62325,1040,1963184910.0,516,F1,75,,,,,
2025-01-15,2025-01-15,FO,NSE,IDO,55651,,NIFTY,,2025-02-27,2025-02-27,23300.0,CE,NIFTY25FEB23300CE,559.0,591.0,516.0,537.9,543.0,557.75,23213.2,537.9,69525,8100,485,867420007.5,319,F1,75,,,,,
2025-01-15,2025-01-15,FO,NSE,IDO,52570,,NIFTY,,2025-01-16,2025-01-16,23300.0,PE,NIFTY2511623300PE,93.1,157.9,71.9,106.75,102.65,119.4,23213.2,106.75,2511150,97125,2893110,5079154847981.25,1659915,F1,75,,,,,
2025-01-15,2025-01-15,FO,NSE,IDO,51206,,NIFTY,,2025-02-13,2025-02-13,23300.0,PE,NIFTY2521323300PE,422.0,422.0,394.7,394.7,394.7,421.15,23213.2,394.7,300,225,4,7114552.5,2,F1,75,,,,,
2025-01-15,2025-01-15,FO,NSE,IDO,64584,,NIFTY,,2025-03-27,2025-03-27,30000.0,CE,NIFTY25MAR30000CE,10.3,11.15,10.2,10.2,10.2,10.75,23213.2,0.05,227975,1050,22,49517137.5,11,F1,75,,,,,
2025-01-15,2025-01-15,FO,NSE,IDO,45675,,NIFTY,,2025-01-30,2025-01-30,23300.0,PE,NIFTY25JAN23300PE,275.0,316.35,243.05,271.6,267.8,288.15,23213.2,271.6,1415175,38950,102857,60628573280.0,38166,F1,25,,,,,
2025-01-15,2025-01-15,FO,NSE,IDO,52717,,NIFTY,,2025-01-16,2025-01-16,24250.0,CE,NIFTY2511624250CE,1.45,1.45,0.7,0.85,0.85,1.45,23213.2,0.85,1103100,70500,133045,241985865686.25,32554,F1,75,,,,,
2025-01-15,2025-01-15,FO,NSE,IDO,57612,,NIFTY,,2025-02-27,2025-02-27,24250.0,PE,NIFTY25FEB24250PE,998.0,1010.5,998.0,1010.5,1010.5,1004.6,23213.2,985.9,5100,-450,7,13257933.75,6,F1,75,,,,,
2025-01-15,2025-01-15,FO,NSE,IDO,45012,,NIFTY,,2025-02-06,2025-02-06,24250.0,CE,NIFTY2520624250CE,0.0,0.0,0.0,535.9,0.0,535.9,23213.2,45.75,0,0,0,0.0,0,F1,75,,,,,
2025-01-15,2025-01-15,FO,NSE,IDO,55020,,NIFTY,,2025-01-23,2025-01-23,24250.0,PE,NIFTY2512324250PE,1045.0,1075.0,981.7,1012.15,1000.7,1026.65,23213.2,1012.15,3750,2775,44,83438523.75,23,F1,75,,,,,
2025-01-15,2025-01-15,FO,NSE,IDO,51263,,NIFTY,,2025-02-13,2025-02-13,24250.0,CE,NIFTY2521324250CE,0.0,0.0,0.0,252.35,0.0,252.35,23213.2,75.85,0,0,0,0.0,0,F1,75,,,,,
2025-01-15,2025-01-15,FO,NSE,IDO,51264,,NIFTY,,2025-02-13,2025-02-13,24250.0,PE,NIFTY2521324250PE,0.0,0.0,0.0,806.2,0.0,806.2,23213.2,982.95,0,0,0,0.0,0,F1,75,,,,,
2025-01-15,2025-01-15,FO,NSE,IDO,55103,,NIFTY,,2025-03-27,2025-03-27,24250.0,PE,NIFTY25MAR24250PE,0.0,0.0,0.0,801.8,0.0,801.8,23213.2,996.5,0,0,0,0.0,0,F1,75,,,,,
2025-01-15,2025-01-15,FO,NSE,IDO,45015,,NIFTY,,2025-02-06,2025-02-06,24250.0,PE,NIFTY2520624250PE,0.0,0.0,0.0,428.55,0.0,428.55,23213.2,984.1,0,0,0,0.0,0,F1,75,,,,,
2025-01-15,2025-01-15,FO,NSE,IDO,57611,,NIFTY,,2025-02-27,2025-02-27,24250.0,CE,NIFTY25FEB24250CE,152.05,177.9,149.4,156.25,154.95,170.5,23213.2,156.25,16425,225,32,58577490.0,19,F1,75,,,,,
2025-01-15,2025-01-15,FO,NSE,IDO,52721,,NIFTY,,2025-01-16,2025-01-16,24250.0,PE,NIFTY2511624250PE,1045.0,1087.9,955.55,1038.35,1044.4,1011.7,23213.2,1038.35,15450,-2175,79,149771872.5,54,F1,75,,,,,
2025-01-15,2025-01-15,FO,NSE,IDO,55102,,NIFTY,,2025-03-27,2025-03-27,24250.0,CE,NIFTY25MAR24250CE,327.75,327.75,298.5,312.6,312.6,315.35,23213.2,276.05,2850,-375,7,12896580.0,3,F1,75,,,,,
2025-01-15,2025-01-15,FO,NSE,IDO,46360,,NIFTY,,2025-01-30,2025-01-30,24250.0,CE,NIFTY25JAN24250CE,26.7,26.8,18.05,19.65,19.6,25.55,23213.2,19.65,172725,-325,10840,6577412622.5,3868,F1,25,,,,,
2025-01-15,2025-01-15,FO,NSE,IDO,46361,,NIFTY,,2025-01-30,2025-01-30,24250.0,PE,NIFTY25JAN24250PE,989.95,1032.45,932.45,997.7,997.7,985.75,23213.2,997.7,74225,-625,36,22711628.75,16,F1,25,,,,,
2025-01-15,2025-01-15,FO,NSE,IDO,55017,,NIFTY,,2025-01-23,2025-01-23,24250.0,CE,NIFTY2512324250CE,8.3,8.8,4.5,4.65,4.65,8.3,23213.2,4.65,149625,44325,7642,13902103368.75,4113,F1,75,,,,,
2025-01-15,2025-01-15,FO,NSE,IDO,55098,,NIFTY,,2025-01-23,2025-01-23,25450.0,PE,NIFTY2512325450PE,0.0,0.0,0.0,1411.15,0.0,1411.15,23213.2,2199.2,0,0,0,0.0,0,F1,75,,,,,
2025-01-15,2025-01-15,FO,NSE,IDO,46468,,NIFTY,,2025-01-30,2025-01-30,25450.0,PE,NIFTY25JAN25450PE,0.0,0.0,0.0,2292.95,2292.95,2292.95,23213.2,2166.4,9050,0,0,0.0,0,F1,25,,,,,
2025-01-15,2025-01-15,FO,NSE,IDO,46271,,NIFTY,,2025-01-30,2025-01-30,23650.0,CE,NIFTY25JAN23650CE,124.2,127.35,89.5,97.25,98.4,118.75,23213.2,97.25,184350,10400,10222,6070031378.75,4634,F1,25,,,,,
2025-01-15,2025-01-15,FO,NSE,IDO,52626,,NIFTY,,2025-01-16,2025-01-16,23650.0,CE,NIFTY2511623650CE,7.4,7.9,2.0,2.5,2.3,6.45,23213.2,2.5,3010050,36375,1212021,2150163395047.5,189795,F1,75,,,,,
2025-01-15,2025-01-15,FO,NSE,IDO,52628,,NIFTY,,2025-01-16,2025-01-16,23650.0,PE,NIFTY2511623650PE,397.45,487.85,357.2,438.35,433.75,414.6,23213.2,438.35,573150,-8700,3062,5527852203.75,2128,F1,75,,,,,
2025-01-15,2025-01-15,FO,NSE,IDO,57588,,NIFTY,,2025-02-27,2025-02-27,23650.0,PE,NIFTY25FEB23650PE,621.0,623.0,621.0,623.0,623.0,611.9,23213.2,571.15,6075,75,2,3640800.0,2,F1,75,,,,,
2025-01-15,2025-01-15,FO,NSE,IDO,57587,,NIFTY,,2025-02-27,2025-02-27,23650.0,CE,NIFTY25FEB23650CE,358.0,360.5,352.2,352.2,352.2,369.35,23213.2,321.7,9750,0,4,7202152.5,3,F1,75,,,,,
2025-01-15,2025-01-15,FO,NSE,IDO,51238,,NIFTY,,2025-02-13,2025-02-13,23650.0,PE,NIFTY2521323650PE,0.0,0.0,0.0,452.65,0.0,452.65,23213.2,534.15,0,0,0,0.0,0,F1,75,,,,,
2025-01-15,2025-01-15,FO,NSE,IDO,57675,,NIFTY,,2025-02-27,2025-02-27,25800.0,CE,NIFTY25FEB25800CE,21.0,24.35,19.0,19.5,19.05,23.45,23213.2,19.5,33225,-8625,307,594519510.0,154,F1,75,,,,,
2025-01-15,2025-01-15,FO,NSE,IDO,45113,,NIFTY,,2025-02-06,2025-02-06,25800.0,PE,NIFTY2520625800PE,0.0,0.0,0.0,1508.75,0.0,1508.75,23213.2,2482.3,0,0,0,0.0,0,F1,75,,,,,
2025-01-15,2025-01-15,FO,NSE,IDO,67785,,NIFTY,,2028-12-28,2028-12-28,25000.0,PE,NIFTY28DEC25000PE,0.0,0.0,0.0,999.0,999.0,999.0,23213.2,795.2,50,0,0,0.0,0,F1,75,,,,,
2025-01-15,2025-01-15,FO,NSE,IDO,58782,,NIFTY,,2025-03-27,2025-03-27,25800.0,CE,NIFTY25MAR25800CE,56.0,56.0,44.55,46.25,49.0,50.5,23213.2,46.25,3750,-900,80,155111820.0,24,F1,75,,,,,
2025-01-15,2025-01-15,FO,NSE,IDO,44968,,NIFTY,,2025-02-06,2025-02-06,23600.0,CE,NIFTY2520623600CE,263.7,277.95,219.3,233.75,237.6,260.95,23213.2,233.75,11550,1725,218,389801527.5,158,F1,75,,,,,
2025-01-15,2025-01-15,FO,NSE,IDO,54985,,NIFTY,,2025-01-23,2025-01-23,23600.0,CE,NIFTY2512323600CE,70.3,74.95,39.45,44.55,46.65,64.15,23213.2,44.55,1079100,347475,60373,107093438808.75,30918,F1,75,,,,,
2025-01-15,2025-01-15,FO,NSE,IDO,57585,,NIFTY,,2025-02-27,2025-02-27,23600.0,CE,NIFTY25FEB23600CE,409.5,427.85,367.95,383.75,388.55,404.1,23213.2,383.75,92850,6450,709,1275566947.5,370,F1,75,,,,,
2025-01-15,2025-01-15,FO,NSE,IDO,52623,,NIFTY,,2025-01-16,2025-01-16,23600.0,CE,NIFTY2511623600CE,9.7,10.75,2.8,3.2,3.1,8.4,23213.2,3.2,6576600,922800,1804675,3194944411867.5,311850,F1,75,,,,,
2025-01-15,2025-01-15,FO,NSE,IDO,51222,,NIFTY,,2025-02-13,2025-02-13,23600.0,PE,NIFTY2521323600PE,0.0,0.0,0.0,428.45,0.0,428.45,23213.2,502.7,0,0,0,0.0,0,F1,75,,,,,
2025-01-15,2025-01-15,FO,NSE,IDO,54986,,NIFTY,,2025-01-23,2025-01-23,23600.0,PE,NIFTY2512323600PE,404.45,471.0,367.05,419.35,411.95,418.65,23213.2,419.35,259350,-7200,2432,4380559001.25,1376,F1,75,,,,,
2025-01-15,2025-01-15,FO,NSE,IDO,54769,,NIFTY,,2025-01-23,2025-01-23,22800.0,PE,NIFTY2512322800PE,71.0,77.4,49.0,56.3,55.2,67.7,23213.2,56.3,746250,100200,55750,95586296302.5,29338,F1,75,,,,,
2025-01-15,2025-01-15,FO,NSE,IDO,55622,,NIFTY,,2025-02-27,2025-02-27,22550.0,PE,NIFTY25FEB22550PE,0.0,0.0,0.0,125.0,125.0,125.0,23213.2,130.2,10650,0,0,0.0,0,F1,75,,,,,
2025-01-15,2025-01-15,FO,NSE,IDO,43259,,NIFTY,,2025-01-30,2025-01-30,22800.0,CE,NIFTY25JAN22800CE,597.75,630.8,526.55,568.65,571.75,592.4,23213.2,568.65,51625,5775,2857,1669505230.0,1247,F1,25,,,,,
2025-01-15,2025-01-15,FO,NSE,IDO,55632,,NIFTY,,2025-02-27,2025-02-27,22800.0,PE,NIFTY25FEB22800PE,260.45,282.0,243.55,260.65,257.95,266.6,23213.2,260.65,271650,21075,1009,1745358866.25,576,F1,75,,,,,
2025-01-15,2025-01-15,FO,NSE,IDO,51179,,NIFTY,,2025-02-13,2025-02-13,22800.0,PE,NIFTY2521322800PE,0.0,0.0,0.0,150.3,0.0,150.3,23213.2,146.65,0,0,0,0.0,0,F1,75,,,,,
2025-01-15,2025-01-15,FO,NSE,IDO,47042,,NIFTY,,2025-03-27,2025-03-27,22800.0,CE,NIFTY25MAR22800CE,1040.0,1040.0,1040.0,1040.0,1040.0,1092.9,23213.2,974.6,300,75,1,1788000.0,1,F1,75,,,,,
2025-01-15,2025-01-15,FO,NSE,IDO,52505,,NIFTY,,2025-01-16,2025-01-16,22800.0,CE,NIFTY2511622800CE,485.3,506.2,370.0,420.25,423.3,449.4,23213.2,420.25,47550,-12300,9395,16363956288.75,5332,F1,75,,,,,
2025-01-15,2025-01-15,FO,NSE,IDO,43260,,NIFTY,,2025-01-30,2025-01-30,22800.0,PE,NIFTY25JAN22800PE,110.05,126.6,90.0,104.1,102.0,114.6,23213.2,104.1,1532225,84500,61209,35054314952.5,23669,F1,25,,,,,
2025-01-15,2025-01-15,FO,NSE,IDO,51167,,NIFTY,,2025-02-13,2025-02-13,22550.0,CE,NIFTY2521322550CE,0.0,0.0,0.0,1234.95,0.0,1234.95,23213.2,872.55,0,0,0,0.0,0,F1,75,,,,,
2025-01-15,2025-01-15,FO,NSE,IDO,54755,,NIFTY,,2025-01-23,2025-01-23,22550.0,PE,NIFTY2512322550PE,26.35,39.0,24.15,27.7,26.65,34.7,23213.2,27.7,133575,48225,11042,18699393251.25,7202,F1,75,,,,,
2025-01-15,2025-01-15,FO,NSE,IDO,44907,,NIFTY,,2025-02-06,2025-02-06,22800.0,PE,NIFTY2520622800PE,0.0,0.0,0.0,50.6,0.0,50.6,23213.2,117.45,0,0,0,0.0,0,F1,75,,,,,
2025-01-15,2025-01-15,FO,NSE,IDO,44876,,NIFTY,,2025-02-06,2025-02-06,22550.0,CE,NIFTY2520622550CE,0.0,0.0,0.0,1826.3,0.0,1826.3,23213.2,819.7,0,0,0,0.0,0,F1,75,,,,,
2025-01-15,2025-01-15,FO,NSE,IDO,48191,,NIFTY,,2025-03-27,2025-03-27,22800.0,PE,NIFTY25MAR22800PE,323.5,354.15,311.8,327.65,327.65,336.15,23213.2,327.65,87300,-225,94,163097621.25,75,F1,75,,,,,
2025-01-15,2025-01-15,FO,NSE,IDO,54690,,NIFTY,,2025-01-23,2025-01-23,21900.0,CE,NIFTY2512321900CE,0.0,0.0,0.0,2216.5,0.0,2216.5,23213.2,1345.75,0,0,0,0.0,0,F1,75,,,,,
2025-01-15,2025-01-15,FO,NSE,IDO,58633,,NIFTY,,2026-12-31,2026-12-31,14000.0,PE,NIFTY26DEC14000PE,0.0,0.0,0.0,20.25,20.25,20.25,23213.2,0.35,1175,0,0,0.0,0,F1,75,,,,,
2025-01-15,2025-01-15,FO,NSE,IDO,51213,,NIFTY,,2025-02-13,2025-02-13,23450.0,CE,NIFTY2521323450CE,0.0,0.0,0.0,601.35,0.0,601.35,23213.2,303.35,0,0,0,0.0,0,F1,75,,,,,
2025-01-15,2025-01-15,FO,NSE,IDO,51180,,NIFTY,,2025-02-13,2025-02-13,22850.0,CE,NIFTY2521322850CE,0.0,0.0,0.0,998.45,0.0,998.45,23213.2,646.4,0,0,0,0.0,0,F1,75,,,,,
2025-01-15,2025-01-15,FO,NSE,IDO,52508,,NIFTY,,2025-01-16,2025-01-16,22850.0,CE,NIFTY2511622850CE,437.05,455.55,322.1,372.4,375.7,404.9,23213.2,372.4,32400,2025,4606,8023836390.0,2627,F1,75,,,,,
2025-01-15,2025-01-15,FO,NSE,IDO,45037,,NIFTY,,2025-02-06,2025-02-06,24700.0,CE,NIFTY2520624700CE,32.0,34.5,26.65,27.5,27.5,30.55,23213.2,27.5,5925,-75,79,146521578.75,45,F1,75,,,,,
2025-01-15,2025-01-15,FO,NSE,IDO,55044,,NIFTY,,2025-01-23,2025-01-23,24700.0,CE,NIFTY2512324700CE,3.95,4.05,2.35,2.65,2.5,3.9,23213.2,2.65,421425,189450,18577,34418048295.0,7211,F1,75,,,,,
2025-01-15,2025-01-15,FO,NSE,IDO,46975,,NIFTY,,2025-03-27,2025-03-27,22150.0,PE,NIFTY25MAR22150PE,0.0,0.0,0.0,114.7,114.7,114.7,23213.2,112.8,525,0,0,0.0,0,F1,75,,,,,
2025-01-15,2025-01-15,FO,NSE,IDO,52880,,NIFTY,,2025-01-16,2025-01-16,25750.0,CE,NIFTY2511625750CE,0.8,0.95,0.3,0.4,0.3,1.0,23213.2,0.4,99525,-180675,12092,23353265508.75,4150,F1,75,,,,,
2025-01-15,2025-01-15,FO,NSE,IDO,57673,,NIFTY,,2025-02-27,2025-02-27,25750.0,CE,NIFTY25FEB25750CE,26.25,26.25,26.25,26.25,26.25,26.25,23213.2,8.45,4050,-75,1,1933218.75,1,F1,75,,,,,
2025-01-15,2025-01-15,FO,NSE,IDO,54761,,NIFTY,,2025-01-23,2025-01-23,22650.0,PE,NIFTY2512322650PE,40.65,51.5,32.05,36.75,35.7,45.75,23213.2,36.75,128400,46650,19042,32404150121.25,11610,F1,75,,,,,
2025-01-15,2025-01-15,FO,NSE,IDO,52494,,NIFTY,,2025-01-16,2025-01-16,22650.0,PE,NIFTY2511622650PE,6.8,7.35,3.05,3.5,3.2,7.7,23213.2,3.5,4638600,3067950,618750,1051322120647.5,148523,F1,75,,,,,
2025-01-15,2025-01-15,FO,NSE,IDO,55626,,NIFTY,,2025-02-27,2025-02-27,22650.0,PE,NIFTY25FEB22650PE,228.0,228.0,206.8,214.95,214.95,227.8,23213.2,153.6,2400,75,9,15434407.5,9,F1,75,,,,,
2025-01-15,2025-01-15,FO,NSE,IDO,47025,,NIFTY,,2025-03-27,2025-03-27,22650.0,CE,NIFTY25MAR22650CE,0.0,0.0,0.0,1730.8,0.0,1730.8,23213.2,1079.15,0,0,0,0.0,0,F1,75,,,,,
2025-01-15,2025-01-15,FO,NSE,IDO,44901,,NIFTY,,2025-02-06,2025-02-06,22650.0,PE,NIFTY2520622650PE,0.0,0.0,0.0,37.75,0.0,37.75,23213.2,83.15,0,0,0,0.0,0,F1,75,,,,,
2025-01-15,2025-01-15,FO,NSE,IDO,52489,,NIFTY,,2025-01-16,2025-01-16,22650.0,CE,NIFTY2511622650CE,611.05,652.3,530.0,569.25,570.0,598.35,23213.2,569.25,6975,-1275,147,256112302.5,90,F1,75,,,,,
2025-01-15,2025-01-15,FO,NSE,IDO,50970,,NIFTY,,2025-06-26,2025-06-26,27000.0,PE,NIFTY25JUN27000PE,3016.5,3021.2,2900.0,3000.0,3000.0,3033.0,23213.2,3084.25,32725,1800,39,87629343.75,25,F1,75,,,,,
2025-01-15,2025-01-15,FO,NSE,IDO,50969,,NIFTY,,2025-06-26,2025-06-26,27000.0,CE,NIFTY25JUN27000CE,110.75,116.85,96.6,107.45,107.8,109.15,23213.2,107.45,221875,11475,603,1225959870.0,356,F1,75,,,,,
2025-01-15,2025-01-15,FO,NSE,IDO,50973,,NIFTY,,2026-06-25,2026-06-25,27000.0,CE,NIFTY26JUN27000CE,0.0,0.0,0.0,1352.8,0.0,1352.8,23213.2,995.15,0,0,0,0.0,0,F1,75,,,,,
2025-01-15,2025-01-15,FO,NSE,IDO,89636,,NIFTY,,2029-06-28,2029-06-28,27000.0,CE,NIFTY29JUN27000CE,0.0,0.0,0.0,6570.4,0.0,6570.4,23213.2,4401.55,0,0,0,0.0,0,F1,75,,,,,
2025-01-15,2025-01-15,FO,NSE,IDO,89637,,NIFTY,,2029-06-28,2029-06-28,27000.0,PE,NIFTY29JUN27000PE,0.0,0.0,0.0,1252.35,0.0,1252.35,23213.2,1180.15,0,0,0,0.0,0,F1,75,,,,,
2025-01-15,2025-01-15,FO,NSE,IDO,50981,,NIFTY,,2027-06-24,2027-06-24,27000.0,CE,NIFTY27JUN27000CE,0.0,0.0,0.0,1932.5,0.0,1932.5,23213.2,2111.4,0,0,0,0.0,0,F1,75,,,,,
2025-01-15,2025-01-15,FO,NSE,IDO,53632,,NIFTY,,2027-12-30,2027-12-30,27000.0,PE,NIFTY27DEC27000PE,0.0,0.0,0.0,3794.4,0.0,3794.4,23213.2,1608.15,0,0,0,0.0,0,F1,75,,,,,
2025-01-15,2025-01-15,FO,NSE,IDO,64576,,NIFTY,,2025-03-27,2025-03-27,27000.0,CE,NIFTY25MAR27000CE,23.5,23.8,19.05,21.05,21.3,22.5,23213.2,21.05,1020350,-3225,1301,2636557398.75,544,F1,75,,,,,
2025-01-15,2025-01-15,FO,NSE,IDO,64699,,NIFTY,,2025-09-25,2025-09-25,27000.0,PE,NIFTY25SEP27000PE,0.0,0.0,0.0,1168.15,0.0,1168.15,23213.2,2820.6,0,0,0,0.0,0,F1,75,,,,,
2025-01-15,2025-01-15,FO,NSE,IDO,67789,,NIFTY,,2028-12-28,2028-12-28,27000.0,PE,NIFTY28DEC27000PE,0.0,0.0,0.0,1413.85,0.0,1413.85,23213.2,1305.6,0,0,0,0.0,0,F1,75,,,,,
2025-01-15,2025-01-15,FO,NSE,IDO,61794,,NIFTY,,2029-12-27,2029-12-27,27000.0,CE,NIFTY29DEC27000CE,0.0,0.0,0.0,6201.65,0.0,6201.65,23213.2,4951.55,0,0,0,0.0,0,F1,75,,,,,
2025-01-15,2025-01-15,FO,NSE,IDO,53631,,NIFTY,,2027-12-30,2027-12-30,27000.0,CE,NIFTY27DEC27000CE,0.0,0.0,0.0,2889.8,0.0,2889.8,23213.2,2705.45,0,0,0,0.0,0,F1,75,,,,,
2025-01-15,2025-01-15,FO,NSE,IDO,50978,,NIFTY,,2026-12-31,2026-12-31,27000.0,CE,NIFTY26DEC27000CE,0.0,0.0,0.0,1651.65,0.0,1651.65,23213.2,1566.4,0,0,0,0.0,0,F1,75,,,,,
2025-01-15,2025-01-15,FO,NSE,IDO,52697,,NIFTY,,2025-01-16,2025-01-16,24100.0,CE,NIFTY2511624100CE,1.4,1.6,0.85,1.0,0.9,1.6,23213.2,1.0,5725950,1466400,557312,1007391636952.5,100986,F1,75,,,,,
2025-01-15,2025-01-15,FO,NSE,IDO,54727,,NIFTY,,2025-03-27,2025-03-27,24100.0,CE,NIFTY25MAR24100CE,373.2,382.0,337.0,348.4,351.25,359.25,23213.2,348.4,13650,-10125,259,474845576.25,75,F1,75,,,,,
2025-01-15,2025-01-15,FO,NSE,IDO,45007,,NIFTY,,2025-02-06,2025-02-06,24100.0,PE,NIFTY2520624100PE,0.0,0.0,0.0,387.45,387.45,387.45,23213.2,854.7,150,0,0,0.0,0,F1,75,,,,,
2025-01-15,2025-01-15,FO,NSE,IDO,55010,,NIFTY,,2025-01-23,2025-01-23,24100.0,PE,NIFTY2512324100PE,848.05,928.4,812.0,874.65,870.0,857.2,23213.2,874.65,95625,62100,1073,2010799361.25,358,F1,75,,,,,
2025-01-15,2025-01-15,FO,NSE,IDO,43241,,NIFTY,,2025-01-30,2025-01-30,22450.0,CE,NIFTY25JAN22450CE,0.0,0.0,0.0,810.0,810.0,810.0,23213.2,853.35,475,0,0,0.0,0,F1,25,,,,,
2025-01-15,2025-01-15,FO,NSE,IDO,55612,,NIFTY,,2025-02-27,2025-02-27,22300.0,PE,NIFTY25FEB22300PE,154.1,161.95,140.05,148.45,147.7,154.55,23213.2,148.45,220875,-1125,362,609512865.0,204,F1,75,,,,,
2025-01-15,2025-01-15,FO,NSE,IDO,46996,,NIFTY,,2025-03-27,2025-03-27,22450.0,PE,NIFTY25MAR22450PE,0.0,0.0,0.0,140.0,140.0,140.0,23213.2,170.9,5850,0,0,0.0,0,F1,75,,,,,
2025-01-15,2025-01-15,FO,NSE,IDO,46986,,NIFTY,,2025-03-27,2025-03-27,22300.0,CE,NIFTY25MAR22300CE,0.0,0.0,0.0,2007.65,0.0,2007.65,23213.2,1343.65,0,0,0,0.0,0,F1,75,,,,,
2025-01-15,2025-01-15,FO,NSE,IDO,44862,,NIFTY,,2025-02-06,2025-02-06,22450.0,CE,NIFTY2520622450CE,0.0,0.0,0.0,1919.75,0.0,1919.75,23213.2,904.4,0,0,0,0.0,0,F1,75,,,,,
2025-01-15,2025-01-15,FO,NSE,IDO,46994,,NIFTY,,2025-03-27,2025-03-27,22450.0,CE,NIFTY25MAR22450CE,0.0,0.0,0.0,1886.8,0.0,1886.8,23213.2,1226.95,0,0,0,0.0,0,F1,75,,,,,
2025-01-15,2025-01-15,FO,NSE,IDO,51162,,NIFTY,,2025-02-13,2025-02-13,22450.0,PE,NIFTY2521322450PE,0.0,0.0,0.0,84.9,0.0,84.9,23213.2,71.3,0,0,0,0.0,0,F1,75,,,,,
2025-01-15,2025-01-15,FO,NSE,IDO,52468,,NIFTY,,2025-01-16,2025-01-16,22300.0,CE,NIFTY2511622300CE,924.65,969.95,897.15,912.75,912.7,928.15,23213.2,912.75,6075,-150,25,43554990.0,21,F1,75,,,,,
2025-01-15,2025-01-15,FO,NSE,IDO,43236,,NIFTY,,2025-01-30,2025-01-30,22300.0,PE,NIFTY25JAN22300PE,36.35,44.25,31.05,35.4,34.8,40.8,23213.2,35.4,600700,60575,37309,20834070506.25,15386,F1,25,,,,,
2025-01-15,2025-01-15,FO,NSE,IDO,57622,,NIFTY,,2025-02-27,2025-02-27,24500.0,PE,NIFTY25FEB24500PE,1175.05,1240.0,1135.0,1186.15,1175.0,1185.85,23213.2,1186.15,242475,-2325,161,310297631.25,144,F1,75,,,,,
2025-01-15,2025-01-15,FO,NSE,IDO,52765,,NIFTY,,2025-01-16,2025-01-16,24500.0,CE,NIFTY2511624500CE,0.85,1.15,0.6,0.8,0.6,1.2,23213.2,0.8,6594075,-2424975,432913,795504619185.0,67164,F1,75,,,,,
2025-01-15,2025-01-15,FO,NSE,IDO,52788,,NIFTY,,2025-01-16,2025-01-16,24500.0,PE,NIFTY2511624500PE,1246.0,1336.0,1205.0,1285.9,1282.85,1260.85,23213.2,1285.9,106575,-63075,1112,2150524833.75,626,F1,75,,,,,
2025-01-15,2025-01-15,FO,NSE,IDO,55604,,NIFTY,,2025-02-27,2025-02-27,22100.0,PE,NIFTY25FEB22100PE,117.05,129.0,113.3,119.85,120.6,122.9,23213.2,119.85,60600,2700,277,461617267.5,117,F1,75,,,,,
2025-01-15,2025-01-15,FO,NSE,IDO,51279,,NIFTY,,2025-02-13,2025-02-13,24500.0,CE,NIFTY2521324500CE,75.6,75.6,60.35,61.9,60.35,72.0,23213.2,61.9,4200,675,14,25797675.0,11,F1,75,,,,,
2025-01-15,2025-01-15,FO,NSE,IDO,43219,,NIFTY,,2025-01-30,2025-01-30,22100.0,CE,NIFTY25JAN22100CE,1214.15,1217.0,1150.0,1178.05,1178.05,1185.2,23213.2,1178.05,1575,50,7,4075861.25,7,F1,25,,,,,
2025-01-15,2025-01-15,FO,NSE,IDO,54699,,NIFTY,,2025-01-23,2025-01-23,22100.0,PE,NIFTY2512322100PE,10.4,11.75,7.8,9.05,8.85,11.9,23213.2,9.05,346350,150750,20370,33777811526.25,11707,F1,75,,,,,
2025-01-15,2025-01-15,FO,NSE,IDO,44848,,NIFTY,,2025-02-06,2025-02-06,22100.0,CE,NIFTY2520622100CE,0.0,0.0,0.0,2253.6,0.0,2253.6,23213.2,1220.85,0,0,0,0.0,0,F1,75,,,,,
2025-01-15,2025-01-15,FO,NSE,IDO,45026,,NIFTY,,2025-02-06,2025-02-06,24500.0,PE,NIFTY2520624500PE,0.0,0.0,0.0,911.0,911.0,911.0,23213.2,1211.05,225,0,0,0.0,0,F1,75,,,,,
2025-01-15,2025-01-15,FO,NSE,IDO,55603,,NIFTY,,2025-02-27,2025-02-27,22100.0,CE,NIFTY25FEB22100CE,0.0,0.0,0.0,2321.95,0.0,2321.95,23213.2,1344.8,0,0,0,0.0,0,F1,75,,,,,
2025-01-15,2025-01-15,FO,NSE,IDO,55035,,NIFTY,,2025-01-23,2025-01-23,24500.0,CE,NIFTY2512324500CE,5.4,5.4,2.95,3.1,3.2,5.05,23213.2,3.1,1629975,527700,56900,104569785506.25,18117,F1,75,,,,,
2025-01-15,2025-01-15,FO,NSE,IDO,46371,,NIFTY,,2025-01-30,2025-01-30,24500.0,CE,NIFTY25JAN24500CE,17.45,17.45,11.35,12.45,12.6,15.8,23213.2,12.45,3046150,29225,84435,51744289875.0,23002,F1,25,,,,,
2025-01-15,2025-01-15,FO,NSE,IDO,46959,,NIFTY,,2025-03-27,2025-03-27,22100.0,PE,NIFTY25MAR22100PE,180.0,185.0,159.2,183.0,183.0,172.6,23213.2,104.85,53475,-450,17,28409077.5,14,F1,75,,,,,
2025-01-15,2025-01-15,FO,NSE,IDO,52852,,NIFTY,,2025-01-16,2025-01-16,25100.0,CE,NIFTY2511625100CE,1.05,1.1,0.3,0.35,0.3,1.05,23213.2,0.35,797700,-277275,97979,184449133368.75,19468,F1,75,,,,,
2025-01-15,2025-01-15,FO,NSE,IDO,56868,,NIFTY,,2025-03-27,2025-03-27,25100.0,CE,NIFTY25MAR25100CE,118.0,120.0,96.95,104.55,108.9,120.0,23213.2,104.55,26325,-10800,176,332751836.25,32,F1,75,,,,,
2025-01-15,2025-01-15,FO,NSE,IDO,44976,,NIFTY,,2025-02-06,2025-02-06,23800.0,CE,NIFTY2520623800CE,189.2,196.0,155.85,164.25,166.6,183.85,23213.2,164.25,25050,2850,264,474658042.5,190,F1,75,,,,,
2025-01-15,2025-01-15,FO,NSE,IDO,53602,,NIFTY,,2027-12-30,2027-12-30,17000.0,PE,NIFTY27DEC17000PE,0.0,0.0,0.0,180.6,180.6,180.6,23213.2,21.45,14200,0,0,0.0,0,F1,75,,,,,
2025-01-15,2025-01-15,FO,NSE,IDO,54939,,NIFTY,,2025-01-23,2025-01-23,23350.0,CE,NIFTY2512323350CE,188.0,190.0,105.75,119.65,122.65,147.4,23213.2,119.65,276525,114225,24406,42979481872.5,14480,F1,75,,,,,
2025-01-15,2025-01-15,FO,NSE,IDO,46565,,NIFTY,,2025-01-30,2025-01-30,26000.0,PE,NIFTY25JAN26000PE,2714.6,2778.95,2661.0,2722.15,2717.8,2715.7,23213.2,2722.15,1045875,-13900,1708,1226488781.25,509,F1,25,,,,,
2025-01-15,2025-01-15,FO,NSE,IDO,89634,,NIFTY,,2029-06-28,2029-06-28,26000.0,CE,NIFTY29JUN26000CE,0.0,0.0,0.0,7052.2,0.0,7052.2,23213.2,4898.0,0,0,0,0.0,0,F1,75,,,,,
2025-01-15,2025-01-15,FO,NSE,IDO,71399,,NIFTY,,2025-12-24,2025-12-24,26000.0,CE,NIFTY25DEC26000CE,786.4,803.9,760.6,773.35,776.0,786.4,23213.2,773.35,153175,2325,308,618731268.75,231,F1,75,,,,,
2025-01-15,2025-01-15,FO,NSE,IDO,61779,,NIFTY,,2029-12-27,2029-12-27,26000.0,PE,NIFTY29DEC26000PE,0.0,0.0,0.0,969.6,0.0,969.6,23213.2,851.15,0,0,0,0.0,0,F1,75,,,,,
2025-01-15,2025-01-15,FO,NSE,IDO,86162,,NIFTY,,2028-06-29,2028-06-29,26000.0,PE,NIFTY28JUN26000PE,0.0,0.0,0.0,2370.3,0.0,2370.3,23213.2,1135.95,0,0,0,0.0,0,F1,75,,,,,
2025-01-15,2025-01-15,FO,NSE,IDO,53628,,NIFTY,,2027-12-30,2027-12-30,26000.0,CE,NIFTY27DEC26000CE,0.0,0.0,0.0,3162.4,0.0,3162.4,23213.2,3170.2,0,0,0,0.0,0,F1,75,,,,,
2025-01-15,2025-01-15,FO,NSE,IDO,61778,,NIFTY,,2029-12-27,2029-12-27,26000.0,CE,NIFTY29DEC26000CE,0.0,0.0,0.0,6686.95,0.0,6686.95,23213.2,5450.15,0,0,0,0.0,0,F1,75,,,,,
2025-01-15,2025-01-15,FO,NSE,IDO,52892,,NIFTY,,2025-01-16,2025-01-16,26000.0,CE,NIFTY2511626000CE,0.85,0.9,0.25,0.35,0.3,1.05,23213.2,0.35,3431250,-746625,139139,271326089692.5,17127,F1,75,,,,,
2025-01-15,2025-01-15,FO,NSE,IDO,67787,,NIFTY,,2028-12-28,2028-12-28,26000.0,PE,NIFTY28DEC26000PE,0.0,0.0,0.0,1160.95,0.0,1160.95,23213.2,1030.65,0,0,0,0.0,0,F1,75,,,,,
2025-01-15,2025-01-15,FO,NSE,IDO,64696,,NIFTY,,2025-09-25,2025-09-25,26000.0,CE,NIFTY25SEP26000CE,0.0,0.0,0.0,2854.15,0.0,2854.15,23213.2,468.0,0,0,0,0.0,0,F1,75,,,,,
2025-01-15,2025-01-15,FO,NSE,IDO,71383,,NIFTY,,2025-06-26,2025-06-26,26000.0,CE,NIFTY25JUN26000CE,226.0,229.95,200.0,213.15,216.0,220.05,23213.2,213.15,227775,-1925,594,1167961612.5,407,F1,75,,,,,
2025-01-15,2025-01-15,FO,NSE,IDO,71403,,NIFTY,,2025-12-24,2025-12-24,26000.0,PE,NIFTY25DEC26000PE,1894.0,1930.0,1835.0,1893.45,1890.9,1888.4,23213.2,1893.45,136300,-1550,120,250876972.5,109,F1,75,,,,,
2025-01-15,2025-01-15,FO,NSE,IDO,71565,,NIFTY,,2027-06-24,2027-06-24,26000.0,PE,NIFTY27JUN26000PE,0.0,0.0,0.0,6202.2,0.0,6202.2,23213.2,1391.95,0,0,0,0.0,0,F1,75,,,,,
2025-01-15,2025-01-15,FO,NSE,IDO,86161,,NIFTY,,2028-06-29,2028-06-29,26000.0,CE,NIFTY28JUN26000CE,0.0,0.0,0.0,3200.9,0.0,3200.9,23213.2,3757.25,0,0,0,0.0,0,F1,75,,,,,
2025-01-15,2025-01-15,FO,NSE,IDO,57684,,NIFTY,,2025-02-27,2025-02-27,26000.0,PE,NIFTY25FEB26000PE,2607.0,2615.95,2525.0,2572.85,2582.5,2558.1,23213.2,2572.85,67950,1050,41,87867063.75,36,F1,75,,,,,
2025-01-15,2025-01-15,FO,NSE,IDO,46359,,NIFTY,,2025-01-30,2025-01-30,24200.0,PE,NIFTY25JAN24200PE,930.0,1007.45,885.0,958.35,947.15,954.15,23213.2,958.35,1390750,-2700,1440,905528578.75,383,F1,25,,,,,
2025-01-15,2025-01-15,FO,NSE,IDO,55013,,NIFTY,,2025-01-23,2025-01-23,24200.0,CE,NIFTY2512324200CE,9.45,10.8,4.9,5.05,5.0,9.25,23213.2,5.05,961575,422475,37919,68840771771.25,19409,F1,75,,,,,
2025-01-15,2025-01-15,FO,NSE,IDO,54694,,NIFTY,,2025-01-23,2025-01-23,22000.0,CE,NIFTY2512322000CE,1259.05,1292.45,1188.0,1228.75,1231.6,1207.3,23213.2,1228.75,16275,2850,64,111557486.25,48,F1,75,,,,,
2025-01-15,2025-01-15,FO,NSE,IDO,53624,,NIFTY,,2027-12-30,2027-12-30,24000.0,CE,NIFTY27DEC24000CE,0.0,0.0,0.0,3778.95,0.0,3778.95,23213.2,4254.5,0,0,0,0.0,0,F1,75,,,,,
2025-01-15,2025-01-15,FO,NSE,IDO,86151,,NIFTY,,2028-06-29,2028-06-29,24000.0,CE,NIFTY28JUN24000CE,0.0,0.0,0.0,3918.85,0.0,3918.85,23213.2,4852.95,0,0,0,0.0,0,F1,75,,,,,
2025-01-15,2025-01-15,FO,NSE,IDO,58623,,NIFTY,,2025-12-24,2025-12-24,22000.0,PE,NIFTY25DEC22000PE,450.65,463.4,437.1,453.8,453.75,457.15,23213.2,453.8,301500,4425,165,277797258.75,146,F1,75,,,,,
2025-01-15,2025-01-15,FO,NSE,IDO,64692,,NIFTY,,2025-09-25,2025-09-25,24000.0,CE,NIFTY25SEP24000CE,1200.0,1225.0,1190.6,1196.0,1196.45,1236.0,23213.2,1196.0,1575,600,13,24573453.75,12,F1,75,,,,,
2025-01-15,2025-01-15,FO,NSE,IDO,71560,,NIFTY,,2027-06-24,2027-06-24,24000.0,CE,NIFTY27JUN24000CE,0.0,0.0,0.0,2299.55,0.0,2299.55,23213.2,3610.95,0,0,0,0.0,0,F1,75,,,,,
2025-01-15,2025-01-15,FO,NSE,IDO,64553,,NIFTY,,2025-03-27,2025-03-27,18000.0,PE,NIFTY25MAR18000PE,8.1,9.3,7.75,8.35,8.5,8.15,23213.2,8.35,279950,-300,659,890062102.5,156,F1,75,,,,,
2025-01-15,2025-01-15,FO,NSE,IDO,61390,,NIFTY,,2029-12-27,2029-12-27,18000.0,CE,NIFTY29DEC18000CE,0.0,0.0,0.0,11362.4,0.0,11362.4,23213.2,10377.8,0,0,0,0.0,0,F1,75,,,,,
2025-01-15,2025-01-15,FO,NSE,IDO,52899,,NIFTY,,2025-01-16,2025-01-16,26150.0,PE,NIFTY2511626150PE,0.0,0.0,0.0,1503.5,0.0,1503.5,23213.2,2931.95,0,0,0,0.0,0,F1,75,,,,,
2025-01-15,2025-01-15,FO,NSE,IDO,57607,,NIFTY,,2025-02-27,2025-02-27,24150.0,CE,NIFTY25FEB24150CE,199.2,199.2,199.2,199.2,199.2,195.1,23213.2,163.85,7575,0,1,1826190.0,1,F1,75,,,,,
2025-01-15,2025-01-15,FO,NSE,IDO,54819,,NIFTY,,2025-03-27,2025-03-27,24150.0,CE,NIFTY25MAR24150CE,0.0,0.0,0.0,342.85,342.85,342.85,23213.2,306.3,975,0,0,0.0,0,F1,75,,,,,
2025-01-15,2025-01-15,FO,NSE,IDO,46869,,NIFTY,,2025-03-27,2025-03-27,21350.0,PE,NIFTY25MAR21350PE,0.0,0.0,0.0,89.8,89.8,89.8,23213.2,30.0,2850,0,0,0.0,0,F1,75,,,,,
2025-01-15,2025-01-15,FO,NSE,IDO,43171,,NIFTY,,2025-01-30,2025-01-30,21350.0,CE,NIFTY25JAN21350CE,0.0,0.0,0.0,3266.65,0.0,3266.65,23213.2,1922.5,0,0,0,0.0,0,F1,25,,,,,
2025-01-15,2025-01-15,FO,NSE,IDO,55569,,NIFTY,,2025-02-27,2025-02-27,21350.0,CE,NIFTY25FEB21350CE,0.0,0.0,0.0,2991.9,0.0,2991.9,23213.2,2042.1,0,0,0,0.0,0,F1,75,,,,,
2025-01-15,2025-01-15,FO,NSE,IDO,44788,,NIFTY,,2025-02-06,2025-02-06,21350.0,CE,NIFTY2520621350CE,0.0,0.0,0.0,2988.65,0.0,2988.65,23213.2,1950.9,0,0,0,0.0,0,F1,75,,,,,
2025-01-15,2025-01-15,FO,NSE,IDO,52359,,NIFTY,,2025-01-16,2025-01-16,21350.0,PE,NIFTY2511621350PE,0.9,0.95,0.2,0.3,0.3,0.9,23213.2,0.3,2964075,118050,364932,584361084562.5,56185,F1,75,,,,,
2025-01-15,2025-01-15,FO,NSE,IDO,55570,,NIFTY,,2025-02-27,2025-02-27,21350.0,PE,NIFTY25FEB21350PE,0.0,0.0,0.0,42.7,0.0,42.7,23213.2,9.8,0,0,0,0.0,0,F1,75,,,,,
2025-01-15,2025-01-15,FO,NSE,IDO,52358,,NIFTY,,2025-01-16,2025-01-16,21350.0,CE,NIFTY2511621350CE,0.0,0.0,0.0,1885.95,1885.95,1885.95,23213.2,1867.15,1800,0,0,0.0,0,F1,75,,,,,
2025-01-15,2025-01-15,FO,NSE,IDO,51119,,NIFTY,,2025-03-27,2025-03-27,23300.0,PE,NIFTY25MAR23300PE,505.0,525.45,476.05,491.6,491.0,507.6,23213.2,491.6,13875,-600,50,89251961.25,31,F1,75,,,,,
2025-01-15,2025-01-15,FO,NSE,IDO,55652,,NIFTY,,2025-02-27,2025-02-27,23300.0,PE,NIFTY25FEB23300PE,433.95,469.45,409.0,435.9,432.4,444.8,23213.2,435.9,161400,2850,665,1184111186.25,442,F1,75,,,,,
2025-01-15,2025-01-15,FO,NSE,IDO,64591,,NIFTY,,2025-03-27,2025-03-27,30000.0,PE,NIFTY25MAR30000PE,6368.7,6368.7,6255.4,6255.4,6255.4,6309.0,23213.2,6395.5,32875,0,3,8169191.25,3,F1,75,,,,,
2025-01-15,2025-01-15,FO,NSE,IDO,54938,,NIFTY,,2025-01-23,2025-01-23,23300.0,PE,NIFTY2512323300PE,229.15,262.2,189.8,216.05,212.95,231.65,23213.2,216.05,957900,357375,68136,120187496745.0,37995,F1,75,,,,,
2025-01-15,2025-01-15,FO,NSE,IDO,54937,,NIFTY,,2025-01-23,2025-01-23,23300.0,CE,NIFTY2512323300CE,189.7,193.95,125.75,142.8,146.0,170.45,23213.2,142.8,1512675,688050,110458,194307728666.25,53335,F1,75,,,,,
2025-01-15,2025-01-15,FO,NSE,IDO,52568,,NIFTY,,2025-01-16,2025-01-16,23300.0,CE,NIFTY2511623300CE,70.0,73.45,16.3,21.6,22.55,55.95,23213.2,21.6,14495850,8572650,5538449,9693242985675.0,2079783,F1,75,,,,,
2025-01-15,2025-01-15,FO,NSE,IDO,51181,,NIFTY,,2025-02-13,2025-02-13,22850.0,PE,NIFTY2521322850PE,0.0,0.0,0.0,162.1,0.0,162.1,23213.2,161.0,0,0,0,0.0,0,F1,75,,,,,
2025-01-15,2025-01-15,FO,NSE,IDO,55633,,NIFTY,,2025-02-27,2025-02-27,22850.0,CE,NIFTY25FEB22850CE,0.0,0.0,0.0,1715.2,0.0,1715.2,23213.2,753.7,0,0,0,0.0,0,F1,75,,,,,
2025-01-15,2025-01-15,FO,NSE,IDO,45038,,NIFTY,,2025-02-06,2025-02-06,24700.0,PE,NIFTY2520624700PE,0.0,0.0,0.0,673.25,0.0,673.25,23213.2,1399.9,0,0,0,0.0,0,F1,75,,,,,
2025-01-15,2025-01-15,FO,NSE,IDO,52827,,NIFTY,,2025-01-16,2025-01-16,24700.0,PE,NIFTY2511624700PE,1439.1,1532.25,1410.0,1488.2,1485.0,1476.1,23213.2,1488.2,16200,-3300,51,100125952.5,45,F1,75,,,,,
2025-01-15,2025-01-15,FO,NSE,IDO,55045,,NIFTY,,2025-01-23,2025-01-23,24700.0,PE,NIFTY2512324700PE,1500.0,1512.0,1412.55,1475.0,1475.0,1481.65,23213.2,1475.0,12675,2400,34,66718098.75,33,F1,75,,,,,
2025-01-15,2025-01-15,FO,NSE,IDO,56736,,NIFTY,,2025-02-27,2025-02-27,23400.0,PE,NIFTY25FEB23400PE,479.85,513.75,452.5,480.45,477.4,487.3,23213.2,480.45,214350,225,1132,2027297786.25,595,F1,75,,,,,
2025-01-15,2025-01-15,FO,NSE,IDO,52866,,NIFTY,,2025-01-16,2025-01-16,25400.0,CE,NIFTY2511625400CE,0.8,1.15,0.3,0.35,0.3,0.95,23213.2,0.35,445200,-208275,52439,99898493126.25,11744,F1,75,,,,,
2025-01-15,2025-01-15,FO,NSE,IDO,46363,,NIFTY,,2025-01-30,2025-01-30,24300.0,PE,NIFTY25JAN24300PE,1036.95,1102.3,988.0,1046.15,1040.55,1038.55,23213.2,1046.15,345275,-16250,1003,635278233.75,642,F1,25,,,,,
2025-01-15,2025-01-15,FO,NSE,IDO,46362,,NIFTY,,2025-01-30,2025-01-30,24300.0,CE,NIFTY25JAN24300CE,23.65,24.3,16.55,17.95,17.95,22.9,23213.2,17.95,993650,31675,31797,19331723417.5,9511,F1,25,,,,,
2025-01-15,2025-01-15,FO,NSE,IDO,52867,,NIFTY,,2025-01-16,2025-01-16,25400.0,PE,NIFTY2511625400PE,0.0,0.0,0.0,1819.0,1819.0,1819.0,23213.2,2182.1,825,0,0,0.0,0,F1,75,,,,,
2025-01-15,2025-01-15,FO,NSE,IDO,52723,,NIFTY,,2025-01-16,2025-01-16,24300.0,PE,NIFTY2511624300PE,1083.05,1130.0,1010.0,1088.3,1083.0,1065.85,23213.2,1088.3,97725,-54600,795,1513610715.0,282,F1,75,,,,,
2025-01-15,2025-01-15,FO,NSE,IDO,51148,,NIFTY,,2025-02-13,2025-02-13,22250.0,PE,NIFTY2521322250PE,0.0,0.0,0.0,59.15,0.0,59.15,23213.2,44.55,0,0,0,0.0,0,F1,75,,,,,
2025-01-15,2025-01-15,FO,NSE,IDO,55610,,NIFTY,,2025-02-27,2025-02-27,22250.0,PE,NIFTY25FEB22250PE,0.0,0.0,0.0,129.25,0.0,129.25,23213.2,75.95,0,0,0,0.0,0,F1,75,,,,,
2025-01-15,2025-01-15,FO,NSE,IDO,89640,,NIFTY,,2029-06-28,2029-06-28,29000.0,CE,NIFTY29JUN29000CE,0.0,0.0,0.0,5677.9,0.0,5677.9,23213.2,3515.0,0,0,0,0.0,0,F1,75,,,,,
2025-01-15,2025-01-15,FO,NSE,IDO,64583,,NIFTY,,2025-03-27,2025-03-27,29000.0,PE,NIFTY25MAR29000PE,5315.0,5333.85,5290.0,5323.55,5329.9,5315.0,23213.2,5323.55,410175,75,8,20593537.5,8,F1,75,,,,,
2025-01-15,2025-01-15,FO,NSE,IDO,38165,,NIFTY,,2027-12-30,2027-12-30,29000.0,PE,NIFTY27DEC29000PE,0.0,0.0,0.0,4227.5,0.0,4227.5,23213.2,2469.3,0,0,0,0.0,0,F1,75,,,,,
2025-01-15,2025-01-15,FO,NSE,IDO,38152,,NIFTY,,2025-12-24,2025-12-24,29000.0,CE,NIFTY25DEC29000CE,189.1,197.0,185.0,188.0,187.0,190.0,23213.2,188.0,77350,1050,74,162000712.5,59,F1,75,,,,,
2025-01-15,2025-01-15,FO,NSE,IDO,67793,,NIFTY,,2028-12-28,2028-12-28,29000.0,PE,NIFTY28DEC29000PE,0.0,0.0,0.0,2010.85,0.0,2010.85,23213.2,1975.15,0,0,0,0.0,0,F1,75,,,,,
2025-01-15,2025-01-15,FO,NSE,IDO,61914,,NIFTY,,2029-12-27,2029-12-27,29000.0,CE,NIFTY29DEC29000CE,0.0,0.0,0.0,5305.8,0.0,5305.8,23213.2,4049.05,0,0,0,0.0,0,F1,75,,,,,
2025-01-15,2025-01-15,FO,NSE,IDO,51261,,NIFTY,,2025-02-13,2025-02-13,24200.0,CE,NIFTY2521324200CE,0.0,0.0,0.0,268.25,0.0,268.25,23213.2,83.85,0,0,0,0.0,0,F1,75,,,,,
2025-01-15,2025-01-15,FO,NSE,IDO,43262,,NIFTY,,2025-01-30,2025-01-30,22850.0,PE,NIFTY25JAN22850PE,114.05,140.4,100.7,115.1,113.25,127.3,23213.2,115.1,133425,28325,6142,3526966895.0,3287,F1,25,,,,,
2025-01-15,2025-01-15,FO,NSE,IDO,52905,,NIFTY,,2025-01-16,2025-01-16,26300.0,PE,NIFTY2511626300PE,0.0,0.0,0.0,1635.25,0.0,1635.25,23213.2,3081.95,0,0,0,0.0,0,F1,75,,,,,
2025-01-15,2025-01-15,FO,NSE,IDO,57661,,NIFTY,,2025-02-27,2025-02-27,25450.0,CE,NIFTY25FEB25450CE,0.0,0.0,0.0,32.6,32.6,32.6,23213.2,16.2,3150,0,0,0.0,0,F1,75,,,,,
2025-01-15,2025-01-15,FO,NSE,IDO,45087,,NIFTY,,2025-02-06,2025-02-06,25450.0,PE,NIFTY2520625450PE,0.0,0.0,0.0,1213.25,0.0,1213.25,23213.2,2134.55,0,0,0,0.0,0,F1,75,,,,,
2025-01-15,2025-01-15,FO,NSE,IDO,52869,,NIFTY,,2025-01-16,2025-01-16,25450.0,PE,NIFTY2511625450PE,0.0,0.0,0.0,942.85,0.0,942.85,23213.2,2232.1,0,0,0,0.0,0,F1,75,,,,,
2025-01-15,2025-01-15,FO,NSE,IDO,71395,,NIFTY,,2025-12-24,2025-12-24,25000.0,CE,NIFTY25DEC25000CE,1159.6,1190.0,1143.05,1154.25,1180.1,1169.1,23213.2,1154.25,118200,-275,142,278677338.75,130,F1,75,,,,,
2025-01-15,2025-01-15,FO,NSE,IDO,64570,,NIFTY,,2025-03-27,2025-03-27,25000.0,CE,NIFTY25MAR25000CE,136.6,139.5,118.55,123.9,124.95,133.45,23213.2,123.9,1186075,-63100,4409,8309039767.5,3068,F1,75,,,,,
2025-01-15,2025-01-15,FO,NSE,IDO,46518,,NIFTY,,2025-01-30,2025-01-30,25800.0,PE,NIFTY25JAN25800PE,2524.2,2524.2,2499.45,2521.85,2521.85,2532.05,23213.2,2515.35,45025,-350,65,46021792.5,7,F1,25,,,,,
2025-01-15,2025-01-15,FO,NSE,IDO,53627,,NIFTY,,2027-12-30,2027-12-30,25000.0,PE,NIFTY27DEC25000PE,0.0,0.0,0.0,2948.45,0.0,2948.45,23213.2,951.3,0,0,0,0.0,0,F1,75,,,,,
2025-01-15,2025-01-15,FO,NSE,IDO,55068,,NIFTY,,2025-01-23,2025-01-23,25000.0,PE,NIFTY2512325000PE,1765.55,1821.55,1698.0,1768.4,1759.0,1762.95,23213.2,1768.4,71550,61500,835,1677104062.5,451,F1,75,,,,,
2025-01-15,2025-01-15,FO,NSE,IDO,53626,,NIFTY,,2027-12-30,2027-12-30,25000.0,CE,NIFTY27DEC25000CE,0.0,0.0,0.0,3458.35,0.0,3458.35,23213.2,3686.85,0,0,0,0.0,0,F1,75,,,,,
2025-01-15,2025-01-15,FO,NSE,IDO,61773,,NIFTY,,2029-12-27,2029-12-27,25000.0,PE,NIFTY29DEC25000PE,0.0,0.0,0.0,785.3,0.0,785.3,23213.2,664.5,0,0,0,0.0,0,F1,75,,,,,
2025-01-15,2025-01-15,FO,NSE,IDO,89633,,NIFTY,,2029-06-28,2029-06-28,25000.0,PE,NIFTY29JUN25000PE,0.0,0.0,0.0,852.5,0.0,852.5,23213.2,726.9,0,0,0,0.0,0,F1,75,,,,,
2025-01-15,2025-01-15,FO,NSE,IDO,64694,,NIFTY,,2025-09-25,2025-09-25,25000.0,CE,NIFTY25SEP25000CE,0.0,0.0,0.0,3510.0,0.0,3510.0,23213.2,772.6,0,0,0,0.0,0,F1,75,,,,,
2025-01-15,2025-01-15,FO,NSE,IDO,71562,,NIFTY,,2027-06-24,2027-06-24,25000.0,CE,NIFTY27JUN25000CE,0.0,0.0,0.0,2090.05,0.0,2090.05,23213.2,3050.75,0,0,0,0.0,0,F1,75,,,,,
2025-01-15,2025-01-15,FO,NSE,IDO,55067,,NIFTY,,2025-01-23,2025-01-23,25000.0,CE,NIFTY2512325000CE,3.3,3.3,1.85,2.05,1.95,3.4,23213.2,2.05,1225650,354975,52574,98586544357.5,11352,F1,75,,,,,
2025-01-15,2025-01-15,FO,NSE,IDO,57641,,NIFTY,,2025-02-27,2025-02-27,25000.0,CE,NIFTY25FEB25000CE,56.9,59.0,46.05,47.8,47.2,54.6,23213.2,47.8,1377825,67350,8555,16073139821.25,4348,F1,75,,,,,
2025-01-15,2025-01-15,FO,NSE,IDO,67784,,NIFTY,,2028-12-28,2028-12-28,25000.0,CE,NIFTY28DEC25000CE,0.0,0.0,0.0,5350.4,0.0,5350.4,23213.2,4863.8,0,0,0,0.0,0,F1,75,,,,,
2025-01-15,2025-01-15,FO,NSE,IDO,43185,,NIFTY,,2025-01-30,2025-01-30,21500.0,PE,NIFTY25JAN21500PE,10.05,10.5,8.1,8.55,8.5,11.05,23213.2,8.55,144075,51875,10318,5548265058.75,3809,F1,25,,,,,
2025-01-15,2025-01-15,FO,NSE,IDO,54672,,NIFTY,,2025-01-23,2025-01-23,21500.0,CE,NIFTY2512321500CE,0.0,0.0,0.0,2606.0,0.0,2606.0,23213.2,1745.0,0,0,0,0.0,0,F1,75,,,,,
2025-01-15,2025-01-15,FO,NSE,IDO,44975,,NIFTY,,2025-02-06,2025-02-06,23750.0,PE,NIFTY2520623750PE,0.0,0.0,0.0,404.3,404.3,404.3,23213.2,580.8,0,0,0,0.0,0,F1,75,,,,,
2025-01-15,2025-01-15,FO,NSE,IDO,46882,,NIFTY,,2025-03-27,2025-03-27,21500.0,PE,NIFTY25MAR21500PE,99.6,109.95,95.65,104.75,105.0,103.7,23213.2,104.75,68325,35475,1110,1798426886.25,511,F1,75,,,,,
2025-01-15,2025-01-15,FO,NSE,IDO,54994,,NIFTY,,2025-01-23,2025-01-23,23750.0,PE,NIFTY2512323750PE,535.0,566.85,495.55,557.5,557.5,544.95,23213.2,536.75,14025,-75,93,169435327.5,57,F1,75,,,,,
2025-01-15,2025-01-15,FO,NSE,IDO,46311,,NIFTY,,2025-01-30,2025-01-30,23750.0,PE,NIFTY25JAN23750PE,545.0,608.0,500.35,549.75,545.65,560.35,23213.2,549.75,105600,-1200,884,537138477.5,331,F1,25,,,,,
2025-01-15,2025-01-15,FO,NSE,IDO,54673,,NIFTY,,2025-01-23,2025-01-23,21500.0,PE,NIFTY2512321500PE,4.85,4.85,2.2,2.5,2.5,5.45,23213.2,2.5,661800,436350,63910,103068391998.75,17858,F1,75,,,,,
2025-01-15,2025-01-15,FO,NSE,IDO,52658,,NIFTY,,2025-01-16,2025-01-16,23750.0,PE,NIFTY2511623750PE,474.8,590.0,455.6,539.4,530.4,516.2,23213.2,539.4,285600,-8550,999,1818503865.0,641,F1,75,,,,,
2025-01-15,2025-01-15,FO,NSE,IDO,51242,,NIFTY,,2025-02-13,2025-02-13,23750.0,PE,NIFTY2521323750PE,0.0,0.0,0.0,503.5,0.0,503.5,23213.2,600.05,0,0,0,0.0,0,F1,75,,,,,
2025-01-15,2025-01-15,FO,NSE,IDO,38376,,NIFTY,,2025-12-24,2025-12-24,20000.0,CE,NIFTY25DEC20000CE,4630.0,4630.0,4425.0,4425.0,4425.0,4430.05,23213.2,4505.0,20900,75,3,5514873.75,3,F1,75,,,,,
2025-01-15,2025-01-15,FO,NSE,IDO,45047,,NIFTY,,2025-02-06,2025-02-06,24950.0,CE,NIFTY2520624950CE,25.3,25.3,16.3,18.35,18.35,25.3,23213.2,6.15,3225,-75,10,18726600.0,9,F1,75,,,,,
2025-01-15,2025-01-15,FO,NSE,IDO,58644,,NIFTY,,2026-12-31,2026-12-31,20000.0,CE,NIFTY26DEC20000CE,0.0,0.0,0.0,3704.3,0.0,3704.3,23213.2,5809.0,0,0,0,0.0,0,F1,75,,,,,
2025-01-15,2025-01-15,FO,NSE,IDO,56572,,NIFTY,,2025-03-27,2025-03-27,24950.0,CE,NIFTY25MAR24950CE,0.0,0.0,0.0,140.0,140.0,140.0,23213.2,123.55,2475,0,0,0.0,0,F1,75,,,,,
2025-01-15,2025-01-15,FO,NSE,IDO,86143,,NIFTY,,2028-06-29,2028-06-29,20000.0,CE,NIFTY28JUN20000CE,0.0,0.0,0.0,5724.65,0.0,5724.65,23213.2,7511.45,0,0,0,0.0,0,F1,75,,,,,
2025-01-15,2025-01-15,FO,NSE,IDO,55108,,NIFTY,,2025-01-23,2025-01-23,25650.0,PE,NIFTY2512325650PE,0.0,0.0,0.0,1585.75,0.0,1585.75,23213.2,2398.9,0,0,0,0.0,0,F1,75,,,,,
2025-01-15,2025-01-15,FO,NSE,IDO,57670,,NIFTY,,2025-02-27,2025-02-27,25650.0,PE,NIFTY25FEB25650PE,0.0,0.0,0.0,1064.7,1064.7,1064.7,23213.2,2244.2,75,0,0,0.0,0,F1,75,,,,,
2025-01-15,2025-01-15,FO,NSE,IDO,55107,,NIFTY,,2025-01-23,2025-01-23,25650.0,CE,NIFTY2512325650CE,2.35,2.75,1.65,1.8,1.65,2.95,23213.2,1.8,162150,10950,12758,24545342820.0,3051,F1,75,,,,,
2025-01-15,2025-01-15,FO,NSE,IDO,46494,,NIFTY,,2025-01-30,2025-01-30,25650.0,CE,NIFTY25JAN25650CE,4.7,5.15,4.3,4.65,4.45,5.5,23213.2,4.65,19825,-6500,1018,652911170.0,283,F1,25,,,,,
2025-01-15,2025-01-15,FO,NSE,IDO,52877,,NIFTY,,2025-01-16,2025-01-16,25650.0,PE,NIFTY2511625650PE,0.0,0.0,0.0,1092.45,0.0,1092.45,23213.2,2432.05,0,0,0,0.0,0,F1,75,,,,,
2025-01-15,2025-01-15,FO,NSE,IDO,46459,,NIFTY,,2025-01-30,2025-01-30,25250.0,CE,NIFTY25JAN25250CE,7.4,7.65,5.2,5.6,5.25,7.4,23213.2,5.6,57900,-6850,1234,779145140.0,296,F1,25,,,,,
2025-01-15,2025-01-15,FO,NSE,IDO,45076,,NIFTY,,2025-02-06,2025-02-06,25250.0,PE,NIFTY2520625250PE,0.0,0.0,0.0,1055.3,0.0,1055.3,23213.2,1936.5,0,0,0,0.0,0,F1,75,,,,,
2025-01-15,2025-01-15,FO,NSE,IDO,56874,,NIFTY,,2025-03-27,2025-03-27,25250.0,CE,NIFTY25MAR25250CE,0.0,0.0,0.0,372.1,0.0,372.1,23213.2,84.05,0,0,0,0.0,0,F1,75,,,,,
2025-01-15,2025-01-15,FO,NSE,IDO,57594,,NIFTY,,2025-02-27,2025-02-27,23800.0,PE,NIFTY25FEB23800PE,685.95,729.0,656.0,694.9,688.6,693.9,23213.2,694.9,145575,-2475,147,270057855.0,103,F1,75,,,,,
2025-01-15,2025-01-15,FO,NSE,IDO,52663,,NIFTY,,2025-01-16,2025-01-16,23800.0,PE,NIFTY2511623800PE,522.0,641.05,503.6,585.4,580.75,563.3,23213.2,585.4,480450,-119175,6797,12423215223.75,3883,F1,75,,,,,
2025-01-15,2025-01-15,FO,NSE,IDO,51243,,NIFTY,,2025-02-13,2025-02-13,23800.0,CE,NIFTY2521323800CE,0.0,0.0,0.0,423.15,0.0,423.15,23213.2,175.0,0,0,0,0.0,0,F1,75,,,,,
2025-01-15,2025-01-15,FO,NSE,IDO,55061,,NIFTY,,2025-03-27,2025-03-27,24200.0,PE,NIFTY25MAR24200PE,974.4,974.4,955.0,955.0,955.0,1057.05,23213.2,955.0,51300,75,2,3774705.0,2,F1,75,,,,,
2025-01-15,2025-01-15,FO,NSE,IDO,57669,,NIFTY,,2025-02-27,2025-02-27,25650.0,CE,NIFTY25FEB25650CE,0.0,0.0,0.0,35.6,35.6,35.6,23213.2,10.55,5625,0,0,0.0,0,F1,75,,,,,
2025-01-15,2025-01-15,FO,NSE,IDO,56890,,NIFTY,,2025-03-27,2025-03-27,25650.0,CE,NIFTY25MAR25650CE,0.0,0.0,0.0,95.45,95.45,95.45,23213.2,48.45,825,0,0,0.0,0,F1,75,,,,,
2025-01-15,2025-01-15,FO,NSE,IDO,57653,,NIFTY,,2025-02-27,2025-02-27,25250.0,CE,NIFTY25FEB25250CE,40.0,40.2,33.95,33.95,33.95,40.0,23213.2,24.4,3900,-375,15,28450083.75,11,F1,75,,,,,
2025-01-15,2025-01-15,FO,NSE,IDO,57604,,NIFTY,,2025-02-27,2025-02-27,24050.0,PE,NIFTY25FEB24050PE,0.0,0.0,0.0,834.7,834.7,834.7,23213.2,835.55,8325,0,0,0.0,0,F1,75,,,,,
2025-01-15,2025-01-15,FO,NSE,IDO,44990,,NIFTY,,2025-02-06,2025-02-06,24050.0,CE,NIFTY2520624050CE,116.95,120.25,97.35,98.8,97.9,113.05,23213.2,98.8,4125,525,33,59794507.5,21,F1,75,,,,,
2025-01-15,2025-01-15,FO,NSE,IDO,51256,,NIFTY,,2025-02-13,2025-02-13,24050.0,PE,NIFTY2521324050PE,0.0,0.0,0.0,675.75,0.0,675.75,23213.2,820.15,0,0,0,0.0,0,F1,75,,,,,
2025-01-15,2025-01-15,FO,NSE,IDO,55005,,NIFTY,,2025-01-23,2025-01-23,24050.0,CE,NIFTY2512324050CE,14.85,14.85,7.5,7.9,7.75,13.95,23213.2,7.9,207000,78150,17114,30881537838.75,9539,F1,75,,,,,
2025-01-15,2025-01-15,FO,NSE,IDO,55006,,NIFTY,,2025-01-23,2025-01-23,24050.0,PE,NIFTY2512324050PE,805.65,805.65,805.65,805.65,805.65,966.0,23213.2,810.3,4800,300,4,7456695.0,2,F1,75,,,,,
2025-01-15,2025-01-15,FO,NSE,IDO,55062,,NIFTY,,2025-01-23,2025-01-23,24850.0,PE,NIFTY2512324850PE,0.0,0.0,0.0,933.0,0.0,933.0,23213.2,1600.1,0,0,0,0.0,0,F1,75,,,,,
2025-01-15,2025-01-15,FO,NSE,IDO,46409,,NIFTY,,2025-01-30,2025-01-30,24850.0,PE,NIFTY25JAN24850PE,1530.0,1575.0,1530.0,1575.0,1575.0,1606.0,23213.2,1569.95,9300,-75,4,2641375.0,3,F1,25,,,,,
2025-01-15,2025-01-15,FO,NSE,IDO,45044,,NIFTY,,2025-02-06,2025-02-06,24850.0,PE,NIFTY2520624850PE,0.0,0.0,0.0,768.95,0.0,768.95,23213.2,1544.4,0,0,0,0.0,0,F1,75,,,,,
2025-01-15,2025-01-15,FO,NSE,IDO,54725,,NIFTY,,2025-03-27,2025-03-27,24050.0,CE,NIFTY25MAR24050CE,0.0,0.0,0.0,390.65,390.65,390.65,23213.2,339.05,2325,0,0,0.0,0,F1,75,,,,,
2025-01-15,2025-01-15,FO,NSE,IDO,46353,,NIFTY,,2025-01-30,2025-01-30,24050.0,PE,NIFTY25JAN24050PE,828.15,866.7,742.7,804.6,804.6,808.6,23213.2,804.6,40800,-650,75,46567766.25,57,F1,25,,,,,
2025-01-15,2025-01-15,FO,NSE,IDO,58637,,NIFTY,,2026-12-31,2026-12-31,16000.0,PE,NIFTY26DEC16000PE,0.0,0.0,0.0,23.3,23.3,23.3,23213.2,4.3,2425,0,0,0.0,0,F1,75,,,,,
2025-01-15,2025-01-15,FO,NSE,IDO,50462,,NIFTY,,2026-06-25,2026-06-25,16000.0,PE,NIFTY26JUN16000PE,0.0,0.0,0.0,21.25,21.25,21.25,23213.2,1.8,1225,0,0,0.0,0,F1,75,,,,,
2025-01-15,2025-01-15,FO,NSE,IDO,58636,,NIFTY,,2026-12-31,2026-12-31,16000.0,CE,NIFTY26DEC16000CE,0.0,0.0,0.0,6200.0,6200.0,6200.0,23213.2,9199.25,50,0,0,0.0,0,F1,75,,,,,
2025-01-15,2025-01-15,FO,NSE,IDO,49177,,NIFTY,,2025-12-24,2025-12-24,16000.0,CE,NIFTY25DEC16000CE,0.0,0.0,0.0,7200.0,7200.0,7200.0,23213.2,8196.9,50,0,0,0.0,0,F1,75,,,,,
2025-01-15,2025-01-15,FO,NSE,IDO,44863,,NIFTY,,2025-02-06,2025-02-06,22450.0,PE,NIFTY2520622450PE,120.0,123.25,109.0,109.75,109.7,120.0,23213.2,109.75,9225,75,21,35541693.75,15,F1,75,,,,,
2025-01-15,2025-01-15,FO,NSE,IDO,46987,,NIFTY,,2025-03-27,2025-03-27,22300.0,PE,NIFTY25MAR22300PE,207.0,215.9,207.0,214.0,214.0,207.0,23213.2,139.6,90900,150,9,15194467.5,5,F1,75,,,,,
2025-01-15,2025-01-15,FO,NSE,IDO,56882,,NIFTY,,2025-03-27,2025-03-27,25450.0,CE,NIFTY25MAR25450CE,80.9,80.9,74.0,74.0,74.0,79.85,23213.2,74.0,1350,0,12,22976598.75,4,F1,75,,,,,
2025-01-15,2025-01-15,FO,NSE,IDO,51091,,NIFTY,,2025-02-13,2025-02-13,21500.0,CE,NIFTY2521321500CE,0.0,0.0,0.0,2188.7,0.0,2188.7,23213.2,1833.2,0,0,0,0.0,0,F1,75,,,,,
2025-01-15,2025-01-15,FO,NSE,IDO,54991,,NIFTY,,2025-01-23,2025-01-23,23750.0,CE,NIFTY2512323750CE,39.0,40.9,21.25,23.75,24.5,36.45,23213.2,23.75,333450,193200,23610,42105816596.25,14702,F1,75,,,,,
2025-01-15,2025-01-15,FO,NSE,IDO,51241,,NIFTY,,2025-02-13,2025-02-13,23750.0,CE,NIFTY2521323750CE,0.0,0.0,0.0,242.0,242.0,242.0,23213.2,190.3,75,0,0,0.0,0,F1,75,,,,,
2025-01-15,2025-01-15,FO,NSE,IDO,52846,,NIFTY,,2025-01-16,2025-01-16,24950.0,CE,NIFTY2511624950CE,1.2,1.25,0.35,0.5,0.35,1.1,23213.2,0.5,456525,-366900,39263,73472792452.5,8674,F1,75,,,,,
2025-01-15,2025-01-15,FO,NSE,IDO,86144,,NIFTY,,2028-06-29,2028-06-29,20000.0,PE,NIFTY28JUN20000PE,0.0,0.0,0.0,400.0,400.0,400.0,23213.2,138.2,0,0,0,0.0,0,F1,75,,,,,
2025-01-15,2025-01-15,FO,NSE,IDO,61410,,NIFTY,,2029-12-27,2029-12-27,20000.0,CE,NIFTY29DEC20000CE,0.0,0.0,0.0,10081.1,0.0,10081.1,23213.2,9023.45,0,0,0,0.0,0,F1,75,,,,,
2025-01-15,2025-01-15,FO,NSE,IDO,51300,,NIFTY,,2025-02-13,2025-02-13,24950.0,PE,NIFTY2521324950PE,0.0,0.0,0.0,1346.05,0.0,1346.05,23213.2,1618.6,0,0,0,0.0,0,F1,75,,,,,
2025-01-15,2025-01-15,FO,NSE,IDO,46458,,NIFTY,,2025-01-30,2025-01-30,25200.0,PE,NIFTY25JAN25200PE,1985.0,1985.0,1985.0,1985.0,1985.0,1907.35,23213.2,1917.4,54675,-350,14,9514750.0,1,F1,25,,,,,
2025-01-15,2025-01-15,FO,NSE,IDO,55083,,NIFTY,,2025-01-23,2025-01-23,25200.0,CE,NIFTY2512325200CE,2.6,2.95,1.85,2.05,1.85,3.15,23213.2,2.05,962025,829350,47515,89812412283.75,10002,F1,75,,,,,
2025-01-15,2025-01-15,FO,NSE,IDO,57652,,NIFTY,,2025-02-27,2025-02-27,25200.0,PE,NIFTY25FEB25200PE,0.0,0.0,0.0,1569.65,1569.65,1569.65,23213.2,1814.2,2175,0,0,0.0,0,F1,75,,,,,
2025-01-15,2025-01-15,FO,NSE,IDO,51319,,NIFTY,,2025-02-13,2025-02-13,25200.0,CE,NIFTY2521325200CE,20.0,23.15,19.0,20.0,20.0,24.0,23213.2,7.85,525,300,12,22698843.75,9,F1,75,,,,,
2025-01-15,2025-01-15,FO,NSE,IDO,57651,,NIFTY,,2025-02-27,2025-02-27,25200.0,CE,NIFTY25FEB25200CE,39.55,43.9,34.9,36.0,35.55,41.6,23213.2,36.0,84600,9150,877,1660004201.25,290,F1,75,,,,,
2025-01-15,2025-01-15,FO,NSE,IDO,45069,,NIFTY,,2025-02-06,2025-02-06,25200.0,PE,NIFTY2520625200PE,0.0,0.0,0.0,1018.2,0.0,1018.2,23213.2,1887.15,0,0,0,0.0,0,F1,75,,,,,
2025-01-15,2025-01-15,FO,NSE,IDO,55084,,NIFTY,,2025-01-23,2025-01-23,25200.0,PE,NIFTY2512325200PE,1904.0,1936.3,1904.0,1936.3,1936.3,1980.0,23213.2,1949.55,2025,1575,21,42691222.5,8,F1,75,,,,,
2025-01-15,2025-01-15,FO,NSE,IDO,52858,,NIFTY,,2025-01-16,2025-01-16,25200.0,CE,NIFTY2511625200CE,1.0,1.0,0.3,0.35,0.3,1.05,23213.2,0.35,641550,-674325,63715,120423788602.5,11626,F1,75,,,,,
2025-01-15,2025-01-15,FO,NSE,IDO,52859,,NIFTY,,2025-01-16,2025-01-16,25200.0,PE,NIFTY2511625200PE,2005.8,2020.0,1919.05,1984.45,1984.45,1998.7,23213.2,1984.45,11325,-1275,36,73310332.5,25,F1,75,,,,,
2025-01-15,2025-01-15,FO,NSE,IDO,45068,,NIFTY,,2025-02-06,2025-02-06,25200.0,CE,NIFTY2520625200CE,16.85,19.3,13.0,15.1,15.1,17.85,23213.2,2.65,6900,-1125,28,52952250.0,27,F1,75,,,,,
2025-01-15,2025-01-15,FO,NSE,IDO,56872,,NIFTY,,2025-03-27,2025-03-27,25200.0,CE,NIFTY25MAR25200CE,101.0,112.95,91.1,100.95,100.95,98.0,23213.2,89.8,11775,-825,45,85380798.75,20,F1,75,,,,,
2025-01-15,2025-01-15,FO,NSE,IDO,46457,,NIFTY,,2025-01-30,2025-01-30,25200.0,CE,NIFTY25JAN25200CE,7.5,7.65,5.4,5.55,5.55,7.55,23213.2,5.55,735000,-26300,10951,6900787432.5,4476,F1,25,,,,,
2025-01-15,2025-01-15,FO,NSE,IDO,51320,,NIFTY,,2025-02-13,2025-02-13,25200.0,PE,NIFTY2521325200PE,0.0,0.0,0.0,1563.05,0.0,1563.05,23213.2,1859.85,0,0,0,0.0,0,F1,75,,,,,
2025-01-15,2025-01-15,FO,NSE,IDO,56873,,NIFTY,,2025-03-27,2025-03-27,25200.0,PE,NIFTY25MAR25200PE,0.0,0.0,0.0,1380.95,0.0,1380.95,23213.2,1747.9,0,0,0,0.0,0,F1,75,,,,,
2025-01-15,2025-01-15,FO,NSE,IDO,48695,,NIFTY,,2025-03-27,2025-03-27,23200.0,CE,NIFTY25MAR23200CE,825.0,843.75,772.6,791.4,796.0,818.15,23213.2,791.4,24300,14325,354,636905400.0,146,F1,75,,,,,
2025-01-15,2025-01-15,FO,NSE,IDO,44932,,NIFTY,,2025-02-06,2025-02-06,23200.0,CE,NIFTY2520623200CE,459.0,481.8,406.0,434.15,436.9,455.95,23213.2,434.15,21750,5100,493,874066462.5,257,F1,75,,,,,
2025-01-15,2025-01-15,FO,NSE,IDO,54856,,NIFTY,,2025-01-23,2025-01-23,23200.0,PE,NIFTY2512323200PE,155.2,209.6,146.3,167.25,165.65,183.35,23213.2,167.25,2401725,345450,164411,288237670548.75,85242,F1,75,,,,,
2025-01-15,2025-01-15,FO,NSE,IDO,43492,,NIFTY,,2025-01-30,2025-01-30,23200.0,CE,NIFTY25JAN23200CE,325.2,348.5,268.2,294.5,299.0,317.6,23213.2,294.5,1204075,223075,123734,72699501312.5,41316,F1,25,,,,,
2025-01-15,2025-01-15,FO,NSE,IDO,64700,,NIFTY,,2025-09-25,2025-09-25,28000.0,CE,NIFTY25SEP28000CE,0.0,0.0,0.0,1788.2,0.0,1788.2,23213.2,145.35,0,0,0,0.0,0,F1,75,,,,,
2025-01-15,2025-01-15,FO,NSE,IDO,50547,,NIFTY,,2026-12-31,2026-12-31,28000.0,CE,NIFTY26DEC28000CE,0.0,0.0,0.0,1871.1,0.0,1871.1,23213.2,1228.25,0,0,0,0.0,0,F1,75,,,,,
2025-01-15,2025-01-15,FO,NSE,IDO,50550,,NIFTY,,2027-06-24,2027-06-24,28000.0,PE,NIFTY27JUN28000PE,0.0,0.0,0.0,5959.35,0.0,5959.35,23213.2,2268.35,0,0,0,0.0,0,F1,75,,,,,
2025-01-15,2025-01-15,FO,NSE,IDO,50537,,NIFTY,,2025-06-26,2025-06-26,28000.0,CE,NIFTY25JUN28000CE,56.3,59.85,54.6,57.7,57.5,57.7,23213.2,57.7,122475,2350,106,223050285.0,88,F1,75,,,,,
2025-01-15,2025-01-15,FO,NSE,IDO,51096,,NIFTY,,2025-02-13,2025-02-13,21600.0,PE,NIFTY2521321600PE,0.0,0.0,0.0,15.05,0.0,15.05,23213.2,6.95,0,0,0,0.0,0,F1,75,,,,,
2025-01-15,2025-01-15,FO,NSE,IDO,89627,,NIFTY,,2029-06-28,2029-06-28,22000.0,PE,NIFTY29JUN22000PE,0.0,0.0,0.0,422.0,0.0,422.0,23213.2,290.85,0,0,0,0.0,0,F1,75,,,,,
2025-01-15,2025-01-15,FO,NSE,IDO,64688,,NIFTY,,2025-09-25,2025-09-25,22000.0,CE,NIFTY25SEP22000CE,0.0,0.0,0.0,5865.75,0.0,5865.75,23213.2,2476.3,0,0,0,0.0,0,F1,75,,,,,
2025-01-15,2025-01-15,FO,NSE,IDO,57602,,NIFTY,,2025-02-27,2025-02-27,24000.0,PE,NIFTY25FEB24000PE,801.05,862.0,771.15,813.5,808.85,818.9,23213.2,813.5,631800,9900,2050,3816564982.5,1054,F1,75,,,,,
2025-01-15,2025-01-15,FO,NSE,IDO,55648,,NIFTY,,2025-02-27,2025-02-27,23200.0,PE,NIFTY25FEB23200PE,389.95,428.0,375.5,398.65,394.0,403.9,23213.2,398.65,541050,20700,1458,2580940500.0,900,F1,75,,,,,
2025-01-15,2025-01-15,FO,NSE,IDO,52548,,NIFTY,,2025-01-16,2025-01-16,23200.0,CE,NIFTY2511623200CE,115.0,135.0,43.4,62.7,65.8,105.5,23213.2,62.7,10882950,3950775,6246029,10904072752383.75,3205623,F1,75,,,,,
2025-01-15,2025-01-15,FO,NSE,IDO,48696,,NIFTY,,2025-03-27,2025-03-27,23200.0,PE,NIFTY25MAR23200PE,462.6,481.7,435.0,460.25,456.75,462.6,23213.2,460.25,60150,2700,139,246687000.0,99,F1,75,,,,,
2025-01-15,2025-01-15,FO,NSE,IDO,52551,,NIFTY,,2025-01-16,2025-01-16,23200.0,PE,NIFTY2511623200PE,55.55,95.0,35.35,48.35,47.8,70.3,23213.2,48.35,13434750,4180125,7584453,13229916598668.75,3509779,F1,75,,,,,
2025-01-15,2025-01-15,FO,NSE,IDO,51202,,NIFTY,,2025-02-13,2025-02-13,23200.0,PE,NIFTY2521323200PE,345.0,370.0,325.0,348.85,346.0,371.3,23213.2,348.85,1200,600,20,35325202.5,12,F1,75,,,,,
2025-01-15,2025-01-15,FO,NSE,IDO,46463,,NIFTY,,2025-01-30,2025-01-30,25350.0,CE,NIFTY25JAN25350CE,6.95,7.05,4.7,5.35,5.4,7.2,23213.2,5.35,27425,-350,347,219961415.0,114,F1,25,,,,,
2025-01-15,2025-01-15,FO,NSE,IDO,45081,,NIFTY,,2025-02-06,2025-02-06,25350.0,CE,NIFTY2520625350CE,13.45,17.5,12.0,12.8,12.8,14.9,23213.2,1.55,4350,750,56,106528320.0,41,F1,75,,,,,
2025-01-15,2025-01-15,FO,NSE,IDO,56879,,NIFTY,,2025-03-27,2025-03-27,25350.0,PE,NIFTY25MAR25350PE,0.0,0.0,0.0,1487.0,0.0,1487.0,23213.2,1879.7,0,0,0,0.0,0,F1,75,,,,,
2025-01-15,2025-01-15,FO,NSE,IDO,55051,,NIFTY,,2025-01-23,2025-01-23,24750.0,PE,NIFTY2512324750PE,0.0,0.0,0.0,861.6,0.0,861.6,23213.2,1500.35,0,0,0,0.0,0,F1,75,,,,,
2025-01-15,2025-01-15,FO,NSE,IDO,51290,,NIFTY,,2025-02-13,2025-02-13,24750.0,PE,NIFTY2521324750PE,0.0,0.0,0.0,1180.45,0.0,1180.45,23213.2,1429.5,0,0,0,0.0,0,F1,75,,,,,
2025-01-15,2025-01-15,FO,NSE,IDO,56545,,NIFTY,,2025-03-27,2025-03-27,24750.0,PE,NIFTY25MAR24750PE,0.0,0.0,0.0,1085.85,0.0,1085.85,23213.2,1371.5,0,0,0,0.0,0,F1,75,,,,,
2025-01-15,2025-01-15,FO,NSE,IDO,52408,,NIFTY,,2025-01-16,2025-01-16,21850.0,PE,NIFTY2511621850PE,1.35,1.35,0.4,0.45,0.4,1.65,23213.2,0.45,3089550,-661350,139079,227923842731.25,30093,F1,75,,,,,
2025-01-15,2025-01-15,FO,NSE,IDO,54686,,NIFTY,,2025-01-23,2025-01-23,21850.0,CE,NIFTY2512321850CE,0.0,0.0,0.0,2264.8,0.0,2264.8,23213.2,1395.65,0,0,0,0.0,0,F1,75,,,,,
2025-01-15,2025-01-15,FO,NSE,IDO,55593,,NIFTY,,2025-02-27,2025-02-27,21850.0,CE,NIFTY25FEB21850CE,0.0,0.0,0.0,2539.6,0.0,2539.6,23213.2,1569.5,0,0,0,0.0,0,F1,75,,,,,
2025-01-15,2025-01-15,FO,NSE,IDO,46927,,NIFTY,,2025-03-27,2025-03-27,21850.0,PE,NIFTY25MAR21850PE,0.0,0.0,0.0,102.45,102.45,102.45,23213.2,71.35,3600,0,0,0.0,0,F1,75,,,,,
2025-01-15,2025-01-15,FO,NSE,IDO,44823,,NIFTY,,2025-02-06,2025-02-06,21850.0,PE,NIFTY2520621850PE,42.0,47.0,38.0,41.7,41.7,44.7,23213.2,41.7,7050,1125,43,70602326.25,26,F1,75,,,,,
2025-01-15,2025-01-15,FO,NSE,IDO,54677,,NIFTY,,2025-01-23,2025-01-23,21600.0,PE,NIFTY2512321600PE,5.5,5.5,2.5,3.05,3.15,5.7,23213.2,3.05,106275,83775,18567,30083158758.75,8253,F1,75,,,,,
2025-01-15,2025-01-15,FO,NSE,IDO,89625,,NIFTY,,2029-06-28,2029-06-28,21000.0,PE,NIFTY29JUN21000PE,0.0,0.0,0.0,320.25,0.0,320.25,23213.2,201.0,0,0,0,0.0,0,F1,75,,,,,
2025-01-15,2025-01-15,FO,NSE,IDO,67776,,NIFTY,,2028-12-28,2028-12-28,21000.0,CE,NIFTY28DEC21000CE,0.0,0.0,0.0,7512.5,0.0,7512.5,23213.2,7341.7,0,0,0,0.0,0,F1,75,,,,,
2025-01-15,2025-01-15,FO,NSE,IDO,67777,,NIFTY,,2028-12-28,2028-12-28,21000.0,PE,NIFTY28DEC21000PE,0.0,0.0,0.0,500.0,500.0,500.0,23213.2,209.95,1000,0,0,0.0,0,F1,75,,,,,
2025-01-15,2025-01-15,FO,NSE,IDO,71554,,NIFTY,,2027-06-24,2027-06-24,21000.0,PE,NIFTY27JUN21000PE,0.0,0.0,0.0,500.0,500.0,500.0,23213.2,220.0,200,0,0,0.0,0,F1,75,,,,,
2025-01-15,2025-01-15,FO,NSE,IDO,64561,,NIFTY,,2025-03-27,2025-03-27,21000.0,PE,NIFTY25MAR21000PE,60.8,68.95,59.2,64.75,63.9,65.4,23213.2,64.75,1117525,75425,3496,5523059726.25,1955,F1,75,,,,,
2025-01-15,2025-01-15,FO,NSE,IDO,52895,,NIFTY,,2025-01-16,2025-01-16,26050.0,PE,NIFTY2511626050PE,0.0,0.0,0.0,1417.6,0.0,1417.6,23213.2,2832.0,0,0,0,0.0,0,F1,75,,,,,
2025-01-15,2025-01-15,FO,NSE,IDO,55022,,NIFTY,,2025-01-23,2025-01-23,24300.0,PE,NIFTY2512324300PE,1071.0,1115.0,1009.2,1073.7,1065.1,1076.65,23213.2,1073.7,34650,19200,266,506226153.75,194,F1,75,,,,,
2025-01-15,2025-01-15,FO,NSE,IDO,51268,,NIFTY,,2025-02-13,2025-02-13,24300.0,PE,NIFTY2521324300PE,0.0,0.0,0.0,840.65,0.0,840.65,23213.2,1025.3,0,0,0,0.0,0,F1,75,,,,,
2025-01-15,2025-01-15,FO,NSE,IDO,55197,,NIFTY,,2025-03-27,2025-03-27,24300.0,CE,NIFTY25MAR24300CE,300.0,303.0,266.95,266.95,266.95,295.85,23213.2,266.95,50100,3525,100,184443986.25,36,F1,75,,,,,
2025-01-15,2025-01-15,FO,NSE,IDO,55637,,NIFTY,,2025-02-27,2025-02-27,22950.0,CE,NIFTY25FEB22950CE,0.0,0.0,0.0,743.9,743.9,743.9,23213.2,687.35,300,0,0,0.0,0,F1,75,,,,,
2025-01-15,2025-01-15,FO,NSE,IDO,55585,,NIFTY,,2025-02-27,2025-02-27,21650.0,CE,NIFTY25FEB21650CE,0.0,0.0,0.0,2718.05,0.0,2718.05,23213.2,1755.6,0,0,0,0.0,0,F1,75,,,,,
2025-01-15,2025-01-15,FO,NSE,IDO,55638,,NIFTY,,2025-02-27,2025-02-27,22950.0,PE,NIFTY25FEB22950PE,315.55,315.55,303.0,303.0,303.0,309.75,23213.2,303.0,9300,0,5,8722117.5,4,F1,75,,,,,
2025-01-15,2025-01-15,FO,NSE,IDO,51100,,NIFTY,,2025-02-13,2025-02-13,21650.0,PE,NIFTY2521321650PE,0.0,0.0,0.0,16.9,0.0,16.9,23213.2,8.2,0,0,0,0.0,0,F1,75,,,,,
2025-01-15,2025-01-15,FO,NSE,IDO,46892,,NIFTY,,2025-03-27,2025-03-27,21650.0,CE,NIFTY25MAR21650CE,0.0,0.0,0.0,2563.9,0.0,2563.9,23213.2,1896.9,0,0,0,0.0,0,F1,75,,,,,
2025-01-15,2025-01-15,FO,NSE,IDO,52375,,NIFTY,,2025-01-16,2025-01-16,21650.0,CE,NIFTY2511621650CE,0.0,0.0,0.0,3051.05,0.0,3051.05,23213.2,1567.2,0,0,0,0.0,0,F1,75,,,,,
2025-01-15,2025-01-15,FO,NSE,IDO,44807,,NIFTY,,2025-02-06,2025-02-06,21650.0,PE,NIFTY2520621650PE,0.0,0.0,0.0,3.5,0.0,3.5,23213.2,3.6,0,0,0,0.0,0,F1,75,,,,,
2025-01-15,2025-01-15,FO,NSE,IDO,52376,,NIFTY,,2025-01-16,2025-01-16,21650.0,PE,NIFTY2511621650PE,1.0,1.95,0.25,0.35,0.25,1.2,23213.2,0.35,218550,-119325,27836,45199985988.75,5622,F1,75,,,,,
2025-01-15,2025-01-15,FO,NSE,IDO,55586,,NIFTY,,2025-02-27,2025-02-27,21650.0,PE,NIFTY25FEB21650PE,0.0,0.0,0.0,63.45,0.0,63.45,23213.2,20.95,0,0,0,0.0,0,F1,75,,,,,
2025-01-15,2025-01-15,FO,NSE,IDO,52517,,NIFTY,,2025-01-16,2025-01-16,22950.0,CE,NIFTY2511622950CE,340.0,359.55,228.3,274.55,277.95,307.15,23213.2,274.55,180825,-11775,21887,38122711773.75,14091,F1,75,,,,,
2025-01-15,2025-01-15,FO,NSE,IDO,51139,,NIFTY,,2025-02-13,2025-02-13,22050.0,CE,NIFTY2521322050CE,0.0,0.0,0.0,1670.85,0.0,1670.85,23213.2,1307.75,0,0,0,0.0,0,F1,75,,,,,
2025-01-15,2025-01-15,FO,NSE,IDO,55602,,NIFTY,,2025-02-27,2025-02-27,22050.0,PE,NIFTY25FEB22050PE,0.0,0.0,0.0,103.1,0.0,103.1,23213.2,51.05,0,0,0,0.0,0,F1,75,,,,,
2025-01-15,2025-01-15,FO,NSE,IDO,44855,,NIFTY,,2025-02-06,2025-02-06,22250.0,PE,NIFTY2520622250PE,0.0,0.0,0.0,15.95,0.0,15.95,23213.2,28.45,0,0,0,0.0,0,F1,75,,,,,
2025-01-15,2025-01-15,FO,NSE,IDO,43234,,NIFTY,,2025-01-30,2025-01-30,22250.0,PE,NIFTY25JAN22250PE,33.3,39.1,28.45,32.5,31.5,36.6,23213.2,32.5,99475,12375,4769,2656859033.75,1227,F1,25,,,,,
2025-01-15,2025-01-15,FO,NSE,IDO,51186,,NIFTY,,2025-02-13,2025-02-13,23000.0,CE,NIFTY2521323000CE,650.35,675.0,589.25,622.2,627.0,650.35,23213.2,622.2,2925,150,43,76188123.75,34,F1,75,,,,,
2025-01-15,2025-01-15,FO,NSE,IDO,71558,,NIFTY,,2027-06-24,2027-06-24,23000.0,CE,NIFTY27JUN23000CE,0.0,0.0,0.0,2530.05,0.0,2530.05,23213.2,4229.2,0,0,0,0.0,0,F1,75,,,,,
2025-01-15,2025-01-15,FO,NSE,IDO,54777,,NIFTY,,2025-01-23,2025-01-23,23000.0,PE,NIFTY2512323000PE,114.05,130.5,86.2,98.85,96.4,113.45,23213.2,98.85,1437600,563025,129432,224274347850.0,60738,F1,75,,,,,
2025-01-15,2025-01-15,FO,NSE,IDO,55640,,NIFTY,,2025-02-27,2025-02-27,23000.0,PE,NIFTY25FEB23000PE,307.4,349.95,302.85,324.65,321.2,331.8,23213.2,324.65,1576875,61500,6968,12190904145.0,3854,F1,75,,,,,
2025-01-15,2025-01-15,FO,NSE,IDO,64565,,NIFTY,,2025-03-27,2025-03-27,23000.0,PE,NIFTY25MAR23000PE,380.45,418.0,371.15,392.05,392.0,397.2,23213.2,392.05,1701325,74025,4644,8148019980.0,3387,F1,75,,,,,
2025-01-15,2025-01-15,FO,NSE,IDO,51281,,NIFTY,,2025-02-13,2025-02-13,24550.0,CE,NIFTY2521324550CE,0.0,0.0,0.0,68.4,68.4,68.4,23213.2,39.95,150,0,0,0.0,0,F1,75,,,,,
2025-01-15,2025-01-15,FO,NSE,IDO,54984,,NIFTY,,2025-01-23,2025-01-23,23550.0,PE,NIFTY2512323550PE,371.95,428.35,334.9,379.35,373.0,394.35,23213.2,379.35,82125,-300,949,1703541457.5,609,F1,75,,,,,
2025-01-15,2025-01-15,FO,NSE,IDO,57624,,NIFTY,,2025-02-27,2025-02-27,24550.0,PE,NIFTY25FEB24550PE,0.0,0.0,0.0,1200.75,1200.75,1200.75,23213.2,1230.1,1350,0,0,0.0,0,F1,75,,,,,
2025-01-15,2025-01-15,FO,NSE,IDO,67781,,NIFTY,,2028-12-28,2028-12-28,23000.0,PE,NIFTY28DEC23000PE,0.0,0.0,0.0,807.15,800.0,807.15,23213.2,436.65,1350,0,0,0.0,0,F1,75,,,,,
2025-01-15,2025-01-15,FO,NSE,IDO,54776,,NIFTY,,2025-01-23,2025-01-23,23000.0,CE,NIFTY2512323000CE,395.85,395.85,290.0,322.2,328.9,351.15,23213.2,322.2,405750,126975,25325,44311877486.25,17031,F1,75,,,,,
2025-01-15,2025-01-15,FO,NSE,IDO,51219,,NIFTY,,2025-02-13,2025-02-13,23550.0,CE,NIFTY2521323550CE,0.0,0.0,0.0,546.3,0.0,546.3,23213.2,261.45,0,0,0,0.0,0,F1,75,,,,,
2025-01-15,2025-01-15,FO,NSE,IDO,37794,,NIFTY,,2025-06-26,2025-06-26,23000.0,PE,NIFTY25JUN23000PE,496.05,523.9,480.0,504.25,502.0,508.0,23213.2,504.25,595200,30525,1332,2347747773.75,1033,F1,75,,,,,
2025-01-15,2025-01-15,FO,NSE,IDO,43272,,NIFTY,,2025-01-30,2025-01-30,23000.0,PE,NIFTY25JAN23000PE,165.0,187.45,137.0,156.65,153.25,169.6,23213.2,156.65,4086200,-10650,176141,101990420907.5,53477,F1,25,,,,,
2025-01-15,2025-01-15,FO,NSE,IDO,52368,,NIFTY,,2025-01-16,2025-01-16,21550.0,CE,NIFTY2511621550CE,0.0,0.0,0.0,3149.95,0.0,3149.95,23213.2,1667.2,0,0,0,0.0,0,F1,75,,,,,
2025-01-15,2025-01-15,FO,NSE,IDO,55033,,NIFTY,,2025-01-23,2025-01-23,24450.0,CE,NIFTY2512324450CE,6.75,6.75,3.2,3.3,3.4,5.8,23213.2,3.3,76425,20775,6765,12407285666.25,2994,F1,75,,,,,
2025-01-15,2025-01-15,FO,NSE,IDO,45023,,NIFTY,,2025-02-06,2025-02-06,24450.0,PE,NIFTY2520624450PE,0.0,0.0,0.0,529.2,0.0,529.2,23213.2,1164.75,0,0,0,0.0,0,F1,75,,,,,
2025-01-15,2025-01-15,FO,NSE,IDO,46368,,NIFTY,,2025-01-30,2025-01-30,24450.0,CE,NIFTY25JAN24450CE,17.65,17.65,12.05,13.15,13.35,17.2,23213.2,13.15,122250,18225,6542,4001017201.25,2697,F1,25,,,,,
2025-01-15,2025-01-15,FO,NSE,IDO,55034,,NIFTY,,2025-01-23,2025-01-23,24450.0,PE,NIFTY2512324450PE,0.0,0.0,0.0,1215.0,1215.0,1215.0,23213.2,1201.6,375,0,0,0.0,0,F1,75,,,,,
2025-01-15,2025-01-15,FO,NSE,IDO,51276,,NIFTY,,2025-02-13,2025-02-13,24450.0,PE,NIFTY2521324450PE,0.0,0.0,0.0,948.15,0.0,948.15,23213.2,1155.85,0,0,0,0.0,0,F1,75,,,,,
2025-01-15,2025-01-15,FO,NSE,IDO,57668,,NIFTY,,2025-02-27,2025-02-27,25600.0,PE,NIFTY25FEB25600PE,0.0,0.0,0.0,2320.6,2320.6,2320.6,23213.2,2195.8,3000,0,0,0.0,0,F1,75,,,,,
2025-01-15,2025-01-15,FO,NSE,IDO,52874,,NIFTY,,2025-01-16,2025-01-16,25600.0,CE,NIFTY2511625600CE,0.95,0.95,0.25,0.4,0.3,1.0,23213.2,0.4,263700,-199800,39589,76012562613.75,8648,F1,75,,,,,
2025-01-15,2025-01-15,FO,NSE,IDO,55105,,NIFTY,,2025-01-23,2025-01-23,25600.0,CE,NIFTY2512325600CE,3.0,3.6,1.55,1.7,1.65,3.0,23213.2,1.7,147525,-7350,12527,24053879242.5,3880,F1,75,,,,,
2025-01-15,2025-01-15,FO,NSE,IDO,46492,,NIFTY,,2025-01-30,2025-01-30,25600.0,CE,NIFTY25JAN25600CE,6.2,6.2,4.5,4.8,4.8,6.3,23213.2,4.8,531550,-57275,10731,6869186497.5,2765,F1,25,,,,,
2025-01-15,2025-01-15,FO,NSE,IDO,55106,,NIFTY,,2025-01-23,2025-01-23,25600.0,PE,NIFTY2512325600PE,2350.0,2350.0,2350.0,2350.0,2350.0,1541.55,23213.2,2350.0,75,75,1,2096250.0,1,F1,75,,,,,
2025-01-15,2025-01-15,FO,NSE,IDO,56888,,NIFTY,,2025-03-27,2025-03-27,25600.0,CE,NIFTY25MAR25600CE,57.55,65.0,57.55,65.0,65.0,71.4,23213.2,52.05,1950,150,3,5774066.25,3,F1,75,,,,,
2025-01-15,2025-01-15,FO,NSE,IDO,57667,,NIFTY,,2025-02-27,2025-02-27,25600.0,CE,NIFTY25FEB25600CE,26.0,26.0,22.0,23.05,22.65,26.85,23213.2,23.05,26100,450,157,301718460.0,102,F1,75,,,,,
2025-01-15,2025-01-15,FO,NSE,IDO,45093,,NIFTY,,2025-02-06,2025-02-06,25600.0,CE,NIFTY2520625600CE,12.0,15.0,9.8,9.8,9.8,14.55,23213.2,0.6,7050,-375,37,71072013.75,16,F1,75,,,,,
2025-01-15,2025-01-15,FO,NSE,IDO,46493,,NIFTY,,2025-01-30,2025-01-30,25600.0,PE,NIFTY25JAN25600PE,2372.0,2372.0,2260.0,2302.3,2302.3,2358.8,23213.2,2315.95,33525,75,5,3486357.5,3,F1,25,,,,,
2025-01-15,2025-01-15,FO,NSE,IDO,45094,,NIFTY,,2025-02-06,2025-02-06,25600.0,PE,NIFTY2520625600PE,0.0,0.0,0.0,1337.2,0.0,1337.2,23213.2,2283.45,0,0,0,0.0,0,F1,75,,,,,
2025-01-15,2025-01-15,FO,NSE,IDO,52875,,NIFTY,,2025-01-16,2025-01-16,25600.0,PE,NIFTY2511625600PE,2430.0,2430.0,2392.0,2392.0,2392.0,2195.0,23213.2,2392.0,4950,-225,3,6301050.0,2,F1,75,,,,,
2025-01-15,2025-01-15,FO,NSE,IDO,56889,,NIFTY,,2025-03-27,2025-03-27,25600.0,PE,NIFTY25MAR25600PE,0.0,0.0,0.0,1672.75,0.0,1672.75,23213.2,2104.9,0,0,0,0.0,0,F1,75,,,,,
2025-01-15,2025-01-15,FO,NSE,IDO,54771,,NIFTY,,2025-01-23,2025-01-23,22850.0,PE,NIFTY2512322850PE,67.05,88.4,56.6,64.7,63.1,77.7,23213.2,64.7,200550,67575,17526,30126778980.0,10534,F1,75,,,,,
2025-01-15,2025-01-15,FO,NSE,IDO,57703,,NIFTY,,2025-02-27,2025-02-27,26300.0,PE,NIFTY25FEB26300PE,0.0,0.0,0.0,2103.6,0.0,2103.6,23213.2,2880.8,0,0,0,0.0,0,F1,75,,,,,
2025-01-15,2025-01-15,FO,NSE,IDO,52904,,NIFTY,,2025-01-16,2025-01-16,26300.0,CE,NIFTY2511626300CE,0.8,0.9,0.2,0.3,0.25,0.95,23213.2,0.3,796800,-317325,53599,105725829746.25,7264,F1,75,,,,,
2025-01-15,2025-01-15,FO,NSE,IDO,57702,,NIFTY,,2025-02-27,2025-02-27,26300.0,CE,NIFTY25FEB26300CE,15.0,15.0,14.0,14.65,14.65,15.5,23213.2,14.65,15225,-300,33,65128650.0,11,F1,75,,,,,
2025-01-15,2025-01-15,FO,NSE,IDO,46613,,NIFTY,,2025-01-30,2025-01-30,26300.0,CE,NIFTY25JAN26300CE,3.5,4.0,2.85,3.1,2.95,4.1,23213.2,3.1,49850,-6950,1055,693751551.25,404,F1,25,,,,,
2025-01-15,2025-01-15,FO,NSE,IDO,46389,,NIFTY,,2025-01-30,2025-01-30,24700.0,CE,NIFTY25JAN24700CE,12.05,12.2,8.3,8.7,8.75,11.75,23213.2,8.7,705200,2375,18488,11420705873.75,5289,F1,25,,,,,
2025-01-15,2025-01-15,FO,NSE,IDO,51287,,NIFTY,,2025-02-13,2025-02-13,24700.0,CE,NIFTY2521324700CE,0.0,0.0,0.0,139.6,0.0,139.6,23213.2,28.25,0,0,0,0.0,0,F1,75,,,,,
2025-01-15,2025-01-15,FO,NSE,IDO,46390,,NIFTY,,2025-01-30,2025-01-30,24700.0,PE,NIFTY25JAN24700PE,1475.0,1495.0,1378.1,1432.3,1432.0,1428.15,23213.2,1432.3,182900,-1450,139,90835460.0,44,F1,25,,,,,
2025-01-15,2025-01-15,FO,NSE,IDO,46868,,NIFTY,,2025-03-27,2025-03-27,21350.0,CE,NIFTY25MAR21350CE,0.0,0.0,0.0,2834.95,0.0,2834.95,23213.2,2171.7,0,0,0,0.0,0,F1,75,,,,,
2025-01-15,2025-01-15,FO,NSE,IDO,51071,,NIFTY,,2025-02-13,2025-02-13,21350.0,CE,NIFTY2521321350CE,0.0,0.0,0.0,2334.0,0.0,2334.0,23213.2,1980.35,0,0,0,0.0,0,F1,75,,,,,
2025-01-15,2025-01-15,FO,NSE,IDO,40091,,NIFTY,,2025-06-26,2025-06-26,15000.0,PE,NIFTY25JUN15000PE,0.0,0.0,0.0,5.55,5.55,5.55,23213.2,0.05,2000,0,0,0.0,0,F1,75,,,,,
2025-01-15,2025-01-15,FO,NSE,IDO,53595,,NIFTY,,2027-12-30,2027-12-30,15000.0,PE,NIFTY27DEC15000PE,0.0,0.0,0.0,43.05,43.05,43.05,23213.2,3.95,475,0,0,0.0,0,F1,75,,,,,
2025-01-15,2025-01-15,FO,NSE,IDO,56883,,NIFTY,,2025-03-27,2025-03-27,25450.0,PE,NIFTY25MAR25450PE,0.0,0.0,0.0,1560.7,0.0,1560.7,23213.2,1969.0,0,0,0,0.0,0,F1,75,,,,,
2025-01-15,2025-01-15,FO,NSE,IDO,89632,,NIFTY,,2029-06-28,2029-06-28,25000.0,CE,NIFTY29JUN25000CE,0.0,0.0,0.0,7557.7,0.0,7557.7,23213.2,5429.15,0,0,0,0.0,0,F1,75,,,,,
2025-01-15,2025-01-15,FO,NSE,IDO,71475,,NIFTY,,2026-06-25,2026-06-25,25000.0,PE,NIFTY26JUN25000PE,0.0,0.0,0.0,6063.1,0.0,6063.1,23213.2,1244.4,0,0,0,0.0,0,F1,75,,,,,
2025-01-15,2025-01-15,FO,NSE,IDO,71474,,NIFTY,,2026-06-25,2026-06-25,25000.0,CE,NIFTY26JUN25000CE,0.0,0.0,0.0,1510.4,0.0,1510.4,23213.2,1774.95,0,0,0,0.0,0,F1,75,,,,,
2025-01-15,2025-01-15,FO,NSE,IDO,58784,,NIFTY,,2025-03-27,2025-03-27,25800.0,PE,NIFTY25MAR25800PE,0.0,0.0,0.0,1825.9,0.0,1825.9,23213.2,2289.2,0,0,0,0.0,0,F1,75,,,,,
2025-01-15,2025-01-15,FO,NSE,IDO,52883,,NIFTY,,2025-01-16,2025-01-16,25800.0,CE,NIFTY2511625800CE,0.95,1.05,0.3,0.45,0.3,0.95,23213.2,0.45,165375,-110250,29884,57826893281.25,7415,F1,75,,,,,
2025-01-15,2025-01-15,FO,NSE,IDO,45052,,NIFTY,,2025-02-06,2025-02-06,25000.0,PE,NIFTY2520625000PE,0.0,0.0,0.0,871.2,0.0,871.2,23213.2,1690.55,0,0,0,0.0,0,F1,75,,,,,
2025-01-15,2025-01-15,FO,NSE,IDO,45112,,NIFTY,,2025-02-06,2025-02-06,25800.0,CE,NIFTY2520625800CE,9.95,10.0,8.1,8.65,8.55,13.0,23213.2,8.65,8475,-675,13,25164341.25,11,F1,75,,,,,
2025-01-15,2025-01-15,FO,NSE,IDO,71504,,NIFTY,,2026-12-31,2026-12-31,25000.0,PE,NIFTY26DEC25000PE,0.0,0.0,0.0,1400.0,1400.0,1400.0,23213.2,1136.3,450,0,0,0.0,0,F1,75,,,,,
2025-01-15,2025-01-15,FO,NSE,IDO,71382,,NIFTY,,2025-06-26,2025-06-26,25000.0,PE,NIFTY25JUN25000PE,1432.0,1472.05,1370.0,1415.25,1407.45,1417.75,23213.2,1415.25,248725,1400,237,469613996.25,218,F1,75,,,,,
2025-01-15,2025-01-15,FO,NSE,IDO,46507,,NIFTY,,2025-01-30,2025-01-30,25800.0,CE,NIFTY25JAN25800CE,5.15,5.15,3.9,4.1,4.05,5.2,23213.2,4.1,123250,-18575,3532,2278509461.25,645,F1,25,,,,,
2025-01-15,2025-01-15,FO,NSE,IDO,64695,,NIFTY,,2025-09-25,2025-09-25,25000.0,PE,NIFTY25SEP25000PE,1390.0,1390.0,1355.0,1390.0,1390.0,1200.0,23213.2,1390.0,525,375,8,15828243.75,8,F1,75,,,,,
2025-01-15,2025-01-15,FO,NSE,IDO,46430,,NIFTY,,2025-01-30,2025-01-30,25000.0,CE,NIFTY25JAN25000CE,9.0,9.75,6.75,6.9,6.8,9.1,23213.2,6.9,4240900,-66150,85057,53176405833.75,14250,F1,25,,,,,
2025-01-15,2025-01-15,FO,NSE,IDO,46431,,NIFTY,,2025-01-30,2025-01-30,25000.0,PE,NIFTY25JAN25000PE,1705.9,1795.7,1663.35,1731.85,1724.35,1726.95,23213.2,1731.85,1424775,-14275,3640,2433434952.5,991,F1,25,,,,,
2025-01-15,2025-01-15,FO,NSE,IDO,71503,,NIFTY,,2026-12-31,2026-12-31,25000.0,CE,NIFTY26DEC25000CE,2500.0,2501.0,2500.0,2501.0,2501.0,2500.0,23213.2,2501.0,3025,75,2,4125075.0,2,F1,75,,,,,
2025-01-15,2025-01-15,FO,NSE,IDO,57676,,NIFTY,,2025-02-27,2025-02-27,25800.0,PE,NIFTY25FEB25800PE,0.0,0.0,0.0,2400.0,2400.0,2400.0,23213.2,2390.0,450,0,0,0.0,0,F1,75,,,,,
2025-01-15,2025-01-15,FO,NSE,IDO,44972,,NIFTY,,2025-02-06,2025-02-06,23700.0,CE,NIFTY2520623700CE,216.25,226.65,184.7,199.1,200.0,216.3,23213.2,199.1,11775,825,140,250970186.25,99,F1,75,,,,,
2025-01-15,2025-01-15,FO,NSE,IDO,57590,,NIFTY,,2025-02-27,2025-02-27,23700.0,PE,NIFTY25FEB23700PE,644.05,673.75,602.0,632.85,627.6,644.05,23213.2,632.85,156900,-525,71,129578373.75,45,F1,75,,,,,
2025-01-15,2025-01-15,FO,NSE,IDO,46273,,NIFTY,,2025-01-30,2025-01-30,23700.0,CE,NIFTY25JAN23700CE,108.0,114.0,76.7,83.7,85.0,103.6,23213.2,83.7,1489075,39875,60334,35884615617.5,20513,F1,25,,,,,
2025-01-15,2025-01-15,FO,NSE,IDO,57591,,NIFTY,,2025-02-27,2025-02-27,23750.0,CE,NIFTY25FEB23750CE,341.9,341.9,314.0,315.0,315.0,341.9,23213.2,283.65,8550,150,3,5416567.5,3,F1,75,,,,,
2025-01-15,2025-01-15,FO,NSE,IDO,55575,,NIFTY,,2025-02-27,2025-02-27,21500.0,CE,NIFTY25FEB21500CE,1922.7,1958.6,1867.8,1900.0,1900.0,1970.0,23213.2,1897.95,6525,6300,84,147700061.25,45,F1,75,,,,,
2025-01-15,2025-01-15,FO,NSE,IDO,53846,,NIFTY,,2025-03-27,2025-03-27,23750.0,CE,NIFTY25MAR23750CE,495.0,495.0,495.0,495.0,495.0,510.0,23213.2,495.0,1500,-75,1,1818375.0,1,F1,75,,,,,
2025-01-15,2025-01-15,FO,NSE,IDO,56528,,NIFTY,,2025-03-27,2025-03-27,24600.0,CE,NIFTY25MAR24600CE,203.9,219.1,190.0,190.0,190.0,209.1,23213.2,187.75,21675,75,6,11161972.5,6,F1,75,,,,,
2025-01-15,2025-01-15,FO,NSE,IDO,52418,,NIFTY,,2025-01-16,2025-01-16,22000.0,PE,NIFTY2511622000PE,1.8,1.8,0.4,0.55,0.4,2.4,23213.2,0.55,5947275,-4077225,749034,1235964240273.75,121195,F1,75,,,,,
2025-01-15,2025-01-15,FO,NSE,IDO,71561,,NIFTY,,2027-06-24,2027-06-24,24000.0,PE,NIFTY27JUN24000PE,0.0,0.0,0.0,5056.2,0.0,5056.2,23213.2,755.6,0,0,0,0.0,0,F1,75,,,,,
2025-01-15,2025-01-15,FO,NSE,IDO,51134,,NIFTY,,2025-02-13,2025-02-13,22000.0,PE,NIFTY2521322000PE,80.25,90.35,76.15,76.15,76.15,78.3,23213.2,76.15,3450,300,7,11593121.25,7,F1,75,,,,,
2025-01-15,2025-01-15,FO,NSE,IDO,58619,,NIFTY,,2025-06-26,2025-06-26,22000.0,PE,NIFTY25JUN22000PE,267.5,289.3,260.05,277.25,276.45,275.35,23213.2,277.25,396925,11050,649,1084227870.0,588,F1,75,,,,,
2025-01-15,2025-01-15,FO,NSE,IDO,58622,,NIFTY,,2025-12-24,2025-12-24,22000.0,CE,NIFTY25DEC22000CE,2950.0,2950.0,2911.0,2915.25,2915.25,3211.0,23213.2,2915.25,15500,375,5,9349608.75,5,F1,75,,,,,
2025-01-15,2025-01-15,FO,NSE,IDO,58618,,NIFTY,,2025-06-26,2025-06-26,22000.0,CE,NIFTY25JUN22000CE,2161.1,2199.3,2089.7,2131.9,2123.8,2137.05,23213.2,2131.9,15975,1125,95,171997106.25,89,F1,75,,,,,
2025-01-15,2025-01-15,FO,NSE,IDO,67782,,NIFTY,,2028-12-28,2028-12-28,24000.0,CE,NIFTY28DEC24000CE,0.0,0.0,0.0,5850.3,0.0,5850.3,23213.2,5432.3,0,0,0,0.0,0,F1,75,,,,,
2025-01-15,2025-01-15,FO,NSE,IDO,71548,,NIFTY,,2027-06-24,2027-06-24,18000.0,PE,NIFTY27JUN18000PE,0.0,0.0,0.0,48.55,48.55,48.55,23213.2,36.6,25,0,0,0.0,0,F1,75,,,,,
2025-01-15,2025-01-15,FO,NSE,IDO,55121,,NIFTY,,2025-12-24,2025-12-24,18000.0,CE,NIFTY25DEC18000CE,6539.95,6539.95,6280.05,6280.05,6280.05,6456.65,23213.2,6326.45,7875,50,3,5485875.0,3,F1,75,,,,,
2025-01-15,2025-01-15,FO,NSE,IDO,55122,,NIFTY,,2025-12-24,2025-12-24,18000.0,PE,NIFTY25DEC18000PE,0.0,0.0,0.0,73.0,73.0,73.0,23213.2,6.95,2900,0,0,0.0,0,F1,75,,,,,
2025-01-15,2025-01-15,FO,NSE,IDO,64691,,NIFTY,,2025-09-25,2025-09-25,23000.0,PE,NIFTY25SEP23000PE,0.0,0.0,0.0,195.15,0.0,195.15,23213.2,510.4,0,0,0,0.0,0,F1,75,,,,,
2025-01-15,2025-01-15,FO,NSE,IDO,86149,,NIFTY,,2028-06-29,2028-06-29,23000.0,CE,NIFTY28JUN23000CE,0.0,0.0,0.0,4323.1,0.0,4323.1,23213.2,5464.45,0,0,0,0.0,0,F1,75,,,,,
2025-01-15,2025-01-15,FO,NSE,IDO,53618,,NIFTY,,2027-12-30,2027-12-30,23000.0,CE,NIFTY27DEC23000CE,0.0,0.0,0.0,4125.7,0.0,4125.7,23213.2,4870.85,0,0,0,0.0,0,F1,75,,,,,
2025-01-15,2025-01-15,FO,NSE,IDO,51190,,NIFTY,,2025-02-13,2025-02-13,23000.0,PE,NIFTY2521323000PE,288.0,306.95,258.05,274.75,277.0,287.2,23213.2,274.75,4800,1650,44,76835835.0,34,F1,75,,,,,
2025-01-15,2025-01-15,FO,NSE,IDO,56886,,NIFTY,,2025-03-27,2025-03-27,25550.0,CE,NIFTY25MAR25550CE,0.0,0.0,0.0,121.55,121.55,121.55,23213.2,55.85,975,0,0,0.0,0,F1,75,,,,,
2025-01-15,2025-01-15,FO,NSE,IDO,55101,,NIFTY,,2025-01-23,2025-01-23,25550.0,CE,NIFTY2512325550CE,2.15,2.8,1.6,1.8,1.65,3.0,23213.2,1.8,28950,-24600,5595,10722386730.0,1868,F1,75,,,,,
2025-01-15,2025-01-15,FO,NSE,IDO,52871,,NIFTY,,2025-01-16,2025-01-16,25500.0,PE,NIFTY2511625500PE,2309.0,2324.45,2240.0,2282.9,2285.0,2263.5,23213.2,2282.9,20550,-5550,77,160399200.0,52,F1,75,,,,,
2025-01-15,2025-01-15,FO,NSE,IDO,52674,,NIFTY,,2025-01-16,2025-01-16,23850.0,CE,NIFTY2511623850CE,3.15,3.15,1.1,1.4,1.35,3.0,23213.2,1.4,2175300,-312825,448251,801875350091.25,85676,F1,75,,,,,
2025-01-15,2025-01-15,FO,NSE,IDO,52676,,NIFTY,,2025-01-16,2025-01-16,23850.0,PE,NIFTY2511623850PE,604.25,687.55,554.1,634.05,629.75,631.1,23213.2,634.05,113775,-10950,241,442528338.75,129,F1,75,,,,,
2025-01-15,2025-01-15,FO,NSE,IDO,51246,,NIFTY,,2025-02-13,2025-02-13,23850.0,PE,NIFTY2521323850PE,0.0,0.0,0.0,557.7,0.0,557.7,23213.2,669.85,0,0,0,0.0,0,F1,75,,,,,
2025-01-15,2025-01-15,FO,NSE,IDO,54720,,NIFTY,,2025-03-27,2025-03-27,23850.0,PE,NIFTY25MAR23850PE,0.0,0.0,0.0,756.0,756.0,756.0,23213.2,737.8,375,0,0,0.0,0,F1,75,,,,,
2025-01-15,2025-01-15,FO,NSE,IDO,54998,,NIFTY,,2025-01-23,2025-01-23,23850.0,PE,NIFTY2512323850PE,629.0,683.9,610.0,644.0,644.0,635.0,23213.2,644.0,30675,-600,44,80803747.5,22,F1,75,,,,,
2025-01-15,2025-01-15,FO,NSE,IDO,52393,,NIFTY,,2025-01-16,2025-01-16,21750.0,PE,NIFTY2511621750PE,1.0,1.15,0.25,0.3,0.3,1.35,23213.2,0.3,458925,6750,81153,132384530167.5,16064,F1,75,,,,,
2025-01-15,2025-01-15,FO,NSE,IDO,44815,,NIFTY,,2025-02-06,2025-02-06,21750.0,PE,NIFTY2520621750PE,0.0,0.0,0.0,4.6,0.0,4.6,23213.2,5.25,0,0,0,0.0,0,F1,75,,,,,
2025-01-15,2025-01-15,FO,NSE,IDO,43203,,NIFTY,,2025-01-30,2025-01-30,21750.0,PE,NIFTY25JAN21750PE,15.7,15.7,9.65,12.55,9.65,14.45,23213.2,12.55,60775,-37225,4633,2520650111.25,1236,F1,25,,,,,
2025-01-15,2025-01-15,FO,NSE,IDO,43180,,NIFTY,,2025-01-30,2025-01-30,21400.0,PE,NIFTY25JAN21400PE,8.95,9.7,7.3,7.75,7.6,9.85,23213.2,7.75,115550,14075,7399,3959953347.5,3664,F1,25,,,,,
2025-01-15,2025-01-15,FO,NSE,IDO,46877,,NIFTY,,2025-03-27,2025-03-27,21400.0,PE,NIFTY25MAR21400PE,94.0,98.0,94.0,98.0,98.0,88.6,23213.2,32.9,6225,525,8,12897225.0,5,F1,75,,,,,
2025-01-15,2025-01-15,FO,NSE,IDO,52361,,NIFTY,,2025-01-16,2025-01-16,21400.0,PE,NIFTY2511621400PE,0.85,0.85,0.2,0.25,0.2,0.95,23213.2,0.25,708525,91425,63603,102085129072.5,12211,F1,75,,,,,
2025-01-15,2025-01-15,FO,NSE,IDO,51086,,NIFTY,,2025-02-13,2025-02-13,21400.0,PE,NIFTY2521321400PE,0.0,0.0,0.0,9.25,0.0,9.25,23213.2,3.5,0,0,0,0.0,0,F1,75,,,,,
2025-01-15,2025-01-15,FO,NSE,IDO,51085,,NIFTY,,2025-02-13,2025-02-13,21400.0,CE,NIFTY2521321400CE,0.0,0.0,0.0,2285.45,0.0,2285.45,23213.2,1931.2,0,0,0,0.0,0,F1,75,,,,,
2025-01-15,2025-01-15,FO,NSE,IDO,55571,,NIFTY,,2025-02-27,2025-02-27,21400.0,CE,NIFTY25FEB21400CE,0.0,0.0,0.0,2945.8,0.0,2945.8,23213.2,1993.85,0,0,0,0.0,0,F1,75,,,,,
2025-01-15,2025-01-15,FO,NSE,IDO,43176,,NIFTY,,2025-01-30,2025-01-30,21400.0,CE,NIFTY25JAN21400CE,0.0,0.0,0.0,3219.6,0.0,3219.6,23213.2,1872.7,0,0,0,0.0,0,F1,25,,,,,
2025-01-15,2025-01-15,FO,NSE,IDO,46874,,NIFTY,,2025-03-27,2025-03-27,21400.0,CE,NIFTY25MAR21400CE,0.0,0.0,0.0,2789.25,0.0,2789.25,23213.2,2125.25,0,0,0,0.0,0,F1,75,,,,,
2025-01-15,2025-01-15,FO,NSE,IDO,44795,,NIFTY,,2025-02-06,2025-02-06,21400.0,PE,NIFTY2520621400PE,0.0,0.0,0.0,1.7,0.0,1.7,23213.2,1.25,0,0,0,0.0,0,F1,75,,,,,
2025-01-15,2025-01-15,FO,NSE,IDO,52360,,NIFTY,,2025-01-16,2025-01-16,21400.0,CE,NIFTY2511621400CE,1850.0,1850.0,1850.0,1850.0,1850.0,3298.5,23213.2,1817.15,75,75,1,1743750.0,1,F1,75,,,,,
2025-01-15,2025-01-15,FO,NSE,IDO,44793,,NIFTY,,2025-02-06,2025-02-06,21400.0,CE,NIFTY2520621400CE,0.0,0.0,0.0,2939.25,0.0,2939.25,23213.2,1901.35,0,0,0,0.0,0,F1,75,,,,,
2025-01-15,2025-01-15,FO,NSE,IDO,54669,,NIFTY,,2025-01-23,2025-01-23,21400.0,PE,NIFTY2512321400PE,4.55,4.55,1.8,2.05,2.05,4.55,23213.2,2.05,1283925,1261575,118306,189900390975.0,25748,F1,75,,,,,
2025-01-15,2025-01-15,FO,NSE,IDO,54668,,NIFTY,,2025-01-23,2025-01-23,21400.0,CE,NIFTY2512321400CE,0.0,0.0,0.0,2704.25,0.0,2704.25,23213.2,1844.85,0,0,0,0.0,0,F1,75,,,,,
2025-01-15,2025-01-15,FO,NSE,IDO,55572,,NIFTY,,2025-02-27,2025-02-27,21400.0,PE,NIFTY25FEB21400PE,54.0,60.45,43.1,53.5,48.0,57.0,23213.2,53.5,37725,16725,418,672602820.0,145,F1,75,,,,,
2025-01-15,2025-01-15,FO,NSE,IDO,52911,,NIFTY,,2025-01-16,2025-01-16,26450.0,PE,NIFTY2511626450PE,0.0,0.0,0.0,1770.1,0.0,1770.1,23213.2,3231.9,0,0,0,0.0,0,F1,75,,,,,
2025-01-15,2025-01-15,FO,NSE,IDO,52910,,NIFTY,,2025-01-16,2025-01-16,26450.0,CE,NIFTY2511626450CE,0.75,0.9,0.3,0.4,0.3,0.9,23213.2,0.4,429975,-50700,25613,50810936010.0,5786,F1,75,,,,,
2025-01-15,2025-01-15,FO,NSE,IDO,57711,,NIFTY,,2025-02-27,2025-02-27,26450.0,PE,NIFTY25FEB26450PE,0.0,0.0,0.0,2297.0,2297.0,2297.0,23213.2,3028.85,0,0,0,0.0,0,F1,75,,,,,
2025-01-15,2025-01-15,FO,NSE,IDO,57710,,NIFTY,,2025-02-27,2025-02-27,26450.0,CE,NIFTY25FEB26450CE,15.6,15.6,11.7,13.0,13.1,14.75,23213.2,13.0,10050,2475,43,85344056.25,13,F1,75,,,,,
2025-01-15,2025-01-15,FO,NSE,IDO,47844,,NIFTY,,2025-01-30,2025-01-30,26450.0,PE,NIFTY25JAN26450PE,0.0,0.0,0.0,2461.25,2461.25,2461.25,23213.2,3163.55,50,0,0,0.0,0,F1,25,,,,,
2025-01-15,2025-01-15,FO,NSE,IDO,47843,,NIFTY,,2025-01-30,2025-01-30,26450.0,CE,NIFTY25JAN26450CE,3.9,4.15,2.8,3.05,2.8,3.9,23213.2,3.05,134600,2175,672,444414412.5,90,F1,25,,,,,
2025-01-15,2025-01-15,FO,NSE,IDO,46506,,NIFTY,,2025-01-30,2025-01-30,25750.0,PE,NIFTY25JAN25750PE,0.0,0.0,0.0,1830.0,1830.0,1830.0,23213.2,2465.5,725,0,0,0.0,0,F1,25,,,,,
2025-01-15,2025-01-15,FO,NSE,IDO,45110,,NIFTY,,2025-02-06,2025-02-06,25750.0,CE,NIFTY2520625750CE,9.95,11.0,8.0,9.6,9.05,10.35,23213.2,9.6,2775,-675,22,42503231.25,20,F1,75,,,,,
2025-01-15,2025-01-15,FO,NSE,IDO,46505,,NIFTY,,2025-01-30,2025-01-30,25750.0,CE,NIFTY25JAN25750CE,5.15,8.0,4.0,4.15,4.0,5.2,23213.2,4.15,15650,-11525,2034,1309661343.75,492,F1,25,,,,,
2025-01-15,2025-01-15,FO,NSE,IDO,51258,,NIFTY,,2025-02-13,2025-02-13,24100.0,PE,NIFTY2521324100PE,0.0,0.0,0.0,707.25,0.0,707.25,23213.2,859.8,0,0,0,0.0,0,F1,75,,,,,
2025-01-15,2025-01-15,FO,NSE,IDO,46355,,NIFTY,,2025-01-30,2025-01-30,24100.0,PE,NIFTY25JAN24100PE,834.6,912.5,790.05,855.0,848.05,852.1,23213.2,855.0,397925,-4950,784,488952645.0,293,F1,25,,,,,
2025-01-15,2025-01-15,FO,NSE,IDO,47041,,NIFTY,,2025-03-27,2025-03-27,22750.0,PE,NIFTY25MAR22750PE,310.85,324.4,300.0,300.0,300.0,222.85,23213.2,248.9,900,150,7,12106732.5,5,F1,75,,,,,
2025-01-15,2025-01-15,FO,NSE,IDO,55629,,NIFTY,,2025-02-27,2025-02-27,22750.0,CE,NIFTY25FEB22750CE,0.0,0.0,0.0,885.0,885.0,885.0,23213.2,823.4,75,0,0,0.0,0,F1,75,,,,,
2025-01-15,2025-01-15,FO,NSE,IDO,54711,,NIFTY,,2025-01-23,2025-01-23,22250.0,CE,NIFTY2512322250CE,0.0,0.0,0.0,1883.5,0.0,1883.5,23213.2,998.5,0,0,0,0.0,0,F1,75,,,,,
2025-01-15,2025-01-15,FO,NSE,IDO,64564,,NIFTY,,2025-03-27,2025-03-27,23000.0,CE,NIFTY25MAR23000CE,959.0,982.2,897.75,927.3,930.05,947.45,23213.2,927.3,447550,16875,995,1785825641.25,687,F1,75,,,,,
2025-01-15,2025-01-15,FO,NSE,IDO,43271,,NIFTY,,2025-01-30,2025-01-30,23000.0,CE,NIFTY25JAN23000CE,469.85,478.6,384.35,420.1,425.0,442.25,23213.2,420.1,1168400,-66075,64329,37674934028.75,20587,F1,25,,,,,
2025-01-15,2025-01-15,FO,NSE,IDO,51459,,NIFTY,,2025-03-27,2025-03-27,23550.0,CE,NIFTY25MAR23550CE,616.4,632.1,616.4,630.0,630.0,600.0,23213.2,541.75,3375,75,4,7252297.5,4,F1,75,,,,,
2025-01-15,2025-01-15,FO,NSE,IDO,44966,,NIFTY,,2025-02-06,2025-02-06,23550.0,CE,NIFTY2520623550CE,259.65,275.0,236.75,250.3,250.3,269.85,23213.2,205.35,1800,-75,9,16070392.5,9,F1,75,,,,,
2025-01-15,2025-01-15,FO,NSE,IDO,54983,,NIFTY,,2025-01-23,2025-01-23,23550.0,CE,NIFTY2512323550CE,89.95,90.5,48.6,54.9,56.6,77.05,23213.2,54.9,305775,81600,22425,39713563743.75,13377,F1,75,,,,,
2025-01-15,2025-01-15,FO,NSE,IDO,46263,,NIFTY,,2025-01-30,2025-01-30,23550.0,CE,NIFTY25JAN23550CE,180.0,180.0,118.35,129.2,132.1,154.0,23213.2,129.2,157850,-2075,10238,6062548360.0,5256,F1,25,,,,,
2025-01-15,2025-01-15,FO,NSE,IDO,55639,,NIFTY,,2025-02-27,2025-02-27,23000.0,CE,NIFTY25FEB23000CE,758.8,778.7,693.4,723.2,729.0,739.05,23213.2,723.2,428325,26550,1405,2500785078.75,1170,F1,75,,,,,
2025-01-15,2025-01-15,FO,NSE,IDO,44920,,NIFTY,,2025-02-06,2025-02-06,23000.0,CE,NIFTY2520623000CE,589.2,605.0,526.65,555.45,560.0,581.4,23213.2,555.45,29550,4350,338,597145991.25,246,F1,75,,,,,
2025-01-15,2025-01-15,FO,NSE,IDO,57623,,NIFTY,,2025-02-27,2025-02-27,24550.0,CE,NIFTY25FEB24550CE,105.0,105.0,91.75,91.85,91.85,106.75,23213.2,87.75,15300,1200,37,68392410.0,13,F1,75,,,,,
2025-01-15,2025-01-15,FO,NSE,IDO,37810,,NIFTY,,2026-12-31,2026-12-31,23000.0,PE,NIFTY26DEC23000PE,795.0,800.0,790.0,800.0,800.0,806.85,23213.2,546.5,13700,-150,6,10708425.0,6,F1,75,,,,,
2025-01-15,2025-01-15,FO,NSE,IDO,56526,,NIFTY,,2025-03-27,2025-03-27,24550.0,CE,NIFTY25MAR24550CE,0.0,0.0,0.0,231.65,231.65,231.65,23213.2,198.75,975,0,0,0.0,0,F1,75,,,,,
2025-01-15,2025-01-15,FO,NSE,IDO,45028,,NIFTY,,2025-02-06,2025-02-06,24550.0,CE,NIFTY2520624550CE,42.9,42.9,30.35,34.25,32.6,40.9,23213.2,34.25,2775,450,101,186243112.5,33,F1,75,,,,,
2025-01-15,2025-01-15,FO,NSE,IDO,45031,,NIFTY,,2025-02-06,2025-02-06,24550.0,PE,NIFTY2520624550PE,0.0,0.0,0.0,584.45,0.0,584.45,23213.2,1257.75,0,0,0,0.0,0,F1,75,,,,,
2025-01-15,2025-01-15,FO,NSE,IDO,51220,,NIFTY,,2025-02-13,2025-02-13,23550.0,PE,NIFTY2521323550PE,0.0,0.0,0.0,405.1,0.0,405.1,23213.2,472.3,0,0,0,0.0,0,F1,75,,,,,
2025-01-15,2025-01-15,FO,NSE,IDO,67780,,NIFTY,,2028-12-28,2028-12-28,23000.0,CE,NIFTY28DEC23000CE,0.0,0.0,0.0,6377.6,0.0,6377.6,23213.2,6036.85,0,0,0,0.0,0,F1,75,,,,,
2025-01-15,2025-01-15,FO,NSE,IDO,53619,,NIFTY,,2027-12-30,2027-12-30,23000.0,PE,NIFTY27DEC23000PE,0.0,0.0,0.0,850.0,850.0,850.0,23213.2,497.1,1425,0,0,0.0,0,F1,75,,,,,
2025-01-15,2025-01-15,FO,NSE,IDO,57583,,NIFTY,,2025-02-27,2025-02-27,23550.0,CE,NIFTY25FEB23550CE,440.0,440.0,385.0,404.5,404.5,433.7,23213.2,404.5,16650,600,13,23364337.5,11,F1,75,,,,,
2025-01-15,2025-01-15,FO,NSE,IDO,51460,,NIFTY,,2025-03-27,2025-03-27,23550.0,PE,NIFTY25MAR23550PE,589.0,616.0,589.0,602.25,602.25,604.0,23213.2,571.35,5250,-75,7,12679361.25,6,F1,75,,,,,
2025-01-15,2025-01-15,FO,NSE,IDO,56527,,NIFTY,,2025-03-27,2025-03-27,24550.0,PE,NIFTY25MAR24550PE,0.0,0.0,0.0,966.45,0.0,966.45,23213.2,1215.35,0,0,0,0.0,0,F1,75,,,,,
2025-01-15,2025-01-15,FO,NSE,IDO,37749,,NIFTY,,2025-06-26,2025-06-26,23000.0,CE,NIFTY25JUN23000CE,1437.95,1457.0,1379.0,1411.0,1416.0,1415.9,23213.2,1411.0,117250,7875,309,565716851.25,234,F1,75,,,,,
2025-01-15,2025-01-15,FO,NSE,IDO,55038,,NIFTY,,2025-01-23,2025-01-23,24550.0,PE,NIFTY2512324550PE,0.0,0.0,0.0,1315.0,1315.0,1315.0,23213.2,1301.0,750,0,0,0.0,0,F1,75,,,,,
2025-01-15,2025-01-15,FO,NSE,IDO,57657,,NIFTY,,2025-02-27,2025-02-27,25350.0,CE,NIFTY25FEB25350CE,35.0,35.0,34.95,34.95,34.95,35.55,23213.2,19.95,7800,75,2,3807746.25,2,F1,75,,,,,
2025-01-15,2025-01-15,FO,NSE,IDO,45082,,NIFTY,,2025-02-06,2025-02-06,25350.0,PE,NIFTY2520625350PE,0.0,0.0,0.0,1133.15,0.0,1133.15,23213.2,2035.45,0,0,0,0.0,0,F1,75,,,,,
2025-01-15,2025-01-15,FO,NSE,IDO,52864,,NIFTY,,2025-01-16,2025-01-16,25350.0,CE,NIFTY2511625350CE,1.0,1.15,0.25,0.35,0.25,1.05,23213.2,0.35,206100,-135975,29878,56806739808.75,7043,F1,75,,,,,
2025-01-15,2025-01-15,FO,NSE,IDO,45039,,NIFTY,,2025-02-06,2025-02-06,24750.0,CE,NIFTY2520624750CE,33.6,33.6,27.95,27.95,27.95,33.7,23213.2,11.55,4425,0,2,3717116.25,2,F1,75,,,,,
2025-01-15,2025-01-15,FO,NSE,IDO,57634,,NIFTY,,2025-02-27,2025-02-27,24800.0,PE,NIFTY25FEB24800PE,0.0,0.0,0.0,1420.0,1420.0,1420.0,23213.2,1447.5,8775,0,0,0.0,0,F1,75,,,,,
2025-01-15,2025-01-15,FO,NSE,IDO,51292,,NIFTY,,2025-02-13,2025-02-13,24800.0,PE,NIFTY2521324800PE,0.0,0.0,0.0,1221.1,0.0,1221.1,23213.2,1476.35,0,0,0,0.0,0,F1,75,,,,,
2025-01-15,2025-01-15,FO,NSE,IDO,55058,,NIFTY,,2025-01-23,2025-01-23,24800.0,PE,NIFTY2512324800PE,1599.0,1599.0,1526.0,1526.0,1526.0,1666.0,23213.2,1550.25,4725,2925,42,83020773.75,30,F1,75,,,,,
2025-01-15,2025-01-15,FO,NSE,IDO,46406,,NIFTY,,2025-01-30,2025-01-30,24800.0,CE,NIFTY25JAN24800CE,10.25,11.05,7.75,8.0,8.0,10.65,23213.2,8.0,719525,-19725,22771,14122913592.5,6238,F1,25,,,,,
2025-01-15,2025-01-15,FO,NSE,IDO,52837,,NIFTY,,2025-01-16,2025-01-16,24800.0,PE,NIFTY2511624800PE,1587.0,1587.0,1523.45,1548.95,1548.95,1574.85,23213.2,1582.2,7275,-2625,59,116657591.25,46,F1,75,,,,,
2025-01-15,2025-01-15,FO,NSE,IDO,57678,,NIFTY,,2025-02-27,2025-02-27,25850.0,PE,NIFTY25FEB25850PE,0.0,0.0,0.0,1227.6,1227.6,1227.6,23213.2,2438.8,75,0,0,0.0,0,F1,75,,,,,
2025-01-15,2025-01-15,FO,NSE,IDO,58786,,NIFTY,,2025-03-27,2025-03-27,25850.0,CE,NIFTY25MAR25850CE,50.0,50.0,50.0,50.0,50.0,51.15,23213.2,36.2,1125,0,1,1942500.0,1,F1,75,,,,,
2025-01-15,2025-01-15,FO,NSE,IDO,45114,,NIFTY,,2025-02-06,2025-02-06,25850.0,CE,NIFTY2520625850CE,11.2,11.2,7.3,7.8,8.0,12.4,23213.2,7.8,3450,-300,21,40728135.0,18,F1,75,,,,,
2025-01-15,2025-01-15,FO,NSE,IDO,52885,,NIFTY,,2025-01-16,2025-01-16,25850.0,CE,NIFTY2511625850CE,0.8,0.9,0.25,0.35,0.3,0.95,23213.2,0.35,123750,-111900,18283,35446942260.0,5371,F1,75,,,,,
2025-01-15,2025-01-15,FO,NSE,IDO,45120,,NIFTY,,2025-02-06,2025-02-06,25850.0,PE,NIFTY2520625850PE,0.0,0.0,0.0,1552.7,0.0,1552.7,23213.2,2532.05,0,0,0,0.0,0,F1,75,,,,,
2025-01-15,2025-01-15,FO,NSE,IDO,58792,,NIFTY,,2025-03-27,2025-03-27,25850.0,PE,NIFTY25MAR25850PE,0.0,0.0,0.0,1865.25,0.0,1865.25,23213.2,2335.8,0,0,0,0.0,0,F1,75,,,,,
2025-01-15,2025-01-15,FO,NSE,IDO,57671,,NIFTY,,2025-02-27,2025-02-27,25700.0,CE,NIFTY25FEB25700CE,24.0,33.95,18.2,21.25,21.2,24.85,23213.2,21.25,22425,-8325,240,462995441.25,118,F1,75,,,,,
2025-01-15,2025-01-15,FO,NSE,IDO,45104,,NIFTY,,2025-02-06,2025-02-06,25650.0,PE,NIFTY2520625650PE,0.0,0.0,0.0,1379.45,0.0,1379.45,23213.2,2333.15,0,0,0,0.0,0,F1,75,,,,,
2025-01-15,2025-01-15,FO,NSE,IDO,45097,,NIFTY,,2025-02-06,2025-02-06,25650.0,CE,NIFTY2520625650CE,10.15,11.15,9.4,10.75,10.75,11.2,23213.2,0.5,5025,-600,12,23094420.0,7,F1,75,,,,,
2025-01-15,2025-01-15,FO,NSE,IDO,46495,,NIFTY,,2025-01-30,2025-01-30,25650.0,PE,NIFTY25JAN25650PE,0.0,0.0,0.0,1750.0,1750.0,1750.0,23213.2,2365.8,850,0,0,0.0,0,F1,25,,,,,
2025-01-15,2025-01-15,FO,NSE,IDO,55021,,NIFTY,,2025-01-23,2025-01-23,24300.0,CE,NIFTY2512324300CE,7.05,7.4,3.75,4.0,3.8,7.5,23213.2,4.0,618150,217275,29470,53720219928.75,12712,F1,75,,,,,
2025-01-15,2025-01-15,FO,NSE,IDO,51267,,NIFTY,,2025-02-13,2025-02-13,24300.0,CE,NIFTY2521324300CE,0.0,0.0,0.0,237.15,0.0,237.15,23213.2,68.45,0,0,0,0.0,0,F1,75,,,,,
2025-01-15,2025-01-15,FO,NSE,IDO,57637,,NIFTY,,2025-02-27,2025-02-27,24900.0,CE,NIFTY25FEB24900CE,61.6,65.0,49.05,54.35,54.0,61.6,23213.2,54.35,173025,1125,612,1145545837.5,269,F1,75,,,,,
2025-01-15,2025-01-15,FO,NSE,IDO,55063,,NIFTY,,2025-01-23,2025-01-23,24900.0,CE,NIFTY2512324900CE,2.95,3.2,1.6,2.15,1.95,3.45,23213.2,2.15,471225,322875,31061,58012349662.5,11292,F1,75,,,,,
2025-01-15,2025-01-15,FO,NSE,IDO,55644,,NIFTY,,2025-02-27,2025-02-27,23100.0,PE,NIFTY25FEB23100PE,353.55,385.7,335.9,358.55,355.15,365.35,23213.2,358.55,140025,2250,587,1033045743.75,446,F1,75,,,,,
2025-01-15,2025-01-15,FO,NSE,IDO,44925,,NIFTY,,2025-02-06,2025-02-06,23100.0,CE,NIFTY2520623100CE,488.0,536.2,468.6,492.35,496.0,523.15,23213.2,492.35,14925,975,54,95569788.75,34,F1,75,,,,,
2025-01-15,2025-01-15,FO,NSE,IDO,48348,,NIFTY,,2025-03-27,2025-03-27,23100.0,PE,NIFTY25MAR23100PE,437.3,447.4,407.2,423.25,422.2,427.2,23213.2,423.25,33975,-750,66,116464507.5,31,F1,75,,,,,
2025-01-15,2025-01-15,FO,NSE,IDO,56867,,NIFTY,,2025-03-27,2025-03-27,25050.0,PE,NIFTY25MAR25050PE,0.0,0.0,0.0,1278.65,0.0,1278.65,23213.2,1619.0,0,0,0,0.0,0,F1,75,,,,,
2025-01-15,2025-01-15,FO,NSE,IDO,46439,,NIFTY,,2025-01-30,2025-01-30,25050.0,PE,NIFTY25JAN25050PE,0.0,0.0,0.0,1787.75,1787.75,1787.75,23213.2,1768.2,9275,0,0,0.0,0,F1,25,,,,,
2025-01-15,2025-01-15,FO,NSE,IDO,57715,,NIFTY,,2025-02-27,2025-02-27,26500.0,PE,NIFTY25FEB26500PE,3099.0,3114.0,3022.35,3065.0,3065.0,3043.7,23213.2,3065.0,114000,-1650,60,133104483.75,37,F1,75,,,,,
2025-01-15,2025-01-15,FO,NSE,IDO,52912,,NIFTY,,2025-01-16,2025-01-16,26500.0,CE,NIFTY2511626500CE,0.75,0.9,0.25,0.4,0.3,0.9,23213.2,0.4,8544825,-1851750,451842,898055518170.0,52034,F1,75,,,,,
2025-01-15,2025-01-15,FO,NSE,IDO,55628,,NIFTY,,2025-02-27,2025-02-27,22700.0,PE,NIFTY25FEB22700PE,235.0,253.3,219.45,234.05,230.8,239.95,23213.2,234.05,226875,11625,556,956424731.25,311,F1,75,,,,,
2025-01-15,2025-01-15,FO,NSE,IDO,51191,,NIFTY,,2025-02-13,2025-02-13,23050.0,CE,NIFTY2521323050CE,0.0,0.0,0.0,853.75,0.0,853.75,23213.2,514.8,0,0,0,0.0,0,F1,75,,,,,
2025-01-15,2025-01-15,FO,NSE,IDO,44922,,NIFTY,,2025-02-06,2025-02-06,23050.0,CE,NIFTY2520623050CE,563.3,570.05,497.4,497.85,497.85,529.55,23213.2,453.15,2550,450,28,49552740.0,19,F1,75,,,,,
2025-01-15,2025-01-15,FO,NSE,IDO,51193,,NIFTY,,2025-02-13,2025-02-13,23050.0,PE,NIFTY2521323050PE,0.0,0.0,0.0,216.05,0.0,216.05,23213.2,228.3,0,0,0,0.0,0,F1,75,,,,,
2025-01-15,2025-01-15,FO,NSE,IDO,57690,,NIFTY,,2025-02-27,2025-02-27,26150.0,PE,NIFTY25FEB26150PE,0.0,0.0,0.0,1981.75,0.0,1981.75,23213.2,2733.0,0,0,0,0.0,0,F1,75,,,,,
2025-01-15,2025-01-15,FO,NSE,IDO,46883,,NIFTY,,2025-03-27,2025-03-27,21550.0,CE,NIFTY25MAR21550CE,0.0,0.0,0.0,2653.4,0.0,2653.4,23213.2,1987.45,0,0,0,0.0,0,F1,75,,,,,
2025-01-15,2025-01-15,FO,NSE,IDO,55577,,NIFTY,,2025-02-27,2025-02-27,21550.0,CE,NIFTY25FEB21550CE,0.0,0.0,0.0,2808.6,0.0,2808.6,23213.2,1850.25,0,0,0,0.0,0,F1,75,,,,,
2025-01-15,2025-01-15,FO,NSE,IDO,46366,,NIFTY,,2025-01-30,2025-01-30,24400.0,CE,NIFTY25JAN24400CE,18.05,19.05,13.05,14.05,14.3,18.05,23213.2,14.05,863800,12325,33138,20226716035.0,10869,F1,25,,,,,
2025-01-15,2025-01-15,FO,NSE,IDO,54679,,NIFTY,,2025-01-23,2025-01-23,21650.0,PE,NIFTY2512321650PE,5.0,5.4,2.75,3.25,3.4,6.2,23213.2,3.25,36900,28650,10350,16808539773.75,3986,F1,75,,,,,
2025-01-15,2025-01-15,FO,NSE,IDO,44919,,NIFTY,,2025-02-06,2025-02-06,22950.0,PE,NIFTY2520622950PE,221.0,230.0,212.0,227.0,227.0,66.8,23213.2,161.3,450,450,14,24332677.5,11,F1,75,,,,,
2025-01-15,2025-01-15,FO,NSE,IDO,46893,,NIFTY,,2025-03-27,2025-03-27,21650.0,PE,NIFTY25MAR21650PE,0.0,0.0,0.0,120.9,120.9,120.9,23213.2,51.3,3300,0,0,0.0,0,F1,75,,,,,
2025-01-15,2025-01-15,FO,NSE,IDO,51184,,NIFTY,,2025-02-13,2025-02-13,22950.0,CE,NIFTY2521322950CE,0.0,0.0,0.0,924.55,0.0,924.55,23213.2,578.55,0,0,0,0.0,0,F1,75,,,,,
2025-01-15,2025-01-15,FO,NSE,IDO,43265,,NIFTY,,2025-01-30,2025-01-30,22950.0,CE,NIFTY25JAN22950CE,483.05,517.05,424.05,457.05,461.8,480.65,23213.2,457.05,12300,-900,795,465182771.25,328,F1,25,,,,,
2025-01-15,2025-01-15,FO,NSE,IDO,43194,,NIFTY,,2025-01-30,2025-01-30,21650.0,PE,NIFTY25JAN21650PE,11.85,12.9,9.05,10.6,10.55,12.5,23213.2,10.6,83725,-18250,7155,3874652335.0,2099,F1,25,,,,,
2025-01-15,2025-01-15,FO,NSE,IDO,54775,,NIFTY,,2025-01-23,2025-01-23,22950.0,PE,NIFTY2512322950PE,84.05,114.8,75.1,85.6,83.55,100.5,23213.2,85.6,181125,72375,16018,27678748357.5,9873,F1,75,,,,,
2025-01-15,2025-01-15,FO,NSE,IDO,43193,,NIFTY,,2025-01-30,2025-01-30,21650.0,CE,NIFTY25JAN21650CE,0.0,0.0,0.0,2942.5,2942.45,2942.5,23213.2,1624.0,200,0,0,0.0,0,F1,25,,,,,
2025-01-15,2025-01-15,FO,NSE,IDO,52518,,NIFTY,,2025-01-16,2025-01-16,22950.0,PE,NIFTY2511622950PE,13.0,26.5,8.4,9.95,9.4,19.65,23213.2,9.95,2556450,648900,1267840,2183587132256.25,360430,F1,75,,,,,
2025-01-15,2025-01-15,FO,NSE,IDO,51099,,NIFTY,,2025-02-13,2025-02-13,21650.0,CE,NIFTY2521321650CE,0.0,0.0,0.0,2044.85,0.0,2044.85,23213.2,1687.2,0,0,0,0.0,0,F1,75,,,,,
2025-01-15,2025-01-15,FO,NSE,IDO,43270,,NIFTY,,2025-01-30,2025-01-30,22950.0,PE,NIFTY25JAN22950PE,146.0,170.4,124.0,141.6,138.3,153.9,23213.2,141.6,97075,5525,3702,2137739940.0,1553,F1,25,,,,,
2025-01-15,2025-01-15,FO,NSE,IDO,44847,,NIFTY,,2025-02-06,2025-02-06,22050.0,PE,NIFTY2520622050PE,0.0,0.0,0.0,9.95,0.0,9.95,23213.2,15.2,0,0,0,0.0,0,F1,75,,,,,
2025-01-15,2025-01-15,FO,NSE,IDO,54697,,NIFTY,,2025-01-23,2025-01-23,22050.0,PE,NIFTY2512322050PE,9.8,11.8,7.0,8.2,8.0,10.6,23213.2,8.2,114675,-38400,12261,20284625865.0,7042,F1,75,,,,,
2025-01-15,2025-01-15,FO,NSE,IDO,52420,,NIFTY,,2025-01-16,2025-01-16,22050.0,PE,NIFTY2511622050PE,2.2,2.2,0.3,0.5,0.4,2.75,23213.2,0.5,502500,-1712925,196968,325751910997.5,49846,F1,75,,,,,
2025-01-15,2025-01-15,FO,NSE,IDO,51140,,NIFTY,,2025-02-13,2025-02-13,22050.0,PE,NIFTY2521322050PE,0.0,0.0,0.0,40.1,0.0,40.1,23213.2,26.6,0,0,0,0.0,0,F1,75,,,,,
2025-01-15,2025-01-15,FO,NSE,IDO,43217,,NIFTY,,2025-01-30,2025-01-30,22050.0,CE,NIFTY25JAN22050CE,0.0,0.0,0.0,1221.2,1221.2,1221.2,23213.2,1230.1,225,0,0,0.0,0,F1,25,,,,,
2025-01-15,2025-01-15,FO,NSE,IDO,55601,,NIFTY,,2025-02-27,2025-02-27,22050.0,CE,NIFTY25FEB22050CE,0.0,0.0,0.0,2364.95,0.0,2364.95,23213.2,1388.9,0,0,0,0.0,0,F1,75,,,,,
2025-01-15,2025-01-15,FO,NSE,IDO,43218,,NIFTY,,2025-01-30,2025-01-30,22050.0,PE,NIFTY25JAN22050PE,22.4,26.45,19.35,22.05,20.65,24.95,23213.2,22.05,40500,-7000,1531,844817538.75,421,F1,25,,,,,
2025-01-15,2025-01-15,FO,NSE,IDO,45034,,NIFTY,,2025-02-06,2025-02-06,24600.0,PE,NIFTY2520624600PE,0.0,0.0,0.0,613.25,0.0,613.25,23213.2,1304.85,0,0,0,0.0,0,F1,75,,,,,
2025-01-15,2025-01-15,FO,NSE,IDO,44928,,NIFTY,,2025-02-06,2025-02-06,23100.0,PE,NIFTY2520623100PE,286.45,312.3,264.15,282.45,278.15,297.95,23213.2,282.45,8700,975,73,128031146.25,59,F1,75,,,,,
2025-01-15,2025-01-15,FO,NSE,IDO,43275,,NIFTY,,2025-01-30,2025-01-30,23100.0,CE,NIFTY25JAN23100CE,399.95,410.0,324.35,355.05,359.0,376.7,23213.2,355.05,252325,13075,25894,15186532445.0,9823,F1,25,,,,,
2025-01-15,2025-01-15,FO,NSE,IDO,46984,,NIFTY,,2025-03-27,2025-03-27,22250.0,CE,NIFTY25MAR22250CE,0.0,0.0,0.0,2048.65,0.0,2048.65,23213.2,1383.6,0,0,0,0.0,0,F1,75,,,,,
2025-01-15,2025-01-15,FO,NSE,IDO,54712,,NIFTY,,2025-01-23,2025-01-23,22250.0,PE,NIFTY2512322250PE,15.15,17.0,10.85,12.45,12.1,16.15,23213.2,12.45,191250,124275,9989,16679222212.5,5496,F1,75,,,,,
2025-01-15,2025-01-15,FO,NSE,IDO,44854,,NIFTY,,2025-02-06,2025-02-06,22250.0,CE,NIFTY2520622250CE,0.0,0.0,0.0,2109.4,0.0,2109.4,23213.2,1082.0,0,0,0,0.0,0,F1,75,,,,,
2025-01-15,2025-01-15,FO,NSE,IDO,58629,,NIFTY,,2026-12-31,2026-12-31,12000.0,PE,NIFTY26DEC12000PE,0.0,0.0,0.0,20.05,20.05,20.05,23213.2,0.05,800,0,0,0.0,0,F1,75,,,,,
2025-01-15,2025-01-15,FO,NSE,IDO,58624,,NIFTY,,2026-06-25,2026-06-25,12000.0,CE,NIFTY26JUN12000CE,0.0,0.0,0.0,8690.0,8690.0,8690.0,23213.2,12325.5,50,0,0,0.0,0,F1,75,,,,,
2025-01-15,2025-01-15,FO,NSE,IDO,58625,,NIFTY,,2026-06-25,2026-06-25,12000.0,PE,NIFTY26JUN12000PE,0.0,0.0,0.0,20.05,20.05,20.05,23213.2,0.05,400,0,0,0.0,0,F1,75,,,,,
2025-01-15,2025-01-15,FO,NSE,IDO,50545,,NIFTY,,2026-06-25,2026-06-25,28000.0,CE,NIFTY26JUN28000CE,0.0,0.0,0.0,1533.95,0.0,1533.95,23213.2,722.2,0,0,0,0.0,0,F1,75,,,,,
2025-01-15,2025-01-15,FO,NSE,IDO,50548,,NIFTY,,2026-12-31,2026-12-31,28000.0,PE,NIFTY26DEC28000PE,0.0,0.0,0.0,6224.8,0.0,6224.8,23213.2,2547.05,0,0,0,0.0,0,F1,75,,,,,
2025-01-15,2025-01-15,FO,NSE,IDO,86166,,NIFTY,,2028-06-29,2028-06-29,28000.0,PE,NIFTY28JUN28000PE,0.0,0.0,0.0,3161.35,0.0,3161.35,23213.2,1803.65,0,0,0,0.0,0,F1,75,,,,,
2025-01-15,2025-01-15,FO,NSE,IDO,67791,,NIFTY,,2028-12-28,2028-12-28,28000.0,PE,NIFTY28DEC28000PE,0.0,0.0,0.0,1697.6,0.0,1697.6,23213.2,1620.5,0,0,0,0.0,0,F1,75,,,,,
2025-01-15,2025-01-15,FO,NSE,IDO,53633,,NIFTY,,2027-12-30,2027-12-30,28000.0,CE,NIFTY27DEC28000CE,0.0,0.0,0.0,2639.2,0.0,2639.2,23213.2,2292.1,0,0,0,0.0,0,F1,75,,,,,
2025-01-15,2025-01-15,FO,NSE,IDO,89638,,NIFTY,,2029-06-28,2029-06-28,28000.0,CE,NIFTY29JUN28000CE,0.0,0.0,0.0,6112.6,0.0,6112.6,23213.2,3940.5,0,0,0,0.0,0,F1,75,,,,,
2025-01-15,2025-01-15,FO,NSE,IDO,64579,,NIFTY,,2025-03-27,2025-03-27,28000.0,PE,NIFTY25MAR28000PE,4359.0,4387.0,4281.75,4346.0,4346.0,4355.2,23213.2,4422.35,260300,-150,9,21834506.25,9,F1,75,,,,,
2025-01-15,2025-01-15,FO,NSE,IDO,61858,,NIFTY,,2029-12-27,2029-12-27,28000.0,CE,NIFTY29DEC28000CE,0.0,0.0,0.0,5741.5,0.0,5741.5,23213.2,4484.35,0,0,0,0.0,0,F1,75,,,,,
2025-01-15,2025-01-15,FO,NSE,IDO,89639,,NIFTY,,2029-06-28,2029-06-28,28000.0,PE,NIFTY29JUN28000PE,0.0,0.0,0.0,1488.1,0.0,1488.1,23213.2,1459.55,0,0,0,0.0,0,F1,75,,,,,
2025-01-15,2025-01-15,FO,NSE,IDO,67790,,NIFTY,,2028-12-28,2028-12-28,28000.0,CE,NIFTY28DEC28000CE,0.0,0.0,0.0,4027.15,0.0,4027.15,23213.2,3391.75,0,0,0,0.0,0,F1,75,,,,,
2025-01-15,2025-01-15,FO,NSE,IDO,47039,,NIFTY,,2025-03-27,2025-03-27,22700.0,PE,NIFTY25MAR22700PE,304.85,318.5,290.2,301.0,298.95,304.85,23213.2,301.0,51300,0,232,400173405.0,62,F1,75,,,,,
2025-01-15,2025-01-15,FO,NSE,IDO,54963,,NIFTY,,2025-01-23,2025-01-23,23400.0,CE,NIFTY2512323400CE,136.95,145.2,88.55,100.35,103.3,127.25,23213.2,100.35,926775,391125,60593,106835423703.75,31787,F1,75,,,,,
2025-01-15,2025-01-15,FO,NSE,IDO,55097,,NIFTY,,2025-01-23,2025-01-23,25450.0,CE,NIFTY2512325450CE,2.55,2.9,1.75,1.95,1.75,3.1,23213.2,1.95,99600,82950,9472,18081352068.75,3242,F1,75,,,,,
2025-01-15,2025-01-15,FO,NSE,IDO,61411,,NIFTY,,2029-12-27,2029-12-27,20000.0,PE,NIFTY29DEC20000PE,0.0,0.0,0.0,202.3,0.0,202.3,23213.2,128.9,0,0,0,0.0,0,F1,75,,,,,
2025-01-15,2025-01-15,FO,NSE,IDO,57639,,NIFTY,,2025-02-27,2025-02-27,24950.0,CE,NIFTY25FEB24950CE,51.85,59.55,51.15,51.8,51.8,58.75,23213.2,43.5,3375,-450,36,67508467.5,22,F1,75,,,,,
2025-01-15,2025-01-15,FO,NSE,IDO,53611,,NIFTY,,2027-12-30,2027-12-30,20000.0,PE,NIFTY27DEC20000PE,0.0,0.0,0.0,450.0,450.0,450.0,23213.2,136.6,2675,0,0,0.0,0,F1,75,,,,,
2025-01-15,2025-01-15,FO,NSE,IDO,56895,,NIFTY,,2025-03-27,2025-03-27,25750.0,PE,NIFTY25MAR25750PE,0.0,0.0,0.0,1786.85,0.0,1786.85,23213.2,2242.85,0,0,0,0.0,0,F1,75,,,,,
2025-01-15,2025-01-15,FO,NSE,IDO,42129,,NIFTY,,2025-12-24,2025-12-24,31000.0,CE,NIFTY25DEC31000CE,85.0,85.0,85.0,85.0,85.0,85.95,23213.2,85.0,12800,-150,3,6994125.0,2,F1,75,,,,,
2025-01-15,2025-01-15,FO,NSE,IDO,51105,,NIFTY,,2025-02-13,2025-02-13,21750.0,CE,NIFTY2521321750CE,0.0,0.0,0.0,1949.85,0.0,1949.85,23213.2,1590.75,0,0,0,0.0,0,F1,75,,,,,
2025-01-15,2025-01-15,FO,NSE,IDO,43202,,NIFTY,,2025-01-30,2025-01-30,21750.0,CE,NIFTY25JAN21750CE,0.0,0.0,0.0,2844.65,2844.7,2844.65,23213.2,1524.85,200,0,0,0.0,0,F1,25,,,,,
2025-01-15,2025-01-15,FO,NSE,IDO,44814,,NIFTY,,2025-02-06,2025-02-06,21750.0,CE,NIFTY2520621750CE,0.0,0.0,0.0,2594.55,0.0,2594.55,23213.2,1556.8,0,0,0,0.0,0,F1,75,,,,,
2025-01-15,2025-01-15,FO,NSE,IDO,55589,,NIFTY,,2025-02-27,2025-02-27,21750.0,CE,NIFTY25FEB21750CE,0.0,0.0,0.0,2628.35,0.0,2628.35,23213.2,1661.95,0,0,0,0.0,0,F1,75,,,,,
2025-01-15,2025-01-15,FO,NSE,IDO,46891,,NIFTY,,2025-03-27,2025-03-27,21600.0,PE,NIFTY25MAR21600PE,0.0,0.0,0.0,116.65,116.65,116.65,23213.2,47.05,6000,0,0,0.0,0,F1,75,,,,,
2025-01-15,2025-01-15,FO,NSE,IDO,51450,,NIFTY,,2025-06-26,2025-06-26,21000.0,PE,NIFTY25JUN21000PE,138.0,150.75,136.0,144.2,143.1,141.6,23213.2,144.2,111800,4275,418,662842867.5,254,F1,75,,,,,
2025-01-15,2025-01-15,FO,NSE,IDO,51452,,NIFTY,,2025-12-24,2025-12-24,21000.0,PE,NIFTY25DEC21000PE,279.6,289.0,271.25,279.2,280.0,278.65,23213.2,279.2,116100,1650,53,84591585.0,47,F1,75,,,,,
2025-01-15,2025-01-15,FO,NSE,IDO,51455,,NIFTY,,2026-06-25,2026-06-25,21000.0,PE,NIFTY26JUN21000PE,0.0,0.0,0.0,3065.6,0.0,3065.6,23213.2,189.25,0,0,0,0.0,0,F1,75,,,,,
2025-01-15,2025-01-15,FO,NSE,IDO,61659,,NIFTY,,2029-12-27,2029-12-27,21000.0,CE,NIFTY29DEC21000CE,0.0,0.0,0.0,9463.95,0.0,9463.95,23213.2,8369.65,0,0,0,0.0,0,F1,75,,,,,
2025-01-15,2025-01-15,FO,NSE,IDO,53613,,NIFTY,,2027-12-30,2027-12-30,21000.0,CE,NIFTY27DEC21000CE,0.0,0.0,0.0,4902.4,0.0,4902.4,23213.2,6232.95,0,0,0,0.0,0,F1,75,,,,,
2025-01-15,2025-01-15,FO,NSE,IDO,71553,,NIFTY,,2027-06-24,2027-06-24,21000.0,CE,NIFTY27JUN21000CE,0.0,0.0,0.0,3061.8,0.0,3061.8,23213.2,5620.1,0,0,0,0.0,0,F1,75,,,,,
2025-01-15,2025-01-15,FO,NSE,IDO,57648,,NIFTY,,2025-02-27,2025-02-27,25100.0,PE,NIFTY25FEB25100PE,0.0,0.0,0.0,1762.0,1762.0,1762.0,23213.2,1720.75,600,0,0,0.0,0,F1,75,,,,,
2025-01-15,2025-01-15,FO,NSE,IDO,56869,,NIFTY,,2025-03-27,2025-03-27,25100.0,PE,NIFTY25MAR25100PE,0.0,0.0,0.0,1312.35,0.0,1312.35,23213.2,1661.6,0,0,0,0.0,0,F1,75,,,,,
2025-01-15,2025-01-15,FO,NSE,IDO,55074,,NIFTY,,2025-01-23,2025-01-23,25100.0,PE,NIFTY2512325100PE,1880.0,1880.0,1880.0,1880.0,1880.0,1122.75,23213.2,1849.7,75,75,1,2023500.0,1,F1,75,,,,,
2025-01-15,2025-01-15,FO,NSE,IDO,45064,,NIFTY,,2025-02-06,2025-02-06,25100.0,PE,NIFTY2520625100PE,0.0,0.0,0.0,942.8,0.0,942.8,23213.2,1788.65,0,0,0,0.0,0,F1,75,,,,,
2025-01-15,2025-01-15,FO,NSE,IDO,55611,,NIFTY,,2025-02-27,2025-02-27,22300.0,CE,NIFTY25FEB22300CE,0.0,0.0,0.0,2152.85,0.0,2152.85,23213.2,1173.3,0,0,0,0.0,0,F1,75,,,,,
2025-01-15,2025-01-15,FO,NSE,IDO,55617,,NIFTY,,2025-02-27,2025-02-27,22450.0,CE,NIFTY25FEB22450CE,0.0,0.0,0.0,2029.3,0.0,2029.3,23213.2,1050.6,0,0,0,0.0,0,F1,75,,,,,
2025-01-15,2025-01-15,FO,NSE,IDO,54749,,NIFTY,,2025-01-23,2025-01-23,22450.0,CE,NIFTY2512322450CE,0.0,0.0,0.0,1698.45,0.0,1698.45,23213.2,804.15,0,0,0,0.0,0,F1,75,,,,,
2025-01-15,2025-01-15,FO,NSE,IDO,51161,,NIFTY,,2025-02-13,2025-02-13,22450.0,CE,NIFTY2521322450CE,0.0,0.0,0.0,1318.45,0.0,1318.45,23213.2,954.6,0,0,0,0.0,0,F1,75,,,,,
2025-01-15,2025-01-15,FO,NSE,IDO,45025,,NIFTY,,2025-02-06,2025-02-06,24500.0,CE,NIFTY2520624500CE,48.0,49.7,36.0,39.7,38.5,48.45,23213.2,39.7,149025,43650,1946,3582015547.5,792,F1,75,,,,,
2025-01-15,2025-01-15,FO,NSE,IDO,55036,,NIFTY,,2025-01-23,2025-01-23,24500.0,PE,NIFTY2512324500PE,1240.0,1330.0,1206.75,1273.6,1264.0,1258.85,23213.2,1273.6,93450,55650,813,1571930531.25,423,F1,75,,,,,
2025-01-15,2025-01-15,FO,NSE,IDO,54698,,NIFTY,,2025-01-23,2025-01-23,22100.0,CE,NIFTY2512322100CE,1135.0,1170.0,1126.6,1146.0,1146.0,1075.7,23213.2,1146.75,1125,900,12,20922735.0,12,F1,75,,,,,
2025-01-15,2025-01-15,FO,NSE,IDO,52422,,NIFTY,,2025-01-16,2025-01-16,22100.0,CE,NIFTY2511622100CE,1125.0,1164.4,1111.35,1111.35,1111.35,1338.0,23213.2,1117.3,450,-225,10,17429696.25,10,F1,75,,,,,
2025-01-15,2025-01-15,FO,NSE,IDO,46449,,NIFTY,,2025-01-30,2025-01-30,25100.0,PE,NIFTY25JAN25100PE,1808.35,1850.0,1808.35,1837.9,1840.4,1855.8,23213.2,1837.9,68800,-1800,96,64643670.0,14,F1,25,,,,,
2025-01-15,2025-01-15,FO,NSE,IDO,52853,,NIFTY,,2025-01-16,2025-01-16,25100.0,PE,NIFTY2511625100PE,1901.0,1901.0,1878.95,1900.0,1900.0,1987.85,23213.2,1882.15,1650,-150,7,14171036.25,5,F1,75,,,,,
2025-01-15,2025-01-15,FO,NSE,IDO,46448,,NIFTY,,2025-01-30,2025-01-30,25100.0,CE,NIFTY25JAN25100CE,8.65,8.8,6.3,6.4,6.3,8.65,23213.2,6.4,767400,57275,22395,14056796341.25,5351,F1,25,,,,,
2025-01-15,2025-01-15,FO,NSE,IDO,43209,,NIFTY,,2025-01-30,2025-01-30,21900.0,CE,NIFTY25JAN21900CE,1368.0,1375.8,1368.0,1375.8,1375.8,1399.0,23213.2,1375.8,325,-50,2,1163595.0,2,F1,25,,,,,
2025-01-15,2025-01-15,FO,NSE,IDO,46929,,NIFTY,,2025-03-27,2025-03-27,21900.0,PE,NIFTY25MAR21900PE,149.95,160.45,139.25,143.75,148.2,140.05,23213.2,143.75,25800,450,44,72764347.5,24,F1,75,,,,,
2025-01-15,2025-01-15,FO,NSE,IDO,54691,,NIFTY,,2025-01-23,2025-01-23,21900.0,PE,NIFTY2512321900PE,6.9,7.6,4.9,5.95,5.8,8.35,23213.2,5.95,236100,115950,17289,28405387061.25,9444,F1,75,,,,,
2025-01-15,2025-01-15,FO,NSE,IDO,55595,,NIFTY,,2025-02-27,2025-02-27,21900.0,CE,NIFTY25FEB21900CE,0.0,0.0,0.0,2495.55,0.0,2495.55,23213.2,1523.8,0,0,0,0.0,0,F1,75,,,,,
2025-01-15,2025-01-15,FO,NSE,IDO,55596,,NIFTY,,2025-02-27,2025-02-27,21900.0,PE,NIFTY25FEB21900PE,98.35,102.6,90.65,95.6,95.8,100.45,23213.2,95.6,74475,3150,361,595524757.5,165,F1,75,,,,,
2025-01-15,2025-01-15,FO,NSE,IDO,56737,,NIFTY,,2025-02-27,2025-02-27,23450.0,CE,NIFTY25FEB23450CE,478.5,497.5,437.95,461.75,461.95,478.85,23213.2,461.75,44325,24525,649,1164508995.0,193,F1,75,,,,,
2025-01-15,2025-01-15,FO,NSE,IDO,52502,,NIFTY,,2025-01-16,2025-01-16,22750.0,CE,NIFTY2511622750CE,525.7,550.9,423.5,469.1,473.6,500.85,23213.2,469.1,20700,3150,1444,2514669918.75,905,F1,75,,,,,
2025-01-15,2025-01-15,FO,NSE,IDO,52438,,NIFTY,,2025-01-16,2025-01-16,22200.0,PE,NIFTY2511622200PE,2.65,2.65,0.45,0.7,0.5,3.5,23213.2,0.7,3386250,-919200,925374,1540835687321.25,156100,F1,75,,,,,
2025-01-15,2025-01-15,FO,NSE,IDO,44905,,NIFTY,,2025-02-06,2025-02-06,22750.0,PE,NIFTY2520622750PE,0.0,0.0,0.0,45.95,0.0,45.95,23213.2,105.05,0,0,0,0.0,0,F1,75,,,,,
2025-01-15,2025-01-15,FO,NSE,IDO,43225,,NIFTY,,2025-01-30,2025-01-30,22200.0,CE,NIFTY25JAN22200CE,1089.0,1089.0,1085.15,1086.0,1086.0,1116.9,23213.2,1085.65,4175,0,3,1746503.75,3,F1,25,,,,,
2025-01-15,2025-01-15,FO,NSE,IDO,46342,,NIFTY,,2025-01-30,2025-01-30,23950.0,PE,NIFTY25JAN23950PE,708.75,772.65,660.35,718.0,715.0,724.55,23213.2,718.0,73875,-1025,130,80169373.75,79,F1,25,,,,,
2025-01-15,2025-01-15,FO,NSE,IDO,51322,,NIFTY,,2025-02-13,2025-02-13,25250.0,PE,NIFTY2521325250PE,0.0,0.0,0.0,1607.6,0.0,1607.6,23213.2,1908.6,0,0,0,0.0,0,F1,75,,,,,
2025-01-15,2025-01-15,FO,NSE,IDO,57636,,NIFTY,,2025-02-27,2025-02-27,24850.0,PE,NIFTY25FEB24850PE,0.0,0.0,0.0,1058.95,0.0,1058.95,23213.2,1492.2,0,0,0,0.0,0,F1,75,,,,,
2025-01-15,2025-01-15,FO,NSE,IDO,52839,,NIFTY,,2025-01-16,2025-01-16,24850.0,PE,NIFTY2511624850PE,0.0,0.0,0.0,1312.65,1312.65,1312.65,23213.2,1632.2,1575,0,0,0.0,0,F1,75,,,,,
2025-01-15,2025-01-15,FO,NSE,IDO,45043,,NIFTY,,2025-02-06,2025-02-06,24850.0,CE,NIFTY2520624850CE,29.1,34.85,17.7,17.75,17.75,29.1,23213.2,17.75,3750,0,6,11193915.0,6,F1,75,,,,,
2025-01-15,2025-01-15,FO,NSE,IDO,45085,,NIFTY,,2025-02-06,2025-02-06,25400.0,PE,NIFTY2520625400PE,0.0,0.0,0.0,1172.9,0.0,1172.9,23213.2,2084.95,0,0,0,0.0,0,F1,75,,,,,
2025-01-15,2025-01-15,FO,NSE,IDO,59769,,NIFTY,,2025-03-27,2025-03-27,25950.0,CE,NIFTY25MAR25950CE,0.0,0.0,0.0,51.55,51.55,51.55,23213.2,31.15,2025,0,0,0.0,0,F1,75,,,,,
2025-01-15,2025-01-15,FO,NSE,IDO,57681,,NIFTY,,2025-02-27,2025-02-27,25950.0,CE,NIFTY25FEB25950CE,20.25,20.25,17.9,17.9,17.9,20.3,23213.2,5.35,4875,-375,7,13633361.25,5,F1,75,,,,,
2025-01-15,2025-01-15,FO,NSE,IDO,45123,,NIFTY,,2025-02-06,2025-02-06,25950.0,CE,NIFTY2520625950CE,8.45,9.7,6.55,7.1,7.0,8.55,23213.2,7.1,16425,1800,123,239459531.25,98,F1,75,,,,,
2025-01-15,2025-01-15,FO,NSE,IDO,55619,,NIFTY,,2025-02-27,2025-02-27,22500.0,CE,NIFTY25FEB22500CE,1109.65,1143.8,1050.0,1081.6,1085.0,1089.2,23213.2,1081.6,71250,5925,314,555672086.25,218,F1,75,,,,,
2025-01-15,2025-01-15,FO,NSE,IDO,44961,,NIFTY,,2025-02-06,2025-02-06,23500.0,CE,NIFTY2520623500CE,304.0,322.0,261.0,276.95,278.1,299.7,23213.2,276.95,58350,23700,1432,2554320791.25,640,F1,75,,,,,
2025-01-15,2025-01-15,FO,NSE,IDO,43244,,NIFTY,,2025-01-30,2025-01-30,22500.0,PE,NIFTY25JAN22500PE,61.55,69.15,48.35,55.4,54.05,63.0,23213.2,55.4,3849075,-104300,110494,62310807616.25,31972,F1,25,,,,,
2025-01-15,2025-01-15,FO,NSE,IDO,46997,,NIFTY,,2025-03-27,2025-03-27,22500.0,CE,NIFTY25MAR22500CE,1314.4,1337.0,1255.0,1266.0,1270.0,1295.55,23213.2,1266.0,27600,11025,369,658449296.25,78,F1,75,,,,,
2025-01-15,2025-01-15,FO,NSE,IDO,43243,,NIFTY,,2025-01-30,2025-01-30,22500.0,CE,NIFTY25JAN22500CE,848.95,885.95,765.0,817.4,824.05,830.95,23213.2,817.4,537475,19025,5058,2948534442.5,1851,F1,25,,,,,
2025-01-15,2025-01-15,FO,NSE,IDO,44864,,NIFTY,,2025-02-06,2025-02-06,22500.0,CE,NIFTY2520622500CE,932.2,932.2,874.2,874.2,874.2,980.0,23213.2,861.65,150,75,2,3510480.0,2,F1,75,,,,,
2025-01-15,2025-01-15,FO,NSE,IDO,52593,,NIFTY,,2025-01-16,2025-01-16,23500.0,CE,NIFTY2511623500CE,19.0,19.45,4.6,5.55,5.45,14.95,23213.2,5.55,10883775,285075,2762603,4870917540618.75,574932,F1,75,,,,,
2025-01-15,2025-01-15,FO,NSE,IDO,51257,,NIFTY,,2025-02-13,2025-02-13,24100.0,CE,NIFTY2521324100CE,140.0,140.0,140.0,140.0,140.0,256.15,23213.2,101.9,675,0,1,1818000.0,1,F1,75,,,,,
2025-01-15,2025-01-15,FO,NSE,IDO,54753,,NIFTY,,2025-01-23,2025-01-23,22500.0,PE,NIFTY2512322500PE,27.45,34.2,21.2,24.4,23.75,31.1,23213.2,24.4,1593825,799350,69785,117898044187.5,34145,F1,75,,,,,
2025-01-15,2025-01-15,FO,NSE,IDO,51163,,NIFTY,,2025-02-13,2025-02-13,22500.0,CE,NIFTY2521322500CE,0.0,0.0,0.0,1276.45,0.0,1276.45,23213.2,913.2,0,0,0,0.0,0,F1,75,,,,,
2025-01-15,2025-01-15,FO,NSE,IDO,46438,,NIFTY,,2025-01-30,2025-01-30,25050.0,CE,NIFTY25JAN25050CE,8.25,8.25,6.3,6.45,6.5,8.7,23213.2,6.45,47100,-5675,1502,940888382.5,502,F1,25,,,,,
2025-01-15,2025-01-15,FO,NSE,IDO,57646,,NIFTY,,2025-02-27,2025-02-27,25050.0,PE,NIFTY25FEB25050PE,0.0,0.0,0.0,1022.6,1022.6,1022.6,23213.2,1674.45,75,0,0,0.0,0,F1,75,,,,,
2025-01-15,2025-01-15,FO,NSE,IDO,54778,,NIFTY,,2025-01-23,2025-01-23,23050.0,CE,NIFTY2512323050CE,308.6,350.0,259.0,288.4,290.35,313.65,23213.2,288.4,60525,6525,3049,5338109853.75,2002,F1,75,,,,,
2025-01-15,2025-01-15,FO,NSE,IDO,49174,,NIFTY,,2025-12-24,2025-12-24,15000.0,PE,NIFTY25DEC15000PE,0.0,0.0,0.0,20.05,20.05,20.05,23213.2,0.05,1450,0,0,0.0,0,F1,75,,,,,
2025-01-15,2025-01-15,FO,NSE,IDO,46589,,NIFTY,,2025-01-30,2025-01-30,26100.0,PE,NIFTY25JAN26100PE,2800.0,2800.0,2800.0,2800.0,2800.0,2908.7,23213.2,2814.5,21425,-125,5,3612500.0,1,F1,25,,,,,
2025-01-15,2025-01-15,FO,NSE,IDO,55114,,NIFTY,,2025-01-23,2025-01-23,25750.0,PE,NIFTY2512325750PE,0.0,0.0,0.0,1675.2,0.0,1675.2,23213.2,2498.75,0,0,0,0.0,0,F1,75,,,,,
2025-01-15,2025-01-15,FO,NSE,IDO,46976,,NIFTY,,2025-03-27,2025-03-27,22200.0,CE,NIFTY25MAR22200CE,0.0,0.0,0.0,2089.95,0.0,2089.95,23213.2,1424.05,0,0,0,0.0,0,F1,75,,,,,
2025-01-15,2025-01-15,FO,NSE,IDO,52503,,NIFTY,,2025-01-16,2025-01-16,22750.0,PE,NIFTY2511622750PE,7.4,11.05,4.55,5.1,4.65,9.85,23213.2,5.1,3763875,2386875,841247,1435800071047.5,194230,F1,75,,,,,
2025-01-15,2025-01-15,FO,NSE,IDO,43257,,NIFTY,,2025-01-30,2025-01-30,22750.0,CE,NIFTY25JAN22750CE,620.0,647.4,584.15,601.0,601.0,639.15,23213.2,601.0,11700,300,40,23363083.75,24,F1,25,,,,,
2025-01-15,2025-01-15,FO,NSE,IDO,55592,,NIFTY,,2025-02-27,2025-02-27,21800.0,PE,NIFTY25FEB21800PE,89.95,92.75,76.95,85.55,85.5,89.85,23213.2,85.55,150375,8175,1005,1649627445.0,390,F1,75,,,,,
2025-01-15,2025-01-15,FO,NSE,IDO,51108,,NIFTY,,2025-02-13,2025-02-13,21800.0,PE,NIFTY2521321800PE,0.0,0.0,0.0,49.0,49.0,49.0,23213.2,13.05,1050,0,0,0.0,0,F1,75,,,,,
2025-01-15,2025-01-15,FO,NSE,IDO,44819,,NIFTY,,2025-02-06,2025-02-06,21800.0,PE,NIFTY2520621800PE,24.0,39.05,24.0,39.05,39.05,5.25,23213.2,6.35,450,450,8,13102301.25,4,F1,75,,,,,
2025-01-15,2025-01-15,FO,NSE,IDO,46918,,NIFTY,,2025-03-27,2025-03-27,21800.0,CE,NIFTY25MAR21800CE,0.0,0.0,0.0,2431.4,0.0,2431.4,23213.2,1763.4,0,0,0,0.0,0,F1,75,,,,,
2025-01-15,2025-01-15,FO,NSE,IDO,55608,,NIFTY,,2025-02-27,2025-02-27,22200.0,PE,NIFTY25FEB22200PE,131.8,145.75,125.6,133.45,131.8,138.1,23213.2,133.45,261750,10125,977,1636513635.0,652,F1,75,,,,,
2025-01-15,2025-01-15,FO,NSE,IDO,47040,,NIFTY,,2025-03-27,2025-03-27,22750.0,CE,NIFTY25MAR22750CE,0.0,0.0,0.0,1119.05,1119.05,1119.05,23213.2,1008.85,375,0,0,0.0,0,F1,75,,,,,
2025-01-15,2025-01-15,FO,NSE,IDO,54723,,NIFTY,,2025-03-27,2025-03-27,23950.0,CE,NIFTY25MAR23950CE,425.8,425.8,425.8,425.8,425.8,433.45,23213.2,374.3,8250,75,9,16453665.0,3,F1,75,,,,,
2025-01-15,2025-01-15,FO,NSE,IDO,55113,,NIFTY,,2025-01-23,2025-01-23,25750.0,CE,NIFTY2512325750CE,2.55,2.65,1.55,1.7,1.6,3.1,23213.2,1.7,100425,-49875,9567,18477794520.0,2780,F1,75,,,,,
2025-01-15,2025-01-15,FO,NSE,IDO,52881,,NIFTY,,2025-01-16,2025-01-16,25750.0,PE,NIFTY2511625750PE,0.0,0.0,0.0,1170.65,0.0,1170.65,23213.2,2532.05,0,0,0,0.0,0,F1,75,,,,,
2025-01-15,2025-01-15,FO,NSE,IDO,43249,,NIFTY,,2025-01-30,2025-01-30,22650.0,CE,NIFTY25JAN22650CE,0.0,0.0,0.0,695.0,695.0,695.0,23213.2,679.6,11200,0,0,0.0,0,F1,25,,,,,
2025-01-15,2025-01-15,FO,NSE,IDO,54758,,NIFTY,,2025-01-23,2025-01-23,22650.0,CE,NIFTY2512322650CE,619.35,651.5,568.55,603.2,603.2,639.0,23213.2,618.1,3750,600,22,38394138.75,10,F1,75,,,,,
2025-01-15,2025-01-15,FO,NSE,IDO,51171,,NIFTY,,2025-02-13,2025-02-13,22650.0,CE,NIFTY2521322650CE,0.0,0.0,0.0,1153.7,0.0,1153.7,23213.2,793.7,0,0,0,0.0,0,F1,75,,,,,
2025-01-15,2025-01-15,FO,NSE,IDO,51172,,NIFTY,,2025-02-13,2025-02-13,22650.0,PE,NIFTY2521322650PE,0.0,0.0,0.0,118.75,0.0,118.75,23213.2,109.35,0,0,0,0.0,0,F1,75,,,,,
2025-01-15,2025-01-15,FO,NSE,IDO,43254,,NIFTY,,2025-01-30,2025-01-30,22650.0,PE,NIFTY25JAN22650PE,77.85,92.9,65.95,76.35,75.5,84.85,23213.2,76.35,108825,5550,8852,5030018170.0,3877,F1,25,,,,,
2025-01-15,2025-01-15,FO,NSE,IDO,55625,,NIFTY,,2025-02-27,2025-02-27,22650.0,CE,NIFTY25FEB22650CE,0.0,0.0,0.0,1869.3,0.0,1869.3,23213.2,896.2,0,0,0,0.0,0,F1,75,,,,,
2025-01-15,2025-01-15,FO,NSE,IDO,50971,,NIFTY,,2025-12-24,2025-12-24,27000.0,CE,NIFTY25DEC27000CE,512.5,528.0,487.0,492.8,491.05,512.3,23213.2,492.8,269475,3900,272,561120487.5,209,F1,75,,,,,
2025-01-15,2025-01-15,FO,NSE,IDO,50984,,NIFTY,,2027-06-24,2027-06-24,27000.0,PE,NIFTY27JUN27000PE,0.0,0.0,0.0,6273.45,0.0,6273.45,23213.2,1800.75,0,0,0,0.0,0,F1,75,,,,,
2025-01-15,2025-01-15,FO,NSE,IDO,61795,,NIFTY,,2029-12-27,2029-12-27,27000.0,PE,NIFTY29DEC27000PE,0.0,0.0,0.0,1177.9,0.0,1177.9,23213.2,1068.45,0,0,0,0.0,0,F1,75,,,,,
2025-01-15,2025-01-15,FO,NSE,IDO,50979,,NIFTY,,2026-12-31,2026-12-31,27000.0,PE,NIFTY26DEC27000PE,0.0,0.0,0.0,6522.3,0.0,6522.3,23213.2,2009.05,0,0,0,0.0,0,F1,75,,,,,
2025-01-15,2025-01-15,FO,NSE,IDO,64577,,NIFTY,,2025-03-27,2025-03-27,27000.0,PE,NIFTY25MAR27000PE,3370.05,3450.3,3335.0,3390.8,3383.35,3388.15,23213.2,3390.8,511150,625,85,193863168.75,64,F1,75,,,,,
2025-01-15,2025-01-15,FO,NSE,IDO,50976,,NIFTY,,2026-06-25,2026-06-25,27000.0,PE,NIFTY26JUN27000PE,0.0,0.0,0.0,6810.7,0.0,6810.7,23213.2,2279.25,0,0,0,0.0,0,F1,75,,,,,
2025-01-15,2025-01-15,FO,NSE,IDO,67788,,NIFTY,,2028-12-28,2028-12-28,27000.0,CE,NIFTY28DEC27000CE,0.0,0.0,0.0,4437.95,0.0,4437.95,23213.2,3842.65,0,0,0,0.0,0,F1,75,,,,,
2025-01-15,2025-01-15,FO,NSE,IDO,50972,,NIFTY,,2025-12-24,2025-12-24,27000.0,PE,NIFTY25DEC27000PE,2526.0,2531.65,2451.15,2505.05,2523.0,2526.65,23213.2,2505.05,104975,2100,57,126030675.0,57,F1,75,,,,,
2025-01-15,2025-01-15,FO,NSE,IDO,86163,,NIFTY,,2028-06-29,2028-06-29,27000.0,CE,NIFTY28JUN27000CE,0.0,0.0,0.0,2885.15,0.0,2885.15,23213.2,3276.45,0,0,0,0.0,0,F1,75,,,,,
2025-01-15,2025-01-15,FO,NSE,IDO,64698,,NIFTY,,2025-09-25,2025-09-25,27000.0,CE,NIFTY25SEP27000CE,0.0,0.0,0.0,2279.95,0.0,2279.95,23213.2,267.95,0,0,0,0.0,0,F1,75,,,,,
2025-01-15,2025-01-15,FO,NSE,IDO,86164,,NIFTY,,2028-06-29,2028-06-29,27000.0,PE,NIFTY28JUN27000PE,0.0,0.0,0.0,2752.35,0.0,2752.35,23213.2,1447.15,0,0,0,0.0,0,F1,75,,,,,
2025-01-15,2025-01-15,FO,NSE,IDO,57605,,NIFTY,,2025-02-27,2025-02-27,24100.0,CE,NIFTY25FEB24100CE,206.0,222.0,185.0,194.3,195.0,207.5,23213.2,194.3,50100,3525,400,728976675.0,225,F1,75,,,,,
2025-01-15,2025-01-15,FO,NSE,IDO,54728,,NIFTY,,2025-03-27,2025-03-27,24100.0,PE,NIFTY25MAR24100PE,0.0,0.0,0.0,891.65,891.65,891.65,23213.2,894.8,2550,0,0,0.0,0,F1,75,,,,,
2025-01-15,2025-01-15,FO,NSE,IDO,54709,,NIFTY,,2025-01-23,2025-01-23,22200.0,PE,NIFTY2512322200PE,10.95,15.3,9.6,11.05,10.5,14.6,23213.2,11.05,805350,643125,35007,58317500883.75,19519,F1,75,,,,,
2025-01-15,2025-01-15,FO,NSE,IDO,52437,,NIFTY,,2025-01-16,2025-01-16,22200.0,CE,NIFTY2511622200CE,1030.0,1066.0,975.2,1010.4,1005.6,935.0,23213.2,1010.4,450,-225,17,29609677.5,16,F1,75,,,,,
2025-01-15,2025-01-15,FO,NSE,IDO,46977,,NIFTY,,2025-03-27,2025-03-27,22200.0,PE,NIFTY25MAR22200PE,200.0,215.95,192.5,193.25,192.65,195.1,23213.2,193.25,120450,525,289,485402523.75,41,F1,75,,,,,
2025-01-15,2025-01-15,FO,NSE,IDO,55001,,NIFTY,,2025-01-23,2025-01-23,23950.0,CE,NIFTY2512323950CE,21.25,21.25,10.25,11.05,11.3,18.6,23213.2,11.05,254925,124875,18648,33515317185.0,13026,F1,75,,,,,
2025-01-15,2025-01-15,FO,NSE,IDO,55584,,NIFTY,,2025-02-27,2025-02-27,21600.0,PE,NIFTY25FEB21600PE,0.0,0.0,0.0,59.5,0.0,59.5,23213.2,18.55,0,0,0,0.0,0,F1,75,,,,,
2025-01-15,2025-01-15,FO,NSE,IDO,43191,,NIFTY,,2025-01-30,2025-01-30,21600.0,CE,NIFTY25JAN21600CE,1680.7,1739.55,1622.0,1654.7,1665.55,1683.3,23213.2,1654.7,134275,375,72,41876263.75,43,F1,25,,,,,
2025-01-15,2025-01-15,FO,NSE,IDO,44923,,NIFTY,,2025-02-06,2025-02-06,23050.0,PE,NIFTY2520623050PE,0.0,0.0,0.0,79.8,0.0,79.8,23213.2,196.35,0,0,0,0.0,0,F1,75,,,,,
2025-01-15,2025-01-15,FO,NSE,IDO,51286,,NIFTY,,2025-02-13,2025-02-13,24650.0,PE,NIFTY2521324650PE,0.0,0.0,0.0,1100.75,0.0,1100.75,23213.2,1336.7,0,0,0,0.0,0,F1,75,,,,,
2025-01-15,2025-01-15,FO,NSE,IDO,45036,,NIFTY,,2025-02-06,2025-02-06,24650.0,PE,NIFTY2520624650PE,0.0,0.0,0.0,642.85,0.0,642.85,23213.2,1352.25,0,0,0,0.0,0,F1,75,,,,,
2025-01-15,2025-01-15,FO,NSE,IDO,51285,,NIFTY,,2025-02-13,2025-02-13,24650.0,CE,NIFTY2521324650CE,0.0,0.0,0.0,149.65,0.0,149.65,23213.2,31.75,0,0,0,0.0,0,F1,75,,,,,
2025-01-15,2025-01-15,FO,NSE,IDO,55340,,NIFTY,,2025-03-27,2025-03-27,24400.0,PE,NIFTY25MAR24400PE,0.0,0.0,0.0,1055.0,1055.0,1055.0,23213.2,1103.45,225,0,0,0.0,0,F1,75,,,,,
2025-01-15,2025-01-15,FO,NSE,IDO,57618,,NIFTY,,2025-02-27,2025-02-27,24400.0,PE,NIFTY25FEB24400PE,1135.0,1135.0,1075.0,1100.0,1100.0,1110.0,23213.2,1105.45,62025,-150,7,13393267.5,7,F1,75,,,,,
2025-01-15,2025-01-15,FO,NSE,IDO,52374,,NIFTY,,2025-01-16,2025-01-16,21600.0,PE,NIFTY2511621600PE,1.15,1.3,0.3,0.35,0.3,1.15,23213.2,0.35,214050,-330675,63694,103187102321.25,10372,F1,75,,,,,
2025-01-15,2025-01-15,FO,NSE,IDO,44803,,NIFTY,,2025-02-06,2025-02-06,21600.0,PE,NIFTY2520621600PE,0.0,0.0,0.0,3.05,0.0,3.05,23213.2,2.95,0,0,0,0.0,0,F1,75,,,,,
2025-01-15,2025-01-15,FO,NSE,IDO,55583,,NIFTY,,2025-02-27,2025-02-27,21600.0,CE,NIFTY25FEB21600CE,0.0,0.0,0.0,2763.2,0.0,2763.2,23213.2,1802.8,0,0,0,0.0,0,F1,75,,,,,
2025-01-15,2025-01-15,FO,NSE,IDO,44802,,NIFTY,,2025-02-06,2025-02-06,21600.0,CE,NIFTY2520621600CE,0.0,0.0,0.0,2741.95,0.0,2741.95,23213.2,1703.85,0,0,0,0.0,0,F1,75,,,,,
2025-01-15,2025-01-15,FO,NSE,IDO,52370,,NIFTY,,2025-01-16,2025-01-16,21600.0,CE,NIFTY2511621600CE,0.0,0.0,0.0,1609.15,1609.15,1609.15,23213.2,1617.2,150,0,0,0.0,0,F1,75,,,,,
2025-01-15,2025-01-15,FO,NSE,IDO,61748,,NIFTY,,2029-12-27,2029-12-27,24000.0,CE,NIFTY29DEC24000CE,0.0,0.0,0.0,7730.0,0.0,7730.0,23213.2,6538.05,0,0,0,0.0,0,F1,75,,,,,
2025-01-15,2025-01-15,FO,NSE,IDO,53617,,NIFTY,,2027-12-30,2027-12-30,22000.0,PE,NIFTY27DEC22000PE,0.0,0.0,0.0,329.0,329.0,329.0,23213.2,339.15,25,0,0,0.0,0,F1,75,,,,,
2025-01-15,2025-01-15,FO,NSE,IDO,44844,,NIFTY,,2025-02-06,2025-02-06,22000.0,PE,NIFTY2520622000PE,57.4,61.0,49.8,53.4,54.0,58.8,23213.2,53.4,70425,19875,1044,1726941701.25,469,F1,75,,,,,
2025-01-15,2025-01-15,FO,NSE,IDO,64566,,NIFTY,,2025-03-27,2025-03-27,24000.0,CE,NIFTY25MAR24000CE,414.0,427.45,371.4,387.4,392.6,406.7,23213.2,387.4,833950,-42800,3915,7162808947.5,2588,F1,75,,,,,
2025-01-15,2025-01-15,FO,NSE,IDO,71380,,NIFTY,,2025-06-26,2025-06-26,24000.0,PE,NIFTY25JUN24000PE,870.0,911.9,844.95,882.6,881.95,887.6,23213.2,882.6,550925,450,814,1518693498.75,716,F1,75,,,,,
2025-01-15,2025-01-15,FO,NSE,IDO,67779,,NIFTY,,2028-12-28,2028-12-28,22000.0,PE,NIFTY28DEC22000PE,0.0,0.0,0.0,521.3,521.3,521.3,23213.2,308.5,225,0,0,0.0,0,F1,75,,,,,
2025-01-15,2025-01-15,FO,NSE,IDO,67770,,NIFTY,,2028-12-28,2028-12-28,18000.0,CE,NIFTY28DEC18000CE,0.0,0.0,0.0,9380.3,0.0,9380.3,23213.2,9478.9,0,0,0,0.0,0,F1,75,,,,,
2025-01-15,2025-01-15,FO,NSE,IDO,55120,,NIFTY,,2025-06-26,2025-06-26,18000.0,PE,NIFTY25JUN18000PE,0.0,0.0,0.0,23.9,23.9,23.9,23213.2,0.45,9375,0,0,0.0,0,F1,75,,,,,
2025-01-15,2025-01-15,FO,NSE,IDO,58641,,NIFTY,,2026-12-31,2026-12-31,18000.0,PE,NIFTY26DEC18000PE,0.0,0.0,0.0,76.1,76.1,76.1,23213.2,28.6,5175,0,0,0.0,0,F1,75,,,,,
2025-01-15,2025-01-15,FO,NSE,IDO,50557,,NIFTY,,2026-06-25,2026-06-25,18000.0,PE,NIFTY26JUN18000PE,0.0,0.0,0.0,3088.05,0.0,3088.05,23213.2,17.8,0,0,0,0.0,0,F1,75,,,,,
2025-01-15,2025-01-15,FO,NSE,IDO,89613,,NIFTY,,2029-06-28,2029-06-28,18000.0,PE,NIFTY29JUN18000PE,0.0,0.0,0.0,118.45,0.0,118.45,23213.2,51.05,0,0,0,0.0,0,F1,75,,,,,
2025-01-15,2025-01-15,FO,NSE,IDO,64552,,NIFTY,,2025-03-27,2025-03-27,18000.0,CE,NIFTY25MAR18000CE,5436.35,5453.9,5374.4,5446.95,5439.95,5453.7,23213.2,5446.95,469050,-375,11,19321237.5,11,F1,75,,,,,
2025-01-15,2025-01-15,FO,NSE,IDO,86139,,NIFTY,,2028-06-29,2028-06-29,18000.0,CE,NIFTY28JUN18000CE,0.0,0.0,0.0,6809.35,0.0,6809.35,23213.2,9004.5,0,0,0,0.0,0,F1,75,,,,,
2025-01-15,2025-01-15,FO,NSE,IDO,44801,,NIFTY,,2025-02-06,2025-02-06,21550.0,PE,NIFTY2520621550PE,0.0,0.0,0.0,2.65,0.0,2.65,23213.2,2.4,0,0,0,0.0,0,F1,75,,,,,
2025-01-15,2025-01-15,FO,NSE,IDO,51093,,NIFTY,,2025-02-13,2025-02-13,21550.0,CE,NIFTY2521321550CE,0.0,0.0,0.0,2140.6,0.0,2140.6,23213.2,1784.35,0,0,0,0.0,0,F1,75,,,,,
2025-01-15,2025-01-15,FO,NSE,IDO,45083,,NIFTY,,2025-02-06,2025-02-06,25400.0,CE,NIFTY2520625400CE,0.0,0.0,0.0,15.5,15.5,15.5,23213.2,1.3,5700,0,0,0.0,0,F1,75,,,,,
2025-01-15,2025-01-15,FO,NSE,IDO,57659,,NIFTY,,2025-02-27,2025-02-27,25400.0,CE,NIFTY25FEB25400CE,33.15,42.15,27.15,42.0,42.0,32.05,23213.2,42.0,25425,-1050,208,396728876.25,90,F1,75,,,,,
2025-01-15,2025-01-15,FO,NSE,IDO,52680,,NIFTY,,2025-01-16,2025-01-16,23950.0,PE,NIFTY2511623950PE,686.05,782.75,686.05,737.15,735.9,714.3,23213.2,737.15,29550,-2850,141,260918831.25,74,F1,75,,,,,
2025-01-15,2025-01-15,FO,NSE,IDO,57599,,NIFTY,,2025-02-27,2025-02-27,23950.0,CE,NIFTY25FEB23950CE,239.35,243.25,237.2,239.0,239.0,239.35,23213.2,239.0,7500,150,6,10885098.75,6,F1,75,,,,,
2025-01-15,2025-01-15,FO,NSE,IDO,58794,,NIFTY,,2025-03-27,2025-03-27,25900.0,PE,NIFTY25MAR25900PE,0.0,0.0,0.0,1904.95,0.0,1904.95,23213.2,2382.55,0,0,0,0.0,0,F1,75,,,,,
2025-01-15,2025-01-15,FO,NSE,IDO,45121,,NIFTY,,2025-02-06,2025-02-06,25900.0,CE,NIFTY2520625900CE,9.4,9.4,6.55,6.65,6.55,9.35,23213.2,6.65,20250,975,128,248716841.25,64,F1,75,,,,,
2025-01-15,2025-01-15,FO,NSE,IDO,46538,,NIFTY,,2025-01-30,2025-01-30,25900.0,PE,NIFTY25JAN25900PE,0.0,0.0,0.0,2612.75,2612.75,2612.75,23213.2,2615.05,13975,0,0,0.0,0,F1,25,,,,,
2025-01-15,2025-01-15,FO,NSE,IDO,52888,,NIFTY,,2025-01-16,2025-01-16,25900.0,PE,NIFTY2511625900PE,2715.0,2715.0,2617.8,2689.15,2689.15,2644.25,23213.2,2689.15,1500,-1275,20,42827812.5,20,F1,75,,,,,
2025-01-15,2025-01-15,FO,NSE,IDO,58793,,NIFTY,,2025-03-27,2025-03-27,25900.0,CE,NIFTY25MAR25900CE,46.5,46.5,43.0,43.0,43.0,46.5,23213.2,33.6,3450,225,14,27243187.5,4,F1,75,,,,,
2025-01-15,2025-01-15,FO,NSE,IDO,45122,,NIFTY,,2025-02-06,2025-02-06,25900.0,PE,NIFTY2520625900PE,0.0,0.0,0.0,1596.95,0.0,1596.95,23213.2,2581.8,0,0,0,0.0,0,F1,75,,,,,
2025-01-15,2025-01-15,FO,NSE,IDO,46537,,NIFTY,,2025-01-30,2025-01-30,25900.0,CE,NIFTY25JAN25900CE,4.25,4.3,3.4,3.65,3.55,4.9,23213.2,3.65,120550,-18700,3390,2195355480.0,898,F1,25,,,,,
2025-01-15,2025-01-15,FO,NSE,IDO,55129,,NIFTY,,2025-01-23,2025-01-23,25900.0,CE,NIFTY2512325900CE,2.7,2.7,1.5,1.65,1.6,2.85,23213.2,1.65,1164075,-316725,65525,127291405376.25,10390,F1,75,,,,,
2025-01-15,2025-01-15,FO,NSE,IDO,55130,,NIFTY,,2025-01-23,2025-01-23,25900.0,PE,NIFTY2512325900PE,2650.0,2710.0,2630.0,2670.0,2670.0,2699.0,23213.2,2670.0,1425,1350,18,38592270.0,18,F1,75,,,,,
2025-01-15,2025-01-15,FO,NSE,IDO,57679,,NIFTY,,2025-02-27,2025-02-27,25900.0,CE,NIFTY25FEB25900CE,21.65,25.3,17.9,18.05,17.9,21.5,23213.2,18.05,14625,-5250,160,311031660.0,83,F1,75,,,,,
2025-01-15,2025-01-15,FO,NSE,IDO,52887,,NIFTY,,2025-01-16,2025-01-16,25900.0,CE,NIFTY2511625900CE,0.9,0.9,0.25,0.35,0.25,0.9,23213.2,0.35,427050,-58425,35438,68839762128.75,9018,F1,75,,,,,
2025-01-15,2025-01-15,FO,NSE,IDO,57680,,NIFTY,,2025-02-27,2025-02-27,25900.0,PE,NIFTY25FEB25900PE,0.0,0.0,0.0,2500.0,2500.0,2500.0,23213.2,2487.65,225,0,0,0.0,0,F1,75,,,,,
2025-01-15,2025-01-15,FO,NSE,IDO,55199,,NIFTY,,2025-03-27,2025-03-27,24350.0,CE,NIFTY25MAR24350CE,0.0,0.0,0.0,295.55,295.55,295.55,23213.2,248.05,2400,0,0,0.0,0,F1,75,,,,,
2025-01-15,2025-01-15,FO,NSE,IDO,55200,,NIFTY,,2025-03-27,2025-03-27,24350.0,PE,NIFTY25MAR24350PE,0.0,0.0,0.0,854.7,0.0,854.7,23213.2,1067.25,0,0,0,0.0,0,F1,75,,,,,
2025-01-15,2025-01-15,FO,NSE,IDO,52724,,NIFTY,,2025-01-16,2025-01-16,24350.0,CE,NIFTY2511624350CE,1.1,1.3,0.7,0.85,0.75,1.35,23213.2,0.85,944850,-16800,60910,111241264260.0,16412,F1,75,,,,,
2025-01-15,2025-01-15,FO,NSE,IDO,55030,,NIFTY,,2025-01-23,2025-01-23,24350.0,PE,NIFTY2512324350PE,1128.25,1165.0,1096.0,1142.0,1142.0,905.6,23213.2,1102.55,1650,1275,19,36317557.5,18,F1,75,,,,,
2025-01-15,2025-01-15,FO,NSE,IDO,46364,,NIFTY,,2025-01-30,2025-01-30,24350.0,CE,NIFTY25JAN24350CE,25.0,25.0,15.0,16.05,16.15,21.15,23213.2,16.05,85625,-3825,4324,2634024697.5,1485,F1,25,,,,,
2025-01-15,2025-01-15,FO,NSE,IDO,51270,,NIFTY,,2025-02-13,2025-02-13,24350.0,PE,NIFTY2521324350PE,0.0,0.0,0.0,875.8,0.0,875.8,23213.2,1068.25,0,0,0,0.0,0,F1,75,,,,,
2025-01-15,2025-01-15,FO,NSE,IDO,51269,,NIFTY,,2025-02-13,2025-02-13,24350.0,CE,NIFTY2521324350CE,0.0,0.0,0.0,222.65,0.0,222.65,23213.2,61.7,0,0,0,0.0,0,F1,75,,,,,
2025-01-15,2025-01-15,FO,NSE,IDO,54780,,NIFTY,,2025-01-23,2025-01-23,23100.0,CE,NIFTY2512323100CE,306.0,315.0,227.0,254.85,257.6,284.6,23213.2,254.85,329400,47850,20143,35292450791.25,11996,F1,75,,,,,
2025-01-15,2025-01-15,FO,NSE,IDO,45059,,NIFTY,,2025-02-06,2025-02-06,25100.0,CE,NIFTY2520625100CE,21.8,21.8,21.8,21.8,21.8,21.95,23213.2,3.75,3225,0,1,1884135.0,1,F1,75,,,,,
2025-01-15,2025-01-15,FO,NSE,IDO,51307,,NIFTY,,2025-02-13,2025-02-13,25100.0,PE,NIFTY2521325100PE,0.0,0.0,0.0,1475.05,0.0,1475.05,23213.2,1762.85,0,0,0,0.0,0,F1,75,,,,,
2025-01-15,2025-01-15,FO,NSE,IDO,51201,,NIFTY,,2025-02-13,2025-02-13,23200.0,CE,NIFTY2521323200CE,501.0,502.0,478.75,502.0,502.0,511.0,23213.2,502.0,1800,75,7,12435918.75,7,F1,75,,,,,
2025-01-15,2025-01-15,FO,NSE,IDO,43607,,NIFTY,,2025-01-30,2025-01-30,23200.0,PE,NIFTY25JAN23200PE,215.6,268.25,202.5,228.0,225.8,246.2,23213.2,228.0,1478750,63325,151159,88567632691.25,44930,F1,25,,,,,
2025-01-15,2025-01-15,FO,NSE,IDO,55647,,NIFTY,,2025-02-27,2025-02-27,23200.0,CE,NIFTY25FEB23200CE,628.0,652.8,573.9,600.1,604.9,615.35,23213.2,600.1,166275,26550,1274,2274518778.75,862,F1,75,,,,,
2025-01-15,2025-01-15,FO,NSE,IDO,44933,,NIFTY,,2025-02-06,2025-02-06,23200.0,PE,NIFTY2520623200PE,332.85,357.5,300.0,320.85,314.85,333.1,23213.2,320.85,18600,1200,378,667065618.75,183,F1,75,,,,,
2025-01-15,2025-01-15,FO,NSE,IDO,54786,,NIFTY,,2025-01-23,2025-01-23,23200.0,CE,NIFTY2512323200CE,234.9,250.35,170.65,193.5,198.1,221.55,23213.2,193.5,2421525,1163400,161901,284153734560.0,80165,F1,75,,,,,
2025-01-15,2025-01-15,FO,NSE,IDO,52865,,NIFTY,,2025-01-16,2025-01-16,25350.0,PE,NIFTY2511625350PE,0.0,0.0,0.0,872.0,0.0,872.0,23213.2,2132.1,0,0,0,0.0,0,F1,75,,,,,
2025-01-15,2025-01-15,FO,NSE,IDO,55090,,NIFTY,,2025-01-23,2025-01-23,25350.0,PE,NIFTY2512325350PE,0.0,0.0,0.0,1326.35,0.0,1326.35,23213.2,2099.35,0,0,0,0.0,0,F1,75,,,,,
2025-01-15,2025-01-15,FO,NSE,IDO,57658,,NIFTY,,2025-02-27,2025-02-27,25350.0,PE,NIFTY25FEB25350PE,0.0,0.0,0.0,1382.1,0.0,1382.1,23213.2,1955.95,0,0,0,0.0,0,F1,75,,,,,
2025-01-15,2025-01-15,FO,NSE,IDO,46464,,NIFTY,,2025-01-30,2025-01-30,25350.0,PE,NIFTY25JAN25350PE,0.0,0.0,0.0,1475.0,1475.0,1475.0,23213.2,2066.75,8500,0,0,0.0,0,F1,25,,,,,
2025-01-15,2025-01-15,FO,NSE,IDO,46391,,NIFTY,,2025-01-30,2025-01-30,24750.0,CE,NIFTY25JAN24750CE,11.4,11.4,8.0,8.4,8.45,11.4,23213.2,8.4,117025,18050,7195,4453567895.0,2944,F1,25,,,,,
2025-01-15,2025-01-15,FO,NSE,IDO,55050,,NIFTY,,2025-01-23,2025-01-23,24750.0,CE,NIFTY2512324750CE,3.65,3.65,2.1,2.35,2.3,4.0,23213.2,2.35,144525,111375,8705,16160492542.5,2770,F1,75,,,,,
2025-01-15,2025-01-15,FO,NSE,IDO,57632,,NIFTY,,2025-02-27,2025-02-27,24750.0,PE,NIFTY25FEB24750PE,0.0,0.0,0.0,1408.1,1408.1,1408.1,23213.2,1403.15,7875,0,0,0.0,0,F1,75,,,,,
2025-01-15,2025-01-15,FO,NSE,IDO,56544,,NIFTY,,2025-03-27,2025-03-27,24750.0,CE,NIFTY25MAR24750CE,0.0,0.0,0.0,184.0,184.0,184.0,23213.2,157.55,300,0,0,0.0,0,F1,75,,,,,
2025-01-15,2025-01-15,FO,NSE,IDO,51289,,NIFTY,,2025-02-13,2025-02-13,24750.0,CE,NIFTY2521324750CE,0.0,0.0,0.0,130.05,0.0,130.05,23213.2,25.05,0,0,0,0.0,0,F1,75,,,,,
2025-01-15,2025-01-15,FO,NSE,IDO,54689,,NIFTY,,2025-01-23,2025-01-23,21850.0,PE,NIFTY2512321850PE,7.0,7.0,4.35,5.45,5.1,8.15,23213.2,5.45,131175,17025,6906,11320141128.75,3732,F1,75,,,,,
2025-01-15,2025-01-15,FO,NSE,IDO,44821,,NIFTY,,2025-02-06,2025-02-06,21850.0,CE,NIFTY2520621850CE,0.0,0.0,0.0,2496.65,0.0,2496.65,23213.2,1459.55,0,0,0,0.0,0,F1,75,,,,,
2025-01-15,2025-01-15,FO,NSE,IDO,51109,,NIFTY,,2025-02-13,2025-02-13,21850.0,CE,NIFTY2521321850CE,0.0,0.0,0.0,1855.75,0.0,1855.75,23213.2,1495.2,0,0,0,0.0,0,F1,75,,,,,
2025-01-15,2025-01-15,FO,NSE,IDO,55594,,NIFTY,,2025-02-27,2025-02-27,21850.0,PE,NIFTY25FEB21850PE,92.35,99.65,84.35,90.6,90.85,93.7,23213.2,90.6,60150,-3675,206,338976573.75,55,F1,75,,,,,
2025-01-15,2025-01-15,FO,NSE,IDO,52406,,NIFTY,,2025-01-16,2025-01-16,21850.0,CE,NIFTY2511621850CE,0.0,0.0,0.0,2210.8,2210.8,2210.8,23213.2,1367.25,75,0,0,0.0,0,F1,75,,,,,
2025-01-15,2025-01-15,FO,NSE,IDO,46928,,NIFTY,,2025-03-27,2025-03-27,21900.0,CE,NIFTY25MAR21900CE,0.0,0.0,0.0,2344.3,0.0,2344.3,23213.2,1676.15,0,0,0,0.0,0,F1,75,,,,,
2025-01-15,2025-01-15,FO,NSE,IDO,51129,,NIFTY,,2025-02-13,2025-02-13,21900.0,CE,NIFTY2521321900CE,0.0,0.0,0.0,1809.1,0.0,1809.1,23213.2,1447.85,0,0,0,0.0,0,F1,75,,,,,
2025-01-15,2025-01-15,FO,NSE,IDO,44840,,NIFTY,,2025-02-06,2025-02-06,21900.0,PE,NIFTY2520621900PE,29.8,50.15,29.8,45.55,45.0,36.0,23213.2,45.55,1575,1425,30,49377896.25,12,F1,75,,,,,
2025-01-15,2025-01-15,FO,NSE,IDO,44830,,NIFTY,,2025-02-06,2025-02-06,21900.0,CE,NIFTY2520621900CE,0.0,0.0,0.0,2447.8,0.0,2447.8,23213.2,1411.25,0,0,0,0.0,0,F1,75,,,,,
2025-01-15,2025-01-15,FO,NSE,IDO,45684,,NIFTY,,2025-01-30,2025-01-30,23450.0,CE,NIFTY25JAN23450CE,195.7,208.2,153.7,167.75,169.55,193.35,23213.2,167.75,100075,5875,9298,5492016668.75,4149,F1,25,,,,,
2025-01-15,2025-01-15,FO,NSE,IDO,45111,,NIFTY,,2025-02-06,2025-02-06,25750.0,PE,NIFTY2520625750PE,0.0,0.0,0.0,1465.25,0.0,1465.25,23213.2,2432.6,0,0,0,0.0,0,F1,75,,,,,
2025-01-15,2025-01-15,FO,NSE,IDO,57606,,NIFTY,,2025-02-27,2025-02-27,24100.0,PE,NIFTY25FEB24100PE,873.2,927.3,855.0,927.3,927.3,880.6,23213.2,872.1,27450,-75,14,26232918.75,13,F1,75,,,,,
2025-01-15,2025-01-15,FO,NSE,IDO,44800,,NIFTY,,2025-02-06,2025-02-06,21550.0,CE,NIFTY2520621550CE,0.0,0.0,0.0,2791.2,0.0,2791.2,23213.2,1753.1,0,0,0,0.0,0,F1,75,,,,,
2025-01-15,2025-01-15,FO,NSE,IDO,55341,,NIFTY,,2025-03-27,2025-03-27,24450.0,CE,NIFTY25MAR24450CE,0.0,0.0,0.0,258.95,258.95,258.95,23213.2,222.35,5250,0,0,0.0,0,F1,75,,,,,
2025-01-15,2025-01-15,FO,NSE,IDO,45022,,NIFTY,,2025-02-06,2025-02-06,24450.0,CE,NIFTY2520624450CE,0.0,0.0,0.0,98.3,98.3,98.3,23213.2,27.2,150,0,0,0.0,0,F1,75,,,,,
2025-01-15,2025-01-15,FO,NSE,IDO,51275,,NIFTY,,2025-02-13,2025-02-13,24450.0,CE,NIFTY2521324450CE,0.0,0.0,0.0,195.7,0.0,195.7,23213.2,49.85,0,0,0,0.0,0,F1,75,,,,,
2025-01-15,2025-01-15,FO,NSE,IDO,57619,,NIFTY,,2025-02-27,2025-02-27,24450.0,CE,NIFTY25FEB24450CE,124.95,130.0,109.15,113.45,112.5,121.15,23213.2,113.45,5100,-900,131,241347855.0,45,F1,75,,,,,
2025-01-15,2025-01-15,FO,NSE,IDO,52760,,NIFTY,,2025-01-16,2025-01-16,24450.0,PE,NIFTY2511624450PE,1293.2,1293.2,1239.45,1239.45,1239.45,1225.8,23213.2,1232.3,1950,-75,3,5788188.75,2,F1,75,,,,,
2025-01-15,2025-01-15,FO,NSE,IDO,57620,,NIFTY,,2025-02-27,2025-02-27,24450.0,PE,NIFTY25FEB24450PE,0.0,0.0,0.0,771.7,771.7,771.7,23213.2,1146.45,4050,0,0,0.0,0,F1,75,,,,,
2025-01-15,2025-01-15,FO,NSE,IDO,44792,,NIFTY,,2025-02-06,2025-02-06,21350.0,PE,NIFTY2520621350PE,0.0,0.0,0.0,1.45,0.0,1.45,23213.2,1.0,0,0,0,0.0,0,F1,75,,,,,
2025-01-15,2025-01-15,FO,NSE,IDO,54667,,NIFTY,,2025-01-23,2025-01-23,21350.0,PE,NIFTY2512321350PE,4.0,5.0,1.85,2.15,2.2,3.95,23213.2,2.15,1267350,1188900,85580,137049076046.25,26497,F1,75,,,,,
2025-01-15,2025-01-15,FO,NSE,IDO,43172,,NIFTY,,2025-01-30,2025-01-30,21350.0,PE,NIFTY25JAN21350PE,9.0,9.05,6.95,7.45,7.4,9.0,23213.2,7.45,106000,74475,9023,4817727928.75,3226,F1,25,,,,,
2025-01-15,2025-01-15,FO,NSE,IDO,51073,,NIFTY,,2025-02-13,2025-02-13,21350.0,PE,NIFTY2521321350PE,0.0,0.0,0.0,8.15,0.0,8.15,23213.2,2.95,0,0,0,0.0,0,F1,75,,,,,
2025-01-15,2025-01-15,FO,NSE,IDO,54666,,NIFTY,,2025-01-23,2025-01-23,21350.0,CE,NIFTY2512321350CE,0.0,0.0,0.0,2753.5,0.0,2753.5,23213.2,1894.75,0,0,0,0.0,0,F1,75,,,,,
2025-01-15,2025-01-15,FO,NSE,IDO,58635,,NIFTY,,2026-12-31,2026-12-31,15000.0,PE,NIFTY26DEC15000PE,0.0,0.0,0.0,36.75,36.75,36.75,23213.2,1.35,2275,0,0,0.0,0,F1,75,,,,,
2025-01-15,2025-01-15,FO,NSE,IDO,38375,,NIFTY,,2025-06-26,2025-06-26,20000.0,PE,NIFTY25JUN20000PE,76.0,96.3,74.0,80.9,80.8,77.0,23213.2,80.9,569175,4925,352,530099055.0,149,F1,75,,,,,
2025-01-15,2025-01-15,FO,NSE,IDO,46416,,NIFTY,,2025-01-30,2025-01-30,24950.0,CE,NIFTY25JAN24950CE,9.3,9.35,6.9,7.1,7.0,9.45,23213.2,7.1,48775,3300,1164,726263261.25,476,F1,25,,,,,
2025-01-15,2025-01-15,FO,NSE,IDO,55066,,NIFTY,,2025-01-23,2025-01-23,24950.0,PE,NIFTY2512324950PE,0.0,0.0,0.0,1667.1,1667.1,1667.1,23213.2,1699.95,75,0,0,0.0,0,F1,75,,,,,
2025-01-15,2025-01-15,FO,NSE,IDO,51321,,NIFTY,,2025-02-13,2025-02-13,25250.0,CE,NIFTY2521325250CE,0.0,0.0,0.0,22.0,22.0,22.0,23213.2,6.85,225,0,0,0.0,0,F1,75,,,,,
2025-01-15,2025-01-15,FO,NSE,IDO,52860,,NIFTY,,2025-01-16,2025-01-16,25250.0,CE,NIFTY2511625250CE,1.0,1.0,0.25,0.35,0.25,1.05,23213.2,0.35,319275,-187200,27342,51779923218.75,5571,F1,75,,,,,
2025-01-15,2025-01-15,FO,NSE,IDO,46460,,NIFTY,,2025-01-30,2025-01-30,25250.0,PE,NIFTY25JAN25250PE,0.0,0.0,0.0,1912.2,1912.2,1912.2,23213.2,1967.15,5550,0,0,0.0,0,F1,25,,,,,
2025-01-15,2025-01-15,FO,NSE,IDO,51399,,NIFTY,,2025-03-27,2025-03-27,23500.0,CE,NIFTY25MAR23500CE,657.75,676.2,599.8,620.3,627.5,650.75,23213.2,620.3,174675,-36750,2339,4232879456.25,1765,F1,75,,,,,
2025-01-15,2025-01-15,FO,NSE,IDO,52483,,NIFTY,,2025-01-16,2025-01-16,22500.0,CE,NIFTY2511622500CE,791.75,799.9,664.75,716.15,720.65,741.95,23213.2,716.15,47550,-8625,2166,3772819087.5,1187,F1,75,,,,,
2025-01-15,2025-01-15,FO,NSE,IDO,46239,,NIFTY,,2025-01-30,2025-01-30,23500.0,CE,NIFTY25JAN23500CE,176.0,188.9,134.95,148.75,151.2,171.9,23213.2,148.75,2807800,41000,162447,96080057393.75,47159,F1,25,,,,,
2025-01-15,2025-01-15,FO,NSE,IDO,46998,,NIFTY,,2025-03-27,2025-03-27,22500.0,PE,NIFTY25MAR22500PE,258.25,269.35,240.5,253.4,252.55,257.2,23213.2,253.4,1153425,21075,1409,2404498293.75,839,F1,75,,,,,
2025-01-15,2025-01-15,FO,NSE,IDO,52610,,NIFTY,,2025-01-16,2025-01-16,23500.0,PE,NIFTY2511623500PE,244.0,345.3,217.7,289.75,285.85,277.75,23213.2,289.75,1795350,-230850,200398,357414201363.75,95813,F1,75,,,,,
2025-01-15,2025-01-15,FO,NSE,IDO,44865,,NIFTY,,2025-02-06,2025-02-06,22500.0,PE,NIFTY2520622500PE,0.0,0.0,0.0,27.7,0.0,27.7,23213.2,57.1,0,0,0,0.0,0,F1,75,,,,,
2025-01-15,2025-01-15,FO,NSE,IDO,52484,,NIFTY,,2025-01-16,2025-01-16,22500.0,PE,NIFTY2511622500PE,5.3,5.3,1.25,1.8,1.3,6.05,23213.2,1.8,8848950,-1732725,1433523,2419377033536.25,260420,F1,75,,,,,
2025-01-15,2025-01-15,FO,NSE,IDO,55620,,NIFTY,,2025-02-27,2025-02-27,22500.0,PE,NIFTY25FEB22500PE,194.0,204.95,176.55,188.2,187.55,194.25,23213.2,188.2,1291200,-17925,7199,12251548102.5,4233,F1,75,,,,,
2025-01-15,2025-01-15,FO,NSE,IDO,38160,,NIFTY,,2027-06-24,2027-06-24,29000.0,CE,NIFTY27JUN29000CE,0.0,0.0,0.0,1545.2,0.0,1545.2,23213.2,1405.6,0,0,0,0.0,0,F1,75,,,,,
2025-01-15,2025-01-15,FO,NSE,IDO,38158,,NIFTY,,2026-12-31,2026-12-31,29000.0,CE,NIFTY26DEC29000CE,0.0,0.0,0.0,1205.35,0.0,1205.35,23213.2,950.85,0,0,0,0.0,0,F1,75,,,,,
2025-01-15,2025-01-15,FO,NSE,IDO,61915,,NIFTY,,2029-12-27,2029-12-27,29000.0,PE,NIFTY29DEC29000PE,0.0,0.0,0.0,1669.2,0.0,1669.2,23213.2,1597.85,0,0,0,0.0,0,F1,75,,,,,
2025-01-15,2025-01-15,FO,NSE,IDO,38153,,NIFTY,,2025-12-24,2025-12-24,29000.0,PE,NIFTY25DEC29000PE,0.0,0.0,0.0,3572.75,3572.75,3572.75,23213.2,4188.15,11925,0,0,0.0,0,F1,75,,,,,
2025-01-15,2025-01-15,FO,NSE,IDO,67792,,NIFTY,,2028-12-28,2028-12-28,29000.0,CE,NIFTY28DEC29000CE,0.0,0.0,0.0,3645.75,0.0,3645.75,23213.2,2980.65,0,0,0,0.0,0,F1,75,,,,,
2025-01-15,2025-01-15,FO,NSE,IDO,86167,,NIFTY,,2028-06-29,2028-06-29,29000.0,CE,NIFTY28JUN29000CE,0.0,0.0,0.0,2333.25,0.0,2333.25,23213.2,2449.9,0,0,0,0.0,0,F1,75,,,,,
2025-01-15,2025-01-15,FO,NSE,IDO,54779,,NIFTY,,2025-01-23,2025-01-23,23050.0,PE,NIFTY2512323050PE,129.0,147.2,98.4,112.25,111.95,128.5,23213.2,112.25,184575,42900,14880,25856583108.75,9532,F1,75,,,,,
2025-01-15,2025-01-15,FO,NSE,IDO,48346,,NIFTY,,2025-03-27,2025-03-27,23050.0,PE,NIFTY25MAR23050PE,403.0,403.0,403.0,403.0,403.0,469.1,23213.2,403.0,3150,0,1,1758975.0,1,F1,75,,,,,
2025-01-15,2025-01-15,FO,NSE,IDO,55642,,NIFTY,,2025-02-27,2025-02-27,23050.0,PE,NIFTY25FEB23050PE,350.8,365.6,330.0,340.6,340.85,343.45,23213.2,340.6,19725,825,77,135143925.0,36,F1,75,,,,,
2025-01-15,2025-01-15,FO,NSE,IDO,57626,,NIFTY,,2025-02-27,2025-02-27,24600.0,PE,NIFTY25FEB24600PE,1247.0,1247.0,1247.0,1247.0,1247.0,1322.8,23213.2,1272.7,30075,75,1,1938525.0,1,F1,75,,,,,
2025-01-15,2025-01-15,FO,NSE,IDO,57625,,NIFTY,,2025-02-27,2025-02-27,24600.0,CE,NIFTY25FEB24600CE,100.0,105.0,83.4,87.85,88.4,96.85,23213.2,87.85,83325,5400,1065,1972247482.5,543,F1,75,,,,,
2025-01-15,2025-01-15,FO,NSE,IDO,55039,,NIFTY,,2025-01-23,2025-01-23,24600.0,CE,NIFTY2512324600CE,4.35,4.35,2.6,2.75,2.85,4.45,23213.2,2.75,542250,91500,24954,46046297186.25,13376,F1,75,,,,,
2025-01-15,2025-01-15,FO,NSE,IDO,52808,,NIFTY,,2025-01-16,2025-01-16,24600.0,CE,NIFTY2511624600CE,1.05,1.1,0.65,0.75,0.75,1.2,23213.2,0.75,2453775,-353925,97919,180666743910.0,25341,F1,75,,,,,
2025-01-15,2025-01-15,FO,NSE,IDO,51284,,NIFTY,,2025-02-13,2025-02-13,24600.0,PE,NIFTY2521324600PE,0.0,0.0,0.0,1061.75,0.0,1061.75,23213.2,1290.85,0,0,0,0.0,0,F1,75,,,,,
2025-01-15,2025-01-15,FO,NSE,IDO,56529,,NIFTY,,2025-03-27,2025-03-27,24600.0,PE,NIFTY25MAR24600PE,0.0,0.0,0.0,830.6,830.6,830.6,23213.2,1253.65,10650,0,0,0.0,0,F1,75,,,,,
2025-01-15,2025-01-15,FO,NSE,IDO,53635,,NIFTY,,2027-12-30,2027-12-30,28000.0,PE,NIFTY27DEC28000PE,0.0,0.0,0.0,4251.0,0.0,4251.0,23213.2,2013.9,0,0,0,0.0,0,F1,75,,,,,
2025-01-15,2025-01-15,FO,NSE,IDO,50538,,NIFTY,,2025-06-26,2025-06-26,28000.0,PE,NIFTY25JUN28000PE,0.0,0.0,0.0,7207.55,0.0,7207.55,23213.2,3998.45,0,0,0,0.0,0,F1,75,,,,,
2025-01-15,2025-01-15,FO,NSE,IDO,86165,,NIFTY,,2028-06-29,2028-06-29,28000.0,CE,NIFTY28JUN28000CE,0.0,0.0,0.0,2596.45,0.0,2596.45,23213.2,2840.95,0,0,0,0.0,0,F1,75,,,,,
2025-01-15,2025-01-15,FO,NSE,IDO,50549,,NIFTY,,2027-06-24,2027-06-24,28000.0,CE,NIFTY27JUN28000CE,0.0,0.0,0.0,2186.3,0.0,2186.3,23213.2,1730.8,0,0,0,0.0,0,F1,75,,,,,
2025-01-15,2025-01-15,FO,NSE,IDO,61859,,NIFTY,,2029-12-27,2029-12-27,28000.0,PE,NIFTY29DEC28000PE,0.0,0.0,0.0,1411.3,0.0,1411.3,23213.2,1317.25,0,0,0,0.0,0,F1,75,,,,,
2025-01-15,2025-01-15,FO,NSE,IDO,64578,,NIFTY,,2025-03-27,2025-03-27,28000.0,CE,NIFTY25MAR28000CE,14.0,14.8,13.4,13.75,13.8,14.15,23213.2,13.75,607125,-175,744,1563173872.5,281,F1,75,,,,,
2025-01-15,2025-01-15,FO,NSE,IDO,50543,,NIFTY,,2025-12-24,2025-12-24,28000.0,CE,NIFTY25DEC28000CE,320.9,334.05,303.0,309.25,309.9,316.4,23213.2,309.25,226125,2675,223,473560451.25,191,F1,75,,,,,
2025-01-15,2025-01-15,FO,NSE,IDO,64701,,NIFTY,,2025-09-25,2025-09-25,28000.0,PE,NIFTY25SEP28000PE,0.0,0.0,0.0,1606.2,0.0,1606.2,23213.2,3652.25,0,0,0,0.0,0,F1,75,,,,,
2025-01-15,2025-01-15,FO,NSE,IDO,50546,,NIFTY,,2026-06-25,2026-06-25,28000.0,PE,NIFTY26JUN28000PE,0.0,0.0,0.0,6532.55,0.0,6532.55,23213.2,2913.6,0,0,0,0.0,0,F1,75,,,,,
2025-01-15,2025-01-15,FO,NSE,IDO,50544,,NIFTY,,2025-12-24,2025-12-24,28000.0,PE,NIFTY25DEC28000PE,3241.0,3274.55,3180.3,3255.2,3255.2,3234.05,23213.2,3255.2,245350,5225,115,269349202.5,99,F1,75,,,,,
2025-01-15,2025-01-15,FO,NSE,IDO,51107,,NIFTY,,2025-02-13,2025-02-13,21800.0,CE,NIFTY2521321800CE,0.0,0.0,0.0,1902.7,0.0,1902.7,23213.2,1542.85,0,0,0,0.0,0,F1,75,,,,,
2025-01-15,2025-01-15,FO,NSE,IDO,52394,,NIFTY,,2025-01-16,2025-01-16,21800.0,CE,NIFTY2511621800CE,1445.0,1445.0,1445.0,1445.0,1445.0,1440.0,23213.2,1417.25,150,75,1,1743375.0,1,F1,75,,,,,
2025-01-15,2025-01-15,FO,NSE,IDO,44816,,NIFTY,,2025-02-06,2025-02-06,21800.0,CE,NIFTY2520621800CE,0.0,0.0,0.0,2545.55,0.0,2545.55,23213.2,1508.05,0,0,0,0.0,0,F1,75,,,,,
2025-01-15,2025-01-15,FO,NSE,IDO,43206,,NIFTY,,2025-01-30,2025-01-30,21800.0,PE,NIFTY25JAN21800PE,16.45,16.45,12.15,13.15,12.95,15.25,23213.2,13.15,1073150,58800,28499,15541683868.75,11138,F1,25,,,,,
2025-01-15,2025-01-15,FO,NSE,IDO,51478,,NIFTY,,2025-03-27,2025-03-27,23700.0,PE,NIFTY25MAR23700PE,664.2,693.3,655.0,675.25,675.25,671.4,23213.2,675.25,21600,-675,37,67646478.75,17,F1,75,,,,,
2025-01-15,2025-01-15,FO,NSE,IDO,52642,,NIFTY,,2025-01-16,2025-01-16,23700.0,PE,NIFTY2511623700PE,422.25,542.95,406.6,486.75,482.05,464.45,23213.2,486.75,847800,-183225,8612,15614128560.0,4947,F1,75,,,,,
2025-01-15,2025-01-15,FO,NSE,IDO,51239,,NIFTY,,2025-02-13,2025-02-13,23700.0,CE,NIFTY2521323700CE,0.0,0.0,0.0,469.9,0.0,469.9,23213.2,206.55,0,0,0,0.0,0,F1,75,,,,,
2025-01-15,2025-01-15,FO,NSE,IDO,46985,,NIFTY,,2025-03-27,2025-03-27,22250.0,PE,NIFTY25MAR22250PE,0.0,0.0,0.0,123.0,123.0,123.0,23213.2,130.15,3525,0,0,0.0,0,F1,75,,,,,
2025-01-15,2025-01-15,FO,NSE,IDO,51147,,NIFTY,,2025-02-13,2025-02-13,22250.0,CE,NIFTY2521322250CE,0.0,0.0,0.0,1491.3,0.0,1491.3,23213.2,1126.75,0,0,0,0.0,0,F1,75,,,,,
2025-01-15,2025-01-15,FO,NSE,IDO,55099,,NIFTY,,2025-01-23,2025-01-23,25500.0,CE,NIFTY2512325500CE,2.6,2.75,1.6,1.75,1.7,2.85,23213.2,1.75,1128525,489975,61355,117351343650.0,12226,F1,75,,,,,
2025-01-15,2025-01-15,FO,NSE,IDO,45088,,NIFTY,,2025-02-06,2025-02-06,25500.0,CE,NIFTY2520625500CE,13.1,14.05,11.35,11.7,11.95,14.0,23213.2,11.7,57375,-2550,460,880189533.75,187,F1,75,,,,,
2025-01-15,2025-01-15,FO,NSE,IDO,56884,,NIFTY,,2025-03-27,2025-03-27,25500.0,CE,NIFTY25MAR25500CE,77.35,78.3,64.35,66.95,66.55,72.9,23213.2,66.95,225825,10350,1241,2379830595.0,608,F1,75,,,,,
2025-01-15,2025-01-15,FO,NSE,IDO,51197,,NIFTY,,2025-02-13,2025-02-13,23150.0,PE,NIFTY2521323150PE,0.0,0.0,0.0,247.5,0.0,247.5,23213.2,268.3,0,0,0,0.0,0,F1,75,,,,,
2025-01-15,2025-01-15,FO,NSE,IDO,52890,,NIFTY,,2025-01-16,2025-01-16,25950.0,PE,NIFTY2511625950PE,0.0,0.0,0.0,1333.35,0.0,1333.35,23213.2,2732.0,0,0,0,0.0,0,F1,75,,,,,
2025-01-15,2025-01-15,FO,NSE,IDO,54964,,NIFTY,,2025-01-23,2025-01-23,23400.0,PE,NIFTY2512323400PE,267.05,322.8,240.85,275.75,269.0,285.9,23213.2,275.75,583500,227700,19225,34144221030.0,10895,F1,75,,,,,
2025-01-15,2025-01-15,FO,NSE,IDO,89616,,NIFTY,,2029-06-28,2029-06-28,20000.0,CE,NIFTY29JUN20000CE,0.0,0.0,0.0,10410.0,0.0,10410.0,23213.2,8537.95,0,0,0,0.0,0,F1,75,,,,,
2025-01-15,2025-01-15,FO,NSE,IDO,57640,,NIFTY,,2025-02-27,2025-02-27,24950.0,PE,NIFTY25FEB24950PE,0.0,0.0,0.0,469.15,469.15,469.15,23213.2,1582.7,0,0,0,0.0,0,F1,75,,,,,
2025-01-15,2025-01-15,FO,NSE,IDO,43226,,NIFTY,,2025-01-30,2025-01-30,22200.0,PE,NIFTY25JAN22200PE,34.0,35.7,25.5,29.15,28.2,33.2,23213.2,29.15,608550,47050,26008,14453953110.0,7911,F1,25,,,,,
2025-01-15,2025-01-15,FO,NSE,IDO,43215,,NIFTY,,2025-01-30,2025-01-30,22000.0,CE,NIFTY25JAN22000CE,1310.0,1354.15,1224.0,1280.65,1283.55,1285.6,23213.2,1280.65,1045675,11025,4608,2681924641.25,1836,F1,25,,,,,
2025-01-15,2025-01-15,FO,NSE,IDO,71556,,NIFTY,,2027-06-24,2027-06-24,22000.0,CE,NIFTY27JUN22000CE,0.0,0.0,0.0,2783.5,0.0,2783.5,23213.2,4901.05,0,0,0,0.0,0,F1,75,,,,,
2025-01-15,2025-01-15,FO,NSE,IDO,46343,,NIFTY,,2025-01-30,2025-01-30,24000.0,CE,NIFTY25JAN24000CE,49.95,53.95,33.7,36.3,36.35,47.1,23213.2,36.3,5429475,166000,152191,91468269621.25,37746,F1,25,,,,,
2025-01-15,2025-01-15,FO,NSE,IDO,58627,,NIFTY,,2026-06-25,2026-06-25,22000.0,PE,NIFTY26JUN22000PE,0.0,0.0,0.0,3829.5,0.0,3829.5,23213.2,337.7,0,0,0,0.0,0,F1,75,,,,,
2025-01-15,2025-01-15,FO,NSE,IDO,52369,,NIFTY,,2025-01-16,2025-01-16,21550.0,PE,NIFTY2511621550PE,0.9,1.0,0.2,0.3,0.2,1.0,23213.2,0.3,292500,-56475,38231,61792356360.0,6273,F1,75,,,,,
2025-01-15,2025-01-15,FO,NSE,IDO,35219,,NIFTY,,2025-06-26,2025-06-26,30000.0,CE,NIFTY25JUN30000CE,22.85,22.85,22.85,22.85,22.85,24.05,23213.2,4.75,2325,-75,2,4503427.5,2,F1,75,,,,,
2025-01-15,2025-01-15,FO,NSE,IDO,44908,,NIFTY,,2025-02-06,2025-02-06,22850.0,CE,NIFTY2520622850CE,0.0,0.0,0.0,1553.2,0.0,1553.2,23213.2,586.95,0,0,0,0.0,0,F1,75,,,,,
2025-01-15,2025-01-15,FO,NSE,IDO,48212,,NIFTY,,2025-03-27,2025-03-27,22850.0,PE,NIFTY25MAR22850PE,354.95,354.95,354.95,354.95,354.95,383.1,23213.2,279.75,150,75,1,1740371.25,1,F1,75,,,,,
2025-01-15,2025-01-15,FO,NSE,IDO,43261,,NIFTY,,2025-01-30,2025-01-30,22850.0,CE,NIFTY25JAN22850CE,551.65,594.9,493.55,530.5,533.6,554.65,23213.2,530.5,14025,-2125,336,196397126.25,235,F1,25,,,,,
2025-01-15,2025-01-15,FO,NSE,IDO,57630,,NIFTY,,2025-02-27,2025-02-27,24700.0,PE,NIFTY25FEB24700PE,0.0,0.0,0.0,1415.0,1415.0,1415.0,23213.2,1359.25,10350,0,0,0.0,0,F1,75,,,,,
2025-01-15,2025-01-15,FO,NSE,IDO,51212,,NIFTY,,2025-02-13,2025-02-13,23400.0,PE,NIFTY2521323400PE,0.0,0.0,0.0,365.0,365.0,365.0,23213.2,387.55,75,0,0,0.0,0,F1,75,,,,,
2025-01-15,2025-01-15,FO,NSE,IDO,45021,,NIFTY,,2025-02-06,2025-02-06,24400.0,PE,NIFTY2520624400PE,0.0,0.0,0.0,502.8,0.0,502.8,23213.2,1118.85,0,0,0,0.0,0,F1,75,,,,,
2025-01-15,2025-01-15,FO,NSE,IDO,52757,,NIFTY,,2025-01-16,2025-01-16,24400.0,CE,NIFTY2511624400CE,1.15,1.2,0.6,0.75,0.6,1.2,23213.2,0.75,2054325,-1667025,196030,358747866607.5,36748,F1,75,,,,,
2025-01-15,2025-01-15,FO,NSE,IDO,48245,,NIFTY,,2025-03-27,2025-03-27,22950.0,CE,NIFTY25MAR22950CE,0.0,0.0,0.0,1509.5,0.0,1509.5,23213.2,875.8,0,0,0,0.0,0,F1,75,,,,,
2025-01-15,2025-01-15,FO,NSE,IDO,54774,,NIFTY,,2025-01-23,2025-01-23,22950.0,CE,NIFTY2512322950CE,394.65,422.5,329.5,361.4,345.95,377.55,23213.2,361.4,19050,3675,464,811390455.0,344,F1,75,,,,,
2025-01-15,2025-01-15,FO,NSE,IDO,54696,,NIFTY,,2025-01-23,2025-01-23,22050.0,CE,NIFTY2512322050CE,0.0,0.0,0.0,2072.6,0.0,2072.6,23213.2,1196.4,0,0,0,0.0,0,F1,75,,,,,
2025-01-15,2025-01-15,FO,NSE,IDO,46384,,NIFTY,,2025-01-30,2025-01-30,24600.0,CE,NIFTY25JAN24600CE,13.85,13.85,9.75,10.4,10.5,13.2,23213.2,10.4,606075,0,24474,15058246540.0,8758,F1,25,,,,,
2025-01-15,2025-01-15,FO,NSE,IDO,55003,,NIFTY,,2025-01-23,2025-01-23,24000.0,CE,NIFTY2512324000CE,17.95,18.65,8.8,9.45,9.0,16.15,23213.2,9.45,2079975,750900,78036,140533065075.0,35936,F1,75,,,,,
2025-01-15,2025-01-15,FO,NSE,IDO,71473,,NIFTY,,2026-06-25,2026-06-25,24000.0,PE,NIFTY26JUN24000PE,1150.0,1199.0,822.05,822.05,822.05,986.1,23213.2,856.75,75,0,12,22476097.5,4,F1,75,,,,,
2025-01-15,2025-01-15,FO,NSE,IDO,64562,,NIFTY,,2025-03-27,2025-03-27,22000.0,CE,NIFTY25MAR22000CE,1696.0,1745.95,1637.8,1671.0,1680.0,1687.6,23213.2,1671.0,389900,-600,298,529361355.0,159,F1,75,,,,,
2025-01-15,2025-01-15,FO,NSE,IDO,67783,,NIFTY,,2028-12-28,2028-12-28,24000.0,PE,NIFTY28DEC24000PE,0.0,0.0,0.0,564.65,564.65,564.65,23213.2,597.9,525,0,0,0.0,0,F1,75,,,,,
2025-01-15,2025-01-15,FO,NSE,IDO,89630,,NIFTY,,2029-06-28,2029-06-28,24000.0,CE,NIFTY29JUN24000CE,0.0,0.0,0.0,8085.35,0.0,8085.35,23213.2,5993.7,0,0,0,0.0,0,F1,75,,,,,
2025-01-15,2025-01-15,FO,NSE,IDO,51251,,NIFTY,,2025-02-13,2025-02-13,24000.0,CE,NIFTY2521324000CE,182.4,186.0,150.75,158.05,158.55,182.4,23213.2,158.05,6750,4125,111,201181938.75,80,F1,75,,,,,
2025-01-15,2025-01-15,FO,NSE,IDO,61744,,NIFTY,,2029-12-27,2029-12-27,22000.0,CE,NIFTY29DEC22000CE,0.0,0.0,0.0,8865.25,0.0,8865.25,23213.2,7735.6,0,0,0,0.0,0,F1,75,,,,,
2025-01-15,2025-01-15,FO,NSE,IDO,57601,,NIFTY,,2025-02-27,2025-02-27,24000.0,CE,NIFTY25FEB24000CE,250.0,255.85,213.6,225.05,226.5,237.7,23213.2,225.05,1182075,61200,8175,14856780322.5,4443,F1,75,,,,,
2025-01-15,2025-01-15,FO,NSE,IDO,46351,,NIFTY,,2025-01-30,2025-01-30,24000.0,PE,NIFTY25JAN24000PE,750.0,826.45,701.65,765.2,755.8,767.5,23213.2,765.2,3797775,-232625,32389,20052822268.75,9068,F1,25,,,,,
2025-01-15,2025-01-15,FO,NSE,IDO,44953,,NIFTY,,2025-02-06,2025-02-06,23400.0,CE,NIFTY2520623400CE,354.45,370.0,306.05,325.25,326.9,348.8,23213.2,325.25,24300,1200,89,158417778.75,54,F1,75,,,,,
2025-01-15,2025-01-15,FO,NSE,IDO,45683,,NIFTY,,2025-01-30,2025-01-30,23400.0,PE,NIFTY25JAN23400PE,318.35,370.5,289.5,322.55,318.0,339.35,23213.2,322.55,895050,-146200,34567,20507741958.75,15622,F1,25,,,,,
2025-01-15,2025-01-15,FO,NSE,IDO,52868,,NIFTY,,2025-01-16,2025-01-16,25450.0,CE,NIFTY2511625450CE,0.9,1.15,0.25,0.35,0.25,1.05,23213.2,0.35,155400,-195375,15179,28973601780.0,3378,F1,75,,,,,
2025-01-15,2025-01-15,FO,NSE,IDO,45086,,NIFTY,,2025-02-06,2025-02-06,25450.0,CE,NIFTY2520625450CE,0.0,0.0,0.0,13.95,14.0,13.95,23213.2,1.1,7200,0,0,0.0,0,F1,75,,,,,
2025-01-15,2025-01-15,FO,NSE,IDO,46467,,NIFTY,,2025-01-30,2025-01-30,25450.0,CE,NIFTY25JAN25450CE,6.5,6.5,4.6,5.0,4.8,6.5,23213.2,5.0,37450,-2675,457,290825257.5,193,F1,25,,,,,
2025-01-15,2025-01-15,FO,NSE,IDO,86153,,NIFTY,,2028-06-29,2028-06-29,25000.0,CE,NIFTY28JUN25000CE,0.0,0.0,0.0,3545.15,0.0,3545.15,23213.2,4283.15,0,0,0,0.0,0,F1,75,,,,,
2025-01-15,2025-01-15,FO,NSE,IDO,61772,,NIFTY,,2029-12-27,2029-12-27,25000.0,CE,NIFTY29DEC25000CE,0.0,0.0,0.0,7196.25,0.0,7196.25,23213.2,5979.45,0,0,0,0.0,0,F1,75,,,,,
2025-01-15,2025-01-15,FO,NSE,IDO,64571,,NIFTY,,2025-03-27,2025-03-27,25000.0,PE,NIFTY25MAR25000PE,1505.15,1593.05,1480.65,1539.85,1542.75,1532.6,23213.2,1539.85,599650,-10400,448,892230978.75,234,F1,75,,,,,
2025-01-15,2025-01-15,FO,NSE,IDO,51301,,NIFTY,,2025-02-13,2025-02-13,25000.0,CE,NIFTY2521325000CE,31.9,34.7,28.0,28.4,29.1,31.9,23213.2,28.4,14325,-225,70,131403697.5,41,F1,75,,,,,
2025-01-15,2025-01-15,FO,NSE,IDO,57644,,NIFTY,,2025-02-27,2025-02-27,25000.0,PE,NIFTY25FEB25000PE,1610.0,1678.5,1555.05,1621.6,1611.05,1626.3,23213.2,1621.6,240525,4050,192,383429786.25,125,F1,75,,,,,
2025-01-15,2025-01-15,FO,NSE,IDO,52849,,NIFTY,,2025-01-16,2025-01-16,25000.0,PE,NIFTY2511625000PE,1751.1,1834.5,1701.0,1780.3,1784.45,1755.8,23213.2,1780.3,91500,-65100,955,1918646767.5,562,F1,75,,,,,
2025-01-15,2025-01-15,FO,NSE,IDO,55116,,NIFTY,,2025-01-23,2025-01-23,25800.0,PE,NIFTY2512325800PE,2530.0,2558.0,2530.0,2558.0,2558.0,1720.45,23213.2,2548.65,300,300,5,10628700.0,4,F1,75,,,,,
2025-01-15,2025-01-15,FO,NSE,IDO,55115,,NIFTY,,2025-01-23,2025-01-23,25800.0,CE,NIFTY2512325800CE,3.0,3.0,1.45,1.65,1.6,2.95,23213.2,1.65,535800,145350,25334,49024992708.75,5833,F1,75,,,,,
2025-01-15,2025-01-15,FO,NSE,IDO,52848,,NIFTY,,2025-01-16,2025-01-16,25000.0,CE,NIFTY2511625000CE,0.9,0.95,0.3,0.4,0.35,1.05,23213.2,0.4,6986925,-1856175,374471,702149821241.25,60995,F1,75,,,,,
2025-01-15,2025-01-15,FO,NSE,IDO,71563,,NIFTY,,2027-06-24,2027-06-24,25000.0,PE,NIFTY27JUN25000PE,0.0,0.0,0.0,5619.05,0.0,5619.05,23213.2,1043.6,0,0,0,0.0,0,F1,75,,,,,
2025-01-15,2025-01-15,FO,NSE,IDO,51302,,NIFTY,,2025-02-13,2025-02-13,25000.0,PE,NIFTY2521325000PE,0.0,0.0,0.0,1388.6,0.0,1388.6,23213.2,1666.5,0,0,0,0.0,0,F1,75,,,,,
2025-01-15,2025-01-15,FO,NSE,IDO,45051,,NIFTY,,2025-02-06,2025-02-06,25000.0,CE,NIFTY2520625000CE,21.25,22.8,18.0,18.5,19.0,21.2,23213.2,18.5,187125,16275,1054,1977796875.0,516,F1,75,,,,,
2025-01-15,2025-01-15,FO,NSE,IDO,52884,,NIFTY,,2025-01-16,2025-01-16,25800.0,PE,NIFTY2511625800PE,2555.85,2589.7,2540.0,2589.35,2589.35,2574.05,23213.2,2582.05,5175,-225,13,27664935.0,12,F1,75,,,,,
2025-01-15,2025-01-15,FO,NSE,IDO,67771,,NIFTY,,2028-12-28,2028-12-28,18000.0,PE,NIFTY28DEC18000PE,0.0,0.0,0.0,104.65,0.0,104.65,23213.2,49.8,0,0,0,0.0,0,F1,75,,,,,
2025-01-15,2025-01-15,FO,NSE,IDO,61391,,NIFTY,,2029-12-27,2029-12-27,18000.0,PE,NIFTY29DEC18000PE,0.0,0.0,0.0,96.5,0.0,96.5,23213.2,51.35,0,0,0,0.0,0,F1,75,,,,,
2025-01-15,2025-01-15,FO,NSE,IDO,55119,,NIFTY,,2025-06-26,2025-06-26,18000.0,CE,NIFTY25JUN18000CE,0.0,0.0,0.0,5700.0,5700.0,5700.0,23213.2,5744.9,2350,0,0,0.0,0,F1,75,,,,,
2025-01-15,2025-01-15,FO,NSE,IDO,46886,,NIFTY,,2025-03-27,2025-03-27,21550.0,PE,NIFTY25MAR21550PE,0.0,0.0,0.0,114.2,114.2,114.2,23213.2,43.15,3225,0,0,0.0,0,F1,75,,,,,
2025-01-15,2025-01-15,FO,NSE,IDO,51160,,NIFTY,,2025-02-13,2025-02-13,22400.0,PE,NIFTY2521322400PE,0.0,0.0,0.0,77.75,0.0,77.75,23213.2,63.65,0,0,0,0.0,0,F1,75,,,,,
2025-01-15,2025-01-15,FO,NSE,IDO,43240,,NIFTY,,2025-01-30,2025-01-30,22400.0,PE,NIFTY25JAN22400PE,40.0,54.75,38.4,43.95,43.1,50.35,23213.2,43.95,470500,42825,27979,15699847356.25,7619,F1,25,,,,,
2025-01-15,2025-01-15,FO,NSE,IDO,54674,,NIFTY,,2025-01-23,2025-01-23,21550.0,CE,NIFTY2512321550CE,0.0,0.0,0.0,2557.0,0.0,2557.0,23213.2,1695.05,0,0,0,0.0,0,F1,75,,,,,
2025-01-15,2025-01-15,FO,NSE,IDO,46370,,NIFTY,,2025-01-30,2025-01-30,24450.0,PE,NIFTY25JAN24450PE,1247.3,1247.3,1150.0,1220.0,1220.0,1198.5,23213.2,1178.95,27175,-75,4,2565932.5,3,F1,25,,,,,
2025-01-15,2025-01-15,FO,NSE,IDO,52759,,NIFTY,,2025-01-16,2025-01-16,24450.0,CE,NIFTY2511624450CE,1.2,1.2,0.6,0.75,0.65,1.2,23213.2,0.75,784200,-73575,52820,96862052745.0,13877,F1,75,,,,,
2025-01-15,2025-01-15,FO,NSE,IDO,55345,,NIFTY,,2025-03-27,2025-03-27,24450.0,PE,NIFTY25MAR24450PE,0.0,0.0,0.0,909.6,0.0,909.6,23213.2,1140.2,0,0,0,0.0,0,F1,75,,,,,
2025-01-15,2025-01-15,FO,NSE,IDO,64556,,NIFTY,,2025-03-27,2025-03-27,20000.0,CE,NIFTY25MAR20000CE,3515.0,3570.85,3440.0,3484.2,3492.0,3499.65,23213.2,3484.2,424925,-1200,130,229203761.25,81,F1,75,,,,,
2025-01-15,2025-01-15,FO,NSE,IDO,56875,,NIFTY,,2025-03-27,2025-03-27,25250.0,PE,NIFTY25MAR25250PE,0.0,0.0,0.0,1415.9,0.0,1415.9,23213.2,1791.5,0,0,0,0.0,0,F1,75,,,,,
2025-01-15,2025-01-15,FO,NSE,IDO,57613,,NIFTY,,2025-02-27,2025-02-27,24300.0,CE,NIFTY25FEB24300CE,157.0,166.0,135.6,143.1,142.8,154.05,23213.2,143.1,138825,9075,1378,2526282547.5,658,F1,75,,,,,
2025-01-15,2025-01-15,FO,NSE,IDO,56881,,NIFTY,,2025-03-27,2025-03-27,25400.0,PE,NIFTY25MAR25400PE,0.0,0.0,0.0,1523.1,0.0,1523.1,23213.2,1924.2,0,0,0,0.0,0,F1,75,,,,,
2025-01-15,2025-01-15,FO,NSE,IDO,52533,,NIFTY,,2025-01-16,2025-01-16,23100.0,CE,NIFTY2511623100CE,186.0,218.5,102.0,135.95,138.25,176.0,23213.2,135.95,2336775,423075,1199891,2091886814763.75,683885,F1,75,,,,,
2025-01-15,2025-01-15,FO,NSE,IDO,52514,,NIFTY,,2025-01-16,2025-01-16,22850.0,PE,NIFTY2511622850PE,9.9,16.85,6.3,7.15,6.8,13.35,23213.2,7.15,2742075,1291275,916741,1571714670705.0,229273,F1,75,,,,,
2025-01-15,2025-01-15,FO,NSE,IDO,44911,,NIFTY,,2025-02-06,2025-02-06,22850.0,PE,NIFTY2520622850PE,190.0,205.0,190.0,197.5,205.0,215.0,23213.2,197.5,75,0,2,3457125.0,2,F1,75,,,,,
2025-01-15,2025-01-15,FO,NSE,IDO,45678,,NIFTY,,2025-01-30,2025-01-30,23400.0,CE,NIFTY25JAN23400CE,231.0,233.85,173.0,190.3,193.0,214.55,23213.2,190.3,660600,27425,45773,27003106173.75,16053,F1,25,,,,,
2025-01-15,2025-01-15,FO,NSE,IDO,51122,,NIFTY,,2025-03-27,2025-03-27,23400.0,CE,NIFTY25MAR23400CE,684.0,719.4,656.25,677.1,678.7,684.0,23213.2,677.1,5475,300,66,119150392.5,33,F1,75,,,,,
2025-01-15,2025-01-15,FO,NSE,IDO,54685,,NIFTY,,2025-01-23,2025-01-23,21800.0,PE,NIFTY2512321800PE,6.0,6.35,3.75,4.95,4.6,7.35,23213.2,4.95,663975,503100,29004,47432754296.25,13189,F1,75,,,,,
2025-01-15,2025-01-15,FO,NSE,IDO,46354,,NIFTY,,2025-01-30,2025-01-30,24100.0,CE,NIFTY25JAN24100CE,39.0,39.25,25.45,27.45,27.45,35.65,23213.2,27.45,898550,9100,33328,20104721606.25,10818,F1,25,,,,,
2025-01-15,2025-01-15,FO,NSE,IDO,71381,,NIFTY,,2025-06-26,2025-06-26,25000.0,CE,NIFTY25JUN25000CE,450.0,465.0,420.0,427.7,428.85,439.95,23213.2,427.7,378475,50,707,1348816920.0,556,F1,75,,,,,
2025-01-15,2025-01-15,FO,NSE,IDO,71398,,NIFTY,,2025-12-24,2025-12-24,25000.0,PE,NIFTY25DEC25000PE,1363.65,1391.9,1330.0,1369.85,1382.15,1386.4,23213.2,1369.85,311825,-1775,156,308482961.25,151,F1,75,,,,,
2025-01-15,2025-01-15,FO,NSE,IDO,86160,,NIFTY,,2028-06-29,2028-06-29,25000.0,PE,NIFTY28JUN25000PE,0.0,0.0,0.0,2016.8,0.0,2016.8,23213.2,869.85,0,0,0,0.0,0,F1,75,,,,,
2025-01-15,2025-01-15,FO,NSE,IDO,44799,,NIFTY,,2025-02-06,2025-02-06,21500.0,PE,NIFTY2520621500PE,0.0,0.0,0.0,2.3,0.0,2.3,23213.2,1.95,0,0,0,0.0,0,F1,75,,,,,
2025-01-15,2025-01-15,FO,NSE,IDO,52643,,NIFTY,,2025-01-16,2025-01-16,23750.0,CE,NIFTY2511623750CE,4.35,4.85,1.3,1.75,1.4,4.3,23213.2,1.75,2933175,-490500,809148,1441459976891.25,138701,F1,75,,,,,
2025-01-15,2025-01-15,FO,NSE,IDO,52364,,NIFTY,,2025-01-16,2025-01-16,21500.0,CE,NIFTY2511621500CE,0.0,0.0,0.0,3199.45,0.0,3199.45,23213.2,1717.15,0,0,0,0.0,0,F1,75,,,,,
2025-01-15,2025-01-15,FO,NSE,IDO,44974,,NIFTY,,2025-02-06,2025-02-06,23750.0,CE,NIFTY2520623750CE,0.0,0.0,0.0,227.45,227.45,227.45,23213.2,140.45,225,0,0,0.0,0,F1,75,,,,,
2025-01-15,2025-01-15,FO,NSE,IDO,89623,,NIFTY,,2029-06-28,2029-06-28,20000.0,PE,NIFTY29JUN20000PE,0.0,0.0,0.0,236.95,0.0,236.95,23213.2,133.5,0,0,0,0.0,0,F1,75,,,,,
2025-01-15,2025-01-15,FO,NSE,IDO,67775,,NIFTY,,2028-12-28,2028-12-28,20000.0,PE,NIFTY28DEC20000PE,0.0,0.0,0.0,370.0,370.0,370.0,23213.2,136.85,875,0,0,0.0,0,F1,75,,,,,
2025-01-15,2025-01-15,FO,NSE,IDO,55086,,NIFTY,,2025-01-23,2025-01-23,25250.0,PE,NIFTY2512325250PE,0.0,0.0,0.0,1243.4,0.0,1243.4,23213.2,1999.5,0,0,0,0.0,0,F1,75,,,,,
2025-01-15,2025-01-15,FO,NSE,IDO,52377,,NIFTY,,2025-01-16,2025-01-16,21700.0,CE,NIFTY2511621700CE,0.0,0.0,0.0,3001.65,0.0,3001.65,23213.2,1517.2,0,0,0,0.0,0,F1,75,,,,,
2025-01-15,2025-01-15,FO,NSE,IDO,44808,,NIFTY,,2025-02-06,2025-02-06,21700.0,CE,NIFTY2520621700CE,0.0,0.0,0.0,2643.6,0.0,2643.6,23213.2,1605.65,0,0,0,0.0,0,F1,75,,,,,
2025-01-15,2025-01-15,FO,NSE,IDO,55588,,NIFTY,,2025-02-27,2025-02-27,21700.0,PE,NIFTY25FEB21700PE,82.0,83.25,73.35,76.15,77.55,80.9,23213.2,76.15,149400,16725,774,1264171642.5,300,F1,75,,,,,
2025-01-15,2025-01-15,FO,NSE,IDO,46900,,NIFTY,,2025-03-27,2025-03-27,21700.0,CE,NIFTY25MAR21700CE,0.0,0.0,0.0,2519.45,0.0,2519.45,23213.2,1852.05,0,0,0,0.0,0,F1,75,,,,,
2025-01-15,2025-01-15,FO,NSE,IDO,54680,,NIFTY,,2025-01-23,2025-01-23,21700.0,CE,NIFTY2512321700CE,0.0,0.0,0.0,1550.0,1550.0,1550.0,23213.2,1545.3,375,0,0,0.0,0,F1,75,,,,,
2025-01-15,2025-01-15,FO,NSE,IDO,51175,,NIFTY,,2025-02-13,2025-02-13,22750.0,CE,NIFTY2521322750CE,0.0,0.0,0.0,1074.8,0.0,1074.8,23213.2,718.2,0,0,0,0.0,0,F1,75,,,,,
2025-01-15,2025-01-15,FO,NSE,IDO,44984,,NIFTY,,2025-02-06,2025-02-06,23950.0,CE,NIFTY2520623950CE,131.15,138.0,115.95,122.85,122.35,134.5,23213.2,122.85,2325,1350,85,153499200.0,42,F1,75,,,,,
2025-01-15,2025-01-15,FO,NSE,IDO,51296,,NIFTY,,2025-02-13,2025-02-13,24850.0,PE,NIFTY2521324850PE,0.0,0.0,0.0,1262.25,0.0,1262.25,23213.2,1523.5,0,0,0,0.0,0,F1,75,,,,,
2025-01-15,2025-01-15,FO,NSE,IDO,57635,,NIFTY,,2025-02-27,2025-02-27,24850.0,CE,NIFTY25FEB24850CE,67.2,70.4,61.7,65.65,65.65,67.2,23213.2,52.25,2100,-2100,47,87821103.75,28,F1,75,,,,,
2025-01-15,2025-01-15,FO,NSE,IDO,38164,,NIFTY,,2027-12-30,2027-12-30,29000.0,CE,NIFTY27DEC29000CE,0.0,0.0,0.0,1932.55,0.0,1932.55,23213.2,1928.4,0,0,0,0.0,0,F1,75,,,,,
2025-01-15,2025-01-15,FO,NSE,IDO,38159,,NIFTY,,2026-12-31,2026-12-31,29000.0,PE,NIFTY26DEC29000PE,0.0,0.0,0.0,5042.25,0.0,5042.25,23213.2,3145.8,0,0,0,0.0,0,F1,75,,,,,
2025-01-15,2025-01-15,FO,NSE,IDO,38150,,NIFTY,,2025-06-26,2025-06-26,29000.0,CE,NIFTY25JUN29000CE,35.0,36.85,33.85,33.95,33.95,34.8,23213.2,33.95,58575,675,20,43552290.0,18,F1,75,,,,,
2025-01-15,2025-01-15,FO,NSE,IDO,38157,,NIFTY,,2026-06-25,2026-06-25,29000.0,PE,NIFTY26JUN29000PE,0.0,0.0,0.0,5546.1,0.0,5546.1,23213.2,3612.6,0,0,0,0.0,0,F1,75,,,,,
2025-01-15,2025-01-15,FO,NSE,IDO,44979,,NIFTY,,2025-02-06,2025-02-06,23800.0,PE,NIFTY2520623800PE,660.0,660.0,660.0,660.0,660.0,660.0,23213.2,617.1,1650,0,2,3669000.0,1,F1,75,,,,,
2025-01-15,2025-01-15,FO,NSE,IDO,54995,,NIFTY,,2025-01-23,2025-01-23,23800.0,CE,NIFTY2512323800CE,34.5,36.25,17.4,19.5,19.7,30.85,23213.2,19.5,851250,223575,68708,122762354531.25,32645,F1,75,,,,,
2025-01-15,2025-01-15,FO,NSE,IDO,46312,,NIFTY,,2025-01-30,2025-01-30,23800.0,CE,NIFTY25JAN23800CE,90.0,90.0,57.35,62.1,63.0,78.9,23213.2,62.1,2921975,151025,79270,47299389822.5,26439,F1,25,,,,,
2025-01-15,2025-01-15,FO,NSE,IDO,54762,,NIFTY,,2025-01-23,2025-01-23,22700.0,CE,NIFTY2512322700CE,598.95,631.85,524.0,565.8,573.15,590.45,23213.2,565.8,9525,3000,234,408180633.75,144,F1,75,,,,,
2025-01-15,2025-01-15,FO,NSE,IDO,46238,,NIFTY,,2025-01-30,2025-01-30,23450.0,PE,NIFTY25JAN23450PE,342.45,398.35,315.35,349.35,343.9,363.1,23213.2,349.35,238825,1550,2580,1535572488.75,1303,F1,25,,,,,
2025-01-15,2025-01-15,FO,NSE,IDO,54965,,NIFTY,,2025-01-23,2025-01-23,23450.0,CE,NIFTY2512323450CE,116.45,123.85,73.05,82.8,85.8,107.75,23213.2,82.8,328050,140400,28560,50427260835.0,16892,F1,75,,,,,
2025-01-15,2025-01-15,FO,NSE,IDO,56738,,NIFTY,,2025-02-27,2025-02-27,23450.0,PE,NIFTY25FEB23450PE,520.0,537.0,481.5,501.55,499.6,506.0,23213.2,501.55,47850,25275,591,1061268465.0,186,F1,75,,,,,
2025-01-15,2025-01-15,FO,NSE,IDO,51124,,NIFTY,,2025-03-27,2025-03-27,23450.0,CE,NIFTY25MAR23450CE,0.0,0.0,0.0,679.05,679.05,679.05,23213.2,590.45,2775,0,0,0.0,0,F1,75,,,,,
2025-01-15,2025-01-15,FO,NSE,IDO,55606,,NIFTY,,2025-02-27,2025-02-27,22150.0,PE,NIFTY25FEB22150PE,0.0,0.0,0.0,162.9,162.9,162.9,23213.2,62.5,19875,0,0,0.0,0,F1,75,,,,,
2025-01-15,2025-01-15,FO,NSE,IDO,54700,,NIFTY,,2025-01-23,2025-01-23,22150.0,CE,NIFTY2512322150CE,0.0,0.0,0.0,1977.6,0.0,1977.6,23213.2,1097.2,0,0,0,0.0,0,F1,75,,,,,
2025-01-15,2025-01-15,FO,NSE,IDO,54706,,NIFTY,,2025-01-23,2025-01-23,22150.0,PE,NIFTY2512322150PE,12.8,13.3,8.7,9.95,9.55,12.95,23213.2,9.95,126375,72825,7252,12053129441.25,4584,F1,75,,,,,
2025-01-15,2025-01-15,FO,NSE,IDO,51143,,NIFTY,,2025-02-13,2025-02-13,22150.0,CE,NIFTY2521322150CE,0.0,0.0,0.0,1580.3,0.0,1580.3,23213.2,1216.3,0,0,0,0.0,0,F1,75,,,,,
2025-01-15,2025-01-15,FO,NSE,IDO,44850,,NIFTY,,2025-02-06,2025-02-06,22150.0,CE,NIFTY2520622150CE,0.0,0.0,0.0,2205.4,0.0,2205.4,23213.2,1174.1,0,0,0,0.0,0,F1,75,,,,,
2025-01-15,2025-01-15,FO,NSE,IDO,46974,,NIFTY,,2025-03-27,2025-03-27,22150.0,CE,NIFTY25MAR22150CE,0.0,0.0,0.0,2131.6,0.0,2131.6,23213.2,1464.95,0,0,0,0.0,0,F1,75,,,,,
2025-01-15,2025-01-15,FO,NSE,IDO,52436,,NIFTY,,2025-01-16,2025-01-16,22150.0,PE,NIFTY2511622150PE,2.85,2.85,0.45,0.7,0.55,3.3,23213.2,0.7,536775,-2612325,421926,700965753933.75,86823,F1,75,,,,,
2025-01-15,2025-01-15,FO,NSE,IDO,55605,,NIFTY,,2025-02-27,2025-02-27,22150.0,CE,NIFTY25FEB22150CE,0.0,0.0,0.0,2279.25,0.0,2279.25,23213.2,1301.15,0,0,0,0.0,0,F1,75,,,,,
2025-01-15,2025-01-15,FO,NSE,IDO,43221,,NIFTY,,2025-01-30,2025-01-30,22150.0,CE,NIFTY25JAN22150CE,0.0,0.0,0.0,2466.85,2468.1,2466.85,23213.2,1133.5,200,0,0,0.0,0,F1,25,,,,,
2025-01-15,2025-01-15,FO,NSE,IDO,43224,,NIFTY,,2025-01-30,2025-01-30,22150.0,PE,NIFTY25JAN22150PE,26.85,31.95,23.3,26.6,25.9,30.0,23213.2,26.6,42350,-26625,3279,1818175991.25,748,F1,25,,,,,
2025-01-15,2025-01-15,FO,NSE,IDO,51144,,NIFTY,,2025-02-13,2025-02-13,22150.0,PE,NIFTY2521322150PE,0.0,0.0,0.0,48.85,0.0,48.85,23213.2,34.65,0,0,0,0.0,0,F1,75,,,,,
2025-01-15,2025-01-15,FO,NSE,IDO,52433,,NIFTY,,2025-01-16,2025-01-16,22150.0,CE,NIFTY2511622150CE,0.0,0.0,0.0,2559.05,0.0,2559.05,23213.2,1067.3,0,0,0,0.0,0,F1,75,,,,,
2025-01-15,2025-01-15,FO,NSE,IDO,44851,,NIFTY,,2025-02-06,2025-02-06,22150.0,PE,NIFTY2520622150PE,0.0,0.0,0.0,12.65,0.0,12.65,23213.2,20.95,0,0,0,0.0,0,F1,75,,,,,
2025-01-15,2025-01-15,FO,NSE,IDO,54966,,NIFTY,,2025-01-23,2025-01-23,23450.0,PE,NIFTY2512323450PE,294.5,352.65,270.0,304.5,299.0,316.55,23213.2,304.5,85650,-3750,2171,3868724377.5,1646,F1,75,,,,,
2025-01-15,2025-01-15,FO,NSE,IDO,52583,,NIFTY,,2025-01-16,2025-01-16,23450.0,CE,NIFTY2511623450CE,24.0,26.0,5.85,7.15,7.5,19.85,23213.2,7.15,3573825,704400,1521622,2677502503533.75,430293,F1,75,,,,,
2025-01-15,2025-01-15,FO,NSE,IDO,51216,,NIFTY,,2025-02-13,2025-02-13,23450.0,PE,NIFTY2521323450PE,0.0,0.0,0.0,360.8,0.0,360.8,23213.2,414.7,0,0,0,0.0,0,F1,75,,,,,
2025-01-15,2025-01-15,FO,NSE,IDO,51127,,NIFTY,,2025-03-27,2025-03-27,23450.0,PE,NIFTY25MAR23450PE,555.0,555.0,555.0,555.0,555.0,559.0,23213.2,555.0,11250,75,1,1800375.0,1,F1,75,,,,,
2025-01-15,2025-01-15,FO,NSE,IDO,57674,,NIFTY,,2025-02-27,2025-02-27,25750.0,PE,NIFTY25FEB25750PE,0.0,0.0,0.0,1131.85,1131.85,1131.85,23213.2,2341.3,75,0,0,0.0,0,F1,75,,,,,
2025-01-15,2025-01-15,FO,NSE,IDO,47026,,NIFTY,,2025-03-27,2025-03-27,22650.0,PE,NIFTY25MAR22650PE,273.15,302.3,273.15,302.3,302.3,149.7,23213.2,220.5,4725,0,3,5159895.0,2,F1,75,,,,,
2025-01-15,2025-01-15,FO,NSE,IDO,44899,,NIFTY,,2025-02-06,2025-02-06,22650.0,CE,NIFTY2520622650CE,0.0,0.0,0.0,1733.95,0.0,1733.95,23213.2,738.3,0,0,0,0.0,0,F1,75,,,,,
2025-01-15,2025-01-15,FO,NSE,IDO,52702,,NIFTY,,2025-01-16,2025-01-16,24100.0,PE,NIFTY2511624100PE,853.3,938.25,808.0,885.15,883.05,866.85,23213.2,885.15,110100,-57675,1251,2344579957.5,610,F1,75,,,,,
2025-01-15,2025-01-15,FO,NSE,IDO,45001,,NIFTY,,2025-02-06,2025-02-06,24100.0,CE,NIFTY2520624100CE,103.15,113.8,84.45,90.75,92.4,103.15,23213.2,90.75,12000,3975,181,328420320.0,97,F1,75,,,,,
2025-01-15,2025-01-15,FO,NSE,IDO,54678,,NIFTY,,2025-01-23,2025-01-23,21650.0,CE,NIFTY2512321650CE,0.0,0.0,0.0,2459.15,0.0,2459.15,23213.2,1595.25,0,0,0,0.0,0,F1,75,,,,,
2025-01-15,2025-01-15,FO,NSE,IDO,44806,,NIFTY,,2025-02-06,2025-02-06,21650.0,CE,NIFTY2520621650CE,0.0,0.0,0.0,2692.75,0.0,2692.75,23213.2,1654.7,0,0,0,0.0,0,F1,75,,,,,
2025-01-15,2025-01-15,FO,NSE,IDO,44918,,NIFTY,,2025-02-06,2025-02-06,22950.0,CE,NIFTY2520622950CE,0.0,0.0,0.0,1465.1,0.0,1465.1,23213.2,517.7,0,0,0,0.0,0,F1,75,,,,,
2025-01-15,2025-01-15,FO,NSE,IDO,46953,,NIFTY,,2025-03-27,2025-03-27,22050.0,PE,NIFTY25MAR22050PE,0.0,0.0,0.0,117.35,0.0,117.35,23213.2,97.35,0,0,0,0.0,0,F1,75,,,,,
2025-01-15,2025-01-15,FO,NSE,IDO,52419,,NIFTY,,2025-01-16,2025-01-16,22050.0,CE,NIFTY2511622050CE,0.0,0.0,0.0,1603.05,1603.05,1603.05,23213.2,1167.3,0,0,0,0.0,0,F1,75,,,,,
2025-01-15,2025-01-15,FO,NSE,IDO,46951,,NIFTY,,2025-03-27,2025-03-27,22050.0,CE,NIFTY25MAR22050CE,0.0,0.0,0.0,2215.8,0.0,2215.8,23213.2,1548.15,0,0,0,0.0,0,F1,75,,,,,
2025-01-15,2025-01-15,FO,NSE,IDO,44845,,NIFTY,,2025-02-06,2025-02-06,22050.0,CE,NIFTY2520622050CE,0.0,0.0,0.0,2302.0,0.0,2302.0,23213.2,1267.95,0,0,0,0.0,0,F1,75,,,,,
2025-01-15,2025-01-15,FO,NSE,IDO,71394,,NIFTY,,2025-12-24,2025-12-24,24000.0,PE,NIFTY25DEC24000PE,1002.0,1010.0,953.6,990.1,990.0,1000.45,23213.2,990.1,781225,2975,304,569674582.5,253,F1,75,,,,,
2025-01-15,2025-01-15,FO,NSE,IDO,64693,,NIFTY,,2025-09-25,2025-09-25,24000.0,PE,NIFTY25SEP24000PE,0.0,0.0,0.0,335.2,0.0,335.2,23213.2,894.45,0,0,0,0.0,0,F1,75,,,,,
2025-01-15,2025-01-15,FO,NSE,IDO,64563,,NIFTY,,2025-03-27,2025-03-27,22000.0,PE,NIFTY25MAR22000PE,160.95,176.8,156.0,166.3,164.1,165.4,23213.2,166.3,1893300,106600,5120,8511389891.25,3320,F1,75,,,,,
2025-01-15,2025-01-15,FO,NSE,IDO,64567,,NIFTY,,2025-03-27,2025-03-27,24000.0,PE,NIFTY25MAR24000PE,823.65,871.45,792.9,827.15,822.0,831.6,23213.2,827.15,1621575,4325,2138,3981954390.0,1191,F1,75,,,,,
2025-01-15,2025-01-15,FO,NSE,IDO,71557,,NIFTY,,2027-06-24,2027-06-24,22000.0,PE,NIFTY27JUN22000PE,0.0,0.0,0.0,3995.4,0.0,3995.4,23213.2,349.15,0,0,0,0.0,0,F1,75,,,,,
2025-01-15,2025-01-15,FO,NSE,IDO,57706,,NIFTY,,2025-02-27,2025-02-27,26350.0,PE,NIFTY25FEB26350PE,0.0,0.0,0.0,2144.75,0.0,2144.75,23213.2,2930.1,0,0,0,0.0,0,F1,75,,,,,
2025-01-15,2025-01-15,FO,NSE,IDO,51283,,NIFTY,,2025-02-13,2025-02-13,24600.0,CE,NIFTY2521324600CE,0.0,0.0,0.0,160.3,0.0,160.3,23213.2,35.65,0,0,0,0.0,0,F1,75,,,,,
2025-01-15,2025-01-15,FO,NSE,IDO,58626,,NIFTY,,2026-06-25,2026-06-25,22000.0,CE,NIFTY26JUN22000CE,0.0,0.0,0.0,2722.55,0.0,2722.55,23213.2,3590.15,0,0,0,0.0,0,F1,75,,,,,
2025-01-15,2025-01-15,FO,NSE,IDO,44989,,NIFTY,,2025-02-06,2025-02-06,24000.0,PE,NIFTY2520624000PE,780.0,852.95,779.25,779.25,779.25,810.0,23213.2,779.25,20025,-75,10,18616605.0,7,F1,75,,,,,
2025-01-15,2025-01-15,FO,NSE,IDO,64689,,NIFTY,,2025-09-25,2025-09-25,22000.0,PE,NIFTY25SEP22000PE,0.0,0.0,0.0,105.0,0.0,105.0,23213.2,257.5,0,0,0,0.0,0,F1,75,,,,,
2025-01-15,2025-01-15,FO,NSE,IDO,53625,,NIFTY,,2027-12-30,2027-12-30,24000.0,PE,NIFTY27DEC24000PE,0.0,0.0,0.0,866.4,866.4,866.4,23213.2,699.85,225,0,0,0.0,0,F1,75,,,,,
2025-01-15,2025-01-15,FO,NSE,IDO,86148,,NIFTY,,2028-06-29,2028-06-29,22000.0,PE,NIFTY28JUN22000PE,0.0,0.0,0.0,520.05,520.05,520.05,23213.2,325.0,100,0,0,0.0,0,F1,75,,,,,
2025-01-15,2025-01-15,FO,NSE,IDO,55599,,NIFTY,,2025-02-27,2025-02-27,22000.0,CE,NIFTY25FEB22000CE,1525.0,1566.45,1446.95,1497.9,1503.15,1499.35,23213.2,1497.9,121800,29175,772,1360094726.25,591,F1,75,,,,,
2025-01-15,2025-01-15,FO,NSE,IDO,56880,,NIFTY,,2025-03-27,2025-03-27,25400.0,CE,NIFTY25MAR25400CE,82.5,82.5,82.5,82.5,82.5,82.7,23213.2,68.7,8400,0,20,38223750.0,1,F1,75,,,,,
2025-01-15,2025-01-15,FO,NSE,IDO,45045,,NIFTY,,2025-02-06,2025-02-06,24900.0,CE,NIFTY2520624900CE,27.05,27.05,18.55,20.3,20.3,25.8,23213.2,7.25,3450,0,16,29904525.0,8,F1,75,,,,,
2025-01-15,2025-01-15,FO,NSE,IDO,56568,,NIFTY,,2025-03-27,2025-03-27,24900.0,CE,NIFTY25MAR24900CE,145.0,152.1,133.25,138.2,138.4,141.0,23213.2,138.2,11100,6150,134,251636343.75,74,F1,75,,,,,
2025-01-15,2025-01-15,FO,NSE,IDO,52844,,NIFTY,,2025-01-16,2025-01-16,24900.0,CE,NIFTY2511624900CE,0.95,1.1,0.45,0.55,0.5,1.1,23213.2,0.55,1055550,-547725,66715,124593809921.25,15089,F1,75,,,,,
2025-01-15,2025-01-15,FO,NSE,IDO,52876,,NIFTY,,2025-01-16,2025-01-16,25650.0,CE,NIFTY2511625650CE,1.05,1.65,0.25,0.4,0.25,1.0,23213.2,0.4,186450,-116850,27830,53539133471.25,6349,F1,75,,,,,
2025-01-15,2025-01-15,FO,NSE,IDO,56891,,NIFTY,,2025-03-27,2025-03-27,25650.0,PE,NIFTY25MAR25650PE,0.0,0.0,0.0,1709.8,0.0,1709.8,23213.2,2150.65,0,0,0,0.0,0,F1,75,,,,,
2025-01-15,2025-01-15,FO,NSE,IDO,51293,,NIFTY,,2025-02-13,2025-02-13,24850.0,CE,NIFTY2521324850CE,0.0,0.0,0.0,112.55,0.0,112.55,23213.2,19.65,0,0,0,0.0,0,F1,75,,,,,
2025-01-15,2025-01-15,FO,NSE,IDO,56567,,NIFTY,,2025-03-27,2025-03-27,24850.0,PE,NIFTY25MAR24850PE,0.0,0.0,0.0,1148.3,0.0,1148.3,23213.2,1452.35,0,0,0,0.0,0,F1,75,,,,,
2025-01-15,2025-01-15,FO,NSE,IDO,55059,,NIFTY,,2025-01-23,2025-01-23,24850.0,CE,NIFTY2512324850CE,3.95,3.95,2.05,2.3,2.3,3.4,23213.2,2.3,65625,35925,4427,8251672743.75,1938,F1,75,,,,,
2025-01-15,2025-01-15,FO,NSE,IDO,51146,,NIFTY,,2025-02-13,2025-02-13,22200.0,PE,NIFTY2521322200PE,0.0,0.0,0.0,53.8,0.0,53.8,23213.2,39.35,0,0,0,0.0,0,F1,75,,,,,
2025-01-15,2025-01-15,FO,NSE,IDO,57592,,NIFTY,,2025-02-27,2025-02-27,23750.0,PE,NIFTY25FEB23750PE,679.0,689.0,679.0,689.0,689.0,663.85,23213.2,632.35,24225,-75,2,3665100.0,2,F1,75,,,,,
2025-01-15,2025-01-15,FO,NSE,IDO,38378,,NIFTY,,2026-06-25,2026-06-25,20000.0,CE,NIFTY26JUN20000CE,0.0,0.0,0.0,3829.5,0.0,3829.5,23213.2,5163.65,0,0,0,0.0,0,F1,75,,,,,
2025-01-15,2025-01-15,FO,NSE,IDO,71552,,NIFTY,,2027-06-24,2027-06-24,20000.0,PE,NIFTY27JUN20000PE,0.0,0.0,0.0,3034.2,0.0,3034.2,23213.2,130.4,0,0,0,0.0,0,F1,75,,,,,
2025-01-15,2025-01-15,FO,NSE,IDO,55065,,NIFTY,,2025-01-23,2025-01-23,24950.0,CE,NIFTY2512324950CE,4.05,4.05,1.95,2.15,2.0,3.2,23213.2,2.15,34500,21750,7132,13347162093.75,2253,F1,75,,,,,
2025-01-15,2025-01-15,FO,NSE,IDO,51299,,NIFTY,,2025-02-13,2025-02-13,24950.0,CE,NIFTY2521324950CE,0.0,0.0,0.0,28.45,28.45,28.45,23213.2,15.25,300,0,0,0.0,0,F1,75,,,,,
2025-01-15,2025-01-15,FO,NSE,IDO,48192,,NIFTY,,2025-03-27,2025-03-27,22850.0,CE,NIFTY25MAR22850CE,0.0,0.0,0.0,1582.0,0.0,1582.0,23213.2,941.0,0,0,0,0.0,0,F1,75,,,,,
2025-01-15,2025-01-15,FO,NSE,IDO,46429,,NIFTY,,2025-01-30,2025-01-30,24950.0,PE,NIFTY25JAN24950PE,1694.05,1751.65,1694.05,1751.65,1751.65,1670.05,23213.2,1668.95,15775,-100,13,8673711.25,4,F1,25,,,,,
2025-01-15,2025-01-15,FO,NSE,IDO,58645,,NIFTY,,2026-12-31,2026-12-31,20000.0,PE,NIFTY26DEC20000PE,0.0,0.0,0.0,290.0,290.0,290.0,23213.2,118.65,4050,0,0,0.0,0,F1,75,,,,,
2025-01-15,2025-01-15,FO,NSE,IDO,52847,,NIFTY,,2025-01-16,2025-01-16,24950.0,PE,NIFTY2511624950PE,0.0,0.0,0.0,1451.4,1451.4,1451.4,23213.2,1732.2,900,0,0,0.0,0,F1,75,,,,,
2025-01-15,2025-01-15,FO,NSE,IDO,38377,,NIFTY,,2025-12-24,2025-12-24,20000.0,PE,NIFTY25DEC20000PE,190.0,194.0,181.3,183.65,181.3,181.7,23213.2,183.65,73875,5700,134,202908937.5,72,F1,75,,,,,
2025-01-15,2025-01-15,FO,NSE,IDO,71551,,NIFTY,,2027-06-24,2027-06-24,20000.0,CE,NIFTY27JUN20000CE,0.0,0.0,0.0,3367.05,0.0,3367.05,23213.2,6378.75,0,0,0,0.0,0,F1,75,,,,,
2025-01-15,2025-01-15,FO,NSE,IDO,38373,,NIFTY,,2025-06-26,2025-06-26,20000.0,CE,NIFTY25JUN20000CE,0.0,0.0,0.0,4200.0,4200.0,4200.0,23213.2,3821.05,225,0,0,0.0,0,F1,75,,,,,
2025-01-15,2025-01-15,FO,NSE,IDO,55607,,NIFTY,,2025-02-27,2025-02-27,22200.0,CE,NIFTY25FEB22200CE,0.0,0.0,0.0,1279.3,1279.3,1279.3,23213.2,1258.0,75,0,0,0.0,0,F1,75,,,,,
2025-01-15,2025-01-15,FO,NSE,IDO,54989,,NIFTY,,2025-01-23,2025-01-23,23700.0,CE,NIFTY2512323700CE,51.6,52.75,25.95,29.3,29.65,44.75,23213.2,29.3,886275,189150,54834,97609796868.75,31720,F1,75,,,,,
2025-01-15,2025-01-15,FO,NSE,IDO,54990,,NIFTY,,2025-01-23,2025-01-23,23700.0,PE,NIFTY2512323700PE,483.55,558.1,445.55,501.25,496.0,496.05,23213.2,501.25,271125,26700,4171,7570019557.5,2469,F1,75,,,,,
2025-01-15,2025-01-15,FO,NSE,IDO,52629,,NIFTY,,2025-01-16,2025-01-16,23700.0,CE,NIFTY2511623700CE,5.45,6.1,1.5,1.95,1.5,5.15,23213.2,1.95,5937750,116400,1404109,2496123803340.0,235442,F1,75,,,,,
2025-01-15,2025-01-15,FO,NSE,IDO,51477,,NIFTY,,2025-03-27,2025-03-27,23700.0,CE,NIFTY25MAR23700CE,536.8,567.65,509.25,518.0,520.45,542.4,23213.2,518.0,29025,6975,130,236151180.0,47,F1,75,,,,,
2025-01-15,2025-01-15,FO,NSE,IDO,51240,,NIFTY,,2025-02-13,2025-02-13,23700.0,PE,NIFTY2521323700PE,0.0,0.0,0.0,477.6,0.0,477.6,23213.2,566.6,0,0,0,0.0,0,F1,75,,,,,
2025-01-15,2025-01-15,FO,NSE,IDO,46274,,NIFTY,,2025-01-30,2025-01-30,23700.0,PE,NIFTY25JAN23700PE,500.0,572.6,465.35,516.45,508.7,524.45,23213.2,516.45,1065525,-2000,10894,6596675417.5,4323,F1,25,,,,,
2025-01-15,2025-01-15,FO,NSE,IDO,44973,,NIFTY,,2025-02-06,2025-02-06,23700.0,PE,NIFTY2520623700PE,597.5,627.15,575.85,587.45,583.1,602.6,23213.2,587.45,6375,2025,71,129368711.25,56,F1,75,,,,,
2025-01-15,2025-01-15,FO,NSE,IDO,53847,,NIFTY,,2025-03-27,2025-03-27,23750.0,PE,NIFTY25MAR23750PE,0.0,0.0,0.0,740.7,740.7,740.7,23213.2,679.6,1200,0,0,0.0,0,F1,75,,,,,
2025-01-15,2025-01-15,FO,NSE,IDO,46275,,NIFTY,,2025-01-30,2025-01-30,23750.0,CE,NIFTY25JAN23750CE,102.85,102.85,66.45,72.1,73.15,90.25,23213.2,72.1,241325,42200,16791,10002116612.5,7545,F1,25,,,,,
2025-01-15,2025-01-15,FO,NSE,IDO,55576,,NIFTY,,2025-02-27,2025-02-27,21500.0,PE,NIFTY25FEB21500PE,61.05,66.5,57.6,60.6,61.0,64.15,23213.2,60.6,178350,52500,3361,5434875476.25,1607,F1,75,,,,,
2025-01-15,2025-01-15,FO,NSE,IDO,49180,,NIFTY,,2025-12-24,2025-12-24,16500.0,PE,NIFTY25DEC16500PE,0.0,0.0,0.0,22.4,24.25,22.4,23213.2,0.75,2675,0,0,0.0,0,F1,75,,,,,
2025-01-15,2025-01-15,FO,NSE,IDO,45049,,NIFTY,,2025-02-06,2025-02-06,24950.0,PE,NIFTY2520624950PE,0.0,0.0,0.0,836.4,0.0,836.4,23213.2,1641.65,0,0,0,0.0,0,F1,75,,,,,
2025-01-15,2025-01-15,FO,NSE,IDO,64684,,NIFTY,,2025-09-25,2025-09-25,20000.0,CE,NIFTY25SEP20000CE,0.0,0.0,0.0,7643.1,0.0,7643.1,23213.2,4168.2,0,0,0,0.0,0,F1,75,,,,,
2025-01-15,2025-01-15,FO,NSE,IDO,43187,,NIFTY,,2025-01-30,2025-01-30,21550.0,PE,NIFTY25JAN21550PE,9.4,10.85,8.4,9.1,8.95,10.65,23213.2,9.1,31625,-3475,1611,868305770.0,689,F1,25,,,,,
2025-01-15,2025-01-15,FO,NSE,IDO,43186,,NIFTY,,2025-01-30,2025-01-30,21550.0,CE,NIFTY25JAN21550CE,0.0,0.0,0.0,3079.35,0.0,3079.35,23213.2,1723.35,0,0,0,0.0,0,F1,25,,,,,
2025-01-15,2025-01-15,FO,NSE,IDO,52897,,NIFTY,,2025-01-16,2025-01-16,26100.0,PE,NIFTY2511626100PE,0.0,0.0,0.0,2515.0,2515.0,2515.0,23213.2,2882.0,2325,0,0,0.0,0,F1,75,,,,,
2025-01-15,2025-01-15,FO,NSE,IDO,56535,,NIFTY,,2025-03-27,2025-03-27,24650.0,PE,NIFTY25MAR24650PE,0.0,0.0,0.0,1025.2,0.0,1025.2,23213.2,1292.45,0,0,0,0.0,0,F1,75,,,,,
2025-01-15,2025-01-15,FO,NSE,IDO,52817,,NIFTY,,2025-01-16,2025-01-16,24650.0,PE,NIFTY2511624650PE,0.0,0.0,0.0,1422.0,1422.0,1422.0,23213.2,1432.25,1200,0,0,0.0,0,F1,75,,,,,
2025-01-15,2025-01-15,FO,NSE,IDO,46388,,NIFTY,,2025-01-30,2025-01-30,24650.0,PE,NIFTY25JAN24650PE,0.0,0.0,0.0,1423.85,1423.85,1423.85,23213.2,1373.1,37875,0,0,0.0,0,F1,25,,,,,
2025-01-15,2025-01-15,FO,NSE,IDO,52816,,NIFTY,,2025-01-16,2025-01-16,24650.0,CE,NIFTY2511624650CE,1.2,1.2,0.65,0.75,0.7,1.25,23213.2,0.75,1653150,-88350,54419,100610471718.75,16755,F1,75,,,,,
2025-01-15,2025-01-15,FO,NSE,IDO,45035,,NIFTY,,2025-02-06,2025-02-06,24650.0,CE,NIFTY2520624650CE,33.0,33.0,33.0,33.0,33.0,37.9,23213.2,15.5,5100,525,7,12958575.0,3,F1,75,,,,,
2025-01-15,2025-01-15,FO,NSE,IDO,45020,,NIFTY,,2025-02-06,2025-02-06,24400.0,CE,NIFTY2520624400CE,53.1,61.6,45.5,47.5,47.5,62.55,23213.2,47.5,8250,-300,99,181549796.25,52,F1,75,,,,,
2025-01-15,2025-01-15,FO,NSE,IDO,46367,,NIFTY,,2025-01-30,2025-01-30,24400.0,PE,NIFTY25JAN24400PE,1140.75,1193.0,1063.5,1136.9,1131.95,1140.75,23213.2,1136.9,313325,-3050,206,131358777.5,56,F1,25,,,,,
2025-01-15,2025-01-15,FO,NSE,IDO,55032,,NIFTY,,2025-01-23,2025-01-23,24400.0,PE,NIFTY2512324400PE,1140.0,1220.0,1101.05,1173.45,1167.75,1184.65,23213.2,1173.45,41100,19800,310,594593265.0,131,F1,75,,,,,
2025-01-15,2025-01-15,FO,NSE,IDO,51271,,NIFTY,,2025-02-13,2025-02-13,24400.0,CE,NIFTY2521324400CE,0.0,0.0,0.0,208.85,0.0,208.85,23213.2,55.5,0,0,0,0.0,0,F1,75,,,,,
2025-01-15,2025-01-15,FO,NSE,IDO,46410,,NIFTY,,2025-01-30,2025-01-30,24900.0,CE,NIFTY25JAN24900CE,9.05,9.35,6.85,7.05,7.05,9.4,23213.2,7.05,484625,-15525,12842,7996572345.0,4034,F1,25,,,,,
2025-01-15,2025-01-15,FO,NSE,IDO,51298,,NIFTY,,2025-02-13,2025-02-13,24900.0,PE,NIFTY2521324900PE,0.0,0.0,0.0,1303.9,0.0,1303.9,23213.2,1570.95,0,0,0,0.0,0,F1,75,,,,,
2025-01-15,2025-01-15,FO,NSE,IDO,52845,,NIFTY,,2025-01-16,2025-01-16,24900.0,PE,NIFTY2511624900PE,1655.35,1725.85,1642.0,1725.0,1725.0,1676.55,23213.2,1682.2,4950,-3600,70,139514268.75,40,F1,75,,,,,
2025-01-15,2025-01-15,FO,NSE,IDO,54783,,NIFTY,,2025-01-23,2025-01-23,23100.0,PE,NIFTY2512323100PE,129.95,166.8,113.1,129.15,127.0,145.3,23213.2,129.15,685725,194925,57874,100860067320.0,29343,F1,75,,,,,
2025-01-15,2025-01-15,FO,NSE,IDO,52850,,NIFTY,,2025-01-16,2025-01-16,25050.0,CE,NIFTY2511625050CE,1.05,1.15,0.3,0.35,0.3,1.05,23213.2,0.35,898200,-44400,64929,121987656888.75,10770,F1,75,,,,,
2025-01-15,2025-01-15,FO,NSE,IDO,52851,,NIFTY,,2025-01-16,2025-01-16,25050.0,PE,NIFTY2511625050PE,0.0,0.0,0.0,676.1,0.0,676.1,23213.2,1832.15,0,0,0,0.0,0,F1,75,,,,,
2025-01-15,2025-01-15,FO,NSE,IDO,51305,,NIFTY,,2025-02-13,2025-02-13,25050.0,PE,NIFTY2521325050PE,0.0,0.0,0.0,1431.65,0.0,1431.65,23213.2,1714.6,0,0,0,0.0,0,F1,75,,,,,
2025-01-15,2025-01-15,FO,NSE,IDO,43205,,NIFTY,,2025-01-30,2025-01-30,21800.0,CE,NIFTY25JAN21800CE,0.0,0.0,0.0,1507.3,1507.3,1507.3,23213.2,1475.4,650,0,0,0.0,0,F1,25,,,,,
2025-01-15,2025-01-15,FO,NSE,IDO,55591,,NIFTY,,2025-02-27,2025-02-27,21800.0,CE,NIFTY25FEB21800CE,0.0,0.0,0.0,2583.85,0.0,2583.85,23213.2,1615.6,0,0,0,0.0,0,F1,75,,,,,
2025-01-15,2025-01-15,FO,NSE,IDO,55070,,NIFTY,,2025-01-23,2025-01-23,25050.0,PE,NIFTY2512325050PE,0.0,0.0,0.0,1083.65,0.0,1083.65,23213.2,1799.8,0,0,0,0.0,0,F1,75,,,,,
2025-01-15,2025-01-15,FO,NSE,IDO,45054,,NIFTY,,2025-02-06,2025-02-06,25050.0,PE,NIFTY2520625050PE,0.0,0.0,0.0,906.65,0.0,906.65,23213.2,1739.55,0,0,0,0.0,0,F1,75,,,,,
2025-01-15,2025-01-15,FO,NSE,IDO,56866,,NIFTY,,2025-03-27,2025-03-27,25050.0,CE,NIFTY25MAR25050CE,0.0,0.0,0.0,132.4,132.4,132.4,23213.2,108.95,3075,0,0,0.0,0,F1,75,,,,,
2025-01-15,2025-01-15,FO,NSE,IDO,47846,,NIFTY,,2025-01-30,2025-01-30,26500.0,PE,NIFTY25JAN26500PE,3179.1,3264.8,3166.95,3216.45,3213.85,3208.0,23213.2,3216.45,802650,-125,201,149365025.0,156,F1,25,,,,,
2025-01-15,2025-01-15,FO,NSE,IDO,57712,,NIFTY,,2025-02-27,2025-02-27,26500.0,CE,NIFTY25FEB26500CE,13.95,14.95,12.8,13.05,12.8,14.5,23213.2,13.05,188325,-2100,646,1284580005.0,300,F1,75,,,,,
2025-01-15,2025-01-15,FO,NSE,IDO,52714,,NIFTY,,2025-01-16,2025-01-16,24200.0,PE,NIFTY2511624200PE,940.0,1029.25,903.45,987.3,984.0,965.35,23213.2,987.3,72150,-56700,1068,2016638448.75,588,F1,75,,,,,
2025-01-15,2025-01-15,FO,NSE,IDO,52576,,NIFTY,,2025-01-16,2025-01-16,23400.0,PE,NIFTY2511623400PE,160.15,249.0,134.7,194.3,190.55,191.3,23213.2,194.3,1084500,-80700,623187,1102503234408.75,345299,F1,75,,,,,
2025-01-15,2025-01-15,FO,NSE,IDO,51211,,NIFTY,,2025-02-13,2025-02-13,23400.0,CE,NIFTY2521323400CE,0.0,0.0,0.0,551.0,551.0,551.0,23213.2,325.9,75,0,0,0.0,0,F1,75,,,,,
2025-01-15,2025-01-15,FO,NSE,IDO,51297,,NIFTY,,2025-02-13,2025-02-13,24900.0,CE,NIFTY2521324900CE,0.0,0.0,0.0,104.55,0.0,104.55,23213.2,17.35,0,0,0,0.0,0,F1,75,,,,,
2025-01-15,2025-01-15,FO,NSE,IDO,56569,,NIFTY,,2025-03-27,2025-03-27,24900.0,PE,NIFTY25MAR24900PE,0.0,0.0,0.0,1244.0,1244.0,1244.0,23213.2,1493.45,2025,0,0,0.0,0,F1,75,,,,,
2025-01-15,2025-01-15,FO,NSE,IDO,46415,,NIFTY,,2025-01-30,2025-01-30,24900.0,PE,NIFTY25JAN24900PE,1650.0,1650.0,1573.45,1650.0,1650.0,1623.2,23213.2,1619.4,66600,-25,8,5304106.25,8,F1,25,,,,,
2025-01-15,2025-01-15,FO,NSE,IDO,45046,,NIFTY,,2025-02-06,2025-02-06,24900.0,PE,NIFTY2520624900PE,0.0,0.0,0.0,802.3,0.0,802.3,23213.2,1592.95,0,0,0,0.0,0,F1,75,,,,,
2025-01-15,2025-01-15,FO,NSE,IDO,55064,,NIFTY,,2025-01-23,2025-01-23,24900.0,PE,NIFTY2512324900PE,1644.9,1708.25,1630.0,1708.05,1708.05,1653.15,23213.2,1650.05,4725,4125,57,113545080.0,26,F1,75,,,,,
2025-01-15,2025-01-15,FO,NSE,IDO,55029,,NIFTY,,2025-01-23,2025-01-23,24350.0,CE,NIFTY2512324350CE,5.5,6.7,3.45,3.75,3.65,6.95,23213.2,3.75,94275,34725,6445,11772391841.25,3114,F1,75,,,,,
2025-01-15,2025-01-15,FO,NSE,IDO,46365,,NIFTY,,2025-01-30,2025-01-30,24350.0,PE,NIFTY25JAN24350PE,1076.55,1105.7,1029.8,1093.1,1086.55,1114.0,23213.2,1093.1,49275,-325,85,54035136.25,19,F1,25,,,,,
2025-01-15,2025-01-15,FO,NSE,IDO,45019,,NIFTY,,2025-02-06,2025-02-06,24350.0,PE,NIFTY2520624350PE,0.0,0.0,0.0,477.2,0.0,477.2,23213.2,1073.4,0,0,0,0.0,0,F1,75,,,,,
2025-01-15,2025-01-15,FO,NSE,IDO,57616,,NIFTY,,2025-02-27,2025-02-27,24350.0,PE,NIFTY25FEB24350PE,0.0,0.0,0.0,785.0,785.0,785.0,23213.2,1065.0,9300,0,0,0.0,0,F1,75,,,,,
2025-01-15,2025-01-15,FO,NSE,IDO,57615,,NIFTY,,2025-02-27,2025-02-27,24350.0,CE,NIFTY25FEB24350CE,136.45,151.7,126.45,133.05,133.1,142.75,23213.2,133.05,11250,1500,26,47744411.25,12,F1,75,,,,,
2025-01-15,2025-01-15,FO,NSE,IDO,45018,,NIFTY,,2025-02-06,2025-02-06,24350.0,CE,NIFTY2520624350CE,0.0,0.0,0.0,125.85,125.85,125.85,23213.2,35.45,1500,0,0,0.0,0,F1,75,,,,,
2025-01-15,2025-01-15,FO,NSE,IDO,52729,,NIFTY,,2025-01-16,2025-01-16,24350.0,PE,NIFTY2511624350PE,1158.0,1175.05,1096.0,1130.55,1136.05,1126.15,23213.2,1130.55,6750,-1275,37,70740393.75,33,F1,75,,,,,
2025-01-15,2025-01-15,FO,NSE,IDO,43286,,NIFTY,,2025-01-30,2025-01-30,23100.0,PE,NIFTY25JAN23100PE,188.95,225.0,167.0,189.25,185.4,204.05,23213.2,189.25,667450,-12750,51545,30018718126.25,18471,F1,25,,,,,
2025-01-15,2025-01-15,FO,NSE,IDO,55643,,NIFTY,,2025-02-27,2025-02-27,23100.0,CE,NIFTY25FEB23100CE,675.8,709.25,633.25,659.05,662.3,672.8,23213.2,659.05,66900,3975,463,825318228.75,330,F1,75,,,,,
2025-01-15,2025-01-15,FO,NSE,IDO,48347,,NIFTY,,2025-03-27,2025-03-27,23100.0,CE,NIFTY25MAR23100CE,882.95,911.0,840.05,840.05,840.05,873.25,23213.2,782.95,10725,900,42,75511773.75,25,F1,75,,,,,
2025-01-15,2025-01-15,FO,NSE,IDO,51194,,NIFTY,,2025-02-13,2025-02-13,23100.0,CE,NIFTY2521323100CE,0.0,0.0,0.0,819.5,0.0,819.5,23213.2,484.5,0,0,0,0.0,0,F1,75,,,,,
2025-01-15,2025-01-15,FO,NSE,IDO,52534,,NIFTY,,2025-01-16,2025-01-16,23100.0,PE,NIFTY2511623100PE,34.95,56.4,17.25,21.6,21.4,41.15,23213.2,21.6,7817925,2656500,3592481,6232081980052.5,1256315,F1,75,,,,,
2025-01-15,2025-01-15,FO,NSE,IDO,51195,,NIFTY,,2025-02-13,2025-02-13,23100.0,PE,NIFTY2521323100PE,0.0,0.0,0.0,231.4,0.0,231.4,23213.2,247.75,0,0,0,0.0,0,F1,75,,,,,
2025-01-15,2025-01-15,FO,NSE,IDO,43210,,NIFTY,,2025-01-30,2025-01-30,21900.0,PE,NIFTY25JAN21900PE,18.65,20.0,13.7,16.6,16.25,18.65,23213.2,16.6,323750,-83675,18460,10114831377.5,5657,F1,25,,,,,
2025-01-15,2025-01-15,FO,NSE,IDO,52409,,NIFTY,,2025-01-16,2025-01-16,21900.0,CE,NIFTY2511621900CE,0.0,0.0,0.0,1218.8,1218.8,1218.8,23213.2,1317.25,75,0,0,0.0,0,F1,75,,,,,
2025-01-15,2025-01-15,FO,NSE,IDO,51130,,NIFTY,,2025-02-13,2025-02-13,21900.0,PE,NIFTY2521321900PE,0.0,0.0,0.0,29.4,0.0,29.4,23213.2,17.5,0,0,0,0.0,0,F1,75,,,,,
2025-01-15,2025-01-15,FO,NSE,IDO,52410,,NIFTY,,2025-01-16,2025-01-16,21900.0,PE,NIFTY2511621900PE,1.05,1.45,0.35,0.45,0.45,1.75,23213.2,0.45,1994100,-1708725,236428,388348117263.75,43807,F1,75,,,,,
2025-01-15,2025-01-15,FO,NSE,IDO,44960,,NIFTY,,2025-02-06,2025-02-06,23450.0,PE,NIFTY2520623450PE,0.0,0.0,0.0,152.45,0.0,152.45,23213.2,386.4,0,0,0,0.0,0,F1,75,,,,,
2025-01-15,2025-01-15,FO,NSE,IDO,52584,,NIFTY,,2025-01-16,2025-01-16,23450.0,PE,NIFTY2511623450PE,200.75,296.85,174.65,242.15,239.6,231.25,23213.2,242.15,366075,-27825,105968,188191797641.25,64965,F1,75,,,,,
2025-01-15,2025-01-15,FO,NSE,IDO,56894,,NIFTY,,2025-03-27,2025-03-27,25750.0,CE,NIFTY25MAR25750CE,55.6,55.6,55.6,55.6,55.6,55.6,23213.2,41.95,1125,525,10,19354200.0,1,F1,75,,,,,
2025-01-15,2025-01-15,FO,NSE,IDO,55630,,NIFTY,,2025-02-27,2025-02-27,22750.0,PE,NIFTY25FEB22750PE,242.4,267.55,242.4,252.5,252.5,170.0,23213.2,252.5,8550,300,14,24153322.5,10,F1,75,,,,,
2025-01-15,2025-01-15,FO,NSE,IDO,52861,,NIFTY,,2025-01-16,2025-01-16,25250.0,PE,NIFTY2511625250PE,0.0,0.0,0.0,803.85,0.0,803.85,23213.2,2032.15,0,0,0,0.0,0,F1,75,,,,,
2025-01-15,2025-01-15,FO,NSE,IDO,52439,,NIFTY,,2025-01-16,2025-01-16,22250.0,CE,NIFTY2511622250CE,0.0,0.0,0.0,2461.45,0.0,2461.45,23213.2,967.3,0,0,0,0.0,0,F1,75,,,,,
2025-01-15,2025-01-15,FO,NSE,IDO,43233,,NIFTY,,2025-01-30,2025-01-30,22250.0,CE,NIFTY25JAN22250CE,0.0,0.0,0.0,2368.4,2368.25,2368.4,23213.2,1038.2,75,0,0,0.0,0,F1,25,,,,,
2025-01-15,2025-01-15,FO,NSE,IDO,52467,,NIFTY,,2025-01-16,2025-01-16,22250.0,PE,NIFTY2511622250PE,2.55,2.8,0.55,0.85,0.65,3.8,23213.2,0.85,932700,-607500,365155,609394175160.0,73147,F1,75,,,,,
2025-01-15,2025-01-15,FO,NSE,IDO,55609,,NIFTY,,2025-02-27,2025-02-27,22250.0,CE,NIFTY25FEB22250CE,0.0,0.0,0.0,2194.7,0.0,2194.7,23213.2,1215.4,0,0,0,0.0,0,F1,75,,,,,
2025-01-15,2025-01-15,FO,NSE,IDO,55037,,NIFTY,,2025-01-23,2025-01-23,24550.0,CE,NIFTY2512324550CE,5.9,6.0,2.8,3.0,3.15,4.95,23213.2,3.0,60075,-750,2657,4892896196.25,1087,F1,75,,,,,
2025-01-15,2025-01-15,FO,NSE,IDO,44967,,NIFTY,,2025-02-06,2025-02-06,23550.0,PE,NIFTY2520623550PE,453.1,453.1,453.1,453.1,453.1,584.0,23213.2,446.5,1050,-75,1,1800232.5,1,F1,75,,,,,
2025-01-15,2025-01-15,FO,NSE,IDO,46471,,NIFTY,,2025-01-30,2025-01-30,25550.0,CE,NIFTY25JAN25550CE,5.9,6.2,4.6,4.9,4.75,6.05,23213.2,4.9,23950,-1250,635,405685043.75,248,F1,25,,,,,
2025-01-15,2025-01-15,FO,NSE,IDO,56887,,NIFTY,,2025-03-27,2025-03-27,25550.0,PE,NIFTY25MAR25550PE,0.0,0.0,0.0,1635.05,0.0,1635.05,23213.2,2059.35,0,0,0,0.0,0,F1,75,,,,,
2025-01-15,2025-01-15,FO,NSE,IDO,46489,,NIFTY,,2025-01-30,2025-01-30,25550.0,PE,NIFTY25JAN25550PE,0.0,0.0,0.0,1550.0,1550.0,1550.0,23213.2,2266.1,6350,0,0,0.0,0,F1,25,,,,,
2025-01-15,2025-01-15,FO,NSE,IDO,57665,,NIFTY,,2025-02-27,2025-02-27,25550.0,CE,NIFTY25FEB25550CE,0.0,0.0,0.0,32.55,32.55,32.55,23213.2,13.1,10650,0,0,0.0,0,F1,75,,,,,
2025-01-15,2025-01-15,FO,NSE,IDO,52870,,NIFTY,,2025-01-16,2025-01-16,25500.0,CE,NIFTY2511625500CE,0.95,1.0,0.4,0.45,0.4,1.05,23213.2,0.45,3234300,-1461225,144393,276158697547.5,25484,F1,75,,,,,
2025-01-15,2025-01-15,FO,NSE,IDO,58649,,NIFTY,,2026-12-31,2026-12-31,22000.0,PE,NIFTY26DEC22000PE,0.0,0.0,0.0,729.95,729.95,729.95,23213.2,350.85,575,0,0,0.0,0,F1,75,,,,,
2025-01-15,2025-01-15,FO,NSE,IDO,52693,,NIFTY,,2025-01-16,2025-01-16,24000.0,CE,NIFTY2511624000CE,1.85,2.0,1.0,1.2,1.15,2.15,23213.2,1.2,13559850,2717925,1236357,2225574519378.75,180975,F1,75,,,,,
2025-01-15,2025-01-15,FO,NSE,IDO,52417,,NIFTY,,2025-01-16,2025-01-16,22000.0,CE,NIFTY2511622000CE,1270.75,1279.0,1170.25,1214.5,1216.5,1234.45,23213.2,1214.5,13350,-1725,127,221203593.75,68,F1,75,,,,,
2025-01-15,2025-01-15,FO,NSE,IDO,53616,,NIFTY,,2027-12-30,2027-12-30,22000.0,CE,NIFTY27DEC22000CE,0.0,0.0,0.0,4499.55,0.0,4499.55,23213.2,5532.05,0,0,0,0.0,0,F1,75,,,,,
2025-01-15,2025-01-15,FO,NSE,IDO,61749,,NIFTY,,2029-12-27,2029-12-27,24000.0,PE,NIFTY29DEC24000PE,0.0,0.0,0.0,625.5,0.0,625.5,23213.2,507.2,0,0,0,0.0,0,F1,75,,,,,
2025-01-15,2025-01-15,FO,NSE,IDO,54695,,NIFTY,,2025-01-23,2025-01-23,22000.0,PE,NIFTY2512322000PE,9.5,9.75,6.4,7.55,7.15,10.15,23213.2,7.55,1751400,966150,59659,98472446557.5,21851,F1,75,,,,,
2025-01-15,2025-01-15,FO,NSE,IDO,71501,,NIFTY,,2026-12-31,2026-12-31,24000.0,CE,NIFTY26DEC24000CE,0.0,0.0,0.0,2010.65,0.0,2010.65,23213.2,2992.4,0,0,0,0.0,0,F1,75,,,,,
2025-01-15,2025-01-15,FO,NSE,IDO,61745,,NIFTY,,2029-12-27,2029-12-27,22000.0,PE,NIFTY29DEC22000PE,0.0,0.0,0.0,373.65,0.0,373.65,23213.2,272.9,0,0,0,0.0,0,F1,75,,,,,
2025-01-15,2025-01-15,FO,NSE,IDO,58648,,NIFTY,,2026-12-31,2026-12-31,22000.0,CE,NIFTY26DEC22000CE,0.0,0.0,0.0,3039.0,0.0,3039.0,23213.2,4288.9,0,0,0,0.0,0,F1,75,,,,,
2025-01-15,2025-01-15,FO,NSE,IDO,44843,,NIFTY,,2025-02-06,2025-02-06,22000.0,CE,NIFTY2520622000CE,0.0,0.0,0.0,2350.45,0.0,2350.45,23213.2,1315.4,0,0,0,0.0,0,F1,75,,,,,
2025-01-15,2025-01-15,FO,NSE,IDO,71547,,NIFTY,,2027-06-24,2027-06-24,18000.0,CE,NIFTY27JUN18000CE,0.0,0.0,0.0,4066.45,0.0,4066.45,23213.2,7981.45,0,0,0,0.0,0,F1,75,,,,,
2025-01-15,2025-01-15,FO,NSE,IDO,58640,,NIFTY,,2026-12-31,2026-12-31,18000.0,CE,NIFTY26DEC18000CE,0.0,0.0,0.0,4501.45,0.0,4501.45,23213.2,7471.2,0,0,0,0.0,0,F1,75,,,,,
2025-01-15,2025-01-15,FO,NSE,IDO,89612,,NIFTY,,2029-06-28,2029-06-28,18000.0,CE,NIFTY29JUN18000CE,0.0,0.0,0.0,11678.65,0.0,11678.65,23213.2,9936.4,0,0,0,0.0,0,F1,75,,,,,
2025-01-15,2025-01-15,FO,NSE,IDO,64680,,NIFTY,,2025-09-25,2025-09-25,18000.0,CE,NIFTY25SEP18000CE,0.0,0.0,0.0,9482.9,0.0,9482.9,23213.2,6038.75,0,0,0,0.0,0,F1,75,,,,,
2025-01-15,2025-01-15,FO,NSE,IDO,46340,,NIFTY,,2025-01-30,2025-01-30,23900.0,PE,NIFTY25JAN23900PE,666.15,734.0,615.0,672.9,667.8,682.15,23213.2,672.9,1244225,-10475,3006,1846324676.25,1887,F1,25,,,,,
2025-01-15,2025-01-15,FO,NSE,IDO,57656,,NIFTY,,2025-02-27,2025-02-27,25300.0,PE,NIFTY25FEB25300PE,0.0,0.0,0.0,1480.0,1480.0,1480.0,23213.2,1908.5,225,0,0,0.0,0,F1,75,,,,,
2025-01-15,2025-01-15,FO,NSE,IDO,56876,,NIFTY,,2025-03-27,2025-03-27,25300.0,CE,NIFTY25MAR25300CE,81.15,95.0,81.05,85.0,85.0,80.15,23213.2,85.0,66600,900,43,81883432.5,22,F1,75,,,,,
2025-01-15,2025-01-15,FO,NSE,IDO,52863,,NIFTY,,2025-01-16,2025-01-16,25300.0,PE,NIFTY2511625300PE,2096.0,2096.0,2036.0,2088.35,2088.35,1999.0,23213.2,2082.1,5025,-525,8,16413686.25,8,F1,75,,,,,
2025-01-15,2025-01-15,FO,NSE,IDO,51323,,NIFTY,,2025-02-13,2025-02-13,25300.0,CE,NIFTY2521325300CE,0.0,0.0,0.0,19.05,22.0,19.05,23213.2,5.95,1950,0,0,0.0,0,F1,75,,,,,
2025-01-15,2025-01-15,FO,NSE,IDO,56885,,NIFTY,,2025-03-27,2025-03-27,25500.0,PE,NIFTY25MAR25500PE,2009.95,2010.0,1920.0,2000.0,2000.0,1954.3,23213.2,2014.05,14775,1425,34,70031580.0,25,F1,75,,,,,
2025-01-15,2025-01-15,FO,NSE,IDO,57663,,NIFTY,,2025-02-27,2025-02-27,25500.0,CE,NIFTY25FEB25500CE,30.05,31.9,25.2,25.95,25.4,29.55,23213.2,25.95,533400,7800,2210,4231085550.0,1137,F1,75,,,,,
2025-01-15,2025-01-15,FO,NSE,IDO,45089,,NIFTY,,2025-02-06,2025-02-06,25500.0,PE,NIFTY2520625500PE,0.0,0.0,0.0,1254.05,0.0,1254.05,23213.2,2184.15,0,0,0,0.0,0,F1,75,,,,,
2025-01-15,2025-01-15,FO,NSE,IDO,46908,,NIFTY,,2025-03-27,2025-03-27,21750.0,CE,NIFTY25MAR21750CE,1902.25,1902.25,1902.25,1902.25,1902.25,1900.0,23213.2,1807.55,0,-75,1,1773918.75,1,F1,75,,,,,
2025-01-15,2025-01-15,FO,NSE,IDO,46909,,NIFTY,,2025-03-27,2025-03-27,21750.0,PE,NIFTY25MAR21750PE,0.0,0.0,0.0,129.05,129.05,129.05,23213.2,60.65,4200,0,0,0.0,0,F1,75,,,,,
2025-01-15,2025-01-15,FO,NSE,IDO,54785,,NIFTY,,2025-01-23,2025-01-23,23150.0,PE,NIFTY2512323150PE,139.9,187.75,129.3,147.6,145.15,164.25,23213.2,147.6,412425,36750,37207,65042234812.5,20623,F1,75,,,,,
2025-01-15,2025-01-15,FO,NSE,IDO,52535,,NIFTY,,2025-01-16,2025-01-16,23150.0,CE,NIFTY2511623150CE,154.0,175.5,68.7,96.3,98.55,139.1,23213.2,96.3,2471475,920475,1954465,3408663081067.5,1141935,F1,75,,,,,
2025-01-15,2025-01-15,FO,NSE,IDO,55645,,NIFTY,,2025-02-27,2025-02-27,23150.0,CE,NIFTY25FEB23150CE,635.35,668.4,628.0,629.0,628.0,645.85,23213.2,629.0,8175,300,11,19627477.5,8,F1,75,,,,,
2025-01-15,2025-01-15,FO,NSE,IDO,43256,,NIFTY,,2025-01-30,2025-01-30,22700.0,PE,NIFTY25JAN22700PE,85.0,103.65,72.9,84.3,82.55,93.55,23213.2,84.3,530700,21800,67797,38622449500.0,21613,F1,25,,,,,
2025-01-15,2025-01-15,FO,NSE,IDO,44902,,NIFTY,,2025-02-06,2025-02-06,22700.0,CE,NIFTY2520622700CE,0.0,0.0,0.0,1688.25,0.0,1688.25,23213.2,698.95,0,0,0,0.0,0,F1,75,,,,,
2025-01-15,2025-01-15,FO,NSE,IDO,47038,,NIFTY,,2025-03-27,2025-03-27,22700.0,CE,NIFTY25MAR22700CE,1135.0,1135.0,1135.0,1135.0,1135.0,1155.2,23213.2,1043.7,75,0,1,1787625.0,1,F1,75,,,,,
2025-01-15,2025-01-15,FO,NSE,IDO,43182,,NIFTY,,2025-01-30,2025-01-30,21450.0,PE,NIFTY25JAN21450PE,9.0,9.45,7.0,8.3,8.4,10.05,23213.2,8.3,17525,2350,586,314367092.5,213,F1,25,,,,,
2025-01-15,2025-01-15,FO,NSE,IDO,55573,,NIFTY,,2025-02-27,2025-02-27,21450.0,CE,NIFTY25FEB21450CE,0.0,0.0,0.0,2899.9,0.0,2899.9,23213.2,1945.8,0,0,0,0.0,0,F1,75,,,,,
2025-01-15,2025-01-15,FO,NSE,IDO,44797,,NIFTY,,2025-02-06,2025-02-06,21450.0,PE,NIFTY2520621450PE,0.0,0.0,0.0,2.0,0.0,2.0,23213.2,1.55,0,0,0,0.0,0,F1,75,,,,,
2025-01-15,2025-01-15,FO,NSE,IDO,54670,,NIFTY,,2025-01-23,2025-01-23,21450.0,CE,NIFTY2512321450CE,0.0,0.0,0.0,2655.1,0.0,2655.1,23213.2,1794.9,0,0,0,0.0,0,F1,75,,,,,
2025-01-15,2025-01-15,FO,NSE,IDO,46624,,NIFTY,,2025-01-30,2025-01-30,26350.0,CE,NIFTY25JAN26350CE,4.85,4.85,3.1,3.25,3.2,4.15,23213.2,3.25,18400,5650,353,232567900.0,59,F1,25,,,,,
2025-01-15,2025-01-15,FO,NSE,IDO,55339,,NIFTY,,2025-03-27,2025-03-27,24400.0,CE,NIFTY25MAR24400CE,260.65,280.0,242.1,251.95,251.95,270.1,23213.2,251.95,10050,75,18,33286162.5,10,F1,75,,,,,
2025-01-15,2025-01-15,FO,NSE,IDO,71502,,NIFTY,,2026-12-31,2026-12-31,24000.0,PE,NIFTY26DEC24000PE,0.0,0.0,0.0,1089.5,1089.0,1089.5,23213.2,806.6,10650,0,0,0.0,0,F1,75,,,,,
2025-01-15,2025-01-15,FO,NSE,IDO,71393,,NIFTY,,2025-12-24,2025-12-24,24000.0,CE,NIFTY25DEC24000CE,1683.95,1755.75,1647.05,1667.2,1665.0,1670.35,23213.2,1667.2,227175,200,98,188774021.25,96,F1,75,,,,,
2025-01-15,2025-01-15,FO,NSE,IDO,51133,,NIFTY,,2025-02-13,2025-02-13,22000.0,CE,NIFTY2521322000CE,0.0,0.0,0.0,1716.6,0.0,1716.6,23213.2,1354.1,0,0,0,0.0,0,F1,75,,,,,
2025-01-15,2025-01-15,FO,NSE,IDO,86152,,NIFTY,,2028-06-29,2028-06-29,24000.0,PE,NIFTY28JUN24000PE,0.0,0.0,0.0,1692.75,0.0,1692.75,23213.2,647.7,0,0,0,0.0,0,F1,75,,,,,
2025-01-15,2025-01-15,FO,NSE,IDO,55004,,NIFTY,,2025-01-23,2025-01-23,24000.0,PE,NIFTY2512324000PE,755.05,835.75,712.15,778.6,775.0,768.45,23213.2,778.6,254325,83850,2127,3952501436.25,1737,F1,75,,,,,
2025-01-15,2025-01-15,FO,NSE,IDO,89626,,NIFTY,,2029-06-28,2029-06-28,22000.0,CE,NIFTY29JUN22000CE,0.0,0.0,0.0,9207.9,0.0,9207.9,23213.2,7214.45,0,0,0,0.0,0,F1,75,,,,,
2025-01-15,2025-01-15,FO,NSE,IDO,55600,,NIFTY,,2025-02-27,2025-02-27,22000.0,PE,NIFTY25FEB22000PE,110.0,119.2,103.55,109.55,110.0,114.65,23213.2,109.55,1424475,148800,10881,18044175547.5,4971,F1,75,,,,,
2025-01-15,2025-01-15,FO,NSE,IDO,67778,,NIFTY,,2028-12-28,2028-12-28,22000.0,CE,NIFTY28DEC22000CE,0.0,0.0,0.0,6932.45,0.0,6932.45,23213.2,6674.45,0,0,0,0.0,0,F1,75,,,,,
2025-01-15,2025-01-15,FO,NSE,IDO,43216,,NIFTY,,2025-01-30,2025-01-30,22000.0,PE,NIFTY25JAN22000PE,23.0,24.7,18.1,20.2,19.6,23.2,23213.2,20.2,3679775,174525,80831,44498964605.0,19658,F1,25,,,,,
2025-01-15,2025-01-15,FO,NSE,IDO,44886,,NIFTY,,2025-02-06,2025-02-06,22600.0,CE,NIFTY2520622600CE,0.0,0.0,0.0,1779.95,0.0,1779.95,23213.2,778.6,0,0,0,0.0,0,F1,75,,,,,
2025-01-15,2025-01-15,FO,NSE,IDO,51204,,NIFTY,,2025-02-13,2025-02-13,23250.0,PE,NIFTY2521323250PE,0.0,0.0,0.0,282.1,0.0,282.1,23213.2,312.7,0,0,0,0.0,0,F1,75,,,,,
2025-01-15,2025-01-15,FO,NSE,IDO,55623,,NIFTY,,2025-02-27,2025-02-27,22600.0,CE,NIFTY25FEB22600CE,0.0,0.0,0.0,980.0,980.0,980.0,23213.2,933.75,225,0,0,0.0,0,F1,75,,,,,
2025-01-15,2025-01-15,FO,NSE,IDO,52488,,NIFTY,,2025-01-16,2025-01-16,22600.0,PE,NIFTY2511622600PE,5.0,6.15,2.2,2.75,2.4,7.0,23213.2,2.75,5772300,2114325,963581,1633551192210.0,207946,F1,75,,,,,
2025-01-15,2025-01-15,FO,NSE,IDO,44936,,NIFTY,,2025-02-06,2025-02-06,23250.0,PE,NIFTY2520623250PE,319.6,350.9,319.6,341.25,337.65,111.6,23213.2,341.25,750,750,19,33618690.0,17,F1,75,,,,,
2025-01-15,2025-01-15,FO,NSE,IDO,49835,,NIFTY,,2025-03-27,2025-03-27,23250.0,PE,NIFTY25MAR23250PE,479.1,491.35,448.85,448.85,448.85,499.95,23213.2,429.8,2850,150,7,12454196.25,7,F1,75,,,,,
2025-01-15,2025-01-15,FO,NSE,IDO,51170,,NIFTY,,2025-02-13,2025-02-13,22600.0,PE,NIFTY2521322600PE,0.0,0.0,0.0,109.45,0.0,109.45,23213.2,98.65,0,0,0,0.0,0,F1,75,,,,,
2025-01-15,2025-01-15,FO,NSE,IDO,52487,,NIFTY,,2025-01-16,2025-01-16,22600.0,CE,NIFTY2511622600CE,660.85,698.35,568.4,616.55,617.85,644.6,23213.2,616.55,24525,-2325,569,990676792.5,323,F1,75,,,,,
2025-01-15,2025-01-15,FO,NSE,IDO,43608,,NIFTY,,2025-01-30,2025-01-30,23250.0,CE,NIFTY25JAN23250CE,296.1,327.15,241.1,265.8,267.8,290.8,23213.2,265.8,258200,54150,28775,16924435668.75,9506,F1,25,,,,,
2025-01-15,2025-01-15,FO,NSE,IDO,51203,,NIFTY,,2025-02-13,2025-02-13,23250.0,CE,NIFTY2521323250CE,0.0,0.0,0.0,721.2,0.0,721.2,23213.2,400.25,0,0,0,0.0,0,F1,75,,,,,
2025-01-15,2025-01-15,FO,NSE,IDO,52528,,NIFTY,,2025-01-16,2025-01-16,23000.0,PE,NIFTY2511623000PE,17.85,33.6,10.4,12.2,11.9,24.45,23213.2,12.2,11438850,822150,3620622,6250353867573.75,954112,F1,75,,,,,
2025-01-15,2025-01-15,FO,NSE,IDO,44921,,NIFTY,,2025-02-06,2025-02-06,23000.0,PE,NIFTY2520623000PE,246.3,274.05,226.0,243.2,240.75,255.1,23213.2,243.2,91125,28650,1160,2022658781.25,693,F1,75,,,,,
2025-01-15,2025-01-15,FO,NSE,IDO,64690,,NIFTY,,2025-09-25,2025-09-25,23000.0,CE,NIFTY25SEP23000CE,0.0,0.0,0.0,5026.1,0.0,5026.1,23213.2,1774.9,0,0,0,0.0,0,F1,75,,,,,
2025-01-15,2025-01-15,FO,NSE,IDO,55040,,NIFTY,,2025-01-23,2025-01-23,24600.0,PE,NIFTY2512324600PE,1340.0,1414.15,1325.45,1363.2,1361.05,1349.3,23213.2,1363.2,19650,3750,54,105131441.25,43,F1,75,,,,,
2025-01-15,2025-01-15,FO,NSE,IDO,45033,,NIFTY,,2025-02-06,2025-02-06,24600.0,CE,NIFTY2520624600CE,38.0,41.9,33.05,34.65,33.7,38.25,23213.2,34.65,3600,-1950,53,97939087.5,30,F1,75,,,,,
2025-01-15,2025-01-15,FO,NSE,IDO,52809,,NIFTY,,2025-01-16,2025-01-16,24600.0,PE,NIFTY2511624600PE,1344.3,1421.65,1316.0,1384.85,1383.8,1375.6,23213.2,1384.85,45000,-4500,64,124642290.0,51,F1,75,,,,,
2025-01-15,2025-01-15,FO,NSE,IDO,46386,,NIFTY,,2025-01-30,2025-01-30,24600.0,PE,NIFTY25JAN24600PE,1309.8,1396.25,1270.0,1324.4,1324.2,1329.35,23213.2,1324.4,141225,125,154,99847913.75,68,F1,25,,,,,
2025-01-15,2025-01-15,FO,NSE,IDO,86147,,NIFTY,,2028-06-29,2028-06-29,22000.0,CE,NIFTY28JUN22000CE,0.0,0.0,0.0,4759.5,0.0,4759.5,23213.2,6114.3,0,0,0,0.0,0,F1,75,,,,,
2025-01-15,2025-01-15,FO,NSE,IDO,51252,,NIFTY,,2025-02-13,2025-02-13,24000.0,PE,NIFTY2521324000PE,0.0,0.0,0.0,820.0,820.0,820.0,23213.2,781.35,150,0,0,0.0,0,F1,75,,,,,
2025-01-15,2025-01-15,FO,NSE,IDO,89631,,NIFTY,,2029-06-28,2029-06-28,24000.0,PE,NIFTY29JUN24000PE,0.0,0.0,0.0,694.05,694.05,694.05,23213.2,551.0,25,0,0,0.0,0,F1,75,,,,,
2025-01-15,2025-01-15,FO,NSE,IDO,44987,,NIFTY,,2025-02-06,2025-02-06,24000.0,CE,NIFTY2520624000CE,136.85,139.0,105.6,113.1,113.95,128.95,23213.2,113.1,177375,32100,2560,4631229618.75,1271,F1,75,,,,,
2025-01-15,2025-01-15,FO,NSE,IDO,71472,,NIFTY,,2026-06-25,2026-06-25,24000.0,CE,NIFTY26JUN24000CE,0.0,0.0,0.0,1698.3,0.0,1698.3,23213.2,2294.55,0,0,0,0.0,0,F1,75,,,,,
2025-01-15,2025-01-15,FO,NSE,IDO,71379,,NIFTY,,2025-06-26,2025-06-26,24000.0,CE,NIFTY25JUN24000CE,876.05,883.3,819.2,841.85,845.0,855.8,23213.2,841.85,281900,2775,669,1246782888.75,539,F1,75,,,,,
2025-01-15,2025-01-15,FO,NSE,IDO,52694,,NIFTY,,2025-01-16,2025-01-16,24000.0,PE,NIFTY2511624000PE,738.15,839.8,702.3,786.25,781.5,762.35,23213.2,786.25,346725,-193500,6921,12858571125.0,3900,F1,75,,,,,
2025-01-15,2025-01-15,FO,NSE,IDO,55582,,NIFTY,,2025-02-27,2025-02-27,21550.0,PE,NIFTY25FEB21550PE,0.0,0.0,0.0,55.75,0.0,55.75,23213.2,16.4,0,0,0,0.0,0,F1,75,,,,,
2025-01-15,2025-01-15,FO,NSE,IDO,52475,,NIFTY,,2025-01-16,2025-01-16,22400.0,CE,NIFTY2511622400CE,848.0,894.8,782.0,817.8,818.75,855.25,23213.2,817.8,66525,-150,115,200364963.75,74,F1,75,,,,,
2025-01-15,2025-01-15,FO,NSE,IDO,46991,,NIFTY,,2025-03-27,2025-03-27,22400.0,CE,NIFTY25MAR22400CE,1320.0,1320.0,1320.0,1320.0,1320.0,1926.75,23213.2,1265.35,225,225,3,5337000.0,1,F1,75,,,,,
2025-01-15,2025-01-15,FO,NSE,IDO,46992,,NIFTY,,2025-03-27,2025-03-27,22400.0,PE,NIFTY25MAR22400PE,225.35,235.0,225.3,225.3,225.3,250.0,23213.2,225.3,109125,150,6,10184115.0,6,F1,75,,,,,
2025-01-15,2025-01-15,FO,NSE,IDO,51309,,NIFTY,,2025-02-13,2025-02-13,25150.0,PE,NIFTY2521325150PE,0.0,0.0,0.0,1518.85,0.0,1518.85,23213.2,1811.3,0,0,0,0.0,0,F1,75,,,,,
2025-01-15,2025-01-15,FO,NSE,IDO,45010,,NIFTY,,2025-02-06,2025-02-06,24200.0,CE,NIFTY2520624200CE,89.9,95.25,67.45,70.05,73.6,86.25,23213.2,70.05,40200,12375,484,881140016.25,314,F1,75,,,,,
2025-01-15,2025-01-15,FO,NSE,IDO,46358,,NIFTY,,2025-01-30,2025-01-30,24200.0,CE,NIFTY25JAN24200CE,29.2,30.25,20.55,22.05,22.05,28.5,23213.2,22.05,1619225,5975,56690,34330696177.5,16767,F1,25,,,,,
2025-01-15,2025-01-15,FO,NSE,IDO,55060,,NIFTY,,2025-03-27,2025-03-27,24200.0,CE,NIFTY25MAR24200CE,332.4,342.0,301.0,313.05,314.0,333.75,23213.2,313.05,28050,1200,32,58847216.25,29,F1,75,,,,,
2025-01-15,2025-01-15,FO,NSE,IDO,55634,,NIFTY,,2025-02-27,2025-02-27,22850.0,PE,NIFTY25FEB22850PE,276.95,276.95,276.95,276.95,276.95,286.0,23213.2,209.55,4800,0,1,1734521.25,1,F1,75,,,,,
2025-01-15,2025-01-15,FO,NSE,IDO,54770,,NIFTY,,2025-01-23,2025-01-23,22850.0,CE,NIFTY2512322850CE,482.5,499.25,400.5,438.6,445.35,464.15,23213.2,438.6,7950,1575,164,286435196.25,111,F1,75,,,,,
2025-01-15,2025-01-15,FO,NSE,IDO,52826,,NIFTY,,2025-01-16,2025-01-16,24700.0,CE,NIFTY2511624700CE,7.0,7.0,0.55,0.75,0.65,1.15,23213.2,0.75,2805000,-925200,98965,183338484270.0,24937,F1,75,,,,,
2025-01-15,2025-01-15,FO,NSE,IDO,52573,,NIFTY,,2025-01-16,2025-01-16,23400.0,CE,NIFTY2511623400CE,33.0,36.4,7.85,9.75,10.3,27.2,23213.2,9.75,9863175,1916175,3239787,5689863464276.25,900597,F1,75,,,,,
2025-01-15,2025-01-15,FO,NSE,IDO,51123,,NIFTY,,2025-03-27,2025-03-27,23400.0,PE,NIFTY25MAR23400PE,531.0,576.55,531.0,535.0,534.95,539.15,23213.2,535.0,12000,0,7,12568143.75,7,F1,75,,,,,
2025-01-15,2025-01-15,FO,NSE,IDO,46627,,NIFTY,,2025-01-30,2025-01-30,26400.0,PE,NIFTY25JAN26400PE,3153.35,3153.35,3153.35,3153.35,3153.35,3120.2,23213.2,3113.65,6450,-25,1,738833.75,1,F1,25,,,,,
2025-01-15,2025-01-15,FO,NSE,IDO,52908,,NIFTY,,2025-01-16,2025-01-16,26400.0,CE,NIFTY2511626400CE,0.75,0.9,0.2,0.3,0.2,0.9,23213.2,0.3,942225,-363600,58652,116133312611.25,9494,F1,75,,,,,
2025-01-15,2025-01-15,FO,NSE,IDO,46626,,NIFTY,,2025-01-30,2025-01-30,26400.0,CE,NIFTY25JAN26400CE,3.85,3.9,2.65,2.9,2.9,4.0,23213.2,2.9,139675,1750,891,588132362.5,364,F1,25,,,,,
2025-01-15,2025-01-15,FO,NSE,IDO,57708,,NIFTY,,2025-02-27,2025-02-27,26400.0,CE,NIFTY25FEB26400CE,14.8,16.65,11.7,12.4,12.4,15.1,23213.2,12.4,11250,-825,55,108958785.0,24,F1,75,,,,,
2025-01-15,2025-01-15,FO,NSE,IDO,44929,,NIFTY,,2025-02-06,2025-02-06,23150.0,CE,NIFTY2520623150CE,478.35,510.0,443.9,458.0,458.0,490.65,23213.2,458.0,2550,375,23,40740041.25,23,F1,75,,,,,
2025-01-15,2025-01-15,FO,NSE,IDO,51196,,NIFTY,,2025-02-13,2025-02-13,23150.0,CE,NIFTY2521323150CE,0.0,0.0,0.0,785.95,0.0,785.95,23213.2,455.3,0,0,0,0.0,0,F1,75,,,,,
2025-01-15,2025-01-15,FO,NSE,IDO,43491,,NIFTY,,2025-01-30,2025-01-30,23150.0,PE,NIFTY25JAN23150PE,210.0,245.7,184.05,206.8,204.1,222.6,23213.2,206.8,231025,13700,14291,8349883490.0,5250,F1,25,,,,,
2025-01-15,2025-01-15,FO,NSE,IDO,52889,,NIFTY,,2025-01-16,2025-01-16,25950.0,CE,NIFTY2511625950CE,1.0,1.4,0.25,0.45,0.3,0.9,23213.2,0.45,176550,66000,8525,16592169435.0,2717,F1,75,,,,,
2025-01-15,2025-01-15,FO,NSE,IDO,54981,,NIFTY,,2025-01-23,2025-01-23,23500.0,CE,NIFTY2512323500CE,99.0,107.1,59.6,67.4,69.5,91.4,23213.2,67.4,1991100,625125,119352,211040179706.25,55841,F1,75,,,,,
2025-01-15,2025-01-15,FO,NSE,IDO,51217,,NIFTY,,2025-02-13,2025-02-13,23500.0,CE,NIFTY2521323500CE,359.2,393.2,325.0,325.0,325.0,366.5,23213.2,281.85,1650,450,16,28638033.75,16,F1,75,,,,,
2025-01-15,2025-01-15,FO,NSE,IDO,51400,,NIFTY,,2025-03-27,2025-03-27,23500.0,PE,NIFTY25MAR23500PE,574.65,613.7,554.0,579.45,575.0,586.75,23213.2,579.45,416625,5925,1482,2676884077.5,975,F1,75,,,,,
2025-01-15,2025-01-15,FO,NSE,IDO,46256,,NIFTY,,2025-01-30,2025-01-30,23500.0,PE,NIFTY25JAN23500PE,393.1,432.0,342.2,381.4,377.8,397.15,23213.2,381.4,2682150,-128925,88477,52837096063.75,29571,F1,25,,,,,
2025-01-15,2025-01-15,FO,NSE,IDO,44965,,NIFTY,,2025-02-06,2025-02-06,23500.0,PE,NIFTY2520623500PE,490.25,506.15,429.0,465.65,458.85,476.85,23213.2,465.65,67125,-8025,362,650950485.0,286,F1,75,,,,,
2025-01-15,2025-01-15,FO,NSE,IDO,54752,,NIFTY,,2025-01-23,2025-01-23,22500.0,CE,NIFTY2512322500CE,781.05,819.2,699.0,744.65,751.5,781.0,23213.2,744.65,46050,25125,658,1146971763.75,351,F1,75,,,,,
2025-01-15,2025-01-15,FO,NSE,IDO,64582,,NIFTY,,2025-03-27,2025-03-27,29000.0,CE,NIFTY25MAR29000CE,10.6,11.0,10.35,10.65,10.65,10.6,23213.2,10.65,263650,750,182,395995481.25,145,F1,75,,,,,
2025-01-15,2025-01-15,FO,NSE,IDO,45053,,NIFTY,,2025-02-06,2025-02-06,25050.0,CE,NIFTY2520625050CE,0.0,0.0,0.0,24.4,24.4,24.4,23213.2,4.45,3075,0,0,0.0,0,F1,75,,,,,
2025-01-15,2025-01-15,FO,NSE,IDO,57645,,NIFTY,,2025-02-27,2025-02-27,25050.0,CE,NIFTY25FEB25050CE,52.45,53.05,43.9,43.9,43.9,50.0,23213.2,36.05,2400,-525,40,75296137.5,31,F1,75,,,,,
2025-01-15,2025-01-15,FO,NSE,IDO,64685,,NIFTY,,2025-09-25,2025-09-25,20000.0,PE,NIFTY25SEP20000PE,0.0,0.0,0.0,22.8,0.0,22.8,23213.2,40.8,0,0,0,0.0,0,F1,75,,,,,
2025-01-15,2025-01-15,FO,NSE,IDO,67774,,NIFTY,,2028-12-28,2028-12-28,20000.0,CE,NIFTY28DEC20000CE,0.0,0.0,0.0,8115.5,0.0,8115.5,23213.2,8034.4,0,0,0,0.0,0,F1,75,,,,,
2025-01-15,2025-01-15,FO,NSE,IDO,38380,,NIFTY,,2026-06-25,2026-06-25,20000.0,PE,NIFTY26JUN20000PE,0.0,0.0,0.0,3159.75,0.0,3159.75,23213.2,96.6,0,0,0,0.0,0,F1,75,,,,,
2025-01-15,2025-01-15,FO,NSE,IDO,53607,,NIFTY,,2027-12-30,2027-12-30,20000.0,CE,NIFTY27DEC20000CE,0.0,0.0,0.0,5333.85,0.0,5333.85,23213.2,6967.65,0,0,0,0.0,0,F1,75,,,,,
2025-01-15,2025-01-15,FO,NSE,IDO,57654,,NIFTY,,2025-02-27,2025-02-27,25250.0,PE,NIFTY25FEB25250PE,0.0,0.0,0.0,1180.0,1180.0,1180.0,23213.2,1861.25,150,0,0,0.0,0,F1,75,,,,,
2025-01-15,2025-01-15,FO,NSE,IDO,55085,,NIFTY,,2025-01-23,2025-01-23,25250.0,CE,NIFTY2512325250CE,3.55,3.55,1.65,2.0,1.65,3.1,23213.2,2.0,19500,7050,6365,12054879300.0,1890,F1,75,,,,,
2025-01-15,2025-01-15,FO,NSE,IDO,54767,,NIFTY,,2025-01-23,2025-01-23,22750.0,PE,NIFTY2512322750PE,51.55,67.5,42.3,48.9,48.2,59.95,23213.2,48.9,132825,57000,15603,26683703812.5,8960,F1,75,,,,,
2025-01-15,2025-01-15,FO,NSE,IDO,54708,,NIFTY,,2025-01-23,2025-01-23,22200.0,CE,NIFTY2512322200CE,1040.0,1076.0,985.55,985.55,985.55,1050.7,23213.2,1047.75,1125,900,14,24408495.0,13,F1,75,,,,,
2025-01-15,2025-01-15,FO,NSE,IDO,54716,,NIFTY,,2025-01-23,2025-01-23,22350.0,PE,NIFTY2512322350PE,18.1,22.15,14.05,16.15,15.35,20.85,23213.2,16.15,68700,38550,5933,9953002537.5,3162,F1,75,,,,,
2025-01-15,2025-01-15,FO,NSE,IDO,46450,,NIFTY,,2025-01-30,2025-01-30,25150.0,CE,NIFTY25JAN25150CE,8.0,8.0,5.65,5.95,5.85,8.05,23213.2,5.95,48800,-8450,797,501240423.75,145,F1,25,,,,,
2025-01-15,2025-01-15,FO,NSE,IDO,44861,,NIFTY,,2025-02-06,2025-02-06,22400.0,PE,NIFTY2520622400PE,0.0,0.0,0.0,22.35,0.0,22.35,23213.2,43.7,0,0,0,0.0,0,F1,75,,,,,
2025-01-15,2025-01-15,FO,NSE,IDO,46456,,NIFTY,,2025-01-30,2025-01-30,25150.0,PE,NIFTY25JAN25150PE,0.0,0.0,0.0,1523.35,1523.35,1523.35,23213.2,1867.65,10775,0,0,0.0,0,F1,25,,,,,
2025-01-15,2025-01-15,FO,NSE,IDO,56871,,NIFTY,,2025-03-27,2025-03-27,25150.0,PE,NIFTY25MAR25150PE,0.0,0.0,0.0,1346.45,0.0,1346.45,23213.2,1704.6,0,0,0,0.0,0,F1,75,,,,,
2025-01-15,2025-01-15,FO,NSE,IDO,52476,,NIFTY,,2025-01-16,2025-01-16,22400.0,PE,NIFTY2511622400PE,4.5,4.55,1.0,1.4,1.0,5.1,23213.2,1.4,6465225,-1550775,1179444,1981667058873.75,202399,F1,75,,,,,
2025-01-15,2025-01-15,FO,NSE,IDO,57650,,NIFTY,,2025-02-27,2025-02-27,25150.0,PE,NIFTY25FEB25150PE,0.0,0.0,0.0,957.5,957.5,957.5,23213.2,1767.35,75,0,0,0.0,0,F1,75,,,,,
2025-01-15,2025-01-15,FO,NSE,IDO,64703,,NIFTY,,2025-09-25,2025-09-25,29000.0,PE,NIFTY25SEP29000PE,0.0,0.0,0.0,2125.3,0.0,2125.3,23213.2,4536.1,0,0,0,0.0,0,F1,75,,,,,
2025-01-15,2025-01-15,FO,NSE,IDO,38163,,NIFTY,,2027-06-24,2027-06-24,29000.0,PE,NIFTY27JUN29000PE,0.0,0.0,0.0,4627.1,0.0,4627.1,23213.2,2791.4,0,0,0,0.0,0,F1,75,,,,,
2025-01-15,2025-01-15,FO,NSE,IDO,38151,,NIFTY,,2025-06-26,2025-06-26,29000.0,PE,NIFTY25JUN29000PE,0.0,0.0,0.0,6724.5,0.0,6724.5,23213.2,4944.9,0,0,0,0.0,0,F1,75,,,,,
2025-01-15,2025-01-15,FO,NSE,IDO,89641,,NIFTY,,2029-06-28,2029-06-28,29000.0,PE,NIFTY29JUN29000PE,0.0,0.0,0.0,1746.95,0.0,1746.95,23213.2,1774.5,0,0,0,0.0,0,F1,75,,,,,
2025-01-15,2025-01-15,FO,NSE,IDO,46327,,NIFTY,,2025-01-30,2025-01-30,23800.0,PE,NIFTY25JAN23800PE,568.25,650.0,536.9,591.35,584.9,594.7,23213.2,591.35,2279750,-1975,7159,4366283731.25,2564,F1,25,,,,,
2025-01-15,2025-01-15,FO,NSE,IDO,45873,,NIFTY,,2025-12-24,2025-12-24,17000.0,CE,NIFTY25DEC17000CE,0.0,0.0,0.0,8400.0,8400.0,8400.0,23213.2,7259.75,625,0,0,0.0,0,F1,75,,,,,
2025-01-15,2025-01-15,FO,NSE,IDO,52662,,NIFTY,,2025-01-16,2025-01-16,23800.0,CE,NIFTY2511623800CE,3.0,3.7,1.15,1.55,1.25,3.45,23213.2,1.55,6324675,-449775,1066482,1903850961011.25,190065,F1,75,,,,,
2025-01-15,2025-01-15,FO,NSE,IDO,53976,,NIFTY,,2025-03-27,2025-03-27,23800.0,CE,NIFTY25MAR23800CE,493.5,511.5,455.8,472.65,472.65,499.5,23213.2,472.65,23325,7575,182,331243642.5,75,F1,75,,,,,
2025-01-15,2025-01-15,FO,NSE,IDO,55654,,NIFTY,,2025-02-27,2025-02-27,23350.0,PE,NIFTY25FEB23350PE,448.0,480.55,448.0,480.0,480.0,450.0,23213.2,408.65,10050,450,8,14286041.25,5,F1,75,,,,,
2025-01-15,2025-01-15,FO,NSE,IDO,44951,,NIFTY,,2025-02-06,2025-02-06,23350.0,CE,NIFTY2520623350CE,355.4,385.0,346.5,346.5,346.5,367.35,23213.2,346.5,975,300,11,19560866.25,11,F1,75,,,,,
2025-01-15,2025-01-15,FO,NSE,IDO,51209,,NIFTY,,2025-02-13,2025-02-13,23350.0,CE,NIFTY2521323350CE,444.5,444.5,444.5,444.5,444.5,475.4,23213.2,349.6,150,0,1,1784587.5,1,F1,75,,,,,
2025-01-15,2025-01-15,FO,NSE,IDO,52571,,NIFTY,,2025-01-16,2025-01-16,23350.0,CE,NIFTY2511623350CE,46.9,51.55,10.8,13.75,14.2,39.2,23213.2,13.75,5283450,2547600,2591674,4543315050570.0,908323,F1,75,,,,,
2025-01-15,2025-01-15,FO,NSE,IDO,52893,,NIFTY,,2025-01-16,2025-01-16,26000.0,PE,NIFTY2511626000PE,2740.0,2831.0,2740.0,2785.15,2786.55,2752.95,23213.2,2785.15,15975,-8475,121,261159648.75,82,F1,75,,,,,
2025-01-15,2025-01-15,FO,NSE,IDO,71384,,NIFTY,,2025-06-26,2025-06-26,26000.0,PE,NIFTY25JUN26000PE,2121.2,2196.7,2076.1,2160.8,2160.8,2134.05,23213.2,2160.8,92125,750,60,126631845.0,53,F1,75,,,,,
2025-01-15,2025-01-15,FO,NSE,IDO,52713,,NIFTY,,2025-01-16,2025-01-16,24200.0,CE,NIFTY2511624200CE,1.4,1.45,0.7,0.85,0.85,1.5,23213.2,0.85,4842375,-547275,498347,904537077783.75,88932,F1,75,,,,,
2025-01-15,2025-01-15,FO,NSE,IDO,56573,,NIFTY,,2025-03-27,2025-03-27,24950.0,PE,NIFTY25MAR24950PE,0.0,0.0,0.0,1212.6,0.0,1212.6,23213.2,1534.9,0,0,0,0.0,0,F1,75,,,,,
2025-01-15,2025-01-15,FO,NSE,IDO,54681,,NIFTY,,2025-01-23,2025-01-23,21700.0,PE,NIFTY2512321700PE,5.95,5.95,3.05,3.9,3.65,6.4,23213.2,3.9,359850,256200,18268,29736920722.5,7507,F1,75,,,,,
2025-01-15,2025-01-15,FO,NSE,IDO,52382,,NIFTY,,2025-01-16,2025-01-16,21700.0,PE,NIFTY2511621700PE,0.95,1.05,0.2,0.3,0.25,1.25,23213.2,0.3,2776350,-2032500,350819,570972985758.75,59611,F1,75,,,,,
2025-01-15,2025-01-15,FO,NSE,IDO,51101,,NIFTY,,2025-02-13,2025-02-13,21700.0,CE,NIFTY2521321700CE,0.0,0.0,0.0,1997.25,0.0,1997.25,23213.2,1638.85,0,0,0,0.0,0,F1,75,,,,,
2025-01-15,2025-01-15,FO,NSE,IDO,55587,,NIFTY,,2025-02-27,2025-02-27,21700.0,CE,NIFTY25FEB21700CE,0.0,0.0,0.0,1778.2,1778.2,1778.2,23213.2,1708.65,0,0,0,0.0,0,F1,75,,,,,
2025-01-15,2025-01-15,FO,NSE,IDO,51102,,NIFTY,,2025-02-13,2025-02-13,21700.0,PE,NIFTY2521321700PE,0.0,0.0,0.0,18.95,0.0,18.95,23213.2,9.6,0,0,0,0.0,0,F1,75,,,,,
2025-01-15,2025-01-15,FO,NSE,IDO,43197,,NIFTY,,2025-01-30,2025-01-30,21700.0,CE,NIFTY25JAN21700CE,0.0,0.0,0.0,1497.3,1497.3,1497.3,23213.2,1574.4,1700,0,0,0.0,0,F1,25,,,,,
2025-01-15,2025-01-15,FO,NSE,IDO,43198,,NIFTY,,2025-01-30,2025-01-30,21700.0,PE,NIFTY25JAN21700PE,11.15,13.85,10.5,11.4,10.9,13.15,23213.2,11.4,512275,56925,22334,12122725350.0,7105,F1,25,,,,,
2025-01-15,2025-01-15,FO,NSE,IDO,44809,,NIFTY,,2025-02-06,2025-02-06,21700.0,PE,NIFTY2520621700PE,0.0,0.0,0.0,4.0,0.0,4.0,23213.2,4.35,0,0,0,0.0,0,F1,75,,,,,
2025-01-15,2025-01-15,FO,NSE,IDO,46901,,NIFTY,,2025-03-27,2025-03-27,21700.0,PE,NIFTY25MAR21700PE,125.25,128.15,119.0,123.3,123.3,115.2,23213.2,123.3,13800,2475,96,157151748.75,42,F1,75,,,,,
2025-01-15,2025-01-15,FO,NSE,IDO,44852,,NIFTY,,2025-02-06,2025-02-06,22200.0,CE,NIFTY2520622200CE,0.0,0.0,0.0,2157.3,0.0,2157.3,23213.2,1127.8,0,0,0,0.0,0,F1,75,,,,,
2025-01-15,2025-01-15,FO,NSE,IDO,51145,,NIFTY,,2025-02-13,2025-02-13,22200.0,CE,NIFTY2521322200CE,0.0,0.0,0.0,1535.6,0.0,1535.6,23213.2,1171.3,0,0,0,0.0,0,F1,75,,,,,
2025-01-15,2025-01-15,FO,NSE,IDO,44853,,NIFTY,,2025-02-06,2025-02-06,22200.0,PE,NIFTY2520622200PE,0.0,0.0,0.0,14.2,0.0,14.2,23213.2,24.5,0,0,0,0.0,0,F1,75,,,,,
2025-01-15,2025-01-15,FO,NSE,IDO,52679,,NIFTY,,2025-01-16,2025-01-16,23950.0,CE,NIFTY2511623950CE,2.35,2.35,1.0,1.2,1.0,2.35,23213.2,1.2,1326600,-352200,261031,468907524828.75,49282,F1,75,,,,,
2025-01-15,2025-01-15,FO,NSE,IDO,55002,,NIFTY,,2025-01-23,2025-01-23,23950.0,PE,NIFTY2512323950PE,720.0,720.0,698.0,698.0,698.0,733.0,23213.2,716.05,2850,600,9,16648095.0,4,F1,75,,,,,
2025-01-15,2025-01-15,FO,NSE,IDO,51249,,NIFTY,,2025-02-13,2025-02-13,23950.0,CE,NIFTY2521323950CE,0.0,0.0,0.0,200.25,200.25,200.25,23213.2,134.6,375,0,0,0.0,0,F1,75,,,,,
2025-01-15,2025-01-15,FO,NSE,IDO,44986,,NIFTY,,2025-02-06,2025-02-06,23950.0,PE,NIFTY2520623950PE,0.0,0.0,0.0,301.85,0.0,301.85,23213.2,731.95,0,0,0,0.0,0,F1,75,,,,,
2025-01-15,2025-01-15,FO,NSE,IDO,56878,,NIFTY,,2025-03-27,2025-03-27,25350.0,CE,NIFTY25MAR25350CE,82.1,82.1,75.6,75.6,75.6,82.1,23213.2,73.55,2850,-825,11,20979532.5,3,F1,75,,,,,
2025-01-15,2025-01-15,FO,NSE,IDO,55089,,NIFTY,,2025-01-23,2025-01-23,25350.0,CE,NIFTY2512325350CE,2.25,3.0,1.75,1.9,1.75,3.35,23213.2,1.9,21900,8775,5319,10113721995.0,1768,F1,75,,,,,
2025-01-15,2025-01-15,FO,NSE,IDO,45040,,NIFTY,,2025-02-06,2025-02-06,24750.0,PE,NIFTY2520624750PE,0.0,0.0,0.0,704.4,0.0,704.4,23213.2,1447.85,0,0,0,0.0,0,F1,75,,,,,
2025-01-15,2025-01-15,FO,NSE,IDO,57631,,NIFTY,,2025-02-27,2025-02-27,24750.0,CE,NIFTY25FEB24750CE,80.0,80.0,70.0,70.15,70.15,76.5,23213.2,62.4,6075,-75,8,14894351.25,7,F1,75,,,,,
2025-01-15,2025-01-15,FO,NSE,IDO,52828,,NIFTY,,2025-01-16,2025-01-16,24750.0,CE,NIFTY2511624750CE,1.2,1.2,0.5,0.65,0.6,1.2,23213.2,0.65,1495875,-29400,39817,73912671026.25,11306,F1,75,,,,,
2025-01-15,2025-01-15,FO,NSE,IDO,43208,,NIFTY,,2025-01-30,2025-01-30,21850.0,PE,NIFTY25JAN21850PE,15.6,18.5,14.0,15.2,14.9,17.4,23213.2,15.2,279350,-32250,10638,5815239937.5,2865,F1,25,,,,,
2025-01-15,2025-01-15,FO,NSE,IDO,43207,,NIFTY,,2025-01-30,2025-01-30,21850.0,CE,NIFTY25JAN21850CE,0.0,0.0,0.0,2743.0,2743.45,2743.0,23213.2,1426.05,175,0,0,0.0,0,F1,25,,,,,
2025-01-15,2025-01-15,FO,NSE,IDO,51125,,NIFTY,,2025-02-13,2025-02-13,21850.0,PE,NIFTY2521321850PE,0.0,0.0,0.0,26.4,0.0,26.4,23213.2,15.15,0,0,0,0.0,0,F1,75,,,,,
2025-01-15,2025-01-15,FO,NSE,IDO,46926,,NIFTY,,2025-03-27,2025-03-27,21850.0,CE,NIFTY25MAR21850CE,0.0,0.0,0.0,2387.7,0.0,2387.7,23213.2,1719.6,0,0,0,0.0,0,F1,75,,,,,
2025-01-15,2025-01-15,FO,NSE,IDO,54684,,NIFTY,,2025-01-23,2025-01-23,21800.0,CE,NIFTY2512321800CE,1460.2,1460.2,1460.2,1460.2,1460.2,1445.9,23213.2,1445.5,150,0,1,1744515.0,1,F1,75,,,,,
2025-01-15,2025-01-15,FO,NSE,IDO,52907,,NIFTY,,2025-01-16,2025-01-16,26350.0,PE,NIFTY2511626350PE,0.0,0.0,0.0,1679.9,0.0,1679.9,23213.2,3131.95,0,0,0,0.0,0,F1,75,,,,,
2025-01-15,2025-01-15,FO,NSE,IDO,52838,,NIFTY,,2025-01-16,2025-01-16,24850.0,CE,NIFTY2511624850CE,1.15,1.5,0.4,0.5,0.5,1.15,23213.2,0.5,796125,-620175,41729,77774333103.75,9393,F1,75,,,,,
2025-01-15,2025-01-15,FO,NSE,IDO,46408,,NIFTY,,2025-01-30,2025-01-30,24850.0,CE,NIFTY25JAN24850CE,9.5,9.5,7.25,7.45,7.3,10.2,23213.2,7.45,91600,25250,2797,1738218961.25,1352,F1,25,,,,,
2025-01-15,2025-01-15,FO,NSE,IDO,54726,,NIFTY,,2025-03-27,2025-03-27,24050.0,PE,NIFTY25MAR24050PE,0.0,0.0,0.0,897.4,897.4,897.4,23213.2,862.15,225,0,0,0.0,0,F1,75,,,,,
2025-01-15,2025-01-15,FO,NSE,IDO,45000,,NIFTY,,2025-02-06,2025-02-06,24050.0,PE,NIFTY2520624050PE,814.6,814.6,814.6,814.6,814.6,531.5,23213.2,813.0,150,0,1,1864845.0,1,F1,75,,,,,
2025-01-15,2025-01-15,FO,NSE,IDO,52695,,NIFTY,,2025-01-16,2025-01-16,24050.0,CE,NIFTY2511624050CE,1.7,1.8,1.0,1.15,1.1,1.8,23213.2,1.15,3209625,1411650,272930,492323855966.25,48932,F1,75,,,,,
2025-01-15,2025-01-15,FO,NSE,IDO,51253,,NIFTY,,2025-02-13,2025-02-13,24050.0,CE,NIFTY2521324050CE,0.0,0.0,0.0,320.5,0.0,320.5,23213.2,112.0,0,0,0,0.0,0,F1,75,,,,,
2025-01-15,2025-01-15,FO,NSE,IDO,52696,,NIFTY,,2025-01-16,2025-01-16,24050.0,PE,NIFTY2511624050PE,795.05,873.0,760.0,835.85,835.1,826.9,23213.2,835.85,24750,-2775,100,186435262.5,60,F1,75,,,,,
2025-01-15,2025-01-15,FO,NSE,IDO,57603,,NIFTY,,2025-02-27,2025-02-27,24050.0,CE,NIFTY25FEB24050CE,243.15,243.15,210.65,221.15,221.15,222.35,23213.2,189.25,5775,-375,11,20030910.0,7,F1,75,,,,,
2025-01-15,2025-01-15,FO,NSE,IDO,39680,,NIFTY,,2025-06-26,2025-06-26,16000.0,PE,NIFTY25JUN16000PE,0.0,0.0,0.0,1.5,1.5,1.5,23213.2,0.05,1425,0,0,0.0,0,F1,75,,,,,
2025-01-15,2025-01-15,FO,NSE,IDO,49178,,NIFTY,,2025-12-24,2025-12-24,16000.0,PE,NIFTY25DEC16000PE,0.0,0.0,0.0,20.25,20.25,20.25,23213.2,0.3,2125,0,0,0.0,0,F1,75,,,,,
2025-01-15,2025-01-15,FO,NSE,IDO,54719,,NIFTY,,2025-03-27,2025-03-27,23850.0,CE,NIFTY25MAR23850CE,0.0,0.0,0.0,463.0,463.0,463.0,23213.2,412.1,600,0,0,0.0,0,F1,75,,,,,
2025-01-15,2025-01-15,FO,NSE,IDO,46333,,NIFTY,,2025-01-30,2025-01-30,23850.0,PE,NIFTY25JAN23850PE,629.0,687.65,580.3,637.25,630.0,640.35,23213.2,637.25,68225,-2575,437,267442585.0,129,F1,25,,,,,
2025-01-15,2025-01-15,FO,NSE,IDO,46328,,NIFTY,,2025-01-30,2025-01-30,23850.0,CE,NIFTY25JAN23850CE,71.9,72.55,49.7,53.8,54.75,68.6,23213.2,53.8,200400,3525,14820,8858463791.25,6526,F1,25,,,,,
2025-01-15,2025-01-15,FO,NSE,IDO,44981,,NIFTY,,2025-02-06,2025-02-06,23850.0,PE,NIFTY2520623850PE,0.0,0.0,0.0,266.0,0.0,266.0,23213.2,654.45,0,0,0,0.0,0,F1,75,,,,,
2025-01-15,2025-01-15,FO,NSE,IDO,52383,,NIFTY,,2025-01-16,2025-01-16,21750.0,CE,NIFTY2511621750CE,0.0,0.0,0.0,2952.25,0.0,2952.25,23213.2,1467.2,0,0,0,0.0,0,F1,75,,,,,
2025-01-15,2025-01-15,FO,NSE,IDO,54682,,NIFTY,,2025-01-23,2025-01-23,21750.0,CE,NIFTY2512321750CE,0.0,0.0,0.0,2361.75,0.0,2361.75,23213.2,1495.4,0,0,0,0.0,0,F1,75,,,,,
2025-01-15,2025-01-15,FO,NSE,IDO,54784,,NIFTY,,2025-01-23,2025-01-23,23150.0,CE,NIFTY2512323150CE,269.85,287.1,198.2,223.15,224.95,250.95,23213.2,223.15,237300,27525,22728,39848007562.5,13939,F1,75,,,,,
2025-01-15,2025-01-15,FO,NSE,IDO,52536,,NIFTY,,2025-01-16,2025-01-16,23150.0,PE,NIFTY2511623150PE,46.0,73.7,24.1,31.95,30.8,53.85,23213.2,31.95,5832525,2076750,3955614,6880589870613.75,1749500,F1,75,,,,,
2025-01-15,2025-01-15,FO,NSE,IDO,48349,,NIFTY,,2025-03-27,2025-03-27,23150.0,CE,NIFTY25MAR23150CE,831.2,831.2,667.15,667.15,667.15,845.0,23213.2,753.4,1050,375,6,10779236.25,3,F1,75,,,,,
2025-01-15,2025-01-15,FO,NSE,IDO,55646,,NIFTY,,2025-02-27,2025-02-27,23150.0,PE,NIFTY25FEB23150PE,400.0,408.15,272.45,353.0,372.95,384.9,23213.2,353.0,17775,1500,107,188841285.0,73,F1,75,,,,,
2025-01-15,2025-01-15,FO,NSE,IDO,48350,,NIFTY,,2025-03-27,2025-03-27,23150.0,PE,NIFTY25MAR23150PE,412.3,436.0,412.3,436.0,436.0,469.6,23213.2,436.0,3225,75,3,5304678.75,3,F1,75,,,,,
2025-01-15,2025-01-15,FO,NSE,IDO,43287,,NIFTY,,2025-01-30,2025-01-30,23150.0,CE,NIFTY25JAN23150CE,357.95,377.45,295.0,324.15,326.7,348.05,23213.2,324.15,105400,20000,11316,6640988993.75,4920,F1,25,,,,,
2025-01-15,2025-01-15,FO,NSE,IDO,45124,,NIFTY,,2025-02-06,2025-02-06,25950.0,PE,NIFTY2520625950PE,0.0,0.0,0.0,1641.55,0.0,1641.55,23213.2,2631.6,0,0,0,0.0,0,F1,75,,,,,
2025-01-15,2025-01-15,FO,NSE,IDO,46562,,NIFTY,,2025-01-30,2025-01-30,25950.0,CE,NIFTY25JAN25950CE,4.55,5.35,3.55,3.7,3.55,4.5,23213.2,3.7,29550,-125,566,367249520.0,137,F1,25,,,,,
2025-01-15,2025-01-15,FO,NSE,IDO,55131,,NIFTY,,2025-01-23,2025-01-23,25950.0,CE,NIFTY2512325950CE,2.8,2.8,1.55,1.65,1.55,2.95,23213.2,1.65,1301400,-736650,70246,136726000065.0,9863,F1,75,,,,,
2025-01-15,2025-01-15,FO,NSE,IDO,43274,,NIFTY,,2025-01-30,2025-01-30,23050.0,PE,NIFTY25JAN23050PE,176.8,205.75,151.45,172.35,169.8,186.25,23213.2,172.35,144675,9150,6943,4031668637.5,2827,F1,25,,,,,
2025-01-15,2025-01-15,FO,NSE,IDO,55641,,NIFTY,,2025-02-27,2025-02-27,23050.0,CE,NIFTY25FEB23050CE,0.0,0.0,0.0,711.45,711.45,711.45,23213.2,624.4,8175,0,0,0.0,0,F1,75,,,,,
2025-01-15,2025-01-15,FO,NSE,IDO,52531,,NIFTY,,2025-01-16,2025-01-16,23050.0,CE,NIFTY2511623050CE,245.5,264.6,140.65,180.1,183.0,216.65,23213.2,180.1,815775,224775,211195,368045630801.25,133100,F1,75,,,,,
2025-01-15,2025-01-15,FO,NSE,IDO,46625,,NIFTY,,2025-01-30,2025-01-30,26350.0,PE,NIFTY25JAN26350PE,0.0,0.0,0.0,1738.15,1738.15,1738.15,23213.2,3063.8,25,0,0,0.0,0,F1,25,,,,,
2025-01-15,2025-01-15,FO,NSE,IDO,57704,,NIFTY,,2025-02-27,2025-02-27,26350.0,CE,NIFTY25FEB26350CE,0.0,0.0,0.0,16.3,15.4,16.3,23213.2,2.0,5100,0,0,0.0,0,F1,75,,,,,
2025-01-15,2025-01-15,FO,NSE,IDO,46387,,NIFTY,,2025-01-30,2025-01-30,24650.0,CE,NIFTY25JAN24650CE,12.75,12.75,8.8,9.4,9.55,12.5,23213.2,9.4,176825,33300,4577,2821698035.0,1492,F1,25,,,,,
2025-01-15,2025-01-15,FO,NSE,IDO,57628,,NIFTY,,2025-02-27,2025-02-27,24650.0,PE,NIFTY25FEB24650PE,0.0,0.0,0.0,1355.9,1355.9,1355.9,23213.2,1315.75,4575,0,0,0.0,0,F1,75,,,,,
2025-01-15,2025-01-15,FO,NSE,IDO,57627,,NIFTY,,2025-02-27,2025-02-27,24650.0,CE,NIFTY25FEB24650CE,87.45,91.8,78.7,78.7,78.7,92.25,23213.2,78.7,3975,150,5,9276000.0,5,F1,75,,,,,
2025-01-15,2025-01-15,FO,NSE,IDO,46588,,NIFTY,,2025-01-30,2025-01-30,26100.0,CE,NIFTY25JAN26100CE,4.4,4.75,3.2,3.35,3.2,4.45,23213.2,3.35,85400,1775,928,605602617.5,189,F1,25,,,,,
2025-01-15,2025-01-15,FO,NSE,IDO,52896,,NIFTY,,2025-01-16,2025-01-16,26100.0,CE,NIFTY2511626100CE,1.05,1.05,0.35,0.45,0.4,0.95,23213.2,0.45,1141275,51150,21908,42885921090.0,4611,F1,75,,,,,
2025-01-15,2025-01-15,FO,NSE,IDO,45016,,NIFTY,,2025-02-06,2025-02-06,24300.0,CE,NIFTY2520624300CE,64.0,76.55,56.4,59.25,60.0,71.3,23213.2,59.25,16650,-5550,371,677899248.75,258,F1,75,,,,,
2025-01-15,2025-01-15,FO,NSE,IDO,55095,,NIFTY,,2025-01-23,2025-01-23,25400.0,CE,NIFTY2512325400CE,3.2,3.2,1.8,1.9,1.8,3.15,23213.2,1.9,320625,164100,23827,45394738698.75,6041,F1,75,,,,,
2025-01-15,2025-01-15,FO,NSE,IDO,55096,,NIFTY,,2025-01-23,2025-01-23,25400.0,PE,NIFTY2512325400PE,0.0,0.0,0.0,1368.55,0.0,1368.55,23213.2,2149.25,0,0,0,0.0,0,F1,75,,,,,
2025-01-15,2025-01-15,FO,NSE,IDO,46466,,NIFTY,,2025-01-30,2025-01-30,25400.0,PE,NIFTY25JAN25400PE,2100.0,2100.0,2076.3,2076.3,2076.3,2143.9,23213.2,2116.6,35300,-50,6,4124407.5,6,F1,25,,,,,
2025-01-15,2025-01-15,FO,NSE,IDO,55198,,NIFTY,,2025-03-27,2025-03-27,24300.0,PE,NIFTY25MAR24300PE,1004.3,1015.0,1004.3,1015.0,1015.0,1025.0,23213.2,1015.0,15975,0,2,3796447.5,2,F1,75,,,,,
2025-01-15,2025-01-15,FO,NSE,IDO,57638,,NIFTY,,2025-02-27,2025-02-27,24900.0,PE,NIFTY25FEB24900PE,0.0,0.0,0.0,1601.25,1601.25,1601.25,23213.2,1537.3,1425,0,0,0.0,0,F1,75,,,,,
2025-01-15,2025-01-15,FO,NSE,IDO,51118,,NIFTY,,2025-03-27,2025-03-27,23300.0,CE,NIFTY25MAR23300CE,745.0,769.0,724.4,734.0,735.2,761.9,23213.2,734.0,11775,600,51,91971453.75,35,F1,75,,,,,
2025-01-15,2025-01-15,FO,NSE,IDO,44949,,NIFTY,,2025-02-06,2025-02-06,23300.0,PE,NIFTY2520623300PE,372.3,400.0,340.0,365.9,358.45,372.3,23213.2,365.9,23250,2100,170,301859175.0,102,F1,75,,,,,
2025-01-15,2025-01-15,FO,NSE,IDO,51205,,NIFTY,,2025-02-13,2025-02-13,23300.0,CE,NIFTY2521323300CE,0.0,0.0,0.0,690.05,0.0,690.05,23213.2,374.35,0,0,0,0.0,0,F1,75,,,,,
2025-01-15,2025-01-15,FO,NSE,IDO,35221,,NIFTY,,2025-12-24,2025-12-24,30000.0,CE,NIFTY25DEC30000CE,118.0,118.0,115.0,115.85,117.5,117.95,23213.2,115.85,34350,150,10,22587082.5,8,F1,75,,,,,
2025-01-15,2025-01-15,FO,NSE,IDO,44236,,NIFTY,,2025-01-30,2025-01-30,23300.0,CE,NIFTY25JAN23300CE,289.85,289.85,217.0,239.35,244.0,264.05,23213.2,239.35,923300,142075,103767,61089717056.25,34976,F1,25,,,,,
2025-01-15,2025-01-15,FO,NSE,IDO,35222,,NIFTY,,2025-12-24,2025-12-24,30000.0,PE,NIFTY25DEC30000PE,0.0,0.0,0.0,4227.0,4227.0,4227.0,23213.2,5050.45,450,0,0,0.0,0,F1,75,,,,,
2025-01-15,2025-01-15,FO,NSE,IDO,44937,,NIFTY,,2025-02-06,2025-02-06,23300.0,CE,NIFTY2520623300CE,379.0,431.35,355.75,376.8,380.95,401.0,23213.2,376.8,15825,5250,170,301839566.25,107,F1,75,,,,,
2025-01-15,2025-01-15,FO,NSE,IDO,52532,,NIFTY,,2025-01-16,2025-01-16,23050.0,PE,NIFTY2511623050PE,21.3,43.65,13.2,15.95,15.6,31.75,23213.2,15.95,2822100,882450,1679509,2906303515871.25,598156,F1,75,,,,,
2025-01-15,2025-01-15,FO,NSE,IDO,43273,,NIFTY,,2025-01-30,2025-01-30,23050.0,CE,NIFTY25JAN23050CE,416.95,444.0,356.65,385.9,392.95,412.45,23213.2,385.9,28100,3200,2701,1583078902.5,1046,F1,25,,,,,
2025-01-15,2025-01-15,FO,NSE,IDO,48251,,NIFTY,,2025-03-27,2025-03-27,23050.0,CE,NIFTY25MAR23050CE,0.0,0.0,0.0,877.65,877.65,877.65,23213.2,813.25,525,0,0,0.0,0,F1,75,,,,,
2025-01-15,2025-01-15,FO,NSE,IDO,52906,,NIFTY,,2025-01-16,2025-01-16,26350.0,CE,NIFTY2511626350CE,0.8,0.9,0.2,0.35,0.25,0.85,23213.2,0.35,163650,-28425,20255,40029794921.25,6137,F1,75,,,,,
2025-01-15,2025-01-15,FO,NSE,IDO,55042,,NIFTY,,2025-01-23,2025-01-23,24650.0,CE,NIFTY2512324650CE,2.55,4.6,2.55,2.7,2.75,4.6,23213.2,2.7,50250,2775,3898,7207353213.75,1702,F1,75,,,,,
2025-01-15,2025-01-15,FO,NSE,IDO,56534,,NIFTY,,2025-03-27,2025-03-27,24650.0,CE,NIFTY25MAR24650CE,0.0,0.0,0.0,264.75,264.75,264.75,23213.2,177.2,300,0,0,0.0,0,F1,75,,,,,
2025-01-15,2025-01-15,FO,NSE,IDO,55043,,NIFTY,,2025-01-23,2025-01-23,24650.0,PE,NIFTY2512324650PE,0.0,0.0,0.0,1426.85,1426.85,1426.85,23213.2,1400.6,150,0,0,0.0,0,F1,75,,,,,
2025-01-15,2025-01-15,FO,NSE,IDO,51274,,NIFTY,,2025-02-13,2025-02-13,24400.0,PE,NIFTY2521324400PE,0.0,0.0,0.0,911.65,0.0,911.65,23213.2,1111.8,0,0,0,0.0,0,F1,75,,,,,
2025-01-15,2025-01-15,FO,NSE,IDO,55031,,NIFTY,,2025-01-23,2025-01-23,24400.0,CE,NIFTY2512324400CE,5.6,6.1,3.2,3.35,3.3,6.15,23213.2,3.35,747750,446100,34617,63359909868.75,15923,F1,75,,,,,
2025-01-15,2025-01-15,FO,NSE,IDO,57617,,NIFTY,,2025-02-27,2025-02-27,24400.0,CE,NIFTY25FEB24400CE,134.8,143.3,116.5,122.05,121.85,131.7,23213.2,122.05,230700,8475,860,1581975461.25,452,F1,75,,,,,
2025-01-15,2025-01-15,FO,NSE,IDO,50448,,NIFTY,,2026-06-25,2026-06-25,15000.0,PE,NIFTY26JUN15000PE,0.0,0.0,0.0,20.3,20.3,20.3,23213.2,0.4,850,0,0,0.0,0,F1,75,,,,,
2025-01-15,2025-01-15,FO,NSE,IDO,57688,,NIFTY,,2025-02-27,2025-02-27,26100.0,PE,NIFTY25FEB26100PE,0.0,0.0,0.0,1941.75,0.0,1941.75,23213.2,2683.85,0,0,0,0.0,0,F1,75,,,,,
2025-01-15,2025-01-15,FO,NSE,IDO,57687,,NIFTY,,2025-02-27,2025-02-27,26100.0,CE,NIFTY25FEB26100CE,20.3,20.3,15.6,16.7,16.45,19.35,23213.2,16.7,20850,-3300,77,150824872.5,43,F1,75,,,,,
2025-01-15,2025-01-15,FO,NSE,IDO,52722,,NIFTY,,2025-01-16,2025-01-16,24300.0,CE,NIFTY2511624300CE,1.1,1.35,0.65,0.75,0.65,1.35,23213.2,0.75,3623700,-1685625,355392,647726466858.75,63157,F1,75,,,,,
2025-01-15,2025-01-15,FO,NSE,IDO,57660,,NIFTY,,2025-02-27,2025-02-27,25400.0,PE,NIFTY25FEB25400PE,2012.0,2012.0,2012.0,2012.0,2012.0,1540.0,23213.2,2003.6,600,75,1,2055900.0,1,F1,75,,,,,
2025-01-15,2025-01-15,FO,NSE,IDO,46465,,NIFTY,,2025-01-30,2025-01-30,25400.0,CE,NIFTY25JAN25400CE,6.25,6.3,4.65,5.2,5.4,6.75,23213.2,5.2,364675,-10950,7915,5027132741.25,2363,F1,25,,,,,
2025-01-15,2025-01-15,FO,NSE,IDO,45017,,NIFTY,,2025-02-06,2025-02-06,24300.0,PE,NIFTY2520624300PE,0.0,0.0,0.0,452.55,0.0,452.55,23213.2,1028.45,0,0,0,0.0,0,F1,75,,,,,
2025-01-15,2025-01-15,FO,NSE,IDO,57614,,NIFTY,,2025-02-27,2025-02-27,24300.0,PE,NIFTY25FEB24300PE,1019.9,1051.0,1000.0,1030.0,1030.0,1086.85,23213.2,1030.0,18900,-225,12,22791401.25,10,F1,75,,,,,
2025-01-15,2025-01-15,FO,NSE,IDO,45073,,NIFTY,,2025-02-06,2025-02-06,25250.0,CE,NIFTY2520625250CE,14.25,18.8,11.9,12.85,12.85,15.8,23213.2,12.85,3300,75,6,11369066.25,5,F1,75,,,,,
2025-01-15,2025-01-15,FO,NSE,IDO,56566,,NIFTY,,2025-03-27,2025-03-27,24850.0,CE,NIFTY25MAR24850CE,0.0,0.0,0.0,497.3,0.0,497.3,23213.2,139.7,0,0,0,0.0,0,F1,75,,,,,
2025-01-15,2025-01-15,FO,NSE,IDO,57647,,NIFTY,,2025-02-27,2025-02-27,25100.0,CE,NIFTY25FEB25100CE,49.85,49.85,40.25,41.2,41.1,47.5,23213.2,41.2,27225,-3825,354,667551581.25,193,F1,75,,,,,
2025-01-15,2025-01-15,FO,NSE,IDO,51306,,NIFTY,,2025-02-13,2025-02-13,25100.0,CE,NIFTY2521325100CE,0.0,0.0,0.0,77.1,0.0,77.1,23213.2,10.3,0,0,0,0.0,0,F1,75,,,,,
2025-01-15,2025-01-15,FO,NSE,IDO,43192,,NIFTY,,2025-01-30,2025-01-30,21600.0,PE,NIFTY25JAN21600PE,10.1,11.2,8.45,9.2,9.15,11.25,23213.2,9.2,2682350,-80100,43528,23515579271.25,15273,F1,25,,,,,
2025-01-15,2025-01-15,FO,NSE,IDO,51449,,NIFTY,,2025-06-26,2025-06-26,21000.0,CE,NIFTY25JUN21000CE,0.0,0.0,0.0,2800.0,2800.0,2800.0,23213.2,2899.95,75,0,0,0.0,0,F1,75,,,,,
2025-01-15,2025-01-15,FO,NSE,IDO,46584,,NIFTY,,2025-01-30,2025-01-30,26050.0,CE,NIFTY25JAN26050CE,3.5,4.4,3.3,3.5,3.3,4.15,23213.2,3.5,13950,-825,650,423372613.75,103,F1,25,,,,,
2025-01-15,2025-01-15,FO,NSE,IDO,61660,,NIFTY,,2029-12-27,2029-12-27,21000.0,PE,NIFTY29DEC21000PE,0.0,0.0,0.0,278.8,0.0,278.8,23213.2,191.05,0,0,0,0.0,0,F1,75,,,,,
2025-01-15,2025-01-15,FO,NSE,IDO,53615,,NIFTY,,2027-12-30,2027-12-30,21000.0,PE,NIFTY27DEC21000PE,0.0,0.0,0.0,582.95,582.95,582.95,23213.2,221.0,50,0,0,0.0,0,F1,75,,,,,
2025-01-15,2025-01-15,FO,NSE,IDO,51453,,NIFTY,,2026-06-25,2026-06-25,21000.0,CE,NIFTY26JUN21000CE,0.0,0.0,0.0,3881.9,0.0,3881.9,23213.2,4349.0,0,0,0,0.0,0,F1,75,,,,,
2025-01-15,2025-01-15,FO,NSE,IDO,39988,,NIFTY,,2025-12-24,2025-12-24,19000.0,PE,NIFTY25DEC19000PE,0.0,0.0,0.0,102.0,102.0,102.0,23213.2,22.9,9425,0,0,0.0,0,F1,75,,,,,
2025-01-15,2025-01-15,FO,NSE,IDO,58642,,NIFTY,,2026-12-31,2026-12-31,19000.0,CE,NIFTY26DEC19000CE,0.0,0.0,0.0,8600.0,8600.0,8600.0,23213.2,6627.65,125,0,0,0.0,0,F1,75,,,,,
2025-01-15,2025-01-15,FO,NSE,IDO,46888,,NIFTY,,2025-03-27,2025-03-27,21600.0,CE,NIFTY25MAR21600CE,0.0,0.0,0.0,2608.5,0.0,2608.5,23213.2,1942.0,0,0,0,0.0,0,F1,75,,,,,
2025-01-15,2025-01-15,FO,NSE,IDO,58646,,NIFTY,,2026-12-31,2026-12-31,21000.0,CE,NIFTY26DEC21000CE,0.0,0.0,0.0,3356.25,0.0,3356.25,23213.2,5025.75,0,0,0,0.0,0,F1,75,,,,,
2025-01-15,2025-01-15,FO,NSE,IDO,64686,,NIFTY,,2025-09-25,2025-09-25,21000.0,CE,NIFTY25SEP21000CE,0.0,0.0,0.0,6742.1,0.0,6742.1,23213.2,3285.1,0,0,0,0.0,0,F1,75,,,,,
2025-01-15,2025-01-15,FO,NSE,IDO,58647,,NIFTY,,2026-12-31,2026-12-31,21000.0,PE,NIFTY26DEC21000PE,0.0,0.0,0.0,337.1,337.1,337.1,23213.2,211.6,1400,0,0,0.0,0,F1,75,,,,,
2025-01-15,2025-01-15,FO,NSE,IDO,46585,,NIFTY,,2025-01-30,2025-01-30,26050.0,PE,NIFTY25JAN26050PE,0.0,0.0,0.0,1474.1,1472.75,1474.1,23213.2,2764.65,75,0,0,0.0,0,F1,25,,,,,
2025-01-15,2025-01-15,FO,NSE,IDO,51451,,NIFTY,,2025-12-24,2025-12-24,21000.0,CE,NIFTY25DEC21000CE,0.0,0.0,0.0,4000.0,4000.0,4000.0,23213.2,3649.6,9625,0,0,0.0,0,F1,75,,,,,
2025-01-15,2025-01-15,FO,NSE,IDO,52894,,NIFTY,,2025-01-16,2025-01-16,26050.0,CE,NIFTY2511626050CE,0.95,0.95,0.25,0.4,0.25,0.9,23213.2,0.4,79950,-32625,25550,49919403078.75,8135,F1,75,,,,,
2025-01-15,2025-01-15,FO,NSE,IDO,86145,,NIFTY,,2028-06-29,2028-06-29,21000.0,CE,NIFTY28JUN21000CE,0.0,0.0,0.0,5226.55,0.0,5226.55,23213.2,6798.25,0,0,0,0.0,0,F1,75,,,,,
2025-01-15,2025-01-15,FO,NSE,IDO,57685,,NIFTY,,2025-02-27,2025-02-27,26050.0,CE,NIFTY25FEB26050CE,21.15,21.15,15.2,16.95,17.0,21.2,23213.2,16.95,5475,-375,16,31280775.0,12,F1,75,,,,,
2025-01-15,2025-01-15,FO,NSE,IDO,44916,,NIFTY,,2025-02-06,2025-02-06,22900.0,PE,NIFTY2520622900PE,211.5,240.0,202.0,213.1,210.55,232.7,23213.2,213.1,5475,1950,94,163019223.75,63,F1,75,,,,,
2025-01-15,2025-01-15,FO,NSE,IDO,55636,,NIFTY,,2025-02-27,2025-02-27,22900.0,PE,NIFTY25FEB22900PE,288.95,311.65,273.4,289.35,287.2,295.45,23213.2,289.35,148500,75,673,1170442128.75,354,F1,75,,,,,
2025-01-15,2025-01-15,FO,NSE,IDO,51183,,NIFTY,,2025-02-13,2025-02-13,22900.0,PE,NIFTY2521322900PE,0.0,0.0,0.0,175.45,0.0,175.45,23213.2,176.3,0,0,0,0.0,0,F1,75,,,,,
2025-01-15,2025-01-15,FO,NSE,IDO,54773,,NIFTY,,2025-01-23,2025-01-23,22900.0,PE,NIFTY2512322900PE,95.05,101.05,65.2,74.6,72.4,88.2,23213.2,74.6,489000,142650,43291,74612955776.25,22856,F1,75,,,,,
2025-01-15,2025-01-15,FO,NSE,IDO,52516,,NIFTY,,2025-01-16,2025-01-16,22900.0,PE,NIFTY2511622900PE,12.0,21.15,7.25,8.4,8.05,16.05,23213.2,8.4,3521025,187800,1465346,2517986657355.0,364393,F1,75,,,,,
2025-01-15,2025-01-15,FO,NSE,IDO,54772,,NIFTY,,2025-01-23,2025-01-23,22900.0,CE,NIFTY2512322900CE,437.55,466.6,362.0,399.5,402.4,429.05,23213.2,399.5,28125,3825,1805,3154370201.25,1328,F1,75,,,,,
2025-01-15,2025-01-15,FO,NSE,IDO,50556,,NIFTY,,2026-06-25,2026-06-25,18000.0,CE,NIFTY26JUN18000CE,0.0,0.0,0.0,7400.0,7400.0,7400.0,23213.2,6899.45,100,0,0,0.0,0,F1,75,,,,,
2025-01-15,2025-01-15,FO,NSE,IDO,53604,,NIFTY,,2027-12-30,2027-12-30,18000.0,PE,NIFTY27DEC18000PE,0.0,0.0,0.0,244.4,244.4,244.4,23213.2,43.05,10175,0,0,0.0,0,F1,75,,,,,
2025-01-15,2025-01-15,FO,NSE,IDO,86140,,NIFTY,,2028-06-29,2028-06-29,18000.0,PE,NIFTY28JUN18000PE,0.0,0.0,0.0,396.75,0.0,396.75,23213.2,47.2,0,0,0,0.0,0,F1,75,,,,,
2025-01-15,2025-01-15,FO,NSE,IDO,64681,,NIFTY,,2025-09-25,2025-09-25,18000.0,PE,NIFTY25SEP18000PE,0.0,0.0,0.0,3.05,0.0,3.05,23213.2,2.75,0,0,0,0.0,0,F1,75,,,,,
2025-01-15,2025-01-15,FO,NSE,IDO,51094,,NIFTY,,2025-02-13,2025-02-13,21550.0,PE,NIFTY2521321550PE,0.0,0.0,0.0,13.35,0.0,13.35,23213.2,5.9,0,0,0,0.0,0,F1,75,,,,,
2025-01-15,2025-01-15,FO,NSE,IDO,54675,,NIFTY,,2025-01-23,2025-01-23,21550.0,PE,NIFTY2512321550PE,5.2,5.2,2.25,2.7,2.7,5.65,23213.2,2.7,41550,31275,12294,19872818790.0,4084,F1,75,,,,,
2025-01-15,2025-01-15,FO,NSE,IDO,39982,,NIFTY,,2025-06-26,2025-06-26,19000.0,CE,NIFTY25JUN19000CE,0.0,0.0,0.0,3077.9,0.0,3077.9,23213.2,4777.3,0,0,0,0.0,0,F1,75,,,,,
2025-01-15,2025-01-15,FO,NSE,IDO,51089,,NIFTY,,2025-02-13,2025-02-13,21450.0,CE,NIFTY2521321450CE,0.0,0.0,0.0,2237.0,0.0,2237.0,23213.2,1882.15,0,0,0,0.0,0,F1,75,,,,,
2025-01-15,2025-01-15,FO,NSE,IDO,51090,,NIFTY,,2025-02-13,2025-02-13,21450.0,PE,NIFTY2521321450PE,0.0,0.0,0.0,10.45,0.0,10.45,23213.2,4.2,0,0,0,0.0,0,F1,75,,,,,
2025-01-15,2025-01-15,FO,NSE,IDO,52363,,NIFTY,,2025-01-16,2025-01-16,21450.0,PE,NIFTY2511621450PE,0.8,0.8,0.2,0.25,0.2,0.85,23213.2,0.25,300525,18975,35148,56545709943.75,5420,F1,75,,,,,
2025-01-15,2025-01-15,FO,NSE,IDO,55574,,NIFTY,,2025-02-27,2025-02-27,21450.0,PE,NIFTY25FEB21450PE,0.0,0.0,0.0,48.85,0.0,48.85,23213.2,12.7,0,0,0,0.0,0,F1,75,,,,,
2025-01-15,2025-01-15,FO,NSE,IDO,54764,,NIFTY,,2025-01-23,2025-01-23,22750.0,CE,NIFTY2512322750CE,555.3,590.05,485.75,517.05,519.0,555.3,23213.2,517.05,10875,75,28,48921266.25,21,F1,75,,,,,
2025-01-15,2025-01-15,FO,NSE,IDO,46604,,NIFTY,,2025-01-30,2025-01-30,26250.0,PE,NIFTY25JAN26250PE,0.0,0.0,0.0,2460.0,2460.0,2460.0,23213.2,2964.1,675,0,0,0.0,0,F1,25,,,,,
2025-01-15,2025-01-15,FO,NSE,IDO,54997,,NIFTY,,2025-01-23,2025-01-23,23850.0,CE,NIFTY2512323850CE,29.0,29.0,14.5,16.15,16.2,25.6,23213.2,16.15,358500,212175,24000,42963847391.25,12195,F1,75,,,,,
2025-01-15,2025-01-15,FO,NSE,IDO,44980,,NIFTY,,2025-02-06,2025-02-06,23850.0,CE,NIFTY2520623850CE,160.0,160.0,146.25,146.25,146.25,176.1,23213.2,146.25,2625,150,7,12600993.75,6,F1,75,,,,,
2025-01-15,2025-01-15,FO,NSE,IDO,51245,,NIFTY,,2025-02-13,2025-02-13,23850.0,CE,NIFTY2521323850CE,0.0,0.0,0.0,201.6,201.6,201.6,23213.2,160.65,75,0,0,0.0,0,F1,75,,,,,
2025-01-15,2025-01-15,FO,NSE,IDO,64593,,NIFTY,,2025-03-27,2025-03-27,31000.0,PE,NIFTY25MAR31000PE,7299.4,7307.95,7219.8,7245.2,7270.55,7202.95,23213.2,7245.2,43000,225,5,14354782.5,5,F1,75,,,,,
2025-01-15,2025-01-15,FO,NSE,IDO,64592,,NIFTY,,2025-03-27,2025-03-27,31000.0,CE,NIFTY25MAR31000CE,10.6,10.6,10.0,10.1,10.0,10.6,23213.2,10.1,508675,75,409,951236962.5,55,F1,75,,,,,
2025-01-15,2025-01-15,FO,NSE,IDO,55590,,NIFTY,,2025-02-27,2025-02-27,21750.0,PE,NIFTY25FEB21750PE,0.0,0.0,0.0,71.95,0.0,71.95,23213.2,26.5,0,0,0,0.0,0,F1,75,,,,,
2025-01-15,2025-01-15,FO,NSE,IDO,54683,,NIFTY,,2025-01-23,2025-01-23,21750.0,PE,NIFTY2512321750PE,6.7,6.7,3.3,4.15,4.05,6.8,23213.2,4.15,74775,59100,6334,10334373401.25,2561,F1,75,,,,,
2025-01-15,2025-01-15,FO,NSE,IDO,51106,,NIFTY,,2025-02-13,2025-02-13,21750.0,PE,NIFTY2521321750PE,0.0,0.0,0.0,21.2,0.0,21.2,23213.2,11.2,0,0,0,0.0,0,F1,75,,,,,
2025-01-15,2025-01-15,FO,NSE,IDO,52829,,NIFTY,,2025-01-16,2025-01-16,24750.0,PE,NIFTY2511624750PE,0.0,0.0,0.0,1525.65,1525.65,1525.65,23213.2,1532.2,600,0,0,0.0,0,F1,75,,,,,
2025-01-15,2025-01-15,FO,NSE,IDO,46404,,NIFTY,,2025-01-30,2025-01-30,24750.0,PE,NIFTY25JAN24750PE,1503.0,1527.7,1480.0,1480.0,1480.0,1504.0,23213.2,1471.25,15100,-325,43,28214501.25,19,F1,25,,,,,
2025-01-15,2025-01-15,FO,NSE,IDO,55009,,NIFTY,,2025-01-23,2025-01-23,24100.0,CE,NIFTY2512324100CE,12.1,12.3,6.4,6.7,6.9,12.05,23213.2,6.7,584250,167025,35177,63604181325.0,20959,F1,75,,,,,
2025-01-15,2025-01-15,FO,NSE,IDO,43258,,NIFTY,,2025-01-30,2025-01-30,22750.0,PE,NIFTY25JAN22750PE,94.4,115.05,81.95,94.35,93.35,104.3,23213.2,94.35,119975,15500,6647,3796630480.0,3208,F1,25,,,,,
2025-01-15,2025-01-15,FO,NSE,IDO,54724,,NIFTY,,2025-03-27,2025-03-27,23950.0,PE,NIFTY25MAR23950PE,0.0,0.0,0.0,878.85,879.85,878.85,23213.2,798.65,6375,0,0,0.0,0,F1,75,,,,,
2025-01-15,2025-01-15,FO,NSE,IDO,51250,,NIFTY,,2025-02-13,2025-02-13,23950.0,PE,NIFTY2521323950PE,0.0,0.0,0.0,615.15,0.0,615.15,23213.2,743.3,0,0,0,0.0,0,F1,75,,,,,
2025-01-15,2025-01-15,FO,NSE,IDO,51176,,NIFTY,,2025-02-13,2025-02-13,22750.0,PE,NIFTY2521322750PE,0.0,0.0,0.0,139.15,0.0,139.15,23213.2,133.3,0,0,0,0.0,0,F1,75,,,,,
2025-01-15,2025-01-15,FO,NSE,IDO,52801,,NIFTY,,2025-01-16,2025-01-16,24550.0,PE,NIFTY2511624550PE,0.0,0.0,0.0,1469.1,1469.1,1469.1,23213.2,1332.25,2850,0,0,0.0,0,F1,75,,,,,
2025-01-15,2025-01-15,FO,NSE,IDO,61746,,NIFTY,,2029-12-27,2029-12-27,23000.0,CE,NIFTY29DEC23000CE,0.0,0.0,0.0,8286.75,0.0,8286.75,23213.2,7124.2,0,0,0,0.0,0,F1,75,,,,,
2025-01-15,2025-01-15,FO,NSE,IDO,51282,,NIFTY,,2025-02-13,2025-02-13,24550.0,PE,NIFTY2521324550PE,0.0,0.0,0.0,1023.35,0.0,1023.35,23213.2,1245.45,0,0,0,0.0,0,F1,75,,,,,
2025-01-15,2025-01-15,FO,NSE,IDO,46383,,NIFTY,,2025-01-30,2025-01-30,24550.0,PE,NIFTY25JAN24550PE,1285.0,1285.0,1285.0,1285.0,1285.0,1320.0,23213.2,1275.55,16425,-100,4,2583500.0,1,F1,25,,,,,
2025-01-15,2025-01-15,FO,NSE,IDO,52611,,NIFTY,,2025-01-16,2025-01-16,23550.0,CE,NIFTY2511623550CE,11.9,14.05,3.5,4.15,4.2,11.0,23213.2,4.15,3360750,-109875,1468802,2594978450280.0,282870,F1,75,,,,,
2025-01-15,2025-01-15,FO,NSE,IDO,61747,,NIFTY,,2029-12-27,2029-12-27,23000.0,PE,NIFTY29DEC23000PE,0.0,0.0,0.0,488.7,0.0,488.7,23213.2,377.4,0,0,0,0.0,0,F1,75,,,,,
2025-01-15,2025-01-15,FO,NSE,IDO,52800,,NIFTY,,2025-01-16,2025-01-16,24550.0,CE,NIFTY2511624550CE,1.15,1.2,0.7,0.8,0.75,1.2,23213.2,0.8,1266075,-206475,43877,80791325711.25,11405,F1,75,,,,,
2025-01-15,2025-01-15,FO,NSE,IDO,37795,,NIFTY,,2025-12-24,2025-12-24,23000.0,CE,NIFTY25DEC23000CE,2275.0,2324.1,2240.0,2256.1,2260.0,2272.8,23213.2,2256.1,109375,8500,160,303332467.5,160,F1,75,,,,,
2025-01-15,2025-01-15,FO,NSE,IDO,89629,,NIFTY,,2029-06-28,2029-06-28,23000.0,PE,NIFTY29JUN23000PE,0.0,0.0,0.0,543.65,0.0,543.65,23213.2,406.5,0,0,0,0.0,0,F1,75,,,,,
2025-01-15,2025-01-15,FO,NSE,IDO,52616,,NIFTY,,2025-01-16,2025-01-16,23550.0,PE,NIFTY2511623550PE,283.45,391.55,263.1,338.15,334.4,320.0,23213.2,338.15,1022175,-20775,13805,24719866627.5,8216,F1,75,,,,,
2025-01-15,2025-01-15,FO,NSE,IDO,52521,,NIFTY,,2025-01-16,2025-01-16,23000.0,CE,NIFTY2511623000CE,284.35,311.9,183.0,226.55,229.15,259.65,23213.2,226.55,1406625,-314625,408960,712694139348.75,198899,F1,75,,,,,
2025-01-15,2025-01-15,FO,NSE,IDO,46374,,NIFTY,,2025-01-30,2025-01-30,24550.0,CE,NIFTY25JAN24550CE,15.0,15.05,10.6,11.45,11.75,14.95,23213.2,11.45,118775,15250,3603,2212404597.5,1069,F1,25,,,,,
2025-01-15,2025-01-15,FO,NSE,IDO,37799,,NIFTY,,2026-06-25,2026-06-25,23000.0,CE,NIFTY26JUN23000CE,0.0,0.0,0.0,2645.65,0.0,2645.65,23213.2,2901.65,0,0,0,0.0,0,F1,75,,,,,
2025-01-15,2025-01-15,FO,NSE,IDO,46264,,NIFTY,,2025-01-30,2025-01-30,23550.0,PE,NIFTY25JAN23550PE,409.55,460.05,373.85,414.05,406.2,428.6,23213.2,414.05,115950,-100,1164,697558847.5,302,F1,25,,,,,
2025-01-15,2025-01-15,FO,NSE,IDO,57584,,NIFTY,,2025-02-27,2025-02-27,23550.0,PE,NIFTY25FEB23550PE,551.2,553.0,547.9,548.75,548.75,556.15,23213.2,513.45,15525,150,8,14460787.5,6,F1,75,,,,,
2025-01-15,2025-01-15,FO,NSE,IDO,37796,,NIFTY,,2025-12-24,2025-12-24,23000.0,PE,NIFTY25DEC23000PE,681.65,704.55,660.0,685.4,681.6,696.3,23213.2,685.4,427525,15250,714,1268526723.75,483,F1,75,,,,,
2025-01-15,2025-01-15,FO,NSE,IDO,37806,,NIFTY,,2026-12-31,2026-12-31,23000.0,CE,NIFTY26DEC23000CE,4000.0,4000.0,4000.0,4000.0,4000.0,4000.0,23213.2,4000.0,900,0,1,2025000.0,1,F1,75,,,,,
2025-01-15,2025-01-15,FO,NSE,IDO,86150,,NIFTY,,2028-06-29,2028-06-29,23000.0,PE,NIFTY28JUN23000PE,0.0,0.0,0.0,1399.25,0.0,1399.25,23213.2,467.2,0,0,0,0.0,0,F1,75,,,,,
2025-01-15,2025-01-15,FO,NSE,IDO,37805,,NIFTY,,2026-06-25,2026-06-25,23000.0,PE,NIFTY26JUN23000PE,738.05,738.05,738.05,738.05,738.05,766.0,23213.2,556.5,6500,75,1,1780353.75,1,F1,75,,,,,
2025-01-15,2025-01-15,FO,NSE,IDO,71559,,NIFTY,,2027-06-24,2027-06-24,23000.0,PE,NIFTY27JUN23000PE,0.0,0.0,0.0,4514.3,0.0,4514.3,23213.2,525.6,0,0,0,0.0,0,F1,75,,,,,
2025-01-15,2025-01-15,FO,NSE,IDO,89628,,NIFTY,,2029-06-28,2029-06-28,23000.0,CE,NIFTY29JUN23000CE,0.0,0.0,0.0,8636.0,0.0,8636.0,23213.2,6589.65,0,0,0,0.0,0,F1,75,,,,,
2025-01-15,2025-01-15,FO,NSE,IDO,52872,,NIFTY,,2025-01-16,2025-01-16,25550.0,CE,NIFTY2511625550CE,1.0,1.15,0.35,0.45,0.35,1.0,23213.2,0.45,165000,-100350,24010,46010193453.75,5010,F1,75,,,,,
2025-01-15,2025-01-15,FO,NSE,IDO,52873,,NIFTY,,2025-01-16,2025-01-16,25550.0,PE,NIFTY2511625550PE,0.0,0.0,0.0,2323.75,2323.75,2323.75,23213.2,2332.1,75,0,0,0.0,0,F1,75,,,,,
2025-01-15,2025-01-15,FO,NSE,IDO,45092,,NIFTY,,2025-02-06,2025-02-06,25550.0,PE,NIFTY2520625550PE,0.0,0.0,0.0,1295.4,0.0,1295.4,23213.2,2233.8,0,0,0,0.0,0,F1,75,,,,,
2025-01-15,2025-01-15,FO,NSE,IDO,57666,,NIFTY,,2025-02-27,2025-02-27,25550.0,PE,NIFTY25FEB25550PE,0.0,0.0,0.0,1109.35,1109.35,1109.35,23213.2,2147.55,75,0,0,0.0,0,F1,75,,,,,
2025-01-15,2025-01-15,FO,NSE,IDO,59770,,NIFTY,,2025-03-27,2025-03-27,25950.0,PE,NIFTY25MAR25950PE,0.0,0.0,0.0,1944.95,0.0,1944.95,23213.2,2429.45,0,0,0,0.0,0,F1,75,,,,,
2025-01-15,2025-01-15,FO,NSE,IDO,51244,,NIFTY,,2025-02-13,2025-02-13,23800.0,PE,NIFTY2521323800PE,0.0,0.0,0.0,530.2,0.0,530.2,23213.2,634.5,0,0,0,0.0,0,F1,75,,,,,
2025-01-15,2025-01-15,FO,NSE,IDO,54996,,NIFTY,,2025-01-23,2025-01-23,23800.0,PE,NIFTY2512323800PE,570.05,645.45,529.65,590.55,582.3,583.95,23213.2,590.55,150525,19875,969,1773168236.25,620,F1,75,,,,,
2025-01-15,2025-01-15,FO,NSE,IDO,58639,,NIFTY,,2026-12-31,2026-12-31,17000.0,PE,NIFTY26DEC17000PE,0.0,0.0,0.0,97.05,97.05,97.05,23213.2,11.9,2850,0,0,0.0,0,F1,75,,,,,
2025-01-15,2025-01-15,FO,NSE,IDO,52572,,NIFTY,,2025-01-16,2025-01-16,23350.0,PE,NIFTY2511623350PE,135.85,203.25,100.0,149.0,145.15,153.0,23213.2,149.0,836550,125775,707511,1246649558422.5,432778,F1,75,,,,,
2025-01-15,2025-01-15,FO,NSE,IDO,44952,,NIFTY,,2025-02-06,2025-02-06,23350.0,PE,NIFTY2520623350PE,0.0,0.0,0.0,130.85,0.0,130.85,23213.2,331.3,0,0,0,0.0,0,F1,75,,,,,
2025-01-15,2025-01-15,FO,NSE,IDO,54940,,NIFTY,,2025-01-23,2025-01-23,23350.0,PE,NIFTY2512323350PE,247.95,290.95,214.0,243.55,241.75,258.2,23213.2,243.55,113925,8175,7027,12436427703.75,5147,F1,75,,,,,
2025-01-15,2025-01-15,FO,NSE,IDO,45677,,NIFTY,,2025-01-30,2025-01-30,23350.0,PE,NIFTY25JAN23350PE,297.45,341.25,265.2,297.6,292.2,313.25,23213.2,297.6,174075,-475,5029,2973599043.75,2233,F1,25,,,,,
2025-01-15,2025-01-15,FO,NSE,IDO,51262,,NIFTY,,2025-02-13,2025-02-13,24200.0,PE,NIFTY2521324200PE,0.0,0.0,0.0,772.5,0.0,772.5,23213.2,941.2,0,0,0,0.0,0,F1,75,,,,,
2025-01-15,2025-01-15,FO,NSE,IDO,44904,,NIFTY,,2025-02-06,2025-02-06,22750.0,CE,NIFTY2520622750CE,0.0,0.0,0.0,1642.85,0.0,1642.85,23213.2,660.6,0,0,0,0.0,0,F1,75,,,,,
2025-01-15,2025-01-15,FO,NSE,IDO,46341,,NIFTY,,2025-01-30,2025-01-30,23950.0,CE,NIFTY25JAN23950CE,54.3,60.85,37.95,40.55,41.75,53.1,23213.2,40.55,104600,-100,8774,5263345997.5,3431,F1,25,,,,,
2025-01-15,2025-01-15,FO,NSE,IDO,57600,,NIFTY,,2025-02-27,2025-02-27,23950.0,PE,NIFTY25FEB23950PE,772.0,806.0,772.0,806.0,806.0,806.0,23213.2,764.7,18675,-75,2,3710850.0,2,F1,75,,,,,
2025-01-15,2025-01-15,FO,NSE,IDO,45090,,NIFTY,,2025-02-06,2025-02-06,25550.0,CE,NIFTY2520625550CE,11.75,12.45,10.5,10.85,10.5,12.8,23213.2,10.85,8025,-1500,27,51761006.25,27,F1,75,,,,,
2025-01-15,2025-01-15,FO,NSE,IDO,55104,,NIFTY,,2025-01-23,2025-01-23,25550.0,PE,NIFTY2512325550PE,0.0,0.0,0.0,2290.0,2290.0,2290.0,23213.2,2299.05,150,0,0,0.0,0,F1,75,,,,,
2025-01-15,2025-01-15,FO,NSE,IDO,46470,,NIFTY,,2025-01-30,2025-01-30,25500.0,PE,NIFTY25JAN25500PE,2209.95,2276.3,2160.5,2217.95,2214.4,2214.45,23213.2,2217.95,482775,-5875,466,323184353.75,216,F1,25,,,,,
2025-01-15,2025-01-15,FO,NSE,IDO,57664,,NIFTY,,2025-02-27,2025-02-27,25500.0,PE,NIFTY25FEB25500PE,2081.55,2122.45,2042.2,2087.0,2087.0,2083.05,23213.2,2087.0,35850,-300,32,66203478.75,23,F1,75,,,,,
2025-01-15,2025-01-15,FO,NSE,IDO,46469,,NIFTY,,2025-01-30,2025-01-30,25500.0,CE,NIFTY25JAN25500CE,6.25,6.25,4.3,4.5,4.45,6.2,23213.2,4.5,1896050,3050,35667,22742180591.25,6841,F1,25,,,,,
2025-01-15,2025-01-15,FO,NSE,IDO,55100,,NIFTY,,2025-01-23,2025-01-23,25500.0,PE,NIFTY2512325500PE,2242.35,2317.2,2092.65,2257.65,2254.9,2249.75,23213.2,2257.65,12750,9450,131,272575166.25,82,F1,75,,,,,
2025-01-15,2025-01-15,FO,NSE,IDO,52903,,NIFTY,,2025-01-16,2025-01-16,26250.0,PE,NIFTY2511626250PE,0.0,0.0,0.0,1591.0,0.0,1591.0,23213.2,3031.95,0,0,0,0.0,0,F1,75,,,,,
2025-01-15,2025-01-15,FO,NSE,IDO,57699,,NIFTY,,2025-02-27,2025-02-27,26250.0,CE,NIFTY25FEB26250CE,16.6,18.7,12.6,16.3,17.2,16.1,23213.2,16.3,9750,5775,114,224583592.5,47,F1,75,,,,,
2025-01-15,2025-01-15,FO,NSE,IDO,52902,,NIFTY,,2025-01-16,2025-01-16,26250.0,CE,NIFTY2511626250CE,0.95,0.95,0.2,0.35,0.25,0.9,23213.2,0.35,159225,-1350,22050,43411854116.25,7308,F1,75,,,,,
2025-01-15,2025-01-15,FO,NSE,IDO,57701,,NIFTY,,2025-02-27,2025-02-27,26250.0,PE,NIFTY25FEB26250PE,0.0,0.0,0.0,2062.7,0.0,2062.7,23213.2,2831.5,0,0,0,0.0,0,F1,75,,,,,
2025-01-15,2025-01-15,FO,NSE,IDO,46603,,NIFTY,,2025-01-30,2025-01-30,26250.0,CE,NIFTY25JAN26250CE,4.0,4.45,3.2,3.25,3.25,4.5,23213.2,3.25,151025,-1225,269,176556216.25,90,F1,25,,,,,
2025-01-15,2025-01-15,FO,NSE,IDO,57596,,NIFTY,,2025-02-27,2025-02-27,23850.0,PE,NIFTY25FEB23850PE,697.55,697.55,697.5,697.5,697.5,746.95,23213.2,696.9,6075,0,4,7364253.75,2,F1,75,,,,,
2025-01-15,2025-01-15,FO,NSE,IDO,57595,,NIFTY,,2025-02-27,2025-02-27,23850.0,CE,NIFTY25FEB23850CE,288.65,288.65,254.6,254.6,254.6,295.5,23213.2,249.0,11025,75,24,43444226.25,10,F1,75,,,,,
2025-01-15,2025-01-15,FO,NSE,IDO,52405,,NIFTY,,2025-01-16,2025-01-16,21800.0,PE,NIFTY2511621800PE,1.2,1.3,0.25,0.35,0.35,1.45,23213.2,0.35,1892850,-2127450,267922,438067001085.0,40464,F1,75,,,,,
2025-01-15,2025-01-15,FO,NSE,IDO,46920,,NIFTY,,2025-03-27,2025-03-27,21800.0,PE,NIFTY25MAR21800PE,133.8,142.35,129.3,133.2,133.2,137.5,23213.2,133.2,9975,3750,148,243499098.75,67,F1,75,,,,,
