TradDt,BizDt,Sgmt,Src,FinInstrmTp,FinInstrmId,ISIN,TckrSymb,SctySrs,XpryDt,FininstrmActlXpryDt,StrkPric,OptnTp,FinInstrmNm,OpnPric,HghPric,LwPric,ClsPric,LastPric,PrvsClsgPric,UndrlygPric,SttlmPric,OpnIntrst,ChngInOpnIntrst,TtlTradgVol,TtlTrfVal,TtlNbOfTxsExctd,SsnId,NewBrdLotQty,Rmks,Rsvd1,Rsvd2,Rsvd3,Rsvd4
2025-03-19,2025-03-19,FO,NSE,IDO,79689,,NIFTY,,2025-04-24,2025-04-24,24900.0,PE,NIFTY25APR24900PE,0.0,0.0,0.0,1854.05,1847.05,1854.05,22907.6,1845.55,1125,0,0,0.0,0,F1,75,,,,,
2025-03-19,2025-03-19,FO,NSE,IDO,79506,,NIFTY,,2025-04-24,2025-04-24,23600.0,PE,NIFTY25APR23600PE,673.0,705.0,618.1,625.45,626.35,688.6,22907.6,625.45,61350,17400,326,592923825.0,300,F1,75,,,,,
2025-03-19,2025-03-19,FO,NSE,IDO,79443,,NIFTY,,2025-04-24,2025-04-24,23250.0,PE,NIFTY25APR23250PE,462.5,480.55,405.25,415.3,405.25,467.15,22907.6,415.3,25575,11025,239,424663507.5,205,F1,75,,,,,
2025-03-19,2025-03-19,FO,NSE,IDO,79412,,NIFTY,,2025-04-24,2025-04-24,22800.0,PE,NIFTY25APR22800PE,274.2,279.25,230.15,237.6,236.4,268.8,22907.6,237.6,453975,108675,10312,17824649313.75,7461,F1,75,,,,,
2025-03-19,2025-03-19,FO,NSE,IDO,79401,,NIFTY,,2025-04-24,2025-04-24,22650.0,PE,NIFTY25APR22650PE,212.6,227.2,190.5,193.55,192.0,219.2,22907.6,193.55,45300,-600,298,510752043.75,238,F1,75,,,,,
2025-03-19,2025-03-19,FO,NSE,IDO,79294,,NIFTY,,2025-04-24,2025-04-24,22100.0,PE,NIFTY25APR22100PE,98.2,105.0,88.1,90.7,90.0,101.25,22907.6,90.7,336000,39600,4388,7303889711.25,2228,F1,75,,,,,
2025-03-19,2025-03-19,FO,NSE,IDO,79261,,NIFTY,,2025-04-24,2025-04-24,21600.0,PE,NIFTY25APR21600PE,48.0,51.75,44.6,45.6,45.0,50.05,22907.6,45.6,253575,52050,4797,7787890788.75,2745,F1,75,,,,,
2025-03-19,2025-03-19,FO,NSE,IDO,79252,,NIFTY,,2025-04-24,2025-04-24,21400.0,PE,NIFTY25APR21400PE,36.95,45.0,33.75,35.75,35.5,38.1,22907.6,35.75,283500,15000,3101,4985580843.75,1769,F1,75,,,,,
2025-03-19,2025-03-19,FO,NSE,IDO,79246,,NIFTY,,2025-04-24,2025-04-24,21250.0,PE,NIFTY25APR21250PE,30.0,31.45,29.45,30.75,31.2,31.7,22907.6,30.75,7500,-1875,92,146835375.0,41,F1,75,,,,,
2025-03-19,2025-03-19,FO,NSE,IDO,48297,,NIFTY,,2025-04-17,2025-04-17,23950.0,PE,NIFTY2541723950PE,0.0,0.0,0.0,1451.65,0.0,1451.65,22907.6,984.15,0,0,0,0.0,0,F1,75,,,,,
2025-03-19,2025-03-19,FO,NSE,IDO,48288,,NIFTY,,2025-04-17,2025-04-17,23750.0,PE,NIFTY2541723750PE,0.0,0.0,0.0,1274.7,0.0,1274.7,22907.6,818.7,0,0,0,0.0,0,F1,75,,,,,
2025-03-19,2025-03-19,FO,NSE,IDO,48278,,NIFTY,,2025-04-17,2025-04-17,23650.0,PE,NIFTY2541723650PE,0.0,0.0,0.0,1188.9,0.0,1188.9,22907.6,740.55,0,0,0,0.0,0,F1,75,,,,,
2025-03-19,2025-03-19,FO,NSE,IDO,48225,,NIFTY,,2025-04-17,2025-04-17,23100.0,PE,NIFTY2541723100PE,0.0,0.0,0.0,759.0,0.0,759.0,22907.6,378.95,0,0,0,0.0,0,F1,75,,,,,
2025-03-19,2025-03-19,FO,NSE,IDO,48201,,NIFTY,,2025-04-17,2025-04-17,22850.0,PE,NIFTY2541722850PE,0.0,0.0,0.0,593.3,0.0,593.3,22907.6,258.7,0,0,0,0.0,0,F1,75,,,,,
2025-03-19,2025-03-19,FO,NSE,IDO,48171,,NIFTY,,2025-04-17,2025-04-17,22400.0,PE,NIFTY2541722400PE,131.0,131.0,110.0,110.0,110.0,135.3,22907.6,110.0,1575,225,15,25332528.75,12,F1,75,,,,,
2025-03-19,2025-03-19,FO,NSE,IDO,48150,,NIFTY,,2025-04-17,2025-04-17,22250.0,PE,NIFTY2541722250PE,0.0,0.0,0.0,287.45,0.0,287.45,22907.6,81.15,0,0,0,0.0,0,F1,75,,,,,
2025-03-19,2025-03-19,FO,NSE,IDO,48147,,NIFTY,,2025-04-17,2025-04-17,22200.0,PE,NIFTY2541722200PE,80.0,86.15,80.0,86.15,86.15,106.0,22907.6,72.4,825,750,10,16713521.25,3,F1,75,,,,,
2025-03-19,2025-03-19,FO,NSE,IDO,48087,,NIFTY,,2025-04-17,2025-04-17,21200.0,PE,NIFTY2541721200PE,0.0,0.0,0.0,40.25,40.25,40.25,22907.6,3.8,75,0,0,0.0,0,F1,75,,,,,
2025-03-19,2025-03-19,FO,NSE,IDO,43951,,NIFTY,,2025-04-09,2025-04-09,24400.0,PE,NIFTY2540924400PE,0.0,0.0,0.0,1726.8,0.0,1726.8,22907.6,1410.2,0,0,0,0.0,0,F1,75,,,,,
2025-03-19,2025-03-19,FO,NSE,IDO,43949,,NIFTY,,2025-04-09,2025-04-09,24350.0,PE,NIFTY2540924350PE,0.0,0.0,0.0,1680.55,0.0,1680.55,22907.6,1361.95,0,0,0,0.0,0,F1,75,,,,,
2025-03-19,2025-03-19,FO,NSE,IDO,43933,,NIFTY,,2025-04-09,2025-04-09,23950.0,PE,NIFTY2540923950PE,0.0,0.0,0.0,1322.15,0.0,1322.15,22907.6,987.8,0,0,0,0.0,0,F1,75,,,,,
2025-03-19,2025-03-19,FO,NSE,IDO,43931,,NIFTY,,2025-04-09,2025-04-09,23900.0,PE,NIFTY2540923900PE,0.0,0.0,0.0,1279.1,0.0,1279.1,22907.6,943.05,0,0,0,0.0,0,F1,75,,,,,
2025-03-19,2025-03-19,FO,NSE,IDO,43823,,NIFTY,,2025-04-09,2025-04-09,21600.0,PE,NIFTY2540921600PE,23.55,23.6,19.9,22.9,23.0,23.55,22907.6,22.9,13200,7350,133,215669685.0,68,F1,75,,,,,
2025-03-19,2025-03-19,FO,NSE,IDO,43811,,NIFTY,,2025-04-09,2025-04-09,21300.0,PE,NIFTY2540921300PE,0.0,0.0,0.0,48.05,0.0,48.05,22907.6,1.85,0,0,0,0.0,0,F1,75,,,,,
2025-03-19,2025-03-19,FO,NSE,IDO,43803,,NIFTY,,2025-04-09,2025-04-09,21150.0,PE,NIFTY2540921150PE,0.0,0.0,0.0,20.7,20.7,20.7,22907.6,0.9,900,0,0,0.0,0,F1,75,,,,,
2025-03-19,2025-03-19,FO,NSE,IDO,43795,,NIFTY,,2025-04-09,2025-04-09,20950.0,PE,NIFTY2540920950PE,0.0,0.0,0.0,15.15,15.15,15.15,22907.6,0.35,225,0,0,0.0,0,F1,75,,,,,
2025-03-19,2025-03-19,FO,NSE,IDO,54847,,NIFTY,,2025-04-03,2025-04-03,24300.0,PE,NIFTY2540324300PE,0.0,0.0,0.0,1393.85,1393.85,1393.85,22907.6,1331.65,150,0,0,0.0,0,F1,75,,,,,
2025-03-19,2025-03-19,FO,NSE,IDO,54754,,NIFTY,,2025-04-03,2025-04-03,23650.0,PE,NIFTY2540323650PE,0.0,0.0,0.0,768.6,768.6,768.6,22907.6,722.85,150,0,0,0.0,0,F1,75,,,,,
2025-03-19,2025-03-19,FO,NSE,IDO,54666,,NIFTY,,2025-04-03,2025-04-03,23200.0,PE,NIFTY2540323200PE,350.05,383.8,301.8,313.7,301.8,367.45,22907.6,313.7,60300,30000,2016,3557388138.75,1450,F1,75,,,,,
2025-03-19,2025-03-19,FO,NSE,IDO,54630,,NIFTY,,2025-04-03,2025-04-03,22800.0,PE,NIFTY2540322800PE,142.45,180.0,134.55,140.55,137.35,171.55,22907.6,140.55,241200,17700,6556,11284916040.0,4581,F1,75,,,,,
2025-03-19,2025-03-19,FO,NSE,IDO,54626,,NIFTY,,2025-04-03,2025-04-03,22700.0,PE,NIFTY2540322700PE,125.3,145.95,107.3,113.0,111.5,139.1,22907.6,113.0,981900,35625,8615,14744461938.75,5046,F1,75,,,,,
2025-03-19,2025-03-19,FO,NSE,IDO,54577,,NIFTY,,2025-04-03,2025-04-03,21950.0,PE,NIFTY2540321950PE,25.35,26.6,20.35,22.0,22.65,26.65,22907.6,22.0,6150,-3975,247,407039130.0,137,F1,75,,,,,
2025-03-19,2025-03-19,FO,NSE,IDO,54555,,NIFTY,,2025-04-03,2025-04-03,21400.0,PE,NIFTY2540321400PE,7.95,9.0,5.15,8.05,9.0,8.9,22907.6,8.05,40425,4725,1945,3122865000.0,1150,F1,75,,,,,
2025-03-19,2025-03-19,FO,NSE,IDO,54537,,NIFTY,,2025-04-03,2025-04-03,21200.0,PE,NIFTY2540321200PE,7.75,7.75,5.0,5.75,6.25,6.55,22907.6,5.75,16125,1200,301,478717916.25,106,F1,75,,,,,
2025-03-19,2025-03-19,FO,NSE,IDO,54477,,NIFTY,,2025-04-03,2025-04-03,20550.0,PE,NIFTY2540320550PE,2.95,2.95,2.95,2.95,2.95,2.75,22907.6,0.05,825,75,1,1541471.25,1,F1,75,,,,,
2025-03-19,2025-03-19,FO,NSE,IDO,56881,,NIFTY,,2025-03-27,2025-03-27,25400.0,PE,NIFTY25MAR25400PE,2435.0,2435.0,2435.0,2435.0,2435.0,2622.1,22907.6,2456.25,2775,-150,2,4175250.0,2,F1,75,,,,,
2025-03-19,2025-03-19,FO,NSE,IDO,56877,,NIFTY,,2025-03-27,2025-03-27,25300.0,PE,NIFTY25MAR25300PE,2340.0,2340.0,2323.8,2323.8,2323.8,2530.2,22907.6,2323.8,8625,-300,5,10363785.0,3,F1,75,,,,,
2025-03-19,2025-03-19,FO,NSE,IDO,50077,,NIFTY,,2025-03-20,2025-03-20,20850.0,CE,NIFTY2532020850CE,0.0,0.0,0.0,1747.65,1747.65,1747.65,22907.6,2061.3,225,0,0,0.0,0,F1,75,,,,,
2025-03-19,2025-03-19,FO,NSE,IDO,50081,,NIFTY,,2025-03-20,2025-03-20,20950.0,CE,NIFTY2532020950CE,0.0,0.0,0.0,1550.0,1550.0,1550.0,22907.6,1961.35,600,0,0,0.0,0,F1,75,,,,,
2025-03-19,2025-03-19,FO,NSE,IDO,50101,,NIFTY,,2025-03-20,2025-03-20,21150.0,CE,NIFTY2532021150CE,0.0,0.0,0.0,1308.55,1308.55,1308.55,22907.6,1761.35,600,0,0,0.0,0,F1,75,,,,,
2025-03-19,2025-03-19,FO,NSE,IDO,50137,,NIFTY,,2025-03-20,2025-03-20,21800.0,CE,NIFTY2532021800CE,1080.0,1141.0,1071.6,1132.6,1128.6,1048.85,22907.6,1132.6,38925,-6975,113,194241363.75,80,F1,75,,,,,
2025-03-19,2025-03-19,FO,NSE,IDO,50145,,NIFTY,,2025-03-20,2025-03-20,21950.0,CE,NIFTY2532021950CE,935.1,991.75,916.45,991.75,991.75,912.3,22907.6,961.5,5475,-975,67,115200540.0,26,F1,75,,,,,
2025-03-19,2025-03-19,FO,NSE,IDO,50153,,NIFTY,,2025-03-20,2025-03-20,22050.0,CE,NIFTY2532022050CE,817.65,899.0,782.1,890.55,890.65,797.7,22907.6,890.55,7950,-4875,154,264772383.75,86,F1,75,,,,,
2025-03-19,2025-03-19,FO,NSE,IDO,50160,,NIFTY,,2025-03-20,2025-03-20,22200.0,CE,NIFTY2532022200CE,700.0,755.0,622.0,735.9,738.25,661.3,22907.6,735.9,145200,-70200,2951,5069615205.0,1357,F1,75,,,,,
2025-03-19,2025-03-19,FO,NSE,IDO,50186,,NIFTY,,2025-03-20,2025-03-20,22500.0,CE,NIFTY2532022500CE,392.45,461.15,335.7,441.3,440.0,369.15,22907.6,441.3,2543625,-858150,74450,127923362073.75,46025,F1,75,,,,,
2025-03-19,2025-03-19,FO,NSE,IDO,50219,,NIFTY,,2025-03-20,2025-03-20,22900.0,CE,NIFTY2532022900CE,70.05,116.0,52.8,98.25,93.95,65.65,22907.6,98.25,8426100,3873525,6245044,10766688725925.0,3210946,F1,75,,,,,
2025-03-19,2025-03-19,FO,NSE,IDO,50229,,NIFTY,,2025-03-20,2025-03-20,23150.0,CE,NIFTY2532023150CE,9.0,14.25,6.4,11.45,10.55,6.7,22907.6,11.45,4265925,1470525,2421588,4206321377763.75,581921,F1,75,,,,,
2025-03-19,2025-03-19,FO,NSE,IDO,50257,,NIFTY,,2025-03-20,2025-03-20,23750.0,CE,NIFTY2532023750CE,0.45,0.65,0.4,0.55,0.4,0.45,22907.6,0.55,613800,180525,92264,164348828606.25,18684,F1,75,,,,,
2025-03-19,2025-03-19,FO,NSE,IDO,50275,,NIFTY,,2025-03-20,2025-03-20,24000.0,CE,NIFTY2532024000CE,0.35,0.45,0.3,0.4,0.35,0.4,22907.6,0.4,3509700,-65625,274819,494682088875.0,36735,F1,75,,,,,
2025-03-19,2025-03-19,FO,NSE,IDO,46829,,NIFTY,,2025-03-27,2025-03-27,21100.0,CE,NIFTY25MAR21100CE,0.0,0.0,0.0,1749.5,1749.5,1749.5,22907.6,1837.65,675,0,0,0.0,0,F1,75,,,,,
2025-03-19,2025-03-19,FO,NSE,IDO,46991,,NIFTY,,2025-03-27,2025-03-27,22400.0,CE,NIFTY25MAR22400CE,553.95,619.0,517.8,603.85,602.8,541.3,22907.6,603.85,861825,-78300,3707,6389658071.25,2463,F1,75,,,,,
2025-03-19,2025-03-19,FO,NSE,IDO,47017,,NIFTY,,2025-03-27,2025-03-27,22600.0,CE,NIFTY25MAR22600CE,389.95,444.0,351.9,428.75,429.25,369.25,22907.6,428.75,1524675,-245475,17605,30375692538.75,11757,F1,75,,,,,
2025-03-19,2025-03-19,FO,NSE,IDO,48192,,NIFTY,,2025-03-27,2025-03-27,22850.0,CE,NIFTY25MAR22850CE,213.0,251.8,184.5,239.35,236.45,199.2,22907.6,239.35,437700,-7050,45507,78742185693.75,32532,F1,75,,,,,
2025-03-19,2025-03-19,FO,NSE,IDO,48347,,NIFTY,,2025-03-27,2025-03-27,23100.0,CE,NIFTY25MAR23100CE,84.65,112.2,74.75,103.75,101.65,80.35,22907.6,103.75,1991175,173400,138976,241778868866.25,81564,F1,75,,,,,
2025-03-19,2025-03-19,FO,NSE,IDO,51124,,NIFTY,,2025-03-27,2025-03-27,23450.0,CE,NIFTY25MAR23450CE,18.5,22.15,15.45,21.0,20.95,15.9,22907.6,21.0,442950,-146700,39713,69901675436.25,23025,F1,75,,,,,
2025-03-19,2025-03-19,FO,NSE,IDO,53846,,NIFTY,,2025-03-27,2025-03-27,23750.0,CE,NIFTY25MAR23750CE,4.4,5.4,3.55,5.15,5.3,3.75,22907.6,5.15,245475,77550,12028,21428966538.75,5803,F1,75,,,,,
2025-03-19,2025-03-19,FO,NSE,IDO,64566,,NIFTY,,2025-03-27,2025-03-27,24000.0,CE,NIFTY25MAR24000CE,1.85,2.5,1.75,2.15,2.35,1.8,22907.6,2.15,5751550,1844025,104326,187802286573.75,20903,F1,75,,,,,
2025-03-19,2025-03-19,FO,NSE,IDO,54727,,NIFTY,,2025-03-27,2025-03-27,24100.0,CE,NIFTY25MAR24100CE,1.9,2.15,1.3,1.55,2.15,1.5,22907.6,1.55,330600,111300,11166,20183758443.75,3639,F1,75,,,,,
2025-03-19,2025-03-19,FO,NSE,IDO,64578,,NIFTY,,2025-03-27,2025-03-27,28000.0,CE,NIFTY25MAR28000CE,0.65,0.8,0.5,0.75,0.65,0.6,22907.6,0.75,762550,127000,8545,17944871246.25,1264,F1,75,,,,,
2025-03-19,2025-03-19,FO,NSE,IDO,54536,,NIFTY,,2025-04-03,2025-04-03,21200.0,CE,NIFTY2540321200CE,0.0,0.0,0.0,1724.8,1724.8,1724.8,22907.6,1764.4,300,0,0,0.0,0,F1,75,,,,,
2025-03-19,2025-03-19,FO,NSE,IDO,54542,,NIFTY,,2025-04-03,2025-04-03,21350.0,CE,NIFTY2540321350CE,0.0,0.0,0.0,1577.8,1579.1,1577.8,22907.6,1615.15,150,0,0,0.0,0,F1,75,,,,,
2025-03-19,2025-03-19,FO,NSE,IDO,54560,,NIFTY,,2025-04-03,2025-04-03,21550.0,CE,NIFTY2540321550CE,0.0,0.0,0.0,1373.65,1374.1,1373.65,22907.6,1416.8,150,0,0,0.0,0,F1,75,,,,,
2025-03-19,2025-03-19,FO,NSE,IDO,54562,,NIFTY,,2025-04-03,2025-04-03,21600.0,CE,NIFTY2540321600CE,0.0,0.0,0.0,1325.1,1325.55,1325.1,22907.6,1367.45,150,0,0,0.0,0,F1,75,,,,,
2025-03-19,2025-03-19,FO,NSE,IDO,54584,,NIFTY,,2025-04-03,2025-04-03,22150.0,CE,NIFTY2540322150CE,880.0,914.5,860.0,904.1,909.85,840.85,22907.6,904.1,401775,-14925,9149,15802016928.75,1019,F1,75,,,,,
2025-03-19,2025-03-19,FO,NSE,IDO,54592,,NIFTY,,2025-04-03,2025-04-03,22350.0,CE,NIFTY2540322350CE,0.0,0.0,0.0,661.05,667.15,661.05,22907.6,665.85,938775,0,0,0.0,0,F1,75,,,,,
2025-03-19,2025-03-19,FO,NSE,IDO,54634,,NIFTY,,2025-04-03,2025-04-03,22900.0,CE,NIFTY2540322900CE,270.25,307.05,241.9,293.5,292.0,247.85,22907.6,293.5,552225,296325,12281,21351822165.0,8111,F1,75,,,,,
2025-03-19,2025-03-19,FO,NSE,IDO,54646,,NIFTY,,2025-04-03,2025-04-03,23150.0,CE,NIFTY2540323150CE,145.95,165.95,127.95,159.45,159.0,127.8,22907.6,159.45,20475,3150,1902,3324249082.5,1304,F1,75,,,,,
2025-03-19,2025-03-19,FO,NSE,IDO,54753,,NIFTY,,2025-04-03,2025-04-03,23650.0,CE,NIFTY2540323650CE,24.45,32.6,23.7,29.6,31.0,21.7,22907.6,29.6,13350,-75,334,593140492.5,175,F1,75,,,,,
2025-03-19,2025-03-19,FO,NSE,IDO,54759,,NIFTY,,2025-04-03,2025-04-03,23800.0,CE,NIFTY2540323800CE,15.1,18.35,14.05,16.55,14.85,13.0,22907.6,16.55,141750,63900,7977,14248573496.25,4657,F1,75,,,,,
2025-03-19,2025-03-19,FO,NSE,IDO,43828,,NIFTY,,2025-04-09,2025-04-09,21750.0,CE,NIFTY2540921750CE,0.0,0.0,0.0,1052.9,0.0,1052.9,22907.6,1250.1,0,0,0,0.0,0,F1,75,,,,,
2025-03-19,2025-03-19,FO,NSE,IDO,43846,,NIFTY,,2025-04-09,2025-04-09,22200.0,CE,NIFTY2540922200CE,0.0,0.0,0.0,840.0,840.0,840.0,22907.6,838.7,1575,0,0,0.0,0,F1,75,,,,,
2025-03-19,2025-03-19,FO,NSE,IDO,43902,,NIFTY,,2025-04-09,2025-04-09,23350.0,CE,NIFTY2540923350CE,133.45,144.6,133.45,140.15,138.55,110.15,22907.6,140.15,1950,375,8,14093752.5,7,F1,75,,,,,
2025-03-19,2025-03-19,FO,NSE,IDO,43925,,NIFTY,,2025-04-09,2025-04-09,23850.0,CE,NIFTY2540923850CE,0.0,0.0,0.0,15.25,15.25,15.25,22907.6,45.6,2625,0,0,0.0,0,F1,75,,,,,
2025-03-19,2025-03-19,FO,NSE,IDO,43934,,NIFTY,,2025-04-09,2025-04-09,24000.0,CE,NIFTY2540924000CE,18.05,23.95,17.05,19.95,19.5,18.0,22907.6,19.95,60075,22800,1155,2080728303.75,569,F1,75,,,,,
2025-03-19,2025-03-19,FO,NSE,IDO,43942,,NIFTY,,2025-04-09,2025-04-09,24200.0,CE,NIFTY2540924200CE,16.25,16.25,9.55,11.15,11.3,6.5,22907.6,11.15,1725,1350,33,59923545.0,17,F1,75,,,,,
2025-03-19,2025-03-19,FO,NSE,IDO,43962,,NIFTY,,2025-04-09,2025-04-09,24600.0,CE,NIFTY2540924600CE,6.0,6.35,4.15,5.5,4.6,23.35,22907.6,5.5,7875,7875,183,337709298.75,60,F1,75,,,,,
2025-03-19,2025-03-19,FO,NSE,IDO,48020,,NIFTY,,2025-04-17,2025-04-17,20750.0,CE,NIFTY2541720750CE,0.0,0.0,0.0,1793.45,0.0,1793.45,22907.6,2265.1,0,0,0,0.0,0,F1,75,,,,,
2025-03-19,2025-03-19,FO,NSE,IDO,48054,,NIFTY,,2025-04-17,2025-04-17,21000.0,CE,NIFTY2541721000CE,0.0,0.0,0.0,1558.35,0.0,1558.35,22907.6,2017.55,0,0,0,0.0,0,F1,75,,,,,
2025-03-19,2025-03-19,FO,NSE,IDO,48277,,NIFTY,,2025-04-17,2025-04-17,23650.0,CE,NIFTY2541723650CE,98.0,103.0,82.45,103.0,103.0,65.0,22907.6,119.95,450,225,7,12467216.25,7,F1,75,,,,,
2025-03-19,2025-03-19,FO,NSE,IDO,79227,,NIFTY,,2025-04-24,2025-04-24,20950.0,CE,NIFTY25APR20950CE,0.0,0.0,0.0,2110.0,2110.55,2110.0,22907.6,2094.75,1125,0,0,0.0,0,F1,75,,,,,
2025-03-19,2025-03-19,FO,NSE,IDO,79370,,NIFTY,,2025-04-24,2025-04-24,22200.0,CE,NIFTY25APR22200CE,959.45,1028.2,938.5,1018.2,1018.9,949.5,22907.6,1018.2,313875,-4800,230,400168320.0,196,F1,75,,,,,
2025-03-19,2025-03-19,FO,NSE,IDO,79386,,NIFTY,,2025-04-24,2025-04-24,22400.0,CE,NIFTY25APR22400CE,802.0,863.55,781.05,854.5,851.6,794.7,22907.6,854.5,137475,-3825,570,993210071.25,400,F1,75,,,,,
2025-03-19,2025-03-19,FO,NSE,IDO,79392,,NIFTY,,2025-04-24,2025-04-24,22500.0,CE,NIFTY25APR22500CE,729.85,789.8,700.05,774.55,775.0,715.2,22907.6,774.55,1324725,18825,5475,9550541613.75,4162,F1,75,,,,,
2025-03-19,2025-03-19,FO,NSE,IDO,79638,,NIFTY,,2025-04-24,2025-04-24,24450.0,CE,NIFTY25APR24450CE,0.0,0.0,0.0,14.95,14.95,14.95,22907.6,34.7,6150,0,0,0.0,0,F1,75,,,,,
2025-03-19,2025-03-19,FO,NSE,IDO,61319,,NIFTY,,2025-05-29,2025-05-29,20350.0,CE,NIFTY25MAY20350CE,0.0,0.0,0.0,2793.55,2793.55,2793.55,22907.6,2818.6,300,0,0,0.0,0,F1,75,,,,,
2025-03-19,2025-03-19,FO,NSE,IDO,61331,,NIFTY,,2025-05-29,2025-05-29,20550.0,CE,NIFTY25MAY20550CE,0.0,0.0,0.0,2572.65,2572.65,2572.65,22907.6,2624.4,300,0,0,0.0,0,F1,75,,,,,
2025-03-19,2025-03-19,FO,NSE,IDO,61333,,NIFTY,,2025-05-29,2025-05-29,20600.0,CE,NIFTY25MAY20600CE,0.0,0.0,0.0,2556.5,2556.35,2556.5,22907.6,2576.05,525,0,0,0.0,0,F1,75,,,,,
2025-03-19,2025-03-19,FO,NSE,IDO,61469,,NIFTY,,2025-05-29,2025-05-29,21750.0,CE,NIFTY25MAY21750CE,0.0,0.0,0.0,1514.05,1514.35,1514.05,22907.6,1518.45,975,0,0,0.0,0,F1,75,,,,,
2025-03-19,2025-03-19,FO,NSE,IDO,61483,,NIFTY,,2025-05-29,2025-05-29,21950.0,CE,NIFTY25MAY21950CE,0.0,0.0,0.0,1336.65,1336.9,1336.65,22907.6,1352.4,675,0,0,0.0,0,F1,75,,,,,
2025-03-19,2025-03-19,FO,NSE,IDO,61505,,NIFTY,,2025-05-29,2025-05-29,22500.0,CE,NIFTY25MAY22500CE,923.4,990.1,897.05,971.6,974.0,909.15,22907.6,971.6,205725,-29175,874,1537070730.0,609,F1,75,,,,,
2025-03-19,2025-03-19,FO,NSE,IDO,61547,,NIFTY,,2025-05-29,2025-05-29,23550.0,CE,NIFTY25MAY23550CE,0.0,0.0,0.0,279.6,279.6,279.6,22907.6,381.15,2250,0,0,0.0,0,F1,75,,,,,
2025-03-19,2025-03-19,FO,NSE,IDO,61553,,NIFTY,,2025-05-29,2025-05-29,23700.0,CE,NIFTY25MAY23700CE,260.0,284.0,256.9,278.4,278.5,251.75,22907.6,278.4,7800,525,91,163619572.5,50,F1,75,,,,,
2025-03-19,2025-03-19,FO,NSE,IDO,61555,,NIFTY,,2025-05-29,2025-05-29,23750.0,CE,NIFTY25MAY23750CE,0.0,0.0,0.0,223.75,223.75,223.75,22907.6,310.1,2775,0,0,0.0,0,F1,75,,,,,
2025-03-19,2025-03-19,FO,NSE,IDO,61621,,NIFTY,,2025-05-29,2025-05-29,23950.0,CE,NIFTY25MAY23950CE,190.05,198.95,190.05,191.3,191.3,169.1,22907.6,249.4,1575,-600,10,18106293.75,5,F1,75,,,,,
2025-03-19,2025-03-19,FO,NSE,IDO,61669,,NIFTY,,2025-05-29,2025-05-29,24150.0,CE,NIFTY25MAY24150CE,142.6,142.6,135.9,135.9,135.9,135.85,22907.6,198.25,1800,0,2,3643387.5,2,F1,75,,,,,
2025-03-19,2025-03-19,FO,NSE,IDO,39982,,NIFTY,,2025-06-26,2025-06-26,19000.0,CE,NIFTY25JUN19000CE,4199.95,4261.9,4188.5,4254.05,4251.1,4172.2,22907.6,4254.05,197475,2025,107,186424181.25,85,F1,75,,,,,
2025-03-19,2025-03-19,FO,NSE,IDO,39987,,NIFTY,,2025-12-24,2025-12-24,19000.0,CE,NIFTY25DEC19000CE,0.0,0.0,0.0,4651.7,4705.0,4651.7,22907.6,4849.4,7250,0,0,0.0,0,F1,75,,,,,
2025-03-19,2025-03-19,FO,NSE,IDO,43895,,NIFTY,,2025-04-09,2025-04-09,23150.0,PE,NIFTY2540923150PE,0.0,0.0,0.0,703.3,0.0,703.3,22907.6,375.35,0,0,0,0.0,0,F1,75,,,,,
2025-03-19,2025-03-19,FO,NSE,IDO,43937,,NIFTY,,2025-04-09,2025-04-09,24050.0,PE,NIFTY2540924050PE,0.0,0.0,0.0,1409.45,0.0,1409.45,22907.6,1078.85,0,0,0,0.0,0,F1,75,,,,,
2025-03-19,2025-03-19,FO,NSE,IDO,48029,,NIFTY,,2025-04-17,2025-04-17,20800.0,PE,NIFTY2541720800PE,0.0,0.0,0.0,17.8,0.0,17.8,22907.6,0.8,0,0,0,0.0,0,F1,75,,,,,
2025-03-19,2025-03-19,FO,NSE,IDO,48107,,NIFTY,,2025-04-17,2025-04-17,21600.0,PE,NIFTY2541721600PE,34.1,35.85,33.0,33.0,33.0,60.0,22907.6,14.55,2625,450,15,24338077.5,9,F1,75,,,,,
2025-03-19,2025-03-19,FO,NSE,IDO,48185,,NIFTY,,2025-04-17,2025-04-17,22600.0,PE,NIFTY2541722600PE,183.25,183.25,158.15,159.0,159.0,179.8,22907.6,159.0,375,75,9,15367661.25,8,F1,75,,,,,
2025-03-19,2025-03-19,FO,NSE,IDO,48189,,NIFTY,,2025-04-17,2025-04-17,22700.0,PE,NIFTY2541722700PE,200.0,200.0,180.0,180.15,180.0,208.5,22907.6,180.15,3075,450,32,54926490.0,20,F1,75,,,,,
2025-03-19,2025-03-19,FO,NSE,IDO,48237,,NIFTY,,2025-04-17,2025-04-17,23300.0,PE,NIFTY2541723300PE,0.0,0.0,0.0,906.1,0.0,906.1,22907.6,495.75,0,0,0,0.0,0,F1,75,,,,,
2025-03-19,2025-03-19,FO,NSE,IDO,48283,,NIFTY,,2025-04-17,2025-04-17,23700.0,PE,NIFTY2541723700PE,0.0,0.0,0.0,1231.55,0.0,1231.55,22907.6,779.2,0,0,0,0.0,0,F1,75,,,,,
2025-03-19,2025-03-19,FO,NSE,IDO,48290,,NIFTY,,2025-04-17,2025-04-17,23800.0,PE,NIFTY2541723800PE,0.0,0.0,0.0,1318.3,0.0,1318.3,22907.6,859.0,0,0,0,0.0,0,F1,75,,,,,
2025-03-19,2025-03-19,FO,NSE,IDO,48293,,NIFTY,,2025-04-17,2025-04-17,23850.0,PE,NIFTY2541723850PE,0.0,0.0,0.0,1362.35,0.0,1362.35,22907.6,900.05,0,0,0,0.0,0,F1,75,,,,,
2025-03-19,2025-03-19,FO,NSE,IDO,48321,,NIFTY,,2025-04-17,2025-04-17,24100.0,PE,NIFTY2541724100PE,0.0,0.0,0.0,1588.35,0.0,1588.35,22907.6,1114.95,0,0,0,0.0,0,F1,75,,,,,
2025-03-19,2025-03-19,FO,NSE,IDO,79201,,NIFTY,,2025-04-24,2025-04-24,20400.0,PE,NIFTY25APR20400PE,12.55,14.6,12.0,13.35,14.15,12.95,22907.6,13.35,172050,5475,1195,1829559465.0,533,F1,75,,,,,
2025-03-19,2025-03-19,FO,NSE,IDO,79218,,NIFTY,,2025-04-24,2025-04-24,20700.0,PE,NIFTY25APR20700PE,17.25,19.25,15.7,18.45,18.65,17.45,22907.6,18.45,29850,675,1480,2299682130.0,672,F1,75,,,,,
2025-03-19,2025-03-19,FO,NSE,IDO,79269,,NIFTY,,2025-04-24,2025-04-24,21800.0,PE,NIFTY25APR21800PE,63.15,69.0,57.5,59.55,59.35,65.6,22907.6,59.55,542025,53175,9274,15205512063.75,5718,F1,75,,,,,
2025-03-19,2025-03-19,FO,NSE,IDO,79286,,NIFTY,,2025-04-24,2025-04-24,22000.0,PE,NIFTY25APR22000PE,83.15,92.75,78.0,79.9,78.0,89.25,22907.6,79.9,2736675,130050,25685,42539336557.5,14757,F1,75,,,,,
2025-03-19,2025-03-19,FO,NSE,IDO,79399,,NIFTY,,2025-04-24,2025-04-24,22600.0,PE,NIFTY25APR22600PE,196.55,214.05,178.25,181.2,181.55,206.55,22907.6,181.2,298650,34950,4580,7828461637.5,3285,F1,75,,,,,
2025-03-19,2025-03-19,FO,NSE,IDO,79489,,NIFTY,,2025-04-24,2025-04-24,23400.0,PE,NIFTY25APR23400PE,543.5,570.55,495.0,500.7,500.45,555.15,22907.6,500.7,40650,13875,485,870364226.25,445,F1,75,,,,,
2025-03-19,2025-03-19,FO,NSE,IDO,79504,,NIFTY,,2025-04-24,2025-04-24,23550.0,PE,NIFTY25APR23550PE,630.05,650.1,591.05,591.05,591.05,673.7,22907.6,591.05,6450,5625,111,201262042.5,111,F1,75,,,,,
2025-03-19,2025-03-19,FO,NSE,IDO,79508,,NIFTY,,2025-04-24,2025-04-24,23650.0,PE,NIFTY25APR23650PE,0.0,0.0,0.0,737.55,735.8,737.55,22907.6,750.05,375,0,0,0.0,0,F1,75,,,,,
2025-03-19,2025-03-19,FO,NSE,IDO,79554,,NIFTY,,2025-04-24,2025-04-24,24100.0,PE,NIFTY25APR24100PE,1013.1,1042.0,1013.1,1042.0,1042.0,1123.3,22907.6,1109.4,2325,225,3,5652615.0,2,F1,75,,,,,
2025-03-19,2025-03-19,FO,NSE,IDO,79641,,NIFTY,,2025-04-24,2025-04-24,24500.0,PE,NIFTY25APR24500PE,1445.15,1474.9,1363.95,1372.5,1374.4,1472.25,22907.6,1372.5,420300,1500,316,614169885.0,201,F1,75,,,,,
2025-03-19,2025-03-19,FO,NSE,IDO,61326,,NIFTY,,2025-05-29,2025-05-29,20400.0,PE,NIFTY25MAY20400PE,30.9,34.4,30.9,32.1,34.4,33.0,22907.6,32.1,2550,75,3,4597215.0,2,F1,75,,,,,
2025-03-19,2025-03-19,FO,NSE,IDO,61354,,NIFTY,,2025-05-29,2025-05-29,20950.0,PE,NIFTY25MAY20950PE,0.0,0.0,0.0,73.6,73.6,73.6,22907.6,20.55,750,0,0,0.0,0,F1,75,,,,,
2025-03-19,2025-03-19,FO,NSE,IDO,61359,,NIFTY,,2025-05-29,2025-05-29,21050.0,PE,NIFTY25MAY21050PE,0.0,0.0,0.0,93.65,93.65,93.65,22907.6,25.15,1050,0,0,0.0,0,F1,75,,,,,
2025-03-19,2025-03-19,FO,NSE,IDO,61468,,NIFTY,,2025-05-29,2025-05-29,21700.0,PE,NIFTY25MAY21700PE,110.05,117.5,105.0,107.2,107.0,119.5,22907.6,107.2,40350,26025,568,929066088.75,317,F1,75,,,,,
2025-03-19,2025-03-19,FO,NSE,IDO,61520,,NIFTY,,2025-05-29,2025-05-29,22850.0,PE,NIFTY25MAY22850PE,370.0,370.0,343.95,346.95,343.95,376.7,22907.6,346.95,600,225,8,13922917.5,8,F1,75,,,,,
2025-03-19,2025-03-19,FO,NSE,IDO,61532,,NIFTY,,2025-05-29,2025-05-29,23150.0,PE,NIFTY25MAY23150PE,485.0,485.0,485.0,485.0,485.0,510.35,22907.6,508.2,225,150,2,3545250.0,1,F1,75,,,,,
2025-03-19,2025-03-19,FO,NSE,IDO,61536,,NIFTY,,2025-05-29,2025-05-29,23250.0,PE,NIFTY25MAY23250PE,0.0,0.0,0.0,539.05,534.2,539.05,22907.6,558.75,525,0,0,0.0,0,F1,75,,,,,
2025-03-19,2025-03-19,FO,NSE,IDO,61542,,NIFTY,,2025-05-29,2025-05-29,23400.0,PE,NIFTY25MAY23400PE,620.0,620.0,575.0,578.9,578.9,620.0,22907.6,640.0,1275,975,19,34182963.75,6,F1,75,,,,,
2025-03-19,2025-03-19,FO,NSE,IDO,61544,,NIFTY,,2025-05-29,2025-05-29,23450.0,PE,NIFTY25MAY23450PE,0.0,0.0,0.0,664.05,664.05,664.05,22907.6,668.5,1125,0,0,0.0,0,F1,75,,,,,
2025-03-19,2025-03-19,FO,NSE,IDO,61554,,NIFTY,,2025-05-29,2025-05-29,23700.0,PE,NIFTY25MAY23700PE,740.0,740.0,740.0,740.0,740.0,837.85,22907.6,821.45,450,75,1,1833000.0,1,F1,75,,,,,
2025-03-19,2025-03-19,FO,NSE,IDO,79645,,NIFTY,,2025-04-24,2025-04-24,24600.0,PE,NIFTY25APR24600PE,1485.8,1485.8,1485.8,1485.8,1485.8,1599.95,22907.6,1560.1,900,150,2,3912870.0,1,F1,75,,,,,
2025-03-19,2025-03-19,FO,NSE,IDO,79423,,NIFTY,,2025-04-24,2025-04-24,22900.0,PE,NIFTY25APR22900PE,304.65,315.75,265.75,270.4,270.0,305.45,22907.6,270.4,292425,81825,6172,10730746106.25,4526,F1,75,,,,,
2025-03-19,2025-03-19,FO,NSE,IDO,79514,,NIFTY,,2025-04-24,2025-04-24,23800.0,PE,NIFTY25APR23800PE,822.0,842.5,762.5,763.5,763.5,833.65,22907.6,763.5,155625,-1275,72,132810566.25,54,F1,75,,,,,
2025-03-19,2025-03-19,FO,NSE,IDO,79607,,NIFTY,,2025-04-24,2025-04-24,24150.0,PE,NIFTY25APR24150PE,1055.7,1055.7,1055.7,1055.7,1055.7,1143.3,22907.6,1152.5,1200,150,2,3780855.0,1,F1,75,,,,,
2025-03-19,2025-03-19,FO,NSE,IDO,79643,,NIFTY,,2025-04-24,2025-04-24,24550.0,PE,NIFTY25APR24550PE,0.0,0.0,0.0,1510.45,1511.6,1510.45,22907.6,1513.4,1575,0,0,0.0,0,F1,75,,,,,
2025-03-19,2025-03-19,FO,NSE,IDO,79671,,NIFTY,,2025-04-24,2025-04-24,24700.0,PE,NIFTY25APR24700PE,1650.0,1650.0,1579.35,1579.35,1579.35,1680.5,22907.6,1654.35,1050,0,2,3947201.25,2,F1,75,,,,,
2025-03-19,2025-03-19,FO,NSE,IDO,79673,,NIFTY,,2025-04-24,2025-04-24,24750.0,PE,NIFTY25APR24750PE,0.0,0.0,0.0,1703.35,1703.25,1703.35,22907.6,1701.85,825,0,0,0.0,0,F1,75,,,,,
2025-03-19,2025-03-19,FO,NSE,IDO,79730,,NIFTY,,2025-04-24,2025-04-24,25100.0,PE,NIFTY25APR25100PE,0.0,0.0,0.0,2074.35,2074.35,2074.35,22907.6,2039.4,975,0,0,0.0,0,F1,75,,,,,
2025-03-19,2025-03-19,FO,NSE,IDO,61376,,NIFTY,,2025-05-29,2025-05-29,21200.0,PE,NIFTY25MAY21200PE,66.35,69.0,63.75,65.95,66.0,70.2,22907.6,65.95,72375,2700,307,489648866.25,133,F1,75,,,,,
2025-03-19,2025-03-19,FO,NSE,IDO,61396,,NIFTY,,2025-05-29,2025-05-29,21500.0,PE,NIFTY25MAY21500PE,95.35,101.4,87.85,91.55,90.0,98.05,22907.6,91.55,315300,56325,5622,9104428425.0,3480,F1,75,,,,,
2025-03-19,2025-03-19,FO,NSE,IDO,61474,,NIFTY,,2025-05-29,2025-05-29,21850.0,PE,NIFTY25MAY21850PE,128.5,136.8,128.5,136.8,136.8,150.45,22907.6,102.35,1650,-75,2,3297397.5,2,F1,75,,,,,
2025-03-19,2025-03-19,FO,NSE,IDO,61530,,NIFTY,,2025-05-29,2025-05-29,23100.0,PE,NIFTY25MAY23100PE,0.0,0.0,0.0,490.4,490.4,490.4,22907.6,484.05,225,0,0,0.0,0,F1,75,,,,,
2025-03-19,2025-03-19,FO,NSE,IDO,61664,,NIFTY,,2025-05-29,2025-05-29,24000.0,PE,NIFTY25MAY24000PE,975.0,1010.95,909.15,922.2,924.2,999.75,22907.6,922.2,164100,42450,1245,2329510417.5,735,F1,75,,,,,
2025-03-19,2025-03-19,FO,NSE,IDO,61682,,NIFTY,,2025-05-29,2025-05-29,24450.0,PE,NIFTY25MAY24450PE,0.0,0.0,0.0,1692.45,0.0,1692.45,22907.6,1372.6,0,0,0,0.0,0,F1,75,,,,,
2025-03-19,2025-03-19,FO,NSE,IDO,51455,,NIFTY,,2026-06-25,2026-06-25,21000.0,PE,NIFTY26JUN21000PE,0.0,0.0,0.0,305.55,305.55,305.55,22907.6,199.0,1500,0,0,0.0,0,F1,75,,,,,
2025-03-19,2025-03-19,FO,NSE,IDO,71477,,NIFTY,,2026-06-25,2026-06-25,26000.0,PE,NIFTY26JUN26000PE,0.0,0.0,0.0,6709.2,0.0,6709.2,22907.6,1967.8,0,0,0,0.0,0,F1,75,,,,,
2025-03-19,2025-03-19,FO,NSE,IDO,58633,,NIFTY,,2026-12-31,2026-12-31,14000.0,PE,NIFTY26DEC14000PE,0.0,0.0,0.0,20.2,20.2,20.2,22907.6,0.2,1550,0,0,0.0,0,F1,75,,,,,
2025-03-19,2025-03-19,FO,NSE,IDO,58637,,NIFTY,,2026-12-31,2026-12-31,16000.0,PE,NIFTY26DEC16000PE,0.0,0.0,0.0,23.3,23.3,23.3,22907.6,3.5,2425,0,0,0.0,0,F1,75,,,,,
2025-03-19,2025-03-19,FO,NSE,IDO,53617,,NIFTY,,2027-12-30,2027-12-30,22000.0,PE,NIFTY27DEC22000PE,0.0,0.0,0.0,329.0,329.0,329.0,22907.6,372.6,25,0,0,0.0,0,F1,75,,,,,
2025-03-19,2025-03-19,FO,NSE,IDO,86168,,NIFTY,,2028-06-29,2028-06-29,29000.0,PE,NIFTY28JUN29000PE,0.0,0.0,0.0,3595.9,0.0,3595.9,22907.6,2478.05,0,0,0,0.0,0,F1,75,,,,,
2025-03-19,2025-03-19,FO,NSE,IDO,67773,,NIFTY,,2028-12-28,2028-12-28,19000.0,PE,NIFTY28DEC19000PE,0.0,0.0,0.0,158.0,0.0,158.0,22907.6,89.6,0,0,0,0.0,0,F1,75,,,,,
2025-03-19,2025-03-19,FO,NSE,IDO,67791,,NIFTY,,2028-12-28,2028-12-28,28000.0,PE,NIFTY28DEC28000PE,0.0,0.0,0.0,1697.6,0.0,1697.6,22907.6,1821.35,0,0,0,0.0,0,F1,75,,,,,
2025-03-19,2025-03-19,FO,NSE,IDO,89637,,NIFTY,,2029-06-28,2029-06-28,27000.0,PE,NIFTY29JUN27000PE,0.0,0.0,0.0,1252.35,0.0,1252.35,22907.6,1324.8,0,0,0,0.0,0,F1,75,,,,,
2025-03-19,2025-03-19,FO,NSE,IDO,61403,,NIFTY,,2029-12-27,2029-12-27,19000.0,PE,NIFTY29DEC19000PE,0.0,0.0,0.0,142.25,0.0,142.25,22907.6,88.65,0,0,0,0.0,0,F1,75,,,,,
2025-03-19,2025-03-19,FO,NSE,IDO,61915,,NIFTY,,2029-12-27,2029-12-27,29000.0,PE,NIFTY29DEC29000PE,0.0,0.0,0.0,1669.2,0.0,1669.2,22907.6,1795.25,0,0,0,0.0,0,F1,75,,,,,
2025-03-19,2025-03-19,FO,NSE,IDO,50120,,NIFTY,,2025-03-20,2025-03-20,21450.0,PE,NIFTY2532021450PE,0.8,1.25,0.45,0.8,1.0,1.2,22907.6,0.8,358650,-208050,93635,150639782790.0,19376,F1,75,,,,,
2025-03-19,2025-03-19,FO,NSE,IDO,50078,,NIFTY,,2025-03-20,2025-03-20,20850.0,PE,NIFTY2532020850PE,0.55,0.75,0.3,0.6,0.6,0.7,22907.6,0.6,230100,85050,31599,49413924172.5,6262,F1,75,,,,,
2025-03-19,2025-03-19,FO,NSE,IDO,89632,,NIFTY,,2029-06-28,2029-06-28,25000.0,CE,NIFTY29JUN25000CE,0.0,0.0,0.0,7557.7,0.0,7557.7,22907.6,4790.75,0,0,0,0.0,0,F1,75,,,,,
2025-03-19,2025-03-19,FO,NSE,IDO,89624,,NIFTY,,2029-06-28,2029-06-28,21000.0,CE,NIFTY29JUN21000CE,0.0,0.0,0.0,9799.75,0.0,9799.75,22907.6,7225.85,0,0,0,0.0,0,F1,75,,,,,
2025-03-19,2025-03-19,FO,NSE,IDO,89614,,NIFTY,,2029-06-28,2029-06-28,19000.0,CE,NIFTY29JUN19000CE,0.0,0.0,0.0,11036.95,0.0,11036.95,22907.6,8611.15,0,0,0,0.0,0,F1,75,,,,,
2025-03-19,2025-03-19,FO,NSE,IDO,53605,,NIFTY,,2027-12-30,2027-12-30,19000.0,CE,NIFTY27DEC19000CE,0.0,0.0,0.0,5794.9,0.0,5794.9,22907.6,7134.8,0,0,0,0.0,0,F1,75,,,,,
2025-03-19,2025-03-19,FO,NSE,IDO,50549,,NIFTY,,2027-06-24,2027-06-24,28000.0,CE,NIFTY27JUN28000CE,0.0,0.0,0.0,2186.3,0.0,2186.3,22907.6,1302.7,0,0,0,0.0,0,F1,75,,,,,
2025-03-19,2025-03-19,FO,NSE,IDO,71553,,NIFTY,,2027-06-24,2027-06-24,21000.0,CE,NIFTY27JUN21000CE,0.0,0.0,0.0,3061.8,0.0,3061.8,22907.6,5020.85,0,0,0,0.0,0,F1,75,,,,,
2025-03-19,2025-03-19,FO,NSE,IDO,58638,,NIFTY,,2026-12-31,2026-12-31,17000.0,CE,NIFTY26DEC17000CE,0.0,0.0,0.0,4955.1,0.0,4955.1,22907.6,7781.65,0,0,0,0.0,0,F1,75,,,,,
2025-03-19,2025-03-19,FO,NSE,IDO,50239,,NIFTY,,2025-03-20,2025-03-20,23400.0,CE,NIFTY2532023400CE,1.5,1.95,1.2,1.55,1.35,1.4,22907.6,1.55,6259425,-1439325,1416724,2486512633185.0,260530,F1,75,,,,,
2025-03-19,2025-03-19,FO,NSE,IDO,50221,,NIFTY,,2025-03-20,2025-03-20,22950.0,CE,NIFTY2532022950CE,52.5,84.7,35.9,70.25,65.6,44.85,22907.6,70.25,3959925,1124325,3980239,6869754807866.25,1908142,F1,75,,,,,
2025-03-19,2025-03-19,FO,NSE,IDO,50177,,NIFTY,,2025-03-20,2025-03-20,22300.0,CE,NIFTY2532022300CE,544.75,657.0,524.2,637.35,635.1,557.45,22907.6,637.35,308025,-105000,4684,8045659518.75,2391,F1,75,,,,,
2025-03-19,2025-03-19,FO,NSE,IDO,50149,,NIFTY,,2025-03-20,2025-03-20,22000.0,CE,NIFTY2532022000CE,882.4,950.0,820.75,937.1,935.1,848.5,22907.6,937.1,209700,-62550,4965,8521965588.75,2779,F1,75,,,,,
2025-03-19,2025-03-19,FO,NSE,IDO,50115,,NIFTY,,2025-03-20,2025-03-20,21350.0,CE,NIFTY2532021350CE,0.0,0.0,0.0,1157.55,1157.75,1157.55,22907.6,1561.4,600,0,0,0.0,0,F1,75,,,,,
2025-03-19,2025-03-19,FO,NSE,IDO,50091,,NIFTY,,2025-03-20,2025-03-20,21000.0,CE,NIFTY2532021000CE,1850.0,1939.0,1850.0,1936.0,1936.0,1840.8,22907.6,1911.35,1875,-225,25,42977557.5,23,F1,75,,,,,
2025-03-19,2025-03-19,FO,NSE,IDO,64560,,NIFTY,,2025-03-27,2025-03-27,21000.0,CE,NIFTY25MAR21000CE,1921.0,1991.15,1873.6,1973.15,1969.25,1901.3,22907.6,1973.15,681700,-15675,623,1072374585.0,458,F1,75,,,,,
2025-03-19,2025-03-19,FO,NSE,IDO,46827,,NIFTY,,2025-03-27,2025-03-27,21050.0,CE,NIFTY25MAR21050CE,0.0,0.0,0.0,1857.85,1857.75,1857.85,22907.6,1887.55,1725,0,0,0.0,0,F1,75,,,,,
2025-03-19,2025-03-19,FO,NSE,IDO,46866,,NIFTY,,2025-03-27,2025-03-27,21300.0,CE,NIFTY25MAR21300CE,0.0,0.0,0.0,1571.2,1570.5,1571.2,22907.6,1637.95,4875,0,0,0.0,0,F1,75,,,,,
2025-03-19,2025-03-19,FO,NSE,IDO,46874,,NIFTY,,2025-03-27,2025-03-27,21400.0,CE,NIFTY25MAR21400CE,1503.05,1556.0,1503.05,1556.0,1556.0,1455.0,22907.6,1538.1,8850,150,11,18915003.75,11,F1,75,,,,,
2025-03-19,2025-03-19,FO,NSE,IDO,46951,,NIFTY,,2025-03-27,2025-03-27,22050.0,CE,NIFTY25MAR22050CE,915.0,950.0,849.45,933.25,933.25,868.35,22907.6,933.25,45225,-375,34,58527993.75,24,F1,75,,,,,
2025-03-19,2025-03-19,FO,NSE,IDO,51122,,NIFTY,,2025-03-27,2025-03-27,23400.0,CE,NIFTY25MAR23400CE,21.25,28.35,19.4,26.65,25.5,19.9,22907.6,26.65,1548300,174150,96391,169343086856.25,48512,F1,75,,,,,
2025-03-19,2025-03-19,FO,NSE,IDO,56886,,NIFTY,,2025-03-27,2025-03-27,25550.0,CE,NIFTY25MAR25550CE,0.85,0.9,0.6,0.9,0.9,0.9,22907.6,0.9,11550,150,51,97731907.5,15,F1,75,,,,,
2025-03-19,2025-03-19,FO,NSE,IDO,58782,,NIFTY,,2025-03-27,2025-03-27,25800.0,CE,NIFTY25MAR25800CE,0.75,0.8,0.6,0.7,0.8,0.8,22907.6,0.7,70200,-375,457,884318816.25,159,F1,75,,,,,
2025-03-19,2025-03-19,FO,NSE,IDO,58793,,NIFTY,,2025-03-27,2025-03-27,25900.0,CE,NIFTY25MAR25900CE,0.7,0.85,0.6,0.8,0.85,0.75,22907.6,0.8,12525,-2475,120,233106716.25,34,F1,75,,,,,
2025-03-19,2025-03-19,FO,NSE,IDO,54644,,NIFTY,,2025-04-03,2025-04-03,23100.0,CE,NIFTY2540323100CE,160.0,191.3,146.85,182.35,182.1,150.75,22907.6,182.35,101100,17325,7352,12832266135.0,4923,F1,75,,,,,
2025-03-19,2025-03-19,FO,NSE,IDO,54665,,NIFTY,,2025-04-03,2025-04-03,23200.0,CE,NIFTY2540323200CE,115.45,146.35,109.55,138.2,136.75,110.95,22907.6,138.2,215175,99075,25558,44722152405.0,17359,F1,75,,,,,
2025-03-19,2025-03-19,FO,NSE,IDO,54854,,NIFTY,,2025-04-03,2025-04-03,24450.0,CE,NIFTY2540324450CE,3.65,3.75,2.65,2.9,2.9,2.9,22907.6,2.9,10800,6375,153,280601752.5,67,F1,75,,,,,
2025-03-19,2025-03-19,FO,NSE,IDO,43820,,NIFTY,,2025-04-09,2025-04-09,21550.0,CE,NIFTY2540921550CE,0.0,0.0,0.0,1217.3,0.0,1217.3,22907.6,1443.35,0,0,0,0.0,0,F1,75,,,,,
2025-03-19,2025-03-19,FO,NSE,IDO,43836,,NIFTY,,2025-04-09,2025-04-09,21950.0,CE,NIFTY2540921950CE,0.0,0.0,0.0,899.8,0.0,899.8,22907.6,1062.05,0,0,0,0.0,0,F1,75,,,,,
2025-03-19,2025-03-19,FO,NSE,IDO,43840,,NIFTY,,2025-04-09,2025-04-09,22050.0,CE,NIFTY2540922050CE,0.0,0.0,0.0,826.1,0.0,826.1,22907.6,970.85,0,0,0,0.0,0,F1,75,,,,,
2025-03-19,2025-03-19,FO,NSE,IDO,43856,,NIFTY,,2025-04-09,2025-04-09,22450.0,CE,NIFTY2540922450CE,0.0,0.0,0.0,425.0,425.0,425.0,22907.6,634.8,75,0,0,0.0,0,F1,75,,,,,
2025-03-19,2025-03-19,FO,NSE,IDO,43858,,NIFTY,,2025-04-09,2025-04-09,22500.0,CE,NIFTY2540922500CE,607.3,660.3,593.0,654.5,653.05,596.1,22907.6,654.5,7125,-7200,186,322924837.5,122,F1,75,,,,,
2025-03-19,2025-03-19,FO,NSE,IDO,43880,,NIFTY,,2025-04-09,2025-04-09,22900.0,CE,NIFTY2540922900CE,339.95,375.0,321.0,366.05,366.9,333.25,22907.6,366.05,8775,6825,241,420403447.5,145,F1,75,,,,,
2025-03-19,2025-03-19,FO,NSE,IDO,43912,,NIFTY,,2025-04-09,2025-04-09,23600.0,CE,NIFTY2540923600CE,62.3,77.3,61.55,70.3,69.1,57.15,22907.6,70.3,14850,7725,204,362133536.25,95,F1,75,,,,,
2025-03-19,2025-03-19,FO,NSE,IDO,48094,,NIFTY,,2025-04-17,2025-04-17,21300.0,CE,NIFTY2541721300CE,0.0,0.0,0.0,1287.6,0.0,1287.6,22907.6,1722.75,0,0,0,0.0,0,F1,75,,,,,
2025-03-19,2025-03-19,FO,NSE,IDO,48128,,NIFTY,,2025-04-17,2025-04-17,22050.0,CE,NIFTY2541722050CE,0.0,0.0,0.0,701.1,0.0,701.1,22907.6,1021.7,0,0,0,0.0,0,F1,75,,,,,
2025-03-19,2025-03-19,FO,NSE,IDO,48226,,NIFTY,,2025-04-17,2025-04-17,23150.0,CE,NIFTY2541723150CE,0.0,0.0,0.0,187.45,0.0,187.45,22907.6,283.3,0,0,0,0.0,0,F1,75,,,,,
2025-03-19,2025-03-19,FO,NSE,IDO,48282,,NIFTY,,2025-04-17,2025-04-17,23700.0,CE,NIFTY2541723700CE,0.0,0.0,0.0,77.85,0.0,77.85,22907.6,108.9,0,0,0,0.0,0,F1,75,,,,,
2025-03-19,2025-03-19,FO,NSE,IDO,48317,,NIFTY,,2025-04-17,2025-04-17,24100.0,CE,NIFTY2541724100CE,27.3,29.35,27.3,29.35,29.35,27.0,22907.6,46.65,1350,225,10,18096180.0,6,F1,75,,,,,
2025-03-19,2025-03-19,FO,NSE,IDO,48322,,NIFTY,,2025-04-17,2025-04-17,24150.0,CE,NIFTY2541724150CE,24.15,31.6,24.0,31.6,31.6,23.8,22907.6,31.6,1350,525,27,48955665.0,12,F1,75,,,,,
2025-03-19,2025-03-19,FO,NSE,IDO,48341,,NIFTY,,2025-04-17,2025-04-17,24600.0,CE,NIFTY2541724600CE,14.05,14.05,7.15,7.15,7.15,13.15,22907.6,13.4,900,900,24,44298438.75,8,F1,75,,,,,
2025-03-19,2025-03-19,FO,NSE,IDO,79235,,NIFTY,,2025-04-24,2025-04-24,21150.0,CE,NIFTY25APR21150CE,0.0,0.0,0.0,1664.5,1664.5,1664.5,22907.6,1899.0,1050,0,0,0.0,0,F1,75,,,,,
2025-03-19,2025-03-19,FO,NSE,IDO,79237,,NIFTY,,2025-04-24,2025-04-24,21200.0,CE,NIFTY25APR21200CE,0.0,0.0,0.0,1858.25,1858.25,1858.25,22907.6,1850.4,600,0,0,0.0,0,F1,75,,,,,
2025-03-19,2025-03-19,FO,NSE,IDO,79266,,NIFTY,,2025-04-24,2025-04-24,21750.0,CE,NIFTY25APR21750CE,0.0,0.0,0.0,1342.9,1342.9,1342.9,22907.6,1330.2,825,0,0,0.0,0,F1,75,,,,,
2025-03-19,2025-03-19,FO,NSE,IDO,79382,,NIFTY,,2025-04-24,2025-04-24,22300.0,CE,NIFTY25APR22300CE,882.0,947.0,858.5,938.65,941.0,872.15,22907.6,938.65,150375,-3150,180,313283568.75,114,F1,75,,,,,
2025-03-19,2025-03-19,FO,NSE,IDO,79394,,NIFTY,,2025-04-24,2025-04-24,22550.0,CE,NIFTY25APR22550CE,686.0,746.6,668.0,734.5,733.75,675.65,22907.6,734.5,41475,-3300,151,263415810.0,136,F1,75,,,,,
2025-03-19,2025-03-19,FO,NSE,IDO,79444,,NIFTY,,2025-04-24,2025-04-24,23300.0,CE,NIFTY25APR23300CE,240.55,281.35,236.5,270.55,270.2,240.55,22907.6,270.55,400800,46500,3368,5951806151.25,2409,F1,75,,,,,
2025-03-19,2025-03-19,FO,NSE,IDO,79488,,NIFTY,,2025-04-24,2025-04-24,23400.0,CE,NIFTY25APR23400CE,223.4,236.75,198.6,227.25,225.0,203.05,22907.6,227.25,486900,-38400,3762,6664472370.0,2605,F1,75,,,,,
2025-03-19,2025-03-19,FO,NSE,IDO,79509,,NIFTY,,2025-04-24,2025-04-24,23700.0,CE,NIFTY25APR23700CE,108.6,131.5,108.15,125.3,126.05,109.3,22907.6,125.3,393525,19050,5163,9224733963.75,3553,F1,75,,,,,
2025-03-19,2025-03-19,FO,NSE,IDO,79729,,NIFTY,,2025-04-24,2025-04-24,25100.0,CE,NIFTY25APR25100CE,7.0,8.0,6.4,8.0,8.0,6.85,22907.6,8.0,8850,225,64,120513866.25,28,F1,75,,,,,
2025-03-19,2025-03-19,FO,NSE,IDO,61489,,NIFTY,,2025-05-29,2025-05-29,22100.0,CE,NIFTY25MAY22100CE,1222.8,1290.25,1216.7,1290.25,1290.25,1216.9,22907.6,1233.1,1950,-750,16,28046940.0,9,F1,75,,,,,
2025-03-19,2025-03-19,FO,NSE,IDO,61491,,NIFTY,,2025-05-29,2025-05-29,22150.0,CE,NIFTY25MAY22150CE,0.0,0.0,0.0,1153.65,1153.65,1153.65,22907.6,1194.4,750,0,0,0.0,0,F1,75,,,,,
2025-03-19,2025-03-19,FO,NSE,IDO,61499,,NIFTY,,2025-05-29,2025-05-29,22350.0,CE,NIFTY25MAY22350CE,0.0,0.0,0.0,1002.2,1002.2,1002.2,22907.6,1045.55,1050,0,0,0.0,0,F1,75,,,,,
2025-03-19,2025-03-19,FO,NSE,IDO,61517,,NIFTY,,2025-05-29,2025-05-29,22800.0,CE,NIFTY25MAY22800CE,723.85,770.0,702.0,757.75,760.0,704.7,22907.6,757.75,33000,2700,296,522703061.25,190,F1,75,,,,,
2025-03-19,2025-03-19,FO,NSE,IDO,61539,,NIFTY,,2025-05-29,2025-05-29,23350.0,CE,NIFTY25MAY23350CE,0.0,0.0,0.0,379.8,379.8,379.8,22907.6,463.2,1575,0,0,0.0,0,F1,75,,,,,
2025-03-19,2025-03-19,FO,NSE,IDO,61665,,NIFTY,,2025-05-29,2025-05-29,24050.0,CE,NIFTY25MAY24050CE,169.0,169.0,163.45,164.05,164.05,144.3,22907.6,222.65,900,-900,15,27241650.0,5,F1,75,,,,,
2025-03-19,2025-03-19,FO,NSE,IDO,61673,,NIFTY,,2025-05-29,2025-05-29,24250.0,CE,NIFTY25MAY24250CE,0.0,0.0,0.0,103.35,103.75,103.35,22907.6,175.95,2175,0,0,0.0,0,F1,75,,,,,
2025-03-19,2025-03-19,FO,NSE,IDO,61677,,NIFTY,,2025-05-29,2025-05-29,24350.0,CE,NIFTY25MAY24350CE,0.0,0.0,0.0,241.05,0.0,241.05,22907.6,155.75,0,0,0,0.0,0,F1,75,,,,,
2025-03-19,2025-03-19,FO,NSE,IDO,61685,,NIFTY,,2025-05-29,2025-05-29,24550.0,CE,NIFTY25MAY24550CE,0.0,0.0,0.0,201.7,0.0,201.7,22907.6,120.9,0,0,0,0.0,0,F1,75,,,,,
2025-03-19,2025-03-19,FO,NSE,IDO,61687,,NIFTY,,2025-05-29,2025-05-29,24600.0,CE,NIFTY25MAY24600CE,114.0,114.0,63.0,64.45,63.0,192.75,22907.6,64.45,5775,5775,104,192405060.0,36,F1,75,,,,,
2025-03-19,2025-03-19,FO,NSE,IDO,50969,,NIFTY,,2025-06-26,2025-06-26,27000.0,CE,NIFTY25JUN27000CE,14.05,15.0,13.1,13.8,13.75,14.0,22907.6,13.8,371325,8025,1861,3770476091.25,1368,F1,75,,,,,
2025-03-19,2025-03-19,FO,NSE,IDO,50537,,NIFTY,,2025-06-26,2025-06-26,28000.0,CE,NIFTY25JUN28000CE,10.6,14.4,10.55,10.7,10.6,10.75,22907.6,10.7,225175,23900,1444,3033634147.5,444,F1,75,,,,,
2025-03-19,2025-03-19,FO,NSE,IDO,45873,,NIFTY,,2025-12-24,2025-12-24,17000.0,CE,NIFTY25DEC17000CE,0.0,0.0,0.0,7010.0,7010.0,7010.0,22907.6,6735.3,700,0,0,0.0,0,F1,75,,,,,
2025-03-19,2025-03-19,FO,NSE,IDO,35221,,NIFTY,,2025-12-24,2025-12-24,30000.0,CE,NIFTY25DEC30000CE,51.0,51.0,45.1,45.7,45.1,48.3,22907.6,45.7,61150,-2050,65,146485837.5,41,F1,75,,,,,
2025-03-19,2025-03-19,FO,NSE,IDO,51453,,NIFTY,,2026-06-25,2026-06-25,21000.0,CE,NIFTY26JUN21000CE,0.0,0.0,0.0,3881.9,0.0,3881.9,22907.6,3768.6,0,0,0,0.0,0,F1,75,,,,,
2025-03-19,2025-03-19,FO,NSE,IDO,53633,,NIFTY,,2027-12-30,2027-12-30,28000.0,CE,NIFTY27DEC28000CE,0.0,0.0,0.0,2639.2,0.0,2639.2,22907.6,1810.35,0,0,0,0.0,0,F1,75,,,,,
2025-03-19,2025-03-19,FO,NSE,IDO,86141,,NIFTY,,2028-06-29,2028-06-29,19000.0,CE,NIFTY28JUN19000CE,0.0,0.0,0.0,6252.25,0.0,6252.25,22907.6,7645.3,0,0,0,0.0,0,F1,75,,,,,
2025-03-19,2025-03-19,FO,NSE,IDO,86145,,NIFTY,,2028-06-29,2028-06-29,21000.0,CE,NIFTY28JUN21000CE,0.0,0.0,0.0,5226.55,0.0,5226.55,22907.6,6177.75,0,0,0,0.0,0,F1,75,,,,,
2025-03-19,2025-03-19,FO,NSE,IDO,86151,,NIFTY,,2028-06-29,2028-06-29,24000.0,CE,NIFTY28JUN24000CE,0.0,0.0,0.0,3918.85,0.0,3918.85,22907.6,4241.0,0,0,0,0.0,0,F1,75,,,,,
2025-03-19,2025-03-19,FO,NSE,IDO,89612,,NIFTY,,2029-06-28,2029-06-28,18000.0,CE,NIFTY29JUN18000CE,0.0,0.0,0.0,11678.65,0.0,11678.65,22907.6,9331.65,0,0,0,0.0,0,F1,75,,,,,
2025-03-19,2025-03-19,FO,NSE,IDO,61390,,NIFTY,,2029-12-27,2029-12-27,18000.0,CE,NIFTY29DEC18000CE,0.0,0.0,0.0,11362.4,0.0,11362.4,22907.6,9766.9,0,0,0,0.0,0,F1,75,,,,,
2025-03-19,2025-03-19,FO,NSE,IDO,61402,,NIFTY,,2029-12-27,2029-12-27,19000.0,CE,NIFTY29DEC19000CE,0.0,0.0,0.0,10714.6,0.0,10714.6,22907.6,9068.8,0,0,0,0.0,0,F1,75,,,,,
2025-03-19,2025-03-19,FO,NSE,IDO,61748,,NIFTY,,2029-12-27,2029-12-27,24000.0,CE,NIFTY29DEC24000CE,0.0,0.0,0.0,7730.0,0.0,7730.0,22907.6,5879.35,0,0,0,0.0,0,F1,75,,,,,
2025-03-19,2025-03-19,FO,NSE,IDO,61778,,NIFTY,,2029-12-27,2029-12-27,26000.0,CE,NIFTY29DEC26000CE,0.0,0.0,0.0,6686.95,0.0,6686.95,22907.6,4802.35,0,0,0,0.0,0,F1,75,,,,,
2025-03-19,2025-03-19,FO,NSE,IDO,61794,,NIFTY,,2029-12-27,2029-12-27,27000.0,CE,NIFTY29DEC27000CE,0.0,0.0,0.0,6201.65,0.0,6201.65,22907.6,4314.85,0,0,0,0.0,0,F1,75,,,,,
2025-03-19,2025-03-19,FO,NSE,IDO,50056,,NIFTY,,2025-03-20,2025-03-20,20350.0,PE,NIFTY2532020350PE,0.4,0.5,0.25,0.4,0.5,0.45,22907.6,0.4,4073850,-822450,114204,174306745545.0,15924,F1,75,,,,,
2025-03-19,2025-03-19,FO,NSE,IDO,50058,,NIFTY,,2025-03-20,2025-03-20,20400.0,PE,NIFTY2532020400PE,0.4,0.55,0.25,0.4,0.55,0.45,22907.6,0.4,1738650,-499050,74279,113648731350.0,12036,F1,75,,,,,
2025-03-19,2025-03-19,FO,NSE,IDO,50066,,NIFTY,,2025-03-20,2025-03-20,20600.0,PE,NIFTY2532020600PE,0.45,0.7,0.25,0.55,0.45,0.6,22907.6,0.55,210225,-27675,21628,33415930417.5,4572,F1,75,,,,,
2025-03-19,2025-03-19,FO,NSE,IDO,50096,,NIFTY,,2025-03-20,2025-03-20,21100.0,PE,NIFTY2532021100PE,0.75,0.9,0.4,0.65,0.9,0.9,22907.6,0.65,369675,-344250,42653,67500101396.25,11167,F1,75,,,,,
2025-03-19,2025-03-19,FO,NSE,IDO,50218,,NIFTY,,2025-03-20,2025-03-20,22850.0,PE,NIFTY2532022850PE,77.2,105.0,42.9,48.85,45.0,90.1,22907.6,48.85,4635000,1835775,3734282,6417674549280.0,1907852,F1,75,,,,,
2025-03-19,2025-03-19,FO,NSE,IDO,50230,,NIFTY,,2025-03-20,2025-03-20,23150.0,PE,NIFTY2532023150PE,288.8,340.8,209.6,227.8,226.0,306.25,22907.6,227.8,96525,46800,54727,96086743188.75,37817,F1,75,,,,,
2025-03-19,2025-03-19,FO,NSE,IDO,50244,,NIFTY,,2025-03-20,2025-03-20,23500.0,PE,NIFTY2532023500PE,631.55,675.35,544.9,563.8,566.15,653.5,22907.6,563.8,123375,-16050,6337,11444422533.75,3327,F1,75,,,,,
2025-03-19,2025-03-19,FO,NSE,IDO,50276,,NIFTY,,2025-03-20,2025-03-20,24000.0,PE,NIFTY2532024000PE,1100.05,1170.0,1053.95,1067.75,1064.05,1142.1,22907.6,1067.75,59700,-34800,899,1690897661.25,377,F1,75,,,,,
2025-03-19,2025-03-19,FO,NSE,IDO,50286,,NIFTY,,2025-03-20,2025-03-20,24200.0,PE,NIFTY2532024200PE,1295.0,1323.95,1258.0,1266.9,1272.5,1388.3,22907.6,1266.9,4575,-24975,375,716714546.25,145,F1,75,,,,,
2025-03-19,2025-03-19,FO,NSE,IDO,50290,,NIFTY,,2025-03-20,2025-03-20,24300.0,PE,NIFTY2532024300PE,1455.55,1455.55,1360.0,1366.4,1364.8,1488.1,22907.6,1366.4,5625,-17625,305,587285606.25,85,F1,75,,,,,
2025-03-19,2025-03-19,FO,NSE,IDO,64553,,NIFTY,,2025-03-27,2025-03-27,18000.0,PE,NIFTY25MAR18000PE,0.45,0.55,0.3,0.4,0.4,0.5,22907.6,0.4,3562375,-52425,61019,82377355747.5,5231,F1,75,,,,,
2025-03-19,2025-03-19,FO,NSE,IDO,46815,,NIFTY,,2025-03-27,2025-03-27,20800.0,PE,NIFTY25MAR20800PE,2.45,2.5,1.7,2.25,2.45,2.45,22907.6,2.25,797250,26325,11905,18573534873.75,4185,F1,75,,,,,
2025-03-19,2025-03-19,FO,NSE,IDO,46826,,NIFTY,,2025-03-27,2025-03-27,20950.0,PE,NIFTY25MAR20950PE,1.8,2.75,1.7,2.5,2.65,2.65,22907.6,2.5,36000,7200,947,1488125940.0,594,F1,75,,,,,
2025-03-19,2025-03-19,FO,NSE,IDO,46877,,NIFTY,,2025-03-27,2025-03-27,21400.0,PE,NIFTY25MAR21400PE,4.2,4.5,2.5,3.5,4.15,4.55,22907.6,3.5,851700,-155400,44624,71632227300.0,18895,F1,75,,,,,
2025-03-19,2025-03-19,FO,NSE,IDO,46920,,NIFTY,,2025-03-27,2025-03-27,21800.0,PE,NIFTY25MAR21800PE,8.0,8.8,6.3,7.05,7.15,9.55,22907.6,7.05,2286450,482925,77844,127316086796.25,25221,F1,75,,,,,
2025-03-19,2025-03-19,FO,NSE,IDO,46929,,NIFTY,,2025-03-27,2025-03-27,21900.0,PE,NIFTY25MAR21900PE,11.8,11.8,7.8,8.65,8.6,12.2,22907.6,8.65,1693425,718050,67042,110160903581.25,27500,F1,75,,,,,
2025-03-19,2025-03-19,FO,NSE,IDO,64563,,NIFTY,,2025-03-27,2025-03-27,22000.0,PE,NIFTY25MAR22000PE,12.95,15.3,10.1,11.1,11.1,15.75,22907.6,11.1,8358425,184525,160626,265174381492.5,61362,F1,75,,,,,
2025-03-19,2025-03-19,FO,NSE,IDO,46977,,NIFTY,,2025-03-27,2025-03-27,22200.0,PE,NIFTY25MAR22200PE,24.7,25.95,16.05,17.5,17.5,25.6,22907.6,17.5,2603400,201225,70103,116821047870.0,38897,F1,75,,,,,
2025-03-19,2025-03-19,FO,NSE,IDO,48348,,NIFTY,,2025-03-27,2025-03-27,23100.0,PE,NIFTY25MAR23100PE,260.25,303.55,219.8,230.25,229.0,284.7,22907.6,230.25,427200,138900,17237,30179261756.25,12648,F1,75,,,,,
2025-03-19,2025-03-19,FO,NSE,IDO,54720,,NIFTY,,2025-03-27,2025-03-27,23850.0,PE,NIFTY25MAR23850PE,927.45,932.75,872.0,872.0,872.0,943.95,22907.6,872.0,5475,0,69,128122421.25,57,F1,75,,,,,
2025-03-19,2025-03-19,FO,NSE,IDO,54820,,NIFTY,,2025-03-27,2025-03-27,24150.0,PE,NIFTY25MAR24150PE,0.0,0.0,0.0,1351.15,1351.15,1351.15,22907.6,1208.65,5550,0,0,0.0,0,F1,75,,,,,
2025-03-19,2025-03-19,FO,NSE,IDO,55061,,NIFTY,,2025-03-27,2025-03-27,24200.0,PE,NIFTY25MAR24200PE,1324.55,1324.55,1217.1,1222.65,1221.95,1303.9,22907.6,1222.65,161325,1875,762,1454090835.0,512,F1,75,,,,,
2025-03-19,2025-03-19,FO,NSE,IDO,56529,,NIFTY,,2025-03-27,2025-03-27,24600.0,PE,NIFTY25MAR24600PE,1680.7,1680.7,1629.0,1632.0,1632.0,1706.5,22907.6,1657.4,44700,-2550,42,82646141.25,9,F1,75,,,,,
2025-03-19,2025-03-19,FO,NSE,IDO,54515,,NIFTY,,2025-04-03,2025-04-03,20950.0,PE,NIFTY2540320950PE,0.0,0.0,0.0,4.5,4.5,4.5,22907.6,0.05,825,0,0,0.0,0,F1,75,,,,,
2025-03-19,2025-03-19,FO,NSE,IDO,54523,,NIFTY,,2025-04-03,2025-04-03,21050.0,PE,NIFTY2540321050PE,5.05,5.05,5.05,5.05,5.05,5.05,22907.6,0.1,825,75,1,1579128.75,1,F1,75,,,,,
2025-03-19,2025-03-19,FO,NSE,IDO,54535,,NIFTY,,2025-04-03,2025-04-03,21150.0,PE,NIFTY2540321150PE,6.2,8.35,4.65,5.45,5.0,6.2,22907.6,5.45,1950,1500,35,55532002.5,15,F1,75,,,,,
2025-03-19,2025-03-19,FO,NSE,IDO,54573,,NIFTY,,2025-04-03,2025-04-03,21850.0,PE,NIFTY2540321850PE,21.65,21.65,16.8,17.85,18.0,21.7,22907.6,17.85,8100,-4125,284,465804127.5,158,F1,75,,,,,
2025-03-19,2025-03-19,FO,NSE,IDO,54575,,NIFTY,,2025-04-03,2025-04-03,21900.0,PE,NIFTY2540321900PE,21.45,25.15,18.65,19.55,19.6,24.1,22907.6,19.55,65025,-20925,3374,5547115237.5,2056,F1,75,,,,,
2025-03-19,2025-03-19,FO,NSE,IDO,54639,,NIFTY,,2025-04-03,2025-04-03,22950.0,PE,NIFTY2540322950PE,211.3,241.8,187.05,193.25,192.4,229.2,22907.6,193.25,49050,34125,1935,3359978430.0,1384,F1,75,,,,,
2025-03-19,2025-03-19,FO,NSE,IDO,54713,,NIFTY,,2025-04-03,2025-04-03,23500.0,PE,NIFTY2540323500PE,595.25,610.0,520.0,529.1,523.4,595.15,22907.6,529.1,13050,11175,343,618648146.25,217,F1,75,,,,,
2025-03-19,2025-03-19,FO,NSE,IDO,54842,,NIFTY,,2025-04-03,2025-04-03,24200.0,PE,NIFTY2540324200PE,0.0,0.0,0.0,1296.05,1296.05,1296.05,22907.6,1233.95,75,0,0,0.0,0,F1,75,,,,,
2025-03-19,2025-03-19,FO,NSE,IDO,54857,,NIFTY,,2025-04-03,2025-04-03,24450.0,PE,NIFTY2540324450PE,0.0,0.0,0.0,1536.95,1536.95,1536.95,22907.6,1479.3,75,0,0,0.0,0,F1,75,,,,,
2025-03-19,2025-03-19,FO,NSE,IDO,43781,,NIFTY,,2025-04-09,2025-04-09,20650.0,PE,NIFTY2540920650PE,5.1,5.55,3.85,5.5,5.5,5.8,22907.6,5.5,5400,1200,26,40277433.75,16,F1,75,,,,,
2025-03-19,2025-03-19,FO,NSE,IDO,43793,,NIFTY,,2025-04-09,2025-04-09,20900.0,PE,NIFTY2540920900PE,0.0,0.0,0.0,13.9,13.9,13.9,22907.6,0.25,225,0,0,0.0,0,F1,75,,,,,
2025-03-19,2025-03-19,FO,NSE,IDO,43797,,NIFTY,,2025-04-09,2025-04-09,21000.0,PE,NIFTY2540921000PE,9.9,10.15,8.0,9.55,9.75,9.75,22907.6,9.55,27225,4500,174,274171080.0,75,F1,75,,,,,
2025-03-19,2025-03-19,FO,NSE,IDO,43807,,NIFTY,,2025-04-09,2025-04-09,21200.0,PE,NIFTY2540921200PE,12.0,14.3,11.0,11.0,11.0,13.2,22907.6,1.15,2250,225,6,9545647.5,6,F1,75,,,,,
2025-03-19,2025-03-19,FO,NSE,IDO,43809,,NIFTY,,2025-04-09,2025-04-09,21250.0,PE,NIFTY2540921250PE,0.0,0.0,0.0,23.45,23.45,23.45,22907.6,1.45,225,0,0,0.0,0,F1,75,,,,,
2025-03-19,2025-03-19,FO,NSE,IDO,43819,,NIFTY,,2025-04-09,2025-04-09,21500.0,PE,NIFTY2540921500PE,19.55,20.0,14.0,18.05,19.9,19.55,22907.6,18.05,41100,8850,467,753656220.0,173,F1,75,,,,,
2025-03-19,2025-03-19,FO,NSE,IDO,43829,,NIFTY,,2025-04-09,2025-04-09,21750.0,PE,NIFTY2540921750PE,0.0,0.0,0.0,113.05,0.0,113.05,22907.6,11.3,0,0,0,0.0,0,F1,75,,,,,
2025-03-19,2025-03-19,FO,NSE,IDO,43835,,NIFTY,,2025-04-09,2025-04-09,21900.0,PE,NIFTY2540921900PE,39.35,39.35,31.3,34.85,35.8,40.5,22907.6,34.85,4200,1575,50,82259058.75,37,F1,75,,,,,
2025-03-19,2025-03-19,FO,NSE,IDO,43859,,NIFTY,,2025-04-09,2025-04-09,22500.0,PE,NIFTY2540922500PE,112.05,128.15,103.0,106.65,106.75,124.9,22907.6,106.65,79650,5175,1292,2191314585.0,760,F1,75,,,,,
2025-03-19,2025-03-19,FO,NSE,IDO,43883,,NIFTY,,2025-04-09,2025-04-09,22950.0,PE,NIFTY2540922950PE,0.0,0.0,0.0,572.55,572.55,572.55,22907.6,268.35,75,0,0,0.0,0,F1,75,,,,,
2025-03-19,2025-03-19,FO,NSE,IDO,43897,,NIFTY,,2025-04-09,2025-04-09,23200.0,PE,NIFTY2540923200PE,0.0,0.0,0.0,736.8,0.0,736.8,22907.6,405.4,0,0,0,0.0,0,F1,75,,,,,
2025-03-19,2025-03-19,FO,NSE,IDO,43909,,NIFTY,,2025-04-09,2025-04-09,23500.0,PE,NIFTY2540923500PE,0.0,0.0,0.0,953.9,0.0,953.9,22907.6,611.85,0,0,0,0.0,0,F1,75,,,,,
2025-03-19,2025-03-19,FO,NSE,IDO,43947,,NIFTY,,2025-04-09,2025-04-09,24300.0,PE,NIFTY2540924300PE,0.0,0.0,0.0,1634.55,0.0,1634.55,22907.6,1313.95,0,0,0,0.0,0,F1,75,,,,,
2025-03-19,2025-03-19,FO,NSE,IDO,48033,,NIFTY,,2025-04-17,2025-04-17,20900.0,PE,NIFTY2541720900PE,0.0,0.0,0.0,18.0,18.0,18.0,22907.6,1.2,150,0,0,0.0,0,F1,75,,,,,
2025-03-19,2025-03-19,FO,NSE,IDO,48063,,NIFTY,,2025-04-17,2025-04-17,21000.0,PE,NIFTY2541721000PE,0.0,0.0,0.0,29.0,0.0,29.0,22907.6,1.8,0,0,0,0.0,0,F1,75,,,,,
2025-03-19,2025-03-19,FO,NSE,IDO,48197,,NIFTY,,2025-04-17,2025-04-17,22750.0,PE,NIFTY2541722750PE,210.5,210.5,196.0,196.0,196.0,243.5,22907.6,218.6,675,375,5,8609100.0,3,F1,75,,,,,
2025-03-19,2025-03-19,FO,NSE,IDO,48216,,NIFTY,,2025-04-17,2025-04-17,23050.0,PE,NIFTY2541723050PE,0.0,0.0,0.0,724.2,0.0,724.2,22907.6,352.6,0,0,0,0.0,0,F1,75,,,,,
2025-03-19,2025-03-19,FO,NSE,IDO,48227,,NIFTY,,2025-04-17,2025-04-17,23150.0,PE,NIFTY2541723150PE,0.0,0.0,0.0,794.6,0.0,794.6,22907.6,406.45,0,0,0,0.0,0,F1,75,,,,,
2025-03-19,2025-03-19,FO,NSE,IDO,48340,,NIFTY,,2025-04-17,2025-04-17,24550.0,PE,NIFTY2541724550PE,0.0,0.0,0.0,2013.0,0.0,2013.0,22907.6,1531.3,0,0,0,0.0,0,F1,75,,,,,
2025-03-19,2025-03-19,FO,NSE,IDO,79207,,NIFTY,,2025-04-24,2025-04-24,20500.0,PE,NIFTY25APR20500PE,14.45,15.95,12.3,15.6,15.15,14.4,22907.6,15.6,958575,49500,6555,10085666171.25,3327,F1,75,,,,,
2025-03-19,2025-03-19,FO,NSE,IDO,79211,,NIFTY,,2025-04-24,2025-04-24,20550.0,PE,NIFTY25APR20550PE,16.15,18.45,15.05,16.15,16.25,15.25,22907.6,16.15,2700,-375,26,40103898.75,9,F1,75,,,,,
2025-03-19,2025-03-19,FO,NSE,IDO,79220,,NIFTY,,2025-04-24,2025-04-24,20750.0,PE,NIFTY25APR20750PE,0.0,0.0,0.0,18.55,18.55,18.55,22907.6,1.6,5925,0,0,0.0,0,F1,75,,,,,
2025-03-19,2025-03-19,FO,NSE,IDO,79232,,NIFTY,,2025-04-24,2025-04-24,21050.0,PE,NIFTY25APR21050PE,22.1,24.95,22.1,24.95,24.95,25.65,22907.6,4.55,3975,-900,35,55319088.75,22,F1,75,,,,,
2025-03-19,2025-03-19,FO,NSE,IDO,79383,,NIFTY,,2025-04-24,2025-04-24,22300.0,PE,NIFTY25APR22300PE,145.2,145.2,118.0,120.5,121.1,135.85,22907.6,120.5,360525,-750,4906,8251308562.5,2987,F1,75,,,,,
2025-03-19,2025-03-19,FO,NSE,IDO,79385,,NIFTY,,2025-04-24,2025-04-24,22350.0,PE,NIFTY25APR22350PE,136.05,150.15,127.0,128.95,129.35,144.45,22907.6,128.95,38775,300,217,365929856.25,157,F1,75,,,,,
2025-03-19,2025-03-19,FO,NSE,IDO,79435,,NIFTY,,2025-04-24,2025-04-24,23050.0,PE,NIFTY25APR23050PE,349.35,378.55,321.95,329.7,325.0,367.3,22907.6,329.7,45375,7500,319,559775550.0,234,F1,75,,,,,
2025-03-19,2025-03-19,FO,NSE,IDO,79512,,NIFTY,,2025-04-24,2025-04-24,23750.0,PE,NIFTY25APR23750PE,0.0,0.0,0.0,814.85,815.0,814.85,22907.6,824.9,900,0,0,0.0,0,F1,75,,,,,
2025-03-19,2025-03-19,FO,NSE,IDO,79724,,NIFTY,,2025-04-24,2025-04-24,24950.0,PE,NIFTY25APR24950PE,0.0,0.0,0.0,1894.15,1894.55,1894.15,22907.6,1893.8,1050,0,0,0.0,0,F1,75,,,,,
2025-03-19,2025-03-19,FO,NSE,IDO,61328,,NIFTY,,2025-05-29,2025-05-29,20450.0,PE,NIFTY25MAY20450PE,0.0,0.0,0.0,53.9,0.0,53.9,22907.6,6.8,0,0,0,0.0,0,F1,75,,,,,
2025-03-19,2025-03-19,FO,NSE,IDO,61338,,NIFTY,,2025-05-29,2025-05-29,20700.0,PE,NIFTY25MAY20700PE,0.0,0.0,0.0,75.95,0.0,75.95,22907.6,12.05,0,0,0,0.0,0,F1,75,,,,,
2025-03-19,2025-03-19,FO,NSE,IDO,61370,,NIFTY,,2025-05-29,2025-05-29,21100.0,PE,NIFTY25MAY21100PE,60.3,60.3,56.9,59.8,59.8,61.2,22907.6,59.8,37200,-75,37,58716802.5,18,F1,75,,,,,
2025-03-19,2025-03-19,FO,NSE,IDO,61394,,NIFTY,,2025-05-29,2025-05-29,21450.0,PE,NIFTY25MAY21450PE,0.0,0.0,0.0,98.55,98.55,98.55,22907.6,53.1,675,0,0,0.0,0,F1,75,,,,,
2025-03-19,2025-03-19,FO,NSE,IDO,61470,,NIFTY,,2025-05-29,2025-05-29,21750.0,PE,NIFTY25MAY21750PE,114.6,114.7,114.6,114.7,114.7,133.35,22907.6,87.6,1050,-375,5,8199243.75,5,F1,75,,,,,
2025-03-19,2025-03-19,FO,NSE,IDO,61506,,NIFTY,,2025-05-29,2025-05-29,22500.0,PE,NIFTY25MAY22500PE,263.65,273.85,244.0,246.0,245.4,269.55,22907.6,246.0,400725,20850,2220,3788403705.0,1456,F1,75,,,,,
2025-03-19,2025-03-19,FO,NSE,IDO,61534,,NIFTY,,2025-05-29,2025-05-29,23200.0,PE,NIFTY25MAY23200PE,520.0,520.0,472.85,474.6,476.3,520.3,22907.6,474.6,3150,1725,70,124363991.25,39,F1,75,,,,,
2025-03-19,2025-03-19,FO,NSE,IDO,61560,,NIFTY,,2025-05-29,2025-05-29,23850.0,PE,NIFTY25MAY23850PE,0.0,0.0,0.0,915.1,915.1,915.1,22907.6,921.2,525,0,0,0.0,0,F1,75,,,,,
2025-03-19,2025-03-19,FO,NSE,IDO,61674,,NIFTY,,2025-05-29,2025-05-29,24250.0,PE,NIFTY25MAY24250PE,0.0,0.0,0.0,1195.15,1194.75,1195.15,22907.6,1213.7,1050,0,0,0.0,0,F1,75,,,,,
2025-03-19,2025-03-19,FO,NSE,IDO,61676,,NIFTY,,2025-05-29,2025-05-29,24300.0,PE,NIFTY25MAY24300PE,0.0,0.0,0.0,1241.1,1242.4,1241.1,22907.6,1252.7,1050,0,0,0.0,0,F1,75,,,,,
2025-03-19,2025-03-19,FO,NSE,IDO,64683,,NIFTY,,2025-09-25,2025-09-25,19000.0,PE,NIFTY25SEP19000PE,61.95,61.95,58.0,59.25,59.25,58.0,22907.6,6.85,3525,1200,35,50032563.75,29,F1,75,,,,,
2025-03-19,2025-03-19,FO,NSE,IDO,64697,,NIFTY,,2025-09-25,2025-09-25,26000.0,PE,NIFTY25SEP26000PE,0.0,0.0,0.0,812.55,0.0,812.55,22907.6,2427.9,0,0,0,0.0,0,F1,75,,,,,
2025-03-19,2025-03-19,FO,NSE,IDO,64701,,NIFTY,,2025-09-25,2025-09-25,28000.0,PE,NIFTY25SEP28000PE,0.0,0.0,0.0,4400.0,4400.0,4400.0,22907.6,4199.2,75,0,0,0.0,0,F1,75,,,,,
2025-03-19,2025-03-19,FO,NSE,IDO,37796,,NIFTY,,2025-12-24,2025-12-24,23000.0,PE,NIFTY25DEC23000PE,671.8,676.15,646.0,654.95,654.45,671.75,22907.6,654.95,913650,34050,1335,2368804867.5,923,F1,75,,,,,
2025-03-19,2025-03-19,FO,NSE,IDO,39990,,NIFTY,,2026-06-25,2026-06-25,19000.0,PE,NIFTY26JUN19000PE,0.0,0.0,0.0,160.05,160.05,160.05,22907.6,41.35,175,0,0,0.0,0,F1,75,,,,,
2025-03-19,2025-03-19,FO,NSE,IDO,58627,,NIFTY,,2026-06-25,2026-06-25,22000.0,PE,NIFTY26JUN22000PE,0.0,0.0,0.0,450.05,450.05,450.05,22907.6,367.9,1500,0,0,0.0,0,F1,75,,,,,
2025-03-19,2025-03-19,FO,NSE,IDO,71475,,NIFTY,,2026-06-25,2026-06-25,25000.0,PE,NIFTY26JUN25000PE,0.0,0.0,0.0,1800.0,1800.0,1800.0,22907.6,1420.2,75,0,0,0.0,0,F1,75,,,,,
2025-03-19,2025-03-19,FO,NSE,IDO,58647,,NIFTY,,2026-12-31,2026-12-31,21000.0,PE,NIFTY26DEC21000PE,427.3,427.3,422.0,422.0,422.0,427.3,22907.6,226.7,3625,125,2,3213697.5,2,F1,75,,,,,
2025-03-19,2025-03-19,FO,NSE,IDO,71550,,NIFTY,,2027-06-24,2027-06-24,19000.0,PE,NIFTY27JUN19000PE,0.0,0.0,0.0,201.05,201.05,201.05,22907.6,73.7,525,0,0,0.0,0,F1,75,,,,,
2025-03-19,2025-03-19,FO,NSE,IDO,53611,,NIFTY,,2027-12-30,2027-12-30,20000.0,PE,NIFTY27DEC20000PE,0.0,0.0,0.0,400.0,400.0,400.0,22907.6,145.35,4025,0,0,0.0,0,F1,75,,,,,
2025-03-19,2025-03-19,FO,NSE,IDO,53627,,NIFTY,,2027-12-30,2027-12-30,25000.0,PE,NIFTY27DEC25000PE,0.0,0.0,0.0,1546.4,1546.4,1546.4,22907.6,1068.2,75,0,0,0.0,0,F1,75,,,,,
2025-03-19,2025-03-19,FO,NSE,IDO,67769,,NIFTY,,2028-12-28,2028-12-28,17000.0,PE,NIFTY28DEC17000PE,0.0,0.0,0.0,66.15,0.0,66.15,22907.6,27.5,0,0,0,0.0,0,F1,75,,,,,
2025-03-19,2025-03-19,FO,NSE,IDO,61745,,NIFTY,,2029-12-27,2029-12-27,22000.0,PE,NIFTY29DEC22000PE,0.0,0.0,0.0,373.65,0.0,373.65,22907.6,300.0,0,0,0,0.0,0,F1,75,,,,,
2025-03-19,2025-03-19,FO,NSE,IDO,46816,,NIFTY,,2025-03-27,2025-03-27,20850.0,CE,NIFTY25MAR20850CE,0.0,0.0,0.0,2021.55,2021.55,2021.55,22907.6,2087.3,1050,0,0,0.0,0,F1,75,,,,,
2025-03-19,2025-03-19,FO,NSE,IDO,46814,,NIFTY,,2025-03-27,2025-03-27,20800.0,CE,NIFTY25MAR20800CE,0.0,0.0,0.0,2000.0,2000.0,2000.0,22907.6,2137.2,6450,0,0,0.0,0,F1,75,,,,,
2025-03-19,2025-03-19,FO,NSE,IDO,46800,,NIFTY,,2025-03-27,2025-03-27,20650.0,CE,NIFTY25MAR20650CE,0.0,0.0,0.0,2213.05,2213.05,2213.05,22907.6,2287.0,4200,0,0,0.0,0,F1,75,,,,,
2025-03-19,2025-03-19,FO,NSE,IDO,64556,,NIFTY,,2025-03-27,2025-03-27,20000.0,CE,NIFTY25MAR20000CE,2939.0,2988.0,2870.0,2974.4,2967.9,2906.25,22907.6,2974.4,543175,-38550,889,1530537120.0,830,F1,75,,,,,
2025-03-19,2025-03-19,FO,NSE,IDO,50311,,NIFTY,,2025-03-20,2025-03-20,24700.0,CE,NIFTY2532024700CE,0.3,0.35,0.15,0.2,0.25,0.3,22907.6,0.2,611100,-91725,38879,72024048195.0,5047,F1,75,,,,,
2025-03-19,2025-03-19,FO,NSE,IDO,50291,,NIFTY,,2025-03-20,2025-03-20,24350.0,CE,NIFTY2532024350CE,0.25,0.4,0.15,0.2,0.2,0.3,22907.6,0.2,197850,-11475,17230,31466665376.25,3975,F1,75,,,,,
2025-03-19,2025-03-19,FO,NSE,IDO,50285,,NIFTY,,2025-03-20,2025-03-20,24200.0,CE,NIFTY2532024200CE,0.3,0.4,0.2,0.25,0.2,0.3,22907.6,0.25,718125,-20775,98273,178367617207.5,15450,F1,75,,,,,
2025-03-19,2025-03-19,FO,NSE,IDO,50264,,NIFTY,,2025-03-20,2025-03-20,23900.0,CE,NIFTY2532023900CE,0.4,0.55,0.3,0.4,0.3,0.4,22907.6,0.4,995100,6225,110246,197619401692.5,21363,F1,75,,,,,
2025-03-19,2025-03-19,FO,NSE,IDO,48086,,NIFTY,,2025-04-17,2025-04-17,21200.0,CE,NIFTY2541721200CE,0.0,0.0,0.0,1376.2,0.0,1376.2,22907.6,1820.6,0,0,0,0.0,0,F1,75,,,,,
2025-03-19,2025-03-19,FO,NSE,IDO,48032,,NIFTY,,2025-04-17,2025-04-17,20900.0,CE,NIFTY2541720900CE,0.0,0.0,0.0,1651.55,0.0,1651.55,22907.6,2116.45,0,0,0,0.0,0,F1,75,,,,,
2025-03-19,2025-03-19,FO,NSE,IDO,48028,,NIFTY,,2025-04-17,2025-04-17,20800.0,CE,NIFTY2541720800CE,0.0,0.0,0.0,1745.9,0.0,1745.9,22907.6,2215.5,0,0,0,0.0,0,F1,75,,,,,
2025-03-19,2025-03-19,FO,NSE,IDO,48018,,NIFTY,,2025-04-17,2025-04-17,20700.0,CE,NIFTY2541720700CE,0.0,0.0,0.0,1841.2,0.0,1841.2,22907.6,2314.75,0,0,0,0.0,0,F1,75,,,,,
2025-03-19,2025-03-19,FO,NSE,IDO,43950,,NIFTY,,2025-04-09,2025-04-09,24400.0,CE,NIFTY2540924400CE,8.0,8.75,7.0,8.0,8.0,34.4,22907.6,8.0,2025,2025,35,64071075.0,12,F1,75,,,,,
2025-03-19,2025-03-19,FO,NSE,IDO,43930,,NIFTY,,2025-04-09,2025-04-09,23900.0,CE,NIFTY2540923900CE,23.65,35.9,23.65,27.35,26.65,24.85,22907.6,27.35,2325,825,25,44868015.0,22,F1,75,,,,,
2025-03-19,2025-03-19,FO,NSE,IDO,43884,,NIFTY,,2025-04-09,2025-04-09,23000.0,CE,NIFTY2540923000CE,280.95,315.0,261.0,305.25,303.7,267.1,22907.6,305.25,38025,2400,717,1252803060.0,429,F1,75,,,,,
2025-03-19,2025-03-19,FO,NSE,IDO,43814,,NIFTY,,2025-04-09,2025-04-09,21400.0,CE,NIFTY2540921400CE,0.0,0.0,0.0,1346.45,0.0,1346.45,22907.6,1590.3,0,0,0,0.0,0,F1,75,,,,,
2025-03-19,2025-03-19,FO,NSE,IDO,54625,,NIFTY,,2025-04-03,2025-04-03,22700.0,CE,NIFTY2540322700CE,398.05,444.75,366.05,432.5,425.55,371.95,22907.6,432.5,915600,10275,5144,8919142721.25,2736,F1,75,,,,,
2025-03-19,2025-03-19,FO,NSE,IDO,54621,,NIFTY,,2025-04-03,2025-04-03,22600.0,CE,NIFTY2540322600CE,475.3,520.7,433.05,507.9,512.35,447.55,22907.6,507.9,1037700,497775,19014,32936770995.0,10150,F1,75,,,,,
2025-03-19,2025-03-19,FO,NSE,IDO,54619,,NIFTY,,2025-04-03,2025-04-03,22550.0,CE,NIFTY2540322550CE,507.9,561.2,496.6,549.5,549.55,490.95,22907.6,549.5,1134525,-11850,1972,3415699020.0,1668,F1,75,,,,,
2025-03-19,2025-03-19,FO,NSE,IDO,54578,,NIFTY,,2025-04-03,2025-04-03,22000.0,CE,NIFTY2540322000CE,990.0,1059.85,947.8,1042.15,1040.65,968.65,22907.6,1042.15,115125,-9825,1776,3067350183.75,648,F1,75,,,,,
2025-03-19,2025-03-19,FO,NSE,IDO,54540,,NIFTY,,2025-04-03,2025-04-03,21300.0,CE,NIFTY2540321300CE,0.0,0.0,0.0,1627.5,1628.2,1627.5,22907.6,1664.85,150,0,0,0.0,0,F1,75,,,,,
2025-03-19,2025-03-19,FO,NSE,IDO,54498,,NIFTY,,2025-04-03,2025-04-03,20800.0,CE,NIFTY2540320800CE,0.0,0.0,0.0,2120.85,2120.15,2120.85,22907.6,2163.1,150,0,0,0.0,0,F1,75,,,,,
2025-03-19,2025-03-19,FO,NSE,IDO,54488,,NIFTY,,2025-04-03,2025-04-03,20700.0,CE,NIFTY2540320700CE,0.0,0.0,0.0,2220.7,2220.7,2220.7,22907.6,2262.85,75,0,0,0.0,0,F1,75,,,,,
2025-03-19,2025-03-19,FO,NSE,IDO,64592,,NIFTY,,2025-03-27,2025-03-27,31000.0,CE,NIFTY25MAR31000CE,0.6,0.85,0.45,0.7,0.7,0.6,22907.6,0.7,7205375,584700,18919,43987541291.25,2094,F1,75,,,,,
2025-03-19,2025-03-19,FO,NSE,IDO,64570,,NIFTY,,2025-03-27,2025-03-27,25000.0,CE,NIFTY25MAR25000CE,0.95,1.15,0.75,1.05,1.05,0.9,22907.6,1.05,3827400,894875,26371,49447524022.5,15121,F1,75,,,,,
2025-03-19,2025-03-19,FO,NSE,IDO,56572,,NIFTY,,2025-03-27,2025-03-27,24950.0,CE,NIFTY25MAR24950CE,1.15,1.4,0.75,1.0,1.15,0.9,22907.6,1.0,8250,0,115,215201572.5,54,F1,75,,,,,
2025-03-19,2025-03-19,FO,NSE,IDO,51120,,NIFTY,,2025-03-27,2025-03-27,23350.0,CE,NIFTY25MAR23350CE,26.45,36.2,24.45,34.15,33.0,24.65,22907.6,34.15,474675,116325,38452,67428819026.25,24822,F1,75,,,,,
2025-03-19,2025-03-19,FO,NSE,IDO,64564,,NIFTY,,2025-03-27,2025-03-27,23000.0,CE,NIFTY25MAR23000CE,128.7,161.45,111.6,151.0,148.85,120.45,22907.6,151.0,6007125,57425,290329,503894261370.0,161455,F1,75,,,,,
2025-03-19,2025-03-19,FO,NSE,IDO,46997,,NIFTY,,2025-03-27,2025-03-27,22500.0,CE,NIFTY25MAR22500CE,469.95,530.95,430.6,513.8,513.65,452.45,22907.6,513.8,3993225,-386025,31093,53610278745.0,18979,F1,75,,,,,
2025-03-19,2025-03-19,FO,NSE,IDO,46892,,NIFTY,,2025-03-27,2025-03-27,21650.0,CE,NIFTY25MAR21650CE,0.0,0.0,0.0,1203.85,1203.85,1203.85,22907.6,1288.6,6150,0,0,0.0,0,F1,75,,,,,
2025-03-19,2025-03-19,FO,NSE,IDO,46868,,NIFTY,,2025-03-27,2025-03-27,21350.0,CE,NIFTY25MAR21350CE,0.0,0.0,0.0,1540.65,1549.25,1540.65,22907.6,1588.0,1650,0,0,0.0,0,F1,75,,,,,
2025-03-19,2025-03-19,FO,NSE,IDO,64554,,NIFTY,,2025-03-27,2025-03-27,19000.0,CE,NIFTY25MAR19000CE,3889.0,3985.5,3877.65,3963.45,3963.4,3889.45,22907.6,3963.45,63325,-5400,104,178943595.0,76,F1,75,,,,,
2025-03-19,2025-03-19,FO,NSE,IDO,50277,,NIFTY,,2025-03-20,2025-03-20,24050.0,CE,NIFTY2532024050CE,0.3,0.45,0.25,0.3,0.25,0.35,22907.6,0.3,302775,-61425,55182,99535901246.25,8564,F1,75,,,,,
2025-03-19,2025-03-19,FO,NSE,IDO,50217,,NIFTY,,2025-03-20,2025-03-20,22850.0,CE,NIFTY2532022850CE,103.0,151.5,74.3,132.4,128.9,91.0,22907.6,132.4,2101275,-4127400,3057383,5265570470467.5,1813495,F1,75,,,,,
2025-03-19,2025-03-19,FO,NSE,IDO,50155,,NIFTY,,2025-03-20,2025-03-20,22100.0,CE,NIFTY2532022100CE,764.7,851.15,725.0,833.7,837.35,753.15,22907.6,833.7,41475,-27300,745,1280098110.0,424,F1,75,,,,,
2025-03-19,2025-03-19,FO,NSE,IDO,50071,,NIFTY,,2025-03-20,2025-03-20,20750.0,CE,NIFTY2532020750CE,2156.65,2156.65,2134.35,2134.35,2134.35,1821.05,22907.6,2161.3,525,-75,2,3434325.0,2,F1,75,,,,,
2025-03-19,2025-03-19,FO,NSE,IDO,50059,,NIFTY,,2025-03-20,2025-03-20,20450.0,CE,NIFTY2532020450CE,0.0,0.0,0.0,2138.9,2138.9,2138.9,22907.6,2461.25,675,0,0,0.0,0,F1,75,,,,,
2025-03-19,2025-03-19,FO,NSE,IDO,48241,,NIFTY,,2025-04-17,2025-04-17,23350.0,CE,NIFTY2541723350CE,0.0,0.0,0.0,138.75,0.0,138.75,22907.6,205.6,0,0,0,0.0,0,F1,75,,,,,
2025-03-19,2025-03-19,FO,NSE,IDO,48296,,NIFTY,,2025-04-17,2025-04-17,23950.0,CE,NIFTY2541723950CE,0.0,0.0,0.0,49.6,0.0,49.6,22907.6,65.1,0,0,0,0.0,0,F1,75,,,,,
2025-03-19,2025-03-19,FO,NSE,IDO,48324,,NIFTY,,2025-04-17,2025-04-17,24200.0,CE,NIFTY2541724200CE,0.0,0.0,0.0,30.55,0.0,30.55,22907.6,37.0,0,0,0,0.0,0,F1,75,,,,,
2025-03-19,2025-03-19,FO,NSE,IDO,79202,,NIFTY,,2025-04-24,2025-04-24,20450.0,CE,NIFTY25APR20450CE,0.0,0.0,0.0,2316.15,2315.6,2316.15,22907.6,2588.8,1200,0,0,0.0,0,F1,75,,,,,
2025-03-19,2025-03-19,FO,NSE,IDO,79206,,NIFTY,,2025-04-24,2025-04-24,20500.0,CE,NIFTY25APR20500CE,2561.65,2631.0,2528.05,2623.35,2617.05,2540.35,22907.6,2623.35,557775,19050,630,1091485181.25,392,F1,75,,,,,
2025-03-19,2025-03-19,FO,NSE,IDO,79213,,NIFTY,,2025-04-24,2025-04-24,20600.0,CE,NIFTY25APR20600CE,0.0,0.0,0.0,2171.4,2171.4,2171.4,22907.6,2440.15,750,0,0,0.0,0,F1,75,,,,,
2025-03-19,2025-03-19,FO,NSE,IDO,79217,,NIFTY,,2025-04-24,2025-04-24,20700.0,CE,NIFTY25APR20700CE,0.0,0.0,0.0,2348.85,2348.9,2348.85,22907.6,2341.2,1050,0,0,0.0,0,F1,75,,,,,
2025-03-19,2025-03-19,FO,NSE,IDO,79270,,NIFTY,,2025-04-24,2025-04-24,21850.0,CE,NIFTY25APR21850CE,0.0,0.0,0.0,1225.85,1225.8,1225.85,22907.6,1240.0,900,0,0,0.0,0,F1,75,,,,,
2025-03-19,2025-03-19,FO,NSE,IDO,79279,,NIFTY,,2025-04-24,2025-04-24,21950.0,CE,NIFTY25APR21950CE,0.0,0.0,0.0,1030.45,1030.45,1030.45,22907.6,1151.75,5325,0,0,0.0,0,F1,75,,,,,
2025-03-19,2025-03-19,FO,NSE,IDO,79283,,NIFTY,,2025-04-24,2025-04-24,22000.0,CE,NIFTY25APR22000CE,1144.95,1204.25,1103.95,1190.55,1185.35,1119.85,22907.6,1190.55,629175,-20775,1555,2701703505.0,1024,F1,75,,,,,
2025-03-19,2025-03-19,FO,NSE,IDO,79287,,NIFTY,,2025-04-24,2025-04-24,22050.0,CE,NIFTY25APR22050CE,0.0,0.0,0.0,1098.5,1098.5,1098.5,22907.6,1065.7,3975,0,0,0.0,0,F1,75,,,,,
2025-03-19,2025-03-19,FO,NSE,IDO,79379,,NIFTY,,2025-04-24,2025-04-24,22250.0,CE,NIFTY25APR22250CE,976.95,976.95,976.95,976.95,976.95,898.4,22907.6,901.35,4275,-75,1,1742021.25,1,F1,75,,,,,
2025-03-19,2025-03-19,FO,NSE,IDO,79411,,NIFTY,,2025-04-24,2025-04-24,22800.0,CE,NIFTY25APR22800CE,515.05,569.5,496.1,554.1,554.65,503.35,22907.6,554.1,348150,25875,7365,12894463260.0,5722,F1,75,,,,,
2025-03-19,2025-03-19,FO,NSE,IDO,79490,,NIFTY,,2025-04-24,2025-04-24,23450.0,CE,NIFTY25APR23450CE,190.0,214.0,182.0,206.8,205.8,184.5,22907.6,206.8,60600,7125,206,365444745.0,189,F1,75,,,,,
2025-03-19,2025-03-19,FO,NSE,IDO,79513,,NIFTY,,2025-04-24,2025-04-24,23800.0,CE,NIFTY25APR23800CE,92.45,105.0,86.8,99.5,97.45,86.55,22907.6,99.5,447075,59175,5264,9434851001.25,3204,F1,75,,,,,
2025-03-19,2025-03-19,FO,NSE,IDO,79537,,NIFTY,,2025-04-24,2025-04-24,24050.0,CE,NIFTY25APR24050CE,53.0,57.0,50.1,55.75,55.25,49.2,22907.6,55.75,8850,-450,115,207906517.5,66,F1,75,,,,,
2025-03-19,2025-03-19,FO,NSE,IDO,61341,,NIFTY,,2025-05-29,2025-05-29,20800.0,CE,NIFTY25MAY20800CE,0.0,0.0,0.0,2357.95,2358.0,2357.95,22907.6,2383.95,600,0,0,0.0,0,F1,75,,,,,
2025-03-19,2025-03-19,FO,NSE,IDO,61389,,NIFTY,,2025-05-29,2025-05-29,21400.0,CE,NIFTY25MAY21400CE,0.0,0.0,0.0,1818.75,1819.05,1818.75,22907.6,1825.1,975,0,0,0.0,0,F1,75,,,,,
2025-03-19,2025-03-19,FO,NSE,IDO,61397,,NIFTY,,2025-05-29,2025-05-29,21550.0,CE,NIFTY25MAY21550CE,0.0,0.0,0.0,1685.85,1686.05,1685.85,22907.6,1691.45,525,0,0,0.0,0,F1,75,,,,,
2025-03-19,2025-03-19,FO,NSE,IDO,61497,,NIFTY,,2025-05-29,2025-05-29,22300.0,CE,NIFTY25MAY22300CE,1087.8,1110.0,1050.0,1100.0,1100.0,1012.55,22907.6,1081.85,6900,-225,10,17538922.5,8,F1,75,,,,,
2025-03-19,2025-03-19,FO,NSE,IDO,61679,,NIFTY,,2025-05-29,2025-05-29,24400.0,CE,NIFTY25MAY24400CE,128.6,128.6,90.0,92.0,91.5,230.7,22907.6,92.0,3975,3975,65,119396546.25,22,F1,75,,,,,
2025-03-19,2025-03-19,FO,NSE,IDO,55119,,NIFTY,,2025-06-26,2025-06-26,18000.0,CE,NIFTY25JUN18000CE,5223.95,5225.25,5157.7,5203.3,5203.25,5141.2,22907.6,5203.3,52825,5700,90,156569201.25,90,F1,75,,,,,
2025-03-19,2025-03-19,FO,NSE,IDO,38373,,NIFTY,,2025-06-26,2025-06-26,20000.0,CE,NIFTY25JUN20000CE,3206.55,3328.05,3206.55,3299.0,3296.0,3206.55,22907.6,3299.0,191325,57525,965,1685676063.75,789,F1,75,,,,,
2025-03-19,2025-03-19,FO,NSE,IDO,51449,,NIFTY,,2025-06-26,2025-06-26,21000.0,CE,NIFTY25JUN21000CE,2366.7,2400.15,2300.0,2389.6,2388.95,2309.0,22907.6,2389.6,127725,29925,650,1139471148.75,540,F1,75,,,,,
2025-03-19,2025-03-19,FO,NSE,IDO,64694,,NIFTY,,2025-09-25,2025-09-25,25000.0,CE,NIFTY25SEP25000CE,308.0,329.0,301.75,323.1,320.0,303.8,22907.6,323.1,186750,-1575,386,732972382.5,250,F1,75,,,,,
2025-03-19,2025-03-19,FO,NSE,IDO,58624,,NIFTY,,2026-06-25,2026-06-25,12000.0,CE,NIFTY26JUN12000CE,0.0,0.0,0.0,8690.0,8690.0,8690.0,22907.6,11857.35,50,0,0,0.0,0,F1,75,,,,,
2025-03-19,2025-03-19,FO,NSE,IDO,71476,,NIFTY,,2026-06-25,2026-06-25,26000.0,CE,NIFTY26JUN26000CE,740.0,740.0,740.0,740.0,740.0,723.0,22907.6,933.15,1375,75,1,2005500.0,1,F1,75,,,,,
2025-03-19,2025-03-19,FO,NSE,IDO,50973,,NIFTY,,2026-06-25,2026-06-25,27000.0,CE,NIFTY26JUN27000CE,0.0,0.0,0.0,1352.8,0.0,1352.8,22907.6,648.2,0,0,0,0.0,0,F1,75,,,,,
2025-03-19,2025-03-19,FO,NSE,IDO,37806,,NIFTY,,2026-12-31,2026-12-31,23000.0,CE,NIFTY26DEC23000CE,0.0,0.0,0.0,2960.0,2960.0,2960.0,22907.6,3037.55,4575,0,0,0.0,0,F1,75,,,,,
2025-03-19,2025-03-19,FO,NSE,IDO,71545,,NIFTY,,2027-06-24,2027-06-24,17000.0,CE,NIFTY27JUN17000CE,0.0,0.0,0.0,4464.7,0.0,4464.7,22907.6,8251.5,0,0,0,0.0,0,F1,75,,,,,
2025-03-19,2025-03-19,FO,NSE,IDO,53624,,NIFTY,,2027-12-30,2027-12-30,24000.0,CE,NIFTY27DEC24000CE,0.0,0.0,0.0,3778.95,0.0,3778.95,22907.6,3662.0,0,0,0,0.0,0,F1,75,,,,,
2025-03-19,2025-03-19,FO,NSE,IDO,86143,,NIFTY,,2028-06-29,2028-06-29,20000.0,CE,NIFTY28JUN20000CE,0.0,0.0,0.0,5724.65,0.0,5724.65,22907.6,6897.8,0,0,0,0.0,0,F1,75,,,,,
2025-03-19,2025-03-19,FO,NSE,IDO,86149,,NIFTY,,2028-06-29,2028-06-29,23000.0,CE,NIFTY28JUN23000CE,0.0,0.0,0.0,4323.1,0.0,4323.1,22907.6,4844.25,0,0,0,0.0,0,F1,75,,,,,
2025-03-19,2025-03-19,FO,NSE,IDO,89616,,NIFTY,,2029-06-28,2029-06-28,20000.0,CE,NIFTY29JUN20000CE,0.0,0.0,0.0,10410.0,0.0,10410.0,22907.6,7907.8,0,0,0,0.0,0,F1,75,,,,,
2025-03-19,2025-03-19,FO,NSE,IDO,50122,,NIFTY,,2025-03-20,2025-03-20,21500.0,PE,NIFTY2532021500PE,1.0,1.15,0.5,0.9,1.1,1.3,22907.6,0.9,4362450,-2179950,434599,700813767127.5,71572,F1,75,,,,,
2025-03-19,2025-03-19,FO,NSE,IDO,50187,,NIFTY,,2025-03-20,2025-03-20,22500.0,PE,NIFTY2532022500PE,13.35,16.0,6.2,7.6,6.8,17.0,22907.6,7.6,13559025,981900,2209735,3730411190006.25,523006,F1,75,,,,,
2025-03-19,2025-03-19,FO,NSE,IDO,50242,,NIFTY,,2025-03-20,2025-03-20,23450.0,PE,NIFTY2532023450PE,578.0,616.35,497.4,517.7,522.9,971.05,22907.6,517.7,3675,-675,93,167300092.5,66,F1,75,,,,,
2025-03-19,2025-03-19,FO,NSE,IDO,50310,,NIFTY,,2025-03-20,2025-03-20,24650.0,PE,NIFTY2532024650PE,0.0,0.0,0.0,2036.05,2036.05,2036.05,22907.6,1738.0,975,0,0,0.0,0,F1,75,,,,,
2025-03-19,2025-03-19,FO,NSE,IDO,46855,,NIFTY,,2025-03-27,2025-03-27,21250.0,PE,NIFTY25MAR21250PE,2.7,3.4,1.7,2.95,1.7,3.55,22907.6,2.95,108225,-44850,3819,6087282836.25,1576,F1,75,,,,,
2025-03-19,2025-03-19,FO,NSE,IDO,46909,,NIFTY,,2025-03-27,2025-03-27,21750.0,PE,NIFTY25MAR21750PE,7.0,8.25,5.65,6.3,6.55,8.65,22907.6,6.3,217500,-25875,12209,19921746165.0,5311,F1,75,,,,,
2025-03-19,2025-03-19,FO,NSE,IDO,46953,,NIFTY,,2025-03-27,2025-03-27,22050.0,PE,NIFTY25MAR22050PE,16.8,17.25,11.15,12.35,13.25,17.5,22907.6,12.35,353700,10725,15080,24953372208.75,8953,F1,75,,,,,
2025-03-19,2025-03-19,FO,NSE,IDO,51121,,NIFTY,,2025-03-27,2025-03-27,23350.0,PE,NIFTY25MAR23350PE,489.75,495.1,400.1,406.05,409.9,479.05,22907.6,406.05,32850,-75,202,360065711.25,118,F1,75,,,,,
2025-03-19,2025-03-19,FO,NSE,IDO,54728,,NIFTY,,2025-03-27,2025-03-27,24100.0,PE,NIFTY25MAR24100PE,1180.05,1180.05,1109.6,1114.35,1114.35,1226.6,22907.6,1114.35,22275,3000,93,176033932.5,70,F1,75,,,,,
2025-03-19,2025-03-19,FO,NSE,IDO,56567,,NIFTY,,2025-03-27,2025-03-27,24850.0,PE,NIFTY25MAR24850PE,0.0,0.0,0.0,1976.5,1977.9,1976.5,22907.6,1907.05,1050,0,0,0.0,0,F1,75,,,,,
2025-03-19,2025-03-19,FO,NSE,IDO,56871,,NIFTY,,2025-03-27,2025-03-27,25150.0,PE,NIFTY25MAR25150PE,0.0,0.0,0.0,2270.3,2270.0,2270.3,22907.6,2206.6,1575,0,0,0.0,0,F1,75,,,,,
2025-03-19,2025-03-19,FO,NSE,IDO,56883,,NIFTY,,2025-03-27,2025-03-27,25450.0,PE,NIFTY25MAR25450PE,0.0,0.0,0.0,2567.7,2567.1,2567.7,22907.6,2506.15,1500,0,0,0.0,0,F1,75,,,,,
2025-03-19,2025-03-19,FO,NSE,IDO,58792,,NIFTY,,2025-03-27,2025-03-27,25850.0,PE,NIFTY25MAR25850PE,0.0,0.0,0.0,2962.95,2957.45,2962.95,22907.6,2905.6,1500,0,0,0.0,0,F1,75,,,,,
2025-03-19,2025-03-19,FO,NSE,IDO,64573,,NIFTY,,2025-03-27,2025-03-27,26000.0,PE,NIFTY25MAR26000PE,3070.05,3117.75,3010.0,3025.1,3029.2,3103.45,22907.6,3025.1,1292850,-54850,1025,2233598475.0,853,F1,75,,,,,
2025-03-19,2025-03-19,FO,NSE,IDO,54505,,NIFTY,,2025-04-03,2025-04-03,20850.0,PE,NIFTY2540320850PE,0.0,0.0,0.0,3.5,3.5,3.5,22907.6,0.05,1500,0,0,0.0,0,F1,75,,,,,
2025-03-19,2025-03-19,FO,NSE,IDO,54513,,NIFTY,,2025-04-03,2025-04-03,20900.0,PE,NIFTY2540320900PE,4.9,6.9,3.25,4.3,4.3,4.1,22907.6,4.3,12075,3675,114,178730377.5,55,F1,75,,,,,
2025-03-19,2025-03-19,FO,NSE,IDO,54595,,NIFTY,,2025-04-03,2025-04-03,22400.0,PE,NIFTY2540322400PE,70.0,75.2,53.6,56.75,55.1,70.05,22907.6,56.75,1279425,16575,4716,7943981910.0,3047,F1,75,,,,,
2025-03-19,2025-03-19,FO,NSE,IDO,54614,,NIFTY,,2025-04-03,2025-04-03,22450.0,PE,NIFTY2540322450PE,74.05,83.65,60.55,64.1,63.65,78.35,22907.6,64.1,487800,4125,728,1229431080.0,331,F1,75,,,,,
2025-03-19,2025-03-19,FO,NSE,IDO,54628,,NIFTY,,2025-04-03,2025-04-03,22750.0,PE,NIFTY2540322750PE,152.2,160.5,121.0,125.5,123.25,152.2,22907.6,125.5,506250,25725,3685,6323997930.0,2757,F1,75,,,,,
2025-03-19,2025-03-19,FO,NSE,IDO,54635,,NIFTY,,2025-04-03,2025-04-03,22900.0,PE,NIFTY2540322900PE,200.15,220.05,167.25,174.8,173.65,211.65,22907.6,174.8,583050,357225,12148,21033005021.25,8076,F1,75,,,,,
2025-03-19,2025-03-19,FO,NSE,IDO,54756,,NIFTY,,2025-04-03,2025-04-03,23700.0,PE,NIFTY2540323700PE,0.0,0.0,0.0,767.6,767.6,767.6,22907.6,766.4,300,0,0,0.0,0,F1,75,,,,,
2025-03-19,2025-03-19,FO,NSE,IDO,54764,,NIFTY,,2025-04-03,2025-04-03,23900.0,PE,NIFTY2540323900PE,885.25,907.85,884.3,901.55,901.55,1001.15,22907.6,947.7,2100,2025,28,52066072.5,28,F1,75,,,,,
2025-03-19,2025-03-19,FO,NSE,IDO,54840,,NIFTY,,2025-04-03,2025-04-03,24150.0,PE,NIFTY2540324150PE,0.0,0.0,0.0,1247.1,1247.1,1247.1,22907.6,1185.45,75,0,0,0.0,0,F1,75,,,,,
2025-03-19,2025-03-19,FO,NSE,IDO,54844,,NIFTY,,2025-04-03,2025-04-03,24250.0,PE,NIFTY2540324250PE,0.0,0.0,0.0,1344.5,1344.5,1344.5,22907.6,1282.7,75,0,0,0.0,0,F1,75,,,,,
2025-03-19,2025-03-19,FO,NSE,IDO,54861,,NIFTY,,2025-04-03,2025-04-03,24550.0,PE,NIFTY2540324550PE,0.0,0.0,0.0,1632.6,1632.6,1632.6,22907.6,1578.25,75,0,0,0.0,0,F1,75,,,,,
2025-03-19,2025-03-19,FO,NSE,IDO,43841,,NIFTY,,2025-04-09,2025-04-09,22050.0,PE,NIFTY2540922050PE,0.0,0.0,0.0,184.2,0.0,184.2,22907.6,30.9,0,0,0,0.0,0,F1,75,,,,,
2025-03-19,2025-03-19,FO,NSE,IDO,43865,,NIFTY,,2025-04-09,2025-04-09,22650.0,PE,NIFTY2540922650PE,148.15,148.15,137.4,137.45,137.45,171.45,22907.6,148.3,300,-225,13,22222057.5,12,F1,75,,,,,
2025-03-19,2025-03-19,FO,NSE,IDO,48027,,NIFTY,,2025-04-17,2025-04-17,20750.0,PE,NIFTY2541720750PE,0.0,0.0,0.0,15.65,0.0,15.65,22907.6,0.65,0,0,0,0.0,0,F1,75,,,,,
2025-03-19,2025-03-19,FO,NSE,IDO,48031,,NIFTY,,2025-04-17,2025-04-17,20850.0,PE,NIFTY2541720850PE,0.0,0.0,0.0,20.2,0.0,20.2,22907.6,0.95,0,0,0,0.0,0,F1,75,,,,,
2025-03-19,2025-03-19,FO,NSE,IDO,48097,,NIFTY,,2025-04-17,2025-04-17,21350.0,PE,NIFTY2541721350PE,0.0,0.0,0.0,62.5,0.0,62.5,22907.6,6.45,0,0,0,0.0,0,F1,75,,,,,
2025-03-19,2025-03-19,FO,NSE,IDO,48266,,NIFTY,,2025-04-17,2025-04-17,23500.0,PE,NIFTY2541723500PE,0.0,0.0,0.0,1064.1,0.0,1064.1,22907.6,629.8,0,0,0,0.0,0,F1,75,,,,,
2025-03-19,2025-03-19,FO,NSE,IDO,48338,,NIFTY,,2025-04-17,2025-04-17,24500.0,PE,NIFTY2541724500PE,0.0,0.0,0.0,1965.0,0.0,1965.0,22907.6,1483.7,0,0,0,0.0,0,F1,75,,,,,
2025-03-19,2025-03-19,FO,NSE,IDO,79216,,NIFTY,,2025-04-24,2025-04-24,20650.0,PE,NIFTY25APR20650PE,16.55,19.5,15.5,18.05,17.6,16.55,22907.6,18.05,2475,-225,63,97650521.25,30,F1,75,,,,,
2025-03-19,2025-03-19,FO,NSE,IDO,79271,,NIFTY,,2025-04-24,2025-04-24,21850.0,PE,NIFTY25APR21850PE,62.9,73.0,62.9,63.95,63.8,70.75,22907.6,63.95,21075,-75,371,609801802.5,132,F1,75,,,,,
2025-03-19,2025-03-19,FO,NSE,IDO,79282,,NIFTY,,2025-04-24,2025-04-24,21950.0,PE,NIFTY25APR21950PE,79.85,86.25,72.75,74.5,73.8,81.85,22907.6,74.5,35475,0,291,480714086.25,134,F1,75,,,,,
2025-03-19,2025-03-19,FO,NSE,IDO,79372,,NIFTY,,2025-04-24,2025-04-24,22200.0,PE,NIFTY25APR22200PE,112.55,122.0,97.05,105.55,103.65,116.45,22907.6,105.55,587475,177450,11453,19161955496.25,8408,F1,75,,,,,
2025-03-19,2025-03-19,FO,NSE,IDO,79433,,NIFTY,,2025-04-24,2025-04-24,23000.0,PE,NIFTY25APR23000PE,349.0,360.25,301.2,307.15,307.0,349.65,22907.6,307.15,1486500,-61650,23170,40525148055.0,16324,F1,75,,,,,
2025-03-19,2025-03-19,FO,NSE,IDO,79500,,NIFTY,,2025-04-24,2025-04-24,23450.0,PE,NIFTY25APR23450PE,590.0,590.0,530.3,533.6,533.6,582.2,22907.6,533.6,1950,-2925,85,152957227.5,84,F1,75,,,,,
2025-03-19,2025-03-19,FO,NSE,IDO,79518,,NIFTY,,2025-04-24,2025-04-24,23900.0,PE,NIFTY25APR23900PE,907.0,912.55,841.5,845.5,845.5,920.0,22907.6,845.5,9000,600,46,85475962.5,24,F1,75,,,,,
2025-03-19,2025-03-19,FO,NSE,IDO,79637,,NIFTY,,2025-04-24,2025-04-24,24400.0,PE,NIFTY25APR24400PE,1302.9,1302.9,1281.4,1285.0,1285.0,1374.95,22907.6,1285.0,1875,525,7,13487568.75,7,F1,75,,,,,
2025-03-19,2025-03-19,FO,NSE,IDO,79669,,NIFTY,,2025-04-24,2025-04-24,24650.0,PE,NIFTY25APR24650PE,0.0,0.0,0.0,1606.9,1607.7,1606.9,22907.6,1607.1,975,0,0,0.0,0,F1,75,,,,,
2025-03-19,2025-03-19,FO,NSE,IDO,79747,,NIFTY,,2025-04-24,2025-04-24,25400.0,PE,NIFTY25APR25400PE,0.0,0.0,0.0,2335.75,2336.05,2335.75,22907.6,2333.4,1200,0,0,0.0,0,F1,75,,,,,
2025-03-19,2025-03-19,FO,NSE,IDO,61330,,NIFTY,,2025-05-29,2025-05-29,20500.0,PE,NIFTY25MAY20500PE,37.55,41.4,33.7,36.3,37.05,35.1,22907.6,36.3,593700,24600,1539,2370391890.0,1139,F1,75,,,,,
2025-03-19,2025-03-19,FO,NSE,IDO,61388,,NIFTY,,2025-05-29,2025-05-29,21350.0,PE,NIFTY25MAY21350PE,0.0,0.0,0.0,119.65,119.65,119.65,22907.6,44.45,375,0,0,0.0,0,F1,75,,,,,
2025-03-19,2025-03-19,FO,NSE,IDO,61392,,NIFTY,,2025-05-29,2025-05-29,21400.0,PE,NIFTY25MAY21400PE,85.45,85.45,75.05,77.45,76.45,85.75,22907.6,77.45,47475,450,14,22553430.0,11,F1,75,,,,,
2025-03-19,2025-03-19,FO,NSE,IDO,61488,,NIFTY,,2025-05-29,2025-05-29,22050.0,PE,NIFTY25MAY22050PE,165.0,174.0,159.0,164.0,164.0,180.1,22907.6,137.7,750,-1950,26,43318586.25,16,F1,75,,,,,
2025-03-19,2025-03-19,FO,NSE,IDO,61494,,NIFTY,,2025-05-29,2025-05-29,22200.0,PE,NIFTY25MAY22200PE,190.0,200.9,180.0,181.7,181.0,196.1,22907.6,181.7,14250,300,95,159520773.75,50,F1,75,,,,,
2025-03-19,2025-03-19,FO,NSE,IDO,45874,,NIFTY,,2025-12-24,2025-12-24,17000.0,PE,NIFTY25DEC17000PE,0.0,0.0,0.0,39.05,39.05,39.05,22907.6,0.85,3750,0,0,0.0,0,F1,75,,,,,
2025-03-19,2025-03-19,FO,NSE,IDO,58623,,NIFTY,,2025-12-24,2025-12-24,22000.0,PE,NIFTY25DEC22000PE,426.0,436.05,416.45,423.5,423.6,432.1,22907.6,423.5,762950,21700,1328,2233540458.75,1010,F1,75,,,,,
2025-03-19,2025-03-19,FO,NSE,IDO,37805,,NIFTY,,2026-06-25,2026-06-25,23000.0,PE,NIFTY26JUN23000PE,748.75,748.75,748.75,748.75,748.75,828.25,22907.6,620.95,8075,0,1,1781156.25,1,F1,75,,,,,
2025-03-19,2025-03-19,FO,NSE,IDO,50976,,NIFTY,,2026-06-25,2026-06-25,27000.0,PE,NIFTY26JUN27000PE,0.0,0.0,0.0,6810.7,0.0,6810.7,22907.6,2603.7,0,0,0,0.0,0,F1,75,,,,,
2025-03-19,2025-03-19,FO,NSE,IDO,50546,,NIFTY,,2026-06-25,2026-06-25,28000.0,PE,NIFTY26JUN28000PE,0.0,0.0,0.0,6532.55,0.0,6532.55,22907.6,3314.7,0,0,0,0.0,0,F1,75,,,,,
2025-03-19,2025-03-19,FO,NSE,IDO,71559,,NIFTY,,2027-06-24,2027-06-24,23000.0,PE,NIFTY27JUN23000PE,0.0,0.0,0.0,4514.3,0.0,4514.3,22907.6,584.25,0,0,0,0.0,0,F1,75,,,,,
2025-03-19,2025-03-19,FO,NSE,IDO,71563,,NIFTY,,2027-06-24,2027-06-24,25000.0,PE,NIFTY27JUN25000PE,0.0,0.0,0.0,5619.05,0.0,5619.05,22907.6,1175.8,0,0,0,0.0,0,F1,75,,,,,
2025-03-19,2025-03-19,FO,NSE,IDO,50984,,NIFTY,,2027-06-24,2027-06-24,27000.0,PE,NIFTY27JUN27000PE,0.0,0.0,0.0,6273.45,0.0,6273.45,22907.6,2035.05,0,0,0,0.0,0,F1,75,,,,,
2025-03-19,2025-03-19,FO,NSE,IDO,53602,,NIFTY,,2027-12-30,2027-12-30,17000.0,PE,NIFTY27DEC17000PE,0.0,0.0,0.0,180.6,180.6,180.6,22907.6,20.85,14200,0,0,0.0,0,F1,75,,,,,
2025-03-19,2025-03-19,FO,NSE,IDO,86152,,NIFTY,,2028-06-29,2028-06-29,24000.0,PE,NIFTY28JUN24000PE,0.0,0.0,0.0,1692.75,0.0,1692.75,22907.6,722.5,0,0,0,0.0,0,F1,75,,,,,
2025-03-19,2025-03-19,FO,NSE,IDO,61747,,NIFTY,,2029-12-27,2029-12-27,23000.0,PE,NIFTY29DEC23000PE,0.0,0.0,0.0,900.0,900.0,900.0,22907.6,417.75,2700,0,0,0.0,0,F1,75,,,,,
2025-03-19,2025-03-19,FO,NSE,IDO,48156,,NIFTY,,2025-04-17,2025-04-17,22350.0,CE,NIFTY2541722350CE,0.0,0.0,0.0,516.95,0.0,516.95,22907.6,773.8,0,0,0,0.0,0,F1,75,,,,,
2025-03-19,2025-03-19,FO,NSE,IDO,48152,,NIFTY,,2025-04-17,2025-04-17,22300.0,CE,NIFTY2541722300CE,0.0,0.0,0.0,545.35,0.0,545.35,22907.6,813.15,0,0,0,0.0,0,F1,75,,,,,
2025-03-19,2025-03-19,FO,NSE,IDO,48120,,NIFTY,,2025-04-17,2025-04-17,21950.0,CE,NIFTY2541721950CE,0.0,0.0,0.0,769.6,0.0,769.6,22907.6,1109.85,0,0,0,0.0,0,F1,75,,,,,
2025-03-19,2025-03-19,FO,NSE,IDO,54580,,NIFTY,,2025-04-03,2025-04-03,22050.0,CE,NIFTY2540322050CE,0.0,0.0,0.0,845.0,845.0,845.0,22907.6,933.1,600,0,0,0.0,0,F1,75,,,,,
2025-03-19,2025-03-19,FO,NSE,IDO,54574,,NIFTY,,2025-04-03,2025-04-03,21900.0,CE,NIFTY2540321900CE,0.0,0.0,0.0,1035.15,1035.0,1035.15,22907.6,1075.05,150,0,0,0.0,0,F1,75,,,,,
2025-03-19,2025-03-19,FO,NSE,IDO,54514,,NIFTY,,2025-04-03,2025-04-03,20950.0,CE,NIFTY2540320950CE,0.0,0.0,0.0,1971.3,1971.3,1971.3,22907.6,2013.55,75,0,0,0.0,0,F1,75,,,,,
2025-03-19,2025-03-19,FO,NSE,IDO,54500,,NIFTY,,2025-04-03,2025-04-03,20850.0,CE,NIFTY2540320850CE,0.0,0.0,0.0,2071.15,2070.5,2071.15,22907.6,2113.25,150,0,0,0.0,0,F1,75,,,,,
2025-03-19,2025-03-19,FO,NSE,IDO,54476,,NIFTY,,2025-04-03,2025-04-03,20550.0,CE,NIFTY2540320550CE,0.0,0.0,0.0,2369.85,2369.85,2369.85,22907.6,2412.4,75,0,0,0.0,0,F1,75,,,,,
2025-03-19,2025-03-19,FO,NSE,IDO,54468,,NIFTY,,2025-04-03,2025-04-03,20400.0,CE,NIFTY2540320400CE,0.0,0.0,0.0,2517.75,2517.75,2517.75,22907.6,2562.0,75,0,0,0.0,0,F1,75,,,,,
2025-03-19,2025-03-19,FO,NSE,IDO,64584,,NIFTY,,2025-03-27,2025-03-27,30000.0,CE,NIFTY25MAR30000CE,0.6,0.8,0.45,0.7,0.7,0.6,22907.6,0.7,1355500,210100,9166,20623895857.5,1035,F1,75,,,,,
2025-03-19,2025-03-19,FO,NSE,IDO,56892,,NIFTY,,2025-03-27,2025-03-27,25700.0,CE,NIFTY25MAR25700CE,0.7,0.9,0.6,0.85,0.9,0.75,22907.6,0.85,31650,-2475,153,294916016.25,68,F1,75,,,,,
2025-03-19,2025-03-19,FO,NSE,IDO,56568,,NIFTY,,2025-03-27,2025-03-27,24900.0,CE,NIFTY25MAR24900CE,0.9,1.35,0.8,1.05,1.1,1.0,22907.6,1.05,75975,1575,1011,1888113318.75,378,F1,75,,,,,
2025-03-19,2025-03-19,FO,NSE,IDO,56544,,NIFTY,,2025-03-27,2025-03-27,24750.0,CE,NIFTY25MAR24750CE,0.95,1.25,0.75,1.1,1.25,1.0,22907.6,1.1,31425,-2250,103,191201493.75,56,F1,75,,,,,
2025-03-19,2025-03-19,FO,NSE,IDO,56542,,NIFTY,,2025-03-27,2025-03-27,24700.0,CE,NIFTY25MAR24700CE,0.85,1.95,0.75,1.2,1.95,0.9,22907.6,1.2,66825,-2850,876,1622855756.25,421,F1,75,,,,,
2025-03-19,2025-03-19,FO,NSE,IDO,55060,,NIFTY,,2025-03-27,2025-03-27,24200.0,CE,NIFTY25MAR24200CE,1.5,1.5,0.95,1.25,1.4,1.15,22907.6,1.25,590775,374475,17126,31085140537.5,3519,F1,75,,,,,
2025-03-19,2025-03-19,FO,NSE,IDO,54725,,NIFTY,,2025-03-27,2025-03-27,24050.0,CE,NIFTY25MAR24050CE,1.9,2.05,1.4,1.8,1.9,1.55,22907.6,1.8,136425,68925,3074,5545105023.75,1797,F1,75,,,,,
2025-03-19,2025-03-19,FO,NSE,IDO,54719,,NIFTY,,2025-03-27,2025-03-27,23850.0,CE,NIFTY25MAR23850CE,3.1,8.85,2.55,3.25,3.2,2.7,22907.6,3.25,390900,299625,12814,22923856927.5,5153,F1,75,,,,,
2025-03-19,2025-03-19,FO,NSE,IDO,51118,,NIFTY,,2025-03-27,2025-03-27,23300.0,CE,NIFTY25MAR23300CE,33.95,46.2,30.85,42.95,42.9,31.95,22907.6,42.95,2428500,990075,129008,225826397118.75,69840,F1,75,,,,,
2025-03-19,2025-03-19,FO,NSE,IDO,48217,,NIFTY,,2025-03-27,2025-03-27,22900.0,CE,NIFTY25MAR22900CE,173.85,220.0,157.1,207.5,202.55,170.9,22907.6,207.5,1877400,50550,186160,322429966290.0,121416,F1,75,,,,,
2025-03-19,2025-03-19,FO,NSE,IDO,46926,,NIFTY,,2025-03-27,2025-03-27,21850.0,CE,NIFTY25MAR21850CE,1105.9,1136.9,1030.0,1135.2,1126.65,1056.6,22907.6,1135.2,7875,-975,66,113627190.0,44,F1,75,,,,,
2025-03-19,2025-03-19,FO,NSE,IDO,46786,,NIFTY,,2025-03-27,2025-03-27,20400.0,CE,NIFTY25MAR20400CE,0.0,0.0,0.0,2469.95,2469.95,2469.95,22907.6,2536.65,600,0,0,0.0,0,F1,75,,,,,
2025-03-19,2025-03-19,FO,NSE,IDO,50283,,NIFTY,,2025-03-20,2025-03-20,24150.0,CE,NIFTY2532024150CE,0.35,0.45,0.2,0.25,0.2,0.3,22907.6,0.25,539400,226800,47151,85403372827.5,9025,F1,75,,,,,
2025-03-19,2025-03-19,FO,NSE,IDO,50129,,NIFTY,,2025-03-20,2025-03-20,21600.0,CE,NIFTY2532021600CE,1260.0,1338.6,1259.5,1333.95,1333.95,1255.9,22907.6,1333.95,4950,-25425,419,719355645.0,91,F1,75,,,,,
2025-03-19,2025-03-19,FO,NSE,IDO,50117,,NIFTY,,2025-03-20,2025-03-20,21400.0,CE,NIFTY2532021400CE,1499.0,1521.0,1480.0,1513.0,1513.0,1114.75,22907.6,1511.4,975,-375,8,13738245.0,7,F1,75,,,,,
2025-03-19,2025-03-19,FO,NSE,IDO,50067,,NIFTY,,2025-03-20,2025-03-20,20650.0,CE,NIFTY2532020650CE,0.0,0.0,0.0,2138.9,2138.9,2138.9,22907.6,2261.3,225,0,0,0.0,0,F1,75,,,,,
2025-03-19,2025-03-19,FO,NSE,IDO,54781,,NIFTY,,2025-04-03,2025-04-03,24000.0,CE,NIFTY2540324000CE,7.85,9.9,6.1,8.75,8.0,8.3,22907.6,8.75,273000,92700,6333,11403446707.5,2726,F1,75,,,,,
2025-03-19,2025-03-19,FO,NSE,IDO,43816,,NIFTY,,2025-04-09,2025-04-09,21450.0,CE,NIFTY2540921450CE,0.0,0.0,0.0,1302.9,0.0,1302.9,22907.6,1541.2,0,0,0,0.0,0,F1,75,,,,,
2025-03-19,2025-03-19,FO,NSE,IDO,43830,,NIFTY,,2025-04-09,2025-04-09,21800.0,CE,NIFTY2540921800CE,0.0,0.0,0.0,1013.35,0.0,1013.35,22907.6,1202.5,0,0,0,0.0,0,F1,75,,,,,
2025-03-19,2025-03-19,FO,NSE,IDO,43842,,NIFTY,,2025-04-09,2025-04-09,22100.0,CE,NIFTY2540922100CE,0.0,0.0,0.0,850.2,850.2,850.2,22907.6,926.1,375,0,0,0.0,0,F1,75,,,,,
2025-03-19,2025-03-19,FO,NSE,IDO,43844,,NIFTY,,2025-04-09,2025-04-09,22150.0,CE,NIFTY2540922150CE,0.0,0.0,0.0,756.6,0.0,756.6,22907.6,882.05,0,0,0,0.0,0,F1,75,,,,,
2025-03-19,2025-03-19,FO,NSE,IDO,43854,,NIFTY,,2025-04-09,2025-04-09,22400.0,CE,NIFTY2540922400CE,702.95,720.05,691.1,715.0,715.0,655.5,22907.6,673.7,3525,150,5,8666115.0,5,F1,75,,,,,
2025-03-19,2025-03-19,FO,NSE,IDO,43877,,NIFTY,,2025-04-09,2025-04-09,22850.0,CE,NIFTY2540922850CE,0.0,0.0,0.0,366.75,0.0,366.75,22907.6,365.85,0,0,0,0.0,0,F1,75,,,,,
2025-03-19,2025-03-19,FO,NSE,IDO,43887,,NIFTY,,2025-04-09,2025-04-09,23050.0,CE,NIFTY2540923050CE,0.0,0.0,0.0,182.75,182.75,182.75,22907.6,262.75,150,0,0,0.0,0,F1,75,,,,,
2025-03-19,2025-03-19,FO,NSE,IDO,43914,,NIFTY,,2025-04-09,2025-04-09,23650.0,CE,NIFTY2540923650CE,0.0,0.0,0.0,44.95,44.95,44.95,22907.6,75.6,1125,0,0,0.0,0,F1,75,,,,,
2025-03-19,2025-03-19,FO,NSE,IDO,43918,,NIFTY,,2025-04-09,2025-04-09,23750.0,CE,NIFTY2540923750CE,45.0,48.5,42.05,45.05,45.0,34.3,22907.6,45.05,2850,975,30,53536428.75,18,F1,75,,,,,
2025-03-19,2025-03-19,FO,NSE,IDO,43960,,NIFTY,,2025-04-09,2025-04-09,24550.0,CE,NIFTY2540924550CE,6.45,6.45,5.55,5.8,5.8,25.75,22907.6,5.35,3825,3825,55,101292978.75,20,F1,75,,,,,
2025-03-19,2025-03-19,FO,NSE,IDO,48078,,NIFTY,,2025-04-17,2025-04-17,21150.0,CE,NIFTY2541721150CE,0.0,0.0,0.0,1421.15,0.0,1421.15,22907.6,1869.7,0,0,0,0.0,0,F1,75,,,,,
2025-03-19,2025-03-19,FO,NSE,IDO,48134,,NIFTY,,2025-04-17,2025-04-17,22200.0,CE,NIFTY2541722200CE,0.0,0.0,0.0,604.95,0.0,604.95,22907.6,894.35,0,0,0,0.0,0,F1,75,,,,,
2025-03-19,2025-03-19,FO,NSE,IDO,48174,,NIFTY,,2025-04-17,2025-04-17,22500.0,CE,NIFTY2541722500CE,701.65,718.55,692.75,714.1,714.1,669.1,22907.6,661.1,5325,-4650,62,107907641.25,28,F1,75,,,,,
2025-03-19,2025-03-19,FO,NSE,IDO,48249,,NIFTY,,2025-04-17,2025-04-17,23400.0,CE,NIFTY2541723400CE,0.0,0.0,0.0,128.25,0.0,128.25,22907.6,188.85,0,0,0,0.0,0,F1,75,,,,,
2025-03-19,2025-03-19,FO,NSE,IDO,48335,,NIFTY,,2025-04-17,2025-04-17,24450.0,CE,NIFTY2541724450CE,0.0,0.0,0.0,18.2,0.0,18.2,22907.6,19.95,0,0,0,0.0,0,F1,75,,,,,
2025-03-19,2025-03-19,FO,NSE,IDO,79196,,NIFTY,,2025-04-24,2025-04-24,20350.0,CE,NIFTY25APR20350CE,0.0,0.0,0.0,2570.0,2570.0,2570.0,22907.6,2688.0,1800,0,0,0.0,0,F1,75,,,,,
2025-03-19,2025-03-19,FO,NSE,IDO,79249,,NIFTY,,2025-04-24,2025-04-24,21350.0,CE,NIFTY25APR21350CE,0.0,0.0,0.0,1714.9,1714.9,1714.9,22907.6,1705.5,675,0,0,0.0,0,F1,75,,,,,
2025-03-19,2025-03-19,FO,NSE,IDO,79251,,NIFTY,,2025-04-24,2025-04-24,21400.0,CE,NIFTY25APR21400CE,1700.0,1700.0,1700.0,1700.0,1700.0,1668.55,22907.6,1657.6,675,-75,1,1732500.0,1,F1,75,,,,,
2025-03-19,2025-03-19,FO,NSE,IDO,79253,,NIFTY,,2025-04-24,2025-04-24,21450.0,CE,NIFTY25APR21450CE,0.0,0.0,0.0,1625.25,1624.95,1625.25,22907.6,1609.95,750,0,0,0.0,0,F1,75,,,,,
2025-03-19,2025-03-19,FO,NSE,IDO,79295,,NIFTY,,2025-04-24,2025-04-24,22150.0,CE,NIFTY25APR22150CE,0.0,0.0,0.0,959.4,959.4,959.4,22907.6,982.15,11850,0,0,0.0,0,F1,75,,,,,
2025-03-19,2025-03-19,FO,NSE,IDO,79420,,NIFTY,,2025-04-24,2025-04-24,22900.0,CE,NIFTY25APR22900CE,447.2,504.0,434.5,489.4,492.2,441.95,22907.6,489.4,324750,41400,4781,8383466306.25,3825,F1,75,,,,,
2025-03-19,2025-03-19,FO,NSE,IDO,79428,,NIFTY,,2025-04-24,2025-04-24,23000.0,CE,NIFTY25APR23000CE,389.95,441.4,377.8,429.2,430.75,383.45,22907.6,429.2,1741725,-171900,23473,41228514840.0,18686,F1,75,,,,,
2025-03-19,2025-03-19,FO,NSE,IDO,79436,,NIFTY,,2025-04-24,2025-04-24,23100.0,CE,NIFTY25APR23100CE,338.2,381.1,326.25,368.75,365.0,334.15,22907.6,368.75,495150,307350,7685,13525366920.0,6782,F1,75,,,,,
2025-03-19,2025-03-19,FO,NSE,IDO,79547,,NIFTY,,2025-04-24,2025-04-24,24100.0,CE,NIFTY25APR24100CE,47.7,51.4,43.8,48.8,47.15,42.45,22907.6,48.8,160950,29625,2391,4330408192.5,1687,F1,75,,,,,
2025-03-19,2025-03-19,FO,NSE,IDO,79670,,NIFTY,,2025-04-24,2025-04-24,24700.0,CE,NIFTY25APR24700CE,12.9,14.55,11.7,12.35,14.3,11.75,22907.6,12.35,23550,1500,688,1275166233.75,297,F1,75,,,,,
2025-03-19,2025-03-19,FO,NSE,IDO,79748,,NIFTY,,2025-04-24,2025-04-24,25450.0,CE,NIFTY25APR25450CE,5.4,6.45,4.5,5.1,5.25,4.5,22907.6,5.1,1800,0,211,402829755.0,79,F1,75,,,,,
2025-03-19,2025-03-19,FO,NSE,IDO,61345,,NIFTY,,2025-05-29,2025-05-29,20850.0,CE,NIFTY25MAY20850CE,0.0,0.0,0.0,2291.85,2291.85,2291.85,22907.6,2336.25,525,0,0,0.0,0,F1,75,,,,,
2025-03-19,2025-03-19,FO,NSE,IDO,61373,,NIFTY,,2025-05-29,2025-05-29,21200.0,CE,NIFTY25MAY21200CE,0.0,0.0,0.0,1988.75,1988.75,1988.75,22907.6,2007.65,450,0,0,0.0,0,F1,75,,,,,
2025-03-19,2025-03-19,FO,NSE,IDO,61395,,NIFTY,,2025-05-29,2025-05-29,21500.0,CE,NIFTY25MAY21500CE,1775.0,1795.0,1765.0,1783.85,1783.85,1720.0,22907.6,1783.85,6675,75,10,17457667.5,7,F1,75,,,,,
2025-03-19,2025-03-19,FO,NSE,IDO,61485,,NIFTY,,2025-05-29,2025-05-29,22000.0,CE,NIFTY25MAY22000CE,1310.0,1378.1,1281.95,1365.0,1362.8,1302.1,22907.6,1365.0,64950,-7425,303,530300321.25,224,F1,75,,,,,
2025-03-19,2025-03-19,FO,NSE,IDO,61519,,NIFTY,,2025-05-29,2025-05-29,22850.0,CE,NIFTY25MAY22850CE,709.1,717.0,670.4,717.0,717.0,662.45,22907.6,718.8,600,0,9,15897378.75,9,F1,75,,,,,
2025-03-19,2025-03-19,FO,NSE,IDO,61529,,NIFTY,,2025-05-29,2025-05-29,23100.0,CE,NIFTY25MAY23100CE,531.85,578.95,531.0,566.85,571.0,528.7,22907.6,566.85,10950,300,28,49690200.0,24,F1,75,,,,,
2025-03-19,2025-03-19,FO,NSE,IDO,61535,,NIFTY,,2025-05-29,2025-05-29,23250.0,CE,NIFTY25MAY23250CE,0.0,0.0,0.0,450.0,450.0,450.0,22907.6,508.5,2100,0,0,0.0,0,F1,75,,,,,
2025-03-19,2025-03-19,FO,NSE,IDO,61663,,NIFTY,,2025-05-29,2025-05-29,24000.0,CE,NIFTY25MAY24000CE,172.15,187.1,163.15,180.15,179.0,160.75,22907.6,180.15,1227525,363150,12941,23465593065.0,6176,F1,75,,,,,
2025-03-19,2025-03-19,FO,NSE,IDO,61671,,NIFTY,,2025-05-29,2025-05-29,24200.0,CE,NIFTY25MAY24200CE,114.25,132.55,114.25,128.85,127.95,117.15,22907.6,128.85,74475,8025,507,925064647.5,373,F1,75,,,,,
2025-03-19,2025-03-19,FO,NSE,IDO,61681,,NIFTY,,2025-05-29,2025-05-29,24450.0,CE,NIFTY25MAY24450CE,0.0,0.0,0.0,220.65,0.0,220.65,22907.6,137.4,0,0,0,0.0,0,F1,75,,,,,
2025-03-19,2025-03-19,FO,NSE,IDO,58618,,NIFTY,,2025-06-26,2025-06-26,22000.0,CE,NIFTY25JUN22000CE,1515.0,1564.0,1471.65,1545.35,1542.6,1484.15,22907.6,1545.35,343350,-43125,1774,3131387748.75,1310,F1,75,,,,,
2025-03-19,2025-03-19,FO,NSE,IDO,64680,,NIFTY,,2025-09-25,2025-09-25,18000.0,CE,NIFTY25SEP18000CE,0.0,0.0,0.0,9482.9,0.0,9482.9,22907.6,5507.55,0,0,0,0.0,0,F1,75,,,,,
2025-03-19,2025-03-19,FO,NSE,IDO,64702,,NIFTY,,2025-09-25,2025-09-25,29000.0,CE,NIFTY25SEP29000CE,0.0,0.0,0.0,1377.55,0.0,1377.55,22907.6,14.85,0,0,0,0.0,0,F1,75,,,,,
2025-03-19,2025-03-19,FO,NSE,IDO,71393,,NIFTY,,2025-12-24,2025-12-24,24000.0,CE,NIFTY25DEC24000CE,1068.65,1106.0,1045.0,1093.85,1093.95,1051.25,22907.6,1093.85,365475,-1950,865,1627102886.25,661,F1,75,,,,,
2025-03-19,2025-03-19,FO,NSE,IDO,38154,,NIFTY,,2026-06-25,2026-06-25,29000.0,CE,NIFTY26JUN29000CE,0.0,0.0,0.0,864.2,0.0,864.2,22907.6,288.95,0,0,0,0.0,0,F1,75,,,,,
2025-03-19,2025-03-19,FO,NSE,IDO,71547,,NIFTY,,2027-06-24,2027-06-24,18000.0,CE,NIFTY27JUN18000CE,0.0,0.0,0.0,4066.45,0.0,4066.45,22907.6,7408.6,0,0,0,0.0,0,F1,75,,,,,
2025-03-19,2025-03-19,FO,NSE,IDO,71560,,NIFTY,,2027-06-24,2027-06-24,24000.0,CE,NIFTY27JUN24000CE,2300.0,2300.0,2300.0,2300.0,2300.0,2299.55,22907.6,3041.15,75,75,1,1972500.0,1,F1,75,,,,,
2025-03-19,2025-03-19,FO,NSE,IDO,53613,,NIFTY,,2027-12-30,2027-12-30,21000.0,CE,NIFTY27DEC21000CE,0.0,0.0,0.0,4902.4,0.0,4902.4,22907.6,5622.75,0,0,0,0.0,0,F1,75,,,,,
2025-03-19,2025-03-19,FO,NSE,IDO,67774,,NIFTY,,2028-12-28,2028-12-28,20000.0,CE,NIFTY28DEC20000CE,0.0,0.0,0.0,8115.5,0.0,8115.5,22907.6,7412.15,0,0,0,0.0,0,F1,75,,,,,
2025-03-19,2025-03-19,FO,NSE,IDO,67784,,NIFTY,,2028-12-28,2028-12-28,25000.0,CE,NIFTY28DEC25000CE,0.0,0.0,0.0,5350.4,0.0,5350.4,22907.6,4244.35,0,0,0,0.0,0,F1,75,,,,,
2025-03-19,2025-03-19,FO,NSE,IDO,67792,,NIFTY,,2028-12-28,2028-12-28,29000.0,CE,NIFTY28DEC29000CE,0.0,0.0,0.0,3645.75,0.0,3645.75,22907.6,2445.55,0,0,0,0.0,0,F1,75,,,,,
2025-03-19,2025-03-19,FO,NSE,IDO,89638,,NIFTY,,2029-06-28,2029-06-28,28000.0,CE,NIFTY29JUN28000CE,0.0,0.0,0.0,6112.6,0.0,6112.6,22907.6,3346.45,0,0,0,0.0,0,F1,75,,,,,
2025-03-19,2025-03-19,FO,NSE,IDO,61772,,NIFTY,,2029-12-27,2029-12-27,25000.0,CE,NIFTY29DEC25000CE,0.0,0.0,0.0,7196.25,0.0,7196.25,22907.6,5324.25,0,0,0,0.0,0,F1,75,,,,,
2025-03-19,2025-03-19,FO,NSE,IDO,50060,,NIFTY,,2025-03-20,2025-03-20,20450.0,PE,NIFTY2532020450PE,0.4,0.65,0.2,0.45,0.4,0.5,22907.6,0.45,520575,-136350,24923,38226338598.75,4067,F1,75,,,,,
2025-03-19,2025-03-19,FO,NSE,IDO,50062,,NIFTY,,2025-03-20,2025-03-20,20500.0,PE,NIFTY2532020500PE,0.6,0.65,0.25,0.55,0.6,0.6,22907.6,0.55,1593375,-407625,69617,107038106482.5,18016,F1,75,,,,,
2025-03-19,2025-03-19,FO,NSE,IDO,50094,,NIFTY,,2025-03-20,2025-03-20,21050.0,PE,NIFTY2532021050PE,0.8,0.85,0.35,0.65,0.75,0.85,22907.6,0.65,190875,-16725,23441,37008330270.0,4387,F1,75,,,,,
2025-03-19,2025-03-19,FO,NSE,IDO,50110,,NIFTY,,2025-03-20,2025-03-20,21250.0,PE,NIFTY2532021250PE,0.8,1.6,0.45,0.75,1.6,0.95,22907.6,0.75,325650,-137775,28044,44696338736.25,6883,F1,75,,,,,
2025-03-19,2025-03-19,FO,NSE,IDO,50154,,NIFTY,,2025-03-20,2025-03-20,22050.0,PE,NIFTY2532022050PE,2.45,2.45,1.15,1.6,1.9,3.2,22907.6,1.6,1818900,-369375,352639,583216520103.75,69524,F1,75,,,,,
2025-03-19,2025-03-19,FO,NSE,IDO,50159,,NIFTY,,2025-03-20,2025-03-20,22150.0,PE,NIFTY2532022150PE,3.15,3.15,1.4,1.95,2.25,4.0,22907.6,1.95,2135925,-799425,385301,640137395246.25,89052,F1,75,,,,,
2025-03-19,2025-03-19,FO,NSE,IDO,50222,,NIFTY,,2025-03-20,2025-03-20,22950.0,PE,NIFTY2532022950PE,123.5,166.9,78.2,86.55,81.75,142.85,22907.6,86.55,2436525,2076300,1896698,3279063576566.25,1175181,F1,75,,,,,
2025-03-19,2025-03-19,FO,NSE,IDO,50292,,NIFTY,,2025-03-20,2025-03-20,24350.0,PE,NIFTY2532024350PE,0.0,0.0,0.0,1920.3,1918.0,1920.3,22907.6,1438.05,1875,0,0,0.0,0,F1,75,,,,,
2025-03-19,2025-03-19,FO,NSE,IDO,50308,,NIFTY,,2025-03-20,2025-03-20,24600.0,PE,NIFTY2532024600PE,1722.0,1722.0,1650.2,1655.85,1655.85,1746.0,22907.6,1688.0,9225,-750,17,33503793.75,11,F1,75,,,,,
2025-03-19,2025-03-19,FO,NSE,IDO,46797,,NIFTY,,2025-03-27,2025-03-27,20600.0,PE,NIFTY25MAR20600PE,1.8,2.0,1.4,1.85,1.9,1.95,22907.6,1.85,106500,-7500,4294,6634764112.5,1761,F1,75,,,,,
2025-03-19,2025-03-19,FO,NSE,IDO,46830,,NIFTY,,2025-03-27,2025-03-27,21100.0,PE,NIFTY25MAR21100PE,3.1,5.55,1.95,2.7,3.65,3.1,22907.6,2.7,596400,149400,19864,31438207008.75,6590,F1,75,,,,,
2025-03-19,2025-03-19,FO,NSE,IDO,46975,,NIFTY,,2025-03-27,2025-03-27,22150.0,PE,NIFTY25MAR22150PE,21.5,22.45,14.1,15.4,15.35,22.45,22907.6,15.4,468975,152550,17391,28912300916.25,9731,F1,75,,,,,
2025-03-19,2025-03-19,FO,NSE,IDO,47026,,NIFTY,,2025-03-27,2025-03-27,22650.0,PE,NIFTY25MAR22650PE,85.0,93.4,60.45,64.1,63.0,88.75,22907.6,64.1,707625,102000,36818,62741370131.25,23020,F1,75,,,,,
2025-03-19,2025-03-19,FO,NSE,IDO,48212,,NIFTY,,2025-03-27,2025-03-27,22850.0,PE,NIFTY25MAR22850PE,148.7,163.75,110.35,115.6,113.0,152.25,22907.6,115.6,490650,219075,71306,122896079786.25,42841,F1,75,,,,,
2025-03-19,2025-03-19,FO,NSE,IDO,48243,,NIFTY,,2025-03-27,2025-03-27,22900.0,PE,NIFTY25MAR22900PE,162.5,187.05,127.7,133.55,134.75,173.6,22907.6,133.55,1902450,1138275,191960,331805327478.75,113229,F1,75,,,,,
2025-03-19,2025-03-19,FO,NSE,IDO,64567,,NIFTY,,2025-03-27,2025-03-27,24000.0,PE,NIFTY25MAR24000PE,1080.0,1126.5,1010.0,1024.35,1023.35,1108.85,22907.6,1024.35,1144150,-31475,2649,4976752076.25,1841,F1,75,,,,,
2025-03-19,2025-03-19,FO,NSE,IDO,56569,,NIFTY,,2025-03-27,2025-03-27,24900.0,PE,NIFTY25MAR24900PE,0.0,0.0,0.0,2100.0,2100.0,2100.0,22907.6,1956.95,7125,0,0,0.0,0,F1,75,,,,,
2025-03-19,2025-03-19,FO,NSE,IDO,56885,,NIFTY,,2025-03-27,2025-03-27,25500.0,PE,NIFTY25MAR25500PE,2590.0,2610.0,2507.5,2521.3,2525.0,2597.2,22907.6,2521.3,245925,-20025,453,952801117.5,348,F1,75,,,,,
2025-03-19,2025-03-19,FO,NSE,IDO,64577,,NIFTY,,2025-03-27,2025-03-27,27000.0,PE,NIFTY25MAR27000PE,4080.0,4119.0,4011.0,4026.55,4034.5,4102.7,22907.6,4026.55,487725,-66475,1264,2943143276.25,1138,F1,75,,,,,
2025-03-19,2025-03-19,FO,NSE,IDO,64583,,NIFTY,,2025-03-27,2025-03-27,29000.0,PE,NIFTY25MAR29000PE,6062.45,6100.0,6025.0,6025.0,6025.0,6078.9,22907.6,6025.0,406550,-525,9,23673975.0,9,F1,75,,,,,
2025-03-19,2025-03-19,FO,NSE,IDO,54499,,NIFTY,,2025-04-03,2025-04-03,20800.0,PE,NIFTY2540320800PE,3.2,4.0,3.15,3.8,3.95,3.75,22907.6,3.8,19950,3000,153,238720297.5,42,F1,75,,,,,
2025-03-19,2025-03-19,FO,NSE,IDO,54519,,NIFTY,,2025-04-03,2025-04-03,21000.0,PE,NIFTY2540321000PE,1.0,6.4,1.0,5.1,4.9,4.9,22907.6,5.1,243000,142575,4849,7638817391.25,2635,F1,75,,,,,
2025-03-19,2025-03-19,FO,NSE,IDO,54541,,NIFTY,,2025-04-03,2025-04-03,21300.0,PE,NIFTY2540321300PE,6.5,7.5,5.05,6.5,7.1,7.5,22907.6,6.5,42525,9000,1138,1818497696.25,640,F1,75,,,,,
2025-03-19,2025-03-19,FO,NSE,IDO,54557,,NIFTY,,2025-04-03,2025-04-03,21450.0,PE,NIFTY2540321450PE,10.7,13.95,7.9,9.7,9.2,9.75,22907.6,9.7,3225,-4125,177,284874150.0,54,F1,75,,,,,
2025-03-19,2025-03-19,FO,NSE,IDO,54559,,NIFTY,,2025-04-03,2025-04-03,21500.0,PE,NIFTY2540321500PE,9.75,15.15,8.45,9.75,9.8,10.65,22907.6,9.75,253575,121575,8539,13775351418.75,3814,F1,75,,,,,
2025-03-19,2025-03-19,FO,NSE,IDO,54593,,NIFTY,,2025-04-03,2025-04-03,22350.0,PE,NIFTY2540322350PE,57.25,66.85,48.5,52.2,52.75,63.9,22907.6,52.2,984825,18900,781,1312327125.0,301,F1,75,,,,,
2025-03-19,2025-03-19,FO,NSE,IDO,54624,,NIFTY,,2025-04-03,2025-04-03,22650.0,PE,NIFTY2540322650PE,120.15,131.05,95.3,100.85,100.05,123.45,22907.6,100.85,371250,-14475,1561,2663924340.0,1028,F1,75,,,,,
2025-03-19,2025-03-19,FO,NSE,IDO,54859,,NIFTY,,2025-04-03,2025-04-03,24500.0,PE,NIFTY2540324500PE,1485.0,1485.0,1475.0,1475.45,1475.0,1582.8,22907.6,1475.45,375,300,4,7793347.5,4,F1,75,,,,,
2025-03-19,2025-03-19,FO,NSE,IDO,54863,,NIFTY,,2025-04-03,2025-04-03,24600.0,PE,NIFTY2540324600PE,0.0,0.0,0.0,1734.0,1734.0,1734.0,22907.6,1627.85,900,0,0,0.0,0,F1,75,,,,,
2025-03-19,2025-03-19,FO,NSE,IDO,43799,,NIFTY,,2025-04-09,2025-04-09,21050.0,PE,NIFTY2540921050PE,0.0,0.0,0.0,17.75,17.75,17.75,22907.6,0.55,525,0,0,0.0,0,F1,75,,,,,
2025-03-19,2025-03-19,FO,NSE,IDO,43825,,NIFTY,,2025-04-09,2025-04-09,21650.0,PE,NIFTY2540921650PE,26.2,26.2,22.7,23.45,23.45,32.75,22907.6,7.8,1350,1125,17,27633536.25,8,F1,75,,,,,
2025-03-19,2025-03-19,FO,NSE,IDO,43827,,NIFTY,,2025-04-09,2025-04-09,21700.0,PE,NIFTY2540921700PE,27.15,27.15,23.35,23.5,23.5,27.15,22907.6,9.45,10950,2850,88,143381595.0,46,F1,75,,,,,
2025-03-19,2025-03-19,FO,NSE,IDO,43920,,NIFTY,,2025-04-09,2025-04-09,23750.0,PE,NIFTY2540923750PE,0.0,0.0,0.0,1153.0,0.0,1153.0,22907.6,812.8,0,0,0,0.0,0,F1,75,,,,,
2025-03-19,2025-03-19,FO,NSE,IDO,43955,,NIFTY,,2025-04-09,2025-04-09,24500.0,PE,NIFTY2540924500PE,0.0,0.0,0.0,1820.15,0.0,1820.15,22907.6,1507.3,0,0,0,0.0,0,F1,75,,,,,
2025-03-19,2025-03-19,FO,NSE,IDO,48207,,NIFTY,,2025-04-17,2025-04-17,22900.0,PE,NIFTY2541722900PE,275.65,275.65,238.1,242.1,241.1,624.75,22907.6,242.1,2025,2025,38,65965368.75,24,F1,75,,,,,
2025-03-19,2025-03-19,FO,NSE,IDO,48330,,NIFTY,,2025-04-17,2025-04-17,24300.0,PE,NIFTY2541724300PE,0.0,0.0,0.0,1774.85,0.0,1774.85,22907.6,1296.3,0,0,0,0.0,0,F1,75,,,,,
2025-03-19,2025-03-19,FO,NSE,IDO,48334,,NIFTY,,2025-04-17,2025-04-17,24400.0,PE,NIFTY2541724400PE,0.0,0.0,0.0,1869.5,0.0,1869.5,22907.6,1389.35,0,0,0,0.0,0,F1,75,,,,,
2025-03-19,2025-03-19,FO,NSE,IDO,79273,,NIFTY,,2025-04-24,2025-04-24,21900.0,PE,NIFTY25APR21900PE,70.75,78.6,66.0,68.2,66.2,75.05,22907.6,68.2,301200,-11700,4493,7403448952.5,2767,F1,75,,,,,
2025-03-19,2025-03-19,FO,NSE,IDO,79393,,NIFTY,,2025-04-24,2025-04-24,22500.0,PE,NIFTY25APR22500PE,172.5,187.65,155.6,158.7,158.0,179.9,22907.6,158.7,2097150,72825,17985,30574612380.0,11246,F1,75,,,,,
2025-03-19,2025-03-19,FO,NSE,IDO,79410,,NIFTY,,2025-04-24,2025-04-24,22750.0,PE,NIFTY25APR22750PE,243.45,259.2,218.35,219.8,220.7,248.8,22907.6,219.8,60450,2325,314,541287393.75,268,F1,75,,,,,
2025-03-19,2025-03-19,FO,NSE,IDO,79441,,NIFTY,,2025-04-24,2025-04-24,23200.0,PE,NIFTY25APR23200PE,429.95,457.05,388.35,395.25,394.7,441.0,22907.6,395.25,179700,69900,2803,4963255541.25,1843,F1,75,,,,,
2025-03-19,2025-03-19,FO,NSE,IDO,79487,,NIFTY,,2025-04-24,2025-04-24,23350.0,PE,NIFTY25APR23350PE,536.0,536.0,469.1,471.65,470.9,531.55,22907.6,471.65,7425,5625,139,248451221.25,131,F1,75,,,,,
2025-03-19,2025-03-19,FO,NSE,IDO,79546,,NIFTY,,2025-04-24,2025-04-24,24050.0,PE,NIFTY25APR24050PE,0.0,0.0,0.0,1054.2,1054.25,1054.2,22907.6,1066.9,1125,0,0,0.0,0,F1,75,,,,,
2025-03-19,2025-03-19,FO,NSE,IDO,79728,,NIFTY,,2025-04-24,2025-04-24,25050.0,PE,NIFTY25APR25050PE,0.0,0.0,0.0,1991.75,1991.75,1991.75,22907.6,1990.75,750,0,0,0.0,0,F1,75,,,,,
2025-03-19,2025-03-19,FO,NSE,IDO,79732,,NIFTY,,2025-04-24,2025-04-24,25150.0,PE,NIFTY25APR25150PE,0.0,0.0,0.0,2089.45,2089.45,2089.45,22907.6,2088.2,1125,0,0,0.0,0,F1,75,,,,,
2025-03-19,2025-03-19,FO,NSE,IDO,79736,,NIFTY,,2025-04-24,2025-04-24,25200.0,PE,NIFTY25APR25200PE,0.0,0.0,0.0,2139.25,2139.7,2139.25,22907.6,2137.05,1125,0,0,0.0,0,F1,75,,,,,
2025-03-19,2025-03-19,FO,NSE,IDO,79751,,NIFTY,,2025-04-24,2025-04-24,25500.0,PE,NIFTY25APR25500PE,2410.05,2460.0,2332.0,2346.9,2353.45,2437.75,22907.6,2346.9,189225,73875,1275,2665522282.5,731,F1,75,,,,,
2025-03-19,2025-03-19,FO,NSE,IDO,61350,,NIFTY,,2025-05-29,2025-05-29,20850.0,PE,NIFTY25MAY20850PE,0.0,0.0,0.0,92.3,0.0,92.3,22907.6,16.7,0,0,0,0.0,0,F1,75,,,,,
2025-03-19,2025-03-19,FO,NSE,IDO,61378,,NIFTY,,2025-05-29,2025-05-29,21250.0,PE,NIFTY25MAY21250PE,0.0,0.0,0.0,102.5,102.5,102.5,22907.6,37.0,1200,0,0,0.0,0,F1,75,,,,,
2025-03-19,2025-03-19,FO,NSE,IDO,61472,,NIFTY,,2025-05-29,2025-05-29,21800.0,PE,NIFTY25MAY21800PE,125.0,132.85,111.75,119.4,118.0,128.9,22907.6,119.4,50550,21525,573,942076110.0,272,F1,75,,,,,
2025-03-19,2025-03-19,FO,NSE,IDO,61524,,NIFTY,,2025-05-29,2025-05-29,22950.0,PE,NIFTY25MAY22950PE,390.0,390.0,375.0,375.0,375.0,404.25,22907.6,415.9,150,0,2,3499875.0,2,F1,75,,,,,
2025-03-19,2025-03-19,FO,NSE,IDO,61538,,NIFTY,,2025-05-29,2025-05-29,23300.0,PE,NIFTY25MAY23300PE,540.0,542.35,517.7,518.95,519.65,567.05,22907.6,518.95,6600,975,55,98285216.25,27,F1,75,,,,,
2025-03-19,2025-03-19,FO,NSE,IDO,61548,,NIFTY,,2025-05-29,2025-05-29,23550.0,PE,NIFTY25MAY23550PE,700.0,700.0,700.0,700.0,700.0,721.05,22907.6,727.65,1200,75,1,1818750.0,1,F1,75,,,,,
2025-03-19,2025-03-19,FO,NSE,IDO,61552,,NIFTY,,2025-05-29,2025-05-29,23650.0,PE,NIFTY25MAY23650PE,0.0,0.0,0.0,784.25,784.25,784.25,22907.6,789.5,600,0,0,0.0,0,F1,75,,,,,
2025-03-19,2025-03-19,FO,NSE,IDO,55120,,NIFTY,,2025-06-26,2025-06-26,18000.0,PE,NIFTY25JUN18000PE,15.8,16.15,13.7,15.0,14.85,15.6,22907.6,15.0,201600,300,369,498568376.25,186,F1,75,,,,,
2025-03-19,2025-03-19,FO,NSE,IDO,64679,,NIFTY,,2025-09-25,2025-09-25,17000.0,PE,NIFTY25SEP17000PE,0.0,0.0,0.0,19.3,19.3,19.3,22907.6,0.1,150,0,0,0.0,0,F1,75,,,,,
2025-03-19,2025-03-19,FO,NSE,IDO,64691,,NIFTY,,2025-09-25,2025-09-25,23000.0,PE,NIFTY25SEP23000PE,590.0,615.0,565.0,568.1,566.05,608.95,22907.6,568.1,125400,7725,235,415642233.75,186,F1,75,,,,,
2025-03-19,2025-03-19,FO,NSE,IDO,64693,,NIFTY,,2025-09-25,2025-09-25,24000.0,PE,NIFTY25SEP24000PE,985.65,1021.55,945.9,957.9,975.95,1006.05,22907.6,957.9,73050,3450,124,232220167.5,100,F1,75,,,,,
2025-03-19,2025-03-19,FO,NSE,IDO,64695,,NIFTY,,2025-09-25,2025-09-25,25000.0,PE,NIFTY25SEP25000PE,1576.9,1578.35,1522.05,1555.5,1555.5,1597.5,22907.6,1662.95,70200,450,121,240916023.75,119,F1,75,,,,,
2025-03-19,2025-03-19,FO,NSE,IDO,37797,,NIFTY,,2025-12-24,2025-12-24,13000.0,PE,NIFTY25DEC13000PE,0.0,0.0,0.0,0.1,0.1,0.1,22907.6,0.05,3750,0,0,0.0,0,F1,75,,,,,
2025-03-19,2025-03-19,FO,NSE,IDO,55122,,NIFTY,,2025-12-24,2025-12-24,18000.0,PE,NIFTY25DEC18000PE,0.0,0.0,0.0,75.4,75.4,75.4,22907.6,4.4,5425,0,0,0.0,0,F1,75,,,,,
2025-03-19,2025-03-19,FO,NSE,IDO,71398,,NIFTY,,2025-12-24,2025-12-24,25000.0,PE,NIFTY25DEC25000PE,1470.0,1482.0,1431.25,1444.7,1450.2,1479.85,22907.6,1444.7,291425,-1575,197,390824898.75,172,F1,75,,,,,
2025-03-19,2025-03-19,FO,NSE,IDO,58639,,NIFTY,,2026-12-31,2026-12-31,17000.0,PE,NIFTY26DEC17000PE,0.0,0.0,0.0,97.05,97.05,97.05,22907.6,10.5,2850,0,0,0.0,0,F1,75,,,,,
2025-03-19,2025-03-19,FO,NSE,IDO,58643,,NIFTY,,2026-12-31,2026-12-31,19000.0,PE,NIFTY26DEC19000PE,0.0,0.0,0.0,256.0,256.0,256.0,22907.6,61.0,1650,0,0,0.0,0,F1,75,,,,,
2025-03-19,2025-03-19,FO,NSE,IDO,58649,,NIFTY,,2026-12-31,2026-12-31,22000.0,PE,NIFTY26DEC22000PE,0.0,0.0,0.0,584.95,584.95,584.95,22907.6,384.55,2625,0,0,0.0,0,F1,75,,,,,
2025-03-19,2025-03-19,FO,NSE,IDO,71565,,NIFTY,,2027-06-24,2027-06-24,26000.0,PE,NIFTY27JUN26000PE,0.0,0.0,0.0,6202.2,0.0,6202.2,22907.6,1572.25,0,0,0,0.0,0,F1,75,,,,,
2025-03-19,2025-03-19,FO,NSE,IDO,67781,,NIFTY,,2028-12-28,2028-12-28,23000.0,PE,NIFTY28DEC23000PE,0.0,0.0,0.0,875.0,875.0,875.0,22907.6,483.65,3675,0,0,0.0,0,F1,75,,,,,
2025-03-19,2025-03-19,FO,NSE,IDO,89635,,NIFTY,,2029-06-28,2029-06-28,26000.0,PE,NIFTY29JUN26000PE,0.0,0.0,0.0,1391.75,1391.75,1391.75,22907.6,1049.2,25,0,0,0.0,0,F1,75,,,,,
2025-03-19,2025-03-19,FO,NSE,IDO,61749,,NIFTY,,2029-12-27,2029-12-27,24000.0,PE,NIFTY29DEC24000PE,0.0,0.0,0.0,625.5,0.0,625.5,22907.6,564.35,0,0,0,0.0,0,F1,75,,,,,
2025-03-19,2025-03-19,FO,NSE,IDO,61779,,NIFTY,,2029-12-27,2029-12-27,26000.0,PE,NIFTY29DEC26000PE,0.0,0.0,0.0,969.6,0.0,969.6,22907.6,953.4,0,0,0,0.0,0,F1,75,,,,,
2025-03-19,2025-03-19,FO,NSE,IDO,61795,,NIFTY,,2029-12-27,2029-12-27,27000.0,PE,NIFTY29DEC27000PE,0.0,0.0,0.0,1177.9,0.0,1177.9,22907.6,1198.95,0,0,0,0.0,0,F1,75,,,,,
2025-03-19,2025-03-19,FO,NSE,IDO,61859,,NIFTY,,2029-12-27,2029-12-27,28000.0,PE,NIFTY29DEC28000PE,0.0,0.0,0.0,1411.3,0.0,1411.3,22907.6,1479.55,0,0,0,0.0,0,F1,75,,,,,
2025-03-19,2025-03-19,FO,NSE,IDO,54761,,NIFTY,,2025-04-03,2025-04-03,23850.0,CE,NIFTY2540323850CE,10.75,15.35,10.75,14.0,13.3,10.5,22907.6,14.0,31275,825,857,1533824471.25,276,F1,75,,,,,
2025-03-19,2025-03-19,FO,NSE,IDO,48246,,NIFTY,,2025-03-27,2025-03-27,22950.0,PE,NIFTY25MAR22950PE,193.25,212.8,147.0,154.0,154.6,196.9,22907.6,154.0,580575,400350,40773,70685686470.0,24330,F1,75,,,,,
2025-03-19,2025-03-19,FO,NSE,IDO,46989,,NIFTY,,2025-03-27,2025-03-27,22350.0,PE,NIFTY25MAR22350PE,31.35,39.5,24.75,26.85,26.3,38.15,22907.6,26.85,497625,22425,29395,49338924577.5,16485,F1,75,,,,,
2025-03-19,2025-03-19,FO,NSE,IDO,46987,,NIFTY,,2025-03-27,2025-03-27,22300.0,PE,NIFTY25MAR22300PE,32.0,34.2,21.2,23.15,23.2,33.35,22907.6,23.15,2403450,139875,75841,126988786005.0,38306,F1,75,,,,,
2025-03-19,2025-03-19,FO,NSE,IDO,46985,,NIFTY,,2025-03-27,2025-03-27,22250.0,PE,NIFTY25MAR22250PE,23.25,29.85,18.55,20.2,20.1,29.1,22907.6,20.2,512550,38250,20769,34692730927.5,12625,F1,75,,,,,
2025-03-19,2025-03-19,FO,NSE,IDO,46901,,NIFTY,,2025-03-27,2025-03-27,21700.0,PE,NIFTY25MAR21700PE,7.2,7.2,5.15,5.8,6.6,7.85,22907.6,5.8,1207200,159600,44272,72072064530.0,15764,F1,75,,,,,
2025-03-19,2025-03-19,FO,NSE,IDO,46891,,NIFTY,,2025-03-27,2025-03-27,21600.0,PE,NIFTY25MAR21600PE,5.45,5.75,4.15,4.9,4.45,6.45,22907.6,4.9,1185675,42675,50657,82082324452.5,20013,F1,75,,,,,
2025-03-19,2025-03-19,FO,NSE,IDO,64561,,NIFTY,,2025-03-27,2025-03-27,21000.0,PE,NIFTY25MAR21000PE,2.3,2.9,1.85,2.6,2.9,2.8,22907.6,2.6,6679650,1874750,105589,166320228858.75,23432,F1,75,,,,,
2025-03-19,2025-03-19,FO,NSE,IDO,46824,,NIFTY,,2025-03-27,2025-03-27,20900.0,PE,NIFTY25MAR20900PE,2.2,2.75,1.7,2.4,2.75,2.55,22907.6,2.4,265275,95100,6230,9766511385.0,2646,F1,75,,,,,
2025-03-19,2025-03-19,FO,NSE,IDO,46789,,NIFTY,,2025-03-27,2025-03-27,20450.0,PE,NIFTY25MAR20450PE,1.4,1.9,1.35,1.85,1.8,1.6,22907.6,1.85,54825,11550,548,840557962.5,199,F1,75,,,,,
2025-03-19,2025-03-19,FO,NSE,IDO,50269,,NIFTY,,2025-03-20,2025-03-20,23900.0,PE,NIFTY2532023900PE,1029.4,1033.1,956.0,966.75,966.75,1089.0,22907.6,966.75,5775,-11025,165,307816635.0,46,F1,75,,,,,
2025-03-19,2025-03-19,FO,NSE,IDO,50240,,NIFTY,,2025-03-20,2025-03-20,23400.0,PE,NIFTY2532023400PE,535.15,577.25,449.6,466.9,466.9,550.3,22907.6,466.9,18975,5550,1959,3510576536.25,1263,F1,75,,,,,
2025-03-19,2025-03-19,FO,NSE,IDO,50224,,NIFTY,,2025-03-20,2025-03-20,23000.0,PE,NIFTY2532023000PE,177.25,204.0,102.55,113.55,108.45,177.3,22907.6,113.55,2373450,1323300,1619815,2810258939145.0,979289,F1,75,,,,,
2025-03-19,2025-03-19,FO,NSE,IDO,50202,,NIFTY,,2025-03-20,2025-03-20,22650.0,PE,NIFTY2532022650PE,29.15,37.45,13.9,16.65,15.0,34.5,22907.6,16.65,4907550,292650,1613051,2742629705962.5,503271,F1,75,,,,,
2025-03-19,2025-03-19,FO,NSE,IDO,50150,,NIFTY,,2025-03-20,2025-03-20,22000.0,PE,NIFTY2532022000PE,2.5,2.5,1.05,1.55,1.75,2.95,22907.6,1.55,12392625,203475,1107943,1828220730195.0,188381,F1,75,,,,,
2025-03-19,2025-03-19,FO,NSE,IDO,50126,,NIFTY,,2025-03-20,2025-03-20,21550.0,PE,NIFTY2532021550PE,1.35,1.35,0.5,0.9,1.3,1.3,22907.6,0.9,324900,-135750,108652,175614704636.25,23985,F1,75,,,,,
2025-03-19,2025-03-19,FO,NSE,IDO,50068,,NIFTY,,2025-03-20,2025-03-20,20650.0,PE,NIFTY2532020650PE,0.75,0.75,0.3,0.55,0.7,0.6,22907.6,0.55,117825,2475,21461,33238375005.0,5045,F1,75,,,,,
2025-03-19,2025-03-19,FO,NSE,IDO,61914,,NIFTY,,2029-12-27,2029-12-27,29000.0,CE,NIFTY29DEC29000CE,0.0,0.0,0.0,5305.8,0.0,5305.8,22907.6,3445.15,0,0,0,0.0,0,F1,75,,,,,
2025-03-19,2025-03-19,FO,NSE,IDO,89636,,NIFTY,,2029-06-28,2029-06-28,27000.0,CE,NIFTY29JUN27000CE,0.0,0.0,0.0,6570.4,0.0,6570.4,22907.6,3788.75,0,0,0,0.0,0,F1,75,,,,,
2025-03-19,2025-03-19,FO,NSE,IDO,67776,,NIFTY,,2028-12-28,2028-12-28,21000.0,CE,NIFTY28DEC21000CE,0.0,0.0,0.0,7512.5,0.0,7512.5,22907.6,6711.5,0,0,0,0.0,0,F1,75,,,,,
2025-03-19,2025-03-19,FO,NSE,IDO,86147,,NIFTY,,2028-06-29,2028-06-29,22000.0,CE,NIFTY28JUN22000CE,0.0,0.0,0.0,4759.5,0.0,4759.5,22907.6,5491.35,0,0,0,0.0,0,F1,75,,,,,
2025-03-19,2025-03-19,FO,NSE,IDO,53616,,NIFTY,,2027-12-30,2027-12-30,22000.0,CE,NIFTY27DEC22000CE,0.0,0.0,0.0,4499.55,0.0,4499.55,22907.6,4921.35,0,0,0,0.0,0,F1,75,,,,,
2025-03-19,2025-03-19,FO,NSE,IDO,53603,,NIFTY,,2027-12-30,2027-12-30,18000.0,CE,NIFTY27DEC18000CE,0.0,0.0,0.0,6285.7,0.0,6285.7,22907.6,7930.15,0,0,0,0.0,0,F1,75,,,,,
2025-03-19,2025-03-19,FO,NSE,IDO,38160,,NIFTY,,2027-06-24,2027-06-24,29000.0,CE,NIFTY27JUN29000CE,0.0,0.0,0.0,1545.2,0.0,1545.2,22907.6,1023.0,0,0,0,0.0,0,F1,75,,,,,
2025-03-19,2025-03-19,FO,NSE,IDO,71503,,NIFTY,,2026-12-31,2026-12-31,25000.0,CE,NIFTY26DEC25000CE,1825.0,1874.95,1825.0,1874.95,1874.95,1780.0,22907.6,1874.95,9125,75,3,6042371.25,3,F1,75,,,,,
2025-03-19,2025-03-19,FO,NSE,IDO,58644,,NIFTY,,2026-12-31,2026-12-31,20000.0,CE,NIFTY26DEC20000CE,0.0,0.0,0.0,3704.3,0.0,3704.3,22907.6,5223.3,0,0,0,0.0,0,F1,75,,,,,
2025-03-19,2025-03-19,FO,NSE,IDO,71474,,NIFTY,,2026-06-25,2026-06-25,25000.0,CE,NIFTY26JUN25000CE,0.0,0.0,0.0,1510.4,0.0,1510.4,22907.6,1306.4,0,0,0,0.0,0,F1,75,,,,,
2025-03-19,2025-03-19,FO,NSE,IDO,64678,,NIFTY,,2025-09-25,2025-09-25,17000.0,CE,NIFTY25SEP17000CE,0.0,0.0,0.0,10410.55,0.0,10410.55,22907.6,6473.3,0,0,0,0.0,0,F1,75,,,,,
2025-03-19,2025-03-19,FO,NSE,IDO,61667,,NIFTY,,2025-05-29,2025-05-29,24100.0,CE,NIFTY25MAY24100CE,161.0,161.0,140.0,151.75,150.65,137.65,22907.6,151.75,19500,6525,155,281917132.5,98,F1,75,,,,,
2025-03-19,2025-03-19,FO,NSE,IDO,61541,,NIFTY,,2025-05-29,2025-05-29,23400.0,CE,NIFTY25MAY23400CE,392.0,420.0,390.0,411.35,409.3,378.65,22907.6,411.35,12450,1575,81,144602992.5,34,F1,75,,,,,
2025-03-19,2025-03-19,FO,NSE,IDO,61503,,NIFTY,,2025-05-29,2025-05-29,22450.0,CE,NIFTY25MAY22450CE,0.0,0.0,0.0,926.35,926.35,926.35,22907.6,974.8,2475,0,0,0.0,0,F1,75,,,,,
2025-03-19,2025-03-19,FO,NSE,IDO,61493,,NIFTY,,2025-05-29,2025-05-29,22200.0,CE,NIFTY25MAY22200CE,1145.1,1175.0,1145.1,1175.0,1175.0,1108.55,22907.6,1156.3,4500,0,4,7008877.5,4,F1,75,,,,,
2025-03-19,2025-03-19,FO,NSE,IDO,61473,,NIFTY,,2025-05-29,2025-05-29,21850.0,CE,NIFTY25MAY21850CE,0.0,0.0,0.0,1429.55,1429.75,1429.55,22907.6,1434.5,900,0,0,0.0,0,F1,75,,,,,
2025-03-19,2025-03-19,FO,NSE,IDO,61401,,NIFTY,,2025-05-29,2025-05-29,21650.0,CE,NIFTY25MAY21650CE,0.0,0.0,0.0,1600.05,1600.35,1600.05,22907.6,1604.15,975,0,0,0.0,0,F1,75,,,,,
2025-03-19,2025-03-19,FO,NSE,IDO,61393,,NIFTY,,2025-05-29,2025-05-29,21450.0,CE,NIFTY25MAY21450CE,0.0,0.0,0.0,1775.35,1775.55,1775.35,22907.6,1780.2,825,0,0,0.0,0,F1,75,,,,,
2025-03-19,2025-03-19,FO,NSE,IDO,61360,,NIFTY,,2025-05-29,2025-05-29,21100.0,CE,NIFTY25MAY21100CE,0.0,0.0,0.0,2089.35,2089.05,2089.35,22907.6,2100.45,825,0,0,0.0,0,F1,75,,,,,
2025-03-19,2025-03-19,FO,NSE,IDO,61355,,NIFTY,,2025-05-29,2025-05-29,21000.0,CE,NIFTY25MAY21000CE,2216.95,2259.0,2204.0,2249.55,2250.3,2149.7,22907.6,2249.55,17100,5625,76,132467617.5,76,F1,75,,,,,
2025-03-19,2025-03-19,FO,NSE,IDO,61353,,NIFTY,,2025-05-29,2025-05-29,20950.0,CE,NIFTY25MAY20950CE,0.0,0.0,0.0,1998.55,1998.3,1998.55,22907.6,2241.35,825,0,0,0.0,0,F1,75,,,,,
2025-03-19,2025-03-19,FO,NSE,IDO,79737,,NIFTY,,2025-04-24,2025-04-24,25250.0,CE,NIFTY25APR25250CE,6.2,7.5,6.2,7.25,7.5,5.35,22907.6,7.25,7425,-150,19,35990501.25,13,F1,75,,,,,
2025-03-19,2025-03-19,FO,NSE,IDO,79674,,NIFTY,,2025-04-24,2025-04-24,24800.0,CE,NIFTY25APR24800CE,11.8,12.2,9.7,10.6,10.65,10.2,22907.6,10.6,46050,8625,943,1754750823.75,332,F1,75,,,,,
2025-03-19,2025-03-19,FO,NSE,IDO,79529,,NIFTY,,2025-04-24,2025-04-24,24000.0,CE,NIFTY25APR24000CE,58.3,66.5,54.25,63.55,63.5,55.25,22907.6,63.55,2047350,159225,20624,37219038918.75,11275,F1,75,,,,,
2025-03-19,2025-03-19,FO,NSE,IDO,79272,,NIFTY,,2025-04-24,2025-04-24,21900.0,CE,NIFTY25APR21900CE,0.0,0.0,0.0,1160.65,1160.65,1160.65,22907.6,1195.6,31575,0,0,0.0,0,F1,75,,,,,
2025-03-19,2025-03-19,FO,NSE,IDO,48311,,NIFTY,,2025-04-17,2025-04-17,24050.0,CE,NIFTY2541724050CE,31.85,31.85,31.85,31.85,31.85,41.0,22907.6,52.25,150,150,2,3612277.5,1,F1,75,,,,,
2025-03-19,2025-03-19,FO,NSE,IDO,48269,,NIFTY,,2025-04-17,2025-04-17,23600.0,CE,NIFTY2541723600CE,0.0,0.0,0.0,81.8,81.8,81.8,22907.6,131.85,150,0,0,0.0,0,F1,75,,,,,
2025-03-19,2025-03-19,FO,NSE,IDO,48218,,NIFTY,,2025-04-17,2025-04-17,23100.0,CE,NIFTY2541723100CE,294.3,294.3,290.65,290.65,290.65,201.55,22907.6,305.55,75,75,2,3508871.25,2,F1,75,,,,,
2025-03-19,2025-03-19,FO,NSE,IDO,48210,,NIFTY,,2025-04-17,2025-04-17,23000.0,CE,NIFTY2541723000CE,326.65,384.0,326.65,373.6,369.0,334.85,22907.6,373.6,3000,-450,67,117393067.5,49,F1,75,,,,,
2025-03-19,2025-03-19,FO,NSE,IDO,48208,,NIFTY,,2025-04-17,2025-04-17,22950.0,CE,NIFTY2541722950CE,0.0,0.0,0.0,248.65,0.0,248.65,22907.6,379.15,0,0,0,0.0,0,F1,75,,,,,
2025-03-19,2025-03-19,FO,NSE,IDO,48190,,NIFTY,,2025-04-17,2025-04-17,22750.0,CE,NIFTY2541722750CE,0.0,0.0,0.0,497.1,503.45,497.1,22907.6,493.4,2475,0,0,0.0,0,F1,75,,,,,
2025-03-19,2025-03-19,FO,NSE,IDO,48064,,NIFTY,,2025-04-17,2025-04-17,21050.0,CE,NIFTY2541721050CE,0.0,0.0,0.0,1512.25,0.0,1512.25,22907.6,1968.2,0,0,0,0.0,0,F1,75,,,,,
2025-03-19,2025-03-19,FO,NSE,IDO,43946,,NIFTY,,2025-04-09,2025-04-09,24300.0,CE,NIFTY2540924300CE,9.65,11.15,6.6,8.9,8.95,8.7,22907.6,8.9,26625,-75,226,412036822.5,146,F1,75,,,,,
2025-03-19,2025-03-19,FO,NSE,IDO,43872,,NIFTY,,2025-04-09,2025-04-09,22800.0,CE,NIFTY2540922800CE,404.85,441.1,377.95,430.75,427.8,379.4,22907.6,430.75,12450,1725,236,410833143.75,142,F1,75,,,,,
2025-03-19,2025-03-19,FO,NSE,IDO,43798,,NIFTY,,2025-04-09,2025-04-09,21050.0,CE,NIFTY2540921050CE,0.0,0.0,0.0,1663.1,0.0,1663.1,22907.6,1936.75,0,0,0,0.0,0,F1,75,,,,,
2025-03-19,2025-03-19,FO,NSE,IDO,43788,,NIFTY,,2025-04-09,2025-04-09,20800.0,CE,NIFTY2540920800CE,0.0,0.0,0.0,1898.9,0.0,1898.9,22907.6,2185.4,0,0,0,0.0,0,F1,75,,,,,
2025-03-19,2025-03-19,FO,NSE,IDO,43780,,NIFTY,,2025-04-09,2025-04-09,20650.0,CE,NIFTY2540920650CE,0.0,0.0,0.0,2042.95,0.0,2042.95,22907.6,2334.75,0,0,0,0.0,0,F1,75,,,,,
2025-03-19,2025-03-19,FO,NSE,IDO,54860,,NIFTY,,2025-04-03,2025-04-03,24550.0,CE,NIFTY2540324550CE,3.15,3.25,2.75,3.1,3.05,2.65,22907.6,3.1,13800,7200,291,535869131.25,96,F1,75,,,,,
2025-03-19,2025-03-19,FO,NSE,IDO,54858,,NIFTY,,2025-04-03,2025-04-03,24500.0,CE,NIFTY2540324500CE,3.1,3.45,2.55,3.15,3.0,2.7,22907.6,3.15,102750,32700,2263,4158769230.0,869,F1,75,,,,,
2025-03-19,2025-03-19,FO,NSE,IDO,54841,,NIFTY,,2025-04-03,2025-04-03,24200.0,CE,NIFTY2540324200CE,4.0,5.45,4.0,5.1,5.35,3.85,22907.6,5.1,51825,18600,767,1392389418.75,229,F1,75,,,,,
2025-03-19,2025-03-19,FO,NSE,IDO,54837,,NIFTY,,2025-04-03,2025-04-03,24100.0,CE,NIFTY2540324100CE,6.1,7.0,5.05,6.2,6.6,6.35,22907.6,6.2,20925,9450,452,817199662.5,193,F1,75,,,,,
2025-03-19,2025-03-19,FO,NSE,IDO,54714,,NIFTY,,2025-04-03,2025-04-03,23550.0,CE,NIFTY2540323550CE,34.05,45.6,32.3,42.8,40.65,32.45,22907.6,42.8,21900,3150,910,1610053503.75,436,F1,75,,,,,
2025-03-19,2025-03-19,FO,NSE,IDO,54640,,NIFTY,,2025-04-03,2025-04-03,23000.0,CE,NIFTY2540323000CE,200.85,245.55,190.65,234.7,234.1,199.3,22907.6,234.7,553950,120900,14986,26102761233.75,9735,F1,75,,,,,
2025-03-19,2025-03-19,FO,NSE,IDO,54627,,NIFTY,,2025-04-03,2025-04-03,22750.0,CE,NIFTY2540322750CE,369.95,403.65,337.9,395.0,395.75,346.05,22907.6,395.0,470700,5400,616,1068709417.5,534,F1,75,,,,,
2025-03-19,2025-03-19,FO,NSE,IDO,54623,,NIFTY,,2025-04-03,2025-04-03,22650.0,CE,NIFTY2540322650CE,451.8,477.75,403.0,472.0,465.75,417.3,22907.6,472.0,355350,-150,107,185362023.75,79,F1,75,,,,,
2025-03-19,2025-03-19,FO,NSE,IDO,54596,,NIFTY,,2025-04-03,2025-04-03,22450.0,CE,NIFTY2540322450CE,578.0,644.35,578.0,628.9,628.9,567.75,22907.6,628.9,464400,675,31,53614106.25,27,F1,75,,,,,
2025-03-19,2025-03-19,FO,NSE,IDO,54564,,NIFTY,,2025-04-03,2025-04-03,21650.0,CE,NIFTY2540321650CE,0.0,0.0,0.0,1277.0,1277.35,1277.0,22907.6,1318.2,225,0,0,0.0,0,F1,75,,,,,
2025-03-19,2025-03-19,FO,NSE,IDO,54518,,NIFTY,,2025-04-03,2025-04-03,21000.0,CE,NIFTY2540321000CE,2005.0,2005.0,2005.0,2005.0,2005.0,1913.4,22907.6,1963.7,150,75,1,1725375.0,1,F1,75,,,,,
2025-03-19,2025-03-19,FO,NSE,IDO,54512,,NIFTY,,2025-04-03,2025-04-03,20900.0,CE,NIFTY2540320900CE,0.0,0.0,0.0,2021.45,2021.05,2021.45,22907.6,2063.4,225,0,0,0.0,0,F1,75,,,,,
2025-03-19,2025-03-19,FO,NSE,IDO,54466,,NIFTY,,2025-04-03,2025-04-03,20350.0,CE,NIFTY2540320350CE,0.0,0.0,0.0,2567.45,2567.45,2567.45,22907.6,2611.9,75,0,0,0.0,0,F1,75,,,,,
2025-03-19,2025-03-19,FO,NSE,IDO,56878,,NIFTY,,2025-03-27,2025-03-27,25350.0,CE,NIFTY25MAR25350CE,0.6,0.95,0.6,0.9,0.95,0.85,22907.6,0.9,10500,-1575,79,150203220.0,42,F1,75,,,,,
2025-03-19,2025-03-19,FO,NSE,IDO,56546,,NIFTY,,2025-03-27,2025-03-27,24800.0,CE,NIFTY25MAR24800CE,0.85,1.1,0.75,1.0,1.0,0.9,22907.6,1.0,160350,750,1432,2663616296.25,398,F1,75,,,,,
2025-03-19,2025-03-19,FO,NSE,IDO,54723,,NIFTY,,2025-03-27,2025-03-27,23950.0,CE,NIFTY25MAR23950CE,2.5,2.85,1.9,2.25,2.15,2.1,22907.6,2.25,358275,288975,9701,17427005812.5,3884,F1,75,,,,,
2025-03-19,2025-03-19,FO,NSE,IDO,51473,,NIFTY,,2025-03-27,2025-03-27,23600.0,CE,NIFTY25MAR23600CE,8.0,10.55,7.4,10.0,9.7,7.4,22907.6,10.0,1745775,442425,70817,125394157691.25,31825,F1,75,,,,,
2025-03-19,2025-03-19,FO,NSE,IDO,48695,,NIFTY,,2025-03-27,2025-03-27,23200.0,CE,NIFTY25MAR23200CE,55.0,73.3,48.4,68.4,66.8,51.3,22907.6,68.4,3733050,1186200,188399,328711260146.25,89908,F1,75,,,,,
2025-03-19,2025-03-19,FO,NSE,IDO,48245,,NIFTY,,2025-03-27,2025-03-27,22950.0,CE,NIFTY25MAR22950CE,153.05,189.4,133.25,178.0,177.6,144.75,22907.6,178.0,538350,161700,55061,95462659027.5,35621,F1,75,,,,,
2025-03-19,2025-03-19,FO,NSE,IDO,47042,,NIFTY,,2025-03-27,2025-03-27,22800.0,CE,NIFTY25MAR22800CE,240.0,287.45,212.95,272.95,270.8,228.8,22907.6,272.95,2103600,-304200,108698,187935217372.5,71475,F1,75,,,,,
2025-03-19,2025-03-19,FO,NSE,IDO,47014,,NIFTY,,2025-03-27,2025-03-27,22550.0,CE,NIFTY25MAR22550CE,426.3,487.0,390.45,472.75,471.85,409.9,22907.6,472.75,376200,-31875,2233,3851504501.25,1311,F1,75,,,,,
2025-03-19,2025-03-19,FO,NSE,IDO,46986,,NIFTY,,2025-03-27,2025-03-27,22300.0,CE,NIFTY25MAR22300CE,649.95,712.6,606.0,696.65,694.2,629.45,22907.6,696.65,531000,-30750,2255,3885446595.0,1320,F1,75,,,,,
2025-03-19,2025-03-19,FO,NSE,IDO,46908,,NIFTY,,2025-03-27,2025-03-27,21750.0,CE,NIFTY25MAR21750CE,1199.7,1235.3,1125.75,1224.6,1224.6,1157.65,22907.6,1224.6,18525,0,30,51577841.25,26,F1,75,,,,,
2025-03-19,2025-03-19,FO,NSE,IDO,46888,,NIFTY,,2025-03-27,2025-03-27,21600.0,CE,NIFTY25MAR21600CE,1331.1,1390.0,1293.25,1377.45,1377.5,1278.15,22907.6,1377.45,31350,-5850,170,292478996.25,105,F1,75,,,,,
2025-03-19,2025-03-19,FO,NSE,IDO,46878,,NIFTY,,2025-03-27,2025-03-27,21450.0,CE,NIFTY25MAR21450CE,0.0,0.0,0.0,1424.35,1424.55,1424.35,22907.6,1488.15,825,0,0,0.0,0,F1,75,,,,,
2025-03-19,2025-03-19,FO,NSE,IDO,46842,,NIFTY,,2025-03-27,2025-03-27,21200.0,CE,NIFTY25MAR21200CE,0.0,0.0,0.0,1660.4,1660.4,1660.4,22907.6,1737.8,3000,0,0,0.0,0,F1,75,,,,,
2025-03-19,2025-03-19,FO,NSE,IDO,50321,,NIFTY,,2025-03-20,2025-03-20,24800.0,CE,NIFTY2532024800CE,0.3,0.3,0.15,0.2,0.15,0.25,22907.6,0.2,4119675,-418575,145468,270572958367.5,23708,F1,75,,,,,
2025-03-19,2025-03-19,FO,NSE,IDO,50307,,NIFTY,,2025-03-20,2025-03-20,24600.0,CE,NIFTY2532024600CE,0.3,0.35,0.15,0.25,0.15,0.3,22907.6,0.25,182025,-89775,21642,39929911305.0,4445,F1,75,,,,,
2025-03-19,2025-03-19,FO,NSE,IDO,50241,,NIFTY,,2025-03-20,2025-03-20,23450.0,CE,NIFTY2532023450CE,1.25,1.5,0.95,1.15,1.05,1.15,22907.6,1.15,1596000,665325,357318,628464500336.25,78799,F1,75,,,,,
2025-03-19,2025-03-19,FO,NSE,IDO,50205,,NIFTY,,2025-03-20,2025-03-20,22750.0,CE,NIFTY2532022750CE,167.2,232.0,133.0,212.25,208.6,153.3,22907.6,212.25,1032225,-886425,450056,774108103908.75,312560,F1,75,,,,,
2025-03-19,2025-03-19,FO,NSE,IDO,50133,,NIFTY,,2025-03-20,2025-03-20,21700.0,CE,NIFTY2532021700CE,1140.0,1236.5,1129.0,1232.85,1232.85,1157.35,22907.6,1232.85,15075,-975,21,36061875.0,18,F1,75,,,,,
2025-03-19,2025-03-19,FO,NSE,IDO,50121,,NIFTY,,2025-03-20,2025-03-20,21500.0,CE,NIFTY2532021500CE,1344.0,1444.2,1344.0,1431.6,1435.4,1361.35,22907.6,1431.6,32325,9000,469,806459790.0,221,F1,75,,,,,
2025-03-19,2025-03-19,FO,NSE,IDO,50061,,NIFTY,,2025-03-20,2025-03-20,20500.0,CE,NIFTY2532020500CE,2371.0,2385.0,2371.0,2375.0,2375.0,1970.0,22907.6,2411.25,900,-600,21,36030157.5,4,F1,75,,,,,
2025-03-19,2025-03-19,FO,NSE,IDO,50055,,NIFTY,,2025-03-20,2025-03-20,20350.0,CE,NIFTY2532020350CE,2600.15,2600.5,2478.05,2581.5,2581.5,2260.0,22907.6,2581.5,525,0,9,15468937.5,7,F1,75,,,,,
2025-03-19,2025-03-19,FO,NSE,IDO,54643,,NIFTY,,2025-04-03,2025-04-03,23050.0,PE,NIFTY2540323050PE,286.0,290.25,230.25,236.65,236.15,281.25,22907.6,236.65,21675,10500,500,873576956.25,343,F1,75,,,,,
2025-03-19,2025-03-19,FO,NSE,IDO,54664,,NIFTY,,2025-04-03,2025-04-03,23150.0,PE,NIFTY2540323150PE,300.0,311.2,279.95,286.3,288.9,335.75,22907.6,286.3,12075,-1725,137,240898710.0,92,F1,75,,,,,
2025-03-19,2025-03-19,FO,NSE,IDO,54682,,NIFTY,,2025-04-03,2025-04-03,23300.0,PE,NIFTY2540323300PE,417.45,434.85,368.0,379.35,376.9,466.0,22907.6,379.35,119400,118425,2425,4308564573.75,1273,F1,75,,,,,
2025-03-19,2025-03-19,FO,NSE,IDO,54715,,NIFTY,,2025-04-03,2025-04-03,23550.0,PE,NIFTY2540323550PE,633.4,633.4,580.55,580.55,580.55,677.95,22907.6,638.35,450,150,2,3623546.25,2,F1,75,,,,,
2025-03-19,2025-03-19,FO,NSE,IDO,43786,,NIFTY,,2025-04-09,2025-04-09,20750.0,PE,NIFTY2540920750PE,0.0,0.0,0.0,7.0,7.0,7.0,22907.6,0.1,750,0,0,0.0,0,F1,75,,,,,
2025-03-19,2025-03-19,FO,NSE,IDO,43831,,NIFTY,,2025-04-09,2025-04-09,21800.0,PE,NIFTY2540921800PE,33.95,34.25,27.95,29.95,29.2,33.95,22907.6,29.95,14325,2100,195,319264425.0,122,F1,75,,,,,
2025-03-19,2025-03-19,FO,NSE,IDO,43839,,NIFTY,,2025-04-09,2025-04-09,22000.0,PE,NIFTY2540922000PE,44.35,51.5,40.35,42.8,42.55,49.65,22907.6,42.8,55575,15600,1287,2127744933.75,650,F1,75,,,,,
2025-03-19,2025-03-19,FO,NSE,IDO,43849,,NIFTY,,2025-04-09,2025-04-09,22250.0,PE,NIFTY2540922250PE,0.0,0.0,0.0,247.2,0.0,247.2,22907.6,55.45,0,0,0,0.0,0,F1,75,,,,,
2025-03-19,2025-03-19,FO,NSE,IDO,43857,,NIFTY,,2025-04-09,2025-04-09,22450.0,PE,NIFTY2540922450PE,95.6,95.6,95.6,95.6,95.6,208.65,22907.6,95.6,225,0,1,1690920.0,1,F1,75,,,,,
2025-03-19,2025-03-19,FO,NSE,IDO,43861,,NIFTY,,2025-04-09,2025-04-09,22550.0,PE,NIFTY2540922550PE,130.6,141.3,115.0,117.25,115.95,133.9,22907.6,117.25,1050,450,24,40815292.5,15,F1,75,,,,,
2025-03-19,2025-03-19,FO,NSE,IDO,43878,,NIFTY,,2025-04-09,2025-04-09,22850.0,PE,NIFTY2540922850PE,216.35,216.4,192.25,192.25,192.25,519.55,22907.6,222.95,1350,1350,31,53608095.0,17,F1,75,,,,,
2025-03-19,2025-03-19,FO,NSE,IDO,43893,,NIFTY,,2025-04-09,2025-04-09,23100.0,PE,NIFTY2540923100PE,305.8,305.8,299.0,302.4,299.0,670.6,22907.6,302.4,150,150,2,3510360.0,2,F1,75,,,,,
2025-03-19,2025-03-19,FO,NSE,IDO,43915,,NIFTY,,2025-04-09,2025-04-09,23650.0,PE,NIFTY2540923650PE,0.0,0.0,0.0,1071.6,0.0,1071.6,22907.6,729.7,0,0,0,0.0,0,F1,75,,,,,
2025-03-19,2025-03-19,FO,NSE,IDO,43917,,NIFTY,,2025-04-09,2025-04-09,23700.0,PE,NIFTY2540923700PE,0.0,0.0,0.0,1112.0,0.0,1112.0,22907.6,770.85,0,0,0,0.0,0,F1,75,,,,,
2025-03-19,2025-03-19,FO,NSE,IDO,43953,,NIFTY,,2025-04-09,2025-04-09,24450.0,PE,NIFTY2540924450PE,0.0,0.0,0.0,1773.35,0.0,1773.35,22907.6,1458.65,0,0,0,0.0,0,F1,75,,,,,
2025-03-19,2025-03-19,FO,NSE,IDO,48077,,NIFTY,,2025-04-17,2025-04-17,21100.0,PE,NIFTY2541721100PE,0.0,0.0,0.0,36.55,0.0,36.55,22907.6,2.6,0,0,0,0.0,0,F1,75,,,,,
2025-03-19,2025-03-19,FO,NSE,IDO,48103,,NIFTY,,2025-04-17,2025-04-17,21500.0,PE,NIFTY2541721500PE,29.95,31.0,27.95,30.75,30.75,30.2,22907.6,30.75,4800,675,32,51670440.0,21,F1,75,,,,,
2025-03-19,2025-03-19,FO,NSE,IDO,48109,,NIFTY,,2025-04-17,2025-04-17,21650.0,PE,NIFTY2541721650PE,37.0,37.0,37.0,37.0,37.0,35.0,22907.6,16.9,375,300,5,8132625.0,1,F1,75,,,,,
2025-03-19,2025-03-19,FO,NSE,IDO,48119,,NIFTY,,2025-04-17,2025-04-17,21900.0,PE,NIFTY2541721900PE,50.65,53.1,50.65,52.35,52.35,72.15,22907.6,52.35,150,75,3,4939207.5,3,F1,75,,,,,
2025-03-19,2025-03-19,FO,NSE,IDO,48129,,NIFTY,,2025-04-17,2025-04-17,22050.0,PE,NIFTY2541722050PE,0.0,0.0,0.0,215.15,0.0,215.15,22907.6,50.55,0,0,0,0.0,0,F1,75,,,,,
2025-03-19,2025-03-19,FO,NSE,IDO,48173,,NIFTY,,2025-04-17,2025-04-17,22450.0,PE,NIFTY2541722450PE,0.0,0.0,0.0,374.5,0.0,374.5,22907.6,124.5,0,0,0,0.0,0,F1,75,,,,,
2025-03-19,2025-03-19,FO,NSE,IDO,48258,,NIFTY,,2025-04-17,2025-04-17,23400.0,PE,NIFTY2541723400PE,0.0,0.0,0.0,983.8,0.0,983.8,22907.6,560.7,0,0,0,0.0,0,F1,75,,,,,
2025-03-19,2025-03-19,FO,NSE,IDO,48310,,NIFTY,,2025-04-17,2025-04-17,24000.0,PE,NIFTY2541724000PE,0.0,0.0,0.0,1496.9,0.0,1496.9,22907.6,1027.2,0,0,0,0.0,0,F1,75,,,,,
2025-03-19,2025-03-19,FO,NSE,IDO,48342,,NIFTY,,2025-04-17,2025-04-17,24600.0,PE,NIFTY2541724600PE,0.0,0.0,0.0,2061.15,0.0,2061.15,22907.6,1579.1,0,0,0,0.0,0,F1,75,,,,,
2025-03-19,2025-03-19,FO,NSE,IDO,79214,,NIFTY,,2025-04-24,2025-04-24,20600.0,PE,NIFTY25APR20600PE,14.5,17.3,14.4,16.65,16.5,16.1,22907.6,16.65,31875,-4125,549,848864602.5,245,F1,75,,,,,
2025-03-19,2025-03-19,FO,NSE,IDO,79226,,NIFTY,,2025-04-24,2025-04-24,20900.0,PE,NIFTY25APR20900PE,21.05,22.55,19.95,21.4,21.85,20.75,22907.6,21.4,104625,-14775,784,1230161370.0,489,F1,75,,,,,
2025-03-19,2025-03-19,FO,NSE,IDO,79234,,NIFTY,,2025-04-24,2025-04-24,21100.0,PE,NIFTY25APR21100PE,24.9,27.85,23.45,26.3,25.55,26.2,22907.6,26.3,194475,-12300,4116,6521580903.75,1898,F1,75,,,,,
2025-03-19,2025-03-19,FO,NSE,IDO,79236,,NIFTY,,2025-04-24,2025-04-24,21150.0,PE,NIFTY25APR21150PE,0.0,0.0,0.0,32.25,32.25,32.25,22907.6,6.25,4275,0,0,0.0,0,F1,75,,,,,
2025-03-19,2025-03-19,FO,NSE,IDO,79238,,NIFTY,,2025-04-24,2025-04-24,21200.0,PE,NIFTY25APR21200PE,28.95,31.05,27.15,29.0,28.5,29.35,22907.6,29.0,159825,-93600,3553,5656968116.25,1708,F1,75,,,,,
2025-03-19,2025-03-19,FO,NSE,IDO,79254,,NIFTY,,2025-04-24,2025-04-24,21450.0,PE,NIFTY25APR21450PE,35.0,41.15,35.0,38.0,37.9,40.85,22907.6,38.0,23550,13200,385,620483696.25,171,F1,75,,,,,
2025-03-19,2025-03-19,FO,NSE,IDO,79259,,NIFTY,,2025-04-24,2025-04-24,21550.0,PE,NIFTY25APR21550PE,45.95,47.05,42.6,43.2,43.2,46.5,22907.6,43.2,14850,825,92,148998990.0,50,F1,75,,,,,
2025-03-19,2025-03-19,FO,NSE,IDO,79267,,NIFTY,,2025-04-24,2025-04-24,21750.0,PE,NIFTY25APR21750PE,55.3,63.55,52.9,56.3,55.7,61.1,22907.6,56.3,20925,-2550,119,194628217.5,80,F1,75,,,,,
2025-03-19,2025-03-19,FO,NSE,IDO,79427,,NIFTY,,2025-04-24,2025-04-24,22950.0,PE,NIFTY25APR22950PE,317.45,335.0,277.1,287.2,283.85,322.7,22907.6,287.2,64650,5700,520,906621127.5,354,F1,75,,,,,
2025-03-19,2025-03-19,FO,NSE,IDO,79510,,NIFTY,,2025-04-24,2025-04-24,23700.0,PE,NIFTY25APR23700PE,750.0,774.05,686.0,695.0,695.0,767.8,22907.6,695.0,142650,3600,770,1409842425.0,743,F1,75,,,,,
2025-03-19,2025-03-19,FO,NSE,IDO,79528,,NIFTY,,2025-04-24,2025-04-24,23950.0,PE,NIFTY25APR23950PE,0.0,0.0,0.0,968.9,968.9,968.9,22907.6,983.55,900,0,0,0.0,0,F1,75,,,,,
2025-03-19,2025-03-19,FO,NSE,IDO,79611,,NIFTY,,2025-04-24,2025-04-24,24200.0,PE,NIFTY25APR24200PE,1150.0,1156.6,1091.0,1097.8,1097.8,1190.9,22907.6,1097.8,15000,7875,132,250697456.25,53,F1,75,,,,,
2025-03-19,2025-03-19,FO,NSE,IDO,79631,,NIFTY,,2025-04-24,2025-04-24,24250.0,PE,NIFTY25APR24250PE,0.0,0.0,0.0,1234.75,1234.75,1234.75,22907.6,1240.2,600,0,0,0.0,0,F1,75,,,,,
2025-03-19,2025-03-19,FO,NSE,IDO,79726,,NIFTY,,2025-04-24,2025-04-24,25000.0,PE,NIFTY25APR25000PE,1925.1,1955.0,1847.45,1859.2,1858.1,1943.95,22907.6,1859.2,305700,71325,1272,2564109360.0,774,F1,75,,,,,
2025-03-19,2025-03-19,FO,NSE,IDO,61356,,NIFTY,,2025-05-29,2025-05-29,21000.0,PE,NIFTY25MAY21000PE,58.95,61.35,54.25,57.85,56.45,59.05,22907.6,57.85,896700,66375,6396,10101340237.5,3584,F1,75,,,,,
2025-03-19,2025-03-19,FO,NSE,IDO,61400,,NIFTY,,2025-05-29,2025-05-29,21600.0,PE,NIFTY25MAY21600PE,106.0,107.0,95.0,97.7,96.3,109.2,22907.6,97.7,37800,21375,355,577742602.5,113,F1,75,,,,,
2025-03-19,2025-03-19,FO,NSE,IDO,61482,,NIFTY,,2025-05-29,2025-05-29,21900.0,PE,NIFTY25MAY21900PE,141.5,147.25,130.0,133.6,134.2,143.3,22907.6,133.6,16425,-4650,397,656063726.25,159,F1,75,,,,,
2025-03-19,2025-03-19,FO,NSE,IDO,61540,,NIFTY,,2025-05-29,2025-05-29,23350.0,PE,NIFTY25MAY23350PE,597.25,597.25,582.35,582.35,582.35,605.15,22907.6,612.2,1800,0,2,3590970.0,2,F1,75,,,,,
2025-03-19,2025-03-19,FO,NSE,IDO,61546,,NIFTY,,2025-05-29,2025-05-29,23500.0,PE,NIFTY25MAY23500PE,668.95,682.25,607.85,614.2,610.45,669.0,22907.6,614.2,88950,34500,1391,2517421215.0,881,F1,75,,,,,
2025-03-19,2025-03-19,FO,NSE,IDO,61620,,NIFTY,,2025-05-29,2025-05-29,23900.0,PE,NIFTY25MAY23900PE,870.95,929.75,831.45,831.45,831.45,949.5,22907.6,831.45,25950,25725,372,690765228.75,368,F1,75,,,,,
2025-03-19,2025-03-19,FO,NSE,IDO,61666,,NIFTY,,2025-05-29,2025-05-29,24050.0,PE,NIFTY25MAY24050PE,0.0,0.0,0.0,1054.45,1054.45,1054.45,22907.6,1062.9,675,0,0,0.0,0,F1,75,,,,,
2025-03-19,2025-03-19,FO,NSE,IDO,39986,,NIFTY,,2025-06-26,2025-06-26,19000.0,PE,NIFTY25JUN19000PE,23.05,25.25,23.05,24.55,24.2,23.85,22907.6,24.55,949725,4325,729,1040137226.25,368,F1,75,,,,,
2025-03-19,2025-03-19,FO,NSE,IDO,71384,,NIFTY,,2025-06-26,2025-06-26,26000.0,PE,NIFTY25JUN26000PE,2670.1,2681.0,2556.85,2587.35,2595.0,2670.1,22907.6,2587.35,558275,4650,400,858152756.25,314,F1,75,,,,,
2025-03-19,2025-03-19,FO,NSE,IDO,58641,,NIFTY,,2026-12-31,2026-12-31,18000.0,PE,NIFTY26DEC18000PE,0.0,0.0,0.0,76.1,76.1,76.1,22907.6,27.0,5175,0,0,0.0,0,F1,75,,,,,
2025-03-19,2025-03-19,FO,NSE,IDO,37810,,NIFTY,,2026-12-31,2026-12-31,23000.0,PE,NIFTY26DEC23000PE,780.0,789.0,772.0,775.45,789.0,791.6,22907.6,775.45,19500,150,24,42796053.75,8,F1,75,,,,,
2025-03-19,2025-03-19,FO,NSE,IDO,53635,,NIFTY,,2027-12-30,2027-12-30,28000.0,PE,NIFTY27DEC28000PE,0.0,0.0,0.0,4251.0,0.0,4251.0,22907.6,2268.55,0,0,0,0.0,0,F1,75,,,,,
2025-03-19,2025-03-19,FO,NSE,IDO,86146,,NIFTY,,2028-06-29,2028-06-29,21000.0,PE,NIFTY28JUN21000PE,0.0,0.0,0.0,907.2,0.0,907.2,22907.6,235.65,0,0,0,0.0,0,F1,75,,,,,
2025-03-19,2025-03-19,FO,NSE,IDO,67783,,NIFTY,,2028-12-28,2028-12-28,24000.0,PE,NIFTY28DEC24000PE,0.0,0.0,0.0,914.3,914.3,914.3,22907.6,666.15,600,0,0,0.0,0,F1,75,,,,,
2025-03-19,2025-03-19,FO,NSE,IDO,67785,,NIFTY,,2028-12-28,2028-12-28,25000.0,PE,NIFTY28DEC25000PE,0.0,0.0,0.0,1323.15,1323.15,1323.15,22907.6,889.6,750,0,0,0.0,0,F1,75,,,,,
2025-03-19,2025-03-19,FO,NSE,IDO,89641,,NIFTY,,2029-06-28,2029-06-28,29000.0,PE,NIFTY29JUN29000PE,0.0,0.0,0.0,1746.95,0.0,1746.95,22907.6,1993.55,0,0,0,0.0,0,F1,75,,,,,
2025-03-19,2025-03-19,FO,NSE,IDO,54591,,NIFTY,,2025-04-03,2025-04-03,22300.0,PE,NIFTY2540322300PE,50.0,59.1,42.8,45.85,45.9,56.8,22907.6,45.85,1686825,54075,6966,11675932845.0,4140,F1,75,,,,,
2025-03-19,2025-03-19,FO,NSE,IDO,54571,,NIFTY,,2025-04-03,2025-04-03,21800.0,PE,NIFTY2540321800PE,17.9,22.1,15.0,16.15,16.95,19.85,22907.6,16.15,117150,-41325,4771,7806681536.25,2969,F1,75,,,,,
2025-03-19,2025-03-19,FO,NSE,IDO,54483,,NIFTY,,2025-04-03,2025-04-03,20600.0,PE,NIFTY2540320600PE,2.3,3.9,2.3,3.9,3.9,3.05,22907.6,3.9,9075,1050,58,89620942.5,19,F1,75,,,,,
2025-03-19,2025-03-19,FO,NSE,IDO,54469,,NIFTY,,2025-04-03,2025-04-03,20400.0,PE,NIFTY2540320400PE,2.2,2.95,2.1,2.7,2.9,2.65,22907.6,2.7,34725,9750,195,298383735.0,44,F1,75,,,,,
2025-03-19,2025-03-19,FO,NSE,IDO,55103,,NIFTY,,2025-03-27,2025-03-27,24250.0,PE,NIFTY25MAR24250PE,1306.0,1306.0,1272.25,1272.25,1272.25,1719.1,22907.6,1308.2,12750,-450,55,105389782.5,15,F1,75,,,,,
2025-03-19,2025-03-19,FO,NSE,IDO,54726,,NIFTY,,2025-03-27,2025-03-27,24050.0,PE,NIFTY25MAR24050PE,1098.0,1098.0,1067.0,1067.0,1067.0,1200.4,22907.6,1109.35,6300,0,25,47150175.0,5,F1,75,,,,,
2025-03-19,2025-03-19,FO,NSE,IDO,51123,,NIFTY,,2025-03-27,2025-03-27,23400.0,PE,NIFTY25MAR23400PE,507.95,544.85,438.95,450.85,449.15,536.2,22907.6,450.85,88200,13050,928,1661759898.75,588,F1,75,,,,,
2025-03-19,2025-03-19,FO,NSE,IDO,54782,,NIFTY,,2025-04-03,2025-04-03,24000.0,PE,NIFTY2540324000PE,1030.0,1030.0,977.25,995.65,995.65,1061.0,22907.6,995.65,6450,4275,130,243741720.0,63,F1,75,,,,,
2025-03-19,2025-03-19,FO,NSE,IDO,54620,,NIFTY,,2025-04-03,2025-04-03,22550.0,PE,NIFTY2540322550PE,97.0,104.55,76.0,79.95,79.45,97.65,22907.6,79.95,1156875,-3825,1621,2751746606.25,888,F1,75,,,,,
2025-03-19,2025-03-19,FO,NSE,IDO,54567,,NIFTY,,2025-04-03,2025-04-03,21700.0,PE,NIFTY2540321700PE,15.05,18.6,12.5,13.45,13.0,15.85,22907.6,13.45,100050,-51600,5136,8364174187.5,2971,F1,75,,,,,
2025-03-19,2025-03-19,FO,NSE,IDO,54565,,NIFTY,,2025-04-03,2025-04-03,21650.0,PE,NIFTY2540321650PE,13.0,13.0,11.45,12.1,12.05,14.3,22907.6,12.1,7350,2925,245,398041027.5,108,F1,75,,,,,
2025-03-19,2025-03-19,FO,NSE,IDO,58794,,NIFTY,,2025-03-27,2025-03-27,25900.0,PE,NIFTY25MAR25900PE,2901.45,2950.0,2901.45,2950.0,2950.0,3009.75,22907.6,2955.55,8700,0,2,4323858.75,2,F1,75,,,,,
2025-03-19,2025-03-19,FO,NSE,IDO,56895,,NIFTY,,2025-03-27,2025-03-27,25750.0,PE,NIFTY25MAR25750PE,0.0,0.0,0.0,2867.65,2867.05,2867.65,22907.6,2805.75,1275,0,0,0.0,0,F1,75,,,,,
2025-03-19,2025-03-19,FO,NSE,IDO,56891,,NIFTY,,2025-03-27,2025-03-27,25650.0,PE,NIFTY25MAR25650PE,0.0,0.0,0.0,2763.2,2757.75,2763.2,22907.6,2705.9,1200,0,0,0.0,0,F1,75,,,,,
2025-03-19,2025-03-19,FO,NSE,IDO,56889,,NIFTY,,2025-03-27,2025-03-27,25600.0,PE,NIFTY25MAR25600PE,2650.0,2650.0,2650.0,2650.0,2650.0,2720.5,22907.6,2655.95,6075,-150,2,4237500.0,1,F1,75,,,,,
2025-03-19,2025-03-19,FO,NSE,IDO,55657,,NIFTY,,2025-03-27,2025-03-27,24500.0,PE,NIFTY25MAR24500PE,1580.05,1622.0,1516.15,1524.2,1522.0,1600.45,22907.6,1524.2,908925,-3450,505,986319506.25,353,F1,75,,,,,
2025-03-19,2025-03-19,FO,NSE,IDO,55345,,NIFTY,,2025-03-27,2025-03-27,24450.0,PE,NIFTY25MAR24450PE,1485.0,1510.0,1468.6,1510.0,1510.0,1850.0,22907.6,1507.65,8775,-1875,58,112842840.0,16,F1,75,,,,,
2025-03-19,2025-03-19,FO,NSE,IDO,55200,,NIFTY,,2025-03-27,2025-03-27,24350.0,PE,NIFTY25MAR24350PE,0.0,0.0,0.0,1520.0,1520.0,1520.0,22907.6,1407.9,14400,0,0,0.0,0,F1,75,,,,,
2025-03-19,2025-03-19,FO,NSE,IDO,55198,,NIFTY,,2025-03-27,2025-03-27,24300.0,PE,NIFTY25MAR24300PE,1355.55,1399.8,1312.0,1322.05,1323.0,1394.3,22907.6,1322.05,59025,22125,335,643989626.25,117,F1,75,,,,,
2025-03-19,2025-03-19,FO,NSE,IDO,51474,,NIFTY,,2025-03-27,2025-03-27,23600.0,PE,NIFTY25MAR23600PE,684.05,729.85,619.2,635.0,637.2,705.75,22907.6,635.0,51225,1350,254,462024472.5,186,F1,75,,,,,
2025-03-19,2025-03-19,FO,NSE,IDO,51460,,NIFTY,,2025-03-27,2025-03-27,23550.0,PE,NIFTY25MAR23550PE,610.05,668.4,578.8,588.25,585.6,658.4,22907.6,588.25,10875,-1125,83,150408472.5,49,F1,75,,,,,
2025-03-19,2025-03-19,FO,NSE,IDO,51119,,NIFTY,,2025-03-27,2025-03-27,23300.0,PE,NIFTY25MAR23300PE,417.15,455.95,355.0,367.85,368.4,431.1,22907.6,367.85,90975,9900,3046,5410758487.5,1801,F1,75,,,,,
2025-03-19,2025-03-19,FO,NSE,IDO,49835,,NIFTY,,2025-03-27,2025-03-27,23250.0,PE,NIFTY25MAR23250PE,380.0,417.0,318.4,330.05,326.35,391.9,22907.6,330.05,32100,18150,830,1468519878.75,504,F1,75,,,,,
2025-03-19,2025-03-19,FO,NSE,IDO,48696,,NIFTY,,2025-03-27,2025-03-27,23200.0,PE,NIFTY25MAR23200PE,330.0,378.2,280.7,293.95,297.15,354.4,22907.6,293.95,341850,143925,13683,24125597216.25,10188,F1,75,,,,,
2025-03-19,2025-03-19,FO,NSE,IDO,46927,,NIFTY,,2025-03-27,2025-03-27,21850.0,PE,NIFTY25MAR21850PE,10.0,10.05,7.0,7.8,8.4,10.8,22907.6,7.8,360750,108525,11422,18724609638.75,5998,F1,75,,,,,
2025-03-19,2025-03-19,FO,NSE,IDO,50256,,NIFTY,,2025-03-20,2025-03-20,23700.0,PE,NIFTY2532023700PE,840.05,865.0,751.2,768.4,766.8,845.55,22907.6,768.4,7950,-9300,592,1087395438.75,248,F1,75,,,,,
2025-03-19,2025-03-19,FO,NSE,IDO,50238,,NIFTY,,2025-03-20,2025-03-20,23350.0,PE,NIFTY2532023350PE,490.05,524.55,404.35,419.3,415.25,487.95,22907.6,419.3,4200,2700,775,1383061001.25,605,F1,75,,,,,
2025-03-19,2025-03-19,FO,NSE,IDO,50180,,NIFTY,,2025-03-20,2025-03-20,22350.0,PE,NIFTY2532022350PE,6.7,6.7,3.0,3.75,3.9,8.5,22907.6,3.75,4114575,-28200,652873,1094577222442.5,152435,F1,75,,,,,
2025-03-19,2025-03-19,FO,NSE,IDO,50136,,NIFTY,,2025-03-20,2025-03-20,21750.0,PE,NIFTY2532021750PE,1.35,1.45,0.6,1.1,1.4,1.8,22907.6,1.1,692175,-577425,151943,247867062787.5,31809,F1,75,,,,,
2025-03-19,2025-03-19,FO,NSE,IDO,61659,,NIFTY,,2029-12-27,2029-12-27,21000.0,CE,NIFTY29DEC21000CE,0.0,0.0,0.0,9463.95,0.0,9463.95,22907.6,7722.25,0,0,0,0.0,0,F1,75,,,,,
2025-03-19,2025-03-19,FO,NSE,IDO,89640,,NIFTY,,2029-06-28,2029-06-28,29000.0,CE,NIFTY29JUN29000CE,0.0,0.0,0.0,5677.9,0.0,5677.9,22907.6,2943.15,0,0,0,0.0,0,F1,75,,,,,
2025-03-19,2025-03-19,FO,NSE,IDO,67768,,NIFTY,,2028-12-28,2028-12-28,17000.0,CE,NIFTY28DEC17000CE,0.0,0.0,0.0,10036.4,0.0,10036.4,22907.6,9639.15,0,0,0,0.0,0,F1,75,,,,,
2025-03-19,2025-03-19,FO,NSE,IDO,53631,,NIFTY,,2027-12-30,2027-12-30,27000.0,CE,NIFTY27DEC27000CE,0.0,0.0,0.0,2889.8,0.0,2889.8,22907.6,2188.4,0,0,0,0.0,0,F1,75,,,,,
2025-03-19,2025-03-19,FO,NSE,IDO,50981,,NIFTY,,2027-06-24,2027-06-24,27000.0,CE,NIFTY27JUN27000CE,0.0,0.0,0.0,1932.5,0.0,1932.5,22907.6,1640.1,0,0,0,0.0,0,F1,75,,,,,
2025-03-19,2025-03-19,FO,NSE,IDO,38158,,NIFTY,,2026-12-31,2026-12-31,29000.0,CE,NIFTY26DEC29000CE,0.0,0.0,0.0,1205.35,0.0,1205.35,22907.6,636.0,0,0,0,0.0,0,F1,75,,,,,
2025-03-19,2025-03-19,FO,NSE,IDO,50547,,NIFTY,,2026-12-31,2026-12-31,28000.0,CE,NIFTY26DEC28000CE,640.05,640.05,620.0,623.9,639.95,610.0,22907.6,623.9,2100,450,10,21469200.0,7,F1,75,,,,,
2025-03-19,2025-03-19,FO,NSE,IDO,50556,,NIFTY,,2026-06-25,2026-06-25,18000.0,CE,NIFTY26JUN18000CE,0.0,0.0,0.0,7400.0,7400.0,7400.0,22907.6,6347.45,100,0,0,0.0,0,F1,75,,,,,
2025-03-19,2025-03-19,FO,NSE,IDO,38152,,NIFTY,,2025-12-24,2025-12-24,29000.0,CE,NIFTY25DEC29000CE,69.1,70.8,62.5,63.75,62.7,69.0,22907.6,63.75,66850,-11250,232,505750642.5,191,F1,75,,,,,
2025-03-19,2025-03-19,FO,NSE,IDO,36688,,NIFTY,,2025-12-24,2025-12-24,19500.0,CE,NIFTY25DEC19500CE,0.0,0.0,0.0,4100.0,4100.0,4100.0,22907.6,4388.25,1225,0,0,0.0,0,F1,75,,,,,
2025-03-19,2025-03-19,FO,NSE,IDO,64692,,NIFTY,,2025-09-25,2025-09-25,24000.0,CE,NIFTY25SEP24000CE,660.0,703.95,650.0,688.6,690.9,651.9,22907.6,688.6,448725,-3000,233,431349232.5,176,F1,75,,,,,
2025-03-19,2025-03-19,FO,NSE,IDO,71383,,NIFTY,,2025-06-26,2025-06-26,26000.0,CE,NIFTY25JUN26000CE,27.95,31.4,26.35,29.85,29.4,27.0,22907.6,29.85,1150450,32325,2621,5116767847.5,1380,F1,75,,,,,
2025-03-19,2025-03-19,FO,NSE,IDO,71379,,NIFTY,,2025-06-26,2025-06-26,24000.0,CE,NIFTY25JUN24000CE,306.95,335.2,300.0,326.7,324.0,298.6,22907.6,326.7,823600,-9675,3969,7239631668.75,2996,F1,75,,,,,
2025-03-19,2025-03-19,FO,NSE,IDO,61549,,NIFTY,,2025-05-29,2025-05-29,23600.0,CE,NIFTY25MAY23600CE,310.5,325.05,294.0,321.4,321.0,294.9,22907.6,321.4,18900,2400,104,186528937.5,57,F1,75,,,,,
2025-03-19,2025-03-19,FO,NSE,IDO,61533,,NIFTY,,2025-05-29,2025-05-29,23200.0,CE,NIFTY25MAY23200CE,499.2,526.3,470.7,515.15,514.5,475.45,22907.6,515.15,21750,3450,215,382282155.0,125,F1,75,,,,,
2025-03-19,2025-03-19,FO,NSE,IDO,61509,,NIFTY,,2025-05-29,2025-05-29,22600.0,CE,NIFTY25MAY22600CE,848.75,899.65,848.75,899.45,899.65,846.1,22907.6,899.45,7800,-75,6,10568445.0,5,F1,75,,,,,
2025-03-19,2025-03-19,FO,NSE,IDO,61495,,NIFTY,,2025-05-29,2025-05-29,22250.0,CE,NIFTY25MAY22250CE,0.0,0.0,0.0,1074.0,1074.0,1074.0,22907.6,1118.8,825,0,0,0.0,0,F1,75,,,,,
2025-03-19,2025-03-19,FO,NSE,IDO,61487,,NIFTY,,2025-05-29,2025-05-29,22050.0,CE,NIFTY25MAY22050CE,0.0,0.0,0.0,1232.5,1232.5,1232.5,22907.6,1272.35,975,0,0,0.0,0,F1,75,,,,,
2025-03-19,2025-03-19,FO,NSE,IDO,61379,,NIFTY,,2025-05-29,2025-05-29,21300.0,CE,NIFTY25MAY21300CE,0.0,0.0,0.0,1907.6,1907.6,1907.6,22907.6,1915.8,900,0,0,0.0,0,F1,75,,,,,
2025-03-19,2025-03-19,FO,NSE,IDO,61371,,NIFTY,,2025-05-29,2025-05-29,21150.0,CE,NIFTY25MAY21150CE,0.0,0.0,0.0,2045.0,2044.9,2045.0,22907.6,2053.95,1125,0,0,0.0,0,F1,75,,,,,
2025-03-19,2025-03-19,FO,NSE,IDO,61351,,NIFTY,,2025-05-29,2025-05-29,20900.0,CE,NIFTY25MAY20900CE,0.0,0.0,0.0,2274.75,2275.0,2274.75,22907.6,2288.75,675,0,0,0.0,0,F1,75,,,,,
2025-03-19,2025-03-19,FO,NSE,IDO,61339,,NIFTY,,2025-05-29,2025-05-29,20750.0,CE,NIFTY25MAY20750CE,0.0,0.0,0.0,2414.9,2415.2,2414.9,22907.6,2431.75,225,0,0,0.0,0,F1,75,,,,,
2025-03-19,2025-03-19,FO,NSE,IDO,61327,,NIFTY,,2025-05-29,2025-05-29,20450.0,CE,NIFTY25MAY20450CE,0.0,0.0,0.0,2698.3,2698.75,2698.3,22907.6,2721.35,375,0,0,0.0,0,F1,75,,,,,
2025-03-19,2025-03-19,FO,NSE,IDO,79727,,NIFTY,,2025-04-24,2025-04-24,25050.0,CE,NIFTY25APR25050CE,8.6,9.65,8.6,9.65,9.65,17.25,22907.6,9.65,975,150,2,3758868.75,2,F1,75,,,,,
2025-03-19,2025-03-19,FO,NSE,IDO,79676,,NIFTY,,2025-04-24,2025-04-24,24850.0,CE,NIFTY25APR24850CE,0.0,0.0,0.0,7.6,7.6,7.6,22907.6,13.85,900,0,0,0.0,0,F1,75,,,,,
2025-03-19,2025-03-19,FO,NSE,IDO,79644,,NIFTY,,2025-04-24,2025-04-24,24600.0,CE,NIFTY25APR24600CE,14.75,15.9,14.2,14.65,14.3,13.8,22907.6,14.65,30300,6075,557,1028286588.75,232,F1,75,,,,,
2025-03-19,2025-03-19,FO,NSE,IDO,79642,,NIFTY,,2025-04-24,2025-04-24,24550.0,CE,NIFTY25APR24550CE,16.7,17.3,13.1,16.1,16.1,8.8,22907.6,16.1,3675,2775,54,99494771.25,17,F1,75,,,,,
2025-03-19,2025-03-19,FO,NSE,IDO,79616,,NIFTY,,2025-04-24,2025-04-24,24250.0,CE,NIFTY25APR24250CE,36.8,36.8,31.6,34.6,34.4,30.65,22907.6,34.6,66900,9750,525,956193300.0,291,F1,75,,,,,
2025-03-19,2025-03-19,FO,NSE,IDO,79555,,NIFTY,,2025-04-24,2025-04-24,24150.0,CE,NIFTY25APR24150CE,43.0,47.0,39.8,42.15,43.8,38.0,22907.6,42.15,24300,2100,287,520763501.25,91,F1,75,,,,,
2025-03-19,2025-03-19,FO,NSE,IDO,79519,,NIFTY,,2025-04-24,2025-04-24,23950.0,CE,NIFTY25APR23950CE,61.6,72.6,60.6,70.6,69.0,60.95,22907.6,70.6,16875,6825,290,522391571.25,108,F1,75,,,,,
2025-03-19,2025-03-19,FO,NSE,IDO,79507,,NIFTY,,2025-04-24,2025-04-24,23650.0,CE,NIFTY25APR23650CE,135.75,144.4,121.9,139.1,138.5,121.5,22907.6,139.1,40050,26100,599,1068499218.75,465,F1,75,,,,,
2025-03-19,2025-03-19,FO,NSE,IDO,79501,,NIFTY,,2025-04-24,2025-04-24,23500.0,CE,NIFTY25APR23500CE,173.95,197.85,164.25,188.0,187.05,166.9,22907.6,188.0,1639875,-15075,15645,27789921806.25,10284,F1,75,,,,,
2025-03-19,2025-03-19,FO,NSE,IDO,79403,,NIFTY,,2025-04-24,2025-04-24,22700.0,CE,NIFTY25APR22700CE,579.95,638.0,562.45,626.8,628.25,570.45,22907.6,626.8,190875,-92475,3204,5603705546.25,2834,F1,75,,,,,
2025-03-19,2025-03-19,FO,NSE,IDO,79384,,NIFTY,,2025-04-24,2025-04-24,22350.0,CE,NIFTY25APR22350CE,855.0,914.25,848.8,886.1,886.1,789.0,22907.6,823.6,13125,-1050,41,71470271.25,25,F1,75,,,,,
2025-03-19,2025-03-19,FO,NSE,IDO,79245,,NIFTY,,2025-04-24,2025-04-24,21250.0,CE,NIFTY25APR21250CE,0.0,0.0,0.0,1574.4,1574.3,1574.4,22907.6,1801.95,1200,0,0,0.0,0,F1,75,,,,,
2025-03-19,2025-03-19,FO,NSE,IDO,79215,,NIFTY,,2025-04-24,2025-04-24,20650.0,CE,NIFTY25APR20650CE,0.0,0.0,0.0,2127.0,2127.2,2127.0,22907.6,2390.65,975,0,0,0.0,0,F1,75,,,,,
2025-03-19,2025-03-19,FO,NSE,IDO,48339,,NIFTY,,2025-04-17,2025-04-17,24550.0,CE,NIFTY2541724550CE,0.0,0.0,0.0,14.65,0.0,14.65,22907.6,15.35,0,0,0,0.0,0,F1,75,,,,,
2025-03-19,2025-03-19,FO,NSE,IDO,48333,,NIFTY,,2025-04-17,2025-04-17,24400.0,CE,NIFTY2541724400CE,0.0,0.0,0.0,20.25,0.0,20.25,22907.6,22.65,0,0,0,0.0,0,F1,75,,,,,
2025-03-19,2025-03-19,FO,NSE,IDO,48331,,NIFTY,,2025-04-17,2025-04-17,24350.0,CE,NIFTY2541724350CE,0.0,0.0,0.0,22.5,0.0,22.5,22907.6,25.7,0,0,0,0.0,0,F1,75,,,,,
2025-03-19,2025-03-19,FO,NSE,IDO,48267,,NIFTY,,2025-04-17,2025-04-17,23550.0,CE,NIFTY2541723550CE,0.0,0.0,0.0,79.65,79.65,79.65,22907.6,144.7,225,0,0,0.0,0,F1,75,,,,,
2025-03-19,2025-03-19,FO,NSE,IDO,48264,,NIFTY,,2025-04-17,2025-04-17,23500.0,CE,NIFTY2541723500CE,136.0,149.4,136.0,147.2,149.4,109.15,22907.6,147.2,75,75,3,5319780.0,3,F1,75,,,,,
2025-03-19,2025-03-19,FO,NSE,IDO,48198,,NIFTY,,2025-04-17,2025-04-17,22800.0,CE,NIFTY2541722800CE,449.6,506.45,449.6,503.45,503.8,303.4,22907.6,503.45,750,750,15,26207741.25,13,F1,75,,,,,
2025-03-19,2025-03-19,FO,NSE,IDO,48132,,NIFTY,,2025-04-17,2025-04-17,22150.0,CE,NIFTY2541722150CE,0.0,0.0,0.0,636.1,0.0,636.1,22907.6,936.1,0,0,0,0.0,0,F1,75,,,,,
2025-03-19,2025-03-19,FO,NSE,IDO,48108,,NIFTY,,2025-04-17,2025-04-17,21650.0,CE,NIFTY2541721650CE,0.0,0.0,0.0,994.55,0.0,994.55,22907.6,1386.05,0,0,0,0.0,0,F1,75,,,,,
2025-03-19,2025-03-19,FO,NSE,IDO,48100,,NIFTY,,2025-04-17,2025-04-17,21450.0,CE,NIFTY2541721450CE,0.0,0.0,0.0,1158.5,0.0,1158.5,22907.6,1577.1,0,0,0,0.0,0,F1,75,,,,,
2025-03-19,2025-03-19,FO,NSE,IDO,48098,,NIFTY,,2025-04-17,2025-04-17,21400.0,CE,NIFTY2541721400CE,0.0,0.0,0.0,1201.0,0.0,1201.0,22907.6,1625.5,0,0,0,0.0,0,F1,75,,,,,
2025-03-19,2025-03-19,FO,NSE,IDO,43916,,NIFTY,,2025-04-09,2025-04-09,23700.0,CE,NIFTY2540923700CE,45.0,55.1,45.0,51.8,50.65,42.35,22907.6,51.8,7500,600,81,144286623.75,43,F1,75,,,,,
2025-03-19,2025-03-19,FO,NSE,IDO,43892,,NIFTY,,2025-04-09,2025-04-09,23100.0,CE,NIFTY2540923100CE,226.0,261.0,214.0,251.0,251.0,224.3,22907.6,251.0,9450,675,84,147065778.75,51,F1,75,,,,,
2025-03-19,2025-03-19,FO,NSE,IDO,43864,,NIFTY,,2025-04-09,2025-04-09,22650.0,CE,NIFTY2540922650CE,539.15,539.15,526.5,532.85,526.5,485.35,22907.6,532.85,1425,-75,2,3477423.75,2,F1,75,,,,,
2025-03-19,2025-03-19,FO,NSE,IDO,43862,,NIFTY,,2025-04-09,2025-04-09,22600.0,CE,NIFTY2540922600CE,538.55,586.25,521.4,585.1,585.1,521.45,22907.6,585.1,5175,75,6,10423635.0,6,F1,75,,,,,
2025-03-19,2025-03-19,FO,NSE,IDO,43824,,NIFTY,,2025-04-09,2025-04-09,21650.0,CE,NIFTY2540921650CE,0.0,0.0,0.0,1133.9,0.0,1133.9,22907.6,1346.2,0,0,0,0.0,0,F1,75,,,,,
2025-03-19,2025-03-19,FO,NSE,IDO,43800,,NIFTY,,2025-04-09,2025-04-09,21100.0,CE,NIFTY2540921100CE,0.0,0.0,0.0,1616.75,0.0,1616.75,22907.6,1887.05,0,0,0,0.0,0,F1,75,,,,,
2025-03-19,2025-03-19,FO,NSE,IDO,54864,,NIFTY,,2025-04-03,2025-04-03,24650.0,CE,NIFTY2540324650CE,2.7,3.0,2.2,2.9,2.95,2.45,22907.6,2.9,55875,15825,502,928176705.0,167,F1,75,,,,,
2025-03-19,2025-03-19,FO,NSE,IDO,54845,,NIFTY,,2025-04-03,2025-04-03,24300.0,CE,NIFTY2540324300CE,4.05,4.5,3.1,4.3,3.9,3.25,22907.6,4.3,24975,14700,483,880411863.75,184,F1,75,,,,,
2025-03-19,2025-03-19,FO,NSE,IDO,54712,,NIFTY,,2025-04-03,2025-04-03,23500.0,CE,NIFTY2540323500CE,42.95,55.0,40.35,51.1,51.7,38.05,22907.6,51.1,277200,57675,15523,27415569225.0,7803,F1,75,,,,,
2025-03-19,2025-03-19,FO,NSE,IDO,54706,,NIFTY,,2025-04-03,2025-04-03,23400.0,CE,NIFTY2540323400CE,57.2,77.4,57.0,72.75,72.3,56.55,22907.6,72.75,108675,-26925,6628,11666593631.25,3665,F1,75,,,,,
2025-03-19,2025-03-19,FO,NSE,IDO,54642,,NIFTY,,2025-04-03,2025-04-03,23050.0,CE,NIFTY2540323050CE,185.0,216.4,168.7,207.3,207.6,170.65,22907.6,207.3,28650,5700,1331,2320880073.75,1038,F1,75,,,,,
2025-03-19,2025-03-19,FO,NSE,IDO,54631,,NIFTY,,2025-04-03,2025-04-03,22850.0,CE,NIFTY2540322850CE,293.95,338.0,271.05,326.6,326.45,279.45,22907.6,326.6,124800,108750,3305,5741569102.5,1607,F1,75,,,,,
2025-03-19,2025-03-19,FO,NSE,IDO,54570,,NIFTY,,2025-04-03,2025-04-03,21800.0,CE,NIFTY2540321800CE,1220.0,1220.0,1220.0,1220.0,1220.0,1073.0,22907.6,1171.55,1050,75,1,1726500.0,1,F1,75,,,,,
2025-03-19,2025-03-19,FO,NSE,IDO,54556,,NIFTY,,2025-04-03,2025-04-03,21450.0,CE,NIFTY2540321450CE,0.0,0.0,0.0,1471.15,1471.15,1471.15,22907.6,1515.85,75,0,0,0.0,0,F1,75,,,,,
2025-03-19,2025-03-19,FO,NSE,IDO,56890,,NIFTY,,2025-03-27,2025-03-27,25650.0,CE,NIFTY25MAR25650CE,0.65,0.85,0.65,0.85,0.75,0.8,22907.6,0.85,3300,-150,33,63485745.0,10,F1,75,,,,,
2025-03-19,2025-03-19,FO,NSE,IDO,56888,,NIFTY,,2025-03-27,2025-03-27,25600.0,CE,NIFTY25MAR25600CE,0.6,0.9,0.6,0.85,0.9,0.8,22907.6,0.85,14700,-1275,113,216966555.0,36,F1,75,,,,,
2025-03-19,2025-03-19,FO,NSE,IDO,56882,,NIFTY,,2025-03-27,2025-03-27,25450.0,CE,NIFTY25MAR25450CE,0.65,0.9,0.6,0.85,0.9,0.8,22907.6,0.85,6525,-450,119,227148011.25,72,F1,75,,,,,
2025-03-19,2025-03-19,FO,NSE,IDO,56876,,NIFTY,,2025-03-27,2025-03-27,25300.0,CE,NIFTY25MAR25300CE,0.9,0.9,0.65,0.85,0.9,0.8,22907.6,0.85,45150,-9900,399,757125945.0,207,F1,75,,,,,
2025-03-19,2025-03-19,FO,NSE,IDO,56526,,NIFTY,,2025-03-27,2025-03-27,24550.0,CE,NIFTY25MAR24550CE,0.9,1.25,0.75,1.1,1.0,0.9,22907.6,1.1,33225,-300,424,780720356.25,251,F1,75,,,,,
2025-03-19,2025-03-19,FO,NSE,IDO,51477,,NIFTY,,2025-03-27,2025-03-27,23700.0,CE,NIFTY25MAR23700CE,5.3,6.75,3.95,6.35,6.0,4.55,22907.6,6.35,1958625,643950,64317,114350578758.75,23575,F1,75,,,,,
2025-03-19,2025-03-19,FO,NSE,IDO,49834,,NIFTY,,2025-03-27,2025-03-27,23250.0,CE,NIFTY25MAR23250CE,47.0,58.6,38.8,54.7,52.0,41.15,22907.6,54.7,584775,151275,57294,100119741502.5,37658,F1,75,,,,,
2025-03-19,2025-03-19,FO,NSE,IDO,48251,,NIFTY,,2025-03-27,2025-03-27,23050.0,CE,NIFTY25MAR23050CE,110.05,135.0,92.25,126.25,124.85,100.15,22907.6,126.25,579150,274650,52914,91946651160.0,36935,F1,75,,,,,
2025-03-19,2025-03-19,FO,NSE,IDO,64562,,NIFTY,,2025-03-27,2025-03-27,22000.0,CE,NIFTY25MAR22000CE,934.95,1000.1,886.2,984.9,987.5,912.35,22907.6,984.9,1402325,-150000,5184,8924773012.5,3554,F1,75,,,,,
2025-03-19,2025-03-19,FO,NSE,IDO,46854,,NIFTY,,2025-03-27,2025-03-27,21250.0,CE,NIFTY25MAR21250CE,0.0,0.0,0.0,1622.0,1622.05,1622.0,22907.6,1687.85,1350,0,0,0.0,0,F1,75,,,,,
2025-03-19,2025-03-19,FO,NSE,IDO,46790,,NIFTY,,2025-03-27,2025-03-27,20500.0,CE,NIFTY25MAR20500CE,2425.0,2464.7,2407.0,2464.7,2464.7,2359.8,22907.6,2464.7,6300,1275,23,39533025.0,11,F1,75,,,,,
2025-03-19,2025-03-19,FO,NSE,IDO,50303,,NIFTY,,2025-03-20,2025-03-20,24500.0,CE,NIFTY2532024500CE,0.3,0.35,0.2,0.25,0.2,0.3,22907.6,0.25,2625825,-1209675,179571,329965188750.0,40040,F1,75,,,,,
2025-03-19,2025-03-19,FO,NSE,IDO,50272,,NIFTY,,2025-03-20,2025-03-20,23950.0,CE,NIFTY2532023950CE,0.35,0.45,0.3,0.35,0.3,0.35,22907.6,0.35,199800,6225,86082,154627176101.25,13574,F1,75,,,,,
2025-03-19,2025-03-19,FO,NSE,IDO,50253,,NIFTY,,2025-03-20,2025-03-20,23700.0,CE,NIFTY2532023700CE,0.5,0.65,0.4,0.55,0.4,0.5,22907.6,0.55,3162225,944475,250739,445699111395.0,42611,F1,75,,,,,
2025-03-19,2025-03-19,FO,NSE,IDO,50139,,NIFTY,,2025-03-20,2025-03-20,21850.0,CE,NIFTY2532021850CE,1080.0,1080.0,1080.0,1080.0,1080.0,960.75,22907.6,1080.0,1800,0,1,1719750.0,1,F1,75,,,,,
2025-03-19,2025-03-19,FO,NSE,IDO,50125,,NIFTY,,2025-03-20,2025-03-20,21550.0,CE,NIFTY2532021550CE,1427.5,1427.5,1427.5,1427.5,1427.5,961.95,22907.6,1361.45,1275,0,1,1723312.5,1,F1,75,,,,,
2025-03-19,2025-03-19,FO,NSE,IDO,50119,,NIFTY,,2025-03-20,2025-03-20,21450.0,CE,NIFTY2532021450CE,0.0,0.0,0.0,1054.3,1054.3,1054.3,22907.6,1461.4,600,0,0,0.0,0,F1,75,,,,,
2025-03-19,2025-03-19,FO,NSE,IDO,50113,,NIFTY,,2025-03-20,2025-03-20,21300.0,CE,NIFTY2532021300CE,1590.0,1621.0,1575.0,1621.0,1621.0,1390.0,22907.6,1611.4,375,-300,6,10303725.0,5,F1,75,,,,,
2025-03-19,2025-03-19,FO,NSE,IDO,48133,,NIFTY,,2025-04-17,2025-04-17,22150.0,PE,NIFTY2541722150PE,0.0,0.0,0.0,249.5,0.0,249.5,22907.6,64.4,0,0,0,0.0,0,F1,75,,,,,
2025-03-19,2025-03-19,FO,NSE,IDO,48231,,NIFTY,,2025-04-17,2025-04-17,23200.0,PE,NIFTY2541723200PE,0.0,0.0,0.0,830.95,0.0,830.95,22907.6,435.1,0,0,0,0.0,0,F1,75,,,,,
2025-03-19,2025-03-19,FO,NSE,IDO,48315,,NIFTY,,2025-04-17,2025-04-17,24050.0,PE,NIFTY2541724050PE,0.0,0.0,0.0,1542.45,0.0,1542.45,22907.6,1070.8,0,0,0,0.0,0,F1,75,,,,,
2025-03-19,2025-03-19,FO,NSE,IDO,48323,,NIFTY,,2025-04-17,2025-04-17,24150.0,PE,NIFTY2541724150PE,0.0,0.0,0.0,1634.6,0.0,1634.6,22907.6,1159.6,0,0,0,0.0,0,F1,75,,,,,
2025-03-19,2025-03-19,FO,NSE,IDO,79203,,NIFTY,,2025-04-24,2025-04-24,20450.0,PE,NIFTY25APR20450PE,13.0,17.15,11.45,15.1,15.6,12.9,22907.6,15.1,6450,-1200,77,118182885.0,42,F1,75,,,,,
2025-03-19,2025-03-19,FO,NSE,IDO,79222,,NIFTY,,2025-04-24,2025-04-24,20800.0,PE,NIFTY25APR20800PE,19.45,20.85,17.75,20.05,20.5,19.65,22907.6,20.05,343800,50550,5113,7983803613.75,2610,F1,75,,,,,
2025-03-19,2025-03-19,FO,NSE,IDO,79224,,NIFTY,,2025-04-24,2025-04-24,20850.0,PE,NIFTY25APR20850PE,16.7,21.2,16.7,18.85,18.85,16.5,22907.6,2.3,8925,-4725,67,104871716.25,21,F1,75,,,,,
2025-03-19,2025-03-19,FO,NSE,IDO,79250,,NIFTY,,2025-04-24,2025-04-24,21350.0,PE,NIFTY25APR21350PE,36.5,38.15,33.1,34.5,35.35,35.9,22907.6,34.5,9225,-4350,116,186043458.75,52,F1,75,,,,,
2025-03-19,2025-03-19,FO,NSE,IDO,79257,,NIFTY,,2025-04-24,2025-04-24,21500.0,PE,NIFTY25APR21500PE,40.15,46.35,39.45,41.1,40.0,44.55,22907.6,41.1,1564050,-62250,14612,23607597566.25,8270,F1,75,,,,,
2025-03-19,2025-03-19,FO,NSE,IDO,79265,,NIFTY,,2025-04-24,2025-04-24,21700.0,PE,NIFTY25APR21700PE,52.55,59.4,50.4,52.3,50.55,56.9,22907.6,52.3,270225,9825,4998,8154084007.5,2775,F1,75,,,,,
2025-03-19,2025-03-19,FO,NSE,IDO,79408,,NIFTY,,2025-04-24,2025-04-24,22700.0,PE,NIFTY25APR22700PE,240.0,244.05,202.8,206.7,205.05,235.4,22907.6,206.7,377775,-8700,6950,11944112895.0,4964,F1,75,,,,,
2025-03-19,2025-03-19,FO,NSE,IDO,79437,,NIFTY,,2025-04-24,2025-04-24,23100.0,PE,NIFTY25APR23100PE,380.2,405.0,305.6,350.6,345.55,390.85,22907.6,350.6,376650,304050,7138,12556163415.0,6459,F1,75,,,,,
2025-03-19,2025-03-19,FO,NSE,IDO,79633,,NIFTY,,2025-04-24,2025-04-24,24300.0,PE,NIFTY25APR24300PE,1195.55,1195.55,1195.45,1195.45,1195.45,1286.0,22907.6,1284.75,1350,75,2,3824325.0,2,F1,75,,,,,
2025-03-19,2025-03-19,FO,NSE,IDO,79749,,NIFTY,,2025-04-24,2025-04-24,25450.0,PE,NIFTY25APR25450PE,0.0,0.0,0.0,2384.65,2384.65,2384.65,22907.6,2382.65,1275,0,0,0.0,0,F1,75,,,,,
2025-03-19,2025-03-19,FO,NSE,IDO,61332,,NIFTY,,2025-05-29,2025-05-29,20550.0,PE,NIFTY25MAY20550PE,0.0,0.0,0.0,62.0,0.0,62.0,22907.6,8.6,0,0,0,0.0,0,F1,75,,,,,
2025-03-19,2025-03-19,FO,NSE,IDO,61334,,NIFTY,,2025-05-29,2025-05-29,20600.0,PE,NIFTY25MAY20600PE,0.0,0.0,0.0,66.4,0.0,66.4,22907.6,9.65,0,0,0,0.0,0,F1,75,,,,,
2025-03-19,2025-03-19,FO,NSE,IDO,61336,,NIFTY,,2025-05-29,2025-05-29,20650.0,PE,NIFTY25MAY20650PE,0.0,0.0,0.0,71.05,0.0,71.05,22907.6,10.8,0,0,0,0.0,0,F1,75,,,,,
2025-03-19,2025-03-19,FO,NSE,IDO,61340,,NIFTY,,2025-05-29,2025-05-29,20750.0,PE,NIFTY25MAY20750PE,0.0,0.0,0.0,81.1,0.0,81.1,22907.6,13.45,0,0,0,0.0,0,F1,75,,,,,
2025-03-19,2025-03-19,FO,NSE,IDO,61352,,NIFTY,,2025-05-29,2025-05-29,20900.0,PE,NIFTY25MAY20900PE,45.0,55.45,45.0,50.9,51.25,51.45,22907.6,50.9,17025,-75,63,98992312.5,19,F1,75,,,,,
2025-03-19,2025-03-19,FO,NSE,IDO,61386,,NIFTY,,2025-05-29,2025-05-29,21300.0,PE,NIFTY25MAY21300PE,75.15,77.1,70.4,73.3,72.05,75.0,22907.6,73.3,65475,-20850,595,953772930.0,204,F1,75,,,,,
2025-03-19,2025-03-19,FO,NSE,IDO,61398,,NIFTY,,2025-05-29,2025-05-29,21550.0,PE,NIFTY25MAY21550PE,100.35,100.35,95.0,96.0,96.0,102.9,22907.6,63.1,975,-75,5,8117752.5,4,F1,75,,,,,
2025-03-19,2025-03-19,FO,NSE,IDO,61490,,NIFTY,,2025-05-29,2025-05-29,22100.0,PE,NIFTY25MAY22100PE,185.0,185.0,163.85,165.05,165.75,180.5,22907.6,165.05,8625,3600,149,248866275.0,102,F1,75,,,,,
2025-03-19,2025-03-19,FO,NSE,IDO,61500,,NIFTY,,2025-05-29,2025-05-29,22350.0,PE,NIFTY25MAY22350PE,230.15,230.15,203.75,208.55,208.55,233.85,22907.6,208.55,4425,225,71,120143302.5,30,F1,75,,,,,
2025-03-19,2025-03-19,FO,NSE,IDO,61504,,NIFTY,,2025-05-29,2025-05-29,22450.0,PE,NIFTY25MAY22450PE,240.0,240.0,240.0,240.0,240.0,270.0,22907.6,235.15,750,0,1,1701750.0,1,F1,75,,,,,
2025-03-19,2025-03-19,FO,NSE,IDO,61510,,NIFTY,,2025-05-29,2025-05-29,22600.0,PE,NIFTY25MAY22600PE,296.5,296.5,266.6,268.55,270.65,293.7,22907.6,268.55,13800,4350,123,211068611.25,52,F1,75,,,,,
2025-03-19,2025-03-19,FO,NSE,IDO,43386,,NIFTY,,2025-06-26,2025-06-26,14000.0,PE,NIFTY25JUN14000PE,4.45,4.45,3.3,3.3,3.3,3.6,22907.6,0.05,7250,75,14,14704192.5,8,F1,75,,,,,
2025-03-19,2025-03-19,FO,NSE,IDO,71382,,NIFTY,,2025-06-26,2025-06-26,25000.0,PE,NIFTY25JUN25000PE,1758.05,1767.3,1663.6,1679.05,1678.3,1758.1,22907.6,1679.05,600575,37700,1145,2292741768.75,907,F1,75,,,,,
2025-03-19,2025-03-19,FO,NSE,IDO,50970,,NIFTY,,2025-06-26,2025-06-26,27000.0,PE,NIFTY25JUN27000PE,3572.3,3625.95,3520.5,3537.75,3535.4,3615.95,22907.6,3537.75,271850,70825,1089,2496040102.5,989,F1,75,,,,,
2025-03-19,2025-03-19,FO,NSE,IDO,64681,,NIFTY,,2025-09-25,2025-09-25,18000.0,PE,NIFTY25SEP18000PE,0.0,0.0,0.0,3.05,0.0,3.05,22907.6,1.1,0,0,0,0.0,0,F1,75,,,,,
2025-03-19,2025-03-19,FO,NSE,IDO,64687,,NIFTY,,2025-09-25,2025-09-25,21000.0,PE,NIFTY25SEP21000PE,190.05,198.7,185.0,185.7,185.5,196.15,22907.6,185.7,339600,11250,710,1128372671.25,437,F1,75,,,,,
2025-03-19,2025-03-19,FO,NSE,IDO,64703,,NIFTY,,2025-09-25,2025-09-25,29000.0,PE,NIFTY25SEP29000PE,0.0,0.0,0.0,2125.3,0.0,2125.3,22907.6,5142.45,0,0,0,0.0,0,F1,75,,,,,
2025-03-19,2025-03-19,FO,NSE,IDO,35222,,NIFTY,,2025-12-24,2025-12-24,30000.0,PE,NIFTY25DEC30000PE,0.0,0.0,0.0,5719.7,5725.0,5719.7,22907.6,5665.95,825,0,0,0.0,0,F1,75,,,,,
2025-03-19,2025-03-19,FO,NSE,IDO,58631,,NIFTY,,2026-12-31,2026-12-31,13000.0,PE,NIFTY26DEC13000PE,0.0,0.0,0.0,20.05,20.05,20.05,22907.6,0.05,2025,0,0,0.0,0,F1,75,,,,,
2025-03-19,2025-03-19,FO,NSE,IDO,50979,,NIFTY,,2026-12-31,2026-12-31,27000.0,PE,NIFTY26DEC27000PE,0.0,0.0,0.0,6522.3,0.0,6522.3,22907.6,2279.55,0,0,0,0.0,0,F1,75,,,,,
2025-03-19,2025-03-19,FO,NSE,IDO,67777,,NIFTY,,2028-12-28,2028-12-28,21000.0,PE,NIFTY28DEC21000PE,0.0,0.0,0.0,505.15,505.15,505.15,22907.6,228.3,1225,0,0,0.0,0,F1,75,,,,,
2025-03-19,2025-03-19,FO,NSE,IDO,67779,,NIFTY,,2028-12-28,2028-12-28,22000.0,PE,NIFTY28DEC22000PE,0.0,0.0,0.0,521.3,521.3,521.3,22907.6,339.0,225,0,0,0.0,0,F1,75,,,,,
2025-03-19,2025-03-19,FO,NSE,IDO,48131,,NIFTY,,2025-04-17,2025-04-17,22100.0,PE,NIFTY2541722100PE,70.0,70.0,70.0,70.0,70.0,82.0,22907.6,57.15,1125,450,7,11639250.0,3,F1,75,,,,,
2025-03-19,2025-03-19,FO,NSE,IDO,48127,,NIFTY,,2025-04-17,2025-04-17,22000.0,PE,NIFTY2541722000PE,67.25,67.9,58.0,61.5,61.7,67.25,22907.6,61.5,4725,2925,93,153884186.25,56,F1,75,,,,,
2025-03-19,2025-03-19,FO,NSE,IDO,48111,,NIFTY,,2025-04-17,2025-04-17,21700.0,PE,NIFTY2541721700PE,0.0,0.0,0.0,121.5,0.0,121.5,22907.6,19.6,0,0,0,0.0,0,F1,75,,,,,
2025-03-19,2025-03-19,FO,NSE,IDO,43945,,NIFTY,,2025-04-09,2025-04-09,24250.0,PE,NIFTY2540924250PE,0.0,0.0,0.0,1588.85,0.0,1588.85,22907.6,1266.25,0,0,0,0.0,0,F1,75,,,,,
2025-03-19,2025-03-19,FO,NSE,IDO,43903,,NIFTY,,2025-04-09,2025-04-09,23350.0,PE,NIFTY2540923350PE,0.0,0.0,0.0,842.0,0.0,842.0,22907.6,503.3,0,0,0,0.0,0,F1,75,,,,,
2025-03-19,2025-03-19,FO,NSE,IDO,43847,,NIFTY,,2025-04-09,2025-04-09,22200.0,PE,NIFTY2540922200PE,70.0,73.0,56.25,61.2,61.75,71.4,22907.6,61.2,25200,11625,359,599400247.5,182,F1,75,,,,,
2025-03-19,2025-03-19,FO,NSE,IDO,43813,,NIFTY,,2025-04-09,2025-04-09,21350.0,PE,NIFTY2540921350PE,0.0,0.0,0.0,26.8,26.8,26.8,22907.6,2.3,225,0,0,0.0,0,F1,75,,,,,
2025-03-19,2025-03-19,FO,NSE,IDO,43791,,NIFTY,,2025-04-09,2025-04-09,20850.0,PE,NIFTY2540920850PE,0.0,0.0,0.0,13.2,13.2,13.2,22907.6,0.2,225,0,0,0.0,0,F1,75,,,,,
2025-03-19,2025-03-19,FO,NSE,IDO,43783,,NIFTY,,2025-04-09,2025-04-09,20700.0,PE,NIFTY2540920700PE,5.8,6.0,5.0,6.0,6.0,5.8,22907.6,0.1,13125,375,30,46587892.5,6,F1,75,,,,,
2025-03-19,2025-03-19,FO,NSE,IDO,54865,,NIFTY,,2025-04-03,2025-04-03,24650.0,PE,NIFTY2540324650PE,0.0,0.0,0.0,1731.5,1732.05,1731.5,22907.6,1677.45,225,0,0,0.0,0,F1,75,,,,,
2025-03-19,2025-03-19,FO,NSE,IDO,43881,,NIFTY,,2025-04-09,2025-04-09,22900.0,PE,NIFTY2540922900PE,244.9,260.0,209.65,216.15,215.5,548.05,22907.6,216.15,17175,17175,372,645302148.75,177,F1,75,,,,,
2025-03-19,2025-03-19,FO,NSE,IDO,43863,,NIFTY,,2025-04-09,2025-04-09,22600.0,PE,NIFTY2540922600PE,148.4,155.0,122.45,127.5,126.0,150.75,22907.6,127.5,11775,5175,274,467144966.25,140,F1,75,,,,,
2025-03-19,2025-03-19,FO,NSE,IDO,43851,,NIFTY,,2025-04-09,2025-04-09,22300.0,PE,NIFTY2540922300PE,83.85,89.0,71.35,73.7,74.6,87.1,22907.6,73.7,19200,-2775,268,449770691.25,223,F1,75,,,,,
2025-03-19,2025-03-19,FO,NSE,IDO,54589,,NIFTY,,2025-04-03,2025-04-03,22250.0,PE,NIFTY2540322250PE,52.4,53.3,38.65,40.75,43.0,52.4,22907.6,40.75,2861400,9075,18360,30697410037.5,4785,F1,75,,,,,
2025-03-19,2025-03-19,FO,NSE,IDO,54497,,NIFTY,,2025-04-03,2025-04-03,20750.0,PE,NIFTY2540320750PE,0.0,0.0,0.0,3.95,3.95,3.95,22907.6,0.05,1425,0,0,0.0,0,F1,75,,,,,
2025-03-19,2025-03-19,FO,NSE,IDO,54487,,NIFTY,,2025-04-03,2025-04-03,20650.0,PE,NIFTY2540320650PE,9.0,9.0,2.2,3.7,3.7,10.55,22907.6,3.7,4125,2775,59,91391673.75,16,F1,75,,,,,
2025-03-19,2025-03-19,FO,NSE,IDO,64593,,NIFTY,,2025-03-27,2025-03-27,31000.0,PE,NIFTY25MAR31000PE,8037.0,8071.5,8015.8,8019.35,8019.35,8070.45,22907.6,8019.35,19525,-1650,73,213717153.75,72,F1,75,,,,,
2025-03-19,2025-03-19,FO,NSE,IDO,59770,,NIFTY,,2025-03-27,2025-03-27,25950.0,PE,NIFTY25MAR25950PE,0.0,0.0,0.0,3066.5,3066.0,3066.5,22907.6,3005.45,1350,0,0,0.0,0,F1,75,,,,,
2025-03-19,2025-03-19,FO,NSE,IDO,56869,,NIFTY,,2025-03-27,2025-03-27,25100.0,PE,NIFTY25MAR25100PE,2159.9,2159.9,2118.25,2118.7,2118.55,2315.15,22907.6,2118.7,4950,-225,9,18385702.5,7,F1,75,,,,,
2025-03-19,2025-03-19,FO,NSE,IDO,56545,,NIFTY,,2025-03-27,2025-03-27,24750.0,PE,NIFTY25MAR24750PE,0.0,0.0,0.0,1875.95,1878.35,1875.95,22907.6,1807.15,1050,0,0,0.0,0,F1,75,,,,,
2025-03-19,2025-03-19,FO,NSE,IDO,54722,,NIFTY,,2025-03-27,2025-03-27,23900.0,PE,NIFTY25MAR23900PE,955.95,996.05,912.65,922.3,929.95,1008.4,22907.6,922.3,152100,-13800,570,1061612328.75,449,F1,75,,,,,
2025-03-19,2025-03-19,FO,NSE,IDO,51478,,NIFTY,,2025-03-27,2025-03-27,23700.0,PE,NIFTY25MAR23700PE,776.05,823.8,721.0,731.7,730.15,797.6,22907.6,731.7,198000,-51825,1361,2494369545.0,623,F1,75,,,,,
2025-03-19,2025-03-19,FO,NSE,IDO,47039,,NIFTY,,2025-03-27,2025-03-27,22700.0,PE,NIFTY25MAR22700PE,87.3,108.0,70.1,73.75,74.4,101.25,22907.6,73.75,3803850,999225,139230,237902501535.0,72739,F1,75,,,,,
2025-03-19,2025-03-19,FO,NSE,IDO,46841,,NIFTY,,2025-03-27,2025-03-27,21150.0,PE,NIFTY25MAR21150PE,2.5,4.75,2.0,2.8,3.3,3.25,22907.6,2.8,57150,-20925,2575,4085057242.5,1266,F1,75,,,,,
2025-03-19,2025-03-19,FO,NSE,IDO,46828,,NIFTY,,2025-03-27,2025-03-27,21050.0,PE,NIFTY25MAR21050PE,2.7,2.95,1.7,2.7,2.85,2.8,22907.6,2.7,63075,9900,2163,3415193625.0,949,F1,75,,,,,
2025-03-19,2025-03-19,FO,NSE,IDO,46787,,NIFTY,,2025-03-27,2025-03-27,20400.0,PE,NIFTY25MAR20400PE,1.35,1.95,1.3,1.75,1.8,1.6,22907.6,1.75,250275,46125,3107,4754068968.75,1087,F1,75,,,,,
2025-03-19,2025-03-19,FO,NSE,IDO,46778,,NIFTY,,2025-03-27,2025-03-27,20350.0,PE,NIFTY25MAR20350PE,1.3,1.95,1.3,1.7,1.9,1.5,22907.6,1.7,1177575,155025,6124,9347436318.75,1164,F1,75,,,,,
2025-03-19,2025-03-19,FO,NSE,IDO,50288,,NIFTY,,2025-03-20,2025-03-20,24250.0,PE,NIFTY2532024250PE,1347.0,1348.0,1346.95,1348.0,1348.0,1485.0,22907.6,1338.1,1650,-1200,38,72952342.5,3,F1,75,,,,,
2025-03-19,2025-03-19,FO,NSE,IDO,50252,,NIFTY,,2025-03-20,2025-03-20,23650.0,PE,NIFTY2532023650PE,764.4,817.55,709.45,715.4,721.35,795.5,22907.6,715.4,1650,-450,51,93275051.25,33,F1,75,,,,,
2025-03-19,2025-03-19,FO,NSE,IDO,50246,,NIFTY,,2025-03-20,2025-03-20,23550.0,PE,NIFTY2532023550PE,667.35,667.35,612.95,620.35,622.7,1100.45,22907.6,620.35,450,-975,57,103401157.5,29,F1,75,,,,,
2025-03-19,2025-03-19,FO,NSE,IDO,50226,,NIFTY,,2025-03-20,2025-03-20,23050.0,PE,NIFTY2532023050PE,200.0,246.15,132.75,146.85,142.25,214.4,22907.6,146.85,356100,248100,271231,472251576963.75,180744,F1,75,,,,,
2025-03-19,2025-03-19,FO,NSE,IDO,50206,,NIFTY,,2025-03-20,2025-03-20,22750.0,PE,NIFTY2532022750PE,45.0,64.35,24.25,28.6,25.5,56.8,22907.6,28.6,4053000,611550,2036414,3480269164897.5,874756,F1,75,,,,,
2025-03-19,2025-03-19,FO,NSE,IDO,50146,,NIFTY,,2025-03-20,2025-03-20,21950.0,PE,NIFTY2532021950PE,1.85,1.9,0.95,1.35,1.45,2.6,22907.6,1.35,1416225,-566175,253040,416590449360.0,51758,F1,75,,,,,
2025-03-19,2025-03-19,FO,NSE,IDO,50134,,NIFTY,,2025-03-20,2025-03-20,21700.0,PE,NIFTY2532021700PE,1.2,1.4,0.6,1.05,1.3,1.7,22907.6,1.05,2662500,-2576925,452905,737132340776.25,78850,F1,75,,,,,
2025-03-19,2025-03-19,FO,NSE,IDO,50130,,NIFTY,,2025-03-20,2025-03-20,21600.0,PE,NIFTY2532021600PE,1.0,1.25,0.5,1.0,1.2,1.4,22907.6,1.0,2074200,-476025,275784,446785490445.0,51960,F1,75,,,,,
2025-03-19,2025-03-19,FO,NSE,IDO,50114,,NIFTY,,2025-03-20,2025-03-20,21300.0,PE,NIFTY2532021300PE,0.85,1.05,0.45,0.75,1.0,0.95,22907.6,0.75,776625,-998175,119290,190570813668.75,18575,F1,75,,,,,
2025-03-19,2025-03-19,FO,NSE,IDO,50080,,NIFTY,,2025-03-20,2025-03-20,20900.0,PE,NIFTY2532020900PE,0.65,1.0,0.35,0.65,0.7,0.75,22907.6,0.65,1646175,-515925,49355,77365832707.5,9783,F1,75,,,,,
2025-03-19,2025-03-19,FO,NSE,IDO,61746,,NIFTY,,2029-12-27,2029-12-27,23000.0,CE,NIFTY29DEC23000CE,0.0,0.0,0.0,8286.75,0.0,8286.75,22907.6,6465.75,0,0,0,0.0,0,F1,75,,,,,
2025-03-19,2025-03-19,FO,NSE,IDO,89630,,NIFTY,,2029-06-28,2029-06-28,24000.0,CE,NIFTY29JUN24000CE,0.0,0.0,0.0,8085.35,0.0,8085.35,22907.6,5348.85,0,0,0,0.0,0,F1,75,,,,,
2025-03-19,2025-03-19,FO,NSE,IDO,67790,,NIFTY,,2028-12-28,2028-12-28,28000.0,CE,NIFTY28DEC28000CE,0.0,0.0,0.0,4027.15,0.0,4027.15,22907.6,2829.75,0,0,0,0.0,0,F1,75,,,,,
2025-03-19,2025-03-19,FO,NSE,IDO,67788,,NIFTY,,2028-12-28,2028-12-28,27000.0,CE,NIFTY28DEC27000CE,0.0,0.0,0.0,4437.95,0.0,4437.95,22907.6,3257.15,0,0,0,0.0,0,F1,75,,,,,
2025-03-19,2025-03-19,FO,NSE,IDO,86165,,NIFTY,,2028-06-29,2028-06-29,28000.0,CE,NIFTY28JUN28000CE,0.0,0.0,0.0,2596.45,0.0,2596.45,22907.6,2315.9,0,0,0,0.0,0,F1,75,,,,,
2025-03-19,2025-03-19,FO,NSE,IDO,38164,,NIFTY,,2027-12-30,2027-12-30,29000.0,CE,NIFTY27DEC29000CE,0.0,0.0,0.0,1932.55,0.0,1932.55,22907.6,1485.05,0,0,0,0.0,0,F1,75,,,,,
2025-03-19,2025-03-19,FO,NSE,IDO,53628,,NIFTY,,2027-12-30,2027-12-30,26000.0,CE,NIFTY27DEC26000CE,0.0,0.0,0.0,3162.4,0.0,3162.4,22907.6,2622.25,0,0,0,0.0,0,F1,75,,,,,
2025-03-19,2025-03-19,FO,NSE,IDO,53626,,NIFTY,,2027-12-30,2027-12-30,25000.0,CE,NIFTY27DEC25000CE,0.0,0.0,0.0,3458.35,0.0,3458.35,22907.6,3113.45,0,0,0,0.0,0,F1,75,,,,,
2025-03-19,2025-03-19,FO,NSE,IDO,53599,,NIFTY,,2027-12-30,2027-12-30,17000.0,CE,NIFTY27DEC17000CE,0.0,0.0,0.0,6805.5,0.0,6805.5,22907.6,8742.1,0,0,0,0.0,0,F1,75,,,,,
2025-03-19,2025-03-19,FO,NSE,IDO,58636,,NIFTY,,2026-12-31,2026-12-31,16000.0,CE,NIFTY26DEC16000CE,0.0,0.0,0.0,6200.0,6200.0,6200.0,22907.6,8665.05,50,0,0,0.0,0,F1,75,,,,,
2025-03-19,2025-03-19,FO,NSE,IDO,37799,,NIFTY,,2026-06-25,2026-06-25,23000.0,CE,NIFTY26JUN23000CE,0.0,0.0,0.0,2645.65,0.0,2645.65,22907.6,2348.85,0,0,0,0.0,0,F1,75,,,,,
2025-03-19,2025-03-19,FO,NSE,IDO,58626,,NIFTY,,2026-06-25,2026-06-25,22000.0,CE,NIFTY26JUN22000CE,0.0,0.0,0.0,2722.55,0.0,2722.55,22907.6,3016.65,0,0,0,0.0,0,F1,75,,,,,
2025-03-19,2025-03-19,FO,NSE,IDO,39989,,NIFTY,,2026-06-25,2026-06-25,19000.0,CE,NIFTY26JUN19000CE,0.0,0.0,0.0,5792.0,5792.0,5792.0,22907.6,5452.7,100,0,0,0.0,0,F1,75,,,,,
2025-03-19,2025-03-19,FO,NSE,IDO,38376,,NIFTY,,2025-12-24,2025-12-24,20000.0,CE,NIFTY25DEC20000CE,3950.0,3955.0,3940.2,3946.05,3946.1,3950.85,22907.6,3946.05,50500,-525,7,12573015.0,7,F1,75,,,,,
2025-03-19,2025-03-19,FO,NSE,IDO,64690,,NIFTY,,2025-09-25,2025-09-25,23000.0,CE,NIFTY25SEP23000CE,1201.95,1268.4,1185.55,1238.3,1247.0,1192.5,22907.6,1238.3,84600,2400,142,258082492.5,126,F1,75,,,,,
2025-03-19,2025-03-19,FO,NSE,IDO,38150,,NIFTY,,2025-06-26,2025-06-26,29000.0,CE,NIFTY25JUN29000CE,8.5,8.5,7.75,8.05,7.95,8.6,22907.6,8.05,74725,9000,260,565656772.5,48,F1,75,,,,,
2025-03-19,2025-03-19,FO,NSE,IDO,61557,,NIFTY,,2025-05-29,2025-05-29,23800.0,CE,NIFTY25MAY23800CE,225.2,250.0,223.0,242.25,242.0,221.55,22907.6,242.25,25875,7200,230,414670035.0,98,F1,75,,,,,
2025-03-19,2025-03-19,FO,NSE,IDO,61551,,NIFTY,,2025-05-29,2025-05-29,23650.0,CE,NIFTY25MAY23650CE,0.0,0.0,0.0,257.7,257.7,257.7,22907.6,344.25,1950,0,0,0.0,0,F1,75,,,,,
2025-03-19,2025-03-19,FO,NSE,IDO,61537,,NIFTY,,2025-05-29,2025-05-29,23300.0,CE,NIFTY25MAY23300CE,421.45,467.8,421.45,459.05,457.0,420.25,22907.6,459.05,22275,1050,84,149670161.25,45,F1,75,,,,,
2025-03-19,2025-03-19,FO,NSE,IDO,61511,,NIFTY,,2025-05-29,2025-05-29,22650.0,CE,NIFTY25MAY22650CE,0.0,0.0,0.0,799.0,799.0,799.0,22907.6,841.25,525,0,0,0.0,0,F1,75,,,,,
2025-03-19,2025-03-19,FO,NSE,IDO,61399,,NIFTY,,2025-05-29,2025-05-29,21600.0,CE,NIFTY25MAY21600CE,0.0,0.0,0.0,1643.3,1643.55,1643.3,22907.6,1647.6,900,0,0,0.0,0,F1,75,,,,,
2025-03-19,2025-03-19,FO,NSE,IDO,61377,,NIFTY,,2025-05-29,2025-05-29,21250.0,CE,NIFTY25MAY21250CE,0.0,0.0,0.0,1945.25,1945.25,1945.25,22907.6,1961.6,600,0,0,0.0,0,F1,75,,,,,
2025-03-19,2025-03-19,FO,NSE,IDO,50057,,NIFTY,,2025-03-20,2025-03-20,20400.0,CE,NIFTY2532020400CE,0.0,0.0,0.0,2195.0,2195.0,2195.0,22907.6,2511.25,675,0,0,0.0,0,F1,75,,,,,
2025-03-19,2025-03-19,FO,NSE,IDO,50063,,NIFTY,,2025-03-20,2025-03-20,20550.0,CE,NIFTY2532020550CE,0.0,0.0,0.0,1858.1,1857.45,1858.1,22907.6,2361.25,750,0,0,0.0,0,F1,75,,,,,
2025-03-19,2025-03-19,FO,NSE,IDO,50093,,NIFTY,,2025-03-20,2025-03-20,21050.0,CE,NIFTY2532021050CE,0.0,0.0,0.0,1525.2,1525.2,1525.2,22907.6,1861.35,375,0,0,0.0,0,F1,75,,,,,
2025-03-19,2025-03-19,FO,NSE,IDO,50109,,NIFTY,,2025-03-20,2025-03-20,21250.0,CE,NIFTY2532021250CE,0.0,0.0,0.0,1242.95,1242.95,1242.95,22907.6,1661.4,450,0,0,0.0,0,F1,75,,,,,
2025-03-19,2025-03-19,FO,NSE,IDO,50225,,NIFTY,,2025-03-20,2025-03-20,23050.0,CE,NIFTY2532023050CE,23.5,38.55,15.2,30.55,26.25,17.65,22907.6,30.55,4922400,1444950,2932503,5075509779003.75,1022672,F1,75,,,,,
2025-03-19,2025-03-19,FO,NSE,IDO,50235,,NIFTY,,2025-03-20,2025-03-20,23300.0,CE,NIFTY2532023300CE,3.1,3.5,1.85,3.3,3.15,2.15,22907.6,3.3,14624025,9193125,1942543,3394980954037.5,374333,F1,75,,,,,
2025-03-19,2025-03-19,FO,NSE,IDO,50243,,NIFTY,,2025-03-20,2025-03-20,23500.0,CE,NIFTY2532023500CE,0.9,1.25,0.75,0.95,0.9,1.0,22907.6,0.95,8007150,-2698650,1090465,1922023320363.75,166543,F1,75,,,,,
2025-03-19,2025-03-19,FO,NSE,IDO,50296,,NIFTY,,2025-03-20,2025-03-20,24400.0,CE,NIFTY2532024400CE,0.3,0.35,0.15,0.2,0.2,0.3,22907.6,0.2,352725,-24075,35727,65381123733.75,6731,F1,75,,,,,
2025-03-19,2025-03-19,FO,NSE,IDO,46777,,NIFTY,,2025-03-27,2025-03-27,20350.0,CE,NIFTY25MAR20350CE,0.0,0.0,0.0,2530.45,2530.45,2530.45,22907.6,2586.55,600,0,0,0.0,0,F1,75,,,,,
2025-03-19,2025-03-19,FO,NSE,IDO,46794,,NIFTY,,2025-03-27,2025-03-27,20550.0,CE,NIFTY25MAR20550CE,0.0,0.0,0.0,2352.55,2352.55,2352.55,22907.6,2386.85,600,0,0,0.0,0,F1,75,,,,,
2025-03-19,2025-03-19,FO,NSE,IDO,46796,,NIFTY,,2025-03-27,2025-03-27,20600.0,CE,NIFTY25MAR20600CE,0.0,0.0,0.0,2277.8,2277.8,2277.8,22907.6,2336.95,375,0,0,0.0,0,F1,75,,,,,
2025-03-19,2025-03-19,FO,NSE,IDO,46918,,NIFTY,,2025-03-27,2025-03-27,21800.0,CE,NIFTY25MAR21800CE,1137.05,1193.75,1084.0,1175.85,1175.3,1103.35,22907.6,1175.85,54525,-35925,708,1217699793.75,250,F1,75,,,,,
2025-03-19,2025-03-19,FO,NSE,IDO,46976,,NIFTY,,2025-03-27,2025-03-27,22200.0,CE,NIFTY25MAR22200CE,738.95,802.95,698.5,788.95,790.0,720.4,22907.6,788.95,771450,12525,1495,2575088610.0,804,F1,75,,,,,
2025-03-19,2025-03-19,FO,NSE,IDO,46994,,NIFTY,,2025-03-27,2025-03-27,22450.0,CE,NIFTY25MAR22450CE,503.35,575.4,473.9,557.95,560.0,494.65,22907.6,557.95,147825,-19125,786,1354976366.25,523,F1,75,,,,,
2025-03-19,2025-03-19,FO,NSE,IDO,47040,,NIFTY,,2025-03-27,2025-03-27,22750.0,CE,NIFTY25MAR22750CE,275.45,322.0,244.85,308.75,309.85,262.25,22907.6,308.75,386100,-37500,10822,18699566655.0,8133,F1,75,,,,,
2025-03-19,2025-03-19,FO,NSE,IDO,51399,,NIFTY,,2025-03-27,2025-03-27,23500.0,CE,NIFTY25MAR23500CE,15.0,17.8,12.45,16.8,17.0,12.5,22907.6,16.8,4962000,121200,161311,284495698162.5,67986,F1,75,,,,,
2025-03-19,2025-03-19,FO,NSE,IDO,51459,,NIFTY,,2025-03-27,2025-03-27,23550.0,CE,NIFTY25MAR23550CE,11.5,13.6,9.5,12.95,13.15,9.6,22907.6,12.95,588525,232050,32617,57638170953.75,17375,F1,75,,,,,
2025-03-19,2025-03-19,FO,NSE,IDO,55199,,NIFTY,,2025-03-27,2025-03-27,24350.0,CE,NIFTY25MAR24350CE,1.2,1.3,0.9,1.15,1.2,1.1,22907.6,1.15,18975,3525,916,1672914150.0,421,F1,75,,,,,
2025-03-19,2025-03-19,FO,NSE,IDO,56534,,NIFTY,,2025-03-27,2025-03-27,24650.0,CE,NIFTY25MAR24650CE,0.85,1.25,0.75,1.1,1.25,0.9,22907.6,1.1,15150,300,278,513972701.25,136,F1,75,,,,,
2025-03-19,2025-03-19,FO,NSE,IDO,56868,,NIFTY,,2025-03-27,2025-03-27,25100.0,CE,NIFTY25MAR25100CE,0.75,1.1,0.7,0.95,1.1,0.95,22907.6,0.95,35625,600,391,736083326.25,114,F1,75,,,,,
2025-03-19,2025-03-19,FO,NSE,IDO,56872,,NIFTY,,2025-03-27,2025-03-27,25200.0,CE,NIFTY25MAR25200CE,1.0,1.1,0.75,1.05,1.1,0.95,22907.6,1.05,98250,-150,302,570800958.75,150,F1,75,,,,,
2025-03-19,2025-03-19,FO,NSE,IDO,56884,,NIFTY,,2025-03-27,2025-03-27,25500.0,CE,NIFTY25MAR25500CE,0.6,0.9,0.6,0.8,0.8,0.8,22907.6,0.8,398850,-8700,2496,4773743955.0,911,F1,75,,,,,
2025-03-19,2025-03-19,FO,NSE,IDO,56894,,NIFTY,,2025-03-27,2025-03-27,25750.0,CE,NIFTY25MAR25750CE,0.7,0.85,0.6,0.8,0.85,0.85,22907.6,0.8,2925,-2175,74,142916546.25,20,F1,75,,,,,
2025-03-19,2025-03-19,FO,NSE,IDO,59769,,NIFTY,,2025-03-27,2025-03-27,25950.0,CE,NIFTY25MAR25950CE,0.65,0.9,0.55,0.85,0.85,0.8,22907.6,0.85,8550,-2250,87,169328276.25,37,F1,75,,,,,
2025-03-19,2025-03-19,FO,NSE,IDO,54470,,NIFTY,,2025-04-03,2025-04-03,20450.0,CE,NIFTY2540320450CE,0.0,0.0,0.0,2469.1,2469.1,2469.1,22907.6,2512.15,75,0,0,0.0,0,F1,75,,,,,
2025-03-19,2025-03-19,FO,NSE,IDO,54669,,NIFTY,,2025-04-03,2025-04-03,23300.0,CE,NIFTY2540323300CE,83.95,107.8,80.0,101.15,100.45,80.1,22907.6,101.15,157350,62175,9463,16605223110.0,6231,F1,75,,,,,
2025-03-19,2025-03-19,FO,NSE,IDO,43782,,NIFTY,,2025-04-09,2025-04-09,20700.0,CE,NIFTY2540920700CE,0.0,0.0,0.0,1994.75,0.0,1994.75,22907.6,2284.95,0,0,0,0.0,0,F1,75,,,,,
2025-03-19,2025-03-19,FO,NSE,IDO,43792,,NIFTY,,2025-04-09,2025-04-09,20900.0,CE,NIFTY2540920900CE,0.0,0.0,0.0,1803.8,0.0,1803.8,22907.6,2085.85,0,0,0,0.0,0,F1,75,,,,,
2025-03-19,2025-03-19,FO,NSE,IDO,43802,,NIFTY,,2025-04-09,2025-04-09,21150.0,CE,NIFTY2540921150CE,0.0,0.0,0.0,1570.75,0.0,1570.75,22907.6,1837.45,0,0,0,0.0,0,F1,75,,,,,
2025-03-19,2025-03-19,FO,NSE,IDO,43818,,NIFTY,,2025-04-09,2025-04-09,21500.0,CE,NIFTY2540921500CE,0.0,0.0,0.0,1259.85,0.0,1259.85,22907.6,1492.15,0,0,0,0.0,0,F1,75,,,,,
2025-03-19,2025-03-19,FO,NSE,IDO,43838,,NIFTY,,2025-04-09,2025-04-09,22000.0,CE,NIFTY2540922000CE,1073.7,1080.0,1054.6,1080.0,1080.0,820.0,22907.6,1016.15,225,150,10,17304277.5,7,F1,75,,,,,
2025-03-19,2025-03-19,FO,NSE,IDO,43882,,NIFTY,,2025-04-09,2025-04-09,22950.0,CE,NIFTY2540922950CE,317.55,337.55,317.55,336.0,336.0,156.95,22907.6,336.0,375,375,11,19206723.75,11,F1,75,,,,,
2025-03-19,2025-03-19,FO,NSE,IDO,43896,,NIFTY,,2025-04-09,2025-04-09,23200.0,CE,NIFTY2540923200CE,172.7,212.6,172.5,202.35,202.95,171.5,22907.6,202.35,10800,675,200,350931795.0,109,F1,75,,,,,
2025-03-19,2025-03-19,FO,NSE,IDO,43898,,NIFTY,,2025-04-09,2025-04-09,23250.0,CE,NIFTY2540923250CE,169.95,184.3,162.55,176.0,176.0,147.3,22907.6,181.2,975,825,29,50943420.0,12,F1,75,,,,,
2025-03-19,2025-03-19,FO,NSE,IDO,43910,,NIFTY,,2025-04-09,2025-04-09,23550.0,CE,NIFTY2540923550CE,69.2,87.0,69.2,83.5,83.15,65.4,22907.6,83.5,2475,675,18,31900961.25,10,F1,75,,,,,
2025-03-19,2025-03-19,FO,NSE,IDO,43940,,NIFTY,,2025-04-09,2025-04-09,24150.0,CE,NIFTY2540924150CE,18.45,18.45,10.15,13.0,12.95,8.5,22907.6,13.0,675,450,15,27183855.0,11,F1,75,,,,,
2025-03-19,2025-03-19,FO,NSE,IDO,48116,,NIFTY,,2025-04-17,2025-04-17,21850.0,CE,NIFTY2541721850CE,0.0,0.0,0.0,842.45,0.0,842.45,22907.6,1200.15,0,0,0,0.0,0,F1,75,,,,,
2025-03-19,2025-03-19,FO,NSE,IDO,48118,,NIFTY,,2025-04-17,2025-04-17,21900.0,CE,NIFTY2541721900CE,0.0,0.0,0.0,805.1,0.0,805.1,22907.6,1154.75,0,0,0,0.0,0,F1,75,,,,,
2025-03-19,2025-03-19,FO,NSE,IDO,48172,,NIFTY,,2025-04-17,2025-04-17,22450.0,CE,NIFTY2541722450CE,0.0,0.0,0.0,462.95,0.0,462.95,22907.6,697.7,0,0,0,0.0,0,F1,75,,,,,
2025-03-19,2025-03-19,FO,NSE,IDO,48234,,NIFTY,,2025-04-17,2025-04-17,23250.0,CE,NIFTY2541723250CE,0.0,0.0,0.0,162.6,0.0,162.6,22907.6,242.25,0,0,0,0.0,0,F1,75,,,,,
2025-03-19,2025-03-19,FO,NSE,IDO,48287,,NIFTY,,2025-04-17,2025-04-17,23750.0,CE,NIFTY2541723750CE,0.0,0.0,0.0,45.95,45.95,45.95,22907.6,98.65,300,0,0,0.0,0,F1,75,,,,,
2025-03-19,2025-03-19,FO,NSE,IDO,48292,,NIFTY,,2025-04-17,2025-04-17,23850.0,CE,NIFTY2541723850CE,0.0,0.0,0.0,39.95,39.95,39.95,22907.6,80.5,450,0,0,0.0,0,F1,75,,,,,
2025-03-19,2025-03-19,FO,NSE,IDO,79200,,NIFTY,,2025-04-24,2025-04-24,20400.0,CE,NIFTY25APR20400CE,0.0,0.0,0.0,2364.2,2363.75,2364.2,22907.6,2638.4,1275,0,0,0.0,0,F1,75,,,,,
2025-03-19,2025-03-19,FO,NSE,IDO,79221,,NIFTY,,2025-04-24,2025-04-24,20800.0,CE,NIFTY25APR20800CE,0.0,0.0,0.0,2251.9,2251.9,2251.9,22907.6,2242.45,600,0,0,0.0,0,F1,75,,,,,
2025-03-19,2025-03-19,FO,NSE,IDO,79229,,NIFTY,,2025-04-24,2025-04-24,21000.0,CE,NIFTY25APR21000CE,2089.95,2149.3,2040.0,2134.95,2135.85,2046.6,22907.6,2134.95,807225,27000,766,1328378268.75,501,F1,75,,,,,
2025-03-19,2025-03-19,FO,NSE,IDO,79400,,NIFTY,,2025-04-24,2025-04-24,22650.0,CE,NIFTY25APR22650CE,620.95,670.0,616.8,661.15,650.2,599.45,22907.6,661.15,38250,-3600,144,251670562.5,110,F1,75,,,,,
2025-03-19,2025-03-19,FO,NSE,IDO,79409,,NIFTY,,2025-04-24,2025-04-24,22750.0,CE,NIFTY25APR22750CE,550.95,604.95,535.0,590.15,591.6,541.3,22907.6,590.15,32250,-4425,136,237853916.25,122,F1,75,,,,,
2025-03-19,2025-03-19,FO,NSE,IDO,79505,,NIFTY,,2025-04-24,2025-04-24,23600.0,CE,NIFTY25APR23600CE,142.1,161.8,135.25,155.35,152.45,136.7,22907.6,155.35,398550,7575,6075,10822007475.0,4225,F1,75,,,,,
2025-03-19,2025-03-19,FO,NSE,IDO,79632,,NIFTY,,2025-04-24,2025-04-24,24300.0,CE,NIFTY25APR24300CE,28.25,32.95,27.15,28.85,28.35,26.9,22907.6,28.85,342900,65700,4276,7802394832.5,2314,F1,75,,,,,
2025-03-19,2025-03-19,FO,NSE,IDO,79634,,NIFTY,,2025-04-24,2025-04-24,24350.0,CE,NIFTY25APR24350CE,25.55,26.9,25.2,26.1,26.1,23.3,22907.6,26.1,25500,4275,89,162709252.5,67,F1,75,,,,,
2025-03-19,2025-03-19,FO,NSE,IDO,79636,,NIFTY,,2025-04-24,2025-04-24,24400.0,CE,NIFTY25APR24400CE,21.95,25.25,21.35,22.5,22.1,20.1,22907.6,22.5,174000,61650,3993,7314021135.0,1761,F1,75,,,,,
2025-03-19,2025-03-19,FO,NSE,IDO,50144,,NIFTY,,2025-03-20,2025-03-20,21900.0,PE,NIFTY2532021900PE,1.65,1.7,0.85,1.25,1.55,2.35,22907.6,1.25,3849975,-586650,641362,1053490968480.0,116618,F1,75,,,,,
2025-03-19,2025-03-19,FO,NSE,IDO,50185,,NIFTY,,2025-03-20,2025-03-20,22450.0,PE,NIFTY2532022450PE,11.5,11.8,4.8,5.7,5.5,13.45,22907.6,5.7,5896275,897525,915152,1541343393570.0,238618,F1,75,,,,,
2025-03-19,2025-03-19,FO,NSE,IDO,50232,,NIFTY,,2025-03-20,2025-03-20,23200.0,PE,NIFTY2532023200PE,342.45,384.15,253.0,272.9,271.5,350.25,22907.6,272.9,155625,91500,69088,121736820131.25,42020,F1,75,,,,,
2025-03-19,2025-03-19,FO,NSE,IDO,50260,,NIFTY,,2025-03-20,2025-03-20,23800.0,PE,NIFTY2532023800PE,900.0,970.0,852.95,863.95,865.0,964.25,22907.6,863.95,16650,3525,2420,4484124528.75,745,F1,75,,,,,
2025-03-19,2025-03-19,FO,NSE,IDO,50284,,NIFTY,,2025-03-20,2025-03-20,24150.0,PE,NIFTY2532024150PE,0.0,0.0,0.0,1541.65,1541.45,1541.65,22907.6,1238.1,1125,0,0,0.0,0,F1,75,,,,,
2025-03-19,2025-03-19,FO,NSE,IDO,50304,,NIFTY,,2025-03-20,2025-03-20,24500.0,PE,NIFTY2532024500PE,1601.05,1627.05,1560.1,1567.3,1568.0,1649.85,22907.6,1567.3,14400,-13200,190,371645778.75,60,F1,75,,,,,
2025-03-19,2025-03-19,FO,NSE,IDO,46893,,NIFTY,,2025-03-27,2025-03-27,21650.0,PE,NIFTY25MAR21650PE,7.3,7.3,4.65,5.7,6.15,7.15,22907.6,5.7,425025,208275,12392,20126525681.25,4324,F1,75,,,,,
2025-03-19,2025-03-19,FO,NSE,IDO,46943,,NIFTY,,2025-03-27,2025-03-27,21950.0,PE,NIFTY25MAR21950PE,11.15,13.3,8.8,9.85,10.85,13.75,22907.6,9.85,332100,64275,18732,30851852321.25,10244,F1,75,,,,,
2025-03-19,2025-03-19,FO,NSE,IDO,64565,,NIFTY,,2025-03-27,2025-03-27,23000.0,PE,NIFTY25MAR23000PE,193.0,240.8,168.55,176.25,173.75,225.95,22907.6,176.25,3558775,736600,159112,276752789197.5,90317,F1,75,,,,,
2025-03-19,2025-03-19,FO,NSE,IDO,48346,,NIFTY,,2025-03-27,2025-03-27,23050.0,PE,NIFTY25MAR23050PE,240.05,270.8,193.0,202.55,214.85,252.95,22907.6,202.55,159300,85575,9257,16154958690.0,7105,F1,75,,,,,
2025-03-19,2025-03-19,FO,NSE,IDO,61411,,NIFTY,,2029-12-27,2029-12-27,20000.0,PE,NIFTY29DEC20000PE,0.0,0.0,0.0,202.3,0.0,202.3,22907.6,138.95,0,0,0,0.0,0,F1,75,,,,,
2025-03-19,2025-03-19,FO,NSE,IDO,89639,,NIFTY,,2029-06-28,2029-06-28,28000.0,PE,NIFTY29JUN28000PE,0.0,0.0,0.0,1488.1,0.0,1488.1,22907.6,1639.7,0,0,0,0.0,0,F1,75,,,,,
2025-03-19,2025-03-19,FO,NSE,IDO,89613,,NIFTY,,2029-06-28,2029-06-28,18000.0,PE,NIFTY29JUN18000PE,0.0,0.0,0.0,118.45,0.0,118.45,22907.6,53.15,0,0,0,0.0,0,F1,75,,,,,
2025-03-19,2025-03-19,FO,NSE,IDO,86160,,NIFTY,,2028-06-29,2028-06-29,25000.0,PE,NIFTY28JUN25000PE,0.0,0.0,0.0,2016.8,0.0,2016.8,22907.6,974.55,0,0,0,0.0,0,F1,75,,,,,
2025-03-19,2025-03-19,FO,NSE,IDO,53632,,NIFTY,,2027-12-30,2027-12-30,27000.0,PE,NIFTY27DEC27000PE,0.0,0.0,0.0,2492.45,2492.45,2492.45,22907.6,1812.1,75,0,0,0.0,0,F1,75,,,,,
2025-03-19,2025-03-19,FO,NSE,IDO,53630,,NIFTY,,2027-12-30,2027-12-30,26000.0,PE,NIFTY27DEC26000PE,0.0,0.0,0.0,1951.6,1951.6,1951.6,22907.6,1411.45,75,0,0,0.0,0,F1,75,,,,,
2025-03-19,2025-03-19,FO,NSE,IDO,53604,,NIFTY,,2027-12-30,2027-12-30,18000.0,PE,NIFTY27DEC18000PE,0.0,0.0,0.0,244.4,244.4,244.4,22907.6,43.4,10175,0,0,0.0,0,F1,75,,,,,
2025-03-19,2025-03-19,FO,NSE,IDO,38163,,NIFTY,,2027-06-24,2027-06-24,29000.0,PE,NIFTY27JUN29000PE,0.0,0.0,0.0,4627.1,0.0,4627.1,22907.6,3144.1,0,0,0,0.0,0,F1,75,,,,,
2025-03-19,2025-03-19,FO,NSE,IDO,71546,,NIFTY,,2027-06-24,2027-06-24,17000.0,PE,NIFTY27JUN17000PE,0.0,0.0,0.0,1814.75,0.0,1814.75,22907.6,15.85,0,0,0,0.0,0,F1,75,,,,,
2025-03-19,2025-03-19,FO,NSE,IDO,38159,,NIFTY,,2026-12-31,2026-12-31,29000.0,PE,NIFTY26DEC29000PE,0.0,0.0,0.0,5042.25,0.0,5042.25,22907.6,3549.35,0,0,0,0.0,0,F1,75,,,,,
2025-03-19,2025-03-19,FO,NSE,IDO,38157,,NIFTY,,2026-06-25,2026-06-25,29000.0,PE,NIFTY26JUN29000PE,0.0,0.0,0.0,5546.1,0.0,5546.1,22907.6,4086.15,0,0,0,0.0,0,F1,75,,,,,
2025-03-19,2025-03-19,FO,NSE,IDO,50498,,NIFTY,,2026-06-25,2026-06-25,17000.0,PE,NIFTY26JUN17000PE,0.0,0.0,0.0,2627.25,0.0,2627.25,22907.6,4.7,0,0,0,0.0,0,F1,75,,,,,
2025-03-19,2025-03-19,FO,NSE,IDO,50462,,NIFTY,,2026-06-25,2026-06-25,16000.0,PE,NIFTY26JUN16000PE,0.0,0.0,0.0,21.55,21.55,21.55,22907.6,1.2,1525,0,0,0.0,0,F1,75,,,,,
2025-03-19,2025-03-19,FO,NSE,IDO,50444,,NIFTY,,2026-06-25,2026-06-25,14000.0,PE,NIFTY26JUN14000PE,0.0,0.0,0.0,20.05,20.05,20.05,22907.6,0.05,1075,0,0,0.0,0,F1,75,,,,,
2025-03-19,2025-03-19,FO,NSE,IDO,58625,,NIFTY,,2026-06-25,2026-06-25,12000.0,PE,NIFTY26JUN12000PE,0.0,0.0,0.0,20.05,20.05,20.05,22907.6,0.05,475,0,0,0.0,0,F1,75,,,,,
2025-03-19,2025-03-19,FO,NSE,IDO,51452,,NIFTY,,2025-12-24,2025-12-24,21000.0,PE,NIFTY25DEC21000PE,270.65,274.65,260.05,265.85,265.0,270.35,22907.6,265.85,287300,-1575,1076,1716117266.25,760,F1,75,,,,,
2025-03-19,2025-03-19,FO,NSE,IDO,39988,,NIFTY,,2025-12-24,2025-12-24,19000.0,PE,NIFTY25DEC19000PE,108.5,112.7,105.0,105.7,105.95,108.2,22907.6,105.7,75100,1350,222,318121897.5,116,F1,75,,,,,
2025-03-19,2025-03-19,FO,NSE,IDO,49174,,NIFTY,,2025-12-24,2025-12-24,15000.0,PE,NIFTY25DEC15000PE,0.0,0.0,0.0,20.05,20.05,20.05,22907.6,0.05,1900,0,0,0.0,0,F1,75,,,,,
2025-03-19,2025-03-19,FO,NSE,IDO,45866,,NIFTY,,2025-06-26,2025-06-26,17000.0,PE,NIFTY25JUN17000PE,9.0,10.5,9.0,10.5,10.5,14.9,22907.6,0.05,3750,75,9,11481382.5,9,F1,75,,,,,
2025-03-19,2025-03-19,FO,NSE,IDO,61688,,NIFTY,,2025-05-29,2025-05-29,24600.0,PE,NIFTY25MAY24600PE,0.0,0.0,0.0,1811.85,0.0,1811.85,22907.6,1496.6,0,0,0,0.0,0,F1,75,,,,,
2025-03-19,2025-03-19,FO,NSE,IDO,61686,,NIFTY,,2025-05-29,2025-05-29,24550.0,PE,NIFTY25MAY24550PE,0.0,0.0,0.0,1771.7,0.0,1771.7,22907.6,1454.85,0,0,0,0.0,0,F1,75,,,,,
2025-03-19,2025-03-19,FO,NSE,IDO,61678,,NIFTY,,2025-05-29,2025-05-29,24350.0,PE,NIFTY25MAY24350PE,0.0,0.0,0.0,1614.6,0.0,1614.6,22907.6,1292.2,0,0,0,0.0,0,F1,75,,,,,
2025-03-19,2025-03-19,FO,NSE,IDO,61668,,NIFTY,,2025-05-29,2025-05-29,24100.0,PE,NIFTY25MAY24100PE,0.0,0.0,0.0,1089.45,1089.45,1089.45,22907.6,1099.75,525,0,0,0.0,0,F1,75,,,,,
2025-03-19,2025-03-19,FO,NSE,IDO,61556,,NIFTY,,2025-05-29,2025-05-29,23750.0,PE,NIFTY25MAY23750PE,0.0,0.0,0.0,846.65,846.65,846.65,22907.6,854.1,600,0,0,0.0,0,F1,75,,,,,
2025-03-19,2025-03-19,FO,NSE,IDO,61526,,NIFTY,,2025-05-29,2025-05-29,23000.0,PE,NIFTY25MAY23000PE,427.1,437.95,389.7,393.75,392.05,431.55,22907.6,393.75,156975,-8100,3410,5987424090.0,1791,F1,75,,,,,
2025-03-19,2025-03-19,FO,NSE,IDO,61516,,NIFTY,,2025-05-29,2025-05-29,22750.0,PE,NIFTY25MAY22750PE,340.0,340.0,305.35,305.35,305.35,334.4,22907.6,335.15,2700,-75,2,3460901.25,2,F1,75,,,,,
2025-03-19,2025-03-19,FO,NSE,IDO,61514,,NIFTY,,2025-05-29,2025-05-29,22700.0,PE,NIFTY25MAY22700PE,317.5,332.25,295.05,298.25,296.0,326.05,22907.6,298.25,18150,4050,264,455570752.5,175,F1,75,,,,,
2025-03-19,2025-03-19,FO,NSE,IDO,61512,,NIFTY,,2025-05-29,2025-05-29,22650.0,PE,NIFTY25MAY22650PE,293.1,295.0,290.0,295.0,295.0,320.0,22907.6,299.05,6825,225,6,10324057.5,5,F1,75,,,,,
2025-03-19,2025-03-19,FO,NSE,IDO,61508,,NIFTY,,2025-05-29,2025-05-29,22550.0,PE,NIFTY25MAY22550PE,262.9,271.1,252.45,252.45,252.45,287.65,22907.6,252.45,1275,75,4,6844316.25,4,F1,75,,,,,
2025-03-19,2025-03-19,FO,NSE,IDO,61492,,NIFTY,,2025-05-29,2025-05-29,22150.0,PE,NIFTY25MAY22150PE,183.1,184.9,170.8,175.0,175.0,214.95,22907.6,158.55,825,150,14,23440935.0,10,F1,75,,,,,
2025-03-19,2025-03-19,FO,NSE,IDO,61486,,NIFTY,,2025-05-29,2025-05-29,22000.0,PE,NIFTY25MAY22000PE,155.05,165.5,148.45,151.6,151.95,162.7,22907.6,151.6,446775,65325,3442,5718926403.75,2106,F1,75,,,,,
2025-03-19,2025-03-19,FO,NSE,IDO,61344,,NIFTY,,2025-05-29,2025-05-29,20800.0,PE,NIFTY25MAY20800PE,45.7,48.0,37.45,44.6,45.0,45.6,22907.6,44.6,48525,3825,101,157891323.75,30,F1,75,,,,,
2025-03-19,2025-03-19,FO,NSE,IDO,79675,,NIFTY,,2025-04-24,2025-04-24,24800.0,PE,NIFTY25APR24800PE,0.0,0.0,0.0,1755.9,1756.15,1755.9,22907.6,1749.55,600,0,0,0.0,0,F1,75,,,,,
2025-03-19,2025-03-19,FO,NSE,IDO,79502,,NIFTY,,2025-04-24,2025-04-24,23500.0,PE,NIFTY25APR23500PE,611.45,641.35,553.8,561.15,560.0,622.25,22907.6,561.15,968250,49050,3545,6403488116.25,2869,F1,75,,,,,
2025-03-19,2025-03-19,FO,NSE,IDO,79395,,NIFTY,,2025-04-24,2025-04-24,22550.0,PE,NIFTY25APR22550PE,187.0,199.85,166.25,168.4,169.35,189.75,22907.6,168.4,36675,-21375,650,1107908471.25,324,F1,75,,,,,
2025-03-19,2025-03-19,FO,NSE,IDO,79389,,NIFTY,,2025-04-24,2025-04-24,22400.0,PE,NIFTY25APR22400PE,151.05,162.05,132.85,138.1,135.3,156.4,22907.6,138.1,357150,18900,3918,6624427042.5,2487,F1,75,,,,,
2025-03-19,2025-03-19,FO,NSE,IDO,79197,,NIFTY,,2025-04-24,2025-04-24,20350.0,PE,NIFTY25APR20350PE,12.25,13.45,11.0,13.15,13.15,12.2,22907.6,13.15,92175,20550,709,1082781513.75,287,F1,75,,,,,
2025-03-19,2025-03-19,FO,NSE,IDO,48332,,NIFTY,,2025-04-17,2025-04-17,24350.0,PE,NIFTY2541724350PE,0.0,0.0,0.0,1822.05,0.0,1822.05,22907.6,1342.65,0,0,0,0.0,0,F1,75,,,,,
2025-03-19,2025-03-19,FO,NSE,IDO,48325,,NIFTY,,2025-04-17,2025-04-17,24200.0,PE,NIFTY2541724200PE,0.0,0.0,0.0,1681.05,0.0,1681.05,22907.6,1204.75,0,0,0,0.0,0,F1,75,,,,,
2025-03-19,2025-03-19,FO,NSE,IDO,48261,,NIFTY,,2025-04-17,2025-04-17,23450.0,PE,NIFTY2541723450PE,0.0,0.0,0.0,1023.65,0.0,1023.65,22907.6,594.75,0,0,0,0.0,0,F1,75,,,,,
2025-03-19,2025-03-19,FO,NSE,IDO,48199,,NIFTY,,2025-04-17,2025-04-17,22800.0,PE,NIFTY2541722800PE,245.55,245.55,205.65,209.25,206.3,239.6,22907.6,209.25,3675,750,36,62148622.5,30,F1,75,,,,,
2025-03-19,2025-03-19,FO,NSE,IDO,48187,,NIFTY,,2025-04-17,2025-04-17,22650.0,PE,NIFTY2541722650PE,0.0,0.0,0.0,476.45,0.0,476.45,22907.6,183.0,0,0,0,0.0,0,F1,75,,,,,
2025-03-19,2025-03-19,FO,NSE,IDO,48179,,NIFTY,,2025-04-17,2025-04-17,22550.0,PE,NIFTY2541722550PE,0.0,0.0,0.0,277.0,277.0,277.0,22907.6,151.7,75,0,0,0.0,0,F1,75,,,,,
2025-03-19,2025-03-19,FO,NSE,IDO,48155,,NIFTY,,2025-04-17,2025-04-17,22300.0,PE,NIFTY2541722300PE,112.2,117.55,93.0,95.1,96.3,118.05,22907.6,95.1,1800,300,26,43685426.25,20,F1,75,,,,,
2025-03-19,2025-03-19,FO,NSE,IDO,48123,,NIFTY,,2025-04-17,2025-04-17,21950.0,PE,NIFTY2541721950PE,61.95,61.95,61.95,61.95,61.95,65.25,22907.6,39.2,375,75,1,1650896.25,1,F1,75,,,,,
2025-03-19,2025-03-19,FO,NSE,IDO,50178,,NIFTY,,2025-03-20,2025-03-20,22300.0,PE,NIFTY2532022300PE,4.0,5.5,2.35,3.1,3.35,6.9,22907.6,3.1,9027375,666375,1206601,2018324227811.25,265122,F1,75,,,,,
2025-03-19,2025-03-19,FO,NSE,IDO,48113,,NIFTY,,2025-04-17,2025-04-17,21750.0,PE,NIFTY2541721750PE,0.0,0.0,0.0,132.55,0.0,132.55,22907.6,22.65,0,0,0,0.0,0,F1,75,,,,,
2025-03-19,2025-03-19,FO,NSE,IDO,48105,,NIFTY,,2025-04-17,2025-04-17,21550.0,PE,NIFTY2541721550PE,0.0,0.0,0.0,92.45,0.0,92.45,22907.6,12.45,0,0,0,0.0,0,F1,75,,,,,
2025-03-19,2025-03-19,FO,NSE,IDO,48066,,NIFTY,,2025-04-17,2025-04-17,21050.0,PE,NIFTY2541721050PE,0.0,0.0,0.0,32.6,0.0,32.6,22907.6,2.15,0,0,0,0.0,0,F1,75,,,,,
2025-03-19,2025-03-19,FO,NSE,IDO,48019,,NIFTY,,2025-04-17,2025-04-17,20700.0,PE,NIFTY2541720700PE,0.0,0.0,0.0,13.75,0.0,13.75,22907.6,0.5,0,0,0,0.0,0,F1,75,,,,,
2025-03-19,2025-03-19,FO,NSE,IDO,43961,,NIFTY,,2025-04-09,2025-04-09,24550.0,PE,NIFTY2540924550PE,0.0,0.0,0.0,1867.2,0.0,1867.2,22907.6,1556.1,0,0,0,0.0,0,F1,75,,,,,
2025-03-19,2025-03-19,FO,NSE,IDO,43943,,NIFTY,,2025-04-09,2025-04-09,24200.0,PE,NIFTY2540924200PE,0.0,0.0,0.0,1543.45,0.0,1543.45,22907.6,1218.85,0,0,0,0.0,0,F1,75,,,,,
2025-03-19,2025-03-19,FO,NSE,IDO,43939,,NIFTY,,2025-04-09,2025-04-09,24100.0,PE,NIFTY2540924100PE,0.0,0.0,0.0,1453.75,0.0,1453.75,22907.6,1125.1,0,0,0,0.0,0,F1,75,,,,,
2025-03-19,2025-03-19,FO,NSE,IDO,43924,,NIFTY,,2025-04-09,2025-04-09,23800.0,PE,NIFTY2540923800PE,0.0,0.0,0.0,1194.55,0.0,1194.55,22907.6,855.5,0,0,0,0.0,0,F1,75,,,,,
2025-03-19,2025-03-19,FO,NSE,IDO,43913,,NIFTY,,2025-04-09,2025-04-09,23600.0,PE,NIFTY2540923600PE,0.0,0.0,0.0,1031.75,0.0,1031.75,22907.6,689.45,0,0,0,0.0,0,F1,75,,,,,
2025-03-19,2025-03-19,FO,NSE,IDO,43907,,NIFTY,,2025-04-09,2025-04-09,23450.0,PE,NIFTY2540923450PE,0.0,0.0,0.0,916.85,0.0,916.85,22907.6,574.55,0,0,0,0.0,0,F1,75,,,,,
2025-03-19,2025-03-19,FO,NSE,IDO,43871,,NIFTY,,2025-04-09,2025-04-09,22750.0,PE,NIFTY2540922750PE,200.0,200.0,161.2,167.25,167.4,189.65,22907.6,167.25,3450,0,18,30946522.5,16,F1,75,,,,,
2025-03-19,2025-03-19,FO,NSE,IDO,43817,,NIFTY,,2025-04-09,2025-04-09,21450.0,PE,NIFTY2540921450PE,0.0,0.0,0.0,65.0,0.0,65.0,22907.6,3.5,0,0,0,0.0,0,F1,75,,,,,
2025-03-19,2025-03-19,FO,NSE,IDO,54853,,NIFTY,,2025-04-03,2025-04-03,24400.0,PE,NIFTY2540324400PE,0.0,0.0,0.0,1485.1,1485.1,1485.1,22907.6,1429.95,75,0,0,0.0,0,F1,75,,,,,
2025-03-19,2025-03-19,FO,NSE,IDO,54622,,NIFTY,,2025-04-03,2025-04-03,22600.0,PE,NIFTY2540322600PE,106.15,117.5,85.0,89.4,91.0,109.7,22907.6,89.4,1098375,513150,19135,32567823003.75,9811,F1,75,,,,,
2025-03-19,2025-03-19,FO,NSE,IDO,56879,,NIFTY,,2025-03-27,2025-03-27,25350.0,PE,NIFTY25MAR25350PE,2416.1,2416.1,2389.5,2389.5,2389.5,2468.55,22907.6,2389.5,1425,0,2,4162920.0,2,F1,75,,,,,
2025-03-19,2025-03-19,FO,NSE,IDO,56867,,NIFTY,,2025-03-27,2025-03-27,25050.0,PE,NIFTY25MAR25050PE,0.0,0.0,0.0,2172.35,2172.6,2172.35,22907.6,2106.75,1275,0,0,0.0,0,F1,75,,,,,
2025-03-19,2025-03-19,FO,NSE,IDO,50065,,NIFTY,,2025-03-20,2025-03-20,20600.0,CE,NIFTY2532020600CE,0.0,0.0,0.0,1973.5,1973.5,1973.5,22907.6,2311.25,450,0,0,0.0,0,F1,75,,,,,
2025-03-19,2025-03-19,FO,NSE,IDO,50073,,NIFTY,,2025-03-20,2025-03-20,20800.0,CE,NIFTY2532020800CE,1968.05,2137.05,1968.05,2133.9,2137.05,1627.3,22907.6,2133.9,375,225,9,15464733.75,8,F1,75,,,,,
2025-03-19,2025-03-19,FO,NSE,IDO,50079,,NIFTY,,2025-03-20,2025-03-20,20900.0,CE,NIFTY2532020900CE,0.0,0.0,0.0,1661.7,1661.7,1661.7,22907.6,2011.3,300,0,0,0.0,0,F1,75,,,,,
2025-03-19,2025-03-19,FO,NSE,IDO,50135,,NIFTY,,2025-03-20,2025-03-20,21750.0,CE,NIFTY2532021750CE,1114.15,1188.2,1114.15,1187.5,1187.5,1108.6,22907.6,1161.45,5025,1050,20,34353596.25,10,F1,75,,,,,
2025-03-19,2025-03-19,FO,NSE,IDO,50143,,NIFTY,,2025-03-20,2025-03-20,21900.0,CE,NIFTY2532021900CE,964.75,1043.0,925.0,1035.0,1035.0,952.15,22907.6,1035.0,9750,-3150,93,159734752.5,66,F1,75,,,,,
2025-03-19,2025-03-19,FO,NSE,IDO,50179,,NIFTY,,2025-03-20,2025-03-20,22350.0,CE,NIFTY2532022350CE,495.95,602.5,481.2,585.8,587.15,515.45,22907.6,585.8,290175,-34200,2073,3560008605.0,1221,F1,75,,,,,
2025-03-19,2025-03-19,FO,NSE,IDO,50215,,NIFTY,,2025-03-20,2025-03-20,22800.0,CE,NIFTY2532022800CE,135.0,190.15,101.8,170.65,167.4,119.95,22907.6,170.65,3740550,-1958175,2247918,3868749191786.25,1373507,F1,75,,,,,
2025-03-19,2025-03-19,FO,NSE,IDO,50223,,NIFTY,,2025-03-20,2025-03-20,23000.0,CE,NIFTY2532023000CE,33.0,58.4,23.5,47.15,41.6,28.65,22907.6,47.15,12160125,-1057575,6148712,10625673340185.0,2326646,F1,75,,,,,
2025-03-19,2025-03-19,FO,NSE,IDO,50227,,NIFTY,,2025-03-20,2025-03-20,23100.0,CE,NIFTY2532023100CE,10.0,23.75,9.0,18.6,16.1,10.95,22907.6,18.6,9962100,4680375,3990560,6918628991355.0,1034139,F1,75,,,,,
2025-03-19,2025-03-19,FO,NSE,IDO,50245,,NIFTY,,2025-03-20,2025-03-20,23550.0,CE,NIFTY2532023550CE,0.95,1.05,0.6,0.75,0.6,0.8,22907.6,0.75,1158000,531375,333994,589937054381.25,63710,F1,75,,,,,
2025-03-19,2025-03-19,FO,NSE,IDO,50247,,NIFTY,,2025-03-20,2025-03-20,23600.0,CE,NIFTY2532023600CE,0.75,0.9,0.55,0.7,0.65,0.65,22907.6,0.7,3588450,1799625,440104,779006790873.75,70547,F1,75,,,,,
2025-03-19,2025-03-19,FO,NSE,IDO,50289,,NIFTY,,2025-03-20,2025-03-20,24300.0,CE,NIFTY2532024300CE,0.25,0.4,0.15,0.25,0.2,0.3,22907.6,0.25,220050,-84225,26738,48730603110.0,5959,F1,75,,,,,
2025-03-19,2025-03-19,FO,NSE,IDO,50301,,NIFTY,,2025-03-20,2025-03-20,24450.0,CE,NIFTY2532024450CE,0.3,0.35,0.15,0.2,0.25,0.3,22907.6,0.2,109425,-21675,11249,20628079612.5,2467,F1,75,,,,,
2025-03-19,2025-03-19,FO,NSE,IDO,50305,,NIFTY,,2025-03-20,2025-03-20,24550.0,CE,NIFTY2532024550CE,0.7,0.7,0.15,0.25,0.2,0.3,22907.6,0.25,172875,-13875,8016,14759634468.75,1622,F1,75,,,,,
2025-03-19,2025-03-19,FO,NSE,IDO,50309,,NIFTY,,2025-03-20,2025-03-20,24650.0,CE,NIFTY2532024650CE,0.7,0.7,0.15,0.25,0.2,0.3,22907.6,0.25,112650,-44325,9710,17951551095.0,1540,F1,75,,,,,
2025-03-19,2025-03-19,FO,NSE,IDO,50317,,NIFTY,,2025-03-20,2025-03-20,24750.0,CE,NIFTY2532024750CE,0.3,0.35,0.15,0.2,0.2,0.3,22907.6,0.2,308400,-3150,17743,32935742771.25,2406,F1,75,,,,,
2025-03-19,2025-03-19,FO,NSE,IDO,64552,,NIFTY,,2025-03-27,2025-03-27,18000.0,CE,NIFTY25MAR18000CE,4939.3,4972.65,4890.5,4965.6,4967.6,4891.95,22907.6,4965.6,436850,-9300,159,273482696.25,125,F1,75,,,,,
2025-03-19,2025-03-19,FO,NSE,IDO,46788,,NIFTY,,2025-03-27,2025-03-27,20450.0,CE,NIFTY25MAR20450CE,0.0,0.0,0.0,2452.55,2452.55,2452.55,22907.6,2486.7,300,0,0,0.0,0,F1,75,,,,,
2025-03-19,2025-03-19,FO,NSE,IDO,46812,,NIFTY,,2025-03-27,2025-03-27,20750.0,CE,NIFTY25MAR20750CE,0.0,0.0,0.0,2131.65,2131.65,2131.65,22907.6,2187.15,825,0,0,0.0,0,F1,75,,,,,
2025-03-19,2025-03-19,FO,NSE,IDO,46822,,NIFTY,,2025-03-27,2025-03-27,20900.0,CE,NIFTY25MAR20900CE,0.0,0.0,0.0,2004.9,2004.9,2004.9,22907.6,2037.35,1950,0,0,0.0,0,F1,75,,,,,
2025-03-19,2025-03-19,FO,NSE,IDO,46883,,NIFTY,,2025-03-27,2025-03-27,21550.0,CE,NIFTY25MAR21550CE,0.0,0.0,0.0,1301.55,1301.55,1301.55,22907.6,1388.35,1500,0,0,0.0,0,F1,75,,,,,
2025-03-19,2025-03-19,FO,NSE,IDO,46984,,NIFTY,,2025-03-27,2025-03-27,22250.0,CE,NIFTY25MAR22250CE,681.15,755.0,650.0,742.2,740.55,676.3,22907.6,742.2,128925,1875,244,420366450.0,153,F1,75,,,,,
2025-03-19,2025-03-19,FO,NSE,IDO,55339,,NIFTY,,2025-03-27,2025-03-27,24400.0,CE,NIFTY25MAR24400CE,0.9,1.45,0.9,1.15,1.1,1.1,22907.6,1.15,104475,31575,3690,6752991892.5,1477,F1,75,,,,,
2025-03-19,2025-03-19,FO,NSE,IDO,56566,,NIFTY,,2025-03-27,2025-03-27,24850.0,CE,NIFTY25MAR24850CE,0.8,1.1,0.75,1.0,1.05,0.9,22907.6,1.0,4725,-2175,93,173335406.25,38,F1,75,,,,,
2025-03-19,2025-03-19,FO,NSE,IDO,56866,,NIFTY,,2025-03-27,2025-03-27,25050.0,CE,NIFTY25MAR25050CE,0.7,1.05,0.7,1.0,1.05,0.9,22907.6,1.0,10800,-2100,133,249881805.0,65,F1,75,,,,,
2025-03-19,2025-03-19,FO,NSE,IDO,54472,,NIFTY,,2025-04-03,2025-04-03,20500.0,CE,NIFTY2540320500CE,0.0,0.0,0.0,2419.7,2419.7,2419.7,22907.6,2462.3,75,0,0,0.0,0,F1,75,,,,,
2025-03-19,2025-03-19,FO,NSE,IDO,54482,,NIFTY,,2025-04-03,2025-04-03,20600.0,CE,NIFTY2540320600CE,0.0,0.0,0.0,2320.15,2320.15,2320.15,22907.6,2362.55,75,0,0,0.0,0,F1,75,,,,,
2025-03-19,2025-03-19,FO,NSE,IDO,54566,,NIFTY,,2025-04-03,2025-04-03,21700.0,CE,NIFTY2540321700CE,0.0,0.0,0.0,1228.55,1228.4,1228.55,22907.6,1269.15,300,0,0,0.0,0,F1,75,,,,,
2025-03-19,2025-03-19,FO,NSE,IDO,54568,,NIFTY,,2025-04-03,2025-04-03,21750.0,CE,NIFTY2540321750CE,0.0,0.0,0.0,1180.8,1180.7,1180.8,22907.6,1220.25,375,0,0,0.0,0,F1,75,,,,,
2025-03-19,2025-03-19,FO,NSE,IDO,54582,,NIFTY,,2025-04-03,2025-04-03,22100.0,CE,NIFTY2540322100CE,920.0,960.0,860.25,950.55,945.3,852.85,22907.6,950.55,436575,-900,1429,2468679727.5,737,F1,75,,,,,
2025-03-19,2025-03-19,FO,NSE,IDO,54709,,NIFTY,,2025-04-03,2025-04-03,23450.0,CE,NIFTY2540323450CE,43.45,66.55,43.45,60.85,58.95,46.95,22907.6,60.85,20925,-525,1621,2858271997.5,712,F1,75,,,,,
2025-03-19,2025-03-19,FO,NSE,IDO,54755,,NIFTY,,2025-04-03,2025-04-03,23700.0,CE,NIFTY2540323700CE,19.0,26.0,17.0,24.05,23.85,18.5,22907.6,24.05,101700,15075,4666,8301991706.25,2717,F1,75,,,,,
2025-03-19,2025-03-19,FO,NSE,IDO,54763,,NIFTY,,2025-04-03,2025-04-03,23900.0,CE,NIFTY2540323900CE,8.4,16.8,8.4,11.65,12.1,9.3,22907.6,11.65,76050,43650,2309,4140875861.25,1156,F1,75,,,,,
2025-03-19,2025-03-19,FO,NSE,IDO,54767,,NIFTY,,2025-04-03,2025-04-03,23950.0,CE,NIFTY2540323950CE,12.65,12.65,8.1,9.85,9.1,7.85,22907.6,9.85,22800,16800,899,1615486920.0,452,F1,75,,,,,
2025-03-19,2025-03-19,FO,NSE,IDO,54783,,NIFTY,,2025-04-03,2025-04-03,24050.0,CE,NIFTY2540324050CE,6.8,8.35,5.25,7.2,7.2,5.7,22907.6,7.2,5475,2175,88,158776938.75,42,F1,75,,,,,
2025-03-19,2025-03-19,FO,NSE,IDO,54843,,NIFTY,,2025-04-03,2025-04-03,24250.0,CE,NIFTY2540324250CE,4.25,5.9,4.1,5.4,4.85,3.55,22907.6,5.4,9975,3225,191,347444358.75,53,F1,75,,,,,
2025-03-19,2025-03-19,FO,NSE,IDO,54848,,NIFTY,,2025-04-03,2025-04-03,24350.0,CE,NIFTY2540324350CE,3.8,4.7,2.7,3.8,4.7,3.05,22907.6,3.8,6900,1350,116,211876803.75,48,F1,75,,,,,
2025-03-19,2025-03-19,FO,NSE,IDO,43794,,NIFTY,,2025-04-09,2025-04-09,20950.0,CE,NIFTY2540920950CE,0.0,0.0,0.0,1756.65,0.0,1756.65,22907.6,2036.15,0,0,0,0.0,0,F1,75,,,,,
2025-03-19,2025-03-19,FO,NSE,IDO,43796,,NIFTY,,2025-04-09,2025-04-09,21000.0,CE,NIFTY2540921000CE,0.0,0.0,0.0,1709.7,0.0,1709.7,22907.6,1986.4,0,0,0,0.0,0,F1,75,,,,,
2025-03-19,2025-03-19,FO,NSE,IDO,43848,,NIFTY,,2025-04-09,2025-04-09,22250.0,CE,NIFTY2540922250CE,0.0,0.0,0.0,690.45,0.0,690.45,22907.6,796.15,0,0,0,0.0,0,F1,75,,,,,
2025-03-19,2025-03-19,FO,NSE,IDO,43870,,NIFTY,,2025-04-09,2025-04-09,22750.0,CE,NIFTY2540922750CE,0.0,0.0,0.0,254.05,254.05,254.05,22907.6,425.55,1725,0,0,0.0,0,F1,75,,,,,
2025-03-19,2025-03-19,FO,NSE,IDO,43900,,NIFTY,,2025-04-09,2025-04-09,23300.0,CE,NIFTY2540923300CE,140.0,165.15,135.7,157.8,157.65,136.55,22907.6,157.8,7800,-225,202,355354676.25,107,F1,75,,,,,
2025-03-19,2025-03-19,FO,NSE,IDO,43904,,NIFTY,,2025-04-09,2025-04-09,23400.0,CE,NIFTY2540923400CE,102.95,130.2,102.95,122.55,123.5,98.65,22907.6,122.55,15000,9075,187,329909141.25,71,F1,75,,,,,
2025-03-19,2025-03-19,FO,NSE,IDO,43908,,NIFTY,,2025-04-09,2025-04-09,23500.0,CE,NIFTY2540923500CE,85.0,99.45,78.1,95.05,92.75,79.5,22907.6,95.05,36600,9450,798,1411989656.25,403,F1,75,,,,,
2025-03-19,2025-03-19,FO,NSE,IDO,43948,,NIFTY,,2025-04-09,2025-04-09,24350.0,CE,NIFTY2540924350CE,8.5,9.3,8.1,9.3,9.3,37.75,22907.6,10.45,1950,1950,35,63940923.75,12,F1,75,,,,,
2025-03-19,2025-03-19,FO,NSE,IDO,43952,,NIFTY,,2025-04-09,2025-04-09,24450.0,CE,NIFTY2540924450CE,7.3,8.7,6.75,8.7,8.7,31.25,22907.6,7.5,3075,3075,55,100886572.5,17,F1,75,,,,,
2025-03-19,2025-03-19,FO,NSE,IDO,48016,,NIFTY,,2025-04-17,2025-04-17,20650.0,CE,NIFTY2541720650CE,0.0,0.0,0.0,1889.15,0.0,1889.15,22907.6,2364.35,0,0,0,0.0,0,F1,75,,,,,
2025-03-19,2025-03-19,FO,NSE,IDO,48096,,NIFTY,,2025-04-17,2025-04-17,21350.0,CE,NIFTY2541721350CE,0.0,0.0,0.0,1244.05,0.0,1244.05,22907.6,1674.05,0,0,0,0.0,0,F1,75,,,,,
2025-03-19,2025-03-19,FO,NSE,IDO,48102,,NIFTY,,2025-04-17,2025-04-17,21500.0,CE,NIFTY2541721500CE,0.0,0.0,0.0,1116.6,0.0,1116.6,22907.6,1528.95,0,0,0,0.0,0,F1,75,,,,,
2025-03-19,2025-03-19,FO,NSE,IDO,48124,,NIFTY,,2025-04-17,2025-04-17,22000.0,CE,NIFTY2541722000CE,0.0,0.0,0.0,734.95,0.0,734.95,22907.6,1065.5,0,0,0,0.0,0,F1,75,,,,,
2025-03-19,2025-03-19,FO,NSE,IDO,48149,,NIFTY,,2025-04-17,2025-04-17,22250.0,CE,NIFTY2541722250CE,0.0,0.0,0.0,574.7,0.0,574.7,22907.6,853.35,0,0,0,0.0,0,F1,75,,,,,
2025-03-19,2025-03-19,FO,NSE,IDO,48186,,NIFTY,,2025-04-17,2025-04-17,22650.0,CE,NIFTY2541722650CE,0.0,0.0,0.0,366.15,0.0,366.15,22907.6,557.3,0,0,0,0.0,0,F1,75,,,,,
2025-03-19,2025-03-19,FO,NSE,IDO,48200,,NIFTY,,2025-04-17,2025-04-17,22850.0,CE,NIFTY2541722850CE,0.0,0.0,0.0,254.5,254.5,254.5,22907.6,434.0,0,0,0,0.0,0,F1,75,,,,,
2025-03-19,2025-03-19,FO,NSE,IDO,48229,,NIFTY,,2025-04-17,2025-04-17,23200.0,CE,NIFTY2541723200CE,242.0,275.0,242.0,264.15,264.15,243.75,22907.6,264.15,900,600,12,21113407.5,8,F1,75,,,,,
2025-03-19,2025-03-19,FO,NSE,IDO,48294,,NIFTY,,2025-04-17,2025-04-17,23900.0,CE,NIFTY2541723900CE,53.6,61.4,45.55,48.3,49.0,43.6,22907.6,48.3,1275,-300,52,93409950.0,43,F1,75,,,,,
2025-03-19,2025-03-19,FO,NSE,IDO,48329,,NIFTY,,2025-04-17,2025-04-17,24300.0,CE,NIFTY2541724300CE,0.0,0.0,0.0,24.95,0.0,24.95,22907.6,29.05,0,0,0,0.0,0,F1,75,,,,,
2025-03-19,2025-03-19,FO,NSE,IDO,79262,,NIFTY,,2025-04-24,2025-04-24,21650.0,CE,NIFTY25APR21650CE,0.0,0.0,0.0,1433.95,1433.95,1433.95,22907.6,1422.05,675,0,0,0.0,0,F1,75,,,,,
2025-03-19,2025-03-19,FO,NSE,IDO,79264,,NIFTY,,2025-04-24,2025-04-24,21700.0,CE,NIFTY25APR21700CE,0.0,0.0,0.0,1391.2,1391.9,1391.2,22907.6,1375.95,600,0,0,0.0,0,F1,75,,,,,
2025-03-19,2025-03-19,FO,NSE,IDO,79268,,NIFTY,,2025-04-24,2025-04-24,21800.0,CE,NIFTY25APR21800CE,1340.0,1370.0,1336.9,1370.0,1370.0,1238.55,22907.6,1284.85,9975,225,20,34717417.5,16,F1,75,,,,,
2025-03-19,2025-03-19,FO,NSE,IDO,79291,,NIFTY,,2025-04-24,2025-04-24,22100.0,CE,NIFTY25APR22100CE,1053.95,1108.25,1026.9,1097.4,1096.6,1031.7,22907.6,1097.4,133350,375,148,257434530.0,138,F1,75,,,,,
2025-03-19,2025-03-19,FO,NSE,IDO,79424,,NIFTY,,2025-04-24,2025-04-24,22950.0,CE,NIFTY25APR22950CE,450.0,467.35,377.9,456.35,377.9,415.3,22907.6,456.35,64200,-1200,372,652840890.0,278,F1,75,,,,,
2025-03-19,2025-03-19,FO,NSE,IDO,79511,,NIFTY,,2025-04-24,2025-04-24,23750.0,CE,NIFTY25APR23750CE,108.9,116.8,98.4,112.75,111.5,96.15,22907.6,112.75,33825,4425,330,590521571.25,206,F1,75,,,,,
2025-03-19,2025-03-19,FO,NSE,IDO,61329,,NIFTY,,2025-05-29,2025-05-29,20500.0,CE,NIFTY25MAY20500CE,0.0,0.0,0.0,2611.3,2611.3,2611.3,22907.6,2672.8,525,0,0,0.0,0,F1,75,,,,,
2025-03-19,2025-03-19,FO,NSE,IDO,61387,,NIFTY,,2025-05-29,2025-05-29,21350.0,CE,NIFTY25MAY21350CE,0.0,0.0,0.0,1858.15,1858.15,1858.15,22907.6,1870.3,675,0,0,0.0,0,F1,75,,,,,
2025-03-19,2025-03-19,FO,NSE,IDO,61467,,NIFTY,,2025-05-29,2025-05-29,21700.0,CE,NIFTY25MAY21700CE,0.0,0.0,0.0,1520.05,1520.05,1520.05,22907.6,1561.1,675,0,0,0.0,0,F1,75,,,,,
2025-03-19,2025-03-19,FO,NSE,IDO,61521,,NIFTY,,2025-05-29,2025-05-29,22900.0,CE,NIFTY25MAY22900CE,658.85,702.5,639.15,698.4,693.3,637.5,22907.6,698.4,19125,6375,495,875326260.0,285,F1,75,,,,,
2025-03-19,2025-03-19,FO,NSE,IDO,61523,,NIFTY,,2025-05-29,2025-05-29,22950.0,CE,NIFTY25MAY22950CE,0.0,0.0,0.0,597.1,597.1,597.1,22907.6,661.85,450,0,0,0.0,0,F1,75,,,,,
2025-03-19,2025-03-19,FO,NSE,IDO,61531,,NIFTY,,2025-05-29,2025-05-29,23150.0,CE,NIFTY25MAY23150CE,0.0,0.0,0.0,486.35,486.35,486.35,22907.6,556.7,600,0,0,0.0,0,F1,75,,,,,
2025-03-19,2025-03-19,FO,NSE,IDO,61683,,NIFTY,,2025-05-29,2025-05-29,24500.0,CE,NIFTY25MAY24500CE,115.95,115.95,71.0,79.05,78.65,211.0,22907.6,79.05,68250,68250,1965,3622095783.75,1148,F1,75,,,,,
2025-03-19,2025-03-19,FO,NSE,IDO,71381,,NIFTY,,2025-06-26,2025-06-26,25000.0,CE,NIFTY25JUN25000CE,87.05,96.0,78.6,92.65,91.15,84.55,22907.6,92.65,780650,-11525,3474,6537567363.75,2382,F1,75,,,,,
2025-03-19,2025-03-19,FO,NSE,IDO,64686,,NIFTY,,2025-09-25,2025-09-25,21000.0,CE,NIFTY25SEP21000CE,0.0,0.0,0.0,6742.1,0.0,6742.1,22907.6,2706.65,0,0,0,0.0,0,F1,75,,,,,
2025-03-19,2025-03-19,FO,NSE,IDO,64696,,NIFTY,,2025-09-25,2025-09-25,26000.0,CE,NIFTY25SEP26000CE,115.0,134.6,115.0,130.55,131.0,122.4,22907.6,130.55,75600,2775,186,364497592.5,162,F1,75,,,,,
2025-03-19,2025-03-19,FO,NSE,IDO,55121,,NIFTY,,2025-12-24,2025-12-24,18000.0,CE,NIFTY25DEC18000CE,0.0,0.0,0.0,5650.0,5650.0,5650.0,22907.6,5787.55,9450,0,0,0.0,0,F1,75,,,,,
2025-03-19,2025-03-19,FO,NSE,IDO,71395,,NIFTY,,2025-12-24,2025-12-24,25000.0,CE,NIFTY25DEC25000CE,620.9,657.4,611.3,646.2,644.0,611.3,22907.6,646.2,334675,20025,640,1230652507.5,501,F1,75,,,,,
2025-03-19,2025-03-19,FO,NSE,IDO,50543,,NIFTY,,2025-12-24,2025-12-24,28000.0,CE,NIFTY25DEC28000CE,97.25,107.3,96.1,99.8,99.4,102.55,22907.6,99.8,337525,15600,861,1814676652.5,513,F1,75,,,,,
2025-03-19,2025-03-19,FO,NSE,IDO,38378,,NIFTY,,2026-06-25,2026-06-25,20000.0,CE,NIFTY26JUN20000CE,0.0,0.0,0.0,3829.5,0.0,3829.5,22907.6,4587.15,0,0,0,0.0,0,F1,75,,,,,
2025-03-19,2025-03-19,FO,NSE,IDO,58642,,NIFTY,,2026-12-31,2026-12-31,19000.0,CE,NIFTY26DEC19000CE,0.0,0.0,0.0,8600.0,8600.0,8600.0,22907.6,6051.4,125,0,0,0.0,0,F1,75,,,,,
2025-03-19,2025-03-19,FO,NSE,IDO,58646,,NIFTY,,2026-12-31,2026-12-31,21000.0,CE,NIFTY26DEC21000CE,0.0,0.0,0.0,3356.25,0.0,3356.25,22907.6,4436.4,0,0,0,0.0,0,F1,75,,,,,
2025-03-19,2025-03-19,FO,NSE,IDO,58648,,NIFTY,,2026-12-31,2026-12-31,22000.0,CE,NIFTY26DEC22000CE,0.0,0.0,0.0,3362.2,3362.2,3362.2,22907.6,3703.85,150,0,0,0.0,0,F1,75,,,,,
2025-03-19,2025-03-19,FO,NSE,IDO,86137,,NIFTY,,2028-06-29,2028-06-29,17000.0,CE,NIFTY28JUN17000CE,0.0,0.0,0.0,7393.45,0.0,7393.45,22907.6,9198.35,0,0,0,0.0,0,F1,75,,,,,
2025-03-19,2025-03-19,FO,NSE,IDO,89628,,NIFTY,,2029-06-28,2029-06-28,23000.0,CE,NIFTY29JUN23000CE,0.0,0.0,0.0,8636.0,0.0,8636.0,22907.6,5942.7,0,0,0,0.0,0,F1,75,,,,,
2025-03-19,2025-03-19,FO,NSE,IDO,61382,,NIFTY,,2029-12-27,2029-12-27,17000.0,CE,NIFTY29DEC17000CE,0.0,0.0,0.0,12022.3,0.0,12022.3,22907.6,10476.85,0,0,0,0.0,0,F1,75,,,,,
2025-03-19,2025-03-19,FO,NSE,IDO,50072,,NIFTY,,2025-03-20,2025-03-20,20750.0,PE,NIFTY2532020750PE,0.6,0.8,0.3,0.55,0.55,0.6,22907.6,0.55,148950,-117075,22669,35279318163.75,4685,F1,75,,,,,
2025-03-19,2025-03-19,FO,NSE,IDO,50082,,NIFTY,,2025-03-20,2025-03-20,20950.0,PE,NIFTY2532020950PE,0.6,0.85,0.35,0.6,0.7,0.8,22907.6,0.6,195000,27600,27077,42545650878.75,4624,F1,75,,,,,
2025-03-19,2025-03-19,FO,NSE,IDO,50116,,NIFTY,,2025-03-20,2025-03-20,21350.0,PE,NIFTY2532021350PE,1.0,1.1,0.45,0.75,0.7,1.05,22907.6,0.75,199725,-71325,59185,94772696692.5,12511,F1,75,,,,,
2025-03-19,2025-03-19,FO,NSE,IDO,50132,,NIFTY,,2025-03-20,2025-03-20,21650.0,PE,NIFTY2532021650PE,1.3,1.3,0.55,0.95,1.25,1.55,22907.6,0.95,675900,-260400,120167,195128368867.5,25616,F1,75,,,,,
2025-03-19,2025-03-19,FO,NSE,IDO,61680,,NIFTY,,2025-05-29,2025-05-29,24400.0,PE,NIFTY25MAY24400PE,0.0,0.0,0.0,1653.35,0.0,1653.35,22907.6,1332.15,0,0,0,0.0,0,F1,75,,,,,
2025-03-19,2025-03-19,FO,NSE,IDO,89629,,NIFTY,,2029-06-28,2029-06-28,23000.0,PE,NIFTY29JUN23000PE,0.0,0.0,0.0,543.65,0.0,543.65,22907.6,450.05,0,0,0,0.0,0,F1,75,,,,,
2025-03-19,2025-03-19,FO,NSE,IDO,67793,,NIFTY,,2028-12-28,2028-12-28,29000.0,PE,NIFTY28DEC29000PE,0.0,0.0,0.0,2010.85,0.0,2010.85,22907.6,2219.25,0,0,0,0.0,0,F1,75,,,,,
2025-03-19,2025-03-19,FO,NSE,IDO,67787,,NIFTY,,2028-12-28,2028-12-28,26000.0,PE,NIFTY28DEC26000PE,0.0,0.0,0.0,1160.95,0.0,1160.95,22907.6,1156.1,0,0,0,0.0,0,F1,75,,,,,
2025-03-19,2025-03-19,FO,NSE,IDO,67775,,NIFTY,,2028-12-28,2028-12-28,20000.0,PE,NIFTY28DEC20000PE,0.0,0.0,0.0,370.0,370.0,370.0,22907.6,146.85,875,0,0,0.0,0,F1,75,,,,,
2025-03-19,2025-03-19,FO,NSE,IDO,53595,,NIFTY,,2027-12-30,2027-12-30,15000.0,PE,NIFTY27DEC15000PE,0.0,0.0,0.0,43.05,43.05,43.05,22907.6,3.45,475,0,0,0.0,0,F1,75,,,,,
2025-03-19,2025-03-19,FO,NSE,IDO,71554,,NIFTY,,2027-06-24,2027-06-24,21000.0,PE,NIFTY27JUN21000PE,0.0,0.0,0.0,500.0,500.0,500.0,22907.6,237.45,200,0,0,0.0,0,F1,75,,,,,
2025-03-19,2025-03-19,FO,NSE,IDO,71552,,NIFTY,,2027-06-24,2027-06-24,20000.0,PE,NIFTY27JUN20000PE,0.0,0.0,0.0,3034.2,0.0,3034.2,22907.6,137.55,0,0,0,0.0,0,F1,75,,,,,
2025-03-19,2025-03-19,FO,NSE,IDO,58645,,NIFTY,,2026-12-31,2026-12-31,20000.0,PE,NIFTY26DEC20000PE,319.95,325.0,319.95,320.0,320.0,328.75,22907.6,320.0,3750,-150,7,10668738.75,7,F1,75,,,,,
2025-03-19,2025-03-19,FO,NSE,IDO,64689,,NIFTY,,2025-09-25,2025-09-25,22000.0,PE,NIFTY25SEP22000PE,337.7,351.2,322.85,324.6,325.75,341.05,22907.6,324.6,228600,51975,1550,2595809715.0,1222,F1,75,,,,,
2025-03-19,2025-03-19,FO,NSE,IDO,38375,,NIFTY,,2025-06-26,2025-06-26,20000.0,PE,NIFTY25JUN20000PE,45.05,48.95,45.05,48.0,47.5,47.0,22907.6,48.0,1203650,-18925,2421,3640087672.5,1513,F1,75,,,,,
2025-03-19,2025-03-19,FO,NSE,IDO,39680,,NIFTY,,2025-06-26,2025-06-26,16000.0,PE,NIFTY25JUN16000PE,7.0,8.15,7.0,8.15,8.15,7.1,22907.6,0.05,20625,-300,15,18008628.75,4,F1,75,,,,,
2025-03-19,2025-03-19,FO,NSE,IDO,61684,,NIFTY,,2025-05-29,2025-05-29,24500.0,PE,NIFTY25MAY24500PE,1350.0,1375.0,1260.35,1305.85,1319.25,1731.9,22907.6,1305.85,8400,8400,124,240083182.5,121,F1,75,,,,,
2025-03-19,2025-03-19,FO,NSE,IDO,50095,,NIFTY,,2025-03-20,2025-03-20,21100.0,CE,NIFTY2532021100CE,0.0,0.0,0.0,1542.0,1542.0,1542.0,22907.6,1811.35,300,0,0,0.0,0,F1,75,,,,,
2025-03-19,2025-03-19,FO,NSE,IDO,50103,,NIFTY,,2025-03-20,2025-03-20,21200.0,CE,NIFTY2532021200CE,1678.0,1720.0,1678.0,1720.0,1720.0,1556.0,22907.6,1711.35,1050,-75,3,5153100.0,3,F1,75,,,,,
2025-03-19,2025-03-19,FO,NSE,IDO,50181,,NIFTY,,2025-03-20,2025-03-20,22400.0,CE,NIFTY2532022400CE,489.0,562.5,428.2,536.55,538.3,459.05,22907.6,536.55,988275,-313425,17339,29785726548.75,11038,F1,75,,,,,
2025-03-19,2025-03-19,FO,NSE,IDO,50203,,NIFTY,,2025-03-20,2025-03-20,22700.0,CE,NIFTY2532022700CE,224.4,276.0,168.0,255.9,253.65,192.3,22907.6,255.9,1583325,-1840275,483549,831441951918.75,313282,F1,75,,,,,
2025-03-19,2025-03-19,FO,NSE,IDO,50233,,NIFTY,,2025-03-20,2025-03-20,23250.0,CE,NIFTY2532023250CE,3.4,5.1,2.65,4.55,4.5,2.75,22907.6,4.55,4166625,1409025,1594945,2781649202403.75,303793,F1,75,,,,,
2025-03-19,2025-03-19,FO,NSE,IDO,50259,,NIFTY,,2025-03-20,2025-03-20,23800.0,CE,NIFTY2532023800CE,0.4,0.55,0.3,0.45,0.3,0.4,22907.6,0.45,1647150,390900,233230,416323259793.75,40668,F1,75,,,,,
2025-03-19,2025-03-19,FO,NSE,IDO,50261,,NIFTY,,2025-03-20,2025-03-20,23850.0,CE,NIFTY2532023850CE,0.45,0.55,0.3,0.4,0.3,0.4,22907.6,0.4,483750,170175,85823,153518612223.75,15347,F1,75,,,,,
2025-03-19,2025-03-19,FO,NSE,IDO,46802,,NIFTY,,2025-03-27,2025-03-27,20700.0,CE,NIFTY25MAR20700CE,0.0,0.0,0.0,2177.6,2177.6,2177.6,22907.6,2237.05,375,0,0,0.0,0,F1,75,,,,,
2025-03-19,2025-03-19,FO,NSE,IDO,46825,,NIFTY,,2025-03-27,2025-03-27,20950.0,CE,NIFTY25MAR20950CE,0.0,0.0,0.0,1930.0,1930.65,1930.0,22907.6,1987.4,975,0,0,0.0,0,F1,75,,,,,
2025-03-19,2025-03-19,FO,NSE,IDO,46900,,NIFTY,,2025-03-27,2025-03-27,21700.0,CE,NIFTY25MAR21700CE,1238.85,1281.5,1185.0,1278.65,1276.0,1205.45,22907.6,1278.65,17625,-150,74,127429170.0,57,F1,75,,,,,
2025-03-19,2025-03-19,FO,NSE,IDO,46958,,NIFTY,,2025-03-27,2025-03-27,22100.0,CE,NIFTY25MAR22100CE,838.2,898.95,788.45,884.85,883.3,815.6,22907.6,884.85,226275,-15750,821,1413402018.75,449,F1,75,,,,,
2025-03-19,2025-03-19,FO,NSE,IDO,46974,,NIFTY,,2025-03-27,2025-03-27,22150.0,CE,NIFTY25MAR22150CE,790.0,844.7,746.15,840.6,840.0,779.8,22907.6,840.6,54075,-1200,31,53384493.75,25,F1,75,,,,,
2025-03-19,2025-03-19,FO,NSE,IDO,47038,,NIFTY,,2025-03-27,2025-03-27,22700.0,CE,NIFTY25MAR22700CE,300.0,362.6,278.5,346.7,346.0,296.75,22907.6,346.7,1513575,-299100,32862,56751768926.25,22972,F1,75,,,,,
2025-03-19,2025-03-19,FO,NSE,IDO,48349,,NIFTY,,2025-03-27,2025-03-27,23150.0,CE,NIFTY25MAR23150CE,74.25,91.1,60.65,85.1,82.25,65.1,22907.6,85.1,502200,92175,47184,82202699070.0,31940,F1,75,,,,,
2025-03-19,2025-03-19,FO,NSE,IDO,51475,,NIFTY,,2025-03-27,2025-03-27,23650.0,CE,NIFTY25MAR23650CE,6.5,8.4,5.95,8.05,7.8,6.1,22907.6,8.05,425400,87750,17249,30604862028.75,8073,F1,75,,,,,
2025-03-19,2025-03-19,FO,NSE,IDO,55102,,NIFTY,,2025-03-27,2025-03-27,24250.0,CE,NIFTY25MAR24250CE,1.0,1.5,0.9,1.3,1.4,1.25,22907.6,1.3,34275,9600,606,1102214295.0,227,F1,75,,,,,
2025-03-19,2025-03-19,FO,NSE,IDO,55197,,NIFTY,,2025-03-27,2025-03-27,24300.0,CE,NIFTY25MAR24300CE,1.05,1.45,0.9,1.15,1.05,1.05,22907.6,1.15,329925,48375,12552,22876984305.0,2643,F1,75,,,,,
2025-03-19,2025-03-19,FO,NSE,IDO,55341,,NIFTY,,2025-03-27,2025-03-27,24450.0,CE,NIFTY25MAR24450CE,1.4,1.4,0.9,1.2,1.25,1.0,22907.6,1.2,25425,5100,908,1665118256.25,326,F1,75,,,,,
2025-03-19,2025-03-19,FO,NSE,IDO,55656,,NIFTY,,2025-03-27,2025-03-27,24500.0,CE,NIFTY25MAR24500CE,1.25,1.35,0.85,1.2,1.35,1.05,22907.6,1.2,1595550,257175,17040,31312330335.0,3960,F1,75,,,,,
2025-03-19,2025-03-19,FO,NSE,IDO,56880,,NIFTY,,2025-03-27,2025-03-27,25400.0,CE,NIFTY25MAR25400CE,0.7,0.9,0.6,0.8,0.9,0.75,22907.6,0.8,26700,-5025,235,447687776.25,137,F1,75,,,,,
2025-03-19,2025-03-19,FO,NSE,IDO,58786,,NIFTY,,2025-03-27,2025-03-27,25850.0,CE,NIFTY25MAR25850CE,0.6,0.9,0.6,0.9,0.9,0.7,22907.6,0.9,4950,-525,25,48470261.25,9,F1,75,,,,,
2025-03-19,2025-03-19,FO,NSE,IDO,64576,,NIFTY,,2025-03-27,2025-03-27,27000.0,CE,NIFTY25MAR27000CE,0.6,0.8,0.55,0.75,0.8,0.65,22907.6,0.75,1242675,6925,4563,9240290216.25,1759,F1,75,,,,,
2025-03-19,2025-03-19,FO,NSE,IDO,64582,,NIFTY,,2025-03-27,2025-03-27,29000.0,CE,NIFTY25MAR29000CE,0.5,0.85,0.4,0.75,0.65,0.5,22907.6,0.75,689400,62625,5079,11047037175.0,629,F1,75,,,,,
2025-03-19,2025-03-19,FO,NSE,IDO,54492,,NIFTY,,2025-04-03,2025-04-03,20750.0,CE,NIFTY2540320750CE,0.0,0.0,0.0,2171.25,2171.25,2171.25,22907.6,2212.95,75,0,0,0.0,0,F1,75,,,,,
2025-03-19,2025-03-19,FO,NSE,IDO,54520,,NIFTY,,2025-04-03,2025-04-03,21050.0,CE,NIFTY2540321050CE,0.0,0.0,0.0,1873.2,1874.75,1873.2,22907.6,1913.85,150,0,0,0.0,0,F1,75,,,,,
2025-03-19,2025-03-19,FO,NSE,IDO,54538,,NIFTY,,2025-04-03,2025-04-03,21250.0,CE,NIFTY2540321250CE,0.0,0.0,0.0,1667.25,1667.25,1667.25,22907.6,1714.6,75,0,0,0.0,0,F1,75,,,,,
2025-03-19,2025-03-19,FO,NSE,IDO,54572,,NIFTY,,2025-04-03,2025-04-03,21850.0,CE,NIFTY2540321850CE,0.0,0.0,0.0,1075.0,1075.0,1075.0,22907.6,1123.15,75,0,0,0.0,0,F1,75,,,,,
2025-03-19,2025-03-19,FO,NSE,IDO,54576,,NIFTY,,2025-04-03,2025-04-03,21950.0,CE,NIFTY2540321950CE,0.0,0.0,0.0,992.7,1001.55,992.7,22907.6,1027.3,225,0,0,0.0,0,F1,75,,,,,
2025-03-19,2025-03-19,FO,NSE,IDO,54615,,NIFTY,,2025-04-03,2025-04-03,22500.0,CE,NIFTY2540322500CE,540.0,602.15,515.0,591.3,595.6,519.95,22907.6,591.3,1776750,-309225,21288,36845620815.0,8511,F1,75,,,,,
2025-03-19,2025-03-19,FO,NSE,IDO,54683,,NIFTY,,2025-04-03,2025-04-03,23350.0,CE,NIFTY2540323350CE,55.4,90.55,55.4,85.3,83.55,67.9,22907.6,85.3,16725,-1950,1745,3066594708.75,1011,F1,75,,,,,
2025-03-19,2025-03-19,FO,NSE,IDO,54716,,NIFTY,,2025-04-03,2025-04-03,23600.0,CE,NIFTY2540323600CE,28.15,37.9,28.1,35.3,34.4,26.6,22907.6,35.3,103800,21825,4565,8091644115.0,2824,F1,75,,,,,
2025-03-19,2025-03-19,FO,NSE,IDO,54757,,NIFTY,,2025-04-03,2025-04-03,23750.0,CE,NIFTY2540323750CE,13.6,21.8,13.6,19.9,21.4,15.1,22907.6,19.9,15750,6225,733,1306714170.0,541,F1,75,,,,,
2025-03-19,2025-03-19,FO,NSE,IDO,43785,,NIFTY,,2025-04-09,2025-04-09,20750.0,CE,NIFTY2540920750CE,0.0,0.0,0.0,1946.7,0.0,1946.7,22907.6,2235.15,0,0,0,0.0,0,F1,75,,,,,
2025-03-19,2025-03-19,FO,NSE,IDO,43790,,NIFTY,,2025-04-09,2025-04-09,20850.0,CE,NIFTY2540920850CE,0.0,0.0,0.0,1851.25,0.0,1851.25,22907.6,2135.6,0,0,0,0.0,0,F1,75,,,,,
2025-03-19,2025-03-19,FO,NSE,IDO,43806,,NIFTY,,2025-04-09,2025-04-09,21200.0,CE,NIFTY2540921200CE,0.0,0.0,0.0,1525.1,0.0,1525.1,22907.6,1787.9,0,0,0,0.0,0,F1,75,,,,,
2025-03-19,2025-03-19,FO,NSE,IDO,43832,,NIFTY,,2025-04-09,2025-04-09,21850.0,CE,NIFTY2540921850CE,0.0,0.0,0.0,974.5,0.0,974.5,22907.6,1155.25,0,0,0,0.0,0,F1,75,,,,,
2025-03-19,2025-03-19,FO,NSE,IDO,43868,,NIFTY,,2025-04-09,2025-04-09,22700.0,CE,NIFTY2540922700CE,454.9,511.35,444.8,502.25,500.55,448.15,22907.6,502.25,5475,-225,81,140877926.25,40,F1,75,,,,,
2025-03-19,2025-03-19,FO,NSE,IDO,43936,,NIFTY,,2025-04-09,2025-04-09,24050.0,CE,NIFTY2540924050CE,13.2,19.8,13.2,19.8,19.8,14.1,22907.6,26.2,825,225,18,32490558.75,10,F1,75,,,,,
2025-03-19,2025-03-19,FO,NSE,IDO,48076,,NIFTY,,2025-04-17,2025-04-17,21100.0,CE,NIFTY2541721100CE,0.0,0.0,0.0,1466.5,0.0,1466.5,22907.6,1918.9,0,0,0,0.0,0,F1,75,,,,,
2025-03-19,2025-03-19,FO,NSE,IDO,48106,,NIFTY,,2025-04-17,2025-04-17,21600.0,CE,NIFTY2541721600CE,0.0,0.0,0.0,1034.6,0.0,1034.6,22907.6,1433.4,0,0,0,0.0,0,F1,75,,,,,
2025-03-19,2025-03-19,FO,NSE,IDO,48112,,NIFTY,,2025-04-17,2025-04-17,21750.0,CE,NIFTY2541721750CE,0.0,0.0,0.0,916.6,0.0,916.6,22907.6,1292.3,0,0,0,0.0,0,F1,75,,,,,
2025-03-19,2025-03-19,FO,NSE,IDO,48202,,NIFTY,,2025-04-17,2025-04-17,22900.0,CE,NIFTY2541722900CE,394.65,439.65,394.65,432.6,438.95,404.25,22907.6,432.6,600,300,16,27995700.0,15,F1,75,,,,,
2025-03-19,2025-03-19,FO,NSE,IDO,48326,,NIFTY,,2025-04-17,2025-04-17,24250.0,CE,NIFTY2541724250CE,0.0,0.0,0.0,27.6,0.0,27.6,22907.6,32.85,0,0,0,0.0,0,F1,75,,,,,
2025-03-19,2025-03-19,FO,NSE,IDO,79223,,NIFTY,,2025-04-24,2025-04-24,20850.0,CE,NIFTY25APR20850CE,0.0,0.0,0.0,2203.75,2203.75,2203.75,22907.6,2193.15,825,0,0,0.0,0,F1,75,,,,,
2025-03-19,2025-03-19,FO,NSE,IDO,79231,,NIFTY,,2025-04-24,2025-04-24,21050.0,CE,NIFTY25APR21050CE,0.0,0.0,0.0,2010.6,2010.45,2010.6,22907.6,1996.65,1125,0,0,0.0,0,F1,75,,,,,
2025-03-19,2025-03-19,FO,NSE,IDO,79233,,NIFTY,,2025-04-24,2025-04-24,21100.0,CE,NIFTY25APR21100CE,0.0,0.0,0.0,1961.7,1961.7,1961.7,22907.6,1947.8,600,0,0,0.0,0,F1,75,,,,,
2025-03-19,2025-03-19,FO,NSE,IDO,79258,,NIFTY,,2025-04-24,2025-04-24,21550.0,CE,NIFTY25APR21550CE,0.0,0.0,0.0,1527.35,1527.35,1527.35,22907.6,1515.4,1050,0,0,0.0,0,F1,75,,,,,
2025-03-19,2025-03-19,FO,NSE,IDO,79503,,NIFTY,,2025-04-24,2025-04-24,23550.0,CE,NIFTY25APR23550CE,151.1,177.55,146.6,171.8,171.3,151.8,22907.6,171.8,44550,18450,675,1200569996.25,458,F1,75,,,,,
2025-03-19,2025-03-19,FO,NSE,IDO,79608,,NIFTY,,2025-04-24,2025-04-24,24200.0,CE,NIFTY25APR24200CE,39.4,40.6,34.65,37.95,37.05,33.85,22907.6,37.95,247650,-73275,4745,8625695617.5,2657,F1,75,,,,,
2025-03-19,2025-03-19,FO,NSE,IDO,79646,,NIFTY,,2025-04-24,2025-04-24,24650.0,CE,NIFTY25APR24650CE,21.2,21.75,10.7,13.35,13.05,7.3,22907.6,13.35,2100,975,57,105437703.75,22,F1,75,,,,,
2025-03-19,2025-03-19,FO,NSE,IDO,79725,,NIFTY,,2025-04-24,2025-04-24,25000.0,CE,NIFTY25APR25000CE,9.9,9.9,7.6,8.65,8.7,8.5,22907.6,8.65,730650,65550,7163,13435078665.0,3072,F1,75,,,,,
2025-03-19,2025-03-19,FO,NSE,IDO,61335,,NIFTY,,2025-05-29,2025-05-29,20650.0,CE,NIFTY25MAY20650CE,0.0,0.0,0.0,2268.05,2267.65,2268.05,22907.6,2527.85,750,0,0,0.0,0,F1,75,,,,,
2025-03-19,2025-03-19,FO,NSE,IDO,61471,,NIFTY,,2025-05-29,2025-05-29,21800.0,CE,NIFTY25MAY21800CE,0.0,0.0,0.0,1435.6,1435.6,1435.6,22907.6,1476.25,300,0,0,0.0,0,F1,75,,,,,
2025-03-19,2025-03-19,FO,NSE,IDO,61475,,NIFTY,,2025-05-29,2025-05-29,21900.0,CE,NIFTY25MAY21900CE,0.0,0.0,0.0,1387.3,1387.55,1387.3,22907.6,1393.2,450,0,0,0.0,0,F1,75,,,,,
2025-03-19,2025-03-19,FO,NSE,IDO,61501,,NIFTY,,2025-05-29,2025-05-29,22400.0,CE,NIFTY25MAY22400CE,1013.65,1060.8,981.1,1050.0,1050.0,989.35,22907.6,1050.0,8100,-300,15,26352795.0,14,F1,75,,,,,
2025-03-19,2025-03-19,FO,NSE,IDO,61527,,NIFTY,,2025-05-29,2025-05-29,23050.0,CE,NIFTY25MAY23050CE,0.0,0.0,0.0,542.0,542.0,542.0,22907.6,607.8,900,0,0,0.0,0,F1,75,,,,,
2025-03-19,2025-03-19,FO,NSE,IDO,61559,,NIFTY,,2025-05-29,2025-05-29,23850.0,CE,NIFTY25MAY23850CE,0.0,0.0,0.0,210.5,208.5,210.5,22907.6,278.5,3075,0,0,0.0,0,F1,75,,,,,
2025-03-19,2025-03-19,FO,NSE,IDO,61675,,NIFTY,,2025-05-29,2025-05-29,24300.0,CE,NIFTY25MAY24300CE,107.7,113.45,99.55,107.7,108.2,97.95,22907.6,107.7,94125,14625,817,1495520508.75,463,F1,75,,,,,
2025-03-19,2025-03-19,FO,NSE,IDO,64682,,NIFTY,,2025-09-25,2025-09-25,19000.0,CE,NIFTY25SEP19000CE,0.0,0.0,0.0,8559.0,0.0,8559.0,22907.6,4546.55,0,0,0,0.0,0,F1,75,,,,,
2025-03-19,2025-03-19,FO,NSE,IDO,64684,,NIFTY,,2025-09-25,2025-09-25,20000.0,CE,NIFTY25SEP20000CE,0.0,0.0,0.0,7643.1,0.0,7643.1,22907.6,3603.2,0,0,0,0.0,0,F1,75,,,,,
2025-03-19,2025-03-19,FO,NSE,IDO,64688,,NIFTY,,2025-09-25,2025-09-25,22000.0,CE,NIFTY25SEP22000CE,1910.0,1949.95,1896.1,1924.85,1922.8,1890.1,22907.6,1924.85,21075,3375,75,134600115.0,74,F1,75,,,,,
2025-03-19,2025-03-19,FO,NSE,IDO,64698,,NIFTY,,2025-09-25,2025-09-25,27000.0,CE,NIFTY25SEP27000CE,53.15,60.65,53.15,57.5,57.5,54.35,22907.6,91.45,14550,2100,49,99434943.75,30,F1,75,,,,,
2025-03-19,2025-03-19,FO,NSE,IDO,64700,,NIFTY,,2025-09-25,2025-09-25,28000.0,CE,NIFTY25SEP28000CE,36.5,36.5,36.5,36.5,36.5,36.5,22907.6,38.35,225,75,1,2102737.5,1,F1,75,,,,,
2025-03-19,2025-03-19,FO,NSE,IDO,37795,,NIFTY,,2025-12-24,2025-12-24,23000.0,CE,NIFTY25DEC23000CE,1650.0,1704.85,1632.55,1688.45,1690.0,1629.25,22907.6,1688.45,296825,-1425,285,527349382.5,264,F1,75,,,,,
2025-03-19,2025-03-19,FO,NSE,IDO,50545,,NIFTY,,2026-06-25,2026-06-25,28000.0,CE,NIFTY26JUN28000CE,0.0,0.0,0.0,1533.95,0.0,1533.95,22907.6,438.35,0,0,0,0.0,0,F1,75,,,,,
2025-03-19,2025-03-19,FO,NSE,IDO,58640,,NIFTY,,2026-12-31,2026-12-31,18000.0,CE,NIFTY26DEC18000CE,0.0,0.0,0.0,4501.45,0.0,4501.45,22907.6,6907.8,0,0,0,0.0,0,F1,75,,,,,
2025-03-19,2025-03-19,FO,NSE,IDO,71501,,NIFTY,,2026-12-31,2026-12-31,24000.0,CE,NIFTY26DEC24000CE,2415.0,2490.0,2415.0,2490.0,2490.0,2310.05,22907.6,2446.2,1200,75,2,3967875.0,2,F1,75,,,,,
2025-03-19,2025-03-19,FO,NSE,IDO,50978,,NIFTY,,2026-12-31,2026-12-31,27000.0,CE,NIFTY26DEC27000CE,0.0,0.0,0.0,902.0,902.0,902.0,22907.6,1146.95,600,0,0,0.0,0,F1,75,,,,,
2025-03-19,2025-03-19,FO,NSE,IDO,71549,,NIFTY,,2027-06-24,2027-06-24,19000.0,CE,NIFTY27JUN19000CE,0.0,0.0,0.0,7800.0,7800.0,7800.0,22907.6,6583.2,75,0,0,0.0,0,F1,75,,,,,
2025-03-19,2025-03-19,FO,NSE,IDO,71551,,NIFTY,,2027-06-24,2027-06-24,20000.0,CE,NIFTY27JUN20000CE,0.0,0.0,0.0,3367.05,0.0,3367.05,22907.6,5784.0,0,0,0,0.0,0,F1,75,,,,,
2025-03-19,2025-03-19,FO,NSE,IDO,71556,,NIFTY,,2027-06-24,2027-06-24,22000.0,CE,NIFTY27JUN22000CE,0.0,0.0,0.0,2783.5,0.0,2783.5,22907.6,4303.7,0,0,0,0.0,0,F1,75,,,,,
2025-03-19,2025-03-19,FO,NSE,IDO,71562,,NIFTY,,2027-06-24,2027-06-24,25000.0,CE,NIFTY27JUN25000CE,0.0,0.0,0.0,2090.05,0.0,2090.05,22907.6,2506.95,0,0,0,0.0,0,F1,75,,,,,
2025-03-19,2025-03-19,FO,NSE,IDO,53618,,NIFTY,,2027-12-30,2027-12-30,23000.0,CE,NIFTY27DEC23000CE,0.0,0.0,0.0,4125.7,0.0,4125.7,22907.6,4265.95,0,0,0,0.0,0,F1,75,,,,,
2025-03-19,2025-03-19,FO,NSE,IDO,86139,,NIFTY,,2028-06-29,2028-06-29,18000.0,CE,NIFTY28JUN18000CE,0.0,0.0,0.0,6809.35,0.0,6809.35,22907.6,8414.1,0,0,0,0.0,0,F1,75,,,,,
2025-03-19,2025-03-19,FO,NSE,IDO,86153,,NIFTY,,2028-06-29,2028-06-29,25000.0,CE,NIFTY28JUN25000CE,0.0,0.0,0.0,3545.15,0.0,3545.15,22907.6,3685.15,0,0,0,0.0,0,F1,75,,,,,
2025-03-19,2025-03-19,FO,NSE,IDO,86163,,NIFTY,,2028-06-29,2028-06-29,27000.0,CE,NIFTY28JUN27000CE,0.0,0.0,0.0,2885.15,0.0,2885.15,22907.6,2722.55,0,0,0,0.0,0,F1,75,,,,,
2025-03-19,2025-03-19,FO,NSE,IDO,86167,,NIFTY,,2028-06-29,2028-06-29,29000.0,CE,NIFTY28JUN29000CE,0.0,0.0,0.0,2333.25,0.0,2333.25,22907.6,1957.15,0,0,0,0.0,0,F1,75,,,,,
2025-03-19,2025-03-19,FO,NSE,IDO,67778,,NIFTY,,2028-12-28,2028-12-28,22000.0,CE,NIFTY28DEC22000CE,0.0,0.0,0.0,6932.45,0.0,6932.45,22907.6,6040.1,0,0,0,0.0,0,F1,75,,,,,
2025-03-19,2025-03-19,FO,NSE,IDO,67782,,NIFTY,,2028-12-28,2028-12-28,24000.0,CE,NIFTY28DEC24000CE,0.0,0.0,0.0,5850.3,0.0,5850.3,22907.6,4803.0,0,0,0,0.0,0,F1,75,,,,,
2025-03-19,2025-03-19,FO,NSE,IDO,61410,,NIFTY,,2029-12-27,2029-12-27,20000.0,CE,NIFTY29DEC20000CE,0.0,0.0,0.0,10081.1,0.0,10081.1,22907.6,8386.05,0,0,0,0.0,0,F1,75,,,,,
2025-03-19,2025-03-19,FO,NSE,IDO,50070,,NIFTY,,2025-03-20,2025-03-20,20700.0,PE,NIFTY2532020700PE,0.5,0.75,0.25,0.55,0.5,0.55,22907.6,0.55,215025,-376725,34393,53396166405.0,7218,F1,75,,,,,
2025-03-19,2025-03-19,FO,NSE,IDO,50140,,NIFTY,,2025-03-20,2025-03-20,21850.0,PE,NIFTY2532021850PE,1.65,1.7,0.75,1.2,1.35,2.15,22907.6,1.2,970650,-740850,221712,363347756197.5,44315,F1,75,,,,,
2025-03-19,2025-03-19,FO,NSE,IDO,50234,,NIFTY,,2025-03-20,2025-03-20,23250.0,PE,NIFTY2532023250PE,385.45,435.55,299.2,320.8,319.7,398.45,22907.6,320.8,21675,16800,4939,8739816828.75,3422,F1,75,,,,,
2025-03-19,2025-03-19,FO,NSE,IDO,50263,,NIFTY,,2025-03-20,2025-03-20,23850.0,PE,NIFTY2532023850PE,943.75,962.5,912.0,917.1,920.0,1380.0,22907.6,917.1,375,-300,24,44602346.25,12,F1,75,,,,,
2025-03-19,2025-03-19,FO,NSE,IDO,50306,,NIFTY,,2025-03-20,2025-03-20,24550.0,PE,NIFTY2532024550PE,1571.6,1571.6,1571.6,1571.6,1571.6,1968.75,22907.6,1638.05,675,75,1,1959120.0,1,F1,75,,,,,
2025-03-19,2025-03-19,FO,NSE,IDO,64555,,NIFTY,,2025-03-27,2025-03-27,19000.0,PE,NIFTY25MAR19000PE,0.65,0.95,0.55,0.75,0.9,0.65,22907.6,0.75,576550,-12825,13533,19285233723.75,5010,F1,75,,,,,
2025-03-19,2025-03-19,FO,NSE,IDO,46813,,NIFTY,,2025-03-27,2025-03-27,20750.0,PE,NIFTY25MAR20750PE,1.5,2.4,1.5,2.1,2.2,2.15,22907.6,2.1,21675,825,670,1042780451.25,420,F1,75,,,,,
2025-03-19,2025-03-19,FO,NSE,IDO,46849,,NIFTY,,2025-03-27,2025-03-27,21200.0,PE,NIFTY25MAR21200PE,2.55,3.4,2.05,2.9,3.0,3.25,22907.6,2.9,616125,-157725,24515,38983411938.75,9108,F1,75,,,,,
2025-03-19,2025-03-19,FO,NSE,IDO,46869,,NIFTY,,2025-03-27,2025-03-27,21350.0,PE,NIFTY25MAR21350PE,3.9,4.4,2.45,3.25,3.8,4.05,22907.6,3.25,153150,-3000,5471,8761653562.5,2624,F1,75,,,,,
2025-03-19,2025-03-19,FO,NSE,IDO,46879,,NIFTY,,2025-03-27,2025-03-27,21450.0,PE,NIFTY25MAR21450PE,4.65,4.8,3.05,3.95,4.35,5.0,22907.6,3.95,225600,73050,6756,10870559831.25,3614,F1,75,,,,,
2025-03-19,2025-03-19,FO,NSE,IDO,46882,,NIFTY,,2025-03-27,2025-03-27,21500.0,PE,NIFTY25MAR21500PE,5.1,5.1,3.4,4.25,4.9,5.35,22907.6,4.25,4828350,691200,89879,144956878526.25,24852,F1,75,,,,,
2025-03-19,2025-03-19,FO,NSE,IDO,46959,,NIFTY,,2025-03-27,2025-03-27,22100.0,PE,NIFTY25MAR22100PE,18.65,19.55,12.7,13.65,13.5,19.75,22907.6,13.65,1344150,276075,58714,97383070672.5,27329,F1,75,,,,,
2025-03-19,2025-03-19,FO,NSE,IDO,46998,,NIFTY,,2025-03-27,2025-03-27,22500.0,PE,NIFTY25MAR22500PE,49.0,60.05,38.25,41.15,41.95,57.5,22907.6,41.15,7754475,-35475,170160,287725388047.5,83001,F1,75,,,,,
2025-03-19,2025-03-19,FO,NSE,IDO,47041,,NIFTY,,2025-03-27,2025-03-27,22750.0,PE,NIFTY25MAR22750PE,107.9,124.8,81.95,85.95,85.6,116.5,22907.6,85.95,855600,305700,55081,94377329396.25,35204,F1,75,,,,,
2025-03-19,2025-03-19,FO,NSE,IDO,48191,,NIFTY,,2025-03-27,2025-03-27,22800.0,PE,NIFTY25MAR22800PE,117.0,143.0,95.0,99.6,98.1,133.85,22907.6,99.6,3157500,621450,181413,311748609847.5,102916,F1,75,,,,,
2025-03-19,2025-03-19,FO,NSE,IDO,54724,,NIFTY,,2025-03-27,2025-03-27,23950.0,PE,NIFTY25MAR23950PE,1011.0,1012.55,973.4,987.9,987.9,1190.0,22907.6,1010.55,11625,-1200,54,101025187.5,21,F1,75,,,,,
2025-03-19,2025-03-19,FO,NSE,IDO,55340,,NIFTY,,2025-03-27,2025-03-27,24400.0,PE,NIFTY25MAR24400PE,1450.25,1471.0,1415.0,1422.4,1419.25,1532.9,22907.6,1422.4,37200,1950,58,112384818.75,26,F1,75,,,,,
2025-03-19,2025-03-19,FO,NSE,IDO,56543,,NIFTY,,2025-03-27,2025-03-27,24700.0,PE,NIFTY25MAR24700PE,1760.0,1760.0,1722.0,1722.0,1722.0,1802.55,22907.6,1722.0,23025,-2400,53,105113201.25,24,F1,75,,,,,
2025-03-19,2025-03-19,FO,NSE,IDO,56573,,NIFTY,,2025-03-27,2025-03-27,24950.0,PE,NIFTY25MAR24950PE,0.0,0.0,0.0,2075.65,2077.05,2075.65,22907.6,2006.9,1200,0,0,0.0,0,F1,75,,,,,
2025-03-19,2025-03-19,FO,NSE,IDO,54467,,NIFTY,,2025-04-03,2025-04-03,20350.0,PE,NIFTY2540320350PE,2.25,2.85,2.2,2.6,2.7,2.75,22907.6,2.6,123825,7650,496,757112017.5,118,F1,75,,,,,
2025-03-19,2025-03-19,FO,NSE,IDO,54475,,NIFTY,,2025-04-03,2025-04-03,20500.0,PE,NIFTY2540320500PE,3.15,4.4,2.1,3.05,3.25,3.1,22907.6,3.05,82500,7350,330,507446385.0,88,F1,75,,,,,
2025-03-19,2025-03-19,FO,NSE,IDO,54533,,NIFTY,,2025-04-03,2025-04-03,21100.0,PE,NIFTY2540321100PE,4.5,5.9,4.1,5.0,5.4,5.35,22907.6,5.0,35475,1125,341,539749567.5,239,F1,75,,,,,
2025-03-19,2025-03-19,FO,NSE,IDO,54539,,NIFTY,,2025-04-03,2025-04-03,21250.0,PE,NIFTY2540321250PE,6.6,6.6,5.35,5.85,6.0,6.6,22907.6,5.85,5925,3675,73,116375025.0,19,F1,75,,,,,
2025-03-19,2025-03-19,FO,NSE,IDO,54543,,NIFTY,,2025-04-03,2025-04-03,21350.0,PE,NIFTY2540321350PE,5.3,7.25,5.3,6.55,6.55,8.05,22907.6,0.55,2550,675,49,78485302.5,14,F1,75,,,,,
2025-03-19,2025-03-19,FO,NSE,IDO,54563,,NIFTY,,2025-04-03,2025-04-03,21600.0,PE,NIFTY2540321600PE,12.05,23.85,10.0,11.25,12.6,13.2,22907.6,11.25,60525,-26925,4320,7002180307.5,2707,F1,75,,,,,
2025-03-19,2025-03-19,FO,NSE,IDO,54569,,NIFTY,,2025-04-03,2025-04-03,21750.0,PE,NIFTY2540321750PE,17.0,17.75,13.85,14.4,14.75,17.85,22907.6,14.4,18150,12450,457,745983146.25,185,F1,75,,,,,
2025-03-19,2025-03-19,FO,NSE,IDO,54583,,NIFTY,,2025-04-03,2025-04-03,22100.0,PE,NIFTY2540322100PE,34.0,38.25,26.45,29.8,26.45,36.9,22907.6,29.8,515700,-41850,17794,29535123000.0,3808,F1,75,,,,,
2025-03-19,2025-03-19,FO,NSE,IDO,54641,,NIFTY,,2025-04-03,2025-04-03,23000.0,PE,NIFTY2540323000PE,242.4,268.5,207.0,214.0,211.0,251.95,22907.6,214.0,350925,29850,12156,21172884967.5,8179,F1,75,,,,,
2025-03-19,2025-03-19,FO,NSE,IDO,54752,,NIFTY,,2025-04-03,2025-04-03,23600.0,PE,NIFTY2540323600PE,643.15,643.15,601.95,609.7,610.15,723.05,22907.6,609.7,1425,1125,24,43581720.0,14,F1,75,,,,,
2025-03-19,2025-03-19,FO,NSE,IDO,54758,,NIFTY,,2025-04-03,2025-04-03,23750.0,PE,NIFTY2540323750PE,0.0,0.0,0.0,862.05,862.05,862.05,22907.6,810.75,75,0,0,0.0,0,F1,75,,,,,
2025-03-19,2025-03-19,FO,NSE,IDO,43853,,NIFTY,,2025-04-09,2025-04-09,22350.0,PE,NIFTY2540922350PE,0.0,0.0,0.0,283.75,0.0,283.75,22907.6,72.55,0,0,0,0.0,0,F1,75,,,,,
2025-03-19,2025-03-19,FO,NSE,IDO,43873,,NIFTY,,2025-04-09,2025-04-09,22800.0,PE,NIFTY2540922800PE,200.85,219.3,177.2,181.15,178.9,209.55,22907.6,181.15,16950,5175,258,444874252.5,170,F1,75,,,,,
2025-03-19,2025-03-19,FO,NSE,IDO,43899,,NIFTY,,2025-04-09,2025-04-09,23250.0,PE,NIFTY2540923250PE,0.0,0.0,0.0,771.1,0.0,771.1,22907.6,436.8,0,0,0,0.0,0,F1,75,,,,,
2025-03-19,2025-03-19,FO,NSE,IDO,43905,,NIFTY,,2025-04-09,2025-04-09,23400.0,PE,NIFTY2540923400PE,0.0,0.0,0.0,878.55,0.0,878.55,22907.6,538.35,0,0,0,0.0,0,F1,75,,,,,
2025-03-19,2025-03-19,FO,NSE,IDO,43927,,NIFTY,,2025-04-09,2025-04-09,23850.0,PE,NIFTY2540923850PE,0.0,0.0,0.0,1236.55,0.0,1236.55,22907.6,898.95,0,0,0,0.0,0,F1,75,,,,,
2025-03-19,2025-03-19,FO,NSE,IDO,43935,,NIFTY,,2025-04-09,2025-04-09,24000.0,PE,NIFTY2540924000PE,0.0,0.0,0.0,1365.6,0.0,1365.6,22907.6,1033.05,0,0,0,0.0,0,F1,75,,,,,
2025-03-19,2025-03-19,FO,NSE,IDO,43966,,NIFTY,,2025-04-09,2025-04-09,24600.0,PE,NIFTY2540924600PE,0.0,0.0,0.0,1914.45,0.0,1914.45,22907.6,1605.05,0,0,0,0.0,0,F1,75,,,,,
2025-03-19,2025-03-19,FO,NSE,IDO,79416,,NIFTY,,2025-04-24,2025-04-24,22850.0,PE,NIFTY25APR22850PE,275.0,295.6,248.05,252.65,252.6,285.25,22907.6,252.65,50775,11400,611,1059201468.75,427,F1,75,,,,,
2025-03-19,2025-03-19,FO,NSE,IDO,79391,,NIFTY,,2025-04-24,2025-04-24,22450.0,PE,NIFTY25APR22450PE,155.9,172.75,145.05,148.1,148.25,165.85,22907.6,148.1,39225,-9375,602,1020605261.25,387,F1,75,,,,,
2025-03-19,2025-03-19,FO,NSE,IDO,79263,,NIFTY,,2025-04-24,2025-04-24,21650.0,PE,NIFTY25APR21650PE,51.0,54.3,48.0,48.9,49.15,52.6,22907.6,48.9,30675,1575,269,437807636.25,126,F1,75,,,,,
2025-03-19,2025-03-19,FO,NSE,IDO,48211,,NIFTY,,2025-04-17,2025-04-17,23000.0,PE,NIFTY2541723000PE,0.0,0.0,0.0,690.2,0.0,690.2,22907.6,327.4,0,0,0,0.0,0,F1,75,,,,,
2025-03-19,2025-03-19,FO,NSE,IDO,48095,,NIFTY,,2025-04-17,2025-04-17,21300.0,PE,NIFTY2541721300PE,0.0,0.0,0.0,56.4,0.0,56.4,22907.6,5.45,0,0,0,0.0,0,F1,75,,,,,
2025-03-19,2025-03-19,FO,NSE,IDO,48091,,NIFTY,,2025-04-17,2025-04-17,21250.0,PE,NIFTY2541721250PE,0.0,0.0,0.0,50.75,0.0,50.75,22907.6,4.55,0,0,0,0.0,0,F1,75,,,,,
2025-03-19,2025-03-19,FO,NSE,IDO,48053,,NIFTY,,2025-04-17,2025-04-17,20950.0,PE,NIFTY2541720950PE,0.0,0.0,0.0,25.75,0.0,25.75,22907.6,1.45,0,0,0,0.0,0,F1,75,,,,,
2025-03-19,2025-03-19,FO,NSE,IDO,43911,,NIFTY,,2025-04-09,2025-04-09,23550.0,PE,NIFTY2540923550PE,0.0,0.0,0.0,899.35,899.35,899.35,22907.6,650.15,450,0,0,0.0,0,F1,75,,,,,
2025-03-19,2025-03-19,FO,NSE,IDO,43855,,NIFTY,,2025-04-09,2025-04-09,22400.0,PE,NIFTY2540922400PE,95.0,108.05,85.05,88.7,87.4,105.55,22907.6,88.7,12075,1575,318,536414887.5,185,F1,75,,,,,
2025-03-19,2025-03-19,FO,NSE,IDO,43821,,NIFTY,,2025-04-09,2025-04-09,21550.0,PE,NIFTY2540921550PE,0.0,0.0,0.0,78.75,0.0,78.75,22907.6,5.3,0,0,0,0.0,0,F1,75,,,,,
2025-03-19,2025-03-19,FO,NSE,IDO,43815,,NIFTY,,2025-04-09,2025-04-09,21400.0,PE,NIFTY2540921400PE,15.2,18.35,15.2,18.35,18.35,18.75,22907.6,2.85,2100,-150,3,4818656.25,2,F1,75,,,,,
2025-03-19,2025-03-19,FO,NSE,IDO,54836,,NIFTY,,2025-04-03,2025-04-03,24050.0,PE,NIFTY2540324050PE,0.0,0.0,0.0,1147.55,1147.55,1147.55,22907.6,1089.25,75,0,0,0.0,0,F1,75,,,,,
2025-03-19,2025-03-19,FO,NSE,IDO,54762,,NIFTY,,2025-04-03,2025-04-03,23850.0,PE,NIFTY2540323850PE,0.0,0.0,0.0,960.75,960.75,960.75,22907.6,901.45,75,0,0,0.0,0,F1,75,,,,,
2025-03-19,2025-03-19,FO,NSE,IDO,54711,,NIFTY,,2025-04-03,2025-04-03,23450.0,PE,NIFTY2540323450PE,0.0,0.0,0.0,571.15,571.15,571.15,22907.6,557.9,450,0,0,0.0,0,F1,75,,,,,
2025-03-19,2025-03-19,FO,NSE,IDO,54668,,NIFTY,,2025-04-03,2025-04-03,23250.0,PE,NIFTY2540323250PE,366.0,411.3,339.75,348.75,347.0,427.85,22907.6,348.75,12375,11775,339,600593951.25,293,F1,75,,,,,
2025-03-19,2025-03-19,FO,NSE,IDO,54645,,NIFTY,,2025-04-03,2025-04-03,23100.0,PE,NIFTY2540323100PE,285.05,324.0,254.4,260.8,260.0,308.2,22907.6,260.8,35025,9525,1515,2656090563.75,1071,F1,75,,,,,
2025-03-19,2025-03-19,FO,NSE,IDO,54585,,NIFTY,,2025-04-03,2025-04-03,22150.0,PE,NIFTY2540322150PE,37.95,41.85,31.3,33.85,35.05,41.4,22907.6,33.85,413850,4275,1098,1826908942.5,311,F1,75,,,,,
2025-03-19,2025-03-19,FO,NSE,IDO,54579,,NIFTY,,2025-04-03,2025-04-03,22000.0,PE,NIFTY2540322000PE,27.95,31.6,23.0,24.35,24.0,29.85,22907.6,24.35,347775,10950,12115,20012937018.75,5725,F1,75,,,,,
2025-03-19,2025-03-19,FO,NSE,IDO,54561,,NIFTY,,2025-04-03,2025-04-03,21550.0,PE,NIFTY2540321550PE,11.8,11.8,8.1,11.05,10.8,11.8,22907.6,11.05,6600,3975,216,349274340.0,94,F1,75,,,,,
2025-03-19,2025-03-19,FO,NSE,IDO,64591,,NIFTY,,2025-03-27,2025-03-27,30000.0,PE,NIFTY25MAR30000PE,7035.1,7062.35,7017.75,7038.0,7038.0,7086.35,22907.6,7049.7,30500,-1500,49,136124265.0,33,F1,75,,,,,
2025-03-19,2025-03-19,FO,NSE,IDO,56893,,NIFTY,,2025-03-27,2025-03-27,25700.0,PE,NIFTY25MAR25700PE,2783.35,2783.35,2783.35,2783.35,2783.35,2812.5,22907.6,2755.8,13050,0,1,2136251.25,1,F1,75,,,,,
2025-03-19,2025-03-19,FO,NSE,IDO,64571,,NIFTY,,2025-03-27,2025-03-27,25000.0,PE,NIFTY25MAR25000PE,2060.0,2110.0,2010.0,2027.1,2028.55,2114.85,22907.6,2027.1,1201700,-47250,1568,3180403721.25,904,F1,75,,,,,
2025-03-19,2025-03-19,FO,NSE,IDO,56547,,NIFTY,,2025-03-27,2025-03-27,24800.0,PE,NIFTY25MAR24800PE,1830.0,1844.45,1820.0,1826.0,1826.0,1892.0,22907.6,1826.0,18900,1125,19,37948533.75,8,F1,75,,,,,
2025-03-19,2025-03-19,FO,NSE,IDO,51127,,NIFTY,,2025-03-27,2025-03-27,23450.0,PE,NIFTY25MAR23450PE,546.05,584.4,489.1,491.7,490.7,556.05,22907.6,491.7,9600,-1200,71,127611735.0,51,F1,75,,,,,
2025-03-19,2025-03-19,FO,NSE,IDO,47015,,NIFTY,,2025-03-27,2025-03-27,22550.0,PE,NIFTY25MAR22550PE,64.0,70.15,44.75,47.75,47.0,66.6,22907.6,47.75,746850,164550,37386,63377391435.0,22062,F1,75,,,,,
2025-03-19,2025-03-19,FO,NSE,IDO,46801,,NIFTY,,2025-03-27,2025-03-27,20650.0,PE,NIFTY25MAR20650PE,1.25,2.45,1.2,1.95,2.45,1.95,22907.6,1.95,17025,900,666,1031553577.5,419,F1,75,,,,,
2025-03-19,2025-03-19,FO,NSE,IDO,46795,,NIFTY,,2025-03-27,2025-03-27,20550.0,PE,NIFTY25MAR20550PE,1.5,2.0,1.3,1.9,1.75,1.8,22907.6,1.9,10500,1050,450,693618603.75,203,F1,75,,,,,
2025-03-19,2025-03-19,FO,NSE,IDO,46791,,NIFTY,,2025-03-27,2025-03-27,20500.0,PE,NIFTY25MAR20500PE,1.55,2.0,1.4,1.85,2.0,1.65,22907.6,1.85,1024200,177525,16629,25569143133.75,3639,F1,75,,,,,
2025-03-19,2025-03-19,FO,NSE,IDO,64557,,NIFTY,,2025-03-27,2025-03-27,20000.0,PE,NIFTY25MAR20000PE,1.1,1.55,1.0,1.4,1.45,1.3,22907.6,1.4,2556175,85925,8297,12446236800.0,2215,F1,75,,,,,
2025-03-19,2025-03-19,FO,NSE,IDO,50320,,NIFTY,,2025-03-20,2025-03-20,24750.0,PE,NIFTY2532024750PE,0.0,0.0,0.0,2177.0,2177.0,2177.0,22907.6,1838.0,600,0,0,0.0,0,F1,75,,,,,
2025-03-19,2025-03-19,FO,NSE,IDO,50312,,NIFTY,,2025-03-20,2025-03-20,24700.0,PE,NIFTY2532024700PE,1795.0,1795.0,1759.9,1760.15,1760.15,1883.55,22907.6,1788.0,3675,-1200,22,43697527.5,11,F1,75,,,,,
2025-03-19,2025-03-19,FO,NSE,IDO,50278,,NIFTY,,2025-03-20,2025-03-20,24050.0,PE,NIFTY2532024050PE,1135.0,1138.9,1121.45,1122.0,1122.0,1558.0,22907.6,1138.1,1200,-1575,38,71766090.0,11,F1,75,,,,,
2025-03-19,2025-03-19,FO,NSE,IDO,50228,,NIFTY,,2025-03-20,2025-03-20,23100.0,PE,NIFTY2532023100PE,258.05,290.0,168.45,185.15,182.4,258.05,22907.6,185.15,437325,263925,291567,509648576820.0,187719,F1,75,,,,,
2025-03-19,2025-03-19,FO,NSE,IDO,50204,,NIFTY,,2025-03-20,2025-03-20,22700.0,PE,NIFTY2532022700PE,38.2,49.2,18.5,22.0,19.15,44.25,22907.6,22.0,8958975,778425,3008277,5127725922405.0,1020297,F1,75,,,,,
2025-03-19,2025-03-19,FO,NSE,IDO,50200,,NIFTY,,2025-03-20,2025-03-20,22600.0,PE,NIFTY2532022600PE,19.5,28.25,10.6,12.85,11.1,26.9,22907.6,12.85,8146725,-2346075,2389864,4053590865956.25,678294,F1,75,,,,,
2025-03-19,2025-03-19,FO,NSE,IDO,50069,,NIFTY,,2025-03-20,2025-03-20,20700.0,CE,NIFTY2532020700CE,0.0,0.0,0.0,1904.15,1904.15,1904.15,22907.6,2211.3,300,0,0,0.0,0,F1,75,,,,,
2025-03-19,2025-03-19,FO,NSE,IDO,50165,,NIFTY,,2025-03-20,2025-03-20,22250.0,CE,NIFTY2532022250CE,625.7,705.0,579.3,686.75,688.25,609.35,22907.6,686.75,73650,-28125,735,1263166732.5,356,F1,75,,,,,
2025-03-19,2025-03-19,FO,NSE,IDO,50183,,NIFTY,,2025-03-20,2025-03-20,22450.0,CE,NIFTY2532022450CE,401.55,509.95,381.3,487.85,491.35,414.7,22907.6,487.85,708300,-163950,5429,9327273116.25,3637,F1,75,,,,,
2025-03-19,2025-03-19,FO,NSE,IDO,50231,,NIFTY,,2025-03-20,2025-03-20,23200.0,CE,NIFTY2532023200CE,6.0,8.45,4.15,7.0,6.5,4.15,22907.6,7.0,8537400,585675,2795686,4865796981367.5,593550,F1,75,,,,,
2025-03-19,2025-03-19,FO,NSE,IDO,50279,,NIFTY,,2025-03-20,2025-03-20,24100.0,CE,NIFTY2532024100CE,0.35,0.45,0.2,0.25,0.2,0.35,22907.6,0.25,995325,64650,61653,111439309451.25,11120,F1,75,,,,,
2025-03-19,2025-03-19,FO,NSE,IDO,46942,,NIFTY,,2025-03-27,2025-03-27,21950.0,CE,NIFTY25MAR21950CE,995.8,1041.2,995.8,1040.85,1040.85,953.05,22907.6,990.7,17025,-150,26,44812425.0,26,F1,75,,,,,
2025-03-19,2025-03-19,FO,NSE,IDO,46988,,NIFTY,,2025-03-27,2025-03-27,22350.0,CE,NIFTY25MAR22350CE,602.95,664.15,566.0,649.25,647.8,583.85,22907.6,649.25,107850,-2550,346,596349675.0,204,F1,75,,,,,
2025-03-19,2025-03-19,FO,NSE,IDO,47025,,NIFTY,,2025-03-27,2025-03-27,22650.0,CE,NIFTY25MAR22650CE,340.0,400.3,314.7,387.7,385.0,332.65,22907.6,387.7,289875,-39525,4197,7244502236.25,3374,F1,75,,,,,
2025-03-19,2025-03-19,FO,NSE,IDO,54721,,NIFTY,,2025-03-27,2025-03-27,23900.0,CE,NIFTY25MAR23900CE,2.8,3.25,2.2,2.85,2.6,2.35,22907.6,2.85,940125,300300,31897,57181553268.75,11600,F1,75,,,,,
2025-03-19,2025-03-19,FO,NSE,IDO,54819,,NIFTY,,2025-03-27,2025-03-27,24150.0,CE,NIFTY25MAR24150CE,1.35,1.6,1.1,1.45,1.5,1.4,22907.6,1.45,27600,7500,375,679257228.75,167,F1,75,,,,,
2025-03-19,2025-03-19,FO,NSE,IDO,56870,,NIFTY,,2025-03-27,2025-03-27,25150.0,CE,NIFTY25MAR25150CE,0.8,0.95,0.8,0.95,0.9,0.9,22907.6,0.95,4575,-1500,48,90543258.75,15,F1,75,,,,,
2025-03-19,2025-03-19,FO,NSE,IDO,56874,,NIFTY,,2025-03-27,2025-03-27,25250.0,CE,NIFTY25MAR25250CE,0.65,0.95,0.65,0.95,0.95,0.85,22907.6,0.95,4875,675,79,149611263.75,39,F1,75,,,,,
2025-03-19,2025-03-19,FO,NSE,IDO,64572,,NIFTY,,2025-03-27,2025-03-27,26000.0,CE,NIFTY25MAR26000CE,0.75,0.85,0.55,0.8,0.75,0.75,22907.6,0.8,2570125,-6925,7691,14997865507.5,3389,F1,75,,,,,
2025-03-19,2025-03-19,FO,NSE,IDO,54552,,NIFTY,,2025-04-03,2025-04-03,21400.0,CE,NIFTY2540321400CE,0.0,0.0,0.0,1529.15,1529.15,1529.15,22907.6,1565.45,75,0,0,0.0,0,F1,75,,,,,
2025-03-19,2025-03-19,FO,NSE,IDO,54588,,NIFTY,,2025-04-03,2025-04-03,22250.0,CE,NIFTY2540322250CE,739.0,820.95,725.0,809.25,806.8,731.05,22907.6,809.25,2843925,-5625,15387,26587893960.0,4742,F1,75,,,,,
2025-03-19,2025-03-19,FO,NSE,IDO,54590,,NIFTY,,2025-04-03,2025-04-03,22300.0,CE,NIFTY2540322300CE,729.0,772.85,680.0,766.65,766.8,691.75,22907.6,766.65,1533000,3375,454,784744117.5,274,F1,75,,,,,
2025-03-19,2025-03-19,FO,NSE,IDO,54629,,NIFTY,,2025-04-03,2025-04-03,22800.0,CE,NIFTY2540322800CE,322.0,373.3,301.55,359.1,360.0,312.05,22907.6,359.1,184650,-16725,5181,8991938212.5,3894,F1,75,,,,,
2025-03-19,2025-03-19,FO,NSE,IDO,43812,,NIFTY,,2025-04-09,2025-04-09,21350.0,CE,NIFTY2540921350CE,0.0,0.0,0.0,1390.45,0.0,1390.45,22907.6,1639.6,0,0,0,0.0,0,F1,75,,,,,
2025-03-19,2025-03-19,FO,NSE,IDO,43826,,NIFTY,,2025-04-09,2025-04-09,21700.0,CE,NIFTY2540921700CE,0.0,0.0,0.0,1093.1,0.0,1093.1,22907.6,1298.05,0,0,0,0.0,0,F1,75,,,,,
2025-03-19,2025-03-19,FO,NSE,IDO,43834,,NIFTY,,2025-04-09,2025-04-09,21900.0,CE,NIFTY2540921900CE,0.0,0.0,0.0,936.35,0.0,936.35,22907.6,1108.45,0,0,0,0.0,0,F1,75,,,,,
2025-03-19,2025-03-19,FO,NSE,IDO,43850,,NIFTY,,2025-04-09,2025-04-09,22300.0,CE,NIFTY2540922300CE,821.0,821.0,821.0,821.0,821.0,661.8,22907.6,754.4,300,0,2,3468150.0,1,F1,75,,,,,
2025-03-19,2025-03-19,FO,NSE,IDO,43852,,NIFTY,,2025-04-09,2025-04-09,22350.0,CE,NIFTY2540922350CE,0.0,0.0,0.0,460.0,460.0,460.0,22907.6,713.55,0,0,0,0.0,0,F1,75,,,,,
2025-03-19,2025-03-19,FO,NSE,IDO,43894,,NIFTY,,2025-04-09,2025-04-09,23150.0,CE,NIFTY2540923150CE,226.0,239.6,215.0,222.25,227.35,144.85,22907.6,222.25,750,375,15,26297066.25,14,F1,75,,,,,
2025-03-19,2025-03-19,FO,NSE,IDO,43944,,NIFTY,,2025-04-09,2025-04-09,24250.0,CE,NIFTY2540924250CE,0.0,0.0,0.0,8.0,8.0,8.0,22907.6,14.4,150,0,0,0.0,0,F1,75,,,,,
2025-03-19,2025-03-19,FO,NSE,IDO,48030,,NIFTY,,2025-04-17,2025-04-17,20850.0,CE,NIFTY2541720850CE,0.0,0.0,0.0,1698.6,0.0,1698.6,22907.6,2165.95,0,0,0,0.0,0,F1,75,,,,,
2025-03-19,2025-03-19,FO,NSE,IDO,48034,,NIFTY,,2025-04-17,2025-04-17,20950.0,CE,NIFTY2541720950CE,0.0,0.0,0.0,1604.8,0.0,1604.8,22907.6,2066.95,0,0,0,0.0,0,F1,75,,,,,
2025-03-19,2025-03-19,FO,NSE,IDO,48178,,NIFTY,,2025-04-17,2025-04-17,22550.0,CE,NIFTY2541722550CE,624.95,624.95,624.95,624.95,624.95,542.7,22907.6,625.45,0,-75,1,1738121.25,1,F1,75,,,,,
2025-03-19,2025-03-19,FO,NSE,IDO,48188,,NIFTY,,2025-04-17,2025-04-17,22700.0,CE,NIFTY2541722700CE,516.1,580.0,516.05,572.8,572.8,488.5,22907.6,524.8,1275,-675,15,26154033.75,15,F1,75,,,,,
2025-03-19,2025-03-19,FO,NSE,IDO,48213,,NIFTY,,2025-04-17,2025-04-17,23050.0,CE,NIFTY2541723050CE,0.0,0.0,0.0,216.45,0.0,216.45,22907.6,328.95,0,0,0,0.0,0,F1,75,,,,,
2025-03-19,2025-03-19,FO,NSE,IDO,48236,,NIFTY,,2025-04-17,2025-04-17,23300.0,CE,NIFTY2541723300CE,214.2,215.0,196.05,215.0,215.0,149.9,22907.6,223.4,75,75,4,7052958.75,4,F1,75,,,,,
2025-03-19,2025-03-19,FO,NSE,IDO,48298,,NIFTY,,2025-04-17,2025-04-17,24000.0,CE,NIFTY2541724000CE,40.0,41.9,33.35,40.35,39.7,33.8,22907.6,40.35,7125,2700,241,434507216.25,155,F1,75,,,,,
2025-03-19,2025-03-19,FO,NSE,IDO,48337,,NIFTY,,2025-04-17,2025-04-17,24500.0,CE,NIFTY2541724500CE,0.0,0.0,0.0,16.35,0.0,16.35,22907.6,17.5,0,0,0,0.0,0,F1,75,,,,,
2025-03-19,2025-03-19,FO,NSE,IDO,79210,,NIFTY,,2025-04-24,2025-04-24,20550.0,CE,NIFTY25APR20550CE,2580.0,2580.0,2580.0,2580.0,2580.0,2505.0,22907.6,2489.7,825,-75,1,1734750.0,1,F1,75,,,,,
2025-03-19,2025-03-19,FO,NSE,IDO,79219,,NIFTY,,2025-04-24,2025-04-24,20750.0,CE,NIFTY25APR20750CE,0.0,0.0,0.0,2304.65,2304.65,2304.65,22907.6,2291.8,1350,0,0,0.0,0,F1,75,,,,,
2025-03-19,2025-03-19,FO,NSE,IDO,79225,,NIFTY,,2025-04-24,2025-04-24,20900.0,CE,NIFTY25APR20900CE,0.0,0.0,0.0,2154.0,2154.0,2154.0,22907.6,2143.9,450,0,0,0.0,0,F1,75,,,,,
2025-03-19,2025-03-19,FO,NSE,IDO,79247,,NIFTY,,2025-04-24,2025-04-24,21300.0,CE,NIFTY25APR21300CE,0.0,0.0,0.0,1762.55,1762.55,1762.55,22907.6,1753.65,750,0,0,0.0,0,F1,75,,,,,
2025-03-19,2025-03-19,FO,NSE,IDO,79256,,NIFTY,,2025-04-24,2025-04-24,21500.0,CE,NIFTY25APR21500CE,1578.0,1666.0,1563.65,1647.7,1645.6,1567.2,22907.6,1647.7,172050,2025,237,411016582.5,185,F1,75,,,,,
2025-03-19,2025-03-19,FO,NSE,IDO,79434,,NIFTY,,2025-04-24,2025-04-24,23050.0,CE,NIFTY25APR23050CE,369.55,412.0,355.0,399.75,394.3,358.1,22907.6,399.75,53850,1650,230,404331622.5,177,F1,75,,,,,
2025-03-19,2025-03-19,FO,NSE,IDO,79440,,NIFTY,,2025-04-24,2025-04-24,23200.0,CE,NIFTY25APR23200CE,295.0,330.0,280.0,318.85,319.0,283.7,22907.6,318.85,470400,46950,3645,6427319606.25,2519,F1,75,,,,,
2025-03-19,2025-03-19,FO,NSE,IDO,79442,,NIFTY,,2025-04-24,2025-04-24,23250.0,CE,NIFTY25APR23250CE,272.05,298.5,259.0,293.95,293.5,264.35,22907.6,293.95,61650,7050,358,631894008.75,291,F1,75,,,,,
2025-03-19,2025-03-19,FO,NSE,IDO,79446,,NIFTY,,2025-04-24,2025-04-24,23350.0,CE,NIFTY25APR23350CE,228.55,256.75,220.0,247.0,246.7,219.8,22907.6,247.0,47775,11175,321,567950842.5,268,F1,75,,,,,
2025-03-19,2025-03-19,FO,NSE,IDO,79517,,NIFTY,,2025-04-24,2025-04-24,23900.0,CE,NIFTY25APR23900CE,73.4,83.5,69.4,79.15,78.6,68.4,22907.6,79.15,251775,13650,3528,6344404728.75,2504,F1,75,,,,,
2025-03-19,2025-03-19,FO,NSE,IDO,79640,,NIFTY,,2025-04-24,2025-04-24,24500.0,CE,NIFTY25APR24500CE,18.9,20.6,16.35,17.75,18.6,16.6,22907.6,17.75,663675,225375,10248,18844631767.5,4779,F1,75,,,,,
2025-03-19,2025-03-19,FO,NSE,IDO,79687,,NIFTY,,2025-04-24,2025-04-24,24900.0,CE,NIFTY25APR24900CE,10.6,10.6,9.05,9.55,9.45,8.85,22907.6,9.55,17625,6300,244,455844562.5,97,F1,75,,,,,
2025-03-19,2025-03-19,FO,NSE,IDO,79731,,NIFTY,,2025-04-24,2025-04-24,25150.0,CE,NIFTY25APR25150CE,8.0,8.0,5.7,7.55,7.25,6.4,22907.6,7.55,3375,750,124,233960887.5,41,F1,75,,,,,
2025-03-19,2025-03-19,FO,NSE,IDO,79733,,NIFTY,,2025-04-24,2025-04-24,25200.0,CE,NIFTY25APR25200CE,5.8,6.5,5.8,6.4,6.4,6.0,22907.6,5.7,5850,825,17,32137957.5,8,F1,75,,,,,
2025-03-19,2025-03-19,FO,NSE,IDO,79746,,NIFTY,,2025-04-24,2025-04-24,25400.0,CE,NIFTY25APR25400CE,6.0,6.95,4.55,5.35,5.3,5.05,22907.6,5.35,4050,-450,163,310577096.25,66,F1,75,,,,,
2025-03-19,2025-03-19,FO,NSE,IDO,61323,,NIFTY,,2025-05-29,2025-05-29,20400.0,CE,NIFTY25MAY20400CE,0.0,0.0,0.0,2496.95,2496.95,2496.95,22907.6,2769.95,750,0,0,0.0,0,F1,75,,,,,
2025-03-19,2025-03-19,FO,NSE,IDO,61507,,NIFTY,,2025-05-29,2025-05-29,22550.0,CE,NIFTY25MAY22550CE,883.2,905.0,883.2,905.0,905.0,870.25,22907.6,906.7,1725,75,2,3516615.0,2,F1,75,,,,,
2025-03-19,2025-03-19,FO,NSE,IDO,61513,,NIFTY,,2025-05-29,2025-05-29,22700.0,CE,NIFTY25MAY22700CE,805.1,828.0,768.4,828.0,828.0,770.75,22907.6,828.0,12900,-75,59,104011207.5,50,F1,75,,,,,
2025-03-19,2025-03-19,FO,NSE,IDO,61515,,NIFTY,,2025-05-29,2025-05-29,22750.0,CE,NIFTY25MAY22750CE,775.15,775.15,775.15,775.15,775.15,700.0,22907.6,778.6,975,0,1,1764386.25,1,F1,75,,,,,
2025-03-19,2025-03-19,FO,NSE,IDO,61525,,NIFTY,,2025-05-29,2025-05-29,23000.0,CE,NIFTY25MAY23000CE,585.0,644.7,578.25,633.2,629.3,584.05,22907.6,633.2,440475,14775,3020,5350239322.5,2143,F1,75,,,,,
2025-03-19,2025-03-19,FO,NSE,IDO,45865,,NIFTY,,2025-06-26,2025-06-26,17000.0,CE,NIFTY25JUN17000CE,0.0,0.0,0.0,5540.0,5540.0,5540.0,22907.6,6204.7,3375,0,0,0.0,0,F1,75,,,,,
2025-03-19,2025-03-19,FO,NSE,IDO,35219,,NIFTY,,2025-06-26,2025-06-26,30000.0,CE,NIFTY25JUN30000CE,7.15,7.85,6.3,6.95,6.9,7.75,22907.6,6.95,156600,8550,309,695410597.5,95,F1,75,,,,,
2025-03-19,2025-03-19,FO,NSE,IDO,50971,,NIFTY,,2025-12-24,2025-12-24,27000.0,CE,NIFTY25DEC27000CE,174.95,185.9,169.65,176.65,176.0,170.3,22907.6,176.65,455475,-4200,582,1186312642.5,518,F1,75,,,,,
2025-03-19,2025-03-19,FO,NSE,IDO,71472,,NIFTY,,2026-06-25,2026-06-25,24000.0,CE,NIFTY26JUN24000CE,0.0,0.0,0.0,1410.55,1410.55,1410.55,22907.6,1777.25,975,0,0,0.0,0,F1,75,,,,,
2025-03-19,2025-03-19,FO,NSE,IDO,79672,,NIFTY,,2025-04-24,2025-04-24,24750.0,CE,NIFTY25APR24750CE,10.75,11.6,10.15,11.2,11.35,5.8,22907.6,11.2,2700,1350,48,89140556.25,29,F1,75,,,,,
2025-03-19,2025-03-19,FO,NSE,IDO,79690,,NIFTY,,2025-04-24,2025-04-24,24950.0,CE,NIFTY25APR24950CE,8.95,8.95,7.25,8.35,8.25,12.1,22907.6,8.35,2250,825,33,61771398.75,16,F1,75,,,,,
2025-03-19,2025-03-19,FO,NSE,IDO,79750,,NIFTY,,2025-04-24,2025-04-24,25500.0,CE,NIFTY25APR25500CE,5.0,5.9,3.25,4.9,5.0,4.45,22907.6,4.9,264750,39075,3861,7385482500.0,1488,F1,75,,,,,
2025-03-19,2025-03-19,FO,NSE,IDO,61357,,NIFTY,,2025-05-29,2025-05-29,21050.0,CE,NIFTY25MAY21050CE,0.0,0.0,0.0,2127.3,2127.3,2127.3,22907.6,2147.25,1050,0,0,0.0,0,F1,75,,,,,
2025-03-19,2025-03-19,FO,NSE,IDO,61383,,NIFTY,,2029-12-27,2029-12-27,17000.0,PE,NIFTY29DEC17000PE,0.0,0.0,0.0,62.8,0.0,62.8,22907.6,30.7,0,0,0,0.0,0,F1,75,,,,,
2025-03-19,2025-03-19,FO,NSE,IDO,89633,,NIFTY,,2029-06-28,2029-06-28,25000.0,PE,NIFTY29JUN25000PE,0.0,0.0,0.0,852.5,0.0,852.5,22907.6,812.45,0,0,0,0.0,0,F1,75,,,,,
2025-03-19,2025-03-19,FO,NSE,IDO,89611,,NIFTY,,2029-06-28,2029-06-28,17000.0,PE,NIFTY29JUN17000PE,0.0,0.0,0.0,79.3,0.0,79.3,22907.6,29.45,0,0,0,0.0,0,F1,75,,,,,
2025-03-19,2025-03-19,FO,NSE,IDO,86166,,NIFTY,,2028-06-29,2028-06-29,28000.0,PE,NIFTY28JUN28000PE,0.0,0.0,0.0,3161.35,0.0,3161.35,22907.6,2028.95,0,0,0,0.0,0,F1,75,,,,,
2025-03-19,2025-03-19,FO,NSE,IDO,86150,,NIFTY,,2028-06-29,2028-06-29,23000.0,PE,NIFTY28JUN23000PE,0.0,0.0,0.0,1399.25,0.0,1399.25,22907.6,517.85,0,0,0,0.0,0,F1,75,,,,,
2025-03-19,2025-03-19,FO,NSE,IDO,86144,,NIFTY,,2028-06-29,2028-06-29,20000.0,PE,NIFTY28JUN20000PE,0.0,0.0,0.0,400.0,400.0,400.0,22907.6,147.8,0,0,0,0.0,0,F1,75,,,,,
2025-03-19,2025-03-19,FO,NSE,IDO,86140,,NIFTY,,2028-06-29,2028-06-29,18000.0,PE,NIFTY28JUN18000PE,0.0,0.0,0.0,396.75,0.0,396.75,22907.6,48.3,0,0,0,0.0,0,F1,75,,,,,
2025-03-19,2025-03-19,FO,NSE,IDO,86138,,NIFTY,,2028-06-29,2028-06-29,17000.0,PE,NIFTY28JUN17000PE,0.0,0.0,0.0,283.1,0.0,283.1,22907.6,24.7,0,0,0,0.0,0,F1,75,,,,,
2025-03-19,2025-03-19,FO,NSE,IDO,53615,,NIFTY,,2027-12-30,2027-12-30,21000.0,PE,NIFTY27DEC21000PE,0.0,0.0,0.0,582.95,582.95,582.95,22907.6,239.45,50,0,0,0.0,0,F1,75,,,,,
2025-03-19,2025-03-19,FO,NSE,IDO,50548,,NIFTY,,2026-12-31,2026-12-31,28000.0,PE,NIFTY26DEC28000PE,0.0,0.0,0.0,3499.0,3499.0,3499.0,22907.6,2883.9,150,0,0,0.0,0,F1,75,,,,,
2025-03-19,2025-03-19,FO,NSE,IDO,71502,,NIFTY,,2026-12-31,2026-12-31,24000.0,PE,NIFTY26DEC24000PE,1095.8,1095.8,1073.95,1073.95,1073.95,1075.0,22907.6,1073.95,9300,-150,4,7525473.75,4,F1,75,,,,,
2025-03-19,2025-03-19,FO,NSE,IDO,38380,,NIFTY,,2026-06-25,2026-06-25,20000.0,PE,NIFTY26JUN20000PE,0.0,0.0,0.0,3159.75,0.0,3159.75,22907.6,96.65,0,0,0,0.0,0,F1,75,,,,,
2025-03-19,2025-03-19,FO,NSE,IDO,50448,,NIFTY,,2026-06-25,2026-06-25,15000.0,PE,NIFTY26JUN15000PE,0.0,0.0,0.0,20.2,20.2,20.2,22907.6,0.25,1000,0,0,0.0,0,F1,75,,,,,
2025-03-19,2025-03-19,FO,NSE,IDO,38153,,NIFTY,,2025-12-24,2025-12-24,29000.0,PE,NIFTY25DEC29000PE,0.0,0.0,0.0,4610.0,4610.0,4610.0,22907.6,4748.4,14250,0,0,0.0,0,F1,75,,,,,
2025-03-19,2025-03-19,FO,NSE,IDO,50544,,NIFTY,,2025-12-24,2025-12-24,28000.0,PE,NIFTY25DEC28000PE,3650.0,3676.95,3619.2,3624.7,3624.7,3692.2,22907.6,3859.6,319175,725,30,71228460.0,30,F1,75,,,,,
2025-03-19,2025-03-19,FO,NSE,IDO,38377,,NIFTY,,2025-12-24,2025-12-24,20000.0,PE,NIFTY25DEC20000PE,170.0,178.15,170.0,172.25,172.0,176.5,22907.6,172.25,365175,3000,542,820045518.75,361,F1,75,,,,,
2025-03-19,2025-03-19,FO,NSE,IDO,49178,,NIFTY,,2025-12-24,2025-12-24,16000.0,PE,NIFTY25DEC16000PE,0.0,0.0,0.0,36.0,36.0,36.0,22907.6,0.1,2275,0,0,0.0,0,F1,75,,,,,
2025-03-19,2025-03-19,FO,NSE,IDO,64699,,NIFTY,,2025-09-25,2025-09-25,27000.0,PE,NIFTY25SEP27000PE,0.0,0.0,0.0,1168.15,0.0,1168.15,22907.6,3285.6,0,0,0,0.0,0,F1,75,,,,,
2025-03-19,2025-03-19,FO,NSE,IDO,51450,,NIFTY,,2025-06-26,2025-06-26,21000.0,PE,NIFTY25JUN21000PE,100.0,107.0,98.2,102.6,100.8,103.7,22907.6,102.6,703625,122050,5636,8920462406.25,3691,F1,75,,,,,
2025-03-19,2025-03-19,FO,NSE,IDO,40091,,NIFTY,,2025-06-26,2025-06-26,15000.0,PE,NIFTY25JUN15000PE,0.0,0.0,0.0,6.75,6.75,6.75,22907.6,0.05,7450,0,0,0.0,0,F1,75,,,,,
2025-03-19,2025-03-19,FO,NSE,IDO,61670,,NIFTY,,2025-05-29,2025-05-29,24150.0,PE,NIFTY25MAY24150PE,0.0,0.0,0.0,1122.45,1123.2,1122.45,22907.6,1137.2,750,0,0,0.0,0,F1,75,,,,,
2025-03-19,2025-03-19,FO,NSE,IDO,48017,,NIFTY,,2025-04-17,2025-04-17,20650.0,PE,NIFTY2541720650PE,0.0,0.0,0.0,12.05,0.0,12.05,22907.6,0.4,0,0,0,0.0,0,F1,75,,,,,
2025-03-19,2025-03-19,FO,NSE,IDO,48099,,NIFTY,,2025-04-17,2025-04-17,21400.0,PE,NIFTY2541721400PE,0.0,0.0,0.0,69.15,0.0,69.15,22907.6,7.65,0,0,0,0.0,0,F1,75,,,,,
2025-03-19,2025-03-19,FO,NSE,IDO,48101,,NIFTY,,2025-04-17,2025-04-17,21450.0,PE,NIFTY2541721450PE,0.0,0.0,0.0,76.35,0.0,76.35,22907.6,9.05,0,0,0,0.0,0,F1,75,,,,,
2025-03-19,2025-03-19,FO,NSE,IDO,48169,,NIFTY,,2025-04-17,2025-04-17,22350.0,PE,NIFTY2541722350PE,0.0,0.0,0.0,138.0,138.0,138.0,22907.6,101.05,450,0,0,0.0,0,F1,75,,,,,
2025-03-19,2025-03-19,FO,NSE,IDO,48209,,NIFTY,,2025-04-17,2025-04-17,22950.0,PE,NIFTY2541722950PE,0.0,0.0,0.0,657.05,0.0,657.05,22907.6,303.35,0,0,0,0.0,0,F1,75,,,,,
2025-03-19,2025-03-19,FO,NSE,IDO,48235,,NIFTY,,2025-04-17,2025-04-17,23250.0,PE,NIFTY2541723250PE,0.0,0.0,0.0,869.1,0.0,869.1,22907.6,464.9,0,0,0,0.0,0,F1,75,,,,,
2025-03-19,2025-03-19,FO,NSE,IDO,48247,,NIFTY,,2025-04-17,2025-04-17,23350.0,PE,NIFTY2541723350PE,0.0,0.0,0.0,944.6,0.0,944.6,22907.6,527.7,0,0,0,0.0,0,F1,75,,,,,
2025-03-19,2025-03-19,FO,NSE,IDO,48328,,NIFTY,,2025-04-17,2025-04-17,24250.0,PE,NIFTY2541724250PE,0.0,0.0,0.0,1727.8,0.0,1727.8,22907.6,1250.3,0,0,0,0.0,0,F1,75,,,,,
2025-03-19,2025-03-19,FO,NSE,IDO,79228,,NIFTY,,2025-04-24,2025-04-24,20950.0,PE,NIFTY25APR20950PE,23.55,24.25,20.75,23.0,23.05,23.55,22907.6,23.0,4500,-975,62,97523801.25,26,F1,75,,,,,
2025-03-19,2025-03-19,FO,NSE,IDO,79248,,NIFTY,,2025-04-24,2025-04-24,21300.0,PE,NIFTY25APR21300PE,25.25,36.75,25.25,32.45,31.75,33.95,22907.6,32.45,246225,8175,2975,4759802868.75,1806,F1,75,,,,,
2025-03-19,2025-03-19,FO,NSE,IDO,79516,,NIFTY,,2025-04-24,2025-04-24,23850.0,PE,NIFTY25APR23850PE,0.0,0.0,0.0,890.55,889.05,890.55,22907.6,902.85,900,0,0,0.0,0,F1,75,,,,,
2025-03-19,2025-03-19,FO,NSE,IDO,79536,,NIFTY,,2025-04-24,2025-04-24,24000.0,PE,NIFTY25APR24000PE,999.25,1026.95,921.65,931.3,930.75,1013.3,22907.6,931.3,961800,43050,3340,6251167477.5,1997,F1,75,,,,,
2025-03-19,2025-03-19,FO,NSE,IDO,79635,,NIFTY,,2025-04-24,2025-04-24,24350.0,PE,NIFTY25APR24350PE,1270.0,1270.0,1270.0,1270.0,1270.0,1331.45,22907.6,1329.75,1200,-75,1,1921500.0,1,F1,75,,,,,
2025-03-19,2025-03-19,FO,NSE,IDO,79679,,NIFTY,,2025-04-24,2025-04-24,24850.0,PE,NIFTY25APR24850PE,0.0,0.0,0.0,1801.05,1800.55,1801.05,22907.6,1797.45,900,0,0,0.0,0,F1,75,,,,,
2025-03-19,2025-03-19,FO,NSE,IDO,79745,,NIFTY,,2025-04-24,2025-04-24,25350.0,PE,NIFTY25APR25350PE,0.0,0.0,0.0,2289.3,2289.3,2289.3,22907.6,2284.2,675,0,0,0.0,0,F1,75,,,,,
2025-03-19,2025-03-19,FO,NSE,IDO,61498,,NIFTY,,2025-05-29,2025-05-29,22300.0,PE,NIFTY25MAY22300PE,220.0,224.0,192.8,201.25,201.1,218.85,22907.6,201.25,18750,600,206,347726388.75,130,F1,75,,,,,
2025-03-19,2025-03-19,FO,NSE,IDO,61522,,NIFTY,,2025-05-29,2025-05-29,22900.0,PE,NIFTY25MAY22900PE,381.65,400.0,356.0,359.1,360.45,391.5,22907.6,359.1,21300,19725,519,905873673.75,289,F1,75,,,,,
2025-03-19,2025-03-19,FO,NSE,IDO,61550,,NIFTY,,2025-05-29,2025-05-29,23600.0,PE,NIFTY25MAY23600PE,710.0,710.0,663.9,663.9,663.9,750.6,22907.6,758.25,825,75,2,3643042.5,2,F1,75,,,,,
2025-03-19,2025-03-19,FO,NSE,IDO,79415,,NIFTY,,2025-04-24,2025-04-24,22850.0,CE,NIFTY25APR22850CE,485.1,539.95,467.0,522.65,539.95,473.3,22907.6,522.65,46125,-5925,446,781463103.75,357,F1,75,,,,,
2025-03-19,2025-03-19,FO,NSE,IDO,79438,,NIFTY,,2025-04-24,2025-04-24,23150.0,CE,NIFTY25APR23150CE,314.05,355.0,304.95,344.0,344.5,308.25,22907.6,344.0,73575,4650,364,641109195.0,230,F1,75,,,,,
2025-03-19,2025-03-19,FO,NSE,IDO,79515,,NIFTY,,2025-04-24,2025-04-24,23850.0,CE,NIFTY25APR23850CE,80.15,93.05,78.6,89.5,88.0,77.35,22907.6,89.5,12900,-4800,228,409334508.75,127,F1,75,,,,,
2025-03-19,2025-03-19,FO,NSE,IDO,79739,,NIFTY,,2025-04-24,2025-04-24,25300.0,CE,NIFTY25APR25300CE,6.0,6.0,4.7,5.85,5.85,8.0,22907.6,4.35,8475,-225,5,9489536.25,4,F1,75,,,,,
2025-03-19,2025-03-19,FO,NSE,IDO,79741,,NIFTY,,2025-04-24,2025-04-24,25350.0,CE,NIFTY25APR25350CE,6.0,6.0,4.6,5.65,5.65,8.0,22907.6,3.8,1950,525,44,83672610.0,15,F1,75,,,,,
2025-03-19,2025-03-19,FO,NSE,IDO,61337,,NIFTY,,2025-05-29,2025-05-29,20700.0,CE,NIFTY25MAY20700CE,0.0,0.0,0.0,2461.75,2462.05,2461.75,22907.6,2479.75,225,0,0,0.0,0,F1,75,,,,,
2025-03-19,2025-03-19,FO,NSE,IDO,61543,,NIFTY,,2025-05-29,2025-05-29,23450.0,CE,NIFTY25MAY23450CE,0.0,0.0,0.0,335.35,335.35,335.35,22907.6,420.75,2250,0,0,0.0,0,F1,75,,,,,
2025-03-19,2025-03-19,FO,NSE,IDO,61545,,NIFTY,,2025-05-29,2025-05-29,23500.0,CE,NIFTY25MAY23500CE,350.0,375.0,333.55,364.85,362.25,334.35,22907.6,364.85,459600,-191175,7814,13983201836.25,3348,F1,75,,,,,
2025-03-19,2025-03-19,FO,NSE,IDO,61561,,NIFTY,,2025-05-29,2025-05-29,23900.0,CE,NIFTY25MAY23900CE,195.0,212.2,195.0,207.95,207.65,192.15,22907.6,207.95,4200,-450,83,150063165.0,54,F1,75,,,,,
2025-03-19,2025-03-19,FO,NSE,IDO,37749,,NIFTY,,2025-06-26,2025-06-26,23000.0,CE,NIFTY25JUN23000CE,779.0,841.9,768.9,825.3,823.8,777.25,22907.6,825.3,895825,13200,3531,6306539797.5,2860,F1,75,,,,,
2025-03-19,2025-03-19,FO,NSE,IDO,49177,,NIFTY,,2025-12-24,2025-12-24,16000.0,CE,NIFTY25DEC16000CE,0.0,0.0,0.0,7200.0,7200.0,7200.0,22907.6,7685.95,50,0,0,0.0,0,F1,75,,,,,
2025-03-19,2025-03-19,FO,NSE,IDO,51451,,NIFTY,,2025-12-24,2025-12-24,21000.0,CE,NIFTY25DEC21000CE,3180.6,3180.6,3066.35,3127.2,3129.95,3062.45,22907.6,3127.2,59225,6525,125,226019452.5,122,F1,75,,,,,
2025-03-19,2025-03-19,FO,NSE,IDO,58622,,NIFTY,,2025-12-24,2025-12-24,22000.0,CE,NIFTY25DEC22000CE,2370.0,2400.85,2305.2,2388.15,2392.85,2318.9,22907.6,2388.15,222950,10950,250,456996978.75,249,F1,75,,,,,
2025-03-19,2025-03-19,FO,NSE,IDO,42129,,NIFTY,,2025-12-24,2025-12-24,31000.0,CE,NIFTY25DEC31000CE,41.0,41.0,33.1,35.0,35.0,35.85,22907.6,15.45,50325,-975,32,74486550.0,15,F1,75,,,,,
2025-03-19,2025-03-19,FO,NSE,IDO,61660,,NIFTY,,2029-12-27,2029-12-27,21000.0,PE,NIFTY29DEC21000PE,0.0,0.0,0.0,278.8,0.0,278.8,22907.6,208.2,0,0,0,0.0,0,F1,75,,,,,
2025-03-19,2025-03-19,FO,NSE,IDO,61391,,NIFTY,,2029-12-27,2029-12-27,18000.0,PE,NIFTY29DEC18000PE,0.0,0.0,0.0,96.5,0.0,96.5,22907.6,53.75,0,0,0,0.0,0,F1,75,,,,,
2025-03-19,2025-03-19,FO,NSE,IDO,89631,,NIFTY,,2029-06-28,2029-06-28,24000.0,PE,NIFTY29JUN24000PE,0.0,0.0,0.0,694.05,694.05,694.05,22907.6,613.4,25,0,0,0.0,0,F1,75,,,,,
2025-03-19,2025-03-19,FO,NSE,IDO,89625,,NIFTY,,2029-06-28,2029-06-28,21000.0,PE,NIFTY29JUN21000PE,0.0,0.0,0.0,320.25,0.0,320.25,22907.6,218.85,0,0,0,0.0,0,F1,75,,,,,
2025-03-19,2025-03-19,FO,NSE,IDO,89623,,NIFTY,,2029-06-28,2029-06-28,20000.0,PE,NIFTY29JUN20000PE,0.0,0.0,0.0,236.95,0.0,236.95,22907.6,143.65,0,0,0,0.0,0,F1,75,,,,,
2025-03-19,2025-03-19,FO,NSE,IDO,67789,,NIFTY,,2028-12-28,2028-12-28,27000.0,PE,NIFTY28DEC27000PE,0.0,0.0,0.0,1413.85,0.0,1413.85,22907.6,1466.7,0,0,0,0.0,0,F1,75,,,,,
2025-03-19,2025-03-19,FO,NSE,IDO,86164,,NIFTY,,2028-06-29,2028-06-29,27000.0,PE,NIFTY28JUN27000PE,0.0,0.0,0.0,2752.35,0.0,2752.35,22907.6,1627.7,0,0,0,0.0,0,F1,75,,,,,
2025-03-19,2025-03-19,FO,NSE,IDO,53625,,NIFTY,,2027-12-30,2027-12-30,24000.0,PE,NIFTY27DEC24000PE,0.0,0.0,0.0,1349.0,1349.0,1349.0,22907.6,782.25,750,0,0,0.0,0,F1,75,,,,,
2025-03-19,2025-03-19,FO,NSE,IDO,71557,,NIFTY,,2027-06-24,2027-06-24,22000.0,PE,NIFTY27JUN22000PE,0.0,0.0,0.0,3995.4,0.0,3995.4,22907.6,383.4,0,0,0,0.0,0,F1,75,,,,,
2025-03-19,2025-03-19,FO,NSE,IDO,71548,,NIFTY,,2027-06-24,2027-06-24,18000.0,PE,NIFTY27JUN18000PE,0.0,0.0,0.0,48.55,48.55,48.55,22907.6,36.05,25,0,0,0.0,0,F1,75,,,,,
2025-03-19,2025-03-19,FO,NSE,IDO,58635,,NIFTY,,2026-12-31,2026-12-31,15000.0,PE,NIFTY26DEC15000PE,0.0,0.0,0.0,36.75,36.75,36.75,22907.6,0.95,2275,0,0,0.0,0,F1,75,,,,,
2025-03-19,2025-03-19,FO,NSE,IDO,58629,,NIFTY,,2026-12-31,2026-12-31,12000.0,PE,NIFTY26DEC12000PE,0.0,0.0,0.0,20.05,20.05,20.05,22907.6,0.05,1025,0,0,0.0,0,F1,75,,,,,
2025-03-19,2025-03-19,FO,NSE,IDO,50972,,NIFTY,,2025-12-24,2025-12-24,27000.0,PE,NIFTY25DEC27000PE,2887.55,2887.55,2800.0,2801.95,2805.0,2855.1,22907.6,2801.95,234850,7500,163,364677975.0,139,F1,75,,,,,
2025-03-19,2025-03-19,FO,NSE,IDO,71403,,NIFTY,,2025-12-24,2025-12-24,26000.0,PE,NIFTY25DEC26000PE,2093.25,2115.0,2030.0,2055.65,2077.0,2114.0,22907.6,2055.65,178000,250,100,210481072.5,90,F1,75,,,,,
2025-03-19,2025-03-19,FO,NSE,IDO,38151,,NIFTY,,2025-06-26,2025-06-26,29000.0,PE,NIFTY25JUN29000PE,0.0,0.0,0.0,5850.0,5850.0,5850.0,22907.6,5585.95,675,0,0,0.0,0,F1,75,,,,,
2025-03-19,2025-03-19,FO,NSE,IDO,37794,,NIFTY,,2025-06-26,2025-06-26,23000.0,PE,NIFTY25JUN23000PE,500.9,515.7,467.15,471.45,470.0,506.35,22907.6,471.45,1338100,-21075,5026,8852228246.25,3803,F1,75,,,,,
2025-03-19,2025-03-19,FO,NSE,IDO,58619,,NIFTY,,2025-06-26,2025-06-26,22000.0,PE,NIFTY25JUN22000PE,230.05,241.4,221.8,223.5,222.55,237.55,22907.6,223.5,1198625,-10925,4465,7443529927.5,3312,F1,75,,,,,
2025-03-19,2025-03-19,FO,NSE,IDO,61558,,NIFTY,,2025-05-29,2025-05-29,23800.0,PE,NIFTY25MAY23800PE,0.0,0.0,0.0,885.1,885.1,885.1,22907.6,887.35,450,0,0,0.0,0,F1,75,,,,,
2025-03-19,2025-03-19,FO,NSE,IDO,61518,,NIFTY,,2025-05-29,2025-05-29,22800.0,PE,NIFTY25MAY22800PE,350.0,365.75,323.4,328.4,328.35,361.6,22907.6,328.4,51450,19950,559,970131502.5,314,F1,75,,,,,
2025-03-19,2025-03-19,FO,NSE,IDO,61502,,NIFTY,,2025-05-29,2025-05-29,22400.0,PE,NIFTY25MAY22400PE,230.0,248.0,220.05,223.25,223.15,242.05,22907.6,223.25,29550,4425,224,380234786.25,86,F1,75,,,,,
2025-03-19,2025-03-19,FO,NSE,IDO,61496,,NIFTY,,2025-05-29,2025-05-29,22250.0,PE,NIFTY25MAY22250PE,200.15,200.15,190.0,190.0,190.0,205.25,22907.6,181.65,1350,-225,7,11782443.75,6,F1,75,,,,,
2025-03-19,2025-03-19,FO,NSE,IDO,61466,,NIFTY,,2025-05-29,2025-05-29,21650.0,PE,NIFTY25MAY21650PE,103.1,105.0,103.1,105.0,105.0,119.5,22907.6,74.55,1650,600,8,13052430.0,2,F1,75,,,,,
2025-03-19,2025-03-19,FO,NSE,IDO,79740,,NIFTY,,2025-04-24,2025-04-24,25300.0,PE,NIFTY25APR25300PE,0.0,0.0,0.0,2275.0,2275.0,2275.0,22907.6,2235.1,375,0,0,0.0,0,F1,75,,,,,
2025-03-19,2025-03-19,FO,NSE,IDO,79639,,NIFTY,,2025-04-24,2025-04-24,24450.0,PE,NIFTY25APR24450PE,0.0,0.0,0.0,1415.4,1415.3,1415.4,22907.6,1420.85,900,0,0,0.0,0,F1,75,,,,,
2025-03-19,2025-03-19,FO,NSE,IDO,79445,,NIFTY,,2025-04-24,2025-04-24,23300.0,PE,NIFTY25APR23300PE,480.0,512.8,438.25,445.45,444.0,493.55,22907.6,445.45,74550,28725,1139,2031024712.5,800,F1,75,,,,,
2025-03-19,2025-03-19,FO,NSE,IDO,79439,,NIFTY,,2025-04-24,2025-04-24,23150.0,PE,NIFTY25APR23150PE,404.5,427.75,364.7,369.7,370.95,414.1,22907.6,369.7,44550,7575,275,485536155.0,227,F1,75,,,,,
2025-03-19,2025-03-19,FO,NSE,IDO,79381,,NIFTY,,2025-04-24,2025-04-24,22250.0,PE,NIFTY25APR22250PE,117.8,130.85,110.85,112.3,110.95,125.5,22907.6,112.3,33525,6750,458,768386437.5,298,F1,75,,,,,
2025-03-19,2025-03-19,FO,NSE,IDO,79298,,NIFTY,,2025-04-24,2025-04-24,22150.0,PE,NIFTY25APR22150PE,102.0,108.75,95.75,97.15,95.8,108.25,22907.6,97.15,25875,-1425,414,690847425.0,208,F1,75,,,,,
2025-03-19,2025-03-19,FO,NSE,IDO,79290,,NIFTY,,2025-04-24,2025-04-24,22050.0,PE,NIFTY25APR22050PE,90.0,97.6,83.0,85.2,85.1,94.6,22907.6,85.2,21825,-1500,168,278932646.25,88,F1,75,,,,,
2025-03-19,2025-03-19,FO,NSE,IDO,79230,,NIFTY,,2025-04-24,2025-04-24,21000.0,PE,NIFTY25APR21000PE,26.0,26.0,22.15,24.5,24.25,24.35,22907.6,24.5,2300475,142350,15798,24910611997.5,8108,F1,75,,,,,
2025-03-19,2025-03-19,FO,NSE,IDO,48336,,NIFTY,,2025-04-17,2025-04-17,24450.0,PE,NIFTY2541724450PE,0.0,0.0,0.0,1917.15,0.0,1917.15,22907.6,1436.4,0,0,0,0.0,0,F1,75,,,,,
2025-03-19,2025-03-19,FO,NSE,IDO,48295,,NIFTY,,2025-04-17,2025-04-17,23900.0,PE,NIFTY2541723900PE,0.0,0.0,0.0,1406.8,0.0,1406.8,22907.6,941.75,0,0,0,0.0,0,F1,75,,,,,
2025-03-19,2025-03-19,FO,NSE,IDO,48272,,NIFTY,,2025-04-17,2025-04-17,23600.0,PE,NIFTY2541723600PE,0.0,0.0,0.0,1146.75,0.0,1146.75,22907.6,702.7,0,0,0,0.0,0,F1,75,,,,,
2025-03-19,2025-03-19,FO,NSE,IDO,48268,,NIFTY,,2025-04-17,2025-04-17,23550.0,PE,NIFTY2541723550PE,0.0,0.0,0.0,1105.15,0.0,1105.15,22907.6,665.8,0,0,0,0.0,0,F1,75,,,,,
2025-03-19,2025-03-19,FO,NSE,IDO,48177,,NIFTY,,2025-04-17,2025-04-17,22500.0,PE,NIFTY2541722500PE,151.65,155.65,126.85,129.45,128.7,155.3,22907.6,129.45,12975,75,72,122255160.0,58,F1,75,,,,,
2025-03-19,2025-03-19,FO,NSE,IDO,48117,,NIFTY,,2025-04-17,2025-04-17,21850.0,PE,NIFTY2541721850PE,50.0,55.9,47.55,47.55,47.55,57.45,22907.6,47.55,300,0,3,4927758.75,3,F1,75,,,,,
2025-03-19,2025-03-19,FO,NSE,IDO,48115,,NIFTY,,2025-04-17,2025-04-17,21800.0,PE,NIFTY2541721800PE,47.3,47.65,42.05,43.65,45.2,144.35,22907.6,43.65,525,525,15,24574297.5,12,F1,75,,,,,
2025-03-19,2025-03-19,FO,NSE,IDO,48079,,NIFTY,,2025-04-17,2025-04-17,21150.0,PE,NIFTY2541721150PE,0.0,0.0,0.0,40.85,0.0,40.85,22907.6,3.15,0,0,0,0.0,0,F1,75,,,,,
2025-03-19,2025-03-19,FO,NSE,IDO,43941,,NIFTY,,2025-04-09,2025-04-09,24150.0,PE,NIFTY2540924150PE,0.0,0.0,0.0,1498.45,0.0,1498.45,22907.6,1171.8,0,0,0,0.0,0,F1,75,,,,,
2025-03-19,2025-03-19,FO,NSE,IDO,43901,,NIFTY,,2025-04-09,2025-04-09,23300.0,PE,NIFTY2540923300PE,0.0,0.0,0.0,806.2,0.0,806.2,22907.6,469.45,0,0,0,0.0,0,F1,75,,,,,
2025-03-19,2025-03-19,FO,NSE,IDO,43888,,NIFTY,,2025-04-09,2025-04-09,23050.0,PE,NIFTY2540923050PE,0.0,0.0,0.0,638.7,0.0,638.7,22907.6,319.15,0,0,0,0.0,0,F1,75,,,,,
2025-03-19,2025-03-19,FO,NSE,IDO,43885,,NIFTY,,2025-04-09,2025-04-09,23000.0,PE,NIFTY2540923000PE,289.0,305.95,248.6,253.4,251.0,289.85,22907.6,253.4,25050,20100,566,987779692.5,365,F1,75,,,,,
2025-03-19,2025-03-19,FO,NSE,IDO,43869,,NIFTY,,2025-04-09,2025-04-09,22700.0,PE,NIFTY2540922700PE,171.9,184.25,149.25,153.1,153.0,176.3,22907.6,153.1,27075,11550,471,807503730.0,257,F1,75,,,,,
2025-03-19,2025-03-19,FO,NSE,IDO,43845,,NIFTY,,2025-04-09,2025-04-09,22150.0,PE,NIFTY2540922150PE,57.3,57.3,57.3,57.3,57.3,214.05,22907.6,57.3,75,75,1,1665547.5,1,F1,75,,,,,
2025-03-19,2025-03-19,FO,NSE,IDO,43843,,NIFTY,,2025-04-09,2025-04-09,22100.0,PE,NIFTY2540922100PE,55.5,60.0,49.9,52.0,52.15,60.0,22907.6,52.0,5775,-1125,97,161158023.75,63,F1,75,,,,,
2025-03-19,2025-03-19,FO,NSE,IDO,43837,,NIFTY,,2025-04-09,2025-04-09,21950.0,PE,NIFTY2540921950PE,0.0,0.0,0.0,158.55,0.0,158.55,22907.6,22.5,0,0,0,0.0,0,F1,75,,,,,
2025-03-19,2025-03-19,FO,NSE,IDO,43833,,NIFTY,,2025-04-09,2025-04-09,21850.0,PE,NIFTY2540921850PE,0.0,0.0,0.0,133.95,0.0,133.95,22907.6,16.1,0,0,0,0.0,0,F1,75,,,,,
2025-03-19,2025-03-19,FO,NSE,IDO,43801,,NIFTY,,2025-04-09,2025-04-09,21100.0,PE,NIFTY2540921100PE,0.0,0.0,0.0,31.2,0.0,31.2,22907.6,0.7,0,0,0,0.0,0,F1,75,,,,,
2025-03-19,2025-03-19,FO,NSE,IDO,43789,,NIFTY,,2025-04-09,2025-04-09,20800.0,PE,NIFTY2540920800PE,6.9,6.9,6.9,6.9,6.9,9.85,22907.6,0.15,975,75,1,1560517.5,1,F1,75,,,,,
2025-03-19,2025-03-19,FO,NSE,IDO,54849,,NIFTY,,2025-04-03,2025-04-03,24350.0,PE,NIFTY2540324350PE,0.0,0.0,0.0,1438.0,1438.0,1438.0,22907.6,1380.7,150,0,0,0.0,0,F1,75,,,,,
2025-03-19,2025-03-19,FO,NSE,IDO,54838,,NIFTY,,2025-04-03,2025-04-03,24100.0,PE,NIFTY2540324100PE,0.0,0.0,0.0,1198.35,1198.35,1198.35,22907.6,1137.2,75,0,0,0.0,0,F1,75,,,,,
2025-03-19,2025-03-19,FO,NSE,IDO,54780,,NIFTY,,2025-04-03,2025-04-03,23950.0,PE,NIFTY2540323950PE,0.0,0.0,0.0,1050.2,1050.2,1050.2,22907.6,994.45,75,0,0,0.0,0,F1,75,,,,,
2025-03-19,2025-03-19,FO,NSE,IDO,54760,,NIFTY,,2025-04-03,2025-04-03,23800.0,PE,NIFTY2540323800PE,0.0,0.0,0.0,909.1,909.1,909.1,22907.6,855.8,150,0,0,0.0,0,F1,75,,,,,
2025-03-19,2025-03-19,FO,NSE,IDO,54708,,NIFTY,,2025-04-03,2025-04-03,23400.0,PE,NIFTY2540323400PE,499.2,499.2,442.7,449.2,445.0,499.0,22907.6,449.2,3975,3450,75,134204227.5,44,F1,75,,,,,
2025-03-19,2025-03-19,FO,NSE,IDO,54700,,NIFTY,,2025-04-03,2025-04-03,23350.0,PE,NIFTY2540323350PE,417.85,417.85,408.55,408.55,408.55,488.85,22907.6,408.55,225,75,2,3564480.0,2,F1,75,,,,,
2025-03-19,2025-03-19,FO,NSE,IDO,54632,,NIFTY,,2025-04-03,2025-04-03,22850.0,PE,NIFTY2540322850PE,176.0,200.0,151.4,156.8,155.15,189.9,22907.6,156.8,149100,129150,3876,6691144983.75,1938,F1,75,,,,,
2025-03-19,2025-03-19,FO,NSE,IDO,54618,,NIFTY,,2025-04-03,2025-04-03,22500.0,PE,NIFTY2540322500PE,52.0,92.5,52.0,70.45,70.0,89.3,22907.6,70.45,1843800,-380250,44825,75892802508.75,17158,F1,75,,,,,
2025-03-19,2025-03-19,FO,NSE,IDO,54587,,NIFTY,,2025-04-03,2025-04-03,22200.0,PE,NIFTY2540322200PE,39.85,48.2,33.4,37.0,36.45,47.95,22907.6,37.0,2299650,-24600,7124,11882035991.25,4033,F1,75,,,,,
2025-03-19,2025-03-19,FO,NSE,IDO,54581,,NIFTY,,2025-04-03,2025-04-03,22050.0,PE,NIFTY2540322050PE,27.95,35.4,25.5,27.05,27.2,32.9,22907.6,27.05,13125,2400,491,813030697.5,278,F1,75,,,,,
2025-03-19,2025-03-19,FO,NSE,IDO,54491,,NIFTY,,2025-04-03,2025-04-03,20700.0,PE,NIFTY2540320700PE,3.0,3.2,2.2,3.15,2.9,3.3,22907.6,3.15,18750,-5325,194,301228087.5,60,F1,75,,,,,
2025-03-19,2025-03-19,FO,NSE,IDO,54471,,NIFTY,,2025-04-03,2025-04-03,20450.0,PE,NIFTY2540320450PE,2.5,2.85,2.15,2.3,2.75,2.5,22907.6,2.3,2400,450,17,26076858.75,7,F1,75,,,,,
2025-03-19,2025-03-19,FO,NSE,IDO,64579,,NIFTY,,2025-03-27,2025-03-27,28000.0,PE,NIFTY25MAR28000PE,5065.8,5120.7,5015.0,5025.5,5024.0,5105.2,22907.6,5025.5,223475,-10275,188,466115073.75,147,F1,75,,,,,
2025-03-19,2025-03-19,FO,NSE,IDO,58784,,NIFTY,,2025-03-27,2025-03-27,25800.0,PE,NIFTY25MAR25800PE,2834.65,2834.65,2807.95,2815.0,2815.2,3270.0,22907.6,2815.0,34125,0,111,238194723.75,56,F1,75,,,,,
2025-03-19,2025-03-19,FO,NSE,IDO,56887,,NIFTY,,2025-03-27,2025-03-27,25550.0,PE,NIFTY25MAR25550PE,0.0,0.0,0.0,2664.25,2658.65,2664.25,22907.6,2606.05,1725,0,0,0.0,0,F1,75,,,,,
2025-03-19,2025-03-19,FO,NSE,IDO,56875,,NIFTY,,2025-03-27,2025-03-27,25250.0,PE,NIFTY25MAR25250PE,0.0,0.0,0.0,2370.2,2369.85,2370.2,22907.6,2306.45,1350,0,0,0.0,0,F1,75,,,,,
2025-03-19,2025-03-19,FO,NSE,IDO,56535,,NIFTY,,2025-03-27,2025-03-27,24650.0,PE,NIFTY25MAR24650PE,0.0,0.0,0.0,1776.75,1776.75,1776.75,22907.6,1707.3,1050,0,0,0.0,0,F1,75,,,,,
2025-03-19,2025-03-19,FO,NSE,IDO,51476,,NIFTY,,2025-03-27,2025-03-27,23650.0,PE,NIFTY25MAR23650PE,733.8,752.65,680.2,683.75,682.2,803.95,22907.6,683.75,6750,300,26,47464260.0,24,F1,75,,,,,
2025-03-19,2025-03-19,FO,NSE,IDO,48350,,NIFTY,,2025-03-27,2025-03-27,23150.0,PE,NIFTY25MAR23150PE,294.55,339.5,249.35,261.9,262.2,312.6,22907.6,261.9,100425,81000,4078,7165571553.75,3483,F1,75,,,,,
2025-03-19,2025-03-19,FO,NSE,IDO,46992,,NIFTY,,2025-03-27,2025-03-27,22400.0,PE,NIFTY25MAR22400PE,37.0,45.4,28.4,30.85,30.25,43.7,22907.6,30.85,2819700,-20400,101843,171357493770.0,50273,F1,75,,,,,
2025-03-19,2025-03-19,FO,NSE,IDO,46867,,NIFTY,,2025-03-27,2025-03-27,21300.0,PE,NIFTY25MAR21300PE,4.0,4.0,2.25,3.1,3.95,3.8,22907.6,3.1,1009200,411900,35052,56002805628.75,11442,F1,75,,,,,
2025-03-19,2025-03-19,FO,NSE,IDO,50326,,NIFTY,,2025-03-20,2025-03-20,24800.0,PE,NIFTY2532024800PE,1940.0,1940.0,1859.55,1860.45,1860.45,1957.55,22907.6,1888.0,9525,-1125,20,40018991.25,7,F1,75,,,,,
2025-03-19,2025-03-19,FO,NSE,IDO,50302,,NIFTY,,2025-03-20,2025-03-20,24450.0,PE,NIFTY2532024450PE,1535.0,1544.7,1510.0,1511.2,1511.2,1965.0,22907.6,1538.05,975,-1050,32,62365005.0,12,F1,75,,,,,
2025-03-19,2025-03-19,FO,NSE,IDO,50297,,NIFTY,,2025-03-20,2025-03-20,24400.0,PE,NIFTY2532024400PE,1524.0,1524.0,1453.25,1468.0,1468.0,1671.5,22907.6,1468.0,1575,-2025,37,71806991.25,15,F1,75,,,,,
2025-03-19,2025-03-19,FO,NSE,IDO,50282,,NIFTY,,2025-03-20,2025-03-20,24100.0,PE,NIFTY2532024100PE,1248.45,1248.45,1152.85,1171.0,1171.0,1290.1,22907.6,1171.0,5250,-1050,43,81503501.25,26,F1,75,,,,,
2025-03-19,2025-03-19,FO,NSE,IDO,50274,,NIFTY,,2025-03-20,2025-03-20,23950.0,PE,NIFTY2532023950PE,1068.0,1068.0,1011.1,1022.85,1020.05,1412.6,22907.6,1022.85,2175,-1350,31,58083382.5,10,F1,75,,,,,
2025-03-19,2025-03-19,FO,NSE,IDO,50258,,NIFTY,,2025-03-20,2025-03-20,23750.0,PE,NIFTY2532023750PE,885.85,885.85,810.0,812.05,812.05,940.05,22907.6,812.05,1125,-2025,56,103198732.5,17,F1,75,,,,,
2025-03-19,2025-03-19,FO,NSE,IDO,50216,,NIFTY,,2025-03-20,2025-03-20,22800.0,PE,NIFTY2532022800PE,64.2,82.6,31.7,36.85,33.0,72.2,22907.6,36.85,9208050,2946900,4429118,7590131601056.25,1822768,F1,75,,,,,
2025-03-19,2025-03-19,FO,NSE,IDO,50182,,NIFTY,,2025-03-20,2025-03-20,22400.0,PE,NIFTY2532022400PE,7.9,9.0,3.75,4.55,4.65,10.75,22907.6,4.55,8005650,-447225,1314022,2208071599923.75,307800,F1,75,,,,,
2025-03-19,2025-03-19,FO,NSE,IDO,50166,,NIFTY,,2025-03-20,2025-03-20,22250.0,PE,NIFTY2532022250PE,3.9,3.95,1.9,2.5,2.75,5.7,22907.6,2.5,3388275,-4350,522096,871348885218.75,128617,F1,75,,,,,
2025-03-19,2025-03-19,FO,NSE,IDO,50164,,NIFTY,,2025-03-20,2025-03-20,22200.0,PE,NIFTY2532022200PE,3.75,3.75,1.65,2.2,2.35,4.8,22907.6,2.2,6212325,-295725,920958,1533545045853.75,189480,F1,75,,,,,
2025-03-19,2025-03-19,FO,NSE,IDO,50156,,NIFTY,,2025-03-20,2025-03-20,22100.0,PE,NIFTY2532022100PE,2.65,2.65,1.25,1.8,2.0,3.55,22907.6,1.8,3502950,-1476825,654429,1084796718146.25,120067,F1,75,,,,,
2025-03-19,2025-03-19,FO,NSE,IDO,50104,,NIFTY,,2025-03-20,2025-03-20,21200.0,PE,NIFTY2532021200PE,0.7,1.05,0.4,0.75,1.0,0.9,22907.6,0.75,784200,-984000,104094,165513710977.5,17785,F1,75,,,,,
2025-03-19,2025-03-19,FO,NSE,IDO,50102,,NIFTY,,2025-03-20,2025-03-20,21150.0,PE,NIFTY2532021150PE,0.7,0.95,0.4,0.7,0.7,0.85,22907.6,0.7,129225,-84225,21773,34538288628.75,5672,F1,75,,,,,
2025-03-19,2025-03-19,FO,NSE,IDO,50064,,NIFTY,,2025-03-20,2025-03-20,20550.0,PE,NIFTY2532020550PE,0.6,0.9,0.25,0.55,0.7,0.55,22907.6,0.55,298200,-60075,15808,24364539157.5,3862,F1,75,,,,,
2025-03-19,2025-03-19,FO,NSE,IDO,89634,,NIFTY,,2029-06-28,2029-06-28,26000.0,CE,NIFTY29JUN26000CE,0.0,0.0,0.0,7052.2,0.0,7052.2,22907.6,4270.3,0,0,0,0.0,0,F1,75,,,,,
2025-03-19,2025-03-19,FO,NSE,IDO,89610,,NIFTY,,2029-06-28,2029-06-28,17000.0,CE,NIFTY29JUN17000CE,0.0,0.0,0.0,12333.1,0.0,12333.1,22907.6,10065.15,0,0,0,0.0,0,F1,75,,,,,
2025-03-19,2025-03-19,FO,NSE,IDO,67786,,NIFTY,,2028-12-28,2028-12-28,26000.0,CE,NIFTY28DEC26000CE,0.0,0.0,0.0,4879.7,0.0,4879.7,22907.6,3728.75,0,0,0,0.0,0,F1,75,,,,,
2025-03-19,2025-03-19,FO,NSE,IDO,67772,,NIFTY,,2028-12-28,2028-12-28,19000.0,CE,NIFTY28DEC19000CE,0.0,0.0,0.0,8739.0,0.0,8739.0,22907.6,8137.0,0,0,0,0.0,0,F1,75,,,,,
2025-03-19,2025-03-19,FO,NSE,IDO,86161,,NIFTY,,2028-06-29,2028-06-29,26000.0,CE,NIFTY28JUN26000CE,0.0,0.0,0.0,3200.9,0.0,3200.9,22907.6,3178.8,0,0,0,0.0,0,F1,75,,,,,
2025-03-19,2025-03-19,FO,NSE,IDO,71564,,NIFTY,,2027-06-24,2027-06-24,26000.0,CE,NIFTY27JUN26000CE,0.0,0.0,0.0,1900.85,0.0,1900.85,22907.6,2040.35,0,0,0,0.0,0,F1,75,,,,,
2025-03-19,2025-03-19,FO,NSE,IDO,71558,,NIFTY,,2027-06-24,2027-06-24,23000.0,CE,NIFTY27JUN23000CE,0.0,0.0,0.0,2530.05,0.0,2530.05,22907.6,3641.5,0,0,0,0.0,0,F1,75,,,,,
2025-03-19,2025-03-19,FO,NSE,IDO,71505,,NIFTY,,2026-12-31,2026-12-31,26000.0,CE,NIFTY26DEC26000CE,1335.0,1475.0,1335.0,1438.0,1438.0,1320.0,22907.6,1502.6,2475,-75,6,12336221.25,6,F1,75,,,,,
2025-03-19,2025-03-19,FO,NSE,IDO,50497,,NIFTY,,2026-06-25,2026-06-25,17000.0,CE,NIFTY26JUN17000CE,0.0,0.0,0.0,4348.25,0.0,4348.25,22907.6,7257.75,0,0,0,0.0,0,F1,75,,,,,
2025-03-19,2025-03-19,FO,NSE,IDO,50131,,NIFTY,,2025-03-20,2025-03-20,21650.0,CE,NIFTY2532021650CE,0.0,0.0,0.0,866.5,866.5,866.5,22907.6,1261.45,825,0,0,0.0,0,F1,75,,,,,
2025-03-19,2025-03-19,FO,NSE,IDO,50157,,NIFTY,,2025-03-20,2025-03-20,22150.0,CE,NIFTY2532022150CE,692.55,794.05,678.0,783.3,786.85,701.25,22907.6,783.3,21525,-15450,386,663101253.75,180,F1,75,,,,,
2025-03-19,2025-03-19,FO,NSE,IDO,50194,,NIFTY,,2025-03-20,2025-03-20,22550.0,CE,NIFTY2532022550CE,339.15,414.45,290.5,393.7,391.5,322.2,22907.6,393.7,1066800,-200550,25275,43425775237.5,19429,F1,75,,,,,
2025-03-19,2025-03-19,FO,NSE,IDO,50199,,NIFTY,,2025-03-20,2025-03-20,22600.0,CE,NIFTY2532022600CE,295.0,367.0,247.45,346.9,344.5,275.55,22907.6,346.9,1815375,-419775,125697,216016677442.5,78045,F1,75,,,,,
2025-03-19,2025-03-19,FO,NSE,IDO,50201,,NIFTY,,2025-03-20,2025-03-20,22650.0,CE,NIFTY2532022650CE,255.05,320.25,206.65,300.65,298.1,233.7,22907.6,300.65,1149600,-287625,72915,125336576298.75,50929,F1,75,,,,,
2025-03-19,2025-03-19,FO,NSE,IDO,50237,,NIFTY,,2025-03-20,2025-03-20,23350.0,CE,NIFTY2532023350CE,2.2,2.55,1.4,2.2,2.0,1.7,22907.6,2.2,3224775,966075,853257,1494388981837.5,162887,F1,75,,,,,
2025-03-19,2025-03-19,FO,NSE,IDO,50251,,NIFTY,,2025-03-20,2025-03-20,23650.0,CE,NIFTY2532023650CE,0.5,0.75,0.5,0.65,0.6,0.55,22907.6,0.65,1154700,348450,139741,247872090326.25,25925,F1,75,,,,,
2025-03-19,2025-03-19,FO,NSE,IDO,50287,,NIFTY,,2025-03-20,2025-03-20,24250.0,CE,NIFTY2532024250CE,0.35,0.4,0.2,0.25,0.2,0.3,22907.6,0.25,265650,-16275,20940,38085097965.0,4031,F1,75,,,,,
2025-03-19,2025-03-19,FO,NSE,IDO,46831,,NIFTY,,2025-03-27,2025-03-27,21150.0,CE,NIFTY25MAR21150CE,0.0,0.0,0.0,1731.15,1731.8,1731.15,22907.6,1787.7,1125,0,0,0.0,0,F1,75,,,,,
2025-03-19,2025-03-19,FO,NSE,IDO,46880,,NIFTY,,2025-03-27,2025-03-27,21500.0,CE,NIFTY25MAR21500CE,1445.0,1490.0,1380.0,1475.0,1477.1,1402.75,22907.6,1475.0,691050,-25125,680,1170224936.25,411,F1,75,,,,,
2025-03-19,2025-03-19,FO,NSE,IDO,46928,,NIFTY,,2025-03-27,2025-03-27,21900.0,CE,NIFTY25MAR21900CE,1032.55,1090.65,990.1,1079.75,1082.9,1005.95,22907.6,1079.75,75300,-4500,208,358021822.5,170,F1,75,,,,,
2025-03-19,2025-03-19,FO,NSE,IDO,53976,,NIFTY,,2025-03-27,2025-03-27,23800.0,CE,NIFTY25MAR23800CE,4.0,4.35,3.2,4.15,4.3,3.25,22907.6,4.15,1544550,250275,48326,86275425776.25,17612,F1,75,,,,,
2025-03-19,2025-03-19,FO,NSE,IDO,56528,,NIFTY,,2025-03-27,2025-03-27,24600.0,CE,NIFTY25MAR24600CE,1.0,1.35,0.8,1.15,1.15,0.95,22907.6,1.15,69300,-10800,724,1335834202.5,296,F1,75,,,,,
2025-03-19,2025-03-19,FO,NSE,IDO,54484,,NIFTY,,2025-04-03,2025-04-03,20650.0,CE,NIFTY2540320650CE,0.0,0.0,0.0,2269.8,2269.8,2269.8,22907.6,2312.7,75,0,0,0.0,0,F1,75,,,,,
2025-03-19,2025-03-19,FO,NSE,IDO,54532,,NIFTY,,2025-04-03,2025-04-03,21100.0,CE,NIFTY2540321100CE,0.0,0.0,0.0,1822.3,1822.3,1822.3,22907.6,1864.0,75,0,0,0.0,0,F1,75,,,,,
2025-03-19,2025-03-19,FO,NSE,IDO,54534,,NIFTY,,2025-04-03,2025-04-03,21150.0,CE,NIFTY2540321150CE,0.0,0.0,0.0,1802.35,1802.35,1802.35,22907.6,1814.2,225,0,0,0.0,0,F1,75,,,,,
2025-03-19,2025-03-19,FO,NSE,IDO,54558,,NIFTY,,2025-04-03,2025-04-03,21500.0,CE,NIFTY2540321500CE,1518.0,1526.8,1512.3,1526.6,1526.35,1431.05,22907.6,1526.6,1350,375,8,13811171.25,8,F1,75,,,,,
2025-03-19,2025-03-19,FO,NSE,IDO,54586,,NIFTY,,2025-04-03,2025-04-03,22200.0,CE,NIFTY2540322200CE,780.0,864.7,775.0,858.15,861.9,755.7,22907.6,858.15,2171250,-5625,335,579096266.25,150,F1,75,,,,,
2025-03-19,2025-03-19,FO,NSE,IDO,54594,,NIFTY,,2025-04-03,2025-04-03,22400.0,CE,NIFTY2540322400CE,642.2,689.0,594.0,678.2,681.0,611.65,22907.6,678.2,1212975,-300,356,615686700.0,160,F1,75,,,,,
2025-03-19,2025-03-19,FO,NSE,IDO,54636,,NIFTY,,2025-04-03,2025-04-03,22950.0,CE,NIFTY2540322950CE,230.0,273.65,215.95,263.5,262.3,224.0,22907.6,263.5,28425,4650,1888,3285492386.25,1415,F1,75,,,,,
2025-03-19,2025-03-19,FO,NSE,IDO,54667,,NIFTY,,2025-04-03,2025-04-03,23250.0,CE,NIFTY2540323250CE,99.0,125.45,91.25,118.55,117.85,95.35,22907.6,118.55,21450,1425,1738,3045329220.0,1138,F1,75,,,,,
2025-03-19,2025-03-19,FO,NSE,IDO,54839,,NIFTY,,2025-04-03,2025-04-03,24150.0,CE,NIFTY2540324150CE,5.3,9.0,5.0,5.2,5.25,4.45,22907.6,5.2,8400,2625,325,588793616.25,111,F1,75,,,,,
2025-03-19,2025-03-19,FO,NSE,IDO,54850,,NIFTY,,2025-04-03,2025-04-03,24400.0,CE,NIFTY2540324400CE,4.9,4.9,3.35,3.65,3.65,2.9,22907.6,3.65,28875,21525,587,1074370035.0,213,F1,75,,,,,
2025-03-19,2025-03-19,FO,NSE,IDO,54862,,NIFTY,,2025-04-03,2025-04-03,24600.0,CE,NIFTY2540324600CE,2.9,3.1,2.5,2.9,3.0,2.65,22907.6,2.9,130275,13950,789,1455873221.25,276,F1,75,,,,,
2025-03-19,2025-03-19,FO,NSE,IDO,43808,,NIFTY,,2025-04-09,2025-04-09,21250.0,CE,NIFTY2540921250CE,0.0,0.0,0.0,1479.8,0.0,1479.8,22907.6,1738.4,0,0,0,0.0,0,F1,75,,,,,
2025-03-19,2025-03-19,FO,NSE,IDO,43810,,NIFTY,,2025-04-09,2025-04-09,21300.0,CE,NIFTY2540921300CE,0.0,0.0,0.0,1434.95,0.0,1434.95,22907.6,1688.95,0,0,0,0.0,0,F1,75,,,,,
2025-03-19,2025-03-19,FO,NSE,IDO,43822,,NIFTY,,2025-04-09,2025-04-09,21600.0,CE,NIFTY2540921600CE,0.0,0.0,0.0,1175.3,0.0,1175.3,22907.6,1394.65,0,0,0,0.0,0,F1,75,,,,,
2025-03-19,2025-03-19,FO,NSE,IDO,43860,,NIFTY,,2025-04-09,2025-04-09,22550.0,CE,NIFTY2540922550CE,610.7,610.7,610.7,610.7,610.7,306.5,22907.6,610.7,150,0,1,1737052.5,1,F1,75,,,,,
2025-03-19,2025-03-19,FO,NSE,IDO,43906,,NIFTY,,2025-04-09,2025-04-09,23450.0,CE,NIFTY2540923450CE,0.0,0.0,0.0,33.9,33.9,33.9,22907.6,119.7,1800,0,0,0.0,0,F1,75,,,,,
2025-03-19,2025-03-19,FO,NSE,IDO,43923,,NIFTY,,2025-04-09,2025-04-09,23800.0,CE,NIFTY2540923800CE,33.9,45.95,22.85,37.8,39.0,31.0,22907.6,37.8,17625,3000,325,581022836.25,205,F1,75,,,,,
2025-03-19,2025-03-19,FO,NSE,IDO,43932,,NIFTY,,2025-04-09,2025-04-09,23950.0,CE,NIFTY2540923950CE,27.35,27.35,27.35,27.35,27.35,10.8,22907.6,27.35,750,75,1,1798301.25,1,F1,75,,,,,
2025-03-19,2025-03-19,FO,NSE,IDO,43938,,NIFTY,,2025-04-09,2025-04-09,24100.0,CE,NIFTY2540924100CE,14.5,16.2,13.55,14.5,15.1,14.5,22907.6,14.5,10350,9150,158,285759536.25,47,F1,75,,,,,
2025-03-19,2025-03-19,FO,NSE,IDO,43954,,NIFTY,,2025-04-09,2025-04-09,24500.0,CE,NIFTY2540924500CE,6.95,8.2,5.25,6.6,6.6,28.4,22907.6,6.6,4650,4650,152,279373908.75,90,F1,75,,,,,
2025-03-19,2025-03-19,FO,NSE,IDO,48090,,NIFTY,,2025-04-17,2025-04-17,21250.0,CE,NIFTY2541721250CE,0.0,0.0,0.0,1331.65,0.0,1331.65,22907.6,1771.6,0,0,0,0.0,0,F1,75,,,,,
2025-03-19,2025-03-19,FO,NSE,IDO,48104,,NIFTY,,2025-04-17,2025-04-17,21550.0,CE,NIFTY2541721550CE,0.0,0.0,0.0,1075.25,0.0,1075.25,22907.6,1481.05,0,0,0,0.0,0,F1,75,,,,,
2025-03-19,2025-03-19,FO,NSE,IDO,48110,,NIFTY,,2025-04-17,2025-04-17,21700.0,CE,NIFTY2541721700CE,0.0,0.0,0.0,955.25,0.0,955.25,22907.6,1339.0,0,0,0,0.0,0,F1,75,,,,,
2025-03-19,2025-03-19,FO,NSE,IDO,48114,,NIFTY,,2025-04-17,2025-04-17,21800.0,CE,NIFTY2541721800CE,0.0,0.0,0.0,878.75,0.0,878.75,22907.6,1246.0,0,0,0,0.0,0,F1,75,,,,,
2025-03-19,2025-03-19,FO,NSE,IDO,48130,,NIFTY,,2025-04-17,2025-04-17,22100.0,CE,NIFTY2541722100CE,0.0,0.0,0.0,668.15,0.0,668.15,22907.6,978.6,0,0,0,0.0,0,F1,75,,,,,
2025-03-19,2025-03-19,FO,NSE,IDO,48170,,NIFTY,,2025-04-17,2025-04-17,22400.0,CE,NIFTY2541722400CE,786.6,786.6,766.7,766.7,766.7,670.0,22907.6,735.3,225,-300,6,10429173.75,4,F1,75,,,,,
2025-03-19,2025-03-19,FO,NSE,IDO,48180,,NIFTY,,2025-04-17,2025-04-17,22600.0,CE,NIFTY2541722600CE,644.5,644.5,644.5,644.5,644.5,537.95,22907.6,590.85,975,75,1,1743337.5,1,F1,75,,,,,
2025-03-19,2025-03-19,FO,NSE,IDO,48259,,NIFTY,,2025-04-17,2025-04-17,23450.0,CE,NIFTY2541723450CE,0.0,0.0,0.0,118.4,0.0,118.4,22907.6,173.15,0,0,0,0.0,0,F1,75,,,,,
2025-03-19,2025-03-19,FO,NSE,IDO,48289,,NIFTY,,2025-04-17,2025-04-17,23800.0,CE,NIFTY2541723800CE,58.25,72.75,58.25,60.0,60.0,52.0,22907.6,89.2,2325,1125,21,37591612.5,8,F1,75,,,,,
2025-03-19,2025-03-19,FO,NSE,IDO,79260,,NIFTY,,2025-04-24,2025-04-24,21600.0,CE,NIFTY25APR21600CE,1507.0,1554.9,1481.9,1547.95,1547.95,1472.9,22907.6,1468.55,4575,3075,46,79809555.0,34,F1,75,,,,,
2025-03-19,2025-03-19,FO,NSE,IDO,79390,,NIFTY,,2025-04-24,2025-04-24,22450.0,CE,NIFTY25APR22450CE,791.7,830.3,791.7,823.9,823.9,755.05,22907.6,823.9,38250,-975,34,59297006.25,31,F1,75,,,,,
2025-03-19,2025-03-19,FO,NSE,IDO,79396,,NIFTY,,2025-04-24,2025-04-24,22600.0,CE,NIFTY25APR22600CE,653.95,716.4,629.25,701.6,716.4,637.2,22907.6,701.6,173850,-21900,1477,2578553985.0,1053,F1,75,,,,,
2025-03-19,2025-03-19,FO,NSE,IDO,71399,,NIFTY,,2025-12-24,2025-12-24,26000.0,CE,NIFTY25DEC26000CE,338.15,355.0,326.1,348.25,345.0,327.45,22907.6,348.25,312175,9000,813,1606330158.75,626,F1,75,,,,,
2025-03-19,2025-03-19,FO,NSE,IDO,53607,,NIFTY,,2027-12-30,2027-12-30,20000.0,CE,NIFTY27DEC20000CE,0.0,0.0,0.0,5333.85,0.0,5333.85,22907.6,6363.1,0,0,0,0.0,0,F1,75,,,,,
2025-03-19,2025-03-19,FO,NSE,IDO,67770,,NIFTY,,2028-12-28,2028-12-28,18000.0,CE,NIFTY28DEC18000CE,0.0,0.0,0.0,9380.3,0.0,9380.3,22907.6,8880.95,0,0,0,0.0,0,F1,75,,,,,
2025-03-19,2025-03-19,FO,NSE,IDO,67780,,NIFTY,,2028-12-28,2028-12-28,23000.0,CE,NIFTY28DEC23000CE,0.0,0.0,0.0,6377.6,0.0,6377.6,22907.6,5402.6,0,0,0,0.0,0,F1,75,,,,,
2025-03-19,2025-03-19,FO,NSE,IDO,89626,,NIFTY,,2029-06-28,2029-06-28,22000.0,CE,NIFTY29JUN22000CE,0.0,0.0,0.0,9207.9,0.0,9207.9,22907.6,6569.5,0,0,0,0.0,0,F1,75,,,,,
2025-03-19,2025-03-19,FO,NSE,IDO,61744,,NIFTY,,2029-12-27,2029-12-27,22000.0,CE,NIFTY29DEC22000CE,0.0,0.0,0.0,8865.25,0.0,8865.25,22907.6,7081.05,0,0,0,0.0,0,F1,75,,,,,
2025-03-19,2025-03-19,FO,NSE,IDO,61858,,NIFTY,,2029-12-27,2029-12-27,28000.0,CE,NIFTY29DEC28000CE,0.0,0.0,0.0,5741.5,0.0,5741.5,22907.6,3862.45,0,0,0,0.0,0,F1,75,,,,,
2025-03-19,2025-03-19,FO,NSE,IDO,50074,,NIFTY,,2025-03-20,2025-03-20,20800.0,PE,NIFTY2532020800PE,0.65,0.75,0.35,0.65,0.6,0.7,22907.6,0.65,1340250,-301350,52752,82295023987.5,9398,F1,75,,,,,
2025-03-19,2025-03-19,FO,NSE,IDO,50092,,NIFTY,,2025-03-20,2025-03-20,21000.0,PE,NIFTY2532021000PE,0.8,0.8,0.35,0.6,0.75,0.8,22907.6,0.6,4248450,-2038350,214976,338595243712.5,38112,F1,75,,,,,
2025-03-19,2025-03-19,FO,NSE,IDO,50118,,NIFTY,,2025-03-20,2025-03-20,21400.0,PE,NIFTY2532021400PE,0.85,1.15,0.45,0.8,1.0,1.15,22907.6,0.8,1191450,-1924125,201001,322615746030.0,38442,F1,75,,,,,
2025-03-19,2025-03-19,FO,NSE,IDO,50138,,NIFTY,,2025-03-20,2025-03-20,21800.0,PE,NIFTY2532021800PE,1.55,1.55,0.7,1.15,1.35,2.0,22907.6,1.15,3897750,-3484725,607140,992718394151.25,98117,F1,75,,,,,
2025-03-19,2025-03-19,FO,NSE,IDO,50195,,NIFTY,,2025-03-20,2025-03-20,22550.0,PE,NIFTY2532022550PE,19.1,21.3,8.05,9.8,9.1,21.35,22907.6,9.8,4384500,8700,1319419,2232611925232.5,360916,F1,75,,,,,
2025-03-19,2025-03-19,FO,NSE,IDO,50220,,NIFTY,,2025-03-20,2025-03-20,22900.0,PE,NIFTY2532022900PE,88.05,134.0,58.65,65.0,60.65,114.0,22907.6,65.0,7484925,5566950,5250513,9049103105325.0,2736871,F1,75,,,,,
2025-03-19,2025-03-19,FO,NSE,IDO,50236,,NIFTY,,2025-03-20,2025-03-20,23300.0,PE,NIFTY2532023300PE,434.35,478.25,349.05,370.4,369.0,452.95,22907.6,370.4,40500,21525,8107,14404499167.5,5301,F1,75,,,,,
2025-03-19,2025-03-19,FO,NSE,IDO,50250,,NIFTY,,2025-03-20,2025-03-20,23600.0,PE,NIFTY2532023600PE,711.65,780.85,658.0,665.2,666.0,741.0,22907.6,665.2,24525,-3150,199,362579756.25,102,F1,75,,,,,
2025-03-19,2025-03-19,FO,NSE,IDO,46803,,NIFTY,,2025-03-27,2025-03-27,20700.0,PE,NIFTY25MAR20700PE,1.85,2.75,1.25,2.1,2.75,2.15,22907.6,2.1,230775,-28050,3676,5707469088.75,1379,F1,75,,,,,
2025-03-19,2025-03-19,FO,NSE,IDO,46818,,NIFTY,,2025-03-27,2025-03-27,20850.0,PE,NIFTY25MAR20850PE,1.8,2.9,1.55,2.4,2.6,2.45,22907.6,2.4,33900,8325,1126,1760955570.0,566,F1,75,,,,,
2025-03-19,2025-03-19,FO,NSE,IDO,46886,,NIFTY,,2025-03-27,2025-03-27,21550.0,PE,NIFTY25MAR21550PE,7.25,7.25,3.65,4.5,5.0,5.85,22907.6,4.5,415500,199875,14035,22688475596.25,6413,F1,75,,,,,
2025-03-19,2025-03-19,FO,NSE,IDO,46996,,NIFTY,,2025-03-27,2025-03-27,22450.0,PE,NIFTY25MAR22450PE,48.0,52.5,33.05,35.9,35.45,49.9,22907.6,35.9,629100,105300,34173,57639478128.75,20946,F1,75,,,,,
2025-03-19,2025-03-19,FO,NSE,IDO,47021,,NIFTY,,2025-03-27,2025-03-27,22600.0,PE,NIFTY25MAR22600PE,67.45,80.85,51.85,54.75,55.0,77.05,22907.6,54.75,3172650,284325,110956,188578841460.0,57242,F1,75,,,,,
2025-03-19,2025-03-19,FO,NSE,IDO,51400,,NIFTY,,2025-03-27,2025-03-27,23500.0,PE,NIFTY25MAR23500PE,599.95,641.7,524.25,542.1,539.2,616.15,22907.6,542.1,1143600,14025,7347,13257337222.5,4922,F1,75,,,,,
2025-03-19,2025-03-19,FO,NSE,IDO,53847,,NIFTY,,2025-03-27,2025-03-27,23750.0,PE,NIFTY25MAR23750PE,0.0,0.0,0.0,867.0,842.8,867.0,22907.6,815.55,15825,0,0,0.0,0,F1,75,,,,,
2025-03-19,2025-03-19,FO,NSE,IDO,53979,,NIFTY,,2025-03-27,2025-03-27,23800.0,PE,NIFTY25MAR23800PE,887.85,926.0,818.0,823.1,827.1,901.55,22907.6,823.1,166650,70575,1154,2131612912.5,476,F1,75,,,,,
2025-03-19,2025-03-19,FO,NSE,IDO,56527,,NIFTY,,2025-03-27,2025-03-27,24550.0,PE,NIFTY25MAR24550PE,1638.4,1638.4,1638.4,1638.4,1638.4,1635.0,22907.6,1607.5,2100,-150,2,3928260.0,1,F1,75,,,,,
2025-03-19,2025-03-19,FO,NSE,IDO,56873,,NIFTY,,2025-03-27,2025-03-27,25200.0,PE,NIFTY25MAR25200PE,2219.25,2240.0,2219.25,2222.45,2222.45,2355.0,22907.6,2222.45,22800,75,8,16455198.75,8,F1,75,,,,,
2025-03-19,2025-03-19,FO,NSE,IDO,61773,,NIFTY,,2029-12-27,2029-12-27,25000.0,PE,NIFTY29DEC25000PE,0.0,0.0,0.0,785.3,0.0,785.3,22907.6,742.25,0,0,0,0.0,0,F1,75,,,,,
2025-03-19,2025-03-19,FO,NSE,IDO,89627,,NIFTY,,2029-06-28,2029-06-28,22000.0,PE,NIFTY29JUN22000PE,0.0,0.0,0.0,422.0,0.0,422.0,22907.6,319.7,0,0,0,0.0,0,F1,75,,,,,
2025-03-19,2025-03-19,FO,NSE,IDO,89615,,NIFTY,,2029-06-28,2029-06-28,19000.0,PE,NIFTY29JUN19000PE,0.0,0.0,0.0,170.3,0.0,170.3,22907.6,89.85,0,0,0,0.0,0,F1,75,,,,,
2025-03-19,2025-03-19,FO,NSE,IDO,67771,,NIFTY,,2028-12-28,2028-12-28,18000.0,PE,NIFTY28DEC18000PE,0.0,0.0,0.0,104.65,0.0,104.65,22907.6,51.45,0,0,0,0.0,0,F1,75,,,,,
2025-03-19,2025-03-19,FO,NSE,IDO,86162,,NIFTY,,2028-06-29,2028-06-29,26000.0,PE,NIFTY28JUN26000PE,0.0,0.0,0.0,2370.3,0.0,2370.3,22907.6,1276.05,0,0,0,0.0,0,F1,75,,,,,
2025-03-19,2025-03-19,FO,NSE,IDO,86148,,NIFTY,,2028-06-29,2028-06-29,22000.0,PE,NIFTY28JUN22000PE,0.0,0.0,0.0,520.05,520.05,520.05,22907.6,357.1,100,0,0,0.0,0,F1,75,,,,,
2025-03-19,2025-03-19,FO,NSE,IDO,86142,,NIFTY,,2028-06-29,2028-06-29,19000.0,PE,NIFTY28JUN19000PE,0.0,0.0,0.0,537.45,0.0,537.45,22907.6,87.4,0,0,0,0.0,0,F1,75,,,,,
2025-03-19,2025-03-19,FO,NSE,IDO,38165,,NIFTY,,2027-12-30,2027-12-30,29000.0,PE,NIFTY27DEC29000PE,0.0,0.0,0.0,4227.5,0.0,4227.5,22907.6,2777.75,0,0,0,0.0,0,F1,75,,,,,
2025-03-19,2025-03-19,FO,NSE,IDO,53619,,NIFTY,,2027-12-30,2027-12-30,23000.0,PE,NIFTY27DEC23000PE,0.0,0.0,0.0,899.15,899.15,899.15,22907.6,551.65,1950,0,0,0.0,0,F1,75,,,,,
2025-03-19,2025-03-19,FO,NSE,IDO,53606,,NIFTY,,2027-12-30,2027-12-30,19000.0,PE,NIFTY27DEC19000PE,0.0,0.0,0.0,299.95,299.95,299.95,22907.6,82.55,525,0,0,0.0,0,F1,75,,,,,
2025-03-19,2025-03-19,FO,NSE,IDO,50550,,NIFTY,,2027-06-24,2027-06-24,28000.0,PE,NIFTY27JUN28000PE,0.0,0.0,0.0,5959.35,0.0,5959.35,22907.6,2560.75,0,0,0,0.0,0,F1,75,,,,,
2025-03-19,2025-03-19,FO,NSE,IDO,71561,,NIFTY,,2027-06-24,2027-06-24,24000.0,PE,NIFTY27JUN24000PE,0.0,0.0,0.0,5056.2,0.0,5056.2,22907.6,846.95,0,0,0,0.0,0,F1,75,,,,,
2025-03-19,2025-03-19,FO,NSE,IDO,71506,,NIFTY,,2026-12-31,2026-12-31,26000.0,PE,NIFTY26DEC26000PE,1831.05,1831.05,1831.05,1831.05,1831.05,2000.0,22907.6,1744.8,2150,0,1,2087328.75,1,F1,75,,,,,
2025-03-19,2025-03-19,FO,NSE,IDO,71504,,NIFTY,,2026-12-31,2026-12-31,25000.0,PE,NIFTY26DEC25000PE,1480.0,1480.0,1480.0,1480.0,1480.0,1500.0,22907.6,1286.3,1725,75,1,1986000.0,1,F1,75,,,,,
2025-03-19,2025-03-19,FO,NSE,IDO,71473,,NIFTY,,2026-06-25,2026-06-25,24000.0,PE,NIFTY26JUN24000PE,0.0,0.0,0.0,1103.0,1103.0,1103.0,22907.6,970.2,675,0,0,0.0,0,F1,75,,,,,
2025-03-19,2025-03-19,FO,NSE,IDO,50557,,NIFTY,,2026-06-25,2026-06-25,18000.0,PE,NIFTY26JUN18000PE,0.0,0.0,0.0,3088.05,0.0,3088.05,22907.6,15.25,0,0,0,0.0,0,F1,75,,,,,
2025-03-19,2025-03-19,FO,NSE,IDO,37802,,NIFTY,,2026-06-25,2026-06-25,13000.0,PE,NIFTY26JUN13000PE,0.0,0.0,0.0,21.6,21.6,21.6,22907.6,0.05,200,0,0,0.0,0,F1,75,,,,,
2025-03-19,2025-03-19,FO,NSE,IDO,71394,,NIFTY,,2025-12-24,2025-12-24,24000.0,PE,NIFTY25DEC24000PE,1004.05,1011.2,967.1,979.35,976.05,1006.9,22907.6,979.35,837050,-5225,726,1360412366.25,609,F1,75,,,,,
2025-03-19,2025-03-19,FO,NSE,IDO,49180,,NIFTY,,2025-12-24,2025-12-24,16500.0,PE,NIFTY25DEC16500PE,0.0,0.0,0.0,20.3,20.3,20.3,22907.6,0.3,2750,0,0,0.0,0,F1,75,,,,,
2025-03-19,2025-03-19,FO,NSE,IDO,64685,,NIFTY,,2025-09-25,2025-09-25,20000.0,PE,NIFTY25SEP20000PE,0.0,0.0,0.0,22.8,0.0,22.8,22907.6,30.25,0,0,0,0.0,0,F1,75,,,,,
2025-03-19,2025-03-19,FO,NSE,IDO,50538,,NIFTY,,2025-06-26,2025-06-26,28000.0,PE,NIFTY25JUN28000PE,0.0,0.0,0.0,7207.55,0.0,7207.55,22907.6,4605.15,0,0,0,0.0,0,F1,75,,,,,
2025-03-19,2025-03-19,FO,NSE,IDO,71380,,NIFTY,,2025-06-26,2025-06-26,24000.0,PE,NIFTY25JUN24000PE,978.45,1003.85,934.0,946.75,940.15,1003.5,22907.6,946.75,834725,-69925,3126,5851102042.5,2201,F1,75,,,,,
2025-03-19,2025-03-19,FO,NSE,IDO,61672,,NIFTY,,2025-05-29,2025-05-29,24200.0,PE,NIFTY25MAY24200PE,1128.15,1148.1,1011.45,1011.45,1011.45,1195.0,22907.6,1011.45,19725,18525,257,487409628.75,253,F1,75,,,,,
2025-03-19,2025-03-19,FO,NSE,IDO,61662,,NIFTY,,2025-05-29,2025-05-29,23950.0,PE,NIFTY25MAY23950PE,0.0,0.0,0.0,985.0,985.0,985.0,22907.6,990.85,525,0,0,0.0,0,F1,75,,,,,
2025-03-19,2025-03-19,FO,NSE,IDO,61528,,NIFTY,,2025-05-29,2025-05-29,23050.0,PE,NIFTY25MAY23050PE,430.0,430.0,430.0,430.0,430.0,470.0,22907.6,460.6,600,150,2,3522000.0,2,F1,75,,,,,
2025-03-19,2025-03-19,FO,NSE,IDO,61484,,NIFTY,,2025-05-29,2025-05-29,21950.0,PE,NIFTY25MAY21950PE,0.0,0.0,0.0,162.15,162.15,162.15,22907.6,119.0,1650,0,0,0.0,0,F1,75,,,,,
2025-03-19,2025-03-19,FO,NSE,IDO,61372,,NIFTY,,2025-05-29,2025-05-29,21150.0,PE,NIFTY25MAY21150PE,0.0,0.0,0.0,91.8,91.8,91.8,22907.6,30.6,750,0,0,0.0,0,F1,75,,,,,
2025-03-19,2025-03-19,FO,NSE,IDO,61322,,NIFTY,,2025-05-29,2025-05-29,20350.0,PE,NIFTY25MAY20350PE,31.7,37.7,26.35,29.9,26.55,30.15,22907.6,29.9,10650,1275,28,42800103.75,16,F1,75,,,,,
2025-03-19,2025-03-19,FO,NSE,IDO,79738,,NIFTY,,2025-04-24,2025-04-24,25250.0,PE,NIFTY25APR25250PE,0.0,0.0,0.0,2604.7,2604.7,2604.7,22907.6,2186.05,225,0,0,0.0,0,F1,75,,,,,
