TradDt,BizDt,Sgmt,Src,FinInstrmTp,FinInstrmId,ISIN,TckrSymb,SctySrs,XpryDt,FininstrmActlXpryDt,StrkPric,OptnTp,FinInstrmNm,OpnPric,HghPric,LwPric,ClsPric,LastPric,PrvsClsgPric,UndrlygPric,SttlmPric,OpnIntrst,ChngInOpnIntrst,TtlTradgVol,TtlTrfVal,TtlNbOfTxsExctd,SsnId,NewBrdLotQty,Rmks,Rsvd1,Rsvd2,Rsvd3,Rsvd4
2025-02-28,2025-02-28,FO,NSE,IDO,61469,,NIFTY,,2025-05-29,2025-05-29,21750.0,CE,NIFTY25MAY21750CE,0.0,0.0,0.0,1437.0,0.0,1437.0,22124.7,1007.1,0,0,0,0.0,0,F1,75,,,,,
2025-02-28,2025-02-28,FO,NSE,IDO,79750,,NIFTY,,2025-04-24,2025-04-24,25500.0,CE,NIFTY25APR25500CE,11.45,15.0,9.05,10.95,10.25,11.8,22124.7,10.95,182100,-12900,813,1555540016.25,497,F1,75,,,,,
2025-02-28,2025-02-28,FO,NSE,IDO,79746,,NIFTY,,2025-04-24,2025-04-24,25400.0,CE,NIFTY25APR25400CE,11.8,13.4,10.0,11.1,11.05,10.85,22124.7,11.1,2475,150,19,36211215.0,16,F1,75,,,,,
2025-02-28,2025-02-28,FO,NSE,IDO,79490,,NIFTY,,2025-04-24,2025-04-24,23450.0,CE,NIFTY25APR23450CE,138.1,138.1,88.85,92.2,91.0,340.0,22124.7,92.2,7500,450,301,531737313.75,110,F1,75,,,,,
2025-02-28,2025-02-28,FO,NSE,IDO,79403,,NIFTY,,2025-04-24,2025-04-24,22700.0,CE,NIFTY25APR22700CE,445.35,445.35,304.1,318.75,315.8,524.55,22124.7,318.75,88050,56400,1979,3423094863.75,1277,F1,75,,,,,
2025-02-28,2025-02-28,FO,NSE,IDO,79386,,NIFTY,,2025-04-24,2025-04-24,22400.0,CE,NIFTY25APR22400CE,517.0,518.3,447.0,465.1,461.8,1474.75,22124.7,465.1,33450,33450,820,1406444388.75,566,F1,75,,,,,
2025-02-28,2025-02-28,FO,NSE,IDO,54864,,NIFTY,,2025-04-03,2025-04-03,24650.0,CE,NIFTY2540324650CE,10.8,13.5,5.15,8.95,9.5,10.8,22124.7,8.95,4050,-75,22,40690413.75,22,F1,75,,,,,
2025-02-28,2025-02-28,FO,NSE,IDO,54858,,NIFTY,,2025-04-03,2025-04-03,24500.0,CE,NIFTY2540324500CE,12.95,13.15,10.4,10.6,10.65,13.0,22124.7,10.6,1275,1050,307,564377411.25,209,F1,75,,,,,
2025-02-28,2025-02-28,FO,NSE,IDO,54845,,NIFTY,,2025-04-03,2025-04-03,24300.0,CE,NIFTY2540324300CE,0.0,0.0,0.0,119.85,0.0,119.85,22124.7,5.35,0,0,0,0.0,0,F1,75,,,,,
2025-02-28,2025-02-28,FO,NSE,IDO,54712,,NIFTY,,2025-04-03,2025-04-03,23500.0,CE,NIFTY2540323500CE,60.15,60.15,35.0,37.65,35.35,71.6,22124.7,37.65,8700,3675,575,1015083791.25,292,F1,75,,,,,
2025-02-28,2025-02-28,FO,NSE,IDO,54646,,NIFTY,,2025-04-03,2025-04-03,23150.0,CE,NIFTY2540323150CE,0.0,0.0,0.0,471.5,0.0,471.5,22124.7,82.6,0,0,0,0.0,0,F1,75,,,,,
2025-02-28,2025-02-28,FO,NSE,IDO,54584,,NIFTY,,2025-04-03,2025-04-03,22150.0,CE,NIFTY2540322150CE,0.0,0.0,0.0,1096.65,0.0,1096.65,22124.7,416.3,0,0,0,0.0,0,F1,75,,,,,
2025-02-28,2025-02-28,FO,NSE,IDO,54542,,NIFTY,,2025-04-03,2025-04-03,21350.0,CE,NIFTY2540321350CE,0.0,0.0,0.0,1777.15,0.0,1777.15,22124.7,974.35,0,0,0,0.0,0,F1,75,,,,,
2025-02-28,2025-02-28,FO,NSE,IDO,54532,,NIFTY,,2025-04-03,2025-04-03,21100.0,CE,NIFTY2540321100CE,0.0,0.0,0.0,2009.7,0.0,2009.7,22124.7,1191.3,0,0,0,0.0,0,F1,75,,,,,
2025-02-28,2025-02-28,FO,NSE,IDO,55199,,NIFTY,,2025-03-27,2025-03-27,24350.0,CE,NIFTY25MAR24350CE,5.35,7.45,5.0,7.3,7.2,7.6,22124.7,7.3,25350,-75,884,1614836947.5,432,F1,75,,,,,
2025-02-28,2025-02-28,FO,NSE,IDO,51399,,NIFTY,,2025-03-27,2025-03-27,23500.0,CE,NIFTY25MAR23500CE,39.8,39.9,21.05,22.65,21.45,48.2,22124.7,22.65,3007425,-637350,105922,186894024285.0,41469,F1,75,,,,,
2025-02-28,2025-02-28,FO,NSE,IDO,51120,,NIFTY,,2025-03-27,2025-03-27,23350.0,CE,NIFTY25MAR23350CE,46.8,51.6,27.9,29.85,29.0,71.55,22124.7,29.85,142125,65100,4587,8045169371.25,2919,F1,75,,,,,
2025-02-28,2025-02-28,FO,NSE,IDO,47014,,NIFTY,,2025-03-27,2025-03-27,22550.0,CE,NIFTY25MAR22550CE,379.6,379.6,177.75,191.45,188.0,388.35,22124.7,191.45,169350,43350,5071,8660826558.75,3484,F1,75,,,,,
2025-02-28,2025-02-28,FO,NSE,IDO,46958,,NIFTY,,2025-03-27,2025-03-27,22100.0,CE,NIFTY25MAR22100CE,569.95,575.3,395.0,419.4,418.0,704.9,22124.7,419.4,162825,116925,7663,12950559472.5,5893,F1,75,,,,,
2025-02-28,2025-02-28,FO,NSE,IDO,46825,,NIFTY,,2025-03-27,2025-03-27,20950.0,CE,NIFTY25MAR20950CE,1357.05,1357.3,1355.6,1356.5,1357.3,3206.4,22124.7,1356.5,600,600,8,13383892.5,8,F1,75,,,,,
2025-02-28,2025-02-28,FO,NSE,IDO,46816,,NIFTY,,2025-03-27,2025-03-27,20850.0,CE,NIFTY25MAR20850CE,1451.3,1454.6,1451.3,1453.2,1453.75,3300.75,22124.7,1453.2,600,600,8,13381905.0,8,F1,75,,,,,
2025-02-28,2025-02-28,FO,NSE,IDO,50303,,NIFTY,,2025-03-20,2025-03-20,24500.0,CE,NIFTY2532024500CE,4.5,4.5,3.7,4.2,4.25,4.5,22124.7,4.2,11925,-450,85,156213956.25,31,F1,75,,,,,
2025-02-28,2025-02-28,FO,NSE,IDO,50287,,NIFTY,,2025-03-20,2025-03-20,24250.0,CE,NIFTY2532024250CE,6.75,6.75,6.75,6.75,6.75,6.85,22124.7,0.5,1125,75,1,1819256.25,1,F1,75,,,,,
2025-02-28,2025-02-28,FO,NSE,IDO,50135,,NIFTY,,2025-03-20,2025-03-20,21750.0,CE,NIFTY2532021750CE,600.8,600.8,600.8,600.8,600.8,1483.4,22124.7,600.8,75,75,1,1676310.0,1,F1,75,,,,,
2025-02-28,2025-02-28,FO,NSE,IDO,50121,,NIFTY,,2025-03-20,2025-03-20,21500.0,CE,NIFTY2532021500CE,807.7,807.7,807.7,807.7,807.7,1710.5,22124.7,807.7,75,75,1,1673077.5,1,F1,75,,,,,
2025-02-28,2025-02-28,FO,NSE,IDO,45478,,NIFTY,,2025-03-13,2025-03-13,22750.0,CE,NIFTY2531322750CE,100.05,100.4,36.1,40.05,38.6,144.9,22124.7,40.05,95175,57525,10888,18619626555.0,7140,F1,75,,,,,
2025-02-28,2025-02-28,FO,NSE,IDO,45460,,NIFTY,,2025-03-13,2025-03-13,22350.0,CE,NIFTY2531322350CE,280.05,288.5,139.15,154.8,152.1,382.2,22124.7,154.8,116700,93750,11396,19258996320.0,8090,F1,75,,,,,
2025-02-28,2025-02-28,FO,NSE,IDO,45458,,NIFTY,,2025-03-13,2025-03-13,22300.0,CE,NIFTY2531322300CE,350.35,350.35,160.3,176.7,173.2,418.65,22124.7,176.7,421275,396900,31554,53273846261.25,20350,F1,75,,,,,
2025-02-28,2025-02-28,FO,NSE,IDO,45438,,NIFTY,,2025-03-13,2025-03-13,21950.0,CE,NIFTY2531321950CE,526.0,526.0,360.45,385.95,383.4,998.6,22124.7,385.95,11850,11775,418,700660781.25,334,F1,75,,,,,
2025-02-28,2025-02-28,FO,NSE,IDO,45408,,NIFTY,,2025-03-13,2025-03-13,21350.0,CE,NIFTY2531321350CE,874.7,874.7,874.7,874.7,874.7,1567.75,22124.7,840.0,150,75,1,1666852.5,1,F1,75,,,,,
2025-02-28,2025-02-28,FO,NSE,IDO,68654,,NIFTY,,2025-03-06,2025-03-06,25000.0,CE,NIFTY2530625000CE,0.9,1.3,0.85,1.0,1.0,1.1,22124.7,1.0,2498100,1274475,176297,330570429450.0,26171,F1,75,,,,,
2025-02-28,2025-02-28,FO,NSE,IDO,68578,,NIFTY,,2025-03-06,2025-03-06,23600.0,CE,NIFTY2530623600CE,1.5,1.85,1.15,1.3,1.45,1.7,22124.7,1.3,1596075,254925,228436,404355703886.25,45337,F1,75,,,,,
2025-02-28,2025-02-28,FO,NSE,IDO,68474,,NIFTY,,2025-03-06,2025-03-06,23150.0,CE,NIFTY2530623150CE,6.0,6.0,2.05,2.2,2.05,6.5,22124.7,2.2,1484400,683400,246820,428591845372.5,66577,F1,75,,,,,
2025-02-28,2025-02-28,FO,NSE,IDO,68434,,NIFTY,,2025-03-06,2025-03-06,22400.0,CE,NIFTY2530622400CE,200.0,205.95,51.3,59.65,55.0,268.8,22124.7,59.65,5040825,4538850,1432735,2416313236710.0,757049,F1,75,,,,,
2025-02-28,2025-02-28,FO,NSE,IDO,68415,,NIFTY,,2025-03-06,2025-03-06,21950.0,CE,NIFTY2530621950CE,486.0,496.0,270.0,299.6,292.5,941.0,22124.7,299.6,120000,119850,15748,26290433932.5,11249,F1,75,,,,,
2025-02-28,2025-02-28,FO,NSE,IDO,68407,,NIFTY,,2025-03-06,2025-03-06,21800.0,CE,NIFTY2530621800CE,621.05,637.4,385.1,418.4,411.3,795.65,22124.7,418.4,191250,180825,15179,25330943388.75,8665,F1,75,,,,,
2025-02-28,2025-02-28,FO,NSE,IDO,68395,,NIFTY,,2025-03-06,2025-03-06,21500.0,CE,NIFTY2530621500CE,925.6,925.6,658.4,694.5,690.45,1098.55,22124.7,694.5,67650,52050,4373,7293067155.0,2212,F1,75,,,,,
2025-02-28,2025-02-28,FO,NSE,IDO,68370,,NIFTY,,2025-03-06,2025-03-06,21000.0,CE,NIFTY2530621000CE,1290.0,1359.0,1159.85,1185.2,1177.2,1592.35,22124.7,1185.2,28575,27450,489,815610693.75,365,F1,75,,,,,
2025-02-28,2025-02-28,FO,NSE,IDO,38154,,NIFTY,,2026-06-25,2026-06-25,29000.0,CE,NIFTY26JUN29000CE,0.0,0.0,0.0,864.2,0.0,864.2,22124.7,208.1,0,0,0,0.0,0,F1,75,,,,,
2025-02-28,2025-02-28,FO,NSE,IDO,50978,,NIFTY,,2026-12-31,2026-12-31,27000.0,CE,NIFTY26DEC27000CE,0.0,0.0,0.0,1651.65,0.0,1651.65,22124.7,905.45,0,0,0,0.0,0,F1,75,,,,,
2025-02-28,2025-02-28,FO,NSE,IDO,53603,,NIFTY,,2027-12-30,2027-12-30,18000.0,CE,NIFTY27DEC18000CE,0.0,0.0,0.0,6285.7,0.0,6285.7,22124.7,7223.25,0,0,0,0.0,0,F1,75,,,,,
2025-02-28,2025-02-28,FO,NSE,IDO,86167,,NIFTY,,2028-06-29,2028-06-29,29000.0,CE,NIFTY28JUN29000CE,0.0,0.0,0.0,2333.25,0.0,2333.25,22124.7,1651.3,0,0,0,0.0,0,F1,75,,,,,
2025-02-28,2025-02-28,FO,NSE,IDO,89614,,NIFTY,,2029-06-28,2029-06-28,19000.0,CE,NIFTY29JUN19000CE,0.0,0.0,0.0,11036.95,0.0,11036.95,22124.7,7913.3,0,0,0,0.0,0,F1,75,,,,,
2025-02-28,2025-02-28,FO,NSE,IDO,89626,,NIFTY,,2029-06-28,2029-06-28,22000.0,CE,NIFTY29JUN22000CE,0.0,0.0,0.0,9207.9,0.0,9207.9,22124.7,5939.15,0,0,0,0.0,0,F1,75,,,,,
2025-02-28,2025-02-28,FO,NSE,IDO,89632,,NIFTY,,2029-06-28,2029-06-28,25000.0,CE,NIFTY29JUN25000CE,0.0,0.0,0.0,7557.7,0.0,7557.7,22124.7,4257.55,0,0,0,0.0,0,F1,75,,,,,
2025-02-28,2025-02-28,FO,NSE,IDO,61858,,NIFTY,,2029-12-27,2029-12-27,28000.0,CE,NIFTY29DEC28000CE,0.0,0.0,0.0,5741.5,0.0,5741.5,22124.7,3410.35,0,0,0,0.0,0,F1,75,,,,,
2025-02-28,2025-02-28,FO,NSE,IDO,68369,,NIFTY,,2025-03-06,2025-03-06,20950.0,PE,NIFTY2530620950PE,3.05,3.35,1.65,2.5,2.05,1.9,22124.7,2.5,464475,414975,82458,129577271940.0,26741,F1,75,,,,,
2025-02-28,2025-02-28,FO,NSE,IDO,68408,,NIFTY,,2025-03-06,2025-03-06,21800.0,PE,NIFTY2530621800PE,15.0,42.45,6.15,34.4,35.1,7.6,22124.7,34.4,7269675,5035350,1363726,2232535560221.25,499311,F1,75,,,,,
2025-02-28,2025-02-28,FO,NSE,IDO,68422,,NIFTY,,2025-03-06,2025-03-06,22100.0,PE,NIFTY2530622100PE,29.0,131.4,29.0,110.45,110.0,22.65,22124.7,110.45,3162525,2099550,1734518,2886811319197.5,955075,F1,75,,,,,
2025-02-28,2025-02-28,FO,NSE,IDO,68447,,NIFTY,,2025-03-06,2025-03-06,22500.0,PE,NIFTY2530622500PE,200.0,388.4,142.0,348.65,355.75,102.7,22124.7,348.65,2963550,-2077500,472919,806972465977.5,290287,F1,75,,,,,
2025-02-28,2025-02-28,FO,NSE,IDO,68575,,NIFTY,,2025-03-06,2025-03-06,23500.0,PE,NIFTY2530623500PE,1018.5,1348.65,1018.5,1310.55,1322.2,896.1,22124.7,1310.55,221850,-8175,1048,1941011441.25,767,F1,75,,,,,
2025-02-28,2025-02-28,FO,NSE,IDO,68581,,NIFTY,,2025-03-06,2025-03-06,23650.0,PE,NIFTY2530623650PE,1302.4,1469.4,1302.4,1469.4,1469.4,990.3,22124.7,1500.05,1950,150,2,3755385.0,2,F1,75,,,,,
2025-02-28,2025-02-28,FO,NSE,IDO,68597,,NIFTY,,2025-03-06,2025-03-06,24050.0,PE,NIFTY2530624050PE,1649.0,1799.25,1649.0,1798.95,1798.95,1446.6,22124.7,1899.6,4800,0,13,25184163.75,5,F1,75,,,,,
2025-02-28,2025-02-28,FO,NSE,IDO,68767,,NIFTY,,2025-03-06,2025-03-06,25350.0,PE,NIFTY2530625350PE,0.0,0.0,0.0,2460.15,2460.15,2460.15,22124.7,3198.25,225,0,0,0.0,0,F1,75,,,,,
2025-02-28,2025-02-28,FO,NSE,IDO,45389,,NIFTY,,2025-03-13,2025-03-13,20950.0,PE,NIFTY2531320950PE,4.6,10.05,4.5,9.25,9.0,4.2,22124.7,9.25,14625,10050,961,1510580880.0,712,F1,75,,,,,
2025-02-28,2025-02-28,FO,NSE,IDO,45413,,NIFTY,,2025-03-13,2025-03-13,21450.0,PE,NIFTY2531321450PE,19.6,36.0,13.9,31.05,33.0,9.7,22124.7,31.05,27375,16350,2034,3276107707.5,1368,F1,75,,,,,
2025-02-28,2025-02-28,FO,NSE,IDO,45452,,NIFTY,,2025-03-13,2025-03-13,22200.0,PE,NIFTY2531322200PE,97.95,230.9,97.95,207.45,206.9,72.2,22124.7,207.45,586200,281025,43092,72317363865.0,28370,F1,75,,,,,
2025-02-28,2025-02-28,FO,NSE,IDO,45524,,NIFTY,,2025-03-13,2025-03-13,23400.0,PE,NIFTY2531323400PE,1164.45,1164.45,1164.45,1164.45,1164.45,768.4,22124.7,1224.65,375,0,1,1842333.75,1,F1,75,,,,,
2025-02-28,2025-02-28,FO,NSE,IDO,45549,,NIFTY,,2025-03-13,2025-03-13,23950.0,PE,NIFTY2531323950PE,1712.25,1712.25,1712.25,1712.25,1712.25,1315.0,22124.7,1770.1,1125,0,1,1924668.75,1,F1,75,,,,,
2025-02-28,2025-02-28,FO,NSE,IDO,45555,,NIFTY,,2025-03-13,2025-03-13,24100.0,PE,NIFTY2531324100PE,1857.0,1860.3,1857.0,1860.3,1860.3,1460.0,22124.7,1919.65,3675,0,2,3893797.5,2,F1,75,,,,,
2025-02-28,2025-02-28,FO,NSE,IDO,45589,,NIFTY,,2025-03-13,2025-03-13,24300.0,PE,NIFTY2531324300PE,2056.35,2058.85,2055.35,2058.85,2058.85,1646.9,22124.7,2119.15,1800,0,4,7906965.0,4,F1,75,,,,,
2025-02-28,2025-02-28,FO,NSE,IDO,50114,,NIFTY,,2025-03-20,2025-03-20,21300.0,PE,NIFTY2532021300PE,24.35,43.65,20.8,39.8,39.95,15.9,22124.7,39.8,13350,11550,508,812793315.0,195,F1,75,,,,,
2025-02-28,2025-02-28,FO,NSE,IDO,50252,,NIFTY,,2025-03-20,2025-03-20,23650.0,PE,NIFTY2532023650PE,1398.3,1398.3,1398.3,1398.3,1398.3,726.45,22124.7,1398.3,75,75,1,1878622.5,1,F1,75,,,,,
2025-02-28,2025-02-28,FO,NSE,IDO,50258,,NIFTY,,2025-03-20,2025-03-20,23750.0,PE,NIFTY2532023750PE,1497.75,1497.75,1497.75,1497.75,1497.75,793.7,22124.7,1497.75,75,75,1,1893581.25,1,F1,75,,,,,
2025-02-28,2025-02-28,FO,NSE,IDO,50308,,NIFTY,,2025-03-20,2025-03-20,24600.0,PE,NIFTY2532024600PE,2338.5,2338.5,2338.5,2338.5,2338.5,1468.7,22124.7,2338.5,75,75,1,2020387.5,1,F1,75,,,,,
2025-02-28,2025-02-28,FO,NSE,IDO,46869,,NIFTY,,2025-03-27,2025-03-27,21350.0,PE,NIFTY25MAR21350PE,39.7,71.7,39.7,66.0,65.2,30.8,22124.7,66.0,32475,14850,1100,1765996586.25,586,F1,75,,,,,
2025-02-28,2025-02-28,FO,NSE,IDO,46879,,NIFTY,,2025-03-27,2025-03-27,21450.0,PE,NIFTY25MAR21450PE,57.35,87.05,47.85,78.7,77.7,37.05,22124.7,78.7,41625,31275,1222,1971926051.25,657,F1,75,,,,,
2025-02-28,2025-02-28,FO,NSE,IDO,46959,,NIFTY,,2025-03-27,2025-03-27,22100.0,PE,NIFTY25MAR22100PE,138.0,263.1,138.0,241.3,242.25,120.25,22124.7,241.3,648300,178575,22943,38410478921.25,15456,F1,75,,,,,
2025-02-28,2025-02-28,FO,NSE,IDO,46998,,NIFTY,,2025-03-27,2025-03-27,22500.0,PE,NIFTY25MAR22500PE,314.95,464.0,286.0,430.6,432.9,236.05,22124.7,430.6,4403850,-538200,86851,148996110255.0,52099,F1,75,,,,,
2025-02-28,2025-02-28,FO,NSE,IDO,48350,,NIFTY,,2025-03-27,2025-03-27,23150.0,PE,NIFTY25MAR23150PE,693.1,929.5,693.1,910.3,906.5,578.25,22124.7,910.3,22875,-5550,176,317035766.25,95,F1,75,,,,,
2025-02-28,2025-02-28,FO,NSE,IDO,51400,,NIFTY,,2025-03-27,2025-03-27,23500.0,PE,NIFTY25MAR23500PE,949.0,1283.75,949.0,1232.5,1239.25,854.95,22124.7,1232.5,1214400,13800,6351,11743359821.25,5026,F1,75,,,,,
2025-02-28,2025-02-28,FO,NSE,IDO,54722,,NIFTY,,2025-03-27,2025-03-27,23900.0,PE,NIFTY25MAR23900PE,1358.0,1647.25,1358.0,1611.65,1610.5,1214.1,22124.7,1611.65,207900,525,101,192702840.0,48,F1,75,,,,,
2025-02-28,2025-02-28,FO,NSE,IDO,54724,,NIFTY,,2025-03-27,2025-03-27,23950.0,PE,NIFTY25MAR23950PE,1526.5,1690.0,1526.5,1674.4,1674.4,1273.0,22124.7,1674.4,14475,0,47,90046803.75,12,F1,75,,,,,
2025-02-28,2025-02-28,FO,NSE,IDO,54726,,NIFTY,,2025-03-27,2025-03-27,24050.0,PE,NIFTY25MAR24050PE,1550.0,1785.4,1550.0,1764.9,1764.9,1129.9,22124.7,1814.5,6600,150,71,137377263.75,15,F1,75,,,,,
2025-02-28,2025-02-28,FO,NSE,IDO,64573,,NIFTY,,2025-03-27,2025-03-27,26000.0,PE,NIFTY25MAR26000PE,3407.65,3729.6,3407.65,3689.95,3699.7,3283.3,22124.7,3689.95,1473250,6200,796,1767661983.75,529,F1,75,,,,,
2025-02-28,2025-02-28,FO,NSE,IDO,54523,,NIFTY,,2025-04-03,2025-04-03,21050.0,PE,NIFTY2540321050PE,0.0,0.0,0.0,20.6,0.0,20.6,22124.7,34.55,0,0,0,0.0,0,F1,75,,,,,
2025-02-28,2025-02-28,FO,NSE,IDO,54645,,NIFTY,,2025-04-03,2025-04-03,23100.0,PE,NIFTY2540323100PE,0.0,0.0,0.0,492.2,0.0,492.2,22124.7,926.9,0,0,0,0.0,0,F1,75,,,,,
2025-02-28,2025-02-28,FO,NSE,IDO,54764,,NIFTY,,2025-04-03,2025-04-03,23900.0,PE,NIFTY2540323900PE,0.0,0.0,0.0,993.2,0.0,993.2,22124.7,1646.45,0,0,0,0.0,0,F1,75,,,,,
2025-02-28,2025-02-28,FO,NSE,IDO,54844,,NIFTY,,2025-04-03,2025-04-03,24250.0,PE,NIFTY2540324250PE,0.0,0.0,0.0,1265.75,0.0,1265.75,22124.7,1985.05,0,0,0,0.0,0,F1,75,,,,,
2025-02-28,2025-02-28,FO,NSE,IDO,79226,,NIFTY,,2025-04-24,2025-04-24,20900.0,PE,NIFTY25APR20900PE,64.65,79.2,58.25,74.45,74.2,45.6,22124.7,74.45,14925,6675,318,500150066.25,138,F1,75,,,,,
2025-02-28,2025-02-28,FO,NSE,IDO,79273,,NIFTY,,2025-04-24,2025-04-24,21900.0,PE,NIFTY25APR21900PE,197.6,269.35,181.6,254.8,255.1,150.35,22124.7,254.8,93375,2850,2283,3788815147.5,1621,F1,75,,,,,
2025-02-28,2025-02-28,FO,NSE,IDO,79412,,NIFTY,,2025-04-24,2025-04-24,22800.0,PE,NIFTY25APR22800PE,510.95,668.15,499.9,638.2,639.15,419.4,22124.7,638.2,160050,-22950,2406,4217804141.25,1662,F1,75,,,,,
2025-02-28,2025-02-28,FO,NSE,IDO,79433,,NIFTY,,2025-04-24,2025-04-24,23000.0,PE,NIFTY25APR23000PE,574.0,792.0,574.0,760.35,761.3,515.05,22124.7,760.35,543675,-50025,6527,11603729355.0,4728,F1,75,,,,,
2025-02-28,2025-02-28,FO,NSE,IDO,79441,,NIFTY,,2025-04-24,2025-04-24,23200.0,PE,NIFTY25APR23200PE,755.0,943.85,753.8,897.8,898.7,620.15,22124.7,897.8,53325,-5100,260,468799012.5,189,F1,75,,,,,
2025-02-28,2025-02-28,FO,NSE,IDO,79514,,NIFTY,,2025-04-24,2025-04-24,23800.0,PE,NIFTY25APR23800PE,1379.0,1379.0,1379.0,1379.0,1379.0,1023.55,22124.7,1379.0,159600,75,2,3776850.0,2,F1,75,,,,,
2025-02-28,2025-02-28,FO,NSE,IDO,79669,,NIFTY,,2025-04-24,2025-04-24,24650.0,PE,NIFTY25APR24650PE,2180.95,2183.35,2180.95,2182.2,2183.35,924.7,22124.7,2182.2,525,-225,3,6037241.25,3,F1,75,,,,,
2025-02-28,2025-02-28,FO,NSE,IDO,79730,,NIFTY,,2025-04-24,2025-04-24,25100.0,PE,NIFTY25APR25100PE,2622.95,2622.95,2622.95,2622.95,2622.95,1667.15,22124.7,2622.95,75,75,1,2079221.25,1,F1,75,,,,,
2025-02-28,2025-02-28,FO,NSE,IDO,61356,,NIFTY,,2025-05-29,2025-05-29,21000.0,PE,NIFTY25MAY21000PE,111.95,149.95,107.0,145.8,146.0,111.35,22124.7,145.8,51300,51300,1425,2258514648.75,750,F1,75,,,,,
2025-02-28,2025-02-28,FO,NSE,IDO,61359,,NIFTY,,2025-05-29,2025-05-29,21050.0,PE,NIFTY25MAY21050PE,0.0,0.0,0.0,118.3,0.0,118.3,22124.7,120.55,0,0,0,0.0,0,F1,75,,,,,
2025-02-28,2025-02-28,FO,NSE,IDO,61494,,NIFTY,,2025-05-29,2025-05-29,22200.0,PE,NIFTY25MAY22200PE,376.75,438.95,376.75,424.8,426.0,390.3,22124.7,424.8,3675,3675,89,150995992.5,51,F1,75,,,,,
2025-02-28,2025-02-28,FO,NSE,IDO,61534,,NIFTY,,2025-05-29,2025-05-29,23200.0,PE,NIFTY25MAY23200PE,0.0,0.0,0.0,842.25,0.0,842.25,22124.7,1014.25,0,0,0,0.0,0,F1,75,,,,,
2025-02-28,2025-02-28,FO,NSE,IDO,61556,,NIFTY,,2025-05-29,2025-05-29,23750.0,PE,NIFTY25MAY23750PE,0.0,0.0,0.0,1180.9,0.0,1180.9,22124.7,1421.1,0,0,0,0.0,0,F1,75,,,,,
2025-02-28,2025-02-28,FO,NSE,IDO,64703,,NIFTY,,2025-09-25,2025-09-25,29000.0,PE,NIFTY25SEP29000PE,0.0,0.0,0.0,2125.3,0.0,2125.3,22124.7,5824.85,0,0,0,0.0,0,F1,75,,,,,
2025-02-28,2025-02-28,FO,NSE,IDO,58623,,NIFTY,,2025-12-24,2025-12-24,22000.0,PE,NIFTY25DEC22000PE,529.0,610.0,529.0,591.0,590.5,504.75,22124.7,591.0,519500,8150,1434,2427921071.25,1238,F1,75,,,,,
2025-02-28,2025-02-28,FO,NSE,IDO,58641,,NIFTY,,2026-12-31,2026-12-31,18000.0,PE,NIFTY26DEC18000PE,0.0,0.0,0.0,76.1,76.1,76.1,22124.7,49.0,5175,0,0,0.0,0,F1,75,,,,,
2025-02-28,2025-02-28,FO,NSE,IDO,58645,,NIFTY,,2026-12-31,2026-12-31,20000.0,PE,NIFTY26DEC20000PE,400.05,400.05,395.0,398.0,398.0,385.0,22124.7,398.0,4050,-375,26,39777232.5,9,F1,75,,,,,
2025-02-28,2025-02-28,FO,NSE,IDO,53604,,NIFTY,,2027-12-30,2027-12-30,18000.0,PE,NIFTY27DEC18000PE,0.0,0.0,0.0,244.4,244.4,244.4,22124.7,68.65,10175,0,0,0.0,0,F1,75,,,,,
2025-02-28,2025-02-28,FO,NSE,IDO,86150,,NIFTY,,2028-06-29,2028-06-29,23000.0,PE,NIFTY28JUN23000PE,0.0,0.0,0.0,1399.25,0.0,1399.25,22124.7,670.35,0,0,0,0.0,0,F1,75,,,,,
2025-02-28,2025-02-28,FO,NSE,IDO,67793,,NIFTY,,2028-12-28,2028-12-28,29000.0,PE,NIFTY28DEC29000PE,0.0,0.0,0.0,2010.85,0.0,2010.85,22124.7,2578.05,0,0,0,0.0,0,F1,75,,,,,
2025-02-28,2025-02-28,FO,NSE,IDO,89637,,NIFTY,,2029-06-28,2029-06-28,27000.0,PE,NIFTY29JUN27000PE,0.0,0.0,0.0,1252.35,0.0,1252.35,22124.7,1579.35,0,0,0,0.0,0,F1,75,,,,,
2025-02-28,2025-02-28,FO,NSE,IDO,61745,,NIFTY,,2029-12-27,2029-12-27,22000.0,PE,NIFTY29DEC22000PE,0.0,0.0,0.0,373.65,0.0,373.65,22124.7,387.6,0,0,0,0.0,0,F1,75,,,,,
2025-02-28,2025-02-28,FO,NSE,IDO,51453,,NIFTY,,2026-06-25,2026-06-25,21000.0,CE,NIFTY26JUN21000CE,0.0,0.0,0.0,3881.9,0.0,3881.9,22124.7,3171.65,0,0,0,0.0,0,F1,75,,,,,
2025-02-28,2025-02-28,FO,NSE,IDO,38378,,NIFTY,,2026-06-25,2026-06-25,20000.0,CE,NIFTY26JUN20000CE,0.0,0.0,0.0,3829.5,0.0,3829.5,22124.7,3938.0,0,0,0,0.0,0,F1,75,,,,,
2025-02-28,2025-02-28,FO,NSE,IDO,51451,,NIFTY,,2025-12-24,2025-12-24,21000.0,CE,NIFTY25DEC21000CE,2650.0,2660.0,2506.0,2532.4,2532.1,2863.8,22124.7,2532.4,12550,2100,43,76091302.5,32,F1,75,,,,,
2025-02-28,2025-02-28,FO,NSE,IDO,36688,,NIFTY,,2025-12-24,2025-12-24,19500.0,CE,NIFTY25DEC19500CE,0.0,0.0,0.0,4100.0,4100.0,4100.0,22124.7,3710.4,1225,0,0,0.0,0,F1,75,,,,,
2025-02-28,2025-02-28,FO,NSE,IDO,38373,,NIFTY,,2025-06-26,2025-06-26,20000.0,CE,NIFTY25JUN20000CE,2820.0,2850.0,2606.8,2634.65,2638.0,3005.5,22124.7,2634.65,41100,5475,111,188981576.25,81,F1,75,,,,,
2025-02-28,2025-02-28,FO,NSE,IDO,61621,,NIFTY,,2025-05-29,2025-05-29,23950.0,CE,NIFTY25MAY23950CE,0.0,0.0,0.0,337.9,0.0,337.9,22124.7,138.3,0,0,0,0.0,0,F1,75,,,,,
2025-02-28,2025-02-28,FO,NSE,IDO,61672,,NIFTY,,2025-05-29,2025-05-29,24200.0,PE,NIFTY25MAY24200PE,0.0,0.0,0.0,1501.45,0.0,1501.45,22124.7,1793.4,0,0,0,0.0,0,F1,75,,,,,
2025-02-28,2025-02-28,FO,NSE,IDO,61544,,NIFTY,,2025-05-29,2025-05-29,23450.0,PE,NIFTY25MAY23450PE,0.0,0.0,0.0,988.65,0.0,988.65,22124.7,1191.7,0,0,0,0.0,0,F1,75,,,,,
2025-02-28,2025-02-28,FO,NSE,IDO,61392,,NIFTY,,2025-05-29,2025-05-29,21400.0,PE,NIFTY25MAY21400PE,0.0,0.0,0.0,177.2,0.0,177.2,22124.7,190.45,0,0,0,0.0,0,F1,75,,,,,
2025-02-28,2025-02-28,FO,NSE,IDO,61372,,NIFTY,,2025-05-29,2025-05-29,21150.0,PE,NIFTY25MAY21150PE,0.0,0.0,0.0,133.3,0.0,133.3,22124.7,138.1,0,0,0,0.0,0,F1,75,,,,,
2025-02-28,2025-02-28,FO,NSE,IDO,79671,,NIFTY,,2025-04-24,2025-04-24,24700.0,PE,NIFTY25APR24700PE,2229.85,2232.05,2229.85,2231.0,2232.05,1367.8,22124.7,2231.0,225,225,3,6059475.0,3,F1,75,,,,,
2025-02-28,2025-02-28,FO,NSE,IDO,79518,,NIFTY,,2025-04-24,2025-04-24,23900.0,PE,NIFTY25APR23900PE,1474.85,1475.0,1474.05,1474.6,1475.0,790.95,22124.7,1474.6,9975,0,5,9515463.75,5,F1,75,,,,,
2025-02-28,2025-02-28,FO,NSE,IDO,79410,,NIFTY,,2025-04-24,2025-04-24,22750.0,PE,NIFTY25APR22750PE,625.25,625.25,609.0,609.0,609.0,395.1,22124.7,609.0,6300,75,2,3505068.75,2,F1,75,,,,,
2025-02-28,2025-02-28,FO,NSE,IDO,79401,,NIFTY,,2025-04-24,2025-04-24,22650.0,PE,NIFTY25APR22650PE,548.2,559.5,543.5,553.05,559.5,358.0,22124.7,553.05,3600,1950,32,55678968.75,22,F1,75,,,,,
2025-02-28,2025-02-28,FO,NSE,IDO,79391,,NIFTY,,2025-04-24,2025-04-24,22450.0,PE,NIFTY25APR22450PE,465.05,478.7,437.3,458.55,458.4,264.0,22124.7,458.55,5700,3900,102,175280148.75,80,F1,75,,,,,
2025-02-28,2025-02-28,FO,NSE,IDO,79234,,NIFTY,,2025-04-24,2025-04-24,21100.0,PE,NIFTY25APR21100PE,78.85,113.85,78.1,98.2,97.95,53.6,22124.7,98.2,10650,10650,372,591397203.75,192,F1,75,,,,,
2025-02-28,2025-02-28,FO,NSE,IDO,54863,,NIFTY,,2025-04-03,2025-04-03,24600.0,PE,NIFTY2540324600PE,0.0,0.0,0.0,1562.15,0.0,1562.15,22124.7,2329.05,0,0,0,0.0,0,F1,75,,,,,
2025-02-28,2025-02-28,FO,NSE,IDO,54861,,NIFTY,,2025-04-03,2025-04-03,24550.0,PE,NIFTY2540324550PE,0.0,0.0,0.0,1518.6,0.0,1518.6,22124.7,2279.7,0,0,0,0.0,0,F1,75,,,,,
2025-02-28,2025-02-28,FO,NSE,IDO,54565,,NIFTY,,2025-04-03,2025-04-03,21650.0,PE,NIFTY2540321650PE,0.0,0.0,0.0,67.15,0.0,67.15,22124.7,131.75,0,0,0,0.0,0,F1,75,,,,,
2025-02-28,2025-02-28,FO,NSE,IDO,54555,,NIFTY,,2025-04-03,2025-04-03,21400.0,PE,NIFTY2540321400PE,0.0,0.0,0.0,42.25,0.0,42.25,22124.7,79.0,0,0,0,0.0,0,F1,75,,,,,
2025-02-28,2025-02-28,FO,NSE,IDO,54499,,NIFTY,,2025-04-03,2025-04-03,20800.0,PE,NIFTY2540320800PE,35.0,41.15,25.3,28.35,31.35,24.0,22124.7,28.35,1275,600,27,42189101.25,18,F1,75,,,,,
2025-02-28,2025-02-28,FO,NSE,IDO,56889,,NIFTY,,2025-03-27,2025-03-27,25600.0,PE,NIFTY25MAR25600PE,3278.35,3282.8,3278.35,3280.05,3282.8,2875.0,22124.7,3280.05,6450,0,3,6498003.75,3,F1,75,,,,,
2025-02-28,2025-02-28,FO,NSE,IDO,56871,,NIFTY,,2025-03-27,2025-03-27,25150.0,PE,NIFTY25MAR25150PE,2835.9,2838.45,2835.9,2837.2,2838.45,1346.45,22124.7,2837.2,225,225,3,6297120.0,3,F1,75,,,,,
2025-02-28,2025-02-28,FO,NSE,IDO,56545,,NIFTY,,2025-03-27,2025-03-27,24750.0,PE,NIFTY25MAR24750PE,2447.2,2447.2,2447.2,2447.2,2447.2,1526.5,22124.7,2447.2,225,0,1,2039790.0,1,F1,75,,,,,
2025-02-28,2025-02-28,FO,NSE,IDO,56543,,NIFTY,,2025-03-27,2025-03-27,24700.0,PE,NIFTY25MAR24700PE,2200.0,2200.0,2200.0,2200.0,2200.0,1993.05,22124.7,2457.3,27300,-75,1,2017500.0,1,F1,75,,,,,
2025-02-28,2025-02-28,FO,NSE,IDO,56529,,NIFTY,,2025-03-27,2025-03-27,24600.0,PE,NIFTY25MAR24600PE,2300.0,2300.0,2280.55,2280.55,2280.55,1897.95,22124.7,2358.0,46800,0,3,6049586.25,3,F1,75,,,,,
2025-02-28,2025-02-28,FO,NSE,IDO,55345,,NIFTY,,2025-03-27,2025-03-27,24450.0,PE,NIFTY25MAR24450PE,0.0,0.0,0.0,1680.0,1680.0,1680.0,22124.7,2209.2,10725,0,0,0.0,0,F1,75,,,,,
2025-02-28,2025-02-28,FO,NSE,IDO,53979,,NIFTY,,2025-03-27,2025-03-27,23800.0,PE,NIFTY25MAR23800PE,1288.65,1566.1,1288.65,1516.35,1517.05,1120.6,22124.7,1516.35,103425,-6225,273,516238642.5,209,F1,75,,,,,
2025-02-28,2025-02-28,FO,NSE,IDO,51460,,NIFTY,,2025-03-27,2025-03-27,23550.0,PE,NIFTY25MAR23550PE,1093.9,1301.0,1093.9,1272.05,1272.05,896.55,22124.7,1272.05,20625,-4800,75,139072462.5,44,F1,75,,,,,
2025-02-28,2025-02-28,FO,NSE,IDO,48348,,NIFTY,,2025-03-27,2025-03-27,23100.0,PE,NIFTY25MAR23100PE,673.0,903.25,667.8,863.65,870.45,546.95,22124.7,863.65,375900,-40200,2163,3869945013.75,1232,F1,75,,,,,
2025-02-28,2025-02-28,FO,NSE,IDO,47021,,NIFTY,,2025-03-27,2025-03-27,22600.0,PE,NIFTY25MAR22600PE,306.0,525.1,306.0,489.25,490.25,277.2,22124.7,489.25,1240575,-296850,19752,34115116462.5,12553,F1,75,,,,,
2025-02-28,2025-02-28,FO,NSE,IDO,47015,,NIFTY,,2025-03-27,2025-03-27,22550.0,PE,NIFTY25MAR22550PE,293.0,492.55,293.0,459.5,457.65,256.3,22124.7,459.5,119775,-46875,3078,5300194972.5,2120,F1,75,,,,,
2025-02-28,2025-02-28,FO,NSE,IDO,46943,,NIFTY,,2025-03-27,2025-03-27,21950.0,PE,NIFTY25MAR21950PE,119.35,207.75,111.2,189.25,188.9,92.4,22124.7,189.25,111600,57450,3974,6591179685.0,2886,F1,75,,,,,
2025-02-28,2025-02-28,FO,NSE,IDO,46909,,NIFTY,,2025-03-27,2025-03-27,21750.0,PE,NIFTY25MAR21750PE,99.7,148.0,83.4,134.35,133.85,63.05,22124.7,134.35,78675,45450,2774,4549837807.5,1693,F1,75,,,,,
2025-02-28,2025-02-28,FO,NSE,IDO,50312,,NIFTY,,2025-03-20,2025-03-20,24700.0,PE,NIFTY2532024700PE,2432.9,2432.9,2432.9,2432.9,2432.9,1557.45,22124.7,2432.9,75,75,1,2034967.5,1,F1,75,,,,,
2025-02-28,2025-02-28,FO,NSE,IDO,50306,,NIFTY,,2025-03-20,2025-03-20,24550.0,PE,NIFTY2532024550PE,2288.8,2288.8,2288.8,2288.8,2288.8,1424.9,22124.7,2288.8,75,75,1,2012910.0,1,F1,75,,,,,
2025-02-28,2025-02-28,FO,NSE,IDO,50260,,NIFTY,,2025-03-20,2025-03-20,23800.0,PE,NIFTY2532023800PE,1548.05,1548.05,1548.05,1548.05,1548.05,828.45,22124.7,1548.05,75,75,1,1901103.75,1,F1,75,,,,,
2025-02-28,2025-02-28,FO,NSE,IDO,50232,,NIFTY,,2025-03-20,2025-03-20,23200.0,PE,NIFTY2532023200PE,963.2,963.55,963.2,963.4,963.55,463.25,22124.7,963.4,150,150,2,3624506.25,2,F1,75,,,,,
2025-02-28,2025-02-28,FO,NSE,IDO,50224,,NIFTY,,2025-03-20,2025-03-20,23000.0,PE,NIFTY2532023000PE,600.15,833.1,575.2,795.0,795.0,450.15,22124.7,795.0,5250,1425,64,113444497.5,42,F1,75,,,,,
2025-02-28,2025-02-28,FO,NSE,IDO,50202,,NIFTY,,2025-03-20,2025-03-20,22650.0,PE,NIFTY2532022650PE,352.2,524.5,352.2,524.5,524.5,268.1,22124.7,556.1,75,0,4,6920403.75,4,F1,75,,,,,
2025-02-28,2025-02-28,FO,NSE,IDO,50180,,NIFTY,,2025-03-20,2025-03-20,22350.0,PE,NIFTY2532022350PE,226.2,339.9,207.05,319.75,322.65,150.9,22124.7,319.75,11025,11025,222,376801886.25,219,F1,75,,,,,
2025-02-28,2025-02-28,FO,NSE,IDO,50094,,NIFTY,,2025-03-20,2025-03-20,21050.0,PE,NIFTY2532021050PE,0.0,0.0,0.0,10.95,0.0,10.95,22124.7,12.2,0,0,0,0.0,0,F1,75,,,,,
2025-02-28,2025-02-28,FO,NSE,IDO,45661,,NIFTY,,2025-03-13,2025-03-13,25350.0,PE,NIFTY2531325350PE,3111.25,3111.25,3111.25,3111.25,3111.25,2428.1,22124.7,3111.25,150,75,1,2134593.75,1,F1,75,,,,,
2025-02-28,2025-02-28,FO,NSE,IDO,45654,,NIFTY,,2025-03-13,2025-03-13,25300.0,PE,NIFTY2531325300PE,3061.45,3061.45,3061.45,3061.45,3061.45,2377.95,22124.7,3061.45,150,75,1,2127108.75,1,F1,75,,,,,
2025-02-28,2025-02-28,FO,NSE,IDO,45620,,NIFTY,,2025-03-13,2025-03-13,24800.0,PE,NIFTY2531324800PE,2565.4,2565.4,2565.4,2565.4,2565.4,2120.0,22124.7,2617.95,1125,0,1,2052405.0,1,F1,75,,,,,
2025-02-28,2025-02-28,FO,NSE,IDO,45585,,NIFTY,,2025-03-13,2025-03-13,24250.0,PE,NIFTY2531324250PE,1922.0,1982.0,1922.0,1982.0,1982.0,1580.2,22124.7,2069.25,3075,150,2,3930300.0,2,F1,75,,,,,
2025-02-28,2025-02-28,FO,NSE,IDO,45526,,NIFTY,,2025-03-13,2025-03-13,23450.0,PE,NIFTY2531323450PE,1216.7,1216.7,1216.7,1216.7,1216.7,624.1,22124.7,1273.8,150,75,1,1850002.5,1,F1,75,,,,,
2025-02-28,2025-02-28,FO,NSE,IDO,45503,,NIFTY,,2025-03-13,2025-03-13,23100.0,PE,NIFTY2531323100PE,680.0,926.0,672.6,884.35,890.55,510.65,22124.7,884.35,11400,750,252,451966530.0,184,F1,75,,,,,
2025-02-28,2025-02-28,FO,NSE,IDO,45459,,NIFTY,,2025-03-13,2025-03-13,22300.0,PE,NIFTY2531322300PE,128.95,283.5,128.95,255.5,256.15,94.4,22124.7,255.5,298125,31425,34653,58479219735.0,23044,F1,75,,,,,
2025-02-28,2025-02-28,FO,NSE,IDO,45411,,NIFTY,,2025-03-13,2025-03-13,21400.0,PE,NIFTY2531321400PE,11.9,32.0,11.3,26.9,26.8,8.3,22124.7,26.9,143175,69000,13816,22197607391.25,8889,F1,75,,,,,
2025-02-28,2025-02-28,FO,NSE,IDO,45399,,NIFTY,,2025-03-13,2025-03-13,21200.0,PE,NIFTY2531321200PE,7.95,18.9,6.95,16.0,15.65,5.4,22124.7,16.0,177600,86325,12422,19762770978.75,8292,F1,75,,,,,
2025-02-28,2025-02-28,FO,NSE,IDO,45395,,NIFTY,,2025-03-13,2025-03-13,21100.0,PE,NIFTY2531321100PE,8.55,14.8,5.75,12.75,13.35,4.75,22124.7,12.75,186450,147600,8919,14121754271.25,6245,F1,75,,,,,
2025-02-28,2025-02-28,FO,NSE,IDO,45393,,NIFTY,,2025-03-13,2025-03-13,21050.0,PE,NIFTY2531321050PE,5.8,12.95,5.8,11.35,11.05,4.85,22124.7,11.35,18075,10500,1491,2355070162.5,1175,F1,75,,,,,
2025-02-28,2025-02-28,FO,NSE,IDO,68869,,NIFTY,,2025-03-06,2025-03-06,25400.0,PE,NIFTY2530625400PE,0.0,0.0,0.0,2781.0,2781.0,2781.0,22124.7,3248.2,450,0,0,0.0,0,F1,75,,,,,
2025-02-28,2025-02-28,FO,NSE,IDO,68632,,NIFTY,,2025-03-06,2025-03-06,24750.0,PE,NIFTY2530624750PE,0.0,0.0,0.0,1869.15,1869.15,1869.15,22124.7,2598.85,675,0,0,0.0,0,F1,75,,,,,
2025-02-28,2025-02-28,FO,NSE,IDO,68603,,NIFTY,,2025-03-06,2025-03-06,24200.0,PE,NIFTY2530624200PE,1776.65,2033.0,1776.65,1978.25,1978.25,1598.7,22124.7,2049.45,81300,-450,34,66587913.75,25,F1,75,,,,,
2025-02-28,2025-02-28,FO,NSE,IDO,68599,,NIFTY,,2025-03-06,2025-03-06,24100.0,PE,NIFTY2530624100PE,1940.0,1940.0,1892.0,1914.5,1914.95,1497.35,22124.7,1914.5,12075,0,8,15612157.5,7,F1,75,,,,,
2025-02-28,2025-02-28,FO,NSE,IDO,68469,,NIFTY,,2025-03-06,2025-03-06,23000.0,PE,NIFTY2530623000PE,508.9,857.05,508.9,815.7,818.65,418.15,22124.7,815.7,1244400,-97950,11902,21168287478.75,7164,F1,75,,,,,
2025-02-28,2025-02-28,FO,NSE,IDO,68427,,NIFTY,,2025-03-06,2025-03-06,22200.0,PE,NIFTY2530622200PE,42.5,180.0,42.5,153.25,153.2,32.5,22124.7,153.25,4093500,1921125,2317026,3877571024850.0,1292991,F1,75,,,,,
2025-02-28,2025-02-28,FO,NSE,IDO,68416,,NIFTY,,2025-03-06,2025-03-06,21950.0,PE,NIFTY2530621950PE,20.0,77.0,18.85,63.45,64.65,12.7,22124.7,63.45,1037175,574125,677918,1118379196830.0,336026,F1,75,,,,,
2025-02-28,2025-02-28,FO,NSE,IDO,68412,,NIFTY,,2025-03-06,2025-03-06,21850.0,PE,NIFTY2530621850PE,16.25,52.0,13.4,42.45,42.0,9.05,22124.7,42.45,1153950,849450,564936,927116369216.25,263866,F1,75,,,,,
2025-02-28,2025-02-28,FO,NSE,IDO,68402,,NIFTY,,2025-03-06,2025-03-06,21650.0,PE,NIFTY2530621650PE,5.2,23.6,5.15,18.45,18.9,5.1,22124.7,18.45,977850,757725,412697,670570332393.75,136734,F1,75,,,,,
2025-02-28,2025-02-28,FO,NSE,IDO,68396,,NIFTY,,2025-03-06,2025-03-06,21500.0,PE,NIFTY2530621500PE,5.1,13.8,4.55,10.8,11.0,3.95,22124.7,10.8,5929950,2262450,908887,1466187771997.5,238178,F1,75,,,,,
2025-02-28,2025-02-28,FO,NSE,IDO,61778,,NIFTY,,2029-12-27,2029-12-27,26000.0,CE,NIFTY29DEC26000CE,0.0,0.0,0.0,6686.95,0.0,6686.95,22124.7,4281.55,0,0,0,0.0,0,F1,75,,,,,
2025-02-28,2025-02-28,FO,NSE,IDO,61748,,NIFTY,,2029-12-27,2029-12-27,24000.0,CE,NIFTY29DEC24000CE,0.0,0.0,0.0,7730.0,0.0,7730.0,22124.7,5294.15,0,0,0,0.0,0,F1,75,,,,,
2025-02-28,2025-02-28,FO,NSE,IDO,61746,,NIFTY,,2029-12-27,2029-12-27,23000.0,CE,NIFTY29DEC23000CE,0.0,0.0,0.0,8286.75,0.0,8286.75,22124.7,5851.45,0,0,0,0.0,0,F1,75,,,,,
2025-02-28,2025-02-28,FO,NSE,IDO,61744,,NIFTY,,2029-12-27,2029-12-27,22000.0,CE,NIFTY29DEC22000CE,0.0,0.0,0.0,8865.25,0.0,8865.25,22124.7,6440.2,0,0,0,0.0,0,F1,75,,,,,
2025-02-28,2025-02-28,FO,NSE,IDO,67776,,NIFTY,,2028-12-28,2028-12-28,21000.0,CE,NIFTY28DEC21000CE,0.0,0.0,0.0,7512.5,0.0,7512.5,22124.7,6063.3,0,0,0,0.0,0,F1,75,,,,,
2025-02-28,2025-02-28,FO,NSE,IDO,86165,,NIFTY,,2028-06-29,2028-06-29,28000.0,CE,NIFTY28JUN28000CE,0.0,0.0,0.0,2596.45,0.0,2596.45,22124.7,1967.9,0,0,0,0.0,0,F1,75,,,,,
2025-02-28,2025-02-28,FO,NSE,IDO,86161,,NIFTY,,2028-06-29,2028-06-29,26000.0,CE,NIFTY28JUN26000CE,0.0,0.0,0.0,3200.9,0.0,3200.9,22124.7,2741.55,0,0,0,0.0,0,F1,75,,,,,
2025-02-28,2025-02-28,FO,NSE,IDO,86149,,NIFTY,,2028-06-29,2028-06-29,23000.0,CE,NIFTY28JUN23000CE,0.0,0.0,0.0,4323.1,0.0,4323.1,22124.7,4276.6,0,0,0,0.0,0,F1,75,,,,,
2025-02-28,2025-02-28,FO,NSE,IDO,71560,,NIFTY,,2027-06-24,2027-06-24,24000.0,CE,NIFTY27JUN24000CE,0.0,0.0,0.0,2299.55,0.0,2299.55,22124.7,2574.25,0,0,0,0.0,0,F1,75,,,,,
2025-02-28,2025-02-28,FO,NSE,IDO,71549,,NIFTY,,2027-06-24,2027-06-24,19000.0,CE,NIFTY27JUN19000CE,0.0,0.0,0.0,7800.0,7800.0,7800.0,22124.7,5898.4,75,0,0,0.0,0,F1,75,,,,,
2025-02-28,2025-02-28,FO,NSE,IDO,38158,,NIFTY,,2026-12-31,2026-12-31,29000.0,CE,NIFTY26DEC29000CE,0.0,0.0,0.0,1205.35,0.0,1205.35,22124.7,489.45,0,0,0,0.0,0,F1,75,,,,,
2025-02-28,2025-02-28,FO,NSE,IDO,37806,,NIFTY,,2026-12-31,2026-12-31,23000.0,CE,NIFTY26DEC23000CE,2567.05,2780.0,2520.0,2557.2,2554.4,2825.0,22124.7,2557.2,4425,2550,36,69072866.25,30,F1,75,,,,,
2025-02-28,2025-02-28,FO,NSE,IDO,45873,,NIFTY,,2025-12-24,2025-12-24,17000.0,CE,NIFTY25DEC17000CE,0.0,0.0,0.0,7010.0,7010.0,7010.0,22124.7,6009.4,700,0,0,0.0,0,F1,75,,,,,
2025-02-28,2025-02-28,FO,NSE,IDO,50537,,NIFTY,,2025-06-26,2025-06-26,28000.0,CE,NIFTY25JUN28000CE,14.2,14.95,13.4,14.1,14.4,15.15,22124.7,14.1,233075,-1075,195,409707393.75,67,F1,75,,,,,
2025-02-28,2025-02-28,FO,NSE,IDO,61669,,NIFTY,,2025-05-29,2025-05-29,24150.0,CE,NIFTY25MAY24150CE,0.0,0.0,0.0,287.1,0.0,287.1,22124.7,109.3,0,0,0,0.0,0,F1,75,,,,,
2025-02-28,2025-02-28,FO,NSE,IDO,61543,,NIFTY,,2025-05-29,2025-05-29,23450.0,CE,NIFTY25MAY23450CE,0.0,0.0,0.0,499.2,0.0,499.2,22124.7,239.25,0,0,0,0.0,0,F1,75,,,,,
2025-02-28,2025-02-28,FO,NSE,IDO,61493,,NIFTY,,2025-05-29,2025-05-29,22200.0,CE,NIFTY25MAY22200CE,753.75,785.0,753.75,776.9,774.35,1128.65,22124.7,776.9,225,225,7,12062366.25,7,F1,75,,,,,
2025-02-28,2025-02-28,FO,NSE,IDO,61485,,NIFTY,,2025-05-29,2025-05-29,22000.0,CE,NIFTY25MAY22000CE,1065.0,1066.55,877.75,901.9,899.0,1260.25,22124.7,901.9,17100,17100,356,612330135.0,318,F1,75,,,,,
2025-02-28,2025-02-28,FO,NSE,IDO,61483,,NIFTY,,2025-05-29,2025-05-29,21950.0,CE,NIFTY25MAY21950CE,0.0,0.0,0.0,1294.4,0.0,1294.4,22124.7,878.4,0,0,0,0.0,0,F1,75,,,,,
2025-02-28,2025-02-28,FO,NSE,IDO,61475,,NIFTY,,2025-05-29,2025-05-29,21900.0,CE,NIFTY25MAY21900CE,0.0,0.0,0.0,1329.05,0.0,1329.05,22124.7,909.65,0,0,0,0.0,0,F1,75,,,,,
2025-02-28,2025-02-28,FO,NSE,IDO,61471,,NIFTY,,2025-05-29,2025-05-29,21800.0,CE,NIFTY25MAY21800CE,0.0,0.0,0.0,1400.8,0.0,1400.8,22124.7,974.0,0,0,0,0.0,0,F1,75,,,,,
2025-02-28,2025-02-28,FO,NSE,IDO,79731,,NIFTY,,2025-04-24,2025-04-24,25150.0,CE,NIFTY25APR25150CE,0.0,0.0,0.0,13.0,13.75,13.0,22124.7,4.75,900,0,0,0.0,0,F1,75,,,,,
2025-02-28,2025-02-28,FO,NSE,IDO,79729,,NIFTY,,2025-04-24,2025-04-24,25100.0,CE,NIFTY25APR25100CE,15.25,15.25,12.05,12.25,12.25,17.55,22124.7,12.25,6975,975,67,126190575.0,27,F1,75,,,,,
2025-02-28,2025-02-28,FO,NSE,IDO,79640,,NIFTY,,2025-04-24,2025-04-24,24500.0,CE,NIFTY25APR24500CE,22.5,22.95,17.35,18.35,17.5,24.9,22124.7,18.35,293625,-67800,6913,12712639788.75,3542,F1,75,,,,,
2025-02-28,2025-02-28,FO,NSE,IDO,79438,,NIFTY,,2025-04-24,2025-04-24,23150.0,CE,NIFTY25APR23150CE,245.85,245.85,151.95,159.25,155.5,294.7,22124.7,159.25,5700,-1125,386,675023486.25,198,F1,75,,,,,
2025-02-28,2025-02-28,FO,NSE,IDO,79424,,NIFTY,,2025-04-24,2025-04-24,22950.0,CE,NIFTY25APR22950CE,306.15,314.3,213.75,220.2,217.9,395.0,22124.7,220.2,10650,8475,278,483840810.0,175,F1,75,,,,,
2025-02-28,2025-02-28,FO,NSE,IDO,79237,,NIFTY,,2025-04-24,2025-04-24,21200.0,CE,NIFTY25APR21200CE,1332.75,1332.75,1331.6,1332.2,1331.6,2463.8,22124.7,1332.2,150,150,2,3379826.25,2,F1,75,,,,,
2025-02-28,2025-02-28,FO,NSE,IDO,79223,,NIFTY,,2025-04-24,2025-04-24,20850.0,CE,NIFTY25APR20850CE,1638.65,1638.65,1637.65,1638.05,1637.65,2783.7,22124.7,1638.05,225,225,3,5059807.5,3,F1,75,,,,,
2025-02-28,2025-02-28,FO,NSE,IDO,54757,,NIFTY,,2025-04-03,2025-04-03,23750.0,CE,NIFTY2540323750CE,0.0,0.0,0.0,244.0,0.0,244.0,22124.7,22.3,0,0,0,0.0,0,F1,75,,,,,
2025-02-28,2025-02-28,FO,NSE,IDO,54629,,NIFTY,,2025-04-03,2025-04-03,22800.0,CE,NIFTY2540322800CE,152.05,165.3,134.1,158.55,149.8,313.7,22124.7,158.55,750,375,12,20660021.25,11,F1,75,,,,,
2025-02-28,2025-02-28,FO,NSE,IDO,54564,,NIFTY,,2025-04-03,2025-04-03,21650.0,CE,NIFTY2540321650CE,0.0,0.0,0.0,1508.45,0.0,1508.45,22124.7,737.15,0,0,0,0.0,0,F1,75,,,,,
2025-02-28,2025-02-28,FO,NSE,IDO,54540,,NIFTY,,2025-04-03,2025-04-03,21300.0,CE,NIFTY2540321300CE,0.0,0.0,0.0,1823.1,0.0,1823.1,22124.7,1016.5,0,0,0,0.0,0,F1,75,,,,,
2025-02-28,2025-02-28,FO,NSE,IDO,54514,,NIFTY,,2025-04-03,2025-04-03,20950.0,CE,NIFTY2540320950CE,0.0,0.0,0.0,2152.0,0.0,2152.0,22124.7,1327.75,0,0,0,0.0,0,F1,75,,,,,
2025-02-28,2025-02-28,FO,NSE,IDO,56882,,NIFTY,,2025-03-27,2025-03-27,25450.0,CE,NIFTY25MAR25450CE,3.65,4.2,3.55,4.2,4.2,4.3,22124.7,0.05,7725,3975,84,160359082.5,65,F1,75,,,,,
2025-02-28,2025-02-28,FO,NSE,IDO,53976,,NIFTY,,2025-03-27,2025-03-27,23800.0,CE,NIFTY25MAR23800CE,17.45,17.65,10.9,13.0,13.3,20.3,22124.7,13.0,771000,108750,31262,55834121208.75,13398,F1,75,,,,,
2025-02-28,2025-02-28,FO,NSE,IDO,51473,,NIFTY,,2025-03-27,2025-03-27,23600.0,CE,NIFTY25MAR23600CE,26.0,29.85,17.0,18.4,17.35,35.4,22124.7,18.4,624900,-80625,30036,53210931123.75,12604,F1,75,,,,,
2025-02-28,2025-02-28,FO,NSE,IDO,46976,,NIFTY,,2025-03-27,2025-03-27,22200.0,CE,NIFTY25MAR22200CE,555.0,555.0,337.4,360.7,355.0,625.85,22124.7,360.7,397650,333900,19022,32221426518.75,14116,F1,75,,,,,
2025-02-28,2025-02-28,FO,NSE,IDO,46900,,NIFTY,,2025-03-27,2025-03-27,21700.0,CE,NIFTY25MAR21700CE,880.05,889.05,673.0,698.55,688.55,1032.95,22124.7,698.55,18975,10350,294,494469866.25,233,F1,75,,,,,
2025-02-28,2025-02-28,FO,NSE,IDO,46831,,NIFTY,,2025-03-27,2025-03-27,21150.0,CE,NIFTY25MAR21150CE,1174.25,1176.05,1174.25,1175.25,1176.05,2129.75,22124.7,1175.25,600,525,7,11720737.5,7,F1,75,,,,,
2025-02-28,2025-02-28,FO,NSE,IDO,64560,,NIFTY,,2025-03-27,2025-03-27,21000.0,CE,NIFTY25MAR21000CE,1515.0,1517.3,1260.0,1304.2,1300.0,1683.05,22124.7,1304.2,836700,36225,2533,4247989342.5,1511,F1,75,,,,,
2025-02-28,2025-02-28,FO,NSE,IDO,50309,,NIFTY,,2025-03-20,2025-03-20,24650.0,CE,NIFTY2532024650CE,3.65,3.95,3.3,3.85,3.85,6.6,22124.7,0.1,4800,600,21,38829547.5,18,F1,75,,,,,
2025-02-28,2025-02-28,FO,NSE,IDO,50247,,NIFTY,,2025-03-20,2025-03-20,23600.0,CE,NIFTY2532023600CE,12.0,12.6,8.8,9.2,8.9,16.15,22124.7,9.2,20850,3150,579,1025267302.5,173,F1,75,,,,,
2025-02-28,2025-02-28,FO,NSE,IDO,50199,,NIFTY,,2025-03-20,2025-03-20,22600.0,CE,NIFTY2532022600CE,239.1,239.1,110.55,119.2,115.6,293.65,22124.7,119.2,33825,22350,1736,2960799247.5,1126,F1,75,,,,,
2025-02-28,2025-02-28,FO,NSE,IDO,50183,,NIFTY,,2025-03-20,2025-03-20,22450.0,CE,NIFTY2532022450CE,172.5,185.85,172.4,174.45,173.4,389.0,22124.7,174.45,3000,2775,53,89932098.75,26,F1,75,,,,,
2025-02-28,2025-02-28,FO,NSE,IDO,50177,,NIFTY,,2025-03-20,2025-03-20,22300.0,CE,NIFTY2532022300CE,377.3,377.3,205.05,240.35,236.4,490.0,22124.7,240.35,83400,82575,3359,5685417416.25,2523,F1,75,,,,,
2025-02-28,2025-02-28,FO,NSE,IDO,50131,,NIFTY,,2025-03-20,2025-03-20,21650.0,CE,NIFTY2532021650CE,680.95,680.95,680.95,680.95,680.95,1573.15,22124.7,680.95,75,75,1,1674821.25,1,F1,75,,,,,
2025-02-28,2025-02-28,FO,NSE,IDO,50081,,NIFTY,,2025-03-20,2025-03-20,20950.0,CE,NIFTY2532020950CE,1303.15,1303.15,1303.15,1303.15,1303.15,2233.85,22124.7,1303.15,75,75,1,1668986.25,1,F1,75,,,,,
2025-02-28,2025-02-28,FO,NSE,IDO,45655,,NIFTY,,2025-03-13,2025-03-13,25350.0,CE,NIFTY2531325350CE,1.75,2.0,1.7,1.8,1.85,2.0,22124.7,1.8,65250,12600,794,1509701100.0,225,F1,75,,,,,
2025-02-28,2025-02-28,FO,NSE,IDO,45636,,NIFTY,,2025-03-13,2025-03-13,24950.0,CE,NIFTY2531324950CE,2.15,2.55,1.75,2.05,1.85,2.1,22124.7,2.05,5700,-1350,59,110412577.5,49,F1,75,,,,,
2025-02-28,2025-02-28,FO,NSE,IDO,45633,,NIFTY,,2025-03-13,2025-03-13,24900.0,CE,NIFTY2531324900CE,2.4,2.4,1.65,1.95,1.95,2.5,22124.7,1.95,8025,1575,126,235323311.25,49,F1,75,,,,,
2025-02-28,2025-02-28,FO,NSE,IDO,45615,,NIFTY,,2025-03-13,2025-03-13,24700.0,CE,NIFTY2531324700CE,1.9,2.45,1.9,2.1,2.0,1.9,22124.7,2.1,5400,2325,99,183413542.5,64,F1,75,,,,,
2025-02-28,2025-02-28,FO,NSE,IDO,61914,,NIFTY,,2029-12-27,2029-12-27,29000.0,CE,NIFTY29DEC29000CE,0.0,0.0,0.0,5305.8,0.0,5305.8,22124.7,3027.7,0,0,0,0.0,0,F1,75,,,,,
2025-02-28,2025-02-28,FO,NSE,IDO,67784,,NIFTY,,2028-12-28,2028-12-28,25000.0,CE,NIFTY28DEC25000CE,0.0,0.0,0.0,5350.4,0.0,5350.4,22124.7,3734.7,0,0,0,0.0,0,F1,75,,,,,
2025-02-28,2025-02-28,FO,NSE,IDO,58636,,NIFTY,,2026-12-31,2026-12-31,16000.0,CE,NIFTY26DEC16000CE,0.0,0.0,0.0,6200.0,6200.0,6200.0,22124.7,7934.35,50,0,0,0.0,0,F1,75,,,,,
2025-02-28,2025-02-28,FO,NSE,IDO,39989,,NIFTY,,2026-06-25,2026-06-25,19000.0,CE,NIFTY26JUN19000CE,0.0,0.0,0.0,5792.0,5792.0,5792.0,22124.7,4766.5,100,0,0,0.0,0,F1,75,,,,,
2025-02-28,2025-02-28,FO,NSE,IDO,50556,,NIFTY,,2026-06-25,2026-06-25,18000.0,CE,NIFTY26JUN18000CE,0.0,0.0,0.0,7400.0,7400.0,7400.0,22124.7,5637.65,100,0,0,0.0,0,F1,75,,,,,
2025-02-28,2025-02-28,FO,NSE,IDO,58624,,NIFTY,,2026-06-25,2026-06-25,12000.0,CE,NIFTY26JUN12000CE,0.0,0.0,0.0,8690.0,8690.0,8690.0,22124.7,11111.75,50,0,0,0.0,0,F1,75,,,,,
2025-02-28,2025-02-28,FO,NSE,IDO,38150,,NIFTY,,2025-06-26,2025-06-26,29000.0,CE,NIFTY25JUN29000CE,12.5,12.8,11.8,12.6,12.8,12.5,22124.7,12.6,52075,-1500,77,167546043.75,24,F1,75,,,,,
2025-02-28,2025-02-28,FO,NSE,IDO,50969,,NIFTY,,2025-06-26,2025-06-26,27000.0,CE,NIFTY25JUN27000CE,19.95,19.95,17.0,17.65,18.0,19.9,22124.7,17.65,438250,-9275,786,1592694843.75,483,F1,75,,,,,
2025-02-28,2025-02-28,FO,NSE,IDO,71379,,NIFTY,,2025-06-26,2025-06-26,24000.0,CE,NIFTY25JUN24000CE,254.4,263.0,180.35,185.7,180.85,286.85,22124.7,185.7,761300,98025,8042,14598402573.75,4878,F1,75,,,,,
2025-02-28,2025-02-28,FO,NSE,IDO,53630,,NIFTY,,2027-12-30,2027-12-30,26000.0,PE,NIFTY27DEC26000PE,0.0,0.0,0.0,1951.6,1951.6,1951.6,22124.7,1721.3,75,0,0,0.0,0,F1,75,,,,,
2025-02-28,2025-02-28,FO,NSE,IDO,86140,,NIFTY,,2028-06-29,2028-06-29,18000.0,PE,NIFTY28JUN18000PE,0.0,0.0,0.0,396.75,0.0,396.75,22124.7,73.6,0,0,0,0.0,0,F1,75,,,,,
2025-02-28,2025-02-28,FO,NSE,IDO,86162,,NIFTY,,2028-06-29,2028-06-29,26000.0,PE,NIFTY28JUN26000PE,0.0,0.0,0.0,2370.3,0.0,2370.3,22124.7,1550.75,0,0,0,0.0,0,F1,75,,,,,
2025-02-28,2025-02-28,FO,NSE,IDO,86166,,NIFTY,,2028-06-29,2028-06-29,28000.0,PE,NIFTY28JUN28000PE,0.0,0.0,0.0,3161.35,0.0,3161.35,22124.7,2387.4,0,0,0,0.0,0,F1,75,,,,,
2025-02-28,2025-02-28,FO,NSE,IDO,67791,,NIFTY,,2028-12-28,2028-12-28,28000.0,PE,NIFTY28DEC28000PE,0.0,0.0,0.0,1697.6,0.0,1697.6,22124.7,2143.0,0,0,0,0.0,0,F1,75,,,,,
2025-02-28,2025-02-28,FO,NSE,IDO,61795,,NIFTY,,2029-12-27,2029-12-27,27000.0,PE,NIFTY29DEC27000PE,0.0,0.0,0.0,1177.9,0.0,1177.9,22124.7,1428.3,0,0,0,0.0,0,F1,75,,,,,
2025-02-28,2025-02-28,FO,NSE,IDO,68386,,NIFTY,,2025-03-06,2025-03-06,21300.0,CE,NIFTY2530621300CE,1120.0,1120.05,866.95,895.7,895.0,1290.0,22124.7,895.7,1875,750,100,166674420.0,58,F1,75,,,,,
2025-02-28,2025-02-28,FO,NSE,IDO,68413,,NIFTY,,2025-03-06,2025-03-06,21900.0,CE,NIFTY2530621900CE,650.0,650.0,306.7,338.35,329.5,710.25,22124.7,338.35,109425,88200,19912,33250824678.75,13103,F1,75,,,,,
2025-02-28,2025-02-28,FO,NSE,IDO,68438,,NIFTY,,2025-03-06,2025-03-06,22450.0,CE,NIFTY2530622450CE,184.2,184.2,39.65,46.3,42.25,233.1,22124.7,46.3,2365950,2161200,722283,1219874307652.5,414824,F1,75,,,,,
2025-02-28,2025-02-28,FO,NSE,IDO,68470,,NIFTY,,2025-03-06,2025-03-06,23050.0,CE,NIFTY2530623050CE,11.3,11.3,2.6,2.9,2.7,12.5,22124.7,2.9,1713225,1034325,317864,549594327892.5,79545,F1,75,,,,,
2025-02-28,2025-02-28,FO,NSE,IDO,68476,,NIFTY,,2025-03-06,2025-03-06,23200.0,CE,NIFTY2530623200CE,3.35,4.3,1.85,2.1,2.15,4.85,22124.7,2.1,6547350,4283700,654394,1138767069255.0,131353,F1,75,,,,,
2025-02-28,2025-02-28,FO,NSE,IDO,68482,,NIFTY,,2025-03-06,2025-03-06,23350.0,CE,NIFTY2530623350CE,2.8,3.35,1.4,1.6,1.6,2.6,22124.7,1.6,711525,319050,140329,245770932885.0,33479,F1,75,,,,,
2025-02-28,2025-02-28,FO,NSE,IDO,68588,,NIFTY,,2025-03-06,2025-03-06,23850.0,CE,NIFTY2530623850CE,1.3,1.65,1.05,1.2,1.2,1.45,22124.7,1.2,154275,71775,58139,104001556725.0,17104,F1,75,,,,,
2025-02-28,2025-02-28,FO,NSE,IDO,68590,,NIFTY,,2025-03-06,2025-03-06,23900.0,CE,NIFTY2530623900CE,1.35,1.65,1.0,1.2,1.15,1.35,22124.7,1.2,754875,297300,131484,235696865767.5,31285,F1,75,,,,,
2025-02-28,2025-02-28,FO,NSE,IDO,68612,,NIFTY,,2025-03-06,2025-03-06,24350.0,CE,NIFTY2530624350CE,1.35,1.4,1.0,1.1,1.2,1.15,22124.7,1.1,57525,38700,17608,32158126815.0,4509,F1,75,,,,,
2025-02-28,2025-02-28,FO,NSE,IDO,68627,,NIFTY,,2025-03-06,2025-03-06,24650.0,CE,NIFTY2530624650CE,1.1,1.95,0.95,1.05,1.0,1.05,22124.7,1.05,49050,24075,10544,19494084727.5,2444,F1,75,,,,,
2025-02-28,2025-02-28,FO,NSE,IDO,68656,,NIFTY,,2025-03-06,2025-03-06,25050.0,CE,NIFTY2530625050CE,0.9,1.4,0.85,1.0,0.9,1.1,22124.7,1.0,132225,121875,17977,33775672672.5,3835,F1,75,,,,,
2025-02-28,2025-02-28,FO,NSE,IDO,68668,,NIFTY,,2025-03-06,2025-03-06,25200.0,CE,NIFTY2530625200CE,1.0,1.25,0.9,1.05,0.95,1.05,22124.7,1.05,304350,147300,27483,51945043462.5,5381,F1,75,,,,,
2025-02-28,2025-02-28,FO,NSE,IDO,68724,,NIFTY,,2025-03-06,2025-03-06,25350.0,CE,NIFTY2530625350CE,1.3,1.3,0.9,1.0,1.0,1.1,22124.7,1.0,127425,108675,20068,38155824101.25,3401,F1,75,,,,,
2025-02-28,2025-02-28,FO,NSE,IDO,45392,,NIFTY,,2025-03-13,2025-03-13,21050.0,CE,NIFTY2531321050CE,1191.05,1191.05,1188.0,1188.0,1188.0,2702.65,22124.7,1127.25,150,150,2,3335928.75,2,F1,75,,,,,
2025-02-28,2025-02-28,FO,NSE,IDO,45396,,NIFTY,,2025-03-13,2025-03-13,21150.0,CE,NIFTY2531321150CE,1090.6,1090.6,1090.6,1090.6,1090.6,1761.3,22124.7,1030.0,150,75,1,1668045.0,1,F1,75,,,,,
2025-02-28,2025-02-28,FO,NSE,IDO,45444,,NIFTY,,2025-03-13,2025-03-13,22100.0,CE,NIFTY2531322100CE,459.0,459.0,262.45,286.05,282.95,580.35,22124.7,286.05,112875,111825,6514,10941163256.25,4911,F1,75,,,,,
2025-02-28,2025-02-28,FO,NSE,IDO,45450,,NIFTY,,2025-03-13,2025-03-13,22200.0,CE,NIFTY2531322200CE,400.0,400.0,208.7,229.1,222.95,494.05,22124.7,229.1,430275,351975,23987,40380400361.25,16381,F1,75,,,,,
2025-02-28,2025-02-28,FO,NSE,IDO,45464,,NIFTY,,2025-03-13,2025-03-13,22450.0,CE,NIFTY2531322450CE,264.1,264.1,103.7,114.8,112.5,312.35,22124.7,114.8,82050,69300,8323,14105505798.75,6144,F1,75,,,,,
2025-02-28,2025-02-28,FO,NSE,IDO,45474,,NIFTY,,2025-03-13,2025-03-13,22650.0,CE,NIFTY2531322650CE,134.6,134.6,51.95,58.2,57.35,193.15,22124.7,58.2,95325,54375,12017,20476911930.0,7604,F1,75,,,,,
2025-02-28,2025-02-28,FO,NSE,IDO,45488,,NIFTY,,2025-03-13,2025-03-13,23000.0,CE,NIFTY2531323000CE,45.0,47.7,14.0,16.45,15.55,60.2,22124.7,16.45,942075,209550,66943,115584071538.75,37325,F1,75,,,,,
2025-02-28,2025-02-28,FO,NSE,IDO,45510,,NIFTY,,2025-03-13,2025-03-13,23200.0,CE,NIFTY2531323200CE,19.5,19.95,7.9,8.6,7.9,25.9,22124.7,8.6,281325,20325,25160,43798488408.75,15347,F1,75,,,,,
2025-02-28,2025-02-28,FO,NSE,IDO,45517,,NIFTY,,2025-03-13,2025-03-13,23250.0,CE,NIFTY2531323250CE,17.6,19.2,6.1,7.55,6.85,20.8,22124.7,7.55,69900,31875,5634,9827903141.25,3167,F1,75,,,,,
2025-02-28,2025-02-28,FO,NSE,IDO,45538,,NIFTY,,2025-03-13,2025-03-13,23700.0,CE,NIFTY2531323700CE,3.2,3.95,2.85,3.6,3.45,3.75,22124.7,3.6,128925,-17100,7164,12735786315.0,3702,F1,75,,,,,
2025-02-28,2025-02-28,FO,NSE,IDO,45540,,NIFTY,,2025-03-13,2025-03-13,23750.0,CE,NIFTY2531323750CE,3.55,3.55,2.1,3.45,3.2,4.05,22124.7,3.45,57225,-4275,1454,2590292055.0,688,F1,75,,,,,
2025-02-28,2025-02-28,FO,NSE,IDO,45586,,NIFTY,,2025-03-13,2025-03-13,24300.0,CE,NIFTY2531324300CE,2.45,2.55,1.55,2.35,2.25,2.4,22124.7,2.35,16275,-1800,501,913156402.5,257,F1,75,,,,,
2025-02-28,2025-02-28,FO,NSE,IDO,45593,,NIFTY,,2025-03-13,2025-03-13,24400.0,CE,NIFTY2531324400CE,2.15,2.4,2.0,2.25,2.15,2.15,22124.7,2.25,19050,14475,509,931554573.75,176,F1,75,,,,,
2025-02-28,2025-02-28,FO,NSE,IDO,50133,,NIFTY,,2025-03-20,2025-03-20,21700.0,CE,NIFTY2532021700CE,650.8,650.8,650.8,650.8,650.8,1528.1,22124.7,594.4,75,75,1,1676310.0,1,F1,75,,,,,
2025-02-28,2025-02-28,FO,NSE,IDO,50145,,NIFTY,,2025-03-20,2025-03-20,21950.0,CE,NIFTY2532021950CE,451.8,454.5,451.8,453.6,453.6,1309.0,22124.7,453.6,525,525,7,11761878.75,7,F1,75,,,,,
2025-02-28,2025-02-28,FO,NSE,IDO,50201,,NIFTY,,2025-03-20,2025-03-20,22650.0,CE,NIFTY2532022650CE,105.6,110.85,104.2,107.7,104.2,255.0,22124.7,107.7,375,0,6,10240953.75,6,F1,75,,,,,
2025-02-28,2025-02-28,FO,NSE,IDO,50205,,NIFTY,,2025-03-20,2025-03-20,22750.0,CE,NIFTY2532022750CE,157.35,157.35,73.7,77.8,74.35,229.7,22124.7,77.8,8400,7950,291,498508972.5,156,F1,75,,,,,
2025-02-28,2025-02-28,FO,NSE,IDO,50239,,NIFTY,,2025-03-20,2025-03-20,23400.0,CE,NIFTY2532023400CE,22.0,23.1,13.05,13.35,13.25,31.75,22124.7,13.35,16800,-1500,977,1715870617.5,321,F1,75,,,,,
2025-02-28,2025-02-28,FO,NSE,IDO,50279,,NIFTY,,2025-03-20,2025-03-20,24100.0,CE,NIFTY2532024100CE,5.0,5.75,4.3,5.15,5.0,7.8,22124.7,5.15,8850,-750,73,131974852.5,25,F1,75,,,,,
2025-02-28,2025-02-28,FO,NSE,IDO,50291,,NIFTY,,2025-03-20,2025-03-20,24350.0,CE,NIFTY2532024350CE,0.0,0.0,0.0,102.7,0.0,102.7,22124.7,0.35,0,0,0,0.0,0,F1,75,,,,,
2025-02-28,2025-02-28,FO,NSE,IDO,50307,,NIFTY,,2025-03-20,2025-03-20,24600.0,CE,NIFTY2532024600CE,4.75,4.75,4.75,4.75,4.75,5.0,22124.7,0.1,4350,75,1,1845356.25,1,F1,75,,,,,
2025-02-28,2025-02-28,FO,NSE,IDO,46814,,NIFTY,,2025-03-27,2025-03-27,20800.0,CE,NIFTY25MAR20800CE,1680.0,1680.0,1471.0,1475.5,1480.0,1870.85,22124.7,1475.5,6450,225,7,11723081.25,7,F1,75,,,,,
2025-02-28,2025-02-28,FO,NSE,IDO,46874,,NIFTY,,2025-03-27,2025-03-27,21400.0,CE,NIFTY25MAR21400CE,1125.95,1134.8,912.0,947.7,948.0,1303.9,22124.7,947.7,3000,1200,44,73839195.0,33,F1,75,,,,,
2025-02-28,2025-02-28,FO,NSE,IDO,46942,,NIFTY,,2025-03-27,2025-03-27,21950.0,CE,NIFTY25MAR21950CE,539.0,540.45,489.75,515.6,511.5,2301.2,22124.7,515.6,10275,10275,459,773563976.25,438,F1,75,,,,,
2025-02-28,2025-02-28,FO,NSE,IDO,48192,,NIFTY,,2025-03-27,2025-03-27,22850.0,CE,NIFTY25MAR22850CE,210.0,210.0,91.35,97.5,95.25,229.85,22124.7,97.5,134025,58575,4891,8424582056.25,3339,F1,75,,,,,
2025-02-28,2025-02-28,FO,NSE,IDO,48245,,NIFTY,,2025-03-27,2025-03-27,22950.0,CE,NIFTY25MAR22950CE,150.0,150.0,72.1,76.7,73.8,188.6,22124.7,76.7,113550,27150,4913,8490772008.75,3251,F1,75,,,,,
2025-02-28,2025-02-28,FO,NSE,IDO,48347,,NIFTY,,2025-03-27,2025-03-27,23100.0,CE,NIFTY25MAR23100CE,105.1,105.1,49.6,53.2,50.25,134.4,22124.7,53.2,610800,99675,29756,51702971201.25,15596,F1,75,,,,,
2025-02-28,2025-02-28,FO,NSE,IDO,64566,,NIFTY,,2025-03-27,2025-03-27,24000.0,CE,NIFTY25MAR24000CE,11.9,12.35,9.25,10.2,9.65,12.55,22124.7,10.2,3815925,-167600,64570,116275253872.5,26238,F1,75,,,,,
2025-02-28,2025-02-28,FO,NSE,IDO,56546,,NIFTY,,2025-03-27,2025-03-27,24800.0,CE,NIFTY25MAR24800CE,4.65,7.45,4.1,5.95,5.55,5.4,22124.7,5.95,161175,27075,3060,5692814036.25,1325,F1,75,,,,,
2025-02-28,2025-02-28,FO,NSE,IDO,56572,,NIFTY,,2025-03-27,2025-03-27,24950.0,CE,NIFTY25MAR24950CE,4.35,6.8,3.9,5.5,5.45,5.6,22124.7,5.5,9300,2325,266,497845942.5,201,F1,75,,,,,
2025-02-28,2025-02-28,FO,NSE,IDO,56880,,NIFTY,,2025-03-27,2025-03-27,25400.0,CE,NIFTY25MAR25400CE,3.8,5.45,3.5,4.8,4.65,4.55,22124.7,4.8,19575,-2550,183,348671745.0,97,F1,75,,,,,
2025-02-28,2025-02-28,FO,NSE,IDO,56886,,NIFTY,,2025-03-27,2025-03-27,25550.0,CE,NIFTY25MAR25550CE,3.65,4.1,3.4,3.5,3.5,4.85,22124.7,0.05,3225,0,88,168655091.25,26,F1,75,,,,,
2025-02-28,2025-02-28,FO,NSE,IDO,54500,,NIFTY,,2025-04-03,2025-04-03,20850.0,CE,NIFTY2540320850CE,0.0,0.0,0.0,2247.8,0.0,2247.8,22124.7,1420.8,0,0,0,0.0,0,F1,75,,,,,
2025-02-28,2025-02-28,FO,NSE,IDO,54558,,NIFTY,,2025-04-03,2025-04-03,21500.0,CE,NIFTY2540321500CE,0.0,0.0,0.0,1641.15,0.0,1641.15,22124.7,852.15,0,0,0,0.0,0,F1,75,,,,,
2025-02-28,2025-02-28,FO,NSE,IDO,54576,,NIFTY,,2025-04-03,2025-04-03,21950.0,CE,NIFTY2540321950CE,0.0,0.0,0.0,1255.0,0.0,1255.0,22124.7,532.25,0,0,0,0.0,0,F1,75,,,,,
2025-02-28,2025-02-28,FO,NSE,IDO,54578,,NIFTY,,2025-04-03,2025-04-03,22000.0,CE,NIFTY2540322000CE,620.0,620.0,527.45,545.7,538.3,1214.55,22124.7,545.7,900,900,25,42277391.25,22,F1,75,,,,,
2025-02-28,2025-02-28,FO,NSE,IDO,54586,,NIFTY,,2025-04-03,2025-04-03,22200.0,CE,NIFTY2540322200CE,508.75,508.75,402.3,420.45,420.45,1058.55,22124.7,420.45,2325,2325,46,78056332.5,31,F1,75,,,,,
2025-02-28,2025-02-28,FO,NSE,IDO,54590,,NIFTY,,2025-04-03,2025-04-03,22300.0,CE,NIFTY2540322300CE,705.15,705.15,353.4,362.0,362.0,985.15,22124.7,362.0,5025,5025,93,158496858.75,50,F1,75,,,,,
2025-02-28,2025-02-28,FO,NSE,IDO,54615,,NIFTY,,2025-04-03,2025-04-03,22500.0,CE,NIFTY2540322500CE,387.1,387.1,250.0,266.35,266.15,478.0,22124.7,266.35,795150,788775,10978,18772738755.0,1037,F1,75,,,,,
2025-02-28,2025-02-28,FO,NSE,IDO,54621,,NIFTY,,2025-04-03,2025-04-03,22600.0,CE,NIFTY2540322600CE,414.35,414.35,208.1,229.05,226.15,420.9,22124.7,229.05,4050,-1650,149,255537926.25,71,F1,75,,,,,
2025-02-28,2025-02-28,FO,NSE,IDO,54634,,NIFTY,,2025-04-03,2025-04-03,22900.0,CE,NIFTY2540322900CE,188.0,188.0,129.05,130.0,130.0,299.0,22124.7,131.95,150,-150,5,8642212.5,5,F1,75,,,,,
2025-02-28,2025-02-28,FO,NSE,IDO,54640,,NIFTY,,2025-04-03,2025-04-03,23000.0,CE,NIFTY2540323000CE,156.65,162.0,93.25,104.25,103.5,220.0,22124.7,104.25,10125,4950,381,660457308.75,265,F1,75,,,,,
2025-02-28,2025-02-28,FO,NSE,IDO,54683,,NIFTY,,2025-04-03,2025-04-03,23350.0,CE,NIFTY2540323350CE,62.55,62.55,51.55,57.05,51.55,383.7,22124.7,57.05,75,75,2,3511057.5,2,F1,75,,,,,
2025-02-28,2025-02-28,FO,NSE,IDO,54839,,NIFTY,,2025-04-03,2025-04-03,24150.0,CE,NIFTY2540324150CE,0.0,0.0,0.0,147.1,0.0,147.1,22124.7,8.05,0,0,0,0.0,0,F1,75,,,,,
2025-02-28,2025-02-28,FO,NSE,IDO,79229,,NIFTY,,2025-04-24,2025-04-24,21000.0,CE,NIFTY25APR21000CE,1722.0,1722.0,1462.4,1487.75,1485.0,1856.55,22124.7,1487.75,55575,40725,777,1312112317.5,425,F1,75,,,,,
2025-02-28,2025-02-28,FO,NSE,IDO,79233,,NIFTY,,2025-04-24,2025-04-24,21100.0,CE,NIFTY25APR21100CE,1418.1,1418.1,1417.3,1417.7,1417.3,2554.15,22124.7,1417.7,150,150,2,3377655.0,2,F1,75,,,,,
2025-02-28,2025-02-28,FO,NSE,IDO,79245,,NIFTY,,2025-04-24,2025-04-24,21250.0,CE,NIFTY25APR21250CE,1292.95,1294.05,1292.95,1293.5,1293.15,2418.95,22124.7,1293.5,300,300,4,6763042.5,4,F1,75,,,,,
2025-02-28,2025-02-28,FO,NSE,IDO,79264,,NIFTY,,2025-04-24,2025-04-24,21700.0,CE,NIFTY25APR21700CE,933.55,934.25,933.55,933.8,933.6,1656.55,22124.7,933.8,300,225,3,5092605.0,3,F1,75,,,,,
2025-02-28,2025-02-28,FO,NSE,IDO,79507,,NIFTY,,2025-04-24,2025-04-24,23650.0,CE,NIFTY25APR23650CE,94.8,94.8,64.0,65.35,65.5,129.5,22124.7,65.35,3225,675,22,39132075.0,16,F1,75,,,,,
2025-02-28,2025-02-28,FO,NSE,IDO,61355,,NIFTY,,2025-05-29,2025-05-29,21000.0,CE,NIFTY25MAY21000CE,0.0,0.0,0.0,2028.45,0.0,2028.45,22124.7,1571.05,0,0,0,0.0,0,F1,75,,,,,
2025-02-28,2025-02-28,FO,NSE,IDO,45546,,NIFTY,,2025-03-13,2025-03-13,23900.0,CE,NIFTY2531323900CE,2.3,3.1,2.25,2.9,2.7,3.1,22124.7,2.9,48600,-21450,2709,4856438951.25,1607,F1,75,,,,,
2025-02-28,2025-02-28,FO,NSE,IDO,45556,,NIFTY,,2025-03-13,2025-03-13,24150.0,CE,NIFTY2531324150CE,3.15,3.15,2.35,2.6,2.5,2.15,22124.7,2.6,12975,6600,227,411197793.75,95,F1,75,,,,,
2025-02-28,2025-02-28,FO,NSE,IDO,45597,,NIFTY,,2025-03-13,2025-03-13,24450.0,CE,NIFTY2531324450CE,2.3,2.4,1.9,2.15,2.1,2.55,22124.7,2.15,3750,-2400,195,357613410.0,98,F1,75,,,,,
2025-02-28,2025-02-28,FO,NSE,IDO,45653,,NIFTY,,2025-03-13,2025-03-13,25300.0,CE,NIFTY2531325300CE,1.8,1.9,1.7,1.85,1.85,2.0,22124.7,1.85,51525,14250,518,982975196.25,147,F1,75,,,,,
2025-02-28,2025-02-28,FO,NSE,IDO,50077,,NIFTY,,2025-03-20,2025-03-20,20850.0,CE,NIFTY2532020850CE,1393.15,1393.15,1393.15,1393.15,1393.15,2331.15,22124.7,1393.15,75,75,1,1668236.25,1,F1,75,,,,,
2025-02-28,2025-02-28,FO,NSE,IDO,50119,,NIFTY,,2025-03-20,2025-03-20,21450.0,CE,NIFTY2532021450CE,852.6,852.85,852.6,852.75,852.85,1756.95,22124.7,852.75,150,150,2,3345408.75,2,F1,75,,,,,
2025-02-28,2025-02-28,FO,NSE,IDO,61859,,NIFTY,,2029-12-27,2029-12-27,28000.0,PE,NIFTY29DEC28000PE,0.0,0.0,0.0,1411.3,0.0,1411.3,22124.7,1741.05,0,0,0,0.0,0,F1,75,,,,,
2025-02-28,2025-02-28,FO,NSE,IDO,89627,,NIFTY,,2029-06-28,2029-06-28,22000.0,PE,NIFTY29JUN22000PE,0.0,0.0,0.0,422.0,0.0,422.0,22124.7,416.0,0,0,0,0.0,0,F1,75,,,,,
2025-02-28,2025-02-28,FO,NSE,IDO,67789,,NIFTY,,2028-12-28,2028-12-28,27000.0,PE,NIFTY28DEC27000PE,0.0,0.0,0.0,1413.85,0.0,1413.85,22124.7,1750.15,0,0,0,0.0,0,F1,75,,,,,
2025-02-28,2025-02-28,FO,NSE,IDO,86144,,NIFTY,,2028-06-29,2028-06-29,20000.0,PE,NIFTY28JUN20000PE,0.0,0.0,0.0,400.0,400.0,400.0,22124.7,208.65,0,0,0,0.0,0,F1,75,,,,,
2025-02-28,2025-02-28,FO,NSE,IDO,53615,,NIFTY,,2027-12-30,2027-12-30,21000.0,PE,NIFTY27DEC21000PE,0.0,0.0,0.0,582.95,582.95,582.95,22124.7,333.95,50,0,0,0.0,0,F1,75,,,,,
2025-02-28,2025-02-28,FO,NSE,IDO,50550,,NIFTY,,2027-06-24,2027-06-24,28000.0,PE,NIFTY27JUN28000PE,0.0,0.0,0.0,5959.35,0.0,5959.35,22124.7,3013.4,0,0,0,0.0,0,F1,75,,,,,
2025-02-28,2025-02-28,FO,NSE,IDO,71561,,NIFTY,,2027-06-24,2027-06-24,24000.0,PE,NIFTY27JUN24000PE,0.0,0.0,0.0,5056.2,0.0,5056.2,22124.7,1093.0,0,0,0,0.0,0,F1,75,,,,,
2025-02-28,2025-02-28,FO,NSE,IDO,50976,,NIFTY,,2026-06-25,2026-06-25,27000.0,PE,NIFTY26JUN27000PE,0.0,0.0,0.0,6810.7,0.0,6810.7,22124.7,3136.45,0,0,0,0.0,0,F1,75,,,,,
2025-02-28,2025-02-28,FO,NSE,IDO,51455,,NIFTY,,2026-06-25,2026-06-25,21000.0,PE,NIFTY26JUN21000PE,0.0,0.0,0.0,365.35,365.35,365.35,22124.7,319.6,1200,0,0,0.0,0,F1,75,,,,,
2025-02-28,2025-02-28,FO,NSE,IDO,38380,,NIFTY,,2026-06-25,2026-06-25,20000.0,PE,NIFTY26JUN20000PE,0.0,0.0,0.0,3159.75,0.0,3159.75,22124.7,168.2,0,0,0,0.0,0,F1,75,,,,,
2025-02-28,2025-02-28,FO,NSE,IDO,38153,,NIFTY,,2025-12-24,2025-12-24,29000.0,PE,NIFTY25DEC29000PE,4991.6,5200.0,4991.6,5200.0,5200.0,4292.55,22124.7,5200.0,11700,-150,10,25524161.25,10,F1,75,,,,,
2025-02-28,2025-02-28,FO,NSE,IDO,50544,,NIFTY,,2025-12-24,2025-12-24,28000.0,PE,NIFTY25DEC28000PE,4000.0,4303.0,4000.0,4297.8,4298.0,3904.2,22124.7,4297.8,315075,225,16,38664573.75,16,F1,75,,,,,
2025-02-28,2025-02-28,FO,NSE,IDO,71398,,NIFTY,,2025-12-24,2025-12-24,25000.0,PE,NIFTY25DEC25000PE,1784.0,1947.85,1784.0,1910.05,1920.0,1659.45,22124.7,1910.05,303550,-6450,358,721256445.0,243,F1,75,,,,,
2025-02-28,2025-02-28,FO,NSE,IDO,64693,,NIFTY,,2025-09-25,2025-09-25,24000.0,PE,NIFTY25SEP24000PE,1245.0,1452.55,1245.0,1414.85,1417.25,1159.05,22124.7,1414.85,14175,-75,32,60867195.0,30,F1,75,,,,,
2025-02-28,2025-02-28,FO,NSE,IDO,39680,,NIFTY,,2025-06-26,2025-06-26,16000.0,PE,NIFTY25JUN16000PE,7.05,13.15,3.0,11.65,13.15,6.75,22124.7,11.65,3000,600,13,15607005.0,8,F1,75,,,,,
2025-02-28,2025-02-28,FO,NSE,IDO,40091,,NIFTY,,2025-06-26,2025-06-26,15000.0,PE,NIFTY25JUN15000PE,0.0,0.0,0.0,7.5,7.5,7.5,22124.7,0.05,3950,0,0,0.0,0,F1,75,,,,,
2025-02-28,2025-02-28,FO,NSE,IDO,61550,,NIFTY,,2025-05-29,2025-05-29,23600.0,PE,NIFTY25MAY23600PE,0.0,0.0,0.0,1082.6,0.0,1082.6,22124.7,1304.3,0,0,0,0.0,0,F1,75,,,,,
2025-02-28,2025-02-28,FO,NSE,IDO,61536,,NIFTY,,2025-05-29,2025-05-29,23250.0,PE,NIFTY25MAY23250PE,0.0,0.0,0.0,870.5,0.0,870.5,22124.7,1048.65,0,0,0,0.0,0,F1,75,,,,,
2025-02-28,2025-02-28,FO,NSE,IDO,61522,,NIFTY,,2025-05-29,2025-05-29,22900.0,PE,NIFTY25MAY22900PE,701.0,720.65,701.0,720.65,720.65,683.95,22124.7,720.65,0,0,2,3541623.75,2,F1,75,,,,,
2025-02-28,2025-02-28,FO,NSE,IDO,61516,,NIFTY,,2025-05-29,2025-05-29,22750.0,PE,NIFTY25MAY22750PE,0.0,0.0,0.0,612.15,0.0,612.15,22124.7,730.9,0,0,0,0.0,0,F1,75,,,,,
2025-02-28,2025-02-28,FO,NSE,IDO,61510,,NIFTY,,2025-05-29,2025-05-29,22600.0,PE,NIFTY25MAY22600PE,0.0,0.0,0.0,545.2,0.0,545.2,22124.7,647.6,0,0,0,0.0,0,F1,75,,,,,
2025-02-28,2025-02-28,FO,NSE,IDO,61378,,NIFTY,,2025-05-29,2025-05-29,21250.0,PE,NIFTY25MAY21250PE,0.0,0.0,0.0,149.7,0.0,149.7,22124.7,157.55,0,0,0,0.0,0,F1,75,,,,,
2025-02-28,2025-02-28,FO,NSE,IDO,61370,,NIFTY,,2025-05-29,2025-05-29,21100.0,PE,NIFTY25MAY21100PE,0.0,0.0,0.0,125.65,0.0,125.65,22124.7,129.1,0,0,0,0.0,0,F1,75,,,,,
2025-02-28,2025-02-28,FO,NSE,IDO,61344,,NIFTY,,2025-05-29,2025-05-29,20800.0,PE,NIFTY25MAY20800PE,108.0,121.95,107.0,118.1,117.95,86.55,22124.7,118.1,9900,9900,186,291747735.0,71,F1,75,,,,,
2025-02-28,2025-02-28,FO,NSE,IDO,79736,,NIFTY,,2025-04-24,2025-04-24,25200.0,PE,NIFTY25APR25200PE,2721.15,2721.15,2721.15,2721.15,2721.15,1745.7,22124.7,2721.15,75,75,1,2094086.25,1,F1,75,,,,,
2025-02-28,2025-02-28,FO,NSE,IDO,79673,,NIFTY,,2025-04-24,2025-04-24,24750.0,PE,NIFTY25APR24750PE,2278.6,2279.75,2278.6,2279.2,2279.75,1403.75,22124.7,2279.2,150,150,2,4054376.25,2,F1,75,,,,,
2025-02-28,2025-02-28,FO,NSE,IDO,79645,,NIFTY,,2025-04-24,2025-04-24,24600.0,PE,NIFTY25APR24600PE,2132.6,2135.0,2132.6,2133.85,2135.0,1297.2,22124.7,2133.85,225,225,3,6015116.25,3,F1,75,,,,,
2025-02-28,2025-02-28,FO,NSE,IDO,79504,,NIFTY,,2025-04-24,2025-04-24,23550.0,PE,NIFTY25APR23550PE,1168.9,1168.9,1168.35,1168.65,1168.35,665.0,22124.7,1168.65,150,75,2,3707793.75,2,F1,75,,,,,
2025-02-28,2025-02-28,FO,NSE,IDO,79294,,NIFTY,,2025-04-24,2025-04-24,22100.0,PE,NIFTY25APR22100PE,248.4,335.45,236.65,317.55,315.2,193.65,22124.7,317.55,107775,36525,2166,3638910045.0,1544,F1,75,,,,,
2025-02-28,2025-02-28,FO,NSE,IDO,79290,,NIFTY,,2025-04-24,2025-04-24,22050.0,PE,NIFTY25APR22050PE,256.25,314.1,256.25,304.15,302.0,174.65,22124.7,304.15,4350,4350,78,130694167.5,72,F1,75,,,,,
2025-02-28,2025-02-28,FO,NSE,IDO,79269,,NIFTY,,2025-04-24,2025-04-24,21800.0,PE,NIFTY25APR21800PE,169.95,241.5,157.85,228.25,233.8,133.7,22124.7,228.25,131025,24600,2578,4254608163.75,1703,F1,75,,,,,
2025-02-28,2025-02-28,FO,NSE,IDO,79263,,NIFTY,,2025-04-24,2025-04-24,21650.0,PE,NIFTY25APR21650PE,158.8,201.95,158.6,189.8,191.5,109.0,22124.7,189.8,16050,15750,296,484899948.75,236,F1,75,,,,,
2025-02-28,2025-02-28,FO,NSE,IDO,54859,,NIFTY,,2025-04-03,2025-04-03,24500.0,PE,NIFTY2540324500PE,0.0,0.0,0.0,1475.4,0.0,1475.4,22124.7,2230.4,0,0,0,0.0,0,F1,75,,,,,
2025-02-28,2025-02-28,FO,NSE,IDO,54758,,NIFTY,,2025-04-03,2025-04-03,23750.0,PE,NIFTY2540323750PE,0.0,0.0,0.0,885.45,0.0,885.45,22124.7,1504.25,0,0,0,0.0,0,F1,75,,,,,
2025-02-28,2025-02-28,FO,NSE,IDO,54754,,NIFTY,,2025-04-03,2025-04-03,23650.0,PE,NIFTY2540323650PE,0.0,0.0,0.0,816.9,0.0,816.9,22124.7,1410.8,0,0,0,0.0,0,F1,75,,,,,
2025-02-28,2025-02-28,FO,NSE,IDO,54630,,NIFTY,,2025-04-03,2025-04-03,22800.0,PE,NIFTY2540322800PE,475.0,550.0,475.0,540.0,540.0,387.1,22124.7,694.9,225,-525,8,14000625.0,4,F1,75,,,,,
2025-02-28,2025-02-28,FO,NSE,IDO,54618,,NIFTY,,2025-04-03,2025-04-03,22500.0,PE,NIFTY2540322500PE,347.25,465.85,321.95,443.95,441.0,263.5,22124.7,443.95,790725,785850,10900,18714460695.0,1083,F1,75,,,,,
2025-02-28,2025-02-28,FO,NSE,IDO,54614,,NIFTY,,2025-04-03,2025-04-03,22450.0,PE,NIFTY2540322450PE,375.0,436.75,375.0,412.7,413.45,230.0,22124.7,412.7,200775,200775,2739,4699051151.25,269,F1,75,,,,,
2025-02-28,2025-02-28,FO,NSE,IDO,54595,,NIFTY,,2025-04-03,2025-04-03,22400.0,PE,NIFTY2540322400PE,340.0,405.0,329.55,389.5,402.65,242.15,22124.7,389.5,202725,201600,2751,4704823942.5,249,F1,75,,,,,
2025-02-28,2025-02-28,FO,NSE,IDO,54579,,NIFTY,,2025-04-03,2025-04-03,22000.0,PE,NIFTY2540322000PE,160.9,248.35,160.9,230.15,231.0,121.45,22124.7,230.15,8325,2250,306,509616727.5,184,F1,75,,,,,
2025-02-28,2025-02-28,FO,NSE,IDO,54541,,NIFTY,,2025-04-03,2025-04-03,21300.0,PE,NIFTY2540321300PE,0.0,0.0,0.0,43.0,43.0,43.0,22124.7,63.25,525,0,0,0.0,0,F1,75,,,,,
2025-02-28,2025-02-28,FO,NSE,IDO,56887,,NIFTY,,2025-03-27,2025-03-27,25550.0,PE,NIFTY25MAR25550PE,3233.0,3235.0,3233.0,3233.95,3235.0,1635.05,22124.7,3233.95,225,225,3,6476385.0,3,F1,75,,,,,
2025-02-28,2025-02-28,FO,NSE,IDO,56881,,NIFTY,,2025-03-27,2025-03-27,25400.0,PE,NIFTY25MAR25400PE,3088.5,3092.1,3088.5,3090.3,3092.1,2700.0,22124.7,3090.3,2850,0,2,4273545.0,2,F1,75,,,,,
2025-02-28,2025-02-28,FO,NSE,IDO,56875,,NIFTY,,2025-03-27,2025-03-27,25250.0,PE,NIFTY25MAR25250PE,2934.9,2937.45,2934.9,2936.2,2937.45,1415.9,22124.7,2936.2,225,225,3,6341895.0,3,F1,75,,,,,
2025-02-28,2025-02-28,FO,NSE,IDO,56547,,NIFTY,,2025-03-27,2025-03-27,24800.0,PE,NIFTY25MAR24800PE,2494.8,2494.8,2494.8,2494.8,2494.8,2091.55,22124.7,2494.8,17700,0,1,2047110.0,1,F1,75,,,,,
2025-02-28,2025-02-28,FO,NSE,IDO,51476,,NIFTY,,2025-03-27,2025-03-27,23650.0,PE,NIFTY25MAR23650PE,1091.95,1412.55,1091.95,1369.25,1369.25,977.25,22124.7,1369.25,11625,-9525,260,487631171.25,243,F1,75,,,,,
2025-02-28,2025-02-28,FO,NSE,IDO,51127,,NIFTY,,2025-03-27,2025-03-27,23450.0,PE,NIFTY25MAR23450PE,1064.0,1177.3,1020.55,1177.3,1177.3,804.75,22124.7,1177.3,30075,-3375,69,127118913.75,53,F1,75,,,,,
2025-02-28,2025-02-28,FO,NSE,IDO,51123,,NIFTY,,2025-03-27,2025-03-27,23400.0,PE,NIFTY25MAR23400PE,940.05,1181.65,915.7,1137.9,1139.4,769.9,22124.7,1137.9,96225,-23400,576,1056765528.75,467,F1,75,,,,,
2025-02-28,2025-02-28,FO,NSE,IDO,46987,,NIFTY,,2025-03-27,2025-03-27,22300.0,PE,NIFTY25MAR22300PE,220.0,353.65,212.0,324.4,325.0,170.0,22124.7,324.4,1107075,230775,45290,76721468126.25,27703,F1,75,,,,,
2025-02-28,2025-02-28,FO,NSE,IDO,46977,,NIFTY,,2025-03-27,2025-03-27,22200.0,PE,NIFTY25MAR22200PE,166.5,306.0,151.0,280.95,282.85,144.2,22124.7,280.95,1170375,239850,42535,71635070977.5,24627,F1,75,,,,,
2025-02-28,2025-02-28,FO,NSE,IDO,46886,,NIFTY,,2025-03-27,2025-03-27,21550.0,PE,NIFTY25MAR21550PE,57.0,105.15,57.0,94.65,93.15,45.3,22124.7,94.65,42675,28200,1549,2513625510.0,791,F1,75,,,,,
2025-02-28,2025-02-28,FO,NSE,IDO,46855,,NIFTY,,2025-03-27,2025-03-27,21250.0,PE,NIFTY25MAR21250PE,32.6,60.45,31.9,54.25,54.0,25.6,22124.7,54.25,73050,51150,2089,3337122288.75,967,F1,75,,,,,
2025-02-28,2025-02-28,FO,NSE,IDO,64555,,NIFTY,,2025-03-27,2025-03-27,19000.0,PE,NIFTY25MAR19000PE,4.3,5.35,3.35,4.2,4.3,4.1,22124.7,4.2,383350,60900,4912,7001021838.75,1550,F1,75,,,,,
2025-02-28,2025-02-28,FO,NSE,IDO,50228,,NIFTY,,2025-03-20,2025-03-20,23100.0,PE,NIFTY2532023100PE,871.05,871.05,869.9,870.5,869.9,414.1,22124.7,870.5,150,150,2,3595571.25,2,F1,75,,,,,
2025-02-28,2025-02-28,FO,NSE,IDO,50226,,NIFTY,,2025-03-20,2025-03-20,23050.0,PE,NIFTY2532023050PE,825.85,827.5,824.35,826.15,824.35,548.05,22124.7,826.15,300,225,4,7162837.5,4,F1,75,,,,,
2025-02-28,2025-02-28,FO,NSE,IDO,50218,,NIFTY,,2025-03-20,2025-03-20,22850.0,PE,NIFTY2532022850PE,557.55,600.0,557.55,600.0,600.0,357.0,22124.7,712.55,600,-75,8,14065076.25,6,F1,75,,,,,
2025-02-28,2025-02-28,FO,NSE,IDO,50146,,NIFTY,,2025-03-20,2025-03-20,21950.0,PE,NIFTY2532021950PE,89.1,168.8,89.1,152.6,151.7,74.4,22124.7,152.6,3300,2850,56,92842293.75,50,F1,75,,,,,
2025-02-28,2025-02-28,FO,NSE,IDO,50122,,NIFTY,,2025-03-20,2025-03-20,21500.0,PE,NIFTY2532021500PE,36.75,68.9,31.1,62.1,62.4,24.3,22124.7,62.1,40350,11625,1718,2776505730.0,676,F1,75,,,,,
2025-02-28,2025-02-28,FO,NSE,IDO,50118,,NIFTY,,2025-03-20,2025-03-20,21400.0,PE,NIFTY2532021400PE,27.0,56.35,24.75,50.15,49.0,18.75,22124.7,50.15,10350,9000,517,831506118.75,150,F1,75,,,,,
2025-02-28,2025-02-28,FO,NSE,IDO,50110,,NIFTY,,2025-03-20,2025-03-20,21250.0,PE,NIFTY2532021250PE,19.35,31.0,19.35,31.0,31.0,14.4,22124.7,31.0,1350,150,4,6381885.0,4,F1,75,,,,,
2025-02-28,2025-02-28,FO,NSE,IDO,50078,,NIFTY,,2025-03-20,2025-03-20,20850.0,PE,NIFTY2532020850PE,12.0,20.0,12.0,20.0,20.0,6.5,22124.7,5.55,150,150,2,3129900.0,2,F1,75,,,,,
2025-02-28,2025-02-28,FO,NSE,IDO,45643,,NIFTY,,2025-03-13,2025-03-13,25050.0,PE,NIFTY2531325050PE,2812.65,2812.65,2812.65,2812.65,2812.65,2132.55,22124.7,2812.65,150,75,1,2089698.75,1,F1,75,,,,,
2025-02-28,2025-02-28,FO,NSE,IDO,45565,,NIFTY,,2025-03-13,2025-03-13,24200.0,PE,NIFTY2531324200PE,1855.0,1855.0,1842.0,1842.0,1842.0,1285.0,22124.7,2019.4,375,300,5,9768675.0,5,F1,75,,,,,
2025-02-28,2025-02-28,FO,NSE,IDO,45518,,NIFTY,,2025-03-13,2025-03-13,23250.0,PE,NIFTY2531323250PE,834.0,944.0,834.0,939.1,939.1,651.0,22124.7,1078.3,225,150,8,14498197.5,7,F1,75,,,,,
2025-02-28,2025-02-28,FO,NSE,IDO,45479,,NIFTY,,2025-03-13,2025-03-13,22750.0,PE,NIFTY2531322750PE,320.0,602.3,320.0,566.05,569.85,270.7,22124.7,566.05,11775,-14925,556,967908367.5,366,F1,75,,,,,
2025-02-28,2025-02-28,FO,NSE,IDO,45463,,NIFTY,,2025-03-13,2025-03-13,22400.0,PE,NIFTY2531322400PE,175.0,344.35,168.45,310.7,314.1,124.8,22124.7,310.7,138300,53475,20368,34600374131.25,13987,F1,75,,,,,
2025-02-28,2025-02-28,FO,NSE,IDO,45436,,NIFTY,,2025-03-13,2025-03-13,21900.0,PE,NIFTY2531321900PE,51.75,116.15,47.15,102.35,104.0,32.65,22124.7,102.35,176925,46575,23046,37995751680.0,15482,F1,75,,,,,
2025-02-28,2025-02-28,FO,NSE,IDO,45391,,NIFTY,,2025-03-13,2025-03-13,21000.0,PE,NIFTY2531321000PE,5.7,11.6,4.5,10.3,10.0,4.6,22124.7,10.3,279300,186225,24413,38465836068.75,12281,F1,75,,,,,
2025-02-28,2025-02-28,FO,NSE,IDO,68873,,NIFTY,,2025-03-06,2025-03-06,25500.0,PE,NIFTY2530625500PE,3186.3,3270.75,3186.3,3270.75,3270.75,2895.15,22124.7,3348.05,24450,150,5,10764971.25,5,F1,75,,,,,
2025-02-28,2025-02-28,FO,NSE,IDO,68617,,NIFTY,,2025-03-06,2025-03-06,24450.0,PE,NIFTY2530624450PE,0.0,0.0,0.0,1785.0,1785.0,1785.0,22124.7,2299.2,975,0,0,0.0,0,F1,75,,,,,
2025-02-28,2025-02-28,FO,NSE,IDO,68606,,NIFTY,,2025-03-06,2025-03-06,24250.0,PE,NIFTY2530624250PE,1965.0,2025.0,1965.0,2025.0,2025.0,1630.25,22124.7,2099.4,1425,-150,2,3936750.0,2,F1,75,,,,,
2025-02-28,2025-02-28,FO,NSE,IDO,68587,,NIFTY,,2025-03-06,2025-03-06,23800.0,PE,NIFTY2530623800PE,1402.9,1630.0,1385.0,1610.5,1610.0,1192.1,22124.7,1610.5,27075,-2100,73,138456180.0,47,F1,75,,,,,
2025-02-28,2025-02-28,FO,NSE,IDO,68579,,NIFTY,,2025-03-06,2025-03-06,23600.0,PE,NIFTY2530623600PE,1199.85,1440.0,1190.4,1420.15,1417.0,997.0,22124.7,1420.15,44700,225,174,324923422.5,147,F1,75,,,,,
2025-02-28,2025-02-28,FO,NSE,IDO,68483,,NIFTY,,2025-03-06,2025-03-06,23350.0,PE,NIFTY2530623350PE,917.85,1181.45,917.85,1139.0,1139.0,748.05,22124.7,1200.5,15000,-300,88,161397450.0,48,F1,75,,,,,
2025-02-28,2025-02-28,FO,NSE,IDO,68467,,NIFTY,,2025-03-06,2025-03-06,22950.0,PE,NIFTY2530622950PE,549.95,808.05,533.65,763.9,770.1,376.35,22124.7,763.9,37650,-7500,936,1655763990.0,671,F1,75,,,,,
2025-02-28,2025-02-28,FO,NSE,IDO,68465,,NIFTY,,2025-03-06,2025-03-06,22900.0,PE,NIFTY2530622900PE,394.0,755.95,394.0,716.45,720.05,333.15,22124.7,716.45,358350,-93150,8080,14239639702.5,4985,F1,75,,,,,
2025-02-28,2025-02-28,FO,NSE,IDO,68455,,NIFTY,,2025-03-06,2025-03-06,22700.0,PE,NIFTY2530622700PE,227.0,569.9,227.0,525.1,528.45,194.4,22124.7,525.1,968400,-638925,59088,102450362587.5,37275,F1,75,,,,,
2025-02-28,2025-02-28,FO,NSE,IDO,68435,,NIFTY,,2025-03-06,2025-03-06,22400.0,PE,NIFTY2530622400PE,113.9,309.0,105.55,273.05,278.35,71.5,22124.7,273.05,1554825,95250,909097,1540165923536.25,569809,F1,75,,,,,
2025-02-28,2025-02-28,FO,NSE,IDO,68398,,NIFTY,,2025-03-06,2025-03-06,21550.0,PE,NIFTY2530621550PE,6.6,16.3,4.85,12.65,12.55,4.25,22124.7,12.65,870600,625125,292535,473034609558.75,98153,F1,75,,,,,
2025-02-28,2025-02-28,FO,NSE,IDO,86143,,NIFTY,,2028-06-29,2028-06-29,20000.0,CE,NIFTY28JUN20000CE,0.0,0.0,0.0,5724.65,0.0,5724.65,22124.7,6230.35,0,0,0,0.0,0,F1,75,,,,,
2025-02-28,2025-02-28,FO,NSE,IDO,71564,,NIFTY,,2027-06-24,2027-06-24,26000.0,CE,NIFTY27JUN26000CE,0.0,0.0,0.0,1900.85,0.0,1900.85,22124.7,1687.35,0,0,0,0.0,0,F1,75,,,,,
2025-02-28,2025-02-28,FO,NSE,IDO,71558,,NIFTY,,2027-06-24,2027-06-24,23000.0,CE,NIFTY27JUN23000CE,0.0,0.0,0.0,2530.05,0.0,2530.05,22124.7,3119.3,0,0,0,0.0,0,F1,75,,,,,
2025-02-28,2025-02-28,FO,NSE,IDO,71551,,NIFTY,,2027-06-24,2027-06-24,20000.0,CE,NIFTY27JUN20000CE,0.0,0.0,0.0,3367.05,0.0,3367.05,22124.7,5128.35,0,0,0,0.0,0,F1,75,,,,,
2025-02-28,2025-02-28,FO,NSE,IDO,35221,,NIFTY,,2025-12-24,2025-12-24,30000.0,CE,NIFTY25DEC30000CE,62.0,65.0,57.6,61.45,60.0,59.4,22124.7,61.45,58500,1125,251,565908975.0,126,F1,75,,,,,
2025-02-28,2025-02-28,FO,NSE,IDO,71393,,NIFTY,,2025-12-24,2025-12-24,24000.0,CE,NIFTY25DEC24000CE,910.0,924.5,788.7,799.2,792.4,981.65,22124.7,799.2,301750,18575,1408,2623218465.0,1039,F1,75,,,,,
2025-02-28,2025-02-28,FO,NSE,IDO,37749,,NIFTY,,2025-06-26,2025-06-26,23000.0,CE,NIFTY25JUN23000CE,635.1,635.1,490.85,507.75,501.0,701.75,22124.7,507.75,779125,53700,6831,12059737518.75,5248,F1,75,,,,,
2025-02-28,2025-02-28,FO,NSE,IDO,51449,,NIFTY,,2025-06-26,2025-06-26,21000.0,CE,NIFTY25JUN21000CE,1985.0,1985.0,1758.75,1798.35,1778.1,2119.15,22124.7,1798.35,28350,9825,259,443505948.75,205,F1,75,,,,,
2025-02-28,2025-02-28,FO,NSE,IDO,61557,,NIFTY,,2025-05-29,2025-05-29,23800.0,CE,NIFTY25MAY23800CE,0.0,0.0,0.0,381.35,0.0,381.35,22124.7,164.05,0,0,0,0.0,0,F1,75,,,,,
2025-02-28,2025-02-28,FO,NSE,IDO,61539,,NIFTY,,2025-05-29,2025-05-29,23350.0,CE,NIFTY25MAY23350CE,0.0,0.0,0.0,537.3,0.0,537.3,22124.7,265.05,0,0,0,0.0,0,F1,75,,,,,
2025-02-28,2025-02-28,FO,NSE,IDO,61499,,NIFTY,,2025-05-29,2025-05-29,22350.0,CE,NIFTY25MAY22350CE,0.0,0.0,0.0,1035.4,0.0,1035.4,22124.7,651.85,0,0,0,0.0,0,F1,75,,,,,
2025-02-28,2025-02-28,FO,NSE,IDO,61353,,NIFTY,,2025-05-29,2025-05-29,20950.0,CE,NIFTY25MAY20950CE,0.0,0.0,0.0,2070.9,0.0,2070.9,22124.7,1612.55,0,0,0,0.0,0,F1,75,,,,,
2025-02-28,2025-02-28,FO,NSE,IDO,79555,,NIFTY,,2025-04-24,2025-04-24,24150.0,CE,NIFTY25APR24150CE,0.0,0.0,0.0,45.25,45.25,45.25,22124.7,35.15,900,0,0,0.0,0,F1,75,,,,,
2025-02-28,2025-02-28,FO,NSE,IDO,79444,,NIFTY,,2025-04-24,2025-04-24,23300.0,CE,NIFTY25APR23300CE,201.0,201.0,115.25,120.9,120.45,233.95,22124.7,120.9,110625,37200,3403,5982292762.5,1948,F1,75,,,,,
2025-02-28,2025-02-28,FO,NSE,IDO,79409,,NIFTY,,2025-04-24,2025-04-24,22750.0,CE,NIFTY25APR22750CE,405.0,405.0,283.35,297.1,293.35,500.45,22124.7,297.1,16050,13800,340,588344756.25,182,F1,75,,,,,
2025-02-28,2025-02-28,FO,NSE,IDO,79396,,NIFTY,,2025-04-24,2025-04-24,22600.0,CE,NIFTY25APR22600CE,495.15,506.45,350.05,366.4,361.0,585.55,22124.7,366.4,74250,43500,1759,3035693771.25,1345,F1,75,,,,,
2025-02-28,2025-02-28,FO,NSE,IDO,79394,,NIFTY,,2025-04-24,2025-04-24,22550.0,CE,NIFTY25APR22550CE,523.55,523.55,373.8,389.4,383.15,620.4,22124.7,389.4,33600,29775,578,996551895.0,506,F1,75,,,,,
2025-02-28,2025-02-28,FO,NSE,IDO,79272,,NIFTY,,2025-04-24,2025-04-24,21900.0,CE,NIFTY25APR21900CE,775.0,775.8,757.15,767.1,771.75,1861.6,22124.7,767.1,825,825,16,27204056.25,12,F1,75,,,,,
2025-02-28,2025-02-28,FO,NSE,IDO,79247,,NIFTY,,2025-04-24,2025-04-24,21300.0,CE,NIFTY25APR21300CE,1249.25,1249.25,1247.95,1248.6,1247.95,2374.35,22124.7,1248.6,150,150,2,3382290.0,2,F1,75,,,,,
2025-02-28,2025-02-28,FO,NSE,IDO,54843,,NIFTY,,2025-04-03,2025-04-03,24250.0,CE,NIFTY2540324250CE,26.65,26.75,26.65,26.75,26.75,27.25,22124.7,6.15,225,150,2,3641505.0,2,F1,75,,,,,
2025-02-28,2025-02-28,FO,NSE,IDO,54716,,NIFTY,,2025-04-03,2025-04-03,23600.0,CE,NIFTY2540323600CE,0.0,0.0,0.0,291.0,0.0,291.0,22124.7,31.75,0,0,0,0.0,0,F1,75,,,,,
2025-02-28,2025-02-28,FO,NSE,IDO,54709,,NIFTY,,2025-04-03,2025-04-03,23450.0,CE,NIFTY2540323450CE,0.0,0.0,0.0,344.4,0.0,344.4,22124.7,44.35,0,0,0,0.0,0,F1,75,,,,,
2025-02-28,2025-02-28,FO,NSE,IDO,54631,,NIFTY,,2025-04-03,2025-04-03,22850.0,CE,NIFTY2540322850CE,0.0,0.0,0.0,627.0,0.0,627.0,22124.7,144.15,0,0,0,0.0,0,F1,75,,,,,
2025-02-28,2025-02-28,FO,NSE,IDO,54594,,NIFTY,,2025-04-03,2025-04-03,22400.0,CE,NIFTY2540322400CE,355.0,365.5,300.0,310.6,302.25,912.6,22124.7,310.6,202350,202350,2734,4655471677.5,259,F1,75,,,,,
2025-02-28,2025-02-28,FO,NSE,IDO,54552,,NIFTY,,2025-04-03,2025-04-03,21400.0,CE,NIFTY2540321400CE,0.0,0.0,0.0,1731.5,0.0,1731.5,22124.7,932.9,0,0,0,0.0,0,F1,75,,,,,
2025-02-28,2025-02-28,FO,NSE,IDO,54538,,NIFTY,,2025-04-03,2025-04-03,21250.0,CE,NIFTY2540321250CE,0.0,0.0,0.0,1869.35,0.0,1869.35,22124.7,1059.35,0,0,0,0.0,0,F1,75,,,,,
2025-02-28,2025-02-28,FO,NSE,IDO,54512,,NIFTY,,2025-04-03,2025-04-03,20900.0,CE,NIFTY2540320900CE,0.0,0.0,0.0,2199.85,0.0,2199.85,22124.7,1374.1,0,0,0,0.0,0,F1,75,,,,,
2025-02-28,2025-02-28,FO,NSE,IDO,54498,,NIFTY,,2025-04-03,2025-04-03,20800.0,CE,NIFTY2540320800CE,0.0,0.0,0.0,2295.95,0.0,2295.95,22124.7,1467.85,0,0,0,0.0,0,F1,75,,,,,
2025-02-28,2025-02-28,FO,NSE,IDO,64592,,NIFTY,,2025-03-27,2025-03-27,31000.0,CE,NIFTY25MAR31000CE,2.6,3.1,2.5,3.0,2.9,3.0,22124.7,3.0,4770125,991550,20396,47425132260.0,6665,F1,75,,,,,
2025-02-28,2025-02-28,FO,NSE,IDO,64582,,NIFTY,,2025-03-27,2025-03-27,29000.0,CE,NIFTY25MAR29000CE,2.7,3.1,2.7,2.95,2.95,3.2,22124.7,2.95,610950,87650,3138,6825842557.5,636,F1,75,,,,,
2025-02-28,2025-02-28,FO,NSE,IDO,64578,,NIFTY,,2025-03-27,2025-03-27,28000.0,CE,NIFTY25MAR28000CE,3.3,3.3,2.9,3.2,3.15,3.45,22124.7,3.2,539275,76575,2237,4698217743.75,655,F1,75,,,,,
2025-02-28,2025-02-28,FO,NSE,IDO,58786,,NIFTY,,2025-03-27,2025-03-27,25850.0,CE,NIFTY25MAR25850CE,4.05,4.5,3.55,4.2,3.9,4.1,22124.7,4.2,6900,600,49,95012962.5,26,F1,75,,,,,
2025-02-28,2025-02-28,FO,NSE,IDO,56894,,NIFTY,,2025-03-27,2025-03-27,25750.0,CE,NIFTY25MAR25750CE,4.9,4.9,3.35,4.25,4.05,5.55,22124.7,4.25,4350,75,4,7726271.25,4,F1,75,,,,,
2025-02-28,2025-02-28,FO,NSE,IDO,56884,,NIFTY,,2025-03-27,2025-03-27,25500.0,CE,NIFTY25MAR25500CE,4.0,4.85,3.45,4.65,4.65,4.2,22124.7,4.65,526725,-1500,3208,6136274576.25,1362,F1,75,,,,,
2025-02-28,2025-02-28,FO,NSE,IDO,56878,,NIFTY,,2025-03-27,2025-03-27,25350.0,CE,NIFTY25MAR25350CE,4.4,5.45,4.05,4.75,4.05,4.8,22124.7,4.75,11025,3375,52,98881530.0,49,F1,75,,,,,
2025-02-28,2025-02-28,FO,NSE,IDO,56870,,NIFTY,,2025-03-27,2025-03-27,25150.0,CE,NIFTY25MAR25150CE,4.55,5.35,4.25,5.05,5.0,6.7,22124.7,5.05,8400,3975,121,228276810.0,89,F1,75,,,,,
2025-02-28,2025-02-28,FO,NSE,IDO,47040,,NIFTY,,2025-03-27,2025-03-27,22750.0,CE,NIFTY25MAR22750CE,170.0,211.5,115.65,123.4,121.8,278.65,22124.7,123.4,169125,76875,5440,9341618520.0,3756,F1,75,,,,,
2025-02-28,2025-02-28,FO,NSE,IDO,47025,,NIFTY,,2025-03-27,2025-03-27,22650.0,CE,NIFTY25MAR22650CE,313.65,313.65,144.3,154.25,150.0,331.75,22124.7,154.25,165525,52575,5137,8796764115.0,3602,F1,75,,,,,
2025-02-28,2025-02-28,FO,NSE,IDO,47017,,NIFTY,,2025-03-27,2025-03-27,22600.0,CE,NIFTY25MAR22600CE,300.0,324.0,159.8,172.65,170.0,359.9,22124.7,172.65,1325700,259425,32564,55689583181.25,19730,F1,75,,,,,
2025-02-28,2025-02-28,FO,NSE,IDO,46994,,NIFTY,,2025-03-27,2025-03-27,22450.0,CE,NIFTY25MAR22450CE,425.0,425.0,217.9,233.25,228.0,451.2,22124.7,233.25,87675,45300,4614,7863935231.25,3238,F1,75,,,,,
2025-02-28,2025-02-28,FO,NSE,IDO,46986,,NIFTY,,2025-03-27,2025-03-27,22300.0,CE,NIFTY25MAR22300CE,500.0,500.0,285.45,306.75,303.0,554.1,22124.7,306.75,690225,564600,32329,54901360098.75,21489,F1,75,,,,,
2025-02-28,2025-02-28,FO,NSE,IDO,46908,,NIFTY,,2025-03-27,2025-03-27,21750.0,CE,NIFTY25MAR21750CE,671.1,671.15,664.1,664.1,664.1,1000.0,22124.7,664.1,600,525,9,15133203.75,9,F1,75,,,,,
2025-02-28,2025-02-28,FO,NSE,IDO,46892,,NIFTY,,2025-03-27,2025-03-27,21650.0,CE,NIFTY25MAR21650CE,736.05,739.75,736.05,737.4,739.75,2563.9,22124.7,737.4,600,600,8,13432440.0,8,F1,75,,,,,
2025-02-28,2025-02-28,FO,NSE,IDO,46888,,NIFTY,,2025-03-27,2025-03-27,21600.0,CE,NIFTY25MAR21600CE,950.35,950.35,754.35,779.15,775.55,1102.1,22124.7,779.15,13950,7200,154,258849168.75,105,F1,75,,,,,
2025-02-28,2025-02-28,FO,NSE,IDO,46868,,NIFTY,,2025-03-27,2025-03-27,21350.0,CE,NIFTY25MAR21350CE,991.65,995.75,991.35,993.9,995.75,2834.95,22124.7,993.9,600,600,12,20109498.75,9,F1,75,,,,,
2025-02-28,2025-02-28,FO,NSE,IDO,46854,,NIFTY,,2025-03-27,2025-03-27,21250.0,CE,NIFTY25MAR21250CE,1088.5,1089.4,1088.5,1089.05,1089.05,2926.85,22124.7,1089.05,300,300,4,6701703.75,4,F1,75,,,,,
2025-02-28,2025-02-28,FO,NSE,IDO,46827,,NIFTY,,2025-03-27,2025-03-27,21050.0,CE,NIFTY25MAR21050CE,1266.4,1267.95,1266.4,1267.2,1266.45,3112.65,22124.7,1267.2,600,600,8,13390323.75,8,F1,75,,,,,
2025-02-28,2025-02-28,FO,NSE,IDO,50301,,NIFTY,,2025-03-20,2025-03-20,24450.0,CE,NIFTY2532024450CE,0.0,0.0,0.0,8.7,8.7,8.7,22124.7,0.2,825,0,0,0.0,0,F1,75,,,,,
2025-02-28,2025-02-28,FO,NSE,IDO,50275,,NIFTY,,2025-03-20,2025-03-20,24000.0,CE,NIFTY2532024000CE,5.0,7.0,5.0,5.75,5.45,6.8,22124.7,5.75,41700,375,864,1555567695.0,369,F1,75,,,,,
2025-02-28,2025-02-28,FO,NSE,IDO,50231,,NIFTY,,2025-03-20,2025-03-20,23200.0,CE,NIFTY2532023200CE,45.55,45.55,21.0,22.0,21.0,63.1,22124.7,22.0,52950,36600,1615,2813269335.0,558,F1,75,,,,,
2025-02-28,2025-02-28,FO,NSE,IDO,50227,,NIFTY,,2025-03-20,2025-03-20,23100.0,CE,NIFTY2532023100CE,59.55,59.55,27.55,29.0,28.5,87.4,22124.7,29.0,56100,19200,2338,4057414470.0,1342,F1,75,,,,,
2025-02-28,2025-02-28,FO,NSE,IDO,50225,,NIFTY,,2025-03-20,2025-03-20,23050.0,CE,NIFTY2532023050CE,46.0,46.0,31.9,33.05,31.9,98.7,22124.7,33.05,4650,2550,97,167990441.25,18,F1,75,,,,,
2025-02-28,2025-02-28,FO,NSE,IDO,50217,,NIFTY,,2025-03-20,2025-03-20,22850.0,CE,NIFTY2532022850CE,82.4,89.25,57.4,58.75,57.6,168.95,22124.7,58.75,7950,4725,290,498482430.0,122,F1,75,,,,,
2025-02-28,2025-02-28,FO,NSE,IDO,50203,,NIFTY,,2025-03-20,2025-03-20,22700.0,CE,NIFTY2532022700CE,162.05,171.35,85.0,90.55,87.15,240.1,22124.7,90.55,28200,17175,1814,3103388516.25,1037,F1,75,,,,,
2025-02-28,2025-02-28,FO,NSE,IDO,50143,,NIFTY,,2025-03-20,2025-03-20,21900.0,CE,NIFTY2532021900CE,477.25,477.25,477.25,477.25,477.25,1351.9,22124.7,477.25,75,75,1,1678293.75,1,F1,75,,,,,
2025-02-28,2025-02-28,FO,NSE,IDO,68374,,NIFTY,,2025-03-06,2025-03-06,21100.0,CE,NIFTY2530621100CE,0.0,0.0,0.0,1774.1,1774.1,1774.1,22124.7,1047.5,75,0,0,0.0,0,F1,75,,,,,
2025-02-28,2025-02-28,FO,NSE,IDO,68376,,NIFTY,,2025-03-06,2025-03-06,21150.0,CE,NIFTY2530621150CE,1185.6,1185.6,1185.6,1185.6,1185.6,1732.05,22124.7,1185.6,150,75,1,1675170.0,1,F1,75,,,,,
2025-02-28,2025-02-28,FO,NSE,IDO,68388,,NIFTY,,2025-03-06,2025-03-06,21350.0,CE,NIFTY2530621350CE,0.0,0.0,0.0,1530.95,1530.95,1530.95,22124.7,799.65,675,0,0,0.0,0,F1,75,,,,,
2025-02-28,2025-02-28,FO,NSE,IDO,68391,,NIFTY,,2025-03-06,2025-03-06,21400.0,CE,NIFTY2530621400CE,956.0,956.0,753.9,792.95,786.0,1188.0,22124.7,792.95,9225,7875,956,1591349497.5,254,F1,75,,,,,
2025-02-28,2025-02-28,FO,NSE,IDO,68393,,NIFTY,,2025-03-06,2025-03-06,21450.0,CE,NIFTY2530621450CE,992.1,992.1,714.55,772.85,772.85,1210.0,22124.7,702.1,975,300,14,23334768.75,10,F1,75,,,,,
2025-02-28,2025-02-28,FO,NSE,IDO,68401,,NIFTY,,2025-03-06,2025-03-06,21650.0,CE,NIFTY2530621650CE,0.0,0.0,0.0,1228.65,1228.65,1228.65,22124.7,513.95,675,0,0,0.0,0,F1,75,,,,,
2025-02-28,2025-02-28,FO,NSE,IDO,68430,,NIFTY,,2025-03-06,2025-03-06,22300.0,CE,NIFTY2530622300CE,313.65,313.65,82.0,94.8,89.05,346.05,22124.7,94.8,6721575,6563775,1995086,3355585035348.75,1129967,F1,75,,,,,
2025-02-28,2025-02-28,FO,NSE,IDO,68574,,NIFTY,,2025-03-06,2025-03-06,23500.0,CE,NIFTY2530623500CE,2.0,2.4,1.3,1.35,1.35,1.95,22124.7,1.35,5109300,1129425,626052,1103490384270.0,96884,F1,75,,,,,
2025-02-28,2025-02-28,FO,NSE,IDO,68586,,NIFTY,,2025-03-06,2025-03-06,23800.0,CE,NIFTY2530623800CE,1.45,1.65,1.05,1.2,1.1,1.45,22124.7,1.2,1525875,-101475,199063,355346299893.75,44195,F1,75,,,,,
2025-02-28,2025-02-28,FO,NSE,IDO,68602,,NIFTY,,2025-03-06,2025-03-06,24200.0,CE,NIFTY2530624200CE,1.3,1.45,0.95,1.15,1.1,1.3,22124.7,1.15,601350,127950,60603,109999755753.75,11687,F1,75,,,,,
2025-02-28,2025-02-28,FO,NSE,IDO,68672,,NIFTY,,2025-03-06,2025-03-06,25250.0,CE,NIFTY2530625250CE,1.5,1.5,0.85,1.0,0.9,1.05,22124.7,1.0,132000,122850,19054,36085001452.5,3351,F1,75,,,,,
2025-02-28,2025-02-28,FO,NSE,IDO,68870,,NIFTY,,2025-03-06,2025-03-06,25450.0,CE,NIFTY2530625450CE,1.1,1.25,0.85,1.0,1.0,1.1,22124.7,1.0,256500,237750,65032,124134610256.25,8995,F1,75,,,,,
2025-02-28,2025-02-28,FO,NSE,IDO,45428,,NIFTY,,2025-03-13,2025-03-13,21750.0,CE,NIFTY2531321750CE,528.0,528.0,528.0,528.0,528.0,1182.85,22124.7,495.3,75,0,1,1670850.0,1,F1,75,,,,,
2025-02-28,2025-02-28,FO,NSE,IDO,45440,,NIFTY,,2025-03-13,2025-03-13,22000.0,CE,NIFTY2531322000CE,580.0,580.0,325.0,350.3,347.35,663.3,22124.7,350.3,171450,145800,8184,13737145488.75,5514,F1,75,,,,,
2025-02-28,2025-02-28,FO,NSE,IDO,45542,,NIFTY,,2025-03-13,2025-03-13,23800.0,CE,NIFTY2531323800CE,4.45,4.5,2.1,3.25,3.2,3.6,22124.7,3.25,65475,-61875,3880,6926680042.5,2216,F1,75,,,,,
2025-02-28,2025-02-28,FO,NSE,IDO,79500,,NIFTY,,2025-04-24,2025-04-24,23450.0,PE,NIFTY25APR23450PE,1086.3,1086.3,1085.75,1086.05,1085.75,765.45,22124.7,1086.05,300,150,2,3680403.75,2,F1,75,,,,,
2025-02-28,2025-02-28,FO,NSE,IDO,79508,,NIFTY,,2025-04-24,2025-04-24,23650.0,PE,NIFTY25APR23650PE,1254.15,1254.15,1253.6,1253.9,1253.9,470.0,22124.7,1253.9,300,225,3,5603373.75,3,F1,75,,,,,
2025-02-28,2025-02-28,FO,NSE,IDO,79516,,NIFTY,,2025-04-24,2025-04-24,23850.0,PE,NIFTY25APR23850PE,1430.95,1430.95,1430.95,1430.95,1430.95,827.5,22124.7,1430.95,75,75,1,1896071.25,1,F1,75,,,,,
2025-02-28,2025-02-28,FO,NSE,IDO,79633,,NIFTY,,2025-04-24,2025-04-24,24300.0,PE,NIFTY25APR24300PE,1844.05,1846.15,1844.05,1845.1,1846.15,1460.0,22124.7,1845.1,75,-75,3,5882647.5,3,F1,75,,,,,
2025-02-28,2025-02-28,FO,NSE,IDO,79637,,NIFTY,,2025-04-24,2025-04-24,24400.0,PE,NIFTY25APR24400PE,1938.8,1941.65,1938.8,1940.3,1941.65,1161.3,22124.7,1940.3,225,225,3,5926567.5,3,F1,75,,,,,
2025-02-28,2025-02-28,FO,NSE,IDO,79641,,NIFTY,,2025-04-24,2025-04-24,24500.0,PE,NIFTY25APR24500PE,1856.0,2075.6,1840.0,2075.6,2075.6,1646.25,22124.7,2154.8,375450,-225,24,47611260.0,19,F1,75,,,,,
2025-02-28,2025-02-28,FO,NSE,IDO,79679,,NIFTY,,2025-04-24,2025-04-24,24850.0,PE,NIFTY25APR24850PE,2376.7,2377.8,2376.7,2377.25,2377.8,1478.0,22124.7,2377.25,150,150,2,4084087.5,2,F1,75,,,,,
2025-02-28,2025-02-28,FO,NSE,IDO,61354,,NIFTY,,2025-05-29,2025-05-29,20950.0,PE,NIFTY25MAY20950PE,0.0,0.0,0.0,104.65,0.0,104.65,22124.7,104.75,0,0,0,0.0,0,F1,75,,,,,
2025-02-28,2025-02-28,FO,NSE,IDO,61394,,NIFTY,,2025-05-29,2025-05-29,21450.0,PE,NIFTY25MAY21450PE,0.0,0.0,0.0,187.15,0.0,187.15,22124.7,202.5,0,0,0,0.0,0,F1,75,,,,,
2025-02-28,2025-02-28,FO,NSE,IDO,61400,,NIFTY,,2025-05-29,2025-05-29,21600.0,PE,NIFTY25MAY21600PE,0.0,0.0,0.0,219.5,0.0,219.5,22124.7,241.95,0,0,0,0.0,0,F1,75,,,,,
2025-02-28,2025-02-28,FO,NSE,IDO,61466,,NIFTY,,2025-05-29,2025-05-29,21650.0,PE,NIFTY25MAY21650PE,0.0,0.0,0.0,231.15,0.0,231.15,22124.7,256.2,0,0,0,0.0,0,F1,75,,,,,
2025-02-28,2025-02-28,FO,NSE,IDO,61492,,NIFTY,,2025-05-29,2025-05-29,22150.0,PE,NIFTY25MAY22150PE,0.0,0.0,0.0,373.3,0.0,373.3,22124.7,433.05,0,0,0,0.0,0,F1,75,,,,,
2025-02-28,2025-02-28,FO,NSE,IDO,61496,,NIFTY,,2025-05-29,2025-05-29,22250.0,PE,NIFTY25MAY22250PE,0.0,0.0,0.0,407.8,0.0,407.8,22124.7,476.1,0,0,0,0.0,0,F1,75,,,,,
2025-02-28,2025-02-28,FO,NSE,IDO,61668,,NIFTY,,2025-05-29,2025-05-29,24100.0,PE,NIFTY25MAY24100PE,0.0,0.0,0.0,1426.35,0.0,1426.35,22124.7,1708.15,0,0,0,0.0,0,F1,75,,,,,
2025-02-28,2025-02-28,FO,NSE,IDO,61773,,NIFTY,,2029-12-27,2029-12-27,25000.0,PE,NIFTY29DEC25000PE,0.0,0.0,0.0,785.3,0.0,785.3,22124.7,909.45,0,0,0,0.0,0,F1,75,,,,,
2025-02-28,2025-02-28,FO,NSE,IDO,61747,,NIFTY,,2029-12-27,2029-12-27,23000.0,PE,NIFTY29DEC23000PE,0.0,0.0,0.0,900.0,900.0,900.0,22124.7,529.35,2700,0,0,0.0,0,F1,75,,,,,
2025-02-28,2025-02-28,FO,NSE,IDO,89613,,NIFTY,,2029-06-28,2029-06-28,18000.0,PE,NIFTY29JUN18000PE,0.0,0.0,0.0,118.45,0.0,118.45,22124.7,77.1,0,0,0,0.0,0,F1,75,,,,,
2025-02-28,2025-02-28,FO,NSE,IDO,67775,,NIFTY,,2028-12-28,2028-12-28,20000.0,PE,NIFTY28DEC20000PE,0.0,0.0,0.0,370.0,370.0,370.0,22124.7,203.55,875,0,0,0.0,0,F1,75,,,,,
2025-02-28,2025-02-28,FO,NSE,IDO,67771,,NIFTY,,2028-12-28,2028-12-28,18000.0,PE,NIFTY28DEC18000PE,0.0,0.0,0.0,104.65,0.0,104.65,22124.7,76.2,0,0,0,0.0,0,F1,75,,,,,
2025-02-28,2025-02-28,FO,NSE,IDO,86164,,NIFTY,,2028-06-29,2028-06-29,27000.0,PE,NIFTY28JUN27000PE,0.0,0.0,0.0,2752.35,0.0,2752.35,22124.7,1944.8,0,0,0,0.0,0,F1,75,,,,,
2025-02-28,2025-02-28,FO,NSE,IDO,86152,,NIFTY,,2028-06-29,2028-06-29,24000.0,PE,NIFTY28JUN24000PE,0.0,0.0,0.0,1692.75,0.0,1692.75,22124.7,913.75,0,0,0,0.0,0,F1,75,,,,,
2025-02-28,2025-02-28,FO,NSE,IDO,86146,,NIFTY,,2028-06-29,2028-06-29,21000.0,PE,NIFTY28JUN21000PE,0.0,0.0,0.0,907.2,0.0,907.2,22124.7,322.15,0,0,0,0.0,0,F1,75,,,,,
2025-02-28,2025-02-28,FO,NSE,IDO,71559,,NIFTY,,2027-06-24,2027-06-24,23000.0,PE,NIFTY27JUN23000PE,0.0,0.0,0.0,4514.3,0.0,4514.3,22124.7,777.85,0,0,0,0.0,0,F1,75,,,,,
2025-02-28,2025-02-28,FO,NSE,IDO,71552,,NIFTY,,2027-06-24,2027-06-24,20000.0,PE,NIFTY27JUN20000PE,0.0,0.0,0.0,3034.2,0.0,3034.2,22124.7,206.5,0,0,0,0.0,0,F1,75,,,,,
2025-02-28,2025-02-28,FO,NSE,IDO,50979,,NIFTY,,2026-12-31,2026-12-31,27000.0,PE,NIFTY26DEC27000PE,0.0,0.0,0.0,6522.3,0.0,6522.3,22124.7,2739.75,0,0,0,0.0,0,F1,75,,,,,
2025-02-28,2025-02-28,FO,NSE,IDO,71504,,NIFTY,,2026-12-31,2026-12-31,25000.0,PE,NIFTY26DEC25000PE,1900.0,1900.0,1795.05,1795.05,1795.05,1660.0,22124.7,1631.0,875,225,5,10065607.5,5,F1,75,,,,,
2025-02-28,2025-02-28,FO,NSE,IDO,37810,,NIFTY,,2026-12-31,2026-12-31,23000.0,PE,NIFTY26DEC23000PE,970.0,1038.4,970.0,970.0,970.0,885.0,22124.7,828.4,18900,1125,29,52187913.75,20,F1,75,,,,,
2025-02-28,2025-02-28,FO,NSE,IDO,38157,,NIFTY,,2026-06-25,2026-06-25,29000.0,PE,NIFTY26JUN29000PE,0.0,0.0,0.0,5546.1,0.0,5546.1,22124.7,4698.0,0,0,0,0.0,0,F1,75,,,,,
2025-02-28,2025-02-28,FO,NSE,IDO,71403,,NIFTY,,2025-12-24,2025-12-24,26000.0,PE,NIFTY25DEC26000PE,2398.9,2653.15,2398.9,2622.3,2608.1,2314.25,22124.7,2622.3,154975,625,180,385431937.5,154,F1,75,,,,,
2025-02-28,2025-02-28,FO,NSE,IDO,49178,,NIFTY,,2025-12-24,2025-12-24,16000.0,PE,NIFTY25DEC16000PE,0.0,0.0,0.0,20.25,20.25,20.25,22124.7,0.55,2125,0,0,0.0,0,F1,75,,,,,
2025-02-28,2025-02-28,FO,NSE,IDO,64697,,NIFTY,,2025-09-25,2025-09-25,26000.0,PE,NIFTY25SEP26000PE,0.0,0.0,0.0,812.55,0.0,812.55,22124.7,3051.85,0,0,0,0.0,0,F1,75,,,,,
2025-02-28,2025-02-28,FO,NSE,IDO,64685,,NIFTY,,2025-09-25,2025-09-25,20000.0,PE,NIFTY25SEP20000PE,0.0,0.0,0.0,22.8,0.0,22.8,22124.7,82.7,0,0,0,0.0,0,F1,75,,,,,
2025-02-28,2025-02-28,FO,NSE,IDO,61670,,NIFTY,,2025-05-29,2025-05-29,24150.0,PE,NIFTY25MAY24150PE,0.0,0.0,0.0,1464.2,0.0,1464.2,22124.7,1750.6,0,0,0,0.0,0,F1,75,,,,,
2025-02-28,2025-02-28,FO,NSE,IDO,68382,,NIFTY,,2025-03-06,2025-03-06,21250.0,CE,NIFTY2530621250CE,0.0,0.0,0.0,1630.3,1630.3,1630.3,22124.7,898.35,75,0,0,0.0,0,F1,75,,,,,
2025-02-28,2025-02-28,FO,NSE,IDO,68421,,NIFTY,,2025-03-06,2025-03-06,22100.0,CE,NIFTY2530622100CE,414.95,420.75,174.35,196.75,190.8,521.2,22124.7,196.75,1482750,1461975,476430,797030305023.75,308727,F1,75,,,,,
2025-02-28,2025-02-28,FO,NSE,IDO,68432,,NIFTY,,2025-03-06,2025-03-06,22350.0,CE,NIFTY2530622350CE,220.0,227.0,65.25,75.7,70.5,306.1,22124.7,75.7,2224950,2173125,947311,1595502960712.5,574922,F1,75,,,,,
2025-02-28,2025-02-28,FO,NSE,IDO,68446,,NIFTY,,2025-03-06,2025-03-06,22500.0,CE,NIFTY2530622500CE,145.0,149.0,30.5,35.7,32.4,201.1,22124.7,35.7,11896800,8553000,1867659,3158996263113.75,840664,F1,75,,,,,
2025-02-28,2025-02-28,FO,NSE,IDO,68484,,NIFTY,,2025-03-06,2025-03-06,23400.0,CE,NIFTY2530623400CE,2.8,2.9,1.35,1.5,1.4,2.4,22124.7,1.5,2450775,577050,330304,579726929767.5,72949,F1,75,,,,,
2025-02-28,2025-02-28,FO,NSE,IDO,68576,,NIFTY,,2025-03-06,2025-03-06,23550.0,CE,NIFTY2530623550CE,1.75,2.1,1.25,1.35,1.3,1.8,22124.7,1.35,302850,52875,63351,111900724725.0,18775,F1,75,,,,,
2025-02-28,2025-02-28,FO,NSE,IDO,68580,,NIFTY,,2025-03-06,2025-03-06,23650.0,CE,NIFTY2530623650CE,1.9,1.9,1.15,1.25,1.25,1.6,22124.7,1.25,429150,232275,69387,123082340613.75,17967,F1,75,,,,,
2025-02-28,2025-02-28,FO,NSE,IDO,68582,,NIFTY,,2025-03-06,2025-03-06,23700.0,CE,NIFTY2530623700CE,1.45,1.6,1.1,1.25,1.2,1.45,22124.7,1.25,1172100,-129975,160823,285878892997.5,36851,F1,75,,,,,
2025-02-28,2025-02-28,FO,NSE,IDO,68629,,NIFTY,,2025-03-06,2025-03-06,24700.0,CE,NIFTY2530624700CE,1.05,1.35,0.9,1.05,1.0,1.05,22124.7,1.05,552300,261150,46137,85472621553.75,6681,F1,75,,,,,
2025-02-28,2025-02-28,FO,NSE,IDO,45386,,NIFTY,,2025-03-13,2025-03-13,20900.0,CE,NIFTY2531320900CE,1337.85,1337.85,1334.5,1334.5,1334.5,2850.55,22124.7,1274.75,150,150,2,3335426.25,2,F1,75,,,,,
2025-02-28,2025-02-28,FO,NSE,IDO,45390,,NIFTY,,2025-03-13,2025-03-13,21000.0,CE,NIFTY2531321000CE,1192.1,1210.95,1192.1,1210.95,1210.95,2751.9,22124.7,1176.25,150,150,3,4995378.75,3,F1,75,,,,,
2025-02-28,2025-02-28,FO,NSE,IDO,45412,,NIFTY,,2025-03-13,2025-03-13,21450.0,CE,NIFTY2531321450CE,806.75,806.75,806.75,806.75,806.75,1460.0,22124.7,748.35,150,75,1,1669256.25,1,F1,75,,,,,
2025-02-28,2025-02-28,FO,NSE,IDO,45430,,NIFTY,,2025-03-13,2025-03-13,21800.0,CE,NIFTY2531321800CE,682.95,682.95,468.15,499.25,495.0,880.0,22124.7,499.25,9675,9525,384,643000642.5,235,F1,75,,,,,
2025-02-28,2025-02-28,FO,NSE,IDO,45446,,NIFTY,,2025-03-13,2025-03-13,22150.0,CE,NIFTY2531322150CE,401.75,408.5,234.1,257.4,252.6,822.55,22124.7,257.4,63300,63225,4220,7095621296.25,3214,F1,75,,,,,
2025-02-28,2025-02-28,FO,NSE,IDO,45453,,NIFTY,,2025-03-13,2025-03-13,22250.0,CE,NIFTY2531322250CE,347.3,347.3,183.85,202.45,200.85,740.4,22124.7,202.45,261225,261150,13499,22758117956.25,9086,F1,75,,,,,
2025-02-28,2025-02-28,FO,NSE,IDO,45462,,NIFTY,,2025-03-13,2025-03-13,22400.0,CE,NIFTY2531322400CE,264.3,264.3,120.25,133.75,129.95,345.9,22124.7,133.75,342600,302925,29237,49472156921.25,19620,F1,75,,,,,
2025-02-28,2025-02-28,FO,NSE,IDO,45472,,NIFTY,,2025-03-13,2025-03-13,22600.0,CE,NIFTY2531322600CE,186.5,186.5,62.15,69.35,66.7,221.15,22124.7,69.35,505500,112200,39534,67273597368.75,24202,F1,75,,,,,
2025-02-28,2025-02-28,FO,NSE,IDO,45476,,NIFTY,,2025-03-13,2025-03-13,22700.0,CE,NIFTY2531322700CE,122.75,122.75,42.9,48.0,46.1,167.9,22124.7,48.0,446025,158550,40453,69058111170.0,24631,F1,75,,,,,
2025-02-28,2025-02-28,FO,NSE,IDO,45504,,NIFTY,,2025-03-13,2025-03-13,23150.0,CE,NIFTY2531323150CE,30.15,30.15,9.1,10.05,9.1,32.4,22124.7,10.05,108225,63075,7271,12630756041.25,5046,F1,75,,,,,
2025-02-28,2025-02-28,FO,NSE,IDO,45527,,NIFTY,,2025-03-13,2025-03-13,23500.0,CE,NIFTY2531323500CE,6.5,6.65,3.95,4.55,4.3,7.4,22124.7,4.55,421650,92400,23331,41129131095.0,11703,F1,75,,,,,
2025-02-28,2025-02-28,FO,NSE,IDO,45554,,NIFTY,,2025-03-13,2025-03-13,24100.0,CE,NIFTY2531324100CE,2.5,2.9,2.25,2.6,2.65,2.55,22124.7,2.6,10875,-10800,508,918307773.75,284,F1,75,,,,,
2025-02-28,2025-02-28,FO,NSE,IDO,45612,,NIFTY,,2025-03-13,2025-03-13,24650.0,CE,NIFTY2531324650CE,1.9,2.3,1.85,2.05,2.0,2.25,22124.7,2.05,3600,-1200,79,146063497.5,77,F1,75,,,,,
2025-02-28,2025-02-28,FO,NSE,IDO,45642,,NIFTY,,2025-03-13,2025-03-13,25050.0,CE,NIFTY2531325050CE,2.15,2.4,1.8,1.95,1.85,2.1,22124.7,1.95,4950,-2025,48,90187102.5,40,F1,75,,,,,
2025-02-28,2025-02-28,FO,NSE,IDO,45651,,NIFTY,,2025-03-13,2025-03-13,25250.0,CE,NIFTY2531325250CE,2.1,2.1,1.75,1.85,1.9,2.15,22124.7,1.85,4725,-2400,81,153405067.5,56,F1,75,,,,,
2025-02-28,2025-02-28,FO,NSE,IDO,50149,,NIFTY,,2025-03-20,2025-03-20,22000.0,CE,NIFTY2532022000CE,475.65,475.65,392.2,418.25,414.2,709.85,22124.7,418.25,14775,14700,432,726303750.0,327,F1,75,,,,,
2025-02-28,2025-02-28,FO,NSE,IDO,50155,,NIFTY,,2025-03-20,2025-03-20,22100.0,CE,NIFTY2532022100CE,430.0,430.0,329.25,352.9,350.15,1183.4,22124.7,352.9,8400,8400,618,1040826555.0,404,F1,75,,,,,
2025-02-28,2025-02-28,FO,NSE,IDO,50194,,NIFTY,,2025-03-20,2025-03-20,22550.0,CE,NIFTY2532022550CE,280.0,280.0,127.0,134.75,132.75,317.7,22124.7,134.75,9675,6750,208,354225918.75,141,F1,75,,,,,
2025-02-28,2025-02-28,FO,NSE,IDO,50221,,NIFTY,,2025-03-20,2025-03-20,22950.0,CE,NIFTY2532022950CE,83.1,83.1,37.9,44.35,43.3,133.0,22124.7,44.35,8175,8100,223,384704163.75,90,F1,75,,,,,
2025-02-28,2025-02-28,FO,NSE,IDO,50305,,NIFTY,,2025-03-20,2025-03-20,24550.0,CE,NIFTY2532024550CE,0.0,0.0,0.0,75.0,0.0,75.0,22124.7,0.15,0,0,0,0.0,0,F1,75,,,,,
2025-02-28,2025-02-28,FO,NSE,IDO,50321,,NIFTY,,2025-03-20,2025-03-20,24800.0,CE,NIFTY2532024800CE,3.4,3.45,2.75,3.45,3.45,3.45,22124.7,0.05,7350,525,19,35344481.25,10,F1,75,,,,,
2025-02-28,2025-02-28,FO,NSE,IDO,46822,,NIFTY,,2025-03-27,2025-03-27,20900.0,CE,NIFTY25MAR20900CE,1402.95,1406.55,1402.6,1404.35,1406.55,3253.5,22124.7,1404.35,600,600,8,13382610.0,8,F1,75,,,,,
2025-02-28,2025-02-28,FO,NSE,IDO,46842,,NIFTY,,2025-03-27,2025-03-27,21200.0,CE,NIFTY25MAR21200CE,1135.1,1135.1,1132.0,1132.0,1132.0,2973.05,22124.7,1061.75,525,525,7,11725451.25,7,F1,75,,,,,
2025-02-28,2025-02-28,FO,NSE,IDO,46878,,NIFTY,,2025-03-27,2025-03-27,21450.0,CE,NIFTY25MAR21450CE,910.0,910.0,907.25,908.25,907.55,2743.75,22124.7,908.25,375,375,5,8384343.75,5,F1,75,,,,,
2025-02-28,2025-02-28,FO,NSE,IDO,46974,,NIFTY,,2025-03-27,2025-03-27,22150.0,CE,NIFTY25MAR22150CE,541.25,541.25,366.0,389.7,387.35,942.0,22124.7,389.7,56400,56250,3299,5582790810.0,2695,F1,75,,,,,
2025-02-28,2025-02-28,FO,NSE,IDO,48251,,NIFTY,,2025-03-27,2025-03-27,23050.0,CE,NIFTY25MAR23050CE,101.1,106.45,56.2,59.95,57.1,151.35,22124.7,59.95,123900,44775,5095,8836072185.0,3191,F1,75,,,,,
2025-02-28,2025-02-28,FO,NSE,IDO,48349,,NIFTY,,2025-03-27,2025-03-27,23150.0,CE,NIFTY25MAR23150CE,79.8,85.5,44.05,47.2,44.55,118.55,22124.7,47.2,114825,18300,5155,8973191531.25,3148,F1,75,,,,,
2025-02-28,2025-02-28,FO,NSE,IDO,56874,,NIFTY,,2025-03-27,2025-03-27,25250.0,CE,NIFTY25MAR25250CE,4.8,4.8,3.95,4.05,4.05,5.5,22124.7,4.05,7425,3975,105,198876828.75,80,F1,75,,,,,
2025-02-28,2025-02-28,FO,NSE,IDO,58782,,NIFTY,,2025-03-27,2025-03-27,25800.0,CE,NIFTY25MAR25800CE,3.4,4.0,3.3,3.8,3.8,3.65,22124.7,3.8,64875,3600,851,1646915175.0,386,F1,75,,,,,
2025-02-28,2025-02-28,FO,NSE,IDO,54580,,NIFTY,,2025-04-03,2025-04-03,22050.0,CE,NIFTY2540322050CE,0.0,0.0,0.0,1174.65,0.0,1174.65,22124.7,472.1,0,0,0,0.0,0,F1,75,,,,,
2025-02-28,2025-02-28,FO,NSE,IDO,54582,,NIFTY,,2025-04-03,2025-04-03,22100.0,CE,NIFTY2540322100CE,465.0,465.0,465.0,465.0,465.0,1135.35,22124.7,443.65,75,75,1,1692375.0,1,F1,75,,,,,
2025-02-28,2025-02-28,FO,NSE,IDO,54588,,NIFTY,,2025-04-03,2025-04-03,22250.0,CE,NIFTY2540322250CE,0.0,0.0,0.0,1021.1,0.0,1021.1,22124.7,364.85,0,0,0,0.0,0,F1,75,,,,,
2025-02-28,2025-02-28,FO,NSE,IDO,54636,,NIFTY,,2025-04-03,2025-04-03,22950.0,CE,NIFTY2540322950CE,0.0,0.0,0.0,445.1,445.1,445.1,22124.7,120.6,0,0,0,0.0,0,F1,75,,,,,
2025-02-28,2025-02-28,FO,NSE,IDO,54644,,NIFTY,,2025-04-03,2025-04-03,23100.0,CE,NIFTY2540323100CE,0.0,0.0,0.0,182.85,182.85,182.85,22124.7,91.05,150,0,0,0.0,0,F1,75,,,,,
2025-02-28,2025-02-28,FO,NSE,IDO,54706,,NIFTY,,2025-04-03,2025-04-03,23400.0,CE,NIFTY2540323400CE,81.65,81.65,38.65,49.0,49.0,85.0,22124.7,49.0,450,150,15,26378835.0,14,F1,75,,,,,
2025-02-28,2025-02-28,FO,NSE,IDO,54755,,NIFTY,,2025-04-03,2025-04-03,23700.0,CE,NIFTY2540323700CE,0.0,0.0,0.0,259.0,0.0,259.0,22124.7,25.15,0,0,0,0.0,0,F1,75,,,,,
2025-02-28,2025-02-28,FO,NSE,IDO,45608,,NIFTY,,2025-03-13,2025-03-13,24550.0,CE,NIFTY2531324550CE,1.8,2.25,1.8,2.05,2.05,2.05,22124.7,2.05,3825,0,84,154677873.75,58,F1,75,,,,,
2025-02-28,2025-02-28,FO,NSE,IDO,45552,,NIFTY,,2025-03-13,2025-03-13,24050.0,CE,NIFTY2531324050CE,2.8,2.8,1.9,2.3,2.1,2.9,22124.7,2.3,3675,750,68,122667048.75,39,F1,75,,,,,
2025-02-28,2025-02-28,FO,NSE,IDO,45548,,NIFTY,,2025-03-13,2025-03-13,23950.0,CE,NIFTY2531323950CE,2.65,3.05,2.55,3.0,2.85,3.0,22124.7,3.0,3375,0,59,105991260.0,42,F1,75,,,,,
2025-02-28,2025-02-28,FO,NSE,IDO,45534,,NIFTY,,2025-03-13,2025-03-13,23600.0,CE,NIFTY2531323600CE,5.05,5.05,3.15,3.95,3.95,5.05,22124.7,3.95,99600,-1425,6879,12177824527.5,3961,F1,75,,,,,
2025-02-28,2025-02-28,FO,NSE,IDO,45525,,NIFTY,,2025-03-13,2025-03-13,23450.0,CE,NIFTY2531323450CE,6.5,7.25,4.3,4.9,5.25,8.7,22124.7,4.9,68850,39225,4466,7856296278.75,3253,F1,75,,,,,
2025-02-28,2025-02-28,FO,NSE,IDO,45467,,NIFTY,,2025-03-13,2025-03-13,22500.0,CE,NIFTY2531322500CE,223.05,223.05,88.05,97.75,94.45,280.8,22124.7,97.75,612600,423450,54239,92009252452.5,33044,F1,75,,,,,
2025-02-28,2025-02-28,FO,NSE,IDO,45435,,NIFTY,,2025-03-13,2025-03-13,21900.0,CE,NIFTY2531321900CE,600.0,600.0,396.3,421.75,417.6,1047.85,22124.7,421.75,13050,12975,381,638144193.75,337,F1,75,,,,,
2025-02-28,2025-02-28,FO,NSE,IDO,45394,,NIFTY,,2025-03-13,2025-03-13,21100.0,CE,NIFTY2531321100CE,1121.95,1121.95,1119.0,1119.0,1119.0,2653.4,22124.7,1078.5,225,225,3,4999642.5,3,F1,75,,,,,
2025-02-28,2025-02-28,FO,NSE,IDO,68675,,NIFTY,,2025-03-06,2025-03-06,25300.0,CE,NIFTY2530625300CE,1.6,1.6,0.85,1.0,0.95,1.1,22124.7,1.0,489000,183600,40613,77066375475.0,7415,F1,75,,,,,
2025-02-28,2025-02-28,FO,NSE,IDO,68647,,NIFTY,,2025-03-06,2025-03-06,24950.0,CE,NIFTY2530624950CE,1.1,1.3,0.9,1.05,1.0,1.05,22124.7,1.05,84600,69825,15917,29785944877.5,3564,F1,75,,,,,
2025-02-28,2025-02-28,FO,NSE,IDO,68631,,NIFTY,,2025-03-06,2025-03-06,24750.0,CE,NIFTY2530624750CE,1.0,1.3,0.9,1.05,1.05,1.0,22124.7,1.05,168750,-150750,39213,72792299940.0,6341,F1,75,,,,,
2025-02-28,2025-02-28,FO,NSE,IDO,68620,,NIFTY,,2025-03-06,2025-03-06,24550.0,CE,NIFTY2530624550CE,1.05,1.35,0.95,1.05,1.0,1.1,22124.7,1.05,197850,184650,20648,38019838886.25,4904,F1,75,,,,,
2025-02-28,2025-02-28,FO,NSE,IDO,68618,,NIFTY,,2025-03-06,2025-03-06,24500.0,CE,NIFTY2530624500CE,1.2,1.35,0.9,1.05,1.0,1.2,22124.7,1.05,2183400,-130125,209219,384456855071.25,26663,F1,75,,,,,
2025-02-28,2025-02-28,FO,NSE,IDO,68584,,NIFTY,,2025-03-06,2025-03-06,23750.0,CE,NIFTY2530623750CE,2.15,2.15,1.1,1.2,1.2,1.5,22124.7,1.2,203625,14850,54547,97167192476.25,15633,F1,75,,,,,
2025-02-28,2025-02-28,FO,NSE,IDO,68468,,NIFTY,,2025-03-06,2025-03-06,23000.0,CE,NIFTY2530623000CE,12.0,12.0,3.05,3.4,3.1,17.3,22124.7,3.4,10759050,5571975,947816,1635306342187.5,222466,F1,75,,,,,
2025-02-28,2025-02-28,FO,NSE,IDO,68462,,NIFTY,,2025-03-06,2025-03-06,22900.0,CE,NIFTY2530622900CE,27.0,27.0,4.15,4.65,4.15,32.35,22124.7,4.65,4109850,1447125,766671,1317167747602.5,199399,F1,75,,,,,
2025-02-28,2025-02-28,FO,NSE,IDO,68450,,NIFTY,,2025-03-06,2025-03-06,22600.0,CE,NIFTY2530622600CE,99.0,99.0,18.15,20.75,18.6,141.2,22124.7,20.75,6716025,2033475,1474102,2502144309116.25,578201,F1,75,,,,,
2025-02-28,2025-02-28,FO,NSE,IDO,68448,,NIFTY,,2025-03-06,2025-03-06,22550.0,CE,NIFTY2530622550CE,124.2,143.0,23.55,27.4,25.35,169.5,22124.7,27.4,2650950,1617900,809452,1371353086927.5,373296,F1,75,,,,,
2025-02-28,2025-02-28,FO,NSE,IDO,68397,,NIFTY,,2025-03-06,2025-03-06,21550.0,CE,NIFTY2530621550CE,0.0,0.0,0.0,1112.75,1112.7,1112.75,22124.7,606.5,1275,0,0,0.0,0,F1,75,,,,,
2025-02-28,2025-02-28,FO,NSE,IDO,68372,,NIFTY,,2025-03-06,2025-03-06,21050.0,CE,NIFTY2530621050CE,1421.5,1421.5,1115.4,1140.0,1140.0,1598.05,22124.7,1140.0,300,300,21,35224533.75,21,F1,75,,,,,
2025-02-28,2025-02-28,FO,NSE,IDO,61749,,NIFTY,,2029-12-27,2029-12-27,24000.0,PE,NIFTY29DEC24000PE,0.0,0.0,0.0,625.5,0.0,625.5,22124.7,702.65,0,0,0,0.0,0,F1,75,,,,,
2025-02-28,2025-02-28,FO,NSE,IDO,61779,,NIFTY,,2029-12-27,2029-12-27,26000.0,PE,NIFTY29DEC26000PE,0.0,0.0,0.0,969.6,0.0,969.6,22124.7,1151.1,0,0,0,0.0,0,F1,75,,,,,
2025-02-28,2025-02-28,FO,NSE,IDO,61411,,NIFTY,,2029-12-27,2029-12-27,20000.0,PE,NIFTY29DEC20000PE,0.0,0.0,0.0,202.3,0.0,202.3,22124.7,187.7,0,0,0,0.0,0,F1,75,,,,,
2025-02-28,2025-02-28,FO,NSE,IDO,89625,,NIFTY,,2029-06-28,2029-06-28,21000.0,PE,NIFTY29JUN21000PE,0.0,0.0,0.0,320.25,0.0,320.25,22124.7,291.45,0,0,0,0.0,0,F1,75,,,,,
2025-02-28,2025-02-28,FO,NSE,IDO,86168,,NIFTY,,2028-06-29,2028-06-29,29000.0,PE,NIFTY28JUN29000PE,0.0,0.0,0.0,3595.9,0.0,3595.9,22124.7,2876.0,0,0,0,0.0,0,F1,75,,,,,
2025-02-28,2025-02-28,FO,NSE,IDO,53602,,NIFTY,,2027-12-30,2027-12-30,17000.0,PE,NIFTY27DEC17000PE,0.0,0.0,0.0,180.6,180.6,180.6,22124.7,34.8,14200,0,0,0.0,0,F1,75,,,,,
2025-02-28,2025-02-28,FO,NSE,IDO,38159,,NIFTY,,2026-12-31,2026-12-31,29000.0,PE,NIFTY26DEC29000PE,0.0,0.0,0.0,5042.25,0.0,5042.25,22124.7,4098.5,0,0,0,0.0,0,F1,75,,,,,
2025-02-28,2025-02-28,FO,NSE,IDO,58637,,NIFTY,,2026-12-31,2026-12-31,16000.0,PE,NIFTY26DEC16000PE,0.0,0.0,0.0,23.3,23.3,23.3,22124.7,7.6,2425,0,0,0.0,0,F1,75,,,,,
2025-02-28,2025-02-28,FO,NSE,IDO,58635,,NIFTY,,2026-12-31,2026-12-31,15000.0,PE,NIFTY26DEC15000PE,0.0,0.0,0.0,36.75,36.75,36.75,22124.7,2.35,2275,0,0,0.0,0,F1,75,,,,,
2025-02-28,2025-02-28,FO,NSE,IDO,50546,,NIFTY,,2026-06-25,2026-06-25,28000.0,PE,NIFTY26JUN28000PE,0.0,0.0,0.0,6532.55,0.0,6532.55,22124.7,3892.65,0,0,0,0.0,0,F1,75,,,,,
2025-02-28,2025-02-28,FO,NSE,IDO,71475,,NIFTY,,2026-06-25,2026-06-25,25000.0,PE,NIFTY26JUN25000PE,0.0,0.0,0.0,6063.1,0.0,6063.1,22124.7,1828.5,0,0,0,0.0,0,F1,75,,,,,
2025-02-28,2025-02-28,FO,NSE,IDO,58627,,NIFTY,,2026-06-25,2026-06-25,22000.0,PE,NIFTY26JUN22000PE,305.05,305.05,305.05,305.05,305.05,488.95,22124.7,551.6,1125,75,1,1672878.75,1,F1,75,,,,,
2025-02-28,2025-02-28,FO,NSE,IDO,49180,,NIFTY,,2025-12-24,2025-12-24,16500.0,PE,NIFTY25DEC16500PE,0.0,0.0,0.0,20.3,20.3,20.3,22124.7,1.4,2750,0,0,0.0,0,F1,75,,,,,
2025-02-28,2025-02-28,FO,NSE,IDO,50538,,NIFTY,,2025-06-26,2025-06-26,28000.0,PE,NIFTY25JUN28000PE,0.0,0.0,0.0,7207.55,0.0,7207.55,22124.7,5294.4,0,0,0,0.0,0,F1,75,,,,,
2025-02-28,2025-02-28,FO,NSE,IDO,38375,,NIFTY,,2025-06-26,2025-06-26,20000.0,PE,NIFTY25JUN20000PE,68.0,87.0,60.0,84.95,84.35,66.0,22124.7,84.95,1055025,78900,4928,7421167275.0,2705,F1,75,,,,,
2025-02-28,2025-02-28,FO,NSE,IDO,50251,,NIFTY,,2025-03-20,2025-03-20,23650.0,CE,NIFTY2532023650CE,10.6,11.05,7.9,8.45,8.3,19.15,22124.7,8.45,750,-1800,75,133088235.0,25,F1,75,,,,,
2025-02-28,2025-02-28,FO,NSE,IDO,50245,,NIFTY,,2025-03-20,2025-03-20,23550.0,CE,NIFTY2532023550CE,0.0,0.0,0.0,305.45,0.0,305.45,22124.7,8.3,0,0,0,0.0,0,F1,75,,,,,
2025-02-28,2025-02-28,FO,NSE,IDO,50237,,NIFTY,,2025-03-20,2025-03-20,23350.0,CE,NIFTY2532023350CE,17.0,17.0,15.5,16.75,16.75,385.35,22124.7,16.75,1200,1200,36,63087933.75,12,F1,75,,,,,
2025-02-28,2025-02-28,FO,NSE,IDO,50229,,NIFTY,,2025-03-20,2025-03-20,23150.0,CE,NIFTY2532023150CE,0.0,0.0,0.0,478.75,0.0,478.75,22124.7,30.05,0,0,0,0.0,0,F1,75,,,,,
2025-02-28,2025-02-28,FO,NSE,IDO,50223,,NIFTY,,2025-03-20,2025-03-20,23000.0,CE,NIFTY2532023000CE,111.0,111.0,36.9,39.2,38.0,115.15,22124.7,39.2,223425,177600,7893,13647925065.0,4039,F1,75,,,,,
2025-02-28,2025-02-28,FO,NSE,IDO,50219,,NIFTY,,2025-03-20,2025-03-20,22900.0,CE,NIFTY2532022900CE,106.95,106.95,49.4,51.45,50.95,148.5,22124.7,51.45,23175,14325,848,1460894388.75,453,F1,75,,,,,
2025-02-28,2025-02-28,FO,NSE,IDO,50181,,NIFTY,,2025-03-20,2025-03-20,22400.0,CE,NIFTY2532022400CE,336.55,336.55,180.6,193.15,187.05,948.35,22124.7,193.15,43950,43950,1910,3240694008.75,1253,F1,75,,,,,
2025-02-28,2025-02-28,FO,NSE,IDO,45619,,NIFTY,,2025-03-13,2025-03-13,24800.0,CE,NIFTY2531324800CE,2.25,4.7,1.75,2.0,1.9,1.9,22124.7,2.0,11325,-2850,305,567346252.5,156,F1,75,,,,,
2025-02-28,2025-02-28,FO,NSE,IDO,45544,,NIFTY,,2025-03-13,2025-03-13,23850.0,CE,NIFTY2531323850CE,3.55,3.55,2.6,3.1,3.05,3.0,22124.7,3.1,14250,5775,576,1030448295.0,306,F1,75,,,,,
2025-02-28,2025-02-28,FO,NSE,IDO,45480,,NIFTY,,2025-03-13,2025-03-13,22800.0,CE,NIFTY2531322800CE,87.1,87.15,29.5,33.0,31.75,123.7,22124.7,33.0,436050,182475,52397,89771472753.75,30829,F1,75,,,,,
2025-02-28,2025-02-28,FO,NSE,IDO,45419,,NIFTY,,2025-03-13,2025-03-13,21600.0,CE,NIFTY2531321600CE,794.0,794.0,632.0,669.0,669.0,1020.0,22124.7,669.0,825,600,16,26732996.25,16,F1,75,,,,,
2025-02-28,2025-02-28,FO,NSE,IDO,68633,,NIFTY,,2025-03-06,2025-03-06,24800.0,CE,NIFTY2530624800CE,1.0,1.5,0.9,1.05,1.0,1.0,22124.7,1.05,753150,-26550,74462,138505475542.5,11988,F1,75,,,,,
2025-02-28,2025-02-28,FO,NSE,IDO,68598,,NIFTY,,2025-03-06,2025-03-06,24100.0,CE,NIFTY2530624100CE,1.45,1.6,0.95,1.1,1.25,1.25,22124.7,1.1,374475,145950,72512,131071785877.5,13981,F1,75,,,,,
2025-02-28,2025-02-28,FO,NSE,IDO,68480,,NIFTY,,2025-03-06,2025-03-06,23300.0,CE,NIFTY2530623300CE,3.1,3.1,1.55,1.7,1.65,3.2,22124.7,1.7,3782400,1319025,467786,817526348415.0,104800,F1,75,,,,,
2025-02-28,2025-02-28,FO,NSE,IDO,54625,,NIFTY,,2025-04-03,2025-04-03,22700.0,CE,NIFTY2540322700CE,280.0,285.85,182.0,182.0,182.0,360.6,22124.7,186.0,301200,525,35,60148477.5,23,F1,75,,,,,
2025-02-28,2025-02-28,FO,NSE,IDO,54627,,NIFTY,,2025-04-03,2025-04-03,22750.0,CE,NIFTY2540322750CE,0.0,0.0,0.0,320.0,320.0,320.0,22124.7,171.15,450,0,0,0.0,0,F1,75,,,,,
2025-02-28,2025-02-28,FO,NSE,IDO,79256,,NIFTY,,2025-04-24,2025-04-24,21500.0,CE,NIFTY25APR21500CE,1240.0,1266.0,1048.0,1074.4,1068.0,1424.4,22124.7,1074.4,40500,26850,661,1120705132.5,431,F1,75,,,,,
2025-02-28,2025-02-28,FO,NSE,IDO,79384,,NIFTY,,2025-04-24,2025-04-24,22350.0,CE,NIFTY25APR22350CE,483.45,497.85,483.3,491.75,488.05,1510.75,22124.7,491.75,450,450,9,15416910.0,7,F1,75,,,,,
2025-02-28,2025-02-28,FO,NSE,IDO,79420,,NIFTY,,2025-04-24,2025-04-24,22900.0,CE,NIFTY25APR22900CE,405.3,405.3,226.0,238.8,235.1,413.7,22124.7,238.8,111000,5250,1407,2444493817.5,911,F1,75,,,,,
2025-02-28,2025-02-28,FO,NSE,IDO,79440,,NIFTY,,2025-04-24,2025-04-24,23200.0,CE,NIFTY25APR23200CE,207.75,219.8,138.5,145.7,140.3,269.65,22124.7,145.7,141975,84375,4536,7948704975.0,2748,F1,75,,,,,
2025-02-28,2025-02-28,FO,NSE,IDO,79488,,NIFTY,,2025-04-24,2025-04-24,23400.0,CE,NIFTY25APR23400CE,165.1,165.1,97.4,101.3,97.4,199.65,22124.7,101.3,87675,46350,3147,5550048742.5,1519,F1,75,,,,,
2025-02-28,2025-02-28,FO,NSE,IDO,79517,,NIFTY,,2025-04-24,2025-04-24,23900.0,CE,NIFTY25APR23900CE,66.65,68.9,39.55,41.8,40.35,80.6,22124.7,41.8,69225,19350,2161,3881168437.5,1159,F1,75,,,,,
2025-02-28,2025-02-28,FO,NSE,IDO,79537,,NIFTY,,2025-04-24,2025-04-24,24050.0,CE,NIFTY25APR24050CE,42.45,42.45,32.0,32.0,32.0,71.7,22124.7,32.0,4650,3600,68,122855591.25,18,F1,75,,,,,
2025-02-28,2025-02-28,FO,NSE,IDO,79616,,NIFTY,,2025-04-24,2025-04-24,24250.0,CE,NIFTY25APR24250CE,25.0,25.0,25.0,25.0,25.0,47.75,22124.7,29.3,675,150,2,3641250.0,1,F1,75,,,,,
2025-02-28,2025-02-28,FO,NSE,IDO,79672,,NIFTY,,2025-04-24,2025-04-24,24750.0,CE,NIFTY25APR24750CE,21.7,22.75,12.75,15.95,15.95,19.75,22124.7,15.95,375,150,5,9287865.0,5,F1,75,,,,,
2025-02-28,2025-02-28,FO,NSE,IDO,79741,,NIFTY,,2025-04-24,2025-04-24,25350.0,CE,NIFTY25APR25350CE,0.0,0.0,0.0,22.85,22.85,22.85,22124.7,3.0,375,0,0,0.0,0,F1,75,,,,,
2025-02-28,2025-02-28,FO,NSE,IDO,61345,,NIFTY,,2025-05-29,2025-05-29,20850.0,CE,NIFTY25MAY20850CE,0.0,0.0,0.0,2156.75,0.0,2156.75,22124.7,1696.85,0,0,0,0.0,0,F1,75,,,,,
2025-02-28,2025-02-28,FO,NSE,IDO,61495,,NIFTY,,2025-05-29,2025-05-29,22250.0,CE,NIFTY25MAY22250CE,0.0,0.0,0.0,1097.05,0.0,1097.05,22124.7,704.55,0,0,0,0.0,0,F1,75,,,,,
2025-02-28,2025-02-28,FO,NSE,IDO,61531,,NIFTY,,2025-05-29,2025-05-29,23150.0,CE,NIFTY25MAY23150CE,0.0,0.0,0.0,619.75,0.0,619.75,22124.7,323.15,0,0,0,0.0,0,F1,75,,,,,
2025-02-28,2025-02-28,FO,NSE,IDO,71383,,NIFTY,,2025-06-26,2025-06-26,26000.0,CE,NIFTY25JUN26000CE,32.0,36.7,28.15,30.0,29.7,34.95,22124.7,30.0,1025675,-4675,2643,5159787690.0,1365,F1,75,,,,,
2025-02-28,2025-02-28,FO,NSE,IDO,49177,,NIFTY,,2025-12-24,2025-12-24,16000.0,CE,NIFTY25DEC16000CE,0.0,0.0,0.0,7200.0,7200.0,7200.0,22124.7,6954.9,50,0,0,0.0,0,F1,75,,,,,
2025-02-28,2025-02-28,FO,NSE,IDO,38152,,NIFTY,,2025-12-24,2025-12-24,29000.0,CE,NIFTY25DEC29000CE,81.65,82.0,76.05,77.35,77.9,78.35,22124.7,77.35,82925,-2775,145,316228901.25,108,F1,75,,,,,
2025-02-28,2025-02-28,FO,NSE,IDO,58644,,NIFTY,,2026-12-31,2026-12-31,20000.0,CE,NIFTY26DEC20000CE,0.0,0.0,0.0,3704.3,0.0,3704.3,22124.7,4572.15,0,0,0,0.0,0,F1,75,,,,,
2025-02-28,2025-02-28,FO,NSE,IDO,53613,,NIFTY,,2027-12-30,2027-12-30,21000.0,CE,NIFTY27DEC21000CE,0.0,0.0,0.0,4902.4,0.0,4902.4,22124.7,4993.5,0,0,0,0.0,0,F1,75,,,,,
2025-02-28,2025-02-28,FO,NSE,IDO,86141,,NIFTY,,2028-06-29,2028-06-29,19000.0,CE,NIFTY28JUN19000CE,0.0,0.0,0.0,6252.25,0.0,6252.25,22124.7,6954.75,0,0,0,0.0,0,F1,75,,,,,
2025-02-28,2025-02-28,FO,NSE,IDO,67786,,NIFTY,,2028-12-28,2028-12-28,26000.0,CE,NIFTY28DEC26000CE,0.0,0.0,0.0,4879.7,0.0,4879.7,22124.7,3259.6,0,0,0,0.0,0,F1,75,,,,,
2025-02-28,2025-02-28,FO,NSE,IDO,89616,,NIFTY,,2029-06-28,2029-06-28,20000.0,CE,NIFTY29JUN20000CE,0.0,0.0,0.0,10410.0,0.0,10410.0,22124.7,7228.65,0,0,0,0.0,0,F1,75,,,,,
2025-02-28,2025-02-28,FO,NSE,IDO,89638,,NIFTY,,2029-06-28,2029-06-28,28000.0,CE,NIFTY29JUN28000CE,0.0,0.0,0.0,6112.6,0.0,6112.6,22124.7,2924.75,0,0,0,0.0,0,F1,75,,,,,
2025-02-28,2025-02-28,FO,NSE,IDO,68377,,NIFTY,,2025-03-06,2025-03-06,21150.0,PE,NIFTY2530621150PE,1.75,5.0,1.75,4.0,4.5,2.45,22124.7,4.0,648225,536625,167557,265834739040.0,46857,F1,75,,,,,
2025-02-28,2025-02-28,FO,NSE,IDO,68387,,NIFTY,,2025-03-06,2025-03-06,21300.0,PE,NIFTY2530621300PE,3.25,7.45,3.05,5.7,6.3,2.85,22124.7,5.7,3183600,2416350,488261,780181415857.5,116480,F1,75,,,,,
2025-02-28,2025-02-28,FO,NSE,IDO,68449,,NIFTY,,2025-03-06,2025-03-06,22550.0,PE,NIFTY2530622550PE,140.05,430.0,140.05,392.95,394.3,121.05,22124.7,392.95,585075,-630825,86753,148496836848.75,54327,F1,75,,,,,
2025-02-28,2025-02-28,FO,NSE,IDO,68471,,NIFTY,,2025-03-06,2025-03-06,23050.0,PE,NIFTY2530623050PE,639.0,905.55,629.0,859.35,867.3,462.9,22124.7,859.35,14475,-5100,426,759488133.75,265,F1,75,,,,,
2025-02-28,2025-02-28,FO,NSE,IDO,68621,,NIFTY,,2025-03-06,2025-03-06,24550.0,PE,NIFTY2530624550PE,2375.0,2375.0,2375.0,2375.0,2375.0,1880.0,22124.7,2399.1,525,0,1,2019375.0,1,F1,75,,,,,
2025-02-28,2025-02-28,FO,NSE,IDO,45417,,NIFTY,,2025-03-13,2025-03-13,21550.0,PE,NIFTY2531321550PE,26.65,47.0,18.05,41.15,40.9,12.5,22124.7,41.15,22800,11400,2407,3896177253.75,1462,F1,75,,,,,
2025-02-28,2025-02-28,FO,NSE,IDO,45441,,NIFTY,,2025-03-13,2025-03-13,22000.0,PE,NIFTY2531322000PE,60.0,149.95,58.35,130.85,131.65,43.25,22124.7,130.85,455025,150600,50145,83137311153.75,29948,F1,75,,,,,
2025-02-28,2025-02-28,FO,NSE,IDO,45461,,NIFTY,,2025-03-13,2025-03-13,22350.0,PE,NIFTY2531322350PE,159.7,312.0,159.7,281.5,285.0,108.1,22124.7,281.5,54450,11625,8821,14932156128.75,6523,F1,75,,,,,
2025-02-28,2025-02-28,FO,NSE,IDO,45473,,NIFTY,,2025-03-13,2025-03-13,22600.0,PE,NIFTY2531322600PE,216.35,482.7,216.35,445.9,450.15,197.4,22124.7,445.9,185100,-234825,12560,21626327516.25,8063,F1,75,,,,,
2025-02-28,2025-02-28,FO,NSE,IDO,45487,,NIFTY,,2025-03-13,2025-03-13,22950.0,PE,NIFTY2531322950PE,546.55,775.0,536.25,745.85,748.2,400.5,22124.7,745.85,9750,-2100,108,191949720.0,61,F1,75,,,,,
2025-02-28,2025-02-28,FO,NSE,IDO,45522,,NIFTY,,2025-03-13,2025-03-13,23350.0,PE,NIFTY2531323350PE,904.0,1129.75,903.95,1129.75,1129.75,546.55,22124.7,1129.75,225,150,4,7293468.75,4,F1,75,,,,,
2025-02-28,2025-02-28,FO,NSE,IDO,45641,,NIFTY,,2025-03-13,2025-03-13,25000.0,PE,NIFTY2531325000PE,2767.4,2774.0,2767.4,2770.7,2774.0,2078.1,22124.7,2770.7,225,150,2,4165605.0,2,F1,75,,,,,
2025-02-28,2025-02-28,FO,NSE,IDO,45649,,NIFTY,,2025-03-13,2025-03-13,25200.0,PE,NIFTY2531325200PE,2961.95,2961.95,2961.95,2961.95,2961.95,2279.35,22124.7,2961.95,150,75,1,2112146.25,1,F1,75,,,,,
2025-02-28,2025-02-28,FO,NSE,IDO,50096,,NIFTY,,2025-03-20,2025-03-20,21100.0,PE,NIFTY2532021100PE,26.5,29.0,24.25,24.75,26.05,12.45,22124.7,24.75,7350,7350,129,204393982.5,25,F1,75,,,,,
2025-02-28,2025-02-28,FO,NSE,IDO,50102,,NIFTY,,2025-03-20,2025-03-20,21150.0,PE,NIFTY2532021150PE,18.0,32.15,17.5,27.2,27.2,14.5,22124.7,27.2,2850,2775,53,84184728.75,16,F1,75,,,,,
2025-02-28,2025-02-28,FO,NSE,IDO,50104,,NIFTY,,2025-03-20,2025-03-20,21200.0,PE,NIFTY2532021200PE,21.0,35.1,17.0,30.25,30.8,13.0,22124.7,30.25,49350,33675,779,1240258151.25,194,F1,75,,,,,
2025-02-28,2025-02-28,FO,NSE,IDO,50182,,NIFTY,,2025-03-20,2025-03-20,22400.0,PE,NIFTY2532022400PE,229.95,375.95,226.9,347.15,348.15,168.0,22124.7,347.15,35400,30000,1527,2599148572.5,1053,F1,75,,,,,
2025-02-28,2025-02-28,FO,NSE,IDO,50216,,NIFTY,,2025-03-20,2025-03-20,22800.0,PE,NIFTY2532022800PE,432.75,653.05,432.75,601.25,601.25,336.0,22124.7,671.95,3825,-1650,95,165876558.75,60,F1,75,,,,,
2025-02-28,2025-02-28,FO,NSE,IDO,50269,,NIFTY,,2025-03-20,2025-03-20,23900.0,PE,NIFTY2532023900PE,1643.7,1644.45,1643.7,1644.1,1644.45,900.05,22124.7,1644.1,150,150,2,3831611.25,2,F1,75,,,,,
2025-02-28,2025-02-28,FO,NSE,IDO,50284,,NIFTY,,2025-03-20,2025-03-20,24150.0,PE,NIFTY2532024150PE,1892.2,1892.2,1892.2,1892.2,1892.2,1090.95,22124.7,1892.2,75,75,1,1953165.0,1,F1,75,,,,,
2025-02-28,2025-02-28,FO,NSE,IDO,50302,,NIFTY,,2025-03-20,2025-03-20,24450.0,PE,NIFTY2532024450PE,2188.55,2188.55,2188.55,2188.55,2188.55,1338.55,22124.7,2188.55,75,75,1,1997891.25,1,F1,75,,,,,
2025-02-28,2025-02-28,FO,NSE,IDO,54860,,NIFTY,,2025-04-03,2025-04-03,24550.0,CE,NIFTY2540324550CE,9.9,9.9,9.9,9.9,9.9,13.2,22124.7,2.6,150,75,1,1841992.5,1,F1,75,,,,,
2025-02-28,2025-02-28,FO,NSE,IDO,79221,,NIFTY,,2025-04-24,2025-04-24,20800.0,CE,NIFTY25APR20800CE,1683.45,1684.45,1683.45,1684.05,1684.45,2830.2,22124.7,1684.05,225,225,3,5058907.5,3,F1,75,,,,,
2025-02-28,2025-02-28,FO,NSE,IDO,79268,,NIFTY,,2025-04-24,2025-04-24,21800.0,CE,NIFTY25APR21800CE,839.0,859.25,826.75,846.75,841.35,1943.8,22124.7,846.75,1125,1125,57,96795120.0,34,F1,75,,,,,
2025-02-28,2025-02-28,FO,NSE,IDO,79283,,NIFTY,,2025-04-24,2025-04-24,22000.0,CE,NIFTY25APR22000CE,875.05,888.9,682.2,710.0,706.0,1001.05,22124.7,710.0,212100,93675,3967,6765363562.5,3160,F1,75,,,,,
2025-02-28,2025-02-28,FO,NSE,IDO,79295,,NIFTY,,2025-04-24,2025-04-24,22150.0,CE,NIFTY25APR22150CE,710.8,718.65,584.15,613.95,611.0,1662.6,22124.7,613.95,7650,7650,197,336967342.5,196,F1,75,,,,,
2025-02-28,2025-02-28,FO,NSE,IDO,79379,,NIFTY,,2025-04-24,2025-04-24,22250.0,CE,NIFTY25APR22250CE,619.0,619.0,533.9,551.15,546.05,1585.8,22124.7,551.15,2025,2025,47,80378137.5,38,F1,75,,,,,
2025-02-28,2025-02-28,FO,NSE,IDO,79382,,NIFTY,,2025-04-24,2025-04-24,22300.0,CE,NIFTY25APR22300CE,698.2,698.25,501.05,523.6,518.2,784.4,22124.7,523.6,42150,36900,1427,2448710523.75,1093,F1,75,,,,,
2025-02-28,2025-02-28,FO,NSE,IDO,79392,,NIFTY,,2025-04-24,2025-04-24,22500.0,CE,NIFTY25APR22500CE,555.05,558.3,395.0,414.25,411.9,643.85,22124.7,414.25,493425,164475,11796,20306934198.75,7903,F1,75,,,,,
2025-02-28,2025-02-28,FO,NSE,IDO,79442,,NIFTY,,2025-04-24,2025-04-24,23250.0,CE,NIFTY25APR23250CE,200.0,200.0,126.8,131.45,127.45,251.45,22124.7,131.45,22950,16950,573,1005185167.5,457,F1,75,,,,,
2025-02-28,2025-02-28,FO,NSE,IDO,79501,,NIFTY,,2025-04-24,2025-04-24,23500.0,CE,NIFTY25APR23500CE,152.65,152.65,81.5,84.95,83.25,170.0,22124.7,84.95,966975,425475,27519,48712485645.0,12791,F1,75,,,,,
2025-02-28,2025-02-28,FO,NSE,IDO,79505,,NIFTY,,2025-04-24,2025-04-24,23600.0,CE,NIFTY25APR23600CE,119.0,119.0,67.0,70.6,67.7,143.35,22124.7,70.6,119400,45000,4415,7841626713.75,2368,F1,75,,,,,
2025-02-28,2025-02-28,FO,NSE,IDO,79515,,NIFTY,,2025-04-24,2025-04-24,23850.0,CE,NIFTY25APR23850CE,62.0,62.0,43.8,44.45,43.8,92.05,22124.7,44.45,4950,1425,196,351283368.75,110,F1,75,,,,,
2025-02-28,2025-02-28,FO,NSE,IDO,79638,,NIFTY,,2025-04-24,2025-04-24,24450.0,CE,NIFTY25APR24450CE,25.35,25.35,20.5,21.45,21.45,25.05,22124.7,20.15,1575,-75,7,12848111.25,6,F1,75,,,,,
2025-02-28,2025-02-28,FO,NSE,IDO,79687,,NIFTY,,2025-04-24,2025-04-24,24900.0,CE,NIFTY25APR24900CE,17.4,17.4,13.3,13.75,13.55,25.0,22124.7,13.75,7350,1200,79,147614085.0,37,F1,75,,,,,
2025-02-28,2025-02-28,FO,NSE,IDO,61395,,NIFTY,,2025-05-29,2025-05-29,21500.0,CE,NIFTY25MAY21500CE,0.0,0.0,0.0,1623.45,0.0,1623.45,22124.7,1181.6,0,0,0,0.0,0,F1,75,,,,,
2025-02-28,2025-02-28,FO,NSE,IDO,61505,,NIFTY,,2025-05-29,2025-05-29,22500.0,CE,NIFTY25MAY22500CE,735.0,740.0,582.5,605.8,598.1,946.95,22124.7,605.8,27225,27225,672,1166313183.75,500,F1,75,,,,,
2025-02-28,2025-02-28,FO,NSE,IDO,61517,,NIFTY,,2025-05-29,2025-05-29,22800.0,CE,NIFTY25MAY22800CE,499.0,504.0,438.85,448.0,448.0,784.55,22124.7,447.15,2250,2250,73,127318747.5,12,F1,75,,,,,
2025-02-28,2025-02-28,FO,NSE,IDO,61533,,NIFTY,,2025-05-29,2025-05-29,23200.0,CE,NIFTY25MAY23200CE,330.0,330.0,284.0,291.6,290.9,598.35,22124.7,291.6,2100,2100,105,184993522.5,32,F1,75,,,,,
2025-02-28,2025-02-28,FO,NSE,IDO,61665,,NIFTY,,2025-05-29,2025-05-29,24050.0,CE,NIFTY25MAY24050CE,0.0,0.0,0.0,311.15,0.0,311.15,22124.7,123.1,0,0,0,0.0,0,F1,75,,,,,
2025-02-28,2025-02-28,FO,NSE,IDO,58618,,NIFTY,,2025-06-26,2025-06-26,22000.0,CE,NIFTY25JUN22000CE,1226.7,1226.75,1029.95,1056.8,1054.8,1331.5,22124.7,1056.8,309525,66375,2181,3779996610.0,1822,F1,75,,,,,
2025-02-28,2025-02-28,FO,NSE,IDO,39987,,NIFTY,,2025-12-24,2025-12-24,19000.0,CE,NIFTY25DEC19000CE,0.0,0.0,0.0,4650.0,4650.0,4650.0,22124.7,4154.4,6725,0,0,0.0,0,F1,75,,,,,
2025-02-28,2025-02-28,FO,NSE,IDO,71472,,NIFTY,,2026-06-25,2026-06-25,24000.0,CE,NIFTY26JUN24000CE,1150.1,1400.0,1150.1,1400.0,1400.0,1558.85,22124.7,1402.6,600,0,2,3791257.5,2,F1,75,,,,,
2025-02-28,2025-02-28,FO,NSE,IDO,53631,,NIFTY,,2027-12-30,2027-12-30,27000.0,CE,NIFTY27DEC27000CE,0.0,0.0,0.0,2889.8,0.0,2889.8,22124.7,1838.15,0,0,0,0.0,0,F1,75,,,,,
2025-02-28,2025-02-28,FO,NSE,IDO,86153,,NIFTY,,2028-06-29,2028-06-29,25000.0,CE,NIFTY28JUN25000CE,0.0,0.0,0.0,3545.15,0.0,3545.15,22124.7,3202.85,0,0,0,0.0,0,F1,75,,,,,
2025-02-28,2025-02-28,FO,NSE,IDO,67774,,NIFTY,,2028-12-28,2028-12-28,20000.0,CE,NIFTY28DEC20000CE,0.0,0.0,0.0,8115.5,0.0,8115.5,22124.7,6738.75,0,0,0,0.0,0,F1,75,,,,,
2025-02-28,2025-02-28,FO,NSE,IDO,67778,,NIFTY,,2028-12-28,2028-12-28,22000.0,CE,NIFTY28DEC22000CE,0.0,0.0,0.0,6932.45,0.0,6932.45,22124.7,5421.45,0,0,0,0.0,0,F1,75,,,,,
2025-02-28,2025-02-28,FO,NSE,IDO,68365,,NIFTY,,2025-03-06,2025-03-06,20850.0,PE,NIFTY2530620850PE,1.5,3.2,1.3,1.8,1.9,1.75,22124.7,1.8,1409775,1164525,147242,230271307533.75,32256,F1,75,,,,,
2025-02-28,2025-02-28,FO,NSE,IDO,68383,,NIFTY,,2025-03-06,2025-03-06,21250.0,PE,NIFTY2530621250PE,2.95,6.45,2.75,5.0,5.45,2.65,22124.7,5.0,730575,618900,189208,301613626237.5,61464,F1,75,,,,,
2025-02-28,2025-02-28,FO,NSE,IDO,68404,,NIFTY,,2025-03-06,2025-03-06,21700.0,PE,NIFTY2530621700PE,10.85,28.7,5.75,22.75,22.6,5.75,22124.7,22.75,3633525,1806450,818259,1332807459937.5,292709,F1,75,,,,,
2025-02-28,2025-02-28,FO,NSE,IDO,68479,,NIFTY,,2025-03-06,2025-03-06,23250.0,PE,NIFTY2530623250PE,849.6,1097.95,824.15,1063.0,1063.0,651.45,22124.7,1063.0,15600,-1500,92,166869423.75,61,F1,75,,,,,
2025-02-28,2025-02-28,FO,NSE,IDO,68601,,NIFTY,,2025-03-06,2025-03-06,24150.0,PE,NIFTY2530624150PE,0.0,0.0,0.0,1488.05,1488.05,1488.05,22124.7,1999.5,1200,0,0,0.0,0,F1,75,,,,,
2025-02-28,2025-02-28,FO,NSE,IDO,68611,,NIFTY,,2025-03-06,2025-03-06,24300.0,PE,NIFTY2530624300PE,1912.0,2133.0,1912.0,2112.7,2108.0,1692.95,22124.7,2112.7,27600,-300,13,25650701.25,11,F1,75,,,,,
2025-02-28,2025-02-28,FO,NSE,IDO,68636,,NIFTY,,2025-03-06,2025-03-06,24850.0,PE,NIFTY2530624850PE,0.0,0.0,0.0,1969.55,1969.55,1969.55,22124.7,2698.75,450,0,0,0.0,0,F1,75,,,,,
2025-02-28,2025-02-28,FO,NSE,IDO,68723,,NIFTY,,2025-03-06,2025-03-06,25300.0,PE,NIFTY2530625300PE,2950.0,2950.0,2950.0,2950.0,2950.0,2700.0,22124.7,3148.3,825,225,3,6356250.0,1,F1,75,,,,,
2025-02-28,2025-02-28,FO,NSE,IDO,45457,,NIFTY,,2025-03-13,2025-03-13,22250.0,PE,NIFTY2531322250PE,99.95,256.15,99.95,230.6,232.45,82.75,22124.7,230.6,184200,144825,15795,26578879278.75,11031,F1,75,,,,,
2025-02-28,2025-02-28,FO,NSE,IDO,45475,,NIFTY,,2025-03-13,2025-03-13,22650.0,PE,NIFTY2531322650PE,330.35,521.3,313.05,486.9,485.2,219.9,22124.7,486.9,17475,-31725,1919,3314650061.25,1253,F1,75,,,,,
2025-02-28,2025-02-28,FO,NSE,IDO,45481,,NIFTY,,2025-03-13,2025-03-13,22800.0,PE,NIFTY2531322800PE,365.25,644.85,365.25,608.25,611.05,299.85,22124.7,608.25,33150,-28050,1553,2716411417.5,952,F1,75,,,,,
2025-02-28,2025-02-28,FO,NSE,IDO,45520,,NIFTY,,2025-03-13,2025-03-13,23300.0,PE,NIFTY2531323300PE,864.0,1122.95,864.0,1099.45,1099.45,679.15,22124.7,1126.85,3675,-1050,40,72931188.75,23,F1,75,,,,,
2025-02-28,2025-02-28,FO,NSE,IDO,45535,,NIFTY,,2025-03-13,2025-03-13,23600.0,PE,NIFTY2531323600PE,1367.95,1369.7,1366.55,1368.15,1366.55,978.0,22124.7,1368.15,2850,0,4,7490445.0,4,F1,75,,,,,
2025-02-28,2025-02-28,FO,NSE,IDO,45537,,NIFTY,,2025-03-13,2025-03-13,23650.0,PE,NIFTY2531323650PE,1414.85,1414.85,1414.85,1414.85,1414.85,783.75,22124.7,1471.6,150,75,1,1879863.75,1,F1,75,,,,,
2025-02-28,2025-02-28,FO,NSE,IDO,45545,,NIFTY,,2025-03-13,2025-03-13,23850.0,PE,NIFTY2531323850PE,1633.95,1633.95,1633.95,1633.95,1633.95,1170.0,22124.7,1670.5,600,0,1,1911296.25,1,F1,75,,,,,
2025-02-28,2025-02-28,FO,NSE,IDO,45547,,NIFTY,,2025-03-13,2025-03-13,23900.0,PE,NIFTY2531323900PE,1521.05,1662.4,1521.05,1662.4,1662.4,1267.45,22124.7,1720.3,3300,75,2,3823758.75,2,F1,75,,,,,
2025-02-28,2025-02-28,FO,NSE,IDO,45635,,NIFTY,,2025-03-13,2025-03-13,24900.0,PE,NIFTY2531324900PE,2651.4,2656.5,2646.95,2652.4,2653.55,2195.0,22124.7,2652.4,1500,0,8,16531443.75,8,F1,75,,,,,
2025-02-28,2025-02-28,FO,NSE,IDO,45647,,NIFTY,,2025-03-13,2025-03-13,25150.0,PE,NIFTY2531325150PE,2912.15,2912.15,2912.15,2912.15,2912.15,2231.7,22124.7,2912.15,150,75,1,2104661.25,1,F1,75,,,,,
2025-02-28,2025-02-28,FO,NSE,IDO,50120,,NIFTY,,2025-03-20,2025-03-20,21450.0,PE,NIFTY2532021450PE,59.95,59.95,55.05,55.2,55.05,28.15,22124.7,55.2,975,975,13,20967918.75,10,F1,75,,,,,
2025-02-28,2025-02-28,FO,NSE,IDO,50185,,NIFTY,,2025-03-20,2025-03-20,22450.0,PE,NIFTY2532022450PE,168.7,395.7,168.7,371.25,377.9,174.85,22124.7,371.25,7800,7350,144,245998215.0,118,F1,75,,,,,
2025-02-28,2025-02-28,FO,NSE,IDO,50286,,NIFTY,,2025-03-20,2025-03-20,24200.0,PE,NIFTY2532024200PE,1937.0,1937.0,1937.0,1937.0,1937.0,1130.9,22124.7,1937.0,75,75,1,1960275.0,1,F1,75,,,,,
2025-02-28,2025-02-28,FO,NSE,IDO,50304,,NIFTY,,2025-03-20,2025-03-20,24500.0,PE,NIFTY2532024500PE,2238.4,2238.4,2238.4,2238.4,2238.4,1381.5,22124.7,2238.4,75,75,1,2005380.0,1,F1,75,,,,,
2025-02-28,2025-02-28,FO,NSE,IDO,64561,,NIFTY,,2025-03-27,2025-03-27,21000.0,PE,NIFTY25MAR21000PE,20.5,38.35,16.95,34.3,34.4,16.8,22124.7,34.3,4088375,295250,75938,119772456180.0,29235,F1,75,,,,,
2025-02-28,2025-02-28,FO,NSE,IDO,46877,,NIFTY,,2025-03-27,2025-03-27,21400.0,PE,NIFTY25MAR21400PE,44.65,79.6,43.55,71.7,73.15,34.3,22124.7,71.7,418650,194775,17640,28396095165.0,10442,F1,75,,,,,
2025-02-28,2025-02-28,FO,NSE,IDO,46901,,NIFTY,,2025-03-27,2025-03-27,21700.0,PE,NIFTY25MAR21700PE,64.95,136.2,62.0,123.8,126.0,57.25,22124.7,123.8,631050,98025,21290,34817659702.5,13186,F1,75,,,,,
2025-02-28,2025-02-28,FO,NSE,IDO,46927,,NIFTY,,2025-03-27,2025-03-27,21850.0,PE,NIFTY25MAR21850PE,104.9,175.3,101.75,160.65,161.75,75.9,22124.7,160.65,71550,35325,3162,5214530835.0,2422,F1,75,,,,,
2025-02-28,2025-02-28,FO,NSE,IDO,48191,,NIFTY,,2025-03-27,2025-03-27,22800.0,PE,NIFTY25MAR22800PE,423.95,667.0,410.05,626.95,628.3,372.25,22124.7,626.95,905250,-290550,12459,21832557547.5,8134,F1,75,,,,,
2025-02-28,2025-02-28,FO,NSE,IDO,51119,,NIFTY,,2025-03-27,2025-03-27,23300.0,PE,NIFTY25MAR23300PE,784.8,1091.65,784.75,1046.95,1052.3,688.0,22124.7,1046.95,112875,-16650,680,1236770872.5,479,F1,75,,,,,
2025-02-28,2025-02-28,FO,NSE,IDO,54728,,NIFTY,,2025-03-27,2025-03-27,24100.0,PE,NIFTY25MAR24100PE,1598.35,1857.05,1598.35,1811.05,1813.8,1406.35,22124.7,1811.05,27900,-225,143,276831360.0,27,F1,75,,,,,
2025-02-28,2025-02-28,FO,NSE,IDO,55103,,NIFTY,,2025-03-27,2025-03-27,24250.0,PE,NIFTY25MAR24250PE,1842.5,1968.35,1842.5,1962.15,1968.35,1135.25,22124.7,1962.15,13725,-450,129,252789438.75,24,F1,75,,,,,
2025-02-28,2025-02-28,FO,NSE,IDO,56535,,NIFTY,,2025-03-27,2025-03-27,24650.0,PE,NIFTY25MAR24650PE,2346.3,2346.3,2346.3,2346.3,2346.3,1892.0,22124.7,2346.3,150,0,1,2024722.5,1,F1,75,,,,,
2025-02-28,2025-02-28,FO,NSE,IDO,56867,,NIFTY,,2025-03-27,2025-03-27,25050.0,PE,NIFTY25MAR25050PE,2736.3,2736.3,2733.25,2734.75,2733.25,1278.65,22124.7,2734.75,450,450,6,12503130.0,6,F1,75,,,,,
2025-02-28,2025-02-28,FO,NSE,IDO,56879,,NIFTY,,2025-03-27,2025-03-27,25350.0,PE,NIFTY25MAR25350PE,3034.3,3036.6,3034.3,3035.45,3036.6,1487.0,22124.7,3035.45,225,225,3,6386726.25,3,F1,75,,,,,
2025-02-28,2025-02-28,FO,NSE,IDO,59770,,NIFTY,,2025-03-27,2025-03-27,25950.0,PE,NIFTY25MAR25950PE,3631.1,3631.65,3631.1,3631.4,3631.65,3150.0,22124.7,3631.4,150,75,2,4437206.25,2,F1,75,,,,,
2025-02-28,2025-02-28,FO,NSE,IDO,64591,,NIFTY,,2025-03-27,2025-03-27,30000.0,PE,NIFTY25MAR30000PE,7586.0,7659.4,7522.3,7659.4,7659.4,7229.95,22124.7,7659.4,37625,-375,7,19726560.0,6,F1,75,,,,,
2025-02-28,2025-02-28,FO,NSE,IDO,54563,,NIFTY,,2025-04-03,2025-04-03,21600.0,PE,NIFTY2540321600PE,100.0,100.0,100.0,100.0,100.0,61.4,22124.7,119.55,75,75,1,1627500.0,1,F1,75,,,,,
2025-02-28,2025-02-28,FO,NSE,IDO,54583,,NIFTY,,2025-04-03,2025-04-03,22100.0,PE,NIFTY2540322100PE,269.0,270.0,269.0,270.0,270.0,140.35,22124.7,285.55,75,75,2,3355425.0,2,F1,75,,,,,
2025-02-28,2025-02-28,FO,NSE,IDO,54587,,NIFTY,,2025-04-03,2025-04-03,22200.0,PE,NIFTY2540322200PE,270.5,315.0,241.8,315.0,315.0,162.75,22124.7,331.3,375,375,15,25263093.75,12,F1,75,,,,,
2025-02-28,2025-02-28,FO,NSE,IDO,54589,,NIFTY,,2025-04-03,2025-04-03,22250.0,PE,NIFTY2540322250PE,0.0,0.0,0.0,174.9,0.0,174.9,22124.7,355.8,0,0,0,0.0,0,F1,75,,,,,
2025-02-28,2025-02-28,FO,NSE,IDO,54591,,NIFTY,,2025-04-03,2025-04-03,22300.0,PE,NIFTY2540322300PE,259.0,358.8,253.55,357.3,354.5,188.5,22124.7,357.3,2625,2625,45,76279878.75,19,F1,75,,,,,
2025-02-28,2025-02-28,FO,NSE,IDO,54643,,NIFTY,,2025-04-03,2025-04-03,23050.0,PE,NIFTY2540323050PE,0.0,0.0,0.0,467.4,0.0,467.4,22124.7,886.3,0,0,0,0.0,0,F1,75,,,,,
2025-02-28,2025-02-28,FO,NSE,IDO,54711,,NIFTY,,2025-04-03,2025-04-03,23450.0,PE,NIFTY2540323450PE,0.0,0.0,0.0,688.3,0.0,688.3,22124.7,1228.1,0,0,0,0.0,0,F1,75,,,,,
2025-02-28,2025-02-28,FO,NSE,IDO,54715,,NIFTY,,2025-04-03,2025-04-03,23550.0,PE,NIFTY2540323550PE,0.0,0.0,0.0,751.15,0.0,751.15,22124.7,1318.7,0,0,0,0.0,0,F1,75,,,,,
2025-02-28,2025-02-28,FO,NSE,IDO,54760,,NIFTY,,2025-04-03,2025-04-03,23800.0,PE,NIFTY2540323800PE,0.0,0.0,0.0,920.75,0.0,920.75,22124.7,1551.4,0,0,0,0.0,0,F1,75,,,,,
2025-02-28,2025-02-28,FO,NSE,IDO,54836,,NIFTY,,2025-04-03,2025-04-03,24050.0,PE,NIFTY2540324050PE,0.0,0.0,0.0,1106.8,0.0,1106.8,22124.7,1790.65,0,0,0,0.0,0,F1,75,,,,,
2025-02-28,2025-02-28,FO,NSE,IDO,54865,,NIFTY,,2025-04-03,2025-04-03,24650.0,PE,NIFTY2540324650PE,0.0,0.0,0.0,1606.1,0.0,1606.1,22124.7,2378.4,0,0,0,0.0,0,F1,75,,,,,
2025-02-28,2025-02-28,FO,NSE,IDO,79385,,NIFTY,,2025-04-24,2025-04-24,22350.0,PE,NIFTY25APR22350PE,345.0,436.95,338.4,412.9,412.85,253.75,22124.7,412.9,9750,8025,294,500975317.5,202,F1,75,,,,,
2025-02-28,2025-02-28,FO,NSE,IDO,79427,,NIFTY,,2025-04-24,2025-04-24,22950.0,PE,NIFTY25APR22950PE,655.25,767.35,655.25,733.8,735.95,488.0,22124.7,733.8,44250,42075,798,1417232355.0,797,F1,75,,,,,
2025-02-28,2025-02-28,FO,NSE,IDO,79489,,NIFTY,,2025-04-24,2025-04-24,23400.0,PE,NIFTY25APR23400PE,872.3,1086.9,872.3,1048.0,1048.0,741.5,22124.7,1048.0,10725,-225,31,56671218.75,29,F1,75,,,,,
2025-02-28,2025-02-28,FO,NSE,IDO,61513,,NIFTY,,2025-05-29,2025-05-29,22700.0,CE,NIFTY25MAY22700CE,543.0,551.0,493.05,502.3,502.3,836.5,22124.7,488.1,525,525,8,13933976.25,6,F1,75,,,,,
2025-02-28,2025-02-28,FO,NSE,IDO,61519,,NIFTY,,2025-05-29,2025-05-29,22850.0,CE,NIFTY25MAY22850CE,0.0,0.0,0.0,759.4,0.0,759.4,22124.7,427.6,0,0,0,0.0,0,F1,75,,,,,
2025-02-28,2025-02-28,FO,NSE,IDO,61521,,NIFTY,,2025-05-29,2025-05-29,22900.0,CE,NIFTY25MAY22900CE,0.0,0.0,0.0,734.7,0.0,734.7,22124.7,408.7,0,0,0,0.0,0,F1,75,,,,,
2025-02-28,2025-02-28,FO,NSE,IDO,61555,,NIFTY,,2025-05-29,2025-05-29,23750.0,CE,NIFTY25MAY23750CE,0.0,0.0,0.0,396.75,0.0,396.75,22124.7,173.4,0,0,0,0.0,0,F1,75,,,,,
2025-02-28,2025-02-28,FO,NSE,IDO,61667,,NIFTY,,2025-05-29,2025-05-29,24100.0,CE,NIFTY25MAY24100CE,0.0,0.0,0.0,298.4,0.0,298.4,22124.7,116.0,0,0,0,0.0,0,F1,75,,,,,
2025-02-28,2025-02-28,FO,NSE,IDO,64684,,NIFTY,,2025-09-25,2025-09-25,20000.0,CE,NIFTY25SEP20000CE,0.0,0.0,0.0,7643.1,0.0,7643.1,22124.7,2938.1,0,0,0,0.0,0,F1,75,,,,,
2025-02-28,2025-02-28,FO,NSE,IDO,64688,,NIFTY,,2025-09-25,2025-09-25,22000.0,CE,NIFTY25SEP22000CE,0.0,0.0,0.0,5865.75,0.0,5865.75,22124.7,1415.85,0,0,0,0.0,0,F1,75,,,,,
2025-02-28,2025-02-28,FO,NSE,IDO,64690,,NIFTY,,2025-09-25,2025-09-25,23000.0,CE,NIFTY25SEP23000CE,1018.05,1032.0,861.25,884.9,890.0,1113.45,22124.7,884.9,31425,17325,489,876941452.5,431,F1,75,,,,,
2025-02-28,2025-02-28,FO,NSE,IDO,64700,,NIFTY,,2025-09-25,2025-09-25,28000.0,CE,NIFTY25SEP28000CE,0.0,0.0,0.0,1788.2,0.0,1788.2,22124.7,23.4,0,0,0,0.0,0,F1,75,,,,,
2025-02-28,2025-02-28,FO,NSE,IDO,42129,,NIFTY,,2025-12-24,2025-12-24,31000.0,CE,NIFTY25DEC31000CE,41.65,48.8,40.05,43.15,41.5,41.65,22124.7,43.15,45975,7350,225,523849833.75,99,F1,75,,,,,
2025-02-28,2025-02-28,FO,NSE,IDO,50973,,NIFTY,,2026-06-25,2026-06-25,27000.0,CE,NIFTY26JUN27000CE,0.0,0.0,0.0,1352.8,0.0,1352.8,22124.7,482.05,0,0,0,0.0,0,F1,75,,,,,
2025-02-28,2025-02-28,FO,NSE,IDO,71503,,NIFTY,,2026-12-31,2026-12-31,25000.0,CE,NIFTY26DEC25000CE,1735.0,1735.0,1585.0,1596.9,1596.9,1735.0,22124.7,1596.9,8150,-450,12,23957842.5,11,F1,75,,,,,
2025-02-28,2025-02-28,FO,NSE,IDO,71505,,NIFTY,,2026-12-31,2026-12-31,26000.0,CE,NIFTY26DEC26000CE,1300.0,1300.0,1259.0,1259.0,1259.0,1300.0,22124.7,1202.9,1725,-150,6,12281850.0,6,F1,75,,,,,
2025-02-28,2025-02-28,FO,NSE,IDO,71547,,NIFTY,,2027-06-24,2027-06-24,18000.0,CE,NIFTY27JUN18000CE,0.0,0.0,0.0,4066.45,0.0,4066.45,22124.7,6702.45,0,0,0,0.0,0,F1,75,,,,,
2025-02-28,2025-02-28,FO,NSE,IDO,71562,,NIFTY,,2027-06-24,2027-06-24,25000.0,CE,NIFTY27JUN25000CE,0.0,0.0,0.0,2090.05,0.0,2090.05,22124.7,2097.25,0,0,0,0.0,0,F1,75,,,,,
2025-02-28,2025-02-28,FO,NSE,IDO,53605,,NIFTY,,2027-12-30,2027-12-30,19000.0,CE,NIFTY27DEC19000CE,0.0,0.0,0.0,5794.9,0.0,5794.9,22124.7,6447.5,0,0,0,0.0,0,F1,75,,,,,
2025-02-28,2025-02-28,FO,NSE,IDO,86139,,NIFTY,,2028-06-29,2028-06-29,18000.0,CE,NIFTY28JUN18000CE,0.0,0.0,0.0,6809.35,0.0,6809.35,22124.7,7705.6,0,0,0,0.0,0,F1,75,,,,,
2025-02-28,2025-02-28,FO,NSE,IDO,86147,,NIFTY,,2028-06-29,2028-06-29,22000.0,CE,NIFTY28JUN22000CE,0.0,0.0,0.0,4759.5,0.0,4759.5,22124.7,4885.8,0,0,0,0.0,0,F1,75,,,,,
2025-02-28,2025-02-28,FO,NSE,IDO,71380,,NIFTY,,2025-06-26,2025-06-26,24000.0,PE,NIFTY25JUN24000PE,1283.2,1509.7,1283.2,1478.55,1480.05,1184.95,22124.7,1478.55,753525,-29125,3582,6829834492.5,2937,F1,75,,,,,
2025-02-28,2025-02-28,FO,NSE,IDO,61620,,NIFTY,,2025-05-29,2025-05-29,23900.0,PE,NIFTY25MAY23900PE,0.0,0.0,0.0,1283.45,0.0,1283.45,22124.7,1541.8,0,0,0,0.0,0,F1,75,,,,,
2025-02-28,2025-02-28,FO,NSE,IDO,61554,,NIFTY,,2025-05-29,2025-05-29,23700.0,PE,NIFTY25MAY23700PE,0.0,0.0,0.0,1147.65,0.0,1147.65,22124.7,1381.7,0,0,0,0.0,0,F1,75,,,,,
2025-02-28,2025-02-28,FO,NSE,IDO,61520,,NIFTY,,2025-05-29,2025-05-29,22850.0,PE,NIFTY25MAY22850PE,0.0,0.0,0.0,659.55,0.0,659.55,22124.7,789.6,0,0,0,0.0,0,F1,75,,,,,
2025-02-28,2025-02-28,FO,NSE,IDO,61500,,NIFTY,,2025-05-29,2025-05-29,22350.0,PE,NIFTY25MAY22350PE,0.0,0.0,0.0,444.35,0.0,444.35,22124.7,521.8,0,0,0,0.0,0,F1,75,,,,,
2025-02-28,2025-02-28,FO,NSE,IDO,61470,,NIFTY,,2025-05-29,2025-05-29,21750.0,PE,NIFTY25MAY21750PE,0.0,0.0,0.0,256.6,0.0,256.6,22124.7,286.6,0,0,0,0.0,0,F1,75,,,,,
2025-02-28,2025-02-28,FO,NSE,IDO,61388,,NIFTY,,2025-05-29,2025-05-29,21350.0,PE,NIFTY25MAY21350PE,0.0,0.0,0.0,167.65,0.0,167.65,22124.7,178.95,0,0,0,0.0,0,F1,75,,,,,
2025-02-28,2025-02-28,FO,NSE,IDO,61386,,NIFTY,,2025-05-29,2025-05-29,21300.0,PE,NIFTY25MAY21300PE,0.0,0.0,0.0,158.5,0.0,158.5,22124.7,168.0,0,0,0,0.0,0,F1,75,,,,,
2025-02-28,2025-02-28,FO,NSE,IDO,79732,,NIFTY,,2025-04-24,2025-04-24,25150.0,PE,NIFTY25APR25150PE,0.0,0.0,0.0,1706.25,0.0,1706.25,22124.7,2784.9,0,0,0,0.0,0,F1,75,,,,,
2025-02-28,2025-02-28,FO,NSE,IDO,79675,,NIFTY,,2025-04-24,2025-04-24,24800.0,PE,NIFTY25APR24800PE,2188.0,2360.85,2188.0,2259.7,2259.7,1880.0,22124.7,2443.6,525,75,3,6090641.25,3,F1,75,,,,,
2025-02-28,2025-02-28,FO,NSE,IDO,79506,,NIFTY,,2025-04-24,2025-04-24,23600.0,PE,NIFTY25APR23600PE,1050.0,1050.0,1050.0,1050.0,1050.0,900.0,22124.7,1333.85,38475,75,1,1848750.0,1,F1,75,,,,,
2025-02-28,2025-02-28,FO,NSE,IDO,79502,,NIFTY,,2025-04-24,2025-04-24,23500.0,PE,NIFTY25APR23500PE,935.0,1172.95,928.55,1130.15,1135.85,811.55,22124.7,1130.15,536775,-33675,1980,3644328828.75,1131,F1,75,,,,,
2025-02-28,2025-02-28,FO,NSE,IDO,79443,,NIFTY,,2025-04-24,2025-04-24,23250.0,PE,NIFTY25APR23250PE,0.0,0.0,0.0,644.0,644.0,644.0,22124.7,1048.0,1950,0,0,0.0,0,F1,75,,,,,
2025-02-28,2025-02-28,FO,NSE,IDO,79267,,NIFTY,,2025-04-24,2025-04-24,21750.0,PE,NIFTY25APR21750PE,164.05,222.95,159.65,214.95,215.1,124.0,22124.7,214.95,11775,8025,264,434539256.25,188,F1,75,,,,,
2025-02-28,2025-02-28,FO,NSE,IDO,79265,,NIFTY,,2025-04-24,2025-04-24,21700.0,PE,NIFTY25APR21700PE,150.0,213.8,148.25,202.25,202.85,116.05,22124.7,202.25,132075,10725,2342,3844329022.5,1551,F1,75,,,,,
2025-02-28,2025-02-28,FO,NSE,IDO,79248,,NIFTY,,2025-04-24,2025-04-24,21300.0,PE,NIFTY25APR21300PE,90.0,146.85,77.3,125.55,124.55,74.5,22124.7,125.55,143175,12450,1776,2852255351.25,1008,F1,75,,,,,
2025-02-28,2025-02-28,FO,NSE,IDO,79232,,NIFTY,,2025-04-24,2025-04-24,21050.0,PE,NIFTY25APR21050PE,0.0,0.0,0.0,49.95,0.0,49.95,22124.7,69.6,0,0,0,0.0,0,F1,75,,,,,
2025-02-28,2025-02-28,FO,NSE,IDO,67785,,NIFTY,,2028-12-28,2028-12-28,25000.0,PE,NIFTY28DEC25000PE,1496.25,1496.25,1496.25,1496.25,1496.25,1339.55,22124.7,1096.85,600,75,1,1987218.75,1,F1,75,,,,,
2025-02-28,2025-02-28,FO,NSE,IDO,67779,,NIFTY,,2028-12-28,2028-12-28,22000.0,PE,NIFTY28DEC22000PE,0.0,0.0,0.0,521.3,521.3,521.3,22124.7,445.15,225,0,0,0.0,0,F1,75,,,,,
2025-02-28,2025-02-28,FO,NSE,IDO,86142,,NIFTY,,2028-06-29,2028-06-29,19000.0,PE,NIFTY28JUN19000PE,0.0,0.0,0.0,537.45,0.0,537.45,22124.7,127.9,0,0,0,0.0,0,F1,75,,,,,
2025-02-28,2025-02-28,FO,NSE,IDO,58647,,NIFTY,,2026-12-31,2026-12-31,21000.0,PE,NIFTY26DEC21000PE,570.0,570.0,564.0,564.0,564.0,480.0,22124.7,564.0,1425,-50,2,3235050.0,2,F1,75,,,,,
2025-02-28,2025-02-28,FO,NSE,IDO,79222,,NIFTY,,2025-04-24,2025-04-24,20800.0,PE,NIFTY25APR20800PE,40.0,69.2,40.0,64.2,64.35,39.45,22124.7,64.2,502875,466725,11602,18148193913.75,4260,F1,75,,,,,
2025-02-28,2025-02-28,FO,NSE,IDO,50326,,NIFTY,,2025-03-20,2025-03-20,24800.0,PE,NIFTY2532024800PE,2535.8,2535.8,2535.8,2535.8,2535.8,1647.65,22124.7,2535.8,75,75,1,2050185.0,1,F1,75,,,,,
2025-02-28,2025-02-28,FO,NSE,IDO,46824,,NIFTY,,2025-03-27,2025-03-27,20900.0,PE,NIFTY25MAR20900PE,21.55,35.5,17.1,29.15,28.95,13.75,22124.7,29.15,380325,318300,12442,19528283231.25,6154,F1,75,,,,,
2025-02-28,2025-02-28,FO,NSE,IDO,46841,,NIFTY,,2025-03-27,2025-03-27,21150.0,PE,NIFTY25MAR21150PE,35.2,50.85,27.9,44.8,44.25,21.25,22124.7,44.8,32025,11400,746,1185564318.75,448,F1,75,,,,,
2025-02-28,2025-02-28,FO,NSE,IDO,46882,,NIFTY,,2025-03-27,2025-03-27,21500.0,PE,NIFTY25MAR21500PE,45.0,95.9,45.0,86.45,88.0,41.0,22124.7,86.45,3949125,1174200,81192,131378939835.0,38384,F1,75,,,,,
2025-02-28,2025-02-28,FO,NSE,IDO,46996,,NIFTY,,2025-03-27,2025-03-27,22450.0,PE,NIFTY25MAR22450PE,275.55,433.4,275.55,401.3,402.0,220.65,22124.7,401.3,69600,5625,2949,5043732360.0,2183,F1,75,,,,,
2025-02-28,2025-02-28,FO,NSE,IDO,49835,,NIFTY,,2025-03-27,2025-03-27,23250.0,PE,NIFTY25MAR23250PE,885.3,1024.4,857.0,1008.8,1008.15,654.3,22124.7,1008.8,18600,-3075,125,226855342.5,54,F1,75,,,,,
2025-02-28,2025-02-28,FO,NSE,IDO,54720,,NIFTY,,2025-03-27,2025-03-27,23850.0,PE,NIFTY25MAR23850PE,1580.55,1580.55,1559.8,1559.8,1559.8,1170.0,22124.7,1619.4,6525,-150,41,78186210.0,7,F1,75,,,,,
2025-02-28,2025-02-28,FO,NSE,IDO,55340,,NIFTY,,2025-03-27,2025-03-27,24400.0,PE,NIFTY25MAR24400PE,1958.0,2128.6,1958.0,2128.6,2128.6,1695.65,22124.7,2128.6,35025,825,170,336691661.25,25,F1,75,,,,,
2025-02-28,2025-02-28,FO,NSE,IDO,56873,,NIFTY,,2025-03-27,2025-03-27,25200.0,PE,NIFTY25MAR25200PE,2660.05,2912.3,2660.05,2888.3,2887.5,2490.85,22124.7,2888.3,20175,450,15,31557862.5,14,F1,75,,,,,
2025-02-28,2025-02-28,FO,NSE,IDO,56891,,NIFTY,,2025-03-27,2025-03-27,25650.0,PE,NIFTY25MAR25650PE,3332.7,3334.35,3332.7,3333.8,3334.35,1709.8,22124.7,3333.8,225,225,3,6521347.5,3,F1,75,,,,,
2025-02-28,2025-02-28,FO,NSE,IDO,56895,,NIFTY,,2025-03-27,2025-03-27,25750.0,PE,NIFTY25MAR25750PE,3432.0,3433.35,3432.0,3432.7,3433.35,1786.85,22124.7,3432.7,150,150,2,4377401.25,2,F1,75,,,,,
2025-02-28,2025-02-28,FO,NSE,IDO,58794,,NIFTY,,2025-03-27,2025-03-27,25900.0,PE,NIFTY25MAR25900PE,3583.7,3588.5,3583.7,3586.1,3588.5,3182.85,22124.7,3586.1,8850,0,2,4422915.0,2,F1,75,,,,,
2025-02-28,2025-02-28,FO,NSE,IDO,54569,,NIFTY,,2025-04-03,2025-04-03,21750.0,PE,NIFTY2540321750PE,0.0,0.0,0.0,79.95,0.0,79.95,22124.7,158.95,0,0,0,0.0,0,F1,75,,,,,
2025-02-28,2025-02-28,FO,NSE,IDO,54577,,NIFTY,,2025-04-03,2025-04-03,21950.0,PE,NIFTY2540321950PE,0.0,0.0,0.0,111.25,0.0,111.25,22124.7,225.05,0,0,0,0.0,0,F1,75,,,,,
2025-02-28,2025-02-28,FO,NSE,IDO,54639,,NIFTY,,2025-04-03,2025-04-03,22950.0,PE,NIFTY2540322950PE,0.0,0.0,0.0,420.05,0.0,420.05,22124.7,807.35,0,0,0,0.0,0,F1,75,,,,,
2025-02-28,2025-02-28,FO,NSE,IDO,54840,,NIFTY,,2025-04-03,2025-04-03,24150.0,PE,NIFTY2540324150PE,0.0,0.0,0.0,1185.2,0.0,1185.2,22124.7,1887.6,0,0,0,0.0,0,F1,75,,,,,
2025-02-28,2025-02-28,FO,NSE,IDO,54842,,NIFTY,,2025-04-03,2025-04-03,24200.0,PE,NIFTY2540324200PE,0.0,0.0,0.0,1225.25,0.0,1225.25,22124.7,1936.25,0,0,0,0.0,0,F1,75,,,,,
2025-02-28,2025-02-28,FO,NSE,IDO,54853,,NIFTY,,2025-04-03,2025-04-03,24400.0,PE,NIFTY2540324400PE,0.0,0.0,0.0,1390.2,0.0,1390.2,22124.7,2132.05,0,0,0,0.0,0,F1,75,,,,,
2025-02-28,2025-02-28,FO,NSE,IDO,79246,,NIFTY,,2025-04-24,2025-04-24,21250.0,PE,NIFTY25APR21250PE,88.55,123.7,88.55,117.6,117.6,65.9,22124.7,117.6,2850,2850,108,172985437.5,42,F1,75,,,,,
2025-02-28,2025-02-28,FO,NSE,IDO,79439,,NIFTY,,2025-04-24,2025-04-24,23150.0,PE,NIFTY25APR23150PE,859.55,859.55,859.55,859.55,859.55,512.95,22124.7,859.55,150,75,1,1800716.25,1,F1,75,,,,,
2025-02-28,2025-02-28,FO,NSE,IDO,79546,,NIFTY,,2025-04-24,2025-04-24,24050.0,PE,NIFTY25APR24050PE,1614.7,1614.7,1614.7,1614.7,1614.7,1065.95,22124.7,1614.7,1050,0,1,1924852.5,1,F1,75,,,,,
2025-02-28,2025-02-28,FO,NSE,IDO,79689,,NIFTY,,2025-04-24,2025-04-24,24900.0,PE,NIFTY25APR24900PE,2300.0,2500.0,2300.0,2480.0,2480.0,2020.0,22124.7,2540.75,825,-525,11,22514250.0,4,F1,75,,,,,
2025-02-28,2025-02-28,FO,NSE,IDO,79745,,NIFTY,,2025-04-24,2025-04-24,25350.0,PE,NIFTY25APR25350PE,0.0,0.0,0.0,1866.1,0.0,1866.1,22124.7,2981.25,0,0,0,0.0,0,F1,75,,,,,
2025-02-28,2025-02-28,FO,NSE,IDO,61468,,NIFTY,,2025-05-29,2025-05-29,21700.0,PE,NIFTY25MAY21700PE,0.0,0.0,0.0,243.25,0.0,243.25,22124.7,271.1,0,0,0,0.0,0,F1,75,,,,,
2025-02-28,2025-02-28,FO,NSE,IDO,61482,,NIFTY,,2025-05-29,2025-05-29,21900.0,PE,NIFTY25MAY21900PE,0.0,0.0,0.0,296.0,0.0,296.0,22124.7,336.75,0,0,0,0.0,0,F1,75,,,,,
2025-02-28,2025-02-28,FO,NSE,IDO,61488,,NIFTY,,2025-05-29,2025-05-29,22050.0,PE,NIFTY25MAY22050PE,0.0,0.0,0.0,340.85,0.0,340.85,22124.7,392.6,0,0,0,0.0,0,F1,75,,,,,
2025-02-28,2025-02-28,FO,NSE,IDO,61490,,NIFTY,,2025-05-29,2025-05-29,22100.0,PE,NIFTY25MAY22100PE,340.95,400.0,340.95,383.0,383.0,356.85,22124.7,412.5,375,375,6,10117672.5,6,F1,75,,,,,
2025-02-28,2025-02-28,FO,NSE,IDO,61548,,NIFTY,,2025-05-29,2025-05-29,23550.0,PE,NIFTY25MAY23550PE,0.0,0.0,0.0,1050.8,0.0,1050.8,22124.7,1266.25,0,0,0,0.0,0,F1,75,,,,,
2025-02-28,2025-02-28,FO,NSE,IDO,58619,,NIFTY,,2025-06-26,2025-06-26,22000.0,PE,NIFTY25JUN22000PE,337.95,429.85,337.95,419.45,420.45,307.7,22124.7,419.45,1196075,-3575,7645,12838536742.5,5527,F1,75,,,,,
2025-02-28,2025-02-28,FO,NSE,IDO,45874,,NIFTY,,2025-12-24,2025-12-24,17000.0,PE,NIFTY25DEC17000PE,0.0,0.0,0.0,39.05,39.05,39.05,22124.7,3.2,3750,0,0,0.0,0,F1,75,,,,,
2025-02-28,2025-02-28,FO,NSE,IDO,39988,,NIFTY,,2025-12-24,2025-12-24,19000.0,PE,NIFTY25DEC19000PE,101.95,147.3,101.95,139.0,136.0,102.0,22124.7,139.0,11550,2125,143,205239041.25,81,F1,75,,,,,
2025-02-28,2025-02-28,FO,NSE,IDO,51452,,NIFTY,,2025-12-24,2025-12-24,21000.0,PE,NIFTY25DEC21000PE,341.05,380.0,325.6,367.6,366.55,312.65,22124.7,367.6,245550,-9675,1100,1762151538.75,848,F1,75,,,,,
2025-02-28,2025-02-28,FO,NSE,IDO,50448,,NIFTY,,2026-06-25,2026-06-25,15000.0,PE,NIFTY26JUN15000PE,0.0,0.0,0.0,20.2,20.2,20.2,22124.7,0.75,1000,0,0,0.0,0,F1,75,,,,,
2025-02-28,2025-02-28,FO,NSE,IDO,71477,,NIFTY,,2026-06-25,2026-06-25,26000.0,PE,NIFTY26JUN26000PE,0.0,0.0,0.0,6709.2,0.0,6709.2,22124.7,2443.6,0,0,0,0.0,0,F1,75,,,,,
2025-02-28,2025-02-28,FO,NSE,IDO,58629,,NIFTY,,2026-12-31,2026-12-31,12000.0,PE,NIFTY26DEC12000PE,0.0,0.0,0.0,20.05,20.05,20.05,22124.7,0.05,1025,0,0,0.0,0,F1,75,,,,,
2025-02-28,2025-02-28,FO,NSE,IDO,58631,,NIFTY,,2026-12-31,2026-12-31,13000.0,PE,NIFTY26DEC13000PE,0.0,0.0,0.0,20.05,20.05,20.05,22124.7,0.1,2025,0,0,0.0,0,F1,75,,,,,
2025-02-28,2025-02-28,FO,NSE,IDO,71502,,NIFTY,,2026-12-31,2026-12-31,24000.0,PE,NIFTY26DEC24000PE,1300.0,1322.0,1300.0,1316.0,1316.0,1300.0,22124.7,1189.5,9300,-150,11,20876550.0,10,F1,75,,,,,
2025-02-28,2025-02-28,FO,NSE,IDO,71548,,NIFTY,,2027-06-24,2027-06-24,18000.0,PE,NIFTY27JUN18000PE,0.0,0.0,0.0,48.55,48.55,48.55,22124.7,60.35,25,0,0,0.0,0,F1,75,,,,,
2025-02-28,2025-02-28,FO,NSE,IDO,50984,,NIFTY,,2027-06-24,2027-06-24,27000.0,PE,NIFTY27JUN27000PE,0.0,0.0,0.0,6273.45,0.0,6273.45,22124.7,2440.5,0,0,0,0.0,0,F1,75,,,,,
2025-02-28,2025-02-28,FO,NSE,IDO,53595,,NIFTY,,2027-12-30,2027-12-30,15000.0,PE,NIFTY27DEC15000PE,0.0,0.0,0.0,43.05,43.05,43.05,22124.7,6.5,475,0,0,0.0,0,F1,75,,,,,
2025-02-28,2025-02-28,FO,NSE,IDO,53606,,NIFTY,,2027-12-30,2027-12-30,19000.0,PE,NIFTY27DEC19000PE,0.0,0.0,0.0,299.95,299.95,299.95,22124.7,124.6,525,0,0,0.0,0,F1,75,,,,,
2025-02-28,2025-02-28,FO,NSE,IDO,53619,,NIFTY,,2027-12-30,2027-12-30,23000.0,PE,NIFTY27DEC23000PE,0.0,0.0,0.0,800.05,800.05,800.05,22124.7,722.45,1950,0,0,0.0,0,F1,75,,,,,
2025-02-28,2025-02-28,FO,NSE,IDO,67783,,NIFTY,,2028-12-28,2028-12-28,24000.0,PE,NIFTY28DEC24000PE,0.0,0.0,0.0,914.3,914.3,914.3,22124.7,837.0,600,0,0,0.0,0,F1,75,,,,,
2025-02-28,2025-02-28,FO,NSE,IDO,89615,,NIFTY,,2029-06-28,2029-06-28,19000.0,PE,NIFTY29JUN19000PE,0.0,0.0,0.0,170.3,0.0,170.3,22124.7,126.25,0,0,0,0.0,0,F1,75,,,,,
2025-02-28,2025-02-28,FO,NSE,IDO,54619,,NIFTY,,2025-04-03,2025-04-03,22550.0,CE,NIFTY2540322550CE,295.0,295.0,228.65,246.6,249.6,810.65,22124.7,246.6,786675,786675,10683,18289792665.0,841,F1,75,,,,,
2025-02-28,2025-02-28,FO,NSE,IDO,54596,,NIFTY,,2025-04-03,2025-04-03,22450.0,CE,NIFTY2540322450CE,295.0,359.45,275.1,285.55,288.2,877.9,22124.7,285.55,200700,200700,2755,4696426425.0,251,F1,75,,,,,
2025-02-28,2025-02-28,FO,NSE,IDO,54560,,NIFTY,,2025-04-03,2025-04-03,21550.0,CE,NIFTY2540321550CE,0.0,0.0,0.0,1596.55,0.0,1596.55,22124.7,813.0,0,0,0,0.0,0,F1,75,,,,,
2025-02-28,2025-02-28,FO,NSE,IDO,54534,,NIFTY,,2025-04-03,2025-04-03,21150.0,CE,NIFTY2540321150CE,0.0,0.0,0.0,1962.65,0.0,1962.65,22124.7,1146.75,0,0,0,0.0,0,F1,75,,,,,
2025-02-28,2025-02-28,FO,NSE,IDO,56568,,NIFTY,,2025-03-27,2025-03-27,24900.0,CE,NIFTY25MAR24900CE,5.4,6.35,3.75,5.85,5.8,5.35,22124.7,5.85,74700,-10125,977,1824916316.25,469,F1,75,,,,,
2025-02-28,2025-02-28,FO,NSE,IDO,56544,,NIFTY,,2025-03-27,2025-03-27,24750.0,CE,NIFTY25MAR24750CE,5.4,15.25,3.75,6.05,6.0,5.45,22124.7,6.05,31575,-900,808,1500158283.75,407,F1,75,,,,,
2025-02-28,2025-02-28,FO,NSE,IDO,56528,,NIFTY,,2025-03-27,2025-03-27,24600.0,CE,NIFTY25MAR24600CE,5.6,6.6,3.65,6.3,6.1,5.65,22124.7,6.3,96300,-31950,2551,4707670897.5,1295,F1,75,,,,,
2025-02-28,2025-02-28,FO,NSE,IDO,54727,,NIFTY,,2025-03-27,2025-03-27,24100.0,CE,NIFTY25MAR24100CE,9.95,11.75,7.9,9.2,9.05,9.95,22124.7,9.2,176700,-87600,8573,15501271537.5,4850,F1,75,,,,,
2025-02-28,2025-02-28,FO,NSE,IDO,54719,,NIFTY,,2025-03-27,2025-03-27,23850.0,CE,NIFTY25MAR23850CE,16.1,16.1,10.8,12.4,10.8,17.65,22124.7,12.4,98250,44025,3388,6063568117.5,2019,F1,75,,,,,
2025-02-28,2025-02-28,FO,NSE,IDO,51475,,NIFTY,,2025-03-27,2025-03-27,23650.0,CE,NIFTY25MAR23650CE,23.05,25.6,15.9,17.1,16.65,31.15,22124.7,17.1,117375,-5400,3839,6814987567.5,1878,F1,75,,,,,
2025-02-28,2025-02-28,FO,NSE,IDO,51459,,NIFTY,,2025-03-27,2025-03-27,23550.0,CE,NIFTY25MAR23550CE,32.1,37.9,18.85,20.3,19.2,41.2,22124.7,20.3,120150,53850,4761,8417304555.0,2573,F1,75,,,,,
2025-02-28,2025-02-28,FO,NSE,IDO,46984,,NIFTY,,2025-03-27,2025-03-27,22250.0,CE,NIFTY25MAR22250CE,472.55,473.5,311.85,332.95,326.95,589.15,22124.7,332.95,128175,94125,5958,10105434108.75,4549,F1,75,,,,,
2025-02-28,2025-02-28,FO,NSE,IDO,64556,,NIFTY,,2025-03-27,2025-03-27,20000.0,CE,NIFTY25MAR20000CE,2495.0,2506.05,2219.35,2268.55,2258.9,2668.85,22124.7,2268.55,664225,51225,2117,3542098575.0,1660,F1,75,,,,,
2025-02-28,2025-02-28,FO,NSE,IDO,50289,,NIFTY,,2025-03-20,2025-03-20,24300.0,CE,NIFTY2532024300CE,5.1,5.1,3.8,4.1,4.1,5.1,22124.7,4.1,900,675,14,25519267.5,5,F1,75,,,,,
2025-02-28,2025-02-28,FO,NSE,IDO,45372,,NIFTY,,2025-03-13,2025-03-13,20800.0,CE,NIFTY2531320800CE,1439.95,1439.95,1439.95,1439.95,1439.95,2949.4,22124.7,1373.75,75,75,1,1667996.25,1,F1,75,,,,,
2025-02-28,2025-02-28,FO,NSE,IDO,54838,,NIFTY,,2025-04-03,2025-04-03,24100.0,PE,NIFTY2540324100PE,0.0,0.0,0.0,1145.75,0.0,1145.75,22124.7,1839.05,0,0,0,0.0,0,F1,75,,,,,
2025-02-28,2025-02-28,FO,NSE,IDO,54664,,NIFTY,,2025-04-03,2025-04-03,23150.0,PE,NIFTY2540323150PE,0.0,0.0,0.0,682.95,682.95,682.95,22124.7,968.15,75,0,0,0.0,0,F1,75,,,,,
2025-02-28,2025-02-28,FO,NSE,IDO,54632,,NIFTY,,2025-04-03,2025-04-03,22850.0,PE,NIFTY2540322850PE,0.0,0.0,0.0,375.85,0.0,375.85,22124.7,731.55,0,0,0,0.0,0,F1,75,,,,,
2025-02-28,2025-02-28,FO,NSE,IDO,54620,,NIFTY,,2025-04-03,2025-04-03,22550.0,PE,NIFTY2540322550PE,400.0,482.15,396.0,466.1,454.55,285.65,22124.7,466.1,786825,786675,10571,18208178115.0,793,F1,75,,,,,
2025-02-28,2025-02-28,FO,NSE,IDO,54571,,NIFTY,,2025-04-03,2025-04-03,21800.0,PE,NIFTY2540321800PE,146.65,185.0,129.95,167.1,167.1,93.7,22124.7,167.1,600,300,18,29640731.25,18,F1,75,,,,,
2025-02-28,2025-02-28,FO,NSE,IDO,54561,,NIFTY,,2025-04-03,2025-04-03,21550.0,PE,NIFTY2540321550PE,0.0,0.0,0.0,56.1,0.0,56.1,22124.7,108.2,0,0,0,0.0,0,F1,75,,,,,
2025-02-28,2025-02-28,FO,NSE,IDO,54513,,NIFTY,,2025-04-03,2025-04-03,20900.0,PE,NIFTY2540320900PE,0.0,0.0,0.0,14.7,0.0,14.7,22124.7,23.25,0,0,0,0.0,0,F1,75,,,,,
2025-02-28,2025-02-28,FO,NSE,IDO,64579,,NIFTY,,2025-03-27,2025-03-27,28000.0,PE,NIFTY25MAR28000PE,5450.0,5705.05,5450.0,5662.75,5665.15,5260.0,22124.7,5662.75,264475,-3825,265,667850793.75,194,F1,75,,,,,
2025-02-28,2025-02-28,FO,NSE,IDO,58784,,NIFTY,,2025-03-27,2025-03-27,25800.0,PE,NIFTY25MAR25800PE,3330.0,3330.0,3330.0,3330.0,3330.0,3070.0,22124.7,3551.55,34575,-75,1,2184750.0,1,F1,75,,,,,
2025-02-28,2025-02-28,FO,NSE,IDO,56883,,NIFTY,,2025-03-27,2025-03-27,25450.0,PE,NIFTY25MAR25450PE,3133.35,3135.65,3133.35,3134.55,3135.65,1560.7,22124.7,3134.55,225,225,3,6431520.0,3,F1,75,,,,,
2025-02-28,2025-02-28,FO,NSE,IDO,56573,,NIFTY,,2025-03-27,2025-03-27,24950.0,PE,NIFTY25MAR24950PE,2638.8,2640.15,2638.8,2639.5,2640.15,2180.0,22124.7,2639.5,150,75,2,4138421.25,2,F1,75,,,,,
2025-02-28,2025-02-28,FO,NSE,IDO,53847,,NIFTY,,2025-03-27,2025-03-27,23750.0,PE,NIFTY25MAR23750PE,1244.3,1464.9,1244.3,1464.9,1464.9,1092.0,22124.7,1464.9,14625,-3000,206,387891686.25,188,F1,75,,,,,
2025-02-28,2025-02-28,FO,NSE,IDO,51121,,NIFTY,,2025-03-27,2025-03-27,23350.0,PE,NIFTY25MAR23350PE,900.0,1068.75,900.0,1067.65,1067.65,729.6,22124.7,1147.1,35625,-3450,79,144383842.5,52,F1,75,,,,,
2025-02-28,2025-02-28,FO,NSE,IDO,64565,,NIFTY,,2025-03-27,2025-03-27,23000.0,PE,NIFTY25MAR23000PE,533.05,826.0,533.05,780.15,785.55,483.5,22124.7,780.15,2754275,-504125,32110,57119442858.75,18188,F1,75,,,,,
2025-02-28,2025-02-28,FO,NSE,IDO,46929,,NIFTY,,2025-03-27,2025-03-27,21900.0,PE,NIFTY25MAR21900PE,90.0,191.4,90.0,174.3,175.75,83.85,22124.7,174.3,492675,66000,16455,27214705323.75,12008,F1,75,,,,,
2025-02-28,2025-02-28,FO,NSE,IDO,46920,,NIFTY,,2025-03-27,2025-03-27,21800.0,PE,NIFTY25MAR21800PE,90.0,161.3,74.95,146.4,148.0,69.25,22124.7,146.4,1135800,291750,33920,55776897168.75,19332,F1,75,,,,,
2025-02-28,2025-02-28,FO,NSE,IDO,46893,,NIFTY,,2025-03-27,2025-03-27,21650.0,PE,NIFTY25MAR21650PE,81.1,123.75,69.0,113.3,115.6,52.85,22124.7,113.3,42150,18600,1426,2326176281.25,722,F1,75,,,,,
2025-02-28,2025-02-28,FO,NSE,IDO,46891,,NIFTY,,2025-03-27,2025-03-27,21600.0,PE,NIFTY25MAR21600PE,59.95,114.95,58.0,103.85,105.75,48.9,22124.7,103.85,608625,175725,15968,25974250353.75,9054,F1,75,,,,,
2025-02-28,2025-02-28,FO,NSE,IDO,46830,,NIFTY,,2025-03-27,2025-03-27,21100.0,PE,NIFTY25MAR21100PE,26.95,45.75,24.25,40.55,40.55,20.0,22124.7,40.55,484275,349350,14161,22446795577.5,7335,F1,75,,,,,
2025-02-28,2025-02-28,FO,NSE,IDO,64557,,NIFTY,,2025-03-27,2025-03-27,20000.0,PE,NIFTY25MAR20000PE,7.15,9.4,6.15,8.55,8.8,6.0,22124.7,8.55,2103650,474875,28537,42822194940.0,13001,F1,75,,,,,
2025-02-28,2025-02-28,FO,NSE,IDO,50320,,NIFTY,,2025-03-20,2025-03-20,24750.0,PE,NIFTY2532024750PE,2489.2,2489.2,2489.2,2489.2,2489.2,1602.4,22124.7,2489.2,75,75,1,2042940.0,1,F1,75,,,,,
2025-02-28,2025-02-28,FO,NSE,IDO,50200,,NIFTY,,2025-03-20,2025-03-20,22600.0,PE,NIFTY2532022600PE,332.0,498.8,318.05,468.5,470.3,240.8,22124.7,468.5,8625,-2325,583,1005940361.25,348,F1,75,,,,,
2025-02-28,2025-02-28,FO,NSE,IDO,50187,,NIFTY,,2025-03-20,2025-03-20,22500.0,PE,NIFTY2532022500PE,245.0,436.5,245.0,405.1,399.6,200.55,22124.7,405.1,33375,10350,1504,2575961542.5,1058,F1,75,,,,,
2025-02-28,2025-02-28,FO,NSE,IDO,50136,,NIFTY,,2025-03-20,2025-03-20,21750.0,PE,NIFTY2532021750PE,103.0,106.7,103.0,106.25,106.7,52.55,22124.7,106.25,450,450,6,9834630.0,5,F1,75,,,,,
2025-02-28,2025-02-28,FO,NSE,IDO,50092,,NIFTY,,2025-03-20,2025-03-20,21000.0,PE,NIFTY2532021000PE,14.0,23.3,11.95,21.2,21.35,8.65,22124.7,21.2,29775,28500,1033,1628448071.25,423,F1,75,,,,,
2025-02-28,2025-02-28,FO,NSE,IDO,50074,,NIFTY,,2025-03-20,2025-03-20,20800.0,PE,NIFTY2532020800PE,12.5,16.0,11.05,14.9,15.0,5.7,22124.7,14.9,4200,4200,96,149864231.25,34,F1,75,,,,,
2025-02-28,2025-02-28,FO,NSE,IDO,45632,,NIFTY,,2025-03-13,2025-03-13,24850.0,PE,NIFTY2531324850PE,2611.6,2611.6,2611.6,2611.6,2611.6,1932.4,22124.7,2611.6,150,75,1,2059620.0,1,F1,75,,,,,
2025-02-28,2025-02-28,FO,NSE,IDO,45596,,NIFTY,,2025-03-13,2025-03-13,24400.0,PE,NIFTY2531324400PE,2146.1,2146.1,2146.1,2146.1,2146.1,1765.0,22124.7,2218.9,900,0,1,1990957.5,1,F1,75,,,,,
2025-02-28,2025-02-28,FO,NSE,IDO,45539,,NIFTY,,2025-03-13,2025-03-13,23700.0,PE,NIFTY2531323700PE,1260.0,1372.25,1260.0,1335.0,1335.0,1068.35,22124.7,1521.25,4875,0,6,11252062.5,5,F1,75,,,,,
2025-02-28,2025-02-28,FO,NSE,IDO,45529,,NIFTY,,2025-03-13,2025-03-13,23500.0,PE,NIFTY2531323500PE,1125.0,1298.05,1115.0,1271.15,1271.15,871.8,22124.7,1271.15,11550,600,66,122165921.25,51,F1,75,,,,,
2025-02-28,2025-02-28,FO,NSE,IDO,45469,,NIFTY,,2025-03-13,2025-03-13,22500.0,PE,NIFTY2531322500PE,241.0,412.4,205.1,375.1,377.0,156.85,22124.7,375.1,243675,-22575,18831,32212126241.25,13522,F1,75,,,,,
2025-02-28,2025-02-28,FO,NSE,IDO,45425,,NIFTY,,2025-03-13,2025-03-13,21650.0,PE,NIFTY2531321650PE,35.35,61.75,24.15,53.55,55.8,16.7,22124.7,53.55,41925,18225,5555,9039134178.75,3147,F1,75,,,,,
2025-02-28,2025-02-28,FO,NSE,IDO,45415,,NIFTY,,2025-03-13,2025-03-13,21500.0,PE,NIFTY2531321500PE,16.9,41.6,11.85,36.0,36.1,11.1,22124.7,36.0,412650,214725,33154,53532584148.75,19293,F1,75,,,,,
2025-02-28,2025-02-28,FO,NSE,IDO,45407,,NIFTY,,2025-03-13,2025-03-13,21300.0,PE,NIFTY2531321300PE,5.65,24.2,5.65,20.6,20.4,6.4,22124.7,20.6,312900,244350,19611,31354028977.5,11776,F1,75,,,,,
2025-02-28,2025-02-28,FO,NSE,IDO,45385,,NIFTY,,2025-03-13,2025-03-13,20850.0,PE,NIFTY2531320850PE,5.05,8.3,3.15,7.05,6.9,4.05,22124.7,7.05,13650,8025,1983,3101868975.0,1142,F1,75,,,,,
2025-02-28,2025-02-28,FO,NSE,IDO,45383,,NIFTY,,2025-03-13,2025-03-13,20800.0,PE,NIFTY2531320800PE,4.65,7.35,2.5,6.55,6.85,3.8,22124.7,6.55,59025,39750,6059,9454697700.0,3575,F1,75,,,,,
2025-02-28,2025-02-28,FO,NSE,IDO,68648,,NIFTY,,2025-03-06,2025-03-06,24950.0,PE,NIFTY2530624950PE,0.0,0.0,0.0,1857.55,1857.9,1857.55,22124.7,2798.65,300,0,0,0.0,0,F1,75,,,,,
2025-02-28,2025-02-28,FO,NSE,IDO,68585,,NIFTY,,2025-03-06,2025-03-06,23750.0,PE,NIFTY2530623750PE,1572.5,1572.5,1530.2,1572.0,1572.0,1145.15,22124.7,1599.95,4800,-825,18,34175156.25,6,F1,75,,,,,
2025-02-28,2025-02-28,FO,NSE,IDO,68475,,NIFTY,,2025-03-06,2025-03-06,23150.0,PE,NIFTY2530623150PE,697.55,988.65,697.55,968.65,969.35,565.6,22124.7,968.65,23175,-900,275,494486122.5,185,F1,75,,,,,
2025-02-28,2025-02-28,FO,NSE,IDO,61794,,NIFTY,,2029-12-27,2029-12-27,27000.0,CE,NIFTY29DEC27000CE,0.0,0.0,0.0,6201.65,0.0,6201.65,22124.7,3828.15,0,0,0,0.0,0,F1,75,,,,,
2025-02-28,2025-02-28,FO,NSE,IDO,61772,,NIFTY,,2029-12-27,2029-12-27,25000.0,CE,NIFTY29DEC25000CE,0.0,0.0,0.0,7196.25,0.0,7196.25,22124.7,4770.45,0,0,0,0.0,0,F1,75,,,,,
2025-02-28,2025-02-28,FO,NSE,IDO,61659,,NIFTY,,2029-12-27,2029-12-27,21000.0,CE,NIFTY29DEC21000CE,0.0,0.0,0.0,9463.95,0.0,9463.95,22124.7,7057.9,0,0,0,0.0,0,F1,75,,,,,
2025-02-28,2025-02-28,FO,NSE,IDO,61390,,NIFTY,,2029-12-27,2029-12-27,18000.0,CE,NIFTY29DEC18000CE,0.0,0.0,0.0,11362.4,0.0,11362.4,22124.7,9051.45,0,0,0,0.0,0,F1,75,,,,,
2025-02-28,2025-02-28,FO,NSE,IDO,89636,,NIFTY,,2029-06-28,2029-06-28,27000.0,CE,NIFTY29JUN27000CE,0.0,0.0,0.0,6570.4,0.0,6570.4,22124.7,3329.45,0,0,0,0.0,0,F1,75,,,,,
2025-02-28,2025-02-28,FO,NSE,IDO,37802,,NIFTY,,2026-06-25,2026-06-25,13000.0,PE,NIFTY26JUN13000PE,0.0,0.0,0.0,21.6,21.6,21.6,22124.7,0.05,200,0,0,0.0,0,F1,75,,,,,
2025-02-28,2025-02-28,FO,NSE,IDO,89634,,NIFTY,,2029-06-28,2029-06-28,26000.0,CE,NIFTY29JUN26000CE,0.0,0.0,0.0,7052.2,0.0,7052.2,22124.7,3773.6,0,0,0,0.0,0,F1,75,,,,,
2025-02-28,2025-02-28,FO,NSE,IDO,89628,,NIFTY,,2029-06-28,2029-06-28,23000.0,CE,NIFTY29JUN23000CE,0.0,0.0,0.0,8636.0,0.0,8636.0,22124.7,5342.05,0,0,0,0.0,0,F1,75,,,,,
2025-02-28,2025-02-28,FO,NSE,IDO,67770,,NIFTY,,2028-12-28,2028-12-28,18000.0,CE,NIFTY28DEC18000CE,0.0,0.0,0.0,9380.3,0.0,9380.3,22124.7,8170.4,0,0,0,0.0,0,F1,75,,,,,
2025-02-28,2025-02-28,FO,NSE,IDO,61391,,NIFTY,,2029-12-27,2029-12-27,18000.0,PE,NIFTY29DEC18000PE,0.0,0.0,0.0,96.5,0.0,96.5,22124.7,76.65,0,0,0,0.0,0,F1,75,,,,,
2025-02-28,2025-02-28,FO,NSE,IDO,61915,,NIFTY,,2029-12-27,2029-12-27,29000.0,PE,NIFTY29DEC29000PE,0.0,0.0,0.0,1669.2,0.0,1669.2,22124.7,2088.9,0,0,0,0.0,0,F1,75,,,,,
2025-02-28,2025-02-28,FO,NSE,IDO,68368,,NIFTY,,2025-03-06,2025-03-06,20950.0,CE,NIFTY2530620950CE,0.0,0.0,0.0,2440.9,0.0,2440.9,22124.7,1197.15,0,0,0,0.0,0,F1,75,,,,,
2025-02-28,2025-02-28,FO,NSE,IDO,68378,,NIFTY,,2025-03-06,2025-03-06,21200.0,CE,NIFTY2530621200CE,968.25,1104.6,959.0,985.8,985.0,1453.75,22124.7,985.8,975,450,24,39928710.0,14,F1,75,,,,,
2025-02-28,2025-02-28,FO,NSE,IDO,68399,,NIFTY,,2025-03-06,2025-03-06,21600.0,CE,NIFTY2530621600CE,820.0,830.35,569.0,602.35,594.2,1003.0,22124.7,602.35,7125,5175,680,1133466423.75,450,F1,75,,,,,
2025-02-28,2025-02-28,FO,NSE,IDO,68405,,NIFTY,,2025-03-06,2025-03-06,21750.0,CE,NIFTY2530621750CE,586.45,603.4,428.75,459.95,454.95,859.1,22124.7,459.95,12675,10275,1024,1707796353.75,681,F1,75,,,,,
2025-02-28,2025-02-28,FO,NSE,IDO,68423,,NIFTY,,2025-03-06,2025-03-06,22150.0,CE,NIFTY2530622150CE,371.0,371.0,147.3,167.05,161.9,467.9,22124.7,167.05,1556700,1552575,519817,870316604778.75,332496,F1,75,,,,,
2025-02-28,2025-02-28,FO,NSE,IDO,68425,,NIFTY,,2025-03-06,2025-03-06,22200.0,CE,NIFTY2530622200CE,399.65,399.65,123.15,140.0,133.9,432.65,22124.7,140.0,4019700,3956925,1157050,1940553393678.75,713808,F1,75,,,,,
2025-02-28,2025-02-28,FO,NSE,IDO,68454,,NIFTY,,2025-03-06,2025-03-06,22700.0,CE,NIFTY2530622700CE,59.0,63.75,10.6,12.1,11.1,93.4,22124.7,12.1,6254775,3082875,1271771,2167068020310.0,419795,F1,75,,,,,
2025-02-28,2025-02-28,FO,NSE,IDO,68466,,NIFTY,,2025-03-06,2025-03-06,22950.0,CE,NIFTY2530622950CE,19.65,19.65,3.5,3.95,3.8,23.8,22124.7,3.95,1541325,504750,349882,602381574693.75,91070,F1,75,,,,,
2025-02-28,2025-02-28,FO,NSE,IDO,68472,,NIFTY,,2025-03-06,2025-03-06,23100.0,CE,NIFTY2530623100CE,7.15,7.4,2.25,2.5,2.4,8.65,22124.7,2.5,3660900,1074675,559001,968602847996.25,137158,F1,75,,,,,
2025-02-28,2025-02-28,FO,NSE,IDO,68478,,NIFTY,,2025-03-06,2025-03-06,23250.0,CE,NIFTY2530623250CE,3.75,3.75,1.6,1.9,1.65,3.85,22124.7,1.9,1161000,622425,190700,332565419508.75,48681,F1,75,,,,,
2025-02-28,2025-02-28,FO,NSE,IDO,68488,,NIFTY,,2025-03-06,2025-03-06,23450.0,CE,NIFTY2530623450CE,2.6,3.0,1.3,1.4,1.35,2.15,22124.7,1.4,720150,333825,100854,177389404293.75,27618,F1,75,,,,,
2025-02-28,2025-02-28,FO,NSE,IDO,68604,,NIFTY,,2025-03-06,2025-03-06,24250.0,CE,NIFTY2530624250CE,1.2,1.45,1.0,1.15,1.05,1.1,22124.7,1.15,116475,80550,24364,44314143783.75,6207,F1,75,,,,,
2025-02-28,2025-02-28,FO,NSE,IDO,68872,,NIFTY,,2025-03-06,2025-03-06,25500.0,CE,NIFTY2530625500CE,0.9,1.2,0.85,1.0,0.95,1.05,22124.7,1.0,10180200,3616725,492815,942545278323.75,60872,F1,75,,,,,
2025-02-28,2025-02-28,FO,NSE,IDO,45388,,NIFTY,,2025-03-13,2025-03-13,20950.0,CE,NIFTY2531320950CE,1288.9,1288.9,1285.55,1285.55,1285.55,2801.2,22124.7,1225.45,150,150,2,3335583.75,2,F1,75,,,,,
2025-02-28,2025-02-28,FO,NSE,IDO,45406,,NIFTY,,2025-03-13,2025-03-13,21300.0,CE,NIFTY2531321300CE,946.45,946.45,946.45,946.45,946.45,1616.25,22124.7,886.8,150,75,1,1668483.75,1,F1,75,,,,,
2025-02-28,2025-02-28,FO,NSE,IDO,45416,,NIFTY,,2025-03-13,2025-03-13,21550.0,CE,NIFTY2531321550CE,716.55,716.55,716.55,716.55,716.55,1364.45,22124.7,659.85,150,75,1,1669991.25,1,F1,75,,,,,
2025-02-28,2025-02-28,FO,NSE,IDO,45442,,NIFTY,,2025-03-13,2025-03-13,22050.0,CE,NIFTY2531322050CE,468.5,481.0,295.3,318.5,313.4,912.15,22124.7,318.5,28350,28275,1239,2080209360.0,1017,F1,75,,,,,
2025-02-28,2025-02-28,FO,NSE,IDO,45523,,NIFTY,,2025-03-13,2025-03-13,23400.0,CE,NIFTY2531323400CE,10.35,10.35,4.75,5.4,4.85,10.65,22124.7,5.4,267075,112500,18991,33337596532.5,11243,F1,75,,,,,
2025-02-28,2025-02-28,FO,NSE,IDO,45531,,NIFTY,,2025-03-13,2025-03-13,23550.0,CE,NIFTY2531323550CE,4.8,5.45,3.5,4.2,3.9,6.05,22124.7,4.2,72000,54000,4297,7590900697.5,2743,F1,75,,,,,
2025-02-28,2025-02-28,FO,NSE,IDO,50073,,NIFTY,,2025-03-20,2025-03-20,20800.0,CE,NIFTY2532020800CE,1441.55,1441.55,1441.55,1441.55,1441.55,2380.0,22124.7,1441.55,75,75,1,1668116.25,1,F1,75,,,,,
2025-02-28,2025-02-28,FO,NSE,IDO,50093,,NIFTY,,2025-03-20,2025-03-20,21050.0,CE,NIFTY2532021050CE,1202.2,1202.2,1202.2,1202.2,1202.2,2137.0,22124.7,1202.2,75,75,1,1668915.0,1,F1,75,,,,,
2025-02-28,2025-02-28,FO,NSE,IDO,50113,,NIFTY,,2025-03-20,2025-03-20,21300.0,CE,NIFTY2532021300CE,983.7,983.7,983.7,983.7,983.7,1897.85,22124.7,983.7,75,75,1,1671277.5,1,F1,75,,,,,
2025-02-28,2025-02-28,FO,NSE,IDO,50129,,NIFTY,,2025-03-20,2025-03-20,21600.0,CE,NIFTY2532021600CE,733.25,733.25,720.0,720.0,720.0,1618.6,22124.7,720.0,150,150,2,3348993.75,2,F1,75,,,,,
2025-02-28,2025-02-28,FO,NSE,IDO,50157,,NIFTY,,2025-03-20,2025-03-20,22150.0,CE,NIFTY2532022150CE,327.3,327.3,327.3,327.3,327.3,1142.65,22124.7,303.6,150,150,2,3371595.0,2,F1,75,,,,,
2025-02-28,2025-02-28,FO,NSE,IDO,50233,,NIFTY,,2025-03-20,2025-03-20,23250.0,CE,NIFTY2532023250CE,25.85,26.15,19.0,19.5,19.2,73.5,22124.7,19.5,10725,10200,216,377007423.75,133,F1,75,,,,,
2025-02-28,2025-02-28,FO,NSE,IDO,50264,,NIFTY,,2025-03-20,2025-03-20,23900.0,CE,NIFTY2532023900CE,7.0,8.25,6.0,6.4,6.4,8.8,22124.7,6.4,5550,900,74,132680445.0,50,F1,75,,,,,
2025-02-28,2025-02-28,FO,NSE,IDO,46928,,NIFTY,,2025-03-27,2025-03-27,21900.0,CE,NIFTY25MAR21900CE,704.95,720.15,519.9,551.05,544.5,863.15,22124.7,551.05,23400,20475,702,1183210383.75,586,F1,75,,,,,
2025-02-28,2025-02-28,FO,NSE,IDO,46951,,NIFTY,,2025-03-27,2025-03-27,22050.0,CE,NIFTY25MAR22050CE,527.95,529.8,426.9,449.3,452.65,1012.75,22124.7,449.3,17475,17325,792,1337675021.25,703,F1,75,,,,,
2025-02-28,2025-02-28,FO,NSE,IDO,47042,,NIFTY,,2025-03-27,2025-03-27,22800.0,CE,NIFTY25MAR22800CE,205.05,209.95,102.4,109.45,106.45,254.2,22124.7,109.45,1644675,591600,47225,81214682467.5,25225,F1,75,,,,,
2025-02-28,2025-02-28,FO,NSE,IDO,48217,,NIFTY,,2025-03-27,2025-03-27,22900.0,CE,NIFTY25MAR22900CE,168.0,168.0,81.05,86.8,84.0,209.05,22124.7,86.8,788700,147825,24868,42905116852.5,15103,F1,75,,,,,
2025-02-28,2025-02-28,FO,NSE,IDO,49834,,NIFTY,,2025-03-27,2025-03-27,23250.0,CE,NIFTY25MAR23250CE,64.2,65.9,34.85,37.15,35.05,92.8,22124.7,37.15,108450,39450,4974,8691151012.5,2797,F1,75,,,,,
2025-02-28,2025-02-28,FO,NSE,IDO,51122,,NIFTY,,2025-03-27,2025-03-27,23400.0,CE,NIFTY25MAR23400CE,60.0,60.0,24.8,26.85,25.35,62.95,22124.7,26.85,690675,89325,30804,54135350647.5,15295,F1,75,,,,,
2025-02-28,2025-02-28,FO,NSE,IDO,56534,,NIFTY,,2025-03-27,2025-03-27,24650.0,CE,NIFTY25MAR24650CE,6.35,6.35,4.3,6.2,6.2,5.95,22124.7,6.2,10425,1425,291,538104600.0,171,F1,75,,,,,
2025-02-28,2025-02-28,FO,NSE,IDO,56566,,NIFTY,,2025-03-27,2025-03-27,24850.0,CE,NIFTY25MAR24850CE,5.1,6.2,5.1,5.65,5.55,6.05,22124.7,5.65,5100,-225,85,158453096.25,51,F1,75,,,,,
2025-02-28,2025-02-28,FO,NSE,IDO,56868,,NIFTY,,2025-03-27,2025-03-27,25100.0,CE,NIFTY25MAR25100CE,6.4,6.4,3.9,5.1,5.1,5.15,22124.7,5.1,43800,-5100,312,587443972.5,115,F1,75,,,,,
2025-02-28,2025-02-28,FO,NSE,IDO,56890,,NIFTY,,2025-03-27,2025-03-27,25650.0,CE,NIFTY25MAR25650CE,0.0,0.0,0.0,3.95,3.95,3.95,22124.7,0.05,7950,0,0,0.0,0,F1,75,,,,,
2025-02-28,2025-02-28,FO,NSE,IDO,58793,,NIFTY,,2025-03-27,2025-03-27,25900.0,CE,NIFTY25MAR25900CE,3.5,3.95,3.45,3.9,3.85,3.75,22124.7,3.9,13650,2475,61,118509322.5,27,F1,75,,,,,
2025-02-28,2025-02-28,FO,NSE,IDO,64584,,NIFTY,,2025-03-27,2025-03-27,30000.0,CE,NIFTY25MAR30000CE,2.7,3.1,2.7,2.95,2.9,3.0,22124.7,2.95,1023300,334150,7641,17193934991.25,1159,F1,75,,,,,
2025-02-28,2025-02-28,FO,NSE,IDO,54520,,NIFTY,,2025-04-03,2025-04-03,21050.0,CE,NIFTY2540321050CE,0.0,0.0,0.0,2056.95,0.0,2056.95,22124.7,1236.35,0,0,0,0.0,0,F1,75,,,,,
2025-02-28,2025-02-28,FO,NSE,IDO,54566,,NIFTY,,2025-04-03,2025-04-03,21700.0,CE,NIFTY2540321700CE,0.0,0.0,0.0,1465.05,0.0,1465.05,22124.7,700.6,0,0,0,0.0,0,F1,75,,,,,
2025-02-28,2025-02-28,FO,NSE,IDO,54568,,NIFTY,,2025-04-03,2025-04-03,21750.0,CE,NIFTY2540321750CE,0.0,0.0,0.0,1422.05,0.0,1422.05,22124.7,664.95,0,0,0,0.0,0,F1,75,,,,,
2025-02-28,2025-02-28,FO,NSE,IDO,54572,,NIFTY,,2025-04-03,2025-04-03,21850.0,CE,NIFTY2540321850CE,0.0,0.0,0.0,1337.55,0.0,1337.55,22124.7,596.6,0,0,0,0.0,0,F1,75,,,,,
2025-02-28,2025-02-28,FO,NSE,IDO,54574,,NIFTY,,2025-04-03,2025-04-03,21900.0,CE,NIFTY2540321900CE,0.0,0.0,0.0,1296.0,0.0,1296.0,22124.7,563.9,0,0,0,0.0,0,F1,75,,,,,
2025-02-28,2025-02-28,FO,NSE,IDO,54781,,NIFTY,,2025-04-03,2025-04-03,24000.0,CE,NIFTY2540324000CE,25.3,25.3,14.75,17.4,16.5,24.05,22124.7,17.4,10275,5175,322,580054728.75,158,F1,75,,,,,
2025-02-28,2025-02-28,FO,NSE,IDO,54848,,NIFTY,,2025-04-03,2025-04-03,24350.0,CE,NIFTY2540324350CE,21.65,21.65,15.0,15.0,15.0,20.65,22124.7,4.65,900,525,8,14621058.75,8,F1,75,,,,,
2025-02-28,2025-02-28,FO,NSE,IDO,79251,,NIFTY,,2025-04-24,2025-04-24,21400.0,CE,NIFTY25APR21400CE,1350.0,1350.0,1350.0,1350.0,1350.0,2285.9,22124.7,1061.45,75,75,1,1706250.0,1,F1,75,,,,,
2025-02-28,2025-02-28,FO,NSE,IDO,79266,,NIFTY,,2025-04-24,2025-04-24,21750.0,CE,NIFTY25APR21750CE,893.45,893.45,893.45,893.45,893.45,1985.45,22124.7,893.45,75,75,1,1698258.75,1,F1,75,,,,,
2025-02-28,2025-02-28,FO,NSE,IDO,79370,,NIFTY,,2025-04-24,2025-04-24,22200.0,CE,NIFTY25APR22200CE,670.0,684.7,560.0,581.7,574.55,850.0,22124.7,581.7,18150,17850,641,1096036845.0,552,F1,75,,,,,
2025-02-28,2025-02-28,FO,NSE,IDO,79434,,NIFTY,,2025-04-24,2025-04-24,23050.0,CE,NIFTY25APR23050CE,277.95,277.95,182.4,185.3,184.55,342.5,22124.7,185.3,10800,7275,272,474488576.25,164,F1,75,,,,,
2025-02-28,2025-02-28,FO,NSE,IDO,79436,,NIFTY,,2025-04-24,2025-04-24,23100.0,CE,NIFTY25APR23100CE,310.0,310.0,163.9,174.75,167.8,315.6,22124.7,174.75,68925,31350,1789,3125020698.75,1141,F1,75,,,,,
2025-02-28,2025-02-28,FO,NSE,IDO,79503,,NIFTY,,2025-04-24,2025-04-24,23550.0,CE,NIFTY25APR23550CE,120.0,120.0,74.95,76.1,75.7,150.1,22124.7,76.1,3150,1050,224,397112216.25,91,F1,75,,,,,
2025-02-28,2025-02-28,FO,NSE,IDO,79608,,NIFTY,,2025-04-24,2025-04-24,24200.0,CE,NIFTY25APR24200CE,35.0,40.0,24.2,25.9,25.35,44.55,22124.7,25.9,50775,8850,2495,4533908677.5,921,F1,75,,,,,
2025-02-28,2025-02-28,FO,NSE,IDO,79646,,NIFTY,,2025-04-24,2025-04-24,24650.0,CE,NIFTY25APR24650CE,0.0,0.0,0.0,40.55,40.55,40.55,22124.7,13.6,1050,0,0,0.0,0,F1,75,,,,,
2025-02-28,2025-02-28,FO,NSE,IDO,79727,,NIFTY,,2025-04-24,2025-04-24,25050.0,CE,NIFTY25APR25050CE,17.25,17.25,17.25,17.25,17.25,17.25,22124.7,5.9,825,0,1,1880043.75,1,F1,75,,,,,
2025-02-28,2025-02-28,FO,NSE,IDO,61351,,NIFTY,,2025-05-29,2025-05-29,20900.0,CE,NIFTY25MAY20900CE,0.0,0.0,0.0,2113.65,0.0,2113.65,22124.7,1654.5,0,0,0,0.0,0,F1,75,,,,,
2025-02-28,2025-02-28,FO,NSE,IDO,61357,,NIFTY,,2025-05-29,2025-05-29,21050.0,CE,NIFTY25MAY21050CE,0.0,0.0,0.0,1986.3,0.0,1986.3,22124.7,1529.95,0,0,0,0.0,0,F1,75,,,,,
2025-02-28,2025-02-28,FO,NSE,IDO,61371,,NIFTY,,2025-05-29,2025-05-29,21150.0,CE,NIFTY25MAY21150CE,0.0,0.0,0.0,1903.05,0.0,1903.05,22124.7,1449.05,0,0,0,0.0,0,F1,75,,,,,
2025-02-28,2025-02-28,FO,NSE,IDO,61487,,NIFTY,,2025-05-29,2025-05-29,22050.0,CE,NIFTY25MAY22050CE,0.0,0.0,0.0,1226.6,0.0,1226.6,22124.7,817.85,0,0,0,0.0,0,F1,75,,,,,
2025-02-28,2025-02-28,FO,NSE,IDO,61509,,NIFTY,,2025-05-29,2025-05-29,22600.0,CE,NIFTY25MAY22600CE,551.0,551.0,551.0,551.0,551.0,890.65,22124.7,531.65,150,150,2,3472650.0,2,F1,75,,,,,
2025-02-28,2025-02-28,FO,NSE,IDO,50195,,NIFTY,,2025-03-20,2025-03-20,22550.0,PE,NIFTY2532022550PE,314.95,453.3,296.9,429.4,429.35,224.0,22124.7,429.4,3150,900,76,130447436.25,53,F1,75,,,,,
2025-02-28,2025-02-28,FO,NSE,IDO,89623,,NIFTY,,2029-06-28,2029-06-28,20000.0,PE,NIFTY29JUN20000PE,0.0,0.0,0.0,236.95,0.0,236.95,22124.7,196.25,0,0,0,0.0,0,F1,75,,,,,
2025-02-28,2025-02-28,FO,NSE,IDO,67787,,NIFTY,,2028-12-28,2028-12-28,26000.0,PE,NIFTY28DEC26000PE,0.0,0.0,0.0,1160.95,0.0,1160.95,22124.7,1401.2,0,0,0,0.0,0,F1,75,,,,,
2025-02-28,2025-02-28,FO,NSE,IDO,67781,,NIFTY,,2028-12-28,2028-12-28,23000.0,PE,NIFTY28DEC23000PE,0.0,0.0,0.0,875.0,875.0,875.0,22124.7,620.55,3675,0,0,0.0,0,F1,75,,,,,
2025-02-28,2025-02-28,FO,NSE,IDO,86148,,NIFTY,,2028-06-29,2028-06-29,22000.0,PE,NIFTY28JUN22000PE,0.0,0.0,0.0,520.05,520.05,520.05,22124.7,474.4,100,0,0,0.0,0,F1,75,,,,,
2025-02-28,2025-02-28,FO,NSE,IDO,53617,,NIFTY,,2027-12-30,2027-12-30,22000.0,PE,NIFTY27DEC22000PE,0.0,0.0,0.0,329.0,329.0,329.0,22124.7,502.65,25,0,0,0.0,0,F1,75,,,,,
2025-02-28,2025-02-28,FO,NSE,IDO,71565,,NIFTY,,2027-06-24,2027-06-24,26000.0,PE,NIFTY27JUN26000PE,0.0,0.0,0.0,6202.2,0.0,6202.2,22124.7,1926.35,0,0,0,0.0,0,F1,75,,,,,
2025-02-28,2025-02-28,FO,NSE,IDO,37805,,NIFTY,,2026-06-25,2026-06-25,23000.0,PE,NIFTY26JUN23000PE,0.0,0.0,0.0,820.0,820.0,820.0,22124.7,877.6,7925,0,0,0.0,0,F1,75,,,,,
2025-02-28,2025-02-28,FO,NSE,IDO,39990,,NIFTY,,2026-06-25,2026-06-25,19000.0,PE,NIFTY26JUN19000PE,0.0,0.0,0.0,160.05,160.05,160.05,22124.7,78.95,175,0,0,0.0,0,F1,75,,,,,
2025-02-28,2025-02-28,FO,NSE,IDO,50557,,NIFTY,,2026-06-25,2026-06-25,18000.0,PE,NIFTY26JUN18000PE,0.0,0.0,0.0,3088.05,0.0,3088.05,22124.7,32.4,0,0,0,0.0,0,F1,75,,,,,
2025-02-28,2025-02-28,FO,NSE,IDO,50972,,NIFTY,,2025-12-24,2025-12-24,27000.0,PE,NIFTY25DEC27000PE,3210.0,3445.0,3210.0,3420.0,3420.0,3073.65,22124.7,3420.0,222325,75,42,95574015.0,37,F1,75,,,,,
2025-02-28,2025-02-28,FO,NSE,IDO,71394,,NIFTY,,2025-12-24,2025-12-24,24000.0,PE,NIFTY25DEC24000PE,1199.95,1369.1,1199.95,1348.65,1344.05,1156.8,22124.7,1348.65,875525,-10525,1425,2704481426.25,1208,F1,75,,,,,
2025-02-28,2025-02-28,FO,NSE,IDO,64701,,NIFTY,,2025-09-25,2025-09-25,28000.0,PE,NIFTY25SEP28000PE,0.0,0.0,0.0,1606.2,0.0,1606.2,22124.7,4875.75,0,0,0,0.0,0,F1,75,,,,,
2025-02-28,2025-02-28,FO,NSE,IDO,64699,,NIFTY,,2025-09-25,2025-09-25,27000.0,PE,NIFTY25SEP27000PE,0.0,0.0,0.0,1168.15,0.0,1168.15,22124.7,3945.3,0,0,0,0.0,0,F1,75,,,,,
2025-02-28,2025-02-28,FO,NSE,IDO,38151,,NIFTY,,2025-06-26,2025-06-26,29000.0,PE,NIFTY25JUN29000PE,0.0,0.0,0.0,6724.5,0.0,6724.5,22124.7,6272.5,0,0,0,0.0,0,F1,75,,,,,
2025-02-28,2025-02-28,FO,NSE,IDO,61676,,NIFTY,,2025-05-29,2025-05-29,24300.0,PE,NIFTY25MAY24300PE,0.0,0.0,0.0,1576.25,0.0,1576.25,22124.7,1879.95,0,0,0,0.0,0,F1,75,,,,,
2025-02-28,2025-02-28,FO,NSE,IDO,61664,,NIFTY,,2025-05-29,2025-05-29,24000.0,PE,NIFTY25MAY24000PE,1375.0,1505.0,1375.0,1505.0,1505.0,1354.05,22124.7,1505.0,4125,4125,77,146902102.5,74,F1,75,,,,,
2025-02-28,2025-02-28,FO,NSE,IDO,61540,,NIFTY,,2025-05-29,2025-05-29,23350.0,PE,NIFTY25MAY23350PE,0.0,0.0,0.0,928.55,0.0,928.55,22124.7,1119.1,0,0,0,0.0,0,F1,75,,,,,
2025-02-28,2025-02-28,FO,NSE,IDO,61538,,NIFTY,,2025-05-29,2025-05-29,23300.0,PE,NIFTY25MAY23300PE,0.0,0.0,0.0,899.25,0.0,899.25,22124.7,1083.6,0,0,0,0.0,0,F1,75,,,,,
2025-02-28,2025-02-28,FO,NSE,IDO,61532,,NIFTY,,2025-05-29,2025-05-29,23150.0,PE,NIFTY25MAY23150PE,0.0,0.0,0.0,814.55,0.0,814.55,22124.7,980.4,0,0,0,0.0,0,F1,75,,,,,
2025-02-28,2025-02-28,FO,NSE,IDO,61472,,NIFTY,,2025-05-29,2025-05-29,21800.0,PE,NIFTY25MAY21800PE,305.0,307.0,300.0,303.0,302.0,269.5,22124.7,303.0,975,975,14,23210250.0,8,F1,75,,,,,
2025-02-28,2025-02-28,FO,NSE,IDO,79740,,NIFTY,,2025-04-24,2025-04-24,25300.0,PE,NIFTY25APR25300PE,0.0,0.0,0.0,1825.65,0.0,1825.65,22124.7,2932.1,0,0,0,0.0,0,F1,75,,,,,
2025-02-28,2025-02-28,FO,NSE,IDO,79639,,NIFTY,,2025-04-24,2025-04-24,24450.0,PE,NIFTY25APR24450PE,1987.05,1989.65,1987.05,1988.4,1989.65,1194.6,22124.7,1988.4,225,225,3,5948636.25,3,F1,75,,,,,
2025-02-28,2025-02-28,FO,NSE,IDO,79510,,NIFTY,,2025-04-24,2025-04-24,23700.0,PE,NIFTY25APR23700PE,1286.5,1294.4,1286.5,1294.4,1294.4,949.45,22124.7,1419.9,135225,0,2,3748567.5,2,F1,75,,,,,
2025-02-28,2025-02-28,FO,NSE,IDO,79445,,NIFTY,,2025-04-24,2025-04-24,23300.0,PE,NIFTY25APR23300PE,799.25,1008.0,799.25,972.6,975.0,676.25,22124.7,972.6,15675,1725,85,154386877.5,55,F1,75,,,,,
2025-02-28,2025-02-28,FO,NSE,IDO,79393,,NIFTY,,2025-04-24,2025-04-24,22500.0,PE,NIFTY25APR22500PE,351.05,503.9,341.0,481.55,479.0,310.6,22124.7,481.55,774750,84300,13871,23865990240.0,8333,F1,75,,,,,
2025-02-28,2025-02-28,FO,NSE,IDO,79381,,NIFTY,,2025-04-24,2025-04-24,22250.0,PE,NIFTY25APR22250PE,305.95,391.7,299.85,374.35,372.35,230.0,22124.7,374.35,14100,10125,303,513239883.75,236,F1,75,,,,,
2025-02-28,2025-02-28,FO,NSE,IDO,79250,,NIFTY,,2025-04-24,2025-04-24,21350.0,PE,NIFTY25APR21350PE,109.8,137.3,109.8,132.05,132.05,75.3,22124.7,118.05,1575,1575,44,70851870.0,14,F1,75,,,,,
2025-02-28,2025-02-28,FO,NSE,IDO,79238,,NIFTY,,2025-04-24,2025-04-24,21200.0,PE,NIFTY25APR21200PE,86.65,119.45,70.15,110.5,109.2,64.55,22124.7,110.5,32700,28200,1246,1990608547.5,691,F1,75,,,,,
2025-02-28,2025-02-28,FO,NSE,IDO,54780,,NIFTY,,2025-04-03,2025-04-03,23950.0,PE,NIFTY2540323950PE,0.0,0.0,0.0,1031.5,0.0,1031.5,22124.7,1694.35,0,0,0,0.0,0,F1,75,,,,,
2025-02-28,2025-02-28,FO,NSE,IDO,54666,,NIFTY,,2025-04-03,2025-04-03,23200.0,PE,NIFTY2540323200PE,0.0,0.0,0.0,544.35,0.0,544.35,22124.7,1010.05,0,0,0,0.0,0,F1,75,,,,,
2025-02-28,2025-02-28,FO,NSE,IDO,54593,,NIFTY,,2025-04-03,2025-04-03,22350.0,PE,NIFTY2540322350PE,0.0,0.0,0.0,201.0,0.0,201.0,22124.7,408.1,0,0,0,0.0,0,F1,75,,,,,
2025-02-28,2025-02-28,FO,NSE,IDO,54585,,NIFTY,,2025-04-03,2025-04-03,22150.0,PE,NIFTY2540322150PE,0.0,0.0,0.0,151.25,0.0,151.25,22124.7,307.9,0,0,0,0.0,0,F1,75,,,,,
2025-02-28,2025-02-28,FO,NSE,IDO,54581,,NIFTY,,2025-04-03,2025-04-03,22050.0,PE,NIFTY2540322050PE,0.0,0.0,0.0,130.1,0.0,130.1,22124.7,264.3,0,0,0,0.0,0,F1,75,,,,,
2025-02-28,2025-02-28,FO,NSE,IDO,54573,,NIFTY,,2025-04-03,2025-04-03,21850.0,PE,NIFTY2540321850PE,0.0,0.0,0.0,94.6,0.0,94.6,22124.7,190.0,0,0,0,0.0,0,F1,75,,,,,
2025-02-28,2025-02-28,FO,NSE,IDO,54539,,NIFTY,,2025-04-03,2025-04-03,21250.0,PE,NIFTY2540321250PE,0.0,0.0,0.0,31.35,0.0,31.35,22124.7,56.35,0,0,0,0.0,0,F1,75,,,,,
2025-02-28,2025-02-28,FO,NSE,IDO,54535,,NIFTY,,2025-04-03,2025-04-03,21150.0,PE,NIFTY2540321150PE,0.0,0.0,0.0,25.5,0.0,25.5,22124.7,44.4,0,0,0,0.0,0,F1,75,,,,,
2025-02-28,2025-02-28,FO,NSE,IDO,54519,,NIFTY,,2025-04-03,2025-04-03,21000.0,PE,NIFTY2540321000PE,0.0,0.0,0.0,18.45,0.0,18.45,22124.7,30.35,0,0,0,0.0,0,F1,75,,,,,
2025-02-28,2025-02-28,FO,NSE,IDO,58792,,NIFTY,,2025-03-27,2025-03-27,25850.0,PE,NIFTY25MAR25850PE,3531.45,3532.35,3531.45,3531.9,3532.35,1865.25,22124.7,3531.9,150,150,2,4407285.0,2,F1,75,,,,,
2025-02-28,2025-02-28,FO,NSE,IDO,47041,,NIFTY,,2025-03-27,2025-03-27,22750.0,PE,NIFTY25MAR22750PE,400.0,627.55,400.0,592.15,594.3,346.6,22124.7,592.15,55200,-68250,1699,2965782828.75,1312,F1,75,,,,,
2025-02-28,2025-02-28,FO,NSE,IDO,64563,,NIFTY,,2025-03-27,2025-03-27,22000.0,PE,NIFTY25MAR22000PE,127.0,224.85,110.8,205.3,205.85,101.4,22124.7,205.3,5892650,-159675,130676,217361081992.5,63196,F1,75,,,,,
2025-02-28,2025-02-28,FO,NSE,IDO,46867,,NIFTY,,2025-03-27,2025-03-27,21300.0,PE,NIFTY25MAR21300PE,34.5,66.35,34.5,59.65,59.0,27.8,22124.7,59.65,444450,165450,12864,20599424572.5,7616,F1,75,,,,,
2025-02-28,2025-02-28,FO,NSE,IDO,46828,,NIFTY,,2025-03-27,2025-03-27,21050.0,PE,NIFTY25MAR21050PE,26.95,44.65,23.1,37.75,37.5,17.9,22124.7,37.75,42675,29100,1438,2273902027.5,797,F1,75,,,,,
2025-02-28,2025-02-28,FO,NSE,IDO,46818,,NIFTY,,2025-03-27,2025-03-27,20850.0,PE,NIFTY25MAR20850PE,16.1,28.9,15.9,26.5,23.65,13.15,22124.7,26.5,44700,30450,2757,4315524978.75,1424,F1,75,,,,,
2025-02-28,2025-02-28,FO,NSE,IDO,50292,,NIFTY,,2025-03-20,2025-03-20,24350.0,PE,NIFTY2532024350PE,2089.3,2089.3,2089.3,2089.3,2089.3,1254.0,22124.7,2089.3,75,75,1,1982947.5,1,F1,75,,,,,
2025-02-28,2025-02-28,FO,NSE,IDO,50250,,NIFTY,,2025-03-20,2025-03-20,23600.0,PE,NIFTY2532023600PE,1349.1,1349.1,1349.1,1349.1,1349.1,693.95,22124.7,1349.1,75,75,1,1871182.5,1,F1,75,,,,,
2025-02-28,2025-02-28,FO,NSE,IDO,50236,,NIFTY,,2025-03-20,2025-03-20,23300.0,PE,NIFTY2532023300PE,1057.7,1057.7,1057.7,1057.7,1057.7,515.95,22124.7,1057.7,75,75,1,1826827.5,1,F1,75,,,,,
2025-02-28,2025-02-28,FO,NSE,IDO,68366,,NIFTY,,2025-03-06,2025-03-06,20900.0,CE,NIFTY2530620900CE,0.0,0.0,0.0,2489.35,0.0,2489.35,22124.7,1247.05,0,0,0,0.0,0,F1,75,,,,,
2025-02-28,2025-02-28,FO,NSE,IDO,68403,,NIFTY,,2025-03-06,2025-03-06,21700.0,CE,NIFTY2530621700CE,715.95,734.45,473.25,507.5,503.3,904.95,22124.7,507.5,30525,26025,3110,5185255380.0,1922,F1,75,,,,,
2025-02-28,2025-02-28,FO,NSE,IDO,68419,,NIFTY,,2025-03-06,2025-03-06,22050.0,CE,NIFTY2530622050CE,427.2,427.2,203.45,228.05,220.5,564.35,22124.7,228.05,436425,433425,71548,119597731845.0,51335,F1,75,,,,,
2025-02-28,2025-02-28,FO,NSE,IDO,68456,,NIFTY,,2025-03-06,2025-03-06,22750.0,CE,NIFTY2530622750CE,49.2,50.0,8.25,9.25,8.4,72.65,22124.7,9.25,2787975,2038200,609689,1040924354816.25,184567,F1,75,,,,,
2025-02-28,2025-02-28,FO,NSE,IDO,68592,,NIFTY,,2025-03-06,2025-03-06,23950.0,CE,NIFTY2530623950CE,1.0,6.45,1.0,1.1,1.1,1.3,22124.7,1.1,232425,177375,50264,90291223061.25,12914,F1,75,,,,,
2025-02-28,2025-02-28,FO,NSE,IDO,68596,,NIFTY,,2025-03-06,2025-03-06,24050.0,CE,NIFTY2530624050CE,1.25,1.4,1.0,1.1,1.05,1.3,22124.7,1.1,257025,181425,38370,69213239445.0,9182,F1,75,,,,,
2025-02-28,2025-02-28,FO,NSE,IDO,68600,,NIFTY,,2025-03-06,2025-03-06,24150.0,CE,NIFTY2530624150CE,1.25,1.4,0.95,1.1,1.0,1.3,22124.7,1.1,188850,117000,41342,74884236783.75,10576,F1,75,,,,,
2025-02-28,2025-02-28,FO,NSE,IDO,68664,,NIFTY,,2025-03-06,2025-03-06,25100.0,CE,NIFTY2530625100CE,0.95,1.25,0.85,1.05,0.9,1.1,22124.7,1.05,134325,100125,20580,38743479438.75,3600,F1,75,,,,,
2025-02-28,2025-02-28,FO,NSE,IDO,45423,,NIFTY,,2025-03-13,2025-03-13,21650.0,CE,NIFTY2531321650CE,629.15,629.15,629.15,629.15,629.15,1269.25,22124.7,575.2,150,75,1,1670936.25,1,F1,75,,,,,
2025-02-28,2025-02-28,FO,NSE,IDO,45433,,NIFTY,,2025-03-13,2025-03-13,21850.0,CE,NIFTY2531321850CE,538.0,538.0,431.65,456.1,463.0,1086.9,22124.7,456.1,2700,2625,43,71909662.5,42,F1,75,,,,,
2025-02-28,2025-02-28,FO,NSE,IDO,45490,,NIFTY,,2025-03-13,2025-03-13,23050.0,CE,NIFTY2531323050CE,40.05,40.05,12.1,13.5,12.45,49.55,22124.7,13.5,92700,56475,9532,16490626215.0,6137,F1,75,,,,,
2025-02-28,2025-02-28,FO,NSE,IDO,45492,,NIFTY,,2025-03-13,2025-03-13,23100.0,CE,NIFTY2531323100CE,25.55,30.35,10.5,11.6,10.6,40.35,22124.7,11.6,315450,122475,30826,53440052598.75,19925,F1,75,,,,,
2025-02-28,2025-02-28,FO,NSE,IDO,45550,,NIFTY,,2025-03-13,2025-03-13,24000.0,CE,NIFTY2531324000CE,3.0,3.0,2.45,2.8,2.75,3.1,22124.7,2.8,299625,-29625,9494,17091118608.75,3577,F1,75,,,,,
2025-02-28,2025-02-28,FO,NSE,IDO,45564,,NIFTY,,2025-03-13,2025-03-13,24200.0,CE,NIFTY2531324200CE,2.4,2.6,2.15,2.4,2.4,2.55,22124.7,2.4,36600,-7575,857,1555611015.0,476,F1,75,,,,,
2025-02-28,2025-02-28,FO,NSE,IDO,45590,,NIFTY,,2025-03-13,2025-03-13,24350.0,CE,NIFTY2531324350CE,2.45,2.45,2.1,2.25,2.2,2.5,22124.7,2.25,3675,-975,97,177162630.0,72,F1,75,,,,,
2025-02-28,2025-02-28,FO,NSE,IDO,45644,,NIFTY,,2025-03-13,2025-03-13,25100.0,CE,NIFTY2531325100CE,1.9,2.1,1.8,1.9,1.9,1.95,22124.7,1.9,8700,450,75,141198048.75,32,F1,75,,,,,
2025-02-28,2025-02-28,FO,NSE,IDO,50125,,NIFTY,,2025-03-20,2025-03-20,21550.0,CE,NIFTY2532021550CE,764.9,764.9,764.65,764.8,764.65,1664.4,22124.7,764.8,150,150,2,3347216.25,2,F1,75,,,,,
2025-02-28,2025-02-28,FO,NSE,IDO,50153,,NIFTY,,2025-03-20,2025-03-20,22050.0,CE,NIFTY2532022050CE,385.0,385.0,384.4,384.65,384.65,1224.7,22124.7,384.65,450,450,6,10095592.5,6,F1,75,,,,,
2025-02-28,2025-02-28,FO,NSE,IDO,50179,,NIFTY,,2025-03-20,2025-03-20,22350.0,CE,NIFTY2532022350CE,300.0,300.0,210.6,217.2,210.6,985.85,22124.7,217.2,4500,4500,67,113411913.75,23,F1,75,,,,,
2025-02-28,2025-02-28,FO,NSE,IDO,50277,,NIFTY,,2025-03-20,2025-03-20,24050.0,CE,NIFTY2532024050CE,0.0,0.0,0.0,10.4,10.4,10.4,22124.7,1.25,75,0,0,0.0,0,F1,75,,,,,
2025-02-28,2025-02-28,FO,NSE,IDO,50285,,NIFTY,,2025-03-20,2025-03-20,24200.0,CE,NIFTY2532024200CE,4.1,5.9,3.65,4.8,4.9,4.1,22124.7,4.8,1125,975,25,45383741.25,17,F1,75,,,,,
2025-02-28,2025-02-28,FO,NSE,IDO,46866,,NIFTY,,2025-03-27,2025-03-27,21300.0,CE,NIFTY25MAR21300CE,1036.4,1036.4,1019.15,1033.75,1019.15,2880.8,22124.7,1033.75,600,600,8,13400238.75,8,F1,75,,,,,
2025-02-28,2025-02-28,FO,NSE,IDO,46926,,NIFTY,,2025-03-27,2025-03-27,21850.0,CE,NIFTY25MAR21850CE,574.5,610.85,565.95,584.8,582.45,874.45,22124.7,584.8,6150,6000,111,186735588.75,111,F1,75,,,,,
2025-02-28,2025-02-28,FO,NSE,IDO,64562,,NIFTY,,2025-03-27,2025-03-27,22000.0,CE,NIFTY25MAR22000CE,700.0,700.0,456.55,483.6,480.0,780.8,22124.7,483.6,1462225,327350,32842,55487086065.0,20595,F1,75,,,,,
2025-02-28,2025-02-28,FO,NSE,IDO,51477,,NIFTY,,2025-03-27,2025-03-27,23700.0,CE,NIFTY25MAR23700CE,25.1,25.1,14.3,15.8,14.85,27.1,22124.7,15.8,691800,91950,22773,40507781208.75,11147,F1,75,,,,,
2025-02-28,2025-02-28,FO,NSE,IDO,56866,,NIFTY,,2025-03-27,2025-03-27,25050.0,CE,NIFTY25MAR25050CE,4.1,5.35,3.8,5.3,5.25,4.65,22124.7,5.3,15375,1500,331,621976871.25,248,F1,75,,,,,
2025-02-28,2025-02-28,FO,NSE,IDO,59769,,NIFTY,,2025-03-27,2025-03-27,25950.0,CE,NIFTY25MAR25950CE,4.2,4.45,3.6,4.0,4.0,4.3,22124.7,4.0,6150,525,28,54503287.5,15,F1,75,,,,,
2025-02-28,2025-02-28,FO,NSE,IDO,64572,,NIFTY,,2025-03-27,2025-03-27,26000.0,CE,NIFTY25MAR26000CE,3.85,4.1,3.5,4.0,3.75,4.0,22124.7,4.0,2132825,163575,16654,32480096100.0,5606,F1,75,,,,,
2025-02-28,2025-02-28,FO,NSE,IDO,54536,,NIFTY,,2025-04-03,2025-04-03,21200.0,CE,NIFTY2540321200CE,0.0,0.0,0.0,1915.9,0.0,1915.9,22124.7,1102.75,0,0,0,0.0,0,F1,75,,,,,
2025-02-28,2025-02-28,FO,NSE,IDO,54556,,NIFTY,,2025-04-03,2025-04-03,21450.0,CE,NIFTY2540321450CE,0.0,0.0,0.0,1686.15,0.0,1686.15,22124.7,892.15,0,0,0,0.0,0,F1,75,,,,,
2025-02-28,2025-02-28,FO,NSE,IDO,54592,,NIFTY,,2025-04-03,2025-04-03,22350.0,CE,NIFTY2540322350CE,540.0,540.0,540.0,540.0,540.0,948.0,22124.7,317.7,150,150,2,3433500.0,2,F1,75,,,,,
2025-02-28,2025-02-28,FO,NSE,IDO,54669,,NIFTY,,2025-04-03,2025-04-03,23300.0,CE,NIFTY2540323300CE,82.95,85.0,45.0,55.65,55.0,140.0,22124.7,55.65,1875,825,50,87596482.5,40,F1,75,,,,,
2025-02-28,2025-02-28,FO,NSE,IDO,54761,,NIFTY,,2025-04-03,2025-04-03,23850.0,CE,NIFTY2540323850CE,0.0,0.0,0.0,216.05,0.0,216.05,22124.7,17.5,0,0,0,0.0,0,F1,75,,,,,
2025-02-28,2025-02-28,FO,NSE,IDO,54767,,NIFTY,,2025-04-03,2025-04-03,23950.0,CE,NIFTY2540323950CE,0.0,0.0,0.0,191.7,0.0,191.7,22124.7,13.6,0,0,0,0.0,0,F1,75,,,,,
2025-02-28,2025-02-28,FO,NSE,IDO,54837,,NIFTY,,2025-04-03,2025-04-03,24100.0,CE,NIFTY2540324100CE,0.0,0.0,0.0,157.2,0.0,157.2,22124.7,9.2,0,0,0,0.0,0,F1,75,,,,,
2025-02-28,2025-02-28,FO,NSE,IDO,54862,,NIFTY,,2025-04-03,2025-04-03,24600.0,CE,NIFTY2540324600CE,11.75,12.95,8.0,10.5,10.95,10.7,22124.7,10.5,3675,975,190,350704961.25,88,F1,75,,,,,
2025-02-28,2025-02-28,FO,NSE,IDO,79227,,NIFTY,,2025-04-24,2025-04-24,20950.0,CE,NIFTY25APR20950CE,1549.5,1549.5,1548.7,1549.15,1549.25,2691.3,22124.7,1549.15,225,225,3,5062308.75,3,F1,75,,,,,
2025-02-28,2025-02-28,FO,NSE,IDO,79258,,NIFTY,,2025-04-24,2025-04-24,21550.0,CE,NIFTY25APR21550CE,1046.8,1046.8,1046.45,1046.65,1046.45,2155.35,22124.7,1046.65,150,150,2,3389493.75,2,F1,75,,,,,
2025-02-28,2025-02-28,FO,NSE,IDO,79270,,NIFTY,,2025-04-24,2025-04-24,21850.0,CE,NIFTY25APR21850CE,816.9,816.9,816.65,816.8,816.65,1902.55,22124.7,816.8,150,150,2,3400016.25,2,F1,75,,,,,
2025-02-28,2025-02-28,FO,NSE,IDO,79509,,NIFTY,,2025-04-24,2025-04-24,23700.0,CE,NIFTY25APR23700CE,115.6,115.65,51.4,58.05,55.5,118.8,22124.7,58.05,134775,41250,4010,7148752001.25,2070,F1,75,,,,,
2025-02-28,2025-02-28,FO,NSE,IDO,79513,,NIFTY,,2025-04-24,2025-04-24,23800.0,CE,NIFTY25APR23800CE,71.0,80.9,46.65,49.45,48.2,98.5,22124.7,49.45,163050,43575,7113,12727708368.75,3864,F1,75,,,,,
2025-02-28,2025-02-28,FO,NSE,IDO,79725,,NIFTY,,2025-04-24,2025-04-24,25000.0,CE,NIFTY25APR25000CE,14.0,16.0,10.0,13.7,13.2,15.35,22124.7,13.7,443850,2700,3000,5627996595.0,1510,F1,75,,,,,
2025-02-28,2025-02-28,FO,NSE,IDO,79737,,NIFTY,,2025-04-24,2025-04-24,25250.0,CE,NIFTY25APR25250CE,16.0,16.0,8.4,8.4,8.4,14.9,22124.7,3.8,6075,-150,2,3789330.0,2,F1,75,,,,,
2025-02-28,2025-02-28,FO,NSE,IDO,79739,,NIFTY,,2025-04-24,2025-04-24,25300.0,CE,NIFTY25APR25300CE,14.65,14.65,14.65,14.65,14.65,15.1,22124.7,3.4,5700,0,2,3797197.5,1,F1,75,,,,,
2025-02-28,2025-02-28,FO,NSE,IDO,61341,,NIFTY,,2025-05-29,2025-05-29,20800.0,CE,NIFTY25MAY20800CE,0.0,0.0,0.0,2200.15,0.0,2200.15,22124.7,1739.6,0,0,0,0.0,0,F1,75,,,,,
2025-02-28,2025-02-28,FO,NSE,IDO,61379,,NIFTY,,2025-05-29,2025-05-29,21300.0,CE,NIFTY25MAY21300CE,0.0,0.0,0.0,1780.9,0.0,1780.9,22124.7,1331.35,0,0,0,0.0,0,F1,75,,,,,
2025-02-28,2025-02-28,FO,NSE,IDO,61387,,NIFTY,,2025-05-29,2025-05-29,21350.0,CE,NIFTY25MAY21350CE,0.0,0.0,0.0,1740.95,0.0,1740.95,22124.7,1293.1,0,0,0,0.0,0,F1,75,,,,,
2025-02-28,2025-02-28,FO,NSE,IDO,61389,,NIFTY,,2025-05-29,2025-05-29,21400.0,CE,NIFTY25MAY21400CE,0.0,0.0,0.0,1701.35,0.0,1701.35,22124.7,1255.4,0,0,0,0.0,0,F1,75,,,,,
2025-02-28,2025-02-28,FO,NSE,IDO,61399,,NIFTY,,2025-05-29,2025-05-29,21600.0,CE,NIFTY25MAY21600CE,900.0,1273.8,900.0,1273.8,1273.8,1547.2,22124.7,1110.05,0,0,3,5117535.0,3,F1,75,,,,,
2025-02-28,2025-02-28,FO,NSE,IDO,61491,,NIFTY,,2025-05-29,2025-05-29,22150.0,CE,NIFTY25MAY22150CE,0.0,0.0,0.0,1160.8,0.0,1160.8,22124.7,759.9,0,0,0,0.0,0,F1,75,,,,,
2025-02-28,2025-02-28,FO,NSE,IDO,61507,,NIFTY,,2025-05-29,2025-05-29,22550.0,CE,NIFTY25MAY22550CE,0.0,0.0,0.0,918.5,0.0,918.5,22124.7,554.35,0,0,0,0.0,0,F1,75,,,,,
2025-02-28,2025-02-28,FO,NSE,IDO,61547,,NIFTY,,2025-05-29,2025-05-29,23550.0,CE,NIFTY25MAY23550CE,0.0,0.0,0.0,463.1,0.0,463.1,22124.7,215.4,0,0,0,0.0,0,F1,75,,,,,
2025-02-28,2025-02-28,FO,NSE,IDO,71381,,NIFTY,,2025-06-26,2025-06-26,25000.0,CE,NIFTY25JUN25000CE,90.0,90.0,62.25,65.95,63.2,96.9,22124.7,65.95,642350,-5700,11543,21704006212.5,5238,F1,75,,,,,
2025-02-28,2025-02-28,FO,NSE,IDO,35219,,NIFTY,,2025-06-26,2025-06-26,30000.0,CE,NIFTY25JUN30000CE,11.65,11.75,11.0,11.3,11.7,11.65,22124.7,11.3,34875,1275,81,182317740.0,38,F1,75,,,,,
2025-02-28,2025-02-28,FO,NSE,IDO,64686,,NIFTY,,2025-09-25,2025-09-25,21000.0,CE,NIFTY25SEP21000CE,0.0,0.0,0.0,6742.1,0.0,6742.1,22124.7,2113.65,0,0,0,0.0,0,F1,75,,,,,
2025-02-28,2025-02-28,FO,NSE,IDO,64694,,NIFTY,,2025-09-25,2025-09-25,25000.0,CE,NIFTY25SEP25000CE,255.05,273.3,212.3,219.1,216.1,301.25,22124.7,219.1,268050,141675,2529,4784803830.0,1446,F1,75,,,,,
2025-02-28,2025-02-28,FO,NSE,IDO,55121,,NIFTY,,2025-12-24,2025-12-24,18000.0,CE,NIFTY25DEC18000CE,0.0,0.0,0.0,5700.0,5700.0,5700.0,22124.7,5071.55,9375,0,0,0.0,0,F1,75,,,,,
2025-02-28,2025-02-28,FO,NSE,IDO,38376,,NIFTY,,2025-12-24,2025-12-24,20000.0,CE,NIFTY25DEC20000CE,3400.0,3442.95,3286.0,3333.4,3333.4,3637.25,22124.7,3333.4,37500,1425,27,47381790.0,27,F1,75,,,,,
2025-02-28,2025-02-28,FO,NSE,IDO,58646,,NIFTY,,2026-12-31,2026-12-31,21000.0,CE,NIFTY26DEC21000CE,0.0,0.0,0.0,3356.25,0.0,3356.25,22124.7,3828.55,0,0,0,0.0,0,F1,75,,,,,
2025-02-28,2025-02-28,FO,NSE,IDO,71501,,NIFTY,,2026-12-31,2026-12-31,24000.0,CE,NIFTY26DEC24000CE,0.0,0.0,0.0,2300.0,2300.0,2300.0,22124.7,2017.3,825,0,0,0.0,0,F1,75,,,,,
2025-02-28,2025-02-28,FO,NSE,IDO,71556,,NIFTY,,2027-06-24,2027-06-24,22000.0,CE,NIFTY27JUN22000CE,0.0,0.0,0.0,2783.5,0.0,2783.5,22124.7,3730.35,0,0,0,0.0,0,F1,75,,,,,
2025-02-28,2025-02-28,FO,NSE,IDO,50981,,NIFTY,,2027-06-24,2027-06-24,27000.0,CE,NIFTY27JUN27000CE,0.0,0.0,0.0,1932.5,0.0,1932.5,22124.7,1341.35,0,0,0,0.0,0,F1,75,,,,,
2025-02-28,2025-02-28,FO,NSE,IDO,53624,,NIFTY,,2027-12-30,2027-12-30,24000.0,CE,NIFTY27DEC24000CE,0.0,0.0,0.0,3778.95,0.0,3778.95,22124.7,3162.15,0,0,0,0.0,0,F1,75,,,,,
2025-02-28,2025-02-28,FO,NSE,IDO,86145,,NIFTY,,2028-06-29,2028-06-29,21000.0,CE,NIFTY28JUN21000CE,0.0,0.0,0.0,5226.55,0.0,5226.55,22124.7,5538.7,0,0,0,0.0,0,F1,75,,,,,
2025-02-28,2025-02-28,FO,NSE,IDO,89612,,NIFTY,,2029-06-28,2029-06-28,18000.0,CE,NIFTY29JUN18000CE,0.0,0.0,0.0,11678.65,0.0,11678.65,22124.7,8618.7,0,0,0,0.0,0,F1,75,,,,,
2025-02-28,2025-02-28,FO,NSE,IDO,68373,,NIFTY,,2025-03-06,2025-03-06,21050.0,PE,NIFTY2530621050PE,2.45,5.9,2.05,3.3,3.1,2.15,22124.7,3.3,665925,352650,101415,160131494017.5,32215,F1,75,,,,,
2025-02-28,2025-02-28,FO,NSE,IDO,68394,,NIFTY,,2025-03-06,2025-03-06,21450.0,PE,NIFTY2530621450PE,4.5,11.5,4.0,8.9,9.5,3.35,22124.7,8.9,863025,706950,300565,483703973085.0,88013,F1,75,,,,,
2025-02-28,2025-02-28,FO,NSE,IDO,68420,,NIFTY,,2025-03-06,2025-03-06,22050.0,PE,NIFTY2530622050PE,30.6,110.5,28.9,92.75,93.8,18.25,22124.7,92.75,1352250,888225,843658,1399862441208.75,478864,F1,75,,,,,
2025-02-28,2025-02-28,FO,NSE,IDO,68431,,NIFTY,,2025-03-06,2025-03-06,22300.0,PE,NIFTY2530622300PE,78.4,239.4,71.5,207.3,210.65,49.15,22124.7,207.3,3104700,1168875,2195314,3695052938996.25,1290984,F1,75,,,,,
2025-02-28,2025-02-28,FO,NSE,IDO,68433,,NIFTY,,2025-03-06,2025-03-06,22350.0,PE,NIFTY2530622350PE,79.75,273.5,79.75,239.0,240.0,59.5,22124.7,239.0,986250,442575,781730,1319696253930.0,509516,F1,75,,,,,
2025-02-28,2025-02-28,FO,NSE,IDO,68453,,NIFTY,,2025-03-06,2025-03-06,22650.0,PE,NIFTY2530622650PE,231.6,521.1,222.6,478.0,484.0,167.25,22124.7,478.0,321975,-193425,31635,54577308258.75,20143,F1,75,,,,,
2025-02-28,2025-02-28,FO,NSE,IDO,68461,,NIFTY,,2025-03-06,2025-03-06,22850.0,PE,NIFTY2530622850PE,321.0,708.3,321.0,669.7,672.65,296.2,22124.7,669.7,83625,-28350,3485,6105616770.0,2288,F1,75,,,,,
2025-02-28,2025-02-28,FO,NSE,IDO,68613,,NIFTY,,2025-03-06,2025-03-06,24350.0,PE,NIFTY2530624350PE,0.0,0.0,0.0,1749.5,1751.0,1749.5,22124.7,2199.3,3075,0,0,0.0,0,F1,75,,,,,
2025-02-28,2025-02-28,FO,NSE,IDO,68619,,NIFTY,,2025-03-06,2025-03-06,24500.0,PE,NIFTY2530624500PE,1925.0,2341.25,1925.0,2291.65,2291.65,1888.65,22124.7,2349.15,46350,-4200,69,138403155.0,59,F1,75,,,,,
2025-02-28,2025-02-28,FO,NSE,IDO,68634,,NIFTY,,2025-03-06,2025-03-06,24800.0,PE,NIFTY2530624800PE,2625.0,2625.0,2625.0,2625.0,2625.0,2197.95,22124.7,2648.8,3225,-150,2,4113750.0,2,F1,75,,,,,
2025-02-28,2025-02-28,FO,NSE,IDO,68646,,NIFTY,,2025-03-06,2025-03-06,24900.0,PE,NIFTY2530624900PE,0.0,0.0,0.0,2290.0,2290.0,2290.0,22124.7,2748.7,675,0,0,0.0,0,F1,75,,,,,
2025-02-28,2025-02-28,FO,NSE,IDO,68871,,NIFTY,,2025-03-06,2025-03-06,25450.0,PE,NIFTY2530625450PE,0.0,0.0,0.0,2558.4,2558.4,2558.4,22124.7,3298.1,225,0,0,0.0,0,F1,75,,,,,
2025-02-28,2025-02-28,FO,NSE,IDO,45439,,NIFTY,,2025-03-13,2025-03-13,21950.0,PE,NIFTY2531321950PE,48.05,131.55,48.05,116.3,118.65,38.05,22124.7,116.3,68325,21300,8391,13872707336.25,5605,F1,75,,,,,
2025-02-28,2025-02-28,FO,NSE,IDO,45592,,NIFTY,,2025-03-13,2025-03-13,24350.0,PE,NIFTY2531324350PE,2106.9,2106.9,2106.9,2106.9,2106.9,1436.55,22124.7,2169.0,150,75,1,1984267.5,1,F1,75,,,,,
2025-02-28,2025-02-28,FO,NSE,IDO,45609,,NIFTY,,2025-03-13,2025-03-13,24550.0,PE,NIFTY2531324550PE,2338.0,2338.0,2325.8,2325.8,2325.8,1636.45,22124.7,2325.8,300,150,2,4032285.0,2,F1,75,,,,,
2025-02-28,2025-02-28,FO,NSE,IDO,50126,,NIFTY,,2025-03-20,2025-03-20,21550.0,PE,NIFTY2532021550PE,50.7,74.95,45.0,68.75,66.8,34.95,22124.7,68.75,1425,1425,21,34046835.0,8,F1,75,,,,,
2025-02-28,2025-02-28,FO,NSE,IDO,50134,,NIFTY,,2025-03-20,2025-03-20,21700.0,PE,NIFTY2532021700PE,52.25,104.25,50.45,94.9,95.15,36.25,22124.7,94.9,14475,3825,678,1107674737.5,276,F1,75,,,,,
2025-02-28,2025-02-28,FO,NSE,IDO,50140,,NIFTY,,2025-03-20,2025-03-20,21850.0,PE,NIFTY2532021850PE,81.0,144.3,74.75,130.45,130.35,47.5,22124.7,130.45,2550,2325,50,82342901.25,32,F1,75,,,,,
2025-02-28,2025-02-28,FO,NSE,IDO,50154,,NIFTY,,2025-03-20,2025-03-20,22050.0,PE,NIFTY2532022050PE,200.0,200.7,183.45,188.35,190.0,78.5,22124.7,188.35,2925,2025,70,116765981.25,41,F1,75,,,,,
2025-02-28,2025-02-28,FO,NSE,IDO,89640,,NIFTY,,2029-06-28,2029-06-28,29000.0,CE,NIFTY29JUN29000CE,0.0,0.0,0.0,5677.9,0.0,5677.9,22124.7,2558.65,0,0,0,0.0,0,F1,75,,,,,
2025-02-28,2025-02-28,FO,NSE,IDO,61402,,NIFTY,,2029-12-27,2029-12-27,19000.0,CE,NIFTY29DEC19000CE,0.0,0.0,0.0,10714.6,0.0,10714.6,22124.7,8367.15,0,0,0,0.0,0,F1,75,,,,,
2025-02-28,2025-02-28,FO,NSE,IDO,68389,,NIFTY,,2025-03-06,2025-03-06,21350.0,PE,NIFTY2530621350PE,3.75,8.55,3.3,6.5,6.5,2.95,22124.7,6.5,983175,758925,213431,341849720568.75,65548,F1,75,,,,,
2025-02-28,2025-02-28,FO,NSE,IDO,68414,,NIFTY,,2025-03-06,2025-03-06,21900.0,PE,NIFTY2530621900PE,11.65,63.4,11.65,52.2,51.65,10.6,22124.7,52.2,2664675,1528950,1073848,1766854139970.0,467163,F1,75,,,,,
2025-02-28,2025-02-28,FO,NSE,IDO,68429,,NIFTY,,2025-03-06,2025-03-06,22250.0,PE,NIFTY2530622250PE,60.5,208.0,60.5,179.6,180.2,40.05,22124.7,179.6,1452525,962400,1482903,2488162503656.25,878168,F1,75,,,,,
2025-02-28,2025-02-28,FO,NSE,IDO,68589,,NIFTY,,2025-03-06,2025-03-06,23850.0,PE,NIFTY2530623850PE,1550.0,1550.0,1550.0,1550.0,1550.0,1200.2,22124.7,1699.85,1125,-150,4,7620000.0,2,F1,75,,,,,
2025-02-28,2025-02-28,FO,NSE,IDO,68593,,NIFTY,,2025-03-06,2025-03-06,23950.0,PE,NIFTY2530623950PE,0.0,0.0,0.0,1333.0,1333.0,1333.0,22124.7,1799.7,750,0,0,0.0,0,F1,75,,,,,
2025-02-28,2025-02-28,FO,NSE,IDO,68625,,NIFTY,,2025-03-06,2025-03-06,24600.0,PE,NIFTY2530624600PE,2100.0,2270.0,2100.0,2270.0,2270.0,1990.8,22124.7,2449.05,11025,75,7,14053440.0,5,F1,75,,,,,
2025-02-28,2025-02-28,FO,NSE,IDO,68665,,NIFTY,,2025-03-06,2025-03-06,25100.0,PE,NIFTY2530625100PE,2925.0,2925.0,2925.0,2925.0,2925.0,2469.1,22124.7,2948.5,375,0,1,2101875.0,1,F1,75,,,,,
2025-02-28,2025-02-28,FO,NSE,IDO,68669,,NIFTY,,2025-03-06,2025-03-06,25200.0,PE,NIFTY2530625200PE,2728.95,2983.0,2728.95,2983.0,2983.0,2584.55,22124.7,3048.4,5475,600,11,23097330.0,9,F1,75,,,,,
2025-02-28,2025-02-28,FO,NSE,IDO,45405,,NIFTY,,2025-03-13,2025-03-13,21250.0,PE,NIFTY2531321250PE,14.05,21.6,8.9,18.5,18.75,10.05,22124.7,18.5,28725,28275,1960,3126154428.75,1330,F1,75,,,,,
2025-02-28,2025-02-28,FO,NSE,IDO,45409,,NIFTY,,2025-03-13,2025-03-13,21350.0,PE,NIFTY2531321350PE,14.25,27.45,10.25,23.3,27.45,7.05,22124.7,23.3,96975,56550,5300,8494114867.5,3117,F1,75,,,,,
2025-02-28,2025-02-28,FO,NSE,IDO,45443,,NIFTY,,2025-03-13,2025-03-13,22050.0,PE,NIFTY2531322050PE,75.0,166.1,75.0,147.8,148.25,49.05,22124.7,147.8,57300,36225,11739,19522078488.75,7916,F1,75,,,,,
2025-02-28,2025-02-28,FO,NSE,IDO,45449,,NIFTY,,2025-03-13,2025-03-13,22150.0,PE,NIFTY2531322150PE,75.25,208.1,75.25,185.45,186.7,64.2,22124.7,185.45,75750,53025,9379,15693091278.75,6930,F1,75,,,,,
2025-02-28,2025-02-28,FO,NSE,IDO,45541,,NIFTY,,2025-03-13,2025-03-13,23750.0,PE,NIFTY2531323750PE,1522.45,1522.45,1522.45,1522.45,1522.45,1120.0,22124.7,1570.95,450,0,1,1895433.75,1,F1,75,,,,,
2025-02-28,2025-02-28,FO,NSE,IDO,45551,,NIFTY,,2025-03-13,2025-03-13,24000.0,PE,NIFTY2531324000PE,1631.0,1800.0,1610.95,1775.0,1775.0,1361.0,22124.7,1775.0,14925,1350,35,67474057.5,22,F1,75,,,,,
2025-02-28,2025-02-28,FO,NSE,IDO,45553,,NIFTY,,2025-03-13,2025-03-13,24050.0,PE,NIFTY2531324050PE,1820.05,1820.05,1820.05,1820.05,1820.05,1148.4,22124.7,1869.8,150,75,1,1940253.75,1,F1,75,,,,,
2025-02-28,2025-02-28,FO,NSE,IDO,61660,,NIFTY,,2029-12-27,2029-12-27,21000.0,PE,NIFTY29DEC21000PE,0.0,0.0,0.0,278.8,0.0,278.8,22124.7,274.75,0,0,0,0.0,0,F1,75,,,,,
2025-02-28,2025-02-28,FO,NSE,IDO,89641,,NIFTY,,2029-06-28,2029-06-28,29000.0,PE,NIFTY29JUN29000PE,0.0,0.0,0.0,1746.95,0.0,1746.95,22124.7,2317.8,0,0,0,0.0,0,F1,75,,,,,
2025-02-28,2025-02-28,FO,NSE,IDO,89639,,NIFTY,,2029-06-28,2029-06-28,28000.0,PE,NIFTY29JUN28000PE,0.0,0.0,0.0,1488.1,0.0,1488.1,22124.7,1929.3,0,0,0,0.0,0,F1,75,,,,,
2025-02-28,2025-02-28,FO,NSE,IDO,89633,,NIFTY,,2029-06-28,2029-06-28,25000.0,PE,NIFTY29JUN25000PE,0.0,0.0,0.0,852.5,0.0,852.5,22124.7,998.2,0,0,0,0.0,0,F1,75,,,,,
2025-02-28,2025-02-28,FO,NSE,IDO,89629,,NIFTY,,2029-06-28,2029-06-28,23000.0,PE,NIFTY29JUN23000PE,0.0,0.0,0.0,543.65,0.0,543.65,22124.7,573.45,0,0,0,0.0,0,F1,75,,,,,
2025-02-28,2025-02-28,FO,NSE,IDO,71550,,NIFTY,,2027-06-24,2027-06-24,19000.0,PE,NIFTY27JUN19000PE,0.0,0.0,0.0,201.05,201.05,201.05,22124.7,116.4,525,0,0,0.0,0,F1,75,,,,,
2025-02-28,2025-02-28,FO,NSE,IDO,71506,,NIFTY,,2026-12-31,2026-12-31,26000.0,PE,NIFTY26DEC26000PE,0.0,0.0,0.0,2111.0,2111.0,2111.0,22124.7,2149.8,1775,0,0,0.0,0,F1,75,,,,,
2025-02-28,2025-02-28,FO,NSE,IDO,58649,,NIFTY,,2026-12-31,2026-12-31,22000.0,PE,NIFTY26DEC22000PE,710.05,784.0,710.05,784.0,784.0,683.5,22124.7,784.0,1350,375,7,11945932.5,7,F1,75,,,,,
2025-02-28,2025-02-28,FO,NSE,IDO,58633,,NIFTY,,2026-12-31,2026-12-31,14000.0,PE,NIFTY26DEC14000PE,0.0,0.0,0.0,20.2,20.2,20.2,22124.7,0.6,1550,0,0,0.0,0,F1,75,,,,,
2025-02-28,2025-02-28,FO,NSE,IDO,71473,,NIFTY,,2026-06-25,2026-06-25,24000.0,PE,NIFTY26JUN24000PE,0.0,0.0,0.0,1005.05,1005.05,1005.05,22124.7,1303.8,150,0,0,0.0,0,F1,75,,,,,
2025-02-28,2025-02-28,FO,NSE,IDO,35222,,NIFTY,,2025-12-24,2025-12-24,30000.0,PE,NIFTY25DEC30000PE,0.0,0.0,0.0,4227.0,4227.0,4227.0,22124.7,6340.7,450,0,0,0.0,0,F1,75,,,,,
2025-02-28,2025-02-28,FO,NSE,IDO,37796,,NIFTY,,2025-12-24,2025-12-24,23000.0,PE,NIFTY25DEC23000PE,828.55,931.75,823.5,910.55,909.9,780.65,22124.7,910.55,851875,7475,1601,2867934888.75,1294,F1,75,,,,,
2025-02-28,2025-02-28,FO,NSE,IDO,55122,,NIFTY,,2025-12-24,2025-12-24,18000.0,PE,NIFTY25DEC18000PE,0.0,0.0,0.0,73.0,73.0,73.0,22124.7,13.45,2900,0,0,0.0,0,F1,75,,,,,
2025-02-28,2025-02-28,FO,NSE,IDO,64683,,NIFTY,,2025-09-25,2025-09-25,19000.0,PE,NIFTY25SEP19000PE,0.0,0.0,0.0,8.9,0.0,8.9,22124.7,24.2,0,0,0,0.0,0,F1,75,,,,,
2025-02-28,2025-02-28,FO,NSE,IDO,64681,,NIFTY,,2025-09-25,2025-09-25,18000.0,PE,NIFTY25SEP18000PE,0.0,0.0,0.0,3.05,0.0,3.05,22124.7,5.3,0,0,0,0.0,0,F1,75,,,,,
2025-02-28,2025-02-28,FO,NSE,IDO,50970,,NIFTY,,2025-06-26,2025-06-26,27000.0,PE,NIFTY25JUN27000PE,3999.0,4221.05,3984.2,4195.0,4195.0,3814.3,22124.7,4195.0,192900,-2300,168,391858507.5,141,F1,75,,,,,
2025-02-28,2025-02-28,FO,NSE,IDO,61526,,NIFTY,,2025-05-29,2025-05-29,23000.0,PE,NIFTY25MAY23000PE,707.75,920.75,653.3,802.9,794.0,734.55,22124.7,802.9,13050,13050,790,1408911690.0,694,F1,75,,,,,
2025-02-28,2025-02-28,FO,NSE,IDO,61524,,NIFTY,,2025-05-29,2025-05-29,22950.0,PE,NIFTY25MAY22950PE,0.0,0.0,0.0,709.0,0.0,709.0,22124.7,850.8,0,0,0,0.0,0,F1,75,,,,,
2025-02-28,2025-02-28,FO,NSE,IDO,61518,,NIFTY,,2025-05-29,2025-05-29,22800.0,PE,NIFTY25MAY22800PE,0.0,0.0,0.0,635.55,0.0,635.55,22124.7,759.9,0,0,0,0.0,0,F1,75,,,,,
2025-02-28,2025-02-28,FO,NSE,IDO,61498,,NIFTY,,2025-05-29,2025-05-29,22300.0,PE,NIFTY25MAY22300PE,0.0,0.0,0.0,425.8,0.0,425.8,22124.7,498.6,0,0,0,0.0,0,F1,75,,,,,
2025-02-28,2025-02-28,FO,NSE,IDO,61376,,NIFTY,,2025-05-29,2025-05-29,21200.0,PE,NIFTY25MAY21200PE,0.0,0.0,0.0,141.35,0.0,141.35,22124.7,147.55,0,0,0,0.0,0,F1,75,,,,,
2025-02-28,2025-02-28,FO,NSE,IDO,79728,,NIFTY,,2025-04-24,2025-04-24,25050.0,PE,NIFTY25APR25050PE,2573.55,2573.55,2573.55,2573.55,2573.55,1628.4,22124.7,2573.55,75,75,1,2071766.25,1,F1,75,,,,,
2025-02-28,2025-02-28,FO,NSE,IDO,79643,,NIFTY,,2025-04-24,2025-04-24,24550.0,PE,NIFTY25APR24550PE,2083.8,2086.25,2083.8,2085.15,2086.25,1262.55,22124.7,2085.15,225,225,3,5992908.75,3,F1,75,,,,,
2025-02-28,2025-02-28,FO,NSE,IDO,79528,,NIFTY,,2025-04-24,2025-04-24,23950.0,PE,NIFTY25APR23950PE,1521.95,1521.95,1521.95,1521.95,1521.95,883.65,22124.7,1521.95,75,75,1,1910396.25,1,F1,75,,,,,
2025-02-28,2025-02-28,FO,NSE,IDO,79423,,NIFTY,,2025-04-24,2025-04-24,22900.0,PE,NIFTY25APR22900PE,573.0,730.0,562.5,698.8,699.35,465.95,22124.7,698.8,112275,-825,1658,2925399427.5,1496,F1,75,,,,,
2025-02-28,2025-02-28,FO,NSE,IDO,79389,,NIFTY,,2025-04-24,2025-04-24,22400.0,PE,NIFTY25APR22400PE,323.8,454.45,323.8,433.95,433.6,273.8,22124.7,433.95,107550,52800,1840,3147009315.0,1375,F1,75,,,,,
2025-02-28,2025-02-28,FO,NSE,IDO,79372,,NIFTY,,2025-04-24,2025-04-24,22200.0,PE,NIFTY25APR22200PE,267.95,373.95,265.9,353.7,352.95,217.95,22124.7,353.7,154650,50325,2892,4885514452.5,2180,F1,75,,,,,
2025-02-28,2025-02-28,FO,NSE,IDO,79298,,NIFTY,,2025-04-24,2025-04-24,22150.0,PE,NIFTY25APR22150PE,215.5,357.75,215.5,335.15,336.15,195.5,22124.7,335.15,10725,10500,225,379094471.25,145,F1,75,,,,,
2025-02-28,2025-02-28,FO,NSE,IDO,79282,,NIFTY,,2025-04-24,2025-04-24,21950.0,PE,NIFTY25APR21950PE,204.0,283.25,204.0,268.9,269.85,150.8,22124.7,268.9,5025,4725,99,164917113.75,57,F1,75,,,,,
2025-02-28,2025-02-28,FO,NSE,IDO,79261,,NIFTY,,2025-04-24,2025-04-24,21600.0,PE,NIFTY25APR21600PE,134.95,189.85,129.0,179.4,180.0,102.95,22124.7,179.4,84225,3825,1523,2485647765.0,857,F1,75,,,,,
2025-02-28,2025-02-28,FO,NSE,IDO,79254,,NIFTY,,2025-04-24,2025-04-24,21450.0,PE,NIFTY25APR21450PE,0.0,0.0,0.0,88.35,88.35,88.35,22124.7,138.95,1425,0,0,0.0,0,F1,75,,,,,
2025-02-28,2025-02-28,FO,NSE,IDO,79252,,NIFTY,,2025-04-24,2025-04-24,21400.0,PE,NIFTY25APR21400PE,95.0,151.55,95.0,142.8,143.05,84.4,22124.7,142.8,164850,4200,2536,4094136903.75,1754,F1,75,,,,,
2025-02-28,2025-02-28,FO,NSE,IDO,79236,,NIFTY,,2025-04-24,2025-04-24,21150.0,PE,NIFTY25APR21150PE,84.25,107.85,84.2,98.65,98.65,57.5,22124.7,98.65,1425,1425,60,95596402.5,20,F1,75,,,,,
2025-02-28,2025-02-28,FO,NSE,IDO,79230,,NIFTY,,2025-04-24,2025-04-24,21000.0,PE,NIFTY25APR21000PE,59.95,91.65,59.0,84.95,86.0,52.5,22124.7,84.95,765675,312750,20980,33161825328.75,9111,F1,75,,,,,
2025-02-28,2025-02-28,FO,NSE,IDO,79224,,NIFTY,,2025-04-24,2025-04-24,20850.0,PE,NIFTY25APR20850PE,60.9,76.55,57.0,72.9,74.05,46.45,22124.7,72.9,2475,-2325,74,116068263.75,34,F1,75,,,,,
2025-02-28,2025-02-28,FO,NSE,IDO,54752,,NIFTY,,2025-04-03,2025-04-03,23600.0,PE,NIFTY2540323600PE,0.0,0.0,0.0,783.7,0.0,783.7,22124.7,1364.55,0,0,0,0.0,0,F1,75,,,,,
2025-02-28,2025-02-28,FO,NSE,IDO,54708,,NIFTY,,2025-04-03,2025-04-03,23400.0,PE,NIFTY2540323400PE,0.0,0.0,0.0,658.0,0.0,658.0,22124.7,1183.5,0,0,0,0.0,0,F1,75,,,,,
2025-02-28,2025-02-28,FO,NSE,IDO,54700,,NIFTY,,2025-04-03,2025-04-03,23350.0,PE,NIFTY2540323350PE,0.0,0.0,0.0,628.4,0.0,628.4,22124.7,1139.3,0,0,0,0.0,0,F1,75,,,,,
2025-02-28,2025-02-28,FO,NSE,IDO,54537,,NIFTY,,2025-04-03,2025-04-03,21200.0,PE,NIFTY2540321200PE,65.0,68.25,65.0,68.25,68.25,28.3,22124.7,68.25,300,300,5,7974618.75,2,F1,75,,,,,
2025-02-28,2025-02-28,FO,NSE,IDO,64593,,NIFTY,,2025-03-27,2025-03-27,31000.0,PE,NIFTY25MAR31000PE,8650.1,8651.7,8622.0,8636.85,8651.7,8225.1,22124.7,8636.85,25300,-150,3,8919285.0,3,F1,75,,,,,
2025-02-28,2025-02-28,FO,NSE,IDO,64577,,NIFTY,,2025-03-27,2025-03-27,27000.0,PE,NIFTY25MAR27000PE,4445.0,4733.15,4445.0,4684.1,4681.4,4272.8,22124.7,4684.1,579725,-14275,709,1683502897.5,576,F1,75,,,,,
2025-02-28,2025-02-28,FO,NSE,IDO,56885,,NIFTY,,2025-03-27,2025-03-27,25500.0,PE,NIFTY25MAR25500PE,2981.0,3233.5,2970.55,3189.8,3190.0,2787.55,22124.7,3189.8,302850,1950,186,398909572.5,128,F1,75,,,,,
2025-02-28,2025-02-28,FO,NSE,IDO,56877,,NIFTY,,2025-03-27,2025-03-27,25300.0,PE,NIFTY25MAR25300PE,2989.4,2993.0,2989.4,2991.2,2993.0,2588.95,22124.7,2991.2,10275,0,2,4243680.0,2,F1,75,,,,,
2025-02-28,2025-02-28,FO,NSE,IDO,56569,,NIFTY,,2025-03-27,2025-03-27,24900.0,PE,NIFTY25MAR24900PE,2599.0,2599.0,2599.0,2599.0,2599.0,2186.45,22124.7,2656.1,6750,225,3,6187275.0,2,F1,75,,,,,
2025-02-28,2025-02-28,FO,NSE,IDO,55198,,NIFTY,,2025-03-27,2025-03-27,24300.0,PE,NIFTY25MAR24300PE,1900.3,2040.0,1900.3,2023.75,2029.7,1599.4,22124.7,2023.75,44025,-75,194,382927496.25,34,F1,75,,,,,
2025-02-28,2025-02-28,FO,NSE,IDO,55061,,NIFTY,,2025-03-27,2025-03-27,24200.0,PE,NIFTY25MAR24200PE,1780.0,1955.4,1745.0,1915.7,1911.95,1503.5,22124.7,1915.7,165600,-5250,330,644350635.0,79,F1,75,,,,,
2025-02-28,2025-02-28,FO,NSE,IDO,54820,,NIFTY,,2025-03-27,2025-03-27,24150.0,PE,NIFTY25MAR24150PE,1750.85,1866.4,1735.5,1863.3,1866.4,1450.0,22124.7,1863.3,7275,-75,82,159338115.0,10,F1,75,,,,,
2025-02-28,2025-02-28,FO,NSE,IDO,47039,,NIFTY,,2025-03-27,2025-03-27,22700.0,PE,NIFTY25MAR22700PE,351.0,593.7,351.0,556.6,554.9,321.9,22124.7,556.6,1637100,-172275,10917,18990790091.25,7215,F1,75,,,,,
2025-02-28,2025-02-28,FO,NSE,IDO,46953,,NIFTY,,2025-03-27,2025-03-27,22050.0,PE,NIFTY25MAR22050PE,150.8,242.9,146.8,223.05,224.0,110.85,22124.7,223.05,86925,14775,3302,5508615266.25,2571,F1,75,,,,,
2025-02-28,2025-02-28,FO,NSE,IDO,46826,,NIFTY,,2025-03-27,2025-03-27,20950.0,PE,NIFTY25MAR20950PE,20.85,35.25,20.85,31.85,31.25,15.15,22124.7,31.85,18225,10200,808,1271300853.75,539,F1,75,,,,,
2025-02-28,2025-02-28,FO,NSE,IDO,64553,,NIFTY,,2025-03-27,2025-03-27,18000.0,PE,NIFTY25MAR18000PE,2.35,2.55,1.9,2.05,2.3,2.35,22124.7,2.05,1145400,484575,13644,18421501882.5,6487,F1,75,,,,,
2025-02-28,2025-02-28,FO,NSE,IDO,50288,,NIFTY,,2025-03-20,2025-03-20,24250.0,PE,NIFTY2532024250PE,1991.0,1991.0,1991.0,1991.0,1991.0,1171.4,22124.7,1991.0,75,75,1,1968075.0,1,F1,75,,,,,
2025-02-28,2025-02-28,FO,NSE,IDO,50282,,NIFTY,,2025-03-20,2025-03-20,24100.0,PE,NIFTY2532024100PE,1842.95,1842.95,1842.95,1842.95,1842.95,1051.55,22124.7,1842.95,75,75,1,1945721.25,1,F1,75,,,,,
2025-02-28,2025-02-28,FO,NSE,IDO,50246,,NIFTY,,2025-03-20,2025-03-20,23550.0,PE,NIFTY2532023550PE,1297.45,1297.45,1297.45,1297.45,1297.45,662.25,22124.7,1297.45,75,75,1,1863558.75,1,F1,75,,,,,
2025-02-28,2025-02-28,FO,NSE,IDO,50244,,NIFTY,,2025-03-20,2025-03-20,23500.0,PE,NIFTY2532023500PE,1248.3,1248.3,1248.3,1248.3,1248.3,631.35,22124.7,1248.3,75,75,1,1856122.5,1,F1,75,,,,,
2025-02-28,2025-02-28,FO,NSE,IDO,50234,,NIFTY,,2025-03-20,2025-03-20,23250.0,PE,NIFTY2532023250PE,1010.35,1010.35,1010.35,1010.35,1010.35,489.15,22124.7,1010.35,75,75,1,1819526.25,1,F1,75,,,,,
2025-02-28,2025-02-28,FO,NSE,IDO,50204,,NIFTY,,2025-03-20,2025-03-20,22700.0,PE,NIFTY2532022700PE,382.8,574.0,376.9,541.75,543.45,280.2,22124.7,541.75,4425,-4875,244,424425127.5,158,F1,75,,,,,
2025-02-28,2025-02-28,FO,NSE,IDO,50166,,NIFTY,,2025-03-20,2025-03-20,22250.0,PE,NIFTY2532022250PE,215.35,292.0,211.45,268.6,271.45,123.35,22124.7,268.6,11325,10275,220,371324291.25,202,F1,75,,,,,
2025-02-28,2025-02-28,FO,NSE,IDO,50150,,NIFTY,,2025-03-20,2025-03-20,22000.0,PE,NIFTY2532022000PE,101.0,189.15,101.0,171.1,170.05,73.5,22124.7,171.1,47625,20625,3431,5698937478.75,1801,F1,75,,,,,
2025-02-28,2025-02-28,FO,NSE,IDO,50082,,NIFTY,,2025-03-20,2025-03-20,20950.0,PE,NIFTY2532020950PE,15.0,15.0,14.0,14.0,14.0,8.5,22124.7,8.35,0,0,2,3144675.0,2,F1,75,,,,,
2025-02-28,2025-02-28,FO,NSE,IDO,68417,,NIFTY,,2025-03-06,2025-03-06,22000.0,CE,NIFTY2530622000CE,521.1,521.1,236.0,262.7,254.1,613.05,22124.7,262.7,1027425,900450,216608,362103797977.5,131003,F1,75,,,,,
2025-02-28,2025-02-28,FO,NSE,IDO,68458,,NIFTY,,2025-03-06,2025-03-06,22800.0,CE,NIFTY2530622800CE,28.85,42.0,6.5,7.3,6.7,56.85,22124.7,7.3,5759400,2894325,966837,1654125242313.75,283081,F1,75,,,,,
2025-02-28,2025-02-28,FO,NSE,IDO,68594,,NIFTY,,2025-03-06,2025-03-06,24000.0,CE,NIFTY2530624000CE,1.35,1.55,0.95,1.1,1.0,1.35,22124.7,1.1,8969250,3956025,576689,1038092119886.25,78521,F1,75,,,,,
2025-02-28,2025-02-28,FO,NSE,IDO,68610,,NIFTY,,2025-03-06,2025-03-06,24300.0,CE,NIFTY2530624300CE,1.45,1.5,0.95,1.1,1.0,1.25,22124.7,1.1,321750,84150,42943,78267302306.25,8115,F1,75,,,,,
2025-02-28,2025-02-28,FO,NSE,IDO,68616,,NIFTY,,2025-03-06,2025-03-06,24450.0,CE,NIFTY2530624450CE,1.15,1.4,0.95,1.1,1.0,1.15,22124.7,1.1,30825,19125,16040,29414719511.25,3857,F1,75,,,,,
2025-02-28,2025-02-28,FO,NSE,IDO,68635,,NIFTY,,2025-03-06,2025-03-06,24850.0,CE,NIFTY2530624850CE,0.95,1.3,0.9,1.05,0.9,1.15,22124.7,1.05,50625,36975,12920,24080698698.75,2852,F1,75,,,,,
2025-02-28,2025-02-28,FO,NSE,IDO,68637,,NIFTY,,2025-03-06,2025-03-06,24900.0,CE,NIFTY2530624900CE,0.95,1.4,0.9,1.1,1.05,1.1,22124.7,1.1,517425,436425,31804,59396606231.25,5355,F1,75,,,,,
2025-02-28,2025-02-28,FO,NSE,IDO,68768,,NIFTY,,2025-03-06,2025-03-06,25400.0,CE,NIFTY2530625400CE,1.0,1.25,0.85,1.0,0.95,1.05,22124.7,1.0,444150,268425,47413,90325304377.5,6831,F1,75,,,,,
2025-02-28,2025-02-28,FO,NSE,IDO,45404,,NIFTY,,2025-03-13,2025-03-13,21250.0,CE,NIFTY2531321250CE,1070.0,1070.0,970.0,978.0,978.0,1668.15,22124.7,934.1,300,225,4,6674100.0,4,F1,75,,,,,
2025-02-28,2025-02-28,FO,NSE,IDO,45414,,NIFTY,,2025-03-13,2025-03-13,21500.0,CE,NIFTY2531321500CE,940.0,940.0,724.5,751.75,751.45,1137.15,22124.7,751.75,13575,12075,229,383770983.75,106,F1,75,,,,,
2025-02-28,2025-02-28,FO,NSE,IDO,45426,,NIFTY,,2025-03-13,2025-03-13,21700.0,CE,NIFTY2531321700CE,760.0,765.0,554.0,579.8,575.0,1025.0,22124.7,579.8,4875,4650,231,386367123.75,135,F1,75,,,,,
2025-02-28,2025-02-28,FO,NSE,IDO,45482,,NIFTY,,2025-03-13,2025-03-13,22850.0,CE,NIFTY2531322850CE,73.0,73.0,24.85,27.75,27.8,104.95,22124.7,27.75,106125,66300,11932,20481581328.75,7849,F1,75,,,,,
2025-02-28,2025-02-28,FO,NSE,IDO,45521,,NIFTY,,2025-03-13,2025-03-13,23350.0,CE,NIFTY2531323350CE,8.05,9.0,5.05,5.9,5.3,13.1,22124.7,5.9,96675,50550,6802,11915160675.0,4787,F1,75,,,,,
2025-02-28,2025-02-28,FO,NSE,IDO,45575,,NIFTY,,2025-03-13,2025-03-13,24250.0,CE,NIFTY2531324250CE,2.25,2.55,1.95,1.95,1.95,2.55,22124.7,1.95,2850,-1050,21,38197455.0,17,F1,75,,,,,
2025-02-28,2025-02-28,FO,NSE,IDO,45604,,NIFTY,,2025-03-13,2025-03-13,24500.0,CE,NIFTY2531324500CE,2.35,2.45,2.0,2.2,2.2,2.35,22124.7,2.2,117525,24675,1793,3294938895.0,643,F1,75,,,,,
2025-02-28,2025-02-28,FO,NSE,IDO,45610,,NIFTY,,2025-03-13,2025-03-13,24600.0,CE,NIFTY2531324600CE,2.05,2.35,1.85,2.25,2.05,2.05,22124.7,2.25,9300,-3075,178,328439340.0,68,F1,75,,,,,
2025-02-28,2025-02-28,FO,NSE,IDO,45646,,NIFTY,,2025-03-13,2025-03-13,25150.0,CE,NIFTY2531325150CE,1.7,2.8,1.6,1.85,1.8,2.1,22124.7,1.85,4725,-3150,84,158456583.75,44,F1,75,,,,,
2025-02-28,2025-02-28,FO,NSE,IDO,50079,,NIFTY,,2025-03-20,2025-03-20,20900.0,CE,NIFTY2532020900CE,1351.15,1351.15,1351.15,1351.15,1351.15,2282.45,22124.7,1351.15,75,75,1,1668836.25,1,F1,75,,,,,
2025-02-28,2025-02-28,FO,NSE,IDO,50117,,NIFTY,,2025-03-20,2025-03-20,21400.0,CE,NIFTY2532021400CE,886.25,886.25,886.25,886.25,886.25,1803.65,22124.7,886.25,75,75,1,1671468.75,1,F1,75,,,,,
2025-02-28,2025-02-28,FO,NSE,IDO,50137,,NIFTY,,2025-03-20,2025-03-20,21800.0,CE,NIFTY2532021800CE,626.8,629.0,605.0,605.0,605.0,1439.1,22124.7,520.7,75,75,3,5044560.0,3,F1,75,,,,,
2025-02-28,2025-02-28,FO,NSE,IDO,50215,,NIFTY,,2025-03-20,2025-03-20,22800.0,CE,NIFTY2532022800CE,190.45,190.45,65.0,67.9,67.0,190.45,22124.7,67.9,30450,18300,1470,2523098962.5,795,F1,75,,,,,
2025-02-28,2025-02-28,FO,NSE,IDO,50243,,NIFTY,,2025-03-20,2025-03-20,23500.0,CE,NIFTY2532023500CE,20.0,20.0,10.5,11.15,11.55,22.95,22124.7,11.15,105000,68025,3628,6397611585.0,1313,F1,75,,,,,
2025-02-28,2025-02-28,FO,NSE,IDO,50253,,NIFTY,,2025-03-20,2025-03-20,23700.0,CE,NIFTY2532023700CE,10.95,12.0,7.45,8.05,8.0,12.55,22124.7,8.05,7425,-75,127,225823470.0,76,F1,75,,,,,
2025-02-28,2025-02-28,FO,NSE,IDO,50257,,NIFTY,,2025-03-20,2025-03-20,23750.0,CE,NIFTY2532023750CE,8.55,8.85,8.55,8.85,8.85,238.25,22124.7,4.05,150,150,2,3563805.0,2,F1,75,,,,,
2025-02-28,2025-02-28,FO,NSE,IDO,50283,,NIFTY,,2025-03-20,2025-03-20,24150.0,CE,NIFTY2532024150CE,5.45,5.45,5.45,5.45,5.45,10.15,22124.7,0.8,225,150,2,3623317.5,1,F1,75,,,,,
2025-02-28,2025-02-28,FO,NSE,IDO,50317,,NIFTY,,2025-03-20,2025-03-20,24750.0,CE,NIFTY2532024750CE,3.85,3.85,2.85,3.8,3.8,5.0,22124.7,0.05,825,375,13,24134415.0,4,F1,75,,,,,
2025-02-28,2025-02-28,FO,NSE,IDO,64552,,NIFTY,,2025-03-27,2025-03-27,18000.0,CE,NIFTY25MAR18000CE,4460.0,4469.1,4190.45,4241.0,4245.0,4639.95,22124.7,4241.0,497050,21225,1535,2566718130.0,1322,F1,75,,,,,
2025-02-28,2025-02-28,FO,NSE,IDO,46883,,NIFTY,,2025-03-27,2025-03-27,21550.0,CE,NIFTY25MAR21550CE,831.4,834.65,826.85,830.2,829.1,2653.4,22124.7,830.2,600,600,8,13428120.0,8,F1,75,,,,,
2025-02-28,2025-02-28,FO,NSE,IDO,46988,,NIFTY,,2025-03-27,2025-03-27,22350.0,CE,NIFTY25MAR22350CE,431.4,431.75,261.0,279.55,277.0,519.45,22124.7,279.55,81975,48675,3873,6586015710.0,2805,F1,75,,,,,
2025-02-28,2025-02-28,FO,NSE,IDO,48695,,NIFTY,,2025-03-27,2025-03-27,23200.0,CE,NIFTY25MAR23200CE,79.8,96.0,38.9,41.7,40.2,105.15,22124.7,41.7,956325,71025,35998,62775194343.75,18034,F1,75,,,,,
2025-02-28,2025-02-28,FO,NSE,IDO,53846,,NIFTY,,2025-03-27,2025-03-27,23750.0,CE,NIFTY25MAR23750CE,22.35,22.35,13.0,14.45,14.1,23.35,22124.7,14.45,52950,-1125,2405,4286654362.5,1164,F1,75,,,,,
2025-02-28,2025-02-28,FO,NSE,IDO,55339,,NIFTY,,2025-03-27,2025-03-27,24400.0,CE,NIFTY25MAR24400CE,22.05,22.05,5.4,7.2,6.9,6.9,22124.7,7.2,114225,4200,3199,5855771040.0,1710,F1,75,,,,,
2025-02-28,2025-02-28,FO,NSE,IDO,55656,,NIFTY,,2025-03-27,2025-03-27,24500.0,CE,NIFTY25MAR24500CE,6.5,7.1,5.0,6.45,6.2,6.25,22124.7,6.45,1283625,-63600,18190,33432278010.0,7316,F1,75,,,,,
2025-02-28,2025-02-28,FO,NSE,IDO,56542,,NIFTY,,2025-03-27,2025-03-27,24700.0,CE,NIFTY25MAR24700CE,4.8,6.15,4.05,6.05,5.85,5.75,22124.7,6.05,82200,-12600,1033,1914040691.25,600,F1,75,,,,,
2025-02-28,2025-02-28,FO,NSE,IDO,56876,,NIFTY,,2025-03-27,2025-03-27,25300.0,CE,NIFTY25MAR25300CE,3.65,5.5,3.55,4.75,4.65,4.3,22124.7,4.75,61725,1350,499,947015850.0,313,F1,75,,,,,
2025-02-28,2025-02-28,FO,NSE,IDO,56892,,NIFTY,,2025-03-27,2025-03-27,25700.0,CE,NIFTY25MAR25700CE,3.3,4.9,3.3,4.2,4.3,3.85,22124.7,4.2,23025,1950,119,229407727.5,62,F1,75,,,,,
2025-02-28,2025-02-28,FO,NSE,IDO,64576,,NIFTY,,2025-03-27,2025-03-27,27000.0,CE,NIFTY25MAR27000CE,3.25,3.7,3.15,3.55,3.4,3.75,22124.7,3.55,1270200,54350,4515,9144019938.75,1770,F1,75,,,,,
2025-02-28,2025-02-28,FO,NSE,IDO,54562,,NIFTY,,2025-04-03,2025-04-03,21600.0,CE,NIFTY2540321600CE,0.0,0.0,0.0,1552.3,0.0,1552.3,22124.7,774.65,0,0,0,0.0,0,F1,75,,,,,
2025-02-28,2025-02-28,FO,NSE,IDO,79249,,NIFTY,,2025-04-24,2025-04-24,21350.0,CE,NIFTY25APR21350CE,1207.95,1207.95,1206.7,1207.35,1206.7,2330.0,22124.7,1207.35,150,150,2,3383598.75,2,F1,75,,,,,
2025-02-28,2025-02-28,FO,NSE,IDO,79262,,NIFTY,,2025-04-24,2025-04-24,21650.0,CE,NIFTY25APR21650CE,969.05,969.05,969.05,969.05,969.05,2069.75,22124.7,969.05,75,75,1,1696428.75,1,F1,75,,,,,
2025-02-28,2025-02-28,FO,NSE,IDO,79279,,NIFTY,,2025-04-24,2025-04-24,21950.0,CE,NIFTY25APR21950CE,725.0,725.0,725.0,725.0,725.0,1821.0,22124.7,674.8,75,75,1,1700625.0,1,F1,75,,,,,
2025-02-28,2025-02-28,FO,NSE,IDO,79428,,NIFTY,,2025-04-24,2025-04-24,23000.0,CE,NIFTY25APR23000CE,322.0,322.0,192.45,204.1,200.0,361.35,22124.7,204.1,799200,6600,20326,35409785407.5,12542,F1,75,,,,,
2025-02-28,2025-02-28,FO,NSE,IDO,79446,,NIFTY,,2025-04-24,2025-04-24,23350.0,CE,NIFTY25APR23350CE,126.05,126.05,105.75,109.8,109.1,388.25,22124.7,109.8,1275,150,82,144280938.75,26,F1,75,,,,,
2025-02-28,2025-02-28,FO,NSE,IDO,79511,,NIFTY,,2025-04-24,2025-04-24,23750.0,CE,NIFTY25APR23750CE,82.75,82.75,51.85,53.15,52.5,108.75,22124.7,53.15,9375,5100,157,280366650.0,75,F1,75,,,,,
2025-02-28,2025-02-28,FO,NSE,IDO,79547,,NIFTY,,2025-04-24,2025-04-24,24100.0,CE,NIFTY25APR24100CE,43.8,44.15,28.55,30.25,28.55,55.65,22124.7,30.25,45000,14100,1161,2101546687.5,523,F1,75,,,,,
2025-02-28,2025-02-28,FO,NSE,IDO,79632,,NIFTY,,2025-04-24,2025-04-24,24300.0,CE,NIFTY25APR24300CE,38.45,38.45,22.05,23.15,23.6,36.65,22124.7,23.15,32475,6525,779,1421164241.25,315,F1,75,,,,,
2025-02-28,2025-02-28,FO,NSE,IDO,79676,,NIFTY,,2025-04-24,2025-04-24,24850.0,CE,NIFTY25APR24850CE,0.0,0.0,0.0,52.8,52.8,52.8,22124.7,9.05,75,0,0,0.0,0,F1,75,,,,,
2025-02-28,2025-02-28,FO,NSE,IDO,79690,,NIFTY,,2025-04-24,2025-04-24,24950.0,CE,NIFTY25APR24950CE,19.9,19.9,13.75,16.85,13.75,37.4,22124.7,16.85,750,75,2,3745023.75,2,F1,75,,,,,
2025-02-28,2025-02-28,FO,NSE,IDO,79733,,NIFTY,,2025-04-24,2025-04-24,25200.0,CE,NIFTY25APR25200CE,11.0,14.25,9.1,11.9,11.95,13.25,22124.7,11.9,5625,975,79,149382120.0,32,F1,75,,,,,
2025-02-28,2025-02-28,FO,NSE,IDO,79748,,NIFTY,,2025-04-24,2025-04-24,25450.0,CE,NIFTY25APR25450CE,0.0,0.0,0.0,11.9,11.9,11.9,22124.7,2.4,1575,0,0,0.0,0,F1,75,,,,,
2025-02-28,2025-02-28,FO,NSE,IDO,61377,,NIFTY,,2025-05-29,2025-05-29,21250.0,CE,NIFTY25MAY21250CE,0.0,0.0,0.0,1821.25,0.0,1821.25,22124.7,1370.1,0,0,0,0.0,0,F1,75,,,,,
2025-02-28,2025-02-28,FO,NSE,IDO,61393,,NIFTY,,2025-05-29,2025-05-29,21450.0,CE,NIFTY25MAY21450CE,0.0,0.0,0.0,1662.2,0.0,1662.2,22124.7,1218.25,0,0,0,0.0,0,F1,75,,,,,
2025-02-28,2025-02-28,FO,NSE,IDO,61473,,NIFTY,,2025-05-29,2025-05-29,21850.0,CE,NIFTY25MAY21850CE,0.0,0.0,0.0,1364.15,0.0,1364.15,22124.7,941.5,0,0,0,0.0,0,F1,75,,,,,
2025-02-28,2025-02-28,FO,NSE,IDO,61545,,NIFTY,,2025-05-29,2025-05-29,23500.0,CE,NIFTY25MAY23500CE,240.0,247.1,197.0,203.45,199.0,480.9,22124.7,203.45,63900,63900,1730,3077244228.75,995,F1,75,,,,,
2025-02-28,2025-02-28,FO,NSE,IDO,61673,,NIFTY,,2025-05-29,2025-05-29,24250.0,CE,NIFTY25MAY24250CE,0.0,0.0,0.0,263.85,0.0,263.85,22124.7,96.8,0,0,0,0.0,0,F1,75,,,,,
2025-02-28,2025-02-28,FO,NSE,IDO,64698,,NIFTY,,2025-09-25,2025-09-25,27000.0,CE,NIFTY25SEP27000CE,44.0,55.0,40.0,55.0,55.0,2279.95,22124.7,55.0,750,750,10,20285925.0,3,F1,75,,,,,
2025-02-28,2025-02-28,FO,NSE,IDO,58622,,NIFTY,,2025-12-24,2025-12-24,22000.0,CE,NIFTY25DEC22000CE,2040.0,2040.0,1830.0,1859.5,1847.55,2127.9,22124.7,1859.5,187825,19800,554,993510003.75,479,F1,75,,,,,
2025-02-28,2025-02-28,FO,NSE,IDO,71395,,NIFTY,,2025-12-24,2025-12-24,25000.0,CE,NIFTY25DEC25000CE,551.1,551.1,452.7,460.35,457.0,582.45,22124.7,460.35,288950,41550,1808,3455918647.5,1244,F1,75,,,,,
2025-02-28,2025-02-28,FO,NSE,IDO,58626,,NIFTY,,2026-06-25,2026-06-25,22000.0,CE,NIFTY26JUN22000CE,0.0,0.0,0.0,2722.55,0.0,2722.55,22124.7,2485.9,0,0,0,0.0,0,F1,75,,,,,
2025-02-28,2025-02-28,FO,NSE,IDO,37799,,NIFTY,,2026-06-25,2026-06-25,23000.0,CE,NIFTY26JUN23000CE,0.0,0.0,0.0,2645.65,0.0,2645.65,22124.7,1894.15,0,0,0,0.0,0,F1,75,,,,,
2025-02-28,2025-02-28,FO,NSE,IDO,71553,,NIFTY,,2027-06-24,2027-06-24,21000.0,CE,NIFTY27JUN21000CE,0.0,0.0,0.0,3061.8,0.0,3061.8,22124.7,4402.55,0,0,0,0.0,0,F1,75,,,,,
2025-02-28,2025-02-28,FO,NSE,IDO,53616,,NIFTY,,2027-12-30,2027-12-30,22000.0,CE,NIFTY27DEC22000CE,0.0,0.0,0.0,4499.55,0.0,4499.55,22124.7,4330.5,0,0,0,0.0,0,F1,75,,,,,
2025-02-28,2025-02-28,FO,NSE,IDO,53633,,NIFTY,,2027-12-30,2027-12-30,28000.0,CE,NIFTY27DEC28000CE,0.0,0.0,0.0,2639.2,0.0,2639.2,22124.7,1507.4,0,0,0,0.0,0,F1,75,,,,,
2025-02-28,2025-02-28,FO,NSE,IDO,86151,,NIFTY,,2028-06-29,2028-06-29,24000.0,CE,NIFTY28JUN24000CE,0.0,0.0,0.0,3918.85,0.0,3918.85,22124.7,3714.85,0,0,0,0.0,0,F1,75,,,,,
2025-02-28,2025-02-28,FO,NSE,IDO,79670,,NIFTY,,2025-04-24,2025-04-24,24700.0,CE,NIFTY25APR24700CE,17.9,18.2,15.2,15.7,16.25,19.5,22124.7,15.7,11325,3300,326,604314453.75,162,F1,75,,,,,
2025-02-28,2025-02-28,FO,NSE,IDO,61373,,NIFTY,,2025-05-29,2025-05-29,21200.0,CE,NIFTY25MAY21200CE,0.0,0.0,0.0,1862.0,0.0,1862.0,22124.7,1409.35,0,0,0,0.0,0,F1,75,,,,,
2025-02-28,2025-02-28,FO,NSE,IDO,61467,,NIFTY,,2025-05-29,2025-05-29,21700.0,CE,NIFTY25MAY21700CE,0.0,0.0,0.0,1472.75,0.0,1472.75,22124.7,1040.85,0,0,0,0.0,0,F1,75,,,,,
2025-02-28,2025-02-28,FO,NSE,IDO,61489,,NIFTY,,2025-05-29,2025-05-29,22100.0,CE,NIFTY25MAY22100CE,820.0,840.0,815.0,836.55,836.0,1193.4,22124.7,836.55,675,675,9,15479295.0,6,F1,75,,,,,
2025-02-28,2025-02-28,FO,NSE,IDO,61497,,NIFTY,,2025-05-29,2025-05-29,22300.0,CE,NIFTY25MAY22300CE,700.0,710.0,700.0,704.85,704.85,1065.95,22124.7,677.9,450,450,6,10352977.5,3,F1,75,,,,,
2025-02-28,2025-02-28,FO,NSE,IDO,61523,,NIFTY,,2025-05-29,2025-05-29,22950.0,CE,NIFTY25MAY22950CE,0.0,0.0,0.0,710.65,0.0,710.65,22124.7,390.4,0,0,0,0.0,0,F1,75,,,,,
2025-02-28,2025-02-28,FO,NSE,IDO,61527,,NIFTY,,2025-05-29,2025-05-29,23050.0,CE,NIFTY25MAY23050CE,0.0,0.0,0.0,664.1,0.0,664.1,22124.7,355.6,0,0,0,0.0,0,F1,75,,,,,
2025-02-28,2025-02-28,FO,NSE,IDO,61535,,NIFTY,,2025-05-29,2025-05-29,23250.0,CE,NIFTY25MAY23250CE,0.0,0.0,0.0,577.45,0.0,577.45,22124.7,293.0,0,0,0,0.0,0,F1,75,,,,,
2025-02-28,2025-02-28,FO,NSE,IDO,61663,,NIFTY,,2025-05-29,2025-05-29,24000.0,CE,NIFTY25MAY24000CE,189.85,189.85,89.8,103.3,101.0,324.3,22124.7,103.3,149100,149100,3972,7182790226.25,2041,F1,75,,,,,
2025-02-28,2025-02-28,FO,NSE,IDO,55119,,NIFTY,,2025-06-26,2025-06-26,18000.0,CE,NIFTY25JUN18000CE,4655.0,4670.0,4470.0,4494.0,4493.0,5700.0,22124.7,4494.0,4225,1875,26,44011320.0,26,F1,75,,,,,
2025-02-28,2025-02-28,FO,NSE,IDO,64680,,NIFTY,,2025-09-25,2025-09-25,18000.0,CE,NIFTY25SEP18000CE,0.0,0.0,0.0,9482.9,0.0,9482.9,22124.7,4787.65,0,0,0,0.0,0,F1,75,,,,,
2025-02-28,2025-02-28,FO,NSE,IDO,64692,,NIFTY,,2025-09-25,2025-09-25,24000.0,CE,NIFTY25SEP24000CE,551.05,557.65,456.45,468.7,465.0,613.55,22124.7,468.7,46875,4650,493,905588220.0,398,F1,75,,,,,
2025-02-28,2025-02-28,FO,NSE,IDO,64702,,NIFTY,,2025-09-25,2025-09-25,29000.0,CE,NIFTY25SEP29000CE,0.0,0.0,0.0,1377.55,0.0,1377.55,22124.7,9.05,0,0,0,0.0,0,F1,75,,,,,
2025-02-28,2025-02-28,FO,NSE,IDO,71399,,NIFTY,,2025-12-24,2025-12-24,26000.0,CE,NIFTY25DEC26000CE,319.95,319.95,248.35,251.9,254.5,325.9,22124.7,251.9,241550,31500,1640,3231205050.0,1076,F1,75,,,,,
2025-02-28,2025-02-28,FO,NSE,IDO,50543,,NIFTY,,2025-12-24,2025-12-24,28000.0,CE,NIFTY25DEC28000CE,99.85,111.45,99.0,102.35,99.0,112.1,22124.7,102.35,301900,-1100,724,1526164470.0,504,F1,75,,,,,
2025-02-28,2025-02-28,FO,NSE,IDO,58640,,NIFTY,,2026-12-31,2026-12-31,18000.0,CE,NIFTY26DEC18000CE,0.0,0.0,0.0,4501.45,0.0,4501.45,22124.7,6201.05,0,0,0,0.0,0,F1,75,,,,,
2025-02-28,2025-02-28,FO,NSE,IDO,50547,,NIFTY,,2026-12-31,2026-12-31,28000.0,CE,NIFTY26DEC28000CE,0.0,0.0,0.0,620.0,620.0,620.0,22124.7,670.75,750,0,0,0.0,0,F1,75,,,,,
2025-02-28,2025-02-28,FO,NSE,IDO,38160,,NIFTY,,2027-06-24,2027-06-24,29000.0,CE,NIFTY27JUN29000CE,0.0,0.0,0.0,1545.2,0.0,1545.2,22124.7,819.5,0,0,0,0.0,0,F1,75,,,,,
2025-02-28,2025-02-28,FO,NSE,IDO,53618,,NIFTY,,2027-12-30,2027-12-30,23000.0,CE,NIFTY27DEC23000CE,0.0,0.0,0.0,4125.7,0.0,4125.7,22124.7,3718.65,0,0,0,0.0,0,F1,75,,,,,
2025-02-28,2025-02-28,FO,NSE,IDO,61403,,NIFTY,,2029-12-27,2029-12-27,19000.0,PE,NIFTY29DEC19000PE,0.0,0.0,0.0,142.25,0.0,142.25,22124.7,122.9,0,0,0,0.0,0,F1,75,,,,,
2025-02-28,2025-02-28,FO,NSE,IDO,89631,,NIFTY,,2029-06-28,2029-06-28,24000.0,PE,NIFTY29JUN24000PE,0.0,0.0,0.0,694.05,694.05,694.05,22124.7,766.85,25,0,0,0.0,0,F1,75,,,,,
2025-02-28,2025-02-28,FO,NSE,IDO,67777,,NIFTY,,2028-12-28,2028-12-28,21000.0,PE,NIFTY28DEC21000PE,0.0,0.0,0.0,505.15,505.15,505.15,22124.7,307.55,1225,0,0,0.0,0,F1,75,,,,,
2025-02-28,2025-02-28,FO,NSE,IDO,67773,,NIFTY,,2028-12-28,2028-12-28,19000.0,PE,NIFTY28DEC19000PE,0.0,0.0,0.0,158.0,0.0,158.0,22124.7,128.15,0,0,0,0.0,0,F1,75,,,,,
2025-02-28,2025-02-28,FO,NSE,IDO,86160,,NIFTY,,2028-06-29,2028-06-29,25000.0,PE,NIFTY28JUN25000PE,0.0,0.0,0.0,2016.8,0.0,2016.8,22124.7,1206.9,0,0,0,0.0,0,F1,75,,,,,
2025-02-28,2025-02-28,FO,NSE,IDO,38165,,NIFTY,,2027-12-30,2027-12-30,29000.0,PE,NIFTY27DEC29000PE,0.0,0.0,0.0,4227.5,0.0,4227.5,22124.7,3220.1,0,0,0,0.0,0,F1,75,,,,,
2025-02-28,2025-02-28,FO,NSE,IDO,53632,,NIFTY,,2027-12-30,2027-12-30,27000.0,PE,NIFTY27DEC27000PE,0.0,0.0,0.0,2492.45,2492.45,2492.45,22124.7,2168.65,75,0,0,0.0,0,F1,75,,,,,
2025-02-28,2025-02-28,FO,NSE,IDO,53627,,NIFTY,,2027-12-30,2027-12-30,25000.0,PE,NIFTY27DEC25000PE,0.0,0.0,0.0,1546.4,1546.4,1546.4,22124.7,1330.45,75,0,0,0.0,0,F1,75,,,,,
2025-02-28,2025-02-28,FO,NSE,IDO,38163,,NIFTY,,2027-06-24,2027-06-24,29000.0,PE,NIFTY27JUN29000PE,0.0,0.0,0.0,4627.1,0.0,4627.1,22124.7,3638.9,0,0,0,0.0,0,F1,75,,,,,
2025-02-28,2025-02-28,FO,NSE,IDO,71554,,NIFTY,,2027-06-24,2027-06-24,21000.0,PE,NIFTY27JUN21000PE,0.0,0.0,0.0,500.0,500.0,500.0,22124.7,340.8,200,0,0,0.0,0,F1,75,,,,,
2025-02-28,2025-02-28,FO,NSE,IDO,50548,,NIFTY,,2026-12-31,2026-12-31,28000.0,PE,NIFTY26DEC28000PE,0.0,0.0,0.0,3500.0,3500.0,3500.0,22124.7,3392.45,75,0,0,0.0,0,F1,75,,,,,
2025-02-28,2025-02-28,FO,NSE,IDO,50462,,NIFTY,,2026-06-25,2026-06-25,16000.0,PE,NIFTY26JUN16000PE,0.0,0.0,0.0,48.95,48.95,48.95,22124.7,3.25,1225,0,0,0.0,0,F1,75,,,,,
2025-02-28,2025-02-28,FO,NSE,IDO,50444,,NIFTY,,2026-06-25,2026-06-25,14000.0,PE,NIFTY26JUN14000PE,0.0,0.0,0.0,20.05,20.05,20.05,22124.7,0.15,1075,0,0,0.0,0,F1,75,,,,,
2025-02-28,2025-02-28,FO,NSE,IDO,64687,,NIFTY,,2025-09-25,2025-09-25,21000.0,PE,NIFTY25SEP21000PE,0.0,0.0,0.0,51.55,0.0,51.55,22124.7,221.7,0,0,0,0.0,0,F1,75,,,,,
2025-02-28,2025-02-28,FO,NSE,IDO,51450,,NIFTY,,2025-06-26,2025-06-26,21000.0,PE,NIFTY25JUN21000PE,168.0,197.3,144.75,192.65,193.0,139.55,22124.7,192.65,434350,60875,4153,6596877581.25,2525,F1,75,,,,,
2025-02-28,2025-02-28,FO,NSE,IDO,61674,,NIFTY,,2025-05-29,2025-05-29,24250.0,PE,NIFTY25MAY24250PE,0.0,0.0,0.0,1539.15,0.0,1539.15,22124.7,1836.55,0,0,0,0.0,0,F1,75,,,,,
2025-02-28,2025-02-28,FO,NSE,IDO,61666,,NIFTY,,2025-05-29,2025-05-29,24050.0,PE,NIFTY25MAY24050PE,0.0,0.0,0.0,1390.0,0.0,1390.0,22124.7,1666.0,0,0,0,0.0,0,F1,75,,,,,
2025-02-28,2025-02-28,FO,NSE,IDO,61552,,NIFTY,,2025-05-29,2025-05-29,23650.0,PE,NIFTY25MAY23650PE,0.0,0.0,0.0,1114.9,0.0,1114.9,22124.7,1342.8,0,0,0,0.0,0,F1,75,,,,,
2025-02-28,2025-02-28,FO,NSE,IDO,61542,,NIFTY,,2025-05-29,2025-05-29,23400.0,PE,NIFTY25MAY23400PE,0.0,0.0,0.0,958.35,0.0,958.35,22124.7,1155.15,0,0,0,0.0,0,F1,75,,,,,
2025-02-28,2025-02-28,FO,NSE,IDO,61530,,NIFTY,,2025-05-29,2025-05-29,23100.0,PE,NIFTY25MAY23100PE,0.0,0.0,0.0,787.35,0.0,787.35,22124.7,947.1,0,0,0,0.0,0,F1,75,,,,,
2025-02-28,2025-02-28,FO,NSE,IDO,61506,,NIFTY,,2025-05-29,2025-05-29,22500.0,PE,NIFTY25MAY22500PE,444.0,561.15,435.0,547.1,550.2,503.25,22124.7,547.1,27675,27675,675,1165213953.75,509,F1,75,,,,,
2025-02-28,2025-02-28,FO,NSE,IDO,61504,,NIFTY,,2025-05-29,2025-05-29,22450.0,PE,NIFTY25MAY22450PE,0.0,0.0,0.0,483.1,0.0,483.1,22124.7,570.15,0,0,0,0.0,0,F1,75,,,,,
2025-02-28,2025-02-28,FO,NSE,IDO,61486,,NIFTY,,2025-05-29,2025-05-29,22000.0,PE,NIFTY25MAY22000PE,295.3,376.45,281.45,364.15,364.45,325.4,22124.7,364.15,111000,111000,2651,4440911613.75,2138,F1,75,,,,,
2025-02-28,2025-02-28,FO,NSE,IDO,61484,,NIFTY,,2025-05-29,2025-05-29,21950.0,PE,NIFTY25MAY21950PE,326.4,368.65,326.4,368.65,368.65,310.45,22124.7,354.7,75,75,2,3344628.75,2,F1,75,,,,,
2025-02-28,2025-02-28,FO,NSE,IDO,61474,,NIFTY,,2025-05-29,2025-05-29,21850.0,PE,NIFTY25MAY21850PE,0.0,0.0,0.0,282.0,0.0,282.0,22124.7,319.4,0,0,0,0.0,0,F1,75,,,,,
2025-02-28,2025-02-28,FO,NSE,IDO,61398,,NIFTY,,2025-05-29,2025-05-29,21550.0,PE,NIFTY25MAY21550PE,0.0,0.0,0.0,208.25,0.0,208.25,22124.7,228.2,0,0,0,0.0,0,F1,75,,,,,
2025-02-28,2025-02-28,FO,NSE,IDO,79749,,NIFTY,,2025-04-24,2025-04-24,25450.0,PE,NIFTY25APR25450PE,0.0,0.0,0.0,1947.95,0.0,1947.95,22124.7,3079.65,0,0,0,0.0,0,F1,75,,,,,
2025-02-28,2025-02-28,FO,NSE,IDO,79631,,NIFTY,,2025-04-24,2025-04-24,24250.0,PE,NIFTY25APR24250PE,1795.9,1798.0,1795.9,1797.0,1798.0,1150.0,22124.7,1797.0,225,225,3,5860571.25,3,F1,75,,,,,
2025-02-28,2025-02-28,FO,NSE,IDO,79554,,NIFTY,,2025-04-24,2025-04-24,24100.0,PE,NIFTY25APR24100PE,1654.0,1656.4,1654.0,1655.25,1656.4,1033.15,22124.7,1655.25,300,0,3,5794931.25,3,F1,75,,,,,
2025-02-28,2025-02-28,FO,NSE,IDO,79487,,NIFTY,,2025-04-24,2025-04-24,23350.0,PE,NIFTY25APR23350PE,1008.3,1008.9,1008.3,1008.6,1008.9,712.1,22124.7,1008.6,1200,-150,2,3653790.0,2,F1,75,,,,,
2025-02-28,2025-02-28,FO,NSE,IDO,79416,,NIFTY,,2025-04-24,2025-04-24,22850.0,PE,NIFTY25APR22850PE,590.0,698.65,587.2,669.9,670.65,443.85,22124.7,669.9,3825,-3075,151,265931790.0,148,F1,75,,,,,
2025-02-28,2025-02-28,FO,NSE,IDO,79395,,NIFTY,,2025-04-24,2025-04-24,22550.0,PE,NIFTY25APR22550PE,401.6,528.55,372.65,504.05,504.05,325.8,22124.7,504.05,13125,5250,328,565572528.75,187,F1,75,,,,,
2025-02-28,2025-02-28,FO,NSE,IDO,79383,,NIFTY,,2025-04-24,2025-04-24,22300.0,PE,NIFTY25APR22300PE,309.75,411.5,298.55,392.8,390.7,244.1,22124.7,392.8,112050,37800,3049,5180904341.25,2039,F1,75,,,,,
2025-02-28,2025-02-28,FO,NSE,IDO,79259,,NIFTY,,2025-04-24,2025-04-24,21550.0,PE,NIFTY25APR21550PE,138.7,170.7,126.65,169.65,170.05,93.55,22124.7,169.65,2250,1950,34,55339361.25,10,F1,75,,,,,
2025-02-28,2025-02-28,FO,NSE,IDO,54782,,NIFTY,,2025-04-03,2025-04-03,24000.0,PE,NIFTY2540324000PE,0.0,0.0,0.0,1068.4,0.0,1068.4,22124.7,1742.4,0,0,0,0.0,0,F1,75,,,,,
2025-02-28,2025-02-28,FO,NSE,IDO,54762,,NIFTY,,2025-04-03,2025-04-03,23850.0,PE,NIFTY2540323850PE,0.0,0.0,0.0,956.65,0.0,956.65,22124.7,1598.8,0,0,0,0.0,0,F1,75,,,,,
2025-02-28,2025-02-28,FO,NSE,IDO,54756,,NIFTY,,2025-04-03,2025-04-03,23700.0,PE,NIFTY2540323700PE,0.0,0.0,0.0,850.85,0.0,850.85,22124.7,1457.35,0,0,0,0.0,0,F1,75,,,,,
2025-02-28,2025-02-28,FO,NSE,IDO,54713,,NIFTY,,2025-04-03,2025-04-03,23500.0,PE,NIFTY2540323500PE,0.0,0.0,0.0,719.35,0.0,719.35,22124.7,1273.2,0,0,0,0.0,0,F1,75,,,,,
2025-02-28,2025-02-28,FO,NSE,IDO,54682,,NIFTY,,2025-04-03,2025-04-03,23300.0,PE,NIFTY2540323300PE,0.0,0.0,0.0,599.6,0.0,599.6,22124.7,1095.7,0,0,0,0.0,0,F1,75,,,,,
2025-02-28,2025-02-28,FO,NSE,IDO,54624,,NIFTY,,2025-04-03,2025-04-03,22650.0,PE,NIFTY2540322650PE,0.0,0.0,0.0,317.45,318.0,317.45,22124.7,590.4,300300,0,0,0.0,0,F1,75,,,,,
2025-02-28,2025-02-28,FO,NSE,IDO,54575,,NIFTY,,2025-04-03,2025-04-03,21900.0,PE,NIFTY2540321900PE,0.0,0.0,0.0,102.65,0.0,102.65,22124.7,207.0,0,0,0,0.0,0,F1,75,,,,,
2025-02-28,2025-02-28,FO,NSE,IDO,54557,,NIFTY,,2025-04-03,2025-04-03,21450.0,PE,NIFTY2540321450PE,0.0,0.0,0.0,46.5,0.0,46.5,22124.7,87.95,0,0,0,0.0,0,F1,75,,,,,
2025-02-28,2025-02-28,FO,NSE,IDO,54543,,NIFTY,,2025-04-03,2025-04-03,21350.0,PE,NIFTY2540321350PE,0.0,0.0,0.0,38.35,0.0,38.35,22124.7,70.75,0,0,0,0.0,0,F1,75,,,,,
2025-02-28,2025-02-28,FO,NSE,IDO,54505,,NIFTY,,2025-04-03,2025-04-03,20850.0,PE,NIFTY2540320850PE,0.0,0.0,0.0,13.1,0.0,13.1,22124.7,20.25,0,0,0,0.0,0,F1,75,,,,,
2025-02-28,2025-02-28,FO,NSE,IDO,64583,,NIFTY,,2025-03-27,2025-03-27,29000.0,PE,NIFTY25MAR29000PE,6425.0,6687.15,6425.0,6656.4,6655.8,6255.2,22124.7,6656.4,413425,-1275,176,470175551.25,121,F1,75,,,,,
2025-02-28,2025-02-28,FO,NSE,IDO,48346,,NIFTY,,2025-03-27,2025-03-27,23050.0,PE,NIFTY25MAR23050PE,636.6,860.0,636.6,820.2,827.1,513.0,22124.7,820.2,36225,-4575,215,384518295.0,109,F1,75,,,,,
2025-02-28,2025-02-28,FO,NSE,IDO,46992,,NIFTY,,2025-03-27,2025-03-27,22400.0,PE,NIFTY25MAR22400PE,237.95,405.0,237.95,373.9,374.5,201.7,22124.7,373.9,1041825,228000,32576,55526419485.0,21742,F1,75,,,,,
2025-02-28,2025-02-28,FO,NSE,IDO,50278,,NIFTY,,2025-03-20,2025-03-20,24050.0,PE,NIFTY2532024050PE,1792.35,1792.35,1792.35,1792.35,1792.35,1012.8,22124.7,1792.35,75,75,1,1938176.25,1,F1,75,,,,,
2025-02-28,2025-02-28,FO,NSE,IDO,50263,,NIFTY,,2025-03-20,2025-03-20,23850.0,PE,NIFTY2532023850PE,1594.95,1594.95,1594.95,1594.95,1594.95,863.9,22124.7,1594.95,75,75,1,1908371.25,1,F1,75,,,,,
2025-02-28,2025-02-28,FO,NSE,IDO,50256,,NIFTY,,2025-03-20,2025-03-20,23700.0,PE,NIFTY2532023700PE,1447.5,1447.5,1447.5,1447.5,1447.5,759.7,22124.7,1447.5,75,75,1,1886062.5,1,F1,75,,,,,
2025-02-28,2025-02-28,FO,NSE,IDO,50242,,NIFTY,,2025-03-20,2025-03-20,23450.0,PE,NIFTY2532023450PE,1202.3,1202.3,1202.3,1202.3,1202.3,601.25,22124.7,1202.3,75,75,1,1848922.5,1,F1,75,,,,,
2025-02-28,2025-02-28,FO,NSE,IDO,50238,,NIFTY,,2025-03-20,2025-03-20,23350.0,PE,NIFTY2532023350PE,1105.5,1105.7,1105.5,1105.6,1105.7,543.55,22124.7,1105.6,150,150,2,3668340.0,2,F1,75,,,,,
2025-02-28,2025-02-28,FO,NSE,IDO,50178,,NIFTY,,2025-03-20,2025-03-20,22300.0,PE,NIFTY2532022300PE,192.35,321.55,185.55,294.8,295.0,136.05,22124.7,294.8,75450,67350,3291,5567615152.5,2334,F1,75,,,,,
2025-02-28,2025-02-28,FO,NSE,IDO,50159,,NIFTY,,2025-03-20,2025-03-20,22150.0,PE,NIFTY2532022150PE,150.95,243.35,150.95,225.45,215.9,100.0,22124.7,225.45,9300,9000,229,384284861.25,195,F1,75,,,,,
2025-02-28,2025-02-28,FO,NSE,IDO,50132,,NIFTY,,2025-03-20,2025-03-20,21650.0,PE,NIFTY2532021650PE,53.95,94.15,53.95,85.75,83.75,32.0,22124.7,85.75,3975,3225,77,125516467.5,55,F1,75,,,,,
2025-02-28,2025-02-28,FO,NSE,IDO,45645,,NIFTY,,2025-03-13,2025-03-13,25100.0,PE,NIFTY2531325100PE,2862.35,2862.35,2862.35,2862.35,2862.35,2180.15,22124.7,2862.35,150,75,1,2097176.25,1,F1,75,,,,,
2025-02-28,2025-02-28,FO,NSE,IDO,45559,,NIFTY,,2025-03-13,2025-03-13,24150.0,PE,NIFTY2531324150PE,1919.5,1919.5,1919.5,1919.5,1919.5,1239.3,22124.7,1969.5,150,75,1,1955212.5,1,F1,75,,,,,
2025-02-28,2025-02-28,FO,NSE,IDO,45543,,NIFTY,,2025-03-13,2025-03-13,23800.0,PE,NIFTY2531323800PE,1560.65,1579.65,1560.65,1579.6,1579.65,1162.25,22124.7,1579.6,1800,0,5,9514755.0,4,F1,75,,,,,
2025-02-28,2025-02-28,FO,NSE,IDO,45533,,NIFTY,,2025-03-13,2025-03-13,23550.0,PE,NIFTY2531323550PE,1110.0,1110.0,1110.0,1110.0,1110.0,874.0,22124.7,1372.5,1575,75,1,1849500.0,1,F1,75,,,,,
2025-02-28,2025-02-28,FO,NSE,IDO,45509,,NIFTY,,2025-03-13,2025-03-13,23150.0,PE,NIFTY2531323150PE,720.0,966.55,715.1,937.4,937.4,573.85,22124.7,937.4,5850,-600,344,619148921.25,156,F1,75,,,,,
2025-02-28,2025-02-28,FO,NSE,IDO,45491,,NIFTY,,2025-03-13,2025-03-13,23050.0,PE,NIFTY2531323050PE,711.25,866.85,711.25,833.75,833.75,475.05,22124.7,887.55,5025,-225,70,125192107.5,34,F1,75,,,,,
2025-02-28,2025-02-28,FO,NSE,IDO,45471,,NIFTY,,2025-03-13,2025-03-13,22550.0,PE,NIFTY2531322550PE,175.85,444.15,175.85,409.95,410.85,176.5,22124.7,409.95,43575,-37575,3837,6585432727.5,2649,F1,75,,,,,
2025-02-28,2025-02-28,FO,NSE,IDO,45434,,NIFTY,,2025-03-13,2025-03-13,21850.0,PE,NIFTY2531321850PE,52.85,102.9,43.6,91.1,94.45,28.55,22124.7,91.1,63975,52350,7100,11674134607.5,4505,F1,75,,,,,
2025-02-28,2025-02-28,FO,NSE,IDO,45429,,NIFTY,,2025-03-13,2025-03-13,21750.0,PE,NIFTY2531321750PE,31.5,79.65,31.5,70.3,72.15,21.0,22124.7,70.3,51225,11025,11575,18927909307.5,6391,F1,75,,,,,
2025-02-28,2025-02-28,FO,NSE,IDO,45397,,NIFTY,,2025-03-13,2025-03-13,21150.0,PE,NIFTY2531321150PE,6.45,16.3,6.35,14.05,13.9,4.95,22124.7,14.05,60375,38175,3027,4804439587.5,1934,F1,75,,,,,
2025-02-28,2025-02-28,FO,NSE,IDO,68628,,NIFTY,,2025-03-06,2025-03-06,24650.0,PE,NIFTY2530624650PE,0.0,0.0,0.0,1763.1,1763.1,1763.1,22124.7,2499.0,375,0,0,0.0,0,F1,75,,,,,
2025-02-28,2025-02-28,FO,NSE,IDO,68615,,NIFTY,,2025-03-06,2025-03-06,24400.0,PE,NIFTY2530624400PE,0.0,0.0,0.0,1799.25,1799.65,1799.25,22124.7,2249.25,9000,0,0,0.0,0,F1,75,,,,,
2025-02-28,2025-02-28,FO,NSE,IDO,68595,,NIFTY,,2025-03-06,2025-03-06,24000.0,PE,NIFTY2530624000PE,1561.0,1845.0,1561.0,1813.2,1821.45,1395.4,22124.7,1813.2,185400,75,378,729477165.0,297,F1,75,,,,,
2025-02-28,2025-02-28,FO,NSE,IDO,68400,,NIFTY,,2025-03-06,2025-03-06,21600.0,PE,NIFTY2530621600PE,5.8,19.45,5.2,15.15,14.95,4.75,22124.7,15.15,2962725,1576875,621761,1007820827861.25,206115,F1,75,,,,,
2025-02-28,2025-02-28,FO,NSE,IDO,61410,,NIFTY,,2029-12-27,2029-12-27,20000.0,CE,NIFTY29DEC20000CE,0.0,0.0,0.0,10081.1,0.0,10081.1,22124.7,7701.4,0,0,0,0.0,0,F1,75,,,,,
2025-02-28,2025-02-28,FO,NSE,IDO,89630,,NIFTY,,2029-06-28,2029-06-28,24000.0,CE,NIFTY29JUN24000CE,0.0,0.0,0.0,8085.35,0.0,8085.35,22124.7,4780.75,0,0,0,0.0,0,F1,75,,,,,
2025-02-28,2025-02-28,FO,NSE,IDO,89624,,NIFTY,,2029-06-28,2029-06-28,21000.0,CE,NIFTY29JUN21000CE,0.0,0.0,0.0,9799.75,0.0,9799.75,22124.7,6569.25,0,0,0,0.0,0,F1,75,,,,,
2025-02-28,2025-02-28,FO,NSE,IDO,67792,,NIFTY,,2028-12-28,2028-12-28,29000.0,CE,NIFTY28DEC29000CE,0.0,0.0,0.0,3645.75,0.0,3645.75,22124.7,2098.0,0,0,0,0.0,0,F1,75,,,,,
2025-02-28,2025-02-28,FO,NSE,IDO,67790,,NIFTY,,2028-12-28,2028-12-28,28000.0,CE,NIFTY28DEC28000CE,0.0,0.0,0.0,4027.15,0.0,4027.15,22124.7,2442.45,0,0,0,0.0,0,F1,75,,,,,
2025-02-28,2025-02-28,FO,NSE,IDO,67788,,NIFTY,,2028-12-28,2028-12-28,27000.0,CE,NIFTY28DEC27000CE,0.0,0.0,0.0,4437.95,0.0,4437.95,22124.7,2829.1,0,0,0,0.0,0,F1,75,,,,,
2025-02-28,2025-02-28,FO,NSE,IDO,67780,,NIFTY,,2028-12-28,2028-12-28,23000.0,CE,NIFTY28DEC23000CE,0.0,0.0,0.0,6377.6,0.0,6377.6,22124.7,4817.35,0,0,0,0.0,0,F1,75,,,,,
2025-02-28,2025-02-28,FO,NSE,IDO,67772,,NIFTY,,2028-12-28,2028-12-28,19000.0,CE,NIFTY28DEC19000CE,0.0,0.0,0.0,8739.0,0.0,8739.0,22124.7,7442.9,0,0,0,0.0,0,F1,75,,,,,
2025-02-28,2025-02-28,FO,NSE,IDO,38164,,NIFTY,,2027-12-30,2027-12-30,29000.0,CE,NIFTY27DEC29000CE,0.0,0.0,0.0,1932.55,0.0,1932.55,22124.7,1226.3,0,0,0,0.0,0,F1,75,,,,,
2025-02-28,2025-02-28,FO,NSE,IDO,53626,,NIFTY,,2027-12-30,2027-12-30,25000.0,CE,NIFTY27DEC25000CE,0.0,0.0,0.0,3458.35,0.0,3458.35,22124.7,2663.3,0,0,0,0.0,0,F1,75,,,,,
2025-02-28,2025-02-28,FO,NSE,IDO,68355,,NIFTY,,2025-03-06,2025-03-06,20800.0,CE,NIFTY2530620800CE,0.0,0.0,0.0,1805.0,1805.0,1805.0,22124.7,1346.9,0,0,0,0.0,0,F1,75,,,,,
2025-02-28,2025-02-28,FO,NSE,IDO,68364,,NIFTY,,2025-03-06,2025-03-06,20850.0,CE,NIFTY2530620850CE,0.0,0.0,0.0,2537.9,0.0,2537.9,22124.7,1297.0,0,0,0,0.0,0,F1,75,,,,,
2025-02-28,2025-02-28,FO,NSE,IDO,68411,,NIFTY,,2025-03-06,2025-03-06,21850.0,CE,NIFTY2530621850CE,581.2,591.4,346.35,377.85,371.1,762.0,22124.7,377.85,19575,18300,2720,4538694315.0,1502,F1,75,,,,,
2025-02-28,2025-02-28,FO,NSE,IDO,68428,,NIFTY,,2025-03-06,2025-03-06,22250.0,CE,NIFTY2530622250CE,321.0,321.0,101.15,116.0,110.55,387.6,22124.7,116.0,2102925,2079975,929108,1560671799030.0,592966,F1,75,,,,,
2025-02-28,2025-02-28,FO,NSE,IDO,68460,,NIFTY,,2025-03-06,2025-03-06,22850.0,CE,NIFTY2530622850CE,35.0,35.0,5.25,5.9,5.5,43.45,22124.7,5.9,2726175,1922775,473035,810970759451.25,141485,F1,75,,,,,
2025-02-28,2025-02-28,FO,NSE,IDO,68614,,NIFTY,,2025-03-06,2025-03-06,24400.0,CE,NIFTY2530624400CE,1.25,2.45,0.95,1.05,1.1,1.15,22124.7,1.05,154200,39975,34805,63696069551.25,6137,F1,75,,,,,
2025-02-28,2025-02-28,FO,NSE,IDO,45384,,NIFTY,,2025-03-13,2025-03-13,20850.0,CE,NIFTY2531320850CE,1385.65,1385.65,1382.8,1382.8,1382.8,2899.95,22124.7,1324.2,150,150,2,3335133.75,2,F1,75,,,,,
2025-02-28,2025-02-28,FO,NSE,IDO,45398,,NIFTY,,2025-03-13,2025-03-13,21200.0,CE,NIFTY2531321200CE,1025.95,1025.95,1022.55,1022.55,1022.55,1710.9,22124.7,981.85,375,300,4,6667233.75,4,F1,75,,,,,
2025-02-28,2025-02-28,FO,NSE,IDO,45470,,NIFTY,,2025-03-13,2025-03-13,22550.0,CE,NIFTY2531322550CE,222.9,222.9,74.65,82.65,79.85,248.85,22124.7,82.65,103425,45750,11141,18927238136.25,7645,F1,75,,,,,
2025-02-28,2025-02-28,FO,NSE,IDO,45519,,NIFTY,,2025-03-13,2025-03-13,23300.0,CE,NIFTY2531323300CE,13.2,13.2,6.0,6.7,6.0,16.3,22124.7,6.7,281325,47925,25632,44806690230.0,15108,F1,75,,,,,
2025-02-28,2025-02-28,FO,NSE,IDO,45617,,NIFTY,,2025-03-13,2025-03-13,24750.0,CE,NIFTY2531324750CE,1.95,4.85,1.85,2.1,2.0,2.0,22124.7,2.1,4875,-600,126,233911095.0,83,F1,75,,,,,
2025-02-28,2025-02-28,FO,NSE,IDO,45648,,NIFTY,,2025-03-13,2025-03-13,25200.0,CE,NIFTY2531325200CE,2.0,2.05,1.8,1.85,1.9,2.0,22124.7,1.85,21225,10650,257,485765640.0,119,F1,75,,,,,
2025-02-28,2025-02-28,FO,NSE,IDO,50160,,NIFTY,,2025-03-20,2025-03-20,22200.0,CE,NIFTY2532022200CE,355.0,386.6,272.5,293.55,295.2,1102.5,22124.7,293.55,35025,35025,1440,2431079433.75,1085,F1,75,,,,,
2025-02-28,2025-02-28,FO,NSE,IDO,50186,,NIFTY,,2025-03-20,2025-03-20,22500.0,CE,NIFTY2532022500CE,296.0,296.0,142.35,152.9,150.1,350.4,22124.7,152.9,48600,37350,2862,4868248012.5,1970,F1,75,,,,,
2025-02-28,2025-02-28,FO,NSE,IDO,50235,,NIFTY,,2025-03-20,2025-03-20,23300.0,CE,NIFTY2532023300CE,35.6,35.6,16.25,17.35,17.5,44.9,22124.7,17.35,31350,17550,1376,2406640286.25,699,F1,75,,,,,
2025-02-28,2025-02-28,FO,NSE,IDO,50272,,NIFTY,,2025-03-20,2025-03-20,23950.0,CE,NIFTY2532023950CE,11.6,11.6,5.3,5.9,5.9,183.85,22124.7,1.85,450,450,7,12577252.5,4,F1,75,,,,,
2025-02-28,2025-02-28,FO,NSE,IDO,50311,,NIFTY,,2025-03-20,2025-03-20,24700.0,CE,NIFTY2532024700CE,4.65,4.65,3.45,3.8,3.8,3.65,22124.7,0.05,5250,4350,69,127842045.0,12,F1,75,,,,,
2025-02-28,2025-02-28,FO,NSE,IDO,64554,,NIFTY,,2025-03-27,2025-03-27,19000.0,CE,NIFTY25MAR19000CE,3510.0,3510.0,3208.75,3256.0,3245.0,3652.35,22124.7,3256.0,75925,5250,556,929016000.0,309,F1,75,,,,,
2025-02-28,2025-02-28,FO,NSE,IDO,46829,,NIFTY,,2025-03-27,2025-03-27,21100.0,CE,NIFTY25MAR21100CE,1373.45,1373.45,1192.6,1192.6,1192.6,1576.2,22124.7,1152.5,1125,0,2,3357453.75,2,F1,75,,,,,
2025-02-28,2025-02-28,FO,NSE,IDO,46991,,NIFTY,,2025-03-27,2025-03-27,22400.0,CE,NIFTY25MAR22400CE,408.4,408.4,238.9,257.45,248.35,485.15,22124.7,257.45,738600,567900,27828,47361997320.0,18846,F1,75,,,,,
2025-02-28,2025-02-28,FO,NSE,IDO,47038,,NIFTY,,2025-03-27,2025-03-27,22700.0,CE,NIFTY25MAR22700CE,248.0,257.45,128.85,138.65,135.75,304.6,22124.7,138.65,1631550,128475,28782,49359060551.25,18204,F1,75,,,,,
2025-02-28,2025-02-28,FO,NSE,IDO,51118,,NIFTY,,2025-03-27,2025-03-27,23300.0,CE,NIFTY25MAR23300CE,77.65,77.65,31.0,33.15,31.2,81.65,22124.7,33.15,692850,450,33601,58820581631.25,16272,F1,75,,,,,
2025-02-28,2025-02-28,FO,NSE,IDO,51124,,NIFTY,,2025-03-27,2025-03-27,23450.0,CE,NIFTY25MAR23450CE,51.35,51.35,22.7,24.45,23.1,54.45,22124.7,24.45,135750,41025,4825,8496027026.25,3027,F1,75,,,,,
2025-02-28,2025-02-28,FO,NSE,IDO,54721,,NIFTY,,2025-03-27,2025-03-27,23900.0,CE,NIFTY25MAR23900CE,11.0,14.9,10.0,11.4,10.65,15.6,22124.7,11.4,392850,29400,10295,18462670875.0,5580,F1,75,,,,,
2025-02-28,2025-02-28,FO,NSE,IDO,54723,,NIFTY,,2025-03-27,2025-03-27,23950.0,CE,NIFTY25MAR23950CE,12.4,12.4,9.9,10.95,11.0,14.15,22124.7,10.95,78300,9600,3219,5784753045.0,1948,F1,75,,,,,
2025-02-28,2025-02-28,FO,NSE,IDO,54725,,NIFTY,,2025-03-27,2025-03-27,24050.0,CE,NIFTY25MAR24050CE,11.0,11.0,8.1,9.35,8.9,11.0,22124.7,9.35,115275,-5100,4857,8764200450.0,2686,F1,75,,,,,
2025-02-28,2025-02-28,FO,NSE,IDO,55060,,NIFTY,,2025-03-27,2025-03-27,24200.0,CE,NIFTY25MAR24200CE,8.0,8.55,6.8,8.0,7.9,8.05,22124.7,8.0,311100,-101325,8821,16015148808.75,4470,F1,75,,,,,
2025-02-28,2025-02-28,FO,NSE,IDO,55197,,NIFTY,,2025-03-27,2025-03-27,24300.0,CE,NIFTY25MAR24300CE,8.0,8.2,6.25,7.55,7.2,7.95,22124.7,7.55,191775,-25500,4473,8154405705.0,2324,F1,75,,,,,
2025-02-28,2025-02-28,FO,NSE,IDO,55341,,NIFTY,,2025-03-27,2025-03-27,24450.0,CE,NIFTY25MAR24450CE,7.55,7.55,5.75,6.95,6.85,7.4,22124.7,6.95,11250,-7050,521,955639698.75,313,F1,75,,,,,
2025-02-28,2025-02-28,FO,NSE,IDO,56872,,NIFTY,,2025-03-27,2025-03-27,25200.0,CE,NIFTY25MAR25200CE,4.15,5.25,3.6,5.15,5.0,4.9,22124.7,5.15,101775,-1500,1212,2291090205.0,542,F1,75,,,,,
2025-02-28,2025-02-28,FO,NSE,IDO,54623,,NIFTY,,2025-04-03,2025-04-03,22650.0,CE,NIFTY2540322650CE,382.1,382.1,291.85,291.85,291.85,382.85,22124.7,201.8,300375,150,4,6896197.5,3,F1,75,,,,,
2025-02-28,2025-02-28,FO,NSE,IDO,54714,,NIFTY,,2025-04-03,2025-04-03,23550.0,CE,NIFTY2540323550CE,0.0,0.0,0.0,308.1,0.0,308.1,22124.7,35.55,0,0,0,0.0,0,F1,75,,,,,
2025-02-28,2025-02-28,FO,NSE,IDO,54753,,NIFTY,,2025-04-03,2025-04-03,23650.0,CE,NIFTY2540323650CE,0.0,0.0,0.0,274.65,0.0,274.65,22124.7,28.25,0,0,0,0.0,0,F1,75,,,,,
2025-02-28,2025-02-28,FO,NSE,IDO,54759,,NIFTY,,2025-04-03,2025-04-03,23800.0,CE,NIFTY2540323800CE,0.0,0.0,0.0,229.7,0.0,229.7,22124.7,19.75,0,0,0,0.0,0,F1,75,,,,,
2025-02-28,2025-02-28,FO,NSE,IDO,54763,,NIFTY,,2025-04-03,2025-04-03,23900.0,CE,NIFTY2540323900CE,43.5,43.5,43.5,43.5,43.5,203.0,22124.7,15.45,75,75,1,1795762.5,1,F1,75,,,,,
2025-02-28,2025-02-28,FO,NSE,IDO,54783,,NIFTY,,2025-04-03,2025-04-03,24050.0,CE,NIFTY2540324050CE,0.0,0.0,0.0,167.85,0.0,167.85,22124.7,10.5,0,0,0,0.0,0,F1,75,,,,,
2025-02-28,2025-02-28,FO,NSE,IDO,54850,,NIFTY,,2025-04-03,2025-04-03,24400.0,CE,NIFTY2540324400CE,15.35,15.35,15.35,15.35,15.35,104.1,22124.7,4.0,75,75,1,1831151.25,1,F1,75,,,,,
2025-02-28,2025-02-28,FO,NSE,IDO,79235,,NIFTY,,2025-04-24,2025-04-24,21150.0,CE,NIFTY25APR21150CE,0.0,0.0,0.0,2508.85,0.0,2508.85,22124.7,1264.4,0,0,0,0.0,0,F1,75,,,,,
2025-02-28,2025-02-28,FO,NSE,IDO,79260,,NIFTY,,2025-04-24,2025-04-24,21600.0,CE,NIFTY25APR21600CE,1007.1,1007.1,1007.1,1007.1,1007.1,2112.4,22124.7,1007.1,75,75,1,1695532.5,1,F1,75,,,,,
2025-02-28,2025-02-28,FO,NSE,IDO,79519,,NIFTY,,2025-04-24,2025-04-24,23950.0,CE,NIFTY25APR23950CE,50.8,50.8,36.6,37.05,36.9,85.6,22124.7,37.05,4875,3525,173,311303036.25,73,F1,75,,,,,
2025-02-28,2025-02-28,FO,NSE,IDO,79529,,NIFTY,,2025-04-24,2025-04-24,24000.0,CE,NIFTY25APR24000CE,60.05,60.05,32.8,34.6,34.0,67.15,22124.7,34.6,1060500,78150,32255,58157929083.75,16172,F1,75,,,,,
2025-02-28,2025-02-28,FO,NSE,IDO,79634,,NIFTY,,2025-04-24,2025-04-24,24350.0,CE,NIFTY25APR24350CE,0.0,0.0,0.0,92.5,92.5,92.5,22124.7,24.35,1725,0,0,0.0,0,F1,75,,,,,
2025-02-28,2025-02-28,FO,NSE,IDO,79636,,NIFTY,,2025-04-24,2025-04-24,24400.0,CE,NIFTY25APR24400CE,30.35,30.35,20.0,20.25,20.1,30.5,22124.7,20.25,16800,-9075,469,859053491.25,167,F1,75,,,,,
2025-02-28,2025-02-28,FO,NSE,IDO,79642,,NIFTY,,2025-04-24,2025-04-24,24550.0,CE,NIFTY25APR24550CE,0.0,0.0,0.0,106.65,106.65,106.65,22124.7,16.6,0,0,0,0.0,0,F1,75,,,,,
2025-02-28,2025-02-28,FO,NSE,IDO,54635,,NIFTY,,2025-04-03,2025-04-03,22900.0,PE,NIFTY2540322900PE,0.0,0.0,0.0,397.55,0.0,397.55,22124.7,769.05,0,0,0,0.0,0,F1,75,,,,,
2025-02-28,2025-02-28,FO,NSE,IDO,54668,,NIFTY,,2025-04-03,2025-04-03,23250.0,PE,NIFTY2540323250PE,0.0,0.0,0.0,571.6,0.0,571.6,22124.7,1052.6,0,0,0,0.0,0,F1,75,,,,,
2025-02-28,2025-02-28,FO,NSE,IDO,54847,,NIFTY,,2025-04-03,2025-04-03,24300.0,PE,NIFTY2540324300PE,0.0,0.0,0.0,1306.8,0.0,1306.8,22124.7,2033.95,0,0,0,0.0,0,F1,75,,,,,
2025-02-28,2025-02-28,FO,NSE,IDO,54857,,NIFTY,,2025-04-03,2025-04-03,24450.0,PE,NIFTY2540324450PE,0.0,0.0,0.0,1432.6,0.0,1432.6,22124.7,2181.2,0,0,0,0.0,0,F1,75,,,,,
2025-02-28,2025-02-28,FO,NSE,IDO,79228,,NIFTY,,2025-04-24,2025-04-24,20950.0,PE,NIFTY25APR20950PE,60.0,88.9,60.0,79.15,78.15,52.85,22124.7,79.15,4500,-1725,41,64633691.25,19,F1,75,,,,,
2025-02-28,2025-02-28,FO,NSE,IDO,79271,,NIFTY,,2025-04-24,2025-04-24,21850.0,PE,NIFTY25APR21850PE,194.75,261.75,187.2,243.15,241.5,144.65,22124.7,243.15,15375,15000,543,898488348.75,423,F1,75,,,,,
2025-02-28,2025-02-28,FO,NSE,IDO,79286,,NIFTY,,2025-04-24,2025-04-24,22000.0,PE,NIFTY25APR22000PE,200.2,301.4,200.2,285.9,284.95,174.75,22124.7,285.9,722625,133200,17926,29926795507.5,11801,F1,75,,,,,
2025-02-28,2025-02-28,FO,NSE,IDO,79435,,NIFTY,,2025-04-24,2025-04-24,23050.0,PE,NIFTY25APR23050PE,791.55,798.2,791.55,794.45,798.2,545.0,22124.7,794.45,975,-450,6,10729987.5,6,F1,75,,,,,
2025-02-28,2025-02-28,FO,NSE,IDO,79437,,NIFTY,,2025-04-24,2025-04-24,23100.0,PE,NIFTY25APR23100PE,698.35,859.55,698.35,826.55,832.15,563.65,22124.7,826.55,11325,-375,26,46635206.25,18,F1,75,,,,,
2025-02-28,2025-02-28,FO,NSE,IDO,79512,,NIFTY,,2025-04-24,2025-04-24,23750.0,PE,NIFTY25APR23750PE,1337.95,1337.95,1331.8,1332.15,1331.8,751.25,22124.7,1332.15,3225,300,7,13168556.25,7,F1,75,,,,,
2025-02-28,2025-02-28,FO,NSE,IDO,79611,,NIFTY,,2025-04-24,2025-04-24,24200.0,PE,NIFTY25APR24200PE,1833.0,1833.0,1753.9,1753.9,1753.9,1340.0,22124.7,1871.55,2475,-150,2,3899017.5,2,F1,75,,,,,
2025-02-28,2025-02-28,FO,NSE,IDO,79635,,NIFTY,,2025-04-24,2025-04-24,24350.0,PE,NIFTY25APR24350PE,1892.05,1893.5,1892.05,1892.85,1893.5,1128.5,22124.7,1892.85,225,225,3,5904633.75,3,F1,75,,,,,
2025-02-28,2025-02-28,FO,NSE,IDO,61350,,NIFTY,,2025-05-29,2025-05-29,20850.0,PE,NIFTY25MAY20850PE,0.0,0.0,0.0,92.3,0.0,92.3,22124.7,90.65,0,0,0,0.0,0,F1,75,,,,,
2025-02-28,2025-02-28,FO,NSE,IDO,61396,,NIFTY,,2025-05-29,2025-05-29,21500.0,PE,NIFTY25MAY21500PE,168.0,248.5,168.0,233.55,240.2,197.5,22124.7,233.55,63450,63450,1795,2924174898.75,779,F1,75,,,,,
2025-02-28,2025-02-28,FO,NSE,IDO,61502,,NIFTY,,2025-05-29,2025-05-29,22400.0,PE,NIFTY25MAY22400PE,0.0,0.0,0.0,463.45,0.0,463.45,22124.7,545.65,0,0,0,0.0,0,F1,75,,,,,
2025-02-28,2025-02-28,FO,NSE,IDO,61508,,NIFTY,,2025-05-29,2025-05-29,22550.0,PE,NIFTY25MAY22550PE,0.0,0.0,0.0,523.95,0.0,523.95,22124.7,621.15,0,0,0,0.0,0,F1,75,,,,,
2025-02-28,2025-02-28,FO,NSE,IDO,58639,,NIFTY,,2026-12-31,2026-12-31,17000.0,PE,NIFTY26DEC17000PE,0.0,0.0,0.0,97.05,97.05,97.05,22124.7,20.7,2850,0,0,0.0,0,F1,75,,,,,
2025-02-28,2025-02-28,FO,NSE,IDO,58643,,NIFTY,,2026-12-31,2026-12-31,19000.0,PE,NIFTY26DEC19000PE,325.0,325.0,270.0,314.0,314.0,296.0,22124.7,314.0,1650,-750,23,33273483.75,18,F1,75,,,,,
2025-02-28,2025-02-28,FO,NSE,IDO,53635,,NIFTY,,2027-12-30,2027-12-30,28000.0,PE,NIFTY27DEC28000PE,0.0,0.0,0.0,4251.0,0.0,4251.0,22124.7,2669.6,0,0,0,0.0,0,F1,75,,,,,
2025-02-28,2025-02-28,FO,NSE,IDO,38377,,NIFTY,,2025-12-24,2025-12-24,20000.0,PE,NIFTY25DEC20000PE,215.0,238.6,210.8,230.15,233.0,202.95,22124.7,230.15,306825,22650,1135,1721803218.75,800,F1,75,,,,,
2025-02-28,2025-02-28,FO,NSE,IDO,49174,,NIFTY,,2025-12-24,2025-12-24,15000.0,PE,NIFTY25DEC15000PE,0.0,0.0,0.0,20.05,20.05,20.05,22124.7,0.05,1900,0,0,0.0,0,F1,75,,,,,
2025-02-28,2025-02-28,FO,NSE,IDO,37797,,NIFTY,,2025-12-24,2025-12-24,13000.0,PE,NIFTY25DEC13000PE,19.7,20.0,19.7,20.0,20.0,19.85,22124.7,0.05,3050,200,6,5858955.0,4,F1,75,,,,,
2025-02-28,2025-02-28,FO,NSE,IDO,64695,,NIFTY,,2025-09-25,2025-09-25,25000.0,PE,NIFTY25SEP25000PE,1873.15,2140.0,1873.15,2099.3,2086.75,1786.15,22124.7,2099.3,26925,6300,130,263675186.25,86,F1,75,,,,,
2025-02-28,2025-02-28,FO,NSE,IDO,64689,,NIFTY,,2025-09-25,2025-09-25,22000.0,PE,NIFTY25SEP22000PE,452.0,578.9,440.0,519.9,515.45,410.6,22124.7,519.9,81975,19275,919,1550025648.75,645,F1,75,,,,,
2025-02-28,2025-02-28,FO,NSE,IDO,89635,,NIFTY,,2029-06-28,2029-06-28,26000.0,PE,NIFTY29JUN26000PE,0.0,0.0,0.0,1391.75,1391.75,1391.75,22124.7,1268.85,25,0,0,0.0,0,F1,75,,,,,
2025-02-28,2025-02-28,FO,NSE,IDO,54641,,NIFTY,,2025-04-03,2025-04-03,23000.0,PE,NIFTY2540323000PE,580.0,775.0,580.0,775.0,775.0,495.85,22124.7,846.45,1575,525,7,12439950.0,7,F1,75,,,,,
2025-02-28,2025-02-28,FO,NSE,IDO,37794,,NIFTY,,2025-06-26,2025-06-26,23000.0,PE,NIFTY25JUN23000PE,655.45,853.7,644.0,834.15,833.9,634.15,22124.7,834.15,1398700,28250,10247,18287421626.25,7457,F1,75,,,,,
2025-02-28,2025-02-28,FO,NSE,IDO,39986,,NIFTY,,2025-06-26,2025-06-26,19000.0,PE,NIFTY25JUN19000PE,34.9,40.95,26.35,39.2,39.0,34.15,22124.7,39.2,919600,-100,945,1349262573.75,392,F1,75,,,,,
2025-02-28,2025-02-28,FO,NSE,IDO,55120,,NIFTY,,2025-06-26,2025-06-26,18000.0,PE,NIFTY25JUN18000PE,20.5,22.7,18.85,21.95,21.0,18.35,22124.7,21.95,96925,3525,256,345997710.0,130,F1,75,,,,,
2025-02-28,2025-02-28,FO,NSE,IDO,61662,,NIFTY,,2025-05-29,2025-05-29,23950.0,PE,NIFTY25MAY23950PE,0.0,0.0,0.0,1318.5,0.0,1318.5,22124.7,1582.8,0,0,0,0.0,0,F1,75,,,,,
2025-02-28,2025-02-28,FO,NSE,IDO,61558,,NIFTY,,2025-05-29,2025-05-29,23800.0,PE,NIFTY25MAY23800PE,0.0,0.0,0.0,1214.65,0.0,1214.65,22124.7,1460.9,0,0,0,0.0,0,F1,75,,,,,
2025-02-28,2025-02-28,FO,NSE,IDO,61528,,NIFTY,,2025-05-29,2025-05-29,23050.0,PE,NIFTY25MAY23050PE,0.0,0.0,0.0,760.7,0.0,760.7,22124.7,914.4,0,0,0,0.0,0,F1,75,,,,,
2025-02-28,2025-02-28,FO,NSE,IDO,61512,,NIFTY,,2025-05-29,2025-05-29,22650.0,PE,NIFTY25MAY22650PE,0.0,0.0,0.0,566.95,0.0,566.95,22124.7,674.7,0,0,0,0.0,0,F1,75,,,,,
2025-02-28,2025-02-28,FO,NSE,IDO,68452,,NIFTY,,2025-03-06,2025-03-06,22650.0,CE,NIFTY2530622650CE,84.2,84.2,13.7,15.6,14.5,115.9,22124.7,15.6,3341475,2486775,713863,1213974362636.25,265408,F1,75,,,,,
2025-02-28,2025-02-28,FO,NSE,IDO,68623,,NIFTY,,2025-03-06,2025-03-06,24600.0,CE,NIFTY2530624600CE,1.1,1.4,0.95,1.1,1.05,1.1,22124.7,1.1,470700,351525,46231,85300113963.75,8148,F1,75,,,,,
2025-02-28,2025-02-28,FO,NSE,IDO,68666,,NIFTY,,2025-03-06,2025-03-06,25150.0,CE,NIFTY2530625150CE,1.05,1.25,0.9,1.0,1.05,1.05,22124.7,1.0,45525,41850,7813,14737882252.5,1800,F1,75,,,,,
2025-02-28,2025-02-28,FO,NSE,IDO,45410,,NIFTY,,2025-03-13,2025-03-13,21400.0,CE,NIFTY2531321400CE,835.0,835.0,818.0,818.0,818.0,1508.25,22124.7,793.85,225,150,2,3333975.0,2,F1,75,,,,,
2025-02-28,2025-02-28,FO,NSE,IDO,45484,,NIFTY,,2025-03-13,2025-03-13,22900.0,CE,NIFTY2531322900CE,62.05,62.4,20.25,22.8,21.7,87.45,22124.7,22.8,365250,50250,43175,74255065383.75,26148,F1,75,,,,,
2025-02-28,2025-02-28,FO,NSE,IDO,45486,,NIFTY,,2025-03-13,2025-03-13,22950.0,CE,NIFTY2531322950CE,43.85,43.9,17.45,19.35,18.0,74.0,22124.7,19.35,51900,18150,8192,14116524825.0,5619,F1,75,,,,,
2025-02-28,2025-02-28,FO,NSE,IDO,45536,,NIFTY,,2025-03-13,2025-03-13,23650.0,CE,NIFTY2531323650CE,4.0,4.05,2.9,3.85,3.65,4.0,22124.7,3.85,29100,-18975,2828,5016929418.75,1558,F1,75,,,,,
2025-02-28,2025-02-28,FO,NSE,IDO,45621,,NIFTY,,2025-03-13,2025-03-13,24850.0,CE,NIFTY2531324850CE,1.95,2.55,1.9,2.1,1.9,2.4,22124.7,2.1,4800,-1125,34,63372810.0,24,F1,75,,,,,
2025-02-28,2025-02-28,FO,NSE,IDO,45638,,NIFTY,,2025-03-13,2025-03-13,25000.0,CE,NIFTY2531325000CE,2.25,2.25,1.7,2.0,1.85,2.2,22124.7,2.0,165075,49275,1768,3315269133.75,659,F1,75,,,,,
2025-02-28,2025-02-28,FO,NSE,IDO,50091,,NIFTY,,2025-03-20,2025-03-20,21000.0,CE,NIFTY2532021000CE,1267.65,1267.65,1267.65,1267.65,1267.65,2185.35,22124.7,1267.65,75,75,1,1670073.75,1,F1,75,,,,,
2025-02-28,2025-02-28,FO,NSE,IDO,50095,,NIFTY,,2025-03-20,2025-03-20,21100.0,CE,NIFTY2532021100CE,1154.3,1154.3,1154.3,1154.3,1154.3,2088.8,22124.7,1154.3,75,75,1,1669072.5,1,F1,75,,,,,
2025-02-28,2025-02-28,FO,NSE,IDO,50101,,NIFTY,,2025-03-20,2025-03-20,21150.0,CE,NIFTY2532021150CE,1113.9,1113.9,1113.9,1113.9,1113.9,2040.8,22124.7,1113.9,75,75,1,1669792.5,1,F1,75,,,,,
2025-02-28,2025-02-28,FO,NSE,IDO,50103,,NIFTY,,2025-03-20,2025-03-20,21200.0,CE,NIFTY2532021200CE,1080.6,1080.6,1080.1,1080.35,1080.1,1992.95,22124.7,1080.35,150,150,2,3342052.5,2,F1,75,,,,,
2025-02-28,2025-02-28,FO,NSE,IDO,50109,,NIFTY,,2025-03-20,2025-03-20,21250.0,CE,NIFTY2532021250CE,1032.45,1032.45,1032.45,1032.45,1032.45,1945.25,22124.7,1032.45,75,75,1,1671183.75,1,F1,75,,,,,
2025-02-28,2025-02-28,FO,NSE,IDO,50115,,NIFTY,,2025-03-20,2025-03-20,21350.0,CE,NIFTY2532021350CE,938.6,938.6,938.6,938.6,938.6,1850.6,22124.7,938.6,75,75,1,1671645.0,1,F1,75,,,,,
2025-02-28,2025-02-28,FO,NSE,IDO,50139,,NIFTY,,2025-03-20,2025-03-20,21850.0,CE,NIFTY2532021850CE,524.1,524.1,523.35,523.75,523.35,1395.25,22124.7,523.75,150,150,2,3356058.75,2,F1,75,,,,,
2025-02-28,2025-02-28,FO,NSE,IDO,50165,,NIFTY,,2025-03-20,2025-03-20,22250.0,CE,NIFTY2532022250CE,266.25,269.9,262.2,265.7,264.65,1062.95,22124.7,265.7,3300,3300,54,91188618.75,24,F1,75,,,,,
2025-02-28,2025-02-28,FO,NSE,IDO,50241,,NIFTY,,2025-03-20,2025-03-20,23450.0,CE,NIFTY2532023450CE,18.4,18.6,11.75,12.05,11.95,343.75,22124.7,12.05,1275,1275,85,149586318.75,29,F1,75,,,,,
2025-02-28,2025-02-28,FO,NSE,IDO,50259,,NIFTY,,2025-03-20,2025-03-20,23800.0,CE,NIFTY2532023800CE,7.0,9.05,6.1,7.35,7.1,10.25,22124.7,7.35,20625,-1875,383,683874802.5,150,F1,75,,,,,
2025-02-28,2025-02-28,FO,NSE,IDO,50261,,NIFTY,,2025-03-20,2025-03-20,23850.0,CE,NIFTY2532023850CE,14.0,14.0,5.5,6.45,6.45,30.65,22124.7,6.45,900,825,15,26839162.5,6,F1,75,,,,,
2025-02-28,2025-02-28,FO,NSE,IDO,50296,,NIFTY,,2025-03-20,2025-03-20,24400.0,CE,NIFTY2532024400CE,4.0,5.1,2.9,4.95,4.65,4.0,22124.7,4.95,3975,750,42,76873308.75,18,F1,75,,,,,
2025-02-28,2025-02-28,FO,NSE,IDO,46880,,NIFTY,,2025-03-27,2025-03-27,21500.0,CE,NIFTY25MAR21500CE,1085.8,1085.8,822.0,861.05,851.55,1213.95,22124.7,861.05,769050,232875,6643,11167320888.75,2985,F1,75,,,,,
2025-02-28,2025-02-28,FO,NSE,IDO,46918,,NIFTY,,2025-03-27,2025-03-27,21800.0,CE,NIFTY25MAR21800CE,814.05,814.1,588.45,620.8,612.5,945.85,22124.7,620.8,64275,40725,1640,2761966023.75,1161,F1,75,,,,,
2025-02-28,2025-02-28,FO,NSE,IDO,46997,,NIFTY,,2025-03-27,2025-03-27,22500.0,CE,NIFTY25MAR22500CE,352.0,360.0,195.25,211.75,209.95,420.6,22124.7,211.75,3876450,1312125,100726,171813967327.5,57605,F1,75,,,,,
2025-02-28,2025-02-28,FO,NSE,IDO,64564,,NIFTY,,2025-03-27,2025-03-27,23000.0,CE,NIFTY25MAR23000CE,139.85,139.85,64.05,68.65,66.15,169.35,22124.7,68.65,5009075,1100375,137078,237344715000.0,62077,F1,75,,,,,
2025-02-28,2025-02-28,FO,NSE,IDO,54819,,NIFTY,,2025-03-27,2025-03-27,24150.0,CE,NIFTY25MAR24150CE,9.15,9.35,7.2,8.8,8.75,9.25,22124.7,8.8,35550,-4650,679,1230267585.0,405,F1,75,,,,,
2025-02-28,2025-02-28,FO,NSE,IDO,55102,,NIFTY,,2025-03-27,2025-03-27,24250.0,CE,NIFTY25MAR24250CE,6.45,8.6,6.15,7.9,7.7,8.6,22124.7,7.9,42150,-375,813,1479093333.75,392,F1,75,,,,,
2025-02-28,2025-02-28,FO,NSE,IDO,56526,,NIFTY,,2025-03-27,2025-03-27,24550.0,CE,NIFTY25MAR24550CE,6.2,6.9,4.6,6.55,6.5,5.65,22124.7,6.55,16050,-5850,386,710893916.25,225,F1,75,,,,,
2025-02-28,2025-02-28,FO,NSE,IDO,64570,,NIFTY,,2025-03-27,2025-03-27,25000.0,CE,NIFTY25MAR25000CE,5.0,5.7,3.8,5.55,5.3,4.7,22124.7,5.55,3234325,-97950,24254,45485159520.0,8448,F1,75,,,,,
2025-02-28,2025-02-28,FO,NSE,IDO,56888,,NIFTY,,2025-03-27,2025-03-27,25600.0,CE,NIFTY25MAR25600CE,4.05,4.65,3.35,4.05,4.05,4.05,22124.7,0.05,12075,-975,60,115217782.5,24,F1,75,,,,,
2025-02-28,2025-02-28,FO,NSE,IDO,54518,,NIFTY,,2025-04-03,2025-04-03,21000.0,CE,NIFTY2540321000CE,0.0,0.0,0.0,2104.35,0.0,2104.35,22124.7,1281.85,0,0,0,0.0,0,F1,75,,,,,
2025-02-28,2025-02-28,FO,NSE,IDO,54570,,NIFTY,,2025-04-03,2025-04-03,21800.0,CE,NIFTY2540321800CE,660.15,660.15,660.15,660.15,660.15,1379.55,22124.7,630.25,75,75,1,1684511.25,1,F1,75,,,,,
2025-02-28,2025-02-28,FO,NSE,IDO,54642,,NIFTY,,2025-04-03,2025-04-03,23050.0,CE,NIFTY2540323050CE,130.05,138.1,130.05,138.1,138.1,520.2,22124.7,100.15,75,75,2,3477611.25,2,F1,75,,,,,
2025-02-28,2025-02-28,FO,NSE,IDO,54665,,NIFTY,,2025-04-03,2025-04-03,23200.0,CE,NIFTY2540323200CE,0.0,0.0,0.0,448.4,0.0,448.4,22124.7,74.8,0,0,0,0.0,0,F1,75,,,,,
2025-02-28,2025-02-28,FO,NSE,IDO,54667,,NIFTY,,2025-04-03,2025-04-03,23250.0,CE,NIFTY2540323250CE,0.0,0.0,0.0,426.05,0.0,426.05,22124.7,67.65,0,0,0,0.0,0,F1,75,,,,,
2025-02-28,2025-02-28,FO,NSE,IDO,54841,,NIFTY,,2025-04-03,2025-04-03,24200.0,CE,NIFTY2540324200CE,0.0,0.0,0.0,137.5,0.0,137.5,22124.7,7.05,0,0,0,0.0,0,F1,75,,,,,
2025-02-28,2025-02-28,FO,NSE,IDO,54854,,NIFTY,,2025-04-03,2025-04-03,24450.0,CE,NIFTY2540324450CE,0.0,0.0,0.0,96.9,0.0,96.9,22124.7,3.45,0,0,0,0.0,0,F1,75,,,,,
2025-02-28,2025-02-28,FO,NSE,IDO,79225,,NIFTY,,2025-04-24,2025-04-24,20900.0,CE,NIFTY25APR20900CE,1593.1,1593.1,1592.3,1592.7,1592.3,2737.45,22124.7,1592.7,150,150,2,3373905.0,2,F1,75,,,,,
2025-02-28,2025-02-28,FO,NSE,IDO,79231,,NIFTY,,2025-04-24,2025-04-24,21050.0,CE,NIFTY25APR21050CE,1461.3,1461.3,1460.5,1460.9,1460.5,2599.7,22124.7,1460.9,150,150,2,3376635.0,2,F1,75,,,,,
2025-02-28,2025-02-28,FO,NSE,IDO,79253,,NIFTY,,2025-04-24,2025-04-24,21450.0,CE,NIFTY25APR21450CE,1128.65,1129.65,1128.65,1129.15,1128.9,2242.1,22124.7,1129.15,300,300,4,6773745.0,4,F1,75,,,,,
2025-02-28,2025-02-28,FO,NSE,IDO,79287,,NIFTY,,2025-04-24,2025-04-24,22050.0,CE,NIFTY25APR22050CE,644.5,693.35,644.5,681.95,682.7,1741.0,22124.7,681.95,975,975,35,59656376.25,35,F1,75,,,,,
2025-02-28,2025-02-28,FO,NSE,IDO,79291,,NIFTY,,2025-04-24,2025-04-24,22100.0,CE,NIFTY25APR22100CE,800.0,800.0,622.0,644.6,630.5,911.55,22124.7,644.6,11175,10725,306,522157841.25,283,F1,75,,,,,
2025-02-28,2025-02-28,FO,NSE,IDO,79390,,NIFTY,,2025-04-24,2025-04-24,22450.0,CE,NIFTY25APR22450CE,500.0,500.0,430.6,439.3,434.0,682.65,22124.7,439.3,3750,3600,65,111598608.75,55,F1,75,,,,,
2025-02-28,2025-02-28,FO,NSE,IDO,79400,,NIFTY,,2025-04-24,2025-04-24,22650.0,CE,NIFTY25APR22650CE,405.0,405.0,326.2,342.4,342.25,619.35,22124.7,342.4,35325,34725,539,930519277.5,445,F1,75,,,,,
2025-02-28,2025-02-28,FO,NSE,IDO,79411,,NIFTY,,2025-04-24,2025-04-24,22800.0,CE,NIFTY25APR22800CE,385.2,394.25,264.15,278.3,272.75,465.2,22124.7,278.3,121650,43575,4550,7890812171.25,2874,F1,75,,,,,
2025-02-28,2025-02-28,FO,NSE,IDO,79415,,NIFTY,,2025-04-24,2025-04-24,22850.0,CE,NIFTY25APR22850CE,364.65,365.2,245.2,256.3,254.2,441.3,22124.7,256.3,9150,-1425,173,300075341.25,106,F1,75,,,,,
2025-02-28,2025-02-28,FO,NSE,IDO,79644,,NIFTY,,2025-04-24,2025-04-24,24600.0,CE,NIFTY25APR24600CE,23.0,23.0,16.15,17.2,17.6,22.0,22124.7,17.2,10500,-1275,157,289875682.5,68,F1,75,,,,,
2025-02-28,2025-02-28,FO,NSE,IDO,79674,,NIFTY,,2025-04-24,2025-04-24,24800.0,CE,NIFTY25APR24800CE,17.6,18.55,13.55,14.65,14.5,18.2,22124.7,14.65,26925,750,336,625361036.25,172,F1,75,,,,,
2025-02-28,2025-02-28,FO,NSE,IDO,61401,,NIFTY,,2025-05-29,2025-05-29,21650.0,CE,NIFTY25MAY21650CE,0.0,0.0,0.0,1509.75,0.0,1509.75,22124.7,1075.15,0,0,0,0.0,0,F1,75,,,,,
2025-02-28,2025-02-28,FO,NSE,IDO,61529,,NIFTY,,2025-05-29,2025-05-29,23100.0,CE,NIFTY25MAY23100CE,0.0,0.0,0.0,641.65,0.0,641.65,22124.7,339.1,0,0,0,0.0,0,F1,75,,,,,
2025-02-28,2025-02-28,FO,NSE,IDO,61537,,NIFTY,,2025-05-29,2025-05-29,23300.0,CE,NIFTY25MAY23300CE,0.0,0.0,0.0,557.1,0.0,557.1,22124.7,278.8,0,0,0,0.0,0,F1,75,,,,,
2025-02-28,2025-02-28,FO,NSE,IDO,61541,,NIFTY,,2025-05-29,2025-05-29,23400.0,CE,NIFTY25MAY23400CE,0.0,0.0,0.0,518.0,0.0,518.0,22124.7,251.9,0,0,0,0.0,0,F1,75,,,,,
2025-02-28,2025-02-28,FO,NSE,IDO,61553,,NIFTY,,2025-05-29,2025-05-29,23700.0,CE,NIFTY25MAY23700CE,0.0,0.0,0.0,412.6,0.0,412.6,22124.7,183.25,0,0,0,0.0,0,F1,75,,,,,
2025-02-28,2025-02-28,FO,NSE,IDO,61559,,NIFTY,,2025-05-29,2025-05-29,23850.0,CE,NIFTY25MAY23850CE,0.0,0.0,0.0,366.4,0.0,366.4,22124.7,155.05,0,0,0,0.0,0,F1,75,,,,,
2025-02-28,2025-02-28,FO,NSE,IDO,61671,,NIFTY,,2025-05-29,2025-05-29,24200.0,CE,NIFTY25MAY24200CE,0.0,0.0,0.0,275.25,0.0,275.25,22124.7,102.9,0,0,0,0.0,0,F1,75,,,,,
2025-02-28,2025-02-28,FO,NSE,IDO,64682,,NIFTY,,2025-09-25,2025-09-25,19000.0,CE,NIFTY25SEP19000CE,0.0,0.0,0.0,8559.0,0.0,8559.0,22124.7,3843.1,0,0,0,0.0,0,F1,75,,,,,
2025-02-28,2025-02-28,FO,NSE,IDO,64696,,NIFTY,,2025-09-25,2025-09-25,26000.0,CE,NIFTY25SEP26000CE,124.0,124.0,99.9,102.05,100.0,142.9,22124.7,102.05,21225,9150,458,896787652.5,362,F1,75,,,,,
2025-02-28,2025-02-28,FO,NSE,IDO,37795,,NIFTY,,2025-12-24,2025-12-24,23000.0,CE,NIFTY25DEC23000CE,1406.05,1423.7,1255.0,1279.65,1275.75,1510.8,22124.7,1279.65,249200,12100,793,1446098482.5,687,F1,75,,,,,
2025-02-28,2025-02-28,FO,NSE,IDO,50971,,NIFTY,,2025-12-24,2025-12-24,27000.0,CE,NIFTY25DEC27000CE,173.5,173.5,146.5,150.25,146.5,185.5,22124.7,150.25,440000,1950,857,1745689777.5,588,F1,75,,,,,
2025-02-28,2025-02-28,FO,NSE,IDO,71474,,NIFTY,,2026-06-25,2026-06-25,25000.0,CE,NIFTY26JUN25000CE,0.0,0.0,0.0,1510.4,0.0,1510.4,22124.7,1009.6,0,0,0,0.0,0,F1,75,,,,,
2025-02-28,2025-02-28,FO,NSE,IDO,71476,,NIFTY,,2026-06-25,2026-06-25,26000.0,CE,NIFTY26JUN26000CE,921.0,921.0,921.0,921.0,921.0,921.0,22124.7,706.9,1000,0,2,4038150.0,2,F1,75,,,,,
2025-02-28,2025-02-28,FO,NSE,IDO,50545,,NIFTY,,2026-06-25,2026-06-25,28000.0,CE,NIFTY26JUN28000CE,0.0,0.0,0.0,1533.95,0.0,1533.95,22124.7,320.5,0,0,0,0.0,0,F1,75,,,,,
2025-02-28,2025-02-28,FO,NSE,IDO,58642,,NIFTY,,2026-12-31,2026-12-31,19000.0,CE,NIFTY26DEC19000CE,0.0,0.0,0.0,8600.0,8600.0,8600.0,22124.7,5367.5,125,0,0,0.0,0,F1,75,,,,,
2025-02-28,2025-02-28,FO,NSE,IDO,58648,,NIFTY,,2026-12-31,2026-12-31,22000.0,CE,NIFTY26DEC22000CE,0.0,0.0,0.0,3039.0,0.0,3039.0,22124.7,3149.2,0,0,0,0.0,0,F1,75,,,,,
2025-02-28,2025-02-28,FO,NSE,IDO,50549,,NIFTY,,2027-06-24,2027-06-24,28000.0,CE,NIFTY27JUN28000CE,0.0,0.0,0.0,2186.3,0.0,2186.3,22124.7,1054.15,0,0,0,0.0,0,F1,75,,,,,
2025-02-28,2025-02-28,FO,NSE,IDO,53607,,NIFTY,,2027-12-30,2027-12-30,20000.0,CE,NIFTY27DEC20000CE,0.0,0.0,0.0,5333.85,0.0,5333.85,22124.7,5701.6,0,0,0,0.0,0,F1,75,,,,,
2025-02-28,2025-02-28,FO,NSE,IDO,53628,,NIFTY,,2027-12-30,2027-12-30,26000.0,CE,NIFTY27DEC26000CE,0.0,0.0,0.0,3162.4,0.0,3162.4,22124.7,2222.5,0,0,0,0.0,0,F1,75,,,,,
2025-02-28,2025-02-28,FO,NSE,IDO,86163,,NIFTY,,2028-06-29,2028-06-29,27000.0,CE,NIFTY28JUN27000CE,0.0,0.0,0.0,2885.15,0.0,2885.15,22124.7,2330.45,0,0,0,0.0,0,F1,75,,,,,
2025-02-28,2025-02-28,FO,NSE,IDO,67782,,NIFTY,,2028-12-28,2028-12-28,24000.0,CE,NIFTY28DEC24000CE,0.0,0.0,0.0,5850.3,0.0,5850.3,22124.7,4254.35,0,0,0,0.0,0,F1,75,,,,,
2025-02-28,2025-02-28,FO,NSE,IDO,68363,,NIFTY,,2025-03-06,2025-03-06,20800.0,PE,NIFTY2530620800PE,1.6,2.9,1.25,1.55,1.8,1.7,22124.7,1.55,8225475,3718875,821148,1281100966402.5,138061,F1,75,,,,,
2025-02-28,2025-02-28,FO,NSE,IDO,68371,,NIFTY,,2025-03-06,2025-03-06,21000.0,PE,NIFTY2530621000PE,2.2,3.75,1.9,2.9,3.2,2.1,22124.7,2.9,6814350,3094050,594967,937195248412.5,140352,F1,75,,,,,
2025-02-28,2025-02-28,FO,NSE,IDO,68406,,NIFTY,,2025-03-06,2025-03-06,21750.0,PE,NIFTY2530621750PE,10.0,34.9,7.5,27.9,28.0,6.4,22124.7,27.9,1304400,720750,498835,814535123583.75,189882,F1,75,,,,,
2025-02-28,2025-02-28,FO,NSE,IDO,68424,,NIFTY,,2025-03-06,2025-03-06,22150.0,PE,NIFTY2530622150PE,52.0,154.25,44.35,130.85,131.1,27.15,22124.7,130.85,1860225,1454550,1286124,2146984361906.25,759776,F1,75,,,,,
2025-02-28,2025-02-28,FO,NSE,IDO,68473,,NIFTY,,2025-03-06,2025-03-06,23100.0,PE,NIFTY2530623100PE,625.05,950.15,625.05,916.75,920.95,505.35,22124.7,916.75,216825,-13350,1617,2902748040.0,1013,F1,75,,,,,
2025-02-28,2025-02-28,FO,NSE,IDO,68577,,NIFTY,,2025-03-06,2025-03-06,23550.0,PE,NIFTY2530623550PE,0.0,0.0,0.0,619.85,619.85,619.85,22124.7,1400.15,225,0,0,0.0,0,F1,75,,,,,
2025-02-28,2025-02-28,FO,NSE,IDO,68583,,NIFTY,,2025-03-06,2025-03-06,23700.0,PE,NIFTY2530623700PE,1365.0,1551.95,1353.3,1515.6,1511.2,1095.3,22124.7,1515.6,64725,-1200,51,96116778.75,46,F1,75,,,,,
2025-02-28,2025-02-28,FO,NSE,IDO,68591,,NIFTY,,2025-03-06,2025-03-06,23900.0,PE,NIFTY2530623900PE,1580.0,1623.0,1545.0,1623.0,1623.0,1303.95,22124.7,1749.8,20475,-825,17,32492002.5,16,F1,75,,,,,
2025-02-28,2025-02-28,FO,NSE,IDO,68630,,NIFTY,,2025-03-06,2025-03-06,24700.0,PE,NIFTY2530624700PE,2238.8,2410.0,2200.0,2410.0,2410.0,2093.4,22124.7,2548.9,8325,375,30,60723502.5,26,F1,75,,,,,
2025-02-28,2025-02-28,FO,NSE,IDO,68655,,NIFTY,,2025-03-06,2025-03-06,25000.0,PE,NIFTY2530625000PE,2600.0,2824.0,2592.1,2810.0,2810.0,2389.8,22124.7,2810.0,68550,-525,63,130973343.75,39,F1,75,,,,,
2025-02-28,2025-02-28,FO,NSE,IDO,68657,,NIFTY,,2025-03-06,2025-03-06,25050.0,PE,NIFTY2530625050PE,0.0,0.0,0.0,2159.9,2159.9,2159.9,22124.7,2898.55,300,0,0,0.0,0,F1,75,,,,,
2025-02-28,2025-02-28,FO,NSE,IDO,45387,,NIFTY,,2025-03-13,2025-03-13,20900.0,PE,NIFTY2531320900PE,5.0,9.3,4.15,8.25,8.05,4.7,22124.7,8.25,69525,65325,4674,7328988626.25,2886,F1,75,,,,,
2025-02-28,2025-02-28,FO,NSE,IDO,45420,,NIFTY,,2025-03-13,2025-03-13,21600.0,PE,NIFTY2531321600PE,20.0,53.7,20.0,46.8,47.5,14.25,22124.7,46.8,226500,131325,17794,28878042146.25,10690,F1,75,,,,,
2025-02-28,2025-02-28,FO,NSE,IDO,45427,,NIFTY,,2025-03-13,2025-03-13,21700.0,PE,NIFTY2531321700PE,30.0,70.2,27.9,61.2,60.8,18.7,22124.7,61.2,238050,116775,28710,46831553565.0,16993,F1,75,,,,,
2025-02-28,2025-02-28,FO,NSE,IDO,45477,,NIFTY,,2025-03-13,2025-03-13,22700.0,PE,NIFTY2531322700PE,352.3,563.05,343.8,524.85,526.6,244.8,22124.7,524.85,129225,-29100,6475,11242031103.75,3968,F1,75,,,,,
2025-02-28,2025-02-28,FO,NSE,IDO,45489,,NIFTY,,2025-03-13,2025-03-13,23000.0,PE,NIFTY2531323000PE,520.0,839.35,505.7,791.45,800.1,433.45,22124.7,791.45,67500,-46500,2181,3875862817.5,1027,F1,75,,,,,
2025-02-28,2025-02-28,FO,NSE,IDO,45606,,NIFTY,,2025-03-13,2025-03-13,24500.0,PE,NIFTY2531324500PE,2070.0,2295.9,2070.0,2266.3,2266.5,1858.65,22124.7,2266.3,4200,900,14,28025235.0,13,F1,75,,,,,
2025-02-28,2025-02-28,FO,NSE,IDO,45618,,NIFTY,,2025-03-13,2025-03-13,24750.0,PE,NIFTY2531324750PE,2515.45,2515.45,2515.45,2515.45,2515.45,1835.45,22124.7,2515.45,150,75,1,2044908.75,1,F1,75,,,,,
2025-02-28,2025-02-28,FO,NSE,IDO,50130,,NIFTY,,2025-03-20,2025-03-20,21600.0,PE,NIFTY2532021600PE,43.75,83.8,43.75,76.9,77.0,38.8,22124.7,76.9,10500,10500,283,459940758.75,143,F1,75,,,,,
2025-02-28,2025-02-28,FO,NSE,IDO,50156,,NIFTY,,2025-03-20,2025-03-20,22100.0,PE,NIFTY2532022100PE,134.4,224.8,130.0,206.15,207.05,90.7,22124.7,206.15,16275,10275,669,1118091776.25,508,F1,75,,,,,
2025-02-28,2025-02-28,FO,NSE,IDO,50164,,NIFTY,,2025-03-20,2025-03-20,22200.0,PE,NIFTY2532022200PE,170.0,268.95,157.45,248.35,248.45,112.6,22124.7,248.35,38925,32400,1696,2852323762.5,1125,F1,75,,,,,
2025-02-28,2025-02-28,FO,NSE,IDO,50206,,NIFTY,,2025-03-20,2025-03-20,22750.0,PE,NIFTY2532022750PE,410.0,600.0,410.0,568.4,568.4,328.8,22124.7,568.4,900,825,13,22725495.0,10,F1,75,,,,,
2025-02-28,2025-02-28,FO,NSE,IDO,50222,,NIFTY,,2025-03-20,2025-03-20,22950.0,PE,NIFTY2532022950PE,737.8,737.8,737.1,737.45,737.1,447.65,22124.7,737.45,525,-75,2,3553117.5,2,F1,75,,,,,
2025-02-28,2025-02-28,FO,NSE,IDO,50230,,NIFTY,,2025-03-20,2025-03-20,23150.0,PE,NIFTY2532023150PE,916.8,916.8,915.7,916.25,915.7,438.3,22124.7,916.25,150,150,2,3609937.5,2,F1,75,,,,,
2025-02-28,2025-02-28,FO,NSE,IDO,50240,,NIFTY,,2025-03-20,2025-03-20,23400.0,PE,NIFTY2532023400PE,1153.85,1153.85,1153.8,1153.85,1153.8,571.95,22124.7,1153.85,150,150,2,3683073.75,2,F1,75,,,,,
2025-02-28,2025-02-28,FO,NSE,IDO,50274,,NIFTY,,2025-03-20,2025-03-20,23950.0,PE,NIFTY2532023950PE,1696.45,1696.45,1696.45,1696.45,1696.45,937.9,22124.7,1696.45,75,75,1,1923483.75,1,F1,75,,,,,
2025-02-28,2025-02-28,FO,NSE,IDO,50310,,NIFTY,,2025-03-20,2025-03-20,24650.0,PE,NIFTY2532024650PE,2390.0,2390.0,2390.0,2390.0,2390.0,1512.9,22124.7,2390.0,75,75,1,2028000.0,1,F1,75,,,,,
2025-02-28,2025-02-28,FO,NSE,IDO,46815,,NIFTY,,2025-03-27,2025-03-27,20800.0,PE,NIFTY25MAR20800PE,15.85,26.7,14.0,24.3,23.9,12.25,22124.7,24.3,384450,300750,17574,27443549700.0,9053,F1,75,,,,,
2025-02-28,2025-02-28,FO,NSE,IDO,46975,,NIFTY,,2025-03-27,2025-03-27,22150.0,PE,NIFTY25MAR22150PE,197.95,282.8,174.65,260.55,260.6,132.45,22124.7,260.55,114450,54900,5321,8933779590.0,3621,F1,75,,,,,
2025-02-28,2025-02-28,FO,NSE,IDO,46985,,NIFTY,,2025-03-27,2025-03-27,22250.0,PE,NIFTY25MAR22250PE,224.35,328.05,206.5,303.15,300.15,157.15,22124.7,303.15,189150,132150,9321,15739810016.25,6336,F1,75,,,,,
2025-02-28,2025-02-28,FO,NSE,IDO,46989,,NIFTY,,2025-03-27,2025-03-27,22350.0,PE,NIFTY25MAR22350PE,251.95,379.85,242.85,349.55,349.5,185.7,22124.7,349.55,91950,36900,4621,7848999678.75,3109,F1,75,,,,,
2025-02-28,2025-02-28,FO,NSE,IDO,48212,,NIFTY,,2025-03-27,2025-03-27,22850.0,PE,NIFTY25MAR22850PE,446.8,700.3,446.8,663.95,667.9,397.55,22124.7,663.95,58575,-31725,1143,2009577922.5,778,F1,75,,,,,
2025-02-28,2025-02-28,FO,NSE,IDO,51478,,NIFTY,,2025-03-27,2025-03-27,23700.0,PE,NIFTY25MAR23700PE,1200.0,1442.1,1192.3,1421.85,1425.3,1031.85,22124.7,1421.85,249075,-13125,669,1255277175.0,460,F1,75,,,,,
2025-02-28,2025-02-28,FO,NSE,IDO,64567,,NIFTY,,2025-03-27,2025-03-27,24000.0,PE,NIFTY25MAR24000PE,1450.95,1764.55,1450.95,1712.85,1719.0,1314.9,22124.7,1712.85,1787700,-64700,5214,10028360925.0,3959,F1,75,,,,,
2025-02-28,2025-02-28,FO,NSE,IDO,55200,,NIFTY,,2025-03-27,2025-03-27,24350.0,PE,NIFTY25MAR24350PE,1873.5,2178.95,1873.5,2112.15,2045.3,1650.0,22124.7,2112.15,14475,75,98,193300710.0,9,F1,75,,,,,
2025-02-28,2025-02-28,FO,NSE,IDO,55657,,NIFTY,,2025-03-27,2025-03-27,24500.0,PE,NIFTY25MAR24500PE,1976.95,2250.9,1967.8,2208.85,2204.5,1799.25,22124.7,2208.85,970875,-14850,474,946209067.5,239,F1,75,,,,,
2025-02-28,2025-02-28,FO,NSE,IDO,56527,,NIFTY,,2025-03-27,2025-03-27,24550.0,PE,NIFTY25MAR24550PE,2250.25,2250.25,2248.9,2249.7,2248.9,1804.25,22124.7,2249.7,450,225,3,6029925.0,3,F1,75,,,,,
2025-02-28,2025-02-28,FO,NSE,IDO,54533,,NIFTY,,2025-04-03,2025-04-03,21100.0,PE,NIFTY2540321100PE,0.0,0.0,0.0,30.0,30.0,30.0,22124.7,39.2,75,0,0,0.0,0,F1,75,,,,,
2025-02-28,2025-02-28,FO,NSE,IDO,54559,,NIFTY,,2025-04-03,2025-04-03,21500.0,PE,NIFTY2540321500PE,95.35,121.1,75.85,109.9,109.2,54.85,22124.7,109.9,16575,15450,442,716362676.25,305,F1,75,,,,,
2025-02-28,2025-02-28,FO,NSE,IDO,54567,,NIFTY,,2025-04-03,2025-04-03,21700.0,PE,NIFTY2540321700PE,0.0,0.0,0.0,73.35,0.0,73.35,22124.7,144.9,0,0,0,0.0,0,F1,75,,,,,
2025-02-28,2025-02-28,FO,NSE,IDO,54622,,NIFTY,,2025-04-03,2025-04-03,22600.0,PE,NIFTY2540322600PE,437.55,532.1,416.55,520.0,520.0,297.45,22124.7,557.45,4125,1425,35,60480562.5,9,F1,75,,,,,
2025-02-28,2025-02-28,FO,NSE,IDO,54626,,NIFTY,,2025-04-03,2025-04-03,22700.0,PE,NIFTY2540322700PE,438.8,470.0,438.8,470.0,470.0,349.65,22124.7,624.3,301650,-75,2,3473160.0,2,F1,75,,,,,
2025-02-28,2025-02-28,FO,NSE,IDO,54628,,NIFTY,,2025-04-03,2025-04-03,22750.0,PE,NIFTY2540322750PE,0.0,0.0,0.0,334.8,0.0,334.8,22124.7,659.15,0,0,0,0.0,0,F1,75,,,,,
2025-02-28,2025-02-28,FO,NSE,IDO,61360,,NIFTY,,2025-05-29,2025-05-29,21100.0,CE,NIFTY25MAY21100CE,0.0,0.0,0.0,1944.5,0.0,1944.5,22124.7,1489.25,0,0,0,0.0,0,F1,75,,,,,
2025-02-28,2025-02-28,FO,NSE,IDO,68367,,NIFTY,,2025-03-06,2025-03-06,20900.0,PE,NIFTY2530620900PE,3.0,3.2,1.5,2.05,2.0,1.85,22124.7,2.05,1585500,1013850,179211,280942152300.0,49929,F1,75,,,,,
2025-02-28,2025-02-28,FO,NSE,IDO,68375,,NIFTY,,2025-03-06,2025-03-06,21100.0,PE,NIFTY2530621100PE,2.9,4.6,2.2,3.7,4.1,2.35,22124.7,3.7,5945025,3012450,338019,535003069773.75,87666,F1,75,,,,,
2025-02-28,2025-02-28,FO,NSE,IDO,68379,,NIFTY,,2025-03-06,2025-03-06,21200.0,PE,NIFTY2530621200PE,3.0,5.7,2.6,4.5,4.65,2.6,22124.7,4.5,3728925,1450800,381266,606328061782.5,104063,F1,75,,,,,
2025-02-28,2025-02-28,FO,NSE,IDO,68392,,NIFTY,,2025-03-06,2025-03-06,21400.0,PE,NIFTY2530621400PE,3.9,9.85,3.55,7.6,8.0,3.2,22124.7,7.6,1977300,1270425,396135,635992713667.5,123939,F1,75,,,,,
2025-02-28,2025-02-28,FO,NSE,IDO,68418,,NIFTY,,2025-03-06,2025-03-06,22000.0,PE,NIFTY2530622000PE,22.2,93.55,22.2,77.2,78.3,15.5,22124.7,77.2,4845750,1471950,2575914,4261393164386.25,1114465,F1,75,,,,,
2025-02-28,2025-02-28,FO,NSE,IDO,68439,,NIFTY,,2025-03-06,2025-03-06,22450.0,PE,NIFTY2530622450PE,110.0,347.1,109.95,310.7,312.05,86.2,22124.7,310.7,398475,-218625,249797,424516203761.25,163858,F1,75,,,,,
2025-02-28,2025-02-28,FO,NSE,IDO,68451,,NIFTY,,2025-03-06,2025-03-06,22600.0,PE,NIFTY2530622600PE,225.0,475.0,194.45,432.4,438.0,142.25,22124.7,432.4,2508075,-1417125,149830,257612651250.0,94890,F1,75,,,,,
2025-02-28,2025-02-28,FO,NSE,IDO,68457,,NIFTY,,2025-03-06,2025-03-06,22750.0,PE,NIFTY2530622750PE,296.0,613.2,281.05,571.4,577.45,223.95,22124.7,571.4,174000,-25275,7634,13277404605.0,5055,F1,75,,,,,
2025-02-28,2025-02-28,FO,NSE,IDO,68459,,NIFTY,,2025-03-06,2025-03-06,22800.0,PE,NIFTY2530622800PE,326.0,661.55,326.0,619.15,624.25,259.3,22124.7,619.15,735900,-702675,37108,64886344758.75,19246,F1,75,,,,,
2025-02-28,2025-02-28,FO,NSE,IDO,68477,,NIFTY,,2025-03-06,2025-03-06,23200.0,PE,NIFTY2530623200PE,740.0,1050.05,740.0,1016.7,1019.0,606.0,22124.7,1016.7,174000,-3450,833,1504661467.5,545,F1,75,,,,,
2025-02-28,2025-02-28,FO,NSE,IDO,68481,,NIFTY,,2025-03-06,2025-03-06,23300.0,PE,NIFTY2530623300PE,895.55,1152.2,890.7,1114.25,1124.1,697.1,22124.7,1114.25,87525,-7650,362,660120585.0,247,F1,75,,,,,
2025-02-28,2025-02-28,FO,NSE,IDO,68487,,NIFTY,,2025-03-06,2025-03-06,23400.0,PE,NIFTY2530623400PE,982.95,1245.0,982.9,1209.05,1209.05,798.85,22124.7,1209.05,59400,-1575,141,259456923.75,94,F1,75,,,,,
2025-02-28,2025-02-28,FO,NSE,IDO,68573,,NIFTY,,2025-03-06,2025-03-06,23450.0,PE,NIFTY2530623450PE,1047.1,1285.2,1047.1,1285.2,1285.2,845.1,22124.7,1300.3,2025,-75,2,3692422.5,2,F1,75,,,,,
2025-02-28,2025-02-28,FO,NSE,IDO,68667,,NIFTY,,2025-03-06,2025-03-06,25150.0,PE,NIFTY2530625150PE,0.0,0.0,0.0,2268.3,2268.3,2268.3,22124.7,2998.45,375,0,0,0.0,0,F1,75,,,,,
2025-02-28,2025-02-28,FO,NSE,IDO,68674,,NIFTY,,2025-03-06,2025-03-06,25250.0,PE,NIFTY2530625250PE,0.0,0.0,0.0,2356.8,2356.8,2356.8,22124.7,3098.35,150,0,0,0.0,0,F1,75,,,,,
2025-02-28,2025-02-28,FO,NSE,IDO,45431,,NIFTY,,2025-03-13,2025-03-13,21800.0,PE,NIFTY2531321800PE,35.0,90.75,35.0,79.75,80.3,24.85,22124.7,79.75,236400,109650,33901,55588075020.0,20207,F1,75,,,,,
2025-02-28,2025-02-28,FO,NSE,IDO,45445,,NIFTY,,2025-03-13,2025-03-13,22100.0,PE,NIFTY2531322100PE,64.95,186.65,64.95,166.05,166.75,56.05,22124.7,166.05,231450,136275,27325,45578494530.0,18569,F1,75,,,,,
2025-02-28,2025-02-28,FO,NSE,IDO,45466,,NIFTY,,2025-03-13,2025-03-13,22450.0,PE,NIFTY2531322450PE,210.2,374.5,189.1,343.8,344.95,139.9,22124.7,343.8,38400,9450,4102,6991277253.75,3036,F1,75,,,,,
2025-02-28,2025-02-28,FO,NSE,IDO,45483,,NIFTY,,2025-03-13,2025-03-13,22850.0,PE,NIFTY2531322850PE,385.0,687.95,385.0,653.05,657.2,330.3,22124.7,653.05,11400,-3825,233,408264191.25,188,F1,75,,,,,
2025-02-28,2025-02-28,FO,NSE,IDO,45485,,NIFTY,,2025-03-13,2025-03-13,22900.0,PE,NIFTY2531322900PE,501.85,737.4,488.25,699.8,695.75,359.25,22124.7,699.8,23100,-3600,289,509278961.25,211,F1,75,,,,,
2025-02-28,2025-02-28,FO,NSE,IDO,45513,,NIFTY,,2025-03-13,2025-03-13,23200.0,PE,NIFTY2531323200PE,706.0,1015.0,706.0,1005.0,1005.0,596.65,22124.7,1030.05,4425,-675,53,95771291.25,37,F1,75,,,,,
2025-02-28,2025-02-28,FO,NSE,IDO,45601,,NIFTY,,2025-03-13,2025-03-13,24450.0,PE,NIFTY2531324450PE,2217.65,2217.65,2217.65,2217.65,2217.65,1800.0,22124.7,2268.75,1050,0,1,2000073.75,1,F1,75,,,,,
2025-02-28,2025-02-28,FO,NSE,IDO,45611,,NIFTY,,2025-03-13,2025-03-13,24600.0,PE,NIFTY2531324600PE,2364.9,2367.4,2364.9,2367.4,2367.4,1925.0,22124.7,2418.4,375,75,4,8089698.75,4,F1,75,,,,,
2025-02-28,2025-02-28,FO,NSE,IDO,45613,,NIFTY,,2025-03-13,2025-03-13,24650.0,PE,NIFTY2531324650PE,2419.0,2419.0,2419.0,2419.0,2419.0,1735.7,22124.7,2419.0,150,75,1,2030175.0,1,F1,75,,,,,
2025-02-28,2025-02-28,FO,NSE,IDO,45616,,NIFTY,,2025-03-13,2025-03-13,24700.0,PE,NIFTY2531324700PE,2268.0,2460.95,2268.0,2460.95,2460.95,2050.0,22124.7,2518.2,975,375,6,12156146.25,4,F1,75,,,,,
2025-02-28,2025-02-28,FO,NSE,IDO,45637,,NIFTY,,2025-03-13,2025-03-13,24950.0,PE,NIFTY2531324950PE,2714.25,2714.25,2714.25,2714.25,2714.25,2033.45,22124.7,2714.25,150,75,1,2074818.75,1,F1,75,,,,,
2025-02-28,2025-02-28,FO,NSE,IDO,45652,,NIFTY,,2025-03-13,2025-03-13,25250.0,PE,NIFTY2531325250PE,3011.7,3011.7,3011.7,3011.7,3011.7,2328.9,22124.7,3011.7,150,75,1,2119627.5,1,F1,75,,,,,
2025-02-28,2025-02-28,FO,NSE,IDO,50080,,NIFTY,,2025-03-20,2025-03-20,20900.0,PE,NIFTY2532020900PE,21.05,21.05,15.85,15.85,15.85,7.45,22124.7,6.85,1350,1350,23,36083377.5,6,F1,75,,,,,
2025-02-28,2025-02-28,FO,NSE,IDO,50116,,NIFTY,,2025-03-20,2025-03-20,21350.0,PE,NIFTY2532021350PE,21.9,28.85,21.9,28.85,28.85,18.0,22124.7,34.25,750,75,3,4809198.75,2,F1,75,,,,,
2025-02-28,2025-02-28,FO,NSE,IDO,50138,,NIFTY,,2025-03-20,2025-03-20,21800.0,PE,NIFTY2532021800PE,72.1,130.0,63.6,116.45,116.0,48.65,22124.7,116.45,13725,5025,1439,2363060463.75,696,F1,75,,,,,
2025-02-28,2025-02-28,FO,NSE,IDO,50144,,NIFTY,,2025-03-20,2025-03-20,21900.0,PE,NIFTY2532021900PE,63.0,158.0,63.0,141.9,133.55,57.9,22124.7,141.9,13575,7800,604,997074030.0,305,F1,75,,,,,
2025-02-28,2025-02-28,FO,NSE,IDO,50220,,NIFTY,,2025-03-20,2025-03-20,22900.0,PE,NIFTY2532022900PE,666.5,679.9,656.5,679.9,679.9,390.8,22124.7,754.05,3825,-75,7,12373170.0,5,F1,75,,,,,
2025-02-28,2025-02-28,FO,NSE,IDO,50276,,NIFTY,,2025-03-20,2025-03-20,24000.0,PE,NIFTY2532024000PE,1742.65,1743.4,1742.65,1743.05,1743.4,975.55,22124.7,1743.05,150,150,2,3861453.75,2,F1,75,,,,,
2025-02-28,2025-02-28,FO,NSE,IDO,50290,,NIFTY,,2025-03-20,2025-03-20,24300.0,PE,NIFTY2532024300PE,2040.65,2040.65,2040.65,2040.65,2040.65,1212.45,22124.7,2040.65,75,75,1,1975548.75,1,F1,75,,,,,
2025-02-28,2025-02-28,FO,NSE,IDO,50297,,NIFTY,,2025-03-20,2025-03-20,24400.0,PE,NIFTY2532024400PE,2140.65,2140.65,2140.65,2140.65,2140.65,1296.05,22124.7,2140.65,75,75,1,1990548.75,1,F1,75,,,,,
2025-02-28,2025-02-28,FO,NSE,IDO,46849,,NIFTY,,2025-03-27,2025-03-27,21200.0,PE,NIFTY25MAR21200PE,24.95,55.4,24.95,49.15,48.65,23.0,22124.7,49.15,670425,140025,16248,25884627457.5,8586,F1,75,,,,,
2025-02-28,2025-02-28,FO,NSE,IDO,47026,,NIFTY,,2025-03-27,2025-03-27,22650.0,PE,NIFTY25MAR22650PE,369.0,557.85,362.6,523.55,525.05,296.75,22124.7,523.55,74925,-76050,2118,3672769912.5,1622,F1,75,,,,,
2025-02-28,2025-02-28,FO,NSE,IDO,48243,,NIFTY,,2025-03-27,2025-03-27,22900.0,PE,NIFTY25MAR22900PE,486.0,744.95,463.65,704.3,704.85,424.4,22124.7,704.3,413100,-53700,3917,6913466801.25,2636,F1,75,,,,,
2025-02-28,2025-02-28,FO,NSE,IDO,48246,,NIFTY,,2025-03-27,2025-03-27,22950.0,PE,NIFTY25MAR22950PE,570.0,776.15,560.85,740.25,741.1,452.85,22124.7,740.25,98250,-14100,693,1227221197.5,487,F1,75,,,,,
2025-02-28,2025-02-28,FO,NSE,IDO,48696,,NIFTY,,2025-03-27,2025-03-27,23200.0,PE,NIFTY25MAR23200PE,710.0,1000.0,710.0,953.05,953.85,616.95,22124.7,953.05,271125,-30150,1101,1985721772.5,666,F1,75,,,,,
2025-02-28,2025-02-28,FO,NSE,IDO,51474,,NIFTY,,2025-03-27,2025-03-27,23600.0,PE,NIFTY25MAR23600PE,1102.55,1360.0,1102.55,1320.65,1319.65,937.7,22124.7,1320.65,65100,-7350,278,517938401.25,212,F1,75,,,,,
2025-02-28,2025-02-28,FO,NSE,IDO,56567,,NIFTY,,2025-03-27,2025-03-27,24850.0,PE,NIFTY25MAR24850PE,2539.5,2541.2,2539.5,2540.3,2541.2,1625.0,22124.7,2540.3,225,150,3,6162813.75,3,F1,75,,,,,
2025-02-28,2025-02-28,FO,NSE,IDO,64571,,NIFTY,,2025-03-27,2025-03-27,25000.0,PE,NIFTY25MAR25000PE,2496.9,2745.0,2464.4,2698.75,2709.4,2296.85,22124.7,2698.75,1438850,17875,1269,2631940867.5,963,F1,75,,,,,
2025-02-28,2025-02-28,FO,NSE,IDO,56869,,NIFTY,,2025-03-27,2025-03-27,25100.0,PE,NIFTY25MAR25100PE,2794.7,2794.7,2788.9,2790.45,2788.9,2393.95,22124.7,2790.45,4800,0,6,12550698.75,6,F1,75,,,,,
2025-02-28,2025-02-28,FO,NSE,IDO,56893,,NIFTY,,2025-03-27,2025-03-27,25700.0,PE,NIFTY25MAR25700PE,3165.0,3389.2,3165.0,3388.0,3389.2,2985.65,22124.7,3388.0,15000,150,4,8709671.25,4,F1,75,,,,,
2025-02-28,2025-02-28,FO,NSE,IDO,54515,,NIFTY,,2025-04-03,2025-04-03,20950.0,PE,NIFTY2540320950PE,0.0,0.0,0.0,16.5,0.0,16.5,22124.7,26.6,0,0,0,0.0,0,F1,75,,,,,
2025-02-28,2025-02-28,FO,NSE,IDO,54849,,NIFTY,,2025-04-03,2025-04-03,24350.0,PE,NIFTY2540324350PE,0.0,0.0,0.0,1348.25,0.0,1348.25,22124.7,2082.95,0,0,0,0.0,0,F1,75,,,,,
2025-02-28,2025-02-28,FO,NSE,IDO,79257,,NIFTY,,2025-04-24,2025-04-24,21500.0,PE,NIFTY25APR21500PE,97.0,171.2,97.0,160.1,160.95,94.7,22124.7,160.1,911250,23700,10806,17541167756.25,6342,F1,75,,,,,
2025-02-28,2025-02-28,FO,NSE,IDO,79399,,NIFTY,,2025-04-24,2025-04-24,22600.0,PE,NIFTY25APR22600PE,380.0,554.0,380.0,529.1,529.5,344.25,22124.7,529.1,48675,3150,1089,1884593643.75,755,F1,75,,,,,
2025-02-28,2025-02-28,FO,NSE,IDO,79408,,NIFTY,,2025-04-24,2025-04-24,22700.0,PE,NIFTY25APR22700PE,464.75,608.4,457.4,582.3,580.25,380.75,22124.7,582.3,92475,8700,1040,1812027881.25,684,F1,75,,,,,
2025-02-28,2025-02-28,FO,NSE,IDO,79536,,NIFTY,,2025-04-24,2025-04-24,24000.0,PE,NIFTY25APR24000PE,1299.0,1612.0,1299.0,1575.0,1578.9,1200.3,22124.7,1575.0,303300,-26175,972,1858878131.25,762,F1,75,,,,,
2025-02-28,2025-02-28,FO,NSE,IDO,79607,,NIFTY,,2025-04-24,2025-04-24,24150.0,PE,NIFTY25APR24150PE,1700.95,1703.1,1700.95,1702.1,1703.1,1002.05,22124.7,1702.1,225,225,3,5816715.0,3,F1,75,,,,,
2025-02-28,2025-02-28,FO,NSE,IDO,79724,,NIFTY,,2025-04-24,2025-04-24,24950.0,PE,NIFTY25APR24950PE,2474.65,2474.65,2474.65,2474.65,2474.65,1553.0,22124.7,2474.65,75,75,1,2056848.75,1,F1,75,,,,,
2025-02-28,2025-02-28,FO,NSE,IDO,79726,,NIFTY,,2025-04-24,2025-04-24,25000.0,PE,NIFTY25APR25000PE,2300.0,2569.9,2300.0,2537.85,2545.95,2125.45,22124.7,2537.85,58500,750,111,228624048.75,88,F1,75,,,,,
2025-02-28,2025-02-28,FO,NSE,IDO,79738,,NIFTY,,2025-04-24,2025-04-24,25250.0,PE,NIFTY25APR25250PE,0.0,0.0,0.0,1785.5,0.0,1785.5,22124.7,2883.0,0,0,0,0.0,0,F1,75,,,,,
2025-02-28,2025-02-28,FO,NSE,IDO,79747,,NIFTY,,2025-04-24,2025-04-24,25400.0,PE,NIFTY25APR25400PE,0.0,0.0,0.0,1906.85,0.0,1906.85,22124.7,3030.45,0,0,0,0.0,0,F1,75,,,,,
2025-02-28,2025-02-28,FO,NSE,IDO,79751,,NIFTY,,2025-04-24,2025-04-24,25500.0,PE,NIFTY25APR25500PE,2910.0,3051.95,2910.0,3016.25,3017.7,2613.55,22124.7,3016.25,16575,300,16,34220703.75,16,F1,75,,,,,
2025-02-28,2025-02-28,FO,NSE,IDO,61352,,NIFTY,,2025-05-29,2025-05-29,20900.0,PE,NIFTY25MAY20900PE,0.0,0.0,0.0,98.35,0.0,98.35,22124.7,97.5,0,0,0,0.0,0,F1,75,,,,,
2025-02-28,2025-02-28,FO,NSE,IDO,61514,,NIFTY,,2025-05-29,2025-05-29,22700.0,PE,NIFTY25MAY22700PE,0.0,0.0,0.0,589.3,0.0,589.3,22124.7,702.5,0,0,0,0.0,0,F1,75,,,,,
2025-02-28,2025-02-28,FO,NSE,IDO,61546,,NIFTY,,2025-05-29,2025-05-29,23500.0,PE,NIFTY25MAY23500PE,1040.0,1082.1,1040.0,1082.1,1082.1,1019.5,22124.7,1228.75,375,375,6,11050380.0,3,F1,75,,,,,
2025-02-28,2025-02-28,FO,NSE,IDO,61560,,NIFTY,,2025-05-29,2025-05-29,23850.0,PE,NIFTY25MAY23850PE,0.0,0.0,0.0,1248.8,0.0,1248.8,22124.7,1501.15,0,0,0,0.0,0,F1,75,,,,,
2025-02-28,2025-02-28,FO,NSE,IDO,43386,,NIFTY,,2025-06-26,2025-06-26,14000.0,PE,NIFTY25JUN14000PE,0.0,0.0,0.0,0.25,0.25,0.25,22124.7,0.05,2925,0,0,0.0,0,F1,75,,,,,
2025-02-28,2025-02-28,FO,NSE,IDO,71382,,NIFTY,,2025-06-26,2025-06-26,25000.0,PE,NIFTY25JUN25000PE,1995.0,2360.6,1995.0,2322.3,2324.0,1965.85,22124.7,2322.3,406575,-20700,1384,2826235147.5,1166,F1,75,,,,,
2025-02-28,2025-02-28,FO,NSE,IDO,71384,,NIFTY,,2025-06-26,2025-06-26,26000.0,PE,NIFTY25JUN26000PE,2998.95,3273.15,2998.95,3239.3,3245.65,2863.55,22124.7,3239.3,464900,-1925,307,670999545.0,244,F1,75,,,,,
2025-02-28,2025-02-28,FO,NSE,IDO,64691,,NIFTY,,2025-09-25,2025-09-25,23000.0,PE,NIFTY25SEP23000PE,751.0,900.4,751.0,878.2,885.95,721.9,22124.7,878.2,95775,11700,339,606364128.75,227,F1,75,,,,,
2025-02-28,2025-02-28,FO,NSE,IDO,58625,,NIFTY,,2026-06-25,2026-06-25,12000.0,PE,NIFTY26JUN12000PE,0.0,0.0,0.0,20.05,20.05,20.05,22124.7,0.05,475,0,0,0.0,0,F1,75,,,,,
2025-02-28,2025-02-28,FO,NSE,IDO,71557,,NIFTY,,2027-06-24,2027-06-24,22000.0,PE,NIFTY27JUN22000PE,0.0,0.0,0.0,3995.4,0.0,3995.4,22124.7,528.75,0,0,0,0.0,0,F1,75,,,,,
2025-02-28,2025-02-28,FO,NSE,IDO,71563,,NIFTY,,2027-06-24,2027-06-24,25000.0,PE,NIFTY27JUN25000PE,0.0,0.0,0.0,5619.05,0.0,5619.05,22124.7,1476.1,0,0,0,0.0,0,F1,75,,,,,
2025-02-28,2025-02-28,FO,NSE,IDO,53611,,NIFTY,,2027-12-30,2027-12-30,20000.0,PE,NIFTY27DEC20000PE,0.0,0.0,0.0,400.0,400.0,400.0,22124.7,210.35,4025,0,0,0.0,0,F1,75,,,,,
2025-02-28,2025-02-28,FO,NSE,IDO,53625,,NIFTY,,2027-12-30,2027-12-30,24000.0,PE,NIFTY27DEC24000PE,1300.05,1300.05,1300.05,1300.05,1300.05,1092.15,22124.7,997.65,675,75,1,1897503.75,1,F1,75,,,,,
2025-02-28,2025-02-28,FO,NSE,IDO,39982,,NIFTY,,2025-06-26,2025-06-26,19000.0,CE,NIFTY25JUN19000CE,3528.0,3784.85,3528.0,3552.85,3550.0,3947.6,22124.7,3552.85,129150,1200,48,81431853.75,46,F1,75,,,,,
2025-02-28,2025-02-28,FO,NSE,IDO,45865,,NIFTY,,2025-06-26,2025-06-26,17000.0,CE,NIFTY25JUN17000CE,0.0,0.0,0.0,6850.0,6850.0,6850.0,22124.7,5478.25,2850,0,0,0.0,0,F1,75,,,,,
2025-02-28,2025-02-28,FO,NSE,IDO,61675,,NIFTY,,2025-05-29,2025-05-29,24300.0,CE,NIFTY25MAY24300CE,0.0,0.0,0.0,251.8,0.0,251.8,22124.7,91.05,0,0,0,0.0,0,F1,75,,,,,
2025-02-28,2025-02-28,FO,NSE,IDO,61549,,NIFTY,,2025-05-29,2025-05-29,23600.0,CE,NIFTY25MAY23600CE,0.0,0.0,0.0,445.8,0.0,445.8,22124.7,204.2,0,0,0,0.0,0,F1,75,,,,,
2025-02-28,2025-02-28,FO,NSE,IDO,61525,,NIFTY,,2025-05-29,2025-05-29,23000.0,CE,NIFTY25MAY23000CE,450.35,452.65,355.2,366.85,360.75,687.1,22124.7,366.85,84975,84975,2561,4492465320.0,1902,F1,75,,,,,
2025-02-28,2025-02-28,FO,NSE,IDO,61511,,NIFTY,,2025-05-29,2025-05-29,22650.0,CE,NIFTY25MAY22650CE,0.0,0.0,0.0,863.3,0.0,863.3,22124.7,509.55,0,0,0,0.0,0,F1,75,,,,,
2025-02-28,2025-02-28,FO,NSE,IDO,61397,,NIFTY,,2025-05-29,2025-05-29,21550.0,CE,NIFTY25MAY21550CE,0.0,0.0,0.0,1585.1,0.0,1585.1,22124.7,1145.55,0,0,0,0.0,0,F1,75,,,,,
2025-02-28,2025-02-28,FO,NSE,IDO,61561,,NIFTY,,2025-05-29,2025-05-29,23900.0,CE,NIFTY25MAY23900CE,0.0,0.0,0.0,351.95,0.0,351.95,22124.7,146.5,0,0,0,0.0,0,F1,75,,,,,
2025-02-28,2025-02-28,FO,NSE,IDO,61551,,NIFTY,,2025-05-29,2025-05-29,23650.0,CE,NIFTY25MAY23650CE,0.0,0.0,0.0,428.95,0.0,428.95,22124.7,193.5,0,0,0,0.0,0,F1,75,,,,,
2025-02-28,2025-02-28,FO,NSE,IDO,61515,,NIFTY,,2025-05-29,2025-05-29,22750.0,CE,NIFTY25MAY22750CE,0.0,0.0,0.0,810.25,0.0,810.25,22124.7,467.3,0,0,0,0.0,0,F1,75,,,,,
2025-02-28,2025-02-28,FO,NSE,IDO,61503,,NIFTY,,2025-05-29,2025-05-29,22450.0,CE,NIFTY25MAY22450CE,0.0,0.0,0.0,975.9,0.0,975.9,22124.7,601.8,0,0,0,0.0,0,F1,75,,,,,
2025-02-28,2025-02-28,FO,NSE,IDO,61501,,NIFTY,,2025-05-29,2025-05-29,22400.0,CE,NIFTY25MAY22400CE,0.0,0.0,0.0,1005.4,0.0,1005.4,22124.7,626.5,0,0,0,0.0,0,F1,75,,,,,
