TradDt,BizDt,Sgmt,Src,FinInstrmTp,FinInstrmId,ISIN,TckrSymb,SctySrs,XpryDt,FininstrmActlXpryDt,StrkPric,OptnTp,FinInstrmNm,OpnPric,HghPric,LwPric,ClsPric,LastPric,PrvsClsgPric,UndrlygPric,SttlmPric,OpnIntrst,ChngInOpnIntrst,TtlTradgVol,TtlTrfVal,TtlNbOfTxsExctd,SsnId,NewBrdLotQty,Rmks,Rsvd1,Rsvd2,Rsvd3,Rsvd4
2025-01-03,2025-01-03,FO,NSE,IDO,57683,,NIFTY,,2025-02-27,2025-02-27,26000.0,CE,NIFTY25FEB26000CE,55.0,56.7,42.7,43.95,44.2,55.95,24004.75,43.95,570375,110175,7564,14776496223.75,3863,F1,75,,,,,
2025-01-03,2025-01-03,FO,NSE,IDO,89635,,NIFTY,,2029-06-28,2029-06-28,26000.0,PE,NIFTY29JUN26000PE,0.0,0.0,0.0,1391.75,1391.75,1391.75,24004.75,775.65,25,0,0,0.0,0,F1,75,,,,,
2025-01-03,2025-01-03,FO,NSE,IDO,71476,,NIFTY,,2026-06-25,2026-06-25,26000.0,CE,NIFTY26JUN26000CE,0.0,0.0,0.0,1350.0,1350.0,1350.0,24004.75,1810.35,625,0,0,0.0,0,F1,75,,,,,
2025-01-03,2025-01-03,FO,NSE,IDO,71477,,NIFTY,,2026-06-25,2026-06-25,26000.0,PE,NIFTY26JUN26000PE,0.0,0.0,0.0,6709.2,0.0,6709.2,24004.75,1343.3,0,0,0,0.0,0,F1,75,,,,,
2025-01-03,2025-01-03,FO,NSE,IDO,71564,,NIFTY,,2027-06-24,2027-06-24,26000.0,CE,NIFTY27JUN26000CE,0.0,0.0,0.0,1900.85,0.0,1900.85,24004.75,3119.2,0,0,0,0.0,0,F1,75,,,,,
2025-01-03,2025-01-03,FO,NSE,IDO,64573,,NIFTY,,2025-03-27,2025-03-27,26000.0,PE,NIFTY25MAR26000PE,1565.0,1695.4,1534.9,1673.15,1680.8,1534.7,24004.75,1673.15,543725,-2550,292,604698318.75,223,F1,75,,,,,
2025-01-03,2025-01-03,FO,NSE,IDO,64697,,NIFTY,,2025-09-25,2025-09-25,26000.0,PE,NIFTY25SEP26000PE,0.0,0.0,0.0,812.55,0.0,812.55,24004.75,1543.2,0,0,0,0.0,0,F1,75,,,,,
2025-01-03,2025-01-03,FO,NSE,IDO,71506,,NIFTY,,2026-12-31,2026-12-31,26000.0,PE,NIFTY26DEC26000PE,0.0,0.0,0.0,1445.0,1445.0,1445.0,24004.75,1222.25,500,0,0,0.0,0,F1,75,,,,,
2025-01-03,2025-01-03,FO,NSE,IDO,67786,,NIFTY,,2028-12-28,2028-12-28,26000.0,CE,NIFTY28DEC26000CE,0.0,0.0,0.0,4879.7,0.0,4879.7,24004.75,4987.9,0,0,0,0.0,0,F1,75,,,,,
2025-01-03,2025-01-03,FO,NSE,IDO,46564,,NIFTY,,2025-01-30,2025-01-30,26000.0,CE,NIFTY25JAN26000CE,15.0,15.0,6.95,7.35,6.95,9.85,24004.75,7.35,3807975,126825,88955,57839298802.5,14484,F1,25,,,,,
2025-01-03,2025-01-03,FO,NSE,IDO,53630,,NIFTY,,2027-12-30,2027-12-30,26000.0,PE,NIFTY27DEC26000PE,0.0,0.0,0.0,3359.75,0.0,3359.75,24004.75,1018.85,0,0,0,0.0,0,F1,75,,,,,
2025-01-03,2025-01-03,FO,NSE,IDO,71505,,NIFTY,,2026-12-31,2026-12-31,26000.0,CE,NIFTY26DEC26000CE,0.0,0.0,0.0,1631.05,0.0,1631.05,24004.75,2497.75,0,0,0,0.0,0,F1,75,,,,,
2025-01-03,2025-01-03,FO,NSE,IDO,64572,,NIFTY,,2025-03-27,2025-03-27,26000.0,CE,NIFTY25MAR26000CE,125.9,126.6,108.0,110.6,108.0,126.8,24004.75,110.6,890875,31350,4028,7889727251.25,2035,F1,75,,,,,
2025-01-03,2025-01-03,FO,NSE,IDO,48220,,NIFTY,,2025-01-09,2025-01-09,26000.0,PE,NIFTY2510926000PE,1850.0,2011.9,1837.0,2002.55,2007.45,1799.25,24004.75,2002.55,116175,-8475,295,618659002.5,137,F1,75,,,,,
2025-01-03,2025-01-03,FO,NSE,IDO,46565,,NIFTY,,2025-01-30,2025-01-30,26000.0,PE,NIFTY25JAN26000PE,1764.95,1910.3,1737.0,1884.65,1902.95,1707.45,24004.75,1884.65,1024175,41125,5528,3846808222.5,1830,F1,25,,,,,
2025-01-03,2025-01-03,FO,NSE,IDO,89634,,NIFTY,,2029-06-28,2029-06-28,26000.0,CE,NIFTY29JUN26000CE,0.0,0.0,0.0,7052.2,0.0,7052.2,24004.75,5571.7,0,0,0,0.0,0,F1,75,,,,,
2025-01-03,2025-01-03,FO,NSE,IDO,45011,,NIFTY,,2025-02-06,2025-02-06,24200.0,PE,NIFTY2520624200PE,407.2,435.1,358.85,435.0,435.0,405.4,24004.75,420.45,75,75,13,23984970.0,7,F1,75,,,,,
2025-01-03,2025-01-03,FO,NSE,IDO,52905,,NIFTY,,2025-01-16,2025-01-16,26300.0,PE,NIFTY2511626300PE,0.0,0.0,0.0,1635.25,0.0,1635.25,24004.75,2232.15,0,0,0,0.0,0,F1,75,,,,,
2025-01-03,2025-01-03,FO,NSE,IDO,46614,,NIFTY,,2025-01-30,2025-01-30,26300.0,PE,NIFTY25JAN26300PE,2085.0,2085.0,2085.0,2085.0,2085.0,2222.0,24004.75,2167.35,12175,-25,1,709625.0,1,F1,25,,,,,
2025-01-03,2025-01-03,FO,NSE,IDO,57672,,NIFTY,,2025-02-27,2025-02-27,25700.0,PE,NIFTY25FEB25700PE,0.0,0.0,0.0,1341.0,1341.0,1341.0,24004.75,1525.0,150,0,0,0.0,0,F1,75,,,,,
2025-01-03,2025-01-03,FO,NSE,IDO,46496,,NIFTY,,2025-01-30,2025-01-30,25700.0,CE,NIFTY25JAN25700CE,15.2,15.2,9.15,10.0,9.15,14.65,24004.75,10.0,235875,-150,14608,9389854285.0,4828,F1,25,,,,,
2025-01-03,2025-01-03,FO,NSE,IDO,45109,,NIFTY,,2025-02-06,2025-02-06,25700.0,PE,NIFTY2520625700PE,0.0,0.0,0.0,1422.15,0.0,1422.15,24004.75,1564.95,0,0,0,0.0,0,F1,75,,,,,
2025-01-03,2025-01-03,FO,NSE,IDO,52879,,NIFTY,,2025-01-16,2025-01-16,25700.0,PE,NIFTY2511625700PE,0.0,0.0,0.0,1131.25,0.0,1131.25,24004.75,1634.6,0,0,0,0.0,0,F1,75,,,,,
2025-01-03,2025-01-03,FO,NSE,IDO,56892,,NIFTY,,2025-03-27,2025-03-27,25700.0,CE,NIFTY25MAR25700CE,0.0,0.0,0.0,262.5,0.0,262.5,24004.75,187.4,0,0,0,0.0,0,F1,75,,,,,
2025-01-03,2025-01-03,FO,NSE,IDO,55109,,NIFTY,,2025-01-23,2025-01-23,25700.0,CE,NIFTY2512325700CE,9.25,9.85,5.2,5.95,5.2,8.5,24004.75,5.95,23775,12975,331,638188635.0,92,F1,75,,,,,
2025-01-03,2025-01-03,FO,NSE,IDO,56893,,NIFTY,,2025-03-27,2025-03-27,25700.0,PE,NIFTY25MAR25700PE,0.0,0.0,0.0,1748.15,0.0,1748.15,24004.75,1491.2,0,0,0,0.0,0,F1,75,,,,,
2025-01-03,2025-01-03,FO,NSE,IDO,45105,,NIFTY,,2025-02-06,2025-02-06,25700.0,CE,NIFTY2520625700CE,70.0,75.0,20.6,26.45,24.0,89.55,24004.75,26.45,1350,1350,53,102302996.25,32,F1,75,,,,,
2025-01-03,2025-01-03,FO,NSE,IDO,46504,,NIFTY,,2025-01-30,2025-01-30,25700.0,PE,NIFTY25JAN25700PE,1529.5,1529.5,1529.5,1529.5,1529.5,1410.3,24004.75,1583.7,29350,25,1,680737.5,1,F1,25,,,,,
2025-01-03,2025-01-03,FO,NSE,IDO,52878,,NIFTY,,2025-01-16,2025-01-16,25700.0,CE,NIFTY2511625700CE,3.05,3.8,2.6,2.65,2.65,3.6,24004.75,2.65,17475,7350,885,1706047278.75,454,F1,75,,,,,
2025-01-03,2025-01-03,FO,NSE,IDO,48205,,NIFTY,,2025-01-09,2025-01-09,25700.0,CE,NIFTY2510925700CE,1.4,1.75,0.75,0.85,0.8,1.4,24004.75,0.85,1284225,913050,85496,164801818211.25,17022,F1,75,,,,,
2025-01-03,2025-01-03,FO,NSE,IDO,55110,,NIFTY,,2025-01-23,2025-01-23,25700.0,PE,NIFTY2512325700PE,0.0,0.0,0.0,1630.3,0.0,1630.3,24004.75,1606.65,0,0,0,0.0,0,F1,75,,,,,
2025-01-03,2025-01-03,FO,NSE,IDO,48206,,NIFTY,,2025-01-09,2025-01-09,25700.0,PE,NIFTY2510925700PE,1536.1,1695.85,1536.1,1695.85,1695.85,1502.75,24004.75,1695.85,3450,1200,25,51229515.0,17,F1,75,,,,,
2025-01-03,2025-01-03,FO,NSE,IDO,52838,,NIFTY,,2025-01-16,2025-01-16,24850.0,CE,NIFTY2511624850CE,41.3,43.5,17.25,20.55,17.25,44.55,24004.75,20.55,95925,69900,6326,11802783131.25,4101,F1,75,,,,,
2025-01-03,2025-01-03,FO,NSE,IDO,46408,,NIFTY,,2025-01-30,2025-01-30,24850.0,CE,NIFTY25JAN24850CE,111.95,116.65,71.7,75.15,72.0,120.2,24004.75,75.15,106400,9100,12939,8067319320.0,5834,F1,25,,,,,
2025-01-03,2025-01-03,FO,NSE,IDO,55062,,NIFTY,,2025-01-23,2025-01-23,24850.0,PE,NIFTY2512324850PE,0.0,0.0,0.0,933.0,0.0,933.0,24004.75,822.05,0,0,0,0.0,0,F1,75,,,,,
2025-01-03,2025-01-03,FO,NSE,IDO,48695,,NIFTY,,2025-03-27,2025-03-27,23200.0,CE,NIFTY25MAR23200CE,0.0,0.0,0.0,1340.0,1340.0,1340.0,24004.75,1353.55,1200,0,0,0.0,0,F1,75,,,,,
2025-01-03,2025-01-03,FO,NSE,IDO,44932,,NIFTY,,2025-02-06,2025-02-06,23200.0,CE,NIFTY2520623200CE,0.0,0.0,0.0,1252.9,0.0,1252.9,24004.75,1036.05,0,0,0,0.0,0,F1,75,,,,,
2025-01-03,2025-01-03,FO,NSE,IDO,54856,,NIFTY,,2025-01-23,2025-01-23,23200.0,PE,NIFTY2512323200PE,51.35,60.0,41.95,54.4,57.0,50.85,24004.75,54.4,37650,17475,534,931150218.75,179,F1,75,,,,,
2025-01-03,2025-01-03,FO,NSE,IDO,43492,,NIFTY,,2025-01-30,2025-01-30,23200.0,CE,NIFTY25JAN23200CE,1105.0,1105.0,952.4,965.05,960.0,1136.75,24004.75,965.05,25825,-4725,652,394459787.5,348,F1,25,,,,,
2025-01-03,2025-01-03,FO,NSE,IDO,54786,,NIFTY,,2025-01-23,2025-01-23,23200.0,CE,NIFTY2512323200CE,0.0,0.0,0.0,729.9,729.9,729.9,24004.75,933.75,300,0,0,0.0,0,F1,75,,,,,
2025-01-03,2025-01-03,FO,NSE,IDO,55648,,NIFTY,,2025-02-27,2025-02-27,23200.0,PE,NIFTY25FEB23200PE,155.0,174.5,142.0,169.25,174.0,150.0,24004.75,169.25,121875,6450,1280,2242337936.25,722,F1,75,,,,,
2025-01-03,2025-01-03,FO,NSE,IDO,52548,,NIFTY,,2025-01-16,2025-01-16,23200.0,CE,NIFTY2511623200CE,921.4,950.7,849.8,853.3,855.0,1040.0,24004.75,853.3,4575,-600,21,37987743.75,18,F1,75,,,,,
2025-01-03,2025-01-03,FO,NSE,IDO,48079,,NIFTY,,2025-01-09,2025-01-09,23200.0,CE,NIFTY2510923200CE,973.75,973.75,787.1,797.8,787.1,1000.8,24004.75,797.8,26850,-12900,389,702148128.75,175,F1,75,,,,,
2025-01-03,2025-01-03,FO,NSE,IDO,48696,,NIFTY,,2025-03-27,2025-03-27,23200.0,PE,NIFTY25MAR23200PE,210.0,223.45,192.25,219.95,215.0,200.05,24004.75,219.95,34800,3600,249,437110061.25,85,F1,75,,,,,
2025-01-03,2025-01-03,FO,NSE,IDO,52551,,NIFTY,,2025-01-16,2025-01-16,23200.0,PE,NIFTY2511623200PE,33.15,34.95,19.2,27.25,28.25,31.35,24004.75,27.25,325200,252375,13967,24329196525.0,8439,F1,75,,,,,
2025-01-03,2025-01-03,FO,NSE,IDO,43205,,NIFTY,,2025-01-30,2025-01-30,21800.0,CE,NIFTY25JAN21800CE,0.0,0.0,0.0,2369.0,2369.0,2369.0,24004.75,2314.1,625,0,0,0.0,0,F1,25,,,,,
2025-01-03,2025-01-03,FO,NSE,IDO,89624,,NIFTY,,2029-06-28,2029-06-28,21000.0,CE,NIFTY29JUN21000CE,0.0,0.0,0.0,9799.75,0.0,9799.75,24004.75,8646.9,0,0,0,0.0,0,F1,75,,,,,
2025-01-03,2025-01-03,FO,NSE,IDO,86146,,NIFTY,,2028-06-29,2028-06-29,21000.0,PE,NIFTY28JUN21000PE,0.0,0.0,0.0,907.2,0.0,907.2,24004.75,164.9,0,0,0,0.0,0,F1,75,,,,,
2025-01-03,2025-01-03,FO,NSE,IDO,64687,,NIFTY,,2025-09-25,2025-09-25,21000.0,PE,NIFTY25SEP21000PE,0.0,0.0,0.0,51.55,0.0,51.55,24004.75,62.55,0,0,0,0.0,0,F1,75,,,,,
2025-01-03,2025-01-03,FO,NSE,IDO,64560,,NIFTY,,2025-03-27,2025-03-27,21000.0,CE,NIFTY25MAR21000CE,3325.0,3395.0,3305.8,3317.0,3305.8,3474.05,24004.75,3317.0,309350,75,14,25566978.75,14,F1,75,,,,,
2025-01-03,2025-01-03,FO,NSE,IDO,48222,,NIFTY,,2025-01-09,2025-01-09,26050.0,PE,NIFTY2510926050PE,0.0,0.0,0.0,2095.0,2095.0,2095.0,24004.75,2016.35,375,0,0,0.0,0,F1,75,,,,,
2025-01-03,2025-01-03,FO,NSE,IDO,51449,,NIFTY,,2025-06-26,2025-06-26,21000.0,CE,NIFTY25JUN21000CE,0.0,0.0,0.0,3199.45,0.0,3199.45,24004.75,3702.1,0,0,0,0.0,0,F1,75,,,,,
2025-01-03,2025-01-03,FO,NSE,IDO,56880,,NIFTY,,2025-03-27,2025-03-27,25400.0,CE,NIFTY25MAR25400CE,240.0,246.85,213.15,226.0,226.0,265.0,24004.75,253.85,6150,-750,36,69191640.0,13,F1,75,,,,,
2025-01-03,2025-01-03,FO,NSE,IDO,45020,,NIFTY,,2025-02-06,2025-02-06,24400.0,CE,NIFTY2520624400CE,0.0,0.0,0.0,461.2,0.0,461.2,24004.75,290.4,0,0,0,0.0,0,F1,75,,,,,
2025-01-03,2025-01-03,FO,NSE,IDO,46367,,NIFTY,,2025-01-30,2025-01-30,24400.0,PE,NIFTY25JAN24400PE,431.55,519.8,415.05,505.15,519.1,406.85,24004.75,505.15,453400,92325,19279,11987355422.5,8223,F1,25,,,,,
2025-01-03,2025-01-03,FO,NSE,IDO,52909,,NIFTY,,2025-01-16,2025-01-16,26400.0,PE,NIFTY2511626400PE,0.0,0.0,0.0,1724.85,0.0,1724.85,24004.75,2331.9,0,0,0,0.0,0,F1,75,,,,,
2025-01-03,2025-01-03,FO,NSE,IDO,48238,,NIFTY,,2025-01-09,2025-01-09,26400.0,CE,NIFTY2510926400CE,1.1,1.35,0.6,0.7,0.6,1.3,24004.75,0.7,1629525,1529475,93681,185494785532.5,16731,F1,75,,,,,
2025-01-03,2025-01-03,FO,NSE,IDO,48240,,NIFTY,,2025-01-09,2025-01-09,26400.0,PE,NIFTY2510926400PE,2244.85,2393.0,2244.85,2393.0,2393.0,2211.05,24004.75,2393.0,150,0,2,4307838.75,2,F1,75,,,,,
2025-01-03,2025-01-03,FO,NSE,IDO,57709,,NIFTY,,2025-02-27,2025-02-27,26400.0,PE,NIFTY25FEB26400PE,0.0,0.0,0.0,1976.65,1976.65,1976.65,24004.75,2158.35,1350,0,0,0.0,0,F1,75,,,,,
2025-01-03,2025-01-03,FO,NSE,IDO,36688,,NIFTY,,2025-12-24,2025-12-24,19500.0,CE,NIFTY25DEC19500CE,0.0,0.0,0.0,5350.0,5350.0,5350.0,24004.75,5765.4,1600,0,0,0.0,0,F1,75,,,,,
2025-01-03,2025-01-03,FO,NSE,IDO,55615,,NIFTY,,2025-02-27,2025-02-27,22400.0,CE,NIFTY25FEB22400CE,0.0,0.0,0.0,2070.15,0.0,2070.15,24004.75,1867.05,0,0,0,0.0,0,F1,75,,,,,
2025-01-03,2025-01-03,FO,NSE,IDO,55616,,NIFTY,,2025-02-27,2025-02-27,22400.0,PE,NIFTY25FEB22400PE,60.25,67.15,55.2,65.6,67.15,60.25,24004.75,65.6,189975,22350,2970,5003144703.75,969,F1,75,,,,,
2025-01-03,2025-01-03,FO,NSE,IDO,48038,,NIFTY,,2025-01-09,2025-01-09,22400.0,PE,NIFTY2510922400PE,2.35,2.45,0.7,0.75,0.8,2.75,24004.75,0.75,2548875,1801950,138887,233342027073.75,25167,F1,75,,,,,
2025-01-03,2025-01-03,FO,NSE,IDO,45067,,NIFTY,,2025-02-06,2025-02-06,25150.0,PE,NIFTY2520625150PE,0.0,0.0,0.0,980.65,0.0,980.65,24004.75,1077.3,0,0,0,0.0,0,F1,75,,,,,
2025-01-03,2025-01-03,FO,NSE,IDO,57649,,NIFTY,,2025-02-27,2025-02-27,25150.0,CE,NIFTY25FEB25150CE,200.95,200.95,160.3,165.6,160.3,200.95,24004.75,165.6,7725,3825,118,224104923.75,47,F1,75,,,,,
2025-01-03,2025-01-03,FO,NSE,IDO,48180,,NIFTY,,2025-01-09,2025-01-09,25150.0,PE,NIFTY2510925150PE,0.0,0.0,0.0,647.0,0.0,647.0,24004.75,1117.95,0,0,0,0.0,0,F1,75,,,,,
2025-01-03,2025-01-03,FO,NSE,IDO,64564,,NIFTY,,2025-03-27,2025-03-27,23000.0,CE,NIFTY25MAR23000CE,1679.45,1679.45,1535.0,1548.7,1535.0,1691.65,24004.75,1548.7,360400,375,281,518231182.5,218,F1,75,,,,,
2025-01-03,2025-01-03,FO,NSE,IDO,43271,,NIFTY,,2025-01-30,2025-01-30,23000.0,CE,NIFTY25JAN23000CE,1270.0,1304.4,1129.0,1140.0,1133.0,1326.35,24004.75,1140.0,1005825,1225,6726,4068831856.25,1740,F1,25,,,,,
2025-01-03,2025-01-03,FO,NSE,IDO,51459,,NIFTY,,2025-03-27,2025-03-27,23550.0,CE,NIFTY25MAR23550CE,0.0,0.0,0.0,925.55,925.55,925.55,24004.75,1102.0,150,0,0,0.0,0,F1,75,,,,,
2025-01-03,2025-01-03,FO,NSE,IDO,44966,,NIFTY,,2025-02-06,2025-02-06,23550.0,CE,NIFTY2520623550CE,0.0,0.0,0.0,980.05,0.0,980.05,24004.75,765.35,0,0,0,0.0,0,F1,75,,,,,
2025-01-03,2025-01-03,FO,NSE,IDO,54983,,NIFTY,,2025-01-23,2025-01-23,23550.0,CE,NIFTY2512323550CE,0.0,0.0,0.0,765.2,765.2,765.2,24004.75,646.85,225,0,0,0.0,0,F1,75,,,,,
2025-01-03,2025-01-03,FO,NSE,IDO,46263,,NIFTY,,2025-01-30,2025-01-30,23550.0,CE,NIFTY25JAN23550CE,835.0,835.0,680.1,695.15,684.25,849.85,24004.75,695.15,72575,-275,555,337020208.75,260,F1,25,,,,,
2025-01-03,2025-01-03,FO,NSE,IDO,44920,,NIFTY,,2025-02-06,2025-02-06,23000.0,CE,NIFTY2520623000CE,0.0,0.0,0.0,1421.7,0.0,1421.7,24004.75,1205.75,0,0,0,0.0,0,F1,75,,,,,
2025-01-03,2025-01-03,FO,NSE,IDO,57623,,NIFTY,,2025-02-27,2025-02-27,24550.0,CE,NIFTY25FEB24550CE,440.0,440.0,354.8,360.8,354.8,448.9,24004.75,360.8,9975,1875,183,342206028.75,57,F1,75,,,,,
2025-01-03,2025-01-03,FO,NSE,IDO,37810,,NIFTY,,2026-12-31,2026-12-31,23000.0,PE,NIFTY26DEC23000PE,0.0,0.0,0.0,605.05,605.05,605.05,24004.75,405.85,12950,0,0,0.0,0,F1,75,,,,,
2025-01-03,2025-01-03,FO,NSE,IDO,48096,,NIFTY,,2025-01-09,2025-01-09,23550.0,CE,NIFTY2510923550CE,632.35,635.0,458.95,470.45,465.45,663.1,24004.75,470.45,70125,-225,1000,1805010000.0,513,F1,75,,,,,
2025-01-03,2025-01-03,FO,NSE,IDO,45028,,NIFTY,,2025-02-06,2025-02-06,24550.0,CE,NIFTY2520624550CE,0.0,0.0,0.0,393.9,0.0,393.9,24004.75,235.5,0,0,0,0.0,0,F1,75,,,,,
2025-01-03,2025-01-03,FO,NSE,IDO,45031,,NIFTY,,2025-02-06,2025-02-06,24550.0,PE,NIFTY2520624550PE,0.0,0.0,0.0,584.45,0.0,584.45,24004.75,626.85,0,0,0,0.0,0,F1,75,,,,,
2025-01-03,2025-01-03,FO,NSE,IDO,67780,,NIFTY,,2028-12-28,2028-12-28,23000.0,CE,NIFTY28DEC23000CE,0.0,0.0,0.0,6377.6,0.0,6377.6,24004.75,6777.4,0,0,0,0.0,0,F1,75,,,,,
2025-01-03,2025-01-03,FO,NSE,IDO,53619,,NIFTY,,2027-12-30,2027-12-30,23000.0,PE,NIFTY27DEC23000PE,0.0,0.0,0.0,2201.3,0.0,2201.3,24004.75,385.05,0,0,0,0.0,0,F1,75,,,,,
2025-01-03,2025-01-03,FO,NSE,IDO,51478,,NIFTY,,2025-03-27,2025-03-27,23700.0,PE,NIFTY25MAR23700PE,330.0,354.95,315.7,349.9,349.45,310.3,24004.75,349.9,13275,150,62,111771776.25,43,F1,75,,,,,
2025-01-03,2025-01-03,FO,NSE,IDO,52642,,NIFTY,,2025-01-16,2025-01-16,23700.0,PE,NIFTY2511623700PE,92.55,120.65,75.0,108.7,112.1,91.15,24004.75,108.7,330600,108225,16580,29593073287.5,10334,F1,75,,,,,
2025-01-03,2025-01-03,FO,NSE,IDO,48104,,NIFTY,,2025-01-09,2025-01-09,23750.0,CE,NIFTY2510923750CE,462.9,480.95,295.9,309.05,299.95,490.0,24004.75,309.05,194175,32250,10547,19063894106.25,7092,F1,75,,,,,
2025-01-03,2025-01-03,FO,NSE,IDO,53847,,NIFTY,,2025-03-27,2025-03-27,23750.0,PE,NIFTY25MAR23750PE,0.0,0.0,0.0,346.6,346.6,346.6,24004.75,354.05,150,0,0,0.0,0,F1,75,,,,,
2025-01-03,2025-01-03,FO,NSE,IDO,64557,,NIFTY,,2025-03-27,2025-03-27,20000.0,PE,NIFTY25MAR20000PE,16.75,16.75,0.2,12.45,12.7,16.45,24004.75,12.45,558425,-18075,3663,5496953913.75,849,F1,75,,,,,
2025-01-03,2025-01-03,FO,NSE,IDO,71551,,NIFTY,,2027-06-24,2027-06-24,20000.0,CE,NIFTY27JUN20000CE,0.0,0.0,0.0,3367.05,0.0,3367.05,24004.75,7170.05,0,0,0,0.0,0,F1,75,,,,,
2025-01-03,2025-01-03,FO,NSE,IDO,45042,,NIFTY,,2025-02-06,2025-02-06,24800.0,PE,NIFTY2520624800PE,0.0,0.0,0.0,736.3,0.0,736.3,24004.75,801.3,0,0,0,0.0,0,F1,75,,,,,
2025-01-03,2025-01-03,FO,NSE,IDO,52837,,NIFTY,,2025-01-16,2025-01-16,24800.0,PE,NIFTY2511624800PE,732.75,793.1,705.5,789.95,793.05,533.35,24004.75,789.95,1125,1050,27,51764823.75,25,F1,75,,,,,
2025-01-03,2025-01-03,FO,NSE,IDO,55056,,NIFTY,,2025-01-23,2025-01-23,24800.0,CE,NIFTY2512324800CE,93.95,93.95,53.0,54.95,53.0,94.95,24004.75,54.95,22950,8550,974,1816485652.5,505,F1,75,,,,,
2025-01-03,2025-01-03,FO,NSE,IDO,56546,,NIFTY,,2025-03-27,2025-03-27,24800.0,CE,NIFTY25MAR24800CE,430.0,459.7,412.2,416.85,412.6,491.4,24004.75,416.85,13725,-9675,238,450312483.75,51,F1,75,,,,,
2025-01-03,2025-01-03,FO,NSE,IDO,45041,,NIFTY,,2025-02-06,2025-02-06,24800.0,CE,NIFTY2520624800CE,258.25,258.25,144.2,160.0,160.0,297.45,24004.75,161.5,375,375,17,31875431.25,17,F1,75,,,,,
2025-01-03,2025-01-03,FO,NSE,IDO,46407,,NIFTY,,2025-01-30,2025-01-30,24800.0,PE,NIFTY25JAN24800PE,667.15,797.65,665.2,782.5,796.3,645.95,24004.75,782.5,166200,3100,1651,1054297610.0,596,F1,25,,,,,
2025-01-03,2025-01-03,FO,NSE,IDO,57633,,NIFTY,,2025-02-27,2025-02-27,24800.0,CE,NIFTY25FEB24800CE,330.0,330.0,262.0,266.4,262.0,334.3,24004.75,266.4,82575,9225,769,1446786941.25,537,F1,75,,,,,
2025-01-03,2025-01-03,FO,NSE,IDO,52836,,NIFTY,,2025-01-16,2025-01-16,24800.0,CE,NIFTY2511624800CE,45.8,52.4,22.95,24.85,24.8,52.55,24004.75,24.85,272025,84900,22662,42210898102.5,13925,F1,75,,,,,
2025-01-03,2025-01-03,FO,NSE,IDO,48166,,NIFTY,,2025-01-09,2025-01-09,24800.0,PE,NIFTY2510924800PE,672.65,825.9,638.75,802.35,822.15,620.25,24004.75,802.35,53400,10950,1460,2793333307.5,565,F1,75,,,,,
2025-01-03,2025-01-03,FO,NSE,IDO,46406,,NIFTY,,2025-01-30,2025-01-30,24800.0,CE,NIFTY25JAN24800CE,136.0,136.0,80.25,84.15,81.7,134.0,24004.75,84.15,1304875,123900,66765,41558851127.5,21771,F1,25,,,,,
2025-01-03,2025-01-03,FO,NSE,IDO,46519,,NIFTY,,2025-01-30,2025-01-30,25850.0,CE,NIFTY25JAN25850CE,11.35,11.35,8.55,8.8,8.55,11.35,24004.75,8.8,38950,15850,2752,1779121443.75,1004,F1,25,,,,,
2025-01-03,2025-01-03,FO,NSE,IDO,58792,,NIFTY,,2025-03-27,2025-03-27,25850.0,PE,NIFTY25MAR25850PE,0.0,0.0,0.0,1865.25,0.0,1865.25,24004.75,1611.4,0,0,0,0.0,0,F1,75,,,,,
2025-01-03,2025-01-03,FO,NSE,IDO,57677,,NIFTY,,2025-02-27,2025-02-27,25850.0,CE,NIFTY25FEB25850CE,56.8,56.8,53.0,53.5,54.0,54.6,24004.75,53.5,3525,-675,32,62172997.5,14,F1,75,,,,,
2025-01-03,2025-01-03,FO,NSE,IDO,48211,,NIFTY,,2025-01-09,2025-01-09,25850.0,CE,NIFTY2510925850CE,1.4,1.5,0.75,0.9,0.75,1.4,24004.75,0.9,574350,537000,45237,87707309553.75,11082,F1,75,,,,,
2025-01-03,2025-01-03,FO,NSE,IDO,55124,,NIFTY,,2025-01-23,2025-01-23,25850.0,PE,NIFTY2512325850PE,0.0,0.0,0.0,1765.95,0.0,1765.95,24004.75,1753.6,0,0,0,0.0,0,F1,75,,,,,
2025-01-03,2025-01-03,FO,NSE,IDO,52886,,NIFTY,,2025-01-16,2025-01-16,25850.0,PE,NIFTY2511625850PE,0.0,0.0,0.0,1251.0,0.0,1251.0,24004.75,1783.7,0,0,0,0.0,0,F1,75,,,,,
2025-01-03,2025-01-03,FO,NSE,IDO,52885,,NIFTY,,2025-01-16,2025-01-16,25850.0,CE,NIFTY2511625850CE,2.65,3.85,2.35,2.4,2.4,3.1,24004.75,2.4,7350,4650,275,533217885.0,178,F1,75,,,,,
2025-01-03,2025-01-03,FO,NSE,IDO,45120,,NIFTY,,2025-02-06,2025-02-06,25850.0,PE,NIFTY2520625850PE,0.0,0.0,0.0,1552.7,0.0,1552.7,24004.75,1705.5,0,0,0,0.0,0,F1,75,,,,,
2025-01-03,2025-01-03,FO,NSE,IDO,46535,,NIFTY,,2025-01-30,2025-01-30,25850.0,PE,NIFTY25JAN25850PE,0.0,0.0,0.0,1306.15,1306.15,1306.15,24004.75,1727.65,50,0,0,0.0,0,F1,25,,,,,
2025-01-03,2025-01-03,FO,NSE,IDO,55123,,NIFTY,,2025-01-23,2025-01-23,25850.0,CE,NIFTY2512325850CE,0.0,0.0,0.0,48.0,0.0,48.0,24004.75,3.8,0,0,0,0.0,0,F1,75,,,,,
2025-01-03,2025-01-03,FO,NSE,IDO,58636,,NIFTY,,2026-12-31,2026-12-31,16000.0,CE,NIFTY26DEC16000CE,0.0,0.0,0.0,6200.0,6200.0,6200.0,24004.75,10020.1,50,0,0,0.0,0,F1,75,,,,,
2025-01-03,2025-01-03,FO,NSE,IDO,49177,,NIFTY,,2025-12-24,2025-12-24,16000.0,CE,NIFTY25DEC16000CE,0.0,0.0,0.0,7200.0,7200.0,7200.0,24004.75,9021.55,50,0,0,0.0,0,F1,75,,,,,
2025-01-03,2025-01-03,FO,NSE,IDO,43241,,NIFTY,,2025-01-30,2025-01-30,22450.0,CE,NIFTY25JAN22450CE,0.0,0.0,0.0,1500.0,1500.0,1500.0,24004.75,1675.05,350,0,0,0.0,0,F1,25,,,,,
2025-01-03,2025-01-03,FO,NSE,IDO,55612,,NIFTY,,2025-02-27,2025-02-27,22300.0,PE,NIFTY25FEB22300PE,56.1,61.0,49.8,58.5,60.55,55.75,24004.75,58.5,161175,13875,730,1223977518.75,248,F1,75,,,,,
2025-01-03,2025-01-03,FO,NSE,IDO,46996,,NIFTY,,2025-03-27,2025-03-27,22450.0,PE,NIFTY25MAR22450PE,0.0,0.0,0.0,128.15,128.15,128.15,24004.75,72.9,3675,0,0,0.0,0,F1,75,,,,,
2025-01-03,2025-01-03,FO,NSE,IDO,46986,,NIFTY,,2025-03-27,2025-03-27,22300.0,CE,NIFTY25MAR22300CE,0.0,0.0,0.0,2007.65,0.0,2007.65,24004.75,2102.65,0,0,0,0.0,0,F1,75,,,,,
2025-01-03,2025-01-03,FO,NSE,IDO,44862,,NIFTY,,2025-02-06,2025-02-06,22450.0,CE,NIFTY2520622450CE,0.0,0.0,0.0,1919.75,0.0,1919.75,24004.75,1710.55,0,0,0,0.0,0,F1,75,,,,,
2025-01-03,2025-01-03,FO,NSE,IDO,48039,,NIFTY,,2025-01-09,2025-01-09,22450.0,CE,NIFTY2510922450CE,0.0,0.0,0.0,2424.25,0.0,2424.25,24004.75,1579.65,0,0,0,0.0,0,F1,75,,,,,
2025-01-03,2025-01-03,FO,NSE,IDO,46994,,NIFTY,,2025-03-27,2025-03-27,22450.0,CE,NIFTY25MAR22450CE,0.0,0.0,0.0,1886.8,0.0,1886.8,24004.75,1969.6,0,0,0,0.0,0,F1,75,,,,,
2025-01-03,2025-01-03,FO,NSE,IDO,54749,,NIFTY,,2025-01-23,2025-01-23,22450.0,CE,NIFTY2512322450CE,0.0,0.0,0.0,1698.45,0.0,1698.45,24004.75,1641.05,0,0,0,0.0,0,F1,75,,,,,
2025-01-03,2025-01-03,FO,NSE,IDO,52468,,NIFTY,,2025-01-16,2025-01-16,22300.0,CE,NIFTY2511622300CE,0.0,0.0,0.0,2412.8,0.0,2412.8,24004.75,1758.55,0,0,0,0.0,0,F1,75,,,,,
2025-01-03,2025-01-03,FO,NSE,IDO,43236,,NIFTY,,2025-01-30,2025-01-30,22300.0,PE,NIFTY25JAN22300PE,18.9,18.9,12.9,16.3,17.0,17.6,24004.75,16.3,352850,-41950,24048,13416023302.5,7049,F1,25,,,,,
2025-01-03,2025-01-03,FO,NSE,IDO,48034,,NIFTY,,2025-01-09,2025-01-09,22300.0,PE,NIFTY2510922300PE,2.45,2.5,0.65,0.75,0.75,2.65,24004.75,0.75,1064850,271125,47549,79530407133.75,13973,F1,75,,,,,
2025-01-03,2025-01-03,FO,NSE,IDO,44863,,NIFTY,,2025-02-06,2025-02-06,22450.0,PE,NIFTY2520622450PE,40.0,40.0,38.0,38.0,38.0,24.9,24004.75,38.0,300,300,4,6746550.0,4,F1,75,,,,,
2025-01-03,2025-01-03,FO,NSE,IDO,46987,,NIFTY,,2025-03-27,2025-03-27,22300.0,PE,NIFTY25MAR22300PE,75.65,95.7,75.65,93.55,95.7,88.85,24004.75,93.55,48600,18150,548,920049521.25,280,F1,75,,,,,
2025-01-03,2025-01-03,FO,NSE,IDO,55604,,NIFTY,,2025-02-27,2025-02-27,22100.0,PE,NIFTY25FEB22100PE,45.35,48.55,39.5,46.95,48.0,45.35,24004.75,46.95,9675,6300,131,217562377.5,43,F1,75,,,,,
2025-01-03,2025-01-03,FO,NSE,IDO,43219,,NIFTY,,2025-01-30,2025-01-30,22100.0,CE,NIFTY25JAN22100CE,0.0,0.0,0.0,1939.85,1939.85,1939.85,24004.75,2017.35,400,0,0,0.0,0,F1,25,,,,,
2025-01-03,2025-01-03,FO,NSE,IDO,54698,,NIFTY,,2025-01-23,2025-01-23,22100.0,CE,NIFTY2512322100CE,0.0,0.0,0.0,2025.0,0.0,2025.0,24004.75,1987.1,0,0,0,0.0,0,F1,75,,,,,
2025-01-03,2025-01-03,FO,NSE,IDO,45026,,NIFTY,,2025-02-06,2025-02-06,24500.0,PE,NIFTY2520624500PE,0.0,0.0,0.0,556.45,0.0,556.45,24004.75,594.55,0,0,0,0.0,0,F1,75,,,,,
2025-01-03,2025-01-03,FO,NSE,IDO,48025,,NIFTY,,2025-01-09,2025-01-09,22100.0,CE,NIFTY2510922100CE,0.0,0.0,0.0,1730.0,1730.0,1730.0,24004.75,1929.25,750,0,0,0.0,0,F1,75,,,,,
2025-01-03,2025-01-03,FO,NSE,IDO,55603,,NIFTY,,2025-02-27,2025-02-27,22100.0,CE,NIFTY25FEB22100CE,0.0,0.0,0.0,2321.95,0.0,2321.95,24004.75,2147.65,0,0,0,0.0,0,F1,75,,,,,
2025-01-03,2025-01-03,FO,NSE,IDO,55035,,NIFTY,,2025-01-23,2025-01-23,24500.0,CE,NIFTY2512324500CE,180.05,183.5,115.8,120.05,117.0,193.65,24004.75,120.05,48525,7425,2592,4790195231.25,1645,F1,75,,,,,
2025-01-03,2025-01-03,FO,NSE,IDO,46371,,NIFTY,,2025-01-30,2025-01-30,24500.0,CE,NIFTY25JAN24500CE,242.0,242.0,161.0,167.45,164.35,245.95,24004.75,167.45,2544650,90925,156995,96900970792.5,44798,F1,25,,,,,
2025-01-03,2025-01-03,FO,NSE,IDO,46959,,NIFTY,,2025-03-27,2025-03-27,22100.0,PE,NIFTY25MAR22100PE,77.0,79.7,66.9,77.55,77.75,73.6,24004.75,77.55,22800,750,163,271071495.0,60,F1,75,,,,,
2025-01-03,2025-01-03,FO,NSE,IDO,48148,,NIFTY,,2025-01-09,2025-01-09,24500.0,CE,NIFTY2510924500CE,67.0,67.0,17.6,19.35,18.5,60.4,24004.75,19.35,7935150,4983075,1271370,2339120953440.0,441335,F1,75,,,,,
2025-01-03,2025-01-03,FO,NSE,IDO,54699,,NIFTY,,2025-01-23,2025-01-23,22100.0,PE,NIFTY2512322100PE,0.0,0.0,0.0,19.15,0.0,19.15,24004.75,0.75,0,0,0,0.0,0,F1,75,,,,,
2025-01-03,2025-01-03,FO,NSE,IDO,46373,,NIFTY,,2025-01-30,2025-01-30,24500.0,PE,NIFTY25JAN24500PE,475.0,582.4,469.2,567.6,574.0,460.2,24004.75,567.6,1494425,3075,31416,19657548382.5,12002,F1,25,,,,,
2025-01-03,2025-01-03,FO,NSE,IDO,48095,,NIFTY,,2025-01-09,2025-01-09,23500.0,PE,NIFTY2510923500PE,26.6,32.0,12.85,21.65,22.65,26.7,24004.75,21.65,4862475,1933650,736119,1298618418780.0,252267,F1,75,,,,,
2025-01-03,2025-01-03,FO,NSE,IDO,48041,,NIFTY,,2025-01-09,2025-01-09,22500.0,CE,NIFTY2510922500CE,1676.15,1676.2,1485.0,1495.7,1485.0,1700.0,24004.75,1495.7,6300,-9000,281,507393990.0,143,F1,75,,,,,
2025-01-03,2025-01-03,FO,NSE,IDO,55619,,NIFTY,,2025-02-27,2025-02-27,22500.0,CE,NIFTY25FEB22500CE,1933.55,1933.55,1789.0,1818.0,1818.0,1927.0,24004.75,1775.55,26775,-450,34,62115090.0,27,F1,75,,,,,
2025-01-03,2025-01-03,FO,NSE,IDO,44961,,NIFTY,,2025-02-06,2025-02-06,23500.0,CE,NIFTY2520623500CE,0.0,0.0,0.0,1016.35,0.0,1016.35,24004.75,801.7,0,0,0,0.0,0,F1,75,,,,,
2025-01-03,2025-01-03,FO,NSE,IDO,43244,,NIFTY,,2025-01-30,2025-01-30,22500.0,PE,NIFTY25JAN22500PE,23.65,27.95,17.3,22.55,23.5,23.2,24004.75,22.55,2809100,307600,95439,53734954281.25,23163,F1,25,,,,,
2025-01-03,2025-01-03,FO,NSE,IDO,46997,,NIFTY,,2025-03-27,2025-03-27,22500.0,CE,NIFTY25MAR22500CE,0.0,0.0,0.0,1847.25,0.0,1847.25,24004.75,1925.85,0,0,0,0.0,0,F1,75,,,,,
2025-01-03,2025-01-03,FO,NSE,IDO,43243,,NIFTY,,2025-01-30,2025-01-30,22500.0,CE,NIFTY25JAN22500CE,1745.0,1770.0,1584.7,1596.65,1585.6,1794.8,24004.75,1596.65,300000,-10925,1063,642458887.5,668,F1,25,,,,,
2025-01-03,2025-01-03,FO,NSE,IDO,44864,,NIFTY,,2025-02-06,2025-02-06,22500.0,CE,NIFTY2520622500CE,0.0,0.0,0.0,1872.9,0.0,1872.9,24004.75,1663.0,0,0,0,0.0,0,F1,75,,,,,
2025-01-03,2025-01-03,FO,NSE,IDO,52593,,NIFTY,,2025-01-16,2025-01-16,23500.0,CE,NIFTY2511623500CE,759.95,760.0,581.0,592.3,585.0,777.65,24004.75,592.3,39225,5700,843,1525805523.75,528,F1,75,,,,,
2025-01-03,2025-01-03,FO,NSE,IDO,54753,,NIFTY,,2025-01-23,2025-01-23,22500.0,PE,NIFTY2512322500PE,16.0,16.85,10.05,12.7,13.45,17.25,24004.75,12.7,51000,4650,820,1384556583.75,563,F1,75,,,,,
2025-01-03,2025-01-03,FO,NSE,IDO,57582,,NIFTY,,2025-02-27,2025-02-27,23500.0,PE,NIFTY25FEB23500PE,218.1,249.45,202.0,239.5,240.85,209.7,24004.75,239.5,713250,-4725,4621,8223407778.75,2404,F1,75,,,,,
2025-01-03,2025-01-03,FO,NSE,IDO,56739,,NIFTY,,2025-02-27,2025-02-27,23500.0,CE,NIFTY25FEB23500CE,1116.4,1116.4,956.75,972.85,966.5,1116.4,24004.75,972.85,113925,-5025,420,772301688.75,273,F1,75,,,,,
2025-01-03,2025-01-03,FO,NSE,IDO,54982,,NIFTY,,2025-01-23,2025-01-23,23500.0,PE,NIFTY2512323500PE,93.3,112.25,77.0,103.85,108.35,91.05,24004.75,103.85,55950,16125,1156,2045695878.75,653,F1,75,,,,,
2025-01-03,2025-01-03,FO,NSE,IDO,89640,,NIFTY,,2029-06-28,2029-06-28,29000.0,CE,NIFTY29JUN29000CE,0.0,0.0,0.0,5677.9,0.0,5677.9,24004.75,4091.9,0,0,0,0.0,0,F1,75,,,,,
2025-01-03,2025-01-03,FO,NSE,IDO,64583,,NIFTY,,2025-03-27,2025-03-27,29000.0,PE,NIFTY25MAR29000PE,4375.0,4490.0,4344.7,4490.0,4490.0,4341.7,24004.75,4490.0,407900,450,88,220472392.5,83,F1,75,,,,,
2025-01-03,2025-01-03,FO,NSE,IDO,38165,,NIFTY,,2027-12-30,2027-12-30,29000.0,PE,NIFTY27DEC29000PE,0.0,0.0,0.0,4227.5,0.0,4227.5,24004.75,2086.45,0,0,0,0.0,0,F1,75,,,,,
2025-01-03,2025-01-03,FO,NSE,IDO,38152,,NIFTY,,2025-12-24,2025-12-24,29000.0,CE,NIFTY25DEC29000CE,262.9,262.9,242.0,246.5,246.95,264.0,24004.75,246.5,69900,1275,135,296133757.5,74,F1,75,,,,,
2025-01-03,2025-01-03,FO,NSE,IDO,67793,,NIFTY,,2028-12-28,2028-12-28,29000.0,PE,NIFTY28DEC29000PE,0.0,0.0,0.0,2010.85,0.0,2010.85,24004.75,1679.0,0,0,0,0.0,0,F1,75,,,,,
2025-01-03,2025-01-03,FO,NSE,IDO,61914,,NIFTY,,2029-12-27,2029-12-27,29000.0,CE,NIFTY29DEC29000CE,0.0,0.0,0.0,5305.8,0.0,5305.8,24004.75,4653.6,0,0,0,0.0,0,F1,75,,,,,
2025-01-03,2025-01-03,FO,NSE,IDO,44979,,NIFTY,,2025-02-06,2025-02-06,23800.0,PE,NIFTY2520623800PE,268.0,282.0,259.2,282.0,282.0,249.2,24004.75,282.0,225,225,3,5415690.0,3,F1,75,,,,,
2025-01-03,2025-01-03,FO,NSE,IDO,54995,,NIFTY,,2025-01-23,2025-01-23,23800.0,CE,NIFTY2512323800CE,554.95,584.95,440.55,450.1,440.55,600.0,24004.75,450.1,13425,3075,180,327929906.25,85,F1,75,,,,,
2025-01-03,2025-01-03,FO,NSE,IDO,46312,,NIFTY,,2025-01-30,2025-01-30,23800.0,CE,NIFTY25JAN23800CE,655.8,655.8,509.0,519.35,512.45,663.25,24004.75,519.35,1793825,-70350,30856,18794726498.75,13309,F1,25,,,,,
2025-01-03,2025-01-03,FO,NSE,IDO,45865,,NIFTY,,2025-06-26,2025-06-26,17000.0,CE,NIFTY25JUN17000CE,0.0,0.0,0.0,6511.0,6511.0,6511.0,24004.75,7543.1,2850,0,0,0.0,0,F1,75,,,,,
2025-01-03,2025-01-03,FO,NSE,IDO,45052,,NIFTY,,2025-02-06,2025-02-06,25000.0,PE,NIFTY2520625000PE,0.0,0.0,0.0,871.2,0.0,871.2,24004.75,954.95,0,0,0,0.0,0,F1,75,,,,,
2025-01-03,2025-01-03,FO,NSE,IDO,45112,,NIFTY,,2025-02-06,2025-02-06,25800.0,CE,NIFTY2520625800CE,0.0,0.0,0.0,76.9,0.0,76.9,24004.75,24.85,0,0,0,0.0,0,F1,75,,,,,
2025-01-03,2025-01-03,FO,NSE,IDO,71504,,NIFTY,,2026-12-31,2026-12-31,25000.0,PE,NIFTY26DEC25000PE,0.0,0.0,0.0,1240.3,1240.3,1240.3,24004.75,884.55,375,0,0,0.0,0,F1,75,,,,,
2025-01-03,2025-01-03,FO,NSE,IDO,45676,,NIFTY,,2025-01-30,2025-01-30,23350.0,CE,NIFTY25JAN23350CE,862.95,878.15,852.1,853.0,859.4,1011.55,24004.75,853.0,13875,2400,97,58718907.5,17,F1,25,,,,,
2025-01-03,2025-01-03,FO,NSE,IDO,51121,,NIFTY,,2025-03-27,2025-03-27,23350.0,PE,NIFTY25MAR23350PE,243.7,243.7,227.25,227.25,227.25,289.55,24004.75,232.1,300,300,5,8846403.75,2,F1,75,,,,,
2025-01-03,2025-01-03,FO,NSE,IDO,51120,,NIFTY,,2025-03-27,2025-03-27,23350.0,CE,NIFTY25MAR23350CE,0.0,0.0,0.0,1237.1,0.0,1237.1,24004.75,1242.55,0,0,0,0.0,0,F1,75,,,,,
2025-01-03,2025-01-03,FO,NSE,IDO,71384,,NIFTY,,2025-06-26,2025-06-26,26000.0,PE,NIFTY25JUN26000PE,1445.25,1538.65,1428.35,1520.25,1538.65,1424.0,24004.75,1520.25,94725,6075,162,334029618.75,148,F1,75,,,,,
2025-01-03,2025-01-03,FO,NSE,IDO,71399,,NIFTY,,2025-12-24,2025-12-24,26000.0,CE,NIFTY25DEC26000CE,1120.0,1123.9,1060.0,1082.35,1067.95,1146.15,24004.75,1082.35,118175,4475,278,564870547.5,273,F1,75,,,,,
2025-01-03,2025-01-03,FO,NSE,IDO,61779,,NIFTY,,2029-12-27,2029-12-27,26000.0,PE,NIFTY29DEC26000PE,0.0,0.0,0.0,969.6,0.0,969.6,24004.75,708.45,0,0,0,0.0,0,F1,75,,,,,
2025-01-03,2025-01-03,FO,NSE,IDO,86162,,NIFTY,,2028-06-29,2028-06-29,26000.0,PE,NIFTY28JUN26000PE,0.0,0.0,0.0,2370.3,0.0,2370.3,24004.75,930.2,0,0,0,0.0,0,F1,75,,,,,
2025-01-03,2025-01-03,FO,NSE,IDO,53628,,NIFTY,,2027-12-30,2027-12-30,26000.0,CE,NIFTY27DEC26000CE,0.0,0.0,0.0,3162.4,0.0,3162.4,24004.75,3774.05,0,0,0,0.0,0,F1,75,,,,,
2025-01-03,2025-01-03,FO,NSE,IDO,61778,,NIFTY,,2029-12-27,2029-12-27,26000.0,CE,NIFTY29DEC26000CE,0.0,0.0,0.0,6686.95,0.0,6686.95,24004.75,6140.25,0,0,0,0.0,0,F1,75,,,,,
2025-01-03,2025-01-03,FO,NSE,IDO,52892,,NIFTY,,2025-01-16,2025-01-16,26000.0,CE,NIFTY2511626000CE,3.45,3.45,2.05,2.15,2.35,3.1,24004.75,2.15,318075,145725,8476,16529839338.75,2804,F1,75,,,,,
2025-01-03,2025-01-03,FO,NSE,IDO,67787,,NIFTY,,2028-12-28,2028-12-28,26000.0,PE,NIFTY28DEC26000PE,0.0,0.0,0.0,1160.95,0.0,1160.95,24004.75,849.35,0,0,0,0.0,0,F1,75,,,,,
2025-01-03,2025-01-03,FO,NSE,IDO,64696,,NIFTY,,2025-09-25,2025-09-25,26000.0,CE,NIFTY25SEP26000CE,0.0,0.0,0.0,2854.15,0.0,2854.15,24004.75,791.45,0,0,0,0.0,0,F1,75,,,,,
2025-01-03,2025-01-03,FO,NSE,IDO,71383,,NIFTY,,2025-06-26,2025-06-26,26000.0,CE,NIFTY25JUN26000CE,420.15,436.35,366.55,383.65,375.55,432.5,24004.75,383.65,177125,5400,464,918783498.75,324,F1,75,,,,,
2025-01-03,2025-01-03,FO,NSE,IDO,71403,,NIFTY,,2025-12-24,2025-12-24,26000.0,PE,NIFTY25DEC26000PE,1365.05,1422.25,1337.3,1417.05,1420.0,1349.2,24004.75,1417.05,139750,2025,124,254691618.75,121,F1,75,,,,,
2025-01-03,2025-01-03,FO,NSE,IDO,48219,,NIFTY,,2025-01-09,2025-01-09,26000.0,CE,NIFTY2510926000CE,1.4,1.45,0.65,0.75,0.75,1.4,24004.75,0.75,7758675,4683600,370049,721623176107.5,55569,F1,75,,,,,
2025-01-03,2025-01-03,FO,NSE,IDO,71565,,NIFTY,,2027-06-24,2027-06-24,26000.0,PE,NIFTY27JUN26000PE,0.0,0.0,0.0,6202.2,0.0,6202.2,24004.75,1119.85,0,0,0,0.0,0,F1,75,,,,,
2025-01-03,2025-01-03,FO,NSE,IDO,86161,,NIFTY,,2028-06-29,2028-06-29,26000.0,CE,NIFTY28JUN26000CE,0.0,0.0,0.0,3200.9,0.0,3200.9,24004.75,4388.7,0,0,0,0.0,0,F1,75,,,,,
2025-01-03,2025-01-03,FO,NSE,IDO,57684,,NIFTY,,2025-02-27,2025-02-27,26000.0,PE,NIFTY25FEB26000PE,1600.0,1761.0,1600.0,1760.0,1760.0,1612.75,24004.75,1760.0,60375,975,55,114232305.0,41,F1,75,,,,,
2025-01-03,2025-01-03,FO,NSE,IDO,48136,,NIFTY,,2025-01-09,2025-01-09,24200.0,PE,NIFTY2510924200PE,199.0,295.0,185.2,275.75,285.85,189.35,24004.75,275.75,2387400,-546900,723535,1326124466358.75,463613,F1,75,,,,,
2025-01-03,2025-01-03,FO,NSE,IDO,57610,,NIFTY,,2025-02-27,2025-02-27,24200.0,PE,NIFTY25FEB24200PE,433.0,494.6,420.0,486.55,492.4,419.7,24004.75,486.55,108525,750,636,1176010263.75,454,F1,75,,,,,
2025-01-03,2025-01-03,FO,NSE,IDO,55014,,NIFTY,,2025-01-23,2025-01-23,24200.0,PE,NIFTY2512324200PE,306.4,380.4,292.0,368.45,377.6,289.35,24004.75,368.45,17850,10575,397,730800468.75,218,F1,75,,,,,
2025-01-03,2025-01-03,FO,NSE,IDO,46359,,NIFTY,,2025-01-30,2025-01-30,24200.0,PE,NIFTY25JAN24200PE,428.0,428.0,316.95,393.95,401.85,317.45,24004.75,393.95,1782925,230525,102929,63212591301.25,34170,F1,25,,,,,
2025-01-03,2025-01-03,FO,NSE,IDO,55013,,NIFTY,,2025-01-23,2025-01-23,24200.0,CE,NIFTY2512324200CE,316.15,321.1,222.6,233.45,224.2,334.45,24004.75,233.45,26775,15675,895,1641740812.5,456,F1,75,,,,,
2025-01-03,2025-01-03,FO,NSE,IDO,55651,,NIFTY,,2025-02-27,2025-02-27,23300.0,CE,NIFTY25FEB23300CE,1195.85,1200.9,1195.85,1200.0,1200.0,1200.0,24004.75,1101.85,1875,150,3,5512256.25,3,F1,75,,,,,
2025-01-03,2025-01-03,FO,NSE,IDO,52570,,NIFTY,,2025-01-16,2025-01-16,23300.0,PE,NIFTY2511623300PE,41.95,44.7,25.3,36.25,37.5,38.15,24004.75,36.25,118275,36525,11913,20849489782.5,7475,F1,75,,,,,
2025-01-03,2025-01-03,FO,NSE,IDO,48087,,NIFTY,,2025-01-09,2025-01-09,23300.0,PE,NIFTY2510923300PE,16.25,16.25,6.35,8.8,8.8,15.05,24004.75,8.8,3145200,1670325,385312,673627475347.5,115184,F1,75,,,,,
2025-01-03,2025-01-03,FO,NSE,IDO,57662,,NIFTY,,2025-02-27,2025-02-27,25450.0,PE,NIFTY25FEB25450PE,1177.0,1177.0,1177.0,1177.0,1177.0,1451.85,24004.75,1314.95,75,75,1,1997025.0,1,F1,75,,,,,
2025-01-03,2025-01-03,FO,NSE,IDO,55098,,NIFTY,,2025-01-23,2025-01-23,25450.0,PE,NIFTY2512325450PE,0.0,0.0,0.0,1411.15,0.0,1411.15,24004.75,1365.05,0,0,0,0.0,0,F1,75,,,,,
2025-01-03,2025-01-03,FO,NSE,IDO,37802,,NIFTY,,2026-06-25,2026-06-25,13000.0,PE,NIFTY26JUN13000PE,0.0,0.0,0.0,21.6,21.6,21.6,24004.75,0.05,200,0,0,0.0,0,F1,75,,,,,
2025-01-03,2025-01-03,FO,NSE,IDO,54987,,NIFTY,,2025-01-23,2025-01-23,23650.0,CE,NIFTY2512323650CE,586.05,586.05,586.05,586.05,586.05,716.15,24004.75,573.45,1725,75,1,1817703.75,1,F1,75,,,,,
2025-01-03,2025-01-03,FO,NSE,IDO,44970,,NIFTY,,2025-02-06,2025-02-06,23650.0,CE,NIFTY2520623650CE,0.0,0.0,0.0,906.55,0.0,906.55,24004.75,695.3,0,0,0,0.0,0,F1,75,,,,,
2025-01-03,2025-01-03,FO,NSE,IDO,44971,,NIFTY,,2025-02-06,2025-02-06,23650.0,PE,NIFTY2520623650PE,0.0,0.0,0.0,203.4,0.0,203.4,24004.75,192.3,0,0,0,0.0,0,F1,75,,,,,
2025-01-03,2025-01-03,FO,NSE,IDO,54988,,NIFTY,,2025-01-23,2025-01-23,23650.0,PE,NIFTY2512323650PE,145.0,151.0,112.0,141.8,141.3,132.6,24004.75,141.8,3900,750,48,85606447.5,27,F1,75,,,,,
2025-01-03,2025-01-03,FO,NSE,IDO,51476,,NIFTY,,2025-03-27,2025-03-27,23650.0,PE,NIFTY25MAR23650PE,0.0,0.0,0.0,360.0,360.0,360.0,24004.75,320.1,4725,0,0,0.0,0,F1,75,,,,,
2025-01-03,2025-01-03,FO,NSE,IDO,51475,,NIFTY,,2025-03-27,2025-03-27,23650.0,CE,NIFTY25MAR23650CE,0.0,0.0,0.0,1053.55,0.0,1053.55,24004.75,1035.1,0,0,0,0.0,0,F1,75,,,,,
2025-01-03,2025-01-03,FO,NSE,IDO,58631,,NIFTY,,2026-12-31,2026-12-31,13000.0,PE,NIFTY26DEC13000PE,0.0,0.0,0.0,20.05,20.05,20.05,24004.75,0.05,1950,0,0,0.0,0,F1,75,,,,,
2025-01-03,2025-01-03,FO,NSE,IDO,37797,,NIFTY,,2025-12-24,2025-12-24,13000.0,PE,NIFTY25DEC13000PE,0.0,0.0,0.0,10.05,10.05,10.05,24004.75,0.05,600,0,0,0.0,0,F1,75,,,,,
2025-01-03,2025-01-03,FO,NSE,IDO,46272,,NIFTY,,2025-01-30,2025-01-30,23650.0,PE,NIFTY25JAN23650PE,149.55,184.2,136.55,177.75,179.0,144.0,24004.75,177.75,122900,-2100,4648,2766901603.75,1898,F1,25,,,,,
2025-01-03,2025-01-03,FO,NSE,IDO,46271,,NIFTY,,2025-01-30,2025-01-30,23650.0,CE,NIFTY25JAN23650CE,730.0,735.3,610.05,622.15,610.05,773.6,24004.75,622.15,44475,-2600,873,530558735.0,506,F1,25,,,,,
2025-01-03,2025-01-03,FO,NSE,IDO,57675,,NIFTY,,2025-02-27,2025-02-27,25800.0,CE,NIFTY25FEB25800CE,71.7,83.0,55.0,57.65,56.0,75.45,24004.75,57.65,48975,9450,558,1082415881.25,256,F1,75,,,,,
2025-01-03,2025-01-03,FO,NSE,IDO,45113,,NIFTY,,2025-02-06,2025-02-06,25800.0,PE,NIFTY2520625800PE,0.0,0.0,0.0,1508.75,0.0,1508.75,24004.75,1658.4,0,0,0,0.0,0,F1,75,,,,,
2025-01-03,2025-01-03,FO,NSE,IDO,67785,,NIFTY,,2028-12-28,2028-12-28,25000.0,PE,NIFTY28DEC25000PE,0.0,0.0,0.0,999.0,999.0,999.0,24004.75,647.7,50,0,0,0.0,0,F1,75,,,,,
2025-01-03,2025-01-03,FO,NSE,IDO,58782,,NIFTY,,2025-03-27,2025-03-27,25800.0,CE,NIFTY25MAR25800CE,0.0,0.0,0.0,242.05,0.0,242.05,24004.75,168.65,0,0,0,0.0,0,F1,75,,,,,
2025-01-03,2025-01-03,FO,NSE,IDO,61772,,NIFTY,,2029-12-27,2029-12-27,25000.0,CE,NIFTY29DEC25000CE,0.0,0.0,0.0,7196.25,0.0,7196.25,24004.75,6693.9,0,0,0,0.0,0,F1,75,,,,,
2025-01-03,2025-01-03,FO,NSE,IDO,64571,,NIFTY,,2025-03-27,2025-03-27,25000.0,PE,NIFTY25MAR25000PE,859.95,946.5,835.0,935.2,945.75,832.05,24004.75,935.2,672825,200,2095,4067514528.75,1574,F1,75,,,,,
2025-01-03,2025-01-03,FO,NSE,IDO,48210,,NIFTY,,2025-01-09,2025-01-09,25800.0,PE,NIFTY2510925800PE,1675.0,1710.9,1675.0,1710.9,1710.9,1607.5,24004.75,1766.65,6825,225,5,10313895.0,3,F1,75,,,,,
2025-01-03,2025-01-03,FO,NSE,IDO,57644,,NIFTY,,2025-02-27,2025-02-27,25000.0,PE,NIFTY25FEB25000PE,833.65,962.75,833.6,950.05,960.0,832.0,24004.75,950.05,259125,-5850,615,1194921615.0,379,F1,75,,,,,
2025-01-03,2025-01-03,FO,NSE,IDO,52849,,NIFTY,,2025-01-16,2025-01-16,25000.0,PE,NIFTY2511625000PE,851.0,986.6,838.9,974.5,986.6,804.1,24004.75,974.5,4950,3300,110,213805837.5,88,F1,75,,,,,
2025-01-03,2025-01-03,FO,NSE,IDO,55116,,NIFTY,,2025-01-23,2025-01-23,25800.0,PE,NIFTY2512325800PE,0.0,0.0,0.0,1720.45,0.0,1720.45,24004.75,1704.5,0,0,0,0.0,0,F1,75,,,,,
2025-01-03,2025-01-03,FO,NSE,IDO,55115,,NIFTY,,2025-01-23,2025-01-23,25800.0,CE,NIFTY2512325800CE,5.0,6.95,4.5,4.6,4.5,52.1,24004.75,4.6,2850,2850,58,112252143.75,20,F1,75,,,,,
2025-01-03,2025-01-03,FO,NSE,IDO,52848,,NIFTY,,2025-01-16,2025-01-16,25000.0,CE,NIFTY2511625000CE,24.55,26.3,11.5,12.3,11.7,25.4,24004.75,12.3,887025,219600,35599,66793223328.75,18182,F1,75,,,,,
2025-01-03,2025-01-03,FO,NSE,IDO,71563,,NIFTY,,2027-06-24,2027-06-24,25000.0,PE,NIFTY27JUN25000PE,0.0,0.0,0.0,5619.05,0.0,5619.05,24004.75,825.0,0,0,0,0.0,0,F1,75,,,,,
2025-01-03,2025-01-03,FO,NSE,IDO,45051,,NIFTY,,2025-02-06,2025-02-06,25000.0,CE,NIFTY2520625000CE,125.7,133.1,108.3,112.4,110.0,233.75,24004.75,112.4,2100,2100,40,75362805.0,38,F1,75,,,,,
2025-01-03,2025-01-03,FO,NSE,IDO,46352,,NIFTY,,2025-01-30,2025-01-30,24050.0,CE,NIFTY25JAN24050CE,459.95,476.4,360.25,369.8,363.0,489.65,24004.75,369.8,81475,24150,6978,4265701467.5,3358,F1,25,,,,,
2025-01-03,2025-01-03,FO,NSE,IDO,39680,,NIFTY,,2025-06-26,2025-06-26,16000.0,PE,NIFTY25JUN16000PE,0.0,0.0,0.0,1.5,1.5,1.5,24004.75,0.05,1425,0,0,0.0,0,F1,75,,,,,
2025-01-03,2025-01-03,FO,NSE,IDO,49178,,NIFTY,,2025-12-24,2025-12-24,16000.0,PE,NIFTY25DEC16000PE,0.0,0.0,0.0,20.25,20.25,20.25,24004.75,0.15,2125,0,0,0.0,0,F1,75,,,,,
2025-01-03,2025-01-03,FO,NSE,IDO,54713,,NIFTY,,2025-01-23,2025-01-23,22300.0,CE,NIFTY2512322300CE,0.0,0.0,0.0,1836.8,0.0,1836.8,24004.75,1788.9,0,0,0,0.0,0,F1,75,,,,,
2025-01-03,2025-01-03,FO,NSE,IDO,43242,,NIFTY,,2025-01-30,2025-01-30,22450.0,PE,NIFTY25JAN22450PE,20.5,22.2,16.3,21.0,21.95,21.55,24004.75,21.0,16350,2700,1512,849357037.5,505,F1,25,,,,,
2025-01-03,2025-01-03,FO,NSE,IDO,48040,,NIFTY,,2025-01-09,2025-01-09,22450.0,PE,NIFTY2510922450PE,2.5,2.6,0.7,0.75,0.75,2.8,24004.75,0.75,1083900,961650,57664,97097156786.25,17595,F1,75,,,,,
2025-01-03,2025-01-03,FO,NSE,IDO,48033,,NIFTY,,2025-01-09,2025-01-09,22300.0,CE,NIFTY2510922300CE,0.0,0.0,0.0,1519.4,1519.4,1519.4,24004.75,1729.5,975,0,0,0.0,0,F1,75,,,,,
2025-01-03,2025-01-03,FO,NSE,IDO,54714,,NIFTY,,2025-01-23,2025-01-23,22300.0,PE,NIFTY2512322300PE,0.0,0.0,0.0,29.55,0.0,29.55,24004.75,1.85,0,0,0,0.0,0,F1,75,,,,,
2025-01-03,2025-01-03,FO,NSE,IDO,52482,,NIFTY,,2025-01-16,2025-01-16,22450.0,PE,NIFTY2511622450PE,7.0,7.0,3.9,4.15,4.15,12.55,24004.75,4.15,6375,6375,400,673646760.0,251,F1,75,,,,,
2025-01-03,2025-01-03,FO,NSE,IDO,55618,,NIFTY,,2025-02-27,2025-02-27,22450.0,PE,NIFTY25FEB22450PE,0.0,0.0,0.0,90.35,90.35,90.35,24004.75,39.2,4800,0,0,0.0,0,F1,75,,,,,
2025-01-03,2025-01-03,FO,NSE,IDO,54751,,NIFTY,,2025-01-23,2025-01-23,22450.0,PE,NIFTY2512322450PE,0.0,0.0,0.0,40.15,0.0,40.15,24004.75,3.45,0,0,0,0.0,0,F1,75,,,,,
2025-01-03,2025-01-03,FO,NSE,IDO,52469,,NIFTY,,2025-01-16,2025-01-16,22300.0,PE,NIFTY2511622300PE,5.6,5.6,3.0,3.25,3.0,5.55,24004.75,3.25,72375,32775,2167,3624938002.5,1221,F1,75,,,,,
2025-01-03,2025-01-03,FO,NSE,IDO,52477,,NIFTY,,2025-01-16,2025-01-16,22450.0,CE,NIFTY2511622450CE,0.0,0.0,0.0,2267.65,0.0,2267.65,24004.75,1609.3,0,0,0,0.0,0,F1,75,,,,,
2025-01-03,2025-01-03,FO,NSE,IDO,43235,,NIFTY,,2025-01-30,2025-01-30,22300.0,CE,NIFTY25JAN22300CE,1850.0,1850.0,1850.0,1850.0,1850.0,1969.0,24004.75,1821.0,475,-25,3,1811250.0,2,F1,25,,,,,
2025-01-03,2025-01-03,FO,NSE,IDO,55617,,NIFTY,,2025-02-27,2025-02-27,22450.0,CE,NIFTY25FEB22450CE,0.0,0.0,0.0,2029.3,0.0,2029.3,24004.75,1821.15,0,0,0,0.0,0,F1,75,,,,,
2025-01-03,2025-01-03,FO,NSE,IDO,55657,,NIFTY,,2025-03-27,2025-03-27,24500.0,PE,NIFTY25MAR24500PE,591.65,665.0,580.0,653.5,656.25,581.6,24004.75,653.5,51375,3600,1193,2248015331.25,969,F1,75,,,,,
2025-01-03,2025-01-03,FO,NSE,IDO,45025,,NIFTY,,2025-02-06,2025-02-06,24500.0,CE,NIFTY2520624500CE,305.75,305.75,305.75,305.75,305.75,415.5,24004.75,305.75,750,750,10,18604312.5,1,F1,75,,,,,
2025-01-03,2025-01-03,FO,NSE,IDO,46958,,NIFTY,,2025-03-27,2025-03-27,22100.0,CE,NIFTY25MAR22100CE,0.0,0.0,0.0,2173.55,0.0,2173.55,24004.75,2283.9,0,0,0,0.0,0,F1,75,,,,,
2025-01-03,2025-01-03,FO,NSE,IDO,52422,,NIFTY,,2025-01-16,2025-01-16,22100.0,CE,NIFTY2511622100CE,0.0,0.0,0.0,2607.95,0.0,2607.95,24004.75,1957.9,0,0,0,0.0,0,F1,75,,,,,
2025-01-03,2025-01-03,FO,NSE,IDO,43220,,NIFTY,,2025-01-30,2025-01-30,22100.0,PE,NIFTY25JAN22100PE,12.5,12.5,9.25,11.05,11.55,12.55,24004.75,11.05,180825,-37300,9938,5493426366.25,3252,F1,25,,,,,
2025-01-03,2025-01-03,FO,NSE,IDO,48026,,NIFTY,,2025-01-09,2025-01-09,22100.0,PE,NIFTY2510922100PE,2.05,2.2,0.65,0.7,0.7,2.55,24004.75,0.7,424800,67275,27184,45059976667.5,8065,F1,75,,,,,
2025-01-03,2025-01-03,FO,NSE,IDO,52432,,NIFTY,,2025-01-16,2025-01-16,22100.0,PE,NIFTY2511622100PE,4.0,5.7,2.45,2.9,2.45,4.4,24004.75,2.9,27450,10800,826,1369297181.25,537,F1,75,,,,,
2025-01-03,2025-01-03,FO,NSE,IDO,55656,,NIFTY,,2025-03-27,2025-03-27,24500.0,CE,NIFTY25MAR24500CE,620.0,628.75,540.05,550.1,540.05,636.05,24004.75,550.1,100800,8400,1594,2997420806.25,963,F1,75,,,,,
2025-01-03,2025-01-03,FO,NSE,IDO,57621,,NIFTY,,2025-02-27,2025-02-27,24500.0,CE,NIFTY25FEB24500CE,460.0,460.25,375.55,382.2,377.25,470.45,24004.75,382.2,407325,18150,3658,6834253946.25,2010,F1,75,,,,,
2025-01-03,2025-01-03,FO,NSE,IDO,48151,,NIFTY,,2025-01-09,2025-01-09,24500.0,PE,NIFTY2510924500PE,403.95,539.45,379.7,522.1,532.0,367.0,24004.75,522.1,623025,93675,31914,59752442175.0,19369,F1,75,,,,,
2025-01-03,2025-01-03,FO,NSE,IDO,57622,,NIFTY,,2025-02-27,2025-02-27,24500.0,PE,NIFTY25FEB24500PE,562.6,645.0,553.95,638.85,643.45,548.7,24004.75,638.85,269175,1275,1693,3187849012.5,1079,F1,75,,,,,
2025-01-03,2025-01-03,FO,NSE,IDO,55073,,NIFTY,,2025-01-23,2025-01-23,25100.0,CE,NIFTY2512325100CE,30.05,31.85,21.75,22.25,22.35,41.3,24004.75,22.25,18375,13650,430,810348945.0,207,F1,75,,,,,
2025-01-03,2025-01-03,FO,NSE,IDO,57648,,NIFTY,,2025-02-27,2025-02-27,25100.0,PE,NIFTY25FEB25100PE,986.45,1004.45,967.55,1004.45,1004.45,1154.4,24004.75,1041.2,600,75,5,9782283.75,4,F1,75,,,,,
2025-01-03,2025-01-03,FO,NSE,IDO,55074,,NIFTY,,2025-01-23,2025-01-23,25100.0,PE,NIFTY2512325100PE,0.0,0.0,0.0,1122.75,0.0,1122.75,24004.75,1039.35,0,0,0,0.0,0,F1,75,,,,,
2025-01-03,2025-01-03,FO,NSE,IDO,45064,,NIFTY,,2025-02-06,2025-02-06,25100.0,PE,NIFTY2520625100PE,0.0,0.0,0.0,942.8,0.0,942.8,24004.75,1035.9,0,0,0,0.0,0,F1,75,,,,,
2025-01-03,2025-01-03,FO,NSE,IDO,52852,,NIFTY,,2025-01-16,2025-01-16,25100.0,CE,NIFTY2511625100CE,15.0,18.35,8.45,9.0,8.75,18.1,24004.75,9.0,126000,84450,12533,23603991656.25,7893,F1,75,,,,,
2025-01-03,2025-01-03,FO,NSE,IDO,51473,,NIFTY,,2025-03-27,2025-03-27,23600.0,CE,NIFTY25MAR23600CE,1158.2,1158.2,1102.0,1102.0,1102.0,1226.6,24004.75,1068.25,2325,0,2,3709515.0,2,F1,75,,,,,
2025-01-03,2025-01-03,FO,NSE,IDO,57586,,NIFTY,,2025-02-27,2025-02-27,23600.0,PE,NIFTY25FEB23600PE,236.0,273.0,227.0,268.9,269.35,232.2,24004.75,268.9,71400,1050,534,955346415.0,298,F1,75,,,,,
2025-01-03,2025-01-03,FO,NSE,IDO,52624,,NIFTY,,2025-01-16,2025-01-16,23600.0,PE,NIFTY2511623600PE,78.45,94.8,57.45,83.25,88.0,74.05,24004.75,83.25,263250,95775,16175,28724677537.5,10266,F1,75,,,,,
2025-01-03,2025-01-03,FO,NSE,IDO,46269,,NIFTY,,2025-01-30,2025-01-30,23600.0,CE,NIFTY25JAN23600CE,783.0,792.0,641.1,659.95,646.0,812.4,24004.75,659.95,396250,21450,8660,5263753512.5,4159,F1,25,,,,,
2025-01-03,2025-01-03,FO,NSE,IDO,51474,,NIFTY,,2025-03-27,2025-03-27,23600.0,PE,NIFTY25MAR23600PE,295.15,320.7,279.65,317.4,320.7,286.9,24004.75,317.4,8850,2325,99,177438746.25,45,F1,75,,,,,
2025-01-03,2025-01-03,FO,NSE,IDO,48099,,NIFTY,,2025-01-09,2025-01-09,23600.0,PE,NIFTY2510923600PE,36.05,44.6,18.2,32.65,33.8,35.15,24004.75,32.65,3300450,1478775,587549,1041308612861.25,242466,F1,75,,,,,
2025-01-03,2025-01-03,FO,NSE,IDO,44969,,NIFTY,,2025-02-06,2025-02-06,23600.0,PE,NIFTY2520623600PE,0.0,0.0,0.0,189.6,0.0,189.6,24004.75,177.2,0,0,0,0.0,0,F1,75,,,,,
2025-01-03,2025-01-03,FO,NSE,IDO,46270,,NIFTY,,2025-01-30,2025-01-30,23600.0,PE,NIFTY25JAN23600PE,137.0,169.85,124.15,161.85,166.05,133.25,24004.75,161.85,984700,59700,30978,18391545545.0,11573,F1,25,,,,,
2025-01-03,2025-01-03,FO,NSE,IDO,48098,,NIFTY,,2025-01-09,2025-01-09,23600.0,CE,NIFTY2510923600CE,579.5,612.0,415.05,426.75,418.05,624.1,24004.75,426.75,348975,-5250,7372,13323491520.0,4139,F1,75,,,,,
2025-01-03,2025-01-03,FO,NSE,IDO,44968,,NIFTY,,2025-02-06,2025-02-06,23600.0,CE,NIFTY2520623600CE,0.0,0.0,0.0,942.4,0.0,942.4,24004.75,729.9,0,0,0,0.0,0,F1,75,,,,,
2025-01-03,2025-01-03,FO,NSE,IDO,55621,,NIFTY,,2025-02-27,2025-02-27,22550.0,CE,NIFTY25FEB22550CE,0.0,0.0,0.0,1948.6,0.0,1948.6,24004.75,1730.3,0,0,0,0.0,0,F1,75,,,,,
2025-01-03,2025-01-03,FO,NSE,IDO,48056,,NIFTY,,2025-01-09,2025-01-09,22800.0,PE,NIFTY2510922800PE,4.2,4.25,1.55,1.85,2.15,4.7,24004.75,1.85,2162175,115050,152198,260287208426.25,38474,F1,75,,,,,
2025-01-03,2025-01-03,FO,NSE,IDO,55631,,NIFTY,,2025-02-27,2025-02-27,22800.0,CE,NIFTY25FEB22800CE,0.0,0.0,0.0,1753.15,0.0,1753.15,24004.75,1509.35,0,0,0,0.0,0,F1,75,,,,,
2025-01-03,2025-01-03,FO,NSE,IDO,54754,,NIFTY,,2025-01-23,2025-01-23,22550.0,CE,NIFTY2512322550CE,0.0,0.0,0.0,1607.8,0.0,1607.8,24004.75,1543.1,0,0,0,0.0,0,F1,75,,,,,
2025-01-03,2025-01-03,FO,NSE,IDO,48055,,NIFTY,,2025-01-09,2025-01-09,22800.0,CE,NIFTY2510922800CE,1301.0,1301.0,1190.55,1190.55,1190.55,1375.0,24004.75,1190.55,2850,-525,13,23442048.75,10,F1,75,,,,,
2025-01-03,2025-01-03,FO,NSE,IDO,44877,,NIFTY,,2025-02-06,2025-02-06,22550.0,PE,NIFTY2520622550PE,0.0,0.0,0.0,30.75,0.0,30.75,24004.75,19.6,0,0,0,0.0,0,F1,75,,,,,
2025-01-03,2025-01-03,FO,NSE,IDO,43246,,NIFTY,,2025-01-30,2025-01-30,22550.0,PE,NIFTY25JAN22550PE,23.25,26.4,19.1,25.3,26.35,24.95,24004.75,25.3,27650,-1225,2484,1401812587.5,562,F1,25,,,,,
2025-01-03,2025-01-03,FO,NSE,IDO,48044,,NIFTY,,2025-01-09,2025-01-09,22550.0,PE,NIFTY2510922550PE,3.1,3.1,0.85,0.95,0.9,3.1,24004.75,0.95,975150,835350,56512,95582012197.5,18297,F1,75,,,,,
2025-01-03,2025-01-03,FO,NSE,IDO,54768,,NIFTY,,2025-01-23,2025-01-23,22800.0,CE,NIFTY2512322800CE,0.0,0.0,0.0,1388.05,0.0,1388.05,24004.75,1301.5,0,0,0,0.0,0,F1,75,,,,,
2025-01-03,2025-01-03,FO,NSE,IDO,52485,,NIFTY,,2025-01-16,2025-01-16,22550.0,CE,NIFTY2511622550CE,0.0,0.0,0.0,2171.55,0.0,2171.55,24004.75,1510.0,0,0,0,0.0,0,F1,75,,,,,
2025-01-03,2025-01-03,FO,NSE,IDO,47015,,NIFTY,,2025-03-27,2025-03-27,22550.0,PE,NIFTY25MAR22550PE,106.3,110.95,105.25,110.85,110.85,162.2,24004.75,84.2,3300,2850,38,64575637.5,10,F1,75,,,,,
2025-01-03,2025-01-03,FO,NSE,IDO,48080,,NIFTY,,2025-01-09,2025-01-09,23200.0,PE,NIFTY2510923200PE,10.0,11.75,4.7,5.75,6.2,11.45,24004.75,5.75,3230700,1479825,352662,613814968335.0,103892,F1,75,,,,,
2025-01-03,2025-01-03,FO,NSE,IDO,44933,,NIFTY,,2025-02-06,2025-02-06,23200.0,PE,NIFTY2520623200PE,0.0,0.0,0.0,102.85,0.0,102.85,24004.75,85.9,0,0,0,0.0,0,F1,75,,,,,
2025-01-03,2025-01-03,FO,NSE,IDO,43607,,NIFTY,,2025-01-30,2025-01-30,23200.0,PE,NIFTY25JAN23200PE,72.55,85.8,61.0,81.25,85.0,70.1,24004.75,81.25,1052025,119500,50295,29263703602.5,15481,F1,25,,,,,
2025-01-03,2025-01-03,FO,NSE,IDO,55647,,NIFTY,,2025-02-27,2025-02-27,23200.0,CE,NIFTY25FEB23200CE,1200.0,1200.0,1200.0,1200.0,1200.0,1301.0,24004.75,1179.0,1575,75,2,3660000.0,2,F1,75,,,,,
2025-01-03,2025-01-03,FO,NSE,IDO,46463,,NIFTY,,2025-01-30,2025-01-30,25350.0,CE,NIFTY25JAN25350CE,32.25,33.0,18.4,19.6,18.4,33.35,24004.75,19.6,84050,20225,6093,3864862095.0,2406,F1,25,,,,,
2025-01-03,2025-01-03,FO,NSE,IDO,45081,,NIFTY,,2025-02-06,2025-02-06,25350.0,CE,NIFTY2520625350CE,0.0,0.0,0.0,148.15,0.0,148.15,24004.75,62.1,0,0,0,0.0,0,F1,75,,,,,
2025-01-03,2025-01-03,FO,NSE,IDO,48188,,NIFTY,,2025-01-09,2025-01-09,25350.0,CE,NIFTY2510925350CE,1.65,2.1,0.95,1.1,1.0,1.7,24004.75,1.1,595125,354225,73999,140699747865.0,21504,F1,75,,,,,
2025-01-03,2025-01-03,FO,NSE,IDO,56879,,NIFTY,,2025-03-27,2025-03-27,25350.0,PE,NIFTY25MAR25350PE,0.0,0.0,0.0,1487.0,0.0,1487.0,24004.75,1225.65,0,0,0,0.0,0,F1,75,,,,,
2025-01-03,2025-01-03,FO,NSE,IDO,55051,,NIFTY,,2025-01-23,2025-01-23,24750.0,PE,NIFTY2512324750PE,0.0,0.0,0.0,861.6,0.0,861.6,24004.75,740.2,0,0,0,0.0,0,F1,75,,,,,
2025-01-03,2025-01-03,FO,NSE,IDO,56545,,NIFTY,,2025-03-27,2025-03-27,24750.0,PE,NIFTY25MAR24750PE,0.0,0.0,0.0,1085.85,0.0,1085.85,24004.75,827.7,0,0,0,0.0,0,F1,75,,,,,
2025-01-03,2025-01-03,FO,NSE,IDO,48164,,NIFTY,,2025-01-09,2025-01-09,24750.0,PE,NIFTY2510924750PE,630.0,772.65,620.2,752.3,768.7,565.25,24004.75,752.3,4875,750,152,290154435.0,111,F1,75,,,,,
2025-01-03,2025-01-03,FO,NSE,IDO,52408,,NIFTY,,2025-01-16,2025-01-16,21850.0,PE,NIFTY2511621850PE,3.25,3.45,2.2,2.3,2.35,3.8,24004.75,2.3,159675,98925,3166,5188868673.75,1615,F1,75,,,,,
2025-01-03,2025-01-03,FO,NSE,IDO,54686,,NIFTY,,2025-01-23,2025-01-23,21850.0,CE,NIFTY2512321850CE,0.0,0.0,0.0,2264.8,0.0,2264.8,24004.75,2235.65,0,0,0,0.0,0,F1,75,,,,,
2025-01-03,2025-01-03,FO,NSE,IDO,55593,,NIFTY,,2025-02-27,2025-02-27,21850.0,CE,NIFTY25FEB21850CE,0.0,0.0,0.0,2539.6,0.0,2539.6,24004.75,2386.9,0,0,0,0.0,0,F1,75,,,,,
2025-01-03,2025-01-03,FO,NSE,IDO,54689,,NIFTY,,2025-01-23,2025-01-23,21850.0,PE,NIFTY2512321850PE,7.15,7.15,3.7,4.0,3.7,8.05,24004.75,4.0,6975,150,167,273743265.0,64,F1,75,,,,,
2025-01-03,2025-01-03,FO,NSE,IDO,48015,,NIFTY,,2025-01-09,2025-01-09,21850.0,CE,NIFTY2510921850CE,2285.4,2285.4,2211.5,2211.5,2211.5,3012.6,24004.75,2179.0,0,0,8,14452691.25,6,F1,75,,,,,
2025-01-03,2025-01-03,FO,NSE,IDO,71557,,NIFTY,,2027-06-24,2027-06-24,22000.0,PE,NIFTY27JUN22000PE,0.0,0.0,0.0,3995.4,0.0,3995.4,24004.75,259.8,0,0,0,0.0,0,F1,75,,,,,
2025-01-03,2025-01-03,FO,NSE,IDO,61748,,NIFTY,,2029-12-27,2029-12-27,24000.0,CE,NIFTY29DEC24000CE,0.0,0.0,0.0,7730.0,0.0,7730.0,24004.75,7274.3,0,0,0,0.0,0,F1,75,,,,,
2025-01-03,2025-01-03,FO,NSE,IDO,53617,,NIFTY,,2027-12-30,2027-12-30,22000.0,PE,NIFTY27DEC22000PE,0.0,0.0,0.0,329.0,329.0,329.0,24004.75,258.0,25,0,0,0.0,0,F1,75,,,,,
2025-01-03,2025-01-03,FO,NSE,IDO,64566,,NIFTY,,2025-03-27,2025-03-27,24000.0,CE,NIFTY25MAR24000CE,925.0,930.3,812.25,823.6,813.45,940.4,24004.75,823.6,973625,39175,4287,7993201316.25,3440,F1,75,,,,,
2025-01-03,2025-01-03,FO,NSE,IDO,71380,,NIFTY,,2025-06-26,2025-06-26,24000.0,PE,NIFTY25JUN24000PE,543.2,569.0,520.6,558.1,560.0,528.5,24004.75,558.1,413025,-1925,1941,3573622833.75,1307,F1,75,,,,,
2025-01-03,2025-01-03,FO,NSE,IDO,67779,,NIFTY,,2028-12-28,2028-12-28,22000.0,PE,NIFTY28DEC22000PE,0.0,0.0,0.0,521.3,521.3,521.3,24004.75,241.5,225,0,0,0.0,0,F1,75,,,,,
2025-01-03,2025-01-03,FO,NSE,IDO,55003,,NIFTY,,2025-01-23,2025-01-23,24000.0,CE,NIFTY2512324000CE,431.4,439.0,321.0,332.15,321.0,457.45,24004.75,332.15,60675,18450,1857,3392370881.25,1205,F1,75,,,,,
2025-01-03,2025-01-03,FO,NSE,IDO,71473,,NIFTY,,2026-06-25,2026-06-25,24000.0,PE,NIFTY26JUN24000PE,0.0,0.0,0.0,5437.7,0.0,5437.7,24004.75,632.4,0,0,0,0.0,0,F1,75,,,,,
2025-01-03,2025-01-03,FO,NSE,IDO,64562,,NIFTY,,2025-03-27,2025-03-27,22000.0,CE,NIFTY25MAR22000CE,2531.9,2532.85,2388.85,2402.25,2394.3,2557.55,24004.75,2402.25,279200,1425,75,137585602.5,65,F1,75,,,,,
2025-01-03,2025-01-03,FO,NSE,IDO,67783,,NIFTY,,2028-12-28,2028-12-28,24000.0,PE,NIFTY28DEC24000PE,0.0,0.0,0.0,564.65,564.65,564.65,24004.75,481.0,525,0,0,0.0,0,F1,75,,,,,
2025-01-03,2025-01-03,FO,NSE,IDO,89630,,NIFTY,,2029-06-28,2029-06-28,24000.0,CE,NIFTY29JUN24000CE,0.0,0.0,0.0,8085.35,0.0,8085.35,24004.75,6720.3,0,0,0,0.0,0,F1,75,,,,,
2025-01-03,2025-01-03,FO,NSE,IDO,46584,,NIFTY,,2025-01-30,2025-01-30,26050.0,CE,NIFTY25JAN26050CE,11.7,11.7,6.65,6.95,6.65,8.75,24004.75,6.95,22800,2725,1483,966095243.75,492,F1,25,,,,,
2025-01-03,2025-01-03,FO,NSE,IDO,61660,,NIFTY,,2029-12-27,2029-12-27,21000.0,PE,NIFTY29DEC21000PE,0.0,0.0,0.0,278.8,0.0,278.8,24004.75,150.55,0,0,0,0.0,0,F1,75,,,,,
2025-01-03,2025-01-03,FO,NSE,IDO,53615,,NIFTY,,2027-12-30,2027-12-30,21000.0,PE,NIFTY27DEC21000PE,0.0,0.0,0.0,582.95,582.95,582.95,24004.75,164.9,50,0,0,0.0,0,F1,75,,,,,
2025-01-03,2025-01-03,FO,NSE,IDO,51453,,NIFTY,,2026-06-25,2026-06-25,21000.0,CE,NIFTY26JUN21000CE,0.0,0.0,0.0,3881.9,0.0,3881.9,24004.75,5119.65,0,0,0,0.0,0,F1,75,,,,,
2025-01-03,2025-01-03,FO,NSE,IDO,89625,,NIFTY,,2029-06-28,2029-06-28,21000.0,PE,NIFTY29JUN21000PE,0.0,0.0,0.0,320.25,0.0,320.25,24004.75,156.85,0,0,0,0.0,0,F1,75,,,,,
2025-01-03,2025-01-03,FO,NSE,IDO,67776,,NIFTY,,2028-12-28,2028-12-28,21000.0,CE,NIFTY28DEC21000CE,0.0,0.0,0.0,7512.5,0.0,7512.5,24004.75,8120.85,0,0,0,0.0,0,F1,75,,,,,
2025-01-03,2025-01-03,FO,NSE,IDO,67777,,NIFTY,,2028-12-28,2028-12-28,21000.0,PE,NIFTY28DEC21000PE,0.0,0.0,0.0,500.0,500.0,500.0,24004.75,161.9,1000,0,0,0.0,0,F1,75,,,,,
2025-01-03,2025-01-03,FO,NSE,IDO,67773,,NIFTY,,2028-12-28,2028-12-28,19000.0,PE,NIFTY28DEC19000PE,0.0,0.0,0.0,158.0,0.0,158.0,24004.75,63.35,0,0,0,0.0,0,F1,75,,,,,
2025-01-03,2025-01-03,FO,NSE,IDO,53606,,NIFTY,,2027-12-30,2027-12-30,19000.0,PE,NIFTY27DEC19000PE,0.0,0.0,0.0,299.95,299.95,299.95,24004.75,56.8,525,0,0,0.0,0,F1,75,,,,,
2025-01-03,2025-01-03,FO,NSE,IDO,39987,,NIFTY,,2025-12-24,2025-12-24,19000.0,CE,NIFTY25DEC19000CE,5850.0,5999.0,5850.0,5999.0,5999.0,5600.0,24004.75,6224.45,6700,150,3,5613600.0,3,F1,75,,,,,
2025-01-03,2025-01-03,FO,NSE,IDO,53605,,NIFTY,,2027-12-30,2027-12-30,19000.0,CE,NIFTY27DEC19000CE,0.0,0.0,0.0,5794.9,0.0,5794.9,24004.75,8533.0,0,0,0,0.0,0,F1,75,,,,,
2025-01-03,2025-01-03,FO,NSE,IDO,39986,,NIFTY,,2025-06-26,2025-06-26,19000.0,PE,NIFTY25JUN19000PE,33.0,34.0,27.4,29.05,29.2,30.5,24004.75,29.05,630225,1950,958,1367206995.0,916,F1,75,,,,,
2025-01-03,2025-01-03,FO,NSE,IDO,86141,,NIFTY,,2028-06-29,2028-06-29,19000.0,CE,NIFTY28JUN19000CE,0.0,0.0,0.0,6252.25,0.0,6252.25,24004.75,9051.2,0,0,0,0.0,0,F1,75,,,,,
2025-01-03,2025-01-03,FO,NSE,IDO,71549,,NIFTY,,2027-06-24,2027-06-24,19000.0,CE,NIFTY27JUN19000CE,0.0,0.0,0.0,7800.0,7800.0,7800.0,24004.75,7973.65,75,0,0,0.0,0,F1,75,,,,,
2025-01-03,2025-01-03,FO,NSE,IDO,86142,,NIFTY,,2028-06-29,2028-06-29,19000.0,PE,NIFTY28JUN19000PE,0.0,0.0,0.0,537.45,0.0,537.45,24004.75,61.05,0,0,0,0.0,0,F1,75,,,,,
2025-01-03,2025-01-03,FO,NSE,IDO,64554,,NIFTY,,2025-03-27,2025-03-27,19000.0,CE,NIFTY25MAR19000CE,0.0,0.0,0.0,5050.0,5050.0,5050.0,24004.75,5294.2,16325,0,0,0.0,0,F1,75,,,,,
2025-01-03,2025-01-03,FO,NSE,IDO,89615,,NIFTY,,2029-06-28,2029-06-28,19000.0,PE,NIFTY29JUN19000PE,0.0,0.0,0.0,170.3,0.0,170.3,24004.75,64.25,0,0,0,0.0,0,F1,75,,,,,
2025-01-03,2025-01-03,FO,NSE,IDO,64555,,NIFTY,,2025-03-27,2025-03-27,19000.0,PE,NIFTY25MAR19000PE,10.85,11.5,9.05,10.2,9.05,12.0,24004.75,10.2,73550,-2550,293,417754612.5,131,F1,75,,,,,
2025-01-03,2025-01-03,FO,NSE,IDO,67772,,NIFTY,,2028-12-28,2028-12-28,19000.0,CE,NIFTY28DEC19000CE,0.0,0.0,0.0,8739.0,0.0,8739.0,24004.75,9550.5,0,0,0,0.0,0,F1,75,,,,,
2025-01-03,2025-01-03,FO,NSE,IDO,39990,,NIFTY,,2026-06-25,2026-06-25,19000.0,PE,NIFTY26JUN19000PE,0.0,0.0,0.0,160.05,160.05,160.05,24004.75,27.2,175,0,0,0.0,0,F1,75,,,,,
2025-01-03,2025-01-03,FO,NSE,IDO,71550,,NIFTY,,2027-06-24,2027-06-24,19000.0,PE,NIFTY27JUN19000PE,0.0,0.0,0.0,201.05,201.05,201.05,24004.75,49.8,525,0,0,0.0,0,F1,75,,,,,
2025-01-03,2025-01-03,FO,NSE,IDO,64683,,NIFTY,,2025-09-25,2025-09-25,19000.0,PE,NIFTY25SEP19000PE,0.0,0.0,0.0,8.9,0.0,8.9,24004.75,5.85,0,0,0,0.0,0,F1,75,,,,,
2025-01-03,2025-01-03,FO,NSE,IDO,39989,,NIFTY,,2026-06-25,2026-06-25,19000.0,CE,NIFTY26JUN19000CE,0.0,0.0,0.0,5792.0,5792.0,5792.0,24004.75,6831.35,100,0,0,0.0,0,F1,75,,,,,
2025-01-03,2025-01-03,FO,NSE,IDO,58643,,NIFTY,,2026-12-31,2026-12-31,19000.0,PE,NIFTY26DEC19000PE,0.0,0.0,0.0,203.0,203.0,203.0,24004.75,40.5,2325,0,0,0.0,0,F1,75,,,,,
2025-01-03,2025-01-03,FO,NSE,IDO,48194,,NIFTY,,2025-01-09,2025-01-09,25400.0,PE,NIFTY2510925400PE,1248.6,1396.25,1244.95,1396.25,1396.25,1209.0,24004.75,1396.25,8175,2475,96,192031413.75,42,F1,75,,,,,
2025-01-03,2025-01-03,FO,NSE,IDO,45016,,NIFTY,,2025-02-06,2025-02-06,24300.0,CE,NIFTY2520624300CE,0.0,0.0,0.0,510.25,0.0,510.25,24004.75,331.7,0,0,0,0.0,0,F1,75,,,,,
2025-01-03,2025-01-03,FO,NSE,IDO,55095,,NIFTY,,2025-01-23,2025-01-23,25400.0,CE,NIFTY2512325400CE,16.2,16.95,10.0,10.75,10.85,18.7,24004.75,10.75,15450,11700,267,508898730.0,114,F1,75,,,,,
2025-01-03,2025-01-03,FO,NSE,IDO,55096,,NIFTY,,2025-01-23,2025-01-23,25400.0,PE,NIFTY2512325400PE,0.0,0.0,0.0,1368.55,0.0,1368.55,24004.75,1317.45,0,0,0,0.0,0,F1,75,,,,,
2025-01-03,2025-01-03,FO,NSE,IDO,52560,,NIFTY,,2025-01-16,2025-01-16,23250.0,PE,NIFTY2511623250PE,34.1,39.1,22.75,30.65,30.8,34.1,24004.75,30.65,17175,11175,934,1630799505.0,560,F1,75,,,,,
2025-01-03,2025-01-03,FO,NSE,IDO,55649,,NIFTY,,2025-02-27,2025-02-27,23250.0,CE,NIFTY25FEB23250CE,0.0,0.0,0.0,1426.2,0.0,1426.2,24004.75,1140.15,0,0,0,0.0,0,F1,75,,,,,
2025-01-03,2025-01-03,FO,NSE,IDO,44934,,NIFTY,,2025-02-06,2025-02-06,23250.0,CE,NIFTY2520623250CE,0.0,0.0,0.0,1212.0,0.0,1212.0,24004.75,995.2,0,0,0,0.0,0,F1,75,,,,,
2025-01-03,2025-01-03,FO,NSE,IDO,43248,,NIFTY,,2025-01-30,2025-01-30,22600.0,PE,NIFTY25JAN22600PE,27.95,28.7,20.7,26.75,27.95,26.6,24004.75,26.75,480825,-81200,26164,14799312897.5,9603,F1,25,,,,,
2025-01-03,2025-01-03,FO,NSE,IDO,54934,,NIFTY,,2025-01-23,2025-01-23,23250.0,PE,NIFTY2512323250PE,55.7,61.45,55.7,60.25,61.45,185.95,24004.75,60.25,2550,1650,28,48950325.0,8,F1,75,,,,,
2025-01-03,2025-01-03,FO,NSE,IDO,44235,,NIFTY,,2025-01-30,2025-01-30,23250.0,PE,NIFTY25JAN23250PE,74.25,94.85,67.65,90.5,92.9,77.55,24004.75,90.5,195475,19300,7386,4308267665.0,2654,F1,25,,,,,
2025-01-03,2025-01-03,FO,NSE,IDO,49834,,NIFTY,,2025-03-27,2025-03-27,23250.0,CE,NIFTY25MAR23250CE,0.0,0.0,0.0,1302.15,0.0,1302.15,24004.75,1316.05,0,0,0,0.0,0,F1,75,,,,,
2025-01-03,2025-01-03,FO,NSE,IDO,55624,,NIFTY,,2025-02-27,2025-02-27,22600.0,PE,NIFTY25FEB22600PE,78.0,87.3,69.45,83.9,86.25,76.3,24004.75,83.9,163725,34500,1127,1916749065.0,511,F1,75,,,,,
2025-01-03,2025-01-03,FO,NSE,IDO,54857,,NIFTY,,2025-01-23,2025-01-23,23250.0,CE,NIFTY2512323250CE,0.0,0.0,0.0,1024.1,0.0,1024.1,24004.75,890.3,0,0,0,0.0,0,F1,75,,,,,
2025-01-03,2025-01-03,FO,NSE,IDO,47021,,NIFTY,,2025-03-27,2025-03-27,22600.0,PE,NIFTY25MAR22600PE,118.0,126.05,106.75,124.0,125.0,110.9,24004.75,124.0,43350,13050,435,741148207.5,184,F1,75,,,,,
2025-01-03,2025-01-03,FO,NSE,IDO,55650,,NIFTY,,2025-02-27,2025-02-27,23250.0,PE,NIFTY25FEB23250PE,0.0,0.0,0.0,342.7,0.0,342.7,24004.75,150.1,0,0,0,0.0,0,F1,75,,,,,
2025-01-03,2025-01-03,FO,NSE,IDO,44898,,NIFTY,,2025-02-06,2025-02-06,22600.0,PE,NIFTY2520622600PE,0.0,0.0,0.0,34.1,0.0,34.1,24004.75,22.3,0,0,0,0.0,0,F1,75,,,,,
2025-01-03,2025-01-03,FO,NSE,IDO,48045,,NIFTY,,2025-01-09,2025-01-09,22600.0,CE,NIFTY2510922600CE,1565.5,1565.5,1412.6,1412.6,1412.6,1543.0,24004.75,1429.85,1200,75,3,5418607.5,3,F1,75,,,,,
2025-01-03,2025-01-03,FO,NSE,IDO,48083,,NIFTY,,2025-01-09,2025-01-09,23250.0,CE,NIFTY2510923250CE,840.0,877.3,739.05,753.4,760.9,945.55,24004.75,753.4,4800,900,146,263036767.5,77,F1,75,,,,,
2025-01-03,2025-01-03,FO,NSE,IDO,47017,,NIFTY,,2025-03-27,2025-03-27,22600.0,CE,NIFTY25MAR22600CE,0.0,0.0,0.0,1769.2,0.0,1769.2,24004.75,1839.35,0,0,0,0.0,0,F1,75,,,,,
2025-01-03,2025-01-03,FO,NSE,IDO,54757,,NIFTY,,2025-01-23,2025-01-23,22600.0,PE,NIFTY2512322600PE,14.0,15.0,14.0,14.5,15.0,53.7,24004.75,14.5,300,300,4,6784350.0,2,F1,75,,,,,
2025-01-03,2025-01-03,FO,NSE,IDO,43247,,NIFTY,,2025-01-30,2025-01-30,22600.0,CE,NIFTY25JAN22600CE,1500.0,1520.0,1500.0,1515.0,1520.0,1639.0,24004.75,1515.0,4900,50,4,2411500.0,2,F1,25,,,,,
2025-01-03,2025-01-03,FO,NSE,IDO,52559,,NIFTY,,2025-01-16,2025-01-16,23250.0,CE,NIFTY2511623250CE,825.8,825.8,797.45,824.25,797.45,748.0,24004.75,824.25,2625,-1500,33,59583776.25,18,F1,75,,,,,
2025-01-03,2025-01-03,FO,NSE,IDO,48046,,NIFTY,,2025-01-09,2025-01-09,22600.0,PE,NIFTY2510922600PE,3.3,3.3,1.0,1.1,1.05,3.4,24004.75,1.1,1901250,811650,121479,205922345358.75,28154,F1,75,,,,,
2025-01-03,2025-01-03,FO,NSE,IDO,55069,,NIFTY,,2025-01-23,2025-01-23,25050.0,CE,NIFTY2512325050CE,40.0,40.8,24.4,25.35,24.4,47.25,24004.75,25.35,26550,26250,404,759901402.5,228,F1,75,,,,,
2025-01-03,2025-01-03,FO,NSE,IDO,56867,,NIFTY,,2025-03-27,2025-03-27,25050.0,PE,NIFTY25MAR25050PE,0.0,0.0,0.0,1278.65,0.0,1278.65,24004.75,1016.9,0,0,0,0.0,0,F1,75,,,,,
2025-01-03,2025-01-03,FO,NSE,IDO,55101,,NIFTY,,2025-01-23,2025-01-23,25550.0,CE,NIFTY2512325550CE,7.3,10.5,7.2,7.45,7.25,13.25,24004.75,7.45,2250,1500,55,105429581.25,12,F1,75,,,,,
2025-01-03,2025-01-03,FO,NSE,IDO,46471,,NIFTY,,2025-01-30,2025-01-30,25550.0,CE,NIFTY25JAN25550CE,20.3,20.3,12.5,13.05,12.5,20.3,24004.75,13.05,35000,-250,4466,2854333163.75,1172,F1,25,,,,,
2025-01-03,2025-01-03,FO,NSE,IDO,56887,,NIFTY,,2025-03-27,2025-03-27,25550.0,PE,NIFTY25MAR25550PE,0.0,0.0,0.0,1635.05,0.0,1635.05,24004.75,1374.7,0,0,0,0.0,0,F1,75,,,,,
2025-01-03,2025-01-03,FO,NSE,IDO,48199,,NIFTY,,2025-01-09,2025-01-09,25550.0,CE,NIFTY2510925550CE,1.45,1.75,0.75,1.0,0.9,1.5,24004.75,1.0,502800,429450,46711,89514790233.75,14599,F1,75,,,,,
2025-01-03,2025-01-03,FO,NSE,IDO,52871,,NIFTY,,2025-01-16,2025-01-16,25500.0,PE,NIFTY2511625500PE,1436.5,1469.8,1436.5,1469.8,1469.8,1900.0,24004.75,1469.8,300,225,3,6065707.5,2,F1,75,,,,,
2025-01-03,2025-01-03,FO,NSE,IDO,57598,,NIFTY,,2025-02-27,2025-02-27,23900.0,PE,NIFTY25FEB23900PE,316.2,372.0,310.0,363.4,367.3,313.6,24004.75,363.4,53775,8250,804,1461927982.5,579,F1,75,,,,,
2025-01-03,2025-01-03,FO,NSE,IDO,52678,,NIFTY,,2025-01-16,2025-01-16,23900.0,PE,NIFTY2511623900PE,146.85,188.0,124.3,175.9,181.15,135.85,24004.75,175.9,144525,24075,13473,24312727950.0,8294,F1,75,,,,,
2025-01-03,2025-01-03,FO,NSE,IDO,48111,,NIFTY,,2025-01-09,2025-01-09,23900.0,PE,NIFTY2510923900PE,83.0,126.1,62.75,111.35,116.15,83.65,24004.75,111.35,3495900,-42900,1078137,1940480048437.5,619024,F1,75,,,,,
2025-01-03,2025-01-03,FO,NSE,IDO,54721,,NIFTY,,2025-03-27,2025-03-27,23900.0,CE,NIFTY25MAR23900CE,950.0,950.0,885.0,885.0,885.0,1025.0,24004.75,878.15,2250,75,2,3722625.0,2,F1,75,,,,,
2025-01-03,2025-01-03,FO,NSE,IDO,48110,,NIFTY,,2025-01-09,2025-01-09,23900.0,CE,NIFTY2510923900CE,322.85,363.0,198.0,210.95,201.0,375.85,24004.75,210.95,1639350,357525,209540,379535368762.5,126435,F1,75,,,,,
2025-01-03,2025-01-03,FO,NSE,IDO,46340,,NIFTY,,2025-01-30,2025-01-30,23900.0,PE,NIFTY25JAN23900PE,238.95,269.55,203.0,259.45,267.6,208.2,24004.75,259.45,1676375,44700,54327,32783595423.75,18843,F1,25,,,,,
2025-01-03,2025-01-03,FO,NSE,IDO,44983,,NIFTY,,2025-02-06,2025-02-06,23900.0,PE,NIFTY2520623900PE,0.0,0.0,0.0,283.55,0.0,283.55,24004.75,281.5,0,0,0,0.0,0,F1,75,,,,,
2025-01-03,2025-01-03,FO,NSE,IDO,44982,,NIFTY,,2025-02-06,2025-02-06,23900.0,CE,NIFTY2520623900CE,0.0,0.0,0.0,738.45,0.0,738.45,24004.75,536.05,0,0,0,0.0,0,F1,75,,,,,
2025-01-03,2025-01-03,FO,NSE,IDO,54999,,NIFTY,,2025-01-23,2025-01-23,23900.0,CE,NIFTY2512323900CE,505.95,506.0,379.3,386.7,379.3,526.65,24004.75,386.7,11775,5625,210,383108917.5,103,F1,75,,,,,
2025-01-03,2025-01-03,FO,NSE,IDO,46334,,NIFTY,,2025-01-30,2025-01-30,23900.0,CE,NIFTY25JAN23900CE,591.75,591.75,445.05,456.25,446.0,591.75,24004.75,456.25,1194375,28175,34275,20909746601.25,13994,F1,25,,,,,
2025-01-03,2025-01-03,FO,NSE,IDO,54722,,NIFTY,,2025-03-27,2025-03-27,23900.0,PE,NIFTY25MAR23900PE,380.0,411.6,375.0,406.15,411.6,356.25,24004.75,406.15,8925,5625,103,187599390.0,25,F1,75,,,,,
2025-01-03,2025-01-03,FO,NSE,IDO,52677,,NIFTY,,2025-01-16,2025-01-16,23900.0,CE,NIFTY2511623900CE,428.7,442.95,300.0,310.45,307.6,458.25,24004.75,310.45,79650,33150,3524,6409672672.5,2634,F1,75,,,,,
2025-01-03,2025-01-03,FO,NSE,IDO,57597,,NIFTY,,2025-02-27,2025-02-27,23900.0,CE,NIFTY25FEB23900CE,800.8,801.3,690.5,695.1,691.3,827.1,24004.75,695.1,28950,-4575,229,423146516.25,203,F1,75,,,,,
2025-01-03,2025-01-03,FO,NSE,IDO,55000,,NIFTY,,2025-01-23,2025-01-23,23900.0,PE,NIFTY2512323900PE,193.25,233.95,177.3,226.9,233.95,178.25,24004.75,226.9,11250,-450,278,502687736.25,171,F1,75,,,,,
2025-01-03,2025-01-03,FO,NSE,IDO,55011,,NIFTY,,2025-01-23,2025-01-23,24150.0,CE,NIFTY2512324150CE,339.45,353.6,255.0,259.5,259.95,370.3,24004.75,259.5,3825,2850,119,218097086.25,87,F1,75,,,,,
2025-01-03,2025-01-03,FO,NSE,IDO,54820,,NIFTY,,2025-03-27,2025-03-27,24150.0,PE,NIFTY25MAR24150PE,460.0,487.55,438.2,483.9,483.9,465.25,24004.75,513.85,1425,1350,22,40641262.5,6,F1,75,,,,,
2025-01-03,2025-01-03,FO,NSE,IDO,45009,,NIFTY,,2025-02-06,2025-02-06,24150.0,PE,NIFTY2520624150PE,0.0,0.0,0.0,383.1,0.0,383.1,24004.75,394.8,0,0,0,0.0,0,F1,75,,,,,
2025-01-03,2025-01-03,FO,NSE,IDO,45008,,NIFTY,,2025-02-06,2025-02-06,24150.0,CE,NIFTY2520624150CE,0.0,0.0,0.0,589.75,0.0,589.75,24004.75,400.95,0,0,0,0.0,0,F1,75,,,,,
2025-01-03,2025-01-03,FO,NSE,IDO,57608,,NIFTY,,2025-02-27,2025-02-27,24150.0,PE,NIFTY25FEB24150PE,400.9,466.75,400.9,456.4,460.6,400.45,24004.75,456.4,5550,1275,77,142023318.75,56,F1,75,,,,,
2025-01-03,2025-01-03,FO,NSE,IDO,52710,,NIFTY,,2025-01-16,2025-01-16,24150.0,PE,NIFTY2511624150PE,246.95,309.85,217.95,297.05,298.5,223.0,24004.75,297.05,40050,22800,4951,9065591760.0,2879,F1,75,,,,,
2025-01-03,2025-01-03,FO,NSE,IDO,57607,,NIFTY,,2025-02-27,2025-02-27,24150.0,CE,NIFTY25FEB24150CE,595.45,613.4,549.0,556.2,555.4,678.95,24004.75,556.2,6675,1725,85,157678481.25,53,F1,75,,,,,
2025-01-03,2025-01-03,FO,NSE,IDO,54819,,NIFTY,,2025-03-27,2025-03-27,24150.0,CE,NIFTY25MAR24150CE,0.0,0.0,0.0,787.2,0.0,787.2,24004.75,736.45,0,0,0,0.0,0,F1,75,,,,,
2025-01-03,2025-01-03,FO,NSE,IDO,52862,,NIFTY,,2025-01-16,2025-01-16,25300.0,CE,NIFTY2511625300CE,9.0,9.05,5.15,5.4,5.65,8.6,24004.75,5.4,384675,272325,12337,23415504626.25,5224,F1,75,,,,,
2025-01-03,2025-01-03,FO,NSE,IDO,46461,,NIFTY,,2025-01-30,2025-01-30,25300.0,CE,NIFTY25JAN25300CE,37.85,38.15,20.95,22.05,21.65,37.65,24004.75,22.05,451650,-130900,45227,28637423428.75,15418,F1,25,,,,,
2025-01-03,2025-01-03,FO,NSE,IDO,45079,,NIFTY,,2025-02-06,2025-02-06,25300.0,CE,NIFTY2520625300CE,0.0,0.0,0.0,158.6,0.0,158.6,24004.75,68.2,0,0,0,0.0,0,F1,75,,,,,
2025-01-03,2025-01-03,FO,NSE,IDO,46462,,NIFTY,,2025-01-30,2025-01-30,25300.0,PE,NIFTY25JAN25300PE,1140.0,1226.9,1104.8,1217.25,1207.5,1042.45,24004.75,1217.25,29400,25,22,14560242.5,19,F1,25,,,,,
2025-01-03,2025-01-03,FO,NSE,IDO,48019,,NIFTY,,2025-01-09,2025-01-09,21950.0,CE,NIFTY2510921950CE,0.0,0.0,0.0,2913.9,0.0,2913.9,24004.75,2079.1,0,0,0,0.0,0,F1,75,,,,,
2025-01-03,2025-01-03,FO,NSE,IDO,46943,,NIFTY,,2025-03-27,2025-03-27,21950.0,PE,NIFTY25MAR21950PE,0.0,0.0,0.0,110.9,110.9,110.9,24004.75,33.2,3150,0,0,0.0,0,F1,75,,,,,
2025-01-03,2025-01-03,FO,NSE,IDO,43238,,NIFTY,,2025-01-30,2025-01-30,22350.0,PE,NIFTY25JAN22350PE,17.5,18.65,14.3,17.65,18.0,18.9,24004.75,17.65,22350,5125,1970,1101562513.75,666,F1,25,,,,,
2025-01-03,2025-01-03,FO,NSE,IDO,52416,,NIFTY,,2025-01-16,2025-01-16,21950.0,PE,NIFTY2511621950PE,3.25,3.8,2.3,2.35,2.45,3.9,24004.75,2.35,9900,-300,312,513696907.5,186,F1,75,,,,,
2025-01-03,2025-01-03,FO,NSE,IDO,55614,,NIFTY,,2025-02-27,2025-02-27,22350.0,PE,NIFTY25FEB22350PE,0.0,0.0,0.0,99.0,99.0,99.0,24004.75,32.25,3600,0,0,0.0,0,F1,75,,,,,
2025-01-03,2025-01-03,FO,NSE,IDO,46989,,NIFTY,,2025-03-27,2025-03-27,22350.0,PE,NIFTY25MAR22350PE,0.0,0.0,0.0,110.45,110.45,110.45,24004.75,62.8,3000,0,0,0.0,0,F1,75,,,,,
2025-01-03,2025-01-03,FO,NSE,IDO,43213,,NIFTY,,2025-01-30,2025-01-30,21950.0,CE,NIFTY25JAN21950CE,0.0,0.0,0.0,2652.1,2652.15,2652.1,24004.75,2165.5,150,0,0,0.0,0,F1,25,,,,,
2025-01-03,2025-01-03,FO,NSE,IDO,54692,,NIFTY,,2025-01-23,2025-01-23,21950.0,CE,NIFTY2512321950CE,0.0,0.0,0.0,2168.35,0.0,2168.35,24004.75,2136.15,0,0,0,0.0,0,F1,75,,,,,
2025-01-03,2025-01-03,FO,NSE,IDO,52411,,NIFTY,,2025-01-16,2025-01-16,21950.0,CE,NIFTY2511621950CE,0.0,0.0,0.0,2755.15,0.0,2755.15,24004.75,2107.5,0,0,0,0.0,0,F1,75,,,,,
2025-01-03,2025-01-03,FO,NSE,IDO,46942,,NIFTY,,2025-03-27,2025-03-27,21950.0,CE,NIFTY25MAR21950CE,0.0,0.0,0.0,2301.2,0.0,2301.2,24004.75,2422.3,0,0,0,0.0,0,F1,75,,,,,
2025-01-03,2025-01-03,FO,NSE,IDO,55598,,NIFTY,,2025-02-27,2025-02-27,21950.0,PE,NIFTY25FEB21950PE,39.45,39.45,39.45,39.45,39.45,39.45,24004.75,13.85,5250,0,1,1649208.75,1,F1,75,,,,,
2025-01-03,2025-01-03,FO,NSE,IDO,54716,,NIFTY,,2025-01-23,2025-01-23,22350.0,PE,NIFTY2512322350PE,0.0,0.0,0.0,32.8,0.0,32.8,24004.75,2.3,0,0,0,0.0,0,F1,75,,,,,
2025-01-03,2025-01-03,FO,NSE,IDO,48036,,NIFTY,,2025-01-09,2025-01-09,22350.0,PE,NIFTY2510922350PE,1.55,2.4,0.65,0.7,0.7,2.6,24004.75,0.7,2652525,2514225,156640,262580212473.75,27333,F1,75,,,,,
2025-01-03,2025-01-03,FO,NSE,IDO,54715,,NIFTY,,2025-01-23,2025-01-23,22350.0,CE,NIFTY2512322350CE,0.0,0.0,0.0,1790.4,0.0,1790.4,24004.75,1739.55,0,0,0,0.0,0,F1,75,,,,,
2025-01-03,2025-01-03,FO,NSE,IDO,43214,,NIFTY,,2025-01-30,2025-01-30,21950.0,PE,NIFTY25JAN21950PE,10.0,10.2,7.7,8.25,8.7,10.8,24004.75,8.25,66525,41050,4886,2682217391.25,1644,F1,25,,,,,
2025-01-03,2025-01-03,FO,NSE,IDO,55613,,NIFTY,,2025-02-27,2025-02-27,22350.0,CE,NIFTY25FEB22350CE,0.0,0.0,0.0,2111.35,0.0,2111.35,24004.75,1913.2,0,0,0,0.0,0,F1,75,,,,,
2025-01-03,2025-01-03,FO,NSE,IDO,52474,,NIFTY,,2025-01-16,2025-01-16,22350.0,PE,NIFTY2511622350PE,3.2,3.8,3.2,3.55,3.65,9.9,24004.75,3.55,3075,3075,64,107296927.5,33,F1,75,,,,,
2025-01-03,2025-01-03,FO,NSE,IDO,48020,,NIFTY,,2025-01-09,2025-01-09,21950.0,PE,NIFTY2510921950PE,2.35,2.35,0.65,0.7,0.75,2.4,24004.75,0.7,920550,170775,51454,84710767406.25,14006,F1,75,,,,,
2025-01-03,2025-01-03,FO,NSE,IDO,55597,,NIFTY,,2025-02-27,2025-02-27,21950.0,CE,NIFTY25FEB21950CE,0.0,0.0,0.0,2451.75,0.0,2451.75,24004.75,2290.7,0,0,0,0.0,0,F1,75,,,,,
2025-01-03,2025-01-03,FO,NSE,IDO,46988,,NIFTY,,2025-03-27,2025-03-27,22350.0,CE,NIFTY25MAR22350CE,0.0,0.0,0.0,1967.0,0.0,1967.0,24004.75,2058.0,0,0,0,0.0,0,F1,75,,,,,
2025-01-03,2025-01-03,FO,NSE,IDO,52470,,NIFTY,,2025-01-16,2025-01-16,22350.0,CE,NIFTY2511622350CE,0.0,0.0,0.0,2364.3,0.0,2364.3,24004.75,1708.75,0,0,0,0.0,0,F1,75,,,,,
2025-01-03,2025-01-03,FO,NSE,IDO,54693,,NIFTY,,2025-01-23,2025-01-23,21950.0,PE,NIFTY2512321950PE,0.0,0.0,0.0,13.55,0.0,13.55,24004.75,0.35,0,0,0,0.0,0,F1,75,,,,,
2025-01-03,2025-01-03,FO,NSE,IDO,43237,,NIFTY,,2025-01-30,2025-01-30,22350.0,CE,NIFTY25JAN22350CE,0.0,0.0,0.0,2275.6,2274.7,2275.6,24004.75,1772.2,100,0,0,0.0,0,F1,25,,,,,
2025-01-03,2025-01-03,FO,NSE,IDO,48035,,NIFTY,,2025-01-09,2025-01-09,22350.0,CE,NIFTY2510922350CE,0.0,0.0,0.0,2521.5,0.0,2521.5,24004.75,1679.55,0,0,0,0.0,0,F1,75,,,,,
2025-01-03,2025-01-03,FO,NSE,IDO,46590,,NIFTY,,2025-01-30,2025-01-30,26150.0,CE,NIFTY25JAN26150CE,9.1,9.1,6.25,6.35,6.25,8.25,24004.75,6.35,30300,-2600,874,571528033.75,427,F1,25,,,,,
2025-01-03,2025-01-03,FO,NSE,IDO,52856,,NIFTY,,2025-01-16,2025-01-16,25150.0,CE,NIFTY2511625150CE,15.3,15.35,7.55,7.85,7.8,15.15,24004.75,7.85,19275,11850,1917,3617339812.5,1232,F1,75,,,,,
2025-01-03,2025-01-03,FO,NSE,IDO,45066,,NIFTY,,2025-02-06,2025-02-06,25150.0,CE,NIFTY2520625150CE,0.0,0.0,0.0,194.25,0.0,194.25,24004.75,89.7,0,0,0,0.0,0,F1,75,,,,,
2025-01-03,2025-01-03,FO,NSE,IDO,55610,,NIFTY,,2025-02-27,2025-02-27,22250.0,PE,NIFTY25FEB22250PE,0.0,0.0,0.0,129.25,0.0,129.25,24004.75,26.4,0,0,0,0.0,0,F1,75,,,,,
2025-01-03,2025-01-03,FO,NSE,IDO,52611,,NIFTY,,2025-01-16,2025-01-16,23550.0,CE,NIFTY2511623550CE,656.6,664.0,566.9,569.05,570.1,641.7,24004.75,569.05,3075,-300,22,39867506.25,20,F1,75,,,,,
2025-01-03,2025-01-03,FO,NSE,IDO,52800,,NIFTY,,2025-01-16,2025-01-16,24550.0,CE,NIFTY2511624550CE,104.65,111.45,56.35,59.7,59.65,114.85,24004.75,59.7,48150,25650,5496,10150264950.0,3557,F1,75,,,,,
2025-01-03,2025-01-03,FO,NSE,IDO,61747,,NIFTY,,2029-12-27,2029-12-27,23000.0,PE,NIFTY29DEC23000PE,0.0,0.0,0.0,488.7,0.0,488.7,24004.75,304.6,0,0,0,0.0,0,F1,75,,,,,
2025-01-03,2025-01-03,FO,NSE,IDO,37795,,NIFTY,,2025-12-24,2025-12-24,23000.0,CE,NIFTY25DEC23000CE,2947.0,2947.0,2824.0,2825.0,2825.0,2954.7,24004.75,2825.0,68950,3000,83,160961295.0,83,F1,75,,,,,
2025-01-03,2025-01-03,FO,NSE,IDO,89629,,NIFTY,,2029-06-28,2029-06-28,23000.0,PE,NIFTY29JUN23000PE,0.0,0.0,0.0,543.65,0.0,543.65,24004.75,325.65,0,0,0,0.0,0,F1,75,,,,,
2025-01-03,2025-01-03,FO,NSE,IDO,52616,,NIFTY,,2025-01-16,2025-01-16,23550.0,PE,NIFTY2511623550PE,73.2,83.4,50.2,73.25,73.25,66.5,24004.75,73.25,36300,16275,3999,7083553203.75,2436,F1,75,,,,,
2025-01-03,2025-01-03,FO,NSE,IDO,53618,,NIFTY,,2027-12-30,2027-12-30,23000.0,CE,NIFTY27DEC23000CE,0.0,0.0,0.0,4125.7,0.0,4125.7,24004.75,5592.1,0,0,0,0.0,0,F1,75,,,,,
2025-01-03,2025-01-03,FO,NSE,IDO,48064,,NIFTY,,2025-01-09,2025-01-09,23000.0,PE,NIFTY2510923000PE,5.0,6.45,2.7,3.1,3.6,7.1,24004.75,3.1,7860675,2688375,529436,913430958630.0,133418,F1,75,,,,,
2025-01-03,2025-01-03,FO,NSE,IDO,52521,,NIFTY,,2025-01-16,2025-01-16,23000.0,CE,NIFTY2511623000CE,1125.0,1150.05,1028.0,1046.75,1028.0,1249.6,24004.75,1046.75,11325,4800,141,254665338.75,113,F1,75,,,,,
2025-01-03,2025-01-03,FO,NSE,IDO,46374,,NIFTY,,2025-01-30,2025-01-30,24550.0,CE,NIFTY25JAN24550CE,206.95,215.85,145.5,151.0,149.4,226.25,24004.75,151.0,114250,18200,5748,3552950835.0,2523,F1,25,,,,,
2025-01-03,2025-01-03,FO,NSE,IDO,37799,,NIFTY,,2026-06-25,2026-06-25,23000.0,CE,NIFTY26JUN23000CE,0.0,0.0,0.0,2645.65,0.0,2645.65,24004.75,3580.85,0,0,0,0.0,0,F1,75,,,,,
2025-01-03,2025-01-03,FO,NSE,IDO,46264,,NIFTY,,2025-01-30,2025-01-30,23550.0,PE,NIFTY25JAN23550PE,127.4,156.95,115.4,151.65,155.0,123.35,24004.75,151.65,150275,-1375,5452,3228975218.75,1801,F1,25,,,,,
2025-01-03,2025-01-03,FO,NSE,IDO,57584,,NIFTY,,2025-02-27,2025-02-27,23550.0,PE,NIFTY25FEB23550PE,220.95,257.5,220.95,257.25,255.65,219.15,24004.75,257.25,8025,1500,76,135604965.0,33,F1,75,,,,,
2025-01-03,2025-01-03,FO,NSE,IDO,37796,,NIFTY,,2025-12-24,2025-12-24,23000.0,PE,NIFTY25DEC23000PE,486.05,509.5,481.0,505.75,509.5,487.35,24004.75,505.75,374150,3675,392,690799732.5,243,F1,75,,,,,
2025-01-03,2025-01-03,FO,NSE,IDO,86150,,NIFTY,,2028-06-29,2028-06-29,23000.0,PE,NIFTY28JUN23000PE,0.0,0.0,0.0,1399.25,0.0,1399.25,24004.75,366.85,0,0,0,0.0,0,F1,75,,,,,
2025-01-03,2025-01-03,FO,NSE,IDO,37805,,NIFTY,,2026-06-25,2026-06-25,23000.0,PE,NIFTY26JUN23000PE,551.15,614.8,551.15,595.75,597.0,591.3,24004.75,595.75,5850,300,13,22992461.25,6,F1,75,,,,,
2025-01-03,2025-01-03,FO,NSE,IDO,71559,,NIFTY,,2027-06-24,2027-06-24,23000.0,PE,NIFTY27JUN23000PE,0.0,0.0,0.0,4514.3,0.0,4514.3,24004.75,399.6,0,0,0,0.0,0,F1,75,,,,,
2025-01-03,2025-01-03,FO,NSE,IDO,89628,,NIFTY,,2029-06-28,2029-06-28,23000.0,CE,NIFTY29JUN23000CE,0.0,0.0,0.0,8636.0,0.0,8636.0,24004.75,7338.05,0,0,0,0.0,0,F1,75,,,,,
2025-01-03,2025-01-03,FO,NSE,IDO,55037,,NIFTY,,2025-01-23,2025-01-23,24550.0,CE,NIFTY2512324550CE,167.9,167.9,102.85,107.15,102.85,173.1,24004.75,107.15,10350,-13200,485,897334931.25,132,F1,75,,,,,
2025-01-03,2025-01-03,FO,NSE,IDO,44967,,NIFTY,,2025-02-06,2025-02-06,23550.0,PE,NIFTY2520623550PE,0.0,0.0,0.0,177.6,0.0,177.6,24004.75,163.0,0,0,0,0.0,0,F1,75,,,,,
2025-01-03,2025-01-03,FO,NSE,IDO,71558,,NIFTY,,2027-06-24,2027-06-24,23000.0,CE,NIFTY27JUN23000CE,0.0,0.0,0.0,2530.05,0.0,2530.05,24004.75,4938.05,0,0,0,0.0,0,F1,75,,,,,
2025-01-03,2025-01-03,FO,NSE,IDO,54777,,NIFTY,,2025-01-23,2025-01-23,23000.0,PE,NIFTY2512323000PE,36.7,40.25,26.95,35.45,37.5,36.15,24004.75,35.45,95700,1650,1438,2484222525.0,791,F1,75,,,,,
2025-01-03,2025-01-03,FO,NSE,IDO,48063,,NIFTY,,2025-01-09,2025-01-09,23000.0,CE,NIFTY2510923000CE,1194.25,1195.0,980.95,995.45,985.0,1199.75,24004.75,995.45,98850,-24075,1218,2197759818.75,723,F1,75,,,,,
2025-01-03,2025-01-03,FO,NSE,IDO,55640,,NIFTY,,2025-02-27,2025-02-27,23000.0,PE,NIFTY25FEB23000PE,123.5,141.25,115.25,137.4,140.0,122.45,24004.75,137.4,1328625,18150,9363,16241353151.25,4559,F1,75,,,,,
2025-01-03,2025-01-03,FO,NSE,IDO,48074,,NIFTY,,2025-01-09,2025-01-09,23100.0,PE,NIFTY2510923100PE,8.5,8.7,3.55,4.0,4.4,9.0,24004.75,4.0,1854525,562425,238441,413188667955.0,68379,F1,75,,,,,
2025-01-03,2025-01-03,FO,NSE,IDO,44929,,NIFTY,,2025-02-06,2025-02-06,23150.0,CE,NIFTY2520623150CE,0.0,0.0,0.0,1294.35,0.0,1294.35,24004.75,1077.6,0,0,0,0.0,0,F1,75,,,,,
2025-01-03,2025-01-03,FO,NSE,IDO,57682,,NIFTY,,2025-02-27,2025-02-27,25950.0,PE,NIFTY25FEB25950PE,0.0,0.0,0.0,1299.45,1299.45,1299.45,24004.75,1744.75,75,0,0,0.0,0,F1,75,,,,,
2025-01-03,2025-01-03,FO,NSE,IDO,46563,,NIFTY,,2025-01-30,2025-01-30,25950.0,PE,NIFTY25JAN25950PE,1730.0,1730.0,1730.0,1730.0,1730.0,1780.0,24004.75,1824.5,600,-25,1,692000.0,1,F1,25,,,,,
2025-01-03,2025-01-03,FO,NSE,IDO,55132,,NIFTY,,2025-01-23,2025-01-23,25950.0,PE,NIFTY2512325950PE,0.0,0.0,0.0,1857.85,0.0,1857.85,24004.75,1852.1,0,0,0,0.0,0,F1,75,,,,,
2025-01-03,2025-01-03,FO,NSE,IDO,52889,,NIFTY,,2025-01-16,2025-01-16,25950.0,CE,NIFTY2511625950CE,2.35,2.9,2.1,2.2,2.25,2.95,24004.75,2.2,2400,-1125,127,247196932.5,75,F1,75,,,,,
2025-01-03,2025-01-03,FO,NSE,IDO,51399,,NIFTY,,2025-03-27,2025-03-27,23500.0,CE,NIFTY25MAR23500CE,1271.4,1271.4,1144.95,1162.7,1150.4,1296.8,24004.75,1162.7,69750,-300,159,294667541.25,121,F1,75,,,,,
2025-01-03,2025-01-03,FO,NSE,IDO,52483,,NIFTY,,2025-01-16,2025-01-16,22500.0,CE,NIFTY2511622500CE,1612.0,1634.0,1520.55,1537.9,1520.55,2219.5,24004.75,1537.9,8325,8325,116,209492478.75,34,F1,75,,,,,
2025-01-03,2025-01-03,FO,NSE,IDO,46239,,NIFTY,,2025-01-30,2025-01-30,23500.0,CE,NIFTY25JAN23500CE,900.0,900.0,714.45,730.25,720.9,893.95,24004.75,730.25,1153350,-41325,17885,10854891572.5,7165,F1,25,,,,,
2025-01-03,2025-01-03,FO,NSE,IDO,46998,,NIFTY,,2025-03-27,2025-03-27,22500.0,PE,NIFTY25MAR22500PE,109.95,118.95,97.75,113.5,116.55,108.85,24004.75,113.5,236025,77400,2746,4655955967.5,1455,F1,75,,,,,
2025-01-03,2025-01-03,FO,NSE,IDO,48094,,NIFTY,,2025-01-09,2025-01-09,23500.0,CE,NIFTY2510923500CE,677.45,699.2,502.9,517.4,506.6,714.5,24004.75,517.4,328275,450,15190,27428381223.75,8093,F1,75,,,,,
2025-01-03,2025-01-03,FO,NSE,IDO,52610,,NIFTY,,2025-01-16,2025-01-16,23500.0,PE,NIFTY2511623500PE,60.2,74.25,43.7,63.6,65.15,59.85,24004.75,63.6,339900,64500,22936,40526817573.75,12212,F1,75,,,,,
2025-01-03,2025-01-03,FO,NSE,IDO,48042,,NIFTY,,2025-01-09,2025-01-09,22500.0,PE,NIFTY2510922500PE,2.7,2.8,0.9,1.0,1.0,3.0,24004.75,1.0,6789300,2874600,346351,584509846770.0,63808,F1,75,,,,,
2025-01-03,2025-01-03,FO,NSE,IDO,44865,,NIFTY,,2025-02-06,2025-02-06,22500.0,PE,NIFTY2520622500PE,0.0,0.0,0.0,27.7,0.0,27.7,24004.75,17.2,0,0,0,0.0,0,F1,75,,,,,
2025-01-03,2025-01-03,FO,NSE,IDO,55620,,NIFTY,,2025-02-27,2025-02-27,22500.0,PE,NIFTY25FEB22500PE,72.9,78.85,63.9,76.15,78.45,69.2,24004.75,76.15,1028100,51975,6416,10861240560.0,2888,F1,75,,,,,
2025-01-03,2025-01-03,FO,NSE,IDO,54981,,NIFTY,,2025-01-23,2025-01-23,23500.0,CE,NIFTY2512323500CE,680.0,757.55,660.0,662.7,668.0,843.9,24004.75,662.7,11700,300,64,116256007.5,31,F1,75,,,,,
2025-01-03,2025-01-03,FO,NSE,IDO,54752,,NIFTY,,2025-01-23,2025-01-23,22500.0,CE,NIFTY2512322500CE,0.0,0.0,0.0,1652.95,0.0,1652.95,24004.75,1592.0,0,0,0,0.0,0,F1,75,,,,,
2025-01-03,2025-01-03,FO,NSE,IDO,51400,,NIFTY,,2025-03-27,2025-03-27,23500.0,PE,NIFTY25MAR23500PE,271.3,295.0,254.85,290.35,295.0,264.05,24004.75,290.35,145725,10500,1994,3555883886.25,1030,F1,75,,,,,
2025-01-03,2025-01-03,FO,NSE,IDO,46256,,NIFTY,,2025-01-30,2025-01-30,23500.0,PE,NIFTY25JAN23500PE,134.95,145.0,105.1,137.75,143.0,114.55,24004.75,137.75,3584475,143075,134797,79620666133.75,33665,F1,25,,,,,
2025-01-03,2025-01-03,FO,NSE,IDO,38164,,NIFTY,,2027-12-30,2027-12-30,29000.0,CE,NIFTY27DEC29000CE,0.0,0.0,0.0,1932.55,0.0,1932.55,24004.75,2389.75,0,0,0,0.0,0,F1,75,,,,,
2025-01-03,2025-01-03,FO,NSE,IDO,38159,,NIFTY,,2026-12-31,2026-12-31,29000.0,PE,NIFTY26DEC29000PE,0.0,0.0,0.0,5042.25,0.0,5042.25,24004.75,2637.9,0,0,0,0.0,0,F1,75,,,,,
2025-01-03,2025-01-03,FO,NSE,IDO,38150,,NIFTY,,2025-06-26,2025-06-26,29000.0,CE,NIFTY25JUN29000CE,40.4,46.95,39.9,41.45,40.4,46.3,24004.75,41.45,58275,-75,49,106728960.0,27,F1,75,,,,,
2025-01-03,2025-01-03,FO,NSE,IDO,46467,,NIFTY,,2025-01-30,2025-01-30,25450.0,CE,NIFTY25JAN25450CE,26.05,26.05,15.4,15.95,15.4,26.15,24004.75,15.95,34400,-1575,2298,1463200952.5,1051,F1,25,,,,,
2025-01-03,2025-01-03,FO,NSE,IDO,38375,,NIFTY,,2025-06-26,2025-06-26,20000.0,PE,NIFTY25JUN20000PE,50.0,51.95,46.3,48.2,48.9,50.45,24004.75,48.2,540150,5950,990,1488554790.0,954,F1,75,,,,,
2025-01-03,2025-01-03,FO,NSE,IDO,46416,,NIFTY,,2025-01-30,2025-01-30,24950.0,CE,NIFTY25JAN24950CE,95.15,95.15,55.6,58.2,55.6,95.15,24004.75,58.2,92100,27950,9784,6119559475.0,4904,F1,25,,,,,
2025-01-03,2025-01-03,FO,NSE,IDO,55066,,NIFTY,,2025-01-23,2025-01-23,24950.0,PE,NIFTY2512324950PE,0.0,0.0,0.0,1008.1,0.0,1008.1,24004.75,907.0,0,0,0,0.0,0,F1,75,,,,,
2025-01-03,2025-01-03,FO,NSE,IDO,52860,,NIFTY,,2025-01-16,2025-01-16,25250.0,CE,NIFTY2511625250CE,10.5,11.25,5.75,6.1,6.25,10.3,24004.75,6.1,16875,8100,766,1451046731.25,489,F1,75,,,,,
2025-01-03,2025-01-03,FO,NSE,IDO,53626,,NIFTY,,2027-12-30,2027-12-30,25000.0,CE,NIFTY27DEC25000CE,0.0,0.0,0.0,3458.35,0.0,3458.35,24004.75,4334.1,0,0,0,0.0,0,F1,75,,,,,
2025-01-03,2025-01-03,FO,NSE,IDO,61773,,NIFTY,,2029-12-27,2029-12-27,25000.0,PE,NIFTY29DEC25000PE,0.0,0.0,0.0,785.3,0.0,785.3,24004.75,547.75,0,0,0,0.0,0,F1,75,,,,,
2025-01-03,2025-01-03,FO,NSE,IDO,48174,,NIFTY,,2025-01-09,2025-01-09,25000.0,PE,NIFTY2510925000PE,863.45,1020.15,828.55,1003.85,1014.1,810.15,24004.75,1003.85,250725,56550,2138,4159070418.75,1340,F1,75,,,,,
2025-01-03,2025-01-03,FO,NSE,IDO,89633,,NIFTY,,2029-06-28,2029-06-28,25000.0,PE,NIFTY29JUN25000PE,0.0,0.0,0.0,852.5,0.0,852.5,24004.75,595.95,0,0,0,0.0,0,F1,75,,,,,
2025-01-03,2025-01-03,FO,NSE,IDO,71562,,NIFTY,,2027-06-24,2027-06-24,25000.0,CE,NIFTY27JUN25000CE,0.0,0.0,0.0,2090.05,0.0,2090.05,24004.75,3670.7,0,0,0,0.0,0,F1,75,,,,,
2025-01-03,2025-01-03,FO,NSE,IDO,64694,,NIFTY,,2025-09-25,2025-09-25,25000.0,CE,NIFTY25SEP25000CE,0.0,0.0,0.0,3510.0,0.0,3510.0,24004.75,1208.8,0,0,0,0.0,0,F1,75,,,,,
2025-01-03,2025-01-03,FO,NSE,IDO,55067,,NIFTY,,2025-01-23,2025-01-23,25000.0,CE,NIFTY2512325000CE,56.0,56.0,29.05,30.4,29.05,55.45,24004.75,30.4,157425,75600,3704,6955352947.5,2109,F1,75,,,,,
2025-01-03,2025-01-03,FO,NSE,IDO,86160,,NIFTY,,2028-06-29,2028-06-29,25000.0,PE,NIFTY28JUN25000PE,0.0,0.0,0.0,2016.8,0.0,2016.8,24004.75,703.05,0,0,0,0.0,0,F1,75,,,,,
2025-01-03,2025-01-03,FO,NSE,IDO,57641,,NIFTY,,2025-02-27,2025-02-27,25000.0,CE,NIFTY25FEB25000CE,259.95,259.95,200.55,204.25,201.0,261.65,24004.75,204.25,928200,75225,8327,15751929877.5,4983,F1,75,,,,,
2025-01-03,2025-01-03,FO,NSE,IDO,48173,,NIFTY,,2025-01-09,2025-01-09,25000.0,CE,NIFTY2510925000CE,4.4,5.85,1.75,2.1,1.85,4.65,24004.75,2.1,10382625,4907625,864274,1620732520871.25,178950,F1,75,,,,,
2025-01-03,2025-01-03,FO,NSE,IDO,67784,,NIFTY,,2028-12-28,2028-12-28,25000.0,CE,NIFTY28DEC25000CE,0.0,0.0,0.0,5350.4,0.0,5350.4,24004.75,5550.3,0,0,0,0.0,0,F1,75,,,,,
2025-01-03,2025-01-03,FO,NSE,IDO,89632,,NIFTY,,2029-06-28,2029-06-28,25000.0,CE,NIFTY29JUN25000CE,0.0,0.0,0.0,7557.7,0.0,7557.7,24004.75,6130.75,0,0,0,0.0,0,F1,75,,,,,
2025-01-03,2025-01-03,FO,NSE,IDO,71475,,NIFTY,,2026-06-25,2026-06-25,25000.0,PE,NIFTY26JUN25000PE,0.0,0.0,0.0,6063.1,0.0,6063.1,24004.75,945.95,0,0,0,0.0,0,F1,75,,,,,
2025-01-03,2025-01-03,FO,NSE,IDO,71474,,NIFTY,,2026-06-25,2026-06-25,25000.0,CE,NIFTY26JUN25000CE,0.0,0.0,0.0,1510.4,0.0,1510.4,24004.75,2318.3,0,0,0,0.0,0,F1,75,,,,,
2025-01-03,2025-01-03,FO,NSE,IDO,58784,,NIFTY,,2025-03-27,2025-03-27,25800.0,PE,NIFTY25MAR25800PE,0.0,0.0,0.0,1825.9,0.0,1825.9,24004.75,1570.95,0,0,0,0.0,0,F1,75,,,,,
2025-01-03,2025-01-03,FO,NSE,IDO,52883,,NIFTY,,2025-01-16,2025-01-16,25800.0,CE,NIFTY2511625800CE,3.6,4.05,2.25,2.4,2.7,3.35,24004.75,2.4,15675,6225,916,1772666253.75,403,F1,75,,,,,
2025-01-03,2025-01-03,FO,NSE,IDO,57589,,NIFTY,,2025-02-27,2025-02-27,23700.0,CE,NIFTY25FEB23700CE,906.65,918.2,823.0,832.7,832.65,969.45,24004.75,832.7,36525,-6150,239,440481337.5,168,F1,75,,,,,
2025-01-03,2025-01-03,FO,NSE,IDO,48102,,NIFTY,,2025-01-09,2025-01-09,23700.0,CE,NIFTY2510923700CE,496.85,523.6,333.7,348.35,338.3,534.75,24004.75,348.35,841725,-64050,29404,53153254571.25,15472,F1,75,,,,,
2025-01-03,2025-01-03,FO,NSE,IDO,44972,,NIFTY,,2025-02-06,2025-02-06,23700.0,CE,NIFTY2520623700CE,0.0,0.0,0.0,871.45,0.0,871.45,24004.75,661.6,0,0,0,0.0,0,F1,75,,,,,
2025-01-03,2025-01-03,FO,NSE,IDO,57590,,NIFTY,,2025-02-27,2025-02-27,23700.0,PE,NIFTY25FEB23700PE,270.0,302.25,253.15,295.55,299.45,256.65,24004.75,295.55,85575,9750,921,1656488850.0,533,F1,75,,,,,
2025-01-03,2025-01-03,FO,NSE,IDO,46273,,NIFTY,,2025-01-30,2025-01-30,23700.0,CE,NIFTY25JAN23700CE,695.05,721.65,575.05,586.8,578.6,737.95,24004.75,586.8,826175,-17050,11537,7019026702.5,5457,F1,25,,,,,
2025-01-03,2025-01-03,FO,NSE,IDO,46275,,NIFTY,,2025-01-30,2025-01-30,23750.0,CE,NIFTY25JAN23750CE,669.7,676.85,538.05,551.0,538.05,697.0,24004.75,551.0,122975,-875,1127,685855042.5,589,F1,25,,,,,
2025-01-03,2025-01-03,FO,NSE,IDO,48105,,NIFTY,,2025-01-09,2025-01-09,23750.0,PE,NIFTY2510923750PE,60.0,78.1,33.65,61.9,64.15,55.15,24004.75,61.9,1255575,543525,412030,735656223806.25,226298,F1,75,,,,,
2025-01-03,2025-01-03,FO,NSE,IDO,49180,,NIFTY,,2025-12-24,2025-12-24,16500.0,PE,NIFTY25DEC16500PE,0.0,0.0,0.0,22.4,24.25,22.4,24004.75,0.35,2675,0,0,0.0,0,F1,75,,,,,
2025-01-03,2025-01-03,FO,NSE,IDO,44975,,NIFTY,,2025-02-06,2025-02-06,23750.0,PE,NIFTY2520623750PE,0.0,0.0,0.0,233.2,0.0,233.2,24004.75,225.15,0,0,0,0.0,0,F1,75,,,,,
2025-01-03,2025-01-03,FO,NSE,IDO,54994,,NIFTY,,2025-01-23,2025-01-23,23750.0,PE,NIFTY2512323750PE,138.75,179.8,130.0,170.85,178.4,147.55,24004.75,170.85,4350,-1050,65,116570707.5,46,F1,75,,,,,
2025-01-03,2025-01-03,FO,NSE,IDO,46311,,NIFTY,,2025-01-30,2025-01-30,23750.0,PE,NIFTY25JAN23750PE,176.25,215.35,160.6,206.75,209.35,168.7,24004.75,206.75,198350,4075,6078,3637846242.5,2254,F1,25,,,,,
2025-01-03,2025-01-03,FO,NSE,IDO,55606,,NIFTY,,2025-02-27,2025-02-27,22150.0,PE,NIFTY25FEB22150PE,42.3,48.05,42.3,48.05,48.05,81.4,24004.75,21.45,14550,75,2,3329276.25,2,F1,75,,,,,
2025-01-03,2025-01-03,FO,NSE,IDO,54700,,NIFTY,,2025-01-23,2025-01-23,22150.0,CE,NIFTY2512322150CE,0.0,0.0,0.0,1977.6,0.0,1977.6,24004.75,1937.45,0,0,0,0.0,0,F1,75,,,,,
2025-01-03,2025-01-03,FO,NSE,IDO,54706,,NIFTY,,2025-01-23,2025-01-23,22150.0,PE,NIFTY2512322150PE,0.0,0.0,0.0,21.4,0.0,21.4,24004.75,0.95,0,0,0,0.0,0,F1,75,,,,,
2025-01-03,2025-01-03,FO,NSE,IDO,46974,,NIFTY,,2025-03-27,2025-03-27,22150.0,CE,NIFTY25MAR22150CE,0.0,0.0,0.0,2131.6,0.0,2131.6,24004.75,2238.2,0,0,0,0.0,0,F1,75,,,,,
2025-01-03,2025-01-03,FO,NSE,IDO,52436,,NIFTY,,2025-01-16,2025-01-16,22150.0,PE,NIFTY2511622150PE,3.35,5.25,2.65,2.8,3.15,4.1,24004.75,2.8,11250,4200,309,513399112.5,227,F1,75,,,,,
2025-01-03,2025-01-03,FO,NSE,IDO,48028,,NIFTY,,2025-01-09,2025-01-09,22150.0,PE,NIFTY2510922150PE,2.0,2.2,0.65,0.75,0.65,2.45,24004.75,0.75,133200,73200,14474,24046297856.25,5121,F1,75,,,,,
2025-01-03,2025-01-03,FO,NSE,IDO,48027,,NIFTY,,2025-01-09,2025-01-09,22150.0,CE,NIFTY2510922150CE,0.0,0.0,0.0,2717.15,0.0,2717.15,24004.75,1879.3,0,0,0,0.0,0,F1,75,,,,,
2025-01-03,2025-01-03,FO,NSE,IDO,55605,,NIFTY,,2025-02-27,2025-02-27,22150.0,CE,NIFTY25FEB22150CE,0.0,0.0,0.0,2279.25,0.0,2279.25,24004.75,2100.35,0,0,0,0.0,0,F1,75,,,,,
2025-01-03,2025-01-03,FO,NSE,IDO,43221,,NIFTY,,2025-01-30,2025-01-30,22150.0,CE,NIFTY25JAN22150CE,0.0,0.0,0.0,2466.85,2468.1,2466.85,24004.75,1968.15,200,0,0,0.0,0,F1,25,,,,,
2025-01-03,2025-01-03,FO,NSE,IDO,43224,,NIFTY,,2025-01-30,2025-01-30,22150.0,PE,NIFTY25JAN22150PE,12.95,13.45,10.5,12.55,13.0,14.2,24004.75,12.55,33925,6475,2027,1123069642.5,673,F1,25,,,,,
2025-01-03,2025-01-03,FO,NSE,IDO,46975,,NIFTY,,2025-03-27,2025-03-27,22150.0,PE,NIFTY25MAR22150PE,0.0,0.0,0.0,95.8,95.8,95.8,24004.75,46.05,525,0,0,0.0,0,F1,75,,,,,
2025-01-03,2025-01-03,FO,NSE,IDO,52433,,NIFTY,,2025-01-16,2025-01-16,22150.0,CE,NIFTY2511622150CE,0.0,0.0,0.0,2559.05,0.0,2559.05,24004.75,1908.05,0,0,0,0.0,0,F1,75,,,,,
2025-01-03,2025-01-03,FO,NSE,IDO,52880,,NIFTY,,2025-01-16,2025-01-16,25750.0,CE,NIFTY2511625750CE,3.45,3.65,2.55,2.6,2.6,3.45,24004.75,2.6,5250,1125,158,305174227.5,75,F1,75,,,,,
2025-01-03,2025-01-03,FO,NSE,IDO,57673,,NIFTY,,2025-02-27,2025-02-27,25750.0,CE,NIFTY25FEB25750CE,70.0,77.05,60.8,60.8,60.8,55.75,24004.75,60.8,4500,-825,42,81334215.0,19,F1,75,,,,,
2025-01-03,2025-01-03,FO,NSE,IDO,48048,,NIFTY,,2025-01-09,2025-01-09,22650.0,PE,NIFTY2510922650PE,3.4,3.4,0.95,1.15,1.45,3.6,24004.75,1.15,702975,364275,58301,99046202951.25,16402,F1,75,,,,,
2025-01-03,2025-01-03,FO,NSE,IDO,52494,,NIFTY,,2025-01-16,2025-01-16,22650.0,PE,NIFTY2511622650PE,9.6,13.7,5.9,6.3,6.3,9.6,24004.75,6.3,18900,-4425,1156,1964409101.25,482,F1,75,,,,,
2025-01-03,2025-01-03,FO,NSE,IDO,55626,,NIFTY,,2025-02-27,2025-02-27,22650.0,PE,NIFTY25FEB22650PE,0.0,0.0,0.0,105.5,105.5,105.5,24004.75,56.8,2175,0,0,0.0,0,F1,75,,,,,
2025-01-03,2025-01-03,FO,NSE,IDO,47025,,NIFTY,,2025-03-27,2025-03-27,22650.0,CE,NIFTY25MAR22650CE,0.0,0.0,0.0,1730.8,0.0,1730.8,24004.75,1796.6,0,0,0,0.0,0,F1,75,,,,,
2025-01-03,2025-01-03,FO,NSE,IDO,48047,,NIFTY,,2025-01-09,2025-01-09,22650.0,CE,NIFTY2510922650CE,0.0,0.0,0.0,2231.2,0.0,2231.2,24004.75,1379.9,0,0,0,0.0,0,F1,75,,,,,
2025-01-03,2025-01-03,FO,NSE,IDO,52489,,NIFTY,,2025-01-16,2025-01-16,22650.0,CE,NIFTY2511622650CE,0.0,0.0,0.0,2076.2,0.0,2076.2,24004.75,1411.0,0,0,0,0.0,0,F1,75,,,,,
2025-01-03,2025-01-03,FO,NSE,IDO,47026,,NIFTY,,2025-03-27,2025-03-27,22650.0,PE,NIFTY25MAR22650PE,0.0,0.0,0.0,149.7,149.7,149.7,24004.75,96.85,4725,0,0,0.0,0,F1,75,,,,,
2025-01-03,2025-01-03,FO,NSE,IDO,50973,,NIFTY,,2026-06-25,2026-06-25,27000.0,CE,NIFTY26JUN27000CE,0.0,0.0,0.0,1352.8,0.0,1352.8,24004.75,1386.05,0,0,0,0.0,0,F1,75,,,,,
2025-01-03,2025-01-03,FO,NSE,IDO,89636,,NIFTY,,2029-06-28,2029-06-28,27000.0,CE,NIFTY29JUN27000CE,0.0,0.0,0.0,6570.4,0.0,6570.4,24004.75,5044.85,0,0,0,0.0,0,F1,75,,,,,
2025-01-03,2025-01-03,FO,NSE,IDO,89637,,NIFTY,,2029-06-28,2029-06-28,27000.0,PE,NIFTY29JUN27000PE,0.0,0.0,0.0,1252.35,0.0,1252.35,24004.75,987.6,0,0,0,0.0,0,F1,75,,,,,
2025-01-03,2025-01-03,FO,NSE,IDO,50981,,NIFTY,,2027-06-24,2027-06-24,27000.0,CE,NIFTY27JUN27000CE,0.0,0.0,0.0,1932.5,0.0,1932.5,24004.75,2625.55,0,0,0,0.0,0,F1,75,,,,,
2025-01-03,2025-01-03,FO,NSE,IDO,53632,,NIFTY,,2027-12-30,2027-12-30,27000.0,PE,NIFTY27DEC27000PE,0.0,0.0,0.0,3794.4,0.0,3794.4,24004.75,1325.15,0,0,0,0.0,0,F1,75,,,,,
2025-01-03,2025-01-03,FO,NSE,IDO,64576,,NIFTY,,2025-03-27,2025-03-27,27000.0,CE,NIFTY25MAR27000CE,37.95,39.85,35.15,37.0,36.0,39.4,24004.75,37.0,1010950,34800,2049,4154996692.5,1083,F1,75,,,,,
2025-01-03,2025-01-03,FO,NSE,IDO,45090,,NIFTY,,2025-02-06,2025-02-06,25550.0,CE,NIFTY2520625550CE,0.0,0.0,0.0,111.75,0.0,111.75,24004.75,41.95,0,0,0,0.0,0,F1,75,,,,,
2025-01-03,2025-01-03,FO,NSE,IDO,55104,,NIFTY,,2025-01-23,2025-01-23,25550.0,PE,NIFTY2512325550PE,0.0,0.0,0.0,1497.7,0.0,1497.7,24004.75,1461.05,0,0,0,0.0,0,F1,75,,,,,
2025-01-03,2025-01-03,FO,NSE,IDO,52872,,NIFTY,,2025-01-16,2025-01-16,25550.0,CE,NIFTY2511625550CE,4.3,5.35,3.0,3.15,3.25,4.15,24004.75,3.15,22125,3900,668,1280251672.5,420,F1,75,,,,,
2025-01-03,2025-01-03,FO,NSE,IDO,46470,,NIFTY,,2025-01-30,2025-01-30,25500.0,PE,NIFTY25JAN25500PE,1279.95,1420.8,1250.0,1410.4,1417.3,1227.0,24004.75,1410.4,508225,-5925,1310,879013566.25,469,F1,25,,,,,
2025-01-03,2025-01-03,FO,NSE,IDO,57664,,NIFTY,,2025-02-27,2025-02-27,25500.0,PE,NIFTY25FEB25500PE,1193.7,1337.95,1193.7,1335.65,1335.65,1176.7,24004.75,1335.65,44925,1125,40,80328911.25,22,F1,75,,,,,
2025-01-03,2025-01-03,FO,NSE,IDO,46469,,NIFTY,,2025-01-30,2025-01-30,25500.0,CE,NIFTY25JAN25500CE,23.0,23.5,14.0,14.75,14.2,23.15,24004.75,14.75,2975325,199750,107759,68742231292.5,22131,F1,25,,,,,
2025-01-03,2025-01-03,FO,NSE,IDO,55100,,NIFTY,,2025-01-23,2025-01-23,25500.0,PE,NIFTY2512325500PE,0.0,0.0,0.0,1454.25,0.0,1454.25,24004.75,1412.95,0,0,0,0.0,0,F1,75,,,,,
2025-01-03,2025-01-03,FO,NSE,IDO,48232,,NIFTY,,2025-01-09,2025-01-09,26250.0,CE,NIFTY2510926250CE,1.3,1.3,0.65,0.7,0.65,1.3,24004.75,0.7,457875,424575,24346,47933025056.25,6624,F1,75,,,,,
2025-01-03,2025-01-03,FO,NSE,IDO,52903,,NIFTY,,2025-01-16,2025-01-16,26250.0,PE,NIFTY2511626250PE,0.0,0.0,0.0,1591.0,0.0,1591.0,24004.75,2182.3,0,0,0,0.0,0,F1,75,,,,,
2025-01-03,2025-01-03,FO,NSE,IDO,57699,,NIFTY,,2025-02-27,2025-02-27,26250.0,CE,NIFTY25FEB26250CE,36.75,38.55,29.6,30.95,30.95,36.75,24004.75,38.75,1575,300,10,19713022.5,4,F1,75,,,,,
2025-01-03,2025-01-03,FO,NSE,IDO,48233,,NIFTY,,2025-01-09,2025-01-09,26250.0,PE,NIFTY2510926250PE,0.0,0.0,0.0,2377.7,2377.7,2377.7,24004.75,2216.15,0,0,0,0.0,0,F1,75,,,,,
2025-01-03,2025-01-03,FO,NSE,IDO,52902,,NIFTY,,2025-01-16,2025-01-16,26250.0,CE,NIFTY2511626250CE,1.7,2.65,1.7,1.9,1.95,2.75,24004.75,1.9,825,375,201,395753328.75,96,F1,75,,,,,
2025-01-03,2025-01-03,FO,NSE,IDO,57701,,NIFTY,,2025-02-27,2025-02-27,26250.0,PE,NIFTY25FEB26250PE,0.0,0.0,0.0,2062.7,0.0,2062.7,24004.75,2018.35,0,0,0,0.0,0,F1,75,,,,,
2025-01-03,2025-01-03,FO,NSE,IDO,57596,,NIFTY,,2025-02-27,2025-02-27,23850.0,PE,NIFTY25FEB23850PE,330.0,351.25,308.95,348.2,349.1,297.85,24004.75,348.2,13125,5325,191,346414185.0,68,F1,75,,,,,
2025-01-03,2025-01-03,FO,NSE,IDO,48109,,NIFTY,,2025-01-09,2025-01-09,23850.0,PE,NIFTY2510923850PE,72.45,107.05,51.5,92.6,95.75,72.45,24004.75,92.6,1099875,218700,538348,966318636037.5,319134,F1,75,,,,,
2025-01-03,2025-01-03,FO,NSE,IDO,57595,,NIFTY,,2025-02-27,2025-02-27,23850.0,CE,NIFTY25FEB23850CE,812.15,812.15,733.75,736.5,736.5,863.7,24004.75,724.6,6750,900,27,49838403.75,19,F1,75,,,,,
2025-01-03,2025-01-03,FO,NSE,IDO,52439,,NIFTY,,2025-01-16,2025-01-16,22250.0,CE,NIFTY2511622250CE,0.0,0.0,0.0,2461.45,0.0,2461.45,24004.75,1808.35,0,0,0,0.0,0,F1,75,,,,,
2025-01-03,2025-01-03,FO,NSE,IDO,43233,,NIFTY,,2025-01-30,2025-01-30,22250.0,CE,NIFTY25JAN22250CE,0.0,0.0,0.0,2368.4,2368.25,2368.4,24004.75,1869.95,75,0,0,0.0,0,F1,25,,,,,
2025-01-03,2025-01-03,FO,NSE,IDO,48031,,NIFTY,,2025-01-09,2025-01-09,22250.0,CE,NIFTY2510922250CE,0.0,0.0,0.0,2619.15,0.0,2619.15,24004.75,1779.4,0,0,0,0.0,0,F1,75,,,,,
2025-01-03,2025-01-03,FO,NSE,IDO,46985,,NIFTY,,2025-03-27,2025-03-27,22250.0,PE,NIFTY25MAR22250PE,0.0,0.0,0.0,111.4,111.4,111.4,24004.75,53.9,3075,0,0,0.0,0,F1,75,,,,,
2025-01-03,2025-01-03,FO,NSE,IDO,52467,,NIFTY,,2025-01-16,2025-01-16,22250.0,PE,NIFTY2511622250PE,3.05,3.5,2.9,3.0,3.2,7.75,24004.75,3.0,10875,10875,224,373851333.75,168,F1,75,,,,,
2025-01-03,2025-01-03,FO,NSE,IDO,55609,,NIFTY,,2025-02-27,2025-02-27,22250.0,CE,NIFTY25FEB22250CE,0.0,0.0,0.0,2194.7,0.0,2194.7,24004.75,2006.3,0,0,0,0.0,0,F1,75,,,,,
2025-01-03,2025-01-03,FO,NSE,IDO,46489,,NIFTY,,2025-01-30,2025-01-30,25550.0,PE,NIFTY25JAN25550PE,0.0,0.0,0.0,1630.0,1630.0,1630.0,24004.75,1441.9,6450,0,0,0.0,0,F1,25,,,,,
2025-01-03,2025-01-03,FO,NSE,IDO,57665,,NIFTY,,2025-02-27,2025-02-27,25550.0,CE,NIFTY25FEB25550CE,87.25,104.2,87.25,101.8,101.8,68.75,24004.75,111.0,5850,-750,89,171163252.5,37,F1,75,,,,,
2025-01-03,2025-01-03,FO,NSE,IDO,48200,,NIFTY,,2025-01-09,2025-01-09,25550.0,PE,NIFTY2510925550PE,0.0,0.0,0.0,1740.0,1740.0,1740.0,24004.75,1516.95,150,0,0,0.0,0,F1,75,,,,,
2025-01-03,2025-01-03,FO,NSE,IDO,56885,,NIFTY,,2025-03-27,2025-03-27,25500.0,PE,NIFTY25MAR25500PE,1146.9,1277.95,1146.9,1185.0,1185.0,1158.35,24004.75,1336.75,1950,525,23,46082651.25,22,F1,75,,,,,
2025-01-03,2025-01-03,FO,NSE,IDO,55645,,NIFTY,,2025-02-27,2025-02-27,23150.0,CE,NIFTY25FEB23150CE,0.0,0.0,0.0,1495.8,0.0,1495.8,24004.75,1218.5,0,0,0,0.0,0,F1,75,,,,,
2025-01-03,2025-01-03,FO,NSE,IDO,46366,,NIFTY,,2025-01-30,2025-01-30,24400.0,CE,NIFTY25JAN24400CE,277.15,283.65,198.3,204.25,199.45,293.55,24004.75,204.25,589625,90650,36265,22330763880.0,12411,F1,25,,,,,
2025-01-03,2025-01-03,FO,NSE,IDO,55340,,NIFTY,,2025-03-27,2025-03-27,24400.0,PE,NIFTY25MAR24400PE,0.0,0.0,0.0,881.9,0.0,881.9,24004.75,633.85,0,0,0,0.0,0,F1,75,,,,,
2025-01-03,2025-01-03,FO,NSE,IDO,57618,,NIFTY,,2025-02-27,2025-02-27,24400.0,PE,NIFTY25FEB24400PE,524.0,588.25,506.25,578.45,588.25,501.35,24004.75,578.45,15825,-525,181,338750700.0,125,F1,75,,,,,
2025-01-03,2025-01-03,FO,NSE,IDO,55637,,NIFTY,,2025-02-27,2025-02-27,22950.0,CE,NIFTY25FEB22950CE,0.0,0.0,0.0,1640.5,0.0,1640.5,24004.75,1381.75,0,0,0,0.0,0,F1,75,,,,,
2025-01-03,2025-01-03,FO,NSE,IDO,48062,,NIFTY,,2025-01-09,2025-01-09,22950.0,PE,NIFTY2510922950PE,5.55,5.8,2.3,2.7,3.2,6.3,24004.75,2.7,469725,183075,66931,115222388268.75,25681,F1,75,,,,,
2025-01-03,2025-01-03,FO,NSE,IDO,55638,,NIFTY,,2025-02-27,2025-02-27,22950.0,PE,NIFTY25FEB22950PE,0.0,0.0,0.0,154.45,154.45,154.45,24004.75,94.75,7050,0,0,0.0,0,F1,75,,,,,
2025-01-03,2025-01-03,FO,NSE,IDO,52517,,NIFTY,,2025-01-16,2025-01-16,22950.0,CE,NIFTY2511622950CE,0.0,0.0,0.0,1795.4,0.0,1795.4,24004.75,1117.6,0,0,0,0.0,0,F1,75,,,,,
2025-01-03,2025-01-03,FO,NSE,IDO,44919,,NIFTY,,2025-02-06,2025-02-06,22950.0,PE,NIFTY2520622950PE,0.0,0.0,0.0,66.8,0.0,66.8,24004.75,51.0,0,0,0,0.0,0,F1,75,,,,,
2025-01-03,2025-01-03,FO,NSE,IDO,43265,,NIFTY,,2025-01-30,2025-01-30,22950.0,CE,NIFTY25JAN22950CE,0.0,0.0,0.0,1717.45,1717.8,1717.45,24004.75,1204.65,275,0,0,0.0,0,F1,25,,,,,
2025-01-03,2025-01-03,FO,NSE,IDO,48023,,NIFTY,,2025-01-09,2025-01-09,22050.0,CE,NIFTY2510922050CE,0.0,0.0,0.0,2815.45,0.0,2815.45,24004.75,1979.2,0,0,0,0.0,0,F1,75,,,,,
2025-01-03,2025-01-03,FO,NSE,IDO,55602,,NIFTY,,2025-02-27,2025-02-27,22050.0,PE,NIFTY25FEB22050PE,0.0,0.0,0.0,103.1,0.0,103.1,24004.75,17.3,0,0,0,0.0,0,F1,75,,,,,
2025-01-03,2025-01-03,FO,NSE,IDO,54697,,NIFTY,,2025-01-23,2025-01-23,22050.0,PE,NIFTY2512322050PE,0.0,0.0,0.0,17.1,0.0,17.1,24004.75,0.6,0,0,0,0.0,0,F1,75,,,,,
2025-01-03,2025-01-03,FO,NSE,IDO,45684,,NIFTY,,2025-01-30,2025-01-30,23450.0,CE,NIFTY25JAN23450CE,869.5,875.75,764.3,774.15,767.0,934.5,24004.75,774.15,13425,-1300,187,113520326.25,86,F1,25,,,,,
2025-01-03,2025-01-03,FO,NSE,IDO,48092,,NIFTY,,2025-01-09,2025-01-09,23450.0,CE,NIFTY2510923450CE,729.2,748.1,549.85,559.9,554.6,761.7,24004.75,559.9,10875,1050,247,445957507.5,147,F1,75,,,,,
2025-01-03,2025-01-03,FO,NSE,IDO,45111,,NIFTY,,2025-02-06,2025-02-06,25750.0,PE,NIFTY2520625750PE,0.0,0.0,0.0,1465.25,0.0,1465.25,24004.75,1611.55,0,0,0,0.0,0,F1,75,,,,,
2025-01-03,2025-01-03,FO,NSE,IDO,46355,,NIFTY,,2025-01-30,2025-01-30,24100.0,PE,NIFTY25JAN24100PE,298.55,357.05,274.5,344.8,351.6,276.65,24004.75,344.8,530950,90025,77495,47304475353.75,28746,F1,25,,,,,
2025-01-03,2025-01-03,FO,NSE,IDO,48131,,NIFTY,,2025-01-09,2025-01-09,24100.0,CE,NIFTY2510924100CE,235.0,235.0,103.5,112.0,105.8,238.45,24004.75,112.0,5454075,3943350,1652389,3005050953581.25,1062429,F1,75,,,,,
2025-01-03,2025-01-03,FO,NSE,IDO,48132,,NIFTY,,2025-01-09,2025-01-09,24100.0,PE,NIFTY2510924100PE,159.6,228.6,133.6,211.6,219.25,146.95,24004.75,211.6,2354400,541125,1420303,2586696032628.75,952939,F1,75,,,,,
2025-01-03,2025-01-03,FO,NSE,IDO,57606,,NIFTY,,2025-02-27,2025-02-27,24100.0,PE,NIFTY25FEB24100PE,385.2,450.85,381.15,442.65,446.15,381.05,24004.75,442.65,46650,11850,846,1555855068.75,518,F1,75,,,,,
2025-01-03,2025-01-03,FO,NSE,IDO,46459,,NIFTY,,2025-01-30,2025-01-30,25250.0,CE,NIFTY25JAN25250CE,46.7,46.7,24.95,26.0,25.5,43.95,24004.75,26.0,262700,21675,20464,12933367085.0,10188,F1,25,,,,,
2025-01-03,2025-01-03,FO,NSE,IDO,45076,,NIFTY,,2025-02-06,2025-02-06,25250.0,PE,NIFTY2520625250PE,0.0,0.0,0.0,1055.3,0.0,1055.3,24004.75,1161.85,0,0,0,0.0,0,F1,75,,,,,
2025-01-03,2025-01-03,FO,NSE,IDO,56874,,NIFTY,,2025-03-27,2025-03-27,25250.0,CE,NIFTY25MAR25250CE,0.0,0.0,0.0,372.1,0.0,372.1,24004.75,293.35,0,0,0,0.0,0,F1,75,,,,,
2025-01-03,2025-01-03,FO,NSE,IDO,56567,,NIFTY,,2025-03-27,2025-03-27,24850.0,PE,NIFTY25MAR24850PE,0.0,0.0,0.0,1148.3,0.0,1148.3,24004.75,888.45,0,0,0,0.0,0,F1,75,,,,,
2025-01-03,2025-01-03,FO,NSE,IDO,55059,,NIFTY,,2025-01-23,2025-01-23,24850.0,CE,NIFTY2512324850CE,76.3,76.3,46.3,47.65,46.3,76.3,24004.75,47.65,1425,1275,26,48566197.5,18,F1,75,,,,,
2025-01-03,2025-01-03,FO,NSE,IDO,54726,,NIFTY,,2025-03-27,2025-03-27,24050.0,PE,NIFTY25MAR24050PE,0.0,0.0,0.0,702.0,0.0,702.0,24004.75,470.2,0,0,0,0.0,0,F1,75,,,,,
2025-01-03,2025-01-03,FO,NSE,IDO,45000,,NIFTY,,2025-02-06,2025-02-06,24050.0,PE,NIFTY2520624050PE,384.35,384.35,364.8,373.4,373.4,340.85,24004.75,373.4,75,75,3,5495441.25,3,F1,75,,,,,
2025-01-03,2025-01-03,FO,NSE,IDO,52695,,NIFTY,,2025-01-16,2025-01-16,24050.0,CE,NIFTY2511624050CE,326.25,336.45,216.15,229.1,216.15,355.25,24004.75,229.1,51900,36975,4183,7625744235.0,2617,F1,75,,,,,
2025-01-03,2025-01-03,FO,NSE,IDO,52696,,NIFTY,,2025-01-16,2025-01-16,24050.0,PE,NIFTY2511624050PE,195.0,255.95,176.7,244.2,252.2,184.25,24004.75,244.2,54150,38400,4539,8263399815.0,2806,F1,75,,,,,
2025-01-03,2025-01-03,FO,NSE,IDO,57603,,NIFTY,,2025-02-27,2025-02-27,24050.0,CE,NIFTY25FEB24050CE,655.95,673.6,608.15,610.15,610.5,719.1,24004.75,610.15,7800,375,72,133324800.0,50,F1,75,,,,,
2025-01-03,2025-01-03,FO,NSE,IDO,58637,,NIFTY,,2026-12-31,2026-12-31,16000.0,PE,NIFTY26DEC16000PE,0.0,0.0,0.0,23.3,23.3,23.3,24004.75,2.55,2425,0,0,0.0,0,F1,75,,,,,
2025-01-03,2025-01-03,FO,NSE,IDO,50462,,NIFTY,,2026-06-25,2026-06-25,16000.0,PE,NIFTY26JUN16000PE,0.0,0.0,0.0,21.25,21.25,21.25,24004.75,0.95,1225,0,0,0.0,0,F1,75,,,,,
2025-01-03,2025-01-03,FO,NSE,IDO,57625,,NIFTY,,2025-02-27,2025-02-27,24600.0,CE,NIFTY25FEB24600CE,411.95,412.0,333.95,341.1,334.8,423.8,24004.75,341.1,49125,-5400,562,1051935086.25,280,F1,75,,,,,
2025-01-03,2025-01-03,FO,NSE,IDO,55039,,NIFTY,,2025-01-23,2025-01-23,24600.0,CE,NIFTY2512324600CE,140.0,145.45,90.5,95.1,92.05,152.85,24004.75,95.1,34500,21450,2180,4040484967.5,1225,F1,75,,,,,
2025-01-03,2025-01-03,FO,NSE,IDO,52808,,NIFTY,,2025-01-16,2025-01-16,24600.0,CE,NIFTY2511624600CE,95.7,97.25,47.3,50.65,48.05,100.3,24004.75,50.65,351825,224100,21758,40246559505.0,13559,F1,75,,,,,
2025-01-03,2025-01-03,FO,NSE,IDO,56529,,NIFTY,,2025-03-27,2025-03-27,24600.0,PE,NIFTY25MAR24600PE,652.7,652.7,640.0,640.0,640.0,610.85,24004.75,740.95,10650,150,3,5679952.5,2,F1,75,,,,,
2025-01-03,2025-01-03,FO,NSE,IDO,48158,,NIFTY,,2025-01-09,2025-01-09,24600.0,PE,NIFTY2510924600PE,497.55,630.35,460.85,614.95,626.95,446.2,24004.75,614.95,164250,44850,5610,10580496491.25,3024,F1,75,,,,,
2025-01-03,2025-01-03,FO,NSE,IDO,54694,,NIFTY,,2025-01-23,2025-01-23,22000.0,CE,NIFTY2512322000CE,0.0,0.0,0.0,2120.4,0.0,2120.4,24004.75,2086.45,0,0,0,0.0,0,F1,75,,,,,
2025-01-03,2025-01-03,FO,NSE,IDO,53624,,NIFTY,,2027-12-30,2027-12-30,24000.0,CE,NIFTY27DEC24000CE,0.0,0.0,0.0,3778.95,0.0,3778.95,24004.75,4941.2,0,0,0,0.0,0,F1,75,,,,,
2025-01-03,2025-01-03,FO,NSE,IDO,86151,,NIFTY,,2028-06-29,2028-06-29,24000.0,CE,NIFTY28JUN24000CE,0.0,0.0,0.0,3918.85,0.0,3918.85,24004.75,5555.2,0,0,0,0.0,0,F1,75,,,,,
2025-01-03,2025-01-03,FO,NSE,IDO,58623,,NIFTY,,2025-12-24,2025-12-24,22000.0,PE,NIFTY25DEC22000PE,322.0,330.0,315.0,320.8,320.5,322.1,24004.75,320.8,263450,750,86,143976573.75,70,F1,75,,,,,
2025-01-03,2025-01-03,FO,NSE,IDO,64692,,NIFTY,,2025-09-25,2025-09-25,24000.0,CE,NIFTY25SEP24000CE,0.0,0.0,0.0,4236.35,0.0,4236.35,24004.75,1755.9,0,0,0,0.0,0,F1,75,,,,,
2025-01-03,2025-01-03,FO,NSE,IDO,71560,,NIFTY,,2027-06-24,2027-06-24,24000.0,CE,NIFTY27JUN24000CE,0.0,0.0,0.0,2299.55,0.0,2299.55,24004.75,4278.25,0,0,0,0.0,0,F1,75,,,,,
2025-01-03,2025-01-03,FO,NSE,IDO,48117,,NIFTY,,2025-01-09,2025-01-09,24000.0,CE,NIFTY2510924000CE,296.0,296.0,145.55,156.6,147.85,303.15,24004.75,156.6,5191500,2992650,1224658,2221897453758.75,797489,F1,75,,,,,
2025-01-03,2025-01-03,FO,NSE,IDO,89627,,NIFTY,,2029-06-28,2029-06-28,22000.0,PE,NIFTY29JUN22000PE,0.0,0.0,0.0,422.0,0.0,422.0,24004.75,230.05,0,0,0,0.0,0,F1,75,,,,,
2025-01-03,2025-01-03,FO,NSE,IDO,55119,,NIFTY,,2025-06-26,2025-06-26,18000.0,CE,NIFTY25JUN18000CE,0.0,0.0,0.0,5326.25,5326.25,5326.25,24004.75,6574.9,2325,0,0,0.0,0,F1,75,,,,,
2025-01-03,2025-01-03,FO,NSE,IDO,53604,,NIFTY,,2027-12-30,2027-12-30,18000.0,PE,NIFTY27DEC18000PE,0.0,0.0,0.0,244.4,244.4,244.4,24004.75,30.05,10175,0,0,0.0,0,F1,75,,,,,
2025-01-03,2025-01-03,FO,NSE,IDO,52722,,NIFTY,,2025-01-16,2025-01-16,24300.0,CE,NIFTY2511624300CE,197.55,208.5,118.95,125.4,118.95,215.1,24004.75,125.4,238125,106125,15805,28981551825.0,9956,F1,75,,,,,
2025-01-03,2025-01-03,FO,NSE,IDO,48169,,NIFTY,,2025-01-09,2025-01-09,24900.0,CE,NIFTY2510924900CE,9.0,9.0,2.25,2.8,2.45,7.05,24004.75,2.8,3835500,1283925,541020,1010547519731.25,143592,F1,75,,,,,
2025-01-03,2025-01-03,FO,NSE,IDO,56568,,NIFTY,,2025-03-27,2025-03-27,24900.0,CE,NIFTY25MAR24900CE,370.3,417.0,370.3,417.0,417.0,359.0,24004.75,403.75,1275,750,13,24645405.0,11,F1,75,,,,,
2025-01-03,2025-01-03,FO,NSE,IDO,52844,,NIFTY,,2025-01-16,2025-01-16,24900.0,CE,NIFTY2511624900CE,36.35,36.95,16.15,17.2,16.2,36.95,24004.75,17.2,319200,142725,21806,40761350055.0,13656,F1,75,,,,,
2025-01-03,2025-01-03,FO,NSE,IDO,56569,,NIFTY,,2025-03-27,2025-03-27,24900.0,PE,NIFTY25MAR24900PE,852.5,852.5,852.5,852.5,852.5,856.0,24004.75,919.7,1950,75,1,1931437.5,1,F1,75,,,,,
2025-01-03,2025-01-03,FO,NSE,IDO,52911,,NIFTY,,2025-01-16,2025-01-16,26450.0,PE,NIFTY2511626450PE,0.0,0.0,0.0,1770.1,0.0,1770.1,24004.75,2381.75,0,0,0,0.0,0,F1,75,,,,,
2025-01-03,2025-01-03,FO,NSE,IDO,52910,,NIFTY,,2025-01-16,2025-01-16,26450.0,CE,NIFTY2511626450CE,2.25,2.65,1.65,1.75,1.65,2.4,24004.75,1.75,6600,-2775,264,523755648.75,128,F1,75,,,,,
2025-01-03,2025-01-03,FO,NSE,IDO,57711,,NIFTY,,2025-02-27,2025-02-27,26450.0,PE,NIFTY25FEB26450PE,0.0,0.0,0.0,2297.0,2297.0,2297.0,24004.75,2205.4,0,0,0,0.0,0,F1,75,,,,,
2025-01-03,2025-01-03,FO,NSE,IDO,48247,,NIFTY,,2025-01-09,2025-01-09,26450.0,PE,NIFTY2510926450PE,0.0,0.0,0.0,1629.35,0.0,1629.35,24004.75,2415.9,0,0,0,0.0,0,F1,75,,,,,
2025-01-03,2025-01-03,FO,NSE,IDO,57710,,NIFTY,,2025-02-27,2025-02-27,26450.0,CE,NIFTY25FEB26450CE,0.0,0.0,0.0,27.3,27.3,27.3,24004.75,27.8,6000,0,0,0.0,0,F1,75,,,,,
2025-01-03,2025-01-03,FO,NSE,IDO,48241,,NIFTY,,2025-01-09,2025-01-09,26450.0,CE,NIFTY2510926450CE,1.0,1.35,0.6,0.7,0.6,1.3,24004.75,0.7,1101525,915075,54972,109054658126.25,9712,F1,75,,,,,
2025-01-03,2025-01-03,FO,NSE,IDO,47844,,NIFTY,,2025-01-30,2025-01-30,26450.0,PE,NIFTY25JAN26450PE,0.0,0.0,0.0,2461.25,2461.25,2461.25,24004.75,2315.45,50,0,0,0.0,0,F1,25,,,,,
2025-01-03,2025-01-03,FO,NSE,IDO,47843,,NIFTY,,2025-01-30,2025-01-30,26450.0,CE,NIFTY25JAN26450CE,7.05,7.05,5.5,5.7,5.75,6.7,24004.75,5.7,113725,-13400,4047,2676702247.5,641,F1,25,,,,,
2025-01-03,2025-01-03,FO,NSE,IDO,53976,,NIFTY,,2025-03-27,2025-03-27,23800.0,CE,NIFTY25MAR23800CE,1060.0,1060.0,965.0,965.0,965.0,1080.25,24004.75,939.15,7350,-450,16,29817656.25,6,F1,75,,,,,
2025-01-03,2025-01-03,FO,NSE,IDO,44976,,NIFTY,,2025-02-06,2025-02-06,23800.0,CE,NIFTY2520623800CE,0.0,0.0,0.0,803.45,0.0,803.45,24004.75,596.9,0,0,0,0.0,0,F1,75,,,,,
2025-01-03,2025-01-03,FO,NSE,IDO,53602,,NIFTY,,2027-12-30,2027-12-30,17000.0,PE,NIFTY27DEC17000PE,0.0,0.0,0.0,180.6,180.6,180.6,24004.75,14.65,14200,0,0,0.0,0,F1,75,,,,,
2025-01-03,2025-01-03,FO,NSE,IDO,54996,,NIFTY,,2025-01-23,2025-01-23,23800.0,PE,NIFTY2512323800PE,155.0,195.0,142.0,186.4,194.45,151.05,24004.75,186.4,21450,-675,615,1105879275.0,354,F1,75,,,,,
2025-01-03,2025-01-03,FO,NSE,IDO,58639,,NIFTY,,2026-12-31,2026-12-31,17000.0,PE,NIFTY26DEC17000PE,0.0,0.0,0.0,97.05,97.05,97.05,24004.75,7.35,2850,0,0,0.0,0,F1,75,,,,,
2025-01-03,2025-01-03,FO,NSE,IDO,54940,,NIFTY,,2025-01-23,2025-01-23,23350.0,PE,NIFTY2512323350PE,0.0,0.0,0.0,186.2,0.0,186.2,24004.75,64.7,0,0,0,0.0,0,F1,75,,,,,
2025-01-03,2025-01-03,FO,NSE,IDO,44951,,NIFTY,,2025-02-06,2025-02-06,23350.0,CE,NIFTY2520623350CE,0.0,0.0,0.0,1131.9,0.0,1131.9,24004.75,915.55,0,0,0,0.0,0,F1,75,,,,,
2025-01-03,2025-01-03,FO,NSE,IDO,52571,,NIFTY,,2025-01-16,2025-01-16,23350.0,CE,NIFTY2511623350CE,757.85,757.85,756.95,756.95,756.95,539.0,24004.75,747.05,300,0,3,5424198.75,2,F1,75,,,,,
2025-01-03,2025-01-03,FO,NSE,IDO,45677,,NIFTY,,2025-01-30,2025-01-30,23350.0,PE,NIFTY25JAN23350PE,90.65,112.5,81.05,106.9,111.75,90.55,24004.75,106.9,96775,1000,7888,4624162558.75,2423,F1,25,,,,,
2025-01-03,2025-01-03,FO,NSE,IDO,52572,,NIFTY,,2025-01-16,2025-01-16,23350.0,PE,NIFTY2511623350PE,47.05,50.2,28.9,41.85,43.85,42.5,24004.75,41.85,42525,32625,2721,4773199218.75,1602,F1,75,,,,,
2025-01-03,2025-01-03,FO,NSE,IDO,54771,,NIFTY,,2025-01-23,2025-01-23,22850.0,PE,NIFTY2512322850PE,0.0,0.0,0.0,84.35,0.0,84.35,24004.75,14.9,0,0,0,0.0,0,F1,75,,,,,
2025-01-03,2025-01-03,FO,NSE,IDO,57703,,NIFTY,,2025-02-27,2025-02-27,26300.0,PE,NIFTY25FEB26300PE,0.0,0.0,0.0,2103.6,0.0,2103.6,24004.75,2064.8,0,0,0,0.0,0,F1,75,,,,,
2025-01-03,2025-01-03,FO,NSE,IDO,38377,,NIFTY,,2025-12-24,2025-12-24,20000.0,PE,NIFTY25DEC20000PE,145.0,145.0,132.0,136.05,136.1,138.1,24004.75,136.05,58200,1025,52,78533955.0,37,F1,75,,,,,
2025-01-03,2025-01-03,FO,NSE,IDO,64684,,NIFTY,,2025-09-25,2025-09-25,20000.0,CE,NIFTY25SEP20000CE,0.0,0.0,0.0,7643.1,0.0,7643.1,24004.75,4982.55,0,0,0,0.0,0,F1,75,,,,,
2025-01-03,2025-01-03,FO,NSE,IDO,51460,,NIFTY,,2025-03-27,2025-03-27,23550.0,PE,NIFTY25MAR23550PE,0.0,0.0,0.0,274.7,275.3,274.7,24004.75,288.55,2325,0,0,0.0,0,F1,75,,,,,
2025-01-03,2025-01-03,FO,NSE,IDO,56527,,NIFTY,,2025-03-27,2025-03-27,24550.0,PE,NIFTY25MAR24550PE,0.0,0.0,0.0,966.45,0.0,966.45,24004.75,713.25,0,0,0,0.0,0,F1,75,,,,,
2025-01-03,2025-01-03,FO,NSE,IDO,37749,,NIFTY,,2025-06-26,2025-06-26,23000.0,CE,NIFTY25JUN23000CE,2111.8,2111.8,1973.0,1983.15,1997.5,2118.8,24004.75,1983.15,60175,1950,62,116444587.5,37,F1,75,,,,,
2025-01-03,2025-01-03,FO,NSE,IDO,55038,,NIFTY,,2025-01-23,2025-01-23,24550.0,PE,NIFTY2512324550PE,0.0,0.0,0.0,727.3,0.0,727.3,24004.75,587.3,0,0,0,0.0,0,F1,75,,,,,
2025-01-03,2025-01-03,FO,NSE,IDO,52801,,NIFTY,,2025-01-16,2025-01-16,24550.0,PE,NIFTY2511624550PE,473.05,585.0,459.05,567.4,573.1,446.95,24004.75,567.4,3000,2775,196,368727813.75,97,F1,75,,,,,
2025-01-03,2025-01-03,FO,NSE,IDO,61746,,NIFTY,,2029-12-27,2029-12-27,23000.0,CE,NIFTY29DEC23000CE,0.0,0.0,0.0,8286.75,0.0,8286.75,24004.75,7879.45,0,0,0,0.0,0,F1,75,,,,,
2025-01-03,2025-01-03,FO,NSE,IDO,46383,,NIFTY,,2025-01-30,2025-01-30,24550.0,PE,NIFTY25JAN24550PE,522.05,615.0,506.95,599.1,615.0,491.5,24004.75,599.1,23375,1325,533,334479960.0,219,F1,25,,,,,
2025-01-03,2025-01-03,FO,NSE,IDO,48153,,NIFTY,,2025-01-09,2025-01-09,24550.0,CE,NIFTY2510924550CE,49.8,49.8,13.5,15.0,13.85,48.0,24004.75,15.0,1705425,1181850,404454,745459519740.0,141062,F1,75,,,,,
2025-01-03,2025-01-03,FO,NSE,IDO,42129,,NIFTY,,2025-12-24,2025-12-24,31000.0,CE,NIFTY25DEC31000CE,97.05,99.0,90.0,90.5,90.5,98.0,24004.75,125.35,11475,225,14,32646761.25,13,F1,75,,,,,
2025-01-03,2025-01-03,FO,NSE,IDO,64593,,NIFTY,,2025-03-27,2025-03-27,31000.0,PE,NIFTY25MAR31000PE,5710.6,6435.1,5710.6,6410.25,6435.1,6269.75,24004.75,6410.25,60750,45525,655,1832228662.5,653,F1,75,,,,,
2025-01-03,2025-01-03,FO,NSE,IDO,43202,,NIFTY,,2025-01-30,2025-01-30,21750.0,CE,NIFTY25JAN21750CE,0.0,0.0,0.0,2844.65,2844.7,2844.65,24004.75,2363.7,200,0,0,0.0,0,F1,25,,,,,
2025-01-03,2025-01-03,FO,NSE,IDO,48078,,NIFTY,,2025-01-09,2025-01-09,23150.0,PE,NIFTY2510923150PE,9.95,10.2,4.05,4.8,4.75,9.95,24004.75,4.8,910050,540600,157278,273143727292.5,50515,F1,75,,,,,
2025-01-03,2025-01-03,FO,NSE,IDO,48216,,NIFTY,,2025-01-09,2025-01-09,25950.0,CE,NIFTY2510925950CE,1.45,1.5,0.75,0.85,0.75,1.4,24004.75,0.85,678075,659700,52943,103044827501.25,13577,F1,75,,,,,
2025-01-03,2025-01-03,FO,NSE,IDO,59769,,NIFTY,,2025-03-27,2025-03-27,25950.0,CE,NIFTY25MAR25950CE,0.0,0.0,0.0,213.8,0.0,213.8,24004.75,143.45,0,0,0,0.0,0,F1,75,,,,,
2025-01-03,2025-01-03,FO,NSE,IDO,57681,,NIFTY,,2025-02-27,2025-02-27,25950.0,CE,NIFTY25FEB25950CE,47.0,51.7,45.55,45.9,46.35,60.35,24004.75,45.9,2925,-1200,66,128687981.25,25,F1,75,,,,,
2025-01-03,2025-01-03,FO,NSE,IDO,45123,,NIFTY,,2025-02-06,2025-02-06,25950.0,CE,NIFTY2520625950CE,0.0,0.0,0.0,60.75,0.0,60.75,24004.75,17.85,0,0,0,0.0,0,F1,75,,,,,
2025-01-03,2025-01-03,FO,NSE,IDO,48235,,NIFTY,,2025-01-09,2025-01-09,26300.0,PE,NIFTY2510926300PE,0.0,0.0,0.0,1498.3,0.0,1498.3,24004.75,2266.1,0,0,0,0.0,0,F1,75,,,,,
2025-01-03,2025-01-03,FO,NSE,IDO,52904,,NIFTY,,2025-01-16,2025-01-16,26300.0,CE,NIFTY2511626300CE,2.7,3.25,1.8,1.95,1.9,2.55,24004.75,1.95,14100,10125,535,1055380762.5,192,F1,75,,,,,
2025-01-03,2025-01-03,FO,NSE,IDO,57702,,NIFTY,,2025-02-27,2025-02-27,26300.0,CE,NIFTY25FEB26300CE,35.4,35.4,26.1,26.5,26.45,33.75,24004.75,26.5,20250,2550,260,513406548.75,105,F1,75,,,,,
2025-01-03,2025-01-03,FO,NSE,IDO,45038,,NIFTY,,2025-02-06,2025-02-06,24700.0,PE,NIFTY2520624700PE,0.0,0.0,0.0,673.25,0.0,673.25,24004.75,729.0,0,0,0,0.0,0,F1,75,,,,,
2025-01-03,2025-01-03,FO,NSE,IDO,52827,,NIFTY,,2025-01-16,2025-01-16,24700.0,PE,NIFTY2511624700PE,568.05,710.1,568.05,692.2,710.1,561.7,24004.75,692.2,3375,675,47,89374027.5,36,F1,75,,,,,
2025-01-03,2025-01-03,FO,NSE,IDO,55045,,NIFTY,,2025-01-23,2025-01-23,24700.0,PE,NIFTY2512324700PE,0.0,0.0,0.0,937.95,937.95,937.95,24004.75,700.55,0,0,0,0.0,0,F1,75,,,,,
2025-01-03,2025-01-03,FO,NSE,IDO,46389,,NIFTY,,2025-01-30,2025-01-30,24700.0,CE,NIFTY25JAN24700CE,150.0,161.55,102.4,107.65,104.2,166.5,24004.75,107.65,938275,38325,50099,31089529642.5,17597,F1,25,,,,,
2025-01-03,2025-01-03,FO,NSE,IDO,56736,,NIFTY,,2025-02-27,2025-02-27,23400.0,PE,NIFTY25FEB23400PE,187.05,221.65,180.0,212.7,221.65,187.05,24004.75,212.7,103575,3750,389,688556996.25,205,F1,75,,,,,
2025-01-03,2025-01-03,FO,NSE,IDO,56883,,NIFTY,,2025-03-27,2025-03-27,25450.0,PE,NIFTY25MAR25450PE,0.0,0.0,0.0,1560.7,0.0,1560.7,24004.75,1299.25,0,0,0,0.0,0,F1,75,,,,,
2025-01-03,2025-01-03,FO,NSE,IDO,55607,,NIFTY,,2025-02-27,2025-02-27,22200.0,CE,NIFTY25FEB22200CE,2177.0,2177.0,2177.0,2177.0,2177.0,2236.8,24004.75,2053.2,75,75,1,1828275.0,1,F1,75,,,,,
2025-01-03,2025-01-03,FO,NSE,IDO,48170,,NIFTY,,2025-01-09,2025-01-09,24900.0,PE,NIFTY2510924900PE,741.05,911.15,725.9,911.15,911.15,706.85,24004.75,911.15,26100,75,150,289130062.5,104,F1,75,,,,,
2025-01-03,2025-01-03,FO,NSE,IDO,46415,,NIFTY,,2025-01-30,2025-01-30,24900.0,PE,NIFTY25JAN24900PE,755.5,874.5,740.85,858.25,874.5,714.4,24004.75,858.25,72500,2900,510,327802202.5,219,F1,25,,,,,
2025-01-03,2025-01-03,FO,NSE,IDO,45046,,NIFTY,,2025-02-06,2025-02-06,24900.0,PE,NIFTY2520624900PE,0.0,0.0,0.0,802.3,0.0,802.3,24004.75,876.7,0,0,0,0.0,0,F1,75,,,,,
2025-01-03,2025-01-03,FO,NSE,IDO,55064,,NIFTY,,2025-01-23,2025-01-23,24900.0,PE,NIFTY2512324900PE,0.0,0.0,0.0,969.65,0.0,969.65,24004.75,864.15,0,0,0,0.0,0,F1,75,,,,,
2025-01-03,2025-01-03,FO,NSE,IDO,46410,,NIFTY,,2025-01-30,2025-01-30,24900.0,CE,NIFTY25JAN24900CE,109.05,109.05,63.85,67.2,64.85,107.65,24004.75,67.2,970575,62375,37065,23145242405.0,13457,F1,25,,,,,
2025-01-03,2025-01-03,FO,NSE,IDO,58794,,NIFTY,,2025-03-27,2025-03-27,25900.0,PE,NIFTY25MAR25900PE,0.0,0.0,0.0,1904.95,0.0,1904.95,24004.75,1652.2,0,0,0,0.0,0,F1,75,,,,,
2025-01-03,2025-01-03,FO,NSE,IDO,45121,,NIFTY,,2025-02-06,2025-02-06,25900.0,CE,NIFTY2520625900CE,0.0,0.0,0.0,65.75,0.0,65.75,24004.75,19.95,0,0,0,0.0,0,F1,75,,,,,
2025-01-03,2025-01-03,FO,NSE,IDO,46538,,NIFTY,,2025-01-30,2025-01-30,25900.0,PE,NIFTY25JAN25900PE,1655.25,1789.0,1655.25,1789.0,1789.0,1613.05,24004.75,1789.0,12600,75,22,15194925.0,8,F1,25,,,,,
2025-01-03,2025-01-03,FO,NSE,IDO,52888,,NIFTY,,2025-01-16,2025-01-16,25900.0,PE,NIFTY2511625900PE,0.0,0.0,0.0,1291.95,0.0,1291.95,24004.75,1833.45,0,0,0,0.0,0,F1,75,,,,,
2025-01-03,2025-01-03,FO,NSE,IDO,48214,,NIFTY,,2025-01-09,2025-01-09,25900.0,CE,NIFTY2510925900CE,1.2,1.5,0.75,0.85,0.8,1.4,24004.75,0.85,957600,745275,67548,131217415916.25,13810,F1,75,,,,,
2025-01-03,2025-01-03,FO,NSE,IDO,58793,,NIFTY,,2025-03-27,2025-03-27,25900.0,CE,NIFTY25MAR25900CE,0.0,0.0,0.0,222.9,0.0,222.9,24004.75,151.5,0,0,0,0.0,0,F1,75,,,,,
2025-01-03,2025-01-03,FO,NSE,IDO,45122,,NIFTY,,2025-02-06,2025-02-06,25900.0,PE,NIFTY2520625900PE,0.0,0.0,0.0,1596.95,0.0,1596.95,24004.75,1752.85,0,0,0,0.0,0,F1,75,,,,,
2025-01-03,2025-01-03,FO,NSE,IDO,46537,,NIFTY,,2025-01-30,2025-01-30,25900.0,CE,NIFTY25JAN25900CE,12.8,12.8,7.8,8.4,7.8,11.05,24004.75,8.4,410650,139425,20092,13014079742.5,5917,F1,25,,,,,
2025-01-03,2025-01-03,FO,NSE,IDO,48215,,NIFTY,,2025-01-09,2025-01-09,25900.0,PE,NIFTY2510925900PE,1750.0,1750.0,1750.0,1750.0,1750.0,1684.3,24004.75,1866.55,6450,75,1,2073750.0,1,F1,75,,,,,
2025-01-03,2025-01-03,FO,NSE,IDO,55129,,NIFTY,,2025-01-23,2025-01-23,25900.0,CE,NIFTY2512325900CE,0.0,0.0,0.0,44.15,0.0,44.15,24004.75,3.2,0,0,0,0.0,0,F1,75,,,,,
2025-01-03,2025-01-03,FO,NSE,IDO,55130,,NIFTY,,2025-01-23,2025-01-23,25900.0,PE,NIFTY2512325900PE,0.0,0.0,0.0,1811.75,0.0,1811.75,24004.75,1802.8,0,0,0,0.0,0,F1,75,,,,,
2025-01-03,2025-01-03,FO,NSE,IDO,57679,,NIFTY,,2025-02-27,2025-02-27,25900.0,CE,NIFTY25FEB25900CE,56.35,56.9,46.75,49.65,49.3,64.15,24004.75,49.65,20100,4875,204,397051515.0,87,F1,75,,,,,
2025-01-03,2025-01-03,FO,NSE,IDO,52887,,NIFTY,,2025-01-16,2025-01-16,25900.0,CE,NIFTY2511625900CE,3.75,3.8,2.3,2.4,2.4,3.4,24004.75,2.4,20700,10200,670,1301618553.75,379,F1,75,,,,,
2025-01-03,2025-01-03,FO,NSE,IDO,57680,,NIFTY,,2025-02-27,2025-02-27,25900.0,PE,NIFTY25FEB25900PE,0.0,0.0,0.0,1263.15,1263.15,1263.15,24004.75,1700.1,300,0,0,0.0,0,F1,75,,,,,
2025-01-03,2025-01-03,FO,NSE,IDO,48142,,NIFTY,,2025-01-09,2025-01-09,24350.0,PE,NIFTY2510924350PE,283.15,409.0,275.95,392.05,398.85,268.2,24004.75,392.05,125625,40800,23098,42766710783.75,17067,F1,75,,,,,
2025-01-03,2025-01-03,FO,NSE,IDO,55199,,NIFTY,,2025-03-27,2025-03-27,24350.0,CE,NIFTY25MAR24350CE,0.0,0.0,0.0,694.65,0.0,694.65,24004.75,634.25,0,0,0,0.0,0,F1,75,,,,,
2025-01-03,2025-01-03,FO,NSE,IDO,55200,,NIFTY,,2025-03-27,2025-03-27,24350.0,PE,NIFTY25MAR24350PE,0.0,0.0,0.0,854.7,0.0,854.7,24004.75,608.6,0,0,0,0.0,0,F1,75,,,,,
2025-01-03,2025-01-03,FO,NSE,IDO,52724,,NIFTY,,2025-01-16,2025-01-16,24350.0,CE,NIFTY2511624350CE,200.0,200.0,104.7,110.05,106.6,190.35,24004.75,110.05,51750,21975,3557,6530793558.75,2306,F1,75,,,,,
2025-01-03,2025-01-03,FO,NSE,IDO,55030,,NIFTY,,2025-01-23,2025-01-23,24350.0,PE,NIFTY2512324350PE,0.0,0.0,0.0,604.95,0.0,604.95,24004.75,451.25,0,0,0,0.0,0,F1,75,,,,,
2025-01-03,2025-01-03,FO,NSE,IDO,46364,,NIFTY,,2025-01-30,2025-01-30,24350.0,CE,NIFTY25JAN24350CE,318.05,318.05,219.1,224.0,222.5,318.05,24004.75,224.0,73125,-3225,3745,2303678142.5,1570,F1,25,,,,,
2025-01-03,2025-01-03,FO,NSE,IDO,56870,,NIFTY,,2025-03-27,2025-03-27,25150.0,CE,NIFTY25MAR25150CE,0.0,0.0,0.0,400.85,0.0,400.85,24004.75,322.2,0,0,0,0.0,0,F1,75,,,,,
2025-01-03,2025-01-03,FO,NSE,IDO,48037,,NIFTY,,2025-01-09,2025-01-09,22400.0,CE,NIFTY2510922400CE,1710.15,1730.15,1597.8,1649.55,1649.55,1345.0,24004.75,1629.6,1200,525,28,50632747.5,20,F1,75,,,,,
2025-01-03,2025-01-03,FO,NSE,IDO,64592,,NIFTY,,2025-03-27,2025-03-27,31000.0,CE,NIFTY25MAR31000CE,9.95,10.3,8.55,9.25,9.25,10.05,24004.75,9.25,409525,118400,3919,9114479992.5,1424,F1,75,,,,,
2025-01-03,2025-01-03,FO,NSE,IDO,43203,,NIFTY,,2025-01-30,2025-01-30,21750.0,PE,NIFTY25JAN21750PE,9.35,9.35,5.55,6.0,6.0,8.2,24004.75,6.0,59875,23275,3499,1903126578.75,1160,F1,25,,,,,
2025-01-03,2025-01-03,FO,NSE,IDO,44931,,NIFTY,,2025-02-06,2025-02-06,23150.0,PE,NIFTY2520623150PE,0.0,0.0,0.0,94.65,0.0,94.65,24004.75,77.75,0,0,0,0.0,0,F1,75,,,,,
2025-01-03,2025-01-03,FO,NSE,IDO,57594,,NIFTY,,2025-02-27,2025-02-27,23800.0,PE,NIFTY25FEB23800PE,295.0,335.3,280.0,330.65,332.45,286.0,24004.75,330.65,105525,15000,871,1575029808.75,501,F1,75,,,,,
2025-01-03,2025-01-03,FO,NSE,IDO,52663,,NIFTY,,2025-01-16,2025-01-16,23800.0,PE,NIFTY2511623800PE,115.0,151.35,97.0,139.4,144.25,111.7,24004.75,139.4,297300,146100,19288,34611431201.25,10660,F1,75,,,,,
2025-01-03,2025-01-03,FO,NSE,IDO,55061,,NIFTY,,2025-03-27,2025-03-27,24200.0,PE,NIFTY25MAR24200PE,526.55,526.6,508.7,521.6,525.6,776.05,24004.75,521.6,1050,1050,26,48202818.75,17,F1,75,,,,,
2025-01-03,2025-01-03,FO,NSE,IDO,48135,,NIFTY,,2025-01-09,2025-01-09,24200.0,CE,NIFTY2510924200CE,176.0,176.0,70.8,76.8,71.6,181.4,24004.75,76.8,7315950,3676800,1749260,3189224880585.0,1040476,F1,75,,,,,
2025-01-03,2025-01-03,FO,NSE,IDO,52714,,NIFTY,,2025-01-16,2025-01-16,24200.0,PE,NIFTY2511624200PE,263.0,340.0,244.45,327.3,328.6,244.4,24004.75,327.3,124800,16125,13779,25308474915.0,8104,F1,75,,,,,
2025-01-03,2025-01-03,FO,NSE,IDO,55634,,NIFTY,,2025-02-27,2025-02-27,22850.0,PE,NIFTY25FEB22850PE,99.05,118.55,98.55,113.55,118.55,166.95,24004.75,113.55,4500,-3075,66,113607165.0,28,F1,75,,,,,
2025-01-03,2025-01-03,FO,NSE,IDO,54770,,NIFTY,,2025-01-23,2025-01-23,22850.0,CE,NIFTY2512322850CE,0.0,0.0,0.0,1345.45,0.0,1345.45,24004.75,1254.0,0,0,0,0.0,0,F1,75,,,,,
2025-01-03,2025-01-03,FO,NSE,IDO,52826,,NIFTY,,2025-01-16,2025-01-16,24700.0,CE,NIFTY2511624700CE,65.85,72.45,32.9,35.3,33.8,73.2,24004.75,35.3,273375,139725,18177,33734957643.75,10858,F1,75,,,,,
2025-01-03,2025-01-03,FO,NSE,IDO,52573,,NIFTY,,2025-01-16,2025-01-16,23400.0,CE,NIFTY2511623400CE,775.0,795.6,666.45,686.35,678.1,890.0,24004.75,686.35,13950,6000,269,486518906.25,176,F1,75,,,,,
2025-01-03,2025-01-03,FO,NSE,IDO,46625,,NIFTY,,2025-01-30,2025-01-30,26350.0,PE,NIFTY25JAN26350PE,0.0,0.0,0.0,1738.15,1738.15,1738.15,24004.75,2216.65,25,0,0,0.0,0,F1,25,,,,,
2025-01-03,2025-01-03,FO,NSE,IDO,56535,,NIFTY,,2025-03-27,2025-03-27,24650.0,PE,NIFTY25MAR24650PE,0.0,0.0,0.0,1025.2,0.0,1025.2,24004.75,769.3,0,0,0,0.0,0,F1,75,,,,,
2025-01-03,2025-01-03,FO,NSE,IDO,52816,,NIFTY,,2025-01-16,2025-01-16,24650.0,CE,NIFTY2511624650CE,85.0,85.0,39.6,42.6,42.75,86.15,24004.75,42.6,39375,12750,4000,7411229287.5,2392,F1,75,,,,,
2025-01-03,2025-01-03,FO,NSE,IDO,45035,,NIFTY,,2025-02-06,2025-02-06,24650.0,CE,NIFTY2520624650CE,0.0,0.0,0.0,353.0,0.0,353.0,24004.75,203.35,0,0,0,0.0,0,F1,75,,,,,
2025-01-03,2025-01-03,FO,NSE,IDO,46387,,NIFTY,,2025-01-30,2025-01-30,24650.0,CE,NIFTY25JAN24650CE,174.0,177.05,115.45,121.8,115.45,185.45,24004.75,121.8,139550,19525,3188,1975756550.0,1704,F1,25,,,,,
2025-01-03,2025-01-03,FO,NSE,IDO,45059,,NIFTY,,2025-02-06,2025-02-06,25100.0,CE,NIFTY2520625100CE,0.0,0.0,0.0,206.05,0.0,206.05,24004.75,98.0,0,0,0,0.0,0,F1,75,,,,,
2025-01-03,2025-01-03,FO,NSE,IDO,48017,,NIFTY,,2025-01-09,2025-01-09,21900.0,CE,NIFTY2510921900CE,0.0,0.0,0.0,2170.0,2170.0,2170.0,24004.75,2129.05,0,0,0,0.0,0,F1,75,,,,,
2025-01-03,2025-01-03,FO,NSE,IDO,43210,,NIFTY,,2025-01-30,2025-01-30,21900.0,PE,NIFTY25JAN21900PE,9.05,9.9,7.15,7.85,8.3,9.85,24004.75,7.85,366700,-9725,21203,11612860102.5,5375,F1,25,,,,,
2025-01-03,2025-01-03,FO,NSE,IDO,52409,,NIFTY,,2025-01-16,2025-01-16,21900.0,CE,NIFTY2511621900CE,0.0,0.0,0.0,2804.35,0.0,2804.35,24004.75,2157.35,0,0,0,0.0,0,F1,75,,,,,
2025-01-03,2025-01-03,FO,NSE,IDO,52410,,NIFTY,,2025-01-16,2025-01-16,21900.0,PE,NIFTY2511621900PE,3.25,3.55,2.2,2.3,2.9,3.9,24004.75,2.3,99825,81750,2317,3806098796.25,1233,F1,75,,,,,
2025-01-03,2025-01-03,FO,NSE,IDO,48018,,NIFTY,,2025-01-09,2025-01-09,21900.0,PE,NIFTY2510921900PE,1.8,2.1,0.65,0.7,0.75,2.35,24004.75,0.7,3080625,303075,132253,217236848812.5,28627,F1,75,,,,,
2025-01-03,2025-01-03,FO,NSE,IDO,35222,,NIFTY,,2025-12-24,2025-12-24,30000.0,PE,NIFTY25DEC30000PE,0.0,0.0,0.0,4227.0,4227.0,4227.0,24004.75,4296.05,450,0,0,0.0,0,F1,75,,,,,
2025-01-03,2025-01-03,FO,NSE,IDO,44937,,NIFTY,,2025-02-06,2025-02-06,23300.0,CE,NIFTY2520623300CE,0.0,0.0,0.0,1171.65,0.0,1171.65,24004.75,955.0,0,0,0,0.0,0,F1,75,,,,,
2025-01-03,2025-01-03,FO,NSE,IDO,54937,,NIFTY,,2025-01-23,2025-01-23,23300.0,CE,NIFTY2512323300CE,0.0,0.0,0.0,656.8,656.8,656.8,24004.75,847.6,225,0,0,0.0,0,F1,75,,,,,
2025-01-03,2025-01-03,FO,NSE,IDO,54938,,NIFTY,,2025-01-23,2025-01-23,23300.0,PE,NIFTY2512323300PE,70.0,74.9,52.0,67.95,71.6,62.95,24004.75,67.95,12225,2025,263,460880358.75,100,F1,75,,,,,
2025-01-03,2025-01-03,FO,NSE,IDO,35219,,NIFTY,,2025-06-26,2025-06-26,30000.0,CE,NIFTY25JUN30000CE,27.5,27.5,27.0,27.0,27.0,28.95,24004.75,27.0,450,0,3,6756112.5,2,F1,75,,,,,
2025-01-03,2025-01-03,FO,NSE,IDO,43262,,NIFTY,,2025-01-30,2025-01-30,22850.0,PE,NIFTY25JAN22850PE,41.0,47.95,33.4,43.0,47.95,40.4,24004.75,43.0,46600,6850,4273,2445354146.25,1641,F1,25,,,,,
2025-01-03,2025-01-03,FO,NSE,IDO,44908,,NIFTY,,2025-02-06,2025-02-06,22850.0,CE,NIFTY2520622850CE,0.0,0.0,0.0,1553.2,0.0,1553.2,24004.75,1338.7,0,0,0,0.0,0,F1,75,,,,,
2025-01-03,2025-01-03,FO,NSE,IDO,48234,,NIFTY,,2025-01-09,2025-01-09,26300.0,CE,NIFTY2510926300CE,1.3,1.45,0.6,0.7,0.65,1.3,24004.75,0.7,1129425,1048950,72026,142076691701.25,12293,F1,75,,,,,
2025-01-03,2025-01-03,FO,NSE,IDO,57629,,NIFTY,,2025-02-27,2025-02-27,24700.0,CE,NIFTY25FEB24700CE,364.65,364.65,296.0,303.3,296.0,376.25,24004.75,303.3,63225,8325,877,1645296585.0,448,F1,75,,,,,
2025-01-03,2025-01-03,FO,NSE,IDO,56543,,NIFTY,,2025-03-27,2025-03-27,24700.0,PE,NIFTY25MAR24700PE,0.0,0.0,0.0,1055.3,0.0,1055.3,24004.75,798.2,0,0,0,0.0,0,F1,75,,,,,
2025-01-03,2025-01-03,FO,NSE,IDO,56542,,NIFTY,,2025-03-27,2025-03-27,24700.0,CE,NIFTY25MAR24700CE,470.0,472.2,458.45,463.15,465.45,541.9,24004.75,463.15,8775,-600,95,179314076.25,16,F1,75,,,,,
2025-01-03,2025-01-03,FO,NSE,IDO,48161,,NIFTY,,2025-01-09,2025-01-09,24700.0,CE,NIFTY2510924700CE,20.0,24.15,5.9,6.85,6.2,22.2,24004.75,6.85,4487100,2114100,606881,1124805485835.0,187790,F1,75,,,,,
2025-01-03,2025-01-03,FO,NSE,IDO,55655,,NIFTY,,2025-02-27,2025-02-27,23400.0,CE,NIFTY25FEB23400CE,1129.75,1129.75,1050.2,1078.65,1078.65,1180.25,24004.75,1027.15,825,-825,14,25687102.5,11,F1,75,,,,,
2025-01-03,2025-01-03,FO,NSE,IDO,44958,,NIFTY,,2025-02-06,2025-02-06,23400.0,PE,NIFTY2520623400PE,0.0,0.0,0.0,141.35,0.0,141.35,24004.75,125.4,0,0,0,0.0,0,F1,75,,,,,
2025-01-03,2025-01-03,FO,NSE,IDO,46928,,NIFTY,,2025-03-27,2025-03-27,21900.0,CE,NIFTY25MAR21900CE,0.0,0.0,0.0,2344.3,0.0,2344.3,24004.75,2468.8,0,0,0,0.0,0,F1,75,,,,,
2025-01-03,2025-01-03,FO,NSE,IDO,54966,,NIFTY,,2025-01-23,2025-01-23,23450.0,PE,NIFTY2512323450PE,83.0,93.65,72.0,77.0,77.0,83.0,24004.75,83.05,600,0,6,10588473.75,4,F1,75,,,,,
2025-01-03,2025-01-03,FO,NSE,IDO,52583,,NIFTY,,2025-01-16,2025-01-16,23450.0,CE,NIFTY2511623450CE,652.95,711.4,640.45,650.2,650.2,530.55,24004.75,650.2,2850,-600,18,32579868.75,16,F1,75,,,,,
2025-01-03,2025-01-03,FO,NSE,IDO,51127,,NIFTY,,2025-03-27,2025-03-27,23450.0,PE,NIFTY25MAR23450PE,250.0,265.0,250.0,265.0,265.0,264.3,24004.75,259.25,6000,2850,52,92460622.5,5,F1,75,,,,,
2025-01-03,2025-01-03,FO,NSE,IDO,57674,,NIFTY,,2025-02-27,2025-02-27,25750.0,PE,NIFTY25FEB25750PE,0.0,0.0,0.0,1131.85,1131.85,1131.85,24004.75,1568.25,75,0,0,0.0,0,F1,75,,,,,
2025-01-03,2025-01-03,FO,NSE,IDO,46506,,NIFTY,,2025-01-30,2025-01-30,25750.0,PE,NIFTY25JAN25750PE,0.0,0.0,0.0,1830.0,1830.0,1830.0,24004.75,1631.45,725,0,0,0.0,0,F1,25,,,,,
2025-01-03,2025-01-03,FO,NSE,IDO,45110,,NIFTY,,2025-02-06,2025-02-06,25750.0,CE,NIFTY2520625750CE,0.0,0.0,0.0,83.05,0.0,83.05,24004.75,27.7,0,0,0,0.0,0,F1,75,,,,,
2025-01-03,2025-01-03,FO,NSE,IDO,46505,,NIFTY,,2025-01-30,2025-01-30,25750.0,CE,NIFTY25JAN25750CE,13.0,13.55,9.5,9.9,9.5,13.1,24004.75,9.9,27625,-11200,2347,1511530363.75,941,F1,25,,,,,
2025-01-03,2025-01-03,FO,NSE,IDO,44899,,NIFTY,,2025-02-06,2025-02-06,22650.0,CE,NIFTY2520622650CE,0.0,0.0,0.0,1733.95,0.0,1733.95,24004.75,1522.0,0,0,0,0.0,0,F1,75,,,,,
2025-01-03,2025-01-03,FO,NSE,IDO,44901,,NIFTY,,2025-02-06,2025-02-06,22650.0,PE,NIFTY2520622650PE,0.0,0.0,0.0,37.75,0.0,37.75,24004.75,25.25,0,0,0,0.0,0,F1,75,,,,,
2025-01-03,2025-01-03,FO,NSE,IDO,54758,,NIFTY,,2025-01-23,2025-01-23,22650.0,CE,NIFTY2512322650CE,0.0,0.0,0.0,1518.65,0.0,1518.65,24004.75,1445.8,0,0,0,0.0,0,F1,75,,,,,
2025-01-03,2025-01-03,FO,NSE,IDO,43256,,NIFTY,,2025-01-30,2025-01-30,22700.0,PE,NIFTY25JAN22700PE,33.3,35.3,24.9,33.0,34.4,32.25,24004.75,33.0,335925,-76325,21930,12462234531.25,7798,F1,25,,,,,
2025-01-03,2025-01-03,FO,NSE,IDO,44902,,NIFTY,,2025-02-06,2025-02-06,22700.0,CE,NIFTY2520622700CE,0.0,0.0,0.0,1688.25,0.0,1688.25,24004.75,1475.6,0,0,0,0.0,0,F1,75,,,,,
2025-01-03,2025-01-03,FO,NSE,IDO,47038,,NIFTY,,2025-03-27,2025-03-27,22700.0,CE,NIFTY25MAR22700CE,0.0,0.0,0.0,1692.75,0.0,1692.75,24004.75,1754.25,0,0,0,0.0,0,F1,75,,,,,
2025-01-03,2025-01-03,FO,NSE,IDO,56881,,NIFTY,,2025-03-27,2025-03-27,25400.0,PE,NIFTY25MAR25400PE,0.0,0.0,0.0,1523.1,0.0,1523.1,24004.75,1262.2,0,0,0,0.0,0,F1,75,,,,,
2025-01-03,2025-01-03,FO,NSE,IDO,45083,,NIFTY,,2025-02-06,2025-02-06,25400.0,CE,NIFTY2520625400CE,0.0,0.0,0.0,138.25,0.0,138.25,24004.75,56.4,0,0,0,0.0,0,F1,75,,,,,
2025-01-03,2025-01-03,FO,NSE,IDO,52533,,NIFTY,,2025-01-16,2025-01-16,23100.0,CE,NIFTY2511623100CE,1053.4,1053.7,1028.65,1029.0,1029.0,1136.9,24004.75,974.65,1500,-150,14,25353401.25,13,F1,75,,,,,
2025-01-03,2025-01-03,FO,NSE,IDO,48032,,NIFTY,,2025-01-09,2025-01-09,22250.0,PE,NIFTY2510922250PE,2.55,2.55,0.7,0.75,0.7,2.5,24004.75,0.75,148125,8700,11642,19428721556.25,3927,F1,75,,,,,
2025-01-03,2025-01-03,FO,NSE,IDO,56884,,NIFTY,,2025-03-27,2025-03-27,25500.0,CE,NIFTY25MAR25500CE,221.0,227.9,194.85,197.45,194.85,233.25,24004.75,197.45,127800,5475,762,1469289810.0,508,F1,75,,,,,
2025-01-03,2025-01-03,FO,NSE,IDO,52568,,NIFTY,,2025-01-16,2025-01-16,23300.0,CE,NIFTY2511623300CE,850.0,885.6,752.0,766.95,755.0,905.0,24004.75,766.95,8250,4050,169,305741737.5,94,F1,75,,,,,
2025-01-03,2025-01-03,FO,NSE,IDO,51119,,NIFTY,,2025-03-27,2025-03-27,23300.0,PE,NIFTY25MAR23300PE,230.95,245.25,218.95,241.55,245.25,219.95,24004.75,241.55,7950,1800,100,176475210.0,34,F1,75,,,,,
2025-01-03,2025-01-03,FO,NSE,IDO,55652,,NIFTY,,2025-02-27,2025-02-27,23300.0,PE,NIFTY25FEB23300PE,180.0,195.85,160.95,190.15,195.85,167.9,24004.75,190.15,107625,1875,666,1172778735.0,352,F1,75,,,,,
2025-01-03,2025-01-03,FO,NSE,IDO,48058,,NIFTY,,2025-01-09,2025-01-09,22850.0,PE,NIFTY2510922850PE,4.25,4.65,1.75,2.0,2.1,5.3,24004.75,2.0,651375,223875,57067,97809985646.25,23188,F1,75,,,,,
2025-01-03,2025-01-03,FO,NSE,IDO,48212,,NIFTY,,2025-03-27,2025-03-27,22850.0,PE,NIFTY25MAR22850PE,0.0,0.0,0.0,269.1,0.0,269.1,24004.75,126.7,0,0,0,0.0,0,F1,75,,,,,
2025-01-03,2025-01-03,FO,NSE,IDO,43261,,NIFTY,,2025-01-30,2025-01-30,22850.0,CE,NIFTY25JAN22850CE,0.0,0.0,0.0,1055.8,1055.8,1055.8,24004.75,1295.95,300,0,0,0.0,0,F1,25,,,,,
2025-01-03,2025-01-03,FO,NSE,IDO,48057,,NIFTY,,2025-01-09,2025-01-09,22850.0,CE,NIFTY2510922850CE,1330.55,1330.55,1153.3,1153.3,1153.3,885.65,24004.75,1153.3,3150,0,5,9030123.75,5,F1,75,,,,,
2025-01-03,2025-01-03,FO,NSE,IDO,55633,,NIFTY,,2025-02-27,2025-02-27,22850.0,CE,NIFTY25FEB22850CE,0.0,0.0,0.0,1715.2,0.0,1715.2,24004.75,1466.35,0,0,0,0.0,0,F1,75,,,,,
2025-01-03,2025-01-03,FO,NSE,IDO,48162,,NIFTY,,2025-01-09,2025-01-09,24700.0,PE,NIFTY2510924700PE,551.75,726.7,545.6,706.4,721.5,527.9,24004.75,706.4,40275,4650,1406,2671873098.75,884,F1,75,,,,,
2025-01-03,2025-01-03,FO,NSE,IDO,57630,,NIFTY,,2025-02-27,2025-02-27,24700.0,PE,NIFTY25FEB24700PE,680.0,765.75,660.75,757.3,764.65,646.45,24004.75,757.3,12825,525,92,175353915.0,61,F1,75,,,,,
2025-01-03,2025-01-03,FO,NSE,IDO,55630,,NIFTY,,2025-02-27,2025-02-27,22750.0,PE,NIFTY25FEB22750PE,91.25,104.0,87.7,103.4,103.3,91.25,24004.75,103.4,6225,675,66,113082300.0,22,F1,75,,,,,
2025-01-03,2025-01-03,FO,NSE,IDO,44904,,NIFTY,,2025-02-06,2025-02-06,22750.0,CE,NIFTY2520622750CE,0.0,0.0,0.0,1642.85,0.0,1642.85,24004.75,1429.6,0,0,0,0.0,0,F1,75,,,,,
2025-01-03,2025-01-03,FO,NSE,IDO,46341,,NIFTY,,2025-01-30,2025-01-30,23950.0,CE,NIFTY25JAN23950CE,528.85,536.0,416.75,426.2,422.0,557.5,24004.75,426.2,81175,-12550,6216,3796331935.0,1983,F1,25,,,,,
2025-01-03,2025-01-03,FO,NSE,IDO,57600,,NIFTY,,2025-02-27,2025-02-27,23950.0,PE,NIFTY25FEB23950PE,363.0,388.9,328.4,381.3,379.85,335.0,24004.75,381.3,14100,4650,102,186054615.0,45,F1,75,,,,,
2025-01-03,2025-01-03,FO,NSE,IDO,48141,,NIFTY,,2025-01-09,2025-01-09,24350.0,CE,NIFTY2510924350CE,96.8,106.9,36.65,39.8,37.05,111.25,24004.75,39.8,1649025,1104525,453109,829602047306.25,264882,F1,75,,,,,
2025-01-03,2025-01-03,FO,NSE,IDO,55029,,NIFTY,,2025-01-23,2025-01-23,24350.0,CE,NIFTY2512324350CE,205.45,218.55,173.9,173.9,173.9,376.5,24004.75,173.9,375,375,18,33145012.5,12,F1,75,,,,,
2025-01-03,2025-01-03,FO,NSE,IDO,54780,,NIFTY,,2025-01-23,2025-01-23,23100.0,CE,NIFTY2512323100CE,0.0,0.0,0.0,1140.2,0.0,1140.2,24004.75,1022.6,0,0,0,0.0,0,F1,75,,,,,
2025-01-03,2025-01-03,FO,NSE,IDO,43286,,NIFTY,,2025-01-30,2025-01-30,23100.0,PE,NIFTY25JAN23100PE,62.95,72.25,51.35,68.6,72.1,60.05,24004.75,68.6,686775,98175,32023,18543935808.75,10726,F1,25,,,,,
2025-01-03,2025-01-03,FO,NSE,IDO,52897,,NIFTY,,2025-01-16,2025-01-16,26100.0,PE,NIFTY2511626100PE,0.0,0.0,0.0,1460.35,0.0,1460.35,24004.75,2032.7,0,0,0,0.0,0,F1,75,,,,,
2025-01-03,2025-01-03,FO,NSE,IDO,46588,,NIFTY,,2025-01-30,2025-01-30,26100.0,CE,NIFTY25JAN26100CE,11.7,11.7,6.25,6.65,6.35,8.1,24004.75,6.65,131750,-1025,5626,3671971997.5,1572,F1,25,,,,,
2025-01-03,2025-01-03,FO,NSE,IDO,46466,,NIFTY,,2025-01-30,2025-01-30,25400.0,PE,NIFTY25JAN25400PE,1254.45,1310.25,1212.75,1310.25,1310.25,1135.0,24004.75,1302.85,38125,-25,34,22632350.0,11,F1,25,,,,,
2025-01-03,2025-01-03,FO,NSE,IDO,55198,,NIFTY,,2025-03-27,2025-03-27,24300.0,PE,NIFTY25MAR24300PE,500.0,568.0,499.2,555.15,567.4,499.9,24004.75,555.15,4875,2175,52,96883743.75,27,F1,75,,,,,
2025-01-03,2025-01-03,FO,NSE,IDO,52866,,NIFTY,,2025-01-16,2025-01-16,25400.0,CE,NIFTY2511625400CE,6.45,6.8,3.85,4.1,4.5,6.45,24004.75,4.1,92325,57450,3822,7282274280.0,2193,F1,75,,,,,
2025-01-03,2025-01-03,FO,NSE,IDO,46363,,NIFTY,,2025-01-30,2025-01-30,24300.0,PE,NIFTY25JAN24300PE,395.85,462.3,363.85,446.85,455.0,360.55,24004.75,446.85,512475,51775,31867,19688692323.75,10828,F1,25,,,,,
2025-01-03,2025-01-03,FO,NSE,IDO,46362,,NIFTY,,2025-01-30,2025-01-30,24300.0,CE,NIFTY25JAN24300CE,396.0,396.0,238.6,245.45,242.0,345.05,24004.75,245.45,685350,84800,44699,27464611663.75,15072,F1,25,,,,,
2025-01-03,2025-01-03,FO,NSE,IDO,52867,,NIFTY,,2025-01-16,2025-01-16,25400.0,PE,NIFTY2511625400PE,0.0,0.0,0.0,907.1,0.0,907.1,24004.75,1338.3,0,0,0,0.0,0,F1,75,,,,,
2025-01-03,2025-01-03,FO,NSE,IDO,52723,,NIFTY,,2025-01-16,2025-01-16,24300.0,PE,NIFTY2511624300PE,321.0,403.65,297.3,390.0,400.05,291.3,24004.75,390.0,39150,525,2947,5449157842.5,2070,F1,75,,,,,
2025-01-03,2025-01-03,FO,NSE,IDO,40091,,NIFTY,,2025-06-26,2025-06-26,15000.0,PE,NIFTY25JUN15000PE,0.0,0.0,0.0,1.45,1.45,1.45,24004.75,0.05,1925,0,0,0.0,0,F1,75,,,,,
2025-01-03,2025-01-03,FO,NSE,IDO,53595,,NIFTY,,2027-12-30,2027-12-30,15000.0,PE,NIFTY27DEC15000PE,0.0,0.0,0.0,43.05,43.05,43.05,24004.75,2.55,475,0,0,0.0,0,F1,75,,,,,
2025-01-03,2025-01-03,FO,NSE,IDO,44922,,NIFTY,,2025-02-06,2025-02-06,23050.0,CE,NIFTY2520623050CE,0.0,0.0,0.0,1378.8,0.0,1378.8,24004.75,1162.45,0,0,0,0.0,0,F1,75,,,,,
2025-01-03,2025-01-03,FO,NSE,IDO,48236,,NIFTY,,2025-01-09,2025-01-09,26350.0,CE,NIFTY2510926350CE,1.5,1.5,0.6,0.7,0.65,1.35,24004.75,0.7,1067100,1013250,62263,123052030998.75,12636,F1,75,,,,,
2025-01-03,2025-01-03,FO,NSE,IDO,46624,,NIFTY,,2025-01-30,2025-01-30,26350.0,CE,NIFTY25JAN26350CE,6.35,6.6,5.8,5.95,5.95,7.0,24004.75,5.95,17150,4750,4001,2636269905.0,737,F1,25,,,,,
2025-01-03,2025-01-03,FO,NSE,IDO,48159,,NIFTY,,2025-01-09,2025-01-09,24650.0,CE,NIFTY2510924650CE,28.65,30.95,7.45,9.0,8.45,29.5,24004.75,9.0,1670925,1080825,420979,778769150122.5,121576,F1,75,,,,,
2025-01-03,2025-01-03,FO,NSE,IDO,52817,,NIFTY,,2025-01-16,2025-01-16,24650.0,PE,NIFTY2511624650PE,0.0,0.0,0.0,457.35,0.0,457.35,24004.75,644.45,0,0,0,0.0,0,F1,75,,,,,
2025-01-03,2025-01-03,FO,NSE,IDO,46388,,NIFTY,,2025-01-30,2025-01-30,24650.0,PE,NIFTY25JAN24650PE,587.95,680.7,564.0,668.4,680.7,548.2,24004.75,668.4,39975,-175,364,229903750.0,149,F1,25,,,,,
2025-01-03,2025-01-03,FO,NSE,IDO,55032,,NIFTY,,2025-01-23,2025-01-23,24400.0,PE,NIFTY2512324400PE,446.25,491.05,446.25,486.05,483.25,634.35,24004.75,486.05,300,300,24,44759040.0,9,F1,75,,,,,
2025-01-03,2025-01-03,FO,NSE,IDO,57688,,NIFTY,,2025-02-27,2025-02-27,26100.0,PE,NIFTY25FEB26100PE,0.0,0.0,0.0,1941.75,0.0,1941.75,24004.75,1880.35,0,0,0,0.0,0,F1,75,,,,,
2025-01-03,2025-01-03,FO,NSE,IDO,57660,,NIFTY,,2025-02-27,2025-02-27,25400.0,PE,NIFTY25FEB25400PE,0.0,0.0,0.0,1106.0,1106.0,1106.0,24004.75,1274.3,75,0,0,0.0,0,F1,75,,,,,
2025-01-03,2025-01-03,FO,NSE,IDO,46465,,NIFTY,,2025-01-30,2025-01-30,25400.0,CE,NIFTY25JAN25400CE,28.0,28.7,16.1,17.05,16.5,28.7,24004.75,17.05,682400,281975,50895,32344781820.0,15409,F1,25,,,,,
2025-01-03,2025-01-03,FO,NSE,IDO,45017,,NIFTY,,2025-02-06,2025-02-06,24300.0,PE,NIFTY2520624300PE,0.0,0.0,0.0,452.55,0.0,452.55,24004.75,474.65,0,0,0,0.0,0,F1,75,,,,,
2025-01-03,2025-01-03,FO,NSE,IDO,57614,,NIFTY,,2025-02-27,2025-02-27,24300.0,PE,NIFTY25FEB24300PE,483.85,541.4,461.1,532.1,541.4,459.35,24004.75,532.1,22725,525,173,321918446.25,121,F1,75,,,,,
2025-01-03,2025-01-03,FO,NSE,IDO,57626,,NIFTY,,2025-02-27,2025-02-27,24600.0,PE,NIFTY25FEB24600PE,608.2,700.05,608.2,688.85,691.0,595.2,24004.75,688.85,19500,-450,151,286052100.0,87,F1,75,,,,,
2025-01-03,2025-01-03,FO,NSE,IDO,46351,,NIFTY,,2025-01-30,2025-01-30,24000.0,PE,NIFTY25JAN24000PE,200.0,311.0,200.0,300.25,308.95,241.05,24004.75,300.25,5343125,-18350,198461,120452598313.75,61896,F1,25,,,,,
2025-01-03,2025-01-03,FO,NSE,IDO,71502,,NIFTY,,2026-12-31,2026-12-31,24000.0,PE,NIFTY26DEC24000PE,892.0,925.0,890.0,921.5,925.0,874.75,24004.75,921.5,9075,825,13,24282978.75,13,F1,75,,,,,
2025-01-03,2025-01-03,FO,NSE,IDO,71393,,NIFTY,,2025-12-24,2025-12-24,24000.0,CE,NIFTY25DEC24000CE,2271.0,2278.05,2162.2,2170.45,2170.0,2295.55,24004.75,2170.45,194800,2325,110,216198003.75,100,F1,75,,,,,
2025-01-03,2025-01-03,FO,NSE,IDO,86152,,NIFTY,,2028-06-29,2028-06-29,24000.0,PE,NIFTY28JUN24000PE,0.0,0.0,0.0,1692.75,0.0,1692.75,24004.75,516.2,0,0,0,0.0,0,F1,75,,,,,
2025-01-03,2025-01-03,FO,NSE,IDO,55004,,NIFTY,,2025-01-23,2025-01-23,24000.0,PE,NIFTY2512324000PE,224.95,278.5,205.25,267.65,277.0,210.15,24004.75,267.65,68775,34875,2300,4183776033.75,1514,F1,75,,,,,
2025-01-03,2025-01-03,FO,NSE,IDO,48021,,NIFTY,,2025-01-09,2025-01-09,22000.0,CE,NIFTY2510922000CE,2102.0,2102.4,1980.0,1983.9,1980.0,2216.05,24004.75,1983.9,13875,-8025,203,366222926.25,91,F1,75,,,,,
2025-01-03,2025-01-03,FO,NSE,IDO,89626,,NIFTY,,2029-06-28,2029-06-28,22000.0,CE,NIFTY29JUN22000CE,0.0,0.0,0.0,9207.9,0.0,9207.9,24004.75,7981.3,0,0,0,0.0,0,F1,75,,,,,
2025-01-03,2025-01-03,FO,NSE,IDO,48119,,NIFTY,,2025-01-09,2025-01-09,24000.0,PE,NIFTY2510924000PE,114.3,172.6,93.4,156.55,162.95,111.9,24004.75,156.55,5543400,1648350,1999538,3619914803328.75,1240874,F1,75,,,,,
2025-01-03,2025-01-03,FO,NSE,IDO,55600,,NIFTY,,2025-02-27,2025-02-27,22000.0,PE,NIFTY25FEB22000PE,42.55,46.8,36.3,42.65,43.6,41.5,24004.75,42.65,434625,43950,7907,13070626203.75,3094,F1,75,,,,,
2025-01-03,2025-01-03,FO,NSE,IDO,67778,,NIFTY,,2028-12-28,2028-12-28,22000.0,CE,NIFTY28DEC22000CE,0.0,0.0,0.0,6932.45,0.0,6932.45,24004.75,7436.35,0,0,0,0.0,0,F1,75,,,,,
2025-01-03,2025-01-03,FO,NSE,IDO,43216,,NIFTY,,2025-01-30,2025-01-30,22000.0,PE,NIFTY25JAN22000PE,11.95,11.95,8.0,9.5,10.0,11.35,24004.75,9.5,3157500,-34950,67525,37154527410.0,14154,F1,25,,,,,
2025-01-03,2025-01-03,FO,NSE,IDO,64682,,NIFTY,,2025-09-25,2025-09-25,19000.0,CE,NIFTY25SEP19000CE,0.0,0.0,0.0,8559.0,0.0,8559.0,24004.75,5919.3,0,0,0,0.0,0,F1,75,,,,,
2025-01-03,2025-01-03,FO,NSE,IDO,89614,,NIFTY,,2029-06-28,2029-06-28,19000.0,CE,NIFTY29JUN19000CE,0.0,0.0,0.0,11036.95,0.0,11036.95,24004.75,10031.85,0,0,0,0.0,0,F1,75,,,,,
2025-01-03,2025-01-03,FO,NSE,IDO,61402,,NIFTY,,2029-12-27,2029-12-27,19000.0,CE,NIFTY29DEC19000CE,0.0,0.0,0.0,10714.6,0.0,10714.6,24004.75,10496.2,0,0,0,0.0,0,F1,75,,,,,
2025-01-03,2025-01-03,FO,NSE,IDO,61403,,NIFTY,,2029-12-27,2029-12-27,19000.0,PE,NIFTY29DEC19000PE,0.0,0.0,0.0,142.25,0.0,142.25,24004.75,63.95,0,0,0,0.0,0,F1,75,,,,,
2025-01-03,2025-01-03,FO,NSE,IDO,39982,,NIFTY,,2025-06-26,2025-06-26,19000.0,CE,NIFTY25JUN19000CE,0.0,0.0,0.0,3077.9,0.0,3077.9,24004.75,5607.75,0,0,0,0.0,0,F1,75,,,,,
2025-01-03,2025-01-03,FO,NSE,IDO,39988,,NIFTY,,2025-12-24,2025-12-24,19000.0,PE,NIFTY25DEC19000PE,0.0,0.0,0.0,102.0,102.0,102.0,24004.75,12.4,9425,0,0,0.0,0,F1,75,,,,,
2025-01-03,2025-01-03,FO,NSE,IDO,43234,,NIFTY,,2025-01-30,2025-01-30,22250.0,PE,NIFTY25JAN22250PE,15.0,15.8,11.75,14.95,15.65,16.25,24004.75,14.95,52700,-13600,4066,2263167957.5,1057,F1,25,,,,,
2025-01-03,2025-01-03,FO,NSE,IDO,50971,,NIFTY,,2025-12-24,2025-12-24,27000.0,CE,NIFTY25DEC27000CE,748.0,756.0,694.7,705.65,700.0,753.55,24004.75,705.65,201925,-1200,142,295178497.5,121,F1,75,,,,,
2025-01-03,2025-01-03,FO,NSE,IDO,61795,,NIFTY,,2029-12-27,2029-12-27,27000.0,PE,NIFTY29DEC27000PE,0.0,0.0,0.0,1177.9,0.0,1177.9,24004.75,897.45,0,0,0,0.0,0,F1,75,,,,,
2025-01-03,2025-01-03,FO,NSE,IDO,50979,,NIFTY,,2026-12-31,2026-12-31,27000.0,PE,NIFTY26DEC27000PE,0.0,0.0,0.0,6522.3,0.0,6522.3,24004.75,1628.3,0,0,0,0.0,0,F1,75,,,,,
2025-01-03,2025-01-03,FO,NSE,IDO,64577,,NIFTY,,2025-03-27,2025-03-27,27000.0,PE,NIFTY25MAR27000PE,2450.0,2590.0,2439.15,2576.45,2590.0,2419.5,24004.75,2576.45,512750,-150,45,99634335.0,41,F1,75,,,,,
2025-01-03,2025-01-03,FO,NSE,IDO,50976,,NIFTY,,2026-06-25,2026-06-25,27000.0,PE,NIFTY26JUN27000PE,0.0,0.0,0.0,6810.7,0.0,6810.7,24004.75,1824.3,0,0,0,0.0,0,F1,75,,,,,
2025-01-03,2025-01-03,FO,NSE,IDO,67788,,NIFTY,,2028-12-28,2028-12-28,27000.0,CE,NIFTY28DEC27000CE,0.0,0.0,0.0,4437.95,0.0,4437.95,24004.75,4462.25,0,0,0,0.0,0,F1,75,,,,,
2025-01-03,2025-01-03,FO,NSE,IDO,50972,,NIFTY,,2025-12-24,2025-12-24,27000.0,PE,NIFTY25DEC27000PE,1880.0,1945.0,1850.0,1919.5,1941.9,1839.65,24004.75,1919.5,82175,375,12,26000887.5,11,F1,75,,,,,
2025-01-03,2025-01-03,FO,NSE,IDO,86163,,NIFTY,,2028-06-29,2028-06-29,27000.0,CE,NIFTY28JUN27000CE,0.0,0.0,0.0,2885.15,0.0,2885.15,24004.75,3867.95,0,0,0,0.0,0,F1,75,,,,,
2025-01-03,2025-01-03,FO,NSE,IDO,64698,,NIFTY,,2025-09-25,2025-09-25,27000.0,CE,NIFTY25SEP27000CE,0.0,0.0,0.0,2279.95,0.0,2279.95,24004.75,492.75,0,0,0,0.0,0,F1,75,,,,,
2025-01-03,2025-01-03,FO,NSE,IDO,86164,,NIFTY,,2028-06-29,2028-06-29,27000.0,PE,NIFTY28JUN27000PE,0.0,0.0,0.0,2752.35,0.0,2752.35,24004.75,1199.7,0,0,0,0.0,0,F1,75,,,,,
2025-01-03,2025-01-03,FO,NSE,IDO,50970,,NIFTY,,2025-06-26,2025-06-26,27000.0,PE,NIFTY25JUN27000PE,2145.05,2248.05,2145.05,2248.05,2248.05,2134.0,24004.75,2248.05,30100,450,7,15334031.25,7,F1,75,,,,,
2025-01-03,2025-01-03,FO,NSE,IDO,50969,,NIFTY,,2025-06-26,2025-06-26,27000.0,CE,NIFTY25JUN27000CE,200.05,200.05,171.7,179.45,175.1,201.15,24004.75,179.45,161825,4650,502,1023483431.25,394,F1,75,,,,,
2025-01-03,2025-01-03,FO,NSE,IDO,57605,,NIFTY,,2025-02-27,2025-02-27,24100.0,CE,NIFTY25FEB24100CE,680.7,680.7,574.25,583.35,574.4,697.7,24004.75,583.35,28650,3975,510,945225731.25,390,F1,75,,,,,
2025-01-03,2025-01-03,FO,NSE,IDO,54728,,NIFTY,,2025-03-27,2025-03-27,24100.0,PE,NIFTY25MAR24100PE,481.45,486.0,422.05,485.4,485.25,433.05,24004.75,485.4,2550,-150,57,105023441.25,29,F1,75,,,,,
2025-01-03,2025-01-03,FO,NSE,IDO,52697,,NIFTY,,2025-01-16,2025-01-16,24100.0,CE,NIFTY2511624100CE,310.0,315.0,194.75,205.5,197.4,323.9,24004.75,205.5,228150,171375,22806,41631416283.75,12998,F1,75,,,,,
2025-01-03,2025-01-03,FO,NSE,IDO,54727,,NIFTY,,2025-03-27,2025-03-27,24100.0,CE,NIFTY25MAR24100CE,867.0,867.0,752.5,752.5,752.5,880.4,24004.75,752.5,3675,300,35,65385498.75,33,F1,75,,,,,
2025-01-03,2025-01-03,FO,NSE,IDO,43197,,NIFTY,,2025-01-30,2025-01-30,21700.0,CE,NIFTY25JAN21700CE,2472.5,2475.5,2421.15,2421.15,2421.15,2513.45,24004.75,2413.35,1875,-100,18,10871372.5,9,F1,25,,,,,
2025-01-03,2025-01-03,FO,NSE,IDO,43198,,NIFTY,,2025-01-30,2025-01-30,21700.0,PE,NIFTY25JAN21700PE,7.3,7.45,5.3,5.8,6.15,7.8,24004.75,5.8,479725,-24850,12146,6591010030.0,3903,F1,25,,,,,
2025-01-03,2025-01-03,FO,NSE,IDO,44923,,NIFTY,,2025-02-06,2025-02-06,23050.0,PE,NIFTY2520623050PE,0.0,0.0,0.0,79.8,0.0,79.8,24004.75,63.25,0,0,0,0.0,0,F1,75,,,,,
2025-01-03,2025-01-03,FO,NSE,IDO,48067,,NIFTY,,2025-01-09,2025-01-09,23050.0,PE,NIFTY2510923050PE,7.75,7.9,3.1,3.5,3.75,7.75,24004.75,3.5,535950,147525,90413,156332209155.0,33111,F1,75,,,,,
2025-01-03,2025-01-03,FO,NSE,IDO,52532,,NIFTY,,2025-01-16,2025-01-16,23050.0,PE,NIFTY2511623050PE,22.4,24.1,13.4,17.3,18.25,21.35,24004.75,17.3,13050,9675,700,1211067318.75,456,F1,75,,,,,
2025-01-03,2025-01-03,FO,NSE,IDO,43273,,NIFTY,,2025-01-30,2025-01-30,23050.0,CE,NIFTY25JAN23050CE,1186.15,1186.15,1186.15,1186.15,1186.15,934.1,24004.75,1115.3,475,25,1,605903.75,1,F1,25,,,,,
2025-01-03,2025-01-03,FO,NSE,IDO,48251,,NIFTY,,2025-03-27,2025-03-27,23050.0,CE,NIFTY25MAR23050CE,0.0,0.0,0.0,1437.85,0.0,1437.85,24004.75,1469.05,0,0,0,0.0,0,F1,75,,,,,
2025-01-03,2025-01-03,FO,NSE,IDO,48237,,NIFTY,,2025-01-09,2025-01-09,26350.0,PE,NIFTY2510926350PE,0.0,0.0,0.0,1541.6,0.0,1541.6,24004.75,2316.05,0,0,0,0.0,0,F1,75,,,,,
2025-01-03,2025-01-03,FO,NSE,IDO,52906,,NIFTY,,2025-01-16,2025-01-16,26350.0,CE,NIFTY2511626350CE,2.6,2.6,1.8,1.95,1.9,2.55,24004.75,1.95,3000,225,184,363661590.0,83,F1,75,,,,,
2025-01-03,2025-01-03,FO,NSE,IDO,45036,,NIFTY,,2025-02-06,2025-02-06,24650.0,PE,NIFTY2520624650PE,0.0,0.0,0.0,642.85,0.0,642.85,24004.75,694.1,0,0,0,0.0,0,F1,75,,,,,
2025-01-03,2025-01-03,FO,NSE,IDO,48143,,NIFTY,,2025-01-09,2025-01-09,24400.0,CE,NIFTY2510924400CE,87.0,88.85,28.45,30.8,29.15,91.4,24004.75,30.8,6604875,4427700,800889,1468511652840.0,381998,F1,75,,,,,
2025-01-03,2025-01-03,FO,NSE,IDO,52758,,NIFTY,,2025-01-16,2025-01-16,24400.0,PE,NIFTY2511624400PE,357.1,472.0,357.05,459.4,471.25,344.75,24004.75,459.4,27300,14250,977,1818261228.75,647,F1,75,,,,,
2025-01-03,2025-01-03,FO,NSE,IDO,55031,,NIFTY,,2025-01-23,2025-01-23,24400.0,CE,NIFTY2512324400CE,225.0,225.35,146.3,152.9,148.45,236.55,24004.75,152.9,37875,13050,917,1689917355.0,532,F1,75,,,,,
2025-01-03,2025-01-03,FO,NSE,IDO,57617,,NIFTY,,2025-02-27,2025-02-27,24400.0,CE,NIFTY25FEB24400CE,504.0,507.25,420.0,429.5,422.2,522.1,24004.75,429.5,86100,3150,749,1396417252.5,389,F1,75,,,,,
2025-01-03,2025-01-03,FO,NSE,IDO,45021,,NIFTY,,2025-02-06,2025-02-06,24400.0,PE,NIFTY2520624400PE,0.0,0.0,0.0,502.8,0.0,502.8,24004.75,532.7,0,0,0,0.0,0,F1,75,,,,,
2025-01-03,2025-01-03,FO,NSE,IDO,43194,,NIFTY,,2025-01-30,2025-01-30,21650.0,PE,NIFTY25JAN21650PE,8.25,8.5,4.95,5.15,5.45,7.3,24004.75,5.15,95025,27925,4720,2555356637.5,1120,F1,25,,,,,
2025-01-03,2025-01-03,FO,NSE,IDO,48061,,NIFTY,,2025-01-09,2025-01-09,22950.0,CE,NIFTY2510922950CE,0.0,0.0,0.0,1946.85,0.0,1946.85,24004.75,1080.75,0,0,0,0.0,0,F1,75,,,,,
2025-01-03,2025-01-03,FO,NSE,IDO,54775,,NIFTY,,2025-01-23,2025-01-23,22950.0,PE,NIFTY2512322950PE,35.45,39.5,25.0,29.55,29.55,23.05,24004.75,20.6,225,150,11,18962047.5,9,F1,75,,,,,
2025-01-03,2025-01-03,FO,NSE,IDO,43193,,NIFTY,,2025-01-30,2025-01-30,21650.0,CE,NIFTY25JAN21650CE,0.0,0.0,0.0,2942.5,2942.45,2942.5,24004.75,2463.0,200,0,0,0.0,0,F1,25,,,,,
2025-01-03,2025-01-03,FO,NSE,IDO,52518,,NIFTY,,2025-01-16,2025-01-16,22950.0,PE,NIFTY2511622950PE,20.15,20.15,10.6,13.25,13.6,18.35,24004.75,13.25,25950,17550,1240,2135614012.5,793,F1,75,,,,,
2025-01-03,2025-01-03,FO,NSE,IDO,43270,,NIFTY,,2025-01-30,2025-01-30,22950.0,PE,NIFTY25JAN22950PE,49.35,57.85,39.35,51.85,57.85,47.2,24004.75,51.85,44700,-3625,4771,2742983278.75,2640,F1,25,,,,,
2025-01-03,2025-01-03,FO,NSE,IDO,54774,,NIFTY,,2025-01-23,2025-01-23,22950.0,CE,NIFTY2512322950CE,0.0,0.0,0.0,1261.7,0.0,1261.7,24004.75,1160.1,0,0,0,0.0,0,F1,75,,,,,
2025-01-03,2025-01-03,FO,NSE,IDO,48246,,NIFTY,,2025-03-27,2025-03-27,22950.0,PE,NIFTY25MAR22950PE,0.0,0.0,0.0,294.8,0.0,294.8,24004.75,144.05,0,0,0,0.0,0,F1,75,,,,,
2025-01-03,2025-01-03,FO,NSE,IDO,52420,,NIFTY,,2025-01-16,2025-01-16,22050.0,PE,NIFTY2511622050PE,3.2,3.95,2.3,2.65,2.65,4.3,24004.75,2.65,16725,6450,440,727757332.5,238,F1,75,,,,,
2025-01-03,2025-01-03,FO,NSE,IDO,43217,,NIFTY,,2025-01-30,2025-01-30,22050.0,CE,NIFTY25JAN22050CE,0.0,0.0,0.0,2168.25,2168.25,2168.25,24004.75,2066.7,275,0,0,0.0,0,F1,25,,,,,
2025-01-03,2025-01-03,FO,NSE,IDO,55601,,NIFTY,,2025-02-27,2025-02-27,22050.0,CE,NIFTY25FEB22050CE,0.0,0.0,0.0,2364.95,0.0,2364.95,24004.75,2195.15,0,0,0,0.0,0,F1,75,,,,,
2025-01-03,2025-01-03,FO,NSE,IDO,43218,,NIFTY,,2025-01-30,2025-01-30,22050.0,PE,NIFTY25JAN22050PE,11.9,11.9,8.8,10.25,10.95,12.05,24004.75,10.25,43000,18000,2570,1417360440.0,1004,F1,25,,,,,
2025-01-03,2025-01-03,FO,NSE,IDO,45034,,NIFTY,,2025-02-06,2025-02-06,24600.0,PE,NIFTY2520624600PE,0.0,0.0,0.0,613.25,0.0,613.25,24004.75,660.05,0,0,0,0.0,0,F1,75,,,,,
2025-01-03,2025-01-03,FO,NSE,IDO,52850,,NIFTY,,2025-01-16,2025-01-16,25050.0,CE,NIFTY2511625050CE,21.4,21.9,9.3,10.65,10.25,21.05,24004.75,10.65,39975,21000,3500,6579163237.5,2452,F1,75,,,,,
2025-01-03,2025-01-03,FO,NSE,IDO,52851,,NIFTY,,2025-01-16,2025-01-16,25050.0,PE,NIFTY2511625050PE,0.0,0.0,0.0,676.1,0.0,676.1,24004.75,1000.95,0,0,0,0.0,0,F1,75,,,,,
2025-01-03,2025-01-03,FO,NSE,IDO,50538,,NIFTY,,2025-06-26,2025-06-26,28000.0,PE,NIFTY25JUN28000PE,0.0,0.0,0.0,7207.55,0.0,7207.55,24004.75,3218.8,0,0,0,0.0,0,F1,75,,,,,
2025-01-03,2025-01-03,FO,NSE,IDO,86165,,NIFTY,,2028-06-29,2028-06-29,28000.0,CE,NIFTY28JUN28000CE,0.0,0.0,0.0,2596.45,0.0,2596.45,24004.75,3390.55,0,0,0,0.0,0,F1,75,,,,,
2025-01-03,2025-01-03,FO,NSE,IDO,50549,,NIFTY,,2027-06-24,2027-06-24,28000.0,CE,NIFTY27JUN28000CE,0.0,0.0,0.0,2186.3,0.0,2186.3,24004.75,2189.7,0,0,0,0.0,0,F1,75,,,,,
2025-01-03,2025-01-03,FO,NSE,IDO,61859,,NIFTY,,2029-12-27,2029-12-27,28000.0,PE,NIFTY29DEC28000PE,0.0,0.0,0.0,1411.3,0.0,1411.3,24004.75,1116.0,0,0,0,0.0,0,F1,75,,,,,
2025-01-03,2025-01-03,FO,NSE,IDO,64578,,NIFTY,,2025-03-27,2025-03-27,28000.0,CE,NIFTY25MAR28000CE,18.55,19.95,17.65,18.0,17.7,18.75,24004.75,18.0,555200,9525,593,1246122127.5,263,F1,75,,,,,
2025-01-03,2025-01-03,FO,NSE,IDO,50543,,NIFTY,,2025-12-24,2025-12-24,28000.0,CE,NIFTY25DEC28000CE,459.95,459.95,425.0,427.8,427.45,463.3,24004.75,427.8,192750,75,100,213286946.25,86,F1,75,,,,,
2025-01-03,2025-01-03,FO,NSE,IDO,64701,,NIFTY,,2025-09-25,2025-09-25,28000.0,PE,NIFTY25SEP28000PE,0.0,0.0,0.0,1606.2,0.0,1606.2,24004.75,2948.1,0,0,0,0.0,0,F1,75,,,,,
2025-01-03,2025-01-03,FO,NSE,IDO,50546,,NIFTY,,2026-06-25,2026-06-25,28000.0,PE,NIFTY26JUN28000PE,0.0,0.0,0.0,6532.55,0.0,6532.55,24004.75,2384.45,0,0,0,0.0,0,F1,75,,,,,
2025-01-03,2025-01-03,FO,NSE,IDO,50544,,NIFTY,,2025-12-24,2025-12-24,28000.0,PE,NIFTY25DEC28000PE,2446.35,2533.25,2438.1,2533.25,2533.25,2434.6,24004.75,2533.25,188875,-300,21,48011490.0,21,F1,75,,,,,
2025-01-03,2025-01-03,FO,NSE,IDO,57599,,NIFTY,,2025-02-27,2025-02-27,23950.0,CE,NIFTY25FEB23950CE,737.15,739.45,670.0,672.95,670.15,793.0,24004.75,672.95,10050,4725,170,314483692.5,104,F1,75,,,,,
2025-01-03,2025-01-03,FO,NSE,IDO,52865,,NIFTY,,2025-01-16,2025-01-16,25350.0,PE,NIFTY2511625350PE,0.0,0.0,0.0,872.0,0.0,872.0,24004.75,1289.35,0,0,0,0.0,0,F1,75,,,,,
2025-01-03,2025-01-03,FO,NSE,IDO,55090,,NIFTY,,2025-01-23,2025-01-23,25350.0,PE,NIFTY2512325350PE,0.0,0.0,0.0,1326.35,0.0,1326.35,24004.75,1270.15,0,0,0,0.0,0,F1,75,,,,,
2025-01-03,2025-01-03,FO,NSE,IDO,57658,,NIFTY,,2025-02-27,2025-02-27,25350.0,PE,NIFTY25FEB25350PE,0.0,0.0,0.0,1382.1,0.0,1382.1,24004.75,1234.1,0,0,0,0.0,0,F1,75,,,,,
2025-01-03,2025-01-03,FO,NSE,IDO,46464,,NIFTY,,2025-01-30,2025-01-30,25350.0,PE,NIFTY25JAN25350PE,0.0,0.0,0.0,1445.0,1445.0,1445.0,24004.75,1257.25,8500,0,0,0.0,0,F1,25,,,,,
2025-01-03,2025-01-03,FO,NSE,IDO,46391,,NIFTY,,2025-01-30,2025-01-30,24750.0,CE,NIFTY25JAN24750CE,147.45,147.45,91.9,96.7,91.9,147.95,24004.75,96.7,156225,18650,14163,8802946005.0,5298,F1,25,,,,,
2025-01-03,2025-01-03,FO,NSE,IDO,55050,,NIFTY,,2025-01-23,2025-01-23,24750.0,CE,NIFTY2512324750CE,77.2,81.35,61.6,63.1,62.0,83.0,24004.75,63.1,1050,900,31,57699660.0,19,F1,75,,,,,
2025-01-03,2025-01-03,FO,NSE,IDO,57632,,NIFTY,,2025-02-27,2025-02-27,24750.0,PE,NIFTY25FEB24750PE,762.9,762.9,762.9,762.9,762.9,675.9,24004.75,796.3,9225,150,5,9567337.5,2,F1,75,,,,,
2025-01-03,2025-01-03,FO,NSE,IDO,48163,,NIFTY,,2025-01-09,2025-01-09,24750.0,CE,NIFTY2510924750CE,15.5,18.9,4.55,5.4,5.05,16.8,24004.75,5.4,2352000,1782450,394538,732640900432.5,117419,F1,75,,,,,
2025-01-03,2025-01-03,FO,NSE,IDO,56544,,NIFTY,,2025-03-27,2025-03-27,24750.0,CE,NIFTY25MAR24750CE,0.0,0.0,0.0,533.0,0.0,533.0,24004.75,459.45,0,0,0,0.0,0,F1,75,,,,,
2025-01-03,2025-01-03,FO,NSE,IDO,45040,,NIFTY,,2025-02-06,2025-02-06,24750.0,PE,NIFTY2520624750PE,0.0,0.0,0.0,704.4,0.0,704.4,24004.75,764.75,0,0,0,0.0,0,F1,75,,,,,
2025-01-03,2025-01-03,FO,NSE,IDO,57631,,NIFTY,,2025-02-27,2025-02-27,24750.0,CE,NIFTY25FEB24750CE,298.05,317.95,279.6,285.9,279.6,349.3,24004.75,285.9,14925,7575,264,495925590.0,103,F1,75,,,,,
2025-01-03,2025-01-03,FO,NSE,IDO,48016,,NIFTY,,2025-01-09,2025-01-09,21850.0,PE,NIFTY2510921850PE,1.95,1.95,0.6,0.65,0.65,2.3,24004.75,0.65,9244125,323325,291575,477843264060.0,41725,F1,75,,,,,
2025-01-03,2025-01-03,FO,NSE,IDO,55594,,NIFTY,,2025-02-27,2025-02-27,21850.0,PE,NIFTY25FEB21850PE,38.15,38.15,31.95,37.6,38.0,36.35,24004.75,37.6,43575,8775,453,743560623.75,190,F1,75,,,,,
2025-01-03,2025-01-03,FO,NSE,IDO,52406,,NIFTY,,2025-01-16,2025-01-16,21850.0,CE,NIFTY2511621850CE,0.0,0.0,0.0,2853.6,0.0,2853.6,24004.75,2207.25,0,0,0,0.0,0,F1,75,,,,,
2025-01-03,2025-01-03,FO,NSE,IDO,43208,,NIFTY,,2025-01-30,2025-01-30,21850.0,PE,NIFTY25JAN21850PE,8.7,9.35,6.95,7.45,7.8,9.8,24004.75,7.45,370650,38275,15799,8633221921.25,4440,F1,25,,,,,
2025-01-03,2025-01-03,FO,NSE,IDO,43207,,NIFTY,,2025-01-30,2025-01-30,21850.0,CE,NIFTY25JAN21850CE,0.0,0.0,0.0,2743.0,2743.45,2743.0,24004.75,2264.55,175,0,0,0.0,0,F1,25,,,,,
2025-01-03,2025-01-03,FO,NSE,IDO,56737,,NIFTY,,2025-02-27,2025-02-27,23450.0,CE,NIFTY25FEB23450CE,1018.95,1058.65,999.6,999.6,999.6,817.15,24004.75,999.6,1350,-300,5,9176925.0,5,F1,75,,,,,
2025-01-03,2025-01-03,FO,NSE,IDO,48207,,NIFTY,,2025-01-09,2025-01-09,25750.0,CE,NIFTY2510925750CE,1.25,1.6,0.75,0.85,0.75,1.35,24004.75,0.85,359700,324450,39491,76270496212.5,10938,F1,75,,,,,
2025-01-03,2025-01-03,FO,NSE,IDO,52502,,NIFTY,,2025-01-16,2025-01-16,22750.0,CE,NIFTY2511622750CE,0.0,0.0,0.0,1981.6,0.0,1981.6,24004.75,1312.45,0,0,0,0.0,0,F1,75,,,,,
2025-01-03,2025-01-03,FO,NSE,IDO,52438,,NIFTY,,2025-01-16,2025-01-16,22200.0,PE,NIFTY2511622200PE,5.25,5.25,2.9,3.1,3.3,5.3,24004.75,3.1,298500,202725,8704,14494527547.5,3189,F1,75,,,,,
2025-01-03,2025-01-03,FO,NSE,IDO,44905,,NIFTY,,2025-02-06,2025-02-06,22750.0,PE,NIFTY2520622750PE,0.0,0.0,0.0,45.95,0.0,45.95,24004.75,32.25,0,0,0,0.0,0,F1,75,,,,,
2025-01-03,2025-01-03,FO,NSE,IDO,43225,,NIFTY,,2025-01-30,2025-01-30,22200.0,CE,NIFTY25JAN22200CE,1956.1,1956.1,1956.1,1956.1,1956.1,1988.0,24004.75,1919.0,600,0,1,603902.5,1,F1,25,,,,,
2025-01-03,2025-01-03,FO,NSE,IDO,46342,,NIFTY,,2025-01-30,2025-01-30,23950.0,PE,NIFTY25JAN23950PE,233.95,289.5,219.25,279.65,283.2,225.05,24004.75,279.65,123575,19000,5649,3418960578.75,2384,F1,25,,,,,
2025-01-03,2025-01-03,FO,NSE,IDO,52680,,NIFTY,,2025-01-16,2025-01-16,23950.0,PE,NIFTY2511623950PE,167.45,209.7,140.95,195.25,205.0,151.55,24004.75,195.25,48750,30825,3742,6772468106.25,2105,F1,75,,,,,
2025-01-03,2025-01-03,FO,NSE,IDO,48049,,NIFTY,,2025-01-09,2025-01-09,22700.0,CE,NIFTY2510922700CE,1430.0,1430.0,1391.0,1401.0,1401.0,1478.0,24004.75,1330.0,1275,150,6,10851225.0,6,F1,75,,,,,
2025-01-03,2025-01-03,FO,NSE,IDO,44903,,NIFTY,,2025-02-06,2025-02-06,22700.0,PE,NIFTY2520622700PE,0.0,0.0,0.0,41.7,0.0,41.7,24004.75,28.6,0,0,0,0.0,0,F1,75,,,,,
2025-01-03,2025-01-03,FO,NSE,IDO,43255,,NIFTY,,2025-01-30,2025-01-30,22700.0,CE,NIFTY25JAN22700CE,0.0,0.0,0.0,1500.5,1500.5,1500.5,24004.75,1435.85,2875,0,0,0.0,0,F1,25,,,,,
2025-01-03,2025-01-03,FO,NSE,IDO,55627,,NIFTY,,2025-02-27,2025-02-27,22700.0,CE,NIFTY25FEB22700CE,0.0,0.0,0.0,1413.35,1413.35,1413.35,24004.75,1596.55,300,0,0,0.0,0,F1,75,,,,,
2025-01-03,2025-01-03,FO,NSE,IDO,52496,,NIFTY,,2025-01-16,2025-01-16,22700.0,CE,NIFTY2511622700CE,0.0,0.0,0.0,2028.8,0.0,2028.8,24004.75,1361.65,0,0,0,0.0,0,F1,75,,,,,
2025-01-03,2025-01-03,FO,NSE,IDO,52500,,NIFTY,,2025-01-16,2025-01-16,22700.0,PE,NIFTY2511622700PE,10.0,11.55,6.35,7.05,7.45,11.3,24004.75,7.05,134475,66900,6398,10896254865.0,3435,F1,75,,,,,
2025-01-03,2025-01-03,FO,NSE,IDO,54763,,NIFTY,,2025-01-23,2025-01-23,22700.0,PE,NIFTY2512322700PE,21.0,21.7,15.45,18.4,18.4,20.3,24004.75,18.4,5775,1725,103,175506303.75,57,F1,75,,,,,
2025-01-03,2025-01-03,FO,NSE,IDO,48050,,NIFTY,,2025-01-09,2025-01-09,22700.0,PE,NIFTY2510922700PE,3.55,3.55,1.1,1.4,1.45,3.85,24004.75,1.4,2002875,495900,164267,279687505837.5,42525,F1,75,,,,,
2025-01-03,2025-01-03,FO,NSE,IDO,43264,,NIFTY,,2025-01-30,2025-01-30,22900.0,PE,NIFTY25JAN22900PE,43.75,53.4,35.85,47.65,48.05,43.6,24004.75,47.65,629000,-121750,33369,19139757607.5,12704,F1,25,,,,,
2025-01-03,2025-01-03,FO,NSE,IDO,48059,,NIFTY,,2025-01-09,2025-01-09,22900.0,CE,NIFTY2510922900CE,1151.4,1227.15,1113.1,1121.0,1121.0,1294.95,24004.75,1130.5,1650,75,7,12633423.75,7,F1,75,,,,,
2025-01-03,2025-01-03,FO,NSE,IDO,48243,,NIFTY,,2025-03-27,2025-03-27,22900.0,PE,NIFTY25MAR22900PE,165.0,169.0,150.0,168.3,165.5,154.7,24004.75,168.3,33000,8550,148,255997938.75,37,F1,75,,,,,
2025-01-03,2025-01-03,FO,NSE,IDO,52515,,NIFTY,,2025-01-16,2025-01-16,22900.0,CE,NIFTY2511622900CE,0.0,0.0,0.0,1841.55,0.0,1841.55,24004.75,1165.95,0,0,0,0.0,0,F1,75,,,,,
2025-01-03,2025-01-03,FO,NSE,IDO,43263,,NIFTY,,2025-01-30,2025-01-30,22900.0,CE,NIFTY25JAN22900CE,1232.05,1249.15,1218.75,1233.95,1249.15,1300.8,24004.75,1233.95,4000,75,5,3016601.25,3,F1,25,,,,,
2025-01-03,2025-01-03,FO,NSE,IDO,44912,,NIFTY,,2025-02-06,2025-02-06,22900.0,CE,NIFTY2520622900CE,0.0,0.0,0.0,1508.95,0.0,1508.95,24004.75,1293.9,0,0,0,0.0,0,F1,75,,,,,
2025-01-03,2025-01-03,FO,NSE,IDO,48217,,NIFTY,,2025-03-27,2025-03-27,22900.0,CE,NIFTY25MAR22900CE,0.0,0.0,0.0,1545.5,0.0,1545.5,24004.75,1588.75,0,0,0,0.0,0,F1,75,,,,,
2025-01-03,2025-01-03,FO,NSE,IDO,55635,,NIFTY,,2025-02-27,2025-02-27,22900.0,CE,NIFTY25FEB22900CE,0.0,0.0,0.0,1677.65,0.0,1677.65,24004.75,1423.8,0,0,0,0.0,0,F1,75,,,,,
2025-01-03,2025-01-03,FO,NSE,IDO,48060,,NIFTY,,2025-01-09,2025-01-09,22900.0,PE,NIFTY2510922900PE,5.5,5.5,2.1,2.45,2.5,5.8,24004.75,2.45,3253575,209250,252860,434345400397.5,63037,F1,75,,,,,
2025-01-03,2025-01-03,FO,NSE,IDO,52508,,NIFTY,,2025-01-16,2025-01-16,22850.0,CE,NIFTY2511622850CE,0.0,0.0,0.0,1887.95,0.0,1887.95,24004.75,1214.55,0,0,0,0.0,0,F1,75,,,,,
2025-01-03,2025-01-03,FO,NSE,IDO,46613,,NIFTY,,2025-01-30,2025-01-30,26300.0,CE,NIFTY25JAN26300CE,6.55,6.85,5.85,6.0,6.05,7.0,24004.75,6.0,145625,46650,13898,9140109836.25,3506,F1,25,,,,,
2025-01-03,2025-01-03,FO,NSE,IDO,46390,,NIFTY,,2025-01-30,2025-01-30,24700.0,PE,NIFTY25JAN24700PE,609.0,721.4,593.8,709.1,721.05,578.3,24004.75,709.1,208775,-100,2531,1604502955.0,1048,F1,25,,,,,
2025-01-03,2025-01-03,FO,NSE,IDO,45037,,NIFTY,,2025-02-06,2025-02-06,24700.0,CE,NIFTY2520624700CE,274.55,274.55,160.95,188.8,188.8,333.7,24004.75,188.6,150,150,6,11214843.75,6,F1,75,,,,,
2025-01-03,2025-01-03,FO,NSE,IDO,55044,,NIFTY,,2025-01-23,2025-01-23,24700.0,CE,NIFTY2512324700CE,122.7,122.7,67.95,71.35,69.3,122.7,24004.75,71.35,41550,31050,837,1555686161.25,587,F1,75,,,,,
2025-01-03,2025-01-03,FO,NSE,IDO,48090,,NIFTY,,2025-01-09,2025-01-09,23400.0,CE,NIFTY2510923400CE,780.0,781.45,595.7,614.0,595.7,807.8,24004.75,614.0,56100,-14550,997,1798130587.5,520,F1,75,,,,,
2025-01-03,2025-01-03,FO,NSE,IDO,54964,,NIFTY,,2025-01-23,2025-01-23,23400.0,PE,NIFTY2512323400PE,76.0,91.8,64.0,82.45,87.5,74.5,24004.75,82.45,25200,20175,418,735846112.5,174,F1,75,,,,,
2025-01-03,2025-01-03,FO,NSE,IDO,44953,,NIFTY,,2025-02-06,2025-02-06,23400.0,CE,NIFTY2520623400CE,0.0,0.0,0.0,1092.75,0.0,1092.75,24004.75,876.8,0,0,0,0.0,0,F1,75,,,,,
2025-01-03,2025-01-03,FO,NSE,IDO,45683,,NIFTY,,2025-01-30,2025-01-30,23400.0,PE,NIFTY25JAN23400PE,97.8,122.75,87.85,116.05,122.0,97.5,24004.75,116.05,967625,32625,26888,15800555658.75,9033,F1,25,,,,,
2025-01-03,2025-01-03,FO,NSE,IDO,46450,,NIFTY,,2025-01-30,2025-01-30,25150.0,CE,NIFTY25JAN25150CE,49.2,56.0,32.05,33.65,32.05,57.25,24004.75,33.65,104675,30075,9034,5688875760.0,5609,F1,25,,,,,
2025-01-03,2025-01-03,FO,NSE,IDO,46456,,NIFTY,,2025-01-30,2025-01-30,25150.0,PE,NIFTY25JAN25150PE,0.0,0.0,0.0,840.6,840.6,840.6,24004.75,1079.4,10775,0,0,0.0,0,F1,25,,,,,
2025-01-03,2025-01-03,FO,NSE,IDO,56871,,NIFTY,,2025-03-27,2025-03-27,25150.0,PE,NIFTY25MAR25150PE,0.0,0.0,0.0,1346.45,0.0,1346.45,24004.75,1084.4,0,0,0,0.0,0,F1,75,,,,,
2025-01-03,2025-01-03,FO,NSE,IDO,52476,,NIFTY,,2025-01-16,2025-01-16,22400.0,PE,NIFTY2511622400PE,6.0,6.15,3.5,3.75,4.1,6.5,24004.75,3.75,54450,26850,2530,4251243153.75,1616,F1,75,,,,,
2025-01-03,2025-01-03,FO,NSE,IDO,57650,,NIFTY,,2025-02-27,2025-02-27,25150.0,PE,NIFTY25FEB25150PE,959.25,959.25,957.5,957.5,957.5,1090.0,24004.75,1078.65,75,0,2,3916256.25,2,F1,75,,,,,
2025-01-03,2025-01-03,FO,NSE,IDO,52475,,NIFTY,,2025-01-16,2025-01-16,22400.0,CE,NIFTY2511622400CE,0.0,0.0,0.0,2315.9,0.0,2315.9,24004.75,1659.0,0,0,0,0.0,0,F1,75,,,,,
2025-01-03,2025-01-03,FO,NSE,IDO,48145,,NIFTY,,2025-01-09,2025-01-09,24450.0,CE,NIFTY2510924450CE,76.0,76.0,22.25,24.4,22.7,74.85,24004.75,24.4,1979175,1463925,407909,749198867145.0,181857,F1,75,,,,,
2025-01-03,2025-01-03,FO,NSE,IDO,45022,,NIFTY,,2025-02-06,2025-02-06,24450.0,CE,NIFTY2520624450CE,0.0,0.0,0.0,437.95,0.0,437.95,24004.75,271.15,0,0,0,0.0,0,F1,75,,,,,
2025-01-03,2025-01-03,FO,NSE,IDO,57619,,NIFTY,,2025-02-27,2025-02-27,24450.0,CE,NIFTY25FEB24450CE,451.15,461.2,403.9,408.05,403.9,491.0,24004.75,408.05,8025,-225,147,274285556.25,75,F1,75,,,,,
2025-01-03,2025-01-03,FO,NSE,IDO,52760,,NIFTY,,2025-01-16,2025-01-16,24450.0,PE,NIFTY2511624450PE,406.1,509.85,387.75,498.35,509.0,406.05,24004.75,498.35,3525,1650,125,233316247.5,94,F1,75,,,,,
2025-01-03,2025-01-03,FO,NSE,IDO,57620,,NIFTY,,2025-02-27,2025-02-27,24450.0,PE,NIFTY25FEB24450PE,597.0,609.4,590.45,598.45,609.4,733.65,24004.75,598.45,3150,-375,71,133367250.0,32,F1,75,,,,,
2025-01-03,2025-01-03,FO,NSE,IDO,46370,,NIFTY,,2025-01-30,2025-01-30,24450.0,PE,NIFTY25JAN24450PE,460.05,550.95,444.7,538.4,550.95,432.85,24004.75,538.4,35650,6625,1190,742332890.0,460,F1,25,,,,,
2025-01-03,2025-01-03,FO,NSE,IDO,52759,,NIFTY,,2025-01-16,2025-01-16,24450.0,CE,NIFTY2511624450CE,136.3,145.4,77.55,82.35,77.55,150.75,24004.75,82.35,56025,38925,5068,9331440787.5,3163,F1,75,,,,,
2025-01-03,2025-01-03,FO,NSE,IDO,57609,,NIFTY,,2025-02-27,2025-02-27,24200.0,CE,NIFTY25FEB24200CE,604.95,622.4,520.0,528.55,523.05,633.85,24004.75,528.55,85950,6150,545,1012107941.25,369,F1,75,,,,,
2025-01-03,2025-01-03,FO,NSE,IDO,54963,,NIFTY,,2025-01-23,2025-01-23,23400.0,CE,NIFTY2512323400CE,0.0,0.0,0.0,639.0,639.0,639.0,24004.75,764.55,225,0,0,0.0,0,F1,75,,,,,
2025-01-03,2025-01-03,FO,NSE,IDO,64556,,NIFTY,,2025-03-27,2025-03-27,20000.0,CE,NIFTY25MAR20000CE,4390.0,4402.75,4258.7,4278.0,4270.0,4437.35,24004.75,4278.0,408575,3525,154,281016450.0,102,F1,75,,,,,
2025-01-03,2025-01-03,FO,NSE,IDO,55085,,NIFTY,,2025-01-23,2025-01-23,25250.0,CE,NIFTY2512325250CE,0.0,0.0,0.0,121.25,0.0,121.25,24004.75,24.5,0,0,0,0.0,0,F1,75,,,,,
2025-01-03,2025-01-03,FO,NSE,IDO,48029,,NIFTY,,2025-01-09,2025-01-09,22200.0,CE,NIFTY2510922200CE,0.0,0.0,0.0,1551.0,1551.0,1551.0,24004.75,1829.35,825,0,0,0.0,0,F1,75,,,,,
2025-01-03,2025-01-03,FO,NSE,IDO,46976,,NIFTY,,2025-03-27,2025-03-27,22200.0,CE,NIFTY25MAR22200CE,0.0,0.0,0.0,2089.95,0.0,2089.95,24004.75,2192.75,0,0,0,0.0,0,F1,75,,,,,
2025-01-03,2025-01-03,FO,NSE,IDO,52503,,NIFTY,,2025-01-16,2025-01-16,22750.0,PE,NIFTY2511622750PE,12.15,12.15,7.05,7.8,7.95,12.15,24004.75,7.8,16575,15000,621,1059980025.0,399,F1,75,,,,,
2025-01-03,2025-01-03,FO,NSE,IDO,43257,,NIFTY,,2025-01-30,2025-01-30,22750.0,CE,NIFTY25JAN22750CE,0.0,0.0,0.0,1003.85,1003.85,1003.85,24004.75,1388.85,175,0,0,0.0,0,F1,25,,,,,
2025-01-03,2025-01-03,FO,NSE,IDO,57653,,NIFTY,,2025-02-27,2025-02-27,25250.0,CE,NIFTY25FEB25250CE,160.0,164.95,138.75,141.65,138.75,180.5,24004.75,141.65,9450,4800,135,257176578.75,54,F1,75,,,,,
2025-01-03,2025-01-03,FO,NSE,IDO,52861,,NIFTY,,2025-01-16,2025-01-16,25250.0,PE,NIFTY2511625250PE,0.0,0.0,0.0,803.85,0.0,803.85,24004.75,1192.1,0,0,0,0.0,0,F1,75,,,,,
2025-01-03,2025-01-03,FO,NSE,IDO,46409,,NIFTY,,2025-01-30,2025-01-30,24850.0,PE,NIFTY25JAN24850PE,739.25,814.55,708.0,804.1,804.1,671.6,24004.75,830.0,9600,75,15,9601937.5,15,F1,25,,,,,
2025-01-03,2025-01-03,FO,NSE,IDO,45044,,NIFTY,,2025-02-06,2025-02-06,24850.0,PE,NIFTY2520624850PE,0.0,0.0,0.0,768.95,0.0,768.95,24004.75,838.6,0,0,0,0.0,0,F1,75,,,,,
2025-01-03,2025-01-03,FO,NSE,IDO,48120,,NIFTY,,2025-01-09,2025-01-09,24050.0,CE,NIFTY2510924050CE,203.0,258.65,123.25,133.1,125.75,267.8,24004.75,133.1,2043375,1709250,769541,1397542209978.75,536003,F1,75,,,,,
2025-01-03,2025-01-03,FO,NSE,IDO,57604,,NIFTY,,2025-02-27,2025-02-27,24050.0,PE,NIFTY25FEB24050PE,383.65,427.0,381.3,419.7,427.0,360.8,24004.75,419.7,12600,4275,113,207236017.5,72,F1,75,,,,,
2025-01-03,2025-01-03,FO,NSE,IDO,44990,,NIFTY,,2025-02-06,2025-02-06,24050.0,CE,NIFTY2520624050CE,0.0,0.0,0.0,646.8,0.0,646.8,24004.75,452.0,0,0,0,0.0,0,F1,75,,,,,
2025-01-03,2025-01-03,FO,NSE,IDO,48130,,NIFTY,,2025-01-09,2025-01-09,24050.0,PE,NIFTY2510924050PE,124.3,199.75,112.5,182.6,189.3,128.05,24004.75,182.6,1410225,892575,933162,1694577095430.0,650703,F1,75,,,,,
2025-01-03,2025-01-03,FO,NSE,IDO,55005,,NIFTY,,2025-01-23,2025-01-23,24050.0,CE,NIFTY2512324050CE,404.9,404.9,296.05,305.5,296.05,428.7,24004.75,305.5,3150,-300,138,252317988.75,65,F1,75,,,,,
2025-01-03,2025-01-03,FO,NSE,IDO,55006,,NIFTY,,2025-01-23,2025-01-23,24050.0,PE,NIFTY2512324050PE,290.15,300.9,235.65,290.65,300.9,257.35,24004.75,290.65,675,600,32,58384683.75,24,F1,75,,,,,
2025-01-03,2025-01-03,FO,NSE,IDO,64700,,NIFTY,,2025-09-25,2025-09-25,28000.0,CE,NIFTY25SEP28000CE,0.0,0.0,0.0,1788.2,0.0,1788.2,24004.75,291.95,0,0,0,0.0,0,F1,75,,,,,
2025-01-03,2025-01-03,FO,NSE,IDO,50547,,NIFTY,,2026-12-31,2026-12-31,28000.0,CE,NIFTY26DEC28000CE,0.0,0.0,0.0,1871.1,0.0,1871.1,24004.75,1628.55,0,0,0,0.0,0,F1,75,,,,,
2025-01-03,2025-01-03,FO,NSE,IDO,50550,,NIFTY,,2027-06-24,2027-06-24,28000.0,PE,NIFTY27JUN28000PE,0.0,0.0,0.0,5959.35,0.0,5959.35,24004.75,1883.1,0,0,0,0.0,0,F1,75,,,,,
2025-01-03,2025-01-03,FO,NSE,IDO,50537,,NIFTY,,2025-06-26,2025-06-26,28000.0,CE,NIFTY25JUN28000CE,79.25,89.75,72.35,78.35,76.2,82.9,24004.75,78.35,61425,2675,332,699172065.0,210,F1,75,,,,,
2025-01-03,2025-01-03,FO,NSE,IDO,54711,,NIFTY,,2025-01-23,2025-01-23,22250.0,CE,NIFTY2512322250CE,0.0,0.0,0.0,1883.5,0.0,1883.5,24004.75,1838.35,0,0,0,0.0,0,F1,75,,,,,
2025-01-03,2025-01-03,FO,NSE,IDO,48154,,NIFTY,,2025-01-09,2025-01-09,24550.0,PE,NIFTY2510924550PE,437.0,584.0,419.2,566.75,577.55,408.6,24004.75,566.75,19200,300,1592,2991946931.25,1255,F1,75,,,,,
2025-01-03,2025-01-03,FO,NSE,IDO,64565,,NIFTY,,2025-03-27,2025-03-27,23000.0,PE,NIFTY25MAR23000PE,196.7,196.75,162.85,185.85,189.45,174.8,24004.75,185.85,1765350,74075,6724,11689123781.25,2813,F1,75,,,,,
2025-01-03,2025-01-03,FO,NSE,IDO,48097,,NIFTY,,2025-01-09,2025-01-09,23550.0,PE,NIFTY2510923550PE,39.45,39.45,15.2,26.6,27.2,30.35,24004.75,26.6,1015050,361125,312966,553376627591.25,124616,F1,75,,,,,
2025-01-03,2025-01-03,FO,NSE,IDO,57624,,NIFTY,,2025-02-27,2025-02-27,24550.0,PE,NIFTY25FEB24550PE,645.5,665.2,645.5,660.15,665.2,581.1,24004.75,660.15,3075,0,8,15119955.0,4,F1,75,,,,,
2025-01-03,2025-01-03,FO,NSE,IDO,67781,,NIFTY,,2028-12-28,2028-12-28,23000.0,PE,NIFTY28DEC23000PE,0.0,0.0,0.0,525.15,525.15,525.15,24004.75,346.65,150,0,0,0.0,0,F1,75,,,,,
2025-01-03,2025-01-03,FO,NSE,IDO,54776,,NIFTY,,2025-01-23,2025-01-23,23000.0,CE,NIFTY2512323000CE,0.0,0.0,0.0,889.95,889.95,889.95,24004.75,1113.75,150,0,0,0.0,0,F1,75,,,,,
2025-01-03,2025-01-03,FO,NSE,IDO,37794,,NIFTY,,2025-06-26,2025-06-26,23000.0,PE,NIFTY25JUN23000PE,310.0,310.0,278.85,300.4,303.35,291.85,24004.75,300.4,438800,19225,1282,2240002515.0,828,F1,75,,,,,
2025-01-03,2025-01-03,FO,NSE,IDO,43272,,NIFTY,,2025-01-30,2025-01-30,23000.0,PE,NIFTY25JAN23000PE,58.0,61.45,43.5,57.45,60.85,51.9,24004.75,57.45,4710275,261500,154260,88906789496.25,33593,F1,25,,,,,
2025-01-03,2025-01-03,FO,NSE,IDO,52528,,NIFTY,,2025-01-16,2025-01-16,23000.0,PE,NIFTY2511623000PE,21.0,21.8,12.05,15.2,15.6,20.25,24004.75,15.2,334275,124050,18981,32765241960.0,9874,F1,75,,,,,
2025-01-03,2025-01-03,FO,NSE,IDO,44921,,NIFTY,,2025-02-06,2025-02-06,23000.0,PE,NIFTY2520623000PE,72.0,100.75,72.0,91.15,91.25,73.05,24004.75,91.15,4650,4650,74,128145798.75,35,F1,75,,,,,
2025-01-03,2025-01-03,FO,NSE,IDO,64690,,NIFTY,,2025-09-25,2025-09-25,23000.0,CE,NIFTY25SEP23000CE,0.0,0.0,0.0,5026.1,0.0,5026.1,24004.75,2429.25,0,0,0,0.0,0,F1,75,,,,,
2025-01-03,2025-01-03,FO,NSE,IDO,64691,,NIFTY,,2025-09-25,2025-09-25,23000.0,PE,NIFTY25SEP23000PE,0.0,0.0,0.0,195.15,0.0,195.15,24004.75,324.55,0,0,0,0.0,0,F1,75,,,,,
2025-01-03,2025-01-03,FO,NSE,IDO,86149,,NIFTY,,2028-06-29,2028-06-29,23000.0,CE,NIFTY28JUN23000CE,0.0,0.0,0.0,4323.1,0.0,4323.1,24004.75,6196.05,0,0,0,0.0,0,F1,75,,,,,
2025-01-03,2025-01-03,FO,NSE,IDO,56526,,NIFTY,,2025-03-27,2025-03-27,24550.0,CE,NIFTY25MAR24550CE,0.0,0.0,0.0,610.0,0.0,610.0,24004.75,541.95,0,0,0,0.0,0,F1,75,,,,,
2025-01-03,2025-01-03,FO,NSE,IDO,37806,,NIFTY,,2026-12-31,2026-12-31,23000.0,CE,NIFTY26DEC23000CE,0.0,0.0,0.0,4110.0,4110.0,4110.0,24004.75,4304.0,675,0,0,0.0,0,F1,75,,,,,
2025-01-03,2025-01-03,FO,NSE,IDO,54984,,NIFTY,,2025-01-23,2025-01-23,23550.0,PE,NIFTY2512323550PE,115.0,120.0,93.0,117.55,120.0,99.1,24004.75,117.55,5475,1725,52,92280885.0,14,F1,75,,,,,
2025-01-03,2025-01-03,FO,NSE,IDO,57583,,NIFTY,,2025-02-27,2025-02-27,23550.0,CE,NIFTY25FEB23550CE,1030.8,1030.8,1030.8,1030.8,1030.8,831.7,24004.75,920.0,3750,0,1,1843560.0,1,F1,75,,,,,
2025-01-03,2025-01-03,FO,NSE,IDO,55639,,NIFTY,,2025-02-27,2025-02-27,23000.0,CE,NIFTY25FEB23000CE,1514.85,1514.85,1350.0,1355.2,1350.0,1522.75,24004.75,1355.2,76200,-4200,190,347576902.5,87,F1,75,,,,,
2025-01-03,2025-01-03,FO,NSE,IDO,52873,,NIFTY,,2025-01-16,2025-01-16,25550.0,PE,NIFTY2511625550PE,0.0,0.0,0.0,1017.4,0.0,1017.4,24004.75,1486.0,0,0,0,0.0,0,F1,75,,,,,
2025-01-03,2025-01-03,FO,NSE,IDO,45092,,NIFTY,,2025-02-06,2025-02-06,25550.0,PE,NIFTY2520625550PE,0.0,0.0,0.0,1295.4,0.0,1295.4,24004.75,1427.05,0,0,0,0.0,0,F1,75,,,,,
2025-01-03,2025-01-03,FO,NSE,IDO,57666,,NIFTY,,2025-02-27,2025-02-27,25550.0,PE,NIFTY25FEB25550PE,0.0,0.0,0.0,1109.35,1109.35,1109.35,24004.75,1397.7,75,0,0,0.0,0,F1,75,,,,,
2025-01-03,2025-01-03,FO,NSE,IDO,56886,,NIFTY,,2025-03-27,2025-03-27,25550.0,CE,NIFTY25MAR25550CE,0.0,0.0,0.0,296.65,0.0,296.65,24004.75,218.65,0,0,0,0.0,0,F1,75,,,,,
2025-01-03,2025-01-03,FO,NSE,IDO,52899,,NIFTY,,2025-01-16,2025-01-16,26150.0,PE,NIFTY2511626150PE,0.0,0.0,0.0,1503.5,0.0,1503.5,24004.75,2082.55,0,0,0,0.0,0,F1,75,,,,,
2025-01-03,2025-01-03,FO,NSE,IDO,52703,,NIFTY,,2025-01-16,2025-01-16,24150.0,CE,NIFTY2511624150CE,263.9,285.4,175.5,183.4,175.75,294.55,24004.75,183.4,87450,63450,5937,10851584235.0,3776,F1,75,,,,,
2025-01-03,2025-01-03,FO,NSE,IDO,55087,,NIFTY,,2025-01-23,2025-01-23,25300.0,CE,NIFTY2512325300CE,22.4,23.0,12.05,12.9,12.6,23.2,24004.75,12.9,16725,13650,313,594293385.0,146,F1,75,,,,,
2025-01-03,2025-01-03,FO,NSE,IDO,57655,,NIFTY,,2025-02-27,2025-02-27,25300.0,CE,NIFTY25FEB25300CE,163.45,166.9,126.75,130.65,128.2,168.95,24004.75,130.65,88050,4350,533,1016877281.25,378,F1,75,,,,,
2025-01-03,2025-01-03,FO,NSE,IDO,55088,,NIFTY,,2025-01-23,2025-01-23,25300.0,PE,NIFTY2512325300PE,0.0,0.0,0.0,1284.65,0.0,1284.65,24004.75,1223.15,0,0,0,0.0,0,F1,75,,,,,
2025-01-03,2025-01-03,FO,NSE,IDO,45080,,NIFTY,,2025-02-06,2025-02-06,25300.0,PE,NIFTY2520625300PE,0.0,0.0,0.0,1093.95,0.0,1093.95,24004.75,1204.9,0,0,0,0.0,0,F1,75,,,,,
2025-01-03,2025-01-03,FO,NSE,IDO,56877,,NIFTY,,2025-03-27,2025-03-27,25300.0,PE,NIFTY25MAR25300PE,0.0,0.0,0.0,1451.25,0.0,1451.25,24004.75,1189.55,0,0,0,0.0,0,F1,75,,,,,
2025-01-03,2025-01-03,FO,NSE,IDO,48185,,NIFTY,,2025-01-09,2025-01-09,25300.0,CE,NIFTY2510925300CE,1.65,2.2,1.0,1.15,1.1,1.8,24004.75,1.15,2395875,1641975,219709,416925178770.0,51542,F1,75,,,,,
2025-01-03,2025-01-03,FO,NSE,IDO,48187,,NIFTY,,2025-01-09,2025-01-09,25300.0,PE,NIFTY2510925300PE,1212.25,1295.0,1195.55,1280.2,1280.2,1102.05,24004.75,1267.4,8325,225,20,39807787.5,17,F1,75,,,,,
2025-01-03,2025-01-03,FO,NSE,IDO,46627,,NIFTY,,2025-01-30,2025-01-30,26400.0,PE,NIFTY25JAN26400PE,2252.0,2252.0,2252.0,2252.0,2252.0,2105.45,24004.75,2266.05,6875,25,1,716300.0,1,F1,25,,,,,
2025-01-03,2025-01-03,FO,NSE,IDO,52908,,NIFTY,,2025-01-16,2025-01-16,26400.0,CE,NIFTY2511626400CE,2.05,2.75,1.55,1.75,1.7,2.5,24004.75,1.75,39900,28725,1298,2570261778.75,454,F1,75,,,,,
2025-01-03,2025-01-03,FO,NSE,IDO,57689,,NIFTY,,2025-02-27,2025-02-27,26150.0,CE,NIFTY25FEB26150CE,34.5,34.5,34.5,34.5,34.5,43.6,24004.75,34.5,2850,-225,3,5891512.5,1,F1,75,,,,,
2025-01-03,2025-01-03,FO,NSE,IDO,53625,,NIFTY,,2027-12-30,2027-12-30,24000.0,PE,NIFTY27DEC24000PE,0.0,0.0,0.0,764.05,764.05,764.05,24004.75,551.4,150,0,0,0.0,0,F1,75,,,,,
2025-01-03,2025-01-03,FO,NSE,IDO,86148,,NIFTY,,2028-06-29,2028-06-29,22000.0,PE,NIFTY28JUN22000PE,0.0,0.0,0.0,520.05,520.05,520.05,24004.75,251.2,100,0,0,0.0,0,F1,75,,,,,
2025-01-03,2025-01-03,FO,NSE,IDO,55599,,NIFTY,,2025-02-27,2025-02-27,22000.0,CE,NIFTY25FEB22000CE,2340.0,2370.0,2245.0,2258.05,2256.2,2415.0,24004.75,2258.05,5850,75,22,40096785.0,20,F1,75,,,,,
2025-01-03,2025-01-03,FO,NSE,IDO,86147,,NIFTY,,2028-06-29,2028-06-29,22000.0,CE,NIFTY28JUN22000CE,0.0,0.0,0.0,4759.5,0.0,4759.5,24004.75,6870.65,0,0,0,0.0,0,F1,75,,,,,
2025-01-03,2025-01-03,FO,NSE,IDO,89631,,NIFTY,,2029-06-28,2029-06-28,24000.0,PE,NIFTY29JUN24000PE,0.0,0.0,0.0,694.05,694.05,694.05,24004.75,446.7,25,0,0,0.0,0,F1,75,,,,,
2025-01-03,2025-01-03,FO,NSE,IDO,44987,,NIFTY,,2025-02-06,2025-02-06,24000.0,CE,NIFTY2520624000CE,515.0,586.0,508.6,513.6,516.9,676.55,24004.75,513.6,1500,1500,40,73586966.25,40,F1,75,,,,,
2025-01-03,2025-01-03,FO,NSE,IDO,71472,,NIFTY,,2026-06-25,2026-06-25,24000.0,CE,NIFTY26JUN24000CE,0.0,0.0,0.0,1698.3,0.0,1698.3,24004.75,2910.05,0,0,0,0.0,0,F1,75,,,,,
2025-01-03,2025-01-03,FO,NSE,IDO,52531,,NIFTY,,2025-01-16,2025-01-16,23050.0,CE,NIFTY2511623050CE,0.0,0.0,0.0,1704.0,0.0,1704.0,24004.75,1021.9,0,0,0,0.0,0,F1,75,,,,,
2025-01-03,2025-01-03,FO,NSE,IDO,57704,,NIFTY,,2025-02-27,2025-02-27,26350.0,CE,NIFTY25FEB26350CE,0.0,0.0,0.0,30.5,30.5,30.5,24004.75,32.85,2850,0,0,0.0,0,F1,75,,,,,
2025-01-03,2025-01-03,FO,NSE,IDO,48160,,NIFTY,,2025-01-09,2025-01-09,24650.0,PE,NIFTY2510924650PE,522.8,680.3,509.5,657.9,676.45,487.8,24004.75,657.9,5850,2325,415,785666707.5,284,F1,75,,,,,
2025-01-03,2025-01-03,FO,NSE,IDO,57628,,NIFTY,,2025-02-27,2025-02-27,24650.0,PE,NIFTY25FEB24650PE,702.85,702.85,702.85,702.85,702.85,633.3,24004.75,732.4,5475,375,5,9507318.75,1,F1,75,,,,,
2025-01-03,2025-01-03,FO,NSE,IDO,57627,,NIFTY,,2025-02-27,2025-02-27,24650.0,CE,NIFTY25FEB24650CE,326.75,358.15,315.85,320.9,317.05,398.4,24004.75,320.9,8850,1425,157,294154807.5,60,F1,75,,,,,
2025-01-03,2025-01-03,FO,NSE,IDO,57654,,NIFTY,,2025-02-27,2025-02-27,25250.0,PE,NIFTY25FEB25250PE,0.0,0.0,0.0,1180.0,1180.0,1180.0,24004.75,1155.3,150,0,0,0.0,0,F1,75,,,,,
2025-01-03,2025-01-03,FO,NSE,IDO,56895,,NIFTY,,2025-03-27,2025-03-27,25750.0,PE,NIFTY25MAR25750PE,0.0,0.0,0.0,1786.85,0.0,1786.85,24004.75,1530.85,0,0,0,0.0,0,F1,75,,,,,
2025-01-03,2025-01-03,FO,NSE,IDO,55114,,NIFTY,,2025-01-23,2025-01-23,25750.0,PE,NIFTY2512325750PE,0.0,0.0,0.0,1675.2,0.0,1675.2,24004.75,1655.5,0,0,0,0.0,0,F1,75,,,,,
2025-01-03,2025-01-03,FO,NSE,IDO,54764,,NIFTY,,2025-01-23,2025-01-23,22750.0,CE,NIFTY2512322750CE,0.0,0.0,0.0,1431.15,0.0,1431.15,24004.75,1349.35,0,0,0,0.0,0,F1,75,,,,,
2025-01-03,2025-01-03,FO,NSE,IDO,48114,,NIFTY,,2025-01-09,2025-01-09,23950.0,CE,NIFTY2510923950CE,311.05,326.0,170.6,181.8,174.0,339.2,24004.75,181.8,821925,524550,173237,313956605842.5,123530,F1,75,,,,,
2025-01-03,2025-01-03,FO,NSE,IDO,48157,,NIFTY,,2025-01-09,2025-01-09,24600.0,CE,NIFTY2510924600CE,37.2,40.0,10.0,11.6,10.85,38.0,24004.75,11.6,3574725,1185975,614124,1133988471150.0,225627,F1,75,,,,,
2025-01-03,2025-01-03,FO,NSE,IDO,56528,,NIFTY,,2025-03-27,2025-03-27,24600.0,CE,NIFTY25MAR24600CE,580.2,580.2,500.0,509.95,506.75,571.6,24004.75,509.95,3225,0,10,18857295.0,10,F1,75,,,,,
2025-01-03,2025-01-03,FO,NSE,IDO,52418,,NIFTY,,2025-01-16,2025-01-16,22000.0,PE,NIFTY2511622000PE,3.85,4.2,2.2,2.3,2.35,3.95,24004.75,2.3,288375,125700,8392,13848463507.5,3946,F1,75,,,,,
2025-01-03,2025-01-03,FO,NSE,IDO,71561,,NIFTY,,2027-06-24,2027-06-24,24000.0,PE,NIFTY27JUN24000PE,0.0,0.0,0.0,5056.2,0.0,5056.2,24004.75,586.2,0,0,0,0.0,0,F1,75,,,,,
2025-01-03,2025-01-03,FO,NSE,IDO,58619,,NIFTY,,2025-06-26,2025-06-26,22000.0,PE,NIFTY25JUN22000PE,157.35,158.75,141.5,151.3,153.0,151.1,24004.75,151.3,308300,11025,509,845613292.5,333,F1,75,,,,,
2025-01-03,2025-01-03,FO,NSE,IDO,58622,,NIFTY,,2025-12-24,2025-12-24,22000.0,CE,NIFTY25DEC22000CE,0.0,0.0,0.0,3330.0,3330.0,3330.0,24004.75,3592.2,15125,0,0,0.0,0,F1,75,,,,,
2025-01-03,2025-01-03,FO,NSE,IDO,48022,,NIFTY,,2025-01-09,2025-01-09,22000.0,PE,NIFTY2510922000PE,2.3,2.35,0.65,0.7,0.7,2.45,24004.75,0.7,3548775,-70875,228494,377034745998.75,51487,F1,75,,,,,
2025-01-03,2025-01-03,FO,NSE,IDO,67782,,NIFTY,,2028-12-28,2028-12-28,24000.0,CE,NIFTY28DEC24000CE,0.0,0.0,0.0,5850.3,0.0,5850.3,24004.75,6147.65,0,0,0,0.0,0,F1,75,,,,,
2025-01-03,2025-01-03,FO,NSE,IDO,58618,,NIFTY,,2025-06-26,2025-06-26,22000.0,CE,NIFTY25JUN22000CE,0.0,0.0,0.0,2534.4,2534.4,2534.4,24004.75,2804.45,975,0,0,0.0,0,F1,75,,,,,
2025-01-03,2025-01-03,FO,NSE,IDO,52694,,NIFTY,,2025-01-16,2025-01-16,24000.0,PE,NIFTY2511624000PE,184.05,232.75,157.4,220.3,226.65,167.25,24004.75,220.3,526875,226050,32116,58290949068.75,19009,F1,75,,,,,
2025-01-03,2025-01-03,FO,NSE,IDO,58649,,NIFTY,,2026-12-31,2026-12-31,22000.0,PE,NIFTY26DEC22000PE,0.0,0.0,0.0,520.0,520.0,520.0,24004.75,253.8,500,0,0,0.0,0,F1,75,,,,,
2025-01-03,2025-01-03,FO,NSE,IDO,52693,,NIFTY,,2025-01-16,2025-01-16,24000.0,CE,NIFTY2511624000CE,374.3,378.15,245.0,254.5,247.15,389.55,24004.75,254.5,478875,296175,26795,48809434361.25,15878,F1,75,,,,,
2025-01-03,2025-01-03,FO,NSE,IDO,52900,,NIFTY,,2025-01-16,2025-01-16,26200.0,CE,NIFTY2511626200CE,2.5,2.75,1.85,1.95,1.85,2.8,24004.75,1.95,2775,-375,237,465744892.5,75,F1,75,,,,,
2025-01-03,2025-01-03,FO,NSE,IDO,52901,,NIFTY,,2025-01-16,2025-01-16,26200.0,PE,NIFTY2511626200PE,0.0,0.0,0.0,1547.05,0.0,1547.05,24004.75,2132.4,0,0,0,0.0,0,F1,75,,,,,
2025-01-03,2025-01-03,FO,NSE,IDO,46602,,NIFTY,,2025-01-30,2025-01-30,26200.0,PE,NIFTY25JAN26200PE,1943.9,2087.85,1943.9,2087.85,2087.85,1913.95,24004.75,2087.85,55950,0,10,7052806.25,4,F1,25,,,,,
2025-01-03,2025-01-03,FO,NSE,IDO,57698,,NIFTY,,2025-02-27,2025-02-27,26200.0,PE,NIFTY25FEB26200PE,1812.15,1962.1,1812.15,1951.7,1953.05,1820.45,24004.75,1951.7,1425,1350,27,56868648.75,9,F1,75,,,,,
2025-01-03,2025-01-03,FO,NSE,IDO,46600,,NIFTY,,2025-01-30,2025-01-30,26200.0,CE,NIFTY25JAN26200CE,8.4,8.4,5.95,6.15,6.25,7.65,24004.75,6.15,379125,38950,12192,7987817132.5,2739,F1,25,,,,,
2025-01-03,2025-01-03,FO,NSE,IDO,48231,,NIFTY,,2025-01-09,2025-01-09,26200.0,PE,NIFTY2510926200PE,0.0,0.0,0.0,2086.55,2086.55,2086.55,24004.75,2166.2,75,0,0,0.0,0,F1,75,,,,,
2025-01-03,2025-01-03,FO,NSE,IDO,57691,,NIFTY,,2025-02-27,2025-02-27,26200.0,CE,NIFTY25FEB26200CE,39.0,42.9,28.85,30.75,31.0,39.0,24004.75,30.75,20550,5100,308,605987685.0,146,F1,75,,,,,
2025-01-03,2025-01-03,FO,NSE,IDO,48229,,NIFTY,,2025-01-09,2025-01-09,26200.0,CE,NIFTY2510926200CE,1.15,1.35,0.65,0.7,0.7,1.3,24004.75,0.7,1278600,1069200,72154,141788001712.5,14926,F1,75,,,,,
2025-01-03,2025-01-03,FO,NSE,IDO,55608,,NIFTY,,2025-02-27,2025-02-27,22200.0,PE,NIFTY25FEB22200PE,52.4,61.6,44.6,53.0,54.8,49.9,24004.75,53.0,185025,5775,1224,2042555201.25,597,F1,75,,,,,
2025-01-03,2025-01-03,FO,NSE,IDO,48051,,NIFTY,,2025-01-09,2025-01-09,22750.0,CE,NIFTY2510922750CE,1298.35,1298.35,1298.35,1298.35,1298.35,2135.65,24004.75,1280.05,75,75,1,1803626.25,1,F1,75,,,,,
2025-01-03,2025-01-03,FO,NSE,IDO,47040,,NIFTY,,2025-03-27,2025-03-27,22750.0,CE,NIFTY25MAR22750CE,0.0,0.0,0.0,1450.0,1450.0,1450.0,24004.75,1712.3,300,0,0,0.0,0,F1,75,,,,,
2025-01-03,2025-01-03,FO,NSE,IDO,54724,,NIFTY,,2025-03-27,2025-03-27,23950.0,PE,NIFTY25MAR23950PE,423.0,439.25,406.0,439.25,439.25,655.05,24004.75,439.25,6075,6075,126,230292873.75,15,F1,75,,,,,
2025-01-03,2025-01-03,FO,NSE,IDO,54723,,NIFTY,,2025-03-27,2025-03-27,23950.0,CE,NIFTY25MAR23950CE,965.85,1017.9,850.2,850.2,850.2,670.0,24004.75,850.2,3450,675,261,486834307.5,48,F1,75,,,,,
2025-01-03,2025-01-03,FO,NSE,IDO,57657,,NIFTY,,2025-02-27,2025-02-27,25350.0,CE,NIFTY25FEB25350CE,127.95,130.15,118.05,119.1,118.05,163.9,24004.75,119.1,5700,450,46,87891195.0,14,F1,75,,,,,
2025-01-03,2025-01-03,FO,NSE,IDO,52895,,NIFTY,,2025-01-16,2025-01-16,26050.0,PE,NIFTY2511626050PE,0.0,0.0,0.0,1417.6,0.0,1417.6,24004.75,1982.9,0,0,0,0.0,0,F1,75,,,,,
2025-01-03,2025-01-03,FO,NSE,IDO,51450,,NIFTY,,2025-06-26,2025-06-26,21000.0,PE,NIFTY25JUN21000PE,79.0,82.0,74.2,76.4,76.25,78.9,24004.75,76.4,67250,-525,142,224475682.5,68,F1,75,,,,,
2025-01-03,2025-01-03,FO,NSE,IDO,51452,,NIFTY,,2025-12-24,2025-12-24,21000.0,PE,NIFTY25DEC21000PE,203.1,244.0,195.0,202.25,203.95,207.0,24004.75,202.25,66225,5725,149,236977890.0,69,F1,75,,,,,
2025-01-03,2025-01-03,FO,NSE,IDO,51455,,NIFTY,,2026-06-25,2026-06-25,21000.0,PE,NIFTY26JUN21000PE,0.0,0.0,0.0,3065.6,0.0,3065.6,24004.75,126.1,0,0,0,0.0,0,F1,75,,,,,
2025-01-03,2025-01-03,FO,NSE,IDO,61659,,NIFTY,,2029-12-27,2029-12-27,21000.0,CE,NIFTY29DEC21000CE,0.0,0.0,0.0,9463.95,0.0,9463.95,24004.75,9154.1,0,0,0,0.0,0,F1,75,,,,,
2025-01-03,2025-01-03,FO,NSE,IDO,58642,,NIFTY,,2026-12-31,2026-12-31,19000.0,CE,NIFTY26DEC19000CE,0.0,0.0,0.0,8600.0,8600.0,8600.0,24004.75,7435.4,125,0,0,0.0,0,F1,75,,,,,
2025-01-03,2025-01-03,FO,NSE,IDO,52907,,NIFTY,,2025-01-16,2025-01-16,26350.0,PE,NIFTY2511626350PE,0.0,0.0,0.0,1679.9,0.0,1679.9,24004.75,2282.0,0,0,0,0.0,0,F1,75,,,,,
2025-01-03,2025-01-03,FO,NSE,IDO,57706,,NIFTY,,2025-02-27,2025-02-27,26350.0,PE,NIFTY25FEB26350PE,0.0,0.0,0.0,2144.75,0.0,2144.75,24004.75,2111.45,0,0,0,0.0,0,F1,75,,,,,
2025-01-03,2025-01-03,FO,NSE,IDO,43192,,NIFTY,,2025-01-30,2025-01-30,21600.0,PE,NIFTY25JAN21600PE,6.45,6.5,3.95,4.2,4.5,6.0,24004.75,4.2,2466025,155275,84914,45862829077.5,11817,F1,25,,,,,
2025-01-03,2025-01-03,FO,NSE,IDO,71554,,NIFTY,,2027-06-24,2027-06-24,21000.0,PE,NIFTY27JUN21000PE,0.0,0.0,0.0,500.0,500.0,500.0,24004.75,160.0,200,0,0,0.0,0,F1,75,,,,,
2025-01-03,2025-01-03,FO,NSE,IDO,64561,,NIFTY,,2025-03-27,2025-03-27,21000.0,PE,NIFTY25MAR21000PE,30.0,30.65,23.95,27.25,26.9,28.65,24004.75,27.25,480975,19500,1784,2813338650.0,679,F1,75,,,,,
2025-01-03,2025-01-03,FO,NSE,IDO,48221,,NIFTY,,2025-01-09,2025-01-09,26050.0,CE,NIFTY2510926050CE,1.0,1.4,0.65,0.75,0.7,1.35,24004.75,0.75,804750,774225,41709,81491988881.25,11116,F1,75,,,,,
2025-01-03,2025-01-03,FO,NSE,IDO,43191,,NIFTY,,2025-01-30,2025-01-30,21600.0,CE,NIFTY25JAN21600CE,2610.0,2610.0,2479.0,2485.35,2482.35,2665.5,24004.75,2485.35,99725,225,151,91108796.25,67,F1,25,,,,,
2025-01-03,2025-01-03,FO,NSE,IDO,45053,,NIFTY,,2025-02-06,2025-02-06,25050.0,CE,NIFTY2520625050CE,0.0,0.0,0.0,219.55,0.0,219.55,24004.75,106.9,0,0,0,0.0,0,F1,75,,,,,
2025-01-03,2025-01-03,FO,NSE,IDO,57645,,NIFTY,,2025-02-27,2025-02-27,25050.0,CE,NIFTY25FEB25050CE,215.5,223.05,186.9,191.45,186.9,228.25,24004.75,191.45,9675,2175,87,164792081.25,43,F1,75,,,,,
2025-01-03,2025-01-03,FO,NSE,IDO,58635,,NIFTY,,2026-12-31,2026-12-31,15000.0,PE,NIFTY26DEC15000PE,0.0,0.0,0.0,36.75,36.75,36.75,24004.75,0.75,2275,0,0,0.0,0,F1,75,,,,,
2025-01-03,2025-01-03,FO,NSE,IDO,50448,,NIFTY,,2026-06-25,2026-06-25,15000.0,PE,NIFTY26JUN15000PE,0.0,0.0,0.0,20.3,20.3,20.3,24004.75,0.2,850,0,0,0.0,0,F1,75,,,,,
2025-01-03,2025-01-03,FO,NSE,IDO,49174,,NIFTY,,2025-12-24,2025-12-24,15000.0,PE,NIFTY25DEC15000PE,0.0,0.0,0.0,20.05,20.05,20.05,24004.75,0.05,1450,0,0,0.0,0,F1,75,,,,,
2025-01-03,2025-01-03,FO,NSE,IDO,48176,,NIFTY,,2025-01-09,2025-01-09,25050.0,PE,NIFTY2510925050PE,1015.0,1015.0,1015.0,1015.0,1015.0,1122.3,24004.75,1015.0,675,600,8,15639000.0,1,F1,75,,,,,
2025-01-03,2025-01-03,FO,NSE,IDO,54985,,NIFTY,,2025-01-23,2025-01-23,23600.0,CE,NIFTY2512323600CE,588.8,588.8,588.3,588.55,588.3,773.85,24004.75,588.55,2775,-75,2,3628282.5,2,F1,75,,,,,
2025-01-03,2025-01-03,FO,NSE,IDO,57585,,NIFTY,,2025-02-27,2025-02-27,23600.0,CE,NIFTY25FEB23600CE,978.95,978.95,896.0,897.6,896.0,1043.4,24004.75,897.6,11925,-3075,72,132420915.0,48,F1,75,,,,,
2025-01-03,2025-01-03,FO,NSE,IDO,52623,,NIFTY,,2025-01-16,2025-01-16,23600.0,CE,NIFTY2511623600CE,667.35,676.75,500.85,518.0,502.1,691.35,24004.75,518.0,114300,-450,667,1209638130.0,403,F1,75,,,,,
2025-01-03,2025-01-03,FO,NSE,IDO,54986,,NIFTY,,2025-01-23,2025-01-23,23600.0,PE,NIFTY2512323600PE,109.0,134.7,101.1,127.45,129.75,108.15,24004.75,127.45,12225,5400,386,686774058.75,227,F1,75,,,,,
2025-01-03,2025-01-03,FO,NSE,IDO,55622,,NIFTY,,2025-02-27,2025-02-27,22550.0,PE,NIFTY25FEB22550PE,0.0,0.0,0.0,109.6,109.6,109.6,24004.75,47.35,6525,0,0,0.0,0,F1,75,,,,,
2025-01-03,2025-01-03,FO,NSE,IDO,43259,,NIFTY,,2025-01-30,2025-01-30,22800.0,CE,NIFTY25JAN22800CE,1410.0,1450.0,1324.6,1335.4,1324.6,1455.85,24004.75,1335.4,7575,-225,17,10282156.25,12,F1,25,,,,,
2025-01-03,2025-01-03,FO,NSE,IDO,55632,,NIFTY,,2025-02-27,2025-02-27,22800.0,PE,NIFTY25FEB22800PE,98.95,109.0,87.65,106.3,108.7,95.0,24004.75,106.3,169050,20925,1787,3068880787.5,1059,F1,75,,,,,
2025-01-03,2025-01-03,FO,NSE,IDO,48191,,NIFTY,,2025-03-27,2025-03-27,22800.0,PE,NIFTY25MAR22800PE,145.0,152.05,129.2,150.3,152.05,133.6,24004.75,150.3,40200,12675,297,511102736.25,171,F1,75,,,,,
2025-01-03,2025-01-03,FO,NSE,IDO,47042,,NIFTY,,2025-03-27,2025-03-27,22800.0,CE,NIFTY25MAR22800CE,0.0,0.0,0.0,1617.9,0.0,1617.9,24004.75,1670.7,0,0,0,0.0,0,F1,75,,,,,
2025-01-03,2025-01-03,FO,NSE,IDO,52505,,NIFTY,,2025-01-16,2025-01-16,22800.0,CE,NIFTY2511622800CE,0.0,0.0,0.0,1934.65,0.0,1934.65,24004.75,1263.4,0,0,0,0.0,0,F1,75,,,,,
2025-01-03,2025-01-03,FO,NSE,IDO,43260,,NIFTY,,2025-01-30,2025-01-30,22800.0,PE,NIFTY25JAN22800PE,37.6,41.8,29.45,39.3,41.45,37.5,24004.75,39.3,993125,60650,46464,26526908328.75,13059,F1,25,,,,,
2025-01-03,2025-01-03,FO,NSE,IDO,54755,,NIFTY,,2025-01-23,2025-01-23,22550.0,PE,NIFTY2512322550PE,0.0,0.0,0.0,48.8,0.0,48.8,24004.75,5.1,0,0,0,0.0,0,F1,75,,,,,
2025-01-03,2025-01-03,FO,NSE,IDO,44907,,NIFTY,,2025-02-06,2025-02-06,22800.0,PE,NIFTY2520622800PE,0.0,0.0,0.0,50.6,0.0,50.6,24004.75,36.3,0,0,0,0.0,0,F1,75,,,,,
2025-01-03,2025-01-03,FO,NSE,IDO,44876,,NIFTY,,2025-02-06,2025-02-06,22550.0,CE,NIFTY2520622550CE,0.0,0.0,0.0,1826.3,0.0,1826.3,24004.75,1615.7,0,0,0,0.0,0,F1,75,,,,,
2025-01-03,2025-01-03,FO,NSE,IDO,55595,,NIFTY,,2025-02-27,2025-02-27,21900.0,CE,NIFTY25FEB21900CE,0.0,0.0,0.0,2495.55,0.0,2495.55,24004.75,2338.75,0,0,0,0.0,0,F1,75,,,,,
2025-01-03,2025-01-03,FO,NSE,IDO,58633,,NIFTY,,2026-12-31,2026-12-31,14000.0,PE,NIFTY26DEC14000PE,0.0,0.0,0.0,20.25,20.25,20.25,24004.75,0.2,1175,0,0,0.0,0,F1,75,,,,,
2025-01-03,2025-01-03,FO,NSE,IDO,45085,,NIFTY,,2025-02-06,2025-02-06,25400.0,PE,NIFTY2520625400PE,0.0,0.0,0.0,1172.9,0.0,1172.9,24004.75,1292.45,0,0,0,0.0,0,F1,75,,,,,
2025-01-03,2025-01-03,FO,NSE,IDO,48140,,NIFTY,,2025-01-09,2025-01-09,24300.0,PE,NIFTY2510924300PE,249.7,368.85,244.9,349.75,359.25,239.25,24004.75,349.75,856650,246375,167207,308550384915.0,99645,F1,75,,,,,
2025-01-03,2025-01-03,FO,NSE,IDO,48139,,NIFTY,,2025-01-09,2025-01-09,24300.0,CE,NIFTY2510924300CE,120.0,130.0,46.1,50.25,46.25,132.15,24004.75,50.25,4265625,2415675,971188,1775452488198.75,543532,F1,75,,,,,
2025-01-03,2025-01-03,FO,NSE,IDO,55022,,NIFTY,,2025-01-23,2025-01-23,24300.0,PE,NIFTY2512324300PE,368.2,433.65,337.9,419.65,433.65,576.3,24004.75,419.65,7050,7050,186,344349341.25,95,F1,75,,,,,
2025-01-03,2025-01-03,FO,NSE,IDO,55197,,NIFTY,,2025-03-27,2025-03-27,24300.0,CE,NIFTY25MAR24300CE,724.15,734.65,646.1,648.5,646.1,755.75,24004.75,648.5,4125,-900,43,80612741.25,32,F1,75,,,,,
2025-01-03,2025-01-03,FO,NSE,IDO,57613,,NIFTY,,2025-02-27,2025-02-27,24300.0,CE,NIFTY25FEB24300CE,562.55,562.55,464.3,478.05,464.3,577.8,24004.75,478.05,47175,-5250,599,1114592160.0,364,F1,75,,,,,
2025-01-03,2025-01-03,FO,NSE,IDO,43275,,NIFTY,,2025-01-30,2025-01-30,23100.0,CE,NIFTY25JAN23100CE,1174.75,1176.3,1049.15,1059.6,1063.85,1232.85,24004.75,1059.6,8025,-75,71,42968242.5,42,F1,25,,,,,
2025-01-03,2025-01-03,FO,NSE,IDO,48068,,NIFTY,,2025-01-09,2025-01-09,23100.0,CE,NIFTY2510923100CE,1021.0,1021.0,884.65,898.5,890.4,1104.95,24004.75,898.5,6600,-600,51,91948721.25,39,F1,75,,,,,
2025-01-03,2025-01-03,FO,NSE,IDO,46984,,NIFTY,,2025-03-27,2025-03-27,22250.0,CE,NIFTY25MAR22250CE,0.0,0.0,0.0,2048.65,0.0,2048.65,24004.75,2147.6,0,0,0,0.0,0,F1,75,,,,,
2025-01-03,2025-01-03,FO,NSE,IDO,54712,,NIFTY,,2025-01-23,2025-01-23,22250.0,PE,NIFTY2512322250PE,0.0,0.0,0.0,26.6,0.0,26.6,24004.75,1.5,0,0,0,0.0,0,F1,75,,,,,
2025-01-03,2025-01-03,FO,NSE,IDO,64699,,NIFTY,,2025-09-25,2025-09-25,27000.0,PE,NIFTY25SEP27000PE,0.0,0.0,0.0,1168.15,0.0,1168.15,24004.75,2196.7,0,0,0,0.0,0,F1,75,,,,,
2025-01-03,2025-01-03,FO,NSE,IDO,67789,,NIFTY,,2028-12-28,2028-12-28,27000.0,PE,NIFTY28DEC27000PE,0.0,0.0,0.0,1413.85,0.0,1413.85,24004.75,1087.85,0,0,0,0.0,0,F1,75,,,,,
2025-01-03,2025-01-03,FO,NSE,IDO,61794,,NIFTY,,2029-12-27,2029-12-27,27000.0,CE,NIFTY29DEC27000CE,0.0,0.0,0.0,6201.65,0.0,6201.65,24004.75,5614.95,0,0,0,0.0,0,F1,75,,,,,
2025-01-03,2025-01-03,FO,NSE,IDO,53631,,NIFTY,,2027-12-30,2027-12-30,27000.0,CE,NIFTY27DEC27000CE,0.0,0.0,0.0,2889.8,0.0,2889.8,24004.75,3263.05,0,0,0,0.0,0,F1,75,,,,,
2025-01-03,2025-01-03,FO,NSE,IDO,50978,,NIFTY,,2026-12-31,2026-12-31,27000.0,CE,NIFTY26DEC27000CE,0.0,0.0,0.0,1651.65,0.0,1651.65,24004.75,2029.65,0,0,0,0.0,0,F1,75,,,,,
2025-01-03,2025-01-03,FO,NSE,IDO,50984,,NIFTY,,2027-06-24,2027-06-24,27000.0,PE,NIFTY27JUN27000PE,0.0,0.0,0.0,6273.45,0.0,6273.45,24004.75,1472.55,0,0,0,0.0,0,F1,75,,,,,
2025-01-03,2025-01-03,FO,NSE,IDO,45007,,NIFTY,,2025-02-06,2025-02-06,24100.0,PE,NIFTY2520624100PE,406.1,406.1,362.0,389.1,401.65,361.55,24004.75,389.1,150,150,8,14694727.5,8,F1,75,,,,,
2025-01-03,2025-01-03,FO,NSE,IDO,55010,,NIFTY,,2025-01-23,2025-01-23,24100.0,PE,NIFTY2512324100PE,264.45,327.1,242.0,314.65,325.35,248.1,24004.75,314.65,74850,67425,2090,3823979793.75,1023,F1,75,,,,,
2025-01-03,2025-01-03,FO,NSE,IDO,46354,,NIFTY,,2025-01-30,2025-01-30,24100.0,CE,NIFTY25JAN24100CE,457.95,457.95,333.0,342.3,333.0,459.5,24004.75,342.3,598050,173925,70994,43451246442.5,25790,F1,25,,,,,
2025-01-03,2025-01-03,FO,NSE,IDO,52702,,NIFTY,,2025-01-16,2025-01-16,24100.0,PE,NIFTY2511624100PE,220.7,283.3,195.9,270.9,279.25,203.35,24004.75,270.9,198900,111675,19300,35233590228.75,11385,F1,75,,,,,
2025-01-03,2025-01-03,FO,NSE,IDO,45001,,NIFTY,,2025-02-06,2025-02-06,24100.0,CE,NIFTY2520624100CE,606.45,606.45,448.25,458.35,461.15,617.85,24004.75,458.35,900,900,41,75618213.75,39,F1,75,,,,,
2025-01-03,2025-01-03,FO,NSE,IDO,57663,,NIFTY,,2025-02-27,2025-02-27,25500.0,CE,NIFTY25FEB25500CE,119.55,125.85,94.8,97.05,95.3,126.65,24004.75,97.05,731100,-31200,8037,15433428562.5,4452,F1,75,,,,,
2025-01-03,2025-01-03,FO,NSE,IDO,48197,,NIFTY,,2025-01-09,2025-01-09,25500.0,CE,NIFTY2510925500CE,1.4,1.75,0.85,0.95,0.85,1.6,24004.75,0.95,6316875,3248475,390770,747387594225.0,52888,F1,75,,,,,
2025-01-03,2025-01-03,FO,NSE,IDO,45089,,NIFTY,,2025-02-06,2025-02-06,25500.0,PE,NIFTY2520625500PE,0.0,0.0,0.0,1254.05,0.0,1254.05,24004.75,1381.8,0,0,0,0.0,0,F1,75,,,,,
2025-01-03,2025-01-03,FO,NSE,IDO,55099,,NIFTY,,2025-01-23,2025-01-23,25500.0,CE,NIFTY2512325500CE,14.0,14.0,7.7,8.25,7.7,13.05,24004.75,8.25,34575,5625,378,723209358.75,185,F1,75,,,,,
2025-01-03,2025-01-03,FO,NSE,IDO,48198,,NIFTY,,2025-01-09,2025-01-09,25500.0,PE,NIFTY2510925500PE,1335.0,1512.4,1335.0,1511.1,1511.15,1298.6,24004.75,1511.1,34800,3525,76,153708438.75,41,F1,75,,,,,
2025-01-03,2025-01-03,FO,NSE,IDO,45088,,NIFTY,,2025-02-06,2025-02-06,25500.0,CE,NIFTY2520625500CE,90.2,90.2,38.0,40.8,44.0,120.1,24004.75,40.8,3375,3375,73,139900136.25,44,F1,75,,,,,
2025-01-03,2025-01-03,FO,NSE,IDO,52514,,NIFTY,,2025-01-16,2025-01-16,22850.0,PE,NIFTY2511622850PE,15.7,15.7,8.5,10.0,10.3,15.7,24004.75,10.0,9075,7500,597,1023622931.25,424,F1,75,,,,,
2025-01-03,2025-01-03,FO,NSE,IDO,44911,,NIFTY,,2025-02-06,2025-02-06,22850.0,PE,NIFTY2520622850PE,0.0,0.0,0.0,55.6,0.0,55.6,24004.75,40.75,0,0,0,0.0,0,F1,75,,,,,
2025-01-03,2025-01-03,FO,NSE,IDO,57678,,NIFTY,,2025-02-27,2025-02-27,25850.0,PE,NIFTY25FEB25850PE,0.0,0.0,0.0,1227.6,1227.6,1227.6,24004.75,1655.8,75,0,0,0.0,0,F1,75,,,,,
2025-01-03,2025-01-03,FO,NSE,IDO,58786,,NIFTY,,2025-03-27,2025-03-27,25850.0,CE,NIFTY25MAR25850CE,0.0,0.0,0.0,232.3,0.0,232.3,24004.75,159.9,0,0,0,0.0,0,F1,75,,,,,
2025-01-03,2025-01-03,FO,NSE,IDO,48213,,NIFTY,,2025-01-09,2025-01-09,25850.0,PE,NIFTY2510925850PE,0.0,0.0,0.0,1128.55,0.0,1128.55,24004.75,1816.6,0,0,0,0.0,0,F1,75,,,,,
2025-01-03,2025-01-03,FO,NSE,IDO,45114,,NIFTY,,2025-02-06,2025-02-06,25850.0,CE,NIFTY2520625850CE,0.0,0.0,0.0,71.15,0.0,71.15,24004.75,22.3,0,0,0,0.0,0,F1,75,,,,,
2025-01-03,2025-01-03,FO,NSE,IDO,48203,,NIFTY,,2025-01-09,2025-01-09,25650.0,CE,NIFTY2510925650CE,1.4,1.65,0.75,0.95,0.9,1.45,24004.75,0.95,479550,451050,55463,106702202103.75,15042,F1,75,,,,,
2025-01-03,2025-01-03,FO,NSE,IDO,57669,,NIFTY,,2025-02-27,2025-02-27,25650.0,CE,NIFTY25FEB25650CE,73.05,90.9,73.05,75.0,73.2,65.05,24004.75,75.0,5250,-2700,137,264353730.0,65,F1,75,,,,,
2025-01-03,2025-01-03,FO,NSE,IDO,48204,,NIFTY,,2025-01-09,2025-01-09,25650.0,PE,NIFTY2510925650PE,0.0,0.0,0.0,977.7,0.0,977.7,24004.75,1616.8,0,0,0,0.0,0,F1,75,,,,,
2025-01-03,2025-01-03,FO,NSE,IDO,56890,,NIFTY,,2025-03-27,2025-03-27,25650.0,CE,NIFTY25MAR25650CE,0.0,0.0,0.0,273.25,0.0,273.25,24004.75,197.4,0,0,0,0.0,0,F1,75,,,,,
2025-01-03,2025-01-03,FO,NSE,IDO,48190,,NIFTY,,2025-01-09,2025-01-09,25350.0,PE,NIFTY2510925350PE,0.0,0.0,0.0,770.85,0.0,770.85,24004.75,1317.25,0,0,0,0.0,0,F1,75,,,,,
2025-01-03,2025-01-03,FO,NSE,IDO,56878,,NIFTY,,2025-03-27,2025-03-27,25350.0,CE,NIFTY25MAR25350CE,250.0,250.0,250.0,250.0,250.0,214.0,24004.75,266.55,150,75,1,1920000.0,1,F1,75,,,,,
2025-01-03,2025-01-03,FO,NSE,IDO,55089,,NIFTY,,2025-01-23,2025-01-23,25350.0,CE,NIFTY2512325350CE,0.0,0.0,0.0,104.9,0.0,104.9,24004.75,18.45,0,0,0,0.0,0,F1,75,,,,,
2025-01-03,2025-01-03,FO,NSE,IDO,52828,,NIFTY,,2025-01-16,2025-01-16,24750.0,CE,NIFTY2511624750CE,57.05,61.65,28.0,29.75,28.9,62.75,24004.75,29.75,52425,25800,5963,11086160433.75,3547,F1,75,,,,,
2025-01-03,2025-01-03,FO,NSE,IDO,45039,,NIFTY,,2025-02-06,2025-02-06,24750.0,CE,NIFTY2520624750CE,0.0,0.0,0.0,315.2,0.0,315.2,24004.75,174.65,0,0,0,0.0,0,F1,75,,,,,
2025-01-03,2025-01-03,FO,NSE,IDO,52829,,NIFTY,,2025-01-16,2025-01-16,24750.0,PE,NIFTY2511624750PE,0.0,0.0,0.0,337.9,337.9,337.9,24004.75,729.05,225,0,0,0.0,0,F1,75,,,,,
2025-01-03,2025-01-03,FO,NSE,IDO,43206,,NIFTY,,2025-01-30,2025-01-30,21800.0,PE,NIFTY25JAN21800PE,20.0,20.0,5.65,6.05,6.3,8.2,24004.75,6.05,972050,-67250,23280,12691333152.5,7563,F1,25,,,,,
2025-01-03,2025-01-03,FO,NSE,IDO,54778,,NIFTY,,2025-01-23,2025-01-23,23050.0,CE,NIFTY2512323050CE,0.0,0.0,0.0,1180.15,0.0,1180.15,24004.75,1067.9,0,0,0,0.0,0,F1,75,,,,,
2025-01-03,2025-01-03,FO,NSE,IDO,43274,,NIFTY,,2025-01-30,2025-01-30,23050.0,PE,NIFTY25JAN23050PE,58.0,70.85,47.55,63.0,70.85,55.8,24004.75,63.0,63425,3025,4805,2775813181.25,1867,F1,25,,,,,
2025-01-03,2025-01-03,FO,NSE,IDO,55641,,NIFTY,,2025-02-27,2025-02-27,23050.0,CE,NIFTY25FEB23050CE,0.0,0.0,0.0,1568.25,0.0,1568.25,24004.75,1299.05,0,0,0,0.0,0,F1,75,,,,,
2025-01-03,2025-01-03,FO,NSE,IDO,52643,,NIFTY,,2025-01-16,2025-01-16,23750.0,CE,NIFTY2511623750CE,542.0,542.0,395.0,408.05,397.05,567.55,24004.75,408.05,11550,7350,412,747496661.25,194,F1,75,,,,,
2025-01-03,2025-01-03,FO,NSE,IDO,44974,,NIFTY,,2025-02-06,2025-02-06,23750.0,CE,NIFTY2520623750CE,0.0,0.0,0.0,837.1,0.0,837.1,24004.75,628.8,0,0,0,0.0,0,F1,75,,,,,
2025-01-03,2025-01-03,FO,NSE,IDO,55065,,NIFTY,,2025-01-23,2025-01-23,24950.0,CE,NIFTY2512324950CE,59.65,59.65,33.7,36.1,34.45,33.5,24004.75,36.1,2025,1500,59,110582310.0,36,F1,75,,,,,
2025-01-03,2025-01-03,FO,NSE,IDO,89623,,NIFTY,,2029-06-28,2029-06-28,20000.0,PE,NIFTY29JUN20000PE,0.0,0.0,0.0,236.95,0.0,236.95,24004.75,102.7,0,0,0,0.0,0,F1,75,,,,,
2025-01-03,2025-01-03,FO,NSE,IDO,67775,,NIFTY,,2028-12-28,2028-12-28,20000.0,PE,NIFTY28DEC20000PE,0.0,0.0,0.0,370.0,370.0,370.0,24004.75,103.85,875,0,0,0.0,0,F1,75,,,,,
2025-01-03,2025-01-03,FO,NSE,IDO,55086,,NIFTY,,2025-01-23,2025-01-23,25250.0,PE,NIFTY2512325250PE,0.0,0.0,0.0,1243.4,0.0,1243.4,24004.75,1176.55,0,0,0,0.0,0,F1,75,,,,,
2025-01-03,2025-01-03,FO,NSE,IDO,57636,,NIFTY,,2025-02-27,2025-02-27,24850.0,PE,NIFTY25FEB24850PE,0.0,0.0,0.0,1058.95,0.0,1058.95,24004.75,863.0,0,0,0,0.0,0,F1,75,,,,,
2025-01-03,2025-01-03,FO,NSE,IDO,52839,,NIFTY,,2025-01-16,2025-01-16,24850.0,PE,NIFTY2511624850PE,0.0,0.0,0.0,560.4,0.0,560.4,24004.75,817.05,0,0,0,0.0,0,F1,75,,,,,
2025-01-03,2025-01-03,FO,NSE,IDO,45043,,NIFTY,,2025-02-06,2025-02-06,24850.0,CE,NIFTY2520624850CE,0.0,0.0,0.0,280.45,0.0,280.45,24004.75,149.15,0,0,0,0.0,0,F1,75,,,,,
2025-01-03,2025-01-03,FO,NSE,IDO,48167,,NIFTY,,2025-01-09,2025-01-09,24850.0,CE,NIFTY2510924850CE,9.8,11.45,2.7,3.4,2.7,9.6,24004.75,3.4,1681950,920925,390509,727985547911.25,100359,F1,75,,,,,
2025-01-03,2025-01-03,FO,NSE,IDO,48146,,NIFTY,,2025-01-09,2025-01-09,24450.0,PE,NIFTY2510924450PE,360.65,493.05,343.0,479.0,485.8,333.5,24004.75,479.0,223725,65475,9187,17147434282.5,5272,F1,75,,,,,
2025-01-03,2025-01-03,FO,NSE,IDO,55033,,NIFTY,,2025-01-23,2025-01-23,24450.0,CE,NIFTY2512324450CE,172.75,172.75,136.4,138.4,138.0,207.7,24004.75,138.4,2700,1050,62,114348746.25,35,F1,75,,,,,
2025-01-03,2025-01-03,FO,NSE,IDO,45023,,NIFTY,,2025-02-06,2025-02-06,24450.0,PE,NIFTY2520624450PE,0.0,0.0,0.0,529.2,0.0,529.2,24004.75,563.15,0,0,0,0.0,0,F1,75,,,,,
2025-01-03,2025-01-03,FO,NSE,IDO,46368,,NIFTY,,2025-01-30,2025-01-30,24450.0,CE,NIFTY25JAN24450CE,268.7,268.7,180.85,186.9,181.1,269.7,24004.75,186.9,123450,7775,4382,2700909210.0,1790,F1,25,,,,,
2025-01-03,2025-01-03,FO,NSE,IDO,55034,,NIFTY,,2025-01-23,2025-01-23,24450.0,PE,NIFTY2512324450PE,451.65,529.95,451.65,521.35,516.55,664.6,24004.75,521.35,300,300,24,44885670.0,7,F1,75,,,,,
2025-01-03,2025-01-03,FO,NSE,IDO,55341,,NIFTY,,2025-03-27,2025-03-27,24450.0,CE,NIFTY25MAR24450CE,598.3,635.95,568.0,568.75,570.15,651.35,24004.75,568.75,3675,3675,272,511168166.25,85,F1,75,,,,,
2025-01-03,2025-01-03,FO,NSE,IDO,57668,,NIFTY,,2025-02-27,2025-02-27,25600.0,PE,NIFTY25FEB25600PE,0.0,0.0,0.0,1505.25,1505.25,1505.25,24004.75,1439.7,2850,0,0,0.0,0,F1,75,,,,,
2025-01-03,2025-01-03,FO,NSE,IDO,52874,,NIFTY,,2025-01-16,2025-01-16,25600.0,CE,NIFTY2511625600CE,4.9,4.9,2.8,2.95,2.85,4.1,24004.75,2.95,31650,21075,1684,3233714546.25,940,F1,75,,,,,
2025-01-03,2025-01-03,FO,NSE,IDO,55105,,NIFTY,,2025-01-23,2025-01-23,25600.0,CE,NIFTY2512325600CE,10.75,10.75,7.4,7.4,7.4,11.25,24004.75,8.65,4275,2025,38,72982953.75,13,F1,75,,,,,
2025-01-03,2025-01-03,FO,NSE,IDO,48202,,NIFTY,,2025-01-09,2025-01-09,25600.0,PE,NIFTY2510925600PE,1512.8,1595.05,1512.8,1595.05,1595.05,1404.2,24004.75,1595.05,3750,150,3,6106548.75,3,F1,75,,,,,
2025-01-03,2025-01-03,FO,NSE,IDO,48201,,NIFTY,,2025-01-09,2025-01-09,25600.0,CE,NIFTY2510925600CE,1.25,1.65,0.75,0.9,0.85,1.5,24004.75,0.9,1312050,609375,111228,213568080105.0,21847,F1,75,,,,,
2025-01-03,2025-01-03,FO,NSE,IDO,46492,,NIFTY,,2025-01-30,2025-01-30,25600.0,CE,NIFTY25JAN25600CE,18.2,18.2,11.2,11.9,11.4,18.2,24004.75,11.9,277100,43000,22870,14644544525.0,8151,F1,25,,,,,
2025-01-03,2025-01-03,FO,NSE,IDO,55106,,NIFTY,,2025-01-23,2025-01-23,25600.0,PE,NIFTY2512325600PE,0.0,0.0,0.0,1541.55,0.0,1541.55,24004.75,1509.4,0,0,0,0.0,0,F1,75,,,,,
2025-01-03,2025-01-03,FO,NSE,IDO,56888,,NIFTY,,2025-03-27,2025-03-27,25600.0,CE,NIFTY25MAR25600CE,0.0,0.0,0.0,285.3,0.0,285.3,24004.75,207.8,0,0,0,0.0,0,F1,75,,,,,
2025-01-03,2025-01-03,FO,NSE,IDO,57667,,NIFTY,,2025-02-27,2025-02-27,25600.0,CE,NIFTY25FEB25600CE,94.0,96.7,79.85,81.2,80.5,105.85,24004.75,81.2,30675,3075,506,974727731.25,235,F1,75,,,,,
2025-01-03,2025-01-03,FO,NSE,IDO,45093,,NIFTY,,2025-02-06,2025-02-06,25600.0,CE,NIFTY2520625600CE,0.0,0.0,0.0,103.9,0.0,103.9,24004.75,37.9,0,0,0,0.0,0,F1,75,,,,,
2025-01-03,2025-01-03,FO,NSE,IDO,46493,,NIFTY,,2025-01-30,2025-01-30,25600.0,PE,NIFTY25JAN25600PE,0.0,0.0,0.0,1317.0,1317.0,1317.0,24004.75,1488.9,34050,0,0,0.0,0,F1,25,,,,,
2025-01-03,2025-01-03,FO,NSE,IDO,45094,,NIFTY,,2025-02-06,2025-02-06,25600.0,PE,NIFTY2520625600PE,0.0,0.0,0.0,1337.2,0.0,1337.2,24004.75,1472.7,0,0,0,0.0,0,F1,75,,,,,
2025-01-03,2025-01-03,FO,NSE,IDO,52875,,NIFTY,,2025-01-16,2025-01-16,25600.0,PE,NIFTY2511625600PE,0.0,0.0,0.0,1054.2,0.0,1054.2,24004.75,1535.45,0,0,0,0.0,0,F1,75,,,,,
2025-01-03,2025-01-03,FO,NSE,IDO,56889,,NIFTY,,2025-03-27,2025-03-27,25600.0,PE,NIFTY25MAR25600PE,0.0,0.0,0.0,1672.75,0.0,1672.75,24004.75,1413.1,0,0,0,0.0,0,F1,75,,,,,
2025-01-03,2025-01-03,FO,NSE,IDO,52884,,NIFTY,,2025-01-16,2025-01-16,25800.0,PE,NIFTY2511625800PE,0.0,0.0,0.0,1210.55,0.0,1210.55,24004.75,1733.95,0,0,0,0.0,0,F1,75,,,,,
2025-01-03,2025-01-03,FO,NSE,IDO,71395,,NIFTY,,2025-12-24,2025-12-24,25000.0,CE,NIFTY25DEC25000CE,1649.5,1649.5,1550.55,1576.35,1576.95,1666.15,24004.75,1576.35,115400,425,114,227355285.0,110,F1,75,,,,,
2025-01-03,2025-01-03,FO,NSE,IDO,64570,,NIFTY,,2025-03-27,2025-03-27,25000.0,CE,NIFTY25MAR25000CE,400.0,400.0,343.0,348.95,344.0,398.9,24004.75,348.95,1157950,83000,5869,11165901318.75,4178,F1,75,,,,,
2025-01-03,2025-01-03,FO,NSE,IDO,46518,,NIFTY,,2025-01-30,2025-01-30,25800.0,PE,NIFTY25JAN25800PE,1540.55,1665.55,1540.55,1665.55,1665.55,1513.25,24004.75,1679.45,45950,-1275,59,40459108.75,11,F1,25,,,,,
2025-01-03,2025-01-03,FO,NSE,IDO,53627,,NIFTY,,2027-12-30,2027-12-30,25000.0,PE,NIFTY27DEC25000PE,0.0,0.0,0.0,2948.45,0.0,2948.45,24004.75,761.6,0,0,0,0.0,0,F1,75,,,,,
2025-01-03,2025-01-03,FO,NSE,IDO,55068,,NIFTY,,2025-01-23,2025-01-23,25000.0,PE,NIFTY2512325000PE,0.0,0.0,0.0,1045.1,0.0,1045.1,24004.75,950.5,0,0,0,0.0,0,F1,75,,,,,
2025-01-03,2025-01-03,FO,NSE,IDO,54989,,NIFTY,,2025-01-23,2025-01-23,23700.0,CE,NIFTY2512323700CE,659.95,659.95,523.7,523.7,523.7,676.85,24004.75,523.7,5925,975,35,63682203.75,14,F1,75,,,,,
2025-01-03,2025-01-03,FO,NSE,IDO,54990,,NIFTY,,2025-01-23,2025-01-23,23700.0,PE,NIFTY2512323700PE,127.7,162.2,116.1,155.15,162.2,127.65,24004.75,155.15,20250,4500,261,466710378.75,204,F1,75,,,,,
2025-01-03,2025-01-03,FO,NSE,IDO,52629,,NIFTY,,2025-01-16,2025-01-16,23700.0,CE,NIFTY2511623700CE,581.35,582.0,430.0,441.8,433.8,611.15,24004.75,441.8,98925,-7650,1208,2191324968.75,967,F1,75,,,,,
2025-01-03,2025-01-03,FO,NSE,IDO,51477,,NIFTY,,2025-03-27,2025-03-27,23700.0,CE,NIFTY25MAR23700CE,1080.1,1080.1,1080.1,1080.1,1080.1,1154.6,24004.75,1002.55,12675,75,1,1858507.5,1,F1,75,,,,,
2025-01-03,2025-01-03,FO,NSE,IDO,48103,,NIFTY,,2025-01-09,2025-01-09,23700.0,PE,NIFTY2510923700PE,54.75,62.55,27.1,50.05,52.4,47.1,24004.75,50.05,6201075,3488475,777166,1384052105981.25,355273,F1,75,,,,,
2025-01-03,2025-01-03,FO,NSE,IDO,46274,,NIFTY,,2025-01-30,2025-01-30,23700.0,PE,NIFTY25JAN23700PE,161.75,199.85,147.75,191.5,194.05,155.45,24004.75,191.5,1233200,4800,43925,26216766141.25,14350,F1,25,,,,,
2025-01-03,2025-01-03,FO,NSE,IDO,44973,,NIFTY,,2025-02-06,2025-02-06,23700.0,PE,NIFTY2520623700PE,0.0,0.0,0.0,217.95,0.0,217.95,24004.75,208.3,0,0,0,0.0,0,F1,75,,,,,
2025-01-03,2025-01-03,FO,NSE,IDO,55009,,NIFTY,,2025-01-23,2025-01-23,24100.0,CE,NIFTY2512324100CE,372.55,372.55,270.3,279.3,276.7,392.85,24004.75,279.3,62925,54525,1425,2609757686.25,858,F1,75,,,,,
2025-01-03,2025-01-03,FO,NSE,IDO,52437,,NIFTY,,2025-01-16,2025-01-16,22200.0,CE,NIFTY2511622200CE,0.0,0.0,0.0,2510.2,0.0,2510.2,24004.75,1858.2,0,0,0,0.0,0,F1,75,,,,,
2025-01-03,2025-01-03,FO,NSE,IDO,46977,,NIFTY,,2025-03-27,2025-03-27,22200.0,PE,NIFTY25MAR22200PE,83.0,86.2,73.55,84.65,86.2,78.7,24004.75,84.65,62175,23700,753,1258334808.75,368,F1,75,,,,,
2025-01-03,2025-01-03,FO,NSE,IDO,47041,,NIFTY,,2025-03-27,2025-03-27,22750.0,PE,NIFTY25MAR22750PE,0.0,0.0,0.0,196.75,196.75,196.75,24004.75,111.0,2775,0,0,0.0,0,F1,75,,,,,
2025-01-03,2025-01-03,FO,NSE,IDO,55629,,NIFTY,,2025-02-27,2025-02-27,22750.0,CE,NIFTY25FEB22750CE,0.0,0.0,0.0,1791.5,0.0,1791.5,24004.75,1552.75,0,0,0,0.0,0,F1,75,,,,,
2025-01-03,2025-01-03,FO,NSE,IDO,43258,,NIFTY,,2025-01-30,2025-01-30,22750.0,PE,NIFTY25JAN22750PE,36.75,41.15,27.45,37.25,37.95,35.0,24004.75,37.25,191950,-14475,5207,2965940012.5,1495,F1,25,,,,,
2025-01-03,2025-01-03,FO,NSE,IDO,55001,,NIFTY,,2025-01-23,2025-01-23,23950.0,CE,NIFTY2512323950CE,442.4,470.0,348.5,362.85,348.5,442.4,24004.75,362.85,7275,-6150,122,222777990.0,49,F1,75,,,,,
2025-01-03,2025-01-03,FO,NSE,IDO,52870,,NIFTY,,2025-01-16,2025-01-16,25500.0,CE,NIFTY2511625500CE,5.25,5.65,3.3,3.6,3.85,4.8,24004.75,3.6,357450,77700,11755,22485173411.25,4723,F1,75,,,,,
2025-01-03,2025-01-03,FO,NSE,IDO,52676,,NIFTY,,2025-01-16,2025-01-16,23850.0,PE,NIFTY2511623850PE,136.45,169.0,110.4,157.9,164.0,123.9,24004.75,157.9,45675,25725,2770,4983907312.5,1756,F1,75,,,,,
2025-01-03,2025-01-03,FO,NSE,IDO,54720,,NIFTY,,2025-03-27,2025-03-27,23850.0,PE,NIFTY25MAR23850PE,0.0,0.0,0.0,368.25,368.25,368.25,24004.75,390.3,225,0,0,0.0,0,F1,75,,,,,
2025-01-03,2025-01-03,FO,NSE,IDO,54998,,NIFTY,,2025-01-23,2025-01-23,23850.0,PE,NIFTY2512323850PE,189.0,214.0,163.7,205.2,210.0,189.0,24004.75,205.2,1725,300,66,119030047.5,36,F1,75,,,,,
2025-01-03,2025-01-03,FO,NSE,IDO,54719,,NIFTY,,2025-03-27,2025-03-27,23850.0,CE,NIFTY25MAR23850CE,0.0,0.0,0.0,941.0,0.0,941.0,24004.75,908.35,0,0,0,0.0,0,F1,75,,,,,
2025-01-03,2025-01-03,FO,NSE,IDO,46333,,NIFTY,,2025-01-30,2025-01-30,23850.0,PE,NIFTY25JAN23850PE,201.0,250.1,189.05,242.15,250.1,194.45,24004.75,242.15,134900,1600,6221,3743953473.75,2466,F1,25,,,,,
2025-01-03,2025-01-03,FO,NSE,IDO,46328,,NIFTY,,2025-01-30,2025-01-30,23850.0,CE,NIFTY25JAN23850CE,586.6,603.35,476.65,486.95,476.65,624.05,24004.75,486.95,85725,-8050,1644,1002081081.25,822,F1,25,,,,,
2025-01-03,2025-01-03,FO,NSE,IDO,44981,,NIFTY,,2025-02-06,2025-02-06,23850.0,PE,NIFTY2520623850PE,0.0,0.0,0.0,266.0,0.0,266.0,24004.75,261.75,0,0,0,0.0,0,F1,75,,,,,
2025-01-03,2025-01-03,FO,NSE,IDO,54785,,NIFTY,,2025-01-23,2025-01-23,23150.0,PE,NIFTY2512323150PE,49.0,51.4,41.9,45.65,45.65,129.25,24004.75,37.65,825,150,8,13917240.0,8,F1,75,,,,,
2025-01-03,2025-01-03,FO,NSE,IDO,48077,,NIFTY,,2025-01-09,2025-01-09,23150.0,CE,NIFTY2510923150CE,937.0,967.0,874.9,874.9,874.9,1030.35,24004.75,882.8,4500,375,15,27080115.0,9,F1,75,,,,,
2025-01-03,2025-01-03,FO,NSE,IDO,52535,,NIFTY,,2025-01-16,2025-01-16,23150.0,CE,NIFTY2511623150CE,0.0,0.0,0.0,707.65,707.65,707.65,24004.75,927.9,2775,0,0,0.0,0,F1,75,,,,,
2025-01-03,2025-01-03,FO,NSE,IDO,59770,,NIFTY,,2025-03-27,2025-03-27,25950.0,PE,NIFTY25MAR25950PE,0.0,0.0,0.0,1944.95,0.0,1944.95,24004.75,1693.45,0,0,0,0.0,0,F1,75,,,,,
2025-01-03,2025-01-03,FO,NSE,IDO,48218,,NIFTY,,2025-01-09,2025-01-09,25950.0,PE,NIFTY2510925950PE,0.0,0.0,0.0,1207.25,0.0,1207.25,24004.75,1916.45,0,0,0,0.0,0,F1,75,,,,,
2025-01-03,2025-01-03,FO,NSE,IDO,47039,,NIFTY,,2025-03-27,2025-03-27,22700.0,PE,NIFTY25MAR22700PE,135.0,139.0,128.0,137.2,139.0,128.35,24004.75,137.2,36750,10050,158,270589878.75,44,F1,75,,,,,
2025-01-03,2025-01-03,FO,NSE,IDO,44916,,NIFTY,,2025-02-06,2025-02-06,22900.0,PE,NIFTY2520622900PE,0.0,0.0,0.0,61.0,0.0,61.0,24004.75,45.65,0,0,0,0.0,0,F1,75,,,,,
2025-01-03,2025-01-03,FO,NSE,IDO,54772,,NIFTY,,2025-01-23,2025-01-23,22900.0,CE,NIFTY2512322900CE,0.0,0.0,0.0,1303.3,0.0,1303.3,24004.75,1206.85,0,0,0,0.0,0,F1,75,,,,,
2025-01-03,2025-01-03,FO,NSE,IDO,55636,,NIFTY,,2025-02-27,2025-02-27,22900.0,PE,NIFTY25FEB22900PE,107.0,122.65,93.9,120.9,122.2,106.3,24004.75,120.9,123675,10275,943,1627438852.5,483,F1,75,,,,,
2025-01-03,2025-01-03,FO,NSE,IDO,54773,,NIFTY,,2025-01-23,2025-01-23,22900.0,PE,NIFTY2512322900PE,29.45,33.95,22.5,28.0,28.0,33.45,24004.75,28.0,4200,525,55,94577471.25,24,F1,75,,,,,
2025-01-03,2025-01-03,FO,NSE,IDO,52516,,NIFTY,,2025-01-16,2025-01-16,22900.0,PE,NIFTY2511622900PE,16.3,16.85,8.7,11.35,8.7,16.25,24004.75,11.35,78900,22575,3126,5371737442.5,1884,F1,75,,,,,
2025-01-03,2025-01-03,FO,NSE,IDO,45678,,NIFTY,,2025-01-30,2025-01-30,23400.0,CE,NIFTY25JAN23400CE,938.75,946.1,791.7,810.2,797.7,974.5,24004.75,810.2,109300,-22350,2920,1769091682.5,844,F1,25,,,,,
2025-01-03,2025-01-03,FO,NSE,IDO,51122,,NIFTY,,2025-03-27,2025-03-27,23400.0,CE,NIFTY25MAR23400CE,0.0,0.0,0.0,1205.3,0.0,1205.3,24004.75,1206.6,0,0,0,0.0,0,F1,75,,,,,
2025-01-03,2025-01-03,FO,NSE,IDO,48091,,NIFTY,,2025-01-09,2025-01-09,23400.0,PE,NIFTY2510923400PE,20.25,22.2,9.05,14.05,14.25,19.65,24004.75,14.05,2587650,1266450,446354,783834824130.0,144606,F1,75,,,,,
2025-01-03,2025-01-03,FO,NSE,IDO,52576,,NIFTY,,2025-01-16,2025-01-16,23400.0,PE,NIFTY2511623400PE,53.3,57.15,32.8,47.3,45.95,47.9,24004.75,47.3,273825,206325,15435,27140571806.25,8960,F1,75,,,,,
2025-01-03,2025-01-03,FO,NSE,IDO,55097,,NIFTY,,2025-01-23,2025-01-23,25450.0,CE,NIFTY2512325450CE,11.0,11.0,11.0,11.0,11.0,11.2,24004.75,13.75,1050,0,2,3819150.0,1,F1,75,,,,,
2025-01-03,2025-01-03,FO,NSE,IDO,61411,,NIFTY,,2029-12-27,2029-12-27,20000.0,PE,NIFTY29DEC20000PE,0.0,0.0,0.0,202.3,0.0,202.3,24004.75,100.25,0,0,0,0.0,0,F1,75,,,,,
2025-01-03,2025-01-03,FO,NSE,IDO,57639,,NIFTY,,2025-02-27,2025-02-27,24950.0,CE,NIFTY25FEB24950CE,255.2,255.2,215.75,220.8,215.75,285.35,24004.75,220.8,11925,4350,160,302184900.0,82,F1,75,,,,,
2025-01-03,2025-01-03,FO,NSE,IDO,53611,,NIFTY,,2027-12-30,2027-12-30,20000.0,PE,NIFTY27DEC20000PE,0.0,0.0,0.0,450.0,450.0,450.0,24004.75,99.85,2675,0,0,0.0,0,F1,75,,,,,
2025-01-03,2025-01-03,FO,NSE,IDO,52679,,NIFTY,,2025-01-16,2025-01-16,23950.0,CE,NIFTY2511623950CE,393.0,402.3,270.05,280.05,272.05,423.55,24004.75,280.05,18750,8700,745,1355792317.5,509,F1,75,,,,,
2025-01-03,2025-01-03,FO,NSE,IDO,55002,,NIFTY,,2025-01-23,2025-01-23,23950.0,PE,NIFTY2512323950PE,229.0,255.65,203.55,251.45,246.4,398.6,24004.75,251.45,2250,2250,42,76205055.0,20,F1,75,,,,,
2025-01-03,2025-01-03,FO,NSE,IDO,44986,,NIFTY,,2025-02-06,2025-02-06,23950.0,PE,NIFTY2520623950PE,0.0,0.0,0.0,301.85,0.0,301.85,24004.75,302.2,0,0,0,0.0,0,F1,75,,,,,
2025-01-03,2025-01-03,FO,NSE,IDO,46458,,NIFTY,,2025-01-30,2025-01-30,25200.0,PE,NIFTY25JAN25200PE,1007.75,1135.8,978.35,1123.05,1129.95,955.3,24004.75,1123.05,73150,1050,189,124035445.0,93,F1,25,,,,,
2025-01-03,2025-01-03,FO,NSE,IDO,57652,,NIFTY,,2025-02-27,2025-02-27,25200.0,PE,NIFTY25FEB25200PE,0.0,0.0,0.0,945.9,945.9,945.9,24004.75,1116.7,3225,0,0,0.0,0,F1,75,,,,,
2025-01-03,2025-01-03,FO,NSE,IDO,57651,,NIFTY,,2025-02-27,2025-02-27,25200.0,CE,NIFTY25FEB25200CE,196.1,196.1,148.65,152.6,148.65,196.15,24004.75,152.6,117225,19500,1134,2157168607.5,656,F1,75,,,,,
2025-01-03,2025-01-03,FO,NSE,IDO,45069,,NIFTY,,2025-02-06,2025-02-06,25200.0,PE,NIFTY2520625200PE,0.0,0.0,0.0,1018.2,0.0,1018.2,24004.75,1119.3,0,0,0,0.0,0,F1,75,,,,,
2025-01-03,2025-01-03,FO,NSE,IDO,55084,,NIFTY,,2025-01-23,2025-01-23,25200.0,PE,NIFTY2512325200PE,0.0,0.0,0.0,1202.65,0.0,1202.65,24004.75,1130.35,0,0,0,0.0,0,F1,75,,,,,
2025-01-03,2025-01-03,FO,NSE,IDO,52858,,NIFTY,,2025-01-16,2025-01-16,25200.0,CE,NIFTY2511625200CE,12.25,13.0,6.6,6.95,6.8,12.25,24004.75,6.95,153000,69000,9038,17087780377.5,5168,F1,75,,,,,
2025-01-03,2025-01-03,FO,NSE,IDO,52859,,NIFTY,,2025-01-16,2025-01-16,25200.0,PE,NIFTY2511625200PE,0.0,0.0,0.0,770.8,0.0,770.8,24004.75,1143.8,0,0,0,0.0,0,F1,75,,,,,
2025-01-03,2025-01-03,FO,NSE,IDO,48182,,NIFTY,,2025-01-09,2025-01-09,25200.0,PE,NIFTY2510925200PE,1034.05,1200.0,1034.05,1188.1,1188.1,1008.85,24004.75,1167.75,17400,375,15,29617908.75,11,F1,75,,,,,
2025-01-03,2025-01-03,FO,NSE,IDO,45068,,NIFTY,,2025-02-06,2025-02-06,25200.0,CE,NIFTY2520625200CE,0.0,0.0,0.0,182.15,0.0,182.15,24004.75,82.0,0,0,0,0.0,0,F1,75,,,,,
2025-01-03,2025-01-03,FO,NSE,IDO,56872,,NIFTY,,2025-03-27,2025-03-27,25200.0,CE,NIFTY25MAR25200CE,298.25,317.5,278.3,281.95,281.95,322.95,24004.75,281.95,11850,1275,131,250408833.75,48,F1,75,,,,,
2025-01-03,2025-01-03,FO,NSE,IDO,56873,,NIFTY,,2025-03-27,2025-03-27,25200.0,PE,NIFTY25MAR25200PE,0.0,0.0,0.0,1380.95,0.0,1380.95,24004.75,1118.95,0,0,0,0.0,0,F1,75,,,,,
2025-01-03,2025-01-03,FO,NSE,IDO,48181,,NIFTY,,2025-01-09,2025-01-09,25200.0,CE,NIFTY2510925200CE,2.4,3.0,1.2,1.4,1.3,2.2,24004.75,1.4,6248850,4684425,532848,1007164369380.0,106705,F1,75,,,,,
2025-01-03,2025-01-03,FO,NSE,IDO,46457,,NIFTY,,2025-01-30,2025-01-30,25200.0,CE,NIFTY25JAN25200CE,48.1,50.05,27.45,29.0,28.1,49.6,24004.75,29.0,1545100,200000,97615,61584423247.5,37088,F1,25,,,,,
2025-01-03,2025-01-03,FO,NSE,IDO,55083,,NIFTY,,2025-01-23,2025-01-23,25200.0,CE,NIFTY2512325200CE,30.0,30.0,15.7,16.0,15.7,30.2,24004.75,16.0,34575,21525,560,1059192371.25,266,F1,75,,,,,
2025-01-03,2025-01-03,FO,NSE,IDO,48144,,NIFTY,,2025-01-09,2025-01-09,24400.0,PE,NIFTY2510924400PE,330.05,450.0,307.9,432.05,444.75,298.8,24004.75,432.05,288150,-10800,41026,76241896526.25,25378,F1,75,,,,,
2025-01-03,2025-01-03,FO,NSE,IDO,52757,,NIFTY,,2025-01-16,2025-01-16,24400.0,CE,NIFTY2511624400CE,150.0,166.15,89.4,95.75,93.0,169.75,24004.75,95.75,246675,153450,17694,32532029160.0,11441,F1,75,,,,,
2025-01-03,2025-01-03,FO,NSE,IDO,55339,,NIFTY,,2025-03-27,2025-03-27,24400.0,CE,NIFTY25MAR24400CE,0.0,0.0,0.0,672.75,0.0,672.75,24004.75,610.25,0,0,0,0.0,0,F1,75,,,,,
2025-01-03,2025-01-03,FO,NSE,IDO,44918,,NIFTY,,2025-02-06,2025-02-06,22950.0,CE,NIFTY2520622950CE,0.0,0.0,0.0,1465.1,0.0,1465.1,24004.75,1249.6,0,0,0,0.0,0,F1,75,,,,,
2025-01-03,2025-01-03,FO,NSE,IDO,48245,,NIFTY,,2025-03-27,2025-03-27,22950.0,CE,NIFTY25MAR22950CE,0.0,0.0,0.0,1509.5,0.0,1509.5,24004.75,1548.4,0,0,0,0.0,0,F1,75,,,,,
2025-01-03,2025-01-03,FO,NSE,IDO,54696,,NIFTY,,2025-01-23,2025-01-23,22050.0,CE,NIFTY2512322050CE,0.0,0.0,0.0,2072.6,0.0,2072.6,24004.75,2036.75,0,0,0,0.0,0,F1,75,,,,,
2025-01-03,2025-01-03,FO,NSE,IDO,46953,,NIFTY,,2025-03-27,2025-03-27,22050.0,PE,NIFTY25MAR22050PE,0.0,0.0,0.0,117.35,0.0,117.35,24004.75,39.2,0,0,0,0.0,0,F1,75,,,,,
2025-01-03,2025-01-03,FO,NSE,IDO,52419,,NIFTY,,2025-01-16,2025-01-16,22050.0,CE,NIFTY2511622050CE,0.0,0.0,0.0,2656.95,0.0,2656.95,24004.75,2007.75,0,0,0,0.0,0,F1,75,,,,,
2025-01-03,2025-01-03,FO,NSE,IDO,48024,,NIFTY,,2025-01-09,2025-01-09,22050.0,PE,NIFTY2510922050PE,2.5,2.5,0.65,0.75,0.65,2.45,24004.75,0.75,276525,171225,20349,33654088687.5,8007,F1,75,,,,,
2025-01-03,2025-01-03,FO,NSE,IDO,46951,,NIFTY,,2025-03-27,2025-03-27,22050.0,CE,NIFTY25MAR22050CE,0.0,0.0,0.0,2215.8,0.0,2215.8,24004.75,2329.8,0,0,0,0.0,0,F1,75,,,,,
2025-01-03,2025-01-03,FO,NSE,IDO,48137,,NIFTY,,2025-01-09,2025-01-09,24250.0,CE,NIFTY2510924250CE,156.0,156.0,57.75,62.6,58.7,155.55,24004.75,62.6,2515875,1459275,584654,1067291996820.0,369066,F1,75,,,,,
2025-01-03,2025-01-03,FO,NSE,IDO,57612,,NIFTY,,2025-02-27,2025-02-27,24250.0,PE,NIFTY25FEB24250PE,487.7,511.2,439.9,508.25,511.2,438.8,24004.75,508.25,6450,1650,38,70524648.75,21,F1,75,,,,,
2025-01-03,2025-01-03,FO,NSE,IDO,45012,,NIFTY,,2025-02-06,2025-02-06,24250.0,CE,NIFTY2520624250CE,0.0,0.0,0.0,535.9,0.0,535.9,24004.75,353.8,0,0,0,0.0,0,F1,75,,,,,
2025-01-03,2025-01-03,FO,NSE,IDO,55020,,NIFTY,,2025-01-23,2025-01-23,24250.0,PE,NIFTY2512324250PE,355.9,404.35,313.75,391.75,401.3,548.45,24004.75,391.75,2550,2550,77,142181951.25,28,F1,75,,,,,
2025-01-03,2025-01-03,FO,NSE,IDO,55103,,NIFTY,,2025-03-27,2025-03-27,24250.0,PE,NIFTY25MAR24250PE,0.0,0.0,0.0,801.8,0.0,801.8,24004.75,559.95,0,0,0,0.0,0,F1,75,,,,,
2025-01-03,2025-01-03,FO,NSE,IDO,45015,,NIFTY,,2025-02-06,2025-02-06,24250.0,PE,NIFTY2520624250PE,0.0,0.0,0.0,428.55,0.0,428.55,24004.75,447.05,0,0,0,0.0,0,F1,75,,,,,
2025-01-03,2025-01-03,FO,NSE,IDO,55017,,NIFTY,,2025-01-23,2025-01-23,24250.0,CE,NIFTY2512324250CE,227.1,270.0,209.0,210.45,209.0,318.6,24004.75,210.45,825,225,13,23873182.5,10,F1,75,,,,,
2025-01-03,2025-01-03,FO,NSE,IDO,57611,,NIFTY,,2025-02-27,2025-02-27,24250.0,CE,NIFTY25FEB24250CE,548.4,551.1,495.3,498.85,499.65,606.3,24004.75,498.85,8850,300,56,104023683.75,39,F1,75,,,,,
2025-01-03,2025-01-03,FO,NSE,IDO,52721,,NIFTY,,2025-01-16,2025-01-16,24250.0,PE,NIFTY2511624250PE,289.95,369.05,271.0,358.4,367.45,267.25,24004.75,358.4,18825,4725,1568,2889263302.5,908,F1,75,,,,,
2025-01-03,2025-01-03,FO,NSE,IDO,55102,,NIFTY,,2025-03-27,2025-03-27,24250.0,CE,NIFTY25MAR24250CE,0.0,0.0,0.0,650.0,650.0,650.0,24004.75,684.1,150,0,0,0.0,0,F1,75,,,,,
2025-01-03,2025-01-03,FO,NSE,IDO,46360,,NIFTY,,2025-01-30,2025-01-30,24250.0,CE,NIFTY25JAN24250CE,375.0,375.0,262.0,269.0,262.0,371.85,24004.75,269.0,99975,5100,6934,4256312443.75,3017,F1,25,,,,,
2025-01-03,2025-01-03,FO,NSE,IDO,46361,,NIFTY,,2025-01-30,2025-01-30,24250.0,PE,NIFTY25JAN24250PE,348.25,433.55,340.7,419.55,430.0,338.25,24004.75,419.55,111450,12200,7602,4681488876.25,2757,F1,25,,,,,
2025-01-03,2025-01-03,FO,NSE,IDO,48138,,NIFTY,,2025-01-09,2025-01-09,24250.0,PE,NIFTY2510924250PE,237.5,331.15,215.0,312.35,321.0,213.75,24004.75,312.35,552675,273075,114170,209949098823.75,77932,F1,75,,,,,
2025-01-03,2025-01-03,FO,NSE,IDO,52717,,NIFTY,,2025-01-16,2025-01-16,24250.0,CE,NIFTY2511624250CE,230.0,230.0,137.0,144.05,139.6,239.65,24004.75,144.05,50250,24225,4173,7643476398.75,2455,F1,75,,,,,
2025-01-03,2025-01-03,FO,NSE,IDO,46468,,NIFTY,,2025-01-30,2025-01-30,25450.0,PE,NIFTY25JAN25450PE,1273.45,1337.0,1273.45,1337.0,1337.0,1267.8,24004.75,1348.85,9300,0,2,1337761.25,2,F1,25,,,,,
2025-01-03,2025-01-03,FO,NSE,IDO,57661,,NIFTY,,2025-02-27,2025-02-27,25450.0,CE,NIFTY25FEB25450CE,130.0,130.0,101.35,101.35,101.35,77.2,24004.75,101.35,7350,2025,139,266498561.25,45,F1,75,,,,,
2025-01-03,2025-01-03,FO,NSE,IDO,45087,,NIFTY,,2025-02-06,2025-02-06,25450.0,PE,NIFTY2520625450PE,0.0,0.0,0.0,1213.25,0.0,1213.25,24004.75,1336.9,0,0,0,0.0,0,F1,75,,,,,
2025-01-03,2025-01-03,FO,NSE,IDO,48195,,NIFTY,,2025-01-09,2025-01-09,25450.0,CE,NIFTY2510925450CE,1.7,1.85,0.85,1.0,0.9,1.65,24004.75,1.0,582300,510975,52149,99545046438.75,15957,F1,75,,,,,
2025-01-03,2025-01-03,FO,NSE,IDO,52869,,NIFTY,,2025-01-16,2025-01-16,25450.0,PE,NIFTY2511625450PE,0.0,0.0,0.0,942.85,0.0,942.85,24004.75,1387.4,0,0,0,0.0,0,F1,75,,,,,
2025-01-03,2025-01-03,FO,NSE,IDO,48101,,NIFTY,,2025-01-09,2025-01-09,23650.0,PE,NIFTY2510923650PE,40.2,53.15,22.2,40.6,42.6,40.55,24004.75,40.6,1402725,426000,354383,629572284225.0,162907,F1,75,,,,,
2025-01-03,2025-01-03,FO,NSE,IDO,52626,,NIFTY,,2025-01-16,2025-01-16,23650.0,CE,NIFTY2511623650CE,601.05,601.05,466.25,472.65,466.25,653.9,24004.75,472.65,6450,750,214,388110461.25,114,F1,75,,,,,
2025-01-03,2025-01-03,FO,NSE,IDO,52628,,NIFTY,,2025-01-16,2025-01-16,23650.0,PE,NIFTY2511623650PE,92.2,106.6,66.1,95.45,97.4,81.65,24004.75,95.45,44475,16125,5387,9589901797.5,3332,F1,75,,,,,
2025-01-03,2025-01-03,FO,NSE,IDO,48100,,NIFTY,,2025-01-09,2025-01-09,23650.0,CE,NIFTY2510923650CE,536.0,565.0,373.25,386.5,378.25,575.05,24004.75,386.5,256050,-10350,2610,4715357403.75,1596,F1,75,,,,,
2025-01-03,2025-01-03,FO,NSE,IDO,57588,,NIFTY,,2025-02-27,2025-02-27,23650.0,PE,NIFTY25FEB23650PE,294.9,294.9,257.75,285.1,283.3,243.1,24004.75,285.1,5175,525,18,32311068.75,9,F1,75,,,,,
2025-01-03,2025-01-03,FO,NSE,IDO,57587,,NIFTY,,2025-02-27,2025-02-27,23650.0,CE,NIFTY25FEB23650CE,963.6,996.35,858.7,858.7,858.7,946.8,24004.75,858.7,6900,-525,8,14753103.75,7,F1,75,,,,,
2025-01-03,2025-01-03,FO,NSE,IDO,47845,,NIFTY,,2025-01-30,2025-01-30,26500.0,CE,NIFTY25JAN26500CE,6.75,6.75,5.35,5.55,5.7,6.85,24004.75,5.55,1707250,252050,39875,26423340275.0,5664,F1,25,,,,,
2025-01-03,2025-01-03,FO,NSE,IDO,52913,,NIFTY,,2025-01-16,2025-01-16,26500.0,PE,NIFTY2511626500PE,2450.0,2450.0,2350.0,2350.0,2350.0,1815.65,24004.75,2431.65,2100,2100,28,60735000.0,3,F1,75,,,,,
2025-01-03,2025-01-03,FO,NSE,IDO,64703,,NIFTY,,2025-09-25,2025-09-25,29000.0,PE,NIFTY25SEP29000PE,0.0,0.0,0.0,2125.3,0.0,2125.3,24004.75,3773.3,0,0,0,0.0,0,F1,75,,,,,
2025-01-03,2025-01-03,FO,NSE,IDO,38163,,NIFTY,,2027-06-24,2027-06-24,29000.0,PE,NIFTY27JUN29000PE,0.0,0.0,0.0,4627.1,0.0,4627.1,24004.75,2349.8,0,0,0,0.0,0,F1,75,,,,,
2025-01-03,2025-01-03,FO,NSE,IDO,38151,,NIFTY,,2025-06-26,2025-06-26,29000.0,PE,NIFTY25JUN29000PE,0.0,0.0,0.0,6724.5,0.0,6724.5,24004.75,4125.05,0,0,0,0.0,0,F1,75,,,,,
2025-01-03,2025-01-03,FO,NSE,IDO,45010,,NIFTY,,2025-02-06,2025-02-06,24200.0,CE,NIFTY2520624200CE,562.4,562.4,408.1,409.75,409.05,562.4,24004.75,409.75,1950,1950,88,162667458.75,80,F1,75,,,,,
2025-01-03,2025-01-03,FO,NSE,IDO,46358,,NIFTY,,2025-01-30,2025-01-30,24200.0,CE,NIFTY25JAN24200CE,533.0,533.0,284.0,292.55,284.0,400.1,24004.75,292.55,1347400,379850,126222,77395620665.0,38039,F1,25,,,,,
2025-01-03,2025-01-03,FO,NSE,IDO,55060,,NIFTY,,2025-03-27,2025-03-27,24200.0,CE,NIFTY25MAR24200CE,770.0,775.7,701.55,707.25,711.55,820.25,24004.75,707.25,4875,-900,90,168375375.0,48,F1,75,,,,,
2025-01-03,2025-01-03,FO,NSE,IDO,55036,,NIFTY,,2025-01-23,2025-01-23,24500.0,PE,NIFTY2512324500PE,465.0,573.25,457.5,554.05,553.2,435.05,24004.75,554.05,7200,6375,153,287041200.0,86,F1,75,,,,,
2025-01-03,2025-01-03,FO,NSE,IDO,57647,,NIFTY,,2025-02-27,2025-02-27,25100.0,CE,NIFTY25FEB25100CE,206.0,210.0,173.9,177.65,174.4,226.8,24004.75,177.65,45825,8325,624,1183557378.75,257,F1,75,,,,,
2025-01-03,2025-01-03,FO,NSE,IDO,46449,,NIFTY,,2025-01-30,2025-01-30,25100.0,PE,NIFTY25JAN25100PE,900.0,1094.65,900.0,1031.35,1030.0,869.25,24004.75,1031.35,73550,350,269,175258553.75,66,F1,25,,,,,
2025-01-03,2025-01-03,FO,NSE,IDO,52853,,NIFTY,,2025-01-16,2025-01-16,25100.0,PE,NIFTY2511625100PE,0.0,0.0,0.0,706.95,0.0,706.95,24004.75,1048.2,0,0,0,0.0,0,F1,75,,,,,
2025-01-03,2025-01-03,FO,NSE,IDO,48177,,NIFTY,,2025-01-09,2025-01-09,25100.0,CE,NIFTY2510925100CE,2.95,3.9,1.35,1.65,1.5,3.0,24004.75,1.65,3074250,1961250,368071,692961957116.25,81898,F1,75,,,,,
2025-01-03,2025-01-03,FO,NSE,IDO,52896,,NIFTY,,2025-01-16,2025-01-16,26100.0,CE,NIFTY2511626100CE,3.15,3.15,2.0,2.05,2.0,3.1,24004.75,2.05,19275,9675,791,1548528720.0,344,F1,75,,,,,
2025-01-03,2025-01-03,FO,NSE,IDO,54709,,NIFTY,,2025-01-23,2025-01-23,22200.0,PE,NIFTY2512322200PE,0.0,0.0,0.0,30.0,30.0,30.0,24004.75,1.2,225,0,0,0.0,0,F1,75,,,,,
2025-01-03,2025-01-03,FO,NSE,IDO,48115,,NIFTY,,2025-01-09,2025-01-09,23950.0,PE,NIFTY2510923950PE,103.9,148.5,77.05,132.9,138.9,96.9,24004.75,132.9,937275,264750,629099,1135557230782.5,411051,F1,75,,,,,
2025-01-03,2025-01-03,FO,NSE,IDO,44984,,NIFTY,,2025-02-06,2025-02-06,23950.0,CE,NIFTY2520623950CE,568.7,568.7,568.7,568.7,568.7,707.1,24004.75,568.7,75,75,1,1838902.5,1,F1,75,,,,,
2025-01-03,2025-01-03,FO,NSE,IDO,51123,,NIFTY,,2025-03-27,2025-03-27,23400.0,PE,NIFTY25MAR23400PE,250.0,268.0,239.9,254.2,254.2,239.0,24004.75,245.4,4500,150,10,17733885.0,8,F1,75,,,,,
2025-01-03,2025-01-03,FO,NSE,IDO,56882,,NIFTY,,2025-03-27,2025-03-27,25450.0,CE,NIFTY25MAR25450CE,0.0,0.0,0.0,160.0,160.0,160.0,24004.75,241.65,150,0,0,0.0,0,F1,75,,,,,
2025-01-03,2025-01-03,FO,NSE,IDO,48196,,NIFTY,,2025-01-09,2025-01-09,25450.0,PE,NIFTY2510925450PE,0.0,0.0,0.0,837.1,0.0,837.1,24004.75,1417.1,0,0,0,0.0,0,F1,75,,,,,
2025-01-03,2025-01-03,FO,NSE,IDO,52846,,NIFTY,,2025-01-16,2025-01-16,24950.0,CE,NIFTY2511624950CE,29.25,30.15,13.8,14.5,13.9,31.6,24004.75,14.5,48825,32400,2646,4955048340.0,1722,F1,75,,,,,
2025-01-03,2025-01-03,FO,NSE,IDO,86144,,NIFTY,,2028-06-29,2028-06-29,20000.0,PE,NIFTY28JUN20000PE,0.0,0.0,0.0,400.0,400.0,400.0,24004.75,103.15,0,0,0,0.0,0,F1,75,,,,,
2025-01-03,2025-01-03,FO,NSE,IDO,61410,,NIFTY,,2029-12-27,2029-12-27,20000.0,CE,NIFTY29DEC20000CE,0.0,0.0,0.0,10081.1,0.0,10081.1,24004.75,9818.15,0,0,0,0.0,0,F1,75,,,,,
2025-01-03,2025-01-03,FO,NSE,IDO,48172,,NIFTY,,2025-01-09,2025-01-09,24950.0,PE,NIFTY2510924950PE,878.9,970.25,878.9,963.75,970.25,758.75,24004.75,963.75,1500,300,18,34949336.25,13,F1,75,,,,,
2025-01-03,2025-01-03,FO,NSE,IDO,48184,,NIFTY,,2025-01-09,2025-01-09,25250.0,PE,NIFTY2510925250PE,1267.0,1267.0,1267.0,1267.0,1267.0,1456.0,24004.75,1217.55,150,75,1,1988775.0,1,F1,75,,,,,
2025-01-03,2025-01-03,FO,NSE,IDO,56875,,NIFTY,,2025-03-27,2025-03-27,25250.0,PE,NIFTY25MAR25250PE,0.0,0.0,0.0,1415.9,0.0,1415.9,24004.75,1154.0,0,0,0,0.0,0,F1,75,,,,,
2025-01-03,2025-01-03,FO,NSE,IDO,38157,,NIFTY,,2026-06-25,2026-06-25,29000.0,PE,NIFTY26JUN29000PE,0.0,0.0,0.0,5546.1,0.0,5546.1,24004.75,3016.1,0,0,0,0.0,0,F1,75,,,,,
2025-01-03,2025-01-03,FO,NSE,IDO,53979,,NIFTY,,2025-03-27,2025-03-27,23800.0,PE,NIFTY25MAR23800PE,360.0,385.5,330.0,375.0,380.5,336.75,24004.75,375.0,7200,225,16,28995558.75,14,F1,75,,,,,
2025-01-03,2025-01-03,FO,NSE,IDO,48106,,NIFTY,,2025-01-09,2025-01-09,23800.0,CE,NIFTY2510923800CE,415.0,441.0,260.25,274.7,265.9,451.55,24004.75,274.7,1403250,12525,90997,164656159807.5,52416,F1,75,,,,,
2025-01-03,2025-01-03,FO,NSE,IDO,45874,,NIFTY,,2025-12-24,2025-12-24,17000.0,PE,NIFTY25DEC17000PE,0.0,0.0,0.0,57.7,57.7,57.7,24004.75,0.8,3525,0,0,0.0,0,F1,75,,,,,
2025-01-03,2025-01-03,FO,NSE,IDO,57593,,NIFTY,,2025-02-27,2025-02-27,23800.0,CE,NIFTY25FEB23800CE,863.3,882.0,750.0,759.6,750.05,893.7,24004.75,759.6,36000,-3750,175,323098087.5,97,F1,75,,,,,
2025-01-03,2025-01-03,FO,NSE,IDO,48107,,NIFTY,,2025-01-09,2025-01-09,23800.0,PE,NIFTY2510923800PE,62.9,89.95,41.75,76.15,78.95,62.9,24004.75,76.15,3281700,28575,1009945,1807869023381.25,518877,F1,75,,,,,
2025-01-03,2025-01-03,FO,NSE,IDO,46327,,NIFTY,,2025-01-30,2025-01-30,23800.0,PE,NIFTY25JAN23800PE,200.0,232.4,173.5,222.85,228.5,180.15,24004.75,222.85,2479175,101150,85216,51143967302.5,27157,F1,25,,,,,
2025-01-03,2025-01-03,FO,NSE,IDO,45873,,NIFTY,,2025-12-24,2025-12-24,17000.0,CE,NIFTY25DEC17000CE,0.0,0.0,0.0,8400.0,8400.0,8400.0,24004.75,8085.8,625,0,0,0.0,0,F1,75,,,,,
2025-01-03,2025-01-03,FO,NSE,IDO,52662,,NIFTY,,2025-01-16,2025-01-16,23800.0,CE,NIFTY2511623800CE,494.35,510.2,361.15,375.15,369.35,528.25,24004.75,375.15,123375,35550,3325,6040103223.75,2331,F1,75,,,,,
2025-01-03,2025-01-03,FO,NSE,IDO,48088,,NIFTY,,2025-01-09,2025-01-09,23350.0,CE,NIFTY2510923350CE,800.0,800.0,643.0,649.75,660.3,858.65,24004.75,649.75,10875,-450,160,288604848.75,84,F1,75,,,,,
2025-01-03,2025-01-03,FO,NSE,IDO,55653,,NIFTY,,2025-02-27,2025-02-27,23350.0,CE,NIFTY25FEB23350CE,0.0,0.0,0.0,1358.4,0.0,1358.4,24004.75,1064.2,0,0,0,0.0,0,F1,75,,,,,
2025-01-03,2025-01-03,FO,NSE,IDO,54939,,NIFTY,,2025-01-23,2025-01-23,23350.0,CE,NIFTY2512323350CE,0.0,0.0,0.0,950.75,0.0,950.75,24004.75,805.65,0,0,0,0.0,0,F1,75,,,,,
2025-01-03,2025-01-03,FO,NSE,IDO,48089,,NIFTY,,2025-01-09,2025-01-09,23350.0,PE,NIFTY2510923350PE,16.0,18.8,7.65,11.2,11.8,16.95,24004.75,11.2,1290300,637650,258577,453065645257.5,79385,F1,75,,,,,
2025-01-03,2025-01-03,FO,NSE,IDO,55654,,NIFTY,,2025-02-27,2025-02-27,23350.0,PE,NIFTY25FEB23350PE,0.0,0.0,0.0,373.1,0.0,373.1,24004.75,173.15,0,0,0,0.0,0,F1,75,,,,,
2025-01-03,2025-01-03,FO,NSE,IDO,44952,,NIFTY,,2025-02-06,2025-02-06,23350.0,PE,NIFTY2520623350PE,0.0,0.0,0.0,130.85,0.0,130.85,24004.75,114.4,0,0,0,0.0,0,F1,75,,,,,
2025-01-03,2025-01-03,FO,NSE,IDO,52893,,NIFTY,,2025-01-16,2025-01-16,26000.0,PE,NIFTY2511626000PE,0.0,0.0,0.0,1375.25,0.0,1375.25,24004.75,1933.05,0,0,0,0.0,0,F1,75,,,,,
2025-01-03,2025-01-03,FO,NSE,IDO,52713,,NIFTY,,2025-01-16,2025-01-16,24200.0,CE,NIFTY2511624200CE,255.15,259.5,155.0,163.2,158.4,266.85,24004.75,163.2,355275,221175,24250,44368236078.75,14965,F1,75,,,,,
2025-01-03,2025-01-03,FO,NSE,IDO,56869,,NIFTY,,2025-03-27,2025-03-27,25100.0,PE,NIFTY25MAR25100PE,0.0,0.0,0.0,1312.35,0.0,1312.35,24004.75,1050.35,0,0,0,0.0,0,F1,75,,,,,
2025-01-03,2025-01-03,FO,NSE,IDO,56868,,NIFTY,,2025-03-27,2025-03-27,25100.0,CE,NIFTY25MAR25100CE,313.3,343.4,305.6,310.0,310.0,361.85,24004.75,310.0,2175,-975,37,70537635.0,18,F1,75,,,,,
2025-01-03,2025-01-03,FO,NSE,IDO,55596,,NIFTY,,2025-02-27,2025-02-27,21900.0,PE,NIFTY25FEB21900PE,30.0,40.9,30.0,37.8,39.35,86.4,24004.75,37.8,8250,8250,125,205666620.0,33,F1,75,,,,,
2025-01-03,2025-01-03,FO,NSE,IDO,46929,,NIFTY,,2025-03-27,2025-03-27,21900.0,PE,NIFTY25MAR21900PE,0.0,0.0,0.0,105.85,105.85,105.85,24004.75,30.5,10950,0,0,0.0,0,F1,75,,,,,
2025-01-03,2025-01-03,FO,NSE,IDO,54691,,NIFTY,,2025-01-23,2025-01-23,21900.0,PE,NIFTY2512321900PE,0.0,0.0,0.0,12.05,0.0,12.05,24004.75,0.3,0,0,0,0.0,0,F1,75,,,,,
2025-01-03,2025-01-03,FO,NSE,IDO,44960,,NIFTY,,2025-02-06,2025-02-06,23450.0,PE,NIFTY2520623450PE,0.0,0.0,0.0,152.45,0.0,152.45,24004.75,137.1,0,0,0,0.0,0,F1,75,,,,,
2025-01-03,2025-01-03,FO,NSE,IDO,52584,,NIFTY,,2025-01-16,2025-01-16,23450.0,PE,NIFTY2511623450PE,57.95,65.0,38.95,55.85,58.05,52.9,24004.75,55.85,32700,19050,2640,4653527808.75,1235,F1,75,,,,,
2025-01-03,2025-01-03,FO,NSE,IDO,56894,,NIFTY,,2025-03-27,2025-03-27,25750.0,CE,NIFTY25MAR25750CE,0.0,0.0,0.0,252.1,0.0,252.1,24004.75,177.85,0,0,0,0.0,0,F1,75,,,,,
2025-01-03,2025-01-03,FO,NSE,IDO,48208,,NIFTY,,2025-01-09,2025-01-09,25750.0,PE,NIFTY2510925750PE,0.0,0.0,0.0,1053.0,0.0,1053.0,24004.75,1716.7,0,0,0,0.0,0,F1,75,,,,,
2025-01-03,2025-01-03,FO,NSE,IDO,52890,,NIFTY,,2025-01-16,2025-01-16,25950.0,PE,NIFTY2511625950PE,0.0,0.0,0.0,1333.35,0.0,1333.35,24004.75,1883.25,0,0,0,0.0,0,F1,75,,,,,
2025-01-03,2025-01-03,FO,NSE,IDO,43491,,NIFTY,,2025-01-30,2025-01-30,23150.0,PE,NIFTY25JAN23150PE,69.6,79.05,56.1,75.8,77.6,65.65,24004.75,75.8,57150,-450,2798,1624135073.75,906,F1,25,,,,,
2025-01-03,2025-01-03,FO,NSE,IDO,54784,,NIFTY,,2025-01-23,2025-01-23,23150.0,CE,NIFTY2512323150CE,0.0,0.0,0.0,1100.9,0.0,1100.9,24004.75,977.85,0,0,0,0.0,0,F1,75,,,,,
2025-01-03,2025-01-03,FO,NSE,IDO,52536,,NIFTY,,2025-01-16,2025-01-16,23150.0,PE,NIFTY2511623150PE,28.3,30.95,16.95,23.2,24.2,28.25,24004.75,23.2,66450,60900,2504,4352031150.0,1326,F1,75,,,,,
2025-01-03,2025-01-03,FO,NSE,IDO,48349,,NIFTY,,2025-03-27,2025-03-27,23150.0,CE,NIFTY25MAR23150CE,0.0,0.0,0.0,1369.1,0.0,1369.1,24004.75,1391.55,0,0,0,0.0,0,F1,75,,,,,
2025-01-03,2025-01-03,FO,NSE,IDO,55646,,NIFTY,,2025-02-27,2025-02-27,23150.0,PE,NIFTY25FEB23150PE,0.0,0.0,0.0,142.0,142.65,142.0,24004.75,129.45,4200,0,0,0.0,0,F1,75,,,,,
2025-01-03,2025-01-03,FO,NSE,IDO,48350,,NIFTY,,2025-03-27,2025-03-27,23150.0,PE,NIFTY25MAR23150PE,0.0,0.0,0.0,350.8,0.0,350.8,24004.75,184.2,0,0,0,0.0,0,F1,75,,,,,
2025-01-03,2025-01-03,FO,NSE,IDO,43287,,NIFTY,,2025-01-30,2025-01-30,23150.0,CE,NIFTY25JAN23150CE,1163.65,1163.65,1013.2,1014.8,1016.4,1182.05,24004.75,1014.8,5825,25,7,4238365.0,6,F1,25,,,,,
2025-01-03,2025-01-03,FO,NSE,IDO,45124,,NIFTY,,2025-02-06,2025-02-06,25950.0,PE,NIFTY2520625950PE,0.0,0.0,0.0,1641.55,0.0,1641.55,24004.75,1800.45,0,0,0,0.0,0,F1,75,,,,,
2025-01-03,2025-01-03,FO,NSE,IDO,46562,,NIFTY,,2025-01-30,2025-01-30,25950.0,CE,NIFTY25JAN25950CE,15.8,15.8,7.35,7.9,7.7,10.35,24004.75,7.9,40800,1975,2223,1442636490.0,760,F1,25,,,,,
2025-01-03,2025-01-03,FO,NSE,IDO,55131,,NIFTY,,2025-01-23,2025-01-23,25950.0,CE,NIFTY2512325950CE,0.0,0.0,0.0,40.55,0.0,40.55,24004.75,2.65,0,0,0,0.0,0,F1,75,,,,,
2025-01-03,2025-01-03,FO,NSE,IDO,44965,,NIFTY,,2025-02-06,2025-02-06,23500.0,PE,NIFTY2520623500PE,175.0,202.4,152.95,194.45,201.0,164.25,24004.75,194.45,2550,2550,81,143854935.0,55,F1,75,,,,,
2025-01-03,2025-01-03,FO,NSE,IDO,52484,,NIFTY,,2025-01-16,2025-01-16,22500.0,PE,NIFTY2511622500PE,7.45,7.65,3.95,4.3,3.95,7.6,24004.75,4.3,421575,186225,14660,24744287280.0,6909,F1,75,,,,,
2025-01-03,2025-01-03,FO,NSE,IDO,38160,,NIFTY,,2027-06-24,2027-06-24,29000.0,CE,NIFTY27JUN29000CE,0.0,0.0,0.0,1545.2,0.0,1545.2,24004.75,1810.05,0,0,0,0.0,0,F1,75,,,,,
2025-01-03,2025-01-03,FO,NSE,IDO,89641,,NIFTY,,2029-06-28,2029-06-28,29000.0,PE,NIFTY29JUN29000PE,0.0,0.0,0.0,1746.95,0.0,1746.95,24004.75,1512.25,0,0,0,0.0,0,F1,75,,,,,
2025-01-03,2025-01-03,FO,NSE,IDO,38158,,NIFTY,,2026-12-31,2026-12-31,29000.0,CE,NIFTY26DEC29000CE,0.0,0.0,0.0,1205.35,0.0,1205.35,24004.75,1290.85,0,0,0,0.0,0,F1,75,,,,,
2025-01-03,2025-01-03,FO,NSE,IDO,61915,,NIFTY,,2029-12-27,2029-12-27,29000.0,PE,NIFTY29DEC29000PE,0.0,0.0,0.0,1669.2,0.0,1669.2,24004.75,1364.8,0,0,0,0.0,0,F1,75,,,,,
2025-01-03,2025-01-03,FO,NSE,IDO,38153,,NIFTY,,2025-12-24,2025-12-24,29000.0,PE,NIFTY25DEC29000PE,3200.0,3255.75,3200.0,3255.75,3255.75,3200.0,24004.75,3484.6,11925,75,2,4834181.25,2,F1,75,,,,,
2025-01-03,2025-01-03,FO,NSE,IDO,67792,,NIFTY,,2028-12-28,2028-12-28,29000.0,CE,NIFTY28DEC29000CE,0.0,0.0,0.0,3645.75,0.0,3645.75,24004.75,3525.25,0,0,0,0.0,0,F1,75,,,,,
2025-01-03,2025-01-03,FO,NSE,IDO,86167,,NIFTY,,2028-06-29,2028-06-29,29000.0,CE,NIFTY28JUN29000CE,0.0,0.0,0.0,2333.25,0.0,2333.25,24004.75,2956.5,0,0,0,0.0,0,F1,75,,,,,
2025-01-03,2025-01-03,FO,NSE,IDO,86168,,NIFTY,,2028-06-29,2028-06-29,29000.0,PE,NIFTY28JUN29000PE,0.0,0.0,0.0,3595.9,0.0,3595.9,24004.75,1868.75,0,0,0,0.0,0,F1,75,,,,,
2025-01-03,2025-01-03,FO,NSE,IDO,64702,,NIFTY,,2025-09-25,2025-09-25,29000.0,CE,NIFTY25SEP29000CE,0.0,0.0,0.0,1377.55,0.0,1377.55,24004.75,164.95,0,0,0,0.0,0,F1,75,,,,,
2025-01-03,2025-01-03,FO,NSE,IDO,38154,,NIFTY,,2026-06-25,2026-06-25,29000.0,CE,NIFTY26JUN29000CE,0.0,0.0,0.0,864.2,0.0,864.2,24004.75,767.25,0,0,0,0.0,0,F1,75,,,,,
2025-01-03,2025-01-03,FO,NSE,IDO,64582,,NIFTY,,2025-03-27,2025-03-27,29000.0,CE,NIFTY25MAR29000CE,12.0,13.0,10.45,10.75,10.45,11.9,24004.75,10.75,286075,-5125,444,966081521.25,304,F1,75,,,,,
2025-01-03,2025-01-03,FO,NSE,IDO,57690,,NIFTY,,2025-02-27,2025-02-27,26150.0,PE,NIFTY25FEB26150PE,0.0,0.0,0.0,1981.75,0.0,1981.75,24004.75,1926.1,0,0,0,0.0,0,F1,75,,,,,
2025-01-03,2025-01-03,FO,NSE,IDO,52898,,NIFTY,,2025-01-16,2025-01-16,26150.0,CE,NIFTY2511626150CE,1.75,2.75,1.75,2.0,1.95,2.6,24004.75,2.0,2700,2625,260,509971533.75,151,F1,75,,,,,
2025-01-03,2025-01-03,FO,NSE,IDO,52658,,NIFTY,,2025-01-16,2025-01-16,23750.0,PE,NIFTY2511623750PE,112.6,134.65,86.25,123.35,124.85,101.05,24004.75,123.35,42600,25725,3245,5807420572.5,2108,F1,75,,,,,
2025-01-03,2025-01-03,FO,NSE,IDO,45049,,NIFTY,,2025-02-06,2025-02-06,24950.0,PE,NIFTY2520624950PE,0.0,0.0,0.0,836.4,0.0,836.4,24004.75,915.5,0,0,0,0.0,0,F1,75,,,,,
2025-01-03,2025-01-03,FO,NSE,IDO,38376,,NIFTY,,2025-12-24,2025-12-24,20000.0,CE,NIFTY25DEC20000CE,5150.0,5150.0,5150.0,5150.0,5150.0,5250.0,24004.75,5311.5,20550,-75,1,1886250.0,1,F1,75,,,,,
2025-01-03,2025-01-03,FO,NSE,IDO,54756,,NIFTY,,2025-01-23,2025-01-23,22600.0,CE,NIFTY2512322600CE,0.0,0.0,0.0,1563.05,0.0,1563.05,24004.75,1494.35,0,0,0,0.0,0,F1,75,,,,,
2025-01-03,2025-01-03,FO,NSE,IDO,44886,,NIFTY,,2025-02-06,2025-02-06,22600.0,CE,NIFTY2520622600CE,0.0,0.0,0.0,1779.95,0.0,1779.95,24004.75,1568.7,0,0,0,0.0,0,F1,75,,,,,
2025-01-03,2025-01-03,FO,NSE,IDO,43608,,NIFTY,,2025-01-30,2025-01-30,23250.0,CE,NIFTY25JAN23250CE,0.0,0.0,0.0,1094.6,1089.05,1094.6,24004.75,943.6,4300,0,0,0.0,0,F1,25,,,,,
2025-01-03,2025-01-03,FO,NSE,IDO,48084,,NIFTY,,2025-01-09,2025-01-09,23250.0,PE,NIFTY2510923250PE,13.0,13.7,5.5,7.15,7.05,13.1,24004.75,7.15,1091625,645225,167860,292812558735.0,51520,F1,75,,,,,
2025-01-03,2025-01-03,FO,NSE,IDO,55623,,NIFTY,,2025-02-27,2025-02-27,22600.0,CE,NIFTY25FEB22600CE,0.0,0.0,0.0,1908.75,0.0,1908.75,24004.75,1685.35,0,0,0,0.0,0,F1,75,,,,,
2025-01-03,2025-01-03,FO,NSE,IDO,52488,,NIFTY,,2025-01-16,2025-01-16,22600.0,PE,NIFTY2511622600PE,9.3,9.3,4.95,5.4,4.95,9.25,24004.75,5.4,49350,16650,3213,5447503856.25,2003,F1,75,,,,,
2025-01-03,2025-01-03,FO,NSE,IDO,44936,,NIFTY,,2025-02-06,2025-02-06,23250.0,PE,NIFTY2520623250PE,0.0,0.0,0.0,111.6,0.0,111.6,24004.75,94.7,0,0,0,0.0,0,F1,75,,,,,
2025-01-03,2025-01-03,FO,NSE,IDO,49835,,NIFTY,,2025-03-27,2025-03-27,23250.0,PE,NIFTY25MAR23250PE,0.0,0.0,0.0,382.05,0.0,382.05,24004.75,207.15,0,0,0,0.0,0,F1,75,,,,,
2025-01-03,2025-01-03,FO,NSE,IDO,52487,,NIFTY,,2025-01-16,2025-01-16,22600.0,CE,NIFTY2511622600CE,0.0,0.0,0.0,2123.8,0.0,2123.8,24004.75,1460.45,0,0,0,0.0,0,F1,75,,,,,
2025-01-03,2025-01-03,FO,NSE,IDO,46439,,NIFTY,,2025-01-30,2025-01-30,25050.0,PE,NIFTY25JAN25050PE,955.8,955.8,955.0,955.0,955.0,872.7,24004.75,993.65,9375,0,4,2600520.0,2,F1,25,,,,,
2025-01-03,2025-01-03,FO,NSE,IDO,55070,,NIFTY,,2025-01-23,2025-01-23,25050.0,PE,NIFTY2512325050PE,0.0,0.0,0.0,1083.65,0.0,1083.65,24004.75,994.65,0,0,0,0.0,0,F1,75,,,,,
2025-01-03,2025-01-03,FO,NSE,IDO,45054,,NIFTY,,2025-02-06,2025-02-06,25050.0,PE,NIFTY2520625050PE,0.0,0.0,0.0,906.65,0.0,906.65,24004.75,995.1,0,0,0,0.0,0,F1,75,,,,,
2025-01-03,2025-01-03,FO,NSE,IDO,57715,,NIFTY,,2025-02-27,2025-02-27,26500.0,PE,NIFTY25FEB26500PE,2158.8,2250.0,2103.95,2241.35,2240.0,2052.05,24004.75,2241.35,115350,150,163,351097552.5,53,F1,75,,,,,
2025-01-03,2025-01-03,FO,NSE,IDO,52912,,NIFTY,,2025-01-16,2025-01-16,26500.0,CE,NIFTY2511626500CE,2.25,3.1,1.5,1.7,1.55,2.2,24004.75,1.7,386250,274125,9160,18207013968.75,1943,F1,75,,,,,
2025-01-03,2025-01-03,FO,NSE,IDO,57602,,NIFTY,,2025-02-27,2025-02-27,24000.0,PE,NIFTY25FEB24000PE,359.95,408.0,343.8,398.4,402.4,348.2,24004.75,398.4,771900,42225,7054,12899222205.0,4686,F1,75,,,,,
2025-01-03,2025-01-03,FO,NSE,IDO,43215,,NIFTY,,2025-01-30,2025-01-30,22000.0,CE,NIFTY25JAN22000CE,2235.0,2235.0,2067.2,2086.25,2068.05,2270.85,24004.75,2086.25,988100,2000,2256,1361324873.75,755,F1,25,,,,,
2025-01-03,2025-01-03,FO,NSE,IDO,71556,,NIFTY,,2027-06-24,2027-06-24,22000.0,CE,NIFTY27JUN22000CE,0.0,0.0,0.0,2783.5,0.0,2783.5,24004.75,5644.6,0,0,0,0.0,0,F1,75,,,,,
2025-01-03,2025-01-03,FO,NSE,IDO,46343,,NIFTY,,2025-01-30,2025-01-30,24000.0,CE,NIFTY25JAN24000CE,500.05,525.05,386.0,397.0,390.0,523.0,24004.75,397.0,3857250,157875,151699,92667020083.75,50204,F1,25,,,,,
2025-01-03,2025-01-03,FO,NSE,IDO,58627,,NIFTY,,2026-06-25,2026-06-25,22000.0,PE,NIFTY26JUN22000PE,0.0,0.0,0.0,3829.5,0.0,3829.5,24004.75,233.4,0,0,0,0.0,0,F1,75,,,,,
2025-01-03,2025-01-03,FO,NSE,IDO,58626,,NIFTY,,2026-06-25,2026-06-25,22000.0,CE,NIFTY26JUN22000CE,0.0,0.0,0.0,2722.55,0.0,2722.55,24004.75,4321.6,0,0,0,0.0,0,F1,75,,,,,
2025-01-03,2025-01-03,FO,NSE,IDO,44989,,NIFTY,,2025-02-06,2025-02-06,24000.0,PE,NIFTY2520624000PE,367.4,370.9,303.65,364.35,370.9,320.95,24004.75,364.35,4050,4050,85,155160191.25,61,F1,75,,,,,
2025-01-03,2025-01-03,FO,NSE,IDO,64553,,NIFTY,,2025-03-27,2025-03-27,18000.0,PE,NIFTY25MAR18000PE,7.0,7.0,5.3,5.6,5.8,6.65,24004.75,5.6,301900,8050,959,1295074342.5,457,F1,75,,,,,
2025-01-03,2025-01-03,FO,NSE,IDO,48226,,NIFTY,,2025-01-09,2025-01-09,26150.0,PE,NIFTY2510926150PE,0.0,0.0,0.0,1370.85,0.0,1370.85,24004.75,2116.25,0,0,0,0.0,0,F1,75,,,,,
2025-01-03,2025-01-03,FO,NSE,IDO,48165,,NIFTY,,2025-01-09,2025-01-09,24800.0,CE,NIFTY2510924800CE,13.0,14.5,3.5,4.1,3.7,12.55,24004.75,4.1,7078350,3977625,666767,1240559866623.75,191971,F1,75,,,,,
2025-01-03,2025-01-03,FO,NSE,IDO,56547,,NIFTY,,2025-03-27,2025-03-27,24800.0,PE,NIFTY25MAR24800PE,0.0,0.0,0.0,1116.85,0.0,1116.85,24004.75,857.8,0,0,0,0.0,0,F1,75,,,,,
2025-01-03,2025-01-03,FO,NSE,IDO,57634,,NIFTY,,2025-02-27,2025-02-27,24800.0,PE,NIFTY25FEB24800PE,702.5,805.0,702.5,765.0,765.0,706.2,24004.75,829.3,12000,-150,88,168718533.75,54,F1,75,,,,,
2025-01-03,2025-01-03,FO,NSE,IDO,55058,,NIFTY,,2025-01-23,2025-01-23,24800.0,PE,NIFTY2512324800PE,0.0,0.0,0.0,896.95,0.0,896.95,24004.75,780.7,0,0,0,0.0,0,F1,75,,,,,
2025-01-03,2025-01-03,FO,NSE,IDO,57671,,NIFTY,,2025-02-27,2025-02-27,25700.0,CE,NIFTY25FEB25700CE,86.6,86.6,58.85,65.6,67.5,90.5,24004.75,65.6,24150,7950,312,603086557.5,181,F1,75,,,,,
2025-01-03,2025-01-03,FO,NSE,IDO,45104,,NIFTY,,2025-02-06,2025-02-06,25650.0,PE,NIFTY2520625650PE,0.0,0.0,0.0,1379.45,0.0,1379.45,24004.75,1518.65,0,0,0,0.0,0,F1,75,,,,,
2025-01-03,2025-01-03,FO,NSE,IDO,45097,,NIFTY,,2025-02-06,2025-02-06,25650.0,CE,NIFTY2520625650CE,0.0,0.0,0.0,96.5,0.0,96.5,24004.75,34.2,0,0,0,0.0,0,F1,75,,,,,
2025-01-03,2025-01-03,FO,NSE,IDO,46495,,NIFTY,,2025-01-30,2025-01-30,25650.0,PE,NIFTY25JAN25650PE,0.0,0.0,0.0,1750.0,1750.0,1750.0,24004.75,1536.15,850,0,0,0.0,0,F1,25,,,,,
2025-01-03,2025-01-03,FO,NSE,IDO,55108,,NIFTY,,2025-01-23,2025-01-23,25650.0,PE,NIFTY2512325650PE,0.0,0.0,0.0,1585.75,0.0,1585.75,24004.75,1557.95,0,0,0,0.0,0,F1,75,,,,,
2025-01-03,2025-01-03,FO,NSE,IDO,54779,,NIFTY,,2025-01-23,2025-01-23,23050.0,PE,NIFTY2512323050PE,0.0,0.0,0.0,117.65,0.0,117.65,24004.75,28.1,0,0,0,0.0,0,F1,75,,,,,
2025-01-03,2025-01-03,FO,NSE,IDO,48065,,NIFTY,,2025-01-09,2025-01-09,23050.0,CE,NIFTY2510923050CE,0.0,0.0,0.0,1853.9,0.0,1853.9,24004.75,981.45,0,0,0,0.0,0,F1,75,,,,,
2025-01-03,2025-01-03,FO,NSE,IDO,48346,,NIFTY,,2025-03-27,2025-03-27,23050.0,PE,NIFTY25MAR23050PE,0.0,0.0,0.0,321.4,0.0,321.4,24004.75,163.2,0,0,0,0.0,0,F1,75,,,,,
2025-01-03,2025-01-03,FO,NSE,IDO,55642,,NIFTY,,2025-02-27,2025-02-27,23050.0,PE,NIFTY25FEB23050PE,140.0,140.0,140.0,140.0,140.0,145.0,24004.75,111.05,5100,0,1,1739250.0,1,F1,75,,,,,
2025-01-03,2025-01-03,FO,NSE,IDO,58629,,NIFTY,,2026-12-31,2026-12-31,12000.0,PE,NIFTY26DEC12000PE,0.0,0.0,0.0,20.05,20.05,20.05,24004.75,0.05,800,0,0,0.0,0,F1,75,,,,,
2025-01-03,2025-01-03,FO,NSE,IDO,58624,,NIFTY,,2026-06-25,2026-06-25,12000.0,CE,NIFTY26JUN12000CE,0.0,0.0,0.0,8690.0,8690.0,8690.0,24004.75,13141.2,50,0,0,0.0,0,F1,75,,,,,
2025-01-03,2025-01-03,FO,NSE,IDO,58625,,NIFTY,,2026-06-25,2026-06-25,12000.0,PE,NIFTY26JUN12000PE,0.0,0.0,0.0,20.05,20.05,20.05,24004.75,0.05,400,0,0,0.0,0,F1,75,,,,,
2025-01-03,2025-01-03,FO,NSE,IDO,50545,,NIFTY,,2026-06-25,2026-06-25,28000.0,CE,NIFTY26JUN28000CE,0.0,0.0,0.0,1533.95,0.0,1533.95,24004.75,1040.9,0,0,0,0.0,0,F1,75,,,,,
2025-01-03,2025-01-03,FO,NSE,IDO,50548,,NIFTY,,2026-12-31,2026-12-31,28000.0,PE,NIFTY26DEC28000PE,0.0,0.0,0.0,6224.8,0.0,6224.8,24004.75,2101.4,0,0,0,0.0,0,F1,75,,,,,
2025-01-03,2025-01-03,FO,NSE,IDO,86166,,NIFTY,,2028-06-29,2028-06-29,28000.0,PE,NIFTY28JUN28000PE,0.0,0.0,0.0,3161.35,0.0,3161.35,24004.75,1512.5,0,0,0,0.0,0,F1,75,,,,,
2025-01-03,2025-01-03,FO,NSE,IDO,53633,,NIFTY,,2027-12-30,2027-12-30,28000.0,CE,NIFTY27DEC28000CE,0.0,0.0,0.0,2639.2,0.0,2639.2,24004.75,2801.8,0,0,0,0.0,0,F1,75,,,,,
2025-01-03,2025-01-03,FO,NSE,IDO,67791,,NIFTY,,2028-12-28,2028-12-28,28000.0,PE,NIFTY28DEC28000PE,0.0,0.0,0.0,1697.6,0.0,1697.6,24004.75,1364.25,0,0,0,0.0,0,F1,75,,,,,
2025-01-03,2025-01-03,FO,NSE,IDO,89638,,NIFTY,,2029-06-28,2029-06-28,28000.0,CE,NIFTY29JUN28000CE,0.0,0.0,0.0,6112.6,0.0,6112.6,24004.75,4551.35,0,0,0,0.0,0,F1,75,,,,,
2025-01-03,2025-01-03,FO,NSE,IDO,64579,,NIFTY,,2025-03-27,2025-03-27,28000.0,PE,NIFTY25MAR28000PE,3460.0,3530.8,3380.7,3513.3,3530.0,3370.0,24004.75,3513.3,256375,-75,70,165141986.25,56,F1,75,,,,,
2025-01-03,2025-01-03,FO,NSE,IDO,61858,,NIFTY,,2029-12-27,2029-12-27,28000.0,CE,NIFTY29DEC28000CE,0.0,0.0,0.0,5741.5,0.0,5741.5,24004.75,5119.15,0,0,0,0.0,0,F1,75,,,,,
2025-01-03,2025-01-03,FO,NSE,IDO,89639,,NIFTY,,2029-06-28,2029-06-28,28000.0,PE,NIFTY29JUN28000PE,0.0,0.0,0.0,1488.1,0.0,1488.1,24004.75,1232.9,0,0,0,0.0,0,F1,75,,,,,
2025-01-03,2025-01-03,FO,NSE,IDO,67790,,NIFTY,,2028-12-28,2028-12-28,28000.0,CE,NIFTY28DEC28000CE,0.0,0.0,0.0,4027.15,0.0,4027.15,24004.75,3974.6,0,0,0,0.0,0,F1,75,,,,,
2025-01-03,2025-01-03,FO,NSE,IDO,53635,,NIFTY,,2027-12-30,2027-12-30,28000.0,PE,NIFTY27DEC28000PE,0.0,0.0,0.0,4251.0,0.0,4251.0,24004.75,1681.2,0,0,0,0.0,0,F1,75,,,,,
2025-01-03,2025-01-03,FO,NSE,IDO,46589,,NIFTY,,2025-01-30,2025-01-30,26100.0,PE,NIFTY25JAN26100PE,1867.8,1867.8,1867.8,1867.8,1867.8,1834.65,24004.75,1970.85,25275,25,1,699195.0,1,F1,25,,,,,
2025-01-03,2025-01-03,FO,NSE,IDO,48223,,NIFTY,,2025-01-09,2025-01-09,26100.0,CE,NIFTY2510926100CE,1.3,1.45,0.65,0.75,0.65,1.3,24004.75,0.75,837825,730875,54473,106635225510.0,11279,F1,75,,,,,
2025-01-03,2025-01-03,FO,NSE,IDO,48224,,NIFTY,,2025-01-09,2025-01-09,26100.0,PE,NIFTY2510926100PE,0.0,0.0,0.0,2115.0,2115.0,2115.0,24004.75,2066.3,2325,0,0,0.0,0,F1,75,,,,,
2025-01-03,2025-01-03,FO,NSE,IDO,50556,,NIFTY,,2026-06-25,2026-06-25,18000.0,CE,NIFTY26JUN18000CE,0.0,0.0,0.0,7400.0,7400.0,7400.0,24004.75,7719.9,100,0,0,0.0,0,F1,75,,,,,
2025-01-03,2025-01-03,FO,NSE,IDO,38373,,NIFTY,,2025-06-26,2025-06-26,20000.0,CE,NIFTY25JUN20000CE,0.0,0.0,0.0,3180.85,0.0,3180.85,24004.75,4645.85,0,0,0,0.0,0,F1,75,,,,,
2025-01-03,2025-01-03,FO,NSE,IDO,54717,,NIFTY,,2025-01-23,2025-01-23,22400.0,CE,NIFTY2512322400CE,0.0,0.0,0.0,1744.25,0.0,1744.25,24004.75,1690.25,0,0,0,0.0,0,F1,75,,,,,
2025-01-03,2025-01-03,FO,NSE,IDO,55080,,NIFTY,,2025-01-23,2025-01-23,25150.0,PE,NIFTY2512325150PE,0.0,0.0,0.0,1162.45,0.0,1162.45,24004.75,1084.6,0,0,0,0.0,0,F1,75,,,,,
2025-01-03,2025-01-03,FO,NSE,IDO,55079,,NIFTY,,2025-01-23,2025-01-23,25150.0,CE,NIFTY2512325150CE,38.3,38.3,18.65,19.05,18.8,38.3,24004.75,19.05,6000,2850,80,151027173.75,57,F1,75,,,,,
2025-01-03,2025-01-03,FO,NSE,IDO,43239,,NIFTY,,2025-01-30,2025-01-30,22400.0,CE,NIFTY25JAN22400CE,0.0,0.0,0.0,1670.0,1670.0,1670.0,24004.75,1723.5,600,0,0,0.0,0,F1,25,,,,,
2025-01-03,2025-01-03,FO,NSE,IDO,57686,,NIFTY,,2025-02-27,2025-02-27,26050.0,PE,NIFTY25FEB26050PE,0.0,0.0,0.0,1902.05,0.0,1902.05,24004.75,1834.85,0,0,0,0.0,0,F1,75,,,,,
2025-01-03,2025-01-03,FO,NSE,IDO,55644,,NIFTY,,2025-02-27,2025-02-27,23100.0,PE,NIFTY25FEB23100PE,143.0,155.8,128.0,153.3,155.8,133.95,24004.75,153.3,67575,-6300,777,1354238887.5,408,F1,75,,,,,
2025-01-03,2025-01-03,FO,NSE,IDO,44925,,NIFTY,,2025-02-06,2025-02-06,23100.0,CE,NIFTY2520623100CE,0.0,0.0,0.0,1336.3,0.0,1336.3,24004.75,1119.7,0,0,0,0.0,0,F1,75,,,,,
2025-01-03,2025-01-03,FO,NSE,IDO,48348,,NIFTY,,2025-03-27,2025-03-27,23100.0,PE,NIFTY25MAR23100PE,196.95,204.1,176.5,202.25,202.95,180.05,24004.75,202.25,14325,4050,185,323155935.0,106,F1,75,,,,,
2025-01-03,2025-01-03,FO,NSE,IDO,44928,,NIFTY,,2025-02-06,2025-02-06,23100.0,PE,NIFTY2520623100PE,0.0,0.0,0.0,86.95,0.0,86.95,24004.75,70.2,0,0,0,0.0,0,F1,75,,,,,
2025-01-03,2025-01-03,FO,NSE,IDO,64584,,NIFTY,,2025-03-27,2025-03-27,30000.0,CE,NIFTY25MAR30000CE,10.15,10.8,9.4,9.9,9.8,10.75,24004.75,9.9,244075,-8025,779,1753333327.5,264,F1,75,,,,,
2025-01-03,2025-01-03,FO,NSE,IDO,45675,,NIFTY,,2025-01-30,2025-01-30,23300.0,PE,NIFTY25JAN23300PE,85.05,102.55,73.4,96.9,102.55,83.2,24004.75,96.9,1080975,62800,33981,19869071011.25,11154,F1,25,,,,,
2025-01-03,2025-01-03,FO,NSE,IDO,51118,,NIFTY,,2025-03-27,2025-03-27,23300.0,CE,NIFTY25MAR23300CE,0.0,0.0,0.0,1269.4,0.0,1269.4,24004.75,1279.0,0,0,0,0.0,0,F1,75,,,,,
2025-01-03,2025-01-03,FO,NSE,IDO,44949,,NIFTY,,2025-02-06,2025-02-06,23300.0,PE,NIFTY2520623300PE,0.0,0.0,0.0,120.95,0.0,120.95,24004.75,104.2,0,0,0,0.0,0,F1,75,,,,,
2025-01-03,2025-01-03,FO,NSE,IDO,48085,,NIFTY,,2025-01-09,2025-01-09,23300.0,CE,NIFTY2510923300CE,880.65,890.1,690.2,702.25,690.2,905.75,24004.75,702.25,40875,-5625,488,880506836.25,277,F1,75,,,,,
2025-01-03,2025-01-03,FO,NSE,IDO,64591,,NIFTY,,2025-03-27,2025-03-27,30000.0,PE,NIFTY25MAR30000PE,5360.0,5478.65,5360.0,5419.4,5419.4,5304.9,24004.75,5538.6,32700,-100,19,50451468.75,9,F1,75,,,,,
2025-01-03,2025-01-03,FO,NSE,IDO,35221,,NIFTY,,2025-12-24,2025-12-24,30000.0,CE,NIFTY25DEC30000CE,163.0,163.0,146.5,148.0,148.0,160.7,24004.75,148.0,37275,-1375,59,133418591.25,40,F1,75,,,,,
2025-01-03,2025-01-03,FO,NSE,IDO,44236,,NIFTY,,2025-01-30,2025-01-30,23300.0,CE,NIFTY25JAN23300CE,1017.85,1044.3,876.75,892.65,880.45,1055.3,24004.75,892.65,112600,-4350,686,415592392.5,232,F1,25,,,,,
2025-01-03,2025-01-03,FO,NSE,IDO,57635,,NIFTY,,2025-02-27,2025-02-27,24850.0,CE,NIFTY25FEB24850CE,258.95,280.7,251.15,252.15,251.55,320.0,24004.75,252.15,7800,5025,140,263690595.0,67,F1,75,,,,,
2025-01-03,2025-01-03,FO,NSE,IDO,48168,,NIFTY,,2025-01-09,2025-01-09,24850.0,PE,NIFTY2510924850PE,708.8,868.0,708.8,862.65,844.1,662.5,24004.75,862.65,2550,375,29,55817231.25,24,F1,75,,,,,
2025-01-03,2025-01-03,FO,NSE,IDO,56566,,NIFTY,,2025-03-27,2025-03-27,24850.0,CE,NIFTY25MAR24850CE,0.0,0.0,0.0,497.3,0.0,497.3,24004.75,421.75,0,0,0,0.0,0,F1,75,,,,,
2025-01-03,2025-01-03,FO,NSE,IDO,54725,,NIFTY,,2025-03-27,2025-03-27,24050.0,CE,NIFTY25MAR24050CE,808.95,808.95,808.95,808.95,808.95,836.5,24004.75,791.25,75,75,1,1864421.25,1,F1,75,,,,,
2025-01-03,2025-01-03,FO,NSE,IDO,46353,,NIFTY,,2025-01-30,2025-01-30,24050.0,PE,NIFTY25JAN24050PE,273.55,332.85,254.1,320.5,326.05,258.7,24004.75,320.5,104375,24875,12838,7815283688.75,5315,F1,25,,,,,
2025-01-03,2025-01-03,FO,NSE,IDO,55611,,NIFTY,,2025-02-27,2025-02-27,22300.0,CE,NIFTY25FEB22300CE,0.0,0.0,0.0,2152.85,0.0,2152.85,24004.75,1959.6,0,0,0,0.0,0,F1,75,,,,,
2025-01-03,2025-01-03,FO,NSE,IDO,48178,,NIFTY,,2025-01-09,2025-01-09,25100.0,PE,NIFTY2510925100PE,933.0,1092.25,933.0,1092.25,1092.25,909.95,24004.75,1092.25,3900,150,13,25472966.25,11,F1,75,,,,,
2025-01-03,2025-01-03,FO,NSE,IDO,46448,,NIFTY,,2025-01-30,2025-01-30,25100.0,CE,NIFTY25JAN25100CE,61.65,63.75,36.65,38.6,36.65,64.9,24004.75,38.6,706400,108300,42487,26710872097.5,17640,F1,25,,,,,
2025-01-03,2025-01-03,FO,NSE,IDO,46365,,NIFTY,,2025-01-30,2025-01-30,24350.0,PE,NIFTY25JAN24350PE,405.55,488.65,390.65,476.05,488.65,384.85,24004.75,476.05,78250,7800,2625,1626904538.75,1160,F1,25,,,,,
2025-01-03,2025-01-03,FO,NSE,IDO,45019,,NIFTY,,2025-02-06,2025-02-06,24350.0,PE,NIFTY2520624350PE,0.0,0.0,0.0,477.2,0.0,477.2,24004.75,503.2,0,0,0,0.0,0,F1,75,,,,,
2025-01-03,2025-01-03,FO,NSE,IDO,57616,,NIFTY,,2025-02-27,2025-02-27,24350.0,PE,NIFTY25FEB24350PE,530.85,552.5,530.85,545.6,545.6,475.95,24004.75,558.05,5700,-225,16,29871592.5,11,F1,75,,,,,
2025-01-03,2025-01-03,FO,NSE,IDO,57615,,NIFTY,,2025-02-27,2025-02-27,24350.0,CE,NIFTY25FEB24350CE,466.65,497.55,452.85,457.1,457.1,541.1,24004.75,457.1,9900,1050,65,120972738.75,25,F1,75,,,,,
2025-01-03,2025-01-03,FO,NSE,IDO,45018,,NIFTY,,2025-02-06,2025-02-06,24350.0,CE,NIFTY2520624350CE,453.8,453.8,350.0,352.1,352.4,485.25,24004.75,352.1,825,825,13,24099738.75,8,F1,75,,,,,
2025-01-03,2025-01-03,FO,NSE,IDO,52729,,NIFTY,,2025-01-16,2025-01-16,24350.0,PE,NIFTY2511624350PE,342.95,437.25,327.35,425.4,435.05,321.85,24004.75,425.4,5850,300,625,1159009278.75,399,F1,75,,,,,
2025-01-03,2025-01-03,FO,NSE,IDO,55643,,NIFTY,,2025-02-27,2025-02-27,23100.0,CE,NIFTY25FEB23100CE,0.0,0.0,0.0,1532.3,0.0,1532.3,24004.75,1258.5,0,0,0,0.0,0,F1,75,,,,,
2025-01-03,2025-01-03,FO,NSE,IDO,48347,,NIFTY,,2025-03-27,2025-03-27,23100.0,CE,NIFTY25MAR23100CE,0.0,0.0,0.0,1217.55,1217.55,1217.55,24004.75,1430.05,5550,0,0,0.0,0,F1,75,,,,,
2025-01-03,2025-01-03,FO,NSE,IDO,52534,,NIFTY,,2025-01-16,2025-01-16,23100.0,PE,NIFTY2511623100PE,26.45,27.5,15.0,20.3,19.3,24.7,24004.75,20.3,103500,51750,6868,11909561861.25,4275,F1,75,,,,,
2025-01-03,2025-01-03,FO,NSE,IDO,64685,,NIFTY,,2025-09-25,2025-09-25,20000.0,PE,NIFTY25SEP20000PE,0.0,0.0,0.0,22.8,0.0,22.8,24004.75,21.3,0,0,0,0.0,0,F1,75,,,,,
2025-01-03,2025-01-03,FO,NSE,IDO,67774,,NIFTY,,2028-12-28,2028-12-28,20000.0,CE,NIFTY28DEC20000CE,0.0,0.0,0.0,8115.5,0.0,8115.5,24004.75,8826.9,0,0,0,0.0,0,F1,75,,,,,
2025-01-03,2025-01-03,FO,NSE,IDO,38380,,NIFTY,,2026-06-25,2026-06-25,20000.0,PE,NIFTY26JUN20000PE,0.0,0.0,0.0,3159.75,0.0,3159.75,24004.75,61.95,0,0,0,0.0,0,F1,75,,,,,
2025-01-03,2025-01-03,FO,NSE,IDO,53607,,NIFTY,,2027-12-30,2027-12-30,20000.0,CE,NIFTY27DEC20000CE,0.0,0.0,0.0,5333.85,0.0,5333.85,24004.75,7758.75,0,0,0,0.0,0,F1,75,,,,,
2025-01-03,2025-01-03,FO,NSE,IDO,48171,,NIFTY,,2025-01-09,2025-01-09,24950.0,CE,NIFTY2510924950CE,5.6,7.05,2.0,2.4,2.25,5.6,24004.75,2.4,1336950,886650,349510,654129877312.5,88944,F1,75,,,,,
2025-01-03,2025-01-03,FO,NSE,IDO,54767,,NIFTY,,2025-01-23,2025-01-23,22750.0,PE,NIFTY2512322750PE,0.0,0.0,0.0,70.75,0.0,70.75,24004.75,10.6,0,0,0,0.0,0,F1,75,,,,,
2025-01-03,2025-01-03,FO,NSE,IDO,54708,,NIFTY,,2025-01-23,2025-01-23,22200.0,CE,NIFTY2512322200CE,0.0,0.0,0.0,1930.4,0.0,1930.4,24004.75,1887.9,0,0,0,0.0,0,F1,75,,,,,
2025-01-03,2025-01-03,FO,NSE,IDO,43226,,NIFTY,,2025-01-30,2025-01-30,22200.0,PE,NIFTY25JAN22200PE,15.0,15.0,10.8,13.45,14.3,15.0,24004.75,13.45,255725,-45625,18634,10348036787.5,4301,F1,25,,,,,
2025-01-03,2025-01-03,FO,NSE,IDO,48030,,NIFTY,,2025-01-09,2025-01-09,22200.0,PE,NIFTY2510922200PE,2.05,2.5,0.65,0.75,0.8,2.55,24004.75,0.75,859875,-420750,50353,83842685332.5,10018,F1,75,,,,,
2025-01-03,2025-01-03,FO,NSE,IDO,52765,,NIFTY,,2025-01-16,2025-01-16,24500.0,CE,NIFTY2511624500CE,148.0,148.0,66.0,69.65,68.0,133.35,24004.75,69.65,776100,316800,45607,84104735452.5,23863,F1,75,,,,,
2025-01-03,2025-01-03,FO,NSE,IDO,52788,,NIFTY,,2025-01-16,2025-01-16,24500.0,PE,NIFTY2511624500PE,433.1,548.45,417.15,536.9,546.75,407.5,24004.75,536.9,82800,27975,2457,4604288662.5,1712,F1,75,,,,,
2025-01-03,2025-01-03,FO,NSE,IDO,53613,,NIFTY,,2027-12-30,2027-12-30,21000.0,CE,NIFTY27DEC21000CE,0.0,0.0,0.0,4902.4,0.0,4902.4,24004.75,7006.5,0,0,0,0.0,0,F1,75,,,,,
2025-01-03,2025-01-03,FO,NSE,IDO,71553,,NIFTY,,2027-06-24,2027-06-24,21000.0,CE,NIFTY27JUN21000CE,0.0,0.0,0.0,3061.8,0.0,3061.8,24004.75,6391.15,0,0,0,0.0,0,F1,75,,,,,
2025-01-03,2025-01-03,FO,NSE,IDO,58646,,NIFTY,,2026-12-31,2026-12-31,21000.0,CE,NIFTY26DEC21000CE,0.0,0.0,0.0,3356.25,0.0,3356.25,24004.75,5795.4,0,0,0,0.0,0,F1,75,,,,,
2025-01-03,2025-01-03,FO,NSE,IDO,64686,,NIFTY,,2025-09-25,2025-09-25,21000.0,CE,NIFTY25SEP21000CE,0.0,0.0,0.0,6742.1,0.0,6742.1,24004.75,4071.65,0,0,0,0.0,0,F1,75,,,,,
2025-01-03,2025-01-03,FO,NSE,IDO,58647,,NIFTY,,2026-12-31,2026-12-31,21000.0,PE,NIFTY26DEC21000PE,0.0,0.0,0.0,317.05,317.05,317.05,24004.75,148.85,1025,0,0,0.0,0,F1,75,,,,,
2025-01-03,2025-01-03,FO,NSE,IDO,46585,,NIFTY,,2025-01-30,2025-01-30,26050.0,PE,NIFTY25JAN26050PE,0.0,0.0,0.0,1474.1,1472.75,1474.1,24004.75,1921.95,75,0,0,0.0,0,F1,25,,,,,
2025-01-03,2025-01-03,FO,NSE,IDO,51451,,NIFTY,,2025-12-24,2025-12-24,21000.0,CE,NIFTY25DEC21000CE,0.0,0.0,0.0,4400.0,4400.0,4400.0,24004.75,4427.5,1725,0,0,0.0,0,F1,75,,,,,
2025-01-03,2025-01-03,FO,NSE,IDO,52894,,NIFTY,,2025-01-16,2025-01-16,26050.0,CE,NIFTY2511626050CE,3.35,3.35,1.85,2.05,1.95,2.7,24004.75,2.05,2475,600,172,336075585.0,93,F1,75,,,,,
2025-01-03,2025-01-03,FO,NSE,IDO,86145,,NIFTY,,2028-06-29,2028-06-29,21000.0,CE,NIFTY28JUN21000CE,0.0,0.0,0.0,5226.55,0.0,5226.55,24004.75,7574.6,0,0,0,0.0,0,F1,75,,,,,
2025-01-03,2025-01-03,FO,NSE,IDO,57685,,NIFTY,,2025-02-27,2025-02-27,26050.0,CE,NIFTY25FEB26050CE,42.05,45.15,36.4,39.5,38.75,55.8,24004.75,39.5,3825,-1125,109,213305231.25,38,F1,75,,,,,
2025-01-03,2025-01-03,FO,NSE,IDO,57708,,NIFTY,,2025-02-27,2025-02-27,26400.0,CE,NIFTY25FEB26400CE,26.0,26.0,21.4,21.95,22.85,28.75,24004.75,21.95,19650,9750,399,790714706.25,172,F1,75,,,,,
2025-01-03,2025-01-03,FO,NSE,IDO,46626,,NIFTY,,2025-01-30,2025-01-30,26400.0,CE,NIFTY25JAN26400CE,6.05,6.6,5.35,5.55,5.5,6.8,24004.75,5.55,156775,-1875,23381,15435034710.0,3281,F1,25,,,,,
2025-01-03,2025-01-03,FO,NSE,IDO,44959,,NIFTY,,2025-02-06,2025-02-06,23450.0,CE,NIFTY2520623450CE,0.0,0.0,0.0,1054.25,0.0,1054.25,24004.75,838.85,0,0,0,0.0,0,F1,75,,,,,
2025-01-03,2025-01-03,FO,NSE,IDO,46238,,NIFTY,,2025-01-30,2025-01-30,23450.0,PE,NIFTY25JAN23450PE,109.05,133.45,97.0,127.05,132.85,105.65,24004.75,127.05,85750,9325,5545,3266493853.75,1721,F1,25,,,,,
2025-01-03,2025-01-03,FO,NSE,IDO,54965,,NIFTY,,2025-01-23,2025-01-23,23450.0,CE,NIFTY2512323450CE,0.0,0.0,0.0,878.4,0.0,878.4,24004.75,724.35,0,0,0,0.0,0,F1,75,,,,,
2025-01-03,2025-01-03,FO,NSE,IDO,56738,,NIFTY,,2025-02-27,2025-02-27,23450.0,PE,NIFTY25FEB23450PE,0.0,0.0,0.0,302.7,302.6,302.7,24004.75,198.75,2775,0,0,0.0,0,F1,75,,,,,
2025-01-03,2025-01-03,FO,NSE,IDO,48093,,NIFTY,,2025-01-09,2025-01-09,23450.0,PE,NIFTY2510923450PE,22.5,26.5,10.65,17.25,18.15,22.55,24004.75,17.25,1075050,626475,277877,489084983636.25,94567,F1,75,,,,,
2025-01-03,2025-01-03,FO,NSE,IDO,51124,,NIFTY,,2025-03-27,2025-03-27,23450.0,CE,NIFTY25MAR23450CE,0.0,0.0,0.0,1173.95,0.0,1173.95,24004.75,1171.15,0,0,0,0.0,0,F1,75,,,,,
2025-01-03,2025-01-03,FO,NSE,IDO,55113,,NIFTY,,2025-01-23,2025-01-23,25750.0,CE,NIFTY2512325750CE,0.0,0.0,0.0,56.55,0.0,56.55,24004.75,5.3,0,0,0,0.0,0,F1,75,,,,,
2025-01-03,2025-01-03,FO,NSE,IDO,52881,,NIFTY,,2025-01-16,2025-01-16,25750.0,PE,NIFTY2511625750PE,0.0,0.0,0.0,1170.65,0.0,1170.65,24004.75,1684.25,0,0,0,0.0,0,F1,75,,,,,
2025-01-03,2025-01-03,FO,NSE,IDO,43249,,NIFTY,,2025-01-30,2025-01-30,22650.0,CE,NIFTY25JAN22650CE,0.0,0.0,0.0,1992.95,1991.45,1992.95,24004.75,1483.2,175,0,0,0.0,0,F1,25,,,,,
2025-01-03,2025-01-03,FO,NSE,IDO,43254,,NIFTY,,2025-01-30,2025-01-30,22650.0,PE,NIFTY25JAN22650PE,29.0,31.9,22.85,30.5,31.6,29.45,24004.75,30.5,47475,6225,3649,2068837585.0,999,F1,25,,,,,
2025-01-03,2025-01-03,FO,NSE,IDO,55625,,NIFTY,,2025-02-27,2025-02-27,22650.0,CE,NIFTY25FEB22650CE,0.0,0.0,0.0,1869.3,0.0,1869.3,24004.75,1640.8,0,0,0,0.0,0,F1,75,,,,,
2025-01-03,2025-01-03,FO,NSE,IDO,54761,,NIFTY,,2025-01-23,2025-01-23,22650.0,PE,NIFTY2512322650PE,0.0,0.0,0.0,21.85,21.85,21.85,24004.75,7.4,225,0,0,0.0,0,F1,75,,,,,
2025-01-03,2025-01-03,FO,NSE,IDO,54762,,NIFTY,,2025-01-23,2025-01-23,22700.0,CE,NIFTY2512322700CE,0.0,0.0,0.0,1474.7,0.0,1474.7,24004.75,1397.45,0,0,0,0.0,0,F1,75,,,,,
2025-01-03,2025-01-03,FO,NSE,IDO,55628,,NIFTY,,2025-02-27,2025-02-27,22700.0,PE,NIFTY25FEB22700PE,89.0,97.5,79.05,93.2,96.5,84.65,24004.75,93.2,191100,16950,1056,1804808808.75,556,F1,75,,,,,
2025-01-03,2025-01-03,FO,NSE,IDO,48225,,NIFTY,,2025-01-09,2025-01-09,26150.0,CE,NIFTY2510926150CE,1.4,1.45,0.65,0.7,0.65,1.3,24004.75,0.7,273225,254250,17614,34546829643.75,4839,F1,75,,,,,
2025-01-03,2025-01-03,FO,NSE,IDO,46591,,NIFTY,,2025-01-30,2025-01-30,26150.0,PE,NIFTY25JAN26150PE,0.0,0.0,0.0,1554.05,1554.5,1554.05,24004.75,2019.85,50,0,0,0.0,0,F1,25,,,,,
2025-01-03,2025-01-03,FO,NSE,IDO,46991,,NIFTY,,2025-03-27,2025-03-27,22400.0,CE,NIFTY25MAR22400CE,0.0,0.0,0.0,1926.75,0.0,1926.75,24004.75,2013.65,0,0,0,0.0,0,F1,75,,,,,
2025-01-03,2025-01-03,FO,NSE,IDO,46992,,NIFTY,,2025-03-27,2025-03-27,22400.0,PE,NIFTY25MAR22400PE,101.0,104.0,87.75,102.45,104.0,97.3,24004.75,102.45,53325,15000,251,423523421.25,131,F1,75,,,,,
2025-01-03,2025-01-03,FO,NSE,IDO,43240,,NIFTY,,2025-01-30,2025-01-30,22400.0,PE,NIFTY25JAN22400PE,19.55,20.35,14.8,18.8,19.7,19.8,24004.75,18.8,364300,-30075,36530,20473539192.5,8226,F1,25,,,,,
2025-01-03,2025-01-03,FO,NSE,IDO,54718,,NIFTY,,2025-01-23,2025-01-23,22400.0,PE,NIFTY2512322400PE,8.4,11.9,8.35,9.15,8.6,12.1,24004.75,9.15,6450,3300,181,304223190.0,43,F1,75,,,,,
2025-01-03,2025-01-03,FO,NSE,IDO,48179,,NIFTY,,2025-01-09,2025-01-09,25150.0,CE,NIFTY2510925150CE,2.5,3.6,1.25,1.45,1.5,2.5,24004.75,1.45,916425,535875,156137,294539820678.75,46269,F1,75,,,,,
2025-01-03,2025-01-03,FO,NSE,IDO,52857,,NIFTY,,2025-01-16,2025-01-16,25150.0,PE,NIFTY2511625150PE,0.0,0.0,0.0,738.5,0.0,738.5,24004.75,1095.85,0,0,0,0.0,0,F1,75,,,,,
2025-01-03,2025-01-03,FO,NSE,IDO,55345,,NIFTY,,2025-03-27,2025-03-27,24450.0,PE,NIFTY25MAR24450PE,0.0,0.0,0.0,909.6,0.0,909.6,24004.75,659.7,0,0,0,0.0,0,F1,75,,,,,
2025-01-03,2025-01-03,FO,NSE,IDO,46603,,NIFTY,,2025-01-30,2025-01-30,26250.0,CE,NIFTY25JAN26250CE,7.95,8.0,5.95,6.05,6.05,7.2,24004.75,6.05,177700,18925,3468,2276432232.5,421,F1,25,,,,,
2025-01-03,2025-01-03,FO,NSE,IDO,46604,,NIFTY,,2025-01-30,2025-01-30,26250.0,PE,NIFTY25JAN26250PE,0.0,0.0,0.0,2280.0,2280.0,2280.0,24004.75,2118.1,700,0,0,0.0,0,F1,25,,,,,
2025-01-03,2025-01-03,FO,NSE,IDO,54997,,NIFTY,,2025-01-23,2025-01-23,23850.0,CE,NIFTY2512323850CE,539.7,539.7,431.95,431.95,431.95,554.35,24004.75,440.35,1425,150,7,12770943.75,4,F1,75,,,,,
2025-01-03,2025-01-03,FO,NSE,IDO,44980,,NIFTY,,2025-02-06,2025-02-06,23850.0,CE,NIFTY2520623850CE,0.0,0.0,0.0,770.55,0.0,770.55,24004.75,566.0,0,0,0,0.0,0,F1,75,,,,,
2025-01-03,2025-01-03,FO,NSE,IDO,48108,,NIFTY,,2025-01-09,2025-01-09,23850.0,CE,NIFTY2510923850CE,381.95,401.75,227.4,240.9,231.1,408.15,24004.75,240.9,470250,228075,44778,81051548253.75,30716,F1,75,,,,,
2025-01-03,2025-01-03,FO,NSE,IDO,52674,,NIFTY,,2025-01-16,2025-01-16,23850.0,CE,NIFTY2511623850CE,470.95,470.95,327.95,339.4,333.05,493.7,24004.75,339.4,9900,1500,434,788864103.75,354,F1,75,,,,,
2025-01-03,2025-01-03,FO,NSE,IDO,48192,,NIFTY,,2025-03-27,2025-03-27,22850.0,CE,NIFTY25MAR22850CE,0.0,0.0,0.0,1582.0,0.0,1582.0,24004.75,1629.5,0,0,0,0.0,0,F1,75,,,,,
2025-01-03,2025-01-03,FO,NSE,IDO,56573,,NIFTY,,2025-03-27,2025-03-27,24950.0,PE,NIFTY25MAR24950PE,0.0,0.0,0.0,1212.6,0.0,1212.6,24004.75,951.55,0,0,0,0.0,0,F1,75,,,,,
2025-01-03,2025-01-03,FO,NSE,IDO,89616,,NIFTY,,2029-06-28,2029-06-28,20000.0,CE,NIFTY29JUN20000CE,0.0,0.0,0.0,10410.0,0.0,10410.0,24004.75,9331.55,0,0,0,0.0,0,F1,75,,,,,
2025-01-03,2025-01-03,FO,NSE,IDO,57640,,NIFTY,,2025-02-27,2025-02-27,24950.0,PE,NIFTY25FEB24950PE,0.0,0.0,0.0,469.15,469.15,469.15,24004.75,932.4,0,0,0,0.0,0,F1,75,,,,,
2025-01-03,2025-01-03,FO,NSE,IDO,46429,,NIFTY,,2025-01-30,2025-01-30,24950.0,PE,NIFTY25JAN24950PE,834.7,889.5,834.7,889.5,889.5,747.3,24004.75,910.4,16825,0,2,1290605.0,2,F1,25,,,,,
2025-01-03,2025-01-03,FO,NSE,IDO,58645,,NIFTY,,2026-12-31,2026-12-31,20000.0,PE,NIFTY26DEC20000PE,0.0,0.0,0.0,290.0,290.0,290.0,24004.75,81.05,4050,0,0,0.0,0,F1,75,,,,,
2025-01-03,2025-01-03,FO,NSE,IDO,52847,,NIFTY,,2025-01-16,2025-01-16,24950.0,PE,NIFTY2511624950PE,0.0,0.0,0.0,616.7,0.0,616.7,24004.75,907.9,0,0,0,0.0,0,F1,75,,,,,
2025-01-03,2025-01-03,FO,NSE,IDO,48052,,NIFTY,,2025-01-09,2025-01-09,22750.0,PE,NIFTY2510922750PE,3.45,3.8,1.25,1.5,1.55,4.3,24004.75,1.5,557700,237600,45752,78071680458.75,16592,F1,75,,,,,
2025-01-03,2025-01-03,FO,NSE,IDO,61744,,NIFTY,,2029-12-27,2029-12-27,22000.0,CE,NIFTY29DEC22000CE,0.0,0.0,0.0,8865.25,0.0,8865.25,24004.75,8506.9,0,0,0,0.0,0,F1,75,,,,,
2025-01-03,2025-01-03,FO,NSE,IDO,57601,,NIFTY,,2025-02-27,2025-02-27,24000.0,CE,NIFTY25FEB24000CE,729.1,751.15,629.4,640.6,632.0,762.6,24004.75,640.6,443250,-3975,2908,5381238056.25,2070,F1,75,,,,,
2025-01-03,2025-01-03,FO,NSE,IDO,55120,,NIFTY,,2025-06-26,2025-06-26,18000.0,PE,NIFTY25JUN18000PE,20.1,20.1,20.1,20.1,20.1,20.25,24004.75,0.15,8400,1950,26,35139195.0,5,F1,75,,,,,
2025-01-03,2025-01-03,FO,NSE,IDO,58641,,NIFTY,,2026-12-31,2026-12-31,18000.0,PE,NIFTY26DEC18000PE,0.0,0.0,0.0,76.1,76.1,76.1,24004.75,18.3,5175,0,0,0.0,0,F1,75,,,,,
2025-01-03,2025-01-03,FO,NSE,IDO,64552,,NIFTY,,2025-03-27,2025-03-27,18000.0,CE,NIFTY25MAR18000CE,6341.4,6373.25,6180.0,6208.5,6180.0,6386.2,24004.75,6208.5,450000,11025,249,453648127.5,249,F1,75,,,,,
2025-01-03,2025-01-03,FO,NSE,IDO,46357,,NIFTY,,2025-01-30,2025-01-30,24150.0,PE,NIFTY25JAN24150PE,250.0,381.0,250.0,366.55,380.2,296.45,24004.75,366.55,186175,107950,18771,11494055152.5,7755,F1,25,,,,,
2025-01-03,2025-01-03,FO,NSE,IDO,46356,,NIFTY,,2025-01-30,2025-01-30,24150.0,CE,NIFTY25JAN24150CE,426.35,435.1,308.0,317.45,313.55,430.1,24004.75,317.45,219750,129325,17624,10795254861.25,6804,F1,25,,,,,
2025-01-03,2025-01-03,FO,NSE,IDO,57656,,NIFTY,,2025-02-27,2025-02-27,25300.0,PE,NIFTY25FEB25300PE,0.0,0.0,0.0,699.95,699.95,699.95,24004.75,1194.45,75,0,0,0.0,0,F1,75,,,,,
2025-01-03,2025-01-03,FO,NSE,IDO,56876,,NIFTY,,2025-03-27,2025-03-27,25300.0,CE,NIFTY25MAR25300CE,280.0,280.0,246.65,250.75,249.65,260.5,24004.75,250.75,2475,2025,42,80503391.25,27,F1,75,,,,,
2025-01-03,2025-01-03,FO,NSE,IDO,52863,,NIFTY,,2025-01-16,2025-01-16,25300.0,PE,NIFTY2511625300PE,0.0,0.0,0.0,837.6,0.0,837.6,24004.75,1240.6,0,0,0,0.0,0,F1,75,,,,,
2025-01-03,2025-01-03,FO,NSE,IDO,71382,,NIFTY,,2025-06-26,2025-06-26,25000.0,PE,NIFTY25JUN25000PE,925.0,957.75,871.0,944.65,950.0,894.15,24004.75,944.65,303475,38100,1614,3137551867.5,1066,F1,75,,,,,
2025-01-03,2025-01-03,FO,NSE,IDO,46507,,NIFTY,,2025-01-30,2025-01-30,25800.0,CE,NIFTY25JAN25800CE,11.4,12.95,8.05,9.1,8.65,12.65,24004.75,9.1,257950,74350,13637,8799257476.25,3963,F1,25,,,,,
2025-01-03,2025-01-03,FO,NSE,IDO,64695,,NIFTY,,2025-09-25,2025-09-25,25000.0,PE,NIFTY25SEP25000PE,0.0,0.0,0.0,538.6,0.0,538.6,24004.75,1008.45,0,0,0,0.0,0,F1,75,,,,,
2025-01-03,2025-01-03,FO,NSE,IDO,46430,,NIFTY,,2025-01-30,2025-01-30,25000.0,CE,NIFTY25JAN25000CE,84.25,85.0,49.5,51.7,50.2,84.25,24004.75,51.7,5237325,710125,186258,116696855696.25,47518,F1,25,,,,,
2025-01-03,2025-01-03,FO,NSE,IDO,46431,,NIFTY,,2025-01-30,2025-01-30,25000.0,PE,NIFTY25JAN25000PE,811.0,967.7,811.0,946.75,960.0,793.95,24004.75,946.75,1644400,350,8742,5659166223.75,2975,F1,25,,,,,
2025-01-03,2025-01-03,FO,NSE,IDO,71503,,NIFTY,,2026-12-31,2026-12-31,25000.0,CE,NIFTY26DEC25000CE,2700.0,2780.0,2650.0,2780.0,2780.0,2700.0,24004.75,3034.25,1050,75,3,6234750.0,3,F1,75,,,,,
2025-01-03,2025-01-03,FO,NSE,IDO,57676,,NIFTY,,2025-02-27,2025-02-27,25800.0,PE,NIFTY25FEB25800PE,0.0,0.0,0.0,1630.0,1630.0,1630.0,24004.75,1611.85,375,0,0,0.0,0,F1,75,,,,,
2025-01-03,2025-01-03,FO,NSE,IDO,71381,,NIFTY,,2025-06-26,2025-06-26,25000.0,CE,NIFTY25JUN25000CE,817.0,817.95,739.15,759.15,750.0,833.0,24004.75,759.15,298025,10325,819,1583056638.75,706,F1,75,,,,,
2025-01-03,2025-01-03,FO,NSE,IDO,71398,,NIFTY,,2025-12-24,2025-12-24,25000.0,PE,NIFTY25DEC25000PE,982.0,1048.0,981.1,1036.9,1048.0,982.6,24004.75,1036.9,323000,5325,274,534585540.0,261,F1,75,,,,,
2025-01-03,2025-01-03,FO,NSE,IDO,86153,,NIFTY,,2028-06-29,2028-06-29,25000.0,CE,NIFTY28JUN25000CE,0.0,0.0,0.0,3545.15,0.0,3545.15,24004.75,4951.75,0,0,0,0.0,0,F1,75,,,,,
2025-01-03,2025-01-03,FO,NSE,IDO,48209,,NIFTY,,2025-01-09,2025-01-09,25800.0,CE,NIFTY2510925800CE,1.25,1.5,0.75,0.85,0.85,1.35,24004.75,0.85,975450,438750,71542,138440148063.75,16045,F1,75,,,,,
2025-01-03,2025-01-03,FO,NSE,IDO,57591,,NIFTY,,2025-02-27,2025-02-27,23750.0,CE,NIFTY25FEB23750CE,893.9,893.9,792.55,792.55,792.55,904.95,24004.75,792.55,4350,-675,16,29525707.5,9,F1,75,,,,,
2025-01-03,2025-01-03,FO,NSE,IDO,53846,,NIFTY,,2025-03-27,2025-03-27,23750.0,CE,NIFTY25MAR23750CE,0.0,0.0,0.0,850.0,850.0,850.0,24004.75,970.55,75,0,0,0.0,0,F1,75,,,,,
2025-01-03,2025-01-03,FO,NSE,IDO,57592,,NIFTY,,2025-02-27,2025-02-27,23750.0,PE,NIFTY25FEB23750PE,300.0,308.85,274.4,300.55,300.55,270.4,24004.75,291.75,21975,1875,58,104612280.0,28,F1,75,,,,,
2025-01-03,2025-01-03,FO,NSE,IDO,54991,,NIFTY,,2025-01-23,2025-01-23,23750.0,CE,NIFTY2512323750CE,565.7,565.7,510.0,510.0,510.0,628.3,24004.75,504.5,600,-150,5,9105780.0,4,F1,75,,,,,
2025-01-03,2025-01-03,FO,NSE,IDO,45047,,NIFTY,,2025-02-06,2025-02-06,24950.0,CE,NIFTY2520624950CE,0.0,0.0,0.0,248.6,0.0,248.6,24004.75,126.6,0,0,0,0.0,0,F1,75,,,,,
2025-01-03,2025-01-03,FO,NSE,IDO,58644,,NIFTY,,2026-12-31,2026-12-31,20000.0,CE,NIFTY26DEC20000CE,0.0,0.0,0.0,3704.3,0.0,3704.3,24004.75,6601.8,0,0,0,0.0,0,F1,75,,,,,
2025-01-03,2025-01-03,FO,NSE,IDO,56572,,NIFTY,,2025-03-27,2025-03-27,24950.0,CE,NIFTY25MAR24950CE,0.0,0.0,0.0,463.4,0.0,463.4,24004.75,386.35,0,0,0,0.0,0,F1,75,,,,,
2025-01-03,2025-01-03,FO,NSE,IDO,86143,,NIFTY,,2028-06-29,2028-06-29,20000.0,CE,NIFTY28JUN20000CE,0.0,0.0,0.0,5724.65,0.0,5724.65,24004.75,8303.1,0,0,0,0.0,0,F1,75,,,,,
2025-01-03,2025-01-03,FO,NSE,IDO,38378,,NIFTY,,2026-06-25,2026-06-25,20000.0,CE,NIFTY26JUN20000CE,0.0,0.0,0.0,3829.5,0.0,3829.5,24004.75,5960.75,0,0,0,0.0,0,F1,75,,,,,
2025-01-03,2025-01-03,FO,NSE,IDO,71552,,NIFTY,,2027-06-24,2027-06-24,20000.0,PE,NIFTY27JUN20000PE,0.0,0.0,0.0,3034.2,0.0,3034.2,24004.75,92.55,0,0,0,0.0,0,F1,75,,,,,
2025-01-03,2025-01-03,FO,NSE,IDO,57670,,NIFTY,,2025-02-27,2025-02-27,25650.0,PE,NIFTY25FEB25650PE,0.0,0.0,0.0,1064.7,1064.7,1064.7,24004.75,1482.15,75,0,0,0.0,0,F1,75,,,,,
2025-01-03,2025-01-03,FO,NSE,IDO,55107,,NIFTY,,2025-01-23,2025-01-23,25650.0,CE,NIFTY2512325650CE,0.0,0.0,0.0,66.35,0.0,66.35,24004.75,7.4,0,0,0,0.0,0,F1,75,,,,,
2025-01-03,2025-01-03,FO,NSE,IDO,46494,,NIFTY,,2025-01-30,2025-01-30,25650.0,CE,NIFTY25JAN25650CE,15.75,16.5,10.5,11.15,10.5,17.1,24004.75,11.15,34750,3600,2000,1283149981.25,609,F1,25,,,,,
2025-01-03,2025-01-03,FO,NSE,IDO,52877,,NIFTY,,2025-01-16,2025-01-16,25650.0,PE,NIFTY2511625650PE,0.0,0.0,0.0,1092.45,0.0,1092.45,24004.75,1585.0,0,0,0,0.0,0,F1,75,,,,,
2025-01-03,2025-01-03,FO,NSE,IDO,56891,,NIFTY,,2025-03-27,2025-03-27,25650.0,PE,NIFTY25MAR25650PE,0.0,0.0,0.0,1709.8,0.0,1709.8,24004.75,1451.95,0,0,0,0.0,0,F1,75,,,,,
2025-01-03,2025-01-03,FO,NSE,IDO,52876,,NIFTY,,2025-01-16,2025-01-16,25650.0,CE,NIFTY2511625650CE,3.95,4.2,2.5,2.7,2.8,3.9,24004.75,2.7,14625,12750,450,865795507.5,231,F1,75,,,,,
2025-01-03,2025-01-03,FO,NSE,IDO,44906,,NIFTY,,2025-02-06,2025-02-06,22800.0,CE,NIFTY2520622800CE,0.0,0.0,0.0,1597.85,0.0,1597.85,24004.75,1383.95,0,0,0,0.0,0,F1,75,,,,,
2025-01-03,2025-01-03,FO,NSE,IDO,48043,,NIFTY,,2025-01-09,2025-01-09,22550.0,CE,NIFTY2510922550CE,0.0,0.0,0.0,2327.45,0.0,2327.45,24004.75,1479.75,0,0,0,0.0,0,F1,75,,,,,
2025-01-03,2025-01-03,FO,NSE,IDO,43245,,NIFTY,,2025-01-30,2025-01-30,22550.0,CE,NIFTY25JAN22550CE,0.0,0.0,0.0,1399.25,1399.25,1399.25,24004.75,1578.65,200,0,0,0.0,0,F1,25,,,,,
2025-01-03,2025-01-03,FO,NSE,IDO,52486,,NIFTY,,2025-01-16,2025-01-16,22550.0,PE,NIFTY2511622550PE,8.25,8.25,4.6,4.95,4.95,8.25,24004.75,4.95,9375,5550,551,932124521.25,388,F1,75,,,,,
2025-01-03,2025-01-03,FO,NSE,IDO,47014,,NIFTY,,2025-03-27,2025-03-27,22550.0,CE,NIFTY25MAR22550CE,0.0,0.0,0.0,1808.05,0.0,1808.05,24004.75,1882.45,0,0,0,0.0,0,F1,75,,,,,
2025-01-03,2025-01-03,FO,NSE,IDO,52507,,NIFTY,,2025-01-16,2025-01-16,22800.0,PE,NIFTY2511622800PE,13.25,13.6,7.35,8.45,8.05,13.1,24004.75,8.45,144825,35850,6868,11749082276.25,4438,F1,75,,,,,
2025-01-03,2025-01-03,FO,NSE,IDO,54769,,NIFTY,,2025-01-23,2025-01-23,22800.0,PE,NIFTY2512322800PE,24.9,26.4,18.4,22.25,22.25,24.3,24004.75,22.25,25950,15450,347,593950372.5,124,F1,75,,,,,
2025-01-03,2025-01-03,FO,NSE,IDO,54690,,NIFTY,,2025-01-23,2025-01-23,21900.0,CE,NIFTY2512321900CE,0.0,0.0,0.0,2216.5,0.0,2216.5,24004.75,2185.9,0,0,0,0.0,0,F1,75,,,,,
2025-01-03,2025-01-03,FO,NSE,IDO,43209,,NIFTY,,2025-01-30,2025-01-30,21900.0,CE,NIFTY25JAN21900CE,0.0,0.0,0.0,2330.0,2330.0,2330.0,24004.75,2215.0,300,0,0,0.0,0,F1,25,,,,,
2025-01-03,2025-01-03,FO,NSE,IDO,43386,,NIFTY,,2025-06-26,2025-06-26,14000.0,PE,NIFTY25JUN14000PE,0.0,0.0,0.0,0.25,0.25,0.25,24004.75,0.05,2925,0,0,0.0,0,F1,75,,,,,
2025-01-03,2025-01-03,FO,NSE,IDO,50444,,NIFTY,,2026-06-25,2026-06-25,14000.0,PE,NIFTY26JUN14000PE,0.0,0.0,0.0,20.0,20.0,20.0,24004.75,0.05,925,0,0,0.0,0,F1,75,,,,,
2025-01-03,2025-01-03,FO,NSE,IDO,56866,,NIFTY,,2025-03-27,2025-03-27,25050.0,CE,NIFTY25MAR25050CE,0.0,0.0,0.0,220.0,220.0,220.0,24004.75,353.2,75,0,0,0.0,0,F1,75,,,,,
2025-01-03,2025-01-03,FO,NSE,IDO,48175,,NIFTY,,2025-01-09,2025-01-09,25050.0,CE,NIFTY2510925050CE,3.25,4.8,1.4,1.8,1.65,3.65,24004.75,1.8,961800,552675,242199,455085072435.0,64546,F1,75,,,,,
2025-01-03,2025-01-03,FO,NSE,IDO,46438,,NIFTY,,2025-01-30,2025-01-30,25050.0,CE,NIFTY25JAN25050CE,68.95,72.1,42.5,44.6,42.5,74.35,24004.75,44.6,80325,30450,8681,5447778865.0,4370,F1,25,,,,,
2025-01-03,2025-01-03,FO,NSE,IDO,57646,,NIFTY,,2025-02-27,2025-02-27,25050.0,PE,NIFTY25FEB25050PE,0.0,0.0,0.0,1022.6,1022.6,1022.6,24004.75,1004.3,75,0,0,0.0,0,F1,75,,,,,
2025-01-03,2025-01-03,FO,NSE,IDO,48258,,NIFTY,,2025-01-09,2025-01-09,26500.0,PE,NIFTY2510926500PE,2400.0,2546.55,2360.0,2505.5,2512.55,2302.65,24004.75,2505.5,5250,2175,202,439414016.25,66,F1,75,,,,,
2025-01-03,2025-01-03,FO,NSE,IDO,48249,,NIFTY,,2025-01-09,2025-01-09,26500.0,CE,NIFTY2510926500CE,1.3,1.4,0.6,0.65,0.65,1.3,24004.75,0.65,14145300,5988225,680167,1351877763588.75,87144,F1,75,,,,,
2025-01-03,2025-01-03,FO,NSE,IDO,47846,,NIFTY,,2025-01-30,2025-01-30,26500.0,PE,NIFTY25JAN26500PE,2248.0,2411.0,2232.1,2391.4,2402.25,2200.3,24004.75,2391.4,777650,-5925,1565,1128234403.75,722,F1,25,,,,,
2025-01-03,2025-01-03,FO,NSE,IDO,57712,,NIFTY,,2025-02-27,2025-02-27,26500.0,CE,NIFTY25FEB26500CE,24.05,24.6,19.35,20.35,20.95,23.85,24004.75,20.35,254400,17400,2126,4228783552.5,1065,F1,75,,,,,
2025-01-03,2025-01-03,FO,NSE,IDO,57687,,NIFTY,,2025-02-27,2025-02-27,26100.0,CE,NIFTY25FEB26100CE,45.9,45.9,28.0,36.05,35.6,45.9,24004.75,36.05,13200,0,164,321495251.25,58,F1,75,,,,,
2025-01-03,2025-01-03,FO,NSE,IDO,55021,,NIFTY,,2025-01-23,2025-01-23,24300.0,CE,NIFTY2512324300CE,313.75,313.75,182.0,189.5,182.0,283.35,24004.75,189.5,14100,6075,326,599519085.0,248,F1,75,,,,,
2025-01-03,2025-01-03,FO,NSE,IDO,52845,,NIFTY,,2025-01-16,2025-01-16,24900.0,PE,NIFTY2511624900PE,0.0,0.0,0.0,588.2,0.0,588.2,24004.75,862.15,0,0,0,0.0,0,F1,75,,,,,
2025-01-03,2025-01-03,FO,NSE,IDO,57637,,NIFTY,,2025-02-27,2025-02-27,24900.0,CE,NIFTY25FEB24900CE,300.55,300.55,229.55,233.0,229.6,293.25,24004.75,233.0,49575,14400,418,788395477.5,252,F1,75,,,,,
2025-01-03,2025-01-03,FO,NSE,IDO,55063,,NIFTY,,2025-01-23,2025-01-23,24900.0,CE,NIFTY2512324900CE,72.0,72.0,39.45,41.95,39.45,71.95,24004.75,41.95,11175,8400,363,679395150.0,191,F1,75,,,,,
2025-01-03,2025-01-03,FO,NSE,IDO,45033,,NIFTY,,2025-02-06,2025-02-06,24600.0,CE,NIFTY2520624600CE,0.0,0.0,0.0,373.05,0.0,373.05,24004.75,219.0,0,0,0,0.0,0,F1,75,,,,,
2025-01-03,2025-01-03,FO,NSE,IDO,52809,,NIFTY,,2025-01-16,2025-01-16,24600.0,PE,NIFTY2511624600PE,584.0,630.0,498.35,616.2,630.0,433.6,24004.75,616.2,3375,3375,107,202048875.0,65,F1,75,,,,,
2025-01-03,2025-01-03,FO,NSE,IDO,46386,,NIFTY,,2025-01-30,2025-01-30,24600.0,PE,NIFTY25JAN24600PE,516.1,650.55,516.1,634.7,649.0,515.65,24004.75,634.7,154000,7000,5698,3587918097.5,2585,F1,25,,,,,
2025-01-03,2025-01-03,FO,NSE,IDO,71379,,NIFTY,,2025-06-26,2025-06-26,24000.0,CE,NIFTY25JUN24000CE,1390.9,1404.65,1288.0,1307.95,1300.0,1416.85,24004.75,1307.95,153000,1675,430,817263727.5,305,F1,75,,,,,
2025-01-03,2025-01-03,FO,NSE,IDO,64688,,NIFTY,,2025-09-25,2025-09-25,22000.0,CE,NIFTY25SEP22000CE,0.0,0.0,0.0,5865.75,0.0,5865.75,24004.75,3210.6,0,0,0,0.0,0,F1,75,,,,,
2025-01-03,2025-01-03,FO,NSE,IDO,57659,,NIFTY,,2025-02-27,2025-02-27,25400.0,CE,NIFTY25FEB25400CE,126.85,144.45,109.4,111.25,109.4,146.95,24004.75,111.25,25275,5100,330,631602183.75,160,F1,75,,,,,
2025-01-03,2025-01-03,FO,NSE,IDO,48193,,NIFTY,,2025-01-09,2025-01-09,25400.0,CE,NIFTY2510925400CE,1.5,1.95,0.85,1.0,0.9,1.7,24004.75,1.0,2942850,2225850,167884,319837929206.25,33335,F1,75,,,,,
2025-01-03,2025-01-03,FO,NSE,IDO,57638,,NIFTY,,2025-02-27,2025-02-27,24900.0,PE,NIFTY25FEB24900PE,846.0,866.0,803.0,826.0,826.0,867.0,24004.75,897.35,2025,-525,19,36677242.5,8,F1,75,,,,,
2025-01-03,2025-01-03,FO,NSE,IDO,45045,,NIFTY,,2025-02-06,2025-02-06,24900.0,CE,NIFTY2520624900CE,0.0,0.0,0.0,264.2,0.0,264.2,24004.75,137.5,0,0,0,0.0,0,F1,75,,,,,
2025-01-03,2025-01-03,FO,NSE,IDO,54783,,NIFTY,,2025-01-23,2025-01-23,23100.0,PE,NIFTY2512323100PE,49.2,49.95,33.0,44.45,46.0,44.85,24004.75,44.45,6600,3825,112,194379697.5,60,F1,75,,,,,
2025-01-03,2025-01-03,FO,NSE,IDO,46460,,NIFTY,,2025-01-30,2025-01-30,25250.0,PE,NIFTY25JAN25250PE,1091.2,1091.2,1067.7,1088.9,1088.9,1009.35,24004.75,1167.35,10625,25,3,1974945.0,3,F1,25,,,,,
2025-01-03,2025-01-03,FO,NSE,IDO,45073,,NIFTY,,2025-02-06,2025-02-06,25250.0,CE,NIFTY2520625250CE,0.0,0.0,0.0,169.6,0.0,169.6,24004.75,74.85,0,0,0,0.0,0,F1,75,,,,,
2025-01-03,2025-01-03,FO,NSE,IDO,48183,,NIFTY,,2025-01-09,2025-01-09,25250.0,CE,NIFTY2510925250CE,2.0,6.5,1.05,1.25,1.25,2.0,24004.75,1.25,1004475,819450,114106,216103950457.5,33706,F1,75,,,,,
2025-01-03,2025-01-03,FO,NSE,IDO,52417,,NIFTY,,2025-01-16,2025-01-16,22000.0,CE,NIFTY2511622000CE,2105.0,2105.0,2028.2,2033.1,2035.8,2706.05,24004.75,2033.1,9150,9150,125,225845696.25,33,F1,75,,,,,
2025-01-03,2025-01-03,FO,NSE,IDO,53616,,NIFTY,,2027-12-30,2027-12-30,22000.0,CE,NIFTY27DEC22000CE,0.0,0.0,0.0,4499.55,0.0,4499.55,24004.75,6282.35,0,0,0,0.0,0,F1,75,,,,,
2025-01-03,2025-01-03,FO,NSE,IDO,61749,,NIFTY,,2029-12-27,2029-12-27,24000.0,PE,NIFTY29DEC24000PE,0.0,0.0,0.0,625.5,0.0,625.5,24004.75,413.85,0,0,0,0.0,0,F1,75,,,,,
2025-01-03,2025-01-03,FO,NSE,IDO,54695,,NIFTY,,2025-01-23,2025-01-23,22000.0,PE,NIFTY2512322000PE,6.25,7.4,4.4,4.7,4.75,6.9,24004.75,4.7,46050,10125,844,1392945551.25,390,F1,75,,,,,
2025-01-03,2025-01-03,FO,NSE,IDO,71501,,NIFTY,,2026-12-31,2026-12-31,24000.0,CE,NIFTY26DEC24000CE,0.0,0.0,0.0,2010.65,0.0,2010.65,24004.75,3637.75,0,0,0,0.0,0,F1,75,,,,,
2025-01-03,2025-01-03,FO,NSE,IDO,61745,,NIFTY,,2029-12-27,2029-12-27,22000.0,PE,NIFTY29DEC22000PE,0.0,0.0,0.0,373.65,0.0,373.65,24004.75,217.75,0,0,0,0.0,0,F1,75,,,,,
2025-01-03,2025-01-03,FO,NSE,IDO,58648,,NIFTY,,2026-12-31,2026-12-31,22000.0,CE,NIFTY26DEC22000CE,0.0,0.0,0.0,3039.0,0.0,3039.0,24004.75,5026.15,0,0,0,0.0,0,F1,75,,,,,
2025-01-03,2025-01-03,FO,NSE,IDO,71394,,NIFTY,,2025-12-24,2025-12-24,24000.0,PE,NIFTY25DEC24000PE,710.05,750.0,706.35,744.05,749.5,707.0,24004.75,744.05,689500,14550,547,1014486048.75,468,F1,75,,,,,
2025-01-03,2025-01-03,FO,NSE,IDO,64693,,NIFTY,,2025-09-25,2025-09-25,24000.0,PE,NIFTY25SEP24000PE,0.0,0.0,0.0,335.2,0.0,335.2,24004.75,603.35,0,0,0,0.0,0,F1,75,,,,,
2025-01-03,2025-01-03,FO,NSE,IDO,64563,,NIFTY,,2025-03-27,2025-03-27,22000.0,PE,NIFTY25MAR22000PE,75.0,76.0,60.1,69.75,69.75,70.15,24004.75,69.75,1318950,87250,6219,10292229945.0,2654,F1,75,,,,,
2025-01-03,2025-01-03,FO,NSE,IDO,64567,,NIFTY,,2025-03-27,2025-03-27,24000.0,PE,NIFTY25MAR24000PE,410.0,450.0,392.0,444.75,447.5,399.55,24004.75,444.75,1596675,37025,4981,9124417068.75,3431,F1,75,,,,,
2025-01-03,2025-01-03,FO,NSE,IDO,71548,,NIFTY,,2027-06-24,2027-06-24,18000.0,PE,NIFTY27JUN18000PE,0.0,0.0,0.0,48.55,48.55,48.55,24004.75,24.65,25,0,0,0.0,0,F1,75,,,,,
2025-01-03,2025-01-03,FO,NSE,IDO,55121,,NIFTY,,2025-12-24,2025-12-24,18000.0,CE,NIFTY25DEC18000CE,0.0,0.0,0.0,6550.0,6550.0,6550.0,24004.75,7152.05,7900,0,0,0.0,0,F1,75,,,,,
2025-01-03,2025-01-03,FO,NSE,IDO,55122,,NIFTY,,2025-12-24,2025-12-24,18000.0,PE,NIFTY25DEC18000PE,0.0,0.0,0.0,73.0,73.0,73.0,24004.75,3.55,2900,0,0,0.0,0,F1,75,,,,,
2025-01-03,2025-01-03,FO,NSE,IDO,48133,,NIFTY,,2025-01-09,2025-01-09,24150.0,CE,NIFTY2510924150CE,208.0,208.0,86.0,93.1,87.8,209.15,24004.75,93.1,2691225,1925850,881996,1606190650563.75,593931,F1,75,,,,,
2025-01-03,2025-01-03,FO,NSE,IDO,48134,,NIFTY,,2025-01-09,2025-01-09,24150.0,PE,NIFTY2510924150PE,175.3,261.15,158.0,241.95,252.0,167.0,24004.75,241.95,1055925,204300,591398,1080345573600.0,400580,F1,75,,,,,
2025-01-03,2025-01-03,FO,NSE,IDO,55012,,NIFTY,,2025-01-23,2025-01-23,24150.0,PE,NIFTY2512324150PE,341.65,344.55,269.6,344.55,344.55,261.0,24004.75,344.55,1275,1125,34,62381280.0,21,F1,75,,,,,
2025-01-03,2025-01-03,FO,NSE,IDO,55040,,NIFTY,,2025-01-23,2025-01-23,24600.0,PE,NIFTY2512324600PE,0.0,0.0,0.0,759.8,0.0,759.8,24004.75,624.05,0,0,0,0.0,0,F1,75,,,,,
2025-01-03,2025-01-03,FO,NSE,IDO,64689,,NIFTY,,2025-09-25,2025-09-25,22000.0,PE,NIFTY25SEP22000PE,0.0,0.0,0.0,105.0,0.0,105.0,24004.75,153.7,0,0,0,0.0,0,F1,75,,,,,
2025-01-03,2025-01-03,FO,NSE,IDO,55042,,NIFTY,,2025-01-23,2025-01-23,24650.0,CE,NIFTY2512324650CE,110.35,114.05,92.0,99.55,99.55,140.4,24004.75,107.55,7050,75,9,16708065.0,8,F1,75,,,,,
2025-01-03,2025-01-03,FO,NSE,IDO,56534,,NIFTY,,2025-03-27,2025-03-27,24650.0,CE,NIFTY25MAR24650CE,0.0,0.0,0.0,570.55,0.0,570.55,24004.75,499.5,0,0,0,0.0,0,F1,75,,,,,
2025-01-03,2025-01-03,FO,NSE,IDO,55043,,NIFTY,,2025-01-23,2025-01-23,24650.0,PE,NIFTY2512324650PE,0.0,0.0,0.0,793.0,0.0,793.0,24004.75,661.8,0,0,0,0.0,0,F1,75,,,,,
2025-01-03,2025-01-03,FO,NSE,IDO,52868,,NIFTY,,2025-01-16,2025-01-16,25450.0,CE,NIFTY2511625450CE,5.6,6.1,3.45,3.65,3.8,5.4,24004.75,3.65,35775,20700,1523,2907518932.5,815,F1,75,,,,,
2025-01-03,2025-01-03,FO,NSE,IDO,45086,,NIFTY,,2025-02-06,2025-02-06,25450.0,CE,NIFTY2520625450CE,0.0,0.0,0.0,128.9,0.0,128.9,24004.75,51.2,0,0,0,0.0,0,F1,75,,,,,
2025-01-03,2025-01-03,FO,NSE,IDO,45082,,NIFTY,,2025-02-06,2025-02-06,25350.0,PE,NIFTY2520625350PE,0.0,0.0,0.0,1133.15,0.0,1133.15,24004.75,1248.45,0,0,0,0.0,0,F1,75,,,,,
2025-01-03,2025-01-03,FO,NSE,IDO,52864,,NIFTY,,2025-01-16,2025-01-16,25350.0,CE,NIFTY2511625350CE,6.8,8.85,4.3,4.5,4.8,7.25,24004.75,4.5,24825,12825,976,1856026338.75,652,F1,75,,,,,
2025-01-03,2025-01-03,FO,NSE,IDO,46404,,NIFTY,,2025-01-30,2025-01-30,24750.0,PE,NIFTY25JAN24750PE,668.95,758.3,633.0,740.45,753.75,615.8,24004.75,740.45,21225,-4775,1041,662220718.75,654,F1,25,,,,,
2025-01-03,2025-01-03,FO,NSE,IDO,46384,,NIFTY,,2025-01-30,2025-01-30,24600.0,CE,NIFTY25JAN24600CE,190.0,197.35,130.0,135.75,130.0,204.2,24004.75,135.75,564075,45025,31442,19458809672.5,11196,F1,25,,,,,
