TradDt,BizDt,Sgmt,Src,FinInstrmTp,FinInstrmId,ISIN,TckrSymb,SctySrs,XpryDt,FininstrmActlXpryDt,StrkPric,OptnTp,FinInstrmNm,OpnPric,HghPric,LwPric,ClsPric,LastPric,PrvsClsgPric,UndrlygPric,SttlmPric,OpnIntrst,ChngInOpnIntrst,TtlTradgVol,TtlTrfVal,TtlNbOfTxsExctd,SsnId,NewBrdLotQty,Rmks,Rsvd1,Rsvd2,Rsvd3,Rsvd4
2025-04-17,2025-04-17,FO,NSE,IDO,61493,,NIFTY,,2025-05-29,2025-05-29,22200.0,CE,NIFTY25MAY22200CE,1415.0,1835.0,1375.15,1822.45,1831.35,1461.6,23851.65,1822.45,28875,-5325,428,768344475.0,417,F1,75,,,,,
2025-04-17,2025-04-17,FO,NSE,IDO,61503,,NIFTY,,2025-05-29,2025-05-29,22450.0,CE,NIFTY25MAY22450CE,1469.6,1556.15,1469.6,1555.8,1555.8,1241.4,23851.65,1653.85,4050,-975,13,23386061.25,13,F1,75,,,,,
2025-04-17,2025-04-17,FO,NSE,IDO,61541,,NIFTY,,2025-05-29,2025-05-29,23400.0,CE,NIFTY25MAY23400CE,535.15,836.0,494.05,815.1,830.7,555.0,23851.65,815.1,239850,26025,5192,9363316721.25,3779,F1,75,,,,,
2025-04-17,2025-04-17,FO,NSE,IDO,61667,,NIFTY,,2025-05-29,2025-05-29,24100.0,CE,NIFTY25MAY24100CE,208.75,398.55,192.8,372.6,374.15,226.3,23851.65,372.6,155100,-15975,5868,10747443270.0,4227,F1,75,,,,,
2025-04-17,2025-04-17,FO,NSE,IDO,61761,,NIFTY,,2025-05-29,2025-05-29,25150.0,CE,NIFTY25MAY25150CE,0.0,0.0,0.0,45.65,46.5,45.65,23851.65,175.2,24300,0,0,0.0,0,F1,75,,,,,
2025-04-17,2025-04-17,FO,NSE,IDO,61765,,NIFTY,,2025-05-29,2025-05-29,25250.0,CE,NIFTY25MAY25250CE,28.95,66.65,23.95,57.65,58.5,30.15,23851.65,57.65,18825,12975,555,1053090930.0,251,F1,75,,,,,
2025-04-17,2025-04-17,FO,NSE,IDO,62067,,NIFTY,,2025-06-26,2025-06-26,20550.0,CE,NIFTY25JUN20550CE,3504.1,3504.1,3502.05,3503.1,3502.05,3024.05,23851.65,3503.1,225,150,2,3607961.25,2,F1,75,,,,,
2025-04-17,2025-04-17,FO,NSE,IDO,62195,,NIFTY,,2025-06-26,2025-06-26,22400.0,CE,NIFTY25JUN22400CE,1750.0,1764.5,1737.75,1737.75,1737.75,1395.8,23851.65,1737.75,1875,0,3,5433918.75,3,F1,75,,,,,
2025-04-17,2025-04-17,FO,NSE,IDO,62309,,NIFTY,,2025-06-26,2025-06-26,23200.0,CE,NIFTY25JUN23200CE,900.0,1172.0,870.0,1161.35,1159.0,870.5,23851.65,1161.35,4950,-675,34,61933623.75,28,F1,75,,,,,
2025-04-17,2025-04-17,FO,NSE,IDO,62339,,NIFTY,,2025-06-26,2025-06-26,23750.0,CE,NIFTY25JUN23750CE,523.3,762.1,523.3,762.1,762.1,535.8,23851.65,926.9,1575,75,2,3658905.0,2,F1,75,,,,,
2025-04-17,2025-04-17,FO,NSE,IDO,62385,,NIFTY,,2025-06-26,2025-06-26,24750.0,CE,NIFTY25JUN24750CE,301.9,301.9,255.35,268.0,268.0,450.75,23851.65,465.95,75,75,4,7507983.75,4,F1,75,,,,,
2025-04-17,2025-04-17,FO,NSE,IDO,64678,,NIFTY,,2025-09-25,2025-09-25,17000.0,CE,NIFTY25SEP17000CE,0.0,0.0,0.0,10410.55,0.0,10410.55,23851.65,7352.9,0,0,0,0.0,0,F1,75,,,,,
2025-04-17,2025-04-17,FO,NSE,IDO,62910,,NIFTY,,2026-03-26,2026-03-26,17000.0,CE,NIFTY26MAR17000CE,0.0,0.0,0.0,7789.5,0.0,7789.5,23851.65,7908.9,0,0,0,0.0,0,F1,75,,,,,
2025-04-17,2025-04-17,FO,NSE,IDO,62914,,NIFTY,,2026-03-26,2026-03-26,19000.0,CE,NIFTY26MAR19000CE,0.0,0.0,0.0,5966.85,0.0,5966.85,23851.65,6078.0,0,0,0,0.0,0,F1,75,,,,,
2025-04-17,2025-04-17,FO,NSE,IDO,62930,,NIFTY,,2026-03-26,2026-03-26,27000.0,CE,NIFTY26MAR27000CE,0.0,0.0,0.0,891.9,0.0,891.9,23851.65,984.2,0,0,0,0.0,0,F1,75,,,,,
2025-04-17,2025-04-17,FO,NSE,IDO,71474,,NIFTY,,2026-06-25,2026-06-25,25000.0,CE,NIFTY26JUN25000CE,0.0,0.0,0.0,1510.4,0.0,1510.4,23851.65,2158.6,0,0,0,0.0,0,F1,75,,,,,
2025-04-17,2025-04-17,FO,NSE,IDO,58644,,NIFTY,,2026-12-31,2026-12-31,20000.0,CE,NIFTY26DEC20000CE,0.0,0.0,0.0,3704.3,0.0,3704.3,23851.65,6241.3,0,0,0,0.0,0,F1,75,,,,,
2025-04-17,2025-04-17,FO,NSE,IDO,71503,,NIFTY,,2026-12-31,2026-12-31,25000.0,CE,NIFTY26DEC25000CE,2000.0,2100.0,1980.0,2087.5,2075.0,1940.0,23851.65,2087.5,13400,450,11,22317750.0,11,F1,75,,,,,
2025-04-17,2025-04-17,FO,NSE,IDO,38160,,NIFTY,,2027-06-24,2027-06-24,29000.0,CE,NIFTY27JUN29000CE,0.0,0.0,0.0,1545.2,0.0,1545.2,23851.65,1915.0,0,0,0,0.0,0,F1,75,,,,,
2025-04-17,2025-04-17,FO,NSE,IDO,53603,,NIFTY,,2027-12-30,2027-12-30,18000.0,CE,NIFTY27DEC18000CE,0.0,0.0,0.0,6285.7,0.0,6285.7,23851.65,8973.65,0,0,0,0.0,0,F1,75,,,,,
2025-04-17,2025-04-17,FO,NSE,IDO,53616,,NIFTY,,2027-12-30,2027-12-30,22000.0,CE,NIFTY27DEC22000CE,0.0,0.0,0.0,4499.55,0.0,4499.55,23851.65,6078.45,0,0,0,0.0,0,F1,75,,,,,
2025-04-17,2025-04-17,FO,NSE,IDO,86147,,NIFTY,,2028-06-29,2028-06-29,22000.0,CE,NIFTY28JUN22000CE,0.0,0.0,0.0,4759.5,0.0,4759.5,23851.65,6688.5,0,0,0,0.0,0,F1,75,,,,,
2025-04-17,2025-04-17,FO,NSE,IDO,67776,,NIFTY,,2028-12-28,2028-12-28,21000.0,CE,NIFTY28DEC21000CE,0.0,0.0,0.0,7512.5,0.0,7512.5,23851.65,7908.95,0,0,0,0.0,0,F1,75,,,,,
2025-04-17,2025-04-17,FO,NSE,IDO,89636,,NIFTY,,2029-06-28,2029-06-28,27000.0,CE,NIFTY29JUN27000CE,0.0,0.0,0.0,6570.4,0.0,6570.4,23851.65,5146.55,0,0,0,0.0,0,F1,75,,,,,
2025-04-17,2025-04-17,FO,NSE,IDO,61914,,NIFTY,,2029-12-27,2029-12-27,29000.0,CE,NIFTY29DEC29000CE,0.0,0.0,0.0,5305.8,0.0,5305.8,23851.65,4852.9,0,0,0,0.0,0,F1,75,,,,,
2025-04-17,2025-04-17,FO,NSE,IDO,47995,,NIFTY,,2025-04-17,2025-04-17,20500.0,PE,NIFTY2541720500PE,0.4,0.65,0.05,0.1,0.05,0.45,23851.65,23851.65,1537500,-118800,177108,272306190097.5,24415,F1,75,,,,,
2025-04-17,2025-04-17,FO,NSE,IDO,48077,,NIFTY,,2025-04-17,2025-04-17,21100.0,PE,NIFTY2541721100PE,0.5,0.6,0.05,0.1,0.05,0.7,23851.65,23851.65,214500,-26475,55388,87652682805.0,10824,F1,75,,,,,
2025-04-17,2025-04-17,FO,NSE,IDO,48103,,NIFTY,,2025-04-17,2025-04-17,21500.0,PE,NIFTY2541721500PE,0.6,0.75,0.05,0.15,0.05,1.0,23851.65,23851.65,1284450,-1761225,247999,399903389415.0,36887,F1,75,,,,,
2025-04-17,2025-04-17,FO,NSE,IDO,48109,,NIFTY,,2025-04-17,2025-04-17,21650.0,PE,NIFTY2541721650PE,0.45,0.75,0.05,0.1,0.05,1.1,23851.65,23851.65,109800,-30675,48393,78579628612.5,8887,F1,75,,,,,
2025-04-17,2025-04-17,FO,NSE,IDO,48119,,NIFTY,,2025-04-17,2025-04-17,21900.0,PE,NIFTY2541721900PE,0.45,0.85,0.05,0.1,0.05,1.25,23851.65,23851.65,510150,-558825,110160,180941158518.75,19732,F1,75,,,,,
2025-04-17,2025-04-17,FO,NSE,IDO,48129,,NIFTY,,2025-04-17,2025-04-17,22050.0,PE,NIFTY2541722050PE,0.65,0.9,0.05,0.1,0.05,1.45,23851.65,23851.65,202200,-187275,100105,165551599462.5,19480,F1,75,,,,,
2025-04-17,2025-04-17,FO,NSE,IDO,48173,,NIFTY,,2025-04-17,2025-04-17,22450.0,PE,NIFTY2541722450PE,0.95,1.05,0.05,0.1,0.05,2.35,23851.65,23851.65,834375,-868500,300574,506102534092.5,58331,F1,75,,,,,
2025-04-17,2025-04-17,FO,NSE,IDO,48258,,NIFTY,,2025-04-17,2025-04-17,23400.0,PE,NIFTY2541723400PE,83.9,136.45,0.05,0.2,0.1,91.05,23851.65,23851.65,7223700,2649300,8071042,14191332913582.5,3250651,F1,75,,,,,
2025-04-17,2025-04-17,FO,NSE,IDO,48310,,NIFTY,,2025-04-17,2025-04-17,24000.0,PE,NIFTY2541724000PE,636.65,719.8,129.65,148.05,148.05,615.65,23851.65,23851.65,583875,442800,310810,563821472152.5,163572,F1,75,,,,,
2025-04-17,2025-04-17,FO,NSE,IDO,48342,,NIFTY,,2025-04-17,2025-04-17,24600.0,PE,NIFTY2541724600PE,1207.0,1210.0,737.1,737.1,737.1,1225.95,23851.65,23851.65,1275,300,46,87584467.5,32,F1,75,,,,,
2025-04-17,2025-04-17,FO,NSE,IDO,48392,,NIFTY,,2025-04-17,2025-04-17,25000.0,PE,NIFTY2541725000PE,1661.6,1708.7,1129.4,1149.55,1150.35,1608.5,23851.65,23851.65,5025,-13200,1519,2986094100.0,773,F1,75,,,,,
2025-04-17,2025-04-17,FO,NSE,IDO,48416,,NIFTY,,2025-04-17,2025-04-17,25300.0,PE,NIFTY2541725300PE,1664.0,1664.0,1662.0,1662.0,1662.0,1980.0,23851.65,23851.65,150,-150,2,4044450.0,2,F1,75,,,,,
2025-04-17,2025-04-17,FO,NSE,IDO,79214,,NIFTY,,2025-04-24,2025-04-24,20600.0,PE,NIFTY25APR20600PE,4.8,4.8,2.0,2.3,2.0,3.15,23851.65,2.3,125700,1125,6064,9370008086.25,3424,F1,75,,,,,
2025-04-17,2025-04-17,FO,NSE,IDO,79226,,NIFTY,,2025-04-24,2025-04-24,20900.0,PE,NIFTY25APR20900PE,4.0,4.4,2.0,2.65,2.05,4.1,23851.65,2.65,333900,166125,19119,29973266452.5,9998,F1,75,,,,,
2025-04-17,2025-04-17,FO,NSE,IDO,79234,,NIFTY,,2025-04-24,2025-04-24,21100.0,PE,NIFTY25APR21100PE,3.8,4.9,2.5,3.1,2.75,4.7,23851.65,3.1,233475,69150,18063,28589495550.0,9517,F1,75,,,,,
2025-04-17,2025-04-17,FO,NSE,IDO,67785,,NIFTY,,2028-12-28,2028-12-28,25000.0,PE,NIFTY28DEC25000PE,0.0,0.0,0.0,1700.05,1700.05,1700.05,23851.65,1142.05,750,0,0,0.0,0,F1,75,,,,,
2025-04-17,2025-04-17,FO,NSE,IDO,89641,,NIFTY,,2029-06-28,2029-06-28,29000.0,PE,NIFTY29JUN29000PE,0.0,0.0,0.0,1746.95,0.0,1746.95,23851.65,2247.75,0,0,0,0.0,0,F1,75,,,,,
2025-04-17,2025-04-17,FO,NSE,IDO,79236,,NIFTY,,2025-04-24,2025-04-24,21150.0,PE,NIFTY25APR21150PE,4.75,5.2,2.5,3.3,2.5,4.8,23851.65,3.3,69750,38775,5698,9040014078.75,3603,F1,75,,,,,
2025-04-17,2025-04-17,FO,NSE,IDO,79238,,NIFTY,,2025-04-24,2025-04-24,21200.0,PE,NIFTY25APR21200PE,4.55,5.25,2.65,3.3,3.05,4.95,23851.65,3.3,1260675,597750,55790,88720950337.5,21539,F1,75,,,,,
2025-04-17,2025-04-17,FO,NSE,IDO,79254,,NIFTY,,2025-04-24,2025-04-24,21450.0,PE,NIFTY25APR21450PE,5.8,6.8,3.8,4.8,4.0,6.35,23851.65,4.8,85425,28200,6268,10085942895.0,4198,F1,75,,,,,
2025-04-17,2025-04-17,FO,NSE,IDO,79259,,NIFTY,,2025-04-24,2025-04-24,21550.0,PE,NIFTY25APR21550PE,5.8,9.0,4.3,5.45,4.75,7.2,23851.65,5.45,143775,35175,9357,15127081046.25,5866,F1,75,,,,,
2025-04-17,2025-04-17,FO,NSE,IDO,79267,,NIFTY,,2025-04-24,2025-04-24,21750.0,PE,NIFTY25APR21750PE,8.9,10.6,5.05,6.75,6.7,8.75,23851.65,6.75,169425,48825,7963,12993747825.0,4993,F1,75,,,,,
2025-04-17,2025-04-17,FO,NSE,IDO,79427,,NIFTY,,2025-04-24,2025-04-24,22950.0,PE,NIFTY25APR22950PE,63.9,72.8,25.0,30.1,27.35,63.9,23851.65,30.1,381900,-13875,53448,92182933815.0,31729,F1,75,,,,,
2025-04-17,2025-04-17,FO,NSE,IDO,79510,,NIFTY,,2025-04-24,2025-04-24,23700.0,PE,NIFTY25APR23700PE,314.3,431.9,123.9,134.45,134.0,364.0,23851.65,134.45,2471100,1461375,196673,352262835832.5,114165,F1,75,,,,,
2025-04-17,2025-04-17,FO,NSE,IDO,79528,,NIFTY,,2025-04-24,2025-04-24,23950.0,PE,NIFTY25APR23950PE,570.0,642.0,227.4,242.55,242.4,558.0,23851.65,242.55,124125,114225,7776,14122518438.75,5301,F1,75,,,,,
2025-04-17,2025-04-17,FO,NSE,IDO,79611,,NIFTY,,2025-04-24,2025-04-24,24200.0,PE,NIFTY25APR24200PE,821.1,871.1,391.2,407.5,413.0,788.9,23851.65,407.5,177075,131850,5525,10217748378.75,3374,F1,75,,,,,
2025-04-17,2025-04-17,FO,NSE,IDO,79631,,NIFTY,,2025-04-24,2025-04-24,24250.0,PE,NIFTY25APR24250PE,540.2,542.25,435.0,450.2,454.45,840.0,23851.65,450.2,12000,3375,248,459600217.5,177,F1,75,,,,,
2025-04-17,2025-04-17,FO,NSE,IDO,79726,,NIFTY,,2025-04-24,2025-04-24,25000.0,PE,NIFTY25APR25000PE,1590.0,1662.55,1128.7,1154.95,1154.0,1563.95,23851.65,1154.95,990750,-42150,4031,7952395620.0,2654,F1,75,,,,,
2025-04-17,2025-04-17,FO,NSE,IDO,51765,,NIFTY,,2025-04-30,2025-04-30,20500.0,PE,NIFTY2543020500PE,7.7,9.05,4.2,7.8,7.3,6.35,23851.65,7.8,427500,249525,13322,20489512965.0,6099,F1,75,,,,,
2025-04-17,2025-04-17,FO,NSE,IDO,51777,,NIFTY,,2025-04-30,2025-04-30,20700.0,PE,NIFTY2543020700PE,7.55,10.6,5.2,9.15,8.95,7.5,23851.65,9.15,6525,4650,716,1112008897.5,437,F1,75,,,,,
2025-04-17,2025-04-17,FO,NSE,IDO,51909,,NIFTY,,2025-04-30,2025-04-30,22850.0,PE,NIFTY2543022850PE,92.8,103.65,37.05,43.2,43.05,92.8,23851.65,43.2,36675,9600,3541,6083406105.0,2060,F1,75,,,,,
2025-04-17,2025-04-17,FO,NSE,IDO,51936,,NIFTY,,2025-04-30,2025-04-30,23200.0,PE,NIFTY2543023200PE,223.1,223.1,70.75,76.8,75.0,170.75,23851.65,76.8,368850,33225,22570,39478064580.0,14970,F1,75,,,,,
2025-04-17,2025-04-17,FO,NSE,IDO,38411,,NIFTY,,2025-05-08,2025-05-08,20450.0,PE,NIFTY2550820450PE,0.0,0.0,0.0,1.0,0.0,1.0,23851.65,0.05,0,0,0,0.0,0,F1,75,,,,,
2025-04-17,2025-04-17,FO,NSE,IDO,38417,,NIFTY,,2025-05-08,2025-05-08,20600.0,PE,NIFTY2550820600PE,13.9,14.85,10.5,14.1,14.4,23.05,23851.65,14.1,2475,-14775,283,437508416.25,72,F1,75,,,,,
2025-04-17,2025-04-17,FO,NSE,IDO,38429,,NIFTY,,2025-05-08,2025-05-08,20900.0,PE,NIFTY2550820900PE,0.0,0.0,0.0,3.9,0.0,3.9,23851.65,0.15,0,0,0,0.0,0,F1,75,,,,,
2025-04-17,2025-04-17,FO,NSE,IDO,38431,,NIFTY,,2025-05-08,2025-05-08,20950.0,PE,NIFTY2550820950PE,0.0,0.0,0.0,4.5,0.0,4.5,23851.65,0.15,0,0,0,0.0,0,F1,75,,,,,
2025-04-17,2025-04-17,FO,NSE,IDO,38479,,NIFTY,,2025-05-08,2025-05-08,22100.0,PE,NIFTY2550822100PE,55.0,55.0,27.35,32.95,28.7,52.1,23851.65,32.95,10350,-5850,325,539751675.0,272,F1,75,,,,,
2025-04-17,2025-04-17,FO,NSE,IDO,79219,,NIFTY,,2025-04-24,2025-04-24,20750.0,CE,NIFTY25APR20750CE,3107.25,3107.25,3107.25,3107.25,3107.25,2603.95,23851.65,3107.25,675,75,1,1789293.75,1,F1,75,,,,,
2025-04-17,2025-04-17,FO,NSE,IDO,79210,,NIFTY,,2025-04-24,2025-04-24,20550.0,CE,NIFTY25APR20550CE,0.0,0.0,0.0,2770.1,2770.1,2770.1,23851.65,3327.25,750,0,0,0.0,0,F1,75,,,,,
2025-04-17,2025-04-17,FO,NSE,IDO,48337,,NIFTY,,2025-04-17,2025-04-17,24500.0,CE,NIFTY2541724500CE,0.5,0.85,0.05,0.1,0.05,0.75,23851.65,23851.65,3984525,-4956000,1529429,2810361995362.5,206008,F1,75,,,,,
2025-04-17,2025-04-17,FO,NSE,IDO,48298,,NIFTY,,2025-04-17,2025-04-17,24000.0,CE,NIFTY2541724000CE,1.4,5.25,0.05,0.15,0.05,3.1,23851.65,23851.65,7851450,-3189225,8176475,14718645843168.75,1242201,F1,75,,,,,
2025-04-17,2025-04-17,FO,NSE,IDO,48236,,NIFTY,,2025-04-17,2025-04-17,23300.0,CE,NIFTY2541723300CE,100.0,572.05,37.65,549.65,551.1,130.2,23851.65,23851.65,3977325,-716400,3348922,5877866672835.0,1827494,F1,75,,,,,
2025-04-17,2025-04-17,FO,NSE,IDO,48213,,NIFTY,,2025-04-17,2025-04-17,23050.0,CE,NIFTY2541723050CE,318.4,821.75,236.55,799.55,801.6,345.7,23851.65,23851.65,226575,-61200,18253,32067716808.75,12209,F1,75,,,,,
2025-04-17,2025-04-17,FO,NSE,IDO,48188,,NIFTY,,2025-04-17,2025-04-17,22700.0,CE,NIFTY2541722700CE,651.0,1167.0,581.3,1150.55,1152.0,684.95,23851.65,23851.65,528375,-70950,3656,6450838563.75,2489,F1,75,,,,,
2025-04-17,2025-04-17,FO,NSE,IDO,48178,,NIFTY,,2025-04-17,2025-04-17,22550.0,CE,NIFTY2541722550CE,805.95,1308.0,739.65,1300.25,1299.0,834.3,23851.65,23851.65,195225,-12225,381,673888766.25,280,F1,75,,,,,
2025-04-17,2025-04-17,FO,NSE,IDO,48034,,NIFTY,,2025-04-17,2025-04-17,20950.0,CE,NIFTY2541720950CE,0.0,0.0,0.0,2407.15,2407.15,2407.15,23851.65,23851.65,3300,0,0,0.0,0,F1,75,,,,,
2025-04-17,2025-04-17,FO,NSE,IDO,48030,,NIFTY,,2025-04-17,2025-04-17,20850.0,CE,NIFTY2541720850CE,0.0,0.0,0.0,2438.7,2438.7,2438.7,23851.65,23851.65,525,0,0,0.0,0,F1,75,,,,,
2025-04-17,2025-04-17,FO,NSE,IDO,47988,,NIFTY,,2025-04-17,2025-04-17,20450.0,CE,NIFTY2541720450CE,0.0,0.0,0.0,2203.2,2203.95,2203.2,23851.65,23851.65,150,0,0,0.0,0,F1,75,,,,,
2025-04-17,2025-04-17,FO,NSE,IDO,61915,,NIFTY,,2029-12-27,2029-12-27,29000.0,PE,NIFTY29DEC29000PE,0.0,0.0,0.0,1669.2,0.0,1669.2,23851.65,2089.75,0,0,0,0.0,0,F1,75,,,,,
2025-04-17,2025-04-17,FO,NSE,IDO,61403,,NIFTY,,2029-12-27,2029-12-27,19000.0,PE,NIFTY29DEC19000PE,0.0,0.0,0.0,142.25,0.0,142.25,23851.65,204.85,0,0,0,0.0,0,F1,75,,,,,
2025-04-17,2025-04-17,FO,NSE,IDO,89637,,NIFTY,,2029-06-28,2029-06-28,27000.0,PE,NIFTY29JUN27000PE,0.0,0.0,0.0,1252.35,0.0,1252.35,23851.65,1604.15,0,0,0,0.0,0,F1,75,,,,,
2025-04-17,2025-04-17,FO,NSE,IDO,67791,,NIFTY,,2028-12-28,2028-12-28,28000.0,PE,NIFTY28DEC28000PE,0.0,0.0,0.0,1697.6,0.0,1697.6,23851.65,2049.8,0,0,0,0.0,0,F1,75,,,,,
2025-04-17,2025-04-17,FO,NSE,IDO,67773,,NIFTY,,2028-12-28,2028-12-28,19000.0,PE,NIFTY28DEC19000PE,0.0,0.0,0.0,158.0,0.0,158.0,23851.65,196.85,0,0,0,0.0,0,F1,75,,,,,
2025-04-17,2025-04-17,FO,NSE,IDO,86168,,NIFTY,,2028-06-29,2028-06-29,29000.0,PE,NIFTY28JUN29000PE,0.0,0.0,0.0,3595.9,0.0,3595.9,23851.65,2610.65,0,0,0,0.0,0,F1,75,,,,,
2025-04-17,2025-04-17,FO,NSE,IDO,53617,,NIFTY,,2027-12-30,2027-12-30,22000.0,PE,NIFTY27DEC22000PE,0.0,0.0,0.0,329.0,329.0,329.0,23851.65,541.5,25,0,0,0.0,0,F1,75,,,,,
2025-04-17,2025-04-17,FO,NSE,IDO,58637,,NIFTY,,2026-12-31,2026-12-31,16000.0,PE,NIFTY26DEC16000PE,0.0,0.0,0.0,23.3,23.3,23.3,23851.65,14.45,2425,0,0,0.0,0,F1,75,,,,,
2025-04-17,2025-04-17,FO,NSE,IDO,58633,,NIFTY,,2026-12-31,2026-12-31,14000.0,PE,NIFTY26DEC14000PE,0.0,0.0,0.0,20.2,20.2,20.2,23851.65,2.0,1550,0,0,0.0,0,F1,75,,,,,
2025-04-17,2025-04-17,FO,NSE,IDO,71477,,NIFTY,,2026-06-25,2026-06-25,26000.0,PE,NIFTY26JUN26000PE,0.0,0.0,0.0,6709.2,0.0,6709.2,23851.65,1838.5,0,0,0,0.0,0,F1,75,,,,,
2025-04-17,2025-04-17,FO,NSE,IDO,51455,,NIFTY,,2026-06-25,2026-06-25,21000.0,PE,NIFTY26JUN21000PE,0.0,0.0,0.0,372.05,372.05,372.05,23851.65,263.95,1875,0,0,0.0,0,F1,75,,,,,
2025-04-17,2025-04-17,FO,NSE,IDO,62921,,NIFTY,,2026-03-26,2026-03-26,22000.0,PE,NIFTY26MAR22000PE,0.0,0.0,0.0,346.6,0.0,346.6,23851.65,385.35,0,0,0,0.0,0,F1,75,,,,,
2025-04-17,2025-04-17,FO,NSE,IDO,62354,,NIFTY,,2025-06-26,2025-06-26,24100.0,PE,NIFTY25JUN24100PE,595.0,595.0,595.0,595.0,595.0,1119.1,23851.65,595.0,150,75,1,1852125.0,1,F1,75,,,,,
2025-04-17,2025-04-17,FO,NSE,IDO,62346,,NIFTY,,2025-06-26,2025-06-26,23850.0,PE,NIFTY25JUN23850PE,536.6,536.6,486.65,500.75,501.4,675.6,23851.65,500.75,1650,300,14,25569266.25,12,F1,75,,,,,
2025-04-17,2025-04-17,FO,NSE,IDO,62336,,NIFTY,,2025-06-26,2025-06-26,23650.0,PE,NIFTY25JUN23650PE,600.0,600.0,424.35,424.35,424.35,600.0,23851.65,424.35,3525,825,13,23502697.5,7,F1,75,,,,,
2025-04-17,2025-04-17,FO,NSE,IDO,62144,,NIFTY,,2025-06-26,2025-06-26,21500.0,PE,NIFTY25JUN21500PE,132.95,132.95,91.1,96.6,93.85,123.9,23851.65,96.6,303300,12750,5281,8558602076.25,3842,F1,75,,,,,
2025-04-17,2025-04-17,FO,NSE,IDO,62126,,NIFTY,,2025-06-26,2025-06-26,21150.0,PE,NIFTY25JUN21150PE,0.0,0.0,0.0,39.45,0.0,39.45,23851.65,24.8,0,0,0,0.0,0,F1,75,,,,,
2025-04-17,2025-04-17,FO,NSE,IDO,62086,,NIFTY,,2025-06-26,2025-06-26,20800.0,PE,NIFTY25JUN20800PE,0.0,0.0,0.0,55.0,55.0,55.0,23851.65,13.8,375,0,0,0.0,0,F1,75,,,,,
2025-04-17,2025-04-17,FO,NSE,IDO,62074,,NIFTY,,2025-06-26,2025-06-26,20650.0,PE,NIFTY25JUN20650PE,0.0,0.0,0.0,18.35,0.0,18.35,23851.65,10.55,0,0,0,0.0,0,F1,75,,,,,
2025-04-17,2025-04-17,FO,NSE,IDO,62066,,NIFTY,,2025-06-26,2025-06-26,20500.0,PE,NIFTY25JUN20500PE,63.4,66.55,51.05,53.75,54.0,63.35,23851.65,53.75,130650,-18375,2459,3791277776.25,1980,F1,75,,,,,
2025-04-17,2025-04-17,FO,NSE,IDO,61770,,NIFTY,,2025-05-29,2025-05-29,25350.0,PE,NIFTY25MAY25350PE,0.0,0.0,0.0,1910.3,1910.3,1910.3,23851.65,1438.9,150,0,0,0.0,0,F1,75,,,,,
2025-04-17,2025-04-17,FO,NSE,IDO,61750,,NIFTY,,2025-05-29,2025-05-29,24850.0,PE,NIFTY25MAY24850PE,987.75,987.75,987.75,987.75,987.75,1443.6,23851.65,987.75,600,0,1,1937831.25,1,F1,75,,,,,
2025-04-17,2025-04-17,FO,NSE,IDO,61682,,NIFTY,,2025-05-29,2025-05-29,24450.0,PE,NIFTY25MAY24450PE,1056.85,1056.85,708.0,710.0,710.0,1023.35,23851.65,710.0,2475,1950,33,62325296.25,27,F1,75,,,,,
2025-04-17,2025-04-17,FO,NSE,IDO,61664,,NIFTY,,2025-05-29,2025-05-29,24000.0,PE,NIFTY25MAY24000PE,708.0,770.0,450.0,464.25,463.05,704.7,23851.65,464.25,901650,245250,15018,27625802002.5,10727,F1,75,,,,,
2025-04-17,2025-04-17,FO,NSE,IDO,61530,,NIFTY,,2025-05-29,2025-05-29,23100.0,PE,NIFTY25MAY23100PE,315.25,335.2,183.05,196.5,192.9,309.35,23851.65,196.5,106950,4275,3620,6336417285.0,2577,F1,75,,,,,
2025-04-17,2025-04-17,FO,NSE,IDO,61474,,NIFTY,,2025-05-29,2025-05-29,21850.0,PE,NIFTY25MAY21850PE,90.0,95.1,61.8,67.25,63.9,94.75,23851.65,67.25,13875,5175,346,569019356.25,105,F1,75,,,,,
2025-04-17,2025-04-17,FO,NSE,IDO,61396,,NIFTY,,2025-05-29,2025-05-29,21500.0,PE,NIFTY25MAY21500PE,65.0,73.05,47.85,52.15,51.0,69.35,23851.65,52.15,1261500,126750,19693,31846220501.25,11024,F1,75,,,,,
2025-04-17,2025-04-17,FO,NSE,IDO,61376,,NIFTY,,2025-05-29,2025-05-29,21200.0,PE,NIFTY25MAY21200PE,52.5,56.1,37.5,40.4,38.75,52.5,23851.65,40.4,117075,-12600,2064,3288777798.75,1352,F1,75,,,,,
2025-04-17,2025-04-17,FO,NSE,IDO,46281,,NIFTY,,2025-05-15,2025-05-15,24750.0,PE,NIFTY2551524750PE,0.0,0.0,0.0,2205.75,0.0,2205.75,23851.65,946.05,0,0,0,0.0,0,F1,75,,,,,
2025-04-17,2025-04-17,FO,NSE,IDO,46277,,NIFTY,,2025-05-15,2025-05-15,24650.0,PE,NIFTY2551524650PE,0.0,0.0,0.0,2110.0,0.0,2110.0,23851.65,870.75,0,0,0,0.0,0,F1,75,,,,,
2025-04-17,2025-04-17,FO,NSE,IDO,46261,,NIFTY,,2025-05-15,2025-05-15,24250.0,PE,NIFTY2551524250PE,0.0,0.0,0.0,1734.65,0.0,1734.65,23851.65,604.0,0,0,0,0.0,0,F1,75,,,,,
2025-04-17,2025-04-17,FO,NSE,IDO,46259,,NIFTY,,2025-05-15,2025-05-15,24200.0,PE,NIFTY2551524200PE,0.0,0.0,0.0,1688.85,0.0,1688.85,23851.65,574.3,0,0,0,0.0,0,F1,75,,,,,
2025-04-17,2025-04-17,FO,NSE,IDO,46251,,NIFTY,,2025-05-15,2025-05-15,24050.0,PE,NIFTY2551524050PE,0.0,0.0,0.0,1553.25,0.0,1553.25,23851.65,490.2,0,0,0,0.0,0,F1,75,,,,,
2025-04-17,2025-04-17,FO,NSE,IDO,46227,,NIFTY,,2025-05-15,2025-05-15,23700.0,PE,NIFTY2551523700PE,559.0,590.0,268.0,278.05,279.2,555.85,23851.65,278.05,3525,3375,71,127887397.5,56,F1,75,,,,,
2025-04-17,2025-04-17,FO,NSE,IDO,46193,,NIFTY,,2025-05-15,2025-05-15,23000.0,PE,NIFTY2551523000PE,212.55,230.6,116.7,127.8,124.6,210.35,23851.65,127.8,52575,35850,941,1634436697.5,555,F1,75,,,,,
2025-04-17,2025-04-17,FO,NSE,IDO,46185,,NIFTY,,2025-05-15,2025-05-15,22850.0,PE,NIFTY2551522850PE,0.0,0.0,0.0,628.65,0.0,628.65,23851.65,89.3,0,0,0,0.0,0,F1,75,,,,,
2025-04-17,2025-04-17,FO,NSE,IDO,46173,,NIFTY,,2025-05-15,2025-05-15,22700.0,PE,NIFTY2551522700PE,152.0,152.0,95.9,95.9,95.9,148.85,23851.65,67.7,1500,750,13,22273286.25,6,F1,75,,,,,
2025-04-17,2025-04-17,FO,NSE,IDO,46161,,NIFTY,,2025-05-15,2025-05-15,22400.0,PE,NIFTY2551522400PE,57.45,57.45,57.3,57.3,57.3,335.0,23851.65,37.0,1125,1050,14,23580262.5,5,F1,75,,,,,
2025-04-17,2025-04-17,FO,NSE,IDO,46144,,NIFTY,,2025-05-15,2025-05-15,22050.0,PE,NIFTY2551522050PE,0.0,0.0,0.0,75.95,75.95,75.95,23851.65,16.75,1500,0,0,0.0,0,F1,75,,,,,
2025-04-17,2025-04-17,FO,NSE,IDO,46129,,NIFTY,,2025-05-15,2025-05-15,21750.0,PE,NIFTY2551521750PE,0.0,0.0,0.0,161.9,0.0,161.9,23851.65,7.8,0,0,0,0.0,0,F1,75,,,,,
2025-04-17,2025-04-17,FO,NSE,IDO,46123,,NIFTY,,2025-05-15,2025-05-15,21600.0,PE,NIFTY2551521600PE,25.3,25.3,25.0,25.0,25.0,127.75,23851.65,5.15,375,375,10,16218862.5,3,F1,75,,,,,
2025-04-17,2025-04-17,FO,NSE,IDO,46102,,NIFTY,,2025-05-15,2025-05-15,21250.0,PE,NIFTY2551521250PE,0.0,0.0,0.0,69.35,0.0,69.35,23851.65,1.85,0,0,0,0.0,0,F1,75,,,,,
2025-04-17,2025-04-17,FO,NSE,IDO,46079,,NIFTY,,2025-05-15,2025-05-15,20850.0,PE,NIFTY2551520850PE,21.75,21.75,21.75,21.75,21.75,22.75,23851.65,0.5,2250,75,1,1565381.25,1,F1,75,,,,,
2025-04-17,2025-04-17,FO,NSE,IDO,38645,,NIFTY,,2025-05-08,2025-05-08,25150.0,PE,NIFTY2550825150PE,0.0,0.0,0.0,1767.55,0.0,1767.55,23851.65,1260.1,0,0,0,0.0,0,F1,75,,,,,
2025-04-17,2025-04-17,FO,NSE,IDO,38605,,NIFTY,,2025-05-08,2025-05-08,24350.0,PE,NIFTY2550824350PE,0.0,0.0,0.0,1074.45,0.0,1074.45,23851.65,629.15,0,0,0,0.0,0,F1,75,,,,,
2025-04-17,2025-04-17,FO,NSE,IDO,38599,,NIFTY,,2025-05-08,2025-05-08,24200.0,PE,NIFTY2550824200PE,772.0,772.0,462.0,472.05,470.0,860.0,23851.65,472.05,5325,5250,155,287451382.5,79,F1,75,,,,,
2025-04-17,2025-04-17,FO,NSE,IDO,38503,,NIFTY,,2025-05-08,2025-05-08,22600.0,PE,NIFTY2550822600PE,95.4,104.35,42.6,54.75,42.6,97.15,23851.65,54.75,41250,24375,1392,2365638060.0,1185,F1,75,,,,,
2025-04-17,2025-04-17,FO,NSE,IDO,38481,,NIFTY,,2025-05-08,2025-05-08,22150.0,PE,NIFTY2550822150PE,0.0,0.0,0.0,72.75,0.0,72.75,23851.65,10.4,0,0,0,0.0,0,F1,75,,,,,
2025-04-17,2025-04-17,FO,NSE,IDO,38463,,NIFTY,,2025-05-08,2025-05-08,21750.0,PE,NIFTY2550821750PE,0.0,0.0,0.0,35.25,35.25,35.25,23851.65,3.0,1875,0,0,0.0,0,F1,75,,,,,
2025-04-17,2025-04-17,FO,NSE,IDO,38409,,NIFTY,,2025-05-08,2025-05-08,20400.0,PE,NIFTY2550820400PE,11.4,13.4,7.35,9.3,10.0,11.4,23851.65,9.3,33600,19875,390,596976626.25,155,F1,75,,,,,
2025-04-17,2025-04-17,FO,NSE,IDO,52011,,NIFTY,,2025-04-30,2025-04-30,24500.0,PE,NIFTY2543024500PE,1058.4,1116.8,657.15,681.4,679.35,1058.4,23851.65,681.4,42675,18450,802,1518483101.25,457,F1,75,,,,,
2025-04-17,2025-04-17,FO,NSE,IDO,51993,,NIFTY,,2025-04-30,2025-04-30,24250.0,PE,NIFTY2543024250PE,615.8,623.05,467.5,491.05,491.05,917.0,23851.65,491.05,2100,1500,34,63109102.5,28,F1,75,,,,,
2025-04-17,2025-04-17,FO,NSE,IDO,51989,,NIFTY,,2025-04-30,2025-04-30,24200.0,PE,NIFTY2543024200PE,785.1,830.6,421.7,441.75,447.55,775.6,23851.65,441.75,21150,19425,819,1515379953.75,497,F1,75,,,,,
2025-04-17,2025-04-17,FO,NSE,IDO,51975,,NIFTY,,2025-04-30,2025-04-30,23900.0,PE,NIFTY2543023900PE,586.45,604.8,253.9,268.2,275.85,534.55,23851.65,268.2,124350,121650,6469,11738831268.75,4706,F1,75,,,,,
2025-04-17,2025-04-17,FO,NSE,IDO,51938,,NIFTY,,2025-04-30,2025-04-30,23250.0,PE,NIFTY2543023250PE,190.0,218.15,78.65,84.7,82.0,186.35,23851.65,84.7,54000,17400,3756,6589376883.75,2577,F1,75,,,,,
2025-04-17,2025-04-17,FO,NSE,IDO,51922,,NIFTY,,2025-04-30,2025-04-30,23000.0,PE,NIFTY2543023000PE,126.0,138.2,50.25,56.5,53.9,121.65,23851.65,56.5,1303050,550350,64911,112381333597.5,33512,F1,75,,,,,
2025-04-17,2025-04-17,FO,NSE,IDO,51834,,NIFTY,,2025-04-30,2025-04-30,21600.0,PE,NIFTY2543021600PE,17.7,17.75,10.15,15.1,10.15,17.85,23851.65,15.1,49125,2850,3429,5558659233.75,2267,F1,75,,,,,
2025-04-17,2025-04-17,FO,NSE,IDO,51827,,NIFTY,,2025-04-30,2025-04-30,21450.0,PE,NIFTY2543021450PE,14.3,16.5,10.6,13.3,12.05,15.85,23851.65,13.3,8925,2100,302,486139263.75,138,F1,75,,,,,
2025-04-17,2025-04-17,FO,NSE,IDO,51809,,NIFTY,,2025-04-30,2025-04-30,21150.0,PE,NIFTY2543021150PE,12.0,12.45,8.8,10.7,11.0,12.9,23851.65,10.7,7125,1350,47,74590698.75,24,F1,75,,,,,
2025-04-17,2025-04-17,FO,NSE,IDO,51797,,NIFTY,,2025-04-30,2025-04-30,21000.0,PE,NIFTY2543021000PE,7.05,11.45,7.05,10.65,10.2,10.0,23851.65,10.65,412725,51225,15684,24713035312.5,7532,F1,75,,,,,
2025-04-17,2025-04-17,FO,NSE,IDO,79730,,NIFTY,,2025-04-24,2025-04-24,25100.0,PE,NIFTY25APR25100PE,1465.0,1465.0,1255.3,1255.3,1255.3,1757.7,23851.65,1220.75,3525,0,4,7944277.5,3,F1,75,,,,,
2025-04-17,2025-04-17,FO,NSE,IDO,79673,,NIFTY,,2025-04-24,2025-04-24,24750.0,PE,NIFTY25APR24750PE,924.7,924.7,924.7,924.7,924.7,2181.65,23851.65,883.85,1875,75,1,1925602.5,1,F1,75,,,,,
2025-04-17,2025-04-17,FO,NSE,IDO,79671,,NIFTY,,2025-04-24,2025-04-24,24700.0,PE,NIFTY25APR24700PE,1280.5,1280.5,842.0,849.5,852.0,1250.5,23851.65,849.5,31500,9750,210,403308356.25,89,F1,75,,,,,
2025-04-17,2025-04-17,FO,NSE,IDO,79643,,NIFTY,,2025-04-24,2025-04-24,24550.0,PE,NIFTY25APR24550PE,820.0,820.0,819.0,819.0,819.0,1225.55,23851.65,701.9,1350,-75,2,3805425.0,2,F1,75,,,,,
2025-04-17,2025-04-17,FO,NSE,IDO,79607,,NIFTY,,2025-04-24,2025-04-24,24150.0,PE,NIFTY25APR24150PE,467.1,467.1,356.85,374.0,369.95,815.0,23851.65,374.0,13125,8775,423,778417443.75,331,F1,75,,,,,
2025-04-17,2025-04-17,FO,NSE,IDO,79514,,NIFTY,,2025-04-24,2025-04-24,23800.0,PE,NIFTY25APR23800PE,455.0,512.7,158.55,171.4,172.0,435.55,23851.65,171.4,3004125,1712550,202359,364276633620.0,121530,F1,75,,,,,
2025-04-17,2025-04-17,FO,NSE,IDO,79423,,NIFTY,,2025-04-24,2025-04-24,22900.0,PE,NIFTY25APR22900PE,57.55,63.45,23.0,27.95,23.85,56.55,23851.65,27.95,1397550,-155550,141159,242868377898.75,76168,F1,75,,,,,
2025-04-17,2025-04-17,FO,NSE,IDO,79416,,NIFTY,,2025-04-24,2025-04-24,22850.0,PE,NIFTY25APR22850PE,51.0,55.75,21.2,25.75,23.05,50.65,23851.65,25.75,364200,38850,40012,68680339957.5,23641,F1,75,,,,,
2025-04-17,2025-04-17,FO,NSE,IDO,79391,,NIFTY,,2025-04-24,2025-04-24,22450.0,PE,NIFTY25APR22450PE,19.0,21.95,13.05,14.9,13.7,22.85,23851.65,14.9,235125,-83775,28999,48863399936.25,16527,F1,75,,,,,
2025-04-17,2025-04-17,FO,NSE,IDO,79263,,NIFTY,,2025-04-24,2025-04-24,21650.0,PE,NIFTY25APR21650PE,6.2,11.0,4.0,5.8,5.9,7.8,23851.65,5.8,111150,1350,8336,13539379998.75,5226,F1,75,,,,,
2025-04-17,2025-04-17,FO,NSE,IDO,48408,,NIFTY,,2025-04-17,2025-04-17,25150.0,PE,NIFTY2541725150PE,0.0,0.0,0.0,2701.95,2701.95,2701.95,23851.65,23851.65,375,0,0,0.0,0,F1,75,,,,,
2025-04-17,2025-04-17,FO,NSE,IDO,48370,,NIFTY,,2025-04-17,2025-04-17,24750.0,PE,NIFTY2541724750PE,0.0,0.0,0.0,2303.35,2303.55,2303.35,23851.65,23851.65,675,0,0,0.0,0,F1,75,,,,,
2025-04-17,2025-04-17,FO,NSE,IDO,48211,,NIFTY,,2025-04-17,2025-04-17,23000.0,PE,NIFTY2541723000PE,5.9,5.9,0.05,0.15,0.05,8.85,23851.65,23851.65,9524025,117675,4520452,7798340324047.5,743283,F1,75,,,,,
2025-04-17,2025-04-17,FO,NSE,IDO,48095,,NIFTY,,2025-04-17,2025-04-17,21300.0,PE,NIFTY2541721300PE,0.4,0.65,0.05,0.1,0.05,0.75,23851.65,23851.65,191025,-119775,41529,66343664790.0,7463,F1,75,,,,,
2025-04-17,2025-04-17,FO,NSE,IDO,48091,,NIFTY,,2025-04-17,2025-04-17,21250.0,PE,NIFTY2541721250PE,0.7,0.8,0.05,0.1,0.05,0.8,23851.65,23851.65,54975,-45000,23459,37388401972.5,4772,F1,75,,,,,
2025-04-17,2025-04-17,FO,NSE,IDO,48053,,NIFTY,,2025-04-17,2025-04-17,20950.0,PE,NIFTY2541720950PE,1.0,1.0,0.05,0.1,0.1,0.65,23851.65,23851.65,74550,9750,20195,31731847800.0,4572,F1,75,,,,,
2025-04-17,2025-04-17,FO,NSE,IDO,89632,,NIFTY,,2029-06-28,2029-06-28,25000.0,CE,NIFTY29JUN25000CE,0.0,0.0,0.0,7557.7,0.0,7557.7,23851.65,6130.8,0,0,0,0.0,0,F1,75,,,,,
2025-04-17,2025-04-17,FO,NSE,IDO,89624,,NIFTY,,2029-06-28,2029-06-28,21000.0,CE,NIFTY29JUN21000CE,0.0,0.0,0.0,9799.75,0.0,9799.75,23851.65,8448.95,0,0,0,0.0,0,F1,75,,,,,
2025-04-17,2025-04-17,FO,NSE,IDO,89614,,NIFTY,,2029-06-28,2029-06-28,19000.0,CE,NIFTY29JUN19000CE,0.0,0.0,0.0,11036.95,0.0,11036.95,23851.65,9762.4,0,0,0,0.0,0,F1,75,,,,,
2025-04-17,2025-04-17,FO,NSE,IDO,53605,,NIFTY,,2027-12-30,2027-12-30,19000.0,CE,NIFTY27DEC19000CE,0.0,0.0,0.0,5794.9,0.0,5794.9,23851.65,8206.25,0,0,0,0.0,0,F1,75,,,,,
2025-04-17,2025-04-17,FO,NSE,IDO,50549,,NIFTY,,2027-06-24,2027-06-24,28000.0,CE,NIFTY27JUN28000CE,0.0,0.0,0.0,2186.3,0.0,2186.3,23851.65,2263.05,0,0,0,0.0,0,F1,75,,,,,
2025-04-17,2025-04-17,FO,NSE,IDO,71553,,NIFTY,,2027-06-24,2027-06-24,21000.0,CE,NIFTY27JUN21000CE,0.0,0.0,0.0,3061.8,0.0,3061.8,23851.65,6107.8,0,0,0,0.0,0,F1,75,,,,,
2025-04-17,2025-04-17,FO,NSE,IDO,58638,,NIFTY,,2026-12-31,2026-12-31,17000.0,CE,NIFTY26DEC17000CE,0.0,0.0,0.0,4955.1,0.0,4955.1,23851.65,8741.6,0,0,0,0.0,0,F1,75,,,,,
2025-04-17,2025-04-17,FO,NSE,IDO,71472,,NIFTY,,2026-06-25,2026-06-25,24000.0,CE,NIFTY26JUN24000CE,1632.7,1632.7,1632.7,1632.7,1632.7,1825.0,23851.65,2691.75,1050,0,1,1922452.5,1,F1,75,,,,,
2025-04-17,2025-04-17,FO,NSE,IDO,50971,,NIFTY,,2025-12-24,2025-12-24,27000.0,CE,NIFTY25DEC27000CE,174.05,254.95,163.05,243.35,243.05,179.2,23851.65,243.35,644750,-19750,3619,7386631893.75,2055,F1,75,,,,,
2025-04-17,2025-04-17,FO,NSE,IDO,35219,,NIFTY,,2025-06-26,2025-06-26,30000.0,CE,NIFTY25JUN30000CE,9.65,10.7,8.85,10.3,10.2,9.5,23851.65,10.3,1509750,54525,3114,7008788193.75,1768,F1,75,,,,,
2025-04-17,2025-04-17,FO,NSE,IDO,62409,,NIFTY,,2025-06-26,2025-06-26,25250.0,CE,NIFTY25JUN25250CE,124.75,144.1,124.75,135.1,135.1,307.45,23851.65,312.2,525,525,30,57114060.0,9,F1,75,,,,,
2025-04-17,2025-04-17,FO,NSE,IDO,62401,,NIFTY,,2025-06-26,2025-06-26,25100.0,CE,NIFTY25JUN25100CE,0.0,0.0,0.0,345.25,0.0,345.25,23851.65,353.45,0,0,0,0.0,0,F1,75,,,,,
2025-04-17,2025-04-17,FO,NSE,IDO,62379,,NIFTY,,2025-06-26,2025-06-26,24600.0,CE,NIFTY25JUN24600CE,200.0,347.05,190.2,323.3,322.0,212.4,23851.65,323.3,12600,4275,197,367906068.75,142,F1,75,,,,,
2025-04-17,2025-04-17,FO,NSE,IDO,62345,,NIFTY,,2025-06-26,2025-06-26,23850.0,CE,NIFTY25JUN23850CE,700.0,702.95,697.55,701.75,702.95,424.45,23851.65,701.75,1500,-225,8,14729827.5,5,F1,75,,,,,
2025-04-17,2025-04-17,FO,NSE,IDO,62267,,NIFTY,,2025-06-26,2025-06-26,23100.0,CE,NIFTY25JUN23100CE,1064.85,1245.05,1064.85,1234.15,1245.05,940.0,23851.65,1234.15,2700,-150,6,10937463.75,6,F1,75,,,,,
2025-04-17,2025-04-17,FO,NSE,IDO,62122,,NIFTY,,2025-06-26,2025-06-26,21100.0,CE,NIFTY25JUN21100CE,2969.75,2969.75,2969.75,2969.75,2969.75,2908.7,23851.65,3047.1,75,75,1,1805231.25,1,F1,75,,,,,
2025-04-17,2025-04-17,FO,NSE,IDO,45865,,NIFTY,,2025-06-26,2025-06-26,17000.0,CE,NIFTY25JUN17000CE,6480.1,6919.0,6480.1,6900.0,6900.0,6516.05,23851.65,6900.0,197500,75,11,19641210.0,11,F1,75,,,,,
2025-04-17,2025-04-17,FO,NSE,IDO,61525,,NIFTY,,2025-05-29,2025-05-29,23000.0,CE,NIFTY25MAY23000CE,804.6,1152.75,744.7,1132.0,1130.0,820.85,23851.65,1132.0,1120125,-25725,13344,24005360182.5,8053,F1,75,,,,,
2025-04-17,2025-04-17,FO,NSE,IDO,61515,,NIFTY,,2025-05-29,2025-05-29,22750.0,CE,NIFTY25MAY22750CE,955.0,1354.55,955.0,1344.95,1354.55,920.95,23851.65,1344.95,8925,300,28,50533417.5,25,F1,75,,,,,
2025-04-17,2025-04-17,FO,NSE,IDO,61513,,NIFTY,,2025-05-29,2025-05-29,22700.0,CE,NIFTY25MAY22700CE,1011.95,1412.3,974.8,1386.15,1412.3,1054.05,23851.65,1386.15,264825,-2250,702,1261772437.5,494,F1,75,,,,,
2025-04-17,2025-04-17,FO,NSE,IDO,61507,,NIFTY,,2025-05-29,2025-05-29,22550.0,CE,NIFTY25MAY22550CE,1124.95,1508.3,1124.9,1508.3,1508.3,1171.1,23851.65,1567.75,6375,-675,11,19585380.0,6,F1,75,,,,,
2025-04-17,2025-04-17,FO,NSE,IDO,61323,,NIFTY,,2025-05-29,2025-05-29,20400.0,CE,NIFTY25MAY20400CE,3331.15,3490.0,3331.15,3490.0,3490.0,3054.95,23851.65,3611.05,1275,150,5,8922258.75,5,F1,75,,,,,
2025-04-17,2025-04-17,FO,NSE,IDO,46290,,NIFTY,,2025-05-15,2025-05-15,25000.0,CE,NIFTY2551525000CE,25.45,59.05,19.4,53.65,59.05,24.25,23851.65,53.65,38475,31575,1074,2017400842.5,554,F1,75,,,,,
2025-04-17,2025-04-17,FO,NSE,IDO,46258,,NIFTY,,2025-05-15,2025-05-15,24200.0,CE,NIFTY2551524200CE,132.1,241.1,132.1,219.2,221.35,46.2,23851.65,219.2,4200,4200,147,269043652.5,65,F1,75,,,,,
2025-04-17,2025-04-17,FO,NSE,IDO,46226,,NIFTY,,2025-05-15,2025-05-15,23700.0,CE,NIFTY2551523700CE,266.0,498.75,266.0,481.45,491.85,289.85,23851.65,481.45,1575,375,35,63281602.5,35,F1,75,,,,,
2025-04-17,2025-04-17,FO,NSE,IDO,46116,,NIFTY,,2025-05-15,2025-05-15,21450.0,CE,NIFTY2551521450CE,0.0,0.0,0.0,1188.7,0.0,1188.7,23851.65,2511.7,0,0,0,0.0,0,F1,75,,,,,
2025-04-17,2025-04-17,FO,NSE,IDO,46114,,NIFTY,,2025-05-15,2025-05-15,21400.0,CE,NIFTY2551521400CE,0.0,0.0,0.0,1230.1,0.0,1230.1,23851.65,2561.0,0,0,0,0.0,0,F1,75,,,,,
2025-04-17,2025-04-17,FO,NSE,IDO,46108,,NIFTY,,2025-05-15,2025-05-15,21350.0,CE,NIFTY2551521350CE,0.0,0.0,0.0,1272.0,0.0,1272.0,23851.65,2610.35,0,0,0,0.0,0,F1,75,,,,,
2025-04-17,2025-04-17,FO,NSE,IDO,46072,,NIFTY,,2025-05-15,2025-05-15,20800.0,CE,NIFTY2551520800CE,0.0,0.0,0.0,1762.95,0.0,1762.95,23851.65,3155.5,0,0,0,0.0,0,F1,75,,,,,
2025-04-17,2025-04-17,FO,NSE,IDO,38638,,NIFTY,,2025-05-08,2025-05-08,25000.0,CE,NIFTY2550825000CE,17.0,44.05,12.3,40.45,40.1,16.15,23851.65,40.45,1209900,1122675,30077,56476829898.75,14578,F1,75,,,,,
2025-04-17,2025-04-17,FO,NSE,IDO,38604,,NIFTY,,2025-05-08,2025-05-08,24350.0,CE,NIFTY2550824350CE,108.0,140.9,98.7,118.85,118.5,51.85,23851.65,118.85,5700,5625,88,161466135.0,30,F1,75,,,,,
2025-04-17,2025-04-17,FO,NSE,IDO,38544,,NIFTY,,2025-05-08,2025-05-08,23350.0,CE,NIFTY2550823350CE,369.45,691.1,351.15,691.1,691.1,411.6,23851.65,691.1,2025,-375,161,288035801.25,94,F1,75,,,,,
2025-04-17,2025-04-17,FO,NSE,IDO,38538,,NIFTY,,2025-05-08,2025-05-08,23200.0,CE,NIFTY2550823200CE,476.75,817.8,450.1,802.65,807.75,507.25,23851.65,802.65,5775,-4875,514,918737542.5,266,F1,75,,,,,
2025-04-17,2025-04-17,FO,NSE,IDO,38492,,NIFTY,,2025-05-08,2025-05-08,22450.0,CE,NIFTY2550822450CE,1470.1,1470.1,1470.1,1470.1,1470.1,1078.4,23851.65,1508.95,150,75,1,1794007.5,1,F1,75,,,,,
2025-04-17,2025-04-17,FO,NSE,IDO,38466,,NIFTY,,2025-05-08,2025-05-08,21850.0,CE,NIFTY2550821850CE,2033.95,2050.2,2031.45,2050.2,2050.2,1612.35,23851.65,2087.35,450,-600,10,17913326.25,4,F1,75,,,,,
2025-04-17,2025-04-17,FO,NSE,IDO,38458,,NIFTY,,2025-05-08,2025-05-08,21650.0,CE,NIFTY2550821650CE,2227.95,2228.6,2227.95,2228.6,2228.6,1800.75,23851.65,2284.6,525,-225,4,7163433.75,2,F1,75,,,,,
2025-04-17,2025-04-17,FO,NSE,IDO,38450,,NIFTY,,2025-05-08,2025-05-08,21450.0,CE,NIFTY2550821450CE,0.0,0.0,0.0,1962.0,0.0,1962.0,23851.65,2482.75,0,0,0,0.0,0,F1,75,,,,,
2025-04-17,2025-04-17,FO,NSE,IDO,38436,,NIFTY,,2025-05-08,2025-05-08,21100.0,CE,NIFTY2550821100CE,0.0,0.0,0.0,2299.85,0.0,2299.85,23851.65,2830.7,0,0,0,0.0,0,F1,75,,,,,
2025-04-17,2025-04-17,FO,NSE,IDO,38412,,NIFTY,,2025-05-08,2025-05-08,20500.0,CE,NIFTY2550820500CE,0.0,0.0,0.0,2890.15,0.0,2890.15,23851.65,3428.2,0,0,0,0.0,0,F1,75,,,,,
2025-04-17,2025-04-17,FO,NSE,IDO,38410,,NIFTY,,2025-05-08,2025-05-08,20450.0,CE,NIFTY2550820450CE,0.0,0.0,0.0,2939.65,0.0,2939.65,23851.65,3478.0,0,0,0,0.0,0,F1,75,,,,,
2025-04-17,2025-04-17,FO,NSE,IDO,52032,,NIFTY,,2025-04-30,2025-04-30,24800.0,CE,NIFTY2543024800CE,10.0,30.0,7.75,27.4,28.5,11.35,23851.65,27.4,309600,177525,23130,43060504211.25,13485,F1,75,,,,,
2025-04-17,2025-04-17,FO,NSE,IDO,51950,,NIFTY,,2025-04-30,2025-04-30,23550.0,CE,NIFTY2543023550CE,196.25,480.0,178.15,459.6,450.3,225.35,23851.65,459.6,34725,-3450,5291,9468678120.0,3601,F1,75,,,,,
2025-04-17,2025-04-17,FO,NSE,IDO,51914,,NIFTY,,2025-04-30,2025-04-30,22950.0,CE,NIFTY2543022950CE,618.7,958.65,618.7,958.65,958.65,618.7,23851.65,958.65,13275,-1275,27,48050298.75,24,F1,75,,,,,
2025-04-17,2025-04-17,FO,NSE,IDO,51892,,NIFTY,,2025-04-30,2025-04-30,22650.0,CE,NIFTY2543022650CE,872.65,1249.7,872.65,1249.7,1249.7,872.7,23851.65,1268.45,1050,0,2,3556676.25,2,F1,75,,,,,
2025-04-17,2025-04-17,FO,NSE,IDO,51858,,NIFTY,,2025-04-30,2025-04-30,22200.0,CE,NIFTY2543022200CE,1250.0,1689.05,1250.0,1688.05,1687.0,1294.95,23851.65,1688.05,14325,225,23,40902228.75,20,F1,75,,,,,
2025-04-17,2025-04-17,FO,NSE,IDO,51852,,NIFTY,,2025-04-30,2025-04-30,22050.0,CE,NIFTY2543022050CE,1770.0,1772.0,1762.0,1770.0,1770.0,1352.25,23851.65,1854.1,4575,3750,60,107187528.75,23,F1,75,,,,,
2025-04-17,2025-04-17,FO,NSE,IDO,51835,,NIFTY,,2025-04-30,2025-04-30,21650.0,CE,NIFTY2543021650CE,2232.45,2232.45,2232.45,2232.45,2232.45,1739.55,23851.65,2251.95,375,75,1,1791183.75,1,F1,75,,,,,
2025-04-17,2025-04-17,FO,NSE,IDO,51826,,NIFTY,,2025-04-30,2025-04-30,21450.0,CE,NIFTY2543021450CE,2425.45,2425.45,2425.45,2425.45,2425.45,1951.25,23851.65,2425.45,600,75,1,1790658.75,1,F1,75,,,,,
2025-04-17,2025-04-17,FO,NSE,IDO,51820,,NIFTY,,2025-04-30,2025-04-30,21300.0,CE,NIFTY2543021300CE,2584.95,2584.95,2584.95,2584.95,2584.95,1705.65,23851.65,2584.95,225,75,1,1791371.25,1,F1,75,,,,,
2025-04-17,2025-04-17,FO,NSE,IDO,51802,,NIFTY,,2025-04-30,2025-04-30,21100.0,CE,NIFTY2543021100CE,2775.7,2775.7,2775.7,2775.7,2775.7,2273.05,23851.65,2775.7,75,75,1,1790677.5,1,F1,75,,,,,
2025-04-17,2025-04-17,FO,NSE,IDO,51764,,NIFTY,,2025-04-30,2025-04-30,20500.0,CE,NIFTY2543020500CE,0.0,0.0,0.0,2858.9,0.0,2858.9,23851.65,3399.05,0,0,0,0.0,0,F1,75,,,,,
2025-04-17,2025-04-17,FO,NSE,IDO,79746,,NIFTY,,2025-04-24,2025-04-24,25400.0,CE,NIFTY25APR25400CE,1.8,2.95,1.3,2.4,2.2,1.75,23851.65,2.4,934050,594075,54815,104430789975.0,12383,F1,75,,,,,
2025-04-17,2025-04-17,FO,NSE,IDO,79733,,NIFTY,,2025-04-24,2025-04-24,25200.0,CE,NIFTY25APR25200CE,2.2,4.05,1.35,3.25,3.2,1.95,23851.65,3.25,1077150,752775,80740,152612690741.25,20129,F1,75,,,,,
2025-04-17,2025-04-17,FO,NSE,IDO,79731,,NIFTY,,2025-04-24,2025-04-24,25150.0,CE,NIFTY25APR25150CE,1.65,4.55,1.35,3.7,2.8,2.1,23851.65,3.7,214350,156150,15624,29474178982.5,7815,F1,75,,,,,
2025-04-17,2025-04-17,FO,NSE,IDO,79687,,NIFTY,,2025-04-24,2025-04-24,24900.0,CE,NIFTY25APR24900CE,3.05,6.95,0.05,6.1,6.5,2.85,23851.65,6.1,1376850,616425,107433,200662944251.25,43461,F1,75,,,,,
2025-04-17,2025-04-17,FO,NSE,IDO,79640,,NIFTY,,2025-04-24,2025-04-24,24500.0,CE,NIFTY25APR24500CE,6.9,22.5,4.6,20.7,22.5,8.15,23851.65,20.7,5522175,2001300,490154,901185603933.75,197429,F1,75,,,,,
2025-04-17,2025-04-17,FO,NSE,IDO,79517,,NIFTY,,2025-04-24,2025-04-24,23900.0,CE,NIFTY25APR23900CE,40.0,179.9,30.2,164.5,166.2,49.55,23851.65,164.5,1935450,188475,290441,523031456756.25,165551,F1,75,,,,,
2025-04-17,2025-04-17,FO,NSE,IDO,79446,,NIFTY,,2025-04-24,2025-04-24,23350.0,CE,NIFTY25APR23350CE,235.25,578.75,183.8,562.4,562.0,248.4,23851.65,562.4,488850,-80850,86256,152694378086.25,52707,F1,75,,,,,
2025-04-17,2025-04-17,FO,NSE,IDO,79442,,NIFTY,,2025-04-24,2025-04-24,23250.0,CE,NIFTY25APR23250CE,280.0,667.9,238.9,647.05,644.85,312.95,23851.65,647.05,123450,-99075,18247,32277427016.25,12671,F1,75,,,,,
2025-04-17,2025-04-17,FO,NSE,IDO,79440,,NIFTY,,2025-04-24,2025-04-24,23200.0,CE,NIFTY25APR23200CE,321.1,714.85,269.1,697.65,689.3,346.7,23851.65,697.65,846300,-204150,48594,86082959527.5,29188,F1,75,,,,,
2025-04-17,2025-04-17,FO,NSE,IDO,79434,,NIFTY,,2025-04-24,2025-04-24,23050.0,CE,NIFTY25APR23050CE,420.0,850.0,374.75,829.95,789.5,458.7,23851.65,829.95,141900,-14625,2284,4042937868.75,1591,F1,75,,,,,
2025-04-17,2025-04-17,FO,NSE,IDO,79256,,NIFTY,,2025-04-24,2025-04-24,21500.0,CE,NIFTY25APR21500CE,1885.5,2367.7,1847.1,2350.1,2352.65,1931.4,23851.65,2350.1,318300,-46650,1462,2600903523.75,728,F1,75,,,,,
2025-04-17,2025-04-17,FO,NSE,IDO,79247,,NIFTY,,2025-04-24,2025-04-24,21300.0,CE,NIFTY25APR21300CE,2330.0,2555.0,2330.0,2531.6,2531.6,2145.6,23851.65,2578.2,17325,-375,7,12498262.5,7,F1,75,,,,,
2025-04-17,2025-04-17,FO,NSE,IDO,79225,,NIFTY,,2025-04-24,2025-04-24,20900.0,CE,NIFTY25APR20900CE,2706.0,2945.2,2706.0,2945.2,2945.2,2452.6,23851.65,2945.2,1050,75,2,3558840.0,2,F1,75,,,,,
2025-04-17,2025-04-17,FO,NSE,IDO,48108,,NIFTY,,2025-04-17,2025-04-17,21650.0,CE,NIFTY2541721650CE,1930.9,2197.9,1930.9,2197.9,2197.9,1228.6,23851.65,23851.65,13575,-300,7,12467775.0,7,F1,75,,,,,
2025-04-17,2025-04-17,FO,NSE,IDO,48100,,NIFTY,,2025-04-17,2025-04-17,21450.0,CE,NIFTY2541721450CE,2183.75,2196.8,2183.75,2196.8,2196.8,1832.05,23851.65,23851.65,19650,-75,2,3546041.25,2,F1,75,,,,,
2025-04-17,2025-04-17,FO,NSE,IDO,48098,,NIFTY,,2025-04-17,2025-04-17,21400.0,CE,NIFTY2541721400CE,2200.0,2450.0,2196.0,2450.0,2450.0,1876.0,23851.65,23851.65,21075,-525,7,12427950.0,6,F1,75,,,,,
2025-04-17,2025-04-17,FO,NSE,IDO,67779,,NIFTY,,2028-12-28,2028-12-28,22000.0,PE,NIFTY28DEC22000PE,0.0,0.0,0.0,521.3,521.3,521.3,23851.65,536.25,225,0,0,0.0,0,F1,75,,,,,
2025-04-17,2025-04-17,FO,NSE,IDO,67777,,NIFTY,,2028-12-28,2028-12-28,21000.0,PE,NIFTY28DEC21000PE,0.0,0.0,0.0,618.05,618.05,618.05,23851.65,396.5,1250,0,0,0.0,0,F1,75,,,,,
2025-04-17,2025-04-17,FO,NSE,IDO,50979,,NIFTY,,2026-12-31,2026-12-31,27000.0,PE,NIFTY26DEC27000PE,0.0,0.0,0.0,6522.3,0.0,6522.3,23851.65,2223.1,0,0,0,0.0,0,F1,75,,,,,
2025-04-17,2025-04-17,FO,NSE,IDO,58631,,NIFTY,,2026-12-31,2026-12-31,13000.0,PE,NIFTY26DEC13000PE,0.0,0.0,0.0,20.05,20.05,20.05,23851.65,0.6,2025,0,0,0.0,0,F1,75,,,,,
2025-04-17,2025-04-17,FO,NSE,IDO,62913,,NIFTY,,2026-03-26,2026-03-26,18000.0,PE,NIFTY26MAR18000PE,0.0,0.0,0.0,16.55,0.0,16.55,23851.65,22.15,0,0,0,0.0,0,F1,75,,,,,
2025-04-17,2025-04-17,FO,NSE,IDO,35222,,NIFTY,,2025-12-24,2025-12-24,30000.0,PE,NIFTY25DEC30000PE,0.0,0.0,0.0,4200.0,4200.0,4200.0,23851.65,4952.65,900,0,0,0.0,0,F1,75,,,,,
2025-04-17,2025-04-17,FO,NSE,IDO,64703,,NIFTY,,2025-09-25,2025-09-25,29000.0,PE,NIFTY25SEP29000PE,0.0,0.0,0.0,2125.3,0.0,2125.3,23851.65,4387.7,0,0,0,0.0,0,F1,75,,,,,
2025-04-17,2025-04-17,FO,NSE,IDO,64687,,NIFTY,,2025-09-25,2025-09-25,21000.0,PE,NIFTY25SEP21000PE,190.05,194.9,150.1,155.85,160.55,188.35,23851.65,155.85,562350,34875,2244,3562841006.25,1893,F1,75,,,,,
2025-04-17,2025-04-17,FO,NSE,IDO,64681,,NIFTY,,2025-09-25,2025-09-25,18000.0,PE,NIFTY25SEP18000PE,0.0,0.0,0.0,3.05,0.0,3.05,23851.65,2.1,0,0,0,0.0,0,F1,75,,,,,
2025-04-17,2025-04-17,FO,NSE,IDO,50970,,NIFTY,,2025-06-26,2025-06-26,27000.0,PE,NIFTY25JUN27000PE,3272.25,3298.65,2870.0,2880.8,2880.0,3263.95,23851.65,2880.8,640150,17175,500,1123298505.0,218,F1,75,,,,,
2025-04-17,2025-04-17,FO,NSE,IDO,62416,,NIFTY,,2025-06-26,2025-06-26,25350.0,PE,NIFTY25JUN25350PE,0.0,0.0,0.0,1805.95,1805.95,1805.95,23851.65,1458.8,75,0,0,0.0,0,F1,75,,,,,
2025-04-17,2025-04-17,FO,NSE,IDO,62400,,NIFTY,,2025-06-26,2025-06-26,25050.0,PE,NIFTY25JUN25050PE,0.0,0.0,0.0,1864.6,1864.6,1864.6,23851.65,1242.85,150,0,0,0.0,0,F1,75,,,,,
2025-04-17,2025-04-17,FO,NSE,IDO,71382,,NIFTY,,2025-06-26,2025-06-26,25000.0,PE,NIFTY25JUN25000PE,1449.95,1505.0,1092.15,1112.75,1115.85,1427.55,23851.65,1112.75,729550,8450,1741,3422280956.25,1056,F1,75,,,,,
2025-04-17,2025-04-17,FO,NSE,IDO,62370,,NIFTY,,2025-06-26,2025-06-26,24350.0,PE,NIFTY25JUN24350PE,0.0,0.0,0.0,1033.35,1033.35,1033.35,23851.65,808.3,150,0,0,0.0,0,F1,75,,,,,
2025-04-17,2025-04-17,FO,NSE,IDO,62362,,NIFTY,,2025-06-26,2025-06-26,24250.0,PE,NIFTY25JUN24250PE,0.0,0.0,0.0,965.65,965.25,965.65,23851.65,754.5,225,0,0,0.0,0,F1,75,,,,,
2025-04-17,2025-04-17,FO,NSE,IDO,62318,,NIFTY,,2025-06-26,2025-06-26,23200.0,PE,NIFTY25JUN23200PE,450.0,460.0,297.65,314.5,310.0,428.25,23851.65,314.5,19950,8175,311,549185400.0,189,F1,75,,,,,
2025-04-17,2025-04-17,FO,NSE,IDO,62172,,NIFTY,,2025-06-26,2025-06-26,21950.0,PE,NIFTY25JUN21950PE,170.05,170.05,145.45,145.45,145.45,204.25,23851.65,79.6,3750,-675,11,18233317.5,5,F1,75,,,,,
2025-04-17,2025-04-17,FO,NSE,IDO,62098,,NIFTY,,2025-06-26,2025-06-26,20900.0,PE,NIFTY25JUN20900PE,54.15,73.45,54.15,66.4,67.0,88.35,23851.65,66.4,7425,1800,31,48752846.25,17,F1,75,,,,,
2025-04-17,2025-04-17,FO,NSE,IDO,62064,,NIFTY,,2025-06-26,2025-06-26,20450.0,PE,NIFTY25JUN20450PE,0.0,0.0,0.0,13.15,0.0,13.15,23851.65,7.25,0,0,0,0.0,0,F1,75,,,,,
2025-04-17,2025-04-17,FO,NSE,IDO,43386,,NIFTY,,2025-06-26,2025-06-26,14000.0,PE,NIFTY25JUN14000PE,6.95,8.0,6.75,7.65,7.75,7.0,23851.65,7.65,41900,150,118,123964691.25,44,F1,75,,,,,
2025-04-17,2025-04-17,FO,NSE,IDO,61724,,NIFTY,,2025-05-29,2025-05-29,24750.0,PE,NIFTY25MAY24750PE,917.25,917.25,917.25,917.25,917.25,1263.9,23851.65,980.65,675,0,1,1925043.75,1,F1,75,,,,,
2025-04-17,2025-04-17,FO,NSE,IDO,61510,,NIFTY,,2025-05-29,2025-05-29,22600.0,PE,NIFTY25MAY22600PE,197.55,205.05,118.65,126.65,123.95,193.5,23851.65,126.65,165075,-5775,6397,10913631397.5,4052,F1,75,,,,,
2025-04-17,2025-04-17,FO,NSE,IDO,61504,,NIFTY,,2025-05-29,2025-05-29,22450.0,PE,NIFTY25MAY22450PE,174.4,175.75,103.6,114.45,111.5,165.9,23851.65,114.45,8775,-1350,395,668785102.5,168,F1,75,,,,,
2025-04-17,2025-04-17,FO,NSE,IDO,61500,,NIFTY,,2025-05-29,2025-05-29,22350.0,PE,NIFTY25MAY22350PE,155.75,160.7,95.0,100.55,98.05,151.8,23851.65,100.55,9825,-9975,432,727717016.25,177,F1,75,,,,,
2025-04-17,2025-04-17,FO,NSE,IDO,61490,,NIFTY,,2025-05-29,2025-05-29,22100.0,PE,NIFTY25MAY22100PE,118.25,125.4,75.15,81.75,82.75,119.15,23851.65,81.75,98850,-29025,4028,6705459930.0,2256,F1,75,,,,,
2025-04-17,2025-04-17,FO,NSE,IDO,61398,,NIFTY,,2025-05-29,2025-05-29,21550.0,PE,NIFTY25MAY21550PE,69.5,72.35,48.8,53.95,54.25,70.85,23851.65,53.95,7575,2175,175,283616606.25,96,F1,75,,,,,
2025-04-17,2025-04-17,FO,NSE,IDO,61386,,NIFTY,,2025-05-29,2025-05-29,21300.0,PE,NIFTY25MAY21300PE,54.95,65.45,39.55,44.25,41.0,57.0,23851.65,44.25,174750,66225,3579,5730803302.5,1678,F1,75,,,,,
2025-04-17,2025-04-17,FO,NSE,IDO,61352,,NIFTY,,2025-05-29,2025-05-29,20900.0,PE,NIFTY25MAY20900PE,40.7,45.8,26.3,33.25,26.3,40.7,23851.65,33.25,56400,12600,1410,2214263002.5,815,F1,75,,,,,
2025-04-17,2025-04-17,FO,NSE,IDO,61340,,NIFTY,,2025-05-29,2025-05-29,20750.0,PE,NIFTY25MAY20750PE,0.0,0.0,0.0,81.1,0.0,81.1,23851.65,2.25,0,0,0,0.0,0,F1,75,,,,,
2025-04-17,2025-04-17,FO,NSE,IDO,61336,,NIFTY,,2025-05-29,2025-05-29,20650.0,PE,NIFTY25MAY20650PE,0.0,0.0,0.0,23.35,23.35,23.35,23851.65,1.75,975,0,0,0.0,0,F1,75,,,,,
2025-04-17,2025-04-17,FO,NSE,IDO,61334,,NIFTY,,2025-05-29,2025-05-29,20600.0,PE,NIFTY25MAY20600PE,32.4,36.8,26.0,27.5,27.7,32.4,23851.65,27.5,25125,1725,489,756650040.0,356,F1,75,,,,,
2025-04-17,2025-04-17,FO,NSE,IDO,61332,,NIFTY,,2025-05-29,2025-05-29,20550.0,PE,NIFTY25MAY20550PE,0.0,0.0,0.0,22.15,22.15,22.15,23851.65,1.3,975,0,0,0.0,0,F1,75,,,,,
2025-04-17,2025-04-17,FO,NSE,IDO,46275,,NIFTY,,2025-05-15,2025-05-15,24600.0,PE,NIFTY2551524600PE,0.0,0.0,0.0,2062.35,0.0,2062.35,23851.65,834.75,0,0,0,0.0,0,F1,75,,,,,
2025-04-17,2025-04-17,FO,NSE,IDO,46238,,NIFTY,,2025-05-15,2025-05-15,23950.0,PE,NIFTY2551523950PE,520.8,520.8,520.8,520.8,520.8,1464.6,23851.65,438.5,300,300,4,7341240.0,2,F1,75,,,,,
2025-04-17,2025-04-17,FO,NSE,IDO,46155,,NIFTY,,2025-05-15,2025-05-15,22300.0,PE,NIFTY2551522300PE,99.75,99.75,90.0,90.0,90.0,90.85,23851.65,29.8,2400,150,3,5039212.5,3,F1,75,,,,,
2025-04-17,2025-04-17,FO,NSE,IDO,46139,,NIFTY,,2025-05-15,2025-05-15,21950.0,PE,NIFTY2551521950PE,38.6,38.6,35.8,35.9,35.9,64.0,23851.65,13.1,1425,675,33,54417765.0,17,F1,75,,,,,
2025-04-17,2025-04-17,FO,NSE,IDO,46097,,NIFTY,,2025-05-15,2025-05-15,21150.0,PE,NIFTY2551521150PE,0.0,0.0,0.0,57.35,0.0,57.35,23851.65,1.35,0,0,0,0.0,0,F1,75,,,,,
2025-04-17,2025-04-17,FO,NSE,IDO,38624,,NIFTY,,2025-05-08,2025-05-08,24650.0,PE,NIFTY2550824650PE,0.0,0.0,0.0,1321.45,0.0,1321.45,23851.65,844.5,0,0,0,0.0,0,F1,75,,,,,
2025-04-17,2025-04-17,FO,NSE,IDO,38595,,NIFTY,,2025-05-08,2025-05-08,24100.0,PE,NIFTY2550824100PE,729.0,779.2,390.6,407.7,409.95,790.0,23851.65,407.7,21825,21525,387,711633037.5,197,F1,75,,,,,
2025-04-17,2025-04-17,FO,NSE,IDO,38593,,NIFTY,,2025-05-08,2025-05-08,24050.0,PE,NIFTY2550824050PE,689.9,690.75,365.0,368.2,365.0,757.0,23851.65,368.2,2925,2775,58,106460602.5,26,F1,75,,,,,
2025-04-17,2025-04-17,FO,NSE,IDO,38585,,NIFTY,,2025-05-08,2025-05-08,23900.0,PE,NIFTY2550823900PE,462.45,463.65,288.95,304.1,304.05,744.8,23851.65,304.1,109800,109800,2959,5373211537.5,2211,F1,75,,,,,
2025-04-17,2025-04-17,FO,NSE,IDO,38578,,NIFTY,,2025-05-08,2025-05-08,23750.0,PE,NIFTY2550823750PE,319.0,321.95,249.0,254.1,249.0,467.8,23851.65,254.1,2625,2175,94,169382730.0,72,F1,75,,,,,
2025-04-17,2025-04-17,FO,NSE,IDO,38552,,NIFTY,,2025-05-08,2025-05-08,23450.0,PE,NIFTY2550823450PE,345.75,353.1,165.15,168.3,166.05,313.5,23851.65,168.3,1575,1200,61,108433458.75,53,F1,75,,,,,
2025-04-17,2025-04-17,FO,NSE,IDO,38547,,NIFTY,,2025-05-08,2025-05-08,23400.0,PE,NIFTY2550823400PE,300.0,334.6,141.25,157.7,141.25,294.6,23851.65,157.7,45450,10425,2485,4405252447.5,1683,F1,75,,,,,
2025-04-17,2025-04-17,FO,NSE,IDO,38541,,NIFTY,,2025-05-08,2025-05-08,23250.0,PE,NIFTY2550823250PE,238.0,255.0,120.1,128.15,130.05,233.9,23851.65,128.15,4275,900,119,208745355.0,39,F1,75,,,,,
2025-04-17,2025-04-17,FO,NSE,IDO,38535,,NIFTY,,2025-05-08,2025-05-08,23100.0,PE,NIFTY2550823100PE,208.0,208.0,92.75,103.65,114.15,191.7,23851.65,103.65,20175,5700,415,723236801.25,308,F1,75,,,,,
2025-04-17,2025-04-17,FO,NSE,IDO,38523,,NIFTY,,2025-05-08,2025-05-08,22900.0,PE,NIFTY2550822900PE,152.9,160.0,70.0,79.65,79.5,145.5,23851.65,79.65,17700,6150,427,736303901.25,259,F1,75,,,,,
2025-04-17,2025-04-17,FO,NSE,IDO,38510,,NIFTY,,2025-05-08,2025-05-08,22750.0,PE,NIFTY2550822750PE,69.2,70.8,67.5,70.1,70.8,118.0,23851.65,70.1,5850,-2250,47,80438111.25,17,F1,75,,,,,
2025-04-17,2025-04-17,FO,NSE,IDO,38507,,NIFTY,,2025-05-08,2025-05-08,22700.0,PE,NIFTY2550822700PE,109.95,124.65,49.95,55.65,52.8,113.4,23851.65,55.65,119250,70875,3563,6082888950.0,1885,F1,75,,,,,
2025-04-17,2025-04-17,FO,NSE,IDO,38495,,NIFTY,,2025-05-08,2025-05-08,22500.0,PE,NIFTY2550822500PE,84.15,91.9,41.0,47.35,44.4,84.1,23851.65,47.35,154125,95925,6790,11488669826.25,4857,F1,75,,,,,
2025-04-17,2025-04-17,FO,NSE,IDO,38487,,NIFTY,,2025-05-08,2025-05-08,22300.0,PE,NIFTY2550822300PE,68.0,71.75,31.35,39.15,35.0,65.5,23851.65,39.15,12525,-5400,435,729087476.25,230,F1,75,,,,,
2025-04-17,2025-04-17,FO,NSE,IDO,38461,,NIFTY,,2025-05-08,2025-05-08,21700.0,PE,NIFTY2550821700PE,35.0,39.65,20.35,21.4,21.0,35.0,23851.65,21.4,2700,-750,73,118932600.0,33,F1,75,,,,,
2025-04-17,2025-04-17,FO,NSE,IDO,38455,,NIFTY,,2025-05-08,2025-05-08,21550.0,PE,NIFTY2550821550PE,21.15,24.55,19.6,23.0,21.4,28.9,23851.65,23.0,2025,-5700,121,195755463.75,40,F1,75,,,,,
2025-04-17,2025-04-17,FO,NSE,IDO,38453,,NIFTY,,2025-05-08,2025-05-08,21500.0,PE,NIFTY2550821500PE,30.05,30.05,16.55,20.75,18.1,28.65,23851.65,20.75,60375,-1050,2134,3444684438.75,1113,F1,75,,,,,
2025-04-17,2025-04-17,FO,NSE,IDO,38451,,NIFTY,,2025-05-08,2025-05-08,21450.0,PE,NIFTY2550821450PE,0.0,0.0,0.0,16.55,0.0,16.55,23851.65,1.05,0,0,0,0.0,0,F1,75,,,,,
2025-04-17,2025-04-17,FO,NSE,IDO,38435,,NIFTY,,2025-05-08,2025-05-08,21050.0,PE,NIFTY2550821050PE,0.0,0.0,0.0,5.95,0.0,5.95,23851.65,0.25,0,0,0,0.0,0,F1,75,,,,,
2025-04-17,2025-04-17,FO,NSE,IDO,38433,,NIFTY,,2025-05-08,2025-05-08,21000.0,PE,NIFTY2550821000PE,17.5,18.45,11.55,14.85,15.5,17.5,23851.65,14.85,25875,5250,470,740749863.75,167,F1,75,,,,,
2025-04-17,2025-04-17,FO,NSE,IDO,38419,,NIFTY,,2025-05-08,2025-05-08,20650.0,PE,NIFTY2550820650PE,0.0,0.0,0.0,1.85,0.0,1.85,23851.65,0.05,0,0,0,0.0,0,F1,75,,,,,
2025-04-17,2025-04-17,FO,NSE,IDO,52069,,NIFTY,,2025-04-30,2025-04-30,25250.0,PE,NIFTY2543025250PE,1404.35,1404.35,1404.35,1404.35,1404.35,2286.85,23851.65,1354.45,150,75,1,1999076.25,1,F1,75,,,,,
2025-04-17,2025-04-17,FO,NSE,IDO,52063,,NIFTY,,2025-04-30,2025-04-30,25150.0,PE,NIFTY2543025150PE,1305.05,1305.05,1304.1,1304.1,1304.1,2195.35,23851.65,1259.6,225,150,2,3968186.25,2,F1,75,,,,,
2025-04-17,2025-04-17,FO,NSE,IDO,52039,,NIFTY,,2025-04-30,2025-04-30,24850.0,PE,NIFTY2543024850PE,1001.15,1001.15,980.0,980.0,980.0,1475.8,23851.65,980.0,300,75,3,5813336.25,2,F1,75,,,,,
2025-04-17,2025-04-17,FO,NSE,IDO,51987,,NIFTY,,2025-04-30,2025-04-30,24150.0,PE,NIFTY2543024150PE,497.25,497.25,402.4,407.45,403.0,724.7,23851.65,407.45,14175,13200,195,359276692.5,180,F1,75,,,,,
2025-04-17,2025-04-17,FO,NSE,IDO,51932,,NIFTY,,2025-04-30,2025-04-30,23100.0,PE,NIFTY2543023100PE,160.0,165.25,58.15,64.35,60.0,143.65,23851.65,64.35,165075,51450,14116,24562618740.0,9492,F1,75,,,,,
2025-04-17,2025-04-17,FO,NSE,IDO,51903,,NIFTY,,2025-04-30,2025-04-30,22750.0,PE,NIFTY2543022750PE,79.45,87.7,29.25,36.05,35.65,77.55,23851.65,36.05,336450,317475,10079,17227318391.25,4138,F1,75,,,,,
2025-04-17,2025-04-17,FO,NSE,IDO,51901,,NIFTY,,2025-04-30,2025-04-30,22700.0,PE,NIFTY2543022700PE,61.0,78.3,25.3,34.3,25.3,71.5,23851.65,34.3,379800,237900,21354,36426007278.75,11215,F1,75,,,,,
2025-04-17,2025-04-17,FO,NSE,IDO,51899,,NIFTY,,2025-04-30,2025-04-30,22650.0,PE,NIFTY2543022650PE,65.5,71.9,28.25,32.3,37.5,65.5,23851.65,32.3,35925,17850,1276,2171502468.75,660,F1,75,,,,,
2025-04-17,2025-04-17,FO,NSE,IDO,51889,,NIFTY,,2025-04-30,2025-04-30,22550.0,PE,NIFTY2543022550PE,53.5,61.0,23.7,28.45,24.7,56.15,23851.65,28.45,38550,13650,2506,4244737916.25,1289,F1,75,,,,,
2025-04-17,2025-04-17,FO,NSE,IDO,51767,,NIFTY,,2025-04-30,2025-04-30,20550.0,PE,NIFTY2543020550PE,6.15,9.5,4.5,8.1,7.2,6.0,23851.65,8.1,16050,12450,541,834112920.0,221,F1,75,,,,,
2025-04-17,2025-04-17,FO,NSE,IDO,51761,,NIFTY,,2025-04-30,2025-04-30,20400.0,PE,NIFTY2543020400PE,5.7,11.75,4.2,8.1,7.4,5.7,23851.65,8.1,291375,93675,9581,14663513947.5,5284,F1,75,,,,,
2025-04-17,2025-04-17,FO,NSE,IDO,79749,,NIFTY,,2025-04-24,2025-04-24,25450.0,PE,NIFTY25APR25450PE,1614.5,1615.0,1614.5,1615.0,1615.0,2110.1,23851.65,1567.3,2325,225,3,6089580.0,3,F1,75,,,,,
2025-04-17,2025-04-17,FO,NSE,IDO,79633,,NIFTY,,2025-04-24,2025-04-24,24300.0,PE,NIFTY25APR24300PE,928.0,968.0,474.0,490.25,494.85,881.55,23851.65,490.25,77325,12825,1839,3430991028.75,1119,F1,75,,,,,
2025-04-17,2025-04-17,FO,NSE,IDO,79437,,NIFTY,,2025-04-24,2025-04-24,23100.0,PE,NIFTY25APR23100PE,93.15,108.8,32.85,38.95,33.3,92.05,23851.65,38.95,1606125,386550,189939,329948728406.25,108079,F1,75,,,,,
2025-04-17,2025-04-17,FO,NSE,IDO,79408,,NIFTY,,2025-04-24,2025-04-24,22700.0,PE,NIFTY25APR22700PE,37.85,37.95,17.3,20.75,18.6,36.45,23851.65,20.75,1664250,260100,122896,209465127723.75,65673,F1,75,,,,,
2025-04-17,2025-04-17,FO,NSE,IDO,79265,,NIFTY,,2025-04-24,2025-04-24,21700.0,PE,NIFTY25APR21700PE,8.75,9.3,5.3,6.35,6.0,8.1,23851.65,6.35,729825,294000,37165,60504102896.25,19085,F1,75,,,,,
2025-04-17,2025-04-17,FO,NSE,IDO,79257,,NIFTY,,2025-04-24,2025-04-24,21500.0,PE,NIFTY25APR21500PE,7.5,9.15,4.2,5.2,4.8,6.75,23851.65,5.2,4650975,1398750,157407,253880425571.25,49940,F1,75,,,,,
2025-04-17,2025-04-17,FO,NSE,IDO,79250,,NIFTY,,2025-04-24,2025-04-24,21350.0,PE,NIFTY25APR21350PE,4.65,6.9,3.0,4.1,3.0,5.75,23851.65,4.1,79125,25875,7316,11717111842.5,4909,F1,75,,,,,
2025-04-17,2025-04-17,FO,NSE,IDO,79224,,NIFTY,,2025-04-24,2025-04-24,20850.0,PE,NIFTY25APR20850PE,3.5,4.05,2.0,2.8,2.0,3.95,23851.65,2.8,265275,229275,13885,21715860408.75,6712,F1,75,,,,,
2025-04-17,2025-04-17,FO,NSE,IDO,79222,,NIFTY,,2025-04-24,2025-04-24,20800.0,PE,NIFTY25APR20800PE,3.6,3.75,2.05,2.6,2.3,3.85,23851.65,2.6,753300,25200,27067,42230135606.25,13913,F1,75,,,,,
2025-04-17,2025-04-17,FO,NSE,IDO,79203,,NIFTY,,2025-04-24,2025-04-24,20450.0,PE,NIFTY25APR20450PE,2.8,3.0,1.75,2.2,2.2,2.75,23851.65,2.2,182325,58050,9101,13960129121.25,4066,F1,75,,,,,
2025-04-17,2025-04-17,FO,NSE,IDO,48323,,NIFTY,,2025-04-17,2025-04-17,24150.0,PE,NIFTY2541724150PE,787.1,821.6,279.75,296.0,297.8,783.05,23851.65,23851.65,5100,3075,3570,6554943378.75,3023,F1,75,,,,,
2025-04-17,2025-04-17,FO,NSE,IDO,48315,,NIFTY,,2025-04-17,2025-04-17,24050.0,PE,NIFTY2541724050PE,691.85,711.0,179.85,196.85,197.65,675.0,23851.65,23851.65,43275,42075,24786,45114566115.0,15217,F1,75,,,,,
2025-04-17,2025-04-17,FO,NSE,IDO,48231,,NIFTY,,2025-04-17,2025-04-17,23200.0,PE,NIFTY2541723200PE,18.9,24.95,0.05,0.2,0.05,24.95,23851.65,23851.65,6234975,659325,5873029,10222323807772.5,1413900,F1,75,,,,,
2025-04-17,2025-04-17,FO,NSE,IDO,48133,,NIFTY,,2025-04-17,2025-04-17,22150.0,PE,NIFTY2541722150PE,0.65,0.9,0.05,0.1,0.05,1.6,23851.65,23851.65,308700,-263325,118543,196933287723.75,23575,F1,75,,,,,
2025-04-17,2025-04-17,FO,NSE,IDO,48131,,NIFTY,,2025-04-17,2025-04-17,22100.0,PE,NIFTY2541722100PE,0.7,0.85,0.05,0.1,0.05,1.5,23851.65,23851.65,1263825,174600,275810,457161722283.75,45883,F1,75,,,,,
2025-04-17,2025-04-17,FO,NSE,IDO,48127,,NIFTY,,2025-04-17,2025-04-17,22000.0,PE,NIFTY2541722000PE,0.8,0.9,0.05,0.1,0.05,1.4,23851.65,23851.65,2808675,-2851500,549072,905982865218.75,82147,F1,75,,,,,
2025-04-17,2025-04-17,FO,NSE,IDO,48111,,NIFTY,,2025-04-17,2025-04-17,21700.0,PE,NIFTY2541721700PE,0.5,0.8,0.05,0.1,0.05,1.15,23851.65,23851.65,309075,-775800,122224,198922740603.75,22095,F1,75,,,,,
2025-04-17,2025-04-17,FO,NSE,IDO,47983,,NIFTY,,2025-04-17,2025-04-17,20400.0,PE,NIFTY2541720400PE,0.5,0.75,0.05,0.1,0.05,0.4,23851.65,23851.65,5055150,-1664400,875757,1339920240562.5,105785,F1,75,,,,,
2025-04-17,2025-04-17,FO,NSE,IDO,61659,,NIFTY,,2029-12-27,2029-12-27,21000.0,CE,NIFTY29DEC21000CE,0.0,0.0,0.0,9463.95,0.0,9463.95,23851.65,8967.2,0,0,0,0.0,0,F1,75,,,,,
2025-04-17,2025-04-17,FO,NSE,IDO,89640,,NIFTY,,2029-06-28,2029-06-28,29000.0,CE,NIFTY29JUN29000CE,0.0,0.0,0.0,5677.9,0.0,5677.9,23851.65,4285.75,0,0,0,0.0,0,F1,75,,,,,
2025-04-17,2025-04-17,FO,NSE,IDO,67768,,NIFTY,,2028-12-28,2028-12-28,17000.0,CE,NIFTY28DEC17000CE,0.0,0.0,0.0,10036.4,0.0,10036.4,23851.65,10707.65,0,0,0,0.0,0,F1,75,,,,,
2025-04-17,2025-04-17,FO,NSE,IDO,53631,,NIFTY,,2027-12-30,2027-12-30,27000.0,CE,NIFTY27DEC27000CE,0.0,0.0,0.0,2889.8,0.0,2889.8,23851.65,3325.6,0,0,0,0.0,0,F1,75,,,,,
2025-04-17,2025-04-17,FO,NSE,IDO,50981,,NIFTY,,2027-06-24,2027-06-24,27000.0,CE,NIFTY27JUN27000CE,0.0,0.0,0.0,1932.5,0.0,1932.5,23851.65,2659.05,0,0,0,0.0,0,F1,75,,,,,
2025-04-17,2025-04-17,FO,NSE,IDO,38158,,NIFTY,,2026-12-31,2026-12-31,29000.0,CE,NIFTY26DEC29000CE,0.0,0.0,0.0,480.0,480.0,480.0,23851.65,1351.05,450,0,0,0.0,0,F1,75,,,,,
2025-04-17,2025-04-17,FO,NSE,IDO,50547,,NIFTY,,2026-12-31,2026-12-31,28000.0,CE,NIFTY26DEC28000CE,0.0,0.0,0.0,650.0,650.0,650.0,23851.65,1661.05,2700,0,0,0.0,0,F1,75,,,,,
2025-04-17,2025-04-17,FO,NSE,IDO,50556,,NIFTY,,2026-06-25,2026-06-25,18000.0,CE,NIFTY26JUN18000CE,0.0,0.0,0.0,7400.0,7400.0,7400.0,23851.65,7281.85,100,0,0,0.0,0,F1,75,,,,,
2025-04-17,2025-04-17,FO,NSE,IDO,62935,,NIFTY,,2026-03-26,2026-03-26,29000.0,CE,NIFTY26MAR29000CE,0.0,0.0,0.0,440.5,0.0,440.5,23851.65,507.95,0,0,0,0.0,0,F1,75,,,,,
2025-04-17,2025-04-17,FO,NSE,IDO,38152,,NIFTY,,2025-12-24,2025-12-24,29000.0,CE,NIFTY25DEC29000CE,54.5,81.45,54.35,71.95,70.95,57.75,23851.65,71.95,181725,73575,1623,3538899952.5,1178,F1,75,,,,,
2025-04-17,2025-04-17,FO,NSE,IDO,36688,,NIFTY,,2025-12-24,2025-12-24,19500.0,CE,NIFTY25DEC19500CE,0.0,0.0,0.0,4000.0,4000.0,4000.0,23851.65,5287.6,1150,0,0,0.0,0,F1,75,,,,,
2025-04-17,2025-04-17,FO,NSE,IDO,64692,,NIFTY,,2025-09-25,2025-09-25,24000.0,CE,NIFTY25SEP24000CE,832.6,1064.85,802.0,1045.25,1044.9,848.5,23851.65,1045.25,275025,12750,1683,3151422341.25,1390,F1,75,,,,,
2025-04-17,2025-04-17,FO,NSE,IDO,71383,,NIFTY,,2025-06-26,2025-06-26,26000.0,CE,NIFTY25JUN26000CE,26.95,56.9,26.95,49.7,50.85,34.05,23851.65,49.7,1385775,67750,16876,32963591490.0,7819,F1,75,,,,,
2025-04-17,2025-04-17,FO,NSE,IDO,62395,,NIFTY,,2025-06-26,2025-06-26,24900.0,CE,NIFTY25JUN24900CE,131.65,231.0,126.1,222.15,223.6,142.15,23851.65,222.15,3300,450,90,169353172.5,41,F1,75,,,,,
2025-04-17,2025-04-17,FO,NSE,IDO,62363,,NIFTY,,2025-06-26,2025-06-26,24300.0,CE,NIFTY25JUN24300CE,309.75,474.9,286.0,457.3,465.8,308.25,23851.65,457.3,11400,3300,222,411237795.0,119,F1,75,,,,,
2025-04-17,2025-04-17,FO,NSE,IDO,71379,,NIFTY,,2025-06-26,2025-06-26,24000.0,CE,NIFTY25JUN24000CE,408.45,634.9,383.5,612.7,613.5,427.95,23851.65,612.7,1119525,-87950,16905,31104983962.5,10130,F1,75,,,,,
2025-04-17,2025-04-17,FO,NSE,IDO,62347,,NIFTY,,2025-06-26,2025-06-26,23900.0,CE,NIFTY25JUN23900CE,430.0,690.0,401.0,685.1,683.2,470.8,23851.65,685.1,8850,4050,112,205959982.5,70,F1,75,,,,,
2025-04-17,2025-04-17,FO,NSE,IDO,62193,,NIFTY,,2025-06-26,2025-06-26,22350.0,CE,NIFTY25JUN22350CE,1834.55,1834.55,1834.55,1834.55,1834.55,1440.2,23851.65,1921.4,525,75,1,1813841.25,1,F1,75,,,,,
2025-04-17,2025-04-17,FO,NSE,IDO,62175,,NIFTY,,2025-06-26,2025-06-26,22100.0,CE,NIFTY25JUN22100CE,1659.15,2059.9,1659.15,2059.9,2059.9,1600.0,23851.65,2059.9,825,-225,5,8940337.5,3,F1,75,,,,,
2025-04-17,2025-04-17,FO,NSE,IDO,62147,,NIFTY,,2025-06-26,2025-06-26,21600.0,CE,NIFTY25JUN21600CE,2497.05,2497.05,2497.05,2497.05,2497.05,2073.35,23851.65,2579.9,450,75,1,1807278.75,1,F1,75,,,,,
2025-04-17,2025-04-17,FO,NSE,IDO,62143,,NIFTY,,2025-06-26,2025-06-26,21500.0,CE,NIFTY25JUN21500CE,2235.35,2595.0,2235.35,2595.0,2595.0,2218.7,23851.65,2595.0,12750,225,44,79422048.75,18,F1,75,,,,,
2025-04-17,2025-04-17,FO,NSE,IDO,62091,,NIFTY,,2025-06-26,2025-06-26,20900.0,CE,NIFTY25JUN20900CE,3167.05,3167.05,3167.05,3167.05,3167.05,3095.6,23851.65,3238.05,75,75,1,1805028.75,1,F1,75,,,,,
2025-04-17,2025-04-17,FO,NSE,IDO,61767,,NIFTY,,2025-05-29,2025-05-29,25300.0,CE,NIFTY25MAY25300CE,23.25,55.8,20.55,51.65,52.0,25.3,23851.65,51.65,131625,63225,7563,14375708047.5,4750,F1,75,,,,,
2025-04-17,2025-04-17,FO,NSE,IDO,61753,,NIFTY,,2025-05-29,2025-05-29,24950.0,CE,NIFTY25MAY24950CE,0.0,0.0,0.0,57.55,55.4,57.55,23851.65,221.45,24450,0,0,0.0,0,F1,75,,,,,
2025-04-17,2025-04-17,FO,NSE,IDO,61549,,NIFTY,,2025-05-29,2025-05-29,23600.0,CE,NIFTY25MAY23600CE,429.05,698.45,388.4,672.25,670.4,439.9,23851.65,672.25,184125,113400,7746,14046881122.5,5925,F1,75,,,,,
2025-04-17,2025-04-17,FO,NSE,IDO,61533,,NIFTY,,2025-05-29,2025-05-29,23200.0,CE,NIFTY25MAY23200CE,647.05,990.0,613.0,969.4,961.7,682.9,23851.65,969.4,158100,21150,2290,4130873100.0,1801,F1,75,,,,,
2025-04-17,2025-04-17,FO,NSE,IDO,61509,,NIFTY,,2025-05-29,2025-05-29,22600.0,CE,NIFTY25MAY22600CE,1070.0,1490.0,1050.9,1457.15,1471.15,1125.05,23851.65,1457.15,103950,-600,209,375770902.5,114,F1,75,,,,,
2025-04-17,2025-04-17,FO,NSE,IDO,61495,,NIFTY,,2025-05-29,2025-05-29,22250.0,CE,NIFTY25MAY22250CE,0.0,0.0,0.0,1351.6,1351.6,1351.6,23851.65,1830.55,2025,0,0,0.0,0,F1,75,,,,,
2025-04-17,2025-04-17,FO,NSE,IDO,61487,,NIFTY,,2025-05-29,2025-05-29,22050.0,CE,NIFTY25MAY22050CE,1972.7,1972.95,1972.7,1972.85,1972.95,1529.7,23851.65,1972.85,2175,150,2,3603423.75,2,F1,75,,,,,
2025-04-17,2025-04-17,FO,NSE,IDO,61379,,NIFTY,,2025-05-29,2025-05-29,21300.0,CE,NIFTY25MAY21300CE,2674.15,2674.15,2674.15,2674.15,2674.15,2192.05,23851.65,2674.15,2550,75,1,1798061.25,1,F1,75,,,,,
2025-04-17,2025-04-17,FO,NSE,IDO,61371,,NIFTY,,2025-05-29,2025-05-29,21150.0,CE,NIFTY25MAY21150CE,2818.15,2818.15,2818.15,2818.15,2818.15,2330.75,23851.65,2872.15,1725,75,1,1797611.25,1,F1,75,,,,,
2025-04-17,2025-04-17,FO,NSE,IDO,61351,,NIFTY,,2025-05-29,2025-05-29,20900.0,CE,NIFTY25MAY20900CE,3059.5,3059.5,3059.5,3059.5,3059.5,2567.65,23851.65,3117.4,1575,75,1,1796962.5,1,F1,75,,,,,
2025-04-17,2025-04-17,FO,NSE,IDO,61339,,NIFTY,,2025-05-29,2025-05-29,20750.0,CE,NIFTY25MAY20750CE,3207.65,3207.65,3207.65,3207.65,3207.65,2710.95,23851.65,3207.65,975,75,1,1796823.75,1,F1,75,,,,,
2025-04-17,2025-04-17,FO,NSE,IDO,61327,,NIFTY,,2025-05-29,2025-05-29,20450.0,CE,NIFTY25MAY20450CE,0.0,0.0,0.0,2999.25,2999.25,2999.25,23851.65,3561.55,975,0,0,0.0,0,F1,75,,,,,
2025-04-17,2025-04-17,FO,NSE,IDO,46286,,NIFTY,,2025-05-15,2025-05-15,24900.0,CE,NIFTY2551524900CE,0.0,0.0,0.0,12.4,0.0,12.4,23851.65,136.7,0,0,0,0.0,0,F1,75,,,,,
2025-04-17,2025-04-17,FO,NSE,IDO,46272,,NIFTY,,2025-05-15,2025-05-15,24550.0,CE,NIFTY2551524550CE,0.0,0.0,0.0,24.55,0.0,24.55,23851.65,223.25,0,0,0,0.0,0,F1,75,,,,,
2025-04-17,2025-04-17,FO,NSE,IDO,46203,,NIFTY,,2025-05-15,2025-05-15,23250.0,CE,NIFTY2551523250CE,517.95,690.0,489.95,610.55,610.55,540.6,23851.65,891.45,375,225,24,42892110.0,13,F1,75,,,,,
2025-04-17,2025-04-17,FO,NSE,IDO,46174,,NIFTY,,2025-05-15,2025-05-15,22750.0,CE,NIFTY2551522750CE,0.0,0.0,0.0,367.3,0.0,367.3,23851.65,1289.2,0,0,0,0.0,0,F1,75,,,,,
2025-04-17,2025-04-17,FO,NSE,IDO,46168,,NIFTY,,2025-05-15,2025-05-15,22600.0,CE,NIFTY2551522600CE,0.0,0.0,0.0,433.75,0.0,433.75,23851.65,1419.85,0,0,0,0.0,0,F1,75,,,,,
2025-04-17,2025-04-17,FO,NSE,IDO,46135,,NIFTY,,2025-05-15,2025-05-15,21900.0,CE,NIFTY2551521900CE,2011.85,2011.85,2011.85,2011.85,2011.85,844.55,23851.65,2072.1,300,300,4,7173555.0,4,F1,75,,,,,
2025-04-17,2025-04-17,FO,NSE,IDO,46130,,NIFTY,,2025-05-15,2025-05-15,21800.0,CE,NIFTY2551521800CE,0.0,0.0,0.0,894.2,894.2,894.2,23851.65,2169.0,150,0,0,0.0,0,F1,75,,,,,
2025-04-17,2025-04-17,FO,NSE,IDO,46103,,NIFTY,,2025-05-15,2025-05-15,21300.0,CE,NIFTY2551521300CE,0.0,0.0,0.0,1314.5,0.0,1314.5,23851.65,2659.75,0,0,0,0.0,0,F1,75,,,,,
2025-04-17,2025-04-17,FO,NSE,IDO,38582,,NIFTY,,2025-05-08,2025-05-08,23850.0,CE,NIFTY2550823850CE,180.0,360.65,180.0,321.3,327.45,140.0,23851.65,321.3,11325,9450,259,469510233.75,116,F1,75,,,,,
2025-04-17,2025-04-17,FO,NSE,IDO,38540,,NIFTY,,2025-05-08,2025-05-08,23250.0,CE,NIFTY2550823250CE,450.0,762.45,450.0,746.35,741.2,469.45,23851.65,746.35,600,225,16,28592906.25,12,F1,75,,,,,
2025-04-17,2025-04-17,FO,NSE,IDO,38524,,NIFTY,,2025-05-08,2025-05-08,22950.0,CE,NIFTY2550822950CE,1004.8,1004.8,1004.8,1004.8,1004.8,701.5,23851.65,1062.05,1275,75,1,1796610.0,1,F1,75,,,,,
2025-04-17,2025-04-17,FO,NSE,IDO,38511,,NIFTY,,2025-05-08,2025-05-08,22800.0,CE,NIFTY2550822800CE,811.1,1147.8,758.1,1134.75,1138.65,799.0,23851.65,1134.75,5850,-1275,43,76739786.25,43,F1,75,,,,,
2025-04-17,2025-04-17,FO,NSE,IDO,38504,,NIFTY,,2025-05-08,2025-05-08,22650.0,CE,NIFTY2550822650CE,1286.25,1286.25,1286.25,1286.25,1286.25,888.35,23851.65,1324.65,525,75,1,1795218.75,1,F1,75,,,,,
2025-04-17,2025-04-17,FO,NSE,IDO,38478,,NIFTY,,2025-05-08,2025-05-08,22100.0,CE,NIFTY2550822100CE,1789.45,1790.4,1789.45,1790.4,1790.4,1300.0,23851.65,1843.1,375,0,2,3583488.75,2,F1,75,,,,,
2025-04-17,2025-04-17,FO,NSE,IDO,38462,,NIFTY,,2025-05-08,2025-05-08,21750.0,CE,NIFTY2550821750CE,2130.85,2131.8,2130.85,2131.8,2131.8,1706.9,23851.65,2185.8,675,75,2,3582198.75,2,F1,75,,,,,
2025-04-17,2025-04-17,FO,NSE,IDO,38460,,NIFTY,,2025-05-08,2025-05-08,21700.0,CE,NIFTY2550821700CE,1950.65,2180.5,1950.65,2180.5,2180.5,1400.2,23851.65,2235.15,375,-75,2,3564836.25,2,F1,75,,,,,
2025-04-17,2025-04-17,FO,NSE,IDO,38454,,NIFTY,,2025-05-08,2025-05-08,21550.0,CE,NIFTY2550821550CE,2328.05,2328.05,2328.05,2328.05,2328.05,1950.1,23851.65,2383.6,675,0,1,1790853.75,1,F1,75,,,,,
2025-04-17,2025-04-17,FO,NSE,IDO,38452,,NIFTY,,2025-05-08,2025-05-08,21500.0,CE,NIFTY2550821500CE,2376.6,2377.6,2376.6,2377.6,2377.6,1946.2,23851.65,2433.15,450,0,2,3581565.0,2,F1,75,,,,,
2025-04-17,2025-04-17,FO,NSE,IDO,38444,,NIFTY,,2025-05-08,2025-05-08,21300.0,CE,NIFTY2550821300CE,0.0,0.0,0.0,2105.85,0.0,2105.85,23851.65,2631.75,0,0,0,0.0,0,F1,75,,,,,
2025-04-17,2025-04-17,FO,NSE,IDO,38438,,NIFTY,,2025-05-08,2025-05-08,21150.0,CE,NIFTY2550821150CE,0.0,0.0,0.0,2251.15,0.0,2251.15,23851.65,2780.95,0,0,0,0.0,0,F1,75,,,,,
2025-04-17,2025-04-17,FO,NSE,IDO,52062,,NIFTY,,2025-04-30,2025-04-30,25150.0,CE,NIFTY2543025150CE,6.0,16.6,4.6,14.3,15.25,6.6,23851.65,14.3,11475,5400,487,919043636.25,256,F1,75,,,,,
2025-04-17,2025-04-17,FO,NSE,IDO,52054,,NIFTY,,2025-04-30,2025-04-30,25050.0,CE,NIFTY2543025050CE,6.55,19.8,5.05,17.3,15.7,6.8,23851.65,17.3,24000,14550,973,1829129077.5,533,F1,75,,,,,
2025-04-17,2025-04-17,FO,NSE,IDO,52030,,NIFTY,,2025-04-30,2025-04-30,24750.0,CE,NIFTY2543024750CE,13.75,32.75,7.15,30.0,32.15,13.05,23851.65,30.0,25950,18300,2479,4606206907.5,1309,F1,75,,,,,
2025-04-17,2025-04-17,FO,NSE,IDO,52014,,NIFTY,,2025-04-30,2025-04-30,24600.0,CE,NIFTY2543024600CE,15.85,43.95,11.75,40.5,42.3,17.2,23851.65,40.5,342975,189525,22227,41061357442.5,14193,F1,75,,,,,
2025-04-17,2025-04-17,FO,NSE,IDO,51954,,NIFTY,,2025-04-30,2025-04-30,23600.0,CE,NIFTY2543023600CE,183.7,446.45,159.0,426.15,420.35,201.25,23851.65,426.15,271575,51300,25312,45370069942.5,17714,F1,75,,,,,
2025-04-17,2025-04-17,FO,NSE,IDO,51937,,NIFTY,,2025-04-30,2025-04-30,23250.0,CE,NIFTY2543023250CE,356.0,719.25,329.1,701.75,680.6,400.2,23851.65,701.75,12825,-12375,1011,1799142971.25,714,F1,75,,,,,
2025-04-17,2025-04-17,FO,NSE,IDO,51884,,NIFTY,,2025-04-30,2025-04-30,22550.0,CE,NIFTY2543022550CE,922.65,1354.7,898.0,1354.7,1354.7,946.3,23851.65,1354.7,7575,-150,9,16033725.0,7,F1,75,,,,,
2025-04-17,2025-04-17,FO,NSE,IDO,51850,,NIFTY,,2025-04-30,2025-04-30,22000.0,CE,NIFTY2543022000CE,1400.0,1895.0,1390.0,1878.4,1875.0,1482.45,23851.65,1878.4,222975,21675,660,1176485227.5,262,F1,75,,,,,
2025-04-17,2025-04-17,FO,NSE,IDO,51844,,NIFTY,,2025-04-30,2025-04-30,21850.0,CE,NIFTY2543021850CE,2035.8,2035.8,2035.8,2035.8,2035.8,1562.85,23851.65,2052.75,600,75,1,1791435.0,1,F1,75,,,,,
2025-04-17,2025-04-17,FO,NSE,IDO,51788,,NIFTY,,2025-04-30,2025-04-30,20900.0,CE,NIFTY2543020900CE,2974.0,2974.0,2974.0,2974.0,2974.0,2466.9,23851.65,2974.0,75,75,1,1790550.0,1,F1,75,,,,,
2025-04-17,2025-04-17,FO,NSE,IDO,51766,,NIFTY,,2025-04-30,2025-04-30,20550.0,CE,NIFTY2543020550CE,3343.15,3343.15,3343.15,3343.15,3343.15,2809.7,23851.65,3343.15,75,75,1,1791986.25,1,F1,75,,,,,
2025-04-17,2025-04-17,FO,NSE,IDO,79727,,NIFTY,,2025-04-24,2025-04-24,25050.0,CE,NIFTY25APR25050CE,1.65,5.7,1.35,4.55,3.9,2.35,23851.65,4.55,297600,214200,30967,58186600098.75,12861,F1,75,,,,,
2025-04-17,2025-04-17,FO,NSE,IDO,79676,,NIFTY,,2025-04-24,2025-04-24,24850.0,CE,NIFTY25APR24850CE,3.1,7.55,1.6,6.95,7.0,3.15,23851.65,6.95,957750,343425,64426,120094691640.0,22387,F1,75,,,,,
2025-04-17,2025-04-17,FO,NSE,IDO,79644,,NIFTY,,2025-04-24,2025-04-24,24600.0,CE,NIFTY25APR24600CE,6.2,16.0,2.65,14.85,15.95,6.2,23851.65,14.85,1583325,1001100,161253,297638660362.5,77849,F1,75,,,,,
2025-04-17,2025-04-17,FO,NSE,IDO,79642,,NIFTY,,2025-04-24,2025-04-24,24550.0,CE,NIFTY25APR24550CE,5.0,19.2,3.9,16.95,19.2,7.1,23851.65,16.95,750450,611775,66942,123322479195.0,34694,F1,75,,,,,
2025-04-17,2025-04-17,FO,NSE,IDO,79616,,NIFTY,,2025-04-24,2025-04-24,24250.0,CE,NIFTY25APR24250CE,14.95,56.9,9.45,50.6,44.9,16.45,23851.65,50.6,409950,182325,77921,141915752107.5,45443,F1,75,,,,,
2025-04-17,2025-04-17,FO,NSE,IDO,79555,,NIFTY,,2025-04-24,2025-04-24,24150.0,CE,NIFTY25APR24150CE,20.95,81.45,13.0,71.15,71.55,22.0,23851.65,71.15,427275,163050,92274,167453666407.5,57040,F1,75,,,,,
2025-04-17,2025-04-17,FO,NSE,IDO,79519,,NIFTY,,2025-04-24,2025-04-24,23950.0,CE,NIFTY25APR23950CE,38.9,156.15,25.45,141.45,143.1,41.7,23851.65,141.45,486075,67425,102484,184822742827.5,70362,F1,75,,,,,
2025-04-17,2025-04-17,FO,NSE,IDO,79507,,NIFTY,,2025-04-24,2025-04-24,23650.0,CE,NIFTY25APR23650CE,90.15,332.35,72.4,317.65,321.2,109.35,23851.65,317.65,371100,-60300,100757,180046872900.0,66771,F1,75,,,,,
2025-04-17,2025-04-17,FO,NSE,IDO,79501,,NIFTY,,2025-04-24,2025-04-24,23500.0,CE,NIFTY25APR23500CE,150.0,449.9,118.15,430.35,425.1,168.55,23851.65,430.35,5073150,-525150,440720,784464128493.75,260066,F1,75,,,,,
2025-04-17,2025-04-17,FO,NSE,IDO,79403,,NIFTY,,2025-04-24,2025-04-24,22700.0,CE,NIFTY25APR22700CE,733.8,1186.9,667.4,1161.9,1163.85,765.85,23851.65,1161.9,564600,-58800,2625,4658991198.75,1637,F1,75,,,,,
2025-04-17,2025-04-17,FO,NSE,IDO,79384,,NIFTY,,2025-04-24,2025-04-24,22350.0,CE,NIFTY25APR22350CE,1068.65,1523.4,1000.0,1503.85,1523.4,1086.85,23851.65,1503.85,42225,-5850,118,210083617.5,90,F1,75,,,,,
2025-04-17,2025-04-17,FO,NSE,IDO,79245,,NIFTY,,2025-04-24,2025-04-24,21250.0,CE,NIFTY25APR21250CE,2584.7,2586.0,2584.7,2586.0,2586.0,2081.3,23851.65,2628.15,12750,0,2,3575302.5,2,F1,75,,,,,
2025-04-17,2025-04-17,FO,NSE,IDO,79215,,NIFTY,,2025-04-24,2025-04-24,20650.0,CE,NIFTY25APR20650CE,3206.25,3206.25,3206.25,3206.25,3206.25,2675.95,23851.65,3206.25,450,75,1,1789218.75,1,F1,75,,,,,
2025-04-17,2025-04-17,FO,NSE,IDO,48415,,NIFTY,,2025-04-17,2025-04-17,25300.0,CE,NIFTY2541725300CE,0.3,0.6,0.05,0.1,0.05,0.4,23851.65,23851.65,981525,-744225,163818,310847832375.0,22450,F1,75,,,,,
2025-04-17,2025-04-17,FO,NSE,IDO,48339,,NIFTY,,2025-04-17,2025-04-17,24550.0,CE,NIFTY2541724550CE,0.65,0.9,0.05,0.1,0.05,0.65,23851.65,23851.65,697875,-898650,272699,502114033976.25,47355,F1,75,,,,,
2025-04-17,2025-04-17,FO,NSE,IDO,48333,,NIFTY,,2025-04-17,2025-04-17,24400.0,CE,NIFTY2541724400CE,0.5,1.0,0.05,0.1,0.05,0.9,23851.65,23851.65,2197950,-598125,750736,1373868948543.75,127474,F1,75,,,,,
2025-04-17,2025-04-17,FO,NSE,IDO,48331,,NIFTY,,2025-04-17,2025-04-17,24350.0,CE,NIFTY2541724350CE,0.6,1.1,0.05,0.15,0.05,1.0,23851.65,23851.65,3365550,2460975,1294457,2364044017751.25,247599,F1,75,,,,,
2025-04-17,2025-04-17,FO,NSE,IDO,48267,,NIFTY,,2025-04-17,2025-04-17,23550.0,CE,NIFTY2541723550CE,26.0,324.85,4.95,303.05,302.3,32.4,23851.65,23851.65,4732350,1402950,4262566,7543752496001.25,1640601,F1,75,,,,,
2025-04-17,2025-04-17,FO,NSE,IDO,48264,,NIFTY,,2025-04-17,2025-04-17,23500.0,CE,NIFTY2541723500CE,34.3,374.3,7.2,353.1,352.1,42.75,23851.65,23851.65,7355175,-786750,6594204,11648114702812.5,2569725,F1,75,,,,,
2025-04-17,2025-04-17,FO,NSE,IDO,48198,,NIFTY,,2025-04-17,2025-04-17,22800.0,CE,NIFTY2541722800CE,585.0,1070.0,485.0,1050.95,1051.85,593.15,23851.65,23851.65,576300,-201375,7418,13087606200.0,5271,F1,75,,,,,
2025-04-17,2025-04-17,FO,NSE,IDO,48132,,NIFTY,,2025-04-17,2025-04-17,22150.0,CE,NIFTY2541722150CE,1295.05,1706.85,1175.85,1699.6,1700.0,1257.9,23851.65,23851.65,28425,-3675,99,175036346.25,57,F1,75,,,,,
2025-04-17,2025-04-17,FO,NSE,IDO,62266,,NIFTY,,2025-06-26,2025-06-26,23050.0,PE,NIFTY25JUN23050PE,273.1,273.1,267.0,267.0,267.0,378.55,23851.65,267.0,675,75,3,5246782.5,2,F1,75,,,,,
2025-04-17,2025-04-17,FO,NSE,IDO,62202,,NIFTY,,2025-06-26,2025-06-26,22550.0,PE,NIFTY25JUN22550PE,206.0,206.0,186.65,192.65,196.3,260.75,23851.65,192.65,1950,-1200,18,30706522.5,7,F1,75,,,,,
2025-04-17,2025-04-17,FO,NSE,IDO,62192,,NIFTY,,2025-06-26,2025-06-26,22300.0,PE,NIFTY25JUN22300PE,221.9,230.5,150.05,161.6,160.5,215.0,23851.65,161.6,35775,-525,436,734911477.5,281,F1,75,,,,,
2025-04-17,2025-04-17,FO,NSE,IDO,62164,,NIFTY,,2025-06-26,2025-06-26,21800.0,PE,NIFTY25JUN21800PE,146.15,157.0,105.65,110.8,110.0,149.85,23851.65,110.8,69150,675,612,1006442287.5,296,F1,75,,,,,
2025-04-17,2025-04-17,FO,NSE,IDO,62138,,NIFTY,,2025-06-26,2025-06-26,21350.0,PE,NIFTY25JUN21350PE,100.0,102.0,85.4,89.8,90.7,110.95,23851.65,89.8,4425,3975,112,180180990.0,20,F1,75,,,,,
2025-04-17,2025-04-17,FO,NSE,IDO,62076,,NIFTY,,2025-06-26,2025-06-26,20700.0,PE,NIFTY25JUN20700PE,0.0,0.0,0.0,19.9,0.0,19.9,23851.65,11.55,0,0,0,0.0,0,F1,75,,,,,
2025-04-17,2025-04-17,FO,NSE,IDO,45866,,NIFTY,,2025-06-26,2025-06-26,17000.0,PE,NIFTY25JUN17000PE,12.55,13.6,12.05,12.85,12.7,13.1,23851.65,12.85,196425,-8700,783,999077970.0,283,F1,75,,,,,
2025-04-17,2025-04-17,FO,NSE,IDO,61766,,NIFTY,,2025-05-29,2025-05-29,25250.0,PE,NIFTY25MAY25250PE,1350.6,1362.4,1338.7,1338.7,1338.7,1813.6,23851.65,1357.6,375,75,4,7979280.0,4,F1,75,,,,,
2025-04-17,2025-04-17,FO,NSE,IDO,61688,,NIFTY,,2025-05-29,2025-05-29,24600.0,PE,NIFTY25MAY24600PE,1145.0,1160.0,792.45,803.2,794.1,1135.5,23851.65,803.2,18975,3675,181,346517313.75,105,F1,75,,,,,
2025-04-17,2025-04-17,FO,NSE,IDO,61686,,NIFTY,,2025-05-29,2025-05-29,24550.0,PE,NIFTY25MAY24550PE,804.3,804.3,766.1,766.4,766.4,1096.85,23851.65,846.05,750,75,3,5699010.0,3,F1,75,,,,,
2025-04-17,2025-04-17,FO,NSE,IDO,61678,,NIFTY,,2025-05-29,2025-05-29,24350.0,PE,NIFTY25MAY24350PE,820.0,834.05,629.95,644.55,640.4,958.0,23851.65,644.55,2550,1875,70,131526255.0,40,F1,75,,,,,
2025-04-17,2025-04-17,FO,NSE,IDO,61668,,NIFTY,,2025-05-29,2025-05-29,24100.0,PE,NIFTY25MAY24100PE,798.0,832.9,493.6,509.85,507.7,763.4,23851.65,509.85,42975,22950,1364,2523006056.25,1008,F1,75,,,,,
2025-04-17,2025-04-17,FO,NSE,IDO,61556,,NIFTY,,2025-05-29,2025-05-29,23750.0,PE,NIFTY25MAY23750PE,578.95,613.15,353.9,367.2,371.5,571.0,23851.65,367.2,11925,10125,637,1153900732.5,426,F1,75,,,,,
2025-04-17,2025-04-17,FO,NSE,IDO,61526,,NIFTY,,2025-05-29,2025-05-29,23000.0,PE,NIFTY25MAY23000PE,303.0,305.8,172.55,182.5,180.4,279.3,23851.65,182.5,2196300,380475,47685,83074619028.75,26656,F1,75,,,,,
2025-04-17,2025-04-17,FO,NSE,IDO,61516,,NIFTY,,2025-05-29,2025-05-29,22750.0,PE,NIFTY25MAY22750PE,230.0,234.0,137.05,144.9,141.05,220.0,23851.65,144.9,21000,1425,293,503663377.5,179,F1,75,,,,,
2025-04-17,2025-04-17,FO,NSE,IDO,61514,,NIFTY,,2025-05-29,2025-05-29,22700.0,PE,NIFTY25MAY22700PE,217.2,230.85,131.45,140.15,138.4,214.3,23851.65,140.15,803325,36600,10115,17351472690.0,6137,F1,75,,,,,
2025-04-17,2025-04-17,FO,NSE,IDO,61512,,NIFTY,,2025-05-29,2025-05-29,22650.0,PE,NIFTY25MAY22650PE,201.0,212.8,122.1,131.15,122.1,204.95,23851.65,131.15,13200,-7200,202,345604897.5,101,F1,75,,,,,
2025-04-17,2025-04-17,FO,NSE,IDO,61508,,NIFTY,,2025-05-29,2025-05-29,22550.0,PE,NIFTY25MAY22550PE,191.05,191.05,113.65,120.3,117.45,178.55,23851.65,120.3,8250,-8475,234,398274615.0,128,F1,75,,,,,
2025-04-17,2025-04-17,FO,NSE,IDO,61492,,NIFTY,,2025-05-29,2025-05-29,22150.0,PE,NIFTY25MAY22150PE,125.0,125.0,79.8,84.3,89.0,124.35,23851.65,84.3,8325,1650,120,200245987.5,58,F1,75,,,,,
2025-04-17,2025-04-17,FO,NSE,IDO,61486,,NIFTY,,2025-05-29,2025-05-29,22000.0,PE,NIFTY25MAY22000PE,113.4,115.1,67.65,74.55,73.2,108.35,23851.65,74.55,2215425,351675,49948,82742732786.25,21023,F1,75,,,,,
2025-04-17,2025-04-17,FO,NSE,IDO,61344,,NIFTY,,2025-05-29,2025-05-29,20800.0,PE,NIFTY25MAY20800PE,33.0,40.7,28.7,31.4,31.4,37.6,23851.65,31.4,83025,-14625,2709,4233187368.75,1612,F1,75,,,,,
2025-04-17,2025-04-17,FO,NSE,IDO,46301,,NIFTY,,2025-05-15,2025-05-15,25200.0,PE,NIFTY2551525200PE,0.0,0.0,0.0,2642.75,0.0,2642.75,23851.65,1308.95,0,0,0,0.0,0,F1,75,,,,,
2025-04-17,2025-04-17,FO,NSE,IDO,46289,,NIFTY,,2025-05-15,2025-05-15,24950.0,PE,NIFTY2551524950PE,0.0,0.0,0.0,2398.95,0.0,2398.95,23851.65,1101.15,0,0,0,0.0,0,F1,75,,,,,
2025-04-17,2025-04-17,FO,NSE,IDO,46287,,NIFTY,,2025-05-15,2025-05-15,24900.0,PE,NIFTY2551524900PE,0.0,0.0,0.0,2350.45,0.0,2350.45,23851.65,1061.2,0,0,0,0.0,0,F1,75,,,,,
2025-04-17,2025-04-17,FO,NSE,IDO,46246,,NIFTY,,2025-05-15,2025-05-15,24000.0,PE,NIFTY2551524000PE,397.95,408.15,393.3,403.45,402.75,1508.75,23851.65,403.45,3225,3225,54,98833031.25,20,F1,75,,,,,
2025-04-17,2025-04-17,FO,NSE,IDO,46207,,NIFTY,,2025-05-15,2025-05-15,23300.0,PE,NIFTY2551523300PE,306.65,334.0,168.8,176.8,170.7,301.5,23851.65,176.8,10650,6975,319,562741991.25,197,F1,75,,,,,
2025-04-17,2025-04-17,FO,NSE,IDO,46119,,NIFTY,,2025-05-15,2025-05-15,21500.0,PE,NIFTY2551521500PE,0.0,0.0,0.0,108.2,0.0,108.2,23851.65,3.9,0,0,0,0.0,0,F1,75,,,,,
2025-04-17,2025-04-17,FO,NSE,IDO,38603,,NIFTY,,2025-05-08,2025-05-08,24300.0,PE,NIFTY2550824300PE,665.6,665.6,517.7,527.15,535.8,940.0,23851.65,527.15,1425,975,24,44712060.0,12,F1,75,,,,,
2025-04-17,2025-04-17,FO,NSE,IDO,38583,,NIFTY,,2025-05-08,2025-05-08,23850.0,PE,NIFTY2550823850PE,302.6,313.85,270.85,290.0,294.45,711.8,23851.65,290.0,1650,1650,65,117690315.0,41,F1,75,,,,,
2025-04-17,2025-04-17,FO,NSE,IDO,38527,,NIFTY,,2025-05-08,2025-05-08,23000.0,PE,NIFTY2550823000PE,165.95,188.85,80.25,91.2,88.55,167.2,23851.65,91.2,160875,59325,6194,10740663446.25,3438,F1,75,,,,,
2025-04-17,2025-04-17,FO,NSE,IDO,38483,,NIFTY,,2025-05-08,2025-05-08,22200.0,PE,NIFTY2550822200PE,56.75,62.0,31.65,37.5,31.65,59.15,23851.65,37.5,17175,975,262,437098687.5,135,F1,75,,,,,
2025-04-17,2025-04-17,FO,NSE,IDO,38437,,NIFTY,,2025-05-08,2025-05-08,21100.0,PE,NIFTY2550821100PE,18.0,21.3,17.6,21.3,21.3,6.8,23851.65,0.25,225,225,4,6335587.5,3,F1,75,,,,,
2025-04-17,2025-04-17,FO,NSE,IDO,38423,,NIFTY,,2025-05-08,2025-05-08,20750.0,PE,NIFTY2550820750PE,0.0,0.0,0.0,2.5,0.0,2.5,23851.65,0.05,0,0,0,0.0,0,F1,75,,,,,
2025-04-17,2025-04-17,FO,NSE,IDO,52065,,NIFTY,,2025-04-30,2025-04-30,25200.0,PE,NIFTY2543025200PE,1355.25,1355.25,1353.25,1353.25,1353.25,2232.65,23851.65,1306.9,225,150,2,3983137.5,2,F1,75,,,,,
2025-04-17,2025-04-17,FO,NSE,IDO,52029,,NIFTY,,2025-04-30,2025-04-30,24700.0,PE,NIFTY2543024700PE,1257.0,1279.0,1257.0,1279.0,1279.0,1343.65,23851.65,854.5,300,75,2,3895200.0,2,F1,75,,,,,
2025-04-17,2025-04-17,FO,NSE,IDO,52025,,NIFTY,,2025-04-30,2025-04-30,24650.0,PE,NIFTY2543024650PE,829.3,829.3,829.3,829.3,829.3,1285.55,23851.65,812.55,375,75,1,1910947.5,1,F1,75,,,,,
2025-04-17,2025-04-17,FO,NSE,IDO,52013,,NIFTY,,2025-04-30,2025-04-30,24550.0,PE,NIFTY2543024550PE,739.05,739.6,699.75,699.75,699.75,1191.1,23851.65,699.75,750,450,6,11374173.75,5,F1,75,,,,,
2025-04-17,2025-04-17,FO,NSE,IDO,51979,,NIFTY,,2025-04-30,2025-04-30,24000.0,PE,NIFTY2543024000PE,649.85,688.0,301.75,318.35,311.95,612.15,23851.65,318.35,256425,157650,12244,22383785358.75,8222,F1,75,,,,,
2025-04-17,2025-04-17,FO,NSE,IDO,51971,,NIFTY,,2025-04-30,2025-04-30,23800.0,PE,NIFTY2543023800PE,485.05,531.6,212.6,226.75,227.0,468.75,23851.65,226.75,491475,450525,24744,44648233267.5,16079,F1,75,,,,,
2025-04-17,2025-04-17,FO,NSE,IDO,51913,,NIFTY,,2025-04-30,2025-04-30,22900.0,PE,NIFTY2543022900PE,108.0,115.0,42.0,47.05,43.6,101.8,23851.65,47.05,426600,212025,26123,44986710202.5,16767,F1,75,,,,,
2025-04-17,2025-04-17,FO,NSE,IDO,51891,,NIFTY,,2025-04-30,2025-04-30,22600.0,PE,NIFTY2543022600PE,65.0,65.0,25.05,30.75,25.1,60.6,23851.65,30.75,242775,117900,15540,26384820727.5,9081,F1,75,,,,,
2025-04-17,2025-04-17,FO,NSE,IDO,51881,,NIFTY,,2025-04-30,2025-04-30,22450.0,PE,NIFTY2543022450PE,49.15,51.35,21.5,26.55,21.5,48.5,23851.65,26.55,22875,8325,1400,2360576801.25,885,F1,75,,,,,
2025-04-17,2025-04-17,FO,NSE,IDO,51865,,NIFTY,,2025-04-30,2025-04-30,22200.0,PE,NIFTY2543022200PE,32.8,34.85,18.05,21.7,20.1,33.75,23851.65,21.7,161175,-42450,9453,15757784902.5,4647,F1,75,,,,,
2025-04-17,2025-04-17,FO,NSE,IDO,51845,,NIFTY,,2025-04-30,2025-04-30,21850.0,PE,NIFTY2543021850PE,22.2,23.9,12.65,17.25,18.0,22.0,23851.65,17.25,11775,4350,543,890537681.25,191,F1,75,,,,,
2025-04-17,2025-04-17,FO,NSE,IDO,51785,,NIFTY,,2025-04-30,2025-04-30,20800.0,PE,NIFTY2543020800PE,7.0,14.4,5.5,10.55,11.9,8.7,23851.65,10.55,146400,59325,5024,7840856122.5,2884,F1,75,,,,,
2025-04-17,2025-04-17,FO,NSE,IDO,79675,,NIFTY,,2025-04-24,2025-04-24,24800.0,PE,NIFTY25APR24800PE,1413.7,1428.1,934.0,962.35,948.25,1405.0,23851.65,962.35,21600,2775,157,305063703.75,78,F1,75,,,,,
2025-04-17,2025-04-17,FO,NSE,IDO,79502,,NIFTY,,2025-04-24,2025-04-24,23500.0,PE,NIFTY25APR23500PE,244.95,290.7,76.45,84.4,80.0,239.3,23851.65,84.4,8391750,3649275,477176,846401611605.0,264763,F1,75,,,,,
2025-04-17,2025-04-17,FO,NSE,IDO,79395,,NIFTY,,2025-04-24,2025-04-24,22550.0,PE,NIFTY25APR22550PE,30.0,30.0,14.4,16.85,15.35,27.2,23851.65,16.85,305700,39450,28166,47677180188.75,19143,F1,75,,,,,
2025-04-17,2025-04-17,FO,NSE,IDO,79389,,NIFTY,,2025-04-24,2025-04-24,22400.0,PE,NIFTY25APR22400PE,21.1,21.9,12.3,14.2,12.85,20.95,23851.65,14.2,1683825,547950,108809,182925038227.5,60086,F1,75,,,,,
2025-04-17,2025-04-17,FO,NSE,IDO,79197,,NIFTY,,2025-04-24,2025-04-24,20350.0,PE,NIFTY25APR20350PE,2.65,3.15,1.55,1.95,2.2,2.6,23851.65,1.95,2690175,296850,93513,142739189085.0,16457,F1,75,,,,,
2025-04-17,2025-04-17,FO,NSE,IDO,48418,,NIFTY,,2025-04-17,2025-04-17,25350.0,PE,NIFTY2541725350PE,0.0,0.0,0.0,2901.25,2901.35,2901.25,23851.65,23851.65,375,0,0,0.0,0,F1,75,,,,,
2025-04-17,2025-04-17,FO,NSE,IDO,48414,,NIFTY,,2025-04-17,2025-04-17,25250.0,PE,NIFTY2541725250PE,0.0,0.0,0.0,2799.35,2799.35,2799.35,23851.65,23851.65,525,0,0,0.0,0,F1,75,,,,,
2025-04-17,2025-04-17,FO,NSE,IDO,48332,,NIFTY,,2025-04-17,2025-04-17,24350.0,PE,NIFTY2541724350PE,750.0,750.0,480.65,500.7,498.85,943.85,23851.65,23851.65,1800,-600,82,153352177.5,60,F1,75,,,,,
2025-04-17,2025-04-17,FO,NSE,IDO,48325,,NIFTY,,2025-04-17,2025-04-17,24200.0,PE,NIFTY2541724200PE,836.6,918.0,330.6,346.55,347.65,812.9,23851.65,23851.65,20175,8025,6047,11154531296.25,3713,F1,75,,,,,
2025-04-17,2025-04-17,FO,NSE,IDO,48261,,NIFTY,,2025-04-17,2025-04-17,23450.0,PE,NIFTY2541723450PE,118.45,180.5,0.05,0.25,0.1,122.25,23851.65,23851.65,4253250,3129600,4051632,7139769383587.5,1609045,F1,75,,,,,
2025-04-17,2025-04-17,FO,NSE,IDO,48199,,NIFTY,,2025-04-17,2025-04-17,22800.0,PE,NIFTY2541722800PE,2.25,2.25,0.05,0.1,0.05,4.55,23851.65,23851.65,5077050,1069200,2006630,3431456089500.0,359178,F1,75,,,,,
2025-04-17,2025-04-17,FO,NSE,IDO,48187,,NIFTY,,2025-04-17,2025-04-17,22650.0,PE,NIFTY2541722650PE,1.4,1.4,0.05,0.15,0.05,3.2,23851.65,23851.65,1397775,596175,616267,1046913050936.25,116547,F1,75,,,,,
2025-04-17,2025-04-17,FO,NSE,IDO,48179,,NIFTY,,2025-04-17,2025-04-17,22550.0,PE,NIFTY2541722550PE,1.7,1.7,0.05,0.15,0.1,2.75,23851.65,23851.65,966525,-8025,411864,696582031380.0,81832,F1,75,,,,,
2025-04-17,2025-04-17,FO,NSE,IDO,48155,,NIFTY,,2025-04-17,2025-04-17,22300.0,PE,NIFTY2541722300PE,0.9,0.9,0.05,0.1,0.05,1.95,23851.65,23851.65,1231275,-1897350,420031,702514943430.0,62904,F1,75,,,,,
2025-04-17,2025-04-17,FO,NSE,IDO,48123,,NIFTY,,2025-04-17,2025-04-17,21950.0,PE,NIFTY2541721950PE,0.55,0.85,0.05,0.1,0.05,1.3,23851.65,23851.65,171750,-341700,84093,138440447805.0,15037,F1,75,,,,,
2025-04-17,2025-04-17,FO,NSE,IDO,48113,,NIFTY,,2025-04-17,2025-04-17,21750.0,PE,NIFTY2541721750PE,0.65,0.85,0.05,0.1,0.1,1.1,23851.65,23851.65,167475,-265050,58203,94945544715.0,10221,F1,75,,,,,
2025-04-17,2025-04-17,FO,NSE,IDO,48105,,NIFTY,,2025-04-17,2025-04-17,21550.0,PE,NIFTY2541721550PE,0.6,0.75,0.05,0.1,0.05,0.95,23851.65,23851.65,112200,13725,38367,62011762057.5,7214,F1,75,,,,,
2025-04-17,2025-04-17,FO,NSE,IDO,48066,,NIFTY,,2025-04-17,2025-04-17,21050.0,PE,NIFTY2541721050PE,0.4,0.6,0.05,0.1,0.05,0.65,23851.65,23851.65,64275,-14475,21533,33995756197.5,4985,F1,75,,,,,
2025-04-17,2025-04-17,FO,NSE,IDO,48019,,NIFTY,,2025-04-17,2025-04-17,20700.0,PE,NIFTY2541720700PE,0.4,0.55,0.05,0.1,0.05,0.5,23851.65,23851.65,296700,-234375,81597,126680762133.75,14422,F1,75,,,,,
2025-04-17,2025-04-17,FO,NSE,IDO,47997,,NIFTY,,2025-04-17,2025-04-17,20550.0,PE,NIFTY2541720550PE,0.4,0.55,0.05,0.1,0.05,0.5,23851.65,23851.65,196425,1200,36520,56287155630.0,7228,F1,75,,,,,
2025-04-17,2025-04-17,FO,NSE,IDO,61382,,NIFTY,,2029-12-27,2029-12-27,17000.0,CE,NIFTY29DEC17000CE,0.0,0.0,0.0,12022.3,0.0,12022.3,23851.65,11584.05,0,0,0,0.0,0,F1,75,,,,,
2025-04-17,2025-04-17,FO,NSE,IDO,89628,,NIFTY,,2029-06-28,2029-06-28,23000.0,CE,NIFTY29JUN23000CE,0.0,0.0,0.0,8636.0,0.0,8636.0,23851.65,7233.55,0,0,0,0.0,0,F1,75,,,,,
2025-04-17,2025-04-17,FO,NSE,IDO,86137,,NIFTY,,2028-06-29,2028-06-29,17000.0,CE,NIFTY28JUN17000CE,0.0,0.0,0.0,7393.45,0.0,7393.45,23851.65,10243.85,0,0,0,0.0,0,F1,75,,,,,
2025-04-17,2025-04-17,FO,NSE,IDO,58648,,NIFTY,,2026-12-31,2026-12-31,22000.0,CE,NIFTY26DEC22000CE,0.0,0.0,0.0,3362.2,3362.2,3362.2,23851.65,4753.75,150,0,0,0.0,0,F1,75,,,,,
2025-04-17,2025-04-17,FO,NSE,IDO,58646,,NIFTY,,2026-12-31,2026-12-31,21000.0,CE,NIFTY26DEC21000CE,0.0,0.0,0.0,3356.25,0.0,3356.25,23851.65,5474.15,0,0,0,0.0,0,F1,75,,,,,
2025-04-17,2025-04-17,FO,NSE,IDO,58642,,NIFTY,,2026-12-31,2026-12-31,19000.0,CE,NIFTY26DEC19000CE,0.0,0.0,0.0,8600.0,8600.0,8600.0,23851.65,7047.2,125,0,0,0.0,0,F1,75,,,,,
2025-04-17,2025-04-17,FO,NSE,IDO,38378,,NIFTY,,2026-06-25,2026-06-25,20000.0,CE,NIFTY26JUN20000CE,0.0,0.0,0.0,3829.5,0.0,3829.5,23851.65,5549.65,0,0,0,0.0,0,F1,75,,,,,
2025-04-17,2025-04-17,FO,NSE,IDO,50543,,NIFTY,,2025-12-24,2025-12-24,28000.0,CE,NIFTY25DEC28000CE,85.05,125.15,84.55,118.15,118.0,89.5,23851.65,118.15,449275,27800,2090,4406212391.25,1364,F1,75,,,,,
2025-04-17,2025-04-17,FO,NSE,IDO,71395,,NIFTY,,2025-12-24,2025-12-24,25000.0,CE,NIFTY25DEC25000CE,691.75,884.4,677.2,865.05,864.2,716.7,23851.65,865.05,877500,57375,2803,5422434555.0,1910,F1,75,,,,,
2025-04-17,2025-04-17,FO,NSE,IDO,55121,,NIFTY,,2025-12-24,2025-12-24,18000.0,CE,NIFTY25DEC18000CE,6200.0,6200.0,6200.0,6200.0,6200.0,5900.0,23851.65,6681.5,10200,75,2,3630000.0,2,F1,75,,,,,
2025-04-17,2025-04-17,FO,NSE,IDO,64696,,NIFTY,,2025-09-25,2025-09-25,26000.0,CE,NIFTY25SEP26000CE,161.85,255.05,150.0,245.45,245.0,176.0,23851.65,245.45,255150,28575,1906,3749170597.5,1321,F1,75,,,,,
2025-04-17,2025-04-17,FO,NSE,IDO,64686,,NIFTY,,2025-09-25,2025-09-25,21000.0,CE,NIFTY25SEP21000CE,3165.9,3320.0,3165.9,3320.0,3320.0,3812.15,23851.65,3564.35,675,0,2,3636442.5,2,F1,75,,,,,
2025-04-17,2025-04-17,FO,NSE,IDO,62411,,NIFTY,,2025-06-26,2025-06-26,25300.0,CE,NIFTY25JUN25300CE,72.4,137.1,71.9,131.7,131.5,79.25,23851.65,131.7,29025,11100,864,1646998732.5,477,F1,75,,,,,
2025-04-17,2025-04-17,FO,NSE,IDO,62407,,NIFTY,,2025-06-26,2025-06-26,25200.0,CE,NIFTY25JUN25200CE,82.85,164.45,82.85,148.75,150.0,94.55,23851.65,148.75,21000,15450,643,1221510446.25,336,F1,75,,,,,
2025-04-17,2025-04-17,FO,NSE,IDO,71381,,NIFTY,,2025-06-26,2025-06-26,25000.0,CE,NIFTY25JUN25000CE,132.5,211.9,104.45,198.55,200.0,122.05,23851.65,198.55,1122825,-80425,22035,41593587926.25,12043,F1,75,,,,,
2025-04-17,2025-04-17,FO,NSE,IDO,62375,,NIFTY,,2025-06-26,2025-06-26,24500.0,CE,NIFTY25JUN24500CE,225.75,387.9,212.0,366.8,360.6,242.05,23851.65,366.8,467250,101775,8787,16359328766.25,6050,F1,75,,,,,
2025-04-17,2025-04-17,FO,NSE,IDO,62359,,NIFTY,,2025-06-26,2025-06-26,24200.0,CE,NIFTY25JUN24200CE,310.0,522.75,310.0,499.75,504.8,341.9,23851.65,499.75,10800,-7650,327,604645057.5,201,F1,75,,,,,
2025-04-17,2025-04-17,FO,NSE,IDO,62343,,NIFTY,,2025-06-26,2025-06-26,23800.0,CE,NIFTY25JUN23800CE,508.15,772.4,474.95,735.6,730.6,519.7,23851.65,735.6,27825,900,322,591481923.75,222,F1,75,,,,,
2025-04-17,2025-04-17,FO,NSE,IDO,62335,,NIFTY,,2025-06-26,2025-06-26,23650.0,CE,NIFTY25JUN23650CE,825.3,825.3,825.3,825.3,825.3,590.0,23851.65,984.95,750,75,1,1835647.5,1,F1,75,,,,,
2025-04-17,2025-04-17,FO,NSE,IDO,62321,,NIFTY,,2025-06-26,2025-06-26,23300.0,CE,NIFTY25JUN23300CE,762.95,1100.0,741.45,1082.15,1077.6,808.85,23851.65,1082.15,14775,-1950,175,318236775.0,150,F1,75,,,,,
2025-04-17,2025-04-17,FO,NSE,IDO,62215,,NIFTY,,2025-06-26,2025-06-26,22850.0,CE,NIFTY25JUN22850CE,1350.0,1429.7,1350.0,1429.7,1429.7,1056.25,23851.65,1429.7,375,-75,4,7265977.5,2,F1,75,,,,,
2025-04-17,2025-04-17,FO,NSE,IDO,62203,,NIFTY,,2025-06-26,2025-06-26,22600.0,CE,NIFTY25JUN22600CE,1270.0,1610.0,1270.0,1610.0,1610.0,1263.8,23851.65,1717.9,3525,-75,7,12684750.0,3,F1,75,,,,,
2025-04-17,2025-04-17,FO,NSE,IDO,62191,,NIFTY,,2025-06-26,2025-06-26,22300.0,CE,NIFTY25JUN22300CE,1873.8,1873.8,1873.8,1873.8,1873.8,1457.9,23851.65,1963.15,1350,0,1,1813035.0,1,F1,75,,,,,
2025-04-17,2025-04-17,FO,NSE,IDO,62189,,NIFTY,,2025-06-26,2025-06-26,22250.0,CE,NIFTY25JUN22250CE,1922.5,1922.5,1922.5,1922.5,1922.5,1520.15,23851.65,2005.3,450,75,1,1812937.5,1,F1,75,,,,,
2025-04-17,2025-04-17,FO,NSE,IDO,62149,,NIFTY,,2025-06-26,2025-06-26,21650.0,CE,NIFTY25JUN21650CE,2452.1,2453.2,2451.8,2451.8,2451.8,2032.35,23851.65,2534.2,825,300,4,7230667.5,4,F1,75,,,,,
2025-04-17,2025-04-17,FO,NSE,IDO,62137,,NIFTY,,2025-06-26,2025-06-26,21350.0,CE,NIFTY25JUN21350CE,2757.0,2757.0,2757.0,2757.0,2757.0,2678.75,23851.65,2757.0,75,75,1,1808025.0,1,F1,75,,,,,
2025-04-17,2025-04-17,FO,NSE,IDO,62105,,NIFTY,,2025-06-26,2025-06-26,21050.0,CE,NIFTY25JUN21050CE,3023.0,3023.0,3023.0,3023.0,3023.0,2955.2,23851.65,3023.0,75,75,1,1805475.0,1,F1,75,,,,,
2025-04-17,2025-04-17,FO,NSE,IDO,62087,,NIFTY,,2025-06-26,2025-06-26,20850.0,CE,NIFTY25JUN20850CE,3214.5,3214.5,3214.5,3214.5,3214.5,3142.7,23851.65,3286.05,75,75,1,1804837.5,1,F1,75,,,,,
2025-04-17,2025-04-17,FO,NSE,IDO,62081,,NIFTY,,2025-06-26,2025-06-26,20800.0,CE,NIFTY25JUN20800CE,3246.65,3246.65,3246.65,3246.65,3246.65,3189.9,23851.65,3334.15,75,75,1,1803498.75,1,F1,75,,,,,
2025-04-17,2025-04-17,FO,NSE,IDO,62065,,NIFTY,,2025-06-26,2025-06-26,20500.0,CE,NIFTY25JUN20500CE,3548.95,3548.95,3548.95,3548.95,3548.95,3475.5,23851.65,3548.95,75,75,1,1803671.25,1,F1,75,,,,,
2025-04-17,2025-04-17,FO,NSE,IDO,61769,,NIFTY,,2025-05-29,2025-05-29,25350.0,CE,NIFTY25MAY25350CE,24.4,53.7,23.6,48.25,51.85,25.1,23851.65,48.25,22650,12375,836,1592119773.75,324,F1,75,,,,,
2025-04-17,2025-04-17,FO,NSE,IDO,61725,,NIFTY,,2025-05-29,2025-05-29,24800.0,CE,NIFTY25MAY24800CE,58.6,138.1,52.95,122.1,128.4,65.6,23851.65,122.1,200025,47625,11493,21466915683.75,7930,F1,75,,,,,
2025-04-17,2025-04-17,FO,NSE,IDO,61693,,NIFTY,,2025-05-29,2025-05-29,24750.0,CE,NIFTY25MAY24750CE,201.0,201.0,123.2,132.25,145.85,74.25,23851.65,132.25,20175,14250,434,809995582.5,207,F1,75,,,,,
2025-04-17,2025-04-17,FO,NSE,IDO,61683,,NIFTY,,2025-05-29,2025-05-29,24500.0,CE,NIFTY25MAY24500CE,116.7,226.7,96.55,199.7,202.35,116.75,23851.65,199.7,2510325,1455150,64269,118975038262.5,27627,F1,75,,,,,
2025-04-17,2025-04-17,FO,NSE,IDO,61531,,NIFTY,,2025-05-29,2025-05-29,23150.0,CE,NIFTY25MAY23150CE,681.05,1010.0,655.0,1010.0,1010.0,717.05,23851.65,1092.3,13200,-75,64,114912825.0,49,F1,75,,,,,
2025-04-17,2025-04-17,FO,NSE,IDO,61523,,NIFTY,,2025-05-29,2025-05-29,22950.0,CE,NIFTY25MAY22950CE,823.0,1192.0,792.95,1188.5,1174.2,852.9,23851.65,1188.5,7800,675,38,68271307.5,25,F1,75,,,,,
2025-04-17,2025-04-17,FO,NSE,IDO,61521,,NIFTY,,2025-05-29,2025-05-29,22900.0,CE,NIFTY25MAY22900CE,862.5,1239.45,823.55,1228.5,1238.2,897.8,23851.65,1228.5,179625,-3750,369,662594921.25,305,F1,75,,,,,
2025-04-17,2025-04-17,FO,NSE,IDO,61467,,NIFTY,,2025-05-29,2025-05-29,21700.0,CE,NIFTY25MAY21700CE,1839.6,2271.65,1839.6,2271.65,2271.65,1896.2,23851.65,2340.55,9375,-75,8,14278537.5,7,F1,75,,,,,
2025-04-17,2025-04-17,FO,NSE,IDO,61387,,NIFTY,,2025-05-29,2025-05-29,21350.0,CE,NIFTY25MAY21350CE,2629.9,2629.9,2629.9,2629.9,2629.9,2142.4,23851.65,2629.9,1275,75,1,1798492.5,1,F1,75,,,,,
2025-04-17,2025-04-17,FO,NSE,IDO,61329,,NIFTY,,2025-05-29,2025-05-29,20500.0,CE,NIFTY25MAY20500CE,3003.05,3441.1,2983.05,3439.95,3439.95,3045.65,23851.65,3512.1,34950,750,54,96146992.5,43,F1,75,,,,,
2025-04-17,2025-04-17,FO,NSE,IDO,46300,,NIFTY,,2025-05-15,2025-05-15,25200.0,CE,NIFTY2551525200CE,0.0,0.0,0.0,6.6,0.0,6.6,23851.65,85.95,0,0,0,0.0,0,F1,75,,,,,
2025-04-17,2025-04-17,FO,NSE,IDO,46298,,NIFTY,,2025-05-15,2025-05-15,25150.0,CE,NIFTY2551525150CE,0.0,0.0,0.0,7.35,0.0,7.35,23851.65,93.15,0,0,0,0.0,0,F1,75,,,,,
2025-04-17,2025-04-17,FO,NSE,IDO,46288,,NIFTY,,2025-05-15,2025-05-15,24950.0,CE,NIFTY2551524950CE,0.0,0.0,0.0,11.2,0.0,11.2,23851.65,126.9,0,0,0,0.0,0,F1,75,,,,,
2025-04-17,2025-04-17,FO,NSE,IDO,46280,,NIFTY,,2025-05-15,2025-05-15,24750.0,CE,NIFTY2551524750CE,0.0,0.0,0.0,16.7,0.0,16.7,23851.65,170.8,0,0,0,0.0,0,F1,75,,,,,
2025-04-17,2025-04-17,FO,NSE,IDO,46254,,NIFTY,,2025-05-15,2025-05-15,24100.0,CE,NIFTY2551524100CE,139.0,139.0,139.0,139.0,139.0,54.85,23851.65,388.9,150,150,2,3635850.0,1,F1,75,,,,,
2025-04-17,2025-04-17,FO,NSE,IDO,46196,,NIFTY,,2025-05-15,2025-05-15,23100.0,CE,NIFTY2551523100CE,0.0,0.0,0.0,240.8,0.0,240.8,23851.65,1003.4,0,0,0,0.0,0,F1,75,,,,,
2025-04-17,2025-04-17,FO,NSE,IDO,46166,,NIFTY,,2025-05-15,2025-05-15,22550.0,CE,NIFTY2551522550CE,0.0,0.0,0.0,457.6,0.0,457.6,23851.65,1464.3,0,0,0,0.0,0,F1,75,,,,,
2025-04-17,2025-04-17,FO,NSE,IDO,46162,,NIFTY,,2025-05-15,2025-05-15,22450.0,CE,NIFTY2551522450CE,0.0,0.0,0.0,507.95,0.0,507.95,23851.65,1554.45,0,0,0,0.0,0,F1,75,,,,,
2025-04-17,2025-04-17,FO,NSE,IDO,46156,,NIFTY,,2025-05-15,2025-05-15,22350.0,CE,NIFTY2551522350CE,0.0,0.0,0.0,561.6,0.0,561.6,23851.65,1646.05,0,0,0,0.0,0,F1,75,,,,,
2025-04-17,2025-04-17,FO,NSE,IDO,46145,,NIFTY,,2025-05-15,2025-05-15,22100.0,CE,NIFTY2551522100CE,0.0,0.0,0.0,710.65,0.0,710.65,23851.65,1880.45,0,0,0,0.0,0,F1,75,,,,,
2025-04-17,2025-04-17,FO,NSE,IDO,46122,,NIFTY,,2025-05-15,2025-05-15,21600.0,CE,NIFTY2551521600CE,0.0,0.0,0.0,1068.1,0.0,1068.1,23851.65,2364.25,0,0,0,0.0,0,F1,75,,,,,
2025-04-17,2025-04-17,FO,NSE,IDO,46096,,NIFTY,,2025-05-15,2025-05-15,21150.0,CE,NIFTY2551521150CE,0.0,0.0,0.0,1444.8,0.0,1444.8,23851.65,2808.2,0,0,0,0.0,0,F1,75,,,,,
2025-04-17,2025-04-17,FO,NSE,IDO,38636,,NIFTY,,2025-05-08,2025-05-08,24950.0,CE,NIFTY2550824950CE,20.05,43.75,14.2,40.05,43.75,20.05,23851.65,40.05,3300,2175,95,178031812.5,43,F1,75,,,,,
2025-04-17,2025-04-17,FO,NSE,IDO,38608,,NIFTY,,2025-05-08,2025-05-08,24450.0,CE,NIFTY2550824450CE,0.0,0.0,0.0,35.05,35.05,35.05,23851.65,190.4,300,0,0,0.0,0,F1,75,,,,,
2025-04-17,2025-04-17,FO,NSE,IDO,38602,,NIFTY,,2025-05-08,2025-05-08,24300.0,CE,NIFTY2550824300CE,57.95,156.95,53.0,126.9,137.1,68.2,23851.65,126.9,24225,16050,1685,3086106416.25,829,F1,75,,,,,
2025-04-17,2025-04-17,FO,NSE,IDO,38588,,NIFTY,,2025-05-08,2025-05-08,24000.0,CE,NIFTY2550824000CE,120.05,279.9,105.45,236.0,242.0,133.0,23851.65,236.0,1446075,1339350,38878,70639468766.25,15373,F1,75,,,,,
2025-04-17,2025-04-17,FO,NSE,IDO,38508,,NIFTY,,2025-05-08,2025-05-08,22750.0,CE,NIFTY2550822750CE,1182.85,1182.85,1182.85,1182.85,1182.85,807.45,23851.65,1235.0,150,75,1,1794963.75,1,F1,75,,,,,
2025-04-17,2025-04-17,FO,NSE,IDO,38490,,NIFTY,,2025-05-08,2025-05-08,22400.0,CE,NIFTY2550822400CE,1519.5,1519.5,1519.5,1519.5,1519.5,1102.3,23851.65,1519.5,1875,75,2,3587925.0,2,F1,75,,,,,
2025-04-17,2025-04-17,FO,NSE,IDO,38476,,NIFTY,,2025-05-08,2025-05-08,22050.0,CE,NIFTY2550822050CE,1846.0,1846.0,1846.0,1846.0,1846.0,1409.7,23851.65,1891.7,75,75,1,1792200.0,1,F1,75,,,,,
2025-04-17,2025-04-17,FO,NSE,IDO,38470,,NIFTY,,2025-05-08,2025-05-08,21950.0,CE,NIFTY2550821950CE,1934.65,1936.45,1934.65,1936.45,1936.45,1517.95,23851.65,1989.3,450,-225,4,7165530.0,2,F1,75,,,,,
2025-04-17,2025-04-17,FO,NSE,IDO,38448,,NIFTY,,2025-05-08,2025-05-08,21400.0,CE,NIFTY2550821400CE,0.0,0.0,0.0,2009.75,0.0,2009.75,23851.65,2532.4,0,0,0,0.0,0,F1,75,,,,,
2025-04-17,2025-04-17,FO,NSE,IDO,38446,,NIFTY,,2025-05-08,2025-05-08,21350.0,CE,NIFTY2550821350CE,0.0,0.0,0.0,2057.75,0.0,2057.75,23851.65,2582.05,0,0,0,0.0,0,F1,75,,,,,
2025-04-17,2025-04-17,FO,NSE,IDO,38426,,NIFTY,,2025-05-08,2025-05-08,20850.0,CE,NIFTY2550820850CE,0.0,0.0,0.0,2544.75,0.0,2544.75,23851.65,3079.6,0,0,0,0.0,0,F1,75,,,,,
2025-04-17,2025-04-17,FO,NSE,IDO,62256,,NIFTY,,2025-06-26,2025-06-26,22850.0,PE,NIFTY25JUN22850PE,289.0,289.0,236.5,236.5,236.5,328.05,23851.65,227.65,2550,-225,7,12130162.5,3,F1,75,,,,,
2025-04-17,2025-04-17,FO,NSE,IDO,53630,,NIFTY,,2027-12-30,2027-12-30,26000.0,PE,NIFTY27DEC26000PE,0.0,0.0,0.0,1951.6,1951.6,1951.6,23851.65,1580.7,75,0,0,0.0,0,F1,75,,,,,
2025-04-17,2025-04-17,FO,NSE,IDO,53604,,NIFTY,,2027-12-30,2027-12-30,18000.0,PE,NIFTY27DEC18000PE,0.0,0.0,0.0,170.2,170.2,170.2,23851.65,106.75,10175,0,0,0.0,0,F1,75,,,,,
2025-04-17,2025-04-17,FO,NSE,IDO,38163,,NIFTY,,2027-06-24,2027-06-24,29000.0,PE,NIFTY27JUN29000PE,0.0,0.0,0.0,4627.1,0.0,4627.1,23851.65,3068.05,0,0,0,0.0,0,F1,75,,,,,
2025-04-17,2025-04-17,FO,NSE,IDO,71546,,NIFTY,,2027-06-24,2027-06-24,17000.0,PE,NIFTY27JUN17000PE,0.0,0.0,0.0,1814.75,0.0,1814.75,23851.65,47.8,0,0,0,0.0,0,F1,75,,,,,
2025-04-17,2025-04-17,FO,NSE,IDO,62917,,NIFTY,,2026-03-26,2026-03-26,20000.0,PE,NIFTY26MAR20000PE,0.0,0.0,0.0,95.7,0.0,95.7,23851.65,114.4,0,0,0,0.0,0,F1,75,,,,,
2025-04-17,2025-04-17,FO,NSE,IDO,61411,,NIFTY,,2029-12-27,2029-12-27,20000.0,PE,NIFTY29DEC20000PE,0.0,0.0,0.0,202.3,0.0,202.3,23851.65,285.65,0,0,0,0.0,0,F1,75,,,,,
2025-04-17,2025-04-17,FO,NSE,IDO,89639,,NIFTY,,2029-06-28,2029-06-28,28000.0,PE,NIFTY29JUN28000PE,0.0,0.0,0.0,1488.1,0.0,1488.1,23851.65,1910.9,0,0,0,0.0,0,F1,75,,,,,
2025-04-17,2025-04-17,FO,NSE,IDO,89613,,NIFTY,,2029-06-28,2029-06-28,18000.0,PE,NIFTY29JUN18000PE,0.0,0.0,0.0,118.45,0.0,118.45,23851.65,137.75,0,0,0,0.0,0,F1,75,,,,,
2025-04-17,2025-04-17,FO,NSE,IDO,86160,,NIFTY,,2028-06-29,2028-06-29,25000.0,PE,NIFTY28JUN25000PE,0.0,0.0,0.0,2016.8,0.0,2016.8,23851.65,1199.9,0,0,0,0.0,0,F1,75,,,,,
2025-04-17,2025-04-17,FO,NSE,IDO,62929,,NIFTY,,2026-03-26,2026-03-26,26000.0,PE,NIFTY26MAR26000PE,0.0,0.0,0.0,1813.3,0.0,1813.3,23851.65,1874.35,0,0,0,0.0,0,F1,75,,,,,
2025-04-17,2025-04-17,FO,NSE,IDO,62931,,NIFTY,,2026-03-26,2026-03-26,27000.0,PE,NIFTY26MAR27000PE,0.0,0.0,0.0,2406.7,0.0,2406.7,23851.65,2465.9,0,0,0,0.0,0,F1,75,,,,,
2025-04-17,2025-04-17,FO,NSE,IDO,58625,,NIFTY,,2026-06-25,2026-06-25,12000.0,PE,NIFTY26JUN12000PE,0.0,0.0,0.0,20.05,20.05,20.05,23851.65,0.05,475,0,0,0.0,0,F1,75,,,,,
2025-04-17,2025-04-17,FO,NSE,IDO,52010,,NIFTY,,2025-04-30,2025-04-30,24500.0,CE,NIFTY2543024500CE,17.9,56.5,13.0,51.8,54.0,21.05,23851.65,51.8,966975,381525,63134,116204216148.75,31838,F1,75,,,,,
2025-04-17,2025-04-17,FO,NSE,IDO,51965,,NIFTY,,2025-04-30,2025-04-30,23800.0,CE,NIFTY2543023800CE,128.85,315.3,96.15,295.6,303.5,128.85,23851.65,295.6,509625,179700,43302,78033288097.5,28984,F1,75,,,,,
2025-04-17,2025-04-17,FO,NSE,IDO,51956,,NIFTY,,2025-04-30,2025-04-30,23650.0,CE,NIFTY2543023650CE,172.5,419.05,140.85,393.1,385.95,181.45,23851.65,393.1,35025,-1650,4906,8802893887.5,3383,F1,75,,,,,
2025-04-17,2025-04-17,FO,NSE,IDO,51923,,NIFTY,,2025-04-30,2025-04-30,23050.0,CE,NIFTY2543023050CE,515.25,878.95,465.0,873.2,878.85,545.65,23851.65,873.2,9075,525,149,264231873.75,99,F1,75,,,,,
2025-04-17,2025-04-17,FO,NSE,IDO,51904,,NIFTY,,2025-04-30,2025-04-30,22800.0,CE,NIFTY2543022800CE,714.95,1243.5,661.25,1108.35,1106.9,740.45,23851.65,1108.35,51225,-25875,1059,1885780117.5,539,F1,75,,,,,
2025-04-17,2025-04-17,FO,NSE,IDO,51900,,NIFTY,,2025-04-30,2025-04-30,22700.0,CE,NIFTY2543022700CE,788.0,1214.3,747.75,1186.3,1214.3,826.9,23851.65,1186.3,52575,5775,460,816314411.25,264,F1,75,,,,,
2025-04-17,2025-04-17,FO,NSE,IDO,51868,,NIFTY,,2025-04-30,2025-04-30,22300.0,CE,NIFTY2543022300CE,1183.0,1599.25,1150.0,1582.5,1599.25,1185.9,23851.65,1582.5,11400,-7125,302,537844485.0,72,F1,75,,,,,
2025-04-17,2025-04-17,FO,NSE,IDO,51829,,NIFTY,,2025-04-30,2025-04-30,21500.0,CE,NIFTY2543021500CE,2116.9,2370.9,2092.65,2362.55,2370.0,1964.9,23851.65,2362.55,15375,-4425,146,258870997.5,72,F1,75,,,,,
2025-04-17,2025-04-17,FO,NSE,IDO,51812,,NIFTY,,2025-04-30,2025-04-30,21250.0,CE,NIFTY2543021250CE,0.0,0.0,0.0,1752.85,1752.85,1752.85,23851.65,2650.85,75,0,0,0.0,0,F1,75,,,,,
2025-04-17,2025-04-17,FO,NSE,IDO,51805,,NIFTY,,2025-04-30,2025-04-30,21150.0,CE,NIFTY2543021150CE,2725.6,2725.6,2725.6,2725.6,2725.6,2224.9,23851.65,2725.6,75,75,1,1790670.0,1,F1,75,,,,,
2025-04-17,2025-04-17,FO,NSE,IDO,51770,,NIFTY,,2025-04-30,2025-04-30,20600.0,CE,NIFTY2543020600CE,3281.55,3281.55,3281.55,3281.55,3281.55,2760.5,23851.65,3281.55,75,75,1,1791116.25,1,F1,75,,,,,
2025-04-17,2025-04-17,FO,NSE,IDO,79511,,NIFTY,,2025-04-24,2025-04-24,23750.0,CE,NIFTY25APR23750CE,70.95,265.0,51.2,249.85,249.55,79.95,23851.65,249.85,479025,136875,117221,210164251837.5,77435,F1,75,,,,,
2025-04-17,2025-04-17,FO,NSE,IDO,79424,,NIFTY,,2025-04-24,2025-04-24,22950.0,CE,NIFTY25APR22950CE,502.75,944.0,450.0,919.1,944.0,543.95,23851.65,919.1,94125,-25050,943,1668135202.5,536,F1,75,,,,,
2025-04-17,2025-04-17,FO,NSE,IDO,50444,,NIFTY,,2026-06-25,2026-06-25,14000.0,PE,NIFTY26JUN14000PE,0.0,0.0,0.0,20.05,20.05,20.05,23851.65,0.45,1075,0,0,0.0,0,F1,75,,,,,
2025-04-17,2025-04-17,FO,NSE,IDO,50462,,NIFTY,,2026-06-25,2026-06-25,16000.0,PE,NIFTY26JUN16000PE,0.0,0.0,0.0,21.0,21.0,21.0,23851.65,5.4,1525,0,0,0.0,0,F1,75,,,,,
2025-04-17,2025-04-17,FO,NSE,IDO,50498,,NIFTY,,2026-06-25,2026-06-25,17000.0,PE,NIFTY26JUN17000PE,0.0,0.0,0.0,2627.25,0.0,2627.25,23851.65,15.0,0,0,0,0.0,0,F1,75,,,,,
2025-04-17,2025-04-17,FO,NSE,IDO,38157,,NIFTY,,2026-06-25,2026-06-25,29000.0,PE,NIFTY26JUN29000PE,0.0,0.0,0.0,5546.1,0.0,5546.1,23851.65,3670.45,0,0,0,0.0,0,F1,75,,,,,
2025-04-17,2025-04-17,FO,NSE,IDO,38159,,NIFTY,,2026-12-31,2026-12-31,29000.0,PE,NIFTY26DEC29000PE,0.0,0.0,0.0,5042.25,0.0,5042.25,23851.65,3330.3,0,0,0,0.0,0,F1,75,,,,,
2025-04-17,2025-04-17,FO,NSE,IDO,53632,,NIFTY,,2027-12-30,2027-12-30,27000.0,PE,NIFTY27DEC27000PE,0.0,0.0,0.0,2492.45,2492.45,2492.45,23851.65,1951.1,75,0,0,0.0,0,F1,75,,,,,
2025-04-17,2025-04-17,FO,NSE,IDO,79291,,NIFTY,,2025-04-24,2025-04-24,22100.0,CE,NIFTY25APR22100CE,1300.0,1771.65,1234.45,1750.1,1771.65,1344.2,23851.65,1750.1,487950,-3750,217,384799608.75,140,F1,75,,,,,
2025-04-17,2025-04-17,FO,NSE,IDO,79268,,NIFTY,,2025-04-24,2025-04-24,21800.0,CE,NIFTY25APR21800CE,1598.75,2064.75,1562.8,2064.75,2064.75,1642.25,23851.65,2064.75,110400,-19350,285,508100231.25,155,F1,75,,,,,
2025-04-17,2025-04-17,FO,NSE,IDO,79264,,NIFTY,,2025-04-24,2025-04-24,21700.0,CE,NIFTY25APR21700CE,1675.0,2158.95,1675.0,2158.95,2158.95,1738.9,23851.65,2178.7,29700,-2925,65,115699087.5,49,F1,75,,,,,
2025-04-17,2025-04-17,FO,NSE,IDO,79262,,NIFTY,,2025-04-24,2025-04-24,21650.0,CE,NIFTY25APR21650CE,2181.45,2182.95,2181.15,2181.2,2181.2,1781.5,23851.65,2228.65,30600,0,4,7149506.25,4,F1,75,,,,,
2025-04-17,2025-04-17,FO,NSE,IDO,48369,,NIFTY,,2025-04-17,2025-04-17,24750.0,CE,NIFTY2541724750CE,0.3,0.85,0.05,0.1,0.05,0.6,23851.65,23851.65,447375,152325,184529,342536419057.5,29517,F1,75,,,,,
2025-04-17,2025-04-17,FO,NSE,IDO,48329,,NIFTY,,2025-04-17,2025-04-17,24300.0,CE,NIFTY2541724300CE,0.55,1.05,0.05,0.1,0.05,1.15,23851.65,23851.65,4792350,-333450,1378556,2512463890477.5,231595,F1,75,,,,,
2025-04-17,2025-04-17,FO,NSE,IDO,48294,,NIFTY,,2025-04-17,2025-04-17,23900.0,CE,NIFTY2541723900CE,2.45,12.7,0.05,0.45,0.05,4.75,23851.65,23851.65,11919675,7569750,13900494,24920695723698.75,2646253,F1,75,,,,,
2025-04-17,2025-04-17,FO,NSE,IDO,48229,,NIFTY,,2025-04-17,2025-04-17,23200.0,CE,NIFTY2541723200CE,199.4,671.9,101.0,650.05,650.6,208.25,23851.65,23851.65,1520025,-351675,688516,1208281796696.25,417578,F1,75,,,,,
2025-04-17,2025-04-17,FO,NSE,IDO,48200,,NIFTY,,2025-04-17,2025-04-17,22850.0,CE,NIFTY2541722850CE,500.05,1022.25,437.05,1002.05,1002.0,541.4,23851.65,23851.65,436575,-62850,2928,5182016602.5,2194,F1,75,,,,,
2025-04-17,2025-04-17,FO,NSE,IDO,48186,,NIFTY,,2025-04-17,2025-04-17,22650.0,CE,NIFTY2541722650CE,713.4,1207.3,632.4,1200.9,1201.85,735.9,23851.65,23851.65,240375,-24450,584,1032265473.75,452,F1,75,,,,,
2025-04-17,2025-04-17,FO,NSE,IDO,48149,,NIFTY,,2025-04-17,2025-04-17,22250.0,CE,NIFTY2541722250CE,1122.7,1620.55,1033.25,1597.75,1596.0,1140.3,23851.65,23851.65,38250,-13425,433,759200857.5,192,F1,75,,,,,
2025-04-17,2025-04-17,FO,NSE,IDO,48124,,NIFTY,,2025-04-17,2025-04-17,22000.0,CE,NIFTY2541722000CE,1365.9,1861.3,1290.0,1853.25,1855.15,1394.45,23851.65,23851.65,310425,-256725,4446,7823860496.25,2079,F1,75,,,,,
2025-04-17,2025-04-17,FO,NSE,IDO,48102,,NIFTY,,2025-04-17,2025-04-17,21500.0,CE,NIFTY2541721500CE,1864.0,2366.0,1790.0,2353.5,2354.95,1895.8,23851.65,23851.65,27675,-15975,398,704005983.75,209,F1,75,,,,,
2025-04-17,2025-04-17,FO,NSE,IDO,48096,,NIFTY,,2025-04-17,2025-04-17,21350.0,CE,NIFTY2541721350CE,2010.7,2010.7,2010.7,2010.7,2010.7,1152.8,23851.65,23851.65,15975,0,1,1752052.5,1,F1,75,,,,,
2025-04-17,2025-04-17,FO,NSE,IDO,48016,,NIFTY,,2025-04-17,2025-04-17,20650.0,CE,NIFTY2541720650CE,0.0,0.0,0.0,1815.5,1815.5,1815.5,23851.65,23851.65,3375,0,0,0.0,0,F1,75,,,,,
2025-04-17,2025-04-17,FO,NSE,IDO,51452,,NIFTY,,2025-12-24,2025-12-24,21000.0,PE,NIFTY25DEC21000PE,257.0,265.0,206.45,210.5,210.0,255.15,23851.65,210.5,877725,15300,3647,5806077783.75,2303,F1,75,,,,,
2025-04-17,2025-04-17,FO,NSE,IDO,39988,,NIFTY,,2025-12-24,2025-12-24,19000.0,PE,NIFTY25DEC19000PE,111.9,117.5,96.15,98.1,97.2,111.75,23851.65,98.1,204675,-3750,1480,2120697547.5,787,F1,75,,,,,
2025-04-17,2025-04-17,FO,NSE,IDO,49174,,NIFTY,,2025-12-24,2025-12-24,15000.0,PE,NIFTY25DEC15000PE,0.0,0.0,0.0,20.45,20.45,20.45,23851.65,0.1,2875,0,0,0.0,0,F1,75,,,,,
2025-04-17,2025-04-17,FO,NSE,IDO,62384,,NIFTY,,2025-06-26,2025-06-26,24700.0,PE,NIFTY25JUN24700PE,973.2,973.2,910.0,910.0,910.0,1254.8,23851.65,910.0,75,0,3,5767515.0,3,F1,75,,,,,
2025-04-17,2025-04-17,FO,NSE,IDO,62324,,NIFTY,,2025-06-26,2025-06-26,23350.0,PE,NIFTY25JUN23350PE,470.0,470.0,343.2,343.2,343.2,490.0,23851.65,368.65,1050,75,3,5349990.0,2,F1,75,,,,,
2025-04-17,2025-04-17,FO,NSE,IDO,46101,,NIFTY,,2025-05-15,2025-05-15,21250.0,CE,NIFTY2551521250CE,0.0,0.0,0.0,1357.45,0.0,1357.45,23851.65,2709.15,0,0,0,0.0,0,F1,75,,,,,
2025-04-17,2025-04-17,FO,NSE,IDO,46082,,NIFTY,,2025-05-15,2025-05-15,20900.0,CE,NIFTY2551520900CE,0.0,0.0,0.0,1670.35,0.0,1670.35,23851.65,3056.2,0,0,0,0.0,0,F1,75,,,,,
2025-04-17,2025-04-17,FO,NSE,IDO,46066,,NIFTY,,2025-05-15,2025-05-15,20650.0,CE,NIFTY2551520650CE,0.0,0.0,0.0,1903.95,0.0,1903.95,23851.65,3304.6,0,0,0,0.0,0,F1,75,,,,,
2025-04-17,2025-04-17,FO,NSE,IDO,38644,,NIFTY,,2025-05-08,2025-05-08,25150.0,CE,NIFTY2550825150CE,0.0,0.0,0.0,38.05,0.0,38.05,23851.65,55.65,0,0,0,0.0,0,F1,75,,,,,
2025-04-17,2025-04-17,FO,NSE,IDO,38642,,NIFTY,,2025-05-08,2025-05-08,25100.0,CE,NIFTY2550825100CE,14.75,38.0,11.0,33.55,35.0,14.75,23851.65,33.55,21000,17250,816,1537693796.25,456,F1,75,,,,,
2025-04-17,2025-04-17,FO,NSE,IDO,38632,,NIFTY,,2025-05-08,2025-05-08,24850.0,CE,NIFTY2550824850CE,44.25,50.6,40.2,44.25,41.45,20.85,23851.65,44.25,2100,1200,53,98956098.75,23,F1,75,,,,,
2025-04-17,2025-04-17,FO,NSE,IDO,38580,,NIFTY,,2025-05-08,2025-05-08,23800.0,CE,NIFTY2550823800CE,178.15,388.75,161.35,355.2,350.0,200.0,23851.65,355.2,239325,225000,8455,15307745223.75,6054,F1,75,,,,,
2025-04-17,2025-04-17,FO,NSE,IDO,38577,,NIFTY,,2025-05-08,2025-05-08,23750.0,CE,NIFTY2550823750CE,200.0,403.95,200.0,382.05,395.0,173.4,23851.65,382.05,8925,8100,138,249618318.75,49,F1,75,,,,,
2025-04-17,2025-04-17,FO,NSE,IDO,38468,,NIFTY,,2025-05-08,2025-05-08,21900.0,CE,NIFTY2550821900CE,1983.75,1984.65,1983.75,1984.65,1984.65,1565.1,23851.65,2038.25,600,0,2,3582630.0,2,F1,75,,,,,
2025-04-17,2025-04-17,FO,NSE,IDO,47982,,NIFTY,,2025-04-17,2025-04-17,20400.0,CE,NIFTY2541720400CE,0.0,0.0,0.0,2955.25,2955.25,2955.25,23851.65,23851.65,300,0,0,0.0,0,F1,75,,,,,
2025-04-17,2025-04-17,FO,NSE,IDO,47996,,NIFTY,,2025-04-17,2025-04-17,20550.0,CE,NIFTY2541720550CE,0.0,0.0,0.0,1913.05,1913.05,1913.05,23851.65,23851.65,300,0,0,0.0,0,F1,75,,,,,
2025-04-17,2025-04-17,FO,NSE,IDO,48018,,NIFTY,,2025-04-17,2025-04-17,20700.0,CE,NIFTY2541720700CE,0.0,0.0,0.0,1752.25,1752.25,1752.25,23851.65,23851.65,600,0,0,0.0,0,F1,75,,,,,
2025-04-17,2025-04-17,FO,NSE,IDO,48028,,NIFTY,,2025-04-17,2025-04-17,20800.0,CE,NIFTY2541720800CE,0.0,0.0,0.0,2047.85,2047.85,2047.85,23851.65,23851.65,450,0,0,0.0,0,F1,75,,,,,
2025-04-17,2025-04-17,FO,NSE,IDO,48032,,NIFTY,,2025-04-17,2025-04-17,20900.0,CE,NIFTY2541720900CE,0.0,0.0,0.0,2004.75,2004.75,2004.75,23851.65,23851.65,600,0,0,0.0,0,F1,75,,,,,
2025-04-17,2025-04-17,FO,NSE,IDO,48086,,NIFTY,,2025-04-17,2025-04-17,21200.0,CE,NIFTY2541721200CE,2130.0,2659.95,2130.0,2659.95,2659.95,2136.0,23851.65,23851.65,8700,-450,37,65655457.5,16,F1,75,,,,,
2025-04-17,2025-04-17,FO,NSE,IDO,48120,,NIFTY,,2025-04-17,2025-04-17,21950.0,CE,NIFTY2541721950CE,1431.5,1901.85,1411.85,1901.85,1901.85,1431.65,23851.65,23851.65,27825,-450,33,57969701.25,32,F1,75,,,,,
2025-04-17,2025-04-17,FO,NSE,IDO,48152,,NIFTY,,2025-04-17,2025-04-17,22300.0,CE,NIFTY2541722300CE,1058.5,1560.0,990.0,1552.3,1553.55,1084.15,23851.65,23851.65,227700,-71175,1315,2320249732.5,670,F1,75,,,,,
2025-04-17,2025-04-17,FO,NSE,IDO,48156,,NIFTY,,2025-04-17,2025-04-17,22350.0,CE,NIFTY2541722350CE,1012.95,1503.75,940.0,1501.25,1502.0,1036.95,23851.65,23851.65,186900,-3825,309,545347050.0,235,F1,75,,,,,
2025-04-17,2025-04-17,FO,NSE,IDO,48241,,NIFTY,,2025-04-17,2025-04-17,23350.0,CE,NIFTY2541723350CE,73.35,521.85,23.7,499.5,500.5,98.55,23851.65,23851.65,2923875,-272775,4311926,7573178278875.0,2240716,F1,75,,,,,
2025-04-17,2025-04-17,FO,NSE,IDO,48296,,NIFTY,,2025-04-17,2025-04-17,23950.0,CE,NIFTY2541723950CE,2.1,7.65,0.05,0.25,0.05,3.75,23851.65,23851.65,4059375,2588700,6321350,11355867386718.75,1088881,F1,75,,,,,
2025-04-17,2025-04-17,FO,NSE,IDO,48324,,NIFTY,,2025-04-17,2025-04-17,24200.0,CE,NIFTY2541724200CE,1.0,1.35,0.05,0.15,0.05,1.45,23851.65,23851.65,5143350,754950,2060298,3739529792190.0,312987,F1,75,,,,,
2025-04-17,2025-04-17,FO,NSE,IDO,79202,,NIFTY,,2025-04-24,2025-04-24,20450.0,CE,NIFTY25APR20450CE,3387.1,3387.1,3387.1,3387.1,3387.1,2963.7,23851.65,3387.1,23625,-75,1,1787782.5,1,F1,75,,,,,
2025-04-17,2025-04-17,FO,NSE,IDO,79206,,NIFTY,,2025-04-24,2025-04-24,20500.0,CE,NIFTY25APR20500CE,2842.0,3359.95,2836.3,3342.1,3339.95,2914.8,23851.65,3342.1,576375,-56550,1544,2727113561.25,1401,F1,75,,,,,
2025-04-17,2025-04-17,FO,NSE,IDO,79213,,NIFTY,,2025-04-24,2025-04-24,20600.0,CE,NIFTY25APR20600CE,3239.2,3239.2,3239.2,3239.2,3239.2,2815.95,23851.65,3239.2,11625,0,1,1787940.0,1,F1,75,,,,,
2025-04-17,2025-04-17,FO,NSE,IDO,79217,,NIFTY,,2025-04-24,2025-04-24,20700.0,CE,NIFTY25APR20700CE,0.0,0.0,0.0,2623.8,2623.8,2623.8,23851.65,3177.45,600,0,0,0.0,0,F1,75,,,,,
2025-04-17,2025-04-17,FO,NSE,IDO,79270,,NIFTY,,2025-04-24,2025-04-24,21850.0,CE,NIFTY25APR21850CE,1638.4,1994.0,1638.4,1994.0,1994.0,1578.0,23851.65,2028.9,10200,-150,5,8861805.0,5,F1,75,,,,,
2025-04-17,2025-04-17,FO,NSE,IDO,79279,,NIFTY,,2025-04-24,2025-04-24,21950.0,CE,NIFTY25APR21950CE,1434.0,1906.25,1404.15,1906.25,1906.25,1479.5,23851.65,1929.05,40125,-375,11,19514400.0,11,F1,75,,,,,
2025-04-17,2025-04-17,FO,NSE,IDO,79283,,NIFTY,,2025-04-24,2025-04-24,22000.0,CE,NIFTY25APR22000CE,1399.95,1872.0,1336.5,1850.9,1850.45,1437.25,23851.65,1850.9,2127975,-54675,3252,5760092835.0,2156,F1,75,,,,,
2025-04-17,2025-04-17,FO,NSE,IDO,79287,,NIFTY,,2025-04-24,2025-04-24,22050.0,CE,NIFTY25APR22050CE,1364.15,1805.95,1303.35,1801.0,1805.95,1393.7,23851.65,1801.0,40125,-150,10,17612565.0,10,F1,75,,,,,
2025-04-17,2025-04-17,FO,NSE,IDO,79379,,NIFTY,,2025-04-24,2025-04-24,22250.0,CE,NIFTY25APR22250CE,1100.0,1619.2,1100.0,1601.05,1609.55,1201.25,23851.65,1601.05,23100,375,78,138604586.25,44,F1,75,,,,,
2025-04-17,2025-04-17,FO,NSE,IDO,79411,,NIFTY,,2025-04-24,2025-04-24,22800.0,CE,NIFTY25APR22800CE,652.05,1088.55,574.3,1065.9,1066.95,678.95,23851.65,1065.9,471000,-118950,5963,10577156156.25,3181,F1,75,,,,,
2025-04-17,2025-04-17,FO,NSE,IDO,79490,,NIFTY,,2025-04-24,2025-04-24,23450.0,CE,NIFTY25APR23450CE,184.95,491.25,137.55,477.7,463.35,193.55,23851.65,477.7,216975,-165675,94180,167182614420.0,62154,F1,75,,,,,
2025-04-17,2025-04-17,FO,NSE,IDO,79513,,NIFTY,,2025-04-24,2025-04-24,23800.0,CE,NIFTY25APR23800CE,51.5,234.85,43.05,217.9,218.5,68.25,23851.65,217.9,3316200,222375,429565,771524266368.75,237976,F1,75,,,,,
2025-04-17,2025-04-17,FO,NSE,IDO,79537,,NIFTY,,2025-04-24,2025-04-24,24050.0,CE,NIFTY25APR24050CE,26.0,113.95,18.0,101.55,100.0,30.8,23851.65,101.55,457425,-37800,100911,182534796266.25,65726,F1,75,,,,,
2025-04-17,2025-04-17,FO,NSE,IDO,51786,,NIFTY,,2025-04-30,2025-04-30,20850.0,CE,NIFTY2543020850CE,0.0,0.0,0.0,2515.6,0.0,2515.6,23851.65,3049.9,0,0,0,0.0,0,F1,75,,,,,
2025-04-17,2025-04-17,FO,NSE,IDO,51798,,NIFTY,,2025-04-30,2025-04-30,21050.0,CE,NIFTY2543021050CE,2825.4,2825.4,2825.4,2825.4,2825.4,2321.3,23851.65,2825.4,75,75,1,1790655.0,1,F1,75,,,,,
2025-04-17,2025-04-17,FO,NSE,IDO,51822,,NIFTY,,2025-04-30,2025-04-30,21350.0,CE,NIFTY2543021350CE,2531.0,2531.0,2531.0,2531.0,2531.0,1659.75,23851.65,2531.0,225,75,1,1791075.0,1,F1,75,,,,,
2025-04-17,2025-04-17,FO,NSE,IDO,51824,,NIFTY,,2025-04-30,2025-04-30,21400.0,CE,NIFTY2543021400CE,2289.2,2304.2,2289.2,2304.2,2304.2,1621.8,23851.65,2501.2,750,-1125,15,26666100.0,4,F1,75,,,,,
2025-04-17,2025-04-17,FO,NSE,IDO,51882,,NIFTY,,2025-04-30,2025-04-30,22500.0,CE,NIFTY2543022500CE,975.0,1410.0,919.75,1390.1,1390.0,1006.85,23851.65,1390.1,169125,-41550,1287,2295021138.75,722,F1,75,,,,,
2025-04-17,2025-04-17,FO,NSE,IDO,51902,,NIFTY,,2025-04-30,2025-04-30,22750.0,CE,NIFTY2543022750CE,740.55,1110.0,730.75,1110.0,1110.0,796.2,23851.65,1174.25,8925,-150,14,24832087.5,8,F1,75,,,,,
2025-04-17,2025-04-17,FO,NSE,IDO,51946,,NIFTY,,2025-04-30,2025-04-30,23450.0,CE,NIFTY2543023450CE,276.0,555.45,221.85,538.35,543.9,275.55,23851.65,538.35,31500,-26325,5473,9758462996.25,3879,F1,75,,,,,
2025-04-17,2025-04-17,FO,NSE,IDO,51988,,NIFTY,,2025-04-30,2025-04-30,24200.0,CE,NIFTY2543024200CE,47.0,126.3,31.3,112.1,112.0,45.3,23851.65,112.1,553575,175200,46394,84515237396.25,28796,F1,75,,,,,
2025-04-17,2025-04-17,FO,NSE,IDO,46092,,NIFTY,,2025-05-15,2025-05-15,21050.0,CE,NIFTY2551521050CE,0.0,0.0,0.0,1533.85,0.0,1533.85,23851.65,2907.3,0,0,0,0.0,0,F1,75,,,,,
2025-04-17,2025-04-17,FO,NSE,IDO,52038,,NIFTY,,2025-04-30,2025-04-30,24850.0,CE,NIFTY2543024850CE,10.55,28.7,7.65,25.7,23.6,9.55,23851.65,25.7,12900,7275,789,1471819211.25,448,F1,75,,,,,
2025-04-17,2025-04-17,FO,NSE,IDO,52043,,NIFTY,,2025-04-30,2025-04-30,24950.0,CE,NIFTY2543024950CE,9.15,23.1,6.45,21.2,21.2,9.1,23851.65,21.2,91125,31050,3165,5926841115.0,1677,F1,75,,,,,
2025-04-17,2025-04-17,FO,NSE,IDO,52046,,NIFTY,,2025-04-30,2025-04-30,25000.0,CE,NIFTY2543025000CE,6.95,20.85,5.5,19.55,19.9,7.75,23851.65,19.55,1684875,960300,58183,109161364848.75,24969,F1,75,,,,,
2025-04-17,2025-04-17,FO,NSE,IDO,38418,,NIFTY,,2025-05-08,2025-05-08,20650.0,CE,NIFTY2550820650CE,0.0,0.0,0.0,2741.85,0.0,2741.85,23851.65,3278.8,0,0,0,0.0,0,F1,75,,,,,
2025-04-17,2025-04-17,FO,NSE,IDO,38420,,NIFTY,,2025-05-08,2025-05-08,20700.0,CE,NIFTY2550820700CE,0.0,0.0,0.0,2692.5,0.0,2692.5,23851.65,3229.0,0,0,0,0.0,0,F1,75,,,,,
2025-04-17,2025-04-17,FO,NSE,IDO,38424,,NIFTY,,2025-05-08,2025-05-08,20800.0,CE,NIFTY2550820800CE,0.0,0.0,0.0,2593.95,0.0,2593.95,23851.65,3129.4,0,0,0,0.0,0,F1,75,,,,,
2025-04-17,2025-04-17,FO,NSE,IDO,38456,,NIFTY,,2025-05-08,2025-05-08,21600.0,CE,NIFTY2550821600CE,2277.6,2278.65,2277.6,2278.65,2278.65,1448.1,23851.65,2334.05,375,0,2,3581718.75,2,F1,75,,,,,
2025-04-17,2025-04-17,FO,NSE,IDO,61747,,NIFTY,,2029-12-27,2029-12-27,23000.0,PE,NIFTY29DEC23000PE,800.0,800.0,800.0,800.0,800.0,730.05,23851.65,656.35,1875,-975,15,26775000.0,15,F1,75,,,,,
2025-04-17,2025-04-17,FO,NSE,IDO,86152,,NIFTY,,2028-06-29,2028-06-29,24000.0,PE,NIFTY28JUN24000PE,0.0,0.0,0.0,1692.75,0.0,1692.75,23851.65,943.9,0,0,0,0.0,0,F1,75,,,,,
2025-04-17,2025-04-17,FO,NSE,IDO,53602,,NIFTY,,2027-12-30,2027-12-30,17000.0,PE,NIFTY27DEC17000PE,0.0,0.0,0.0,110.0,110.0,110.0,23851.65,62.5,14200,0,0,0.0,0,F1,75,,,,,
2025-04-17,2025-04-17,FO,NSE,IDO,50984,,NIFTY,,2027-06-24,2027-06-24,27000.0,PE,NIFTY27JUN27000PE,0.0,0.0,0.0,6273.45,0.0,6273.45,23851.65,2087.65,0,0,0,0.0,0,F1,75,,,,,
2025-04-17,2025-04-17,FO,NSE,IDO,71563,,NIFTY,,2027-06-24,2027-06-24,25000.0,PE,NIFTY27JUN25000PE,0.0,0.0,0.0,5619.05,0.0,5619.05,23851.65,1308.25,0,0,0,0.0,0,F1,75,,,,,
2025-04-17,2025-04-17,FO,NSE,IDO,71559,,NIFTY,,2027-06-24,2027-06-24,23000.0,PE,NIFTY27JUN23000PE,0.0,0.0,0.0,4514.3,0.0,4514.3,23851.65,738.95,0,0,0,0.0,0,F1,75,,,,,
2025-04-17,2025-04-17,FO,NSE,IDO,50546,,NIFTY,,2026-06-25,2026-06-25,28000.0,PE,NIFTY26JUN28000PE,0.0,0.0,0.0,6532.55,0.0,6532.55,23851.65,2994.7,0,0,0,0.0,0,F1,75,,,,,
2025-04-17,2025-04-17,FO,NSE,IDO,50976,,NIFTY,,2026-06-25,2026-06-25,27000.0,PE,NIFTY26JUN27000PE,0.0,0.0,0.0,6810.7,0.0,6810.7,23851.65,2381.9,0,0,0,0.0,0,F1,75,,,,,
2025-04-17,2025-04-17,FO,NSE,IDO,37805,,NIFTY,,2026-06-25,2026-06-25,23000.0,PE,NIFTY26JUN23000PE,660.0,667.85,576.0,576.0,576.0,701.0,23851.65,671.45,7200,-300,9,15947872.5,9,F1,75,,,,,
2025-04-17,2025-04-17,FO,NSE,IDO,62925,,NIFTY,,2026-03-26,2026-03-26,24000.0,PE,NIFTY26MAR24000PE,0.0,0.0,0.0,895.25,0.0,895.25,23851.65,951.0,0,0,0,0.0,0,F1,75,,,,,
2025-04-17,2025-04-17,FO,NSE,IDO,58623,,NIFTY,,2025-12-24,2025-12-24,22000.0,PE,NIFTY25DEC22000PE,393.6,407.45,315.0,321.05,320.0,393.6,23851.65,321.05,1007400,3200,5054,8468867565.0,3550,F1,75,,,,,
2025-04-17,2025-04-17,FO,NSE,IDO,45874,,NIFTY,,2025-12-24,2025-12-24,17000.0,PE,NIFTY25DEC17000PE,48.0,53.85,41.1,44.95,46.0,48.6,23851.65,44.95,25125,-450,183,233947338.75,109,F1,75,,,,,
2025-04-17,2025-04-17,FO,NSE,IDO,62408,,NIFTY,,2025-06-26,2025-06-26,25200.0,PE,NIFTY25JUN25200PE,0.0,0.0,0.0,1674.6,1674.6,1674.6,23851.65,1348.3,75,0,0,0.0,0,F1,75,,,,,
2025-04-17,2025-04-17,FO,NSE,IDO,62380,,NIFTY,,2025-06-26,2025-06-26,24600.0,PE,NIFTY25JUN24600PE,850.85,850.85,850.85,850.85,850.85,1501.8,23851.65,952.05,150,75,1,1908813.75,1,F1,75,,,,,
2025-04-17,2025-04-17,FO,NSE,IDO,62298,,NIFTY,,2025-06-26,2025-06-26,23100.0,PE,NIFTY25JUN23100PE,421.95,422.0,275.0,289.2,281.45,398.1,23851.65,289.2,10425,5025,179,314578417.5,147,F1,75,,,,,
2025-04-17,2025-04-17,FO,NSE,IDO,62214,,NIFTY,,2025-06-26,2025-06-26,22800.0,PE,NIFTY25JUN22800PE,318.75,331.0,207.5,229.5,225.9,320.25,23851.65,229.5,32100,-1875,438,756896175.0,215,F1,75,,,,,
2025-04-17,2025-04-17,FO,NSE,IDO,62198,,NIFTY,,2025-06-26,2025-06-26,22450.0,PE,NIFTY25JUN22450PE,196.6,196.6,168.5,179.25,178.35,272.4,23851.65,179.25,2025,-1200,22,37349388.75,10,F1,75,,,,,
2025-04-17,2025-04-17,FO,NSE,IDO,62166,,NIFTY,,2025-06-26,2025-06-26,21850.0,PE,NIFTY25JUN21850PE,155.75,159.95,154.0,159.95,159.95,99.6,23851.65,69.65,1800,1800,24,39612187.5,5,F1,75,,,,,
2025-04-17,2025-04-17,FO,NSE,IDO,62062,,NIFTY,,2025-06-26,2025-06-26,20400.0,PE,NIFTY25JUN20400PE,33.25,33.25,33.25,33.25,33.25,35.2,23851.65,6.6,525,75,1,1532493.75,1,F1,75,,,,,
2025-04-17,2025-04-17,FO,NSE,IDO,61754,,NIFTY,,2025-05-29,2025-05-29,24950.0,PE,NIFTY25MAY24950PE,0.0,0.0,0.0,1535.1,1535.1,1535.1,23851.65,1125.9,225,0,0,0.0,0,F1,75,,,,,
2025-04-17,2025-04-17,FO,NSE,IDO,61494,,NIFTY,,2025-05-29,2025-05-29,22200.0,PE,NIFTY25MAY22200PE,131.25,139.15,82.25,88.95,89.9,131.05,23851.65,88.95,251175,-6825,7759,12980546415.0,5117,F1,75,,,,,
2025-04-17,2025-04-17,FO,NSE,IDO,61488,,NIFTY,,2025-05-29,2025-05-29,22050.0,PE,NIFTY25MAY22050PE,109.95,115.8,72.15,77.4,75.9,115.8,23851.65,77.4,6675,-1050,332,551380308.75,146,F1,75,,,,,
2025-04-17,2025-04-17,FO,NSE,IDO,61392,,NIFTY,,2025-05-29,2025-05-29,21400.0,PE,NIFTY25MAY21400PE,59.65,64.85,40.95,47.65,48.95,62.4,23851.65,47.65,161100,7500,2137,3438259271.25,1221,F1,75,,,,,
2025-04-17,2025-04-17,FO,NSE,IDO,61388,,NIFTY,,2025-05-29,2025-05-29,21350.0,PE,NIFTY25MAY21350PE,46.1,46.7,41.35,46.7,46.7,221.2,23851.65,46.7,3075,2700,89,142807931.25,36,F1,75,,,,,
2025-04-17,2025-04-17,FO,NSE,IDO,61330,,NIFTY,,2025-05-29,2025-05-29,20500.0,PE,NIFTY25MAY20500PE,30.0,34.6,24.0,25.95,25.35,30.8,23851.65,25.95,2500800,428550,23046,35484814822.5,12370,F1,75,,,,,
2025-04-17,2025-04-17,FO,NSE,IDO,46291,,NIFTY,,2025-05-15,2025-05-15,25000.0,PE,NIFTY2551525000PE,0.0,0.0,0.0,2447.5,0.0,2447.5,23851.65,1141.65,0,0,0,0.0,0,F1,75,,,,,
2025-04-17,2025-04-17,FO,NSE,IDO,46231,,NIFTY,,2025-05-15,2025-05-15,23800.0,PE,NIFTY2551523800PE,580.0,580.0,300.35,313.7,313.85,569.5,23851.65,313.7,22125,21900,380,687596373.75,256,F1,75,,,,,
2025-04-17,2025-04-17,FO,NSE,IDO,46229,,NIFTY,,2025-05-15,2025-05-15,23750.0,PE,NIFTY2551523750PE,570.4,570.4,570.4,570.4,570.4,1292.1,23851.65,345.7,75,75,1,1824030.0,1,F1,75,,,,,
2025-04-17,2025-04-17,FO,NSE,IDO,46149,,NIFTY,,2025-05-15,2025-05-15,22150.0,PE,NIFTY2551522150PE,0.0,0.0,0.0,84.95,84.95,84.95,23851.65,21.2,450,0,0,0.0,0,F1,75,,,,,
2025-04-17,2025-04-17,FO,NSE,IDO,46099,,NIFTY,,2025-05-15,2025-05-15,21200.0,PE,NIFTY2551521200PE,0.0,0.0,0.0,63.15,0.0,63.15,23851.65,1.55,0,0,0,0.0,0,F1,75,,,,,
2025-04-17,2025-04-17,FO,NSE,IDO,46073,,NIFTY,,2025-05-15,2025-05-15,20800.0,PE,NIFTY2551520800PE,20.85,21.5,17.5,17.5,17.5,22.35,23851.65,0.4,1350,-1275,18,28106553.75,8,F1,75,,,,,
2025-04-17,2025-04-17,FO,NSE,IDO,38643,,NIFTY,,2025-05-08,2025-05-08,25100.0,PE,NIFTY2550825100PE,0.0,0.0,0.0,1721.45,0.0,1721.45,23851.65,1216.0,0,0,0,0.0,0,F1,75,,,,,
2025-04-17,2025-04-17,FO,NSE,IDO,38641,,NIFTY,,2025-05-08,2025-05-08,25050.0,PE,NIFTY2550825050PE,0.0,0.0,0.0,1675.65,0.0,1675.65,23851.65,1172.4,0,0,0,0.0,0,F1,75,,,,,
2025-04-17,2025-04-17,FO,NSE,IDO,38513,,NIFTY,,2025-05-08,2025-05-08,22800.0,PE,NIFTY2550822800PE,129.8,145.15,58.45,70.7,67.6,129.4,23851.65,70.7,54075,9150,1924,3302280183.75,1013,F1,75,,,,,
2025-04-17,2025-04-17,FO,NSE,IDO,38469,,NIFTY,,2025-05-08,2025-05-08,21900.0,PE,NIFTY2550821900PE,44.1,44.1,24.65,26.6,25.35,42.4,23851.65,26.6,7725,6450,191,314206256.25,57,F1,75,,,,,
2025-04-17,2025-04-17,FO,NSE,IDO,38459,,NIFTY,,2025-05-08,2025-05-08,21650.0,PE,NIFTY2550821650PE,21.8,21.8,21.75,21.75,21.75,31.8,23851.65,2.15,1650,-450,6,9752298.75,2,F1,75,,,,,
2025-04-17,2025-04-17,FO,NSE,IDO,38443,,NIFTY,,2025-05-08,2025-05-08,21250.0,PE,NIFTY2550821250PE,0.0,0.0,0.0,10.1,0.0,10.1,23851.65,0.5,0,0,0,0.0,0,F1,75,,,,,
2025-04-17,2025-04-17,FO,NSE,IDO,51963,,NIFTY,,2025-04-30,2025-04-30,23750.0,PE,NIFTY2543023750PE,485.0,486.8,191.75,207.55,209.15,431.2,23851.65,207.55,64950,55350,3866,6956509346.25,2462,F1,75,,,,,
2025-04-17,2025-04-17,FO,NSE,IDO,51940,,NIFTY,,2025-04-30,2025-04-30,23300.0,PE,NIFTY2543023300PE,209.95,238.15,85.0,93.1,91.0,203.55,23851.65,93.1,655275,125625,43934,77285529453.75,23786,F1,75,,,,,
2025-04-17,2025-04-17,FO,NSE,IDO,51930,,NIFTY,,2025-04-30,2025-04-30,23050.0,PE,NIFTY2543023050PE,128.0,150.75,53.65,61.25,55.0,131.25,23851.65,61.25,35250,5550,2842,4932182336.25,1804,F1,75,,,,,
2025-04-17,2025-04-17,FO,NSE,IDO,51915,,NIFTY,,2025-04-30,2025-04-30,22950.0,PE,NIFTY2543022950PE,110.7,125.4,45.6,51.9,46.0,110.7,23851.65,51.9,37125,2100,2261,3904390023.75,1361,F1,75,,,,,
2025-04-17,2025-04-17,FO,NSE,IDO,51836,,NIFTY,,2025-04-30,2025-04-30,21650.0,PE,NIFTY2543021650PE,19.6,19.6,12.9,15.45,14.6,17.85,23851.65,15.45,13050,6150,314,510215265.0,143,F1,75,,,,,
2025-04-17,2025-04-17,FO,NSE,IDO,79747,,NIFTY,,2025-04-24,2025-04-24,25400.0,PE,NIFTY25APR25400PE,1680.0,1680.0,1550.5,1560.0,1560.0,1964.35,23851.65,1560.0,3225,-225,11,22286505.0,9,F1,75,,,,,
2025-04-17,2025-04-17,FO,NSE,IDO,79669,,NIFTY,,2025-04-24,2025-04-24,24650.0,PE,NIFTY25APR24650PE,1274.9,1276.7,829.85,829.85,829.85,1218.45,23851.65,791.5,2025,-225,7,13575476.25,5,F1,75,,,,,
2025-04-17,2025-04-17,FO,NSE,IDO,79637,,NIFTY,,2025-04-24,2025-04-24,24400.0,PE,NIFTY25APR24400PE,1023.0,1068.65,555.65,572.45,580.35,978.65,23851.65,572.45,45525,12975,561,1053287808.75,390,F1,75,,,,,
2025-04-17,2025-04-17,FO,NSE,IDO,79518,,NIFTY,,2025-04-24,2025-04-24,23900.0,PE,NIFTY25APR23900PE,540.05,602.0,201.9,216.5,221.0,519.25,23851.65,216.5,876975,625125,62584,113310614981.25,40766,F1,75,,,,,
2025-04-17,2025-04-17,FO,NSE,IDO,79500,,NIFTY,,2025-04-24,2025-04-24,23450.0,PE,NIFTY25APR23450PE,221.45,259.2,68.7,76.25,71.5,213.95,23851.65,76.25,676500,414225,118448,209607806700.0,72141,F1,75,,,,,
2025-04-17,2025-04-17,FO,NSE,IDO,79433,,NIFTY,,2025-04-24,2025-04-24,23000.0,PE,NIFTY25APR23000PE,70.2,83.0,26.9,32.45,30.0,71.8,23851.65,32.45,6977850,1303875,433617,749543186205.0,219232,F1,75,,,,,
2025-04-17,2025-04-17,FO,NSE,IDO,79372,,NIFTY,,2025-04-24,2025-04-24,22200.0,PE,NIFTY25APR22200PE,13.0,16.0,8.1,10.95,10.15,15.1,23851.65,10.95,1624275,521400,97065,161695795552.5,51036,F1,75,,,,,
2025-04-17,2025-04-17,FO,NSE,IDO,79282,,NIFTY,,2025-04-24,2025-04-24,21950.0,PE,NIFTY25APR21950PE,9.0,10.85,6.6,8.4,7.5,10.75,23851.65,8.4,243525,3225,18357,30231577203.75,11243,F1,75,,,,,
2025-04-17,2025-04-17,FO,NSE,IDO,79271,,NIFTY,,2025-04-24,2025-04-24,21850.0,PE,NIFTY25APR21850PE,9.7,11.3,5.3,7.4,7.0,9.7,23851.65,7.4,209250,52800,9826,16107900056.25,6061,F1,75,,,,,
2025-04-17,2025-04-17,FO,NSE,IDO,79216,,NIFTY,,2025-04-24,2025-04-24,20650.0,PE,NIFTY25APR20650PE,2.2,3.3,2.0,2.35,2.0,3.25,23851.65,2.35,32700,-3975,3588,5557586216.25,2444,F1,75,,,,,
2025-04-17,2025-04-17,FO,NSE,IDO,48400,,NIFTY,,2025-04-17,2025-04-17,25050.0,PE,NIFTY2541725050PE,0.0,0.0,0.0,2602.35,2602.35,2602.35,23851.65,23851.65,450,0,0,0.0,0,F1,75,,,,,
2025-04-17,2025-04-17,FO,NSE,IDO,48375,,NIFTY,,2025-04-17,2025-04-17,24850.0,PE,NIFTY2541724850PE,0.0,0.0,0.0,2403.1,2403.1,2403.1,23851.65,23851.65,525,0,0,0.0,0,F1,75,,,,,
2025-04-17,2025-04-17,FO,NSE,IDO,48353,,NIFTY,,2025-04-17,2025-04-17,24700.0,PE,NIFTY2541724700PE,1281.0,1281.0,838.55,851.0,851.0,1430.35,23851.65,23851.65,2025,-1125,166,318368617.5,83,F1,75,,,,,
2025-04-17,2025-04-17,FO,NSE,IDO,48338,,NIFTY,,2025-04-17,2025-04-17,24500.0,PE,NIFTY2541724500PE,1134.25,1205.4,630.8,647.4,645.55,1118.5,23851.65,23851.65,16425,-58725,3053,5789975096.25,1806,F1,75,,,,,
2025-04-17,2025-04-17,FO,NSE,IDO,48266,,NIFTY,,2025-04-17,2025-04-17,23500.0,PE,NIFTY2541723500PE,162.0,226.9,0.1,0.25,0.1,157.65,23851.65,23851.65,7108500,5351700,5258425,9285078471828.75,1862146,F1,75,,,,,
2025-04-17,2025-04-17,FO,NSE,IDO,48097,,NIFTY,,2025-04-17,2025-04-17,21350.0,PE,NIFTY2541721350PE,0.5,0.8,0.05,0.1,0.05,0.85,23851.65,23851.65,100275,-36750,34460,55179993375.0,7104,F1,75,,,,,
2025-04-17,2025-04-17,FO,NSE,IDO,48031,,NIFTY,,2025-04-17,2025-04-17,20850.0,PE,NIFTY2541720850PE,0.5,0.55,0.05,0.1,0.05,0.6,23851.65,23851.65,63000,-40350,24018,37558716483.75,5004,F1,75,,,,,
2025-04-17,2025-04-17,FO,NSE,IDO,48027,,NIFTY,,2025-04-17,2025-04-17,20750.0,PE,NIFTY2541720750PE,0.8,0.8,0.05,0.1,0.05,0.55,23851.65,23851.65,75750,-15525,21692,33758662721.25,3608,F1,75,,,,,
2025-04-17,2025-04-17,FO,NSE,IDO,89616,,NIFTY,,2029-06-28,2029-06-28,20000.0,CE,NIFTY29JUN20000CE,0.0,0.0,0.0,10410.0,0.0,10410.0,23851.65,9094.55,0,0,0,0.0,0,F1,75,,,,,
2025-04-17,2025-04-17,FO,NSE,IDO,86149,,NIFTY,,2028-06-29,2028-06-29,23000.0,CE,NIFTY28JUN23000CE,0.0,0.0,0.0,4323.1,0.0,4323.1,23851.65,6065.95,0,0,0,0.0,0,F1,75,,,,,
2025-04-17,2025-04-17,FO,NSE,IDO,86143,,NIFTY,,2028-06-29,2028-06-29,20000.0,CE,NIFTY28JUN20000CE,0.0,0.0,0.0,5724.65,0.0,5724.65,23851.65,8032.35,0,0,0,0.0,0,F1,75,,,,,
2025-04-17,2025-04-17,FO,NSE,IDO,53624,,NIFTY,,2027-12-30,2027-12-30,24000.0,CE,NIFTY27DEC24000CE,0.0,0.0,0.0,3778.95,0.0,3778.95,23851.65,4847.0,0,0,0,0.0,0,F1,75,,,,,
2025-04-17,2025-04-17,FO,NSE,IDO,71545,,NIFTY,,2027-06-24,2027-06-24,17000.0,CE,NIFTY27JUN17000CE,0.0,0.0,0.0,4464.7,0.0,4464.7,23851.65,9241.55,0,0,0,0.0,0,F1,75,,,,,
2025-04-17,2025-04-17,FO,NSE,IDO,37806,,NIFTY,,2026-12-31,2026-12-31,23000.0,CE,NIFTY26DEC23000CE,3300.0,3400.0,3300.0,3400.0,3400.0,3170.0,23851.65,4087.5,5025,75,2,3952500.0,2,F1,75,,,,,
2025-04-17,2025-04-17,FO,NSE,IDO,50973,,NIFTY,,2026-06-25,2026-06-25,27000.0,CE,NIFTY26JUN27000CE,0.0,0.0,0.0,1352.8,0.0,1352.8,23851.65,1324.8,0,0,0,0.0,0,F1,75,,,,,
2025-04-17,2025-04-17,FO,NSE,IDO,71476,,NIFTY,,2026-06-25,2026-06-25,26000.0,CE,NIFTY26JUN26000CE,0.0,0.0,0.0,800.0,800.0,800.0,23851.65,1703.95,2125,0,0,0.0,0,F1,75,,,,,
2025-04-17,2025-04-17,FO,NSE,IDO,58624,,NIFTY,,2026-06-25,2026-06-25,12000.0,CE,NIFTY26JUN12000CE,0.0,0.0,0.0,8690.0,8690.0,8690.0,23851.65,12781.1,50,0,0,0.0,0,F1,75,,,,,
2025-04-17,2025-04-17,FO,NSE,IDO,62932,,NIFTY,,2026-03-26,2026-03-26,28000.0,CE,NIFTY26MAR28000CE,0.0,0.0,0.0,634.25,0.0,634.25,23851.65,714.35,0,0,0,0.0,0,F1,75,,,,,
2025-04-17,2025-04-17,FO,NSE,IDO,62924,,NIFTY,,2026-03-26,2026-03-26,24000.0,CE,NIFTY26MAR24000CE,0.0,0.0,0.0,2170.1,0.0,2170.1,23851.65,2284.1,0,0,0,0.0,0,F1,75,,,,,
2025-04-17,2025-04-17,FO,NSE,IDO,64694,,NIFTY,,2025-09-25,2025-09-25,25000.0,CE,NIFTY25SEP25000CE,404.7,559.95,392.7,541.9,541.0,419.05,23851.65,541.9,625950,18150,1925,3682442040.0,1216,F1,75,,,,,
2025-04-17,2025-04-17,FO,NSE,IDO,62383,,NIFTY,,2025-06-26,2025-06-26,24700.0,CE,NIFTY25JUN24700CE,185.2,302.6,168.0,289.8,290.05,186.25,23851.65,289.8,18150,11175,313,586161862.5,161,F1,75,,,,,
2025-04-17,2025-04-17,FO,NSE,IDO,62381,,NIFTY,,2025-06-26,2025-06-26,24650.0,CE,NIFTY25JUN24650CE,296.95,305.0,268.55,305.0,305.0,105.6,23851.65,305.0,3600,-750,11,20578777.5,8,F1,75,,,,,
2025-04-17,2025-04-17,FO,NSE,IDO,62353,,NIFTY,,2025-06-26,2025-06-26,24100.0,CE,NIFTY25JUN24100CE,363.65,589.6,348.1,557.7,556.55,385.4,23851.65,557.7,4425,-975,105,194023188.75,37,F1,75,,,,,
2025-04-17,2025-04-17,FO,NSE,IDO,62299,,NIFTY,,2025-06-26,2025-06-26,23150.0,CE,NIFTY25JUN23150CE,1201.0,1201.0,1195.3,1198.15,1195.3,848.9,23851.65,1198.15,525,150,2,3652222.5,2,F1,75,,,,,
2025-04-17,2025-04-17,FO,NSE,IDO,62207,,NIFTY,,2025-06-26,2025-06-26,22700.0,CE,NIFTY25JUN22700CE,1370.0,1543.35,1370.0,1526.1,1526.1,1189.1,23851.65,1639.3,1425,-75,5,9068430.0,5,F1,75,,,,,
2025-04-17,2025-04-17,FO,NSE,IDO,62205,,NIFTY,,2025-06-26,2025-06-26,22650.0,CE,NIFTY25JUN22650CE,1584.95,1584.95,1584.95,1584.95,1584.95,1205.0,23851.65,1678.4,450,75,1,1817621.25,1,F1,75,,,,,
2025-04-17,2025-04-17,FO,NSE,IDO,62201,,NIFTY,,2025-06-26,2025-06-26,22550.0,CE,NIFTY25JUN22550CE,1370.4,1370.4,1370.4,1370.4,1370.4,969.85,23851.65,1757.85,150,0,1,1794030.0,1,F1,75,,,,,
2025-04-17,2025-04-17,FO,NSE,IDO,62165,,NIFTY,,2025-06-26,2025-06-26,21850.0,CE,NIFTY25JUN21850CE,2269.25,2270.35,2269.25,2270.35,2270.35,1855.8,23851.65,2353.6,600,150,2,3617970.0,2,F1,75,,,,,
2025-04-17,2025-04-17,FO,NSE,IDO,62157,,NIFTY,,2025-06-26,2025-06-26,21700.0,CE,NIFTY25JUN21700CE,2416.5,2416.5,2416.5,2416.5,2416.5,2008.0,23851.65,2416.5,300,75,1,1808737.5,1,F1,75,,,,,
2025-04-17,2025-04-17,FO,NSE,IDO,51449,,NIFTY,,2025-06-26,2025-06-26,21000.0,CE,NIFTY25JUN21000CE,2658.55,3083.9,2600.0,3063.35,3069.25,2677.55,23851.65,3063.35,303300,-3750,196,351656403.75,119,F1,75,,,,,
2025-04-17,2025-04-17,FO,NSE,IDO,38373,,NIFTY,,2025-06-26,2025-06-26,20000.0,CE,NIFTY25JUN20000CE,3621.0,4032.65,3533.0,4008.1,3995.0,3613.3,23851.65,4008.1,472875,15900,726,1303104082.5,335,F1,75,,,,,
2025-04-17,2025-04-17,FO,NSE,IDO,55119,,NIFTY,,2025-06-26,2025-06-26,18000.0,CE,NIFTY25JUN18000CE,5475.0,5965.55,5474.4,5956.05,5965.55,5544.1,23851.65,5956.05,101050,-900,48,85943130.0,48,F1,75,,,,,
2025-04-17,2025-04-17,FO,NSE,IDO,61679,,NIFTY,,2025-05-29,2025-05-29,24400.0,CE,NIFTY25MAY24400CE,123.0,263.4,114.8,238.0,243.95,139.25,23851.65,238.0,140700,10275,8128,14995729597.5,5644,F1,75,,,,,
2025-04-17,2025-04-17,FO,NSE,IDO,61497,,NIFTY,,2025-05-29,2025-05-29,22300.0,CE,NIFTY25MAY22300CE,1333.8,1759.75,1300.0,1742.6,1743.4,1372.35,23851.65,1742.6,43575,-10800,189,338942268.75,167,F1,75,,,,,
2025-04-17,2025-04-17,FO,NSE,IDO,61397,,NIFTY,,2025-05-29,2025-05-29,21550.0,CE,NIFTY25MAY21550CE,2436.15,2436.15,2436.15,2436.15,2436.15,1960.2,23851.65,2436.15,1275,75,1,1798961.25,1,F1,75,,,,,
2025-04-17,2025-04-17,FO,NSE,IDO,61389,,NIFTY,,2025-05-29,2025-05-29,21400.0,CE,NIFTY25MAY21400CE,2569.9,2569.9,2569.9,2569.9,2569.9,2190.45,23851.65,2628.75,3450,0,1,1797742.5,1,F1,75,,,,,
2025-04-17,2025-04-17,FO,NSE,IDO,61341,,NIFTY,,2025-05-29,2025-05-29,20800.0,CE,NIFTY25MAY20800CE,3155.45,3155.45,3155.45,3155.45,3155.45,2663.0,23851.65,3155.45,1350,75,1,1796658.75,1,F1,75,,,,,
2025-04-17,2025-04-17,FO,NSE,IDO,46270,,NIFTY,,2025-05-15,2025-05-15,24500.0,CE,NIFTY2551524500CE,65.0,143.3,50.0,123.35,125.0,63.85,23851.65,123.35,28425,14775,724,1336366983.75,348,F1,75,,,,,
2025-04-17,2025-04-17,FO,NSE,IDO,46264,,NIFTY,,2025-05-15,2025-05-15,24350.0,CE,NIFTY2551524350CE,147.85,176.6,147.85,176.6,176.6,35.45,23851.65,176.6,900,900,13,23890762.5,7,F1,75,,,,,
2025-04-17,2025-04-17,FO,NSE,IDO,46170,,NIFTY,,2025-05-15,2025-05-15,22650.0,CE,NIFTY2551522650CE,0.0,0.0,0.0,410.75,0.0,410.75,23851.65,1375.8,0,0,0,0.0,0,F1,75,,,,,
2025-04-17,2025-04-17,FO,NSE,IDO,46126,,NIFTY,,2025-05-15,2025-05-15,21700.0,CE,NIFTY2551521700CE,0.0,0.0,0.0,990.85,0.0,990.85,23851.65,2266.4,0,0,0,0.0,0,F1,75,,,,,
2025-04-17,2025-04-17,FO,NSE,IDO,71552,,NIFTY,,2027-06-24,2027-06-24,20000.0,PE,NIFTY27JUN20000PE,0.0,0.0,0.0,3034.2,0.0,3034.2,23851.65,238.55,0,0,0,0.0,0,F1,75,,,,,
2025-04-17,2025-04-17,FO,NSE,IDO,64689,,NIFTY,,2025-09-25,2025-09-25,22000.0,PE,NIFTY25SEP22000PE,329.9,331.5,248.0,252.5,255.5,319.9,23851.65,252.5,463800,55050,2537,4239141971.25,1996,F1,75,,,,,
2025-04-17,2025-04-17,FO,NSE,IDO,62402,,NIFTY,,2025-06-26,2025-06-26,25100.0,PE,NIFTY25JUN25100PE,0.0,0.0,0.0,1588.9,1588.9,1588.9,23851.65,1277.55,75,0,0,0.0,0,F1,75,,,,,
2025-04-17,2025-04-17,FO,NSE,IDO,62344,,NIFTY,,2025-06-26,2025-06-26,23800.0,PE,NIFTY25JUN23800PE,696.0,722.45,461.5,478.95,479.45,660.2,23851.65,478.95,23100,18375,634,1157753801.25,401,F1,75,,,,,
2025-04-17,2025-04-17,FO,NSE,IDO,62334,,NIFTY,,2025-06-26,2025-06-26,23600.0,PE,NIFTY25JUN23600PE,595.0,615.0,404.2,416.6,416.3,573.25,23851.65,416.6,9900,2250,160,289009087.5,120,F1,75,,,,,
2025-04-17,2025-04-17,FO,NSE,IDO,62330,,NIFTY,,2025-06-26,2025-06-26,23500.0,PE,NIFTY25JUN23500PE,565.6,577.25,370.05,384.6,384.0,533.45,23851.65,384.6,514350,101250,6690,12013957856.25,5009,F1,75,,,,,
2025-04-17,2025-04-17,FO,NSE,IDO,62322,,NIFTY,,2025-06-26,2025-06-26,23300.0,PE,NIFTY25JUN23300PE,464.95,500.0,300.45,339.45,326.95,461.0,23851.65,339.45,32025,5550,477,847916655.0,294,F1,75,,,,,
2025-04-17,2025-04-17,FO,NSE,IDO,62264,,NIFTY,,2025-06-26,2025-06-26,22950.0,PE,NIFTY25JUN22950PE,328.0,328.0,253.55,265.25,269.4,365.0,23851.65,265.25,2025,0,6,10452948.75,6,F1,75,,,,,
2025-04-17,2025-04-17,FO,NSE,IDO,62188,,NIFTY,,2025-06-26,2025-06-26,22200.0,PE,NIFTY25JUN22200PE,212.0,213.0,141.8,148.6,145.1,204.6,23851.65,148.6,36750,-4650,267,447907451.25,88,F1,75,,,,,
2025-04-17,2025-04-17,FO,NSE,IDO,62140,,NIFTY,,2025-06-26,2025-06-26,21400.0,PE,NIFTY25JUN21400PE,0.0,0.0,0.0,55.95,0.0,55.95,23851.65,36.65,0,0,0,0.0,0,F1,75,,,,,
2025-04-17,2025-04-17,FO,NSE,IDO,62136,,NIFTY,,2025-06-26,2025-06-26,21300.0,PE,NIFTY25JUN21300PE,0.0,0.0,0.0,48.8,0.0,48.8,23851.65,31.45,0,0,0,0.0,0,F1,75,,,,,
2025-04-17,2025-04-17,FO,NSE,IDO,62104,,NIFTY,,2025-06-26,2025-06-26,20950.0,PE,NIFTY25JUN20950PE,0.0,0.0,0.0,29.35,0.0,29.35,23851.65,17.85,0,0,0,0.0,0,F1,75,,,,,
2025-04-17,2025-04-17,FO,NSE,IDO,62090,,NIFTY,,2025-06-26,2025-06-26,20850.0,PE,NIFTY25JUN20850PE,0.0,0.0,0.0,25.2,0.0,25.2,23851.65,15.05,0,0,0,0.0,0,F1,75,,,,,
2025-04-17,2025-04-17,FO,NSE,IDO,62080,,NIFTY,,2025-06-26,2025-06-26,20750.0,PE,NIFTY25JUN20750PE,0.0,0.0,0.0,21.55,0.0,21.55,23851.65,12.6,0,0,0,0.0,0,F1,75,,,,,
2025-04-17,2025-04-17,FO,NSE,IDO,38375,,NIFTY,,2025-06-26,2025-06-26,20000.0,PE,NIFTY25JUN20000PE,50.0,53.8,40.05,42.3,42.35,48.95,23851.65,42.3,1603025,41650,6029,9064111245.0,3017,F1,75,,,,,
2025-04-17,2025-04-17,FO,NSE,IDO,39680,,NIFTY,,2025-06-26,2025-06-26,16000.0,PE,NIFTY25JUN16000PE,9.95,10.0,9.3,9.8,9.9,10.1,23851.65,9.8,55800,-3975,345,414250676.25,84,F1,75,,,,,
2025-04-17,2025-04-17,FO,NSE,IDO,61684,,NIFTY,,2025-05-29,2025-05-29,24500.0,PE,NIFTY25MAY24500PE,1097.95,1130.0,710.25,734.75,728.6,1055.05,23851.65,734.75,548025,40500,2493,4734044508.75,1738,F1,75,,,,,
2025-04-17,2025-04-17,FO,NSE,IDO,61680,,NIFTY,,2025-05-29,2025-05-29,24400.0,PE,NIFTY25MAY24400PE,1011.0,1015.5,647.5,673.15,647.5,983.5,23851.65,673.15,27375,4275,333,629405943.75,202,F1,75,,,,,
2025-04-17,2025-04-17,FO,NSE,IDO,61550,,NIFTY,,2025-05-29,2025-05-29,23600.0,PE,NIFTY25MAY23600PE,501.45,540.0,301.25,314.05,319.0,493.05,23851.65,314.05,180000,143325,9268,16667814225.0,6346,F1,75,,,,,
2025-04-17,2025-04-17,FO,NSE,IDO,61522,,NIFTY,,2025-05-29,2025-05-29,22900.0,PE,NIFTY25MAY22900PE,256.5,276.2,156.55,166.05,162.75,255.4,23851.65,166.05,138000,10050,3714,6434172600.0,2658,F1,75,,,,,
2025-04-17,2025-04-17,FO,NSE,IDO,61498,,NIFTY,,2025-05-29,2025-05-29,22300.0,PE,NIFTY25MAY22300PE,129.0,151.5,90.1,97.2,97.65,142.95,23851.65,97.2,215025,-34050,7988,13432051440.0,4771,F1,75,,,,,
2025-04-17,2025-04-17,FO,NSE,IDO,46293,,NIFTY,,2025-05-15,2025-05-15,25050.0,PE,NIFTY2551525050PE,0.0,0.0,0.0,2496.2,0.0,2496.2,23851.65,1182.7,0,0,0,0.0,0,F1,75,,,,,
2025-04-17,2025-04-17,FO,NSE,IDO,46279,,NIFTY,,2025-05-15,2025-05-15,24700.0,PE,NIFTY2551524700PE,0.0,0.0,0.0,2157.8,0.0,2157.8,23851.65,907.5,0,0,0,0.0,0,F1,75,,,,,
2025-04-17,2025-04-17,FO,NSE,IDO,46271,,NIFTY,,2025-05-15,2025-05-15,24500.0,PE,NIFTY2551524500PE,0.0,0.0,0.0,1967.65,0.0,1967.65,23851.65,764.95,0,0,0,0.0,0,F1,75,,,,,
2025-04-17,2025-04-17,FO,NSE,IDO,46255,,NIFTY,,2025-05-15,2025-05-15,24100.0,PE,NIFTY2551524100PE,0.0,0.0,0.0,1598.15,0.0,1598.15,23851.65,517.35,0,0,0,0.0,0,F1,75,,,,,
2025-04-17,2025-04-17,FO,NSE,IDO,46209,,NIFTY,,2025-05-15,2025-05-15,23350.0,PE,NIFTY2551523350PE,330.0,352.3,330.0,339.8,339.8,972.1,23851.65,201.2,75,75,3,5330407.5,3,F1,75,,,,,
2025-04-17,2025-04-17,FO,NSE,IDO,46202,,NIFTY,,2025-05-15,2025-05-15,23200.0,PE,NIFTY2551523200PE,270.0,298.2,147.4,154.65,157.0,272.55,23851.65,154.65,13575,7425,356,624620602.5,196,F1,75,,,,,
2025-04-17,2025-04-17,FO,NSE,IDO,46195,,NIFTY,,2025-05-15,2025-05-15,23050.0,PE,NIFTY2551523050PE,139.15,139.2,139.15,139.2,139.2,230.0,23851.65,126.05,1650,0,4,6956756.25,4,F1,75,,,,,
2025-04-17,2025-04-17,FO,NSE,IDO,46187,,NIFTY,,2025-05-15,2025-05-15,22900.0,PE,NIFTY2551522900PE,211.95,211.95,100.1,105.65,111.55,213.9,23851.65,105.65,675,-1350,42,72518793.75,24,F1,75,,,,,
2025-04-17,2025-04-17,FO,NSE,IDO,46163,,NIFTY,,2025-05-15,2025-05-15,22450.0,PE,NIFTY2551522450PE,0.0,0.0,0.0,412.0,0.0,412.0,23851.65,41.15,0,0,0,0.0,0,F1,75,,,,,
2025-04-17,2025-04-17,FO,NSE,IDO,46095,,NIFTY,,2025-05-15,2025-05-15,21100.0,PE,NIFTY2551521100PE,0.0,0.0,0.0,25.0,25.0,25.0,23851.65,1.15,1050,0,0,0.0,0,F1,75,,,,,
2025-04-17,2025-04-17,FO,NSE,IDO,38633,,NIFTY,,2025-05-08,2025-05-08,24850.0,PE,NIFTY2550824850PE,0.0,0.0,0.0,1495.55,0.0,1495.55,23851.65,1003.4,0,0,0,0.0,0,F1,75,,,,,
2025-04-17,2025-04-17,FO,NSE,IDO,38568,,NIFTY,,2025-05-08,2025-05-08,23650.0,PE,NIFTY2550823650PE,422.0,422.0,209.8,217.45,215.0,407.95,23851.65,217.45,5025,4575,225,403499163.75,126,F1,75,,,,,
2025-04-17,2025-04-17,FO,NSE,IDO,38559,,NIFTY,,2025-05-08,2025-05-08,23500.0,PE,NIFTY2550823500PE,340.0,392.6,162.65,178.55,171.95,338.3,23851.65,178.55,131325,93450,7961,14174832633.75,4634,F1,75,,,,,
2025-04-17,2025-04-17,FO,NSE,IDO,38477,,NIFTY,,2025-05-08,2025-05-08,22050.0,PE,NIFTY2550822050PE,28.2,33.9,27.25,30.1,27.25,60.2,23851.65,30.1,2925,2925,42,69549348.75,12,F1,75,,,,,
2025-04-17,2025-04-17,FO,NSE,IDO,38421,,NIFTY,,2025-05-08,2025-05-08,20700.0,PE,NIFTY2550820700PE,0.0,0.0,0.0,15.0,15.0,15.0,23851.65,0.05,1875,0,0,0.0,0,F1,75,,,,,
2025-04-17,2025-04-17,FO,NSE,IDO,52085,,NIFTY,,2025-04-30,2025-04-30,25400.0,PE,NIFTY2543025400PE,1550.9,1550.9,1515.0,1515.0,1515.0,1980.0,23851.65,1515.0,3675,150,5,10095817.5,2,F1,75,,,,,
2025-04-17,2025-04-17,FO,NSE,IDO,52051,,NIFTY,,2025-04-30,2025-04-30,25000.0,PE,NIFTY2543025000PE,1610.0,1610.0,1130.0,1149.05,1141.8,1539.2,23851.65,1149.05,16200,450,113,222187522.5,77,F1,75,,,,,
2025-04-17,2025-04-17,FO,NSE,IDO,52009,,NIFTY,,2025-04-30,2025-04-30,24450.0,PE,NIFTY2543024450PE,651.4,651.85,641.4,645.55,645.55,1095.65,23851.65,653.0,600,375,6,11294471.25,6,F1,75,,,,,
2025-04-17,2025-04-17,FO,NSE,IDO,52004,,NIFTY,,2025-04-30,2025-04-30,24400.0,PE,NIFTY2543024400PE,961.2,961.2,580.0,598.55,580.0,1060.0,23851.65,598.55,2100,2025,51,95763105.0,31,F1,75,,,,,
2025-04-17,2025-04-17,FO,NSE,IDO,51961,,NIFTY,,2025-04-30,2025-04-30,23700.0,PE,NIFTY2543023700PE,405.0,462.85,175.0,188.7,188.0,401.15,23851.65,188.7,409200,379425,22892,41082931001.25,16036,F1,75,,,,,
2025-04-17,2025-04-17,FO,NSE,IDO,51949,,NIFTY,,2025-04-30,2025-04-30,23500.0,PE,NIFTY2543023500PE,288.75,337.35,121.05,132.05,126.0,290.9,23851.65,132.05,885450,490725,54304,96553543203.75,34379,F1,75,,,,,
2025-04-17,2025-04-17,FO,NSE,IDO,51871,,NIFTY,,2025-04-30,2025-04-30,22350.0,PE,NIFTY2543022350PE,43.2,44.55,19.4,24.25,21.55,42.35,23851.65,24.25,41175,26850,1314,2205494287.5,477,F1,75,,,,,
2025-04-17,2025-04-17,FO,NSE,IDO,51869,,NIFTY,,2025-04-30,2025-04-30,22300.0,PE,NIFTY2543022300PE,41.6,41.6,19.2,23.25,21.15,39.35,23851.65,23.25,245025,36675,13032,21823099605.0,7473,F1,75,,,,,
2025-04-17,2025-04-17,FO,NSE,IDO,51855,,NIFTY,,2025-04-30,2025-04-30,22100.0,PE,NIFTY2543022100PE,29.8,30.5,16.1,20.5,20.0,29.65,23851.65,20.5,100200,36225,4643,7703481356.25,2688,F1,75,,,,,
2025-04-17,2025-04-17,FO,NSE,IDO,51853,,NIFTY,,2025-04-30,2025-04-30,22050.0,PE,NIFTY2543022050PE,32.6,32.6,15.6,19.9,18.45,28.3,23851.65,19.9,10800,4950,271,448595471.25,143,F1,75,,,,,
2025-04-17,2025-04-17,FO,NSE,IDO,51789,,NIFTY,,2025-04-30,2025-04-30,20900.0,PE,NIFTY2543020900PE,8.5,13.9,6.15,9.75,10.5,8.4,23851.65,9.75,15150,4425,960,1505462148.75,600,F1,75,,,,,
2025-04-17,2025-04-17,FO,NSE,IDO,79745,,NIFTY,,2025-04-24,2025-04-24,25350.0,PE,NIFTY25APR25350PE,1508.5,1508.5,1505.0,1507.7,1505.0,2383.15,23851.65,1507.7,975,450,10,20143312.5,4,F1,75,,,,,
2025-04-17,2025-04-17,FO,NSE,IDO,79679,,NIFTY,,2025-04-24,2025-04-24,24850.0,PE,NIFTY25APR24850PE,1022.25,1022.25,1015.25,1015.25,1015.25,1912.05,23851.65,1015.25,1575,75,2,3880312.5,2,F1,75,,,,,
2025-04-17,2025-04-17,FO,NSE,IDO,79635,,NIFTY,,2025-04-24,2025-04-24,24350.0,PE,NIFTY25APR24350PE,729.25,744.35,515.25,534.0,520.0,1499.3,23851.65,534.0,13050,600,179,335214142.5,149,F1,75,,,,,
2025-04-17,2025-04-17,FO,NSE,IDO,79536,,NIFTY,,2025-04-24,2025-04-24,24000.0,PE,NIFTY25APR24000PE,610.0,692.8,255.0,271.65,273.0,605.05,23851.65,271.65,2049000,672000,76105,138873525348.75,43260,F1,75,,,,,
2025-04-17,2025-04-17,FO,NSE,IDO,79516,,NIFTY,,2025-04-24,2025-04-24,23850.0,PE,NIFTY25APR23850PE,489.95,545.95,178.75,192.65,191.75,482.0,23851.65,192.65,905175,889425,69694,125740329093.75,43896,F1,75,,,,,
2025-04-17,2025-04-17,FO,NSE,IDO,79248,,NIFTY,,2025-04-24,2025-04-24,21300.0,PE,NIFTY25APR21300PE,5.45,5.95,3.0,3.85,3.0,5.55,23851.65,3.85,492075,-109125,30771,49166179785.0,15135,F1,75,,,,,
2025-04-17,2025-04-17,FO,NSE,IDO,79228,,NIFTY,,2025-04-24,2025-04-24,20950.0,PE,NIFTY25APR20950PE,2.5,4.3,2.3,2.9,2.3,4.3,23851.65,2.9,42675,4125,3835,6026656413.75,2532,F1,75,,,,,
2025-04-17,2025-04-17,FO,NSE,IDO,48410,,NIFTY,,2025-04-17,2025-04-17,25200.0,PE,NIFTY2541725200PE,1800.0,1824.15,1348.95,1353.1,1353.1,1885.0,23851.65,23851.65,1125,-2550,49,98174666.25,20,F1,75,,,,,
2025-04-17,2025-04-17,FO,NSE,IDO,48344,,NIFTY,,2025-04-17,2025-04-17,24650.0,PE,NIFTY2541724650PE,0.0,0.0,0.0,2203.75,2203.85,2203.75,23851.65,23851.65,750,0,0,0.0,0,F1,75,,,,,
2025-04-17,2025-04-17,FO,NSE,IDO,48328,,NIFTY,,2025-04-17,2025-04-17,24250.0,PE,NIFTY2541724250PE,677.6,677.6,383.55,397.35,398.35,880.5,23851.65,23851.65,2775,900,427,790876875.0,309,F1,75,,,,,
2025-04-17,2025-04-17,FO,NSE,IDO,48247,,NIFTY,,2025-04-17,2025-04-17,23350.0,PE,NIFTY2541723350PE,59.9,94.0,0.05,0.2,0.05,65.1,23851.65,23851.65,4523325,1274100,7663199,13438022875852.5,2815318,F1,75,,,,,
2025-04-17,2025-04-17,FO,NSE,IDO,48235,,NIFTY,,2025-04-17,2025-04-17,23250.0,PE,NIFTY2541723250PE,28.0,40.0,0.05,0.15,0.05,33.9,23851.65,23851.65,2745750,-873600,5118893,8930932117818.75,1568205,F1,75,,,,,
2025-04-17,2025-04-17,FO,NSE,IDO,48209,,NIFTY,,2025-04-17,2025-04-17,22950.0,PE,NIFTY2541722950PE,4.0,4.4,0.05,0.1,0.05,7.15,23851.65,23851.65,2486175,1039050,1570398,2703204008988.75,313220,F1,75,,,,,
2025-04-17,2025-04-17,FO,NSE,IDO,48169,,NIFTY,,2025-04-17,2025-04-17,22350.0,PE,NIFTY2541722350PE,0.8,1.0,0.05,0.1,0.05,2.1,23851.65,23851.65,512550,-812700,234718,393453968553.75,42962,F1,75,,,,,
2025-04-17,2025-04-17,FO,NSE,IDO,48101,,NIFTY,,2025-04-17,2025-04-17,21450.0,PE,NIFTY2541721450PE,0.65,0.7,0.05,0.1,0.05,0.9,23851.65,23851.65,85800,-27375,30133,48477275036.25,5923,F1,75,,,,,
2025-04-17,2025-04-17,FO,NSE,IDO,48099,,NIFTY,,2025-04-17,2025-04-17,21400.0,PE,NIFTY2541721400PE,0.6,0.7,0.05,0.1,0.05,0.85,23851.65,23851.65,235350,-51225,51184,82151747955.0,10110,F1,75,,,,,
2025-04-17,2025-04-17,FO,NSE,IDO,48017,,NIFTY,,2025-04-17,2025-04-17,20650.0,PE,NIFTY2541720650PE,0.4,0.6,0.05,0.1,0.05,0.55,23851.65,23851.65,120150,-197925,33826,52388771520.0,5296,F1,75,,,,,
2025-04-17,2025-04-17,FO,NSE,IDO,61410,,NIFTY,,2029-12-27,2029-12-27,20000.0,CE,NIFTY29DEC20000CE,0.0,0.0,0.0,10081.1,0.0,10081.1,23851.65,9593.5,0,0,0,0.0,0,F1,75,,,,,
2025-04-17,2025-04-17,FO,NSE,IDO,67782,,NIFTY,,2028-12-28,2028-12-28,24000.0,CE,NIFTY28DEC24000CE,0.0,0.0,0.0,5850.3,0.0,5850.3,23851.65,6086.0,0,0,0,0.0,0,F1,75,,,,,
2025-04-17,2025-04-17,FO,NSE,IDO,67778,,NIFTY,,2028-12-28,2028-12-28,22000.0,CE,NIFTY28DEC22000CE,0.0,0.0,0.0,6932.45,0.0,6932.45,23851.65,7270.6,0,0,0,0.0,0,F1,75,,,,,
2025-04-17,2025-04-17,FO,NSE,IDO,86167,,NIFTY,,2028-06-29,2028-06-29,29000.0,CE,NIFTY28JUN29000CE,0.0,0.0,0.0,2333.25,0.0,2333.25,23851.65,3122.75,0,0,0,0.0,0,F1,75,,,,,
2025-04-17,2025-04-17,FO,NSE,IDO,86163,,NIFTY,,2028-06-29,2028-06-29,27000.0,CE,NIFTY28JUN27000CE,0.0,0.0,0.0,2885.15,0.0,2885.15,23851.65,3949.7,0,0,0,0.0,0,F1,75,,,,,
2025-04-17,2025-04-17,FO,NSE,IDO,86153,,NIFTY,,2028-06-29,2028-06-29,25000.0,CE,NIFTY28JUN25000CE,0.0,0.0,0.0,3545.15,0.0,3545.15,23851.65,4931.2,0,0,0,0.0,0,F1,75,,,,,
2025-04-17,2025-04-17,FO,NSE,IDO,86139,,NIFTY,,2028-06-29,2028-06-29,18000.0,CE,NIFTY28JUN18000CE,0.0,0.0,0.0,6809.35,0.0,6809.35,23851.65,9485.8,0,0,0,0.0,0,F1,75,,,,,
2025-04-17,2025-04-17,FO,NSE,IDO,53618,,NIFTY,,2027-12-30,2027-12-30,23000.0,CE,NIFTY27DEC23000CE,0.0,0.0,0.0,4125.7,0.0,4125.7,23851.65,5442.45,0,0,0,0.0,0,F1,75,,,,,
2025-04-17,2025-04-17,FO,NSE,IDO,71562,,NIFTY,,2027-06-24,2027-06-24,25000.0,CE,NIFTY27JUN25000CE,0.0,0.0,0.0,2090.05,0.0,2090.05,23851.65,3604.1,0,0,0,0.0,0,F1,75,,,,,
2025-04-17,2025-04-17,FO,NSE,IDO,71556,,NIFTY,,2027-06-24,2027-06-24,22000.0,CE,NIFTY27JUN22000CE,0.0,0.0,0.0,2783.5,0.0,2783.5,23851.65,5410.5,0,0,0,0.0,0,F1,75,,,,,
2025-04-17,2025-04-17,FO,NSE,IDO,71551,,NIFTY,,2027-06-24,2027-06-24,20000.0,CE,NIFTY27JUN20000CE,0.0,0.0,0.0,3367.05,0.0,3367.05,23851.65,6845.6,0,0,0,0.0,0,F1,75,,,,,
2025-04-17,2025-04-17,FO,NSE,IDO,71549,,NIFTY,,2027-06-24,2027-06-24,19000.0,CE,NIFTY27JUN19000CE,0.0,0.0,0.0,7800.0,7800.0,7800.0,23851.65,7618.05,75,0,0,0.0,0,F1,75,,,,,
2025-04-17,2025-04-17,FO,NSE,IDO,50978,,NIFTY,,2026-12-31,2026-12-31,27000.0,CE,NIFTY26DEC27000CE,0.0,0.0,0.0,1085.0,1085.0,1085.0,23851.65,2025.3,20250,0,0,0.0,0,F1,75,,,,,
2025-04-17,2025-04-17,FO,NSE,IDO,71501,,NIFTY,,2026-12-31,2026-12-31,24000.0,CE,NIFTY26DEC24000CE,2700.0,2700.0,2650.5,2650.5,2650.5,2330.0,23851.65,2650.5,3375,150,3,6003787.5,3,F1,75,,,,,
2025-04-17,2025-04-17,FO,NSE,IDO,58640,,NIFTY,,2026-12-31,2026-12-31,18000.0,CE,NIFTY26DEC18000CE,0.0,0.0,0.0,4501.45,0.0,4501.45,23851.65,7883.35,0,0,0,0.0,0,F1,75,,,,,
2025-04-17,2025-04-17,FO,NSE,IDO,50545,,NIFTY,,2026-06-25,2026-06-25,28000.0,CE,NIFTY26JUN28000CE,0.0,0.0,0.0,1533.95,0.0,1533.95,23851.65,1015.05,0,0,0,0.0,0,F1,75,,,,,
2025-04-17,2025-04-17,FO,NSE,IDO,62926,,NIFTY,,2026-03-26,2026-03-26,25000.0,CE,NIFTY26MAR25000CE,0.0,0.0,0.0,1652.55,0.0,1652.55,23851.65,1762.4,0,0,0,0.0,0,F1,75,,,,,
2025-04-17,2025-04-17,FO,NSE,IDO,62922,,NIFTY,,2026-03-26,2026-03-26,23000.0,CE,NIFTY26MAR23000CE,0.0,0.0,0.0,2782.55,0.0,2782.55,23851.65,2897.5,0,0,0,0.0,0,F1,75,,,,,
2025-04-17,2025-04-17,FO,NSE,IDO,62916,,NIFTY,,2026-03-26,2026-03-26,20000.0,CE,NIFTY26MAR20000CE,0.0,0.0,0.0,5090.05,0.0,5090.05,23851.65,5200.6,0,0,0,0.0,0,F1,75,,,,,
2025-04-17,2025-04-17,FO,NSE,IDO,37795,,NIFTY,,2025-12-24,2025-12-24,23000.0,CE,NIFTY25DEC23000CE,1836.0,2114.95,1800.0,2081.2,2090.0,1868.65,23851.65,2081.2,488550,65200,2010,3758266766.25,1594,F1,75,,,,,
2025-04-17,2025-04-17,FO,NSE,IDO,64700,,NIFTY,,2025-09-25,2025-09-25,28000.0,CE,NIFTY25SEP28000CE,38.6,54.0,35.1,49.2,50.0,39.8,23851.65,49.2,33975,750,453,952850265.0,248,F1,75,,,,,
2025-04-17,2025-04-17,FO,NSE,IDO,64698,,NIFTY,,2025-09-25,2025-09-25,27000.0,CE,NIFTY25SEP27000CE,70.05,106.9,66.0,101.15,101.1,73.6,23851.65,101.15,159675,23325,1375,2794045428.75,945,F1,75,,,,,
2025-04-17,2025-04-17,FO,NSE,IDO,64688,,NIFTY,,2025-09-25,2025-09-25,22000.0,CE,NIFTY25SEP22000CE,2120.0,2505.75,2120.0,2494.5,2490.0,2180.2,23851.65,2494.5,52050,750,61,111651873.75,54,F1,75,,,,,
2025-04-17,2025-04-17,FO,NSE,IDO,64684,,NIFTY,,2025-09-25,2025-09-25,20000.0,CE,NIFTY25SEP20000CE,0.0,0.0,0.0,3501.35,3501.35,3501.35,23851.65,4474.1,300,0,0,0.0,0,F1,75,,,,,
2025-04-17,2025-04-17,FO,NSE,IDO,64682,,NIFTY,,2025-09-25,2025-09-25,19000.0,CE,NIFTY25SEP19000CE,0.0,0.0,0.0,8559.0,0.0,8559.0,23851.65,5420.9,0,0,0,0.0,0,F1,75,,,,,
2025-04-17,2025-04-17,FO,NSE,IDO,62329,,NIFTY,,2025-06-26,2025-06-26,23500.0,CE,NIFTY25JUN23500CE,665.65,957.85,633.0,933.1,930.15,690.25,23851.65,933.1,601725,106050,7227,13181574727.5,5636,F1,75,,,,,
2025-04-17,2025-04-17,FO,NSE,IDO,62325,,NIFTY,,2025-06-26,2025-06-26,23400.0,CE,NIFTY25JUN23400CE,730.55,1040.6,718.0,1011.55,1013.1,746.05,23851.65,1011.55,1875,-750,78,142096286.25,58,F1,75,,,,,
2025-04-17,2025-04-17,FO,NSE,IDO,62197,,NIFTY,,2025-06-26,2025-06-26,22450.0,CE,NIFTY25JUN22450CE,1752.8,1752.8,1752.8,1752.8,1752.8,1356.8,23851.65,1838.85,675,75,1,1815210.0,1,F1,75,,,,,
2025-04-17,2025-04-17,FO,NSE,IDO,62185,,NIFTY,,2025-06-26,2025-06-26,22150.0,CE,NIFTY25JUN22150CE,2001.15,2001.15,2001.15,2001.15,2001.15,1264.15,23851.65,2090.55,225,75,1,1811336.25,1,F1,75,,,,,
2025-04-17,2025-04-17,FO,NSE,IDO,62133,,NIFTY,,2025-06-26,2025-06-26,21250.0,CE,NIFTY25JUN21250CE,2823.0,2823.0,2823.0,2823.0,2823.0,2770.15,23851.65,2823.0,75,75,1,1805475.0,1,F1,75,,,,,
2025-04-17,2025-04-17,FO,NSE,IDO,62127,,NIFTY,,2025-06-26,2025-06-26,21200.0,CE,NIFTY25JUN21200CE,2886.75,2886.75,2886.75,2886.75,2886.75,2816.15,23851.65,2886.75,75,75,1,1806506.25,1,F1,75,,,,,
2025-04-17,2025-04-17,FO,NSE,IDO,61759,,NIFTY,,2025-05-29,2025-05-29,25100.0,CE,NIFTY25MAY25100CE,37.85,81.7,30.0,72.6,74.0,36.4,23851.65,72.6,85950,49650,3324,6273903892.5,1849,F1,75,,,,,
2025-04-17,2025-04-17,FO,NSE,IDO,61757,,NIFTY,,2025-05-29,2025-05-29,25050.0,CE,NIFTY25MAY25050CE,58.85,89.2,35.2,81.1,82.75,49.5,23851.65,81.1,11850,6525,237,446455376.25,120,F1,75,,,,,
2025-04-17,2025-04-17,FO,NSE,IDO,61691,,NIFTY,,2025-05-29,2025-05-29,24700.0,CE,NIFTY25MAY24700CE,68.6,164.6,64.0,143.1,126.0,78.95,23851.65,143.1,155100,50625,10894,20287625467.5,7192,F1,75,,,,,
2025-04-17,2025-04-17,FO,NSE,IDO,61675,,NIFTY,,2025-05-29,2025-05-29,24300.0,CE,NIFTY25MAY24300CE,160.8,305.0,138.15,278.95,278.65,165.65,23851.65,278.95,315000,59025,8305,15289422641.25,5867,F1,75,,,,,
2025-04-17,2025-04-17,FO,NSE,IDO,61559,,NIFTY,,2025-05-29,2025-05-29,23850.0,CE,NIFTY25MAY23850CE,299.55,539.15,281.55,515.5,519.35,320.35,23851.65,515.5,18225,750,749,1364936021.25,542,F1,75,,,,,
2025-04-17,2025-04-17,FO,NSE,IDO,61527,,NIFTY,,2025-05-29,2025-05-29,23050.0,CE,NIFTY25MAY23050CE,724.0,1113.85,724.0,1082.65,1082.15,785.0,23851.65,1082.65,5100,75,27,48549941.25,24,F1,75,,,,,
2025-04-17,2025-04-17,FO,NSE,IDO,61501,,NIFTY,,2025-05-29,2025-05-29,22400.0,CE,NIFTY25MAY22400CE,1255.0,1668.0,1215.0,1640.3,1658.85,1291.8,23851.65,1640.3,46275,-12675,232,417112023.75,203,F1,75,,,,,
2025-04-17,2025-04-17,FO,NSE,IDO,61475,,NIFTY,,2025-05-29,2025-05-29,21900.0,CE,NIFTY25MAY21900CE,1846.95,2097.7,1846.95,2091.95,2090.05,1642.95,23851.65,2091.95,4650,-450,9,16169088.75,9,F1,75,,,,,
2025-04-17,2025-04-17,FO,NSE,IDO,61471,,NIFTY,,2025-05-29,2025-05-29,21800.0,CE,NIFTY25MAY21800CE,1757.65,2200.0,1757.65,2196.95,2200.0,1735.0,23851.65,2196.95,14100,-525,13,23145202.5,8,F1,75,,,,,
2025-04-17,2025-04-17,FO,NSE,IDO,61335,,NIFTY,,2025-05-29,2025-05-29,20650.0,CE,NIFTY25MAY20650CE,3304.4,3304.4,3304.4,3304.4,3304.4,2806.75,23851.65,3304.4,1350,75,1,1796580.0,1,F1,75,,,,,
2025-04-17,2025-04-17,FO,NSE,IDO,46276,,NIFTY,,2025-05-15,2025-05-15,24650.0,CE,NIFTY2551524650CE,0.0,0.0,0.0,20.3,0.0,20.3,23851.65,195.05,0,0,0,0.0,0,F1,75,,,,,
2025-04-17,2025-04-17,FO,NSE,IDO,46274,,NIFTY,,2025-05-15,2025-05-15,24600.0,CE,NIFTY2551524600CE,0.0,0.0,0.0,22.35,0.0,22.35,23851.65,208.75,0,0,0,0.0,0,F1,75,,,,,
2025-04-17,2025-04-17,FO,NSE,IDO,46260,,NIFTY,,2025-05-15,2025-05-15,24250.0,CE,NIFTY2551524250CE,221.6,232.65,221.6,232.65,232.65,42.35,23851.65,232.65,150,150,3,5506938.75,2,F1,75,,,,,
2025-04-17,2025-04-17,FO,NSE,IDO,46237,,NIFTY,,2025-05-15,2025-05-15,23950.0,CE,NIFTY2551523950CE,0.0,0.0,0.0,70.3,0.0,70.3,23851.65,459.3,0,0,0,0.0,0,F1,75,,,,,
2025-04-17,2025-04-17,FO,NSE,IDO,46234,,NIFTY,,2025-05-15,2025-05-15,23900.0,CE,NIFTY2551523900CE,192.9,394.35,172.6,348.45,351.6,215.8,23851.65,348.45,3450,2475,98,177971621.25,47,F1,75,,,,,
2025-04-17,2025-04-17,FO,NSE,IDO,46192,,NIFTY,,2025-05-15,2025-05-15,23000.0,CE,NIFTY2551523000CE,650.0,1011.2,645.0,1009.4,1011.2,717.5,23851.65,1009.4,11775,75,36,64188708.75,26,F1,75,,,,,
2025-04-17,2025-04-17,FO,NSE,IDO,46176,,NIFTY,,2025-05-15,2025-05-15,22800.0,CE,NIFTY2551522800CE,0.0,0.0,0.0,774.1,774.1,774.1,23851.65,1246.6,1575,0,0,0.0,0,F1,75,,,,,
2025-04-17,2025-04-17,FO,NSE,IDO,46164,,NIFTY,,2025-05-15,2025-05-15,22500.0,CE,NIFTY2551522500CE,0.0,0.0,0.0,482.4,0.0,482.4,23851.65,1509.15,0,0,0,0.0,0,F1,75,,,,,
2025-04-17,2025-04-17,FO,NSE,IDO,46133,,NIFTY,,2025-05-15,2025-05-15,21850.0,CE,NIFTY2551521850CE,0.0,0.0,0.0,880.0,0.0,880.0,23851.65,2120.5,0,0,0,0.0,0,F1,75,,,,,
2025-04-17,2025-04-17,FO,NSE,IDO,46128,,NIFTY,,2025-05-15,2025-05-15,21750.0,CE,NIFTY2551521750CE,0.0,0.0,0.0,953.25,0.0,953.25,23851.65,2217.65,0,0,0,0.0,0,F1,75,,,,,
2025-04-17,2025-04-17,FO,NSE,IDO,46124,,NIFTY,,2025-05-15,2025-05-15,21650.0,CE,NIFTY2551521650CE,0.0,0.0,0.0,1029.15,0.0,1029.15,23851.65,2315.3,0,0,0,0.0,0,F1,75,,,,,
2025-04-17,2025-04-17,FO,NSE,IDO,46118,,NIFTY,,2025-05-15,2025-05-15,21500.0,CE,NIFTY2551521500CE,0.0,0.0,0.0,1147.9,0.0,1147.9,23851.65,2462.45,0,0,0,0.0,0,F1,75,,,,,
2025-04-17,2025-04-17,FO,NSE,IDO,46070,,NIFTY,,2025-05-15,2025-05-15,20750.0,CE,NIFTY2551520750CE,0.0,0.0,0.0,1809.7,0.0,1809.7,23851.65,3205.2,0,0,0,0.0,0,F1,75,,,,,
2025-04-17,2025-04-17,FO,NSE,IDO,46068,,NIFTY,,2025-05-15,2025-05-15,20700.0,CE,NIFTY2551520700CE,0.0,0.0,0.0,1856.7,0.0,1856.7,23851.65,3254.9,0,0,0,0.0,0,F1,75,,,,,
2025-04-17,2025-04-17,FO,NSE,IDO,38625,,NIFTY,,2025-05-08,2025-05-08,24700.0,CE,NIFTY2550824700CE,28.0,72.65,23.65,60.1,64.0,25.25,23851.65,60.1,6675,3000,262,486418008.75,150,F1,75,,,,,
2025-04-17,2025-04-17,FO,NSE,IDO,38566,,NIFTY,,2025-05-08,2025-05-08,23650.0,CE,NIFTY2550823650CE,325.0,489.4,325.0,454.05,454.0,254.0,23851.65,454.05,6075,5700,201,362865558.75,124,F1,75,,,,,
2025-04-17,2025-04-17,FO,NSE,IDO,38546,,NIFTY,,2025-05-08,2025-05-08,23400.0,CE,NIFTY2550823400CE,355.0,662.05,324.1,636.25,657.15,381.95,23851.65,636.25,17925,-4650,2140,3830411036.25,1616,F1,75,,,,,
2025-04-17,2025-04-17,FO,NSE,IDO,38528,,NIFTY,,2025-05-08,2025-05-08,23050.0,CE,NIFTY2550823050CE,815.25,831.75,815.25,831.35,831.35,625.7,23851.65,979.2,450,-675,11,19701026.25,9,F1,75,,,,,
2025-04-17,2025-04-17,FO,NSE,IDO,38522,,NIFTY,,2025-05-08,2025-05-08,22900.0,CE,NIFTY2550822900CE,726.75,1056.2,673.6,1056.2,1056.2,727.3,23851.65,1104.4,1500,-300,11,19497963.75,7,F1,75,,,,,
2025-04-17,2025-04-17,FO,NSE,IDO,38472,,NIFTY,,2025-05-08,2025-05-08,22000.0,CE,NIFTY2550822000CE,1670.0,1913.15,1670.0,1913.15,1913.15,1440.0,23851.65,1940.4,1650,-75,2,3568736.25,2,F1,75,,,,,
2025-04-17,2025-04-17,FO,NSE,IDO,38442,,NIFTY,,2025-05-08,2025-05-08,21250.0,CE,NIFTY2550821250CE,0.0,0.0,0.0,2154.15,0.0,2154.15,23851.65,2681.45,0,0,0,0.0,0,F1,75,,,,,
2025-04-17,2025-04-17,FO,NSE,IDO,52000,,NIFTY,,2025-04-30,2025-04-30,24350.0,CE,NIFTY2543024350CE,24.05,86.55,21.95,76.5,82.5,29.65,23851.65,76.5,107175,90825,4482,8208931526.25,2808,F1,75,,,,,
2025-04-17,2025-04-17,FO,NSE,IDO,51978,,NIFTY,,2025-04-30,2025-04-30,24000.0,CE,NIFTY2543024000CE,80.0,207.0,56.15,187.25,189.0,77.7,23851.65,187.25,873675,18450,92518,167471420403.75,53095,F1,75,,,,,
2025-04-17,2025-04-17,FO,NSE,IDO,51962,,NIFTY,,2025-04-30,2025-04-30,23750.0,CE,NIFTY2543023750CE,127.3,344.55,110.0,324.75,334.0,144.45,23851.65,324.75,38175,-9225,5941,10698038932.5,4333,F1,75,,,,,
2025-04-17,2025-04-17,FO,NSE,IDO,51856,,NIFTY,,2025-04-30,2025-04-30,22150.0,CE,NIFTY2543022150CE,1636.3,1636.3,1636.3,1636.3,1636.3,1258.85,23851.65,1755.05,1050,-75,1,1783972.5,1,F1,75,,,,,
2025-04-17,2025-04-17,FO,NSE,IDO,79725,,NIFTY,,2025-04-24,2025-04-24,25000.0,CE,NIFTY25APR25000CE,2.35,5.9,1.45,5.15,4.8,2.5,23851.65,5.15,7954500,2984700,360569,676163587451.25,91803,F1,75,,,,,
2025-04-17,2025-04-17,FO,NSE,IDO,79646,,NIFTY,,2025-04-24,2025-04-24,24650.0,CE,NIFTY25APR24650CE,4.0,13.65,2.85,12.55,13.5,5.55,23851.65,12.55,408450,295800,41023,75869412007.5,22021,F1,75,,,,,
2025-04-17,2025-04-17,FO,NSE,IDO,79608,,NIFTY,,2025-04-24,2025-04-24,24200.0,CE,NIFTY25APR24200CE,20.5,69.0,11.1,60.2,60.5,19.15,23851.65,60.2,2664450,1526100,310804,565127021077.5,161827,F1,75,,,,,
2025-04-17,2025-04-17,FO,NSE,IDO,79503,,NIFTY,,2025-04-24,2025-04-24,23550.0,CE,NIFTY25APR23550CE,147.2,408.95,101.05,393.7,390.0,147.65,23851.65,393.7,201675,-115650,87382,155632851855.0,57463,F1,75,,,,,
2025-04-17,2025-04-17,FO,NSE,IDO,79258,,NIFTY,,2025-04-24,2025-04-24,21550.0,CE,NIFTY25APR21550CE,2280.65,2297.2,2280.3,2297.2,2297.2,1834.3,23851.65,2328.5,24825,0,5,8937795.0,5,F1,75,,,,,
2025-04-17,2025-04-17,FO,NSE,IDO,79233,,NIFTY,,2025-04-24,2025-04-24,21100.0,CE,NIFTY25APR21100CE,2746.9,2746.9,2746.9,2746.9,2746.9,2200.0,23851.65,2746.9,1650,75,1,1788517.5,1,F1,75,,,,,
2025-04-17,2025-04-17,FO,NSE,IDO,79231,,NIFTY,,2025-04-24,2025-04-24,21050.0,CE,NIFTY25APR21050CE,2820.0,2820.0,2820.0,2820.0,2820.0,1902.8,23851.65,2820.0,1575,75,1,1790250.0,1,F1,75,,,,,
2025-04-17,2025-04-17,FO,NSE,IDO,79223,,NIFTY,,2025-04-24,2025-04-24,20850.0,CE,NIFTY25APR20850CE,3003.45,3003.45,3003.45,3003.45,3003.45,2494.85,23851.65,3027.65,1050,75,1,1789008.75,1,F1,75,,,,,
2025-04-17,2025-04-17,FO,NSE,IDO,48417,,NIFTY,,2025-04-17,2025-04-17,25350.0,CE,NIFTY2541725350CE,0.3,0.9,0.05,0.1,0.05,0.4,23851.65,23851.65,604200,-470700,104188,198089482451.25,13401,F1,75,,,,,
2025-04-17,2025-04-17,FO,NSE,IDO,48409,,NIFTY,,2025-04-17,2025-04-17,25200.0,CE,NIFTY2541725200CE,0.4,0.6,0.05,0.1,0.05,0.45,23851.65,23851.65,747600,39750,213871,404219748603.75,31025,F1,75,,,,,
2025-04-17,2025-04-17,FO,NSE,IDO,48391,,NIFTY,,2025-04-17,2025-04-17,25000.0,CE,NIFTY2541725000CE,0.3,0.75,0.05,0.1,0.05,0.5,23851.65,23851.65,2921850,-1506075,464879,871658131886.25,70601,F1,75,,,,,
2025-04-17,2025-04-17,FO,NSE,IDO,48326,,NIFTY,,2025-04-17,2025-04-17,24250.0,CE,NIFTY2541724250CE,0.7,1.05,0.05,0.1,0.05,1.25,23851.65,23851.65,1821675,93150,847153,1540791282161.25,151538,F1,75,,,,,
2025-04-17,2025-04-17,FO,NSE,IDO,48202,,NIFTY,,2025-04-17,2025-04-17,22900.0,CE,NIFTY2541722900CE,449.35,965.8,383.0,951.2,952.1,493.75,23851.65,23851.65,799200,-146250,8599,15133514535.0,5578,F1,75,,,,,
2025-04-17,2025-04-17,FO,NSE,IDO,48112,,NIFTY,,2025-04-17,2025-04-17,21750.0,CE,NIFTY2541721750CE,1646.35,1876.35,1640.25,1856.15,1856.15,1628.8,23851.65,23851.65,19200,-150,7,12315498.75,5,F1,75,,,,,
2025-04-17,2025-04-17,FO,NSE,IDO,48106,,NIFTY,,2025-04-17,2025-04-17,21600.0,CE,NIFTY2541721600CE,1725.0,2256.35,1725.0,2256.35,2256.35,1785.0,23851.65,23851.65,21075,-9300,348,616843646.25,180,F1,75,,,,,
2025-04-17,2025-04-17,FO,NSE,IDO,48076,,NIFTY,,2025-04-17,2025-04-17,21100.0,CE,NIFTY2541721100CE,2547.0,2763.2,2547.0,2762.7,2762.7,2179.1,23851.65,23851.65,5550,-75,17,30404883.75,17,F1,75,,,,,
2025-04-17,2025-04-17,FO,NSE,IDO,47998,,NIFTY,,2025-04-17,2025-04-17,20600.0,CE,NIFTY2541720600CE,0.0,0.0,0.0,1862.9,1862.9,1862.9,23851.65,23851.65,375,0,0,0.0,0,F1,75,,,,,
2025-04-17,2025-04-17,FO,NSE,IDO,58645,,NIFTY,,2026-12-31,2026-12-31,20000.0,PE,NIFTY26DEC20000PE,353.8,360.0,315.05,315.05,315.05,349.4,23851.65,315.05,4125,450,18,27467640.0,17,F1,75,,,,,
2025-04-17,2025-04-17,FO,NSE,IDO,89629,,NIFTY,,2029-06-28,2029-06-28,23000.0,PE,NIFTY29JUN23000PE,0.0,0.0,0.0,543.65,0.0,543.65,23851.65,682.35,0,0,0,0.0,0,F1,75,,,,,
2025-04-17,2025-04-17,FO,NSE,IDO,67793,,NIFTY,,2028-12-28,2028-12-28,29000.0,PE,NIFTY28DEC29000PE,0.0,0.0,0.0,2010.85,0.0,2010.85,23851.65,2420.65,0,0,0,0.0,0,F1,75,,,,,
2025-04-17,2025-04-17,FO,NSE,IDO,67787,,NIFTY,,2028-12-28,2028-12-28,26000.0,PE,NIFTY28DEC26000PE,0.0,0.0,0.0,1160.95,0.0,1160.95,23851.65,1410.4,0,0,0,0.0,0,F1,75,,,,,
2025-04-17,2025-04-17,FO,NSE,IDO,67775,,NIFTY,,2028-12-28,2028-12-28,20000.0,PE,NIFTY28DEC20000PE,0.0,0.0,0.0,316.05,316.05,316.05,23851.65,284.35,1100,0,0,0.0,0,F1,75,,,,,
2025-04-17,2025-04-17,FO,NSE,IDO,53595,,NIFTY,,2027-12-30,2027-12-30,15000.0,PE,NIFTY27DEC15000PE,0.0,0.0,0.0,43.05,43.05,43.05,23851.65,17.2,475,0,0,0.0,0,F1,75,,,,,
2025-04-17,2025-04-17,FO,NSE,IDO,71554,,NIFTY,,2027-06-24,2027-06-24,21000.0,PE,NIFTY27JUN21000PE,0.0,0.0,0.0,500.0,500.0,500.0,23851.65,363.0,350,0,0,0.0,0,F1,75,,,,,
2025-04-17,2025-04-17,FO,NSE,IDO,62156,,NIFTY,,2025-06-26,2025-06-26,21650.0,PE,NIFTY25JUN21650PE,0.0,0.0,0.0,368.75,368.75,368.75,23851.65,52.85,7275,0,0,0.0,0,F1,75,,,,,
2025-04-17,2025-04-17,FO,NSE,IDO,62338,,NIFTY,,2025-06-26,2025-06-26,23700.0,PE,NIFTY25JUN23700PE,590.75,647.9,429.4,448.9,448.85,620.0,23851.65,448.9,57300,25575,632,1146957116.25,365,F1,75,,,,,
2025-04-17,2025-04-17,FO,NSE,IDO,62342,,NIFTY,,2025-06-26,2025-06-26,23750.0,PE,NIFTY25JUN23750PE,490.25,496.25,490.0,495.0,495.0,611.6,23851.65,518.45,150,150,4,7272862.5,4,F1,75,,,,,
2025-04-17,2025-04-17,FO,NSE,IDO,61554,,NIFTY,,2025-05-29,2025-05-29,23700.0,PE,NIFTY25MAY23700PE,551.0,590.0,329.15,346.95,349.2,538.4,23851.65,346.95,240900,189075,10146,18350944233.75,7377,F1,75,,,,,
2025-04-17,2025-04-17,FO,NSE,IDO,61544,,NIFTY,,2025-05-29,2025-05-29,23450.0,PE,NIFTY25MAY23450PE,434.45,459.7,262.55,274.35,280.0,426.95,23851.65,274.35,30075,1425,706,1259566192.5,409,F1,75,,,,,
2025-04-17,2025-04-17,FO,NSE,IDO,61542,,NIFTY,,2025-05-29,2025-05-29,23400.0,PE,NIFTY25MAY23400PE,448.45,448.45,247.55,260.0,262.4,405.25,23851.65,260.0,328050,60975,8839,15732116182.5,6174,F1,75,,,,,
2025-04-17,2025-04-17,FO,NSE,IDO,61536,,NIFTY,,2025-05-29,2025-05-29,23250.0,PE,NIFTY25MAY23250PE,355.55,385.0,217.0,226.7,224.45,351.95,23851.65,226.7,19500,225,589,1039574632.5,375,F1,75,,,,,
2025-04-17,2025-04-17,FO,NSE,IDO,61532,,NIFTY,,2025-05-29,2025-05-29,23150.0,PE,NIFTY25MAY23150PE,324.05,351.5,197.3,205.75,203.15,325.1,23851.65,205.75,17175,2700,277,486729082.5,192,F1,75,,,,,
2025-04-17,2025-04-17,FO,NSE,IDO,61520,,NIFTY,,2025-05-29,2025-05-29,22850.0,PE,NIFTY25MAY22850PE,260.0,260.0,150.35,157.85,153.0,240.5,23851.65,157.85,20100,4575,379,655230795.0,231,F1,75,,,,,
2025-04-17,2025-04-17,FO,NSE,IDO,61468,,NIFTY,,2025-05-29,2025-05-29,21700.0,PE,NIFTY25MAY21700PE,83.0,86.6,54.9,60.05,60.25,82.4,23851.65,60.05,233700,84600,4698,7669768668.75,3050,F1,75,,,,,
2025-04-17,2025-04-17,FO,NSE,IDO,61359,,NIFTY,,2025-05-29,2025-05-29,21050.0,PE,NIFTY25MAY21050PE,0.0,0.0,0.0,30.25,30.25,30.25,23851.65,4.8,1050,0,0,0.0,0,F1,75,,,,,
2025-04-17,2025-04-17,FO,NSE,IDO,61354,,NIFTY,,2025-05-29,2025-05-29,20950.0,PE,NIFTY25MAY20950PE,40.65,43.75,31.4,34.0,31.4,42.55,23851.65,34.0,7725,3825,213,335278822.5,140,F1,75,,,,,
2025-04-17,2025-04-17,FO,NSE,IDO,61326,,NIFTY,,2025-05-29,2025-05-29,20400.0,PE,NIFTY25MAY20400PE,27.0,29.85,21.0,22.7,21.35,27.25,23851.65,22.7,190950,63525,4188,6415473982.5,1938,F1,75,,,,,
2025-04-17,2025-04-17,FO,NSE,IDO,46265,,NIFTY,,2025-05-15,2025-05-15,24350.0,PE,NIFTY2551524350PE,694.75,695.0,685.0,685.0,685.0,1827.15,23851.65,665.95,225,225,6,11269443.75,4,F1,75,,,,,
2025-04-17,2025-04-17,FO,NSE,IDO,46257,,NIFTY,,2025-05-15,2025-05-15,24150.0,PE,NIFTY2551524150PE,0.0,0.0,0.0,1643.35,0.0,1643.35,23851.65,545.4,0,0,0,0.0,0,F1,75,,,,,
2025-04-17,2025-04-17,FO,NSE,IDO,46223,,NIFTY,,2025-05-15,2025-05-15,23650.0,PE,NIFTY2551523650PE,0.0,0.0,0.0,1208.65,0.0,1208.65,23851.65,304.5,0,0,0,0.0,0,F1,75,,,,,
2025-04-17,2025-04-17,FO,NSE,IDO,46211,,NIFTY,,2025-05-15,2025-05-15,23400.0,PE,NIFTY2551523400PE,349.35,384.9,189.15,200.45,196.3,338.75,23851.65,200.45,4425,4050,114,202254442.5,79,F1,75,,,,,
2025-04-17,2025-04-17,FO,NSE,IDO,46131,,NIFTY,,2025-05-15,2025-05-15,21800.0,PE,NIFTY2551521800PE,34.9,37.95,31.2,34.55,32.5,175.45,23851.65,34.55,975,975,27,44210253.75,9,F1,75,,,,,
2025-04-17,2025-04-17,FO,NSE,IDO,46109,,NIFTY,,2025-05-15,2025-05-15,21350.0,PE,NIFTY2551521350PE,0.0,0.0,0.0,83.3,0.0,83.3,23851.65,2.5,0,0,0,0.0,0,F1,75,,,,,
2025-04-17,2025-04-17,FO,NSE,IDO,38617,,NIFTY,,2025-05-08,2025-05-08,24550.0,PE,NIFTY2550824550PE,0.0,0.0,0.0,1237.05,0.0,1237.05,23851.65,769.3,0,0,0,0.0,0,F1,75,,,,,
2025-04-17,2025-04-17,FO,NSE,IDO,38575,,NIFTY,,2025-05-08,2025-05-08,23700.0,PE,NIFTY2550823700PE,441.75,468.3,219.35,231.95,229.75,617.45,23851.65,231.95,81600,81600,3599,6471903761.25,2671,F1,75,,,,,
2025-04-17,2025-04-17,FO,NSE,IDO,38525,,NIFTY,,2025-05-08,2025-05-08,22950.0,PE,NIFTY2550822950PE,91.4,91.4,90.75,91.2,91.2,193.0,23851.65,74.7,6375,-450,35,60482553.75,12,F1,75,,,,,
2025-04-17,2025-04-17,FO,NSE,IDO,38497,,NIFTY,,2025-05-08,2025-05-08,22550.0,PE,NIFTY2550822550PE,65.65,66.8,45.8,52.3,51.15,313.15,23851.65,52.3,12150,1350,180,305136618.75,54,F1,75,,,,,
2025-04-17,2025-04-17,FO,NSE,IDO,38489,,NIFTY,,2025-05-08,2025-05-08,22350.0,PE,NIFTY2550822350PE,0.0,0.0,0.0,77.8,77.8,77.8,23851.65,18.1,5100,0,0,0.0,0,F1,75,,,,,
2025-04-17,2025-04-17,FO,NSE,IDO,38471,,NIFTY,,2025-05-08,2025-05-08,21950.0,PE,NIFTY2550821950PE,26.1,35.85,25.55,27.2,25.9,49.5,23851.65,27.2,3600,3600,80,131860676.25,25,F1,75,,,,,
2025-04-17,2025-04-17,FO,NSE,IDO,38415,,NIFTY,,2025-05-08,2025-05-08,20550.0,PE,NIFTY2550820550PE,0.0,0.0,0.0,1.35,0.0,1.35,23851.65,0.05,0,0,0,0.0,0,F1,75,,,,,
2025-04-17,2025-04-17,FO,NSE,IDO,52079,,NIFTY,,2025-04-30,2025-04-30,25300.0,PE,NIFTY2543025300PE,1451.4,1451.4,1451.4,1451.4,1451.4,2333.15,23851.65,1402.3,225,75,1,2006355.0,1,F1,75,,,,,
2025-04-17,2025-04-17,FO,NSE,IDO,52055,,NIFTY,,2025-04-30,2025-04-30,25050.0,PE,NIFTY2543025050PE,1186.3,1186.3,1186.3,1186.3,1186.3,2090.55,23851.65,1166.15,225,75,1,1967722.5,1,F1,75,,,,,
2025-04-17,2025-04-17,FO,NSE,IDO,51977,,NIFTY,,2025-04-30,2025-04-30,23950.0,PE,NIFTY2543023950PE,511.1,511.1,270.4,289.45,300.0,609.15,23851.65,289.45,9225,8475,372,677134425.0,267,F1,75,,,,,
2025-04-17,2025-04-17,FO,NSE,IDO,51955,,NIFTY,,2025-04-30,2025-04-30,23600.0,PE,NIFTY2543023600PE,350.0,395.5,145.1,158.15,155.0,342.55,23851.65,158.15,292125,239850,24061,42987320842.5,15834,F1,75,,,,,
2025-04-17,2025-04-17,FO,NSE,IDO,51953,,NIFTY,,2025-04-30,2025-04-30,23550.0,PE,NIFTY2543023550PE,357.0,365.0,133.05,143.9,136.4,309.4,23851.65,143.9,55650,42300,3963,7058892371.25,2540,F1,75,,,,,
2025-04-17,2025-04-17,FO,NSE,IDO,51905,,NIFTY,,2025-04-30,2025-04-30,22800.0,PE,NIFTY2543022800PE,88.0,94.8,34.3,39.1,36.0,84.9,23851.65,39.1,1963950,1613400,68009,116538349680.0,34662,F1,75,,,,,
2025-04-17,2025-04-17,FO,NSE,IDO,51883,,NIFTY,,2025-04-30,2025-04-30,22500.0,PE,NIFTY2543022500PE,52.35,55.25,21.65,28.45,27.35,52.35,23851.65,28.45,652950,23925,37677,63677598840.0,18736,F1,75,,,,,
2025-04-17,2025-04-17,FO,NSE,IDO,51838,,NIFTY,,2025-04-30,2025-04-30,21700.0,PE,NIFTY2543021700PE,20.45,20.45,11.3,15.95,13.75,19.6,23851.65,15.95,83700,21300,5689,9265499175.0,3716,F1,75,,,,,
2025-04-17,2025-04-17,FO,NSE,IDO,51830,,NIFTY,,2025-04-30,2025-04-30,21500.0,PE,NIFTY2543021500PE,17.0,17.4,10.4,13.8,12.2,16.4,23851.65,13.8,647400,27750,22180,35787585821.25,10920,F1,75,,,,,
2025-04-17,2025-04-17,FO,NSE,IDO,51775,,NIFTY,,2025-04-30,2025-04-30,20650.0,PE,NIFTY2543020650PE,0.0,0.0,0.0,3.75,0.0,3.75,23851.65,0.0,0,0,0,0.0,0,F1,75,,,,,
2025-04-17,2025-04-17,FO,NSE,IDO,79641,,NIFTY,,2025-04-24,2025-04-24,24500.0,PE,NIFTY25APR24500PE,1120.05,1164.0,647.2,667.9,679.15,1079.25,23851.65,667.9,578175,6300,8776,16672716288.75,6973,F1,75,,,,,
2025-04-17,2025-04-17,FO,NSE,IDO,79554,,NIFTY,,2025-04-24,2025-04-24,24100.0,PE,NIFTY25APR24100PE,714.05,777.0,318.6,335.25,338.05,695.7,23851.65,335.25,101025,63825,4478,8222727892.5,3113,F1,75,,,,,
2025-04-17,2025-04-17,FO,NSE,IDO,79508,,NIFTY,,2025-04-24,2025-04-24,23650.0,PE,NIFTY25APR23650PE,338.05,393.45,110.75,119.35,117.0,330.3,23851.65,119.35,672450,529950,68189,121835111197.5,41040,F1,75,,,,,
2025-04-17,2025-04-17,FO,NSE,IDO,79504,,NIFTY,,2025-04-24,2025-04-24,23550.0,PE,NIFTY25APR23550PE,278.1,322.25,85.0,95.35,89.0,267.85,23851.65,95.35,614025,471000,76440,135908436423.75,49937,F1,75,,,,,
2025-04-17,2025-04-17,FO,NSE,IDO,79489,,NIFTY,,2025-04-24,2025-04-24,23400.0,PE,NIFTY25APR23400PE,197.55,231.9,60.75,68.9,66.85,190.25,23851.65,68.9,3953475,1247925,420025,741603850698.75,241377,F1,75,,,,,
2025-04-17,2025-04-17,FO,NSE,IDO,62348,,NIFTY,,2025-06-26,2025-06-26,23900.0,PE,NIFTY25JUN23900PE,635.0,635.0,505.0,512.7,520.0,717.1,23851.65,512.7,4050,2625,82,150381997.5,45,F1,75,,,,,
2025-04-17,2025-04-17,FO,NSE,IDO,62358,,NIFTY,,2025-06-26,2025-06-26,24150.0,PE,NIFTY25JUN24150PE,685.95,685.95,634.95,634.95,634.95,901.3,23851.65,702.9,375,-300,5,9309656.25,2,F1,75,,,,,
2025-04-17,2025-04-17,FO,NSE,IDO,62360,,NIFTY,,2025-06-26,2025-06-26,24200.0,PE,NIFTY25JUN24200PE,895.0,895.0,614.35,622.4,614.35,877.0,23851.65,622.4,2025,300,29,54090543.75,17,F1,75,,,,,
2025-04-17,2025-04-17,FO,NSE,IDO,62392,,NIFTY,,2025-06-26,2025-06-26,24800.0,PE,NIFTY25JUN24800PE,0.0,0.0,0.0,1351.75,1351.75,1351.75,23851.65,1076.4,75,0,0,0.0,0,F1,75,,,,,
2025-04-17,2025-04-17,FO,NSE,IDO,64699,,NIFTY,,2025-09-25,2025-09-25,27000.0,PE,NIFTY25SEP27000PE,0.0,0.0,0.0,1168.15,0.0,1168.15,23851.65,2674.9,0,0,0,0.0,0,F1,75,,,,,
2025-04-17,2025-04-17,FO,NSE,IDO,49178,,NIFTY,,2025-12-24,2025-12-24,16000.0,PE,NIFTY25DEC16000PE,0.0,0.0,0.0,21.0,21.0,21.0,23851.65,0.6,2425,0,0,0.0,0,F1,75,,,,,
2025-04-17,2025-04-17,FO,NSE,IDO,38377,,NIFTY,,2025-12-24,2025-12-24,20000.0,PE,NIFTY25DEC20000PE,166.8,172.6,142.0,144.25,146.8,166.75,23851.65,144.25,603075,-30700,3125,4723180545.0,1706,F1,75,,,,,
2025-04-17,2025-04-17,FO,NSE,IDO,50544,,NIFTY,,2025-12-24,2025-12-24,28000.0,PE,NIFTY25DEC28000PE,3473.6,3473.6,3172.0,3189.65,3178.0,3450.0,23851.65,3189.65,317375,-375,47,110135370.0,42,F1,75,,,,,
2025-04-17,2025-04-17,FO,NSE,IDO,38153,,NIFTY,,2025-12-24,2025-12-24,29000.0,PE,NIFTY25DEC29000PE,0.0,0.0,0.0,5100.0,5100.0,5100.0,23851.65,4100.7,13075,0,0,0.0,0,F1,75,,,,,
2025-04-17,2025-04-17,FO,NSE,IDO,62915,,NIFTY,,2026-03-26,2026-03-26,19000.0,PE,NIFTY26MAR19000PE,0.0,0.0,0.0,42.6,0.0,42.6,23851.65,53.55,0,0,0,0.0,0,F1,75,,,,,
2025-04-17,2025-04-17,FO,NSE,IDO,62927,,NIFTY,,2026-03-26,2026-03-26,25000.0,PE,NIFTY26MAR25000PE,0.0,0.0,0.0,1307.55,0.0,1307.55,23851.65,1367.6,0,0,0,0.0,0,F1,75,,,,,
2025-04-17,2025-04-17,FO,NSE,IDO,50448,,NIFTY,,2026-06-25,2026-06-25,15000.0,PE,NIFTY26JUN15000PE,0.0,0.0,0.0,20.2,20.2,20.2,23851.65,1.65,1000,0,0,0.0,0,F1,75,,,,,
2025-04-17,2025-04-17,FO,NSE,IDO,38380,,NIFTY,,2026-06-25,2026-06-25,20000.0,PE,NIFTY26JUN20000PE,0.0,0.0,0.0,3159.75,0.0,3159.75,23851.65,148.95,0,0,0,0.0,0,F1,75,,,,,
2025-04-17,2025-04-17,FO,NSE,IDO,71502,,NIFTY,,2026-12-31,2026-12-31,24000.0,PE,NIFTY26DEC24000PE,1031.0,1031.0,855.0,913.75,910.0,1063.0,23851.65,913.75,10200,375,23,42985635.0,21,F1,75,,,,,
2025-04-17,2025-04-17,FO,NSE,IDO,50548,,NIFTY,,2026-12-31,2026-12-31,28000.0,PE,NIFTY26DEC28000PE,2400.0,2400.0,2400.0,2400.0,2400.0,1650.0,23851.65,2749.6,525,75,1,2280000.0,1,F1,75,,,,,
2025-04-17,2025-04-17,FO,NSE,IDO,53615,,NIFTY,,2027-12-30,2027-12-30,21000.0,PE,NIFTY27DEC21000PE,0.0,0.0,0.0,440.05,440.05,440.05,23851.65,384.6,125,0,0,0.0,0,F1,75,,,,,
2025-04-17,2025-04-17,FO,NSE,IDO,86138,,NIFTY,,2028-06-29,2028-06-29,17000.0,PE,NIFTY28JUN17000PE,0.0,0.0,0.0,283.1,0.0,283.1,23851.65,74.0,0,0,0,0.0,0,F1,75,,,,,
2025-04-17,2025-04-17,FO,NSE,IDO,86144,,NIFTY,,2028-06-29,2028-06-29,20000.0,PE,NIFTY28JUN20000PE,0.0,0.0,0.0,400.0,400.0,400.0,23851.65,276.95,0,0,0,0.0,0,F1,75,,,,,
2025-04-17,2025-04-17,FO,NSE,IDO,86150,,NIFTY,,2028-06-29,2028-06-29,23000.0,PE,NIFTY28JUN23000PE,0.0,0.0,0.0,1399.25,0.0,1399.25,23851.65,725.0,0,0,0,0.0,0,F1,75,,,,,
2025-04-17,2025-04-17,FO,NSE,IDO,86166,,NIFTY,,2028-06-29,2028-06-29,28000.0,PE,NIFTY28JUN28000PE,0.0,0.0,0.0,3161.35,0.0,3161.35,23851.65,2200.6,0,0,0,0.0,0,F1,75,,,,,
2025-04-17,2025-04-17,FO,NSE,IDO,79399,,NIFTY,,2025-04-24,2025-04-24,22600.0,PE,NIFTY25APR22600PE,46.0,46.0,15.0,18.1,16.3,30.25,23851.65,18.1,1836225,487500,102339,173624855396.25,59464,F1,75,,,,,
2025-04-17,2025-04-17,FO,NSE,IDO,79286,,NIFTY,,2025-04-24,2025-04-24,22000.0,PE,NIFTY25APR22000PE,12.1,14.75,7.5,9.1,8.5,11.55,23851.65,9.1,7153500,2214300,258845,427266891225.0,85649,F1,75,,,,,
2025-04-17,2025-04-17,FO,NSE,IDO,79269,,NIFTY,,2025-04-24,2025-04-24,21800.0,PE,NIFTY25APR21800PE,10.0,10.0,5.6,7.1,6.5,9.3,23851.65,7.1,1914150,341175,95697,156516349818.75,38424,F1,75,,,,,
2025-04-17,2025-04-17,FO,NSE,IDO,79218,,NIFTY,,2025-04-24,2025-04-24,20700.0,PE,NIFTY25APR20700PE,2.85,3.4,2.05,2.5,2.4,3.45,23851.65,2.5,346425,98100,17152,26631799147.5,7887,F1,75,,,,,
2025-04-17,2025-04-17,FO,NSE,IDO,79201,,NIFTY,,2025-04-24,2025-04-24,20400.0,PE,NIFTY25APR20400PE,2.6,3.05,1.7,2.1,2.1,2.6,23851.65,2.1,2401125,352650,64325,98427457511.25,14573,F1,75,,,,,
2025-04-17,2025-04-17,FO,NSE,IDO,48390,,NIFTY,,2025-04-17,2025-04-17,24950.0,PE,NIFTY2541724950PE,1584.15,1584.15,1584.15,1584.15,1584.15,2033.6,23851.65,23851.65,675,150,2,3980122.5,2,F1,75,,,,,
2025-04-17,2025-04-17,FO,NSE,IDO,48372,,NIFTY,,2025-04-17,2025-04-17,24800.0,PE,NIFTY2541724800PE,1520.0,1520.0,949.8,949.8,949.8,1520.0,23851.65,23851.65,2100,-1875,67,131162763.75,26,F1,75,,,,,
2025-04-17,2025-04-17,FO,NSE,IDO,48321,,NIFTY,,2025-04-17,2025-04-17,24100.0,PE,NIFTY2541724100PE,740.0,802.9,228.8,247.9,247.45,721.05,23851.65,23851.65,38175,34800,20854,38140345533.75,12139,F1,75,,,,,
2025-04-17,2025-04-17,FO,NSE,IDO,48293,,NIFTY,,2025-04-17,2025-04-17,23850.0,PE,NIFTY2541723850PE,498.3,564.55,0.05,2.5,0.05,470.9,23851.65,23851.65,21624975,21605025,12879368,23050960112617.5,3424988,F1,75,,,,,
2025-04-17,2025-04-17,FO,NSE,IDO,48290,,NIFTY,,2025-04-17,2025-04-17,23800.0,PE,NIFTY2541723800PE,438.0,518.55,0.05,0.5,0.05,423.8,23851.65,23851.65,14304675,14237550,10756344,19213656200122.5,2927858,F1,75,,,,,
2025-04-17,2025-04-17,FO,NSE,IDO,48283,,NIFTY,,2025-04-17,2025-04-17,23700.0,PE,NIFTY2541723700PE,343.45,420.5,0.05,0.3,0.05,331.85,23851.65,23851.65,5716350,5510325,6187299,11008146551272.5,1926542,F1,75,,,,,
2025-04-17,2025-04-17,FO,NSE,IDO,48237,,NIFTY,,2025-04-17,2025-04-17,23300.0,PE,NIFTY2541723300PE,38.3,60.0,0.05,0.2,0.1,46.0,23851.65,23851.65,7106175,-1448175,9666751,16907586615487.5,3021845,F1,75,,,,,
2025-04-17,2025-04-17,FO,NSE,IDO,48189,,NIFTY,,2025-04-17,2025-04-17,22700.0,PE,NIFTY2541722700PE,1.7,1.7,0.05,0.1,0.05,3.5,23851.65,23851.65,2580000,-968925,1302968,2218365834753.75,221713,F1,75,,,,,
2025-04-17,2025-04-17,FO,NSE,IDO,48185,,NIFTY,,2025-04-17,2025-04-17,22600.0,PE,NIFTY2541722600PE,2.2,2.2,0.05,0.1,0.05,2.95,23851.65,23851.65,2198400,-1378125,993146,1683425178986.25,160534,F1,75,,,,,
2025-04-17,2025-04-17,FO,NSE,IDO,48107,,NIFTY,,2025-04-17,2025-04-17,21600.0,PE,NIFTY2541721600PE,0.5,0.8,0.05,0.1,0.05,1.05,23851.65,23851.65,310200,-475425,114333,185222365571.25,20396,F1,75,,,,,
2025-04-17,2025-04-17,FO,NSE,IDO,48029,,NIFTY,,2025-04-17,2025-04-17,20800.0,PE,NIFTY2541720800PE,0.5,0.65,0.05,0.1,0.05,0.55,23851.65,23851.65,211350,-172725,72640,113319879543.75,13737,F1,75,,,,,
2025-04-17,2025-04-17,FO,NSE,IDO,61746,,NIFTY,,2029-12-27,2029-12-27,23000.0,CE,NIFTY29DEC23000CE,0.0,0.0,0.0,8286.75,0.0,8286.75,23851.65,7782.6,0,0,0,0.0,0,F1,75,,,,,
2025-04-17,2025-04-17,FO,NSE,IDO,89630,,NIFTY,,2029-06-28,2029-06-28,24000.0,CE,NIFTY29JUN24000CE,0.0,0.0,0.0,8085.35,0.0,8085.35,23851.65,6667.95,0,0,0,0.0,0,F1,75,,,,,
2025-04-17,2025-04-17,FO,NSE,IDO,67790,,NIFTY,,2028-12-28,2028-12-28,28000.0,CE,NIFTY28DEC28000CE,0.0,0.0,0.0,4027.15,0.0,4027.15,23851.65,4115.8,0,0,0,0.0,0,F1,75,,,,,
2025-04-17,2025-04-17,FO,NSE,IDO,67788,,NIFTY,,2028-12-28,2028-12-28,27000.0,CE,NIFTY28DEC27000CE,0.0,0.0,0.0,4437.95,0.0,4437.95,23851.65,4556.55,0,0,0,0.0,0,F1,75,,,,,
2025-04-17,2025-04-17,FO,NSE,IDO,86165,,NIFTY,,2028-06-29,2028-06-29,28000.0,CE,NIFTY28JUN28000CE,0.0,0.0,0.0,2596.45,0.0,2596.45,23851.65,3517.5,0,0,0,0.0,0,F1,75,,,,,
2025-04-17,2025-04-17,FO,NSE,IDO,38164,,NIFTY,,2027-12-30,2027-12-30,29000.0,CE,NIFTY27DEC29000CE,0.0,0.0,0.0,1932.55,0.0,1932.55,23851.65,2531.0,0,0,0,0.0,0,F1,75,,,,,
2025-04-17,2025-04-17,FO,NSE,IDO,53628,,NIFTY,,2027-12-30,2027-12-30,26000.0,CE,NIFTY27DEC26000CE,0.0,0.0,0.0,3162.4,0.0,3162.4,23851.65,3787.7,0,0,0,0.0,0,F1,75,,,,,
2025-04-17,2025-04-17,FO,NSE,IDO,53626,,NIFTY,,2027-12-30,2027-12-30,25000.0,CE,NIFTY27DEC25000CE,0.0,0.0,0.0,3458.35,0.0,3458.35,23851.65,4294.4,0,0,0,0.0,0,F1,75,,,,,
2025-04-17,2025-04-17,FO,NSE,IDO,53599,,NIFTY,,2027-12-30,2027-12-30,17000.0,CE,NIFTY27DEC17000CE,0.0,0.0,0.0,6805.5,0.0,6805.5,23851.65,9761.9,0,0,0,0.0,0,F1,75,,,,,
2025-04-17,2025-04-17,FO,NSE,IDO,58636,,NIFTY,,2026-12-31,2026-12-31,16000.0,CE,NIFTY26DEC16000CE,0.0,0.0,0.0,6200.0,6200.0,6200.0,23851.65,9614.6,50,0,0,0.0,0,F1,75,,,,,
2025-04-17,2025-04-17,FO,NSE,IDO,37799,,NIFTY,,2026-06-25,2026-06-25,23000.0,CE,NIFTY26JUN23000CE,0.0,0.0,0.0,2645.65,0.0,2645.65,23851.65,3304.5,0,0,0,0.0,0,F1,75,,,,,
2025-04-17,2025-04-17,FO,NSE,IDO,58626,,NIFTY,,2026-06-25,2026-06-25,22000.0,CE,NIFTY26JUN22000CE,0.0,0.0,0.0,2722.55,0.0,2722.55,23851.65,3989.95,0,0,0,0.0,0,F1,75,,,,,
2025-04-17,2025-04-17,FO,NSE,IDO,39989,,NIFTY,,2026-06-25,2026-06-25,19000.0,CE,NIFTY26JUN19000CE,0.0,0.0,0.0,5792.0,5792.0,5792.0,23851.65,6400.35,100,0,0,0.0,0,F1,75,,,,,
2025-04-17,2025-04-17,FO,NSE,IDO,38376,,NIFTY,,2025-12-24,2025-12-24,20000.0,CE,NIFTY25DEC20000CE,4197.2,4528.9,4190.0,4522.8,4520.0,4197.2,23851.65,4522.8,59175,-4825,98,179253378.75,71,F1,75,,,,,
2025-04-17,2025-04-17,FO,NSE,IDO,64690,,NIFTY,,2025-09-25,2025-09-25,23000.0,CE,NIFTY25SEP23000CE,1457.45,1743.6,1407.35,1718.75,1718.3,1471.1,23851.65,1718.75,138900,-375,251,463099211.25,234,F1,75,,,,,
2025-04-17,2025-04-17,FO,NSE,IDO,38150,,NIFTY,,2025-06-26,2025-06-26,29000.0,CE,NIFTY25JUN29000CE,9.5,11.15,9.05,10.75,11.0,9.5,23851.65,10.75,241650,3375,1222,2658749310.0,868,F1,75,,,,,
2025-04-17,2025-04-17,FO,NSE,IDO,62399,,NIFTY,,2025-06-26,2025-06-26,25050.0,CE,NIFTY25JUN25050CE,0.0,0.0,0.0,359.05,0.0,359.05,23851.65,368.1,0,0,0,0.0,0,F1,75,,,,,
2025-04-17,2025-04-17,FO,NSE,IDO,62393,,NIFTY,,2025-06-26,2025-06-26,24850.0,CE,NIFTY25JUN24850CE,0.0,0.0,0.0,129.5,129.5,129.5,23851.65,431.4,6150,0,0,0.0,0,F1,75,,,,,
2025-04-17,2025-04-17,FO,NSE,IDO,62387,,NIFTY,,2025-06-26,2025-06-26,24800.0,CE,NIFTY25JUN24800CE,160.0,268.75,153.0,253.65,257.6,162.5,23851.65,253.65,18675,8400,381,714714465.0,204,F1,75,,,,,
2025-04-17,2025-04-17,FO,NSE,IDO,62377,,NIFTY,,2025-06-26,2025-06-26,24550.0,CE,NIFTY25JUN24550CE,245.2,356.5,241.8,344.3,352.9,206.5,23851.65,344.3,5550,375,53,98677541.25,23,F1,75,,,,,
2025-04-17,2025-04-17,FO,NSE,IDO,62371,,NIFTY,,2025-06-26,2025-06-26,24400.0,CE,NIFTY25JUN24400CE,250.2,420.0,250.2,409.0,402.95,274.85,23851.65,409.0,13050,825,135,250933916.25,77,F1,75,,,,,
2025-04-17,2025-04-17,FO,NSE,IDO,62355,,NIFTY,,2025-06-26,2025-06-26,24150.0,CE,NIFTY25JUN24150CE,357.35,534.75,354.4,525.4,534.75,320.55,23851.65,525.4,1275,-975,19,35080875.0,7,F1,75,,,,,
2025-04-17,2025-04-17,FO,NSE,IDO,62349,,NIFTY,,2025-06-26,2025-06-26,23950.0,CE,NIFTY25JUN23950CE,631.85,633.5,624.7,629.1,633.5,450.15,23851.65,629.1,3000,75,4,7374153.75,4,F1,75,,,,,
2025-04-17,2025-04-17,FO,NSE,IDO,62319,,NIFTY,,2025-06-26,2025-06-26,23250.0,CE,NIFTY25JUN23250CE,1016.0,1016.0,1016.0,1016.0,1016.0,765.85,23851.65,1238.45,375,-75,1,1819950.0,1,F1,75,,,,,
2025-04-17,2025-04-17,FO,NSE,IDO,62257,,NIFTY,,2025-06-26,2025-06-26,22900.0,CE,NIFTY25JUN22900CE,1049.55,1373.25,1039.0,1372.25,1371.25,1074.05,23851.65,1372.25,1275,-375,7,12620662.5,6,F1,75,,,,,
2025-04-17,2025-04-17,FO,NSE,IDO,62163,,NIFTY,,2025-06-26,2025-06-26,21800.0,CE,NIFTY25JUN21800CE,2320.5,2320.5,2320.5,2320.5,2320.5,1367.0,23851.65,2398.4,750,75,1,1809037.5,1,F1,75,,,,,
2025-04-17,2025-04-17,FO,NSE,IDO,62099,,NIFTY,,2025-06-26,2025-06-26,20950.0,CE,NIFTY25JUN20950CE,3118.85,3118.85,3118.85,3118.85,3118.85,3048.65,23851.65,3118.85,75,75,1,1805163.75,1,F1,75,,,,,
2025-04-17,2025-04-17,FO,NSE,IDO,62077,,NIFTY,,2025-06-26,2025-06-26,20750.0,CE,NIFTY25JUN20750CE,3294.0,3294.0,3294.0,3294.0,3294.0,3237.2,23851.65,3382.35,75,75,1,1803300.0,1,F1,75,,,,,
2025-04-17,2025-04-17,FO,NSE,IDO,62071,,NIFTY,,2025-06-26,2025-06-26,20600.0,CE,NIFTY25JUN20600CE,3441.75,3441.75,3441.75,3441.75,3441.75,3379.9,23851.65,3527.4,75,75,1,1803131.25,1,F1,75,,,,,
2025-04-17,2025-04-17,FO,NSE,IDO,61557,,NIFTY,,2025-05-29,2025-05-29,23800.0,CE,NIFTY25MAY23800CE,353.45,569.8,299.1,544.65,545.0,342.55,23851.65,544.65,352125,111975,12179,22178554368.75,8839,F1,75,,,,,
2025-04-17,2025-04-17,FO,NSE,IDO,61551,,NIFTY,,2025-05-29,2025-05-29,23650.0,CE,NIFTY25MAY23650CE,402.55,662.35,365.2,636.3,643.05,416.6,23851.65,636.3,9975,300,513,930440805.0,369,F1,75,,,,,
2025-04-17,2025-04-17,FO,NSE,IDO,61537,,NIFTY,,2025-05-29,2025-05-29,23300.0,CE,NIFTY25MAY23300CE,583.0,912.5,552.45,889.25,895.95,617.6,23851.65,889.25,166800,-34200,4430,7985986267.5,3290,F1,75,,,,,
2025-04-17,2025-04-17,FO,NSE,IDO,61511,,NIFTY,,2025-05-29,2025-05-29,22650.0,CE,NIFTY25MAY22650CE,1020.0,1254.15,1020.0,1254.15,1254.15,976.9,23851.65,1483.4,12675,75,9,16028343.75,9,F1,75,,,,,
2025-04-17,2025-04-17,FO,NSE,IDO,61399,,NIFTY,,2025-05-29,2025-05-29,21600.0,CE,NIFTY25MAY21600CE,2380.0,2380.0,2380.0,2380.0,2380.0,1971.35,23851.65,2436.05,6450,-75,1,1798500.0,1,F1,75,,,,,
2025-04-17,2025-04-17,FO,NSE,IDO,61377,,NIFTY,,2025-05-29,2025-05-29,21250.0,CE,NIFTY25MAY21250CE,2719.35,2719.35,2719.35,2719.35,2719.35,2233.55,23851.65,2774.5,1575,75,1,1797701.25,1,F1,75,,,,,
2025-04-17,2025-04-17,FO,NSE,IDO,61357,,NIFTY,,2025-05-29,2025-05-29,21050.0,CE,NIFTY25MAY21050CE,2918.8,2918.8,2918.8,2918.8,2918.8,2425.05,23851.65,2918.8,1650,75,1,1797660.0,1,F1,75,,,,,
2025-04-17,2025-04-17,FO,NSE,IDO,46232,,NIFTY,,2025-05-15,2025-05-15,23850.0,CE,NIFTY2551523850CE,334.45,433.65,300.25,433.65,433.65,217.6,23851.65,433.65,675,225,7,12714873.75,7,F1,75,,,,,
2025-04-17,2025-04-17,FO,NSE,IDO,46230,,NIFTY,,2025-05-15,2025-05-15,23800.0,CE,NIFTY2551523800CE,239.95,453.85,210.0,416.95,417.1,250.1,23851.65,416.95,13050,11325,351,636419321.25,246,F1,75,,,,,
2025-04-17,2025-04-17,FO,NSE,IDO,46206,,NIFTY,,2025-05-15,2025-05-15,23300.0,CE,NIFTY2551523300CE,485.7,780.0,445.0,780.0,780.0,501.35,23851.65,780.0,3075,375,91,162607500.0,54,F1,75,,,,,
2025-04-17,2025-04-17,FO,NSE,IDO,46184,,NIFTY,,2025-05-15,2025-05-15,22850.0,CE,NIFTY2551522850CE,0.0,0.0,0.0,327.2,0.0,327.2,23851.65,1204.6,0,0,0,0.0,0,F1,75,,,,,
2025-04-17,2025-04-17,FO,NSE,IDO,46148,,NIFTY,,2025-05-15,2025-05-15,22150.0,CE,NIFTY2551522150CE,0.0,0.0,0.0,679.15,0.0,679.15,23851.65,1833.05,0,0,0,0.0,0,F1,75,,,,,
2025-04-17,2025-04-17,FO,NSE,IDO,46140,,NIFTY,,2025-05-15,2025-05-15,22000.0,CE,NIFTY2551522000CE,0.0,0.0,0.0,776.0,0.0,776.0,23851.65,1975.9,0,0,0,0.0,0,F1,75,,,,,
2025-04-17,2025-04-17,FO,NSE,IDO,46085,,NIFTY,,2025-05-15,2025-05-15,20950.0,CE,NIFTY2551520950CE,0.0,0.0,0.0,1624.5,0.0,1624.5,23851.65,3006.55,0,0,0,0.0,0,F1,75,,,,,
2025-04-17,2025-04-17,FO,NSE,IDO,38619,,NIFTY,,2025-05-08,2025-05-08,24600.0,CE,NIFTY2550824600CE,28.95,83.65,28.0,70.6,76.95,33.95,23851.65,70.6,12900,9300,367,678780251.25,235,F1,75,,,,,
2025-04-17,2025-04-17,FO,NSE,IDO,38616,,NIFTY,,2025-05-08,2025-05-08,24550.0,CE,NIFTY2550824550CE,54.9,80.55,52.15,76.55,67.8,30.2,23851.65,76.55,3300,2700,57,105263775.0,21,F1,75,,,,,
2025-04-17,2025-04-17,FO,NSE,IDO,38574,,NIFTY,,2025-05-08,2025-05-08,23700.0,CE,NIFTY2550823700CE,195.65,450.0,194.05,416.5,418.2,234.65,23851.65,416.5,88725,66300,3143,5678345760.0,2585,F1,75,,,,,
2025-04-17,2025-04-17,FO,NSE,IDO,38562,,NIFTY,,2025-05-08,2025-05-08,23550.0,CE,NIFTY2550823550CE,289.65,533.3,251.55,526.4,524.35,304.7,23851.65,526.4,2700,0,207,372132337.5,118,F1,75,,,,,
2025-04-17,2025-04-17,FO,NSE,IDO,38553,,NIFTY,,2025-05-08,2025-05-08,23500.0,CE,NIFTY2550823500CE,316.3,593.35,277.55,564.0,556.35,330.75,23851.65,564.0,117975,54825,6620,11879937637.5,4612,F1,75,,,,,
2025-04-17,2025-04-17,FO,NSE,IDO,38526,,NIFTY,,2025-05-08,2025-05-08,23000.0,CE,NIFTY2550823000CE,630.0,988.75,578.7,966.35,980.0,652.05,23851.65,966.35,32250,-11475,565,1012109118.75,313,F1,75,,,,,
2025-04-17,2025-04-17,FO,NSE,IDO,38488,,NIFTY,,2025-05-08,2025-05-08,22350.0,CE,NIFTY2550822350CE,1144.75,1154.95,1144.75,1154.95,1154.95,1150.0,23851.65,1603.15,300,0,2,3524977.5,2,F1,75,,,,,
2025-04-17,2025-04-17,FO,NSE,IDO,38434,,NIFTY,,2025-05-08,2025-05-08,21050.0,CE,NIFTY2550821050CE,0.0,0.0,0.0,2348.65,0.0,2348.65,23851.65,2880.45,0,0,0,0.0,0,F1,75,,,,,
2025-04-17,2025-04-17,FO,NSE,IDO,89611,,NIFTY,,2029-06-28,2029-06-28,17000.0,PE,NIFTY29JUN17000PE,0.0,0.0,0.0,79.3,0.0,79.3,23851.65,89.8,0,0,0,0.0,0,F1,75,,,,,
2025-04-17,2025-04-17,FO,NSE,IDO,52070,,NIFTY,,2025-04-30,2025-04-30,25300.0,CE,NIFTY2543025300CE,3.95,12.3,3.0,11.2,11.35,4.25,23851.65,11.2,167775,39525,6058,11498704110.0,3336,F1,75,,,,,
2025-04-17,2025-04-17,FO,NSE,IDO,52064,,NIFTY,,2025-04-30,2025-04-30,25200.0,CE,NIFTY2543025200CE,6.3,17.4,3.5,13.55,14.0,5.35,23851.65,13.55,240225,138675,11639,22006807316.25,6005,F1,75,,,,,
2025-04-17,2025-04-17,FO,NSE,IDO,52040,,NIFTY,,2025-04-30,2025-04-30,24900.0,CE,NIFTY2543024900CE,9.5,25.1,6.4,23.45,23.6,9.05,23851.65,23.45,630825,569100,23640,44185903372.5,13913,F1,75,,,,,
2025-04-17,2025-04-17,FO,NSE,IDO,52002,,NIFTY,,2025-04-30,2025-04-30,24400.0,CE,NIFTY2543024400CE,26.5,73.5,18.15,66.8,68.0,27.1,23851.65,66.8,227400,135750,23656,43381747462.5,15443,F1,75,,,,,
2025-04-17,2025-04-17,FO,NSE,IDO,51939,,NIFTY,,2025-04-30,2025-04-30,23300.0,CE,NIFTY2543023300CE,335.05,674.6,299.65,660.15,654.5,362.75,23851.65,660.15,189375,-90150,16439,29233124505.0,10845,F1,75,,,,,
2025-04-17,2025-04-17,FO,NSE,IDO,51933,,NIFTY,,2025-04-30,2025-04-30,23150.0,CE,NIFTY2543023150CE,424.15,801.2,402.2,786.1,782.0,466.55,23851.65,786.1,9150,-2400,281,499266967.5,147,F1,75,,,,,
2025-04-17,2025-04-17,FO,NSE,IDO,51931,,NIFTY,,2025-04-30,2025-04-30,23100.0,CE,NIFTY2543023100CE,460.0,848.75,427.15,825.1,820.7,502.4,23851.65,825.1,85125,5025,1430,2547553466.25,834,F1,75,,,,,
2025-04-17,2025-04-17,FO,NSE,IDO,51912,,NIFTY,,2025-04-30,2025-04-30,22900.0,CE,NIFTY2543022900CE,659.75,1018.6,580.0,1006.9,1003.45,659.25,23851.65,1006.9,62700,-2850,435,776482065.0,212,F1,75,,,,,
2025-04-17,2025-04-17,FO,NSE,IDO,51906,,NIFTY,,2025-04-30,2025-04-30,22850.0,CE,NIFTY2543022850CE,628.9,1064.2,628.9,1053.3,1055.45,701.45,23851.65,1053.3,7425,-525,10,17803833.75,10,F1,75,,,,,
2025-04-17,2025-04-17,FO,NSE,IDO,51840,,NIFTY,,2025-04-30,2025-04-30,21750.0,CE,NIFTY2543021750CE,2133.65,2133.65,2133.65,2133.65,2133.65,1660.9,23851.65,2152.3,675,75,1,1791273.75,1,F1,75,,,,,
2025-04-17,2025-04-17,FO,NSE,IDO,51790,,NIFTY,,2025-04-30,2025-04-30,20950.0,CE,NIFTY2543020950CE,2924.85,2924.85,2924.85,2924.85,2924.85,2418.25,23851.65,2924.85,75,75,1,1790613.75,1,F1,75,,,,,
2025-04-17,2025-04-17,FO,NSE,IDO,51778,,NIFTY,,2025-04-30,2025-04-30,20750.0,CE,NIFTY2543020750CE,0.0,0.0,0.0,2613.35,0.0,2613.35,23851.65,3149.65,0,0,0,0.0,0,F1,75,,,,,
2025-04-17,2025-04-17,FO,NSE,IDO,79750,,NIFTY,,2025-04-24,2025-04-24,25500.0,CE,NIFTY25APR25500CE,1.6,2.85,1.35,2.3,2.25,1.75,23851.65,2.3,14161800,6693075,416039,795735523511.25,94440,F1,75,,,,,
2025-04-17,2025-04-17,FO,NSE,IDO,79690,,NIFTY,,2025-04-24,2025-04-24,24950.0,CE,NIFTY25APR24950CE,2.3,6.3,1.45,5.6,5.0,2.65,23851.65,5.6,317625,91950,25909,48488995976.25,10953,F1,75,,,,,
2025-04-17,2025-04-17,FO,NSE,IDO,79672,,NIFTY,,2025-04-24,2025-04-24,24750.0,CE,NIFTY25APR24750CE,3.4,10.3,2.15,9.5,10.3,4.2,23851.65,9.5,587775,458925,47046,87353838037.5,21571,F1,75,,,,,
2025-04-17,2025-04-17,FO,NSE,IDO,79636,,NIFTY,,2025-04-24,2025-04-24,24400.0,CE,NIFTY25APR24400CE,9.15,32.55,4.05,29.4,31.5,10.4,23851.65,29.4,1611675,889125,161496,295791632415.0,85996,F1,75,,,,,
2025-04-17,2025-04-17,FO,NSE,IDO,79634,,NIFTY,,2025-04-24,2025-04-24,24350.0,CE,NIFTY25APR24350CE,10.9,39.05,7.0,34.9,35.15,12.3,23851.65,34.9,706650,529125,76842,140480400011.25,41949,F1,75,,,,,
2025-04-17,2025-04-17,FO,NSE,IDO,79632,,NIFTY,,2025-04-24,2025-04-24,24300.0,CE,NIFTY25APR24300CE,12.9,47.4,8.05,42.2,43.1,14.0,23851.65,42.2,1919025,436650,227743,415548658458.75,118268,F1,75,,,,,
2025-04-17,2025-04-17,FO,NSE,IDO,79505,,NIFTY,,2025-04-24,2025-04-24,23600.0,CE,NIFTY25APR23600CE,109.0,370.4,85.4,354.8,351.95,127.5,23851.65,354.8,1615650,-273450,281297,502060786916.25,167299,F1,75,,,,,
2025-04-17,2025-04-17,FO,NSE,IDO,79409,,NIFTY,,2025-04-24,2025-04-24,22750.0,CE,NIFTY25APR22750CE,640.0,1136.3,620.4,1115.35,1120.2,723.2,23851.65,1115.35,46200,-2325,920,1622576816.25,379,F1,75,,,,,
2025-04-17,2025-04-17,FO,NSE,IDO,79400,,NIFTY,,2025-04-24,2025-04-24,22650.0,CE,NIFTY25APR22650CE,730.0,1218.2,710.0,1212.25,1214.4,822.3,23851.65,1212.25,54525,-5325,185,327436226.25,112,F1,75,,,,,
2025-04-17,2025-04-17,FO,NSE,IDO,79229,,NIFTY,,2025-04-24,2025-04-24,21000.0,CE,NIFTY25APR21000CE,2403.1,2860.8,2325.0,2844.9,2839.7,2429.4,23851.65,2844.9,904725,-18375,1742,3092887987.5,1516,F1,75,,,,,
2025-04-17,2025-04-17,FO,NSE,IDO,79221,,NIFTY,,2025-04-24,2025-04-24,20800.0,CE,NIFTY25APR20800CE,3043.1,3043.1,3027.3,3029.95,3027.3,2618.9,23851.65,3029.95,15675,375,6,10723470.0,4,F1,75,,,,,
2025-04-17,2025-04-17,FO,NSE,IDO,79200,,NIFTY,,2025-04-24,2025-04-24,20400.0,CE,NIFTY25APR20400CE,3444.45,3444.45,3427.85,3427.85,3427.85,3016.95,23851.65,3427.85,19500,150,3,5362511.25,2,F1,75,,,,,
2025-04-17,2025-04-17,FO,NSE,IDO,48427,,NIFTY,,2025-04-17,2025-04-17,25400.0,CE,NIFTY2541725400CE,0.3,0.6,0.05,0.1,0.05,0.4,23851.65,23851.65,3656475,-3304425,615655,1172831613633.75,95846,F1,75,,,,,
2025-04-17,2025-04-17,FO,NSE,IDO,48374,,NIFTY,,2025-04-17,2025-04-17,24850.0,CE,NIFTY2541724850CE,0.45,0.8,0.05,0.1,0.05,0.6,23851.65,23851.65,375675,233850,130281,242814532173.75,24191,F1,75,,,,,
2025-04-17,2025-04-17,FO,NSE,IDO,48292,,NIFTY,,2025-04-17,2025-04-17,23850.0,CE,NIFTY2541723850CE,3.7,33.0,0.7,3.85,1.6,6.1,23851.65,23851.65,18482700,16287600,22160454,39653764882747.5,5237972,F1,75,,,,,
2025-04-17,2025-04-17,FO,NSE,IDO,48287,,NIFTY,,2025-04-17,2025-04-17,23750.0,CE,NIFTY2541723750CE,4.0,124.0,1.3,102.1,101.2,10.5,23851.65,23851.65,4294125,2486850,7672099,13685491043531.25,3156052,F1,75,,,,,
2025-04-17,2025-04-17,FO,NSE,IDO,48234,,NIFTY,,2025-04-17,2025-04-17,23250.0,CE,NIFTY2541723250CE,166.35,622.15,64.05,599.35,600.0,166.4,23851.65,23851.65,944925,-28350,799478,1402142467995.0,498595,F1,75,,,,,
2025-04-17,2025-04-17,FO,NSE,IDO,48172,,NIFTY,,2025-04-17,2025-04-17,22450.0,CE,NIFTY2541722450CE,906.1,1409.0,843.85,1397.95,1401.1,939.3,23851.65,23851.65,379725,-15900,533,940314393.75,359,F1,75,,,,,
2025-04-17,2025-04-17,FO,NSE,IDO,48118,,NIFTY,,2025-04-17,2025-04-17,21900.0,CE,NIFTY2541721900CE,1462.9,1951.45,1396.75,1950.0,1950.0,1486.25,23851.65,23851.65,84450,-4725,102,179586772.5,55,F1,75,,,,,
2025-04-17,2025-04-17,FO,NSE,IDO,48116,,NIFTY,,2025-04-17,2025-04-17,21850.0,CE,NIFTY2541721850CE,1511.8,1997.85,1466.25,1997.0,1996.1,1537.95,23851.65,23851.65,20325,-900,57,100032086.25,56,F1,75,,,,,
2025-04-17,2025-04-17,FO,NSE,IDO,89633,,NIFTY,,2029-06-28,2029-06-28,25000.0,PE,NIFTY29JUN25000PE,0.0,0.0,0.0,852.5,0.0,852.5,23851.65,1084.0,0,0,0,0.0,0,F1,75,,,,,
2025-04-17,2025-04-17,FO,NSE,IDO,61383,,NIFTY,,2029-12-27,2029-12-27,17000.0,PE,NIFTY29DEC17000PE,0.0,0.0,0.0,62.8,0.0,62.8,23851.65,94.6,0,0,0,0.0,0,F1,75,,,,,
2025-04-17,2025-04-17,FO,NSE,IDO,62332,,NIFTY,,2025-06-26,2025-06-26,23550.0,PE,NIFTY25JUN23550PE,516.0,521.15,390.45,390.45,390.45,595.9,23851.65,390.45,300,150,4,7211156.25,3,F1,75,,,,,
2025-04-17,2025-04-17,FO,NSE,IDO,86140,,NIFTY,,2028-06-29,2028-06-29,18000.0,PE,NIFTY28JUN18000PE,0.0,0.0,0.0,396.75,0.0,396.75,23851.65,120.75,0,0,0,0.0,0,F1,75,,,,,
2025-04-17,2025-04-17,FO,NSE,IDO,61670,,NIFTY,,2025-05-29,2025-05-29,24150.0,PE,NIFTY25MAY24150PE,584.0,584.0,519.95,532.3,536.3,787.2,23851.65,532.3,7800,6300,133,246355695.0,68,F1,75,,,,,
2025-04-17,2025-04-17,FO,NSE,IDO,61692,,NIFTY,,2025-05-29,2025-05-29,24700.0,PE,NIFTY25MAY24700PE,1240.5,1240.5,856.5,875.0,872.0,1188.4,23851.65,875.0,11175,2100,53,101818938.75,38,F1,75,,,,,
2025-04-17,2025-04-17,FO,NSE,IDO,61758,,NIFTY,,2025-05-29,2025-05-29,25050.0,PE,NIFTY25MAY25050PE,0.0,0.0,0.0,1630.0,1630.0,1630.0,23851.65,1200.55,375,0,0,0.0,0,F1,75,,,,,
2025-04-17,2025-04-17,FO,NSE,IDO,61774,,NIFTY,,2025-05-29,2025-05-29,25400.0,PE,NIFTY25MAY25400PE,1838.05,1923.65,1436.1,1457.25,1446.55,1838.3,23851.65,1457.25,48975,13275,208,421260881.25,153,F1,75,,,,,
2025-04-17,2025-04-17,FO,NSE,IDO,40091,,NIFTY,,2025-06-26,2025-06-26,15000.0,PE,NIFTY25JUN15000PE,9.0,9.0,8.0,8.3,8.8,8.9,23851.65,8.3,25900,-1125,39,43899311.25,20,F1,75,,,,,
2025-04-17,2025-04-17,FO,NSE,IDO,51450,,NIFTY,,2025-06-26,2025-06-26,21000.0,PE,NIFTY25JUN21000PE,90.0,95.0,69.25,72.25,71.0,88.95,23851.65,72.25,1730825,47775,9535,15075515182.5,5548,F1,75,,,,,
2025-04-17,2025-04-17,FO,NSE,IDO,48334,,NIFTY,,2025-04-17,2025-04-17,24400.0,PE,NIFTY2541724400PE,990.0,1040.0,532.35,549.95,548.85,1019.0,23851.65,23851.65,1500,675,51,95655828.75,40,F1,75,,,,,
2025-04-17,2025-04-17,FO,NSE,IDO,48207,,NIFTY,,2025-04-17,2025-04-17,22900.0,PE,NIFTY2541722900PE,3.9,3.9,0.05,0.15,0.05,5.9,23851.65,23851.65,4609350,686775,2196346,3772396857727.5,427552,F1,75,,,,,
2025-04-17,2025-04-17,FO,NSE,IDO,47990,,NIFTY,,2025-04-17,2025-04-17,20450.0,PE,NIFTY2541720450PE,0.4,0.65,0.05,0.1,0.05,0.4,23851.65,23851.65,530175,3750,97386,149367155793.75,13111,F1,75,,,,,
2025-04-17,2025-04-17,FO,NSE,IDO,61772,,NIFTY,,2029-12-27,2029-12-27,25000.0,CE,NIFTY29DEC25000CE,0.0,0.0,0.0,7196.25,0.0,7196.25,23851.65,6698.75,0,0,0,0.0,0,F1,75,,,,,
2025-04-17,2025-04-17,FO,NSE,IDO,89638,,NIFTY,,2029-06-28,2029-06-28,28000.0,CE,NIFTY29JUN28000CE,0.0,0.0,0.0,6112.6,0.0,6112.6,23851.65,4701.1,0,0,0,0.0,0,F1,75,,,,,
2025-04-17,2025-04-17,FO,NSE,IDO,67792,,NIFTY,,2028-12-28,2028-12-28,29000.0,CE,NIFTY28DEC29000CE,0.0,0.0,0.0,3645.75,0.0,3645.75,23851.65,3708.6,0,0,0,0.0,0,F1,75,,,,,
2025-04-17,2025-04-17,FO,NSE,IDO,61529,,NIFTY,,2025-05-29,2025-05-29,23100.0,CE,NIFTY25MAY23100CE,711.5,1076.0,680.0,1048.2,1047.0,753.7,23851.65,1048.2,89625,-10350,632,1136530845.0,491,F1,75,,,,,
2025-04-17,2025-04-17,FO,NSE,IDO,61663,,NIFTY,,2025-05-29,2025-05-29,24000.0,CE,NIFTY25MAY24000CE,254.95,452.55,225.0,425.95,432.95,262.05,23851.65,425.95,2172300,179475,52353,95622933671.25,27305,F1,75,,,,,
2025-04-17,2025-04-17,FO,NSE,IDO,61671,,NIFTY,,2025-05-29,2025-05-29,24200.0,CE,NIFTY25MAY24200CE,176.0,349.8,163.3,323.1,325.95,192.8,23851.65,323.1,371850,13500,10557,19380579427.5,7561,F1,75,,,,,
2025-04-17,2025-04-17,FO,NSE,IDO,61681,,NIFTY,,2025-05-29,2025-05-29,24450.0,CE,NIFTY25MAY24450CE,130.9,242.6,113.9,219.8,222.7,127.95,23851.65,219.8,19500,6750,587,1085012283.75,298,F1,75,,,,,
2025-04-17,2025-04-17,FO,NSE,IDO,62061,,NIFTY,,2025-06-26,2025-06-26,20400.0,CE,NIFTY25JUN20400CE,3647.0,3647.0,3647.0,3647.0,3647.0,3571.45,23851.65,3647.0,75,75,1,1803525.0,1,F1,75,,,,,
2025-04-17,2025-04-17,FO,NSE,IDO,62063,,NIFTY,,2025-06-26,2025-06-26,20450.0,CE,NIFTY25JUN20450CE,3596.85,3596.85,3596.85,3596.85,3596.85,3523.45,23851.65,3596.85,75,75,1,1803513.75,1,F1,75,,,,,
2025-04-17,2025-04-17,FO,NSE,IDO,62073,,NIFTY,,2025-06-26,2025-06-26,20650.0,CE,NIFTY25JUN20650CE,3400.7,3400.7,3400.7,3400.7,3400.7,3332.2,23851.65,3400.7,75,75,1,1803802.5,1,F1,75,,,,,
2025-04-17,2025-04-17,FO,NSE,IDO,62145,,NIFTY,,2025-06-26,2025-06-26,21550.0,CE,NIFTY25JUN21550CE,2545.1,2545.1,2544.15,2544.15,2544.15,2118.05,23851.65,2625.8,675,300,4,7228391.25,4,F1,75,,,,,
2025-04-17,2025-04-17,FO,NSE,IDO,58618,,NIFTY,,2025-06-26,2025-06-26,22000.0,CE,NIFTY25JUN22000CE,1789.05,2165.0,1711.6,2150.35,2152.7,1793.35,23851.65,2150.35,559650,-11700,631,1135216545.0,462,F1,75,,,,,
2025-04-17,2025-04-17,FO,NSE,IDO,61535,,NIFTY,,2025-05-29,2025-05-29,23250.0,CE,NIFTY25MAY23250CE,618.95,936.85,590.05,936.85,936.85,654.3,23851.65,936.85,8400,375,40,71990628.75,33,F1,75,,,,,
2025-04-17,2025-04-17,FO,NSE,IDO,62199,,NIFTY,,2025-06-26,2025-06-26,22500.0,CE,NIFTY25JUN22500CE,1379.3,1722.7,1300.55,1713.3,1722.7,1385.65,23851.65,1713.3,158100,13275,599,1076908020.0,281,F1,75,,,,,
2025-04-17,2025-04-17,FO,NSE,IDO,62327,,NIFTY,,2025-06-26,2025-06-26,23450.0,CE,NIFTY25JUN23450CE,690.0,839.95,675.0,839.95,839.95,711.8,23851.65,1107.5,1125,225,11,19938862.5,8,F1,75,,,,,
2025-04-17,2025-04-17,FO,NSE,IDO,62333,,NIFTY,,2025-06-26,2025-06-26,23600.0,CE,NIFTY25JUN23600CE,610.0,893.45,578.0,870.4,867.7,621.5,23851.65,870.4,8100,2175,196,357346612.5,122,F1,75,,,,,
2025-04-17,2025-04-17,FO,NSE,IDO,62415,,NIFTY,,2025-06-26,2025-06-26,25350.0,CE,NIFTY25JUN25350CE,150.0,150.0,108.65,123.0,119.2,72.0,23851.65,123.0,7050,1800,76,145193482.5,18,F1,75,,,,,
2025-04-17,2025-04-17,FO,NSE,IDO,64680,,NIFTY,,2025-09-25,2025-09-25,18000.0,CE,NIFTY25SEP18000CE,0.0,0.0,0.0,9482.9,0.0,9482.9,23851.65,6384.1,0,0,0,0.0,0,F1,75,,,,,
2025-04-17,2025-04-17,FO,NSE,IDO,64702,,NIFTY,,2025-09-25,2025-09-25,29000.0,CE,NIFTY25SEP29000CE,0.0,0.0,0.0,40.45,40.45,40.45,23851.65,93.8,525,0,0,0.0,0,F1,75,,,,,
2025-04-17,2025-04-17,FO,NSE,IDO,71393,,NIFTY,,2025-12-24,2025-12-24,24000.0,CE,NIFTY25DEC24000CE,1213.9,1446.1,1178.0,1416.5,1427.0,1235.7,23851.65,1416.5,514525,29800,1804,3428566488.75,1501,F1,75,,,,,
2025-04-17,2025-04-17,FO,NSE,IDO,62918,,NIFTY,,2026-03-26,2026-03-26,21000.0,CE,NIFTY26MAR21000CE,0.0,0.0,0.0,4255.8,0.0,4255.8,23851.65,4367.6,0,0,0,0.0,0,F1,75,,,,,
2025-04-17,2025-04-17,FO,NSE,IDO,62920,,NIFTY,,2026-03-26,2026-03-26,22000.0,CE,NIFTY26MAR22000CE,0.0,0.0,0.0,3481.2,0.0,3481.2,23851.65,3595.0,0,0,0,0.0,0,F1,75,,,,,
2025-04-17,2025-04-17,FO,NSE,IDO,62928,,NIFTY,,2026-03-26,2026-03-26,26000.0,CE,NIFTY26MAR26000CE,0.0,0.0,0.0,1228.35,0.0,1228.35,23851.65,1330.85,0,0,0,0.0,0,F1,75,,,,,
2025-04-17,2025-04-17,FO,NSE,IDO,38154,,NIFTY,,2026-06-25,2026-06-25,29000.0,CE,NIFTY26JUN29000CE,0.0,0.0,0.0,864.2,0.0,864.2,23851.65,768.25,0,0,0,0.0,0,F1,75,,,,,
2025-04-17,2025-04-17,FO,NSE,IDO,71547,,NIFTY,,2027-06-24,2027-06-24,18000.0,CE,NIFTY27JUN18000CE,0.0,0.0,0.0,4066.45,0.0,4066.45,23851.65,8418.85,0,0,0,0.0,0,F1,75,,,,,
2025-04-17,2025-04-17,FO,NSE,IDO,71560,,NIFTY,,2027-06-24,2027-06-24,24000.0,CE,NIFTY27JUN24000CE,0.0,0.0,0.0,2300.0,2300.0,2300.0,23851.65,4156.15,600,0,0,0.0,0,F1,75,,,,,
2025-04-17,2025-04-17,FO,NSE,IDO,53613,,NIFTY,,2027-12-30,2027-12-30,21000.0,CE,NIFTY27DEC21000CE,0.0,0.0,0.0,4902.4,0.0,4902.4,23851.65,6754.05,0,0,0,0.0,0,F1,75,,,,,
2025-04-17,2025-04-17,FO,NSE,IDO,67774,,NIFTY,,2028-12-28,2028-12-28,20000.0,CE,NIFTY28DEC20000CE,0.0,0.0,0.0,8115.5,0.0,8115.5,23851.65,8574.8,0,0,0,0.0,0,F1,75,,,,,
2025-04-17,2025-04-17,FO,NSE,IDO,67784,,NIFTY,,2028-12-28,2028-12-28,25000.0,CE,NIFTY28DEC25000CE,0.0,0.0,0.0,5350.4,0.0,5350.4,23851.65,5542.2,0,0,0,0.0,0,F1,75,,,,,
2025-04-17,2025-04-17,FO,NSE,IDO,61519,,NIFTY,,2025-05-29,2025-05-29,22850.0,CE,NIFTY25MAY22850CE,871.0,1279.5,871.0,1266.9,1266.9,929.0,23851.65,1266.9,5475,-150,15,26896042.5,14,F1,75,,,,,
2025-04-17,2025-04-17,FO,NSE,IDO,61485,,NIFTY,,2025-05-29,2025-05-29,22000.0,CE,NIFTY25MAY22000CE,1624.1,2031.6,1540.0,2005.75,2016.05,1635.1,23851.65,2005.75,560550,48525,1936,3457045432.5,1034,F1,75,,,,,
2025-04-17,2025-04-17,FO,NSE,IDO,61395,,NIFTY,,2025-05-29,2025-05-29,21500.0,CE,NIFTY25MAY21500CE,2016.0,2499.0,2016.0,2485.3,2499.0,2093.95,23851.65,2485.3,180525,-10050,336,601590060.0,189,F1,75,,,,,
2025-04-17,2025-04-17,FO,NSE,IDO,61373,,NIFTY,,2025-05-29,2025-05-29,21200.0,CE,NIFTY25MAY21200CE,2311.55,2753.2,2311.55,2752.65,2752.65,2233.7,23851.65,2823.25,3075,300,4,7152780.0,4,F1,75,,,,,
2025-04-17,2025-04-17,FO,NSE,IDO,61345,,NIFTY,,2025-05-29,2025-05-29,20850.0,CE,NIFTY25MAY20850CE,3109.3,3109.3,3109.3,3109.3,3109.3,2615.4,23851.65,3109.3,1575,75,1,1796947.5,1,F1,75,,,,,
2025-04-17,2025-04-17,FO,NSE,IDO,46266,,NIFTY,,2025-05-15,2025-05-15,24400.0,CE,NIFTY2551524400CE,125.65,166.0,125.3,142.3,148.6,32.4,23851.65,142.3,4050,4050,59,108597855.0,34,F1,75,,,,,
2025-04-17,2025-04-17,FO,NSE,IDO,46262,,NIFTY,,2025-05-15,2025-05-15,24300.0,CE,NIFTY2551524300CE,107.4,112.75,107.4,112.7,112.7,38.75,23851.65,307.1,1125,1125,15,27462723.75,6,F1,75,,,,,
2025-04-17,2025-04-17,FO,NSE,IDO,46220,,NIFTY,,2025-05-15,2025-05-15,23600.0,CE,NIFTY2551523600CE,324.85,555.0,324.85,555.0,555.0,300.0,23851.65,555.0,600,150,17,30634076.25,16,F1,75,,,,,
2025-04-17,2025-04-17,FO,NSE,IDO,46216,,NIFTY,,2025-05-15,2025-05-15,23500.0,CE,NIFTY2551523500CE,369.3,641.25,340.0,621.4,632.85,386.45,23851.65,621.4,7500,1350,333,598686461.25,209,F1,75,,,,,
2025-04-17,2025-04-17,FO,NSE,IDO,48330,,NIFTY,,2025-04-17,2025-04-17,24300.0,PE,NIFTY2541724300PE,934.4,996.85,429.8,447.4,446.95,928.05,23851.65,23851.65,7200,-1650,585,1089736087.5,387,F1,75,,,,,
2025-04-17,2025-04-17,FO,NSE,IDO,61859,,NIFTY,,2029-12-27,2029-12-27,28000.0,PE,NIFTY29DEC28000PE,0.0,0.0,0.0,1411.3,0.0,1411.3,23851.65,1782.6,0,0,0,0.0,0,F1,75,,,,,
2025-04-17,2025-04-17,FO,NSE,IDO,61795,,NIFTY,,2029-12-27,2029-12-27,27000.0,PE,NIFTY29DEC27000PE,0.0,0.0,0.0,1177.9,0.0,1177.9,23851.65,1503.85,0,0,0,0.0,0,F1,75,,,,,
2025-04-17,2025-04-17,FO,NSE,IDO,61779,,NIFTY,,2029-12-27,2029-12-27,26000.0,PE,NIFTY29DEC26000PE,0.0,0.0,0.0,969.6,0.0,969.6,23851.65,1251.7,0,0,0,0.0,0,F1,75,,,,,
2025-04-17,2025-04-17,FO,NSE,IDO,61749,,NIFTY,,2029-12-27,2029-12-27,24000.0,PE,NIFTY29DEC24000PE,0.0,0.0,0.0,625.5,0.0,625.5,23851.65,829.0,0,0,0,0.0,0,F1,75,,,,,
2025-04-17,2025-04-17,FO,NSE,IDO,46198,,NIFTY,,2025-05-15,2025-05-15,23150.0,CE,NIFTY2551523150CE,0.0,0.0,0.0,225.8,0.0,225.8,23851.65,965.1,0,0,0,0.0,0,F1,75,,,,,
2025-04-17,2025-04-17,FO,NSE,IDO,46138,,NIFTY,,2025-05-15,2025-05-15,21950.0,CE,NIFTY2551521950CE,0.0,0.0,0.0,809.9,0.0,809.9,23851.65,2023.9,0,0,0,0.0,0,F1,75,,,,,
2025-04-17,2025-04-17,FO,NSE,IDO,89635,,NIFTY,,2029-06-28,2029-06-28,26000.0,PE,NIFTY29JUN26000PE,0.0,0.0,0.0,1391.75,1391.75,1391.75,23851.65,1329.25,25,0,0,0.0,0,F1,75,,,,,
2025-04-17,2025-04-17,FO,NSE,IDO,67781,,NIFTY,,2028-12-28,2028-12-28,23000.0,PE,NIFTY28DEC23000PE,800.0,800.0,800.0,800.0,800.0,950.0,23851.65,705.85,2925,-675,9,16065000.0,9,F1,75,,,,,
2025-04-17,2025-04-17,FO,NSE,IDO,71565,,NIFTY,,2027-06-24,2027-06-24,26000.0,PE,NIFTY27JUN26000PE,0.0,0.0,0.0,6202.2,0.0,6202.2,23851.65,1671.95,0,0,0,0.0,0,F1,75,,,,,
2025-04-17,2025-04-17,FO,NSE,IDO,58649,,NIFTY,,2026-12-31,2026-12-31,22000.0,PE,NIFTY26DEC22000PE,550.0,550.0,511.0,517.4,518.15,565.05,23851.65,517.4,5725,900,27,45601080.0,20,F1,75,,,,,
2025-04-17,2025-04-17,FO,NSE,IDO,58643,,NIFTY,,2026-12-31,2026-12-31,19000.0,PE,NIFTY26DEC19000PE,0.0,0.0,0.0,361.0,361.0,361.0,23851.65,119.25,1725,0,0,0.0,0,F1,75,,,,,
2025-04-17,2025-04-17,FO,NSE,IDO,58639,,NIFTY,,2026-12-31,2026-12-31,17000.0,PE,NIFTY26DEC17000PE,0.0,0.0,0.0,97.05,97.05,97.05,23851.65,32.2,2850,0,0,0.0,0,F1,75,,,,,
2025-04-17,2025-04-17,FO,NSE,IDO,62911,,NIFTY,,2026-03-26,2026-03-26,17000.0,PE,NIFTY26MAR17000PE,0.0,0.0,0.0,5.5,0.0,5.5,23851.65,7.9,0,0,0,0.0,0,F1,75,,,,,
2025-04-17,2025-04-17,FO,NSE,IDO,71398,,NIFTY,,2025-12-24,2025-12-24,25000.0,PE,NIFTY25DEC25000PE,1352.0,1390.0,1116.0,1141.5,1155.0,1330.45,23851.65,1141.5,431200,17625,1153,2265345360.0,834,F1,75,,,,,
2025-04-17,2025-04-17,FO,NSE,IDO,55122,,NIFTY,,2025-12-24,2025-12-24,18000.0,PE,NIFTY25DEC18000PE,75.0,79.5,70.05,70.85,71.0,74.65,23851.65,70.85,98925,-3875,506,685876342.5,280,F1,75,,,,,
2025-04-17,2025-04-17,FO,NSE,IDO,37797,,NIFTY,,2025-12-24,2025-12-24,13000.0,PE,NIFTY25DEC13000PE,0.0,0.0,0.0,19.55,19.55,19.55,23851.65,0.0,4425,0,0,0.0,0,F1,75,,,,,
2025-04-17,2025-04-17,FO,NSE,IDO,64695,,NIFTY,,2025-09-25,2025-09-25,25000.0,PE,NIFTY25SEP25000PE,1428.0,1468.55,1138.85,1148.75,1154.85,1389.4,23851.65,1148.75,170475,6600,477,938606595.0,296,F1,75,,,,,
2025-04-17,2025-04-17,FO,NSE,IDO,38623,,NIFTY,,2025-05-08,2025-05-08,24650.0,CE,NIFTY2550824650CE,60.5,64.1,33.45,63.55,63.55,21.75,23851.65,63.55,3225,1350,69,127871572.5,26,F1,75,,,,,
2025-04-17,2025-04-17,FO,NSE,IDO,38610,,NIFTY,,2025-05-08,2025-05-08,24500.0,CE,NIFTY2550824500CE,38.8,104.8,32.25,86.45,87.45,43.1,23851.65,86.45,192675,121650,11620,21420693723.75,5524,F1,75,,,,,
2025-04-17,2025-04-17,FO,NSE,IDO,38596,,NIFTY,,2025-05-08,2025-05-08,24150.0,CE,NIFTY2550824150CE,184.9,187.4,167.55,167.55,167.55,184.75,23851.65,295.3,4050,4050,65,118593108.75,23,F1,75,,,,,
2025-04-17,2025-04-17,FO,NSE,IDO,38484,,NIFTY,,2025-05-08,2025-05-08,22250.0,CE,NIFTY2550822250CE,1666.35,1666.35,1666.35,1666.35,1666.35,1240.75,23851.65,1698.5,225,75,1,1793726.25,1,F1,75,,,,,
2025-04-17,2025-04-17,FO,NSE,IDO,52056,,NIFTY,,2025-04-30,2025-04-30,25100.0,CE,NIFTY2543025100CE,5.75,18.0,4.3,16.4,16.85,6.8,23851.65,16.4,148500,127725,9145,17224197686.25,5927,F1,75,,,,,
2025-04-17,2025-04-17,FO,NSE,IDO,51984,,NIFTY,,2025-04-30,2025-04-30,24150.0,CE,NIFTY2543024150CE,50.5,142.15,33.75,127.4,131.75,51.15,23851.65,127.4,117675,98175,5558,10112959946.25,3587,F1,75,,,,,
2025-04-17,2025-04-17,FO,NSE,IDO,51980,,NIFTY,,2025-04-30,2025-04-30,24050.0,CE,NIFTY2543024050CE,52.3,183.35,47.4,166.4,168.5,67.1,23851.65,166.4,76200,47325,4837,8775401966.25,3585,F1,75,,,,,
2025-04-17,2025-04-17,FO,NSE,IDO,51942,,NIFTY,,2025-04-30,2025-04-30,23350.0,CE,NIFTY2543023350CE,302.05,632.5,271.95,620.15,622.3,331.55,23851.65,620.15,45150,-18000,5201,9248775397.5,3797,F1,75,,,,,
2025-04-17,2025-04-17,FO,NSE,IDO,51831,,NIFTY,,2025-04-30,2025-04-30,21550.0,CE,NIFTY2543021550CE,2320.65,2320.65,2320.65,2320.65,2320.65,1846.95,23851.65,2351.6,450,75,1,1790298.75,1,F1,75,,,,,
2025-04-17,2025-04-17,FO,NSE,IDO,51796,,NIFTY,,2025-04-30,2025-04-30,21000.0,CE,NIFTY2543021000CE,2413.25,2823.0,2413.25,2823.0,2823.0,2413.25,23851.65,2900.25,3450,75,3,5298712.5,3,F1,75,,,,,
2025-04-17,2025-04-17,FO,NSE,IDO,51776,,NIFTY,,2025-04-30,2025-04-30,20700.0,CE,NIFTY2543020700CE,3180.25,3180.25,3180.25,3180.25,3180.25,2662.35,23851.65,3180.25,75,75,1,1791018.75,1,F1,75,,,,,
2025-04-17,2025-04-17,FO,NSE,IDO,51762,,NIFTY,,2025-04-30,2025-04-30,20450.0,CE,NIFTY2543020450CE,0.0,0.0,0.0,2908.2,0.0,2908.2,23851.65,3448.95,0,0,0,0.0,0,F1,75,,,,,
2025-04-17,2025-04-17,FO,NSE,IDO,79748,,NIFTY,,2025-04-24,2025-04-24,25450.0,CE,NIFTY25APR25450CE,1.8,3.0,1.35,2.35,2.1,1.75,23851.65,2.35,258075,161400,18352,35032169531.25,6431,F1,75,,,,,
2025-04-17,2025-04-17,FO,NSE,IDO,79670,,NIFTY,,2025-04-24,2025-04-24,24700.0,CE,NIFTY25APR24700CE,5.0,11.9,2.4,10.5,11.05,4.85,23851.65,10.5,1935375,1241025,149899,277771350247.5,69271,F1,75,,,,,
2025-04-17,2025-04-17,FO,NSE,IDO,79547,,NIFTY,,2025-04-24,2025-04-24,24100.0,CE,NIFTY25APR24100CE,25.95,96.2,15.35,85.5,88.0,26.3,23851.65,85.5,2071875,980250,260175,471398572443.75,146768,F1,75,,,,,
2025-04-17,2025-04-17,FO,NSE,IDO,79436,,NIFTY,,2025-04-24,2025-04-24,23100.0,CE,NIFTY25APR23100CE,402.0,802.45,336.05,783.55,778.45,420.85,23851.65,783.55,419400,-57075,14991,26532588956.25,9718,F1,75,,,,,
2025-04-17,2025-04-17,FO,NSE,IDO,79428,,NIFTY,,2025-04-24,2025-04-24,23000.0,CE,NIFTY25APR23000CE,468.05,900.0,409.55,877.7,870.25,497.75,23851.65,877.7,1976700,-219450,46488,82388733195.0,26139,F1,75,,,,,
2025-04-17,2025-04-17,FO,NSE,IDO,79420,,NIFTY,,2025-04-24,2025-04-24,22900.0,CE,NIFTY25APR22900CE,540.0,990.0,490.85,970.3,971.0,586.35,23851.65,970.3,560100,-83400,3511,6218803687.5,2375,F1,75,,,,,
2025-04-17,2025-04-17,FO,NSE,IDO,79295,,NIFTY,,2025-04-24,2025-04-24,22150.0,CE,NIFTY25APR22150CE,1241.25,1707.95,1241.25,1698.2,1695.0,1249.0,23851.65,1698.2,18600,-525,15,26764368.75,10,F1,75,,,,,
2025-04-17,2025-04-17,FO,NSE,IDO,79253,,NIFTY,,2025-04-24,2025-04-24,21450.0,CE,NIFTY25APR21450CE,2395.2,2395.2,2395.2,2395.2,2395.2,1446.75,23851.65,2428.4,16050,-75,1,1788390.0,1,F1,75,,,,,
2025-04-17,2025-04-17,FO,NSE,IDO,79251,,NIFTY,,2025-04-24,2025-04-24,21400.0,CE,NIFTY25APR21400CE,1973.85,2455.0,1934.15,2448.05,2447.15,2039.85,23851.65,2448.05,22950,-1575,39,69503036.25,24,F1,75,,,,,
2025-04-17,2025-04-17,FO,NSE,IDO,79249,,NIFTY,,2025-04-24,2025-04-24,21350.0,CE,NIFTY25APR21350CE,2501.9,2501.9,2501.9,2501.9,2501.9,1978.7,23851.65,2528.25,26100,-75,1,1788892.5,1,F1,75,,,,,
2025-04-17,2025-04-17,FO,NSE,IDO,79196,,NIFTY,,2025-04-24,2025-04-24,20350.0,CE,NIFTY25APR20350CE,3300.0,3494.55,3295.0,3494.55,3494.55,3066.4,23851.65,3527.0,31650,-225,3,5335466.25,3,F1,75,,,,,
2025-04-17,2025-04-17,FO,NSE,IDO,48335,,NIFTY,,2025-04-17,2025-04-17,24450.0,CE,NIFTY2541724450CE,0.5,0.95,0.05,0.1,0.05,0.8,23851.65,23851.65,994050,533850,336594,617239849822.5,51824,F1,75,,,,,
2025-04-17,2025-04-17,FO,NSE,IDO,48249,,NIFTY,,2025-04-17,2025-04-17,23400.0,CE,NIFTY2541723400CE,63.6,474.15,15.7,452.85,453.55,74.9,23851.65,23851.65,4879650,-1134675,7284485,12818701810065.0,3448499,F1,75,,,,,
2025-04-17,2025-04-17,FO,NSE,IDO,64693,,NIFTY,,2025-09-25,2025-09-25,24000.0,PE,NIFTY25SEP24000PE,888.05,932.45,679.85,700.5,705.0,878.05,23851.65,700.5,157650,12150,1626,3020452905.0,1149,F1,75,,,,,
2025-04-17,2025-04-17,FO,NSE,IDO,64691,,NIFTY,,2025-09-25,2025-09-25,23000.0,PE,NIFTY25SEP23000PE,547.75,566.0,415.0,421.95,423.4,540.55,23851.65,421.95,437550,-225,1482,2608309980.0,1097,F1,75,,,,,
2025-04-17,2025-04-17,FO,NSE,IDO,64679,,NIFTY,,2025-09-25,2025-09-25,17000.0,PE,NIFTY25SEP17000PE,0.0,0.0,0.0,18.0,18.0,18.0,23851.65,0.35,450,0,0,0.0,0,F1,75,,,,,
2025-04-17,2025-04-17,FO,NSE,IDO,62414,,NIFTY,,2025-06-26,2025-06-26,25300.0,PE,NIFTY25JUN25300PE,1350.0,1350.0,1350.0,1350.0,1350.0,1761.2,23851.65,1420.8,450,375,6,11992500.0,4,F1,75,,,,,
2025-04-17,2025-04-17,FO,NSE,IDO,62406,,NIFTY,,2025-06-26,2025-06-26,25150.0,PE,NIFTY25JUN25150PE,0.0,0.0,0.0,1631.55,1631.55,1631.55,23851.65,1312.7,75,0,0,0.0,0,F1,75,,,,,
2025-04-17,2025-04-17,FO,NSE,IDO,62378,,NIFTY,,2025-06-26,2025-06-26,24550.0,PE,NIFTY25JUN24550PE,0.0,0.0,0.0,1460.25,1460.25,1460.25,23851.65,922.25,75,0,0,0.0,0,F1,75,,,,,
2025-04-17,2025-04-17,FO,NSE,IDO,62374,,NIFTY,,2025-06-26,2025-06-26,24450.0,PE,NIFTY25JUN24450PE,0.0,0.0,0.0,1380.25,1380.25,1380.25,23851.65,864.2,75,0,0,0.0,0,F1,75,,,,,
2025-04-17,2025-04-17,FO,NSE,IDO,62200,,NIFTY,,2025-06-26,2025-06-26,22500.0,PE,NIFTY25JUN22500PE,260.65,276.0,177.6,189.4,189.4,258.0,23851.65,189.4,619200,27450,5510,9385987597.5,3160,F1,75,,,,,
2025-04-17,2025-04-17,FO,NSE,IDO,62196,,NIFTY,,2025-06-26,2025-06-26,22400.0,PE,NIFTY25JUN22400PE,246.5,247.75,161.55,171.9,167.15,234.1,23851.65,171.9,33600,-3150,493,835456800.0,199,F1,75,,,,,
2025-04-17,2025-04-17,FO,NSE,IDO,62190,,NIFTY,,2025-06-26,2025-06-26,22250.0,PE,NIFTY25JUN22250PE,191.3,191.3,190.0,190.0,190.0,210.4,23851.65,116.2,525,0,2,3366097.5,2,F1,75,,,,,
2025-04-17,2025-04-17,FO,NSE,IDO,62160,,NIFTY,,2025-06-26,2025-06-26,21700.0,PE,NIFTY25JUN21700PE,141.95,146.0,98.9,103.95,100.5,138.8,23851.65,103.95,35850,7050,993,1624383667.5,913,F1,75,,,,,
2025-04-17,2025-04-17,FO,NSE,IDO,62142,,NIFTY,,2025-06-26,2025-06-26,21450.0,PE,NIFTY25JUN21450PE,0.0,0.0,0.0,59.85,0.0,59.85,23851.65,39.5,0,0,0,0.0,0,F1,75,,,,,
2025-04-17,2025-04-17,FO,NSE,IDO,55120,,NIFTY,,2025-06-26,2025-06-26,18000.0,PE,NIFTY25JUN18000PE,19.55,19.6,17.15,18.15,17.4,18.35,23851.65,18.15,521925,-28050,2443,3301415966.25,1012,F1,75,,,,,
2025-04-17,2025-04-17,FO,NSE,IDO,61764,,NIFTY,,2025-05-29,2025-05-29,25200.0,PE,NIFTY25MAY25200PE,1482.95,1482.95,1261.3,1275.35,1261.4,1692.0,23851.65,1275.35,3825,2775,45,89457510.0,25,F1,75,,,,,
2025-04-17,2025-04-17,FO,NSE,IDO,61552,,NIFTY,,2025-05-29,2025-05-29,23650.0,PE,NIFTY25MAY23650PE,528.05,559.35,321.95,329.6,331.05,522.05,23851.65,329.6,11475,9000,369,665564340.0,285,F1,75,,,,,
2025-04-17,2025-04-17,FO,NSE,IDO,61548,,NIFTY,,2025-05-29,2025-05-29,23550.0,PE,NIFTY25MAY23550PE,477.95,507.85,289.95,296.4,295.25,472.05,23851.65,296.4,34875,15750,922,1653294315.0,556,F1,75,,,,,
2025-04-17,2025-04-17,FO,NSE,IDO,61538,,NIFTY,,2025-05-29,2025-05-29,23300.0,PE,NIFTY25MAY23300PE,376.0,406.25,225.6,236.75,240.0,368.9,23851.65,236.75,304500,17400,9087,16078790748.75,6497,F1,75,,,,,
2025-04-17,2025-04-17,FO,NSE,IDO,61524,,NIFTY,,2025-05-29,2025-05-29,22950.0,PE,NIFTY25MAY22950PE,266.5,280.35,165.0,172.35,166.65,263.1,23851.65,172.35,29250,4425,710,1234684676.25,379,F1,75,,,,,
2025-04-17,2025-04-17,FO,NSE,IDO,61472,,NIFTY,,2025-05-29,2025-05-29,21800.0,PE,NIFTY25MAY21800PE,91.0,95.9,59.0,65.05,68.5,90.2,23851.65,65.05,408975,74400,10236,16797105705.0,5137,F1,75,,,,,
2025-04-17,2025-04-17,FO,NSE,IDO,61378,,NIFTY,,2025-05-29,2025-05-29,21250.0,PE,NIFTY25MAY21250PE,0.0,0.0,0.0,102.5,102.5,102.5,23851.65,7.7,1200,0,0,0.0,0,F1,75,,,,,
2025-04-17,2025-04-17,FO,NSE,IDO,61350,,NIFTY,,2025-05-29,2025-05-29,20850.0,PE,NIFTY25MAY20850PE,0.0,0.0,0.0,92.3,0.0,92.3,23851.65,2.95,0,0,0,0.0,0,F1,75,,,,,
2025-04-17,2025-04-17,FO,NSE,IDO,46219,,NIFTY,,2025-05-15,2025-05-15,23550.0,PE,NIFTY2551523550PE,0.0,0.0,0.0,1127.2,0.0,1127.2,23851.65,266.75,0,0,0,0.0,0,F1,75,,,,,
2025-04-17,2025-04-17,FO,NSE,IDO,46217,,NIFTY,,2025-05-15,2025-05-15,23500.0,PE,NIFTY2551523500PE,396.95,425.35,203.7,219.85,221.0,383.6,23851.65,219.85,22725,21975,907,1616488473.75,428,F1,75,,,,,
2025-04-17,2025-04-17,FO,NSE,IDO,46197,,NIFTY,,2025-05-15,2025-05-15,23100.0,PE,NIFTY2551523100PE,217.4,217.4,130.0,139.35,136.45,238.6,23851.65,139.35,3075,-150,17,29673468.75,13,F1,75,,,,,
2025-04-17,2025-04-17,FO,NSE,IDO,46134,,NIFTY,,2025-05-15,2025-05-15,21850.0,PE,NIFTY2551521850PE,0.0,0.0,0.0,188.0,0.0,188.0,23851.65,10.15,0,0,0,0.0,0,F1,75,,,,,
2025-04-17,2025-04-17,FO,NSE,IDO,46127,,NIFTY,,2025-05-15,2025-05-15,21700.0,PE,NIFTY2551521700PE,0.0,0.0,0.0,149.85,0.0,149.85,23851.65,6.8,0,0,0,0.0,0,F1,75,,,,,
2025-04-17,2025-04-17,FO,NSE,IDO,46107,,NIFTY,,2025-05-15,2025-05-15,21300.0,PE,NIFTY2551521300PE,0.0,0.0,0.0,76.1,0.0,76.1,23851.65,2.15,0,0,0,0.0,0,F1,75,,,,,
2025-04-17,2025-04-17,FO,NSE,IDO,38635,,NIFTY,,2025-05-08,2025-05-08,24900.0,PE,NIFTY2550824900PE,0.0,0.0,0.0,1540.05,0.0,1540.05,23851.65,1044.8,0,0,0,0.0,0,F1,75,,,,,
2025-04-17,2025-04-17,FO,NSE,IDO,38631,,NIFTY,,2025-05-08,2025-05-08,24800.0,PE,NIFTY2550824800PE,0.0,0.0,0.0,1451.4,0.0,1451.4,23851.65,962.65,0,0,0,0.0,0,F1,75,,,,,
2025-04-17,2025-04-17,FO,NSE,IDO,38620,,NIFTY,,2025-05-08,2025-05-08,24600.0,PE,NIFTY2550824600PE,0.0,0.0,0.0,1279.0,0.0,1279.0,23851.65,807.5,0,0,0,0.0,0,F1,75,,,,,
2025-04-17,2025-04-17,FO,NSE,IDO,38614,,NIFTY,,2025-05-08,2025-05-08,24500.0,PE,NIFTY2550824500PE,0.0,0.0,0.0,1195.6,0.0,1195.6,23851.65,733.0,0,0,0,0.0,0,F1,75,,,,,
2025-04-17,2025-04-17,FO,NSE,IDO,38565,,NIFTY,,2025-05-08,2025-05-08,23600.0,PE,NIFTY2550823600PE,402.3,439.95,192.1,205.0,202.0,388.8,23851.65,205.0,31050,13125,1677,3001032033.75,1106,F1,75,,,,,
2025-04-17,2025-04-17,FO,NSE,IDO,38529,,NIFTY,,2025-05-08,2025-05-08,23050.0,PE,NIFTY2550823050PE,185.0,185.0,92.9,100.75,93.9,180.05,23851.65,100.75,3225,150,55,95542507.5,29,F1,75,,,,,
2025-04-17,2025-04-17,FO,NSE,IDO,38505,,NIFTY,,2025-05-08,2025-05-08,22650.0,PE,NIFTY2550822650PE,103.5,103.5,54.05,54.15,54.15,101.0,23851.65,54.15,3750,-2175,45,76654005.0,23,F1,75,,,,,
2025-04-17,2025-04-17,FO,NSE,IDO,38493,,NIFTY,,2025-05-08,2025-05-08,22450.0,PE,NIFTY2550822450PE,83.75,83.75,42.25,49.15,48.6,79.8,23851.65,49.15,375,-3000,53,89445341.25,20,F1,75,,,,,
2025-04-17,2025-04-17,FO,NSE,IDO,38491,,NIFTY,,2025-05-08,2025-05-08,22400.0,PE,NIFTY2550822400PE,71.0,78.9,37.85,41.15,38.0,73.45,23851.65,41.15,9900,-300,334,562364377.5,223,F1,75,,,,,
2025-04-17,2025-04-17,FO,NSE,IDO,38474,,NIFTY,,2025-05-08,2025-05-08,22000.0,PE,NIFTY2550822000PE,45.8,51.55,25.55,30.25,27.0,46.65,23851.65,30.25,153225,39675,6619,10939696601.25,3591,F1,75,,,,,
2025-04-17,2025-04-17,FO,NSE,IDO,38427,,NIFTY,,2025-05-08,2025-05-08,20850.0,PE,NIFTY2550820850PE,0.0,0.0,0.0,3.35,0.0,3.35,23851.65,0.1,0,0,0,0.0,0,F1,75,,,,,
2025-04-17,2025-04-17,FO,NSE,IDO,38425,,NIFTY,,2025-05-08,2025-05-08,20800.0,PE,NIFTY2550820800PE,0.0,0.0,0.0,2.9,0.0,2.9,23851.65,0.1,0,0,0,0.0,0,F1,75,,,,,
2025-04-17,2025-04-17,FO,NSE,IDO,52041,,NIFTY,,2025-04-30,2025-04-30,24900.0,PE,NIFTY2543024900PE,1043.9,1063.0,1033.0,1033.0,1033.0,1516.9,23851.65,1029.2,375,150,4,7784032.5,4,F1,75,,,,,
2025-04-17,2025-04-17,FO,NSE,IDO,52001,,NIFTY,,2025-04-30,2025-04-30,24350.0,PE,NIFTY2543024350PE,568.9,568.9,568.4,568.4,568.4,994.3,23851.65,578.8,300,150,2,3737797.5,2,F1,75,,,,,
2025-04-17,2025-04-17,FO,NSE,IDO,51973,,NIFTY,,2025-04-30,2025-04-30,23850.0,PE,NIFTY2543023850PE,535.0,551.7,231.1,248.25,245.05,505.85,23851.65,248.25,112125,111375,5862,10600626060.0,3671,F1,75,,,,,
2025-04-17,2025-04-17,FO,NSE,IDO,51945,,NIFTY,,2025-04-30,2025-04-30,23400.0,PE,NIFTY2543023400PE,251.3,284.3,101.2,109.25,107.55,243.9,23851.65,109.25,449925,143550,39832,70477621226.25,24946,F1,75,,,,,
2025-04-17,2025-04-17,FO,NSE,IDO,51879,,NIFTY,,2025-04-30,2025-04-30,22400.0,PE,NIFTY2543022400PE,45.3,47.85,20.85,25.65,23.5,44.95,23851.65,25.65,150300,44325,12481,20997355166.25,6507,F1,75,,,,,
2025-04-17,2025-04-17,FO,NSE,IDO,51851,,NIFTY,,2025-04-30,2025-04-30,22000.0,PE,NIFTY2543022000PE,28.0,28.05,16.0,18.9,17.6,26.55,23851.65,18.9,684600,120750,24492,40449084266.25,11957,F1,75,,,,,
2025-04-17,2025-04-17,FO,NSE,IDO,51841,,NIFTY,,2025-04-30,2025-04-30,21750.0,PE,NIFTY2543021750PE,33.3,33.3,13.05,17.3,14.0,21.25,23851.65,17.3,21000,10350,496,809676656.25,205,F1,75,,,,,
2025-04-17,2025-04-17,FO,NSE,IDO,51825,,NIFTY,,2025-04-30,2025-04-30,21400.0,PE,NIFTY2543021400PE,13.5,14.8,10.35,13.1,11.5,14.55,23851.65,13.1,75225,-14475,4772,7663398907.5,2799,F1,75,,,,,
2025-04-17,2025-04-17,FO,NSE,IDO,51779,,NIFTY,,2025-04-30,2025-04-30,20750.0,PE,NIFTY2543020750PE,0.0,0.0,0.0,4.9,0.0,4.9,23851.65,0.0,0,0,0,0.0,0,F1,75,,,,,
2025-04-17,2025-04-17,FO,NSE,IDO,79751,,NIFTY,,2025-04-24,2025-04-24,25500.0,PE,NIFTY25APR25500PE,2124.0,2165.0,1623.6,1655.2,1653.8,2069.35,23851.65,1655.2,997350,-46875,1430,2925598612.5,958,F1,75,,,,,
2025-04-17,2025-04-17,FO,NSE,IDO,79736,,NIFTY,,2025-04-24,2025-04-24,25200.0,PE,NIFTY25APR25200PE,1725.0,1744.15,1343.6,1354.65,1343.6,1820.0,23851.65,1354.65,20475,4500,97,194684017.5,54,F1,75,,,,,
2025-04-17,2025-04-17,FO,NSE,IDO,79732,,NIFTY,,2025-04-24,2025-04-24,25150.0,PE,NIFTY25APR25150PE,1298.95,1304.3,1298.95,1302.2,1304.3,2181.5,23851.65,1302.2,2100,225,3,5951745.0,3,F1,75,,,,,
2025-04-17,2025-04-17,FO,NSE,IDO,79728,,NIFTY,,2025-04-24,2025-04-24,25050.0,PE,NIFTY25APR25050PE,1198.3,1198.3,1198.3,1198.3,1198.3,2168.45,23851.65,1198.3,1875,75,1,1968622.5,1,F1,75,,,,,
2025-04-17,2025-04-17,FO,NSE,IDO,48174,,NIFTY,,2025-04-17,2025-04-17,22500.0,CE,NIFTY2541722500CE,865.3,1367.2,785.0,1350.9,1351.2,890.65,23851.65,23851.65,990225,-610050,15642,27556094842.5,9684,F1,75,,,,,
2025-04-17,2025-04-17,FO,NSE,IDO,48134,,NIFTY,,2025-04-17,2025-04-17,22200.0,CE,NIFTY2541722200CE,1164.85,1666.8,1100.0,1655.7,1655.5,1189.6,23851.65,23851.65,206100,-36150,914,1612325291.25,523,F1,75,,,,,
2025-04-17,2025-04-17,FO,NSE,IDO,48078,,NIFTY,,2025-04-17,2025-04-17,21150.0,CE,NIFTY2541721150CE,0.0,0.0,0.0,1338.05,1337.95,1338.05,23851.65,23851.65,8700,0,0,0.0,0,F1,75,,,,,
2025-04-17,2025-04-17,FO,NSE,IDO,79546,,NIFTY,,2025-04-24,2025-04-24,24050.0,PE,NIFTY25APR24050PE,702.9,709.1,285.35,301.9,299.65,644.75,23851.65,301.9,41550,32325,1848,3380812282.5,1468,F1,75,,,,,
2025-04-17,2025-04-17,FO,NSE,IDO,79487,,NIFTY,,2025-04-24,2025-04-24,23350.0,PE,NIFTY25APR23350PE,190.0,206.5,54.95,62.85,58.05,169.9,23851.65,62.85,1022175,452400,137237,241659121815.0,86078,F1,75,,,,,
2025-04-17,2025-04-17,FO,NSE,IDO,79441,,NIFTY,,2025-04-24,2025-04-24,23200.0,PE,NIFTY25APR23200PE,118.6,141.95,40.0,46.8,43.1,117.95,23851.65,46.8,2448525,903525,262765,458787789693.75,140273,F1,75,,,,,
2025-04-17,2025-04-17,FO,NSE,IDO,79410,,NIFTY,,2025-04-24,2025-04-24,22750.0,PE,NIFTY25APR22750PE,40.6,43.2,18.35,21.8,19.95,40.55,23851.65,21.8,533850,292350,41199,70386291300.0,25156,F1,75,,,,,
2025-04-17,2025-04-17,FO,NSE,IDO,79393,,NIFTY,,2025-04-24,2025-04-24,22500.0,PE,NIFTY25APR22500PE,26.7,26.7,13.65,15.95,14.0,25.1,23851.65,15.95,4493100,475350,230705,389626114533.75,110018,F1,75,,,,,
2025-04-17,2025-04-17,FO,NSE,IDO,79273,,NIFTY,,2025-04-24,2025-04-24,21900.0,PE,NIFTY25APR21900PE,12.0,12.0,4.3,7.9,6.9,10.35,23851.65,7.9,926175,5325,46738,76795024740.0,21918,F1,75,,,,,
2025-04-17,2025-04-17,FO,NSE,IDO,48402,,NIFTY,,2025-04-17,2025-04-17,25100.0,PE,NIFTY2541725100PE,1720.0,1720.0,1678.15,1678.2,1678.2,2652.35,23851.65,23851.65,1275,-1350,35,70334257.5,7,F1,75,,,,,
2025-04-17,2025-04-17,FO,NSE,IDO,62367,,NIFTY,,2025-06-26,2025-06-26,24350.0,CE,NIFTY25JUN24350CE,420.4,420.4,420.4,420.4,420.4,259.35,23851.65,624.5,5175,0,2,3715560.0,2,F1,75,,,,,
2025-04-17,2025-04-17,FO,NSE,IDO,39987,,NIFTY,,2025-12-24,2025-12-24,19000.0,CE,NIFTY25DEC19000CE,0.0,0.0,0.0,4600.0,4600.0,4600.0,23851.65,5746.6,7025,0,0,0.0,0,F1,75,,,,,
2025-04-17,2025-04-17,FO,NSE,IDO,71399,,NIFTY,,2025-12-24,2025-12-24,26000.0,CE,NIFTY25DEC26000CE,359.95,496.0,356.3,478.95,480.0,376.45,23851.65,478.95,567525,-2250,2659,5271985845.0,1643,F1,75,,,,,
2025-04-17,2025-04-17,FO,NSE,IDO,53607,,NIFTY,,2027-12-30,2027-12-30,20000.0,CE,NIFTY27DEC20000CE,0.0,0.0,0.0,5333.85,0.0,5333.85,23851.65,7464.8,0,0,0,0.0,0,F1,75,,,,,
2025-04-17,2025-04-17,FO,NSE,IDO,67770,,NIFTY,,2028-12-28,2028-12-28,18000.0,CE,NIFTY28DEC18000CE,0.0,0.0,0.0,9380.3,0.0,9380.3,23851.65,9977.45,0,0,0,0.0,0,F1,75,,,,,
2025-04-17,2025-04-17,FO,NSE,IDO,67780,,NIFTY,,2028-12-28,2028-12-28,23000.0,CE,NIFTY28DEC23000CE,0.0,0.0,0.0,6377.6,0.0,6377.6,23851.65,6662.15,0,0,0,0.0,0,F1,75,,,,,
2025-04-17,2025-04-17,FO,NSE,IDO,89626,,NIFTY,,2029-06-28,2029-06-28,22000.0,CE,NIFTY29JUN22000CE,0.0,0.0,0.0,9207.9,0.0,9207.9,23851.65,7827.95,0,0,0,0.0,0,F1,75,,,,,
2025-04-17,2025-04-17,FO,NSE,IDO,61744,,NIFTY,,2029-12-27,2029-12-27,22000.0,CE,NIFTY29DEC22000CE,0.0,0.0,0.0,8865.25,0.0,8865.25,23851.65,8363.0,0,0,0,0.0,0,F1,75,,,,,
2025-04-17,2025-04-17,FO,NSE,IDO,61858,,NIFTY,,2029-12-27,2029-12-27,28000.0,CE,NIFTY29DEC28000CE,0.0,0.0,0.0,5741.5,0.0,5741.5,23851.65,5272.95,0,0,0,0.0,0,F1,75,,,,,
2025-04-17,2025-04-17,FO,NSE,IDO,48015,,NIFTY,,2025-04-17,2025-04-17,20600.0,PE,NIFTY2541720600PE,0.3,0.55,0.05,0.1,0.05,0.45,23851.65,23851.65,324675,-133425,102545,158433668216.25,15882,F1,75,,,,,
2025-04-17,2025-04-17,FO,NSE,IDO,48087,,NIFTY,,2025-04-17,2025-04-17,21200.0,PE,NIFTY2541721200PE,0.4,0.65,0.05,0.1,0.1,0.8,23851.65,23851.65,162225,-350175,69249,110107278153.75,12861,F1,75,,,,,
2025-04-17,2025-04-17,FO,NSE,IDO,61773,,NIFTY,,2029-12-27,2029-12-27,25000.0,PE,NIFTY29DEC25000PE,0.0,0.0,0.0,785.3,0.0,785.3,23851.65,1026.85,0,0,0,0.0,0,F1,75,,,,,
2025-04-17,2025-04-17,FO,NSE,IDO,89627,,NIFTY,,2029-06-28,2029-06-28,22000.0,PE,NIFTY29JUN22000PE,0.0,0.0,0.0,422.0,0.0,422.0,23851.65,524.6,0,0,0,0.0,0,F1,75,,,,,
2025-04-17,2025-04-17,FO,NSE,IDO,89615,,NIFTY,,2029-06-28,2029-06-28,19000.0,PE,NIFTY29JUN19000PE,0.0,0.0,0.0,170.3,0.0,170.3,23851.65,202.45,0,0,0,0.0,0,F1,75,,,,,
2025-04-17,2025-04-17,FO,NSE,IDO,67771,,NIFTY,,2028-12-28,2028-12-28,18000.0,PE,NIFTY28DEC18000PE,0.0,0.0,0.0,250.0,250.0,250.0,23851.65,130.85,75,0,0,0.0,0,F1,75,,,,,
2025-04-17,2025-04-17,FO,NSE,IDO,86162,,NIFTY,,2028-06-29,2028-06-29,26000.0,PE,NIFTY28JUN26000PE,0.0,0.0,0.0,2370.3,0.0,2370.3,23851.65,1493.9,0,0,0,0.0,0,F1,75,,,,,
2025-04-17,2025-04-17,FO,NSE,IDO,86148,,NIFTY,,2028-06-29,2028-06-29,22000.0,PE,NIFTY28JUN22000PE,0.0,0.0,0.0,520.05,520.05,520.05,23851.65,542.75,100,0,0,0.0,0,F1,75,,,,,
2025-04-17,2025-04-17,FO,NSE,IDO,86142,,NIFTY,,2028-06-29,2028-06-29,19000.0,PE,NIFTY28JUN19000PE,0.0,0.0,0.0,537.45,0.0,537.45,23851.65,187.05,0,0,0,0.0,0,F1,75,,,,,
2025-04-17,2025-04-17,FO,NSE,IDO,38165,,NIFTY,,2027-12-30,2027-12-30,29000.0,PE,NIFTY27DEC29000PE,0.0,0.0,0.0,4227.5,0.0,4227.5,23851.65,2821.45,0,0,0,0.0,0,F1,75,,,,,
2025-04-17,2025-04-17,FO,NSE,IDO,53619,,NIFTY,,2027-12-30,2027-12-30,23000.0,PE,NIFTY27DEC23000PE,0.0,0.0,0.0,899.15,899.15,899.15,23851.65,738.0,1950,0,0,0.0,0,F1,75,,,,,
2025-04-17,2025-04-17,FO,NSE,IDO,53606,,NIFTY,,2027-12-30,2027-12-30,19000.0,PE,NIFTY27DEC19000PE,0.0,0.0,0.0,299.95,299.95,299.95,23851.65,171.85,525,0,0,0.0,0,F1,75,,,,,
2025-04-17,2025-04-17,FO,NSE,IDO,50550,,NIFTY,,2027-06-24,2027-06-24,28000.0,PE,NIFTY27JUN28000PE,0.0,0.0,0.0,5959.35,0.0,5959.35,23851.65,2553.85,0,0,0,0.0,0,F1,75,,,,,
2025-04-17,2025-04-17,FO,NSE,IDO,71561,,NIFTY,,2027-06-24,2027-06-24,24000.0,PE,NIFTY27JUN24000PE,0.0,0.0,0.0,5056.2,0.0,5056.2,23851.65,998.05,0,0,0,0.0,0,F1,75,,,,,
2025-04-17,2025-04-17,FO,NSE,IDO,71506,,NIFTY,,2026-12-31,2026-12-31,26000.0,PE,NIFTY26DEC26000PE,1639.9,1675.0,1566.0,1566.0,1566.0,1785.0,23851.65,1566.0,4375,1375,32,66356156.25,27,F1,75,,,,,
2025-04-17,2025-04-17,FO,NSE,IDO,71504,,NIFTY,,2026-12-31,2026-12-31,25000.0,PE,NIFTY26DEC25000PE,1320.0,1320.0,1195.0,1200.0,1200.0,1306.0,23851.65,1200.0,7875,300,9,17701350.0,9,F1,75,,,,,
2025-04-17,2025-04-17,FO,NSE,IDO,71473,,NIFTY,,2026-06-25,2026-06-25,24000.0,PE,NIFTY26JUN24000PE,0.0,0.0,0.0,1427.0,1427.0,1427.0,23851.65,981.25,825,0,0,0.0,0,F1,75,,,,,
2025-04-17,2025-04-17,FO,NSE,IDO,50557,,NIFTY,,2026-06-25,2026-06-25,18000.0,PE,NIFTY26JUN18000PE,0.0,0.0,0.0,3088.05,0.0,3088.05,23851.65,36.05,0,0,0,0.0,0,F1,75,,,,,
2025-04-17,2025-04-17,FO,NSE,IDO,37802,,NIFTY,,2026-06-25,2026-06-25,13000.0,PE,NIFTY26JUN13000PE,0.0,0.0,0.0,21.6,21.6,21.6,23851.65,0.1,200,0,0,0.0,0,F1,75,,,,,
2025-04-17,2025-04-17,FO,NSE,IDO,62919,,NIFTY,,2026-03-26,2026-03-26,21000.0,PE,NIFTY26MAR21000PE,0.0,0.0,0.0,191.35,0.0,191.35,23851.65,219.7,0,0,0,0.0,0,F1,75,,,,,
2025-04-17,2025-04-17,FO,NSE,IDO,71394,,NIFTY,,2025-12-24,2025-12-24,24000.0,PE,NIFTY25DEC24000PE,900.0,948.9,743.5,760.95,767.95,915.2,23851.65,760.95,998300,20425,3625,6745534886.25,2597,F1,75,,,,,
2025-04-17,2025-04-17,FO,NSE,IDO,49180,,NIFTY,,2025-12-24,2025-12-24,16500.0,PE,NIFTY25DEC16500PE,0.0,0.0,0.0,20.3,20.3,20.3,23851.65,1.3,2750,0,0,0.0,0,F1,75,,,,,
2025-04-17,2025-04-17,FO,NSE,IDO,61726,,NIFTY,,2025-05-29,2025-05-29,24800.0,PE,NIFTY25MAY24800PE,1175.0,1175.0,937.0,952.95,940.4,1310.9,23851.65,952.95,11550,2925,74,143103573.75,39,F1,75,,,,,
2025-04-17,2025-04-17,FO,NSE,IDO,61676,,NIFTY,,2025-05-29,2025-05-29,24300.0,PE,NIFTY25MAY24300PE,937.5,970.0,590.05,607.45,603.0,905.6,23851.65,607.45,37650,18000,622,1166509758.75,420,F1,75,,,,,
2025-04-17,2025-04-17,FO,NSE,IDO,61674,,NIFTY,,2025-05-29,2025-05-29,24250.0,PE,NIFTY25MAY24250PE,820.0,820.0,579.55,590.0,590.0,896.6,23851.65,590.0,6225,4575,81,150981723.75,40,F1,75,,,,,
2025-04-17,2025-04-17,FO,NSE,IDO,61560,,NIFTY,,2025-05-29,2025-05-29,23850.0,PE,NIFTY25MAY23850PE,639.95,661.0,388.5,404.25,408.55,688.95,23851.65,404.25,22575,19875,698,1270969661.25,461,F1,75,,,,,
2025-04-17,2025-04-17,FO,NSE,IDO,61534,,NIFTY,,2025-05-29,2025-05-29,23200.0,PE,NIFTY25MAY23200PE,342.95,370.0,205.05,216.1,217.0,336.8,23851.65,216.1,258225,64725,6945,12217875532.5,4847,F1,75,,,,,
2025-04-17,2025-04-17,FO,NSE,IDO,61506,,NIFTY,,2025-05-29,2025-05-29,22500.0,PE,NIFTY25MAY22500PE,175.0,188.25,108.45,116.35,114.0,174.2,23851.65,116.35,2280975,186450,35682,60598926273.75,16881,F1,75,,,,,
2025-04-17,2025-04-17,FO,NSE,IDO,61470,,NIFTY,,2025-05-29,2025-05-29,21750.0,PE,NIFTY25MAY21750PE,0.0,0.0,0.0,114.7,114.7,114.7,23851.65,22.4,1050,0,0,0.0,0,F1,75,,,,,
2025-04-17,2025-04-17,FO,NSE,IDO,61394,,NIFTY,,2025-05-29,2025-05-29,21450.0,PE,NIFTY25MAY21450PE,66.05,67.6,44.8,49.3,49.4,66.05,23851.65,49.3,6750,-75,129,208077450.0,69,F1,75,,,,,
2025-04-17,2025-04-17,FO,NSE,IDO,61370,,NIFTY,,2025-05-29,2025-05-29,21100.0,PE,NIFTY25MAY21100PE,47.85,54.9,33.65,36.6,35.55,47.85,23851.65,36.6,61725,5400,868,1376392961.25,570,F1,75,,,,,
2025-04-17,2025-04-17,FO,NSE,IDO,61338,,NIFTY,,2025-05-29,2025-05-29,20700.0,PE,NIFTY25MAY20700PE,35.0,37.85,27.0,29.6,29.2,34.2,23851.65,29.6,13350,-1725,655,1018442103.75,295,F1,75,,,,,
2025-04-17,2025-04-17,FO,NSE,IDO,61328,,NIFTY,,2025-05-29,2025-05-29,20450.0,PE,NIFTY25MAY20450PE,22.7,22.7,22.7,22.7,22.7,21.65,23851.65,1.0,975,0,13,19960882.5,6,F1,75,,,,,
2025-04-17,2025-04-17,FO,NSE,IDO,46295,,NIFTY,,2025-05-15,2025-05-15,25100.0,PE,NIFTY2551525100PE,0.0,0.0,0.0,2544.95,0.0,2544.95,23851.65,1224.3,0,0,0,0.0,0,F1,75,,,,,
2025-04-17,2025-04-17,FO,NSE,IDO,46285,,NIFTY,,2025-05-15,2025-05-15,24850.0,PE,NIFTY2551524850PE,0.0,0.0,0.0,2302.1,0.0,2302.1,23851.65,1021.9,0,0,0,0.0,0,F1,75,,,,,
2025-04-17,2025-04-17,FO,NSE,IDO,46273,,NIFTY,,2025-05-15,2025-05-15,24550.0,PE,NIFTY2551524550PE,0.0,0.0,0.0,2014.9,0.0,2014.9,23851.65,799.5,0,0,0,0.0,0,F1,75,,,,,
2025-04-17,2025-04-17,FO,NSE,IDO,46235,,NIFTY,,2025-05-15,2025-05-15,23900.0,PE,NIFTY2551523900PE,355.3,360.35,342.25,354.05,355.0,1420.85,23851.65,354.05,6675,6675,92,167353046.25,51,F1,75,,,,,
2025-04-17,2025-04-17,FO,NSE,IDO,46214,,NIFTY,,2025-05-15,2025-05-15,23450.0,PE,NIFTY2551523450PE,371.2,403.65,280.0,280.0,280.0,390.0,23851.65,232.35,1050,675,16,28579766.25,12,F1,75,,,,,
2025-04-17,2025-04-17,FO,NSE,IDO,46171,,NIFTY,,2025-05-15,2025-05-15,22650.0,PE,NIFTY2551522650PE,89.7,89.7,88.55,89.0,88.55,513.55,23851.65,89.0,675,675,11,18759990.0,5,F1,75,,,,,
2025-04-17,2025-04-17,FO,NSE,IDO,46167,,NIFTY,,2025-05-15,2025-05-15,22550.0,PE,NIFTY2551522550PE,79.55,79.8,78.3,79.8,79.8,126.2,23851.65,50.5,1500,1125,15,25458063.75,5,F1,75,,,,,
2025-04-17,2025-04-17,FO,NSE,IDO,46125,,NIFTY,,2025-05-15,2025-05-15,21650.0,PE,NIFTY2551521650PE,0.0,0.0,0.0,45.0,45.0,45.0,23851.65,5.95,7050,0,0,0.0,0,F1,75,,,,,
2025-04-17,2025-04-17,FO,NSE,IDO,46121,,NIFTY,,2025-05-15,2025-05-15,21550.0,PE,NIFTY2551521550PE,0.0,0.0,0.0,117.65,0.0,117.65,23851.65,4.5,0,0,0,0.0,0,F1,75,,,,,
2025-04-17,2025-04-17,FO,NSE,IDO,46117,,NIFTY,,2025-05-15,2025-05-15,21450.0,PE,NIFTY2551521450PE,0.0,0.0,0.0,99.35,0.0,99.35,23851.65,3.35,0,0,0,0.0,0,F1,75,,,,,
2025-04-17,2025-04-17,FO,NSE,IDO,46071,,NIFTY,,2025-05-15,2025-05-15,20750.0,PE,NIFTY2551520750PE,20.2,21.15,17.35,18.0,18.0,22.05,23851.65,0.35,1500,-1950,35,54519911.25,19,F1,75,,,,,
2025-04-17,2025-04-17,FO,NSE,IDO,38647,,NIFTY,,2025-05-08,2025-05-08,25200.0,PE,NIFTY2550825200PE,0.0,0.0,0.0,1813.9,0.0,1813.9,23851.65,1304.65,0,0,0,0.0,0,F1,75,,,,,
2025-04-17,2025-04-17,FO,NSE,IDO,38597,,NIFTY,,2025-05-08,2025-05-08,24150.0,PE,NIFTY2550824150PE,768.05,768.45,434.5,438.65,434.5,921.05,23851.65,438.65,525,525,17,31647067.5,5,F1,75,,,,,
2025-04-17,2025-04-17,FO,NSE,IDO,38563,,NIFTY,,2025-05-08,2025-05-08,23550.0,PE,NIFTY2550823550PE,330.95,330.95,175.8,189.1,175.8,358.05,23851.65,189.1,1875,1725,75,133650498.75,38,F1,75,,,,,
2025-04-17,2025-04-17,FO,NSE,IDO,38539,,NIFTY,,2025-05-08,2025-05-08,23200.0,PE,NIFTY2550823200PE,220.05,249.6,110.05,119.6,116.5,222.3,23851.65,119.6,30975,6675,1927,3373577666.25,1128,F1,75,,,,,
2025-04-17,2025-04-17,FO,NSE,IDO,38537,,NIFTY,,2025-05-08,2025-05-08,23150.0,PE,NIFTY2550823150PE,120.0,120.0,97.6,104.4,97.6,240.0,23851.65,104.4,5700,0,4,6978000.0,4,F1,75,,,,,
2025-04-17,2025-04-17,FO,NSE,IDO,38485,,NIFTY,,2025-05-08,2025-05-08,22250.0,PE,NIFTY2550822250PE,0.0,0.0,0.0,404.1,404.1,404.1,23851.65,13.8,225,0,0,0.0,0,F1,75,,,,,
2025-04-17,2025-04-17,FO,NSE,IDO,38465,,NIFTY,,2025-05-08,2025-05-08,21800.0,PE,NIFTY2550821800PE,37.75,46.7,23.0,25.05,23.0,36.4,23851.65,25.05,12000,3225,368,602530095.0,165,F1,75,,,,,
2025-04-17,2025-04-17,FO,NSE,IDO,38449,,NIFTY,,2025-05-08,2025-05-08,21400.0,PE,NIFTY2550821400PE,0.0,0.0,0.0,14.65,0.0,14.65,23851.65,0.85,0,0,0,0.0,0,F1,75,,,,,
2025-04-17,2025-04-17,FO,NSE,IDO,38445,,NIFTY,,2025-05-08,2025-05-08,21300.0,PE,NIFTY2550821300PE,0.0,0.0,0.0,11.45,0.0,11.45,23851.65,0.6,0,0,0,0.0,0,F1,75,,,,,
2025-04-17,2025-04-17,FO,NSE,IDO,38439,,NIFTY,,2025-05-08,2025-05-08,21150.0,PE,NIFTY2550821150PE,0.0,0.0,0.0,7.75,0.0,7.75,23851.65,0.35,0,0,0,0.0,0,F1,75,,,,,
2025-04-17,2025-04-17,FO,NSE,IDO,51947,,NIFTY,,2025-04-30,2025-04-30,23450.0,PE,NIFTY2543023450PE,270.05,312.4,111.25,121.6,117.0,264.5,23851.65,121.6,55575,19200,5353,9495939026.25,3745,F1,75,,,,,
2025-04-17,2025-04-17,FO,NSE,IDO,51934,,NIFTY,,2025-04-30,2025-04-30,23150.0,PE,NIFTY2543023150PE,166.05,183.2,65.3,71.3,67.25,156.5,23851.65,71.3,24300,3375,2395,4177541148.75,1765,F1,75,,,,,
2025-04-17,2025-04-17,FO,NSE,IDO,48226,,NIFTY,,2025-04-17,2025-04-17,23150.0,CE,NIFTY2541723150CE,264.8,719.2,143.05,700.45,700.95,254.2,23851.65,23851.65,515775,-56100,105319,184717658062.5,73568,F1,75,,,,,
2025-04-17,2025-04-17,FO,NSE,IDO,48282,,NIFTY,,2025-04-17,2025-04-17,23700.0,CE,NIFTY2541723700CE,9.0,173.55,1.8,152.0,151.2,14.15,23851.65,23851.65,3250425,-2343150,8313700,14803396802163.75,3142485,F1,75,,,,,
2025-04-17,2025-04-17,FO,NSE,IDO,48317,,NIFTY,,2025-04-17,2025-04-17,24100.0,CE,NIFTY2541724100CE,0.95,2.65,0.05,0.15,0.05,1.95,23851.65,23851.65,4832175,1124250,3335407,6028957252563.75,507893,F1,75,,,,,
2025-04-17,2025-04-17,FO,NSE,IDO,48322,,NIFTY,,2025-04-17,2025-04-17,24150.0,CE,NIFTY2541724150CE,1.0,1.95,0.05,0.15,0.05,1.8,23851.65,23851.65,3941100,2148600,1614490,2924331570326.25,284361,F1,75,,,,,
2025-04-17,2025-04-17,FO,NSE,IDO,67769,,NIFTY,,2028-12-28,2028-12-28,17000.0,PE,NIFTY28DEC17000PE,0.0,0.0,0.0,66.15,0.0,66.15,23851.65,83.0,0,0,0,0.0,0,F1,75,,,,,
2025-04-17,2025-04-17,FO,NSE,IDO,53627,,NIFTY,,2027-12-30,2027-12-30,25000.0,PE,NIFTY27DEC25000PE,0.0,0.0,0.0,1546.4,1546.4,1546.4,23851.65,1254.9,75,0,0,0.0,0,F1,75,,,,,
2025-04-17,2025-04-17,FO,NSE,IDO,53611,,NIFTY,,2027-12-30,2027-12-30,20000.0,PE,NIFTY27DEC20000PE,0.0,0.0,0.0,460.0,460.0,460.0,23851.65,262.85,3950,0,0,0.0,0,F1,75,,,,,
2025-04-17,2025-04-17,FO,NSE,IDO,51843,,NIFTY,,2025-04-30,2025-04-30,21800.0,PE,NIFTY2543021800PE,21.4,21.9,13.85,17.45,16.5,21.2,23851.65,17.45,890400,768000,23783,38914904711.25,10838,F1,75,,,,,
2025-04-17,2025-04-17,FO,NSE,IDO,51823,,NIFTY,,2025-04-30,2025-04-30,21350.0,PE,NIFTY2543021350PE,15.0,15.2,9.95,11.85,11.5,11.4,23851.65,11.85,5325,2925,365,584782267.5,168,F1,75,,,,,
2025-04-17,2025-04-17,FO,NSE,IDO,51803,,NIFTY,,2025-04-30,2025-04-30,21100.0,PE,NIFTY2543021100PE,10.95,13.0,7.5,10.6,12.0,10.7,23851.65,10.6,29550,29175,959,1518357232.5,617,F1,75,,,,,
2025-04-17,2025-04-17,FO,NSE,IDO,51795,,NIFTY,,2025-04-30,2025-04-30,20950.0,PE,NIFTY2543020950PE,5.75,11.75,5.75,10.95,8.65,13.45,23851.65,10.95,2850,-3375,94,147762480.0,76,F1,75,,,,,
2025-04-17,2025-04-17,FO,NSE,IDO,51763,,NIFTY,,2025-04-30,2025-04-30,20450.0,PE,NIFTY2543020450PE,4.5,9.95,4.05,7.9,7.05,6.05,23851.65,7.9,20325,3225,606,929776065.0,323,F1,75,,,,,
2025-04-17,2025-04-17,FO,NSE,IDO,79724,,NIFTY,,2025-04-24,2025-04-24,24950.0,PE,NIFTY25APR24950PE,1102.05,1128.65,1100.45,1110.4,1100.45,2005.0,23851.65,1110.4,1350,75,3,5863586.25,3,F1,75,,,,,
2025-04-17,2025-04-17,FO,NSE,IDO,79512,,NIFTY,,2025-04-24,2025-04-24,23750.0,PE,NIFTY25APR23750PE,405.55,469.5,140.2,151.6,151.0,399.45,23851.65,151.6,486600,429750,57642,103483549526.25,36810,F1,75,,,,,
2025-04-17,2025-04-17,FO,NSE,IDO,79435,,NIFTY,,2025-04-24,2025-04-24,23050.0,PE,NIFTY25APR23050PE,81.6,95.5,29.85,36.0,32.45,81.7,23851.65,36.0,462750,157050,60700,105204409612.5,37020,F1,75,,,,,
2025-04-17,2025-04-17,FO,NSE,IDO,79385,,NIFTY,,2025-04-24,2025-04-24,22350.0,PE,NIFTY25APR22350PE,20.55,24.0,11.5,13.25,12.45,19.1,23851.65,13.25,280800,-6075,22698,38071588518.75,14306,F1,75,,,,,
2025-04-17,2025-04-17,FO,NSE,IDO,79383,,NIFTY,,2025-04-24,2025-04-24,22300.0,PE,NIFTY25APR22300PE,18.05,18.85,11.05,12.65,11.75,17.75,23851.65,12.65,1434975,326925,87772,146885420628.75,46796,F1,75,,,,,
2025-04-17,2025-04-17,FO,NSE,IDO,79232,,NIFTY,,2025-04-24,2025-04-24,21050.0,PE,NIFTY25APR21050PE,5.45,5.5,2.4,3.05,2.4,4.5,23851.65,3.05,34650,11625,5167,8158720515.0,3534,F1,75,,,,,
2025-04-17,2025-04-17,FO,NSE,IDO,71550,,NIFTY,,2027-06-24,2027-06-24,19000.0,PE,NIFTY27JUN19000PE,0.0,0.0,0.0,201.05,201.05,201.05,23851.65,148.8,525,0,0,0.0,0,F1,75,,,,,
2025-04-17,2025-04-17,FO,NSE,IDO,58647,,NIFTY,,2026-12-31,2026-12-31,21000.0,PE,NIFTY26DEC21000PE,440.05,440.05,395.05,397.55,399.0,445.0,23851.65,397.55,8225,675,19,30512403.75,19,F1,75,,,,,
2025-04-17,2025-04-17,FO,NSE,IDO,71475,,NIFTY,,2026-06-25,2026-06-25,25000.0,PE,NIFTY26JUN25000PE,0.0,0.0,0.0,1800.0,1800.0,1800.0,23851.65,1370.6,75,0,0,0.0,0,F1,75,,,,,
2025-04-17,2025-04-17,FO,NSE,IDO,58627,,NIFTY,,2026-06-25,2026-06-25,22000.0,PE,NIFTY26JUN22000PE,539.0,539.0,488.75,488.75,488.75,533.85,23851.65,434.35,1575,150,3,5063748.75,3,F1,75,,,,,
2025-04-17,2025-04-17,FO,NSE,IDO,39990,,NIFTY,,2026-06-25,2026-06-25,19000.0,PE,NIFTY26JUN19000PE,0.0,0.0,0.0,205.7,205.7,205.7,23851.65,77.1,250,0,0,0.0,0,F1,75,,,,,
2025-04-17,2025-04-17,FO,NSE,IDO,61499,,NIFTY,,2025-05-29,2025-05-29,22350.0,CE,NIFTY25MAY22350CE,1399.0,1399.0,1399.0,1399.0,1399.0,1344.25,23851.65,1741.45,2400,-75,2,3562350.0,2,F1,75,,,,,
2025-04-17,2025-04-17,FO,NSE,IDO,79220,,NIFTY,,2025-04-24,2025-04-24,20750.0,PE,NIFTY25APR20750PE,2.25,3.85,2.1,2.55,2.35,3.5,23851.65,2.55,47400,10650,2565,3992304138.75,1857,F1,75,,,,,
2025-04-17,2025-04-17,FO,NSE,IDO,79211,,NIFTY,,2025-04-24,2025-04-24,20550.0,PE,NIFTY25APR20550PE,2.95,3.15,1.8,2.35,2.4,3.05,23851.65,2.35,83025,54750,5294,8160302407.5,3330,F1,75,,,,,
2025-04-17,2025-04-17,FO,NSE,IDO,79207,,NIFTY,,2025-04-24,2025-04-24,20500.0,PE,NIFTY25APR20500PE,3.2,3.85,1.85,2.3,2.0,2.95,23851.65,2.3,4133925,837450,105243,161829266685.0,29092,F1,75,,,,,
2025-04-17,2025-04-17,FO,NSE,IDO,38422,,NIFTY,,2025-05-08,2025-05-08,20750.0,CE,NIFTY2550820750CE,0.0,0.0,0.0,2643.2,0.0,2643.2,23851.65,3179.2,0,0,0,0.0,0,F1,75,,,,,
2025-04-17,2025-04-17,FO,NSE,IDO,38440,,NIFTY,,2025-05-08,2025-05-08,21200.0,CE,NIFTY2550821200CE,0.0,0.0,0.0,2202.6,0.0,2202.6,23851.65,2731.2,0,0,0,0.0,0,F1,75,,,,,
2025-04-17,2025-04-17,FO,NSE,IDO,38502,,NIFTY,,2025-05-08,2025-05-08,22600.0,CE,NIFTY2550822600CE,975.0,1331.45,975.0,1331.45,1331.45,875.0,23851.65,1370.15,600,0,2,3562983.75,2,F1,75,,,,,
2025-04-17,2025-04-17,FO,NSE,IDO,38536,,NIFTY,,2025-05-08,2025-05-08,23150.0,CE,NIFTY2550823150CE,500.0,523.8,500.0,523.8,523.8,551.85,23851.65,899.15,1200,-75,2,3549285.0,2,F1,75,,,,,
2025-04-17,2025-04-17,FO,NSE,IDO,38551,,NIFTY,,2025-05-08,2025-05-08,23450.0,CE,NIFTY2550823450CE,346.5,615.15,307.95,601.05,601.05,357.1,23851.65,678.0,1950,1200,143,256174672.5,105,F1,75,,,,,
2025-04-17,2025-04-17,FO,NSE,IDO,38594,,NIFTY,,2025-05-08,2025-05-08,24100.0,CE,NIFTY2550824100CE,92.0,231.1,81.75,194.0,183.35,106.25,23851.65,194.0,62100,55875,2766,5039391937.5,1849,F1,75,,,,,
2025-04-17,2025-04-17,FO,NSE,IDO,38598,,NIFTY,,2025-05-08,2025-05-08,24200.0,CE,NIFTY2550824200CE,70.0,190.35,65.05,156.1,156.15,86.8,23851.65,156.1,302775,273825,11116,20297259318.75,4438,F1,75,,,,,
2025-04-17,2025-04-17,FO,NSE,IDO,38627,,NIFTY,,2025-05-08,2025-05-08,24750.0,CE,NIFTY2550824750CE,43.05,64.1,34.35,59.95,60.0,20.8,23851.65,59.95,1575,225,21,39064882.5,20,F1,75,,,,,
2025-04-17,2025-04-17,FO,NSE,IDO,46090,,NIFTY,,2025-05-15,2025-05-15,21000.0,CE,NIFTY2551521000CE,0.0,0.0,0.0,1579.0,0.0,1579.0,23851.65,2956.9,0,0,0,0.0,0,F1,75,,,,,
2025-04-17,2025-04-17,FO,NSE,IDO,48428,,NIFTY,,2025-04-17,2025-04-17,25400.0,PE,NIFTY2541725400PE,1660.0,1660.0,1542.5,1542.5,1542.5,2011.1,23851.65,23851.65,675,-150,5,10133017.5,4,F1,75,,,,,
2025-04-17,2025-04-17,FO,NSE,IDO,48379,,NIFTY,,2025-04-17,2025-04-17,24900.0,PE,NIFTY2541724900PE,1536.05,1563.75,1536.05,1563.75,1563.75,1524.0,23851.65,23851.65,750,225,11,21818917.5,8,F1,75,,,,,
2025-04-17,2025-04-17,FO,NSE,IDO,48340,,NIFTY,,2025-04-17,2025-04-17,24550.0,PE,NIFTY2541724550PE,0.0,0.0,0.0,2104.1,2104.2,2104.1,23851.65,23851.65,825,0,0,0.0,0,F1,75,,,,,
2025-04-17,2025-04-17,FO,NSE,IDO,48227,,NIFTY,,2025-04-17,2025-04-17,23150.0,PE,NIFTY2541723150PE,15.15,16.0,0.05,0.15,0.05,18.85,23851.65,23851.65,2035650,-676500,3423874,5945900845511.25,779801,F1,75,,,,,
2025-04-17,2025-04-17,FO,NSE,IDO,48216,,NIFTY,,2025-04-17,2025-04-17,23050.0,PE,NIFTY2541723050PE,7.0,7.75,0.05,0.15,0.05,11.0,23851.65,23851.65,1777875,-417975,2515671,4349407735938.75,441793,F1,75,,,,,
2025-04-17,2025-04-17,FO,NSE,IDO,48197,,NIFTY,,2025-04-17,2025-04-17,22750.0,PE,NIFTY2541722750PE,1.85,2.0,0.05,0.1,0.05,3.95,23851.65,23851.65,1819350,135000,970875,1656607218382.5,192746,F1,75,,,,,
2025-04-17,2025-04-17,FO,NSE,IDO,48063,,NIFTY,,2025-04-17,2025-04-17,21000.0,PE,NIFTY2541721000PE,0.35,0.6,0.05,0.1,0.05,0.6,23851.65,23851.65,1761225,-738975,252764,398107580722.5,36281,F1,75,,,,,
2025-04-17,2025-04-17,FO,NSE,IDO,48033,,NIFTY,,2025-04-17,2025-04-17,20900.0,PE,NIFTY2541720900PE,0.6,0.6,0.05,0.1,0.05,0.65,23851.65,23851.65,411225,-26175,37560,58876237878.75,7170,F1,75,,,,,
2025-04-17,2025-04-17,FO,NSE,IDO,61794,,NIFTY,,2029-12-27,2029-12-27,27000.0,CE,NIFTY29DEC27000CE,0.0,0.0,0.0,6201.65,0.0,6201.65,23851.65,5721.35,0,0,0,0.0,0,F1,75,,,,,
2025-04-17,2025-04-17,FO,NSE,IDO,61778,,NIFTY,,2029-12-27,2029-12-27,26000.0,CE,NIFTY29DEC26000CE,0.0,0.0,0.0,6686.95,0.0,6686.95,23851.65,6196.4,0,0,0,0.0,0,F1,75,,,,,
2025-04-17,2025-04-17,FO,NSE,IDO,62209,,NIFTY,,2025-06-26,2025-06-26,22750.0,CE,NIFTY25JUN22750CE,1502.7,1502.7,1502.7,1502.7,1502.7,837.95,23851.65,1600.6,225,75,1,1818952.5,1,F1,75,,,,,
2025-04-17,2025-04-17,FO,NSE,IDO,62167,,NIFTY,,2025-06-26,2025-06-26,21900.0,CE,NIFTY25JUN21900CE,2168.45,2208.1,2168.1,2208.1,2208.1,1808.2,23851.65,2309.05,900,-75,4,7225590.0,4,F1,75,,,,,
2025-04-17,2025-04-17,FO,NSE,IDO,62141,,NIFTY,,2025-06-26,2025-06-26,21450.0,CE,NIFTY25JUN21450CE,2633.9,2634.9,2633.5,2633.5,2633.5,2207.0,23851.65,2718.25,600,225,3,5418922.5,3,F1,75,,,,,
2025-04-17,2025-04-17,FO,NSE,IDO,62139,,NIFTY,,2025-06-26,2025-06-26,21400.0,CE,NIFTY25JUN21400CE,2684.45,2685.45,2684.1,2684.1,2684.1,2251.7,23851.65,2764.75,675,300,4,7225357.5,4,F1,75,,,,,
2025-04-17,2025-04-17,FO,NSE,IDO,62125,,NIFTY,,2025-06-26,2025-06-26,21150.0,CE,NIFTY25JUN21150CE,2933.8,2933.8,2933.6,2933.7,2933.6,2862.35,23851.65,2933.7,150,150,2,3612555.0,2,F1,75,,,,,
2025-04-17,2025-04-17,FO,NSE,IDO,62211,,NIFTY,,2025-06-26,2025-06-26,22800.0,CE,NIFTY25JUN22800CE,1435.0,1470.85,1377.75,1452.35,1452.35,1158.35,23851.65,1562.35,3975,-450,9,16355902.5,7,F1,75,,,,,
2025-04-17,2025-04-17,FO,NSE,IDO,62361,,NIFTY,,2025-06-26,2025-06-26,24250.0,CE,NIFTY25JUN24250CE,304.6,390.0,304.6,390.0,390.0,328.55,23851.65,669.45,1125,75,3,5532345.0,3,F1,75,,,,,
2025-04-17,2025-04-17,FO,NSE,IDO,50969,,NIFTY,,2025-06-26,2025-06-26,27000.0,CE,NIFTY25JUN27000CE,15.25,19.75,15.2,19.2,18.0,16.85,23851.65,19.2,701425,6825,8697,17623043805.0,2619,F1,75,,,,,
2025-04-17,2025-04-17,FO,NSE,IDO,50537,,NIFTY,,2025-06-26,2025-06-26,28000.0,CE,NIFTY25JUN28000CE,12.0,17.8,11.55,13.3,13.95,12.1,23851.65,13.3,208600,16575,864,1815222266.25,391,F1,75,,,,,
2025-04-17,2025-04-17,FO,NSE,IDO,45873,,NIFTY,,2025-12-24,2025-12-24,17000.0,CE,NIFTY25DEC17000CE,0.0,0.0,0.0,7010.0,7010.0,7010.0,23851.65,7628.8,700,0,0,0.0,0,F1,75,,,,,
2025-04-17,2025-04-17,FO,NSE,IDO,61748,,NIFTY,,2029-12-27,2029-12-27,24000.0,CE,NIFTY29DEC24000CE,0.0,0.0,0.0,7730.0,0.0,7730.0,23851.65,7228.05,0,0,0,0.0,0,F1,75,,,,,
2025-04-17,2025-04-17,FO,NSE,IDO,61402,,NIFTY,,2029-12-27,2029-12-27,19000.0,CE,NIFTY29DEC19000CE,0.0,0.0,0.0,10714.6,0.0,10714.6,23851.65,10239.9,0,0,0,0.0,0,F1,75,,,,,
2025-04-17,2025-04-17,FO,NSE,IDO,61390,,NIFTY,,2029-12-27,2029-12-27,18000.0,CE,NIFTY29DEC18000CE,0.0,0.0,0.0,11362.4,0.0,11362.4,23851.65,10904.2,0,0,0,0.0,0,F1,75,,,,,
2025-04-17,2025-04-17,FO,NSE,IDO,89612,,NIFTY,,2029-06-28,2029-06-28,18000.0,CE,NIFTY29JUN18000CE,0.0,0.0,0.0,11678.65,0.0,11678.65,23851.65,10449.85,0,0,0,0.0,0,F1,75,,,,,
2025-04-17,2025-04-17,FO,NSE,IDO,86151,,NIFTY,,2028-06-29,2028-06-29,24000.0,CE,NIFTY28JUN24000CE,0.0,0.0,0.0,3918.85,0.0,3918.85,23851.65,5480.05,0,0,0,0.0,0,F1,75,,,,,
2025-04-17,2025-04-17,FO,NSE,IDO,46098,,NIFTY,,2025-05-15,2025-05-15,21200.0,CE,NIFTY2551521200CE,0.0,0.0,0.0,1400.9,0.0,1400.9,23851.65,2758.65,0,0,0,0.0,0,F1,75,,,,,
2025-04-17,2025-04-17,FO,NSE,IDO,46200,,NIFTY,,2025-05-15,2025-05-15,23200.0,CE,NIFTY2551523200CE,525.0,525.0,525.0,525.0,525.0,505.0,23851.65,927.5,525,0,1,1779375.0,1,F1,75,,,,,
2025-04-17,2025-04-17,FO,NSE,IDO,46228,,NIFTY,,2025-05-15,2025-05-15,23750.0,CE,NIFTY2551523750CE,0.0,0.0,0.0,96.55,0.0,96.55,23851.65,565.5,0,0,0,0.0,0,F1,75,,,,,
2025-04-17,2025-04-17,FO,NSE,IDO,46245,,NIFTY,,2025-05-15,2025-05-15,24000.0,CE,NIFTY2551524000CE,160.05,333.65,140.5,298.6,305.1,176.55,23851.65,298.6,23625,12675,1309,2381497560.0,613,F1,75,,,,,
2025-04-17,2025-04-17,FO,NSE,IDO,61489,,NIFTY,,2025-05-29,2025-05-29,22100.0,CE,NIFTY25MAY22100CE,1504.7,1918.4,1479.0,1918.05,1918.2,1553.0,23851.65,1918.05,12450,-14850,330,591008786.25,328,F1,75,,,,,
2025-04-17,2025-04-17,FO,NSE,IDO,61491,,NIFTY,,2025-05-29,2025-05-29,22150.0,CE,NIFTY25MAY22150CE,1868.3,1875.35,1847.4,1872.85,1847.4,1432.8,23851.65,1872.85,3225,-900,14,25223992.5,4,F1,75,,,,,
2025-04-17,2025-04-17,FO,NSE,IDO,62936,,NIFTY,,2026-03-26,2026-03-26,29000.0,PE,NIFTY26MAR29000PE,0.0,0.0,0.0,3815.05,0.0,3815.05,23851.65,3866.25,0,0,0,0.0,0,F1,75,,,,,
2025-04-17,2025-04-17,FO,NSE,IDO,61517,,NIFTY,,2025-05-29,2025-05-29,22800.0,CE,NIFTY25MAY22800CE,925.0,1312.65,889.55,1293.15,1285.0,968.55,23851.65,1293.15,96450,11100,1084,1950707700.0,598,F1,75,,,,,
2025-04-17,2025-04-17,FO,NSE,IDO,79515,,NIFTY,,2025-04-24,2025-04-24,23850.0,CE,NIFTY25APR23850CE,57.2,206.8,36.35,190.15,193.0,58.15,23851.65,190.15,1005600,619350,153141,275538787218.75,93221,F1,75,,,,,
2025-04-17,2025-04-17,FO,NSE,IDO,79739,,NIFTY,,2025-04-24,2025-04-24,25300.0,CE,NIFTY25APR25300CE,1.6,3.25,1.3,2.6,2.6,1.8,23851.65,2.6,1679925,1444200,102738,194961188377.5,24123,F1,75,,,,,
2025-04-17,2025-04-17,FO,NSE,IDO,79741,,NIFTY,,2025-04-24,2025-04-24,25350.0,CE,NIFTY25APR25350CE,1.8,3.1,1.35,2.25,2.5,1.8,23851.65,2.25,441825,263400,18347,34884965182.5,6253,F1,75,,,,,
2025-04-17,2025-04-17,FO,NSE,IDO,51780,,NIFTY,,2025-04-30,2025-04-30,20800.0,CE,NIFTY2543020800CE,3073.6,3073.6,3073.6,3073.6,3073.6,2564.45,23851.65,3073.6,75,75,1,1790520.0,1,F1,75,,,,,
2025-04-17,2025-04-17,FO,NSE,IDO,51848,,NIFTY,,2025-04-30,2025-04-30,21950.0,CE,NIFTY2543021950CE,1927.65,1927.65,1927.65,1927.65,1927.65,1466.35,23851.65,1927.65,450,75,1,1790823.75,1,F1,75,,,,,
2025-04-17,2025-04-17,FO,NSE,IDO,51959,,NIFTY,,2025-04-30,2025-04-30,23700.0,CE,NIFTY2543023700CE,148.65,376.65,125.6,357.35,361.6,162.3,23851.65,357.35,442050,179325,35319,63489593966.25,24580,F1,75,,,,,
2025-04-17,2025-04-17,FO,NSE,IDO,51972,,NIFTY,,2025-04-30,2025-04-30,23850.0,CE,NIFTY2543023850CE,94.5,284.95,83.25,264.75,270.0,113.15,23851.65,264.75,116700,63675,9320,16827342277.5,6269,F1,75,,,,,
2025-04-17,2025-04-17,FO,NSE,IDO,51974,,NIFTY,,2025-04-30,2025-04-30,23900.0,CE,NIFTY2543023900CE,86.05,257.8,73.25,238.05,236.25,99.65,23851.65,238.05,270825,115725,26833,48458327145.0,18897,F1,75,,,,,
2025-04-17,2025-04-17,FO,NSE,IDO,51976,,NIFTY,,2025-04-30,2025-04-30,23950.0,CE,NIFTY2543023950CE,70.0,230.95,64.25,210.4,211.0,87.75,23851.65,210.4,152400,115650,7424,13434951746.25,5255,F1,75,,,,,
2025-04-17,2025-04-17,FO,NSE,IDO,52005,,NIFTY,,2025-04-30,2025-04-30,24450.0,CE,NIFTY2543024450CE,18.0,64.05,14.55,58.8,59.0,23.9,23851.65,58.8,28800,7275,2458,4516030571.25,1494,F1,75,,,,,
2025-04-17,2025-04-17,FO,NSE,IDO,52080,,NIFTY,,2025-04-30,2025-04-30,25350.0,CE,NIFTY2543025350CE,3.5,11.7,3.45,10.7,10.85,4.4,23851.65,10.7,25425,-3750,1000,1901868360.0,412,F1,75,,,,,
2025-04-17,2025-04-17,FO,NSE,IDO,38408,,NIFTY,,2025-05-08,2025-05-08,20400.0,CE,NIFTY2550820400CE,0.0,0.0,0.0,2989.15,0.0,2989.15,23851.65,3527.85,0,0,0,0.0,0,F1,75,,,,,
2025-04-17,2025-04-17,FO,NSE,IDO,38414,,NIFTY,,2025-05-08,2025-05-08,20550.0,CE,NIFTY2550820550CE,0.0,0.0,0.0,2840.7,0.0,2840.7,23851.65,3378.4,0,0,0,0.0,0,F1,75,,,,,
2025-04-17,2025-04-17,FO,NSE,IDO,38496,,NIFTY,,2025-05-08,2025-05-08,22550.0,CE,NIFTY2550822550CE,1376.05,1377.0,1376.05,1377.0,1377.0,975.0,23851.65,1416.05,225,150,2,3588978.75,2,F1,75,,,,,
2025-04-17,2025-04-17,FO,NSE,IDO,38584,,NIFTY,,2025-05-08,2025-05-08,23900.0,CE,NIFTY2550823900CE,138.15,331.05,131.65,293.6,295.25,161.85,23851.65,293.6,137325,130950,5066,9187460298.75,3649,F1,75,,,,,
2025-04-17,2025-04-17,FO,NSE,IDO,46094,,NIFTY,,2025-05-15,2025-05-15,21100.0,CE,NIFTY2551521100CE,0.0,0.0,0.0,1489.1,0.0,1489.1,23851.65,2857.75,0,0,0,0.0,0,F1,75,,,,,
2025-04-17,2025-04-17,FO,NSE,IDO,46150,,NIFTY,,2025-05-15,2025-05-15,22200.0,CE,NIFTY2551522200CE,0.0,0.0,0.0,648.5,0.0,648.5,23851.65,1785.85,0,0,0,0.0,0,F1,75,,,,,
2025-04-17,2025-04-17,FO,NSE,IDO,46152,,NIFTY,,2025-05-15,2025-05-15,22250.0,CE,NIFTY2551522250CE,0.0,0.0,0.0,618.7,0.0,618.7,23851.65,1739.0,0,0,0,0.0,0,F1,75,,,,,
2025-04-17,2025-04-17,FO,NSE,IDO,46154,,NIFTY,,2025-05-15,2025-05-15,22300.0,CE,NIFTY2551522300CE,0.0,0.0,0.0,589.75,0.0,589.75,23851.65,1692.35,0,0,0,0.0,0,F1,75,,,,,
2025-04-17,2025-04-17,FO,NSE,IDO,46158,,NIFTY,,2025-05-15,2025-05-15,22400.0,CE,NIFTY2551522400CE,0.0,0.0,0.0,534.35,0.0,534.35,23851.65,1600.1,0,0,0,0.0,0,F1,75,,,,,
2025-04-17,2025-04-17,FO,NSE,IDO,46208,,NIFTY,,2025-05-15,2025-05-15,23350.0,CE,NIFTY2551523350CE,441.4,555.0,441.4,555.0,555.0,403.65,23851.65,818.95,150,75,2,3577230.0,2,F1,75,,,,,
2025-04-17,2025-04-17,FO,NSE,IDO,46213,,NIFTY,,2025-05-15,2025-05-15,23450.0,CE,NIFTY2551523450CE,422.05,644.0,379.35,644.0,644.0,150.45,23851.65,750.65,150,150,26,46664197.5,17,F1,75,,,,,
2025-04-17,2025-04-17,FO,NSE,IDO,46256,,NIFTY,,2025-05-15,2025-05-15,24150.0,CE,NIFTY2551524150CE,0.0,0.0,0.0,50.35,0.0,50.35,23851.65,367.15,0,0,0,0.0,0,F1,75,,,,,
2025-04-17,2025-04-17,FO,NSE,IDO,46294,,NIFTY,,2025-05-15,2025-05-15,25100.0,CE,NIFTY2551525100CE,0.0,0.0,0.0,8.2,0.0,8.2,23851.65,100.8,0,0,0,0.0,0,F1,75,,,,,
2025-04-17,2025-04-17,FO,NSE,IDO,61337,,NIFTY,,2025-05-29,2025-05-29,20700.0,CE,NIFTY25MAY20700CE,3227.15,3228.3,3226.75,3226.75,3226.75,2723.4,23851.65,3314.5,5775,0,3,5383665.0,3,F1,75,,,,,
2025-04-17,2025-04-17,FO,NSE,IDO,61543,,NIFTY,,2025-05-29,2025-05-29,23450.0,CE,NIFTY25MAY23450CE,513.0,800.0,471.45,777.75,778.0,526.85,23851.65,777.75,21450,-2550,536,968072681.25,305,F1,75,,,,,
2025-04-17,2025-04-17,FO,NSE,IDO,61545,,NIFTY,,2025-05-29,2025-05-29,23500.0,CE,NIFTY25MAY23500CE,488.5,768.25,439.8,741.25,740.35,498.0,23851.65,741.25,1444125,47100,28466,51460583857.5,19972,F1,75,,,,,
2025-04-17,2025-04-17,FO,NSE,IDO,61561,,NIFTY,,2025-05-29,2025-05-29,23900.0,CE,NIFTY25MAY23900CE,278.55,508.3,259.3,480.7,499.95,299.6,23851.65,480.7,168450,7125,6621,12082459672.5,4998,F1,75,,,,,
2025-04-17,2025-04-17,FO,NSE,IDO,61689,,NIFTY,,2025-05-29,2025-05-29,24650.0,CE,NIFTY25MAY24650CE,79.65,178.3,70.7,155.7,158.0,88.4,23851.65,155.7,10050,2475,220,409019415.0,158,F1,75,,,,,
2025-04-17,2025-04-17,FO,NSE,IDO,61751,,NIFTY,,2025-05-29,2025-05-29,24900.0,CE,NIFTY25MAY24900CE,45.2,117.2,43.4,101.75,103.95,53.85,23851.65,101.75,70425,20850,8737,16376061551.25,6023,F1,75,,,,,
2025-04-17,2025-04-17,FO,NSE,IDO,61755,,NIFTY,,2025-05-29,2025-05-29,25000.0,CE,NIFTY25MAY25000CE,40.05,99.45,34.9,86.7,85.05,44.25,23851.65,86.7,1263450,-66075,56331,105917576006.25,25077,F1,75,,,,,
2025-04-17,2025-04-17,FO,NSE,IDO,62075,,NIFTY,,2025-06-26,2025-06-26,20700.0,CE,NIFTY25JUN20700CE,3347.45,3347.45,3347.45,3347.45,3347.45,3284.65,23851.65,3430.6,75,75,1,1803558.75,1,F1,75,,,,,
2025-04-17,2025-04-17,FO,NSE,IDO,62135,,NIFTY,,2025-06-26,2025-06-26,21300.0,CE,NIFTY25JUN21300CE,2776.3,2776.3,2776.3,2776.3,2776.3,2724.35,23851.65,2776.3,75,75,1,1805722.5,1,F1,75,,,,,
2025-04-17,2025-04-17,FO,NSE,IDO,62161,,NIFTY,,2025-06-26,2025-06-26,21750.0,CE,NIFTY25JUN21750CE,2360.15,2361.25,2360.15,2361.25,2361.25,1942.3,23851.65,2443.4,525,150,2,3616605.0,2,F1,75,,,,,
2025-04-17,2025-04-17,FO,NSE,IDO,62171,,NIFTY,,2025-06-26,2025-06-26,21950.0,CE,NIFTY25JUN21950CE,2180.5,2180.5,2179.9,2179.9,2179.9,1771.8,23851.65,2264.8,900,150,2,3619530.0,2,F1,75,,,,,
2025-04-17,2025-04-17,FO,NSE,IDO,62173,,NIFTY,,2025-06-26,2025-06-26,22050.0,CE,NIFTY25JUN22050CE,2090.05,2090.05,2090.05,2090.05,2090.05,1687.25,23851.65,2177.1,750,75,1,1810503.75,1,F1,75,,,,,
2025-04-17,2025-04-17,FO,NSE,IDO,62187,,NIFTY,,2025-06-26,2025-06-26,22200.0,CE,NIFTY25JUN22200CE,1972.1,1972.1,1972.1,1972.1,1972.1,1627.0,23851.65,1972.1,1275,75,1,1812907.5,1,F1,75,,,,,
2025-04-17,2025-04-17,FO,NSE,IDO,62259,,NIFTY,,2025-06-26,2025-06-26,22950.0,CE,NIFTY25JUN22950CE,1354.65,1354.65,1349.75,1351.75,1349.75,983.85,23851.65,1351.75,750,225,3,5467890.0,3,F1,75,,,,,
2025-04-17,2025-04-17,FO,NSE,IDO,37749,,NIFTY,,2025-06-26,2025-06-26,23000.0,CE,NIFTY25JUN23000CE,996.95,1332.65,949.2,1310.9,1310.0,1013.4,23851.65,1310.9,1466050,-35400,4321,7831128442.5,3045,F1,75,,,,,
2025-04-17,2025-04-17,FO,NSE,IDO,62323,,NIFTY,,2025-06-26,2025-06-26,23350.0,CE,NIFTY25JUN23350CE,750.0,1033.75,750.0,1033.75,1033.75,772.35,23851.65,1171.95,4725,0,2,3636281.25,2,F1,75,,,,,
2025-04-17,2025-04-17,FO,NSE,IDO,62337,,NIFTY,,2025-06-26,2025-06-26,23700.0,CE,NIFTY25JUN23700CE,580.0,907.8,575.0,802.3,803.55,585.7,23851.65,802.3,25050,1725,130,238513616.25,103,F1,75,,,,,
2025-04-17,2025-04-17,FO,NSE,IDO,62373,,NIFTY,,2025-06-26,2025-06-26,24450.0,CE,NIFTY25JUN24450CE,381.25,381.5,381.25,381.5,381.5,248.0,23851.65,581.7,5700,0,2,3724706.25,2,F1,75,,,,,
2025-04-17,2025-04-17,FO,NSE,IDO,62397,,NIFTY,,2025-06-26,2025-06-26,24950.0,CE,NIFTY25JUN24950CE,0.0,0.0,0.0,79.95,79.95,79.95,23851.65,398.8,75,0,0,0.0,0,F1,75,,,,,
2025-04-17,2025-04-17,FO,NSE,IDO,62403,,NIFTY,,2025-06-26,2025-06-26,25150.0,CE,NIFTY25JUN25150CE,0.0,0.0,0.0,331.9,0.0,331.9,23851.65,339.25,0,0,0,0.0,0,F1,75,,,,,
2025-04-17,2025-04-17,FO,NSE,IDO,49177,,NIFTY,,2025-12-24,2025-12-24,16000.0,CE,NIFTY25DEC16000CE,0.0,0.0,0.0,7200.0,7200.0,7200.0,23851.65,8581.1,50,0,0,0.0,0,F1,75,,,,,
2025-04-17,2025-04-17,FO,NSE,IDO,51451,,NIFTY,,2025-12-24,2025-12-24,21000.0,CE,NIFTY25DEC21000CE,3350.6,3670.35,3305.05,3655.5,3653.0,3354.25,23851.65,3655.5,118775,-7725,162,298807905.0,92,F1,75,,,,,
2025-04-17,2025-04-17,FO,NSE,IDO,58622,,NIFTY,,2025-12-24,2025-12-24,22000.0,CE,NIFTY25DEC22000CE,2580.0,2874.95,2500.0,2833.5,2842.15,2567.85,23851.65,2833.5,311450,-1275,297,550635532.5,232,F1,75,,,,,
2025-04-17,2025-04-17,FO,NSE,IDO,42129,,NIFTY,,2025-12-24,2025-12-24,31000.0,CE,NIFTY25DEC31000CE,30.0,35.0,28.55,34.85,34.8,30.0,23851.65,34.85,65425,-4050,139,323512788.75,67,F1,75,,,,,
2025-04-17,2025-04-17,FO,NSE,IDO,50497,,NIFTY,,2026-06-25,2026-06-25,17000.0,CE,NIFTY26JUN17000CE,0.0,0.0,0.0,4348.25,0.0,4348.25,23851.65,8183.35,0,0,0,0.0,0,F1,75,,,,,
2025-04-17,2025-04-17,FO,NSE,IDO,71505,,NIFTY,,2026-12-31,2026-12-31,26000.0,CE,NIFTY26DEC26000CE,0.0,0.0,0.0,1470.0,1470.0,1470.0,23851.65,2448.0,3000,0,0,0.0,0,F1,75,,,,,
2025-04-17,2025-04-17,FO,NSE,IDO,71558,,NIFTY,,2027-06-24,2027-06-24,23000.0,CE,NIFTY27JUN23000CE,0.0,0.0,0.0,2530.05,0.0,2530.05,23851.65,4759.3,0,0,0,0.0,0,F1,75,,,,,
2025-04-17,2025-04-17,FO,NSE,IDO,71564,,NIFTY,,2027-06-24,2027-06-24,26000.0,CE,NIFTY27JUN26000CE,0.0,0.0,0.0,1900.85,0.0,1900.85,23851.65,3105.6,0,0,0,0.0,0,F1,75,,,,,
2025-04-17,2025-04-17,FO,NSE,IDO,86161,,NIFTY,,2028-06-29,2028-06-29,26000.0,CE,NIFTY28JUN26000CE,0.0,0.0,0.0,3200.9,0.0,3200.9,23851.65,4420.45,0,0,0,0.0,0,F1,75,,,,,
2025-04-17,2025-04-17,FO,NSE,IDO,67772,,NIFTY,,2028-12-28,2028-12-28,19000.0,CE,NIFTY28DEC19000CE,0.0,0.0,0.0,8739.0,0.0,8739.0,23851.65,9265.35,0,0,0,0.0,0,F1,75,,,,,
2025-04-17,2025-04-17,FO,NSE,IDO,67786,,NIFTY,,2028-12-28,2028-12-28,26000.0,CE,NIFTY28DEC26000CE,0.0,0.0,0.0,4879.7,0.0,4879.7,23851.65,5032.5,0,0,0,0.0,0,F1,75,,,,,
2025-04-17,2025-04-17,FO,NSE,IDO,89610,,NIFTY,,2029-06-28,2029-06-28,17000.0,CE,NIFTY29JUN17000CE,0.0,0.0,0.0,12333.1,0.0,12333.1,23851.65,11154.1,0,0,0,0.0,0,F1,75,,,,,
2025-04-17,2025-04-17,FO,NSE,IDO,89634,,NIFTY,,2029-06-28,2029-06-28,26000.0,CE,NIFTY29JUN26000CE,0.0,0.0,0.0,7052.2,0.0,7052.2,23851.65,5623.85,0,0,0,0.0,0,F1,75,,,,,
2025-04-17,2025-04-17,FO,NSE,IDO,48079,,NIFTY,,2025-04-17,2025-04-17,21150.0,PE,NIFTY2541721150PE,0.4,0.6,0.05,0.1,0.05,0.7,23851.65,23851.65,70725,7950,28595,45359534306.25,5541,F1,75,,,,,
2025-04-17,2025-04-17,FO,NSE,IDO,48115,,NIFTY,,2025-04-17,2025-04-17,21800.0,PE,NIFTY2541721800PE,0.75,0.8,0.05,0.1,0.05,1.2,23851.65,23851.65,727050,-1020900,151167,247161474281.25,22689,F1,75,,,,,
2025-04-17,2025-04-17,FO,NSE,IDO,48117,,NIFTY,,2025-04-17,2025-04-17,21850.0,PE,NIFTY2541721850PE,0.55,0.8,0.05,0.1,0.05,1.2,23851.65,23851.65,141600,-160875,57717,94585389825.0,10426,F1,75,,,,,
2025-04-17,2025-04-17,FO,NSE,IDO,48177,,NIFTY,,2025-04-17,2025-04-17,22500.0,PE,NIFTY2541722500PE,1.1,1.25,0.05,0.1,0.05,2.55,23851.65,23851.65,5791200,-1804350,1550968,2617315652493.75,249203,F1,75,,,,,
2025-04-17,2025-04-17,FO,NSE,IDO,48268,,NIFTY,,2025-04-17,2025-04-17,23550.0,PE,NIFTY2541723550PE,210.0,274.4,0.05,0.25,0.1,198.25,23851.65,23851.65,3680025,3492075,3377314,5972913381840.0,1148196,F1,75,,,,,
2025-04-17,2025-04-17,FO,NSE,IDO,48272,,NIFTY,,2025-04-17,2025-04-17,23600.0,PE,NIFTY2541723600PE,240.6,322.95,0.05,0.35,0.1,240.55,23851.65,23851.65,5703975,5457900,5393744,9559469423535.0,1744188,F1,75,,,,,
2025-04-17,2025-04-17,FO,NSE,IDO,48295,,NIFTY,,2025-04-17,2025-04-17,23900.0,PE,NIFTY2541723900PE,560.45,616.9,31.2,48.2,48.2,520.5,23851.65,23851.65,3523800,3504900,2506117,4504638725385.0,1218612,F1,75,,,,,
2025-04-17,2025-04-17,FO,NSE,IDO,48336,,NIFTY,,2025-04-17,2025-04-17,24450.0,PE,NIFTY2541724450PE,1086.3,1169.1,591.1,607.8,607.8,1076.0,23851.65,23851.65,675,450,30,56829191.25,27,F1,75,,,,,
2025-04-17,2025-04-17,FO,NSE,IDO,79230,,NIFTY,,2025-04-24,2025-04-24,21000.0,PE,NIFTY25APR21000PE,4.5,4.5,2.65,3.0,2.8,4.4,23851.65,3.0,7116900,1620525,151696,238957417916.25,43764,F1,75,,,,,
2025-04-17,2025-04-17,FO,NSE,IDO,79290,,NIFTY,,2025-04-24,2025-04-24,22050.0,PE,NIFTY25APR22050PE,10.4,11.5,8.05,9.35,8.5,12.25,23851.65,9.35,219150,97650,14310,23675218807.5,9189,F1,75,,,,,
2025-04-17,2025-04-17,FO,NSE,IDO,79298,,NIFTY,,2025-04-24,2025-04-24,22150.0,PE,NIFTY25APR22150PE,15.1,15.1,8.65,10.45,9.5,14.2,23851.65,10.45,203850,11700,16546,27500242860.0,9625,F1,75,,,,,
2025-04-17,2025-04-17,FO,NSE,IDO,79381,,NIFTY,,2025-04-24,2025-04-24,22250.0,PE,NIFTY25APR22250PE,17.5,17.5,10.4,11.75,11.55,16.55,23851.65,11.75,190050,59925,15602,26050242768.75,9485,F1,75,,,,,
2025-04-17,2025-04-17,FO,NSE,IDO,79439,,NIFTY,,2025-04-24,2025-04-24,23150.0,PE,NIFTY25APR23150PE,96.55,125.0,36.25,42.45,39.05,104.4,23851.65,42.45,471525,100800,65784,114596283757.5,44317,F1,75,,,,,
2025-04-17,2025-04-17,FO,NSE,IDO,79445,,NIFTY,,2025-04-24,2025-04-24,23300.0,PE,NIFTY25APR23300PE,160.0,183.55,49.55,56.45,52.95,151.25,23851.65,56.45,4504125,1015575,385955,677595357221.25,219285,F1,75,,,,,
2025-04-17,2025-04-17,FO,NSE,IDO,79639,,NIFTY,,2025-04-24,2025-04-24,24450.0,PE,NIFTY25APR24450PE,1083.0,1083.0,968.0,968.0,968.0,1031.3,23851.65,615.7,3600,0,4,7650671.25,4,F1,75,,,,,
2025-04-17,2025-04-17,FO,NSE,IDO,79740,,NIFTY,,2025-04-24,2025-04-24,25300.0,PE,NIFTY25APR25300PE,1894.1,1938.1,1445.5,1445.5,1445.5,1866.5,23851.65,1418.25,6975,975,26,52716401.25,19,F1,75,,,,,
2025-04-17,2025-04-17,FO,NSE,IDO,51771,,NIFTY,,2025-04-30,2025-04-30,20600.0,PE,NIFTY2543020600PE,7.45,10.05,4.35,8.7,9.15,6.75,23851.65,8.7,13425,3300,2807,4338399296.25,2039,F1,75,,,,,
2025-04-17,2025-04-17,FO,NSE,IDO,51787,,NIFTY,,2025-04-30,2025-04-30,20850.0,PE,NIFTY2543020850PE,0.0,0.0,0.0,6.35,0.0,6.35,23851.65,0.0,0,0,0,0.0,0,F1,75,,,,,
2025-04-17,2025-04-17,FO,NSE,IDO,51799,,NIFTY,,2025-04-30,2025-04-30,21050.0,PE,NIFTY2543021050PE,13.45,13.45,7.4,11.8,12.55,12.25,23851.65,11.8,2625,-3375,103,162683771.25,75,F1,75,,,,,
2025-04-17,2025-04-17,FO,NSE,IDO,51811,,NIFTY,,2025-04-30,2025-04-30,21200.0,PE,NIFTY2543021200PE,9.6,12.95,7.25,12.1,11.95,11.45,23851.65,12.1,66825,-74400,7094,11285074125.0,4541,F1,75,,,,,
2025-04-17,2025-04-17,FO,NSE,IDO,51821,,NIFTY,,2025-04-30,2025-04-30,21300.0,PE,NIFTY2543021300PE,12.75,13.7,9.25,12.4,12.5,12.55,23851.65,12.4,21075,12450,971,1551993360.0,748,F1,75,,,,,
2025-04-17,2025-04-17,FO,NSE,IDO,51832,,NIFTY,,2025-04-30,2025-04-30,21550.0,PE,NIFTY2543021550PE,13.25,15.5,11.2,14.1,13.8,17.9,23851.65,14.1,6075,-1200,208,336389058.75,113,F1,75,,,,,
2025-04-17,2025-04-17,FO,NSE,IDO,51847,,NIFTY,,2025-04-30,2025-04-30,21900.0,PE,NIFTY2543021900PE,18.0,24.25,15.15,18.0,16.35,23.65,23851.65,18.0,143775,96750,6263,10295388611.25,3596,F1,75,,,,,
2025-04-17,2025-04-17,FO,NSE,IDO,51867,,NIFTY,,2025-04-30,2025-04-30,22250.0,PE,NIFTY2543022250PE,35.5,37.75,18.1,20.6,21.65,35.95,23851.65,20.6,16800,7125,515,860375565.0,215,F1,75,,,,,
2025-04-17,2025-04-17,FO,NSE,IDO,51943,,NIFTY,,2025-04-30,2025-04-30,23350.0,PE,NIFTY2543023350PE,234.0,260.0,92.6,100.8,100.65,221.95,23851.65,100.8,80250,27600,7638,13480332281.25,5128,F1,75,,,,,
2025-04-17,2025-04-17,FO,NSE,IDO,51958,,NIFTY,,2025-04-30,2025-04-30,23650.0,PE,NIFTY2543023650PE,381.0,422.65,157.2,172.9,173.0,367.65,23851.65,172.9,59550,49575,3484,6239204163.75,2406,F1,75,,,,,
2025-04-17,2025-04-17,FO,NSE,IDO,52037,,NIFTY,,2025-04-30,2025-04-30,24800.0,PE,NIFTY2543024800PE,969.0,969.0,968.6,968.65,968.65,1420.0,23851.65,968.65,750,300,4,7730613.75,3,F1,75,,,,,
2025-04-17,2025-04-17,FO,NSE,IDO,52044,,NIFTY,,2025-04-30,2025-04-30,24950.0,PE,NIFTY2543024950PE,1113.4,1113.4,1084.25,1084.25,1084.25,1561.25,23851.65,1074.35,150,75,3,5861700.0,3,F1,75,,,,,
2025-04-17,2025-04-17,FO,NSE,IDO,52083,,NIFTY,,2025-04-30,2025-04-30,25350.0,PE,NIFTY2543025350PE,1502.05,1502.05,1502.05,1502.05,1502.05,2380.25,23851.65,1450.45,150,75,1,2013903.75,1,F1,75,,,,,
2025-04-17,2025-04-17,FO,NSE,IDO,38413,,NIFTY,,2025-05-08,2025-05-08,20500.0,PE,NIFTY2550820500PE,14.0,19.6,9.6,12.35,12.0,14.2,23851.65,12.35,17100,1125,427,656915583.75,186,F1,75,,,,,
2025-04-17,2025-04-17,FO,NSE,IDO,38441,,NIFTY,,2025-05-08,2025-05-08,21200.0,PE,NIFTY2550821200PE,0.0,0.0,0.0,8.85,0.0,8.85,23851.65,0.4,0,0,0,0.0,0,F1,75,,,,,
2025-04-17,2025-04-17,FO,NSE,IDO,38447,,NIFTY,,2025-05-08,2025-05-08,21350.0,PE,NIFTY2550821350PE,0.0,0.0,0.0,12.95,0.0,12.95,23851.65,0.7,0,0,0,0.0,0,F1,75,,,,,
2025-04-17,2025-04-17,FO,NSE,IDO,38467,,NIFTY,,2025-05-08,2025-05-08,21850.0,PE,NIFTY2550821850PE,0.0,0.0,0.0,39.3,39.3,39.3,23851.65,4.15,825,0,0,0.0,0,F1,75,,,,,
2025-04-17,2025-04-17,FO,NSE,IDO,38543,,NIFTY,,2025-05-08,2025-05-08,23300.0,PE,NIFTY2550823300PE,262.5,294.85,122.85,138.0,133.4,256.1,23851.65,138.0,81375,7800,3021,5320957271.25,2097,F1,75,,,,,
2025-04-17,2025-04-17,FO,NSE,IDO,46067,,NIFTY,,2025-05-15,2025-05-15,20650.0,PE,NIFTY2551520650PE,20.0,24.9,15.0,19.4,17.1,19.85,23851.65,19.4,4275,-750,85,131761312.5,41,F1,75,,,,,
2025-04-17,2025-04-17,FO,NSE,IDO,46091,,NIFTY,,2025-05-15,2025-05-15,21000.0,PE,NIFTY2551521000PE,25.9,33.65,18.05,22.35,22.2,25.9,23851.65,22.35,10800,4800,162,255444446.25,90,F1,75,,,,,
2025-04-17,2025-04-17,FO,NSE,IDO,46141,,NIFTY,,2025-05-15,2025-05-15,22000.0,PE,NIFTY2551522000PE,66.0,72.45,38.0,41.35,39.0,68.7,23851.65,41.35,15900,10050,369,610210642.5,183,F1,75,,,,,
2025-04-17,2025-04-17,FO,NSE,IDO,46147,,NIFTY,,2025-05-15,2025-05-15,22100.0,PE,NIFTY2551522100PE,0.0,0.0,0.0,267.0,0.0,267.0,23851.65,18.85,0,0,0,0.0,0,F1,75,,,,,
2025-04-17,2025-04-17,FO,NSE,IDO,46157,,NIFTY,,2025-05-15,2025-05-15,22350.0,PE,NIFTY2551522350PE,53.7,54.2,53.7,54.2,54.2,366.35,23851.65,33.25,1125,1125,15,25204432.5,5,F1,75,,,,,
2025-04-17,2025-04-17,FO,NSE,IDO,46175,,NIFTY,,2025-05-15,2025-05-15,22750.0,PE,NIFTY2551522750PE,0.0,0.0,0.0,569.45,0.0,569.45,23851.65,74.4,0,0,0,0.0,0,F1,75,,,,,
2025-04-17,2025-04-17,FO,NSE,IDO,46205,,NIFTY,,2025-05-15,2025-05-15,23250.0,PE,NIFTY2551523250PE,0.0,0.0,0.0,373.95,373.95,373.95,23851.65,174.15,75,0,0,0.0,0,F1,75,,,,,
2025-04-17,2025-04-17,FO,NSE,IDO,46233,,NIFTY,,2025-05-15,2025-05-15,23850.0,PE,NIFTY2551523850PE,403.15,415.0,320.0,358.1,354.55,1377.5,23851.65,358.1,975,975,22,39976458.75,17,F1,75,,,,,
2025-04-17,2025-04-17,FO,NSE,IDO,46263,,NIFTY,,2025-05-15,2025-05-15,24300.0,PE,NIFTY2551524300PE,0.0,0.0,0.0,1780.75,0.0,1780.75,23851.65,634.6,0,0,0,0.0,0,F1,75,,,,,
2025-04-17,2025-04-17,FO,NSE,IDO,46299,,NIFTY,,2025-05-15,2025-05-15,25150.0,PE,NIFTY2551525150PE,0.0,0.0,0.0,2593.8,0.0,2593.8,23851.65,1266.4,0,0,0,0.0,0,F1,75,,,,,
2025-04-17,2025-04-17,FO,NSE,IDO,61466,,NIFTY,,2025-05-29,2025-05-29,21650.0,PE,NIFTY25MAY21650PE,76.25,76.65,52.6,57.9,56.0,77.15,23851.65,57.9,8325,300,138,224748708.75,61,F1,75,,,,,
2025-04-17,2025-04-17,FO,NSE,IDO,61496,,NIFTY,,2025-05-29,2025-05-29,22250.0,PE,NIFTY25MAY22250PE,133.9,137.8,85.65,92.75,89.55,134.0,23851.65,92.75,6750,1800,152,254920338.75,74,F1,75,,,,,
2025-04-17,2025-04-17,FO,NSE,IDO,61502,,NIFTY,,2025-05-29,2025-05-29,22400.0,PE,NIFTY25MAY22400PE,158.75,167.95,97.85,106.1,101.25,157.65,23851.65,106.1,204450,-9150,6945,11735400881.25,4086,F1,75,,,,,
2025-04-17,2025-04-17,FO,NSE,IDO,61518,,NIFTY,,2025-05-29,2025-05-29,22800.0,PE,NIFTY25MAY22800PE,235.0,250.85,144.65,154.5,154.15,231.15,23851.65,154.5,571800,311700,15357,26474783880.0,10408,F1,75,,,,,
2025-04-17,2025-04-17,FO,NSE,IDO,61558,,NIFTY,,2025-05-29,2025-05-29,23800.0,PE,NIFTY25MAY23800PE,605.45,642.45,369.7,383.75,379.2,594.9,23851.65,383.75,289275,215700,9600,17440892880.0,6315,F1,75,,,,,
2025-04-17,2025-04-17,FO,NSE,IDO,61690,,NIFTY,,2025-05-29,2025-05-29,24650.0,PE,NIFTY25MAY24650PE,873.55,873.55,873.55,873.55,873.55,1221.7,23851.65,912.1,825,0,1,1914266.25,1,F1,75,,,,,
2025-04-17,2025-04-17,FO,NSE,IDO,61756,,NIFTY,,2025-05-29,2025-05-29,25000.0,PE,NIFTY25MAY25000PE,1500.0,1560.0,1091.7,1109.6,1100.4,1469.05,23851.65,1109.6,462825,160500,3516,6922396068.75,2452,F1,75,,,,,
2025-04-17,2025-04-17,FO,NSE,IDO,61760,,NIFTY,,2025-05-29,2025-05-29,25100.0,PE,NIFTY25MAY25100PE,1485.0,1485.0,1240.6,1240.6,1240.6,1567.4,23851.65,1239.1,450,225,3,5963295.0,2,F1,75,,,,,
2025-04-17,2025-04-17,FO,NSE,IDO,61762,,NIFTY,,2025-05-29,2025-05-29,25150.0,PE,NIFTY25MAY25150PE,1313.75,1313.75,1313.75,1313.75,1313.75,1592.7,23851.65,1278.1,225,0,1,1984781.25,1,F1,75,,,,,
2025-04-17,2025-04-17,FO,NSE,IDO,58619,,NIFTY,,2025-06-26,2025-06-26,22000.0,PE,NIFTY25JUN22000PE,179.95,189.0,125.6,133.75,134.7,179.15,23851.65,133.75,1659650,96850,12929,21479716743.75,7514,F1,75,,,,,
2025-04-17,2025-04-17,FO,NSE,IDO,62206,,NIFTY,,2025-06-26,2025-06-26,22650.0,PE,NIFTY25JUN22650PE,288.3,288.3,201.6,201.6,201.6,322.0,23851.65,184.15,2475,0,2,3434242.5,2,F1,75,,,,,
2025-04-17,2025-04-17,FO,NSE,IDO,62210,,NIFTY,,2025-06-26,2025-06-26,22750.0,PE,NIFTY25JUN22750PE,241.1,241.1,241.1,241.1,241.1,314.4,23851.65,205.05,1800,-150,4,6897330.0,2,F1,75,,,,,
2025-04-17,2025-04-17,FO,NSE,IDO,37794,,NIFTY,,2025-06-26,2025-06-26,23000.0,PE,NIFTY25JUN23000PE,380.3,397.8,257.0,267.8,267.0,369.35,23851.65,267.8,1991075,-875,14209,24838635041.25,8860,F1,75,,,,,
2025-04-17,2025-04-17,FO,NSE,IDO,62366,,NIFTY,,2025-06-26,2025-06-26,24300.0,PE,NIFTY25JUN24300PE,700.0,700.0,700.0,700.0,700.0,980.0,23851.65,781.15,150,0,1,1875000.0,1,F1,75,,,,,
2025-04-17,2025-04-17,FO,NSE,IDO,62376,,NIFTY,,2025-06-26,2025-06-26,24500.0,PE,NIFTY25JUN24500PE,1085.0,1120.0,768.55,786.45,790.3,1059.2,23851.65,786.45,311100,177300,3517,6713562337.5,3280,F1,75,,,,,
2025-04-17,2025-04-17,FO,NSE,IDO,62382,,NIFTY,,2025-06-26,2025-06-26,24650.0,PE,NIFTY25JUN24650PE,0.0,0.0,0.0,1542.25,1542.25,1542.25,23851.65,982.4,75,0,0,0.0,0,F1,75,,,,,
2025-04-17,2025-04-17,FO,NSE,IDO,62396,,NIFTY,,2025-06-26,2025-06-26,24900.0,PE,NIFTY25JUN24900PE,0.0,0.0,0.0,1422.4,1422.4,1422.4,23851.65,1141.55,75,0,0,0.0,0,F1,75,,,,,
2025-04-17,2025-04-17,FO,NSE,IDO,38151,,NIFTY,,2025-06-26,2025-06-26,29000.0,PE,NIFTY25JUN29000PE,5300.0,5300.0,4802.3,4832.25,4841.95,5217.35,23851.65,4832.25,239625,3525,956,2432510838.75,923,F1,75,,,,,
2025-04-17,2025-04-17,FO,NSE,IDO,71403,,NIFTY,,2025-12-24,2025-12-24,26000.0,PE,NIFTY25DEC26000PE,1959.0,1975.0,1668.6,1680.5,1694.55,1918.15,23851.65,1680.5,265350,9375,435,904224888.75,228,F1,75,,,,,
2025-04-17,2025-04-17,FO,NSE,IDO,50972,,NIFTY,,2025-12-24,2025-12-24,27000.0,PE,NIFTY25DEC27000PE,2700.0,2700.0,2356.8,2373.1,2370.0,2639.9,23851.65,2373.1,252225,200,51,112513155.0,51,F1,75,,,,,
2025-04-17,2025-04-17,FO,NSE,IDO,62933,,NIFTY,,2026-03-26,2026-03-26,28000.0,PE,NIFTY26MAR28000PE,0.0,0.0,0.0,3078.95,0.0,3078.95,23851.65,3134.4,0,0,0,0.0,0,F1,75,,,,,
2025-04-17,2025-04-17,FO,NSE,IDO,58629,,NIFTY,,2026-12-31,2026-12-31,12000.0,PE,NIFTY26DEC12000PE,0.0,0.0,0.0,20.05,20.05,20.05,23851.65,0.15,1100,0,0,0.0,0,F1,75,,,,,
2025-04-17,2025-04-17,FO,NSE,IDO,58635,,NIFTY,,2026-12-31,2026-12-31,15000.0,PE,NIFTY26DEC15000PE,0.0,0.0,0.0,25.05,25.05,25.05,23851.65,5.75,1400,0,0,0.0,0,F1,75,,,,,
2025-04-17,2025-04-17,FO,NSE,IDO,71548,,NIFTY,,2027-06-24,2027-06-24,18000.0,PE,NIFTY27JUN18000PE,0.0,0.0,0.0,48.55,48.55,48.55,23851.65,87.4,25,0,0,0.0,0,F1,75,,,,,
2025-04-17,2025-04-17,FO,NSE,IDO,71557,,NIFTY,,2027-06-24,2027-06-24,22000.0,PE,NIFTY27JUN22000PE,0.0,0.0,0.0,3995.4,0.0,3995.4,23851.65,527.95,0,0,0,0.0,0,F1,75,,,,,
2025-04-17,2025-04-17,FO,NSE,IDO,53625,,NIFTY,,2027-12-30,2027-12-30,24000.0,PE,NIFTY27DEC24000PE,0.0,0.0,0.0,860.05,860.05,860.05,23851.65,975.0,825,0,0,0.0,0,F1,75,,,,,
2025-04-17,2025-04-17,FO,NSE,IDO,86164,,NIFTY,,2028-06-29,2028-06-29,27000.0,PE,NIFTY28JUN27000PE,0.0,0.0,0.0,2752.35,0.0,2752.35,23851.65,1828.0,0,0,0,0.0,0,F1,75,,,,,
2025-04-17,2025-04-17,FO,NSE,IDO,67789,,NIFTY,,2028-12-28,2028-12-28,27000.0,PE,NIFTY28DEC27000PE,0.0,0.0,0.0,1413.85,0.0,1413.85,23851.65,1712.5,0,0,0,0.0,0,F1,75,,,,,
2025-04-17,2025-04-17,FO,NSE,IDO,89623,,NIFTY,,2029-06-28,2029-06-28,20000.0,PE,NIFTY29JUN20000PE,0.0,0.0,0.0,236.95,0.0,236.95,23851.65,286.8,0,0,0,0.0,0,F1,75,,,,,
2025-04-17,2025-04-17,FO,NSE,IDO,89625,,NIFTY,,2029-06-28,2029-06-28,21000.0,PE,NIFTY29JUN21000PE,0.0,0.0,0.0,320.25,0.0,320.25,23851.65,393.4,0,0,0,0.0,0,F1,75,,,,,
2025-04-17,2025-04-17,FO,NSE,IDO,89631,,NIFTY,,2029-06-28,2029-06-28,24000.0,PE,NIFTY29JUN24000PE,0.0,0.0,0.0,694.05,694.05,694.05,23851.65,868.95,25,0,0,0.0,0,F1,75,,,,,
2025-04-17,2025-04-17,FO,NSE,IDO,61391,,NIFTY,,2029-12-27,2029-12-27,18000.0,PE,NIFTY29DEC18000PE,0.0,0.0,0.0,96.5,0.0,96.5,23851.65,142.0,0,0,0,0.0,0,F1,75,,,,,
2025-04-17,2025-04-17,FO,NSE,IDO,61660,,NIFTY,,2029-12-27,2029-12-27,21000.0,PE,NIFTY29DEC21000PE,0.0,0.0,0.0,278.8,0.0,278.8,23851.65,386.55,0,0,0,0.0,0,F1,75,,,,,
2025-04-17,2025-04-17,FO,NSE,IDO,79415,,NIFTY,,2025-04-24,2025-04-24,22850.0,CE,NIFTY25APR22850CE,604.95,1040.85,534.95,1019.05,1015.2,627.7,23851.65,1019.05,74475,-9675,337,597010788.75,239,F1,75,,,,,
2025-04-17,2025-04-17,FO,NSE,IDO,79390,,NIFTY,,2025-04-24,2025-04-24,22450.0,CE,NIFTY25APR22450CE,966.65,1417.9,894.3,1406.8,1417.9,991.8,23851.65,1406.8,96600,-4725,156,276722351.25,83,F1,75,,,,,
2025-04-17,2025-04-17,FO,NSE,IDO,79260,,NIFTY,,2025-04-24,2025-04-24,21600.0,CE,NIFTY25APR21600CE,1804.7,2261.4,1785.0,2261.4,2261.4,1832.25,23851.65,2261.4,41700,14700,338,599053095.0,172,F1,75,,,,,
2025-04-17,2025-04-17,FO,NSE,IDO,48376,,NIFTY,,2025-04-17,2025-04-17,24900.0,CE,NIFTY2541724900CE,0.4,0.8,0.05,0.1,0.05,0.55,23851.65,23851.65,381675,-47775,146059,272768359068.75,25658,F1,75,,,,,
2025-04-17,2025-04-17,FO,NSE,IDO,48343,,NIFTY,,2025-04-17,2025-04-17,24650.0,CE,NIFTY2541724650CE,0.4,0.9,0.05,0.15,0.05,0.6,23851.65,23851.65,449850,33450,182607,337599073331.25,28774,F1,75,,,,,
2025-04-17,2025-04-17,FO,NSE,IDO,48289,,NIFTY,,2025-04-17,2025-04-17,23800.0,CE,NIFTY2541723800CE,4.25,75.6,1.1,52.6,51.5,7.95,23851.65,23851.65,7627425,628575,14144689,25275258368572.5,4918422,F1,75,,,,,
2025-04-17,2025-04-17,FO,NSE,IDO,48259,,NIFTY,,2025-04-17,2025-04-17,23450.0,CE,NIFTY2541723450CE,48.95,423.6,10.4,402.95,402.7,56.8,23851.65,23851.65,6296475,1589400,5028850,8863627077018.75,2188447,F1,75,,,,,
2025-04-17,2025-04-17,FO,NSE,IDO,48180,,NIFTY,,2025-04-17,2025-04-17,22600.0,CE,NIFTY2541722600CE,763.3,1267.55,681.45,1251.15,1251.95,784.3,23851.65,23851.65,395025,-132375,3674,6484692405.0,1973,F1,75,,,,,
2025-04-17,2025-04-17,FO,NSE,IDO,48170,,NIFTY,,2025-04-17,2025-04-17,22400.0,CE,NIFTY2541722400CE,998.05,1468.0,885.5,1450.1,1450.5,988.15,23851.65,23851.65,908250,-326625,6934,12242195685.0,5471,F1,75,,,,,
2025-04-17,2025-04-17,FO,NSE,IDO,48130,,NIFTY,,2025-04-17,2025-04-17,22100.0,CE,NIFTY2541722100CE,1263.45,1762.25,1190.0,1750.3,1755.6,1282.2,23851.65,23851.65,117975,-21150,488,859605626.25,394,F1,75,,,,,
2025-04-17,2025-04-17,FO,NSE,IDO,48114,,NIFTY,,2025-04-17,2025-04-17,21800.0,CE,NIFTY2541721800CE,1563.15,2065.0,1491.0,2051.65,2052.15,1581.35,23851.65,23851.65,59175,-12450,277,489473328.75,178,F1,75,,,,,
2025-04-17,2025-04-17,FO,NSE,IDO,48110,,NIFTY,,2025-04-17,2025-04-17,21700.0,CE,NIFTY2541721700CE,1664.4,2119.1,1661.7,2119.1,2119.1,1700.0,23851.65,23851.65,29100,-450,40,70561586.25,12,F1,75,,,,,
2025-04-17,2025-04-17,FO,NSE,IDO,48104,,NIFTY,,2025-04-17,2025-04-17,21550.0,CE,NIFTY2541721550CE,2300.0,2300.0,2300.0,2300.0,2300.0,1761.3,23851.65,23851.65,14550,-1575,21,37563750.0,10,F1,75,,,,,
2025-04-17,2025-04-17,FO,NSE,IDO,48090,,NIFTY,,2025-04-17,2025-04-17,21250.0,CE,NIFTY2541721250CE,2090.9,2606.85,2059.35,2603.85,2603.85,1229.7,23851.65,23851.65,18075,-150,14,24968351.25,14,F1,75,,,,,
2025-04-17,2025-04-17,FO,NSE,IDO,47994,,NIFTY,,2025-04-17,2025-04-17,20500.0,CE,NIFTY2541720500CE,3262.25,3262.25,3262.25,3262.25,3262.25,2826.5,23851.65,23851.65,375,0,1,1782168.75,1,F1,75,,,,,
2025-04-17,2025-04-17,FO,NSE,IDO,79396,,NIFTY,,2025-04-24,2025-04-24,22600.0,CE,NIFTY25APR22600CE,834.2,1285.0,760.2,1260.45,1260.55,850.95,23851.65,1260.45,506550,-44700,1875,3332628862.5,1166,F1,75,,,,,
2025-04-17,2025-04-17,FO,NSE,IDO,79438,,NIFTY,,2025-04-24,2025-04-24,23150.0,CE,NIFTY25APR23150CE,340.05,755.3,301.6,739.05,737.0,383.55,23851.65,739.05,112125,-900,4178,7386022980.0,3260,F1,75,,,,,
2025-04-17,2025-04-17,FO,NSE,IDO,48020,,NIFTY,,2025-04-17,2025-04-17,20750.0,CE,NIFTY2541720750CE,0.0,0.0,0.0,1718.55,1718.65,1718.55,23851.65,23851.65,600,0,0,0.0,0,F1,75,,,,,
2025-04-17,2025-04-17,FO,NSE,IDO,48054,,NIFTY,,2025-04-17,2025-04-17,21000.0,CE,NIFTY2541721000CE,2350.0,2866.0,2290.0,2851.45,2853.45,2392.8,23851.65,23851.65,47850,-13875,218,386126707.5,159,F1,75,,,,,
2025-04-17,2025-04-17,FO,NSE,IDO,48277,,NIFTY,,2025-04-17,2025-04-17,23650.0,CE,NIFTY2541723650CE,9.0,224.0,2.45,202.8,201.75,18.75,23851.65,23851.65,1115550,-1010100,5458905,9699931057548.75,2122183,F1,75,,,,,
2025-04-17,2025-04-17,FO,NSE,IDO,48389,,NIFTY,,2025-04-17,2025-04-17,24950.0,CE,NIFTY2541724950CE,0.4,0.8,0.05,0.15,0.05,0.55,23851.65,23851.65,323250,163050,124277,232555919355.0,19028,F1,75,,,,,
2025-04-17,2025-04-17,FO,NSE,IDO,48399,,NIFTY,,2025-04-17,2025-04-17,25050.0,CE,NIFTY2541725050CE,0.45,0.7,0.05,0.1,0.05,0.55,23851.65,23851.65,298275,85200,70395,132256256265.0,12940,F1,75,,,,,
2025-04-17,2025-04-17,FO,NSE,IDO,48407,,NIFTY,,2025-04-17,2025-04-17,25150.0,CE,NIFTY2541725150CE,0.45,0.7,0.05,0.1,0.05,0.5,23851.65,23851.65,316800,134475,71031,133983787500.0,11007,F1,75,,,,,
2025-04-17,2025-04-17,FO,NSE,IDO,79227,,NIFTY,,2025-04-24,2025-04-24,20950.0,CE,NIFTY25APR20950CE,2910.8,2910.8,2901.15,2906.0,2901.15,1983.8,23851.65,2906.0,1575,150,2,3578396.25,2,F1,75,,,,,
2025-04-17,2025-04-17,FO,NSE,IDO,79370,,NIFTY,,2025-04-24,2025-04-24,22200.0,CE,NIFTY25APR22200CE,1218.7,1672.65,1150.0,1654.45,1672.65,1251.2,23851.65,1654.45,208950,-21825,467,824013375.0,209,F1,75,,,,,
2025-04-17,2025-04-17,FO,NSE,IDO,79386,,NIFTY,,2025-04-24,2025-04-24,22400.0,CE,NIFTY25APR22400CE,1019.95,1482.2,950.0,1460.2,1467.65,1052.8,23851.65,1460.2,573300,-22050,1150,2038714080.0,805,F1,75,,,,,
2025-04-17,2025-04-17,FO,NSE,IDO,79392,,NIFTY,,2025-04-24,2025-04-24,22500.0,CE,NIFTY25APR22500CE,906.35,1383.9,850.15,1359.4,1367.6,955.6,23851.65,1359.4,1710525,-241575,9189,16276092630.0,5946,F1,75,,,,,
2025-04-17,2025-04-17,FO,NSE,IDO,79638,,NIFTY,,2025-04-24,2025-04-24,24450.0,CE,NIFTY25APR24450CE,9.05,27.4,5.1,24.15,25.95,9.05,23851.65,24.15,348525,82875,68935,126501874320.0,37441,F1,75,,,,,
2025-04-17,2025-04-17,FO,NSE,IDO,51760,,NIFTY,,2025-04-30,2025-04-30,20400.0,CE,NIFTY2543020400CE,0.0,0.0,0.0,2957.5,0.0,2957.5,23851.65,3498.85,0,0,0,0.0,0,F1,75,,,,,
2025-04-17,2025-04-17,FO,NSE,IDO,51773,,NIFTY,,2025-04-30,2025-04-30,20650.0,CE,NIFTY2543020650CE,0.0,0.0,0.0,2711.4,0.0,2711.4,23851.65,3249.4,0,0,0,0.0,0,F1,75,,,,,
2025-04-17,2025-04-17,FO,NSE,IDO,51837,,NIFTY,,2025-04-30,2025-04-30,21700.0,CE,NIFTY2543021700CE,2157.8,2157.8,2157.8,2157.8,2157.8,1691.75,23851.65,2202.1,2400,0,1,1789335.0,1,F1,75,,,,,
2025-04-17,2025-04-17,FO,NSE,IDO,51846,,NIFTY,,2025-04-30,2025-04-30,21900.0,CE,NIFTY2543021900CE,1956.9,1956.9,1956.9,1956.9,1956.9,1499.35,23851.65,2003.05,1050,75,1,1789267.5,1,F1,75,,,,,
2025-04-17,2025-04-17,FO,NSE,IDO,51866,,NIFTY,,2025-04-30,2025-04-30,22250.0,CE,NIFTY2543022250CE,1613.85,1614.9,1613.25,1613.4,1613.4,1160.5,23851.65,1656.4,450,-300,4,7159155.0,4,F1,75,,,,,
2025-04-17,2025-04-17,FO,NSE,IDO,51880,,NIFTY,,2025-04-30,2025-04-30,22450.0,CE,NIFTY2543022450CE,1227.45,1227.45,1219.05,1219.15,1219.15,982.25,23851.65,1460.75,9525,-225,8,14202082.5,5,F1,75,,,,,
2025-04-17,2025-04-17,FO,NSE,IDO,51890,,NIFTY,,2025-04-30,2025-04-30,22600.0,CE,NIFTY2543022600CE,875.0,1308.15,840.0,1281.45,1308.15,912.3,23851.65,1281.45,14550,-3900,157,278991416.25,104,F1,75,,,,,
2025-04-17,2025-04-17,FO,NSE,IDO,51916,,NIFTY,,2025-04-30,2025-04-30,23000.0,CE,NIFTY2543023000CE,537.05,940.95,497.8,919.05,913.95,576.4,23851.65,919.05,322575,-48375,8117,14420365200.0,4684,F1,75,,,,,
2025-04-17,2025-04-17,FO,NSE,IDO,51944,,NIFTY,,2025-04-30,2025-04-30,23400.0,CE,NIFTY2543023400CE,280.0,595.7,246.45,581.5,584.9,303.35,23851.65,581.5,327675,-79950,31252,55702899315.0,20260,F1,75,,,,,
2025-04-17,2025-04-17,FO,NSE,IDO,51994,,NIFTY,,2025-04-30,2025-04-30,24300.0,CE,NIFTY2543024300CE,35.5,97.25,23.55,86.75,87.35,34.25,23851.65,86.75,403575,202125,34419,62907176145.0,22365,F1,75,,,,,
2025-04-17,2025-04-17,FO,NSE,IDO,52066,,NIFTY,,2025-04-30,2025-04-30,25250.0,CE,NIFTY2543025250CE,4.0,14.7,3.85,13.05,10.15,4.8,23851.65,13.05,16350,6075,373,706615605.0,160,F1,75,,,,,
2025-04-17,2025-04-17,FO,NSE,IDO,38428,,NIFTY,,2025-05-08,2025-05-08,20900.0,CE,NIFTY2550820900CE,0.0,0.0,0.0,2495.6,0.0,2495.6,23851.65,3029.8,0,0,0,0.0,0,F1,75,,,,,
2025-04-17,2025-04-17,FO,NSE,IDO,38430,,NIFTY,,2025-05-08,2025-05-08,20950.0,CE,NIFTY2550820950CE,0.0,0.0,0.0,2446.55,0.0,2446.55,23851.65,2980.0,0,0,0,0.0,0,F1,75,,,,,
2025-04-17,2025-04-17,FO,NSE,IDO,38432,,NIFTY,,2025-05-08,2025-05-08,21000.0,CE,NIFTY2550821000CE,0.0,0.0,0.0,2397.55,0.0,2397.55,23851.65,2930.2,0,0,0,0.0,0,F1,75,,,,,
2025-04-17,2025-04-17,FO,NSE,IDO,38480,,NIFTY,,2025-05-08,2025-05-08,22150.0,CE,NIFTY2550822150CE,1740.9,1740.9,1740.9,1740.9,1740.9,1332.1,23851.65,1794.7,375,0,1,1791817.5,1,F1,75,,,,,
2025-04-17,2025-04-17,FO,NSE,IDO,38494,,NIFTY,,2025-05-08,2025-05-08,22500.0,CE,NIFTY2550822500CE,1170.35,1441.05,1170.35,1434.8,1434.8,955.0,23851.65,1462.3,6225,-2250,40,71706033.75,39,F1,75,,,,,
2025-04-17,2025-04-17,FO,NSE,IDO,38530,,NIFTY,,2025-05-08,2025-05-08,23100.0,CE,NIFTY2550823100CE,565.6,887.85,553.25,884.6,884.6,565.6,23851.65,938.8,6750,1200,94,168955541.25,51,F1,75,,,,,
2025-04-17,2025-04-17,FO,NSE,IDO,38600,,NIFTY,,2025-05-08,2025-05-08,24250.0,CE,NIFTY2550824250CE,81.25,177.4,74.55,140.35,146.15,50.0,23851.65,140.35,4425,3750,130,237832905.0,46,F1,75,,,,,
2025-04-17,2025-04-17,FO,NSE,IDO,38606,,NIFTY,,2025-05-08,2025-05-08,24400.0,CE,NIFTY2550824400CE,50.0,125.2,43.0,105.9,108.95,53.1,23851.65,105.9,31950,22200,1010,1856086605.0,463,F1,75,,,,,
2025-04-17,2025-04-17,FO,NSE,IDO,38640,,NIFTY,,2025-05-08,2025-05-08,25050.0,CE,NIFTY2550825050CE,24.0,47.85,13.0,38.05,46.45,17.95,23851.65,38.05,3900,2325,126,237006258.75,76,F1,75,,,,,
2025-04-17,2025-04-17,FO,NSE,IDO,38646,,NIFTY,,2025-05-08,2025-05-08,25200.0,CE,NIFTY2550825200CE,0.0,0.0,0.0,34.75,0.0,34.75,23851.65,50.35,0,0,0,0.0,0,F1,75,,,,,
2025-04-17,2025-04-17,FO,NSE,IDO,46074,,NIFTY,,2025-05-15,2025-05-15,20850.0,CE,NIFTY2551520850CE,0.0,0.0,0.0,1716.5,0.0,1716.5,23851.65,3105.85,0,0,0,0.0,0,F1,75,,,,,
2025-04-17,2025-04-17,FO,NSE,IDO,46186,,NIFTY,,2025-05-15,2025-05-15,22900.0,CE,NIFTY2551522900CE,0.0,0.0,0.0,585.0,585.0,585.0,23851.65,1163.15,225,0,0,0.0,0,F1,75,,,,,
2025-04-17,2025-04-17,FO,NSE,IDO,46189,,NIFTY,,2025-05-15,2025-05-15,22950.0,CE,NIFTY2551522950CE,0.0,0.0,0.0,290.3,0.0,290.3,23851.65,1122.25,0,0,0,0.0,0,F1,75,,,,,
2025-04-17,2025-04-17,FO,NSE,IDO,46248,,NIFTY,,2025-05-15,2025-05-15,24050.0,CE,NIFTY2551524050CE,227.75,227.75,227.75,227.75,227.75,59.65,23851.65,411.5,150,150,2,3641662.5,1,F1,75,,,,,
2025-04-17,2025-04-17,FO,NSE,IDO,46278,,NIFTY,,2025-05-15,2025-05-15,24700.0,CE,NIFTY2551524700CE,0.0,0.0,0.0,18.45,0.0,18.45,23851.65,182.0,0,0,0,0.0,0,F1,75,,,,,
2025-04-17,2025-04-17,FO,NSE,IDO,46292,,NIFTY,,2025-05-15,2025-05-15,25050.0,CE,NIFTY2551525050CE,67.5,67.5,67.5,67.5,67.5,9.1,23851.65,108.95,150,150,2,3767625.0,2,F1,75,,,,,
2025-04-17,2025-04-17,FO,NSE,IDO,61319,,NIFTY,,2025-05-29,2025-05-29,20350.0,CE,NIFTY25MAY20350CE,3585.8,3585.8,3585.8,3585.8,3585.8,3259.5,23851.65,3585.8,750,75,1,1795185.0,1,F1,75,,,,,
2025-04-17,2025-04-17,FO,NSE,IDO,61331,,NIFTY,,2025-05-29,2025-05-29,20550.0,CE,NIFTY25MAY20550CE,3416.15,3416.15,3416.15,3416.15,3416.15,2911.05,23851.65,3416.15,1050,75,1,1797461.25,1,F1,75,,,,,
2025-04-17,2025-04-17,FO,NSE,IDO,61333,,NIFTY,,2025-05-29,2025-05-29,20600.0,CE,NIFTY25MAY20600CE,3332.15,3332.15,3332.15,3332.15,3332.15,2938.25,23851.65,3413.25,1650,75,1,1794911.25,1,F1,75,,,,,
2025-04-17,2025-04-17,FO,NSE,IDO,61469,,NIFTY,,2025-05-29,2025-05-29,21750.0,CE,NIFTY25MAY21750CE,2250.85,2250.85,2250.85,2250.85,2250.85,1790.8,23851.65,2250.85,1800,75,1,1800063.75,1,F1,75,,,,,
2025-04-17,2025-04-17,FO,NSE,IDO,61483,,NIFTY,,2025-05-29,2025-05-29,21950.0,CE,NIFTY25MAY21950CE,2063.1,2063.1,2063.1,2063.1,2063.1,1610.15,23851.65,2063.1,1875,75,1,1800982.5,1,F1,75,,,,,
2025-04-17,2025-04-17,FO,NSE,IDO,61505,,NIFTY,,2025-05-29,2025-05-29,22500.0,CE,NIFTY25MAY22500CE,1175.0,1583.0,1123.2,1557.0,1553.0,1213.8,23851.65,1557.0,493500,-124725,3813,6852849341.25,2119,F1,75,,,,,
2025-04-17,2025-04-17,FO,NSE,IDO,61547,,NIFTY,,2025-05-29,2025-05-29,23550.0,CE,NIFTY25MAY23550CE,456.5,721.0,416.05,705.0,711.95,468.0,23851.65,705.0,10950,-150,492,889792650.0,373,F1,75,,,,,
2025-04-17,2025-04-17,FO,NSE,IDO,61553,,NIFTY,,2025-05-29,2025-05-29,23700.0,CE,NIFTY25MAY23700CE,366.0,632.55,342.55,603.55,619.95,391.65,23851.65,603.55,258075,62550,9320,16935942000.0,6859,F1,75,,,,,
2025-04-17,2025-04-17,FO,NSE,IDO,61555,,NIFTY,,2025-05-29,2025-05-29,23750.0,CE,NIFTY25MAY23750CE,348.0,601.9,320.0,571.75,575.4,366.75,23851.65,571.75,8400,-3300,479,870326145.0,366,F1,75,,,,,
2025-04-17,2025-04-17,FO,NSE,IDO,61621,,NIFTY,,2025-05-29,2025-05-29,23950.0,CE,NIFTY25MAY23950CE,245.7,478.45,238.9,456.15,475.35,280.95,23851.65,456.15,15075,6450,498,909944475.0,336,F1,75,,,,,
2025-04-17,2025-04-17,FO,NSE,IDO,61669,,NIFTY,,2025-05-29,2025-05-29,24150.0,CE,NIFTY25MAY24150CE,191.7,374.0,175.9,344.1,352.3,212.15,23851.65,344.1,16200,6600,312,572631506.25,219,F1,75,,,,,
2025-04-17,2025-04-17,FO,NSE,IDO,61763,,NIFTY,,2025-05-29,2025-05-29,25200.0,CE,NIFTY25MAY25200CE,28.4,67.95,24.9,61.45,63.35,30.9,23851.65,61.45,101850,31875,4862,9206322453.75,3153,F1,75,,,,,
2025-04-17,2025-04-17,FO,NSE,IDO,61771,,NIFTY,,2025-05-29,2025-05-29,25400.0,CE,NIFTY25MAY25400CE,21.7,45.25,17.75,42.5,42.9,21.2,23851.65,42.5,855750,444825,26331,50231070772.5,17034,F1,75,,,,,
2025-04-17,2025-04-17,FO,NSE,IDO,39982,,NIFTY,,2025-06-26,2025-06-26,19000.0,CE,NIFTY25JUN19000CE,4500.0,4985.0,4488.0,4958.8,4954.65,4571.35,23851.65,4958.8,214425,-900,67,119910813.75,42,F1,75,,,,,
2025-04-17,2025-04-17,FO,NSE,IDO,62265,,NIFTY,,2025-06-26,2025-06-26,23050.0,CE,NIFTY25JUN23050CE,1276.0,1276.0,1271.55,1273.8,1271.55,916.1,23851.65,1273.8,600,150,2,3648566.25,2,F1,75,,,,,
2025-04-17,2025-04-17,FO,NSE,IDO,62331,,NIFTY,,2025-06-26,2025-06-26,23550.0,CE,NIFTY25JUN23550CE,633.0,891.55,633.0,891.55,891.55,653.75,23851.65,1045.15,2025,150,2,3646841.25,2,F1,75,,,,,
2025-04-17,2025-04-17,FO,NSE,IDO,62351,,NIFTY,,2025-06-26,2025-06-26,24050.0,CE,NIFTY25JUN24050CE,480.0,587.4,480.0,587.4,587.4,396.15,23851.65,765.9,4125,-75,54,99700841.25,17,F1,75,,,,,
2025-04-17,2025-04-17,FO,NSE,IDO,48147,,NIFTY,,2025-04-17,2025-04-17,22200.0,PE,NIFTY2541722200PE,0.7,0.85,0.05,0.1,0.05,1.7,23851.65,23851.65,1418025,-1427250,346084,576239583690.0,57518,F1,75,,,,,
2025-04-17,2025-04-17,FO,NSE,IDO,48150,,NIFTY,,2025-04-17,2025-04-17,22250.0,PE,NIFTY2541722250PE,0.8,0.9,0.05,0.1,0.05,1.85,23851.65,23851.65,504300,-342375,151979,253619687576.25,30678,F1,75,,,,,
2025-04-17,2025-04-17,FO,NSE,IDO,48171,,NIFTY,,2025-04-17,2025-04-17,22400.0,PE,NIFTY2541722400PE,0.95,1.0,0.05,0.1,0.05,2.1,23851.65,23851.65,1971300,-2404200,481145,808339583445.0,80162,F1,75,,,,,
2025-04-17,2025-04-17,FO,NSE,IDO,48201,,NIFTY,,2025-04-17,2025-04-17,22850.0,PE,NIFTY2541722850PE,3.65,3.65,0.05,0.1,0.05,5.15,23851.65,23851.65,2150175,546450,1377716,2361155275113.75,271487,F1,75,,,,,
2025-04-17,2025-04-17,FO,NSE,IDO,48225,,NIFTY,,2025-04-17,2025-04-17,23100.0,PE,NIFTY2541723100PE,8.0,10.5,0.05,0.15,0.05,14.35,23851.65,23851.65,3339225,233700,3823622,6625331326125.0,747978,F1,75,,,,,
2025-04-17,2025-04-17,FO,NSE,IDO,48278,,NIFTY,,2025-04-17,2025-04-17,23650.0,PE,NIFTY2541723650PE,295.25,371.6,0.05,0.4,0.05,285.45,23851.65,23851.65,2834400,2775150,4024824,7145815526617.5,1390219,F1,75,,,,,
2025-04-17,2025-04-17,FO,NSE,IDO,48288,,NIFTY,,2025-04-17,2025-04-17,23750.0,PE,NIFTY2541723750PE,412.15,469.85,0.05,0.4,0.1,378.4,23851.65,23851.65,6051975,5980350,6205294,11060517358773.75,1828645,F1,75,,,,,
2025-04-17,2025-04-17,FO,NSE,IDO,48297,,NIFTY,,2025-04-17,2025-04-17,23950.0,PE,NIFTY2541723950PE,587.85,626.45,80.0,97.8,98.05,564.3,23851.65,23851.65,485925,483600,332024,599274036045.0,186284,F1,75,,,,,
2025-04-17,2025-04-17,FO,NSE,IDO,79246,,NIFTY,,2025-04-24,2025-04-24,21250.0,PE,NIFTY25APR21250PE,5.8,5.8,3.0,3.55,3.05,5.35,23851.65,3.55,101250,11700,6291,10028160652.5,3799,F1,75,,,,,
2025-04-17,2025-04-17,FO,NSE,IDO,79252,,NIFTY,,2025-04-24,2025-04-24,21400.0,PE,NIFTY25APR21400PE,5.5,7.5,3.4,4.2,3.75,6.1,23851.65,4.2,928800,468075,48822,78375558468.75,21508,F1,75,,,,,
2025-04-17,2025-04-17,FO,NSE,IDO,79261,,NIFTY,,2025-04-24,2025-04-24,21600.0,PE,NIFTY25APR21600PE,7.5,10.9,4.5,5.4,5.15,7.3,23851.65,5.4,764625,143400,51152,82888004823.75,25212,F1,75,,,,,
2025-04-17,2025-04-17,FO,NSE,IDO,79294,,NIFTY,,2025-04-24,2025-04-24,22100.0,PE,NIFTY25APR22100PE,12.45,12.45,8.35,9.75,9.0,13.15,23851.65,9.75,1966125,820800,75280,124833128928.75,33342,F1,75,,,,,
2025-04-17,2025-04-17,FO,NSE,IDO,79401,,NIFTY,,2025-04-24,2025-04-24,22650.0,PE,NIFTY25APR22650PE,33.1,34.3,16.4,19.5,18.0,33.0,23851.65,19.5,455250,283050,31913,54270488966.25,19579,F1,75,,,,,
2025-04-17,2025-04-17,FO,NSE,IDO,79412,,NIFTY,,2025-04-24,2025-04-24,22800.0,PE,NIFTY25APR22800PE,44.85,48.7,19.6,23.45,21.0,45.2,23851.65,23.45,2070300,236625,144277,247051197026.25,75187,F1,75,,,,,
2025-04-17,2025-04-17,FO,NSE,IDO,79443,,NIFTY,,2025-04-24,2025-04-24,23250.0,PE,NIFTY25APR23250PE,133.05,161.4,44.4,51.5,47.5,133.5,23851.65,51.5,571200,156000,90081,157728014343.75,58267,F1,75,,,,,
2025-04-17,2025-04-17,FO,NSE,IDO,79506,,NIFTY,,2025-04-24,2025-04-24,23600.0,PE,NIFTY25APR23600PE,304.95,357.75,98.25,106.85,105.95,298.1,23851.65,106.85,2618400,1700700,221939,395640732483.75,129862,F1,75,,,,,
2025-04-17,2025-04-17,FO,NSE,IDO,79645,,NIFTY,,2025-04-24,2025-04-24,24600.0,PE,NIFTY25APR24600PE,1207.95,1208.0,750.0,764.35,750.7,1171.0,23851.65,764.35,19950,1125,219,418401487.5,147,F1,75,,,,,
2025-04-17,2025-04-17,FO,NSE,IDO,79689,,NIFTY,,2025-04-24,2025-04-24,24900.0,PE,NIFTY25APR24900PE,1255.05,1255.05,1029.05,1034.2,1041.0,1489.0,23851.65,1034.2,6600,0,24,46756867.5,18,F1,75,,,,,
2025-04-17,2025-04-17,FO,NSE,IDO,79738,,NIFTY,,2025-04-24,2025-04-24,25250.0,PE,NIFTY25APR25250PE,1397.3,1397.3,1397.3,1397.3,1397.3,1922.25,23851.65,1368.7,1125,75,1,1998547.5,1,F1,75,,,,,
2025-04-17,2025-04-17,FO,NSE,IDO,51819,,NIFTY,,2025-04-30,2025-04-30,21250.0,PE,NIFTY2543021250PE,0.0,0.0,0.0,16.6,0.0,16.6,23851.65,0.05,0,0,0,0.0,0,F1,75,,,,,
2025-04-17,2025-04-17,FO,NSE,IDO,51849,,NIFTY,,2025-04-30,2025-04-30,21950.0,PE,NIFTY2543021950PE,21.25,23.75,14.85,18.55,16.0,25.45,23851.65,18.55,8550,5025,235,387190102.5,151,F1,75,,,,,
2025-04-17,2025-04-17,FO,NSE,IDO,51857,,NIFTY,,2025-04-30,2025-04-30,22150.0,PE,NIFTY2543022150PE,31.2,31.45,17.4,19.25,18.65,31.45,23851.65,19.25,15375,8775,525,873089422.5,179,F1,75,,,,,
2025-04-17,2025-04-17,FO,NSE,IDO,51981,,NIFTY,,2025-04-30,2025-04-30,24050.0,PE,NIFTY2543024050PE,702.6,702.6,330.7,344.95,346.4,684.4,23851.65,344.95,8475,7875,226,413709195.0,157,F1,75,,,,,
2025-04-17,2025-04-17,FO,NSE,IDO,51983,,NIFTY,,2025-04-30,2025-04-30,24100.0,PE,NIFTY2543024100PE,745.7,745.7,356.55,375.8,371.1,711.95,23851.65,375.8,54225,53400,1237,2273020207.5,1088,F1,75,,,,,
2025-04-17,2025-04-17,FO,NSE,IDO,51999,,NIFTY,,2025-04-30,2025-04-30,24300.0,PE,NIFTY2543024300PE,887.0,927.7,500.0,516.85,524.6,860.0,23851.65,516.85,4500,4125,127,236626676.25,86,F1,75,,,,,
2025-04-17,2025-04-17,FO,NSE,IDO,52015,,NIFTY,,2025-04-30,2025-04-30,24600.0,PE,NIFTY2543024600PE,816.0,816.0,746.4,766.0,773.75,1206.2,23851.65,766.0,450,225,7,13320903.75,6,F1,75,,,,,
2025-04-17,2025-04-17,FO,NSE,IDO,52031,,NIFTY,,2025-04-30,2025-04-30,24750.0,PE,NIFTY2543024750PE,922.6,922.6,888.5,905.05,921.6,1388.7,23851.65,905.05,375,150,3,5773702.5,3,F1,75,,,,,
2025-04-17,2025-04-17,FO,NSE,IDO,52061,,NIFTY,,2025-04-30,2025-04-30,25100.0,PE,NIFTY2543025100PE,1250.9,1250.9,1250.9,1250.9,1250.9,2148.85,23851.65,1212.7,75,0,1,1976317.5,1,F1,75,,,,,
2025-04-17,2025-04-17,FO,NSE,IDO,38457,,NIFTY,,2025-05-08,2025-05-08,21600.0,PE,NIFTY2550821600PE,21.75,22.5,19.35,19.65,19.5,30.4,23851.65,19.65,2475,-3975,108,175128667.5,25,F1,75,,,,,
2025-04-17,2025-04-17,FO,NSE,IDO,38581,,NIFTY,,2025-05-08,2025-05-08,23800.0,PE,NIFTY2550823800PE,510.5,552.1,250.05,264.6,266.0,503.6,23851.65,264.6,200925,199950,6525,11787108791.25,4758,F1,75,,,,,
2025-04-17,2025-04-17,FO,NSE,IDO,38590,,NIFTY,,2025-05-08,2025-05-08,24000.0,PE,NIFTY2550824000PE,685.0,695.0,334.5,350.2,353.35,640.0,23851.65,350.2,120525,119400,3076,5620713127.5,2028,F1,75,,,,,
2025-04-17,2025-04-17,FO,NSE,IDO,38607,,NIFTY,,2025-05-08,2025-05-08,24400.0,PE,NIFTY2550824400PE,0.0,0.0,0.0,1114.3,0.0,1114.3,23851.65,662.9,0,0,0,0.0,0,F1,75,,,,,
2025-04-17,2025-04-17,FO,NSE,IDO,38609,,NIFTY,,2025-05-08,2025-05-08,24450.0,PE,NIFTY2550824450PE,0.0,0.0,0.0,1154.65,0.0,1154.65,23851.65,697.5,0,0,0,0.0,0,F1,75,,,,,
2025-04-17,2025-04-17,FO,NSE,IDO,38628,,NIFTY,,2025-05-08,2025-05-08,24750.0,PE,NIFTY2550824750PE,0.0,0.0,0.0,1407.65,0.0,1407.65,23851.65,922.6,0,0,0,0.0,0,F1,75,,,,,
2025-04-17,2025-04-17,FO,NSE,IDO,38637,,NIFTY,,2025-05-08,2025-05-08,24950.0,PE,NIFTY2550824950PE,0.0,0.0,0.0,1584.9,0.0,1584.9,23851.65,1086.75,0,0,0,0.0,0,F1,75,,,,,
2025-04-17,2025-04-17,FO,NSE,IDO,38639,,NIFTY,,2025-05-08,2025-05-08,25000.0,PE,NIFTY2550825000PE,0.0,0.0,0.0,1630.1,0.0,1630.1,23851.65,1129.3,0,0,0,0.0,0,F1,75,,,,,
2025-04-17,2025-04-17,FO,NSE,IDO,46069,,NIFTY,,2025-05-15,2025-05-15,20700.0,PE,NIFTY2551520700PE,19.45,21.1,14.85,14.85,14.85,21.2,23851.65,14.85,1500,-1800,36,55940730.0,18,F1,75,,,,,
2025-04-17,2025-04-17,FO,NSE,IDO,46165,,NIFTY,,2025-05-15,2025-05-15,22500.0,PE,NIFTY2551522500PE,124.0,126.8,67.0,70.45,75.45,114.0,23851.65,70.45,29100,19350,599,1014970136.25,271,F1,75,,,,,
2025-04-17,2025-04-17,FO,NSE,IDO,46169,,NIFTY,,2025-05-15,2025-05-15,22600.0,PE,NIFTY2551522600PE,100.0,105.0,84.25,84.25,84.25,486.85,23851.65,55.75,1050,1050,15,25525061.25,8,F1,75,,,,,
2025-04-17,2025-04-17,FO,NSE,IDO,46199,,NIFTY,,2025-05-15,2025-05-15,23150.0,PE,NIFTY2551523150PE,0.0,0.0,0.0,825.3,0.0,825.3,23851.65,148.3,0,0,0,0.0,0,F1,75,,,,,
2025-04-17,2025-04-17,FO,NSE,IDO,46269,,NIFTY,,2025-05-15,2025-05-15,24450.0,PE,NIFTY2551524450PE,0.0,0.0,0.0,1920.6,0.0,1920.6,23851.65,731.15,0,0,0,0.0,0,F1,75,,,,,
2025-04-17,2025-04-17,FO,NSE,IDO,46283,,NIFTY,,2025-05-15,2025-05-15,24800.0,PE,NIFTY2551524800PE,0.0,0.0,0.0,2253.85,0.0,2253.85,23851.65,983.15,0,0,0,0.0,0,F1,75,,,,,
2025-04-17,2025-04-17,FO,NSE,IDO,61322,,NIFTY,,2025-05-29,2025-05-29,20350.0,PE,NIFTY25MAY20350PE,24.05,28.45,21.05,22.35,21.4,26.65,23851.65,22.35,87750,-14025,2106,3218120857.5,822,F1,75,,,,,
2025-04-17,2025-04-17,FO,NSE,IDO,61372,,NIFTY,,2025-05-29,2025-05-29,21150.0,PE,NIFTY25MAY21150PE,0.0,0.0,0.0,91.8,91.8,91.8,23851.65,6.1,750,0,0,0.0,0,F1,75,,,,,
2025-04-17,2025-04-17,FO,NSE,IDO,61484,,NIFTY,,2025-05-29,2025-05-29,21950.0,PE,NIFTY25MAY21950PE,101.2,106.85,66.45,75.6,73.95,103.1,23851.65,75.6,8250,-675,307,507317842.5,128,F1,75,,,,,
2025-04-17,2025-04-17,FO,NSE,IDO,61528,,NIFTY,,2025-05-29,2025-05-29,23050.0,PE,NIFTY25MAY23050PE,289.7,310.0,183.7,190.4,183.7,289.7,23851.65,190.4,21600,7125,252,440549411.25,153,F1,75,,,,,
2025-04-17,2025-04-17,FO,NSE,IDO,61662,,NIFTY,,2025-05-29,2025-05-29,23950.0,PE,NIFTY25MAY23950PE,684.65,715.6,416.0,445.25,468.3,683.05,23851.65,445.25,9825,8175,285,521882062.5,161,F1,75,,,,,
2025-04-17,2025-04-17,FO,NSE,IDO,61672,,NIFTY,,2025-05-29,2025-05-29,24200.0,PE,NIFTY25MAY24200PE,862.55,897.0,535.7,557.3,535.7,835.55,23851.65,557.3,150750,9525,1125,2094425437.5,917,F1,75,,,,,
2025-04-17,2025-04-17,FO,NSE,IDO,61752,,NIFTY,,2025-05-29,2025-05-29,24900.0,PE,NIFTY25MAY24900PE,1149.9,1149.9,1016.55,1019.3,1016.55,1489.45,23851.65,1019.3,525,-75,5,9736856.25,5,F1,75,,,,,
2025-04-17,2025-04-17,FO,NSE,IDO,62070,,NIFTY,,2025-06-26,2025-06-26,20550.0,PE,NIFTY25JUN20550PE,0.0,0.0,0.0,15.55,0.0,15.55,23851.65,8.75,0,0,0,0.0,0,F1,75,,,,,
2025-04-17,2025-04-17,FO,NSE,IDO,62124,,NIFTY,,2025-06-26,2025-06-26,21100.0,PE,NIFTY25JUN21100PE,0.0,0.0,0.0,36.7,0.0,36.7,23851.65,22.9,0,0,0,0.0,0,F1,75,,,,,
2025-04-17,2025-04-17,FO,NSE,IDO,62132,,NIFTY,,2025-06-26,2025-06-26,21200.0,PE,NIFTY25JUN21200PE,0.0,0.0,0.0,42.4,0.0,42.4,23851.65,26.85,0,0,0,0.0,0,F1,75,,,,,
2025-04-17,2025-04-17,FO,NSE,IDO,62184,,NIFTY,,2025-06-26,2025-06-26,22100.0,PE,NIFTY25JUN22100PE,198.0,198.0,129.0,139.5,135.05,188.45,23851.65,139.5,32025,-2925,197,328666361.25,104,F1,75,,,,,
2025-04-17,2025-04-17,FO,NSE,IDO,62186,,NIFTY,,2025-06-26,2025-06-26,22150.0,PE,NIFTY25JUN22150PE,140.4,140.5,140.4,140.45,140.5,195.1,23851.65,140.45,450,0,2,3343567.5,2,F1,75,,,,,
2025-04-17,2025-04-17,FO,NSE,IDO,62208,,NIFTY,,2025-06-26,2025-06-26,22700.0,PE,NIFTY25JUN22700PE,297.75,310.0,210.0,215.05,215.65,297.75,23851.65,215.05,12975,-1575,134,230470803.75,83,F1,75,,,,,
2025-04-17,2025-04-17,FO,NSE,IDO,62308,,NIFTY,,2025-06-26,2025-06-26,23150.0,PE,NIFTY25JUN23150PE,324.0,329.9,288.35,288.35,288.35,442.7,23851.65,306.25,1875,525,9,15834836.25,7,F1,75,,,,,
2025-04-17,2025-04-17,FO,NSE,IDO,71380,,NIFTY,,2025-06-26,2025-06-26,24000.0,PE,NIFTY25JUN24000PE,760.0,820.3,536.4,551.0,550.0,762.35,23851.65,551.0,1071000,74125,7496,13841418761.25,5772,F1,75,,,,,
2025-04-17,2025-04-17,FO,NSE,IDO,62352,,NIFTY,,2025-06-26,2025-06-26,24050.0,PE,NIFTY25JUN24050PE,605.0,605.0,576.8,576.8,576.8,1071.45,23851.65,653.55,150,75,2,3696135.0,2,F1,75,,,,,
2025-04-17,2025-04-17,FO,NSE,IDO,62398,,NIFTY,,2025-06-26,2025-06-26,24950.0,PE,NIFTY25JUN24950PE,0.0,0.0,0.0,1775.85,1775.85,1775.85,23851.65,1174.85,150,0,0,0.0,0,F1,75,,,,,
2025-04-17,2025-04-17,FO,NSE,IDO,62410,,NIFTY,,2025-06-26,2025-06-26,25250.0,PE,NIFTY25JUN25250PE,0.0,0.0,0.0,1717.9,1717.9,1717.9,23851.65,1384.35,75,0,0,0.0,0,F1,75,,,,,
2025-04-17,2025-04-17,FO,NSE,IDO,50538,,NIFTY,,2025-06-26,2025-06-26,28000.0,PE,NIFTY25JUN28000PE,4329.05,4335.3,3840.0,3854.7,3850.0,4329.05,23851.65,3854.7,111750,-75,80,192224842.5,57,F1,75,,,,,
2025-04-17,2025-04-17,FO,NSE,IDO,64685,,NIFTY,,2025-09-25,2025-09-25,20000.0,PE,NIFTY25SEP20000PE,114.2,117.95,94.25,97.3,95.1,114.2,23851.65,97.3,262275,-300,2181,3288479812.5,1756,F1,75,,,,,
2025-04-17,2025-04-17,FO,NSE,IDO,61768,,NIFTY,,2025-05-29,2025-05-29,25300.0,PE,NIFTY25MAY25300PE,1351.3,1375.0,1351.3,1375.0,1375.0,1860.1,23851.65,1398.05,1725,450,6,11997052.5,6,F1,75,,,,,
2025-04-17,2025-04-17,FO,NSE,IDO,62170,,NIFTY,,2025-06-26,2025-06-26,21900.0,PE,NIFTY25JUN21900PE,160.45,170.0,108.3,120.6,117.25,164.25,23851.65,120.6,46950,3000,292,482601738.75,122,F1,75,,,,,
2025-04-17,2025-04-17,FO,NSE,IDO,62174,,NIFTY,,2025-06-26,2025-06-26,22050.0,PE,NIFTY25JUN22050PE,0.0,0.0,0.0,201.0,201.0,201.0,23851.65,90.6,150,0,0,0.0,0,F1,75,,,,,
2025-04-17,2025-04-17,FO,NSE,IDO,62204,,NIFTY,,2025-06-26,2025-06-26,22600.0,PE,NIFTY25JUN22600PE,275.8,277.5,191.0,197.95,197.1,275.4,23851.65,197.95,15375,-1125,212,362949607.5,119,F1,75,,,,,
2025-04-17,2025-04-17,FO,NSE,IDO,62350,,NIFTY,,2025-06-26,2025-06-26,23950.0,PE,NIFTY25JUN23950PE,592.95,592.95,531.25,535.8,535.8,784.95,23851.65,606.35,300,-450,13,23902965.0,4,F1,75,,,,,
2025-04-17,2025-04-17,FO,NSE,IDO,62386,,NIFTY,,2025-06-26,2025-06-26,24750.0,PE,NIFTY25JUN24750PE,0.0,0.0,0.0,1626.3,1626.3,1626.3,23851.65,1044.55,75,0,0,0.0,0,F1,75,,,,,
2025-04-17,2025-04-17,FO,NSE,IDO,62394,,NIFTY,,2025-06-26,2025-06-26,24850.0,PE,NIFTY25JUN24850PE,0.0,0.0,0.0,1382.65,1382.65,1382.65,23851.65,1108.7,75,0,0,0.0,0,F1,75,,,,,
2025-04-17,2025-04-17,FO,NSE,IDO,64683,,NIFTY,,2025-09-25,2025-09-25,19000.0,PE,NIFTY25SEP19000PE,72.0,73.9,59.0,62.95,60.05,70.0,23851.65,62.95,263325,-3675,427,610557123.75,328,F1,75,,,,,
2025-04-17,2025-04-17,FO,NSE,IDO,64697,,NIFTY,,2025-09-25,2025-09-25,26000.0,PE,NIFTY25SEP26000PE,2000.0,2000.0,1810.0,1810.0,1810.0,2113.7,23851.65,1932.9,20400,375,17,35533451.25,14,F1,75,,,,,
2025-04-17,2025-04-17,FO,NSE,IDO,64701,,NIFTY,,2025-09-25,2025-09-25,28000.0,PE,NIFTY25SEP28000PE,0.0,0.0,0.0,4400.0,4400.0,4400.0,23851.65,3501.75,75,0,0,0.0,0,F1,75,,,,,
2025-04-17,2025-04-17,FO,NSE,IDO,37796,,NIFTY,,2025-12-24,2025-12-24,23000.0,PE,NIFTY25DEC23000PE,647.4,647.4,485.0,497.0,495.0,603.95,23851.65,497.0,1239200,72750,5340,9428133348.75,3630,F1,75,,,,,
2025-04-17,2025-04-17,FO,NSE,IDO,52084,,NIFTY,,2025-04-30,2025-04-30,25400.0,CE,NIFTY2543025400CE,4.25,10.9,3.0,9.55,9.1,3.85,23851.65,9.55,830850,317700,19683,37507217497.5,6993,F1,75,,,,,
2025-04-17,2025-04-17,FO,NSE,IDO,52012,,NIFTY,,2025-04-30,2025-04-30,24550.0,CE,NIFTY2543024550CE,19.2,50.55,12.3,46.55,48.75,19.2,23851.65,46.55,20550,10800,1224,2257305847.5,644,F1,75,,,,,
2025-04-17,2025-04-17,FO,NSE,IDO,51990,,NIFTY,,2025-04-30,2025-04-30,24250.0,CE,NIFTY2543024250CE,33.15,109.2,25.85,97.6,99.0,39.7,23851.65,97.6,98925,81150,5182,9459576652.5,3609,F1,75,,,,,
2025-04-17,2025-04-17,FO,NSE,IDO,51935,,NIFTY,,2025-04-30,2025-04-30,23200.0,CE,NIFTY2543023200CE,428.5,763.0,358.05,747.8,736.6,428.15,23851.65,747.8,128925,-49050,5508,9788798508.75,3340,F1,75,,,,,
2025-04-17,2025-04-17,FO,NSE,IDO,51833,,NIFTY,,2025-04-30,2025-04-30,21600.0,CE,NIFTY2543021600CE,2275.95,2275.95,2275.95,2275.95,2275.95,1806.35,23851.65,2275.95,750,75,1,1790696.25,1,F1,75,,,,,
2025-04-17,2025-04-17,FO,NSE,IDO,79729,,NIFTY,,2025-04-24,2025-04-24,25100.0,CE,NIFTY25APR25100CE,1.55,4.85,1.4,3.9,3.75,2.05,23851.65,3.9,1023825,466875,81927,154245036810.0,30163,F1,75,,,,,
2025-04-17,2025-04-17,FO,NSE,IDO,79509,,NIFTY,,2025-04-24,2025-04-24,23700.0,CE,NIFTY25APR23700CE,75.0,297.5,61.0,282.35,280.5,93.85,23851.65,282.35,1950300,-435750,356012,637173931650.0,208195,F1,75,,,,,
2025-04-17,2025-04-17,FO,NSE,IDO,79488,,NIFTY,,2025-04-24,2025-04-24,23400.0,CE,NIFTY25APR23400CE,188.0,535.7,158.35,518.65,512.0,219.1,23851.65,518.65,2439525,-155850,335999,596117623282.5,203160,F1,75,,,,,
2025-04-17,2025-04-17,FO,NSE,IDO,79444,,NIFTY,,2025-04-24,2025-04-24,23300.0,CE,NIFTY25APR23300CE,284.0,623.95,210.3,604.4,600.0,280.15,23851.65,604.4,2274600,-382575,177555,314653243308.75,112157,F1,75,,,,,
2025-04-17,2025-04-17,FO,NSE,IDO,79394,,NIFTY,,2025-04-24,2025-04-24,22550.0,CE,NIFTY25APR22550CE,810.0,1313.75,810.0,1307.1,1312.9,899.95,23851.65,1307.1,61500,-9075,182,323025345.0,109,F1,75,,,,,
2025-04-17,2025-04-17,FO,NSE,IDO,79382,,NIFTY,,2025-04-24,2025-04-24,22300.0,CE,NIFTY25APR22300CE,1111.95,1575.8,1051.0,1558.15,1566.6,1140.9,23851.65,1558.15,144975,-17625,566,1005113778.75,291,F1,75,,,,,
2025-04-17,2025-04-17,FO,NSE,IDO,79266,,NIFTY,,2025-04-24,2025-04-24,21750.0,CE,NIFTY25APR21750CE,2083.3,2105.0,2083.0,2105.0,2105.0,1683.35,23851.65,2128.75,14400,-75,5,8939182.5,5,F1,75,,,,,
2025-04-17,2025-04-17,FO,NSE,IDO,79237,,NIFTY,,2025-04-24,2025-04-24,21200.0,CE,NIFTY25APR21200CE,2214.35,2655.0,2214.35,2647.0,2647.0,2217.6,23851.65,2678.1,10275,-1425,25,44624775.0,25,F1,75,,,,,
2025-04-17,2025-04-17,FO,NSE,IDO,79235,,NIFTY,,2025-04-24,2025-04-24,21150.0,CE,NIFTY25APR21150CE,2702.6,2702.6,2702.6,2702.6,2702.6,1806.8,23851.65,2702.6,1500,75,1,1788945.0,1,F1,75,,,,,
2025-04-17,2025-04-17,FO,NSE,IDO,48413,,NIFTY,,2025-04-17,2025-04-17,25250.0,CE,NIFTY2541725250CE,0.35,0.6,0.05,0.1,0.05,0.45,23851.65,23851.65,337050,-137925,60194,113993638417.5,9253,F1,75,,,,,
2025-04-17,2025-04-17,FO,NSE,IDO,48401,,NIFTY,,2025-04-17,2025-04-17,25100.0,CE,NIFTY2541725100CE,0.35,0.75,0.05,0.1,0.05,0.5,23851.65,23851.65,697425,-38775,128374,241666914108.75,23139,F1,75,,,,,
2025-04-17,2025-04-17,FO,NSE,IDO,48341,,NIFTY,,2025-04-17,2025-04-17,24600.0,CE,NIFTY2541724600CE,0.6,1.05,0.05,0.15,0.05,0.65,23851.65,23851.65,1272150,-213375,399292,736702780687.5,62368,F1,75,,,,,
2025-04-17,2025-04-17,FO,NSE,IDO,48094,,NIFTY,,2025-04-17,2025-04-17,21300.0,CE,NIFTY2541721300CE,2071.0,2110.0,2071.0,2110.0,2110.0,2098.45,23851.65,23851.65,14100,-150,3,5262836.25,3,F1,75,,,,,
2025-04-17,2025-04-17,FO,NSE,IDO,48128,,NIFTY,,2025-04-17,2025-04-17,22050.0,CE,NIFTY2541722050CE,1313.25,1807.0,1261.4,1798.15,1798.15,1349.85,23851.65,23851.65,22500,-3600,97,172081211.25,57,F1,75,,,,,
2025-04-17,2025-04-17,FO,NSE,IDO,62923,,NIFTY,,2026-03-26,2026-03-26,23000.0,PE,NIFTY26MAR23000PE,0.0,0.0,0.0,577.8,0.0,577.8,23851.65,626.15,0,0,0,0.0,0,F1,75,,,,,
2025-04-17,2025-04-17,FO,NSE,IDO,61745,,NIFTY,,2029-12-27,2029-12-27,22000.0,PE,NIFTY29DEC22000PE,0.0,0.0,0.0,373.65,0.0,373.65,23851.65,509.55,0,0,0,0.0,0,F1,75,,,,,
2025-04-17,2025-04-17,FO,NSE,IDO,35221,,NIFTY,,2025-12-24,2025-12-24,30000.0,CE,NIFTY25DEC30000CE,39.4,48.0,38.25,45.35,45.75,39.8,23851.65,45.35,72650,-1275,223,502467438.75,121,F1,75,,,,,
2025-04-17,2025-04-17,FO,NSE,IDO,62912,,NIFTY,,2026-03-26,2026-03-26,18000.0,CE,NIFTY26MAR18000CE,0.0,0.0,0.0,6870.7,0.0,6870.7,23851.65,6984.85,0,0,0,0.0,0,F1,75,,,,,
2025-04-17,2025-04-17,FO,NSE,IDO,51453,,NIFTY,,2026-06-25,2026-06-25,21000.0,CE,NIFTY26JUN21000CE,0.0,0.0,0.0,3881.9,0.0,3881.9,23851.65,4742.1,0,0,0,0.0,0,F1,75,,,,,
2025-04-17,2025-04-17,FO,NSE,IDO,53633,,NIFTY,,2027-12-30,2027-12-30,28000.0,CE,NIFTY27DEC28000CE,0.0,0.0,0.0,2639.2,0.0,2639.2,23851.65,2907.15,0,0,0,0.0,0,F1,75,,,,,
2025-04-17,2025-04-17,FO,NSE,IDO,86141,,NIFTY,,2028-06-29,2028-06-29,19000.0,CE,NIFTY28JUN19000CE,0.0,0.0,0.0,6252.25,0.0,6252.25,23851.65,8747.25,0,0,0,0.0,0,F1,75,,,,,
2025-04-17,2025-04-17,FO,NSE,IDO,86145,,NIFTY,,2028-06-29,2028-06-29,21000.0,CE,NIFTY28JUN21000CE,0.0,0.0,0.0,5226.55,0.0,5226.55,23851.65,7344.95,0,0,0,0.0,0,F1,75,,,,,
2025-04-17,2025-04-17,FO,NSE,IDO,61727,,NIFTY,,2025-05-29,2025-05-29,24850.0,CE,NIFTY25MAY24850CE,53.6,128.2,53.6,111.25,111.75,59.4,23851.65,111.25,28425,3525,200,374284140.0,147,F1,75,,,,,
2025-04-17,2025-04-17,FO,NSE,IDO,61687,,NIFTY,,2025-05-29,2025-05-29,24600.0,CE,NIFTY25MAY24600CE,83.45,194.45,79.05,171.25,165.0,96.6,23851.65,171.25,149325,30075,6243,11586430526.25,4581,F1,75,,,,,
2025-04-17,2025-04-17,FO,NSE,IDO,61685,,NIFTY,,2025-05-29,2025-05-29,24550.0,CE,NIFTY25MAY24550CE,92.4,210.45,88.65,184.65,188.65,105.25,23851.65,184.65,13725,5475,406,752736082.5,282,F1,75,,,,,
2025-04-17,2025-04-17,FO,NSE,IDO,61677,,NIFTY,,2025-05-29,2025-05-29,24350.0,CE,NIFTY25MAY24350CE,124.5,281.35,124.5,256.6,244.75,150.65,23851.65,256.6,19275,8400,475,876056790.0,281,F1,75,,,,,
2025-04-17,2025-04-17,FO,NSE,IDO,61673,,NIFTY,,2025-05-29,2025-05-29,24250.0,CE,NIFTY25MAY24250CE,169.7,325.25,150.55,299.8,300.0,178.75,23851.65,299.8,18450,5850,339,623825891.25,253,F1,75,,,,,
2025-04-17,2025-04-17,FO,NSE,IDO,61665,,NIFTY,,2025-05-29,2025-05-29,24050.0,CE,NIFTY25MAY24050CE,218.5,422.5,210.0,397.9,396.45,243.6,23851.65,397.9,17025,6450,372,681107808.75,256,F1,75,,,,,
2025-04-17,2025-04-17,FO,NSE,IDO,61539,,NIFTY,,2025-05-29,2025-05-29,23350.0,CE,NIFTY25MAY23350CE,560.0,879.95,528.1,851.95,858.0,589.05,23851.65,851.95,14025,375,354,637854750.0,256,F1,75,,,,,
2025-04-17,2025-04-17,FO,NSE,IDO,38517,,NIFTY,,2025-05-08,2025-05-08,22850.0,PE,NIFTY2550822850PE,78.8,82.7,69.55,79.65,76.6,133.2,23851.65,79.65,4050,-1950,48,82525691.25,13,F1,75,,,,,
2025-04-17,2025-04-17,FO,NSE,IDO,38545,,NIFTY,,2025-05-08,2025-05-08,23350.0,PE,NIFTY2550823350PE,277.65,316.35,135.1,145.6,146.35,274.95,23851.65,145.6,13050,4950,654,1154343420.0,227,F1,75,,,,,
2025-04-17,2025-04-17,FO,NSE,IDO,38587,,NIFTY,,2025-05-08,2025-05-08,23950.0,PE,NIFTY2550823950PE,357.1,357.1,318.05,321.95,321.6,778.6,23851.65,321.95,7575,7575,101,183865102.5,36,F1,75,,,,,
2025-04-17,2025-04-17,FO,NSE,IDO,38601,,NIFTY,,2025-05-08,2025-05-08,24250.0,PE,NIFTY2550824250PE,531.8,531.8,531.8,531.8,531.8,996.6,23851.65,564.4,75,75,1,1858635.0,1,F1,75,,,,,
2025-04-17,2025-04-17,FO,NSE,IDO,38626,,NIFTY,,2025-05-08,2025-05-08,24700.0,PE,NIFTY2550824700PE,0.0,0.0,0.0,1364.35,0.0,1364.35,23851.65,883.2,0,0,0,0.0,0,F1,75,,,,,
2025-04-17,2025-04-17,FO,NSE,IDO,46083,,NIFTY,,2025-05-15,2025-05-15,20900.0,PE,NIFTY2551520900PE,20.6,22.05,18.4,20.9,22.05,23.2,23851.65,20.9,1500,-1125,18,28241940.0,8,F1,75,,,,,
2025-04-17,2025-04-17,FO,NSE,IDO,46086,,NIFTY,,2025-05-15,2025-05-15,20950.0,PE,NIFTY2551520950PE,0.0,0.0,0.0,23.7,23.7,23.7,23851.65,0.7,1200,0,0,0.0,0,F1,75,,,,,
2025-04-17,2025-04-17,FO,NSE,IDO,46093,,NIFTY,,2025-05-15,2025-05-15,21050.0,PE,NIFTY2551521050PE,0.0,0.0,0.0,24.7,24.7,24.7,23851.65,0.95,1500,0,0,0.0,0,F1,75,,,,,
2025-04-17,2025-04-17,FO,NSE,IDO,46115,,NIFTY,,2025-05-15,2025-05-15,21400.0,PE,NIFTY2551521400PE,0.0,0.0,0.0,91.05,0.0,91.05,23851.65,2.9,0,0,0,0.0,0,F1,75,,,,,
2025-04-17,2025-04-17,FO,NSE,IDO,46136,,NIFTY,,2025-05-15,2025-05-15,21900.0,PE,NIFTY2551521900PE,0.0,0.0,0.0,202.25,0.0,202.25,23851.65,11.55,0,0,0,0.0,0,F1,75,,,,,
2025-04-17,2025-04-17,FO,NSE,IDO,46151,,NIFTY,,2025-05-15,2025-05-15,22200.0,PE,NIFTY2551522200PE,0.0,0.0,0.0,304.25,0.0,304.25,23851.65,23.8,0,0,0,0.0,0,F1,75,,,,,
2025-04-17,2025-04-17,FO,NSE,IDO,46153,,NIFTY,,2025-05-15,2025-05-15,22250.0,PE,NIFTY2551522250PE,0.0,0.0,0.0,324.1,0.0,324.1,23851.65,26.65,0,0,0,0.0,0,F1,75,,,,,
2025-04-17,2025-04-17,FO,NSE,IDO,46177,,NIFTY,,2025-05-15,2025-05-15,22800.0,PE,NIFTY2551522800PE,175.0,185.2,91.4,100.25,92.75,161.9,23851.65,100.25,8025,3300,111,190946505.0,58,F1,75,,,,,
2025-04-17,2025-04-17,FO,NSE,IDO,46190,,NIFTY,,2025-05-15,2025-05-15,22950.0,PE,NIFTY2551522950PE,0.0,0.0,0.0,691.1,0.0,691.1,23851.65,106.45,0,0,0,0.0,0,F1,75,,,,,
2025-04-17,2025-04-17,FO,NSE,IDO,46221,,NIFTY,,2025-05-15,2025-05-15,23600.0,PE,NIFTY2551523600PE,0.0,0.0,0.0,1167.65,0.0,1167.65,23851.65,285.2,0,0,0,0.0,0,F1,75,,,,,
2025-04-17,2025-04-17,FO,NSE,IDO,46267,,NIFTY,,2025-05-15,2025-05-15,24400.0,PE,NIFTY2551524400PE,0.0,0.0,0.0,1873.75,0.0,1873.75,23851.65,698.15,0,0,0,0.0,0,F1,75,,,,,
2025-04-17,2025-04-17,FO,NSE,IDO,61356,,NIFTY,,2025-05-29,2025-05-29,21000.0,PE,NIFTY25MAY21000PE,45.5,49.95,33.6,36.55,35.5,44.9,23851.65,36.55,2190975,52500,25663,40501775583.75,9757,F1,75,,,,,
2025-04-17,2025-04-17,FO,NSE,IDO,61400,,NIFTY,,2025-05-29,2025-05-29,21600.0,PE,NIFTY25MAY21600PE,74.7,79.0,50.65,56.05,50.9,74.7,23851.65,56.05,140475,48900,2954,4799188511.25,1660,F1,75,,,,,
2025-04-17,2025-04-17,FO,NSE,IDO,61482,,NIFTY,,2025-05-29,2025-05-29,21900.0,PE,NIFTY25MAY21900PE,98.8,104.75,64.15,70.85,68.55,99.0,23851.65,70.85,325125,8250,2827,4661082581.25,1619,F1,75,,,,,
2025-04-17,2025-04-17,FO,NSE,IDO,61540,,NIFTY,,2025-05-29,2025-05-29,23350.0,PE,NIFTY25MAY23350PE,396.95,426.0,236.25,247.3,245.65,388.9,23851.65,247.3,35175,14250,757,1343949678.75,564,F1,75,,,,,
2025-04-17,2025-04-17,FO,NSE,IDO,61546,,NIFTY,,2025-05-29,2025-05-29,23500.0,PE,NIFTY25MAY23500PE,455.45,494.0,273.5,286.3,285.45,450.1,23851.65,286.3,1191150,250875,38501,68907932925.0,24469,F1,75,,,,,
2025-04-17,2025-04-17,FO,NSE,IDO,61620,,NIFTY,,2025-05-29,2025-05-29,23900.0,PE,NIFTY25MAY23900PE,662.55,702.0,407.0,421.25,426.0,648.25,23851.65,421.25,178350,52050,3337,6099225723.75,2538,F1,75,,,,,
2025-04-17,2025-04-17,FO,NSE,IDO,62194,,NIFTY,,2025-06-26,2025-06-26,22350.0,PE,NIFTY25JUN22350PE,228.7,236.0,166.3,166.3,166.3,228.7,23851.65,166.3,900,0,6,10145310.0,5,F1,75,,,,,
2025-04-17,2025-04-17,FO,NSE,IDO,62162,,NIFTY,,2025-06-26,2025-06-26,21750.0,PE,NIFTY25JUN21750PE,0.0,0.0,0.0,88.1,0.0,88.1,23851.65,60.8,0,0,0,0.0,0,F1,75,,,,,
2025-04-17,2025-04-17,FO,NSE,IDO,62148,,NIFTY,,2025-06-26,2025-06-26,21600.0,PE,NIFTY25JUN21600PE,131.6,135.0,96.5,99.1,107.75,131.6,23851.65,99.1,28275,2700,99,161267557.5,47,F1,75,,,,,
2025-04-17,2025-04-17,FO,NSE,IDO,62146,,NIFTY,,2025-06-26,2025-06-26,21550.0,PE,NIFTY25JUN21550PE,0.0,0.0,0.0,68.3,0.0,68.3,23851.65,45.75,0,0,0,0.0,0,F1,75,,,,,
2025-04-17,2025-04-17,FO,NSE,IDO,62134,,NIFTY,,2025-06-26,2025-06-26,21250.0,PE,NIFTY25JUN21250PE,0.0,0.0,0.0,45.5,0.0,45.5,23851.65,29.1,0,0,0,0.0,0,F1,75,,,,,
2025-04-17,2025-04-17,FO,NSE,IDO,67783,,NIFTY,,2028-12-28,2028-12-28,24000.0,PE,NIFTY28DEC24000PE,0.0,0.0,0.0,914.3,914.3,914.3,23851.65,907.8,600,0,0,0.0,0,F1,75,,,,,
2025-04-17,2025-04-17,FO,NSE,IDO,62121,,NIFTY,,2025-06-26,2025-06-26,21050.0,PE,NIFTY25JUN21050PE,0.0,0.0,0.0,34.1,0.0,34.1,23851.65,21.1,0,0,0,0.0,0,F1,75,,,,,
2025-04-17,2025-04-17,FO,NSE,IDO,62072,,NIFTY,,2025-06-26,2025-06-26,20600.0,PE,NIFTY25JUN20600PE,41.05,41.05,41.05,41.05,41.05,41.4,23851.65,9.6,150,75,1,1548078.75,1,F1,75,,,,,
2025-04-17,2025-04-17,FO,NSE,IDO,39986,,NIFTY,,2025-06-26,2025-06-26,19000.0,PE,NIFTY25JUN19000PE,29.95,32.55,25.1,26.65,26.0,28.2,23851.65,26.65,1075425,3600,3680,5251695765.0,1720,F1,75,,,,,
2025-04-17,2025-04-17,FO,NSE,IDO,61666,,NIFTY,,2025-05-29,2025-05-29,24050.0,PE,NIFTY25MAY24050PE,764.0,786.95,473.9,482.35,481.4,825.0,23851.65,482.35,7650,6525,188,347118011.25,96,F1,75,,,,,
2025-04-17,2025-04-17,FO,NSE,IDO,86146,,NIFTY,,2028-06-29,2028-06-29,21000.0,PE,NIFTY28JUN21000PE,0.0,0.0,0.0,907.2,0.0,907.2,23851.65,394.35,0,0,0,0.0,0,F1,75,,,,,
2025-04-17,2025-04-17,FO,NSE,IDO,53635,,NIFTY,,2027-12-30,2027-12-30,28000.0,PE,NIFTY27DEC28000PE,0.0,0.0,0.0,4251.0,0.0,4251.0,23851.65,2365.1,0,0,0,0.0,0,F1,75,,,,,
2025-04-17,2025-04-17,FO,NSE,IDO,37810,,NIFTY,,2026-12-31,2026-12-31,23000.0,PE,NIFTY26DEC23000PE,719.95,783.95,650.0,671.0,666.0,750.0,23851.65,671.0,24125,-225,59,104954568.75,48,F1,75,,,,,
2025-04-17,2025-04-17,FO,NSE,IDO,58641,,NIFTY,,2026-12-31,2026-12-31,18000.0,PE,NIFTY26DEC18000PE,0.0,0.0,0.0,76.1,76.1,76.1,23851.65,64.7,5175,0,0,0.0,0,F1,75,,,,,
2025-04-17,2025-04-17,FO,NSE,IDO,71384,,NIFTY,,2025-06-26,2025-06-26,26000.0,PE,NIFTY25JUN26000PE,2369.0,2407.55,1920.95,1939.7,1949.85,2324.35,23851.65,1939.7,760525,18825,699,1471136737.5,462,F1,75,,,,,
2025-04-17,2025-04-17,FO,NSE,IDO,62372,,NIFTY,,2025-06-26,2025-06-26,24400.0,PE,NIFTY25JUN24400PE,1000.0,1000.0,742.45,745.25,745.25,1062.85,23851.65,836.0,375,225,12,22718936.25,12,F1,75,,,,,
2025-04-17,2025-04-17,FO,NSE,IDO,62328,,NIFTY,,2025-06-26,2025-06-26,23450.0,PE,NIFTY25JUN23450PE,503.1,503.25,377.1,377.1,377.1,518.05,23851.65,377.1,825,450,13,23285947.5,8,F1,75,,,,,
2025-04-17,2025-04-17,FO,NSE,IDO,62326,,NIFTY,,2025-06-26,2025-06-26,23400.0,PE,NIFTY25JUN23400PE,487.55,525.0,347.0,364.3,360.7,499.3,23851.65,364.3,8700,1500,201,359057193.75,136,F1,75,,,,,
2025-04-17,2025-04-17,FO,NSE,IDO,62320,,NIFTY,,2025-06-26,2025-06-26,23250.0,PE,NIFTY25JUN23250PE,319.55,319.9,306.75,306.75,306.75,447.0,23851.65,336.45,4125,-225,5,8836665.0,4,F1,75,,,,,
2025-04-17,2025-04-17,FO,NSE,IDO,62258,,NIFTY,,2025-06-26,2025-06-26,22900.0,PE,NIFTY25JUN22900PE,337.65,371.3,232.85,252.0,247.85,345.05,23851.65,252.0,10950,150,52,90376597.5,40,F1,75,,,,,
2025-04-17,2025-04-17,FO,NSE,IDO,48064,,NIFTY,,2025-04-17,2025-04-17,21050.0,CE,NIFTY2541721050CE,0.0,0.0,0.0,1879.05,1879.05,1879.05,23851.65,23851.65,4950,0,0,0.0,0,F1,75,,,,,
2025-04-17,2025-04-17,FO,NSE,IDO,48190,,NIFTY,,2025-04-17,2025-04-17,22750.0,CE,NIFTY2541722750CE,633.0,1116.45,534.35,1100.0,1101.05,633.55,23851.65,23851.65,538425,-55500,1585,2801680226.25,1126,F1,75,,,,,
2025-04-17,2025-04-17,FO,NSE,IDO,48208,,NIFTY,,2025-04-17,2025-04-17,22950.0,CE,NIFTY2541722950CE,416.05,918.0,333.9,900.7,900.2,441.95,23851.65,23851.65,170700,-76350,4658,8194196096.25,3489,F1,75,,,,,
2025-04-17,2025-04-17,FO,NSE,IDO,48210,,NIFTY,,2025-04-17,2025-04-17,23000.0,CE,NIFTY2541723000CE,360.2,870.3,284.4,851.3,851.1,392.75,23851.65,23851.65,1350225,-426075,87439,153880767596.25,49238,F1,75,,,,,
2025-04-17,2025-04-17,FO,NSE,IDO,48218,,NIFTY,,2025-04-17,2025-04-17,23100.0,CE,NIFTY2541723100CE,265.0,771.1,188.7,750.55,751.45,298.5,23851.65,23851.65,450900,-249900,150746,264799064478.75,88889,F1,75,,,,,
2025-04-17,2025-04-17,FO,NSE,IDO,48269,,NIFTY,,2025-04-17,2025-04-17,23600.0,CE,NIFTY2541723600CE,13.0,275.0,3.3,252.85,251.95,24.6,23851.65,23851.65,4975950,-315825,6480234,11495196725070.0,2491533,F1,75,,,,,
2025-04-17,2025-04-17,FO,NSE,IDO,48311,,NIFTY,,2025-04-17,2025-04-17,24050.0,CE,NIFTY2541724050CE,1.4,3.7,0.05,0.15,0.05,2.35,23851.65,23851.65,2644275,531225,3094087,5581223041575.0,494005,F1,75,,,,,
2025-04-17,2025-04-17,FO,NSE,IDO,48345,,NIFTY,,2025-04-17,2025-04-17,24700.0,CE,NIFTY2541724700CE,0.45,0.9,0.05,0.1,0.05,0.65,23851.65,23851.65,618900,-1118700,312082,578139223518.75,52655,F1,75,,,,,
2025-04-17,2025-04-17,FO,NSE,IDO,48371,,NIFTY,,2025-04-17,2025-04-17,24800.0,CE,NIFTY2541724800CE,0.55,0.85,0.05,0.1,0.05,0.6,23851.65,23851.65,800175,-543675,250185,465349531316.25,39102,F1,75,,,,,
2025-04-17,2025-04-17,FO,NSE,IDO,79272,,NIFTY,,2025-04-24,2025-04-24,21900.0,CE,NIFTY25APR21900CE,1455.0,1972.9,1450.0,1955.9,1972.9,1532.4,23851.65,1955.9,127650,-4500,99,175734967.5,93,F1,75,,,,,
2025-04-17,2025-04-17,FO,NSE,IDO,79529,,NIFTY,,2025-04-24,2025-04-24,24000.0,CE,NIFTY25APR24000CE,34.7,133.7,21.8,120.0,121.9,36.5,23851.65,120.0,5590050,-349575,714799,1290849452478.75,369754,F1,75,,,,,
2025-04-17,2025-04-17,FO,NSE,IDO,79674,,NIFTY,,2025-04-24,2025-04-24,24800.0,CE,NIFTY25APR24800CE,3.2,8.75,1.75,7.95,8.5,3.65,23851.65,7.95,2397300,812400,144462,268757067671.25,54962,F1,75,,,,,
2025-04-17,2025-04-17,FO,NSE,IDO,79737,,NIFTY,,2025-04-24,2025-04-24,25250.0,CE,NIFTY25APR25250CE,1.9,3.8,1.25,3.0,3.05,1.9,23851.65,3.0,233025,189750,13914,26352137501.25,5749,F1,75,,,,,
2025-04-17,2025-04-17,FO,NSE,IDO,51810,,NIFTY,,2025-04-30,2025-04-30,21200.0,CE,NIFTY2543021200CE,0.0,0.0,0.0,2210.0,2210.0,2210.0,23851.65,2700.7,75,0,0,0.0,0,F1,75,,,,,
2025-04-17,2025-04-17,FO,NSE,IDO,51842,,NIFTY,,2025-04-30,2025-04-30,21800.0,CE,NIFTY2543021800CE,1587.5,2090.1,1587.5,2090.1,2090.1,1587.5,23851.65,2090.1,9975,-675,17,30057825.0,9,F1,75,,,,,
2025-04-17,2025-04-17,FO,NSE,IDO,51854,,NIFTY,,2025-04-30,2025-04-30,22100.0,CE,NIFTY2543022100CE,1350.0,1790.0,1263.1,1790.0,1790.0,1352.0,23851.65,1804.55,9975,150,14,24832203.75,11,F1,75,,,,,
2025-04-17,2025-04-17,FO,NSE,IDO,51870,,NIFTY,,2025-04-30,2025-04-30,22350.0,CE,NIFTY2543022350CE,1112.1,1550.35,1112.1,1538.85,1535.1,1063.85,23851.65,1538.85,3825,-375,30,53590237.5,15,F1,75,,,,,
2025-04-17,2025-04-17,FO,NSE,IDO,51872,,NIFTY,,2025-04-30,2025-04-30,22400.0,CE,NIFTY2543022400CE,1052.0,1489.95,1006.55,1483.6,1489.95,1106.05,23851.65,1483.6,23925,6150,284,504060483.75,144,F1,75,,,,,
2025-04-17,2025-04-17,FO,NSE,IDO,51948,,NIFTY,,2025-04-30,2025-04-30,23500.0,CE,NIFTY2543023500CE,241.95,535.7,199.9,500.2,494.15,250.55,23851.65,500.2,666600,-181200,47899,85640583615.0,30150,F1,75,,,,,
2025-04-17,2025-04-17,FO,NSE,IDO,51982,,NIFTY,,2025-04-30,2025-04-30,24100.0,CE,NIFTY2543024100CE,61.0,160.95,40.2,144.55,144.0,58.45,23851.65,144.55,1618050,1496625,52664,95704771185.0,29907,F1,75,,,,,
2025-04-17,2025-04-17,FO,NSE,IDO,52016,,NIFTY,,2025-04-30,2025-04-30,24650.0,CE,NIFTY2543024650CE,15.75,41.35,9.15,36.85,37.95,15.75,23851.65,36.85,32325,19350,3359,6217327050.0,1430,F1,75,,,,,
2025-04-17,2025-04-17,FO,NSE,IDO,52026,,NIFTY,,2025-04-30,2025-04-30,24700.0,CE,NIFTY2543024700CE,11.0,36.1,8.95,33.55,35.0,13.85,23851.65,33.55,319125,202875,20876,38714315958.75,13047,F1,75,,,,,
2025-04-17,2025-04-17,FO,NSE,IDO,38416,,NIFTY,,2025-05-08,2025-05-08,20600.0,CE,NIFTY2550820600CE,0.0,0.0,0.0,2791.25,0.0,2791.25,23851.65,3328.6,0,0,0,0.0,0,F1,75,,,,,
2025-04-17,2025-04-17,FO,NSE,IDO,38464,,NIFTY,,2025-05-08,2025-05-08,21800.0,CE,NIFTY2550821800CE,2081.2,2081.2,2081.2,2081.2,2081.2,1600.0,23851.65,2136.55,2775,75,1,1791090.0,1,F1,75,,,,,
2025-04-17,2025-04-17,FO,NSE,IDO,38482,,NIFTY,,2025-05-08,2025-05-08,22200.0,CE,NIFTY2550822200CE,1692.75,1693.65,1692.75,1693.65,1693.65,990.3,23851.65,1746.5,525,0,2,3583980.0,2,F1,75,,,,,
2025-04-17,2025-04-17,FO,NSE,IDO,38486,,NIFTY,,2025-05-08,2025-05-08,22300.0,CE,NIFTY2550822300CE,1597.55,1597.55,1597.55,1597.55,1597.55,941.4,23851.65,1650.7,450,0,1,1792316.25,1,F1,75,,,,,
2025-04-17,2025-04-17,FO,NSE,IDO,38506,,NIFTY,,2025-05-08,2025-05-08,22700.0,CE,NIFTY2550822700CE,840.0,1222.55,840.0,1222.55,1222.55,906.9,23851.65,1279.6,1500,0,2,3559691.25,2,F1,75,,,,,
2025-04-17,2025-04-17,FO,NSE,IDO,38514,,NIFTY,,2025-05-08,2025-05-08,22850.0,CE,NIFTY2550822850CE,1093.2,1093.2,1093.2,1093.2,1093.2,728.55,23851.65,1147.4,600,75,1,1795740.0,1,F1,75,,,,,
2025-04-17,2025-04-17,FO,NSE,IDO,38542,,NIFTY,,2025-05-08,2025-05-08,23300.0,CE,NIFTY2550823300CE,419.95,746.85,380.0,712.25,702.15,442.25,23851.65,712.25,10050,-18750,1059,1896322612.5,805,F1,75,,,,,
2025-04-17,2025-04-17,FO,NSE,IDO,38564,,NIFTY,,2025-05-08,2025-05-08,23600.0,CE,NIFTY2550823600CE,264.1,517.0,235.85,484.85,480.15,279.15,23851.65,484.85,21675,150,2159,3887530410.0,1602,F1,75,,,,,
2025-04-17,2025-04-17,FO,NSE,IDO,38586,,NIFTY,,2025-05-08,2025-05-08,23950.0,CE,NIFTY2550823950CE,123.4,304.75,123.4,265.3,287.95,128.25,23851.65,265.3,8100,5250,168,305078133.75,80,F1,75,,,,,
2025-04-17,2025-04-17,FO,NSE,IDO,38592,,NIFTY,,2025-05-08,2025-05-08,24050.0,CE,NIFTY2550824050CE,128.45,242.4,128.45,218.1,226.15,114.0,23851.65,218.1,14775,11325,228,414835147.5,60,F1,75,,,,,
2025-04-17,2025-04-17,FO,NSE,IDO,38629,,NIFTY,,2025-05-08,2025-05-08,24800.0,CE,NIFTY2550824800CE,20.8,55.0,19.3,50.2,51.5,22.3,23851.65,50.2,39525,28500,1971,3672834787.5,1196,F1,75,,,,,
2025-04-17,2025-04-17,FO,NSE,IDO,38634,,NIFTY,,2025-05-08,2025-05-08,24900.0,CE,NIFTY2550824900CE,19.7,48.0,15.0,44.25,46.15,19.7,23851.65,44.25,17625,15600,489,914669051.25,416,F1,75,,,,,
2025-04-17,2025-04-17,FO,NSE,IDO,46120,,NIFTY,,2025-05-15,2025-05-15,21550.0,CE,NIFTY2551521550CE,0.0,0.0,0.0,1107.7,0.0,1107.7,23851.65,2413.3,0,0,0,0.0,0,F1,75,,,,,
2025-04-17,2025-04-17,FO,NSE,IDO,46143,,NIFTY,,2025-05-15,2025-05-15,22050.0,CE,NIFTY2551522050CE,0.0,0.0,0.0,742.9,0.0,742.9,23851.65,1928.05,0,0,0,0.0,0,F1,75,,,,,
2025-04-17,2025-04-17,FO,NSE,IDO,46172,,NIFTY,,2025-05-15,2025-05-15,22700.0,CE,NIFTY2551522700CE,0.0,0.0,0.0,388.6,0.0,388.6,23851.65,1332.25,0,0,0,0.0,0,F1,75,,,,,
2025-04-17,2025-04-17,FO,NSE,IDO,46194,,NIFTY,,2025-05-15,2025-05-15,23050.0,CE,NIFTY2551523050CE,0.0,0.0,0.0,256.55,0.0,256.55,23851.65,1042.35,0,0,0,0.0,0,F1,75,,,,,
2025-04-17,2025-04-17,FO,NSE,IDO,46210,,NIFTY,,2025-05-15,2025-05-15,23400.0,CE,NIFTY2551523400CE,431.5,669.1,392.0,658.15,658.15,439.65,23851.65,658.15,1725,75,37,66305081.25,34,F1,75,,,,,
2025-04-17,2025-04-17,FO,NSE,IDO,46218,,NIFTY,,2025-05-15,2025-05-15,23550.0,CE,NIFTY2551523550CE,0.0,0.0,0.0,130.3,0.0,130.3,23851.65,685.55,0,0,0,0.0,0,F1,75,,,,,
2025-04-17,2025-04-17,FO,NSE,IDO,46222,,NIFTY,,2025-05-15,2025-05-15,23650.0,CE,NIFTY2551523650CE,0.0,0.0,0.0,112.4,0.0,112.4,23851.65,623.8,0,0,0,0.0,0,F1,75,,,,,
2025-04-17,2025-04-17,FO,NSE,IDO,46268,,NIFTY,,2025-05-15,2025-05-15,24450.0,CE,NIFTY2551524450CE,148.7,148.7,148.35,148.35,148.35,29.55,23851.65,254.45,750,750,10,18448863.75,5,F1,75,,,,,
2025-04-17,2025-04-17,FO,NSE,IDO,46282,,NIFTY,,2025-05-15,2025-05-15,24800.0,CE,NIFTY2551524800CE,50.05,88.05,50.0,78.5,81.0,15.15,23851.65,78.5,1500,1500,27,50367176.25,23,F1,75,,,,,
2025-04-17,2025-04-17,FO,NSE,IDO,46284,,NIFTY,,2025-05-15,2025-05-15,24850.0,CE,NIFTY2551524850CE,79.9,85.0,79.9,85.0,85.0,13.7,23851.65,147.15,225,225,4,7479967.5,3,F1,75,,,,,
2025-04-17,2025-04-17,FO,NSE,IDO,61353,,NIFTY,,2025-05-29,2025-05-29,20950.0,CE,NIFTY25MAY20950CE,3015.65,3015.65,3015.65,3015.65,3015.65,2520.15,23851.65,3015.65,1425,75,1,1797423.75,1,F1,75,,,,,
2025-04-17,2025-04-17,FO,NSE,IDO,61355,,NIFTY,,2025-05-29,2025-05-29,21000.0,CE,NIFTY25MAY21000CE,2525.0,2965.0,2467.45,2950.15,2957.25,2551.6,23851.65,2950.15,231600,47100,705,1260395985.0,351,F1,75,,,,,
2025-04-17,2025-04-17,FO,NSE,IDO,61360,,NIFTY,,2025-05-29,2025-05-29,21100.0,CE,NIFTY25MAY21100CE,2840.5,2841.65,2840.25,2840.25,2840.25,2333.7,23851.65,2921.05,7050,0,3,5386680.0,3,F1,75,,,,,
2025-04-17,2025-04-17,FO,NSE,IDO,61393,,NIFTY,,2025-05-29,2025-05-29,21450.0,CE,NIFTY25MAY21450CE,2529.6,2529.6,2529.6,2529.6,2529.6,2046.5,23851.65,2580.35,1275,75,1,1798470.0,1,F1,75,,,,,
2025-04-17,2025-04-17,FO,NSE,IDO,61401,,NIFTY,,2025-05-29,2025-05-29,21650.0,CE,NIFTY25MAY21650CE,2338.0,2338.0,2338.0,2338.0,2338.0,1928.15,23851.65,2388.2,1800,75,1,1799100.0,1,F1,75,,,,,
2025-04-17,2025-04-17,FO,NSE,IDO,61473,,NIFTY,,2025-05-29,2025-05-29,21850.0,CE,NIFTY25MAY21850CE,2157.95,2157.95,2157.95,2157.95,2157.95,1699.75,23851.65,2198.65,2250,75,1,1800596.25,1,F1,75,,,,,
