TradDt,BizDt,Sgmt,Src,FinInstrmTp,FinInstrmId,ISIN,TckrSymb,SctySrs,XpryDt,FininstrmActlXpryDt,StrkPric,OptnTp,FinInstrmNm,OpnPric,HghPric,LwPric,ClsPric,LastPric,PrvsClsgPric,UndrlygPric,SttlmPric,OpnIntrst,ChngInOpnIntrst,TtlTradgVol,TtlTrfVal,TtlNbOfTxsExctd,SsnId,NewBrdLotQty,Rmks,Rsvd1,Rsvd2,Rsvd3,Rsvd4
2025-02-24,2025-02-24,FO,NSE,IDO,45446,,NIFTY,,2025-03-13,2025-03-13,22150.0,CE,NIFTY2531322150CE,0.0,0.0,0.0,822.55,822.55,822.55,22553.35,556.75,75,0,0,0.0,0,F1,75,,,,,
2025-02-24,2025-02-24,FO,NSE,IDO,45462,,NIFTY,,2025-03-13,2025-03-13,22400.0,CE,NIFTY2531322400CE,481.05,481.45,422.6,439.3,436.9,619.2,22553.35,439.3,21975,21675,458,785141913.75,415,F1,75,,,,,
2025-02-24,2025-02-24,FO,NSE,IDO,45472,,NIFTY,,2025-03-13,2025-03-13,22600.0,CE,NIFTY2531322600CE,416.25,416.25,299.0,311.6,303.2,469.2,22553.35,311.6,71700,59775,3542,6090078723.75,2636,F1,75,,,,,
2025-02-24,2025-02-24,FO,NSE,IDO,45476,,NIFTY,,2025-03-13,2025-03-13,22700.0,CE,NIFTY2531322700CE,343.0,345.0,244.35,252.95,249.95,403.4,22553.35,252.95,79575,66075,3296,5678539282.5,2300,F1,75,,,,,
2025-02-24,2025-02-24,FO,NSE,IDO,45504,,NIFTY,,2025-03-13,2025-03-13,23150.0,CE,NIFTY2531323150CE,156.9,156.9,80.15,81.75,80.5,169.65,22553.35,81.75,8325,6825,257,447994871.25,157,F1,75,,,,,
2025-02-24,2025-02-24,FO,NSE,IDO,45527,,NIFTY,,2025-03-13,2025-03-13,23500.0,CE,NIFTY2531323500CE,54.0,55.3,26.75,27.8,27.1,70.5,22553.35,27.8,189900,100800,7691,13575689617.5,3338,F1,75,,,,,
2025-02-24,2025-02-24,FO,NSE,IDO,45554,,NIFTY,,2025-03-13,2025-03-13,24100.0,CE,NIFTY2531324100CE,8.65,9.0,4.45,5.45,5.35,11.85,22553.35,5.45,23250,-3225,644,1164344970.0,302,F1,75,,,,,
2025-02-24,2025-02-24,FO,NSE,IDO,45612,,NIFTY,,2025-03-13,2025-03-13,24650.0,CE,NIFTY2531324650CE,3.7,3.8,3.2,3.6,3.6,16.0,22553.35,0.25,1350,1125,20,36980467.5,7,F1,75,,,,,
2025-02-24,2025-02-24,FO,NSE,IDO,45642,,NIFTY,,2025-03-13,2025-03-13,25050.0,CE,NIFTY2531325050CE,0.0,0.0,0.0,3.65,3.65,3.65,22553.35,0.05,225,0,0,0.0,0,F1,75,,,,,
2025-02-24,2025-02-24,FO,NSE,IDO,45651,,NIFTY,,2025-03-13,2025-03-13,25250.0,CE,NIFTY2531325250CE,3.0,3.1,3.0,3.1,3.1,4.0,22553.35,0.05,975,225,3,5681940.0,2,F1,75,,,,,
2025-02-24,2025-02-24,FO,NSE,IDO,50149,,NIFTY,,2025-03-20,2025-03-20,22000.0,CE,NIFTY2532022000CE,0.0,0.0,0.0,1266.6,0.0,1266.6,22553.35,730.1,0,0,0,0.0,0,F1,75,,,,,
2025-02-24,2025-02-24,FO,NSE,IDO,50155,,NIFTY,,2025-03-20,2025-03-20,22100.0,CE,NIFTY2532022100CE,0.0,0.0,0.0,1183.4,0.0,1183.4,22553.35,652.5,0,0,0,0.0,0,F1,75,,,,,
2025-02-24,2025-02-24,FO,NSE,IDO,50194,,NIFTY,,2025-03-20,2025-03-20,22550.0,CE,NIFTY2532022550CE,454.85,454.85,392.45,403.6,403.6,839.9,22553.35,403.6,900,900,24,41332151.25,19,F1,75,,,,,
2025-02-24,2025-02-24,FO,NSE,IDO,50221,,NIFTY,,2025-03-20,2025-03-20,22950.0,CE,NIFTY2532022950CE,0.0,0.0,0.0,450.0,450.0,450.0,22553.35,182.35,75,0,0,0.0,0,F1,75,,,,,
2025-02-24,2025-02-24,FO,NSE,IDO,50305,,NIFTY,,2025-03-20,2025-03-20,24550.0,CE,NIFTY2532024550CE,0.0,0.0,0.0,75.0,0.0,75.0,22553.35,2.45,0,0,0,0.0,0,F1,75,,,,,
2025-02-24,2025-02-24,FO,NSE,IDO,50321,,NIFTY,,2025-03-20,2025-03-20,24800.0,CE,NIFTY2532024800CE,5.95,6.55,4.75,5.0,5.1,7.3,22553.35,5.0,5400,825,74,137671076.25,31,F1,75,,,,,
2025-02-24,2025-02-24,FO,NSE,IDO,46842,,NIFTY,,2025-03-27,2025-03-27,21200.0,CE,NIFTY25MAR21200CE,0.0,0.0,0.0,2973.05,0.0,2973.05,22553.35,1484.15,0,0,0,0.0,0,F1,75,,,,,
2025-02-24,2025-02-24,FO,NSE,IDO,46878,,NIFTY,,2025-03-27,2025-03-27,21450.0,CE,NIFTY25MAR21450CE,0.0,0.0,0.0,2743.75,0.0,2743.75,22553.35,1250.25,0,0,0,0.0,0,F1,75,,,,,
2025-02-24,2025-02-24,FO,NSE,IDO,46974,,NIFTY,,2025-03-27,2025-03-27,22150.0,CE,NIFTY25MAR22150CE,0.0,0.0,0.0,942.0,942.0,942.0,22553.35,669.25,150,0,0,0.0,0,F1,75,,,,,
2025-02-24,2025-02-24,FO,NSE,IDO,48251,,NIFTY,,2025-03-27,2025-03-27,23050.0,CE,NIFTY25MAR23050CE,270.45,270.45,201.0,209.65,204.85,335.0,22553.35,209.65,37725,9975,851,1485407118.75,630,F1,75,,,,,
2025-02-24,2025-02-24,FO,NSE,IDO,48349,,NIFTY,,2025-03-27,2025-03-27,23150.0,CE,NIFTY25MAR23150CE,240.0,241.75,165.45,171.95,172.45,283.6,22553.35,171.95,73950,4200,1111,1945032697.5,868,F1,75,,,,,
2025-02-24,2025-02-24,FO,NSE,IDO,56874,,NIFTY,,2025-03-27,2025-03-27,25250.0,CE,NIFTY25MAR25250CE,0.0,0.0,0.0,11.05,11.35,11.05,22553.35,0.8,3600,0,0,0.0,0,F1,75,,,,,
2025-02-24,2025-02-24,FO,NSE,IDO,58782,,NIFTY,,2025-03-27,2025-03-27,25800.0,CE,NIFTY25MAR25800CE,6.15,6.5,5.55,5.95,5.8,6.1,22553.35,5.95,53625,600,305,590311871.25,161,F1,75,,,,,
2025-02-24,2025-02-24,FO,NSE,IDO,54580,,NIFTY,,2025-04-03,2025-04-03,22050.0,CE,NIFTY2540322050CE,0.0,0.0,0.0,1174.65,0.0,1174.65,22553.35,792.3,0,0,0,0.0,0,F1,75,,,,,
2025-02-24,2025-02-24,FO,NSE,IDO,54582,,NIFTY,,2025-04-03,2025-04-03,22100.0,CE,NIFTY2540322100CE,0.0,0.0,0.0,1135.35,0.0,1135.35,22553.35,755.7,0,0,0,0.0,0,F1,75,,,,,
2025-02-24,2025-02-24,FO,NSE,IDO,54588,,NIFTY,,2025-04-03,2025-04-03,22250.0,CE,NIFTY2540322250CE,0.0,0.0,0.0,1021.1,0.0,1021.1,22553.35,651.1,0,0,0,0.0,0,F1,75,,,,,
2025-02-24,2025-02-24,FO,NSE,IDO,54636,,NIFTY,,2025-04-03,2025-04-03,22950.0,CE,NIFTY2540322950CE,0.0,0.0,0.0,445.1,445.1,445.1,22553.35,279.35,0,0,0,0.0,0,F1,75,,,,,
2025-02-24,2025-02-24,FO,NSE,IDO,54644,,NIFTY,,2025-04-03,2025-04-03,23100.0,CE,NIFTY2540323100CE,265.0,265.0,265.0,265.0,265.0,348.85,22553.35,225.0,75,75,1,1752375.0,1,F1,75,,,,,
2025-02-24,2025-02-24,FO,NSE,IDO,54706,,NIFTY,,2025-04-03,2025-04-03,23400.0,CE,NIFTY2540323400CE,0.0,0.0,0.0,363.65,0.0,363.65,22553.35,140.3,0,0,0,0.0,0,F1,75,,,,,
2025-02-24,2025-02-24,FO,NSE,IDO,54755,,NIFTY,,2025-04-03,2025-04-03,23700.0,CE,NIFTY2540323700CE,0.0,0.0,0.0,259.0,0.0,259.0,22553.35,82.85,0,0,0,0.0,0,F1,75,,,,,
2025-02-24,2025-02-24,FO,NSE,IDO,54860,,NIFTY,,2025-04-03,2025-04-03,24550.0,CE,NIFTY2540324550CE,0.0,0.0,0.0,83.7,0.0,83.7,22553.35,13.75,0,0,0,0.0,0,F1,75,,,,,
2025-02-24,2025-02-24,FO,NSE,IDO,79268,,NIFTY,,2025-04-24,2025-04-24,21800.0,CE,NIFTY25APR21800CE,0.0,0.0,0.0,1943.8,0.0,1943.8,22553.35,1115.35,0,0,0,0.0,0,F1,75,,,,,
2025-02-24,2025-02-24,FO,NSE,IDO,79283,,NIFTY,,2025-04-24,2025-04-24,22000.0,CE,NIFTY25APR22000CE,1160.05,1160.05,1045.0,1067.5,1068.6,1259.0,22553.35,1067.5,52950,19500,660,1142743567.5,359,F1,75,,,,,
2025-02-24,2025-02-24,FO,NSE,IDO,79295,,NIFTY,,2025-04-24,2025-04-24,22150.0,CE,NIFTY25APR22150CE,0.0,0.0,0.0,1662.6,0.0,1662.6,22553.35,858.0,0,0,0,0.0,0,F1,75,,,,,
2025-02-24,2025-02-24,FO,NSE,IDO,79379,,NIFTY,,2025-04-24,2025-04-24,22250.0,CE,NIFTY25APR22250CE,0.0,0.0,0.0,1585.8,0.0,1585.8,22553.35,790.8,0,0,0,0.0,0,F1,75,,,,,
2025-02-24,2025-02-24,FO,NSE,IDO,79382,,NIFTY,,2025-04-24,2025-04-24,22300.0,CE,NIFTY25APR22300CE,887.4,900.0,862.75,862.75,862.75,1029.75,22553.35,758.35,1050,375,8,13905836.25,8,F1,75,,,,,
2025-02-24,2025-02-24,FO,NSE,IDO,79392,,NIFTY,,2025-04-24,2025-04-24,22500.0,CE,NIFTY25APR22500CE,795.0,810.05,687.55,711.85,706.2,875.45,22553.35,711.85,153075,74775,2291,3990603678.75,1446,F1,75,,,,,
2025-02-24,2025-02-24,FO,NSE,IDO,79442,,NIFTY,,2025-04-24,2025-04-24,23250.0,CE,NIFTY25APR23250CE,370.0,370.0,330.0,330.0,330.0,429.05,22553.35,292.65,2100,-75,3,5309478.75,3,F1,75,,,,,
2025-02-24,2025-02-24,FO,NSE,IDO,79501,,NIFTY,,2025-04-24,2025-04-24,23500.0,CE,NIFTY25APR23500CE,290.0,292.6,213.55,218.05,216.0,327.65,22553.35,218.05,242025,52500,4753,8461079696.25,2764,F1,75,,,,,
2025-02-24,2025-02-24,FO,NSE,IDO,79505,,NIFTY,,2025-04-24,2025-04-24,23600.0,CE,NIFTY25APR23600CE,268.7,268.7,179.85,183.6,183.6,283.85,22553.35,183.6,41250,13725,798,1424390182.5,284,F1,75,,,,,
2025-02-24,2025-02-24,FO,NSE,IDO,79515,,NIFTY,,2025-04-24,2025-04-24,23850.0,CE,NIFTY25APR23850CE,149.0,149.65,149.0,149.65,149.65,623.8,22553.35,136.1,1425,1425,19,34199362.5,5,F1,75,,,,,
2025-02-24,2025-02-24,FO,NSE,IDO,79638,,NIFTY,,2025-04-24,2025-04-24,24450.0,CE,NIFTY25APR24450CE,0.0,0.0,0.0,100.75,100.75,100.75,22553.35,55.35,75,0,0,0.0,0,F1,75,,,,,
2025-02-24,2025-02-24,FO,NSE,IDO,79687,,NIFTY,,2025-04-24,2025-04-24,24900.0,CE,NIFTY25APR24900CE,32.0,32.0,22.35,24.65,24.8,37.85,22553.35,24.65,2700,-450,77,143952476.25,40,F1,75,,,,,
2025-02-24,2025-02-24,FO,NSE,IDO,58618,,NIFTY,,2025-06-26,2025-06-26,22000.0,CE,NIFTY25JUN22000CE,1500.0,1500.0,1377.5,1402.1,1402.0,1578.5,22553.35,1402.1,187950,50925,1192,2093368132.5,1067,F1,75,,,,,
2025-02-24,2025-02-24,FO,NSE,IDO,39987,,NIFTY,,2025-12-24,2025-12-24,19000.0,CE,NIFTY25DEC19000CE,4800.0,4800.0,4600.0,4650.0,4650.0,4900.0,22553.35,4581.4,6725,225,4,7102500.0,4,F1,75,,,,,
2025-02-24,2025-02-24,FO,NSE,IDO,71472,,NIFTY,,2026-06-25,2026-06-25,24000.0,CE,NIFTY26JUN24000CE,1650.1,1750.0,1650.1,1750.0,1750.0,1920.0,22553.35,1750.0,600,-75,2,3855007.5,2,F1,75,,,,,
2025-02-24,2025-02-24,FO,NSE,IDO,53631,,NIFTY,,2027-12-30,2027-12-30,27000.0,CE,NIFTY27DEC27000CE,0.0,0.0,0.0,2889.8,0.0,2889.8,22553.35,2068.4,0,0,0,0.0,0,F1,75,,,,,
2025-02-24,2025-02-24,FO,NSE,IDO,86153,,NIFTY,,2028-06-29,2028-06-29,25000.0,CE,NIFTY28JUN25000CE,0.0,0.0,0.0,3545.15,0.0,3545.15,22553.35,3508.8,0,0,0,0.0,0,F1,75,,,,,
2025-02-24,2025-02-24,FO,NSE,IDO,67774,,NIFTY,,2028-12-28,2028-12-28,20000.0,CE,NIFTY28DEC20000CE,0.0,0.0,0.0,8115.5,0.0,8115.5,22553.35,7146.25,0,0,0,0.0,0,F1,75,,,,,
2025-02-24,2025-02-24,FO,NSE,IDO,67778,,NIFTY,,2028-12-28,2028-12-28,22000.0,CE,NIFTY28DEC22000CE,0.0,0.0,0.0,6932.45,0.0,6932.45,22553.35,5801.05,0,0,0,0.0,0,F1,75,,,,,
2025-02-24,2025-02-24,FO,NSE,IDO,55624,,NIFTY,,2025-02-27,2025-02-27,22600.0,PE,NIFTY25FEB22600PE,110.5,131.0,76.0,92.8,95.05,61.05,22553.35,92.8,8478375,4653750,3037569,5172481828218.75,1688253,F1,75,,,,,
2025-02-24,2025-02-24,FO,NSE,IDO,55634,,NIFTY,,2025-02-27,2025-02-27,22850.0,PE,NIFTY25FEB22850PE,205.0,301.55,205.0,258.25,267.45,156.5,22553.35,258.25,664200,-554325,78811,136582787160.0,51893,F1,75,,,,,
2025-02-24,2025-02-24,FO,NSE,IDO,55652,,NIFTY,,2025-02-27,2025-02-27,23300.0,PE,NIFTY25FEB23300PE,625.0,728.4,593.1,688.6,698.5,491.4,22553.35,688.6,1009650,-180975,4981,8958267401.25,3224,F1,75,,,,,
2025-02-24,2025-02-24,FO,NSE,IDO,55654,,NIFTY,,2025-02-27,2025-02-27,23350.0,PE,NIFTY25FEB23350PE,659.95,753.5,659.95,736.0,744.5,539.8,22553.35,736.0,88125,-8850,286,516356846.25,195,F1,75,,,,,
2025-02-24,2025-02-24,FO,NSE,IDO,57608,,NIFTY,,2025-02-27,2025-02-27,24150.0,PE,NIFTY25FEB24150PE,1543.95,1557.95,1504.45,1545.1,1545.1,1334.85,22553.35,1545.1,135225,-2025,54,104049082.5,29,F1,75,,,,,
2025-02-24,2025-02-24,FO,NSE,IDO,57636,,NIFTY,,2025-02-27,2025-02-27,24850.0,PE,NIFTY25FEB24850PE,0.0,0.0,0.0,1846.4,1846.4,1846.4,22553.35,2283.4,75,0,0,0.0,0,F1,75,,,,,
2025-02-24,2025-02-24,FO,NSE,IDO,57648,,NIFTY,,2025-02-27,2025-02-27,25100.0,PE,NIFTY25FEB25100PE,2467.15,2511.0,2441.55,2482.0,2482.0,2266.6,22553.35,2482.0,8025,-1275,22,45476700.0,20,F1,75,,,,,
2025-02-24,2025-02-24,FO,NSE,IDO,57676,,NIFTY,,2025-02-27,2025-02-27,25800.0,PE,NIFTY25FEB25800PE,3180.0,3194.95,3170.2,3186.8,3186.4,2859.4,22553.35,3186.8,19800,-1350,35,76081462.5,19,F1,75,,,,,
2025-02-24,2025-02-24,FO,NSE,IDO,57703,,NIFTY,,2025-02-27,2025-02-27,26300.0,PE,NIFTY25FEB26300PE,3816.05,3816.05,3816.05,3816.05,3816.05,3404.95,22553.35,3732.6,7200,0,3,6776111.25,1,F1,75,,,,,
2025-02-24,2025-02-24,FO,NSE,IDO,68383,,NIFTY,,2025-03-06,2025-03-06,21250.0,PE,NIFTY2530621250PE,4.3,5.5,3.9,4.8,5.45,4.0,22553.35,4.8,18600,8100,1179,1879438976.25,770,F1,75,,,,,
2025-02-24,2025-02-24,FO,NSE,IDO,68404,,NIFTY,,2025-03-06,2025-03-06,21700.0,PE,NIFTY2530621700PE,13.3,17.8,11.7,13.1,13.3,10.75,22553.35,13.1,323625,92175,15082,24562104116.25,9177,F1,75,,,,,
2025-02-24,2025-02-24,FO,NSE,IDO,68479,,NIFTY,,2025-03-06,2025-03-06,23250.0,PE,NIFTY2530623250PE,605.05,614.0,573.55,610.0,610.0,452.55,22553.35,678.2,22800,-600,13,23253847.5,8,F1,75,,,,,
2025-02-24,2025-02-24,FO,NSE,IDO,68601,,NIFTY,,2025-03-06,2025-03-06,24150.0,PE,NIFTY2530624150PE,1488.25,1489.6,1488.25,1489.05,1489.6,1262.9,22553.35,1489.05,1125,600,8,15383426.25,8,F1,75,,,,,
2025-02-24,2025-02-24,FO,NSE,IDO,68611,,NIFTY,,2025-03-06,2025-03-06,24300.0,PE,NIFTY2530624300PE,1618.0,1633.75,1618.0,1626.7,1633.7,1414.65,22553.35,1626.7,2700,2025,31,60278872.5,12,F1,75,,,,,
2025-02-24,2025-02-24,FO,NSE,IDO,68636,,NIFTY,,2025-03-06,2025-03-06,24850.0,PE,NIFTY2530624850PE,0.0,0.0,0.0,1969.55,1969.55,1969.55,22553.35,2252.45,450,0,0,0.0,0,F1,75,,,,,
2025-02-24,2025-02-24,FO,NSE,IDO,68723,,NIFTY,,2025-03-06,2025-03-06,25300.0,PE,NIFTY2530625300PE,0.0,0.0,0.0,2406.6,2406.6,2406.6,22553.35,2701.65,150,0,0,0.0,0,F1,75,,,,,
2025-02-24,2025-02-24,FO,NSE,IDO,45457,,NIFTY,,2025-03-13,2025-03-13,22250.0,PE,NIFTY2531322250PE,122.0,127.95,101.85,112.45,113.9,70.8,22553.35,112.45,5775,5100,143,239894801.25,101,F1,75,,,,,
2025-02-24,2025-02-24,FO,NSE,IDO,45475,,NIFTY,,2025-03-13,2025-03-13,22650.0,PE,NIFTY2531322650PE,251.15,271.2,196.55,243.55,240.55,188.7,22553.35,243.55,9075,2175,455,781356990.0,301,F1,75,,,,,
2025-02-24,2025-02-24,FO,NSE,IDO,45481,,NIFTY,,2025-03-13,2025-03-13,22800.0,PE,NIFTY2531322800PE,262.85,344.7,261.05,316.55,320.15,244.5,22553.35,316.55,44850,13650,1415,2453520240.0,995,F1,75,,,,,
2025-02-24,2025-02-24,FO,NSE,IDO,45520,,NIFTY,,2025-03-13,2025-03-13,23300.0,PE,NIFTY2531323300PE,640.1,685.75,640.1,657.5,665.15,517.3,22553.35,657.5,5700,-4425,151,271347772.5,99,F1,75,,,,,
2025-02-24,2025-02-24,FO,NSE,IDO,45535,,NIFTY,,2025-03-13,2025-03-13,23600.0,PE,NIFTY2531323600PE,0.0,0.0,0.0,743.65,743.65,743.65,22553.35,995.85,150,0,0,0.0,0,F1,75,,,,,
2025-02-24,2025-02-24,FO,NSE,IDO,45537,,NIFTY,,2025-03-13,2025-03-13,23650.0,PE,NIFTY2531323650PE,0.0,0.0,0.0,783.75,783.75,783.75,22553.35,1042.55,75,0,0,0.0,0,F1,75,,,,,
2025-02-24,2025-02-24,FO,NSE,IDO,45545,,NIFTY,,2025-03-13,2025-03-13,23850.0,PE,NIFTY2531323850PE,0.0,0.0,0.0,959.15,959.15,959.15,22553.35,1233.1,75,0,0,0.0,0,F1,75,,,,,
2025-02-24,2025-02-24,FO,NSE,IDO,45547,,NIFTY,,2025-03-13,2025-03-13,23900.0,PE,NIFTY2531323900PE,0.0,0.0,0.0,1005.25,1005.25,1005.25,22553.35,1281.5,75,0,0,0.0,0,F1,75,,,,,
2025-02-24,2025-02-24,FO,NSE,IDO,45635,,NIFTY,,2025-03-13,2025-03-13,24900.0,PE,NIFTY2531324900PE,0.0,0.0,0.0,1983.9,1983.9,1983.9,22553.35,2271.45,75,0,0,0.0,0,F1,75,,,,,
2025-02-24,2025-02-24,FO,NSE,IDO,45647,,NIFTY,,2025-03-13,2025-03-13,25150.0,PE,NIFTY2531325150PE,0.0,0.0,0.0,2231.7,2231.7,2231.7,22553.35,2520.65,75,0,0,0.0,0,F1,75,,,,,
2025-02-24,2025-02-24,FO,NSE,IDO,50120,,NIFTY,,2025-03-20,2025-03-20,21450.0,PE,NIFTY2532021450PE,0.0,0.0,0.0,28.15,0.0,28.15,22553.35,17.6,0,0,0,0.0,0,F1,75,,,,,
2025-02-24,2025-02-24,FO,NSE,IDO,50185,,NIFTY,,2025-03-20,2025-03-20,22450.0,PE,NIFTY2532022450PE,0.0,0.0,0.0,176.65,0.0,176.65,22553.35,216.35,0,0,0,0.0,0,F1,75,,,,,
2025-02-24,2025-02-24,FO,NSE,IDO,50286,,NIFTY,,2025-03-20,2025-03-20,24200.0,PE,NIFTY2532024200PE,0.0,0.0,0.0,1130.9,0.0,1130.9,22553.35,1551.35,0,0,0,0.0,0,F1,75,,,,,
2025-02-24,2025-02-24,FO,NSE,IDO,50304,,NIFTY,,2025-03-20,2025-03-20,24500.0,PE,NIFTY2532024500PE,0.0,0.0,0.0,1381.5,0.0,1381.5,22553.35,1845.1,0,0,0,0.0,0,F1,75,,,,,
2025-02-24,2025-02-24,FO,NSE,IDO,64561,,NIFTY,,2025-03-27,2025-03-27,21000.0,PE,NIFTY25MAR21000PE,28.65,28.65,21.4,23.55,24.5,22.7,22553.35,23.55,3270675,45500,30875,48683671215.0,13643,F1,75,,,,,
2025-02-24,2025-02-24,FO,NSE,IDO,46877,,NIFTY,,2025-03-27,2025-03-27,21400.0,PE,NIFTY25MAR21400PE,43.85,50.2,39.3,43.35,44.8,39.05,22553.35,43.35,243300,30900,3808,6124356075.0,2036,F1,75,,,,,
2025-02-24,2025-02-24,FO,NSE,IDO,46901,,NIFTY,,2025-03-27,2025-03-27,21700.0,PE,NIFTY25MAR21700PE,72.25,81.75,64.6,70.55,71.3,61.8,22553.35,70.55,447450,126525,8910,14549356016.25,5121,F1,75,,,,,
2025-02-24,2025-02-24,FO,NSE,IDO,46927,,NIFTY,,2025-03-27,2025-03-27,21850.0,PE,NIFTY25MAR21850PE,85.4,102.65,84.2,90.8,93.55,77.65,22553.35,90.8,30600,14325,525,863996021.25,276,F1,75,,,,,
2025-02-24,2025-02-24,FO,NSE,IDO,48191,,NIFTY,,2025-03-27,2025-03-27,22800.0,PE,NIFTY25MAR22800PE,375.0,403.0,346.7,375.7,383.85,310.15,22553.35,375.7,1073475,136050,18733,32565129375.0,11157,F1,75,,,,,
2025-02-24,2025-02-24,FO,NSE,IDO,51119,,NIFTY,,2025-03-27,2025-03-27,23300.0,PE,NIFTY25MAR23300PE,631.05,705.0,630.5,668.7,672.65,558.25,22553.35,668.7,138825,-40800,1675,3011347792.5,1097,F1,75,,,,,
2025-02-24,2025-02-24,FO,NSE,IDO,54728,,NIFTY,,2025-03-27,2025-03-27,24100.0,PE,NIFTY25MAR24100PE,1320.1,1355.0,1320.1,1333.1,1355.0,1175.0,22553.35,1333.1,27825,0,5,9537397.5,3,F1,75,,,,,
2025-02-24,2025-02-24,FO,NSE,IDO,55103,,NIFTY,,2025-03-27,2025-03-27,24250.0,PE,NIFTY25MAR24250PE,0.0,0.0,0.0,1135.25,1135.25,1135.25,22553.35,1578.6,14175,0,0,0.0,0,F1,75,,,,,
2025-02-24,2025-02-24,FO,NSE,IDO,56535,,NIFTY,,2025-03-27,2025-03-27,24650.0,PE,NIFTY25MAR24650PE,0.0,0.0,0.0,1668.0,1668.0,1668.0,22553.35,1966.1,75,0,0,0.0,0,F1,75,,,,,
2025-02-24,2025-02-24,FO,NSE,IDO,56867,,NIFTY,,2025-03-27,2025-03-27,25050.0,PE,NIFTY25MAR25050PE,0.0,0.0,0.0,1278.65,0.0,1278.65,22553.35,2360.25,0,0,0,0.0,0,F1,75,,,,,
2025-02-24,2025-02-24,FO,NSE,IDO,56879,,NIFTY,,2025-03-27,2025-03-27,25350.0,PE,NIFTY25MAR25350PE,0.0,0.0,0.0,1487.0,0.0,1487.0,22553.35,2657.65,0,0,0,0.0,0,F1,75,,,,,
2025-02-24,2025-02-24,FO,NSE,IDO,59770,,NIFTY,,2025-03-27,2025-03-27,25950.0,PE,NIFTY25MAR25950PE,3150.0,3150.0,3150.0,3150.0,3150.0,1944.95,22553.35,3253.85,75,75,1,2182500.0,1,F1,75,,,,,
2025-02-24,2025-02-24,FO,NSE,IDO,64591,,NIFTY,,2025-03-27,2025-03-27,30000.0,PE,NIFTY25MAR30000PE,7116.8,7215.3,7116.8,7175.0,7175.0,6960.85,22553.35,7281.5,33000,3775,64,178426695.0,62,F1,75,,,,,
2025-02-24,2025-02-24,FO,NSE,IDO,54563,,NIFTY,,2025-04-03,2025-04-03,21600.0,PE,NIFTY2540321600PE,0.0,0.0,0.0,61.4,0.0,61.4,22553.35,57.05,0,0,0,0.0,0,F1,75,,,,,
2025-02-24,2025-02-24,FO,NSE,IDO,54583,,NIFTY,,2025-04-03,2025-04-03,22100.0,PE,NIFTY2540322100PE,0.0,0.0,0.0,140.35,0.0,140.35,22553.35,153.3,0,0,0,0.0,0,F1,75,,,,,
2025-02-24,2025-02-24,FO,NSE,IDO,54587,,NIFTY,,2025-04-03,2025-04-03,22200.0,PE,NIFTY2540322200PE,0.0,0.0,0.0,162.75,0.0,162.75,22553.35,182.0,0,0,0,0.0,0,F1,75,,,,,
2025-02-24,2025-02-24,FO,NSE,IDO,54589,,NIFTY,,2025-04-03,2025-04-03,22250.0,PE,NIFTY2540322250PE,0.0,0.0,0.0,174.9,0.0,174.9,22553.35,197.7,0,0,0,0.0,0,F1,75,,,,,
2025-02-24,2025-02-24,FO,NSE,IDO,54591,,NIFTY,,2025-04-03,2025-04-03,22300.0,PE,NIFTY2540322300PE,0.0,0.0,0.0,188.5,0.0,188.5,22553.35,214.35,0,0,0,0.0,0,F1,75,,,,,
2025-02-24,2025-02-24,FO,NSE,IDO,54643,,NIFTY,,2025-04-03,2025-04-03,23050.0,PE,NIFTY2540323050PE,0.0,0.0,0.0,467.4,0.0,467.4,22553.35,583.4,0,0,0,0.0,0,F1,75,,,,,
2025-02-24,2025-02-24,FO,NSE,IDO,54711,,NIFTY,,2025-04-03,2025-04-03,23450.0,PE,NIFTY2540323450PE,0.0,0.0,0.0,688.3,0.0,688.3,22553.35,867.5,0,0,0,0.0,0,F1,75,,,,,
2025-02-24,2025-02-24,FO,NSE,IDO,54715,,NIFTY,,2025-04-03,2025-04-03,23550.0,PE,NIFTY2540323550PE,0.0,0.0,0.0,751.15,0.0,751.15,22553.35,946.35,0,0,0,0.0,0,F1,75,,,,,
2025-02-24,2025-02-24,FO,NSE,IDO,54760,,NIFTY,,2025-04-03,2025-04-03,23800.0,PE,NIFTY2540323800PE,0.0,0.0,0.0,920.75,0.0,920.75,22553.35,1154.8,0,0,0,0.0,0,F1,75,,,,,
2025-02-24,2025-02-24,FO,NSE,IDO,54836,,NIFTY,,2025-04-03,2025-04-03,24050.0,PE,NIFTY2540324050PE,0.0,0.0,0.0,1106.8,0.0,1106.8,22553.35,1376.2,0,0,0,0.0,0,F1,75,,,,,
2025-02-24,2025-02-24,FO,NSE,IDO,54865,,NIFTY,,2025-04-03,2025-04-03,24650.0,PE,NIFTY2540324650PE,0.0,0.0,0.0,1606.1,0.0,1606.1,22553.35,1941.2,0,0,0,0.0,0,F1,75,,,,,
2025-02-24,2025-02-24,FO,NSE,IDO,79385,,NIFTY,,2025-04-24,2025-04-24,22350.0,PE,NIFTY25APR22350PE,292.0,292.0,258.5,280.0,280.0,231.55,22553.35,289.7,1725,225,17,28851078.75,10,F1,75,,,,,
2025-02-24,2025-02-24,FO,NSE,IDO,79427,,NIFTY,,2025-04-24,2025-04-24,22950.0,PE,NIFTY25APR22950PE,0.0,0.0,0.0,439.0,439.0,439.0,22553.35,565.45,2175,0,0,0.0,0,F1,75,,,,,
2025-02-24,2025-02-24,FO,NSE,IDO,79489,,NIFTY,,2025-04-24,2025-04-24,23400.0,PE,NIFTY25APR23400PE,750.0,756.65,743.0,752.95,752.95,669.55,22553.35,846.75,5775,-1500,30,54345168.75,18,F1,75,,,,,
2025-02-24,2025-02-24,FO,NSE,IDO,79500,,NIFTY,,2025-04-24,2025-04-24,23450.0,PE,NIFTY25APR23450PE,765.45,765.45,765.45,765.45,765.45,669.25,22553.35,881.65,150,0,1,1816158.75,1,F1,75,,,,,
2025-02-24,2025-02-24,FO,NSE,IDO,79508,,NIFTY,,2025-04-24,2025-04-24,23650.0,PE,NIFTY25APR23650PE,0.0,0.0,0.0,470.0,470.0,470.0,22553.35,1027.75,75,0,0,0.0,0,F1,75,,,,,
2025-02-24,2025-02-24,FO,NSE,IDO,79516,,NIFTY,,2025-04-24,2025-04-24,23850.0,PE,NIFTY25APR23850PE,0.0,0.0,0.0,827.5,0.0,827.5,22553.35,1183.45,0,0,0,0.0,0,F1,75,,,,,
2025-02-24,2025-02-24,FO,NSE,IDO,79633,,NIFTY,,2025-04-24,2025-04-24,24300.0,PE,NIFTY25APR24300PE,0.0,0.0,0.0,1170.0,1170.0,1170.0,22553.35,1562.85,150,0,0,0.0,0,F1,75,,,,,
2025-02-24,2025-02-24,FO,NSE,IDO,79637,,NIFTY,,2025-04-24,2025-04-24,24400.0,PE,NIFTY25APR24400PE,0.0,0.0,0.0,1161.3,0.0,1161.3,22553.35,1651.6,0,0,0,0.0,0,F1,75,,,,,
2025-02-24,2025-02-24,FO,NSE,IDO,79641,,NIFTY,,2025-04-24,2025-04-24,24500.0,PE,NIFTY25APR24500PE,1591.5,1646.55,1565.45,1603.5,1614.0,1435.15,22553.35,1603.5,129750,-1725,89,174272962.5,55,F1,75,,,,,
2025-02-24,2025-02-24,FO,NSE,IDO,79679,,NIFTY,,2025-04-24,2025-04-24,24850.0,PE,NIFTY25APR24850PE,0.0,0.0,0.0,1478.0,0.0,1478.0,22553.35,2065.1,0,0,0,0.0,0,F1,75,,,,,
2025-02-24,2025-02-24,FO,NSE,IDO,64685,,NIFTY,,2025-09-25,2025-09-25,20000.0,PE,NIFTY25SEP20000PE,0.0,0.0,0.0,22.8,0.0,22.8,22553.35,54.65,0,0,0,0.0,0,F1,75,,,,,
2025-02-24,2025-02-24,FO,NSE,IDO,64697,,NIFTY,,2025-09-25,2025-09-25,26000.0,PE,NIFTY25SEP26000PE,0.0,0.0,0.0,812.55,0.0,812.55,22553.35,2670.3,0,0,0,0.0,0,F1,75,,,,,
2025-02-24,2025-02-24,FO,NSE,IDO,49178,,NIFTY,,2025-12-24,2025-12-24,16000.0,PE,NIFTY25DEC16000PE,0.0,0.0,0.0,20.25,20.25,20.25,22553.35,0.3,2125,0,0,0.0,0,F1,75,,,,,
2025-02-24,2025-02-24,FO,NSE,IDO,71403,,NIFTY,,2025-12-24,2025-12-24,26000.0,PE,NIFTY25DEC26000PE,2245.0,2330.0,2245.0,2300.5,2300.0,2162.3,22553.35,2300.5,149325,1725,116,246198412.5,110,F1,75,,,,,
2025-02-24,2025-02-24,FO,NSE,IDO,38157,,NIFTY,,2026-06-25,2026-06-25,29000.0,PE,NIFTY26JUN29000PE,0.0,0.0,0.0,5546.1,0.0,5546.1,22553.35,4313.6,0,0,0,0.0,0,F1,75,,,,,
2025-02-24,2025-02-24,FO,NSE,IDO,37810,,NIFTY,,2026-12-31,2026-12-31,23000.0,PE,NIFTY26DEC23000PE,925.0,934.95,915.0,921.0,926.0,910.0,22553.35,921.0,14175,675,10,17942092.5,10,F1,75,,,,,
2025-02-24,2025-02-24,FO,NSE,IDO,71504,,NIFTY,,2026-12-31,2026-12-31,25000.0,PE,NIFTY26DEC25000PE,0.0,0.0,0.0,1400.05,1400.05,1400.05,22553.35,1427.0,525,0,0,0.0,0,F1,75,,,,,
2025-02-24,2025-02-24,FO,NSE,IDO,50979,,NIFTY,,2026-12-31,2026-12-31,27000.0,PE,NIFTY26DEC27000PE,0.0,0.0,0.0,6522.3,0.0,6522.3,22553.35,2460.65,0,0,0,0.0,0,F1,75,,,,,
2025-02-24,2025-02-24,FO,NSE,IDO,71552,,NIFTY,,2027-06-24,2027-06-24,20000.0,PE,NIFTY27JUN20000PE,0.0,0.0,0.0,3034.2,0.0,3034.2,22553.35,167.6,0,0,0,0.0,0,F1,75,,,,,
2025-02-24,2025-02-24,FO,NSE,IDO,71559,,NIFTY,,2027-06-24,2027-06-24,23000.0,PE,NIFTY27JUN23000PE,0.0,0.0,0.0,4514.3,0.0,4514.3,22553.35,665.65,0,0,0,0.0,0,F1,75,,,,,
2025-02-24,2025-02-24,FO,NSE,IDO,86146,,NIFTY,,2028-06-29,2028-06-29,21000.0,PE,NIFTY28JUN21000PE,0.0,0.0,0.0,907.2,0.0,907.2,22553.35,272.65,0,0,0,0.0,0,F1,75,,,,,
2025-02-24,2025-02-24,FO,NSE,IDO,86152,,NIFTY,,2028-06-29,2028-06-29,24000.0,PE,NIFTY28JUN24000PE,0.0,0.0,0.0,1692.75,0.0,1692.75,22553.35,801.85,0,0,0,0.0,0,F1,75,,,,,
2025-02-24,2025-02-24,FO,NSE,IDO,86164,,NIFTY,,2028-06-29,2028-06-29,27000.0,PE,NIFTY28JUN27000PE,0.0,0.0,0.0,2752.35,0.0,2752.35,22553.35,1754.7,0,0,0,0.0,0,F1,75,,,,,
2025-02-24,2025-02-24,FO,NSE,IDO,67771,,NIFTY,,2028-12-28,2028-12-28,18000.0,PE,NIFTY28DEC18000PE,0.0,0.0,0.0,104.65,0.0,104.65,22553.35,62.25,0,0,0,0.0,0,F1,75,,,,,
2025-02-24,2025-02-24,FO,NSE,IDO,67775,,NIFTY,,2028-12-28,2028-12-28,20000.0,PE,NIFTY28DEC20000PE,0.0,0.0,0.0,370.0,370.0,370.0,22553.35,171.25,875,0,0,0.0,0,F1,75,,,,,
2025-02-24,2025-02-24,FO,NSE,IDO,89613,,NIFTY,,2029-06-28,2029-06-28,18000.0,PE,NIFTY29JUN18000PE,0.0,0.0,0.0,118.45,0.0,118.45,22553.35,63.55,0,0,0,0.0,0,F1,75,,,,,
2025-02-24,2025-02-24,FO,NSE,IDO,61747,,NIFTY,,2029-12-27,2029-12-27,23000.0,PE,NIFTY29DEC23000PE,0.0,0.0,0.0,900.0,900.0,900.0,22553.35,464.6,2700,0,0,0.0,0,F1,75,,,,,
2025-02-24,2025-02-24,FO,NSE,IDO,61773,,NIFTY,,2029-12-27,2029-12-27,25000.0,PE,NIFTY29DEC25000PE,0.0,0.0,0.0,785.3,0.0,785.3,22553.35,811.3,0,0,0,0.0,0,F1,75,,,,,
2025-02-24,2025-02-24,FO,NSE,IDO,54593,,NIFTY,,2025-04-03,2025-04-03,22350.0,PE,NIFTY2540322350PE,0.0,0.0,0.0,201.0,0.0,201.0,22553.35,231.95,0,0,0,0.0,0,F1,75,,,,,
2025-02-24,2025-02-24,FO,NSE,IDO,54666,,NIFTY,,2025-04-03,2025-04-03,23200.0,PE,NIFTY2540323200PE,0.0,0.0,0.0,544.35,0.0,544.35,22553.35,683.55,0,0,0,0.0,0,F1,75,,,,,
2025-02-24,2025-02-24,FO,NSE,IDO,54780,,NIFTY,,2025-04-03,2025-04-03,23950.0,PE,NIFTY2540323950PE,0.0,0.0,0.0,1031.5,0.0,1031.5,22553.35,1286.3,0,0,0,0.0,0,F1,75,,,,,
2025-02-24,2025-02-24,FO,NSE,IDO,79238,,NIFTY,,2025-04-24,2025-04-24,21200.0,PE,NIFTY25APR21200PE,0.0,0.0,0.0,61.6,0.0,61.6,22553.35,47.3,0,0,0,0.0,0,F1,75,,,,,
2025-02-24,2025-02-24,FO,NSE,IDO,79250,,NIFTY,,2025-04-24,2025-04-24,21350.0,PE,NIFTY25APR21350PE,0.0,0.0,0.0,75.3,0.0,75.3,22553.35,62.7,0,0,0,0.0,0,F1,75,,,,,
2025-02-24,2025-02-24,FO,NSE,IDO,54573,,NIFTY,,2025-04-03,2025-04-03,21850.0,PE,NIFTY2540321850PE,0.0,0.0,0.0,94.6,0.0,94.6,22553.35,96.2,0,0,0,0.0,0,F1,75,,,,,
2025-02-24,2025-02-24,FO,NSE,IDO,54539,,NIFTY,,2025-04-03,2025-04-03,21250.0,PE,NIFTY2540321250PE,0.0,0.0,0.0,31.35,0.0,31.35,22553.35,24.8,0,0,0,0.0,0,F1,75,,,,,
2025-02-24,2025-02-24,FO,NSE,IDO,54535,,NIFTY,,2025-04-03,2025-04-03,21150.0,PE,NIFTY2540321150PE,0.0,0.0,0.0,25.5,0.0,25.5,22553.35,19.1,0,0,0,0.0,0,F1,75,,,,,
2025-02-24,2025-02-24,FO,NSE,IDO,58792,,NIFTY,,2025-03-27,2025-03-27,25850.0,PE,NIFTY25MAR25850PE,0.0,0.0,0.0,1865.25,0.0,1865.25,22553.35,3154.45,0,0,0,0.0,0,F1,75,,,,,
2025-02-24,2025-02-24,FO,NSE,IDO,47041,,NIFTY,,2025-03-27,2025-03-27,22750.0,PE,NIFTY25MAR22750PE,331.65,380.0,329.05,353.2,356.4,289.65,22553.35,353.2,89100,29850,1448,2509173255.0,1031,F1,75,,,,,
2025-02-24,2025-02-24,FO,NSE,IDO,64563,,NIFTY,,2025-03-27,2025-03-27,22000.0,PE,NIFTY25MAR22000PE,120.05,132.65,106.9,116.45,119.7,99.7,22553.35,116.45,5455225,1167100,68178,113100720487.5,30749,F1,75,,,,,
2025-02-24,2025-02-24,FO,NSE,IDO,46867,,NIFTY,,2025-03-27,2025-03-27,21300.0,PE,NIFTY25MAR21300PE,42.05,43.15,33.2,36.65,37.45,33.75,22553.35,36.65,199125,38775,4528,7246095547.5,2470,F1,75,,,,,
2025-02-24,2025-02-24,FO,NSE,IDO,46828,,NIFTY,,2025-03-27,2025-03-27,21050.0,PE,NIFTY25MAR21050PE,29.55,29.55,22.55,25.0,26.05,32.3,22553.35,25.0,9600,9600,386,610132106.25,213,F1,75,,,,,
2025-02-24,2025-02-24,FO,NSE,IDO,50292,,NIFTY,,2025-03-20,2025-03-20,24350.0,PE,NIFTY2532024350PE,0.0,0.0,0.0,1254.0,0.0,1254.0,22553.35,1697.65,0,0,0,0.0,0,F1,75,,,,,
2025-02-24,2025-02-24,FO,NSE,IDO,50250,,NIFTY,,2025-03-20,2025-03-20,23600.0,PE,NIFTY2532023600PE,0.0,0.0,0.0,693.95,0.0,693.95,22553.35,989.7,0,0,0,0.0,0,F1,75,,,,,
2025-02-24,2025-02-24,FO,NSE,IDO,50236,,NIFTY,,2025-03-20,2025-03-20,23300.0,PE,NIFTY2532023300PE,0.0,0.0,0.0,515.95,0.0,515.95,22553.35,736.35,0,0,0,0.0,0,F1,75,,,,,
2025-02-24,2025-02-24,FO,NSE,IDO,50195,,NIFTY,,2025-03-20,2025-03-20,22550.0,PE,NIFTY2532022550PE,0.0,0.0,0.0,203.55,0.0,203.55,22553.35,259.15,0,0,0,0.0,0,F1,75,,,,,
2025-02-24,2025-02-24,FO,NSE,IDO,50154,,NIFTY,,2025-03-20,2025-03-20,22050.0,PE,NIFTY2532022050PE,0.0,0.0,0.0,81.75,81.75,81.75,22553.35,93.45,750,0,0,0.0,0,F1,75,,,,,
2025-02-24,2025-02-24,FO,NSE,IDO,50140,,NIFTY,,2025-03-20,2025-03-20,21850.0,PE,NIFTY2532021850PE,0.0,0.0,0.0,63.75,0.0,63.75,22553.35,56.8,0,0,0,0.0,0,F1,75,,,,,
2025-02-24,2025-02-24,FO,NSE,IDO,50134,,NIFTY,,2025-03-20,2025-03-20,21700.0,PE,NIFTY2532021700PE,55.0,55.0,55.0,55.0,55.0,47.6,22553.35,37.65,75,75,1,1631625.0,1,F1,75,,,,,
2025-02-24,2025-02-24,FO,NSE,IDO,50126,,NIFTY,,2025-03-20,2025-03-20,21550.0,PE,NIFTY2532021550PE,0.0,0.0,0.0,34.95,0.0,34.95,22553.35,24.15,0,0,0,0.0,0,F1,75,,,,,
2025-02-24,2025-02-24,FO,NSE,IDO,45609,,NIFTY,,2025-03-13,2025-03-13,24550.0,PE,NIFTY2531324550PE,0.0,0.0,0.0,1636.45,1637.25,1636.45,22553.35,1922.9,150,0,0,0.0,0,F1,75,,,,,
2025-02-24,2025-02-24,FO,NSE,IDO,45592,,NIFTY,,2025-03-13,2025-03-13,24350.0,PE,NIFTY2531324350PE,0.0,0.0,0.0,1436.55,1436.55,1436.55,22553.35,1724.15,75,0,0,0.0,0,F1,75,,,,,
2025-02-24,2025-02-24,FO,NSE,IDO,45439,,NIFTY,,2025-03-13,2025-03-13,21950.0,PE,NIFTY2531321950PE,58.45,69.55,54.2,59.0,58.95,44.15,22553.35,59.0,10725,9225,150,247622456.25,74,F1,75,,,,,
2025-02-24,2025-02-24,FO,NSE,IDO,68871,,NIFTY,,2025-03-06,2025-03-06,25450.0,PE,NIFTY2530625450PE,0.0,0.0,0.0,2558.4,2558.4,2558.4,22553.35,2851.35,225,0,0,0.0,0,F1,75,,,,,
2025-02-24,2025-02-24,FO,NSE,IDO,68646,,NIFTY,,2025-03-06,2025-03-06,24900.0,PE,NIFTY2530624900PE,2204.0,2204.0,2204.0,2204.0,2204.0,2010.45,22553.35,2302.35,450,75,1,2032800.0,1,F1,75,,,,,
2025-02-24,2025-02-24,FO,NSE,IDO,68634,,NIFTY,,2025-03-06,2025-03-06,24800.0,PE,NIFTY2530624800PE,0.0,0.0,0.0,1908.75,1908.75,1908.75,22553.35,2202.55,300,0,0,0.0,0,F1,75,,,,,
2025-02-24,2025-02-24,FO,NSE,IDO,68619,,NIFTY,,2025-03-06,2025-03-06,24500.0,PE,NIFTY2530624500PE,1797.0,1850.0,1780.0,1834.35,1837.45,1620.5,22553.35,1834.35,6525,5700,80,157948237.5,45,F1,75,,,,,
2025-02-24,2025-02-24,FO,NSE,IDO,68613,,NIFTY,,2025-03-06,2025-03-06,24350.0,PE,NIFTY2530624350PE,1660.0,1660.0,1660.0,1660.0,1660.0,1470.0,22553.35,1753.35,825,75,1,1950750.0,1,F1,75,,,,,
2025-02-24,2025-02-24,FO,NSE,IDO,55601,,NIFTY,,2025-02-27,2025-02-27,22050.0,CE,NIFTY25FEB22050CE,608.15,625.75,536.65,569.2,562.7,768.0,22553.35,569.2,18000,17175,537,911842743.75,291,F1,75,,,,,
2025-02-24,2025-02-24,FO,NSE,IDO,55615,,NIFTY,,2025-02-27,2025-02-27,22400.0,CE,NIFTY25FEB22400CE,300.0,353.25,222.8,249.95,242.5,443.85,22553.35,249.95,461625,382800,123975,210721896963.75,76979,F1,75,,,,,
2025-02-24,2025-02-24,FO,NSE,IDO,55623,,NIFTY,,2025-02-27,2025-02-27,22600.0,CE,NIFTY25FEB22600CE,198.2,205.55,96.75,109.5,103.9,280.85,22553.35,109.5,9079950,8626575,2253889,3841924438301.25,1367825,F1,75,,,,,
2025-02-24,2025-02-24,FO,NSE,IDO,55643,,NIFTY,,2025-02-27,2025-02-27,23100.0,CE,NIFTY25FEB23100CE,28.0,28.0,6.3,7.05,6.7,40.55,22553.35,7.05,5764275,-2641275,1015980,1761069470527.5,287116,F1,75,,,,,
2025-02-24,2025-02-24,FO,NSE,IDO,55647,,NIFTY,,2025-02-27,2025-02-27,23200.0,CE,NIFTY25FEB23200CE,12.05,14.0,4.3,4.7,4.4,24.2,22553.35,4.7,7634700,1287150,956935,1665574884813.75,237730,F1,75,,,,,
2025-02-24,2025-02-24,FO,NSE,IDO,57665,,NIFTY,,2025-02-27,2025-02-27,25550.0,CE,NIFTY25FEB25550CE,1.1,1.4,0.65,1.1,1.1,0.9,22553.35,1.1,39450,-3675,5781,11078257278.75,1664,F1,75,,,,,
2025-02-24,2025-02-24,FO,NSE,IDO,57691,,NIFTY,,2025-02-27,2025-02-27,26200.0,CE,NIFTY25FEB26200CE,0.9,1.8,0.7,0.85,0.8,0.8,22553.35,0.85,143550,-12150,20147,39590132718.75,4371,F1,75,,,,,
2025-02-24,2025-02-24,FO,NSE,IDO,68403,,NIFTY,,2025-03-06,2025-03-06,21700.0,CE,NIFTY2530621700CE,976.0,1016.0,976.0,978.0,978.0,1190.85,22553.35,978.0,750,300,10,17015242.5,10,F1,75,,,,,
2025-02-24,2025-02-24,FO,NSE,IDO,68419,,NIFTY,,2025-03-06,2025-03-06,22050.0,CE,NIFTY2530622050CE,669.95,669.95,626.75,626.75,626.75,848.9,22553.35,575.9,525,150,3,5107312.5,3,F1,75,,,,,
2025-02-24,2025-02-24,FO,NSE,IDO,68456,,NIFTY,,2025-03-06,2025-03-06,22750.0,CE,NIFTY2530622750CE,224.1,233.85,144.5,150.9,147.0,295.75,22553.35,150.9,109125,69075,9888,16998424173.75,6927,F1,75,,,,,
2025-02-24,2025-02-24,FO,NSE,IDO,68592,,NIFTY,,2025-03-06,2025-03-06,23950.0,CE,NIFTY2530623950CE,6.6,6.6,3.75,4.05,3.8,7.1,22553.35,4.05,92025,41475,3991,7170178331.25,2450,F1,75,,,,,
2025-02-24,2025-02-24,FO,NSE,IDO,68596,,NIFTY,,2025-03-06,2025-03-06,24050.0,CE,NIFTY2530624050CE,5.4,6.8,3.35,3.7,3.55,5.35,22553.35,3.7,70050,6600,3629,6546835470.0,2001,F1,75,,,,,
2025-02-24,2025-02-24,FO,NSE,IDO,68600,,NIFTY,,2025-03-06,2025-03-06,24150.0,CE,NIFTY2530624150CE,4.05,4.05,2.85,3.35,3.2,4.45,22553.35,3.35,39150,-4350,814,1474553272.5,441,F1,75,,,,,
2025-02-24,2025-02-24,FO,NSE,IDO,68664,,NIFTY,,2025-03-06,2025-03-06,25100.0,CE,NIFTY2530625100CE,1.9,2.1,1.75,1.9,1.75,1.85,22553.35,1.9,16575,-4725,363,683399883.75,184,F1,75,,,,,
2025-02-24,2025-02-24,FO,NSE,IDO,45423,,NIFTY,,2025-03-13,2025-03-13,21650.0,CE,NIFTY2531321650CE,0.0,0.0,0.0,1269.25,1269.25,1269.25,22553.35,986.2,75,0,0,0.0,0,F1,75,,,,,
2025-02-24,2025-02-24,FO,NSE,IDO,45433,,NIFTY,,2025-03-13,2025-03-13,21850.0,CE,NIFTY2531321850CE,0.0,0.0,0.0,1086.9,1086.9,1086.9,22553.35,804.5,75,0,0,0.0,0,F1,75,,,,,
2025-02-24,2025-02-24,FO,NSE,IDO,45490,,NIFTY,,2025-03-13,2025-03-13,23050.0,CE,NIFTY2531323050CE,151.55,152.45,103.15,108.8,103.15,215.75,22553.35,108.8,14100,11700,374,650097157.5,294,F1,75,,,,,
2025-02-24,2025-02-24,FO,NSE,IDO,45492,,NIFTY,,2025-03-13,2025-03-13,23100.0,CE,NIFTY2531323100CE,145.0,148.1,91.1,94.8,91.9,192.5,22553.35,94.8,45600,31875,1832,3188312118.75,1077,F1,75,,,,,
2025-02-24,2025-02-24,FO,NSE,IDO,45550,,NIFTY,,2025-03-13,2025-03-13,24000.0,CE,NIFTY2531324000CE,15.05,15.05,6.05,6.4,6.8,15.2,22553.35,6.4,245100,127800,6828,12294523893.75,2482,F1,75,,,,,
2025-02-24,2025-02-24,FO,NSE,IDO,45564,,NIFTY,,2025-03-13,2025-03-13,24200.0,CE,NIFTY2531324200CE,7.25,7.25,4.7,4.95,4.7,9.3,22553.35,4.95,52200,-3900,1094,1986039581.25,413,F1,75,,,,,
2025-02-24,2025-02-24,FO,NSE,IDO,45590,,NIFTY,,2025-03-13,2025-03-13,24350.0,CE,NIFTY2531324350CE,5.5,5.5,4.25,4.35,4.35,12.6,22553.35,1.1,1725,1725,27,49319332.5,9,F1,75,,,,,
2025-02-24,2025-02-24,FO,NSE,IDO,45644,,NIFTY,,2025-03-13,2025-03-13,25100.0,CE,NIFTY2531325100CE,3.4,3.4,2.55,2.55,2.55,3.2,22553.35,0.05,1050,300,48,90370710.0,7,F1,75,,,,,
2025-02-24,2025-02-24,FO,NSE,IDO,50125,,NIFTY,,2025-03-20,2025-03-20,21550.0,CE,NIFTY2532021550CE,0.0,0.0,0.0,1664.4,0.0,1664.4,22553.35,1119.4,0,0,0,0.0,0,F1,75,,,,,
2025-02-24,2025-02-24,FO,NSE,IDO,50153,,NIFTY,,2025-03-20,2025-03-20,22050.0,CE,NIFTY2532022050CE,0.0,0.0,0.0,1224.7,0.0,1224.7,22553.35,690.8,0,0,0,0.0,0,F1,75,,,,,
2025-02-24,2025-02-24,FO,NSE,IDO,50179,,NIFTY,,2025-03-20,2025-03-20,22350.0,CE,NIFTY2532022350CE,0.0,0.0,0.0,985.85,0.0,985.85,22553.35,477.3,0,0,0,0.0,0,F1,75,,,,,
2025-02-24,2025-02-24,FO,NSE,IDO,50277,,NIFTY,,2025-03-20,2025-03-20,24050.0,CE,NIFTY2532024050CE,0.0,0.0,0.0,159.4,0.0,159.4,22553.35,12.6,0,0,0,0.0,0,F1,75,,,,,
2025-02-24,2025-02-24,FO,NSE,IDO,50285,,NIFTY,,2025-03-20,2025-03-20,24200.0,CE,NIFTY2532024200CE,0.0,0.0,0.0,128.55,0.0,128.55,22553.35,7.9,0,0,0,0.0,0,F1,75,,,,,
2025-02-24,2025-02-24,FO,NSE,IDO,46866,,NIFTY,,2025-03-27,2025-03-27,21300.0,CE,NIFTY25MAR21300CE,0.0,0.0,0.0,2880.8,0.0,2880.8,22553.35,1389.55,0,0,0,0.0,0,F1,75,,,,,
2025-02-24,2025-02-24,FO,NSE,IDO,46926,,NIFTY,,2025-03-27,2025-03-27,21850.0,CE,NIFTY25MAR21850CE,0.0,0.0,0.0,2387.7,0.0,2387.7,22553.35,900.9,0,0,0,0.0,0,F1,75,,,,,
2025-02-24,2025-02-24,FO,NSE,IDO,68461,,NIFTY,,2025-03-06,2025-03-06,22850.0,PE,NIFTY2530622850PE,273.65,333.7,267.05,297.6,302.85,216.85,22553.35,297.6,81375,4725,3383,5874576982.5,2475,F1,75,,,,,
2025-02-24,2025-02-24,FO,NSE,IDO,68453,,NIFTY,,2025-03-06,2025-03-06,22650.0,PE,NIFTY2530622650PE,189.25,222.6,170.1,190.15,193.0,140.3,22553.35,190.15,137925,36750,15098,25871203766.25,10603,F1,75,,,,,
2025-02-24,2025-02-24,FO,NSE,IDO,68433,,NIFTY,,2025-03-06,2025-03-06,22350.0,PE,NIFTY2530622350PE,86.15,110.2,79.25,87.75,85.2,64.2,22553.35,87.75,123000,72000,13145,22127086421.25,8605,F1,75,,,,,
2025-02-24,2025-02-24,FO,NSE,IDO,79381,,NIFTY,,2025-04-24,2025-04-24,22250.0,PE,NIFTY25APR22250PE,0.0,0.0,0.0,207.95,207.95,207.95,22553.35,254.9,3750,0,0,0.0,0,F1,75,,,,,
2025-02-24,2025-02-24,FO,NSE,IDO,79393,,NIFTY,,2025-04-24,2025-04-24,22500.0,PE,NIFTY25APR22500PE,325.5,342.0,296.1,320.65,325.25,276.9,22553.35,320.65,406950,24000,3411,5838933708.75,2389,F1,75,,,,,
2025-02-24,2025-02-24,FO,NSE,IDO,79445,,NIFTY,,2025-04-24,2025-04-24,23300.0,PE,NIFTY25APR23300PE,655.85,710.65,655.85,687.8,687.95,591.95,22553.35,687.8,13650,-975,66,118751355.0,44,F1,75,,,,,
2025-02-24,2025-02-24,FO,NSE,IDO,79510,,NIFTY,,2025-04-24,2025-04-24,23700.0,PE,NIFTY25APR23700PE,920.0,920.0,920.0,920.0,920.0,750.0,22553.35,1065.8,53475,0,1,1846500.0,1,F1,75,,,,,
2025-02-24,2025-02-24,FO,NSE,IDO,79639,,NIFTY,,2025-04-24,2025-04-24,24450.0,PE,NIFTY25APR24450PE,0.0,0.0,0.0,1194.6,0.0,1194.6,22553.35,1696.45,0,0,0,0.0,0,F1,75,,,,,
2025-02-24,2025-02-24,FO,NSE,IDO,79740,,NIFTY,,2025-04-24,2025-04-24,25300.0,PE,NIFTY25APR25300PE,0.0,0.0,0.0,1825.65,0.0,1825.65,22553.35,2494.5,0,0,0,0.0,0,F1,75,,,,,
2025-02-24,2025-02-24,FO,NSE,IDO,38151,,NIFTY,,2025-06-26,2025-06-26,29000.0,PE,NIFTY25JUN29000PE,0.0,0.0,0.0,6724.5,0.0,6724.5,22553.35,5824.15,0,0,0,0.0,0,F1,75,,,,,
2025-02-24,2025-02-24,FO,NSE,IDO,64699,,NIFTY,,2025-09-25,2025-09-25,27000.0,PE,NIFTY25SEP27000PE,0.0,0.0,0.0,1168.15,0.0,1168.15,22553.35,3532.45,0,0,0,0.0,0,F1,75,,,,,
2025-02-24,2025-02-24,FO,NSE,IDO,64701,,NIFTY,,2025-09-25,2025-09-25,28000.0,PE,NIFTY25SEP28000PE,0.0,0.0,0.0,1606.2,0.0,1606.2,22553.35,4444.5,0,0,0,0.0,0,F1,75,,,,,
2025-02-24,2025-02-24,FO,NSE,IDO,71394,,NIFTY,,2025-12-24,2025-12-24,24000.0,PE,NIFTY25DEC24000PE,1150.25,1185.35,1140.0,1163.5,1161.85,1095.25,22553.35,1163.5,924175,-4025,792,1494754425.0,679,F1,75,,,,,
2025-02-24,2025-02-24,FO,NSE,IDO,50972,,NIFTY,,2025-12-24,2025-12-24,27000.0,PE,NIFTY25DEC27000PE,3012.95,3075.0,2986.5,3052.2,3041.6,2880.95,22553.35,3052.2,222025,-150,48,108158823.75,48,F1,75,,,,,
2025-02-24,2025-02-24,FO,NSE,IDO,50557,,NIFTY,,2026-06-25,2026-06-25,18000.0,PE,NIFTY26JUN18000PE,0.0,0.0,0.0,3088.05,0.0,3088.05,22553.35,23.0,0,0,0,0.0,0,F1,75,,,,,
2025-02-24,2025-02-24,FO,NSE,IDO,39990,,NIFTY,,2026-06-25,2026-06-25,19000.0,PE,NIFTY26JUN19000PE,0.0,0.0,0.0,160.05,160.05,160.05,22553.35,58.3,175,0,0,0.0,0,F1,75,,,,,
2025-02-24,2025-02-24,FO,NSE,IDO,37805,,NIFTY,,2026-06-25,2026-06-25,23000.0,PE,NIFTY26JUN23000PE,840.05,840.05,840.05,840.05,840.05,780.0,22553.35,730.1,7925,0,1,1788003.75,1,F1,75,,,,,
2025-02-24,2025-02-24,FO,NSE,IDO,71565,,NIFTY,,2027-06-24,2027-06-24,26000.0,PE,NIFTY27JUN26000PE,0.0,0.0,0.0,6202.2,0.0,6202.2,22553.35,1714.8,0,0,0,0.0,0,F1,75,,,,,
2025-02-24,2025-02-24,FO,NSE,IDO,53617,,NIFTY,,2027-12-30,2027-12-30,22000.0,PE,NIFTY27DEC22000PE,0.0,0.0,0.0,329.0,329.0,329.0,22553.35,427.8,25,0,0,0.0,0,F1,75,,,,,
2025-02-24,2025-02-24,FO,NSE,IDO,86148,,NIFTY,,2028-06-29,2028-06-29,22000.0,PE,NIFTY28JUN22000PE,0.0,0.0,0.0,520.05,520.05,520.05,22553.35,406.8,100,0,0,0.0,0,F1,75,,,,,
2025-02-24,2025-02-24,FO,NSE,IDO,67781,,NIFTY,,2028-12-28,2028-12-28,23000.0,PE,NIFTY28DEC23000PE,0.0,0.0,0.0,875.0,875.0,875.0,22553.35,541.05,3675,0,0,0.0,0,F1,75,,,,,
2025-02-24,2025-02-24,FO,NSE,IDO,67787,,NIFTY,,2028-12-28,2028-12-28,26000.0,PE,NIFTY28DEC26000PE,0.0,0.0,0.0,1160.95,0.0,1160.95,22553.35,1255.8,0,0,0,0.0,0,F1,75,,,,,
2025-02-24,2025-02-24,FO,NSE,IDO,89623,,NIFTY,,2029-06-28,2029-06-28,20000.0,PE,NIFTY29JUN20000PE,0.0,0.0,0.0,236.95,0.0,236.95,22553.35,166.25,0,0,0,0.0,0,F1,75,,,,,
2025-02-24,2025-02-24,FO,NSE,IDO,64562,,NIFTY,,2025-03-27,2025-03-27,22000.0,CE,NIFTY25MAR22000CE,968.95,968.95,830.15,856.05,850.0,1052.4,22553.35,856.05,730475,113850,5016,8603887575.0,3613,F1,75,,,,,
2025-02-24,2025-02-24,FO,NSE,IDO,51477,,NIFTY,,2025-03-27,2025-03-27,23700.0,CE,NIFTY25MAR23700CE,72.85,87.1,47.2,49.15,48.45,100.2,22553.35,49.15,438150,34350,14918,26581891586.25,8536,F1,75,,,,,
2025-02-24,2025-02-24,FO,NSE,IDO,56866,,NIFTY,,2025-03-27,2025-03-27,25050.0,CE,NIFTY25MAR25050CE,0.0,0.0,0.0,9.0,9.0,9.0,22553.35,1.5,14550,0,0,0.0,0,F1,75,,,,,
2025-02-24,2025-02-24,FO,NSE,IDO,59769,,NIFTY,,2025-03-27,2025-03-27,25950.0,CE,NIFTY25MAR25950CE,6.0,6.75,5.8,5.85,5.85,6.0,22553.35,5.85,5625,75,23,44774403.75,15,F1,75,,,,,
2025-02-24,2025-02-24,FO,NSE,IDO,64572,,NIFTY,,2025-03-27,2025-03-27,26000.0,CE,NIFTY25MAR26000CE,5.95,6.6,5.45,6.25,6.2,6.35,22553.35,6.25,1779050,-18075,11991,23388011235.0,5437,F1,75,,,,,
2025-02-24,2025-02-24,FO,NSE,IDO,54536,,NIFTY,,2025-04-03,2025-04-03,21200.0,CE,NIFTY2540321200CE,0.0,0.0,0.0,1915.9,0.0,1915.9,22553.35,1518.15,0,0,0,0.0,0,F1,75,,,,,
2025-02-24,2025-02-24,FO,NSE,IDO,54556,,NIFTY,,2025-04-03,2025-04-03,21450.0,CE,NIFTY2540321450CE,0.0,0.0,0.0,1686.15,0.0,1686.15,22553.35,1288.55,0,0,0,0.0,0,F1,75,,,,,
2025-02-24,2025-02-24,FO,NSE,IDO,54669,,NIFTY,,2025-04-03,2025-04-03,23300.0,CE,NIFTY2540323300CE,219.5,263.25,168.45,172.35,172.35,404.5,22553.35,172.35,1125,1125,38,66984911.25,35,F1,75,,,,,
2025-02-24,2025-02-24,FO,NSE,IDO,54761,,NIFTY,,2025-04-03,2025-04-03,23850.0,CE,NIFTY2540323850CE,0.0,0.0,0.0,216.05,0.0,216.05,22553.35,62.35,0,0,0,0.0,0,F1,75,,,,,
2025-02-24,2025-02-24,FO,NSE,IDO,54767,,NIFTY,,2025-04-03,2025-04-03,23950.0,CE,NIFTY2540323950CE,0.0,0.0,0.0,191.7,0.0,191.7,22553.35,51.2,0,0,0,0.0,0,F1,75,,,,,
2025-02-24,2025-02-24,FO,NSE,IDO,54837,,NIFTY,,2025-04-03,2025-04-03,24100.0,CE,NIFTY2540324100CE,0.0,0.0,0.0,157.2,0.0,157.2,22553.35,37.65,0,0,0,0.0,0,F1,75,,,,,
2025-02-24,2025-02-24,FO,NSE,IDO,54862,,NIFTY,,2025-04-03,2025-04-03,24600.0,CE,NIFTY2540324600CE,0.0,0.0,0.0,77.7,0.0,77.7,22553.35,12.2,0,0,0,0.0,0,F1,75,,,,,
2025-02-24,2025-02-24,FO,NSE,IDO,79258,,NIFTY,,2025-04-24,2025-04-24,21550.0,CE,NIFTY25APR21550CE,0.0,0.0,0.0,2155.35,0.0,2155.35,22553.35,1317.9,0,0,0,0.0,0,F1,75,,,,,
2025-02-24,2025-02-24,FO,NSE,IDO,79270,,NIFTY,,2025-04-24,2025-04-24,21850.0,CE,NIFTY25APR21850CE,0.0,0.0,0.0,1902.55,0.0,1902.55,22553.35,1076.6,0,0,0,0.0,0,F1,75,,,,,
2025-02-24,2025-02-24,FO,NSE,IDO,79509,,NIFTY,,2025-04-24,2025-04-24,23700.0,CE,NIFTY25APR23700CE,211.2,214.15,155.05,158.65,157.9,250.5,22553.35,158.65,33450,10125,596,1067199371.25,342,F1,75,,,,,
2025-02-24,2025-02-24,FO,NSE,IDO,79513,,NIFTY,,2025-04-24,2025-04-24,23800.0,CE,NIFTY25APR23800CE,169.3,190.35,130.45,133.9,133.2,216.25,22553.35,133.9,42075,16050,1120,2011548525.0,516,F1,75,,,,,
2025-02-24,2025-02-24,FO,NSE,IDO,79725,,NIFTY,,2025-04-24,2025-04-24,25000.0,CE,NIFTY25APR25000CE,28.25,31.2,21.0,21.8,22.6,33.2,22553.35,21.8,384675,75300,4819,9044487273.75,2230,F1,75,,,,,
2025-02-24,2025-02-24,FO,NSE,IDO,79737,,NIFTY,,2025-04-24,2025-04-24,25250.0,CE,NIFTY25APR25250CE,21.8,21.8,11.85,17.55,18.0,22.4,22553.35,17.55,5025,1275,27,51165892.5,11,F1,75,,,,,
2025-02-24,2025-02-24,FO,NSE,IDO,79739,,NIFTY,,2025-04-24,2025-04-24,25300.0,CE,NIFTY25APR25300CE,22.25,22.25,16.95,17.8,17.8,22.25,22553.35,17.8,4575,825,37,70259741.25,12,F1,75,,,,,
2025-02-24,2025-02-24,FO,NSE,IDO,71381,,NIFTY,,2025-06-26,2025-06-26,25000.0,CE,NIFTY25JUN25000CE,161.1,161.1,123.55,126.95,124.45,164.1,22553.35,126.95,725625,-6625,4271,8050896303.75,2529,F1,75,,,,,
2025-02-24,2025-02-24,FO,NSE,IDO,35219,,NIFTY,,2025-06-26,2025-06-26,30000.0,CE,NIFTY25JUN30000CE,13.45,13.75,11.0,12.8,12.8,13.4,22553.35,12.8,30000,0,27,60775128.75,16,F1,75,,,,,
2025-02-24,2025-02-24,FO,NSE,IDO,64686,,NIFTY,,2025-09-25,2025-09-25,21000.0,CE,NIFTY25SEP21000CE,0.0,0.0,0.0,6742.1,0.0,6742.1,22553.35,2491.3,0,0,0,0.0,0,F1,75,,,,,
2025-02-24,2025-02-24,FO,NSE,IDO,64694,,NIFTY,,2025-09-25,2025-09-25,25000.0,CE,NIFTY25SEP25000CE,419.65,421.05,350.05,358.25,353.3,442.95,22553.35,358.25,43275,17700,399,759159378.75,214,F1,75,,,,,
2025-02-24,2025-02-24,FO,NSE,IDO,55121,,NIFTY,,2025-12-24,2025-12-24,18000.0,CE,NIFTY25DEC18000CE,0.0,0.0,0.0,5700.0,5700.0,5700.0,22553.35,5507.45,9375,0,0,0.0,0,F1,75,,,,,
2025-02-24,2025-02-24,FO,NSE,IDO,38376,,NIFTY,,2025-12-24,2025-12-24,20000.0,CE,NIFTY25DEC20000CE,3900.0,3900.0,3705.0,3740.0,3740.0,3970.75,22553.35,3688.7,34650,1275,29,51670732.5,26,F1,75,,,,,
2025-02-24,2025-02-24,FO,NSE,IDO,58646,,NIFTY,,2026-12-31,2026-12-31,21000.0,CE,NIFTY26DEC21000CE,0.0,0.0,0.0,3356.25,0.0,3356.25,22553.35,4207.15,0,0,0,0.0,0,F1,75,,,,,
2025-02-24,2025-02-24,FO,NSE,IDO,71501,,NIFTY,,2026-12-31,2026-12-31,24000.0,CE,NIFTY26DEC24000CE,2330.0,2330.0,2301.0,2301.0,2301.0,2667.5,22553.35,2296.35,825,150,2,3947325.0,2,F1,75,,,,,
2025-02-24,2025-02-24,FO,NSE,IDO,71556,,NIFTY,,2027-06-24,2027-06-24,22000.0,CE,NIFTY27JUN22000CE,0.0,0.0,0.0,2783.5,0.0,2783.5,22553.35,4089.0,0,0,0,0.0,0,F1,75,,,,,
2025-02-24,2025-02-24,FO,NSE,IDO,50981,,NIFTY,,2027-06-24,2027-06-24,27000.0,CE,NIFTY27JUN27000CE,0.0,0.0,0.0,1932.5,0.0,1932.5,22553.35,1541.75,0,0,0,0.0,0,F1,75,,,,,
2025-02-24,2025-02-24,FO,NSE,IDO,53624,,NIFTY,,2027-12-30,2027-12-30,24000.0,CE,NIFTY27DEC24000CE,0.0,0.0,0.0,3778.95,0.0,3778.95,22553.35,3478.95,0,0,0,0.0,0,F1,75,,,,,
2025-02-24,2025-02-24,FO,NSE,IDO,86145,,NIFTY,,2028-06-29,2028-06-29,21000.0,CE,NIFTY28JUN21000CE,0.0,0.0,0.0,5226.55,0.0,5226.55,22553.35,5929.85,0,0,0,0.0,0,F1,75,,,,,
2025-02-24,2025-02-24,FO,NSE,IDO,89612,,NIFTY,,2029-06-28,2029-06-28,18000.0,CE,NIFTY29JUN18000CE,0.0,0.0,0.0,11678.65,0.0,11678.65,22553.35,9043.5,0,0,0,0.0,0,F1,75,,,,,
2025-02-24,2025-02-24,FO,NSE,IDO,55576,,NIFTY,,2025-02-27,2025-02-27,21500.0,PE,NIFTY25FEB21500PE,1.7,3.0,1.35,1.65,1.55,1.8,22553.35,1.65,6037425,797775,427220,688956009281.25,84848,F1,75,,,,,
2025-02-24,2025-02-24,FO,NSE,IDO,55606,,NIFTY,,2025-02-27,2025-02-27,22150.0,PE,NIFTY25FEB22150PE,17.9,17.9,8.5,9.35,8.7,8.1,22553.35,9.35,1120500,426600,439843,731088306967.5,131642,F1,75,,,,,
2025-02-24,2025-02-24,FO,NSE,IDO,54592,,NIFTY,,2025-04-03,2025-04-03,22350.0,CE,NIFTY2540322350CE,0.0,0.0,0.0,948.0,0.0,948.0,22553.35,586.05,0,0,0,0.0,0,F1,75,,,,,
2025-02-24,2025-02-24,FO,NSE,IDO,55612,,NIFTY,,2025-02-27,2025-02-27,22300.0,PE,NIFTY25FEB22300PE,30.0,35.0,16.8,19.75,18.9,15.3,22553.35,19.75,8073225,842025,1378635,2308342728333.75,467992,F1,75,,,,,
2025-02-24,2025-02-24,FO,NSE,IDO,55618,,NIFTY,,2025-02-27,2025-02-27,22450.0,PE,NIFTY25FEB22450PE,50.0,70.75,36.6,45.45,45.6,31.45,22553.35,45.45,1871175,571125,805427,1359356952945.0,449852,F1,75,,,,,
2025-02-24,2025-02-24,FO,NSE,IDO,55620,,NIFTY,,2025-02-27,2025-02-27,22500.0,PE,NIFTY25FEB22500PE,70.0,87.45,46.9,57.95,58.5,39.35,22553.35,57.95,9648675,1398375,2408160,4075922584312.5,1175369,F1,75,,,,,
2025-02-24,2025-02-24,FO,NSE,IDO,68431,,NIFTY,,2025-03-06,2025-03-06,22300.0,PE,NIFTY2530622300PE,87.95,97.25,68.45,75.35,77.65,56.2,22553.35,75.35,451650,165150,33694,56560418981.25,21291,F1,75,,,,,
2025-02-24,2025-02-24,FO,NSE,IDO,68420,,NIFTY,,2025-03-06,2025-03-06,22050.0,PE,NIFTY2530622050PE,39.95,50.0,33.0,36.55,36.25,28.25,22553.35,36.55,80775,30075,6409,10618238760.0,3532,F1,75,,,,,
2025-02-24,2025-02-24,FO,NSE,IDO,68394,,NIFTY,,2025-03-06,2025-03-06,21450.0,PE,NIFTY2530621450PE,6.65,8.6,6.2,7.05,7.05,5.85,22553.35,7.05,38325,26775,1547,2489563852.5,913,F1,75,,,,,
2025-02-24,2025-02-24,FO,NSE,IDO,68373,,NIFTY,,2025-03-06,2025-03-06,21050.0,PE,NIFTY2530621050PE,3.8,8.0,1.55,3.7,3.75,12.7,22553.35,3.7,200400,200400,8310,13121196333.75,4181,F1,75,,,,,
2025-02-24,2025-02-24,FO,NSE,IDO,57678,,NIFTY,,2025-02-27,2025-02-27,25850.0,PE,NIFTY25FEB25850PE,0.0,0.0,0.0,2812.65,2813.8,2812.65,22553.35,3282.85,225,0,0,0.0,0,F1,75,,,,,
2025-02-24,2025-02-24,FO,NSE,IDO,57670,,NIFTY,,2025-02-27,2025-02-27,25650.0,PE,NIFTY25FEB25650PE,0.0,0.0,0.0,2730.0,2730.0,2730.0,22553.35,3082.95,225,0,0,0.0,0,F1,75,,,,,
2025-02-24,2025-02-24,FO,NSE,IDO,57634,,NIFTY,,2025-02-27,2025-02-27,24800.0,PE,NIFTY25FEB24800PE,2180.0,2219.05,2139.4,2161.05,2161.05,1976.0,22553.35,2233.4,35475,-2100,30,60670338.75,19,F1,75,,,,,
2025-02-24,2025-02-24,FO,NSE,IDO,57626,,NIFTY,,2025-02-27,2025-02-27,24600.0,PE,NIFTY25FEB24600PE,1930.0,2024.0,1930.0,1986.85,1993.0,1779.95,22553.35,1986.85,68550,-3975,143,285064758.75,84,F1,75,,,,,
2025-02-24,2025-02-24,FO,NSE,IDO,57622,,NIFTY,,2025-02-27,2025-02-27,24500.0,PE,NIFTY25FEB24500PE,1800.0,1930.95,1792.8,1886.95,1900.6,1678.25,22553.35,1886.95,665400,-201750,5408,10701730406.25,4990,F1,75,,,,,
2025-02-24,2025-02-24,FO,NSE,IDO,56738,,NIFTY,,2025-02-27,2025-02-27,23450.0,PE,NIFTY25FEB23450PE,747.1,867.4,747.1,834.35,836.35,630.9,22553.35,834.35,67650,-3225,164,298553868.75,103,F1,75,,,,,
2025-02-24,2025-02-24,FO,NSE,IDO,54581,,NIFTY,,2025-04-03,2025-04-03,22050.0,PE,NIFTY2540322050PE,0.0,0.0,0.0,130.1,0.0,130.1,22553.35,140.25,0,0,0,0.0,0,F1,75,,,,,
2025-02-24,2025-02-24,FO,NSE,IDO,54585,,NIFTY,,2025-04-03,2025-04-03,22150.0,PE,NIFTY2540322150PE,0.0,0.0,0.0,151.25,0.0,151.25,22553.35,167.2,0,0,0,0.0,0,F1,75,,,,,
2025-02-24,2025-02-24,FO,NSE,IDO,68423,,NIFTY,,2025-03-06,2025-03-06,22150.0,CE,NIFTY2530622150CE,621.0,624.65,545.6,560.4,560.4,761.0,22553.35,560.4,6150,6000,137,233667776.25,62,F1,75,,,,,
2025-02-24,2025-02-24,FO,NSE,IDO,68405,,NIFTY,,2025-03-06,2025-03-06,21750.0,CE,NIFTY2530621750CE,922.0,922.0,917.45,921.85,917.45,1132.95,22553.35,921.85,2625,2250,33,56112858.75,11,F1,75,,,,,
2025-02-24,2025-02-24,FO,NSE,IDO,68399,,NIFTY,,2025-03-06,2025-03-06,21600.0,CE,NIFTY2530621600CE,1110.0,1110.0,1065.0,1092.0,1092.0,1284.8,22553.35,995.45,900,300,6,10212450.0,6,F1,75,,,,,
2025-02-24,2025-02-24,FO,NSE,IDO,68378,,NIFTY,,2025-03-06,2025-03-06,21200.0,CE,NIFTY2530621200CE,0.0,0.0,0.0,1668.45,1668.45,1668.45,22553.35,1391.35,75,0,0,0.0,0,F1,75,,,,,
2025-02-24,2025-02-24,FO,NSE,IDO,57689,,NIFTY,,2025-02-27,2025-02-27,26150.0,CE,NIFTY25FEB26150CE,0.8,2.05,0.7,0.95,0.85,0.8,22553.35,0.95,50550,25200,8009,15708186453.75,1607,F1,75,,,,,
2025-02-24,2025-02-24,FO,NSE,IDO,45453,,NIFTY,,2025-03-13,2025-03-13,22250.0,CE,NIFTY2531322250CE,0.0,0.0,0.0,740.4,740.4,740.4,22553.35,483.05,75,0,0,0.0,0,F1,75,,,,,
2025-02-24,2025-02-24,FO,NSE,IDO,57589,,NIFTY,,2025-02-27,2025-02-27,23700.0,CE,NIFTY25FEB23700CE,2.05,2.45,1.65,1.85,1.75,2.6,22553.35,1.85,5454150,420525,481129,855278658933.75,95055,F1,75,,,,,
2025-02-24,2025-02-24,FO,NSE,IDO,55649,,NIFTY,,2025-02-27,2025-02-27,23250.0,CE,NIFTY25FEB23250CE,9.95,10.25,3.7,4.05,3.7,18.35,22553.35,4.05,4444950,2098050,473481,825837145758.75,135459,F1,75,,,,,
2025-02-24,2025-02-24,FO,NSE,IDO,55645,,NIFTY,,2025-02-27,2025-02-27,23150.0,CE,NIFTY25FEB23150CE,12.8,17.5,5.0,5.65,5.35,31.65,22553.35,5.65,2811375,926775,584906,1015907357786.25,142493,F1,75,,,,,
2025-02-24,2025-02-24,FO,NSE,IDO,55639,,NIFTY,,2025-02-27,2025-02-27,23000.0,CE,NIFTY25FEB23000CE,32.0,38.8,10.15,11.15,10.55,67.75,22553.35,11.15,13802175,3379125,1724697,2977394022498.75,502204,F1,75,,,,,
2025-02-24,2025-02-24,FO,NSE,IDO,55593,,NIFTY,,2025-02-27,2025-02-27,21850.0,CE,NIFTY25FEB21850CE,774.55,794.25,738.75,763.75,763.75,1183.55,22553.35,763.75,1575,375,22,37327533.75,15,F1,75,,,,,
2025-02-24,2025-02-24,FO,NSE,IDO,57620,,NIFTY,,2025-02-27,2025-02-27,24450.0,PE,NIFTY25FEB24450PE,0.0,0.0,0.0,1635.05,1635.05,1635.05,22553.35,1883.6,4800,0,0,0.0,0,F1,75,,,,,
2025-02-24,2025-02-24,FO,NSE,IDO,57652,,NIFTY,,2025-02-27,2025-02-27,25200.0,PE,NIFTY25FEB25200PE,2515.05,2610.0,2515.0,2587.0,2587.05,2379.0,22553.35,2587.0,32175,-3900,53,110441407.5,31,F1,75,,,,,
2025-02-24,2025-02-24,FO,NSE,IDO,55199,,NIFTY,,2025-03-27,2025-03-27,24350.0,CE,NIFTY25MAR24350CE,14.1,20.35,13.0,13.15,13.15,23.25,22553.35,13.15,21900,-11475,834,1524083808.75,410,F1,75,,,,,
2025-02-24,2025-02-24,FO,NSE,IDO,51120,,NIFTY,,2025-03-27,2025-03-27,23350.0,CE,NIFTY25MAR23350CE,159.1,159.55,108.05,112.25,108.65,200.3,22553.35,112.25,80925,7725,1972,3472113405.0,1487,F1,75,,,,,
2025-02-24,2025-02-24,FO,NSE,IDO,47014,,NIFTY,,2025-03-27,2025-03-27,22550.0,CE,NIFTY25MAR22550CE,542.95,542.95,448.45,464.3,459.7,637.7,22553.35,464.3,34725,19500,1362,2352616638.75,1192,F1,75,,,,,
2025-02-24,2025-02-24,FO,NSE,IDO,46958,,NIFTY,,2025-03-27,2025-03-27,22100.0,CE,NIFTY25MAR22100CE,870.5,880.15,758.0,780.15,773.5,973.15,22553.35,780.15,5475,3150,155,266429231.25,105,F1,75,,,,,
2025-02-24,2025-02-24,FO,NSE,IDO,50303,,NIFTY,,2025-03-20,2025-03-20,24500.0,CE,NIFTY2532024500CE,10.0,10.0,6.7,7.2,7.25,11.75,22553.35,7.2,9375,675,146,268361441.25,48,F1,75,,,,,
2025-02-24,2025-02-24,FO,NSE,IDO,50287,,NIFTY,,2025-03-20,2025-03-20,24250.0,CE,NIFTY2532024250CE,0.0,0.0,0.0,119.4,0.0,119.4,22553.35,6.75,0,0,0,0.0,0,F1,75,,,,,
2025-02-24,2025-02-24,FO,NSE,IDO,45452,,NIFTY,,2025-03-13,2025-03-13,22200.0,PE,NIFTY2531322200PE,98.3,118.65,91.65,100.3,107.8,77.15,22553.35,100.3,44400,28125,1088,1819974615.0,763,F1,75,,,,,
2025-02-24,2025-02-24,FO,NSE,IDO,45524,,NIFTY,,2025-03-13,2025-03-13,23400.0,PE,NIFTY2531323400PE,760.0,760.0,719.0,719.0,719.0,593.5,22553.35,814.6,150,75,3,5429850.0,2,F1,75,,,,,
2025-02-24,2025-02-24,FO,NSE,IDO,45549,,NIFTY,,2025-03-13,2025-03-13,23950.0,PE,NIFTY2531323950PE,0.0,0.0,0.0,1054.7,1054.7,1054.7,22553.35,1330.1,75,0,0,0.0,0,F1,75,,,,,
2025-02-24,2025-02-24,FO,NSE,IDO,45555,,NIFTY,,2025-03-13,2025-03-13,24100.0,PE,NIFTY2531324100PE,0.0,0.0,0.0,1195.05,1195.05,1195.05,22553.35,1477.05,75,0,0,0.0,0,F1,75,,,,,
2025-02-24,2025-02-24,FO,NSE,IDO,45589,,NIFTY,,2025-03-13,2025-03-13,24300.0,PE,NIFTY2531324300PE,0.0,0.0,0.0,1387.5,1387.5,1387.5,22553.35,1674.6,75,0,0,0.0,0,F1,75,,,,,
2025-02-24,2025-02-24,FO,NSE,IDO,50114,,NIFTY,,2025-03-20,2025-03-20,21300.0,PE,NIFTY2532021300PE,0.0,0.0,0.0,20.1,0.0,20.1,22553.35,10.65,0,0,0,0.0,0,F1,75,,,,,
2025-02-24,2025-02-24,FO,NSE,IDO,50252,,NIFTY,,2025-03-20,2025-03-20,23650.0,PE,NIFTY2532023650PE,0.0,0.0,0.0,726.45,0.0,726.45,22553.35,1034.25,0,0,0,0.0,0,F1,75,,,,,
2025-02-24,2025-02-24,FO,NSE,IDO,50258,,NIFTY,,2025-03-20,2025-03-20,23750.0,PE,NIFTY2532023750PE,0.0,0.0,0.0,793.7,0.0,793.7,22553.35,1124.9,0,0,0,0.0,0,F1,75,,,,,
2025-02-24,2025-02-24,FO,NSE,IDO,50308,,NIFTY,,2025-03-20,2025-03-20,24600.0,PE,NIFTY2532024600PE,0.0,0.0,0.0,1468.7,0.0,1468.7,22553.35,1943.8,0,0,0,0.0,0,F1,75,,,,,
2025-02-24,2025-02-24,FO,NSE,IDO,46869,,NIFTY,,2025-03-27,2025-03-27,21350.0,PE,NIFTY25MAR21350PE,40.65,46.6,36.0,40.25,41.4,34.0,22553.35,40.25,13800,9675,271,434760525.0,121,F1,75,,,,,
2025-02-24,2025-02-24,FO,NSE,IDO,46879,,NIFTY,,2025-03-27,2025-03-27,21450.0,PE,NIFTY25MAR21450PE,49.65,53.9,43.2,47.35,48.1,42.2,22553.35,47.35,9375,6225,315,507903825.0,181,F1,75,,,,,
2025-02-24,2025-02-24,FO,NSE,IDO,50135,,NIFTY,,2025-03-20,2025-03-20,21750.0,CE,NIFTY2532021750CE,0.0,0.0,0.0,1483.4,0.0,1483.4,22553.35,939.45,0,0,0,0.0,0,F1,75,,,,,
2025-02-24,2025-02-24,FO,NSE,IDO,50121,,NIFTY,,2025-03-20,2025-03-20,21500.0,CE,NIFTY2532021500CE,0.0,0.0,0.0,1710.5,0.0,1710.5,22553.35,1165.7,0,0,0,0.0,0,F1,75,,,,,
2025-02-24,2025-02-24,FO,NSE,IDO,45478,,NIFTY,,2025-03-13,2025-03-13,22750.0,CE,NIFTY2531322750CE,335.2,335.2,221.25,227.35,224.55,374.25,22553.35,227.35,13350,1650,400,689669193.75,253,F1,75,,,,,
2025-02-24,2025-02-24,FO,NSE,IDO,45460,,NIFTY,,2025-03-13,2025-03-13,22350.0,CE,NIFTY2531322350CE,496.15,497.2,455.5,475.75,469.8,654.9,22553.35,475.75,17700,17475,320,547923146.25,287,F1,75,,,,,
2025-02-24,2025-02-24,FO,NSE,IDO,45458,,NIFTY,,2025-03-13,2025-03-13,22300.0,CE,NIFTY2531322300CE,548.05,555.8,490.2,509.45,510.0,700.65,22553.35,509.45,15525,15375,379,648408210.0,304,F1,75,,,,,
2025-02-24,2025-02-24,FO,NSE,IDO,45438,,NIFTY,,2025-03-13,2025-03-13,21950.0,CE,NIFTY2531321950CE,0.0,0.0,0.0,998.6,998.6,998.6,22553.35,718.0,75,0,0,0.0,0,F1,75,,,,,
2025-02-24,2025-02-24,FO,NSE,IDO,45408,,NIFTY,,2025-03-13,2025-03-13,21350.0,CE,NIFTY2531321350CE,0.0,0.0,0.0,1567.75,1567.75,1567.75,22553.35,1273.0,75,0,0,0.0,0,F1,75,,,,,
2025-02-24,2025-02-24,FO,NSE,IDO,68654,,NIFTY,,2025-03-06,2025-03-06,25000.0,CE,NIFTY2530625000CE,1.9,2.3,1.85,2.2,2.15,1.95,22553.35,2.2,157125,26475,3624,6795565395.0,1133,F1,75,,,,,
2025-02-24,2025-02-24,FO,NSE,IDO,68578,,NIFTY,,2025-03-06,2025-03-06,23600.0,CE,NIFTY2530623600CE,16.1,18.7,7.1,7.55,7.5,23.25,22553.35,7.55,440625,117675,24189,42831790717.5,13975,F1,75,,,,,
2025-02-24,2025-02-24,FO,NSE,IDO,68474,,NIFTY,,2025-03-06,2025-03-06,23150.0,CE,NIFTY2530623150CE,71.35,79.45,34.1,35.45,35.3,107.1,22553.35,35.45,129150,67575,11028,19186041352.5,7046,F1,75,,,,,
2025-02-24,2025-02-24,FO,NSE,IDO,68434,,NIFTY,,2025-03-06,2025-03-06,22400.0,CE,NIFTY2530622400CE,447.95,448.5,344.3,360.55,354.0,543.95,22553.35,360.55,62475,56775,3343,5710210215.0,2620,F1,75,,,,,
2025-02-24,2025-02-24,FO,NSE,IDO,68415,,NIFTY,,2025-03-06,2025-03-06,21950.0,CE,NIFTY2530621950CE,0.0,0.0,0.0,941.0,941.0,941.0,22553.35,664.15,150,0,0,0.0,0,F1,75,,,,,
2025-02-24,2025-02-24,FO,NSE,IDO,68407,,NIFTY,,2025-03-06,2025-03-06,21800.0,CE,NIFTY2530621800CE,922.0,922.0,850.0,882.0,882.0,1080.0,22553.35,882.0,1275,825,19,32327092.5,19,F1,75,,,,,
2025-02-24,2025-02-24,FO,NSE,IDO,68395,,NIFTY,,2025-03-06,2025-03-06,21500.0,CE,NIFTY2530621500CE,1171.0,1208.0,1165.0,1166.6,1167.0,1365.0,22553.35,1166.6,1500,1200,18,30621915.0,14,F1,75,,,,,
2025-02-24,2025-02-24,FO,NSE,IDO,61858,,NIFTY,,2029-12-27,2029-12-27,28000.0,CE,NIFTY29DEC28000CE,0.0,0.0,0.0,5741.5,0.0,5741.5,22553.35,3697.1,0,0,0,0.0,0,F1,75,,,,,
2025-02-24,2025-02-24,FO,NSE,IDO,55564,,NIFTY,,2025-02-27,2025-02-27,21200.0,PE,NIFTY25FEB21200PE,1.3,2.35,0.85,1.15,1.05,1.15,22553.35,1.15,2439000,269025,147648,234776482136.25,30445,F1,75,,,,,
2025-02-24,2025-02-24,FO,NSE,IDO,55582,,NIFTY,,2025-02-27,2025-02-27,21550.0,PE,NIFTY25FEB21550PE,2.05,3.1,1.3,1.7,1.4,1.9,22553.35,1.7,430800,153375,110263,178230283620.0,27556,F1,75,,,,,
2025-02-24,2025-02-24,FO,NSE,IDO,55596,,NIFTY,,2025-02-27,2025-02-27,21900.0,PE,NIFTY25FEB21900PE,4.15,6.75,2.8,3.2,3.2,3.65,22553.35,3.2,3078900,580575,404528,664568295285.0,102047,F1,75,,,,,
2025-02-24,2025-02-24,FO,NSE,IDO,57627,,NIFTY,,2025-02-27,2025-02-27,24650.0,CE,NIFTY25FEB24650CE,1.8,2.2,0.85,1.1,1.05,1.0,22553.35,1.1,189075,46350,20711,38291170462.5,4683,F1,75,,,,,
2025-02-24,2025-02-24,FO,NSE,IDO,57621,,NIFTY,,2025-02-27,2025-02-27,24500.0,CE,NIFTY25FEB24500CE,0.9,1.45,0.9,1.15,1.15,1.1,22553.35,1.15,8271150,-185100,222305,408505401693.75,41722,F1,75,,,,,
2025-02-24,2025-02-24,FO,NSE,IDO,55633,,NIFTY,,2025-02-27,2025-02-27,22850.0,CE,NIFTY25FEB22850CE,78.15,80.0,20.95,23.6,22.4,128.9,22553.35,23.6,4262250,2024475,778880,1336853593458.75,343625,F1,75,,,,,
2025-02-24,2025-02-24,FO,NSE,IDO,55625,,NIFTY,,2025-02-27,2025-02-27,22650.0,CE,NIFTY25FEB22650CE,150.0,174.25,72.75,82.65,77.25,246.3,22553.35,82.65,3455850,3326475,1286293,2195061095441.25,791266,F1,75,,,,,
2025-02-24,2025-02-24,FO,NSE,IDO,55613,,NIFTY,,2025-02-27,2025-02-27,22350.0,CE,NIFTY25FEB22350CE,365.55,369.2,262.35,290.8,282.4,493.15,22553.35,290.8,71325,46275,17144,29124333738.75,11909,F1,75,,,,,
2025-02-24,2025-02-24,FO,NSE,IDO,55559,,NIFTY,,2025-02-27,2025-02-27,21100.0,CE,NIFTY25FEB21100CE,1566.65,1566.65,1495.6,1519.35,1519.35,1720.0,22553.35,1464.6,5250,-1125,17,28830667.5,10,F1,75,,,,,
2025-02-24,2025-02-24,FO,NSE,IDO,46959,,NIFTY,,2025-03-27,2025-03-27,22100.0,PE,NIFTY25MAR22100PE,111.55,154.7,111.55,136.05,138.6,115.15,22553.35,136.05,363675,52650,7257,12104226918.75,5874,F1,75,,,,,
2025-02-24,2025-02-24,FO,NSE,IDO,46998,,NIFTY,,2025-03-27,2025-03-27,22500.0,PE,NIFTY25MAR22500PE,259.05,274.3,232.0,248.4,252.0,205.7,22553.35,248.4,3231300,974325,62081,105945372457.5,37371,F1,75,,,,,
2025-02-24,2025-02-24,FO,NSE,IDO,48350,,NIFTY,,2025-03-27,2025-03-27,23150.0,PE,NIFTY25MAR23150PE,550.9,597.05,540.0,573.5,577.5,471.4,22553.35,573.5,28500,-675,293,521233920.0,244,F1,75,,,,,
2025-02-24,2025-02-24,FO,NSE,IDO,51400,,NIFTY,,2025-03-27,2025-03-27,23500.0,PE,NIFTY25MAR23500PE,797.95,862.2,758.55,825.75,839.05,683.6,22553.35,825.75,954825,-139800,10498,19153833832.5,8182,F1,75,,,,,
2025-02-24,2025-02-24,FO,NSE,IDO,54722,,NIFTY,,2025-03-27,2025-03-27,23900.0,PE,NIFTY25MAR23900PE,1149.95,1199.4,1126.6,1171.85,1179.05,992.2,22553.35,1171.85,112050,-1350,52,97763662.5,40,F1,75,,,,,
2025-02-24,2025-02-24,FO,NSE,IDO,54724,,NIFTY,,2025-03-27,2025-03-27,23950.0,PE,NIFTY25MAR23950PE,1210.0,1210.0,1210.0,1210.0,1210.0,888.95,22553.35,1297.25,14475,0,2,3774000.0,1,F1,75,,,,,
2025-02-24,2025-02-24,FO,NSE,IDO,54726,,NIFTY,,2025-03-27,2025-03-27,24050.0,PE,NIFTY25MAR24050PE,0.0,0.0,0.0,1129.9,1123.0,1129.9,22553.35,1389.8,6450,0,0,0.0,0,F1,75,,,,,
2025-02-24,2025-02-24,FO,NSE,IDO,64573,,NIFTY,,2025-03-27,2025-03-27,26000.0,PE,NIFTY25MAR26000PE,3137.35,3265.1,3137.35,3220.35,3229.7,3000.2,22553.35,3220.35,890300,196975,3350,7341696495.0,3086,F1,75,,,,,
2025-02-24,2025-02-24,FO,NSE,IDO,54523,,NIFTY,,2025-04-03,2025-04-03,21050.0,PE,NIFTY2540321050PE,0.0,0.0,0.0,20.6,0.0,20.6,22553.35,14.55,0,0,0,0.0,0,F1,75,,,,,
2025-02-24,2025-02-24,FO,NSE,IDO,54645,,NIFTY,,2025-04-03,2025-04-03,23100.0,PE,NIFTY2540323100PE,0.0,0.0,0.0,492.2,0.0,492.2,22553.35,615.85,0,0,0,0.0,0,F1,75,,,,,
2025-02-24,2025-02-24,FO,NSE,IDO,54764,,NIFTY,,2025-04-03,2025-04-03,23900.0,PE,NIFTY2540323900PE,0.0,0.0,0.0,993.2,0.0,993.2,22553.35,1242.0,0,0,0,0.0,0,F1,75,,,,,
2025-02-24,2025-02-24,FO,NSE,IDO,54844,,NIFTY,,2025-04-03,2025-04-03,24250.0,PE,NIFTY2540324250PE,0.0,0.0,0.0,1265.75,0.0,1265.75,22553.35,1560.4,0,0,0,0.0,0,F1,75,,,,,
2025-02-24,2025-02-24,FO,NSE,IDO,79273,,NIFTY,,2025-04-24,2025-04-24,21900.0,PE,NIFTY25APR21900PE,170.0,171.15,153.45,161.15,163.05,142.7,22553.35,161.15,83175,3600,321,531147345.0,122,F1,75,,,,,
2025-02-24,2025-02-24,FO,NSE,IDO,79412,,NIFTY,,2025-04-24,2025-04-24,22800.0,PE,NIFTY25APR22800PE,424.0,462.0,417.4,436.5,442.05,376.75,22553.35,436.5,77250,13050,964,1680169110.0,516,F1,75,,,,,
2025-02-24,2025-02-24,FO,NSE,IDO,79433,,NIFTY,,2025-04-24,2025-04-24,23000.0,PE,NIFTY25APR23000PE,499.9,556.45,499.9,525.4,528.0,453.5,22553.35,525.4,344325,9675,3753,6622565936.25,2147,F1,75,,,,,
2025-02-24,2025-02-24,FO,NSE,IDO,79441,,NIFTY,,2025-04-24,2025-04-24,23200.0,PE,NIFTY25APR23200PE,609.0,699.7,591.7,628.3,646.7,545.3,22553.35,628.3,37050,8775,425,759624108.75,219,F1,75,,,,,
2025-02-24,2025-02-24,FO,NSE,IDO,89632,,NIFTY,,2029-06-28,2029-06-28,25000.0,CE,NIFTY29JUN25000CE,0.0,0.0,0.0,7557.7,0.0,7557.7,22553.35,4590.35,0,0,0,0.0,0,F1,75,,,,,
2025-02-24,2025-02-24,FO,NSE,IDO,79514,,NIFTY,,2025-04-24,2025-04-24,23800.0,PE,NIFTY25APR23800PE,1012.3,1020.0,980.7,1020.0,1020.0,901.0,22553.35,1143.7,57375,75,10,18599831.25,10,F1,75,,,,,
2025-02-24,2025-02-24,FO,NSE,IDO,68447,,NIFTY,,2025-03-06,2025-03-06,22500.0,PE,NIFTY2530622500PE,132.3,158.2,119.5,130.45,132.55,95.6,22553.35,130.45,1112250,452550,77772,132047294621.25,44352,F1,75,,,,,
2025-02-24,2025-02-24,FO,NSE,IDO,54712,,NIFTY,,2025-04-03,2025-04-03,23500.0,CE,NIFTY2540323500CE,161.0,161.0,111.1,115.35,111.45,188.0,22553.35,115.35,1875,1725,41,72648273.75,30,F1,75,,,,,
2025-02-24,2025-02-24,FO,NSE,IDO,54845,,NIFTY,,2025-04-03,2025-04-03,24300.0,CE,NIFTY2540324300CE,0.0,0.0,0.0,119.85,0.0,119.85,22553.35,24.4,0,0,0,0.0,0,F1,75,,,,,
2025-02-24,2025-02-24,FO,NSE,IDO,54858,,NIFTY,,2025-04-03,2025-04-03,24500.0,CE,NIFTY2540324500CE,0.0,0.0,0.0,90.1,0.0,90.1,22553.35,15.45,0,0,0,0.0,0,F1,75,,,,,
2025-02-24,2025-02-24,FO,NSE,IDO,54864,,NIFTY,,2025-04-03,2025-04-03,24650.0,CE,NIFTY2540324650CE,26.15,27.5,12.8,13.25,14.05,72.05,22553.35,13.25,1275,1275,20,37000875.0,16,F1,75,,,,,
2025-02-24,2025-02-24,FO,NSE,IDO,79386,,NIFTY,,2025-04-24,2025-04-24,22400.0,CE,NIFTY25APR22400CE,0.0,0.0,0.0,1474.75,0.0,1474.75,22553.35,695.75,0,0,0,0.0,0,F1,75,,,,,
2025-02-24,2025-02-24,FO,NSE,IDO,51399,,NIFTY,,2025-03-27,2025-03-27,23500.0,CE,NIFTY25MAR23500CE,110.0,143.0,77.6,80.85,80.3,153.2,22553.35,80.85,3191250,1039425,62389,110389925737.5,31429,F1,75,,,,,
2025-02-24,2025-02-24,FO,NSE,IDO,79403,,NIFTY,,2025-04-24,2025-04-24,22700.0,CE,NIFTY25APR22700CE,645.0,654.0,579.0,594.45,587.9,761.45,22553.35,594.45,20850,1875,232,405511755.0,144,F1,75,,,,,
2025-02-24,2025-02-24,FO,NSE,IDO,79490,,NIFTY,,2025-04-24,2025-04-24,23450.0,CE,NIFTY25APR23450CE,0.0,0.0,0.0,340.0,340.0,340.0,22553.35,230.1,7050,0,0,0.0,0,F1,75,,,,,
2025-02-24,2025-02-24,FO,NSE,IDO,79746,,NIFTY,,2025-04-24,2025-04-24,25400.0,CE,NIFTY25APR25400CE,21.7,21.7,12.8,14.9,15.4,20.7,22553.35,14.9,900,150,9,17155991.25,6,F1,75,,,,,
2025-02-24,2025-02-24,FO,NSE,IDO,79750,,NIFTY,,2025-04-24,2025-04-24,25500.0,CE,NIFTY25APR25500CE,18.3,18.3,14.0,14.75,14.45,18.2,22553.35,14.75,172275,4950,760,1454391783.75,440,F1,75,,,,,
2025-02-24,2025-02-24,FO,NSE,IDO,38373,,NIFTY,,2025-06-26,2025-06-26,20000.0,CE,NIFTY25JUN20000CE,3050.0,3120.0,3044.25,3080.75,3081.7,3281.0,22553.35,3080.75,31800,2025,32,55379970.0,22,F1,75,,,,,
2025-02-24,2025-02-24,FO,NSE,IDO,36688,,NIFTY,,2025-12-24,2025-12-24,19500.0,CE,NIFTY25DEC19500CE,0.0,0.0,0.0,4700.0,4700.0,4700.0,22553.35,4129.3,1450,0,0,0.0,0,F1,75,,,,,
2025-02-24,2025-02-24,FO,NSE,IDO,51451,,NIFTY,,2025-12-24,2025-12-24,21000.0,CE,NIFTY25DEC21000CE,3000.0,3000.0,2950.0,2950.0,2950.0,3121.5,22553.35,2950.0,10150,0,2,3596250.0,2,F1,75,,,,,
2025-02-24,2025-02-24,FO,NSE,IDO,38378,,NIFTY,,2026-06-25,2026-06-25,20000.0,CE,NIFTY26JUN20000CE,0.0,0.0,0.0,3829.5,0.0,3829.5,22553.35,4340.05,0,0,0,0.0,0,F1,75,,,,,
2025-02-24,2025-02-24,FO,NSE,IDO,51453,,NIFTY,,2026-06-25,2026-06-25,21000.0,CE,NIFTY26JUN21000CE,0.0,0.0,0.0,3881.9,0.0,3881.9,22553.35,3546.5,0,0,0,0.0,0,F1,75,,,,,
2025-02-24,2025-02-24,FO,NSE,IDO,38154,,NIFTY,,2026-06-25,2026-06-25,29000.0,CE,NIFTY26JUN29000CE,0.0,0.0,0.0,864.2,0.0,864.2,22553.35,271.3,0,0,0,0.0,0,F1,75,,,,,
2025-02-24,2025-02-24,FO,NSE,IDO,68422,,NIFTY,,2025-03-06,2025-03-06,22100.0,PE,NIFTY2530622100PE,45.65,57.0,38.0,42.35,44.45,32.7,22553.35,42.35,293850,125850,28765,47778829800.0,16714,F1,75,,,,,
2025-02-24,2025-02-24,FO,NSE,IDO,68408,,NIFTY,,2025-03-06,2025-03-06,21800.0,PE,NIFTY2530621800PE,20.95,24.0,15.65,17.4,17.85,13.85,22553.35,17.4,531600,108750,24240,39667131603.75,15464,F1,75,,,,,
2025-02-24,2025-02-24,FO,NSE,IDO,79669,,NIFTY,,2025-04-24,2025-04-24,24650.0,PE,NIFTY25APR24650PE,0.0,0.0,0.0,924.7,924.7,924.7,22553.35,1878.8,750,0,0,0.0,0,F1,75,,,,,
2025-02-24,2025-02-24,FO,NSE,IDO,79730,,NIFTY,,2025-04-24,2025-04-24,25100.0,PE,NIFTY25APR25100PE,0.0,0.0,0.0,1667.15,0.0,1667.15,22553.35,2302.25,0,0,0,0.0,0,F1,75,,,,,
2025-02-24,2025-02-24,FO,NSE,IDO,64703,,NIFTY,,2025-09-25,2025-09-25,29000.0,PE,NIFTY25SEP29000PE,0.0,0.0,0.0,2125.3,0.0,2125.3,22553.35,5383.7,0,0,0,0.0,0,F1,75,,,,,
2025-02-24,2025-02-24,FO,NSE,IDO,58623,,NIFTY,,2025-12-24,2025-12-24,22000.0,PE,NIFTY25DEC22000PE,517.75,530.15,508.3,520.35,524.0,485.6,22553.35,520.35,486050,5550,675,1140117701.25,534,F1,75,,,,,
2025-02-24,2025-02-24,FO,NSE,IDO,58641,,NIFTY,,2026-12-31,2026-12-31,18000.0,PE,NIFTY26DEC18000PE,0.0,0.0,0.0,76.1,76.1,76.1,22553.35,36.85,5175,0,0,0.0,0,F1,75,,,,,
2025-02-24,2025-02-24,FO,NSE,IDO,58645,,NIFTY,,2026-12-31,2026-12-31,20000.0,PE,NIFTY26DEC20000PE,370.05,409.0,370.0,409.0,409.0,370.0,22553.35,409.0,4650,150,7,10698682.5,6,F1,75,,,,,
2025-02-24,2025-02-24,FO,NSE,IDO,53604,,NIFTY,,2027-12-30,2027-12-30,18000.0,PE,NIFTY27DEC18000PE,0.0,0.0,0.0,244.4,244.4,244.4,22553.35,54.5,10175,0,0,0.0,0,F1,75,,,,,
2025-02-24,2025-02-24,FO,NSE,IDO,86150,,NIFTY,,2028-06-29,2028-06-29,23000.0,PE,NIFTY28JUN23000PE,0.0,0.0,0.0,1399.25,0.0,1399.25,22553.35,581.8,0,0,0,0.0,0,F1,75,,,,,
2025-02-24,2025-02-24,FO,NSE,IDO,67793,,NIFTY,,2028-12-28,2028-12-28,29000.0,PE,NIFTY28DEC29000PE,0.0,0.0,0.0,2010.85,0.0,2010.85,22553.35,2360.35,0,0,0,0.0,0,F1,75,,,,,
2025-02-24,2025-02-24,FO,NSE,IDO,89637,,NIFTY,,2029-06-28,2029-06-28,27000.0,PE,NIFTY29JUN27000PE,0.0,0.0,0.0,1252.35,0.0,1252.35,22553.35,1427.6,0,0,0,0.0,0,F1,75,,,,,
2025-02-24,2025-02-24,FO,NSE,IDO,61745,,NIFTY,,2029-12-27,2029-12-27,22000.0,PE,NIFTY29DEC22000PE,0.0,0.0,0.0,373.65,0.0,373.65,22553.35,337.05,0,0,0,0.0,0,F1,75,,,,,
2025-02-24,2025-02-24,FO,NSE,IDO,57690,,NIFTY,,2025-02-27,2025-02-27,26150.0,PE,NIFTY25FEB26150PE,0.0,0.0,0.0,3111.7,3112.6,3111.7,22553.35,3582.7,225,0,0,0.0,0,F1,75,,,,,
2025-02-24,2025-02-24,FO,NSE,IDO,57680,,NIFTY,,2025-02-27,2025-02-27,25900.0,PE,NIFTY25FEB25900PE,3307.95,3312.0,3268.85,3296.5,3300.0,3080.0,22553.35,3296.5,5700,-900,24,52554273.75,11,F1,75,,,,,
2025-02-24,2025-02-24,FO,NSE,IDO,57668,,NIFTY,,2025-02-27,2025-02-27,25600.0,PE,NIFTY25FEB25600PE,2990.0,3001.0,2945.0,2960.0,2960.0,2750.0,22553.35,3033.0,21675,-2550,41,87875043.75,18,F1,75,,,,,
2025-02-24,2025-02-24,FO,NSE,IDO,57664,,NIFTY,,2025-02-27,2025-02-27,25500.0,PE,NIFTY25FEB25500PE,2825.0,2920.0,2800.75,2885.25,2896.0,2685.15,22553.35,2885.25,258825,-50700,785,1670479897.5,612,F1,75,,,,,
2025-02-24,2025-02-24,FO,NSE,IDO,89626,,NIFTY,,2029-06-28,2029-06-28,22000.0,CE,NIFTY29JUN22000CE,0.0,0.0,0.0,9207.9,0.0,9207.9,22553.35,6324.05,0,0,0,0.0,0,F1,75,,,,,
2025-02-24,2025-02-24,FO,NSE,IDO,89614,,NIFTY,,2029-06-28,2029-06-28,19000.0,CE,NIFTY29JUN19000CE,0.0,0.0,0.0,11036.95,0.0,11036.95,22553.35,8331.5,0,0,0,0.0,0,F1,75,,,,,
2025-02-24,2025-02-24,FO,NSE,IDO,86167,,NIFTY,,2028-06-29,2028-06-29,29000.0,CE,NIFTY28JUN29000CE,0.0,0.0,0.0,2333.25,0.0,2333.25,22553.35,1854.1,0,0,0,0.0,0,F1,75,,,,,
2025-02-24,2025-02-24,FO,NSE,IDO,53603,,NIFTY,,2027-12-30,2027-12-30,18000.0,CE,NIFTY27DEC18000CE,0.0,0.0,0.0,6285.7,0.0,6285.7,22553.35,7648.4,0,0,0,0.0,0,F1,75,,,,,
2025-02-24,2025-02-24,FO,NSE,IDO,50978,,NIFTY,,2026-12-31,2026-12-31,27000.0,CE,NIFTY26DEC27000CE,0.0,0.0,0.0,1651.65,0.0,1651.65,22553.35,1072.05,0,0,0,0.0,0,F1,75,,,,,
2025-02-24,2025-02-24,FO,NSE,IDO,57584,,NIFTY,,2025-02-27,2025-02-27,23550.0,PE,NIFTY25FEB23550PE,876.1,963.35,872.6,931.55,939.35,723.05,22553.35,931.55,95250,-3825,123,225796931.25,87,F1,75,,,,,
2025-02-24,2025-02-24,FO,NSE,IDO,68575,,NIFTY,,2025-03-06,2025-03-06,23500.0,PE,NIFTY2530623500PE,791.05,879.05,775.6,840.55,853.65,657.55,22553.35,840.55,85875,-58875,2726,4976706030.0,1185,F1,75,,,,,
2025-02-24,2025-02-24,FO,NSE,IDO,68581,,NIFTY,,2025-03-06,2025-03-06,23650.0,PE,NIFTY2530623650PE,1010.0,1010.0,966.15,966.15,966.15,796.1,22553.35,1058.1,300,-150,4,7394711.25,3,F1,75,,,,,
2025-02-24,2025-02-24,FO,NSE,IDO,68597,,NIFTY,,2025-03-06,2025-03-06,24050.0,PE,NIFTY2530624050PE,0.0,0.0,0.0,1166.95,1166.95,1166.95,22553.35,1454.2,900,0,0,0.0,0,F1,75,,,,,
2025-02-24,2025-02-24,FO,NSE,IDO,68767,,NIFTY,,2025-03-06,2025-03-06,25350.0,PE,NIFTY2530625350PE,0.0,0.0,0.0,2460.15,2460.15,2460.15,22553.35,2751.55,225,0,0,0.0,0,F1,75,,,,,
2025-02-24,2025-02-24,FO,NSE,IDO,45413,,NIFTY,,2025-03-13,2025-03-13,21450.0,PE,NIFTY2531321450PE,17.8,22.35,15.4,18.35,18.35,17.8,22553.35,7.9,3150,2025,37,59576613.75,11,F1,75,,,,,
2025-02-24,2025-02-24,FO,NSE,IDO,54646,,NIFTY,,2025-04-03,2025-04-03,23150.0,CE,NIFTY2540323150CE,0.0,0.0,0.0,471.5,0.0,471.5,22553.35,208.75,0,0,0,0.0,0,F1,75,,,,,
2025-02-24,2025-02-24,FO,NSE,IDO,54584,,NIFTY,,2025-04-03,2025-04-03,22150.0,CE,NIFTY2540322150CE,0.0,0.0,0.0,1096.65,0.0,1096.65,22553.35,719.9,0,0,0,0.0,0,F1,75,,,,,
2025-02-24,2025-02-24,FO,NSE,IDO,54542,,NIFTY,,2025-04-03,2025-04-03,21350.0,CE,NIFTY2540321350CE,0.0,0.0,0.0,1777.15,0.0,1777.15,22553.35,1379.25,0,0,0,0.0,0,F1,75,,,,,
2025-02-24,2025-02-24,FO,NSE,IDO,54532,,NIFTY,,2025-04-03,2025-04-03,21100.0,CE,NIFTY2540321100CE,0.0,0.0,0.0,2009.7,0.0,2009.7,22553.35,1612.35,0,0,0,0.0,0,F1,75,,,,,
2025-02-24,2025-02-24,FO,NSE,IDO,46928,,NIFTY,,2025-03-27,2025-03-27,21900.0,CE,NIFTY25MAR21900CE,945.0,961.5,915.5,935.5,936.0,1129.65,22553.35,935.5,1800,225,21,35973637.5,15,F1,75,,,,,
2025-02-24,2025-02-24,FO,NSE,IDO,55571,,NIFTY,,2025-02-27,2025-02-27,21400.0,CE,NIFTY25FEB21400CE,1200.0,1270.1,1200.0,1245.0,1245.0,1384.45,22553.35,1164.8,525,-225,5,8490832.5,5,F1,75,,,,,
2025-02-24,2025-02-24,FO,NSE,IDO,55603,,NIFTY,,2025-02-27,2025-02-27,22100.0,CE,NIFTY25FEB22100CE,633.0,633.0,486.5,518.4,513.25,726.55,22553.35,518.4,34425,25200,2185,3709404112.5,1381,F1,75,,,,,
2025-02-24,2025-02-24,FO,NSE,IDO,55619,,NIFTY,,2025-02-27,2025-02-27,22500.0,CE,NIFTY25FEB22500CE,258.0,273.95,153.4,173.65,166.35,359.05,22553.35,173.65,3198450,2503575,794976,1352691201000.0,509694,F1,75,,,,,
2025-02-24,2025-02-24,FO,NSE,IDO,55621,,NIFTY,,2025-02-27,2025-02-27,22550.0,CE,NIFTY25FEB22550CE,225.0,238.4,123.4,140.25,133.5,319.05,22553.35,140.25,1700025,1642500,910572,1550497456785.0,586724,F1,75,,,,,
2025-02-24,2025-02-24,FO,NSE,IDO,55629,,NIFTY,,2025-02-27,2025-02-27,22750.0,CE,NIFTY25FEB22750CE,110.0,120.5,38.45,44.0,41.6,182.9,22553.35,44.0,3621300,2487225,820845,1404289332671.25,454587,F1,75,,,,,
2025-02-24,2025-02-24,FO,NSE,IDO,55631,,NIFTY,,2025-02-27,2025-02-27,22800.0,CE,NIFTY25FEB22800CE,85.0,98.0,28.0,31.45,29.95,154.0,22553.35,31.45,13235250,8600475,1663984,2851276431761.25,785988,F1,75,,,,,
2025-02-24,2025-02-24,FO,NSE,IDO,57625,,NIFTY,,2025-02-27,2025-02-27,24600.0,CE,NIFTY25FEB24600CE,0.8,1.8,0.8,1.15,0.9,1.0,22553.35,1.15,948750,43800,58885,108647845882.5,12481,F1,75,,,,,
2025-02-24,2025-02-24,FO,NSE,IDO,57633,,NIFTY,,2025-02-27,2025-02-27,24800.0,CE,NIFTY25FEB24800CE,0.9,1.35,0.85,1.2,1.2,1.0,22553.35,1.2,2167275,383625,74606,138773490765.0,13975,F1,75,,,,,
2025-02-24,2025-02-24,FO,NSE,IDO,57685,,NIFTY,,2025-02-27,2025-02-27,26050.0,CE,NIFTY25FEB26050CE,0.9,1.4,0.7,1.0,1.4,0.9,22553.35,1.0,66225,21675,6787,13260558438.75,2004,F1,75,,,,,
2025-02-24,2025-02-24,FO,NSE,IDO,57599,,NIFTY,,2025-02-27,2025-02-27,23950.0,CE,NIFTY25FEB23950CE,1.55,1.95,1.35,1.55,1.75,1.65,22553.35,1.55,558900,-261600,96150,172721242080.0,22105,F1,75,,,,,
2025-02-24,2025-02-24,FO,NSE,IDO,57605,,NIFTY,,2025-02-27,2025-02-27,24100.0,CE,NIFTY25FEB24100CE,1.25,1.7,1.15,1.35,1.3,1.3,22553.35,1.35,2297175,-480375,171596,310177713318.75,38460,F1,75,,,,,
2025-02-24,2025-02-24,FO,NSE,IDO,57641,,NIFTY,,2025-02-27,2025-02-27,25000.0,CE,NIFTY25FEB25000CE,0.85,1.3,0.85,1.1,1.15,0.95,22553.35,1.1,5163075,-246750,175774,329589872373.75,32916,F1,75,,,,,
2025-02-24,2025-02-24,FO,NSE,IDO,57651,,NIFTY,,2025-02-27,2025-02-27,25200.0,CE,NIFTY25FEB25200CE,1.0,1.65,0.85,1.15,1.15,0.95,22553.35,1.15,1102200,538650,37311,70520794717.5,10607,F1,75,,,,,
2025-02-24,2025-02-24,FO,NSE,IDO,57653,,NIFTY,,2025-02-27,2025-02-27,25250.0,CE,NIFTY25FEB25250CE,0.85,1.9,0.75,1.05,0.95,0.85,22553.35,1.05,79200,-6075,10253,19417342736.25,2627,F1,75,,,,,
2025-02-24,2025-02-24,FO,NSE,IDO,57683,,NIFTY,,2025-02-27,2025-02-27,26000.0,CE,NIFTY25FEB26000CE,0.7,1.4,0.7,0.95,0.9,0.85,22553.35,0.95,2658375,-57075,73820,143953825938.75,21023,F1,75,,,,,
2025-02-24,2025-02-24,FO,NSE,IDO,57704,,NIFTY,,2025-02-27,2025-02-27,26350.0,CE,NIFTY25FEB26350CE,0.85,1.9,0.7,0.9,0.75,0.85,22553.35,0.9,26475,2925,7268,14363853056.25,1665,F1,75,,,,,
2025-02-24,2025-02-24,FO,NSE,IDO,68374,,NIFTY,,2025-03-06,2025-03-06,21100.0,CE,NIFTY2530621100CE,0.0,0.0,0.0,1774.1,1774.1,1774.1,22553.35,1491.0,75,0,0,0.0,0,F1,75,,,,,
2025-02-24,2025-02-24,FO,NSE,IDO,68376,,NIFTY,,2025-03-06,2025-03-06,21150.0,CE,NIFTY2530621150CE,0.0,0.0,0.0,1732.05,1732.05,1732.05,22553.35,1441.15,75,0,0,0.0,0,F1,75,,,,,
2025-02-24,2025-02-24,FO,NSE,IDO,68388,,NIFTY,,2025-03-06,2025-03-06,21350.0,CE,NIFTY2530621350CE,0.0,0.0,0.0,1530.95,1530.95,1530.95,22553.35,1242.1,675,0,0,0.0,0,F1,75,,,,,
2025-02-24,2025-02-24,FO,NSE,IDO,68391,,NIFTY,,2025-03-06,2025-03-06,21400.0,CE,NIFTY2530621400CE,1295.0,1308.0,1282.0,1290.0,1290.0,1481.0,22553.35,1192.5,975,300,4,6808125.0,4,F1,75,,,,,
2025-02-24,2025-02-24,FO,NSE,IDO,68393,,NIFTY,,2025-03-06,2025-03-06,21450.0,CE,NIFTY2530621450CE,1210.0,1210.0,1210.0,1210.0,1210.0,1430.2,22553.35,1210.0,675,75,1,1699500.0,1,F1,75,,,,,
2025-02-24,2025-02-24,FO,NSE,IDO,68401,,NIFTY,,2025-03-06,2025-03-06,21650.0,CE,NIFTY2530621650CE,0.0,0.0,0.0,1228.65,1228.65,1228.65,22553.35,946.75,675,0,0,0.0,0,F1,75,,,,,
2025-02-24,2025-02-24,FO,NSE,IDO,68430,,NIFTY,,2025-03-06,2025-03-06,22300.0,CE,NIFTY2530622300CE,519.05,534.85,414.0,437.15,428.0,621.65,22553.35,437.15,26700,19275,1967,3356538262.5,1360,F1,75,,,,,
2025-02-24,2025-02-24,FO,NSE,IDO,68574,,NIFTY,,2025-03-06,2025-03-06,23500.0,CE,NIFTY2530623500CE,23.65,27.0,9.5,10.0,9.9,33.85,22553.35,10.0,908175,168600,54028,95278895486.25,29013,F1,75,,,,,
2025-02-24,2025-02-24,FO,NSE,IDO,68586,,NIFTY,,2025-03-06,2025-03-06,23800.0,CE,NIFTY2530623800CE,10.0,10.0,4.75,5.1,5.0,11.25,22553.35,5.1,475275,161175,21310,38047493448.75,10946,F1,75,,,,,
2025-02-24,2025-02-24,FO,NSE,IDO,68602,,NIFTY,,2025-03-06,2025-03-06,24200.0,CE,NIFTY2530624200CE,2.95,3.7,2.7,3.15,3.1,3.95,22553.35,3.15,141375,-45450,5716,10375865096.25,2769,F1,75,,,,,
2025-02-24,2025-02-24,FO,NSE,IDO,68672,,NIFTY,,2025-03-06,2025-03-06,25250.0,CE,NIFTY2530625250CE,1.6,2.3,1.6,1.95,2.0,1.85,22553.35,1.95,2625,-225,52,98482800.0,26,F1,75,,,,,
2025-02-24,2025-02-24,FO,NSE,IDO,68870,,NIFTY,,2025-03-06,2025-03-06,25450.0,CE,NIFTY2530625450CE,1.65,2.25,1.6,1.75,1.65,1.8,22553.35,1.75,3075,-600,81,154620101.25,45,F1,75,,,,,
2025-02-24,2025-02-24,FO,NSE,IDO,45428,,NIFTY,,2025-03-13,2025-03-13,21750.0,CE,NIFTY2531321750CE,0.0,0.0,0.0,1182.85,1182.85,1182.85,22553.35,894.05,75,0,0,0.0,0,F1,75,,,,,
2025-02-24,2025-02-24,FO,NSE,IDO,45440,,NIFTY,,2025-03-13,2025-03-13,22000.0,CE,NIFTY2531322000CE,750.0,770.1,735.65,743.65,735.65,950.5,22553.35,743.65,525,450,6,10237102.5,6,F1,75,,,,,
2025-02-24,2025-02-24,FO,NSE,IDO,45542,,NIFTY,,2025-03-13,2025-03-13,23800.0,CE,NIFTY2531323800CE,21.0,21.65,9.85,10.3,10.35,29.1,22553.35,10.3,68625,41325,2831,5056074483.75,1413,F1,75,,,,,
2025-02-24,2025-02-24,FO,NSE,IDO,45546,,NIFTY,,2025-03-13,2025-03-13,23900.0,CE,NIFTY2531323900CE,16.2,16.2,7.9,8.25,8.35,21.35,22553.35,8.25,32400,7425,1425,2555416972.5,650,F1,75,,,,,
2025-02-24,2025-02-24,FO,NSE,IDO,45556,,NIFTY,,2025-03-13,2025-03-13,24150.0,CE,NIFTY2531324150CE,7.0,7.0,4.9,5.25,5.1,11.35,22553.35,5.25,10275,5700,140,253642203.75,73,F1,75,,,,,
2025-02-24,2025-02-24,FO,NSE,IDO,45597,,NIFTY,,2025-03-13,2025-03-13,24450.0,CE,NIFTY2531324450CE,6.2,6.2,3.75,4.15,4.15,6.5,22553.35,4.15,1425,1125,21,38515473.75,5,F1,75,,,,,
2025-02-24,2025-02-24,FO,NSE,IDO,45653,,NIFTY,,2025-03-13,2025-03-13,25300.0,CE,NIFTY2531325300CE,3.05,3.25,2.2,2.5,2.4,2.45,22553.35,2.5,7125,1650,133,252392216.25,33,F1,75,,,,,
2025-02-24,2025-02-24,FO,NSE,IDO,50119,,NIFTY,,2025-03-20,2025-03-20,21450.0,CE,NIFTY2532021450CE,0.0,0.0,0.0,1756.95,0.0,1756.95,22553.35,1212.45,0,0,0,0.0,0,F1,75,,,,,
2025-02-24,2025-02-24,FO,NSE,IDO,50143,,NIFTY,,2025-03-20,2025-03-20,21900.0,CE,NIFTY2532021900CE,0.0,0.0,0.0,1351.9,0.0,1351.9,22553.35,811.4,0,0,0,0.0,0,F1,75,,,,,
2025-02-24,2025-02-24,FO,NSE,IDO,50203,,NIFTY,,2025-03-20,2025-03-20,22700.0,CE,NIFTY2532022700CE,397.85,397.85,309.0,319.35,315.5,468.5,22553.35,319.35,5550,4200,159,274736043.75,118,F1,75,,,,,
2025-02-24,2025-02-24,FO,NSE,IDO,50217,,NIFTY,,2025-03-20,2025-03-20,22850.0,CE,NIFTY2532022850CE,280.4,280.4,238.05,245.0,245.0,380.0,22553.35,245.0,2325,525,19,32925033.75,13,F1,75,,,,,
2025-02-24,2025-02-24,FO,NSE,IDO,50225,,NIFTY,,2025-03-20,2025-03-20,23050.0,CE,NIFTY2532023050CE,0.0,0.0,0.0,530.55,0.0,530.55,22553.35,150.45,0,0,0,0.0,0,F1,75,,,,,
2025-02-24,2025-02-24,FO,NSE,IDO,50227,,NIFTY,,2025-03-20,2025-03-20,23100.0,CE,NIFTY2532023100CE,200.0,200.0,138.0,145.75,142.65,254.75,22553.35,145.75,2475,1275,85,148269652.5,59,F1,75,,,,,
2025-02-24,2025-02-24,FO,NSE,IDO,50231,,NIFTY,,2025-03-20,2025-03-20,23200.0,CE,NIFTY2532023200CE,165.0,165.0,111.95,114.2,114.85,200.0,22553.35,114.2,5775,2325,253,442535253.75,115,F1,75,,,,,
2025-02-24,2025-02-24,FO,NSE,IDO,50275,,NIFTY,,2025-03-20,2025-03-20,24000.0,CE,NIFTY2532024000CE,30.0,30.0,14.0,14.6,14.5,34.25,22553.35,14.6,41175,150,1020,1837346017.5,391,F1,75,,,,,
2025-02-24,2025-02-24,FO,NSE,IDO,50301,,NIFTY,,2025-03-20,2025-03-20,24450.0,CE,NIFTY2532024450CE,8.0,8.9,8.0,8.7,8.7,12.1,22553.35,3.45,825,-150,17,31184182.5,5,F1,75,,,,,
2025-02-24,2025-02-24,FO,NSE,IDO,46827,,NIFTY,,2025-03-27,2025-03-27,21050.0,CE,NIFTY25MAR21050CE,0.0,0.0,0.0,3112.65,0.0,3112.65,22553.35,1628.05,0,0,0,0.0,0,F1,75,,,,,
2025-02-24,2025-02-24,FO,NSE,IDO,46854,,NIFTY,,2025-03-27,2025-03-27,21250.0,CE,NIFTY25MAR21250CE,0.0,0.0,0.0,2926.85,0.0,2926.85,22553.35,1436.7,0,0,0,0.0,0,F1,75,,,,,
2025-02-24,2025-02-24,FO,NSE,IDO,46868,,NIFTY,,2025-03-27,2025-03-27,21350.0,CE,NIFTY25MAR21350CE,0.0,0.0,0.0,2834.95,0.0,2834.95,22553.35,1342.75,0,0,0,0.0,0,F1,75,,,,,
2025-02-24,2025-02-24,FO,NSE,IDO,46888,,NIFTY,,2025-03-27,2025-03-27,21600.0,CE,NIFTY25MAR21600CE,1250.0,1250.0,1180.85,1210.0,1210.0,1406.55,22553.35,1114.9,6450,225,9,15397860.0,9,F1,75,,,,,
2025-02-24,2025-02-24,FO,NSE,IDO,46892,,NIFTY,,2025-03-27,2025-03-27,21650.0,CE,NIFTY25MAR21650CE,0.0,0.0,0.0,2563.9,0.0,2563.9,22553.35,1070.85,0,0,0,0.0,0,F1,75,,,,,
2025-02-24,2025-02-24,FO,NSE,IDO,46908,,NIFTY,,2025-03-27,2025-03-27,21750.0,CE,NIFTY25MAR21750CE,0.0,0.0,0.0,1902.25,1902.25,1902.25,22553.35,984.5,0,0,0,0.0,0,F1,75,,,,,
2025-02-24,2025-02-24,FO,NSE,IDO,46986,,NIFTY,,2025-03-27,2025-03-27,22300.0,CE,NIFTY25MAR22300CE,723.95,733.95,607.4,626.95,624.65,810.35,22553.35,626.95,56325,47850,1592,2739433961.25,1060,F1,75,,,,,
2025-02-24,2025-02-24,FO,NSE,IDO,46994,,NIFTY,,2025-03-27,2025-03-27,22450.0,CE,NIFTY25MAR22450CE,602.05,605.0,520.0,527.85,523.9,696.3,22553.35,527.85,41400,31950,586,1011636352.5,575,F1,75,,,,,
2025-02-24,2025-02-24,FO,NSE,IDO,47017,,NIFTY,,2025-03-27,2025-03-27,22600.0,CE,NIFTY25MAR22600CE,522.95,532.5,419.2,434.6,430.8,598.4,22553.35,434.6,469650,410925,14267,24664679793.75,10878,F1,75,,,,,
2025-02-24,2025-02-24,FO,NSE,IDO,47025,,NIFTY,,2025-03-27,2025-03-27,22650.0,CE,NIFTY25MAR22650CE,313.95,504.45,313.95,403.15,393.7,561.75,22553.35,403.15,54000,11700,1066,1844896305.0,914,F1,75,,,,,
2025-02-24,2025-02-24,FO,NSE,IDO,47040,,NIFTY,,2025-03-27,2025-03-27,22750.0,CE,NIFTY25MAR22750CE,446.85,446.9,336.25,349.2,344.75,498.95,22553.35,349.2,54525,16200,1429,2478261847.5,1109,F1,75,,,,,
2025-02-24,2025-02-24,FO,NSE,IDO,56870,,NIFTY,,2025-03-27,2025-03-27,25150.0,CE,NIFTY25MAR25150CE,0.0,0.0,0.0,9.35,9.35,9.35,22553.35,1.1,5775,0,0,0.0,0,F1,75,,,,,
2025-02-24,2025-02-24,FO,NSE,IDO,56878,,NIFTY,,2025-03-27,2025-03-27,25350.0,CE,NIFTY25MAR25350CE,7.0,7.0,7.0,7.0,7.0,8.75,22553.35,0.55,8100,0,2,3803550.0,1,F1,75,,,,,
2025-02-24,2025-02-24,FO,NSE,IDO,56884,,NIFTY,,2025-03-27,2025-03-27,25500.0,CE,NIFTY25MAR25500CE,6.4,7.25,4.65,6.5,6.45,6.6,22553.35,6.5,427875,-91050,6663,12746235300.0,2502,F1,75,,,,,
2025-02-24,2025-02-24,FO,NSE,IDO,56894,,NIFTY,,2025-03-27,2025-03-27,25750.0,CE,NIFTY25MAR25750CE,6.0,6.0,6.0,6.0,6.0,7.45,22553.35,6.0,3600,-375,5,9658500.0,2,F1,75,,,,,
2025-02-24,2025-02-24,FO,NSE,IDO,58786,,NIFTY,,2025-03-27,2025-03-27,25850.0,CE,NIFTY25MAR25850CE,6.0,6.45,6.0,6.15,6.15,7.6,22553.35,0.1,6750,75,5,9696063.75,5,F1,75,,,,,
2025-02-24,2025-02-24,FO,NSE,IDO,64578,,NIFTY,,2025-03-27,2025-03-27,28000.0,CE,NIFTY25MAR28000CE,3.9,4.2,3.55,3.95,4.15,4.1,22553.35,3.95,399400,-1425,831,1745341803.75,329,F1,75,,,,,
2025-02-24,2025-02-24,FO,NSE,IDO,64582,,NIFTY,,2025-03-27,2025-03-27,29000.0,CE,NIFTY25MAR29000CE,3.5,4.35,3.5,4.0,4.05,3.9,22553.35,4.0,357900,16650,675,1468322381.25,166,F1,75,,,,,
2025-02-24,2025-02-24,FO,NSE,IDO,64592,,NIFTY,,2025-03-27,2025-03-27,31000.0,CE,NIFTY25MAR31000CE,3.6,4.9,3.5,4.05,4.05,3.85,22553.35,4.05,2669075,271600,5960,13858759953.75,912,F1,75,,,,,
2025-02-24,2025-02-24,FO,NSE,IDO,54538,,NIFTY,,2025-04-03,2025-04-03,21250.0,CE,NIFTY2540321250CE,0.0,0.0,0.0,1869.35,0.0,1869.35,22553.35,1471.5,0,0,0,0.0,0,F1,75,,,,,
2025-02-24,2025-02-24,FO,NSE,IDO,54552,,NIFTY,,2025-04-03,2025-04-03,21400.0,CE,NIFTY2540321400CE,0.0,0.0,0.0,1731.5,0.0,1731.5,22553.35,1333.7,0,0,0,0.0,0,F1,75,,,,,
2025-02-24,2025-02-24,FO,NSE,IDO,54594,,NIFTY,,2025-04-03,2025-04-03,22400.0,CE,NIFTY2540322400CE,0.0,0.0,0.0,912.6,0.0,912.6,22553.35,554.95,0,0,0,0.0,0,F1,75,,,,,
2025-02-24,2025-02-24,FO,NSE,IDO,54631,,NIFTY,,2025-04-03,2025-04-03,22850.0,CE,NIFTY2540322850CE,0.0,0.0,0.0,627.0,0.0,627.0,22553.35,320.4,0,0,0,0.0,0,F1,75,,,,,
2025-02-24,2025-02-24,FO,NSE,IDO,54709,,NIFTY,,2025-04-03,2025-04-03,23450.0,CE,NIFTY2540323450CE,0.0,0.0,0.0,344.4,0.0,344.4,22553.35,129.0,0,0,0,0.0,0,F1,75,,,,,
2025-02-24,2025-02-24,FO,NSE,IDO,54716,,NIFTY,,2025-04-03,2025-04-03,23600.0,CE,NIFTY2540323600CE,0.0,0.0,0.0,291.0,0.0,291.0,22553.35,99.35,0,0,0,0.0,0,F1,75,,,,,
2025-02-24,2025-02-24,FO,NSE,IDO,54843,,NIFTY,,2025-04-03,2025-04-03,24250.0,CE,NIFTY2540324250CE,0.0,0.0,0.0,128.45,0.0,128.45,22553.35,27.25,0,0,0,0.0,0,F1,75,,,,,
2025-02-24,2025-02-24,FO,NSE,IDO,79247,,NIFTY,,2025-04-24,2025-04-24,21300.0,CE,NIFTY25APR21300CE,0.0,0.0,0.0,2374.35,0.0,2374.35,22553.35,1533.15,0,0,0,0.0,0,F1,75,,,,,
2025-02-24,2025-02-24,FO,NSE,IDO,79272,,NIFTY,,2025-04-24,2025-04-24,21900.0,CE,NIFTY25APR21900CE,0.0,0.0,0.0,1861.6,0.0,1861.6,22553.35,1038.5,0,0,0,0.0,0,F1,75,,,,,
2025-02-24,2025-02-24,FO,NSE,IDO,79394,,NIFTY,,2025-04-24,2025-04-24,22550.0,CE,NIFTY25APR22550CE,690.0,707.95,675.65,684.4,680.0,849.1,22553.35,684.4,525,300,18,31372972.5,14,F1,75,,,,,
2025-02-24,2025-02-24,FO,NSE,IDO,79396,,NIFTY,,2025-04-24,2025-04-24,22600.0,CE,NIFTY25APR22600CE,725.05,725.05,642.9,656.15,648.05,790.0,22553.35,656.15,32850,32475,603,1052312898.75,353,F1,75,,,,,
2025-02-24,2025-02-24,FO,NSE,IDO,79409,,NIFTY,,2025-04-24,2025-04-24,22750.0,CE,NIFTY25APR22750CE,590.0,595.6,559.6,562.25,560.7,718.0,22553.35,562.25,1950,0,21,36733631.25,13,F1,75,,,,,
2025-02-24,2025-02-24,FO,NSE,IDO,79444,,NIFTY,,2025-04-24,2025-04-24,23300.0,CE,NIFTY25APR23300CE,365.55,365.55,235.55,289.5,286.0,408.15,22553.35,289.5,62700,2100,537,950991442.5,303,F1,75,,,,,
2025-02-24,2025-02-24,FO,NSE,IDO,79555,,NIFTY,,2025-04-24,2025-04-24,24150.0,CE,NIFTY25APR24150CE,0.0,0.0,0.0,190.0,190.0,190.0,22553.35,88.3,1125,0,0,0.0,0,F1,75,,,,,
2025-02-24,2025-02-24,FO,NSE,IDO,51449,,NIFTY,,2025-06-26,2025-06-26,21000.0,CE,NIFTY25JUN21000CE,2210.0,2250.0,2166.0,2183.65,2181.05,2399.6,22553.35,2183.65,11700,4500,84,146087475.0,58,F1,75,,,,,
2025-02-24,2025-02-24,FO,NSE,IDO,37749,,NIFTY,,2025-06-26,2025-06-26,23000.0,CE,NIFTY25JUN23000CE,850.0,867.25,755.85,767.45,759.0,910.4,22553.35,767.45,486400,77800,3557,6344941222.5,2990,F1,75,,,,,
2025-02-24,2025-02-24,FO,NSE,IDO,71393,,NIFTY,,2025-12-24,2025-12-24,24000.0,CE,NIFTY25DEC24000CE,1118.0,1119.95,1045.55,1056.3,1055.0,1176.1,22553.35,1056.3,267825,3000,722,1357824423.75,603,F1,75,,,,,
2025-02-24,2025-02-24,FO,NSE,IDO,35221,,NIFTY,,2025-12-24,2025-12-24,30000.0,CE,NIFTY25DEC30000CE,62.0,66.0,60.5,61.05,61.05,65.5,22553.35,61.05,55950,1050,46,103716210.0,28,F1,75,,,,,
2025-02-24,2025-02-24,FO,NSE,IDO,71551,,NIFTY,,2027-06-24,2027-06-24,20000.0,CE,NIFTY27JUN20000CE,0.0,0.0,0.0,3367.05,0.0,3367.05,22553.35,5530.35,0,0,0,0.0,0,F1,75,,,,,
2025-02-24,2025-02-24,FO,NSE,IDO,71558,,NIFTY,,2027-06-24,2027-06-24,23000.0,CE,NIFTY27JUN23000CE,0.0,0.0,0.0,2530.05,0.0,2530.05,22553.35,3449.85,0,0,0,0.0,0,F1,75,,,,,
2025-02-24,2025-02-24,FO,NSE,IDO,71564,,NIFTY,,2027-06-24,2027-06-24,26000.0,CE,NIFTY27JUN26000CE,0.0,0.0,0.0,1900.85,0.0,1900.85,22553.35,1920.35,0,0,0,0.0,0,F1,75,,,,,
2025-02-24,2025-02-24,FO,NSE,IDO,86143,,NIFTY,,2028-06-29,2028-06-29,20000.0,CE,NIFTY28JUN20000CE,0.0,0.0,0.0,5724.65,0.0,5724.65,22553.35,6635.85,0,0,0,0.0,0,F1,75,,,,,
2025-02-24,2025-02-24,FO,NSE,IDO,55566,,NIFTY,,2025-02-27,2025-02-27,21250.0,PE,NIFTY25FEB21250PE,1.35,2.25,0.85,1.3,1.15,1.2,22553.35,1.3,762900,-66525,68329,108907394595.0,17307,F1,75,,,,,
2025-02-24,2025-02-24,FO,NSE,IDO,55584,,NIFTY,,2025-02-27,2025-02-27,21600.0,PE,NIFTY25FEB21600PE,2.0,3.45,1.5,1.8,1.6,2.1,22553.35,1.8,2057475,294450,175282,283986297397.5,43278,F1,75,,,,,
2025-02-24,2025-02-24,FO,NSE,IDO,55586,,NIFTY,,2025-02-27,2025-02-27,21650.0,PE,NIFTY25FEB21650PE,4.75,4.75,1.6,1.95,1.75,2.25,22553.35,1.95,564900,-37950,108654,176446904715.0,26378,F1,75,,,,,
2025-02-24,2025-02-24,FO,NSE,IDO,55636,,NIFTY,,2025-02-27,2025-02-27,22900.0,PE,NIFTY25FEB22900PE,245.0,346.95,244.7,303.1,309.5,183.75,22553.35,303.1,1893525,-1357800,150480,261834568548.75,88430,F1,75,,,,,
2025-02-24,2025-02-24,FO,NSE,IDO,55644,,NIFTY,,2025-02-27,2025-02-27,23100.0,PE,NIFTY25FEB23100PE,397.95,535.0,397.95,494.3,497.9,319.1,22553.35,494.3,931950,-252750,15858,28041307136.25,11005,F1,75,,,,,
2025-02-24,2025-02-24,FO,NSE,IDO,56736,,NIFTY,,2025-02-27,2025-02-27,23400.0,PE,NIFTY25FEB23400PE,700.05,826.35,691.5,788.8,797.7,588.0,22553.35,788.8,759525,-84150,2190,3971032833.75,1479,F1,75,,,,,
2025-02-24,2025-02-24,FO,NSE,IDO,57582,,NIFTY,,2025-02-27,2025-02-27,23500.0,PE,NIFTY25FEB23500PE,801.05,928.75,794.7,888.9,897.0,683.0,22553.35,888.9,2969850,-213300,8860,16199919596.25,5151,F1,75,,,,,
2025-02-24,2025-02-24,FO,NSE,IDO,57592,,NIFTY,,2025-02-27,2025-02-27,23750.0,PE,NIFTY25FEB23750PE,1061.25,1168.65,1061.25,1126.15,1138.3,930.95,22553.35,1126.15,86100,-6300,134,250069068.75,73,F1,75,,,,,
2025-02-24,2025-02-24,FO,NSE,IDO,57594,,NIFTY,,2025-02-27,2025-02-27,23800.0,PE,NIFTY25FEB23800PE,1094.25,1222.05,1091.9,1186.2,1195.8,982.85,22553.35,1186.2,855300,-25725,1103,2065020888.75,640,F1,75,,,,,
2025-02-24,2025-02-24,FO,NSE,IDO,57618,,NIFTY,,2025-02-27,2025-02-27,24400.0,PE,NIFTY25FEB24400PE,1775.0,1811.3,1732.75,1788.95,1797.4,1588.85,22553.35,1788.95,125400,-18975,269,528243960.0,237,F1,75,,,,,
2025-02-24,2025-02-24,FO,NSE,IDO,61859,,NIFTY,,2029-12-27,2029-12-27,28000.0,PE,NIFTY29DEC28000PE,0.0,0.0,0.0,1411.3,0.0,1411.3,22553.35,1584.55,0,0,0,0.0,0,F1,75,,,,,
2025-02-24,2025-02-24,FO,NSE,IDO,89627,,NIFTY,,2029-06-28,2029-06-28,22000.0,PE,NIFTY29JUN22000PE,0.0,0.0,0.0,422.0,0.0,422.0,22553.35,360.4,0,0,0,0.0,0,F1,75,,,,,
2025-02-24,2025-02-24,FO,NSE,IDO,67789,,NIFTY,,2028-12-28,2028-12-28,27000.0,PE,NIFTY28DEC27000PE,0.0,0.0,0.0,1413.85,0.0,1413.85,22553.35,1580.75,0,0,0,0.0,0,F1,75,,,,,
2025-02-24,2025-02-24,FO,NSE,IDO,86144,,NIFTY,,2028-06-29,2028-06-29,20000.0,PE,NIFTY28JUN20000PE,0.0,0.0,0.0,400.0,400.0,400.0,22553.35,174.05,0,0,0,0.0,0,F1,75,,,,,
2025-02-24,2025-02-24,FO,NSE,IDO,53615,,NIFTY,,2027-12-30,2027-12-30,21000.0,PE,NIFTY27DEC21000PE,0.0,0.0,0.0,582.95,582.95,582.95,22553.35,280.0,50,0,0,0.0,0,F1,75,,,,,
2025-02-24,2025-02-24,FO,NSE,IDO,50550,,NIFTY,,2027-06-24,2027-06-24,28000.0,PE,NIFTY27JUN28000PE,0.0,0.0,0.0,5959.35,0.0,5959.35,22553.35,2737.25,0,0,0,0.0,0,F1,75,,,,,
2025-02-24,2025-02-24,FO,NSE,IDO,71561,,NIFTY,,2027-06-24,2027-06-24,24000.0,PE,NIFTY27JUN24000PE,0.0,0.0,0.0,5056.2,0.0,5056.2,22553.35,949.0,0,0,0,0.0,0,F1,75,,,,,
2025-02-24,2025-02-24,FO,NSE,IDO,50976,,NIFTY,,2026-06-25,2026-06-25,27000.0,PE,NIFTY26JUN27000PE,0.0,0.0,0.0,6810.7,0.0,6810.7,22553.35,2811.05,0,0,0,0.0,0,F1,75,,,,,
2025-02-24,2025-02-24,FO,NSE,IDO,51455,,NIFTY,,2026-06-25,2026-06-25,21000.0,PE,NIFTY26JUN21000PE,351.9,365.35,351.9,365.35,365.35,364.95,22553.35,252.1,1200,450,9,14417505.0,8,F1,75,,,,,
2025-02-24,2025-02-24,FO,NSE,IDO,38380,,NIFTY,,2026-06-25,2026-06-25,20000.0,PE,NIFTY26JUN20000PE,0.0,0.0,0.0,3159.75,0.0,3159.75,22553.35,128.55,0,0,0,0.0,0,F1,75,,,,,
2025-02-24,2025-02-24,FO,NSE,IDO,38153,,NIFTY,,2025-12-24,2025-12-24,29000.0,PE,NIFTY25DEC29000PE,0.0,0.0,0.0,4292.55,4292.55,4292.55,22553.35,4988.8,11850,0,0,0.0,0,F1,75,,,,,
2025-02-24,2025-02-24,FO,NSE,IDO,50544,,NIFTY,,2025-12-24,2025-12-24,28000.0,PE,NIFTY25DEC28000PE,3895.0,3895.0,3840.0,3857.05,3854.95,3592.3,22553.35,3857.05,314625,-225,10,23896755.0,10,F1,75,,,,,
2025-02-24,2025-02-24,FO,NSE,IDO,71398,,NIFTY,,2025-12-24,2025-12-24,25000.0,PE,NIFTY25DEC25000PE,1670.0,1695.2,1632.35,1666.5,1670.0,1562.65,22553.35,1666.5,310700,-1125,252,503927827.5,231,F1,75,,,,,
2025-02-24,2025-02-24,FO,NSE,IDO,64693,,NIFTY,,2025-09-25,2025-09-25,24000.0,PE,NIFTY25SEP24000PE,1166.7,1194.2,1130.0,1160.05,1160.05,1080.0,22553.35,1160.05,11475,8250,129,243522112.5,44,F1,75,,,,,
2025-02-24,2025-02-24,FO,NSE,IDO,39680,,NIFTY,,2025-06-26,2025-06-26,16000.0,PE,NIFTY25JUN16000PE,0.0,0.0,0.0,3.55,3.55,3.55,22553.35,0.05,1650,0,0,0.0,0,F1,75,,,,,
2025-02-24,2025-02-24,FO,NSE,IDO,40091,,NIFTY,,2025-06-26,2025-06-26,15000.0,PE,NIFTY25JUN15000PE,0.0,0.0,0.0,7.5,7.5,7.5,22553.35,0.05,3950,0,0,0.0,0,F1,75,,,,,
2025-02-24,2025-02-24,FO,NSE,IDO,79736,,NIFTY,,2025-04-24,2025-04-24,25200.0,PE,NIFTY25APR25200PE,0.0,0.0,0.0,1745.7,0.0,1745.7,22553.35,2398.15,0,0,0,0.0,0,F1,75,,,,,
2025-02-24,2025-02-24,FO,NSE,IDO,79673,,NIFTY,,2025-04-24,2025-04-24,24750.0,PE,NIFTY25APR24750PE,0.0,0.0,0.0,1403.75,0.0,1403.75,22553.35,1971.5,0,0,0,0.0,0,F1,75,,,,,
2025-02-24,2025-02-24,FO,NSE,IDO,79645,,NIFTY,,2025-04-24,2025-04-24,24600.0,PE,NIFTY25APR24600PE,0.0,0.0,0.0,1297.2,0.0,1297.2,22553.35,1832.8,0,0,0,0.0,0,F1,75,,,,,
2025-02-24,2025-02-24,FO,NSE,IDO,79504,,NIFTY,,2025-04-24,2025-04-24,23550.0,PE,NIFTY25APR23550PE,0.0,0.0,0.0,665.0,665.0,665.0,22553.35,953.4,75,0,0,0.0,0,F1,75,,,,,
2025-02-24,2025-02-24,FO,NSE,IDO,79294,,NIFTY,,2025-04-24,2025-04-24,22100.0,PE,NIFTY25APR22100PE,201.3,220.0,192.25,205.2,206.8,180.65,22553.35,205.2,66300,2700,269,450055957.5,119,F1,75,,,,,
2025-02-24,2025-02-24,FO,NSE,IDO,79290,,NIFTY,,2025-04-24,2025-04-24,22050.0,PE,NIFTY25APR22050PE,0.0,0.0,0.0,174.65,0.0,174.65,22553.35,194.3,0,0,0,0.0,0,F1,75,,,,,
2025-02-24,2025-02-24,FO,NSE,IDO,79269,,NIFTY,,2025-04-24,2025-04-24,21800.0,PE,NIFTY25APR21800PE,154.45,156.5,131.35,142.9,147.7,129.55,22553.35,142.9,92100,15375,831,1367864831.25,316,F1,75,,,,,
2025-02-24,2025-02-24,FO,NSE,IDO,79263,,NIFTY,,2025-04-24,2025-04-24,21650.0,PE,NIFTY25APR21650PE,0.0,0.0,0.0,97.95,97.95,97.95,22553.35,105.55,150,0,0,0.0,0,F1,75,,,,,
2025-02-24,2025-02-24,FO,NSE,IDO,54859,,NIFTY,,2025-04-03,2025-04-03,24500.0,PE,NIFTY2540324500PE,0.0,0.0,0.0,1475.4,0.0,1475.4,22553.35,1796.85,0,0,0,0.0,0,F1,75,,,,,
2025-02-24,2025-02-24,FO,NSE,IDO,54758,,NIFTY,,2025-04-03,2025-04-03,23750.0,PE,NIFTY2540323750PE,0.0,0.0,0.0,885.45,0.0,885.45,22553.35,1111.95,0,0,0,0.0,0,F1,75,,,,,
2025-02-24,2025-02-24,FO,NSE,IDO,54754,,NIFTY,,2025-04-03,2025-04-03,23650.0,PE,NIFTY2540323650PE,0.0,0.0,0.0,816.9,0.0,816.9,22553.35,1027.95,0,0,0,0.0,0,F1,75,,,,,
2025-02-24,2025-02-24,FO,NSE,IDO,54630,,NIFTY,,2025-04-03,2025-04-03,22800.0,PE,NIFTY2540322800PE,0.0,0.0,0.0,354.9,0.0,354.9,22553.35,435.3,0,0,0,0.0,0,F1,75,,,,,
2025-02-24,2025-02-24,FO,NSE,IDO,54618,,NIFTY,,2025-04-03,2025-04-03,22500.0,PE,NIFTY2540322500PE,270.75,288.65,261.0,266.0,266.0,245.6,22553.35,290.65,2550,2550,38,64912642.5,24,F1,75,,,,,
2025-02-24,2025-02-24,FO,NSE,IDO,54614,,NIFTY,,2025-04-03,2025-04-03,22450.0,PE,NIFTY2540322450PE,0.0,0.0,0.0,230.0,0.0,230.0,22553.35,270.1,0,0,0,0.0,0,F1,75,,,,,
2025-02-24,2025-02-24,FO,NSE,IDO,54595,,NIFTY,,2025-04-03,2025-04-03,22400.0,PE,NIFTY2540322400PE,0.0,0.0,0.0,211.7,211.7,211.7,22553.35,250.55,0,0,0,0.0,0,F1,75,,,,,
2025-02-24,2025-02-24,FO,NSE,IDO,54579,,NIFTY,,2025-04-03,2025-04-03,22000.0,PE,NIFTY2540322000PE,163.25,165.3,126.6,135.1,137.15,120.4,22553.35,135.1,4425,4425,126,209257346.25,94,F1,75,,,,,
2025-02-24,2025-02-24,FO,NSE,IDO,54541,,NIFTY,,2025-04-03,2025-04-03,21300.0,PE,NIFTY2540321300PE,0.0,0.0,0.0,40.0,40.0,40.0,22553.35,28.15,225,0,0,0.0,0,F1,75,,,,,
2025-02-24,2025-02-24,FO,NSE,IDO,56887,,NIFTY,,2025-03-27,2025-03-27,25550.0,PE,NIFTY25MAR25550PE,0.0,0.0,0.0,1635.05,0.0,1635.05,22553.35,2856.25,0,0,0,0.0,0,F1,75,,,,,
2025-02-24,2025-02-24,FO,NSE,IDO,56881,,NIFTY,,2025-03-27,2025-03-27,25400.0,PE,NIFTY25MAR25400PE,2580.0,2606.0,2580.0,2606.0,2606.0,1523.1,22553.35,2707.3,375,375,5,10494911.25,5,F1,75,,,,,
2025-02-24,2025-02-24,FO,NSE,IDO,56875,,NIFTY,,2025-03-27,2025-03-27,25250.0,PE,NIFTY25MAR25250PE,0.0,0.0,0.0,1415.9,0.0,1415.9,22553.35,2558.4,0,0,0,0.0,0,F1,75,,,,,
2025-02-24,2025-02-24,FO,NSE,IDO,56547,,NIFTY,,2025-03-27,2025-03-27,24800.0,PE,NIFTY25MAR24800PE,2029.15,2041.8,2010.0,2034.4,2034.4,1857.0,22553.35,2034.4,900,450,6,12072033.75,6,F1,75,,,,,
2025-02-24,2025-02-24,FO,NSE,IDO,51476,,NIFTY,,2025-03-27,2025-03-27,23650.0,PE,NIFTY25MAR23650PE,953.4,953.4,936.7,949.1,949.1,792.15,22553.35,1029.95,23325,-900,22,40579140.0,16,F1,75,,,,,
2025-02-24,2025-02-24,FO,NSE,IDO,51127,,NIFTY,,2025-03-27,2025-03-27,23450.0,PE,NIFTY25MAR23450PE,808.45,818.0,767.0,776.45,783.0,644.8,22553.35,776.45,35025,-2325,36,65461548.75,35,F1,75,,,,,
2025-02-24,2025-02-24,FO,NSE,IDO,51123,,NIFTY,,2025-03-27,2025-03-27,23400.0,PE,NIFTY25MAR23400PE,698.5,778.05,690.35,745.4,752.0,619.5,22553.35,745.4,150225,-26100,940,1702047221.25,493,F1,75,,,,,
2025-02-24,2025-02-24,FO,NSE,IDO,46987,,NIFTY,,2025-03-27,2025-03-27,22300.0,PE,NIFTY25MAR22300PE,183.05,207.0,172.5,186.6,194.9,155.1,22553.35,186.6,552600,158700,11395,19219922313.75,7827,F1,75,,,,,
2025-02-24,2025-02-24,FO,NSE,IDO,46977,,NIFTY,,2025-03-27,2025-03-27,22200.0,PE,NIFTY25MAR22200PE,155.05,180.1,147.25,161.1,171.05,134.05,22553.35,161.1,738075,141075,10189,17089551217.5,6886,F1,75,,,,,
2025-02-24,2025-02-24,FO,NSE,IDO,46886,,NIFTY,,2025-03-27,2025-03-27,21550.0,PE,NIFTY25MAR21550PE,57.85,64.25,51.3,55.45,57.4,36.35,22553.35,55.45,7875,4800,246,398659740.0,191,F1,75,,,,,
2025-02-24,2025-02-24,FO,NSE,IDO,46855,,NIFTY,,2025-03-27,2025-03-27,21250.0,PE,NIFTY25MAR21250PE,34.2,35.35,30.05,34.25,35.35,31.05,22553.35,34.25,19950,4950,164,261790998.75,49,F1,75,,,,,
2025-02-24,2025-02-24,FO,NSE,IDO,64555,,NIFTY,,2025-03-27,2025-03-27,19000.0,PE,NIFTY25MAR19000PE,6.05,6.55,4.95,5.15,5.35,5.95,22553.35,5.15,316450,13150,1358,1935734891.25,501,F1,75,,,,,
2025-02-24,2025-02-24,FO,NSE,IDO,50228,,NIFTY,,2025-03-20,2025-03-20,23100.0,PE,NIFTY2532023100PE,0.0,0.0,0.0,414.1,0.0,414.1,22553.35,584.3,0,0,0,0.0,0,F1,75,,,,,
2025-02-24,2025-02-24,FO,NSE,IDO,50226,,NIFTY,,2025-03-20,2025-03-20,23050.0,PE,NIFTY2532023050PE,0.0,0.0,0.0,390.75,0.0,390.75,22553.35,548.8,0,0,0,0.0,0,F1,75,,,,,
2025-02-24,2025-02-24,FO,NSE,IDO,50218,,NIFTY,,2025-03-20,2025-03-20,22850.0,PE,NIFTY2532022850PE,360.7,378.3,360.7,378.3,378.3,312.0,22553.35,418.15,825,0,2,3482925.0,2,F1,75,,,,,
2025-02-24,2025-02-24,FO,NSE,IDO,50146,,NIFTY,,2025-03-20,2025-03-20,21950.0,PE,NIFTY2532021950PE,80.6,81.6,80.6,81.6,81.6,66.4,22553.35,81.6,375,-75,2,3304665.0,2,F1,75,,,,,
2025-02-24,2025-02-24,FO,NSE,IDO,50122,,NIFTY,,2025-03-20,2025-03-20,21500.0,PE,NIFTY2532021500PE,39.5,45.25,32.15,36.05,36.8,31.75,22553.35,36.05,10050,2850,205,331140255.0,73,F1,75,,,,,
2025-02-24,2025-02-24,FO,NSE,IDO,50118,,NIFTY,,2025-03-20,2025-03-20,21400.0,PE,NIFTY2532021400PE,0.0,0.0,0.0,25.2,0.0,25.2,22553.35,14.95,0,0,0,0.0,0,F1,75,,,,,
2025-02-24,2025-02-24,FO,NSE,IDO,50110,,NIFTY,,2025-03-20,2025-03-20,21250.0,PE,NIFTY2532021250PE,21.25,21.25,21.25,21.25,21.25,21.25,22553.35,8.9,1500,75,1,1595343.75,1,F1,75,,,,,
2025-02-24,2025-02-24,FO,NSE,IDO,45643,,NIFTY,,2025-03-13,2025-03-13,25050.0,PE,NIFTY2531325050PE,0.0,0.0,0.0,2132.55,2132.55,2132.55,22553.35,2420.95,75,0,0,0.0,0,F1,75,,,,,
2025-02-24,2025-02-24,FO,NSE,IDO,45565,,NIFTY,,2025-03-13,2025-03-13,24200.0,PE,NIFTY2531324200PE,0.0,0.0,0.0,1285.0,1285.0,1285.0,22553.35,1575.65,75,0,0,0.0,0,F1,75,,,,,
2025-02-24,2025-02-24,FO,NSE,IDO,45518,,NIFTY,,2025-03-13,2025-03-13,23250.0,PE,NIFTY2531323250PE,0.0,0.0,0.0,493.85,493.85,493.85,22553.35,686.05,150,0,0,0.0,0,F1,75,,,,,
2025-02-24,2025-02-24,FO,NSE,IDO,45479,,NIFTY,,2025-03-13,2025-03-13,22750.0,PE,NIFTY2531322750PE,299.0,320.0,270.05,289.45,295.0,221.75,22553.35,289.45,10050,2250,180,311135760.0,121,F1,75,,,,,
2025-02-24,2025-02-24,FO,NSE,IDO,45463,,NIFTY,,2025-03-13,2025-03-13,22400.0,PE,NIFTY2531322400PE,149.95,175.35,139.45,150.6,153.5,118.25,22553.35,150.6,29700,19950,1572,2659501488.75,1202,F1,75,,,,,
2025-02-24,2025-02-24,FO,NSE,IDO,45436,,NIFTY,,2025-03-13,2025-03-13,21900.0,PE,NIFTY2531321900PE,46.1,60.2,45.95,51.75,52.6,40.6,22553.35,51.75,26925,9825,438,721146562.5,279,F1,75,,,,,
2025-02-24,2025-02-24,FO,NSE,IDO,68873,,NIFTY,,2025-03-06,2025-03-06,25500.0,PE,NIFTY2530625500PE,2820.0,2852.0,2802.0,2810.0,2810.0,2617.0,22553.35,2901.3,1425,1125,15,31860457.5,15,F1,75,,,,,
2025-02-24,2025-02-24,FO,NSE,IDO,68617,,NIFTY,,2025-03-06,2025-03-06,24450.0,PE,NIFTY2530624450PE,0.0,0.0,0.0,1574.1,1574.1,1574.1,22553.35,1853.15,525,0,0,0.0,0,F1,75,,,,,
2025-02-24,2025-02-24,FO,NSE,IDO,68606,,NIFTY,,2025-03-06,2025-03-06,24250.0,PE,NIFTY2530624250PE,1514.0,1515.0,1514.0,1515.0,1515.0,1363.25,22553.35,1653.6,750,75,2,3864675.0,2,F1,75,,,,,
2025-02-24,2025-02-24,FO,NSE,IDO,68587,,NIFTY,,2025-03-06,2025-03-06,23800.0,PE,NIFTY2530623800PE,1140.0,1152.0,1090.0,1142.3,1142.3,933.75,22553.35,1142.3,8250,2625,41,76652733.75,19,F1,75,,,,,
2025-02-24,2025-02-24,FO,NSE,IDO,68579,,NIFTY,,2025-03-06,2025-03-06,23600.0,PE,NIFTY2530623600PE,873.0,965.95,873.0,942.3,949.0,752.5,22553.35,942.3,11550,2850,267,491138186.25,225,F1,75,,,,,
2025-02-24,2025-02-24,FO,NSE,IDO,68483,,NIFTY,,2025-03-06,2025-03-06,23350.0,PE,NIFTY2530623350PE,650.0,711.4,650.0,699.05,702.15,533.2,22553.35,699.05,6525,-150,12,21638205.0,11,F1,75,,,,,
2025-02-24,2025-02-24,FO,NSE,IDO,68467,,NIFTY,,2025-03-06,2025-03-06,22950.0,PE,NIFTY2530622950PE,334.75,400.75,323.5,366.75,368.85,266.45,22553.35,366.75,55800,4350,1909,3338321205.0,1420,F1,75,,,,,
2025-02-24,2025-02-24,FO,NSE,IDO,68465,,NIFTY,,2025-03-06,2025-03-06,22900.0,PE,NIFTY2530622900PE,319.95,366.0,282.1,329.05,334.25,240.75,22553.35,329.05,433200,-8700,8641,15056073618.75,5427,F1,75,,,,,
2025-02-24,2025-02-24,FO,NSE,IDO,68455,,NIFTY,,2025-03-06,2025-03-06,22700.0,PE,NIFTY2530622700PE,200.0,247.1,193.5,212.45,216.75,156.3,22553.35,212.45,829200,568725,48098,82680669877.5,31601,F1,75,,,,,
2025-02-24,2025-02-24,FO,NSE,IDO,68435,,NIFTY,,2025-03-06,2025-03-06,22400.0,PE,NIFTY2530622400PE,121.0,125.0,91.05,100.55,102.05,73.85,22553.35,100.55,314325,165075,28099,47432519996.25,19101,F1,75,,,,,
2025-02-24,2025-02-24,FO,NSE,IDO,68398,,NIFTY,,2025-03-06,2025-03-06,21550.0,PE,NIFTY2530621550PE,8.65,11.45,8.1,9.25,9.35,7.65,22553.35,9.25,37500,21675,1718,2777938001.25,1233,F1,75,,,,,
2025-02-24,2025-02-24,FO,NSE,IDO,57715,,NIFTY,,2025-02-27,2025-02-27,26500.0,PE,NIFTY25FEB26500PE,3799.95,3924.1,3788.6,3889.95,3894.0,3675.7,22553.35,3889.95,285075,-75000,1143,2604163830.0,1043,F1,75,,,,,
2025-02-24,2025-02-24,FO,NSE,IDO,79738,,NIFTY,,2025-04-24,2025-04-24,25250.0,PE,NIFTY25APR25250PE,0.0,0.0,0.0,1785.5,0.0,1785.5,22553.35,2446.25,0,0,0,0.0,0,F1,75,,,,,
2025-02-24,2025-02-24,FO,NSE,IDO,79747,,NIFTY,,2025-04-24,2025-04-24,25400.0,PE,NIFTY25APR25400PE,0.0,0.0,0.0,1906.85,0.0,1906.85,22553.35,2591.3,0,0,0,0.0,0,F1,75,,,,,
2025-02-24,2025-02-24,FO,NSE,IDO,79751,,NIFTY,,2025-04-24,2025-04-24,25500.0,PE,NIFTY25APR25500PE,2560.0,2590.0,2525.0,2557.6,2558.0,2367.65,22553.35,2557.6,6225,5775,85,178828620.0,35,F1,75,,,,,
2025-02-24,2025-02-24,FO,NSE,IDO,54586,,NIFTY,,2025-04-03,2025-04-03,22200.0,CE,NIFTY2540322200CE,0.0,0.0,0.0,1058.55,0.0,1058.55,22553.35,685.05,0,0,0,0.0,0,F1,75,,,,,
2025-02-24,2025-02-24,FO,NSE,IDO,55561,,NIFTY,,2025-02-27,2025-02-27,21150.0,CE,NIFTY25FEB21150CE,0.0,0.0,0.0,1867.25,1867.25,1867.25,22553.35,1414.65,150,0,0,0.0,0,F1,75,,,,,
2025-02-24,2025-02-24,FO,NSE,IDO,55617,,NIFTY,,2025-02-27,2025-02-27,22450.0,CE,NIFTY25FEB22450CE,296.6,312.45,187.1,211.2,204.0,397.25,22553.35,211.2,256275,223425,101621,172789062915.0,69124,F1,75,,,,,
2025-02-24,2025-02-24,FO,NSE,IDO,57603,,NIFTY,,2025-02-27,2025-02-27,24050.0,CE,NIFTY25FEB24050CE,1.45,1.95,1.25,1.45,1.3,1.5,22553.35,1.45,500775,-188850,59347,107053909848.75,15186,F1,75,,,,,
2025-02-24,2025-02-24,FO,NSE,IDO,57611,,NIFTY,,2025-02-27,2025-02-27,24250.0,CE,NIFTY25FEB24250CE,1.2,1.55,1.1,1.25,1.15,1.25,22553.35,1.25,316500,-39600,38018,69148943700.0,9598,F1,75,,,,,
2025-02-24,2025-02-24,FO,NSE,IDO,57639,,NIFTY,,2025-02-27,2025-02-27,24950.0,CE,NIFTY25FEB24950CE,0.8,1.75,0.8,1.05,0.9,0.95,22553.35,1.05,93300,-15525,11591,21690557175.0,2944,F1,75,,,,,
2025-02-24,2025-02-24,FO,NSE,IDO,68386,,NIFTY,,2025-03-06,2025-03-06,21300.0,CE,NIFTY2530621300CE,0.0,0.0,0.0,1584.15,1583.55,1584.15,22553.35,1291.8,675,0,0,0.0,0,F1,75,,,,,
2025-02-24,2025-02-24,FO,NSE,IDO,68413,,NIFTY,,2025-03-06,2025-03-06,21900.0,CE,NIFTY2530621900CE,873.05,873.05,768.0,785.35,787.0,987.4,22553.35,785.35,1650,975,19,32348178.75,18,F1,75,,,,,
2025-02-24,2025-02-24,FO,NSE,IDO,68438,,NIFTY,,2025-03-06,2025-03-06,22450.0,CE,NIFTY2530622450CE,412.05,419.5,309.25,324.8,316.25,504.55,22553.35,324.8,21300,19800,1107,1892529630.0,1002,F1,75,,,,,
2025-02-24,2025-02-24,FO,NSE,IDO,68470,,NIFTY,,2025-03-06,2025-03-06,23050.0,CE,NIFTY2530623050CE,100.0,109.05,50.0,52.8,50.4,144.05,22553.35,52.8,124125,75675,14213,24641511180.0,9881,F1,75,,,,,
2025-02-24,2025-02-24,FO,NSE,IDO,68476,,NIFTY,,2025-03-06,2025-03-06,23200.0,CE,NIFTY2530623200CE,55.05,67.9,27.25,29.0,28.25,92.3,22553.35,29.0,608325,228075,46767,81514700685.0,24628,F1,75,,,,,
2025-02-24,2025-02-24,FO,NSE,IDO,61795,,NIFTY,,2029-12-27,2029-12-27,27000.0,PE,NIFTY29DEC27000PE,0.0,0.0,0.0,1177.9,0.0,1177.9,22553.35,1291.9,0,0,0,0.0,0,F1,75,,,,,
2025-02-24,2025-02-24,FO,NSE,IDO,68482,,NIFTY,,2025-03-06,2025-03-06,23350.0,CE,NIFTY2530623350CE,40.65,41.15,15.65,16.25,16.15,57.65,22553.35,16.25,132525,60750,9740,17072571776.25,6487,F1,75,,,,,
2025-02-24,2025-02-24,FO,NSE,IDO,68588,,NIFTY,,2025-03-06,2025-03-06,23850.0,CE,NIFTY2530623850CE,6.55,7.25,4.35,4.65,4.4,9.5,22553.35,4.65,118275,61875,4592,8215664160.0,2782,F1,75,,,,,
2025-02-24,2025-02-24,FO,NSE,IDO,68590,,NIFTY,,2025-03-06,2025-03-06,23900.0,CE,NIFTY2530623900CE,6.3,6.6,3.9,4.3,4.3,7.95,22553.35,4.3,308100,33975,14918,26745848403.75,7044,F1,75,,,,,
2025-02-24,2025-02-24,FO,NSE,IDO,68612,,NIFTY,,2025-03-06,2025-03-06,24350.0,CE,NIFTY2530624350CE,3.0,3.15,2.1,2.9,2.65,3.3,22553.35,2.9,13350,-1425,212,387208177.5,121,F1,75,,,,,
2025-02-24,2025-02-24,FO,NSE,IDO,68627,,NIFTY,,2025-03-06,2025-03-06,24650.0,CE,NIFTY2530624650CE,2.5,2.55,1.65,2.4,2.25,2.4,22553.35,2.4,3300,150,93,171949946.25,56,F1,75,,,,,
2025-02-24,2025-02-24,FO,NSE,IDO,68656,,NIFTY,,2025-03-06,2025-03-06,25050.0,CE,NIFTY2530625050CE,1.9,2.15,1.55,2.05,2.05,1.95,22553.35,2.05,2925,-900,43,80792715.0,26,F1,75,,,,,
2025-02-24,2025-02-24,FO,NSE,IDO,68668,,NIFTY,,2025-03-06,2025-03-06,25200.0,CE,NIFTY2530625200CE,1.8,2.25,1.7,1.95,1.95,1.8,22553.35,1.95,16950,1050,193,364798297.5,70,F1,75,,,,,
2025-02-24,2025-02-24,FO,NSE,IDO,68724,,NIFTY,,2025-03-06,2025-03-06,25350.0,CE,NIFTY2530625350CE,1.6,1.85,1.4,1.7,1.65,2.0,22553.35,1.7,8625,5700,235,446824297.5,113,F1,75,,,,,
2025-02-24,2025-02-24,FO,NSE,IDO,45392,,NIFTY,,2025-03-13,2025-03-13,21050.0,CE,NIFTY2531321050CE,0.0,0.0,0.0,2702.65,0.0,2702.65,22553.35,1568.2,0,0,0,0.0,0,F1,75,,,,,
2025-02-24,2025-02-24,FO,NSE,IDO,45396,,NIFTY,,2025-03-13,2025-03-13,21150.0,CE,NIFTY2531321150CE,0.0,0.0,0.0,1761.3,1761.3,1761.3,22553.35,1469.3,75,0,0,0.0,0,F1,75,,,,,
2025-02-24,2025-02-24,FO,NSE,IDO,45444,,NIFTY,,2025-03-13,2025-03-13,22100.0,CE,NIFTY2531322100CE,0.0,0.0,0.0,868.65,868.65,868.65,22553.35,595.45,75,0,0,0.0,0,F1,75,,,,,
2025-02-24,2025-02-24,FO,NSE,IDO,45450,,NIFTY,,2025-03-13,2025-03-13,22200.0,CE,NIFTY2531322200CE,0.0,0.0,0.0,784.6,784.6,784.6,22553.35,519.3,75,0,0,0.0,0,F1,75,,,,,
2025-02-24,2025-02-24,FO,NSE,IDO,45464,,NIFTY,,2025-03-13,2025-03-13,22450.0,CE,NIFTY2531322450CE,497.25,497.25,391.7,401.75,399.0,581.1,22553.35,401.75,13950,13650,332,569709476.25,274,F1,75,,,,,
2025-02-24,2025-02-24,FO,NSE,IDO,45474,,NIFTY,,2025-03-13,2025-03-13,22650.0,CE,NIFTY2531322650CE,401.15,401.15,272.0,279.6,276.6,430.75,22553.35,279.6,6375,5325,340,585236073.75,259,F1,75,,,,,
2025-02-24,2025-02-24,FO,NSE,IDO,45488,,NIFTY,,2025-03-13,2025-03-13,23000.0,CE,NIFTY2531323000CE,196.7,199.85,117.6,124.65,121.35,240.35,22553.35,124.65,131625,82875,5914,10264215603.75,4062,F1,75,,,,,
2025-02-24,2025-02-24,FO,NSE,IDO,45510,,NIFTY,,2025-03-13,2025-03-13,23200.0,CE,NIFTY2531323200CE,120.55,122.9,68.35,71.5,68.35,155.6,22553.35,71.5,68775,53550,4378,7644424327.5,2735,F1,75,,,,,
2025-02-24,2025-02-24,FO,NSE,IDO,45517,,NIFTY,,2025-03-13,2025-03-13,23250.0,CE,NIFTY2531323250CE,100.0,100.05,60.45,61.9,61.25,134.8,22553.35,61.9,12825,8925,454,794075028.75,187,F1,75,,,,,
2025-02-24,2025-02-24,FO,NSE,IDO,45538,,NIFTY,,2025-03-13,2025-03-13,23700.0,CE,NIFTY2531323700CE,29.3,29.7,13.3,13.9,14.45,40.35,22553.35,13.9,39975,15300,2549,4534166718.75,1204,F1,75,,,,,
2025-02-24,2025-02-24,FO,NSE,IDO,45540,,NIFTY,,2025-03-13,2025-03-13,23750.0,CE,NIFTY2531323750CE,23.0,23.0,11.5,11.8,12.45,33.35,22553.35,11.8,7050,3600,306,545414265.0,101,F1,75,,,,,
2025-02-24,2025-02-24,FO,NSE,IDO,45586,,NIFTY,,2025-03-13,2025-03-13,24300.0,CE,NIFTY2531324300CE,6.5,6.5,4.4,4.6,4.5,8.2,22553.35,4.6,15150,825,339,617954955.0,91,F1,75,,,,,
2025-02-24,2025-02-24,FO,NSE,IDO,45593,,NIFTY,,2025-03-13,2025-03-13,24400.0,CE,NIFTY2531324400CE,5.6,5.6,4.1,4.4,4.4,7.0,22553.35,4.4,4425,2175,53,97008270.0,21,F1,75,,,,,
2025-02-24,2025-02-24,FO,NSE,IDO,50133,,NIFTY,,2025-03-20,2025-03-20,21700.0,CE,NIFTY2532021700CE,0.0,0.0,0.0,1528.1,0.0,1528.1,22553.35,983.55,0,0,0,0.0,0,F1,75,,,,,
2025-02-24,2025-02-24,FO,NSE,IDO,50145,,NIFTY,,2025-03-20,2025-03-20,21950.0,CE,NIFTY2532021950CE,0.0,0.0,0.0,1309.0,0.0,1309.0,22553.35,770.3,0,0,0,0.0,0,F1,75,,,,,
2025-02-24,2025-02-24,FO,NSE,IDO,50201,,NIFTY,,2025-03-20,2025-03-20,22650.0,CE,NIFTY2532022650CE,361.0,367.4,353.4,353.4,353.4,510.3,22553.35,307.0,225,75,3,5177385.0,3,F1,75,,,,,
2025-02-24,2025-02-24,FO,NSE,IDO,50205,,NIFTY,,2025-03-20,2025-03-20,22750.0,CE,NIFTY2532022750CE,0.0,0.0,0.0,629.5,629.5,629.5,22553.35,260.45,75,0,0,0.0,0,F1,75,,,,,
2025-02-24,2025-02-24,FO,NSE,IDO,50239,,NIFTY,,2025-03-20,2025-03-20,23400.0,CE,NIFTY2532023400CE,111.55,111.55,66.3,70.15,70.15,143.0,22553.35,70.15,3375,2700,76,133817958.75,43,F1,75,,,,,
2025-02-24,2025-02-24,FO,NSE,IDO,50279,,NIFTY,,2025-03-20,2025-03-20,24100.0,CE,NIFTY2532024100CE,13.0,14.95,10.9,11.7,11.7,28.7,22553.35,11.7,7500,3675,114,206160678.75,29,F1,75,,,,,
2025-02-24,2025-02-24,FO,NSE,IDO,50291,,NIFTY,,2025-03-20,2025-03-20,24350.0,CE,NIFTY2532024350CE,0.0,0.0,0.0,102.7,0.0,102.7,22553.35,4.85,0,0,0,0.0,0,F1,75,,,,,
2025-02-24,2025-02-24,FO,NSE,IDO,50307,,NIFTY,,2025-03-20,2025-03-20,24600.0,CE,NIFTY2532024600CE,8.15,8.15,5.9,6.3,6.3,9.65,22553.35,6.3,5475,-3600,64,118111293.75,21,F1,75,,,,,
2025-02-24,2025-02-24,FO,NSE,IDO,46874,,NIFTY,,2025-03-27,2025-03-27,21400.0,CE,NIFTY25MAR21400CE,0.0,0.0,0.0,2789.25,0.0,2789.25,22553.35,1296.3,0,0,0,0.0,0,F1,75,,,,,
2025-02-24,2025-02-24,FO,NSE,IDO,46942,,NIFTY,,2025-03-27,2025-03-27,21950.0,CE,NIFTY25MAR21950CE,0.0,0.0,0.0,2301.2,0.0,2301.2,22553.35,820.25,0,0,0,0.0,0,F1,75,,,,,
2025-02-24,2025-02-24,FO,NSE,IDO,48192,,NIFTY,,2025-03-27,2025-03-27,22850.0,CE,NIFTY25MAR22850CE,398.9,398.9,289.1,297.05,289.1,441.0,22553.35,297.05,49425,14550,946,1644493736.25,704,F1,75,,,,,
2025-02-24,2025-02-24,FO,NSE,IDO,48245,,NIFTY,,2025-03-27,2025-03-27,22950.0,CE,NIFTY25MAR22950CE,336.45,336.45,238.1,250.9,245.8,384.75,22553.35,250.9,51825,-225,985,1715374372.5,741,F1,75,,,,,
2025-02-24,2025-02-24,FO,NSE,IDO,48347,,NIFTY,,2025-03-27,2025-03-27,23100.0,CE,NIFTY25MAR23100CE,250.0,270.0,181.2,189.55,184.2,306.5,22553.35,189.55,330375,108300,7409,12950257650.0,4773,F1,75,,,,,
2025-02-24,2025-02-24,FO,NSE,IDO,64566,,NIFTY,,2025-03-27,2025-03-27,24000.0,CE,NIFTY25MAR24000CE,40.0,44.7,23.15,23.95,23.75,51.45,22553.35,23.95,3705475,49125,56544,101907768742.5,23171,F1,75,,,,,
2025-02-24,2025-02-24,FO,NSE,IDO,56546,,NIFTY,,2025-03-27,2025-03-27,24800.0,CE,NIFTY25MAR24800CE,9.4,10.55,8.5,8.65,8.6,11.3,22553.35,8.65,128025,-46350,2739,5096464338.75,1380,F1,75,,,,,
2025-02-24,2025-02-24,FO,NSE,IDO,56572,,NIFTY,,2025-03-27,2025-03-27,24950.0,CE,NIFTY25MAR24950CE,9.45,9.6,7.35,7.9,7.85,9.85,22553.35,7.9,10200,1425,127,237729457.5,59,F1,75,,,,,
2025-02-24,2025-02-24,FO,NSE,IDO,56880,,NIFTY,,2025-03-27,2025-03-27,25400.0,CE,NIFTY25MAR25400CE,7.3,8.4,6.75,7.15,7.1,7.35,22553.35,7.15,23325,-11850,442,842249208.75,144,F1,75,,,,,
2025-02-24,2025-02-24,FO,NSE,IDO,56886,,NIFTY,,2025-03-27,2025-03-27,25550.0,CE,NIFTY25MAR25550CE,6.9,7.15,6.7,6.75,6.75,7.5,22553.35,0.25,2025,-2250,43,82420837.5,16,F1,75,,,,,
2025-02-24,2025-02-24,FO,NSE,IDO,54558,,NIFTY,,2025-04-03,2025-04-03,21500.0,CE,NIFTY2540321500CE,0.0,0.0,0.0,1641.15,0.0,1641.15,22553.35,1243.9,0,0,0,0.0,0,F1,75,,,,,
2025-02-24,2025-02-24,FO,NSE,IDO,54576,,NIFTY,,2025-04-03,2025-04-03,21950.0,CE,NIFTY2540321950CE,0.0,0.0,0.0,1255.0,0.0,1255.0,22553.35,868.05,0,0,0,0.0,0,F1,75,,,,,
2025-02-24,2025-02-24,FO,NSE,IDO,54578,,NIFTY,,2025-04-03,2025-04-03,22000.0,CE,NIFTY2540322000CE,0.0,0.0,0.0,1214.55,0.0,1214.55,22553.35,829.75,0,0,0,0.0,0,F1,75,,,,,
2025-02-24,2025-02-24,FO,NSE,IDO,54590,,NIFTY,,2025-04-03,2025-04-03,22300.0,CE,NIFTY2540322300CE,0.0,0.0,0.0,985.15,0.0,985.15,22553.35,618.1,0,0,0,0.0,0,F1,75,,,,,
2025-02-24,2025-02-24,FO,NSE,IDO,54615,,NIFTY,,2025-04-03,2025-04-03,22500.0,CE,NIFTY2540322500CE,599.0,599.0,537.2,555.95,556.9,843.9,22553.35,555.95,1125,1125,24,41522913.75,19,F1,75,,,,,
2025-02-24,2025-02-24,FO,NSE,IDO,67791,,NIFTY,,2028-12-28,2028-12-28,28000.0,PE,NIFTY28DEC28000PE,0.0,0.0,0.0,1697.6,0.0,1697.6,22553.35,1949.3,0,0,0,0.0,0,F1,75,,,,,
2025-02-24,2025-02-24,FO,NSE,IDO,86166,,NIFTY,,2028-06-29,2028-06-29,28000.0,PE,NIFTY28JUN28000PE,0.0,0.0,0.0,3161.35,0.0,3161.35,22553.35,2170.75,0,0,0,0.0,0,F1,75,,,,,
2025-02-24,2025-02-24,FO,NSE,IDO,86162,,NIFTY,,2028-06-29,2028-06-29,26000.0,PE,NIFTY28JUN26000PE,0.0,0.0,0.0,2370.3,0.0,2370.3,22553.35,1387.45,0,0,0,0.0,0,F1,75,,,,,
2025-02-24,2025-02-24,FO,NSE,IDO,86140,,NIFTY,,2028-06-29,2028-06-29,18000.0,PE,NIFTY28JUN18000PE,0.0,0.0,0.0,396.75,0.0,396.75,22553.35,59.4,0,0,0,0.0,0,F1,75,,,,,
2025-02-24,2025-02-24,FO,NSE,IDO,53630,,NIFTY,,2027-12-30,2027-12-30,26000.0,PE,NIFTY27DEC26000PE,0.0,0.0,0.0,1951.6,1951.6,1951.6,22553.35,1536.65,75,0,0,0.0,0,F1,75,,,,,
2025-02-24,2025-02-24,FO,NSE,IDO,53625,,NIFTY,,2027-12-30,2027-12-30,24000.0,PE,NIFTY27DEC24000PE,0.0,0.0,0.0,1092.15,1092.15,1092.15,22553.35,871.55,600,0,0,0.0,0,F1,75,,,,,
2025-02-24,2025-02-24,FO,NSE,IDO,53611,,NIFTY,,2027-12-30,2027-12-30,20000.0,PE,NIFTY27DEC20000PE,0.0,0.0,0.0,400.0,400.0,400.0,22553.35,173.5,4025,0,0,0.0,0,F1,75,,,,,
2025-02-24,2025-02-24,FO,NSE,IDO,71563,,NIFTY,,2027-06-24,2027-06-24,25000.0,PE,NIFTY27JUN25000PE,0.0,0.0,0.0,5619.05,0.0,5619.05,22553.35,1298.55,0,0,0,0.0,0,F1,75,,,,,
2025-02-24,2025-02-24,FO,NSE,IDO,71557,,NIFTY,,2027-06-24,2027-06-24,22000.0,PE,NIFTY27JUN22000PE,0.0,0.0,0.0,3995.4,0.0,3995.4,22553.35,445.3,0,0,0,0.0,0,F1,75,,,,,
2025-02-24,2025-02-24,FO,NSE,IDO,54621,,NIFTY,,2025-04-03,2025-04-03,22600.0,CE,NIFTY2540322600CE,488.35,512.7,487.05,499.75,495.55,778.1,22553.35,499.75,1500,1500,20,34650067.5,10,F1,75,,,,,
2025-02-24,2025-02-24,FO,NSE,IDO,54634,,NIFTY,,2025-04-03,2025-04-03,22900.0,CE,NIFTY2540322900CE,371.15,371.15,346.35,346.35,346.35,466.85,22553.35,299.4,225,225,5,8720842.5,5,F1,75,,,,,
2025-02-24,2025-02-24,FO,NSE,IDO,54640,,NIFTY,,2025-04-03,2025-04-03,23000.0,CE,NIFTY2540323000CE,300.0,300.0,289.55,295.15,295.15,545.7,22553.35,260.3,375,375,5,8734968.75,4,F1,75,,,,,
2025-02-24,2025-02-24,FO,NSE,IDO,54683,,NIFTY,,2025-04-03,2025-04-03,23350.0,CE,NIFTY2540323350CE,0.0,0.0,0.0,383.7,0.0,383.7,22553.35,152.35,0,0,0,0.0,0,F1,75,,,,,
2025-02-24,2025-02-24,FO,NSE,IDO,54839,,NIFTY,,2025-04-03,2025-04-03,24150.0,CE,NIFTY2540324150CE,0.0,0.0,0.0,147.1,0.0,147.1,22553.35,33.85,0,0,0,0.0,0,F1,75,,,,,
2025-02-24,2025-02-24,FO,NSE,IDO,79233,,NIFTY,,2025-04-24,2025-04-24,21100.0,CE,NIFTY25APR21100CE,0.0,0.0,0.0,2554.15,0.0,2554.15,22553.35,1712.7,0,0,0,0.0,0,F1,75,,,,,
2025-02-24,2025-02-24,FO,NSE,IDO,79245,,NIFTY,,2025-04-24,2025-04-24,21250.0,CE,NIFTY25APR21250CE,0.0,0.0,0.0,2418.95,0.0,2418.95,22553.35,1577.5,0,0,0,0.0,0,F1,75,,,,,
2025-02-24,2025-02-24,FO,NSE,IDO,79264,,NIFTY,,2025-04-24,2025-04-24,21700.0,CE,NIFTY25APR21700CE,0.0,0.0,0.0,1656.55,1656.55,1656.55,22553.35,1194.7,75,0,0,0.0,0,F1,75,,,,,
2025-02-24,2025-02-24,FO,NSE,IDO,79507,,NIFTY,,2025-04-24,2025-04-24,23650.0,CE,NIFTY25APR23650CE,220.0,224.85,168.3,171.95,171.1,725.8,22553.35,171.95,2475,1800,49,87570393.75,17,F1,75,,,,,
2025-02-24,2025-02-24,FO,NSE,IDO,45865,,NIFTY,,2025-06-26,2025-06-26,17000.0,CE,NIFTY25JUN17000CE,0.0,0.0,0.0,6850.0,6850.0,6850.0,22553.35,5918.7,2850,0,0,0.0,0,F1,75,,,,,
2025-02-24,2025-02-24,FO,NSE,IDO,39982,,NIFTY,,2025-06-26,2025-06-26,19000.0,CE,NIFTY25JUN19000CE,4015.0,4040.0,3980.0,4025.0,4025.0,4220.0,22553.35,3964.75,92100,1575,42,72462937.5,41,F1,75,,,,,
2025-02-24,2025-02-24,FO,NSE,IDO,71379,,NIFTY,,2025-06-26,2025-06-26,24000.0,CE,NIFTY25JUN24000CE,389.0,400.0,332.0,340.1,335.05,426.15,22553.35,340.1,627650,28625,3869,7066377663.75,2788,F1,75,,,,,
2025-02-24,2025-02-24,FO,NSE,IDO,50969,,NIFTY,,2025-06-26,2025-06-26,27000.0,CE,NIFTY25JUN27000CE,26.5,27.8,24.05,24.75,25.0,28.2,22553.35,24.75,373100,7075,1036,2099931712.5,592,F1,75,,,,,
2025-02-24,2025-02-24,FO,NSE,IDO,38150,,NIFTY,,2025-06-26,2025-06-26,29000.0,CE,NIFTY25JUN29000CE,14.15,14.45,12.85,13.9,14.0,14.15,22553.35,13.9,54250,-600,97,211074232.5,18,F1,75,,,,,
2025-02-24,2025-02-24,FO,NSE,IDO,58624,,NIFTY,,2026-06-25,2026-06-25,12000.0,CE,NIFTY26JUN12000CE,0.0,0.0,0.0,8690.0,8690.0,8690.0,22553.35,11548.25,50,0,0,0.0,0,F1,75,,,,,
2025-02-24,2025-02-24,FO,NSE,IDO,50556,,NIFTY,,2026-06-25,2026-06-25,18000.0,CE,NIFTY26JUN18000CE,0.0,0.0,0.0,7400.0,7400.0,7400.0,22553.35,6068.7,100,0,0,0.0,0,F1,75,,,,,
2025-02-24,2025-02-24,FO,NSE,IDO,39989,,NIFTY,,2026-06-25,2026-06-25,19000.0,CE,NIFTY26JUN19000CE,0.0,0.0,0.0,5792.0,5792.0,5792.0,22553.35,5186.9,100,0,0,0.0,0,F1,75,,,,,
2025-02-24,2025-02-24,FO,NSE,IDO,58636,,NIFTY,,2026-12-31,2026-12-31,16000.0,CE,NIFTY26DEC16000CE,0.0,0.0,0.0,6200.0,6200.0,6200.0,22553.35,8370.9,50,0,0,0.0,0,F1,75,,,,,
2025-02-24,2025-02-24,FO,NSE,IDO,67784,,NIFTY,,2028-12-28,2028-12-28,25000.0,CE,NIFTY28DEC25000CE,0.0,0.0,0.0,5350.4,0.0,5350.4,22553.35,4055.2,0,0,0,0.0,0,F1,75,,,,,
2025-02-24,2025-02-24,FO,NSE,IDO,61914,,NIFTY,,2029-12-27,2029-12-27,29000.0,CE,NIFTY29DEC29000CE,0.0,0.0,0.0,5305.8,0.0,5305.8,22553.35,3294.6,0,0,0,0.0,0,F1,75,,,,,
2025-02-24,2025-02-24,FO,NSE,IDO,55558,,NIFTY,,2025-02-27,2025-02-27,21050.0,PE,NIFTY25FEB21050PE,0.8,2.0,0.55,0.8,0.6,27.9,22553.35,0.8,2392725,2392725,220344,347885958768.75,32975,F1,75,,,,,
2025-02-24,2025-02-24,FO,NSE,IDO,55562,,NIFTY,,2025-02-27,2025-02-27,21150.0,PE,NIFTY25FEB21150PE,1.4,6.4,0.9,1.15,1.0,1.0,22553.35,1.15,889725,174600,80978,128460119272.5,16946,F1,75,,,,,
2025-02-24,2025-02-24,FO,NSE,IDO,55570,,NIFTY,,2025-02-27,2025-02-27,21350.0,PE,NIFTY25FEB21350PE,1.45,2.5,1.05,1.35,1.7,1.45,22553.35,1.35,334050,91950,43221,69213114540.0,12620,F1,75,,,,,
2025-02-24,2025-02-24,FO,NSE,IDO,55572,,NIFTY,,2025-02-27,2025-02-27,21400.0,PE,NIFTY25FEB21400PE,6.0,6.0,1.25,1.45,1.4,1.55,22553.35,1.45,4176525,642825,173448,278407635922.5,41551,F1,75,,,,,
2025-02-24,2025-02-24,FO,NSE,IDO,55590,,NIFTY,,2025-02-27,2025-02-27,21750.0,PE,NIFTY25FEB21750PE,2.1,4.0,1.8,2.2,1.8,2.6,22553.35,2.2,831900,105000,182856,298323506831.25,40273,F1,75,,,,,
2025-02-24,2025-02-24,FO,NSE,IDO,55598,,NIFTY,,2025-02-27,2025-02-27,21950.0,PE,NIFTY25FEB21950PE,8.0,25.0,3.5,3.95,3.5,4.1,22553.35,3.95,1016400,-9675,241687,397973383320.0,74421,F1,75,,,,,
2025-02-24,2025-02-24,FO,NSE,IDO,55600,,NIFTY,,2025-02-27,2025-02-27,22000.0,PE,NIFTY25FEB22000PE,5.65,9.95,4.5,4.95,4.85,5.0,22553.35,4.95,8836050,-453825,778790,1285387893067.5,207456,F1,75,,,,,
2025-02-24,2025-02-24,FO,NSE,IDO,55616,,NIFTY,,2025-02-27,2025-02-27,22400.0,PE,NIFTY25FEB22400PE,48.6,57.2,28.15,34.65,34.8,24.95,22553.35,34.65,3752925,144450,1159501,1951577912145.0,593784,F1,75,,,,,
2025-02-24,2025-02-24,FO,NSE,IDO,57606,,NIFTY,,2025-02-27,2025-02-27,24100.0,PE,NIFTY25FEB24100PE,1480.0,1510.0,1464.0,1485.35,1489.1,1270.0,22553.35,1485.35,105225,-1575,71,136247812.5,47,F1,75,,,,,
2025-02-24,2025-02-24,FO,NSE,IDO,57638,,NIFTY,,2025-02-27,2025-02-27,24900.0,PE,NIFTY25FEB24900PE,2239.0,2314.95,2239.0,2256.0,2256.0,2071.9,22553.35,2333.35,8325,-600,12,24450487.5,9,F1,75,,,,,
2025-02-24,2025-02-24,FO,NSE,IDO,58625,,NIFTY,,2026-06-25,2026-06-25,12000.0,PE,NIFTY26JUN12000PE,0.0,0.0,0.0,20.05,20.05,20.05,22553.35,0.05,475,0,0,0.0,0,F1,75,,,,,
2025-02-24,2025-02-24,FO,NSE,IDO,57662,,NIFTY,,2025-02-27,2025-02-27,25450.0,PE,NIFTY25FEB25450PE,0.0,0.0,0.0,2414.95,2416.3,2414.95,22553.35,2883.05,225,0,0,0.0,0,F1,75,,,,,
2025-02-24,2025-02-24,FO,NSE,IDO,57686,,NIFTY,,2025-02-27,2025-02-27,26050.0,PE,NIFTY25FEB26050PE,0.0,0.0,0.0,3013.7,3012.45,3013.7,22553.35,3482.75,150,0,0,0.0,0,F1,75,,,,,
2025-02-24,2025-02-24,FO,NSE,IDO,57701,,NIFTY,,2025-02-27,2025-02-27,26250.0,PE,NIFTY25FEB26250PE,0.0,0.0,0.0,3305.35,3305.35,3305.35,22553.35,3682.65,900,0,0,0.0,0,F1,75,,,,,
2025-02-24,2025-02-24,FO,NSE,IDO,68375,,NIFTY,,2025-03-06,2025-03-06,21100.0,PE,NIFTY2530621100PE,5.0,5.0,3.0,3.85,3.95,3.4,22553.35,3.85,274050,143775,7822,12380459613.75,3879,F1,75,,,,,
2025-02-24,2025-02-24,FO,NSE,IDO,68379,,NIFTY,,2025-03-06,2025-03-06,21200.0,PE,NIFTY2530621200PE,4.25,6.1,3.5,4.5,4.25,3.55,22553.35,4.5,231900,159075,7699,12243840052.5,3710,F1,75,,,,,
2025-02-24,2025-02-24,FO,NSE,IDO,68392,,NIFTY,,2025-03-06,2025-03-06,21400.0,PE,NIFTY2530621400PE,6.8,7.6,5.4,6.25,6.5,5.25,22553.35,6.25,210600,67875,8991,14434753492.5,4764,F1,75,,,,,
2025-02-24,2025-02-24,FO,NSE,IDO,68418,,NIFTY,,2025-03-06,2025-03-06,22000.0,PE,NIFTY2530622000PE,40.0,43.9,28.15,31.65,31.35,25.1,22553.35,31.65,795975,47250,62345,103035166695.0,30803,F1,75,,,,,
2025-02-24,2025-02-24,FO,NSE,IDO,68439,,NIFTY,,2025-03-06,2025-03-06,22450.0,PE,NIFTY2530622450PE,114.15,140.75,105.9,115.05,112.15,83.95,22553.35,115.05,93300,18900,7978,13506290955.0,6167,F1,75,,,,,
2025-02-24,2025-02-24,FO,NSE,IDO,68451,,NIFTY,,2025-03-06,2025-03-06,22600.0,PE,NIFTY2530622600PE,169.5,199.6,154.3,167.85,170.0,123.45,22553.35,167.85,774975,535275,73634,125784850998.75,44741,F1,75,,,,,
2025-02-24,2025-02-24,FO,NSE,IDO,68457,,NIFTY,,2025-03-06,2025-03-06,22750.0,PE,NIFTY2530622750PE,211.0,274.0,211.0,239.0,240.2,175.2,22553.35,239.0,75450,7275,4835,8338878082.5,3524,F1,75,,,,,
2025-02-24,2025-02-24,FO,NSE,IDO,64691,,NIFTY,,2025-09-25,2025-09-25,23000.0,PE,NIFTY25SEP23000PE,670.0,733.0,670.0,717.95,718.0,656.45,22553.35,717.95,62025,10875,446,793332577.5,314,F1,75,,,,,
2025-02-24,2025-02-24,FO,NSE,IDO,71384,,NIFTY,,2025-06-26,2025-06-26,26000.0,PE,NIFTY25JUN26000PE,2743.05,2843.85,2734.45,2807.85,2816.8,2612.6,22553.35,2807.85,333625,35475,721,1557226537.5,700,F1,75,,,,,
2025-02-24,2025-02-24,FO,NSE,IDO,71382,,NIFTY,,2025-06-26,2025-06-26,25000.0,PE,NIFTY25JUN25000PE,1808.25,1953.3,1808.2,1925.35,1936.35,1757.8,22553.35,1925.35,406375,29500,1127,2275856178.75,908,F1,75,,,,,
2025-02-24,2025-02-24,FO,NSE,IDO,43386,,NIFTY,,2025-06-26,2025-06-26,14000.0,PE,NIFTY25JUN14000PE,0.0,0.0,0.0,0.25,0.25,0.25,22553.35,0.05,2925,0,0,0.0,0,F1,75,,,,,
2025-02-24,2025-02-24,FO,NSE,IDO,68459,,NIFTY,,2025-03-06,2025-03-06,22800.0,PE,NIFTY2530622800PE,225.4,304.0,225.4,267.15,271.5,194.6,22553.35,267.15,1010400,333075,39155,67758400875.0,24686,F1,75,,,,,
2025-02-24,2025-02-24,FO,NSE,IDO,68477,,NIFTY,,2025-03-06,2025-03-06,23200.0,PE,NIFTY2530623200PE,512.05,603.8,497.75,566.5,571.6,424.4,22553.35,566.5,67050,1950,1061,1890196608.75,580,F1,75,,,,,
2025-02-24,2025-02-24,FO,NSE,IDO,68481,,NIFTY,,2025-03-06,2025-03-06,23300.0,PE,NIFTY2530623300PE,590.0,693.7,586.55,654.2,662.7,499.25,22553.35,654.2,46350,-450,315,566042707.5,185,F1,75,,,,,
2025-02-24,2025-02-24,FO,NSE,IDO,68487,,NIFTY,,2025-03-06,2025-03-06,23400.0,PE,NIFTY2530623400PE,690.05,781.0,690.05,739.95,751.75,577.65,22553.35,739.95,25200,6000,158,286002195.0,104,F1,75,,,,,
2025-02-24,2025-02-24,FO,NSE,IDO,68573,,NIFTY,,2025-03-06,2025-03-06,23450.0,PE,NIFTY2530623450PE,794.7,797.8,793.5,795.7,795.15,619.4,22553.35,795.7,1800,450,9,16365768.75,9,F1,75,,,,,
2025-02-24,2025-02-24,FO,NSE,IDO,68667,,NIFTY,,2025-03-06,2025-03-06,25150.0,PE,NIFTY2530625150PE,0.0,0.0,0.0,2268.3,2268.3,2268.3,22553.35,2551.9,375,0,0,0.0,0,F1,75,,,,,
2025-02-24,2025-02-24,FO,NSE,IDO,68674,,NIFTY,,2025-03-06,2025-03-06,25250.0,PE,NIFTY2530625250PE,0.0,0.0,0.0,2356.8,2356.8,2356.8,22553.35,2651.7,150,0,0,0.0,0,F1,75,,,,,
2025-02-24,2025-02-24,FO,NSE,IDO,45431,,NIFTY,,2025-03-13,2025-03-13,21800.0,PE,NIFTY2531321800PE,41.0,50.0,37.05,39.95,41.5,32.85,22553.35,39.95,60450,39900,1490,2440906548.75,605,F1,75,,,,,
2025-02-24,2025-02-24,FO,NSE,IDO,45445,,NIFTY,,2025-03-13,2025-03-13,22100.0,PE,NIFTY2531322100PE,80.3,97.25,74.55,80.25,81.95,61.65,22553.35,80.25,34200,30225,1904,3167699418.75,1315,F1,75,,,,,
2025-02-24,2025-02-24,FO,NSE,IDO,45466,,NIFTY,,2025-03-13,2025-03-13,22450.0,PE,NIFTY2531322450PE,163.3,190.95,152.35,169.4,170.0,127.15,22553.35,169.4,9900,8700,208,352927717.5,152,F1,75,,,,,
2025-02-24,2025-02-24,FO,NSE,IDO,45483,,NIFTY,,2025-03-13,2025-03-13,22850.0,PE,NIFTY2531322850PE,325.0,370.05,323.7,345.05,346.5,263.15,22553.35,345.05,14175,12225,373,649004006.25,273,F1,75,,,,,
2025-02-24,2025-02-24,FO,NSE,IDO,45485,,NIFTY,,2025-03-13,2025-03-13,22900.0,PE,NIFTY2531322900PE,354.75,406.05,349.45,373.3,375.5,289.8,22553.35,373.3,16875,-2250,664,1158957446.25,407,F1,75,,,,,
2025-02-24,2025-02-24,FO,NSE,IDO,45513,,NIFTY,,2025-03-13,2025-03-13,23200.0,PE,NIFTY2531323200PE,597.4,601.1,550.25,570.15,579.0,456.1,22553.35,570.15,6750,1500,64,114145612.5,47,F1,75,,,,,
2025-02-24,2025-02-24,FO,NSE,IDO,45601,,NIFTY,,2025-03-13,2025-03-13,24450.0,PE,NIFTY2531324450PE,0.0,0.0,0.0,1532.0,1532.0,1532.0,22553.35,1823.45,75,0,0,0.0,0,F1,75,,,,,
2025-02-24,2025-02-24,FO,NSE,IDO,45611,,NIFTY,,2025-03-13,2025-03-13,24600.0,PE,NIFTY2531324600PE,0.0,0.0,0.0,1686.2,1686.2,1686.2,22553.35,1972.65,75,0,0,0.0,0,F1,75,,,,,
2025-02-24,2025-02-24,FO,NSE,IDO,45613,,NIFTY,,2025-03-13,2025-03-13,24650.0,PE,NIFTY2531324650PE,0.0,0.0,0.0,1735.7,1735.7,1735.7,22553.35,2022.4,75,0,0,0.0,0,F1,75,,,,,
2025-02-24,2025-02-24,FO,NSE,IDO,45616,,NIFTY,,2025-03-13,2025-03-13,24700.0,PE,NIFTY2531324700PE,0.0,0.0,0.0,1786.05,1786.05,1786.05,22553.35,2072.2,75,0,0,0.0,0,F1,75,,,,,
2025-02-24,2025-02-24,FO,NSE,IDO,45637,,NIFTY,,2025-03-13,2025-03-13,24950.0,PE,NIFTY2531324950PE,0.0,0.0,0.0,2033.45,2033.45,2033.45,22553.35,2321.3,75,0,0,0.0,0,F1,75,,,,,
2025-02-24,2025-02-24,FO,NSE,IDO,45652,,NIFTY,,2025-03-13,2025-03-13,25250.0,PE,NIFTY2531325250PE,0.0,0.0,0.0,2328.9,2328.9,2328.9,22553.35,2620.35,75,0,0,0.0,0,F1,75,,,,,
2025-02-24,2025-02-24,FO,NSE,IDO,50116,,NIFTY,,2025-03-20,2025-03-20,21350.0,PE,NIFTY2532021350PE,0.0,0.0,0.0,24.0,24.0,24.0,22553.35,12.65,675,0,0,0.0,0,F1,75,,,,,
2025-02-24,2025-02-24,FO,NSE,IDO,50138,,NIFTY,,2025-03-20,2025-03-20,21800.0,PE,NIFTY2532021800PE,66.0,68.45,58.65,61.6,60.75,53.4,22553.35,61.6,3300,3075,63,103304943.75,39,F1,75,,,,,
2025-02-24,2025-02-24,FO,NSE,IDO,50144,,NIFTY,,2025-03-20,2025-03-20,21900.0,PE,NIFTY2532021900PE,80.0,83.15,73.45,81.25,82.05,60.2,22553.35,81.25,3525,2625,63,103849222.5,33,F1,75,,,,,
2025-02-24,2025-02-24,FO,NSE,IDO,50220,,NIFTY,,2025-03-20,2025-03-20,22900.0,PE,NIFTY2532022900PE,420.0,420.0,391.65,418.95,418.95,323.35,22553.35,449.05,750,-750,23,40199763.75,16,F1,75,,,,,
2025-02-24,2025-02-24,FO,NSE,IDO,50276,,NIFTY,,2025-03-20,2025-03-20,24000.0,PE,NIFTY2532024000PE,0.0,0.0,0.0,975.55,0.0,975.55,22553.35,1358.9,0,0,0,0.0,0,F1,75,,,,,
2025-02-24,2025-02-24,FO,NSE,IDO,50290,,NIFTY,,2025-03-20,2025-03-20,24300.0,PE,NIFTY2532024300PE,0.0,0.0,0.0,1212.45,0.0,1212.45,22553.35,1648.75,0,0,0,0.0,0,F1,75,,,,,
2025-02-24,2025-02-24,FO,NSE,IDO,50297,,NIFTY,,2025-03-20,2025-03-20,24400.0,PE,NIFTY2532024400PE,0.0,0.0,0.0,1296.05,0.0,1296.05,22553.35,1746.7,0,0,0,0.0,0,F1,75,,,,,
2025-02-24,2025-02-24,FO,NSE,IDO,46849,,NIFTY,,2025-03-27,2025-03-27,21200.0,PE,NIFTY25MAR21200PE,34.95,45.0,27.4,30.9,31.5,28.5,22553.35,30.9,305925,73575,8975,14291101863.75,3479,F1,75,,,,,
2025-02-24,2025-02-24,FO,NSE,IDO,47026,,NIFTY,,2025-03-27,2025-03-27,22650.0,PE,NIFTY25MAR22650PE,284.5,336.1,284.5,308.5,311.35,253.25,22553.35,308.5,78450,42150,1348,2321485552.5,1060,F1,75,,,,,
2025-02-24,2025-02-24,FO,NSE,IDO,48243,,NIFTY,,2025-03-27,2025-03-27,22900.0,PE,NIFTY25MAR22900PE,428.65,455.05,376.55,425.3,429.35,350.0,22553.35,425.3,338850,46125,6434,11256546487.5,4591,F1,75,,,,,
2025-02-24,2025-02-24,FO,NSE,IDO,48246,,NIFTY,,2025-03-27,2025-03-27,22950.0,PE,NIFTY25MAR22950PE,430.0,477.65,420.0,452.5,457.0,371.05,22553.35,452.5,84525,-5325,617,1083043560.0,573,F1,75,,,,,
2025-02-24,2025-02-24,FO,NSE,IDO,48696,,NIFTY,,2025-03-27,2025-03-27,23200.0,PE,NIFTY25MAR23200PE,600.0,635.7,532.75,602.3,608.15,498.8,22553.35,602.3,260550,-9075,1745,3115291545.0,1298,F1,75,,,,,
2025-02-24,2025-02-24,FO,NSE,IDO,51474,,NIFTY,,2025-03-27,2025-03-27,23600.0,PE,NIFTY25MAR23600PE,845.05,938.5,843.5,905.6,912.5,754.2,22553.35,905.6,73425,-5025,141,259129226.25,121,F1,75,,,,,
2025-02-24,2025-02-24,FO,NSE,IDO,56567,,NIFTY,,2025-03-27,2025-03-27,24850.0,PE,NIFTY25MAR24850PE,0.0,0.0,0.0,1625.0,1625.0,1625.0,22553.35,2162.65,75,0,0,0.0,0,F1,75,,,,,
2025-02-24,2025-02-24,FO,NSE,IDO,64571,,NIFTY,,2025-03-27,2025-03-27,25000.0,PE,NIFTY25MAR25000PE,2146.15,2276.2,2146.15,2233.4,2243.1,2017.05,22553.35,2233.4,1042725,257900,4635,9463399575.0,4477,F1,75,,,,,
2025-02-24,2025-02-24,FO,NSE,IDO,56869,,NIFTY,,2025-03-27,2025-03-27,25100.0,PE,NIFTY25MAR25100PE,2351.0,2351.0,2300.0,2300.0,2300.0,2106.15,22553.35,2409.75,1425,675,9,18498825.0,9,F1,75,,,,,
2025-02-24,2025-02-24,FO,NSE,IDO,56893,,NIFTY,,2025-03-27,2025-03-27,25700.0,PE,NIFTY25MAR25700PE,2866.95,2945.0,2807.0,2912.05,2918.0,2545.0,22553.35,2912.05,3375,3225,43,92251537.5,39,F1,75,,,,,
2025-02-24,2025-02-24,FO,NSE,IDO,54849,,NIFTY,,2025-04-03,2025-04-03,24350.0,PE,NIFTY2540324350PE,0.0,0.0,0.0,1348.25,0.0,1348.25,22553.35,1654.25,0,0,0,0.0,0,F1,75,,,,,
2025-02-24,2025-02-24,FO,NSE,IDO,79257,,NIFTY,,2025-04-24,2025-04-24,21500.0,PE,NIFTY25APR21500PE,103.0,114.8,97.2,102.8,104.5,94.05,22553.35,102.8,572325,31200,3953,6405171067.5,2257,F1,75,,,,,
2025-02-24,2025-02-24,FO,NSE,IDO,79399,,NIFTY,,2025-04-24,2025-04-24,22600.0,PE,NIFTY25APR22600PE,350.55,379.0,341.5,355.8,359.35,307.5,22553.35,355.8,25125,4650,554,954032208.75,270,F1,75,,,,,
2025-02-24,2025-02-24,FO,NSE,IDO,79408,,NIFTY,,2025-04-24,2025-04-24,22700.0,PE,NIFTY25APR22700PE,400.0,417.0,381.75,394.6,400.0,337.75,22553.35,394.6,27075,-3450,257,445239468.75,126,F1,75,,,,,
2025-02-24,2025-02-24,FO,NSE,IDO,79536,,NIFTY,,2025-04-24,2025-04-24,24000.0,PE,NIFTY25APR24000PE,1155.6,1214.85,1134.2,1173.0,1183.0,1025.85,22553.35,1173.0,230400,-900,477,900515636.25,350,F1,75,,,,,
2025-02-24,2025-02-24,FO,NSE,IDO,79607,,NIFTY,,2025-04-24,2025-04-24,24150.0,PE,NIFTY25APR24150PE,0.0,0.0,0.0,1002.05,0.0,1002.05,22553.35,1432.5,0,0,0,0.0,0,F1,75,,,,,
2025-02-24,2025-02-24,FO,NSE,IDO,79724,,NIFTY,,2025-04-24,2025-04-24,24950.0,PE,NIFTY25APR24950PE,0.0,0.0,0.0,1553.0,0.0,1553.0,22553.35,2159.45,0,0,0,0.0,0,F1,75,,,,,
2025-02-24,2025-02-24,FO,NSE,IDO,79726,,NIFTY,,2025-04-24,2025-04-24,25000.0,PE,NIFTY25APR25000PE,2042.05,2120.0,2030.0,2084.3,2085.0,1887.05,22553.35,2084.3,26625,2400,106,215307495.0,66,F1,75,,,,,
2025-02-24,2025-02-24,FO,NSE,IDO,68425,,NIFTY,,2025-03-06,2025-03-06,22200.0,CE,NIFTY2530622200CE,606.05,606.05,493.5,520.2,506.0,710.4,22553.35,520.2,13200,11025,557,949489560.0,393,F1,75,,,,,
2025-02-24,2025-02-24,FO,NSE,IDO,68454,,NIFTY,,2025-03-06,2025-03-06,22700.0,CE,NIFTY2530622700CE,258.5,260.0,167.7,175.05,168.25,324.8,22553.35,175.05,1106700,982575,55870,95937288138.75,36193,F1,75,,,,,
2025-02-24,2025-02-24,FO,NSE,IDO,68466,,NIFTY,,2025-03-06,2025-03-06,22950.0,CE,NIFTY2530622950CE,130.95,143.4,74.0,77.2,75.0,186.3,22553.35,77.2,152250,88650,12573,21728841660.0,8842,F1,75,,,,,
2025-02-24,2025-02-24,FO,NSE,IDO,68472,,NIFTY,,2025-03-06,2025-03-06,23100.0,CE,NIFTY2530623100CE,85.0,93.4,41.45,43.1,41.5,125.4,22553.35,43.1,505200,200475,34644,60167109371.25,21155,F1,75,,,,,
2025-02-24,2025-02-24,FO,NSE,IDO,68478,,NIFTY,,2025-03-06,2025-03-06,23250.0,CE,NIFTY2530623250CE,56.7,57.5,22.25,23.65,24.0,79.5,22553.35,23.65,169575,98550,10213,17832892545.0,6461,F1,75,,,,,
2025-02-24,2025-02-24,FO,NSE,IDO,68488,,NIFTY,,2025-03-06,2025-03-06,23450.0,CE,NIFTY2530623450CE,22.05,29.25,10.95,11.4,11.5,40.05,22553.35,11.4,148500,83175,9399,16541195568.75,5796,F1,75,,,,,
2025-02-24,2025-02-24,FO,NSE,IDO,68604,,NIFTY,,2025-03-06,2025-03-06,24250.0,CE,NIFTY2530624250CE,3.35,3.85,2.75,3.1,3.0,3.8,22553.35,3.1,39300,-24900,1495,2719373002.5,979,F1,75,,,,,
2025-02-24,2025-02-24,FO,NSE,IDO,68872,,NIFTY,,2025-03-06,2025-03-06,25500.0,CE,NIFTY2530625500CE,1.6,2.55,1.55,1.8,1.7,1.75,22553.35,1.8,421050,192675,11071,21174805545.0,2245,F1,75,,,,,
2025-02-24,2025-02-24,FO,NSE,IDO,45406,,NIFTY,,2025-03-13,2025-03-13,21300.0,CE,NIFTY2531321300CE,0.0,0.0,0.0,1616.25,1616.25,1616.25,22553.35,1321.85,75,0,0,0.0,0,F1,75,,,,,
2025-02-24,2025-02-24,FO,NSE,IDO,45416,,NIFTY,,2025-03-13,2025-03-13,21550.0,CE,NIFTY2531321550CE,0.0,0.0,0.0,1364.45,1364.45,1364.45,22553.35,1080.35,75,0,0,0.0,0,F1,75,,,,,
2025-02-24,2025-02-24,FO,NSE,IDO,45442,,NIFTY,,2025-03-13,2025-03-13,22050.0,CE,NIFTY2531322050CE,0.0,0.0,0.0,912.15,912.15,912.15,22553.35,635.25,75,0,0,0.0,0,F1,75,,,,,
2025-02-24,2025-02-24,FO,NSE,IDO,45523,,NIFTY,,2025-03-13,2025-03-13,23400.0,CE,NIFTY2531323400CE,64.05,66.05,36.6,38.3,37.45,94.45,22553.35,38.3,47025,29175,2091,3676669428.75,1104,F1,75,,,,,
2025-02-24,2025-02-24,FO,NSE,IDO,45531,,NIFTY,,2025-03-13,2025-03-13,23550.0,CE,NIFTY2531323550CE,29.75,30.55,22.55,22.95,23.45,60.25,22553.35,22.95,4500,900,276,488046502.5,114,F1,75,,,,,
2025-02-24,2025-02-24,FO,NSE,IDO,50093,,NIFTY,,2025-03-20,2025-03-20,21050.0,CE,NIFTY2532021050CE,0.0,0.0,0.0,2137.0,0.0,2137.0,22553.35,1597.35,0,0,0,0.0,0,F1,75,,,,,
2025-02-24,2025-02-24,FO,NSE,IDO,50113,,NIFTY,,2025-03-20,2025-03-20,21300.0,CE,NIFTY2532021300CE,0.0,0.0,0.0,1897.85,0.0,1897.85,22553.35,1354.8,0,0,0,0.0,0,F1,75,,,,,
2025-02-24,2025-02-24,FO,NSE,IDO,50129,,NIFTY,,2025-03-20,2025-03-20,21600.0,CE,NIFTY2532021600CE,0.0,0.0,0.0,1618.6,0.0,1618.6,22553.35,1073.6,0,0,0,0.0,0,F1,75,,,,,
2025-02-24,2025-02-24,FO,NSE,IDO,50157,,NIFTY,,2025-03-20,2025-03-20,22150.0,CE,NIFTY2532022150CE,0.0,0.0,0.0,1142.65,0.0,1142.65,22553.35,615.25,0,0,0,0.0,0,F1,75,,,,,
2025-02-24,2025-02-24,FO,NSE,IDO,50233,,NIFTY,,2025-03-20,2025-03-20,23250.0,CE,NIFTY2532023250CE,0.0,0.0,0.0,264.25,264.25,264.25,22553.35,99.4,150,0,0,0.0,0,F1,75,,,,,
2025-02-24,2025-02-24,FO,NSE,IDO,50264,,NIFTY,,2025-03-20,2025-03-20,23900.0,CE,NIFTY2532023900CE,36.95,36.95,18.0,18.5,18.4,42.0,22553.35,18.5,3150,1125,37,66384663.75,21,F1,75,,,,,
2025-02-24,2025-02-24,FO,NSE,IDO,46951,,NIFTY,,2025-03-27,2025-03-27,22050.0,CE,NIFTY25MAR22050CE,0.0,0.0,0.0,1012.75,1012.75,1012.75,22553.35,742.95,150,0,0,0.0,0,F1,75,,,,,
2025-02-24,2025-02-24,FO,NSE,IDO,47042,,NIFTY,,2025-03-27,2025-03-27,22800.0,CE,NIFTY25MAR22800CE,399.95,417.55,310.2,323.4,318.0,469.75,22553.35,323.4,663000,432675,19604,34027778688.75,12994,F1,75,,,,,
2025-02-24,2025-02-24,FO,NSE,IDO,48217,,NIFTY,,2025-03-27,2025-03-27,22900.0,CE,NIFTY25MAR22900CE,365.0,365.0,263.4,274.05,266.5,409.85,22553.35,274.05,371250,192975,10043,17472333645.0,7121,F1,75,,,,,
2025-02-24,2025-02-24,FO,NSE,IDO,49834,,NIFTY,,2025-03-27,2025-03-27,23250.0,CE,NIFTY25MAR23250CE,191.4,192.25,134.05,139.65,135.4,241.3,22553.35,139.65,63750,9300,1666,2924615621.25,1241,F1,75,,,,,
2025-02-24,2025-02-24,FO,NSE,IDO,51122,,NIFTY,,2025-03-27,2025-03-27,23400.0,CE,NIFTY25MAR23400CE,156.05,159.2,97.0,100.15,97.05,184.5,22553.35,100.15,497850,193125,13734,24220664411.25,8989,F1,75,,,,,
2025-02-24,2025-02-24,FO,NSE,IDO,56534,,NIFTY,,2025-03-27,2025-03-27,24650.0,CE,NIFTY25MAR24650CE,12.65,12.9,9.4,9.6,9.75,13.7,22553.35,9.6,9150,-2400,214,395810265.0,76,F1,75,,,,,
2025-02-24,2025-02-24,FO,NSE,IDO,56566,,NIFTY,,2025-03-27,2025-03-27,24850.0,CE,NIFTY25MAR24850CE,11.7,11.7,7.85,8.35,8.25,11.7,22553.35,8.35,6450,-7725,175,326276475.0,69,F1,75,,,,,
2025-02-24,2025-02-24,FO,NSE,IDO,56868,,NIFTY,,2025-03-27,2025-03-27,25100.0,CE,NIFTY25MAR25100CE,8.7,9.25,7.1,7.8,7.6,8.7,22553.35,7.8,42375,-4575,291,547983273.75,157,F1,75,,,,,
2025-02-24,2025-02-24,FO,NSE,IDO,56890,,NIFTY,,2025-03-27,2025-03-27,25650.0,CE,NIFTY25MAR25650CE,6.75,8.3,6.35,6.85,6.6,6.25,22553.35,6.85,9825,1200,74,142395048.75,42,F1,75,,,,,
2025-02-24,2025-02-24,FO,NSE,IDO,58793,,NIFTY,,2025-03-27,2025-03-27,25900.0,CE,NIFTY25MAR25900CE,5.35,6.6,5.35,6.05,5.95,6.2,22553.35,6.05,9975,-675,64,124349583.75,56,F1,75,,,,,
2025-02-24,2025-02-24,FO,NSE,IDO,64584,,NIFTY,,2025-03-27,2025-03-27,30000.0,CE,NIFTY25MAR30000CE,3.75,4.45,3.3,4.05,4.05,3.9,22553.35,4.05,439775,12025,999,2248042012.5,306,F1,75,,,,,
2025-02-24,2025-02-24,FO,NSE,IDO,54520,,NIFTY,,2025-04-03,2025-04-03,21050.0,CE,NIFTY2540321050CE,0.0,0.0,0.0,2056.95,0.0,2056.95,22553.35,1659.85,0,0,0,0.0,0,F1,75,,,,,
2025-02-24,2025-02-24,FO,NSE,IDO,54566,,NIFTY,,2025-04-03,2025-04-03,21700.0,CE,NIFTY2540321700CE,0.0,0.0,0.0,1465.05,0.0,1465.05,22553.35,1070.5,0,0,0,0.0,0,F1,75,,,,,
2025-02-24,2025-02-24,FO,NSE,IDO,54568,,NIFTY,,2025-04-03,2025-04-03,21750.0,CE,NIFTY2540321750CE,0.0,0.0,0.0,1422.05,0.0,1422.05,22553.35,1028.65,0,0,0,0.0,0,F1,75,,,,,
2025-02-24,2025-02-24,FO,NSE,IDO,54572,,NIFTY,,2025-04-03,2025-04-03,21850.0,CE,NIFTY2540321850CE,0.0,0.0,0.0,1337.55,0.0,1337.55,22553.35,946.9,0,0,0,0.0,0,F1,75,,,,,
2025-02-24,2025-02-24,FO,NSE,IDO,54574,,NIFTY,,2025-04-03,2025-04-03,21900.0,CE,NIFTY2540321900CE,0.0,0.0,0.0,1296.0,0.0,1296.0,22553.35,907.1,0,0,0,0.0,0,F1,75,,,,,
2025-02-24,2025-02-24,FO,NSE,IDO,54781,,NIFTY,,2025-04-03,2025-04-03,24000.0,CE,NIFTY2540324000CE,0.0,0.0,0.0,179.05,0.0,179.05,22553.35,46.25,0,0,0,0.0,0,F1,75,,,,,
2025-02-24,2025-02-24,FO,NSE,IDO,54848,,NIFTY,,2025-04-03,2025-04-03,24350.0,CE,NIFTY2540324350CE,0.0,0.0,0.0,111.75,0.0,111.75,22553.35,21.85,0,0,0,0.0,0,F1,75,,,,,
2025-02-24,2025-02-24,FO,NSE,IDO,79251,,NIFTY,,2025-04-24,2025-04-24,21400.0,CE,NIFTY25APR21400CE,0.0,0.0,0.0,2285.9,0.0,2285.9,22553.35,1445.7,0,0,0,0.0,0,F1,75,,,,,
2025-02-24,2025-02-24,FO,NSE,IDO,79266,,NIFTY,,2025-04-24,2025-04-24,21750.0,CE,NIFTY25APR21750CE,0.0,0.0,0.0,1985.45,0.0,1985.45,22553.35,1154.7,0,0,0,0.0,0,F1,75,,,,,
2025-02-24,2025-02-24,FO,NSE,IDO,79370,,NIFTY,,2025-04-24,2025-04-24,22200.0,CE,NIFTY25APR22200CE,926.0,926.0,926.0,926.0,926.0,1196.5,22553.35,824.0,225,75,1,1734450.0,1,F1,75,,,,,
2025-02-24,2025-02-24,FO,NSE,IDO,79434,,NIFTY,,2025-04-24,2025-04-24,23050.0,CE,NIFTY25APR23050CE,419.6,436.25,401.45,401.9,401.45,544.95,22553.35,401.9,3750,1725,64,112640208.75,27,F1,75,,,,,
2025-02-24,2025-02-24,FO,NSE,IDO,79436,,NIFTY,,2025-04-24,2025-04-24,23100.0,CE,NIFTY25APR23100CE,430.0,435.0,369.15,380.75,374.0,517.85,22553.35,380.75,29025,14925,487,858061196.25,214,F1,75,,,,,
2025-02-24,2025-02-24,FO,NSE,IDO,79503,,NIFTY,,2025-04-24,2025-04-24,23550.0,CE,NIFTY25APR23550CE,196.0,196.0,196.0,196.0,196.0,330.0,22553.35,196.0,75,0,1,1780950.0,1,F1,75,,,,,
2025-02-24,2025-02-24,FO,NSE,IDO,79608,,NIFTY,,2025-04-24,2025-04-24,24200.0,CE,NIFTY25APR24200CE,95.0,97.15,64.3,68.0,65.8,116.8,22553.35,68.0,38775,-4050,1251,2277976260.0,576,F1,75,,,,,
2025-02-24,2025-02-24,FO,NSE,IDO,79646,,NIFTY,,2025-04-24,2025-04-24,24650.0,CE,NIFTY25APR24650CE,50.1,50.1,39.65,40.55,40.55,60.0,22553.35,39.8,1050,-75,38,70367955.0,10,F1,75,,,,,
2025-02-24,2025-02-24,FO,NSE,IDO,79727,,NIFTY,,2025-04-24,2025-04-24,25050.0,CE,NIFTY25APR25050CE,0.0,0.0,0.0,52.35,52.35,52.35,22553.35,19.65,750,0,0,0.0,0,F1,75,,,,,
2025-02-24,2025-02-24,FO,NSE,IDO,64684,,NIFTY,,2025-09-25,2025-09-25,20000.0,CE,NIFTY25SEP20000CE,0.0,0.0,0.0,7643.1,0.0,7643.1,22553.35,3352.4,0,0,0,0.0,0,F1,75,,,,,
2025-02-24,2025-02-24,FO,NSE,IDO,64688,,NIFTY,,2025-09-25,2025-09-25,22000.0,CE,NIFTY25SEP22000CE,0.0,0.0,0.0,5865.75,0.0,5865.75,22553.35,1736.2,0,0,0,0.0,0,F1,75,,,,,
2025-02-24,2025-02-24,FO,NSE,IDO,64690,,NIFTY,,2025-09-25,2025-09-25,23000.0,CE,NIFTY25SEP23000CE,1351.1,1351.1,1175.0,1175.4,1175.0,1351.1,22553.35,1175.4,6000,3900,88,159822142.5,64,F1,75,,,,,
2025-02-24,2025-02-24,FO,NSE,IDO,64700,,NIFTY,,2025-09-25,2025-09-25,28000.0,CE,NIFTY25SEP28000CE,0.0,0.0,0.0,1788.2,0.0,1788.2,22553.35,40.0,0,0,0,0.0,0,F1,75,,,,,
2025-02-24,2025-02-24,FO,NSE,IDO,42129,,NIFTY,,2025-12-24,2025-12-24,31000.0,CE,NIFTY25DEC31000CE,42.0,45.85,42.0,42.05,42.05,44.8,22553.35,16.2,35225,1475,65,151337291.25,22,F1,75,,,,,
2025-02-24,2025-02-24,FO,NSE,IDO,50973,,NIFTY,,2026-06-25,2026-06-25,27000.0,CE,NIFTY26JUN27000CE,0.0,0.0,0.0,1352.8,0.0,1352.8,22553.35,602.95,0,0,0,0.0,0,F1,75,,,,,
2025-02-24,2025-02-24,FO,NSE,IDO,71503,,NIFTY,,2026-12-31,2026-12-31,25000.0,CE,NIFTY26DEC25000CE,1920.0,1950.0,1850.0,1850.0,1850.0,2065.0,22553.35,1811.9,6575,375,9,18169751.25,9,F1,75,,,,,
2025-02-24,2025-02-24,FO,NSE,IDO,71505,,NIFTY,,2026-12-31,2026-12-31,26000.0,CE,NIFTY26DEC26000CE,1500.0,1500.0,1500.0,1500.0,1500.0,1710.0,22553.35,1405.3,225,-75,2,4125000.0,2,F1,75,,,,,
2025-02-24,2025-02-24,FO,NSE,IDO,71547,,NIFTY,,2027-06-24,2027-06-24,18000.0,CE,NIFTY27JUN18000CE,0.0,0.0,0.0,4066.45,0.0,4066.45,22553.35,7128.6,0,0,0,0.0,0,F1,75,,,,,
2025-02-24,2025-02-24,FO,NSE,IDO,71562,,NIFTY,,2027-06-24,2027-06-24,25000.0,CE,NIFTY27JUN25000CE,0.0,0.0,0.0,2090.05,0.0,2090.05,22553.35,2363.65,0,0,0,0.0,0,F1,75,,,,,
2025-02-24,2025-02-24,FO,NSE,IDO,53605,,NIFTY,,2027-12-30,2027-12-30,19000.0,CE,NIFTY27DEC19000CE,0.0,0.0,0.0,5794.9,0.0,5794.9,22553.35,6863.7,0,0,0,0.0,0,F1,75,,,,,
2025-02-24,2025-02-24,FO,NSE,IDO,86139,,NIFTY,,2028-06-29,2028-06-29,18000.0,CE,NIFTY28JUN18000CE,0.0,0.0,0.0,6809.35,0.0,6809.35,22553.35,8130.35,0,0,0,0.0,0,F1,75,,,,,
2025-02-24,2025-02-24,FO,NSE,IDO,86147,,NIFTY,,2028-06-29,2028-06-29,22000.0,CE,NIFTY28JUN22000CE,0.0,0.0,0.0,4759.5,0.0,4759.5,22553.35,5259.45,0,0,0,0.0,0,F1,75,,,,,
2025-02-24,2025-02-24,FO,NSE,IDO,67770,,NIFTY,,2028-12-28,2028-12-28,18000.0,CE,NIFTY28DEC18000CE,0.0,0.0,0.0,9380.3,0.0,9380.3,22553.35,8595.05,0,0,0,0.0,0,F1,75,,,,,
2025-02-24,2025-02-24,FO,NSE,IDO,89628,,NIFTY,,2029-06-28,2029-06-28,23000.0,CE,NIFTY29JUN23000CE,0.0,0.0,0.0,8636.0,0.0,8636.0,22553.35,5711.4,0,0,0,0.0,0,F1,75,,,,,
2025-02-24,2025-02-24,FO,NSE,IDO,89634,,NIFTY,,2029-06-28,2029-06-28,26000.0,CE,NIFTY29JUN26000CE,0.0,0.0,0.0,7052.2,0.0,7052.2,22553.35,4086.15,0,0,0,0.0,0,F1,75,,,,,
2025-02-24,2025-02-24,FO,NSE,IDO,89636,,NIFTY,,2029-06-28,2029-06-28,27000.0,CE,NIFTY29JUN27000CE,0.0,0.0,0.0,6570.4,0.0,6570.4,22553.35,3620.85,0,0,0,0.0,0,F1,75,,,,,
2025-02-24,2025-02-24,FO,NSE,IDO,61390,,NIFTY,,2029-12-27,2029-12-27,18000.0,CE,NIFTY29DEC18000CE,0.0,0.0,0.0,11362.4,0.0,11362.4,22553.35,9476.5,0,0,0,0.0,0,F1,75,,,,,
2025-02-24,2025-02-24,FO,NSE,IDO,61659,,NIFTY,,2029-12-27,2029-12-27,21000.0,CE,NIFTY29DEC21000CE,0.0,0.0,0.0,9463.95,0.0,9463.95,22553.35,7459.3,0,0,0,0.0,0,F1,75,,,,,
2025-02-24,2025-02-24,FO,NSE,IDO,61772,,NIFTY,,2029-12-27,2029-12-27,25000.0,CE,NIFTY29DEC25000CE,0.0,0.0,0.0,7196.25,0.0,7196.25,22553.35,5113.9,0,0,0,0.0,0,F1,75,,,,,
2025-02-24,2025-02-24,FO,NSE,IDO,61794,,NIFTY,,2029-12-27,2029-12-27,27000.0,CE,NIFTY29DEC27000CE,0.0,0.0,0.0,6201.65,0.0,6201.65,22553.35,4134.5,0,0,0,0.0,0,F1,75,,,,,
2025-02-24,2025-02-24,FO,NSE,IDO,55588,,NIFTY,,2025-02-27,2025-02-27,21700.0,PE,NIFTY25FEB21700PE,2.5,3.95,1.75,2.1,1.95,2.5,22553.35,2.1,3680550,773550,364867,593894885508.75,72994,F1,75,,,,,
2025-02-24,2025-02-24,FO,NSE,IDO,55626,,NIFTY,,2025-02-27,2025-02-27,22650.0,PE,NIFTY25FEB22650PE,124.0,158.0,95.9,116.0,120.0,75.15,22553.35,116.0,3479625,2565975,1174082,2005706395732.5,708334,F1,75,,,,,
2025-02-24,2025-02-24,FO,NSE,IDO,55630,,NIFTY,,2025-02-27,2025-02-27,22750.0,PE,NIFTY25FEB22750PE,155.0,219.4,140.0,178.35,185.7,110.8,22553.35,178.35,1000275,-716700,293887,505525042867.5,189701,F1,75,,,,,
2025-02-24,2025-02-24,FO,NSE,IDO,55638,,NIFTY,,2025-02-27,2025-02-27,22950.0,PE,NIFTY25FEB22950PE,268.0,392.8,268.0,350.1,357.6,214.0,22553.35,350.1,652875,-292275,20942,36578872203.75,12935,F1,75,,,,,
2025-02-24,2025-02-24,FO,NSE,IDO,55640,,NIFTY,,2025-02-27,2025-02-27,23000.0,PE,NIFTY25FEB23000PE,299.0,440.65,299.0,397.7,404.0,246.2,22553.35,397.7,4588425,-1208625,113692,199445862142.5,66988,F1,75,,,,,
2025-02-24,2025-02-24,FO,NSE,IDO,55642,,NIFTY,,2025-02-27,2025-02-27,23050.0,PE,NIFTY25FEB23050PE,368.95,487.2,361.7,447.15,449.3,282.7,22553.35,447.15,187275,-60975,4297,7567960087.5,3112,F1,75,,,,,
2025-02-24,2025-02-24,FO,NSE,IDO,57590,,NIFTY,,2025-02-27,2025-02-27,23700.0,PE,NIFTY25FEB23700PE,999.0,1120.0,991.0,1080.9,1096.5,884.65,22553.35,1080.9,947400,-53625,1188,2206763373.75,698,F1,75,,,,,
2025-02-24,2025-02-24,FO,NSE,IDO,57610,,NIFTY,,2025-02-27,2025-02-27,24200.0,PE,NIFTY25FEB24200PE,1482.1,1622.5,1481.35,1593.15,1597.0,1381.1,22553.35,1593.15,247275,-36975,569,1100133491.25,543,F1,75,,,,,
2025-02-24,2025-02-24,FO,NSE,IDO,57612,,NIFTY,,2025-02-27,2025-02-27,24250.0,PE,NIFTY25FEB24250PE,1560.05,1644.15,1560.0,1603.7,1603.7,1430.55,22553.35,1683.7,7275,-1275,46,89245496.25,26,F1,75,,,,,
2025-02-24,2025-02-24,FO,NSE,IDO,57644,,NIFTY,,2025-02-27,2025-02-27,25000.0,PE,NIFTY25FEB25000PE,2350.0,2424.9,2299.4,2389.55,2393.55,2177.2,22553.35,2389.55,728850,-288075,4656,9560452946.25,4107,F1,75,,,,,
2025-02-24,2025-02-24,FO,NSE,IDO,57654,,NIFTY,,2025-02-27,2025-02-27,25250.0,PE,NIFTY25FEB25250PE,2591.45,2591.45,2591.45,2591.45,2591.45,2216.65,22553.35,2683.15,975,0,7,14616761.25,1,F1,75,,,,,
2025-02-24,2025-02-24,FO,NSE,IDO,57658,,NIFTY,,2025-02-27,2025-02-27,25350.0,PE,NIFTY25FEB25350PE,0.0,0.0,0.0,2320.85,2321.45,2320.85,22553.35,2783.1,150,0,0,0.0,0,F1,75,,,,,
2025-02-24,2025-02-24,FO,NSE,IDO,57666,,NIFTY,,2025-02-27,2025-02-27,25550.0,PE,NIFTY25FEB25550PE,2984.85,2984.85,2984.85,2984.85,2984.85,2513.75,22553.35,2984.85,225,0,1,2140113.75,1,F1,75,,,,,
2025-02-24,2025-02-24,FO,NSE,IDO,57698,,NIFTY,,2025-02-27,2025-02-27,26200.0,PE,NIFTY25FEB26200PE,3639.35,3639.35,3597.35,3618.4,3597.5,3362.7,22553.35,3618.4,28800,-150,4,8945516.25,3,F1,75,,,,,
2025-02-24,2025-02-24,FO,NSE,IDO,68475,,NIFTY,,2025-03-06,2025-03-06,23150.0,PE,NIFTY2530623150PE,467.05,550.35,467.05,525.35,530.0,388.15,22553.35,525.35,13350,-3525,115,204036971.25,57,F1,75,,,,,
2025-02-24,2025-02-24,FO,NSE,IDO,68585,,NIFTY,,2025-03-06,2025-03-06,23750.0,PE,NIFTY2530623750PE,0.0,0.0,0.0,874.35,874.35,874.35,22553.35,1156.45,450,0,0,0.0,0,F1,75,,,,,
2025-02-24,2025-02-24,FO,NSE,IDO,68648,,NIFTY,,2025-03-06,2025-03-06,24950.0,PE,NIFTY2530624950PE,0.0,0.0,0.0,1857.55,1857.9,1857.55,22553.35,2352.25,300,0,0,0.0,0,F1,75,,,,,
2025-02-24,2025-02-24,FO,NSE,IDO,45407,,NIFTY,,2025-03-13,2025-03-13,21300.0,PE,NIFTY2531321300PE,12.05,15.2,11.55,12.5,13.0,11.65,22553.35,12.5,19425,9750,363,580236975.0,140,F1,75,,,,,
2025-02-24,2025-02-24,FO,NSE,IDO,45415,,NIFTY,,2025-03-13,2025-03-13,21500.0,PE,NIFTY2531321500PE,22.55,24.3,18.45,19.65,20.9,16.25,22553.35,19.65,41625,15150,898,1449392006.25,396,F1,75,,,,,
2025-02-24,2025-02-24,FO,NSE,IDO,45425,,NIFTY,,2025-03-13,2025-03-13,21650.0,PE,NIFTY2531321650PE,32.0,32.0,27.0,28.8,28.95,22.65,22553.35,28.8,10050,8250,170,276405798.75,40,F1,75,,,,,
2025-02-24,2025-02-24,FO,NSE,IDO,45469,,NIFTY,,2025-03-13,2025-03-13,22500.0,PE,NIFTY2531322500PE,175.0,211.0,168.3,183.7,187.5,141.7,22553.35,183.7,99675,58875,6323,10760564182.5,4287,F1,75,,,,,
2025-02-24,2025-02-24,FO,NSE,IDO,45529,,NIFTY,,2025-03-13,2025-03-13,23500.0,PE,NIFTY2531323500PE,775.0,866.0,731.1,731.1,731.1,673.9,22553.35,731.1,13200,9450,159,290080046.25,43,F1,75,,,,,
2025-02-24,2025-02-24,FO,NSE,IDO,45539,,NIFTY,,2025-03-13,2025-03-13,23700.0,PE,NIFTY2531323700PE,990.0,1037.0,989.0,995.0,995.0,833.45,22553.35,1089.65,825,225,7,12966851.25,5,F1,75,,,,,
2025-02-24,2025-02-24,FO,NSE,IDO,45596,,NIFTY,,2025-03-13,2025-03-13,24400.0,PE,NIFTY2531324400PE,0.0,0.0,0.0,1489.3,1489.3,1489.3,22553.35,1773.75,75,0,0,0.0,0,F1,75,,,,,
2025-02-24,2025-02-24,FO,NSE,IDO,45632,,NIFTY,,2025-03-13,2025-03-13,24850.0,PE,NIFTY2531324850PE,0.0,0.0,0.0,1932.4,1932.4,1932.4,22553.35,2221.65,75,0,0,0.0,0,F1,75,,,,,
2025-02-24,2025-02-24,FO,NSE,IDO,50136,,NIFTY,,2025-03-20,2025-03-20,21750.0,PE,NIFTY2532021750PE,0.0,0.0,0.0,52.55,0.0,52.55,22553.35,43.35,0,0,0,0.0,0,F1,75,,,,,
2025-02-24,2025-02-24,FO,NSE,IDO,50187,,NIFTY,,2025-03-20,2025-03-20,22500.0,PE,NIFTY2532022500PE,210.4,245.05,206.75,221.5,225.6,180.95,22553.35,221.5,9975,300,374,637451193.75,218,F1,75,,,,,
2025-02-24,2025-02-24,FO,NSE,IDO,50200,,NIFTY,,2025-03-20,2025-03-20,22600.0,PE,NIFTY2532022600PE,250.0,281.6,243.7,258.25,265.15,206.3,22553.35,258.25,3900,1800,110,188624148.75,70,F1,75,,,,,
2025-02-24,2025-02-24,FO,NSE,IDO,50320,,NIFTY,,2025-03-20,2025-03-20,24750.0,PE,NIFTY2532024750PE,0.0,0.0,0.0,1602.4,0.0,1602.4,22553.35,2092.3,0,0,0,0.0,0,F1,75,,,,,
2025-02-24,2025-02-24,FO,NSE,IDO,64557,,NIFTY,,2025-03-27,2025-03-27,20000.0,PE,NIFTY25MAR20000PE,11.05,14.9,7.35,7.9,8.3,9.55,22553.35,7.9,1471750,195325,9185,13783389480.0,5332,F1,75,,,,,
2025-02-24,2025-02-24,FO,NSE,IDO,46830,,NIFTY,,2025-03-27,2025-03-27,21100.0,PE,NIFTY25MAR21100PE,30.0,31.05,23.45,26.9,27.45,25.05,22553.35,26.9,121050,38625,4036,6395120152.5,2918,F1,75,,,,,
2025-02-24,2025-02-24,FO,NSE,IDO,46891,,NIFTY,,2025-03-27,2025-03-27,21600.0,PE,NIFTY25MAR21600PE,64.35,70.0,55.4,60.45,61.8,53.9,22553.35,60.45,333975,101625,7351,11942812038.75,4647,F1,75,,,,,
2025-02-24,2025-02-24,FO,NSE,IDO,46893,,NIFTY,,2025-03-27,2025-03-27,21650.0,PE,NIFTY25MAR21650PE,68.15,75.1,60.85,64.75,67.9,57.6,22553.35,64.75,15150,4125,268,436523160.0,145,F1,75,,,,,
2025-02-24,2025-02-24,FO,NSE,IDO,46920,,NIFTY,,2025-03-27,2025-03-27,21800.0,PE,NIFTY25MAR21800PE,88.2,96.4,76.4,83.9,84.9,72.55,22553.35,83.9,712875,263100,13010,21355232722.5,6996,F1,75,,,,,
2025-02-24,2025-02-24,FO,NSE,IDO,46929,,NIFTY,,2025-03-27,2025-03-27,21900.0,PE,NIFTY25MAR21900PE,100.0,112.5,90.0,98.3,100.95,84.35,22553.35,98.3,373650,85950,6881,11354050653.75,4544,F1,75,,,,,
2025-02-24,2025-02-24,FO,NSE,IDO,64565,,NIFTY,,2025-03-27,2025-03-27,23000.0,PE,NIFTY25MAR23000PE,474.95,512.1,445.0,480.55,486.95,395.1,22553.35,480.55,3137000,-112775,31343,55201133332.5,19853,F1,75,,,,,
2025-02-24,2025-02-24,FO,NSE,IDO,51121,,NIFTY,,2025-03-27,2025-03-27,23350.0,PE,NIFTY25MAR23350PE,678.95,738.15,675.6,706.9,709.0,590.05,22553.35,706.9,40725,-600,71,128096223.75,53,F1,75,,,,,
2025-02-24,2025-02-24,FO,NSE,IDO,53847,,NIFTY,,2025-03-27,2025-03-27,23750.0,PE,NIFTY25MAR23750PE,1022.0,1022.0,1022.0,1022.0,1022.0,857.95,22553.35,1117.05,19875,0,4,7431600.0,3,F1,75,,,,,
2025-02-24,2025-02-24,FO,NSE,IDO,56573,,NIFTY,,2025-03-27,2025-03-27,24950.0,PE,NIFTY25MAR24950PE,2180.0,2180.0,2180.0,2180.0,2180.0,1212.6,22553.35,2261.35,75,75,1,2034750.0,1,F1,75,,,,,
2025-02-24,2025-02-24,FO,NSE,IDO,56883,,NIFTY,,2025-03-27,2025-03-27,25450.0,PE,NIFTY25MAR25450PE,0.0,0.0,0.0,1560.7,0.0,1560.7,22553.35,2756.95,0,0,0,0.0,0,F1,75,,,,,
2025-02-24,2025-02-24,FO,NSE,IDO,58784,,NIFTY,,2025-03-27,2025-03-27,25800.0,PE,NIFTY25MAR25800PE,2945.95,3024.0,2933.75,2933.75,2933.75,2759.35,22553.35,3104.7,27750,5025,67,144768626.25,60,F1,75,,,,,
2025-02-24,2025-02-24,FO,NSE,IDO,64579,,NIFTY,,2025-03-27,2025-03-27,28000.0,PE,NIFTY25MAR28000PE,5117.4,5230.6,5115.0,5198.25,5217.8,4972.9,22553.35,5198.25,264150,1875,239,594705123.75,201,F1,75,,,,,
2025-02-24,2025-02-24,FO,NSE,IDO,54561,,NIFTY,,2025-04-03,2025-04-03,21550.0,PE,NIFTY2540321550PE,0.0,0.0,0.0,56.1,0.0,56.1,22553.35,51.05,0,0,0,0.0,0,F1,75,,,,,
2025-02-24,2025-02-24,FO,NSE,IDO,54571,,NIFTY,,2025-04-03,2025-04-03,21800.0,PE,NIFTY2540321800PE,97.15,97.15,97.15,97.15,97.15,87.05,22553.35,87.05,75,75,1,1642286.25,1,F1,75,,,,,
2025-02-24,2025-02-24,FO,NSE,IDO,54620,,NIFTY,,2025-04-03,2025-04-03,22550.0,PE,NIFTY2540322550PE,0.0,0.0,0.0,261.95,0.0,261.95,22553.35,312.25,0,0,0,0.0,0,F1,75,,,,,
2025-02-24,2025-02-24,FO,NSE,IDO,54632,,NIFTY,,2025-04-03,2025-04-03,22850.0,PE,NIFTY2540322850PE,0.0,0.0,0.0,375.85,0.0,375.85,22553.35,462.95,0,0,0,0.0,0,F1,75,,,,,
2025-02-24,2025-02-24,FO,NSE,IDO,54664,,NIFTY,,2025-04-03,2025-04-03,23150.0,PE,NIFTY2540323150PE,0.0,0.0,0.0,517.9,0.0,517.9,22553.35,649.25,0,0,0,0.0,0,F1,75,,,,,
2025-02-24,2025-02-24,FO,NSE,IDO,54838,,NIFTY,,2025-04-03,2025-04-03,24100.0,PE,NIFTY2540324100PE,0.0,0.0,0.0,1145.75,0.0,1145.75,22553.35,1421.75,0,0,0,0.0,0,F1,75,,,,,
2025-02-24,2025-02-24,FO,NSE,IDO,79232,,NIFTY,,2025-04-24,2025-04-24,21050.0,PE,NIFTY25APR21050PE,0.0,0.0,0.0,49.95,0.0,49.95,22553.35,35.1,0,0,0,0.0,0,F1,75,,,,,
2025-02-24,2025-02-24,FO,NSE,IDO,79248,,NIFTY,,2025-04-24,2025-04-24,21300.0,PE,NIFTY25APR21300PE,94.85,94.85,79.3,83.05,85.25,78.0,22553.35,83.05,119175,7875,866,1389002047.5,370,F1,75,,,,,
2025-02-24,2025-02-24,FO,NSE,IDO,79265,,NIFTY,,2025-04-24,2025-04-24,21700.0,PE,NIFTY25APR21700PE,137.0,139.5,120.0,128.7,127.75,114.85,22553.35,128.7,89700,28200,631,1033028321.25,174,F1,75,,,,,
2025-02-24,2025-02-24,FO,NSE,IDO,79267,,NIFTY,,2025-04-24,2025-04-24,21750.0,PE,NIFTY25APR21750PE,0.0,0.0,0.0,119.95,119.95,119.95,22553.35,124.05,1725,0,0,0.0,0,F1,75,,,,,
2025-02-24,2025-02-24,FO,NSE,IDO,79443,,NIFTY,,2025-04-24,2025-04-24,23250.0,PE,NIFTY25APR23250PE,665.0,665.0,665.0,665.0,665.0,560.4,22553.35,746.3,2025,-75,2,3587250.0,2,F1,75,,,,,
2025-02-24,2025-02-24,FO,NSE,IDO,79502,,NIFTY,,2025-04-24,2025-04-24,23500.0,PE,NIFTY25APR23500PE,794.7,838.75,774.4,801.2,814.9,701.0,22553.35,801.2,232050,10350,1409,2568360071.25,948,F1,75,,,,,
2025-02-24,2025-02-24,FO,NSE,IDO,79506,,NIFTY,,2025-04-24,2025-04-24,23600.0,PE,NIFTY25APR23600PE,1127.05,1127.05,850.0,876.05,876.05,762.4,22553.35,876.05,38400,0,5,9200287.5,5,F1,75,,,,,
2025-02-24,2025-02-24,FO,NSE,IDO,79675,,NIFTY,,2025-04-24,2025-04-24,24800.0,PE,NIFTY25APR24800PE,0.0,0.0,0.0,1283.45,1283.45,1283.45,22553.35,2018.2,225,0,0,0.0,0,F1,75,,,,,
2025-02-24,2025-02-24,FO,NSE,IDO,79732,,NIFTY,,2025-04-24,2025-04-24,25150.0,PE,NIFTY25APR25150PE,0.0,0.0,0.0,1706.25,0.0,1706.25,22553.35,2350.1,0,0,0,0.0,0,F1,75,,,,,
2025-02-24,2025-02-24,FO,NSE,IDO,71380,,NIFTY,,2025-06-26,2025-06-26,24000.0,PE,NIFTY25JUN24000PE,1100.0,1198.8,1096.2,1179.55,1168.5,1052.15,22553.35,1179.55,680300,-21125,2622,4950456045.0,2025,F1,75,,,,,
2025-02-24,2025-02-24,FO,NSE,IDO,37802,,NIFTY,,2026-06-25,2026-06-25,13000.0,PE,NIFTY26JUN13000PE,0.0,0.0,0.0,21.6,21.6,21.6,22553.35,0.05,200,0,0,0.0,0,F1,75,,,,,
2025-02-24,2025-02-24,FO,NSE,IDO,58647,,NIFTY,,2026-12-31,2026-12-31,21000.0,PE,NIFTY26DEC21000PE,520.0,520.0,520.0,520.0,520.0,481.05,22553.35,520.0,1475,-75,1,1614000.0,1,F1,75,,,,,
2025-02-24,2025-02-24,FO,NSE,IDO,86142,,NIFTY,,2028-06-29,2028-06-29,19000.0,PE,NIFTY28JUN19000PE,0.0,0.0,0.0,537.45,0.0,537.45,22553.35,105.0,0,0,0,0.0,0,F1,75,,,,,
2025-02-24,2025-02-24,FO,NSE,IDO,67779,,NIFTY,,2028-12-28,2028-12-28,22000.0,PE,NIFTY28DEC22000PE,0.0,0.0,0.0,521.3,521.3,521.3,22553.35,383.9,225,0,0,0.0,0,F1,75,,,,,
2025-02-24,2025-02-24,FO,NSE,IDO,67785,,NIFTY,,2028-12-28,2028-12-28,25000.0,PE,NIFTY28DEC25000PE,1339.55,1339.55,1339.55,1339.55,1339.55,1299.0,22553.35,974.8,525,75,1,1975466.25,1,F1,75,,,,,
2025-02-24,2025-02-24,FO,NSE,IDO,61391,,NIFTY,,2029-12-27,2029-12-27,18000.0,PE,NIFTY29DEC18000PE,0.0,0.0,0.0,96.5,0.0,96.5,22553.35,63.7,0,0,0,0.0,0,F1,75,,,,,
2025-02-24,2025-02-24,FO,NSE,IDO,61915,,NIFTY,,2029-12-27,2029-12-27,29000.0,PE,NIFTY29DEC29000PE,0.0,0.0,0.0,1669.2,0.0,1669.2,22553.35,1912.1,0,0,0,0.0,0,F1,75,,,,,
2025-02-24,2025-02-24,FO,NSE,IDO,45404,,NIFTY,,2025-03-13,2025-03-13,21250.0,CE,NIFTY2531321250CE,0.0,0.0,0.0,1668.15,1668.15,1668.15,22553.35,1370.85,75,0,0,0.0,0,F1,75,,,,,
2025-02-24,2025-02-24,FO,NSE,IDO,55567,,NIFTY,,2025-02-27,2025-02-27,21300.0,CE,NIFTY25FEB21300CE,1370.2,1370.2,1324.55,1324.55,1324.55,1599.75,22553.35,1264.75,225,75,2,3397106.25,2,F1,75,,,,,
2025-02-24,2025-02-24,FO,NSE,IDO,55577,,NIFTY,,2025-02-27,2025-02-27,21550.0,CE,NIFTY25FEB21550CE,0.0,0.0,0.0,1485.1,1484.8,1485.1,22553.35,1014.85,1350,0,0,0.0,0,F1,75,,,,,
2025-02-24,2025-02-24,FO,NSE,IDO,55655,,NIFTY,,2025-02-27,2025-02-27,23400.0,CE,NIFTY25FEB23400CE,4.5,5.75,2.4,2.65,2.5,8.2,22553.35,2.65,6484800,1459275,602530,1057594906177.5,165906,F1,75,,,,,
2025-02-24,2025-02-24,FO,NSE,IDO,57587,,NIFTY,,2025-02-27,2025-02-27,23650.0,CE,NIFTY25FEB23650CE,2.1,2.65,1.55,1.95,2.2,2.9,22553.35,1.95,1962225,264600,206101,365604766458.75,46481,F1,75,,,,,
2025-02-24,2025-02-24,FO,NSE,IDO,57647,,NIFTY,,2025-02-27,2025-02-27,25100.0,CE,NIFTY25FEB25100CE,0.9,1.45,0.8,1.15,1.25,0.95,22553.35,1.15,1061325,570600,37067,69781667152.5,8837,F1,75,,,,,
2025-02-24,2025-02-24,FO,NSE,IDO,57677,,NIFTY,,2025-02-27,2025-02-27,25850.0,CE,NIFTY25FEB25850CE,0.85,1.35,0.75,1.0,0.85,0.9,22553.35,1.0,37575,5175,3763,7295773758.75,1188,F1,75,,,,,
2025-02-24,2025-02-24,FO,NSE,IDO,57708,,NIFTY,,2025-02-27,2025-02-27,26400.0,CE,NIFTY25FEB26400CE,1.0,1.55,0.7,0.9,1.0,0.85,22553.35,0.9,600900,-5025,30626,60641456692.5,5287,F1,75,,,,,
2025-02-24,2025-02-24,FO,NSE,IDO,68417,,NIFTY,,2025-03-06,2025-03-06,22000.0,CE,NIFTY2530622000CE,800.0,800.0,659.05,692.5,685.1,886.95,22553.35,692.5,47100,41775,1518,2586183813.75,847,F1,75,,,,,
2025-02-24,2025-02-24,FO,NSE,IDO,68458,,NIFTY,,2025-03-06,2025-03-06,22800.0,CE,NIFTY2530622800CE,187.45,207.8,123.9,129.65,125.85,264.9,22553.35,129.65,1424175,942450,63708,109665938351.25,37770,F1,75,,,,,
2025-02-24,2025-02-24,FO,NSE,IDO,68594,,NIFTY,,2025-03-06,2025-03-06,24000.0,CE,NIFTY2530624000CE,6.0,6.0,3.65,3.9,3.75,6.35,22553.35,3.9,915300,317775,24368,43869770520.0,8599,F1,75,,,,,
2025-02-24,2025-02-24,FO,NSE,IDO,68610,,NIFTY,,2025-03-06,2025-03-06,24300.0,CE,NIFTY2530624300CE,4.25,4.3,2.6,2.9,2.65,3.6,22553.35,2.9,118125,-211800,8083,14733013833.75,3329,F1,75,,,,,
2025-02-24,2025-02-24,FO,NSE,IDO,68616,,NIFTY,,2025-03-06,2025-03-06,24450.0,CE,NIFTY2530624450CE,2.8,2.8,2.45,2.65,2.5,2.9,22553.35,2.65,4800,1125,92,168723048.75,44,F1,75,,,,,
2025-02-24,2025-02-24,FO,NSE,IDO,68635,,NIFTY,,2025-03-06,2025-03-06,24850.0,CE,NIFTY2530624850CE,2.3,2.5,1.8,2.2,2.1,2.05,22553.35,2.2,2850,-375,126,234852978.75,65,F1,75,,,,,
2025-02-24,2025-02-24,FO,NSE,IDO,68637,,NIFTY,,2025-03-06,2025-03-06,24900.0,CE,NIFTY2530624900CE,1.7,2.4,1.7,2.2,2.1,2.0,22553.35,2.2,14400,-900,405,756401362.5,169,F1,75,,,,,
2025-02-24,2025-02-24,FO,NSE,IDO,68768,,NIFTY,,2025-03-06,2025-03-06,25400.0,CE,NIFTY2530625400CE,1.1,2.05,1.1,1.7,1.65,1.75,22553.35,1.7,44625,26925,775,1476474420.0,198,F1,75,,,,,
2025-02-24,2025-02-24,FO,NSE,IDO,45414,,NIFTY,,2025-03-13,2025-03-13,21500.0,CE,NIFTY2531321500CE,1197.55,1197.55,1197.55,1197.55,1197.55,1422.3,22553.35,1197.55,150,75,1,1702316.25,1,F1,75,,,,,
2025-02-24,2025-02-24,FO,NSE,IDO,45426,,NIFTY,,2025-03-13,2025-03-13,21700.0,CE,NIFTY2531321700CE,1025.0,1025.0,1025.0,1025.0,1025.0,1217.0,22553.35,939.85,225,150,2,3408750.0,2,F1,75,,,,,
2025-02-24,2025-02-24,FO,NSE,IDO,45482,,NIFTY,,2025-03-13,2025-03-13,22850.0,CE,NIFTY2531322850CE,203.0,218.4,177.0,181.45,180.65,317.25,22553.35,181.45,10800,1275,218,376789571.25,176,F1,75,,,,,
2025-02-24,2025-02-24,FO,NSE,IDO,45521,,NIFTY,,2025-03-13,2025-03-13,23350.0,CE,NIFTY2531323350CE,73.8,73.8,42.65,44.95,44.35,110.95,22553.35,44.95,11700,8775,337,591428658.75,190,F1,75,,,,,
2025-02-24,2025-02-24,FO,NSE,IDO,45575,,NIFTY,,2025-03-13,2025-03-13,24250.0,CE,NIFTY2531324250CE,4.35,4.45,4.35,4.45,4.45,8.85,22553.35,1.7,675,600,8,14552640.0,2,F1,75,,,,,
2025-02-24,2025-02-24,FO,NSE,IDO,45604,,NIFTY,,2025-03-13,2025-03-13,24500.0,CE,NIFTY2531324500CE,5.5,5.5,3.6,4.05,4.1,5.75,22553.35,4.05,20925,2400,571,1049399895.0,208,F1,75,,,,,
2025-02-24,2025-02-24,FO,NSE,IDO,45610,,NIFTY,,2025-03-13,2025-03-13,24600.0,CE,NIFTY2531324600CE,4.2,4.25,3.55,4.05,4.05,4.9,22553.35,4.05,6825,-1575,93,171612011.25,37,F1,75,,,,,
2025-02-24,2025-02-24,FO,NSE,IDO,45646,,NIFTY,,2025-03-13,2025-03-13,25150.0,CE,NIFTY2531325150CE,0.0,0.0,0.0,4.0,4.0,4.0,22553.35,0.05,225,0,0,0.0,0,F1,75,,,,,
2025-02-24,2025-02-24,FO,NSE,IDO,50117,,NIFTY,,2025-03-20,2025-03-20,21400.0,CE,NIFTY2532021400CE,0.0,0.0,0.0,1803.65,0.0,1803.65,22553.35,1259.55,0,0,0,0.0,0,F1,75,,,,,
2025-02-24,2025-02-24,FO,NSE,IDO,50137,,NIFTY,,2025-03-20,2025-03-20,21800.0,CE,NIFTY2532021800CE,0.0,0.0,0.0,1439.1,0.0,1439.1,22553.35,896.05,0,0,0,0.0,0,F1,75,,,,,
2025-02-24,2025-02-24,FO,NSE,IDO,50215,,NIFTY,,2025-03-20,2025-03-20,22800.0,CE,NIFTY2532022800CE,405.85,405.85,260.15,270.7,267.05,410.0,22553.35,270.7,8100,2775,159,275290545.0,93,F1,75,,,,,
2025-02-24,2025-02-24,FO,NSE,IDO,50243,,NIFTY,,2025-03-20,2025-03-20,23500.0,CE,NIFTY2532023500CE,85.0,85.0,50.7,53.3,52.05,113.7,22553.35,53.3,17700,7350,625,1104483007.5,345,F1,75,,,,,
2025-02-24,2025-02-24,FO,NSE,IDO,50253,,NIFTY,,2025-03-20,2025-03-20,23700.0,CE,NIFTY2532023700CE,42.0,42.0,33.25,33.25,33.25,253.9,22553.35,33.75,750,750,11,19582147.5,9,F1,75,,,,,
2025-02-24,2025-02-24,FO,NSE,IDO,50257,,NIFTY,,2025-03-20,2025-03-20,23750.0,CE,NIFTY2532023750CE,0.0,0.0,0.0,238.25,0.0,238.25,22553.35,29.55,0,0,0,0.0,0,F1,75,,,,,
2025-02-24,2025-02-24,FO,NSE,IDO,50283,,NIFTY,,2025-03-20,2025-03-20,24150.0,CE,NIFTY2532024150CE,0.0,0.0,0.0,138.25,0.0,138.25,22553.35,9.25,0,0,0,0.0,0,F1,75,,,,,
2025-02-24,2025-02-24,FO,NSE,IDO,50317,,NIFTY,,2025-03-20,2025-03-20,24750.0,CE,NIFTY2532024750CE,8.5,8.5,5.15,5.15,5.15,14.4,22553.35,1.2,300,0,2,3713523.75,2,F1,75,,,,,
2025-02-24,2025-02-24,FO,NSE,IDO,64552,,NIFTY,,2025-03-27,2025-03-27,18000.0,CE,NIFTY25MAR18000CE,4765.0,4774.05,4672.0,4694.3,4687.6,4906.8,22553.35,4694.3,464175,6000,368,626722200.0,356,F1,75,,,,,
2025-02-24,2025-02-24,FO,NSE,IDO,46883,,NIFTY,,2025-03-27,2025-03-27,21550.0,CE,NIFTY25MAR21550CE,0.0,0.0,0.0,2653.4,0.0,2653.4,22553.35,1159.5,0,0,0,0.0,0,F1,75,,,,,
2025-02-24,2025-02-24,FO,NSE,IDO,46988,,NIFTY,,2025-03-27,2025-03-27,22350.0,CE,NIFTY25MAR22350CE,665.95,665.95,583.0,594.8,595.25,798.25,22553.35,594.8,3000,2850,56,96423746.25,55,F1,75,,,,,
2025-02-24,2025-02-24,FO,NSE,IDO,48695,,NIFTY,,2025-03-27,2025-03-27,23200.0,CE,NIFTY25MAR23200CE,225.0,229.55,148.8,153.85,150.65,264.0,22553.35,153.85,601500,192075,12897,22605386692.5,8678,F1,75,,,,,
2025-02-24,2025-02-24,FO,NSE,IDO,53846,,NIFTY,,2025-03-27,2025-03-27,23750.0,CE,NIFTY25MAR23750CE,70.95,70.95,41.75,43.95,41.75,91.1,22553.35,43.95,33375,-300,1101,1965706878.75,586,F1,75,,,,,
2025-02-24,2025-02-24,FO,NSE,IDO,55339,,NIFTY,,2025-03-27,2025-03-27,24400.0,CE,NIFTY25MAR24400CE,15.05,18.6,11.6,12.35,12.5,20.55,22553.35,12.35,116850,-103275,4885,8944879005.0,2291,F1,75,,,,,
2025-02-24,2025-02-24,FO,NSE,IDO,55656,,NIFTY,,2025-03-27,2025-03-27,24500.0,CE,NIFTY25MAR24500CE,15.0,16.0,10.35,10.55,10.8,17.2,22553.35,10.55,1275300,-169875,26653,49000116521.25,14598,F1,75,,,,,
2025-02-24,2025-02-24,FO,NSE,IDO,56542,,NIFTY,,2025-03-27,2025-03-27,24700.0,CE,NIFTY25MAR24700CE,11.75,12.0,8.3,8.8,8.85,12.65,22553.35,8.8,129225,-43575,3950,7320336292.5,1779,F1,75,,,,,
2025-02-24,2025-02-24,FO,NSE,IDO,56876,,NIFTY,,2025-03-27,2025-03-27,25300.0,CE,NIFTY25MAR25300CE,7.85,8.45,6.2,7.7,7.4,7.8,22553.35,7.7,59550,-4275,601,1140743122.5,280,F1,75,,,,,
2025-02-24,2025-02-24,FO,NSE,IDO,56892,,NIFTY,,2025-03-27,2025-03-27,25700.0,CE,NIFTY25MAR25700CE,6.75,6.9,5.95,6.6,6.6,6.45,22553.35,6.6,19125,-300,232,447293400.0,106,F1,75,,,,,
2025-02-24,2025-02-24,FO,NSE,IDO,64576,,NIFTY,,2025-03-27,2025-03-27,27000.0,CE,NIFTY25MAR27000CE,4.0,4.75,3.85,4.2,4.1,4.65,22553.35,4.2,1106675,4525,2373,4806063708.75,1260,F1,75,,,,,
2025-02-24,2025-02-24,FO,NSE,IDO,54562,,NIFTY,,2025-04-03,2025-04-03,21600.0,CE,NIFTY2540321600CE,0.0,0.0,0.0,1552.3,0.0,1552.3,22553.35,1156.1,0,0,0,0.0,0,F1,75,,,,,
2025-02-24,2025-02-24,FO,NSE,IDO,79249,,NIFTY,,2025-04-24,2025-04-24,21350.0,CE,NIFTY25APR21350CE,0.0,0.0,0.0,2330.0,0.0,2330.0,22553.35,1489.2,0,0,0,0.0,0,F1,75,,,,,
2025-02-24,2025-02-24,FO,NSE,IDO,79262,,NIFTY,,2025-04-24,2025-04-24,21650.0,CE,NIFTY25APR21650CE,0.0,0.0,0.0,2069.75,0.0,2069.75,22553.35,1235.2,0,0,0,0.0,0,F1,75,,,,,
2025-02-24,2025-02-24,FO,NSE,IDO,79279,,NIFTY,,2025-04-24,2025-04-24,21950.0,CE,NIFTY25APR21950CE,0.0,0.0,0.0,1821.0,0.0,1821.0,22553.35,1001.0,0,0,0,0.0,0,F1,75,,,,,
2025-02-24,2025-02-24,FO,NSE,IDO,79428,,NIFTY,,2025-04-24,2025-04-24,23000.0,CE,NIFTY25APR23000CE,499.0,519.45,411.05,424.5,420.0,564.45,22553.35,424.5,349575,89700,5330,9372369472.5,3230,F1,75,,,,,
2025-02-24,2025-02-24,FO,NSE,IDO,79446,,NIFTY,,2025-04-24,2025-04-24,23350.0,CE,NIFTY25APR23350CE,0.0,0.0,0.0,388.25,388.25,388.25,22553.35,259.95,1125,0,0,0.0,0,F1,75,,,,,
2025-02-24,2025-02-24,FO,NSE,IDO,79511,,NIFTY,,2025-04-24,2025-04-24,23750.0,CE,NIFTY25APR23750CE,160.0,160.0,143.9,146.05,152.9,300.0,22553.35,146.05,3150,2475,177,317266432.5,28,F1,75,,,,,
2025-02-24,2025-02-24,FO,NSE,IDO,79547,,NIFTY,,2025-04-24,2025-04-24,24100.0,CE,NIFTY25APR24100CE,123.45,123.45,79.2,80.75,79.5,136.65,22553.35,80.75,41475,17325,1579,2864812346.25,408,F1,75,,,,,
2025-02-24,2025-02-24,FO,NSE,IDO,79632,,NIFTY,,2025-04-24,2025-04-24,24300.0,CE,NIFTY25APR24300CE,92.5,92.5,55.35,56.95,55.35,100.0,22553.35,56.95,32700,17925,692,1264605116.25,346,F1,75,,,,,
2025-02-24,2025-02-24,FO,NSE,IDO,79676,,NIFTY,,2025-04-24,2025-04-24,24850.0,CE,NIFTY25APR24850CE,52.8,52.8,52.8,52.8,52.8,49.8,22553.35,28.2,75,0,1,1867710.0,1,F1,75,,,,,
2025-02-24,2025-02-24,FO,NSE,IDO,79690,,NIFTY,,2025-04-24,2025-04-24,24950.0,CE,NIFTY25APR24950CE,37.4,37.4,37.4,37.4,37.4,50.05,22553.35,23.6,675,75,1,1874055.0,1,F1,75,,,,,
2025-02-24,2025-02-24,FO,NSE,IDO,79733,,NIFTY,,2025-04-24,2025-04-24,25200.0,CE,NIFTY25APR25200CE,24.35,28.4,19.5,19.5,19.5,24.35,22553.35,14.85,4650,225,40,75662178.75,21,F1,75,,,,,
2025-02-24,2025-02-24,FO,NSE,IDO,79748,,NIFTY,,2025-04-24,2025-04-24,25450.0,CE,NIFTY25APR25450CE,18.25,22.85,11.15,22.85,22.85,26.95,22553.35,9.15,450,-150,5,9549855.0,5,F1,75,,,,,
2025-02-24,2025-02-24,FO,NSE,IDO,64698,,NIFTY,,2025-09-25,2025-09-25,27000.0,CE,NIFTY25SEP27000CE,0.0,0.0,0.0,2279.95,0.0,2279.95,22553.35,90.75,0,0,0,0.0,0,F1,75,,,,,
2025-02-24,2025-02-24,FO,NSE,IDO,58622,,NIFTY,,2025-12-24,2025-12-24,22000.0,CE,NIFTY25DEC22000CE,2276.35,2300.0,2202.5,2229.2,2234.15,2407.5,22553.35,2229.2,145450,4200,117,212762272.5,106,F1,75,,,,,
2025-02-24,2025-02-24,FO,NSE,IDO,71395,,NIFTY,,2025-12-24,2025-12-24,25000.0,CE,NIFTY25DEC25000CE,695.0,710.0,645.05,651.35,649.95,740.45,22553.35,651.35,211925,4025,662,1274529712.5,544,F1,75,,,,,
2025-02-24,2025-02-24,FO,NSE,IDO,58626,,NIFTY,,2026-06-25,2026-06-25,22000.0,CE,NIFTY26JUN22000CE,0.0,0.0,0.0,2722.55,0.0,2722.55,22553.35,2824.8,0,0,0,0.0,0,F1,75,,,,,
2025-02-24,2025-02-24,FO,NSE,IDO,37799,,NIFTY,,2026-06-25,2026-06-25,23000.0,CE,NIFTY26JUN23000CE,0.0,0.0,0.0,2645.65,0.0,2645.65,22553.35,2190.35,0,0,0,0.0,0,F1,75,,,,,
2025-02-24,2025-02-24,FO,NSE,IDO,71553,,NIFTY,,2027-06-24,2027-06-24,21000.0,CE,NIFTY27JUN21000CE,0.0,0.0,0.0,3061.8,0.0,3061.8,22553.35,4785.25,0,0,0,0.0,0,F1,75,,,,,
2025-02-24,2025-02-24,FO,NSE,IDO,53616,,NIFTY,,2027-12-30,2027-12-30,22000.0,CE,NIFTY27DEC22000CE,0.0,0.0,0.0,4499.55,0.0,4499.55,22553.35,4697.35,0,0,0,0.0,0,F1,75,,,,,
2025-02-24,2025-02-24,FO,NSE,IDO,53633,,NIFTY,,2027-12-30,2027-12-30,28000.0,CE,NIFTY27DEC28000CE,0.0,0.0,0.0,2639.2,0.0,2639.2,22553.35,1709.25,0,0,0,0.0,0,F1,75,,,,,
2025-02-24,2025-02-24,FO,NSE,IDO,86151,,NIFTY,,2028-06-29,2028-06-29,24000.0,CE,NIFTY28JUN24000CE,0.0,0.0,0.0,3918.85,0.0,3918.85,22553.35,4045.35,0,0,0,0.0,0,F1,75,,,,,
2025-02-24,2025-02-24,FO,NSE,IDO,89640,,NIFTY,,2029-06-28,2029-06-28,29000.0,CE,NIFTY29JUN29000CE,0.0,0.0,0.0,5677.9,0.0,5677.9,22553.35,2806.95,0,0,0,0.0,0,F1,75,,,,,
2025-02-24,2025-02-24,FO,NSE,IDO,61402,,NIFTY,,2029-12-27,2029-12-27,19000.0,CE,NIFTY29DEC19000CE,0.0,0.0,0.0,10714.6,0.0,10714.6,22553.35,8786.25,0,0,0,0.0,0,F1,75,,,,,
2025-02-24,2025-02-24,FO,NSE,IDO,55560,,NIFTY,,2025-02-27,2025-02-27,21100.0,PE,NIFTY25FEB21100PE,0.8,1.95,0.8,1.05,0.9,1.05,22553.35,1.05,5927250,-66300,432618,684658495151.25,61856,F1,75,,,,,
2025-02-24,2025-02-24,FO,NSE,IDO,55646,,NIFTY,,2025-02-27,2025-02-27,23150.0,PE,NIFTY25FEB23150PE,471.95,580.3,439.6,542.25,550.0,361.6,22553.35,542.25,98775,-21600,1485,2636759936.25,1042,F1,75,,,,,
2025-02-24,2025-02-24,FO,NSE,IDO,57588,,NIFTY,,2025-02-27,2025-02-27,23650.0,PE,NIFTY25FEB23650PE,959.7,1071.0,959.65,1019.15,1046.15,824.3,22553.35,1019.15,85950,-5475,192,355394790.0,88,F1,75,,,,,
2025-02-24,2025-02-24,FO,NSE,IDO,57598,,NIFTY,,2025-02-27,2025-02-27,23900.0,PE,NIFTY25FEB23900PE,1205.95,1312.5,1205.35,1271.1,1297.3,1077.8,22553.35,1271.1,296400,-3600,326,614814731.25,178,F1,75,,,,,
2025-02-24,2025-02-24,FO,NSE,IDO,57656,,NIFTY,,2025-02-27,2025-02-27,25300.0,PE,NIFTY25FEB25300PE,2650.0,2714.35,2650.0,2680.0,2680.0,2478.5,22553.35,2680.0,9525,-2175,44,92339771.25,22,F1,75,,,,,
2025-02-24,2025-02-24,FO,NSE,IDO,57660,,NIFTY,,2025-02-27,2025-02-27,25400.0,PE,NIFTY25FEB25400PE,2749.35,2789.7,2740.95,2765.0,2765.0,2465.6,22553.35,2833.1,13500,-1650,30,63387232.5,18,F1,75,,,,,
2025-02-24,2025-02-24,FO,NSE,IDO,68389,,NIFTY,,2025-03-06,2025-03-06,21350.0,PE,NIFTY2530621350PE,6.0,6.55,4.8,5.65,5.95,5.0,22553.35,5.65,90300,75675,3234,5179742137.5,1305,F1,75,,,,,
2025-02-24,2025-02-24,FO,NSE,IDO,68414,,NIFTY,,2025-03-06,2025-03-06,21900.0,PE,NIFTY2530621900PE,23.85,32.3,20.65,23.35,23.05,18.7,22553.35,23.35,249900,120300,14240,23416639777.5,9734,F1,75,,,,,
2025-02-24,2025-02-24,FO,NSE,IDO,68429,,NIFTY,,2025-03-06,2025-03-06,22250.0,PE,NIFTY2530622250PE,67.0,85.65,58.6,66.1,66.4,49.55,22553.35,66.1,76950,23550,11471,19203812801.25,6619,F1,75,,,,,
2025-02-24,2025-02-24,FO,NSE,IDO,68589,,NIFTY,,2025-03-06,2025-03-06,23850.0,PE,NIFTY2530623850PE,1171.0,1190.0,1171.0,1181.6,1181.6,973.15,22553.35,1255.4,1200,375,8,15018105.0,6,F1,75,,,,,
2025-02-24,2025-02-24,FO,NSE,IDO,68593,,NIFTY,,2025-03-06,2025-03-06,23950.0,PE,NIFTY2530623950PE,1292.75,1293.55,1292.75,1293.15,1293.1,1074.8,22553.35,1293.15,750,600,8,15145886.25,8,F1,75,,,,,
2025-02-24,2025-02-24,FO,NSE,IDO,68625,,NIFTY,,2025-03-06,2025-03-06,24600.0,PE,NIFTY2530624600PE,1891.0,1950.0,1880.0,1930.0,1930.0,1724.8,22553.35,1930.0,2250,1725,27,53708925.0,26,F1,75,,,,,
2025-02-24,2025-02-24,FO,NSE,IDO,68665,,NIFTY,,2025-03-06,2025-03-06,25100.0,PE,NIFTY2530625100PE,0.0,0.0,0.0,2209.7,2209.7,2209.7,22553.35,2502.0,300,0,0,0.0,0,F1,75,,,,,
2025-02-24,2025-02-24,FO,NSE,IDO,68669,,NIFTY,,2025-03-06,2025-03-06,25200.0,PE,NIFTY2530625200PE,2520.0,2520.0,2520.0,2520.0,2520.0,2310.4,22553.35,2601.8,375,75,1,2079000.0,1,F1,75,,,,,
2025-02-24,2025-02-24,FO,NSE,IDO,45405,,NIFTY,,2025-03-13,2025-03-13,21250.0,PE,NIFTY2531321250PE,12.0,12.0,12.0,12.0,12.0,13.8,22553.35,3.25,300,75,1,1594650.0,1,F1,75,,,,,
2025-02-24,2025-02-24,FO,NSE,IDO,45409,,NIFTY,,2025-03-13,2025-03-13,21350.0,PE,NIFTY2531321350PE,0.0,0.0,0.0,6.5,0.0,6.5,22553.35,5.15,0,0,0,0.0,0,F1,75,,,,,
2025-02-24,2025-02-24,FO,NSE,IDO,45443,,NIFTY,,2025-03-13,2025-03-13,22050.0,PE,NIFTY2531322050PE,80.65,87.4,65.4,72.0,74.05,60.0,22553.35,72.0,8400,8175,191,316948076.25,96,F1,75,,,,,
2025-02-24,2025-02-24,FO,NSE,IDO,45449,,NIFTY,,2025-03-13,2025-03-13,22150.0,PE,NIFTY2531322150PE,94.05,103.1,83.2,87.6,91.45,68.8,22553.35,87.6,6675,525,88,146811641.25,55,F1,75,,,,,
2025-02-24,2025-02-24,FO,NSE,IDO,45541,,NIFTY,,2025-03-13,2025-03-13,23750.0,PE,NIFTY2531323750PE,0.0,0.0,0.0,870.6,870.6,870.6,22553.35,1137.15,150,0,0,0.0,0,F1,75,,,,,
2025-02-24,2025-02-24,FO,NSE,IDO,45551,,NIFTY,,2025-03-13,2025-03-13,24000.0,PE,NIFTY2531324000PE,1287.0,1287.0,1287.0,1287.0,1287.0,1105.95,22553.35,1378.95,225,75,1,1896525.0,1,F1,75,,,,,
2025-02-24,2025-02-24,FO,NSE,IDO,45553,,NIFTY,,2025-03-13,2025-03-13,24050.0,PE,NIFTY2531324050PE,0.0,0.0,0.0,1148.4,1148.4,1148.4,22553.35,1427.9,75,0,0,0.0,0,F1,75,,,,,
2025-02-24,2025-02-24,FO,NSE,IDO,50150,,NIFTY,,2025-03-20,2025-03-20,22000.0,PE,NIFTY2532022000PE,97.0,109.1,85.15,92.7,95.65,75.0,22553.35,92.7,13875,5775,574,951208537.5,340,F1,75,,,,,
2025-02-24,2025-02-24,FO,NSE,IDO,50166,,NIFTY,,2025-03-20,2025-03-20,22250.0,PE,NIFTY2532022250PE,133.6,143.6,133.6,143.6,143.6,128.7,22553.35,145.75,75,75,2,3358290.0,2,F1,75,,,,,
2025-02-24,2025-02-24,FO,NSE,IDO,50204,,NIFTY,,2025-03-20,2025-03-20,22700.0,PE,NIFTY2532022700PE,305.0,318.8,283.95,304.8,309.0,242.05,22553.35,304.8,2850,450,387,667540968.75,160,F1,75,,,,,
2025-02-24,2025-02-24,FO,NSE,IDO,50234,,NIFTY,,2025-03-20,2025-03-20,23250.0,PE,NIFTY2532023250PE,0.0,0.0,0.0,489.15,0.0,489.15,22553.35,696.9,0,0,0,0.0,0,F1,75,,,,,
2025-02-24,2025-02-24,FO,NSE,IDO,50244,,NIFTY,,2025-03-20,2025-03-20,23500.0,PE,NIFTY2532023500PE,0.0,0.0,0.0,631.35,0.0,631.35,22553.35,902.4,0,0,0,0.0,0,F1,75,,,,,
2025-02-24,2025-02-24,FO,NSE,IDO,50246,,NIFTY,,2025-03-20,2025-03-20,23550.0,PE,NIFTY2532023550PE,0.0,0.0,0.0,662.25,0.0,662.25,22553.35,945.75,0,0,0,0.0,0,F1,75,,,,,
2025-02-24,2025-02-24,FO,NSE,IDO,50282,,NIFTY,,2025-03-20,2025-03-20,24100.0,PE,NIFTY2532024100PE,0.0,0.0,0.0,1051.55,0.0,1051.55,22553.35,1454.7,0,0,0,0.0,0,F1,75,,,,,
2025-02-24,2025-02-24,FO,NSE,IDO,50288,,NIFTY,,2025-03-20,2025-03-20,24250.0,PE,NIFTY2532024250PE,0.0,0.0,0.0,1171.4,0.0,1171.4,22553.35,1600.0,0,0,0,0.0,0,F1,75,,,,,
2025-02-24,2025-02-24,FO,NSE,IDO,64553,,NIFTY,,2025-03-27,2025-03-27,18000.0,PE,NIFTY25MAR18000PE,4.25,4.25,2.4,2.8,2.95,3.7,22553.35,2.8,470600,104000,2632,3553785551.25,649,F1,75,,,,,
2025-02-24,2025-02-24,FO,NSE,IDO,46953,,NIFTY,,2025-03-27,2025-03-27,22050.0,PE,NIFTY25MAR22050PE,123.4,143.2,115.85,126.8,130.3,106.2,22553.35,126.8,56700,2850,361,600474270.0,194,F1,75,,,,,
2025-02-24,2025-02-24,FO,NSE,IDO,47039,,NIFTY,,2025-03-27,2025-03-27,22700.0,PE,NIFTY25MAR22700PE,313.3,356.95,302.1,328.8,331.75,273.15,22553.35,328.8,689925,306075,16686,28823803155.0,10614,F1,75,,,,,
2025-02-24,2025-02-24,FO,NSE,IDO,54820,,NIFTY,,2025-03-27,2025-03-27,24150.0,PE,NIFTY25MAR24150PE,1428.7,1428.7,1428.7,1428.7,1428.7,616.0,22553.35,1483.65,7350,0,1,1918402.5,1,F1,75,,,,,
2025-02-24,2025-02-24,FO,NSE,IDO,55061,,NIFTY,,2025-03-27,2025-03-27,24200.0,PE,NIFTY25MAR24200PE,1400.0,1485.25,1400.0,1452.3,1451.8,1252.5,22553.35,1452.3,62025,15150,535,1028987943.75,506,F1,75,,,,,
2025-02-24,2025-02-24,FO,NSE,IDO,55198,,NIFTY,,2025-03-27,2025-03-27,24300.0,PE,NIFTY25MAR24300PE,1560.0,1572.75,1510.0,1539.75,1555.0,1340.0,22553.35,1539.75,31200,0,52,100766055.0,47,F1,75,,,,,
2025-02-24,2025-02-24,FO,NSE,IDO,56569,,NIFTY,,2025-03-27,2025-03-27,24900.0,PE,NIFTY25MAR24900PE,0.0,0.0,0.0,1919.55,1919.55,1919.55,22553.35,2212.0,4425,0,0,0.0,0,F1,75,,,,,
2025-02-24,2025-02-24,FO,NSE,IDO,56877,,NIFTY,,2025-03-27,2025-03-27,25300.0,PE,NIFTY25MAR25300PE,2480.0,2545.0,2480.0,2505.0,2505.0,2205.0,22553.35,2608.0,3300,1425,19,39664983.75,19,F1,75,,,,,
2025-02-24,2025-02-24,FO,NSE,IDO,56885,,NIFTY,,2025-03-27,2025-03-27,25500.0,PE,NIFTY25MAR25500PE,2670.2,2770.55,2670.0,2722.45,2736.05,2520.25,22553.35,2722.45,159150,29550,639,1352685127.5,574,F1,75,,,,,
2025-02-24,2025-02-24,FO,NSE,IDO,64577,,NIFTY,,2025-03-27,2025-03-27,27000.0,PE,NIFTY25MAR27000PE,4150.0,4249.05,4128.95,4211.1,4216.8,3999.05,22553.35,4211.1,543800,21550,816,1909433261.25,661,F1,75,,,,,
2025-02-24,2025-02-24,FO,NSE,IDO,64593,,NIFTY,,2025-03-27,2025-03-27,31000.0,PE,NIFTY25MAR31000PE,0.0,0.0,0.0,7725.75,7725.75,7725.75,22553.35,8276.0,25425,0,0,0.0,0,F1,75,,,,,
2025-02-24,2025-02-24,FO,NSE,IDO,54537,,NIFTY,,2025-04-03,2025-04-03,21200.0,PE,NIFTY2540321200PE,0.0,0.0,0.0,28.3,0.0,28.3,22553.35,21.8,0,0,0,0.0,0,F1,75,,,,,
2025-02-24,2025-02-24,FO,NSE,IDO,54700,,NIFTY,,2025-04-03,2025-04-03,23350.0,PE,NIFTY2540323350PE,0.0,0.0,0.0,628.4,0.0,628.4,22553.35,791.5,0,0,0,0.0,0,F1,75,,,,,
2025-02-24,2025-02-24,FO,NSE,IDO,54708,,NIFTY,,2025-04-03,2025-04-03,23400.0,PE,NIFTY2540323400PE,0.0,0.0,0.0,658.0,0.0,658.0,22553.35,829.1,0,0,0,0.0,0,F1,75,,,,,
2025-02-24,2025-02-24,FO,NSE,IDO,54752,,NIFTY,,2025-04-03,2025-04-03,23600.0,PE,NIFTY2540323600PE,0.0,0.0,0.0,783.7,0.0,783.7,22553.35,986.85,0,0,0,0.0,0,F1,75,,,,,
2025-02-24,2025-02-24,FO,NSE,IDO,79236,,NIFTY,,2025-04-24,2025-04-24,21150.0,PE,NIFTY25APR21150PE,0.0,0.0,0.0,57.5,0.0,57.5,22553.35,42.9,0,0,0,0.0,0,F1,75,,,,,
2025-02-24,2025-02-24,FO,NSE,IDO,79252,,NIFTY,,2025-04-24,2025-04-24,21400.0,PE,NIFTY25APR21400PE,95.0,104.95,91.65,96.25,95.05,86.85,22553.35,96.25,173250,825,270,435312157.5,131,F1,75,,,,,
2025-02-24,2025-02-24,FO,NSE,IDO,79254,,NIFTY,,2025-04-24,2025-04-24,21450.0,PE,NIFTY25APR21450PE,0.0,0.0,0.0,85.75,0.0,85.75,22553.35,75.05,0,0,0,0.0,0,F1,75,,,,,
2025-02-24,2025-02-24,FO,NSE,IDO,79261,,NIFTY,,2025-04-24,2025-04-24,21600.0,PE,NIFTY25APR21600PE,115.0,124.0,105.6,115.3,122.1,102.75,22553.35,115.3,43725,7950,288,469072196.25,153,F1,75,,,,,
2025-02-24,2025-02-24,FO,NSE,IDO,79282,,NIFTY,,2025-04-24,2025-04-24,21950.0,PE,NIFTY25APR21950PE,150.8,150.8,150.8,150.8,150.8,150.8,22553.35,168.25,300,0,1,1657560.0,1,F1,75,,,,,
2025-02-24,2025-02-24,FO,NSE,IDO,79298,,NIFTY,,2025-04-24,2025-04-24,22150.0,PE,NIFTY25APR22150PE,0.0,0.0,0.0,192.65,192.65,192.65,22553.35,223.15,150,0,0,0.0,0,F1,75,,,,,
2025-02-24,2025-02-24,FO,NSE,IDO,79372,,NIFTY,,2025-04-24,2025-04-24,22200.0,PE,NIFTY25APR22200PE,222.7,246.45,215.5,226.5,232.15,200.6,22553.35,226.5,91275,9150,553,930249993.75,306,F1,75,,,,,
2025-02-24,2025-02-24,FO,NSE,IDO,79389,,NIFTY,,2025-04-24,2025-04-24,22400.0,PE,NIFTY25APR22400PE,289.15,304.95,272.65,287.3,292.35,250.7,22553.35,287.3,42750,3000,495,842363261.25,186,F1,75,,,,,
2025-02-24,2025-02-24,FO,NSE,IDO,79423,,NIFTY,,2025-04-24,2025-04-24,22900.0,PE,NIFTY25APR22900PE,469.0,507.15,447.3,472.45,476.85,416.45,22553.35,472.45,42675,25650,776,1360359060.0,295,F1,75,,,,,
2025-02-24,2025-02-24,FO,NSE,IDO,79528,,NIFTY,,2025-04-24,2025-04-24,23950.0,PE,NIFTY25APR23950PE,0.0,0.0,0.0,883.65,0.0,883.65,22553.35,1264.6,0,0,0,0.0,0,F1,75,,,,,
2025-02-24,2025-02-24,FO,NSE,IDO,79643,,NIFTY,,2025-04-24,2025-04-24,24550.0,PE,NIFTY25APR24550PE,0.0,0.0,0.0,1262.55,0.0,1262.55,22553.35,1787.1,0,0,0,0.0,0,F1,75,,,,,
2025-02-24,2025-02-24,FO,NSE,IDO,79728,,NIFTY,,2025-04-24,2025-04-24,25050.0,PE,NIFTY25APR25050PE,0.0,0.0,0.0,1628.4,0.0,1628.4,22553.35,2254.5,0,0,0,0.0,0,F1,75,,,,,
2025-02-24,2025-02-24,FO,NSE,IDO,50970,,NIFTY,,2025-06-26,2025-06-26,27000.0,PE,NIFTY25JUN27000PE,3690.0,3776.5,3678.85,3739.3,3745.3,3525.85,22553.35,3739.3,140350,5925,159,366520803.75,155,F1,75,,,,,
2025-02-24,2025-02-24,FO,NSE,IDO,64681,,NIFTY,,2025-09-25,2025-09-25,18000.0,PE,NIFTY25SEP18000PE,0.0,0.0,0.0,3.05,0.0,3.05,22553.35,3.0,0,0,0,0.0,0,F1,75,,,,,
2025-02-24,2025-02-24,FO,NSE,IDO,64683,,NIFTY,,2025-09-25,2025-09-25,19000.0,PE,NIFTY25SEP19000PE,0.0,0.0,0.0,8.9,0.0,8.9,22553.35,14.9,0,0,0,0.0,0,F1,75,,,,,
2025-02-24,2025-02-24,FO,NSE,IDO,55122,,NIFTY,,2025-12-24,2025-12-24,18000.0,PE,NIFTY25DEC18000PE,0.0,0.0,0.0,73.0,73.0,73.0,22553.35,8.55,2900,0,0,0.0,0,F1,75,,,,,
2025-02-24,2025-02-24,FO,NSE,IDO,37796,,NIFTY,,2025-12-24,2025-12-24,23000.0,PE,NIFTY25DEC23000PE,797.95,818.1,787.7,800.6,804.0,752.5,22553.35,800.6,808025,10750,1016,1813799805.0,753,F1,75,,,,,
2025-02-24,2025-02-24,FO,NSE,IDO,35222,,NIFTY,,2025-12-24,2025-12-24,30000.0,PE,NIFTY25DEC30000PE,0.0,0.0,0.0,4227.0,4227.0,4227.0,22553.35,5903.95,450,0,0,0.0,0,F1,75,,,,,
2025-02-24,2025-02-24,FO,NSE,IDO,71473,,NIFTY,,2026-06-25,2026-06-25,24000.0,PE,NIFTY26JUN24000PE,0.0,0.0,0.0,822.05,822.05,822.05,22553.35,1109.2,75,0,0,0.0,0,F1,75,,,,,
2025-02-24,2025-02-24,FO,NSE,IDO,58633,,NIFTY,,2026-12-31,2026-12-31,14000.0,PE,NIFTY26DEC14000PE,0.0,0.0,0.0,20.2,20.2,20.2,22553.35,0.4,1550,0,0,0.0,0,F1,75,,,,,
2025-02-24,2025-02-24,FO,NSE,IDO,58649,,NIFTY,,2026-12-31,2026-12-31,22000.0,PE,NIFTY26DEC22000PE,709.0,709.0,709.0,709.0,709.0,645.0,22553.35,709.0,900,0,1,1703175.0,1,F1,75,,,,,
2025-02-24,2025-02-24,FO,NSE,IDO,71506,,NIFTY,,2026-12-31,2026-12-31,26000.0,PE,NIFTY26DEC26000PE,0.0,0.0,0.0,1920.0,1920.0,1920.0,22553.35,1907.15,1775,0,0,0.0,0,F1,75,,,,,
2025-02-24,2025-02-24,FO,NSE,IDO,71550,,NIFTY,,2027-06-24,2027-06-24,19000.0,PE,NIFTY27JUN19000PE,0.0,0.0,0.0,201.05,201.05,201.05,22553.35,92.5,525,0,0,0.0,0,F1,75,,,,,
2025-02-24,2025-02-24,FO,NSE,IDO,89629,,NIFTY,,2029-06-28,2029-06-28,23000.0,PE,NIFTY29JUN23000PE,0.0,0.0,0.0,543.65,0.0,543.65,22553.35,501.85,0,0,0,0.0,0,F1,75,,,,,
2025-02-24,2025-02-24,FO,NSE,IDO,89633,,NIFTY,,2029-06-28,2029-06-28,25000.0,PE,NIFTY29JUN25000PE,0.0,0.0,0.0,852.5,0.0,852.5,22553.35,888.95,0,0,0,0.0,0,F1,75,,,,,
2025-02-24,2025-02-24,FO,NSE,IDO,89639,,NIFTY,,2029-06-28,2029-06-28,28000.0,PE,NIFTY29JUN28000PE,0.0,0.0,0.0,1488.1,0.0,1488.1,22553.35,1755.45,0,0,0,0.0,0,F1,75,,,,,
2025-02-24,2025-02-24,FO,NSE,IDO,89641,,NIFTY,,2029-06-28,2029-06-28,29000.0,PE,NIFTY29JUN29000PE,0.0,0.0,0.0,1746.95,0.0,1746.95,22553.35,2121.85,0,0,0,0.0,0,F1,75,,,,,
2025-02-24,2025-02-24,FO,NSE,IDO,61660,,NIFTY,,2029-12-27,2029-12-27,21000.0,PE,NIFTY29DEC21000PE,0.0,0.0,0.0,278.8,0.0,278.8,22553.35,236.55,0,0,0,0.0,0,F1,75,,,,,
2025-02-24,2025-02-24,FO,NSE,IDO,56528,,NIFTY,,2025-03-27,2025-03-27,24600.0,CE,NIFTY25MAR24600CE,12.1,13.25,9.55,9.75,9.8,14.6,22553.35,9.75,129750,-13425,4636,8557271505.0,2146,F1,75,,,,,
2025-02-24,2025-02-24,FO,NSE,IDO,51475,,NIFTY,,2025-03-27,2025-03-27,23650.0,CE,NIFTY25MAR23650CE,86.65,86.65,54.85,56.25,55.0,112.4,22553.35,56.25,102975,10500,2091,3719447298.75,1207,F1,75,,,,,
2025-02-24,2025-02-24,FO,NSE,IDO,89615,,NIFTY,,2029-06-28,2029-06-28,19000.0,PE,NIFTY29JUN19000PE,0.0,0.0,0.0,170.3,0.0,170.3,22553.35,105.6,0,0,0,0.0,0,F1,75,,,,,
2025-02-24,2025-02-24,FO,NSE,IDO,67783,,NIFTY,,2028-12-28,2028-12-28,24000.0,PE,NIFTY28DEC24000PE,0.0,0.0,0.0,914.3,914.3,914.3,22553.35,737.1,600,0,0,0.0,0,F1,75,,,,,
2025-02-24,2025-02-24,FO,NSE,IDO,53619,,NIFTY,,2027-12-30,2027-12-30,23000.0,PE,NIFTY27DEC23000PE,0.0,0.0,0.0,800.05,800.05,800.05,22553.35,623.35,1950,0,0,0.0,0,F1,75,,,,,
2025-02-24,2025-02-24,FO,NSE,IDO,79256,,NIFTY,,2025-04-24,2025-04-24,21500.0,CE,NIFTY25APR21500CE,1591.25,1591.25,1450.8,1480.8,1470.75,1670.0,22553.35,1480.8,7500,6150,129,222386028.75,85,F1,75,,,,,
2025-02-24,2025-02-24,FO,NSE,IDO,79384,,NIFTY,,2025-04-24,2025-04-24,22350.0,CE,NIFTY25APR22350CE,0.0,0.0,0.0,1510.75,0.0,1510.75,22553.35,726.65,0,0,0,0.0,0,F1,75,,,,,
2025-02-24,2025-02-24,FO,NSE,IDO,79420,,NIFTY,,2025-04-24,2025-04-24,22900.0,CE,NIFTY25APR22900CE,570.05,570.05,457.2,474.7,457.2,629.05,22553.35,474.7,48750,32700,948,1662870063.75,374,F1,75,,,,,
2025-02-24,2025-02-24,FO,NSE,IDO,79440,,NIFTY,,2025-04-24,2025-04-24,23200.0,CE,NIFTY25APR23200CE,408.2,408.2,328.15,333.4,329.85,458.2,22553.35,333.4,40500,7275,669,1182044197.5,402,F1,75,,,,,
2025-02-24,2025-02-24,FO,NSE,IDO,79488,,NIFTY,,2025-04-24,2025-04-24,23400.0,CE,NIFTY25APR23400CE,307.0,308.7,242.9,250.15,248.4,368.25,22553.35,250.15,23925,-3450,371,658600035.0,180,F1,75,,,,,
2025-02-24,2025-02-24,FO,NSE,IDO,79517,,NIFTY,,2025-04-24,2025-04-24,23900.0,CE,NIFTY25APR23900CE,150.0,152.05,111.0,114.0,113.1,184.15,22553.35,114.0,20025,1725,357,643312413.75,127,F1,75,,,,,
2025-02-24,2025-02-24,FO,NSE,IDO,79537,,NIFTY,,2025-04-24,2025-04-24,24050.0,CE,NIFTY25APR24050CE,0.0,0.0,0.0,541.45,0.0,541.45,22553.35,102.35,0,0,0,0.0,0,F1,75,,,,,
2025-02-24,2025-02-24,FO,NSE,IDO,79616,,NIFTY,,2025-04-24,2025-04-24,24250.0,CE,NIFTY25APR24250CE,0.0,0.0,0.0,467.25,0.0,467.25,22553.35,75.85,0,0,0,0.0,0,F1,75,,,,,
2025-02-24,2025-02-24,FO,NSE,IDO,79672,,NIFTY,,2025-04-24,2025-04-24,24750.0,CE,NIFTY25APR24750CE,0.0,0.0,0.0,62.95,62.95,62.95,22553.35,33.55,75,0,0,0.0,0,F1,75,,,,,
2025-02-24,2025-02-24,FO,NSE,IDO,79741,,NIFTY,,2025-04-24,2025-04-24,25350.0,CE,NIFTY25APR25350CE,22.85,22.85,22.85,22.85,22.85,56.65,22553.35,11.15,375,300,4,7611855.0,1,F1,75,,,,,
2025-02-24,2025-02-24,FO,NSE,IDO,71383,,NIFTY,,2025-06-26,2025-06-26,26000.0,CE,NIFTY25JUN26000CE,56.2,56.2,46.0,46.75,46.9,59.05,22553.35,46.75,866200,59575,3400,6642695336.25,2303,F1,75,,,,,
2025-02-24,2025-02-24,FO,NSE,IDO,49177,,NIFTY,,2025-12-24,2025-12-24,16000.0,CE,NIFTY25DEC16000CE,0.0,0.0,0.0,7200.0,7200.0,7200.0,22553.35,7394.1,50,0,0,0.0,0,F1,75,,,,,
2025-02-24,2025-02-24,FO,NSE,IDO,38152,,NIFTY,,2025-12-24,2025-12-24,29000.0,CE,NIFTY25DEC29000CE,98.85,98.85,90.4,91.7,90.4,97.1,22553.35,91.7,92925,1275,211,460405623.75,182,F1,75,,,,,
2025-02-24,2025-02-24,FO,NSE,IDO,53606,,NIFTY,,2027-12-30,2027-12-30,19000.0,PE,NIFTY27DEC19000PE,0.0,0.0,0.0,299.95,299.95,299.95,22553.35,100.9,525,0,0,0.0,0,F1,75,,,,,
2025-02-24,2025-02-24,FO,NSE,IDO,53595,,NIFTY,,2027-12-30,2027-12-30,15000.0,PE,NIFTY27DEC15000PE,0.0,0.0,0.0,43.05,43.05,43.05,22553.35,4.8,475,0,0,0.0,0,F1,75,,,,,
2025-02-24,2025-02-24,FO,NSE,IDO,54627,,NIFTY,,2025-04-03,2025-04-03,22750.0,CE,NIFTY2540322750CE,0.0,0.0,0.0,570.85,570.85,570.85,22553.35,365.45,375,0,0,0.0,0,F1,75,,,,,
2025-02-24,2025-02-24,FO,NSE,IDO,54625,,NIFTY,,2025-04-03,2025-04-03,22700.0,CE,NIFTY2540322700CE,0.0,0.0,0.0,715.35,0.0,715.35,22553.35,389.5,0,0,0,0.0,0,F1,75,,,,,
2025-02-24,2025-02-24,FO,NSE,IDO,54619,,NIFTY,,2025-04-03,2025-04-03,22550.0,CE,NIFTY2540322550CE,0.0,0.0,0.0,810.65,0.0,810.65,22553.35,467.65,0,0,0,0.0,0,F1,75,,,,,
2025-02-24,2025-02-24,FO,NSE,IDO,51459,,NIFTY,,2025-03-27,2025-03-27,23550.0,CE,NIFTY25MAR23550CE,112.85,112.85,68.95,71.15,68.95,138.3,22553.35,71.15,49275,3675,2337,4142467035.0,1488,F1,75,,,,,
2025-02-24,2025-02-24,FO,NSE,IDO,46984,,NIFTY,,2025-03-27,2025-03-27,22250.0,CE,NIFTY25MAR22250CE,664.0,685.35,647.0,667.1,662.5,862.85,22553.35,667.1,7950,7350,125,214861905.0,125,F1,75,,,,,
2025-02-24,2025-02-24,FO,NSE,IDO,64556,,NIFTY,,2025-03-27,2025-03-27,20000.0,CE,NIFTY25MAR20000CE,2810.05,2810.05,2688.7,2723.95,2714.35,2941.1,22553.35,2723.95,521325,49825,1457,2482296510.0,1142,F1,75,,,,,
2025-02-24,2025-02-24,FO,NSE,IDO,50289,,NIFTY,,2025-03-20,2025-03-20,24300.0,CE,NIFTY2532024300CE,9.9,9.9,9.9,9.9,9.9,110.8,22553.35,9.9,75,75,1,1823242.5,1,F1,75,,,,,
2025-02-24,2025-02-24,FO,NSE,IDO,50251,,NIFTY,,2025-03-20,2025-03-20,23650.0,CE,NIFTY2532023650CE,0.0,0.0,0.0,143.8,143.8,143.8,22553.35,38.45,675,0,0,0.0,0,F1,75,,,,,
2025-02-24,2025-02-24,FO,NSE,IDO,50245,,NIFTY,,2025-03-20,2025-03-20,23550.0,CE,NIFTY2532023550CE,0.0,0.0,0.0,305.45,0.0,305.45,22553.35,49.5,0,0,0,0.0,0,F1,75,,,,,
2025-02-24,2025-02-24,FO,NSE,IDO,50237,,NIFTY,,2025-03-20,2025-03-20,23350.0,CE,NIFTY2532023350CE,0.0,0.0,0.0,385.35,0.0,385.35,22553.35,79.6,0,0,0,0.0,0,F1,75,,,,,
2025-02-24,2025-02-24,FO,NSE,IDO,50229,,NIFTY,,2025-03-20,2025-03-20,23150.0,CE,NIFTY2532023150CE,0.0,0.0,0.0,478.75,0.0,478.75,22553.35,122.9,0,0,0,0.0,0,F1,75,,,,,
2025-02-24,2025-02-24,FO,NSE,IDO,50223,,NIFTY,,2025-03-20,2025-03-20,23000.0,CE,NIFTY2532023000CE,254.7,254.7,173.55,183.05,180.5,302.55,22553.35,183.05,34575,12675,536,932581350.0,343,F1,75,,,,,
2025-02-24,2025-02-24,FO,NSE,IDO,50219,,NIFTY,,2025-03-20,2025-03-20,22900.0,CE,NIFTY2532022900CE,323.1,323.1,210.85,219.4,215.05,349.25,22553.35,219.4,3075,375,60,104163896.25,37,F1,75,,,,,
2025-02-24,2025-02-24,FO,NSE,IDO,50181,,NIFTY,,2025-03-20,2025-03-20,22400.0,CE,NIFTY2532022400CE,0.0,0.0,0.0,948.35,0.0,948.35,22553.35,445.75,0,0,0,0.0,0,F1,75,,,,,
2025-02-24,2025-02-24,FO,NSE,IDO,45619,,NIFTY,,2025-03-13,2025-03-13,24800.0,CE,NIFTY2531324800CE,3.05,3.45,3.0,3.05,3.0,4.0,22553.35,3.05,6225,-225,68,126496001.25,16,F1,75,,,,,
2025-02-24,2025-02-24,FO,NSE,IDO,45544,,NIFTY,,2025-03-13,2025-03-13,23850.0,CE,NIFTY2531323850CE,19.15,19.15,8.85,9.25,9.35,24.85,22553.35,9.25,4800,375,114,204012536.25,33,F1,75,,,,,
2025-02-24,2025-02-24,FO,NSE,IDO,45480,,NIFTY,,2025-03-13,2025-03-13,22800.0,CE,NIFTY2531322800CE,292.7,292.7,198.1,203.5,200.4,344.55,22553.35,203.5,62025,31200,2389,4124832708.75,1722,F1,75,,,,,
2025-02-24,2025-02-24,FO,NSE,IDO,45419,,NIFTY,,2025-03-13,2025-03-13,21600.0,CE,NIFTY2531321600CE,0.0,0.0,0.0,1326.9,1326.9,1326.9,22553.35,1033.05,75,0,0,0.0,0,F1,75,,,,,
2025-02-24,2025-02-24,FO,NSE,IDO,68633,,NIFTY,,2025-03-06,2025-03-06,24800.0,CE,NIFTY2530624800CE,2.0,2.5,2.0,2.15,2.05,2.05,22553.35,2.15,25050,-4275,695,1292813568.75,291,F1,75,,,,,
2025-02-24,2025-02-24,FO,NSE,IDO,68598,,NIFTY,,2025-03-06,2025-03-06,24100.0,CE,NIFTY2530624100CE,4.4,4.4,3.0,3.4,3.5,4.85,22553.35,3.4,161100,5925,6026,10893520526.25,3776,F1,75,,,,,
2025-02-24,2025-02-24,FO,NSE,IDO,68480,,NIFTY,,2025-03-06,2025-03-06,23300.0,CE,NIFTY2530623300CE,44.9,50.0,18.7,19.5,19.0,67.45,22553.35,19.5,509925,226125,50747,88781985821.25,30684,F1,75,,,,,
2025-02-24,2025-02-24,FO,NSE,IDO,57702,,NIFTY,,2025-02-27,2025-02-27,26300.0,CE,NIFTY25FEB26300CE,0.75,1.75,0.7,0.95,1.0,0.85,22553.35,0.95,593700,-66825,38799,76533581178.75,5911,F1,75,,,,,
2025-02-24,2025-02-24,FO,NSE,IDO,57687,,NIFTY,,2025-02-27,2025-02-27,26100.0,CE,NIFTY25FEB26100CE,0.8,1.6,0.65,0.95,0.8,0.8,22553.35,0.95,116550,18975,11450,22414152153.75,3128,F1,75,,,,,
2025-02-24,2025-02-24,FO,NSE,IDO,57663,,NIFTY,,2025-02-27,2025-02-27,25500.0,CE,NIFTY25FEB25500CE,0.85,1.1,0.7,1.0,1.0,0.85,22553.35,1.0,2002950,227175,102210,195483414930.0,19885,F1,75,,,,,
2025-02-24,2025-02-24,FO,NSE,IDO,57637,,NIFTY,,2025-02-27,2025-02-27,24900.0,CE,NIFTY25FEB24900CE,0.95,1.95,0.7,1.2,1.2,0.95,22553.35,1.2,1158375,910725,66177,123591137688.75,13277,F1,75,,,,,
2025-02-24,2025-02-24,FO,NSE,IDO,57629,,NIFTY,,2025-02-27,2025-02-27,24700.0,CE,NIFTY25FEB24700CE,0.9,2.0,0.9,1.05,1.05,1.0,22553.35,1.05,667800,90825,71072,131666810583.75,13265,F1,75,,,,,
2025-02-24,2025-02-24,FO,NSE,IDO,57617,,NIFTY,,2025-02-27,2025-02-27,24400.0,CE,NIFTY25FEB24400CE,1.15,2.55,1.0,1.15,1.3,1.1,22553.35,1.15,1142175,268275,63636,116459760997.5,13690,F1,75,,,,,
2025-02-24,2025-02-24,FO,NSE,IDO,57609,,NIFTY,,2025-02-27,2025-02-27,24200.0,CE,NIFTY25FEB24200CE,1.15,4.55,0.95,1.25,1.2,1.25,22553.35,1.25,1714950,-501225,121590,220698221460.0,26114,F1,75,,,,,
2025-02-24,2025-02-24,FO,NSE,IDO,58644,,NIFTY,,2026-12-31,2026-12-31,20000.0,CE,NIFTY26DEC20000CE,0.0,0.0,0.0,3704.3,0.0,3704.3,22553.35,4973.3,0,0,0,0.0,0,F1,75,,,,,
2025-02-24,2025-02-24,FO,NSE,IDO,53613,,NIFTY,,2027-12-30,2027-12-30,21000.0,CE,NIFTY27DEC21000CE,0.0,0.0,0.0,4902.4,0.0,4902.4,22553.35,5380.65,0,0,0,0.0,0,F1,75,,,,,
2025-02-24,2025-02-24,FO,NSE,IDO,86141,,NIFTY,,2028-06-29,2028-06-29,19000.0,CE,NIFTY28JUN19000CE,0.0,0.0,0.0,6252.25,0.0,6252.25,22553.35,7371.4,0,0,0,0.0,0,F1,75,,,,,
2025-02-24,2025-02-24,FO,NSE,IDO,67786,,NIFTY,,2028-12-28,2028-12-28,26000.0,CE,NIFTY28DEC26000CE,0.0,0.0,0.0,4879.7,0.0,4879.7,22553.35,3557.25,0,0,0,0.0,0,F1,75,,,,,
2025-02-24,2025-02-24,FO,NSE,IDO,89616,,NIFTY,,2029-06-28,2029-06-28,20000.0,CE,NIFTY29JUN20000CE,0.0,0.0,0.0,10410.0,0.0,10410.0,22553.35,7638.05,0,0,0,0.0,0,F1,75,,,,,
2025-02-24,2025-02-24,FO,NSE,IDO,89638,,NIFTY,,2029-06-28,2029-06-28,28000.0,CE,NIFTY29JUN28000CE,0.0,0.0,0.0,6112.6,0.0,6112.6,22553.35,3194.65,0,0,0,0.0,0,F1,75,,,,,
2025-02-24,2025-02-24,FO,NSE,IDO,55574,,NIFTY,,2025-02-27,2025-02-27,21450.0,PE,NIFTY25FEB21450PE,2.0,2.65,1.15,1.45,1.6,1.65,22553.35,1.45,311175,136575,71779,115484517701.25,17859,F1,75,,,,,
2025-02-24,2025-02-24,FO,NSE,IDO,55602,,NIFTY,,2025-02-27,2025-02-27,22050.0,PE,NIFTY25FEB22050PE,8.65,11.55,5.5,6.05,5.85,5.75,22553.35,6.05,1145775,249900,271379,448955776001.25,83447,F1,75,,,,,
2025-02-24,2025-02-24,FO,NSE,IDO,55628,,NIFTY,,2025-02-27,2025-02-27,22700.0,PE,NIFTY25FEB22700PE,135.55,186.0,121.25,144.45,150.45,91.55,22553.35,144.45,3184650,-857175,1102963,1890608091341.25,661928,F1,75,,,,,
2025-02-24,2025-02-24,FO,NSE,IDO,55648,,NIFTY,,2025-02-27,2025-02-27,23200.0,PE,NIFTY25FEB23200PE,500.0,631.7,495.0,590.4,596.35,402.5,22553.35,590.4,1606050,-231600,11402,20330825283.75,6884,F1,75,,,,,
2025-02-24,2025-02-24,FO,NSE,IDO,57586,,NIFTY,,2025-02-27,2025-02-27,23600.0,PE,NIFTY25FEB23600PE,882.75,1031.45,882.75,976.8,997.95,777.9,22553.35,976.8,929775,-27225,909,1675160576.25,599,F1,75,,,,,
2025-02-24,2025-02-24,FO,NSE,IDO,57600,,NIFTY,,2025-02-27,2025-02-27,23950.0,PE,NIFTY25FEB23950PE,1315.0,1315.0,1315.0,1315.0,1315.0,1120.4,22553.35,1383.85,16800,-75,1,1894875.0,1,F1,75,,,,,
2025-02-24,2025-02-24,FO,NSE,IDO,57632,,NIFTY,,2025-02-27,2025-02-27,24750.0,PE,NIFTY25FEB24750PE,0.0,0.0,0.0,1870.3,1870.3,1870.3,22553.35,2183.45,6900,0,0,0.0,0,F1,75,,,,,
2025-02-24,2025-02-24,FO,NSE,IDO,57672,,NIFTY,,2025-02-27,2025-02-27,25700.0,PE,NIFTY25FEB25700PE,3015.0,3100.0,3015.0,3077.6,3080.0,2901.55,22553.35,3077.6,16950,-6075,112,241716997.5,55,F1,75,,,,,
2025-02-24,2025-02-24,FO,NSE,IDO,68377,,NIFTY,,2025-03-06,2025-03-06,21150.0,PE,NIFTY2530621150PE,4.35,4.8,3.1,4.0,3.95,3.45,22553.35,4.0,24150,15375,1651,2619363997.5,942,F1,75,,,,,
2025-02-24,2025-02-24,FO,NSE,IDO,68387,,NIFTY,,2025-03-06,2025-03-06,21300.0,PE,NIFTY2530621300PE,5.05,5.8,4.3,5.05,5.4,4.3,22553.35,5.05,264450,181125,9839,15721490640.0,4586,F1,75,,,,,
2025-02-24,2025-02-24,FO,NSE,IDO,68449,,NIFTY,,2025-03-06,2025-03-06,22550.0,PE,NIFTY2530622550PE,141.25,178.1,136.05,148.5,150.05,109.1,22553.35,148.5,131550,57525,20413,34763936343.75,14046,F1,75,,,,,
2025-02-24,2025-02-24,FO,NSE,IDO,68471,,NIFTY,,2025-03-06,2025-03-06,23050.0,PE,NIFTY2530623050PE,404.45,478.95,401.05,442.1,445.8,322.25,22553.35,442.1,18000,-13125,487,857905012.5,332,F1,75,,,,,
2025-02-24,2025-02-24,FO,NSE,IDO,68621,,NIFTY,,2025-03-06,2025-03-06,24550.0,PE,NIFTY2530624550PE,1880.0,1880.0,1880.0,1880.0,1880.0,1675.3,22553.35,1953.0,525,0,1,1982250.0,1,F1,75,,,,,
2025-02-24,2025-02-24,FO,NSE,IDO,45417,,NIFTY,,2025-03-13,2025-03-13,21550.0,PE,NIFTY2531321550PE,0.0,0.0,0.0,10.85,0.0,10.85,22553.35,11.85,0,0,0,0.0,0,F1,75,,,,,
2025-02-24,2025-02-24,FO,NSE,IDO,45441,,NIFTY,,2025-03-13,2025-03-13,22000.0,PE,NIFTY2531322000PE,69.95,78.0,58.45,63.65,63.7,50.35,22553.35,63.65,121575,81075,3676,6083802731.25,2131,F1,75,,,,,
2025-02-24,2025-02-24,FO,NSE,IDO,54596,,NIFTY,,2025-04-03,2025-04-03,22450.0,CE,NIFTY2540322450CE,0.0,0.0,0.0,877.9,0.0,877.9,22553.35,524.85,0,0,0,0.0,0,F1,75,,,,,
2025-02-24,2025-02-24,FO,NSE,IDO,54560,,NIFTY,,2025-04-03,2025-04-03,21550.0,CE,NIFTY2540321550CE,0.0,0.0,0.0,1596.55,0.0,1596.55,22553.35,1199.75,0,0,0,0.0,0,F1,75,,,,,
2025-02-24,2025-02-24,FO,NSE,IDO,54534,,NIFTY,,2025-04-03,2025-04-03,21150.0,CE,NIFTY2540321150CE,0.0,0.0,0.0,1962.65,0.0,1962.65,22553.35,1565.1,0,0,0,0.0,0,F1,75,,,,,
2025-02-24,2025-02-24,FO,NSE,IDO,56568,,NIFTY,,2025-03-27,2025-03-27,24900.0,CE,NIFTY25MAR24900CE,9.0,10.25,8.2,8.4,8.2,10.3,22553.35,8.4,87225,-22200,825,1541234377.5,349,F1,75,,,,,
2025-02-24,2025-02-24,FO,NSE,IDO,45461,,NIFTY,,2025-03-13,2025-03-13,22350.0,PE,NIFTY2531322350PE,134.7,167.35,128.0,138.1,139.05,103.25,22553.35,138.1,13050,12600,279,470678497.5,220,F1,75,,,,,
2025-02-24,2025-02-24,FO,NSE,IDO,45473,,NIFTY,,2025-03-13,2025-03-13,22600.0,PE,NIFTY2531322600PE,204.7,251.75,204.7,222.0,226.05,170.85,22553.35,222.0,148725,138150,6238,10681881442.5,4004,F1,75,,,,,
2025-02-24,2025-02-24,FO,NSE,IDO,45487,,NIFTY,,2025-03-13,2025-03-13,22950.0,PE,NIFTY2531322950PE,432.25,432.65,380.75,399.9,403.3,312.6,22553.35,399.9,7950,6525,145,254063906.25,135,F1,75,,,,,
2025-02-24,2025-02-24,FO,NSE,IDO,45522,,NIFTY,,2025-03-13,2025-03-13,23350.0,PE,NIFTY2531323350PE,0.0,0.0,0.0,546.55,546.55,546.55,22553.35,770.95,75,0,0,0.0,0,F1,75,,,,,
2025-02-24,2025-02-24,FO,NSE,IDO,45641,,NIFTY,,2025-03-13,2025-03-13,25000.0,PE,NIFTY2531325000PE,0.0,0.0,0.0,2078.1,2078.1,2078.1,22553.35,2371.1,75,0,0,0.0,0,F1,75,,,,,
2025-02-24,2025-02-24,FO,NSE,IDO,45649,,NIFTY,,2025-03-13,2025-03-13,25200.0,PE,NIFTY2531325200PE,0.0,0.0,0.0,2279.35,2279.35,2279.35,22553.35,2570.5,75,0,0,0.0,0,F1,75,,,,,
2025-02-24,2025-02-24,FO,NSE,IDO,50096,,NIFTY,,2025-03-20,2025-03-20,21100.0,PE,NIFTY2532021100PE,0.0,0.0,0.0,12.45,0.0,12.45,22553.35,5.1,0,0,0,0.0,0,F1,75,,,,,
2025-02-24,2025-02-24,FO,NSE,IDO,50102,,NIFTY,,2025-03-20,2025-03-20,21150.0,PE,NIFTY2532021150PE,0.0,0.0,0.0,14.05,0.0,14.05,22553.35,6.2,0,0,0,0.0,0,F1,75,,,,,
2025-02-24,2025-02-24,FO,NSE,IDO,50104,,NIFTY,,2025-03-20,2025-03-20,21200.0,PE,NIFTY2532021200PE,21.0,25.55,16.35,18.8,18.35,17.4,22553.35,18.8,9150,5400,178,283294923.75,62,F1,75,,,,,
2025-02-24,2025-02-24,FO,NSE,IDO,50182,,NIFTY,,2025-03-20,2025-03-20,22400.0,PE,NIFTY2532022400PE,184.25,204.25,176.55,187.7,185.2,163.0,22553.35,187.7,2025,1725,93,157564957.5,38,F1,75,,,,,
2025-02-24,2025-02-24,FO,NSE,IDO,50216,,NIFTY,,2025-03-20,2025-03-20,22800.0,PE,NIFTY2532022800PE,325.0,375.0,316.6,346.95,347.0,280.75,22553.35,346.95,3450,-150,71,123276052.5,49,F1,75,,,,,
2025-02-24,2025-02-24,FO,NSE,IDO,50269,,NIFTY,,2025-03-20,2025-03-20,23900.0,PE,NIFTY2532023900PE,0.0,0.0,0.0,900.05,0.0,900.05,22553.35,1264.25,0,0,0,0.0,0,F1,75,,,,,
2025-02-24,2025-02-24,FO,NSE,IDO,50284,,NIFTY,,2025-03-20,2025-03-20,24150.0,PE,NIFTY2532024150PE,0.0,0.0,0.0,1090.95,0.0,1090.95,22553.35,1502.9,0,0,0,0.0,0,F1,75,,,,,
2025-02-24,2025-02-24,FO,NSE,IDO,50302,,NIFTY,,2025-03-20,2025-03-20,24450.0,PE,NIFTY2532024450PE,0.0,0.0,0.0,1338.55,0.0,1338.55,22553.35,1795.85,0,0,0,0.0,0,F1,75,,,,,
2025-02-24,2025-02-24,FO,NSE,IDO,50326,,NIFTY,,2025-03-20,2025-03-20,24800.0,PE,NIFTY2532024800PE,0.0,0.0,0.0,1647.65,0.0,1647.65,22553.35,2141.85,0,0,0,0.0,0,F1,75,,,,,
2025-02-24,2025-02-24,FO,NSE,IDO,46841,,NIFTY,,2025-03-27,2025-03-27,21150.0,PE,NIFTY25MAR21150PE,33.15,33.25,26.0,28.8,30.25,26.95,22553.35,28.8,23700,12225,439,697319996.25,204,F1,75,,,,,
2025-02-24,2025-02-24,FO,NSE,IDO,57607,,NIFTY,,2025-02-27,2025-02-27,24150.0,CE,NIFTY25FEB24150CE,1.2,1.7,1.15,1.4,1.45,1.3,22553.35,1.4,445950,52950,48664,88147875157.5,13492,F1,75,,,,,
2025-02-24,2025-02-24,FO,NSE,IDO,57595,,NIFTY,,2025-02-27,2025-02-27,23850.0,CE,NIFTY25FEB23850CE,1.35,2.1,1.35,1.6,2.05,1.85,22553.35,1.6,744000,-183000,93684,167589679923.75,24275,F1,75,,,,,
2025-02-24,2025-02-24,FO,NSE,IDO,56737,,NIFTY,,2025-02-27,2025-02-27,23450.0,CE,NIFTY25FEB23450CE,3.9,5.5,2.25,2.5,2.6,6.65,22553.35,2.5,1868550,-334575,292843,515104787362.5,78343,F1,75,,,,,
2025-02-24,2025-02-24,FO,NSE,IDO,55635,,NIFTY,,2025-02-27,2025-02-27,22900.0,CE,NIFTY25FEB22900CE,55.0,63.15,16.25,18.05,17.2,105.25,22553.35,18.05,8449425,2792550,1320587,2270961953088.75,494486,F1,75,,,,,
2025-02-24,2025-02-24,FO,NSE,IDO,55591,,NIFTY,,2025-02-27,2025-02-27,21800.0,CE,NIFTY25FEB21800CE,860.0,871.5,783.35,811.0,805.0,1006.6,22553.35,811.0,5850,1575,138,234161516.25,93,F1,75,,,,,
2025-02-24,2025-02-24,FO,NSE,IDO,55587,,NIFTY,,2025-02-27,2025-02-27,21700.0,CE,NIFTY25FEB21700CE,933.3,971.55,880.0,944.05,944.05,1084.0,22553.35,865.0,1425,150,33,55998146.25,26,F1,75,,,,,
2025-02-24,2025-02-24,FO,NSE,IDO,55573,,NIFTY,,2025-02-27,2025-02-27,21450.0,CE,NIFTY25FEB21450CE,1187.45,1187.45,1131.45,1131.45,1131.45,1547.2,22553.35,1114.8,600,0,2,3391417.5,2,F1,75,,,,,
2025-02-24,2025-02-24,FO,NSE,IDO,55565,,NIFTY,,2025-02-27,2025-02-27,21250.0,CE,NIFTY25FEB21250CE,1350.0,1350.0,1350.0,1350.0,1350.0,1768.5,22553.35,1314.7,75,-150,2,3390000.0,2,F1,75,,,,,
2025-02-24,2025-02-24,FO,NSE,IDO,54719,,NIFTY,,2025-03-27,2025-03-27,23850.0,CE,NIFTY25MAR23850CE,59.95,60.0,33.65,34.45,34.1,70.7,22553.35,34.45,44400,9300,865,1549988081.25,373,F1,75,,,,,
2025-02-24,2025-02-24,FO,NSE,IDO,54727,,NIFTY,,2025-03-27,2025-03-27,24100.0,CE,NIFTY25MAR24100CE,33.95,34.3,18.6,19.35,19.95,40.2,22553.35,19.35,332775,105300,11756,21270298185.0,5837,F1,75,,,,,
2025-02-24,2025-02-24,FO,NSE,IDO,46882,,NIFTY,,2025-03-27,2025-03-27,21500.0,PE,NIFTY25MAR21500PE,60.0,60.25,46.35,51.55,53.35,46.35,22553.35,51.55,2260050,301350,33171,53618862633.75,14676,F1,75,,,,,
2025-02-24,2025-02-24,FO,NSE,IDO,46996,,NIFTY,,2025-03-27,2025-03-27,22450.0,PE,NIFTY25MAR22450PE,238.45,256.05,217.95,233.3,236.8,191.05,22553.35,233.3,33675,4200,1120,1905755808.75,885,F1,75,,,,,
2025-02-24,2025-02-24,FO,NSE,IDO,49835,,NIFTY,,2025-03-27,2025-03-27,23250.0,PE,NIFTY25MAR23250PE,607.05,657.95,604.05,645.0,645.0,530.0,22553.35,645.0,18825,600,35,62688960.0,31,F1,75,,,,,
2025-02-24,2025-02-24,FO,NSE,IDO,54720,,NIFTY,,2025-03-27,2025-03-27,23850.0,PE,NIFTY25MAR23850PE,0.0,0.0,0.0,945.0,945.0,945.0,22553.35,1206.25,6675,0,0,0.0,0,F1,75,,,,,
2025-02-24,2025-02-24,FO,NSE,IDO,55340,,NIFTY,,2025-03-27,2025-03-27,24400.0,PE,NIFTY25MAR24400PE,1608.0,1660.0,1597.3,1640.5,1641.9,1469.2,22553.35,1640.5,22875,825,236,460915196.25,225,F1,75,,,,,
2025-02-24,2025-02-24,FO,NSE,IDO,56873,,NIFTY,,2025-03-27,2025-03-27,25200.0,PE,NIFTY25MAR25200PE,2380.0,2450.05,2380.0,2430.25,2430.25,2219.0,22553.35,2430.25,2100,1200,16,33153401.25,12,F1,75,,,,,
2025-02-24,2025-02-24,FO,NSE,IDO,56891,,NIFTY,,2025-03-27,2025-03-27,25650.0,PE,NIFTY25MAR25650PE,0.0,0.0,0.0,1709.8,0.0,1709.8,22553.35,2955.65,0,0,0,0.0,0,F1,75,,,,,
2025-02-24,2025-02-24,FO,NSE,IDO,56895,,NIFTY,,2025-03-27,2025-03-27,25750.0,PE,NIFTY25MAR25750PE,0.0,0.0,0.0,1786.85,0.0,1786.85,22553.35,3055.0,0,0,0,0.0,0,F1,75,,,,,
2025-02-24,2025-02-24,FO,NSE,IDO,58794,,NIFTY,,2025-03-27,2025-03-27,25900.0,PE,NIFTY25MAR25900PE,3052.95,3140.0,3052.95,3113.85,3122.0,2470.6,22553.35,3113.85,2625,2250,31,67451565.0,28,F1,75,,,,,
2025-02-24,2025-02-24,FO,NSE,IDO,54569,,NIFTY,,2025-04-03,2025-04-03,21750.0,PE,NIFTY2540321750PE,0.0,0.0,0.0,79.95,0.0,79.95,22553.35,78.6,0,0,0,0.0,0,F1,75,,,,,
2025-02-24,2025-02-24,FO,NSE,IDO,54577,,NIFTY,,2025-04-03,2025-04-03,21950.0,PE,NIFTY2540321950PE,0.0,0.0,0.0,111.25,0.0,111.25,22553.35,116.65,0,0,0,0.0,0,F1,75,,,,,
2025-02-24,2025-02-24,FO,NSE,IDO,54639,,NIFTY,,2025-04-03,2025-04-03,22950.0,PE,NIFTY2540322950PE,0.0,0.0,0.0,420.05,0.0,420.05,22553.35,521.25,0,0,0,0.0,0,F1,75,,,,,
2025-02-24,2025-02-24,FO,NSE,IDO,54840,,NIFTY,,2025-04-03,2025-04-03,24150.0,PE,NIFTY2540324150PE,0.0,0.0,0.0,1185.2,0.0,1185.2,22553.35,1467.65,0,0,0,0.0,0,F1,75,,,,,
2025-02-24,2025-02-24,FO,NSE,IDO,54842,,NIFTY,,2025-04-03,2025-04-03,24200.0,PE,NIFTY2540324200PE,0.0,0.0,0.0,1225.25,0.0,1225.25,22553.35,1513.85,0,0,0,0.0,0,F1,75,,,,,
2025-02-24,2025-02-24,FO,NSE,IDO,54853,,NIFTY,,2025-04-03,2025-04-03,24400.0,PE,NIFTY2540324400PE,0.0,0.0,0.0,1390.2,0.0,1390.2,22553.35,1701.6,0,0,0,0.0,0,F1,75,,,,,
2025-02-24,2025-02-24,FO,NSE,IDO,79246,,NIFTY,,2025-04-24,2025-04-24,21250.0,PE,NIFTY25APR21250PE,0.0,0.0,0.0,65.9,0.0,65.9,22553.35,52.05,0,0,0,0.0,0,F1,75,,,,,
2025-02-24,2025-02-24,FO,NSE,IDO,79439,,NIFTY,,2025-04-24,2025-04-24,23150.0,PE,NIFTY25APR23150PE,0.0,0.0,0.0,512.95,512.95,512.95,22553.35,682.95,75,0,0,0.0,0,F1,75,,,,,
2025-02-24,2025-02-24,FO,NSE,IDO,79546,,NIFTY,,2025-04-24,2025-04-24,24050.0,PE,NIFTY25APR24050PE,0.0,0.0,0.0,1065.95,1065.95,1065.95,22553.35,1347.65,1050,0,0,0.0,0,F1,75,,,,,
2025-02-24,2025-02-24,FO,NSE,IDO,79689,,NIFTY,,2025-04-24,2025-04-24,24900.0,PE,NIFTY25APR24900PE,2010.0,2010.0,2010.0,2010.0,2010.0,1695.0,22553.35,2112.2,1650,-675,9,18164250.0,2,F1,75,,,,,
2025-02-24,2025-02-24,FO,NSE,IDO,79745,,NIFTY,,2025-04-24,2025-04-24,25350.0,PE,NIFTY25APR25350PE,0.0,0.0,0.0,1866.1,0.0,1866.1,22553.35,2542.85,0,0,0,0.0,0,F1,75,,,,,
2025-02-24,2025-02-24,FO,NSE,IDO,58619,,NIFTY,,2025-06-26,2025-06-26,22000.0,PE,NIFTY25JUN22000PE,307.0,325.95,297.3,314.05,316.0,280.95,22553.35,314.05,1125025,59775,3813,6381716748.75,2895,F1,75,,,,,
2025-02-24,2025-02-24,FO,NSE,IDO,45874,,NIFTY,,2025-12-24,2025-12-24,17000.0,PE,NIFTY25DEC17000PE,0.0,0.0,0.0,39.05,39.05,39.05,22553.35,1.9,3750,0,0,0.0,0,F1,75,,,,,
2025-02-24,2025-02-24,FO,NSE,IDO,39988,,NIFTY,,2025-12-24,2025-12-24,19000.0,PE,NIFTY25DEC19000PE,0.0,0.0,0.0,102.0,102.0,102.0,22553.35,30.0,9425,0,0,0.0,0,F1,75,,,,,
2025-02-24,2025-02-24,FO,NSE,IDO,51452,,NIFTY,,2025-12-24,2025-12-24,21000.0,PE,NIFTY25DEC21000PE,324.95,332.0,317.5,327.85,329.4,306.85,22553.35,327.85,247350,4425,524,838128315.0,378,F1,75,,,,,
2025-02-24,2025-02-24,FO,NSE,IDO,50448,,NIFTY,,2026-06-25,2026-06-25,15000.0,PE,NIFTY26JUN15000PE,0.0,0.0,0.0,20.2,20.2,20.2,22553.35,0.45,1000,0,0,0.0,0,F1,75,,,,,
2025-02-24,2025-02-24,FO,NSE,IDO,71477,,NIFTY,,2026-06-25,2026-06-25,26000.0,PE,NIFTY26JUN26000PE,0.0,0.0,0.0,6709.2,0.0,6709.2,22553.35,2157.35,0,0,0,0.0,0,F1,75,,,,,
2025-02-24,2025-02-24,FO,NSE,IDO,58629,,NIFTY,,2026-12-31,2026-12-31,12000.0,PE,NIFTY26DEC12000PE,0.0,0.0,0.0,20.05,20.05,20.05,22553.35,0.05,1025,0,0,0.0,0,F1,75,,,,,
2025-02-24,2025-02-24,FO,NSE,IDO,58631,,NIFTY,,2026-12-31,2026-12-31,13000.0,PE,NIFTY26DEC13000PE,0.0,0.0,0.0,20.05,20.05,20.05,22553.35,0.05,2025,0,0,0.0,0,F1,75,,,,,
2025-02-24,2025-02-24,FO,NSE,IDO,71502,,NIFTY,,2026-12-31,2026-12-31,24000.0,PE,NIFTY26DEC24000PE,1275.0,1275.0,1265.0,1265.0,1265.0,1177.0,22553.35,1265.0,9150,0,2,3790500.0,2,F1,75,,,,,
2025-02-24,2025-02-24,FO,NSE,IDO,71548,,NIFTY,,2027-06-24,2027-06-24,18000.0,PE,NIFTY27JUN18000PE,0.0,0.0,0.0,48.55,48.55,48.55,22553.35,46.8,25,0,0,0.0,0,F1,75,,,,,
2025-02-24,2025-02-24,FO,NSE,IDO,50984,,NIFTY,,2027-06-24,2027-06-24,27000.0,PE,NIFTY27JUN27000PE,0.0,0.0,0.0,6273.45,0.0,6273.45,22553.35,2195.7,0,0,0,0.0,0,F1,75,,,,,
2025-02-24,2025-02-24,FO,NSE,IDO,56544,,NIFTY,,2025-03-27,2025-03-27,24750.0,CE,NIFTY25MAR24750CE,12.1,12.1,8.7,8.7,8.7,12.2,22553.35,8.7,31950,-525,394,731646221.25,178,F1,75,,,,,
2025-02-24,2025-02-24,FO,NSE,IDO,55611,,NIFTY,,2025-02-27,2025-02-27,22300.0,CE,NIFTY25FEB22300CE,400.05,434.95,303.0,335.0,326.6,535.7,22553.35,335.0,169050,97425,37412,63542632020.0,23541,F1,75,,,,,
2025-02-24,2025-02-24,FO,NSE,IDO,55595,,NIFTY,,2025-02-27,2025-02-27,21900.0,CE,NIFTY25FEB21900CE,754.95,770.9,680.0,718.7,713.2,929.75,22553.35,718.7,2625,-75,71,120509887.5,67,F1,75,,,,,
2025-02-24,2025-02-24,FO,NSE,IDO,55605,,NIFTY,,2025-02-27,2025-02-27,22150.0,CE,NIFTY25FEB22150CE,578.35,578.35,438.6,471.9,465.15,683.65,22553.35,471.9,13725,10650,1206,2047360233.75,734,F1,75,,,,,
2025-02-24,2025-02-24,FO,NSE,IDO,56739,,NIFTY,,2025-02-27,2025-02-27,23500.0,CE,NIFTY25FEB23500CE,3.1,4.2,2.1,2.3,2.2,5.3,22553.35,2.3,10776975,829050,825560,1455219845662.5,177620,F1,75,,,,,
2025-02-24,2025-02-24,FO,NSE,IDO,57631,,NIFTY,,2025-02-27,2025-02-27,24750.0,CE,NIFTY25FEB24750CE,1.0,1.45,0.9,1.05,0.95,0.95,22553.35,1.05,335100,-35550,30486,56592038966.25,5806,F1,75,,,,,
2025-02-24,2025-02-24,FO,NSE,IDO,57645,,NIFTY,,2025-02-27,2025-02-27,25050.0,CE,NIFTY25FEB25050CE,0.85,1.6,0.8,1.0,0.8,0.9,22553.35,1.0,328575,3450,26307,49426216102.5,4687,F1,75,,,,,
2025-02-24,2025-02-24,FO,NSE,IDO,57667,,NIFTY,,2025-02-27,2025-02-27,25600.0,CE,NIFTY25FEB25600CE,0.85,2.45,0.7,0.95,0.75,0.9,22553.35,0.95,108750,-29100,15196,29177329113.75,4167,F1,75,,,,,
2025-02-24,2025-02-24,FO,NSE,IDO,57681,,NIFTY,,2025-02-27,2025-02-27,25950.0,CE,NIFTY25FEB25950CE,0.8,1.4,0.7,0.9,0.7,0.9,22553.35,0.9,36225,750,5970,11619501585.0,1510,F1,75,,,,,
2025-02-24,2025-02-24,FO,NSE,IDO,68411,,NIFTY,,2025-03-06,2025-03-06,21850.0,CE,NIFTY2530621850CE,0.0,0.0,0.0,1031.6,1031.6,1031.6,22553.35,755.95,525,0,0,0.0,0,F1,75,,,,,
2025-02-24,2025-02-24,FO,NSE,IDO,68428,,NIFTY,,2025-03-06,2025-03-06,22250.0,CE,NIFTY2530622250CE,500.0,500.0,462.5,478.0,478.0,671.65,22553.35,478.0,450,300,10,17049052.5,10,F1,75,,,,,
2025-02-24,2025-02-24,FO,NSE,IDO,68460,,NIFTY,,2025-03-06,2025-03-06,22850.0,CE,NIFTY2530622850CE,180.65,183.75,105.15,109.65,106.6,237.35,22553.35,109.65,146025,64500,9304,16034578563.75,6867,F1,75,,,,,
2025-02-24,2025-02-24,FO,NSE,IDO,68614,,NIFTY,,2025-03-06,2025-03-06,24400.0,CE,NIFTY2530624400CE,2.55,3.0,2.4,2.7,2.55,3.15,22553.35,2.7,46875,-28575,1797,3288866688.75,917,F1,75,,,,,
2025-02-24,2025-02-24,FO,NSE,IDO,45398,,NIFTY,,2025-03-13,2025-03-13,21200.0,CE,NIFTY2531321200CE,0.0,0.0,0.0,1710.9,1710.9,1710.9,22553.35,1420.0,75,0,0,0.0,0,F1,75,,,,,
2025-02-24,2025-02-24,FO,NSE,IDO,45470,,NIFTY,,2025-03-13,2025-03-13,22550.0,CE,NIFTY2531322550CE,376.0,378.0,328.0,339.55,334.5,506.6,22553.35,339.55,11625,11475,533,915607087.5,405,F1,75,,,,,
2025-02-24,2025-02-24,FO,NSE,IDO,45519,,NIFTY,,2025-03-13,2025-03-13,23300.0,CE,NIFTY2531323300CE,90.0,100.75,52.0,53.4,55.7,121.8,22553.35,53.4,87300,53625,4742,8308849353.75,2675,F1,75,,,,,
2025-02-24,2025-02-24,FO,NSE,IDO,45617,,NIFTY,,2025-03-13,2025-03-13,24750.0,CE,NIFTY2531324750CE,2.55,3.85,2.55,3.85,3.85,143.4,22553.35,0.15,1200,1200,17,31559898.75,5,F1,75,,,,,
2025-02-24,2025-02-24,FO,NSE,IDO,45648,,NIFTY,,2025-03-13,2025-03-13,25200.0,CE,NIFTY2531325200CE,3.8,3.8,2.4,2.4,2.4,3.05,22553.35,2.4,7425,1650,105,198472507.5,29,F1,75,,,,,
2025-02-24,2025-02-24,FO,NSE,IDO,50160,,NIFTY,,2025-03-20,2025-03-20,22200.0,CE,NIFTY2532022200CE,0.0,0.0,0.0,1102.5,0.0,1102.5,22553.35,579.05,0,0,0,0.0,0,F1,75,,,,,
2025-02-24,2025-02-24,FO,NSE,IDO,50186,,NIFTY,,2025-03-20,2025-03-20,22500.0,CE,NIFTY2532022500CE,471.2,471.2,424.0,441.35,430.75,875.25,22553.35,441.35,4125,4125,81,139380292.5,52,F1,75,,,,,
2025-02-24,2025-02-24,FO,NSE,IDO,50235,,NIFTY,,2025-03-20,2025-03-20,23300.0,CE,NIFTY2532023300CE,119.0,125.0,85.1,90.15,85.1,169.3,22553.35,90.15,3750,2325,571,1002310200.0,191,F1,75,,,,,
2025-02-24,2025-02-24,FO,NSE,IDO,50272,,NIFTY,,2025-03-20,2025-03-20,23950.0,CE,NIFTY2532023950CE,0.0,0.0,0.0,183.85,0.0,183.85,22553.35,16.9,0,0,0,0.0,0,F1,75,,,,,
2025-02-24,2025-02-24,FO,NSE,IDO,50311,,NIFTY,,2025-03-20,2025-03-20,24700.0,CE,NIFTY2532024700CE,0.0,0.0,0.0,58.6,0.0,58.6,22553.35,1.45,0,0,0,0.0,0,F1,75,,,,,
2025-02-24,2025-02-24,FO,NSE,IDO,64554,,NIFTY,,2025-03-27,2025-03-27,19000.0,CE,NIFTY25MAR19000CE,3790.0,3800.0,3693.35,3709.0,3700.0,3920.0,22553.35,3709.0,61825,13050,212,361424850.0,132,F1,75,,,,,
2025-02-24,2025-02-24,FO,NSE,IDO,46829,,NIFTY,,2025-03-27,2025-03-27,21100.0,CE,NIFTY25MAR21100CE,0.0,0.0,0.0,1985.0,1985.0,1985.0,22553.35,1579.85,825,0,0,0.0,0,F1,75,,,,,
2025-02-24,2025-02-24,FO,NSE,IDO,46991,,NIFTY,,2025-03-27,2025-03-27,22400.0,CE,NIFTY25MAR22400CE,647.95,659.5,543.65,560.95,556.95,733.45,22553.35,560.95,57525,48750,1947,3355140247.5,1604,F1,75,,,,,
2025-02-24,2025-02-24,FO,NSE,IDO,47038,,NIFTY,,2025-03-27,2025-03-27,22700.0,CE,NIFTY25MAR22700CE,463.7,474.4,361.75,376.95,369.0,532.3,22553.35,376.95,372225,301575,10631,18417919620.0,7596,F1,75,,,,,
2025-02-24,2025-02-24,FO,NSE,IDO,51118,,NIFTY,,2025-03-27,2025-03-27,23300.0,CE,NIFTY25MAR23300CE,178.95,190.4,119.95,124.6,121.5,222.15,22553.35,124.6,542325,253350,17234,30301498518.75,10920,F1,75,,,,,
2025-02-24,2025-02-24,FO,NSE,IDO,51124,,NIFTY,,2025-03-27,2025-03-27,23450.0,CE,NIFTY25MAR23450CE,135.1,135.1,86.05,89.4,87.0,167.9,22553.35,89.4,75000,33675,3668,6479167635.0,2984,F1,75,,,,,
2025-02-24,2025-02-24,FO,NSE,IDO,54721,,NIFTY,,2025-03-27,2025-03-27,23900.0,CE,NIFTY25MAR23900CE,54.05,54.05,29.65,30.55,30.0,63.5,22553.35,30.55,311100,-24750,7720,13860204918.75,4171,F1,75,,,,,
2025-02-24,2025-02-24,FO,NSE,IDO,54723,,NIFTY,,2025-03-27,2025-03-27,23950.0,CE,NIFTY25MAR23950CE,50.0,50.0,26.45,27.2,27.4,56.6,22553.35,27.2,46575,14700,1132,2036135028.75,500,F1,75,,,,,
2025-02-24,2025-02-24,FO,NSE,IDO,54725,,NIFTY,,2025-03-27,2025-03-27,24050.0,CE,NIFTY25MAR24050CE,38.0,38.0,21.35,21.8,21.75,45.75,22553.35,21.8,36525,13275,1020,1841875091.25,503,F1,75,,,,,
2025-02-24,2025-02-24,FO,NSE,IDO,55060,,NIFTY,,2025-03-27,2025-03-27,24200.0,CE,NIFTY25MAR24200CE,29.55,29.55,15.8,16.25,16.85,31.7,22553.35,16.25,288450,-4125,10397,18885862833.75,4542,F1,75,,,,,
2025-02-24,2025-02-24,FO,NSE,IDO,55197,,NIFTY,,2025-03-27,2025-03-27,24300.0,CE,NIFTY25MAR24300CE,23.8,23.8,13.6,13.85,14.85,25.25,22553.35,13.85,284025,-164625,11473,20924222598.75,4829,F1,75,,,,,
2025-02-24,2025-02-24,FO,NSE,IDO,55341,,NIFTY,,2025-03-27,2025-03-27,24450.0,CE,NIFTY25MAR24450CE,14.2,14.95,11.55,11.95,11.95,18.6,22553.35,11.95,18525,-10875,275,504551771.25,106,F1,75,,,,,
2025-02-24,2025-02-24,FO,NSE,IDO,56872,,NIFTY,,2025-03-27,2025-03-27,25200.0,CE,NIFTY25MAR25200CE,7.95,9.0,6.85,7.3,7.1,8.0,22553.35,7.3,134100,-3750,590,1115428875.0,280,F1,75,,,,,
2025-02-24,2025-02-24,FO,NSE,IDO,54623,,NIFTY,,2025-04-03,2025-04-03,22650.0,CE,NIFTY2540322650CE,0.0,0.0,0.0,746.35,0.0,746.35,22553.35,414.55,0,0,0,0.0,0,F1,75,,,,,
2025-02-24,2025-02-24,FO,NSE,IDO,54714,,NIFTY,,2025-04-03,2025-04-03,23550.0,CE,NIFTY2540323550CE,0.0,0.0,0.0,308.1,0.0,308.1,22553.35,108.55,0,0,0,0.0,0,F1,75,,,,,
2025-02-24,2025-02-24,FO,NSE,IDO,54753,,NIFTY,,2025-04-03,2025-04-03,23650.0,CE,NIFTY2540323650CE,0.0,0.0,0.0,274.65,0.0,274.65,22553.35,90.8,0,0,0,0.0,0,F1,75,,,,,
2025-02-24,2025-02-24,FO,NSE,IDO,54759,,NIFTY,,2025-04-03,2025-04-03,23800.0,CE,NIFTY2540323800CE,0.0,0.0,0.0,229.7,0.0,229.7,22553.35,68.65,0,0,0,0.0,0,F1,75,,,,,
2025-02-24,2025-02-24,FO,NSE,IDO,54763,,NIFTY,,2025-04-03,2025-04-03,23900.0,CE,NIFTY2540323900CE,0.0,0.0,0.0,203.0,0.0,203.0,22553.35,56.55,0,0,0,0.0,0,F1,75,,,,,
2025-02-24,2025-02-24,FO,NSE,IDO,54783,,NIFTY,,2025-04-03,2025-04-03,24050.0,CE,NIFTY2540324050CE,0.0,0.0,0.0,167.85,0.0,167.85,22553.35,41.75,0,0,0,0.0,0,F1,75,,,,,
2025-02-24,2025-02-24,FO,NSE,IDO,54850,,NIFTY,,2025-04-03,2025-04-03,24400.0,CE,NIFTY2540324400CE,0.0,0.0,0.0,104.1,0.0,104.1,22553.35,19.5,0,0,0,0.0,0,F1,75,,,,,
2025-02-24,2025-02-24,FO,NSE,IDO,79235,,NIFTY,,2025-04-24,2025-04-24,21150.0,CE,NIFTY25APR21150CE,0.0,0.0,0.0,2508.85,0.0,2508.85,22553.35,1667.3,0,0,0,0.0,0,F1,75,,,,,
2025-02-24,2025-02-24,FO,NSE,IDO,79260,,NIFTY,,2025-04-24,2025-04-24,21600.0,CE,NIFTY25APR21600CE,0.0,0.0,0.0,2112.4,0.0,2112.4,22553.35,1276.3,0,0,0,0.0,0,F1,75,,,,,
2025-02-24,2025-02-24,FO,NSE,IDO,79519,,NIFTY,,2025-04-24,2025-04-24,23950.0,CE,NIFTY25APR23950CE,0.0,0.0,0.0,581.6,0.0,581.6,22553.35,118.25,0,0,0,0.0,0,F1,75,,,,,
2025-02-24,2025-02-24,FO,NSE,IDO,79529,,NIFTY,,2025-04-24,2025-04-24,24000.0,CE,NIFTY25APR24000CE,137.3,144.9,90.3,96.95,96.0,162.25,22553.35,96.95,585150,266700,14915,26967792082.5,6901,F1,75,,,,,
2025-02-24,2025-02-24,FO,NSE,IDO,79634,,NIFTY,,2025-04-24,2025-04-24,24350.0,CE,NIFTY25APR24350CE,0.0,0.0,0.0,92.5,92.5,92.5,22553.35,64.9,1725,0,0,0.0,0,F1,75,,,,,
2025-02-24,2025-02-24,FO,NSE,IDO,79636,,NIFTY,,2025-04-24,2025-04-24,24400.0,CE,NIFTY25APR24400CE,70.8,79.55,48.4,50.15,49.0,84.7,22553.35,50.15,14700,-26100,1100,2017792623.75,282,F1,75,,,,,
2025-02-24,2025-02-24,FO,NSE,IDO,79642,,NIFTY,,2025-04-24,2025-04-24,24550.0,CE,NIFTY25APR24550CE,0.0,0.0,0.0,106.65,106.65,106.65,22553.35,47.0,0,0,0,0.0,0,F1,75,,,,,
2025-02-24,2025-02-24,FO,NSE,IDO,79670,,NIFTY,,2025-04-24,2025-04-24,24700.0,CE,NIFTY25APR24700CE,47.1,50.0,30.25,31.45,31.5,52.15,22553.35,31.45,7650,-12825,370,686497560.0,109,F1,75,,,,,
2025-02-24,2025-02-24,FO,NSE,IDO,55119,,NIFTY,,2025-06-26,2025-06-26,18000.0,CE,NIFTY25JUN18000CE,0.0,0.0,0.0,5700.0,5700.0,5700.0,22553.35,4940.45,2350,0,0,0.0,0,F1,75,,,,,
2025-02-24,2025-02-24,FO,NSE,IDO,64680,,NIFTY,,2025-09-25,2025-09-25,18000.0,CE,NIFTY25SEP18000CE,0.0,0.0,0.0,9482.9,0.0,9482.9,22553.35,5226.35,0,0,0,0.0,0,F1,75,,,,,
2025-02-24,2025-02-24,FO,NSE,IDO,64692,,NIFTY,,2025-09-25,2025-09-25,24000.0,CE,NIFTY25SEP24000CE,774.9,815.15,691.0,699.55,691.0,823.45,22553.35,699.55,34950,7800,257,476593005.0,201,F1,75,,,,,
2025-02-24,2025-02-24,FO,NSE,IDO,64702,,NIFTY,,2025-09-25,2025-09-25,29000.0,CE,NIFTY25SEP29000CE,0.0,0.0,0.0,1377.55,0.0,1377.55,22553.35,16.5,0,0,0,0.0,0,F1,75,,,,,
2025-02-24,2025-02-24,FO,NSE,IDO,71399,,NIFTY,,2025-12-24,2025-12-24,26000.0,CE,NIFTY25DEC26000CE,408.0,420.0,375.5,380.7,380.0,438.35,22553.35,380.7,209650,7950,774,1532156921.25,603,F1,75,,,,,
2025-02-24,2025-02-24,FO,NSE,IDO,50543,,NIFTY,,2025-12-24,2025-12-24,28000.0,CE,NIFTY25DEC28000CE,160.0,160.0,135.0,141.9,139.1,160.2,22553.35,141.9,297250,-500,201,424319763.75,166,F1,75,,,,,
2025-02-24,2025-02-24,FO,NSE,IDO,58640,,NIFTY,,2026-12-31,2026-12-31,18000.0,CE,NIFTY26DEC18000CE,0.0,0.0,0.0,4501.45,0.0,4501.45,22553.35,6628.9,0,0,0,0.0,0,F1,75,,,,,
2025-02-24,2025-02-24,FO,NSE,IDO,50547,,NIFTY,,2026-12-31,2026-12-31,28000.0,CE,NIFTY26DEC28000CE,705.0,705.0,600.0,600.0,600.0,800.0,22553.35,600.0,300,225,3,6450375.0,3,F1,75,,,,,
2025-02-24,2025-02-24,FO,NSE,IDO,38160,,NIFTY,,2027-06-24,2027-06-24,29000.0,CE,NIFTY27JUN29000CE,0.0,0.0,0.0,1545.2,0.0,1545.2,22553.35,960.85,0,0,0,0.0,0,F1,75,,,,,
2025-02-24,2025-02-24,FO,NSE,IDO,53618,,NIFTY,,2027-12-30,2027-12-30,23000.0,CE,NIFTY27DEC23000CE,0.0,0.0,0.0,4125.7,0.0,4125.7,22553.35,4061.8,0,0,0,0.0,0,F1,75,,,,,
2025-02-24,2025-02-24,FO,NSE,IDO,53626,,NIFTY,,2027-12-30,2027-12-30,25000.0,CE,NIFTY27DEC25000CE,0.0,0.0,0.0,3458.35,0.0,3458.35,22553.35,2951.9,0,0,0,0.0,0,F1,75,,,,,
2025-02-24,2025-02-24,FO,NSE,IDO,38164,,NIFTY,,2027-12-30,2027-12-30,29000.0,CE,NIFTY27DEC29000CE,0.0,0.0,0.0,1932.55,0.0,1932.55,22553.35,1401.15,0,0,0,0.0,0,F1,75,,,,,
2025-02-24,2025-02-24,FO,NSE,IDO,67772,,NIFTY,,2028-12-28,2028-12-28,19000.0,CE,NIFTY28DEC19000CE,0.0,0.0,0.0,8739.0,0.0,8739.0,22553.35,7860.25,0,0,0,0.0,0,F1,75,,,,,
2025-02-24,2025-02-24,FO,NSE,IDO,67780,,NIFTY,,2028-12-28,2028-12-28,23000.0,CE,NIFTY28DEC23000CE,0.0,0.0,0.0,6377.6,0.0,6377.6,22553.35,5179.25,0,0,0,0.0,0,F1,75,,,,,
2025-02-24,2025-02-24,FO,NSE,IDO,67788,,NIFTY,,2028-12-28,2028-12-28,27000.0,CE,NIFTY28DEC27000CE,0.0,0.0,0.0,4437.95,0.0,4437.95,22553.35,3103.3,0,0,0,0.0,0,F1,75,,,,,
2025-02-24,2025-02-24,FO,NSE,IDO,67790,,NIFTY,,2028-12-28,2028-12-28,28000.0,CE,NIFTY28DEC28000CE,0.0,0.0,0.0,4027.15,0.0,4027.15,22553.35,2692.95,0,0,0,0.0,0,F1,75,,,,,
2025-02-24,2025-02-24,FO,NSE,IDO,67792,,NIFTY,,2028-12-28,2028-12-28,29000.0,CE,NIFTY28DEC29000CE,0.0,0.0,0.0,3645.75,0.0,3645.75,22553.35,2325.1,0,0,0,0.0,0,F1,75,,,,,
2025-02-24,2025-02-24,FO,NSE,IDO,89624,,NIFTY,,2029-06-28,2029-06-28,21000.0,CE,NIFTY29JUN21000CE,0.0,0.0,0.0,9799.75,0.0,9799.75,22553.35,6967.55,0,0,0,0.0,0,F1,75,,,,,
2025-02-24,2025-02-24,FO,NSE,IDO,89630,,NIFTY,,2029-06-28,2029-06-28,24000.0,CE,NIFTY29JUN24000CE,0.0,0.0,0.0,8085.35,0.0,8085.35,22553.35,5132.7,0,0,0,0.0,0,F1,75,,,,,
2025-02-24,2025-02-24,FO,NSE,IDO,61410,,NIFTY,,2029-12-27,2029-12-27,20000.0,CE,NIFTY29DEC20000CE,0.0,0.0,0.0,10081.1,0.0,10081.1,22553.35,8112.65,0,0,0,0.0,0,F1,75,,,,,
2025-02-24,2025-02-24,FO,NSE,IDO,55592,,NIFTY,,2025-02-27,2025-02-27,21800.0,PE,NIFTY25FEB21800PE,2.9,4.7,2.0,2.4,2.3,2.9,22553.35,2.4,3830925,462225,379397,620404042140.0,96392,F1,75,,,,,
2025-02-24,2025-02-24,FO,NSE,IDO,55594,,NIFTY,,2025-02-27,2025-02-27,21850.0,PE,NIFTY25FEB21850PE,5.45,18.0,2.4,2.75,2.7,3.2,22553.35,2.75,1128000,180975,198343,325089660813.75,51037,F1,75,,,,,
2025-02-24,2025-02-24,FO,NSE,IDO,55632,,NIFTY,,2025-02-27,2025-02-27,22800.0,PE,NIFTY25FEB22800PE,210.0,258.85,175.0,216.5,224.85,132.35,22553.35,216.5,2953650,-2181450,464763,802409864977.5,290110,F1,75,,,,,
2025-02-24,2025-02-24,FO,NSE,IDO,55650,,NIFTY,,2025-02-27,2025-02-27,23250.0,PE,NIFTY25FEB23250PE,565.35,675.85,545.35,639.1,649.2,446.9,22553.35,639.1,99600,-12900,596,1066790343.75,360,F1,75,,,,,
2025-02-24,2025-02-24,FO,NSE,IDO,57596,,NIFTY,,2025-02-27,2025-02-27,23850.0,PE,NIFTY25FEB23850PE,1245.0,1245.0,1214.0,1235.0,1235.0,1026.7,22553.35,1235.0,156825,-150,17,31983210.0,14,F1,75,,,,,
2025-02-24,2025-02-24,FO,NSE,IDO,57604,,NIFTY,,2025-02-27,2025-02-27,24050.0,PE,NIFTY25FEB24050PE,1450.0,1450.85,1393.95,1416.15,1416.15,1215.05,22553.35,1483.8,20625,-450,12,22935502.5,10,F1,75,,,,,
2025-02-24,2025-02-24,FO,NSE,IDO,57628,,NIFTY,,2025-02-27,2025-02-27,24650.0,PE,NIFTY25FEB24650PE,0.0,0.0,0.0,1652.8,1652.8,1652.8,22553.35,2083.5,4200,0,0,0.0,0,F1,75,,,,,
2025-02-24,2025-02-24,FO,NSE,IDO,57646,,NIFTY,,2025-02-27,2025-02-27,25050.0,PE,NIFTY25FEB25050PE,0.0,0.0,0.0,2051.2,2051.2,2051.2,22553.35,2483.25,75,0,0,0.0,0,F1,75,,,,,
2025-02-24,2025-02-24,FO,NSE,IDO,57711,,NIFTY,,2025-02-27,2025-02-27,26450.0,PE,NIFTY25FEB26450PE,0.0,0.0,0.0,3510.2,3510.2,3510.2,22553.35,3882.5,150,0,0,0.0,0,F1,75,,,,,
2025-02-24,2025-02-24,FO,NSE,IDO,68400,,NIFTY,,2025-03-06,2025-03-06,21600.0,PE,NIFTY2530621600PE,9.7,13.1,9.05,10.15,10.1,8.4,22553.35,10.15,363825,184275,17027,27597401077.5,10741,F1,75,,,,,
2025-02-24,2025-02-24,FO,NSE,IDO,68595,,NIFTY,,2025-03-06,2025-03-06,24000.0,PE,NIFTY2530624000PE,1300.0,1376.4,1284.8,1341.9,1349.85,1134.65,22553.35,1341.9,31575,14625,350,664913962.5,190,F1,75,,,,,
2025-02-24,2025-02-24,FO,NSE,IDO,68615,,NIFTY,,2025-03-06,2025-03-06,24400.0,PE,NIFTY2530624400PE,1710.0,1747.8,1706.0,1736.25,1747.8,1515.95,22553.35,1736.25,975,300,17,33315645.0,11,F1,75,,,,,
2025-02-24,2025-02-24,FO,NSE,IDO,68628,,NIFTY,,2025-03-06,2025-03-06,24650.0,PE,NIFTY2530624650PE,0.0,0.0,0.0,1763.1,1763.1,1763.1,22553.35,2052.8,375,0,0,0.0,0,F1,75,,,,,
2025-02-24,2025-02-24,FO,NSE,IDO,45397,,NIFTY,,2025-03-13,2025-03-13,21150.0,PE,NIFTY2531321150PE,9.65,12.2,8.5,8.8,8.8,9.2,22553.35,2.0,3600,2175,67,106330590.0,38,F1,75,,,,,
2025-02-24,2025-02-24,FO,NSE,IDO,45429,,NIFTY,,2025-03-13,2025-03-13,21750.0,PE,NIFTY2531321750PE,39.85,43.65,31.95,36.05,35.85,17.45,22553.35,36.05,10350,10350,179,292500135.0,62,F1,75,,,,,
2025-02-24,2025-02-24,FO,NSE,IDO,45434,,NIFTY,,2025-03-13,2025-03-13,21850.0,PE,NIFTY2531321850PE,55.2,55.6,42.4,45.55,45.9,20.0,22553.35,45.55,7425,7350,121,198745023.75,56,F1,75,,,,,
2025-02-24,2025-02-24,FO,NSE,IDO,45471,,NIFTY,,2025-03-13,2025-03-13,22550.0,PE,NIFTY2531322550PE,211.05,230.7,190.45,203.2,204.05,153.65,22553.35,203.2,13050,11550,697,1189790178.75,422,F1,75,,,,,
2025-02-24,2025-02-24,FO,NSE,IDO,45491,,NIFTY,,2025-03-13,2025-03-13,23050.0,PE,NIFTY2531323050PE,480.0,480.0,456.15,474.6,474.6,364.55,22553.35,528.05,4575,3300,82,144608373.75,82,F1,75,,,,,
2025-02-24,2025-02-24,FO,NSE,IDO,45509,,NIFTY,,2025-03-13,2025-03-13,23150.0,PE,NIFTY2531323150PE,520.7,572.35,513.8,540.75,545.85,426.4,22553.35,540.75,7275,-975,136,241665311.25,133,F1,75,,,,,
2025-02-24,2025-02-24,FO,NSE,IDO,45533,,NIFTY,,2025-03-13,2025-03-13,23550.0,PE,NIFTY2531323550PE,0.0,0.0,0.0,712.55,712.55,712.55,22553.35,949.7,75,0,0,0.0,0,F1,75,,,,,
2025-02-24,2025-02-24,FO,NSE,IDO,45543,,NIFTY,,2025-03-13,2025-03-13,23800.0,PE,NIFTY2531323800PE,1096.0,1096.0,1096.0,1096.0,1096.0,915.85,22553.35,1185.0,150,0,1,1867200.0,1,F1,75,,,,,
2025-02-24,2025-02-24,FO,NSE,IDO,45559,,NIFTY,,2025-03-13,2025-03-13,24150.0,PE,NIFTY2531324150PE,0.0,0.0,0.0,1239.3,1239.3,1239.3,22553.35,1526.3,75,0,0,0.0,0,F1,75,,,,,
2025-02-24,2025-02-24,FO,NSE,IDO,45645,,NIFTY,,2025-03-13,2025-03-13,25100.0,PE,NIFTY2531325100PE,0.0,0.0,0.0,2180.15,2180.15,2180.15,22553.35,2470.8,75,0,0,0.0,0,F1,75,,,,,
2025-02-24,2025-02-24,FO,NSE,IDO,50132,,NIFTY,,2025-03-20,2025-03-20,21650.0,PE,NIFTY2532021650PE,0.0,0.0,0.0,43.0,0.0,43.0,22553.35,32.6,0,0,0,0.0,0,F1,75,,,,,
2025-02-24,2025-02-24,FO,NSE,IDO,50159,,NIFTY,,2025-03-20,2025-03-20,22150.0,PE,NIFTY2532022150PE,127.35,127.35,123.1,125.25,125.25,109.05,22553.35,125.25,75,75,3,5011927.5,3,F1,75,,,,,
2025-02-24,2025-02-24,FO,NSE,IDO,50178,,NIFTY,,2025-03-20,2025-03-20,22300.0,PE,NIFTY2532022300PE,165.85,168.85,148.25,156.9,157.35,139.45,22553.35,156.9,5025,5025,67,112868152.5,34,F1,75,,,,,
2025-02-24,2025-02-24,FO,NSE,IDO,50238,,NIFTY,,2025-03-20,2025-03-20,23350.0,PE,NIFTY2532023350PE,0.0,0.0,0.0,543.55,0.0,543.55,22553.35,776.7,0,0,0,0.0,0,F1,75,,,,,
2025-02-24,2025-02-24,FO,NSE,IDO,50242,,NIFTY,,2025-03-20,2025-03-20,23450.0,PE,NIFTY2532023450PE,0.0,0.0,0.0,601.25,0.0,601.25,22553.35,859.75,0,0,0,0.0,0,F1,75,,,,,
2025-02-24,2025-02-24,FO,NSE,IDO,50256,,NIFTY,,2025-03-20,2025-03-20,23700.0,PE,NIFTY2532023700PE,0.0,0.0,0.0,759.7,0.0,759.7,22553.35,1079.35,0,0,0,0.0,0,F1,75,,,,,
2025-02-24,2025-02-24,FO,NSE,IDO,50263,,NIFTY,,2025-03-20,2025-03-20,23850.0,PE,NIFTY2532023850PE,0.0,0.0,0.0,863.9,0.0,863.9,22553.35,1217.4,0,0,0,0.0,0,F1,75,,,,,
2025-02-24,2025-02-24,FO,NSE,IDO,50278,,NIFTY,,2025-03-20,2025-03-20,24050.0,PE,NIFTY2532024050PE,0.0,0.0,0.0,1012.8,0.0,1012.8,22553.35,1406.65,0,0,0,0.0,0,F1,75,,,,,
2025-02-24,2025-02-24,FO,NSE,IDO,46992,,NIFTY,,2025-03-27,2025-03-27,22400.0,PE,NIFTY25MAR22400PE,200.45,239.25,200.4,216.95,228.95,179.4,22553.35,216.95,644175,240075,11636,19741464660.0,7690,F1,75,,,,,
2025-02-24,2025-02-24,FO,NSE,IDO,48346,,NIFTY,,2025-03-27,2025-03-27,23050.0,PE,NIFTY25MAR23050PE,505.9,537.45,482.0,510.4,515.2,419.7,22553.35,510.4,35625,-5700,449,793497502.5,380,F1,75,,,,,
2025-02-24,2025-02-24,FO,NSE,IDO,64583,,NIFTY,,2025-03-27,2025-03-27,29000.0,PE,NIFTY25MAR29000PE,6160.0,6210.0,6143.15,6197.0,6197.0,5962.7,22553.35,6197.0,408375,600,34,89703296.25,31,F1,75,,,,,
2025-02-24,2025-02-24,FO,NSE,IDO,54543,,NIFTY,,2025-04-03,2025-04-03,21350.0,PE,NIFTY2540321350PE,0.0,0.0,0.0,38.35,0.0,38.35,22553.35,31.9,0,0,0,0.0,0,F1,75,,,,,
2025-02-24,2025-02-24,FO,NSE,IDO,54557,,NIFTY,,2025-04-03,2025-04-03,21450.0,PE,NIFTY2540321450PE,0.0,0.0,0.0,46.5,0.0,46.5,22553.35,40.55,0,0,0,0.0,0,F1,75,,,,,
2025-02-24,2025-02-24,FO,NSE,IDO,54575,,NIFTY,,2025-04-03,2025-04-03,21900.0,PE,NIFTY2540321900PE,0.0,0.0,0.0,102.65,0.0,102.65,22553.35,106.05,0,0,0,0.0,0,F1,75,,,,,
2025-02-24,2025-02-24,FO,NSE,IDO,54624,,NIFTY,,2025-04-03,2025-04-03,22650.0,PE,NIFTY2540322650PE,0.0,0.0,0.0,296.85,0.0,296.85,22553.35,358.4,0,0,0,0.0,0,F1,75,,,,,
2025-02-24,2025-02-24,FO,NSE,IDO,54682,,NIFTY,,2025-04-03,2025-04-03,23300.0,PE,NIFTY2540323300PE,0.0,0.0,0.0,599.6,0.0,599.6,22553.35,754.7,0,0,0,0.0,0,F1,75,,,,,
2025-02-24,2025-02-24,FO,NSE,IDO,54713,,NIFTY,,2025-04-03,2025-04-03,23500.0,PE,NIFTY2540323500PE,0.0,0.0,0.0,719.35,0.0,719.35,22553.35,906.55,0,0,0,0.0,0,F1,75,,,,,
2025-02-24,2025-02-24,FO,NSE,IDO,54756,,NIFTY,,2025-04-03,2025-04-03,23700.0,PE,NIFTY2540323700PE,0.0,0.0,0.0,850.85,0.0,850.85,22553.35,1069.65,0,0,0,0.0,0,F1,75,,,,,
2025-02-24,2025-02-24,FO,NSE,IDO,54762,,NIFTY,,2025-04-03,2025-04-03,23850.0,PE,NIFTY2540323850PE,0.0,0.0,0.0,956.65,0.0,956.65,22553.35,1198.15,0,0,0,0.0,0,F1,75,,,,,
2025-02-24,2025-02-24,FO,NSE,IDO,54782,,NIFTY,,2025-04-03,2025-04-03,24000.0,PE,NIFTY2540324000PE,0.0,0.0,0.0,1068.4,0.0,1068.4,22553.35,1331.05,0,0,0,0.0,0,F1,75,,,,,
2025-02-24,2025-02-24,FO,NSE,IDO,79259,,NIFTY,,2025-04-24,2025-04-24,21550.0,PE,NIFTY25APR21550PE,0.0,0.0,0.0,97.4,97.4,97.4,22553.35,89.3,150,0,0,0.0,0,F1,75,,,,,
2025-02-24,2025-02-24,FO,NSE,IDO,79383,,NIFTY,,2025-04-24,2025-04-24,22300.0,PE,NIFTY25APR22300PE,250.0,274.0,242.7,255.0,261.0,223.1,22553.35,255.0,62025,10875,746,1261940741.25,355,F1,75,,,,,
2025-02-24,2025-02-24,FO,NSE,IDO,79395,,NIFTY,,2025-04-24,2025-04-24,22550.0,PE,NIFTY25APR22550PE,340.0,343.45,327.1,327.1,327.1,292.0,22553.35,368.75,3450,3075,70,120164148.75,15,F1,75,,,,,
2025-02-24,2025-02-24,FO,NSE,IDO,79416,,NIFTY,,2025-04-24,2025-04-24,22850.0,PE,NIFTY25APR22850PE,450.0,469.65,444.4,455.15,455.15,400.45,22553.35,455.15,4800,1800,67,117086820.0,11,F1,75,,,,,
2025-02-24,2025-02-24,FO,NSE,IDO,79487,,NIFTY,,2025-04-24,2025-04-24,23350.0,PE,NIFTY25APR23350PE,704.85,712.1,704.85,712.1,712.1,611.65,22553.35,812.55,1350,1275,18,32477767.5,8,F1,75,,,,,
2025-02-24,2025-02-24,FO,NSE,IDO,79554,,NIFTY,,2025-04-24,2025-04-24,24100.0,PE,NIFTY25APR24100PE,0.0,0.0,0.0,1033.15,1033.15,1033.15,22553.35,1389.85,300,0,0,0.0,0,F1,75,,,,,
2025-02-24,2025-02-24,FO,NSE,IDO,79631,,NIFTY,,2025-04-24,2025-04-24,24250.0,PE,NIFTY25APR24250PE,0.0,0.0,0.0,1150.0,1150.0,1150.0,22553.35,1519.05,0,0,0,0.0,0,F1,75,,,,,
2025-02-24,2025-02-24,FO,NSE,IDO,79749,,NIFTY,,2025-04-24,2025-04-24,25450.0,PE,NIFTY25APR25450PE,0.0,0.0,0.0,1947.95,0.0,1947.95,22553.35,2639.8,0,0,0,0.0,0,F1,75,,,,,
2025-02-24,2025-02-24,FO,NSE,IDO,51450,,NIFTY,,2025-06-26,2025-06-26,21000.0,PE,NIFTY25JUN21000PE,142.0,155.0,141.35,147.9,148.0,135.05,22553.35,147.9,344725,20025,1390,2204781386.25,957,F1,75,,,,,
2025-02-24,2025-02-24,FO,NSE,IDO,64687,,NIFTY,,2025-09-25,2025-09-25,21000.0,PE,NIFTY25SEP21000PE,0.0,0.0,0.0,51.55,0.0,51.55,22553.35,156.3,0,0,0,0.0,0,F1,75,,,,,
2025-02-24,2025-02-24,FO,NSE,IDO,50444,,NIFTY,,2026-06-25,2026-06-25,14000.0,PE,NIFTY26JUN14000PE,0.0,0.0,0.0,20.05,20.05,20.05,22553.35,0.1,1075,0,0,0.0,0,F1,75,,,,,
2025-02-24,2025-02-24,FO,NSE,IDO,50462,,NIFTY,,2026-06-25,2026-06-25,16000.0,PE,NIFTY26JUN16000PE,0.0,0.0,0.0,48.95,48.95,48.95,22553.35,2.15,1225,0,0,0.0,0,F1,75,,,,,
2025-02-24,2025-02-24,FO,NSE,IDO,50548,,NIFTY,,2026-12-31,2026-12-31,28000.0,PE,NIFTY26DEC28000PE,0.0,0.0,0.0,3500.0,3500.0,3500.0,22553.35,3080.25,75,0,0,0.0,0,F1,75,,,,,
2025-02-24,2025-02-24,FO,NSE,IDO,71554,,NIFTY,,2027-06-24,2027-06-24,21000.0,PE,NIFTY27JUN21000PE,0.0,0.0,0.0,500.0,500.0,500.0,22553.35,282.0,200,0,0,0.0,0,F1,75,,,,,
2025-02-24,2025-02-24,FO,NSE,IDO,38163,,NIFTY,,2027-06-24,2027-06-24,29000.0,PE,NIFTY27JUN29000PE,0.0,0.0,0.0,4627.1,0.0,4627.1,22553.35,3333.9,0,0,0,0.0,0,F1,75,,,,,
2025-02-24,2025-02-24,FO,NSE,IDO,53627,,NIFTY,,2027-12-30,2027-12-30,25000.0,PE,NIFTY27DEC25000PE,0.0,0.0,0.0,1546.4,1546.4,1546.4,22553.35,1175.6,75,0,0,0.0,0,F1,75,,,,,
2025-02-24,2025-02-24,FO,NSE,IDO,53632,,NIFTY,,2027-12-30,2027-12-30,27000.0,PE,NIFTY27DEC27000PE,0.0,0.0,0.0,2492.45,2492.45,2492.45,22553.35,1954.25,75,0,0,0.0,0,F1,75,,,,,
2025-02-24,2025-02-24,FO,NSE,IDO,38165,,NIFTY,,2027-12-30,2027-12-30,29000.0,PE,NIFTY27DEC29000PE,0.0,0.0,0.0,4227.5,0.0,4227.5,22553.35,2949.15,0,0,0,0.0,0,F1,75,,,,,
2025-02-24,2025-02-24,FO,NSE,IDO,86160,,NIFTY,,2028-06-29,2028-06-29,25000.0,PE,NIFTY28JUN25000PE,0.0,0.0,0.0,2016.8,0.0,2016.8,22553.35,1069.9,0,0,0,0.0,0,F1,75,,,,,
2025-02-24,2025-02-24,FO,NSE,IDO,67773,,NIFTY,,2028-12-28,2028-12-28,19000.0,PE,NIFTY28DEC19000PE,0.0,0.0,0.0,158.0,0.0,158.0,22553.35,106.3,0,0,0,0.0,0,F1,75,,,,,
2025-02-24,2025-02-24,FO,NSE,IDO,67777,,NIFTY,,2028-12-28,2028-12-28,21000.0,PE,NIFTY28DEC21000PE,360.8,505.15,360.8,505.15,505.15,500.0,22553.35,262.15,1225,225,3,4817006.25,2,F1,75,,,,,
2025-02-24,2025-02-24,FO,NSE,IDO,89631,,NIFTY,,2029-06-28,2029-06-28,24000.0,PE,NIFTY29JUN24000PE,0.0,0.0,0.0,694.05,694.05,694.05,22553.35,677.2,25,0,0,0.0,0,F1,75,,,,,
2025-02-24,2025-02-24,FO,NSE,IDO,61403,,NIFTY,,2029-12-27,2029-12-27,19000.0,PE,NIFTY29DEC19000PE,0.0,0.0,0.0,142.25,0.0,142.25,22553.35,103.45,0,0,0,0.0,0,F1,75,,,,,
2025-02-24,2025-02-24,FO,NSE,IDO,53976,,NIFTY,,2025-03-27,2025-03-27,23800.0,CE,NIFTY25MAR23800CE,60.0,66.75,37.55,38.4,37.65,79.3,22553.35,38.4,544650,36375,19797,35406885581.25,11138,F1,75,,,,,
2025-02-24,2025-02-24,FO,NSE,IDO,55583,,NIFTY,,2025-02-27,2025-02-27,21600.0,CE,NIFTY25FEB21600CE,1080.0,1080.0,986.0,1036.9,1036.9,1202.55,22553.35,964.9,3825,-675,31,52616827.5,28,F1,75,,,,,
2025-02-24,2025-02-24,FO,NSE,IDO,55627,,NIFTY,,2025-02-27,2025-02-27,22700.0,CE,NIFTY25FEB22700CE,148.2,148.2,52.75,60.2,56.6,213.05,22553.35,60.2,9391275,8349075,1781393,3043389022218.75,979574,F1,75,,,,,
2025-02-24,2025-02-24,FO,NSE,IDO,55651,,NIFTY,,2025-02-27,2025-02-27,23300.0,CE,NIFTY25FEB23300CE,8.0,8.2,3.1,3.5,3.25,14.2,22553.35,3.5,8026575,3085875,737454,1288966184482.5,194798,F1,75,,,,,
2025-02-24,2025-02-24,FO,NSE,IDO,57585,,NIFTY,,2025-02-27,2025-02-27,23600.0,CE,NIFTY25FEB23600CE,3.15,3.15,1.9,2.1,2.1,3.65,22553.35,2.1,6832200,205500,509858,902536672732.5,103844,F1,75,,,,,
2025-02-24,2025-02-24,FO,NSE,IDO,57593,,NIFTY,,2025-02-27,2025-02-27,23800.0,CE,NIFTY25FEB23800CE,1.55,2.25,1.4,1.75,1.65,2.1,22553.35,1.75,5042100,-1279575,398975,712224637522.5,76437,F1,75,,,,,
2025-02-24,2025-02-24,FO,NSE,IDO,57615,,NIFTY,,2025-02-27,2025-02-27,24350.0,CE,NIFTY25FEB24350CE,1.1,2.0,1.0,1.15,1.1,1.2,22553.35,1.15,656775,209325,49214,89881574017.5,9647,F1,75,,,,,
2025-02-24,2025-02-24,FO,NSE,IDO,57649,,NIFTY,,2025-02-27,2025-02-27,25150.0,CE,NIFTY25FEB25150CE,0.9,1.65,0.8,1.05,1.55,0.9,22553.35,1.05,74550,1350,8917,16820344826.25,2653,F1,75,,,,,
2025-02-24,2025-02-24,FO,NSE,IDO,57655,,NIFTY,,2025-02-27,2025-02-27,25300.0,CE,NIFTY25FEB25300CE,0.8,1.1,0.7,0.95,1.0,0.85,22553.35,0.95,251550,11400,27765,52686019860.0,7508,F1,75,,,,,
2025-02-24,2025-02-24,FO,NSE,IDO,57669,,NIFTY,,2025-02-27,2025-02-27,25650.0,CE,NIFTY25FEB25650CE,1.0,1.45,0.6,0.95,0.6,0.85,22553.35,0.95,152025,129225,5131,9871116941.25,1503,F1,75,,,,,
2025-02-24,2025-02-24,FO,NSE,IDO,57675,,NIFTY,,2025-02-27,2025-02-27,25800.0,CE,NIFTY25FEB25800CE,0.9,1.4,0.65,0.95,0.95,0.85,22553.35,0.95,196575,-8850,10064,19474515817.5,2472,F1,75,,,,,
2025-02-24,2025-02-24,FO,NSE,IDO,57710,,NIFTY,,2025-02-27,2025-02-27,26450.0,CE,NIFTY25FEB26450CE,0.95,1.9,0.7,0.9,1.0,0.85,22553.35,0.9,186450,103950,30217,59944874966.25,4267,F1,75,,,,,
2025-02-24,2025-02-24,FO,NSE,IDO,57712,,NIFTY,,2025-02-27,2025-02-27,26500.0,CE,NIFTY25FEB26500CE,0.8,1.15,0.65,0.9,0.95,0.85,22553.35,0.9,10466325,-584850,316983,630022700373.75,40178,F1,75,,,,,
2025-02-24,2025-02-24,FO,NSE,IDO,68372,,NIFTY,,2025-03-06,2025-03-06,21050.0,CE,NIFTY2530621050CE,1636.7,1636.7,1598.05,1598.05,1598.05,2344.35,22553.35,1540.9,0,0,2,3400106.25,2,F1,75,,,,,
2025-02-24,2025-02-24,FO,NSE,IDO,68397,,NIFTY,,2025-03-06,2025-03-06,21550.0,CE,NIFTY2530621550CE,1112.75,1112.95,1112.45,1112.75,1112.7,1333.4,22553.35,1112.75,1275,600,8,13597627.5,8,F1,75,,,,,
2025-02-24,2025-02-24,FO,NSE,IDO,68448,,NIFTY,,2025-03-06,2025-03-06,22550.0,CE,NIFTY2530622550CE,346.95,351.15,247.8,259.6,254.0,432.45,22553.35,259.6,100425,81450,12953,22172413518.75,9549,F1,75,,,,,
2025-02-24,2025-02-24,FO,NSE,IDO,68450,,NIFTY,,2025-03-06,2025-03-06,22600.0,CE,NIFTY2530622600CE,300.05,321.85,218.45,230.6,224.0,387.65,22553.35,230.6,859875,768000,55696,95447020376.25,35589,F1,75,,,,,
2025-02-24,2025-02-24,FO,NSE,IDO,68462,,NIFTY,,2025-03-06,2025-03-06,22900.0,CE,NIFTY2530622900CE,149.15,162.0,88.0,91.95,88.8,210.3,22553.35,91.95,957375,451275,54522,94083272531.25,29564,F1,75,,,,,
2025-02-24,2025-02-24,FO,NSE,IDO,68468,,NIFTY,,2025-03-06,2025-03-06,23000.0,CE,NIFTY2530623000CE,109.9,125.85,61.05,63.95,62.0,165.15,22553.35,63.95,2243175,564300,96186,166493270298.75,51073,F1,75,,,,,
2025-02-24,2025-02-24,FO,NSE,IDO,68584,,NIFTY,,2025-03-06,2025-03-06,23750.0,CE,NIFTY2530623750CE,13.45,13.45,5.0,5.35,5.15,13.7,22553.35,5.35,97500,44325,5023,8949666495.0,3151,F1,75,,,,,
2025-02-24,2025-02-24,FO,NSE,IDO,68618,,NIFTY,,2025-03-06,2025-03-06,24500.0,CE,NIFTY2530624500CE,2.4,2.75,2.2,2.55,2.35,2.8,22553.35,2.55,250275,-20550,8087,14861333133.75,2828,F1,75,,,,,
2025-02-24,2025-02-24,FO,NSE,IDO,68620,,NIFTY,,2025-03-06,2025-03-06,24550.0,CE,NIFTY2530624550CE,2.55,3.15,2.15,2.55,2.5,2.55,22553.35,2.55,3000,750,98,180460215.0,61,F1,75,,,,,
2025-02-24,2025-02-24,FO,NSE,IDO,68631,,NIFTY,,2025-03-06,2025-03-06,24750.0,CE,NIFTY2530624750CE,2.45,2.5,1.6,2.4,2.35,2.1,22553.35,2.4,21450,17100,602,1117568471.25,262,F1,75,,,,,
2025-02-24,2025-02-24,FO,NSE,IDO,68647,,NIFTY,,2025-03-06,2025-03-06,24950.0,CE,NIFTY2530624950CE,2.55,2.55,1.7,2.2,2.15,2.05,22553.35,2.2,5325,75,53,99184830.0,34,F1,75,,,,,
2025-02-24,2025-02-24,FO,NSE,IDO,68675,,NIFTY,,2025-03-06,2025-03-06,25300.0,CE,NIFTY2530625300CE,1.05,2.4,1.05,1.8,1.75,1.8,22553.35,1.8,56325,28950,2010,3814242772.5,661,F1,75,,,,,
2025-02-24,2025-02-24,FO,NSE,IDO,45394,,NIFTY,,2025-03-13,2025-03-13,21100.0,CE,NIFTY2531321100CE,0.0,0.0,0.0,2653.4,0.0,2653.4,22553.35,1518.7,0,0,0,0.0,0,F1,75,,,,,
2025-02-24,2025-02-24,FO,NSE,IDO,45435,,NIFTY,,2025-03-13,2025-03-13,21900.0,CE,NIFTY2531321900CE,0.0,0.0,0.0,1047.85,1047.85,1047.85,22553.35,760.85,75,0,0,0.0,0,F1,75,,,,,
2025-02-24,2025-02-24,FO,NSE,IDO,45467,,NIFTY,,2025-03-13,2025-03-13,22500.0,CE,NIFTY2531322500CE,473.6,474.85,358.05,372.85,366.75,537.45,22553.35,372.85,55650,34200,1824,3131280015.0,1283,F1,75,,,,,
2025-02-24,2025-02-24,FO,NSE,IDO,45525,,NIFTY,,2025-03-13,2025-03-13,23450.0,CE,NIFTY2531323450CE,35.5,39.7,32.0,32.25,32.5,81.8,22553.35,32.25,7200,3375,181,318816382.5,96,F1,75,,,,,
2025-02-24,2025-02-24,FO,NSE,IDO,45534,,NIFTY,,2025-03-13,2025-03-13,23600.0,CE,NIFTY2531323600CE,42.0,42.05,18.5,19.35,20.55,51.7,22553.35,19.35,53850,25350,1858,3291990641.25,716,F1,75,,,,,
2025-02-24,2025-02-24,FO,NSE,IDO,45548,,NIFTY,,2025-03-13,2025-03-13,23950.0,CE,NIFTY2531323950CE,12.0,12.0,8.9,8.9,8.9,19.0,22553.35,5.85,5250,-75,3,5391217.5,3,F1,75,,,,,
2025-02-24,2025-02-24,FO,NSE,IDO,45552,,NIFTY,,2025-03-13,2025-03-13,24050.0,CE,NIFTY2531324050CE,7.55,7.7,6.95,6.95,6.95,34.35,22553.35,3.95,1050,750,19,34281941.25,8,F1,75,,,,,
2025-02-24,2025-02-24,FO,NSE,IDO,45608,,NIFTY,,2025-03-13,2025-03-13,24550.0,CE,NIFTY2531324550CE,3.7,4.05,3.7,3.95,3.95,26.05,22553.35,3.95,1425,1350,20,36830673.75,7,F1,75,,,,,
2025-02-24,2025-02-24,FO,NSE,IDO,45615,,NIFTY,,2025-03-13,2025-03-13,24700.0,CE,NIFTY2531324700CE,2.65,3.5,2.65,3.5,3.5,153.7,22553.35,0.2,1500,1500,21,38907457.5,6,F1,75,,,,,
2025-02-24,2025-02-24,FO,NSE,IDO,45633,,NIFTY,,2025-03-13,2025-03-13,24900.0,CE,NIFTY2531324900CE,3.3,3.3,2.65,2.85,2.85,6.2,22553.35,0.05,975,900,14,26147970.0,5,F1,75,,,,,
2025-02-24,2025-02-24,FO,NSE,IDO,45636,,NIFTY,,2025-03-13,2025-03-13,24950.0,CE,NIFTY2531324950CE,2.75,3.45,2.75,3.45,3.45,4.9,22553.35,0.05,675,375,14,26200687.5,5,F1,75,,,,,
2025-02-24,2025-02-24,FO,NSE,IDO,45655,,NIFTY,,2025-03-13,2025-03-13,25350.0,CE,NIFTY2531325350CE,2.75,3.1,2.15,2.4,2.3,2.65,22553.35,2.4,4800,225,18,34225811.25,13,F1,75,,,,,
2025-02-24,2025-02-24,FO,NSE,IDO,50131,,NIFTY,,2025-03-20,2025-03-20,21650.0,CE,NIFTY2532021650CE,0.0,0.0,0.0,1573.15,0.0,1573.15,22553.35,1028.3,0,0,0,0.0,0,F1,75,,,,,
2025-02-24,2025-02-24,FO,NSE,IDO,50177,,NIFTY,,2025-03-20,2025-03-20,22300.0,CE,NIFTY2532022300CE,580.0,580.0,580.0,580.0,580.0,1024.1,22553.35,580.0,300,300,4,6864000.0,1,F1,75,,,,,
2025-02-24,2025-02-24,FO,NSE,IDO,50183,,NIFTY,,2025-03-20,2025-03-20,22450.0,CE,NIFTY2532022450CE,0.0,0.0,0.0,912.3,0.0,912.3,22553.35,415.45,0,0,0,0.0,0,F1,75,,,,,
2025-02-24,2025-02-24,FO,NSE,IDO,50199,,NIFTY,,2025-03-20,2025-03-20,22600.0,CE,NIFTY2532022600CE,500.85,500.85,363.05,375.3,380.4,805.3,22553.35,375.3,6975,6975,163,281028637.5,117,F1,75,,,,,
2025-02-24,2025-02-24,FO,NSE,IDO,50247,,NIFTY,,2025-03-20,2025-03-20,23600.0,CE,NIFTY2532023600CE,60.7,62.2,39.5,41.3,40.8,90.85,22553.35,41.3,1650,1425,69,122381670.0,30,F1,75,,,,,
2025-02-24,2025-02-24,FO,NSE,IDO,50309,,NIFTY,,2025-03-20,2025-03-20,24650.0,CE,NIFTY2532024650CE,7.85,7.85,5.5,6.6,6.65,7.85,22553.35,6.6,4200,3450,91,168281002.5,26,F1,75,,,,,
2025-02-24,2025-02-24,FO,NSE,IDO,64560,,NIFTY,,2025-03-27,2025-03-27,21000.0,CE,NIFTY25MAR21000CE,1846.0,1846.0,1720.0,1755.2,1741.8,1957.6,22553.35,1755.2,582000,135150,2080,3550018200.0,1550,F1,75,,,,,
2025-02-24,2025-02-24,FO,NSE,IDO,46831,,NIFTY,,2025-03-27,2025-03-27,21150.0,CE,NIFTY25MAR21150CE,0.0,0.0,0.0,2129.75,2129.75,2129.75,22553.35,1531.9,75,0,0,0.0,0,F1,75,,,,,
2025-02-24,2025-02-24,FO,NSE,IDO,46900,,NIFTY,,2025-03-27,2025-03-27,21700.0,CE,NIFTY25MAR21700CE,1108.0,1115.5,1097.0,1103.7,1097.0,1384.55,22553.35,1103.7,525,150,6,10261987.5,4,F1,75,,,,,
2025-02-24,2025-02-24,FO,NSE,IDO,46976,,NIFTY,,2025-03-27,2025-03-27,22200.0,CE,NIFTY25MAR22200CE,793.5,809.45,679.55,698.35,691.3,898.75,22553.35,698.35,13425,9750,316,543131396.25,274,F1,75,,,,,
2025-02-24,2025-02-24,FO,NSE,IDO,51473,,NIFTY,,2025-03-27,2025-03-27,23600.0,CE,NIFTY25MAR23600CE,100.0,112.0,60.55,62.75,60.6,124.05,22553.35,62.75,441150,106050,15266,27104618850.0,9776,F1,75,,,,,
2025-02-24,2025-02-24,FO,NSE,IDO,61779,,NIFTY,,2029-12-27,2029-12-27,26000.0,PE,NIFTY29DEC26000PE,0.0,0.0,0.0,969.6,0.0,969.6,22553.35,1034.3,0,0,0,0.0,0,F1,75,,,,,
2025-02-24,2025-02-24,FO,NSE,IDO,61749,,NIFTY,,2029-12-27,2029-12-27,24000.0,PE,NIFTY29DEC24000PE,0.0,0.0,0.0,625.5,0.0,625.5,22553.35,621.95,0,0,0,0.0,0,F1,75,,,,,
2025-02-24,2025-02-24,FO,NSE,IDO,61411,,NIFTY,,2029-12-27,2029-12-27,20000.0,PE,NIFTY29DEC20000PE,0.0,0.0,0.0,202.3,0.0,202.3,22553.35,159.85,0,0,0,0.0,0,F1,75,,,,,
2025-02-24,2025-02-24,FO,NSE,IDO,89625,,NIFTY,,2029-06-28,2029-06-28,21000.0,PE,NIFTY29JUN21000PE,0.0,0.0,0.0,320.25,0.0,320.25,22553.35,249.8,0,0,0,0.0,0,F1,75,,,,,
2025-02-24,2025-02-24,FO,NSE,IDO,86168,,NIFTY,,2028-06-29,2028-06-29,29000.0,PE,NIFTY28JUN29000PE,0.0,0.0,0.0,3595.9,0.0,3595.9,22553.35,2633.5,0,0,0,0.0,0,F1,75,,,,,
2025-02-24,2025-02-24,FO,NSE,IDO,53602,,NIFTY,,2027-12-30,2027-12-30,17000.0,PE,NIFTY27DEC17000PE,0.0,0.0,0.0,180.6,180.6,180.6,22553.35,27.05,14200,0,0,0.0,0,F1,75,,,,,
2025-02-24,2025-02-24,FO,NSE,IDO,38159,,NIFTY,,2026-12-31,2026-12-31,29000.0,PE,NIFTY26DEC29000PE,0.0,0.0,0.0,5042.25,0.0,5042.25,22553.35,3757.4,0,0,0,0.0,0,F1,75,,,,,
2025-02-24,2025-02-24,FO,NSE,IDO,58637,,NIFTY,,2026-12-31,2026-12-31,16000.0,PE,NIFTY26DEC16000PE,0.0,0.0,0.0,23.3,23.3,23.3,22553.35,5.35,2425,0,0,0.0,0,F1,75,,,,,
2025-02-24,2025-02-24,FO,NSE,IDO,58635,,NIFTY,,2026-12-31,2026-12-31,15000.0,PE,NIFTY26DEC15000PE,0.0,0.0,0.0,36.75,36.75,36.75,22553.35,1.6,2275,0,0,0.0,0,F1,75,,,,,
2025-02-24,2025-02-24,FO,NSE,IDO,50546,,NIFTY,,2026-06-25,2026-06-25,28000.0,PE,NIFTY26JUN28000PE,0.0,0.0,0.0,6532.55,0.0,6532.55,22553.35,3534.45,0,0,0,0.0,0,F1,75,,,,,
2025-02-24,2025-02-24,FO,NSE,IDO,71475,,NIFTY,,2026-06-25,2026-06-25,25000.0,PE,NIFTY26JUN25000PE,0.0,0.0,0.0,6063.1,0.0,6063.1,22553.35,1586.65,0,0,0,0.0,0,F1,75,,,,,
2025-02-24,2025-02-24,FO,NSE,IDO,58627,,NIFTY,,2026-06-25,2026-06-25,22000.0,PE,NIFTY26JUN22000PE,0.0,0.0,0.0,488.95,520.0,488.95,22553.35,447.45,1050,0,0,0.0,0,F1,75,,,,,
2025-02-24,2025-02-24,FO,NSE,IDO,49180,,NIFTY,,2025-12-24,2025-12-24,16500.0,PE,NIFTY25DEC16500PE,0.0,0.0,0.0,20.3,20.3,20.3,22553.35,0.8,2750,0,0,0.0,0,F1,75,,,,,
2025-02-24,2025-02-24,FO,NSE,IDO,50538,,NIFTY,,2025-06-26,2025-06-26,28000.0,PE,NIFTY25JUN28000PE,0.0,0.0,0.0,7207.55,0.0,7207.55,22553.35,4848.4,0,0,0,0.0,0,F1,75,,,,,
2025-02-24,2025-02-24,FO,NSE,IDO,38375,,NIFTY,,2025-06-26,2025-06-26,20000.0,PE,NIFTY25JUN20000PE,70.25,73.15,67.0,69.7,69.9,66.6,22553.35,69.7,894450,12275,693,1043166281.25,434,F1,75,,,,,
2025-02-24,2025-02-24,FO,NSE,IDO,79671,,NIFTY,,2025-04-24,2025-04-24,24700.0,PE,NIFTY25APR24700PE,0.0,0.0,0.0,1367.8,0.0,1367.8,22553.35,1925.05,0,0,0,0.0,0,F1,75,,,,,
2025-02-24,2025-02-24,FO,NSE,IDO,79518,,NIFTY,,2025-04-24,2025-04-24,23900.0,PE,NIFTY25APR23900PE,0.0,0.0,0.0,790.95,790.95,790.95,22553.35,1223.75,9975,0,0,0.0,0,F1,75,,,,,
2025-02-24,2025-02-24,FO,NSE,IDO,79410,,NIFTY,,2025-04-24,2025-04-24,22750.0,PE,NIFTY25APR22750PE,0.0,0.0,0.0,355.65,363.15,355.65,22553.35,460.6,5550,0,0,0.0,0,F1,75,,,,,
2025-02-24,2025-02-24,FO,NSE,IDO,79401,,NIFTY,,2025-04-24,2025-04-24,22650.0,PE,NIFTY25APR22650PE,386.6,386.6,374.2,374.25,374.2,322.0,22553.35,374.25,2775,2400,33,56999580.0,6,F1,75,,,,,
2025-02-24,2025-02-24,FO,NSE,IDO,79391,,NIFTY,,2025-04-24,2025-04-24,22450.0,PE,NIFTY25APR22450PE,0.0,0.0,0.0,264.0,264.0,264.0,22553.35,327.65,1800,0,0,0.0,0,F1,75,,,,,
2025-02-24,2025-02-24,FO,NSE,IDO,79234,,NIFTY,,2025-04-24,2025-04-24,21100.0,PE,NIFTY25APR21100PE,0.0,0.0,0.0,53.6,0.0,53.6,22553.35,38.85,0,0,0,0.0,0,F1,75,,,,,
2025-02-24,2025-02-24,FO,NSE,IDO,54863,,NIFTY,,2025-04-03,2025-04-03,24600.0,PE,NIFTY2540324600PE,0.0,0.0,0.0,1562.15,0.0,1562.15,22553.35,1892.9,0,0,0,0.0,0,F1,75,,,,,
2025-02-24,2025-02-24,FO,NSE,IDO,54861,,NIFTY,,2025-04-03,2025-04-03,24550.0,PE,NIFTY2540324550PE,0.0,0.0,0.0,1518.6,0.0,1518.6,22553.35,1844.8,0,0,0,0.0,0,F1,75,,,,,
2025-02-24,2025-02-24,FO,NSE,IDO,54565,,NIFTY,,2025-04-03,2025-04-03,21650.0,PE,NIFTY2540321650PE,0.0,0.0,0.0,67.15,0.0,67.15,22553.35,63.65,0,0,0,0.0,0,F1,75,,,,,
2025-02-24,2025-02-24,FO,NSE,IDO,54555,,NIFTY,,2025-04-03,2025-04-03,21400.0,PE,NIFTY2540321400PE,0.0,0.0,0.0,42.25,0.0,42.25,22553.35,36.0,0,0,0,0.0,0,F1,75,,,,,
2025-02-24,2025-02-24,FO,NSE,IDO,56889,,NIFTY,,2025-03-27,2025-03-27,25600.0,PE,NIFTY25MAR25600PE,2770.9,2849.6,2770.9,2849.6,2849.6,2600.0,22553.35,2905.95,2100,525,7,14907588.75,6,F1,75,,,,,
2025-02-24,2025-02-24,FO,NSE,IDO,56871,,NIFTY,,2025-03-27,2025-03-27,25150.0,PE,NIFTY25MAR25150PE,0.0,0.0,0.0,1346.45,0.0,1346.45,22553.35,2459.3,0,0,0,0.0,0,F1,75,,,,,
2025-02-24,2025-02-24,FO,NSE,IDO,56545,,NIFTY,,2025-03-27,2025-03-27,24750.0,PE,NIFTY25MAR24750PE,0.0,0.0,0.0,1526.5,1526.5,1526.5,22553.35,2064.2,225,0,0,0.0,0,F1,75,,,,,
2025-02-24,2025-02-24,FO,NSE,IDO,56543,,NIFTY,,2025-03-27,2025-03-27,24700.0,PE,NIFTY25MAR24700PE,1899.0,1962.8,1899.0,1954.0,1954.0,1731.6,22553.35,2015.1,6825,3600,51,101943300.0,18,F1,75,,,,,
2025-02-24,2025-02-24,FO,NSE,IDO,56529,,NIFTY,,2025-03-27,2025-03-27,24600.0,PE,NIFTY25MAR24600PE,1802.5,1837.45,1802.5,1835.6,1836.85,1627.45,22553.35,1835.6,24675,3750,50,99091425.0,47,F1,75,,,,,
2025-02-24,2025-02-24,FO,NSE,IDO,55345,,NIFTY,,2025-03-27,2025-03-27,24450.0,PE,NIFTY25MAR24450PE,1680.0,1680.0,1680.0,1680.0,1680.0,1400.0,22553.35,1771.1,10725,0,2,3919500.0,1,F1,75,,,,,
2025-02-24,2025-02-24,FO,NSE,IDO,53979,,NIFTY,,2025-03-27,2025-03-27,23800.0,PE,NIFTY25MAR23800PE,1029.0,1113.2,993.05,1077.05,1085.0,906.3,22553.35,1077.05,65850,1575,325,606327063.75,224,F1,75,,,,,
2025-02-24,2025-02-24,FO,NSE,IDO,51460,,NIFTY,,2025-03-27,2025-03-27,23550.0,PE,NIFTY25MAR23550PE,865.0,880.0,845.0,861.45,862.0,705.1,22553.35,861.45,25725,-75,39,71401515.0,27,F1,75,,,,,
2025-02-24,2025-02-24,FO,NSE,IDO,48348,,NIFTY,,2025-03-27,2025-03-27,23100.0,PE,NIFTY25MAR23100PE,508.05,570.15,503.2,541.25,540.1,445.7,22553.35,541.25,191100,-21750,1507,2671921608.75,1149,F1,75,,,,,
2025-02-24,2025-02-24,FO,NSE,IDO,47021,,NIFTY,,2025-03-27,2025-03-27,22600.0,PE,NIFTY25MAR22600PE,274.15,313.35,263.45,288.15,288.05,237.0,22553.35,288.15,826425,522375,23310,40022090010.0,15786,F1,75,,,,,
2025-02-24,2025-02-24,FO,NSE,IDO,47015,,NIFTY,,2025-03-27,2025-03-27,22550.0,PE,NIFTY25MAR22550PE,255.05,296.0,250.9,268.15,272.3,221.7,22553.35,268.15,79275,56400,2039,3490211865.0,1549,F1,75,,,,,
2025-02-24,2025-02-24,FO,NSE,IDO,46943,,NIFTY,,2025-03-27,2025-03-27,21950.0,PE,NIFTY25MAR21950PE,96.65,121.6,96.65,106.85,110.1,92.45,22553.35,106.85,29475,10275,671,1110127057.5,364,F1,75,,,,,
2025-02-24,2025-02-24,FO,NSE,IDO,46909,,NIFTY,,2025-03-27,2025-03-27,21750.0,PE,NIFTY25MAR21750PE,80.0,88.0,70.15,78.05,78.9,66.8,22553.35,78.05,28575,15300,338,553372008.75,179,F1,75,,,,,
2025-02-24,2025-02-24,FO,NSE,IDO,50312,,NIFTY,,2025-03-20,2025-03-20,24700.0,PE,NIFTY2532024700PE,0.0,0.0,0.0,1557.45,0.0,1557.45,22553.35,2042.75,0,0,0,0.0,0,F1,75,,,,,
2025-02-24,2025-02-24,FO,NSE,IDO,50306,,NIFTY,,2025-03-20,2025-03-20,24550.0,PE,NIFTY2532024550PE,0.0,0.0,0.0,1424.9,0.0,1424.9,22553.35,1894.4,0,0,0,0.0,0,F1,75,,,,,
2025-02-24,2025-02-24,FO,NSE,IDO,50260,,NIFTY,,2025-03-20,2025-03-20,23800.0,PE,NIFTY2532023800PE,0.0,0.0,0.0,828.45,0.0,828.45,22553.35,1170.95,0,0,0,0.0,0,F1,75,,,,,
2025-02-24,2025-02-24,FO,NSE,IDO,50232,,NIFTY,,2025-03-20,2025-03-20,23200.0,PE,NIFTY2532023200PE,0.0,0.0,0.0,463.25,0.0,463.25,22553.35,658.4,0,0,0,0.0,0,F1,75,,,,,
2025-02-24,2025-02-24,FO,NSE,IDO,50224,,NIFTY,,2025-03-20,2025-03-20,23000.0,PE,NIFTY2532023000PE,476.0,486.85,445.0,455.15,463.75,366.55,22553.35,455.15,3000,-1725,59,103848442.5,40,F1,75,,,,,
2025-02-24,2025-02-24,FO,NSE,IDO,50202,,NIFTY,,2025-03-20,2025-03-20,22650.0,PE,NIFTY2532022650PE,0.0,0.0,0.0,234.5,0.0,234.5,22553.35,307.05,0,0,0,0.0,0,F1,75,,,,,
2025-02-24,2025-02-24,FO,NSE,IDO,50180,,NIFTY,,2025-03-20,2025-03-20,22350.0,PE,NIFTY2532022350PE,0.0,0.0,0.0,150.9,0.0,150.9,22553.35,178.65,0,0,0,0.0,0,F1,75,,,,,
2025-02-24,2025-02-24,FO,NSE,IDO,50094,,NIFTY,,2025-03-20,2025-03-20,21050.0,PE,NIFTY2532021050PE,0.0,0.0,0.0,10.95,0.0,10.95,22553.35,4.2,0,0,0,0.0,0,F1,75,,,,,
2025-02-24,2025-02-24,FO,NSE,IDO,45661,,NIFTY,,2025-03-13,2025-03-13,25350.0,PE,NIFTY2531325350PE,0.0,0.0,0.0,2428.1,2428.1,2428.1,22553.35,2720.05,75,0,0,0.0,0,F1,75,,,,,
2025-02-24,2025-02-24,FO,NSE,IDO,45654,,NIFTY,,2025-03-13,2025-03-13,25300.0,PE,NIFTY2531325300PE,0.0,0.0,0.0,2377.95,2377.95,2377.95,22553.35,2670.2,75,0,0,0.0,0,F1,75,,,,,
2025-02-24,2025-02-24,FO,NSE,IDO,45620,,NIFTY,,2025-03-13,2025-03-13,24800.0,PE,NIFTY2531324800PE,0.0,0.0,0.0,1883.3,1884.1,1883.3,22553.35,2171.8,150,0,0,0.0,0,F1,75,,,,,
2025-02-24,2025-02-24,FO,NSE,IDO,45585,,NIFTY,,2025-03-13,2025-03-13,24250.0,PE,NIFTY2531324250PE,0.0,0.0,0.0,1338.8,1338.8,1338.8,22553.35,1625.05,75,0,0,0.0,0,F1,75,,,,,
2025-02-24,2025-02-24,FO,NSE,IDO,45526,,NIFTY,,2025-03-13,2025-03-13,23450.0,PE,NIFTY2531323450PE,0.0,0.0,0.0,624.1,624.1,624.1,22553.35,859.0,75,0,0,0.0,0,F1,75,,,,,
2025-02-24,2025-02-24,FO,NSE,IDO,45503,,NIFTY,,2025-03-13,2025-03-13,23100.0,PE,NIFTY2531323100PE,478.65,532.9,473.8,500.85,508.3,393.7,22553.35,500.85,10950,7650,145,256575626.25,121,F1,75,,,,,
2025-02-24,2025-02-24,FO,NSE,IDO,45459,,NIFTY,,2025-03-13,2025-03-13,22300.0,PE,NIFTY2531322300PE,122.0,146.85,114.5,123.75,126.0,93.65,22553.35,123.75,48825,33450,1447,2434243128.75,1245,F1,75,,,,,
2025-02-24,2025-02-24,FO,NSE,IDO,45411,,NIFTY,,2025-03-13,2025-03-13,21400.0,PE,NIFTY2531321400PE,16.0,18.05,12.9,15.2,14.95,13.9,22553.35,15.2,9000,6000,139,223253460.0,58,F1,75,,,,,
2025-02-24,2025-02-24,FO,NSE,IDO,45399,,NIFTY,,2025-03-13,2025-03-13,21200.0,PE,NIFTY2531321200PE,11.05,12.05,9.25,9.95,10.15,8.8,22553.35,9.95,60300,11100,805,1280567647.5,255,F1,75,,,,,
2025-02-24,2025-02-24,FO,NSE,IDO,45395,,NIFTY,,2025-03-13,2025-03-13,21100.0,PE,NIFTY2531321100PE,9.0,10.0,8.2,9.25,9.9,3.3,22553.35,9.25,7650,7650,142,224813231.25,64,F1,75,,,,,
2025-02-24,2025-02-24,FO,NSE,IDO,45393,,NIFTY,,2025-03-13,2025-03-13,21050.0,PE,NIFTY2531321050PE,0.0,0.0,0.0,2.85,0.0,2.85,22553.35,1.2,0,0,0,0.0,0,F1,75,,,,,
2025-02-24,2025-02-24,FO,NSE,IDO,68869,,NIFTY,,2025-03-06,2025-03-06,25400.0,PE,NIFTY2530625400PE,0.0,0.0,0.0,2506.45,2506.45,2506.45,22553.35,2801.45,150,0,0,0.0,0,F1,75,,,,,
2025-02-24,2025-02-24,FO,NSE,IDO,68632,,NIFTY,,2025-03-06,2025-03-06,24750.0,PE,NIFTY2530624750PE,0.0,0.0,0.0,1869.15,1869.15,1869.15,22553.35,2152.6,675,0,0,0.0,0,F1,75,,,,,
2025-02-24,2025-02-24,FO,NSE,IDO,68603,,NIFTY,,2025-03-06,2025-03-06,24200.0,PE,NIFTY2530624200PE,1471.0,1550.0,1471.0,1505.0,1505.0,1355.0,22553.35,1603.7,1575,975,16,30858472.5,16,F1,75,,,,,
2025-02-24,2025-02-24,FO,NSE,IDO,68599,,NIFTY,,2025-03-06,2025-03-06,24100.0,PE,NIFTY2530624100PE,1430.0,1430.0,1411.0,1411.0,1411.0,1222.75,22553.35,1504.0,750,150,10,19142775.0,6,F1,75,,,,,
2025-02-24,2025-02-24,FO,NSE,IDO,68469,,NIFTY,,2025-03-06,2025-03-06,23000.0,PE,NIFTY2530623000PE,355.15,440.0,355.15,399.5,406.0,294.45,22553.35,399.5,1235325,45675,17878,31380064826.25,9741,F1,75,,,,,
2025-02-24,2025-02-24,FO,NSE,IDO,68427,,NIFTY,,2025-03-06,2025-03-06,22200.0,PE,NIFTY2530622200PE,59.95,75.3,51.1,56.35,57.95,42.65,22553.35,56.35,457125,193650,31131,51978192015.0,18789,F1,75,,,,,
2025-02-24,2025-02-24,FO,NSE,IDO,68416,,NIFTY,,2025-03-06,2025-03-06,21950.0,PE,NIFTY2530621950PE,25.8,38.1,24.4,27.2,27.9,21.3,22553.35,27.2,57300,6150,4527,7462719543.75,2746,F1,75,,,,,
2025-02-24,2025-02-24,FO,NSE,IDO,68412,,NIFTY,,2025-03-06,2025-03-06,21850.0,PE,NIFTY2530621850PE,20.8,27.85,18.15,20.05,19.65,16.15,22553.35,20.05,58125,35250,3033,4975339466.25,1747,F1,75,,,,,
2025-02-24,2025-02-24,FO,NSE,IDO,68402,,NIFTY,,2025-03-06,2025-03-06,21650.0,PE,NIFTY2530621650PE,14.7,15.3,10.35,11.5,11.7,9.7,22553.35,11.5,48450,32250,3936,6394684541.25,2432,F1,75,,,,,
2025-02-24,2025-02-24,FO,NSE,IDO,68396,,NIFTY,,2025-03-06,2025-03-06,21500.0,PE,NIFTY2530621500PE,8.5,12.0,7.2,8.25,8.5,6.85,22553.35,8.25,890550,408450,29958,48326079476.25,12502,F1,75,,,,,
2025-02-24,2025-02-24,FO,NSE,IDO,57684,,NIFTY,,2025-02-27,2025-02-27,26000.0,PE,NIFTY25FEB26000PE,3350.0,3423.15,3288.85,3388.35,3390.8,3174.45,22553.35,3388.35,622125,-173775,2763,6088810875.0,2294,F1,75,,,,,
2025-02-24,2025-02-24,FO,NSE,IDO,57682,,NIFTY,,2025-02-27,2025-02-27,25950.0,PE,NIFTY25FEB25950PE,3340.0,3340.0,3340.0,3340.0,3340.0,2918.15,22553.35,3382.8,225,-75,1,2196750.0,1,F1,75,,,,,
2025-02-24,2025-02-24,FO,NSE,IDO,57674,,NIFTY,,2025-02-27,2025-02-27,25750.0,PE,NIFTY25FEB25750PE,0.0,0.0,0.0,2703.85,2703.65,2703.85,22553.35,3182.9,375,0,0,0.0,0,F1,75,,,,,
2025-02-24,2025-02-24,FO,NSE,IDO,57650,,NIFTY,,2025-02-27,2025-02-27,25150.0,PE,NIFTY25FEB25150PE,0.0,0.0,0.0,2116.0,2116.0,2116.0,22553.35,2583.2,225,0,0,0.0,0,F1,75,,,,,
2025-02-24,2025-02-24,FO,NSE,IDO,57630,,NIFTY,,2025-02-27,2025-02-27,24700.0,PE,NIFTY25FEB24700PE,2045.25,2120.0,2044.0,2082.7,2084.0,1865.0,22553.35,2082.7,40275,-2850,52,104413822.5,49,F1,75,,,,,
2025-02-24,2025-02-24,FO,NSE,IDO,57624,,NIFTY,,2025-02-27,2025-02-27,24550.0,PE,NIFTY25FEB24550PE,1910.05,1963.3,1910.05,1963.3,1963.3,1778.15,22553.35,1983.55,4350,-75,3,5959226.25,3,F1,75,,,,,
2025-02-24,2025-02-24,FO,NSE,IDO,57602,,NIFTY,,2025-02-27,2025-02-27,24000.0,PE,NIFTY25FEB24000PE,1335.85,1425.0,1292.4,1385.65,1395.75,1176.0,22553.35,1385.65,1270050,-179850,3870,7363368825.0,2433,F1,75,,,,,
2025-02-24,2025-02-24,FO,NSE,IDO,55604,,NIFTY,,2025-02-27,2025-02-27,22100.0,PE,NIFTY25FEB22100PE,9.3,13.85,6.75,7.4,7.0,6.75,22553.35,7.4,2871825,590850,542583,899734868598.75,170718,F1,75,,,,,
2025-02-24,2025-02-24,FO,NSE,IDO,55568,,NIFTY,,2025-02-27,2025-02-27,21300.0,PE,NIFTY25FEB21300PE,1.5,2.25,1.1,1.3,1.3,1.4,22553.35,1.3,2606325,131325,132629,211890900003.75,31373,F1,75,,,,,
2025-02-24,2025-02-24,FO,NSE,IDO,61778,,NIFTY,,2029-12-27,2029-12-27,26000.0,CE,NIFTY29DEC26000CE,0.0,0.0,0.0,6686.95,0.0,6686.95,22553.35,4606.9,0,0,0,0.0,0,F1,75,,,,,
2025-02-24,2025-02-24,FO,NSE,IDO,61748,,NIFTY,,2029-12-27,2029-12-27,24000.0,CE,NIFTY29DEC24000CE,0.0,0.0,0.0,7730.0,0.0,7730.0,22553.35,5654.6,0,0,0,0.0,0,F1,75,,,,,
2025-02-24,2025-02-24,FO,NSE,IDO,61746,,NIFTY,,2029-12-27,2029-12-27,23000.0,CE,NIFTY29DEC23000CE,0.0,0.0,0.0,8286.75,0.0,8286.75,22553.35,6227.3,0,0,0,0.0,0,F1,75,,,,,
2025-02-24,2025-02-24,FO,NSE,IDO,61744,,NIFTY,,2029-12-27,2029-12-27,22000.0,CE,NIFTY29DEC22000CE,0.0,0.0,0.0,8865.25,0.0,8865.25,22553.35,6829.8,0,0,0,0.0,0,F1,75,,,,,
2025-02-24,2025-02-24,FO,NSE,IDO,67776,,NIFTY,,2028-12-28,2028-12-28,21000.0,CE,NIFTY28DEC21000CE,0.0,0.0,0.0,7512.5,0.0,7512.5,22553.35,6458.2,0,0,0,0.0,0,F1,75,,,,,
2025-02-24,2025-02-24,FO,NSE,IDO,86165,,NIFTY,,2028-06-29,2028-06-29,28000.0,CE,NIFTY28JUN28000CE,0.0,0.0,0.0,2596.45,0.0,2596.45,22553.35,2195.95,0,0,0,0.0,0,F1,75,,,,,
2025-02-24,2025-02-24,FO,NSE,IDO,86161,,NIFTY,,2028-06-29,2028-06-29,26000.0,CE,NIFTY28JUN26000CE,0.0,0.0,0.0,3200.9,0.0,3200.9,22553.35,3021.8,0,0,0,0.0,0,F1,75,,,,,
2025-02-24,2025-02-24,FO,NSE,IDO,86149,,NIFTY,,2028-06-29,2028-06-29,23000.0,CE,NIFTY28JUN23000CE,0.0,0.0,0.0,4323.1,0.0,4323.1,22553.35,4629.9,0,0,0,0.0,0,F1,75,,,,,
2025-02-24,2025-02-24,FO,NSE,IDO,71560,,NIFTY,,2027-06-24,2027-06-24,24000.0,CE,NIFTY27JUN24000CE,0.0,0.0,0.0,2299.55,0.0,2299.55,22553.35,2873.65,0,0,0,0.0,0,F1,75,,,,,
2025-02-24,2025-02-24,FO,NSE,IDO,71549,,NIFTY,,2027-06-24,2027-06-24,19000.0,CE,NIFTY27JUN19000CE,0.0,0.0,0.0,7800.0,7800.0,7800.0,22553.35,6314.75,75,0,0,0.0,0,F1,75,,,,,
2025-02-24,2025-02-24,FO,NSE,IDO,38158,,NIFTY,,2026-12-31,2026-12-31,29000.0,CE,NIFTY26DEC29000CE,0.0,0.0,0.0,1205.35,0.0,1205.35,22553.35,595.35,0,0,0,0.0,0,F1,75,,,,,
2025-02-24,2025-02-24,FO,NSE,IDO,37806,,NIFTY,,2026-12-31,2026-12-31,23000.0,CE,NIFTY26DEC23000CE,0.0,0.0,0.0,3560.0,3560.0,3560.0,22553.35,2859.75,1100,0,0,0.0,0,F1,75,,,,,
2025-02-24,2025-02-24,FO,NSE,IDO,45873,,NIFTY,,2025-12-24,2025-12-24,17000.0,CE,NIFTY25DEC17000CE,0.0,0.0,0.0,7010.0,7010.0,7010.0,22553.35,6448.25,700,0,0,0.0,0,F1,75,,,,,
2025-02-24,2025-02-24,FO,NSE,IDO,50537,,NIFTY,,2025-06-26,2025-06-26,28000.0,CE,NIFTY25JUN28000CE,16.3,19.7,16.15,18.5,18.4,18.8,22553.35,18.5,241950,1200,183,384551122.5,98,F1,75,,,,,
2025-02-24,2025-02-24,FO,NSE,IDO,79731,,NIFTY,,2025-04-24,2025-04-24,25150.0,CE,NIFTY25APR25150CE,0.0,0.0,0.0,40.0,40.0,40.0,22553.35,16.35,900,0,0,0.0,0,F1,75,,,,,
2025-02-24,2025-02-24,FO,NSE,IDO,79729,,NIFTY,,2025-04-24,2025-04-24,25100.0,CE,NIFTY25APR25100CE,22.15,23.4,20.5,20.95,20.9,29.3,22553.35,20.95,3750,-75,40,75365445.0,17,F1,75,,,,,
2025-02-24,2025-02-24,FO,NSE,IDO,79640,,NIFTY,,2025-04-24,2025-04-24,24500.0,CE,NIFTY25APR24500CE,63.7,67.85,39.95,41.55,41.6,72.65,22553.35,41.55,262050,69000,7922,14585593931.25,3693,F1,75,,,,,
2025-02-24,2025-02-24,FO,NSE,IDO,79438,,NIFTY,,2025-04-24,2025-04-24,23150.0,CE,NIFTY25APR23150CE,388.0,388.0,372.0,385.0,385.0,499.0,22553.35,328.25,825,750,15,26473387.5,6,F1,75,,,,,
2025-02-24,2025-02-24,FO,NSE,IDO,79424,,NIFTY,,2025-04-24,2025-04-24,22950.0,CE,NIFTY25APR22950CE,510.0,510.0,451.2,452.9,452.9,593.7,22553.35,408.65,1650,1350,39,68496611.25,16,F1,75,,,,,
2025-02-24,2025-02-24,FO,NSE,IDO,79237,,NIFTY,,2025-04-24,2025-04-24,21200.0,CE,NIFTY25APR21200CE,0.0,0.0,0.0,2463.8,0.0,2463.8,22553.35,1622.2,0,0,0,0.0,0,F1,75,,,,,
2025-02-24,2025-02-24,FO,NSE,IDO,54757,,NIFTY,,2025-04-03,2025-04-03,23750.0,CE,NIFTY2540323750CE,0.0,0.0,0.0,244.0,0.0,244.0,22553.35,75.45,0,0,0,0.0,0,F1,75,,,,,
2025-02-24,2025-02-24,FO,NSE,IDO,54629,,NIFTY,,2025-04-03,2025-04-03,22800.0,CE,NIFTY2540322800CE,0.0,0.0,0.0,655.65,0.0,655.65,22553.35,342.45,0,0,0,0.0,0,F1,75,,,,,
2025-02-24,2025-02-24,FO,NSE,IDO,54564,,NIFTY,,2025-04-03,2025-04-03,21650.0,CE,NIFTY2540321650CE,0.0,0.0,0.0,1508.45,0.0,1508.45,22553.35,1113.0,0,0,0,0.0,0,F1,75,,,,,
2025-02-24,2025-02-24,FO,NSE,IDO,54540,,NIFTY,,2025-04-03,2025-04-03,21300.0,CE,NIFTY2540321300CE,0.0,0.0,0.0,1823.1,0.0,1823.1,22553.35,1425.15,0,0,0,0.0,0,F1,75,,,,,
2025-02-24,2025-02-24,FO,NSE,IDO,56882,,NIFTY,,2025-03-27,2025-03-27,25450.0,CE,NIFTY25MAR25450CE,6.25,7.15,6.2,7.1,7.1,7.1,22553.35,0.4,3750,-75,17,32457577.5,9,F1,75,,,,,
2025-02-24,2025-02-24,FO,NSE,IDO,55120,,NIFTY,,2025-06-26,2025-06-26,18000.0,PE,NIFTY25JUN18000PE,19.6,22.5,19.3,20.7,20.95,20.0,22553.35,20.7,86025,1725,227,306810348.75,88,F1,75,,,,,
2025-02-24,2025-02-24,FO,NSE,IDO,39986,,NIFTY,,2025-06-26,2025-06-26,19000.0,PE,NIFTY25JUN19000PE,36.3,38.95,33.65,35.2,35.0,34.65,22553.35,35.2,897975,8025,444,633883143.75,183,F1,75,,,,,
2025-02-24,2025-02-24,FO,NSE,IDO,37794,,NIFTY,,2025-06-26,2025-06-26,23000.0,PE,NIFTY25JUN23000PE,625.05,658.85,603.35,636.3,641.85,571.4,22553.35,636.3,1035350,84100,4962,8797670077.5,4119,F1,75,,,,,
2025-02-24,2025-02-24,FO,NSE,IDO,64689,,NIFTY,,2025-09-25,2025-09-25,22000.0,PE,NIFTY25SEP22000PE,400.0,429.9,400.0,422.35,422.0,381.9,22553.35,422.35,49575,16800,314,527981940.0,259,F1,75,,,,,
2025-02-24,2025-02-24,FO,NSE,IDO,64695,,NIFTY,,2025-09-25,2025-09-25,25000.0,PE,NIFTY25SEP25000PE,1750.0,1760.0,1750.0,1760.0,1760.0,1590.65,22553.35,1890.0,4875,1425,21,42132000.0,4,F1,75,,,,,
2025-02-24,2025-02-24,FO,NSE,IDO,37797,,NIFTY,,2025-12-24,2025-12-24,13000.0,PE,NIFTY25DEC13000PE,15.0,15.0,11.15,11.15,11.15,20.05,22553.35,0.05,3750,3000,41,40011225.0,34,F1,75,,,,,
2025-02-24,2025-02-24,FO,NSE,IDO,49174,,NIFTY,,2025-12-24,2025-12-24,15000.0,PE,NIFTY25DEC15000PE,0.0,0.0,0.0,20.05,20.05,20.05,22553.35,0.05,1900,0,0,0.0,0,F1,75,,,,,
2025-02-24,2025-02-24,FO,NSE,IDO,38377,,NIFTY,,2025-12-24,2025-12-24,20000.0,PE,NIFTY25DEC20000PE,205.25,216.0,205.0,210.1,212.4,199.9,22553.35,210.1,274500,5775,485,735213341.25,344,F1,75,,,,,
2025-02-24,2025-02-24,FO,NSE,IDO,58639,,NIFTY,,2026-12-31,2026-12-31,17000.0,PE,NIFTY26DEC17000PE,0.0,0.0,0.0,97.05,97.05,97.05,22553.35,15.1,2850,0,0,0.0,0,F1,75,,,,,
2025-02-24,2025-02-24,FO,NSE,IDO,58643,,NIFTY,,2026-12-31,2026-12-31,19000.0,PE,NIFTY26DEC19000PE,0.0,0.0,0.0,97.45,97.45,97.45,22553.35,79.55,2325,0,0,0.0,0,F1,75,,,,,
2025-02-24,2025-02-24,FO,NSE,IDO,53635,,NIFTY,,2027-12-30,2027-12-30,28000.0,PE,NIFTY27DEC28000PE,0.0,0.0,0.0,4251.0,0.0,4251.0,22553.35,2426.2,0,0,0,0.0,0,F1,75,,,,,
2025-02-24,2025-02-24,FO,NSE,IDO,89635,,NIFTY,,2029-06-28,2029-06-28,26000.0,PE,NIFTY29JUN26000PE,0.0,0.0,0.0,1391.75,1391.75,1391.75,22553.35,1138.8,25,0,0,0.0,0,F1,75,,,,,
2025-02-24,2025-02-24,FO,NSE,IDO,54668,,NIFTY,,2025-04-03,2025-04-03,23250.0,PE,NIFTY2540323250PE,0.0,0.0,0.0,571.6,0.0,571.6,22553.35,718.7,0,0,0,0.0,0,F1,75,,,,,
2025-02-24,2025-02-24,FO,NSE,IDO,54641,,NIFTY,,2025-04-03,2025-04-03,23000.0,PE,NIFTY2540323000PE,0.0,0.0,0.0,420.0,420.0,420.0,22553.35,551.85,300,0,0,0.0,0,F1,75,,,,,
2025-02-24,2025-02-24,FO,NSE,IDO,54635,,NIFTY,,2025-04-03,2025-04-03,22900.0,PE,NIFTY2540322900PE,0.0,0.0,0.0,397.55,0.0,397.55,22553.35,491.6,0,0,0,0.0,0,F1,75,,,,,
2025-02-24,2025-02-24,FO,NSE,IDO,54628,,NIFTY,,2025-04-03,2025-04-03,22750.0,PE,NIFTY2540322750PE,0.0,0.0,0.0,334.8,0.0,334.8,22553.35,408.65,0,0,0,0.0,0,F1,75,,,,,
2025-02-24,2025-02-24,FO,NSE,IDO,54626,,NIFTY,,2025-04-03,2025-04-03,22700.0,PE,NIFTY2540322700PE,0.0,0.0,0.0,315.4,0.0,315.4,22553.35,383.05,0,0,0,0.0,0,F1,75,,,,,
2025-02-24,2025-02-24,FO,NSE,IDO,54622,,NIFTY,,2025-04-03,2025-04-03,22600.0,PE,NIFTY2540322600PE,311.95,312.0,311.95,312.0,312.0,279.0,22553.35,334.8,150,150,2,3436796.25,2,F1,75,,,,,
2025-02-24,2025-02-24,FO,NSE,IDO,54567,,NIFTY,,2025-04-03,2025-04-03,21700.0,PE,NIFTY2540321700PE,0.0,0.0,0.0,73.35,0.0,73.35,22553.35,70.8,0,0,0,0.0,0,F1,75,,,,,
2025-02-24,2025-02-24,FO,NSE,IDO,54559,,NIFTY,,2025-04-03,2025-04-03,21500.0,PE,NIFTY2540321500PE,61.25,61.25,61.25,61.25,61.25,71.2,22553.35,45.55,450,0,1,1617093.75,1,F1,75,,,,,
2025-02-24,2025-02-24,FO,NSE,IDO,54533,,NIFTY,,2025-04-03,2025-04-03,21100.0,PE,NIFTY2540321100PE,24.15,24.15,24.15,24.15,24.15,22.95,22553.35,16.7,75,75,1,1584311.25,1,F1,75,,,,,
2025-02-24,2025-02-24,FO,NSE,IDO,56527,,NIFTY,,2025-03-27,2025-03-27,24550.0,PE,NIFTY25MAR24550PE,0.0,0.0,0.0,1573.3,1573.3,1573.3,22553.35,1868.35,150,0,0,0.0,0,F1,75,,,,,
2025-02-24,2025-02-24,FO,NSE,IDO,55657,,NIFTY,,2025-03-27,2025-03-27,24500.0,PE,NIFTY25MAR24500PE,1690.0,1783.6,1670.0,1741.25,1754.8,1531.05,22553.35,1741.25,720450,294975,5388,10602954022.5,5262,F1,75,,,,,
2025-02-24,2025-02-24,FO,NSE,IDO,55200,,NIFTY,,2025-03-27,2025-03-27,24350.0,PE,NIFTY25MAR24350PE,0.0,0.0,0.0,1107.4,1107.4,1107.4,22553.35,1674.45,14400,0,0,0.0,0,F1,75,,,,,
2025-02-24,2025-02-24,FO,NSE,IDO,64567,,NIFTY,,2025-03-27,2025-03-27,24000.0,PE,NIFTY25MAR24000PE,1176.15,1300.0,1157.35,1261.35,1273.7,1070.95,22553.35,1261.35,1620525,146675,5595,10594354087.5,4522,F1,75,,,,,
2025-02-24,2025-02-24,FO,NSE,IDO,51478,,NIFTY,,2025-03-27,2025-03-27,23700.0,PE,NIFTY25MAR23700PE,942.45,1025.0,942.45,987.45,993.5,825.2,22553.35,987.45,80100,-1800,149,275892033.75,109,F1,75,,,,,
2025-02-24,2025-02-24,FO,NSE,IDO,48212,,NIFTY,,2025-03-27,2025-03-27,22850.0,PE,NIFTY25MAR22850PE,381.45,426.5,374.4,401.4,423.35,328.5,22553.35,401.4,68775,14775,1097,1912976475.0,709,F1,75,,,,,
2025-02-24,2025-02-24,FO,NSE,IDO,46989,,NIFTY,,2025-03-27,2025-03-27,22350.0,PE,NIFTY25MAR22350PE,206.8,222.7,187.0,201.8,205.45,167.8,22553.35,201.8,41400,-7875,1145,1936919730.0,856,F1,75,,,,,
2025-02-24,2025-02-24,FO,NSE,IDO,46985,,NIFTY,,2025-03-27,2025-03-27,22250.0,PE,NIFTY25MAR22250PE,179.0,193.5,160.85,173.3,176.5,143.55,22553.35,173.3,44475,24450,1565,2632403055.0,1327,F1,75,,,,,
2025-02-24,2025-02-24,FO,NSE,IDO,46975,,NIFTY,,2025-03-27,2025-03-27,22150.0,PE,NIFTY25MAR22150PE,152.35,166.05,137.2,149.15,151.95,124.25,22553.35,149.15,55200,36975,1617,2704758581.25,1390,F1,75,,,,,
2025-02-24,2025-02-24,FO,NSE,IDO,50310,,NIFTY,,2025-03-20,2025-03-20,24650.0,PE,NIFTY2532024650PE,0.0,0.0,0.0,1512.9,0.0,1512.9,22553.35,1993.25,0,0,0,0.0,0,F1,75,,,,,
2025-02-24,2025-02-24,FO,NSE,IDO,50274,,NIFTY,,2025-03-20,2025-03-20,23950.0,PE,NIFTY2532023950PE,0.0,0.0,0.0,937.9,0.0,937.9,22553.35,1311.4,0,0,0,0.0,0,F1,75,,,,,
2025-02-24,2025-02-24,FO,NSE,IDO,50240,,NIFTY,,2025-03-20,2025-03-20,23400.0,PE,NIFTY2532023400PE,0.0,0.0,0.0,571.95,0.0,571.95,22553.35,817.85,0,0,0,0.0,0,F1,75,,,,,
2025-02-24,2025-02-24,FO,NSE,IDO,50230,,NIFTY,,2025-03-20,2025-03-20,23150.0,PE,NIFTY2532023150PE,0.0,0.0,0.0,438.3,0.0,438.3,22553.35,620.85,0,0,0,0.0,0,F1,75,,,,,
2025-02-24,2025-02-24,FO,NSE,IDO,50222,,NIFTY,,2025-03-20,2025-03-20,22950.0,PE,NIFTY2532022950PE,450.7,451.5,450.7,451.5,451.5,344.8,22553.35,481.15,525,-225,3,5265228.75,3,F1,75,,,,,
2025-02-24,2025-02-24,FO,NSE,IDO,50206,,NIFTY,,2025-03-20,2025-03-20,22750.0,PE,NIFTY2532022750PE,341.6,341.6,328.8,328.8,328.8,268.6,22553.35,360.05,75,75,2,3462780.0,2,F1,75,,,,,
2025-02-24,2025-02-24,FO,NSE,IDO,50164,,NIFTY,,2025-03-20,2025-03-20,22200.0,PE,NIFTY2532022200PE,134.2,134.2,134.2,134.2,134.2,125.0,22553.35,131.05,225,150,2,3350130.0,1,F1,75,,,,,
2025-02-24,2025-02-24,FO,NSE,IDO,50156,,NIFTY,,2025-03-20,2025-03-20,22100.0,PE,NIFTY2532022100PE,113.1,113.1,106.0,109.15,109.15,100.15,22553.35,109.15,225,225,6,9995051.25,5,F1,75,,,,,
2025-02-24,2025-02-24,FO,NSE,IDO,50130,,NIFTY,,2025-03-20,2025-03-20,21600.0,PE,NIFTY2532021600PE,0.0,0.0,0.0,38.8,0.0,38.8,22553.35,28.1,0,0,0,0.0,0,F1,75,,,,,
2025-02-24,2025-02-24,FO,NSE,IDO,45618,,NIFTY,,2025-03-13,2025-03-13,24750.0,PE,NIFTY2531324750PE,0.0,0.0,0.0,1835.45,1835.45,1835.45,22553.35,2122.0,75,0,0,0.0,0,F1,75,,,,,
2025-02-24,2025-02-24,FO,NSE,IDO,45606,,NIFTY,,2025-03-13,2025-03-13,24500.0,PE,NIFTY2531324500PE,0.0,0.0,0.0,1587.8,1587.8,1587.8,22553.35,1873.15,75,0,0,0.0,0,F1,75,,,,,
2025-02-24,2025-02-24,FO,NSE,IDO,45489,,NIFTY,,2025-03-13,2025-03-13,23000.0,PE,NIFTY2531323000PE,400.0,464.65,399.95,432.9,429.25,337.2,22553.35,432.9,47400,27600,902,1585633773.75,717,F1,75,,,,,
2025-02-24,2025-02-24,FO,NSE,IDO,45477,,NIFTY,,2025-03-13,2025-03-13,22700.0,PE,NIFTY2531322700PE,249.3,298.9,244.8,266.45,268.85,205.25,22553.35,266.45,60300,43725,2687,4629353512.5,1770,F1,75,,,,,
2025-02-24,2025-02-24,FO,NSE,IDO,45427,,NIFTY,,2025-03-13,2025-03-13,21700.0,PE,NIFTY2531321700PE,32.8,37.85,28.85,31.65,31.7,24.75,22553.35,31.65,32025,24075,877,1429429327.5,398,F1,75,,,,,
2025-02-24,2025-02-24,FO,NSE,IDO,45420,,NIFTY,,2025-03-13,2025-03-13,21600.0,PE,NIFTY2531321600PE,22.6,30.6,22.3,25.0,25.4,20.1,22553.35,25.0,17775,11250,644,1044534551.25,427,F1,75,,,,,
2025-02-24,2025-02-24,FO,NSE,IDO,68657,,NIFTY,,2025-03-06,2025-03-06,25050.0,PE,NIFTY2530625050PE,0.0,0.0,0.0,2159.9,2159.9,2159.9,22553.35,2452.1,300,0,0,0.0,0,F1,75,,,,,
2025-02-24,2025-02-24,FO,NSE,IDO,68655,,NIFTY,,2025-03-06,2025-03-06,25000.0,PE,NIFTY2530625000PE,2285.0,2344.0,2285.0,2331.0,2335.0,2117.4,22553.35,2331.0,8475,1200,35,71716110.0,14,F1,75,,,,,
2025-02-24,2025-02-24,FO,NSE,IDO,68630,,NIFTY,,2025-03-06,2025-03-06,24700.0,PE,NIFTY2530624700PE,2004.0,2060.0,2004.0,2008.0,2008.0,1811.4,22553.35,2102.7,1200,825,15,30074700.0,14,F1,75,,,,,
2025-02-24,2025-02-24,FO,NSE,IDO,68591,,NIFTY,,2025-03-06,2025-03-06,23900.0,PE,NIFTY2530623900PE,1166.75,1229.0,1166.75,1210.0,1210.0,1025.0,22553.35,1305.0,1200,150,20,37653266.25,14,F1,75,,,,,
2025-02-24,2025-02-24,FO,NSE,IDO,68583,,NIFTY,,2025-03-06,2025-03-06,23700.0,PE,NIFTY2530623700PE,1001.0,1063.0,997.0,1045.0,1045.0,847.5,22553.35,1045.0,8625,4050,61,113111103.75,29,F1,75,,,,,
2025-02-24,2025-02-24,FO,NSE,IDO,68577,,NIFTY,,2025-03-06,2025-03-06,23550.0,PE,NIFTY2530623550PE,0.0,0.0,0.0,619.85,619.85,619.85,22553.35,960.6,225,0,0,0.0,0,F1,75,,,,,
2025-02-24,2025-02-24,FO,NSE,IDO,68473,,NIFTY,,2025-03-06,2025-03-06,23100.0,PE,NIFTY2530623100PE,435.05,519.25,423.5,484.45,486.8,356.55,22553.35,484.45,132000,1350,1345,2378072557.5,852,F1,75,,,,,
2025-02-24,2025-02-24,FO,NSE,IDO,68424,,NIFTY,,2025-03-06,2025-03-06,22150.0,PE,NIFTY2530622150PE,51.2,65.45,44.05,49.3,51.1,37.45,22553.35,49.3,70575,22725,6836,11384060343.75,4230,F1,75,,,,,
2025-02-24,2025-02-24,FO,NSE,IDO,68406,,NIFTY,,2025-03-06,2025-03-06,21750.0,PE,NIFTY2530621750PE,16.9,20.8,13.6,15.1,15.0,12.4,22553.35,15.1,65475,43650,3896,6360161471.25,2598,F1,75,,,,,
2025-02-24,2025-02-24,FO,NSE,IDO,57709,,NIFTY,,2025-02-27,2025-02-27,26400.0,PE,NIFTY25FEB26400PE,0.0,0.0,0.0,3437.6,3437.6,3437.6,22553.35,3832.55,2175,0,0,0.0,0,F1,75,,,,,
2025-02-24,2025-02-24,FO,NSE,IDO,57706,,NIFTY,,2025-02-27,2025-02-27,26350.0,PE,NIFTY25FEB26350PE,0.0,0.0,0.0,3313.95,3313.95,3313.95,22553.35,3782.6,75,0,0,0.0,0,F1,75,,,,,
2025-02-24,2025-02-24,FO,NSE,IDO,57688,,NIFTY,,2025-02-27,2025-02-27,26100.0,PE,NIFTY25FEB26100PE,0.0,0.0,0.0,3057.65,3059.25,3057.65,22553.35,3532.7,6150,0,0,0.0,0,F1,75,,,,,
2025-02-24,2025-02-24,FO,NSE,IDO,57640,,NIFTY,,2025-02-27,2025-02-27,24950.0,PE,NIFTY25FEB24950PE,0.0,0.0,0.0,1957.35,1957.35,1957.35,22553.35,2383.3,150,0,0,0.0,0,F1,75,,,,,
2025-02-24,2025-02-24,FO,NSE,IDO,57616,,NIFTY,,2025-02-27,2025-02-27,24350.0,PE,NIFTY25FEB24350PE,1715.0,1764.75,1715.0,1764.75,1764.75,1539.0,22553.35,1783.65,7050,-150,2,3913481.25,2,F1,75,,,,,
2025-02-24,2025-02-24,FO,NSE,IDO,57614,,NIFTY,,2025-02-27,2025-02-27,24300.0,PE,NIFTY25FEB24300PE,1657.8,1721.8,1636.5,1686.75,1696.4,1491.65,22553.35,1686.75,102825,-7050,137,266878710.0,108,F1,75,,,,,
2025-02-24,2025-02-24,FO,NSE,IDO,55622,,NIFTY,,2025-02-27,2025-02-27,22550.0,PE,NIFTY25FEB22550PE,70.0,108.0,60.25,74.15,75.0,49.25,22553.35,74.15,3736875,2909475,1866629,3168825717495.0,1015704,F1,75,,,,,
2025-02-24,2025-02-24,FO,NSE,IDO,55614,,NIFTY,,2025-02-27,2025-02-27,22350.0,PE,NIFTY25FEB22350PE,37.0,44.8,21.75,26.3,25.8,19.55,22553.35,26.3,1909275,931125,661262,1110038353038.75,292142,F1,75,,,,,
2025-02-24,2025-02-24,FO,NSE,IDO,55610,,NIFTY,,2025-02-27,2025-02-27,22250.0,PE,NIFTY25FEB22250PE,15.05,27.5,13.4,15.3,14.6,12.35,22553.35,15.3,1523025,412125,615552,1028104148276.25,207373,F1,75,,,,,
2025-02-24,2025-02-24,FO,NSE,IDO,55608,,NIFTY,,2025-02-27,2025-02-27,22200.0,PE,NIFTY25FEB22200PE,17.0,22.8,10.8,11.85,11.5,10.05,22553.35,11.85,3109500,17100,804350,1340168784697.5,245468,F1,75,,,,,
2025-02-24,2025-02-24,FO,NSE,IDO,67782,,NIFTY,,2028-12-28,2028-12-28,24000.0,CE,NIFTY28DEC24000CE,0.0,0.0,0.0,5850.3,0.0,5850.3,22553.35,4596.4,0,0,0,0.0,0,F1,75,,,,,
2025-02-24,2025-02-24,FO,NSE,IDO,86163,,NIFTY,,2028-06-29,2028-06-29,27000.0,CE,NIFTY28JUN27000CE,0.0,0.0,0.0,2885.15,0.0,2885.15,22553.35,2584.5,0,0,0,0.0,0,F1,75,,,,,
2025-02-24,2025-02-24,FO,NSE,IDO,53628,,NIFTY,,2027-12-30,2027-12-30,26000.0,CE,NIFTY27DEC26000CE,0.0,0.0,0.0,3162.4,0.0,3162.4,22553.35,2481.9,0,0,0,0.0,0,F1,75,,,,,
2025-02-24,2025-02-24,FO,NSE,IDO,53607,,NIFTY,,2027-12-30,2027-12-30,20000.0,CE,NIFTY27DEC20000CE,0.0,0.0,0.0,5333.85,0.0,5333.85,22553.35,6105.2,0,0,0,0.0,0,F1,75,,,,,
2025-02-24,2025-02-24,FO,NSE,IDO,50549,,NIFTY,,2027-06-24,2027-06-24,28000.0,CE,NIFTY27JUN28000CE,0.0,0.0,0.0,2186.3,0.0,2186.3,22553.35,1223.75,0,0,0,0.0,0,F1,75,,,,,
2025-02-24,2025-02-24,FO,NSE,IDO,58648,,NIFTY,,2026-12-31,2026-12-31,22000.0,CE,NIFTY26DEC22000CE,0.0,0.0,0.0,3039.0,0.0,3039.0,22553.35,3499.1,0,0,0,0.0,0,F1,75,,,,,
2025-02-24,2025-02-24,FO,NSE,IDO,58642,,NIFTY,,2026-12-31,2026-12-31,19000.0,CE,NIFTY26DEC19000CE,0.0,0.0,0.0,8600.0,8600.0,8600.0,22553.35,5784.85,125,0,0,0.0,0,F1,75,,,,,
2025-02-24,2025-02-24,FO,NSE,IDO,50545,,NIFTY,,2026-06-25,2026-06-25,28000.0,CE,NIFTY26JUN28000CE,0.0,0.0,0.0,1533.95,0.0,1533.95,22553.35,409.25,0,0,0,0.0,0,F1,75,,,,,
2025-02-24,2025-02-24,FO,NSE,IDO,71476,,NIFTY,,2026-06-25,2026-06-25,26000.0,CE,NIFTY26JUN26000CE,921.0,921.0,921.0,921.0,921.0,921.0,22553.35,866.35,1000,0,2,4038150.0,2,F1,75,,,,,
2025-02-24,2025-02-24,FO,NSE,IDO,71474,,NIFTY,,2026-06-25,2026-06-25,25000.0,CE,NIFTY26JUN25000CE,0.0,0.0,0.0,1510.4,0.0,1510.4,22553.35,1212.7,0,0,0,0.0,0,F1,75,,,,,
2025-02-24,2025-02-24,FO,NSE,IDO,50971,,NIFTY,,2025-12-24,2025-12-24,27000.0,CE,NIFTY25DEC27000CE,247.95,247.95,216.45,221.3,220.75,256.45,22553.35,221.3,417350,3075,596,1217110691.25,471,F1,75,,,,,
2025-02-24,2025-02-24,FO,NSE,IDO,37795,,NIFTY,,2025-12-24,2025-12-24,23000.0,CE,NIFTY25DEC23000CE,1660.0,1665.7,1590.35,1602.35,1600.0,1740.35,22553.35,1602.35,214525,10350,367,677740665.0,295,F1,75,,,,,
2025-02-24,2025-02-24,FO,NSE,IDO,64696,,NIFTY,,2025-09-25,2025-09-25,26000.0,CE,NIFTY25SEP26000CE,193.15,200.0,170.2,177.55,181.0,206.7,22553.35,177.55,7950,3825,125,245477943.75,97,F1,75,,,,,
2025-02-24,2025-02-24,FO,NSE,IDO,64682,,NIFTY,,2025-09-25,2025-09-25,19000.0,CE,NIFTY25SEP19000CE,0.0,0.0,0.0,8559.0,0.0,8559.0,22553.35,4275.45,0,0,0,0.0,0,F1,75,,,,,
2025-02-24,2025-02-24,FO,NSE,IDO,79674,,NIFTY,,2025-04-24,2025-04-24,24800.0,CE,NIFTY25APR24800CE,39.0,39.0,27.3,28.15,27.3,42.7,22553.35,28.15,28425,-64500,1673,3116002725.0,527,F1,75,,,,,
2025-02-24,2025-02-24,FO,NSE,IDO,79644,,NIFTY,,2025-04-24,2025-04-24,24600.0,CE,NIFTY25APR24600CE,52.25,52.25,35.8,36.45,35.8,61.4,22553.35,36.45,16350,8400,305,563740192.5,89,F1,75,,,,,
2025-02-24,2025-02-24,FO,NSE,IDO,79415,,NIFTY,,2025-04-24,2025-04-24,22850.0,CE,NIFTY25APR22850CE,517.15,530.0,504.55,504.55,504.55,659.4,22553.35,504.55,1875,75,24,42056673.75,7,F1,75,,,,,
2025-02-24,2025-02-24,FO,NSE,IDO,79411,,NIFTY,,2025-04-24,2025-04-24,22800.0,CE,NIFTY25APR22800CE,625.05,625.05,525.0,535.45,530.0,694.65,22553.35,535.45,42600,3975,503,881041867.5,249,F1,75,,,,,
2025-02-24,2025-02-24,FO,NSE,IDO,79400,,NIFTY,,2025-04-24,2025-04-24,22650.0,CE,NIFTY25APR22650CE,661.2,661.2,618.0,619.35,618.0,783.3,22553.35,619.35,600,450,12,20945441.25,6,F1,75,,,,,
2025-02-24,2025-02-24,FO,NSE,IDO,79390,,NIFTY,,2025-04-24,2025-04-24,22450.0,CE,NIFTY25APR22450CE,0.0,0.0,0.0,1438.25,0.0,1438.25,22553.35,665.6,0,0,0,0.0,0,F1,75,,,,,
2025-02-24,2025-02-24,FO,NSE,IDO,79291,,NIFTY,,2025-04-24,2025-04-24,22100.0,CE,NIFTY25APR22100CE,0.0,0.0,0.0,1186.3,1186.3,1186.3,22553.35,892.7,450,0,0,0.0,0,F1,75,,,,,
2025-02-24,2025-02-24,FO,NSE,IDO,79287,,NIFTY,,2025-04-24,2025-04-24,22050.0,CE,NIFTY25APR22050CE,0.0,0.0,0.0,1741.0,0.0,1741.0,22553.35,928.1,0,0,0,0.0,0,F1,75,,,,,
2025-02-24,2025-02-24,FO,NSE,IDO,79253,,NIFTY,,2025-04-24,2025-04-24,21450.0,CE,NIFTY25APR21450CE,0.0,0.0,0.0,2242.1,0.0,2242.1,22553.35,1402.6,0,0,0,0.0,0,F1,75,,,,,
2025-02-24,2025-02-24,FO,NSE,IDO,79231,,NIFTY,,2025-04-24,2025-04-24,21050.0,CE,NIFTY25APR21050CE,0.0,0.0,0.0,2599.7,0.0,2599.7,22553.35,1758.45,0,0,0,0.0,0,F1,75,,,,,
2025-02-24,2025-02-24,FO,NSE,IDO,54854,,NIFTY,,2025-04-03,2025-04-03,24450.0,CE,NIFTY2540324450CE,0.0,0.0,0.0,96.9,0.0,96.9,22553.35,17.35,0,0,0,0.0,0,F1,75,,,,,
2025-02-24,2025-02-24,FO,NSE,IDO,54841,,NIFTY,,2025-04-03,2025-04-03,24200.0,CE,NIFTY2540324200CE,0.0,0.0,0.0,137.5,0.0,137.5,22553.35,30.4,0,0,0,0.0,0,F1,75,,,,,
2025-02-24,2025-02-24,FO,NSE,IDO,54667,,NIFTY,,2025-04-03,2025-04-03,23250.0,CE,NIFTY2540323250CE,0.0,0.0,0.0,426.05,0.0,426.05,22553.35,178.85,0,0,0,0.0,0,F1,75,,,,,
2025-02-24,2025-02-24,FO,NSE,IDO,54665,,NIFTY,,2025-04-03,2025-04-03,23200.0,CE,NIFTY2540323200CE,0.0,0.0,0.0,448.4,0.0,448.4,22553.35,193.35,0,0,0,0.0,0,F1,75,,,,,
2025-02-24,2025-02-24,FO,NSE,IDO,54642,,NIFTY,,2025-04-03,2025-04-03,23050.0,CE,NIFTY2540323050CE,0.0,0.0,0.0,520.2,0.0,520.2,22553.35,242.2,0,0,0,0.0,0,F1,75,,,,,
2025-02-24,2025-02-24,FO,NSE,IDO,54570,,NIFTY,,2025-04-03,2025-04-03,21800.0,CE,NIFTY2540321800CE,0.0,0.0,0.0,1379.55,0.0,1379.55,22553.35,987.45,0,0,0,0.0,0,F1,75,,,,,
2025-02-24,2025-02-24,FO,NSE,IDO,56888,,NIFTY,,2025-03-27,2025-03-27,25600.0,CE,NIFTY25MAR25600CE,6.45,7.05,6.1,6.65,6.5,6.75,22553.35,6.65,13425,1050,119,228539407.5,88,F1,75,,,,,
2025-02-24,2025-02-24,FO,NSE,IDO,64570,,NIFTY,,2025-03-27,2025-03-27,25000.0,CE,NIFTY25MAR25000CE,9.25,9.25,7.45,7.65,7.55,9.55,22553.35,7.65,3305775,-33500,19540,36649551420.0,10139,F1,75,,,,,
2025-02-24,2025-02-24,FO,NSE,IDO,56526,,NIFTY,,2025-03-27,2025-03-27,24550.0,CE,NIFTY25MAR24550CE,13.55,13.7,10.0,10.2,10.4,16.05,22553.35,10.2,28500,-3450,214,394210080.0,95,F1,75,,,,,
2025-02-24,2025-02-24,FO,NSE,IDO,55102,,NIFTY,,2025-03-27,2025-03-27,24250.0,CE,NIFTY25MAR24250CE,23.3,24.3,15.05,15.55,15.4,28.6,22553.35,15.55,52425,-4275,1113,2025766612.5,579,F1,75,,,,,
2025-02-24,2025-02-24,FO,NSE,IDO,54819,,NIFTY,,2025-03-27,2025-03-27,24150.0,CE,NIFTY25MAR24150CE,29.05,29.05,17.8,17.95,18.1,35.95,22553.35,17.95,32250,-3300,604,1094981655.0,274,F1,75,,,,,
2025-02-24,2025-02-24,FO,NSE,IDO,64564,,NIFTY,,2025-03-27,2025-03-27,23000.0,CE,NIFTY25MAR23000CE,310.0,315.0,220.45,230.1,225.0,357.6,22553.35,230.1,3211950,1079650,61668,107523592132.5,34406,F1,75,,,,,
2025-02-24,2025-02-24,FO,NSE,IDO,46997,,NIFTY,,2025-03-27,2025-03-27,22500.0,CE,NIFTY25MAR22500CE,600.0,600.0,477.35,495.2,490.95,660.5,22553.35,495.2,1070100,711975,26533,45793052962.5,19294,F1,75,,,,,
2025-02-24,2025-02-24,FO,NSE,IDO,46918,,NIFTY,,2025-03-27,2025-03-27,21800.0,CE,NIFTY25MAR21800CE,1075.0,1075.0,995.0,1015.5,1009.15,1223.0,22553.35,1015.5,5625,4125,80,136928066.25,29,F1,75,,,,,
2025-02-24,2025-02-24,FO,NSE,IDO,46880,,NIFTY,,2025-03-27,2025-03-27,21500.0,CE,NIFTY25MAR21500CE,1364.95,1366.85,1260.0,1284.1,1277.0,1498.05,22553.35,1284.1,233325,67950,1551,2652599531.25,1069,F1,75,,,,,
2025-02-24,2025-02-24,FO,NSE,IDO,50296,,NIFTY,,2025-03-20,2025-03-20,24400.0,CE,NIFTY2532024400CE,12.0,12.7,7.25,7.25,7.25,26.15,22553.35,4.1,900,300,10,18306866.25,9,F1,75,,,,,
2025-02-24,2025-02-24,FO,NSE,IDO,50261,,NIFTY,,2025-03-20,2025-03-20,23850.0,CE,NIFTY2532023850CE,54.6,54.6,30.65,30.65,30.65,209.15,22553.35,22.45,75,75,2,3583893.75,2,F1,75,,,,,
2025-02-24,2025-02-24,FO,NSE,IDO,50259,,NIFTY,,2025-03-20,2025-03-20,23800.0,CE,NIFTY2532023800CE,42.5,42.55,22.7,24.25,24.45,50.95,22553.35,24.25,11625,9450,267,477135236.25,110,F1,75,,,,,
2025-02-24,2025-02-24,FO,NSE,IDO,50241,,NIFTY,,2025-03-20,2025-03-20,23450.0,CE,NIFTY2532023450CE,0.0,0.0,0.0,343.75,0.0,343.75,22553.35,63.1,0,0,0,0.0,0,F1,75,,,,,
2025-02-24,2025-02-24,FO,NSE,IDO,50165,,NIFTY,,2025-03-20,2025-03-20,22250.0,CE,NIFTY2532022250CE,0.0,0.0,0.0,1062.95,0.0,1062.95,22553.35,543.95,0,0,0,0.0,0,F1,75,,,,,
2025-02-24,2025-02-24,FO,NSE,IDO,50139,,NIFTY,,2025-03-20,2025-03-20,21850.0,CE,NIFTY2532021850CE,0.0,0.0,0.0,1395.25,0.0,1395.25,22553.35,853.35,0,0,0,0.0,0,F1,75,,,,,
2025-02-24,2025-02-24,FO,NSE,IDO,50115,,NIFTY,,2025-03-20,2025-03-20,21350.0,CE,NIFTY2532021350CE,0.0,0.0,0.0,1850.6,0.0,1850.6,22553.35,1307.05,0,0,0,0.0,0,F1,75,,,,,
2025-02-24,2025-02-24,FO,NSE,IDO,50109,,NIFTY,,2025-03-20,2025-03-20,21250.0,CE,NIFTY2532021250CE,0.0,0.0,0.0,1945.25,0.0,1945.25,22553.35,1402.9,0,0,0,0.0,0,F1,75,,,,,
2025-02-24,2025-02-24,FO,NSE,IDO,50103,,NIFTY,,2025-03-20,2025-03-20,21200.0,CE,NIFTY2532021200CE,0.0,0.0,0.0,1992.95,0.0,1992.95,22553.35,1451.2,0,0,0,0.0,0,F1,75,,,,,
2025-02-24,2025-02-24,FO,NSE,IDO,50101,,NIFTY,,2025-03-20,2025-03-20,21150.0,CE,NIFTY2532021150CE,0.0,0.0,0.0,2040.8,0.0,2040.8,22553.35,1499.75,0,0,0,0.0,0,F1,75,,,,,
2025-02-24,2025-02-24,FO,NSE,IDO,50095,,NIFTY,,2025-03-20,2025-03-20,21100.0,CE,NIFTY2532021100CE,0.0,0.0,0.0,2088.8,0.0,2088.8,22553.35,1548.45,0,0,0,0.0,0,F1,75,,,,,
2025-02-24,2025-02-24,FO,NSE,IDO,45638,,NIFTY,,2025-03-13,2025-03-13,25000.0,CE,NIFTY2531325000CE,2.95,3.0,2.55,2.9,2.95,2.8,22553.35,2.9,35475,-8925,355,665700450.0,103,F1,75,,,,,
2025-02-24,2025-02-24,FO,NSE,IDO,45621,,NIFTY,,2025-03-13,2025-03-13,24850.0,CE,NIFTY2531324850CE,2.85,3.6,2.85,3.6,3.6,4.35,22553.35,0.1,1275,450,23,42871455.0,7,F1,75,,,,,
2025-02-24,2025-02-24,FO,NSE,IDO,45536,,NIFTY,,2025-03-13,2025-03-13,23650.0,CE,NIFTY2531323650CE,30.0,30.0,16.2,16.65,16.65,46.1,22553.35,16.65,4875,3600,148,262735537.5,61,F1,75,,,,,
2025-02-24,2025-02-24,FO,NSE,IDO,45486,,NIFTY,,2025-03-13,2025-03-13,22950.0,CE,NIFTY2531322950CE,214.3,214.3,138.85,142.2,139.35,260.8,22553.35,142.2,16575,13050,389,674154180.0,264,F1,75,,,,,
2025-02-24,2025-02-24,FO,NSE,IDO,45484,,NIFTY,,2025-03-13,2025-03-13,22900.0,CE,NIFTY2531322900CE,242.1,242.1,156.15,160.8,158.35,288.65,22553.35,160.8,42600,21075,1141,1975033657.5,795,F1,75,,,,,
2025-02-24,2025-02-24,FO,NSE,IDO,45410,,NIFTY,,2025-03-13,2025-03-13,21400.0,CE,NIFTY2531321400CE,0.0,0.0,0.0,1508.25,1508.25,1508.25,22553.35,1224.4,75,0,0,0.0,0,F1,75,,,,,
2025-02-24,2025-02-24,FO,NSE,IDO,68666,,NIFTY,,2025-03-06,2025-03-06,25150.0,CE,NIFTY2530625150CE,2.1,2.25,1.9,1.95,1.95,1.9,22553.35,1.95,1500,-900,33,62251290.0,24,F1,75,,,,,
2025-02-24,2025-02-24,FO,NSE,IDO,68623,,NIFTY,,2025-03-06,2025-03-06,24600.0,CE,NIFTY2530624600CE,2.05,2.55,2.0,2.3,2.15,2.35,22553.35,2.3,44250,-14550,1109,2046297600.0,436,F1,75,,,,,
2025-02-24,2025-02-24,FO,NSE,IDO,68452,,NIFTY,,2025-03-06,2025-03-06,22650.0,CE,NIFTY2530622650CE,286.95,289.0,192.3,201.95,196.35,360.4,22553.35,201.95,141150,120900,13340,22883567115.0,9265,F1,75,,,,,
2025-02-24,2025-02-24,FO,NSE,IDO,57673,,NIFTY,,2025-02-27,2025-02-27,25750.0,CE,NIFTY25FEB25750CE,0.95,1.3,0.75,0.95,1.2,0.85,22553.35,0.95,107100,70875,6515,12582540536.25,2167,F1,75,,,,,
2025-02-24,2025-02-24,FO,NSE,IDO,57671,,NIFTY,,2025-02-27,2025-02-27,25700.0,CE,NIFTY25FEB25700CE,0.85,1.4,0.8,0.95,0.8,0.9,22553.35,0.95,53175,-5925,7875,15179605305.0,2116,F1,75,,,,,
2025-02-24,2025-02-24,FO,NSE,IDO,57661,,NIFTY,,2025-02-27,2025-02-27,25450.0,CE,NIFTY25FEB25450CE,0.8,1.9,0.75,1.05,1.15,0.9,22553.35,1.05,56625,7950,8235,15719146586.25,2178,F1,75,,,,,
2025-02-24,2025-02-24,FO,NSE,IDO,57623,,NIFTY,,2025-02-27,2025-02-27,24550.0,CE,NIFTY25FEB24550CE,1.2,1.4,1.0,1.1,1.1,1.05,22553.35,1.1,313275,36900,28143,51820725142.5,5288,F1,75,,,,,
2025-02-24,2025-02-24,FO,NSE,IDO,57619,,NIFTY,,2025-02-27,2025-02-27,24450.0,CE,NIFTY25FEB24450CE,1.0,2.55,0.8,1.15,1.2,1.15,22553.35,1.15,231750,8550,25065,45965235821.25,5006,F1,75,,,,,
2025-02-24,2025-02-24,FO,NSE,IDO,57601,,NIFTY,,2025-02-27,2025-02-27,24000.0,CE,NIFTY25FEB24000CE,1.35,1.95,1.35,1.6,1.6,1.6,22553.35,1.6,11929800,-341775,595367,1071731277705.0,103374,F1,75,,,,,
2025-02-24,2025-02-24,FO,NSE,IDO,57597,,NIFTY,,2025-02-27,2025-02-27,23900.0,CE,NIFTY25FEB23900CE,1.55,2.05,1.35,1.65,1.55,1.75,22553.35,1.65,2234775,-870225,163961,293920672278.75,40748,F1,75,,,,,
2025-02-24,2025-02-24,FO,NSE,IDO,57583,,NIFTY,,2025-02-27,2025-02-27,23550.0,CE,NIFTY25FEB23550CE,3.2,3.6,2.0,2.15,2.05,4.3,22553.35,2.15,1548900,-287850,239436,422949046410.0,59023,F1,75,,,,,
2025-02-24,2025-02-24,FO,NSE,IDO,55653,,NIFTY,,2025-02-27,2025-02-27,23350.0,CE,NIFTY25FEB23350CE,5.95,6.95,2.8,3.05,2.95,10.8,22553.35,3.05,2958750,1293375,445110,779635129916.25,113815,F1,75,,,,,
2025-02-24,2025-02-24,FO,NSE,IDO,55641,,NIFTY,,2025-02-27,2025-02-27,23050.0,CE,NIFTY25FEB23050CE,30.0,30.0,8.1,8.8,8.2,53.15,22553.35,8.8,2982750,661725,695397,1202853804791.25,189545,F1,75,,,,,
2025-02-24,2025-02-24,FO,NSE,IDO,55609,,NIFTY,,2025-02-27,2025-02-27,22250.0,CE,NIFTY25FEB22250CE,478.05,478.05,349.5,378.1,370.05,584.95,22553.35,378.1,64725,49950,4883,8289604593.75,2734,F1,75,,,,,
2025-02-24,2025-02-24,FO,NSE,IDO,55607,,NIFTY,,2025-02-27,2025-02-27,22200.0,CE,NIFTY25FEB22200CE,500.0,528.25,391.55,427.15,418.0,623.85,22553.35,427.15,59100,13650,11962,20308976636.25,7097,F1,75,,,,,
2025-02-24,2025-02-24,FO,NSE,IDO,55599,,NIFTY,,2025-02-27,2025-02-27,22000.0,CE,NIFTY25FEB22000CE,700.0,721.6,580.0,617.95,611.0,822.85,22553.35,617.95,692850,-103800,13754,23344069830.0,9180,F1,75,,,,,
2025-02-24,2025-02-24,FO,NSE,IDO,55597,,NIFTY,,2025-02-27,2025-02-27,21950.0,CE,NIFTY25FEB21950CE,755.05,755.05,635.9,668.6,668.6,891.2,22553.35,668.6,1125,150,48,81465108.75,48,F1,75,,,,,
2025-02-24,2025-02-24,FO,NSE,IDO,55585,,NIFTY,,2025-02-27,2025-02-27,21650.0,CE,NIFTY25FEB21650CE,0.0,0.0,0.0,1378.85,1383.8,1378.85,22553.35,914.95,150,0,0,0.0,0,F1,75,,,,,
2025-02-24,2025-02-24,FO,NSE,IDO,55575,,NIFTY,,2025-02-27,2025-02-27,21500.0,CE,NIFTY25FEB21500CE,1160.0,1172.55,1077.6,1113.75,1105.9,1321.4,22553.35,1113.75,402750,-96675,3225,5472470156.25,2368,F1,75,,,,,
2025-02-24,2025-02-24,FO,NSE,IDO,55569,,NIFTY,,2025-02-27,2025-02-27,21350.0,CE,NIFTY25FEB21350CE,0.0,0.0,0.0,1684.55,1684.55,1684.55,22553.35,1214.75,375,0,0,0.0,0,F1,75,,,,,
2025-02-24,2025-02-24,FO,NSE,IDO,55563,,NIFTY,,2025-02-27,2025-02-27,21200.0,CE,NIFTY25FEB21200CE,0.0,0.0,0.0,1705.0,1705.0,1705.0,22553.35,1364.65,1575,0,0,0.0,0,F1,75,,,,,
2025-02-24,2025-02-24,FO,NSE,IDO,54847,,NIFTY,,2025-04-03,2025-04-03,24300.0,PE,NIFTY2540324300PE,0.0,0.0,0.0,1306.8,0.0,1306.8,22553.35,1607.2,0,0,0,0.0,0,F1,75,,,,,
2025-02-24,2025-02-24,FO,NSE,IDO,54857,,NIFTY,,2025-04-03,2025-04-03,24450.0,PE,NIFTY2540324450PE,0.0,0.0,0.0,1432.6,0.0,1432.6,22553.35,1749.15,0,0,0,0.0,0,F1,75,,,,,
2025-02-24,2025-02-24,FO,NSE,IDO,79271,,NIFTY,,2025-04-24,2025-04-24,21850.0,PE,NIFTY25APR21850PE,0.0,0.0,0.0,134.65,134.65,134.65,22553.35,144.9,150,0,0,0.0,0,F1,75,,,,,
2025-02-24,2025-02-24,FO,NSE,IDO,79286,,NIFTY,,2025-04-24,2025-04-24,22000.0,PE,NIFTY25APR22000PE,186.7,201.65,168.5,183.8,188.0,163.7,22553.35,183.8,475350,51225,4414,7345575836.25,2605,F1,75,,,,,
2025-02-24,2025-02-24,FO,NSE,IDO,79435,,NIFTY,,2025-04-24,2025-04-24,23050.0,PE,NIFTY25APR23050PE,543.85,543.85,535.6,535.9,536.15,468.5,22553.35,535.9,1950,1800,28,49538512.5,8,F1,75,,,,,
2025-02-24,2025-02-24,FO,NSE,IDO,79437,,NIFTY,,2025-04-24,2025-04-24,23100.0,PE,NIFTY25APR23100PE,573.0,603.85,554.0,561.7,575.8,498.45,22553.35,561.7,16575,5700,257,456151728.75,84,F1,75,,,,,
2025-02-24,2025-02-24,FO,NSE,IDO,79512,,NIFTY,,2025-04-24,2025-04-24,23750.0,PE,NIFTY25APR23750PE,0.0,0.0,0.0,751.25,751.25,751.25,22553.35,1104.45,2925,0,0,0.0,0,F1,75,,,,,
2025-02-24,2025-02-24,FO,NSE,IDO,79611,,NIFTY,,2025-04-24,2025-04-24,24200.0,PE,NIFTY25APR24200PE,1386.55,1386.55,1325.5,1362.4,1362.4,1199.4,22553.35,1475.6,2550,75,8,15338175.0,5,F1,75,,,,,
2025-02-24,2025-02-24,FO,NSE,IDO,79635,,NIFTY,,2025-04-24,2025-04-24,24350.0,PE,NIFTY25APR24350PE,0.0,0.0,0.0,1128.5,0.0,1128.5,22553.35,1607.05,0,0,0,0.0,0,F1,75,,,,,
2025-02-24,2025-02-24,FO,NSE,IDO,68484,,NIFTY,,2025-03-06,2025-03-06,23400.0,CE,NIFTY2530623400CE,30.55,34.85,12.95,13.5,13.25,47.7,22553.35,13.5,462525,113400,33672,59140946415.0,22364,F1,75,,,,,
2025-02-24,2025-02-24,FO,NSE,IDO,55557,,NIFTY,,2025-02-27,2025-02-27,21050.0,CE,NIFTY25FEB21050CE,0.0,0.0,0.0,3271.7,0.0,3271.7,22553.35,1514.6,0,0,0,0.0,0,F1,75,,,,,
2025-02-24,2025-02-24,FO,NSE,IDO,55589,,NIFTY,,2025-02-27,2025-02-27,21750.0,CE,NIFTY25FEB21750CE,0.0,0.0,0.0,1286.5,1290.3,1286.5,22553.35,815.05,150,0,0,0.0,0,F1,75,,,,,
2025-02-24,2025-02-24,FO,NSE,IDO,55637,,NIFTY,,2025-02-27,2025-02-27,22950.0,CE,NIFTY25FEB22950CE,46.45,49.65,12.9,14.15,13.2,85.4,22553.35,14.15,3105825,906450,587566,1012300178760.0,211713,F1,75,,,,,
2025-02-24,2025-02-24,FO,NSE,IDO,57591,,NIFTY,,2025-02-27,2025-02-27,23750.0,CE,NIFTY25FEB23750CE,2.25,2.3,1.55,1.8,1.55,2.3,22553.35,1.8,1536225,-74250,192180,342348193466.25,44108,F1,75,,,,,
2025-02-24,2025-02-24,FO,NSE,IDO,57613,,NIFTY,,2025-02-27,2025-02-27,24300.0,CE,NIFTY25FEB24300CE,1.2,1.55,1.05,1.2,1.1,1.15,22553.35,1.2,2128275,100500,211898,386203895568.75,36853,F1,75,,,,,
2025-02-24,2025-02-24,FO,NSE,IDO,57635,,NIFTY,,2025-02-27,2025-02-27,24850.0,CE,NIFTY25FEB24850CE,0.9,2.25,0.85,1.05,0.95,1.0,22553.35,1.05,201150,79575,19420,36195542073.75,4003,F1,75,,,,,
2025-02-24,2025-02-24,FO,NSE,IDO,57657,,NIFTY,,2025-02-27,2025-02-27,25350.0,CE,NIFTY25FEB25350CE,0.7,2.0,0.65,1.0,2.0,0.95,22553.35,1.0,44625,300,2448,4654432181.25,1078,F1,75,,,,,
2025-02-24,2025-02-24,FO,NSE,IDO,57659,,NIFTY,,2025-02-27,2025-02-27,25400.0,CE,NIFTY25FEB25400CE,0.8,1.6,0.75,1.0,1.35,0.95,22553.35,1.0,155700,375,11959,22782737171.25,3715,F1,75,,,,,
2025-02-24,2025-02-24,FO,NSE,IDO,57679,,NIFTY,,2025-02-27,2025-02-27,25900.0,CE,NIFTY25FEB25900CE,1.0,1.4,0.75,1.0,1.1,0.85,22553.35,1.0,126900,-3375,15121,29373538987.5,3794,F1,75,,,,,
2025-02-24,2025-02-24,FO,NSE,IDO,57699,,NIFTY,,2025-02-27,2025-02-27,26250.0,CE,NIFTY25FEB26250CE,1.0,1.75,0.65,0.9,0.95,0.8,22553.35,0.9,79650,36975,8399,16536074583.75,2404,F1,75,,,,,
2025-02-24,2025-02-24,FO,NSE,IDO,68382,,NIFTY,,2025-03-06,2025-03-06,21250.0,CE,NIFTY2530621250CE,0.0,0.0,0.0,1630.3,1630.3,1630.3,22553.35,1341.55,75,0,0,0.0,0,F1,75,,,,,
2025-02-24,2025-02-24,FO,NSE,IDO,68421,,NIFTY,,2025-03-06,2025-03-06,22100.0,CE,NIFTY2530622100CE,651.0,651.0,586.0,606.25,598.95,808.0,22553.35,606.25,6825,6225,412,701667060.0,179,F1,75,,,,,
2025-02-24,2025-02-24,FO,NSE,IDO,68432,,NIFTY,,2025-03-06,2025-03-06,22350.0,CE,NIFTY2530622350CE,483.45,498.2,378.8,398.6,389.95,586.0,22553.35,398.6,10125,7125,480,819600491.25,332,F1,75,,,,,
2025-02-24,2025-02-24,FO,NSE,IDO,68446,,NIFTY,,2025-03-06,2025-03-06,22500.0,CE,NIFTY2530622500CE,393.35,393.35,276.05,290.9,283.9,464.5,22553.35,290.9,623475,480000,31004,53030412390.0,20777,F1,75,,,,,
2025-02-24,2025-02-24,FO,NSE,IDO,68576,,NIFTY,,2025-03-06,2025-03-06,23550.0,CE,NIFTY2530623550CE,18.2,19.8,8.0,8.55,8.4,28.25,22553.35,8.55,164775,76875,8635,15258707625.0,5371,F1,75,,,,,
2025-02-24,2025-02-24,FO,NSE,IDO,68580,,NIFTY,,2025-03-06,2025-03-06,23650.0,CE,NIFTY2530623650CE,18.8,18.8,6.3,6.9,6.9,19.5,22553.35,6.9,127425,-2775,7801,13841992346.25,4145,F1,75,,,,,
2025-02-24,2025-02-24,FO,NSE,IDO,68582,,NIFTY,,2025-03-06,2025-03-06,23700.0,CE,NIFTY2530623700CE,13.95,13.95,5.6,5.95,5.95,16.4,22553.35,5.95,412350,160800,24407,43396935168.75,14605,F1,75,,,,,
2025-02-24,2025-02-24,FO,NSE,IDO,68629,,NIFTY,,2025-03-06,2025-03-06,24700.0,CE,NIFTY2530624700CE,2.3,2.5,2.05,2.3,2.15,2.25,22553.35,2.3,16650,1800,432,800353743.75,197,F1,75,,,,,
2025-02-24,2025-02-24,FO,NSE,IDO,45412,,NIFTY,,2025-03-13,2025-03-13,21450.0,CE,NIFTY2531321450CE,0.0,0.0,0.0,1460.0,1460.0,1460.0,22553.35,1176.1,75,0,0,0.0,0,F1,75,,,,,
2025-02-24,2025-02-24,FO,NSE,IDO,45430,,NIFTY,,2025-03-13,2025-03-13,21800.0,CE,NIFTY2531321800CE,0.0,0.0,0.0,1135.0,1135.0,1135.0,22553.35,848.9,75,0,0,0.0,0,F1,75,,,,,
