TradDt,BizDt,Sgmt,Src,FinInstrmTp,FinInstrmId,ISIN,TckrSymb,SctySrs,XpryDt,FininstrmActlXpryDt,StrkPric,OptnTp,FinInstrmNm,OpnPric,HghPric,LwPric,ClsPric,LastPric,PrvsClsgPric,UndrlygPric,SttlmPric,OpnIntrst,ChngInOpnIntrst,TtlTradgVol,TtlTrfVal,TtlNbOfTxsExctd,SsnId,NewBrdLotQty,Rmks,Rsvd1,Rsvd2,Rsvd3,Rsvd4
2025-02-18,2025-02-18,FO,NSE,IDO,45546,,NIFTY,,2025-03-13,2025-03-13,23900.0,CE,NIFTY2531323900CE,61.55,62.0,61.55,62.0,62.0,410.7,22945.3,54.65,375,375,6,10782832.5,3,F1,75,,,,,
2025-02-18,2025-02-18,FO,NSE,IDO,45542,,NIFTY,,2025-03-13,2025-03-13,23800.0,CE,NIFTY2531323800CE,82.05,82.05,68.7,77.35,74.0,94.75,22945.3,77.35,4575,1350,44,78797767.5,17,F1,75,,,,,
2025-02-18,2025-02-18,FO,NSE,IDO,37749,,NIFTY,,2025-06-26,2025-06-26,23000.0,CE,NIFTY25JUN23000CE,1040.55,1042.0,955.0,1015.7,1004.45,1056.35,22945.3,1015.7,363950,20600,1007,1812792840.0,973,F1,75,,,,,
2025-02-18,2025-02-18,FO,NSE,IDO,51449,,NIFTY,,2025-06-26,2025-06-26,21000.0,CE,NIFTY25JUN21000CE,0.0,0.0,0.0,2670.0,2670.0,2670.0,22945.3,2480.65,1350,0,0,0.0,0,F1,75,,,,,
2025-02-18,2025-02-18,FO,NSE,IDO,79555,,NIFTY,,2025-04-24,2025-04-24,24150.0,CE,NIFTY25APR24150CE,0.0,0.0,0.0,190.0,190.0,190.0,22945.3,188.15,1125,0,0,0.0,0,F1,75,,,,,
2025-02-18,2025-02-18,FO,NSE,IDO,79444,,NIFTY,,2025-04-24,2025-04-24,23300.0,CE,NIFTY25APR23300CE,540.05,540.05,470.4,520.05,501.0,548.75,22945.3,520.05,29775,22875,369,659098428.75,104,F1,75,,,,,
2025-02-18,2025-02-18,FO,NSE,IDO,79409,,NIFTY,,2025-04-24,2025-04-24,22750.0,CE,NIFTY25APR22750CE,0.0,0.0,0.0,814.25,814.25,814.25,22945.3,772.1,1950,0,0,0.0,0,F1,75,,,,,
2025-02-18,2025-02-18,FO,NSE,IDO,79396,,NIFTY,,2025-04-24,2025-04-24,22600.0,CE,NIFTY25APR22600CE,938.05,960.5,938.0,960.5,960.5,938.4,22945.3,868.55,300,75,6,10595482.5,5,F1,75,,,,,
2025-02-18,2025-02-18,FO,NSE,IDO,79394,,NIFTY,,2025-04-24,2025-04-24,22550.0,CE,NIFTY25APR22550CE,0.0,0.0,0.0,1365.75,0.0,1365.75,22945.3,902.1,0,0,0,0.0,0,F1,75,,,,,
2025-02-18,2025-02-18,FO,NSE,IDO,79272,,NIFTY,,2025-04-24,2025-04-24,21900.0,CE,NIFTY25APR21900CE,0.0,0.0,0.0,1861.6,0.0,1861.6,22945.3,1396.0,0,0,0,0.0,0,F1,75,,,,,
2025-02-18,2025-02-18,FO,NSE,IDO,79247,,NIFTY,,2025-04-24,2025-04-24,21300.0,CE,NIFTY25APR21300CE,0.0,0.0,0.0,2374.35,0.0,2374.35,22945.3,1924.85,0,0,0,0.0,0,F1,75,,,,,
2025-02-18,2025-02-18,FO,NSE,IDO,64592,,NIFTY,,2025-03-27,2025-03-27,31000.0,CE,NIFTY25MAR31000CE,4.85,5.0,4.75,4.85,4.9,5.0,22945.3,4.85,1810475,54000,1785,4150772722.5,339,F1,75,,,,,
2025-02-18,2025-02-18,FO,NSE,IDO,64582,,NIFTY,,2025-03-27,2025-03-27,29000.0,CE,NIFTY25MAR29000CE,5.05,5.6,5.05,5.35,5.25,5.35,22945.3,5.35,303875,1125,365,794019000.0,261,F1,75,,,,,
2025-02-18,2025-02-18,FO,NSE,IDO,64578,,NIFTY,,2025-03-27,2025-03-27,28000.0,CE,NIFTY25MAR28000CE,6.1,6.2,5.55,5.8,6.0,6.05,22945.3,5.8,410975,1050,379,796066691.25,210,F1,75,,,,,
2025-02-18,2025-02-18,FO,NSE,IDO,58786,,NIFTY,,2025-03-27,2025-03-27,25850.0,CE,NIFTY25MAR25850CE,0.0,0.0,0.0,12.35,12.35,12.35,22945.3,1.3,4500,0,0,0.0,0,F1,75,,,,,
2025-02-18,2025-02-18,FO,NSE,IDO,56894,,NIFTY,,2025-03-27,2025-03-27,25750.0,CE,NIFTY25MAR25750CE,11.65,11.7,10.45,10.6,10.45,16.85,22945.3,10.6,3300,-2850,48,92739371.25,25,F1,75,,,,,
2025-02-18,2025-02-18,FO,NSE,IDO,56884,,NIFTY,,2025-03-27,2025-03-27,25500.0,CE,NIFTY25MAR25500CE,14.45,14.45,10.3,11.1,10.95,13.15,22945.3,11.1,457275,30900,1852,3543575178.75,1132,F1,75,,,,,
2025-02-18,2025-02-18,FO,NSE,IDO,56878,,NIFTY,,2025-03-27,2025-03-27,25350.0,CE,NIFTY25MAR25350CE,14.05,14.05,14.05,14.05,14.05,14.7,22945.3,14.05,7800,-75,1,1902303.75,1,F1,75,,,,,
2025-02-18,2025-02-18,FO,NSE,IDO,56870,,NIFTY,,2025-03-27,2025-03-27,25150.0,CE,NIFTY25MAR25150CE,16.55,16.55,12.85,15.2,15.2,17.45,22945.3,8.65,8325,-825,20,37746412.5,12,F1,75,,,,,
2025-02-18,2025-02-18,FO,NSE,IDO,47040,,NIFTY,,2025-03-27,2025-03-27,22750.0,CE,NIFTY25MAR22750CE,649.0,655.0,576.7,630.65,628.65,685.0,22945.3,630.65,34725,3450,176,308437807.5,154,F1,75,,,,,
2025-02-18,2025-02-18,FO,NSE,IDO,47025,,NIFTY,,2025-03-27,2025-03-27,22650.0,CE,NIFTY25MAR22650CE,691.0,717.0,640.65,703.9,698.75,759.6,22945.3,703.9,36225,10425,172,300937226.25,164,F1,75,,,,,
2025-02-18,2025-02-18,FO,NSE,IDO,47017,,NIFTY,,2025-03-27,2025-03-27,22600.0,CE,NIFTY25MAR22600CE,734.0,768.0,668.0,733.0,738.15,787.6,22945.3,733.0,41925,6900,223,389912917.5,199,F1,75,,,,,
2025-02-18,2025-02-18,FO,NSE,IDO,46994,,NIFTY,,2025-03-27,2025-03-27,22450.0,CE,NIFTY25MAR22450CE,830.0,830.0,830.0,830.0,830.0,875.85,22945.3,788.1,225,75,1,1746000.0,1,F1,75,,,,,
2025-02-18,2025-02-18,FO,NSE,IDO,46986,,NIFTY,,2025-03-27,2025-03-27,22300.0,CE,NIFTY25MAR22300CE,980.0,980.0,876.95,948.6,945.15,1020.0,22945.3,948.6,8925,225,32,55771815.0,20,F1,75,,,,,
2025-02-18,2025-02-18,FO,NSE,IDO,46908,,NIFTY,,2025-03-27,2025-03-27,21750.0,CE,NIFTY25MAR21750CE,0.0,0.0,0.0,1902.25,1902.25,1902.25,22945.3,1372.05,0,0,0,0.0,0,F1,75,,,,,
2025-02-18,2025-02-18,FO,NSE,IDO,46892,,NIFTY,,2025-03-27,2025-03-27,21650.0,CE,NIFTY25MAR21650CE,0.0,0.0,0.0,2563.9,0.0,2563.9,22945.3,1464.0,0,0,0,0.0,0,F1,75,,,,,
2025-02-18,2025-02-18,FO,NSE,IDO,46888,,NIFTY,,2025-03-27,2025-03-27,21600.0,CE,NIFTY25MAR21600CE,1547.8,1547.8,1452.05,1481.45,1481.45,2300.0,22945.3,1510.5,1500,1425,20,34641618.75,15,F1,75,,,,,
2025-02-18,2025-02-18,FO,NSE,IDO,46868,,NIFTY,,2025-03-27,2025-03-27,21350.0,CE,NIFTY25MAR21350CE,0.0,0.0,0.0,2834.95,0.0,2834.95,22945.3,1747.4,0,0,0,0.0,0,F1,75,,,,,
2025-02-18,2025-02-18,FO,NSE,IDO,46854,,NIFTY,,2025-03-27,2025-03-27,21250.0,CE,NIFTY25MAR21250CE,0.0,0.0,0.0,2926.85,0.0,2926.85,22945.3,1843.75,0,0,0,0.0,0,F1,75,,,,,
2025-02-18,2025-02-18,FO,NSE,IDO,50301,,NIFTY,,2025-03-20,2025-03-20,24450.0,CE,NIFTY2532024450CE,30.5,30.5,30.5,30.5,30.5,87.95,22945.3,25.5,150,150,2,3672075.0,2,F1,75,,,,,
2025-02-18,2025-02-18,FO,NSE,IDO,50275,,NIFTY,,2025-03-20,2025-03-20,24000.0,CE,NIFTY2532024000CE,99.95,99.95,65.0,73.75,71.8,86.0,22945.3,73.75,6075,525,76,137230668.75,42,F1,75,,,,,
2025-02-18,2025-02-18,FO,NSE,IDO,50231,,NIFTY,,2025-03-20,2025-03-20,23200.0,CE,NIFTY2532023200CE,0.0,0.0,0.0,351.9,351.9,351.9,22945.3,290.25,225,0,0,0.0,0,F1,75,,,,,
2025-02-18,2025-02-18,FO,NSE,IDO,50227,,NIFTY,,2025-03-20,2025-03-20,23100.0,CE,NIFTY2532023100CE,380.0,390.0,380.0,381.0,381.0,420.25,22945.3,335.6,300,0,3,5283825.0,3,F1,75,,,,,
2025-02-18,2025-02-18,FO,NSE,IDO,50976,,NIFTY,,2026-06-25,2026-06-25,27000.0,PE,NIFTY26JUN27000PE,0.0,0.0,0.0,6810.7,0.0,6810.7,22945.3,2538.9,0,0,0,0.0,0,F1,75,,,,,
2025-02-18,2025-02-18,FO,NSE,IDO,51455,,NIFTY,,2026-06-25,2026-06-25,21000.0,PE,NIFTY26JUN21000PE,0.0,0.0,0.0,364.95,364.95,364.95,22945.3,208.4,750,0,0,0.0,0,F1,75,,,,,
2025-02-18,2025-02-18,FO,NSE,IDO,38380,,NIFTY,,2026-06-25,2026-06-25,20000.0,PE,NIFTY26JUN20000PE,0.0,0.0,0.0,3159.75,0.0,3159.75,22945.3,104.4,0,0,0,0.0,0,F1,75,,,,,
2025-02-18,2025-02-18,FO,NSE,IDO,38153,,NIFTY,,2025-12-24,2025-12-24,29000.0,PE,NIFTY25DEC29000PE,0.0,0.0,0.0,4292.55,4292.55,4292.55,22945.3,4601.85,11850,0,0,0.0,0,F1,75,,,,,
2025-02-18,2025-02-18,FO,NSE,IDO,50544,,NIFTY,,2025-12-24,2025-12-24,28000.0,PE,NIFTY25DEC28000PE,3634.0,3650.0,3572.0,3588.35,3591.0,3542.5,22945.3,3588.35,314925,300,28,66404096.25,28,F1,75,,,,,
2025-02-18,2025-02-18,FO,NSE,IDO,71398,,NIFTY,,2025-12-24,2025-12-24,25000.0,PE,NIFTY25DEC25000PE,1499.0,1569.45,1474.0,1501.25,1511.0,1460.7,22945.3,1501.25,312150,275,203,403740236.25,199,F1,75,,,,,
2025-02-18,2025-02-18,FO,NSE,IDO,64693,,NIFTY,,2025-09-25,2025-09-25,24000.0,PE,NIFTY25SEP24000PE,1031.0,1082.25,1031.0,1070.0,1070.0,1027.05,22945.3,1020.5,2700,225,5,9399738.75,4,F1,75,,,,,
2025-02-18,2025-02-18,FO,NSE,IDO,39680,,NIFTY,,2025-06-26,2025-06-26,16000.0,PE,NIFTY25JUN16000PE,0.0,0.0,0.0,3.55,3.55,3.55,22945.3,0.05,1650,0,0,0.0,0,F1,75,,,,,
2025-02-18,2025-02-18,FO,NSE,IDO,40091,,NIFTY,,2025-06-26,2025-06-26,15000.0,PE,NIFTY25JUN15000PE,0.0,0.0,0.0,10.0,10.0,10.0,22945.3,0.05,2000,0,0,0.0,0,F1,75,,,,,
2025-02-18,2025-02-18,FO,NSE,IDO,79736,,NIFTY,,2025-04-24,2025-04-24,25200.0,PE,NIFTY25APR25200PE,0.0,0.0,0.0,1745.7,0.0,1745.7,22945.3,2008.35,0,0,0,0.0,0,F1,75,,,,,
2025-02-18,2025-02-18,FO,NSE,IDO,79673,,NIFTY,,2025-04-24,2025-04-24,24750.0,PE,NIFTY25APR24750PE,0.0,0.0,0.0,1403.75,0.0,1403.75,22945.3,1605.15,0,0,0,0.0,0,F1,75,,,,,
2025-02-18,2025-02-18,FO,NSE,IDO,79645,,NIFTY,,2025-04-24,2025-04-24,24600.0,PE,NIFTY25APR24600PE,0.0,0.0,0.0,1297.2,0.0,1297.2,22945.3,1476.65,0,0,0,0.0,0,F1,75,,,,,
2025-02-18,2025-02-18,FO,NSE,IDO,71379,,NIFTY,,2025-06-26,2025-06-26,24000.0,CE,NIFTY25JUN24000CE,524.6,524.6,473.35,497.5,490.05,532.75,22945.3,497.5,588525,64350,2495,4582808021.25,1974,F1,75,,,,,
2025-02-18,2025-02-18,FO,NSE,IDO,39982,,NIFTY,,2025-06-26,2025-06-26,19000.0,CE,NIFTY25JUN19000CE,4284.0,4387.0,4266.0,4387.0,4387.0,4408.05,22945.3,4375.4,51450,75,14,24460181.25,14,F1,75,,,,,
2025-02-18,2025-02-18,FO,NSE,IDO,45865,,NIFTY,,2025-06-26,2025-06-26,17000.0,CE,NIFTY25JUN17000CE,0.0,0.0,0.0,6850.0,6850.0,6850.0,22945.3,6328.45,2850,0,0,0.0,0,F1,75,,,,,
2025-02-18,2025-02-18,FO,NSE,IDO,79507,,NIFTY,,2025-04-24,2025-04-24,23650.0,CE,NIFTY25APR23650CE,0.0,0.0,0.0,725.8,725.8,725.8,22945.3,333.4,675,0,0,0.0,0,F1,75,,,,,
2025-02-18,2025-02-18,FO,NSE,IDO,79264,,NIFTY,,2025-04-24,2025-04-24,21700.0,CE,NIFTY25APR21700CE,1650.0,1650.0,1635.0,1635.0,1635.0,1625.0,22945.3,1566.15,75,-225,5,8755125.0,2,F1,75,,,,,
2025-02-18,2025-02-18,FO,NSE,IDO,79245,,NIFTY,,2025-04-24,2025-04-24,21250.0,CE,NIFTY25APR21250CE,0.0,0.0,0.0,2418.95,0.0,2418.95,22945.3,1971.1,0,0,0,0.0,0,F1,75,,,,,
2025-02-18,2025-02-18,FO,NSE,IDO,56886,,NIFTY,,2025-03-27,2025-03-27,25550.0,CE,NIFTY25MAR25550CE,12.0,12.0,12.0,12.0,12.0,14.15,22945.3,3.05,6525,0,1,1917150.0,1,F1,75,,,,,
2025-02-18,2025-02-18,FO,NSE,IDO,56880,,NIFTY,,2025-03-27,2025-03-27,25400.0,CE,NIFTY25MAR25400CE,14.7,15.05,12.25,12.55,12.4,14.75,22945.3,12.55,30900,825,66,125794151.25,33,F1,75,,,,,
2025-02-18,2025-02-18,FO,NSE,IDO,56572,,NIFTY,,2025-03-27,2025-03-27,24950.0,CE,NIFTY25MAR24950CE,21.6,21.6,17.9,18.1,17.9,21.6,22945.3,18.1,16875,1425,172,322098543.75,94,F1,75,,,,,
2025-02-18,2025-02-18,FO,NSE,IDO,56546,,NIFTY,,2025-03-27,2025-03-27,24800.0,CE,NIFTY25MAR24800CE,23.55,26.6,21.0,21.9,21.0,27.0,22945.3,21.9,158850,2850,1637,3047686443.75,792,F1,75,,,,,
2025-02-18,2025-02-18,FO,NSE,IDO,64566,,NIFTY,,2025-03-27,2025-03-27,24000.0,CE,NIFTY25MAR24000CE,118.0,120.35,90.55,100.8,97.5,119.95,22945.3,100.8,2759525,89625,29265,52897372286.25,15353,F1,75,,,,,
2025-02-18,2025-02-18,FO,NSE,IDO,48347,,NIFTY,,2025-03-27,2025-03-27,23100.0,CE,NIFTY25MAR23100CE,455.7,458.4,378.65,423.7,413.55,467.35,22945.3,423.7,174975,31800,2230,3932374980.0,1863,F1,75,,,,,
2025-02-18,2025-02-18,FO,NSE,IDO,48245,,NIFTY,,2025-03-27,2025-03-27,22950.0,CE,NIFTY25MAR22950CE,570.45,570.45,460.2,514.8,503.95,556.55,22945.3,514.8,27525,3225,455,800235060.0,343,F1,75,,,,,
2025-02-18,2025-02-18,FO,NSE,IDO,48192,,NIFTY,,2025-03-27,2025-03-27,22850.0,CE,NIFTY25MAR22850CE,599.65,605.45,513.1,571.15,561.7,619.35,22945.3,571.15,33600,-975,281,493282901.25,251,F1,75,,,,,
2025-02-18,2025-02-18,FO,NSE,IDO,79726,,NIFTY,,2025-04-24,2025-04-24,25000.0,PE,NIFTY25APR25000PE,1750.0,1850.0,1736.25,1745.15,1751.0,1785.55,22945.3,1745.15,21675,3825,69,138617505.0,38,F1,75,,,,,
2025-02-18,2025-02-18,FO,NSE,IDO,79724,,NIFTY,,2025-04-24,2025-04-24,24950.0,PE,NIFTY25APR24950PE,0.0,0.0,0.0,1553.0,0.0,1553.0,22945.3,1781.4,0,0,0,0.0,0,F1,75,,,,,
2025-02-18,2025-02-18,FO,NSE,IDO,79607,,NIFTY,,2025-04-24,2025-04-24,24150.0,PE,NIFTY25APR24150PE,0.0,0.0,0.0,1002.05,0.0,1002.05,22945.3,1114.9,0,0,0,0.0,0,F1,75,,,,,
2025-02-18,2025-02-18,FO,NSE,IDO,79536,,NIFTY,,2025-04-24,2025-04-24,24000.0,PE,NIFTY25APR24000PE,926.4,1058.25,926.4,960.7,970.05,922.75,22945.3,960.7,158325,300,220,412249260.0,175,F1,75,,,,,
2025-02-18,2025-02-18,FO,NSE,IDO,79408,,NIFTY,,2025-04-24,2025-04-24,22700.0,PE,NIFTY25APR22700PE,318.9,371.0,318.9,324.1,333.2,308.45,22945.3,324.1,16350,900,49,84665070.0,25,F1,75,,,,,
2025-02-18,2025-02-18,FO,NSE,IDO,79399,,NIFTY,,2025-04-24,2025-04-24,22600.0,PE,NIFTY25APR22600PE,316.0,340.65,292.8,298.75,304.35,288.4,22945.3,298.75,11250,1200,77,132307680.0,29,F1,75,,,,,
2025-02-18,2025-02-18,FO,NSE,IDO,79257,,NIFTY,,2025-04-24,2025-04-24,21500.0,PE,NIFTY25APR21500PE,98.95,118.0,98.95,103.15,104.55,99.2,22945.3,103.15,416250,10275,3644,5904527340.0,1882,F1,75,,,,,
2025-02-18,2025-02-18,FO,NSE,IDO,56893,,NIFTY,,2025-03-27,2025-03-27,25700.0,PE,NIFTY25MAR25700PE,0.0,0.0,0.0,1748.15,0.0,1748.15,22945.3,2587.95,0,0,0,0.0,0,F1,75,,,,,
2025-02-18,2025-02-18,FO,NSE,IDO,56869,,NIFTY,,2025-03-27,2025-03-27,25100.0,PE,NIFTY25MAR25100PE,2100.0,2100.0,2100.0,2100.0,2100.0,1950.0,22945.3,1999.65,150,75,1,2040000.0,1,F1,75,,,,,
2025-02-18,2025-02-18,FO,NSE,IDO,64571,,NIFTY,,2025-03-27,2025-03-27,25000.0,PE,NIFTY25MAR25000PE,1849.95,1996.95,1845.0,1868.75,1894.8,1825.8,22945.3,1868.75,623325,10275,336,678213202.5,275,F1,75,,,,,
2025-02-18,2025-02-18,FO,NSE,IDO,56567,,NIFTY,,2025-03-27,2025-03-27,24850.0,PE,NIFTY25MAR24850PE,0.0,0.0,0.0,1625.0,1625.0,1625.0,22945.3,1759.2,75,0,0,0.0,0,F1,75,,,,,
2025-02-18,2025-02-18,FO,NSE,IDO,51474,,NIFTY,,2025-03-27,2025-03-27,23600.0,PE,NIFTY25MAR23600PE,713.5,774.0,670.0,689.1,704.05,659.25,22945.3,689.1,86475,9825,378,689142375.0,295,F1,75,,,,,
2025-02-18,2025-02-18,FO,NSE,IDO,48696,,NIFTY,,2025-03-27,2025-03-27,23200.0,PE,NIFTY25MAR23200PE,460.35,541.4,446.55,468.25,474.95,443.05,22945.3,468.25,237600,31425,1820,3234432476.25,1276,F1,75,,,,,
2025-02-18,2025-02-18,FO,NSE,IDO,48246,,NIFTY,,2025-03-27,2025-03-27,22950.0,PE,NIFTY25MAR22950PE,353.75,417.8,338.8,356.3,357.85,337.75,22945.3,356.3,81750,39000,1591,2785481568.75,962,F1,75,,,,,
2025-02-18,2025-02-18,FO,NSE,IDO,48243,,NIFTY,,2025-03-27,2025-03-27,22900.0,PE,NIFTY25MAR22900PE,332.95,395.0,317.65,333.85,336.75,319.15,22945.3,333.85,206700,21225,3330,5806877336.25,2228,F1,75,,,,,
2025-02-18,2025-02-18,FO,NSE,IDO,47026,,NIFTY,,2025-03-27,2025-03-27,22650.0,PE,NIFTY25MAR22650PE,264.3,297.65,242.1,249.55,255.85,240.3,22945.3,249.55,15000,4350,197,338660441.25,170,F1,75,,,,,
2025-02-18,2025-02-18,FO,NSE,IDO,46849,,NIFTY,,2025-03-27,2025-03-27,21200.0,PE,NIFTY25MAR21200PE,43.05,47.75,38.9,40.75,41.3,39.6,22945.3,40.75,105975,-17025,1842,2934727357.5,1089,F1,75,,,,,
2025-02-18,2025-02-18,FO,NSE,IDO,50297,,NIFTY,,2025-03-20,2025-03-20,24400.0,PE,NIFTY2532024400PE,0.0,0.0,0.0,1296.05,0.0,1296.05,22945.3,1353.45,0,0,0,0.0,0,F1,75,,,,,
2025-02-18,2025-02-18,FO,NSE,IDO,50290,,NIFTY,,2025-03-20,2025-03-20,24300.0,PE,NIFTY2532024300PE,0.0,0.0,0.0,1212.45,0.0,1212.45,22945.3,1261.6,0,0,0,0.0,0,F1,75,,,,,
2025-02-18,2025-02-18,FO,NSE,IDO,50276,,NIFTY,,2025-03-20,2025-03-20,24000.0,PE,NIFTY2532024000PE,0.0,0.0,0.0,975.55,0.0,975.55,22945.3,997.0,0,0,0,0.0,0,F1,75,,,,,
2025-02-18,2025-02-18,FO,NSE,IDO,50220,,NIFTY,,2025-03-20,2025-03-20,22900.0,PE,NIFTY2532022900PE,323.6,365.15,305.1,306.5,307.9,292.25,22945.3,306.5,600,0,9,15680388.75,9,F1,75,,,,,
2025-02-18,2025-02-18,FO,NSE,IDO,50144,,NIFTY,,2025-03-20,2025-03-20,21900.0,PE,NIFTY2532021900PE,0.0,0.0,0.0,70.0,70.0,70.0,22945.3,34.65,150,0,0,0.0,0,F1,75,,,,,
2025-02-18,2025-02-18,FO,NSE,IDO,50138,,NIFTY,,2025-03-20,2025-03-20,21800.0,PE,NIFTY2532021800PE,0.0,0.0,0.0,57.95,0.0,57.95,22945.3,26.55,0,0,0,0.0,0,F1,75,,,,,
2025-02-18,2025-02-18,FO,NSE,IDO,50116,,NIFTY,,2025-03-20,2025-03-20,21350.0,PE,NIFTY2532021350PE,0.0,0.0,0.0,22.5,0.0,22.5,22945.3,6.85,0,0,0,0.0,0,F1,75,,,,,
2025-02-18,2025-02-18,FO,NSE,IDO,45652,,NIFTY,,2025-03-13,2025-03-13,25250.0,PE,NIFTY2531325250PE,0.0,0.0,0.0,1538.65,0.0,1538.65,22945.3,2202.25,0,0,0,0.0,0,F1,75,,,,,
2025-02-18,2025-02-18,FO,NSE,IDO,45637,,NIFTY,,2025-03-13,2025-03-13,24950.0,PE,NIFTY2531324950PE,0.0,0.0,0.0,1280.55,0.0,1280.55,22945.3,1905.1,0,0,0,0.0,0,F1,75,,,,,
2025-02-18,2025-02-18,FO,NSE,IDO,45616,,NIFTY,,2025-03-13,2025-03-13,24700.0,PE,NIFTY2531324700PE,0.0,0.0,0.0,1078.55,0.0,1078.55,22945.3,1659.3,0,0,0,0.0,0,F1,75,,,,,
2025-02-18,2025-02-18,FO,NSE,IDO,45613,,NIFTY,,2025-03-13,2025-03-13,24650.0,PE,NIFTY2531324650PE,0.0,0.0,0.0,1039.8,0.0,1039.8,22945.3,1610.5,0,0,0,0.0,0,F1,75,,,,,
2025-02-18,2025-02-18,FO,NSE,IDO,45611,,NIFTY,,2025-03-13,2025-03-13,24600.0,PE,NIFTY2531324600PE,0.0,0.0,0.0,1002.65,0.0,1002.65,22945.3,1561.8,0,0,0,0.0,0,F1,75,,,,,
2025-02-18,2025-02-18,FO,NSE,IDO,45601,,NIFTY,,2025-03-13,2025-03-13,24450.0,PE,NIFTY2531324450PE,0.0,0.0,0.0,890.9,0.0,890.9,22945.3,1416.95,0,0,0,0.0,0,F1,75,,,,,
2025-02-18,2025-02-18,FO,NSE,IDO,45513,,NIFTY,,2025-03-13,2025-03-13,23200.0,PE,NIFTY2531323200PE,430.9,480.55,402.6,402.6,402.6,447.5,22945.3,394.85,1950,1575,70,124063672.5,34,F1,75,,,,,
2025-02-18,2025-02-18,FO,NSE,IDO,45485,,NIFTY,,2025-03-13,2025-03-13,22900.0,PE,NIFTY2531322900PE,307.35,329.65,266.2,274.85,278.45,263.2,22945.3,274.85,975,600,44,76534702.5,34,F1,75,,,,,
2025-02-18,2025-02-18,FO,NSE,IDO,45483,,NIFTY,,2025-03-13,2025-03-13,22850.0,PE,NIFTY2531322850PE,260.9,315.0,240.35,260.75,260.75,240.45,22945.3,260.75,675,0,14,24285828.75,13,F1,75,,,,,
2025-02-18,2025-02-18,FO,NSE,IDO,45466,,NIFTY,,2025-03-13,2025-03-13,22450.0,PE,NIFTY2531322450PE,153.0,153.0,148.35,148.35,148.35,157.35,22945.3,148.35,825,225,3,5085292.5,3,F1,75,,,,,
2025-02-18,2025-02-18,FO,NSE,IDO,45445,,NIFTY,,2025-03-13,2025-03-13,22100.0,PE,NIFTY2531322100PE,0.0,0.0,0.0,37.35,0.0,37.35,22945.3,38.95,0,0,0,0.0,0,F1,75,,,,,
2025-02-18,2025-02-18,FO,NSE,IDO,45431,,NIFTY,,2025-03-13,2025-03-13,21800.0,PE,NIFTY2531321800PE,50.65,52.0,46.95,47.15,47.4,45.35,22945.3,47.15,2700,525,11,18025350.0,10,F1,75,,,,,
2025-02-18,2025-02-18,FO,NSE,IDO,68674,,NIFTY,,2025-03-06,2025-03-06,25250.0,PE,NIFTY2530625250PE,0.0,0.0,0.0,2154.55,2154.55,2154.55,22945.3,2232.95,75,0,0,0.0,0,F1,75,,,,,
2025-02-18,2025-02-18,FO,NSE,IDO,68667,,NIFTY,,2025-03-06,2025-03-06,25150.0,PE,NIFTY2530625150PE,0.0,0.0,0.0,2056.15,2056.45,2056.15,22945.3,2133.3,300,0,0,0.0,0,F1,75,,,,,
2025-02-18,2025-02-18,FO,NSE,IDO,68573,,NIFTY,,2025-03-06,2025-03-06,23450.0,PE,NIFTY2530623450PE,535.55,535.55,535.55,535.55,535.55,535.55,22945.3,534.55,675,0,2,3597832.5,1,F1,75,,,,,
2025-02-18,2025-02-18,FO,NSE,IDO,68487,,NIFTY,,2025-03-06,2025-03-06,23400.0,PE,NIFTY2530623400PE,530.0,590.0,478.45,496.15,515.0,498.7,22945.3,496.15,16575,2700,128,229571831.25,110,F1,75,,,,,
2025-02-18,2025-02-18,FO,NSE,IDO,68481,,NIFTY,,2025-03-06,2025-03-06,23300.0,PE,NIFTY2530623300PE,448.4,524.7,413.5,438.5,446.0,419.35,22945.3,438.5,29775,3600,241,429418691.25,174,F1,75,,,,,
2025-02-18,2025-02-18,FO,NSE,IDO,68477,,NIFTY,,2025-03-06,2025-03-06,23200.0,PE,NIFTY2530623200PE,386.5,470.15,356.0,375.15,388.65,358.5,22945.3,375.15,46050,10800,672,1189112295.0,515,F1,75,,,,,
2025-02-18,2025-02-18,FO,NSE,IDO,68459,,NIFTY,,2025-03-06,2025-03-06,22800.0,PE,NIFTY2530622800PE,193.5,258.35,180.6,195.55,202.3,188.3,22945.3,195.55,100350,41025,3114,5375144381.25,2220,F1,75,,,,,
2025-02-18,2025-02-18,FO,NSE,IDO,68457,,NIFTY,,2025-03-06,2025-03-06,22750.0,PE,NIFTY2530622750PE,194.95,235.0,167.85,176.55,183.95,172.35,22945.3,176.55,9225,2850,219,376831143.75,157,F1,75,,,,,
2025-02-18,2025-02-18,FO,NSE,IDO,68451,,NIFTY,,2025-03-06,2025-03-06,22600.0,PE,NIFTY2530622600PE,146.55,184.35,125.3,135.5,139.95,132.75,22945.3,135.5,37950,6075,935,1595703195.0,694,F1,75,,,,,
2025-02-18,2025-02-18,FO,NSE,IDO,68439,,NIFTY,,2025-03-06,2025-03-06,22450.0,PE,NIFTY2530622450PE,111.45,139.45,93.05,103.6,104.0,96.9,22945.3,103.6,6300,4275,117,197964300.0,58,F1,75,,,,,
2025-02-18,2025-02-18,FO,NSE,IDO,68418,,NIFTY,,2025-03-06,2025-03-06,22000.0,PE,NIFTY2530622000PE,39.95,57.95,36.3,39.35,40.55,39.95,22945.3,39.35,146850,54450,5060,8366178461.25,2712,F1,75,,,,,
2025-02-18,2025-02-18,FO,NSE,IDO,68392,,NIFTY,,2025-03-06,2025-03-06,21400.0,PE,NIFTY2530621400PE,11.3,15.65,9.45,9.95,10.75,11.55,22945.3,9.95,73575,39900,704,1130540328.75,388,F1,75,,,,,
2025-02-18,2025-02-18,FO,NSE,IDO,68379,,NIFTY,,2025-03-06,2025-03-06,21200.0,PE,NIFTY2530621200PE,8.5,10.25,6.6,7.2,7.6,7.75,22945.3,7.2,10575,1725,291,462865571.25,168,F1,75,,,,,
2025-02-18,2025-02-18,FO,NSE,IDO,68375,,NIFTY,,2025-03-06,2025-03-06,21100.0,PE,NIFTY2530621100PE,7.0,8.95,5.25,5.45,5.5,7.0,22945.3,5.45,45225,9225,464,734522805.0,202,F1,75,,,,,
2025-02-18,2025-02-18,FO,NSE,IDO,57701,,NIFTY,,2025-02-27,2025-02-27,26250.0,PE,NIFTY25FEB26250PE,3274.15,3305.35,3274.15,3305.35,3305.35,3213.05,22945.3,3262.65,900,0,2,4430962.5,2,F1,75,,,,,
2025-02-18,2025-02-18,FO,NSE,IDO,57686,,NIFTY,,2025-02-27,2025-02-27,26050.0,PE,NIFTY25FEB26050PE,0.0,0.0,0.0,3013.7,3012.45,3013.7,22945.3,3063.0,150,0,0,0.0,0,F1,75,,,,,
2025-02-18,2025-02-18,FO,NSE,IDO,57662,,NIFTY,,2025-02-27,2025-02-27,25450.0,PE,NIFTY25FEB25450PE,0.0,0.0,0.0,2414.95,2416.3,2414.95,22945.3,2463.95,225,0,0,0.0,0,F1,75,,,,,
2025-02-18,2025-02-18,FO,NSE,IDO,57638,,NIFTY,,2025-02-27,2025-02-27,24900.0,PE,NIFTY25FEB24900PE,2002.0,2002.0,1975.0,1975.0,1975.0,1901.7,22945.3,1914.85,9000,0,2,4033275.0,2,F1,75,,,,,
2025-02-18,2025-02-18,FO,NSE,IDO,57606,,NIFTY,,2025-02-27,2025-02-27,24100.0,PE,NIFTY25FEB24100PE,1139.1,1210.0,1100.0,1100.0,1100.0,1076.1,22945.3,1118.1,50775,6975,141,266864366.25,46,F1,75,,,,,
2025-02-18,2025-02-18,FO,NSE,IDO,55616,,NIFTY,,2025-02-27,2025-02-27,22400.0,PE,NIFTY25FEB22400PE,55.3,82.7,43.4,47.9,50.85,52.45,22945.3,47.9,918450,153450,46256,77920172171.25,26867,F1,75,,,,,
2025-02-18,2025-02-18,FO,NSE,IDO,55600,,NIFTY,,2025-02-27,2025-02-27,22000.0,PE,NIFTY25FEB22000PE,18.55,27.65,13.6,14.6,15.1,18.1,22945.3,14.6,4120575,212025,92668,153039480041.25,45129,F1,75,,,,,
2025-02-18,2025-02-18,FO,NSE,IDO,55598,,NIFTY,,2025-02-27,2025-02-27,21950.0,PE,NIFTY25FEB21950PE,15.9,24.0,11.6,12.4,12.9,15.85,22945.3,12.4,116925,25275,7577,12482951302.5,4756,F1,75,,,,,
2025-02-18,2025-02-18,FO,NSE,IDO,55590,,NIFTY,,2025-02-27,2025-02-27,21750.0,PE,NIFTY25FEB21750PE,10.05,13.45,6.35,6.9,6.35,9.35,22945.3,6.9,135075,61425,5728,9347767038.75,3905,F1,75,,,,,
2025-02-18,2025-02-18,FO,NSE,IDO,55572,,NIFTY,,2025-02-27,2025-02-27,21400.0,PE,NIFTY25FEB21400PE,3.95,5.3,2.95,3.15,3.0,4.0,22945.3,3.15,632100,291075,13962,22413256522.5,8989,F1,75,,,,,
2025-02-18,2025-02-18,FO,NSE,IDO,63206,,NIFTY,,2025-02-20,2025-02-20,21450.0,CE,NIFTY2522021450CE,0.0,0.0,0.0,1617.7,1617.7,1617.7,22945.3,1502.95,75,0,0,0.0,0,F1,75,,,,,
2025-02-18,2025-02-18,FO,NSE,IDO,63261,,NIFTY,,2025-02-20,2025-02-20,21650.0,CE,NIFTY2522021650CE,0.0,0.0,0.0,1420.15,1420.15,1420.15,22945.3,1303.0,75,0,0,0.0,0,F1,75,,,,,
2025-02-18,2025-02-18,FO,NSE,IDO,63322,,NIFTY,,2025-02-20,2025-02-20,22250.0,CE,NIFTY2522022250CE,657.0,712.7,577.5,694.05,686.0,752.1,22945.3,694.05,4125,825,92,157791858.75,53,F1,75,,,,,
2025-02-18,2025-02-18,FO,NSE,IDO,63359,,NIFTY,,2025-02-20,2025-02-20,22400.0,CE,NIFTY2522022400CE,579.0,583.0,437.65,551.9,534.05,607.7,22945.3,551.9,48225,-525,5067,8704041138.75,3142,F1,75,,,,,
2025-02-18,2025-02-18,FO,NSE,IDO,63491,,NIFTY,,2025-02-20,2025-02-20,22850.0,CE,NIFTY2522022850CE,211.55,229.85,121.4,176.15,161.0,235.15,22945.3,176.15,1009275,281175,1088725,1878655307853.75,736009,F1,75,,,,,
2025-02-18,2025-02-18,FO,NSE,IDO,63636,,NIFTY,,2025-02-20,2025-02-20,23550.0,CE,NIFTY2522023550CE,9.85,12.0,2.65,3.25,2.9,10.7,22945.3,3.25,3201675,577800,617521,1090939528548.75,149318,F1,75,,,,,
2025-02-18,2025-02-18,FO,NSE,IDO,63674,,NIFTY,,2025-02-20,2025-02-20,23850.0,CE,NIFTY2522023850CE,2.5,2.5,0.9,1.0,1.0,2.3,22945.3,1.0,1338525,-335475,169125,302541488077.5,44968,F1,75,,,,,
2025-02-18,2025-02-18,FO,NSE,IDO,55561,,NIFTY,,2025-02-27,2025-02-27,21150.0,CE,NIFTY25FEB21150CE,0.0,0.0,0.0,1867.25,1867.25,1867.25,22945.3,1829.15,150,0,0,0.0,0,F1,75,,,,,
2025-02-18,2025-02-18,FO,NSE,IDO,55617,,NIFTY,,2025-02-27,2025-02-27,22450.0,CE,NIFTY25FEB22450CE,611.3,611.3,490.3,570.3,570.3,611.35,22945.3,570.3,12525,750,40,68968293.75,35,F1,75,,,,,
2025-02-18,2025-02-18,FO,NSE,IDO,57603,,NIFTY,,2025-02-27,2025-02-27,24050.0,CE,NIFTY25FEB24050CE,9.55,9.55,4.85,5.25,4.95,9.5,22945.3,5.25,428550,8100,10049,18130624215.0,6076,F1,75,,,,,
2025-02-18,2025-02-18,FO,NSE,IDO,57611,,NIFTY,,2025-02-27,2025-02-27,24250.0,CE,NIFTY25FEB24250CE,5.6,5.6,2.95,3.2,2.95,5.55,22945.3,3.2,201600,-13500,3794,6901451471.25,1866,F1,75,,,,,
2025-02-18,2025-02-18,FO,NSE,IDO,57639,,NIFTY,,2025-02-27,2025-02-27,24950.0,CE,NIFTY25FEB24950CE,2.35,2.7,1.55,1.9,1.9,2.25,22945.3,1.9,49800,1650,1459,2730366858.75,613,F1,75,,,,,
2025-02-18,2025-02-18,FO,NSE,IDO,68386,,NIFTY,,2025-03-06,2025-03-06,21300.0,CE,NIFTY2530621300CE,0.0,0.0,0.0,1793.1,1794.2,1793.1,22945.3,1706.45,525,0,0,0.0,0,F1,75,,,,,
2025-02-18,2025-02-18,FO,NSE,IDO,68413,,NIFTY,,2025-03-06,2025-03-06,21900.0,CE,NIFTY2530621900CE,0.0,0.0,0.0,1202.45,1202.4,1202.45,22945.3,1117.3,300,0,0,0.0,0,F1,75,,,,,
2025-02-18,2025-02-18,FO,NSE,IDO,68438,,NIFTY,,2025-03-06,2025-03-06,22450.0,CE,NIFTY2530622450CE,0.0,0.0,0.0,724.55,724.55,724.55,22945.3,625.15,225,0,0,0.0,0,F1,75,,,,,
2025-02-18,2025-02-18,FO,NSE,IDO,68470,,NIFTY,,2025-03-06,2025-03-06,23050.0,CE,NIFTY2530623050CE,280.0,297.2,223.65,270.35,259.05,307.8,22945.3,270.35,21450,9075,434,758748198.75,236,F1,75,,,,,
2025-02-18,2025-02-18,FO,NSE,IDO,68476,,NIFTY,,2025-03-06,2025-03-06,23200.0,CE,NIFTY2530623200CE,223.0,231.95,164.2,198.6,190.3,235.4,22945.3,198.6,101550,36225,3572,6266438370.0,2524,F1,75,,,,,
2025-02-18,2025-02-18,FO,NSE,IDO,68482,,NIFTY,,2025-03-06,2025-03-06,23350.0,CE,NIFTY2530623350CE,147.95,162.9,117.85,140.9,136.2,169.9,22945.3,140.9,14775,4275,209,368151371.25,168,F1,75,,,,,
2025-02-18,2025-02-18,FO,NSE,IDO,68588,,NIFTY,,2025-03-06,2025-03-06,23850.0,CE,NIFTY2530623850CE,43.0,44.45,33.15,37.85,34.85,48.35,22945.3,37.85,8850,1875,122,218580480.0,53,F1,75,,,,,
2025-02-18,2025-02-18,FO,NSE,IDO,68590,,NIFTY,,2025-03-06,2025-03-06,23900.0,CE,NIFTY2530623900CE,42.0,42.0,28.0,30.75,28.75,42.6,22945.3,30.75,36825,2250,1094,1963640996.25,607,F1,75,,,,,
2025-02-18,2025-02-18,FO,NSE,IDO,68612,,NIFTY,,2025-03-06,2025-03-06,24350.0,CE,NIFTY2530624350CE,12.75,12.8,9.15,9.4,9.35,13.9,22945.3,9.4,14700,7350,272,496948815.0,136,F1,75,,,,,
2025-02-18,2025-02-18,FO,NSE,IDO,68627,,NIFTY,,2025-03-06,2025-03-06,24650.0,CE,NIFTY2530624650CE,0.0,0.0,0.0,9.4,9.4,9.4,22945.3,1.5,2325,0,0,0.0,0,F1,75,,,,,
2025-02-18,2025-02-18,FO,NSE,IDO,68656,,NIFTY,,2025-03-06,2025-03-06,25050.0,CE,NIFTY2530625050CE,3.65,3.65,3.0,3.35,3.4,4.25,22945.3,3.35,2475,75,9,16911007.5,5,F1,75,,,,,
2025-02-18,2025-02-18,FO,NSE,IDO,68668,,NIFTY,,2025-03-06,2025-03-06,25200.0,CE,NIFTY2530625200CE,3.6,3.6,2.6,2.85,2.75,4.1,22945.3,2.85,5925,600,129,243839561.25,37,F1,75,,,,,
2025-02-18,2025-02-18,FO,NSE,IDO,68724,,NIFTY,,2025-03-06,2025-03-06,25350.0,CE,NIFTY2530625350CE,2.75,2.85,2.65,2.8,2.8,3.25,22945.3,2.8,2850,1050,19,36127653.75,10,F1,75,,,,,
2025-02-18,2025-02-18,FO,NSE,IDO,45444,,NIFTY,,2025-03-13,2025-03-13,22100.0,CE,NIFTY2531322100CE,0.0,0.0,0.0,1694.45,0.0,1694.45,22945.3,974.6,0,0,0,0.0,0,F1,75,,,,,
2025-02-18,2025-02-18,FO,NSE,IDO,45450,,NIFTY,,2025-03-13,2025-03-13,22200.0,CE,NIFTY2531322200CE,0.0,0.0,0.0,1603.45,0.0,1603.45,22945.3,887.35,0,0,0,0.0,0,F1,75,,,,,
2025-02-18,2025-02-18,FO,NSE,IDO,45464,,NIFTY,,2025-03-13,2025-03-13,22450.0,CE,NIFTY2531322450CE,0.0,0.0,0.0,1382.75,0.0,1382.75,22945.3,683.05,0,0,0,0.0,0,F1,75,,,,,
2025-02-18,2025-02-18,FO,NSE,IDO,45474,,NIFTY,,2025-03-13,2025-03-13,22650.0,CE,NIFTY2531322650CE,0.0,0.0,0.0,1214.5,0.0,1214.5,22945.3,537.1,0,0,0,0.0,0,F1,75,,,,,
2025-02-18,2025-02-18,FO,NSE,IDO,45488,,NIFTY,,2025-03-13,2025-03-13,23000.0,CE,NIFTY2531323000CE,394.0,408.6,320.0,363.3,355.15,413.6,22945.3,363.3,16275,4350,251,439551937.5,148,F1,75,,,,,
2025-02-18,2025-02-18,FO,NSE,IDO,45510,,NIFTY,,2025-03-13,2025-03-13,23200.0,CE,NIFTY2531323200CE,275.0,292.0,240.0,263.4,260.0,303.0,22945.3,263.4,4275,1050,44,77422773.75,38,F1,75,,,,,
2025-02-18,2025-02-18,FO,NSE,IDO,45517,,NIFTY,,2025-03-13,2025-03-13,23250.0,CE,NIFTY2531323250CE,0.0,0.0,0.0,389.8,389.8,389.8,22945.3,215.1,150,0,0,0.0,0,F1,75,,,,,
2025-02-18,2025-02-18,FO,NSE,IDO,45538,,NIFTY,,2025-03-13,2025-03-13,23700.0,CE,NIFTY2531323700CE,107.15,107.15,85.05,89.5,89.0,117.0,22945.3,89.5,8325,0,52,92787618.75,40,F1,75,,,,,
2025-02-18,2025-02-18,FO,NSE,IDO,45540,,NIFTY,,2025-03-13,2025-03-13,23750.0,CE,NIFTY2531323750CE,0.0,0.0,0.0,480.9,0.0,480.9,22945.3,77.85,0,0,0,0.0,0,F1,75,,,,,
2025-02-18,2025-02-18,FO,NSE,IDO,45586,,NIFTY,,2025-03-13,2025-03-13,24300.0,CE,NIFTY2531324300CE,26.35,26.6,21.5,23.0,22.8,29.9,22945.3,23.0,6225,2400,140,255396738.75,47,F1,75,,,,,
2025-02-18,2025-02-18,FO,NSE,IDO,45593,,NIFTY,,2025-03-13,2025-03-13,24400.0,CE,NIFTY2531324400CE,20.0,20.0,17.3,17.8,17.8,23.55,22945.3,14.15,300,75,5,9156933.75,4,F1,75,,,,,
2025-02-18,2025-02-18,FO,NSE,IDO,50133,,NIFTY,,2025-03-20,2025-03-20,21700.0,CE,NIFTY2532021700CE,0.0,0.0,0.0,1528.1,0.0,1528.1,22945.3,1381.0,0,0,0,0.0,0,F1,75,,,,,
2025-02-18,2025-02-18,FO,NSE,IDO,50145,,NIFTY,,2025-03-20,2025-03-20,21950.0,CE,NIFTY2532021950CE,0.0,0.0,0.0,1309.0,0.0,1309.0,22945.3,1151.65,0,0,0,0.0,0,F1,75,,,,,
2025-02-18,2025-02-18,FO,NSE,IDO,50201,,NIFTY,,2025-03-20,2025-03-20,22650.0,CE,NIFTY2532022650CE,0.0,0.0,0.0,771.5,0.0,771.5,22945.3,594.6,0,0,0,0.0,0,F1,75,,,,,
2025-02-18,2025-02-18,FO,NSE,IDO,50205,,NIFTY,,2025-03-20,2025-03-20,22750.0,CE,NIFTY2532022750CE,547.4,547.4,547.4,547.4,547.4,706.3,22945.3,529.4,75,75,1,1747305.0,1,F1,75,,,,,
2025-02-18,2025-02-18,FO,NSE,IDO,50239,,NIFTY,,2025-03-20,2025-03-20,23400.0,CE,NIFTY2532023400CE,0.0,0.0,0.0,364.15,0.0,364.15,22945.3,212.65,0,0,0,0.0,0,F1,75,,,,,
2025-02-18,2025-02-18,FO,NSE,IDO,50279,,NIFTY,,2025-03-20,2025-03-20,24100.0,CE,NIFTY2532024100CE,66.1,66.1,66.1,66.1,66.1,148.55,22945.3,56.8,75,75,1,1812457.5,1,F1,75,,,,,
2025-02-18,2025-02-18,FO,NSE,IDO,50291,,NIFTY,,2025-03-20,2025-03-20,24350.0,CE,NIFTY2532024350CE,0.0,0.0,0.0,102.7,0.0,102.7,22945.3,32.4,0,0,0,0.0,0,F1,75,,,,,
2025-02-18,2025-02-18,FO,NSE,IDO,50307,,NIFTY,,2025-03-20,2025-03-20,24600.0,CE,NIFTY2532024600CE,0.0,0.0,0.0,69.15,0.0,69.15,22945.3,17.55,0,0,0,0.0,0,F1,75,,,,,
2025-02-18,2025-02-18,FO,NSE,IDO,46874,,NIFTY,,2025-03-27,2025-03-27,21400.0,CE,NIFTY25MAR21400CE,0.0,0.0,0.0,2789.25,0.0,2789.25,22945.3,1699.5,0,0,0,0.0,0,F1,75,,,,,
2025-02-18,2025-02-18,FO,NSE,IDO,46942,,NIFTY,,2025-03-27,2025-03-27,21950.0,CE,NIFTY25MAR21950CE,0.0,0.0,0.0,2301.2,0.0,2301.2,22945.3,1193.3,0,0,0,0.0,0,F1,75,,,,,
2025-02-18,2025-02-18,FO,NSE,IDO,64682,,NIFTY,,2025-09-25,2025-09-25,19000.0,CE,NIFTY25SEP19000CE,0.0,0.0,0.0,8559.0,0.0,8559.0,22945.3,4682.45,0,0,0,0.0,0,F1,75,,,,,
2025-02-18,2025-02-18,FO,NSE,IDO,79674,,NIFTY,,2025-04-24,2025-04-24,24800.0,CE,NIFTY25APR24800CE,75.0,82.9,61.0,67.85,66.5,79.95,22945.3,67.85,29700,10425,283,527779717.5,70,F1,75,,,,,
2025-02-18,2025-02-18,FO,NSE,IDO,79644,,NIFTY,,2025-04-24,2025-04-24,24600.0,CE,NIFTY25APR24600CE,96.0,99.3,92.0,95.95,94.0,107.8,22945.3,95.95,10125,225,20,37044116.25,13,F1,75,,,,,
2025-02-18,2025-02-18,FO,NSE,IDO,79415,,NIFTY,,2025-04-24,2025-04-24,22850.0,CE,NIFTY25APR22850CE,743.45,743.45,743.45,743.45,743.45,743.45,22945.3,711.4,150,75,1,1769508.75,1,F1,75,,,,,
2025-02-18,2025-02-18,FO,NSE,IDO,79411,,NIFTY,,2025-04-24,2025-04-24,22800.0,CE,NIFTY25APR22800CE,811.9,830.65,751.8,818.2,799.0,857.65,22945.3,818.2,29025,750,102,180558476.25,51,F1,75,,,,,
2025-02-18,2025-02-18,FO,NSE,IDO,79400,,NIFTY,,2025-04-24,2025-04-24,22650.0,CE,NIFTY25APR22650CE,0.0,0.0,0.0,959.6,959.6,959.6,22945.3,835.65,75,0,0,0.0,0,F1,75,,,,,
2025-02-18,2025-02-18,FO,NSE,IDO,79390,,NIFTY,,2025-04-24,2025-04-24,22450.0,CE,NIFTY25APR22450CE,0.0,0.0,0.0,1438.25,0.0,1438.25,22945.3,971.3,0,0,0,0.0,0,F1,75,,,,,
2025-02-18,2025-02-18,FO,NSE,IDO,79291,,NIFTY,,2025-04-24,2025-04-24,22100.0,CE,NIFTY25APR22100CE,0.0,0.0,0.0,1276.0,1276.0,1276.0,22945.3,1233.55,525,0,0,0.0,0,F1,75,,,,,
2025-02-18,2025-02-18,FO,NSE,IDO,79287,,NIFTY,,2025-04-24,2025-04-24,22050.0,CE,NIFTY25APR22050CE,0.0,0.0,0.0,1741.0,0.0,1741.0,22945.3,1273.4,0,0,0,0.0,0,F1,75,,,,,
2025-02-18,2025-02-18,FO,NSE,IDO,79253,,NIFTY,,2025-04-24,2025-04-24,21450.0,CE,NIFTY25APR21450CE,0.0,0.0,0.0,2242.1,0.0,2242.1,22945.3,1787.85,0,0,0,0.0,0,F1,75,,,,,
2025-02-18,2025-02-18,FO,NSE,IDO,56888,,NIFTY,,2025-03-27,2025-03-27,25600.0,CE,NIFTY25MAR25600CE,14.85,14.85,10.4,11.0,10.9,12.35,22945.3,11.0,10350,-825,46,88359322.5,24,F1,75,,,,,
2025-02-18,2025-02-18,FO,NSE,IDO,64570,,NIFTY,,2025-03-27,2025-03-27,25000.0,CE,NIFTY25MAR25000CE,20.05,20.05,16.0,16.45,16.9,19.8,22945.3,16.45,2731350,61425,9162,17190699900.0,4058,F1,75,,,,,
2025-02-18,2025-02-18,FO,NSE,IDO,56526,,NIFTY,,2025-03-27,2025-03-27,24550.0,CE,NIFTY25MAR24550CE,40.3,40.5,32.1,32.85,32.7,41.0,22945.3,32.85,18600,1425,290,534722190.0,148,F1,75,,,,,
2025-02-18,2025-02-18,FO,NSE,IDO,55102,,NIFTY,,2025-03-27,2025-03-27,24250.0,CE,NIFTY25MAR24250CE,69.0,70.7,55.95,59.6,58.25,73.2,22945.3,59.6,21600,-7200,288,525099311.25,139,F1,75,,,,,
2025-02-18,2025-02-18,FO,NSE,IDO,54819,,NIFTY,,2025-03-27,2025-03-27,24150.0,CE,NIFTY25MAR24150CE,79.0,85.2,67.9,72.7,71.55,88.35,22945.3,72.7,21900,150,219,397867421.25,117,F1,75,,,,,
2025-02-18,2025-02-18,FO,NSE,IDO,64564,,NIFTY,,2025-03-27,2025-03-27,23000.0,CE,NIFTY25MAR23000CE,521.05,522.1,430.0,483.25,477.3,526.55,22945.3,483.25,1114575,73350,14171,24947575740.0,9450,F1,75,,,,,
2025-02-18,2025-02-18,FO,NSE,IDO,46997,,NIFTY,,2025-03-27,2025-03-27,22500.0,CE,NIFTY25MAR22500CE,850.0,850.0,735.0,808.0,800.45,865.65,22945.3,808.0,297150,19725,1987,3472195815.0,1230,F1,75,,,,,
2025-02-18,2025-02-18,FO,NSE,IDO,46918,,NIFTY,,2025-03-27,2025-03-27,21800.0,CE,NIFTY25MAR21800CE,1356.65,1376.95,1356.65,1376.95,1376.95,1372.55,22945.3,1326.65,750,225,4,6948517.5,4,F1,75,,,,,
2025-02-18,2025-02-18,FO,NSE,IDO,46880,,NIFTY,,2025-03-27,2025-03-27,21500.0,CE,NIFTY25MAR21500CE,1611.6,1672.7,1551.1,1636.7,1627.85,1701.45,22945.3,1636.7,17250,4125,153,265075481.25,92,F1,75,,,,,
2025-02-18,2025-02-18,FO,NSE,IDO,50296,,NIFTY,,2025-03-20,2025-03-20,24400.0,CE,NIFTY2532024400CE,0.0,0.0,0.0,95.1,0.0,95.1,22945.3,28.75,0,0,0,0.0,0,F1,75,,,,,
2025-02-18,2025-02-18,FO,NSE,IDO,50261,,NIFTY,,2025-03-20,2025-03-20,23850.0,CE,NIFTY2532023850CE,0.0,0.0,0.0,209.15,0.0,209.15,22945.3,95.0,0,0,0,0.0,0,F1,75,,,,,
2025-02-18,2025-02-18,FO,NSE,IDO,50259,,NIFTY,,2025-03-20,2025-03-20,23800.0,CE,NIFTY2532023800CE,129.55,129.55,101.0,109.0,109.0,110.0,22945.3,104.65,300,150,17,30483296.25,7,F1,75,,,,,
2025-02-18,2025-02-18,FO,NSE,IDO,50241,,NIFTY,,2025-03-20,2025-03-20,23450.0,CE,NIFTY2532023450CE,0.0,0.0,0.0,343.75,0.0,343.75,22945.3,195.9,0,0,0,0.0,0,F1,75,,,,,
2025-02-18,2025-02-18,FO,NSE,IDO,50165,,NIFTY,,2025-03-20,2025-03-20,22250.0,CE,NIFTY2532022250CE,0.0,0.0,0.0,1062.95,0.0,1062.95,22945.3,894.15,0,0,0,0.0,0,F1,75,,,,,
2025-02-18,2025-02-18,FO,NSE,IDO,50139,,NIFTY,,2025-03-20,2025-03-20,21850.0,CE,NIFTY2532021850CE,0.0,0.0,0.0,1395.25,0.0,1395.25,22945.3,1242.1,0,0,0,0.0,0,F1,75,,,,,
2025-02-18,2025-02-18,FO,NSE,IDO,50115,,NIFTY,,2025-03-20,2025-03-20,21350.0,CE,NIFTY2532021350CE,0.0,0.0,0.0,1850.6,0.0,1850.6,22945.3,1715.9,0,0,0,0.0,0,F1,75,,,,,
2025-02-18,2025-02-18,FO,NSE,IDO,50109,,NIFTY,,2025-03-20,2025-03-20,21250.0,CE,NIFTY2532021250CE,0.0,0.0,0.0,1945.25,0.0,1945.25,22945.3,1813.4,0,0,0,0.0,0,F1,75,,,,,
2025-02-18,2025-02-18,FO,NSE,IDO,50103,,NIFTY,,2025-03-20,2025-03-20,21200.0,CE,NIFTY2532021200CE,0.0,0.0,0.0,1992.95,0.0,1992.95,22945.3,1862.35,0,0,0,0.0,0,F1,75,,,,,
2025-02-18,2025-02-18,FO,NSE,IDO,45638,,NIFTY,,2025-03-13,2025-03-13,25000.0,CE,NIFTY2531325000CE,9.1,9.1,6.8,7.4,7.4,9.25,22945.3,7.4,21750,6075,220,412626971.25,75,F1,75,,,,,
2025-02-18,2025-02-18,FO,NSE,IDO,45621,,NIFTY,,2025-03-13,2025-03-13,24850.0,CE,NIFTY2531324850CE,0.0,0.0,0.0,124.4,0.0,124.4,22945.3,3.35,0,0,0,0.0,0,F1,75,,,,,
2025-02-18,2025-02-18,FO,NSE,IDO,45536,,NIFTY,,2025-03-13,2025-03-13,23650.0,CE,NIFTY2531323650CE,0.0,0.0,0.0,150.95,150.95,150.95,22945.3,97.3,75,0,0,0.0,0,F1,75,,,,,
2025-02-18,2025-02-18,FO,NSE,IDO,45486,,NIFTY,,2025-03-13,2025-03-13,22950.0,CE,NIFTY2531322950CE,406.75,406.75,350.05,401.85,401.85,440.7,22945.3,353.3,450,375,17,29744291.25,14,F1,75,,,,,
2025-02-18,2025-02-18,FO,NSE,IDO,45484,,NIFTY,,2025-03-13,2025-03-13,22900.0,CE,NIFTY2531322900CE,435.4,440.0,375.5,425.55,417.0,475.0,22945.3,425.55,2700,1050,41,71700337.5,29,F1,75,,,,,
2025-02-18,2025-02-18,FO,NSE,IDO,45410,,NIFTY,,2025-03-13,2025-03-13,21400.0,CE,NIFTY2531321400CE,0.0,0.0,0.0,2359.65,0.0,2359.65,22945.3,1636.4,0,0,0,0.0,0,F1,75,,,,,
2025-02-18,2025-02-18,FO,NSE,IDO,68666,,NIFTY,,2025-03-06,2025-03-06,25150.0,CE,NIFTY2530625150CE,2.85,3.1,2.85,3.1,3.1,3.65,22945.3,0.15,2100,750,17,32070108.75,4,F1,75,,,,,
2025-02-18,2025-02-18,FO,NSE,IDO,68623,,NIFTY,,2025-03-06,2025-03-06,24600.0,CE,NIFTY2530624600CE,8.65,8.65,5.4,5.7,5.7,7.75,22945.3,5.7,38175,2775,734,1354570342.5,307,F1,75,,,,,
2025-02-18,2025-02-18,FO,NSE,IDO,68452,,NIFTY,,2025-03-06,2025-03-06,22650.0,CE,NIFTY2530622650CE,0.0,0.0,0.0,959.6,0.0,959.6,22945.3,473.6,0,0,0,0.0,0,F1,75,,,,,
2025-02-18,2025-02-18,FO,NSE,IDO,57673,,NIFTY,,2025-02-27,2025-02-27,25750.0,CE,NIFTY25FEB25750CE,1.65,1.85,1.45,1.55,1.55,1.7,22945.3,1.55,12375,1050,271,523402440.0,127,F1,75,,,,,
2025-02-18,2025-02-18,FO,NSE,IDO,57671,,NIFTY,,2025-02-27,2025-02-27,25700.0,CE,NIFTY25FEB25700CE,1.9,1.9,1.5,1.6,1.55,1.7,22945.3,1.6,52050,9450,845,1628847487.5,305,F1,75,,,,,
2025-02-18,2025-02-18,FO,NSE,IDO,57661,,NIFTY,,2025-02-27,2025-02-27,25450.0,CE,NIFTY25FEB25450CE,1.85,1.95,1.65,1.65,1.65,1.85,22945.3,1.65,14775,300,71,135530932.5,43,F1,75,,,,,
2025-02-18,2025-02-18,FO,NSE,IDO,57623,,NIFTY,,2025-02-27,2025-02-27,24550.0,CE,NIFTY25FEB24550CE,3.05,3.1,2.15,2.3,2.3,3.2,22945.3,2.3,97800,9000,1083,1994284271.25,522,F1,75,,,,,
2025-02-18,2025-02-18,FO,NSE,IDO,57619,,NIFTY,,2025-02-27,2025-02-27,24450.0,CE,NIFTY25FEB24450CE,3.55,3.55,2.25,2.55,2.3,3.7,22945.3,2.55,96450,22200,1663,3049881990.0,910,F1,75,,,,,
2025-02-18,2025-02-18,FO,NSE,IDO,57601,,NIFTY,,2025-02-27,2025-02-27,24000.0,CE,NIFTY25FEB24000CE,10.4,10.8,5.7,6.15,5.9,10.85,22945.3,6.15,6463425,245400,85251,153498106788.75,32699,F1,75,,,,,
2025-02-18,2025-02-18,FO,NSE,IDO,57597,,NIFTY,,2025-02-27,2025-02-27,23900.0,CE,NIFTY25FEB23900CE,13.95,15.7,7.6,8.4,7.6,14.8,22945.3,8.4,1148400,-4050,29352,52635583687.5,15701,F1,75,,,,,
2025-02-18,2025-02-18,FO,NSE,IDO,57583,,NIFTY,,2025-02-27,2025-02-27,23550.0,CE,NIFTY25FEB23550CE,50.45,50.45,26.95,32.2,29.9,49.0,22945.3,32.2,359175,-100650,16686,29516144610.0,11491,F1,75,,,,,
2025-02-18,2025-02-18,FO,NSE,IDO,55653,,NIFTY,,2025-02-27,2025-02-27,23350.0,CE,NIFTY25FEB23350CE,103.95,103.95,54.95,68.1,64.4,96.15,22945.3,68.1,395175,7275,27136,47664914351.25,18621,F1,75,,,,,
2025-02-18,2025-02-18,FO,NSE,IDO,55641,,NIFTY,,2025-02-27,2025-02-27,23050.0,CE,NIFTY25FEB23050CE,203.05,212.15,137.5,174.3,165.0,218.35,22945.3,174.3,317400,58650,16383,28530666750.0,11428,F1,75,,,,,
2025-02-18,2025-02-18,FO,NSE,IDO,55609,,NIFTY,,2025-02-27,2025-02-27,22250.0,CE,NIFTY25FEB22250CE,760.0,780.8,655.0,765.0,749.15,777.35,22945.3,765.0,3450,225,44,75821583.75,23,F1,75,,,,,
2025-02-18,2025-02-18,FO,NSE,IDO,55607,,NIFTY,,2025-02-27,2025-02-27,22200.0,CE,NIFTY25FEB22200CE,841.05,841.05,691.15,788.85,778.05,854.55,22945.3,788.85,13650,1650,214,368585651.25,131,F1,75,,,,,
2025-02-18,2025-02-18,FO,NSE,IDO,55599,,NIFTY,,2025-02-27,2025-02-27,22000.0,CE,NIFTY25FEB22000CE,1032.45,1032.45,865.0,971.9,960.8,1043.45,22945.3,971.9,927600,13650,3011,5186966591.25,1202,F1,75,,,,,
2025-02-18,2025-02-18,FO,NSE,IDO,55597,,NIFTY,,2025-02-27,2025-02-27,21950.0,CE,NIFTY25FEB21950CE,988.0,988.0,930.0,965.0,965.0,1088.7,22945.3,1032.85,525,-150,4,6875325.0,4,F1,75,,,,,
2025-02-18,2025-02-18,FO,NSE,IDO,55585,,NIFTY,,2025-02-27,2025-02-27,21650.0,CE,NIFTY25FEB21650CE,0.0,0.0,0.0,1378.85,1383.8,1378.85,22945.3,1330.3,150,0,0,0.0,0,F1,75,,,,,
2025-02-18,2025-02-18,FO,NSE,IDO,55575,,NIFTY,,2025-02-27,2025-02-27,21500.0,CE,NIFTY25FEB21500CE,1463.9,1501.2,1349.4,1471.35,1453.8,1529.7,22945.3,1471.35,631275,-3225,234,402682837.5,148,F1,75,,,,,
2025-02-18,2025-02-18,FO,NSE,IDO,55569,,NIFTY,,2025-02-27,2025-02-27,21350.0,CE,NIFTY25FEB21350CE,0.0,0.0,0.0,1684.55,1684.55,1684.55,22945.3,1629.5,375,0,0,0.0,0,F1,75,,,,,
2025-02-18,2025-02-18,FO,NSE,IDO,55563,,NIFTY,,2025-02-27,2025-02-27,21200.0,CE,NIFTY25FEB21200CE,1705.0,1705.0,1705.0,1705.0,1705.0,1720.0,22945.3,1779.25,1575,-75,1,1717875.0,1,F1,75,,,,,
2025-02-18,2025-02-18,FO,NSE,IDO,63801,,NIFTY,,2025-02-20,2025-02-20,24850.0,CE,NIFTY2522024850CE,0.7,0.85,0.4,0.45,0.4,0.7,22945.3,0.45,119850,45450,11306,21072066491.25,2611,F1,75,,,,,
2025-02-18,2025-02-18,FO,NSE,IDO,63648,,NIFTY,,2025-02-20,2025-02-20,23700.0,CE,NIFTY2522023700CE,4.6,4.6,1.25,1.4,1.3,4.45,22945.3,1.4,7215900,133725,777515,1382171321857.5,159338,F1,75,,,,,
2025-02-18,2025-02-18,FO,NSE,IDO,63620,,NIFTY,,2025-02-20,2025-02-20,23450.0,CE,NIFTY2522023450CE,18.1,18.5,5.0,6.0,5.3,18.45,22945.3,6.0,3478125,1375050,649222,1142259265256.25,167175,F1,75,,,,,
2025-02-18,2025-02-18,FO,NSE,IDO,63551,,NIFTY,,2025-02-20,2025-02-20,23200.0,CE,NIFTY2522023200CE,65.0,68.2,23.7,30.9,26.2,65.6,22945.3,30.9,8130000,3298500,1682364,2931728044140.0,687029,F1,75,,,,,
2025-02-18,2025-02-18,FO,NSE,IDO,63524,,NIFTY,,2025-02-20,2025-02-20,22950.0,CE,NIFTY2522022950CE,167.95,170.75,82.2,118.55,106.0,173.6,22945.3,118.55,2266125,901800,1417848,2453023749247.5,922075,F1,75,,,,,
2025-02-18,2025-02-18,FO,NSE,IDO,63367,,NIFTY,,2025-02-20,2025-02-20,22550.0,CE,NIFTY2522022550CE,448.85,459.85,311.0,409.25,394.1,470.85,22945.3,409.25,33975,1725,5525,9497129148.75,4025,F1,75,,,,,
2025-02-18,2025-02-18,FO,NSE,IDO,63365,,NIFTY,,2025-02-20,2025-02-20,22500.0,CE,NIFTY2522022500CE,494.15,503.55,347.6,456.8,439.0,514.65,22945.3,456.8,246825,375,34672,59602689303.75,21786,F1,75,,,,,
2025-02-18,2025-02-18,FO,NSE,IDO,63299,,NIFTY,,2025-02-20,2025-02-20,22100.0,CE,NIFTY2522022100CE,867.7,878.0,717.8,841.15,834.0,892.6,22945.3,841.15,10875,1800,241,413916513.75,178,F1,75,,,,,
2025-02-18,2025-02-18,FO,NSE,IDO,63204,,NIFTY,,2025-02-20,2025-02-20,21400.0,CE,NIFTY2522021400CE,0.0,0.0,0.0,1667.0,1667.0,1667.0,22945.3,1552.9,75,0,0,0.0,0,F1,75,,,,,
2025-02-18,2025-02-18,FO,NSE,IDO,63082,,NIFTY,,2025-02-20,2025-02-20,21100.0,CE,NIFTY2522021100CE,0.0,0.0,0.0,1964.85,1964.85,1964.85,22945.3,1852.8,225,0,0,0.0,0,F1,75,,,,,
2025-02-18,2025-02-18,FO,NSE,IDO,57688,,NIFTY,,2025-02-27,2025-02-27,26100.0,PE,NIFTY25FEB26100PE,0.0,0.0,0.0,3057.65,3059.25,3057.65,22945.3,3112.9,6150,0,0,0.0,0,F1,75,,,,,
2025-02-18,2025-02-18,FO,NSE,IDO,57706,,NIFTY,,2025-02-27,2025-02-27,26350.0,PE,NIFTY25FEB26350PE,0.0,0.0,0.0,3313.95,3313.95,3313.95,22945.3,3362.5,75,0,0,0.0,0,F1,75,,,,,
2025-02-18,2025-02-18,FO,NSE,IDO,57709,,NIFTY,,2025-02-27,2025-02-27,26400.0,PE,NIFTY25FEB26400PE,3413.65,3437.6,3413.65,3437.6,3437.6,3363.7,22945.3,3412.4,2175,0,2,4473843.75,2,F1,75,,,,,
2025-02-18,2025-02-18,FO,NSE,IDO,68406,,NIFTY,,2025-03-06,2025-03-06,21750.0,PE,NIFTY2530621750PE,26.2,33.5,25.55,27.3,27.3,24.15,22945.3,5.15,4950,3150,94,153545426.25,22,F1,75,,,,,
2025-02-18,2025-02-18,FO,NSE,IDO,68424,,NIFTY,,2025-03-06,2025-03-06,22150.0,PE,NIFTY2530622150PE,0.0,0.0,0.0,64.3,64.3,64.3,22945.3,25.15,2700,0,0,0.0,0,F1,75,,,,,
2025-02-18,2025-02-18,FO,NSE,IDO,68473,,NIFTY,,2025-03-06,2025-03-06,23100.0,PE,NIFTY2530623100PE,336.35,409.0,304.3,323.7,332.4,308.65,22945.3,323.7,85800,40950,1589,2795757495.0,1071,F1,75,,,,,
2025-02-18,2025-02-18,FO,NSE,IDO,68577,,NIFTY,,2025-03-06,2025-03-06,23550.0,PE,NIFTY2530623550PE,0.0,0.0,0.0,607.0,607.0,607.0,22945.3,612.1,75,0,0,0.0,0,F1,75,,,,,
2025-02-18,2025-02-18,FO,NSE,IDO,68583,,NIFTY,,2025-03-06,2025-03-06,23700.0,PE,NIFTY2530623700PE,700.6,700.6,700.0,700.15,700.0,850.0,22945.3,700.15,2250,375,5,9150045.0,2,F1,75,,,,,
2025-02-18,2025-02-18,FO,NSE,IDO,68591,,NIFTY,,2025-03-06,2025-03-06,23900.0,PE,NIFTY2530623900PE,0.0,0.0,0.0,888.85,888.85,888.85,22945.3,913.25,75,0,0,0.0,0,F1,75,,,,,
2025-02-18,2025-02-18,FO,NSE,IDO,68630,,NIFTY,,2025-03-06,2025-03-06,24700.0,PE,NIFTY2530624700PE,0.0,0.0,0.0,1615.35,1615.35,1615.35,22945.3,1685.65,300,0,0,0.0,0,F1,75,,,,,
2025-02-18,2025-02-18,FO,NSE,IDO,68655,,NIFTY,,2025-03-06,2025-03-06,25000.0,PE,NIFTY2530625000PE,2001.7,2005.7,1990.0,1990.0,1990.0,1906.7,22945.3,1983.85,300,75,3,6074805.0,3,F1,75,,,,,
2025-02-18,2025-02-18,FO,NSE,IDO,68657,,NIFTY,,2025-03-06,2025-03-06,25050.0,PE,NIFTY2530625050PE,0.0,0.0,0.0,1952.55,1951.85,1952.55,22945.3,2033.65,225,0,0,0.0,0,F1,75,,,,,
2025-02-18,2025-02-18,FO,NSE,IDO,45420,,NIFTY,,2025-03-13,2025-03-13,21600.0,PE,NIFTY2531321600PE,0.0,0.0,0.0,12.25,0.0,12.25,22945.3,7.8,0,0,0,0.0,0,F1,75,,,,,
2025-02-18,2025-02-18,FO,NSE,IDO,45427,,NIFTY,,2025-03-13,2025-03-13,21700.0,PE,NIFTY2531321700PE,0.0,0.0,0.0,15.55,0.0,15.55,22945.3,11.1,0,0,0,0.0,0,F1,75,,,,,
2025-02-18,2025-02-18,FO,NSE,IDO,45477,,NIFTY,,2025-03-13,2025-03-13,22700.0,PE,NIFTY2531322700PE,220.65,230.0,193.0,200.25,202.8,230.0,22945.3,200.25,1200,825,27,46392105.0,18,F1,75,,,,,
2025-02-18,2025-02-18,FO,NSE,IDO,45489,,NIFTY,,2025-03-13,2025-03-13,23000.0,PE,NIFTY2531323000PE,309.95,387.7,299.0,319.0,323.0,300.2,22945.3,319.0,18075,1875,248,434107436.25,160,F1,75,,,,,
2025-02-18,2025-02-18,FO,NSE,IDO,45606,,NIFTY,,2025-03-13,2025-03-13,24500.0,PE,NIFTY2531324500PE,0.0,0.0,0.0,927.1,0.0,927.1,22945.3,1465.05,0,0,0,0.0,0,F1,75,,,,,
2025-02-18,2025-02-18,FO,NSE,IDO,45618,,NIFTY,,2025-03-13,2025-03-13,24750.0,PE,NIFTY2531324750PE,0.0,0.0,0.0,1117.85,0.0,1117.85,22945.3,1708.25,0,0,0,0.0,0,F1,75,,,,,
2025-02-18,2025-02-18,FO,NSE,IDO,50130,,NIFTY,,2025-03-20,2025-03-20,21600.0,PE,NIFTY2532021600PE,0.0,0.0,0.0,38.8,0.0,38.8,22945.3,15.0,0,0,0,0.0,0,F1,75,,,,,
2025-02-18,2025-02-18,FO,NSE,IDO,50156,,NIFTY,,2025-03-20,2025-03-20,22100.0,PE,NIFTY2532022100PE,0.0,0.0,0.0,100.15,0.0,100.15,22945.3,56.95,0,0,0,0.0,0,F1,75,,,,,
2025-02-18,2025-02-18,FO,NSE,IDO,50164,,NIFTY,,2025-03-20,2025-03-20,22200.0,PE,NIFTY2532022200PE,0.0,0.0,0.0,118.55,0.0,118.55,22945.3,71.8,0,0,0,0.0,0,F1,75,,,,,
2025-02-18,2025-02-18,FO,NSE,IDO,50206,,NIFTY,,2025-03-20,2025-03-20,22750.0,PE,NIFTY2532022750PE,0.0,0.0,0.0,268.6,0.0,268.6,22945.3,212.85,0,0,0,0.0,0,F1,75,,,,,
2025-02-18,2025-02-18,FO,NSE,IDO,50222,,NIFTY,,2025-03-20,2025-03-20,22950.0,PE,NIFTY2532022950PE,335.35,335.35,327.9,327.9,327.9,346.65,22945.3,294.35,225,225,6,10476813.75,4,F1,75,,,,,
2025-02-18,2025-02-18,FO,NSE,IDO,50230,,NIFTY,,2025-03-20,2025-03-20,23150.0,PE,NIFTY2532023150PE,0.0,0.0,0.0,438.3,0.0,438.3,22945.3,393.7,0,0,0,0.0,0,F1,75,,,,,
2025-02-18,2025-02-18,FO,NSE,IDO,50240,,NIFTY,,2025-03-20,2025-03-20,23400.0,PE,NIFTY2532023400PE,0.0,0.0,0.0,571.95,0.0,571.95,22945.3,542.7,0,0,0,0.0,0,F1,75,,,,,
2025-02-18,2025-02-18,FO,NSE,IDO,50274,,NIFTY,,2025-03-20,2025-03-20,23950.0,PE,NIFTY2532023950PE,0.0,0.0,0.0,937.9,0.0,937.9,22945.3,954.85,0,0,0,0.0,0,F1,75,,,,,
2025-02-18,2025-02-18,FO,NSE,IDO,50310,,NIFTY,,2025-03-20,2025-03-20,24650.0,PE,NIFTY2532024650PE,0.0,0.0,0.0,1512.9,0.0,1512.9,22945.3,1588.8,0,0,0,0.0,0,F1,75,,,,,
2025-02-18,2025-02-18,FO,NSE,IDO,46975,,NIFTY,,2025-03-27,2025-03-27,22150.0,PE,NIFTY25MAR22150PE,147.0,159.0,127.5,136.2,128.4,129.6,22945.3,136.2,18975,1275,158,264182156.25,110,F1,75,,,,,
2025-02-18,2025-02-18,FO,NSE,IDO,46985,,NIFTY,,2025-03-27,2025-03-27,22250.0,PE,NIFTY25MAR22250PE,156.65,184.5,146.95,152.8,157.15,145.95,22945.3,152.8,8925,-525,141,237006678.75,95,F1,75,,,,,
2025-02-18,2025-02-18,FO,NSE,IDO,46989,,NIFTY,,2025-03-27,2025-03-27,22350.0,PE,NIFTY25MAR22350PE,183.6,208.35,163.4,170.9,176.7,165.3,22945.3,170.9,27150,13050,731,1235173743.75,539,F1,75,,,,,
2025-02-18,2025-02-18,FO,NSE,IDO,48212,,NIFTY,,2025-03-27,2025-03-27,22850.0,PE,NIFTY25MAR22850PE,314.35,372.1,302.45,319.65,323.1,301.6,22945.3,319.65,37725,2700,409,711145826.25,293,F1,75,,,,,
2025-02-18,2025-02-18,FO,NSE,IDO,51478,,NIFTY,,2025-03-27,2025-03-27,23700.0,PE,NIFTY25MAR23700PE,775.0,846.55,733.95,763.45,768.95,724.0,22945.3,763.45,85425,-975,286,525026895.0,156,F1,75,,,,,
2025-02-18,2025-02-18,FO,NSE,IDO,64567,,NIFTY,,2025-03-27,2025-03-27,24000.0,PE,NIFTY25MAR24000PE,950.75,1090.0,950.0,979.15,995.6,933.35,22945.3,979.15,1492925,23500,2876,5392978485.0,1821,F1,75,,,,,
2025-02-18,2025-02-18,FO,NSE,IDO,55200,,NIFTY,,2025-03-27,2025-03-27,24350.0,PE,NIFTY25MAR24350PE,0.0,0.0,0.0,1107.4,1107.4,1107.4,22945.3,1296.5,14400,0,0,0.0,0,F1,75,,,,,
2025-02-18,2025-02-18,FO,NSE,IDO,55657,,NIFTY,,2025-03-27,2025-03-27,24500.0,PE,NIFTY25MAR24500PE,1405.0,1521.75,1380.0,1414.35,1418.05,1349.25,22945.3,1414.35,183900,8100,324,630720307.5,262,F1,75,,,,,
2025-02-18,2025-02-18,FO,NSE,IDO,56527,,NIFTY,,2025-03-27,2025-03-27,24550.0,PE,NIFTY25MAR24550PE,0.0,0.0,0.0,966.45,0.0,966.45,22945.3,1477.8,0,0,0,0.0,0,F1,75,,,,,
2025-02-18,2025-02-18,FO,NSE,IDO,79271,,NIFTY,,2025-04-24,2025-04-24,21850.0,PE,NIFTY25APR21850PE,0.0,0.0,0.0,143.95,143.95,143.95,22945.3,91.1,75,0,0,0.0,0,F1,75,,,,,
2025-02-18,2025-02-18,FO,NSE,IDO,79286,,NIFTY,,2025-04-24,2025-04-24,22000.0,PE,NIFTY25APR22000PE,166.7,197.95,163.45,171.7,175.3,164.85,22945.3,171.7,371700,-9750,1764,2934299958.75,1257,F1,75,,,,,
2025-02-18,2025-02-18,FO,NSE,IDO,79435,,NIFTY,,2025-04-24,2025-04-24,23050.0,PE,NIFTY25APR23050PE,466.85,466.85,461.3,461.3,461.3,455.3,22945.3,461.3,75,75,2,3527111.25,2,F1,75,,,,,
2025-02-18,2025-02-18,FO,NSE,IDO,79437,,NIFTY,,2025-04-24,2025-04-24,23100.0,PE,NIFTY25APR23100PE,455.6,515.0,455.6,480.0,480.0,450.05,22945.3,461.6,4950,300,25,44224713.75,13,F1,75,,,,,
2025-02-18,2025-02-18,FO,NSE,IDO,79512,,NIFTY,,2025-04-24,2025-04-24,23750.0,PE,NIFTY25APR23750PE,0.0,0.0,0.0,751.25,751.25,751.25,22945.3,830.55,2925,0,0,0.0,0,F1,75,,,,,
2025-02-18,2025-02-18,FO,NSE,IDO,79611,,NIFTY,,2025-04-24,2025-04-24,24200.0,PE,NIFTY25APR24200PE,1140.5,1199.4,1140.5,1199.4,1199.4,1061.55,22945.3,1153.1,2475,-75,7,13315560.0,6,F1,75,,,,,
2025-02-18,2025-02-18,FO,NSE,IDO,79635,,NIFTY,,2025-04-24,2025-04-24,24350.0,PE,NIFTY25APR24350PE,0.0,0.0,0.0,1128.5,0.0,1128.5,22945.3,1270.85,0,0,0,0.0,0,F1,75,,,,,
2025-02-18,2025-02-18,FO,NSE,IDO,55120,,NIFTY,,2025-06-26,2025-06-26,18000.0,PE,NIFTY25JUN18000PE,20.0,22.45,18.3,20.05,20.4,19.65,22945.3,20.05,76725,5775,152,205429567.5,68,F1,75,,,,,
2025-02-18,2025-02-18,FO,NSE,IDO,39986,,NIFTY,,2025-06-26,2025-06-26,19000.0,PE,NIFTY25JUN19000PE,31.4,40.15,31.4,36.3,35.5,33.05,22945.3,36.3,861075,-2475,474,676763872.5,233,F1,75,,,,,
2025-02-18,2025-02-18,FO,NSE,IDO,37794,,NIFTY,,2025-06-26,2025-06-26,23000.0,PE,NIFTY25JUN23000PE,516.0,584.0,513.2,527.6,527.45,508.3,22945.3,527.6,859900,24375,2136,3772280805.0,1916,F1,75,,,,,
2025-02-18,2025-02-18,FO,NSE,IDO,64689,,NIFTY,,2025-09-25,2025-09-25,22000.0,PE,NIFTY25SEP22000PE,376.95,401.0,353.0,377.15,385.0,370.9,22945.3,377.15,24450,1800,96,161181948.75,93,F1,75,,,,,
2025-02-18,2025-02-18,FO,NSE,IDO,64695,,NIFTY,,2025-09-25,2025-09-25,25000.0,PE,NIFTY25SEP25000PE,0.0,0.0,0.0,1578.85,1725.55,1578.85,22945.3,1616.85,3300,0,0,0.0,0,F1,75,,,,,
2025-02-18,2025-02-18,FO,NSE,IDO,37797,,NIFTY,,2025-12-24,2025-12-24,13000.0,PE,NIFTY25DEC13000PE,0.0,0.0,0.0,10.05,10.05,10.05,22945.3,0.05,600,0,0,0.0,0,F1,75,,,,,
2025-02-18,2025-02-18,FO,NSE,IDO,49174,,NIFTY,,2025-12-24,2025-12-24,15000.0,PE,NIFTY25DEC15000PE,0.0,0.0,0.0,30.95,30.95,30.95,22945.3,0.05,1675,0,0,0.0,0,F1,75,,,,,
2025-02-18,2025-02-18,FO,NSE,IDO,38377,,NIFTY,,2025-12-24,2025-12-24,20000.0,PE,NIFTY25DEC20000PE,209.6,209.6,191.6,204.85,201.0,200.4,22945.3,204.85,260825,-375,199,301500213.75,135,F1,75,,,,,
2025-02-18,2025-02-18,FO,NSE,IDO,58639,,NIFTY,,2026-12-31,2026-12-31,17000.0,PE,NIFTY26DEC17000PE,0.0,0.0,0.0,97.05,97.05,97.05,22945.3,12.2,2850,0,0,0.0,0,F1,75,,,,,
2025-02-18,2025-02-18,FO,NSE,IDO,58643,,NIFTY,,2026-12-31,2026-12-31,19000.0,PE,NIFTY26DEC19000PE,0.0,0.0,0.0,203.0,203.0,203.0,22945.3,65.95,2325,0,0,0.0,0,F1,75,,,,,
2025-02-18,2025-02-18,FO,NSE,IDO,53635,,NIFTY,,2027-12-30,2027-12-30,28000.0,PE,NIFTY27DEC28000PE,0.0,0.0,0.0,4251.0,0.0,4251.0,22945.3,2233.85,0,0,0,0.0,0,F1,75,,,,,
2025-02-18,2025-02-18,FO,NSE,IDO,89635,,NIFTY,,2029-06-28,2029-06-28,26000.0,PE,NIFTY29JUN26000PE,0.0,0.0,0.0,1391.75,1391.75,1391.75,22945.3,1047.3,25,0,0,0.0,0,F1,75,,,,,
2025-02-18,2025-02-18,FO,NSE,IDO,86163,,NIFTY,,2028-06-29,2028-06-29,27000.0,CE,NIFTY28JUN27000CE,0.0,0.0,0.0,2885.15,0.0,2885.15,22945.3,2856.35,0,0,0,0.0,0,F1,75,,,,,
2025-02-18,2025-02-18,FO,NSE,IDO,57640,,NIFTY,,2025-02-27,2025-02-27,24950.0,PE,NIFTY25FEB24950PE,0.0,0.0,0.0,1957.35,1957.35,1957.35,22945.3,1964.75,150,0,0,0.0,0,F1,75,,,,,
2025-02-18,2025-02-18,FO,NSE,IDO,57616,,NIFTY,,2025-02-27,2025-02-27,24350.0,PE,NIFTY25FEB24350PE,0.0,0.0,0.0,1356.0,1356.0,1356.0,22945.3,1366.15,6600,0,0,0.0,0,F1,75,,,,,
2025-02-18,2025-02-18,FO,NSE,IDO,57614,,NIFTY,,2025-02-27,2025-02-27,24300.0,PE,NIFTY25FEB24300PE,1353.65,1412.0,1306.9,1320.0,1320.0,1275.55,22945.3,1316.4,69375,-600,9,17316427.5,9,F1,75,,,,,
2025-02-18,2025-02-18,FO,NSE,IDO,55622,,NIFTY,,2025-02-27,2025-02-27,22550.0,PE,NIFTY25FEB22550PE,84.95,122.6,67.0,74.45,77.0,77.4,22945.3,74.45,186000,-7650,15364,26090544986.25,10233,F1,75,,,,,
2025-02-18,2025-02-18,FO,NSE,IDO,55614,,NIFTY,,2025-02-27,2025-02-27,22350.0,PE,NIFTY25FEB22350PE,51.75,72.65,37.8,42.5,44.5,46.15,22945.3,42.5,232725,41400,13652,22938079725.0,8718,F1,75,,,,,
2025-02-18,2025-02-18,FO,NSE,IDO,55610,,NIFTY,,2025-02-27,2025-02-27,22250.0,PE,NIFTY25FEB22250PE,38.2,55.5,28.15,31.05,33.45,35.35,22945.3,31.05,184575,63000,7951,13292492602.5,4919,F1,75,,,,,
2025-02-18,2025-02-18,FO,NSE,IDO,55608,,NIFTY,,2025-02-27,2025-02-27,22200.0,PE,NIFTY25FEB22200PE,27.8,48.6,24.25,26.65,28.5,31.05,22945.3,26.65,1193625,32475,42811,71389252151.25,22634,F1,75,,,,,
2025-02-18,2025-02-18,FO,NSE,IDO,63804,,NIFTY,,2025-02-20,2025-02-20,24900.0,PE,NIFTY2522024900PE,1963.9,2017.0,1963.9,2017.0,2017.0,1964.1,22945.3,1945.85,1125,-75,3,6051881.25,3,F1,75,,,,,
2025-02-18,2025-02-18,FO,NSE,IDO,63649,,NIFTY,,2025-02-20,2025-02-20,23700.0,PE,NIFTY2522023700PE,735.25,882.15,724.05,748.65,776.85,712.75,22945.3,748.65,145275,-7800,286,525374677.5,222,F1,75,,,,,
2025-02-18,2025-02-18,FO,NSE,IDO,63641,,NIFTY,,2025-02-20,2025-02-20,23600.0,PE,NIFTY2522023600PE,634.5,793.55,628.6,648.2,673.5,614.7,22945.3,648.2,375900,-27900,845,1539779441.25,466,F1,75,,,,,
2025-02-18,2025-02-18,FO,NSE,IDO,63585,,NIFTY,,2025-02-20,2025-02-20,23200.0,PE,NIFTY2522023200PE,287.95,416.25,258.85,282.55,298.05,274.6,22945.3,282.55,1026075,-126525,98118,173101156286.25,62104,F1,75,,,,,
2025-02-18,2025-02-18,FO,NSE,IDO,63535,,NIFTY,,2025-02-20,2025-02-20,23100.0,PE,NIFTY2522023100PE,180.0,331.55,180.0,207.3,221.0,210.5,22945.3,207.3,1367700,60225,231774,405910728135.0,148760,F1,75,,,,,
2025-02-18,2025-02-18,FO,NSE,IDO,63533,,NIFTY,,2025-02-20,2025-02-20,23050.0,PE,NIFTY2522023050PE,172.85,293.15,156.5,174.9,187.75,181.95,22945.3,174.9,478500,-18600,177711,310040141928.75,123153,F1,75,,,,,
2025-02-18,2025-02-18,FO,NSE,IDO,63368,,NIFTY,,2025-02-20,2025-02-20,22550.0,PE,NIFTY2522022550PE,28.05,49.2,13.05,15.25,17.2,30.3,22945.3,15.25,1744125,368625,694956,1176857542567.5,296376,F1,75,,,,,
2025-02-18,2025-02-18,FO,NSE,IDO,63360,,NIFTY,,2025-02-20,2025-02-20,22400.0,PE,NIFTY2522022400PE,14.4,24.2,5.5,6.3,6.85,16.3,22945.3,6.3,5113425,847275,951294,1599186973875.0,325779,F1,75,,,,,
2025-02-18,2025-02-18,FO,NSE,IDO,63304,,NIFTY,,2025-02-20,2025-02-20,22200.0,PE,NIFTY2522022200PE,7.7,9.9,2.4,2.65,2.6,7.25,22945.3,2.65,5794650,1990125,767889,1278852785201.25,178741,F1,75,,,,,
2025-02-18,2025-02-18,FO,NSE,IDO,63300,,NIFTY,,2025-02-20,2025-02-20,22100.0,PE,NIFTY2522022100PE,4.5,6.55,1.7,1.9,1.9,5.05,22945.3,1.9,2901525,-235425,544511,902690022206.25,120862,F1,75,,,,,
2025-02-18,2025-02-18,FO,NSE,IDO,63284,,NIFTY,,2025-02-20,2025-02-20,21900.0,PE,NIFTY2522021900PE,2.5,3.55,1.15,1.35,1.35,2.95,22945.3,1.35,3957450,1083075,449123,737757113092.5,81493,F1,75,,,,,
2025-02-18,2025-02-18,FO,NSE,IDO,67782,,NIFTY,,2028-12-28,2028-12-28,24000.0,CE,NIFTY28DEC24000CE,0.0,0.0,0.0,5850.3,0.0,5850.3,22945.3,4940.3,0,0,0,0.0,0,F1,75,,,,,
2025-02-18,2025-02-18,FO,NSE,IDO,53628,,NIFTY,,2027-12-30,2027-12-30,26000.0,CE,NIFTY27DEC26000CE,0.0,0.0,0.0,3162.4,0.0,3162.4,22945.3,2758.1,0,0,0,0.0,0,F1,75,,,,,
2025-02-18,2025-02-18,FO,NSE,IDO,79504,,NIFTY,,2025-04-24,2025-04-24,23550.0,PE,NIFTY25APR23550PE,0.0,0.0,0.0,665.0,665.0,665.0,22945.3,704.05,75,0,0,0.0,0,F1,75,,,,,
2025-02-18,2025-02-18,FO,NSE,IDO,79294,,NIFTY,,2025-04-24,2025-04-24,22100.0,PE,NIFTY25APR22100PE,184.0,202.6,174.65,184.45,184.0,176.2,22945.3,184.45,47550,5100,172,287530432.5,75,F1,75,,,,,
2025-02-18,2025-02-18,FO,NSE,IDO,79290,,NIFTY,,2025-04-24,2025-04-24,22050.0,PE,NIFTY25APR22050PE,0.0,0.0,0.0,174.65,0.0,174.65,22945.3,124.3,0,0,0,0.0,0,F1,75,,,,,
2025-02-18,2025-02-18,FO,NSE,IDO,79269,,NIFTY,,2025-04-24,2025-04-24,21800.0,PE,NIFTY25APR21800PE,135.0,154.25,135.0,137.2,137.2,132.0,22945.3,84.0,50400,7950,233,383455830.0,113,F1,75,,,,,
2025-02-18,2025-02-18,FO,NSE,IDO,79263,,NIFTY,,2025-04-24,2025-04-24,21650.0,PE,NIFTY25APR21650PE,0.0,0.0,0.0,110.05,0.0,110.05,22945.3,65.3,0,0,0,0.0,0,F1,75,,,,,
2025-02-18,2025-02-18,FO,NSE,IDO,56887,,NIFTY,,2025-03-27,2025-03-27,25550.0,PE,NIFTY25MAR25550PE,0.0,0.0,0.0,1635.05,0.0,1635.05,22945.3,2439.95,0,0,0,0.0,0,F1,75,,,,,
2025-02-18,2025-02-18,FO,NSE,IDO,56881,,NIFTY,,2025-03-27,2025-03-27,25400.0,PE,NIFTY25MAR25400PE,0.0,0.0,0.0,1523.1,0.0,1523.1,22945.3,2292.45,0,0,0,0.0,0,F1,75,,,,,
2025-02-18,2025-02-18,FO,NSE,IDO,56875,,NIFTY,,2025-03-27,2025-03-27,25250.0,PE,NIFTY25MAR25250PE,0.0,0.0,0.0,1415.9,0.0,1415.9,22945.3,2145.6,0,0,0,0.0,0,F1,75,,,,,
2025-02-18,2025-02-18,FO,NSE,IDO,56547,,NIFTY,,2025-03-27,2025-03-27,24800.0,PE,NIFTY25MAR24800PE,0.0,0.0,0.0,1700.0,1700.0,1700.0,22945.3,1711.7,300,0,0,0.0,0,F1,75,,,,,
2025-02-18,2025-02-18,FO,NSE,IDO,51476,,NIFTY,,2025-03-27,2025-03-27,23650.0,PE,NIFTY25MAR23650PE,744.0,812.45,711.0,715.25,715.25,693.5,22945.3,728.45,26025,-675,35,64030080.0,18,F1,75,,,,,
2025-02-18,2025-02-18,FO,NSE,IDO,51127,,NIFTY,,2025-03-27,2025-03-27,23450.0,PE,NIFTY25MAR23450PE,610.4,692.25,580.75,609.05,610.0,572.0,22945.3,609.05,26325,-1200,103,185883303.75,91,F1,75,,,,,
2025-02-18,2025-02-18,FO,NSE,IDO,51123,,NIFTY,,2025-03-27,2025-03-27,23400.0,PE,NIFTY25MAR23400PE,587.95,656.15,551.8,571.6,581.25,545.6,22945.3,571.6,102075,3000,529,951983947.5,420,F1,75,,,,,
2025-02-18,2025-02-18,FO,NSE,IDO,46987,,NIFTY,,2025-03-27,2025-03-27,22300.0,PE,NIFTY25MAR22300PE,157.8,195.3,152.9,160.8,165.55,154.75,22945.3,160.8,456300,2100,2692,4537409812.5,1771,F1,75,,,,,
2025-02-18,2025-02-18,FO,NSE,IDO,46977,,NIFTY,,2025-03-27,2025-03-27,22200.0,PE,NIFTY25MAR22200PE,141.0,172.0,135.25,143.7,145.55,137.35,22945.3,143.7,345675,-450,1789,2999317361.25,1287,F1,75,,,,,
2025-02-18,2025-02-18,FO,NSE,IDO,71561,,NIFTY,,2027-06-24,2027-06-24,24000.0,PE,NIFTY27JUN24000PE,0.0,0.0,0.0,5056.2,0.0,5056.2,22945.3,844.75,0,0,0,0.0,0,F1,75,,,,,
2025-02-18,2025-02-18,FO,NSE,IDO,50550,,NIFTY,,2027-06-24,2027-06-24,28000.0,PE,NIFTY27JUN28000PE,0.0,0.0,0.0,5959.35,0.0,5959.35,22945.3,2513.25,0,0,0,0.0,0,F1,75,,,,,
2025-02-18,2025-02-18,FO,NSE,IDO,53615,,NIFTY,,2027-12-30,2027-12-30,21000.0,PE,NIFTY27DEC21000PE,0.0,0.0,0.0,582.95,582.95,582.95,22945.3,245.65,50,0,0,0.0,0,F1,75,,,,,
2025-02-18,2025-02-18,FO,NSE,IDO,86144,,NIFTY,,2028-06-29,2028-06-29,20000.0,PE,NIFTY28JUN20000PE,0.0,0.0,0.0,400.0,400.0,400.0,22945.3,153.15,0,0,0,0.0,0,F1,75,,,,,
2025-02-18,2025-02-18,FO,NSE,IDO,57635,,NIFTY,,2025-02-27,2025-02-27,24850.0,CE,NIFTY25FEB24850CE,2.3,2.45,1.75,1.85,1.85,2.3,22945.3,1.85,34875,5250,546,1017694200.0,335,F1,75,,,,,
2025-02-18,2025-02-18,FO,NSE,IDO,57659,,NIFTY,,2025-02-27,2025-02-27,25400.0,CE,NIFTY25FEB25400CE,2.0,2.3,1.6,1.65,1.6,2.0,22945.3,1.65,125250,7575,625,1190712273.75,300,F1,75,,,,,
2025-02-18,2025-02-18,FO,NSE,IDO,57679,,NIFTY,,2025-02-27,2025-02-27,25900.0,CE,NIFTY25FEB25900CE,1.7,1.75,1.55,1.6,1.55,1.7,22945.3,1.6,81075,14625,968,1880460405.0,380,F1,75,,,,,
2025-02-18,2025-02-18,FO,NSE,IDO,57699,,NIFTY,,2025-02-27,2025-02-27,26250.0,CE,NIFTY25FEB26250CE,1.6,1.65,1.55,1.6,1.6,1.65,22945.3,1.6,10875,1200,24,47252917.5,10,F1,75,,,,,
2025-02-18,2025-02-18,FO,NSE,IDO,68382,,NIFTY,,2025-03-06,2025-03-06,21250.0,CE,NIFTY2530621250CE,0.0,0.0,0.0,2153.05,0.0,2153.05,22945.3,1756.15,0,0,0,0.0,0,F1,75,,,,,
2025-02-18,2025-02-18,FO,NSE,IDO,68421,,NIFTY,,2025-03-06,2025-03-06,22100.0,CE,NIFTY2530622100CE,0.0,0.0,0.0,996.75,996.75,996.75,22945.3,929.2,75,0,0,0.0,0,F1,75,,,,,
2025-02-18,2025-02-18,FO,NSE,IDO,68432,,NIFTY,,2025-03-06,2025-03-06,22350.0,CE,NIFTY2530622350CE,0.0,0.0,0.0,782.95,782.95,782.95,22945.3,707.7,75,0,0,0.0,0,F1,75,,,,,
2025-02-18,2025-02-18,FO,NSE,IDO,68446,,NIFTY,,2025-03-06,2025-03-06,22500.0,CE,NIFTY2530622500CE,626.0,655.25,545.0,647.0,622.0,680.95,22945.3,647.0,16800,-525,192,332719143.75,150,F1,75,,,,,
2025-02-18,2025-02-18,FO,NSE,IDO,68484,,NIFTY,,2025-03-06,2025-03-06,23400.0,CE,NIFTY2530623400CE,148.5,151.8,103.95,128.05,119.0,154.55,22945.3,128.05,100875,57900,3172,5596343861.25,2135,F1,75,,,,,
2025-02-18,2025-02-18,FO,NSE,IDO,68576,,NIFTY,,2025-03-06,2025-03-06,23550.0,CE,NIFTY2530623550CE,103.05,103.9,72.0,82.45,82.15,108.35,22945.3,82.45,11625,4875,323,572516688.75,187,F1,75,,,,,
2025-02-18,2025-02-18,FO,NSE,IDO,68580,,NIFTY,,2025-03-06,2025-03-06,23650.0,CE,NIFTY2530623650CE,70.0,78.0,56.0,64.15,63.3,84.4,22945.3,64.15,13125,3075,302,537088350.0,174,F1,75,,,,,
2025-02-18,2025-02-18,FO,NSE,IDO,68582,,NIFTY,,2025-03-06,2025-03-06,23700.0,CE,NIFTY2530623700CE,68.0,68.25,48.4,55.95,52.0,72.85,22945.3,55.95,64650,3075,2608,4646755848.75,1914,F1,75,,,,,
2025-02-18,2025-02-18,FO,NSE,IDO,68629,,NIFTY,,2025-03-06,2025-03-06,24700.0,CE,NIFTY2530624700CE,5.6,6.35,4.75,5.2,5.1,6.95,22945.3,5.2,8475,2475,182,337230690.0,54,F1,75,,,,,
2025-02-18,2025-02-18,FO,NSE,IDO,45412,,NIFTY,,2025-03-13,2025-03-13,21450.0,CE,NIFTY2531321450CE,0.0,0.0,0.0,2311.0,0.0,2311.0,22945.3,1587.4,0,0,0,0.0,0,F1,75,,,,,
2025-02-18,2025-02-18,FO,NSE,IDO,45430,,NIFTY,,2025-03-13,2025-03-13,21800.0,CE,NIFTY2531321800CE,0.0,0.0,0.0,1974.6,0.0,1974.6,22945.3,1249.95,0,0,0,0.0,0,F1,75,,,,,
2025-02-18,2025-02-18,FO,NSE,IDO,45446,,NIFTY,,2025-03-13,2025-03-13,22150.0,CE,NIFTY2531322150CE,0.0,0.0,0.0,1648.8,0.0,1648.8,22945.3,930.6,0,0,0,0.0,0,F1,75,,,,,
2025-02-18,2025-02-18,FO,NSE,IDO,45453,,NIFTY,,2025-03-13,2025-03-13,22250.0,CE,NIFTY2531322250CE,0.0,0.0,0.0,1558.5,0.0,1558.5,22945.3,844.8,0,0,0,0.0,0,F1,75,,,,,
2025-02-18,2025-02-18,FO,NSE,IDO,45462,,NIFTY,,2025-03-13,2025-03-13,22400.0,CE,NIFTY2531322400CE,0.0,0.0,0.0,1426.0,0.0,1426.0,22945.3,722.1,0,0,0,0.0,0,F1,75,,,,,
2025-02-18,2025-02-18,FO,NSE,IDO,45472,,NIFTY,,2025-03-13,2025-03-13,22600.0,CE,NIFTY2531322600CE,0.0,0.0,0.0,1255.8,0.0,1255.8,22945.3,571.95,0,0,0,0.0,0,F1,75,,,,,
2025-02-18,2025-02-18,FO,NSE,IDO,45476,,NIFTY,,2025-03-13,2025-03-13,22700.0,CE,NIFTY2531322700CE,558.9,558.9,558.9,558.9,558.9,587.0,22945.3,558.9,225,75,1,1744417.5,1,F1,75,,,,,
2025-02-18,2025-02-18,FO,NSE,IDO,45504,,NIFTY,,2025-03-13,2025-03-13,23150.0,CE,NIFTY2531323150CE,297.8,297.8,297.8,297.8,297.8,835.9,22945.3,256.1,75,75,1,1758585.0,1,F1,75,,,,,
2025-02-18,2025-02-18,FO,NSE,IDO,45527,,NIFTY,,2025-03-13,2025-03-13,23500.0,CE,NIFTY2531323500CE,170.05,170.05,134.0,154.0,148.0,182.05,22945.3,154.0,41325,4875,298,528581411.25,217,F1,75,,,,,
2025-02-18,2025-02-18,FO,NSE,IDO,45554,,NIFTY,,2025-03-13,2025-03-13,24100.0,CE,NIFTY2531324100CE,42.5,42.55,34.5,36.25,36.25,43.5,22945.3,36.25,750,-300,29,52502156.25,16,F1,75,,,,,
2025-02-18,2025-02-18,FO,NSE,IDO,45612,,NIFTY,,2025-03-13,2025-03-13,24650.0,CE,NIFTY2531324650CE,0.0,0.0,0.0,16.0,16.0,16.0,22945.3,6.55,225,0,0,0.0,0,F1,75,,,,,
2025-02-18,2025-02-18,FO,NSE,IDO,57657,,NIFTY,,2025-02-27,2025-02-27,25350.0,CE,NIFTY25FEB25350CE,2.1,2.15,1.6,1.7,1.6,2.05,22945.3,1.7,15600,-2625,148,281406236.25,76,F1,75,,,,,
2025-02-18,2025-02-18,FO,NSE,IDO,61773,,NIFTY,,2029-12-27,2029-12-27,25000.0,PE,NIFTY29DEC25000PE,0.0,0.0,0.0,785.3,0.0,785.3,22945.3,745.4,0,0,0,0.0,0,F1,75,,,,,
2025-02-18,2025-02-18,FO,NSE,IDO,61747,,NIFTY,,2029-12-27,2029-12-27,23000.0,PE,NIFTY29DEC23000PE,0.0,0.0,0.0,900.0,900.0,900.0,22945.3,423.5,2700,0,0,0.0,0,F1,75,,,,,
2025-02-18,2025-02-18,FO,NSE,IDO,89613,,NIFTY,,2029-06-28,2029-06-28,18000.0,PE,NIFTY29JUN18000PE,0.0,0.0,0.0,118.45,0.0,118.45,22945.3,56.3,0,0,0,0.0,0,F1,75,,,,,
2025-02-18,2025-02-18,FO,NSE,IDO,67775,,NIFTY,,2028-12-28,2028-12-28,20000.0,PE,NIFTY28DEC20000PE,0.0,0.0,0.0,370.0,370.0,370.0,22945.3,152.05,875,0,0,0.0,0,F1,75,,,,,
2025-02-18,2025-02-18,FO,NSE,IDO,67771,,NIFTY,,2028-12-28,2028-12-28,18000.0,PE,NIFTY28DEC18000PE,0.0,0.0,0.0,104.65,0.0,104.65,22945.3,54.65,0,0,0,0.0,0,F1,75,,,,,
2025-02-18,2025-02-18,FO,NSE,IDO,86164,,NIFTY,,2028-06-29,2028-06-29,27000.0,PE,NIFTY28JUN27000PE,0.0,0.0,0.0,2752.35,0.0,2752.35,22945.3,1611.4,0,0,0,0.0,0,F1,75,,,,,
2025-02-18,2025-02-18,FO,NSE,IDO,86152,,NIFTY,,2028-06-29,2028-06-29,24000.0,PE,NIFTY28JUN24000PE,0.0,0.0,0.0,1692.75,0.0,1692.75,22945.3,724.1,0,0,0,0.0,0,F1,75,,,,,
2025-02-18,2025-02-18,FO,NSE,IDO,86146,,NIFTY,,2028-06-29,2028-06-29,21000.0,PE,NIFTY28JUN21000PE,0.0,0.0,0.0,907.2,0.0,907.2,22945.3,241.55,0,0,0,0.0,0,F1,75,,,,,
2025-02-18,2025-02-18,FO,NSE,IDO,71559,,NIFTY,,2027-06-24,2027-06-24,23000.0,PE,NIFTY27JUN23000PE,0.0,0.0,0.0,4514.3,0.0,4514.3,22945.3,587.3,0,0,0,0.0,0,F1,75,,,,,
2025-02-18,2025-02-18,FO,NSE,IDO,71552,,NIFTY,,2027-06-24,2027-06-24,20000.0,PE,NIFTY27JUN20000PE,0.0,0.0,0.0,3034.2,0.0,3034.2,22945.3,143.6,0,0,0,0.0,0,F1,75,,,,,
2025-02-18,2025-02-18,FO,NSE,IDO,50979,,NIFTY,,2026-12-31,2026-12-31,27000.0,PE,NIFTY26DEC27000PE,0.0,0.0,0.0,6522.3,0.0,6522.3,22945.3,2234.15,0,0,0,0.0,0,F1,75,,,,,
2025-02-18,2025-02-18,FO,NSE,IDO,71504,,NIFTY,,2026-12-31,2026-12-31,25000.0,PE,NIFTY26DEC25000PE,0.0,0.0,0.0,1400.05,1400.05,1400.05,22945.3,1271.15,525,0,0,0.0,0,F1,75,,,,,
2025-02-18,2025-02-18,FO,NSE,IDO,37810,,NIFTY,,2026-12-31,2026-12-31,23000.0,PE,NIFTY26DEC23000PE,0.0,0.0,0.0,825.15,825.15,825.15,22945.3,611.3,13200,0,0,0.0,0,F1,75,,,,,
2025-02-18,2025-02-18,FO,NSE,IDO,38157,,NIFTY,,2026-06-25,2026-06-25,29000.0,PE,NIFTY26JUN29000PE,0.0,0.0,0.0,5546.1,0.0,5546.1,22945.3,3976.2,0,0,0,0.0,0,F1,75,,,,,
2025-02-18,2025-02-18,FO,NSE,IDO,71403,,NIFTY,,2025-12-24,2025-12-24,26000.0,PE,NIFTY25DEC26000PE,2099.5,2140.5,2059.25,2094.9,2102.95,2032.85,22945.3,2094.9,141100,-375,52,109609571.25,51,F1,75,,,,,
2025-02-18,2025-02-18,FO,NSE,IDO,49178,,NIFTY,,2025-12-24,2025-12-24,16000.0,PE,NIFTY25DEC16000PE,0.0,0.0,0.0,20.25,20.25,20.25,22945.3,0.2,2125,0,0,0.0,0,F1,75,,,,,
2025-02-18,2025-02-18,FO,NSE,IDO,64697,,NIFTY,,2025-09-25,2025-09-25,26000.0,PE,NIFTY25SEP26000PE,0.0,0.0,0.0,812.55,0.0,812.55,22945.3,2342.75,0,0,0,0.0,0,F1,75,,,,,
2025-02-18,2025-02-18,FO,NSE,IDO,64685,,NIFTY,,2025-09-25,2025-09-25,20000.0,PE,NIFTY25SEP20000PE,0.0,0.0,0.0,22.8,0.0,22.8,22945.3,39.5,0,0,0,0.0,0,F1,75,,,,,
2025-02-18,2025-02-18,FO,NSE,IDO,79679,,NIFTY,,2025-04-24,2025-04-24,24850.0,PE,NIFTY25APR24850PE,0.0,0.0,0.0,1478.0,0.0,1478.0,22945.3,1692.65,0,0,0,0.0,0,F1,75,,,,,
2025-02-18,2025-02-18,FO,NSE,IDO,79641,,NIFTY,,2025-04-24,2025-04-24,24500.0,PE,NIFTY25APR24500PE,1364.0,1435.1,1311.0,1326.9,1346.0,1314.0,22945.3,1326.9,137100,-825,32,62127566.25,21,F1,75,,,,,
2025-02-18,2025-02-18,FO,NSE,IDO,79637,,NIFTY,,2025-04-24,2025-04-24,24400.0,PE,NIFTY25APR24400PE,0.0,0.0,0.0,1161.3,0.0,1161.3,22945.3,1311.1,0,0,0,0.0,0,F1,75,,,,,
2025-02-18,2025-02-18,FO,NSE,IDO,79633,,NIFTY,,2025-04-24,2025-04-24,24300.0,PE,NIFTY25APR24300PE,1170.0,1170.0,1170.0,1170.0,1170.0,1096.15,22945.3,1231.1,150,150,2,3820500.0,1,F1,75,,,,,
2025-02-18,2025-02-18,FO,NSE,IDO,79516,,NIFTY,,2025-04-24,2025-04-24,23850.0,PE,NIFTY25APR23850PE,0.0,0.0,0.0,827.5,0.0,827.5,22945.3,897.9,0,0,0,0.0,0,F1,75,,,,,
2025-02-18,2025-02-18,FO,NSE,IDO,79508,,NIFTY,,2025-04-24,2025-04-24,23650.0,PE,NIFTY25APR23650PE,0.0,0.0,0.0,470.0,470.0,470.0,22945.3,765.9,75,0,0,0.0,0,F1,75,,,,,
2025-02-18,2025-02-18,FO,NSE,IDO,79500,,NIFTY,,2025-04-24,2025-04-24,23450.0,PE,NIFTY25APR23450PE,0.0,0.0,0.0,520.0,520.0,520.0,22945.3,645.0,75,0,0,0.0,0,F1,75,,,,,
2025-02-18,2025-02-18,FO,NSE,IDO,79489,,NIFTY,,2025-04-24,2025-04-24,23400.0,PE,NIFTY25APR23400PE,635.25,649.7,583.0,592.95,611.0,566.2,22945.3,592.95,7125,75,8,14409307.5,8,F1,75,,,,,
2025-02-18,2025-02-18,FO,NSE,IDO,79427,,NIFTY,,2025-04-24,2025-04-24,22950.0,PE,NIFTY25APR22950PE,427.9,450.0,420.15,420.15,420.15,425.55,22945.3,394.25,2850,0,5,8769390.0,5,F1,75,,,,,
2025-02-18,2025-02-18,FO,NSE,IDO,79385,,NIFTY,,2025-04-24,2025-04-24,22350.0,PE,NIFTY25APR22350PE,0.0,0.0,0.0,239.4,0.0,239.4,22945.3,190.6,0,0,0,0.0,0,F1,75,,,,,
2025-02-18,2025-02-18,FO,NSE,IDO,64591,,NIFTY,,2025-03-27,2025-03-27,30000.0,PE,NIFTY25MAR30000PE,6825.8,6943.05,6825.8,6849.75,6849.75,6803.55,22945.3,6857.7,29625,-525,10,27681742.5,10,F1,75,,,,,
2025-02-18,2025-02-18,FO,NSE,IDO,59770,,NIFTY,,2025-03-27,2025-03-27,25950.0,PE,NIFTY25MAR25950PE,0.0,0.0,0.0,1944.95,0.0,1944.95,22945.3,2835.25,0,0,0,0.0,0,F1,75,,,,,
2025-02-18,2025-02-18,FO,NSE,IDO,56879,,NIFTY,,2025-03-27,2025-03-27,25350.0,PE,NIFTY25MAR25350PE,0.0,0.0,0.0,1487.0,0.0,1487.0,22945.3,2243.4,0,0,0,0.0,0,F1,75,,,,,
2025-02-18,2025-02-18,FO,NSE,IDO,56867,,NIFTY,,2025-03-27,2025-03-27,25050.0,PE,NIFTY25MAR25050PE,0.0,0.0,0.0,1278.65,0.0,1278.65,22945.3,1951.25,0,0,0,0.0,0,F1,75,,,,,
2025-02-18,2025-02-18,FO,NSE,IDO,56535,,NIFTY,,2025-03-27,2025-03-27,24650.0,PE,NIFTY25MAR24650PE,0.0,0.0,0.0,1025.2,0.0,1025.2,22945.3,1570.5,0,0,0,0.0,0,F1,75,,,,,
2025-02-18,2025-02-18,FO,NSE,IDO,55103,,NIFTY,,2025-03-27,2025-03-27,24250.0,PE,NIFTY25MAR24250PE,0.0,0.0,0.0,1135.25,1135.25,1135.25,22945.3,1208.35,14175,0,0,0.0,0,F1,75,,,,,
2025-02-18,2025-02-18,FO,NSE,IDO,54728,,NIFTY,,2025-03-27,2025-03-27,24100.0,PE,NIFTY25MAR24100PE,1155.0,1160.0,1046.85,1048.05,1048.05,1025.0,22945.3,1079.8,27750,75,5,9448710.0,5,F1,75,,,,,
2025-02-18,2025-02-18,FO,NSE,IDO,51119,,NIFTY,,2025-03-27,2025-03-27,23300.0,PE,NIFTY25MAR23300PE,490.0,598.0,490.0,511.9,525.9,491.2,22945.3,511.9,160050,18600,1499,2679976991.25,1202,F1,75,,,,,
2025-02-18,2025-02-18,FO,NSE,IDO,48191,,NIFTY,,2025-03-27,2025-03-27,22800.0,PE,NIFTY25MAR22800PE,305.0,355.35,283.6,298.1,303.75,285.35,22945.3,298.1,382800,29775,5707,9894684127.5,3654,F1,75,,,,,
2025-02-18,2025-02-18,FO,NSE,IDO,46927,,NIFTY,,2025-03-27,2025-03-27,21850.0,PE,NIFTY25MAR21850PE,97.3,108.6,89.1,95.0,95.0,87.8,22945.3,95.0,12600,1575,88,144861517.5,43,F1,75,,,,,
2025-02-18,2025-02-18,FO,NSE,IDO,46901,,NIFTY,,2025-03-27,2025-03-27,21700.0,PE,NIFTY25MAR21700PE,75.05,89.45,71.5,75.15,77.15,72.45,22945.3,75.15,257325,5775,2892,4723887052.5,1599,F1,75,,,,,
2025-02-18,2025-02-18,FO,NSE,IDO,46877,,NIFTY,,2025-03-27,2025-03-27,21400.0,PE,NIFTY25MAR21400PE,50.0,61.35,48.75,51.3,52.05,50.15,22945.3,51.3,168900,825,842,1354821453.75,456,F1,75,,,,,
2025-02-18,2025-02-18,FO,NSE,IDO,64561,,NIFTY,,2025-03-27,2025-03-27,21000.0,PE,NIFTY25MAR21000PE,34.95,39.45,32.55,33.95,34.7,33.5,22945.3,33.95,2822500,81100,12663,19977773156.25,5414,F1,75,,,,,
2025-02-18,2025-02-18,FO,NSE,IDO,50304,,NIFTY,,2025-03-20,2025-03-20,24500.0,PE,NIFTY2532024500PE,0.0,0.0,0.0,1381.5,0.0,1381.5,22945.3,1446.75,0,0,0,0.0,0,F1,75,,,,,
2025-02-18,2025-02-18,FO,NSE,IDO,50286,,NIFTY,,2025-03-20,2025-03-20,24200.0,PE,NIFTY2532024200PE,0.0,0.0,0.0,1130.9,0.0,1130.9,22945.3,1171.4,0,0,0,0.0,0,F1,75,,,,,
2025-02-18,2025-02-18,FO,NSE,IDO,50185,,NIFTY,,2025-03-20,2025-03-20,22450.0,PE,NIFTY2532022450PE,0.0,0.0,0.0,176.65,0.0,176.65,22945.3,122.2,0,0,0,0.0,0,F1,75,,,,,
2025-02-18,2025-02-18,FO,NSE,IDO,50120,,NIFTY,,2025-03-20,2025-03-20,21450.0,PE,NIFTY2532021450PE,0.0,0.0,0.0,28.15,0.0,28.15,22945.3,9.45,0,0,0,0.0,0,F1,75,,,,,
2025-02-18,2025-02-18,FO,NSE,IDO,45647,,NIFTY,,2025-03-13,2025-03-13,25150.0,PE,NIFTY2531325150PE,0.0,0.0,0.0,1450.95,0.0,1450.95,22945.3,2103.05,0,0,0,0.0,0,F1,75,,,,,
2025-02-18,2025-02-18,FO,NSE,IDO,45635,,NIFTY,,2025-03-13,2025-03-13,24900.0,PE,NIFTY2531324900PE,0.0,0.0,0.0,1239.1,0.0,1239.1,22945.3,1855.75,0,0,0,0.0,0,F1,75,,,,,
2025-02-18,2025-02-18,FO,NSE,IDO,45547,,NIFTY,,2025-03-13,2025-03-13,23900.0,PE,NIFTY2531323900PE,0.0,0.0,0.0,541.1,0.0,541.1,22945.3,911.65,0,0,0,0.0,0,F1,75,,,,,
2025-02-18,2025-02-18,FO,NSE,IDO,45545,,NIFTY,,2025-03-13,2025-03-13,23850.0,PE,NIFTY2531323850PE,0.0,0.0,0.0,514.0,0.0,514.0,22945.3,868.85,0,0,0,0.0,0,F1,75,,,,,
2025-02-18,2025-02-18,FO,NSE,IDO,45537,,NIFTY,,2025-03-13,2025-03-13,23650.0,PE,NIFTY2531323650PE,0.0,0.0,0.0,414.05,0.0,414.05,22945.3,705.35,0,0,0,0.0,0,F1,75,,,,,
2025-02-18,2025-02-18,FO,NSE,IDO,45535,,NIFTY,,2025-03-13,2025-03-13,23600.0,PE,NIFTY2531323600PE,0.0,0.0,0.0,430.0,430.0,430.0,22945.3,666.6,75,0,0,0.0,0,F1,75,,,,,
2025-02-18,2025-02-18,FO,NSE,IDO,45520,,NIFTY,,2025-03-13,2025-03-13,23300.0,PE,NIFTY2531323300PE,0.0,0.0,0.0,485.0,485.0,485.0,22945.3,455.9,750,0,0,0.0,0,F1,75,,,,,
2025-02-18,2025-02-18,FO,NSE,IDO,45481,,NIFTY,,2025-03-13,2025-03-13,22800.0,PE,NIFTY2531322800PE,245.75,287.3,221.0,232.0,240.0,224.0,22945.3,232.0,7425,-150,117,202316801.25,82,F1,75,,,,,
2025-02-18,2025-02-18,FO,NSE,IDO,45475,,NIFTY,,2025-03-13,2025-03-13,22650.0,PE,NIFTY2531322650PE,207.95,207.95,199.15,199.15,199.15,103.6,22945.3,199.15,75,75,2,3428032.5,2,F1,75,,,,,
2025-02-18,2025-02-18,FO,NSE,IDO,45457,,NIFTY,,2025-03-13,2025-03-13,22250.0,PE,NIFTY2531322250PE,109.2,110.0,109.05,109.05,109.05,100.0,22945.3,109.05,600,0,4,6707868.75,4,F1,75,,,,,
2025-02-18,2025-02-18,FO,NSE,IDO,68723,,NIFTY,,2025-03-06,2025-03-06,25300.0,PE,NIFTY2530625300PE,0.0,0.0,0.0,2205.0,2205.0,2205.0,22945.3,2282.8,75,0,0,0.0,0,F1,75,,,,,
2025-02-18,2025-02-18,FO,NSE,IDO,68636,,NIFTY,,2025-03-06,2025-03-06,24850.0,PE,NIFTY2530624850PE,0.0,0.0,0.0,1758.9,1759.5,1758.9,22945.3,1834.6,375,0,0,0.0,0,F1,75,,,,,
2025-02-18,2025-02-18,FO,NSE,IDO,68611,,NIFTY,,2025-03-06,2025-03-06,24300.0,PE,NIFTY2530624300PE,0.0,0.0,0.0,1233.6,1233.05,1233.6,22945.3,1292.0,525,0,0,0.0,0,F1,75,,,,,
2025-02-18,2025-02-18,FO,NSE,IDO,68601,,NIFTY,,2025-03-06,2025-03-06,24150.0,PE,NIFTY2530624150PE,0.0,0.0,0.0,1099.65,1099.65,1099.65,22945.3,1147.3,450,0,0,0.0,0,F1,75,,,,,
2025-02-18,2025-02-18,FO,NSE,IDO,68479,,NIFTY,,2025-03-06,2025-03-06,23250.0,PE,NIFTY2530623250PE,449.2,488.25,384.25,402.9,413.4,386.0,22945.3,402.9,10650,5250,133,236107908.75,83,F1,75,,,,,
2025-02-18,2025-02-18,FO,NSE,IDO,68404,,NIFTY,,2025-03-06,2025-03-06,21700.0,PE,NIFTY2530621700PE,25.0,30.1,19.0,19.9,20.55,21.5,22945.3,19.9,24975,10725,716,1166477846.25,326,F1,75,,,,,
2025-02-18,2025-02-18,FO,NSE,IDO,68383,,NIFTY,,2025-03-06,2025-03-06,21250.0,PE,NIFTY2530621250PE,10.9,11.85,7.05,7.6,7.6,9.1,22945.3,7.6,4500,675,65,103631572.5,25,F1,75,,,,,
2025-02-18,2025-02-18,FO,NSE,IDO,57703,,NIFTY,,2025-02-27,2025-02-27,26300.0,PE,NIFTY25FEB26300PE,3340.0,3432.9,3340.0,3404.95,3404.95,3265.05,22945.3,3312.6,7200,-225,16,35647297.5,15,F1,75,,,,,
2025-02-18,2025-02-18,FO,NSE,IDO,57676,,NIFTY,,2025-02-27,2025-02-27,25800.0,PE,NIFTY25FEB25800PE,2800.0,2815.0,2800.0,2808.35,2810.0,2830.0,22945.3,2808.35,41325,-225,3,6436875.0,3,F1,75,,,,,
2025-02-18,2025-02-18,FO,NSE,IDO,57648,,NIFTY,,2025-02-27,2025-02-27,25100.0,PE,NIFTY25FEB25100PE,0.0,0.0,0.0,2098.1,2098.1,2098.1,22945.3,2114.5,10950,0,0,0.0,0,F1,75,,,,,
2025-02-18,2025-02-18,FO,NSE,IDO,57636,,NIFTY,,2025-02-27,2025-02-27,24850.0,PE,NIFTY25FEB24850PE,0.0,0.0,0.0,1846.4,1846.4,1846.4,22945.3,1864.9,75,0,0,0.0,0,F1,75,,,,,
2025-02-18,2025-02-18,FO,NSE,IDO,57608,,NIFTY,,2025-02-27,2025-02-27,24150.0,PE,NIFTY25FEB24150PE,1148.95,1231.7,1148.5,1156.05,1200.0,1126.3,22945.3,1156.05,136500,-375,13,24688886.25,9,F1,75,,,,,
2025-02-18,2025-02-18,FO,NSE,IDO,55654,,NIFTY,,2025-02-27,2025-02-27,23350.0,PE,NIFTY25FEB23350PE,433.3,559.1,419.65,450.15,463.0,418.3,22945.3,450.15,93975,-5775,368,657649691.25,273,F1,75,,,,,
2025-02-18,2025-02-18,FO,NSE,IDO,55652,,NIFTY,,2025-02-27,2025-02-27,23300.0,PE,NIFTY25FEB23300PE,415.0,525.25,382.0,407.3,424.7,383.0,22945.3,407.3,1151175,7950,4770,8494703583.75,3530,F1,75,,,,,
2025-02-18,2025-02-18,FO,NSE,IDO,55634,,NIFTY,,2025-02-27,2025-02-27,22850.0,PE,NIFTY25FEB22850PE,167.2,236.4,146.6,162.3,167.8,158.1,22945.3,162.3,359475,46950,32029,55364180745.0,20072,F1,75,,,,,
2025-02-18,2025-02-18,FO,NSE,IDO,55624,,NIFTY,,2025-02-27,2025-02-27,22600.0,PE,NIFTY25FEB22600PE,93.0,135.85,76.95,85.55,89.25,87.45,22945.3,85.55,929775,117375,49679,84593306167.5,28696,F1,75,,,,,
2025-02-18,2025-02-18,FO,NSE,IDO,64004,,NIFTY,,2025-02-20,2025-02-20,25500.0,PE,NIFTY2522025500PE,2625.0,2627.0,2530.0,2530.0,2530.0,2435.0,22945.3,2545.6,20850,-975,13,27376050.0,13,F1,75,,,,,
2025-02-18,2025-02-18,FO,NSE,IDO,64000,,NIFTY,,2025-02-20,2025-02-20,25400.0,PE,NIFTY2522025400PE,0.0,0.0,0.0,2315.0,2315.0,2315.0,22945.3,2445.65,375,0,0,0.0,0,F1,75,,,,,
2025-02-18,2025-02-18,FO,NSE,IDO,63699,,NIFTY,,2025-02-20,2025-02-20,24300.0,PE,NIFTY2522024300PE,1408.0,1408.0,1334.4,1360.0,1360.0,1312.0,22945.3,1360.0,51600,-450,17,32730333.75,9,F1,75,,,,,
2025-02-18,2025-02-18,FO,NSE,IDO,63673,,NIFTY,,2025-02-20,2025-02-20,23800.0,PE,NIFTY2522023800PE,830.8,972.45,826.25,845.75,872.15,806.35,22945.3,845.75,86325,-6900,351,649361692.5,213,F1,75,,,,,
2025-02-18,2025-02-18,FO,NSE,IDO,63637,,NIFTY,,2025-02-20,2025-02-20,23550.0,PE,NIFTY2522023550PE,619.85,735.45,584.4,605.3,615.6,563.95,22945.3,605.3,29775,-6225,281,509835401.25,211,F1,75,,,,,
2025-02-18,2025-02-18,FO,NSE,IDO,63623,,NIFTY,,2025-02-20,2025-02-20,23500.0,PE,NIFTY2522023500PE,541.9,695.65,525.95,559.65,575.45,521.55,22945.3,559.65,434475,-56625,10103,18266525486.25,5131,F1,75,,,,,
2025-02-18,2025-02-18,FO,NSE,IDO,63621,,NIFTY,,2025-02-20,2025-02-20,23450.0,PE,NIFTY2522023450PE,509.55,638.75,479.55,513.4,526.95,477.25,22945.3,513.4,50775,375,739,1330016707.5,557,F1,75,,,,,
2025-02-18,2025-02-18,FO,NSE,IDO,67778,,NIFTY,,2028-12-28,2028-12-28,22000.0,CE,NIFTY28DEC22000CE,0.0,0.0,0.0,6932.45,0.0,6932.45,22945.3,6172.2,0,0,0,0.0,0,F1,75,,,,,
2025-02-18,2025-02-18,FO,NSE,IDO,67774,,NIFTY,,2028-12-28,2028-12-28,20000.0,CE,NIFTY28DEC20000CE,0.0,0.0,0.0,8115.5,0.0,8115.5,22945.3,7535.65,0,0,0,0.0,0,F1,75,,,,,
2025-02-18,2025-02-18,FO,NSE,IDO,86153,,NIFTY,,2028-06-29,2028-06-29,25000.0,CE,NIFTY28JUN25000CE,0.0,0.0,0.0,3545.15,0.0,3545.15,22945.3,3824.15,0,0,0,0.0,0,F1,75,,,,,
2025-02-18,2025-02-18,FO,NSE,IDO,53631,,NIFTY,,2027-12-30,2027-12-30,27000.0,CE,NIFTY27DEC27000CE,0.0,0.0,0.0,2889.8,0.0,2889.8,22945.3,2318.85,0,0,0,0.0,0,F1,75,,,,,
2025-02-18,2025-02-18,FO,NSE,IDO,71472,,NIFTY,,2026-06-25,2026-06-25,24000.0,CE,NIFTY26JUN24000CE,1750.0,1859.95,1750.0,1806.6,1799.9,1916.7,22945.3,1806.6,825,375,6,11608481.25,6,F1,75,,,,,
2025-02-18,2025-02-18,FO,NSE,IDO,39987,,NIFTY,,2025-12-24,2025-12-24,19000.0,CE,NIFTY25DEC19000CE,0.0,0.0,0.0,4900.0,4900.0,4900.0,22945.3,4984.9,6500,0,0,0.0,0,F1,75,,,,,
2025-02-18,2025-02-18,FO,NSE,IDO,58618,,NIFTY,,2025-06-26,2025-06-26,22000.0,CE,NIFTY25JUN22000CE,1705.0,1741.65,1637.0,1720.1,1693.8,1755.85,22945.3,1720.1,103425,-225,245,435383205.0,211,F1,75,,,,,
2025-02-18,2025-02-18,FO,NSE,IDO,79687,,NIFTY,,2025-04-24,2025-04-24,24900.0,CE,NIFTY25APR24900CE,60.0,62.75,58.0,61.1,62.75,66.65,22945.3,61.1,2250,750,14,26208798.75,6,F1,75,,,,,
2025-02-18,2025-02-18,FO,NSE,IDO,79638,,NIFTY,,2025-04-24,2025-04-24,24450.0,CE,NIFTY25APR24450CE,0.0,0.0,0.0,400.85,0.0,400.85,22945.3,128.5,0,0,0,0.0,0,F1,75,,,,,
2025-02-18,2025-02-18,FO,NSE,IDO,79515,,NIFTY,,2025-04-24,2025-04-24,23850.0,CE,NIFTY25APR23850CE,0.0,0.0,0.0,623.8,0.0,623.8,22945.3,267.7,0,0,0,0.0,0,F1,75,,,,,
2025-02-18,2025-02-18,FO,NSE,IDO,79505,,NIFTY,,2025-04-24,2025-04-24,23600.0,CE,NIFTY25APR23600CE,385.4,386.35,352.0,376.8,375.3,406.85,22945.3,376.8,14325,1725,36,64740750.0,24,F1,75,,,,,
2025-02-18,2025-02-18,FO,NSE,IDO,79501,,NIFTY,,2025-04-24,2025-04-24,23500.0,CE,NIFTY25APR23500CE,430.7,440.8,382.45,419.75,411.45,446.95,22945.3,419.75,144300,-4575,739,1325218518.75,479,F1,75,,,,,
2025-02-18,2025-02-18,FO,NSE,IDO,79442,,NIFTY,,2025-04-24,2025-04-24,23250.0,CE,NIFTY25APR23250CE,542.45,558.45,533.05,533.2,533.35,921.8,22945.3,533.2,375,375,10,17846805.0,8,F1,75,,,,,
2025-02-18,2025-02-18,FO,NSE,IDO,79392,,NIFTY,,2025-04-24,2025-04-24,22500.0,CE,NIFTY25APR22500CE,1020.0,1035.5,938.95,1017.5,1009.8,1055.05,22945.3,1017.5,46275,5325,272,479006010.0,165,F1,75,,,,,
2025-02-18,2025-02-18,FO,NSE,IDO,79382,,NIFTY,,2025-04-24,2025-04-24,22300.0,CE,NIFTY25APR22300CE,1159.45,1163.3,1086.9,1160.55,1160.55,1120.0,22945.3,1080.0,600,-75,7,12305925.0,6,F1,75,,,,,
2025-02-18,2025-02-18,FO,NSE,IDO,79379,,NIFTY,,2025-04-24,2025-04-24,22250.0,CE,NIFTY25APR22250CE,0.0,0.0,0.0,1585.8,0.0,1585.8,22945.3,1117.5,0,0,0,0.0,0,F1,75,,,,,
2025-02-18,2025-02-18,FO,NSE,IDO,79295,,NIFTY,,2025-04-24,2025-04-24,22150.0,CE,NIFTY25APR22150CE,0.0,0.0,0.0,1662.6,0.0,1662.6,22945.3,1194.3,0,0,0,0.0,0,F1,75,,,,,
2025-02-18,2025-02-18,FO,NSE,IDO,79283,,NIFTY,,2025-04-24,2025-04-24,22000.0,CE,NIFTY25APR22000CE,1390.0,1431.0,1318.0,1431.0,1431.0,1444.4,22945.3,1313.75,29475,-75,25,43817193.75,19,F1,75,,,,,
2025-02-18,2025-02-18,FO,NSE,IDO,79268,,NIFTY,,2025-04-24,2025-04-24,21800.0,CE,NIFTY25APR21800CE,0.0,0.0,0.0,1943.8,0.0,1943.8,22945.3,1480.15,0,0,0,0.0,0,F1,75,,,,,
2025-02-18,2025-02-18,FO,NSE,IDO,58782,,NIFTY,,2025-03-27,2025-03-27,25800.0,CE,NIFTY25MAR25800CE,11.95,11.95,10.15,10.25,10.15,11.25,22945.3,10.25,17325,-3375,65,125826300.0,29,F1,75,,,,,
2025-02-18,2025-02-18,FO,NSE,IDO,56874,,NIFTY,,2025-03-27,2025-03-27,25250.0,CE,NIFTY25MAR25250CE,14.35,15.15,13.2,13.45,13.2,15.75,22945.3,13.45,3375,-1200,47,89056200.0,19,F1,75,,,,,
2025-02-18,2025-02-18,FO,NSE,IDO,48349,,NIFTY,,2025-03-27,2025-03-27,23150.0,CE,NIFTY25MAR23150CE,413.55,419.25,356.05,401.9,389.25,439.95,22945.3,401.9,17325,-900,195,344342265.0,136,F1,75,,,,,
2025-02-18,2025-02-18,FO,NSE,IDO,48251,,NIFTY,,2025-03-27,2025-03-27,23050.0,CE,NIFTY25MAR23050CE,465.5,480.65,403.95,445.95,442.3,496.7,22945.3,445.95,16200,-525,196,345283087.5,132,F1,75,,,,,
2025-02-18,2025-02-18,FO,NSE,IDO,46974,,NIFTY,,2025-03-27,2025-03-27,22150.0,CE,NIFTY25MAR22150CE,0.0,0.0,0.0,1121.7,1121.7,1121.7,22945.3,1023.05,75,0,0,0.0,0,F1,75,,,,,
2025-02-18,2025-02-18,FO,NSE,IDO,46878,,NIFTY,,2025-03-27,2025-03-27,21450.0,CE,NIFTY25MAR21450CE,0.0,0.0,0.0,2743.75,0.0,2743.75,22945.3,1651.85,0,0,0,0.0,0,F1,75,,,,,
2025-02-18,2025-02-18,FO,NSE,IDO,46842,,NIFTY,,2025-03-27,2025-03-27,21200.0,CE,NIFTY25MAR21200CE,0.0,0.0,0.0,2973.05,0.0,2973.05,22945.3,1892.2,0,0,0,0.0,0,F1,75,,,,,
2025-02-18,2025-02-18,FO,NSE,IDO,50321,,NIFTY,,2025-03-20,2025-03-20,24800.0,CE,NIFTY2532024800CE,16.95,16.95,15.0,15.0,15.0,18.0,22945.3,15.0,525,75,3,5583667.5,3,F1,75,,,,,
2025-02-18,2025-02-18,FO,NSE,IDO,50305,,NIFTY,,2025-03-20,2025-03-20,24550.0,CE,NIFTY2532024550CE,0.0,0.0,0.0,75.0,0.0,75.0,22945.3,19.95,0,0,0,0.0,0,F1,75,,,,,
2025-02-18,2025-02-18,FO,NSE,IDO,50221,,NIFTY,,2025-03-20,2025-03-20,22950.0,CE,NIFTY2532022950CE,0.0,0.0,0.0,585.75,0.0,585.75,22945.3,411.95,0,0,0,0.0,0,F1,75,,,,,
2025-02-18,2025-02-18,FO,NSE,IDO,50194,,NIFTY,,2025-03-20,2025-03-20,22550.0,CE,NIFTY2532022550CE,0.0,0.0,0.0,839.9,0.0,839.9,22945.3,663.9,0,0,0,0.0,0,F1,75,,,,,
2025-02-18,2025-02-18,FO,NSE,IDO,50155,,NIFTY,,2025-03-20,2025-03-20,22100.0,CE,NIFTY2532022100CE,0.0,0.0,0.0,1183.4,0.0,1183.4,22945.3,1020.0,0,0,0,0.0,0,F1,75,,,,,
2025-02-18,2025-02-18,FO,NSE,IDO,50149,,NIFTY,,2025-03-20,2025-03-20,22000.0,CE,NIFTY2532022000CE,0.0,0.0,0.0,1266.6,0.0,1266.6,22945.3,1107.2,0,0,0,0.0,0,F1,75,,,,,
2025-02-18,2025-02-18,FO,NSE,IDO,45651,,NIFTY,,2025-03-13,2025-03-13,25250.0,CE,NIFTY2531325250CE,0.0,0.0,0.0,7.45,7.45,7.45,22945.3,0.8,450,0,0,0.0,0,F1,75,,,,,
2025-02-18,2025-02-18,FO,NSE,IDO,45642,,NIFTY,,2025-03-13,2025-03-13,25050.0,CE,NIFTY2531325050CE,0.0,0.0,0.0,9.05,9.05,9.05,22945.3,1.65,150,0,0,0.0,0,F1,75,,,,,
2025-02-18,2025-02-18,FO,NSE,IDO,63220,,NIFTY,,2025-02-20,2025-02-20,21550.0,CE,NIFTY2522021550CE,0.0,0.0,0.0,1518.45,1518.45,1518.45,22945.3,1402.95,0,0,0,0.0,0,F1,75,,,,,
2025-02-18,2025-02-18,FO,NSE,IDO,63279,,NIFTY,,2025-02-20,2025-02-20,21850.0,CE,NIFTY2522021850CE,0.0,0.0,0.0,1653.5,0.0,1653.5,22945.3,1103.1,0,0,0,0.0,0,F1,75,,,,,
2025-02-18,2025-02-18,FO,NSE,IDO,63291,,NIFTY,,2025-02-20,2025-02-20,22050.0,CE,NIFTY2522022050CE,857.1,916.6,792.95,916.6,916.6,947.15,22945.3,903.15,2925,2325,47,80741891.25,37,F1,75,,,,,
2025-02-18,2025-02-18,FO,NSE,IDO,63303,,NIFTY,,2025-02-20,2025-02-20,22200.0,CE,NIFTY2522022200CE,802.6,802.6,626.5,748.4,729.7,798.5,22945.3,748.4,10200,-4875,426,731762767.5,297,F1,75,,,,,
2025-02-18,2025-02-18,FO,NSE,IDO,63526,,NIFTY,,2025-02-20,2025-02-20,23000.0,CE,NIFTY2522023000CE,140.0,146.2,66.0,94.3,83.8,146.25,22945.3,94.3,6022725,1827150,2523676,4371164936587.5,1408269,F1,75,,,,,
2025-02-18,2025-02-18,FO,NSE,IDO,63608,,NIFTY,,2025-02-20,2025-02-20,23250.0,CE,NIFTY2522023250CE,49.05,52.1,18.4,23.05,19.3,52.1,22945.3,23.05,2308875,412875,757195,1321928373037.5,307658,F1,75,,,,,
2025-02-18,2025-02-18,FO,NSE,IDO,63684,,NIFTY,,2025-02-20,2025-02-20,24050.0,CE,NIFTY2522024050CE,1.35,1.45,0.65,0.75,0.65,1.3,22945.3,0.75,626550,-172800,78350,141330127061.25,17763,F1,75,,,,,
2025-02-18,2025-02-18,FO,NSE,IDO,63686,,NIFTY,,2025-02-20,2025-02-20,24100.0,CE,NIFTY2522024100CE,0.95,1.25,0.6,0.65,0.6,1.1,22945.3,0.65,2137575,-787725,201556,364326782808.75,33858,F1,75,,,,,
2025-02-18,2025-02-18,FO,NSE,IDO,63700,,NIFTY,,2025-02-20,2025-02-20,24350.0,CE,NIFTY2522024350CE,0.8,1.0,0.5,0.55,0.5,0.85,22945.3,0.55,247050,-142800,58765,107323052343.75,15588,F1,75,,,,,
2025-02-18,2025-02-18,FO,NSE,IDO,64003,,NIFTY,,2025-02-20,2025-02-20,25500.0,CE,NIFTY2522025500CE,0.6,0.7,0.4,0.45,0.4,0.65,22945.3,0.45,7787925,-1551075,256233,490056691511.25,42997,F1,75,,,,,
2025-02-18,2025-02-18,FO,NSE,IDO,55589,,NIFTY,,2025-02-27,2025-02-27,21750.0,CE,NIFTY25FEB21750CE,0.0,0.0,0.0,1286.5,1290.3,1286.5,22945.3,1230.75,150,0,0,0.0,0,F1,75,,,,,
2025-02-18,2025-02-18,FO,NSE,IDO,55637,,NIFTY,,2025-02-27,2025-02-27,22950.0,CE,NIFTY25FEB22950CE,272.8,272.8,177.25,224.25,214.1,272.85,22945.3,224.25,353250,126225,26073,45311286675.0,18247,F1,75,,,,,
2025-02-18,2025-02-18,FO,NSE,IDO,57591,,NIFTY,,2025-02-27,2025-02-27,23750.0,CE,NIFTY25FEB23750CE,24.05,24.25,13.1,14.25,13.5,24.3,22945.3,14.25,460800,109500,16720,29802915963.75,10808,F1,75,,,,,
2025-02-18,2025-02-18,FO,NSE,IDO,57613,,NIFTY,,2025-02-27,2025-02-27,24300.0,CE,NIFTY25FEB24300CE,5.1,5.1,2.75,2.95,2.8,4.8,22945.3,2.95,1077000,216000,24517,44688908478.75,8473,F1,75,,,,,
2025-02-18,2025-02-18,FO,NSE,IDO,79438,,NIFTY,,2025-04-24,2025-04-24,23150.0,CE,NIFTY25APR23150CE,595.4,600.0,573.7,573.7,573.7,634.4,22945.3,573.7,150,150,3,5341432.5,3,F1,75,,,,,
2025-02-18,2025-02-18,FO,NSE,IDO,79640,,NIFTY,,2025-04-24,2025-04-24,24500.0,CE,NIFTY25APR24500CE,123.5,127.3,107.65,113.4,110.35,125.45,22945.3,113.4,178125,2550,1315,2427516105.0,884,F1,75,,,,,
2025-02-18,2025-02-18,FO,NSE,IDO,79729,,NIFTY,,2025-04-24,2025-04-24,25100.0,CE,NIFTY25APR25100CE,44.1,45.5,44.1,44.5,44.5,48.25,22945.3,44.5,825,-75,9,16972852.5,4,F1,75,,,,,
2025-02-18,2025-02-18,FO,NSE,IDO,79731,,NIFTY,,2025-04-24,2025-04-24,25150.0,CE,NIFTY25APR25150CE,0.0,0.0,0.0,50.35,50.35,50.35,22945.3,47.2,900,0,0,0.0,0,F1,75,,,,,
2025-02-18,2025-02-18,FO,NSE,IDO,50537,,NIFTY,,2025-06-26,2025-06-26,28000.0,CE,NIFTY25JUN28000CE,24.0,24.7,20.55,21.15,20.55,24.35,22945.3,21.15,240750,4125,177,371997547.5,94,F1,75,,,,,
2025-02-18,2025-02-18,FO,NSE,IDO,45873,,NIFTY,,2025-12-24,2025-12-24,17000.0,CE,NIFTY25DEC17000CE,0.0,0.0,0.0,7010.0,7010.0,7010.0,22945.3,6856.85,700,0,0,0.0,0,F1,75,,,,,
2025-02-18,2025-02-18,FO,NSE,IDO,37806,,NIFTY,,2026-12-31,2026-12-31,23000.0,CE,NIFTY26DEC23000CE,0.0,0.0,0.0,3459.95,3459.95,3459.95,22945.3,3183.4,1025,0,0,0.0,0,F1,75,,,,,
2025-02-18,2025-02-18,FO,NSE,IDO,38158,,NIFTY,,2026-12-31,2026-12-31,29000.0,CE,NIFTY26DEC29000CE,0.0,0.0,0.0,1205.35,0.0,1205.35,22945.3,724.55,0,0,0,0.0,0,F1,75,,,,,
2025-02-18,2025-02-18,FO,NSE,IDO,71549,,NIFTY,,2027-06-24,2027-06-24,19000.0,CE,NIFTY27JUN19000CE,0.0,0.0,0.0,7800.0,7800.0,7800.0,22945.3,6710.1,75,0,0,0.0,0,F1,75,,,,,
2025-02-18,2025-02-18,FO,NSE,IDO,71560,,NIFTY,,2027-06-24,2027-06-24,24000.0,CE,NIFTY27JUN24000CE,0.0,0.0,0.0,2299.55,0.0,2299.55,22945.3,3183.4,0,0,0,0.0,0,F1,75,,,,,
2025-02-18,2025-02-18,FO,NSE,IDO,86149,,NIFTY,,2028-06-29,2028-06-29,23000.0,CE,NIFTY28JUN23000CE,0.0,0.0,0.0,4323.1,0.0,4323.1,22945.3,4981.95,0,0,0,0.0,0,F1,75,,,,,
2025-02-18,2025-02-18,FO,NSE,IDO,86161,,NIFTY,,2028-06-29,2028-06-29,26000.0,CE,NIFTY28JUN26000CE,0.0,0.0,0.0,3200.9,0.0,3200.9,22945.3,3316.0,0,0,0,0.0,0,F1,75,,,,,
2025-02-18,2025-02-18,FO,NSE,IDO,86165,,NIFTY,,2028-06-29,2028-06-29,28000.0,CE,NIFTY28JUN28000CE,0.0,0.0,0.0,2596.45,0.0,2596.45,22945.3,2444.75,0,0,0,0.0,0,F1,75,,,,,
2025-02-18,2025-02-18,FO,NSE,IDO,67776,,NIFTY,,2028-12-28,2028-12-28,21000.0,CE,NIFTY28DEC21000CE,0.0,0.0,0.0,7512.5,0.0,7512.5,22945.3,6839.6,0,0,0,0.0,0,F1,75,,,,,
2025-02-18,2025-02-18,FO,NSE,IDO,61744,,NIFTY,,2029-12-27,2029-12-27,22000.0,CE,NIFTY29DEC22000CE,0.0,0.0,0.0,8865.25,0.0,8865.25,22945.3,7207.8,0,0,0,0.0,0,F1,75,,,,,
2025-02-18,2025-02-18,FO,NSE,IDO,61746,,NIFTY,,2029-12-27,2029-12-27,23000.0,CE,NIFTY29DEC23000CE,0.0,0.0,0.0,8286.75,0.0,8286.75,22945.3,6596.05,0,0,0,0.0,0,F1,75,,,,,
2025-02-18,2025-02-18,FO,NSE,IDO,61748,,NIFTY,,2029-12-27,2029-12-27,24000.0,CE,NIFTY29DEC24000CE,0.0,0.0,0.0,7730.0,0.0,7730.0,22945.3,6012.5,0,0,0,0.0,0,F1,75,,,,,
2025-02-18,2025-02-18,FO,NSE,IDO,61778,,NIFTY,,2029-12-27,2029-12-27,26000.0,CE,NIFTY29DEC26000CE,0.0,0.0,0.0,6686.95,0.0,6686.95,22945.3,4938.65,0,0,0,0.0,0,F1,75,,,,,
2025-02-18,2025-02-18,FO,NSE,IDO,50177,,NIFTY,,2025-03-20,2025-03-20,22300.0,CE,NIFTY2532022300CE,0.0,0.0,0.0,1024.1,0.0,1024.1,22945.3,853.65,0,0,0,0.0,0,F1,75,,,,,
2025-02-18,2025-02-18,FO,NSE,IDO,50131,,NIFTY,,2025-03-20,2025-03-20,21650.0,CE,NIFTY2532021650CE,0.0,0.0,0.0,1573.15,0.0,1573.15,22945.3,1428.05,0,0,0,0.0,0,F1,75,,,,,
2025-02-18,2025-02-18,FO,NSE,IDO,45655,,NIFTY,,2025-03-13,2025-03-13,25350.0,CE,NIFTY2531325350CE,0.0,0.0,0.0,6.45,6.0,6.45,22945.3,0.5,3000,0,0,0.0,0,F1,75,,,,,
2025-02-18,2025-02-18,FO,NSE,IDO,45636,,NIFTY,,2025-03-13,2025-03-13,24950.0,CE,NIFTY2531324950CE,9.0,9.0,7.7,7.7,7.7,23.15,22945.3,2.35,75,0,2,3743752.5,2,F1,75,,,,,
2025-02-18,2025-02-18,FO,NSE,IDO,45633,,NIFTY,,2025-03-13,2025-03-13,24900.0,CE,NIFTY2531324900CE,0.0,0.0,0.0,115.7,0.0,115.7,22945.3,2.8,0,0,0,0.0,0,F1,75,,,,,
2025-02-18,2025-02-18,FO,NSE,IDO,45615,,NIFTY,,2025-03-13,2025-03-13,24700.0,CE,NIFTY2531324700CE,0.0,0.0,0.0,153.7,0.0,153.7,22945.3,5.55,0,0,0,0.0,0,F1,75,,,,,
2025-02-18,2025-02-18,FO,NSE,IDO,45608,,NIFTY,,2025-03-13,2025-03-13,24550.0,CE,NIFTY2531324550CE,0.0,0.0,0.0,26.05,26.05,26.05,22945.3,9.0,75,0,0,0.0,0,F1,75,,,,,
2025-02-18,2025-02-18,FO,NSE,IDO,45552,,NIFTY,,2025-03-13,2025-03-13,24050.0,CE,NIFTY2531324050CE,40.0,40.0,40.0,40.0,40.0,69.65,22945.3,37.45,225,0,2,3613500.0,1,F1,75,,,,,
2025-02-18,2025-02-18,FO,NSE,IDO,45548,,NIFTY,,2025-03-13,2025-03-13,23950.0,CE,NIFTY2531323950CE,62.1,62.1,49.1,56.6,56.6,64.25,22945.3,48.3,450,300,8,14402883.75,7,F1,75,,,,,
2025-02-18,2025-02-18,FO,NSE,IDO,45534,,NIFTY,,2025-03-13,2025-03-13,23600.0,CE,NIFTY2531323600CE,118.0,131.05,105.75,117.55,117.05,136.1,22945.3,117.55,3525,1500,57,101380560.0,25,F1,75,,,,,
2025-02-18,2025-02-18,FO,NSE,IDO,45525,,NIFTY,,2025-03-13,2025-03-13,23450.0,CE,NIFTY2531323450CE,173.6,181.3,166.2,166.2,166.2,177.8,22945.3,147.5,225,75,4,7087102.5,4,F1,75,,,,,
2025-02-18,2025-02-18,FO,NSE,IDO,45467,,NIFTY,,2025-03-13,2025-03-13,22500.0,CE,NIFTY2531322500CE,0.0,0.0,0.0,1339.9,0.0,1339.9,22945.3,644.95,0,0,0,0.0,0,F1,75,,,,,
2025-02-18,2025-02-18,FO,NSE,IDO,45435,,NIFTY,,2025-03-13,2025-03-13,21900.0,CE,NIFTY2531321900CE,0.0,0.0,0.0,1880.15,0.0,1880.15,22945.3,1156.3,0,0,0,0.0,0,F1,75,,,,,
2025-02-18,2025-02-18,FO,NSE,IDO,68675,,NIFTY,,2025-03-06,2025-03-06,25300.0,CE,NIFTY2530625300CE,2.85,3.3,2.8,2.9,2.9,3.05,22945.3,2.9,5400,2850,64,121454336.25,26,F1,75,,,,,
2025-02-18,2025-02-18,FO,NSE,IDO,63527,,NIFTY,,2025-02-20,2025-02-20,23000.0,PE,NIFTY2522023000PE,154.0,256.25,128.9,144.9,156.75,156.3,22945.3,144.9,3007800,17550,1139418,1981226633591.25,696798,F1,75,,,,,
2025-02-18,2025-02-18,FO,NSE,IDO,63619,,NIFTY,,2025-02-20,2025-02-20,23400.0,PE,NIFTY2522023400PE,449.95,592.65,431.95,461.4,478.55,436.55,22945.3,461.4,200775,-41325,9179,16452079586.25,5869,F1,75,,,,,
2025-02-18,2025-02-18,FO,NSE,IDO,63718,,NIFTY,,2025-02-20,2025-02-20,24500.0,PE,NIFTY2522024500PE,1567.4,1662.2,1528.0,1561.55,1564.6,1503.9,22945.3,1561.55,59100,-10425,230,449603321.25,104,F1,75,,,,,
2025-02-18,2025-02-18,FO,NSE,IDO,63793,,NIFTY,,2025-02-20,2025-02-20,24750.0,PE,NIFTY2522024750PE,0.0,0.0,0.0,1679.45,1659.45,1679.45,22945.3,1795.9,0,0,0,0.0,0,F1,75,,,,,
2025-02-18,2025-02-18,FO,NSE,IDO,53976,,NIFTY,,2025-03-27,2025-03-27,23800.0,CE,NIFTY25MAR23800CE,163.45,165.2,130.05,146.1,139.3,169.4,22945.3,146.1,266100,12975,4788,8597693970.0,3768,F1,75,,,,,
2025-02-18,2025-02-18,FO,NSE,IDO,51473,,NIFTY,,2025-03-27,2025-03-27,23600.0,CE,NIFTY25MAR23600CE,229.05,236.45,184.2,209.1,201.0,235.65,22945.3,209.1,190125,4425,1965,3508201162.5,1194,F1,75,,,,,
2025-02-18,2025-02-18,FO,NSE,IDO,46976,,NIFTY,,2025-03-27,2025-03-27,22200.0,CE,NIFTY25MAR22200CE,1027.0,1046.8,973.0,1046.8,1046.8,1085.4,22945.3,982.05,3150,-375,14,24368235.0,12,F1,75,,,,,
2025-02-18,2025-02-18,FO,NSE,IDO,89627,,NIFTY,,2029-06-28,2029-06-28,22000.0,PE,NIFTY29JUN22000PE,0.0,0.0,0.0,422.0,0.0,422.0,22945.3,325.55,0,0,0,0.0,0,F1,75,,,,,
2025-02-18,2025-02-18,FO,NSE,IDO,67789,,NIFTY,,2028-12-28,2028-12-28,27000.0,PE,NIFTY28DEC27000PE,0.0,0.0,0.0,1413.85,0.0,1413.85,22945.3,1455.85,0,0,0,0.0,0,F1,75,,,,,
2025-02-18,2025-02-18,FO,NSE,IDO,53607,,NIFTY,,2027-12-30,2027-12-30,20000.0,CE,NIFTY27DEC20000CE,0.0,0.0,0.0,5333.85,0.0,5333.85,22945.3,6492.4,0,0,0,0.0,0,F1,75,,,,,
2025-02-18,2025-02-18,FO,NSE,IDO,50549,,NIFTY,,2027-06-24,2027-06-24,28000.0,CE,NIFTY27JUN28000CE,0.0,0.0,0.0,2186.3,0.0,2186.3,22945.3,1417.45,0,0,0,0.0,0,F1,75,,,,,
2025-02-18,2025-02-18,FO,NSE,IDO,58648,,NIFTY,,2026-12-31,2026-12-31,22000.0,CE,NIFTY26DEC22000CE,0.0,0.0,0.0,3039.0,0.0,3039.0,22945.3,3848.9,0,0,0,0.0,0,F1,75,,,,,
2025-02-18,2025-02-18,FO,NSE,IDO,58642,,NIFTY,,2026-12-31,2026-12-31,19000.0,CE,NIFTY26DEC19000CE,0.0,0.0,0.0,8600.0,8600.0,8600.0,22945.3,6181.2,125,0,0,0.0,0,F1,75,,,,,
2025-02-18,2025-02-18,FO,NSE,IDO,50545,,NIFTY,,2026-06-25,2026-06-25,28000.0,CE,NIFTY26JUN28000CE,0.0,0.0,0.0,1533.95,0.0,1533.95,22945.3,521.05,0,0,0,0.0,0,F1,75,,,,,
2025-02-18,2025-02-18,FO,NSE,IDO,71476,,NIFTY,,2026-06-25,2026-06-25,26000.0,CE,NIFTY26JUN26000CE,801.05,801.05,801.05,801.05,801.05,801.05,22945.3,1051.6,1050,75,1,2010078.75,1,F1,75,,,,,
2025-02-18,2025-02-18,FO,NSE,IDO,71474,,NIFTY,,2026-06-25,2026-06-25,25000.0,CE,NIFTY26JUN25000CE,0.0,0.0,0.0,1510.4,0.0,1510.4,22945.3,1439.8,0,0,0,0.0,0,F1,75,,,,,
2025-02-18,2025-02-18,FO,NSE,IDO,50971,,NIFTY,,2025-12-24,2025-12-24,27000.0,CE,NIFTY25DEC27000CE,304.0,305.0,285.0,294.7,292.05,304.6,22945.3,294.7,391525,15175,685,1402315320.0,589,F1,75,,,,,
2025-02-18,2025-02-18,FO,NSE,IDO,37795,,NIFTY,,2025-12-24,2025-12-24,23000.0,CE,NIFTY25DEC23000CE,1878.3,1878.3,1800.0,1845.25,1835.05,1899.7,22945.3,1845.25,200950,5550,205,381778417.5,182,F1,75,,,,,
2025-02-18,2025-02-18,FO,NSE,IDO,64696,,NIFTY,,2025-09-25,2025-09-25,26000.0,CE,NIFTY25SEP26000CE,0.0,0.0,0.0,2854.15,0.0,2854.15,22945.3,282.55,0,0,0,0.0,0,F1,75,,,,,
2025-02-18,2025-02-18,FO,NSE,IDO,46900,,NIFTY,,2025-03-27,2025-03-27,21700.0,CE,NIFTY25MAR21700CE,1459.1,1459.1,1459.1,1459.1,1459.1,2160.0,22945.3,1417.8,300,75,1,1736932.5,1,F1,75,,,,,
2025-02-18,2025-02-18,FO,NSE,IDO,46831,,NIFTY,,2025-03-27,2025-03-27,21150.0,CE,NIFTY25MAR21150CE,0.0,0.0,0.0,2129.75,2129.75,2129.75,22945.3,1940.8,75,0,0,0.0,0,F1,75,,,,,
2025-02-18,2025-02-18,FO,NSE,IDO,63802,,NIFTY,,2025-02-20,2025-02-20,24850.0,PE,NIFTY2522024850PE,0.0,0.0,0.0,1779.9,1779.9,1779.9,22945.3,1895.85,75,0,0,0.0,0,F1,75,,,,,
2025-02-18,2025-02-18,FO,NSE,IDO,63973,,NIFTY,,2025-02-20,2025-02-20,25250.0,PE,NIFTY2522025250PE,0.0,0.0,0.0,1802.65,0.0,1802.65,22945.3,2295.7,0,0,0,0.0,0,F1,75,,,,,
2025-02-18,2025-02-18,FO,NSE,IDO,63990,,NIFTY,,2025-02-20,2025-02-20,25300.0,PE,NIFTY2522025300PE,0.0,0.0,0.0,2468.25,2468.25,2468.25,22945.3,2345.7,1800,0,0,0.0,0,F1,75,,,,,
2025-02-18,2025-02-18,FO,NSE,IDO,55568,,NIFTY,,2025-02-27,2025-02-27,21300.0,PE,NIFTY25FEB21300PE,3.2,3.95,2.3,2.45,2.3,3.1,22945.3,2.45,657825,9675,14770,23598403796.25,6152,F1,75,,,,,
2025-02-18,2025-02-18,FO,NSE,IDO,55604,,NIFTY,,2025-02-27,2025-02-27,22100.0,PE,NIFTY25FEB22100PE,25.85,36.7,18.0,19.1,20.3,23.95,22945.3,19.1,747375,308625,26252,43562036373.75,16438,F1,75,,,,,
2025-02-18,2025-02-18,FO,NSE,IDO,57602,,NIFTY,,2025-02-27,2025-02-27,24000.0,PE,NIFTY25FEB24000PE,1009.95,1154.65,993.1,1039.45,1049.15,980.0,22945.3,1039.45,1491225,-525,2187,4111126065.0,1158,F1,75,,,,,
2025-02-18,2025-02-18,FO,NSE,IDO,57624,,NIFTY,,2025-02-27,2025-02-27,24550.0,PE,NIFTY25FEB24550PE,1557.85,1601.75,1557.85,1594.4,1593.5,1627.05,22945.3,1594.4,4425,-600,10,19605551.25,10,F1,75,,,,,
2025-02-18,2025-02-18,FO,NSE,IDO,57630,,NIFTY,,2025-02-27,2025-02-27,24700.0,PE,NIFTY25FEB24700PE,1747.6,1781.9,1727.7,1730.0,1730.0,1668.3,22945.3,1715.2,38025,225,5,9917685.0,5,F1,75,,,,,
2025-02-18,2025-02-18,FO,NSE,IDO,57650,,NIFTY,,2025-02-27,2025-02-27,25150.0,PE,NIFTY25FEB25150PE,0.0,0.0,0.0,2116.0,2116.0,2116.0,22945.3,2164.45,225,0,0,0.0,0,F1,75,,,,,
2025-02-18,2025-02-18,FO,NSE,IDO,57674,,NIFTY,,2025-02-27,2025-02-27,25750.0,PE,NIFTY25FEB25750PE,0.0,0.0,0.0,2703.85,2703.65,2703.85,22945.3,2763.45,375,0,0,0.0,0,F1,75,,,,,
2025-02-18,2025-02-18,FO,NSE,IDO,57682,,NIFTY,,2025-02-27,2025-02-27,25950.0,PE,NIFTY25FEB25950PE,0.0,0.0,0.0,2918.15,2918.15,2918.15,22945.3,2963.15,300,0,0,0.0,0,F1,75,,,,,
2025-02-18,2025-02-18,FO,NSE,IDO,68647,,NIFTY,,2025-03-06,2025-03-06,24950.0,CE,NIFTY2530624950CE,4.25,4.25,4.1,4.1,4.1,5.0,22945.3,0.35,3675,300,5,9357798.75,2,F1,75,,,,,
2025-02-18,2025-02-18,FO,NSE,IDO,68631,,NIFTY,,2025-03-06,2025-03-06,24750.0,CE,NIFTY2530624750CE,5.35,5.6,4.7,5.6,5.6,8.35,22945.3,5.6,2100,75,35,64982726.25,17,F1,75,,,,,
2025-02-18,2025-02-18,FO,NSE,IDO,68620,,NIFTY,,2025-03-06,2025-03-06,24550.0,CE,NIFTY2530624550CE,10.0,10.0,10.0,10.0,10.0,8.35,22945.3,10.0,1425,75,1,1842000.0,1,F1,75,,,,,
2025-02-18,2025-02-18,FO,NSE,IDO,68618,,NIFTY,,2025-03-06,2025-03-06,24500.0,CE,NIFTY2530624500CE,10.15,10.15,6.45,6.85,6.45,10.1,22945.3,6.85,125400,57375,2671,4909520407.5,1220,F1,75,,,,,
2025-02-18,2025-02-18,FO,NSE,IDO,68584,,NIFTY,,2025-03-06,2025-03-06,23750.0,CE,NIFTY2530623750CE,63.8,63.8,43.3,48.35,47.45,64.15,22945.3,48.35,10425,3375,225,401612891.25,119,F1,75,,,,,
2025-02-18,2025-02-18,FO,NSE,IDO,57684,,NIFTY,,2025-02-27,2025-02-27,26000.0,PE,NIFTY25FEB26000PE,3001.45,3150.0,2990.1,3018.25,3044.65,2969.1,22945.3,3018.25,910200,-5700,112,243969858.75,105,F1,75,,,,,
2025-02-18,2025-02-18,FO,NSE,IDO,68396,,NIFTY,,2025-03-06,2025-03-06,21500.0,PE,NIFTY2530621500PE,15.0,19.75,11.7,12.9,13.25,14.3,22945.3,12.9,71775,9300,4459,7194989711.25,2479,F1,75,,,,,
2025-02-18,2025-02-18,FO,NSE,IDO,68402,,NIFTY,,2025-03-06,2025-03-06,21650.0,PE,NIFTY2530621650PE,20.7,27.5,20.7,24.4,24.4,26.35,22945.3,3.25,5025,2025,38,61776060.0,9,F1,75,,,,,
2025-02-18,2025-02-18,FO,NSE,IDO,68412,,NIFTY,,2025-03-06,2025-03-06,21850.0,PE,NIFTY2530621850PE,31.2,40.0,27.0,29.05,29.15,29.75,22945.3,29.05,5175,3975,97,159183506.25,53,F1,75,,,,,
2025-02-18,2025-02-18,FO,NSE,IDO,68416,,NIFTY,,2025-03-06,2025-03-06,21950.0,PE,NIFTY2530621950PE,39.3,48.65,33.4,33.6,33.65,36.6,22945.3,33.6,3675,3075,58,95663283.75,26,F1,75,,,,,
2025-02-18,2025-02-18,FO,NSE,IDO,68427,,NIFTY,,2025-03-06,2025-03-06,22200.0,PE,NIFTY2530622200PE,69.0,86.0,55.85,61.05,62.85,60.6,22945.3,61.05,48525,37725,1047,1748603343.75,517,F1,75,,,,,
2025-02-18,2025-02-18,FO,NSE,IDO,68469,,NIFTY,,2025-03-06,2025-03-06,23000.0,PE,NIFTY2530623000PE,279.65,355.35,256.6,273.25,282.95,262.5,22945.3,273.25,367275,86400,5875,10264325917.5,4156,F1,75,,,,,
2025-02-18,2025-02-18,FO,NSE,IDO,68599,,NIFTY,,2025-03-06,2025-03-06,24100.0,PE,NIFTY2530624100PE,0.0,0.0,0.0,1042.55,1040.15,1042.55,22945.3,1099.65,450,0,0,0.0,0,F1,75,,,,,
2025-02-18,2025-02-18,FO,NSE,IDO,68603,,NIFTY,,2025-03-06,2025-03-06,24200.0,PE,NIFTY2530624200PE,0.0,0.0,0.0,1136.0,1137.3,1136.0,22945.3,1195.25,225,0,0,0.0,0,F1,75,,,,,
2025-02-18,2025-02-18,FO,NSE,IDO,68632,,NIFTY,,2025-03-06,2025-03-06,24750.0,PE,NIFTY2530624750PE,0.0,0.0,0.0,1664.3,1664.4,1664.3,22945.3,1735.25,600,0,0,0.0,0,F1,75,,,,,
2025-02-18,2025-02-18,FO,NSE,IDO,68869,,NIFTY,,2025-03-06,2025-03-06,25400.0,PE,NIFTY2530625400PE,0.0,0.0,0.0,2300.05,2300.05,2300.05,22945.3,2382.45,75,0,0,0.0,0,F1,75,,,,,
2025-02-18,2025-02-18,FO,NSE,IDO,45399,,NIFTY,,2025-03-13,2025-03-13,21200.0,PE,NIFTY2531321200PE,20.0,23.4,16.0,16.95,17.6,18.35,22945.3,16.95,8100,4500,150,238715310.0,64,F1,75,,,,,
2025-02-18,2025-02-18,FO,NSE,IDO,45411,,NIFTY,,2025-03-13,2025-03-13,21400.0,PE,NIFTY2531321400PE,0.0,0.0,0.0,29.0,29.0,29.0,22945.3,3.65,825,0,0,0.0,0,F1,75,,,,,
2025-02-18,2025-02-18,FO,NSE,IDO,45459,,NIFTY,,2025-03-13,2025-03-13,22300.0,PE,NIFTY2531322300PE,0.0,0.0,0.0,101.3,101.3,101.3,22945.3,66.6,2100,0,0,0.0,0,F1,75,,,,,
2025-02-18,2025-02-18,FO,NSE,IDO,45503,,NIFTY,,2025-03-13,2025-03-13,23100.0,PE,NIFTY2531323100PE,395.1,421.0,345.05,349.55,349.45,342.85,22945.3,349.55,825,525,20,35197796.25,15,F1,75,,,,,
2025-02-18,2025-02-18,FO,NSE,IDO,45526,,NIFTY,,2025-03-13,2025-03-13,23450.0,PE,NIFTY2531323450PE,0.0,0.0,0.0,327.3,0.0,327.3,22945.3,556.35,0,0,0,0.0,0,F1,75,,,,,
2025-02-18,2025-02-18,FO,NSE,IDO,45585,,NIFTY,,2025-03-13,2025-03-13,24250.0,PE,NIFTY2531324250PE,0.0,0.0,0.0,753.1,0.0,753.1,22945.3,1227.4,0,0,0,0.0,0,F1,75,,,,,
2025-02-18,2025-02-18,FO,NSE,IDO,45620,,NIFTY,,2025-03-13,2025-03-13,24800.0,PE,NIFTY2531324800PE,0.0,0.0,0.0,1157.75,0.0,1157.75,22945.3,1757.3,0,0,0,0.0,0,F1,75,,,,,
2025-02-18,2025-02-18,FO,NSE,IDO,45654,,NIFTY,,2025-03-13,2025-03-13,25300.0,PE,NIFTY2531325300PE,0.0,0.0,0.0,1583.1,0.0,1583.1,22945.3,2251.95,0,0,0,0.0,0,F1,75,,,,,
2025-02-18,2025-02-18,FO,NSE,IDO,45661,,NIFTY,,2025-03-13,2025-03-13,25350.0,PE,NIFTY2531325350PE,0.0,0.0,0.0,1627.85,0.0,1627.85,22945.3,2301.6,0,0,0,0.0,0,F1,75,,,,,
2025-02-18,2025-02-18,FO,NSE,IDO,50180,,NIFTY,,2025-03-20,2025-03-20,22350.0,PE,NIFTY2532022350PE,0.0,0.0,0.0,150.9,0.0,150.9,22945.3,99.55,0,0,0,0.0,0,F1,75,,,,,
2025-02-18,2025-02-18,FO,NSE,IDO,50202,,NIFTY,,2025-03-20,2025-03-20,22650.0,PE,NIFTY2532022650PE,0.0,0.0,0.0,234.5,0.0,234.5,22945.3,178.6,0,0,0,0.0,0,F1,75,,,,,
2025-02-18,2025-02-18,FO,NSE,IDO,50224,,NIFTY,,2025-03-20,2025-03-20,23000.0,PE,NIFTY2532023000PE,355.15,410.2,333.15,345.0,343.55,335.4,22945.3,345.0,8100,600,44,77102775.0,39,F1,75,,,,,
2025-02-18,2025-02-18,FO,NSE,IDO,50232,,NIFTY,,2025-03-20,2025-03-20,23200.0,PE,NIFTY2532023200PE,0.0,0.0,0.0,463.25,0.0,463.25,22945.3,421.35,0,0,0,0.0,0,F1,75,,,,,
2025-02-18,2025-02-18,FO,NSE,IDO,50260,,NIFTY,,2025-03-20,2025-03-20,23800.0,PE,NIFTY2532023800PE,0.0,0.0,0.0,828.45,0.0,828.45,22945.3,832.55,0,0,0,0.0,0,F1,75,,,,,
2025-02-18,2025-02-18,FO,NSE,IDO,50306,,NIFTY,,2025-03-20,2025-03-20,24550.0,PE,NIFTY2532024550PE,0.0,0.0,0.0,1424.9,0.0,1424.9,22945.3,1493.8,0,0,0,0.0,0,F1,75,,,,,
2025-02-18,2025-02-18,FO,NSE,IDO,50312,,NIFTY,,2025-03-20,2025-03-20,24700.0,PE,NIFTY2532024700PE,0.0,0.0,0.0,1557.45,0.0,1557.45,22945.3,1636.65,0,0,0,0.0,0,F1,75,,,,,
2025-02-18,2025-02-18,FO,NSE,IDO,46909,,NIFTY,,2025-03-27,2025-03-27,21750.0,PE,NIFTY25MAR21750PE,78.2,95.0,77.55,81.9,81.9,77.9,22945.3,81.9,12075,225,71,116259056.25,29,F1,75,,,,,
2025-02-18,2025-02-18,FO,NSE,IDO,46943,,NIFTY,,2025-03-27,2025-03-27,21950.0,PE,NIFTY25MAR21950PE,110.0,124.65,100.05,106.2,106.85,100.05,22945.3,106.2,13575,3750,213,352463261.25,114,F1,75,,,,,
2025-02-18,2025-02-18,FO,NSE,IDO,47015,,NIFTY,,2025-03-27,2025-03-27,22550.0,PE,NIFTY25MAR22550PE,230.0,264.6,211.25,219.6,227.4,212.6,22945.3,219.6,17775,4800,344,587948373.75,269,F1,75,,,,,
2025-02-18,2025-02-18,FO,NSE,IDO,47021,,NIFTY,,2025-03-27,2025-03-27,22600.0,PE,NIFTY25MAR22600PE,227.35,280.05,224.0,231.45,237.6,224.6,22945.3,231.45,233175,5475,1706,2923848401.25,1307,F1,75,,,,,
2025-02-18,2025-02-18,FO,NSE,IDO,48348,,NIFTY,,2025-03-27,2025-03-27,23100.0,PE,NIFTY25MAR23100PE,433.0,490.0,400.0,421.9,419.7,397.75,22945.3,421.9,180825,25575,1629,2875886036.25,1128,F1,75,,,,,
2025-02-18,2025-02-18,FO,NSE,IDO,68468,,NIFTY,,2025-03-06,2025-03-06,23000.0,CE,NIFTY2530623000CE,346.85,346.85,244.25,297.6,284.15,338.75,22945.3,297.6,358800,85875,6834,11935934186.25,5218,F1,75,,,,,
2025-02-18,2025-02-18,FO,NSE,IDO,68462,,NIFTY,,2025-03-06,2025-03-06,22900.0,CE,NIFTY2530622900CE,394.0,394.05,294.5,352.2,341.2,398.35,22945.3,352.2,76875,36450,2942,5127813401.25,2229,F1,75,,,,,
2025-02-18,2025-02-18,FO,NSE,IDO,68450,,NIFTY,,2025-03-06,2025-03-06,22600.0,CE,NIFTY2530622600CE,543.65,576.65,474.75,554.95,538.2,606.7,22945.3,554.95,10500,2700,127,220252882.5,108,F1,75,,,,,
2025-02-18,2025-02-18,FO,NSE,IDO,68448,,NIFTY,,2025-03-06,2025-03-06,22550.0,CE,NIFTY2530622550CE,0.0,0.0,0.0,617.8,617.8,617.8,22945.3,546.9,450,0,0,0.0,0,F1,75,,,,,
2025-02-18,2025-02-18,FO,NSE,IDO,68397,,NIFTY,,2025-03-06,2025-03-06,21550.0,CE,NIFTY2530621550CE,0.0,0.0,0.0,1529.65,1530.7,1529.65,22945.3,1458.6,600,0,0,0.0,0,F1,75,,,,,
2025-02-18,2025-02-18,FO,NSE,IDO,64560,,NIFTY,,2025-03-27,2025-03-27,21000.0,CE,NIFTY25MAR21000CE,2100.0,2150.25,2008.45,2118.7,2095.85,2175.3,22945.3,2118.7,408950,3600,74,128128878.75,72,F1,75,,,,,
2025-02-18,2025-02-18,FO,NSE,IDO,50309,,NIFTY,,2025-03-20,2025-03-20,24650.0,CE,NIFTY2532024650CE,0.0,0.0,0.0,63.7,0.0,63.7,22945.3,15.45,0,0,0,0.0,0,F1,75,,,,,
2025-02-18,2025-02-18,FO,NSE,IDO,57710,,NIFTY,,2025-02-27,2025-02-27,26450.0,CE,NIFTY25FEB26450CE,1.65,1.7,1.5,1.6,1.6,1.65,22945.3,1.6,30525,7950,170,337258136.25,57,F1,75,,,,,
2025-02-18,2025-02-18,FO,NSE,IDO,57675,,NIFTY,,2025-02-27,2025-02-27,25800.0,CE,NIFTY25FEB25800CE,1.95,1.95,1.45,1.6,1.5,1.7,22945.3,1.6,89925,18000,1294,2504057801.25,578,F1,75,,,,,
2025-02-18,2025-02-18,FO,NSE,IDO,57669,,NIFTY,,2025-02-27,2025-02-27,25650.0,CE,NIFTY25FEB25650CE,1.75,1.85,1.55,1.6,1.65,1.75,22945.3,1.6,10425,1200,174,334754913.75,71,F1,75,,,,,
2025-02-18,2025-02-18,FO,NSE,IDO,57655,,NIFTY,,2025-02-27,2025-02-27,25300.0,CE,NIFTY25FEB25300CE,2.0,2.1,1.6,1.7,1.6,2.0,22945.3,1.7,134850,21825,2770,5256465408.75,1272,F1,75,,,,,
2025-02-18,2025-02-18,FO,NSE,IDO,57649,,NIFTY,,2025-02-27,2025-02-27,25150.0,CE,NIFTY25FEB25150CE,2.25,2.25,1.75,1.85,1.9,2.15,22945.3,1.85,71775,-2400,292,550826910.0,164,F1,75,,,,,
2025-02-18,2025-02-18,FO,NSE,IDO,57615,,NIFTY,,2025-02-27,2025-02-27,24350.0,CE,NIFTY25FEB24350CE,3.75,4.1,2.65,2.8,2.9,4.35,22945.3,2.8,124800,-10200,2704,4938873746.25,1345,F1,75,,,,,
2025-02-18,2025-02-18,FO,NSE,IDO,57593,,NIFTY,,2025-02-27,2025-02-27,23800.0,CE,NIFTY25FEB23800CE,20.55,20.55,10.2,11.95,10.2,20.6,22945.3,11.95,2157225,93750,59410,106109465850.0,33021,F1,75,,,,,
2025-02-18,2025-02-18,FO,NSE,IDO,57585,,NIFTY,,2025-02-27,2025-02-27,23600.0,CE,NIFTY25FEB23600CE,39.05,41.2,22.55,26.5,23.85,41.0,22945.3,26.5,2458350,-131100,68164,120799736152.5,37624,F1,75,,,,,
2025-02-18,2025-02-18,FO,NSE,IDO,51460,,NIFTY,,2025-03-27,2025-03-27,23550.0,PE,NIFTY25MAR23550PE,662.1,749.85,640.3,672.15,669.1,630.7,22945.3,672.15,27000,1950,74,134500087.5,58,F1,75,,,,,
2025-02-18,2025-02-18,FO,NSE,IDO,55345,,NIFTY,,2025-03-27,2025-03-27,24450.0,PE,NIFTY25MAR24450PE,0.0,0.0,0.0,1347.1,1347.1,1347.1,22945.3,1386.4,10725,0,0,0.0,0,F1,75,,,,,
2025-02-18,2025-02-18,FO,NSE,IDO,56529,,NIFTY,,2025-03-27,2025-03-27,24600.0,PE,NIFTY25MAR24600PE,0.0,0.0,0.0,1495.0,1495.0,1495.0,22945.3,1524.0,12450,0,0,0.0,0,F1,75,,,,,
2025-02-18,2025-02-18,FO,NSE,IDO,56543,,NIFTY,,2025-03-27,2025-03-27,24700.0,PE,NIFTY25MAR24700PE,1585.0,1585.0,1585.0,1585.0,1585.0,1548.45,22945.3,1585.0,2850,0,1,1971375.0,1,F1,75,,,,,
2025-02-18,2025-02-18,FO,NSE,IDO,56545,,NIFTY,,2025-03-27,2025-03-27,24750.0,PE,NIFTY25MAR24750PE,0.0,0.0,0.0,1526.5,1526.5,1526.5,22945.3,1664.4,225,0,0,0.0,0,F1,75,,,,,
2025-02-18,2025-02-18,FO,NSE,IDO,56871,,NIFTY,,2025-03-27,2025-03-27,25150.0,PE,NIFTY25MAR25150PE,0.0,0.0,0.0,1346.45,0.0,1346.45,22945.3,2048.2,0,0,0,0.0,0,F1,75,,,,,
2025-02-18,2025-02-18,FO,NSE,IDO,56889,,NIFTY,,2025-03-27,2025-03-27,25600.0,PE,NIFTY25MAR25600PE,0.0,0.0,0.0,2190.0,2190.0,2190.0,22945.3,2489.25,150,0,0,0.0,0,F1,75,,,,,
2025-02-18,2025-02-18,FO,NSE,IDO,79391,,NIFTY,,2025-04-24,2025-04-24,22450.0,PE,NIFTY25APR22450PE,0.0,0.0,0.0,265.25,0.0,265.25,22945.3,217.6,0,0,0,0.0,0,F1,75,,,,,
2025-02-18,2025-02-18,FO,NSE,IDO,79401,,NIFTY,,2025-04-24,2025-04-24,22650.0,PE,NIFTY25APR22650PE,326.1,326.1,325.55,325.55,325.55,319.9,22945.3,325.55,75,75,2,3446373.75,2,F1,75,,,,,
2025-02-18,2025-02-18,FO,NSE,IDO,79410,,NIFTY,,2025-04-24,2025-04-24,22750.0,PE,NIFTY25APR22750PE,0.0,0.0,0.0,348.2,348.2,348.2,22945.3,314.95,75,0,0,0.0,0,F1,75,,,,,
2025-02-18,2025-02-18,FO,NSE,IDO,79518,,NIFTY,,2025-04-24,2025-04-24,23900.0,PE,NIFTY25APR23900PE,0.0,0.0,0.0,880.25,896.15,880.25,22945.3,932.55,4500,0,0,0.0,0,F1,75,,,,,
2025-02-18,2025-02-18,FO,NSE,IDO,79671,,NIFTY,,2025-04-24,2025-04-24,24700.0,PE,NIFTY25APR24700PE,0.0,0.0,0.0,1367.8,0.0,1367.8,22945.3,1561.95,0,0,0,0.0,0,F1,75,,,,,
2025-02-18,2025-02-18,FO,NSE,IDO,38375,,NIFTY,,2025-06-26,2025-06-26,20000.0,PE,NIFTY25JUN20000PE,63.15,79.45,63.1,69.3,70.0,66.1,22945.3,69.3,838600,3975,711,1070306130.0,563,F1,75,,,,,
2025-02-18,2025-02-18,FO,NSE,IDO,50538,,NIFTY,,2025-06-26,2025-06-26,28000.0,PE,NIFTY25JUN28000PE,0.0,0.0,0.0,7207.55,0.0,7207.55,22945.3,4432.65,0,0,0,0.0,0,F1,75,,,,,
2025-02-18,2025-02-18,FO,NSE,IDO,49180,,NIFTY,,2025-12-24,2025-12-24,16500.0,PE,NIFTY25DEC16500PE,0.0,0.0,0.0,20.3,20.3,20.3,22945.3,0.55,2750,0,0,0.0,0,F1,75,,,,,
2025-02-18,2025-02-18,FO,NSE,IDO,58627,,NIFTY,,2026-06-25,2026-06-25,22000.0,PE,NIFTY26JUN22000PE,560.7,560.7,455.05,488.95,520.0,3829.5,22945.3,488.95,1050,1050,16,26986740.0,5,F1,75,,,,,
2025-02-18,2025-02-18,FO,NSE,IDO,71475,,NIFTY,,2026-06-25,2026-06-25,25000.0,PE,NIFTY26JUN25000PE,0.0,0.0,0.0,6063.1,0.0,6063.1,22945.3,1397.35,0,0,0,0.0,0,F1,75,,,,,
2025-02-18,2025-02-18,FO,NSE,IDO,50546,,NIFTY,,2026-06-25,2026-06-25,28000.0,PE,NIFTY26JUN28000PE,0.0,0.0,0.0,6532.55,0.0,6532.55,22945.3,3226.9,0,0,0,0.0,0,F1,75,,,,,
2025-02-18,2025-02-18,FO,NSE,IDO,58635,,NIFTY,,2026-12-31,2026-12-31,15000.0,PE,NIFTY26DEC15000PE,0.0,0.0,0.0,36.75,36.75,36.75,22945.3,1.25,2275,0,0,0.0,0,F1,75,,,,,
2025-02-18,2025-02-18,FO,NSE,IDO,58637,,NIFTY,,2026-12-31,2026-12-31,16000.0,PE,NIFTY26DEC16000PE,0.0,0.0,0.0,23.3,23.3,23.3,22945.3,4.25,2425,0,0,0.0,0,F1,75,,,,,
2025-02-18,2025-02-18,FO,NSE,IDO,38159,,NIFTY,,2026-12-31,2026-12-31,29000.0,PE,NIFTY26DEC29000PE,0.0,0.0,0.0,5042.25,0.0,5042.25,22945.3,3467.2,0,0,0,0.0,0,F1,75,,,,,
2025-02-18,2025-02-18,FO,NSE,IDO,53602,,NIFTY,,2027-12-30,2027-12-30,17000.0,PE,NIFTY27DEC17000PE,0.0,0.0,0.0,180.6,180.6,180.6,22945.3,22.95,14200,0,0,0.0,0,F1,75,,,,,
2025-02-18,2025-02-18,FO,NSE,IDO,86168,,NIFTY,,2028-06-29,2028-06-29,29000.0,PE,NIFTY28JUN29000PE,0.0,0.0,0.0,3595.9,0.0,3595.9,22945.3,2442.3,0,0,0,0.0,0,F1,75,,,,,
2025-02-18,2025-02-18,FO,NSE,IDO,89625,,NIFTY,,2029-06-28,2029-06-28,21000.0,PE,NIFTY29JUN21000PE,0.0,0.0,0.0,320.25,0.0,320.25,22945.3,224.55,0,0,0,0.0,0,F1,75,,,,,
2025-02-18,2025-02-18,FO,NSE,IDO,61411,,NIFTY,,2029-12-27,2029-12-27,20000.0,PE,NIFTY29DEC20000PE,0.0,0.0,0.0,202.3,0.0,202.3,22945.3,143.9,0,0,0,0.0,0,F1,75,,,,,
2025-02-18,2025-02-18,FO,NSE,IDO,61749,,NIFTY,,2029-12-27,2029-12-27,24000.0,PE,NIFTY29DEC24000PE,0.0,0.0,0.0,625.5,0.0,625.5,22945.3,569.2,0,0,0,0.0,0,F1,75,,,,,
2025-02-18,2025-02-18,FO,NSE,IDO,61779,,NIFTY,,2029-12-27,2029-12-27,26000.0,PE,NIFTY29DEC26000PE,0.0,0.0,0.0,969.6,0.0,969.6,22945.3,953.85,0,0,0,0.0,0,F1,75,,,,,
2025-02-18,2025-02-18,FO,NSE,IDO,55651,,NIFTY,,2025-02-27,2025-02-27,23300.0,CE,NIFTY25FEB23300CE,111.85,116.3,64.25,81.35,75.55,111.85,22945.3,81.35,2295450,168000,77351,135648410685.0,43929,F1,75,,,,,
2025-02-18,2025-02-18,FO,NSE,IDO,55627,,NIFTY,,2025-02-27,2025-02-27,22700.0,CE,NIFTY25FEB22700CE,436.0,436.0,309.0,376.8,367.0,435.95,22945.3,376.8,224625,50325,17104,29586725021.25,10566,F1,75,,,,,
2025-02-18,2025-02-18,FO,NSE,IDO,55583,,NIFTY,,2025-02-27,2025-02-27,21600.0,CE,NIFTY25FEB21600CE,0.0,0.0,0.0,1426.3,1432.55,1426.3,22945.3,1380.1,3750,0,0,0.0,0,F1,75,,,,,
2025-02-18,2025-02-18,FO,NSE,IDO,63715,,NIFTY,,2025-02-20,2025-02-20,24450.0,CE,NIFTY2522024450CE,0.8,0.95,0.5,0.55,0.5,0.8,22945.3,0.55,127350,-29475,34715,63660566748.75,9076,F1,75,,,,,
2025-02-18,2025-02-18,FO,NSE,IDO,63642,,NIFTY,,2025-02-20,2025-02-20,23650.0,CE,NIFTY2522023650CE,5.8,6.0,1.6,1.9,1.65,6.0,22945.3,1.9,2990325,368025,483757,858176767533.75,106994,F1,75,,,,,
2025-02-18,2025-02-18,FO,NSE,IDO,63424,,NIFTY,,2025-02-20,2025-02-20,22600.0,CE,NIFTY2522022600CE,422.65,422.65,270.15,365.7,350.75,427.15,22945.3,365.7,199725,32925,57573,99022024226.25,37161,F1,75,,,,,
2025-02-18,2025-02-18,FO,NSE,IDO,63326,,NIFTY,,2025-02-20,2025-02-20,22300.0,CE,NIFTY2522022300CE,658.9,679.95,525.6,648.75,631.1,700.45,22945.3,648.75,15075,-9750,1969,3383043022.5,1181,F1,75,,,,,
2025-02-18,2025-02-18,FO,NSE,IDO,63285,,NIFTY,,2025-02-20,2025-02-20,21950.0,CE,NIFTY2522021950CE,1018.1,1025.85,867.75,974.05,974.05,933.4,22945.3,974.05,675,-75,13,22302776.25,13,F1,75,,,,,
2025-02-18,2025-02-18,FO,NSE,IDO,63218,,NIFTY,,2025-02-20,2025-02-20,21500.0,CE,NIFTY2522021500CE,1445.55,1451.0,1331.7,1429.95,1429.95,1485.95,22945.3,1452.95,22350,10050,170,292101626.25,150,F1,75,,,,,
2025-02-18,2025-02-18,FO,NSE,IDO,57712,,NIFTY,,2025-02-27,2025-02-27,26500.0,CE,NIFTY25FEB26500CE,1.75,1.85,1.5,1.6,1.55,1.8,22945.3,1.6,7613550,1568700,50910,101190006671.25,22034,F1,75,,,,,
2025-02-18,2025-02-18,FO,NSE,IDO,50247,,NIFTY,,2025-03-20,2025-03-20,23600.0,CE,NIFTY2532023600CE,0.0,0.0,0.0,287.5,0.0,287.5,22945.3,151.4,0,0,0,0.0,0,F1,75,,,,,
2025-02-18,2025-02-18,FO,NSE,IDO,50199,,NIFTY,,2025-03-20,2025-03-20,22600.0,CE,NIFTY2532022600CE,0.0,0.0,0.0,805.3,0.0,805.3,22945.3,628.75,0,0,0,0.0,0,F1,75,,,,,
2025-02-18,2025-02-18,FO,NSE,IDO,50183,,NIFTY,,2025-03-20,2025-03-20,22450.0,CE,NIFTY2532022450CE,0.0,0.0,0.0,912.3,0.0,912.3,22945.3,737.1,0,0,0,0.0,0,F1,75,,,,,
2025-02-18,2025-02-18,FO,NSE,IDO,63817,,NIFTY,,2025-02-20,2025-02-20,25150.0,CE,NIFTY2522025150CE,0.65,0.8,0.35,0.45,0.4,0.65,22945.3,0.45,117600,4200,9097,17159628603.75,2003,F1,75,,,,,
2025-02-18,2025-02-18,FO,NSE,IDO,63991,,NIFTY,,2025-02-20,2025-02-20,25350.0,CE,NIFTY2522025350CE,0.65,0.8,0.35,0.45,0.35,0.65,22945.3,0.45,297375,-175500,14802,28143024510.0,2244,F1,75,,,,,
2025-02-18,2025-02-18,FO,NSE,IDO,53979,,NIFTY,,2025-03-27,2025-03-27,23800.0,PE,NIFTY25MAR23800PE,850.0,928.0,800.0,815.55,839.5,786.2,22945.3,815.55,53925,450,114,210825888.75,82,F1,75,,,,,
2025-02-18,2025-02-18,FO,NSE,IDO,56882,,NIFTY,,2025-03-27,2025-03-27,25450.0,CE,NIFTY25MAR25450CE,13.3,13.35,11.55,11.8,11.7,15.7,22945.3,11.8,4050,450,36,68748240.0,14,F1,75,,,,,
2025-02-18,2025-02-18,FO,NSE,IDO,79237,,NIFTY,,2025-04-24,2025-04-24,21200.0,CE,NIFTY25APR21200CE,0.0,0.0,0.0,2463.8,0.0,2463.8,22945.3,2017.55,0,0,0,0.0,0,F1,75,,,,,
2025-02-18,2025-02-18,FO,NSE,IDO,79424,,NIFTY,,2025-04-24,2025-04-24,22950.0,CE,NIFTY25APR22950CE,660.0,723.0,660.0,713.4,711.0,1099.7,22945.3,713.4,375,375,7,12418275.0,4,F1,75,,,,,
2025-02-18,2025-02-18,FO,NSE,IDO,71554,,NIFTY,,2027-06-24,2027-06-24,21000.0,PE,NIFTY27JUN21000PE,0.0,0.0,0.0,500.0,500.0,500.0,22945.3,244.1,200,0,0,0.0,0,F1,75,,,,,
2025-02-18,2025-02-18,FO,NSE,IDO,50462,,NIFTY,,2026-06-25,2026-06-25,16000.0,PE,NIFTY26JUN16000PE,0.0,0.0,0.0,48.95,48.95,48.95,22945.3,1.6,1225,0,0,0.0,0,F1,75,,,,,
2025-02-18,2025-02-18,FO,NSE,IDO,50444,,NIFTY,,2026-06-25,2026-06-25,14000.0,PE,NIFTY26JUN14000PE,0.0,0.0,0.0,20.05,20.05,20.05,22945.3,0.05,1075,0,0,0.0,0,F1,75,,,,,
2025-02-18,2025-02-18,FO,NSE,IDO,64687,,NIFTY,,2025-09-25,2025-09-25,21000.0,PE,NIFTY25SEP21000PE,0.0,0.0,0.0,51.55,0.0,51.55,22945.3,117.05,0,0,0,0.0,0,F1,75,,,,,
2025-02-18,2025-02-18,FO,NSE,IDO,51450,,NIFTY,,2025-06-26,2025-06-26,21000.0,PE,NIFTY25JUN21000PE,129.0,155.0,127.15,136.6,135.4,128.25,22945.3,136.6,290700,16500,1550,2457648168.75,1035,F1,75,,,,,
2025-02-18,2025-02-18,FO,NSE,IDO,79749,,NIFTY,,2025-04-24,2025-04-24,25450.0,PE,NIFTY25APR25450PE,0.0,0.0,0.0,1947.95,0.0,1947.95,22945.3,2241.1,0,0,0,0.0,0,F1,75,,,,,
2025-02-18,2025-02-18,FO,NSE,IDO,79631,,NIFTY,,2025-04-24,2025-04-24,24250.0,PE,NIFTY25APR24250PE,1150.0,1150.0,1150.0,1150.0,1150.0,1064.3,22945.3,1191.85,0,-75,1,1905000.0,1,F1,75,,,,,
2025-02-18,2025-02-18,FO,NSE,IDO,79554,,NIFTY,,2025-04-24,2025-04-24,24100.0,PE,NIFTY25APR24100PE,0.0,0.0,0.0,1037.5,1037.5,1037.5,22945.3,1077.25,375,0,0,0.0,0,F1,75,,,,,
2025-02-18,2025-02-18,FO,NSE,IDO,79487,,NIFTY,,2025-04-24,2025-04-24,23350.0,PE,NIFTY25APR23350PE,0.0,0.0,0.0,578.8,0.0,578.8,22945.3,588.85,0,0,0,0.0,0,F1,75,,,,,
2025-02-18,2025-02-18,FO,NSE,IDO,79416,,NIFTY,,2025-04-24,2025-04-24,22850.0,PE,NIFTY25APR22850PE,392.6,392.6,388.75,388.75,388.75,383.5,22945.3,388.75,150,150,3,5229296.25,3,F1,75,,,,,
2025-02-18,2025-02-18,FO,NSE,IDO,63084,,NIFTY,,2025-02-20,2025-02-20,21150.0,CE,NIFTY2522021150CE,0.0,0.0,0.0,2317.0,0.0,2317.0,22945.3,1802.85,0,0,0,0.0,0,F1,75,,,,,
2025-02-18,2025-02-18,FO,NSE,IDO,63271,,NIFTY,,2025-02-20,2025-02-20,21800.0,CE,NIFTY2522021800CE,1163.35,1168.9,1163.35,1168.9,1168.9,1193.15,22945.3,1153.05,2400,0,4,6889421.25,2,F1,75,,,,,
2025-02-18,2025-02-18,FO,NSE,IDO,63301,,NIFTY,,2025-02-20,2025-02-20,22150.0,CE,NIFTY2522022150CE,759.9,830.4,695.7,816.05,801.7,841.05,22945.3,816.05,3300,2550,55,94475148.75,40,F1,75,,,,,
2025-02-18,2025-02-18,FO,NSE,IDO,63433,,NIFTY,,2025-02-20,2025-02-20,22650.0,CE,NIFTY2522022650CE,366.95,375.35,235.45,323.95,306.1,386.45,22945.3,323.95,76275,18750,32231,55454873066.25,22758,F1,75,,,,,
2025-02-18,2025-02-18,FO,NSE,IDO,63710,,NIFTY,,2025-02-20,2025-02-20,24400.0,CE,NIFTY2522024400CE,0.8,1.0,0.5,0.55,0.5,0.8,22945.3,0.55,721125,-176700,65698,120231050242.5,12894,F1,75,,,,,
2025-02-18,2025-02-18,FO,NSE,IDO,63999,,NIFTY,,2025-02-20,2025-02-20,25400.0,CE,NIFTY2522025400CE,0.75,0.8,0.35,0.45,0.35,0.7,22945.3,0.45,889350,-541650,45190,86088930705.0,13811,F1,75,,,,,
2025-02-18,2025-02-18,FO,NSE,IDO,55595,,NIFTY,,2025-02-27,2025-02-27,21900.0,CE,NIFTY25FEB21900CE,1056.95,1108.0,972.0,1108.0,1108.0,1102.05,22945.3,1082.1,2325,525,14,24118946.25,14,F1,75,,,,,
2025-02-18,2025-02-18,FO,NSE,IDO,55605,,NIFTY,,2025-02-27,2025-02-27,22150.0,CE,NIFTY25FEB22150CE,832.0,832.0,750.0,766.25,766.25,864.85,22945.3,838.3,975,975,15,25798931.25,6,F1,75,,,,,
2025-02-18,2025-02-18,FO,NSE,IDO,55611,,NIFTY,,2025-02-27,2025-02-27,22300.0,CE,NIFTY25FEB22300CE,723.2,732.75,603.85,707.1,686.65,765.05,22945.3,707.1,26400,600,350,603051900.0,228,F1,75,,,,,
2025-02-18,2025-02-18,FO,NSE,IDO,56739,,NIFTY,,2025-02-27,2025-02-27,23500.0,CE,NIFTY25FEB23500CE,57.45,60.0,32.0,39.15,36.2,58.75,22945.3,39.15,6359775,-433575,169564,299376325500.0,80036,F1,75,,,,,
2025-02-18,2025-02-18,FO,NSE,IDO,57631,,NIFTY,,2025-02-27,2025-02-27,24750.0,CE,NIFTY25FEB24750CE,2.55,2.6,1.95,2.05,2.0,2.55,22945.3,2.05,177450,6000,1347,2500596783.75,497,F1,75,,,,,
2025-02-18,2025-02-18,FO,NSE,IDO,57645,,NIFTY,,2025-02-27,2025-02-27,25050.0,CE,NIFTY25FEB25050CE,2.3,2.3,1.8,1.9,1.8,2.15,22945.3,1.9,43650,1650,127,238620382.5,85,F1,75,,,,,
2025-02-18,2025-02-18,FO,NSE,IDO,57667,,NIFTY,,2025-02-27,2025-02-27,25600.0,CE,NIFTY25FEB25600CE,1.7,1.9,1.5,1.6,1.65,1.8,22945.3,1.6,138300,14025,800,1536104673.75,343,F1,75,,,,,
2025-02-18,2025-02-18,FO,NSE,IDO,57681,,NIFTY,,2025-02-27,2025-02-27,25950.0,CE,NIFTY25FEB25950CE,1.7,1.75,1.6,1.65,1.65,1.7,22945.3,1.65,12750,1425,63,122621606.25,30,F1,75,,,,,
2025-02-18,2025-02-18,FO,NSE,IDO,68411,,NIFTY,,2025-03-06,2025-03-06,21850.0,CE,NIFTY2530621850CE,0.0,0.0,0.0,1251.75,1251.55,1251.75,22945.3,1165.35,450,0,0,0.0,0,F1,75,,,,,
2025-02-18,2025-02-18,FO,NSE,IDO,68428,,NIFTY,,2025-03-06,2025-03-06,22250.0,CE,NIFTY2530622250CE,0.0,0.0,0.0,866.85,866.85,866.85,22945.3,794.0,75,0,0,0.0,0,F1,75,,,,,
2025-02-18,2025-02-18,FO,NSE,IDO,68460,,NIFTY,,2025-03-06,2025-03-06,22850.0,CE,NIFTY2530622850CE,411.0,413.05,323.7,382.85,370.9,427.5,22945.3,382.85,11400,1275,540,940021983.75,385,F1,75,,,,,
2025-02-18,2025-02-18,FO,NSE,IDO,68614,,NIFTY,,2025-03-06,2025-03-06,24400.0,CE,NIFTY2530624400CE,12.15,12.15,7.6,8.35,8.35,12.15,22945.3,8.35,24600,4275,883,1616506185.0,490,F1,75,,,,,
2025-02-18,2025-02-18,FO,NSE,IDO,45398,,NIFTY,,2025-03-13,2025-03-13,21200.0,CE,NIFTY2531321200CE,0.0,0.0,0.0,2555.15,0.0,2555.15,22945.3,1833.55,0,0,0,0.0,0,F1,75,,,,,
2025-02-18,2025-02-18,FO,NSE,IDO,45470,,NIFTY,,2025-03-13,2025-03-13,22550.0,CE,NIFTY2531322550CE,0.0,0.0,0.0,1297.6,0.0,1297.6,22945.3,607.9,0,0,0,0.0,0,F1,75,,,,,
2025-02-18,2025-02-18,FO,NSE,IDO,45519,,NIFTY,,2025-03-13,2025-03-13,23300.0,CE,NIFTY2531323300CE,245.0,249.9,196.9,221.85,219.1,258.0,22945.3,221.85,6150,225,50,88204023.75,36,F1,75,,,,,
2025-02-18,2025-02-18,FO,NSE,IDO,45617,,NIFTY,,2025-03-13,2025-03-13,24750.0,CE,NIFTY2531324750CE,0.0,0.0,0.0,143.4,0.0,143.4,22945.3,4.7,0,0,0,0.0,0,F1,75,,,,,
2025-02-18,2025-02-18,FO,NSE,IDO,45648,,NIFTY,,2025-03-13,2025-03-13,25200.0,CE,NIFTY2531325200CE,7.0,7.0,5.45,5.45,5.45,7.55,22945.3,0.95,225,75,10,18904725.0,6,F1,75,,,,,
2025-02-18,2025-02-18,FO,NSE,IDO,50160,,NIFTY,,2025-03-20,2025-03-20,22200.0,CE,NIFTY2532022200CE,0.0,0.0,0.0,1102.5,0.0,1102.5,22945.3,935.4,0,0,0,0.0,0,F1,75,,,,,
2025-02-18,2025-02-18,FO,NSE,IDO,50186,,NIFTY,,2025-03-20,2025-03-20,22500.0,CE,NIFTY2532022500CE,0.0,0.0,0.0,875.25,0.0,875.25,22945.3,700.05,0,0,0,0.0,0,F1,75,,,,,
2025-02-18,2025-02-18,FO,NSE,IDO,50235,,NIFTY,,2025-03-20,2025-03-20,23300.0,CE,NIFTY2532023300CE,0.0,0.0,0.0,407.4,0.0,407.4,22945.3,249.35,0,0,0,0.0,0,F1,75,,,,,
2025-02-18,2025-02-18,FO,NSE,IDO,50272,,NIFTY,,2025-03-20,2025-03-20,23950.0,CE,NIFTY2532023950CE,0.0,0.0,0.0,183.85,0.0,183.85,22945.3,77.8,0,0,0,0.0,0,F1,75,,,,,
2025-02-18,2025-02-18,FO,NSE,IDO,50311,,NIFTY,,2025-03-20,2025-03-20,24700.0,CE,NIFTY2532024700CE,0.0,0.0,0.0,58.6,0.0,58.6,22945.3,13.55,0,0,0,0.0,0,F1,75,,,,,
2025-02-18,2025-02-18,FO,NSE,IDO,64554,,NIFTY,,2025-03-27,2025-03-27,19000.0,CE,NIFTY25MAR19000CE,4001.35,4100.0,3943.25,4065.65,4065.65,4096.55,22945.3,4070.1,49075,600,11,18978296.25,11,F1,75,,,,,
2025-02-18,2025-02-18,FO,NSE,IDO,46829,,NIFTY,,2025-03-27,2025-03-27,21100.0,CE,NIFTY25MAR21100CE,2030.0,2030.0,2000.0,2015.0,2000.0,2050.0,22945.3,2015.0,300,150,2,3467250.0,2,F1,75,,,,,
2025-02-18,2025-02-18,FO,NSE,IDO,46991,,NIFTY,,2025-03-27,2025-03-27,22400.0,CE,NIFTY25MAR22400CE,901.0,907.5,801.5,894.7,878.5,930.0,22945.3,894.7,4425,-75,31,54060345.0,25,F1,75,,,,,
2025-02-18,2025-02-18,FO,NSE,IDO,47038,,NIFTY,,2025-03-27,2025-03-27,22700.0,CE,NIFTY25MAR22700CE,699.55,700.0,605.0,666.55,657.95,718.85,22945.3,666.55,63075,8700,734,1285473378.75,583,F1,75,,,,,
2025-02-18,2025-02-18,FO,NSE,IDO,51118,,NIFTY,,2025-03-27,2025-03-27,23300.0,CE,NIFTY25MAR23300CE,363.4,363.4,289.05,329.1,313.3,363.4,22945.3,329.1,173250,29700,2241,3969807127.5,1622,F1,75,,,,,
2025-02-18,2025-02-18,FO,NSE,IDO,51124,,NIFTY,,2025-03-27,2025-03-27,23450.0,CE,NIFTY25MAR23450CE,282.0,284.35,235.05,260.9,254.9,296.0,22945.3,260.9,42300,5550,246,437408508.75,193,F1,75,,,,,
2025-02-18,2025-02-18,FO,NSE,IDO,54721,,NIFTY,,2025-03-27,2025-03-27,23900.0,CE,NIFTY25MAR23900CE,135.6,137.2,107.8,119.5,117.05,140.4,22945.3,119.5,228300,-24000,5033,9066629325.0,3241,F1,75,,,,,
2025-02-18,2025-02-18,FO,NSE,IDO,54723,,NIFTY,,2025-03-27,2025-03-27,23950.0,CE,NIFTY25MAR23950CE,119.0,122.25,99.7,109.1,106.5,129.3,22945.3,109.1,36975,-51300,1793,3235143423.75,909,F1,75,,,,,
2025-02-18,2025-02-18,FO,NSE,IDO,54725,,NIFTY,,2025-03-27,2025-03-27,24050.0,CE,NIFTY25MAR24050CE,100.1,100.75,82.0,89.0,88.1,106.95,22945.3,89.0,21075,1950,375,678904402.5,192,F1,75,,,,,
2025-02-18,2025-02-18,FO,NSE,IDO,55060,,NIFTY,,2025-03-27,2025-03-27,24200.0,CE,NIFTY25MAR24200CE,79.35,79.35,60.6,65.85,63.7,79.3,22945.3,65.85,240900,9975,4310,7844272215.0,2673,F1,75,,,,,
2025-02-18,2025-02-18,FO,NSE,IDO,50548,,NIFTY,,2026-12-31,2026-12-31,28000.0,PE,NIFTY26DEC28000PE,0.0,0.0,0.0,6224.8,0.0,6224.8,22945.3,2820.5,0,0,0,0.0,0,F1,75,,,,,
2025-02-18,2025-02-18,FO,NSE,IDO,55197,,NIFTY,,2025-03-27,2025-03-27,24300.0,CE,NIFTY25MAR24300CE,63.05,64.35,50.0,54.1,51.6,65.7,22945.3,54.1,203550,-4575,2451,4477257472.5,1219,F1,75,,,,,
2025-02-18,2025-02-18,FO,NSE,IDO,55341,,NIFTY,,2025-03-27,2025-03-27,24450.0,CE,NIFTY25MAR24450CE,46.3,48.65,37.9,40.65,40.0,48.7,22945.3,40.65,22800,6525,448,822898695.0,182,F1,75,,,,,
2025-02-18,2025-02-18,FO,NSE,IDO,56872,,NIFTY,,2025-03-27,2025-03-27,25200.0,CE,NIFTY25MAR25200CE,16.3,16.3,13.1,13.35,13.1,16.3,22945.3,13.35,135450,-3900,288,544632581.25,144,F1,75,,,,,
2025-02-18,2025-02-18,FO,NSE,IDO,79260,,NIFTY,,2025-04-24,2025-04-24,21600.0,CE,NIFTY25APR21600CE,0.0,0.0,0.0,2112.4,0.0,2112.4,22945.3,1653.75,0,0,0,0.0,0,F1,75,,,,,
2025-02-18,2025-02-18,FO,NSE,IDO,79519,,NIFTY,,2025-04-24,2025-04-24,23950.0,CE,NIFTY25APR23950CE,0.0,0.0,0.0,581.6,0.0,581.6,22945.3,238.75,0,0,0,0.0,0,F1,75,,,,,
2025-02-18,2025-02-18,FO,NSE,IDO,79529,,NIFTY,,2025-04-24,2025-04-24,24000.0,CE,NIFTY25APR24000CE,254.95,254.95,213.35,228.15,225.95,253.6,22945.3,228.15,216525,38475,1958,3557610858.75,1282,F1,75,,,,,
2025-02-18,2025-02-18,FO,NSE,IDO,79634,,NIFTY,,2025-04-24,2025-04-24,24350.0,CE,NIFTY25APR24350CE,142.45,142.5,134.25,134.25,134.25,149.95,22945.3,146.4,1800,150,11,20202588.75,3,F1,75,,,,,
2025-02-18,2025-02-18,FO,NSE,IDO,79636,,NIFTY,,2025-04-24,2025-04-24,24400.0,CE,NIFTY25APR24400CE,148.75,148.75,121.65,125.5,125.5,141.7,22945.3,125.5,43200,-2250,41,75431703.75,15,F1,75,,,,,
2025-02-18,2025-02-18,FO,NSE,IDO,79642,,NIFTY,,2025-04-24,2025-04-24,24550.0,CE,NIFTY25APR24550CE,0.0,0.0,0.0,370.5,0.0,370.5,22945.3,112.45,0,0,0,0.0,0,F1,75,,,,,
2025-02-18,2025-02-18,FO,NSE,IDO,79670,,NIFTY,,2025-04-24,2025-04-24,24700.0,CE,NIFTY25APR24700CE,88.4,88.4,76.65,80.9,80.9,91.4,22945.3,80.9,16275,-225,91,169133846.25,32,F1,75,,,,,
2025-02-18,2025-02-18,FO,NSE,IDO,55119,,NIFTY,,2025-06-26,2025-06-26,18000.0,CE,NIFTY25JUN18000CE,0.0,0.0,0.0,5700.0,5700.0,5700.0,22945.3,5351.1,2350,0,0,0.0,0,F1,75,,,,,
2025-02-18,2025-02-18,FO,NSE,IDO,64680,,NIFTY,,2025-09-25,2025-09-25,18000.0,CE,NIFTY25SEP18000CE,0.0,0.0,0.0,9482.9,0.0,9482.9,22945.3,5635.85,0,0,0,0.0,0,F1,75,,,,,
2025-02-18,2025-02-18,FO,NSE,IDO,64692,,NIFTY,,2025-09-25,2025-09-25,24000.0,CE,NIFTY25SEP24000CE,905.45,994.35,876.35,923.35,925.0,947.0,22945.3,923.35,25275,-1200,81,151352373.75,75,F1,75,,,,,
2025-02-18,2025-02-18,FO,NSE,IDO,64702,,NIFTY,,2025-09-25,2025-09-25,29000.0,CE,NIFTY25SEP29000CE,0.0,0.0,0.0,1377.55,0.0,1377.55,22945.3,30.15,0,0,0,0.0,0,F1,75,,,,,
2025-02-18,2025-02-18,FO,NSE,IDO,71399,,NIFTY,,2025-12-24,2025-12-24,26000.0,CE,NIFTY25DEC26000CE,491.05,500.0,470.05,491.75,487.55,509.05,22945.3,491.75,196575,-1875,405,804543828.75,377,F1,75,,,,,
2025-02-18,2025-02-18,FO,NSE,IDO,50543,,NIFTY,,2025-12-24,2025-12-24,28000.0,CE,NIFTY25DEC28000CE,186.65,188.0,177.0,180.0,179.0,186.95,22945.3,180.0,301800,-2550,172,363544248.75,146,F1,75,,,,,
2025-02-18,2025-02-18,FO,NSE,IDO,58640,,NIFTY,,2026-12-31,2026-12-31,18000.0,CE,NIFTY26DEC18000CE,0.0,0.0,0.0,4501.45,0.0,4501.45,22945.3,7031.2,0,0,0,0.0,0,F1,75,,,,,
2025-02-18,2025-02-18,FO,NSE,IDO,50547,,NIFTY,,2026-12-31,2026-12-31,28000.0,CE,NIFTY26DEC28000CE,0.0,0.0,0.0,1871.1,0.0,1871.1,22945.3,963.65,0,0,0,0.0,0,F1,75,,,,,
2025-02-18,2025-02-18,FO,NSE,IDO,38160,,NIFTY,,2027-06-24,2027-06-24,29000.0,CE,NIFTY27JUN29000CE,0.0,0.0,0.0,1545.2,0.0,1545.2,22945.3,1126.6,0,0,0,0.0,0,F1,75,,,,,
2025-02-18,2025-02-18,FO,NSE,IDO,53618,,NIFTY,,2027-12-30,2027-12-30,23000.0,CE,NIFTY27DEC23000CE,0.0,0.0,0.0,4125.7,0.0,4125.7,22945.3,4406.2,0,0,0,0.0,0,F1,75,,,,,
2025-02-18,2025-02-18,FO,NSE,IDO,53626,,NIFTY,,2027-12-30,2027-12-30,25000.0,CE,NIFTY27DEC25000CE,0.0,0.0,0.0,3458.35,0.0,3458.35,22945.3,3252.8,0,0,0,0.0,0,F1,75,,,,,
2025-02-18,2025-02-18,FO,NSE,IDO,38164,,NIFTY,,2027-12-30,2027-12-30,29000.0,CE,NIFTY27DEC29000CE,0.0,0.0,0.0,1932.55,0.0,1932.55,22945.3,1600.0,0,0,0,0.0,0,F1,75,,,,,
2025-02-18,2025-02-18,FO,NSE,IDO,67772,,NIFTY,,2028-12-28,2028-12-28,19000.0,CE,NIFTY28DEC19000CE,0.0,0.0,0.0,8739.0,0.0,8739.0,22945.3,8255.5,0,0,0,0.0,0,F1,75,,,,,
2025-02-18,2025-02-18,FO,NSE,IDO,67780,,NIFTY,,2028-12-28,2028-12-28,23000.0,CE,NIFTY28DEC23000CE,0.0,0.0,0.0,6377.6,0.0,6377.6,22945.3,5537.85,0,0,0,0.0,0,F1,75,,,,,
2025-02-18,2025-02-18,FO,NSE,IDO,67788,,NIFTY,,2028-12-28,2028-12-28,27000.0,CE,NIFTY28DEC27000CE,0.0,0.0,0.0,4437.95,0.0,4437.95,22945.3,3392.8,0,0,0,0.0,0,F1,75,,,,,
2025-02-18,2025-02-18,FO,NSE,IDO,67790,,NIFTY,,2028-12-28,2028-12-28,28000.0,CE,NIFTY28DEC28000CE,0.0,0.0,0.0,4027.15,0.0,4027.15,22945.3,2962.1,0,0,0,0.0,0,F1,75,,,,,
2025-02-18,2025-02-18,FO,NSE,IDO,67792,,NIFTY,,2028-12-28,2028-12-28,29000.0,CE,NIFTY28DEC29000CE,0.0,0.0,0.0,3645.75,0.0,3645.75,22945.3,2573.5,0,0,0,0.0,0,F1,75,,,,,
2025-02-18,2025-02-18,FO,NSE,IDO,89624,,NIFTY,,2029-06-28,2029-06-28,21000.0,CE,NIFTY29JUN21000CE,0.0,0.0,0.0,9799.75,0.0,9799.75,22945.3,7351.15,0,0,0,0.0,0,F1,75,,,,,
2025-02-18,2025-02-18,FO,NSE,IDO,89630,,NIFTY,,2029-06-28,2029-06-28,24000.0,CE,NIFTY29JUN24000CE,0.0,0.0,0.0,8085.35,0.0,8085.35,22945.3,5484.15,0,0,0,0.0,0,F1,75,,,,,
2025-02-18,2025-02-18,FO,NSE,IDO,61410,,NIFTY,,2029-12-27,2029-12-27,20000.0,CE,NIFTY29DEC20000CE,0.0,0.0,0.0,10081.1,0.0,10081.1,22945.3,8504.2,0,0,0,0.0,0,F1,75,,,,,
2025-02-18,2025-02-18,FO,NSE,IDO,63302,,NIFTY,,2025-02-20,2025-02-20,22150.0,PE,NIFTY2522022150PE,5.55,7.95,2.05,2.25,2.1,6.1,22945.3,2.25,1885800,196425,340461,565708778141.25,90928,F1,75,,,,,
2025-02-18,2025-02-18,FO,NSE,IDO,63358,,NIFTY,,2025-02-20,2025-02-20,22350.0,PE,NIFTY2522022350PE,10.95,19.15,4.4,4.85,5.3,13.25,22945.3,4.85,1894200,411975,505134,847159846743.75,186022,F1,75,,,,,
2025-02-18,2025-02-18,FO,NSE,IDO,63362,,NIFTY,,2025-02-20,2025-02-20,22450.0,PE,NIFTY2522022450PE,18.0,31.65,7.3,8.4,9.1,20.2,22945.3,8.4,3225675,1945650,706859,1191110877708.75,243716,F1,75,,,,,
2025-02-18,2025-02-18,FO,NSE,IDO,63437,,NIFTY,,2025-02-20,2025-02-20,22700.0,PE,NIFTY2522022700PE,49.3,93.5,29.8,35.75,39.9,54.9,22945.3,35.75,6051750,2339400,1542604,2633235334976.25,769311,F1,75,,,,,
2025-02-18,2025-02-18,FO,NSE,IDO,55592,,NIFTY,,2025-02-27,2025-02-27,21800.0,PE,NIFTY25FEB21800PE,10.6,15.55,7.35,7.85,7.85,10.65,22945.3,7.85,974700,163125,25983,42502619846.25,14569,F1,75,,,,,
2025-02-18,2025-02-18,FO,NSE,IDO,55594,,NIFTY,,2025-02-27,2025-02-27,21850.0,PE,NIFTY25FEB21850PE,15.0,17.9,8.55,9.3,9.6,11.9,22945.3,9.3,124875,975,5838,9572461027.5,3963,F1,75,,,,,
2025-02-18,2025-02-18,FO,NSE,IDO,55632,,NIFTY,,2025-02-27,2025-02-27,22800.0,PE,NIFTY25FEB22800PE,130.25,213.8,130.0,143.25,149.95,140.9,22945.3,143.25,2370750,39150,103584,178454184262.5,60116,F1,75,,,,,
2025-02-18,2025-02-18,FO,NSE,IDO,55650,,NIFTY,,2025-02-27,2025-02-27,23250.0,PE,NIFTY25FEB23250PE,397.05,481.65,350.1,377.05,390.0,353.3,22945.3,377.05,127050,-9750,1035,1836397275.0,686,F1,75,,,,,
2025-02-18,2025-02-18,FO,NSE,IDO,57596,,NIFTY,,2025-02-27,2025-02-27,23850.0,PE,NIFTY25FEB23850PE,945.0,998.35,865.9,865.9,865.9,832.0,22945.3,874.15,157125,-75,18,33479643.75,17,F1,75,,,,,
2025-02-18,2025-02-18,FO,NSE,IDO,57604,,NIFTY,,2025-02-27,2025-02-27,24050.0,PE,NIFTY25FEB24050PE,1052.75,1099.0,1052.75,1099.0,1099.0,1059.35,22945.3,1099.0,21300,225,11,20741085.0,3,F1,75,,,,,
2025-02-18,2025-02-18,FO,NSE,IDO,57628,,NIFTY,,2025-02-27,2025-02-27,24650.0,PE,NIFTY25FEB24650PE,0.0,0.0,0.0,1652.8,1652.8,1652.8,22945.3,1665.3,4200,0,0,0.0,0,F1,75,,,,,
2025-02-18,2025-02-18,FO,NSE,IDO,57646,,NIFTY,,2025-02-27,2025-02-27,25050.0,PE,NIFTY25FEB25050PE,0.0,0.0,0.0,2051.2,2051.2,2051.2,22945.3,2064.6,75,0,0,0.0,0,F1,75,,,,,
2025-02-18,2025-02-18,FO,NSE,IDO,57711,,NIFTY,,2025-02-27,2025-02-27,26450.0,PE,NIFTY25FEB26450PE,3480.6,3510.2,3480.6,3510.2,3510.2,3424.65,22945.3,3510.2,150,75,2,4491810.0,2,F1,75,,,,,
2025-02-18,2025-02-18,FO,NSE,IDO,68400,,NIFTY,,2025-03-06,2025-03-06,21600.0,PE,NIFTY2530621600PE,18.4,24.15,15.05,16.6,16.9,17.4,22945.3,16.6,36450,-24675,1816,2944365112.5,748,F1,75,,,,,
2025-02-18,2025-02-18,FO,NSE,IDO,68595,,NIFTY,,2025-03-06,2025-03-06,24000.0,PE,NIFTY2530624000PE,1051.0,1070.0,965.35,973.75,1008.4,952.0,22945.3,973.75,3750,1800,26,48747045.0,17,F1,75,,,,,
2025-02-18,2025-02-18,FO,NSE,IDO,68615,,NIFTY,,2025-03-06,2025-03-06,24400.0,PE,NIFTY2530624400PE,0.0,0.0,0.0,1333.75,1334.75,1333.75,22945.3,1389.65,600,0,0,0.0,0,F1,75,,,,,
2025-02-18,2025-02-18,FO,NSE,IDO,68628,,NIFTY,,2025-03-06,2025-03-06,24650.0,PE,NIFTY2530624650PE,0.0,0.0,0.0,1566.35,1566.35,1566.35,22945.3,1636.1,300,0,0,0.0,0,F1,75,,,,,
2025-02-18,2025-02-18,FO,NSE,IDO,45429,,NIFTY,,2025-03-13,2025-03-13,21750.0,PE,NIFTY2531321750PE,0.0,0.0,0.0,17.45,0.0,17.45,22945.3,13.15,0,0,0,0.0,0,F1,75,,,,,
2025-02-18,2025-02-18,FO,NSE,IDO,45434,,NIFTY,,2025-03-13,2025-03-13,21850.0,PE,NIFTY2531321850PE,0.0,0.0,0.0,20.0,20.0,20.0,22945.3,18.3,75,0,0,0.0,0,F1,75,,,,,
2025-02-18,2025-02-18,FO,NSE,IDO,45471,,NIFTY,,2025-03-13,2025-03-13,22550.0,PE,NIFTY2531322550PE,178.75,178.75,169.65,169.65,169.65,172.9,22945.3,169.65,75,75,2,3408630.0,2,F1,75,,,,,
2025-02-18,2025-02-18,FO,NSE,IDO,45491,,NIFTY,,2025-03-13,2025-03-13,23050.0,PE,NIFTY2531323050PE,358.95,360.0,348.5,360.0,360.0,268.7,22945.3,312.6,1350,75,4,7021740.0,4,F1,75,,,,,
2025-02-18,2025-02-18,FO,NSE,IDO,45509,,NIFTY,,2025-03-13,2025-03-13,23150.0,PE,NIFTY2531323150PE,413.1,445.2,402.5,402.5,402.5,414.2,22945.3,366.15,1275,-75,3,5303310.0,3,F1,75,,,,,
2025-02-18,2025-02-18,FO,NSE,IDO,45533,,NIFTY,,2025-03-13,2025-03-13,23550.0,PE,NIFTY2531323550PE,0.0,0.0,0.0,369.05,0.0,369.05,22945.3,628.85,0,0,0,0.0,0,F1,75,,,,,
2025-02-18,2025-02-18,FO,NSE,IDO,45543,,NIFTY,,2025-03-13,2025-03-13,23800.0,PE,NIFTY2531323800PE,0.0,0.0,0.0,373.15,373.15,373.15,22945.3,826.8,75,0,0,0.0,0,F1,75,,,,,
2025-02-18,2025-02-18,FO,NSE,IDO,45559,,NIFTY,,2025-03-13,2025-03-13,24150.0,PE,NIFTY2531324150PE,0.0,0.0,0.0,688.65,0.0,688.65,22945.3,1134.75,0,0,0,0.0,0,F1,75,,,,,
2025-02-18,2025-02-18,FO,NSE,IDO,45645,,NIFTY,,2025-03-13,2025-03-13,25100.0,PE,NIFTY2531325100PE,0.0,0.0,0.0,1407.7,0.0,1407.7,22945.3,2053.5,0,0,0,0.0,0,F1,75,,,,,
2025-02-18,2025-02-18,FO,NSE,IDO,50132,,NIFTY,,2025-03-20,2025-03-20,21650.0,PE,NIFTY2532021650PE,0.0,0.0,0.0,43.0,0.0,43.0,22945.3,17.35,0,0,0,0.0,0,F1,75,,,,,
2025-02-18,2025-02-18,FO,NSE,IDO,50159,,NIFTY,,2025-03-20,2025-03-20,22150.0,PE,NIFTY2532022150PE,0.0,0.0,0.0,109.05,0.0,109.05,22945.3,64.05,0,0,0,0.0,0,F1,75,,,,,
2025-02-18,2025-02-18,FO,NSE,IDO,50178,,NIFTY,,2025-03-20,2025-03-20,22300.0,PE,NIFTY2532022300PE,0.0,0.0,0.0,139.45,0.0,139.45,22945.3,89.5,0,0,0,0.0,0,F1,75,,,,,
2025-02-18,2025-02-18,FO,NSE,IDO,50238,,NIFTY,,2025-03-20,2025-03-20,23350.0,PE,NIFTY2532023350PE,0.0,0.0,0.0,543.55,0.0,543.55,22945.3,510.75,0,0,0,0.0,0,F1,75,,,,,
2025-02-18,2025-02-18,FO,NSE,IDO,50242,,NIFTY,,2025-03-20,2025-03-20,23450.0,PE,NIFTY2532023450PE,0.0,0.0,0.0,601.25,0.0,601.25,22945.3,575.65,0,0,0,0.0,0,F1,75,,,,,
2025-02-18,2025-02-18,FO,NSE,IDO,50256,,NIFTY,,2025-03-20,2025-03-20,23700.0,PE,NIFTY2532023700PE,0.0,0.0,0.0,759.7,0.0,759.7,22945.3,754.8,0,0,0,0.0,0,F1,75,,,,,
2025-02-18,2025-02-18,FO,NSE,IDO,50263,,NIFTY,,2025-03-20,2025-03-20,23850.0,PE,NIFTY2532023850PE,0.0,0.0,0.0,863.9,0.0,863.9,22945.3,872.6,0,0,0,0.0,0,F1,75,,,,,
2025-02-18,2025-02-18,FO,NSE,IDO,50278,,NIFTY,,2025-03-20,2025-03-20,24050.0,PE,NIFTY2532024050PE,0.0,0.0,0.0,1012.8,0.0,1012.8,22945.3,1039.75,0,0,0,0.0,0,F1,75,,,,,
2025-02-18,2025-02-18,FO,NSE,IDO,46992,,NIFTY,,2025-03-27,2025-03-27,22400.0,PE,NIFTY25MAR22400PE,175.15,220.5,173.5,185.0,186.0,175.15,22945.3,185.0,270825,8250,2184,3701544277.5,1371,F1,75,,,,,
2025-02-18,2025-02-18,FO,NSE,IDO,48346,,NIFTY,,2025-03-27,2025-03-27,23050.0,PE,NIFTY25MAR23050PE,385.05,462.35,384.0,401.55,404.85,377.2,22945.3,401.55,33750,0,174,306381870.0,130,F1,75,,,,,
2025-02-18,2025-02-18,FO,NSE,IDO,64583,,NIFTY,,2025-03-27,2025-03-27,29000.0,PE,NIFTY25MAR29000PE,5792.25,5917.8,5792.25,5828.35,5828.35,5756.75,22945.3,5828.35,407400,-150,116,303235890.0,116,F1,75,,,,,
2025-02-18,2025-02-18,FO,NSE,IDO,79259,,NIFTY,,2025-04-24,2025-04-24,21550.0,PE,NIFTY25APR21550PE,0.0,0.0,0.0,97.3,0.0,97.3,22945.3,54.8,0,0,0,0.0,0,F1,75,,,,,
2025-02-18,2025-02-18,FO,NSE,IDO,79383,,NIFTY,,2025-04-24,2025-04-24,22300.0,PE,NIFTY25APR22300PE,233.65,233.65,225.0,225.0,225.0,233.65,22945.3,225.0,49275,150,4,6758748.75,4,F1,75,,,,,
2025-02-18,2025-02-18,FO,NSE,IDO,79395,,NIFTY,,2025-04-24,2025-04-24,22550.0,PE,NIFTY25APR22550PE,297.05,297.35,297.05,297.35,297.35,291.1,22945.3,297.35,75,75,2,3427080.0,2,F1,75,,,,,
2025-02-18,2025-02-18,FO,NSE,IDO,61403,,NIFTY,,2029-12-27,2029-12-27,19000.0,PE,NIFTY29DEC19000PE,0.0,0.0,0.0,142.25,0.0,142.25,22945.3,92.7,0,0,0,0.0,0,F1,75,,,,,
2025-02-18,2025-02-18,FO,NSE,IDO,89631,,NIFTY,,2029-06-28,2029-06-28,24000.0,PE,NIFTY29JUN24000PE,0.0,0.0,0.0,694.05,694.05,694.05,22945.3,617.4,25,0,0,0.0,0,F1,75,,,,,
2025-02-18,2025-02-18,FO,NSE,IDO,67777,,NIFTY,,2028-12-28,2028-12-28,21000.0,PE,NIFTY28DEC21000PE,0.0,0.0,0.0,500.0,500.0,500.0,22945.3,234.1,1000,0,0,0.0,0,F1,75,,,,,
2025-02-18,2025-02-18,FO,NSE,IDO,67773,,NIFTY,,2028-12-28,2028-12-28,19000.0,PE,NIFTY28DEC19000PE,0.0,0.0,0.0,158.0,0.0,158.0,22945.3,93.85,0,0,0,0.0,0,F1,75,,,,,
2025-02-18,2025-02-18,FO,NSE,IDO,86160,,NIFTY,,2028-06-29,2028-06-29,25000.0,PE,NIFTY28JUN25000PE,0.0,0.0,0.0,2016.8,0.0,2016.8,22945.3,971.8,0,0,0,0.0,0,F1,75,,,,,
2025-02-18,2025-02-18,FO,NSE,IDO,38165,,NIFTY,,2027-12-30,2027-12-30,29000.0,PE,NIFTY27DEC29000PE,0.0,0.0,0.0,4227.5,0.0,4227.5,22945.3,2730.35,0,0,0,0.0,0,F1,75,,,,,
2025-02-18,2025-02-18,FO,NSE,IDO,53632,,NIFTY,,2027-12-30,2027-12-30,27000.0,PE,NIFTY27DEC27000PE,0.0,0.0,0.0,2492.45,2492.45,2492.45,22945.3,1788.8,75,0,0,0.0,0,F1,75,,,,,
2025-02-18,2025-02-18,FO,NSE,IDO,53627,,NIFTY,,2027-12-30,2027-12-30,25000.0,PE,NIFTY27DEC25000PE,0.0,0.0,0.0,1546.4,1546.4,1546.4,22945.3,1062.35,75,0,0,0.0,0,F1,75,,,,,
2025-02-18,2025-02-18,FO,NSE,IDO,38163,,NIFTY,,2027-06-24,2027-06-24,29000.0,PE,NIFTY27JUN29000PE,0.0,0.0,0.0,4627.1,0.0,4627.1,22945.3,3081.05,0,0,0,0.0,0,F1,75,,,,,
2025-02-18,2025-02-18,FO,NSE,IDO,68594,,NIFTY,,2025-03-06,2025-03-06,24000.0,CE,NIFTY2530624000CE,35.45,35.95,22.05,23.6,22.15,33.75,22945.3,23.6,301275,22350,9434,16999120443.75,4921,F1,75,,,,,
2025-02-18,2025-02-18,FO,NSE,IDO,68610,,NIFTY,,2025-03-06,2025-03-06,24300.0,CE,NIFTY2530624300CE,15.75,15.75,9.7,10.15,9.8,15.05,22945.3,10.15,64650,22125,1585,2889954090.0,806,F1,75,,,,,
2025-02-18,2025-02-18,FO,NSE,IDO,68616,,NIFTY,,2025-03-06,2025-03-06,24450.0,CE,NIFTY2530624450CE,10.4,10.4,7.25,7.45,7.4,10.4,22945.3,7.45,3000,1500,74,135745361.25,27,F1,75,,,,,
2025-02-18,2025-02-18,FO,NSE,IDO,68635,,NIFTY,,2025-03-06,2025-03-06,24850.0,CE,NIFTY2530624850CE,4.7,4.95,4.0,4.1,4.1,4.95,22945.3,0.6,750,-1125,32,59650676.25,16,F1,75,,,,,
2025-02-18,2025-02-18,FO,NSE,IDO,68637,,NIFTY,,2025-03-06,2025-03-06,24900.0,CE,NIFTY2530624900CE,4.9,4.9,3.6,3.6,3.6,5.0,22945.3,0.5,5925,-300,63,117671546.25,22,F1,75,,,,,
2025-02-18,2025-02-18,FO,NSE,IDO,68768,,NIFTY,,2025-03-06,2025-03-06,25400.0,CE,NIFTY2530625400CE,3.05,3.1,2.7,2.85,2.85,3.15,22945.3,2.85,9000,1575,57,108597116.25,17,F1,75,,,,,
2025-02-18,2025-02-18,FO,NSE,IDO,45404,,NIFTY,,2025-03-13,2025-03-13,21250.0,CE,NIFTY2531321250CE,0.0,0.0,0.0,2506.15,0.0,2506.15,22945.3,1784.1,0,0,0,0.0,0,F1,75,,,,,
2025-02-18,2025-02-18,FO,NSE,IDO,45414,,NIFTY,,2025-03-13,2025-03-13,21500.0,CE,NIFTY2531321500CE,0.0,0.0,0.0,2262.5,0.0,2262.5,22945.3,1538.55,0,0,0,0.0,0,F1,75,,,,,
2025-02-18,2025-02-18,FO,NSE,IDO,45426,,NIFTY,,2025-03-13,2025-03-13,21700.0,CE,NIFTY2531321700CE,0.0,0.0,0.0,2069.85,0.0,2069.85,22945.3,1345.1,0,0,0,0.0,0,F1,75,,,,,
2025-02-18,2025-02-18,FO,NSE,IDO,45482,,NIFTY,,2025-03-13,2025-03-13,22850.0,CE,NIFTY2531322850CE,408.2,470.6,403.95,470.6,470.6,492.5,22945.3,470.6,375,150,27,47130161.25,18,F1,75,,,,,
2025-02-18,2025-02-18,FO,NSE,IDO,45521,,NIFTY,,2025-03-13,2025-03-13,23350.0,CE,NIFTY2531323350CE,0.0,0.0,0.0,258.15,258.15,258.15,22945.3,179.0,0,0,0,0.0,0,F1,75,,,,,
2025-02-18,2025-02-18,FO,NSE,IDO,45575,,NIFTY,,2025-03-13,2025-03-13,24250.0,CE,NIFTY2531324250CE,0.0,0.0,0.0,275.15,0.0,275.15,22945.3,21.85,0,0,0,0.0,0,F1,75,,,,,
2025-02-18,2025-02-18,FO,NSE,IDO,45604,,NIFTY,,2025-03-13,2025-03-13,24500.0,CE,NIFTY2531324500CE,17.1,17.1,14.8,15.25,14.8,21.05,22945.3,15.25,7050,1275,39,71709787.5,29,F1,75,,,,,
2025-02-18,2025-02-18,FO,NSE,IDO,45610,,NIFTY,,2025-03-13,2025-03-13,24600.0,CE,NIFTY2531324600CE,16.9,16.9,13.65,14.95,14.95,16.9,22945.3,14.95,2925,375,22,40613778.75,14,F1,75,,,,,
2025-02-18,2025-02-18,FO,NSE,IDO,45646,,NIFTY,,2025-03-13,2025-03-13,25150.0,CE,NIFTY2531325150CE,0.0,0.0,0.0,8.05,8.05,8.05,22945.3,1.15,150,0,0,0.0,0,F1,75,,,,,
2025-02-18,2025-02-18,FO,NSE,IDO,50117,,NIFTY,,2025-03-20,2025-03-20,21400.0,CE,NIFTY2532021400CE,0.0,0.0,0.0,1803.65,0.0,1803.65,22945.3,1667.35,0,0,0,0.0,0,F1,75,,,,,
2025-02-18,2025-02-18,FO,NSE,IDO,61660,,NIFTY,,2029-12-27,2029-12-27,21000.0,PE,NIFTY29DEC21000PE,0.0,0.0,0.0,278.8,0.0,278.8,22945.3,213.85,0,0,0,0.0,0,F1,75,,,,,
2025-02-18,2025-02-18,FO,NSE,IDO,89641,,NIFTY,,2029-06-28,2029-06-28,29000.0,PE,NIFTY29JUN29000PE,0.0,0.0,0.0,1746.95,0.0,1746.95,22945.3,1974.3,0,0,0,0.0,0,F1,75,,,,,
2025-02-18,2025-02-18,FO,NSE,IDO,89639,,NIFTY,,2029-06-28,2029-06-28,28000.0,PE,NIFTY29JUN28000PE,0.0,0.0,0.0,1488.1,0.0,1488.1,22945.3,1627.3,0,0,0,0.0,0,F1,75,,,,,
2025-02-18,2025-02-18,FO,NSE,IDO,89633,,NIFTY,,2029-06-28,2029-06-28,25000.0,PE,NIFTY29JUN25000PE,0.0,0.0,0.0,852.5,0.0,852.5,22945.3,814.05,0,0,0,0.0,0,F1,75,,,,,
2025-02-18,2025-02-18,FO,NSE,IDO,89629,,NIFTY,,2029-06-28,2029-06-28,23000.0,PE,NIFTY29JUN23000PE,0.0,0.0,0.0,543.65,0.0,543.65,22945.3,455.45,0,0,0,0.0,0,F1,75,,,,,
2025-02-18,2025-02-18,FO,NSE,IDO,71550,,NIFTY,,2027-06-24,2027-06-24,19000.0,PE,NIFTY27JUN19000PE,0.0,0.0,0.0,201.05,201.05,201.05,22945.3,78.45,525,0,0,0.0,0,F1,75,,,,,
2025-02-18,2025-02-18,FO,NSE,IDO,71506,,NIFTY,,2026-12-31,2026-12-31,26000.0,PE,NIFTY26DEC26000PE,0.0,0.0,0.0,1760.05,1760.05,1760.05,22945.3,1715.8,1700,0,0,0.0,0,F1,75,,,,,
2025-02-18,2025-02-18,FO,NSE,IDO,58649,,NIFTY,,2026-12-31,2026-12-31,22000.0,PE,NIFTY26DEC22000PE,670.0,670.0,670.0,670.0,670.0,654.0,22945.3,670.0,600,25,1,1700250.0,1,F1,75,,,,,
2025-02-18,2025-02-18,FO,NSE,IDO,58633,,NIFTY,,2026-12-31,2026-12-31,14000.0,PE,NIFTY26DEC14000PE,0.0,0.0,0.0,20.2,20.2,20.2,22945.3,0.3,1550,0,0,0.0,0,F1,75,,,,,
2025-02-18,2025-02-18,FO,NSE,IDO,71473,,NIFTY,,2026-06-25,2026-06-25,24000.0,PE,NIFTY26JUN24000PE,0.0,0.0,0.0,822.05,822.05,822.05,22945.3,962.9,75,0,0,0.0,0,F1,75,,,,,
2025-02-18,2025-02-18,FO,NSE,IDO,35222,,NIFTY,,2025-12-24,2025-12-24,30000.0,PE,NIFTY25DEC30000PE,0.0,0.0,0.0,4227.0,4227.0,4227.0,22945.3,5501.55,450,0,0,0.0,0,F1,75,,,,,
2025-02-18,2025-02-18,FO,NSE,IDO,37796,,NIFTY,,2025-12-24,2025-12-24,23000.0,PE,NIFTY25DEC23000PE,726.65,768.0,721.0,730.45,734.0,719.2,22945.3,730.45,726975,8425,653,1162869521.25,496,F1,75,,,,,
2025-02-18,2025-02-18,FO,NSE,IDO,55122,,NIFTY,,2025-12-24,2025-12-24,18000.0,PE,NIFTY25DEC18000PE,0.0,0.0,0.0,73.0,73.0,73.0,22945.3,6.2,2900,0,0,0.0,0,F1,75,,,,,
2025-02-18,2025-02-18,FO,NSE,IDO,64683,,NIFTY,,2025-09-25,2025-09-25,19000.0,PE,NIFTY25SEP19000PE,0.0,0.0,0.0,8.9,0.0,8.9,22945.3,10.4,0,0,0,0.0,0,F1,75,,,,,
2025-02-18,2025-02-18,FO,NSE,IDO,64681,,NIFTY,,2025-09-25,2025-09-25,18000.0,PE,NIFTY25SEP18000PE,0.0,0.0,0.0,3.05,0.0,3.05,22945.3,2.05,0,0,0,0.0,0,F1,75,,,,,
2025-02-18,2025-02-18,FO,NSE,IDO,50970,,NIFTY,,2025-06-26,2025-06-26,27000.0,PE,NIFTY25JUN27000PE,3438.4,3445.1,3348.2,3388.9,3392.95,3325.85,22945.3,3388.9,76825,29625,623,1420445775.0,573,F1,75,,,,,
2025-02-18,2025-02-18,FO,NSE,IDO,79728,,NIFTY,,2025-04-24,2025-04-24,25050.0,PE,NIFTY25APR25050PE,0.0,0.0,0.0,1628.4,0.0,1628.4,22945.3,1871.4,0,0,0,0.0,0,F1,75,,,,,
2025-02-18,2025-02-18,FO,NSE,IDO,79643,,NIFTY,,2025-04-24,2025-04-24,24550.0,PE,NIFTY25APR24550PE,0.0,0.0,0.0,1262.55,0.0,1262.55,22945.3,1434.6,0,0,0,0.0,0,F1,75,,,,,
2025-02-18,2025-02-18,FO,NSE,IDO,79528,,NIFTY,,2025-04-24,2025-04-24,23950.0,PE,NIFTY25APR23950PE,0.0,0.0,0.0,883.65,0.0,883.65,22945.3,967.8,0,0,0,0.0,0,F1,75,,,,,
2025-02-18,2025-02-18,FO,NSE,IDO,79423,,NIFTY,,2025-04-24,2025-04-24,22900.0,PE,NIFTY25APR22900PE,389.95,446.65,380.0,395.55,397.0,378.2,22945.3,395.55,8100,1125,92,160806933.75,65,F1,75,,,,,
2025-02-18,2025-02-18,FO,NSE,IDO,79389,,NIFTY,,2025-04-24,2025-04-24,22400.0,PE,NIFTY25APR22400PE,255.0,264.7,241.3,250.55,250.55,236.6,22945.3,250.55,37500,-75,16,27178338.75,14,F1,75,,,,,
2025-02-18,2025-02-18,FO,NSE,IDO,79372,,NIFTY,,2025-04-24,2025-04-24,22200.0,PE,NIFTY25APR22200PE,203.95,232.5,192.2,198.05,205.85,194.1,22945.3,198.05,65625,5400,221,371456722.5,121,F1,75,,,,,
2025-02-18,2025-02-18,FO,NSE,IDO,79298,,NIFTY,,2025-04-24,2025-04-24,22150.0,PE,NIFTY25APR22150PE,0.0,0.0,0.0,194.55,0.0,194.55,22945.3,144.1,0,0,0,0.0,0,F1,75,,,,,
2025-02-18,2025-02-18,FO,NSE,IDO,79282,,NIFTY,,2025-04-24,2025-04-24,21950.0,PE,NIFTY25APR21950PE,0.0,0.0,0.0,139.9,145.0,139.9,22945.3,106.7,225,0,0,0.0,0,F1,75,,,,,
2025-02-18,2025-02-18,FO,NSE,IDO,79261,,NIFTY,,2025-04-24,2025-04-24,21600.0,PE,NIFTY25APR21600PE,103.05,119.55,103.05,109.95,113.5,103.0,22945.3,109.95,23025,1050,85,138436863.75,15,F1,75,,,,,
2025-02-18,2025-02-18,FO,NSE,IDO,79254,,NIFTY,,2025-04-24,2025-04-24,21450.0,PE,NIFTY25APR21450PE,0.0,0.0,0.0,85.75,0.0,85.75,22945.3,45.7,0,0,0,0.0,0,F1,75,,,,,
2025-02-18,2025-02-18,FO,NSE,IDO,79252,,NIFTY,,2025-04-24,2025-04-24,21400.0,PE,NIFTY25APR21400PE,95.0,107.85,90.0,95.35,96.0,88.8,22945.3,95.35,68775,40950,941,1517466476.25,447,F1,75,,,,,
2025-02-18,2025-02-18,FO,NSE,IDO,64593,,NIFTY,,2025-03-27,2025-03-27,31000.0,PE,NIFTY25MAR31000PE,0.0,0.0,0.0,7725.75,7725.75,7725.75,22945.3,7851.1,25425,0,0,0.0,0,F1,75,,,,,
2025-02-18,2025-02-18,FO,NSE,IDO,64577,,NIFTY,,2025-03-27,2025-03-27,27000.0,PE,NIFTY25MAR27000PE,3858.0,3965.2,3825.0,3850.7,3860.85,3795.0,22945.3,3850.7,528075,-4650,227,525830265.0,167,F1,75,,,,,
2025-02-18,2025-02-18,FO,NSE,IDO,56885,,NIFTY,,2025-03-27,2025-03-27,25500.0,PE,NIFTY25MAR25500PE,2380.0,2481.45,2330.0,2367.5,2378.0,2317.65,22945.3,2367.5,85425,5400,140,292857026.25,109,F1,75,,,,,
2025-02-18,2025-02-18,FO,NSE,IDO,56877,,NIFTY,,2025-03-27,2025-03-27,25300.0,PE,NIFTY25MAR25300PE,0.0,0.0,0.0,1451.25,0.0,1451.25,22945.3,2194.45,0,0,0,0.0,0,F1,75,,,,,
2025-02-18,2025-02-18,FO,NSE,IDO,56569,,NIFTY,,2025-03-27,2025-03-27,24900.0,PE,NIFTY25MAR24900PE,1850.0,1850.0,1850.0,1850.0,1850.0,1679.6,22945.3,1806.95,4425,0,1,2006250.0,1,F1,75,,,,,
2025-02-18,2025-02-18,FO,NSE,IDO,55198,,NIFTY,,2025-03-27,2025-03-27,24300.0,PE,NIFTY25MAR24300PE,0.0,0.0,0.0,1220.0,1220.0,1220.0,22945.3,1252.2,30900,0,0,0.0,0,F1,75,,,,,
2025-02-18,2025-02-18,FO,NSE,IDO,55061,,NIFTY,,2025-03-27,2025-03-27,24200.0,PE,NIFTY25MAR24200PE,1135.0,1237.6,1127.45,1130.25,1127.45,1088.6,22945.3,1130.25,50850,-4125,69,131396433.75,23,F1,75,,,,,
2025-02-18,2025-02-18,FO,NSE,IDO,54820,,NIFTY,,2025-03-27,2025-03-27,24150.0,PE,NIFTY25MAR24150PE,0.0,0.0,0.0,616.0,616.0,616.0,22945.3,1122.1,7350,0,0,0.0,0,F1,75,,,,,
2025-02-18,2025-02-18,FO,NSE,IDO,47039,,NIFTY,,2025-03-27,2025-03-27,22700.0,PE,NIFTY25MAR22700PE,265.0,316.5,252.05,265.2,270.7,252.5,22945.3,265.2,244800,20100,2233,3848989788.75,1546,F1,75,,,,,
2025-02-18,2025-02-18,FO,NSE,IDO,46953,,NIFTY,,2025-03-27,2025-03-27,22050.0,PE,NIFTY25MAR22050PE,126.0,142.35,112.95,117.1,121.2,114.55,22945.3,117.1,50850,1950,62,103159623.75,38,F1,75,,,,,
2025-02-18,2025-02-18,FO,NSE,IDO,64553,,NIFTY,,2025-03-27,2025-03-27,18000.0,PE,NIFTY25MAR18000PE,4.35,4.45,3.8,4.05,3.8,4.2,22945.3,4.05,381625,-2550,298,402392415.0,131,F1,75,,,,,
2025-02-18,2025-02-18,FO,NSE,IDO,50288,,NIFTY,,2025-03-20,2025-03-20,24250.0,PE,NIFTY2532024250PE,0.0,0.0,0.0,1171.4,0.0,1171.4,22945.3,1216.25,0,0,0,0.0,0,F1,75,,,,,
2025-02-18,2025-02-18,FO,NSE,IDO,50282,,NIFTY,,2025-03-20,2025-03-20,24100.0,PE,NIFTY2532024100PE,0.0,0.0,0.0,1051.55,0.0,1051.55,22945.3,1083.1,0,0,0,0.0,0,F1,75,,,,,
2025-02-18,2025-02-18,FO,NSE,IDO,50246,,NIFTY,,2025-03-20,2025-03-20,23550.0,PE,NIFTY2532023550PE,0.0,0.0,0.0,662.25,0.0,662.25,22945.3,644.5,0,0,0,0.0,0,F1,75,,,,,
2025-02-18,2025-02-18,FO,NSE,IDO,50244,,NIFTY,,2025-03-20,2025-03-20,23500.0,PE,NIFTY2532023500PE,0.0,0.0,0.0,631.35,0.0,631.35,22945.3,609.6,0,0,0,0.0,0,F1,75,,,,,
2025-02-18,2025-02-18,FO,NSE,IDO,50234,,NIFTY,,2025-03-20,2025-03-20,23250.0,PE,NIFTY2532023250PE,0.0,0.0,0.0,489.15,0.0,489.15,22945.3,450.05,0,0,0,0.0,0,F1,75,,,,,
2025-02-18,2025-02-18,FO,NSE,IDO,50204,,NIFTY,,2025-03-20,2025-03-20,22700.0,PE,NIFTY2532022700PE,255.0,267.75,229.7,229.7,229.7,251.1,22945.3,229.7,375,375,8,13775265.0,7,F1,75,,,,,
2025-02-18,2025-02-18,FO,NSE,IDO,50166,,NIFTY,,2025-03-20,2025-03-20,22250.0,PE,NIFTY2532022250PE,0.0,0.0,0.0,128.7,0.0,128.7,22945.3,80.3,0,0,0,0.0,0,F1,75,,,,,
2025-02-18,2025-02-18,FO,NSE,IDO,50150,,NIFTY,,2025-03-20,2025-03-20,22000.0,PE,NIFTY2532022000PE,83.65,105.85,83.35,88.45,91.2,83.65,22945.3,88.45,2175,75,14,23194166.25,14,F1,75,,,,,
2025-02-18,2025-02-18,FO,NSE,IDO,45553,,NIFTY,,2025-03-13,2025-03-13,24050.0,PE,NIFTY2531324050PE,0.0,0.0,0.0,627.2,0.0,627.2,22945.3,1043.85,0,0,0,0.0,0,F1,75,,,,,
2025-02-18,2025-02-18,FO,NSE,IDO,45551,,NIFTY,,2025-03-13,2025-03-13,24000.0,PE,NIFTY2531324000PE,0.0,0.0,0.0,597.7,0.0,597.7,22945.3,999.2,0,0,0,0.0,0,F1,75,,,,,
2025-02-18,2025-02-18,FO,NSE,IDO,45541,,NIFTY,,2025-03-13,2025-03-13,23750.0,PE,NIFTY2531323750PE,0.0,0.0,0.0,462.3,0.0,462.3,22945.3,785.45,0,0,0,0.0,0,F1,75,,,,,
2025-02-18,2025-02-18,FO,NSE,IDO,45449,,NIFTY,,2025-03-13,2025-03-13,22150.0,PE,NIFTY2531322150PE,0.0,0.0,0.0,90.95,90.95,90.95,22945.3,44.8,450,0,0,0.0,0,F1,75,,,,,
2025-02-18,2025-02-18,FO,NSE,IDO,45443,,NIFTY,,2025-03-13,2025-03-13,22050.0,PE,NIFTY2531322050PE,0.0,0.0,0.0,52.95,52.95,52.95,22945.3,33.75,225,0,0,0.0,0,F1,75,,,,,
2025-02-18,2025-02-18,FO,NSE,IDO,45409,,NIFTY,,2025-03-13,2025-03-13,21350.0,PE,NIFTY2531321350PE,0.0,0.0,0.0,6.5,0.0,6.5,22945.3,2.95,0,0,0,0.0,0,F1,75,,,,,
2025-02-18,2025-02-18,FO,NSE,IDO,45405,,NIFTY,,2025-03-13,2025-03-13,21250.0,PE,NIFTY2531321250PE,0.0,0.0,0.0,5.0,0.0,5.0,22945.3,1.95,0,0,0,0.0,0,F1,75,,,,,
2025-02-18,2025-02-18,FO,NSE,IDO,68669,,NIFTY,,2025-03-06,2025-03-06,25200.0,PE,NIFTY2530625200PE,0.0,0.0,0.0,2102.75,2102.55,2102.75,22945.3,2183.1,225,0,0,0.0,0,F1,75,,,,,
2025-02-18,2025-02-18,FO,NSE,IDO,68665,,NIFTY,,2025-03-06,2025-03-06,25100.0,PE,NIFTY2530625100PE,0.0,0.0,0.0,2001.95,2001.25,2001.95,22945.3,2083.45,225,0,0,0.0,0,F1,75,,,,,
2025-02-18,2025-02-18,FO,NSE,IDO,68625,,NIFTY,,2025-03-06,2025-03-06,24600.0,PE,NIFTY2530624600PE,0.0,0.0,0.0,1516.65,1516.05,1516.65,22945.3,1586.6,450,0,0,0.0,0,F1,75,,,,,
2025-02-18,2025-02-18,FO,NSE,IDO,68593,,NIFTY,,2025-03-06,2025-03-06,23950.0,PE,NIFTY2530623950PE,0.0,0.0,0.0,935.25,935.25,935.25,22945.3,959.1,75,0,0,0.0,0,F1,75,,,,,
2025-02-18,2025-02-18,FO,NSE,IDO,68589,,NIFTY,,2025-03-06,2025-03-06,23850.0,PE,NIFTY2530623850PE,0.0,0.0,0.0,853.7,853.7,853.7,22945.3,867.95,150,0,0,0.0,0,F1,75,,,,,
2025-02-18,2025-02-18,FO,NSE,IDO,68429,,NIFTY,,2025-03-06,2025-03-06,22250.0,PE,NIFTY2530622250PE,69.15,79.05,62.15,67.0,68.85,67.0,22945.3,67.0,9225,8175,122,204215587.5,41,F1,75,,,,,
2025-02-18,2025-02-18,FO,NSE,IDO,68414,,NIFTY,,2025-03-06,2025-03-06,21900.0,PE,NIFTY2530621900PE,37.45,45.95,29.35,32.7,32.9,32.95,22945.3,32.7,18075,6750,305,501784665.0,156,F1,75,,,,,
2025-02-18,2025-02-18,FO,NSE,IDO,68389,,NIFTY,,2025-03-06,2025-03-06,21350.0,PE,NIFTY2530621350PE,0.0,0.0,0.0,11.7,11.7,11.7,22945.3,0.7,2325,0,0,0.0,0,F1,75,,,,,
2025-02-18,2025-02-18,FO,NSE,IDO,57660,,NIFTY,,2025-02-27,2025-02-27,25400.0,PE,NIFTY25FEB25400PE,2438.0,2440.0,2438.0,2439.35,2440.0,2410.0,22945.3,2439.35,16725,-300,4,8351805.0,4,F1,75,,,,,
2025-02-18,2025-02-18,FO,NSE,IDO,57656,,NIFTY,,2025-02-27,2025-02-27,25300.0,PE,NIFTY25FEB25300PE,0.0,0.0,0.0,2304.9,2304.9,2304.9,22945.3,2314.2,12525,0,0,0.0,0,F1,75,,,,,
2025-02-18,2025-02-18,FO,NSE,IDO,57598,,NIFTY,,2025-02-27,2025-02-27,23900.0,PE,NIFTY25FEB23900PE,928.45,1063.65,907.0,924.8,956.4,888.75,22945.3,924.8,328725,-1050,215,401431297.5,158,F1,75,,,,,
2025-02-18,2025-02-18,FO,NSE,IDO,57588,,NIFTY,,2025-02-27,2025-02-27,23650.0,PE,NIFTY25FEB23650PE,715.0,818.05,668.6,710.85,715.2,653.65,22945.3,710.85,100725,-3375,118,215712397.5,67,F1,75,,,,,
2025-02-18,2025-02-18,FO,NSE,IDO,55646,,NIFTY,,2025-02-27,2025-02-27,23150.0,PE,NIFTY25FEB23150PE,317.45,411.4,286.75,308.95,322.2,293.2,22945.3,308.95,145950,8700,3315,5841236696.25,2808,F1,75,,,,,
2025-02-18,2025-02-18,FO,NSE,IDO,55560,,NIFTY,,2025-02-27,2025-02-27,21100.0,PE,NIFTY25FEB21100PE,2.75,3.0,2.1,2.25,2.25,2.75,22945.3,2.25,1853625,618975,30059,47573790727.5,11214,F1,75,,,,,
2025-02-18,2025-02-18,FO,NSE,IDO,63992,,NIFTY,,2025-02-20,2025-02-20,25350.0,PE,NIFTY2522025350PE,0.0,0.0,0.0,1895.45,0.0,1895.45,22945.3,2395.65,0,0,0,0.0,0,F1,75,,,,,
2025-02-18,2025-02-18,FO,NSE,IDO,63691,,NIFTY,,2025-02-20,2025-02-20,24200.0,PE,NIFTY2522024200PE,1290.0,1330.0,1234.15,1265.15,1269.85,1201.7,22945.3,1265.15,66675,-4500,76,145150132.5,42,F1,75,,,,,
2025-02-18,2025-02-18,FO,NSE,IDO,63687,,NIFTY,,2025-02-20,2025-02-20,24100.0,PE,NIFTY2522024100PE,1150.0,1252.25,1126.0,1145.75,1160.3,1099.95,22945.3,1145.75,76050,-3075,73,138257568.75,28,F1,75,,,,,
2025-02-18,2025-02-18,FO,NSE,IDO,63683,,NIFTY,,2025-02-20,2025-02-20,24000.0,PE,NIFTY2522024000PE,1022.0,1181.0,1021.95,1044.4,1070.85,1012.2,22945.3,1044.4,343275,-31575,1003,1886877555.0,582,F1,75,,,,,
2025-02-18,2025-02-18,FO,NSE,IDO,63338,,NIFTY,,2025-02-20,2025-02-20,22300.0,PE,NIFTY2522022300PE,7.55,15.25,3.5,3.75,3.8,10.85,22945.3,3.75,4518225,-253125,860649,1440003847822.5,244148,F1,75,,,,,
2025-02-18,2025-02-18,FO,NSE,IDO,63290,,NIFTY,,2025-02-20,2025-02-20,22000.0,PE,NIFTY2522022000PE,3.45,4.65,1.45,1.6,1.55,3.95,22945.3,1.6,8481375,-1779375,899914,1485053587065.0,173969,F1,75,,,,,
2025-02-18,2025-02-18,FO,NSE,IDO,63273,,NIFTY,,2025-02-20,2025-02-20,21800.0,PE,NIFTY2522021800PE,2.8,2.8,0.85,1.0,1.0,2.5,22945.3,1.0,3160950,-624075,427847,699585011456.25,81689,F1,75,,,,,
2025-02-18,2025-02-18,FO,NSE,IDO,63270,,NIFTY,,2025-02-20,2025-02-20,21750.0,PE,NIFTY2522021750PE,2.2,2.4,0.75,0.95,1.2,2.2,22945.3,0.95,522225,-437550,120959,197329394527.5,29576,F1,75,,,,,
2025-02-18,2025-02-18,FO,NSE,IDO,63268,,NIFTY,,2025-02-20,2025-02-20,21700.0,PE,NIFTY2522021700PE,1.25,2.15,0.7,0.9,0.95,2.05,22945.3,0.9,2735400,-1781700,253438,412497780907.5,52058,F1,75,,,,,
2025-02-18,2025-02-18,FO,NSE,IDO,63207,,NIFTY,,2025-02-20,2025-02-20,21450.0,PE,NIFTY2522021450PE,1.1,1.35,0.4,0.65,0.5,1.3,22945.3,0.65,279150,22650,54217,87225308880.0,17072,F1,75,,,,,
2025-02-18,2025-02-18,FO,NSE,IDO,63174,,NIFTY,,2025-02-20,2025-02-20,21350.0,PE,NIFTY2522021350PE,0.8,1.3,0.4,0.55,0.85,1.1,22945.3,0.55,226125,-161625,42425,67935516765.0,12666,F1,75,,,,,
2025-02-18,2025-02-18,FO,NSE,IDO,63083,,NIFTY,,2025-02-20,2025-02-20,21100.0,PE,NIFTY2522021100PE,0.8,0.85,0.35,0.45,0.45,0.9,22945.3,0.45,4226850,-761025,171308,271102234541.25,33381,F1,75,,,,,
2025-02-18,2025-02-18,FO,NSE,IDO,61402,,NIFTY,,2029-12-27,2029-12-27,19000.0,CE,NIFTY29DEC19000CE,0.0,0.0,0.0,10714.6,0.0,10714.6,22945.3,9182.25,0,0,0,0.0,0,F1,75,,,,,
2025-02-18,2025-02-18,FO,NSE,IDO,89640,,NIFTY,,2029-06-28,2029-06-28,29000.0,CE,NIFTY29JUN29000CE,0.0,0.0,0.0,5677.9,0.0,5677.9,22945.3,3074.7,0,0,0,0.0,0,F1,75,,,,,
2025-02-18,2025-02-18,FO,NSE,IDO,86151,,NIFTY,,2028-06-29,2028-06-29,24000.0,CE,NIFTY28JUN24000CE,0.0,0.0,0.0,3918.85,0.0,3918.85,22945.3,4380.15,0,0,0,0.0,0,F1,75,,,,,
2025-02-18,2025-02-18,FO,NSE,IDO,53633,,NIFTY,,2027-12-30,2027-12-30,28000.0,CE,NIFTY27DEC28000CE,0.0,0.0,0.0,2639.2,0.0,2639.2,22945.3,1933.7,0,0,0,0.0,0,F1,75,,,,,
2025-02-18,2025-02-18,FO,NSE,IDO,53616,,NIFTY,,2027-12-30,2027-12-30,22000.0,CE,NIFTY27DEC22000CE,0.0,0.0,0.0,4499.55,0.0,4499.55,22945.3,5059.3,0,0,0,0.0,0,F1,75,,,,,
2025-02-18,2025-02-18,FO,NSE,IDO,71553,,NIFTY,,2027-06-24,2027-06-24,21000.0,CE,NIFTY27JUN21000CE,0.0,0.0,0.0,3061.8,0.0,3061.8,22945.3,5158.55,0,0,0,0.0,0,F1,75,,,,,
2025-02-18,2025-02-18,FO,NSE,IDO,37799,,NIFTY,,2026-06-25,2026-06-25,23000.0,CE,NIFTY26JUN23000CE,0.0,0.0,0.0,2645.65,0.0,2645.65,22945.3,2498.8,0,0,0,0.0,0,F1,75,,,,,
2025-02-18,2025-02-18,FO,NSE,IDO,58626,,NIFTY,,2026-06-25,2026-06-25,22000.0,CE,NIFTY26JUN22000CE,0.0,0.0,0.0,2722.55,0.0,2722.55,22945.3,3167.1,0,0,0,0.0,0,F1,75,,,,,
2025-02-18,2025-02-18,FO,NSE,IDO,71395,,NIFTY,,2025-12-24,2025-12-24,25000.0,CE,NIFTY25DEC25000CE,822.0,830.0,780.0,814.0,806.45,836.25,22945.3,814.0,202025,12950,422,816645746.25,379,F1,75,,,,,
2025-02-18,2025-02-18,FO,NSE,IDO,58622,,NIFTY,,2025-12-24,2025-12-24,22000.0,CE,NIFTY25DEC22000CE,2512.3,2523.0,2415.5,2488.4,2479.6,2549.5,22945.3,2488.4,139000,5025,93,170729673.75,88,F1,75,,,,,
2025-02-18,2025-02-18,FO,NSE,IDO,64698,,NIFTY,,2025-09-25,2025-09-25,27000.0,CE,NIFTY25SEP27000CE,0.0,0.0,0.0,2279.95,0.0,2279.95,22945.3,143.35,0,0,0,0.0,0,F1,75,,,,,
2025-02-18,2025-02-18,FO,NSE,IDO,79748,,NIFTY,,2025-04-24,2025-04-24,25450.0,CE,NIFTY25APR25450CE,33.35,33.35,31.0,31.0,31.0,48.75,22945.3,29.3,525,150,2,3822326.25,2,F1,75,,,,,
2025-02-18,2025-02-18,FO,NSE,IDO,79733,,NIFTY,,2025-04-24,2025-04-24,25200.0,CE,NIFTY25APR25200CE,45.25,45.25,39.0,40.0,39.95,45.45,22945.3,40.0,5100,-75,37,70041963.75,20,F1,75,,,,,
2025-02-18,2025-02-18,FO,NSE,IDO,79690,,NIFTY,,2025-04-24,2025-04-24,24950.0,CE,NIFTY25APR24950CE,62.7,64.25,62.7,64.25,64.25,74.75,22945.3,63.85,525,0,3,5627973.75,2,F1,75,,,,,
2025-02-18,2025-02-18,FO,NSE,IDO,79676,,NIFTY,,2025-04-24,2025-04-24,24850.0,CE,NIFTY25APR24850CE,0.0,0.0,0.0,290.95,0.0,290.95,22945.3,73.9,0,0,0,0.0,0,F1,75,,,,,
2025-02-18,2025-02-18,FO,NSE,IDO,79632,,NIFTY,,2025-04-24,2025-04-24,24300.0,CE,NIFTY25APR24300CE,171.95,171.95,144.9,151.2,149.55,164.9,22945.3,151.2,11325,-2625,134,245711891.25,36,F1,75,,,,,
2025-02-18,2025-02-18,FO,NSE,IDO,79547,,NIFTY,,2025-04-24,2025-04-24,24100.0,CE,NIFTY25APR24100CE,205.0,208.75,192.85,201.9,200.5,214.95,22945.3,201.9,5550,-150,28,51030551.25,13,F1,75,,,,,
2025-02-18,2025-02-18,FO,NSE,IDO,79511,,NIFTY,,2025-04-24,2025-04-24,23750.0,CE,NIFTY25APR23750CE,0.0,0.0,0.0,300.0,300.0,300.0,22945.3,299.2,675,0,0,0.0,0,F1,75,,,,,
2025-02-18,2025-02-18,FO,NSE,IDO,79446,,NIFTY,,2025-04-24,2025-04-24,23350.0,CE,NIFTY25APR23350CE,490.55,490.55,467.65,467.65,467.65,866.8,22945.3,467.65,75,75,2,3574365.0,2,F1,75,,,,,
2025-02-18,2025-02-18,FO,NSE,IDO,79428,,NIFTY,,2025-04-24,2025-04-24,23000.0,CE,NIFTY25APR23000CE,710.0,712.5,628.1,687.45,675.7,725.25,22945.3,687.45,149175,21300,1064,1889584556.25,809,F1,75,,,,,
2025-02-18,2025-02-18,FO,NSE,IDO,79279,,NIFTY,,2025-04-24,2025-04-24,21950.0,CE,NIFTY25APR21950CE,0.0,0.0,0.0,1821.0,0.0,1821.0,22945.3,1354.6,0,0,0,0.0,0,F1,75,,,,,
2025-02-18,2025-02-18,FO,NSE,IDO,79262,,NIFTY,,2025-04-24,2025-04-24,21650.0,CE,NIFTY25APR21650CE,0.0,0.0,0.0,2069.75,0.0,2069.75,22945.3,1609.75,0,0,0,0.0,0,F1,75,,,,,
2025-02-18,2025-02-18,FO,NSE,IDO,79249,,NIFTY,,2025-04-24,2025-04-24,21350.0,CE,NIFTY25APR21350CE,0.0,0.0,0.0,2330.0,0.0,2330.0,22945.3,1878.9,0,0,0,0.0,0,F1,75,,,,,
2025-02-18,2025-02-18,FO,NSE,IDO,64576,,NIFTY,,2025-03-27,2025-03-27,27000.0,CE,NIFTY25MAR27000CE,6.9,6.95,6.0,6.35,6.4,6.9,22945.3,6.35,1113875,-34750,1727,3498006491.25,610,F1,75,,,,,
2025-02-18,2025-02-18,FO,NSE,IDO,56892,,NIFTY,,2025-03-27,2025-03-27,25700.0,CE,NIFTY25MAR25700CE,11.55,11.55,10.45,10.5,10.45,11.95,22945.3,10.5,22200,-2250,101,194759928.75,77,F1,75,,,,,
2025-02-18,2025-02-18,FO,NSE,IDO,56876,,NIFTY,,2025-03-27,2025-03-27,25300.0,CE,NIFTY25MAR25300CE,13.7,14.75,11.05,13.35,12.9,15.2,22945.3,13.35,64950,-2925,377,715749378.75,184,F1,75,,,,,
2025-02-18,2025-02-18,FO,NSE,IDO,56542,,NIFTY,,2025-03-27,2025-03-27,24700.0,CE,NIFTY25MAR24700CE,31.85,31.85,24.65,26.05,24.65,31.95,22945.3,26.05,125025,-88125,3924,7277141456.25,1354,F1,75,,,,,
2025-02-18,2025-02-18,FO,NSE,IDO,55656,,NIFTY,,2025-03-27,2025-03-27,24500.0,CE,NIFTY25MAR24500CE,44.05,44.55,34.4,36.65,36.25,44.65,22945.3,36.65,1121175,137700,12754,23471745825.0,6718,F1,75,,,,,
2025-02-18,2025-02-18,FO,NSE,IDO,55339,,NIFTY,,2025-03-27,2025-03-27,24400.0,CE,NIFTY25MAR24400CE,52.55,52.55,41.45,44.1,42.1,53.95,22945.3,44.1,174000,65250,3781,6931986266.25,1640,F1,75,,,,,
2025-02-18,2025-02-18,FO,NSE,IDO,53846,,NIFTY,,2025-03-27,2025-03-27,23750.0,CE,NIFTY25MAR23750CE,178.1,178.1,142.25,161.45,158.5,184.4,22945.3,161.45,26625,975,500,896448363.75,413,F1,75,,,,,
2025-02-18,2025-02-18,FO,NSE,IDO,48695,,NIFTY,,2025-03-27,2025-03-27,23200.0,CE,NIFTY25MAR23200CE,406.95,406.95,332.65,374.4,365.2,412.9,22945.3,374.4,211725,9525,4168,7365906457.5,2688,F1,75,,,,,
2025-02-18,2025-02-18,FO,NSE,IDO,46988,,NIFTY,,2025-03-27,2025-03-27,22350.0,CE,NIFTY25MAR22350CE,0.0,0.0,0.0,915.0,915.0,915.0,22945.3,863.35,150,0,0,0.0,0,F1,75,,,,,
2025-02-18,2025-02-18,FO,NSE,IDO,46883,,NIFTY,,2025-03-27,2025-03-27,21550.0,CE,NIFTY25MAR21550CE,0.0,0.0,0.0,2653.4,0.0,2653.4,22945.3,1557.35,0,0,0,0.0,0,F1,75,,,,,
2025-02-18,2025-02-18,FO,NSE,IDO,64552,,NIFTY,,2025-03-27,2025-03-27,18000.0,CE,NIFTY25MAR18000CE,5012.3,5068.45,4941.0,5031.05,5042.6,5102.05,22945.3,5031.05,458625,1050,32,55162702.5,32,F1,75,,,,,
2025-02-18,2025-02-18,FO,NSE,IDO,50317,,NIFTY,,2025-03-20,2025-03-20,24750.0,CE,NIFTY2532024750CE,13.1,13.1,13.1,13.1,13.1,11.9,22945.3,11.9,225,-75,1,1857232.5,1,F1,75,,,,,
2025-02-18,2025-02-18,FO,NSE,IDO,50283,,NIFTY,,2025-03-20,2025-03-20,24150.0,CE,NIFTY2532024150CE,0.0,0.0,0.0,138.25,0.0,138.25,22945.3,50.95,0,0,0,0.0,0,F1,75,,,,,
2025-02-18,2025-02-18,FO,NSE,IDO,50257,,NIFTY,,2025-03-20,2025-03-20,23750.0,CE,NIFTY2532023750CE,0.0,0.0,0.0,238.25,0.0,238.25,22945.3,115.1,0,0,0,0.0,0,F1,75,,,,,
2025-02-18,2025-02-18,FO,NSE,IDO,50253,,NIFTY,,2025-03-20,2025-03-20,23700.0,CE,NIFTY2532023700CE,0.0,0.0,0.0,253.9,0.0,253.9,22945.3,126.35,0,0,0,0.0,0,F1,75,,,,,
2025-02-18,2025-02-18,FO,NSE,IDO,50243,,NIFTY,,2025-03-20,2025-03-20,23500.0,CE,NIFTY2532023500CE,227.3,227.3,170.05,208.2,208.2,221.8,22945.3,180.1,4950,900,27,47972362.5,22,F1,75,,,,,
2025-02-18,2025-02-18,FO,NSE,IDO,50215,,NIFTY,,2025-03-20,2025-03-20,22800.0,CE,NIFTY2532022800CE,566.05,567.0,526.3,545.0,545.0,585.0,22945.3,498.4,1950,1875,31,54303138.75,14,F1,75,,,,,
2025-02-18,2025-02-18,FO,NSE,IDO,50137,,NIFTY,,2025-03-20,2025-03-20,21800.0,CE,NIFTY2532021800CE,0.0,0.0,0.0,1439.1,0.0,1439.1,22945.3,1288.0,0,0,0,0.0,0,F1,75,,,,,
2025-02-18,2025-02-18,FO,NSE,IDO,63108,,NIFTY,,2025-02-20,2025-02-20,21250.0,CE,NIFTY2522021250CE,0.0,0.0,0.0,1685.0,1685.0,1685.0,22945.3,1702.85,75,0,0,0.0,0,F1,75,,,,,
2025-02-18,2025-02-18,FO,NSE,IDO,63173,,NIFTY,,2025-02-20,2025-02-20,21350.0,CE,NIFTY2522021350CE,0.0,0.0,0.0,1716.7,1716.7,1716.7,22945.3,1602.9,75,0,0,0.0,0,F1,75,,,,,
2025-02-18,2025-02-18,FO,NSE,IDO,63436,,NIFTY,,2025-02-20,2025-02-20,22700.0,CE,NIFTY2522022700CE,338.85,342.5,202.8,286.15,266.9,344.9,22945.3,286.15,477975,-71550,203872,351014611417.5,131163,F1,75,,,,,
2025-02-18,2025-02-18,FO,NSE,IDO,63688,,NIFTY,,2025-02-20,2025-02-20,24150.0,CE,NIFTY2522024150CE,0.95,1.15,0.55,0.6,0.55,1.0,22945.3,0.6,940275,156825,88240,159830347432.5,20002,F1,75,,,,,
2025-02-18,2025-02-18,FO,NSE,IDO,63694,,NIFTY,,2025-02-20,2025-02-20,24300.0,CE,NIFTY2522024300CE,1.3,1.3,0.5,0.6,0.55,0.9,22945.3,0.6,1212300,41475,96918,176638914461.25,20035,F1,75,,,,,
2025-02-18,2025-02-18,FO,NSE,IDO,55567,,NIFTY,,2025-02-27,2025-02-27,21300.0,CE,NIFTY25FEB21300CE,0.0,0.0,0.0,1599.75,1599.75,1599.75,22945.3,1679.45,150,0,0,0.0,0,F1,75,,,,,
2025-02-18,2025-02-18,FO,NSE,IDO,55577,,NIFTY,,2025-02-27,2025-02-27,21550.0,CE,NIFTY25FEB21550CE,0.0,0.0,0.0,1485.1,1484.8,1485.1,22945.3,1429.95,1350,0,0,0.0,0,F1,75,,,,,
2025-02-18,2025-02-18,FO,NSE,IDO,55655,,NIFTY,,2025-02-27,2025-02-27,23400.0,CE,NIFTY25FEB23400CE,84.0,85.05,45.75,56.7,53.2,81.6,22945.3,56.7,2084250,299025,66937,117768089640.0,40611,F1,75,,,,,
2025-02-18,2025-02-18,FO,NSE,IDO,57587,,NIFTY,,2025-02-27,2025-02-27,23650.0,CE,NIFTY25FEB23650CE,31.3,33.9,18.95,21.95,20.1,34.3,22945.3,21.95,1482525,1130700,46462,82496095601.25,22908,F1,75,,,,,
2025-02-18,2025-02-18,FO,NSE,IDO,57647,,NIFTY,,2025-02-27,2025-02-27,25100.0,CE,NIFTY25FEB25100CE,2.0,2.3,1.7,1.75,1.7,2.25,22945.3,1.75,210900,-27375,4080,7681224427.5,1577,F1,75,,,,,
2025-02-18,2025-02-18,FO,NSE,IDO,57677,,NIFTY,,2025-02-27,2025-02-27,25850.0,CE,NIFTY25FEB25850CE,1.95,1.95,1.4,1.6,1.6,1.65,22945.3,1.6,20775,1800,215,416857301.25,97,F1,75,,,,,
2025-02-18,2025-02-18,FO,NSE,IDO,57708,,NIFTY,,2025-02-27,2025-02-27,26400.0,CE,NIFTY25FEB26400CE,1.6,1.7,1.5,1.6,1.5,1.6,22945.3,1.6,40275,8475,255,504930843.75,86,F1,75,,,,,
2025-02-18,2025-02-18,FO,NSE,IDO,68417,,NIFTY,,2025-03-06,2025-03-06,22000.0,CE,NIFTY2530622000CE,1080.0,1080.0,1002.85,1042.45,1040.0,1078.15,22945.3,1042.45,825,225,12,20738632.5,11,F1,75,,,,,
2025-02-18,2025-02-18,FO,NSE,IDO,68458,,NIFTY,,2025-03-06,2025-03-06,22800.0,CE,NIFTY2530622800CE,448.65,448.75,348.25,409.45,404.45,461.1,22945.3,409.45,68175,32325,2420,4210000920.0,1718,F1,75,,,,,
2025-02-18,2025-02-18,FO,NSE,IDO,63547,,NIFTY,,2025-02-20,2025-02-20,23150.0,CE,NIFTY2522023150CE,80.0,80.85,31.2,42.4,36.35,82.15,22945.3,42.4,2400975,712425,747185,1299904966406.25,401095,F1,75,,,,,
2025-02-18,2025-02-18,FO,NSE,IDO,63234,,NIFTY,,2025-02-20,2025-02-20,21600.0,CE,NIFTY2522021600CE,0.0,0.0,0.0,1454.85,1454.85,1454.85,22945.3,1353.0,300,0,0,0.0,0,F1,75,,,,,
2025-02-18,2025-02-18,FO,NSE,IDO,79386,,NIFTY,,2025-04-24,2025-04-24,22400.0,CE,NIFTY25APR22400CE,0.0,0.0,0.0,1474.75,0.0,1474.75,22945.3,1006.9,0,0,0,0.0,0,F1,75,,,,,
2025-02-18,2025-02-18,FO,NSE,IDO,79403,,NIFTY,,2025-04-24,2025-04-24,22700.0,CE,NIFTY25APR22700CE,871.45,897.5,819.95,882.6,882.6,903.25,22945.3,882.6,11400,-75,24,42425917.5,18,F1,75,,,,,
2025-02-18,2025-02-18,FO,NSE,IDO,79490,,NIFTY,,2025-04-24,2025-04-24,23450.0,CE,NIFTY25APR23450CE,442.5,442.5,413.0,427.85,422.35,479.0,22945.3,427.85,5700,75,4,7163336.25,4,F1,75,,,,,
2025-02-18,2025-02-18,FO,NSE,IDO,79746,,NIFTY,,2025-04-24,2025-04-24,25400.0,CE,NIFTY25APR25400CE,30.1,32.35,30.0,30.0,30.0,31.5,22945.3,30.0,1575,-750,31,59126760.0,16,F1,75,,,,,
2025-02-18,2025-02-18,FO,NSE,IDO,79750,,NIFTY,,2025-04-24,2025-04-24,25500.0,CE,NIFTY25APR25500CE,27.55,31.1,25.0,28.55,27.35,28.95,22945.3,28.55,133950,30600,1938,3710503312.5,929,F1,75,,,,,
2025-02-18,2025-02-18,FO,NSE,IDO,38373,,NIFTY,,2025-06-26,2025-06-26,20000.0,CE,NIFTY25JUN20000CE,3355.0,3436.85,3340.0,3411.65,3415.0,3474.25,22945.3,3411.65,19875,14325,203,356180808.75,190,F1,75,,,,,
2025-02-18,2025-02-18,FO,NSE,IDO,55199,,NIFTY,,2025-03-27,2025-03-27,24350.0,CE,NIFTY25MAR24350CE,60.9,60.9,45.95,48.9,48.3,60.6,22945.3,48.9,16650,2775,250,457486770.0,94,F1,75,,,,,
2025-02-18,2025-02-18,FO,NSE,IDO,51399,,NIFTY,,2025-03-27,2025-03-27,23500.0,CE,NIFTY25MAR23500CE,276.25,279.9,216.65,245.85,237.0,276.25,22945.3,245.85,1083675,98025,12370,22026131572.5,7493,F1,75,,,,,
2025-02-18,2025-02-18,FO,NSE,IDO,51120,,NIFTY,,2025-03-27,2025-03-27,23350.0,CE,NIFTY25MAR23350CE,317.5,331.8,269.35,301.2,296.4,339.75,22945.3,301.2,48000,5475,420,744857051.25,294,F1,75,,,,,
2025-02-18,2025-02-18,FO,NSE,IDO,47014,,NIFTY,,2025-03-27,2025-03-27,22550.0,CE,NIFTY25MAR22550CE,797.0,797.0,700.9,706.4,706.4,800.0,22945.3,716.25,2250,0,13,22691561.25,13,F1,75,,,,,
2025-02-18,2025-02-18,FO,NSE,IDO,46958,,NIFTY,,2025-03-27,2025-03-27,22100.0,CE,NIFTY25MAR22100CE,1037.4,1103.05,1030.5,1102.95,1103.05,1168.3,22945.3,1102.95,900,450,9,15640008.75,6,F1,75,,,,,
2025-02-18,2025-02-18,FO,NSE,IDO,50303,,NIFTY,,2025-03-20,2025-03-20,24500.0,CE,NIFTY2532024500CE,30.0,31.2,24.5,28.65,27.7,33.95,22945.3,28.65,2400,375,11,20236398.75,10,F1,75,,,,,
2025-02-18,2025-02-18,FO,NSE,IDO,50287,,NIFTY,,2025-03-20,2025-03-20,24250.0,CE,NIFTY2532024250CE,0.0,0.0,0.0,119.4,0.0,119.4,22945.3,40.8,0,0,0,0.0,0,F1,75,,,,,
2025-02-18,2025-02-18,FO,NSE,IDO,50135,,NIFTY,,2025-03-20,2025-03-20,21750.0,CE,NIFTY2532021750CE,0.0,0.0,0.0,1483.4,0.0,1483.4,22945.3,1334.3,0,0,0,0.0,0,F1,75,,,,,
2025-02-18,2025-02-18,FO,NSE,IDO,50121,,NIFTY,,2025-03-20,2025-03-20,21500.0,CE,NIFTY2532021500CE,0.0,0.0,0.0,1710.5,0.0,1710.5,22945.3,1570.9,0,0,0,0.0,0,F1,75,,,,,
2025-02-18,2025-02-18,FO,NSE,IDO,45478,,NIFTY,,2025-03-13,2025-03-13,22750.0,CE,NIFTY2531322750CE,536.6,540.0,456.55,456.55,456.55,560.7,22945.3,470.9,0,0,3,5233736.25,3,F1,75,,,,,
2025-02-18,2025-02-18,FO,NSE,IDO,45460,,NIFTY,,2025-03-13,2025-03-13,22350.0,CE,NIFTY2531322350CE,0.0,0.0,0.0,1469.75,0.0,1469.75,22945.3,762.15,0,0,0,0.0,0,F1,75,,,,,
2025-02-18,2025-02-18,FO,NSE,IDO,45458,,NIFTY,,2025-03-13,2025-03-13,22300.0,CE,NIFTY2531322300CE,0.0,0.0,0.0,1513.95,0.0,1513.95,22945.3,803.05,0,0,0,0.0,0,F1,75,,,,,
2025-02-18,2025-02-18,FO,NSE,IDO,45438,,NIFTY,,2025-03-13,2025-03-13,21950.0,CE,NIFTY2531321950CE,0.0,0.0,0.0,1833.3,0.0,1833.3,22945.3,1110.05,0,0,0,0.0,0,F1,75,,,,,
2025-02-18,2025-02-18,FO,NSE,IDO,36688,,NIFTY,,2025-12-24,2025-12-24,19500.0,CE,NIFTY25DEC19500CE,0.0,0.0,0.0,4700.0,4700.0,4700.0,22945.3,4528.3,1450,0,0,0.0,0,F1,75,,,,,
2025-02-18,2025-02-18,FO,NSE,IDO,51451,,NIFTY,,2025-12-24,2025-12-24,21000.0,CE,NIFTY25DEC21000CE,0.0,0.0,0.0,3261.0,3261.0,3261.0,22945.3,3227.05,10225,0,0,0.0,0,F1,75,,,,,
2025-02-18,2025-02-18,FO,NSE,IDO,38378,,NIFTY,,2026-06-25,2026-06-25,20000.0,CE,NIFTY26JUN20000CE,0.0,0.0,0.0,3829.5,0.0,3829.5,22945.3,4727.5,0,0,0,0.0,0,F1,75,,,,,
2025-02-18,2025-02-18,FO,NSE,IDO,51453,,NIFTY,,2026-06-25,2026-06-25,21000.0,CE,NIFTY26JUN21000CE,0.0,0.0,0.0,3881.9,0.0,3881.9,22945.3,3915.35,0,0,0,0.0,0,F1,75,,,,,
2025-02-18,2025-02-18,FO,NSE,IDO,38154,,NIFTY,,2026-06-25,2026-06-25,29000.0,CE,NIFTY26JUN29000CE,0.0,0.0,0.0,864.2,0.0,864.2,22945.3,354.25,0,0,0,0.0,0,F1,75,,,,,
2025-02-18,2025-02-18,FO,NSE,IDO,50978,,NIFTY,,2026-12-31,2026-12-31,27000.0,CE,NIFTY26DEC27000CE,0.0,0.0,0.0,1651.65,0.0,1651.65,22945.3,1263.1,0,0,0,0.0,0,F1,75,,,,,
2025-02-18,2025-02-18,FO,NSE,IDO,53603,,NIFTY,,2027-12-30,2027-12-30,18000.0,CE,NIFTY27DEC18000CE,0.0,0.0,0.0,6285.7,0.0,6285.7,22945.3,8048.45,0,0,0,0.0,0,F1,75,,,,,
2025-02-18,2025-02-18,FO,NSE,IDO,86167,,NIFTY,,2028-06-29,2028-06-29,29000.0,CE,NIFTY28JUN29000CE,0.0,0.0,0.0,2333.25,0.0,2333.25,22945.3,2079.8,0,0,0,0.0,0,F1,75,,,,,
2025-02-18,2025-02-18,FO,NSE,IDO,89614,,NIFTY,,2029-06-28,2029-06-28,19000.0,CE,NIFTY29JUN19000CE,0.0,0.0,0.0,11036.95,0.0,11036.95,22945.3,8727.1,0,0,0,0.0,0,F1,75,,,,,
2025-02-18,2025-02-18,FO,NSE,IDO,89626,,NIFTY,,2029-06-28,2029-06-28,22000.0,CE,NIFTY29JUN22000CE,0.0,0.0,0.0,9207.9,0.0,9207.9,22945.3,6698.9,0,0,0,0.0,0,F1,75,,,,,
2025-02-18,2025-02-18,FO,NSE,IDO,89632,,NIFTY,,2029-06-28,2029-06-28,25000.0,CE,NIFTY29JUN25000CE,0.0,0.0,0.0,7557.7,0.0,7557.7,22945.3,4927.55,0,0,0,0.0,0,F1,75,,,,,
2025-02-18,2025-02-18,FO,NSE,IDO,61858,,NIFTY,,2029-12-27,2029-12-27,28000.0,CE,NIFTY29DEC28000CE,0.0,0.0,0.0,5741.5,0.0,5741.5,22945.3,3998.05,0,0,0,0.0,0,F1,75,,,,,
2025-02-18,2025-02-18,FO,NSE,IDO,63109,,NIFTY,,2025-02-20,2025-02-20,21250.0,PE,NIFTY2522021250PE,0.95,0.95,0.4,0.45,0.45,0.95,22945.3,0.45,655875,-29175,34942,55690480436.25,8407,F1,75,,,,,
2025-02-18,2025-02-18,FO,NSE,IDO,63205,,NIFTY,,2025-02-20,2025-02-20,21400.0,PE,NIFTY2522021400PE,1.0,1.3,0.5,0.65,0.55,1.25,22945.3,0.65,1742700,-187575,92341,148213379565.0,24318,F1,75,,,,,
2025-02-18,2025-02-18,FO,NSE,IDO,63282,,NIFTY,,2025-02-20,2025-02-20,21850.0,PE,NIFTY2522021850PE,2.45,3.0,0.9,1.1,1.05,2.65,22945.3,1.1,746700,-23100,177053,290172986471.25,36878,F1,75,,,,,
2025-02-18,2025-02-18,FO,NSE,IDO,63298,,NIFTY,,2025-02-20,2025-02-20,22050.0,PE,NIFTY2522022050PE,4.15,5.5,1.5,1.7,1.75,4.4,22945.3,1.7,1103025,-98325,280848,464526982290.0,65544,F1,75,,,,,
2025-02-18,2025-02-18,FO,NSE,IDO,63525,,NIFTY,,2025-02-20,2025-02-20,22950.0,PE,NIFTY2522022950PE,130.0,222.5,104.8,119.05,128.5,133.6,22945.3,119.05,1711200,549300,1042340,1806087786690.0,679483,F1,75,,,,,
2025-02-18,2025-02-18,FO,NSE,IDO,63609,,NIFTY,,2025-02-20,2025-02-20,23250.0,PE,NIFTY2522023250PE,291.0,459.0,291.0,325.8,344.2,311.1,22945.3,325.8,149925,-6900,12003,21256351773.75,8166,F1,75,,,,,
2025-02-18,2025-02-18,FO,NSE,IDO,63611,,NIFTY,,2025-02-20,2025-02-20,23300.0,PE,NIFTY2522023300PE,372.3,504.55,341.55,368.15,384.8,349.45,22945.3,368.15,458475,-89625,31260,55590808110.0,19792,F1,75,,,,,
2025-02-18,2025-02-18,FO,NSE,IDO,63744,,NIFTY,,2025-02-20,2025-02-20,24700.0,PE,NIFTY2522024700PE,1790.0,1790.0,1790.0,1790.0,1790.0,1695.0,22945.3,1745.9,6675,-75,1,1986750.0,1,F1,75,,,,,
2025-02-18,2025-02-18,FO,NSE,IDO,63810,,NIFTY,,2025-02-20,2025-02-20,25000.0,PE,NIFTY2522025000PE,2105.0,2153.95,2021.1,2066.1,2064.5,2004.85,22945.3,2066.1,118275,9300,172,349426477.5,169,F1,75,,,,,
2025-02-18,2025-02-18,FO,NSE,IDO,63905,,NIFTY,,2025-02-20,2025-02-20,25200.0,PE,NIFTY2522025200PE,0.0,0.0,0.0,2280.0,2280.0,2280.0,22945.3,2245.75,6900,0,0,0.0,0,F1,75,,,,,
2025-02-18,2025-02-18,FO,NSE,IDO,45408,,NIFTY,,2025-03-13,2025-03-13,21350.0,CE,NIFTY2531321350CE,0.0,0.0,0.0,2408.4,0.0,2408.4,22945.3,1685.55,0,0,0,0.0,0,F1,75,,,,,
2025-02-18,2025-02-18,FO,NSE,IDO,68654,,NIFTY,,2025-03-06,2025-03-06,25000.0,CE,NIFTY2530625000CE,4.3,4.3,3.3,3.5,3.45,4.45,22945.3,3.5,52875,375,978,1834018065.0,371,F1,75,,,,,
2025-02-18,2025-02-18,FO,NSE,IDO,68578,,NIFTY,,2025-03-06,2025-03-06,23600.0,CE,NIFTY2530623600CE,95.3,95.3,62.95,73.6,70.7,95.3,22945.3,73.6,53100,17625,1964,3487038551.25,1319,F1,75,,,,,
2025-02-18,2025-02-18,FO,NSE,IDO,68474,,NIFTY,,2025-03-06,2025-03-06,23150.0,CE,NIFTY2530623150CE,239.4,244.15,182.9,217.15,212.2,255.65,22945.3,217.15,21825,5325,289,506447831.25,219,F1,75,,,,,
2025-02-18,2025-02-18,FO,NSE,IDO,68434,,NIFTY,,2025-03-06,2025-03-06,22400.0,CE,NIFTY2530622400CE,0.0,0.0,0.0,737.85,737.85,737.85,22945.3,665.9,150,0,0,0.0,0,F1,75,,,,,
2025-02-18,2025-02-18,FO,NSE,IDO,68415,,NIFTY,,2025-03-06,2025-03-06,21950.0,CE,NIFTY2530621950CE,0.0,0.0,0.0,1159.95,1159.95,1159.95,22945.3,1069.65,75,0,0,0.0,0,F1,75,,,,,
2025-02-18,2025-02-18,FO,NSE,IDO,68407,,NIFTY,,2025-03-06,2025-03-06,21800.0,CE,NIFTY2530621800CE,0.0,0.0,0.0,1296.15,1298.95,1296.15,22945.3,1213.7,375,0,0,0.0,0,F1,75,,,,,
2025-02-18,2025-02-18,FO,NSE,IDO,64002,,NIFTY,,2025-02-20,2025-02-20,25450.0,PE,NIFTY2522025450PE,0.0,0.0,0.0,1989.2,0.0,1989.2,22945.3,2495.65,0,0,0,0.0,0,F1,75,,,,,
2025-02-18,2025-02-18,FO,NSE,IDO,55564,,NIFTY,,2025-02-27,2025-02-27,21200.0,PE,NIFTY25FEB21200PE,2.45,3.2,2.2,2.25,2.2,2.85,22945.3,2.25,582675,223125,14379,22865361877.5,4935,F1,75,,,,,
2025-02-18,2025-02-18,FO,NSE,IDO,55582,,NIFTY,,2025-02-27,2025-02-27,21550.0,PE,NIFTY25FEB21550PE,5.7,7.6,3.95,4.1,4.1,5.6,22945.3,4.1,85725,51525,3155,5100565200.0,2036,F1,75,,,,,
2025-02-18,2025-02-18,FO,NSE,IDO,55596,,NIFTY,,2025-02-27,2025-02-27,21900.0,PE,NIFTY25FEB21900PE,14.0,20.85,9.8,10.55,10.5,13.8,22945.3,10.55,704550,305400,20264,33304560663.75,12142,F1,75,,,,,
2025-02-18,2025-02-18,FO,NSE,IDO,57584,,NIFTY,,2025-02-27,2025-02-27,23550.0,PE,NIFTY25FEB23550PE,623.95,734.0,582.35,605.95,621.65,571.3,22945.3,605.95,104850,-7875,228,413316277.5,107,F1,75,,,,,
2025-02-18,2025-02-18,FO,NSE,IDO,57664,,NIFTY,,2025-02-27,2025-02-27,25500.0,PE,NIFTY25FEB25500PE,2564.0,2651.05,2485.0,2495.6,2500.85,2463.1,22945.3,2495.6,324075,-3375,187,393539557.5,180,F1,75,,,,,
2025-02-18,2025-02-18,FO,NSE,IDO,57668,,NIFTY,,2025-02-27,2025-02-27,25600.0,PE,NIFTY25FEB25600PE,2593.65,2635.0,2593.65,2630.65,2635.0,2594.8,22945.3,2630.65,25500,-375,6,12701013.75,5,F1,75,,,,,
2025-02-18,2025-02-18,FO,NSE,IDO,57680,,NIFTY,,2025-02-27,2025-02-27,25900.0,PE,NIFTY25FEB25900PE,0.0,0.0,0.0,2905.45,2905.45,2905.45,22945.3,2913.2,6675,0,0,0.0,0,F1,75,,,,,
2025-02-18,2025-02-18,FO,NSE,IDO,57690,,NIFTY,,2025-02-27,2025-02-27,26150.0,PE,NIFTY25FEB26150PE,0.0,0.0,0.0,3111.7,3112.6,3111.7,22945.3,3162.8,225,0,0,0.0,0,F1,75,,,,,
2025-02-18,2025-02-18,FO,NSE,IDO,68408,,NIFTY,,2025-03-06,2025-03-06,21800.0,PE,NIFTY2530621800PE,26.15,37.45,23.95,26.5,26.5,26.7,22945.3,26.5,43350,18300,1562,2557126057.5,882,F1,75,,,,,
2025-02-18,2025-02-18,FO,NSE,IDO,68422,,NIFTY,,2025-03-06,2025-03-06,22100.0,PE,NIFTY2530622100PE,59.85,70.0,45.5,50.35,50.85,49.1,22945.3,50.35,32100,22200,543,902148232.5,393,F1,75,,,,,
2025-02-18,2025-02-18,FO,NSE,IDO,68447,,NIFTY,,2025-03-06,2025-03-06,22500.0,PE,NIFTY2530622500PE,116.6,151.85,101.55,108.55,111.55,109.45,22945.3,108.55,90225,20625,4244,7200952278.75,2622,F1,75,,,,,
2025-02-18,2025-02-18,FO,NSE,IDO,68575,,NIFTY,,2025-03-06,2025-03-06,23500.0,PE,NIFTY2530623500PE,549.9,675.0,548.25,564.15,585.1,544.1,22945.3,564.15,32775,2700,366,661284491.25,216,F1,75,,,,,
2025-02-18,2025-02-18,FO,NSE,IDO,68581,,NIFTY,,2025-03-06,2025-03-06,23650.0,PE,NIFTY2530623650PE,0.0,0.0,0.0,645.9,645.9,645.9,22945.3,693.9,150,0,0,0.0,0,F1,75,,,,,
2025-02-18,2025-02-18,FO,NSE,IDO,68597,,NIFTY,,2025-03-06,2025-03-06,24050.0,PE,NIFTY2530624050PE,0.0,0.0,0.0,996.45,996.45,996.45,22945.3,1052.35,450,0,0,0.0,0,F1,75,,,,,
2025-02-18,2025-02-18,FO,NSE,IDO,68767,,NIFTY,,2025-03-06,2025-03-06,25350.0,PE,NIFTY2530625350PE,0.0,0.0,0.0,2251.55,2251.55,2251.55,22945.3,2332.6,150,0,0,0.0,0,F1,75,,,,,
2025-02-18,2025-02-18,FO,NSE,IDO,45413,,NIFTY,,2025-03-13,2025-03-13,21450.0,PE,NIFTY2531321450PE,0.0,0.0,0.0,8.45,0.0,8.45,22945.3,4.45,0,0,0,0.0,0,F1,75,,,,,
2025-02-18,2025-02-18,FO,NSE,IDO,45452,,NIFTY,,2025-03-13,2025-03-13,22200.0,PE,NIFTY2531322200PE,0.0,0.0,0.0,98.0,98.0,98.0,22945.3,51.3,525,0,0,0.0,0,F1,75,,,,,
2025-02-18,2025-02-18,FO,NSE,IDO,45524,,NIFTY,,2025-03-13,2025-03-13,23400.0,PE,NIFTY2531323400PE,600.0,600.0,600.0,600.0,600.0,307.7,22945.3,521.75,75,75,1,1800000.0,1,F1,75,,,,,
2025-02-18,2025-02-18,FO,NSE,IDO,45549,,NIFTY,,2025-03-13,2025-03-13,23950.0,PE,NIFTY2531323950PE,0.0,0.0,0.0,569.0,0.0,569.0,22945.3,955.1,0,0,0,0.0,0,F1,75,,,,,
2025-02-18,2025-02-18,FO,NSE,IDO,45555,,NIFTY,,2025-03-13,2025-03-13,24100.0,PE,NIFTY2531324100PE,0.0,0.0,0.0,657.55,0.0,657.55,22945.3,1089.05,0,0,0,0.0,0,F1,75,,,,,
2025-02-18,2025-02-18,FO,NSE,IDO,45589,,NIFTY,,2025-03-13,2025-03-13,24300.0,PE,NIFTY2531324300PE,0.0,0.0,0.0,786.5,0.0,786.5,22945.3,1274.35,0,0,0,0.0,0,F1,75,,,,,
2025-02-18,2025-02-18,FO,NSE,IDO,50114,,NIFTY,,2025-03-20,2025-03-20,21300.0,PE,NIFTY2532021300PE,0.0,0.0,0.0,20.1,0.0,20.1,22945.3,5.75,0,0,0,0.0,0,F1,75,,,,,
2025-02-18,2025-02-18,FO,NSE,IDO,50252,,NIFTY,,2025-03-20,2025-03-20,23650.0,PE,NIFTY2532023650PE,0.0,0.0,0.0,726.45,0.0,726.45,22945.3,717.15,0,0,0,0.0,0,F1,75,,,,,
2025-02-18,2025-02-18,FO,NSE,IDO,50258,,NIFTY,,2025-03-20,2025-03-20,23750.0,PE,NIFTY2532023750PE,0.0,0.0,0.0,793.7,0.0,793.7,22945.3,793.25,0,0,0,0.0,0,F1,75,,,,,
2025-02-18,2025-02-18,FO,NSE,IDO,50308,,NIFTY,,2025-03-20,2025-03-20,24600.0,PE,NIFTY2532024600PE,0.0,0.0,0.0,1468.7,0.0,1468.7,22945.3,1541.2,0,0,0,0.0,0,F1,75,,,,,
2025-02-18,2025-02-18,FO,NSE,IDO,46869,,NIFTY,,2025-03-27,2025-03-27,21350.0,PE,NIFTY25MAR21350PE,0.0,0.0,0.0,26.05,26.05,26.05,22945.3,11.9,2850,0,0,0.0,0,F1,75,,,,,
2025-02-18,2025-02-18,FO,NSE,IDO,46879,,NIFTY,,2025-03-27,2025-03-27,21450.0,PE,NIFTY25MAR21450PE,0.0,0.0,0.0,101.9,101.9,101.9,22945.3,15.7,2850,0,0,0.0,0,F1,75,,,,,
2025-02-18,2025-02-18,FO,NSE,IDO,46959,,NIFTY,,2025-03-27,2025-03-27,22100.0,PE,NIFTY25MAR22100PE,129.7,152.45,118.9,126.05,126.4,121.15,22945.3,126.05,229200,-4800,1637,2729780467.5,1151,F1,75,,,,,
2025-02-18,2025-02-18,FO,NSE,IDO,46998,,NIFTY,,2025-03-27,2025-03-27,22500.0,PE,NIFTY25MAR22500PE,209.65,251.75,199.2,208.25,213.5,201.6,22945.3,208.25,1782075,-108300,15493,26407318597.5,8684,F1,75,,,,,
2025-02-18,2025-02-18,FO,NSE,IDO,48350,,NIFTY,,2025-03-27,2025-03-27,23150.0,PE,NIFTY25MAR23150PE,470.0,512.55,423.2,427.5,445.65,420.35,22945.3,427.5,32625,1650,182,322163913.75,104,F1,75,,,,,
2025-02-18,2025-02-18,FO,NSE,IDO,51400,,NIFTY,,2025-03-27,2025-03-27,23500.0,PE,NIFTY25MAR23500PE,612.05,722.0,605.05,633.75,636.05,600.6,22945.3,633.75,952275,25350,3464,6276316503.75,2496,F1,75,,,,,
2025-02-18,2025-02-18,FO,NSE,IDO,54722,,NIFTY,,2025-03-27,2025-03-27,23900.0,PE,NIFTY25MAR23900PE,936.0,1005.0,875.0,885.0,908.0,861.7,22945.3,885.0,32700,0,58,108029722.5,48,F1,75,,,,,
2025-02-18,2025-02-18,FO,NSE,IDO,54724,,NIFTY,,2025-03-27,2025-03-27,23950.0,PE,NIFTY25MAR23950PE,0.0,0.0,0.0,888.95,889.3,888.95,22945.3,956.45,14475,0,0,0.0,0,F1,75,,,,,
2025-02-18,2025-02-18,FO,NSE,IDO,54726,,NIFTY,,2025-03-27,2025-03-27,24050.0,PE,NIFTY25MAR24050PE,0.0,0.0,0.0,861.85,861.85,861.85,22945.3,1038.05,6450,0,0,0.0,0,F1,75,,,,,
2025-02-18,2025-02-18,FO,NSE,IDO,64573,,NIFTY,,2025-03-27,2025-03-27,26000.0,PE,NIFTY25MAR26000PE,2900.0,2980.6,2830.0,2857.45,2875.5,2804.55,22945.3,2857.45,576000,7500,160,346902682.5,144,F1,75,,,,,
2025-02-18,2025-02-18,FO,NSE,IDO,79273,,NIFTY,,2025-04-24,2025-04-24,21900.0,PE,NIFTY25APR21900PE,151.0,167.8,148.85,154.35,154.35,143.8,22945.3,154.35,48600,8925,428,708073736.25,311,F1,75,,,,,
2025-02-18,2025-02-18,FO,NSE,IDO,79412,,NIFTY,,2025-04-24,2025-04-24,22800.0,PE,NIFTY25APR22800PE,375.0,412.5,344.3,353.0,364.05,348.4,22945.3,353.0,31800,1125,460,799291698.75,176,F1,75,,,,,
2025-02-18,2025-02-18,FO,NSE,IDO,79433,,NIFTY,,2025-04-24,2025-04-24,23000.0,PE,NIFTY25APR23000PE,423.0,491.25,411.7,426.05,433.3,413.45,22945.3,426.05,251850,10875,1971,3465519783.75,1443,F1,75,,,,,
2025-02-18,2025-02-18,FO,NSE,IDO,79441,,NIFTY,,2025-04-24,2025-04-24,23200.0,PE,NIFTY25APR23200PE,555.0,572.3,491.8,502.6,502.75,491.8,22945.3,502.6,25275,1725,56,99621911.25,34,F1,75,,,,,
2025-02-18,2025-02-18,FO,NSE,IDO,79514,,NIFTY,,2025-04-24,2025-04-24,23800.0,PE,NIFTY25APR23800PE,825.0,900.05,825.0,874.85,874.85,814.6,22945.3,863.9,8100,-375,9,16664992.5,5,F1,75,,,,,
2025-02-18,2025-02-18,FO,NSE,IDO,79669,,NIFTY,,2025-04-24,2025-04-24,24650.0,PE,NIFTY25APR24650PE,0.0,0.0,0.0,924.7,924.7,924.7,22945.3,1519.1,750,0,0,0.0,0,F1,75,,,,,
2025-02-18,2025-02-18,FO,NSE,IDO,79730,,NIFTY,,2025-04-24,2025-04-24,25100.0,PE,NIFTY25APR25100PE,0.0,0.0,0.0,1667.15,0.0,1667.15,22945.3,1916.8,0,0,0,0.0,0,F1,75,,,,,
2025-02-18,2025-02-18,FO,NSE,IDO,68395,,NIFTY,,2025-03-06,2025-03-06,21500.0,CE,NIFTY2530621500CE,0.0,0.0,0.0,1557.35,1557.35,1557.35,22945.3,1508.05,75,0,0,0.0,0,F1,75,,,,,
2025-02-18,2025-02-18,FO,NSE,IDO,57627,,NIFTY,,2025-02-27,2025-02-27,24650.0,CE,NIFTY25FEB24650CE,2.2,2.75,2.0,2.1,2.0,2.7,22945.3,2.1,28875,-5700,620,1146336285.0,351,F1,75,,,,,
2025-02-18,2025-02-18,FO,NSE,IDO,57621,,NIFTY,,2025-02-27,2025-02-27,24500.0,CE,NIFTY25FEB24500CE,3.0,3.45,2.2,2.35,2.2,3.35,22945.3,2.35,3654150,93750,23580,43333057863.75,7236,F1,75,,,,,
2025-02-18,2025-02-18,FO,NSE,IDO,55633,,NIFTY,,2025-02-27,2025-02-27,22850.0,CE,NIFTY25FEB22850CE,319.5,323.6,224.35,278.3,269.2,334.8,22945.3,278.3,264600,117225,21325,36966122310.0,14204,F1,75,,,,,
2025-02-18,2025-02-18,FO,NSE,IDO,55625,,NIFTY,,2025-02-27,2025-02-27,22650.0,CE,NIFTY25FEB22650CE,454.0,454.0,342.05,411.05,403.4,472.9,22945.3,411.05,29775,4050,745,1287482700.0,509,F1,75,,,,,
2025-02-18,2025-02-18,FO,NSE,IDO,55613,,NIFTY,,2025-02-27,2025-02-27,22350.0,CE,NIFTY25FEB22350CE,683.85,683.85,560.35,683.5,683.5,715.6,22945.3,651.45,6000,2700,58,99744885.0,27,F1,75,,,,,
2025-02-18,2025-02-18,FO,NSE,IDO,55559,,NIFTY,,2025-02-27,2025-02-27,21100.0,CE,NIFTY25FEB21100CE,1854.1,1874.6,1770.0,1847.45,1843.0,1894.05,22945.3,1847.45,4500,450,27,46426361.25,19,F1,75,,,,,
2025-02-18,2025-02-18,FO,NSE,IDO,63809,,NIFTY,,2025-02-20,2025-02-20,25000.0,CE,NIFTY2522025000CE,0.55,0.9,0.4,0.45,0.4,0.65,22945.3,0.45,5162325,804750,194671,365017207421.25,26071,F1,75,,,,,
2025-02-18,2025-02-18,FO,NSE,IDO,64703,,NIFTY,,2025-09-25,2025-09-25,29000.0,PE,NIFTY25SEP29000PE,0.0,0.0,0.0,2125.3,0.0,2125.3,22945.3,4975.6,0,0,0,0.0,0,F1,75,,,,,
2025-02-18,2025-02-18,FO,NSE,IDO,58623,,NIFTY,,2025-12-24,2025-12-24,22000.0,PE,NIFTY25DEC22000PE,475.95,499.0,470.0,479.8,479.0,467.0,22945.3,479.8,459475,6225,493,831369078.75,437,F1,75,,,,,
2025-02-18,2025-02-18,FO,NSE,IDO,58641,,NIFTY,,2026-12-31,2026-12-31,18000.0,PE,NIFTY26DEC18000PE,0.0,0.0,0.0,76.1,76.1,76.1,22945.3,30.15,5175,0,0,0.0,0,F1,75,,,,,
2025-02-18,2025-02-18,FO,NSE,IDO,58645,,NIFTY,,2026-12-31,2026-12-31,20000.0,PE,NIFTY26DEC20000PE,375.0,375.0,375.0,375.0,375.0,321.0,22945.3,375.0,4350,0,1,1528125.0,1,F1,75,,,,,
2025-02-18,2025-02-18,FO,NSE,IDO,53604,,NIFTY,,2027-12-30,2027-12-30,18000.0,PE,NIFTY27DEC18000PE,0.0,0.0,0.0,244.4,244.4,244.4,22945.3,46.65,10175,0,0,0.0,0,F1,75,,,,,
2025-02-18,2025-02-18,FO,NSE,IDO,86150,,NIFTY,,2028-06-29,2028-06-29,23000.0,PE,NIFTY28JUN23000PE,0.0,0.0,0.0,1399.25,0.0,1399.25,22945.3,522.2,0,0,0,0.0,0,F1,75,,,,,
2025-02-18,2025-02-18,FO,NSE,IDO,67793,,NIFTY,,2028-12-28,2028-12-28,29000.0,PE,NIFTY28DEC29000PE,0.0,0.0,0.0,2010.85,0.0,2010.85,22945.3,2192.7,0,0,0,0.0,0,F1,75,,,,,
2025-02-18,2025-02-18,FO,NSE,IDO,89637,,NIFTY,,2029-06-28,2029-06-28,27000.0,PE,NIFTY29JUN27000PE,0.0,0.0,0.0,1252.35,0.0,1252.35,22945.3,1318.25,0,0,0,0.0,0,F1,75,,,,,
2025-02-18,2025-02-18,FO,NSE,IDO,61745,,NIFTY,,2029-12-27,2029-12-27,22000.0,PE,NIFTY29DEC22000PE,0.0,0.0,0.0,373.65,0.0,373.65,22945.3,306.0,0,0,0,0.0,0,F1,75,,,,,
2025-02-18,2025-02-18,FO,NSE,IDO,63743,,NIFTY,,2025-02-20,2025-02-20,24700.0,CE,NIFTY2522024700CE,0.7,0.95,0.4,0.45,0.4,0.7,22945.3,0.45,756750,-41925,52160,96628825721.25,12171,F1,75,,,,,
2025-02-18,2025-02-18,FO,NSE,IDO,63717,,NIFTY,,2025-02-20,2025-02-20,24500.0,CE,NIFTY2522024500CE,0.75,0.95,0.45,0.5,0.45,0.75,22945.3,0.5,6329850,783225,234479,430867187205.0,32158,F1,75,,,,,
2025-02-18,2025-02-18,FO,NSE,IDO,63682,,NIFTY,,2025-02-20,2025-02-20,24000.0,CE,NIFTY2522024000CE,1.4,1.65,0.7,0.8,0.75,1.55,22945.3,0.8,8769900,-3016575,904321,1627856608755.0,122906,F1,75,,,,,
2025-02-18,2025-02-18,FO,NSE,IDO,63676,,NIFTY,,2025-02-20,2025-02-20,23900.0,CE,NIFTY2522023900CE,1.8,2.1,0.8,0.9,0.8,1.9,22945.3,0.9,3517425,-1776300,461514,827308833652.5,92495,F1,75,,,,,
2025-02-18,2025-02-18,FO,NSE,IDO,63622,,NIFTY,,2025-02-20,2025-02-20,23500.0,CE,NIFTY2522023500CE,14.5,14.5,3.6,4.45,3.6,14.25,22945.3,4.45,9246975,1766625,1225945,2161380996378.75,321797,F1,75,,,,,
2025-02-18,2025-02-18,FO,NSE,IDO,49834,,NIFTY,,2025-03-27,2025-03-27,23250.0,CE,NIFTY25MAR23250CE,365.85,378.2,309.75,350.2,341.2,386.85,22945.3,350.2,37125,1275,314,555382867.5,232,F1,75,,,,,
2025-02-18,2025-02-18,FO,NSE,IDO,56534,,NIFTY,,2025-03-27,2025-03-27,24650.0,CE,NIFTY25MAR24650CE,33.0,33.0,27.35,27.9,27.35,34.4,22945.3,27.9,3975,-1275,77,142519830.0,52,F1,75,,,,,
2025-02-18,2025-02-18,FO,NSE,IDO,56566,,NIFTY,,2025-03-27,2025-03-27,24850.0,CE,NIFTY25MAR24850CE,22.35,22.35,20.5,20.5,20.5,27.15,22945.3,20.5,13125,-1125,19,35441565.0,10,F1,75,,,,,
2025-02-18,2025-02-18,FO,NSE,IDO,56868,,NIFTY,,2025-03-27,2025-03-27,25100.0,CE,NIFTY25MAR25100CE,18.0,18.0,14.95,15.1,14.95,18.1,22945.3,15.1,51225,-9525,666,1254548295.0,389,F1,75,,,,,
2025-02-18,2025-02-18,FO,NSE,IDO,56890,,NIFTY,,2025-03-27,2025-03-27,25650.0,CE,NIFTY25MAR25650CE,13.95,13.95,10.55,10.85,10.85,13.55,22945.3,10.85,3300,-1650,75,144345078.75,39,F1,75,,,,,
2025-02-18,2025-02-18,FO,NSE,IDO,58793,,NIFTY,,2025-03-27,2025-03-27,25900.0,CE,NIFTY25MAR25900CE,11.2,11.5,10.0,10.1,10.0,11.05,22945.3,10.1,4350,-2250,51,99107523.75,24,F1,75,,,,,
2025-02-18,2025-02-18,FO,NSE,IDO,64584,,NIFTY,,2025-03-27,2025-03-27,30000.0,CE,NIFTY25MAR30000CE,4.95,5.1,4.55,4.85,4.85,5.05,22945.3,4.85,286800,9325,965,2171591306.25,212,F1,75,,,,,
2025-02-18,2025-02-18,FO,NSE,IDO,79251,,NIFTY,,2025-04-24,2025-04-24,21400.0,CE,NIFTY25APR21400CE,0.0,0.0,0.0,2285.9,0.0,2285.9,22945.3,1833.25,0,0,0,0.0,0,F1,75,,,,,
2025-02-18,2025-02-18,FO,NSE,IDO,79266,,NIFTY,,2025-04-24,2025-04-24,21750.0,CE,NIFTY25APR21750CE,0.0,0.0,0.0,1985.45,0.0,1985.45,22945.3,1522.95,0,0,0,0.0,0,F1,75,,,,,
2025-02-18,2025-02-18,FO,NSE,IDO,79370,,NIFTY,,2025-04-24,2025-04-24,22200.0,CE,NIFTY25APR22200CE,0.0,0.0,0.0,1624.0,0.0,1624.0,22945.3,1155.6,0,0,0,0.0,0,F1,75,,,,,
2025-02-18,2025-02-18,FO,NSE,IDO,79434,,NIFTY,,2025-04-24,2025-04-24,23050.0,CE,NIFTY25APR23050CE,650.65,650.65,632.05,632.05,632.05,676.0,22945.3,632.05,1800,75,2,3553702.5,2,F1,75,,,,,
2025-02-18,2025-02-18,FO,NSE,IDO,79436,,NIFTY,,2025-04-24,2025-04-24,23100.0,CE,NIFTY25APR23100CE,640.0,640.0,612.4,617.3,612.4,672.65,22945.3,617.3,10725,375,15,26685360.0,5,F1,75,,,,,
2025-02-18,2025-02-18,FO,NSE,IDO,79503,,NIFTY,,2025-04-24,2025-04-24,23550.0,CE,NIFTY25APR23550CE,0.0,0.0,0.0,763.2,0.0,763.2,22945.3,370.35,0,0,0,0.0,0,F1,75,,,,,
2025-02-18,2025-02-18,FO,NSE,IDO,79608,,NIFTY,,2025-04-24,2025-04-24,24200.0,CE,NIFTY25APR24200CE,185.0,185.0,166.0,177.35,174.25,192.3,22945.3,177.35,32175,6300,191,349132976.25,159,F1,75,,,,,
2025-02-18,2025-02-18,FO,NSE,IDO,79646,,NIFTY,,2025-04-24,2025-04-24,24650.0,CE,NIFTY25APR24650CE,101.1,101.1,86.6,86.6,86.6,98.25,22945.3,98.1,975,0,6,11134732.5,2,F1,75,,,,,
2025-02-18,2025-02-18,FO,NSE,IDO,79727,,NIFTY,,2025-04-24,2025-04-24,25050.0,CE,NIFTY25APR25050CE,0.0,0.0,0.0,52.35,52.35,52.35,22945.3,55.0,750,0,0,0.0,0,F1,75,,,,,
2025-02-18,2025-02-18,FO,NSE,IDO,51122,,NIFTY,,2025-03-27,2025-03-27,23400.0,CE,NIFTY25MAR23400CE,316.7,316.7,250.85,282.5,274.8,317.1,22945.3,282.5,179175,24525,2276,4041979440.0,1609,F1,75,,,,,
2025-02-18,2025-02-18,FO,NSE,IDO,61915,,NIFTY,,2029-12-27,2029-12-27,29000.0,PE,NIFTY29DEC29000PE,0.0,0.0,0.0,1669.2,0.0,1669.2,22945.3,1781.85,0,0,0,0.0,0,F1,75,,,,,
2025-02-18,2025-02-18,FO,NSE,IDO,61391,,NIFTY,,2029-12-27,2029-12-27,18000.0,PE,NIFTY29DEC18000PE,0.0,0.0,0.0,96.5,0.0,96.5,22945.3,56.8,0,0,0,0.0,0,F1,75,,,,,
2025-02-18,2025-02-18,FO,NSE,IDO,67785,,NIFTY,,2028-12-28,2028-12-28,25000.0,PE,NIFTY28DEC25000PE,0.0,0.0,0.0,1299.0,1299.0,1299.0,22945.3,889.3,450,0,0,0.0,0,F1,75,,,,,
2025-02-18,2025-02-18,FO,NSE,IDO,67779,,NIFTY,,2028-12-28,2028-12-28,22000.0,PE,NIFTY28DEC22000PE,0.0,0.0,0.0,521.3,521.3,521.3,22945.3,344.8,225,0,0,0.0,0,F1,75,,,,,
2025-02-18,2025-02-18,FO,NSE,IDO,86142,,NIFTY,,2028-06-29,2028-06-29,19000.0,PE,NIFTY28JUN19000PE,0.0,0.0,0.0,537.45,0.0,537.45,22945.3,91.8,0,0,0,0.0,0,F1,75,,,,,
2025-02-18,2025-02-18,FO,NSE,IDO,58647,,NIFTY,,2026-12-31,2026-12-31,21000.0,PE,NIFTY26DEC21000PE,0.0,0.0,0.0,449.95,449.95,449.95,22945.3,234.2,1475,0,0,0.0,0,F1,75,,,,,
2025-02-18,2025-02-18,FO,NSE,IDO,37802,,NIFTY,,2026-06-25,2026-06-25,13000.0,PE,NIFTY26JUN13000PE,0.0,0.0,0.0,21.6,21.6,21.6,22945.3,0.05,200,0,0,0.0,0,F1,75,,,,,
2025-02-18,2025-02-18,FO,NSE,IDO,71380,,NIFTY,,2025-06-26,2025-06-26,24000.0,PE,NIFTY25JUN24000PE,963.35,1069.75,951.05,975.1,991.75,948.3,22945.3,975.1,682025,13600,1389,2606909433.75,1186,F1,75,,,,,
2025-02-18,2025-02-18,FO,NSE,IDO,79732,,NIFTY,,2025-04-24,2025-04-24,25150.0,PE,NIFTY25APR25150PE,0.0,0.0,0.0,1706.25,0.0,1706.25,22945.3,1962.45,0,0,0,0.0,0,F1,75,,,,,
2025-02-18,2025-02-18,FO,NSE,IDO,79675,,NIFTY,,2025-04-24,2025-04-24,24800.0,PE,NIFTY25APR24800PE,0.0,0.0,0.0,1283.45,1283.45,1283.45,22945.3,1648.7,225,0,0,0.0,0,F1,75,,,,,
2025-02-18,2025-02-18,FO,NSE,IDO,79506,,NIFTY,,2025-04-24,2025-04-24,23600.0,PE,NIFTY25APR23600PE,738.0,738.0,676.35,691.05,717.55,697.95,22945.3,691.05,36375,28950,490,892835115.0,464,F1,75,,,,,
2025-02-18,2025-02-18,FO,NSE,IDO,79502,,NIFTY,,2025-04-24,2025-04-24,23500.0,PE,NIFTY25APR23500PE,626.9,738.85,626.6,641.4,662.95,627.4,22945.3,641.4,160050,5250,1027,1861147541.25,861,F1,75,,,,,
2025-02-18,2025-02-18,FO,NSE,IDO,79443,,NIFTY,,2025-04-24,2025-04-24,23250.0,PE,NIFTY25APR23250PE,0.0,0.0,0.0,484.4,484.4,484.4,22945.3,535.7,2175,0,0,0.0,0,F1,75,,,,,
2025-02-18,2025-02-18,FO,NSE,IDO,79267,,NIFTY,,2025-04-24,2025-04-24,21750.0,PE,NIFTY25APR21750PE,129.6,131.0,129.6,131.0,131.0,124.1,22945.3,77.35,750,750,11,18050775.0,3,F1,75,,,,,
2025-02-18,2025-02-18,FO,NSE,IDO,79265,,NIFTY,,2025-04-24,2025-04-24,21700.0,PE,NIFTY25APR21700PE,122.95,130.2,119.35,126.0,128.3,118.75,22945.3,126.0,35550,7350,288,471459592.5,213,F1,75,,,,,
2025-02-18,2025-02-18,FO,NSE,IDO,79248,,NIFTY,,2025-04-24,2025-04-24,21300.0,PE,NIFTY25APR21300PE,82.75,98.35,82.0,83.7,89.35,81.7,22945.3,83.7,26400,17250,323,518256945.0,115,F1,75,,,,,
2025-02-18,2025-02-18,FO,NSE,IDO,64579,,NIFTY,,2025-03-27,2025-03-27,28000.0,PE,NIFTY25MAR28000PE,4862.45,4954.9,4810.0,4835.75,4859.1,4768.4,22945.3,4835.75,258150,2975,87,214354931.25,87,F1,75,,,,,
2025-02-18,2025-02-18,FO,NSE,IDO,58784,,NIFTY,,2025-03-27,2025-03-27,25800.0,PE,NIFTY25MAR25800PE,0.0,0.0,0.0,2700.0,2700.0,2700.0,22945.3,2686.8,150,0,0,0.0,0,F1,75,,,,,
2025-02-18,2025-02-18,FO,NSE,IDO,56883,,NIFTY,,2025-03-27,2025-03-27,25450.0,PE,NIFTY25MAR25450PE,0.0,0.0,0.0,1560.7,0.0,1560.7,22945.3,2341.55,0,0,0,0.0,0,F1,75,,,,,
2025-02-18,2025-02-18,FO,NSE,IDO,56573,,NIFTY,,2025-03-27,2025-03-27,24950.0,PE,NIFTY25MAR24950PE,0.0,0.0,0.0,1212.6,0.0,1212.6,22945.3,1854.9,0,0,0,0.0,0,F1,75,,,,,
2025-02-18,2025-02-18,FO,NSE,IDO,53847,,NIFTY,,2025-03-27,2025-03-27,23750.0,PE,NIFTY25MAR23750PE,0.0,0.0,0.0,777.65,777.65,777.65,22945.3,801.4,19200,0,0,0.0,0,F1,75,,,,,
2025-02-18,2025-02-18,FO,NSE,IDO,51121,,NIFTY,,2025-03-27,2025-03-27,23350.0,PE,NIFTY25MAR23350PE,565.0,605.0,526.0,547.25,551.2,518.25,22945.3,547.25,17550,1350,112,200905256.25,78,F1,75,,,,,
2025-02-18,2025-02-18,FO,NSE,IDO,64565,,NIFTY,,2025-03-27,2025-03-27,23000.0,PE,NIFTY25MAR23000PE,364.2,443.5,358.5,376.25,385.15,359.3,22945.3,376.25,2814475,-31575,16385,28752026985.0,9895,F1,75,,,,,
2025-02-18,2025-02-18,FO,NSE,IDO,46929,,NIFTY,,2025-03-27,2025-03-27,21900.0,PE,NIFTY25MAR21900PE,93.75,117.9,91.65,96.85,98.9,93.75,22945.3,96.85,221550,12450,2114,3488299901.25,1231,F1,75,,,,,
2025-02-18,2025-02-18,FO,NSE,IDO,46920,,NIFTY,,2025-03-27,2025-03-27,21800.0,PE,NIFTY25MAR21800PE,83.9,103.25,80.6,85.0,87.95,82.35,22945.3,85.0,391800,7350,2616,4295020961.25,1718,F1,75,,,,,
2025-02-18,2025-02-18,FO,NSE,IDO,46893,,NIFTY,,2025-03-27,2025-03-27,21650.0,PE,NIFTY25MAR21650PE,52.7,84.75,52.7,71.8,72.15,34.3,22945.3,71.8,7200,4425,215,350245087.5,125,F1,75,,,,,
2025-02-18,2025-02-18,FO,NSE,IDO,46891,,NIFTY,,2025-03-27,2025-03-27,21600.0,PE,NIFTY25MAR21600PE,70.0,80.0,61.3,67.25,68.3,65.25,22945.3,67.25,121950,13500,751,1220523896.25,445,F1,75,,,,,
2025-02-18,2025-02-18,FO,NSE,IDO,46830,,NIFTY,,2025-03-27,2025-03-27,21100.0,PE,NIFTY25MAR21100PE,36.5,43.0,36.0,37.8,37.95,36.8,22945.3,37.8,98250,32025,1133,1796240107.5,598,F1,75,,,,,
2025-02-18,2025-02-18,FO,NSE,IDO,64557,,NIFTY,,2025-03-27,2025-03-27,20000.0,PE,NIFTY25MAR20000PE,11.9,14.15,11.85,12.85,12.8,12.6,22945.3,12.85,1151800,34800,2642,3965587503.75,1059,F1,75,,,,,
2025-02-18,2025-02-18,FO,NSE,IDO,50320,,NIFTY,,2025-03-20,2025-03-20,24750.0,PE,NIFTY2532024750PE,0.0,0.0,0.0,1602.4,0.0,1602.4,22945.3,1684.7,0,0,0,0.0,0,F1,75,,,,,
2025-02-18,2025-02-18,FO,NSE,IDO,50200,,NIFTY,,2025-03-20,2025-03-20,22600.0,PE,NIFTY2532022600PE,0.0,0.0,0.0,220.0,220.0,220.0,22945.3,163.05,75,0,0,0.0,0,F1,75,,,,,
2025-02-18,2025-02-18,FO,NSE,IDO,50187,,NIFTY,,2025-03-20,2025-03-20,22500.0,PE,NIFTY2532022500PE,182.05,215.0,178.0,178.0,178.0,175.8,22945.3,178.0,2850,375,23,39147686.25,20,F1,75,,,,,
2025-02-18,2025-02-18,FO,NSE,IDO,50136,,NIFTY,,2025-03-20,2025-03-20,21750.0,PE,NIFTY2532021750PE,0.0,0.0,0.0,52.55,0.0,52.55,22945.3,23.1,0,0,0,0.0,0,F1,75,,,,,
2025-02-18,2025-02-18,FO,NSE,IDO,45632,,NIFTY,,2025-03-13,2025-03-13,24850.0,PE,NIFTY2531324850PE,0.0,0.0,0.0,1198.15,0.0,1198.15,22945.3,1806.5,0,0,0,0.0,0,F1,75,,,,,
2025-02-18,2025-02-18,FO,NSE,IDO,45596,,NIFTY,,2025-03-13,2025-03-13,24400.0,PE,NIFTY2531324400PE,0.0,0.0,0.0,855.4,0.0,855.4,22945.3,1369.15,0,0,0,0.0,0,F1,75,,,,,
2025-02-18,2025-02-18,FO,NSE,IDO,45539,,NIFTY,,2025-03-13,2025-03-13,23700.0,PE,NIFTY2531323700PE,0.0,0.0,0.0,696.0,696.0,696.0,22945.3,744.95,450,0,0,0.0,0,F1,75,,,,,
2025-02-18,2025-02-18,FO,NSE,IDO,45529,,NIFTY,,2025-03-13,2025-03-13,23500.0,PE,NIFTY2531323500PE,561.9,680.0,561.9,592.95,592.95,553.25,22945.3,592.1,450,-75,5,9043256.25,4,F1,75,,,,,
2025-02-18,2025-02-18,FO,NSE,IDO,45469,,NIFTY,,2025-03-13,2025-03-13,22500.0,PE,NIFTY2531322500PE,154.95,185.0,149.25,152.35,154.65,142.2,22945.3,152.35,10200,3600,94,159786832.5,52,F1,75,,,,,
2025-02-18,2025-02-18,FO,NSE,IDO,45425,,NIFTY,,2025-03-13,2025-03-13,21650.0,PE,NIFTY2531321650PE,0.0,0.0,0.0,31.0,32.0,31.0,22945.3,9.3,150,0,0,0.0,0,F1,75,,,,,
2025-02-18,2025-02-18,FO,NSE,IDO,45415,,NIFTY,,2025-03-13,2025-03-13,21500.0,PE,NIFTY2531321500PE,0.0,0.0,0.0,9.55,0.0,9.55,22945.3,5.35,0,0,0,0.0,0,F1,75,,,,,
2025-02-18,2025-02-18,FO,NSE,IDO,45407,,NIFTY,,2025-03-13,2025-03-13,21300.0,PE,NIFTY2531321300PE,21.35,25.6,18.15,18.35,19.0,20.65,22945.3,18.35,2400,-600,41,65567430.0,14,F1,75,,,,,
2025-02-18,2025-02-18,FO,NSE,IDO,68648,,NIFTY,,2025-03-06,2025-03-06,24950.0,PE,NIFTY2530624950PE,0.0,0.0,0.0,1857.55,1857.9,1857.55,22945.3,1934.1,300,0,0,0.0,0,F1,75,,,,,
2025-02-18,2025-02-18,FO,NSE,IDO,68585,,NIFTY,,2025-03-06,2025-03-06,23750.0,PE,NIFTY2530623750PE,0.0,0.0,0.0,764.15,764.15,764.15,22945.3,779.35,75,0,0,0.0,0,F1,75,,,,,
2025-02-18,2025-02-18,FO,NSE,IDO,68475,,NIFTY,,2025-03-06,2025-03-06,23150.0,PE,NIFTY2530623150PE,345.2,428.9,334.4,353.4,358.45,332.7,22945.3,353.4,8850,3825,68,119934483.75,32,F1,75,,,,,
2025-02-18,2025-02-18,FO,NSE,IDO,57698,,NIFTY,,2025-02-27,2025-02-27,26200.0,PE,NIFTY25FEB26200PE,0.0,0.0,0.0,3025.25,3025.25,3025.25,22945.3,3212.75,29325,0,0,0.0,0,F1,75,,,,,
2025-02-18,2025-02-18,FO,NSE,IDO,57666,,NIFTY,,2025-02-27,2025-02-27,25550.0,PE,NIFTY25FEB25550PE,0.0,0.0,0.0,2513.75,2514.9,2513.75,22945.3,2563.8,225,0,0,0.0,0,F1,75,,,,,
2025-02-18,2025-02-18,FO,NSE,IDO,57658,,NIFTY,,2025-02-27,2025-02-27,25350.0,PE,NIFTY25FEB25350PE,0.0,0.0,0.0,2320.85,2321.45,2320.85,22945.3,2364.1,150,0,0,0.0,0,F1,75,,,,,
2025-02-18,2025-02-18,FO,NSE,IDO,57654,,NIFTY,,2025-02-27,2025-02-27,25250.0,PE,NIFTY25FEB25250PE,0.0,0.0,0.0,2216.65,2216.65,2216.65,22945.3,2264.25,975,0,0,0.0,0,F1,75,,,,,
2025-02-18,2025-02-18,FO,NSE,IDO,57644,,NIFTY,,2025-02-27,2025-02-27,25000.0,PE,NIFTY25FEB25000PE,2074.4,2154.75,1990.1,2025.75,2033.45,1967.05,22945.3,2025.75,1130925,-10500,224,454477470.0,176,F1,75,,,,,
2025-02-18,2025-02-18,FO,NSE,IDO,57612,,NIFTY,,2025-02-27,2025-02-27,24250.0,PE,NIFTY25FEB24250PE,0.0,0.0,0.0,1237.35,1237.35,1237.35,22945.3,1266.7,9675,0,0,0.0,0,F1,75,,,,,
2025-02-18,2025-02-18,FO,NSE,IDO,57610,,NIFTY,,2025-02-27,2025-02-27,24200.0,PE,NIFTY25FEB24200PE,1228.0,1337.5,1200.0,1237.05,1244.0,1169.65,22945.3,1237.05,236250,1275,152,290263612.5,84,F1,75,,,,,
2025-02-18,2025-02-18,FO,NSE,IDO,57590,,NIFTY,,2025-02-27,2025-02-27,23700.0,PE,NIFTY25FEB23700PE,712.0,871.95,712.0,743.05,762.4,699.25,22945.3,743.05,934425,-54750,1721,3161877183.75,1300,F1,75,,,,,
2025-02-18,2025-02-18,FO,NSE,IDO,55642,,NIFTY,,2025-02-27,2025-02-27,23050.0,PE,NIFTY25FEB23050PE,243.0,345.45,232.85,254.2,262.5,241.05,22945.3,254.2,187725,-10125,7288,12756670781.25,4916,F1,75,,,,,
2025-02-18,2025-02-18,FO,NSE,IDO,55640,,NIFTY,,2025-02-27,2025-02-27,23000.0,PE,NIFTY25FEB23000PE,219.95,318.85,208.1,226.05,236.6,218.0,22945.3,226.05,5837700,581250,166110,289680968681.25,103418,F1,75,,,,,
2025-02-18,2025-02-18,FO,NSE,IDO,55638,,NIFTY,,2025-02-27,2025-02-27,22950.0,PE,NIFTY25FEB22950PE,195.6,288.6,185.7,204.45,212.85,195.65,22945.3,204.45,352500,57225,24843,43181106011.25,16735,F1,75,,,,,
2025-02-18,2025-02-18,FO,NSE,IDO,55630,,NIFTY,,2025-02-27,2025-02-27,22750.0,PE,NIFTY25FEB22750PE,125.15,191.0,114.7,126.9,132.4,125.2,22945.3,126.9,311850,99150,14387,24711278561.25,9967,F1,75,,,,,
2025-02-18,2025-02-18,FO,NSE,IDO,55626,,NIFTY,,2025-02-27,2025-02-27,22650.0,PE,NIFTY25FEB22650PE,97.15,152.0,88.0,97.6,102.5,98.85,22945.3,97.6,259725,72975,11536,19697694131.25,8267,F1,75,,,,,
2025-02-18,2025-02-18,FO,NSE,IDO,55588,,NIFTY,,2025-02-27,2025-02-27,21700.0,PE,NIFTY25FEB21700PE,7.95,11.8,5.7,5.95,5.85,8.3,22945.3,5.95,694350,107250,21092,34339960110.0,11080,F1,75,,,,,
2025-02-18,2025-02-18,FO,NSE,IDO,63800,,NIFTY,,2025-02-20,2025-02-20,24800.0,PE,NIFTY2522024800PE,1850.0,1971.0,1838.0,1850.0,1850.0,1719.35,22945.3,1845.85,2025,-750,10,20028450.0,10,F1,75,,,,,
2025-02-18,2025-02-18,FO,NSE,IDO,63725,,NIFTY,,2025-02-20,2025-02-20,24600.0,PE,NIFTY2522024600PE,1708.0,1763.3,1635.0,1635.0,1635.0,1600.0,22945.3,1635.0,28425,-225,8,15772136.25,8,F1,75,,,,,
2025-02-18,2025-02-18,FO,NSE,IDO,63679,,NIFTY,,2025-02-20,2025-02-20,23900.0,PE,NIFTY2522023900PE,950.9,1070.9,924.95,965.0,965.0,908.7,22945.3,965.0,47475,-300,59,110147786.25,52,F1,75,,,,,
2025-02-18,2025-02-18,FO,NSE,IDO,63490,,NIFTY,,2025-02-20,2025-02-20,22800.0,PE,NIFTY2522022800PE,70.0,135.9,51.8,61.15,66.5,79.95,22945.3,61.15,4874400,-13050,2370141,4069814139435.0,1293192,F1,75,,,,,
2025-02-18,2025-02-18,FO,NSE,IDO,63434,,NIFTY,,2025-02-20,2025-02-20,22650.0,PE,NIFTY2522022650PE,40.0,76.0,22.9,27.6,30.3,45.35,22945.3,27.6,1815975,232800,740623,1260807162101.25,409079,F1,75,,,,,
2025-02-18,2025-02-18,FO,NSE,IDO,63219,,NIFTY,,2025-02-20,2025-02-20,21500.0,PE,NIFTY2522021500PE,1.2,1.45,0.6,0.7,0.65,1.5,22945.3,0.7,5068725,-530175,315893,509401612563.75,53564,F1,75,,,,,
2025-02-18,2025-02-18,FO,NSE,IDO,61794,,NIFTY,,2029-12-27,2029-12-27,27000.0,CE,NIFTY29DEC27000CE,0.0,0.0,0.0,6201.65,0.0,6201.65,22945.3,4451.35,0,0,0,0.0,0,F1,75,,,,,
2025-02-18,2025-02-18,FO,NSE,IDO,61772,,NIFTY,,2029-12-27,2029-12-27,25000.0,CE,NIFTY29DEC25000CE,0.0,0.0,0.0,7196.25,0.0,7196.25,22945.3,5459.45,0,0,0,0.0,0,F1,75,,,,,
2025-02-18,2025-02-18,FO,NSE,IDO,61659,,NIFTY,,2029-12-27,2029-12-27,21000.0,CE,NIFTY29DEC21000CE,0.0,0.0,0.0,9463.95,0.0,9463.95,22945.3,7844.9,0,0,0,0.0,0,F1,75,,,,,
2025-02-18,2025-02-18,FO,NSE,IDO,61390,,NIFTY,,2029-12-27,2029-12-27,18000.0,CE,NIFTY29DEC18000CE,0.0,0.0,0.0,11362.4,0.0,11362.4,22945.3,9875.65,0,0,0,0.0,0,F1,75,,,,,
2025-02-18,2025-02-18,FO,NSE,IDO,89636,,NIFTY,,2029-06-28,2029-06-28,27000.0,CE,NIFTY29JUN27000CE,0.0,0.0,0.0,6570.4,0.0,6570.4,22945.3,3925.2,0,0,0,0.0,0,F1,75,,,,,
2025-02-18,2025-02-18,FO,NSE,IDO,89634,,NIFTY,,2029-06-28,2029-06-28,26000.0,CE,NIFTY29JUN26000CE,0.0,0.0,0.0,7052.2,0.0,7052.2,22945.3,4407.5,0,0,0,0.0,0,F1,75,,,,,
2025-02-18,2025-02-18,FO,NSE,IDO,89628,,NIFTY,,2029-06-28,2029-06-28,23000.0,CE,NIFTY29JUN23000CE,0.0,0.0,0.0,8636.0,0.0,8636.0,22945.3,6075.5,0,0,0,0.0,0,F1,75,,,,,
2025-02-18,2025-02-18,FO,NSE,IDO,67770,,NIFTY,,2028-12-28,2028-12-28,18000.0,CE,NIFTY28DEC18000CE,0.0,0.0,0.0,9380.3,0.0,9380.3,22945.3,8994.35,0,0,0,0.0,0,F1,75,,,,,
2025-02-18,2025-02-18,FO,NSE,IDO,86147,,NIFTY,,2028-06-29,2028-06-29,22000.0,CE,NIFTY28JUN22000CE,0.0,0.0,0.0,4759.5,0.0,4759.5,22945.3,5626.3,0,0,0,0.0,0,F1,75,,,,,
2025-02-18,2025-02-18,FO,NSE,IDO,86139,,NIFTY,,2028-06-29,2028-06-29,18000.0,CE,NIFTY28JUN18000CE,0.0,0.0,0.0,6809.35,0.0,6809.35,22945.3,8529.9,0,0,0,0.0,0,F1,75,,,,,
2025-02-18,2025-02-18,FO,NSE,IDO,53605,,NIFTY,,2027-12-30,2027-12-30,19000.0,CE,NIFTY27DEC19000CE,0.0,0.0,0.0,5794.9,0.0,5794.9,22945.3,7258.7,0,0,0,0.0,0,F1,75,,,,,
2025-02-18,2025-02-18,FO,NSE,IDO,71562,,NIFTY,,2027-06-24,2027-06-24,25000.0,CE,NIFTY27JUN25000CE,0.0,0.0,0.0,2090.05,0.0,2090.05,22945.3,2645.75,0,0,0,0.0,0,F1,75,,,,,
2025-02-18,2025-02-18,FO,NSE,IDO,71547,,NIFTY,,2027-06-24,2027-06-24,18000.0,CE,NIFTY27JUN18000CE,0.0,0.0,0.0,4066.45,0.0,4066.45,22945.3,7529.6,0,0,0,0.0,0,F1,75,,,,,
2025-02-18,2025-02-18,FO,NSE,IDO,71505,,NIFTY,,2026-12-31,2026-12-31,26000.0,CE,NIFTY26DEC26000CE,1750.0,1750.0,1750.0,1750.0,1750.0,1860.0,22945.3,1630.55,150,0,1,2081250.0,1,F1,75,,,,,
2025-02-18,2025-02-18,FO,NSE,IDO,71503,,NIFTY,,2026-12-31,2026-12-31,25000.0,CE,NIFTY26DEC25000CE,2220.0,2220.0,2220.0,2220.0,2220.0,2200.0,22945.3,2220.0,5600,75,2,4083000.0,2,F1,75,,,,,
2025-02-18,2025-02-18,FO,NSE,IDO,50973,,NIFTY,,2026-06-25,2026-06-25,27000.0,CE,NIFTY26JUN27000CE,0.0,0.0,0.0,1352.8,0.0,1352.8,22945.3,749.15,0,0,0,0.0,0,F1,75,,,,,
2025-02-18,2025-02-18,FO,NSE,IDO,42129,,NIFTY,,2025-12-24,2025-12-24,31000.0,CE,NIFTY25DEC31000CE,47.0,47.0,42.6,43.4,43.4,47.35,22945.3,27.2,23625,25,5,11641567.5,5,F1,75,,,,,
2025-02-18,2025-02-18,FO,NSE,IDO,64700,,NIFTY,,2025-09-25,2025-09-25,28000.0,CE,NIFTY25SEP28000CE,0.0,0.0,0.0,1788.2,0.0,1788.2,22945.3,67.9,0,0,0,0.0,0,F1,75,,,,,
2025-02-18,2025-02-18,FO,NSE,IDO,64690,,NIFTY,,2025-09-25,2025-09-25,23000.0,CE,NIFTY25SEP23000CE,0.0,0.0,0.0,5026.1,0.0,5026.1,22945.3,1400.75,0,0,0,0.0,0,F1,75,,,,,
2025-02-18,2025-02-18,FO,NSE,IDO,64688,,NIFTY,,2025-09-25,2025-09-25,22000.0,CE,NIFTY25SEP22000CE,0.0,0.0,0.0,5865.75,0.0,5865.75,22945.3,2069.4,0,0,0,0.0,0,F1,75,,,,,
2025-02-18,2025-02-18,FO,NSE,IDO,64684,,NIFTY,,2025-09-25,2025-09-25,20000.0,CE,NIFTY25SEP20000CE,0.0,0.0,0.0,7643.1,0.0,7643.1,22945.3,3749.8,0,0,0,0.0,0,F1,75,,,,,
2025-02-18,2025-02-18,FO,NSE,IDO,63094,,NIFTY,,2025-02-20,2025-02-20,21200.0,CE,NIFTY2522021200CE,0.0,0.0,0.0,2268.4,0.0,2268.4,22945.3,1752.85,0,0,0,0.0,0,F1,75,,,,,
2025-02-18,2025-02-18,FO,NSE,IDO,63131,,NIFTY,,2025-02-20,2025-02-20,21300.0,CE,NIFTY2522021300CE,0.0,0.0,0.0,1766.35,1766.35,1766.35,22945.3,1652.9,75,0,0,0.0,0,F1,75,,,,,
2025-02-18,2025-02-18,FO,NSE,IDO,63269,,NIFTY,,2025-02-20,2025-02-20,21750.0,CE,NIFTY2522021750CE,0.0,0.0,0.0,1745.4,0.0,1745.4,22945.3,1203.05,0,0,0,0.0,0,F1,75,,,,,
2025-02-18,2025-02-18,FO,NSE,IDO,63283,,NIFTY,,2025-02-20,2025-02-20,21900.0,CE,NIFTY2522021900CE,985.0,1009.0,932.05,1001.95,1001.95,1031.0,22945.3,1053.1,225,150,7,12017328.75,5,F1,75,,,,,
2025-02-18,2025-02-18,FO,NSE,IDO,63289,,NIFTY,,2025-02-20,2025-02-20,22000.0,CE,NIFTY2522022000CE,970.05,977.0,814.8,947.8,928.6,991.35,22945.3,947.8,57000,-5550,1574,2705171853.75,931,F1,75,,,,,
2025-02-18,2025-02-18,FO,NSE,IDO,63438,,NIFTY,,2025-02-20,2025-02-20,22750.0,CE,NIFTY2522022750CE,304.15,304.15,172.8,246.1,229.0,306.55,22945.3,246.1,247500,6600,162964,280724359571.25,118179,F1,75,,,,,
2025-02-18,2025-02-18,FO,NSE,IDO,63489,,NIFTY,,2025-02-20,2025-02-20,22800.0,CE,NIFTY2522022800CE,268.1,268.1,145.5,209.8,194.0,269.15,22945.3,209.8,1632600,-4950,1069210,1843413974557.5,705923,F1,75,,,,,
2025-02-18,2025-02-18,FO,NSE,IDO,63534,,NIFTY,,2025-02-20,2025-02-20,23100.0,CE,NIFTY2522023100CE,98.85,99.0,40.4,56.35,48.6,100.85,22945.3,56.35,5395575,1257825,1534551,2665480198608.75,782755,F1,75,,,,,
2025-02-18,2025-02-18,FO,NSE,IDO,63616,,NIFTY,,2025-02-20,2025-02-20,23350.0,CE,NIFTY2522023350CE,30.55,31.6,10.0,12.0,10.3,31.45,22945.3,12.0,2425650,572475,730300,1279798583010.0,236308,F1,75,,,,,
2025-02-18,2025-02-18,FO,NSE,IDO,63640,,NIFTY,,2025-02-20,2025-02-20,23600.0,CE,NIFTY2522023600CE,7.8,7.95,1.9,2.35,2.15,7.85,22945.3,2.35,6840300,923850,882305,1561933832595.0,196838,F1,75,,,,,
2025-02-18,2025-02-18,FO,NSE,IDO,63670,,NIFTY,,2025-02-20,2025-02-20,23750.0,CE,NIFTY2522023750CE,3.55,3.7,1.1,1.25,1.1,3.5,22945.3,1.25,2047125,-6450,276706,492925644060.0,60018,F1,75,,,,,
2025-02-18,2025-02-18,FO,NSE,IDO,63680,,NIFTY,,2025-02-20,2025-02-20,23950.0,CE,NIFTY2522023950CE,1.7,1.85,0.75,0.9,0.75,1.65,22945.3,0.9,1317600,57750,101197,181784249921.25,25490,F1,75,,,,,
2025-02-18,2025-02-18,FO,NSE,IDO,63724,,NIFTY,,2025-02-20,2025-02-20,24600.0,CE,NIFTY2522024600CE,0.6,0.85,0.4,0.45,0.4,0.7,22945.3,0.45,943275,-92325,53238,98226652091.25,9533,F1,75,,,,,
2025-02-18,2025-02-18,FO,NSE,IDO,63792,,NIFTY,,2025-02-20,2025-02-20,24750.0,CE,NIFTY2522024750CE,0.55,0.8,0.4,0.45,0.4,0.65,22945.3,0.45,454800,-5925,24597,45659263278.75,5378,F1,75,,,,,
2025-02-18,2025-02-18,FO,NSE,IDO,55571,,NIFTY,,2025-02-27,2025-02-27,21400.0,CE,NIFTY25FEB21400CE,1540.0,1591.0,1470.0,1591.0,1591.0,1628.9,22945.3,1579.6,750,150,8,13771275.0,8,F1,75,,,,,
2025-02-18,2025-02-18,FO,NSE,IDO,55603,,NIFTY,,2025-02-27,2025-02-27,22100.0,CE,NIFTY25FEB22100CE,900.0,900.0,792.0,896.1,896.1,965.0,22945.3,886.45,4125,1275,95,163508452.5,52,F1,75,,,,,
2025-02-18,2025-02-18,FO,NSE,IDO,55619,,NIFTY,,2025-02-27,2025-02-27,22500.0,CE,NIFTY25FEB22500CE,599.95,599.95,444.0,528.6,519.25,592.65,22945.3,528.6,601725,-6075,10061,17362983633.75,6119,F1,75,,,,,
2025-02-18,2025-02-18,FO,NSE,IDO,55621,,NIFTY,,2025-02-27,2025-02-27,22550.0,CE,NIFTY25FEB22550CE,505.0,530.0,412.5,487.7,477.4,549.05,22945.3,487.7,18000,3300,230,396970458.75,170,F1,75,,,,,
2025-02-18,2025-02-18,FO,NSE,IDO,55629,,NIFTY,,2025-02-27,2025-02-27,22750.0,CE,NIFTY25FEB22750CE,393.5,393.5,279.15,343.25,331.5,402.8,22945.3,343.25,88425,36975,4192,7254260970.0,3186,F1,75,,,,,
2025-02-18,2025-02-18,FO,NSE,IDO,55631,,NIFTY,,2025-02-27,2025-02-27,22800.0,CE,NIFTY25FEB22800CE,361.85,366.8,250.65,316.35,301.0,366.8,22945.3,316.35,650850,122625,64786,112221992632.5,38691,F1,75,,,,,
2025-02-18,2025-02-18,FO,NSE,IDO,57625,,NIFTY,,2025-02-27,2025-02-27,24600.0,CE,NIFTY25FEB24600CE,2.4,2.75,1.9,2.05,1.95,2.85,22945.3,2.05,582450,78300,7604,14030706978.75,3252,F1,75,,,,,
2025-02-18,2025-02-18,FO,NSE,IDO,57633,,NIFTY,,2025-02-27,2025-02-27,24800.0,CE,NIFTY25FEB24800CE,2.1,2.55,1.85,2.0,2.0,2.55,22945.3,2.0,857775,35700,8114,15093382601.25,2482,F1,75,,,,,
2025-02-18,2025-02-18,FO,NSE,IDO,57685,,NIFTY,,2025-02-27,2025-02-27,26050.0,CE,NIFTY25FEB26050CE,1.75,2.0,1.5,1.6,1.6,1.6,22945.3,1.6,21300,975,101,197341248.75,46,F1,75,,,,,
2025-02-18,2025-02-18,FO,NSE,IDO,57689,,NIFTY,,2025-02-27,2025-02-27,26150.0,CE,NIFTY25FEB26150CE,1.55,1.75,1.55,1.6,1.65,1.65,22945.3,1.6,9975,-1275,83,162794186.25,44,F1,75,,,,,
2025-02-18,2025-02-18,FO,NSE,IDO,68378,,NIFTY,,2025-03-06,2025-03-06,21200.0,CE,NIFTY2530621200CE,0.0,0.0,0.0,2200.65,0.0,2200.65,22945.3,1805.9,0,0,0,0.0,0,F1,75,,,,,
2025-02-18,2025-02-18,FO,NSE,IDO,68399,,NIFTY,,2025-03-06,2025-03-06,21600.0,CE,NIFTY2530621600CE,0.0,0.0,0.0,1485.45,1486.05,1485.45,22945.3,1409.3,525,0,0,0.0,0,F1,75,,,,,
2025-02-18,2025-02-18,FO,NSE,IDO,68405,,NIFTY,,2025-03-06,2025-03-06,21750.0,CE,NIFTY2530621750CE,0.0,0.0,0.0,1354.65,1355.65,1354.65,22945.3,1262.3,300,0,0,0.0,0,F1,75,,,,,
2025-02-18,2025-02-18,FO,NSE,IDO,68423,,NIFTY,,2025-03-06,2025-03-06,22150.0,CE,NIFTY2530622150CE,0.0,0.0,0.0,953.4,953.4,953.4,22945.3,883.45,75,0,0,0.0,0,F1,75,,,,,
2025-02-18,2025-02-18,FO,NSE,IDO,68425,,NIFTY,,2025-03-06,2025-03-06,22200.0,CE,NIFTY2530622200CE,0.0,0.0,0.0,909.1,909.1,909.1,22945.3,838.35,75,0,0,0.0,0,F1,75,,,,,
2025-02-18,2025-02-18,FO,NSE,IDO,68454,,NIFTY,,2025-03-06,2025-03-06,22700.0,CE,NIFTY2530622700CE,475.5,503.7,411.15,482.25,467.85,528.05,22945.3,482.25,15825,5025,392,681137992.5,343,F1,75,,,,,
2025-02-18,2025-02-18,FO,NSE,IDO,68466,,NIFTY,,2025-03-06,2025-03-06,22950.0,CE,NIFTY2530622950CE,356.55,356.55,270.2,319.35,313.7,367.8,22945.3,319.35,21675,8625,668,1165500101.25,434,F1,75,,,,,
2025-02-18,2025-02-18,FO,NSE,IDO,68472,,NIFTY,,2025-03-06,2025-03-06,23100.0,CE,NIFTY2530623100CE,295.0,295.0,201.55,242.55,231.85,283.5,22945.3,242.55,113475,52425,3280,5740167232.5,2387,F1,75,,,,,
2025-02-18,2025-02-18,FO,NSE,IDO,68478,,NIFTY,,2025-03-06,2025-03-06,23250.0,CE,NIFTY2530623250CE,190.0,190.25,146.5,176.15,170.7,212.65,22945.3,176.15,18900,7050,279,490104622.5,220,F1,75,,,,,
2025-02-18,2025-02-18,FO,NSE,IDO,68488,,NIFTY,,2025-03-06,2025-03-06,23450.0,CE,NIFTY2530623450CE,120.5,127.0,93.3,112.3,107.35,136.25,22945.3,112.3,17400,2775,247,436437240.0,189,F1,75,,,,,
2025-02-18,2025-02-18,FO,NSE,IDO,68604,,NIFTY,,2025-03-06,2025-03-06,24250.0,CE,NIFTY2530624250CE,14.0,14.0,11.2,11.85,11.5,17.05,22945.3,11.85,5925,2775,178,323903951.25,90,F1,75,,,,,
2025-02-18,2025-02-18,FO,NSE,IDO,68872,,NIFTY,,2025-03-06,2025-03-06,25500.0,CE,NIFTY2530625500CE,3.0,3.0,2.7,2.85,2.7,3.0,22945.3,2.85,46200,6675,343,656062301.25,105,F1,75,,,,,
2025-02-18,2025-02-18,FO,NSE,IDO,45406,,NIFTY,,2025-03-13,2025-03-13,21300.0,CE,NIFTY2531321300CE,0.0,0.0,0.0,2457.2,0.0,2457.2,22945.3,1734.8,0,0,0,0.0,0,F1,75,,,,,
2025-02-18,2025-02-18,FO,NSE,IDO,45416,,NIFTY,,2025-03-13,2025-03-13,21550.0,CE,NIFTY2531321550CE,0.0,0.0,0.0,2214.1,0.0,2214.1,22945.3,1489.85,0,0,0,0.0,0,F1,75,,,,,
2025-02-18,2025-02-18,FO,NSE,IDO,45442,,NIFTY,,2025-03-13,2025-03-13,22050.0,CE,NIFTY2531322050CE,0.0,0.0,0.0,1740.45,0.0,1740.45,22945.3,1019.2,0,0,0,0.0,0,F1,75,,,,,
2025-02-18,2025-02-18,FO,NSE,IDO,45523,,NIFTY,,2025-03-13,2025-03-13,23400.0,CE,NIFTY2531323400CE,208.0,209.0,166.4,190.7,192.45,214.0,22945.3,190.7,2925,1200,45,79619707.5,28,F1,75,,,,,
2025-02-18,2025-02-18,FO,NSE,IDO,45531,,NIFTY,,2025-03-13,2025-03-13,23550.0,CE,NIFTY2531323550CE,142.55,142.55,126.25,126.25,126.25,167.75,22945.3,126.25,150,75,2,3552660.0,2,F1,75,,,,,
2025-02-18,2025-02-18,FO,NSE,IDO,50113,,NIFTY,,2025-03-20,2025-03-20,21300.0,CE,NIFTY2532021300CE,0.0,0.0,0.0,1897.85,0.0,1897.85,22945.3,1764.55,0,0,0,0.0,0,F1,75,,,,,
2025-02-18,2025-02-18,FO,NSE,IDO,50129,,NIFTY,,2025-03-20,2025-03-20,21600.0,CE,NIFTY2532021600CE,0.0,0.0,0.0,1618.6,0.0,1618.6,22945.3,1475.4,0,0,0,0.0,0,F1,75,,,,,
2025-02-18,2025-02-18,FO,NSE,IDO,50157,,NIFTY,,2025-03-20,2025-03-20,22150.0,CE,NIFTY2532022150CE,0.0,0.0,0.0,1142.65,0.0,1142.65,22945.3,977.35,0,0,0,0.0,0,F1,75,,,,,
2025-02-18,2025-02-18,FO,NSE,IDO,50233,,NIFTY,,2025-03-20,2025-03-20,23250.0,CE,NIFTY2532023250CE,0.0,0.0,0.0,307.95,307.95,307.95,22945.3,269.25,75,0,0,0.0,0,F1,75,,,,,
2025-02-18,2025-02-18,FO,NSE,IDO,50264,,NIFTY,,2025-03-20,2025-03-20,23900.0,CE,NIFTY2532023900CE,98.85,98.85,80.5,83.0,83.0,96.45,22945.3,86.05,375,150,6,10794465.0,4,F1,75,,,,,
2025-02-18,2025-02-18,FO,NSE,IDO,46928,,NIFTY,,2025-03-27,2025-03-27,21900.0,CE,NIFTY25MAR21900CE,0.0,0.0,0.0,1285.9,1285.9,1285.9,22945.3,1237.25,900,0,0,0.0,0,F1,75,,,,,
2025-02-18,2025-02-18,FO,NSE,IDO,46951,,NIFTY,,2025-03-27,2025-03-27,22050.0,CE,NIFTY25MAR22050CE,0.0,0.0,0.0,2215.8,0.0,2215.8,22945.3,1106.95,0,0,0,0.0,0,F1,75,,,,,
2025-02-18,2025-02-18,FO,NSE,IDO,47042,,NIFTY,,2025-03-27,2025-03-27,22800.0,CE,NIFTY25MAR22800CE,630.95,637.0,538.5,608.55,590.0,651.4,22945.3,608.55,146775,18750,2402,4212829080.0,1929,F1,75,,,,,
2025-02-18,2025-02-18,FO,NSE,IDO,48217,,NIFTY,,2025-03-27,2025-03-27,22900.0,CE,NIFTY25MAR22900CE,581.35,581.35,483.0,546.1,528.05,587.25,22945.3,546.1,103350,11850,3046,5353371521.25,2102,F1,75,,,,,
2025-02-18,2025-02-18,FO,NSE,IDO,79517,,NIFTY,,2025-04-24,2025-04-24,23900.0,CE,NIFTY25APR23900CE,265.05,281.0,247.25,266.25,266.25,285.0,22945.3,266.25,9150,750,31,56175858.75,16,F1,75,,,,,
2025-02-18,2025-02-18,FO,NSE,IDO,79616,,NIFTY,,2025-04-24,2025-04-24,24250.0,CE,NIFTY25APR24250CE,0.0,0.0,0.0,467.25,0.0,467.25,22945.3,166.2,0,0,0,0.0,0,F1,75,,,,,
2025-02-18,2025-02-18,FO,NSE,IDO,79672,,NIFTY,,2025-04-24,2025-04-24,24750.0,CE,NIFTY25APR24750CE,0.0,0.0,0.0,88.8,88.8,88.8,22945.3,85.3,75,0,0,0.0,0,F1,75,,,,,
2025-02-18,2025-02-18,FO,NSE,IDO,79741,,NIFTY,,2025-04-24,2025-04-24,25350.0,CE,NIFTY25APR25350CE,0.0,0.0,0.0,56.65,56.65,56.65,22945.3,34.45,75,0,0,0.0,0,F1,75,,,,,
2025-02-18,2025-02-18,FO,NSE,IDO,71383,,NIFTY,,2025-06-26,2025-06-26,26000.0,CE,NIFTY25JUN26000CE,84.0,84.0,70.9,72.95,73.2,80.95,22945.3,72.95,611125,25650,1929,3772253148.75,1439,F1,75,,,,,
2025-02-18,2025-02-18,FO,NSE,IDO,49177,,NIFTY,,2025-12-24,2025-12-24,16000.0,CE,NIFTY25DEC16000CE,0.0,0.0,0.0,7200.0,7200.0,7200.0,22945.3,7802.15,50,0,0,0.0,0,F1,75,,,,,
2025-02-18,2025-02-18,FO,NSE,IDO,38152,,NIFTY,,2025-12-24,2025-12-24,29000.0,CE,NIFTY25DEC29000CE,114.95,120.35,105.95,106.95,109.3,116.5,22945.3,106.95,90900,-3375,171,373330308.75,143,F1,75,,,,,
2025-02-18,2025-02-18,FO,NSE,IDO,58644,,NIFTY,,2026-12-31,2026-12-31,20000.0,CE,NIFTY26DEC20000CE,0.0,0.0,0.0,3704.3,0.0,3704.3,22945.3,5359.45,0,0,0,0.0,0,F1,75,,,,,
2025-02-18,2025-02-18,FO,NSE,IDO,53613,,NIFTY,,2027-12-30,2027-12-30,21000.0,CE,NIFTY27DEC21000CE,0.0,0.0,0.0,4902.4,0.0,4902.4,22945.3,5756.85,0,0,0,0.0,0,F1,75,,,,,
2025-02-18,2025-02-18,FO,NSE,IDO,86141,,NIFTY,,2028-06-29,2028-06-29,19000.0,CE,NIFTY28JUN19000CE,0.0,0.0,0.0,6252.25,0.0,6252.25,22945.3,7766.45,0,0,0,0.0,0,F1,75,,,,,
2025-02-18,2025-02-18,FO,NSE,IDO,67786,,NIFTY,,2028-12-28,2028-12-28,26000.0,CE,NIFTY28DEC26000CE,0.0,0.0,0.0,4879.7,0.0,4879.7,22945.3,3866.3,0,0,0,0.0,0,F1,75,,,,,
2025-02-18,2025-02-18,FO,NSE,IDO,89616,,NIFTY,,2029-06-28,2029-06-28,20000.0,CE,NIFTY29JUN20000CE,0.0,0.0,0.0,10410.0,0.0,10410.0,22945.3,8028.55,0,0,0,0.0,0,F1,75,,,,,
2025-02-18,2025-02-18,FO,NSE,IDO,89638,,NIFTY,,2029-06-28,2029-06-28,28000.0,CE,NIFTY29JUN28000CE,0.0,0.0,0.0,6112.6,0.0,6112.6,22945.3,3481.0,0,0,0,0.0,0,F1,75,,,,,
2025-02-18,2025-02-18,FO,NSE,IDO,63085,,NIFTY,,2025-02-20,2025-02-20,21150.0,PE,NIFTY2522021150PE,0.85,1.0,0.35,0.4,0.4,0.9,22945.3,0.4,1248750,212850,73181,116086327845.0,12558,F1,75,,,,,
2025-02-18,2025-02-18,FO,NSE,IDO,63266,,NIFTY,,2025-02-20,2025-02-20,21650.0,PE,NIFTY2522021650PE,1.6,1.85,0.65,0.8,0.8,1.75,22945.3,0.8,402600,-75900,63286,102766330845.0,18363,F1,75,,,,,
2025-02-18,2025-02-18,FO,NSE,IDO,63617,,NIFTY,,2025-02-20,2025-02-20,23350.0,PE,NIFTY2522023350PE,414.4,543.5,387.05,418.2,432.5,390.5,22945.3,418.2,59700,-2325,2475,4419580428.75,1732,F1,75,,,,,
2025-02-18,2025-02-18,FO,NSE,IDO,55574,,NIFTY,,2025-02-27,2025-02-27,21450.0,PE,NIFTY25FEB21450PE,4.35,5.95,3.2,3.45,3.2,4.45,22945.3,3.45,101475,27300,3037,4886724105.0,1692,F1,75,,,,,
2025-02-18,2025-02-18,FO,NSE,IDO,55602,,NIFTY,,2025-02-27,2025-02-27,22050.0,PE,NIFTY25FEB22050PE,22.0,32.2,15.7,17.15,17.5,20.75,22945.3,17.15,147000,62175,7393,12238083108.75,4802,F1,75,,,,,
2025-02-18,2025-02-18,FO,NSE,IDO,55628,,NIFTY,,2025-02-27,2025-02-27,22700.0,PE,NIFTY25FEB22700PE,119.45,170.7,100.65,111.5,116.75,112.1,22945.3,111.5,1790625,223200,68499,117295028861.25,38182,F1,75,,,,,
2025-02-18,2025-02-18,FO,NSE,IDO,55648,,NIFTY,,2025-02-27,2025-02-27,23200.0,PE,NIFTY25FEB23200PE,320.0,449.95,316.0,342.6,354.7,321.9,22945.3,342.6,1952025,-22350,17024,30101481626.25,11995,F1,75,,,,,
2025-02-18,2025-02-18,FO,NSE,IDO,57586,,NIFTY,,2025-02-27,2025-02-27,23600.0,PE,NIFTY25FEB23600PE,620.75,777.95,619.15,646.05,672.85,609.3,22945.3,646.05,1028250,-30975,1310,2383825743.75,1032,F1,75,,,,,
2025-02-18,2025-02-18,FO,NSE,IDO,57600,,NIFTY,,2025-02-27,2025-02-27,23950.0,PE,NIFTY25FEB23950PE,1011.0,1094.0,958.55,997.45,995.85,938.1,22945.3,997.45,16650,-750,32,59938241.25,31,F1,75,,,,,
2025-02-18,2025-02-18,FO,NSE,IDO,57632,,NIFTY,,2025-02-27,2025-02-27,24750.0,PE,NIFTY25FEB24750PE,1753.95,1871.25,1753.95,1870.3,1870.3,1713.9,22945.3,1765.1,6900,-150,3,5980912.5,3,F1,75,,,,,
2025-02-18,2025-02-18,FO,NSE,IDO,57672,,NIFTY,,2025-02-27,2025-02-27,25700.0,PE,NIFTY25FEB25700PE,2815.0,2815.0,2815.0,2815.0,2815.0,2658.5,22945.3,2713.55,24750,-75,1,2138625.0,1,F1,75,,,,,
2025-02-18,2025-02-18,FO,NSE,IDO,68377,,NIFTY,,2025-03-06,2025-03-06,21150.0,PE,NIFTY2530621150PE,7.55,8.8,6.65,7.15,7.15,7.5,22945.3,0.25,4200,-375,39,61884768.75,21,F1,75,,,,,
2025-02-18,2025-02-18,FO,NSE,IDO,68387,,NIFTY,,2025-03-06,2025-03-06,21300.0,PE,NIFTY2530621300PE,10.4,12.75,7.65,8.1,8.65,10.0,22945.3,8.1,7050,1125,97,155023867.5,33,F1,75,,,,,
2025-02-18,2025-02-18,FO,NSE,IDO,68449,,NIFTY,,2025-03-06,2025-03-06,22550.0,PE,NIFTY2530622550PE,129.95,166.0,115.35,123.1,126.45,119.85,22945.3,123.1,10575,5700,164,279073856.25,143,F1,75,,,,,
2025-02-18,2025-02-18,FO,NSE,IDO,68471,,NIFTY,,2025-03-06,2025-03-06,23050.0,PE,NIFTY2530623050PE,310.0,369.85,280.25,297.7,305.4,287.85,22945.3,297.7,18225,8400,263,460764153.75,121,F1,75,,,,,
2025-02-18,2025-02-18,FO,NSE,IDO,68621,,NIFTY,,2025-03-06,2025-03-06,24550.0,PE,NIFTY2530624550PE,0.0,0.0,0.0,1481.1,1480.1,1481.1,22945.3,1537.2,450,0,0,0.0,0,F1,75,,,,,
2025-02-18,2025-02-18,FO,NSE,IDO,45417,,NIFTY,,2025-03-13,2025-03-13,21550.0,PE,NIFTY2531321550PE,0.0,0.0,0.0,10.85,0.0,10.85,22945.3,6.5,0,0,0,0.0,0,F1,75,,,,,
2025-02-18,2025-02-18,FO,NSE,IDO,45441,,NIFTY,,2025-03-13,2025-03-13,22000.0,PE,NIFTY2531322000PE,68.95,85.0,62.0,65.65,67.5,63.95,22945.3,65.65,11850,2250,276,456871511.25,186,F1,75,,,,,
2025-02-18,2025-02-18,FO,NSE,IDO,45461,,NIFTY,,2025-03-13,2025-03-13,22350.0,PE,NIFTY2531322350PE,0.0,0.0,0.0,60.95,0.0,60.95,22945.3,75.5,0,0,0,0.0,0,F1,75,,,,,
2025-02-18,2025-02-18,FO,NSE,IDO,45473,,NIFTY,,2025-03-13,2025-03-13,22600.0,PE,NIFTY2531322600PE,190.8,195.0,169.85,169.85,169.85,167.0,22945.3,134.25,375,300,7,11960081.25,7,F1,75,,,,,
2025-02-18,2025-02-18,FO,NSE,IDO,45487,,NIFTY,,2025-03-13,2025-03-13,22950.0,PE,NIFTY2531322950PE,288.0,350.65,288.0,304.15,304.15,281.35,22945.3,264.15,975,75,25,43625145.0,20,F1,75,,,,,
2025-02-18,2025-02-18,FO,NSE,IDO,45522,,NIFTY,,2025-03-13,2025-03-13,23350.0,PE,NIFTY2531323350PE,0.0,0.0,0.0,288.9,0.0,288.9,22945.3,488.25,0,0,0,0.0,0,F1,75,,,,,
2025-02-18,2025-02-18,FO,NSE,IDO,45641,,NIFTY,,2025-03-13,2025-03-13,25000.0,PE,NIFTY2531325000PE,0.0,0.0,0.0,1322.5,0.0,1322.5,22945.3,1954.5,0,0,0,0.0,0,F1,75,,,,,
2025-02-18,2025-02-18,FO,NSE,IDO,45649,,NIFTY,,2025-03-13,2025-03-13,25200.0,PE,NIFTY2531325200PE,0.0,0.0,0.0,1494.65,0.0,1494.65,22945.3,2152.65,0,0,0,0.0,0,F1,75,,,,,
2025-02-18,2025-02-18,FO,NSE,IDO,50104,,NIFTY,,2025-03-20,2025-03-20,21200.0,PE,NIFTY2532021200PE,0.0,0.0,0.0,15.85,0.0,15.85,22945.3,4.1,0,0,0,0.0,0,F1,75,,,,,
2025-02-18,2025-02-18,FO,NSE,IDO,50182,,NIFTY,,2025-03-20,2025-03-20,22400.0,PE,NIFTY2532022400PE,0.0,0.0,0.0,163.05,0.0,163.05,22945.3,110.45,0,0,0,0.0,0,F1,75,,,,,
2025-02-18,2025-02-18,FO,NSE,IDO,50216,,NIFTY,,2025-03-20,2025-03-20,22800.0,PE,NIFTY2532022800PE,300.0,300.0,242.45,256.75,256.75,292.05,22945.3,231.6,375,225,9,15574406.25,9,F1,75,,,,,
2025-02-18,2025-02-18,FO,NSE,IDO,50269,,NIFTY,,2025-03-20,2025-03-20,23900.0,PE,NIFTY2532023900PE,0.0,0.0,0.0,900.05,0.0,900.05,22945.3,913.4,0,0,0,0.0,0,F1,75,,,,,
2025-02-18,2025-02-18,FO,NSE,IDO,50284,,NIFTY,,2025-03-20,2025-03-20,24150.0,PE,NIFTY2532024150PE,0.0,0.0,0.0,1090.95,0.0,1090.95,22945.3,1127.0,0,0,0,0.0,0,F1,75,,,,,
2025-02-18,2025-02-18,FO,NSE,IDO,50302,,NIFTY,,2025-03-20,2025-03-20,24450.0,PE,NIFTY2532024450PE,0.0,0.0,0.0,1338.55,0.0,1338.55,22945.3,1399.95,0,0,0,0.0,0,F1,75,,,,,
2025-02-18,2025-02-18,FO,NSE,IDO,50326,,NIFTY,,2025-03-20,2025-03-20,24800.0,PE,NIFTY2532024800PE,0.0,0.0,0.0,1647.65,0.0,1647.65,22945.3,1732.95,0,0,0,0.0,0,F1,75,,,,,
2025-02-18,2025-02-18,FO,NSE,IDO,46841,,NIFTY,,2025-03-27,2025-03-27,21150.0,PE,NIFTY25MAR21150PE,0.0,0.0,0.0,32.0,32.0,32.0,22945.3,6.6,6900,0,0,0.0,0,F1,75,,,,,
2025-02-18,2025-02-18,FO,NSE,IDO,46882,,NIFTY,,2025-03-27,2025-03-27,21500.0,PE,NIFTY25MAR21500PE,56.15,70.3,55.95,59.1,59.25,57.35,22945.3,59.1,1266075,97575,9199,14875702188.75,5340,F1,75,,,,,
2025-02-18,2025-02-18,FO,NSE,IDO,46996,,NIFTY,,2025-03-27,2025-03-27,22450.0,PE,NIFTY25MAR22450PE,206.8,234.65,188.95,195.45,199.2,188.4,22945.3,195.45,9900,-6600,211,358663061.25,167,F1,75,,,,,
2025-02-18,2025-02-18,FO,NSE,IDO,49835,,NIFTY,,2025-03-27,2025-03-27,23250.0,PE,NIFTY25MAR23250PE,499.5,570.0,478.1,493.85,500.1,467.25,22945.3,493.85,21825,975,255,454698900.0,157,F1,75,,,,,
2025-02-18,2025-02-18,FO,NSE,IDO,54720,,NIFTY,,2025-03-27,2025-03-27,23850.0,PE,NIFTY25MAR23850PE,0.0,0.0,0.0,818.0,817.7,818.0,22945.3,877.5,6600,0,0,0.0,0,F1,75,,,,,
2025-02-18,2025-02-18,FO,NSE,IDO,55340,,NIFTY,,2025-03-27,2025-03-27,24400.0,PE,NIFTY25MAR24400PE,1344.6,1426.55,1309.8,1426.55,1426.55,1304.4,22945.3,1341.25,21750,75,6,11596743.75,6,F1,75,,,,,
2025-02-18,2025-02-18,FO,NSE,IDO,56873,,NIFTY,,2025-03-27,2025-03-27,25200.0,PE,NIFTY25MAR25200PE,0.0,0.0,0.0,2034.5,2034.5,2034.5,22945.3,2096.85,300,0,0,0.0,0,F1,75,,,,,
2025-02-18,2025-02-18,FO,NSE,IDO,56891,,NIFTY,,2025-03-27,2025-03-27,25650.0,PE,NIFTY25MAR25650PE,0.0,0.0,0.0,1709.8,0.0,1709.8,22945.3,2538.55,0,0,0,0.0,0,F1,75,,,,,
2025-02-18,2025-02-18,FO,NSE,IDO,56895,,NIFTY,,2025-03-27,2025-03-27,25750.0,PE,NIFTY25MAR25750PE,0.0,0.0,0.0,1786.85,0.0,1786.85,22945.3,2637.35,0,0,0,0.0,0,F1,75,,,,,
2025-02-18,2025-02-18,FO,NSE,IDO,58794,,NIFTY,,2025-03-27,2025-03-27,25900.0,PE,NIFTY25MAR25900PE,0.0,0.0,0.0,2470.6,2470.6,2470.6,22945.3,2785.75,375,0,0,0.0,0,F1,75,,,,,
2025-02-18,2025-02-18,FO,NSE,IDO,79246,,NIFTY,,2025-04-24,2025-04-24,21250.0,PE,NIFTY25APR21250PE,0.0,0.0,0.0,65.9,0.0,65.9,22945.3,31.25,0,0,0,0.0,0,F1,75,,,,,
2025-02-18,2025-02-18,FO,NSE,IDO,79439,,NIFTY,,2025-04-24,2025-04-24,23150.0,PE,NIFTY25APR23150PE,0.0,0.0,0.0,494.35,0.0,494.35,22945.3,485.55,0,0,0,0.0,0,F1,75,,,,,
2025-02-18,2025-02-18,FO,NSE,IDO,79546,,NIFTY,,2025-04-24,2025-04-24,24050.0,PE,NIFTY25APR24050PE,1102.0,1103.0,1102.0,1103.0,1103.0,660.0,22945.3,1040.2,1125,0,4,7545825.0,2,F1,75,,,,,
2025-02-18,2025-02-18,FO,NSE,IDO,79689,,NIFTY,,2025-04-24,2025-04-24,24900.0,PE,NIFTY25APR24900PE,1660.0,1735.0,1660.0,1695.0,1695.0,1515.3,22945.3,1736.85,2325,2325,31,61866240.0,9,F1,75,,,,,
2025-02-18,2025-02-18,FO,NSE,IDO,79745,,NIFTY,,2025-04-24,2025-04-24,25350.0,PE,NIFTY25APR25350PE,0.0,0.0,0.0,1866.1,0.0,1866.1,22945.3,2147.4,0,0,0,0.0,0,F1,75,,,,,
2025-02-18,2025-02-18,FO,NSE,IDO,58619,,NIFTY,,2025-06-26,2025-06-26,22000.0,PE,NIFTY25JUN22000PE,257.15,299.05,257.15,272.2,273.1,256.5,22945.3,272.2,996775,19925,1804,3014422927.5,1596,F1,75,,,,,
2025-02-18,2025-02-18,FO,NSE,IDO,45874,,NIFTY,,2025-12-24,2025-12-24,17000.0,PE,NIFTY25DEC17000PE,0.0,0.0,0.0,39.05,39.05,39.05,22945.3,1.35,3750,0,0,0.0,0,F1,75,,,,,
2025-02-18,2025-02-18,FO,NSE,IDO,39988,,NIFTY,,2025-12-24,2025-12-24,19000.0,PE,NIFTY25DEC19000PE,0.0,0.0,0.0,102.0,102.0,102.0,22945.3,22.3,9425,0,0,0.0,0,F1,75,,,,,
2025-02-18,2025-02-18,FO,NSE,IDO,51452,,NIFTY,,2025-12-24,2025-12-24,21000.0,PE,NIFTY25DEC21000PE,309.6,312.0,293.0,302.95,304.0,299.25,22945.3,302.95,233925,5700,292,466598647.5,204,F1,75,,,,,
2025-02-18,2025-02-18,FO,NSE,IDO,50448,,NIFTY,,2026-06-25,2026-06-25,15000.0,PE,NIFTY26JUN15000PE,0.0,0.0,0.0,20.2,20.2,20.2,22945.3,0.35,1000,0,0,0.0,0,F1,75,,,,,
2025-02-18,2025-02-18,FO,NSE,IDO,71477,,NIFTY,,2026-06-25,2026-06-25,26000.0,PE,NIFTY26JUN26000PE,0.0,0.0,0.0,6709.2,0.0,6709.2,22945.3,1925.25,0,0,0,0.0,0,F1,75,,,,,
2025-02-18,2025-02-18,FO,NSE,IDO,58629,,NIFTY,,2026-12-31,2026-12-31,12000.0,PE,NIFTY26DEC12000PE,0.0,0.0,0.0,20.05,20.05,20.05,22945.3,0.05,1025,0,0,0.0,0,F1,75,,,,,
2025-02-18,2025-02-18,FO,NSE,IDO,58631,,NIFTY,,2026-12-31,2026-12-31,13000.0,PE,NIFTY26DEC13000PE,0.0,0.0,0.0,20.05,20.05,20.05,22945.3,0.05,2025,0,0,0.0,0,F1,75,,,,,
2025-02-18,2025-02-18,FO,NSE,IDO,71502,,NIFTY,,2026-12-31,2026-12-31,24000.0,PE,NIFTY26DEC24000PE,0.0,0.0,0.0,1120.0,1120.0,1120.0,22945.3,903.2,9225,0,0,0.0,0,F1,75,,,,,
2025-02-18,2025-02-18,FO,NSE,IDO,71548,,NIFTY,,2027-06-24,2027-06-24,18000.0,PE,NIFTY27JUN18000PE,0.0,0.0,0.0,48.55,48.55,48.55,22945.3,39.3,25,0,0,0.0,0,F1,75,,,,,
2025-02-18,2025-02-18,FO,NSE,IDO,50984,,NIFTY,,2027-06-24,2027-06-24,27000.0,PE,NIFTY27JUN27000PE,0.0,0.0,0.0,6273.45,0.0,6273.45,22945.3,2002.0,0,0,0,0.0,0,F1,75,,,,,
2025-02-18,2025-02-18,FO,NSE,IDO,79440,,NIFTY,,2025-04-24,2025-04-24,23200.0,CE,NIFTY25APR23200CE,569.7,583.65,523.1,558.0,557.05,606.1,22945.3,558.0,28800,15300,380,676648942.5,112,F1,75,,,,,
2025-02-18,2025-02-18,FO,NSE,IDO,79420,,NIFTY,,2025-04-24,2025-04-24,22900.0,CE,NIFTY25APR22900CE,755.0,766.0,691.95,748.75,733.85,786.15,22945.3,748.75,7950,600,56,99237783.75,25,F1,75,,,,,
2025-02-18,2025-02-18,FO,NSE,IDO,79384,,NIFTY,,2025-04-24,2025-04-24,22350.0,CE,NIFTY25APR22350CE,0.0,0.0,0.0,1510.75,0.0,1510.75,22945.3,1043.1,0,0,0,0.0,0,F1,75,,,,,
2025-02-18,2025-02-18,FO,NSE,IDO,79256,,NIFTY,,2025-04-24,2025-04-24,21500.0,CE,NIFTY25APR21500CE,1701.55,1766.05,1701.55,1766.05,1766.05,1869.2,22945.3,1742.8,1425,75,7,12202297.5,5,F1,75,,,,,
2025-02-18,2025-02-18,FO,NSE,IDO,56568,,NIFTY,,2025-03-27,2025-03-27,24900.0,CE,NIFTY25MAR24900CE,25.0,25.0,18.4,18.85,18.55,23.2,22945.3,18.85,71400,10350,1100,2055930397.5,618,F1,75,,,,,
2025-02-18,2025-02-18,FO,NSE,IDO,56544,,NIFTY,,2025-03-27,2025-03-27,24750.0,CE,NIFTY25MAR24750CE,28.0,28.3,23.05,23.8,23.05,29.6,22945.3,23.8,29025,-300,109,202541662.5,50,F1,75,,,,,
2025-02-18,2025-02-18,FO,NSE,IDO,56528,,NIFTY,,2025-03-27,2025-03-27,24600.0,CE,NIFTY25MAR24600CE,35.2,36.25,29.0,30.75,29.85,37.4,22945.3,30.75,138075,12600,2459,4542795900.0,1078,F1,75,,,,,
2025-02-18,2025-02-18,FO,NSE,IDO,54727,,NIFTY,,2025-03-27,2025-03-27,24100.0,CE,NIFTY25MAR24100CE,95.0,95.4,74.0,81.25,78.75,96.35,22945.3,81.25,201750,-3225,3815,6919115231.25,2628,F1,75,,,,,
2025-02-18,2025-02-18,FO,NSE,IDO,54719,,NIFTY,,2025-03-27,2025-03-27,23850.0,CE,NIFTY25MAR23850CE,141.0,150.75,119.45,133.55,131.4,155.3,22945.3,133.55,28500,2100,330,593496326.25,291,F1,75,,,,,
2025-02-18,2025-02-18,FO,NSE,IDO,51475,,NIFTY,,2025-03-27,2025-03-27,23650.0,CE,NIFTY25MAR23650CE,203.5,206.2,170.5,193.8,187.9,218.05,22945.3,193.8,38175,-4125,299,534488100.0,220,F1,75,,,,,
2025-02-18,2025-02-18,FO,NSE,IDO,51459,,NIFTY,,2025-03-27,2025-03-27,23550.0,CE,NIFTY25MAR23550CE,266.75,266.75,200.0,225.8,220.25,254.95,22945.3,225.8,51450,2550,228,406482945.0,196,F1,75,,,,,
2025-02-18,2025-02-18,FO,NSE,IDO,46984,,NIFTY,,2025-03-27,2025-03-27,22250.0,CE,NIFTY25MAR22250CE,0.0,0.0,0.0,1072.25,1072.2,1072.25,22945.3,941.75,525,0,0,0.0,0,F1,75,,,,,
2025-02-18,2025-02-18,FO,NSE,IDO,64556,,NIFTY,,2025-03-27,2025-03-27,20000.0,CE,NIFTY25MAR20000CE,3104.6,3107.9,2965.5,3078.15,3070.0,3137.8,22945.3,3078.15,476725,-12675,281,485935001.25,208,F1,75,,,,,
2025-02-18,2025-02-18,FO,NSE,IDO,50289,,NIFTY,,2025-03-20,2025-03-20,24300.0,CE,NIFTY2532024300CE,0.0,0.0,0.0,110.8,0.0,110.8,22945.3,36.35,0,0,0,0.0,0,F1,75,,,,,
2025-02-18,2025-02-18,FO,NSE,IDO,50251,,NIFTY,,2025-03-20,2025-03-20,23650.0,CE,NIFTY2532023650CE,156.35,156.35,156.35,156.35,156.35,270.35,22945.3,138.45,525,525,7,12498333.75,2,F1,75,,,,,
2025-02-18,2025-02-18,FO,NSE,IDO,50245,,NIFTY,,2025-03-20,2025-03-20,23550.0,CE,NIFTY2532023550CE,0.0,0.0,0.0,305.45,0.0,305.45,22945.3,165.3,0,0,0,0.0,0,F1,75,,,,,
2025-02-18,2025-02-18,FO,NSE,IDO,50237,,NIFTY,,2025-03-20,2025-03-20,23350.0,CE,NIFTY2532023350CE,0.0,0.0,0.0,385.35,0.0,385.35,22945.3,230.5,0,0,0,0.0,0,F1,75,,,,,
2025-02-18,2025-02-18,FO,NSE,IDO,50229,,NIFTY,,2025-03-20,2025-03-20,23150.0,CE,NIFTY2532023150CE,0.0,0.0,0.0,478.75,0.0,478.75,22945.3,312.35,0,0,0,0.0,0,F1,75,,,,,
2025-02-18,2025-02-18,FO,NSE,IDO,50223,,NIFTY,,2025-03-20,2025-03-20,23000.0,CE,NIFTY2532023000CE,450.45,450.45,382.0,424.75,414.45,476.15,22945.3,424.75,9300,-1800,431,756832631.25,217,F1,75,,,,,
2025-02-18,2025-02-18,FO,NSE,IDO,50219,,NIFTY,,2025-03-20,2025-03-20,22900.0,CE,NIFTY2532022900CE,458.9,498.3,445.0,498.3,498.3,614.6,22945.3,439.65,1575,1575,63,110378025.0,33,F1,75,,,,,
2025-02-18,2025-02-18,FO,NSE,IDO,50181,,NIFTY,,2025-03-20,2025-03-20,22400.0,CE,NIFTY2532022400CE,0.0,0.0,0.0,948.35,0.0,948.35,22945.3,775.1,0,0,0,0.0,0,F1,75,,,,,
2025-02-18,2025-02-18,FO,NSE,IDO,45619,,NIFTY,,2025-03-13,2025-03-13,24800.0,CE,NIFTY2531324800CE,11.25,11.25,9.1,10.4,10.4,11.6,22945.3,10.4,375,0,14,26050713.75,11,F1,75,,,,,
2025-02-18,2025-02-18,FO,NSE,IDO,79537,,NIFTY,,2025-04-24,2025-04-24,24050.0,CE,NIFTY25APR24050CE,0.0,0.0,0.0,541.45,0.0,541.45,22945.3,212.25,0,0,0,0.0,0,F1,75,,,,,
2025-02-18,2025-02-18,FO,NSE,IDO,53595,,NIFTY,,2027-12-30,2027-12-30,15000.0,PE,NIFTY27DEC15000PE,0.0,0.0,0.0,43.05,43.05,43.05,22945.3,4.0,475,0,0,0.0,0,F1,75,,,,,
2025-02-18,2025-02-18,FO,NSE,IDO,53606,,NIFTY,,2027-12-30,2027-12-30,19000.0,PE,NIFTY27DEC19000PE,0.0,0.0,0.0,299.95,299.95,299.95,22945.3,87.1,525,0,0,0.0,0,F1,75,,,,,
2025-02-18,2025-02-18,FO,NSE,IDO,53619,,NIFTY,,2027-12-30,2027-12-30,23000.0,PE,NIFTY27DEC23000PE,0.0,0.0,0.0,800.05,800.05,800.05,22945.3,555.35,1950,0,0,0.0,0,F1,75,,,,,
2025-02-18,2025-02-18,FO,NSE,IDO,67783,,NIFTY,,2028-12-28,2028-12-28,24000.0,PE,NIFTY28DEC24000PE,0.0,0.0,0.0,914.3,914.3,914.3,22945.3,669.05,600,0,0,0.0,0,F1,75,,,,,
2025-02-18,2025-02-18,FO,NSE,IDO,89615,,NIFTY,,2029-06-28,2029-06-28,19000.0,PE,NIFTY29JUN19000PE,0.0,0.0,0.0,170.3,0.0,170.3,22945.3,94.0,0,0,0,0.0,0,F1,75,,,,,
2025-02-18,2025-02-18,FO,NSE,IDO,45544,,NIFTY,,2025-03-13,2025-03-13,23850.0,CE,NIFTY2531323850CE,0.0,0.0,0.0,433.25,0.0,433.25,22945.3,61.65,0,0,0,0.0,0,F1,75,,,,,
2025-02-18,2025-02-18,FO,NSE,IDO,45480,,NIFTY,,2025-03-13,2025-03-13,22800.0,CE,NIFTY2531322800CE,488.0,505.5,425.0,501.35,477.35,532.45,22945.3,501.35,2550,525,96,167588231.25,33,F1,75,,,,,
2025-02-18,2025-02-18,FO,NSE,IDO,45419,,NIFTY,,2025-03-13,2025-03-13,21600.0,CE,NIFTY2531321600CE,0.0,0.0,0.0,2165.85,0.0,2165.85,22945.3,1441.4,0,0,0,0.0,0,F1,75,,,,,
2025-02-18,2025-02-18,FO,NSE,IDO,68633,,NIFTY,,2025-03-06,2025-03-06,24800.0,CE,NIFTY2530624800CE,6.0,6.05,4.0,4.2,4.3,6.0,22945.3,4.2,23700,-1725,572,1064119563.75,180,F1,75,,,,,
2025-02-18,2025-02-18,FO,NSE,IDO,68598,,NIFTY,,2025-03-06,2025-03-06,24100.0,CE,NIFTY2530624100CE,25.05,25.05,16.4,17.25,16.45,25.05,22945.3,17.25,61875,31125,1487,2689780803.75,771,F1,75,,,,,
2025-02-18,2025-02-18,FO,NSE,IDO,68480,,NIFTY,,2025-03-06,2025-03-06,23300.0,CE,NIFTY2530623300CE,183.0,188.0,132.0,160.55,151.5,191.75,22945.3,160.55,61200,10875,2127,3742023862.5,1737,F1,75,,,,,
2025-02-18,2025-02-18,FO,NSE,IDO,57702,,NIFTY,,2025-02-27,2025-02-27,26300.0,CE,NIFTY25FEB26300CE,1.55,1.7,1.55,1.6,1.6,1.6,22945.3,1.6,60150,15600,559,1102695525.0,200,F1,75,,,,,
2025-02-18,2025-02-18,FO,NSE,IDO,57687,,NIFTY,,2025-02-27,2025-02-27,26100.0,CE,NIFTY25FEB26100CE,1.65,1.8,1.55,1.65,1.7,1.65,22945.3,1.65,30675,4950,238,465915052.5,133,F1,75,,,,,
2025-02-18,2025-02-18,FO,NSE,IDO,57663,,NIFTY,,2025-02-27,2025-02-27,25500.0,CE,NIFTY25FEB25500CE,1.85,2.0,1.55,1.65,1.6,1.85,22945.3,1.65,1005000,18900,9125,17452778313.75,2341,F1,75,,,,,
2025-02-18,2025-02-18,FO,NSE,IDO,57637,,NIFTY,,2025-02-27,2025-02-27,24900.0,CE,NIFTY25FEB24900CE,2.3,2.55,1.8,1.9,2.1,2.3,22945.3,1.9,180600,-6225,3803,7102727520.0,1564,F1,75,,,,,
2025-02-18,2025-02-18,FO,NSE,IDO,63672,,NIFTY,,2025-02-20,2025-02-20,23800.0,CE,NIFTY2522023800CE,2.4,2.95,1.0,1.15,1.15,2.8,22945.3,1.15,9090450,3096075,697279,1244729654790.0,146518,F1,75,,,,,
2025-02-18,2025-02-18,FO,NSE,IDO,63799,,NIFTY,,2025-02-20,2025-02-20,24800.0,CE,NIFTY2522024800CE,0.55,1.0,0.4,0.45,0.45,0.7,22945.3,0.45,421425,-43050,32206,59904590287.5,7212,F1,75,,,,,
2025-02-18,2025-02-18,FO,NSE,IDO,63815,,NIFTY,,2025-02-20,2025-02-20,25100.0,CE,NIFTY2522025100CE,0.65,0.8,0.35,0.45,0.4,0.7,22945.3,0.45,872850,7725,42349,79723919100.0,6469,F1,75,,,,,
2025-02-18,2025-02-18,FO,NSE,IDO,63972,,NIFTY,,2025-02-20,2025-02-20,25250.0,CE,NIFTY2522025250CE,0.5,0.75,0.35,0.45,0.35,0.65,22945.3,0.45,392250,23475,32691,61910005897.5,5339,F1,75,,,,,
2025-02-18,2025-02-18,FO,NSE,IDO,63974,,NIFTY,,2025-02-20,2025-02-20,25300.0,CE,NIFTY2522025300CE,0.6,0.75,0.35,0.4,0.35,0.65,22945.3,0.4,1263450,-54450,35274,66933929628.75,6161,F1,75,,,,,
2025-02-18,2025-02-18,FO,NSE,IDO,55565,,NIFTY,,2025-02-27,2025-02-27,21250.0,CE,NIFTY25FEB21250CE,0.0,0.0,0.0,1768.5,1768.5,1768.5,22945.3,1729.35,225,0,0,0.0,0,F1,75,,,,,
2025-02-18,2025-02-18,FO,NSE,IDO,55573,,NIFTY,,2025-02-27,2025-02-27,21450.0,CE,NIFTY25FEB21450CE,0.0,0.0,0.0,1547.2,1547.2,1547.2,22945.3,1529.7,600,0,0,0.0,0,F1,75,,,,,
2025-02-18,2025-02-18,FO,NSE,IDO,55587,,NIFTY,,2025-02-27,2025-02-27,21700.0,CE,NIFTY25FEB21700CE,1183.8,1301.55,1183.8,1301.55,1301.55,1291.55,22945.3,1280.5,450,75,2,3441401.25,2,F1,75,,,,,
2025-02-18,2025-02-18,FO,NSE,IDO,57629,,NIFTY,,2025-02-27,2025-02-27,24700.0,CE,NIFTY25FEB24700CE,2.65,2.7,1.85,2.05,2.2,2.7,22945.3,2.05,464700,3225,5014,9289321282.5,1867,F1,75,,,,,
2025-02-18,2025-02-18,FO,NSE,IDO,57617,,NIFTY,,2025-02-27,2025-02-27,24400.0,CE,NIFTY25FEB24400CE,3.75,3.75,2.2,2.55,2.3,3.9,22945.3,2.55,580200,75300,10522,19257678082.5,4923,F1,75,,,,,
2025-02-18,2025-02-18,FO,NSE,IDO,57609,,NIFTY,,2025-02-27,2025-02-27,24200.0,CE,NIFTY25FEB24200CE,5.4,5.7,3.2,3.55,3.45,6.1,22945.3,3.55,1333950,256050,28090,50992543672.5,10756,F1,75,,,,,
2025-02-18,2025-02-18,FO,NSE,IDO,57607,,NIFTY,,2025-02-27,2025-02-27,24150.0,CE,NIFTY25FEB24150CE,6.0,6.7,3.65,3.9,4.05,7.1,22945.3,3.9,286500,27150,4197,7603324342.5,2385,F1,75,,,,,
2025-02-18,2025-02-18,FO,NSE,IDO,57595,,NIFTY,,2025-02-27,2025-02-27,23850.0,CE,NIFTY25FEB23850CE,18.0,18.0,9.15,9.95,9.2,17.35,22945.3,9.95,429900,-4500,17172,30731132010.0,10836,F1,75,,,,,
2025-02-18,2025-02-18,FO,NSE,IDO,56737,,NIFTY,,2025-02-27,2025-02-27,23450.0,CE,NIFTY25FEB23450CE,70.0,71.2,38.6,47.7,44.45,69.4,22945.3,47.7,326250,45150,17948,31633093237.5,11720,F1,75,,,,,
2025-02-18,2025-02-18,FO,NSE,IDO,55635,,NIFTY,,2025-02-27,2025-02-27,22900.0,CE,NIFTY25FEB22900CE,302.1,302.1,200.0,253.2,240.75,302.1,22945.3,253.2,1557900,748575,97438,169130352791.25,62565,F1,75,,,,,
2025-02-18,2025-02-18,FO,NSE,IDO,55591,,NIFTY,,2025-02-27,2025-02-27,21800.0,CE,NIFTY25FEB21800CE,1147.35,1201.0,1081.95,1201.0,1201.0,1231.0,22945.3,1181.1,975,300,9,15492716.25,9,F1,75,,,,,
2025-02-18,2025-02-18,FO,NSE,IDO,79488,,NIFTY,,2025-04-24,2025-04-24,23400.0,CE,NIFTY25APR23400CE,436.0,478.95,430.0,467.9,454.25,496.0,22945.3,467.9,12750,-750,32,57251085.0,25,F1,75,,,,,
2025-02-18,2025-02-18,FO,NSE,IDO,55601,,NIFTY,,2025-02-27,2025-02-27,22050.0,CE,NIFTY25FEB22050CE,0.0,0.0,0.0,983.15,983.15,983.15,22945.3,934.95,450,0,0,0.0,0,F1,75,,,,,
2025-02-18,2025-02-18,FO,NSE,IDO,63904,,NIFTY,,2025-02-20,2025-02-20,25200.0,CE,NIFTY2522025200CE,0.95,0.95,0.35,0.45,0.4,0.7,22945.3,0.45,900225,-26925,30705,58033834091.25,7373,F1,75,,,,,
2025-02-18,2025-02-18,FO,NSE,IDO,63811,,NIFTY,,2025-02-20,2025-02-20,25050.0,CE,NIFTY2522025050CE,0.65,0.8,0.35,0.45,0.4,0.65,22945.3,0.45,229575,150,9481,17812848596.25,1881,F1,75,,,,,
2025-02-18,2025-02-18,FO,NSE,IDO,63729,,NIFTY,,2025-02-20,2025-02-20,24650.0,CE,NIFTY2522024650CE,0.7,0.85,0.4,0.45,0.45,0.7,22945.3,0.45,412725,-600,32443,59980513983.75,7467,F1,75,,,,,
2025-02-18,2025-02-18,FO,NSE,IDO,63719,,NIFTY,,2025-02-20,2025-02-20,24550.0,CE,NIFTY2522024550CE,0.7,0.85,0.4,0.5,0.45,0.7,22945.3,0.5,555600,-37575,60346,111114917343.75,15754,F1,75,,,,,
2025-02-18,2025-02-18,FO,NSE,IDO,63692,,NIFTY,,2025-02-20,2025-02-20,24250.0,CE,NIFTY2522024250CE,0.9,1.15,0.5,0.6,0.55,0.95,22945.3,0.6,481050,71850,59199,107671917123.75,13313,F1,75,,,,,
2025-02-18,2025-02-18,FO,NSE,IDO,63610,,NIFTY,,2025-02-20,2025-02-20,23300.0,CE,NIFTY2522023300CE,38.15,42.0,13.85,16.55,14.1,40.2,22945.3,16.55,6463350,-953400,1664990,2912172884576.25,532858,F1,75,,,,,
2025-02-18,2025-02-18,FO,NSE,IDO,63532,,NIFTY,,2025-02-20,2025-02-20,23050.0,CE,NIFTY2522023050CE,123.0,123.0,51.55,73.9,64.65,122.4,22945.3,73.9,2015250,730650,896397,1554734706157.5,543102,F1,75,,,,,
2025-02-18,2025-02-18,FO,NSE,IDO,63522,,NIFTY,,2025-02-20,2025-02-20,22900.0,CE,NIFTY2522022900CE,205.0,205.0,100.05,145.4,131.45,202.75,22945.3,145.4,3321750,1349175,2388134,4126462527187.5,1476998,F1,75,,,,,
2025-02-18,2025-02-18,FO,NSE,IDO,79725,,NIFTY,,2025-04-24,2025-04-24,25000.0,CE,NIFTY25APR25000CE,58.05,58.45,51.0,52.45,52.0,57.9,22945.3,52.45,224700,4875,2408,4524673792.5,1468,F1,75,,,,,
2025-02-18,2025-02-18,FO,NSE,IDO,79737,,NIFTY,,2025-04-24,2025-04-24,25250.0,CE,NIFTY25APR25250CE,37.0,38.0,35.3,35.3,35.3,41.45,22945.3,35.3,5775,0,4,7586047.5,4,F1,75,,,,,
2025-02-18,2025-02-18,FO,NSE,IDO,79739,,NIFTY,,2025-04-24,2025-04-24,25300.0,CE,NIFTY25APR25300CE,35.1,35.1,34.4,34.4,34.4,36.8,22945.3,37.3,2925,-450,8,15200865.0,4,F1,75,,,,,
2025-02-18,2025-02-18,FO,NSE,IDO,71381,,NIFTY,,2025-06-26,2025-06-26,25000.0,CE,NIFTY25JUN25000CE,223.6,223.6,197.9,206.0,204.5,223.6,22945.3,206.0,698775,-3725,2012,3803567486.25,1557,F1,75,,,,,
2025-02-18,2025-02-18,FO,NSE,IDO,35219,,NIFTY,,2025-06-26,2025-06-26,30000.0,CE,NIFTY25JUN30000CE,13.2,13.2,13.0,13.0,13.0,13.15,22945.3,0.55,22650,-75,2,4501965.0,2,F1,75,,,,,
2025-02-18,2025-02-18,FO,NSE,IDO,64686,,NIFTY,,2025-09-25,2025-09-25,21000.0,CE,NIFTY25SEP21000CE,0.0,0.0,0.0,6742.1,0.0,6742.1,22945.3,2865.6,0,0,0,0.0,0,F1,75,,,,,
2025-02-18,2025-02-18,FO,NSE,IDO,64694,,NIFTY,,2025-09-25,2025-09-25,25000.0,CE,NIFTY25SEP25000CE,519.95,519.95,474.0,487.75,486.0,508.0,22945.3,487.75,18975,2325,65,124266633.75,59,F1,75,,,,,
2025-02-18,2025-02-18,FO,NSE,IDO,55121,,NIFTY,,2025-12-24,2025-12-24,18000.0,CE,NIFTY25DEC18000CE,0.0,0.0,0.0,5700.0,5700.0,5700.0,22945.3,5915.25,9375,0,0,0.0,0,F1,75,,,,,
2025-02-18,2025-02-18,FO,NSE,IDO,63361,,NIFTY,,2025-02-20,2025-02-20,22450.0,CE,NIFTY2522022450CE,556.4,556.4,390.35,503.6,485.7,560.1,22945.3,503.6,32475,9150,3050,5238831997.5,1857,F1,75,,,,,
2025-02-18,2025-02-18,FO,NSE,IDO,63357,,NIFTY,,2025-02-20,2025-02-20,22350.0,CE,NIFTY2522022350CE,604.4,628.65,479.75,603.5,580.6,651.6,22945.3,603.5,15075,750,2298,3951114277.5,1181,F1,75,,,,,
2025-02-18,2025-02-18,FO,NSE,IDO,50277,,NIFTY,,2025-03-20,2025-03-20,24050.0,CE,NIFTY2532024050CE,0.0,0.0,0.0,159.4,0.0,159.4,22945.3,63.2,0,0,0,0.0,0,F1,75,,,,,
2025-02-18,2025-02-18,FO,NSE,IDO,50179,,NIFTY,,2025-03-20,2025-03-20,22350.0,CE,NIFTY2532022350CE,0.0,0.0,0.0,985.85,0.0,985.85,22945.3,813.95,0,0,0,0.0,0,F1,75,,,,,
2025-02-18,2025-02-18,FO,NSE,IDO,50153,,NIFTY,,2025-03-20,2025-03-20,22050.0,CE,NIFTY2532022050CE,0.0,0.0,0.0,1224.7,0.0,1224.7,22945.3,1063.3,0,0,0,0.0,0,F1,75,,,,,
2025-02-18,2025-02-18,FO,NSE,IDO,50125,,NIFTY,,2025-03-20,2025-03-20,21550.0,CE,NIFTY2532021550CE,0.0,0.0,0.0,1664.4,0.0,1664.4,22945.3,1523.0,0,0,0,0.0,0,F1,75,,,,,
2025-02-18,2025-02-18,FO,NSE,IDO,45644,,NIFTY,,2025-03-13,2025-03-13,25100.0,CE,NIFTY2531325100CE,0.0,0.0,0.0,10.0,10.0,10.0,22945.3,1.35,450,0,0,0.0,0,F1,75,,,,,
2025-02-18,2025-02-18,FO,NSE,IDO,45590,,NIFTY,,2025-03-13,2025-03-13,24350.0,CE,NIFTY2531324350CE,0.0,0.0,0.0,243.35,0.0,243.35,22945.3,16.4,0,0,0,0.0,0,F1,75,,,,,
2025-02-18,2025-02-18,FO,NSE,IDO,45564,,NIFTY,,2025-03-13,2025-03-13,24200.0,CE,NIFTY2531324200CE,34.25,35.25,28.0,28.1,28.0,36.05,22945.3,28.1,2175,1500,36,65419781.25,19,F1,75,,,,,
2025-02-18,2025-02-18,FO,NSE,IDO,45550,,NIFTY,,2025-03-13,2025-03-13,24000.0,CE,NIFTY2531324000CE,58.85,58.9,43.0,47.55,45.0,60.35,22945.3,47.55,40875,6675,607,1094812991.25,319,F1,75,,,,,
2025-02-18,2025-02-18,FO,NSE,IDO,45492,,NIFTY,,2025-03-13,2025-03-13,23100.0,CE,NIFTY2531323100CE,311.0,329.0,277.0,317.65,313.0,358.0,22945.3,317.65,3150,2025,47,82531361.25,27,F1,75,,,,,
2025-02-18,2025-02-18,FO,NSE,IDO,45490,,NIFTY,,2025-03-13,2025-03-13,23050.0,CE,NIFTY2531323050CE,341.35,341.35,341.35,341.35,341.35,906.1,22945.3,302.15,75,75,1,1754351.25,1,F1,75,,,,,
2025-02-18,2025-02-18,FO,NSE,IDO,45433,,NIFTY,,2025-03-13,2025-03-13,21850.0,CE,NIFTY2531321850CE,0.0,0.0,0.0,1927.25,0.0,1927.25,22945.3,1202.9,0,0,0,0.0,0,F1,75,,,,,
2025-02-18,2025-02-18,FO,NSE,IDO,45423,,NIFTY,,2025-03-13,2025-03-13,21650.0,CE,NIFTY2531321650CE,0.0,0.0,0.0,2117.75,0.0,2117.75,22945.3,1393.1,0,0,0,0.0,0,F1,75,,,,,
2025-02-18,2025-02-18,FO,NSE,IDO,68664,,NIFTY,,2025-03-06,2025-03-06,25100.0,CE,NIFTY2530625100CE,3.25,3.25,2.85,3.0,3.0,3.8,22945.3,3.0,10125,150,45,84722973.75,25,F1,75,,,,,
2025-02-18,2025-02-18,FO,NSE,IDO,68600,,NIFTY,,2025-03-06,2025-03-06,24150.0,CE,NIFTY2530624150CE,21.0,21.0,14.75,15.1,14.9,21.95,22945.3,15.1,5700,0,139,251943202.5,58,F1,75,,,,,
2025-02-18,2025-02-18,FO,NSE,IDO,68596,,NIFTY,,2025-03-06,2025-03-06,24050.0,CE,NIFTY2530624050CE,26.0,26.95,18.8,20.3,18.8,28.3,22945.3,20.3,9900,2925,346,624648225.0,207,F1,75,,,,,
2025-02-18,2025-02-18,FO,NSE,IDO,68592,,NIFTY,,2025-03-06,2025-03-06,23950.0,CE,NIFTY2530623950CE,35.65,35.65,25.75,27.95,25.75,37.45,22945.3,27.95,10050,2100,302,543093648.75,138,F1,75,,,,,
2025-02-18,2025-02-18,FO,NSE,IDO,38376,,NIFTY,,2025-12-24,2025-12-24,20000.0,CE,NIFTY25DEC20000CE,0.0,0.0,0.0,4114.1,4093.25,4114.1,22945.3,4080.9,26350,0,0,0.0,0,F1,75,,,,,
2025-02-18,2025-02-18,FO,NSE,IDO,58646,,NIFTY,,2026-12-31,2026-12-31,21000.0,CE,NIFTY26DEC21000CE,0.0,0.0,0.0,3356.25,0.0,3356.25,22945.3,4577.9,0,0,0,0.0,0,F1,75,,,,,
2025-02-18,2025-02-18,FO,NSE,IDO,71501,,NIFTY,,2026-12-31,2026-12-31,24000.0,CE,NIFTY26DEC24000CE,2680.0,2680.0,2660.0,2667.5,2660.0,2723.35,22945.3,2667.5,675,225,3,6001125.0,3,F1,75,,,,,
2025-02-18,2025-02-18,FO,NSE,IDO,71556,,NIFTY,,2027-06-24,2027-06-24,22000.0,CE,NIFTY27JUN22000CE,0.0,0.0,0.0,2783.5,0.0,2783.5,22945.3,4445.05,0,0,0,0.0,0,F1,75,,,,,
2025-02-18,2025-02-18,FO,NSE,IDO,50981,,NIFTY,,2027-06-24,2027-06-24,27000.0,CE,NIFTY27JUN27000CE,0.0,0.0,0.0,1932.5,0.0,1932.5,22945.3,1764.8,0,0,0,0.0,0,F1,75,,,,,
2025-02-18,2025-02-18,FO,NSE,IDO,53624,,NIFTY,,2027-12-30,2027-12-30,24000.0,CE,NIFTY27DEC24000CE,0.0,0.0,0.0,3778.95,0.0,3778.95,22945.3,3802.8,0,0,0,0.0,0,F1,75,,,,,
2025-02-18,2025-02-18,FO,NSE,IDO,68456,,NIFTY,,2025-03-06,2025-03-06,22750.0,CE,NIFTY2530622750CE,496.1,496.1,379.65,454.55,434.1,493.8,22945.3,454.55,9300,4275,387,672626482.5,203,F1,75,,,,,
2025-02-18,2025-02-18,FO,NSE,IDO,68419,,NIFTY,,2025-03-06,2025-03-06,22050.0,CE,NIFTY2530622050CE,0.0,0.0,0.0,1047.15,1047.15,1047.15,22945.3,975.5,225,0,0,0.0,0,F1,75,,,,,
2025-02-18,2025-02-18,FO,NSE,IDO,68403,,NIFTY,,2025-03-06,2025-03-06,21700.0,CE,NIFTY2530621700CE,0.0,0.0,0.0,1391.8,1391.4,1391.8,22945.3,1311.15,225,0,0,0.0,0,F1,75,,,,,
2025-02-18,2025-02-18,FO,NSE,IDO,57691,,NIFTY,,2025-02-27,2025-02-27,26200.0,CE,NIFTY25FEB26200CE,1.55,1.75,1.5,1.6,1.55,1.6,22945.3,1.6,64575,4725,446,876444866.25,225,F1,75,,,,,
2025-02-18,2025-02-18,FO,NSE,IDO,57665,,NIFTY,,2025-02-27,2025-02-27,25550.0,CE,NIFTY25FEB25550CE,1.85,1.85,1.55,1.6,1.65,1.85,22945.3,1.6,15450,1275,58,111149936.25,34,F1,75,,,,,
2025-02-18,2025-02-18,FO,NSE,IDO,55647,,NIFTY,,2025-02-27,2025-02-27,23200.0,CE,NIFTY25FEB23200CE,150.05,151.35,88.85,113.7,107.0,148.85,22945.3,113.7,2799450,519300,82941,145012942845.0,47224,F1,75,,,,,
2025-02-18,2025-02-18,FO,NSE,IDO,55643,,NIFTY,,2025-02-27,2025-02-27,23100.0,CE,NIFTY25FEB23100CE,195.4,195.4,119.65,154.55,143.55,193.15,22945.3,154.55,1647150,339525,65292,113845823820.0,41912,F1,75,,,,,
2025-02-18,2025-02-18,FO,NSE,IDO,71565,,NIFTY,,2027-06-24,2027-06-24,26000.0,PE,NIFTY27JUN26000PE,0.0,0.0,0.0,6202.2,0.0,6202.2,22945.3,1551.8,0,0,0,0.0,0,F1,75,,,,,
2025-02-18,2025-02-18,FO,NSE,IDO,53617,,NIFTY,,2027-12-30,2027-12-30,22000.0,PE,NIFTY27DEC22000PE,0.0,0.0,0.0,329.0,329.0,329.0,22945.3,378.25,25,0,0,0.0,0,F1,75,,,,,
2025-02-18,2025-02-18,FO,NSE,IDO,86148,,NIFTY,,2028-06-29,2028-06-29,22000.0,PE,NIFTY28JUN22000PE,0.0,0.0,0.0,520.05,520.05,520.05,22945.3,362.8,100,0,0,0.0,0,F1,75,,,,,
2025-02-18,2025-02-18,FO,NSE,IDO,67781,,NIFTY,,2028-12-28,2028-12-28,23000.0,PE,NIFTY28DEC23000PE,0.0,0.0,0.0,875.0,875.0,875.0,22945.3,488.55,3675,0,0,0.0,0,F1,75,,,,,
2025-02-18,2025-02-18,FO,NSE,IDO,86145,,NIFTY,,2028-06-29,2028-06-29,21000.0,CE,NIFTY28JUN21000CE,0.0,0.0,0.0,5226.55,0.0,5226.55,22945.3,6308.8,0,0,0,0.0,0,F1,75,,,,,
2025-02-18,2025-02-18,FO,NSE,IDO,89612,,NIFTY,,2029-06-28,2029-06-28,18000.0,CE,NIFTY29JUN18000CE,0.0,0.0,0.0,11678.65,0.0,11678.65,22945.3,9442.7,0,0,0,0.0,0,F1,75,,,,,
2025-02-18,2025-02-18,FO,NSE,IDO,63095,,NIFTY,,2025-02-20,2025-02-20,21200.0,PE,NIFTY2522021200PE,0.9,1.2,0.35,0.45,0.4,0.95,22945.3,0.45,1301400,191175,80080,127330793238.75,15053,F1,75,,,,,
2025-02-18,2025-02-18,FO,NSE,IDO,67787,,NIFTY,,2028-12-28,2028-12-28,26000.0,PE,NIFTY28DEC26000PE,0.0,0.0,0.0,1160.95,0.0,1160.95,22945.3,1151.25,0,0,0,0.0,0,F1,75,,,,,
2025-02-18,2025-02-18,FO,NSE,IDO,89623,,NIFTY,,2029-06-28,2029-06-28,20000.0,PE,NIFTY29JUN20000PE,0.0,0.0,0.0,236.95,0.0,236.95,22945.3,148.7,0,0,0,0.0,0,F1,75,,,,,
2025-02-18,2025-02-18,FO,NSE,IDO,55623,,NIFTY,,2025-02-27,2025-02-27,22600.0,CE,NIFTY25FEB22600CE,484.65,488.55,373.0,455.65,437.65,512.1,22945.3,455.65,93000,10650,3487,6022986528.75,2564,F1,75,,,,,
2025-02-18,2025-02-18,FO,NSE,IDO,55615,,NIFTY,,2025-02-27,2025-02-27,22400.0,CE,NIFTY25FEB22400CE,631.05,650.0,522.05,622.85,600.0,676.85,22945.3,622.85,40275,7125,711,1225418752.5,453,F1,75,,,,,
2025-02-18,2025-02-18,FO,NSE,IDO,63235,,NIFTY,,2025-02-20,2025-02-20,21600.0,PE,NIFTY2522021600PE,1.4,1.65,0.55,0.75,0.7,1.6,22945.3,0.75,1980375,-510000,142581,230993035263.75,34539,F1,75,,,,,
2025-02-18,2025-02-18,FO,NSE,IDO,63523,,NIFTY,,2025-02-20,2025-02-20,22900.0,PE,NIFTY2522022900PE,114.95,190.55,84.0,97.4,104.6,113.15,22945.3,97.4,3839325,1174050,2472581,4271352435562.5,1473881,F1,75,,,,,
2025-02-18,2025-02-18,FO,NSE,IDO,63643,,NIFTY,,2025-02-20,2025-02-20,23650.0,PE,NIFTY2522023650PE,703.05,826.65,676.9,696.85,723.7,660.8,22945.3,696.85,29550,-900,119,217576961.25,99,F1,75,,,,,
2025-02-18,2025-02-18,FO,NSE,IDO,63675,,NIFTY,,2025-02-20,2025-02-20,23850.0,PE,NIFTY2522023850PE,1010.0,1016.85,872.5,872.55,872.55,848.55,22945.3,896.2,21600,-225,14,26071721.25,12,F1,75,,,,,
2025-02-18,2025-02-18,FO,NSE,IDO,63693,,NIFTY,,2025-02-20,2025-02-20,24250.0,PE,NIFTY2522024250PE,0.0,0.0,0.0,1400.0,1400.0,1400.0,22945.3,1296.05,375,0,0,0.0,0,F1,75,,,,,
2025-02-18,2025-02-18,FO,NSE,IDO,63701,,NIFTY,,2025-02-20,2025-02-20,24350.0,PE,NIFTY2522024350PE,0.0,0.0,0.0,1278.05,1278.05,1278.05,22945.3,1396.05,3000,0,0,0.0,0,F1,75,,,,,
2025-02-18,2025-02-18,FO,NSE,IDO,63716,,NIFTY,,2025-02-20,2025-02-20,24450.0,PE,NIFTY2522024450PE,0.0,0.0,0.0,1392.6,1392.6,1392.6,22945.3,1496.0,600,0,0,0.0,0,F1,75,,,,,
2025-02-18,2025-02-18,FO,NSE,IDO,63732,,NIFTY,,2025-02-20,2025-02-20,24650.0,PE,NIFTY2522024650PE,0.0,0.0,0.0,1272.85,0.0,1272.85,22945.3,1695.9,0,0,0,0.0,0,F1,75,,,,,
2025-02-18,2025-02-18,FO,NSE,IDO,55576,,NIFTY,,2025-02-27,2025-02-27,21500.0,PE,NIFTY25FEB21500PE,4.95,6.8,3.55,3.75,3.7,4.9,22945.3,3.75,2792925,217650,45540,73449879697.5,18828,F1,75,,,,,
2025-02-18,2025-02-18,FO,NSE,IDO,64001,,NIFTY,,2025-02-20,2025-02-20,25450.0,CE,NIFTY2522025450CE,0.65,0.75,0.35,0.45,0.5,0.7,22945.3,0.45,703200,7200,18753,35795623863.75,5009,F1,75,,,,,
2025-02-18,2025-02-18,FO,NSE,IDO,55606,,NIFTY,,2025-02-27,2025-02-27,22150.0,PE,NIFTY25FEB22150PE,29.6,42.15,21.1,23.1,23.6,27.15,22945.3,23.1,151500,9600,6183,10285188270.0,3912,F1,75,,,,,
2025-02-18,2025-02-18,FO,NSE,IDO,55612,,NIFTY,,2025-02-27,2025-02-27,22300.0,PE,NIFTY25FEB22300PE,44.95,63.6,32.65,36.15,38.5,40.4,22945.3,36.15,1051125,245850,46889,78584691195.0,25070,F1,75,,,,,
2025-02-18,2025-02-18,FO,NSE,IDO,55618,,NIFTY,,2025-02-27,2025-02-27,22450.0,PE,NIFTY25FEB22450PE,61.95,93.65,50.7,56.5,59.45,59.75,22945.3,56.5,242550,73725,14287,24129781458.75,10009,F1,75,,,,,
2025-02-18,2025-02-18,FO,NSE,IDO,55620,,NIFTY,,2025-02-27,2025-02-27,22500.0,PE,NIFTY25FEB22500PE,67.0,106.9,58.0,64.7,67.0,67.7,22945.3,64.7,4490625,234225,103841,175851713040.0,54870,F1,75,,,,,
2025-02-18,2025-02-18,FO,NSE,IDO,56738,,NIFTY,,2025-02-27,2025-02-27,23450.0,PE,NIFTY25FEB23450PE,555.85,642.75,499.2,530.95,542.65,488.85,22945.3,530.95,93750,-2100,193,347391933.75,141,F1,75,,,,,
2025-02-18,2025-02-18,FO,NSE,IDO,57622,,NIFTY,,2025-02-27,2025-02-27,24500.0,PE,NIFTY25FEB24500PE,1530.0,1656.0,1492.0,1531.25,1548.15,1476.1,22945.3,1531.25,965850,-10575,583,1138936057.5,271,F1,75,,,,,
2025-02-18,2025-02-18,FO,NSE,IDO,57626,,NIFTY,,2025-02-27,2025-02-27,24600.0,PE,NIFTY25FEB24600PE,1613.7,1715.05,1605.65,1629.05,1629.05,1600.0,22945.3,1615.4,76725,150,24,47283097.5,22,F1,75,,,,,
2025-02-18,2025-02-18,FO,NSE,IDO,57634,,NIFTY,,2025-02-27,2025-02-27,24800.0,PE,NIFTY25FEB24800PE,1803.0,1925.0,1803.0,1838.05,1838.05,1769.0,22945.3,1838.05,38550,0,35,70005393.75,28,F1,75,,,,,
2025-02-18,2025-02-18,FO,NSE,IDO,57670,,NIFTY,,2025-02-27,2025-02-27,25650.0,PE,NIFTY25FEB25650PE,0.0,0.0,0.0,2604.3,2604.15,2604.3,22945.3,2663.6,225,0,0,0.0,0,F1,75,,,,,
2025-02-18,2025-02-18,FO,NSE,IDO,57678,,NIFTY,,2025-02-27,2025-02-27,25850.0,PE,NIFTY25FEB25850PE,0.0,0.0,0.0,2812.65,2813.8,2812.65,22945.3,2863.3,225,0,0,0.0,0,F1,75,,,,,
2025-02-18,2025-02-18,FO,NSE,IDO,68394,,NIFTY,,2025-03-06,2025-03-06,21450.0,PE,NIFTY2530621450PE,14.1,22.4,10.9,12.25,12.0,14.1,22945.3,12.25,2625,1200,31,49906035.0,14,F1,75,,,,,
2025-02-18,2025-02-18,FO,NSE,IDO,68420,,NIFTY,,2025-03-06,2025-03-06,22050.0,PE,NIFTY2530622050PE,45.6,60.35,40.95,42.35,46.3,43.6,22945.3,42.35,4800,2925,131,217130077.5,85,F1,75,,,,,
2025-02-18,2025-02-18,FO,NSE,IDO,68431,,NIFTY,,2025-03-06,2025-03-06,22300.0,PE,NIFTY2530622300PE,88.0,105.0,67.7,74.15,77.4,74.55,22945.3,74.15,42150,26700,1003,1683704137.5,630,F1,75,,,,,
2025-02-18,2025-02-18,FO,NSE,IDO,68433,,NIFTY,,2025-03-06,2025-03-06,22350.0,PE,NIFTY2530622350PE,89.9,92.65,77.6,83.75,84.6,82.2,22945.3,83.75,7275,6150,105,176663126.25,38,F1,75,,,,,
2025-02-18,2025-02-18,FO,NSE,IDO,68453,,NIFTY,,2025-03-06,2025-03-06,22650.0,PE,NIFTY2530622650PE,157.0,196.6,141.15,147.35,152.2,144.35,22945.3,147.35,5025,2325,118,201892177.5,84,F1,75,,,,,
2025-02-18,2025-02-18,FO,NSE,IDO,68461,,NIFTY,,2025-03-06,2025-03-06,22850.0,PE,NIFTY2530622850PE,230.0,280.85,198.45,212.6,220.55,206.0,22945.3,212.6,18900,3825,632,1094356443.75,467,F1,75,,,,,
2025-02-18,2025-02-18,FO,NSE,IDO,68613,,NIFTY,,2025-03-06,2025-03-06,24350.0,PE,NIFTY2530624350PE,0.0,0.0,0.0,1282.4,1282.3,1282.4,22945.3,1340.75,450,0,0,0.0,0,F1,75,,,,,
2025-02-18,2025-02-18,FO,NSE,IDO,68619,,NIFTY,,2025-03-06,2025-03-06,24500.0,PE,NIFTY2530624500PE,1466.5,1466.5,1444.05,1444.05,1444.05,1458.65,22945.3,1487.9,300,75,2,3893291.25,2,F1,75,,,,,
2025-02-18,2025-02-18,FO,NSE,IDO,68634,,NIFTY,,2025-03-06,2025-03-06,24800.0,PE,NIFTY2530624800PE,0.0,0.0,0.0,1710.45,1710.55,1710.45,22945.3,1784.9,225,0,0,0.0,0,F1,75,,,,,
2025-02-18,2025-02-18,FO,NSE,IDO,68646,,NIFTY,,2025-03-06,2025-03-06,24900.0,PE,NIFTY2530624900PE,0.0,0.0,0.0,1812.3,1812.2,1812.3,22945.3,1884.35,300,0,0,0.0,0,F1,75,,,,,
2025-02-18,2025-02-18,FO,NSE,IDO,68871,,NIFTY,,2025-03-06,2025-03-06,25450.0,PE,NIFTY2530625450PE,0.0,0.0,0.0,2350.85,2350.85,2350.85,22945.3,2432.3,150,0,0,0.0,0,F1,75,,,,,
2025-02-18,2025-02-18,FO,NSE,IDO,45439,,NIFTY,,2025-03-13,2025-03-13,21950.0,PE,NIFTY2531321950PE,0.0,0.0,0.0,27.25,0.0,27.25,22945.3,25.05,0,0,0,0.0,0,F1,75,,,,,
2025-02-18,2025-02-18,FO,NSE,IDO,45592,,NIFTY,,2025-03-13,2025-03-13,24350.0,PE,NIFTY2531324350PE,0.0,0.0,0.0,820.6,0.0,820.6,22945.3,1321.6,0,0,0,0.0,0,F1,75,,,,,
2025-02-18,2025-02-18,FO,NSE,IDO,45609,,NIFTY,,2025-03-13,2025-03-13,24550.0,PE,NIFTY2531324550PE,0.0,0.0,0.0,965.0,0.0,965.0,22945.3,1513.35,0,0,0,0.0,0,F1,75,,,,,
2025-02-18,2025-02-18,FO,NSE,IDO,50126,,NIFTY,,2025-03-20,2025-03-20,21550.0,PE,NIFTY2532021550PE,0.0,0.0,0.0,34.95,0.0,34.95,22945.3,12.9,0,0,0,0.0,0,F1,75,,,,,
2025-02-18,2025-02-18,FO,NSE,IDO,50134,,NIFTY,,2025-03-20,2025-03-20,21700.0,PE,NIFTY2532021700PE,0.0,0.0,0.0,47.6,0.0,47.6,22945.3,20.05,0,0,0,0.0,0,F1,75,,,,,
2025-02-18,2025-02-18,FO,NSE,IDO,50140,,NIFTY,,2025-03-20,2025-03-20,21850.0,PE,NIFTY2532021850PE,0.0,0.0,0.0,63.75,0.0,63.75,22945.3,30.35,0,0,0,0.0,0,F1,75,,,,,
2025-02-18,2025-02-18,FO,NSE,IDO,50154,,NIFTY,,2025-03-20,2025-03-20,22050.0,PE,NIFTY2532022050PE,0.0,0.0,0.0,91.8,0.0,91.8,22945.3,50.5,0,0,0,0.0,0,F1,75,,,,,
2025-02-18,2025-02-18,FO,NSE,IDO,50195,,NIFTY,,2025-03-20,2025-03-20,22550.0,PE,NIFTY2532022550PE,0.0,0.0,0.0,203.55,0.0,203.55,22945.3,148.45,0,0,0,0.0,0,F1,75,,,,,
2025-02-18,2025-02-18,FO,NSE,IDO,50236,,NIFTY,,2025-03-20,2025-03-20,23300.0,PE,NIFTY2532023300PE,0.0,0.0,0.0,515.95,0.0,515.95,22945.3,479.9,0,0,0,0.0,0,F1,75,,,,,
2025-02-18,2025-02-18,FO,NSE,IDO,50250,,NIFTY,,2025-03-20,2025-03-20,23600.0,PE,NIFTY2532023600PE,0.0,0.0,0.0,693.95,0.0,693.95,22945.3,680.35,0,0,0,0.0,0,F1,75,,,,,
2025-02-18,2025-02-18,FO,NSE,IDO,50292,,NIFTY,,2025-03-20,2025-03-20,24350.0,PE,NIFTY2532024350PE,0.0,0.0,0.0,1254.0,0.0,1254.0,22945.3,1307.35,0,0,0,0.0,0,F1,75,,,,,
2025-02-18,2025-02-18,FO,NSE,IDO,46867,,NIFTY,,2025-03-27,2025-03-27,21300.0,PE,NIFTY25MAR21300PE,46.1,54.45,44.0,46.0,47.25,45.0,22945.3,46.0,61725,375,964,1543411353.75,390,F1,75,,,,,
2025-02-18,2025-02-18,FO,NSE,IDO,64563,,NIFTY,,2025-03-27,2025-03-27,22000.0,PE,NIFTY25MAR22000PE,106.35,136.3,106.15,112.6,115.6,109.1,22945.3,112.6,3648950,93100,19882,32986430467.5,10872,F1,75,,,,,
2025-02-18,2025-02-18,FO,NSE,IDO,47041,,NIFTY,,2025-03-27,2025-03-27,22750.0,PE,NIFTY25MAR22750PE,284.05,335.2,267.05,283.9,285.8,269.05,22945.3,283.9,33000,6150,384,663812943.75,268,F1,75,,,,,
2025-02-18,2025-02-18,FO,NSE,IDO,58792,,NIFTY,,2025-03-27,2025-03-27,25850.0,PE,NIFTY25MAR25850PE,0.0,0.0,0.0,1865.25,0.0,1865.25,22945.3,2736.25,0,0,0,0.0,0,F1,75,,,,,
2025-02-18,2025-02-18,FO,NSE,IDO,79238,,NIFTY,,2025-04-24,2025-04-24,21200.0,PE,NIFTY25APR21200PE,0.0,0.0,0.0,61.6,0.0,61.6,22945.3,28.3,0,0,0,0.0,0,F1,75,,,,,
2025-02-18,2025-02-18,FO,NSE,IDO,79250,,NIFTY,,2025-04-24,2025-04-24,21350.0,PE,NIFTY25APR21350PE,0.0,0.0,0.0,75.3,0.0,75.3,22945.3,37.9,0,0,0,0.0,0,F1,75,,,,,
2025-02-18,2025-02-18,FO,NSE,IDO,79381,,NIFTY,,2025-04-24,2025-04-24,22250.0,PE,NIFTY25APR22250PE,235.0,235.0,211.0,211.0,211.0,216.1,22945.3,166.15,75,75,2,3370950.0,2,F1,75,,,,,
2025-02-18,2025-02-18,FO,NSE,IDO,79393,,NIFTY,,2025-04-24,2025-04-24,22500.0,PE,NIFTY25APR22500PE,267.95,313.05,261.3,269.05,279.35,264.6,22945.3,269.05,337875,39675,2454,4192511118.75,1611,F1,75,,,,,
2025-02-18,2025-02-18,FO,NSE,IDO,79445,,NIFTY,,2025-04-24,2025-04-24,23300.0,PE,NIFTY25APR23300PE,610.0,629.25,535.25,540.0,540.0,533.4,22945.3,561.9,15300,2400,83,148612061.25,19,F1,75,,,,,
2025-02-18,2025-02-18,FO,NSE,IDO,79510,,NIFTY,,2025-04-24,2025-04-24,23700.0,PE,NIFTY25APR23700PE,800.0,854.25,800.0,820.35,820.35,740.65,22945.3,797.9,2700,-2400,32,58892073.75,16,F1,75,,,,,
2025-02-18,2025-02-18,FO,NSE,IDO,79639,,NIFTY,,2025-04-24,2025-04-24,24450.0,PE,NIFTY25APR24450PE,0.0,0.0,0.0,1194.6,0.0,1194.6,22945.3,1351.85,0,0,0,0.0,0,F1,75,,,,,
2025-02-18,2025-02-18,FO,NSE,IDO,79740,,NIFTY,,2025-04-24,2025-04-24,25300.0,PE,NIFTY25APR25300PE,0.0,0.0,0.0,1825.65,0.0,1825.65,22945.3,2100.85,0,0,0,0.0,0,F1,75,,,,,
2025-02-18,2025-02-18,FO,NSE,IDO,38151,,NIFTY,,2025-06-26,2025-06-26,29000.0,PE,NIFTY25JUN29000PE,0.0,0.0,0.0,6724.5,0.0,6724.5,22945.3,5403.5,0,0,0,0.0,0,F1,75,,,,,
2025-02-18,2025-02-18,FO,NSE,IDO,64699,,NIFTY,,2025-09-25,2025-09-25,27000.0,PE,NIFTY25SEP27000PE,0.0,0.0,0.0,1168.15,0.0,1168.15,22945.3,3165.3,0,0,0,0.0,0,F1,75,,,,,
2025-02-18,2025-02-18,FO,NSE,IDO,64701,,NIFTY,,2025-09-25,2025-09-25,28000.0,PE,NIFTY25SEP28000PE,0.0,0.0,0.0,1606.2,0.0,1606.2,22945.3,4051.6,0,0,0,0.0,0,F1,75,,,,,
2025-02-18,2025-02-18,FO,NSE,IDO,71394,,NIFTY,,2025-12-24,2025-12-24,24000.0,PE,NIFTY25DEC24000PE,1050.0,1111.95,1031.3,1054.9,1061.45,1038.2,22945.3,1054.9,919075,-650,493,927166353.75,401,F1,75,,,,,
2025-02-18,2025-02-18,FO,NSE,IDO,50972,,NIFTY,,2025-12-24,2025-12-24,27000.0,PE,NIFTY25DEC27000PE,2787.9,2870.0,2770.0,2781.15,2792.3,2720.9,22945.3,2781.15,210400,14550,220,492413392.5,208,F1,75,,,,,
2025-02-18,2025-02-18,FO,NSE,IDO,50557,,NIFTY,,2026-06-25,2026-06-25,18000.0,PE,NIFTY26JUN18000PE,0.0,0.0,0.0,3088.05,0.0,3088.05,22945.3,18.05,0,0,0,0.0,0,F1,75,,,,,
2025-02-18,2025-02-18,FO,NSE,IDO,39990,,NIFTY,,2026-06-25,2026-06-25,19000.0,PE,NIFTY26JUN19000PE,0.0,0.0,0.0,160.05,160.05,160.05,22945.3,46.5,175,0,0,0.0,0,F1,75,,,,,
2025-02-18,2025-02-18,FO,NSE,IDO,37805,,NIFTY,,2026-06-25,2026-06-25,23000.0,PE,NIFTY26JUN23000PE,0.0,0.0,0.0,780.0,780.0,780.0,22945.3,624.1,7925,0,0,0.0,0,F1,75,,,,,
2025-02-18,2025-02-18,FO,NSE,IDO,79258,,NIFTY,,2025-04-24,2025-04-24,21550.0,CE,NIFTY25APR21550CE,0.0,0.0,0.0,2155.35,0.0,2155.35,22945.3,1698.1,0,0,0,0.0,0,F1,75,,,,,
2025-02-18,2025-02-18,FO,NSE,IDO,79270,,NIFTY,,2025-04-24,2025-04-24,21850.0,CE,NIFTY25APR21850CE,0.0,0.0,0.0,1902.55,0.0,1902.55,22945.3,1437.85,0,0,0,0.0,0,F1,75,,,,,
2025-02-18,2025-02-18,FO,NSE,IDO,79509,,NIFTY,,2025-04-24,2025-04-24,23700.0,CE,NIFTY25APR23700CE,348.15,352.0,308.45,328.25,326.0,365.0,22945.3,328.25,8775,600,23,41446650.0,15,F1,75,,,,,
2025-02-18,2025-02-18,FO,NSE,IDO,79513,,NIFTY,,2025-04-24,2025-04-24,23800.0,CE,NIFTY25APR23800CE,307.85,314.1,277.0,298.25,293.0,328.4,22945.3,298.25,15075,1800,133,240381318.75,113,F1,75,,,,,
2025-02-18,2025-02-18,FO,NSE,IDO,64572,,NIFTY,,2025-03-27,2025-03-27,26000.0,CE,NIFTY25MAR26000CE,11.1,11.45,9.55,9.95,9.85,11.05,22945.3,9.95,1755200,2875,4209,8210905852.5,1839,F1,75,,,,,
2025-02-18,2025-02-18,FO,NSE,IDO,59769,,NIFTY,,2025-03-27,2025-03-27,25950.0,CE,NIFTY25MAR25950CE,9.75,11.7,9.75,9.95,9.95,10.75,22945.3,9.95,5250,300,39,75933990.0,12,F1,75,,,,,
2025-02-18,2025-02-18,FO,NSE,IDO,56866,,NIFTY,,2025-03-27,2025-03-27,25050.0,CE,NIFTY25MAR25050CE,18.5,18.5,16.35,16.65,16.65,19.15,22945.3,11.05,16275,-900,55,103399991.25,19,F1,75,,,,,
2025-02-18,2025-02-18,FO,NSE,IDO,51477,,NIFTY,,2025-03-27,2025-03-27,23700.0,CE,NIFTY25MAR23700CE,193.55,195.0,155.6,174.65,168.35,199.95,22945.3,174.65,252525,23850,2674,4787361783.75,1976,F1,75,,,,,
2025-02-18,2025-02-18,FO,NSE,IDO,64562,,NIFTY,,2025-03-27,2025-03-27,22000.0,CE,NIFTY25MAR22000CE,1250.0,1257.6,1114.1,1206.55,1196.15,1265.6,22945.3,1206.55,495975,-6675,979,1701947486.25,606,F1,75,,,,,
2025-02-18,2025-02-18,FO,NSE,IDO,46926,,NIFTY,,2025-03-27,2025-03-27,21850.0,CE,NIFTY25MAR21850CE,0.0,0.0,0.0,2387.7,0.0,2387.7,22945.3,1281.7,0,0,0,0.0,0,F1,75,,,,,
2025-02-18,2025-02-18,FO,NSE,IDO,46866,,NIFTY,,2025-03-27,2025-03-27,21300.0,CE,NIFTY25MAR21300CE,0.0,0.0,0.0,2880.8,0.0,2880.8,22945.3,1795.5,0,0,0,0.0,0,F1,75,,,,,
2025-02-18,2025-02-18,FO,NSE,IDO,50285,,NIFTY,,2025-03-20,2025-03-20,24200.0,CE,NIFTY2532024200CE,0.0,0.0,0.0,128.55,0.0,128.55,22945.3,45.65,0,0,0,0.0,0,F1,75,,,,,
2025-02-18,2025-02-18,FO,NSE,IDO,50969,,NIFTY,,2025-06-26,2025-06-26,27000.0,CE,NIFTY25JUN27000CE,40.4,40.4,31.0,32.1,31.0,38.25,22945.3,32.1,348400,600,1068,2165375531.25,773,F1,75,,,,,
2025-02-18,2025-02-18,FO,NSE,IDO,38150,,NIFTY,,2025-06-26,2025-06-26,29000.0,CE,NIFTY25JUN29000CE,18.0,19.4,17.05,17.1,17.1,18.05,22945.3,17.1,52525,1650,56,121874797.5,34,F1,75,,,,,
2025-02-18,2025-02-18,FO,NSE,IDO,58624,,NIFTY,,2026-06-25,2026-06-25,12000.0,CE,NIFTY26JUN12000CE,0.0,0.0,0.0,8690.0,8690.0,8690.0,22945.3,11951.95,50,0,0,0.0,0,F1,75,,,,,
2025-02-18,2025-02-18,FO,NSE,IDO,50556,,NIFTY,,2026-06-25,2026-06-25,18000.0,CE,NIFTY26JUN18000CE,0.0,0.0,0.0,7400.0,7400.0,7400.0,22945.3,6473.3,100,0,0,0.0,0,F1,75,,,,,
2025-02-18,2025-02-18,FO,NSE,IDO,39989,,NIFTY,,2026-06-25,2026-06-25,19000.0,CE,NIFTY26JUN19000CE,0.0,0.0,0.0,5792.0,5792.0,5792.0,22945.3,5585.7,100,0,0,0.0,0,F1,75,,,,,
2025-02-18,2025-02-18,FO,NSE,IDO,58636,,NIFTY,,2026-12-31,2026-12-31,16000.0,CE,NIFTY26DEC16000CE,0.0,0.0,0.0,6200.0,6200.0,6200.0,22945.3,8776.9,50,0,0,0.0,0,F1,75,,,,,
2025-02-18,2025-02-18,FO,NSE,IDO,67784,,NIFTY,,2028-12-28,2028-12-28,25000.0,CE,NIFTY28DEC25000CE,0.0,0.0,0.0,5350.4,0.0,5350.4,22945.3,4382.45,0,0,0,0.0,0,F1,75,,,,,
2025-02-18,2025-02-18,FO,NSE,IDO,61914,,NIFTY,,2029-12-27,2029-12-27,29000.0,CE,NIFTY29DEC29000CE,0.0,0.0,0.0,5305.8,0.0,5305.8,22945.3,3578.95,0,0,0,0.0,0,F1,75,,,,,
2025-02-18,2025-02-18,FO,NSE,IDO,63221,,NIFTY,,2025-02-20,2025-02-20,21550.0,PE,NIFTY2522021550PE,1.45,1.55,0.55,0.7,0.65,1.5,22945.3,0.7,242400,-155925,64534,104308163223.75,18985,F1,75,,,,,
2025-02-18,2025-02-18,FO,NSE,IDO,63286,,NIFTY,,2025-02-20,2025-02-20,21950.0,PE,NIFTY2522021950PE,3.0,3.95,1.25,1.4,1.35,3.4,22945.3,1.4,921150,-159300,278262,458143585185.0,58392,F1,75,,,,,
2025-02-18,2025-02-18,FO,NSE,IDO,63325,,NIFTY,,2025-02-20,2025-02-20,22250.0,PE,NIFTY2522022250PE,6.95,12.1,2.8,3.0,3.1,8.65,22945.3,3.0,3267300,386325,525392,877018307715.0,162071,F1,75,,,,,
2025-02-18,2025-02-18,FO,NSE,IDO,63492,,NIFTY,,2025-02-20,2025-02-20,22850.0,PE,NIFTY2522022850PE,95.6,162.0,66.5,78.35,84.7,95.6,22945.3,78.35,2151975,289800,1563922,2693791557011.25,983178,F1,75,,,,,
2025-02-18,2025-02-18,FO,NSE,IDO,63689,,NIFTY,,2025-02-20,2025-02-20,24150.0,PE,NIFTY2522024150PE,1211.3,1211.3,1187.35,1187.45,1187.45,1202.1,22945.3,1196.1,2700,-150,3,5702707.5,3,F1,75,,,,,
2025-02-18,2025-02-18,FO,NSE,IDO,63714,,NIFTY,,2025-02-20,2025-02-20,24400.0,PE,NIFTY2522024400PE,1544.0,1546.75,1441.85,1443.95,1445.0,1519.6,22945.3,1443.95,28500,-900,14,27179831.25,8,F1,75,,,,,
2025-02-18,2025-02-18,FO,NSE,IDO,63723,,NIFTY,,2025-02-20,2025-02-20,24550.0,PE,NIFTY2522024550PE,0.0,0.0,0.0,1551.85,1551.85,1551.85,22945.3,1595.95,150,0,0,0.0,0,F1,75,,,,,
2025-02-18,2025-02-18,FO,NSE,IDO,63808,,NIFTY,,2025-02-20,2025-02-20,24950.0,PE,NIFTY2522024950PE,0.0,0.0,0.0,1531.15,0.0,1531.15,22945.3,1995.8,0,0,0,0.0,0,F1,75,,,,,
2025-02-18,2025-02-18,FO,NSE,IDO,63816,,NIFTY,,2025-02-20,2025-02-20,25100.0,PE,NIFTY2522025100PE,0.0,0.0,0.0,2012.65,2013.9,2012.65,22945.3,2145.75,375,0,0,0.0,0,F1,75,,,,,
2025-02-18,2025-02-18,FO,NSE,IDO,55562,,NIFTY,,2025-02-27,2025-02-27,21150.0,PE,NIFTY25FEB21150PE,2.55,3.0,2.2,2.25,2.35,2.75,22945.3,2.25,199050,144450,3727,5912612100.0,2552,F1,75,,,,,
2025-02-18,2025-02-18,FO,NSE,IDO,55570,,NIFTY,,2025-02-27,2025-02-27,21350.0,PE,NIFTY25FEB21350PE,3.65,4.55,2.65,2.8,2.9,3.65,22945.3,2.8,50400,7575,1380,2210077638.75,868,F1,75,,,,,
2025-02-18,2025-02-18,FO,NSE,IDO,61795,,NIFTY,,2029-12-27,2029-12-27,27000.0,PE,NIFTY29DEC27000PE,0.0,0.0,0.0,1177.9,0.0,1177.9,22945.3,1195.75,0,0,0,0.0,0,F1,75,,,,,
2025-02-18,2025-02-18,FO,NSE,IDO,67791,,NIFTY,,2028-12-28,2028-12-28,28000.0,PE,NIFTY28DEC28000PE,0.0,0.0,0.0,1697.6,0.0,1697.6,22945.3,1803.25,0,0,0,0.0,0,F1,75,,,,,
2025-02-18,2025-02-18,FO,NSE,IDO,86166,,NIFTY,,2028-06-29,2028-06-29,28000.0,PE,NIFTY28JUN28000PE,0.0,0.0,0.0,3161.35,0.0,3161.35,22945.3,2003.55,0,0,0,0.0,0,F1,75,,,,,
2025-02-18,2025-02-18,FO,NSE,IDO,86162,,NIFTY,,2028-06-29,2028-06-29,26000.0,PE,NIFTY28JUN26000PE,0.0,0.0,0.0,2370.3,0.0,2370.3,22945.3,1267.35,0,0,0,0.0,0,F1,75,,,,,
2025-02-18,2025-02-18,FO,NSE,IDO,86140,,NIFTY,,2028-06-29,2028-06-29,18000.0,PE,NIFTY28JUN18000PE,0.0,0.0,0.0,396.75,0.0,396.75,22945.3,51.55,0,0,0,0.0,0,F1,75,,,,,
2025-02-18,2025-02-18,FO,NSE,IDO,53630,,NIFTY,,2027-12-30,2027-12-30,26000.0,PE,NIFTY27DEC26000PE,0.0,0.0,0.0,1951.6,1951.6,1951.6,22945.3,1397.8,75,0,0,0.0,0,F1,75,,,,,
2025-02-18,2025-02-18,FO,NSE,IDO,53625,,NIFTY,,2027-12-30,2027-12-30,24000.0,PE,NIFTY27DEC24000PE,0.0,0.0,0.0,1092.15,1092.15,1092.15,22945.3,782.15,600,0,0,0.0,0,F1,75,,,,,
2025-02-18,2025-02-18,FO,NSE,IDO,53611,,NIFTY,,2027-12-30,2027-12-30,20000.0,PE,NIFTY27DEC20000PE,0.0,0.0,0.0,400.0,400.0,400.0,22945.3,151.0,4025,0,0,0.0,0,F1,75,,,,,
2025-02-18,2025-02-18,FO,NSE,IDO,71563,,NIFTY,,2027-06-24,2027-06-24,25000.0,PE,NIFTY27JUN25000PE,0.0,0.0,0.0,5619.05,0.0,5619.05,22945.3,1165.75,0,0,0,0.0,0,F1,75,,,,,
2025-02-18,2025-02-18,FO,NSE,IDO,71557,,NIFTY,,2027-06-24,2027-06-24,22000.0,PE,NIFTY27JUN22000PE,0.0,0.0,0.0,3995.4,0.0,3995.4,22945.3,389.2,0,0,0,0.0,0,F1,75,,,,,
2025-02-18,2025-02-18,FO,NSE,IDO,58625,,NIFTY,,2026-06-25,2026-06-25,12000.0,PE,NIFTY26JUN12000PE,0.0,0.0,0.0,20.05,20.05,20.05,22945.3,0.05,475,0,0,0.0,0,F1,75,,,,,
2025-02-18,2025-02-18,FO,NSE,IDO,64691,,NIFTY,,2025-09-25,2025-09-25,23000.0,PE,NIFTY25SEP23000PE,626.7,666.0,622.6,622.6,622.6,620.75,22945.3,622.6,37950,825,66,117054435.0,63,F1,75,,,,,
2025-02-18,2025-02-18,FO,NSE,IDO,71384,,NIFTY,,2025-06-26,2025-06-26,26000.0,PE,NIFTY25JUN26000PE,2489.0,2581.75,2437.0,2472.9,2491.0,2422.55,22945.3,2472.9,185350,9075,192,410444160.0,186,F1,75,,,,,
2025-02-18,2025-02-18,FO,NSE,IDO,71382,,NIFTY,,2025-06-26,2025-06-26,25000.0,PE,NIFTY25JUN25000PE,1604.0,1755.0,1602.7,1641.95,1656.85,1595.95,22945.3,1641.95,354325,16175,485,970324170.0,442,F1,75,,,,,
2025-02-18,2025-02-18,FO,NSE,IDO,43386,,NIFTY,,2025-06-26,2025-06-26,14000.0,PE,NIFTY25JUN14000PE,0.0,0.0,0.0,0.25,0.25,0.25,22945.3,0.05,2925,0,0,0.0,0,F1,75,,,,,
2025-02-18,2025-02-18,FO,NSE,IDO,79751,,NIFTY,,2025-04-24,2025-04-24,25500.0,PE,NIFTY25APR25500PE,0.0,0.0,0.0,1989.35,0.0,1989.35,22945.3,2288.2,0,0,0,0.0,0,F1,75,,,,,
2025-02-18,2025-02-18,FO,NSE,IDO,79747,,NIFTY,,2025-04-24,2025-04-24,25400.0,PE,NIFTY25APR25400PE,0.0,0.0,0.0,1906.85,0.0,1906.85,22945.3,2194.15,0,0,0,0.0,0,F1,75,,,,,
2025-02-18,2025-02-18,FO,NSE,IDO,79738,,NIFTY,,2025-04-24,2025-04-24,25250.0,PE,NIFTY25APR25250PE,0.0,0.0,0.0,1785.5,0.0,1785.5,22945.3,2054.5,0,0,0,0.0,0,F1,75,,,,,
2025-02-18,2025-02-18,FO,NSE,IDO,61859,,NIFTY,,2029-12-27,2029-12-27,28000.0,PE,NIFTY29DEC28000PE,0.0,0.0,0.0,1411.3,0.0,1411.3,22945.3,1471.75,0,0,0,0.0,0,F1,75,,,,,
2025-02-18,2025-02-18,FO,NSE,IDO,46886,,NIFTY,,2025-03-27,2025-03-27,21550.0,PE,NIFTY25MAR21550PE,0.0,0.0,0.0,36.35,36.35,36.35,22945.3,20.5,3075,0,0,0.0,0,F1,75,,,,,
2025-02-18,2025-02-18,FO,NSE,IDO,46855,,NIFTY,,2025-03-27,2025-03-27,21250.0,PE,NIFTY25MAR21250PE,44.3,45.5,42.75,44.75,44.65,42.6,22945.3,44.75,8250,2625,68,108600262.5,28,F1,75,,,,,
2025-02-18,2025-02-18,FO,NSE,IDO,64555,,NIFTY,,2025-03-27,2025-03-27,19000.0,PE,NIFTY25MAR19000PE,7.05,7.95,7.05,7.25,7.35,7.1,22945.3,7.25,260850,6450,323,460454377.5,144,F1,75,,,,,
2025-02-18,2025-02-18,FO,NSE,IDO,50228,,NIFTY,,2025-03-20,2025-03-20,23100.0,PE,NIFTY2532023100PE,0.0,0.0,0.0,414.1,0.0,414.1,22945.3,367.2,0,0,0,0.0,0,F1,75,,,,,
2025-02-18,2025-02-18,FO,NSE,IDO,50226,,NIFTY,,2025-03-20,2025-03-20,23050.0,PE,NIFTY2532023050PE,0.0,0.0,0.0,390.75,0.0,390.75,22945.3,341.8,0,0,0,0.0,0,F1,75,,,,,
2025-02-18,2025-02-18,FO,NSE,IDO,50218,,NIFTY,,2025-03-20,2025-03-20,22850.0,PE,NIFTY2532022850PE,0.0,0.0,0.0,253.4,253.4,253.4,22945.3,251.4,150,0,0,0.0,0,F1,75,,,,,
2025-02-18,2025-02-18,FO,NSE,IDO,50146,,NIFTY,,2025-03-20,2025-03-20,21950.0,PE,NIFTY2532021950PE,0.0,0.0,0.0,76.75,0.0,76.75,22945.3,39.4,0,0,0,0.0,0,F1,75,,,,,
2025-02-18,2025-02-18,FO,NSE,IDO,50122,,NIFTY,,2025-03-20,2025-03-20,21500.0,PE,NIFTY2532021500PE,0.0,0.0,0.0,42.0,42.0,42.0,22945.3,11.05,225,0,0,0.0,0,F1,75,,,,,
2025-02-18,2025-02-18,FO,NSE,IDO,50118,,NIFTY,,2025-03-20,2025-03-20,21400.0,PE,NIFTY2532021400PE,0.0,0.0,0.0,25.2,0.0,25.2,22945.3,8.05,0,0,0,0.0,0,F1,75,,,,,
2025-02-18,2025-02-18,FO,NSE,IDO,50110,,NIFTY,,2025-03-20,2025-03-20,21250.0,PE,NIFTY2532021250PE,0.0,0.0,0.0,17.85,0.0,17.85,22945.3,4.85,0,0,0,0.0,0,F1,75,,,,,
2025-02-18,2025-02-18,FO,NSE,IDO,45643,,NIFTY,,2025-03-13,2025-03-13,25050.0,PE,NIFTY2531325050PE,0.0,0.0,0.0,1364.9,0.0,1364.9,22945.3,2003.95,0,0,0,0.0,0,F1,75,,,,,
2025-02-18,2025-02-18,FO,NSE,IDO,45565,,NIFTY,,2025-03-13,2025-03-13,24200.0,PE,NIFTY2531324200PE,0.0,0.0,0.0,720.5,0.0,720.5,22945.3,1180.9,0,0,0,0.0,0,F1,75,,,,,
2025-02-18,2025-02-18,FO,NSE,IDO,45518,,NIFTY,,2025-03-13,2025-03-13,23250.0,PE,NIFTY2531323250PE,0.0,0.0,0.0,466.0,466.0,466.0,22945.3,424.75,0,0,0,0.0,0,F1,75,,,,,
2025-02-18,2025-02-18,FO,NSE,IDO,45479,,NIFTY,,2025-03-13,2025-03-13,22750.0,PE,NIFTY2531322750PE,238.4,239.45,224.8,230.7,230.55,122.05,22945.3,230.7,300,300,8,13790321.25,8,F1,75,,,,,
2025-02-18,2025-02-18,FO,NSE,IDO,45463,,NIFTY,,2025-03-13,2025-03-13,22400.0,PE,NIFTY2531322400PE,140.0,154.75,128.8,128.8,128.8,121.9,22945.3,128.8,675,300,30,50719946.25,15,F1,75,,,,,
2025-02-18,2025-02-18,FO,NSE,IDO,45436,,NIFTY,,2025-03-13,2025-03-13,21900.0,PE,NIFTY2531321900PE,0.0,0.0,0.0,45.0,45.0,45.0,22945.3,21.45,300,0,0,0.0,0,F1,75,,,,,
2025-02-18,2025-02-18,FO,NSE,IDO,68873,,NIFTY,,2025-03-06,2025-03-06,25500.0,PE,NIFTY2530625500PE,0.0,0.0,0.0,2150.0,2150.0,2150.0,22945.3,2482.15,225,0,0,0.0,0,F1,75,,,,,
2025-02-18,2025-02-18,FO,NSE,IDO,68617,,NIFTY,,2025-03-06,2025-03-06,24450.0,PE,NIFTY2530624450PE,0.0,0.0,0.0,1383.4,1382.6,1383.4,22945.3,1438.7,450,0,0,0.0,0,F1,75,,,,,
2025-02-18,2025-02-18,FO,NSE,IDO,68606,,NIFTY,,2025-03-06,2025-03-06,24250.0,PE,NIFTY2530624250PE,0.0,0.0,0.0,1185.6,1183.5,1185.6,22945.3,1243.5,600,0,0,0.0,0,F1,75,,,,,
2025-02-18,2025-02-18,FO,NSE,IDO,57653,,NIFTY,,2025-02-27,2025-02-27,25250.0,CE,NIFTY25FEB25250CE,1.7,2.1,1.6,1.65,1.7,2.0,22945.3,1.65,30300,1950,213,403398558.75,155,F1,75,,,,,
2025-02-18,2025-02-18,FO,NSE,IDO,57683,,NIFTY,,2025-02-27,2025-02-27,26000.0,CE,NIFTY25FEB26000CE,1.7,1.85,1.55,1.65,1.55,1.75,22945.3,1.65,2328225,-19800,5419,10567757801.25,1151,F1,75,,,,,
2025-02-18,2025-02-18,FO,NSE,IDO,57704,,NIFTY,,2025-02-27,2025-02-27,26350.0,CE,NIFTY25FEB26350CE,1.65,1.75,1.55,1.55,1.55,1.65,22945.3,1.55,12375,900,90,177873641.25,36,F1,75,,,,,
2025-02-18,2025-02-18,FO,NSE,IDO,68374,,NIFTY,,2025-03-06,2025-03-06,21100.0,CE,NIFTY2530621100CE,0.0,0.0,0.0,2296.3,0.0,2296.3,22945.3,1905.5,0,0,0,0.0,0,F1,75,,,,,
2025-02-18,2025-02-18,FO,NSE,IDO,68376,,NIFTY,,2025-03-06,2025-03-06,21150.0,CE,NIFTY2530621150CE,0.0,0.0,0.0,2248.4,0.0,2248.4,22945.3,1855.7,0,0,0,0.0,0,F1,75,,,,,
2025-02-18,2025-02-18,FO,NSE,IDO,68388,,NIFTY,,2025-03-06,2025-03-06,21350.0,CE,NIFTY2530621350CE,0.0,0.0,0.0,1740.05,1739.35,1740.05,22945.3,1656.75,600,0,0,0.0,0,F1,75,,,,,
2025-02-18,2025-02-18,FO,NSE,IDO,68391,,NIFTY,,2025-03-06,2025-03-06,21400.0,CE,NIFTY2530621400CE,0.0,0.0,0.0,1691.1,1690.4,1691.1,22945.3,1607.1,600,0,0,0.0,0,F1,75,,,,,
2025-02-18,2025-02-18,FO,NSE,IDO,68393,,NIFTY,,2025-03-06,2025-03-06,21450.0,CE,NIFTY2530621450CE,0.0,0.0,0.0,1635.15,1636.1,1635.15,22945.3,1557.55,525,0,0,0.0,0,F1,75,,,,,
2025-02-18,2025-02-18,FO,NSE,IDO,68401,,NIFTY,,2025-03-06,2025-03-06,21650.0,CE,NIFTY2530621650CE,0.0,0.0,0.0,1434.1,1434.85,1434.1,22945.3,1360.15,600,0,0,0.0,0,F1,75,,,,,
2025-02-18,2025-02-18,FO,NSE,IDO,68430,,NIFTY,,2025-03-06,2025-03-06,22300.0,CE,NIFTY2530622300CE,790.0,790.0,790.0,790.0,790.0,824.6,22945.3,750.4,675,600,8,13854000.0,1,F1,75,,,,,
2025-02-18,2025-02-18,FO,NSE,IDO,68574,,NIFTY,,2025-03-06,2025-03-06,23500.0,CE,NIFTY2530623500CE,121.95,122.0,81.1,97.45,90.4,123.55,22945.3,97.45,135000,-65100,9312,16480572532.5,4835,F1,75,,,,,
2025-02-18,2025-02-18,FO,NSE,IDO,68586,,NIFTY,,2025-03-06,2025-03-06,23800.0,CE,NIFTY2530623800CE,56.0,57.1,37.65,42.1,39.2,56.0,22945.3,42.1,111150,15450,3215,5749296453.75,1859,F1,75,,,,,
2025-02-18,2025-02-18,FO,NSE,IDO,68602,,NIFTY,,2025-03-06,2025-03-06,24200.0,CE,NIFTY2530624200CE,18.65,18.65,12.5,13.35,13.0,19.0,22945.3,13.35,121200,42075,4005,7273420980.0,1884,F1,75,,,,,
2025-02-18,2025-02-18,FO,NSE,IDO,68672,,NIFTY,,2025-03-06,2025-03-06,25250.0,CE,NIFTY2530625250CE,2.85,2.85,2.65,2.65,2.65,3.3,22945.3,0.1,2250,825,15,28409298.75,9,F1,75,,,,,
2025-02-18,2025-02-18,FO,NSE,IDO,68870,,NIFTY,,2025-03-06,2025-03-06,25450.0,CE,NIFTY2530625450CE,2.95,3.15,2.4,2.45,2.4,2.95,22945.3,2.45,2925,225,11,20998485.0,8,F1,75,,,,,
2025-02-18,2025-02-18,FO,NSE,IDO,68587,,NIFTY,,2025-03-06,2025-03-06,23800.0,PE,NIFTY2530623800PE,830.25,937.0,815.0,833.5,828.25,789.4,22945.3,833.5,4500,-1650,33,61135852.5,17,F1,75,,,,,
2025-02-18,2025-02-18,FO,NSE,IDO,68579,,NIFTY,,2025-03-06,2025-03-06,23600.0,PE,NIFTY2530623600PE,660.0,660.0,630.0,642.0,642.0,644.45,22945.3,642.0,3225,450,8,14541900.0,5,F1,75,,,,,
2025-02-18,2025-02-18,FO,NSE,IDO,68483,,NIFTY,,2025-03-06,2025-03-06,23350.0,PE,NIFTY2530623350PE,477.85,491.7,477.85,480.35,491.7,462.55,22945.3,480.35,1125,75,6,10723661.25,6,F1,75,,,,,
2025-02-18,2025-02-18,FO,NSE,IDO,68467,,NIFTY,,2025-03-06,2025-03-06,22950.0,PE,NIFTY2530622950PE,254.65,324.35,238.2,253.4,262.5,242.55,22945.3,253.4,18750,9750,438,762902040.0,308,F1,75,,,,,
2025-02-18,2025-02-18,FO,NSE,IDO,68465,,NIFTY,,2025-03-06,2025-03-06,22900.0,PE,NIFTY2530622900PE,230.9,299.55,217.95,233.0,239.0,224.35,22945.3,233.0,98925,15675,3561,6184667730.0,2342,F1,75,,,,,
2025-02-18,2025-02-18,FO,NSE,IDO,68455,,NIFTY,,2025-03-06,2025-03-06,22700.0,PE,NIFTY2530622700PE,163.25,218.95,151.0,161.7,167.5,158.25,22945.3,161.7,74925,22500,1583,2716040351.25,1232,F1,75,,,,,
2025-02-18,2025-02-18,FO,NSE,IDO,45428,,NIFTY,,2025-03-13,2025-03-13,21750.0,CE,NIFTY2531321750CE,0.0,0.0,0.0,2022.1,0.0,2022.1,22945.3,1297.35,0,0,0,0.0,0,F1,75,,,,,
2025-02-18,2025-02-18,FO,NSE,IDO,45440,,NIFTY,,2025-03-13,2025-03-13,22000.0,CE,NIFTY2531322000CE,0.0,0.0,0.0,1786.75,0.0,1786.75,22945.3,1064.35,0,0,0,0.0,0,F1,75,,,,,
2025-02-18,2025-02-18,FO,NSE,IDO,63618,,NIFTY,,2025-02-20,2025-02-20,23400.0,CE,NIFTY2522023400CE,23.0,24.1,7.0,8.55,7.2,24.2,22945.3,8.55,5658525,1644000,1192245,2093502653666.25,363852,F1,75,,,,,
2025-02-18,2025-02-18,FO,NSE,IDO,63690,,NIFTY,,2025-02-20,2025-02-20,24200.0,CE,NIFTY2522024200CE,0.85,1.15,0.5,0.6,0.6,1.0,22945.3,0.6,3470175,-585075,146300,265543857465.0,26355,F1,75,,,,,
2025-02-18,2025-02-18,FO,NSE,IDO,63803,,NIFTY,,2025-02-20,2025-02-20,24900.0,CE,NIFTY2522024900CE,0.55,0.8,0.4,0.45,0.4,0.7,22945.3,0.45,287550,37350,22991,42936711161.25,6274,F1,75,,,,,
2025-02-18,2025-02-18,FO,NSE,IDO,63807,,NIFTY,,2025-02-20,2025-02-20,24950.0,CE,NIFTY2522024950CE,0.65,1.0,0.35,0.45,0.45,0.7,22945.3,0.45,85350,8775,9120,17066232457.5,2256,F1,75,,,,,
2025-02-18,2025-02-18,FO,NSE,IDO,55593,,NIFTY,,2025-02-27,2025-02-27,21850.0,CE,NIFTY25FEB21850CE,0.0,0.0,0.0,1183.55,1187.6,1183.55,22945.3,1131.55,1200,0,0,0.0,0,F1,75,,,,,
2025-02-18,2025-02-18,FO,NSE,IDO,55639,,NIFTY,,2025-02-27,2025-02-27,23000.0,CE,NIFTY25FEB23000CE,243.0,243.95,156.8,200.3,189.4,244.55,22945.3,200.3,5123400,1122450,234106,407239060110.0,136924,F1,75,,,,,
2025-02-18,2025-02-18,FO,NSE,IDO,68435,,NIFTY,,2025-03-06,2025-03-06,22400.0,PE,NIFTY2530622400PE,92.3,124.1,85.15,92.4,93.8,89.9,22945.3,92.4,37050,22950,1286,2170556283.75,895,F1,75,,,,,
2025-02-18,2025-02-18,FO,NSE,IDO,68398,,NIFTY,,2025-03-06,2025-03-06,21550.0,PE,NIFTY2530621550PE,18.75,19.9,13.45,14.3,13.45,17.05,22945.3,14.3,1500,0,22,35583071.25,7,F1,75,,,,,
2025-02-18,2025-02-18,FO,NSE,IDO,57715,,NIFTY,,2025-02-27,2025-02-27,26500.0,PE,NIFTY25FEB26500PE,3560.0,3651.7,3500.0,3533.1,3543.85,3451.15,22945.3,3533.1,486600,-51450,745,1679164140.0,722,F1,75,,,,,
2025-02-18,2025-02-18,FO,NSE,IDO,57652,,NIFTY,,2025-02-27,2025-02-27,25200.0,PE,NIFTY25FEB25200PE,0.0,0.0,0.0,2161.45,2161.45,2161.45,22945.3,2214.35,30750,0,0,0.0,0,F1,75,,,,,
2025-02-18,2025-02-18,FO,NSE,IDO,57620,,NIFTY,,2025-02-27,2025-02-27,24450.0,PE,NIFTY25FEB24450PE,0.0,0.0,0.0,1459.4,1459.4,1459.4,22945.3,1465.75,4200,0,0,0.0,0,F1,75,,,,,
2025-02-18,2025-02-18,FO,NSE,IDO,57618,,NIFTY,,2025-02-27,2025-02-27,24400.0,PE,NIFTY25FEB24400PE,1377.8,1561.05,1377.8,1418.0,1418.0,1376.4,22945.3,1418.0,134175,-675,30,58234376.25,23,F1,75,,,,,
2025-02-18,2025-02-18,FO,NSE,IDO,57594,,NIFTY,,2025-02-27,2025-02-27,23800.0,PE,NIFTY25FEB23800PE,750.4,963.0,750.4,838.85,854.1,793.3,22945.3,838.85,947925,-22800,1289,2382824411.25,745,F1,75,,,,,
2025-02-18,2025-02-18,FO,NSE,IDO,57592,,NIFTY,,2025-02-27,2025-02-27,23750.0,PE,NIFTY25FEB23750PE,775.5,908.85,760.0,788.75,808.4,747.35,22945.3,788.75,101625,-3375,104,191661390.0,46,F1,75,,,,,
2025-02-18,2025-02-18,FO,NSE,IDO,57582,,NIFTY,,2025-02-27,2025-02-27,23500.0,PE,NIFTY25FEB23500PE,549.95,693.95,534.2,559.5,586.6,529.6,22945.3,559.5,3354225,-114975,13105,23678534077.5,7961,F1,75,,,,,
2025-02-18,2025-02-18,FO,NSE,IDO,56736,,NIFTY,,2025-02-27,2025-02-27,23400.0,PE,NIFTY25FEB23400PE,477.05,606.0,455.25,485.65,501.45,453.45,22945.3,485.65,882000,-19275,3339,5988913125.0,2096,F1,75,,,,,
2025-02-18,2025-02-18,FO,NSE,IDO,55644,,NIFTY,,2025-02-27,2025-02-27,23100.0,PE,NIFTY25FEB23100PE,282.25,380.55,257.65,277.85,291.3,265.8,22945.3,277.85,1136475,43875,24830,43590247897.5,16386,F1,75,,,,,
2025-02-18,2025-02-18,FO,NSE,IDO,55636,,NIFTY,,2025-02-27,2025-02-27,22900.0,PE,NIFTY25FEB22900PE,179.95,262.75,165.65,182.5,188.7,176.15,22945.3,182.5,1849050,545925,102141,177025241392.5,64885,F1,75,,,,,
2025-02-18,2025-02-18,FO,NSE,IDO,55586,,NIFTY,,2025-02-27,2025-02-27,21650.0,PE,NIFTY25FEB21650PE,6.0,10.0,5.05,5.3,5.5,7.05,22945.3,5.3,98925,17550,3747,6086215912.5,2177,F1,75,,,,,
2025-02-18,2025-02-18,FO,NSE,IDO,55584,,NIFTY,,2025-02-27,2025-02-27,21600.0,PE,NIFTY25FEB21600PE,5.75,8.85,4.4,4.7,4.4,6.35,22945.3,4.7,516900,285000,15926,25807148452.5,8152,F1,75,,,,,
2025-02-18,2025-02-18,FO,NSE,IDO,55566,,NIFTY,,2025-02-27,2025-02-27,21250.0,PE,NIFTY25FEB21250PE,2.65,3.4,2.25,2.35,2.25,2.85,22945.3,2.35,557250,6900,7083,11289982638.75,2225,F1,75,,,,,
2025-02-18,2025-02-18,FO,NSE,IDO,63818,,NIFTY,,2025-02-20,2025-02-20,25150.0,PE,NIFTY2522025150PE,0.0,0.0,0.0,1710.9,0.0,1710.9,22945.3,2195.75,0,0,0,0.0,0,F1,75,,,,,
2025-02-18,2025-02-18,FO,NSE,IDO,63814,,NIFTY,,2025-02-20,2025-02-20,25050.0,PE,NIFTY2522025050PE,0.0,0.0,0.0,1620.35,0.0,1620.35,22945.3,2095.8,0,0,0,0.0,0,F1,75,,,,,
2025-02-18,2025-02-18,FO,NSE,IDO,63685,,NIFTY,,2025-02-20,2025-02-20,24050.0,PE,NIFTY2522024050PE,1098.0,1132.05,1069.45,1069.45,1069.45,1050.0,22945.3,1096.15,3450,75,6,11320320.0,6,F1,75,,,,,
2025-02-18,2025-02-18,FO,NSE,IDO,63681,,NIFTY,,2025-02-20,2025-02-20,23950.0,PE,NIFTY2522023950PE,971.45,1065.05,971.4,998.5,998.5,994.1,22945.3,996.15,9750,75,29,54300498.75,24,F1,75,,,,,
2025-02-18,2025-02-18,FO,NSE,IDO,63671,,NIFTY,,2025-02-20,2025-02-20,23750.0,PE,NIFTY2522023750PE,800.0,938.95,772.95,793.05,795.2,761.0,22945.3,793.05,25800,-975,62,114262305.0,52,F1,75,,,,,
2025-02-18,2025-02-18,FO,NSE,IDO,63550,,NIFTY,,2025-02-20,2025-02-20,23150.0,PE,NIFTY2522023150PE,241.75,371.6,221.65,242.8,259.65,241.8,22945.3,242.8,419850,-54450,42164,74103916125.0,30328,F1,75,,,,,
2025-02-18,2025-02-18,FO,NSE,IDO,63439,,NIFTY,,2025-02-20,2025-02-20,22750.0,PE,NIFTY2522022750PE,65.0,113.1,39.65,47.7,52.2,66.7,22945.3,47.7,2451825,242775,1013133,1734510554257.5,579511,F1,75,,,,,
2025-02-18,2025-02-18,FO,NSE,IDO,63425,,NIFTY,,2025-02-20,2025-02-20,22600.0,PE,NIFTY2522022600PE,35.15,61.45,17.25,20.4,22.9,36.75,22945.3,20.4,4678800,-935775,1579339,2681420658821.25,672268,F1,75,,,,,
2025-02-18,2025-02-18,FO,NSE,IDO,63366,,NIFTY,,2025-02-20,2025-02-20,22500.0,PE,NIFTY2522022500PE,22.0,39.6,9.85,11.6,12.7,25.0,22945.3,11.6,6144000,25200,1799138,3039240117180.0,565308,F1,75,,,,,
2025-02-18,2025-02-18,FO,NSE,IDO,63132,,NIFTY,,2025-02-20,2025-02-20,21300.0,PE,NIFTY2522021300PE,0.95,1.1,0.4,0.55,0.45,1.1,22945.3,0.55,1959900,-266550,60407,96503656102.5,11816,F1,75,,,,,
2025-02-18,2025-02-18,FO,NSE,IDO,86143,,NIFTY,,2028-06-29,2028-06-29,20000.0,CE,NIFTY28JUN20000CE,0.0,0.0,0.0,5724.65,0.0,5724.65,22945.3,7024.1,0,0,0,0.0,0,F1,75,,,,,
2025-02-18,2025-02-18,FO,NSE,IDO,71564,,NIFTY,,2027-06-24,2027-06-24,26000.0,CE,NIFTY27JUN26000CE,0.0,0.0,0.0,1900.85,0.0,1900.85,22945.3,2173.2,0,0,0,0.0,0,F1,75,,,,,
2025-02-18,2025-02-18,FO,NSE,IDO,57651,,NIFTY,,2025-02-27,2025-02-27,25200.0,CE,NIFTY25FEB25200CE,1.7,2.2,1.55,1.7,1.6,2.0,22945.3,1.7,282000,43500,3592,6789393360.0,1325,F1,75,,,,,
2025-02-18,2025-02-18,FO,NSE,IDO,57641,,NIFTY,,2025-02-27,2025-02-27,25000.0,CE,NIFTY25FEB25000CE,2.4,2.4,1.8,1.95,1.95,2.35,22945.3,1.95,3264450,-84975,23624,44298767366.25,5582,F1,75,,,,,
2025-02-18,2025-02-18,FO,NSE,IDO,57605,,NIFTY,,2025-02-27,2025-02-27,24100.0,CE,NIFTY25FEB24100CE,8.1,8.25,3.9,4.3,3.95,8.1,22945.3,4.3,954225,261075,23129,41814969195.0,9673,F1,75,,,,,
2025-02-18,2025-02-18,FO,NSE,IDO,57599,,NIFTY,,2025-02-27,2025-02-27,23950.0,CE,NIFTY25FEB23950CE,11.75,12.0,6.4,6.85,6.4,12.4,22945.3,6.85,199950,-22350,7264,13052448116.25,4607,F1,75,,,,,
2025-02-18,2025-02-18,FO,NSE,IDO,57589,,NIFTY,,2025-02-27,2025-02-27,23700.0,CE,NIFTY25FEB23700CE,29.2,29.4,15.85,17.95,16.05,29.0,22945.3,17.95,2115225,109425,56522,100551188062.5,36239,F1,75,,,,,
2025-02-18,2025-02-18,FO,NSE,IDO,55649,,NIFTY,,2025-02-27,2025-02-27,23250.0,CE,NIFTY25FEB23250CE,129.6,135.95,76.3,96.5,91.7,129.6,22945.3,96.5,505800,68700,21306,37305044156.25,15539,F1,75,,,,,
2025-02-18,2025-02-18,FO,NSE,IDO,55645,,NIFTY,,2025-02-27,2025-02-27,23150.0,CE,NIFTY25FEB23150CE,157.3,165.95,103.75,130.6,122.8,170.05,22945.3,130.6,350925,91200,15970,27883339132.5,12049,F1,75,,,,,
2025-02-18,2025-02-18,FO,NSE,IDO,63267,,NIFTY,,2025-02-20,2025-02-20,21700.0,CE,NIFTY2522021700CE,0.0,0.0,0.0,1420.0,1420.0,1420.0,22945.3,1253.05,150,0,0,0.0,0,F1,75,,,,,
2025-02-18,2025-02-18,FO,NSE,IDO,71558,,NIFTY,,2027-06-24,2027-06-24,23000.0,CE,NIFTY27JUN23000CE,0.0,0.0,0.0,2530.05,0.0,2530.05,22945.3,3784.5,0,0,0,0.0,0,F1,75,,,,,
2025-02-18,2025-02-18,FO,NSE,IDO,71551,,NIFTY,,2027-06-24,2027-06-24,20000.0,CE,NIFTY27JUN20000CE,0.0,0.0,0.0,3367.05,0.0,3367.05,22945.3,5916.65,0,0,0,0.0,0,F1,75,,,,,
2025-02-18,2025-02-18,FO,NSE,IDO,35221,,NIFTY,,2025-12-24,2025-12-24,30000.0,CE,NIFTY25DEC30000CE,73.0,74.0,69.0,69.6,69.0,75.3,22945.3,69.6,51075,1200,54,121789815.0,37,F1,75,,,,,
2025-02-18,2025-02-18,FO,NSE,IDO,71393,,NIFTY,,2025-12-24,2025-12-24,24000.0,CE,NIFTY25DEC24000CE,1295.05,1298.85,1233.4,1266.7,1258.05,1315.7,22945.3,1266.7,261150,2325,310,587341440.0,268,F1,75,,,,,
2025-02-18,2025-02-18,FO,NSE,IDO,50225,,NIFTY,,2025-03-20,2025-03-20,23050.0,CE,NIFTY2532023050CE,0.0,0.0,0.0,530.55,0.0,530.55,22945.3,359.9,0,0,0,0.0,0,F1,75,,,,,
2025-02-18,2025-02-18,FO,NSE,IDO,50217,,NIFTY,,2025-03-20,2025-03-20,22850.0,CE,NIFTY2532022850CE,0.0,0.0,0.0,443.25,443.25,443.25,22945.3,468.45,150,0,0,0.0,0,F1,75,,,,,
2025-02-18,2025-02-18,FO,NSE,IDO,50203,,NIFTY,,2025-03-20,2025-03-20,22700.0,CE,NIFTY2532022700CE,0.0,0.0,0.0,738.5,0.0,738.5,22945.3,561.45,0,0,0,0.0,0,F1,75,,,,,
2025-02-18,2025-02-18,FO,NSE,IDO,50143,,NIFTY,,2025-03-20,2025-03-20,21900.0,CE,NIFTY2532021900CE,0.0,0.0,0.0,1351.9,0.0,1351.9,22945.3,1196.6,0,0,0,0.0,0,F1,75,,,,,
2025-02-18,2025-02-18,FO,NSE,IDO,50119,,NIFTY,,2025-03-20,2025-03-20,21450.0,CE,NIFTY2532021450CE,0.0,0.0,0.0,1756.95,0.0,1756.95,22945.3,1619.05,0,0,0,0.0,0,F1,75,,,,,
2025-02-18,2025-02-18,FO,NSE,IDO,45653,,NIFTY,,2025-03-13,2025-03-13,25300.0,CE,NIFTY2531325300CE,5.2,6.95,5.05,5.7,5.55,6.25,22945.3,5.7,10425,7575,160,303671748.75,32,F1,75,,,,,
2025-02-18,2025-02-18,FO,NSE,IDO,45597,,NIFTY,,2025-03-13,2025-03-13,24450.0,CE,NIFTY2531324450CE,0.0,0.0,0.0,214.35,0.0,214.35,22945.3,12.2,0,0,0,0.0,0,F1,75,,,,,
2025-02-18,2025-02-18,FO,NSE,IDO,45556,,NIFTY,,2025-03-13,2025-03-13,24150.0,CE,NIFTY2531324150CE,0.0,0.0,0.0,40.75,40.75,40.75,22945.3,28.75,1125,0,0,0.0,0,F1,75,,,,,
