TradDt,BizDt,Sgmt,Src,FinInstrmTp,FinInstrmId,ISIN,TckrSymb,SctySrs,XpryDt,FininstrmActlXpryDt,StrkPric,OptnTp,FinInstrmNm,OpnPric,HghPric,LwPric,ClsPric,LastPric,PrvsClsgPric,UndrlygPric,SttlmPric,OpnIntrst,ChngInOpnIntrst,TtlTradgVol,TtlTrfVal,TtlNbOfTxsExctd,SsnId,NewBrdLotQty,Rmks,Rsvd1,Rsvd2,Rsvd3,Rsvd4
2025-02-25,2025-02-25,FO,NSE,IDO,46998,,NIFTY,,2025-03-27,2025-03-27,22500.0,PE,NIFTY25MAR22500PE,260.0,261.65,226.65,242.85,248.0,248.4,22547.55,242.85,3570675,339375,37761,64402845135.0,23456,F1,75,,,,,
2025-02-25,2025-02-25,FO,NSE,IDO,51400,,NIFTY,,2025-03-27,2025-03-27,23500.0,PE,NIFTY25MAR23500PE,835.0,857.0,790.55,830.75,844.55,825.75,22547.55,830.75,1100550,145725,5918,10797544882.5,4709,F1,75,,,,,
2025-02-25,2025-02-25,FO,NSE,IDO,54722,,NIFTY,,2025-03-27,2025-03-27,23900.0,PE,NIFTY25MAR23900PE,1172.0,1208.65,1161.6,1172.45,1208.65,1171.85,22547.55,1172.45,203325,91275,1249,2348399898.75,1246,F1,75,,,,,
2025-02-25,2025-02-25,FO,NSE,IDO,68422,,NIFTY,,2025-03-06,2025-03-06,22100.0,PE,NIFTY2530622100PE,45.9,46.65,25.2,32.85,35.3,42.35,22547.55,32.85,556125,262275,35135,58318345800.0,20556,F1,75,,,,,
2025-02-25,2025-02-25,FO,NSE,IDO,68408,,NIFTY,,2025-03-06,2025-03-06,21800.0,PE,NIFTY2530621800PE,17.45,18.3,9.5,13.75,15.35,17.4,22547.55,13.75,1108950,577350,39766,65054263121.25,18459,F1,75,,,,,
2025-02-25,2025-02-25,FO,NSE,IDO,68369,,NIFTY,,2025-03-06,2025-03-06,20950.0,PE,NIFTY2530620950PE,2.2,3.9,2.2,3.3,3.9,10.05,22547.55,3.3,11250,11250,708,1112594966.25,485,F1,75,,,,,
2025-02-25,2025-02-25,FO,NSE,IDO,57690,,NIFTY,,2025-02-27,2025-02-27,26150.0,PE,NIFTY25FEB26150PE,0.0,0.0,0.0,3111.7,3112.6,3111.7,22547.55,3593.15,225,0,0,0.0,0,F1,75,,,,,
2025-02-25,2025-02-25,FO,NSE,IDO,57680,,NIFTY,,2025-02-27,2025-02-27,25900.0,PE,NIFTY25FEB25900PE,3320.0,3320.0,3273.6,3301.35,3301.35,3296.5,22547.55,3343.25,5250,-450,19,41598705.0,16,F1,75,,,,,
2025-02-25,2025-02-25,FO,NSE,IDO,57668,,NIFTY,,2025-02-27,2025-02-27,25600.0,PE,NIFTY25FEB25600PE,2970.0,3034.8,2970.0,3023.6,3034.8,2960.0,22547.55,3023.6,6600,-15075,271,581432617.5,133,F1,75,,,,,
2025-02-25,2025-02-25,FO,NSE,IDO,57664,,NIFTY,,2025-02-27,2025-02-27,25500.0,PE,NIFTY25FEB25500PE,2925.0,2975.0,2863.05,2925.65,2937.0,2885.25,22547.55,2925.65,150825,-108000,1728,3681442732.5,1388,F1,75,,,,,
2025-02-25,2025-02-25,FO,NSE,IDO,57584,,NIFTY,,2025-02-27,2025-02-27,23550.0,PE,NIFTY25FEB23550PE,962.0,985.0,924.1,970.4,982.15,931.55,22547.55,970.4,90600,-4650,264,485114778.75,134,F1,75,,,,,
2025-02-25,2025-02-25,FO,NSE,IDO,55596,,NIFTY,,2025-02-27,2025-02-27,21900.0,PE,NIFTY25FEB21900PE,3.35,3.9,1.35,1.7,2.0,3.2,22547.55,1.7,3193950,115050,432762,710881512757.5,95133,F1,75,,,,,
2025-02-25,2025-02-25,FO,NSE,IDO,55582,,NIFTY,,2025-02-27,2025-02-27,21550.0,PE,NIFTY25FEB21550PE,1.65,2.0,0.8,1.05,0.95,1.7,22547.55,1.05,354600,-76200,79175,127975000432.5,19704,F1,75,,,,,
2025-02-25,2025-02-25,FO,NSE,IDO,55564,,NIFTY,,2025-02-27,2025-02-27,21200.0,PE,NIFTY25FEB21200PE,1.2,1.4,0.6,0.7,0.6,1.15,22547.55,0.7,2148900,-290100,87865,139711958182.5,19669,F1,75,,,,,
2025-02-25,2025-02-25,FO,NSE,IDO,54724,,NIFTY,,2025-03-27,2025-03-27,23950.0,PE,NIFTY25MAR23950PE,1210.0,1210.0,1210.0,1210.0,1210.0,1210.0,22547.55,1304.1,14475,0,1,1887000.0,1,F1,75,,,,,
2025-02-25,2025-02-25,FO,NSE,IDO,54726,,NIFTY,,2025-03-27,2025-03-27,24050.0,PE,NIFTY25MAR24050PE,0.0,0.0,0.0,1129.9,1123.0,1129.9,22547.55,1397.15,6450,0,0,0.0,0,F1,75,,,,,
2025-02-25,2025-02-25,FO,NSE,IDO,64573,,NIFTY,,2025-03-27,2025-03-27,26000.0,PE,NIFTY25MAR26000PE,3250.0,3271.75,3198.65,3242.75,3271.45,3220.35,22547.55,3242.75,1293100,402800,5921,12983627190.0,5497,F1,75,,,,,
2025-02-25,2025-02-25,FO,NSE,IDO,54523,,NIFTY,,2025-04-03,2025-04-03,21050.0,PE,NIFTY2540321050PE,0.0,0.0,0.0,20.6,0.0,20.6,22547.55,13.7,0,0,0,0.0,0,F1,75,,,,,
2025-02-25,2025-02-25,FO,NSE,IDO,54645,,NIFTY,,2025-04-03,2025-04-03,23100.0,PE,NIFTY2540323100PE,0.0,0.0,0.0,492.2,0.0,492.2,22547.55,616.75,0,0,0,0.0,0,F1,75,,,,,
2025-02-25,2025-02-25,FO,NSE,IDO,54764,,NIFTY,,2025-04-03,2025-04-03,23900.0,PE,NIFTY2540323900PE,0.0,0.0,0.0,993.2,0.0,993.2,22547.55,1247.85,0,0,0,0.0,0,F1,75,,,,,
2025-02-25,2025-02-25,FO,NSE,IDO,54844,,NIFTY,,2025-04-03,2025-04-03,24250.0,PE,NIFTY2540324250PE,0.0,0.0,0.0,1265.75,0.0,1265.75,22547.55,1567.95,0,0,0,0.0,0,F1,75,,,,,
2025-02-25,2025-02-25,FO,NSE,IDO,79226,,NIFTY,,2025-04-24,2025-04-24,20900.0,PE,NIFTY25APR20900PE,51.0,56.85,51.0,55.0,54.25,40.2,22547.55,55.0,8775,8775,153,240450153.75,43,F1,75,,,,,
2025-02-25,2025-02-25,FO,NSE,IDO,79273,,NIFTY,,2025-04-24,2025-04-24,21900.0,PE,NIFTY25APR21900PE,161.0,163.0,149.5,154.9,160.05,161.15,22547.55,154.9,87900,4725,223,368874660.0,114,F1,75,,,,,
2025-02-25,2025-02-25,FO,NSE,IDO,79412,,NIFTY,,2025-04-24,2025-04-24,22800.0,PE,NIFTY25APR22800PE,440.95,442.0,396.5,424.5,432.7,436.5,22547.55,424.5,92025,14775,1108,1929681596.25,528,F1,75,,,,,
2025-02-25,2025-02-25,FO,NSE,IDO,79433,,NIFTY,,2025-04-24,2025-04-24,23000.0,PE,NIFTY25APR23000PE,529.9,539.85,494.35,515.75,527.75,525.4,22547.55,515.75,366150,21825,3324,5861569987.5,2570,F1,75,,,,,
2025-02-25,2025-02-25,FO,NSE,IDO,79441,,NIFTY,,2025-04-24,2025-04-24,23200.0,PE,NIFTY25APR23200PE,646.7,649.4,600.0,625.45,629.8,628.3,22547.55,625.45,35625,-1425,111,198255828.75,54,F1,75,,,,,
2025-02-25,2025-02-25,FO,NSE,IDO,79514,,NIFTY,,2025-04-24,2025-04-24,23800.0,PE,NIFTY25APR23800PE,1018.6,1040.0,824.7,1040.0,1040.0,1020.0,22547.55,1147.75,57375,0,7,13016197.5,7,F1,75,,,,,
2025-02-25,2025-02-25,FO,NSE,IDO,79669,,NIFTY,,2025-04-24,2025-04-24,24650.0,PE,NIFTY25APR24650PE,0.0,0.0,0.0,924.7,924.7,924.7,22547.55,1886.4,750,0,0,0.0,0,F1,75,,,,,
2025-02-25,2025-02-25,FO,NSE,IDO,79730,,NIFTY,,2025-04-24,2025-04-24,25100.0,PE,NIFTY25APR25100PE,0.0,0.0,0.0,1667.15,0.0,1667.15,22547.55,2311.05,0,0,0,0.0,0,F1,75,,,,,
2025-02-25,2025-02-25,FO,NSE,IDO,64703,,NIFTY,,2025-09-25,2025-09-25,29000.0,PE,NIFTY25SEP29000PE,0.0,0.0,0.0,2125.3,0.0,2125.3,22547.55,5393.75,0,0,0,0.0,0,F1,75,,,,,
2025-02-25,2025-02-25,FO,NSE,IDO,58623,,NIFTY,,2025-12-24,2025-12-24,22000.0,PE,NIFTY25DEC22000PE,524.3,526.4,503.8,512.6,516.9,520.35,22547.55,512.6,489950,3900,497,839134301.25,411,F1,75,,,,,
2025-02-25,2025-02-25,FO,NSE,IDO,58641,,NIFTY,,2026-12-31,2026-12-31,18000.0,PE,NIFTY26DEC18000PE,0.0,0.0,0.0,76.1,76.1,76.1,22547.55,36.35,5175,0,0,0.0,0,F1,75,,,,,
2025-02-25,2025-02-25,FO,NSE,IDO,58645,,NIFTY,,2026-12-31,2026-12-31,20000.0,PE,NIFTY26DEC20000PE,399.0,399.0,399.0,399.0,399.0,409.0,22547.55,399.0,4650,0,1,1529925.0,1,F1,75,,,,,
2025-02-25,2025-02-25,FO,NSE,IDO,53604,,NIFTY,,2027-12-30,2027-12-30,18000.0,PE,NIFTY27DEC18000PE,0.0,0.0,0.0,244.4,244.4,244.4,22547.55,53.85,10175,0,0,0.0,0,F1,75,,,,,
2025-02-25,2025-02-25,FO,NSE,IDO,86150,,NIFTY,,2028-06-29,2028-06-29,23000.0,PE,NIFTY28JUN23000PE,0.0,0.0,0.0,1399.25,0.0,1399.25,22547.55,579.5,0,0,0,0.0,0,F1,75,,,,,
2025-02-25,2025-02-25,FO,NSE,IDO,68767,,NIFTY,,2025-03-06,2025-03-06,25350.0,PE,NIFTY2530625350PE,0.0,0.0,0.0,2460.15,2460.15,2460.15,22547.55,2761.85,225,0,0,0.0,0,F1,75,,,,,
2025-02-25,2025-02-25,FO,NSE,IDO,68597,,NIFTY,,2025-03-06,2025-03-06,24050.0,PE,NIFTY2530624050PE,1400.0,1400.0,1390.0,1390.0,1390.0,1166.95,22547.55,1464.1,2250,1350,25,47700750.0,5,F1,75,,,,,
2025-02-25,2025-02-25,FO,NSE,IDO,55650,,NIFTY,,2025-02-27,2025-02-27,23250.0,PE,NIFTY25FEB23250PE,660.05,688.4,614.0,662.7,688.4,639.1,22547.55,662.7,80250,-19350,404,724119862.5,199,F1,75,,,,,
2025-02-25,2025-02-25,FO,NSE,IDO,55632,,NIFTY,,2025-02-27,2025-02-27,22800.0,PE,NIFTY25FEB22800PE,229.95,249.75,176.4,223.3,238.65,216.5,22547.55,223.3,2242800,-710850,257804,444942163035.0,158692,F1,75,,,,,
2025-02-25,2025-02-25,FO,NSE,IDO,55594,,NIFTY,,2025-02-27,2025-02-27,21850.0,PE,NIFTY25FEB21850PE,2.55,2.95,1.3,1.6,1.8,2.75,22547.55,1.6,1041900,-86100,202751,332288659368.75,45670,F1,75,,,,,
2025-02-25,2025-02-25,FO,NSE,IDO,55592,,NIFTY,,2025-02-27,2025-02-27,21800.0,PE,NIFTY25FEB21800PE,1.75,2.5,1.15,1.45,1.7,2.4,22547.55,1.45,4006350,175425,436750,714147201401.25,85713,F1,75,,,,,
2025-02-25,2025-02-25,FO,NSE,IDO,55306,,NIFTY,,2025-02-27,2025-02-27,20850.0,PE,NIFTY25FEB20850PE,1.0,1.05,0.35,0.4,0.4,20.7,22547.55,0.4,73125,73125,14289,22345156878.75,6418,F1,75,,,,,
2025-02-25,2025-02-25,FO,NSE,IDO,61410,,NIFTY,,2029-12-27,2029-12-27,20000.0,CE,NIFTY29DEC20000CE,0.0,0.0,0.0,10081.1,0.0,10081.1,22547.55,8102.85,0,0,0,0.0,0,F1,75,,,,,
2025-02-25,2025-02-25,FO,NSE,IDO,55595,,NIFTY,,2025-02-27,2025-02-27,21900.0,CE,NIFTY25FEB21900CE,696.45,735.0,676.1,687.8,688.1,718.7,22547.55,687.8,2925,300,63,106786346.25,58,F1,75,,,,,
2025-02-25,2025-02-25,FO,NSE,IDO,55605,,NIFTY,,2025-02-27,2025-02-27,22150.0,CE,NIFTY25FEB22150CE,443.95,498.45,418.35,433.8,421.0,471.9,22547.55,433.8,11700,-2025,748,1268186936.25,572,F1,75,,,,,
2025-02-25,2025-02-25,FO,NSE,IDO,55611,,NIFTY,,2025-02-27,2025-02-27,22300.0,CE,NIFTY25FEB22300CE,314.0,354.0,272.65,289.95,275.0,335.0,22547.55,289.95,215325,46275,42604,72240719010.0,28686,F1,75,,,,,
2025-02-25,2025-02-25,FO,NSE,IDO,56739,,NIFTY,,2025-02-27,2025-02-27,23500.0,CE,NIFTY25FEB23500CE,1.8,2.7,1.1,1.4,1.1,2.3,22547.55,1.4,12899550,2122575,746722,1316193749988.75,122623,F1,75,,,,,
2025-02-25,2025-02-25,FO,NSE,IDO,57631,,NIFTY,,2025-02-27,2025-02-27,24750.0,CE,NIFTY25FEB24750CE,1.0,1.4,0.45,0.6,0.5,1.05,22547.55,0.6,262950,-72150,22963,42626281533.75,6661,F1,75,,,,,
2025-02-25,2025-02-25,FO,NSE,IDO,57645,,NIFTY,,2025-02-27,2025-02-27,25050.0,CE,NIFTY25FEB25050CE,0.85,1.0,0.3,0.45,0.3,1.0,22547.55,0.45,323775,-4800,20756,38996377226.25,4643,F1,75,,,,,
2025-02-25,2025-02-25,FO,NSE,IDO,57667,,NIFTY,,2025-02-27,2025-02-27,25600.0,CE,NIFTY25FEB25600CE,1.0,1.0,0.3,0.45,0.3,0.95,22547.55,0.45,75975,-32775,6485,12451506671.25,1763,F1,75,,,,,
2025-02-25,2025-02-25,FO,NSE,IDO,57681,,NIFTY,,2025-02-27,2025-02-27,25950.0,CE,NIFTY25FEB25950CE,0.75,0.85,0.35,0.5,0.8,0.9,22547.55,0.5,26025,-10200,2811,5471043873.75,906,F1,75,,,,,
2025-02-25,2025-02-25,FO,NSE,IDO,67793,,NIFTY,,2028-12-28,2028-12-28,29000.0,PE,NIFTY28DEC29000PE,0.0,0.0,0.0,2010.85,0.0,2010.85,22547.55,2358.55,0,0,0,0.0,0,F1,75,,,,,
2025-02-25,2025-02-25,FO,NSE,IDO,89637,,NIFTY,,2029-06-28,2029-06-28,27000.0,PE,NIFTY29JUN27000PE,0.0,0.0,0.0,1252.35,0.0,1252.35,22547.55,1424.7,0,0,0,0.0,0,F1,75,,,,,
2025-02-25,2025-02-25,FO,NSE,IDO,61745,,NIFTY,,2029-12-27,2029-12-27,22000.0,PE,NIFTY29DEC22000PE,0.0,0.0,0.0,373.65,0.0,373.65,22547.55,334.95,0,0,0,0.0,0,F1,75,,,,,
2025-02-25,2025-02-25,FO,NSE,IDO,61858,,NIFTY,,2029-12-27,2029-12-27,28000.0,CE,NIFTY29DEC28000CE,0.0,0.0,0.0,5741.5,0.0,5741.5,22547.55,3684.5,0,0,0,0.0,0,F1,75,,,,,
2025-02-25,2025-02-25,FO,NSE,IDO,89632,,NIFTY,,2029-06-28,2029-06-28,25000.0,CE,NIFTY29JUN25000CE,0.0,0.0,0.0,7557.7,0.0,7557.7,22547.55,4578.35,0,0,0,0.0,0,F1,75,,,,,
2025-02-25,2025-02-25,FO,NSE,IDO,89626,,NIFTY,,2029-06-28,2029-06-28,22000.0,CE,NIFTY29JUN22000CE,0.0,0.0,0.0,9207.9,0.0,9207.9,22547.55,6313.2,0,0,0,0.0,0,F1,75,,,,,
2025-02-25,2025-02-25,FO,NSE,IDO,89614,,NIFTY,,2029-06-28,2029-06-28,19000.0,CE,NIFTY29JUN19000CE,0.0,0.0,0.0,11036.95,0.0,11036.95,22547.55,8322.05,0,0,0,0.0,0,F1,75,,,,,
2025-02-25,2025-02-25,FO,NSE,IDO,86167,,NIFTY,,2028-06-29,2028-06-29,29000.0,CE,NIFTY28JUN29000CE,0.0,0.0,0.0,2333.25,0.0,2333.25,22547.55,1843.2,0,0,0,0.0,0,F1,75,,,,,
2025-02-25,2025-02-25,FO,NSE,IDO,53603,,NIFTY,,2027-12-30,2027-12-30,18000.0,CE,NIFTY27DEC18000CE,0.0,0.0,0.0,6285.7,0.0,6285.7,22547.55,7639.3,0,0,0,0.0,0,F1,75,,,,,
2025-02-25,2025-02-25,FO,NSE,IDO,50978,,NIFTY,,2026-12-31,2026-12-31,27000.0,CE,NIFTY26DEC27000CE,0.0,0.0,0.0,1651.65,0.0,1651.65,22547.55,1063.15,0,0,0,0.0,0,F1,75,,,,,
2025-02-25,2025-02-25,FO,NSE,IDO,38154,,NIFTY,,2026-06-25,2026-06-25,29000.0,CE,NIFTY26JUN29000CE,0.0,0.0,0.0,864.2,0.0,864.2,22547.55,266.8,0,0,0,0.0,0,F1,75,,,,,
2025-02-25,2025-02-25,FO,NSE,IDO,51453,,NIFTY,,2026-06-25,2026-06-25,21000.0,CE,NIFTY26JUN21000CE,0.0,0.0,0.0,3881.9,0.0,3881.9,22547.55,3536.0,0,0,0,0.0,0,F1,75,,,,,
2025-02-25,2025-02-25,FO,NSE,IDO,38378,,NIFTY,,2026-06-25,2026-06-25,20000.0,CE,NIFTY26JUN20000CE,0.0,0.0,0.0,3829.5,0.0,3829.5,22547.55,4330.0,0,0,0,0.0,0,F1,75,,,,,
2025-02-25,2025-02-25,FO,NSE,IDO,51451,,NIFTY,,2025-12-24,2025-12-24,21000.0,CE,NIFTY25DEC21000CE,2900.0,2905.0,2900.0,2905.0,2905.0,2950.0,22547.55,2846.4,10375,225,5,8962875.0,5,F1,75,,,,,
2025-02-25,2025-02-25,FO,NSE,IDO,36688,,NIFTY,,2025-12-24,2025-12-24,19500.0,CE,NIFTY25DEC19500CE,0.0,0.0,0.0,4700.0,4700.0,4700.0,22547.55,4119.6,1450,0,0,0.0,0,F1,75,,,,,
2025-02-25,2025-02-25,FO,NSE,IDO,38373,,NIFTY,,2025-06-26,2025-06-26,20000.0,CE,NIFTY25JUN20000CE,3000.0,3096.0,3000.0,3047.85,3034.0,3080.75,22547.55,3047.85,35025,3225,133,230094356.25,125,F1,75,,,,,
2025-02-25,2025-02-25,FO,NSE,IDO,79750,,NIFTY,,2025-04-24,2025-04-24,25500.0,CE,NIFTY25APR25500CE,15.5,16.0,12.4,12.85,12.6,14.75,22547.55,12.85,190500,18225,718,1373908773.75,410,F1,75,,,,,
2025-02-25,2025-02-25,FO,NSE,IDO,79746,,NIFTY,,2025-04-24,2025-04-24,25400.0,CE,NIFTY25APR25400CE,14.9,14.9,14.9,14.9,14.9,14.9,22547.55,9.2,975,75,1,1906117.5,1,F1,75,,,,,
2025-02-25,2025-02-25,FO,NSE,IDO,79490,,NIFTY,,2025-04-24,2025-04-24,23450.0,CE,NIFTY25APR23450CE,0.0,0.0,0.0,340.0,340.0,340.0,22547.55,222.5,7050,0,0,0.0,0,F1,75,,,,,
2025-02-25,2025-02-25,FO,NSE,IDO,79403,,NIFTY,,2025-04-24,2025-04-24,22700.0,CE,NIFTY25APR22700CE,569.0,596.6,546.15,558.25,549.0,594.45,22547.55,558.25,22500,1650,123,214667722.5,95,F1,75,,,,,
2025-02-25,2025-02-25,FO,NSE,IDO,79386,,NIFTY,,2025-04-24,2025-04-24,22400.0,CE,NIFTY25APR22400CE,0.0,0.0,0.0,1474.75,0.0,1474.75,22547.55,684.65,0,0,0,0.0,0,F1,75,,,,,
2025-02-25,2025-02-25,FO,NSE,IDO,54864,,NIFTY,,2025-04-03,2025-04-03,24650.0,CE,NIFTY2540324650CE,14.45,22.95,10.0,11.85,11.8,13.25,22547.55,11.85,2700,1425,21,38843032.5,13,F1,75,,,,,
2025-02-25,2025-02-25,FO,NSE,IDO,54858,,NIFTY,,2025-04-03,2025-04-03,24500.0,CE,NIFTY2540324500CE,0.0,0.0,0.0,90.1,0.0,90.1,22547.55,13.8,0,0,0,0.0,0,F1,75,,,,,
2025-02-25,2025-02-25,FO,NSE,IDO,54845,,NIFTY,,2025-04-03,2025-04-03,24300.0,CE,NIFTY2540324300CE,0.0,0.0,0.0,119.85,0.0,119.85,22547.55,22.1,0,0,0,0.0,0,F1,75,,,,,
2025-02-25,2025-02-25,FO,NSE,IDO,54712,,NIFTY,,2025-04-03,2025-04-03,23500.0,CE,NIFTY2540323500CE,112.55,112.6,82.0,86.5,82.0,115.35,22547.55,86.5,3600,1725,42,74315355.0,31,F1,75,,,,,
2025-02-25,2025-02-25,FO,NSE,IDO,54646,,NIFTY,,2025-04-03,2025-04-03,23150.0,CE,NIFTY2540323150CE,0.0,0.0,0.0,471.5,0.0,471.5,22547.55,200.0,0,0,0,0.0,0,F1,75,,,,,
2025-02-25,2025-02-25,FO,NSE,IDO,54584,,NIFTY,,2025-04-03,2025-04-03,22150.0,CE,NIFTY2540322150CE,0.0,0.0,0.0,1096.65,0.0,1096.65,22547.55,707.85,0,0,0,0.0,0,F1,75,,,,,
2025-02-25,2025-02-25,FO,NSE,IDO,54542,,NIFTY,,2025-04-03,2025-04-03,21350.0,CE,NIFTY2540321350CE,0.0,0.0,0.0,1777.15,0.0,1777.15,22547.55,1368.3,0,0,0,0.0,0,F1,75,,,,,
2025-02-25,2025-02-25,FO,NSE,IDO,54532,,NIFTY,,2025-04-03,2025-04-03,21100.0,CE,NIFTY2540321100CE,0.0,0.0,0.0,2009.7,0.0,2009.7,22547.55,1601.9,0,0,0,0.0,0,F1,75,,,,,
2025-02-25,2025-02-25,FO,NSE,IDO,55199,,NIFTY,,2025-03-27,2025-03-27,24350.0,CE,NIFTY25MAR24350CE,13.85,13.85,9.0,9.15,9.0,13.15,22547.55,9.15,21075,-825,140,255791861.25,65,F1,75,,,,,
2025-02-25,2025-02-25,FO,NSE,IDO,51399,,NIFTY,,2025-03-27,2025-03-27,23500.0,CE,NIFTY25MAR23500CE,77.95,80.8,58.0,61.2,58.0,80.85,22547.55,61.2,3617250,426000,40410,71421645963.75,21240,F1,75,,,,,
2025-02-25,2025-02-25,FO,NSE,IDO,51120,,NIFTY,,2025-03-27,2025-03-27,23350.0,CE,NIFTY25MAR23350CE,109.05,109.05,83.95,86.35,84.75,112.25,22547.55,86.35,62400,-18525,1424,2503525575.0,735,F1,75,,,,,
2025-02-25,2025-02-25,FO,NSE,IDO,47014,,NIFTY,,2025-03-27,2025-03-27,22550.0,CE,NIFTY25MAR22550CE,450.15,470.0,415.0,426.65,421.0,464.3,22547.55,426.65,44025,9300,1253,2160086666.25,984,F1,75,,,,,
2025-02-25,2025-02-25,FO,NSE,IDO,46958,,NIFTY,,2025-03-27,2025-03-27,22100.0,CE,NIFTY25MAR22100CE,759.95,772.0,734.5,746.85,742.5,780.15,22547.55,746.85,6525,1050,69,118265152.5,47,F1,75,,,,,
2025-02-25,2025-02-25,FO,NSE,IDO,46825,,NIFTY,,2025-03-27,2025-03-27,20950.0,CE,NIFTY25MAR20950CE,0.0,0.0,0.0,3206.4,0.0,3206.4,22547.55,1714.95,0,0,0,0.0,0,F1,75,,,,,
2025-02-25,2025-02-25,FO,NSE,IDO,46816,,NIFTY,,2025-03-27,2025-03-27,20850.0,CE,NIFTY25MAR20850CE,0.0,0.0,0.0,3300.75,0.0,3300.75,22547.55,1812.7,0,0,0,0.0,0,F1,75,,,,,
2025-02-25,2025-02-25,FO,NSE,IDO,50303,,NIFTY,,2025-03-20,2025-03-20,24500.0,CE,NIFTY2532024500CE,6.0,6.4,4.95,5.15,5.3,7.2,22547.55,5.15,12075,2700,75,137843760.0,38,F1,75,,,,,
2025-02-25,2025-02-25,FO,NSE,IDO,50287,,NIFTY,,2025-03-20,2025-03-20,24250.0,CE,NIFTY2532024250CE,7.7,7.7,7.7,7.7,7.7,119.4,22547.55,5.6,900,900,12,21831930.0,1,F1,75,,,,,
2025-02-25,2025-02-25,FO,NSE,IDO,50135,,NIFTY,,2025-03-20,2025-03-20,21750.0,CE,NIFTY2532021750CE,0.0,0.0,0.0,1483.4,0.0,1483.4,22547.55,927.45,0,0,0,0.0,0,F1,75,,,,,
2025-02-25,2025-02-25,FO,NSE,IDO,50121,,NIFTY,,2025-03-20,2025-03-20,21500.0,CE,NIFTY2532021500CE,0.0,0.0,0.0,1710.5,0.0,1710.5,22547.55,1154.55,0,0,0,0.0,0,F1,75,,,,,
2025-02-25,2025-02-25,FO,NSE,IDO,45478,,NIFTY,,2025-03-13,2025-03-13,22750.0,CE,NIFTY2531322750CE,215.0,224.55,168.95,183.65,169.05,227.35,22547.55,183.65,17700,4350,677,1164920103.75,410,F1,75,,,,,
2025-02-25,2025-02-25,FO,NSE,IDO,45460,,NIFTY,,2025-03-13,2025-03-13,22350.0,CE,NIFTY2531322350CE,435.85,478.0,420.35,445.9,445.9,475.75,22547.55,400.65,20550,2850,71,121388133.75,65,F1,75,,,,,
2025-02-25,2025-02-25,FO,NSE,IDO,45458,,NIFTY,,2025-03-13,2025-03-13,22300.0,CE,NIFTY2531322300CE,484.35,515.15,450.05,462.35,453.35,509.45,22547.55,462.35,19275,3750,169,288735555.0,147,F1,75,,,,,
2025-02-25,2025-02-25,FO,NSE,IDO,45438,,NIFTY,,2025-03-13,2025-03-13,21950.0,CE,NIFTY2531321950CE,0.0,0.0,0.0,998.6,998.6,998.6,22547.55,705.05,75,0,0,0.0,0,F1,75,,,,,
2025-02-25,2025-02-25,FO,NSE,IDO,45408,,NIFTY,,2025-03-13,2025-03-13,21350.0,CE,NIFTY2531321350CE,0.0,0.0,0.0,1567.75,1567.75,1567.75,22547.55,1262.6,75,0,0,0.0,0,F1,75,,,,,
2025-02-25,2025-02-25,FO,NSE,IDO,68654,,NIFTY,,2025-03-06,2025-03-06,25000.0,CE,NIFTY2530625000CE,2.25,2.25,1.5,1.75,1.85,2.2,22547.55,1.75,334950,177825,8418,15784819181.25,2043,F1,75,,,,,
2025-02-25,2025-02-25,FO,NSE,IDO,68578,,NIFTY,,2025-03-06,2025-03-06,23600.0,CE,NIFTY2530623600CE,7.05,7.1,2.55,3.3,2.55,7.55,22547.55,3.3,932025,491400,48978,86707123106.25,19834,F1,75,,,,,
2025-02-25,2025-02-25,FO,NSE,IDO,68474,,NIFTY,,2025-03-06,2025-03-06,23150.0,CE,NIFTY2530623150CE,33.55,35.8,10.7,14.15,12.9,35.45,22547.55,14.15,258375,129225,21649,37617942360.0,11161,F1,75,,,,,
2025-02-25,2025-02-25,FO,NSE,IDO,68434,,NIFTY,,2025-03-06,2025-03-06,22400.0,CE,NIFTY2530622400CE,349.95,365.7,298.5,308.45,300.55,360.55,22547.55,308.45,136050,73575,7203,12278355453.75,5707,F1,75,,,,,
2025-02-25,2025-02-25,FO,NSE,IDO,68415,,NIFTY,,2025-03-06,2025-03-06,21950.0,CE,NIFTY2530621950CE,0.0,0.0,0.0,941.0,941.0,941.0,22547.55,651.0,150,0,0,0.0,0,F1,75,,,,,
2025-02-25,2025-02-25,FO,NSE,IDO,68407,,NIFTY,,2025-03-06,2025-03-06,21800.0,CE,NIFTY2530621800CE,874.9,888.9,828.3,829.75,830.45,882.0,22547.55,829.75,1950,675,30,50969355.0,29,F1,75,,,,,
2025-02-25,2025-02-25,FO,NSE,IDO,68395,,NIFTY,,2025-03-06,2025-03-06,21500.0,CE,NIFTY2530621500CE,1136.05,1173.0,1115.8,1132.7,1115.8,1166.6,22547.55,1132.7,8625,7125,109,185069467.5,71,F1,75,,,,,
2025-02-25,2025-02-25,FO,NSE,IDO,68370,,NIFTY,,2025-03-06,2025-03-06,21000.0,CE,NIFTY2530621000CE,0.0,0.0,0.0,2392.55,0.0,2392.55,22547.55,1581.2,0,0,0,0.0,0,F1,75,,,,,
2025-02-25,2025-02-25,FO,NSE,IDO,57627,,NIFTY,,2025-02-27,2025-02-27,24650.0,CE,NIFTY25FEB24650CE,0.9,1.1,0.4,0.65,0.4,1.1,22547.55,0.65,64275,-124800,13126,24267428842.5,2873,F1,75,,,,,
2025-02-25,2025-02-25,FO,NSE,IDO,57621,,NIFTY,,2025-02-27,2025-02-27,24500.0,CE,NIFTY25FEB24500CE,1.0,1.25,0.5,0.8,0.5,1.15,22547.55,0.8,6167100,-2104050,145982,268250753253.75,26007,F1,75,,,,,
2025-02-25,2025-02-25,FO,NSE,IDO,55559,,NIFTY,,2025-02-27,2025-02-27,21100.0,CE,NIFTY25FEB21100CE,1566.3,1566.3,1496.95,1498.1,1498.25,1519.35,22547.55,1498.1,3000,-2250,52,88161018.75,20,F1,75,,,,,
2025-02-25,2025-02-25,FO,NSE,IDO,55613,,NIFTY,,2025-02-27,2025-02-27,22350.0,CE,NIFTY25FEB22350CE,267.95,305.55,226.5,240.55,228.35,290.8,22547.55,240.55,83550,12225,23395,39671610712.5,15763,F1,75,,,,,
2025-02-25,2025-02-25,FO,NSE,IDO,55625,,NIFTY,,2025-02-27,2025-02-27,22650.0,CE,NIFTY25FEB22650CE,74.2,78.2,18.0,25.05,18.9,82.65,22547.55,25.05,5396700,1940850,1591527,2708196558472.5,732535,F1,75,,,,,
2025-02-25,2025-02-25,FO,NSE,IDO,55633,,NIFTY,,2025-02-27,2025-02-27,22850.0,CE,NIFTY25FEB22850CE,20.95,21.1,3.95,5.05,4.2,23.6,22547.55,5.05,4170000,-92250,808577,1386224906516.25,214902,F1,75,,,,,
2025-02-25,2025-02-25,FO,NSE,IDO,68447,,NIFTY,,2025-03-06,2025-03-06,22500.0,PE,NIFTY2530622500PE,134.0,146.4,95.6,112.25,117.7,130.45,22547.55,112.25,2291775,1179525,116713,197942058540.0,64931,F1,75,,,,,
2025-02-25,2025-02-25,FO,NSE,IDO,68575,,NIFTY,,2025-03-06,2025-03-06,23500.0,PE,NIFTY2530623500PE,857.05,894.05,817.2,865.75,884.0,840.55,22547.55,865.75,121050,35175,1301,2377195878.75,656,F1,75,,,,,
2025-02-25,2025-02-25,FO,NSE,IDO,68581,,NIFTY,,2025-03-06,2025-03-06,23650.0,PE,NIFTY2530623650PE,995.0,995.0,990.0,990.3,990.3,966.15,22547.55,1066.85,1800,1500,20,36962752.5,11,F1,75,,,,,
2025-02-25,2025-02-25,FO,NSE,IDO,86168,,NIFTY,,2028-06-29,2028-06-29,29000.0,PE,NIFTY28JUN29000PE,0.0,0.0,0.0,3595.9,0.0,3595.9,22547.55,2632.55,0,0,0,0.0,0,F1,75,,,,,
2025-02-25,2025-02-25,FO,NSE,IDO,53602,,NIFTY,,2027-12-30,2027-12-30,17000.0,PE,NIFTY27DEC17000PE,0.0,0.0,0.0,180.6,180.6,180.6,22547.55,26.65,14200,0,0,0.0,0,F1,75,,,,,
2025-02-25,2025-02-25,FO,NSE,IDO,38159,,NIFTY,,2026-12-31,2026-12-31,29000.0,PE,NIFTY26DEC29000PE,0.0,0.0,0.0,5042.25,0.0,5042.25,22547.55,3761.0,0,0,0,0.0,0,F1,75,,,,,
2025-02-25,2025-02-25,FO,NSE,IDO,58637,,NIFTY,,2026-12-31,2026-12-31,16000.0,PE,NIFTY26DEC16000PE,0.0,0.0,0.0,23.3,23.3,23.3,22547.55,5.2,2425,0,0,0.0,0,F1,75,,,,,
2025-02-25,2025-02-25,FO,NSE,IDO,61779,,NIFTY,,2029-12-27,2029-12-27,26000.0,PE,NIFTY29DEC26000PE,0.0,0.0,0.0,969.6,0.0,969.6,22547.55,1031.15,0,0,0,0.0,0,F1,75,,,,,
2025-02-25,2025-02-25,FO,NSE,IDO,55583,,NIFTY,,2025-02-27,2025-02-27,21600.0,CE,NIFTY25FEB21600CE,995.0,1041.05,974.0,974.0,974.0,1036.9,22547.55,974.0,3300,-525,20,33899137.5,16,F1,75,,,,,
2025-02-25,2025-02-25,FO,NSE,IDO,55627,,NIFTY,,2025-02-27,2025-02-27,22700.0,CE,NIFTY25FEB22700CE,53.95,55.25,10.0,13.15,10.0,60.2,22547.55,13.15,14719500,5328225,2096326,3572631002058.75,755156,F1,75,,,,,
2025-02-25,2025-02-25,FO,NSE,IDO,55651,,NIFTY,,2025-02-27,2025-02-27,23300.0,CE,NIFTY25FEB23300CE,3.0,3.2,1.45,1.7,1.5,3.5,22547.55,1.7,6556650,-1469925,450144,786696692141.25,92740,F1,75,,,,,
2025-02-25,2025-02-25,FO,NSE,IDO,57585,,NIFTY,,2025-02-27,2025-02-27,23600.0,CE,NIFTY25FEB23600CE,1.7,2.45,0.95,1.1,1.0,2.1,22547.55,1.1,3405825,-3426375,403808,714783613473.75,69803,F1,75,,,,,
2025-02-25,2025-02-25,FO,NSE,IDO,57593,,NIFTY,,2025-02-27,2025-02-27,23800.0,CE,NIFTY25FEB23800CE,1.6,3.5,0.95,1.05,0.95,1.75,22547.55,1.05,4427175,-614925,183283,327178353138.75,36168,F1,75,,,,,
2025-02-25,2025-02-25,FO,NSE,IDO,57615,,NIFTY,,2025-02-27,2025-02-27,24350.0,CE,NIFTY25FEB24350CE,1.0,1.15,0.4,0.7,0.45,1.15,22547.55,0.7,252450,-404325,34312,62664332366.25,6675,F1,75,,,,,
2025-02-25,2025-02-25,FO,NSE,IDO,57649,,NIFTY,,2025-02-27,2025-02-27,25150.0,CE,NIFTY25FEB25150CE,1.55,1.55,0.45,0.6,0.45,1.05,22547.55,0.6,32475,-42075,3391,6396453240.0,1241,F1,75,,,,,
2025-02-25,2025-02-25,FO,NSE,IDO,57655,,NIFTY,,2025-02-27,2025-02-27,25300.0,CE,NIFTY25FEB25300CE,0.7,0.85,0.25,0.45,0.35,0.95,22547.55,0.45,226800,-24750,18249,34628338263.75,3787,F1,75,,,,,
2025-02-25,2025-02-25,FO,NSE,IDO,57669,,NIFTY,,2025-02-27,2025-02-27,25650.0,CE,NIFTY25FEB25650CE,0.7,1.0,0.35,0.5,0.35,0.95,22547.55,0.5,150900,-1125,2354,4528619591.25,885,F1,75,,,,,
2025-02-25,2025-02-25,FO,NSE,IDO,57675,,NIFTY,,2025-02-27,2025-02-27,25800.0,CE,NIFTY25FEB25800CE,0.85,1.3,0.3,0.55,0.3,0.95,22547.55,0.55,74625,-121950,7524,14559322893.75,1813,F1,75,,,,,
2025-02-25,2025-02-25,FO,NSE,IDO,57710,,NIFTY,,2025-02-27,2025-02-27,26450.0,CE,NIFTY25FEB26450CE,0.9,1.3,0.5,0.6,0.55,0.9,22547.55,0.6,168450,-18000,44277,87836607517.5,4998,F1,75,,,,,
2025-02-25,2025-02-25,FO,NSE,IDO,57712,,NIFTY,,2025-02-27,2025-02-27,26500.0,CE,NIFTY25FEB26500CE,0.8,0.9,0.4,0.55,0.55,0.9,22547.55,0.55,8129550,-2336775,290221,576827420073.75,45224,F1,75,,,,,
2025-02-25,2025-02-25,FO,NSE,IDO,68372,,NIFTY,,2025-03-06,2025-03-06,21050.0,CE,NIFTY2530621050CE,0.0,0.0,0.0,1598.05,1598.05,1598.05,22547.55,1531.3,0,0,0,0.0,0,F1,75,,,,,
2025-02-25,2025-02-25,FO,NSE,IDO,68397,,NIFTY,,2025-03-06,2025-03-06,21550.0,CE,NIFTY2530621550CE,0.0,0.0,0.0,1112.75,1112.7,1112.75,22547.55,1034.0,1275,0,0,0.0,0,F1,75,,,,,
2025-02-25,2025-02-25,FO,NSE,IDO,68448,,NIFTY,,2025-03-06,2025-03-06,22550.0,CE,NIFTY2530622550CE,260.0,260.0,198.0,209.1,199.0,259.6,22547.55,209.1,317625,217200,24791,42345507176.25,16088,F1,75,,,,,
2025-02-25,2025-02-25,FO,NSE,IDO,68450,,NIFTY,,2025-03-06,2025-03-06,22600.0,CE,NIFTY2530622600CE,219.7,228.5,168.55,180.05,169.85,230.6,22547.55,180.05,1387800,527925,84704,144815488942.5,48287,F1,75,,,,,
2025-02-25,2025-02-25,FO,NSE,IDO,68462,,NIFTY,,2025-03-06,2025-03-06,22900.0,CE,NIFTY2530622900CE,83.4,89.35,46.9,52.6,48.15,91.95,22547.55,52.6,1519725,562350,62383,107437444428.75,34996,F1,75,,,,,
2025-02-25,2025-02-25,FO,NSE,IDO,68468,,NIFTY,,2025-03-06,2025-03-06,23000.0,CE,NIFTY2530623000CE,62.5,63.95,27.8,31.2,28.3,63.95,22547.55,31.2,3335700,1092525,135763,234596728185.0,64267,F1,75,,,,,
2025-02-25,2025-02-25,FO,NSE,IDO,68584,,NIFTY,,2025-03-06,2025-03-06,23750.0,CE,NIFTY2530623750CE,5.45,5.45,2.5,2.8,2.5,5.35,22547.55,2.8,129600,32100,5542,9873038295.0,3246,F1,75,,,,,
2025-02-25,2025-02-25,FO,NSE,IDO,68618,,NIFTY,,2025-03-06,2025-03-06,24500.0,CE,NIFTY2530624500CE,2.0,3.2,1.65,1.75,1.65,2.55,22547.55,1.75,472050,221775,18552,34091856063.75,3706,F1,75,,,,,
2025-02-25,2025-02-25,FO,NSE,IDO,68620,,NIFTY,,2025-03-06,2025-03-06,24550.0,CE,NIFTY2530624550CE,2.4,2.95,1.5,1.7,1.6,2.55,22547.55,1.7,4725,1725,71,130738953.75,24,F1,75,,,,,
2025-02-25,2025-02-25,FO,NSE,IDO,68631,,NIFTY,,2025-03-06,2025-03-06,24750.0,CE,NIFTY2530624750CE,2.45,2.45,1.65,1.75,1.9,2.4,22547.55,1.75,23475,2025,325,603328185.0,171,F1,75,,,,,
2025-02-25,2025-02-25,FO,NSE,IDO,68647,,NIFTY,,2025-03-06,2025-03-06,24950.0,CE,NIFTY2530624950CE,2.3,2.3,1.35,1.5,1.65,2.2,22547.55,1.5,5475,150,41,76726335.0,20,F1,75,,,,,
2025-02-25,2025-02-25,FO,NSE,IDO,68675,,NIFTY,,2025-03-06,2025-03-06,25300.0,CE,NIFTY2530625300CE,1.85,2.25,1.3,1.45,1.5,1.8,22547.55,1.45,57900,1575,1816,3446070817.5,654,F1,75,,,,,
2025-02-25,2025-02-25,FO,NSE,IDO,45394,,NIFTY,,2025-03-13,2025-03-13,21100.0,CE,NIFTY2531321100CE,0.0,0.0,0.0,2653.4,0.0,2653.4,22547.55,1508.85,0,0,0,0.0,0,F1,75,,,,,
2025-02-25,2025-02-25,FO,NSE,IDO,45435,,NIFTY,,2025-03-13,2025-03-13,21900.0,CE,NIFTY2531321900CE,0.0,0.0,0.0,1047.85,1047.85,1047.85,22547.55,748.1,75,0,0,0.0,0,F1,75,,,,,
2025-02-25,2025-02-25,FO,NSE,IDO,45467,,NIFTY,,2025-03-13,2025-03-13,22500.0,CE,NIFTY2531322500CE,358.05,374.05,305.15,322.5,308.25,372.85,22547.55,322.5,79800,24150,2364,4049556116.25,1566,F1,75,,,,,
2025-02-25,2025-02-25,FO,NSE,IDO,45525,,NIFTY,,2025-03-13,2025-03-13,23450.0,CE,NIFTY2531323450CE,27.9,27.95,14.3,16.2,14.3,32.25,22547.55,16.2,9000,1800,380,668869443.75,142,F1,75,,,,,
2025-02-25,2025-02-25,FO,NSE,IDO,45534,,NIFTY,,2025-03-13,2025-03-13,23600.0,CE,NIFTY2531323600CE,19.35,19.35,7.25,9.6,7.25,19.35,22547.55,9.6,66975,13125,3179,5629567290.0,1359,F1,75,,,,,
2025-02-25,2025-02-25,FO,NSE,IDO,45548,,NIFTY,,2025-03-13,2025-03-13,23950.0,CE,NIFTY2531323950CE,6.8,6.95,3.9,4.2,3.9,8.9,22547.55,4.2,2850,-2400,63,113188275.0,19,F1,75,,,,,
2025-02-25,2025-02-25,FO,NSE,IDO,45552,,NIFTY,,2025-03-13,2025-03-13,24050.0,CE,NIFTY2531324050CE,4.9,4.9,3.55,3.75,3.8,6.95,22547.55,3.75,1050,0,21,37885072.5,11,F1,75,,,,,
2025-02-25,2025-02-25,FO,NSE,IDO,45608,,NIFTY,,2025-03-13,2025-03-13,24550.0,CE,NIFTY2531324550CE,2.6,2.95,2.6,2.95,2.95,3.95,22547.55,0.3,2325,900,22,40512165.0,5,F1,75,,,,,
2025-02-25,2025-02-25,FO,NSE,IDO,45615,,NIFTY,,2025-03-13,2025-03-13,24700.0,CE,NIFTY2531324700CE,3.35,3.35,2.45,2.6,2.6,3.5,22547.55,0.15,1725,225,8,14821653.75,5,F1,75,,,,,
2025-02-25,2025-02-25,FO,NSE,IDO,45633,,NIFTY,,2025-03-13,2025-03-13,24900.0,CE,NIFTY2531324900CE,2.25,2.4,2.25,2.3,2.3,2.85,22547.55,0.05,1575,600,21,39221178.75,5,F1,75,,,,,
2025-02-25,2025-02-25,FO,NSE,IDO,45636,,NIFTY,,2025-03-13,2025-03-13,24950.0,CE,NIFTY2531324950CE,2.1,2.3,2.0,2.2,2.1,3.45,22547.55,2.2,1950,1275,33,61756623.75,11,F1,75,,,,,
2025-02-25,2025-02-25,FO,NSE,IDO,45655,,NIFTY,,2025-03-13,2025-03-13,25350.0,CE,NIFTY2531325350CE,2.35,2.4,2.0,2.1,2.0,2.4,22547.55,2.1,8400,3600,94,178732747.5,24,F1,75,,,,,
2025-02-25,2025-02-25,FO,NSE,IDO,50081,,NIFTY,,2025-03-20,2025-03-20,20950.0,CE,NIFTY2532020950CE,0.0,0.0,0.0,2233.85,0.0,2233.85,22547.55,1685.6,0,0,0,0.0,0,F1,75,,,,,
2025-02-25,2025-02-25,FO,NSE,IDO,50131,,NIFTY,,2025-03-20,2025-03-20,21650.0,CE,NIFTY2532021650CE,0.0,0.0,0.0,1573.15,0.0,1573.15,22547.55,1016.6,0,0,0,0.0,0,F1,75,,,,,
2025-02-25,2025-02-25,FO,NSE,IDO,50177,,NIFTY,,2025-03-20,2025-03-20,22300.0,CE,NIFTY2532022300CE,540.0,555.0,537.0,537.05,537.0,580.0,22547.55,537.05,600,300,8,13707577.5,6,F1,75,,,,,
2025-02-25,2025-02-25,FO,NSE,IDO,50183,,NIFTY,,2025-03-20,2025-03-20,22450.0,CE,NIFTY2532022450CE,430.0,430.0,430.0,430.0,430.0,912.3,22547.55,402.6,75,75,1,1716000.0,1,F1,75,,,,,
2025-02-25,2025-02-25,FO,NSE,IDO,50199,,NIFTY,,2025-03-20,2025-03-20,22600.0,CE,NIFTY2532022600CE,368.55,379.25,325.0,330.35,327.95,375.3,22547.55,330.35,8550,1575,172,296009493.75,100,F1,75,,,,,
2025-02-25,2025-02-25,FO,NSE,IDO,50247,,NIFTY,,2025-03-20,2025-03-20,23600.0,CE,NIFTY2532023600CE,41.3,41.3,21.65,24.65,22.15,41.3,22547.55,24.65,13125,11475,312,552869208.75,97,F1,75,,,,,
2025-02-25,2025-02-25,FO,NSE,IDO,50309,,NIFTY,,2025-03-20,2025-03-20,24650.0,CE,NIFTY2532024650CE,0.0,0.0,0.0,6.6,6.65,6.6,22547.55,1.35,4200,0,0,0.0,0,F1,75,,,,,
2025-02-25,2025-02-25,FO,NSE,IDO,64560,,NIFTY,,2025-03-27,2025-03-27,21000.0,CE,NIFTY25MAR21000CE,1739.95,1779.0,1700.0,1722.3,1705.7,1755.2,22547.55,1722.3,708225,126225,1963,3347108250.0,1343,F1,75,,,,,
2025-02-25,2025-02-25,FO,NSE,IDO,46831,,NIFTY,,2025-03-27,2025-03-27,21150.0,CE,NIFTY25MAR21150CE,0.0,0.0,0.0,2129.75,2129.75,2129.75,22547.55,1521.45,75,0,0,0.0,0,F1,75,,,,,
2025-02-25,2025-02-25,FO,NSE,IDO,46900,,NIFTY,,2025-03-27,2025-03-27,21700.0,CE,NIFTY25MAR21700CE,1100.0,1120.0,1065.0,1100.5,1100.5,1103.7,22547.55,1015.6,2775,2250,35,59780763.75,17,F1,75,,,,,
2025-02-25,2025-02-25,FO,NSE,IDO,46976,,NIFTY,,2025-03-27,2025-03-27,22200.0,CE,NIFTY25MAR22200CE,685.35,713.0,650.4,666.6,652.1,698.35,22547.55,666.6,18750,5325,240,411741333.75,202,F1,75,,,,,
2025-02-25,2025-02-25,FO,NSE,IDO,51473,,NIFTY,,2025-03-27,2025-03-27,23600.0,CE,NIFTY25MAR23600CE,58.05,62.1,43.0,44.95,44.7,62.75,22547.55,44.95,572325,131175,11962,21217032810.0,6405,F1,75,,,,,
2025-02-25,2025-02-25,FO,NSE,IDO,53976,,NIFTY,,2025-03-27,2025-03-27,23800.0,CE,NIFTY25MAR23800CE,36.95,39.8,25.25,26.6,25.25,38.4,22547.55,26.6,527400,-17250,8280,14798531407.5,3700,F1,75,,,,,
2025-02-25,2025-02-25,FO,NSE,IDO,56882,,NIFTY,,2025-03-27,2025-03-27,25450.0,CE,NIFTY25MAR25450CE,0.0,0.0,0.0,7.1,7.1,7.1,22547.55,0.3,3750,0,0,0.0,0,F1,75,,,,,
2025-02-25,2025-02-25,FO,NSE,IDO,54514,,NIFTY,,2025-04-03,2025-04-03,20950.0,CE,NIFTY2540320950CE,0.0,0.0,0.0,2152.0,0.0,2152.0,22547.55,1745.4,0,0,0,0.0,0,F1,75,,,,,
2025-02-25,2025-02-25,FO,NSE,IDO,54540,,NIFTY,,2025-04-03,2025-04-03,21300.0,CE,NIFTY2540321300CE,0.0,0.0,0.0,1823.1,0.0,1823.1,22547.55,1414.3,0,0,0,0.0,0,F1,75,,,,,
2025-02-25,2025-02-25,FO,NSE,IDO,54564,,NIFTY,,2025-04-03,2025-04-03,21650.0,CE,NIFTY2540321650CE,0.0,0.0,0.0,1508.45,0.0,1508.45,22547.55,1101.45,0,0,0,0.0,0,F1,75,,,,,
2025-02-25,2025-02-25,FO,NSE,IDO,68355,,NIFTY,,2025-03-06,2025-03-06,20800.0,CE,NIFTY2530620800CE,0.0,0.0,0.0,2586.6,0.0,2586.6,22547.55,1780.85,0,0,0,0.0,0,F1,75,,,,,
2025-02-25,2025-02-25,FO,NSE,IDO,68364,,NIFTY,,2025-03-06,2025-03-06,20850.0,CE,NIFTY2530620850CE,0.0,0.0,0.0,2537.9,0.0,2537.9,22547.55,1730.95,0,0,0,0.0,0,F1,75,,,,,
2025-02-25,2025-02-25,FO,NSE,IDO,68411,,NIFTY,,2025-03-06,2025-03-06,21850.0,CE,NIFTY2530621850CE,790.4,829.55,779.0,812.15,812.15,1031.6,22547.55,812.15,900,375,10,16992817.5,9,F1,75,,,,,
2025-02-25,2025-02-25,FO,NSE,IDO,68428,,NIFTY,,2025-03-06,2025-03-06,22250.0,CE,NIFTY2530622250CE,450.0,480.35,416.85,431.25,420.5,478.0,22547.55,431.25,9225,8775,259,440682802.5,163,F1,75,,,,,
2025-02-25,2025-02-25,FO,NSE,IDO,68460,,NIFTY,,2025-03-06,2025-03-06,22850.0,CE,NIFTY2530622850CE,105.0,106.6,60.0,67.0,65.75,109.65,22547.55,67.0,330000,183975,19973,34346056706.25,13918,F1,75,,,,,
2025-02-25,2025-02-25,FO,NSE,IDO,68614,,NIFTY,,2025-03-06,2025-03-06,24400.0,CE,NIFTY2530624400CE,1.65,2.4,1.6,1.75,1.8,2.7,22547.55,1.75,40125,-6750,2239,4097700663.75,946,F1,75,,,,,
2025-02-25,2025-02-25,FO,NSE,IDO,45384,,NIFTY,,2025-03-13,2025-03-13,20850.0,CE,NIFTY2531320850CE,0.0,0.0,0.0,2899.95,0.0,2899.95,22547.55,1757.2,0,0,0,0.0,0,F1,75,,,,,
2025-02-25,2025-02-25,FO,NSE,IDO,45398,,NIFTY,,2025-03-13,2025-03-13,21200.0,CE,NIFTY2531321200CE,0.0,0.0,0.0,1710.9,1710.9,1710.9,22547.55,1409.95,75,0,0,0.0,0,F1,75,,,,,
2025-02-25,2025-02-25,FO,NSE,IDO,45470,,NIFTY,,2025-03-13,2025-03-13,22550.0,CE,NIFTY2531322550CE,328.05,337.0,278.05,292.7,278.7,339.55,22547.55,292.7,23325,11700,1119,1918145017.5,615,F1,75,,,,,
2025-02-25,2025-02-25,FO,NSE,IDO,45519,,NIFTY,,2025-03-13,2025-03-13,23300.0,CE,NIFTY2531323300CE,54.25,54.25,24.55,28.5,25.45,53.4,22547.55,28.5,191625,104325,5848,10233998550.0,3041,F1,75,,,,,
2025-02-25,2025-02-25,FO,NSE,IDO,45617,,NIFTY,,2025-03-13,2025-03-13,24750.0,CE,NIFTY2531324750CE,2.2,2.35,2.1,2.25,2.1,3.85,22547.55,2.25,1350,150,23,42697597.5,5,F1,75,,,,,
2025-02-25,2025-02-25,FO,NSE,IDO,45648,,NIFTY,,2025-03-13,2025-03-13,25200.0,CE,NIFTY2531325200CE,2.05,2.6,2.05,2.1,2.05,2.4,22547.55,2.1,6075,-1350,91,172004475.0,27,F1,75,,,,,
2025-02-25,2025-02-25,FO,NSE,IDO,50160,,NIFTY,,2025-03-20,2025-03-20,22200.0,CE,NIFTY2532022200CE,0.0,0.0,0.0,1102.5,0.0,1102.5,22547.55,566.0,0,0,0,0.0,0,F1,75,,,,,
2025-02-25,2025-02-25,FO,NSE,IDO,50186,,NIFTY,,2025-03-20,2025-03-20,22500.0,CE,NIFTY2532022500CE,425.9,430.0,384.0,390.55,384.0,441.35,22547.55,390.55,6225,2100,130,223340696.25,70,F1,75,,,,,
2025-02-25,2025-02-25,FO,NSE,IDO,50235,,NIFTY,,2025-03-20,2025-03-20,23300.0,CE,NIFTY2532023300CE,81.85,83.8,57.5,61.75,57.5,90.15,22547.55,61.75,10650,6900,233,408471903.75,112,F1,75,,,,,
2025-02-25,2025-02-25,FO,NSE,IDO,50272,,NIFTY,,2025-03-20,2025-03-20,23950.0,CE,NIFTY2532023950CE,0.0,0.0,0.0,183.85,0.0,183.85,22547.55,14.55,0,0,0,0.0,0,F1,75,,,,,
2025-02-25,2025-02-25,FO,NSE,IDO,50311,,NIFTY,,2025-03-20,2025-03-20,24700.0,CE,NIFTY2532024700CE,6.1,6.1,4.0,4.9,4.9,58.6,22547.55,4.9,300,300,6,11117182.5,6,F1,75,,,,,
2025-02-25,2025-02-25,FO,NSE,IDO,64554,,NIFTY,,2025-03-27,2025-03-27,19000.0,CE,NIFTY25MAR19000CE,3700.0,3741.15,3666.4,3694.1,3693.0,3709.0,22547.55,3694.1,65875,4050,101,172012800.0,97,F1,75,,,,,
2025-02-25,2025-02-25,FO,NSE,IDO,46829,,NIFTY,,2025-03-27,2025-03-27,21100.0,CE,NIFTY25MAR21100CE,1592.2,1638.6,1592.2,1638.6,1638.6,1985.0,22547.55,1569.5,1125,300,4,6816810.0,3,F1,75,,,,,
2025-02-25,2025-02-25,FO,NSE,IDO,46991,,NIFTY,,2025-03-27,2025-03-27,22400.0,CE,NIFTY25MAR22400CE,551.95,566.4,509.8,521.5,513.25,560.95,22547.55,521.5,63150,5625,745,1281457117.5,595,F1,75,,,,,
2025-02-25,2025-02-25,FO,NSE,IDO,47038,,NIFTY,,2025-03-27,2025-03-27,22700.0,CE,NIFTY25MAR22700CE,391.7,391.7,330.0,340.55,332.3,376.95,22547.55,340.55,668475,296250,11940,20640254085.0,8589,F1,75,,,,,
2025-02-25,2025-02-25,FO,NSE,IDO,51118,,NIFTY,,2025-03-27,2025-03-27,23300.0,CE,NIFTY25MAR23300CE,119.95,130.0,93.25,99.6,96.5,124.6,22547.55,99.6,655875,113550,12900,22644139691.25,8209,F1,75,,,,,
2025-02-25,2025-02-25,FO,NSE,IDO,51124,,NIFTY,,2025-03-27,2025-03-27,23450.0,CE,NIFTY25MAR23450CE,85.05,85.05,65.7,67.6,65.7,89.4,22547.55,67.6,78225,3225,2249,3967746412.5,1145,F1,75,,,,,
2025-02-25,2025-02-25,FO,NSE,IDO,54721,,NIFTY,,2025-03-27,2025-03-27,23900.0,CE,NIFTY25MAR23900CE,33.65,33.65,19.5,21.25,19.8,30.55,22547.55,21.25,352875,41775,5332,9566875413.75,3016,F1,75,,,,,
2025-02-25,2025-02-25,FO,NSE,IDO,54723,,NIFTY,,2025-03-27,2025-03-27,23950.0,CE,NIFTY25MAR23950CE,26.0,26.0,17.6,18.65,17.8,27.2,22547.55,18.65,57900,11325,1317,2367683336.25,485,F1,75,,,,,
2025-02-25,2025-02-25,FO,NSE,IDO,54725,,NIFTY,,2025-03-27,2025-03-27,24050.0,CE,NIFTY25MAR24050CE,19.5,19.7,13.75,14.95,13.95,21.8,22547.55,14.95,84675,48150,1634,2949313365.0,580,F1,75,,,,,
2025-02-25,2025-02-25,FO,NSE,IDO,55060,,NIFTY,,2025-03-27,2025-03-27,24200.0,CE,NIFTY25MAR24200CE,15.95,16.0,11.0,11.5,11.1,16.25,22547.55,11.5,251400,-37050,4713,8558624816.25,2168,F1,75,,,,,
2025-02-25,2025-02-25,FO,NSE,IDO,55197,,NIFTY,,2025-03-27,2025-03-27,24300.0,CE,NIFTY25MAR24300CE,14.85,14.85,9.4,9.95,9.65,13.85,22547.55,9.95,208650,-75375,4395,8013498926.25,1675,F1,75,,,,,
2025-02-25,2025-02-25,FO,NSE,IDO,55341,,NIFTY,,2025-03-27,2025-03-27,24450.0,CE,NIFTY25MAR24450CE,10.4,11.65,8.05,8.35,8.15,11.95,22547.55,8.35,15675,-2850,310,568685493.75,120,F1,75,,,,,
2025-02-25,2025-02-25,FO,NSE,IDO,56872,,NIFTY,,2025-03-27,2025-03-27,25200.0,CE,NIFTY25MAR25200CE,7.0,7.1,4.8,5.1,4.8,7.3,22547.55,5.1,145575,11475,1082,2045459591.25,511,F1,75,,,,,
2025-02-25,2025-02-25,FO,NSE,IDO,54623,,NIFTY,,2025-04-03,2025-04-03,22650.0,CE,NIFTY2540322650CE,0.0,0.0,0.0,746.35,0.0,746.35,22547.55,403.35,0,0,0,0.0,0,F1,75,,,,,
2025-02-25,2025-02-25,FO,NSE,IDO,54714,,NIFTY,,2025-04-03,2025-04-03,23550.0,CE,NIFTY2540323550CE,0.0,0.0,0.0,308.1,0.0,308.1,22547.55,102.35,0,0,0,0.0,0,F1,75,,,,,
2025-02-25,2025-02-25,FO,NSE,IDO,54753,,NIFTY,,2025-04-03,2025-04-03,23650.0,CE,NIFTY2540323650CE,0.0,0.0,0.0,274.65,0.0,274.65,22547.55,85.2,0,0,0,0.0,0,F1,75,,,,,
2025-02-25,2025-02-25,FO,NSE,IDO,54759,,NIFTY,,2025-04-03,2025-04-03,23800.0,CE,NIFTY2540323800CE,0.0,0.0,0.0,229.7,0.0,229.7,22547.55,63.95,0,0,0,0.0,0,F1,75,,,,,
2025-02-25,2025-02-25,FO,NSE,IDO,54763,,NIFTY,,2025-04-03,2025-04-03,23900.0,CE,NIFTY2540323900CE,0.0,0.0,0.0,203.0,0.0,203.0,22547.55,52.4,0,0,0,0.0,0,F1,75,,,,,
2025-02-25,2025-02-25,FO,NSE,IDO,54783,,NIFTY,,2025-04-03,2025-04-03,24050.0,CE,NIFTY2540324050CE,0.0,0.0,0.0,167.85,0.0,167.85,22547.55,38.35,0,0,0,0.0,0,F1,75,,,,,
2025-02-25,2025-02-25,FO,NSE,IDO,54850,,NIFTY,,2025-04-03,2025-04-03,24400.0,CE,NIFTY2540324400CE,0.0,0.0,0.0,104.1,0.0,104.1,22547.55,17.55,0,0,0,0.0,0,F1,75,,,,,
2025-02-25,2025-02-25,FO,NSE,IDO,79235,,NIFTY,,2025-04-24,2025-04-24,21150.0,CE,NIFTY25APR21150CE,0.0,0.0,0.0,2508.85,0.0,2508.85,22547.55,1656.6,0,0,0,0.0,0,F1,75,,,,,
2025-02-25,2025-02-25,FO,NSE,IDO,79260,,NIFTY,,2025-04-24,2025-04-24,21600.0,CE,NIFTY25APR21600CE,0.0,0.0,0.0,2112.4,0.0,2112.4,22547.55,1265.05,0,0,0,0.0,0,F1,75,,,,,
2025-02-25,2025-02-25,FO,NSE,IDO,79519,,NIFTY,,2025-04-24,2025-04-24,23950.0,CE,NIFTY25APR23950CE,84.55,85.6,84.55,85.6,85.6,581.6,22547.55,113.0,1350,1350,18,32447430.0,4,F1,75,,,,,
2025-02-25,2025-02-25,FO,NSE,IDO,79529,,NIFTY,,2025-04-24,2025-04-24,24000.0,CE,NIFTY25APR24000CE,96.05,96.95,73.85,76.75,75.0,96.95,22547.55,76.75,864600,279450,14235,25710309956.25,7744,F1,75,,,,,
2025-02-25,2025-02-25,FO,NSE,IDO,79634,,NIFTY,,2025-04-24,2025-04-24,24350.0,CE,NIFTY25APR24350CE,0.0,0.0,0.0,92.5,92.5,92.5,22547.55,61.3,1725,0,0,0.0,0,F1,75,,,,,
2025-02-25,2025-02-25,FO,NSE,IDO,79636,,NIFTY,,2025-04-24,2025-04-24,24400.0,CE,NIFTY25APR24400CE,46.75,47.65,35.35,35.9,35.75,50.15,22547.55,35.9,21675,6975,286,524228347.5,123,F1,75,,,,,
2025-02-25,2025-02-25,FO,NSE,IDO,79642,,NIFTY,,2025-04-24,2025-04-24,24550.0,CE,NIFTY25APR24550CE,0.0,0.0,0.0,106.65,106.65,106.65,22547.55,44.15,0,0,0,0.0,0,F1,75,,,,,
2025-02-25,2025-02-25,FO,NSE,IDO,79670,,NIFTY,,2025-04-24,2025-04-24,24700.0,CE,NIFTY25APR24700CE,33.0,33.0,23.15,23.8,23.15,31.45,22547.55,23.8,9600,1950,137,254059983.75,43,F1,75,,,,,
2025-02-25,2025-02-25,FO,NSE,IDO,55119,,NIFTY,,2025-06-26,2025-06-26,18000.0,CE,NIFTY25JUN18000CE,0.0,0.0,0.0,5700.0,5700.0,5700.0,22547.55,4931.5,2350,0,0,0.0,0,F1,75,,,,,
2025-02-25,2025-02-25,FO,NSE,IDO,64680,,NIFTY,,2025-09-25,2025-09-25,18000.0,CE,NIFTY25SEP18000CE,0.0,0.0,0.0,9482.9,0.0,9482.9,22547.55,5217.35,0,0,0,0.0,0,F1,75,,,,,
2025-02-25,2025-02-25,FO,NSE,IDO,64692,,NIFTY,,2025-09-25,2025-09-25,24000.0,CE,NIFTY25SEP24000CE,693.0,693.0,658.6,662.25,658.6,699.55,22547.55,662.25,35775,825,109,201742500.0,95,F1,75,,,,,
2025-02-25,2025-02-25,FO,NSE,IDO,64702,,NIFTY,,2025-09-25,2025-09-25,29000.0,CE,NIFTY25SEP29000CE,0.0,0.0,0.0,1377.55,0.0,1377.55,22547.55,15.75,0,0,0,0.0,0,F1,75,,,,,
2025-02-25,2025-02-25,FO,NSE,IDO,71399,,NIFTY,,2025-12-24,2025-12-24,26000.0,CE,NIFTY25DEC26000CE,383.95,383.95,348.0,355.6,348.05,380.7,22547.55,355.6,210000,350,639,1263359006.25,545,F1,75,,,,,
2025-02-25,2025-02-25,FO,NSE,IDO,50543,,NIFTY,,2025-12-24,2025-12-24,28000.0,CE,NIFTY25DEC28000CE,145.05,150.0,120.9,123.55,121.0,141.9,22547.55,123.55,303825,6575,515,1086587692.5,419,F1,75,,,,,
2025-02-25,2025-02-25,FO,NSE,IDO,58640,,NIFTY,,2026-12-31,2026-12-31,18000.0,CE,NIFTY26DEC18000CE,0.0,0.0,0.0,4501.45,0.0,4501.45,22547.55,6619.75,0,0,0,0.0,0,F1,75,,,,,
2025-02-25,2025-02-25,FO,NSE,IDO,50547,,NIFTY,,2026-12-31,2026-12-31,28000.0,CE,NIFTY26DEC28000CE,625.0,630.0,607.0,607.0,607.0,600.0,22547.55,797.1,525,225,3,6439650.0,3,F1,75,,,,,
2025-02-25,2025-02-25,FO,NSE,IDO,38160,,NIFTY,,2027-06-24,2027-06-24,29000.0,CE,NIFTY27JUN29000CE,0.0,0.0,0.0,1545.2,0.0,1545.2,22547.55,952.4,0,0,0,0.0,0,F1,75,,,,,
2025-02-25,2025-02-25,FO,NSE,IDO,53618,,NIFTY,,2027-12-30,2027-12-30,23000.0,CE,NIFTY27DEC23000CE,0.0,0.0,0.0,4125.7,0.0,4125.7,22547.55,4050.45,0,0,0,0.0,0,F1,75,,,,,
2025-02-25,2025-02-25,FO,NSE,IDO,53626,,NIFTY,,2027-12-30,2027-12-30,25000.0,CE,NIFTY27DEC25000CE,0.0,0.0,0.0,3458.35,0.0,3458.35,22547.55,2940.35,0,0,0,0.0,0,F1,75,,,,,
2025-02-25,2025-02-25,FO,NSE,IDO,38164,,NIFTY,,2027-12-30,2027-12-30,29000.0,CE,NIFTY27DEC29000CE,0.0,0.0,0.0,1932.55,0.0,1932.55,22547.55,1391.3,0,0,0,0.0,0,F1,75,,,,,
2025-02-25,2025-02-25,FO,NSE,IDO,67772,,NIFTY,,2028-12-28,2028-12-28,19000.0,CE,NIFTY28DEC19000CE,0.0,0.0,0.0,8739.0,0.0,8739.0,22547.55,7850.75,0,0,0,0.0,0,F1,75,,,,,
2025-02-25,2025-02-25,FO,NSE,IDO,67780,,NIFTY,,2028-12-28,2028-12-28,23000.0,CE,NIFTY28DEC23000CE,0.0,0.0,0.0,6377.6,0.0,6377.6,22547.55,5167.9,0,0,0,0.0,0,F1,75,,,,,
2025-02-25,2025-02-25,FO,NSE,IDO,67788,,NIFTY,,2028-12-28,2028-12-28,27000.0,CE,NIFTY28DEC27000CE,0.0,0.0,0.0,4437.95,0.0,4437.95,22547.55,3091.2,0,0,0,0.0,0,F1,75,,,,,
2025-02-25,2025-02-25,FO,NSE,IDO,67790,,NIFTY,,2028-12-28,2028-12-28,28000.0,CE,NIFTY28DEC28000CE,0.0,0.0,0.0,4027.15,0.0,4027.15,22547.55,2681.05,0,0,0,0.0,0,F1,75,,,,,
2025-02-25,2025-02-25,FO,NSE,IDO,67792,,NIFTY,,2028-12-28,2028-12-28,29000.0,CE,NIFTY28DEC29000CE,0.0,0.0,0.0,3645.75,0.0,3645.75,22547.55,2313.45,0,0,0,0.0,0,F1,75,,,,,
2025-02-25,2025-02-25,FO,NSE,IDO,89624,,NIFTY,,2029-06-28,2029-06-28,21000.0,CE,NIFTY29JUN21000CE,0.0,0.0,0.0,9799.75,0.0,9799.75,22547.55,6957.15,0,0,0,0.0,0,F1,75,,,,,
2025-02-25,2025-02-25,FO,NSE,IDO,89630,,NIFTY,,2029-06-28,2029-06-28,24000.0,CE,NIFTY29JUN24000CE,0.0,0.0,0.0,8085.35,0.0,8085.35,22547.55,5120.95,0,0,0,0.0,0,F1,75,,,,,
2025-02-25,2025-02-25,FO,NSE,IDO,61403,,NIFTY,,2029-12-27,2029-12-27,19000.0,PE,NIFTY29DEC19000PE,0.0,0.0,0.0,142.25,0.0,142.25,22547.55,102.4,0,0,0,0.0,0,F1,75,,,,,
2025-02-25,2025-02-25,FO,NSE,IDO,89631,,NIFTY,,2029-06-28,2029-06-28,24000.0,PE,NIFTY29JUN24000PE,0.0,0.0,0.0,694.05,694.05,694.05,22547.55,674.5,25,0,0,0.0,0,F1,75,,,,,
2025-02-25,2025-02-25,FO,NSE,IDO,67777,,NIFTY,,2028-12-28,2028-12-28,21000.0,PE,NIFTY28DEC21000PE,0.0,0.0,0.0,505.15,505.15,505.15,22547.55,260.4,1225,0,0,0.0,0,F1,75,,,,,
2025-02-25,2025-02-25,FO,NSE,IDO,67773,,NIFTY,,2028-12-28,2028-12-28,19000.0,PE,NIFTY28DEC19000PE,0.0,0.0,0.0,158.0,0.0,158.0,22547.55,105.3,0,0,0,0.0,0,F1,75,,,,,
2025-02-25,2025-02-25,FO,NSE,IDO,86160,,NIFTY,,2028-06-29,2028-06-29,25000.0,PE,NIFTY28JUN25000PE,0.0,0.0,0.0,2016.8,0.0,2016.8,22547.55,1067.45,0,0,0,0.0,0,F1,75,,,,,
2025-02-25,2025-02-25,FO,NSE,IDO,38165,,NIFTY,,2027-12-30,2027-12-30,29000.0,PE,NIFTY27DEC29000PE,0.0,0.0,0.0,4227.5,0.0,4227.5,22547.55,2949.4,0,0,0,0.0,0,F1,75,,,,,
2025-02-25,2025-02-25,FO,NSE,IDO,53632,,NIFTY,,2027-12-30,2027-12-30,27000.0,PE,NIFTY27DEC27000PE,0.0,0.0,0.0,2492.45,2492.45,2492.45,22547.55,1953.0,75,0,0,0.0,0,F1,75,,,,,
2025-02-25,2025-02-25,FO,NSE,IDO,53627,,NIFTY,,2027-12-30,2027-12-30,25000.0,PE,NIFTY27DEC25000PE,0.0,0.0,0.0,1546.4,1546.4,1546.4,22547.55,1173.55,75,0,0,0.0,0,F1,75,,,,,
2025-02-25,2025-02-25,FO,NSE,IDO,38163,,NIFTY,,2027-06-24,2027-06-24,29000.0,PE,NIFTY27JUN29000PE,0.0,0.0,0.0,4627.1,0.0,4627.1,22547.55,3335.65,0,0,0,0.0,0,F1,75,,,,,
2025-02-25,2025-02-25,FO,NSE,IDO,71554,,NIFTY,,2027-06-24,2027-06-24,21000.0,PE,NIFTY27JUN21000PE,0.0,0.0,0.0,500.0,500.0,500.0,22547.55,280.45,200,0,0,0.0,0,F1,75,,,,,
2025-02-25,2025-02-25,FO,NSE,IDO,50548,,NIFTY,,2026-12-31,2026-12-31,28000.0,PE,NIFTY26DEC28000PE,0.0,0.0,0.0,3500.0,3500.0,3500.0,22547.55,3082.6,75,0,0,0.0,0,F1,75,,,,,
2025-02-25,2025-02-25,FO,NSE,IDO,50462,,NIFTY,,2026-06-25,2026-06-25,16000.0,PE,NIFTY26JUN16000PE,0.0,0.0,0.0,48.95,48.95,48.95,22547.55,2.05,1225,0,0,0.0,0,F1,75,,,,,
2025-02-25,2025-02-25,FO,NSE,IDO,50444,,NIFTY,,2026-06-25,2026-06-25,14000.0,PE,NIFTY26JUN14000PE,0.0,0.0,0.0,20.05,20.05,20.05,22547.55,0.05,1075,0,0,0.0,0,F1,75,,,,,
2025-02-25,2025-02-25,FO,NSE,IDO,64687,,NIFTY,,2025-09-25,2025-09-25,21000.0,PE,NIFTY25SEP21000PE,0.0,0.0,0.0,51.55,0.0,51.55,22547.55,155.25,0,0,0,0.0,0,F1,75,,,,,
2025-02-25,2025-02-25,FO,NSE,IDO,51450,,NIFTY,,2025-06-26,2025-06-26,21000.0,PE,NIFTY25JUN21000PE,147.95,153.0,140.55,145.1,146.2,147.9,22547.55,145.1,355025,10300,1098,1741271628.75,721,F1,75,,,,,
2025-02-25,2025-02-25,FO,NSE,IDO,79749,,NIFTY,,2025-04-24,2025-04-24,25450.0,PE,NIFTY25APR25450PE,0.0,0.0,0.0,1947.95,0.0,1947.95,22547.55,2649.25,0,0,0,0.0,0,F1,75,,,,,
2025-02-25,2025-02-25,FO,NSE,IDO,79631,,NIFTY,,2025-04-24,2025-04-24,24250.0,PE,NIFTY25APR24250PE,0.0,0.0,0.0,1150.0,1150.0,1150.0,22547.55,1525.15,0,0,0,0.0,0,F1,75,,,,,
2025-02-25,2025-02-25,FO,NSE,IDO,79554,,NIFTY,,2025-04-24,2025-04-24,24100.0,PE,NIFTY25APR24100PE,0.0,0.0,0.0,1033.15,1033.15,1033.15,22547.55,1395.3,300,0,0,0.0,0,F1,75,,,,,
2025-02-25,2025-02-25,FO,NSE,IDO,79487,,NIFTY,,2025-04-24,2025-04-24,23350.0,PE,NIFTY25APR23350PE,0.0,0.0,0.0,712.1,712.1,712.1,22547.55,814.45,1350,0,0,0.0,0,F1,75,,,,,
2025-02-25,2025-02-25,FO,NSE,IDO,79416,,NIFTY,,2025-04-24,2025-04-24,22850.0,PE,NIFTY25APR22850PE,434.7,441.05,432.0,441.05,441.05,455.15,22547.55,441.05,4800,0,11,19213267.5,4,F1,75,,,,,
2025-02-25,2025-02-25,FO,NSE,IDO,79395,,NIFTY,,2025-04-24,2025-04-24,22550.0,PE,NIFTY25APR22550PE,356.7,356.7,310.45,333.7,338.1,327.1,22547.55,333.7,7200,3750,131,224798118.75,39,F1,75,,,,,
2025-02-25,2025-02-25,FO,NSE,IDO,79383,,NIFTY,,2025-04-24,2025-04-24,22300.0,PE,NIFTY25APR22300PE,256.0,256.0,237.4,249.1,253.9,255.0,22547.55,249.1,69375,7350,291,492050036.25,225,F1,75,,,,,
2025-02-25,2025-02-25,FO,NSE,IDO,79259,,NIFTY,,2025-04-24,2025-04-24,21550.0,PE,NIFTY25APR21550PE,100.4,100.4,100.4,100.4,100.4,97.4,22547.55,87.75,300,150,2,3247560.0,1,F1,75,,,,,
2025-02-25,2025-02-25,FO,NSE,IDO,54782,,NIFTY,,2025-04-03,2025-04-03,24000.0,PE,NIFTY2540324000PE,0.0,0.0,0.0,1068.4,0.0,1068.4,22547.55,1337.45,0,0,0,0.0,0,F1,75,,,,,
2025-02-25,2025-02-25,FO,NSE,IDO,54762,,NIFTY,,2025-04-03,2025-04-03,23850.0,PE,NIFTY2540323850PE,0.0,0.0,0.0,956.65,0.0,956.65,22547.55,1203.75,0,0,0,0.0,0,F1,75,,,,,
2025-02-25,2025-02-25,FO,NSE,IDO,54756,,NIFTY,,2025-04-03,2025-04-03,23700.0,PE,NIFTY2540323700PE,0.0,0.0,0.0,850.85,0.0,850.85,22547.55,1074.35,0,0,0,0.0,0,F1,75,,,,,
2025-02-25,2025-02-25,FO,NSE,IDO,54713,,NIFTY,,2025-04-03,2025-04-03,23500.0,PE,NIFTY2540323500PE,0.0,0.0,0.0,719.35,0.0,719.35,22547.55,910.0,0,0,0,0.0,0,F1,75,,,,,
2025-02-25,2025-02-25,FO,NSE,IDO,54682,,NIFTY,,2025-04-03,2025-04-03,23300.0,PE,NIFTY2540323300PE,0.0,0.0,0.0,599.6,0.0,599.6,22547.55,756.85,0,0,0,0.0,0,F1,75,,,,,
2025-02-25,2025-02-25,FO,NSE,IDO,54624,,NIFTY,,2025-04-03,2025-04-03,22650.0,PE,NIFTY2540322650PE,0.0,0.0,0.0,296.85,0.0,296.85,22547.55,357.05,0,0,0,0.0,0,F1,75,,,,,
2025-02-25,2025-02-25,FO,NSE,IDO,54575,,NIFTY,,2025-04-03,2025-04-03,21900.0,PE,NIFTY2540321900PE,0.0,0.0,0.0,102.65,0.0,102.65,22547.55,103.8,0,0,0,0.0,0,F1,75,,,,,
2025-02-25,2025-02-25,FO,NSE,IDO,54557,,NIFTY,,2025-04-03,2025-04-03,21450.0,PE,NIFTY2540321450PE,0.0,0.0,0.0,46.5,0.0,46.5,22547.55,39.0,0,0,0,0.0,0,F1,75,,,,,
2025-02-25,2025-02-25,FO,NSE,IDO,54543,,NIFTY,,2025-04-03,2025-04-03,21350.0,PE,NIFTY2540321350PE,0.0,0.0,0.0,38.35,0.0,38.35,22547.55,30.5,0,0,0,0.0,0,F1,75,,,,,
2025-02-25,2025-02-25,FO,NSE,IDO,54505,,NIFTY,,2025-04-03,2025-04-03,20850.0,PE,NIFTY2540320850PE,0.0,0.0,0.0,13.1,0.0,13.1,22547.55,7.6,0,0,0,0.0,0,F1,75,,,,,
2025-02-25,2025-02-25,FO,NSE,IDO,64583,,NIFTY,,2025-03-27,2025-03-27,29000.0,PE,NIFTY25MAR29000PE,6181.55,6249.6,6181.0,6228.55,6249.6,6197.0,22547.55,6228.55,409725,1350,41,108253871.25,40,F1,75,,,,,
2025-02-25,2025-02-25,FO,NSE,IDO,48346,,NIFTY,,2025-03-27,2025-03-27,23050.0,PE,NIFTY25MAR23050PE,524.0,524.0,481.0,509.95,518.15,510.4,22547.55,509.95,34425,-1200,65,114832020.0,61,F1,75,,,,,
2025-02-25,2025-02-25,FO,NSE,IDO,46992,,NIFTY,,2025-03-27,2025-03-27,22400.0,PE,NIFTY25MAR22400PE,228.95,229.0,196.85,208.75,213.95,216.95,22547.55,208.75,715650,71475,5608,9508890536.25,3784,F1,75,,,,,
2025-02-25,2025-02-25,FO,NSE,IDO,50278,,NIFTY,,2025-03-20,2025-03-20,24050.0,PE,NIFTY2532024050PE,0.0,0.0,0.0,1012.8,0.0,1012.8,22547.55,1414.85,0,0,0,0.0,0,F1,75,,,,,
2025-02-25,2025-02-25,FO,NSE,IDO,50263,,NIFTY,,2025-03-20,2025-03-20,23850.0,PE,NIFTY2532023850PE,0.0,0.0,0.0,863.9,0.0,863.9,22547.55,1224.55,0,0,0,0.0,0,F1,75,,,,,
2025-02-25,2025-02-25,FO,NSE,IDO,50256,,NIFTY,,2025-03-20,2025-03-20,23700.0,PE,NIFTY2532023700PE,0.0,0.0,0.0,759.7,0.0,759.7,22547.55,1085.5,0,0,0,0.0,0,F1,75,,,,,
2025-02-25,2025-02-25,FO,NSE,IDO,50242,,NIFTY,,2025-03-20,2025-03-20,23450.0,PE,NIFTY2532023450PE,0.0,0.0,0.0,601.25,0.0,601.25,22547.55,863.9,0,0,0,0.0,0,F1,75,,,,,
2025-02-25,2025-02-25,FO,NSE,IDO,50238,,NIFTY,,2025-03-20,2025-03-20,23350.0,PE,NIFTY2532023350PE,0.0,0.0,0.0,543.55,0.0,543.55,22547.55,779.95,0,0,0,0.0,0,F1,75,,,,,
2025-02-25,2025-02-25,FO,NSE,IDO,50178,,NIFTY,,2025-03-20,2025-03-20,22300.0,PE,NIFTY2532022300PE,148.15,154.8,135.0,149.05,151.05,156.9,22547.55,149.05,5775,750,89,149800886.25,46,F1,75,,,,,
2025-02-25,2025-02-25,FO,NSE,IDO,50159,,NIFTY,,2025-03-20,2025-03-20,22150.0,PE,NIFTY2532022150PE,118.55,118.55,118.55,118.55,118.55,125.25,22547.55,114.15,75,0,1,1670141.25,1,F1,75,,,,,
2025-02-25,2025-02-25,FO,NSE,IDO,50132,,NIFTY,,2025-03-20,2025-03-20,21650.0,PE,NIFTY2532021650PE,0.0,0.0,0.0,43.0,0.0,43.0,22547.55,30.55,0,0,0,0.0,0,F1,75,,,,,
2025-02-25,2025-02-25,FO,NSE,IDO,45645,,NIFTY,,2025-03-13,2025-03-13,25100.0,PE,NIFTY2531325100PE,0.0,0.0,0.0,2180.15,2180.15,2180.15,22547.55,2481.05,75,0,0,0.0,0,F1,75,,,,,
2025-02-25,2025-02-25,FO,NSE,IDO,45559,,NIFTY,,2025-03-13,2025-03-13,24150.0,PE,NIFTY2531324150PE,0.0,0.0,0.0,1239.3,1239.3,1239.3,22547.55,1535.7,75,0,0,0.0,0,F1,75,,,,,
2025-02-25,2025-02-25,FO,NSE,IDO,45543,,NIFTY,,2025-03-13,2025-03-13,23800.0,PE,NIFTY2531323800PE,0.0,0.0,0.0,1096.0,1096.0,1096.0,22547.55,1192.95,150,0,0,0.0,0,F1,75,,,,,
2025-02-25,2025-02-25,FO,NSE,IDO,45533,,NIFTY,,2025-03-13,2025-03-13,23550.0,PE,NIFTY2531323550PE,890.0,890.0,860.1,874.0,874.0,712.55,22547.55,955.85,1500,1425,22,40310043.75,9,F1,75,,,,,
2025-02-25,2025-02-25,FO,NSE,IDO,45509,,NIFTY,,2025-03-13,2025-03-13,23150.0,PE,NIFTY2531323150PE,550.0,552.0,521.55,534.45,534.45,540.75,22547.55,534.45,6150,-1125,36,63969037.5,12,F1,75,,,,,
2025-02-25,2025-02-25,FO,NSE,IDO,45491,,NIFTY,,2025-03-13,2025-03-13,23050.0,PE,NIFTY2531323050PE,0.0,0.0,0.0,474.6,474.6,474.6,22547.55,528.75,4575,0,0,0.0,0,F1,75,,,,,
2025-02-25,2025-02-25,FO,NSE,IDO,45471,,NIFTY,,2025-03-13,2025-03-13,22550.0,PE,NIFTY2531322550PE,204.0,217.05,167.8,183.75,194.5,203.2,22547.55,183.75,33000,19950,1313,2238893546.25,794,F1,75,,,,,
2025-02-25,2025-02-25,FO,NSE,IDO,45434,,NIFTY,,2025-03-13,2025-03-13,21850.0,PE,NIFTY2531321850PE,36.15,40.15,32.7,36.7,40.15,45.55,22547.55,36.7,9750,2325,113,185478063.75,48,F1,75,,,,,
2025-02-25,2025-02-25,FO,NSE,IDO,45429,,NIFTY,,2025-03-13,2025-03-13,21750.0,PE,NIFTY2531321750PE,28.0,31.9,25.0,28.8,31.9,36.05,22547.55,28.8,9900,-450,187,305438175.0,65,F1,75,,,,,
2025-02-25,2025-02-25,FO,NSE,IDO,45397,,NIFTY,,2025-03-13,2025-03-13,21150.0,PE,NIFTY2531321150PE,8.9,11.45,5.9,6.65,7.5,8.8,22547.55,6.65,17700,14100,225,357019301.25,50,F1,75,,,,,
2025-02-25,2025-02-25,FO,NSE,IDO,68628,,NIFTY,,2025-03-06,2025-03-06,24650.0,PE,NIFTY2530624650PE,0.0,0.0,0.0,1763.1,1763.1,1763.1,22547.55,2063.0,375,0,0,0.0,0,F1,75,,,,,
2025-02-25,2025-02-25,FO,NSE,IDO,68615,,NIFTY,,2025-03-06,2025-03-06,24400.0,PE,NIFTY2530624400PE,1760.0,1768.3,1733.7,1768.25,1768.15,1736.25,22547.55,1768.25,5550,4575,64,125567006.25,41,F1,75,,,,,
2025-02-25,2025-02-25,FO,NSE,IDO,68595,,NIFTY,,2025-03-06,2025-03-06,24000.0,PE,NIFTY2530624000PE,1363.0,1384.0,1315.0,1358.7,1380.55,1341.9,22547.55,1358.7,106275,74700,1087,2066818158.75,638,F1,75,,,,,
2025-02-25,2025-02-25,FO,NSE,IDO,68400,,NIFTY,,2025-03-06,2025-03-06,21600.0,PE,NIFTY2530621600PE,10.2,10.65,5.95,8.8,9.95,10.15,22547.55,8.8,763350,399525,24328,39425135760.0,11301,F1,75,,,,,
2025-02-25,2025-02-25,FO,NSE,IDO,57711,,NIFTY,,2025-02-27,2025-02-27,26450.0,PE,NIFTY25FEB26450PE,0.0,0.0,0.0,3510.2,3510.2,3510.2,22547.55,3893.05,150,0,0,0.0,0,F1,75,,,,,
2025-02-25,2025-02-25,FO,NSE,IDO,57646,,NIFTY,,2025-02-27,2025-02-27,25050.0,PE,NIFTY25FEB25050PE,0.0,0.0,0.0,2051.2,2051.2,2051.2,22547.55,2493.55,75,0,0,0.0,0,F1,75,,,,,
2025-02-25,2025-02-25,FO,NSE,IDO,57628,,NIFTY,,2025-02-27,2025-02-27,24650.0,PE,NIFTY25FEB24650PE,2050.0,2050.15,2047.2,2047.2,2047.2,1652.8,22547.55,2093.65,3975,-225,4,8009801.25,4,F1,75,,,,,
2025-02-25,2025-02-25,FO,NSE,IDO,57604,,NIFTY,,2025-02-27,2025-02-27,24050.0,PE,NIFTY25FEB24050PE,1472.6,1485.15,1430.3,1473.65,1485.15,1416.15,22547.55,1473.65,14550,-6075,113,216254235.0,90,F1,75,,,,,
2025-02-25,2025-02-25,FO,NSE,IDO,57596,,NIFTY,,2025-02-27,2025-02-27,23850.0,PE,NIFTY25FEB23850PE,1230.0,1280.6,1230.0,1265.5,1265.0,1235.0,22547.55,1265.5,156900,75,32,60265117.5,23,F1,75,,,,,
2025-02-25,2025-02-25,FO,NSE,IDO,45462,,NIFTY,,2025-03-13,2025-03-13,22400.0,CE,NIFTY2531322400CE,407.0,440.95,374.05,383.8,374.05,439.3,22547.55,383.8,19350,-2625,252,430968645.0,188,F1,75,,,,,
2025-02-25,2025-02-25,FO,NSE,IDO,45472,,NIFTY,,2025-03-13,2025-03-13,22600.0,CE,NIFTY2531322600CE,303.25,310.0,250.0,259.0,254.2,311.6,22547.55,259.0,167625,95925,4916,8434256066.25,3146,F1,75,,,,,
2025-02-25,2025-02-25,FO,NSE,IDO,45476,,NIFTY,,2025-03-13,2025-03-13,22700.0,CE,NIFTY2531322700CE,239.95,251.15,196.0,207.35,196.25,252.95,22547.55,207.35,138750,59175,3407,5856218265.0,2020,F1,75,,,,,
2025-02-25,2025-02-25,FO,NSE,IDO,45504,,NIFTY,,2025-03-13,2025-03-13,23150.0,CE,NIFTY2531323150CE,70.0,77.85,43.05,49.25,43.05,81.75,22547.55,49.25,18825,10500,717,1247863680.0,352,F1,75,,,,,
2025-02-25,2025-02-25,FO,NSE,IDO,45527,,NIFTY,,2025-03-13,2025-03-13,23500.0,CE,NIFTY2531323500CE,22.45,27.95,12.0,13.7,12.1,27.8,22547.55,13.7,205800,15900,8344,14716961077.5,3727,F1,75,,,,,
2025-02-25,2025-02-25,FO,NSE,IDO,68629,,NIFTY,,2025-03-06,2025-03-06,24700.0,CE,NIFTY2530624700CE,2.0,2.85,1.55,1.8,1.8,2.3,22547.55,1.8,26925,10275,641,1187537737.5,246,F1,75,,,,,
2025-02-25,2025-02-25,FO,NSE,IDO,68582,,NIFTY,,2025-03-06,2025-03-06,23700.0,CE,NIFTY2530623700CE,5.4,5.8,2.35,2.85,2.35,5.95,22547.55,2.85,561525,149175,21867,38874308996.25,10196,F1,75,,,,,
2025-02-25,2025-02-25,FO,NSE,IDO,68580,,NIFTY,,2025-03-06,2025-03-06,23650.0,CE,NIFTY2530623650CE,7.85,7.85,2.8,3.1,3.05,6.9,22547.55,3.1,161325,33900,8136,14433623587.5,3902,F1,75,,,,,
2025-02-25,2025-02-25,FO,NSE,IDO,68576,,NIFTY,,2025-03-06,2025-03-06,23550.0,CE,NIFTY2530623550CE,5.7,8.45,3.05,3.6,3.05,8.55,22547.55,3.6,188475,23700,9890,17471709453.75,5708,F1,75,,,,,
2025-02-25,2025-02-25,FO,NSE,IDO,68484,,NIFTY,,2025-03-06,2025-03-06,23400.0,CE,NIFTY2530623400CE,13.85,13.85,1.2,4.85,1.35,13.5,22547.55,4.85,884850,422325,47195,82851009813.75,23476,F1,75,,,,,
2025-02-25,2025-02-25,FO,NSE,IDO,68446,,NIFTY,,2025-03-06,2025-03-06,22500.0,CE,NIFTY2530622500CE,279.95,294.0,230.0,241.8,232.0,290.9,22547.55,241.8,1124550,501075,59259,101148026763.75,36450,F1,75,,,,,
2025-02-25,2025-02-25,FO,NSE,IDO,68432,,NIFTY,,2025-03-06,2025-03-06,22350.0,CE,NIFTY2530622350CE,373.05,403.55,333.5,352.85,340.7,398.6,22547.55,352.85,18825,8700,552,940433842.5,415,F1,75,,,,,
2025-02-25,2025-02-25,FO,NSE,IDO,68421,,NIFTY,,2025-03-06,2025-03-06,22100.0,CE,NIFTY2530622100CE,578.05,612.0,547.0,559.65,550.85,606.25,22547.55,559.65,11775,4950,223,379221821.25,138,F1,75,,,,,
2025-02-25,2025-02-25,FO,NSE,IDO,68382,,NIFTY,,2025-03-06,2025-03-06,21250.0,CE,NIFTY2530621250CE,0.0,0.0,0.0,1630.3,1630.3,1630.3,22547.55,1331.8,75,0,0,0.0,0,F1,75,,,,,
2025-02-25,2025-02-25,FO,NSE,IDO,57699,,NIFTY,,2025-02-27,2025-02-27,26250.0,CE,NIFTY25FEB26250CE,0.95,0.95,0.35,0.5,0.9,0.9,22547.55,0.5,57600,-22050,5207,10251509400.0,1282,F1,75,,,,,
2025-02-25,2025-02-25,FO,NSE,IDO,45554,,NIFTY,,2025-03-13,2025-03-13,24100.0,CE,NIFTY2531324100CE,5.05,5.65,3.45,3.6,3.9,5.45,22547.55,3.6,19425,-3825,506,914741752.5,247,F1,75,,,,,
2025-02-25,2025-02-25,FO,NSE,IDO,45612,,NIFTY,,2025-03-13,2025-03-13,24650.0,CE,NIFTY2531324650CE,0.0,0.0,0.0,3.6,3.6,3.6,22547.55,0.15,1350,0,0,0.0,0,F1,75,,,,,
2025-02-25,2025-02-25,FO,NSE,IDO,45642,,NIFTY,,2025-03-13,2025-03-13,25050.0,CE,NIFTY2531325050CE,1.95,2.2,1.85,2.0,2.05,3.65,22547.55,2.0,1575,1350,28,52609305.0,7,F1,75,,,,,
2025-02-25,2025-02-25,FO,NSE,IDO,45651,,NIFTY,,2025-03-13,2025-03-13,25250.0,CE,NIFTY2531325250CE,2.15,2.15,1.95,1.95,1.95,3.1,22547.55,1.95,1800,825,12,22726785.0,5,F1,75,,,,,
2025-02-25,2025-02-25,FO,NSE,IDO,50149,,NIFTY,,2025-03-20,2025-03-20,22000.0,CE,NIFTY2532022000CE,0.0,0.0,0.0,1266.6,0.0,1266.6,22547.55,717.35,0,0,0,0.0,0,F1,75,,,,,
2025-02-25,2025-02-25,FO,NSE,IDO,50155,,NIFTY,,2025-03-20,2025-03-20,22100.0,CE,NIFTY2532022100CE,0.0,0.0,0.0,1183.4,0.0,1183.4,22547.55,639.6,0,0,0,0.0,0,F1,75,,,,,
2025-02-25,2025-02-25,FO,NSE,IDO,50194,,NIFTY,,2025-03-20,2025-03-20,22550.0,CE,NIFTY2532022550CE,400.55,402.35,356.25,364.45,364.45,403.6,22547.55,364.45,1875,975,38,65347683.75,30,F1,75,,,,,
2025-02-25,2025-02-25,FO,NSE,IDO,50221,,NIFTY,,2025-03-20,2025-03-20,22950.0,CE,NIFTY2532022950CE,178.0,178.0,164.0,164.0,164.0,450.0,22547.55,172.2,75,0,2,3468150.0,2,F1,75,,,,,
2025-02-25,2025-02-25,FO,NSE,IDO,50305,,NIFTY,,2025-03-20,2025-03-20,24550.0,CE,NIFTY2532024550CE,0.0,0.0,0.0,75.0,0.0,75.0,22547.55,1.95,0,0,0,0.0,0,F1,75,,,,,
2025-02-25,2025-02-25,FO,NSE,IDO,50321,,NIFTY,,2025-03-20,2025-03-20,24800.0,CE,NIFTY2532024800CE,5.1,5.35,3.4,3.4,3.4,5.0,22547.55,3.4,5925,525,32,59529795.0,14,F1,75,,,,,
2025-02-25,2025-02-25,FO,NSE,IDO,46822,,NIFTY,,2025-03-27,2025-03-27,20900.0,CE,NIFTY25MAR20900CE,0.0,0.0,0.0,3253.5,0.0,3253.5,22547.55,1763.75,0,0,0,0.0,0,F1,75,,,,,
2025-02-25,2025-02-25,FO,NSE,IDO,46842,,NIFTY,,2025-03-27,2025-03-27,21200.0,CE,NIFTY25MAR21200CE,0.0,0.0,0.0,2973.05,0.0,2973.05,22547.55,1473.6,0,0,0,0.0,0,F1,75,,,,,
2025-02-25,2025-02-25,FO,NSE,IDO,46878,,NIFTY,,2025-03-27,2025-03-27,21450.0,CE,NIFTY25MAR21450CE,0.0,0.0,0.0,2743.75,0.0,2743.75,22547.55,1239.1,0,0,0,0.0,0,F1,75,,,,,
2025-02-25,2025-02-25,FO,NSE,IDO,46974,,NIFTY,,2025-03-27,2025-03-27,22150.0,CE,NIFTY25MAR22150CE,0.0,0.0,0.0,942.0,942.0,942.0,22547.55,656.8,150,0,0,0.0,0,F1,75,,,,,
2025-02-25,2025-02-25,FO,NSE,IDO,48251,,NIFTY,,2025-03-27,2025-03-27,23050.0,CE,NIFTY25MAR23050CE,190.7,205.35,166.35,176.7,166.5,209.65,22547.55,176.7,59400,21675,1138,1983316717.5,721,F1,75,,,,,
2025-02-25,2025-02-25,FO,NSE,IDO,48349,,NIFTY,,2025-03-27,2025-03-27,23150.0,CE,NIFTY25MAR23150CE,159.6,166.8,131.15,139.6,136.65,171.95,22547.55,139.6,92400,18450,752,1314008565.0,487,F1,75,,,,,
2025-02-25,2025-02-25,FO,NSE,IDO,56874,,NIFTY,,2025-03-27,2025-03-27,25250.0,CE,NIFTY25MAR25250CE,5.5,5.5,5.5,5.5,5.5,11.05,22547.55,5.5,3600,0,1,1894162.5,1,F1,75,,,,,
2025-02-25,2025-02-25,FO,NSE,IDO,58782,,NIFTY,,2025-03-27,2025-03-27,25800.0,CE,NIFTY25MAR25800CE,5.55,5.95,3.7,3.9,3.75,5.95,22547.55,3.9,57675,4050,616,1192169021.25,258,F1,75,,,,,
2025-02-25,2025-02-25,FO,NSE,IDO,54580,,NIFTY,,2025-04-03,2025-04-03,22050.0,CE,NIFTY2540322050CE,0.0,0.0,0.0,1174.65,0.0,1174.65,22547.55,780.25,0,0,0,0.0,0,F1,75,,,,,
2025-02-25,2025-02-25,FO,NSE,IDO,54582,,NIFTY,,2025-04-03,2025-04-03,22100.0,CE,NIFTY2540322100CE,0.0,0.0,0.0,1135.35,0.0,1135.35,22547.55,743.6,0,0,0,0.0,0,F1,75,,,,,
2025-02-25,2025-02-25,FO,NSE,IDO,54588,,NIFTY,,2025-04-03,2025-04-03,22250.0,CE,NIFTY2540322250CE,0.0,0.0,0.0,1021.1,0.0,1021.1,22547.55,639.1,0,0,0,0.0,0,F1,75,,,,,
2025-02-25,2025-02-25,FO,NSE,IDO,54636,,NIFTY,,2025-04-03,2025-04-03,22950.0,CE,NIFTY2540322950CE,0.0,0.0,0.0,445.1,445.1,445.1,22547.55,269.5,0,0,0,0.0,0,F1,75,,,,,
2025-02-25,2025-02-25,FO,NSE,IDO,54644,,NIFTY,,2025-04-03,2025-04-03,23100.0,CE,NIFTY2540323100CE,0.0,0.0,0.0,265.0,265.0,265.0,22547.55,216.0,75,0,0,0.0,0,F1,75,,,,,
2025-02-25,2025-02-25,FO,NSE,IDO,54706,,NIFTY,,2025-04-03,2025-04-03,23400.0,CE,NIFTY2540323400CE,118.0,118.0,97.0,97.0,97.0,363.65,22547.55,97.0,75,75,2,3526125.0,2,F1,75,,,,,
2025-02-25,2025-02-25,FO,NSE,IDO,54755,,NIFTY,,2025-04-03,2025-04-03,23700.0,CE,NIFTY2540323700CE,0.0,0.0,0.0,259.0,0.0,259.0,22547.55,77.55,0,0,0,0.0,0,F1,75,,,,,
2025-02-25,2025-02-25,FO,NSE,IDO,54860,,NIFTY,,2025-04-03,2025-04-03,24550.0,CE,NIFTY2540324550CE,0.0,0.0,0.0,83.7,0.0,83.7,22547.55,12.25,0,0,0,0.0,0,F1,75,,,,,
2025-02-25,2025-02-25,FO,NSE,IDO,79221,,NIFTY,,2025-04-24,2025-04-24,20800.0,CE,NIFTY25APR20800CE,0.0,0.0,0.0,2830.2,0.0,2830.2,22547.55,1981.15,0,0,0,0.0,0,F1,75,,,,,
2025-02-25,2025-02-25,FO,NSE,IDO,79268,,NIFTY,,2025-04-24,2025-04-24,21800.0,CE,NIFTY25APR21800CE,0.0,0.0,0.0,1943.8,0.0,1943.8,22547.55,1104.0,0,0,0,0.0,0,F1,75,,,,,
2025-02-25,2025-02-25,FO,NSE,IDO,79283,,NIFTY,,2025-04-24,2025-04-24,22000.0,CE,NIFTY25APR22000CE,1073.0,1079.2,1016.95,1031.25,1016.95,1067.5,22547.55,1031.25,88050,35100,874,1510754051.25,465,F1,75,,,,,
2025-02-25,2025-02-25,FO,NSE,IDO,79295,,NIFTY,,2025-04-24,2025-04-24,22150.0,CE,NIFTY25APR22150CE,0.0,0.0,0.0,1662.6,0.0,1662.6,22547.55,846.65,0,0,0,0.0,0,F1,75,,,,,
2025-02-25,2025-02-25,FO,NSE,IDO,79379,,NIFTY,,2025-04-24,2025-04-24,22250.0,CE,NIFTY25APR22250CE,0.0,0.0,0.0,1585.8,0.0,1585.8,22547.55,779.5,0,0,0,0.0,0,F1,75,,,,,
2025-02-25,2025-02-25,FO,NSE,IDO,79382,,NIFTY,,2025-04-24,2025-04-24,22300.0,CE,NIFTY25APR22300CE,800.3,800.3,800.3,800.3,800.3,862.75,22547.55,800.3,1050,0,1,1732522.5,1,F1,75,,,,,
2025-02-25,2025-02-25,FO,NSE,IDO,79392,,NIFTY,,2025-04-24,2025-04-24,22500.0,CE,NIFTY25APR22500CE,705.4,718.95,664.45,674.55,665.5,711.85,22547.55,674.55,183750,30675,1458,2535562957.5,1193,F1,75,,,,,
2025-02-25,2025-02-25,FO,NSE,IDO,79442,,NIFTY,,2025-04-24,2025-04-24,23250.0,CE,NIFTY25APR23250CE,305.0,307.95,269.2,269.2,269.2,330.0,22547.55,269.2,1725,-375,10,17664671.25,4,F1,75,,,,,
2025-02-25,2025-02-25,FO,NSE,IDO,79501,,NIFTY,,2025-04-24,2025-04-24,23500.0,CE,NIFTY25APR23500CE,216.0,216.85,182.25,187.55,183.6,218.05,22547.55,187.55,302325,60300,6613,11753852568.75,3978,F1,75,,,,,
2025-02-25,2025-02-25,FO,NSE,IDO,79505,,NIFTY,,2025-04-24,2025-04-24,23600.0,CE,NIFTY25APR23600CE,198.05,198.1,153.8,157.65,153.8,183.6,22547.55,157.65,42450,1200,619,1103326053.75,230,F1,75,,,,,
2025-02-25,2025-02-25,FO,NSE,IDO,57679,,NIFTY,,2025-02-27,2025-02-27,25900.0,CE,NIFTY25FEB25900CE,0.8,1.2,0.45,0.55,0.5,1.0,22547.55,0.55,73050,-53850,7752,15058617870.0,2034,F1,75,,,,,
2025-02-25,2025-02-25,FO,NSE,IDO,57659,,NIFTY,,2025-02-27,2025-02-27,25400.0,CE,NIFTY25FEB25400CE,0.9,0.9,0.3,0.45,0.3,1.0,22547.55,0.45,92625,-63075,11609,22115707998.75,3294,F1,75,,,,,
2025-02-25,2025-02-25,FO,NSE,IDO,57657,,NIFTY,,2025-02-27,2025-02-27,25350.0,CE,NIFTY25FEB25350CE,1.0,1.4,0.35,0.5,0.35,1.0,22547.55,0.5,39825,-4800,1446,2749275015.0,655,F1,75,,,,,
2025-02-25,2025-02-25,FO,NSE,IDO,57635,,NIFTY,,2025-02-27,2025-02-27,24850.0,CE,NIFTY25FEB24850CE,0.95,1.6,0.3,0.55,0.4,1.05,22547.55,0.55,127725,-73425,16220,30230885156.25,4770,F1,75,,,,,
2025-02-25,2025-02-25,FO,NSE,IDO,57613,,NIFTY,,2025-02-27,2025-02-27,24300.0,CE,NIFTY25FEB24300CE,1.0,1.65,0.6,0.75,0.65,1.2,22547.55,0.75,973050,-1155225,104884,191157612056.25,18562,F1,75,,,,,
2025-02-25,2025-02-25,FO,NSE,IDO,57591,,NIFTY,,2025-02-27,2025-02-27,23750.0,CE,NIFTY25FEB23750CE,1.5,1.95,0.65,0.95,1.5,1.8,22547.55,0.95,533400,-1002825,87717,156254829390.0,19195,F1,75,,,,,
2025-02-25,2025-02-25,FO,NSE,IDO,55637,,NIFTY,,2025-02-27,2025-02-27,22950.0,CE,NIFTY25FEB22950CE,13.2,13.25,2.8,3.45,3.1,14.15,22547.55,3.45,4100325,994500,817564,1407563688026.25,162534,F1,75,,,,,
2025-02-25,2025-02-25,FO,NSE,IDO,55589,,NIFTY,,2025-02-27,2025-02-27,21750.0,CE,NIFTY25FEB21750CE,0.0,0.0,0.0,1286.5,1290.3,1286.5,22547.55,805.3,150,0,0,0.0,0,F1,75,,,,,
2025-02-25,2025-02-25,FO,NSE,IDO,55557,,NIFTY,,2025-02-27,2025-02-27,21050.0,CE,NIFTY25FEB21050CE,0.0,0.0,0.0,3271.7,0.0,3271.7,22547.55,1505.05,0,0,0,0.0,0,F1,75,,,,,
2025-02-25,2025-02-25,FO,NSE,IDO,79515,,NIFTY,,2025-04-24,2025-04-24,23850.0,CE,NIFTY25APR23850CE,108.45,108.45,101.3,101.3,101.3,149.65,22547.55,130.4,1425,0,2,3593231.25,2,F1,75,,,,,
2025-02-25,2025-02-25,FO,NSE,IDO,79638,,NIFTY,,2025-04-24,2025-04-24,24450.0,CE,NIFTY25APR24450CE,34.9,36.55,33.75,33.75,33.75,100.75,22547.55,33.75,1650,1575,31,56929706.25,7,F1,75,,,,,
2025-02-25,2025-02-25,FO,NSE,IDO,79687,,NIFTY,,2025-04-24,2025-04-24,24900.0,CE,NIFTY25APR24900CE,25.0,25.0,20.0,20.0,20.0,24.65,22547.55,23.9,3300,600,10,18690375.0,4,F1,75,,,,,
2025-02-25,2025-02-25,FO,NSE,IDO,58618,,NIFTY,,2025-06-26,2025-06-26,22000.0,CE,NIFTY25JUN22000CE,1374.25,1410.5,1349.7,1365.6,1358.0,1402.1,22547.55,1365.6,215775,27825,890,1560314253.75,789,F1,75,,,,,
2025-02-25,2025-02-25,FO,NSE,IDO,39987,,NIFTY,,2025-12-24,2025-12-24,19000.0,CE,NIFTY25DEC19000CE,0.0,0.0,0.0,4650.0,4650.0,4650.0,22547.55,4571.95,6725,0,0,0.0,0,F1,75,,,,,
2025-02-25,2025-02-25,FO,NSE,IDO,71472,,NIFTY,,2026-06-25,2026-06-25,24000.0,CE,NIFTY26JUN24000CE,0.0,0.0,0.0,1750.0,1750.0,1750.0,22547.55,1642.1,600,0,0,0.0,0,F1,75,,,,,
2025-02-25,2025-02-25,FO,NSE,IDO,53631,,NIFTY,,2027-12-30,2027-12-30,27000.0,CE,NIFTY27DEC27000CE,0.0,0.0,0.0,2889.8,0.0,2889.8,22547.55,2057.35,0,0,0,0.0,0,F1,75,,,,,
2025-02-25,2025-02-25,FO,NSE,IDO,86153,,NIFTY,,2028-06-29,2028-06-29,25000.0,CE,NIFTY28JUN25000CE,0.0,0.0,0.0,3545.15,0.0,3545.15,22547.55,3497.0,0,0,0,0.0,0,F1,75,,,,,
2025-02-25,2025-02-25,FO,NSE,IDO,67774,,NIFTY,,2028-12-28,2028-12-28,20000.0,CE,NIFTY28DEC20000CE,0.0,0.0,0.0,8115.5,0.0,8115.5,22547.55,7136.25,0,0,0,0.0,0,F1,75,,,,,
2025-02-25,2025-02-25,FO,NSE,IDO,67778,,NIFTY,,2028-12-28,2028-12-28,22000.0,CE,NIFTY28DEC22000CE,0.0,0.0,0.0,6932.45,0.0,6932.45,22547.55,5790.1,0,0,0,0.0,0,F1,75,,,,,
2025-02-25,2025-02-25,FO,NSE,IDO,55624,,NIFTY,,2025-02-27,2025-02-27,22600.0,PE,NIFTY25FEB22600PE,102.95,106.45,39.5,63.1,69.0,92.8,22547.55,63.1,10877475,2399100,2914504,4954031575946.25,1540394,F1,75,,,,,
2025-02-25,2025-02-25,FO,NSE,IDO,55634,,NIFTY,,2025-02-27,2025-02-27,22850.0,PE,NIFTY25FEB22850PE,255.05,295.0,220.0,273.4,286.95,258.25,22547.55,273.4,555675,-108525,36016,62423663617.5,25634,F1,75,,,,,
2025-02-25,2025-02-25,FO,NSE,IDO,55652,,NIFTY,,2025-02-27,2025-02-27,23300.0,PE,NIFTY25FEB23300PE,712.85,740.3,659.65,723.55,735.3,688.6,22547.55,723.55,882225,-127425,5827,10489930481.25,4310,F1,75,,,,,
2025-02-25,2025-02-25,FO,NSE,IDO,55654,,NIFTY,,2025-02-27,2025-02-27,23350.0,PE,NIFTY25FEB23350PE,777.95,790.35,715.0,781.5,790.35,736.0,22547.55,781.5,75525,-12600,360,650849977.5,215,F1,75,,,,,
2025-02-25,2025-02-25,FO,NSE,IDO,57608,,NIFTY,,2025-02-27,2025-02-27,24150.0,PE,NIFTY25FEB24150PE,1540.0,1541.3,1540.0,1541.3,1541.3,1545.1,22547.55,1593.85,135150,-75,2,3853597.5,2,F1,75,,,,,
2025-02-25,2025-02-25,FO,NSE,IDO,57636,,NIFTY,,2025-02-27,2025-02-27,24850.0,PE,NIFTY25FEB24850PE,0.0,0.0,0.0,1846.4,1846.4,1846.4,22547.55,2293.6,75,0,0,0.0,0,F1,75,,,,,
2025-02-25,2025-02-25,FO,NSE,IDO,57648,,NIFTY,,2025-02-27,2025-02-27,25100.0,PE,NIFTY25FEB25100PE,2490.2,2528.0,2490.2,2495.0,2495.0,2482.0,22547.55,2543.5,6000,-2025,40,82826527.5,19,F1,75,,,,,
2025-02-25,2025-02-25,FO,NSE,IDO,57676,,NIFTY,,2025-02-27,2025-02-27,25800.0,PE,NIFTY25FEB25800PE,3187.45,3243.65,3167.55,3219.1,3243.65,3186.8,22547.55,3219.1,8625,-11175,206,448085148.75,146,F1,75,,,,,
2025-02-25,2025-02-25,FO,NSE,IDO,57703,,NIFTY,,2025-02-27,2025-02-27,26300.0,PE,NIFTY25FEB26300PE,3756.9,3756.9,3699.95,3699.95,3699.95,3816.05,22547.55,3743.1,7125,-75,3,6754342.5,3,F1,75,,,,,
2025-02-25,2025-02-25,FO,NSE,IDO,68365,,NIFTY,,2025-03-06,2025-03-06,20850.0,PE,NIFTY2530620850PE,4.3,4.5,2.1,3.1,3.8,7.95,22547.55,3.1,59025,59025,1617,2528936415.0,578,F1,75,,,,,
2025-02-25,2025-02-25,FO,NSE,IDO,68383,,NIFTY,,2025-03-06,2025-03-06,21250.0,PE,NIFTY2530621250PE,4.85,5.2,3.15,4.35,5.2,4.8,22547.55,4.35,32700,14100,1154,1839541387.5,697,F1,75,,,,,
2025-02-25,2025-02-25,FO,NSE,IDO,68404,,NIFTY,,2025-03-06,2025-03-06,21700.0,PE,NIFTY2530621700PE,14.5,14.5,7.35,10.45,12.6,13.1,22547.55,10.45,1073775,750150,35450,57719250701.25,16657,F1,75,,,,,
2025-02-25,2025-02-25,FO,NSE,IDO,68479,,NIFTY,,2025-03-06,2025-03-06,23250.0,PE,NIFTY2530623250PE,632.45,638.3,592.85,622.7,637.0,610.0,22547.55,622.7,22950,150,43,76969417.5,34,F1,75,,,,,
2025-02-25,2025-02-25,FO,NSE,IDO,68601,,NIFTY,,2025-03-06,2025-03-06,24150.0,PE,NIFTY2530624150PE,1525.4,1525.4,1488.05,1488.05,1488.05,1489.05,22547.55,1563.85,1200,75,3,5772828.75,3,F1,75,,,,,
2025-02-25,2025-02-25,FO,NSE,IDO,68611,,NIFTY,,2025-03-06,2025-03-06,24300.0,PE,NIFTY2530624300PE,1633.3,1678.8,1608.8,1660.9,1678.8,1626.7,22547.55,1660.9,23850,21150,299,582026621.25,99,F1,75,,,,,
2025-02-25,2025-02-25,FO,NSE,IDO,68636,,NIFTY,,2025-03-06,2025-03-06,24850.0,PE,NIFTY2530624850PE,0.0,0.0,0.0,1969.55,1969.55,1969.55,22547.55,2262.65,450,0,0,0.0,0,F1,75,,,,,
2025-02-25,2025-02-25,FO,NSE,IDO,68723,,NIFTY,,2025-03-06,2025-03-06,25300.0,PE,NIFTY2530625300PE,2660.0,2660.0,2640.0,2640.0,2640.0,2406.6,22547.55,2711.95,450,300,4,8386350.0,4,F1,75,,,,,
2025-02-25,2025-02-25,FO,NSE,IDO,45457,,NIFTY,,2025-03-13,2025-03-13,22250.0,PE,NIFTY2531322250PE,112.55,112.55,86.25,96.35,102.1,112.45,22547.55,96.35,8700,2925,192,321765675.0,102,F1,75,,,,,
2025-02-25,2025-02-25,FO,NSE,IDO,45475,,NIFTY,,2025-03-13,2025-03-13,22650.0,PE,NIFTY2531322650PE,254.35,254.35,206.7,223.0,232.25,243.55,22547.55,223.0,27000,17925,791,1356925811.25,481,F1,75,,,,,
2025-02-25,2025-02-25,FO,NSE,IDO,45481,,NIFTY,,2025-03-13,2025-03-13,22800.0,PE,NIFTY2531322800PE,325.05,335.75,276.4,298.2,303.0,316.55,22547.55,298.2,52275,7425,991,1716467696.25,596,F1,75,,,,,
2025-02-25,2025-02-25,FO,NSE,IDO,45520,,NIFTY,,2025-03-13,2025-03-13,23300.0,PE,NIFTY2531323300PE,731.7,731.7,626.3,669.5,674.7,657.5,22547.55,669.5,4125,-1575,82,147346327.5,36,F1,75,,,,,
2025-02-25,2025-02-25,FO,NSE,IDO,54629,,NIFTY,,2025-04-03,2025-04-03,22800.0,CE,NIFTY2540322800CE,359.55,359.55,327.4,327.4,327.4,655.65,22547.55,327.4,225,225,3,5206076.25,2,F1,75,,,,,
2025-02-25,2025-02-25,FO,NSE,IDO,54757,,NIFTY,,2025-04-03,2025-04-03,23750.0,CE,NIFTY2540323750CE,0.0,0.0,0.0,244.0,0.0,244.0,22547.55,70.45,0,0,0,0.0,0,F1,75,,,,,
2025-02-25,2025-02-25,FO,NSE,IDO,79223,,NIFTY,,2025-04-24,2025-04-24,20850.0,CE,NIFTY25APR20850CE,0.0,0.0,0.0,2783.7,0.0,2783.7,22547.55,1934.0,0,0,0,0.0,0,F1,75,,,,,
2025-02-25,2025-02-25,FO,NSE,IDO,79237,,NIFTY,,2025-04-24,2025-04-24,21200.0,CE,NIFTY25APR21200CE,0.0,0.0,0.0,2463.8,0.0,2463.8,22547.55,1611.45,0,0,0,0.0,0,F1,75,,,,,
2025-02-25,2025-02-25,FO,NSE,IDO,79424,,NIFTY,,2025-04-24,2025-04-24,22950.0,CE,NIFTY25APR22950CE,419.5,439.25,415.4,415.75,415.65,452.9,22547.55,415.75,1875,225,18,31546965.0,9,F1,75,,,,,
2025-02-25,2025-02-25,FO,NSE,IDO,79438,,NIFTY,,2025-04-24,2025-04-24,23150.0,CE,NIFTY25APR23150CE,345.0,353.45,317.2,317.2,317.2,385.0,22547.55,319.35,1050,225,17,29942722.5,15,F1,75,,,,,
2025-02-25,2025-02-25,FO,NSE,IDO,79640,,NIFTY,,2025-04-24,2025-04-24,24500.0,CE,NIFTY25APR24500CE,41.15,41.15,28.95,30.3,29.4,41.55,22547.55,30.3,313575,51525,5995,11030673663.75,3575,F1,75,,,,,
2025-02-25,2025-02-25,FO,NSE,IDO,79729,,NIFTY,,2025-04-24,2025-04-24,25100.0,CE,NIFTY25APR25100CE,22.0,22.0,16.7,16.75,16.75,20.95,22547.55,16.75,5925,2175,53,99846618.75,21,F1,75,,,,,
2025-02-25,2025-02-25,FO,NSE,IDO,79731,,NIFTY,,2025-04-24,2025-04-24,25150.0,CE,NIFTY25APR25150CE,17.0,17.0,13.2,13.2,13.2,40.0,22547.55,15.0,825,-75,2,3774765.0,2,F1,75,,,,,
2025-02-25,2025-02-25,FO,NSE,IDO,50537,,NIFTY,,2025-06-26,2025-06-26,28000.0,CE,NIFTY25JUN28000CE,19.0,19.0,15.55,16.05,15.7,18.5,22547.55,16.05,241800,-150,115,241641813.75,65,F1,75,,,,,
2025-02-25,2025-02-25,FO,NSE,IDO,45873,,NIFTY,,2025-12-24,2025-12-24,17000.0,CE,NIFTY25DEC17000CE,0.0,0.0,0.0,7010.0,7010.0,7010.0,22547.55,6439.5,700,0,0,0.0,0,F1,75,,,,,
2025-02-25,2025-02-25,FO,NSE,IDO,37806,,NIFTY,,2026-12-31,2026-12-31,23000.0,CE,NIFTY26DEC23000CE,3000.0,3000.0,3000.0,3000.0,3000.0,3560.0,22547.55,3000.0,1100,0,2,3900000.0,2,F1,75,,,,,
2025-02-25,2025-02-25,FO,NSE,IDO,38158,,NIFTY,,2026-12-31,2026-12-31,29000.0,CE,NIFTY26DEC29000CE,0.0,0.0,0.0,1205.35,0.0,1205.35,22547.55,588.55,0,0,0,0.0,0,F1,75,,,,,
2025-02-25,2025-02-25,FO,NSE,IDO,71549,,NIFTY,,2027-06-24,2027-06-24,19000.0,CE,NIFTY27JUN19000CE,0.0,0.0,0.0,7800.0,7800.0,7800.0,22547.55,6305.15,75,0,0,0.0,0,F1,75,,,,,
2025-02-25,2025-02-25,FO,NSE,IDO,71560,,NIFTY,,2027-06-24,2027-06-24,24000.0,CE,NIFTY27JUN24000CE,0.0,0.0,0.0,2299.55,0.0,2299.55,22547.55,2862.35,0,0,0,0.0,0,F1,75,,,,,
2025-02-25,2025-02-25,FO,NSE,IDO,86149,,NIFTY,,2028-06-29,2028-06-29,23000.0,CE,NIFTY28JUN23000CE,0.0,0.0,0.0,4323.1,0.0,4323.1,22547.55,4618.5,0,0,0,0.0,0,F1,75,,,,,
2025-02-25,2025-02-25,FO,NSE,IDO,86161,,NIFTY,,2028-06-29,2028-06-29,26000.0,CE,NIFTY28JUN26000CE,0.0,0.0,0.0,3200.9,0.0,3200.9,22547.55,3009.95,0,0,0,0.0,0,F1,75,,,,,
2025-02-25,2025-02-25,FO,NSE,IDO,86165,,NIFTY,,2028-06-29,2028-06-29,28000.0,CE,NIFTY28JUN28000CE,0.0,0.0,0.0,2596.45,0.0,2596.45,22547.55,2184.6,0,0,0,0.0,0,F1,75,,,,,
2025-02-25,2025-02-25,FO,NSE,IDO,67776,,NIFTY,,2028-12-28,2028-12-28,21000.0,CE,NIFTY28DEC21000CE,0.0,0.0,0.0,7512.5,0.0,7512.5,22547.55,6447.75,0,0,0,0.0,0,F1,75,,,,,
2025-02-25,2025-02-25,FO,NSE,IDO,61744,,NIFTY,,2029-12-27,2029-12-27,22000.0,CE,NIFTY29DEC22000CE,0.0,0.0,0.0,8865.25,0.0,8865.25,22547.55,6819.0,0,0,0,0.0,0,F1,75,,,,,
2025-02-25,2025-02-25,FO,NSE,IDO,61746,,NIFTY,,2029-12-27,2029-12-27,23000.0,CE,NIFTY29DEC23000CE,0.0,0.0,0.0,8286.75,0.0,8286.75,22547.55,6216.05,0,0,0,0.0,0,F1,75,,,,,
2025-02-25,2025-02-25,FO,NSE,IDO,61778,,NIFTY,,2029-12-27,2029-12-27,26000.0,CE,NIFTY29DEC26000CE,0.0,0.0,0.0,6686.95,0.0,6686.95,22547.55,4594.55,0,0,0,0.0,0,F1,75,,,,,
2025-02-25,2025-02-25,FO,NSE,IDO,55304,,NIFTY,,2025-02-27,2025-02-27,20800.0,PE,NIFTY25FEB20800PE,1.5,1.5,0.3,0.35,0.4,19.15,22547.55,0.35,992400,992400,228278,356122874178.75,42707,F1,75,,,,,
2025-02-25,2025-02-25,FO,NSE,IDO,55310,,NIFTY,,2025-02-27,2025-02-27,20900.0,PE,NIFTY25FEB20900PE,0.65,1.0,0.3,0.45,0.3,22.3,22547.55,0.45,85275,85275,27040,42386679378.75,9375,F1,75,,,,,
2025-02-25,2025-02-25,FO,NSE,IDO,55568,,NIFTY,,2025-02-27,2025-02-27,21300.0,PE,NIFTY25FEB21300PE,1.3,1.9,0.75,0.95,1.0,1.3,22547.55,0.95,2352375,-253950,112512,179747176278.75,26031,F1,75,,,,,
2025-02-25,2025-02-25,FO,NSE,IDO,55604,,NIFTY,,2025-02-27,2025-02-27,22100.0,PE,NIFTY25FEB22100PE,7.35,8.3,2.85,3.4,3.55,7.4,22547.55,3.4,3154650,282825,533877,885059470642.5,119413,F1,75,,,,,
2025-02-25,2025-02-25,FO,NSE,IDO,57602,,NIFTY,,2025-02-27,2025-02-27,24000.0,PE,NIFTY25FEB24000PE,1395.75,1439.4,1358.0,1418.8,1435.0,1385.65,22547.55,1418.8,1043475,-226575,4178,7960033143.75,2988,F1,75,,,,,
2025-02-25,2025-02-25,FO,NSE,IDO,57624,,NIFTY,,2025-02-27,2025-02-27,24550.0,PE,NIFTY25FEB24550PE,0.0,0.0,0.0,1963.3,1963.3,1963.3,22547.55,1993.7,4350,0,0,0.0,0,F1,75,,,,,
2025-02-25,2025-02-25,FO,NSE,IDO,57630,,NIFTY,,2025-02-27,2025-02-27,24700.0,PE,NIFTY25FEB24700PE,2100.1,2135.6,2082.0,2121.35,2135.6,2082.7,22547.55,2121.35,37275,-3000,43,86443972.5,34,F1,75,,,,,
2025-02-25,2025-02-25,FO,NSE,IDO,57650,,NIFTY,,2025-02-27,2025-02-27,25150.0,PE,NIFTY25FEB25150PE,0.0,0.0,0.0,2116.0,2116.0,2116.0,22547.55,2593.5,225,0,0,0.0,0,F1,75,,,,,
2025-02-25,2025-02-25,FO,NSE,IDO,57674,,NIFTY,,2025-02-27,2025-02-27,25750.0,PE,NIFTY25FEB25750PE,0.0,0.0,0.0,2703.85,2703.65,2703.85,22547.55,3193.3,375,0,0,0.0,0,F1,75,,,,,
2025-02-25,2025-02-25,FO,NSE,IDO,57682,,NIFTY,,2025-02-27,2025-02-27,25950.0,PE,NIFTY25FEB25950PE,0.0,0.0,0.0,3340.0,3340.0,3340.0,22547.55,3393.2,225,0,0,0.0,0,F1,75,,,,,
2025-02-25,2025-02-25,FO,NSE,IDO,57684,,NIFTY,,2025-02-27,2025-02-27,26000.0,PE,NIFTY25FEB26000PE,3422.1,3443.4,3360.0,3418.8,3440.0,3388.35,22547.55,3418.8,310125,-312000,4518,9964977611.25,4121,F1,75,,,,,
2025-02-25,2025-02-25,FO,NSE,IDO,68396,,NIFTY,,2025-03-06,2025-03-06,21500.0,PE,NIFTY2530621500PE,15.0,15.0,5.1,7.3,8.15,8.25,22547.55,7.3,1531050,640500,46882,75618655627.5,16619,F1,75,,,,,
2025-02-25,2025-02-25,FO,NSE,IDO,68402,,NIFTY,,2025-03-06,2025-03-06,21650.0,PE,NIFTY2530621650PE,12.0,12.0,6.65,9.45,11.0,11.5,22547.55,9.45,114825,66375,4557,7402261278.75,2173,F1,75,,,,,
2025-02-25,2025-02-25,FO,NSE,IDO,68412,,NIFTY,,2025-03-06,2025-03-06,21850.0,PE,NIFTY2530621850PE,20.05,20.4,11.25,15.95,19.95,20.05,22547.55,15.95,204825,146700,7148,11721795735.0,3734,F1,75,,,,,
2025-02-25,2025-02-25,FO,NSE,IDO,68416,,NIFTY,,2025-03-06,2025-03-06,21950.0,PE,NIFTY2530621950PE,27.5,27.95,15.5,21.2,24.45,27.2,22547.55,21.2,145875,88575,11041,18192552915.0,6569,F1,75,,,,,
2025-02-25,2025-02-25,FO,NSE,IDO,68427,,NIFTY,,2025-03-06,2025-03-06,22200.0,PE,NIFTY2530622200PE,60.15,60.15,35.1,44.2,47.2,56.35,22547.55,44.2,808125,351000,40436,67458347700.0,23345,F1,75,,,,,
2025-02-25,2025-02-25,FO,NSE,IDO,68469,,NIFTY,,2025-03-06,2025-03-06,23000.0,PE,NIFTY2530623000PE,416.85,434.05,366.25,402.6,411.0,399.5,22547.55,402.6,1226850,-8475,12230,21459025286.25,7761,F1,75,,,,,
2025-02-25,2025-02-25,FO,NSE,IDO,68599,,NIFTY,,2025-03-06,2025-03-06,24100.0,PE,NIFTY2530624100PE,1445.0,1461.2,1429.5,1443.0,1443.0,1411.0,22547.55,1514.0,4050,3300,46,88122978.75,24,F1,75,,,,,
2025-02-25,2025-02-25,FO,NSE,IDO,68603,,NIFTY,,2025-03-06,2025-03-06,24200.0,PE,NIFTY2530624200PE,1574.7,1577.35,1525.0,1564.5,1577.35,1505.0,22547.55,1564.5,55050,53475,740,1429270023.75,290,F1,75,,,,,
2025-02-25,2025-02-25,FO,NSE,IDO,68632,,NIFTY,,2025-03-06,2025-03-06,24750.0,PE,NIFTY2530624750PE,0.0,0.0,0.0,1869.15,1869.15,1869.15,22547.55,2162.8,675,0,0,0.0,0,F1,75,,,,,
2025-02-25,2025-02-25,FO,NSE,IDO,68869,,NIFTY,,2025-03-06,2025-03-06,25400.0,PE,NIFTY2530625400PE,0.0,0.0,0.0,2506.45,2506.45,2506.45,22547.55,2811.75,150,0,0,0.0,0,F1,75,,,,,
2025-02-25,2025-02-25,FO,NSE,IDO,45393,,NIFTY,,2025-03-13,2025-03-13,21050.0,PE,NIFTY2531321050PE,0.0,0.0,0.0,2.85,0.0,2.85,22547.55,0.95,0,0,0,0.0,0,F1,75,,,,,
2025-02-25,2025-02-25,FO,NSE,IDO,45395,,NIFTY,,2025-03-13,2025-03-13,21100.0,PE,NIFTY2531321100PE,7.05,8.3,5.6,6.6,7.65,9.25,22547.55,6.6,20550,12900,453,717097016.25,168,F1,75,,,,,
2025-02-25,2025-02-25,FO,NSE,IDO,45399,,NIFTY,,2025-03-13,2025-03-13,21200.0,PE,NIFTY2531321200PE,9.45,9.75,7.25,8.5,8.8,9.95,22547.55,8.5,67275,6975,649,1032306675.0,223,F1,75,,,,,
2025-02-25,2025-02-25,FO,NSE,IDO,45411,,NIFTY,,2025-03-13,2025-03-13,21400.0,PE,NIFTY2531321400PE,15.2,16.15,10.9,13.65,14.05,15.2,22547.55,13.65,25650,16650,532,854356882.5,328,F1,75,,,,,
2025-02-25,2025-02-25,FO,NSE,IDO,45459,,NIFTY,,2025-03-13,2025-03-13,22300.0,PE,NIFTY2531322300PE,124.85,132.2,95.8,108.55,110.3,123.75,22547.55,108.55,67125,18300,2704,4544434946.25,1990,F1,75,,,,,
2025-02-25,2025-02-25,FO,NSE,IDO,45503,,NIFTY,,2025-03-13,2025-03-13,23100.0,PE,NIFTY2531323100PE,503.9,531.25,475.0,513.85,517.55,500.85,22547.55,513.85,10350,-600,73,129242167.5,23,F1,75,,,,,
2025-02-25,2025-02-25,FO,NSE,IDO,45526,,NIFTY,,2025-03-13,2025-03-13,23450.0,PE,NIFTY2531323450PE,0.0,0.0,0.0,624.1,624.1,624.1,22547.55,864.2,75,0,0,0.0,0,F1,75,,,,,
2025-02-25,2025-02-25,FO,NSE,IDO,45585,,NIFTY,,2025-03-13,2025-03-13,24250.0,PE,NIFTY2531324250PE,1575.0,1580.2,1561.05,1580.2,1580.2,1338.8,22547.55,1580.2,2925,2850,40,77474343.75,7,F1,75,,,,,
2025-02-25,2025-02-25,FO,NSE,IDO,45620,,NIFTY,,2025-03-13,2025-03-13,24800.0,PE,NIFTY2531324800PE,2120.0,2120.0,2120.0,2120.0,2120.0,1883.3,22547.55,2181.95,1125,975,15,30285000.0,2,F1,75,,,,,
2025-02-25,2025-02-25,FO,NSE,IDO,45654,,NIFTY,,2025-03-13,2025-03-13,25300.0,PE,NIFTY2531325300PE,0.0,0.0,0.0,2377.95,2377.95,2377.95,22547.55,2680.45,75,0,0,0.0,0,F1,75,,,,,
2025-02-25,2025-02-25,FO,NSE,IDO,45661,,NIFTY,,2025-03-13,2025-03-13,25350.0,PE,NIFTY2531325350PE,0.0,0.0,0.0,2428.1,2428.1,2428.1,22547.55,2730.35,75,0,0,0.0,0,F1,75,,,,,
2025-02-25,2025-02-25,FO,NSE,IDO,50094,,NIFTY,,2025-03-20,2025-03-20,21050.0,PE,NIFTY2532021050PE,0.0,0.0,0.0,10.95,0.0,10.95,22547.55,3.7,0,0,0,0.0,0,F1,75,,,,,
2025-02-25,2025-02-25,FO,NSE,IDO,50180,,NIFTY,,2025-03-20,2025-03-20,22350.0,PE,NIFTY2532022350PE,0.0,0.0,0.0,150.9,0.0,150.9,22547.55,175.35,0,0,0,0.0,0,F1,75,,,,,
2025-02-25,2025-02-25,FO,NSE,IDO,50202,,NIFTY,,2025-03-20,2025-03-20,22650.0,PE,NIFTY2532022650PE,268.1,268.1,268.1,268.1,268.1,234.5,22547.55,304.75,75,75,1,1718857.5,1,F1,75,,,,,
2025-02-25,2025-02-25,FO,NSE,IDO,50224,,NIFTY,,2025-03-20,2025-03-20,23000.0,PE,NIFTY2532023000PE,450.0,450.75,432.5,437.5,450.75,455.15,22547.55,437.5,3675,675,27,47461927.5,8,F1,75,,,,,
2025-02-25,2025-02-25,FO,NSE,IDO,50232,,NIFTY,,2025-03-20,2025-03-20,23200.0,PE,NIFTY2532023200PE,0.0,0.0,0.0,463.25,0.0,463.25,22547.55,660.3,0,0,0,0.0,0,F1,75,,,,,
2025-02-25,2025-02-25,FO,NSE,IDO,50260,,NIFTY,,2025-03-20,2025-03-20,23800.0,PE,NIFTY2532023800PE,0.0,0.0,0.0,828.45,0.0,828.45,22547.55,1177.75,0,0,0,0.0,0,F1,75,,,,,
2025-02-25,2025-02-25,FO,NSE,IDO,50306,,NIFTY,,2025-03-20,2025-03-20,24550.0,PE,NIFTY2532024550PE,0.0,0.0,0.0,1424.9,0.0,1424.9,22547.55,1904.05,0,0,0,0.0,0,F1,75,,,,,
2025-02-25,2025-02-25,FO,NSE,IDO,50312,,NIFTY,,2025-03-20,2025-03-20,24700.0,PE,NIFTY2532024700PE,0.0,0.0,0.0,1557.45,0.0,1557.45,22547.55,2052.6,0,0,0,0.0,0,F1,75,,,,,
2025-02-25,2025-02-25,FO,NSE,IDO,46909,,NIFTY,,2025-03-27,2025-03-27,21750.0,PE,NIFTY25MAR21750PE,79.0,79.0,65.8,71.3,73.7,78.05,22547.55,71.3,24150,-4425,407,666075858.75,192,F1,75,,,,,
2025-02-25,2025-02-25,FO,NSE,IDO,46943,,NIFTY,,2025-03-27,2025-03-27,21950.0,PE,NIFTY25MAR21950PE,107.0,110.95,93.95,98.85,105.0,106.85,22547.55,98.85,26550,-2925,687,1136191286.25,369,F1,75,,,,,
2025-02-25,2025-02-25,FO,NSE,IDO,47015,,NIFTY,,2025-03-27,2025-03-27,22550.0,PE,NIFTY25MAR22550PE,274.85,280.15,245.4,262.7,266.0,268.15,22547.55,262.7,106950,27675,1949,3334402826.25,1218,F1,75,,,,,
2025-02-25,2025-02-25,FO,NSE,IDO,47021,,NIFTY,,2025-03-27,2025-03-27,22600.0,PE,NIFTY25MAR22600PE,264.4,302.05,263.85,282.25,290.0,288.15,22547.55,282.25,1073175,246750,14928,25614371313.75,10123,F1,75,,,,,
2025-02-25,2025-02-25,FO,NSE,IDO,48348,,NIFTY,,2025-03-27,2025-03-27,23100.0,PE,NIFTY25MAR23100PE,555.0,560.5,508.4,540.45,551.15,541.25,22547.55,540.45,264975,73875,3001,5318915077.5,2146,F1,75,,,,,
2025-02-25,2025-02-25,FO,NSE,IDO,51460,,NIFTY,,2025-03-27,2025-03-27,23550.0,PE,NIFTY25MAR23550PE,863.9,889.65,854.0,879.9,888.5,861.45,22547.55,879.9,25500,-225,29,53103671.25,29,F1,75,,,,,
2025-02-25,2025-02-25,FO,NSE,IDO,53979,,NIFTY,,2025-03-27,2025-03-27,23800.0,PE,NIFTY25MAR23800PE,1130.0,1130.0,1064.0,1097.65,1108.25,1077.05,22547.55,1097.65,101400,35550,1100,2053827971.25,499,F1,75,,,,,
2025-02-25,2025-02-25,FO,NSE,IDO,55345,,NIFTY,,2025-03-27,2025-03-27,24450.0,PE,NIFTY25MAR24450PE,1680.0,1680.0,1680.0,1680.0,1680.0,1680.0,22547.55,1780.0,10725,0,1,1959750.0,1,F1,75,,,,,
2025-02-25,2025-02-25,FO,NSE,IDO,56529,,NIFTY,,2025-03-27,2025-03-27,24600.0,PE,NIFTY25MAR24600PE,1840.0,1889.45,1840.0,1872.45,1889.45,1835.6,22547.55,1872.45,40800,16125,223,442468462.5,199,F1,75,,,,,
2025-02-25,2025-02-25,FO,NSE,IDO,56543,,NIFTY,,2025-03-27,2025-03-27,24700.0,PE,NIFTY25MAR24700PE,1940.0,1981.0,1925.9,1974.4,1980.0,1954.0,22547.55,1974.4,20400,13575,193,385984886.25,190,F1,75,,,,,
2025-02-25,2025-02-25,FO,NSE,IDO,56545,,NIFTY,,2025-03-27,2025-03-27,24750.0,PE,NIFTY25MAR24750PE,0.0,0.0,0.0,1526.5,1526.5,1526.5,22547.55,2073.8,225,0,0,0.0,0,F1,75,,,,,
2025-02-25,2025-02-25,FO,NSE,IDO,56871,,NIFTY,,2025-03-27,2025-03-27,25150.0,PE,NIFTY25MAR25150PE,0.0,0.0,0.0,1346.45,0.0,1346.45,22547.55,2469.3,0,0,0,0.0,0,F1,75,,,,,
2025-02-25,2025-02-25,FO,NSE,IDO,56889,,NIFTY,,2025-03-27,2025-03-27,25600.0,PE,NIFTY25MAR25600PE,2800.0,2860.0,2800.0,2858.8,2860.0,2849.6,22547.55,2858.8,3975,1875,26,55452648.75,24,F1,75,,,,,
2025-02-25,2025-02-25,FO,NSE,IDO,54499,,NIFTY,,2025-04-03,2025-04-03,20800.0,PE,NIFTY2540320800PE,0.0,0.0,0.0,11.65,0.0,11.65,22547.55,6.5,0,0,0,0.0,0,F1,75,,,,,
2025-02-25,2025-02-25,FO,NSE,IDO,54555,,NIFTY,,2025-04-03,2025-04-03,21400.0,PE,NIFTY2540321400PE,0.0,0.0,0.0,42.25,0.0,42.25,22547.55,34.55,0,0,0,0.0,0,F1,75,,,,,
2025-02-25,2025-02-25,FO,NSE,IDO,54565,,NIFTY,,2025-04-03,2025-04-03,21650.0,PE,NIFTY2540321650PE,0.0,0.0,0.0,67.15,0.0,67.15,22547.55,61.75,0,0,0,0.0,0,F1,75,,,,,
2025-02-25,2025-02-25,FO,NSE,IDO,54861,,NIFTY,,2025-04-03,2025-04-03,24550.0,PE,NIFTY2540324550PE,0.0,0.0,0.0,1518.6,0.0,1518.6,22547.55,1853.45,0,0,0,0.0,0,F1,75,,,,,
2025-02-25,2025-02-25,FO,NSE,IDO,54863,,NIFTY,,2025-04-03,2025-04-03,24600.0,PE,NIFTY2540324600PE,0.0,0.0,0.0,1562.15,0.0,1562.15,22547.55,1901.7,0,0,0,0.0,0,F1,75,,,,,
2025-02-25,2025-02-25,FO,NSE,IDO,79234,,NIFTY,,2025-04-24,2025-04-24,21100.0,PE,NIFTY25APR21100PE,0.0,0.0,0.0,53.6,0.0,53.6,22547.55,37.75,0,0,0,0.0,0,F1,75,,,,,
2025-02-25,2025-02-25,FO,NSE,IDO,79391,,NIFTY,,2025-04-24,2025-04-24,22450.0,PE,NIFTY25APR22450PE,0.0,0.0,0.0,264.0,264.0,264.0,22547.55,326.35,1800,0,0,0.0,0,F1,75,,,,,
2025-02-25,2025-02-25,FO,NSE,IDO,79401,,NIFTY,,2025-04-24,2025-04-24,22650.0,PE,NIFTY25APR22650PE,353.75,375.8,353.75,358.0,358.0,374.25,22547.55,412.25,1650,-1125,53,91499452.5,25,F1,75,,,,,
2025-02-25,2025-02-25,FO,NSE,IDO,79410,,NIFTY,,2025-04-24,2025-04-24,22750.0,PE,NIFTY25APR22750PE,403.3,423.45,398.25,398.25,398.25,355.65,22547.55,460.1,6075,525,7,12157957.5,6,F1,75,,,,,
2025-02-25,2025-02-25,FO,NSE,IDO,79518,,NIFTY,,2025-04-24,2025-04-24,23900.0,PE,NIFTY25APR23900PE,0.0,0.0,0.0,790.95,790.95,790.95,22547.55,1228.3,9975,0,0,0.0,0,F1,75,,,,,
2025-02-25,2025-02-25,FO,NSE,IDO,79671,,NIFTY,,2025-04-24,2025-04-24,24700.0,PE,NIFTY25APR24700PE,0.0,0.0,0.0,1367.8,0.0,1367.8,22547.55,1932.8,0,0,0,0.0,0,F1,75,,,,,
2025-02-25,2025-02-25,FO,NSE,IDO,38375,,NIFTY,,2025-06-26,2025-06-26,20000.0,PE,NIFTY25JUN20000PE,70.0,72.55,65.5,70.2,71.65,69.7,22547.55,70.2,918850,24400,1019,1533772751.25,683,F1,75,,,,,
2025-02-25,2025-02-25,FO,NSE,IDO,50538,,NIFTY,,2025-06-26,2025-06-26,28000.0,PE,NIFTY25JUN28000PE,0.0,0.0,0.0,7207.55,0.0,7207.55,22547.55,4858.8,0,0,0,0.0,0,F1,75,,,,,
2025-02-25,2025-02-25,FO,NSE,IDO,49180,,NIFTY,,2025-12-24,2025-12-24,16500.0,PE,NIFTY25DEC16500PE,0.0,0.0,0.0,20.3,20.3,20.3,22547.55,0.75,2750,0,0,0.0,0,F1,75,,,,,
2025-02-25,2025-02-25,FO,NSE,IDO,58627,,NIFTY,,2026-06-25,2026-06-25,22000.0,PE,NIFTY26JUN22000PE,0.0,0.0,0.0,488.95,520.0,488.95,22547.55,446.1,1050,0,0,0.0,0,F1,75,,,,,
2025-02-25,2025-02-25,FO,NSE,IDO,71475,,NIFTY,,2026-06-25,2026-06-25,25000.0,PE,NIFTY26JUN25000PE,0.0,0.0,0.0,6063.1,0.0,6063.1,22547.55,1587.1,0,0,0,0.0,0,F1,75,,,,,
2025-02-25,2025-02-25,FO,NSE,IDO,50546,,NIFTY,,2026-06-25,2026-06-25,28000.0,PE,NIFTY26JUN28000PE,0.0,0.0,0.0,6532.55,0.0,6532.55,22547.55,3539.15,0,0,0,0.0,0,F1,75,,,,,
2025-02-25,2025-02-25,FO,NSE,IDO,58635,,NIFTY,,2026-12-31,2026-12-31,15000.0,PE,NIFTY26DEC15000PE,0.0,0.0,0.0,36.75,36.75,36.75,22547.55,1.55,2275,0,0,0.0,0,F1,75,,,,,
2025-02-25,2025-02-25,FO,NSE,IDO,61749,,NIFTY,,2029-12-27,2029-12-27,24000.0,PE,NIFTY29DEC24000PE,0.0,0.0,0.0,625.5,0.0,625.5,22547.55,619.15,0,0,0,0.0,0,F1,75,,,,,
2025-02-25,2025-02-25,FO,NSE,IDO,61411,,NIFTY,,2029-12-27,2029-12-27,20000.0,PE,NIFTY29DEC20000PE,0.0,0.0,0.0,202.3,0.0,202.3,22547.55,158.45,0,0,0,0.0,0,F1,75,,,,,
2025-02-25,2025-02-25,FO,NSE,IDO,89625,,NIFTY,,2029-06-28,2029-06-28,21000.0,PE,NIFTY29JUN21000PE,0.0,0.0,0.0,320.25,0.0,320.25,22547.55,248.05,0,0,0,0.0,0,F1,75,,,,,
2025-02-25,2025-02-25,FO,NSE,IDO,61748,,NIFTY,,2029-12-27,2029-12-27,24000.0,CE,NIFTY29DEC24000CE,0.0,0.0,0.0,7730.0,0.0,7730.0,22547.55,5642.9,0,0,0,0.0,0,F1,75,,,,,
2025-02-25,2025-02-25,FO,NSE,IDO,45641,,NIFTY,,2025-03-13,2025-03-13,25000.0,PE,NIFTY2531325000PE,0.0,0.0,0.0,2078.1,2078.1,2078.1,22547.55,2381.35,75,0,0,0.0,0,F1,75,,,,,
2025-02-25,2025-02-25,FO,NSE,IDO,45649,,NIFTY,,2025-03-13,2025-03-13,25200.0,PE,NIFTY2531325200PE,0.0,0.0,0.0,2279.35,2279.35,2279.35,22547.55,2580.75,75,0,0,0.0,0,F1,75,,,,,
2025-02-25,2025-02-25,FO,NSE,IDO,50096,,NIFTY,,2025-03-20,2025-03-20,21100.0,PE,NIFTY2532021100PE,0.0,0.0,0.0,12.45,0.0,12.45,22547.55,4.5,0,0,0,0.0,0,F1,75,,,,,
2025-02-25,2025-02-25,FO,NSE,IDO,50102,,NIFTY,,2025-03-20,2025-03-20,21150.0,PE,NIFTY2532021150PE,0.0,0.0,0.0,14.05,0.0,14.05,22547.55,5.5,0,0,0,0.0,0,F1,75,,,,,
2025-02-25,2025-02-25,FO,NSE,IDO,50104,,NIFTY,,2025-03-20,2025-03-20,21200.0,PE,NIFTY2532021200PE,18.35,20.3,16.0,17.7,17.65,18.8,22547.55,17.7,12450,3300,183,291208507.5,58,F1,75,,,,,
2025-02-25,2025-02-25,FO,NSE,IDO,50182,,NIFTY,,2025-03-20,2025-03-20,22400.0,PE,NIFTY2532022400PE,195.9,195.9,161.15,174.1,177.0,187.7,22547.55,174.1,3375,1350,45,76188266.25,35,F1,75,,,,,
2025-02-25,2025-02-25,FO,NSE,IDO,50216,,NIFTY,,2025-03-20,2025-03-20,22800.0,PE,NIFTY2532022800PE,350.3,350.3,320.0,338.45,336.85,346.95,22547.55,338.45,3525,75,55,95433360.0,29,F1,75,,,,,
2025-02-25,2025-02-25,FO,NSE,IDO,50269,,NIFTY,,2025-03-20,2025-03-20,23900.0,PE,NIFTY2532023900PE,0.0,0.0,0.0,900.05,0.0,900.05,22547.55,1271.65,0,0,0,0.0,0,F1,75,,,,,
2025-02-25,2025-02-25,FO,NSE,IDO,50284,,NIFTY,,2025-03-20,2025-03-20,24150.0,PE,NIFTY2532024150PE,0.0,0.0,0.0,1090.95,0.0,1090.95,22547.55,1511.5,0,0,0,0.0,0,F1,75,,,,,
2025-02-25,2025-02-25,FO,NSE,IDO,50302,,NIFTY,,2025-03-20,2025-03-20,24450.0,PE,NIFTY2532024450PE,0.0,0.0,0.0,1338.55,0.0,1338.55,22547.55,1805.3,0,0,0,0.0,0,F1,75,,,,,
2025-02-25,2025-02-25,FO,NSE,IDO,50326,,NIFTY,,2025-03-20,2025-03-20,24800.0,PE,NIFTY2532024800PE,0.0,0.0,0.0,1647.65,0.0,1647.65,22547.55,2151.8,0,0,0,0.0,0,F1,75,,,,,
2025-02-25,2025-02-25,FO,NSE,IDO,46824,,NIFTY,,2025-03-27,2025-03-27,20900.0,PE,NIFTY25MAR20900PE,18.05,19.1,17.0,17.85,18.5,25.85,22547.55,17.85,20550,20550,812,1273900248.75,542,F1,75,,,,,
2025-02-25,2025-02-25,FO,NSE,IDO,46841,,NIFTY,,2025-03-27,2025-03-27,21150.0,PE,NIFTY25MAR21150PE,31.7,31.7,22.5,25.9,26.45,28.8,22547.55,25.9,17850,-5850,255,404979993.75,118,F1,75,,,,,
2025-02-25,2025-02-25,FO,NSE,IDO,46882,,NIFTY,,2025-03-27,2025-03-27,21500.0,PE,NIFTY25MAR21500PE,51.55,55.0,43.9,45.85,49.5,51.55,22547.55,45.85,2394075,134025,19550,31592294013.75,9839,F1,75,,,,,
2025-02-25,2025-02-25,FO,NSE,IDO,46996,,NIFTY,,2025-03-27,2025-03-27,22450.0,PE,NIFTY25MAR22450PE,236.8,242.6,211.3,229.45,230.6,233.3,22547.55,229.45,47325,13650,453,770430412.5,343,F1,75,,,,,
2025-02-25,2025-02-25,FO,NSE,IDO,49835,,NIFTY,,2025-03-27,2025-03-27,23250.0,PE,NIFTY25MAR23250PE,610.0,644.85,610.0,635.5,637.0,645.0,22547.55,635.5,18375,-450,17,30453982.5,12,F1,75,,,,,
2025-02-25,2025-02-25,FO,NSE,IDO,54720,,NIFTY,,2025-03-27,2025-03-27,23850.0,PE,NIFTY25MAR23850PE,0.0,0.0,0.0,945.0,945.0,945.0,22547.55,1212.55,6675,0,0,0.0,0,F1,75,,,,,
2025-02-25,2025-02-25,FO,NSE,IDO,55340,,NIFTY,,2025-03-27,2025-03-27,24400.0,PE,NIFTY25MAR24400PE,1660.0,1687.0,1625.0,1667.45,1674.7,1640.5,22547.55,1667.45,25875,3000,85,166132897.5,48,F1,75,,,,,
2025-02-25,2025-02-25,FO,NSE,IDO,56873,,NIFTY,,2025-03-27,2025-03-27,25200.0,PE,NIFTY25MAR25200PE,2425.0,2465.0,2415.1,2445.65,2456.6,2430.25,22547.55,2445.65,11025,8925,121,250827266.25,100,F1,75,,,,,
2025-02-25,2025-02-25,FO,NSE,IDO,56891,,NIFTY,,2025-03-27,2025-03-27,25650.0,PE,NIFTY25MAR25650PE,0.0,0.0,0.0,1709.8,0.0,1709.8,22547.55,2965.9,0,0,0,0.0,0,F1,75,,,,,
2025-02-25,2025-02-25,FO,NSE,IDO,56895,,NIFTY,,2025-03-27,2025-03-27,25750.0,PE,NIFTY25MAR25750PE,0.0,0.0,0.0,1786.85,0.0,1786.85,22547.55,3065.35,0,0,0,0.0,0,F1,75,,,,,
2025-02-25,2025-02-25,FO,NSE,IDO,58794,,NIFTY,,2025-03-27,2025-03-27,25900.0,PE,NIFTY25MAR25900PE,3100.0,3167.25,3100.0,3141.35,3167.25,3113.85,22547.55,3141.35,6150,3525,48,104508307.5,43,F1,75,,,,,
2025-02-25,2025-02-25,FO,NSE,IDO,54569,,NIFTY,,2025-04-03,2025-04-03,21750.0,PE,NIFTY2540321750PE,0.0,0.0,0.0,79.95,0.0,79.95,22547.55,76.55,0,0,0,0.0,0,F1,75,,,,,
2025-02-25,2025-02-25,FO,NSE,IDO,54577,,NIFTY,,2025-04-03,2025-04-03,21950.0,PE,NIFTY2540321950PE,0.0,0.0,0.0,111.25,0.0,111.25,22547.55,114.35,0,0,0,0.0,0,F1,75,,,,,
2025-02-25,2025-02-25,FO,NSE,IDO,54639,,NIFTY,,2025-04-03,2025-04-03,22950.0,PE,NIFTY2540322950PE,0.0,0.0,0.0,420.05,0.0,420.05,22547.55,521.25,0,0,0,0.0,0,F1,75,,,,,
2025-02-25,2025-02-25,FO,NSE,IDO,54840,,NIFTY,,2025-04-03,2025-04-03,24150.0,PE,NIFTY2540324150PE,0.0,0.0,0.0,1185.2,0.0,1185.2,22547.55,1474.8,0,0,0,0.0,0,F1,75,,,,,
2025-02-25,2025-02-25,FO,NSE,IDO,54842,,NIFTY,,2025-04-03,2025-04-03,24200.0,PE,NIFTY2540324200PE,0.0,0.0,0.0,1225.25,0.0,1225.25,22547.55,1521.2,0,0,0,0.0,0,F1,75,,,,,
2025-02-25,2025-02-25,FO,NSE,IDO,54853,,NIFTY,,2025-04-03,2025-04-03,24400.0,PE,NIFTY2540324400PE,0.0,0.0,0.0,1390.2,0.0,1390.2,22547.55,1709.75,0,0,0,0.0,0,F1,75,,,,,
2025-02-25,2025-02-25,FO,NSE,IDO,79246,,NIFTY,,2025-04-24,2025-04-24,21250.0,PE,NIFTY25APR21250PE,0.0,0.0,0.0,65.9,0.0,65.9,22547.55,50.75,0,0,0,0.0,0,F1,75,,,,,
2025-02-25,2025-02-25,FO,NSE,IDO,79439,,NIFTY,,2025-04-24,2025-04-24,23150.0,PE,NIFTY25APR23150PE,0.0,0.0,0.0,512.95,512.95,512.95,22547.55,683.9,75,0,0,0.0,0,F1,75,,,,,
2025-02-25,2025-02-25,FO,NSE,IDO,79546,,NIFTY,,2025-04-24,2025-04-24,24050.0,PE,NIFTY25APR24050PE,0.0,0.0,0.0,1065.95,1065.95,1065.95,22547.55,1352.85,1050,0,0,0.0,0,F1,75,,,,,
2025-02-25,2025-02-25,FO,NSE,IDO,79689,,NIFTY,,2025-04-24,2025-04-24,24900.0,PE,NIFTY25APR24900PE,2010.0,2010.0,1990.0,1990.0,1990.0,2010.0,22547.55,2120.5,1350,-300,4,8071500.0,2,F1,75,,,,,
2025-02-25,2025-02-25,FO,NSE,IDO,79745,,NIFTY,,2025-04-24,2025-04-24,25350.0,PE,NIFTY25APR25350PE,0.0,0.0,0.0,1866.1,0.0,1866.1,22547.55,2552.1,0,0,0,0.0,0,F1,75,,,,,
2025-02-25,2025-02-25,FO,NSE,IDO,58619,,NIFTY,,2025-06-26,2025-06-26,22000.0,PE,NIFTY25JUN22000PE,317.05,320.95,297.95,309.75,313.95,314.05,22547.55,309.75,1159225,34200,2548,4263063206.25,1890,F1,75,,,,,
2025-02-25,2025-02-25,FO,NSE,IDO,45874,,NIFTY,,2025-12-24,2025-12-24,17000.0,PE,NIFTY25DEC17000PE,0.0,0.0,0.0,39.05,39.05,39.05,22547.55,1.85,3750,0,0,0.0,0,F1,75,,,,,
2025-02-25,2025-02-25,FO,NSE,IDO,39988,,NIFTY,,2025-12-24,2025-12-24,19000.0,PE,NIFTY25DEC19000PE,0.0,0.0,0.0,102.0,102.0,102.0,22547.55,29.55,9425,0,0,0.0,0,F1,75,,,,,
2025-02-25,2025-02-25,FO,NSE,IDO,45535,,NIFTY,,2025-03-13,2025-03-13,23600.0,PE,NIFTY2531323600PE,945.0,945.0,925.0,925.0,925.0,743.65,22547.55,1002.45,2250,2100,29,53383875.0,6,F1,75,,,,,
2025-02-25,2025-02-25,FO,NSE,IDO,45537,,NIFTY,,2025-03-13,2025-03-13,23650.0,PE,NIFTY2531323650PE,0.0,0.0,0.0,783.75,783.75,783.75,22547.55,1049.55,75,0,0,0.0,0,F1,75,,,,,
2025-02-25,2025-02-25,FO,NSE,IDO,45545,,NIFTY,,2025-03-13,2025-03-13,23850.0,PE,NIFTY2531323850PE,1195.0,1195.0,1170.0,1170.0,1170.0,959.15,22547.55,1241.4,600,525,8,15021750.0,3,F1,75,,,,,
2025-02-25,2025-02-25,FO,NSE,IDO,45547,,NIFTY,,2025-03-13,2025-03-13,23900.0,PE,NIFTY2531323900PE,1232.0,1232.0,1208.3,1212.1,1213.85,1005.25,22547.55,1212.1,975,900,13,24498933.75,4,F1,75,,,,,
2025-02-25,2025-02-25,FO,NSE,IDO,45635,,NIFTY,,2025-03-13,2025-03-13,24900.0,PE,NIFTY2531324900PE,2195.0,2195.0,2195.0,2195.0,2195.0,1983.9,22547.55,2281.65,1500,1425,20,40642500.0,1,F1,75,,,,,
2025-02-25,2025-02-25,FO,NSE,IDO,45647,,NIFTY,,2025-03-13,2025-03-13,25150.0,PE,NIFTY2531325150PE,0.0,0.0,0.0,2231.7,2231.7,2231.7,22547.55,2530.9,75,0,0,0.0,0,F1,75,,,,,
2025-02-25,2025-02-25,FO,NSE,IDO,50120,,NIFTY,,2025-03-20,2025-03-20,21450.0,PE,NIFTY2532021450PE,0.0,0.0,0.0,28.15,0.0,28.15,22547.55,16.2,0,0,0,0.0,0,F1,75,,,,,
2025-02-25,2025-02-25,FO,NSE,IDO,50185,,NIFTY,,2025-03-20,2025-03-20,22450.0,PE,NIFTY2532022450PE,192.2,192.2,189.75,189.75,189.75,176.65,22547.55,213.3,150,150,4,6792446.25,3,F1,75,,,,,
2025-02-25,2025-02-25,FO,NSE,IDO,50286,,NIFTY,,2025-03-20,2025-03-20,24200.0,PE,NIFTY2532024200PE,0.0,0.0,0.0,1130.9,0.0,1130.9,22547.55,1560.15,0,0,0,0.0,0,F1,75,,,,,
2025-02-25,2025-02-25,FO,NSE,IDO,50304,,NIFTY,,2025-03-20,2025-03-20,24500.0,PE,NIFTY2532024500PE,0.0,0.0,0.0,1381.5,0.0,1381.5,22547.55,1854.65,0,0,0,0.0,0,F1,75,,,,,
2025-02-25,2025-02-25,FO,NSE,IDO,64561,,NIFTY,,2025-03-27,2025-03-27,21000.0,PE,NIFTY25MAR21000PE,23.7,24.55,19.9,20.95,22.8,23.55,22547.55,20.95,3303000,32325,18614,29346694856.25,7971,F1,75,,,,,
2025-02-25,2025-02-25,FO,NSE,IDO,46877,,NIFTY,,2025-03-27,2025-03-27,21400.0,PE,NIFTY25MAR21400PE,45.85,45.85,36.65,39.25,40.0,43.35,22547.55,39.25,276300,33000,4004,6438159037.5,2046,F1,75,,,,,
2025-02-25,2025-02-25,FO,NSE,IDO,46901,,NIFTY,,2025-03-27,2025-03-27,21700.0,PE,NIFTY25MAR21700PE,72.0,74.0,60.0,64.2,66.8,70.55,22547.55,64.2,473625,26175,5483,8949932850.0,3094,F1,75,,,,,
2025-02-25,2025-02-25,FO,NSE,IDO,46927,,NIFTY,,2025-03-27,2025-03-27,21850.0,PE,NIFTY25MAR21850PE,91.25,91.9,78.65,85.3,87.75,90.8,22547.55,85.3,26625,-3975,518,852144082.5,252,F1,75,,,,,
2025-02-25,2025-02-25,FO,NSE,IDO,48191,,NIFTY,,2025-03-27,2025-03-27,22800.0,PE,NIFTY25MAR22800PE,378.0,391.0,347.35,372.15,377.0,375.7,22547.55,372.15,1183575,110100,11559,20083380337.5,8013,F1,75,,,,,
2025-02-25,2025-02-25,FO,NSE,IDO,51119,,NIFTY,,2025-03-27,2025-03-27,23300.0,PE,NIFTY25MAR23300PE,684.45,695.5,640.5,671.35,687.05,668.7,22547.55,671.35,128175,-10650,486,873559811.25,312,F1,75,,,,,
2025-02-25,2025-02-25,FO,NSE,IDO,54728,,NIFTY,,2025-03-27,2025-03-27,24100.0,PE,NIFTY25MAR24100PE,1358.0,1385.25,1340.0,1369.85,1375.0,1333.1,22547.55,1369.85,27900,75,55,105046833.75,31,F1,75,,,,,
2025-02-25,2025-02-25,FO,NSE,IDO,55103,,NIFTY,,2025-03-27,2025-03-27,24250.0,PE,NIFTY25MAR24250PE,0.0,0.0,0.0,1135.25,1135.25,1135.25,22547.55,1586.8,14175,0,0,0.0,0,F1,75,,,,,
2025-02-25,2025-02-25,FO,NSE,IDO,56535,,NIFTY,,2025-03-27,2025-03-27,24650.0,PE,NIFTY25MAR24650PE,1892.0,1892.0,1892.0,1892.0,1892.0,1668.0,22547.55,1975.45,150,75,1,1990650.0,1,F1,75,,,,,
2025-02-25,2025-02-25,FO,NSE,IDO,56867,,NIFTY,,2025-03-27,2025-03-27,25050.0,PE,NIFTY25MAR25050PE,0.0,0.0,0.0,1278.65,0.0,1278.65,22547.55,2370.2,0,0,0,0.0,0,F1,75,,,,,
2025-02-25,2025-02-25,FO,NSE,IDO,56879,,NIFTY,,2025-03-27,2025-03-27,25350.0,PE,NIFTY25MAR25350PE,0.0,0.0,0.0,1487.0,0.0,1487.0,22547.55,2667.8,0,0,0,0.0,0,F1,75,,,,,
2025-02-25,2025-02-25,FO,NSE,IDO,59770,,NIFTY,,2025-03-27,2025-03-27,25950.0,PE,NIFTY25MAR25950PE,0.0,0.0,0.0,3150.0,3150.0,3150.0,22547.55,3264.25,75,0,0,0.0,0,F1,75,,,,,
2025-02-25,2025-02-25,FO,NSE,IDO,64591,,NIFTY,,2025-03-27,2025-03-27,30000.0,PE,NIFTY25MAR30000PE,7156.45,7215.85,7156.45,7193.4,7191.75,7175.0,22547.55,7193.4,35925,2925,70,195220953.75,65,F1,75,,,,,
2025-02-25,2025-02-25,FO,NSE,IDO,54563,,NIFTY,,2025-04-03,2025-04-03,21600.0,PE,NIFTY2540321600PE,0.0,0.0,0.0,61.4,0.0,61.4,22547.55,55.25,0,0,0,0.0,0,F1,75,,,,,
2025-02-25,2025-02-25,FO,NSE,IDO,54583,,NIFTY,,2025-04-03,2025-04-03,22100.0,PE,NIFTY2540322100PE,0.0,0.0,0.0,140.35,0.0,140.35,22547.55,150.9,0,0,0,0.0,0,F1,75,,,,,
2025-02-25,2025-02-25,FO,NSE,IDO,54587,,NIFTY,,2025-04-03,2025-04-03,22200.0,PE,NIFTY2540322200PE,0.0,0.0,0.0,162.75,0.0,162.75,22547.55,179.65,0,0,0,0.0,0,F1,75,,,,,
2025-02-25,2025-02-25,FO,NSE,IDO,54589,,NIFTY,,2025-04-03,2025-04-03,22250.0,PE,NIFTY2540322250PE,0.0,0.0,0.0,174.9,0.0,174.9,22547.55,195.4,0,0,0,0.0,0,F1,75,,,,,
2025-02-25,2025-02-25,FO,NSE,IDO,54591,,NIFTY,,2025-04-03,2025-04-03,22300.0,PE,NIFTY2540322300PE,0.0,0.0,0.0,188.5,0.0,188.5,22547.55,212.1,0,0,0,0.0,0,F1,75,,,,,
2025-02-25,2025-02-25,FO,NSE,IDO,54643,,NIFTY,,2025-04-03,2025-04-03,23050.0,PE,NIFTY2540323050PE,0.0,0.0,0.0,467.4,0.0,467.4,22547.55,583.95,0,0,0,0.0,0,F1,75,,,,,
2025-02-25,2025-02-25,FO,NSE,IDO,54711,,NIFTY,,2025-04-03,2025-04-03,23450.0,PE,NIFTY2540323450PE,0.0,0.0,0.0,688.3,0.0,688.3,22547.55,870.6,0,0,0,0.0,0,F1,75,,,,,
2025-02-25,2025-02-25,FO,NSE,IDO,54715,,NIFTY,,2025-04-03,2025-04-03,23550.0,PE,NIFTY2540323550PE,0.0,0.0,0.0,751.15,0.0,751.15,22547.55,950.1,0,0,0,0.0,0,F1,75,,,,,
2025-02-25,2025-02-25,FO,NSE,IDO,54760,,NIFTY,,2025-04-03,2025-04-03,23800.0,PE,NIFTY2540323800PE,0.0,0.0,0.0,920.75,0.0,920.75,22547.55,1160.1,0,0,0,0.0,0,F1,75,,,,,
2025-02-25,2025-02-25,FO,NSE,IDO,54836,,NIFTY,,2025-04-03,2025-04-03,24050.0,PE,NIFTY2540324050PE,0.0,0.0,0.0,1106.8,0.0,1106.8,22547.55,1382.9,0,0,0,0.0,0,F1,75,,,,,
2025-02-25,2025-02-25,FO,NSE,IDO,54865,,NIFTY,,2025-04-03,2025-04-03,24650.0,PE,NIFTY2540324650PE,0.0,0.0,0.0,1606.1,0.0,1606.1,22547.55,1950.1,0,0,0,0.0,0,F1,75,,,,,
2025-02-25,2025-02-25,FO,NSE,IDO,79385,,NIFTY,,2025-04-24,2025-04-24,22350.0,PE,NIFTY25APR22350PE,270.5,270.5,270.5,270.5,270.5,280.0,22547.55,270.5,1725,0,1,1696537.5,1,F1,75,,,,,
2025-02-25,2025-02-25,FO,NSE,IDO,79427,,NIFTY,,2025-04-24,2025-04-24,22950.0,PE,NIFTY25APR22950PE,487.35,500.4,463.25,482.55,482.55,439.0,22547.55,565.6,2100,-75,6,10545330.0,6,F1,75,,,,,
2025-02-25,2025-02-25,FO,NSE,IDO,79489,,NIFTY,,2025-04-24,2025-04-24,23400.0,PE,NIFTY25APR23400PE,758.15,758.15,717.4,725.95,725.95,752.95,22547.55,848.85,5175,-600,16,28953540.0,11,F1,75,,,,,
2025-02-25,2025-02-25,FO,NSE,IDO,79500,,NIFTY,,2025-04-24,2025-04-24,23450.0,PE,NIFTY25APR23450PE,0.0,0.0,0.0,765.45,765.45,765.45,22547.55,884.0,150,0,0,0.0,0,F1,75,,,,,
2025-02-25,2025-02-25,FO,NSE,IDO,79508,,NIFTY,,2025-04-24,2025-04-24,23650.0,PE,NIFTY25APR23650PE,0.0,0.0,0.0,470.0,470.0,470.0,22547.55,1031.05,75,0,0,0.0,0,F1,75,,,,,
2025-02-25,2025-02-25,FO,NSE,IDO,79516,,NIFTY,,2025-04-24,2025-04-24,23850.0,PE,NIFTY25APR23850PE,0.0,0.0,0.0,827.5,0.0,827.5,22547.55,1187.75,0,0,0,0.0,0,F1,75,,,,,
2025-02-25,2025-02-25,FO,NSE,IDO,79633,,NIFTY,,2025-04-24,2025-04-24,24300.0,PE,NIFTY25APR24300PE,1460.0,1460.0,1460.0,1460.0,1460.0,1170.0,22547.55,1569.15,150,0,2,3864000.0,2,F1,75,,,,,
2025-02-25,2025-02-25,FO,NSE,IDO,79637,,NIFTY,,2025-04-24,2025-04-24,24400.0,PE,NIFTY25APR24400PE,0.0,0.0,0.0,1161.3,0.0,1161.3,22547.55,1658.3,0,0,0,0.0,0,F1,75,,,,,
2025-02-25,2025-02-25,FO,NSE,IDO,61747,,NIFTY,,2029-12-27,2029-12-27,23000.0,PE,NIFTY29DEC23000PE,0.0,0.0,0.0,900.0,900.0,900.0,22547.55,462.15,2700,0,0,0.0,0,F1,75,,,,,
2025-02-25,2025-02-25,FO,NSE,IDO,61773,,NIFTY,,2029-12-27,2029-12-27,25000.0,PE,NIFTY29DEC25000PE,0.0,0.0,0.0,785.3,0.0,785.3,22547.55,808.3,0,0,0,0.0,0,F1,75,,,,,
2025-02-25,2025-02-25,FO,NSE,IDO,79641,,NIFTY,,2025-04-24,2025-04-24,24500.0,PE,NIFTY25APR24500PE,1670.5,1670.5,1574.05,1618.7,1652.45,1603.5,22547.55,1618.7,200175,70425,1864,3649402530.0,1852,F1,75,,,,,
2025-02-25,2025-02-25,FO,NSE,IDO,79679,,NIFTY,,2025-04-24,2025-04-24,24850.0,PE,NIFTY25APR24850PE,0.0,0.0,0.0,1478.0,0.0,1478.0,22547.55,2073.3,0,0,0,0.0,0,F1,75,,,,,
2025-02-25,2025-02-25,FO,NSE,IDO,64685,,NIFTY,,2025-09-25,2025-09-25,20000.0,PE,NIFTY25SEP20000PE,0.0,0.0,0.0,22.8,0.0,22.8,22547.55,53.95,0,0,0,0.0,0,F1,75,,,,,
2025-02-25,2025-02-25,FO,NSE,IDO,64697,,NIFTY,,2025-09-25,2025-09-25,26000.0,PE,NIFTY25SEP26000PE,0.0,0.0,0.0,812.55,0.0,812.55,22547.55,2676.25,0,0,0,0.0,0,F1,75,,,,,
2025-02-25,2025-02-25,FO,NSE,IDO,49178,,NIFTY,,2025-12-24,2025-12-24,16000.0,PE,NIFTY25DEC16000PE,0.0,0.0,0.0,20.25,20.25,20.25,22547.55,0.3,2125,0,0,0.0,0,F1,75,,,,,
2025-02-25,2025-02-25,FO,NSE,IDO,71403,,NIFTY,,2025-12-24,2025-12-24,26000.0,PE,NIFTY25DEC26000PE,2315.0,2335.95,2269.35,2312.2,2322.65,2300.5,22547.55,2312.2,152625,3300,125,265301006.25,97,F1,75,,,,,
2025-02-25,2025-02-25,FO,NSE,IDO,38157,,NIFTY,,2026-06-25,2026-06-25,29000.0,PE,NIFTY26JUN29000PE,0.0,0.0,0.0,5546.1,0.0,5546.1,22547.55,4319.65,0,0,0,0.0,0,F1,75,,,,,
2025-02-25,2025-02-25,FO,NSE,IDO,37810,,NIFTY,,2026-12-31,2026-12-31,23000.0,PE,NIFTY26DEC23000PE,938.95,955.0,900.0,913.35,920.0,921.0,22547.55,913.35,17550,3375,53,95146983.75,23,F1,75,,,,,
2025-02-25,2025-02-25,FO,NSE,IDO,71504,,NIFTY,,2026-12-31,2026-12-31,25000.0,PE,NIFTY26DEC25000PE,1700.95,1700.95,1565.05,1565.05,1565.05,1400.05,22547.55,1426.25,500,-25,3,5997450.0,3,F1,75,,,,,
2025-02-25,2025-02-25,FO,NSE,IDO,50979,,NIFTY,,2026-12-31,2026-12-31,27000.0,PE,NIFTY26DEC27000PE,0.0,0.0,0.0,6522.3,0.0,6522.3,22547.55,2461.8,0,0,0,0.0,0,F1,75,,,,,
2025-02-25,2025-02-25,FO,NSE,IDO,71552,,NIFTY,,2027-06-24,2027-06-24,20000.0,PE,NIFTY27JUN20000PE,0.0,0.0,0.0,3034.2,0.0,3034.2,22547.55,166.35,0,0,0,0.0,0,F1,75,,,,,
2025-02-25,2025-02-25,FO,NSE,IDO,71559,,NIFTY,,2027-06-24,2027-06-24,23000.0,PE,NIFTY27JUN23000PE,0.0,0.0,0.0,4514.3,0.0,4514.3,22547.55,663.75,0,0,0,0.0,0,F1,75,,,,,
2025-02-25,2025-02-25,FO,NSE,IDO,86146,,NIFTY,,2028-06-29,2028-06-29,21000.0,PE,NIFTY28JUN21000PE,0.0,0.0,0.0,907.2,0.0,907.2,22547.55,270.9,0,0,0,0.0,0,F1,75,,,,,
2025-02-25,2025-02-25,FO,NSE,IDO,86152,,NIFTY,,2028-06-29,2028-06-29,24000.0,PE,NIFTY28JUN24000PE,0.0,0.0,0.0,1692.75,0.0,1692.75,22547.55,799.4,0,0,0,0.0,0,F1,75,,,,,
2025-02-25,2025-02-25,FO,NSE,IDO,86164,,NIFTY,,2028-06-29,2028-06-29,27000.0,PE,NIFTY28JUN27000PE,0.0,0.0,0.0,2752.35,0.0,2752.35,22547.55,1752.75,0,0,0,0.0,0,F1,75,,,,,
2025-02-25,2025-02-25,FO,NSE,IDO,67771,,NIFTY,,2028-12-28,2028-12-28,18000.0,PE,NIFTY28DEC18000PE,0.0,0.0,0.0,104.65,0.0,104.65,22547.55,61.5,0,0,0,0.0,0,F1,75,,,,,
2025-02-25,2025-02-25,FO,NSE,IDO,67775,,NIFTY,,2028-12-28,2028-12-28,20000.0,PE,NIFTY28DEC20000PE,0.0,0.0,0.0,370.0,370.0,370.0,22547.55,169.85,875,0,0,0.0,0,F1,75,,,,,
2025-02-25,2025-02-25,FO,NSE,IDO,89613,,NIFTY,,2029-06-28,2029-06-28,18000.0,PE,NIFTY29JUN18000PE,0.0,0.0,0.0,118.45,0.0,118.45,22547.55,62.8,0,0,0,0.0,0,F1,75,,,,,
2025-02-25,2025-02-25,FO,NSE,IDO,45386,,NIFTY,,2025-03-13,2025-03-13,20900.0,CE,NIFTY2531320900CE,0.0,0.0,0.0,2850.55,0.0,2850.55,22547.55,1707.45,0,0,0,0.0,0,F1,75,,,,,
2025-02-25,2025-02-25,FO,NSE,IDO,45390,,NIFTY,,2025-03-13,2025-03-13,21000.0,CE,NIFTY2531321000CE,0.0,0.0,0.0,2751.9,0.0,2751.9,22547.55,1608.05,0,0,0,0.0,0,F1,75,,,,,
2025-02-25,2025-02-25,FO,NSE,IDO,45412,,NIFTY,,2025-03-13,2025-03-13,21450.0,CE,NIFTY2531321450CE,0.0,0.0,0.0,1460.0,1460.0,1460.0,22547.55,1165.35,75,0,0,0.0,0,F1,75,,,,,
2025-02-25,2025-02-25,FO,NSE,IDO,45430,,NIFTY,,2025-03-13,2025-03-13,21800.0,CE,NIFTY2531321800CE,880.0,880.0,880.0,880.0,880.0,1135.0,22547.55,836.65,150,75,1,1701000.0,1,F1,75,,,,,
2025-02-25,2025-02-25,FO,NSE,IDO,45446,,NIFTY,,2025-03-13,2025-03-13,22150.0,CE,NIFTY2531322150CE,0.0,0.0,0.0,822.55,822.55,822.55,22547.55,542.95,75,0,0,0.0,0,F1,75,,,,,
2025-02-25,2025-02-25,FO,NSE,IDO,45453,,NIFTY,,2025-03-13,2025-03-13,22250.0,CE,NIFTY2531322250CE,0.0,0.0,0.0,740.4,740.4,740.4,22547.55,469.05,75,0,0,0.0,0,F1,75,,,,,
2025-02-25,2025-02-25,FO,NSE,IDO,55619,,NIFTY,,2025-02-27,2025-02-27,22500.0,CE,NIFTY25FEB22500CE,156.0,177.0,97.95,115.1,101.65,173.65,22547.55,115.1,4258725,1060275,1144088,1942057001565.0,720149,F1,75,,,,,
2025-02-25,2025-02-25,FO,NSE,IDO,55603,,NIFTY,,2025-02-27,2025-02-27,22100.0,CE,NIFTY25FEB22100CE,494.95,547.9,469.85,484.15,470.0,518.4,22547.55,484.15,16125,-18300,2024,3430852065.0,1158,F1,75,,,,,
2025-02-25,2025-02-25,FO,NSE,IDO,55571,,NIFTY,,2025-02-27,2025-02-27,21400.0,CE,NIFTY25FEB21400CE,1205.0,1205.0,1205.0,1205.0,1205.0,1245.0,22547.55,1155.15,450,-75,1,1695375.0,1,F1,75,,,,,
2025-02-25,2025-02-25,FO,NSE,IDO,55297,,NIFTY,,2025-02-27,2025-02-27,20800.0,CE,NIFTY25FEB20800CE,0.0,0.0,0.0,3508.45,0.0,3508.45,22547.55,1754.95,0,0,0,0.0,0,F1,75,,,,,
2025-02-25,2025-02-25,FO,NSE,IDO,61915,,NIFTY,,2029-12-27,2029-12-27,29000.0,PE,NIFTY29DEC29000PE,0.0,0.0,0.0,1669.2,0.0,1669.2,22547.55,1909.05,0,0,0,0.0,0,F1,75,,,,,
2025-02-25,2025-02-25,FO,NSE,IDO,61391,,NIFTY,,2029-12-27,2029-12-27,18000.0,PE,NIFTY29DEC18000PE,0.0,0.0,0.0,96.5,0.0,96.5,22547.55,62.9,0,0,0,0.0,0,F1,75,,,,,
2025-02-25,2025-02-25,FO,NSE,IDO,67785,,NIFTY,,2028-12-28,2028-12-28,25000.0,PE,NIFTY28DEC25000PE,0.0,0.0,0.0,1339.55,1339.55,1339.55,22547.55,972.1,525,0,0,0.0,0,F1,75,,,,,
2025-02-25,2025-02-25,FO,NSE,IDO,67779,,NIFTY,,2028-12-28,2028-12-28,22000.0,PE,NIFTY28DEC22000PE,0.0,0.0,0.0,521.3,521.3,521.3,22547.55,381.85,225,0,0,0.0,0,F1,75,,,,,
2025-02-25,2025-02-25,FO,NSE,IDO,86142,,NIFTY,,2028-06-29,2028-06-29,19000.0,PE,NIFTY28JUN19000PE,0.0,0.0,0.0,537.45,0.0,537.45,22547.55,104.0,0,0,0,0.0,0,F1,75,,,,,
2025-02-25,2025-02-25,FO,NSE,IDO,58647,,NIFTY,,2026-12-31,2026-12-31,21000.0,PE,NIFTY26DEC21000PE,512.0,512.0,512.0,512.0,512.0,520.0,22547.55,512.0,1475,0,1,1613400.0,1,F1,75,,,,,
2025-02-25,2025-02-25,FO,NSE,IDO,37802,,NIFTY,,2026-06-25,2026-06-25,13000.0,PE,NIFTY26JUN13000PE,0.0,0.0,0.0,21.6,21.6,21.6,22547.55,0.05,200,0,0,0.0,0,F1,75,,,,,
2025-02-25,2025-02-25,FO,NSE,IDO,71380,,NIFTY,,2025-06-26,2025-06-26,24000.0,PE,NIFTY25JUN24000PE,1187.75,1197.2,1143.85,1181.35,1185.5,1179.55,22547.55,1181.35,712325,32025,2152,4062375240.0,1962,F1,75,,,,,
2025-02-25,2025-02-25,FO,NSE,IDO,79732,,NIFTY,,2025-04-24,2025-04-24,25150.0,PE,NIFTY25APR25150PE,0.0,0.0,0.0,1706.25,0.0,1706.25,22547.55,2359.05,0,0,0,0.0,0,F1,75,,,,,
2025-02-25,2025-02-25,FO,NSE,IDO,79675,,NIFTY,,2025-04-24,2025-04-24,24800.0,PE,NIFTY25APR24800PE,1900.0,1900.0,1880.0,1880.0,1880.0,1283.45,22547.55,2026.25,450,225,3,6004500.0,2,F1,75,,,,,
2025-02-25,2025-02-25,FO,NSE,IDO,79506,,NIFTY,,2025-04-24,2025-04-24,23600.0,PE,NIFTY25APR23600PE,0.0,0.0,0.0,876.05,876.05,876.05,22547.55,993.35,38400,0,0,0.0,0,F1,75,,,,,
2025-02-25,2025-02-25,FO,NSE,IDO,79502,,NIFTY,,2025-04-24,2025-04-24,23500.0,PE,NIFTY25APR23500PE,815.7,830.0,775.65,804.25,808.75,801.2,22547.55,804.25,369225,137175,3507,6389373678.75,3053,F1,75,,,,,
2025-02-25,2025-02-25,FO,NSE,IDO,79443,,NIFTY,,2025-04-24,2025-04-24,23250.0,PE,NIFTY25APR23250PE,644.0,644.0,644.0,644.0,644.0,665.0,22547.55,644.0,1950,-75,1,1792050.0,1,F1,75,,,,,
2025-02-25,2025-02-25,FO,NSE,IDO,79267,,NIFTY,,2025-04-24,2025-04-24,21750.0,PE,NIFTY25APR21750PE,128.5,135.7,125.65,125.65,125.65,119.95,22547.55,122.35,3825,2100,70,114885341.25,10,F1,75,,,,,
2025-02-25,2025-02-25,FO,NSE,IDO,79265,,NIFTY,,2025-04-24,2025-04-24,21700.0,PE,NIFTY25APR21700PE,130.95,131.0,115.7,121.95,126.3,128.7,22547.55,121.95,98925,9225,590,965577483.75,215,F1,75,,,,,
2025-02-25,2025-02-25,FO,NSE,IDO,79248,,NIFTY,,2025-04-24,2025-04-24,21300.0,PE,NIFTY25APR21300PE,85.05,90.0,76.7,80.85,82.65,83.05,22547.55,80.85,126375,7200,778,1247599308.75,372,F1,75,,,,,
2025-02-25,2025-02-25,FO,NSE,IDO,79232,,NIFTY,,2025-04-24,2025-04-24,21050.0,PE,NIFTY25APR21050PE,0.0,0.0,0.0,49.95,0.0,49.95,22547.55,34.05,0,0,0,0.0,0,F1,75,,,,,
2025-02-25,2025-02-25,FO,NSE,IDO,79222,,NIFTY,,2025-04-24,2025-04-24,20800.0,PE,NIFTY25APR20800PE,45.8,50.75,45.2,46.5,47.3,34.65,22547.55,46.5,13875,13875,391,611367836.25,130,F1,75,,,,,
2025-02-25,2025-02-25,FO,NSE,IDO,54838,,NIFTY,,2025-04-03,2025-04-03,24100.0,PE,NIFTY2540324100PE,0.0,0.0,0.0,1145.75,0.0,1145.75,22547.55,1428.65,0,0,0,0.0,0,F1,75,,,,,
2025-02-25,2025-02-25,FO,NSE,IDO,54664,,NIFTY,,2025-04-03,2025-04-03,23150.0,PE,NIFTY2540323150PE,0.0,0.0,0.0,517.9,0.0,517.9,22547.55,650.45,0,0,0,0.0,0,F1,75,,,,,
2025-02-25,2025-02-25,FO,NSE,IDO,54632,,NIFTY,,2025-04-03,2025-04-03,22850.0,PE,NIFTY2540322850PE,0.0,0.0,0.0,375.85,0.0,375.85,22547.55,462.45,0,0,0,0.0,0,F1,75,,,,,
2025-02-25,2025-02-25,FO,NSE,IDO,54620,,NIFTY,,2025-04-03,2025-04-03,22550.0,PE,NIFTY2540322550PE,0.0,0.0,0.0,261.95,0.0,261.95,22547.55,310.55,0,0,0,0.0,0,F1,75,,,,,
2025-02-25,2025-02-25,FO,NSE,IDO,54571,,NIFTY,,2025-04-03,2025-04-03,21800.0,PE,NIFTY2540321800PE,97.15,100.2,97.15,100.2,100.2,97.15,22547.55,100.2,150,75,2,3284801.25,2,F1,75,,,,,
2025-02-25,2025-02-25,FO,NSE,IDO,54561,,NIFTY,,2025-04-03,2025-04-03,21550.0,PE,NIFTY2540321550PE,0.0,0.0,0.0,56.1,0.0,56.1,22547.55,49.3,0,0,0,0.0,0,F1,75,,,,,
2025-02-25,2025-02-25,FO,NSE,IDO,54513,,NIFTY,,2025-04-03,2025-04-03,20900.0,PE,NIFTY2540320900PE,0.0,0.0,0.0,14.7,0.0,14.7,22547.55,8.85,0,0,0,0.0,0,F1,75,,,,,
2025-02-25,2025-02-25,FO,NSE,IDO,64579,,NIFTY,,2025-03-27,2025-03-27,28000.0,PE,NIFTY25MAR28000PE,5278.0,5278.0,5166.6,5243.6,5256.0,5198.25,22547.55,5243.6,267550,3400,139,346286891.25,126,F1,75,,,,,
2025-02-25,2025-02-25,FO,NSE,IDO,58784,,NIFTY,,2025-03-27,2025-03-27,25800.0,PE,NIFTY25MAR25800PE,3000.0,3057.25,3000.0,3045.25,3045.25,2933.75,22547.55,3045.25,31875,4125,57,123222056.25,48,F1,75,,,,,
2025-02-25,2025-02-25,FO,NSE,IDO,56883,,NIFTY,,2025-03-27,2025-03-27,25450.0,PE,NIFTY25MAR25450PE,0.0,0.0,0.0,1560.7,0.0,1560.7,22547.55,2767.15,0,0,0,0.0,0,F1,75,,,,,
2025-02-25,2025-02-25,FO,NSE,IDO,56573,,NIFTY,,2025-03-27,2025-03-27,24950.0,PE,NIFTY25MAR24950PE,0.0,0.0,0.0,2180.0,2180.0,2180.0,22547.55,2271.2,75,0,0,0.0,0,F1,75,,,,,
2025-02-25,2025-02-25,FO,NSE,IDO,53847,,NIFTY,,2025-03-27,2025-03-27,23750.0,PE,NIFTY25MAR23750PE,1050.0,1050.0,1002.1,1015.75,1015.75,1022.0,22547.55,1122.7,18675,-1200,17,31590401.25,14,F1,75,,,,,
2025-02-25,2025-02-25,FO,NSE,IDO,51121,,NIFTY,,2025-03-27,2025-03-27,23350.0,PE,NIFTY25MAR23350PE,685.0,713.0,685.0,710.15,713.0,706.9,22547.55,710.15,40575,-150,8,14431200.0,8,F1,75,,,,,
2025-02-25,2025-02-25,FO,NSE,IDO,64565,,NIFTY,,2025-03-27,2025-03-27,23000.0,PE,NIFTY25MAR23000PE,514.65,514.65,450.15,474.8,487.75,480.55,22547.55,474.8,3067075,-69925,20340,35805581047.5,12745,F1,75,,,,,
2025-02-25,2025-02-25,FO,NSE,IDO,46929,,NIFTY,,2025-03-27,2025-03-27,21900.0,PE,NIFTY25MAR21900PE,101.55,102.45,85.35,90.7,96.0,98.3,22547.55,90.7,394650,21000,3439,5672011470.0,2500,F1,75,,,,,
2025-02-25,2025-02-25,FO,NSE,IDO,46920,,NIFTY,,2025-03-27,2025-03-27,21800.0,PE,NIFTY25MAR21800PE,85.0,86.05,71.15,75.45,80.45,83.9,22547.55,75.45,814875,102000,7725,12674302526.25,4245,F1,75,,,,,
2025-02-25,2025-02-25,FO,NSE,IDO,46893,,NIFTY,,2025-03-27,2025-03-27,21650.0,PE,NIFTY25MAR21650PE,60.85,62.75,56.0,59.7,62.25,64.75,22547.55,59.7,14625,-525,265,431474096.25,102,F1,75,,,,,
2025-02-25,2025-02-25,FO,NSE,IDO,46891,,NIFTY,,2025-03-27,2025-03-27,21600.0,PE,NIFTY25MAR21600PE,61.65,62.5,51.75,55.2,59.0,60.45,22547.55,55.2,360450,26475,3620,5879264677.5,2213,F1,75,,,,,
2025-02-25,2025-02-25,FO,NSE,IDO,46830,,NIFTY,,2025-03-27,2025-03-27,21100.0,PE,NIFTY25MAR21100PE,25.6,26.95,20.75,23.5,24.85,26.9,22547.55,23.5,155625,34575,3819,6050354876.25,1948,F1,75,,,,,
2025-02-25,2025-02-25,FO,NSE,IDO,64557,,NIFTY,,2025-03-27,2025-03-27,20000.0,PE,NIFTY25MAR20000PE,8.35,8.9,7.25,7.9,8.5,7.9,22547.55,7.9,1517875,46125,4947,7423375080.0,1893,F1,75,,,,,
2025-02-25,2025-02-25,FO,NSE,IDO,50320,,NIFTY,,2025-03-20,2025-03-20,24750.0,PE,NIFTY2532024750PE,0.0,0.0,0.0,1602.4,0.0,1602.4,22547.55,2102.2,0,0,0,0.0,0,F1,75,,,,,
2025-02-25,2025-02-25,FO,NSE,IDO,50200,,NIFTY,,2025-03-20,2025-03-20,22600.0,PE,NIFTY2532022600PE,261.4,271.75,230.0,242.0,257.0,258.25,22547.55,242.0,4725,825,161,275838656.25,114,F1,75,,,,,
2025-02-25,2025-02-25,FO,NSE,IDO,50187,,NIFTY,,2025-03-20,2025-03-20,22500.0,PE,NIFTY2532022500PE,225.65,234.0,192.2,208.1,212.0,221.5,22547.55,208.1,12750,2775,339,577326705.0,202,F1,75,,,,,
2025-02-25,2025-02-25,FO,NSE,IDO,50136,,NIFTY,,2025-03-20,2025-03-20,21750.0,PE,NIFTY2532021750PE,0.0,0.0,0.0,52.55,0.0,52.55,22547.55,41.0,0,0,0,0.0,0,F1,75,,,,,
2025-02-25,2025-02-25,FO,NSE,IDO,50092,,NIFTY,,2025-03-20,2025-03-20,21000.0,PE,NIFTY2532021000PE,0.0,0.0,0.0,9.65,0.0,9.65,22547.55,3.0,0,0,0,0.0,0,F1,75,,,,,
2025-02-25,2025-02-25,FO,NSE,IDO,50074,,NIFTY,,2025-03-20,2025-03-20,20800.0,PE,NIFTY2532020800PE,0.0,0.0,0.0,5.7,0.0,5.7,22547.55,1.25,0,0,0,0.0,0,F1,75,,,,,
2025-02-25,2025-02-25,FO,NSE,IDO,45632,,NIFTY,,2025-03-13,2025-03-13,24850.0,PE,NIFTY2531324850PE,0.0,0.0,0.0,1932.4,1932.4,1932.4,22547.55,2231.8,75,0,0,0.0,0,F1,75,,,,,
2025-02-25,2025-02-25,FO,NSE,IDO,45596,,NIFTY,,2025-03-13,2025-03-13,24400.0,PE,NIFTY2531324400PE,1708.0,1710.0,1708.0,1710.0,1710.0,1489.3,22547.55,1710.0,300,225,4,7832550.0,2,F1,75,,,,,
2025-02-25,2025-02-25,FO,NSE,IDO,45539,,NIFTY,,2025-03-13,2025-03-13,23700.0,PE,NIFTY2531323700PE,1045.0,1060.0,1045.0,1060.0,1060.0,995.0,22547.55,1097.0,1050,225,5,9280500.0,2,F1,75,,,,,
2025-02-25,2025-02-25,FO,NSE,IDO,45529,,NIFTY,,2025-03-13,2025-03-13,23500.0,PE,NIFTY2531323500PE,831.1,859.35,825.0,838.7,846.6,731.1,22547.55,838.7,12900,-300,65,118678485.0,25,F1,75,,,,,
2025-02-25,2025-02-25,FO,NSE,IDO,45469,,NIFTY,,2025-03-13,2025-03-13,22500.0,PE,NIFTY2531322500PE,187.5,195.9,151.6,169.0,173.35,183.7,22547.55,169.0,143250,43575,4381,7448285422.5,3172,F1,75,,,,,
2025-02-25,2025-02-25,FO,NSE,IDO,45425,,NIFTY,,2025-03-13,2025-03-13,21650.0,PE,NIFTY2531321650PE,26.35,26.35,19.9,24.05,25.5,28.8,22547.55,24.05,10425,375,158,256820643.75,69,F1,75,,,,,
2025-02-25,2025-02-25,FO,NSE,IDO,45415,,NIFTY,,2025-03-13,2025-03-13,21500.0,PE,NIFTY2531321500PE,18.15,20.8,14.4,17.3,18.2,19.65,22547.55,17.3,77475,35850,1927,3109607857.5,870,F1,75,,,,,
2025-02-25,2025-02-25,FO,NSE,IDO,45407,,NIFTY,,2025-03-13,2025-03-13,21300.0,PE,NIFTY2531321300PE,8.75,11.55,8.5,10.15,11.55,12.5,22547.55,10.15,30000,10575,531,848655191.25,219,F1,75,,,,,
2025-02-25,2025-02-25,FO,NSE,IDO,45385,,NIFTY,,2025-03-13,2025-03-13,20850.0,PE,NIFTY2531320850PE,0.0,0.0,0.0,1.55,0.0,1.55,22547.55,0.3,0,0,0,0.0,0,F1,75,,,,,
2025-02-25,2025-02-25,FO,NSE,IDO,45383,,NIFTY,,2025-03-13,2025-03-13,20800.0,PE,NIFTY2531320800PE,0.0,0.0,0.0,1.35,0.0,1.35,22547.55,0.25,0,0,0,0.0,0,F1,75,,,,,
2025-02-25,2025-02-25,FO,NSE,IDO,68648,,NIFTY,,2025-03-06,2025-03-06,24950.0,PE,NIFTY2530624950PE,0.0,0.0,0.0,1857.55,1857.9,1857.55,22547.55,2362.5,300,0,0,0.0,0,F1,75,,,,,
2025-02-25,2025-02-25,FO,NSE,IDO,68585,,NIFTY,,2025-03-06,2025-03-06,23750.0,PE,NIFTY2530623750PE,1109.75,1120.0,1090.0,1120.0,1120.0,874.35,22547.55,1120.0,1725,1275,21,39155422.5,9,F1,75,,,,,
2025-02-25,2025-02-25,FO,NSE,IDO,68475,,NIFTY,,2025-03-06,2025-03-06,23150.0,PE,NIFTY2530623150PE,526.2,547.25,499.9,516.55,525.0,525.35,22547.55,516.55,15075,1725,85,150910211.25,49,F1,75,,,,,
2025-02-25,2025-02-25,FO,NSE,IDO,57698,,NIFTY,,2025-02-27,2025-02-27,26200.0,PE,NIFTY25FEB26200PE,3651.95,3651.95,3565.0,3610.85,3615.0,3618.4,22547.55,3610.85,15975,-12825,203,453826927.5,136,F1,75,,,,,
2025-02-25,2025-02-25,FO,NSE,IDO,57666,,NIFTY,,2025-02-27,2025-02-27,25550.0,PE,NIFTY25FEB25550PE,0.0,0.0,0.0,2984.85,2984.85,2984.85,22547.55,2993.35,225,0,0,0.0,0,F1,75,,,,,
2025-02-25,2025-02-25,FO,NSE,IDO,57658,,NIFTY,,2025-02-27,2025-02-27,25350.0,PE,NIFTY25FEB25350PE,0.0,0.0,0.0,2320.85,2321.45,2320.85,22547.55,2793.4,150,0,0,0.0,0,F1,75,,,,,
2025-02-25,2025-02-25,FO,NSE,IDO,57654,,NIFTY,,2025-02-27,2025-02-27,25250.0,PE,NIFTY25FEB25250PE,0.0,0.0,0.0,2591.45,2591.45,2591.45,22547.55,2693.45,975,0,0,0.0,0,F1,75,,,,,
2025-02-25,2025-02-25,FO,NSE,IDO,57644,,NIFTY,,2025-02-27,2025-02-27,25000.0,PE,NIFTY25FEB25000PE,2422.0,2441.7,2356.25,2422.25,2440.0,2389.55,22547.55,2422.25,502650,-226200,3869,7951575570.0,3425,F1,75,,,,,
2025-02-25,2025-02-25,FO,NSE,IDO,57612,,NIFTY,,2025-02-27,2025-02-27,24250.0,PE,NIFTY25FEB24250PE,1643.75,1672.0,1643.75,1660.0,1660.0,1603.7,22547.55,1693.8,6675,-600,46,89408748.75,18,F1,75,,,,,
2025-02-25,2025-02-25,FO,NSE,IDO,57610,,NIFTY,,2025-02-27,2025-02-27,24200.0,PE,NIFTY25FEB24200PE,1611.0,1639.95,1561.0,1620.3,1635.0,1593.15,22547.55,1620.3,165300,-81975,2361,4568908368.75,1929,F1,75,,,,,
2025-02-25,2025-02-25,FO,NSE,IDO,57590,,NIFTY,,2025-02-27,2025-02-27,23700.0,PE,NIFTY25FEB23700PE,1129.7,1138.4,1055.1,1117.9,1134.95,1080.9,22547.55,1117.9,719400,-228000,4056,7546076921.25,2558,F1,75,,,,,
2025-02-25,2025-02-25,FO,NSE,IDO,55642,,NIFTY,,2025-02-27,2025-02-27,23050.0,PE,NIFTY25FEB23050PE,465.55,489.7,410.0,473.2,485.95,447.15,22547.55,473.2,180375,-6900,1022,1801686618.75,735,F1,75,,,,,
2025-02-25,2025-02-25,FO,NSE,IDO,55640,,NIFTY,,2025-02-27,2025-02-27,23000.0,PE,NIFTY25FEB23000PE,430.0,441.8,361.85,424.0,435.3,397.7,22547.55,424.0,3607050,-981375,62009,108858889781.25,40378,F1,75,,,,,
2025-02-25,2025-02-25,FO,NSE,IDO,55638,,NIFTY,,2025-02-27,2025-02-27,22950.0,PE,NIFTY25FEB22950PE,366.8,391.7,313.35,375.3,388.2,350.1,22547.55,375.3,615525,-37350,6064,10599786926.25,4345,F1,75,,,,,
2025-02-25,2025-02-25,FO,NSE,IDO,55630,,NIFTY,,2025-02-27,2025-02-27,22750.0,PE,NIFTY25FEB22750PE,200.0,206.8,137.15,175.4,187.0,178.35,22547.55,175.4,766800,-233475,210176,361228236645.0,130751,F1,75,,,,,
2025-02-25,2025-02-25,FO,NSE,IDO,55626,,NIFTY,,2025-02-27,2025-02-27,22650.0,PE,NIFTY25FEB22650PE,135.0,135.0,61.4,91.8,101.75,116.0,22547.55,91.8,3794850,315225,942307,1607052031953.75,587514,F1,75,,,,,
2025-02-25,2025-02-25,FO,NSE,IDO,55588,,NIFTY,,2025-02-27,2025-02-27,21700.0,PE,NIFTY25FEB21700PE,1.7,2.6,0.9,1.3,1.7,2.1,22547.55,1.3,4520175,839625,385794,627926112630.0,69879,F1,75,,,,,
2025-02-25,2025-02-25,FO,NSE,IDO,61794,,NIFTY,,2029-12-27,2029-12-27,27000.0,CE,NIFTY29DEC27000CE,0.0,0.0,0.0,6201.65,0.0,6201.65,22547.55,4122.0,0,0,0,0.0,0,F1,75,,,,,
2025-02-25,2025-02-25,FO,NSE,IDO,61772,,NIFTY,,2029-12-27,2029-12-27,25000.0,CE,NIFTY29DEC25000CE,0.0,0.0,0.0,7196.25,0.0,7196.25,22547.55,5101.85,0,0,0,0.0,0,F1,75,,,,,
2025-02-25,2025-02-25,FO,NSE,IDO,61659,,NIFTY,,2029-12-27,2029-12-27,21000.0,CE,NIFTY29DEC21000CE,0.0,0.0,0.0,9463.95,0.0,9463.95,22547.55,7449.0,0,0,0,0.0,0,F1,75,,,,,
2025-02-25,2025-02-25,FO,NSE,IDO,61390,,NIFTY,,2029-12-27,2029-12-27,18000.0,CE,NIFTY29DEC18000CE,0.0,0.0,0.0,11362.4,0.0,11362.4,22547.55,9467.6,0,0,0,0.0,0,F1,75,,,,,
2025-02-25,2025-02-25,FO,NSE,IDO,89636,,NIFTY,,2029-06-28,2029-06-28,27000.0,CE,NIFTY29JUN27000CE,0.0,0.0,0.0,6570.4,0.0,6570.4,22547.55,3608.5,0,0,0,0.0,0,F1,75,,,,,
2025-02-25,2025-02-25,FO,NSE,IDO,89634,,NIFTY,,2029-06-28,2029-06-28,26000.0,CE,NIFTY29JUN26000CE,0.0,0.0,0.0,7052.2,0.0,7052.2,22547.55,4073.9,0,0,0,0.0,0,F1,75,,,,,
2025-02-25,2025-02-25,FO,NSE,IDO,89628,,NIFTY,,2029-06-28,2029-06-28,23000.0,CE,NIFTY29JUN23000CE,0.0,0.0,0.0,8636.0,0.0,8636.0,22547.55,5700.05,0,0,0,0.0,0,F1,75,,,,,
2025-02-25,2025-02-25,FO,NSE,IDO,67770,,NIFTY,,2028-12-28,2028-12-28,18000.0,CE,NIFTY28DEC18000CE,0.0,0.0,0.0,9380.3,0.0,9380.3,22547.55,8586.05,0,0,0,0.0,0,F1,75,,,,,
2025-02-25,2025-02-25,FO,NSE,IDO,86147,,NIFTY,,2028-06-29,2028-06-29,22000.0,CE,NIFTY28JUN22000CE,0.0,0.0,0.0,4759.5,0.0,4759.5,22547.55,5248.45,0,0,0,0.0,0,F1,75,,,,,
2025-02-25,2025-02-25,FO,NSE,IDO,86139,,NIFTY,,2028-06-29,2028-06-29,18000.0,CE,NIFTY28JUN18000CE,0.0,0.0,0.0,6809.35,0.0,6809.35,22547.55,8121.25,0,0,0,0.0,0,F1,75,,,,,
2025-02-25,2025-02-25,FO,NSE,IDO,53605,,NIFTY,,2027-12-30,2027-12-30,19000.0,CE,NIFTY27DEC19000CE,0.0,0.0,0.0,5794.9,0.0,5794.9,22547.55,6854.15,0,0,0,0.0,0,F1,75,,,,,
2025-02-25,2025-02-25,FO,NSE,IDO,71562,,NIFTY,,2027-06-24,2027-06-24,25000.0,CE,NIFTY27JUN25000CE,0.0,0.0,0.0,2090.05,0.0,2090.05,22547.55,2352.55,0,0,0,0.0,0,F1,75,,,,,
2025-02-25,2025-02-25,FO,NSE,IDO,71547,,NIFTY,,2027-06-24,2027-06-24,18000.0,CE,NIFTY27JUN18000CE,0.0,0.0,0.0,4066.45,0.0,4066.45,22547.55,7119.5,0,0,0,0.0,0,F1,75,,,,,
2025-02-25,2025-02-25,FO,NSE,IDO,71505,,NIFTY,,2026-12-31,2026-12-31,26000.0,CE,NIFTY26DEC26000CE,1000.0,1335.0,1000.0,1335.0,1335.0,1500.0,22547.55,1395.5,675,450,7,14282625.0,7,F1,75,,,,,
2025-02-25,2025-02-25,FO,NSE,IDO,71503,,NIFTY,,2026-12-31,2026-12-31,25000.0,CE,NIFTY26DEC25000CE,1870.0,1870.0,1770.0,1790.65,1770.0,1850.0,22547.55,1790.65,8525,1950,32,64316925.0,19,F1,75,,,,,
2025-02-25,2025-02-25,FO,NSE,IDO,50973,,NIFTY,,2026-06-25,2026-06-25,27000.0,CE,NIFTY26JUN27000CE,0.0,0.0,0.0,1352.8,0.0,1352.8,22547.55,595.9,0,0,0,0.0,0,F1,75,,,,,
2025-02-25,2025-02-25,FO,NSE,IDO,42129,,NIFTY,,2025-12-24,2025-12-24,31000.0,CE,NIFTY25DEC31000CE,37.15,43.9,37.15,41.9,41.1,42.05,22547.55,41.9,35625,400,110,256096713.75,63,F1,75,,,,,
2025-02-25,2025-02-25,FO,NSE,IDO,64700,,NIFTY,,2025-09-25,2025-09-25,28000.0,CE,NIFTY25SEP28000CE,0.0,0.0,0.0,1788.2,0.0,1788.2,22547.55,38.6,0,0,0,0.0,0,F1,75,,,,,
2025-02-25,2025-02-25,FO,NSE,IDO,64690,,NIFTY,,2025-09-25,2025-09-25,23000.0,CE,NIFTY25SEP23000CE,1156.8,1199.95,1147.65,1152.0,1149.0,1175.4,22547.55,1152.0,8625,2625,93,168615037.5,85,F1,75,,,,,
2025-02-25,2025-02-25,FO,NSE,IDO,64688,,NIFTY,,2025-09-25,2025-09-25,22000.0,CE,NIFTY25SEP22000CE,0.0,0.0,0.0,5865.75,0.0,5865.75,22547.55,1725.6,0,0,0,0.0,0,F1,75,,,,,
2025-02-25,2025-02-25,FO,NSE,IDO,64684,,NIFTY,,2025-09-25,2025-09-25,20000.0,CE,NIFTY25SEP20000CE,0.0,0.0,0.0,7643.1,0.0,7643.1,22547.55,3342.5,0,0,0,0.0,0,F1,75,,,,,
2025-02-25,2025-02-25,FO,NSE,IDO,79727,,NIFTY,,2025-04-24,2025-04-24,25050.0,CE,NIFTY25APR25050CE,0.0,0.0,0.0,52.35,52.35,52.35,22547.55,18.15,750,0,0,0.0,0,F1,75,,,,,
2025-02-25,2025-02-25,FO,NSE,IDO,79646,,NIFTY,,2025-04-24,2025-04-24,24650.0,CE,NIFTY25APR24650CE,0.0,0.0,0.0,40.55,40.55,40.55,22547.55,37.25,1050,0,0,0.0,0,F1,75,,,,,
2025-02-25,2025-02-25,FO,NSE,IDO,79608,,NIFTY,,2025-04-24,2025-04-24,24200.0,CE,NIFTY25APR24200CE,63.15,66.1,48.0,54.25,48.0,68.0,22547.55,54.25,36675,-2100,572,1040598120.0,242,F1,75,,,,,
2025-02-25,2025-02-25,FO,NSE,IDO,79503,,NIFTY,,2025-04-24,2025-04-24,23550.0,CE,NIFTY25APR23550CE,193.95,193.95,166.0,168.15,166.0,196.0,22547.55,168.15,1050,975,16,28463718.75,7,F1,75,,,,,
2025-02-25,2025-02-25,FO,NSE,IDO,79436,,NIFTY,,2025-04-24,2025-04-24,23100.0,CE,NIFTY25APR23100CE,355.55,379.0,335.65,341.95,336.9,380.75,22547.55,341.95,28050,-975,173,304295062.5,108,F1,75,,,,,
2025-02-25,2025-02-25,FO,NSE,IDO,79434,,NIFTY,,2025-04-24,2025-04-24,23050.0,CE,NIFTY25APR23050CE,399.0,399.0,367.25,384.55,384.55,401.9,22547.55,357.6,3675,-75,8,14062852.5,7,F1,75,,,,,
2025-02-25,2025-02-25,FO,NSE,IDO,79370,,NIFTY,,2025-04-24,2025-04-24,22200.0,CE,NIFTY25APR22200CE,0.0,0.0,0.0,926.0,926.0,926.0,22547.55,812.7,225,0,0,0.0,0,F1,75,,,,,
2025-02-25,2025-02-25,FO,NSE,IDO,79266,,NIFTY,,2025-04-24,2025-04-24,21750.0,CE,NIFTY25APR21750CE,0.0,0.0,0.0,1985.45,0.0,1985.45,22547.55,1143.4,0,0,0,0.0,0,F1,75,,,,,
2025-02-25,2025-02-25,FO,NSE,IDO,79251,,NIFTY,,2025-04-24,2025-04-24,21400.0,CE,NIFTY25APR21400CE,0.0,0.0,0.0,2285.9,0.0,2285.9,22547.55,1434.7,0,0,0,0.0,0,F1,75,,,,,
2025-02-25,2025-02-25,FO,NSE,IDO,54848,,NIFTY,,2025-04-03,2025-04-03,24350.0,CE,NIFTY2540324350CE,0.0,0.0,0.0,111.75,0.0,111.75,22547.55,19.7,0,0,0,0.0,0,F1,75,,,,,
2025-02-25,2025-02-25,FO,NSE,IDO,54781,,NIFTY,,2025-04-03,2025-04-03,24000.0,CE,NIFTY2540324000CE,44.4,44.4,26.1,28.05,26.1,179.05,22547.55,28.05,225,225,3,5407533.75,3,F1,75,,,,,
2025-02-25,2025-02-25,FO,NSE,IDO,54574,,NIFTY,,2025-04-03,2025-04-03,21900.0,CE,NIFTY2540321900CE,0.0,0.0,0.0,1296.0,0.0,1296.0,22547.55,895.15,0,0,0,0.0,0,F1,75,,,,,
2025-02-25,2025-02-25,FO,NSE,IDO,54572,,NIFTY,,2025-04-03,2025-04-03,21850.0,CE,NIFTY2540321850CE,0.0,0.0,0.0,1337.55,0.0,1337.55,22547.55,935.05,0,0,0,0.0,0,F1,75,,,,,
2025-02-25,2025-02-25,FO,NSE,IDO,54568,,NIFTY,,2025-04-03,2025-04-03,21750.0,CE,NIFTY2540321750CE,0.0,0.0,0.0,1422.05,0.0,1422.05,22547.55,1016.9,0,0,0,0.0,0,F1,75,,,,,
2025-02-25,2025-02-25,FO,NSE,IDO,54566,,NIFTY,,2025-04-03,2025-04-03,21700.0,CE,NIFTY2540321700CE,0.0,0.0,0.0,1465.05,0.0,1465.05,22547.55,1058.9,0,0,0,0.0,0,F1,75,,,,,
2025-02-25,2025-02-25,FO,NSE,IDO,54520,,NIFTY,,2025-04-03,2025-04-03,21050.0,CE,NIFTY2540321050CE,0.0,0.0,0.0,2056.95,0.0,2056.95,22547.55,1649.5,0,0,0,0.0,0,F1,75,,,,,
2025-02-25,2025-02-25,FO,NSE,IDO,64584,,NIFTY,,2025-03-27,2025-03-27,30000.0,CE,NIFTY25MAR30000CE,4.05,4.05,3.15,3.75,3.65,4.05,22547.55,3.75,476175,36400,1904,4284518602.5,418,F1,75,,,,,
2025-02-25,2025-02-25,FO,NSE,IDO,58793,,NIFTY,,2025-03-27,2025-03-27,25900.0,CE,NIFTY25MAR25900CE,5.6,5.6,3.75,4.1,3.95,6.05,22547.55,4.1,8550,-1425,124,240913773.75,79,F1,75,,,,,
2025-02-25,2025-02-25,FO,NSE,IDO,56890,,NIFTY,,2025-03-27,2025-03-27,25650.0,CE,NIFTY25MAR25650CE,5.5,6.3,4.25,4.25,4.25,6.85,22547.55,4.25,7275,-2550,46,88511055.0,19,F1,75,,,,,
2025-02-25,2025-02-25,FO,NSE,IDO,56868,,NIFTY,,2025-03-27,2025-03-27,25100.0,CE,NIFTY25MAR25100CE,7.8,7.8,5.3,5.85,5.45,7.8,22547.55,5.85,57075,14700,494,930193095.0,252,F1,75,,,,,
2025-02-25,2025-02-25,FO,NSE,IDO,56566,,NIFTY,,2025-03-27,2025-03-27,24850.0,CE,NIFTY25MAR24850CE,7.95,8.0,6.05,6.05,6.05,8.35,22547.55,6.05,5325,-1125,27,50336283.75,11,F1,75,,,,,
2025-02-25,2025-02-25,FO,NSE,IDO,56534,,NIFTY,,2025-03-27,2025-03-27,24650.0,CE,NIFTY25MAR24650CE,9.25,9.25,7.85,7.9,7.9,9.6,22547.55,4.35,8250,-900,24,44384666.25,10,F1,75,,,,,
2025-02-25,2025-02-25,FO,NSE,IDO,51122,,NIFTY,,2025-03-27,2025-03-27,23400.0,CE,NIFTY25MAR23400CE,97.05,97.05,74.3,76.9,74.3,100.15,22547.55,76.9,561975,64125,10209,17979638932.5,6119,F1,75,,,,,
2025-02-25,2025-02-25,FO,NSE,IDO,49834,,NIFTY,,2025-03-27,2025-03-27,23250.0,CE,NIFTY25MAR23250CE,128.6,136.1,108.0,111.9,108.0,139.65,22547.55,111.9,66750,3000,1242,2176853550.0,759,F1,75,,,,,
2025-02-25,2025-02-25,FO,NSE,IDO,48217,,NIFTY,,2025-03-27,2025-03-27,22900.0,CE,NIFTY25MAR22900CE,279.8,279.8,233.0,239.2,233.05,274.05,22547.55,239.2,496500,125250,7183,12469846650.0,4763,F1,75,,,,,
2025-02-25,2025-02-25,FO,NSE,IDO,47042,,NIFTY,,2025-03-27,2025-03-27,22800.0,CE,NIFTY25MAR22800CE,331.0,338.15,279.7,287.9,282.45,323.4,22547.55,287.9,853650,190650,13923,24119575755.0,9667,F1,75,,,,,
2025-02-25,2025-02-25,FO,NSE,IDO,46951,,NIFTY,,2025-03-27,2025-03-27,22050.0,CE,NIFTY25MAR22050CE,0.0,0.0,0.0,1012.75,1012.75,1012.75,22547.55,730.55,150,0,0,0.0,0,F1,75,,,,,
2025-02-25,2025-02-25,FO,NSE,IDO,46928,,NIFTY,,2025-03-27,2025-03-27,21900.0,CE,NIFTY25MAR21900CE,921.0,936.0,887.0,887.0,887.0,935.5,22547.55,887.0,2550,750,23,39350898.75,19,F1,75,,,,,
2025-02-25,2025-02-25,FO,NSE,IDO,50264,,NIFTY,,2025-03-20,2025-03-20,23900.0,CE,NIFTY2532023900CE,17.95,17.95,10.9,11.35,11.4,18.5,22547.55,11.35,3750,600,68,121953540.0,29,F1,75,,,,,
2025-02-25,2025-02-25,FO,NSE,IDO,50233,,NIFTY,,2025-03-20,2025-03-20,23250.0,CE,NIFTY2532023250CE,88.75,88.75,71.15,73.5,72.0,264.25,22547.55,73.5,525,375,10,17495865.0,7,F1,75,,,,,
2025-02-25,2025-02-25,FO,NSE,IDO,50157,,NIFTY,,2025-03-20,2025-03-20,22150.0,CE,NIFTY2532022150CE,0.0,0.0,0.0,1142.65,0.0,1142.65,22547.55,602.25,0,0,0,0.0,0,F1,75,,,,,
2025-02-25,2025-02-25,FO,NSE,IDO,50129,,NIFTY,,2025-03-20,2025-03-20,21600.0,CE,NIFTY2532021600CE,0.0,0.0,0.0,1618.6,0.0,1618.6,22547.55,1062.1,0,0,0,0.0,0,F1,75,,,,,
2025-02-25,2025-02-25,FO,NSE,IDO,50113,,NIFTY,,2025-03-20,2025-03-20,21300.0,CE,NIFTY2532021300CE,0.0,0.0,0.0,1897.85,0.0,1897.85,22547.55,1344.25,0,0,0,0.0,0,F1,75,,,,,
2025-02-25,2025-02-25,FO,NSE,IDO,50093,,NIFTY,,2025-03-20,2025-03-20,21050.0,CE,NIFTY2532021050CE,0.0,0.0,0.0,2137.0,0.0,2137.0,22547.55,1587.3,0,0,0,0.0,0,F1,75,,,,,
2025-02-25,2025-02-25,FO,NSE,IDO,50073,,NIFTY,,2025-03-20,2025-03-20,20800.0,CE,NIFTY2532020800CE,0.0,0.0,0.0,2380.0,0.0,2380.0,22547.55,1833.85,0,0,0,0.0,0,F1,75,,,,,
2025-02-25,2025-02-25,FO,NSE,IDO,45531,,NIFTY,,2025-03-13,2025-03-13,23550.0,CE,NIFTY2531323550CE,19.3,20.05,10.15,11.7,10.15,22.95,22547.55,11.7,13500,9000,448,791731522.5,190,F1,75,,,,,
2025-02-25,2025-02-25,FO,NSE,IDO,45523,,NIFTY,,2025-03-13,2025-03-13,23400.0,CE,NIFTY2531323400CE,37.25,37.3,15.7,19.2,15.7,38.3,22547.55,19.2,121500,74475,5119,8992928002.5,2467,F1,75,,,,,
2025-02-25,2025-02-25,FO,NSE,IDO,45442,,NIFTY,,2025-03-13,2025-03-13,22050.0,CE,NIFTY2531322050CE,0.0,0.0,0.0,912.15,912.15,912.15,22547.55,621.8,75,0,0,0.0,0,F1,75,,,,,
2025-02-25,2025-02-25,FO,NSE,IDO,45416,,NIFTY,,2025-03-13,2025-03-13,21550.0,CE,NIFTY2531321550CE,0.0,0.0,0.0,1364.45,1364.45,1364.45,22547.55,1069.25,75,0,0,0.0,0,F1,75,,,,,
2025-02-25,2025-02-25,FO,NSE,IDO,45406,,NIFTY,,2025-03-13,2025-03-13,21300.0,CE,NIFTY2531321300CE,0.0,0.0,0.0,1616.25,1616.25,1616.25,22547.55,1311.55,75,0,0,0.0,0,F1,75,,,,,
2025-02-25,2025-02-25,FO,NSE,IDO,45388,,NIFTY,,2025-03-13,2025-03-13,20950.0,CE,NIFTY2531320950CE,0.0,0.0,0.0,2801.2,0.0,2801.2,22547.55,1657.7,0,0,0,0.0,0,F1,75,,,,,
2025-02-25,2025-02-25,FO,NSE,IDO,68872,,NIFTY,,2025-03-06,2025-03-06,25500.0,CE,NIFTY2530625500CE,1.55,1.95,1.35,1.65,1.65,1.8,22547.55,1.65,1905225,1484175,36680,70154966178.75,12193,F1,75,,,,,
2025-02-25,2025-02-25,FO,NSE,IDO,68604,,NIFTY,,2025-03-06,2025-03-06,24250.0,CE,NIFTY2530624250CE,2.95,2.95,1.8,1.95,1.85,3.1,22547.55,1.95,32925,-6375,429,780314182.5,251,F1,75,,,,,
2025-02-25,2025-02-25,FO,NSE,IDO,68488,,NIFTY,,2025-03-06,2025-03-06,23450.0,CE,NIFTY2530623450CE,15.0,20.0,3.7,4.45,3.7,11.4,22547.55,4.45,223350,74850,11623,20447075205.0,6203,F1,75,,,,,
2025-02-25,2025-02-25,FO,NSE,IDO,68478,,NIFTY,,2025-03-06,2025-03-06,23250.0,CE,NIFTY2530623250CE,25.0,25.0,7.05,8.7,7.05,23.65,22547.55,8.7,355725,186150,18406,32111785938.75,9042,F1,75,,,,,
2025-02-25,2025-02-25,FO,NSE,IDO,68472,,NIFTY,,2025-03-06,2025-03-06,23100.0,CE,NIFTY2530623100CE,38.95,41.6,16.0,18.25,16.0,43.1,22547.55,18.25,883275,378075,64929,112608070012.5,31512,F1,75,,,,,
2025-02-25,2025-02-25,FO,NSE,IDO,68466,,NIFTY,,2025-03-06,2025-03-06,22950.0,CE,NIFTY2530622950CE,70.35,74.6,35.35,41.1,38.95,77.2,22547.55,41.1,494475,342225,26134,45079689198.75,17442,F1,75,,,,,
2025-02-25,2025-02-25,FO,NSE,IDO,68454,,NIFTY,,2025-03-06,2025-03-06,22700.0,CE,NIFTY2530622700CE,169.65,171.35,116.2,125.65,119.0,175.05,22547.55,125.65,1760025,653325,85337,146187058657.5,49512,F1,75,,,,,
2025-02-25,2025-02-25,FO,NSE,IDO,68425,,NIFTY,,2025-03-06,2025-03-06,22200.0,CE,NIFTY2530622200CE,504.95,525.0,458.7,471.05,462.0,520.2,22547.55,471.05,23550,10350,1554,2644566551.25,760,F1,75,,,,,
2025-02-25,2025-02-25,FO,NSE,IDO,68423,,NIFTY,,2025-03-06,2025-03-06,22150.0,CE,NIFTY2530622150CE,540.0,541.0,505.6,507.15,506.0,560.4,22547.55,507.15,5550,-600,21,35690021.25,9,F1,75,,,,,
2025-02-25,2025-02-25,FO,NSE,IDO,68405,,NIFTY,,2025-03-06,2025-03-06,21750.0,CE,NIFTY2530621750CE,0.0,0.0,0.0,921.85,917.45,921.85,22547.55,838.9,2625,0,0,0.0,0,F1,75,,,,,
2025-02-25,2025-02-25,FO,NSE,IDO,68399,,NIFTY,,2025-03-06,2025-03-06,21600.0,CE,NIFTY2530621600CE,1030.0,1060.25,1030.0,1058.0,1058.0,1092.0,22547.55,984.85,1350,450,9,15280743.75,6,F1,75,,,,,
2025-02-25,2025-02-25,FO,NSE,IDO,68378,,NIFTY,,2025-03-06,2025-03-06,21200.0,CE,NIFTY2530621200CE,1418.35,1455.0,1418.35,1453.75,1453.75,1668.45,22547.55,1453.75,525,450,8,13584300.0,8,F1,75,,,,,
2025-02-25,2025-02-25,FO,NSE,IDO,68368,,NIFTY,,2025-03-06,2025-03-06,20950.0,CE,NIFTY2530620950CE,0.0,0.0,0.0,2440.9,0.0,2440.9,22547.55,1631.1,0,0,0,0.0,0,F1,75,,,,,
2025-02-25,2025-02-25,FO,NSE,IDO,57689,,NIFTY,,2025-02-27,2025-02-27,26150.0,CE,NIFTY25FEB26150CE,0.95,0.95,0.4,0.5,0.4,0.95,22547.55,0.5,39375,-11175,2599,5097411288.75,550,F1,75,,,,,
2025-02-25,2025-02-25,FO,NSE,IDO,57685,,NIFTY,,2025-02-27,2025-02-27,26050.0,CE,NIFTY25FEB26050CE,1.45,1.45,0.35,0.45,0.8,1.0,22547.55,0.45,35700,-30525,5217,10192940591.25,1136,F1,75,,,,,
2025-02-25,2025-02-25,FO,NSE,IDO,57633,,NIFTY,,2025-02-27,2025-02-27,24800.0,CE,NIFTY25FEB24800CE,1.1,1.25,0.5,0.75,0.55,1.2,22547.55,0.75,1759050,-408225,53580,99662126062.5,10765,F1,75,,,,,
2025-02-25,2025-02-25,FO,NSE,IDO,57625,,NIFTY,,2025-02-27,2025-02-27,24600.0,CE,NIFTY25FEB24600CE,1.05,1.05,0.5,0.7,0.55,1.15,22547.55,0.7,531825,-416925,40912,75485071856.25,8561,F1,75,,,,,
2025-02-25,2025-02-25,FO,NSE,IDO,55631,,NIFTY,,2025-02-27,2025-02-27,22800.0,CE,NIFTY25FEB22800CE,28.0,28.0,5.25,6.5,5.3,31.45,22547.55,6.5,9777300,-3457950,1514190,2590652414568.75,430088,F1,75,,,,,
2025-02-25,2025-02-25,FO,NSE,IDO,55629,,NIFTY,,2025-02-27,2025-02-27,22750.0,CE,NIFTY25FEB22750CE,32.95,39.5,6.9,8.7,6.95,44.0,22547.55,8.7,4701825,1080525,1021088,1743433077326.25,362809,F1,75,,,,,
2025-02-25,2025-02-25,FO,NSE,IDO,55621,,NIFTY,,2025-02-27,2025-02-27,22550.0,CE,NIFTY25FEB22550CE,116.35,138.8,63.0,77.85,64.05,140.25,22547.55,77.85,2841675,1141650,1441357,2447945789122.5,898109,F1,75,,,,,
2025-02-25,2025-02-25,FO,NSE,IDO,45449,,NIFTY,,2025-03-13,2025-03-13,22150.0,PE,NIFTY2531322150PE,90.0,90.0,66.85,77.4,78.85,87.6,22547.55,77.4,16350,9675,306,510077531.25,171,F1,75,,,,,
2025-02-25,2025-02-25,FO,NSE,IDO,45541,,NIFTY,,2025-03-13,2025-03-13,23750.0,PE,NIFTY2531323750PE,0.0,0.0,0.0,870.6,870.6,870.6,22547.55,1144.85,150,0,0,0.0,0,F1,75,,,,,
2025-02-25,2025-02-25,FO,NSE,IDO,45551,,NIFTY,,2025-03-13,2025-03-13,24000.0,PE,NIFTY2531324000PE,1350.0,1350.25,1300.0,1325.0,1340.0,1287.0,22547.55,1325.0,10500,10275,143,271695127.5,66,F1,75,,,,,
2025-02-25,2025-02-25,FO,NSE,IDO,45553,,NIFTY,,2025-03-13,2025-03-13,24050.0,PE,NIFTY2531324050PE,0.0,0.0,0.0,1148.4,1148.4,1148.4,22547.55,1437.0,75,0,0,0.0,0,F1,75,,,,,
2025-02-25,2025-02-25,FO,NSE,IDO,68417,,NIFTY,,2025-03-06,2025-03-06,22000.0,CE,NIFTY2530622000CE,675.05,705.0,634.4,652.0,640.0,692.5,22547.55,652.0,74700,27600,2425,4121964345.0,1145,F1,75,,,,,
2025-02-25,2025-02-25,FO,NSE,IDO,68458,,NIFTY,,2025-03-06,2025-03-06,22800.0,CE,NIFTY2530622800CE,120.55,126.5,76.95,84.2,78.65,129.65,22547.55,84.2,2079000,654825,85839,147408090153.75,46382,F1,75,,,,,
2025-02-25,2025-02-25,FO,NSE,IDO,68594,,NIFTY,,2025-03-06,2025-03-06,24000.0,CE,NIFTY2530624000CE,4.7,4.7,2.05,2.25,2.15,3.9,22547.55,2.25,1543500,628200,39148,70473938988.75,12556,F1,75,,,,,
2025-02-25,2025-02-25,FO,NSE,IDO,68610,,NIFTY,,2025-03-06,2025-03-06,24300.0,CE,NIFTY2530624300CE,2.55,2.65,1.65,1.8,1.7,2.9,22547.55,1.8,75375,-42750,2978,5427866928.75,1390,F1,75,,,,,
2025-02-25,2025-02-25,FO,NSE,IDO,68616,,NIFTY,,2025-03-06,2025-03-06,24450.0,CE,NIFTY2530624450CE,2.0,2.2,1.65,1.7,1.65,2.65,22547.55,1.7,5025,225,42,77023256.25,15,F1,75,,,,,
2025-02-25,2025-02-25,FO,NSE,IDO,68635,,NIFTY,,2025-03-06,2025-03-06,24850.0,CE,NIFTY2530624850CE,1.8,1.8,1.6,1.65,1.65,2.2,22547.55,1.65,2925,75,15,27958177.5,9,F1,75,,,,,
2025-02-25,2025-02-25,FO,NSE,IDO,68637,,NIFTY,,2025-03-06,2025-03-06,24900.0,CE,NIFTY2530624900CE,1.6,1.85,1.55,1.65,1.75,2.2,22547.55,1.65,14625,225,240,448230435.0,120,F1,75,,,,,
2025-02-25,2025-02-25,FO,NSE,IDO,50082,,NIFTY,,2025-03-20,2025-03-20,20950.0,PE,NIFTY2532020950PE,0.0,0.0,0.0,8.5,0.0,8.5,22547.55,2.45,0,0,0,0.0,0,F1,75,,,,,
2025-02-25,2025-02-25,FO,NSE,IDO,50150,,NIFTY,,2025-03-20,2025-03-20,22000.0,PE,NIFTY2532022000PE,94.0,96.0,77.2,83.85,87.5,92.7,22547.55,83.85,19950,6075,391,647610138.75,187,F1,75,,,,,
2025-02-25,2025-02-25,FO,NSE,IDO,50166,,NIFTY,,2025-03-20,2025-03-20,22250.0,PE,NIFTY2532022250PE,139.35,142.3,127.4,130.1,130.1,143.6,22547.55,130.1,450,375,10,16785716.25,6,F1,75,,,,,
2025-02-25,2025-02-25,FO,NSE,IDO,50204,,NIFTY,,2025-03-20,2025-03-20,22700.0,PE,NIFTY2532022700PE,286.0,296.65,270.8,287.15,288.95,304.8,22547.55,287.15,5100,2250,66,113759190.0,39,F1,75,,,,,
2025-02-25,2025-02-25,FO,NSE,IDO,50234,,NIFTY,,2025-03-20,2025-03-20,23250.0,PE,NIFTY2532023250PE,0.0,0.0,0.0,489.15,0.0,489.15,22547.55,699.3,0,0,0,0.0,0,F1,75,,,,,
2025-02-25,2025-02-25,FO,NSE,IDO,50244,,NIFTY,,2025-03-20,2025-03-20,23500.0,PE,NIFTY2532023500PE,0.0,0.0,0.0,631.35,0.0,631.35,22547.55,907.0,0,0,0,0.0,0,F1,75,,,,,
2025-02-25,2025-02-25,FO,NSE,IDO,50246,,NIFTY,,2025-03-20,2025-03-20,23550.0,PE,NIFTY2532023550PE,0.0,0.0,0.0,662.25,0.0,662.25,22547.55,950.75,0,0,0,0.0,0,F1,75,,,,,
2025-02-25,2025-02-25,FO,NSE,IDO,50282,,NIFTY,,2025-03-20,2025-03-20,24100.0,PE,NIFTY2532024100PE,0.0,0.0,0.0,1051.55,0.0,1051.55,22547.55,1463.05,0,0,0,0.0,0,F1,75,,,,,
2025-02-25,2025-02-25,FO,NSE,IDO,50288,,NIFTY,,2025-03-20,2025-03-20,24250.0,PE,NIFTY2532024250PE,0.0,0.0,0.0,1171.4,0.0,1171.4,22547.55,1608.9,0,0,0,0.0,0,F1,75,,,,,
2025-02-25,2025-02-25,FO,NSE,IDO,64553,,NIFTY,,2025-03-27,2025-03-27,18000.0,PE,NIFTY25MAR18000PE,2.95,3.0,2.7,2.85,2.95,2.8,22547.55,2.85,454125,-16475,1324,1787681715.0,493,F1,75,,,,,
2025-02-25,2025-02-25,FO,NSE,IDO,46826,,NIFTY,,2025-03-27,2025-03-27,20950.0,PE,NIFTY25MAR20950PE,22.25,22.25,14.15,19.45,19.9,27.85,22547.55,19.45,6750,6750,328,515849077.5,202,F1,75,,,,,
2025-02-25,2025-02-25,FO,NSE,IDO,46953,,NIFTY,,2025-03-27,2025-03-27,22050.0,PE,NIFTY25MAR22050PE,126.8,129.0,110.1,117.9,123.75,126.8,22547.55,117.9,46950,-9750,599,995944897.5,311,F1,75,,,,,
2025-02-25,2025-02-25,FO,NSE,IDO,47039,,NIFTY,,2025-03-27,2025-03-27,22700.0,PE,NIFTY25MAR22700PE,309.55,343.2,303.55,321.8,329.7,328.8,22547.55,321.8,1026375,336450,13793,23813279692.5,9085,F1,75,,,,,
2025-02-25,2025-02-25,FO,NSE,IDO,54820,,NIFTY,,2025-03-27,2025-03-27,24150.0,PE,NIFTY25MAR24150PE,0.0,0.0,0.0,1428.7,1428.7,1428.7,22547.55,1491.45,7350,0,0,0.0,0,F1,75,,,,,
2025-02-25,2025-02-25,FO,NSE,IDO,55061,,NIFTY,,2025-03-27,2025-03-27,24200.0,PE,NIFTY25MAR24200PE,1429.05,1483.3,1429.05,1463.3,1461.0,1452.3,22547.55,1463.3,69900,7875,115,221311350.0,79,F1,75,,,,,
2025-02-25,2025-02-25,FO,NSE,IDO,55198,,NIFTY,,2025-03-27,2025-03-27,24300.0,PE,NIFTY25MAR24300PE,1566.25,1600.0,1544.5,1564.0,1600.0,1539.75,22547.55,1564.0,33300,2100,68,131860035.0,36,F1,75,,,,,
2025-02-25,2025-02-25,FO,NSE,IDO,56569,,NIFTY,,2025-03-27,2025-03-27,24900.0,PE,NIFTY25MAR24900PE,2150.0,2160.0,2148.9,2160.0,2160.0,1919.55,22547.55,2160.0,4425,0,6,12175192.5,6,F1,75,,,,,
2025-02-25,2025-02-25,FO,NSE,IDO,56877,,NIFTY,,2025-03-27,2025-03-27,25300.0,PE,NIFTY25MAR25300PE,2510.0,2568.0,2510.0,2530.0,2530.0,2505.0,22547.55,2618.15,7800,4500,72,150396915.0,57,F1,75,,,,,
2025-02-25,2025-02-25,FO,NSE,IDO,56885,,NIFTY,,2025-03-27,2025-03-27,25500.0,PE,NIFTY25MAR25500PE,2761.0,2775.35,2701.6,2752.6,2766.6,2722.45,22547.55,2752.6,257775,98625,1464,3101216190.0,1214,F1,75,,,,,
2025-02-25,2025-02-25,FO,NSE,IDO,64577,,NIFTY,,2025-03-27,2025-03-27,27000.0,PE,NIFTY25MAR27000PE,4277.95,4277.95,4184.35,4228.0,4254.0,4211.1,22547.55,4228.0,575750,31950,977,2287746082.5,767,F1,75,,,,,
2025-02-25,2025-02-25,FO,NSE,IDO,64593,,NIFTY,,2025-03-27,2025-03-27,31000.0,PE,NIFTY25MAR31000PE,0.0,0.0,0.0,7725.75,7725.75,7725.75,22547.55,8287.3,25425,0,0,0.0,0,F1,75,,,,,
2025-02-25,2025-02-25,FO,NSE,IDO,54537,,NIFTY,,2025-04-03,2025-04-03,21200.0,PE,NIFTY2540321200PE,0.0,0.0,0.0,28.3,0.0,28.3,22547.55,20.7,0,0,0,0.0,0,F1,75,,,,,
2025-02-25,2025-02-25,FO,NSE,IDO,54700,,NIFTY,,2025-04-03,2025-04-03,23350.0,PE,NIFTY2540323350PE,0.0,0.0,0.0,628.4,0.0,628.4,22547.55,793.95,0,0,0,0.0,0,F1,75,,,,,
2025-02-25,2025-02-25,FO,NSE,IDO,54708,,NIFTY,,2025-04-03,2025-04-03,23400.0,PE,NIFTY2540323400PE,0.0,0.0,0.0,658.0,0.0,658.0,22547.55,831.9,0,0,0,0.0,0,F1,75,,,,,
2025-02-25,2025-02-25,FO,NSE,IDO,54752,,NIFTY,,2025-04-03,2025-04-03,23600.0,PE,NIFTY2540323600PE,0.0,0.0,0.0,783.7,0.0,783.7,22547.55,990.9,0,0,0,0.0,0,F1,75,,,,,
2025-02-25,2025-02-25,FO,NSE,IDO,79224,,NIFTY,,2025-04-24,2025-04-24,20850.0,PE,NIFTY25APR20850PE,48.5,52.95,48.5,51.1,52.0,37.35,22547.55,51.1,7500,7500,104,163036995.0,19,F1,75,,,,,
2025-02-25,2025-02-25,FO,NSE,IDO,79230,,NIFTY,,2025-04-24,2025-04-24,21000.0,PE,NIFTY25APR21000PE,60.85,64.3,55.25,58.0,61.9,46.5,22547.55,58.0,412800,412800,9260,14626213668.75,4338,F1,75,,,,,
2025-02-25,2025-02-25,FO,NSE,IDO,79236,,NIFTY,,2025-04-24,2025-04-24,21150.0,PE,NIFTY25APR21150PE,0.0,0.0,0.0,57.5,0.0,57.5,22547.55,41.75,0,0,0,0.0,0,F1,75,,,,,
2025-02-25,2025-02-25,FO,NSE,IDO,79252,,NIFTY,,2025-04-24,2025-04-24,21400.0,PE,NIFTY25APR21400PE,96.0,97.5,86.45,90.6,93.55,96.25,22547.55,90.6,157575,-15675,654,1054245120.0,263,F1,75,,,,,
2025-02-25,2025-02-25,FO,NSE,IDO,79254,,NIFTY,,2025-04-24,2025-04-24,21450.0,PE,NIFTY25APR21450PE,0.0,0.0,0.0,85.75,0.0,85.75,22547.55,73.6,0,0,0,0.0,0,F1,75,,,,,
2025-02-25,2025-02-25,FO,NSE,IDO,79261,,NIFTY,,2025-04-24,2025-04-24,21600.0,PE,NIFTY25APR21600PE,115.3,116.5,101.55,108.5,110.3,115.3,22547.55,108.5,60375,16650,586,954102360.0,403,F1,75,,,,,
2025-02-25,2025-02-25,FO,NSE,IDO,79282,,NIFTY,,2025-04-24,2025-04-24,21950.0,PE,NIFTY25APR21950PE,0.0,0.0,0.0,150.8,150.8,150.8,22547.55,166.5,300,0,0,0.0,0,F1,75,,,,,
2025-02-25,2025-02-25,FO,NSE,IDO,79298,,NIFTY,,2025-04-24,2025-04-24,22150.0,PE,NIFTY25APR22150PE,195.5,195.5,195.5,195.5,195.5,192.65,22547.55,221.45,225,75,1,1675912.5,1,F1,75,,,,,
2025-02-25,2025-02-25,FO,NSE,IDO,79372,,NIFTY,,2025-04-24,2025-04-24,22200.0,PE,NIFTY25APR22200PE,232.0,232.0,211.75,222.65,226.6,226.5,22547.55,222.65,98400,7125,396,665895378.75,286,F1,75,,,,,
2025-02-25,2025-02-25,FO,NSE,IDO,79389,,NIFTY,,2025-04-24,2025-04-24,22400.0,PE,NIFTY25APR22400PE,298.2,298.25,259.7,279.2,288.8,287.3,22547.55,279.2,49425,6675,348,591841897.5,202,F1,75,,,,,
2025-02-25,2025-02-25,FO,NSE,IDO,79423,,NIFTY,,2025-04-24,2025-04-24,22900.0,PE,NIFTY25APR22900PE,470.7,490.4,438.7,465.0,476.45,472.45,22547.55,465.0,43050,375,1231,2157330708.75,457,F1,75,,,,,
2025-02-25,2025-02-25,FO,NSE,IDO,79528,,NIFTY,,2025-04-24,2025-04-24,23950.0,PE,NIFTY25APR23950PE,0.0,0.0,0.0,883.65,0.0,883.65,22547.55,1269.35,0,0,0,0.0,0,F1,75,,,,,
2025-02-25,2025-02-25,FO,NSE,IDO,79643,,NIFTY,,2025-04-24,2025-04-24,24550.0,PE,NIFTY25APR24550PE,0.0,0.0,0.0,1262.55,0.0,1262.55,22547.55,1794.35,0,0,0,0.0,0,F1,75,,,,,
2025-02-25,2025-02-25,FO,NSE,IDO,79728,,NIFTY,,2025-04-24,2025-04-24,25050.0,PE,NIFTY25APR25050PE,0.0,0.0,0.0,1628.4,0.0,1628.4,22547.55,2263.2,0,0,0,0.0,0,F1,75,,,,,
2025-02-25,2025-02-25,FO,NSE,IDO,50970,,NIFTY,,2025-06-26,2025-06-26,27000.0,PE,NIFTY25JUN27000PE,3740.0,3816.65,3723.7,3798.4,3816.65,3739.3,22547.55,3798.4,175700,35350,1236,2853007196.25,1233,F1,75,,,,,
2025-02-25,2025-02-25,FO,NSE,IDO,64681,,NIFTY,,2025-09-25,2025-09-25,18000.0,PE,NIFTY25SEP18000PE,0.0,0.0,0.0,3.05,0.0,3.05,22547.55,2.95,0,0,0,0.0,0,F1,75,,,,,
2025-02-25,2025-02-25,FO,NSE,IDO,64683,,NIFTY,,2025-09-25,2025-09-25,19000.0,PE,NIFTY25SEP19000PE,0.0,0.0,0.0,8.9,0.0,8.9,22547.55,14.6,0,0,0,0.0,0,F1,75,,,,,
2025-02-25,2025-02-25,FO,NSE,IDO,55122,,NIFTY,,2025-12-24,2025-12-24,18000.0,PE,NIFTY25DEC18000PE,0.0,0.0,0.0,73.0,73.0,73.0,22547.55,8.4,2900,0,0,0.0,0,F1,75,,,,,
2025-02-25,2025-02-25,FO,NSE,IDO,37796,,NIFTY,,2025-12-24,2025-12-24,23000.0,PE,NIFTY25DEC23000PE,800.55,811.0,783.4,792.35,797.55,800.6,22547.55,792.35,829625,21600,1001,1786255278.75,723,F1,75,,,,,
2025-02-25,2025-02-25,FO,NSE,IDO,68768,,NIFTY,,2025-03-06,2025-03-06,25400.0,CE,NIFTY2530625400CE,1.5,1.7,1.35,1.4,1.5,1.7,22547.55,1.4,45900,1275,574,1093534800.0,245,F1,75,,,,,
2025-02-25,2025-02-25,FO,NSE,IDO,35222,,NIFTY,,2025-12-24,2025-12-24,30000.0,PE,NIFTY25DEC30000PE,0.0,0.0,0.0,4227.0,4227.0,4227.0,22547.55,5913.7,450,0,0,0.0,0,F1,75,,,,,
2025-02-25,2025-02-25,FO,NSE,IDO,71473,,NIFTY,,2026-06-25,2026-06-25,24000.0,PE,NIFTY26JUN24000PE,1005.05,1005.05,1005.05,1005.05,1005.05,822.05,22547.55,1108.65,150,75,1,1875378.75,1,F1,75,,,,,
2025-02-25,2025-02-25,FO,NSE,IDO,58633,,NIFTY,,2026-12-31,2026-12-31,14000.0,PE,NIFTY26DEC14000PE,0.0,0.0,0.0,20.2,20.2,20.2,22547.55,0.35,1550,0,0,0.0,0,F1,75,,,,,
2025-02-25,2025-02-25,FO,NSE,IDO,58649,,NIFTY,,2026-12-31,2026-12-31,22000.0,PE,NIFTY26DEC22000PE,709.95,709.95,663.0,663.0,663.0,709.0,22547.55,663.0,900,0,4,6807217.5,4,F1,75,,,,,
2025-02-25,2025-02-25,FO,NSE,IDO,71506,,NIFTY,,2026-12-31,2026-12-31,26000.0,PE,NIFTY26DEC26000PE,2111.0,2111.0,2111.0,2111.0,2111.0,1920.0,22547.55,1907.25,1775,0,1,2108325.0,1,F1,75,,,,,
2025-02-25,2025-02-25,FO,NSE,IDO,71550,,NIFTY,,2027-06-24,2027-06-24,19000.0,PE,NIFTY27JUN19000PE,0.0,0.0,0.0,201.05,201.05,201.05,22547.55,91.6,525,0,0,0.0,0,F1,75,,,,,
2025-02-25,2025-02-25,FO,NSE,IDO,89629,,NIFTY,,2029-06-28,2029-06-28,23000.0,PE,NIFTY29JUN23000PE,0.0,0.0,0.0,543.65,0.0,543.65,22547.55,499.4,0,0,0,0.0,0,F1,75,,,,,
2025-02-25,2025-02-25,FO,NSE,IDO,89633,,NIFTY,,2029-06-28,2029-06-28,25000.0,PE,NIFTY29JUN25000PE,0.0,0.0,0.0,852.5,0.0,852.5,22547.55,886.1,0,0,0,0.0,0,F1,75,,,,,
2025-02-25,2025-02-25,FO,NSE,IDO,89639,,NIFTY,,2029-06-28,2029-06-28,28000.0,PE,NIFTY29JUN28000PE,0.0,0.0,0.0,1488.1,0.0,1488.1,22547.55,1752.7,0,0,0,0.0,0,F1,75,,,,,
2025-02-25,2025-02-25,FO,NSE,IDO,89641,,NIFTY,,2029-06-28,2029-06-28,29000.0,PE,NIFTY29JUN29000PE,0.0,0.0,0.0,1746.95,0.0,1746.95,22547.55,2119.35,0,0,0,0.0,0,F1,75,,,,,
2025-02-25,2025-02-25,FO,NSE,IDO,61660,,NIFTY,,2029-12-27,2029-12-27,21000.0,PE,NIFTY29DEC21000PE,0.0,0.0,0.0,278.8,0.0,278.8,22547.55,234.8,0,0,0,0.0,0,F1,75,,,,,
2025-02-25,2025-02-25,FO,NSE,IDO,45404,,NIFTY,,2025-03-13,2025-03-13,21250.0,CE,NIFTY2531321250CE,0.0,0.0,0.0,1668.15,1668.15,1668.15,22547.55,1360.7,75,0,0,0.0,0,F1,75,,,,,
2025-02-25,2025-02-25,FO,NSE,IDO,45414,,NIFTY,,2025-03-13,2025-03-13,21500.0,CE,NIFTY2531321500CE,1202.0,1202.0,1180.0,1195.2,1195.2,1197.55,22547.55,1117.15,525,375,5,8508543.75,5,F1,75,,,,,
2025-02-25,2025-02-25,FO,NSE,IDO,45426,,NIFTY,,2025-03-13,2025-03-13,21700.0,CE,NIFTY2531321700CE,0.0,0.0,0.0,1025.0,1025.0,1025.0,22547.55,928.05,225,0,0,0.0,0,F1,75,,,,,
2025-02-25,2025-02-25,FO,NSE,IDO,45482,,NIFTY,,2025-03-13,2025-03-13,22850.0,CE,NIFTY2531322850CE,165.0,174.0,128.3,138.55,128.3,181.45,22547.55,138.55,12300,1500,398,686479455.0,264,F1,75,,,,,
2025-02-25,2025-02-25,FO,NSE,IDO,45521,,NIFTY,,2025-03-13,2025-03-13,23350.0,CE,NIFTY2531323350CE,38.4,40.05,20.9,22.35,20.95,44.95,22547.55,22.35,14250,2550,465,815294058.75,225,F1,75,,,,,
2025-02-25,2025-02-25,FO,NSE,IDO,45575,,NIFTY,,2025-03-13,2025-03-13,24250.0,CE,NIFTY2531324250CE,4.45,4.45,3.45,3.45,3.45,4.45,22547.55,1.25,1575,900,19,34561623.75,6,F1,75,,,,,
2025-02-25,2025-02-25,FO,NSE,IDO,45604,,NIFTY,,2025-03-13,2025-03-13,24500.0,CE,NIFTY2531324500CE,3.5,3.5,2.45,2.65,2.45,4.05,22547.55,2.65,25875,4950,479,880270841.25,131,F1,75,,,,,
2025-02-25,2025-02-25,FO,NSE,IDO,45610,,NIFTY,,2025-03-13,2025-03-13,24600.0,CE,NIFTY2531324600CE,4.85,4.85,2.4,2.5,2.65,4.05,22547.55,2.5,8775,1950,154,284163873.75,64,F1,75,,,,,
2025-02-25,2025-02-25,FO,NSE,IDO,45646,,NIFTY,,2025-03-13,2025-03-13,25150.0,CE,NIFTY2531325150CE,1.9,2.05,1.85,1.9,1.9,4.0,22547.55,1.9,1500,1275,32,60364635.0,7,F1,75,,,,,
2025-02-25,2025-02-25,FO,NSE,IDO,50079,,NIFTY,,2025-03-20,2025-03-20,20900.0,CE,NIFTY2532020900CE,0.0,0.0,0.0,2282.45,0.0,2282.45,22547.55,1734.95,0,0,0,0.0,0,F1,75,,,,,
2025-02-25,2025-02-25,FO,NSE,IDO,68669,,NIFTY,,2025-03-06,2025-03-06,25200.0,PE,NIFTY2530625200PE,2544.0,2544.0,2544.0,2544.0,2544.0,2520.0,22547.55,2612.1,450,75,1,2080800.0,1,F1,75,,,,,
2025-02-25,2025-02-25,FO,NSE,IDO,68665,,NIFTY,,2025-03-06,2025-03-06,25100.0,PE,NIFTY2530625100PE,0.0,0.0,0.0,2209.7,2209.7,2209.7,22547.55,2512.25,300,0,0,0.0,0,F1,75,,,,,
2025-02-25,2025-02-25,FO,NSE,IDO,68625,,NIFTY,,2025-03-06,2025-03-06,24600.0,PE,NIFTY2530624600PE,1949.0,1949.0,1935.0,1942.0,1942.0,1930.0,22547.55,2013.05,2550,300,5,9952650.0,4,F1,75,,,,,
2025-02-25,2025-02-25,FO,NSE,IDO,68593,,NIFTY,,2025-03-06,2025-03-06,23950.0,PE,NIFTY2530623950PE,0.0,0.0,0.0,1293.15,1293.1,1293.15,22547.55,1364.45,750,0,0,0.0,0,F1,75,,,,,
2025-02-25,2025-02-25,FO,NSE,IDO,68589,,NIFTY,,2025-03-06,2025-03-06,23850.0,PE,NIFTY2530623850PE,1200.0,1200.2,1200.0,1200.2,1200.2,1181.6,22547.55,1264.9,1275,75,4,7515015.0,3,F1,75,,,,,
2025-02-25,2025-02-25,FO,NSE,IDO,68429,,NIFTY,,2025-03-06,2025-03-06,22250.0,PE,NIFTY2530622250PE,68.5,69.35,41.65,51.55,56.0,66.1,22547.55,51.55,199500,122550,14453,24173492321.25,8676,F1,75,,,,,
2025-02-25,2025-02-25,FO,NSE,IDO,68414,,NIFTY,,2025-03-06,2025-03-06,21900.0,PE,NIFTY2530621900PE,25.05,26.5,13.15,17.9,20.9,23.35,22547.55,17.9,419400,169500,25245,41496420161.25,13973,F1,75,,,,,
2025-02-25,2025-02-25,FO,NSE,IDO,68389,,NIFTY,,2025-03-06,2025-03-06,21350.0,PE,NIFTY2530621350PE,5.85,6.0,3.5,5.1,5.7,5.65,22547.55,5.1,175950,85650,3918,6274985715.0,1888,F1,75,,,,,
2025-02-25,2025-02-25,FO,NSE,IDO,57660,,NIFTY,,2025-02-27,2025-02-27,25400.0,PE,NIFTY25FEB25400PE,2815.0,2835.45,2776.8,2822.75,2835.45,2765.0,22547.55,2822.75,7650,-5850,111,234747405.0,73,F1,75,,,,,
2025-02-25,2025-02-25,FO,NSE,IDO,57656,,NIFTY,,2025-02-27,2025-02-27,25300.0,PE,NIFTY25FEB25300PE,2710.0,2728.0,2680.1,2702.0,2702.0,2680.0,22547.55,2743.45,4125,-5400,92,193300706.25,65,F1,75,,,,,
2025-02-25,2025-02-25,FO,NSE,IDO,50117,,NIFTY,,2025-03-20,2025-03-20,21400.0,CE,NIFTY2532021400CE,0.0,0.0,0.0,1803.65,0.0,1803.65,22547.55,1248.7,0,0,0,0.0,0,F1,75,,,,,
2025-02-25,2025-02-25,FO,NSE,IDO,50137,,NIFTY,,2025-03-20,2025-03-20,21800.0,CE,NIFTY2532021800CE,0.0,0.0,0.0,1439.1,0.0,1439.1,22547.55,883.85,0,0,0,0.0,0,F1,75,,,,,
2025-02-25,2025-02-25,FO,NSE,IDO,50215,,NIFTY,,2025-03-20,2025-03-20,22800.0,CE,NIFTY2532022800CE,250.0,258.1,220.0,235.05,220.0,270.7,22547.55,235.05,10125,2025,114,196987983.75,70,F1,75,,,,,
2025-02-25,2025-02-25,FO,NSE,IDO,50243,,NIFTY,,2025-03-20,2025-03-20,23500.0,CE,NIFTY2532023500CE,52.0,52.0,30.05,32.3,32.2,53.3,22547.55,32.3,22350,4650,454,801527021.25,239,F1,75,,,,,
2025-02-25,2025-02-25,FO,NSE,IDO,50253,,NIFTY,,2025-03-20,2025-03-20,23700.0,CE,NIFTY2532023700CE,24.0,24.0,17.1,17.8,17.1,33.25,22547.55,17.8,6525,5775,134,238389821.25,96,F1,75,,,,,
2025-02-25,2025-02-25,FO,NSE,IDO,50257,,NIFTY,,2025-03-20,2025-03-20,23750.0,CE,NIFTY2532023750CE,0.0,0.0,0.0,238.25,0.0,238.25,22547.55,26.05,0,0,0,0.0,0,F1,75,,,,,
2025-02-25,2025-02-25,FO,NSE,IDO,50283,,NIFTY,,2025-03-20,2025-03-20,24150.0,CE,NIFTY2532024150CE,10.15,10.15,10.15,10.15,10.15,138.25,22547.55,7.8,75,75,1,1812011.25,1,F1,75,,,,,
2025-02-25,2025-02-25,FO,NSE,IDO,50317,,NIFTY,,2025-03-20,2025-03-20,24750.0,CE,NIFTY2532024750CE,5.15,5.15,5.0,5.0,5.0,5.15,22547.55,0.9,450,150,2,3713261.25,2,F1,75,,,,,
2025-02-25,2025-02-25,FO,NSE,IDO,64552,,NIFTY,,2025-03-27,2025-03-27,18000.0,CE,NIFTY25MAR18000CE,4665.0,4732.65,4656.65,4682.35,4657.1,4694.3,22547.55,4682.35,470100,5925,171,290966340.0,157,F1,75,,,,,
2025-02-25,2025-02-25,FO,NSE,IDO,46883,,NIFTY,,2025-03-27,2025-03-27,21550.0,CE,NIFTY25MAR21550CE,0.0,0.0,0.0,2653.4,0.0,2653.4,22547.55,1148.15,0,0,0,0.0,0,F1,75,,,,,
2025-02-25,2025-02-25,FO,NSE,IDO,46988,,NIFTY,,2025-03-27,2025-03-27,22350.0,CE,NIFTY25MAR22350CE,576.95,593.7,546.2,558.25,550.25,594.8,22547.55,558.25,29025,26025,394,677353998.75,387,F1,75,,,,,
2025-02-25,2025-02-25,FO,NSE,IDO,48695,,NIFTY,,2025-03-27,2025-03-27,23200.0,CE,NIFTY25MAR23200CE,146.8,152.95,121.05,125.6,121.05,153.85,22547.55,125.6,656100,54600,11612,20320601662.5,7160,F1,75,,,,,
2025-02-25,2025-02-25,FO,NSE,IDO,53846,,NIFTY,,2025-03-27,2025-03-27,23750.0,CE,NIFTY25MAR23750CE,41.75,41.75,29.2,30.7,29.3,43.95,22547.55,30.7,44400,11025,808,1441252661.25,371,F1,75,,,,,
2025-02-25,2025-02-25,FO,NSE,IDO,55339,,NIFTY,,2025-03-27,2025-03-27,24400.0,CE,NIFTY25MAR24400CE,12.5,13.05,8.35,8.8,8.35,12.35,22547.55,8.8,120450,3600,2424,4437743636.25,948,F1,75,,,,,
2025-02-25,2025-02-25,FO,NSE,IDO,57598,,NIFTY,,2025-02-27,2025-02-27,23900.0,PE,NIFTY25FEB23900PE,1310.5,1335.0,1260.15,1308.9,1335.0,1271.1,22547.55,1308.9,215625,-80775,1794,3390925920.0,1514,F1,75,,,,,
2025-02-25,2025-02-25,FO,NSE,IDO,57588,,NIFTY,,2025-02-27,2025-02-27,23650.0,PE,NIFTY25FEB23650PE,1046.15,1090.3,1012.4,1060.7,1090.3,1019.15,22547.55,1060.7,62775,-23175,384,711386880.0,199,F1,75,,,,,
2025-02-25,2025-02-25,FO,NSE,IDO,55646,,NIFTY,,2025-02-27,2025-02-27,23150.0,PE,NIFTY25FEB23150PE,558.6,586.2,512.55,567.3,586.2,542.25,22547.55,567.3,84075,-14700,628,1116278606.25,430,F1,75,,,,,
2025-02-25,2025-02-25,FO,NSE,IDO,55560,,NIFTY,,2025-02-27,2025-02-27,21100.0,PE,NIFTY25FEB21100PE,0.9,1.2,0.55,0.7,0.6,1.05,22547.55,0.7,4900800,-1026450,158017,250072399961.25,24080,F1,75,,,,,
2025-02-25,2025-02-25,FO,NSE,IDO,55316,,NIFTY,,2025-02-27,2025-02-27,21000.0,PE,NIFTY25FEB21000PE,1.9,1.9,0.45,0.5,0.9,25.95,22547.55,0.5,298875,298875,68950,108600291491.25,13686,F1,75,,,,,
2025-02-25,2025-02-25,FO,NSE,IDO,61402,,NIFTY,,2029-12-27,2029-12-27,19000.0,CE,NIFTY29DEC19000CE,0.0,0.0,0.0,10714.6,0.0,10714.6,22547.55,8776.9,0,0,0,0.0,0,F1,75,,,,,
2025-02-25,2025-02-25,FO,NSE,IDO,89640,,NIFTY,,2029-06-28,2029-06-28,29000.0,CE,NIFTY29JUN29000CE,0.0,0.0,0.0,5677.9,0.0,5677.9,22547.55,2794.75,0,0,0,0.0,0,F1,75,,,,,
2025-02-25,2025-02-25,FO,NSE,IDO,86151,,NIFTY,,2028-06-29,2028-06-29,24000.0,CE,NIFTY28JUN24000CE,0.0,0.0,0.0,3918.85,0.0,3918.85,22547.55,4033.7,0,0,0,0.0,0,F1,75,,,,,
2025-02-25,2025-02-25,FO,NSE,IDO,55656,,NIFTY,,2025-03-27,2025-03-27,24500.0,CE,NIFTY25MAR24500CE,10.0,11.5,7.0,7.65,7.0,10.55,22547.55,7.65,1319550,44250,14913,27412351170.0,8261,F1,75,,,,,
2025-02-25,2025-02-25,FO,NSE,IDO,56542,,NIFTY,,2025-03-27,2025-03-27,24700.0,CE,NIFTY25MAR24700CE,8.1,8.5,6.0,6.4,6.1,8.8,22547.55,6.4,138825,9600,1506,2790685080.0,731,F1,75,,,,,
2025-02-25,2025-02-25,FO,NSE,IDO,56876,,NIFTY,,2025-03-27,2025-03-27,25300.0,CE,NIFTY25MAR25300CE,7.5,7.5,4.9,5.3,5.0,7.7,22547.55,5.3,61425,1875,544,1032497962.5,332,F1,75,,,,,
2025-02-25,2025-02-25,FO,NSE,IDO,56892,,NIFTY,,2025-03-27,2025-03-27,25700.0,CE,NIFTY25MAR25700CE,6.5,6.5,4.15,4.45,4.35,6.6,22547.55,4.45,19575,450,173,333527096.25,113,F1,75,,,,,
2025-02-25,2025-02-25,FO,NSE,IDO,64576,,NIFTY,,2025-03-27,2025-03-27,27000.0,CE,NIFTY25MAR27000CE,4.25,4.25,3.6,3.85,3.8,4.2,22547.55,3.85,1140125,33450,2889,5851060173.75,1550,F1,75,,,,,
2025-02-25,2025-02-25,FO,NSE,IDO,54562,,NIFTY,,2025-04-03,2025-04-03,21600.0,CE,NIFTY2540321600CE,0.0,0.0,0.0,1552.3,0.0,1552.3,22547.55,1144.65,0,0,0,0.0,0,F1,75,,,,,
2025-02-25,2025-02-25,FO,NSE,IDO,53633,,NIFTY,,2027-12-30,2027-12-30,28000.0,CE,NIFTY27DEC28000CE,0.0,0.0,0.0,2639.2,0.0,2639.2,22547.55,1698.75,0,0,0,0.0,0,F1,75,,,,,
2025-02-25,2025-02-25,FO,NSE,IDO,53616,,NIFTY,,2027-12-30,2027-12-30,22000.0,CE,NIFTY27DEC22000CE,0.0,0.0,0.0,4499.55,0.0,4499.55,22547.55,4686.35,0,0,0,0.0,0,F1,75,,,,,
2025-02-25,2025-02-25,FO,NSE,IDO,71553,,NIFTY,,2027-06-24,2027-06-24,21000.0,CE,NIFTY27JUN21000CE,0.0,0.0,0.0,3061.8,0.0,3061.8,22547.55,4774.65,0,0,0,0.0,0,F1,75,,,,,
2025-02-25,2025-02-25,FO,NSE,IDO,37799,,NIFTY,,2026-06-25,2026-06-25,23000.0,CE,NIFTY26JUN23000CE,0.0,0.0,0.0,2645.65,0.0,2645.65,22547.55,2179.6,0,0,0,0.0,0,F1,75,,,,,
2025-02-25,2025-02-25,FO,NSE,IDO,58626,,NIFTY,,2026-06-25,2026-06-25,22000.0,CE,NIFTY26JUN22000CE,0.0,0.0,0.0,2722.55,0.0,2722.55,22547.55,2814.05,0,0,0,0.0,0,F1,75,,,,,
2025-02-25,2025-02-25,FO,NSE,IDO,71395,,NIFTY,,2025-12-24,2025-12-24,25000.0,CE,NIFTY25DEC25000CE,657.0,657.0,603.0,613.8,603.05,651.35,22547.55,613.8,214575,2650,716,1376005841.25,603,F1,75,,,,,
2025-02-25,2025-02-25,FO,NSE,IDO,79249,,NIFTY,,2025-04-24,2025-04-24,21350.0,CE,NIFTY25APR21350CE,0.0,0.0,0.0,2330.0,0.0,2330.0,22547.55,1478.25,0,0,0,0.0,0,F1,75,,,,,
2025-02-25,2025-02-25,FO,NSE,IDO,79262,,NIFTY,,2025-04-24,2025-04-24,21650.0,CE,NIFTY25APR21650CE,0.0,0.0,0.0,2069.75,0.0,2069.75,22547.55,1223.95,0,0,0,0.0,0,F1,75,,,,,
2025-02-25,2025-02-25,FO,NSE,IDO,79279,,NIFTY,,2025-04-24,2025-04-24,21950.0,CE,NIFTY25APR21950CE,0.0,0.0,0.0,1821.0,0.0,1821.0,22547.55,989.6,0,0,0,0.0,0,F1,75,,,,,
2025-02-25,2025-02-25,FO,NSE,IDO,79428,,NIFTY,,2025-04-24,2025-04-24,23000.0,CE,NIFTY25APR23000CE,410.0,426.75,377.0,386.65,377.3,424.5,22547.55,386.65,441750,92175,5314,9326375707.5,3425,F1,75,,,,,
2025-02-25,2025-02-25,FO,NSE,IDO,79446,,NIFTY,,2025-04-24,2025-04-24,23350.0,CE,NIFTY25APR23350CE,0.0,0.0,0.0,388.25,388.25,388.25,22547.55,251.9,1125,0,0,0.0,0,F1,75,,,,,
2025-02-25,2025-02-25,FO,NSE,IDO,79511,,NIFTY,,2025-04-24,2025-04-24,23750.0,CE,NIFTY25APR23750CE,130.0,130.0,115.75,116.4,115.75,146.05,22547.55,116.4,8100,4950,132,236361033.75,20,F1,75,,,,,
2025-02-25,2025-02-25,FO,NSE,IDO,79547,,NIFTY,,2025-04-24,2025-04-24,24100.0,CE,NIFTY25APR24100CE,79.0,79.0,59.0,63.45,59.0,80.75,22547.55,63.45,36300,-5175,859,1557071347.5,388,F1,75,,,,,
2025-02-25,2025-02-25,FO,NSE,IDO,79632,,NIFTY,,2025-04-24,2025-04-24,24300.0,CE,NIFTY25APR24300CE,56.95,64.55,39.6,43.35,42.0,56.95,22547.55,43.35,23100,-9600,558,1018888320.0,177,F1,75,,,,,
2025-02-25,2025-02-25,FO,NSE,IDO,79676,,NIFTY,,2025-04-24,2025-04-24,24850.0,CE,NIFTY25APR24850CE,0.0,0.0,0.0,52.8,52.8,52.8,22547.55,26.2,75,0,0,0.0,0,F1,75,,,,,
2025-02-25,2025-02-25,FO,NSE,IDO,79690,,NIFTY,,2025-04-24,2025-04-24,24950.0,CE,NIFTY25APR24950CE,0.0,0.0,0.0,37.4,37.4,37.4,22547.55,21.85,675,0,0,0.0,0,F1,75,,,,,
2025-02-25,2025-02-25,FO,NSE,IDO,79733,,NIFTY,,2025-04-24,2025-04-24,25200.0,CE,NIFTY25APR25200CE,17.0,17.0,15.0,15.0,15.0,19.5,22547.55,15.0,4725,75,24,45388155.0,10,F1,75,,,,,
2025-02-25,2025-02-25,FO,NSE,IDO,79748,,NIFTY,,2025-04-24,2025-04-24,25450.0,CE,NIFTY25APR25450CE,0.0,0.0,0.0,22.85,22.85,22.85,22547.55,8.3,450,0,0,0.0,0,F1,75,,,,,
2025-02-25,2025-02-25,FO,NSE,IDO,64698,,NIFTY,,2025-09-25,2025-09-25,27000.0,CE,NIFTY25SEP27000CE,0.0,0.0,0.0,2279.95,0.0,2279.95,22547.55,88.15,0,0,0,0.0,0,F1,75,,,,,
2025-02-25,2025-02-25,FO,NSE,IDO,58622,,NIFTY,,2025-12-24,2025-12-24,22000.0,CE,NIFTY25DEC22000CE,2202.9,2231.0,2167.0,2190.25,2167.0,2229.2,22547.55,2190.25,155725,10275,166,301260240.0,146,F1,75,,,,,
2025-02-25,2025-02-25,FO,NSE,IDO,57708,,NIFTY,,2025-02-27,2025-02-27,26400.0,CE,NIFTY25FEB26400CE,0.9,1.25,0.3,0.4,0.5,0.9,22547.55,0.4,374400,-226500,33570,66469950555.0,5224,F1,75,,,,,
2025-02-25,2025-02-25,FO,NSE,IDO,57677,,NIFTY,,2025-02-27,2025-02-27,25850.0,CE,NIFTY25FEB25850CE,0.65,0.95,0.5,0.6,0.8,1.0,22547.55,0.6,31800,-5775,3335,6465896917.5,1056,F1,75,,,,,
2025-02-25,2025-02-25,FO,NSE,IDO,57647,,NIFTY,,2025-02-27,2025-02-27,25100.0,CE,NIFTY25FEB25100CE,1.2,1.4,0.3,0.5,0.4,1.15,22547.55,0.5,402150,-659175,60668,114210443310.0,12653,F1,75,,,,,
2025-02-25,2025-02-25,FO,NSE,IDO,57587,,NIFTY,,2025-02-27,2025-02-27,23650.0,CE,NIFTY25FEB23650CE,1.25,2.0,0.95,1.1,1.05,1.95,22547.55,1.1,599775,-1362450,144444,256222320577.5,37204,F1,75,,,,,
2025-02-25,2025-02-25,FO,NSE,IDO,55655,,NIFTY,,2025-02-27,2025-02-27,23400.0,CE,NIFTY25FEB23400CE,2.65,2.9,1.3,1.55,1.4,2.65,22547.55,1.55,6096075,-388725,492538,864470022701.25,97634,F1,75,,,,,
2025-02-25,2025-02-25,FO,NSE,IDO,55577,,NIFTY,,2025-02-27,2025-02-27,21550.0,CE,NIFTY25FEB21550CE,1050.0,1053.35,1032.2,1053.35,1053.35,1485.1,22547.55,1005.2,1275,-75,6,10167847.5,6,F1,75,,,,,
2025-02-25,2025-02-25,FO,NSE,IDO,55567,,NIFTY,,2025-02-27,2025-02-27,21300.0,CE,NIFTY25FEB21300CE,0.0,0.0,0.0,1324.55,1324.55,1324.55,22547.55,1255.15,225,0,0,0.0,0,F1,75,,,,,
2025-02-25,2025-02-25,FO,NSE,IDO,45405,,NIFTY,,2025-03-13,2025-03-13,21250.0,PE,NIFTY2531321250PE,13.1,13.1,10.05,10.05,10.05,12.0,22547.55,2.7,450,150,2,3189236.25,2,F1,75,,,,,
2025-02-25,2025-02-25,FO,NSE,IDO,45409,,NIFTY,,2025-03-13,2025-03-13,21350.0,PE,NIFTY2531321350PE,0.0,0.0,0.0,6.5,0.0,6.5,22547.55,4.3,0,0,0,0.0,0,F1,75,,,,,
2025-02-25,2025-02-25,FO,NSE,IDO,45443,,NIFTY,,2025-03-13,2025-03-13,22050.0,PE,NIFTY2531322050PE,61.3,66.4,53.05,59.7,63.35,72.0,22547.55,59.7,12150,3750,209,346557562.5,84,F1,75,,,,,
2025-02-25,2025-02-25,FO,NSE,IDO,45396,,NIFTY,,2025-03-13,2025-03-13,21150.0,CE,NIFTY2531321150CE,0.0,0.0,0.0,1761.3,1761.3,1761.3,22547.55,1459.35,75,0,0,0.0,0,F1,75,,,,,
2025-02-25,2025-02-25,FO,NSE,IDO,45444,,NIFTY,,2025-03-13,2025-03-13,22100.0,CE,NIFTY2531322100CE,0.0,0.0,0.0,868.65,868.65,868.65,22547.55,581.8,75,0,0,0.0,0,F1,75,,,,,
2025-02-25,2025-02-25,FO,NSE,IDO,45450,,NIFTY,,2025-03-13,2025-03-13,22200.0,CE,NIFTY2531322200CE,0.0,0.0,0.0,784.6,784.6,784.6,22547.55,505.35,75,0,0,0.0,0,F1,75,,,,,
2025-02-25,2025-02-25,FO,NSE,IDO,45464,,NIFTY,,2025-03-13,2025-03-13,22450.0,CE,NIFTY2531322450CE,381.3,399.55,345.0,355.5,345.85,401.75,22547.55,355.5,14325,375,110,188234028.75,78,F1,75,,,,,
2025-02-25,2025-02-25,FO,NSE,IDO,45474,,NIFTY,,2025-03-13,2025-03-13,22650.0,CE,NIFTY2531322650CE,276.65,276.65,222.45,234.15,223.1,279.6,22547.55,234.15,22425,16050,654,1123075800.0,404,F1,75,,,,,
2025-02-25,2025-02-25,FO,NSE,IDO,45488,,NIFTY,,2025-03-13,2025-03-13,23000.0,CE,NIFTY2531323000CE,119.95,122.0,78.0,81.9,78.0,124.65,22547.55,81.9,366825,235200,9733,16857186945.0,5643,F1,75,,,,,
2025-02-25,2025-02-25,FO,NSE,IDO,45510,,NIFTY,,2025-03-13,2025-03-13,23200.0,CE,NIFTY2531323200CE,68.35,68.35,36.05,41.3,39.45,71.5,22547.55,41.3,124800,56025,4765,8308689412.5,2457,F1,75,,,,,
2025-02-25,2025-02-25,FO,NSE,IDO,45517,,NIFTY,,2025-03-13,2025-03-13,23250.0,CE,NIFTY2531323250CE,57.0,57.0,29.55,33.95,32.15,61.9,22547.55,33.95,19200,6375,917,1601936985.0,358,F1,75,,,,,
2025-02-25,2025-02-25,FO,NSE,IDO,45538,,NIFTY,,2025-03-13,2025-03-13,23700.0,CE,NIFTY2531323700CE,15.05,15.05,6.05,7.0,6.4,13.9,22547.55,7.0,69975,30000,3008,5348568705.0,1522,F1,75,,,,,
2025-02-25,2025-02-25,FO,NSE,IDO,45540,,NIFTY,,2025-03-13,2025-03-13,23750.0,CE,NIFTY2531323750CE,10.0,10.45,5.55,6.15,5.55,11.8,22547.55,6.15,10200,3150,229,408041801.25,78,F1,75,,,,,
2025-02-25,2025-02-25,FO,NSE,IDO,45586,,NIFTY,,2025-03-13,2025-03-13,24300.0,CE,NIFTY2531324300CE,4.5,4.6,3.05,3.15,3.05,4.6,22547.55,3.15,17325,2175,139,253368472.5,40,F1,75,,,,,
2025-02-25,2025-02-25,FO,NSE,IDO,45593,,NIFTY,,2025-03-13,2025-03-13,24400.0,CE,NIFTY2531324400CE,4.4,4.4,3.15,3.15,3.15,4.4,22547.55,3.15,4500,75,51,93343822.5,12,F1,75,,,,,
2025-02-25,2025-02-25,FO,NSE,IDO,50133,,NIFTY,,2025-03-20,2025-03-20,21700.0,CE,NIFTY2532021700CE,0.0,0.0,0.0,1528.1,0.0,1528.1,22547.55,971.7,0,0,0,0.0,0,F1,75,,,,,
2025-02-25,2025-02-25,FO,NSE,IDO,50145,,NIFTY,,2025-03-20,2025-03-20,21950.0,CE,NIFTY2532021950CE,0.0,0.0,0.0,1309.0,0.0,1309.0,22547.55,757.7,0,0,0,0.0,0,F1,75,,,,,
2025-02-25,2025-02-25,FO,NSE,IDO,50201,,NIFTY,,2025-03-20,2025-03-20,22650.0,CE,NIFTY2532022650CE,312.0,312.0,312.0,312.0,312.0,353.4,22547.55,294.9,300,75,1,1722150.0,1,F1,75,,,,,
2025-02-25,2025-02-25,FO,NSE,IDO,50205,,NIFTY,,2025-03-20,2025-03-20,22750.0,CE,NIFTY2532022750CE,257.35,259.5,257.3,257.3,257.3,629.5,22547.55,257.3,225,150,5,8628075.0,3,F1,75,,,,,
2025-02-25,2025-02-25,FO,NSE,IDO,50239,,NIFTY,,2025-03-20,2025-03-20,23400.0,CE,NIFTY2532023400CE,55.1,65.3,41.8,45.65,43.3,70.15,22547.55,45.65,10725,7350,259,455565116.25,89,F1,75,,,,,
2025-02-25,2025-02-25,FO,NSE,IDO,50279,,NIFTY,,2025-03-20,2025-03-20,24100.0,CE,NIFTY2532024100CE,10.0,10.05,7.2,7.8,7.2,11.7,22547.55,7.8,9675,2175,100,180813232.5,27,F1,75,,,,,
2025-02-25,2025-02-25,FO,NSE,IDO,68438,,NIFTY,,2025-03-06,2025-03-06,22450.0,CE,NIFTY2530622450CE,305.05,328.0,264.15,275.55,264.35,324.8,22547.55,275.55,49350,28050,3077,5247731793.75,2468,F1,75,,,,,
2025-02-25,2025-02-25,FO,NSE,IDO,68413,,NIFTY,,2025-03-06,2025-03-06,21900.0,CE,NIFTY2530621900CE,747.0,798.95,732.4,732.4,732.4,785.35,22547.55,732.4,4125,2475,46,78199440.0,27,F1,75,,,,,
2025-02-25,2025-02-25,FO,NSE,IDO,68386,,NIFTY,,2025-03-06,2025-03-06,21300.0,CE,NIFTY2530621300CE,1346.0,1355.0,1345.0,1355.0,1355.0,1584.15,22547.55,1282.0,1050,375,5,8493825.0,5,F1,75,,,,,
2025-02-25,2025-02-25,FO,NSE,IDO,57639,,NIFTY,,2025-02-27,2025-02-27,24950.0,CE,NIFTY25FEB24950CE,1.1,1.65,0.45,0.65,0.45,1.05,22547.55,0.65,55800,-37500,7679,14369777985.0,2465,F1,75,,,,,
2025-02-25,2025-02-25,FO,NSE,IDO,57611,,NIFTY,,2025-02-27,2025-02-27,24250.0,CE,NIFTY25FEB24250CE,1.15,1.15,0.5,0.7,0.5,1.25,22547.55,0.7,171000,-145500,21554,39202724523.75,4588,F1,75,,,,,
2025-02-25,2025-02-25,FO,NSE,IDO,57603,,NIFTY,,2025-02-27,2025-02-27,24050.0,CE,NIFTY25FEB24050CE,1.45,1.9,0.4,0.85,0.8,1.45,22547.55,0.85,375150,-125625,25688,46336842487.5,5713,F1,75,,,,,
2025-02-25,2025-02-25,FO,NSE,IDO,55617,,NIFTY,,2025-02-27,2025-02-27,22450.0,CE,NIFTY25FEB22450CE,192.55,218.45,138.0,155.5,143.2,211.2,22547.55,155.5,357600,101325,197223,334618884776.25,134245,F1,75,,,,,
2025-02-25,2025-02-25,FO,NSE,IDO,55561,,NIFTY,,2025-02-27,2025-02-27,21150.0,CE,NIFTY25FEB21150CE,0.0,0.0,0.0,1867.25,1867.25,1867.25,22547.55,1405.1,150,0,0,0.0,0,F1,75,,,,,
2025-02-25,2025-02-25,FO,NSE,IDO,50291,,NIFTY,,2025-03-20,2025-03-20,24350.0,CE,NIFTY2532024350CE,0.0,0.0,0.0,102.7,0.0,102.7,22547.55,3.95,0,0,0,0.0,0,F1,75,,,,,
2025-02-25,2025-02-25,FO,NSE,IDO,50307,,NIFTY,,2025-03-20,2025-03-20,24600.0,CE,NIFTY2532024600CE,6.0,6.0,4.4,4.8,5.1,6.3,22547.55,4.8,4200,-1275,91,167928735.0,22,F1,75,,,,,
2025-02-25,2025-02-25,FO,NSE,IDO,46814,,NIFTY,,2025-03-27,2025-03-27,20800.0,CE,NIFTY25MAR20800CE,0.0,0.0,0.0,3348.05,0.0,3348.05,22547.55,1861.75,0,0,0,0.0,0,F1,75,,,,,
2025-02-25,2025-02-25,FO,NSE,IDO,46874,,NIFTY,,2025-03-27,2025-03-27,21400.0,CE,NIFTY25MAR21400CE,1332.0,1365.0,1330.0,1364.0,1364.0,2789.25,22547.55,1285.3,1575,1575,21,35826498.75,12,F1,75,,,,,
2025-02-25,2025-02-25,FO,NSE,IDO,46942,,NIFTY,,2025-03-27,2025-03-27,21950.0,CE,NIFTY25MAR21950CE,0.0,0.0,0.0,2301.2,0.0,2301.2,22547.55,808.0,0,0,0,0.0,0,F1,75,,,,,
2025-02-25,2025-02-25,FO,NSE,IDO,48192,,NIFTY,,2025-03-27,2025-03-27,22850.0,CE,NIFTY25MAR22850CE,276.55,295.85,253.35,260.3,264.0,297.05,22547.55,260.3,66675,17250,879,1524413621.25,495,F1,75,,,,,
2025-02-25,2025-02-25,FO,NSE,IDO,48245,,NIFTY,,2025-03-27,2025-03-27,22950.0,CE,NIFTY25MAR22950CE,237.9,248.0,210.0,216.1,212.8,250.9,22547.55,216.1,74925,23100,762,1324629738.75,466,F1,75,,,,,
2025-02-25,2025-02-25,FO,NSE,IDO,48347,,NIFTY,,2025-03-27,2025-03-27,23100.0,CE,NIFTY25MAR23100CE,181.55,185.95,151.95,157.9,153.95,189.55,22547.55,157.9,388575,58200,4544,7928932181.25,3172,F1,75,,,,,
2025-02-25,2025-02-25,FO,NSE,IDO,56546,,NIFTY,,2025-03-27,2025-03-27,24800.0,CE,NIFTY25MAR24800CE,8.65,8.8,6.05,6.65,6.2,8.65,22547.55,6.65,121875,-6150,1894,3523854172.5,908,F1,75,,,,,
2025-02-25,2025-02-25,FO,NSE,IDO,56572,,NIFTY,,2025-03-27,2025-03-27,24950.0,CE,NIFTY25MAR24950CE,6.05,7.55,5.7,6.0,5.7,7.9,22547.55,6.0,7650,-2550,91,170329616.25,32,F1,75,,,,,
2025-02-25,2025-02-25,FO,NSE,IDO,56880,,NIFTY,,2025-03-27,2025-03-27,25400.0,CE,NIFTY25MAR25400CE,6.3,6.5,4.65,5.05,5.15,7.15,22547.55,5.05,19950,-3375,235,447777836.25,95,F1,75,,,,,
2025-02-25,2025-02-25,FO,NSE,IDO,56886,,NIFTY,,2025-03-27,2025-03-27,25550.0,CE,NIFTY25MAR25550CE,6.75,6.75,4.8,4.8,4.8,6.75,22547.55,0.2,1950,-75,4,7666833.75,3,F1,75,,,,,
2025-02-25,2025-02-25,FO,NSE,IDO,54500,,NIFTY,,2025-04-03,2025-04-03,20850.0,CE,NIFTY2540320850CE,0.0,0.0,0.0,2247.8,0.0,2247.8,22547.55,1842.05,0,0,0,0.0,0,F1,75,,,,,
2025-02-25,2025-02-25,FO,NSE,IDO,54558,,NIFTY,,2025-04-03,2025-04-03,21500.0,CE,NIFTY2540321500CE,0.0,0.0,0.0,1641.15,0.0,1641.15,22547.55,1232.65,0,0,0,0.0,0,F1,75,,,,,
2025-02-25,2025-02-25,FO,NSE,IDO,54576,,NIFTY,,2025-04-03,2025-04-03,21950.0,CE,NIFTY2540321950CE,0.0,0.0,0.0,1255.0,0.0,1255.0,22547.55,856.05,0,0,0,0.0,0,F1,75,,,,,
2025-02-25,2025-02-25,FO,NSE,IDO,54578,,NIFTY,,2025-04-03,2025-04-03,22000.0,CE,NIFTY2540322000CE,0.0,0.0,0.0,1214.55,0.0,1214.55,22547.55,817.75,0,0,0,0.0,0,F1,75,,,,,
2025-02-25,2025-02-25,FO,NSE,IDO,54586,,NIFTY,,2025-04-03,2025-04-03,22200.0,CE,NIFTY2540322200CE,0.0,0.0,0.0,1058.55,0.0,1058.55,22547.55,673.0,0,0,0,0.0,0,F1,75,,,,,
2025-02-25,2025-02-25,FO,NSE,IDO,54590,,NIFTY,,2025-04-03,2025-04-03,22300.0,CE,NIFTY2540322300CE,0.0,0.0,0.0,985.15,0.0,985.15,22547.55,606.15,0,0,0,0.0,0,F1,75,,,,,
2025-02-25,2025-02-25,FO,NSE,IDO,54615,,NIFTY,,2025-04-03,2025-04-03,22500.0,CE,NIFTY2540322500CE,549.9,549.9,508.8,513.15,509.45,555.95,22547.55,513.15,1200,75,7,12087123.75,7,F1,75,,,,,
2025-02-25,2025-02-25,FO,NSE,IDO,54621,,NIFTY,,2025-04-03,2025-04-03,22600.0,CE,NIFTY2540322600CE,478.0,495.0,451.3,464.4,464.4,499.75,22547.55,464.4,2625,1125,25,43254127.5,22,F1,75,,,,,
2025-02-25,2025-02-25,FO,NSE,IDO,54634,,NIFTY,,2025-04-03,2025-04-03,22900.0,CE,NIFTY2540322900CE,299.0,299.0,299.0,299.0,299.0,346.35,22547.55,289.3,300,75,1,1739925.0,1,F1,75,,,,,
2025-02-25,2025-02-25,FO,NSE,IDO,54640,,NIFTY,,2025-04-03,2025-04-03,23000.0,CE,NIFTY2540323000CE,265.4,265.4,244.0,248.65,244.3,295.15,22547.55,248.65,2475,2100,38,66260178.75,26,F1,75,,,,,
2025-02-25,2025-02-25,FO,NSE,IDO,54683,,NIFTY,,2025-04-03,2025-04-03,23350.0,CE,NIFTY2540323350CE,0.0,0.0,0.0,383.7,0.0,383.7,22547.55,144.85,0,0,0,0.0,0,F1,75,,,,,
2025-02-25,2025-02-25,FO,NSE,IDO,54839,,NIFTY,,2025-04-03,2025-04-03,24150.0,CE,NIFTY2540324150CE,0.0,0.0,0.0,147.1,0.0,147.1,22547.55,30.95,0,0,0,0.0,0,F1,75,,,,,
2025-02-25,2025-02-25,FO,NSE,IDO,79229,,NIFTY,,2025-04-24,2025-04-24,21000.0,CE,NIFTY25APR21000CE,1905.5,1925.0,1845.2,1894.0,1894.0,2645.4,22547.55,1894.0,1575,1575,22,37777515.0,19,F1,75,,,,,
2025-02-25,2025-02-25,FO,NSE,IDO,79233,,NIFTY,,2025-04-24,2025-04-24,21100.0,CE,NIFTY25APR21100CE,0.0,0.0,0.0,2554.15,0.0,2554.15,22547.55,1702.1,0,0,0,0.0,0,F1,75,,,,,
2025-02-25,2025-02-25,FO,NSE,IDO,79245,,NIFTY,,2025-04-24,2025-04-24,21250.0,CE,NIFTY25APR21250CE,0.0,0.0,0.0,2418.95,0.0,2418.95,22547.55,1566.65,0,0,0,0.0,0,F1,75,,,,,
2025-02-25,2025-02-25,FO,NSE,IDO,79264,,NIFTY,,2025-04-24,2025-04-24,21700.0,CE,NIFTY25APR21700CE,0.0,0.0,0.0,1656.55,1656.55,1656.55,22547.55,1183.4,75,0,0,0.0,0,F1,75,,,,,
2025-02-25,2025-02-25,FO,NSE,IDO,79507,,NIFTY,,2025-04-24,2025-04-24,23650.0,CE,NIFTY25APR23650CE,160.0,163.0,139.3,139.3,139.3,171.95,22547.55,139.3,2700,225,9,16067362.5,9,F1,75,,,,,
2025-02-25,2025-02-25,FO,NSE,IDO,45865,,NIFTY,,2025-06-26,2025-06-26,17000.0,CE,NIFTY25JUN17000CE,0.0,0.0,0.0,6850.0,6850.0,6850.0,22547.55,5909.95,2850,0,0,0.0,0,F1,75,,,,,
2025-02-25,2025-02-25,FO,NSE,IDO,39982,,NIFTY,,2025-06-26,2025-06-26,19000.0,CE,NIFTY25JUN19000CE,4019.95,4025.0,3952.95,3977.7,3963.45,4025.0,22547.55,3977.7,126525,34425,522,900474041.25,492,F1,75,,,,,
2025-02-25,2025-02-25,FO,NSE,IDO,71379,,NIFTY,,2025-06-26,2025-06-26,24000.0,CE,NIFTY25JUN24000CE,332.05,337.95,301.05,308.1,304.8,340.1,22547.55,308.1,628550,900,3050,5562986096.25,2503,F1,75,,,,,
2025-02-25,2025-02-25,FO,NSE,IDO,50969,,NIFTY,,2025-06-26,2025-06-26,27000.0,CE,NIFTY25JUN27000CE,26.5,26.95,20.55,21.1,20.95,24.75,22547.55,21.1,419550,46450,2924,5925915487.5,2613,F1,75,,,,,
2025-02-25,2025-02-25,FO,NSE,IDO,38150,,NIFTY,,2025-06-26,2025-06-26,29000.0,CE,NIFTY25JUN29000CE,11.1,14.0,11.1,13.6,13.6,13.9,22547.55,13.6,51625,-2625,83,180601736.25,28,F1,75,,,,,
2025-02-25,2025-02-25,FO,NSE,IDO,58624,,NIFTY,,2026-06-25,2026-06-25,12000.0,CE,NIFTY26JUN12000CE,0.0,0.0,0.0,8690.0,8690.0,8690.0,22547.55,11540.5,50,0,0,0.0,0,F1,75,,,,,
2025-02-25,2025-02-25,FO,NSE,IDO,50556,,NIFTY,,2026-06-25,2026-06-25,18000.0,CE,NIFTY26JUN18000CE,0.0,0.0,0.0,7400.0,7400.0,7400.0,22547.55,6059.65,100,0,0,0.0,0,F1,75,,,,,
2025-02-25,2025-02-25,FO,NSE,IDO,39989,,NIFTY,,2026-06-25,2026-06-25,19000.0,CE,NIFTY26JUN19000CE,0.0,0.0,0.0,5792.0,5792.0,5792.0,22547.55,5177.35,100,0,0,0.0,0,F1,75,,,,,
2025-02-25,2025-02-25,FO,NSE,IDO,58636,,NIFTY,,2026-12-31,2026-12-31,16000.0,CE,NIFTY26DEC16000CE,0.0,0.0,0.0,6200.0,6200.0,6200.0,22547.55,8362.45,50,0,0,0.0,0,F1,75,,,,,
2025-02-25,2025-02-25,FO,NSE,IDO,67784,,NIFTY,,2028-12-28,2028-12-28,25000.0,CE,NIFTY28DEC25000CE,0.0,0.0,0.0,5350.4,0.0,5350.4,22547.55,4043.2,0,0,0,0.0,0,F1,75,,,,,
2025-02-25,2025-02-25,FO,NSE,IDO,61914,,NIFTY,,2029-12-27,2029-12-27,29000.0,CE,NIFTY29DEC29000CE,0.0,0.0,0.0,5305.8,0.0,5305.8,22547.55,3282.0,0,0,0,0.0,0,F1,75,,,,,
2025-02-25,2025-02-25,FO,NSE,IDO,55558,,NIFTY,,2025-02-27,2025-02-27,21050.0,PE,NIFTY25FEB21050PE,0.65,1.0,0.3,0.35,0.45,0.8,22547.55,0.35,2401875,9150,223870,353445452943.75,37061,F1,75,,,,,
2025-02-25,2025-02-25,FO,NSE,IDO,55562,,NIFTY,,2025-02-27,2025-02-27,21150.0,PE,NIFTY25FEB21150PE,1.0,1.4,0.6,0.7,0.6,1.15,22547.55,0.7,471525,-418200,58460,92736629775.0,12101,F1,75,,,,,
2025-02-25,2025-02-25,FO,NSE,IDO,55570,,NIFTY,,2025-02-27,2025-02-27,21350.0,PE,NIFTY25FEB21350PE,1.7,1.7,0.65,0.95,1.1,1.35,22547.55,0.95,348450,14400,50465,80811491951.25,12570,F1,75,,,,,
2025-02-25,2025-02-25,FO,NSE,IDO,55572,,NIFTY,,2025-02-27,2025-02-27,21400.0,PE,NIFTY25FEB21400PE,1.45,2.35,0.8,1.0,1.15,1.45,22547.55,1.0,3957450,-219075,212042,340346865495.0,43508,F1,75,,,,,
2025-02-25,2025-02-25,FO,NSE,IDO,55590,,NIFTY,,2025-02-27,2025-02-27,21750.0,PE,NIFTY25FEB21750PE,2.0,2.55,1.05,1.35,1.95,2.2,22547.55,1.35,1105350,273450,142827,233005564646.25,31868,F1,75,,,,,
2025-02-25,2025-02-25,FO,NSE,IDO,55598,,NIFTY,,2025-02-27,2025-02-27,21950.0,PE,NIFTY25FEB21950PE,3.5,4.05,1.55,2.05,2.3,3.95,22547.55,2.05,1258050,241650,262626,432397722303.75,61116,F1,75,,,,,
2025-02-25,2025-02-25,FO,NSE,IDO,55600,,NIFTY,,2025-02-27,2025-02-27,22000.0,PE,NIFTY25FEB22000PE,5.4,5.45,2.05,2.5,2.95,4.95,22547.55,2.5,8295600,-540450,660400,1089807447183.75,149743,F1,75,,,,,
2025-02-25,2025-02-25,FO,NSE,IDO,55616,,NIFTY,,2025-02-27,2025-02-27,22400.0,PE,NIFTY25FEB22400PE,34.65,39.65,8.75,16.2,17.7,34.65,22547.55,16.2,3917025,164100,1101850,1852549724040.0,362817,F1,75,,,,,
2025-02-25,2025-02-25,FO,NSE,IDO,57606,,NIFTY,,2025-02-27,2025-02-27,24100.0,PE,NIFTY25FEB24100PE,1515.05,1535.7,1479.9,1516.55,1535.0,1485.35,22547.55,1516.55,82725,-22500,343,658678046.25,223,F1,75,,,,,
2025-02-25,2025-02-25,FO,NSE,IDO,57638,,NIFTY,,2025-02-27,2025-02-27,24900.0,PE,NIFTY25FEB24900PE,2320.0,2334.0,2287.85,2334.0,2334.0,2256.0,22547.55,2334.0,7050,-1275,31,63241417.5,14,F1,75,,,,,
2025-02-25,2025-02-25,FO,NSE,IDO,57662,,NIFTY,,2025-02-27,2025-02-27,25450.0,PE,NIFTY25FEB25450PE,0.0,0.0,0.0,2414.95,2416.3,2414.95,22547.55,2893.4,225,0,0,0.0,0,F1,75,,,,,
2025-02-25,2025-02-25,FO,NSE,IDO,57686,,NIFTY,,2025-02-27,2025-02-27,26050.0,PE,NIFTY25FEB26050PE,0.0,0.0,0.0,3013.7,3012.45,3013.7,22547.55,3493.15,150,0,0,0.0,0,F1,75,,,,,
2025-02-25,2025-02-25,FO,NSE,IDO,57701,,NIFTY,,2025-02-27,2025-02-27,26250.0,PE,NIFTY25FEB26250PE,0.0,0.0,0.0,3305.35,3305.35,3305.35,22547.55,3693.1,900,0,0,0.0,0,F1,75,,,,,
2025-02-25,2025-02-25,FO,NSE,IDO,68367,,NIFTY,,2025-03-06,2025-03-06,20900.0,PE,NIFTY2530620900PE,2.05,3.9,2.0,3.25,3.75,8.95,22547.55,3.25,181950,181950,4568,7161368947.5,1723,F1,75,,,,,
2025-02-25,2025-02-25,FO,NSE,IDO,68375,,NIFTY,,2025-03-06,2025-03-06,21100.0,PE,NIFTY2530621100PE,4.05,4.65,2.85,3.85,4.45,3.85,22547.55,3.85,1065675,791625,33832,53548051203.75,16011,F1,75,,,,,
2025-02-25,2025-02-25,FO,NSE,IDO,68379,,NIFTY,,2025-03-06,2025-03-06,21200.0,PE,NIFTY2530621200PE,4.15,5.1,2.95,4.4,4.9,4.5,22547.55,4.4,586575,354675,18762,29836854483.75,8665,F1,75,,,,,
2025-02-25,2025-02-25,FO,NSE,IDO,68392,,NIFTY,,2025-03-06,2025-03-06,21400.0,PE,NIFTY2530621400PE,6.3,7.0,4.0,5.75,6.35,6.25,22547.55,5.75,440550,229950,15918,25554294611.25,7215,F1,75,,,,,
2025-02-25,2025-02-25,FO,NSE,IDO,68418,,NIFTY,,2025-03-06,2025-03-06,22000.0,PE,NIFTY2530622000PE,33.0,36.0,18.4,24.6,27.15,31.65,22547.55,24.6,1799325,1003350,81828,135158796978.75,33919,F1,75,,,,,
2025-02-25,2025-02-25,FO,NSE,IDO,68439,,NIFTY,,2025-03-06,2025-03-06,22450.0,PE,NIFTY2530622450PE,119.55,124.3,81.3,96.6,101.85,115.05,22547.55,96.6,215700,122400,17144,28989777840.0,11105,F1,75,,,,,
2025-02-25,2025-02-25,FO,NSE,IDO,68451,,NIFTY,,2025-03-06,2025-03-06,22600.0,PE,NIFTY2530622600PE,175.05,183.2,129.55,147.75,155.05,167.85,22547.55,147.75,1515375,740400,102576,175013115498.75,57913,F1,75,,,,,
2025-02-25,2025-02-25,FO,NSE,IDO,68457,,NIFTY,,2025-03-06,2025-03-06,22750.0,PE,NIFTY2530622750PE,242.35,258.55,198.8,224.65,231.75,239.0,22547.55,224.65,132750,57300,6116,10538023556.25,4467,F1,75,,,,,
2025-02-25,2025-02-25,FO,NSE,IDO,68459,,NIFTY,,2025-03-06,2025-03-06,22800.0,PE,NIFTY2530622800PE,275.0,289.0,227.2,255.4,262.85,267.15,22547.55,255.4,1214775,204375,25402,43920272385.0,15751,F1,75,,,,,
2025-02-25,2025-02-25,FO,NSE,IDO,68477,,NIFTY,,2025-03-06,2025-03-06,23200.0,PE,NIFTY2530623200PE,560.15,602.65,539.35,576.55,590.85,566.5,22547.55,576.55,89550,22500,983,1751971878.75,458,F1,75,,,,,
2025-02-25,2025-02-25,FO,NSE,IDO,68481,,NIFTY,,2025-03-06,2025-03-06,23300.0,PE,NIFTY2530623300PE,674.95,694.0,632.0,671.75,686.75,654.2,22547.55,671.75,69600,23250,635,1140932377.5,334,F1,75,,,,,
2025-02-25,2025-02-25,FO,NSE,IDO,68487,,NIFTY,,2025-03-06,2025-03-06,23400.0,PE,NIFTY2530623400PE,773.05,785.95,725.0,764.65,785.95,739.95,22547.55,764.65,38175,12975,253,458214798.75,128,F1,75,,,,,
2025-02-25,2025-02-25,FO,NSE,IDO,68573,,NIFTY,,2025-03-06,2025-03-06,23450.0,PE,NIFTY2530623450PE,798.8,815.25,798.8,807.05,815.25,795.7,22547.55,807.05,1800,0,2,3638553.75,2,F1,75,,,,,
2025-02-25,2025-02-25,FO,NSE,IDO,48350,,NIFTY,,2025-03-27,2025-03-27,23150.0,PE,NIFTY25MAR23150PE,584.0,585.6,542.8,576.0,584.3,573.5,22547.55,576.0,29100,600,231,410854136.25,166,F1,75,,,,,
2025-02-25,2025-02-25,FO,NSE,IDO,68667,,NIFTY,,2025-03-06,2025-03-06,25150.0,PE,NIFTY2530625150PE,0.0,0.0,0.0,2268.3,2268.3,2268.3,22547.55,2562.15,375,0,0,0.0,0,F1,75,,,,,
2025-02-25,2025-02-25,FO,NSE,IDO,68674,,NIFTY,,2025-03-06,2025-03-06,25250.0,PE,NIFTY2530625250PE,0.0,0.0,0.0,2356.8,2356.8,2356.8,22547.55,2662.0,150,0,0,0.0,0,F1,75,,,,,
2025-02-25,2025-02-25,FO,NSE,IDO,45431,,NIFTY,,2025-03-13,2025-03-13,21800.0,PE,NIFTY2531321800PE,39.95,41.85,28.35,33.25,36.95,39.95,22547.55,33.25,84450,24000,2121,3473048666.25,914,F1,75,,,,,
2025-02-25,2025-02-25,FO,NSE,IDO,45445,,NIFTY,,2025-03-13,2025-03-13,22100.0,PE,NIFTY2531322100PE,87.9,87.9,59.55,67.25,71.35,80.25,22547.55,67.25,42450,8250,1789,2974487313.75,1162,F1,75,,,,,
2025-02-25,2025-02-25,FO,NSE,IDO,45466,,NIFTY,,2025-03-13,2025-03-13,22450.0,PE,NIFTY2531322450PE,165.2,179.4,135.8,147.15,155.5,169.4,22547.55,147.15,10500,600,356,603454582.5,285,F1,75,,,,,
2025-02-25,2025-02-25,FO,NSE,IDO,45483,,NIFTY,,2025-03-13,2025-03-13,22850.0,PE,NIFTY2531322850PE,362.35,362.35,315.4,321.65,337.0,345.05,22547.55,321.65,13725,-450,108,187709921.25,82,F1,75,,,,,
2025-02-25,2025-02-25,FO,NSE,IDO,45485,,NIFTY,,2025-03-13,2025-03-13,22900.0,PE,NIFTY2531322900PE,380.0,380.0,331.0,357.65,367.05,373.3,22547.55,357.65,16575,-300,343,598179566.25,296,F1,75,,,,,
2025-02-25,2025-02-25,FO,NSE,IDO,45513,,NIFTY,,2025-03-13,2025-03-13,23200.0,PE,NIFTY2531323200PE,584.75,596.2,552.9,576.0,576.0,570.15,22547.55,576.0,5250,-1500,60,106995480.0,32,F1,75,,,,,
2025-02-25,2025-02-25,FO,NSE,IDO,45601,,NIFTY,,2025-03-13,2025-03-13,24450.0,PE,NIFTY2531324450PE,0.0,0.0,0.0,1532.0,1532.0,1532.0,22547.55,1833.35,75,0,0,0.0,0,F1,75,,,,,
2025-02-25,2025-02-25,FO,NSE,IDO,45611,,NIFTY,,2025-03-13,2025-03-13,24600.0,PE,NIFTY2531324600PE,1925.0,1925.0,1925.0,1925.0,1925.0,1686.2,22547.55,1982.7,300,225,4,7957500.0,1,F1,75,,,,,
2025-02-25,2025-02-25,FO,NSE,IDO,45613,,NIFTY,,2025-03-13,2025-03-13,24650.0,PE,NIFTY2531324650PE,0.0,0.0,0.0,1735.7,1735.7,1735.7,22547.55,2032.5,75,0,0,0.0,0,F1,75,,,,,
2025-02-25,2025-02-25,FO,NSE,IDO,45616,,NIFTY,,2025-03-13,2025-03-13,24700.0,PE,NIFTY2531324700PE,0.0,0.0,0.0,1786.05,1786.05,1786.05,22547.55,2082.3,75,0,0,0.0,0,F1,75,,,,,
2025-02-25,2025-02-25,FO,NSE,IDO,45637,,NIFTY,,2025-03-13,2025-03-13,24950.0,PE,NIFTY2531324950PE,0.0,0.0,0.0,2033.45,2033.45,2033.45,22547.55,2331.5,75,0,0,0.0,0,F1,75,,,,,
2025-02-25,2025-02-25,FO,NSE,IDO,45652,,NIFTY,,2025-03-13,2025-03-13,25250.0,PE,NIFTY2531325250PE,0.0,0.0,0.0,2328.9,2328.9,2328.9,22547.55,2630.6,75,0,0,0.0,0,F1,75,,,,,
2025-02-25,2025-02-25,FO,NSE,IDO,50080,,NIFTY,,2025-03-20,2025-03-20,20900.0,PE,NIFTY2532020900PE,0.0,0.0,0.0,7.45,0.0,7.45,22547.55,1.95,0,0,0,0.0,0,F1,75,,,,,
2025-02-25,2025-02-25,FO,NSE,IDO,50116,,NIFTY,,2025-03-20,2025-03-20,21350.0,PE,NIFTY2532021350PE,0.0,0.0,0.0,24.0,24.0,24.0,22547.55,11.5,675,0,0,0.0,0,F1,75,,,,,
2025-02-25,2025-02-25,FO,NSE,IDO,50138,,NIFTY,,2025-03-20,2025-03-20,21800.0,PE,NIFTY2532021800PE,60.25,60.5,51.45,56.05,57.0,61.6,22547.55,56.05,7275,3975,82,134410800.0,69,F1,75,,,,,
2025-02-25,2025-02-25,FO,NSE,IDO,50144,,NIFTY,,2025-03-20,2025-03-20,21900.0,PE,NIFTY2532021900PE,79.0,79.0,62.15,70.55,70.55,81.25,22547.55,70.55,2925,-600,64,105431895.0,30,F1,75,,,,,
2025-02-25,2025-02-25,FO,NSE,IDO,50220,,NIFTY,,2025-03-20,2025-03-20,22900.0,PE,NIFTY2532022900PE,378.0,400.0,373.7,398.3,398.3,418.95,22547.55,398.3,1425,675,19,33179347.5,19,F1,75,,,,,
2025-02-25,2025-02-25,FO,NSE,IDO,50276,,NIFTY,,2025-03-20,2025-03-20,24000.0,PE,NIFTY2532024000PE,0.0,0.0,0.0,975.55,0.0,975.55,22547.55,1366.85,0,0,0,0.0,0,F1,75,,,,,
2025-02-25,2025-02-25,FO,NSE,IDO,50290,,NIFTY,,2025-03-20,2025-03-20,24300.0,PE,NIFTY2532024300PE,0.0,0.0,0.0,1212.45,0.0,1212.45,22547.55,1657.85,0,0,0,0.0,0,F1,75,,,,,
2025-02-25,2025-02-25,FO,NSE,IDO,50297,,NIFTY,,2025-03-20,2025-03-20,24400.0,PE,NIFTY2532024400PE,0.0,0.0,0.0,1296.05,0.0,1296.05,22547.55,1756.05,0,0,0,0.0,0,F1,75,,,,,
2025-02-25,2025-02-25,FO,NSE,IDO,46849,,NIFTY,,2025-03-27,2025-03-27,21200.0,PE,NIFTY25MAR21200PE,31.95,32.35,26.15,27.8,29.3,30.9,22547.55,27.8,308100,2175,4427,7048294233.75,1908,F1,75,,,,,
2025-02-25,2025-02-25,FO,NSE,IDO,47026,,NIFTY,,2025-03-27,2025-03-27,22650.0,PE,NIFTY25MAR22650PE,315.75,321.65,283.5,303.9,306.3,308.5,22547.55,303.9,98925,20475,752,1294321732.5,499,F1,75,,,,,
2025-02-25,2025-02-25,FO,NSE,IDO,48243,,NIFTY,,2025-03-27,2025-03-27,22900.0,PE,NIFTY25MAR22900PE,400.05,443.1,396.4,421.5,433.3,425.3,22547.55,421.5,368025,29175,3129,5471768482.5,2423,F1,75,,,,,
2025-02-25,2025-02-25,FO,NSE,IDO,48246,,NIFTY,,2025-03-27,2025-03-27,22950.0,PE,NIFTY25MAR22950PE,458.05,465.0,426.4,447.4,458.0,452.5,22547.55,447.4,91050,6525,185,324537952.5,152,F1,75,,,,,
2025-02-25,2025-02-25,FO,NSE,IDO,48696,,NIFTY,,2025-03-27,2025-03-27,23200.0,PE,NIFTY25MAR23200PE,611.05,628.3,571.85,605.1,618.15,602.3,22547.55,605.1,280800,20250,1930,3445144863.75,1208,F1,75,,,,,
2025-02-25,2025-02-25,FO,NSE,IDO,51474,,NIFTY,,2025-03-27,2025-03-27,23600.0,PE,NIFTY25MAR23600PE,922.0,934.0,875.0,917.95,930.0,905.6,22547.55,917.95,75750,2325,263,483393198.75,180,F1,75,,,,,
2025-02-25,2025-02-25,FO,NSE,IDO,56567,,NIFTY,,2025-03-27,2025-03-27,24850.0,PE,NIFTY25MAR24850PE,0.0,0.0,0.0,1625.0,1625.0,1625.0,22547.55,2172.4,75,0,0,0.0,0,F1,75,,,,,
2025-02-25,2025-02-25,FO,NSE,IDO,64571,,NIFTY,,2025-03-27,2025-03-27,25000.0,PE,NIFTY25MAR25000PE,2250.35,2284.3,2207.4,2256.6,2276.3,2233.4,22547.55,2256.6,1222650,179925,3733,7629296343.75,3360,F1,75,,,,,
2025-02-25,2025-02-25,FO,NSE,IDO,56869,,NIFTY,,2025-03-27,2025-03-27,25100.0,PE,NIFTY25MAR25100PE,2372.0,2372.0,2320.0,2331.9,2331.9,2300.0,22547.55,2419.75,3975,2550,34,70006635.0,27,F1,75,,,,,
2025-02-25,2025-02-25,FO,NSE,IDO,56893,,NIFTY,,2025-03-27,2025-03-27,25700.0,PE,NIFTY25MAR25700PE,2940.0,2950.0,2908.95,2950.0,2950.0,2912.05,22547.55,2950.0,8025,4650,62,133105526.25,54,F1,75,,,,,
2025-02-25,2025-02-25,FO,NSE,IDO,54515,,NIFTY,,2025-04-03,2025-04-03,20950.0,PE,NIFTY2540320950PE,0.0,0.0,0.0,16.5,0.0,16.5,22547.55,10.25,0,0,0,0.0,0,F1,75,,,,,
2025-02-25,2025-02-25,FO,NSE,IDO,54849,,NIFTY,,2025-04-03,2025-04-03,24350.0,PE,NIFTY2540324350PE,0.0,0.0,0.0,1348.25,0.0,1348.25,22547.55,1662.25,0,0,0,0.0,0,F1,75,,,,,
2025-02-25,2025-02-25,FO,NSE,IDO,79257,,NIFTY,,2025-04-24,2025-04-24,21500.0,PE,NIFTY25APR21500PE,105.55,106.05,93.75,99.4,103.0,102.8,22547.55,99.4,708750,136425,6280,10173304027.5,3785,F1,75,,,,,
2025-02-25,2025-02-25,FO,NSE,IDO,79399,,NIFTY,,2025-04-24,2025-04-24,22600.0,PE,NIFTY25APR22600PE,359.35,371.35,331.25,349.45,362.8,355.8,22547.55,349.45,30075,4950,367,631614015.0,229,F1,75,,,,,
2025-02-25,2025-02-25,FO,NSE,IDO,79408,,NIFTY,,2025-04-24,2025-04-24,22700.0,PE,NIFTY25APR22700PE,373.25,399.65,370.55,389.8,392.7,394.6,22547.55,389.8,33225,6150,273,472678590.0,136,F1,75,,,,,
2025-02-25,2025-02-25,FO,NSE,IDO,79536,,NIFTY,,2025-04-24,2025-04-24,24000.0,PE,NIFTY25APR24000PE,1190.05,1208.0,1140.0,1182.9,1200.0,1173.0,22547.55,1182.9,299400,69000,2426,4579242592.5,2303,F1,75,,,,,
2025-02-25,2025-02-25,FO,NSE,IDO,79607,,NIFTY,,2025-04-24,2025-04-24,24150.0,PE,NIFTY25APR24150PE,0.0,0.0,0.0,1002.05,0.0,1002.05,22547.55,1438.2,0,0,0,0.0,0,F1,75,,,,,
2025-02-25,2025-02-25,FO,NSE,IDO,79724,,NIFTY,,2025-04-24,2025-04-24,24950.0,PE,NIFTY25APR24950PE,0.0,0.0,0.0,1553.0,0.0,1553.0,22547.55,2167.9,0,0,0,0.0,0,F1,75,,,,,
2025-02-25,2025-02-25,FO,NSE,IDO,79726,,NIFTY,,2025-04-24,2025-04-24,25000.0,PE,NIFTY25APR25000PE,2084.3,2110.0,2054.9,2094.6,2110.0,2084.3,22547.55,2094.6,50550,23925,506,1027588623.75,485,F1,75,,,,,
2025-02-25,2025-02-25,FO,NSE,IDO,79738,,NIFTY,,2025-04-24,2025-04-24,25250.0,PE,NIFTY25APR25250PE,0.0,0.0,0.0,1785.5,0.0,1785.5,22547.55,2455.35,0,0,0,0.0,0,F1,75,,,,,
2025-02-25,2025-02-25,FO,NSE,IDO,79747,,NIFTY,,2025-04-24,2025-04-24,25400.0,PE,NIFTY25APR25400PE,0.0,0.0,0.0,1906.85,0.0,1906.85,22547.55,2600.65,0,0,0,0.0,0,F1,75,,,,,
2025-02-25,2025-02-25,FO,NSE,IDO,79751,,NIFTY,,2025-04-24,2025-04-24,25500.0,PE,NIFTY25APR25500PE,2580.0,2604.4,2552.5,2587.7,2604.4,2557.6,22547.55,2587.7,15000,8775,200,421073681.25,178,F1,75,,,,,
2025-02-25,2025-02-25,FO,NSE,IDO,43386,,NIFTY,,2025-06-26,2025-06-26,14000.0,PE,NIFTY25JUN14000PE,0.0,0.0,0.0,0.25,0.25,0.25,22547.55,0.05,2925,0,0,0.0,0,F1,75,,,,,
2025-02-25,2025-02-25,FO,NSE,IDO,71382,,NIFTY,,2025-06-26,2025-06-26,25000.0,PE,NIFTY25JUN25000PE,1836.35,1962.05,1836.35,1947.55,1959.65,1925.35,22547.55,1947.55,403150,-3225,1264,2552537272.5,1032,F1,75,,,,,
2025-02-25,2025-02-25,FO,NSE,IDO,71384,,NIFTY,,2025-06-26,2025-06-26,26000.0,PE,NIFTY25JUN26000PE,2818.0,2862.0,2781.95,2842.6,2862.0,2807.85,22547.55,2842.6,368500,34875,669,1446400695.0,662,F1,75,,,,,
2025-02-25,2025-02-25,FO,NSE,IDO,64691,,NIFTY,,2025-09-25,2025-09-25,23000.0,PE,NIFTY25SEP23000PE,717.95,737.55,700.0,710.75,720.0,717.95,22547.55,710.75,79650,17625,369,656190870.0,274,F1,75,,,,,
2025-02-25,2025-02-25,FO,NSE,IDO,58625,,NIFTY,,2026-06-25,2026-06-25,12000.0,PE,NIFTY26JUN12000PE,0.0,0.0,0.0,20.05,20.05,20.05,22547.55,0.05,475,0,0,0.0,0,F1,75,,,,,
2025-02-25,2025-02-25,FO,NSE,IDO,71557,,NIFTY,,2027-06-24,2027-06-24,22000.0,PE,NIFTY27JUN22000PE,0.0,0.0,0.0,3995.4,0.0,3995.4,22547.55,443.5,0,0,0,0.0,0,F1,75,,,,,
2025-02-25,2025-02-25,FO,NSE,IDO,71563,,NIFTY,,2027-06-24,2027-06-24,25000.0,PE,NIFTY27JUN25000PE,0.0,0.0,0.0,5619.05,0.0,5619.05,22547.55,1297.05,0,0,0,0.0,0,F1,75,,,,,
2025-02-25,2025-02-25,FO,NSE,IDO,53611,,NIFTY,,2027-12-30,2027-12-30,20000.0,PE,NIFTY27DEC20000PE,0.0,0.0,0.0,400.0,400.0,400.0,22547.55,172.2,4025,0,0,0.0,0,F1,75,,,,,
2025-02-25,2025-02-25,FO,NSE,IDO,53625,,NIFTY,,2027-12-30,2027-12-30,24000.0,PE,NIFTY27DEC24000PE,0.0,0.0,0.0,1092.15,1092.15,1092.15,22547.55,869.35,600,0,0,0.0,0,F1,75,,,,,
2025-02-25,2025-02-25,FO,NSE,IDO,53630,,NIFTY,,2027-12-30,2027-12-30,26000.0,PE,NIFTY27DEC26000PE,0.0,0.0,0.0,1951.6,1951.6,1951.6,22547.55,1534.95,75,0,0,0.0,0,F1,75,,,,,
2025-02-25,2025-02-25,FO,NSE,IDO,86140,,NIFTY,,2028-06-29,2028-06-29,18000.0,PE,NIFTY28JUN18000PE,0.0,0.0,0.0,396.75,0.0,396.75,22547.55,58.7,0,0,0,0.0,0,F1,75,,,,,
2025-02-25,2025-02-25,FO,NSE,IDO,86162,,NIFTY,,2028-06-29,2028-06-29,26000.0,PE,NIFTY28JUN26000PE,0.0,0.0,0.0,2370.3,0.0,2370.3,22547.55,1385.15,0,0,0,0.0,0,F1,75,,,,,
2025-02-25,2025-02-25,FO,NSE,IDO,86166,,NIFTY,,2028-06-29,2028-06-29,28000.0,PE,NIFTY28JUN28000PE,0.0,0.0,0.0,3161.35,0.0,3161.35,22547.55,2169.25,0,0,0,0.0,0,F1,75,,,,,
2025-02-25,2025-02-25,FO,NSE,IDO,67791,,NIFTY,,2028-12-28,2028-12-28,28000.0,PE,NIFTY28DEC28000PE,0.0,0.0,0.0,1697.6,0.0,1697.6,22547.55,1947.05,0,0,0,0.0,0,F1,75,,,,,
2025-02-25,2025-02-25,FO,NSE,IDO,61795,,NIFTY,,2029-12-27,2029-12-27,27000.0,PE,NIFTY29DEC27000PE,0.0,0.0,0.0,1177.9,0.0,1177.9,22547.55,1288.7,0,0,0,0.0,0,F1,75,,,,,
2025-02-25,2025-02-25,FO,NSE,IDO,64566,,NIFTY,,2025-03-27,2025-03-27,24000.0,CE,NIFTY25MAR24000CE,26.4,26.4,15.55,16.5,15.9,23.95,22547.55,16.5,3915275,209800,29020,52276708305.0,13423,F1,75,,,,,
2025-02-25,2025-02-25,FO,NSE,IDO,68470,,NIFTY,,2025-03-06,2025-03-06,23050.0,CE,NIFTY2530623050CE,46.3,50.45,21.0,23.9,22.15,52.8,22547.55,23.9,280950,156825,21065,36465486491.25,12717,F1,75,,,,,
2025-02-25,2025-02-25,FO,NSE,IDO,68476,,NIFTY,,2025-03-06,2025-03-06,23200.0,CE,NIFTY2530623200CE,25.05,28.0,9.75,11.1,9.95,29.0,22547.55,11.1,1123725,515400,60511,105360193923.75,27008,F1,75,,,,,
2025-02-25,2025-02-25,FO,NSE,IDO,68482,,NIFTY,,2025-03-06,2025-03-06,23350.0,CE,NIFTY2530623350CE,15.95,15.95,4.7,5.85,4.7,16.25,22547.55,5.85,308025,175500,16495,28896599373.75,9739,F1,75,,,,,
2025-02-25,2025-02-25,FO,NSE,IDO,68588,,NIFTY,,2025-03-06,2025-03-06,23850.0,CE,NIFTY2530623850CE,4.65,4.65,2.2,2.45,2.55,4.65,22547.55,2.45,100575,-17700,3358,6007391328.75,2087,F1,75,,,,,
2025-02-25,2025-02-25,FO,NSE,IDO,68590,,NIFTY,,2025-03-06,2025-03-06,23900.0,CE,NIFTY2530623900CE,4.35,4.35,2.2,2.4,2.2,4.3,22547.55,2.4,465975,157875,15136,27134469405.0,6115,F1,75,,,,,
2025-02-25,2025-02-25,FO,NSE,IDO,68612,,NIFTY,,2025-03-06,2025-03-06,24350.0,CE,NIFTY2530624350CE,2.4,2.4,1.7,1.8,1.9,2.9,22547.55,1.8,13800,450,237,432857287.5,114,F1,75,,,,,
2025-02-25,2025-02-25,FO,NSE,IDO,68627,,NIFTY,,2025-03-06,2025-03-06,24650.0,CE,NIFTY2530624650CE,2.2,2.2,1.4,1.65,1.65,2.4,22547.55,1.65,3525,225,41,75803692.5,18,F1,75,,,,,
2025-02-25,2025-02-25,FO,NSE,IDO,68656,,NIFTY,,2025-03-06,2025-03-06,25050.0,CE,NIFTY2530625050CE,1.4,1.8,1.4,1.6,1.75,2.05,22547.55,1.6,4200,1275,82,154067737.5,32,F1,75,,,,,
2025-02-25,2025-02-25,FO,NSE,IDO,68668,,NIFTY,,2025-03-06,2025-03-06,25200.0,CE,NIFTY2530625200CE,2.0,2.0,1.4,1.5,1.7,1.95,22547.55,1.5,24900,7950,586,1107611988.75,214,F1,75,,,,,
2025-02-25,2025-02-25,FO,NSE,IDO,68724,,NIFTY,,2025-03-06,2025-03-06,25350.0,CE,NIFTY2530625350CE,1.55,1.75,1.35,1.45,1.35,1.7,22547.55,1.45,10500,1875,292,555198191.25,118,F1,75,,,,,
2025-02-25,2025-02-25,FO,NSE,IDO,45392,,NIFTY,,2025-03-13,2025-03-13,21050.0,CE,NIFTY2531321050CE,0.0,0.0,0.0,2702.65,0.0,2702.65,22547.55,1558.4,0,0,0,0.0,0,F1,75,,,,,
2025-02-25,2025-02-25,FO,NSE,IDO,55622,,NIFTY,,2025-02-27,2025-02-27,22550.0,PE,NIFTY25FEB22550PE,78.4,84.5,27.05,45.2,48.0,74.15,22547.55,45.2,4065375,328500,1906267,3230662012110.0,910148,F1,75,,,,,
2025-02-25,2025-02-25,FO,NSE,IDO,55614,,NIFTY,,2025-02-27,2025-02-27,22350.0,PE,NIFTY25FEB22350PE,27.55,30.95,6.6,11.5,13.1,26.3,22547.55,11.5,1670475,-238800,609873,1022872642751.25,200948,F1,75,,,,,
2025-02-25,2025-02-25,FO,NSE,IDO,55610,,NIFTY,,2025-02-27,2025-02-27,22250.0,PE,NIFTY25FEB22250PE,15.3,17.3,4.45,6.2,6.5,15.3,22547.55,6.2,1517400,-5625,588479,982332261033.75,131936,F1,75,,,,,
2025-02-25,2025-02-25,FO,NSE,IDO,55608,,NIFTY,,2025-02-27,2025-02-27,22200.0,PE,NIFTY25FEB22200PE,12.2,13.35,3.8,5.05,5.6,11.85,22547.55,5.05,3259275,149775,748202,1246077805237.5,159120,F1,75,,,,,
2025-02-25,2025-02-25,FO,NSE,IDO,67782,,NIFTY,,2028-12-28,2028-12-28,24000.0,CE,NIFTY28DEC24000CE,0.0,0.0,0.0,5850.3,0.0,5850.3,22547.55,4584.7,0,0,0,0.0,0,F1,75,,,,,
2025-02-25,2025-02-25,FO,NSE,IDO,86163,,NIFTY,,2028-06-29,2028-06-29,27000.0,CE,NIFTY28JUN27000CE,0.0,0.0,0.0,2885.15,0.0,2885.15,22547.55,2572.85,0,0,0,0.0,0,F1,75,,,,,
2025-02-25,2025-02-25,FO,NSE,IDO,53628,,NIFTY,,2027-12-30,2027-12-30,26000.0,CE,NIFTY27DEC26000CE,0.0,0.0,0.0,3162.4,0.0,3162.4,22547.55,2470.5,0,0,0,0.0,0,F1,75,,,,,
2025-02-25,2025-02-25,FO,NSE,IDO,53607,,NIFTY,,2027-12-30,2027-12-30,20000.0,CE,NIFTY27DEC20000CE,0.0,0.0,0.0,5333.85,0.0,5333.85,22547.55,6095.15,0,0,0,0.0,0,F1,75,,,,,
2025-02-25,2025-02-25,FO,NSE,IDO,50549,,NIFTY,,2027-06-24,2027-06-24,28000.0,CE,NIFTY27JUN28000CE,0.0,0.0,0.0,2186.3,0.0,2186.3,22547.55,1214.4,0,0,0,0.0,0,F1,75,,,,,
2025-02-25,2025-02-25,FO,NSE,IDO,58648,,NIFTY,,2026-12-31,2026-12-31,22000.0,CE,NIFTY26DEC22000CE,0.0,0.0,0.0,3039.0,0.0,3039.0,22547.55,3488.2,0,0,0,0.0,0,F1,75,,,,,
2025-02-25,2025-02-25,FO,NSE,IDO,58642,,NIFTY,,2026-12-31,2026-12-31,19000.0,CE,NIFTY26DEC19000CE,0.0,0.0,0.0,8600.0,8600.0,8600.0,22547.55,5775.25,125,0,0,0.0,0,F1,75,,,,,
2025-02-25,2025-02-25,FO,NSE,IDO,50545,,NIFTY,,2026-06-25,2026-06-25,28000.0,CE,NIFTY26JUN28000CE,0.0,0.0,0.0,1533.95,0.0,1533.95,22547.55,403.55,0,0,0,0.0,0,F1,75,,,,,
2025-02-25,2025-02-25,FO,NSE,IDO,71476,,NIFTY,,2026-06-25,2026-06-25,26000.0,CE,NIFTY26JUN26000CE,0.0,0.0,0.0,921.0,921.0,921.0,22547.55,858.0,1000,0,0,0.0,0,F1,75,,,,,
2025-02-25,2025-02-25,FO,NSE,IDO,71474,,NIFTY,,2026-06-25,2026-06-25,25000.0,CE,NIFTY26JUN25000CE,0.0,0.0,0.0,1510.4,0.0,1510.4,22547.55,1203.25,0,0,0,0.0,0,F1,75,,,,,
2025-02-25,2025-02-25,FO,NSE,IDO,50971,,NIFTY,,2025-12-24,2025-12-24,27000.0,CE,NIFTY25DEC27000CE,238.95,238.95,199.5,203.5,200.0,221.3,22547.55,203.5,417050,-300,579,1181730525.0,471,F1,75,,,,,
2025-02-25,2025-02-25,FO,NSE,IDO,37795,,NIFTY,,2025-12-24,2025-12-24,23000.0,CE,NIFTY25DEC23000CE,1586.6,1606.0,1530.0,1554.1,1530.0,1602.35,22547.55,1554.1,219325,4800,245,451578288.75,201,F1,75,,,,,
2025-02-25,2025-02-25,FO,NSE,IDO,64696,,NIFTY,,2025-09-25,2025-09-25,26000.0,CE,NIFTY25SEP26000CE,177.4,178.9,133.3,164.2,162.0,177.55,22547.55,164.2,11700,3750,92,180542205.0,78,F1,75,,,,,
2025-02-25,2025-02-25,FO,NSE,IDO,64682,,NIFTY,,2025-09-25,2025-09-25,19000.0,CE,NIFTY25SEP19000CE,0.0,0.0,0.0,8559.0,0.0,8559.0,22547.55,4266.1,0,0,0,0.0,0,F1,75,,,,,
2025-02-25,2025-02-25,FO,NSE,IDO,68577,,NIFTY,,2025-03-06,2025-03-06,23550.0,PE,NIFTY2530623550PE,0.0,0.0,0.0,619.85,619.85,619.85,22547.55,968.7,225,0,0,0.0,0,F1,75,,,,,
2025-02-25,2025-02-25,FO,NSE,IDO,68583,,NIFTY,,2025-03-06,2025-03-06,23700.0,PE,NIFTY2530623700PE,1065.0,1080.0,1024.0,1064.55,1079.6,1045.0,22547.55,1064.55,18900,10275,160,297088158.75,73,F1,75,,,,,
2025-02-25,2025-02-25,FO,NSE,IDO,68591,,NIFTY,,2025-03-06,2025-03-06,23900.0,PE,NIFTY2530623900PE,1224.85,1276.0,1224.85,1258.85,1276.0,1210.0,22547.55,1258.85,9975,8775,136,256468537.5,63,F1,75,,,,,
2025-02-25,2025-02-25,FO,NSE,IDO,68630,,NIFTY,,2025-03-06,2025-03-06,24700.0,PE,NIFTY2530624700PE,2045.0,2045.0,2045.0,2045.0,2045.0,2008.0,22547.55,2112.9,1275,75,1,2005875.0,1,F1,75,,,,,
2025-02-25,2025-02-25,FO,NSE,IDO,68655,,NIFTY,,2025-03-06,2025-03-06,25000.0,PE,NIFTY2530625000PE,2372.0,2377.15,2320.0,2349.1,2377.15,2331.0,22547.55,2349.1,33450,24975,418,857131282.5,225,F1,75,,,,,
2025-02-25,2025-02-25,FO,NSE,IDO,68657,,NIFTY,,2025-03-06,2025-03-06,25050.0,PE,NIFTY2530625050PE,0.0,0.0,0.0,2159.9,2159.9,2159.9,22547.55,2462.35,300,0,0,0.0,0,F1,75,,,,,
2025-02-25,2025-02-25,FO,NSE,IDO,45387,,NIFTY,,2025-03-13,2025-03-13,20900.0,PE,NIFTY2531320900PE,0.0,0.0,0.0,1.85,0.0,1.85,22547.55,0.4,0,0,0,0.0,0,F1,75,,,,,
2025-02-25,2025-02-25,FO,NSE,IDO,45420,,NIFTY,,2025-03-13,2025-03-13,21600.0,PE,NIFTY2531321600PE,25.45,28.0,17.4,20.8,24.8,25.0,22547.55,20.8,33150,15375,806,1306930800.0,393,F1,75,,,,,
2025-02-25,2025-02-25,FO,NSE,IDO,45427,,NIFTY,,2025-03-13,2025-03-13,21700.0,PE,NIFTY2531321700PE,31.65,32.8,22.5,26.45,28.95,31.65,22547.55,26.45,48900,16875,1256,2046523413.75,548,F1,75,,,,,
2025-02-25,2025-02-25,FO,NSE,IDO,45477,,NIFTY,,2025-03-13,2025-03-13,22700.0,PE,NIFTY2531322700PE,275.05,283.0,227.5,247.2,245.0,266.45,22547.55,247.2,92550,32250,2415,4155447195.0,1412,F1,75,,,,,
2025-02-25,2025-02-25,FO,NSE,IDO,45489,,NIFTY,,2025-03-13,2025-03-13,23000.0,PE,NIFTY2531323000PE,443.75,457.85,396.5,432.1,437.9,432.9,22547.55,432.1,48750,1350,415,729007061.25,304,F1,75,,,,,
2025-02-25,2025-02-25,FO,NSE,IDO,45606,,NIFTY,,2025-03-13,2025-03-13,24500.0,PE,NIFTY2531324500PE,1800.0,1845.6,1800.0,1833.2,1845.6,1587.8,22547.55,1833.2,300,225,4,7897470.0,3,F1,75,,,,,
2025-02-25,2025-02-25,FO,NSE,IDO,45618,,NIFTY,,2025-03-13,2025-03-13,24750.0,PE,NIFTY2531324750PE,0.0,0.0,0.0,1835.45,1835.45,1835.45,22547.55,2132.15,75,0,0,0.0,0,F1,75,,,,,
2025-02-25,2025-02-25,FO,NSE,IDO,50130,,NIFTY,,2025-03-20,2025-03-20,21600.0,PE,NIFTY2532021600PE,0.0,0.0,0.0,38.8,0.0,38.8,22547.55,26.25,0,0,0,0.0,0,F1,75,,,,,
2025-02-25,2025-02-25,FO,NSE,IDO,50156,,NIFTY,,2025-03-20,2025-03-20,22100.0,PE,NIFTY2532022100PE,99.3,102.55,87.1,100.1,100.1,109.15,22547.55,100.1,1200,975,26,43283996.25,16,F1,75,,,,,
2025-02-25,2025-02-25,FO,NSE,IDO,50164,,NIFTY,,2025-03-20,2025-03-20,22200.0,PE,NIFTY2532022200PE,133.1,133.1,111.8,123.8,123.8,134.2,22547.55,123.8,2625,2400,63,105478511.25,38,F1,75,,,,,
2025-02-25,2025-02-25,FO,NSE,IDO,50206,,NIFTY,,2025-03-20,2025-03-20,22750.0,PE,NIFTY2532022750PE,0.0,0.0,0.0,328.8,328.8,328.8,22547.55,358.35,75,0,0,0.0,0,F1,75,,,,,
2025-02-25,2025-02-25,FO,NSE,IDO,50222,,NIFTY,,2025-03-20,2025-03-20,22950.0,PE,NIFTY2532022950PE,0.0,0.0,0.0,451.5,451.5,451.5,22547.55,480.85,525,0,0,0.0,0,F1,75,,,,,
2025-02-25,2025-02-25,FO,NSE,IDO,50230,,NIFTY,,2025-03-20,2025-03-20,23150.0,PE,NIFTY2532023150PE,0.0,0.0,0.0,438.3,0.0,438.3,22547.55,622.3,0,0,0,0.0,0,F1,75,,,,,
2025-02-25,2025-02-25,FO,NSE,IDO,50240,,NIFTY,,2025-03-20,2025-03-20,23400.0,PE,NIFTY2532023400PE,0.0,0.0,0.0,571.95,0.0,571.95,22547.55,821.55,0,0,0,0.0,0,F1,75,,,,,
2025-02-25,2025-02-25,FO,NSE,IDO,50274,,NIFTY,,2025-03-20,2025-03-20,23950.0,PE,NIFTY2532023950PE,0.0,0.0,0.0,937.9,0.0,937.9,22547.55,1319.1,0,0,0,0.0,0,F1,75,,,,,
2025-02-25,2025-02-25,FO,NSE,IDO,50310,,NIFTY,,2025-03-20,2025-03-20,24650.0,PE,NIFTY2532024650PE,0.0,0.0,0.0,1512.9,0.0,1512.9,22547.55,2003.05,0,0,0,0.0,0,F1,75,,,,,
2025-02-25,2025-02-25,FO,NSE,IDO,79674,,NIFTY,,2025-04-24,2025-04-24,24800.0,CE,NIFTY25APR24800CE,27.0,27.0,20.45,21.35,20.9,28.15,22547.55,21.35,24900,-3525,298,554770376.25,194,F1,75,,,,,
2025-02-25,2025-02-25,FO,NSE,IDO,79644,,NIFTY,,2025-04-24,2025-04-24,24600.0,CE,NIFTY25APR24600CE,36.0,36.25,26.1,26.55,26.1,36.45,22547.55,26.55,10800,-5550,314,580052846.25,86,F1,75,,,,,
2025-02-25,2025-02-25,FO,NSE,IDO,79415,,NIFTY,,2025-04-24,2025-04-24,22850.0,CE,NIFTY25APR22850CE,504.55,504.55,461.7,467.3,461.7,504.55,22547.55,467.3,2250,375,22,38490705.0,12,F1,75,,,,,
2025-02-25,2025-02-25,FO,NSE,IDO,79411,,NIFTY,,2025-04-24,2025-04-24,22800.0,CE,NIFTY25APR22800CE,518.05,531.55,484.05,494.6,488.55,535.45,22547.55,494.6,54675,12075,1311,2291685986.25,591,F1,75,,,,,
2025-02-25,2025-02-25,FO,NSE,IDO,79400,,NIFTY,,2025-04-24,2025-04-24,22650.0,CE,NIFTY25APR22650CE,0.0,0.0,0.0,619.35,618.0,619.35,22547.55,542.55,600,0,0,0.0,0,F1,75,,,,,
2025-02-25,2025-02-25,FO,NSE,IDO,79390,,NIFTY,,2025-04-24,2025-04-24,22450.0,CE,NIFTY25APR22450CE,0.0,0.0,0.0,1438.25,0.0,1438.25,22547.55,654.6,0,0,0,0.0,0,F1,75,,,,,
2025-02-25,2025-02-25,FO,NSE,IDO,79291,,NIFTY,,2025-04-24,2025-04-24,22100.0,CE,NIFTY25APR22100CE,0.0,0.0,0.0,1186.3,1186.3,1186.3,22547.55,881.3,450,0,0,0.0,0,F1,75,,,,,
2025-02-25,2025-02-25,FO,NSE,IDO,79287,,NIFTY,,2025-04-24,2025-04-24,22050.0,CE,NIFTY25APR22050CE,0.0,0.0,0.0,1741.0,0.0,1741.0,22547.55,916.7,0,0,0,0.0,0,F1,75,,,,,
2025-02-25,2025-02-25,FO,NSE,IDO,79253,,NIFTY,,2025-04-24,2025-04-24,21450.0,CE,NIFTY25APR21450CE,0.0,0.0,0.0,2242.1,0.0,2242.1,22547.55,1391.55,0,0,0,0.0,0,F1,75,,,,,
2025-02-25,2025-02-25,FO,NSE,IDO,79231,,NIFTY,,2025-04-24,2025-04-24,21050.0,CE,NIFTY25APR21050CE,0.0,0.0,0.0,2599.7,0.0,2599.7,22547.55,1747.9,0,0,0,0.0,0,F1,75,,,,,
2025-02-25,2025-02-25,FO,NSE,IDO,79225,,NIFTY,,2025-04-24,2025-04-24,20900.0,CE,NIFTY25APR20900CE,0.0,0.0,0.0,2737.45,0.0,2737.45,22547.55,1887.1,0,0,0,0.0,0,F1,75,,,,,
2025-02-25,2025-02-25,FO,NSE,IDO,54854,,NIFTY,,2025-04-03,2025-04-03,24450.0,CE,NIFTY2540324450CE,0.0,0.0,0.0,96.9,0.0,96.9,22547.55,15.55,0,0,0,0.0,0,F1,75,,,,,
2025-02-25,2025-02-25,FO,NSE,IDO,46815,,NIFTY,,2025-03-27,2025-03-27,20800.0,PE,NIFTY25MAR20800PE,15.3,17.25,14.75,15.9,16.8,22.2,22547.55,15.9,36450,36450,1351,2109153648.75,559,F1,75,,,,,
2025-02-25,2025-02-25,FO,NSE,IDO,46975,,NIFTY,,2025-03-27,2025-03-27,22150.0,PE,NIFTY25MAR22150PE,152.85,154.0,130.15,142.45,145.35,149.15,22547.55,142.45,51225,-3975,510,852584677.5,415,F1,75,,,,,
2025-02-25,2025-02-25,FO,NSE,IDO,46985,,NIFTY,,2025-03-27,2025-03-27,22250.0,PE,NIFTY25MAR22250PE,174.95,179.55,155.35,164.85,165.75,173.3,22547.55,164.85,44550,75,683,1148199187.5,475,F1,75,,,,,
2025-02-25,2025-02-25,FO,NSE,IDO,46989,,NIFTY,,2025-03-27,2025-03-27,22350.0,PE,NIFTY25MAR22350PE,205.45,209.2,181.6,196.55,198.35,201.8,22547.55,196.55,43650,2250,649,1097322648.75,479,F1,75,,,,,
2025-02-25,2025-02-25,FO,NSE,IDO,48212,,NIFTY,,2025-03-27,2025-03-27,22850.0,PE,NIFTY25MAR22850PE,408.0,415.35,373.75,396.3,398.25,401.4,22547.55,396.3,81900,13125,312,543874923.75,232,F1,75,,,,,
2025-02-25,2025-02-25,FO,NSE,IDO,51478,,NIFTY,,2025-03-27,2025-03-27,23700.0,PE,NIFTY25MAR23700PE,1049.4,1049.4,957.5,993.85,1020.0,987.45,22547.55,993.85,207075,126975,1910,3537411776.25,732,F1,75,,,,,
2025-02-25,2025-02-25,FO,NSE,IDO,64567,,NIFTY,,2025-03-27,2025-03-27,24000.0,PE,NIFTY25MAR24000PE,1276.1,1304.0,1231.0,1280.7,1298.9,1261.35,22547.55,1280.7,1693025,72500,3339,6328605806.25,2581,F1,75,,,,,
2025-02-25,2025-02-25,FO,NSE,IDO,55200,,NIFTY,,2025-03-27,2025-03-27,24350.0,PE,NIFTY25MAR24350PE,0.0,0.0,0.0,1107.4,1107.4,1107.4,22547.55,1683.05,14400,0,0,0.0,0,F1,75,,,,,
2025-02-25,2025-02-25,FO,NSE,IDO,55657,,NIFTY,,2025-03-27,2025-03-27,24500.0,PE,NIFTY25MAR24500PE,1749.95,1788.1,1715.45,1763.9,1783.65,1741.25,22547.55,1763.9,876375,155925,2578,5076342603.75,2330,F1,75,,,,,
2025-02-25,2025-02-25,FO,NSE,IDO,56527,,NIFTY,,2025-03-27,2025-03-27,24550.0,PE,NIFTY25MAR24550PE,1776.6,1804.25,1760.25,1804.25,1804.25,1573.3,22547.55,1877.5,225,75,5,9874170.0,3,F1,75,,,,,
2025-02-25,2025-02-25,FO,NSE,IDO,54533,,NIFTY,,2025-04-03,2025-04-03,21100.0,PE,NIFTY2540321100PE,0.0,0.0,0.0,24.15,24.15,24.15,22547.55,15.75,75,0,0,0.0,0,F1,75,,,,,
2025-02-25,2025-02-25,FO,NSE,IDO,54559,,NIFTY,,2025-04-03,2025-04-03,21500.0,PE,NIFTY2540321500PE,60.0,60.4,54.0,54.0,54.0,61.25,22547.55,43.9,750,300,9,14552280.0,6,F1,75,,,,,
2025-02-25,2025-02-25,FO,NSE,IDO,54567,,NIFTY,,2025-04-03,2025-04-03,21700.0,PE,NIFTY2540321700PE,0.0,0.0,0.0,73.35,0.0,73.35,22547.55,68.8,0,0,0,0.0,0,F1,75,,,,,
2025-02-25,2025-02-25,FO,NSE,IDO,54841,,NIFTY,,2025-04-03,2025-04-03,24200.0,CE,NIFTY2540324200CE,0.0,0.0,0.0,137.5,0.0,137.5,22547.55,27.7,0,0,0,0.0,0,F1,75,,,,,
2025-02-25,2025-02-25,FO,NSE,IDO,54667,,NIFTY,,2025-04-03,2025-04-03,23250.0,CE,NIFTY2540323250CE,0.0,0.0,0.0,426.05,0.0,426.05,22547.55,170.75,0,0,0,0.0,0,F1,75,,,,,
2025-02-25,2025-02-25,FO,NSE,IDO,54665,,NIFTY,,2025-04-03,2025-04-03,23200.0,CE,NIFTY2540323200CE,0.0,0.0,0.0,448.4,0.0,448.4,22547.55,184.95,0,0,0,0.0,0,F1,75,,,,,
2025-02-25,2025-02-25,FO,NSE,IDO,54642,,NIFTY,,2025-04-03,2025-04-03,23050.0,CE,NIFTY2540323050CE,0.0,0.0,0.0,520.2,0.0,520.2,22547.55,232.85,0,0,0,0.0,0,F1,75,,,,,
2025-02-25,2025-02-25,FO,NSE,IDO,54570,,NIFTY,,2025-04-03,2025-04-03,21800.0,CE,NIFTY2540321800CE,0.0,0.0,0.0,1379.55,0.0,1379.55,22547.55,975.65,0,0,0,0.0,0,F1,75,,,,,
2025-02-25,2025-02-25,FO,NSE,IDO,54518,,NIFTY,,2025-04-03,2025-04-03,21000.0,CE,NIFTY2540321000CE,0.0,0.0,0.0,2104.35,0.0,2104.35,22547.55,1697.35,0,0,0,0.0,0,F1,75,,,,,
2025-02-25,2025-02-25,FO,NSE,IDO,56888,,NIFTY,,2025-03-27,2025-03-27,25600.0,CE,NIFTY25MAR25600CE,6.0,13.95,4.2,4.45,4.25,6.65,22547.55,4.45,13050,-375,186,357198637.5,106,F1,75,,,,,
2025-02-25,2025-02-25,FO,NSE,IDO,64570,,NIFTY,,2025-03-27,2025-03-27,25000.0,CE,NIFTY25MAR25000CE,7.9,8.15,5.4,5.7,5.55,7.65,22547.55,5.7,3227075,-78700,15833,29694825476.25,7567,F1,75,,,,,
2025-02-25,2025-02-25,FO,NSE,IDO,56526,,NIFTY,,2025-03-27,2025-03-27,24550.0,CE,NIFTY25MAR24550CE,10.25,10.25,7.3,7.6,7.45,10.2,22547.55,7.6,19575,-8925,545,1003838767.5,268,F1,75,,,,,
2025-02-25,2025-02-25,FO,NSE,IDO,55102,,NIFTY,,2025-03-27,2025-03-27,24250.0,CE,NIFTY25MAR24250CE,15.4,15.4,10.3,10.8,10.5,15.55,22547.55,10.8,42450,-9975,589,1071784845.0,196,F1,75,,,,,
2025-02-25,2025-02-25,FO,NSE,IDO,54819,,NIFTY,,2025-03-27,2025-03-27,24150.0,CE,NIFTY25MAR24150CE,16.6,16.6,12.0,12.75,12.0,17.95,22547.55,12.75,37575,5325,423,766595148.75,226,F1,75,,,,,
2025-02-25,2025-02-25,FO,NSE,IDO,64564,,NIFTY,,2025-03-27,2025-03-27,23000.0,CE,NIFTY25MAR23000CE,219.05,229.4,190.0,198.3,190.0,230.1,22547.55,198.3,3511875,299925,36272,63132078765.0,20379,F1,75,,,,,
2025-02-25,2025-02-25,FO,NSE,IDO,46997,,NIFTY,,2025-03-27,2025-03-27,22500.0,CE,NIFTY25MAR22500CE,467.45,502.5,445.35,456.4,447.0,495.2,22547.55,456.4,1451625,381525,23171,39915759082.5,15732,F1,75,,,,,
2025-02-25,2025-02-25,FO,NSE,IDO,46918,,NIFTY,,2025-03-27,2025-03-27,21800.0,CE,NIFTY25MAR21800CE,992.5,1014.0,966.9,982.2,967.9,1015.5,22547.55,982.2,9150,3525,65,111116295.0,40,F1,75,,,,,
2025-02-25,2025-02-25,FO,NSE,IDO,46880,,NIFTY,,2025-03-27,2025-03-27,21500.0,CE,NIFTY25MAR21500CE,1280.0,1300.8,1231.0,1239.6,1233.1,1284.1,22547.55,1239.6,379050,145725,2405,4104060656.25,1080,F1,75,,,,,
2025-02-25,2025-02-25,FO,NSE,IDO,50296,,NIFTY,,2025-03-20,2025-03-20,24400.0,CE,NIFTY2532024400CE,5.05,5.05,5.05,5.05,5.05,7.25,22547.55,5.05,975,75,1,1830378.75,1,F1,75,,,,,
2025-02-25,2025-02-25,FO,NSE,IDO,50261,,NIFTY,,2025-03-20,2025-03-20,23850.0,CE,NIFTY2532023850CE,0.0,0.0,0.0,30.65,30.65,30.65,22547.55,19.55,75,0,0,0.0,0,F1,75,,,,,
2025-02-25,2025-02-25,FO,NSE,IDO,50259,,NIFTY,,2025-03-20,2025-03-20,23800.0,CE,NIFTY2532023800CE,23.45,23.5,13.8,14.7,14.55,24.25,22547.55,14.7,14025,2400,201,359036583.75,98,F1,75,,,,,
2025-02-25,2025-02-25,FO,NSE,IDO,50241,,NIFTY,,2025-03-20,2025-03-20,23450.0,CE,NIFTY2532023450CE,0.0,0.0,0.0,343.75,0.0,343.75,22547.55,57.3,0,0,0,0.0,0,F1,75,,,,,
2025-02-25,2025-02-25,FO,NSE,IDO,50165,,NIFTY,,2025-03-20,2025-03-20,22250.0,CE,NIFTY2532022250CE,0.0,0.0,0.0,1062.95,0.0,1062.95,22547.55,530.9,0,0,0,0.0,0,F1,75,,,,,
2025-02-25,2025-02-25,FO,NSE,IDO,50139,,NIFTY,,2025-03-20,2025-03-20,21850.0,CE,NIFTY2532021850CE,0.0,0.0,0.0,1395.25,0.0,1395.25,22547.55,841.0,0,0,0,0.0,0,F1,75,,,,,
2025-02-25,2025-02-25,FO,NSE,IDO,50115,,NIFTY,,2025-03-20,2025-03-20,21350.0,CE,NIFTY2532021350CE,0.0,0.0,0.0,1850.6,0.0,1850.6,22547.55,1296.3,0,0,0,0.0,0,F1,75,,,,,
2025-02-25,2025-02-25,FO,NSE,IDO,50109,,NIFTY,,2025-03-20,2025-03-20,21250.0,CE,NIFTY2532021250CE,0.0,0.0,0.0,1945.25,0.0,1945.25,22547.55,1392.4,0,0,0,0.0,0,F1,75,,,,,
2025-02-25,2025-02-25,FO,NSE,IDO,50103,,NIFTY,,2025-03-20,2025-03-20,21200.0,CE,NIFTY2532021200CE,0.0,0.0,0.0,1992.95,0.0,1992.95,22547.55,1440.85,0,0,0,0.0,0,F1,75,,,,,
2025-02-25,2025-02-25,FO,NSE,IDO,50101,,NIFTY,,2025-03-20,2025-03-20,21150.0,CE,NIFTY2532021150CE,0.0,0.0,0.0,2040.8,0.0,2040.8,22547.55,1489.5,0,0,0,0.0,0,F1,75,,,,,
2025-02-25,2025-02-25,FO,NSE,IDO,50095,,NIFTY,,2025-03-20,2025-03-20,21100.0,CE,NIFTY2532021100CE,0.0,0.0,0.0,2088.8,0.0,2088.8,22547.55,1538.3,0,0,0,0.0,0,F1,75,,,,,
2025-02-25,2025-02-25,FO,NSE,IDO,50091,,NIFTY,,2025-03-20,2025-03-20,21000.0,CE,NIFTY2532021000CE,0.0,0.0,0.0,2185.35,0.0,2185.35,22547.55,1636.4,0,0,0,0.0,0,F1,75,,,,,
2025-02-25,2025-02-25,FO,NSE,IDO,45638,,NIFTY,,2025-03-13,2025-03-13,25000.0,CE,NIFTY2531325000CE,2.9,2.9,2.15,2.3,2.4,2.9,22547.55,2.3,39525,4050,325,609432952.5,97,F1,75,,,,,
2025-02-25,2025-02-25,FO,NSE,IDO,45621,,NIFTY,,2025-03-13,2025-03-13,24850.0,CE,NIFTY2531324850CE,0.0,0.0,0.0,3.6,3.6,3.6,22547.55,0.05,1275,0,0,0.0,0,F1,75,,,,,
2025-02-25,2025-02-25,FO,NSE,IDO,45536,,NIFTY,,2025-03-13,2025-03-13,23650.0,CE,NIFTY2531323650CE,17.65,17.65,7.5,8.35,7.9,16.65,22547.55,8.35,8025,3150,632,1121453310.0,276,F1,75,,,,,
2025-02-25,2025-02-25,FO,NSE,IDO,45486,,NIFTY,,2025-03-13,2025-03-13,22950.0,CE,NIFTY2531322950CE,128.0,135.1,92.75,97.85,96.3,142.2,22547.55,97.85,20850,4275,712,1231319508.75,423,F1,75,,,,,
2025-02-25,2025-02-25,FO,NSE,IDO,45484,,NIFTY,,2025-03-13,2025-03-13,22900.0,CE,NIFTY2531322900CE,170.0,170.0,109.75,115.85,110.0,160.8,22547.55,115.85,78675,36075,2867,4951198575.0,2208,F1,75,,,,,
2025-02-25,2025-02-25,FO,NSE,IDO,45410,,NIFTY,,2025-03-13,2025-03-13,21400.0,CE,NIFTY2531321400CE,0.0,0.0,0.0,1508.25,1508.25,1508.25,22547.55,1213.85,75,0,0,0.0,0,F1,75,,,,,
2025-02-25,2025-02-25,FO,NSE,IDO,68666,,NIFTY,,2025-03-06,2025-03-06,25150.0,CE,NIFTY2530625150CE,1.85,1.85,1.3,1.5,1.45,1.95,22547.55,1.5,2550,1050,33,62249996.25,17,F1,75,,,,,
2025-02-25,2025-02-25,FO,NSE,IDO,68623,,NIFTY,,2025-03-06,2025-03-06,24600.0,CE,NIFTY2530624600CE,1.9,2.75,1.5,1.7,1.9,2.3,22547.55,1.7,46350,2100,1083,1998281756.25,408,F1,75,,,,,
2025-02-25,2025-02-25,FO,NSE,IDO,68452,,NIFTY,,2025-03-06,2025-03-06,22650.0,CE,NIFTY2530622650CE,190.0,198.0,141.05,150.5,143.15,201.95,22547.55,150.5,417675,276525,26573,45472503127.5,17462,F1,75,,,,,
2025-02-25,2025-02-25,FO,NSE,IDO,57673,,NIFTY,,2025-02-27,2025-02-27,25750.0,CE,NIFTY25FEB25750CE,0.85,1.35,0.35,0.5,1.35,0.95,22547.55,0.5,77625,-29475,3717,7178634798.75,1147,F1,75,,,,,
2025-02-25,2025-02-25,FO,NSE,IDO,57671,,NIFTY,,2025-02-27,2025-02-27,25700.0,CE,NIFTY25FEB25700CE,0.7,0.9,0.45,0.6,0.6,0.95,22547.55,0.6,30750,-22425,3945,7604187037.5,1267,F1,75,,,,,
2025-02-25,2025-02-25,FO,NSE,IDO,57661,,NIFTY,,2025-02-27,2025-02-27,25450.0,CE,NIFTY25FEB25450CE,0.85,0.95,0.45,0.55,0.55,1.05,22547.55,0.55,21675,-34950,3851,7350798866.25,1065,F1,75,,,,,
2025-02-25,2025-02-25,FO,NSE,IDO,57623,,NIFTY,,2025-02-27,2025-02-27,24550.0,CE,NIFTY25FEB24550CE,1.15,1.45,0.35,0.65,0.35,1.1,22547.55,0.65,162675,-150600,14698,27063550672.5,3101,F1,75,,,,,
2025-02-25,2025-02-25,FO,NSE,IDO,57619,,NIFTY,,2025-02-27,2025-02-27,24450.0,CE,NIFTY25FEB24450CE,1.2,1.35,0.3,0.65,0.35,1.15,22547.55,0.65,150450,-81300,11867,21761838866.25,2590,F1,75,,,,,
2025-02-25,2025-02-25,FO,NSE,IDO,57601,,NIFTY,,2025-02-27,2025-02-27,24000.0,CE,NIFTY25FEB24000CE,1.4,1.75,0.75,1.0,0.9,1.6,22547.55,1.0,7406250,-4523550,415193,747383115795.0,68429,F1,75,,,,,
2025-02-25,2025-02-25,FO,NSE,IDO,57597,,NIFTY,,2025-02-27,2025-02-27,23900.0,CE,NIFTY25FEB23900CE,1.7,2.55,0.8,0.95,0.85,1.65,22547.55,0.95,1613550,-621225,92650,166083620913.75,21874,F1,75,,,,,
2025-02-25,2025-02-25,FO,NSE,IDO,57583,,NIFTY,,2025-02-27,2025-02-27,23550.0,CE,NIFTY25FEB23550CE,2.0,2.3,0.95,1.25,1.0,2.15,22547.55,1.25,1028175,-520725,313048,552963564930.0,50175,F1,75,,,,,
2025-02-25,2025-02-25,FO,NSE,IDO,55653,,NIFTY,,2025-02-27,2025-02-27,23350.0,CE,NIFTY25FEB23350CE,3.75,3.75,1.35,1.6,1.45,3.05,22547.55,1.6,1951800,-1006950,215841,378023407440.0,47335,F1,75,,,,,
2025-02-25,2025-02-25,FO,NSE,IDO,55641,,NIFTY,,2025-02-27,2025-02-27,23050.0,CE,NIFTY25FEB23050CE,7.4,7.4,2.1,2.55,2.2,8.8,22547.55,2.55,3282600,299850,504647,872553153468.75,120991,F1,75,,,,,
2025-02-25,2025-02-25,FO,NSE,IDO,55609,,NIFTY,,2025-02-27,2025-02-27,22250.0,CE,NIFTY25FEB22250CE,359.1,401.2,320.8,334.2,325.85,378.1,22547.55,334.2,64725,0,5480,9289971262.5,3711,F1,75,,,,,
2025-02-25,2025-02-25,FO,NSE,IDO,55607,,NIFTY,,2025-02-27,2025-02-27,22200.0,CE,NIFTY25FEB22200CE,402.2,450.0,369.1,387.3,372.0,427.15,22547.55,387.3,55875,-3225,10821,18344753415.0,6764,F1,75,,,,,
2025-02-25,2025-02-25,FO,NSE,IDO,55599,,NIFTY,,2025-02-27,2025-02-27,22000.0,CE,NIFTY25FEB22000CE,588.05,647.0,564.1,578.05,566.3,617.95,22547.55,578.05,578250,-114600,11008,18656590398.75,7574,F1,75,,,,,
2025-02-25,2025-02-25,FO,NSE,IDO,55597,,NIFTY,,2025-02-27,2025-02-27,21950.0,CE,NIFTY25FEB21950CE,630.0,670.4,618.65,618.65,618.65,668.6,22547.55,618.65,825,-300,18,30504963.75,18,F1,75,,,,,
2025-02-25,2025-02-25,FO,NSE,IDO,55585,,NIFTY,,2025-02-27,2025-02-27,21650.0,CE,NIFTY25FEB21650CE,0.0,0.0,0.0,1378.85,1383.8,1378.85,22547.55,905.25,150,0,0,0.0,0,F1,75,,,,,
2025-02-25,2025-02-25,FO,NSE,IDO,55575,,NIFTY,,2025-02-27,2025-02-27,21500.0,CE,NIFTY25FEB21500CE,1115.0,1144.4,1066.6,1078.4,1067.4,1113.75,22547.55,1078.4,264375,-138375,3125,5295414776.25,2011,F1,75,,,,,
2025-02-25,2025-02-25,FO,NSE,IDO,55569,,NIFTY,,2025-02-27,2025-02-27,21350.0,CE,NIFTY25FEB21350CE,0.0,0.0,0.0,1684.55,1684.55,1684.55,22547.55,1205.15,375,0,0,0.0,0,F1,75,,,,,
2025-02-25,2025-02-25,FO,NSE,IDO,55563,,NIFTY,,2025-02-27,2025-02-27,21200.0,CE,NIFTY25FEB21200CE,1378.0,1410.6,1375.0,1398.8,1398.8,1705.0,22547.55,1355.1,900,-675,11,18629955.0,4,F1,75,,,,,
2025-02-25,2025-02-25,FO,NSE,IDO,54622,,NIFTY,,2025-04-03,2025-04-03,22600.0,PE,NIFTY2540322600PE,295.0,311.0,295.0,307.85,311.0,312.0,22547.55,307.85,1500,1350,35,60122527.5,19,F1,75,,,,,
2025-02-25,2025-02-25,FO,NSE,IDO,54626,,NIFTY,,2025-04-03,2025-04-03,22700.0,PE,NIFTY2540322700PE,0.0,0.0,0.0,315.4,0.0,315.4,22547.55,381.85,0,0,0,0.0,0,F1,75,,,,,
2025-02-25,2025-02-25,FO,NSE,IDO,54628,,NIFTY,,2025-04-03,2025-04-03,22750.0,PE,NIFTY2540322750PE,0.0,0.0,0.0,334.8,0.0,334.8,22547.55,407.7,0,0,0,0.0,0,F1,75,,,,,
2025-02-25,2025-02-25,FO,NSE,IDO,54635,,NIFTY,,2025-04-03,2025-04-03,22900.0,PE,NIFTY2540322900PE,0.0,0.0,0.0,397.55,0.0,397.55,22547.55,491.35,0,0,0,0.0,0,F1,75,,,,,
2025-02-25,2025-02-25,FO,NSE,IDO,54641,,NIFTY,,2025-04-03,2025-04-03,23000.0,PE,NIFTY2540323000PE,469.8,469.8,467.15,467.15,467.15,420.0,22547.55,552.1,375,75,2,3520271.25,2,F1,75,,,,,
2025-02-25,2025-02-25,FO,NSE,IDO,54668,,NIFTY,,2025-04-03,2025-04-03,23250.0,PE,NIFTY2540323250PE,0.0,0.0,0.0,571.6,0.0,571.6,22547.55,720.5,0,0,0,0.0,0,F1,75,,,,,
2025-02-25,2025-02-25,FO,NSE,IDO,54847,,NIFTY,,2025-04-03,2025-04-03,24300.0,PE,NIFTY2540324300PE,0.0,0.0,0.0,1306.8,0.0,1306.8,22547.55,1614.95,0,0,0,0.0,0,F1,75,,,,,
2025-02-25,2025-02-25,FO,NSE,IDO,54857,,NIFTY,,2025-04-03,2025-04-03,24450.0,PE,NIFTY2540324450PE,0.0,0.0,0.0,1432.6,0.0,1432.6,22547.55,1757.45,0,0,0,0.0,0,F1,75,,,,,
2025-02-25,2025-02-25,FO,NSE,IDO,79228,,NIFTY,,2025-04-24,2025-04-24,20950.0,PE,NIFTY25APR20950PE,53.7,58.1,52.15,52.15,52.15,43.25,22547.55,52.15,8175,8175,110,173309970.0,28,F1,75,,,,,
2025-02-25,2025-02-25,FO,NSE,IDO,79271,,NIFTY,,2025-04-24,2025-04-24,21850.0,PE,NIFTY25APR21850PE,144.65,144.65,144.65,144.65,144.65,134.65,22547.55,144.65,375,225,3,4948796.25,1,F1,75,,,,,
2025-02-25,2025-02-25,FO,NSE,IDO,79286,,NIFTY,,2025-04-24,2025-04-24,22000.0,PE,NIFTY25APR22000PE,193.65,196.65,170.8,177.75,180.45,183.8,22547.55,177.75,502575,27225,2585,4299735945.0,1759,F1,75,,,,,
2025-02-25,2025-02-25,FO,NSE,IDO,79435,,NIFTY,,2025-04-24,2025-04-24,23050.0,PE,NIFTY25APR23050PE,0.0,0.0,0.0,535.9,536.15,535.9,22547.55,623.2,1950,0,0,0.0,0,F1,75,,,,,
2025-02-25,2025-02-25,FO,NSE,IDO,79437,,NIFTY,,2025-04-24,2025-04-24,23100.0,PE,NIFTY25APR23100PE,575.8,576.65,550.3,568.9,571.9,561.7,22547.55,568.9,12150,-4425,117,207675952.5,55,F1,75,,,,,
2025-02-25,2025-02-25,FO,NSE,IDO,79512,,NIFTY,,2025-04-24,2025-04-24,23750.0,PE,NIFTY25APR23750PE,0.0,0.0,0.0,751.25,751.25,751.25,22547.55,1108.3,2925,0,0,0.0,0,F1,75,,,,,
2025-02-25,2025-02-25,FO,NSE,IDO,79611,,NIFTY,,2025-04-24,2025-04-24,24200.0,PE,NIFTY25APR24200PE,1340.0,1340.0,1340.0,1340.0,1340.0,1362.4,22547.55,1481.45,2625,75,1,1915500.0,1,F1,75,,,,,
2025-02-25,2025-02-25,FO,NSE,IDO,79635,,NIFTY,,2025-04-24,2025-04-24,24350.0,PE,NIFTY25APR24350PE,0.0,0.0,0.0,1128.5,0.0,1128.5,22547.55,1613.55,0,0,0,0.0,0,F1,75,,,,,
2025-02-25,2025-02-25,FO,NSE,IDO,55120,,NIFTY,,2025-06-26,2025-06-26,18000.0,PE,NIFTY25JUN18000PE,24.15,24.15,18.05,20.95,22.0,20.7,22547.55,20.95,89275,3250,194,262183987.5,78,F1,75,,,,,
2025-02-25,2025-02-25,FO,NSE,IDO,39986,,NIFTY,,2025-06-26,2025-06-26,19000.0,PE,NIFTY25JUN19000PE,34.5,36.8,31.15,35.55,35.65,35.2,22547.55,35.55,928550,30575,1004,1433305890.0,669,F1,75,,,,,
2025-02-25,2025-02-25,FO,NSE,IDO,37794,,NIFTY,,2025-06-26,2025-06-26,23000.0,PE,NIFTY25JUN23000PE,652.2,653.25,614.25,634.1,640.0,636.3,22547.55,634.1,1131425,96075,4715,8356366601.25,4229,F1,75,,,,,
2025-02-25,2025-02-25,FO,NSE,IDO,64689,,NIFTY,,2025-09-25,2025-09-25,22000.0,PE,NIFTY25SEP22000PE,422.35,438.3,405.45,419.8,423.0,422.35,22547.55,419.8,54000,4425,204,342933663.75,160,F1,75,,,,,
2025-02-25,2025-02-25,FO,NSE,IDO,64695,,NIFTY,,2025-09-25,2025-09-25,25000.0,PE,NIFTY25SEP25000PE,1789.6,1797.6,1759.05,1797.6,1797.6,1760.0,22547.55,1797.6,12750,7875,126,253121373.75,59,F1,75,,,,,
2025-02-25,2025-02-25,FO,NSE,IDO,37797,,NIFTY,,2025-12-24,2025-12-24,13000.0,PE,NIFTY25DEC13000PE,20.05,20.05,14.0,19.85,19.85,11.15,22547.55,0.05,2850,-900,26,25388628.75,10,F1,75,,,,,
2025-02-25,2025-02-25,FO,NSE,IDO,49174,,NIFTY,,2025-12-24,2025-12-24,15000.0,PE,NIFTY25DEC15000PE,0.0,0.0,0.0,20.05,20.05,20.05,22547.55,0.05,1900,0,0,0.0,0,F1,75,,,,,
2025-02-25,2025-02-25,FO,NSE,IDO,38377,,NIFTY,,2025-12-24,2025-12-24,20000.0,PE,NIFTY25DEC20000PE,218.5,230.6,209.0,214.3,217.0,210.1,22547.55,214.3,277125,2625,437,662628007.5,306,F1,75,,,,,
2025-02-25,2025-02-25,FO,NSE,IDO,58639,,NIFTY,,2026-12-31,2026-12-31,17000.0,PE,NIFTY26DEC17000PE,0.0,0.0,0.0,97.05,97.05,97.05,22547.55,14.8,2850,0,0,0.0,0,F1,75,,,,,
2025-02-25,2025-02-25,FO,NSE,IDO,58643,,NIFTY,,2026-12-31,2026-12-31,19000.0,PE,NIFTY26DEC19000PE,114.0,290.0,114.0,279.7,290.0,97.45,22547.55,279.7,2400,75,10,14425920.0,10,F1,75,,,,,
2025-02-25,2025-02-25,FO,NSE,IDO,53635,,NIFTY,,2027-12-30,2027-12-30,28000.0,PE,NIFTY27DEC28000PE,0.0,0.0,0.0,4251.0,0.0,4251.0,22547.55,2425.6,0,0,0,0.0,0,F1,75,,,,,
2025-02-25,2025-02-25,FO,NSE,IDO,89635,,NIFTY,,2029-06-28,2029-06-28,26000.0,PE,NIFTY29JUN26000PE,0.0,0.0,0.0,1391.75,1391.75,1391.75,22547.55,1135.85,25,0,0,0.0,0,F1,75,,,,,
2025-02-25,2025-02-25,FO,NSE,IDO,68473,,NIFTY,,2025-03-06,2025-03-06,23100.0,PE,NIFTY2530623100PE,500.05,515.0,447.35,488.25,499.05,484.45,22547.55,488.25,145725,13725,1222,2160542486.25,718,F1,75,,,,,
2025-02-25,2025-02-25,FO,NSE,IDO,68424,,NIFTY,,2025-03-06,2025-03-06,22150.0,PE,NIFTY2530622150PE,55.0,55.0,29.75,37.7,41.65,49.3,22547.55,37.7,155550,84975,11661,19404391140.0,7673,F1,75,,,,,
2025-02-25,2025-02-25,FO,NSE,IDO,68406,,NIFTY,,2025-03-06,2025-03-06,21750.0,PE,NIFTY2530621750PE,15.05,15.7,8.5,11.55,13.8,15.1,22547.55,11.55,195000,129525,9173,14970586815.0,4618,F1,75,,,,,
2025-02-25,2025-02-25,FO,NSE,IDO,68371,,NIFTY,,2025-03-06,2025-03-06,21000.0,PE,NIFTY2530621000PE,2.45,4.3,2.4,3.65,4.15,11.3,22547.55,3.65,757200,757200,26745,42129932178.75,8895,F1,75,,,,,
2025-02-25,2025-02-25,FO,NSE,IDO,68363,,NIFTY,,2025-03-06,2025-03-06,20800.0,PE,NIFTY2530620800PE,2.85,3.85,1.4,3.15,3.8,7.0,22547.55,3.15,842325,842325,21723,33892129087.5,5685,F1,75,,,,,
2025-02-25,2025-02-25,FO,NSE,IDO,57709,,NIFTY,,2025-02-27,2025-02-27,26400.0,PE,NIFTY25FEB26400PE,0.0,0.0,0.0,3437.6,3437.6,3437.6,22547.55,3843.05,2175,0,0,0.0,0,F1,75,,,,,
2025-02-25,2025-02-25,FO,NSE,IDO,57706,,NIFTY,,2025-02-27,2025-02-27,26350.0,PE,NIFTY25FEB26350PE,3773.95,3773.95,3768.35,3768.35,3768.35,3313.95,22547.55,3793.05,75,0,2,4518172.5,2,F1,75,,,,,
2025-02-25,2025-02-25,FO,NSE,IDO,57688,,NIFTY,,2025-02-27,2025-02-27,26100.0,PE,NIFTY25FEB26100PE,3500.0,3500.0,3499.9,3499.9,3499.9,3057.65,22547.55,3543.15,5625,-525,8,17759992.5,5,F1,75,,,,,
2025-02-25,2025-02-25,FO,NSE,IDO,57640,,NIFTY,,2025-02-27,2025-02-27,24950.0,PE,NIFTY25FEB24950PE,0.0,0.0,0.0,1957.35,1957.35,1957.35,22547.55,2393.55,150,0,0,0.0,0,F1,75,,,,,
2025-02-25,2025-02-25,FO,NSE,IDO,57616,,NIFTY,,2025-02-27,2025-02-27,24350.0,PE,NIFTY25FEB24350PE,1758.5,1782.8,1758.5,1782.8,1782.8,1764.75,22547.55,1782.8,6675,-375,5,9793185.0,3,F1,75,,,,,
2025-02-25,2025-02-25,FO,NSE,IDO,57614,,NIFTY,,2025-02-27,2025-02-27,24300.0,PE,NIFTY25FEB24300PE,1720.0,1739.1,1655.55,1718.95,1739.1,1686.75,22547.55,1718.95,55950,-46875,669,1304872331.25,432,F1,75,,,,,
2025-02-25,2025-02-25,FO,NSE,IDO,56875,,NIFTY,,2025-03-27,2025-03-27,25250.0,PE,NIFTY25MAR25250PE,0.0,0.0,0.0,1415.9,0.0,1415.9,22547.55,2568.55,0,0,0,0.0,0,F1,75,,,,,
2025-02-25,2025-02-25,FO,NSE,IDO,56547,,NIFTY,,2025-03-27,2025-03-27,24800.0,PE,NIFTY25MAR24800PE,2034.4,2077.25,2030.0,2074.4,2077.25,2034.4,22547.55,2074.4,5250,4350,59,118828113.75,49,F1,75,,,,,
2025-02-25,2025-02-25,FO,NSE,IDO,51476,,NIFTY,,2025-03-27,2025-03-27,23650.0,PE,NIFTY25MAR23650PE,949.1,983.45,943.05,972.25,972.25,949.1,22547.55,972.25,21075,-2250,90,166148471.25,23,F1,75,,,,,
2025-02-25,2025-02-25,FO,NSE,IDO,51127,,NIFTY,,2025-03-27,2025-03-27,23450.0,PE,NIFTY25MAR23450PE,777.0,806.1,774.85,796.85,806.1,776.45,22547.55,796.85,33600,-1425,42,76355471.25,27,F1,75,,,,,
2025-02-25,2025-02-25,FO,NSE,IDO,51123,,NIFTY,,2025-03-27,2025-03-27,23400.0,PE,NIFTY25MAR23400PE,756.95,776.15,716.0,750.2,771.35,745.4,22547.55,750.2,139650,-10575,309,559402398.75,170,F1,75,,,,,
2025-02-25,2025-02-25,FO,NSE,IDO,46987,,NIFTY,,2025-03-27,2025-03-27,22300.0,PE,NIFTY25MAR22300PE,196.05,196.05,167.05,177.25,182.2,186.6,22547.55,177.25,643650,91050,5929,9994699503.75,3998,F1,75,,,,,
2025-02-25,2025-02-25,FO,NSE,IDO,46977,,NIFTY,,2025-03-27,2025-03-27,22200.0,PE,NIFTY25MAR22200PE,165.5,166.85,142.0,150.6,155.15,161.1,22547.55,150.6,829875,91800,6474,10852696177.5,4276,F1,75,,,,,
2025-02-25,2025-02-25,FO,NSE,IDO,46886,,NIFTY,,2025-03-27,2025-03-27,21550.0,PE,NIFTY25MAR21550PE,50.05,53.4,47.8,49.8,52.65,55.45,22547.55,49.8,11100,3225,187,302941256.25,100,F1,75,,,,,
2025-02-25,2025-02-25,FO,NSE,IDO,46855,,NIFTY,,2025-03-27,2025-03-27,21250.0,PE,NIFTY25MAR21250PE,33.3,33.3,28.85,30.2,32.1,34.25,22547.55,30.2,18600,-1350,331,528293655.0,137,F1,75,,,,,
2025-02-25,2025-02-25,FO,NSE,IDO,64555,,NIFTY,,2025-03-27,2025-03-27,19000.0,PE,NIFTY25MAR19000PE,5.2,5.35,4.7,4.9,4.9,5.15,22547.55,4.9,326275,9825,938,1337003216.25,396,F1,75,,,,,
2025-02-25,2025-02-25,FO,NSE,IDO,50228,,NIFTY,,2025-03-20,2025-03-20,23100.0,PE,NIFTY2532023100PE,0.0,0.0,0.0,414.1,0.0,414.1,22547.55,585.3,0,0,0,0.0,0,F1,75,,,,,
2025-02-25,2025-02-25,FO,NSE,IDO,54614,,NIFTY,,2025-04-03,2025-04-03,22450.0,PE,NIFTY2540322450PE,0.0,0.0,0.0,230.0,0.0,230.0,22547.55,268.15,0,0,0,0.0,0,F1,75,,,,,
2025-02-25,2025-02-25,FO,NSE,IDO,54618,,NIFTY,,2025-04-03,2025-04-03,22500.0,PE,NIFTY2540322500PE,271.55,278.0,252.55,260.65,260.65,266.0,22547.55,260.65,2625,75,27,46101082.5,22,F1,75,,,,,
2025-02-25,2025-02-25,FO,NSE,IDO,54630,,NIFTY,,2025-04-03,2025-04-03,22800.0,PE,NIFTY2540322800PE,388.4,400.2,372.25,379.9,379.9,354.9,22547.55,434.55,675,675,18,31296918.75,13,F1,75,,,,,
2025-02-25,2025-02-25,FO,NSE,IDO,54754,,NIFTY,,2025-04-03,2025-04-03,23650.0,PE,NIFTY2540323650PE,0.0,0.0,0.0,816.9,0.0,816.9,22547.55,1032.3,0,0,0,0.0,0,F1,75,,,,,
2025-02-25,2025-02-25,FO,NSE,IDO,54758,,NIFTY,,2025-04-03,2025-04-03,23750.0,PE,NIFTY2540323750PE,0.0,0.0,0.0,885.45,0.0,885.45,22547.55,1116.95,0,0,0,0.0,0,F1,75,,,,,
2025-02-25,2025-02-25,FO,NSE,IDO,54859,,NIFTY,,2025-04-03,2025-04-03,24500.0,PE,NIFTY2540324500PE,0.0,0.0,0.0,1475.4,0.0,1475.4,22547.55,1805.35,0,0,0,0.0,0,F1,75,,,,,
2025-02-25,2025-02-25,FO,NSE,IDO,79263,,NIFTY,,2025-04-24,2025-04-24,21650.0,PE,NIFTY25APR21650PE,0.0,0.0,0.0,97.95,97.95,97.95,22547.55,103.95,150,0,0,0.0,0,F1,75,,,,,
2025-02-25,2025-02-25,FO,NSE,IDO,79269,,NIFTY,,2025-04-24,2025-04-24,21800.0,PE,NIFTY25APR21800PE,145.3,148.0,132.0,138.7,142.25,142.9,22547.55,138.7,91800,-300,586,964203577.5,193,F1,75,,,,,
2025-02-25,2025-02-25,FO,NSE,IDO,79290,,NIFTY,,2025-04-24,2025-04-24,22050.0,PE,NIFTY25APR22050PE,0.0,0.0,0.0,174.65,0.0,174.65,22547.55,192.55,0,0,0,0.0,0,F1,75,,,,,
2025-02-25,2025-02-25,FO,NSE,IDO,79294,,NIFTY,,2025-04-24,2025-04-24,22100.0,PE,NIFTY25APR22100PE,206.3,206.3,188.0,196.15,202.55,205.2,22547.55,196.15,67725,1425,393,657114941.25,221,F1,75,,,,,
2025-02-25,2025-02-25,FO,NSE,IDO,79504,,NIFTY,,2025-04-24,2025-04-24,23550.0,PE,NIFTY25APR23550PE,0.0,0.0,0.0,665.0,665.0,665.0,22547.55,956.25,75,0,0,0.0,0,F1,75,,,,,
2025-02-25,2025-02-25,FO,NSE,IDO,79645,,NIFTY,,2025-04-24,2025-04-24,24600.0,PE,NIFTY25APR24600PE,0.0,0.0,0.0,1297.2,0.0,1297.2,22547.55,1840.25,0,0,0,0.0,0,F1,75,,,,,
2025-02-25,2025-02-25,FO,NSE,IDO,79673,,NIFTY,,2025-04-24,2025-04-24,24750.0,PE,NIFTY25APR24750PE,0.0,0.0,0.0,1403.75,0.0,1403.75,22547.55,1979.4,0,0,0,0.0,0,F1,75,,,,,
2025-02-25,2025-02-25,FO,NSE,IDO,79736,,NIFTY,,2025-04-24,2025-04-24,25200.0,PE,NIFTY25APR25200PE,0.0,0.0,0.0,1745.7,0.0,1745.7,22547.55,2407.15,0,0,0,0.0,0,F1,75,,,,,
2025-02-25,2025-02-25,FO,NSE,IDO,40091,,NIFTY,,2025-06-26,2025-06-26,15000.0,PE,NIFTY25JUN15000PE,0.0,0.0,0.0,7.5,7.5,7.5,22547.55,0.05,3950,0,0,0.0,0,F1,75,,,,,
2025-02-25,2025-02-25,FO,NSE,IDO,39680,,NIFTY,,2025-06-26,2025-06-26,16000.0,PE,NIFTY25JUN16000PE,0.0,0.0,0.0,3.55,3.55,3.55,22547.55,0.05,1650,0,0,0.0,0,F1,75,,,,,
2025-02-25,2025-02-25,FO,NSE,IDO,64693,,NIFTY,,2025-09-25,2025-09-25,24000.0,PE,NIFTY25SEP24000PE,1177.15,1199.0,1148.0,1174.6,1187.2,1160.05,22547.55,1174.6,11700,225,18,33978236.25,18,F1,75,,,,,
2025-02-25,2025-02-25,FO,NSE,IDO,71398,,NIFTY,,2025-12-24,2025-12-24,25000.0,PE,NIFTY25DEC25000PE,1675.8,1675.8,1639.65,1659.95,1658.0,1666.5,22547.55,1659.95,311650,950,195,389800710.0,179,F1,75,,,,,
2025-02-25,2025-02-25,FO,NSE,IDO,50544,,NIFTY,,2025-12-24,2025-12-24,28000.0,PE,NIFTY25DEC28000PE,3900.0,3918.0,3857.2,3918.0,3918.0,3857.05,22547.55,3918.0,314775,150,8,19130670.0,8,F1,75,,,,,
2025-02-25,2025-02-25,FO,NSE,IDO,38153,,NIFTY,,2025-12-24,2025-12-24,29000.0,PE,NIFTY25DEC29000PE,0.0,0.0,0.0,4292.55,4292.55,4292.55,22547.55,4997.6,11850,0,0,0.0,0,F1,75,,,,,
2025-02-25,2025-02-25,FO,NSE,IDO,38380,,NIFTY,,2026-06-25,2026-06-25,20000.0,PE,NIFTY26JUN20000PE,0.0,0.0,0.0,3159.75,0.0,3159.75,22547.55,127.55,0,0,0,0.0,0,F1,75,,,,,
2025-02-25,2025-02-25,FO,NSE,IDO,51455,,NIFTY,,2026-06-25,2026-06-25,21000.0,PE,NIFTY26JUN21000PE,0.0,0.0,0.0,365.35,365.35,365.35,22547.55,250.8,1200,0,0,0.0,0,F1,75,,,,,
2025-02-25,2025-02-25,FO,NSE,IDO,50226,,NIFTY,,2025-03-20,2025-03-20,23050.0,PE,NIFTY2532023050PE,548.05,548.05,548.05,548.05,548.05,390.75,22547.55,549.35,75,75,1,1769853.75,1,F1,75,,,,,
2025-02-25,2025-02-25,FO,NSE,IDO,50218,,NIFTY,,2025-03-20,2025-03-20,22850.0,PE,NIFTY2532022850PE,357.0,357.0,357.0,357.0,357.0,378.3,22547.55,357.0,675,-150,2,3481050.0,1,F1,75,,,,,
2025-02-25,2025-02-25,FO,NSE,IDO,50146,,NIFTY,,2025-03-20,2025-03-20,21950.0,PE,NIFTY2532021950PE,75.0,75.0,75.0,75.0,75.0,81.6,22547.55,70.45,450,75,1,1651875.0,1,F1,75,,,,,
2025-02-25,2025-02-25,FO,NSE,IDO,50122,,NIFTY,,2025-03-20,2025-03-20,21500.0,PE,NIFTY2532021500PE,40.85,40.85,26.95,29.95,31.3,36.05,22547.55,29.95,25725,15675,316,510244815.0,111,F1,75,,,,,
2025-02-25,2025-02-25,FO,NSE,IDO,50118,,NIFTY,,2025-03-20,2025-03-20,21400.0,PE,NIFTY2532021400PE,0.0,0.0,0.0,25.2,0.0,25.2,22547.55,13.65,0,0,0,0.0,0,F1,75,,,,,
2025-02-25,2025-02-25,FO,NSE,IDO,50110,,NIFTY,,2025-03-20,2025-03-20,21250.0,PE,NIFTY2532021250PE,22.3,22.3,15.45,16.9,16.9,21.25,22547.55,8.0,1500,0,6,9570075.0,3,F1,75,,,,,
2025-02-25,2025-02-25,FO,NSE,IDO,50078,,NIFTY,,2025-03-20,2025-03-20,20850.0,PE,NIFTY2532020850PE,0.0,0.0,0.0,6.5,0.0,6.5,22547.55,1.6,0,0,0,0.0,0,F1,75,,,,,
2025-02-25,2025-02-25,FO,NSE,IDO,45643,,NIFTY,,2025-03-13,2025-03-13,25050.0,PE,NIFTY2531325050PE,0.0,0.0,0.0,2132.55,2132.55,2132.55,22547.55,2431.2,75,0,0,0.0,0,F1,75,,,,,
2025-02-25,2025-02-25,FO,NSE,IDO,50976,,NIFTY,,2026-06-25,2026-06-25,27000.0,PE,NIFTY26JUN27000PE,0.0,0.0,0.0,6810.7,0.0,6810.7,22547.55,2814.25,0,0,0,0.0,0,F1,75,,,,,
2025-02-25,2025-02-25,FO,NSE,IDO,71561,,NIFTY,,2027-06-24,2027-06-24,24000.0,PE,NIFTY27JUN24000PE,0.0,0.0,0.0,5056.2,0.0,5056.2,22547.55,947.2,0,0,0,0.0,0,F1,75,,,,,
2025-02-25,2025-02-25,FO,NSE,IDO,50550,,NIFTY,,2027-06-24,2027-06-24,28000.0,PE,NIFTY27JUN28000PE,0.0,0.0,0.0,5959.35,0.0,5959.35,22547.55,2738.0,0,0,0,0.0,0,F1,75,,,,,
2025-02-25,2025-02-25,FO,NSE,IDO,53615,,NIFTY,,2027-12-30,2027-12-30,21000.0,PE,NIFTY27DEC21000PE,0.0,0.0,0.0,582.95,582.95,582.95,22547.55,278.35,50,0,0,0.0,0,F1,75,,,,,
2025-02-25,2025-02-25,FO,NSE,IDO,86144,,NIFTY,,2028-06-29,2028-06-29,20000.0,PE,NIFTY28JUN20000PE,0.0,0.0,0.0,400.0,400.0,400.0,22547.55,172.65,0,0,0,0.0,0,F1,75,,,,,
2025-02-25,2025-02-25,FO,NSE,IDO,67789,,NIFTY,,2028-12-28,2028-12-28,27000.0,PE,NIFTY28DEC27000PE,0.0,0.0,0.0,1413.85,0.0,1413.85,22547.55,1578.2,0,0,0,0.0,0,F1,75,,,,,
2025-02-25,2025-02-25,FO,NSE,IDO,89627,,NIFTY,,2029-06-28,2029-06-28,22000.0,PE,NIFTY29JUN22000PE,0.0,0.0,0.0,422.0,0.0,422.0,22547.55,358.3,0,0,0,0.0,0,F1,75,,,,,
2025-02-25,2025-02-25,FO,NSE,IDO,61859,,NIFTY,,2029-12-27,2029-12-27,28000.0,PE,NIFTY29DEC28000PE,0.0,0.0,0.0,1411.3,0.0,1411.3,22547.55,1581.4,0,0,0,0.0,0,F1,75,,,,,
2025-02-25,2025-02-25,FO,NSE,IDO,45565,,NIFTY,,2025-03-13,2025-03-13,24200.0,PE,NIFTY2531324200PE,0.0,0.0,0.0,1285.0,1285.0,1285.0,22547.55,1585.15,75,0,0,0.0,0,F1,75,,,,,
2025-02-25,2025-02-25,FO,NSE,IDO,45518,,NIFTY,,2025-03-13,2025-03-13,23250.0,PE,NIFTY2531323250PE,0.0,0.0,0.0,493.85,493.85,493.85,22547.55,689.1,150,0,0,0.0,0,F1,75,,,,,
2025-02-25,2025-02-25,FO,NSE,IDO,45463,,NIFTY,,2025-03-13,2025-03-13,22400.0,PE,NIFTY2531322400PE,161.35,161.35,120.55,134.05,139.5,150.6,22547.55,134.05,38700,9000,1544,2609367573.75,1193,F1,75,,,,,
2025-02-25,2025-02-25,FO,NSE,IDO,45436,,NIFTY,,2025-03-13,2025-03-13,21900.0,PE,NIFTY2531321900PE,51.8,51.85,35.85,42.65,46.1,51.75,22547.55,42.65,65475,38550,1697,2792571810.0,1080,F1,75,,,,,
2025-02-25,2025-02-25,FO,NSE,IDO,45391,,NIFTY,,2025-03-13,2025-03-13,21000.0,PE,NIFTY2531321000PE,6.0,8.35,4.95,5.9,6.45,2.45,22547.55,5.9,25800,25800,681,1072871988.75,234,F1,75,,,,,
2025-02-25,2025-02-25,FO,NSE,IDO,68873,,NIFTY,,2025-03-06,2025-03-06,25500.0,PE,NIFTY2530625500PE,2875.7,2875.7,2823.5,2851.0,2851.0,2810.0,22547.55,2851.0,6825,5400,75,159397290.0,42,F1,75,,,,,
2025-02-25,2025-02-25,FO,NSE,IDO,68617,,NIFTY,,2025-03-06,2025-03-06,24450.0,PE,NIFTY2530624450PE,1785.0,1785.0,1785.0,1785.0,1785.0,1574.1,22547.55,1863.3,975,450,13,25579125.0,1,F1,75,,,,,
2025-02-25,2025-02-25,FO,NSE,IDO,68606,,NIFTY,,2025-03-06,2025-03-06,24250.0,PE,NIFTY2530624250PE,0.0,0.0,0.0,1515.0,1515.0,1515.0,22547.55,1663.65,750,0,0,0.0,0,F1,75,,,,,
2025-02-25,2025-02-25,FO,NSE,IDO,68587,,NIFTY,,2025-03-06,2025-03-06,23800.0,PE,NIFTY2530623800PE,1140.0,1185.95,1120.0,1157.5,1168.0,1142.3,22547.55,1157.5,19650,11400,157,293854443.75,69,F1,75,,,,,
2025-02-25,2025-02-25,FO,NSE,IDO,68579,,NIFTY,,2025-03-06,2025-03-06,23600.0,PE,NIFTY2530623600PE,975.0,984.3,914.2,962.95,984.3,942.3,22547.55,962.95,22950,11400,219,403066241.25,86,F1,75,,,,,
2025-02-25,2025-02-25,FO,NSE,IDO,68483,,NIFTY,,2025-03-06,2025-03-06,23350.0,PE,NIFTY2530623350PE,731.0,738.9,685.3,713.45,718.45,699.05,22547.55,713.45,6450,-75,15,27072322.5,13,F1,75,,,,,
2025-02-25,2025-02-25,FO,NSE,IDO,68467,,NIFTY,,2025-03-06,2025-03-06,22950.0,PE,NIFTY2530622950PE,377.55,390.0,329.9,362.25,372.9,366.75,22547.55,362.25,57375,1575,1555,2718275617.5,1058,F1,75,,,,,
2025-02-25,2025-02-25,FO,NSE,IDO,68465,,NIFTY,,2025-03-06,2025-03-06,22900.0,PE,NIFTY2530622900PE,340.0,357.45,292.4,324.9,334.2,329.05,22547.55,324.9,473250,40050,8748,15234581088.75,6369,F1,75,,,,,
2025-02-25,2025-02-25,FO,NSE,IDO,68455,,NIFTY,,2025-03-06,2025-03-06,22700.0,PE,NIFTY2530622700PE,229.55,231.95,172.8,195.5,203.0,212.45,22547.55,195.5,1059600,230400,51260,88016010112.5,33805,F1,75,,,,,
2025-02-25,2025-02-25,FO,NSE,IDO,68435,,NIFTY,,2025-03-06,2025-03-06,22400.0,PE,NIFTY2530622400PE,106.95,110.0,68.65,82.7,86.7,100.55,22547.55,82.7,688875,374550,50618,85354113746.25,26722,F1,75,,,,,
2025-02-25,2025-02-25,FO,NSE,IDO,68398,,NIFTY,,2025-03-06,2025-03-06,21550.0,PE,NIFTY2530621550PE,9.35,9.35,5.4,7.8,8.35,9.25,22547.55,7.8,85275,47775,3692,5969064765.0,2083,F1,75,,,,,
2025-02-25,2025-02-25,FO,NSE,IDO,57715,,NIFTY,,2025-02-27,2025-02-27,26500.0,PE,NIFTY25FEB26500PE,3932.95,3943.3,3863.6,3918.2,3941.6,3889.95,22547.55,3918.2,165750,-119325,1878,4282268775.0,1412,F1,75,,,,,
2025-02-25,2025-02-25,FO,NSE,IDO,57652,,NIFTY,,2025-02-27,2025-02-27,25200.0,PE,NIFTY25FEB25200PE,2619.0,2633.1,2565.15,2618.9,2633.1,2587.0,22547.55,2618.9,19950,-12225,195,406646403.75,96,F1,75,,,,,
2025-02-25,2025-02-25,FO,NSE,IDO,57620,,NIFTY,,2025-02-27,2025-02-27,24450.0,PE,NIFTY25FEB24450PE,1875.3,1876.65,1843.05,1843.05,1843.05,1635.05,22547.55,1893.75,3975,-825,22,43394377.5,22,F1,75,,,,,
2025-02-25,2025-02-25,FO,NSE,IDO,57618,,NIFTY,,2025-02-27,2025-02-27,24400.0,PE,NIFTY25FEB24400PE,1815.55,1839.0,1762.0,1819.4,1839.0,1788.95,22547.55,1819.4,61875,-63525,1095,2151859083.75,964,F1,75,,,,,
2025-02-25,2025-02-25,FO,NSE,IDO,57594,,NIFTY,,2025-02-27,2025-02-27,23800.0,PE,NIFTY25FEB23800PE,1210.0,1241.0,1162.4,1230.7,1238.95,1186.2,22547.55,1230.7,694575,-160725,3052,5724503186.25,2247,F1,75,,,,,
2025-02-25,2025-02-25,FO,NSE,IDO,57592,,NIFTY,,2025-02-27,2025-02-27,23750.0,PE,NIFTY25FEB23750PE,1140.0,1188.55,1119.75,1174.45,1188.55,1126.15,22547.55,1174.45,78300,-7800,142,265228072.5,88,F1,75,,,,,
2025-02-25,2025-02-25,FO,NSE,IDO,57582,,NIFTY,,2025-02-27,2025-02-27,23500.0,PE,NIFTY25FEB23500PE,906.25,940.0,860.0,915.25,934.55,888.9,22547.55,915.25,2865450,-104400,8227,15059260200.0,5043,F1,75,,,,,
2025-02-25,2025-02-25,FO,NSE,IDO,56736,,NIFTY,,2025-02-27,2025-02-27,23400.0,PE,NIFTY25FEB23400PE,792.05,839.8,760.0,819.85,834.15,788.8,22547.55,819.85,636450,-123075,2460,4464745503.75,1713,F1,75,,,,,
2025-02-25,2025-02-25,FO,NSE,IDO,55644,,NIFTY,,2025-02-27,2025-02-27,23100.0,PE,NIFTY25FEB23100PE,516.8,539.95,459.2,525.95,533.2,494.3,22547.55,525.95,764475,-167475,6081,10767153776.25,3931,F1,75,,,,,
2025-02-25,2025-02-25,FO,NSE,IDO,55636,,NIFTY,,2025-02-27,2025-02-27,22900.0,PE,NIFTY25FEB22900PE,309.0,343.05,266.0,323.7,335.3,303.1,22547.55,323.7,1395075,-498450,60220,104819389965.0,37167,F1,75,,,,,
2025-02-25,2025-02-25,FO,NSE,IDO,55586,,NIFTY,,2025-02-27,2025-02-27,21650.0,PE,NIFTY25FEB21650PE,1.65,2.35,1.05,1.3,1.6,1.95,22547.55,1.3,1932375,1367475,251812,408912988245.0,46323,F1,75,,,,,
2025-02-25,2025-02-25,FO,NSE,IDO,55584,,NIFTY,,2025-02-27,2025-02-27,21600.0,PE,NIFTY25FEB21600PE,1.45,2.05,0.85,1.05,1.45,1.8,22547.55,1.05,1672950,-384525,200090,324167473353.75,43549,F1,75,,,,,
2025-02-25,2025-02-25,FO,NSE,IDO,55566,,NIFTY,,2025-02-27,2025-02-27,21250.0,PE,NIFTY25FEB21250PE,1.15,1.65,0.7,0.85,1.15,1.3,22547.55,0.85,697500,-65400,62115,99000877350.0,14548,F1,75,,,,,
2025-02-25,2025-02-25,FO,NSE,IDO,86143,,NIFTY,,2028-06-29,2028-06-29,20000.0,CE,NIFTY28JUN20000CE,0.0,0.0,0.0,5724.65,0.0,5724.65,22547.55,6625.8,0,0,0,0.0,0,F1,75,,,,,
2025-02-25,2025-02-25,FO,NSE,IDO,71564,,NIFTY,,2027-06-24,2027-06-24,26000.0,CE,NIFTY27JUN26000CE,0.0,0.0,0.0,1900.85,0.0,1900.85,22547.55,1909.65,0,0,0,0.0,0,F1,75,,,,,
2025-02-25,2025-02-25,FO,NSE,IDO,71558,,NIFTY,,2027-06-24,2027-06-24,23000.0,CE,NIFTY27JUN23000CE,0.0,0.0,0.0,2530.05,0.0,2530.05,22547.55,3438.6,0,0,0,0.0,0,F1,75,,,,,
2025-02-25,2025-02-25,FO,NSE,IDO,71551,,NIFTY,,2027-06-24,2027-06-24,20000.0,CE,NIFTY27JUN20000CE,0.0,0.0,0.0,3367.05,0.0,3367.05,22547.55,5520.25,0,0,0,0.0,0,F1,75,,,,,
2025-02-25,2025-02-25,FO,NSE,IDO,35221,,NIFTY,,2025-12-24,2025-12-24,30000.0,CE,NIFTY25DEC30000CE,62.05,69.45,61.7,63.8,64.0,61.05,22547.55,63.8,56775,825,114,257058322.5,96,F1,75,,,,,
2025-02-25,2025-02-25,FO,NSE,IDO,71393,,NIFTY,,2025-12-24,2025-12-24,24000.0,CE,NIFTY25DEC24000CE,1055.85,1055.85,1005.5,1014.8,1005.5,1056.3,22547.55,1014.8,273875,6050,581,1090671761.25,484,F1,75,,,,,
2025-02-25,2025-02-25,FO,NSE,IDO,37749,,NIFTY,,2025-06-26,2025-06-26,23000.0,CE,NIFTY25JUN23000CE,805.4,805.4,721.0,734.2,721.0,767.45,22547.55,734.2,578500,92100,3600,6411551557.5,3240,F1,75,,,,,
2025-02-25,2025-02-25,FO,NSE,IDO,51449,,NIFTY,,2025-06-26,2025-06-26,21000.0,CE,NIFTY25JUN21000CE,2056.5,2200.0,2056.5,2152.1,2142.25,2183.65,22547.55,2152.1,13950,2250,72,125142761.25,71,F1,75,,,,,
2025-02-25,2025-02-25,FO,NSE,IDO,79555,,NIFTY,,2025-04-24,2025-04-24,24150.0,CE,NIFTY25APR24150CE,56.5,57.9,56.2,57.15,57.9,190.0,22547.55,57.15,1125,0,6,10893217.5,3,F1,75,,,,,
2025-02-25,2025-02-25,FO,NSE,IDO,79444,,NIFTY,,2025-04-24,2025-04-24,23300.0,CE,NIFTY25APR23300CE,277.0,289.0,243.9,251.55,248.0,289.5,22547.55,251.55,66300,3600,200,353473398.75,97,F1,75,,,,,
2025-02-25,2025-02-25,FO,NSE,IDO,79409,,NIFTY,,2025-04-24,2025-04-24,22750.0,CE,NIFTY25APR22750CE,548.2,548.2,517.5,518.75,520.0,562.25,22547.55,518.75,2025,75,4,6984862.5,4,F1,75,,,,,
2025-02-25,2025-02-25,FO,NSE,IDO,79396,,NIFTY,,2025-04-24,2025-04-24,22600.0,CE,NIFTY25APR22600CE,627.0,661.0,610.05,619.0,612.0,656.15,22547.55,619.0,37575,4725,373,649901133.75,242,F1,75,,,,,
2025-02-25,2025-02-25,FO,NSE,IDO,79394,,NIFTY,,2025-04-24,2025-04-24,22550.0,CE,NIFTY25APR22550CE,664.55,681.55,627.15,652.5,649.8,684.4,22547.55,652.5,1650,1125,34,59162895.0,25,F1,75,,,,,
2025-02-25,2025-02-25,FO,NSE,IDO,79272,,NIFTY,,2025-04-24,2025-04-24,21900.0,CE,NIFTY25APR21900CE,0.0,0.0,0.0,1861.6,0.0,1861.6,22547.55,1027.1,0,0,0,0.0,0,F1,75,,,,,
2025-02-25,2025-02-25,FO,NSE,IDO,79247,,NIFTY,,2025-04-24,2025-04-24,21300.0,CE,NIFTY25APR21300CE,0.0,0.0,0.0,2374.35,0.0,2374.35,22547.55,1522.25,0,0,0,0.0,0,F1,75,,,,,
2025-02-25,2025-02-25,FO,NSE,IDO,54843,,NIFTY,,2025-04-03,2025-04-03,24250.0,CE,NIFTY2540324250CE,27.25,27.25,27.25,27.25,27.25,128.45,22547.55,27.25,75,75,1,1820793.75,1,F1,75,,,,,
2025-02-25,2025-02-25,FO,NSE,IDO,54716,,NIFTY,,2025-04-03,2025-04-03,23600.0,CE,NIFTY2540323600CE,0.0,0.0,0.0,291.0,0.0,291.0,22547.55,93.45,0,0,0,0.0,0,F1,75,,,,,
2025-02-25,2025-02-25,FO,NSE,IDO,54709,,NIFTY,,2025-04-03,2025-04-03,23450.0,CE,NIFTY2540323450CE,0.0,0.0,0.0,344.4,0.0,344.4,22547.55,122.15,0,0,0,0.0,0,F1,75,,,,,
2025-02-25,2025-02-25,FO,NSE,IDO,54631,,NIFTY,,2025-04-03,2025-04-03,22850.0,CE,NIFTY2540322850CE,0.0,0.0,0.0,627.0,0.0,627.0,22547.55,310.05,0,0,0,0.0,0,F1,75,,,,,
2025-02-25,2025-02-25,FO,NSE,IDO,54594,,NIFTY,,2025-04-03,2025-04-03,22400.0,CE,NIFTY2540322400CE,0.0,0.0,0.0,912.6,0.0,912.6,22547.55,543.15,0,0,0,0.0,0,F1,75,,,,,
2025-02-25,2025-02-25,FO,NSE,IDO,54552,,NIFTY,,2025-04-03,2025-04-03,21400.0,CE,NIFTY2540321400CE,0.0,0.0,0.0,1731.5,0.0,1731.5,22547.55,1322.65,0,0,0,0.0,0,F1,75,,,,,
2025-02-25,2025-02-25,FO,NSE,IDO,54538,,NIFTY,,2025-04-03,2025-04-03,21250.0,CE,NIFTY2540321250CE,0.0,0.0,0.0,1869.35,0.0,1869.35,22547.55,1460.75,0,0,0,0.0,0,F1,75,,,,,
2025-02-25,2025-02-25,FO,NSE,IDO,54512,,NIFTY,,2025-04-03,2025-04-03,20900.0,CE,NIFTY2540320900CE,0.0,0.0,0.0,2199.85,0.0,2199.85,22547.55,1793.65,0,0,0,0.0,0,F1,75,,,,,
2025-02-25,2025-02-25,FO,NSE,IDO,54498,,NIFTY,,2025-04-03,2025-04-03,20800.0,CE,NIFTY2540320800CE,0.0,0.0,0.0,2295.95,0.0,2295.95,22547.55,1890.65,0,0,0,0.0,0,F1,75,,,,,
2025-02-25,2025-02-25,FO,NSE,IDO,64592,,NIFTY,,2025-03-27,2025-03-27,31000.0,CE,NIFTY25MAR31000CE,4.0,4.0,3.15,3.55,3.6,4.05,22547.55,3.55,2935100,266025,9148,21271540953.75,1340,F1,75,,,,,
2025-02-25,2025-02-25,FO,NSE,IDO,64582,,NIFTY,,2025-03-27,2025-03-27,29000.0,CE,NIFTY25MAR29000CE,3.85,3.85,3.35,3.45,3.55,4.0,22547.55,3.45,374025,16125,1299,2825672523.75,311,F1,75,,,,,
2025-02-25,2025-02-25,FO,NSE,IDO,64578,,NIFTY,,2025-03-27,2025-03-27,28000.0,CE,NIFTY25MAR28000CE,3.95,3.95,3.35,3.5,3.6,3.95,22547.55,3.5,397450,-1950,668,1402979850.0,273,F1,75,,,,,
2025-02-25,2025-02-25,FO,NSE,IDO,58786,,NIFTY,,2025-03-27,2025-03-27,25850.0,CE,NIFTY25MAR25850CE,0.0,0.0,0.0,6.15,6.15,6.15,22547.55,0.05,6750,0,0,0.0,0,F1,75,,,,,
2025-02-25,2025-02-25,FO,NSE,IDO,56894,,NIFTY,,2025-03-27,2025-03-27,25750.0,CE,NIFTY25MAR25750CE,6.0,6.4,5.35,5.55,5.55,6.0,22547.55,0.1,4275,675,16,30906836.25,6,F1,75,,,,,
2025-02-25,2025-02-25,FO,NSE,IDO,56884,,NIFTY,,2025-03-27,2025-03-27,25500.0,CE,NIFTY25MAR25500CE,6.75,6.75,3.9,4.2,3.95,6.5,22547.55,4.2,498750,70875,4451,8514287362.5,2488,F1,75,,,,,
2025-02-25,2025-02-25,FO,NSE,IDO,56878,,NIFTY,,2025-03-27,2025-03-27,25350.0,CE,NIFTY25MAR25350CE,6.25,6.65,5.05,5.2,5.05,7.0,22547.55,5.2,7875,-225,38,72264997.5,15,F1,75,,,,,
2025-02-25,2025-02-25,FO,NSE,IDO,56870,,NIFTY,,2025-03-27,2025-03-27,25150.0,CE,NIFTY25MAR25150CE,6.9,6.95,6.55,6.7,6.7,9.35,22547.55,0.85,4425,-1350,38,71696902.5,16,F1,75,,,,,
2025-02-25,2025-02-25,FO,NSE,IDO,47040,,NIFTY,,2025-03-27,2025-03-27,22750.0,CE,NIFTY25MAR22750CE,338.55,348.85,301.4,313.3,313.05,349.2,22547.55,313.3,76875,22350,1237,2140591282.5,815,F1,75,,,,,
2025-02-25,2025-02-25,FO,NSE,IDO,47025,,NIFTY,,2025-03-27,2025-03-27,22650.0,CE,NIFTY25MAR22650CE,380.0,407.2,358.15,365.3,359.8,403.15,22547.55,365.3,51300,-2700,540,932686020.0,460,F1,75,,,,,
2025-02-25,2025-02-25,FO,NSE,IDO,47017,,NIFTY,,2025-03-27,2025-03-27,22600.0,CE,NIFTY25MAR22600CE,451.9,451.9,385.65,397.7,386.55,434.6,22547.55,397.7,680025,210375,12066,20822473905.0,8942,F1,75,,,,,
2025-02-25,2025-02-25,FO,NSE,IDO,46994,,NIFTY,,2025-03-27,2025-03-27,22450.0,CE,NIFTY25MAR22450CE,504.0,526.25,479.75,488.65,480.1,527.85,22547.55,488.65,42600,1200,66,113588347.5,60,F1,75,,,,,
2025-02-25,2025-02-25,FO,NSE,IDO,46986,,NIFTY,,2025-03-27,2025-03-27,22300.0,CE,NIFTY25MAR22300CE,500.0,639.15,500.0,592.65,577.8,626.95,22547.55,592.65,71550,15225,805,1382785590.0,634,F1,75,,,,,
2025-02-25,2025-02-25,FO,NSE,IDO,46908,,NIFTY,,2025-03-27,2025-03-27,21750.0,CE,NIFTY25MAR21750CE,0.0,0.0,0.0,1902.25,1902.25,1902.25,22547.55,972.65,0,0,0,0.0,0,F1,75,,,,,
2025-02-25,2025-02-25,FO,NSE,IDO,46892,,NIFTY,,2025-03-27,2025-03-27,21650.0,CE,NIFTY25MAR21650CE,0.0,0.0,0.0,2563.9,0.0,2563.9,22547.55,1059.2,0,0,0,0.0,0,F1,75,,,,,
2025-02-25,2025-02-25,FO,NSE,IDO,46888,,NIFTY,,2025-03-27,2025-03-27,21600.0,CE,NIFTY25MAR21600CE,0.0,0.0,0.0,1210.0,1210.0,1210.0,22547.55,1103.4,6450,0,0,0.0,0,F1,75,,,,,
2025-02-25,2025-02-25,FO,NSE,IDO,46868,,NIFTY,,2025-03-27,2025-03-27,21350.0,CE,NIFTY25MAR21350CE,0.0,0.0,0.0,2834.95,0.0,2834.95,22547.55,1331.85,0,0,0,0.0,0,F1,75,,,,,
2025-02-25,2025-02-25,FO,NSE,IDO,46854,,NIFTY,,2025-03-27,2025-03-27,21250.0,CE,NIFTY25MAR21250CE,0.0,0.0,0.0,2926.85,0.0,2926.85,22547.55,1426.05,0,0,0,0.0,0,F1,75,,,,,
2025-02-25,2025-02-25,FO,NSE,IDO,46827,,NIFTY,,2025-03-27,2025-03-27,21050.0,CE,NIFTY25MAR21050CE,0.0,0.0,0.0,3112.65,0.0,3112.65,22547.55,1617.8,0,0,0,0.0,0,F1,75,,,,,
2025-02-25,2025-02-25,FO,NSE,IDO,50301,,NIFTY,,2025-03-20,2025-03-20,24450.0,CE,NIFTY2532024450CE,0.0,0.0,0.0,8.7,8.7,8.7,22547.55,2.8,825,0,0,0.0,0,F1,75,,,,,
2025-02-25,2025-02-25,FO,NSE,IDO,50275,,NIFTY,,2025-03-20,2025-03-20,24000.0,CE,NIFTY2532024000CE,14.15,14.65,8.3,8.9,8.35,14.6,22547.55,8.9,34875,-6300,526,947229900.0,220,F1,75,,,,,
2025-02-25,2025-02-25,FO,NSE,IDO,50231,,NIFTY,,2025-03-20,2025-03-20,23200.0,CE,NIFTY2532023200CE,104.7,105.65,81.65,83.45,81.65,114.2,22547.55,83.45,10575,4800,160,279519333.75,78,F1,75,,,,,
2025-02-25,2025-02-25,FO,NSE,IDO,50227,,NIFTY,,2025-03-20,2025-03-20,23100.0,CE,NIFTY2532023100CE,142.65,142.65,102.85,106.0,106.6,145.75,22547.55,106.0,5025,2550,160,278607607.5,78,F1,75,,,,,
2025-02-25,2025-02-25,FO,NSE,IDO,50225,,NIFTY,,2025-03-20,2025-03-20,23050.0,CE,NIFTY2532023050CE,0.0,0.0,0.0,530.55,0.0,530.55,22547.55,141.15,0,0,0,0.0,0,F1,75,,,,,
2025-02-25,2025-02-25,FO,NSE,IDO,50217,,NIFTY,,2025-03-20,2025-03-20,22850.0,CE,NIFTY2532022850CE,245.0,245.0,204.0,206.05,204.0,245.0,22547.55,206.05,2775,450,12,20756006.25,8,F1,75,,,,,
2025-02-25,2025-02-25,FO,NSE,IDO,50203,,NIFTY,,2025-03-20,2025-03-20,22700.0,CE,NIFTY2532022700CE,311.3,319.5,271.25,276.4,271.25,319.35,22547.55,276.4,8025,2475,80,137943135.0,60,F1,75,,,,,
2025-02-25,2025-02-25,FO,NSE,IDO,50143,,NIFTY,,2025-03-20,2025-03-20,21900.0,CE,NIFTY2532021900CE,0.0,0.0,0.0,1351.9,0.0,1351.9,22547.55,798.95,0,0,0,0.0,0,F1,75,,,,,
2025-02-25,2025-02-25,FO,NSE,IDO,50119,,NIFTY,,2025-03-20,2025-03-20,21450.0,CE,NIFTY2532021450CE,0.0,0.0,0.0,1756.95,0.0,1756.95,22547.55,1201.4,0,0,0,0.0,0,F1,75,,,,,
2025-02-25,2025-02-25,FO,NSE,IDO,50077,,NIFTY,,2025-03-20,2025-03-20,20850.0,CE,NIFTY2532020850CE,0.0,0.0,0.0,2331.15,0.0,2331.15,22547.55,1784.35,0,0,0,0.0,0,F1,75,,,,,
2025-02-25,2025-02-25,FO,NSE,IDO,45653,,NIFTY,,2025-03-13,2025-03-13,25300.0,CE,NIFTY2531325300CE,2.05,2.2,2.0,2.05,2.15,2.5,22547.55,2.05,8025,900,53,100575735.0,15,F1,75,,,,,
2025-02-25,2025-02-25,FO,NSE,IDO,45597,,NIFTY,,2025-03-13,2025-03-13,24450.0,CE,NIFTY2531324450CE,2.8,2.8,2.75,2.8,2.75,4.15,22547.55,2.8,1875,450,12,22007512.5,3,F1,75,,,,,
2025-02-25,2025-02-25,FO,NSE,IDO,45556,,NIFTY,,2025-03-13,2025-03-13,24150.0,CE,NIFTY2531324150CE,5.35,7.65,3.25,3.35,3.25,5.25,22547.55,3.35,8700,-1575,63,114128531.25,29,F1,75,,,,,
2025-02-25,2025-02-25,FO,NSE,IDO,45546,,NIFTY,,2025-03-13,2025-03-13,23900.0,CE,NIFTY2531323900CE,9.25,9.25,3.85,4.35,3.85,8.25,22547.55,4.35,61650,29250,1733,3107032728.75,664,F1,75,,,,,
2025-02-25,2025-02-25,FO,NSE,IDO,45542,,NIFTY,,2025-03-13,2025-03-13,23800.0,CE,NIFTY2531323800CE,10.35,11.25,4.75,5.4,4.75,10.3,22547.55,5.4,66375,-2250,1643,2933541832.5,713,F1,75,,,,,
2025-02-25,2025-02-25,FO,NSE,IDO,45440,,NIFTY,,2025-03-13,2025-03-13,22000.0,CE,NIFTY2531322000CE,730.0,740.5,695.0,714.25,695.0,743.65,22547.55,714.25,4125,3600,61,103941543.75,42,F1,75,,,,,
2025-02-25,2025-02-25,FO,NSE,IDO,45428,,NIFTY,,2025-03-13,2025-03-13,21750.0,CE,NIFTY2531321750CE,0.0,0.0,0.0,1182.85,1182.85,1182.85,22547.55,882.05,75,0,0,0.0,0,F1,75,,,,,
2025-02-25,2025-02-25,FO,NSE,IDO,68870,,NIFTY,,2025-03-06,2025-03-06,25450.0,CE,NIFTY2530625450CE,1.8,2.1,1.2,1.6,1.55,1.75,22547.55,1.6,4350,1275,56,106896941.25,25,F1,75,,,,,
2025-02-25,2025-02-25,FO,NSE,IDO,68672,,NIFTY,,2025-03-06,2025-03-06,25250.0,CE,NIFTY2530625250CE,1.8,1.95,1.5,1.65,1.6,1.95,22547.55,1.65,3750,1125,104,196963065.0,49,F1,75,,,,,
2025-02-25,2025-02-25,FO,NSE,IDO,68602,,NIFTY,,2025-03-06,2025-03-06,24200.0,CE,NIFTY2530624200CE,2.6,2.9,1.7,2.0,2.9,3.15,22547.55,2.0,152475,11100,6911,12544595100.0,2647,F1,75,,,,,
2025-02-25,2025-02-25,FO,NSE,IDO,68586,,NIFTY,,2025-03-06,2025-03-06,23800.0,CE,NIFTY2530623800CE,4.95,4.95,2.4,2.6,2.5,5.1,22547.55,2.6,852825,377550,27632,49329508245.0,9862,F1,75,,,,,
2025-02-25,2025-02-25,FO,NSE,IDO,68574,,NIFTY,,2025-03-06,2025-03-06,23500.0,CE,NIFTY2530623500CE,15.0,15.0,3.3,4.15,3.85,10.0,22547.55,4.15,1914375,1006200,71681,126365886690.0,28183,F1,75,,,,,
2025-02-25,2025-02-25,FO,NSE,IDO,68430,,NIFTY,,2025-03-06,2025-03-06,22300.0,CE,NIFTY2530622300CE,418.05,442.0,373.65,391.1,377.0,437.15,22547.55,391.1,96525,69825,5898,10044264900.0,3903,F1,75,,,,,
2025-02-25,2025-02-25,FO,NSE,IDO,68401,,NIFTY,,2025-03-06,2025-03-06,21650.0,CE,NIFTY2530621650CE,0.0,0.0,0.0,1228.65,1228.65,1228.65,22547.55,935.85,675,0,0,0.0,0,F1,75,,,,,
2025-02-25,2025-02-25,FO,NSE,IDO,68393,,NIFTY,,2025-03-06,2025-03-06,21450.0,CE,NIFTY2530621450CE,0.0,0.0,0.0,1210.0,1210.0,1210.0,22547.55,1132.9,675,0,0,0.0,0,F1,75,,,,,
2025-02-25,2025-02-25,FO,NSE,IDO,68391,,NIFTY,,2025-03-06,2025-03-06,21400.0,CE,NIFTY2530621400CE,1245.0,1256.0,1245.0,1256.0,1256.0,1290.0,22547.55,1182.55,1275,300,4,6795450.0,4,F1,75,,,,,
2025-02-25,2025-02-25,FO,NSE,IDO,68388,,NIFTY,,2025-03-06,2025-03-06,21350.0,CE,NIFTY2530621350CE,0.0,0.0,0.0,1530.95,1530.95,1530.95,22547.55,1232.25,675,0,0,0.0,0,F1,75,,,,,
2025-02-25,2025-02-25,FO,NSE,IDO,68376,,NIFTY,,2025-03-06,2025-03-06,21150.0,CE,NIFTY2530621150CE,0.0,0.0,0.0,1732.05,1732.05,1732.05,22547.55,1431.5,75,0,0,0.0,0,F1,75,,,,,
2025-02-25,2025-02-25,FO,NSE,IDO,68374,,NIFTY,,2025-03-06,2025-03-06,21100.0,CE,NIFTY2530621100CE,0.0,0.0,0.0,1774.1,1774.1,1774.1,22547.55,1481.4,75,0,0,0.0,0,F1,75,,,,,
2025-02-25,2025-02-25,FO,NSE,IDO,57704,,NIFTY,,2025-02-27,2025-02-27,26350.0,CE,NIFTY25FEB26350CE,0.8,0.9,0.3,0.55,0.3,0.9,22547.55,0.55,30150,3675,5662,11189803987.5,1064,F1,75,,,,,
2025-02-25,2025-02-25,FO,NSE,IDO,57683,,NIFTY,,2025-02-27,2025-02-27,26000.0,CE,NIFTY25FEB26000CE,0.8,0.85,0.45,0.55,0.5,0.95,22547.55,0.55,2034075,-624300,71449,139328693163.75,18316,F1,75,,,,,
2025-02-25,2025-02-25,FO,NSE,IDO,57653,,NIFTY,,2025-02-27,2025-02-27,25250.0,CE,NIFTY25FEB25250CE,0.95,1.15,0.35,0.55,0.55,1.05,22547.55,0.55,62850,-16350,2929,5546944485.0,1241,F1,75,,,,,
2025-02-25,2025-02-25,FO,NSE,IDO,57651,,NIFTY,,2025-02-27,2025-02-27,25200.0,CE,NIFTY25FEB25200CE,1.15,1.5,0.25,0.4,0.35,1.15,22547.55,0.4,473175,-629025,63269,119581003402.5,11140,F1,75,,,,,
2025-02-25,2025-02-25,FO,NSE,IDO,57641,,NIFTY,,2025-02-27,2025-02-27,25000.0,CE,NIFTY25FEB25000CE,0.95,1.1,0.5,0.7,0.55,1.1,22547.55,0.7,4074975,-1088100,82278,154276144335.0,18109,F1,75,,,,,
2025-02-25,2025-02-25,FO,NSE,IDO,57605,,NIFTY,,2025-02-27,2025-02-27,24100.0,CE,NIFTY25FEB24100CE,1.9,1.9,0.6,0.7,0.6,1.35,22547.55,0.7,2038950,-258225,135889,245628271755.0,25731,F1,75,,,,,
2025-02-25,2025-02-25,FO,NSE,IDO,57599,,NIFTY,,2025-02-27,2025-02-27,23950.0,CE,NIFTY25FEB23950CE,1.55,1.8,0.8,1.0,1.05,1.55,22547.55,1.0,375075,-183825,39524,70998601691.25,8717,F1,75,,,,,
2025-02-25,2025-02-25,FO,NSE,IDO,57589,,NIFTY,,2025-02-27,2025-02-27,23700.0,CE,NIFTY25FEB23700CE,1.55,2.15,0.85,0.95,0.95,1.85,22547.55,0.95,3508950,-1945200,312202,554968791682.5,59298,F1,75,,,,,
2025-02-25,2025-02-25,FO,NSE,IDO,55649,,NIFTY,,2025-02-27,2025-02-27,23250.0,CE,NIFTY25FEB23250CE,3.6,3.75,1.55,1.8,1.7,4.05,22547.55,1.8,3963450,-481500,372981,650450156778.75,79789,F1,75,,,,,
2025-02-25,2025-02-25,FO,NSE,IDO,55645,,NIFTY,,2025-02-27,2025-02-27,23150.0,CE,NIFTY25FEB23150CE,3.7,4.9,1.7,2.1,1.95,5.65,22547.55,2.1,3201150,389775,397381,690035875458.75,94008,F1,75,,,,,
2025-02-25,2025-02-25,FO,NSE,IDO,55639,,NIFTY,,2025-02-27,2025-02-27,23000.0,CE,NIFTY25FEB23000CE,9.4,9.45,2.6,3.05,2.65,11.15,22547.55,3.05,12780225,-1021950,1359163,2345024594295.0,282373,F1,75,,,,,
2025-02-25,2025-02-25,FO,NSE,IDO,55593,,NIFTY,,2025-02-27,2025-02-27,21850.0,CE,NIFTY25FEB21850CE,776.0,776.0,725.75,756.35,756.35,763.75,22547.55,705.35,1425,-150,17,28821570.0,14,F1,75,,,,,
2025-02-25,2025-02-25,FO,NSE,IDO,55307,,NIFTY,,2025-02-27,2025-02-27,20900.0,CE,NIFTY25FEB20900CE,0.0,0.0,0.0,3413.4,0.0,3413.4,22547.55,1655.0,0,0,0,0.0,0,F1,75,,,,,
2025-02-25,2025-02-25,FO,NSE,IDO,45479,,NIFTY,,2025-03-13,2025-03-13,22750.0,PE,NIFTY2531322750PE,303.9,303.9,251.5,272.2,280.95,289.45,22547.55,272.2,16575,6525,405,699068295.0,233,F1,75,,,,,
2025-02-25,2025-02-25,FO,NSE,IDO,54595,,NIFTY,,2025-04-03,2025-04-03,22400.0,PE,NIFTY2540322400PE,226.2,238.45,222.8,222.8,222.8,211.7,22547.55,248.45,900,900,20,33943252.5,12,F1,75,,,,,
2025-02-25,2025-02-25,FO,NSE,IDO,54579,,NIFTY,,2025-04-03,2025-04-03,22000.0,PE,NIFTY2540322000PE,141.0,141.0,122.65,127.25,127.55,135.1,22547.55,127.25,5175,750,31,51445601.25,27,F1,75,,,,,
2025-02-25,2025-02-25,FO,NSE,IDO,54541,,NIFTY,,2025-04-03,2025-04-03,21300.0,PE,NIFTY2540321300PE,43.0,43.0,43.0,43.0,43.0,40.0,22547.55,26.9,525,300,6,9604350.0,2,F1,75,,,,,
2025-02-25,2025-02-25,FO,NSE,IDO,56887,,NIFTY,,2025-03-27,2025-03-27,25550.0,PE,NIFTY25MAR25550PE,0.0,0.0,0.0,1635.05,0.0,1635.05,22547.55,2866.5,0,0,0,0.0,0,F1,75,,,,,
2025-02-25,2025-02-25,FO,NSE,IDO,56881,,NIFTY,,2025-03-27,2025-03-27,25400.0,PE,NIFTY25MAR25400PE,2650.0,2650.0,2640.0,2645.0,2650.0,2606.0,22547.55,2645.0,675,300,4,8414250.0,4,F1,75,,,,,
2025-02-25,2025-02-25,FO,NSE,IDO,54556,,NIFTY,,2025-04-03,2025-04-03,21450.0,CE,NIFTY2540321450CE,0.0,0.0,0.0,1686.15,0.0,1686.15,22547.55,1277.4,0,0,0,0.0,0,F1,75,,,,,
2025-02-25,2025-02-25,FO,NSE,IDO,54669,,NIFTY,,2025-04-03,2025-04-03,23300.0,CE,NIFTY2540323300CE,172.35,172.35,140.0,140.0,140.0,172.35,22547.55,157.4,1050,-75,11,19345102.5,7,F1,75,,,,,
2025-02-25,2025-02-25,FO,NSE,IDO,54761,,NIFTY,,2025-04-03,2025-04-03,23850.0,CE,NIFTY2540323850CE,0.0,0.0,0.0,216.05,0.0,216.05,22547.55,57.9,0,0,0,0.0,0,F1,75,,,,,
2025-02-25,2025-02-25,FO,NSE,IDO,54767,,NIFTY,,2025-04-03,2025-04-03,23950.0,CE,NIFTY2540323950CE,0.0,0.0,0.0,191.7,0.0,191.7,22547.55,47.3,0,0,0,0.0,0,F1,75,,,,,
2025-02-25,2025-02-25,FO,NSE,IDO,54837,,NIFTY,,2025-04-03,2025-04-03,24100.0,CE,NIFTY2540324100CE,0.0,0.0,0.0,157.2,0.0,157.2,22547.55,34.5,0,0,0,0.0,0,F1,75,,,,,
2025-02-25,2025-02-25,FO,NSE,IDO,64572,,NIFTY,,2025-03-27,2025-03-27,26000.0,CE,NIFTY25MAR26000CE,6.15,6.35,3.5,3.8,3.65,6.25,22547.55,3.8,1888375,109325,12834,25030731011.25,7938,F1,75,,,,,
2025-02-25,2025-02-25,FO,NSE,IDO,59769,,NIFTY,,2025-03-27,2025-03-27,25950.0,CE,NIFTY25MAR25950CE,5.15,5.15,4.65,4.65,4.65,5.85,22547.55,4.65,5700,75,5,9733068.75,5,F1,75,,,,,
2025-02-25,2025-02-25,FO,NSE,IDO,56866,,NIFTY,,2025-03-27,2025-03-27,25050.0,CE,NIFTY25MAR25050CE,9.0,9.0,6.45,6.9,6.9,9.0,22547.55,1.2,13725,-825,45,84567345.0,21,F1,75,,,,,
2025-02-25,2025-02-25,FO,NSE,IDO,51477,,NIFTY,,2025-03-27,2025-03-27,23700.0,CE,NIFTY25MAR23700CE,48.4,48.95,32.45,34.4,32.8,49.15,22547.55,34.4,458175,20025,8587,15287620890.0,4670,F1,75,,,,,
2025-02-25,2025-02-25,FO,NSE,IDO,64562,,NIFTY,,2025-03-27,2025-03-27,22000.0,CE,NIFTY25MAR22000CE,800.0,872.8,800.0,819.1,811.0,856.05,22547.55,819.1,945550,215075,7596,13005123296.25,5554,F1,75,,,,,
2025-02-25,2025-02-25,FO,NSE,IDO,46926,,NIFTY,,2025-03-27,2025-03-27,21850.0,CE,NIFTY25MAR21850CE,0.0,0.0,0.0,2387.7,0.0,2387.7,22547.55,888.8,0,0,0,0.0,0,F1,75,,,,,
2025-02-25,2025-02-25,FO,NSE,IDO,46866,,NIFTY,,2025-03-27,2025-03-27,21300.0,CE,NIFTY25MAR21300CE,0.0,0.0,0.0,2880.8,0.0,2880.8,22547.55,1378.8,0,0,0,0.0,0,F1,75,,,,,
2025-02-25,2025-02-25,FO,NSE,IDO,50285,,NIFTY,,2025-03-20,2025-03-20,24200.0,CE,NIFTY2532024200CE,8.0,8.0,8.0,8.0,8.0,128.55,22547.55,6.6,75,75,1,1815600.0,1,F1,75,,,,,
2025-02-25,2025-02-25,FO,NSE,IDO,50277,,NIFTY,,2025-03-20,2025-03-20,24050.0,CE,NIFTY2532024050CE,0.0,0.0,0.0,159.4,0.0,159.4,22547.55,10.7,0,0,0,0.0,0,F1,75,,,,,
2025-02-25,2025-02-25,FO,NSE,IDO,50179,,NIFTY,,2025-03-20,2025-03-20,22350.0,CE,NIFTY2532022350CE,0.0,0.0,0.0,985.85,0.0,985.85,22547.55,464.3,0,0,0,0.0,0,F1,75,,,,,
2025-02-25,2025-02-25,FO,NSE,IDO,50153,,NIFTY,,2025-03-20,2025-03-20,22050.0,CE,NIFTY2532022050CE,0.0,0.0,0.0,1224.7,0.0,1224.7,22547.55,677.95,0,0,0,0.0,0,F1,75,,,,,
2025-02-25,2025-02-25,FO,NSE,IDO,50125,,NIFTY,,2025-03-20,2025-03-20,21550.0,CE,NIFTY2532021550CE,0.0,0.0,0.0,1664.4,0.0,1664.4,22547.55,1108.05,0,0,0,0.0,0,F1,75,,,,,
2025-02-25,2025-02-25,FO,NSE,IDO,45644,,NIFTY,,2025-03-13,2025-03-13,25100.0,CE,NIFTY2531325100CE,2.25,2.4,2.15,2.15,2.15,2.55,22547.55,2.15,3225,2175,43,80954572.5,17,F1,75,,,,,
2025-02-25,2025-02-25,FO,NSE,IDO,45590,,NIFTY,,2025-03-13,2025-03-13,24350.0,CE,NIFTY2531324350CE,0.0,0.0,0.0,4.35,4.35,4.35,22547.55,0.75,1725,0,0,0.0,0,F1,75,,,,,
2025-02-25,2025-02-25,FO,NSE,IDO,45564,,NIFTY,,2025-03-13,2025-03-13,24200.0,CE,NIFTY2531324200CE,4.75,4.75,2.95,3.05,3.05,4.95,22547.55,3.05,40650,-11550,510,925774155.0,174,F1,75,,,,,
2025-02-25,2025-02-25,FO,NSE,IDO,45522,,NIFTY,,2025-03-13,2025-03-13,23350.0,PE,NIFTY2531323350PE,0.0,0.0,0.0,546.55,546.55,546.55,22547.55,775.1,75,0,0,0.0,0,F1,75,,,,,
2025-02-25,2025-02-25,FO,NSE,IDO,45487,,NIFTY,,2025-03-13,2025-03-13,22950.0,PE,NIFTY2531322950PE,393.25,408.45,365.1,389.85,400.9,399.9,22547.55,389.85,7275,-675,112,195986887.5,110,F1,75,,,,,
2025-02-25,2025-02-25,FO,NSE,IDO,45473,,NIFTY,,2025-03-13,2025-03-13,22600.0,PE,NIFTY2531322600PE,230.65,236.0,187.0,204.6,207.75,222.0,22547.55,204.6,181275,32550,6034,10320127432.5,4039,F1,75,,,,,
2025-02-25,2025-02-25,FO,NSE,IDO,45461,,NIFTY,,2025-03-13,2025-03-13,22350.0,PE,NIFTY2531322350PE,139.1,143.6,108.95,119.5,124.0,138.1,22547.55,119.5,14475,1425,262,441507922.5,174,F1,75,,,,,
2025-02-25,2025-02-25,FO,NSE,IDO,45441,,NIFTY,,2025-03-13,2025-03-13,22000.0,PE,NIFTY2531322000PE,65.0,67.75,46.5,53.75,58.45,63.65,22547.55,53.75,134100,12525,6398,10582326753.75,3423,F1,75,,,,,
2025-02-25,2025-02-25,FO,NSE,IDO,45417,,NIFTY,,2025-03-13,2025-03-13,21550.0,PE,NIFTY2531321550PE,19.75,22.35,19.75,20.75,20.3,10.85,22547.55,20.75,225,225,4,6471217.5,4,F1,75,,,,,
2025-02-25,2025-02-25,FO,NSE,IDO,68621,,NIFTY,,2025-03-06,2025-03-06,24550.0,PE,NIFTY2530624550PE,0.0,0.0,0.0,1880.0,1880.0,1880.0,22547.55,1963.15,525,0,0,0.0,0,F1,75,,,,,
2025-02-25,2025-02-25,FO,NSE,IDO,68471,,NIFTY,,2025-03-06,2025-03-06,23050.0,PE,NIFTY2530623050PE,461.95,465.75,411.0,440.55,460.8,442.1,22547.55,440.55,20100,2100,355,625489496.25,246,F1,75,,,,,
2025-02-25,2025-02-25,FO,NSE,IDO,68449,,NIFTY,,2025-03-06,2025-03-06,22550.0,PE,NIFTY2530622550PE,159.75,161.15,111.45,128.45,135.1,148.5,22547.55,128.45,458025,326475,39828,67748056770.0,23673,F1,75,,,,,
2025-02-25,2025-02-25,FO,NSE,IDO,68387,,NIFTY,,2025-03-06,2025-03-06,21300.0,PE,NIFTY2530621300PE,4.75,6.45,3.3,5.0,4.8,5.05,22547.55,5.0,418200,153750,14119,22559591970.0,6098,F1,75,,,,,
2025-02-25,2025-02-25,FO,NSE,IDO,68377,,NIFTY,,2025-03-06,2025-03-06,21150.0,PE,NIFTY2530621150PE,3.9,4.95,2.8,4.35,4.8,4.0,22547.55,4.35,33750,9600,1297,2057717276.25,791,F1,75,,,,,
2025-02-25,2025-02-25,FO,NSE,IDO,57672,,NIFTY,,2025-02-27,2025-02-27,25700.0,PE,NIFTY25FEB25700PE,3120.0,3136.5,3085.0,3121.75,3136.5,3077.6,22547.55,3121.75,9450,-7500,123,265666046.25,115,F1,75,,,,,
2025-02-25,2025-02-25,FO,NSE,IDO,57632,,NIFTY,,2025-02-27,2025-02-27,24750.0,PE,NIFTY25FEB24750PE,2127.1,2181.8,2127.1,2180.95,2181.75,1870.3,22547.55,2180.95,6225,-675,27,54531108.75,27,F1,75,,,,,
2025-02-25,2025-02-25,FO,NSE,IDO,57600,,NIFTY,,2025-02-27,2025-02-27,23950.0,PE,NIFTY25FEB23950PE,1326.1,1385.9,1310.1,1370.95,1382.05,1315.0,22547.55,1370.95,10800,-6000,104,197430270.0,55,F1,75,,,,,
2025-02-25,2025-02-25,FO,NSE,IDO,57586,,NIFTY,,2025-02-27,2025-02-27,23600.0,PE,NIFTY25FEB23600PE,1008.05,1038.0,955.45,1016.6,1037.25,976.8,22547.55,1016.6,825825,-103950,2890,5333295716.25,1691,F1,75,,,,,
2025-02-25,2025-02-25,FO,NSE,IDO,55648,,NIFTY,,2025-02-27,2025-02-27,23200.0,PE,NIFTY25FEB23200PE,610.75,640.2,559.75,624.35,634.3,590.4,22547.55,624.35,1404450,-201600,7564,13503280458.75,4679,F1,75,,,,,
2025-02-25,2025-02-25,FO,NSE,IDO,55628,,NIFTY,,2025-02-27,2025-02-27,22700.0,PE,NIFTY25FEB22700PE,155.3,166.5,95.45,129.45,144.0,144.45,22547.55,129.45,2624475,-560175,872853,1494179436105.0,554334,F1,75,,,,,
2025-02-25,2025-02-25,FO,NSE,IDO,55602,,NIFTY,,2025-02-27,2025-02-27,22050.0,PE,NIFTY25FEB22050PE,5.85,6.4,2.5,2.95,3.4,6.05,22547.55,2.95,1890375,744600,310292,513225829248.75,82173,F1,75,,,,,
2025-02-25,2025-02-25,FO,NSE,IDO,55574,,NIFTY,,2025-02-27,2025-02-27,21450.0,PE,NIFTY25FEB21450PE,1.25,1.75,0.8,0.95,1.0,1.45,22547.55,0.95,311475,300,56886,91520728226.25,15327,F1,75,,,,,
2025-02-25,2025-02-25,FO,NSE,IDO,55312,,NIFTY,,2025-02-27,2025-02-27,20950.0,PE,NIFTY25FEB20950PE,0.85,1.3,0.4,0.5,0.4,24.05,22547.55,0.5,44325,44325,11454,17997744183.75,6113,F1,75,,,,,
2025-02-25,2025-02-25,FO,NSE,IDO,89638,,NIFTY,,2029-06-28,2029-06-28,28000.0,CE,NIFTY29JUN28000CE,0.0,0.0,0.0,6112.6,0.0,6112.6,22547.55,3182.35,0,0,0,0.0,0,F1,75,,,,,
2025-02-25,2025-02-25,FO,NSE,IDO,89616,,NIFTY,,2029-06-28,2029-06-28,20000.0,CE,NIFTY29JUN20000CE,0.0,0.0,0.0,10410.0,0.0,10410.0,22547.55,7628.15,0,0,0,0.0,0,F1,75,,,,,
2025-02-25,2025-02-25,FO,NSE,IDO,67786,,NIFTY,,2028-12-28,2028-12-28,26000.0,CE,NIFTY28DEC26000CE,0.0,0.0,0.0,4879.7,0.0,4879.7,22547.55,3545.2,0,0,0,0.0,0,F1,75,,,,,
2025-02-25,2025-02-25,FO,NSE,IDO,86141,,NIFTY,,2028-06-29,2028-06-29,19000.0,CE,NIFTY28JUN19000CE,0.0,0.0,0.0,6252.25,0.0,6252.25,22547.55,7361.85,0,0,0,0.0,0,F1,75,,,,,
2025-02-25,2025-02-25,FO,NSE,IDO,53613,,NIFTY,,2027-12-30,2027-12-30,21000.0,CE,NIFTY27DEC21000CE,0.0,0.0,0.0,4902.4,0.0,4902.4,22547.55,5370.05,0,0,0,0.0,0,F1,75,,,,,
2025-02-25,2025-02-25,FO,NSE,IDO,58644,,NIFTY,,2026-12-31,2026-12-31,20000.0,CE,NIFTY26DEC20000CE,0.0,0.0,0.0,3704.3,0.0,3704.3,22547.55,4963.2,0,0,0,0.0,0,F1,75,,,,,
2025-02-25,2025-02-25,FO,NSE,IDO,38152,,NIFTY,,2025-12-24,2025-12-24,29000.0,CE,NIFTY25DEC29000CE,103.95,103.95,81.2,85.8,81.2,91.7,22547.55,85.8,87225,-5700,278,606516570.0,240,F1,75,,,,,
2025-02-25,2025-02-25,FO,NSE,IDO,49177,,NIFTY,,2025-12-24,2025-12-24,16000.0,CE,NIFTY25DEC16000CE,0.0,0.0,0.0,7200.0,7200.0,7200.0,22547.55,7385.6,50,0,0,0.0,0,F1,75,,,,,
2025-02-25,2025-02-25,FO,NSE,IDO,71383,,NIFTY,,2025-06-26,2025-06-26,26000.0,CE,NIFTY25JUN26000CE,49.0,49.05,35.15,37.1,37.0,46.75,22547.55,37.1,886175,19975,3379,6598786961.25,2374,F1,75,,,,,
2025-02-25,2025-02-25,FO,NSE,IDO,79741,,NIFTY,,2025-04-24,2025-04-24,25350.0,CE,NIFTY25APR25350CE,0.0,0.0,0.0,22.85,22.85,22.85,22547.55,10.15,375,0,0,0.0,0,F1,75,,,,,
2025-02-25,2025-02-25,FO,NSE,IDO,79672,,NIFTY,,2025-04-24,2025-04-24,24750.0,CE,NIFTY25APR24750CE,0.0,0.0,0.0,62.95,62.95,62.95,22547.55,31.3,75,0,0,0.0,0,F1,75,,,,,
2025-02-25,2025-02-25,FO,NSE,IDO,79616,,NIFTY,,2025-04-24,2025-04-24,24250.0,CE,NIFTY25APR24250CE,47.7,47.75,47.7,47.75,47.75,467.25,22547.55,71.85,525,525,7,12756303.75,2,F1,75,,,,,
2025-02-25,2025-02-25,FO,NSE,IDO,79537,,NIFTY,,2025-04-24,2025-04-24,24050.0,CE,NIFTY25APR24050CE,69.85,71.7,69.85,71.7,71.7,541.45,22547.55,97.55,1050,1050,19,34372248.75,5,F1,75,,,,,
2025-02-25,2025-02-25,FO,NSE,IDO,79517,,NIFTY,,2025-04-24,2025-04-24,23900.0,CE,NIFTY25APR23900CE,109.25,110.25,74.25,91.2,88.0,114.0,22547.55,91.2,41700,21675,998,1796114928.75,353,F1,75,,,,,
2025-02-25,2025-02-25,FO,NSE,IDO,79488,,NIFTY,,2025-04-24,2025-04-24,23400.0,CE,NIFTY25APR23400CE,256.9,256.95,213.25,216.9,214.5,250.15,22547.55,216.9,30075,6150,338,598988160.0,161,F1,75,,,,,
2025-02-25,2025-02-25,FO,NSE,IDO,79440,,NIFTY,,2025-04-24,2025-04-24,23200.0,CE,NIFTY25APR23200CE,329.9,330.0,292.5,297.75,297.2,333.4,22547.55,297.75,42975,2475,295,520147533.75,197,F1,75,,,,,
2025-02-25,2025-02-25,FO,NSE,IDO,79420,,NIFTY,,2025-04-24,2025-04-24,22900.0,CE,NIFTY25APR22900CE,460.0,481.1,428.2,438.3,428.2,474.7,22547.55,438.3,120450,71700,2270,3976477166.25,687,F1,75,,,,,
2025-02-25,2025-02-25,FO,NSE,IDO,79384,,NIFTY,,2025-04-24,2025-04-24,22350.0,CE,NIFTY25APR22350CE,0.0,0.0,0.0,1510.75,0.0,1510.75,22547.55,715.5,0,0,0,0.0,0,F1,75,,,,,
2025-02-25,2025-02-25,FO,NSE,IDO,79256,,NIFTY,,2025-04-24,2025-04-24,21500.0,CE,NIFTY25APR21500CE,1455.0,1505.45,1441.0,1449.35,1441.0,1480.8,22547.55,1449.35,8025,525,16,27559237.5,16,F1,75,,,,,
2025-02-25,2025-02-25,FO,NSE,IDO,54627,,NIFTY,,2025-04-03,2025-04-03,22750.0,CE,NIFTY2540322750CE,380.9,380.9,375.0,375.0,375.0,570.85,22547.55,375.0,450,75,2,3469192.5,2,F1,75,,,,,
2025-02-25,2025-02-25,FO,NSE,IDO,54625,,NIFTY,,2025-04-03,2025-04-03,22700.0,CE,NIFTY2540322700CE,0.0,0.0,0.0,715.35,0.0,715.35,22547.55,378.5,0,0,0,0.0,0,F1,75,,,,,
2025-02-25,2025-02-25,FO,NSE,IDO,54619,,NIFTY,,2025-04-03,2025-04-03,22550.0,CE,NIFTY2540322550CE,0.0,0.0,0.0,810.65,0.0,810.65,22547.55,456.2,0,0,0,0.0,0,F1,75,,,,,
2025-02-25,2025-02-25,FO,NSE,IDO,54596,,NIFTY,,2025-04-03,2025-04-03,22450.0,CE,NIFTY2540322450CE,0.0,0.0,0.0,877.9,0.0,877.9,22547.55,513.15,0,0,0,0.0,0,F1,75,,,,,
2025-02-25,2025-02-25,FO,NSE,IDO,54560,,NIFTY,,2025-04-03,2025-04-03,21550.0,CE,NIFTY2540321550CE,0.0,0.0,0.0,1596.55,0.0,1596.55,22547.55,1188.4,0,0,0,0.0,0,F1,75,,,,,
2025-02-25,2025-02-25,FO,NSE,IDO,54534,,NIFTY,,2025-04-03,2025-04-03,21150.0,CE,NIFTY2540321150CE,0.0,0.0,0.0,1962.65,0.0,1962.65,22547.55,1554.55,0,0,0,0.0,0,F1,75,,,,,
2025-02-25,2025-02-25,FO,NSE,IDO,56568,,NIFTY,,2025-03-27,2025-03-27,24900.0,CE,NIFTY25MAR24900CE,7.15,9.1,5.8,6.15,6.05,8.4,22547.55,6.15,87150,-75,932,1741006605.0,364,F1,75,,,,,
2025-02-25,2025-02-25,FO,NSE,IDO,56544,,NIFTY,,2025-03-27,2025-03-27,24750.0,CE,NIFTY25MAR24750CE,8.3,8.3,6.35,6.75,6.35,8.7,22547.55,6.75,30225,-1725,92,170824436.25,27,F1,75,,,,,
2025-02-25,2025-02-25,FO,NSE,IDO,56528,,NIFTY,,2025-03-27,2025-03-27,24600.0,CE,NIFTY25MAR24600CE,9.85,9.85,6.25,6.8,6.25,9.75,22547.55,6.8,136275,6525,2840,5241464621.25,1025,F1,75,,,,,
2025-02-25,2025-02-25,FO,NSE,IDO,54727,,NIFTY,,2025-03-27,2025-03-27,24100.0,CE,NIFTY25MAR24100CE,19.5,19.5,12.4,13.35,12.85,19.35,22547.55,13.35,284025,-48750,5070,9169642477.5,2104,F1,75,,,,,
2025-02-25,2025-02-25,FO,NSE,IDO,54719,,NIFTY,,2025-03-27,2025-03-27,23850.0,CE,NIFTY25MAR23850CE,28.7,33.5,22.6,24.15,23.5,34.45,22547.55,24.15,47850,3450,852,1525787467.5,399,F1,75,,,,,
2025-02-25,2025-02-25,FO,NSE,IDO,51475,,NIFTY,,2025-03-27,2025-03-27,23650.0,CE,NIFTY25MAR23650CE,53.0,54.65,38.55,41.05,39.25,56.25,22547.55,41.05,111225,8250,1600,2843313757.5,836,F1,75,,,,,
2025-02-25,2025-02-25,FO,NSE,IDO,51459,,NIFTY,,2025-03-27,2025-03-27,23550.0,CE,NIFTY25MAR23550CE,66.0,66.6,50.55,52.4,50.55,71.15,22547.55,52.4,49125,-150,1916,3392460247.5,1084,F1,75,,,,,
2025-02-25,2025-02-25,FO,NSE,IDO,46984,,NIFTY,,2025-03-27,2025-03-27,22250.0,CE,NIFTY25MAR22250CE,660.95,660.95,634.05,653.3,653.3,667.1,22547.55,587.0,9000,1050,18,30910436.25,18,F1,75,,,,,
2025-02-25,2025-02-25,FO,NSE,IDO,64556,,NIFTY,,2025-03-27,2025-03-27,20000.0,CE,NIFTY25MAR20000CE,2737.5,2751.0,2675.9,2704.15,2676.9,2723.95,22547.55,2704.15,555650,34325,765,1303206690.0,618,F1,75,,,,,
2025-02-25,2025-02-25,FO,NSE,IDO,50289,,NIFTY,,2025-03-20,2025-03-20,24300.0,CE,NIFTY2532024300CE,0.0,0.0,0.0,9.9,9.9,9.9,22547.55,4.7,75,0,0,0.0,0,F1,75,,,,,
2025-02-25,2025-02-25,FO,NSE,IDO,50251,,NIFTY,,2025-03-20,2025-03-20,23650.0,CE,NIFTY2532023650CE,26.95,26.95,21.25,22.2,23.0,143.8,22547.55,22.2,1800,1125,19,33733815.0,7,F1,75,,,,,
2025-02-25,2025-02-25,FO,NSE,IDO,50245,,NIFTY,,2025-03-20,2025-03-20,23550.0,CE,NIFTY2532023550CE,0.0,0.0,0.0,305.45,0.0,305.45,22547.55,44.55,0,0,0,0.0,0,F1,75,,,,,
2025-02-25,2025-02-25,FO,NSE,IDO,50237,,NIFTY,,2025-03-20,2025-03-20,23350.0,CE,NIFTY2532023350CE,0.0,0.0,0.0,385.35,0.0,385.35,22547.55,72.95,0,0,0,0.0,0,F1,75,,,,,
2025-02-25,2025-02-25,FO,NSE,IDO,50229,,NIFTY,,2025-03-20,2025-03-20,23150.0,CE,NIFTY2532023150CE,0.0,0.0,0.0,478.75,0.0,478.75,22547.55,114.45,0,0,0,0.0,0,F1,75,,,,,
2025-02-25,2025-02-25,FO,NSE,IDO,50223,,NIFTY,,2025-03-20,2025-03-20,23000.0,CE,NIFTY2532023000CE,170.6,179.3,135.65,142.45,136.0,183.05,22547.55,142.45,35775,1200,728,1264273837.5,415,F1,75,,,,,
2025-02-25,2025-02-25,FO,NSE,IDO,50219,,NIFTY,,2025-03-20,2025-03-20,22900.0,CE,NIFTY2532022900CE,205.0,217.0,175.0,185.0,175.0,219.4,22547.55,185.0,4800,1725,106,183584662.5,69,F1,75,,,,,
2025-02-25,2025-02-25,FO,NSE,IDO,50181,,NIFTY,,2025-03-20,2025-03-20,22400.0,CE,NIFTY2532022400CE,0.0,0.0,0.0,948.35,0.0,948.35,22547.55,432.8,0,0,0,0.0,0,F1,75,,,,,
2025-02-25,2025-02-25,FO,NSE,IDO,45619,,NIFTY,,2025-03-13,2025-03-13,24800.0,CE,NIFTY2531324800CE,3.25,4.75,2.7,2.75,2.75,3.05,22547.55,0.1,9225,3000,84,156258918.75,27,F1,75,,,,,
2025-02-25,2025-02-25,FO,NSE,IDO,45544,,NIFTY,,2025-03-13,2025-03-13,23850.0,CE,NIFTY2531323850CE,8.95,9.2,4.35,4.9,4.9,9.25,22547.55,4.9,5100,300,77,137770755.0,23,F1,75,,,,,
2025-02-25,2025-02-25,FO,NSE,IDO,45480,,NIFTY,,2025-03-13,2025-03-13,22800.0,CE,NIFTY2531322800CE,200.4,200.4,149.6,159.8,152.5,203.5,22547.55,159.8,146550,84525,3852,6636316462.5,2678,F1,75,,,,,
2025-02-25,2025-02-25,FO,NSE,IDO,45419,,NIFTY,,2025-03-13,2025-03-13,21600.0,CE,NIFTY2531321600CE,0.0,0.0,0.0,1326.9,1326.9,1326.9,22547.55,1021.75,75,0,0,0.0,0,F1,75,,,,,
2025-02-25,2025-02-25,FO,NSE,IDO,45372,,NIFTY,,2025-03-13,2025-03-13,20800.0,CE,NIFTY2531320800CE,0.0,0.0,0.0,2949.4,0.0,2949.4,22547.55,1806.95,0,0,0,0.0,0,F1,75,,,,,
2025-02-25,2025-02-25,FO,NSE,IDO,68633,,NIFTY,,2025-03-06,2025-03-06,24800.0,CE,NIFTY2530624800CE,1.9,1.95,1.45,1.65,1.8,2.15,22547.55,1.65,33900,8850,652,1212805222.5,278,F1,75,,,,,
2025-02-25,2025-02-25,FO,NSE,IDO,68598,,NIFTY,,2025-03-06,2025-03-06,24100.0,CE,NIFTY2530624100CE,2.8,2.9,1.85,2.15,2.05,3.4,22547.55,2.15,198975,37875,5407,9774083227.5,2148,F1,75,,,,,
2025-02-25,2025-02-25,FO,NSE,IDO,68480,,NIFTY,,2025-03-06,2025-03-06,23300.0,CE,NIFTY2530623300CE,17.1,18.5,5.15,6.9,5.15,19.5,22547.55,6.9,886125,376200,44200,77274220327.5,21461,F1,75,,,,,
2025-02-25,2025-02-25,FO,NSE,IDO,57702,,NIFTY,,2025-02-27,2025-02-27,26300.0,CE,NIFTY25FEB26300CE,0.9,1.25,0.3,0.45,1.0,0.95,22547.55,0.45,358950,-234750,34945,68930516883.75,5479,F1,75,,,,,
2025-02-25,2025-02-25,FO,NSE,IDO,57687,,NIFTY,,2025-02-27,2025-02-27,26100.0,CE,NIFTY25FEB26100CE,0.75,1.15,0.3,0.45,0.3,0.95,22547.55,0.45,76500,-40050,11288,22096728067.5,2177,F1,75,,,,,
2025-02-25,2025-02-25,FO,NSE,IDO,57663,,NIFTY,,2025-02-27,2025-02-27,25500.0,CE,NIFTY25FEB25500CE,0.8,0.85,0.35,0.55,0.4,1.0,22547.55,0.55,1509525,-493425,66915,127978076182.5,14868,F1,75,,,,,
2025-02-25,2025-02-25,FO,NSE,IDO,45550,,NIFTY,,2025-03-13,2025-03-13,24000.0,CE,NIFTY2531324000CE,7.15,7.15,3.85,4.2,4.05,6.4,22547.55,4.2,191325,-53775,4209,7577625945.0,1497,F1,75,,,,,
2025-02-25,2025-02-25,FO,NSE,IDO,45492,,NIFTY,,2025-03-13,2025-03-13,23100.0,CE,NIFTY2531323100CE,94.8,94.8,54.45,59.7,55.5,94.8,22547.55,59.7,101550,55950,3984,6923265900.0,2184,F1,75,,,,,
2025-02-25,2025-02-25,FO,NSE,IDO,45490,,NIFTY,,2025-03-13,2025-03-13,23050.0,CE,NIFTY2531323050CE,103.15,103.15,65.35,70.8,68.9,108.8,22547.55,70.8,22425,8325,761,1320138720.0,452,F1,75,,,,,
2025-02-25,2025-02-25,FO,NSE,IDO,45433,,NIFTY,,2025-03-13,2025-03-13,21850.0,CE,NIFTY2531321850CE,0.0,0.0,0.0,1086.9,1086.9,1086.9,22547.55,792.0,75,0,0,0.0,0,F1,75,,,,,
2025-02-25,2025-02-25,FO,NSE,IDO,45423,,NIFTY,,2025-03-13,2025-03-13,21650.0,CE,NIFTY2531321650CE,0.0,0.0,0.0,1269.25,1269.25,1269.25,22547.55,974.65,75,0,0,0.0,0,F1,75,,,,,
2025-02-25,2025-02-25,FO,NSE,IDO,68664,,NIFTY,,2025-03-06,2025-03-06,25100.0,CE,NIFTY2530625100CE,2.15,2.15,1.35,1.55,1.75,1.9,22547.55,1.55,20625,4050,427,803878593.75,187,F1,75,,,,,
2025-02-25,2025-02-25,FO,NSE,IDO,68600,,NIFTY,,2025-03-06,2025-03-06,24150.0,CE,NIFTY2530624150CE,2.55,2.75,1.95,2.1,2.2,3.35,22547.55,2.1,31800,-7350,607,1099536780.0,270,F1,75,,,,,
2025-02-25,2025-02-25,FO,NSE,IDO,68596,,NIFTY,,2025-03-06,2025-03-06,24050.0,CE,NIFTY2530624050CE,3.55,3.55,2.1,2.2,2.35,3.7,22547.55,2.2,67350,-2700,1985,3580826373.75,993,F1,75,,,,,
2025-02-25,2025-02-25,FO,NSE,IDO,54862,,NIFTY,,2025-04-03,2025-04-03,24600.0,CE,NIFTY2540324600CE,12.25,13.2,5.3,5.3,5.3,77.7,22547.55,10.8,225,225,5,9229215.0,4,F1,75,,,,,
2025-02-25,2025-02-25,FO,NSE,IDO,68592,,NIFTY,,2025-03-06,2025-03-06,23950.0,CE,NIFTY2530623950CE,2.8,3.45,2.25,2.45,2.5,4.05,22547.55,2.45,70725,-21300,3532,6345088076.25,1745,F1,75,,,,,
2025-02-25,2025-02-25,FO,NSE,IDO,68456,,NIFTY,,2025-03-06,2025-03-06,22750.0,CE,NIFTY2530622750CE,139.25,148.45,95.35,101.85,97.0,150.9,22547.55,101.85,314700,205575,20446,35064172845.0,13430,F1,75,,,,,
2025-02-25,2025-02-25,FO,NSE,IDO,68419,,NIFTY,,2025-03-06,2025-03-06,22050.0,CE,NIFTY2530622050CE,611.05,647.8,600.3,620.6,613.5,626.75,22547.55,620.6,675,150,17,28903875.0,15,F1,75,,,,,
2025-02-25,2025-02-25,FO,NSE,IDO,68403,,NIFTY,,2025-03-06,2025-03-06,21700.0,CE,NIFTY2530621700CE,932.0,970.05,919.65,919.65,919.65,978.0,22547.55,919.65,1350,600,12,20381538.75,11,F1,75,,,,,
2025-02-25,2025-02-25,FO,NSE,IDO,68366,,NIFTY,,2025-03-06,2025-03-06,20900.0,CE,NIFTY2530620900CE,0.0,0.0,0.0,2489.35,0.0,2489.35,22547.55,1681.05,0,0,0,0.0,0,F1,75,,,,,
2025-02-25,2025-02-25,FO,NSE,IDO,57691,,NIFTY,,2025-02-27,2025-02-27,26200.0,CE,NIFTY25FEB26200CE,0.7,1.2,0.35,0.5,1.0,0.85,22547.55,0.5,129300,-14250,15755,30959275582.5,2854,F1,75,,,,,
2025-02-25,2025-02-25,FO,NSE,IDO,57665,,NIFTY,,2025-02-27,2025-02-27,25550.0,CE,NIFTY25FEB25550CE,1.1,1.1,0.3,0.55,0.3,1.1,22547.55,0.55,20925,-18525,1705,3267296872.5,658,F1,75,,,,,
2025-02-25,2025-02-25,FO,NSE,IDO,55647,,NIFTY,,2025-02-27,2025-02-27,23200.0,CE,NIFTY25FEB23200CE,3.5,4.05,1.65,1.8,1.75,4.7,22547.55,1.8,7075200,-559500,732698,1275029996677.5,162977,F1,75,,,,,
2025-02-25,2025-02-25,FO,NSE,IDO,55643,,NIFTY,,2025-02-27,2025-02-27,23100.0,CE,NIFTY25FEB23100CE,6.7,6.7,1.7,2.15,1.7,7.05,22547.55,2.15,6965700,1201425,821337,1423164536291.25,174187,F1,75,,,,,
2025-02-25,2025-02-25,FO,NSE,IDO,55623,,NIFTY,,2025-02-27,2025-02-27,22600.0,CE,NIFTY25FEB22600CE,100.0,104.3,34.0,47.1,35.75,109.5,22547.55,47.1,9392250,312300,3079810,5234996580956.25,1640145,F1,75,,,,,
2025-02-25,2025-02-25,FO,NSE,IDO,55615,,NIFTY,,2025-02-27,2025-02-27,22400.0,CE,NIFTY25FEB22400CE,222.0,261.6,181.65,198.55,183.0,249.95,22547.55,198.55,636750,175125,199932,339123163601.25,128987,F1,75,,,,,
2025-02-25,2025-02-25,FO,NSE,IDO,55601,,NIFTY,,2025-02-27,2025-02-27,22050.0,CE,NIFTY25FEB22050CE,550.15,591.75,519.1,535.55,524.05,569.2,22547.55,535.55,6225,-11775,394,667770056.25,212,F1,75,,,,,
2025-02-25,2025-02-25,FO,NSE,IDO,55311,,NIFTY,,2025-02-27,2025-02-27,20950.0,CE,NIFTY25FEB20950CE,0.0,0.0,0.0,3366.05,0.0,3366.05,22547.55,1605.0,0,0,0,0.0,0,F1,75,,,,,
2025-02-25,2025-02-25,FO,NSE,IDO,79227,,NIFTY,,2025-04-24,2025-04-24,20950.0,CE,NIFTY25APR20950CE,0.0,0.0,0.0,2691.3,0.0,2691.3,22547.55,1840.45,0,0,0,0.0,0,F1,75,,,,,
2025-02-25,2025-02-25,FO,NSE,IDO,79258,,NIFTY,,2025-04-24,2025-04-24,21550.0,CE,NIFTY25APR21550CE,0.0,0.0,0.0,2155.35,0.0,2155.35,22547.55,1306.75,0,0,0,0.0,0,F1,75,,,,,
2025-02-25,2025-02-25,FO,NSE,IDO,79270,,NIFTY,,2025-04-24,2025-04-24,21850.0,CE,NIFTY25APR21850CE,0.0,0.0,0.0,1902.55,0.0,1902.55,22547.55,1065.2,0,0,0,0.0,0,F1,75,,,,,
2025-02-25,2025-02-25,FO,NSE,IDO,79509,,NIFTY,,2025-04-24,2025-04-24,23700.0,CE,NIFTY25APR23700CE,156.75,157.9,126.0,131.3,128.75,158.65,22547.55,131.3,48750,15300,668,1194363892.5,263,F1,75,,,,,
2025-02-25,2025-02-25,FO,NSE,IDO,79513,,NIFTY,,2025-04-24,2025-04-24,23800.0,CE,NIFTY25APR23800CE,129.05,131.3,103.25,107.4,105.25,133.9,22547.55,107.4,71325,29250,1389,2491300001.25,583,F1,75,,,,,
2025-02-25,2025-02-25,FO,NSE,IDO,79725,,NIFTY,,2025-04-24,2025-04-24,25000.0,CE,NIFTY25APR25000CE,25.0,25.0,16.5,17.3,16.55,21.8,22547.55,17.3,398175,13500,1984,3722721202.5,1203,F1,75,,,,,
2025-02-25,2025-02-25,FO,NSE,IDO,79737,,NIFTY,,2025-04-24,2025-04-24,25250.0,CE,NIFTY25APR25250CE,17.55,17.55,15.3,15.4,15.4,17.55,22547.55,12.35,5850,825,29,54954300.0,5,F1,75,,,,,
2025-02-25,2025-02-25,FO,NSE,IDO,79739,,NIFTY,,2025-04-24,2025-04-24,25300.0,CE,NIFTY25APR25300CE,17.0,17.0,14.3,15.05,14.75,17.8,22547.55,15.05,5475,900,36,68351295.0,18,F1,75,,,,,
2025-02-25,2025-02-25,FO,NSE,IDO,71381,,NIFTY,,2025-06-26,2025-06-26,25000.0,CE,NIFTY25JUN25000CE,130.0,130.0,104.6,107.4,105.6,126.95,22547.55,107.4,690025,-35600,4385,8259233317.5,2568,F1,75,,,,,
2025-02-25,2025-02-25,FO,NSE,IDO,35219,,NIFTY,,2025-06-26,2025-06-26,30000.0,CE,NIFTY25JUN30000CE,11.85,12.75,11.0,11.75,12.05,12.8,22547.55,11.75,29400,-600,29,65275612.5,12,F1,75,,,,,
2025-02-25,2025-02-25,FO,NSE,IDO,64686,,NIFTY,,2025-09-25,2025-09-25,21000.0,CE,NIFTY25SEP21000CE,0.0,0.0,0.0,6742.1,0.0,6742.1,22547.55,2480.85,0,0,0,0.0,0,F1,75,,,,,
2025-02-25,2025-02-25,FO,NSE,IDO,64694,,NIFTY,,2025-09-25,2025-09-25,25000.0,CE,NIFTY25SEP25000CE,350.0,353.05,322.2,330.9,324.05,358.25,22547.55,330.9,77100,33825,691,1313078692.5,463,F1,75,,,,,
2025-02-25,2025-02-25,FO,NSE,IDO,55121,,NIFTY,,2025-12-24,2025-12-24,18000.0,CE,NIFTY25DEC18000CE,0.0,0.0,0.0,5700.0,5700.0,5700.0,22547.55,5498.4,9375,0,0,0.0,0,F1,75,,,,,
2025-02-25,2025-02-25,FO,NSE,IDO,38376,,NIFTY,,2025-12-24,2025-12-24,20000.0,CE,NIFTY25DEC20000CE,3650.0,3715.3,3650.0,3683.4,3683.4,3740.0,22547.55,3683.4,35025,375,13,23104736.25,13,F1,75,,,,,
2025-02-25,2025-02-25,FO,NSE,IDO,58646,,NIFTY,,2026-12-31,2026-12-31,21000.0,CE,NIFTY26DEC21000CE,0.0,0.0,0.0,3356.25,0.0,3356.25,22547.55,4196.6,0,0,0,0.0,0,F1,75,,,,,
2025-02-25,2025-02-25,FO,NSE,IDO,71501,,NIFTY,,2026-12-31,2026-12-31,24000.0,CE,NIFTY26DEC24000CE,2350.0,2350.0,2350.0,2350.0,2350.0,2301.0,22547.55,2285.45,900,75,1,1976250.0,1,F1,75,,,,,
2025-02-25,2025-02-25,FO,NSE,IDO,71556,,NIFTY,,2027-06-24,2027-06-24,22000.0,CE,NIFTY27JUN22000CE,0.0,0.0,0.0,2783.5,0.0,2783.5,22547.55,4078.05,0,0,0,0.0,0,F1,75,,,,,
2025-02-25,2025-02-25,FO,NSE,IDO,50981,,NIFTY,,2027-06-24,2027-06-24,27000.0,CE,NIFTY27JUN27000CE,0.0,0.0,0.0,1932.5,0.0,1932.5,22547.55,1531.65,0,0,0,0.0,0,F1,75,,,,,
2025-02-25,2025-02-25,FO,NSE,IDO,53624,,NIFTY,,2027-12-30,2027-12-30,24000.0,CE,NIFTY27DEC24000CE,0.0,0.0,0.0,3778.95,0.0,3778.95,22547.55,3467.4,0,0,0,0.0,0,F1,75,,,,,
2025-02-25,2025-02-25,FO,NSE,IDO,86145,,NIFTY,,2028-06-29,2028-06-29,21000.0,CE,NIFTY28JUN21000CE,0.0,0.0,0.0,5226.55,0.0,5226.55,22547.55,5919.35,0,0,0,0.0,0,F1,75,,,,,
2025-02-25,2025-02-25,FO,NSE,IDO,89612,,NIFTY,,2029-06-28,2029-06-28,18000.0,CE,NIFTY29JUN18000CE,0.0,0.0,0.0,11678.65,0.0,11678.65,22547.55,9034.55,0,0,0,0.0,0,F1,75,,,,,
2025-02-25,2025-02-25,FO,NSE,IDO,55576,,NIFTY,,2025-02-27,2025-02-27,21500.0,PE,NIFTY25FEB21500PE,1.5,1.95,0.85,0.95,1.25,1.65,22547.55,0.95,3828450,-2208975,354510,571681706958.75,71472,F1,75,,,,,
2025-02-25,2025-02-25,FO,NSE,IDO,55606,,NIFTY,,2025-02-27,2025-02-27,22150.0,PE,NIFTY25FEB22150PE,9.4,9.85,3.3,4.15,4.5,9.35,22547.55,4.15,1409775,289275,420109,698055736256.25,89630,F1,75,,,,,
2025-02-25,2025-02-25,FO,NSE,IDO,55612,,NIFTY,,2025-02-27,2025-02-27,22300.0,PE,NIFTY25FEB22300PE,18.0,22.8,5.05,8.05,9.0,19.75,22547.55,8.05,5869125,-2204100,1093682,1829913969161.25,280249,F1,75,,,,,
2025-02-25,2025-02-25,FO,NSE,IDO,55618,,NIFTY,,2025-02-27,2025-02-27,22450.0,PE,NIFTY25FEB22450PE,48.1,51.85,12.4,23.1,25.2,45.45,22547.55,23.1,2083575,212400,818860,1380252467647.5,334780,F1,75,,,,,
2025-02-25,2025-02-25,FO,NSE,IDO,55620,,NIFTY,,2025-02-27,2025-02-27,22500.0,PE,NIFTY25FEB22500PE,65.0,66.15,18.35,32.6,34.1,57.95,22547.55,32.6,10300425,651750,2105476,3558379258012.5,852996,F1,75,,,,,
2025-02-25,2025-02-25,FO,NSE,IDO,56738,,NIFTY,,2025-02-27,2025-02-27,23450.0,PE,NIFTY25FEB23450PE,858.05,885.0,814.1,870.65,885.0,834.35,22547.55,870.65,63300,-4350,127,231570247.5,81,F1,75,,,,,
2025-02-25,2025-02-25,FO,NSE,IDO,57622,,NIFTY,,2025-02-27,2025-02-27,24500.0,PE,NIFTY25FEB24500PE,1923.15,1936.85,1863.15,1908.35,1936.85,1886.95,22547.55,1908.35,390225,-275175,5811,11507091131.25,5264,F1,75,,,,,
2025-02-25,2025-02-25,FO,NSE,IDO,57626,,NIFTY,,2025-02-27,2025-02-27,24600.0,PE,NIFTY25FEB24600PE,2020.0,2041.85,1972.85,2025.35,2041.85,1986.85,22547.55,2025.35,24600,-43950,636,1268966471.25,549,F1,75,,,,,
2025-02-25,2025-02-25,FO,NSE,IDO,57634,,NIFTY,,2025-02-27,2025-02-27,24800.0,PE,NIFTY25FEB24800PE,2230.0,2241.65,2170.0,2241.65,2241.65,2161.05,22547.55,2241.65,15450,-20025,307,621781612.5,130,F1,75,,,,,
2025-02-25,2025-02-25,FO,NSE,IDO,57670,,NIFTY,,2025-02-27,2025-02-27,25650.0,PE,NIFTY25FEB25650PE,0.0,0.0,0.0,2730.0,2730.0,2730.0,22547.55,3093.3,225,0,0,0.0,0,F1,75,,,,,
2025-02-25,2025-02-25,FO,NSE,IDO,57678,,NIFTY,,2025-02-27,2025-02-27,25850.0,PE,NIFTY25FEB25850PE,0.0,0.0,0.0,2812.65,2813.8,2812.65,22547.55,3293.25,225,0,0,0.0,0,F1,75,,,,,
2025-02-25,2025-02-25,FO,NSE,IDO,54592,,NIFTY,,2025-04-03,2025-04-03,22350.0,CE,NIFTY2540322350CE,0.0,0.0,0.0,948.0,0.0,948.0,22547.55,574.15,0,0,0,0.0,0,F1,75,,,,,
2025-02-25,2025-02-25,FO,NSE,IDO,68373,,NIFTY,,2025-03-06,2025-03-06,21050.0,PE,NIFTY2530621050PE,3.9,4.5,2.65,3.7,4.5,3.7,22547.55,3.7,230925,30525,3004,4743313575.0,1582,F1,75,,,,,
2025-02-25,2025-02-25,FO,NSE,IDO,68394,,NIFTY,,2025-03-06,2025-03-06,21450.0,PE,NIFTY2530621450PE,6.65,7.25,4.45,6.1,7.1,7.05,22547.55,6.1,103200,64875,4962,7984565568.75,2296,F1,75,,,,,
2025-02-25,2025-02-25,FO,NSE,IDO,68420,,NIFTY,,2025-03-06,2025-03-06,22050.0,PE,NIFTY2530622050PE,40.05,40.05,21.5,28.3,32.0,36.55,22547.55,28.3,189975,109200,12429,20579395657.5,8286,F1,75,,,,,
2025-02-25,2025-02-25,FO,NSE,IDO,68431,,NIFTY,,2025-03-06,2025-03-06,22300.0,PE,NIFTY2530622300PE,81.45,81.45,49.2,61.05,65.6,75.35,22547.55,61.05,862425,410775,44495,74620327901.25,24294,F1,75,,,,,
2025-02-25,2025-02-25,FO,NSE,IDO,50557,,NIFTY,,2026-06-25,2026-06-25,18000.0,PE,NIFTY26JUN18000PE,0.0,0.0,0.0,3088.05,0.0,3088.05,22547.55,22.65,0,0,0,0.0,0,F1,75,,,,,
2025-02-25,2025-02-25,FO,NSE,IDO,68433,,NIFTY,,2025-03-06,2025-03-06,22350.0,PE,NIFTY2530622350PE,90.85,93.95,58.3,70.65,74.5,87.75,22547.55,70.65,200325,77325,14584,24524293481.25,10383,F1,75,,,,,
2025-02-25,2025-02-25,FO,NSE,IDO,68453,,NIFTY,,2025-03-06,2025-03-06,22650.0,PE,NIFTY2530622650PE,193.0,205.7,150.1,171.1,178.45,190.15,22547.55,171.1,259875,121950,20951,35858243673.75,13721,F1,75,,,,,
2025-02-25,2025-02-25,FO,NSE,IDO,68461,,NIFTY,,2025-03-06,2025-03-06,22850.0,PE,NIFTY2530622850PE,301.4,321.4,259.55,292.6,296.6,297.6,22547.55,292.6,138000,56625,3284,5698915312.5,2373,F1,75,,,,,
2025-02-25,2025-02-25,FO,NSE,IDO,68613,,NIFTY,,2025-03-06,2025-03-06,24350.0,PE,NIFTY2530624350PE,0.0,0.0,0.0,1660.0,1660.0,1660.0,22547.55,1763.45,825,0,0,0.0,0,F1,75,,,,,
2025-02-25,2025-02-25,FO,NSE,IDO,68619,,NIFTY,,2025-03-06,2025-03-06,24500.0,PE,NIFTY2530624500PE,1864.75,1880.0,1831.65,1853.85,1875.0,1834.35,22547.55,1853.85,26250,19725,278,549473692.5,158,F1,75,,,,,
2025-02-25,2025-02-25,FO,NSE,IDO,68634,,NIFTY,,2025-03-06,2025-03-06,24800.0,PE,NIFTY2530624800PE,2122.0,2160.0,2113.55,2132.4,2132.4,1908.75,22547.55,2212.75,2625,2325,31,62629046.25,29,F1,75,,,,,
2025-02-25,2025-02-25,FO,NSE,IDO,68646,,NIFTY,,2025-03-06,2025-03-06,24900.0,PE,NIFTY2530624900PE,2207.05,2207.05,2207.05,2207.05,2207.05,2204.0,22547.55,2312.55,450,0,1,2033028.75,1,F1,75,,,,,
2025-02-25,2025-02-25,FO,NSE,IDO,68871,,NIFTY,,2025-03-06,2025-03-06,25450.0,PE,NIFTY2530625450PE,0.0,0.0,0.0,2558.4,2558.4,2558.4,22547.55,2861.7,225,0,0,0.0,0,F1,75,,,,,
2025-02-25,2025-02-25,FO,NSE,IDO,45439,,NIFTY,,2025-03-13,2025-03-13,21950.0,PE,NIFTY2531321950PE,59.05,59.05,41.4,47.05,50.5,59.0,22547.55,47.05,12600,1875,232,382760493.75,96,F1,75,,,,,
2025-02-25,2025-02-25,FO,NSE,IDO,45592,,NIFTY,,2025-03-13,2025-03-13,24350.0,PE,NIFTY2531324350PE,0.0,0.0,0.0,1436.55,1436.55,1436.55,22547.55,1733.95,75,0,0,0.0,0,F1,75,,,,,
2025-02-25,2025-02-25,FO,NSE,IDO,45609,,NIFTY,,2025-03-13,2025-03-13,24550.0,PE,NIFTY2531324550PE,0.0,0.0,0.0,1636.45,1637.25,1636.45,22547.55,1932.9,150,0,0,0.0,0,F1,75,,,,,
2025-02-25,2025-02-25,FO,NSE,IDO,50126,,NIFTY,,2025-03-20,2025-03-20,21550.0,PE,NIFTY2532021550PE,0.0,0.0,0.0,34.95,0.0,34.95,22547.55,22.45,0,0,0,0.0,0,F1,75,,,,,
2025-02-25,2025-02-25,FO,NSE,IDO,50134,,NIFTY,,2025-03-20,2025-03-20,21700.0,PE,NIFTY2532021700PE,46.25,46.25,42.1,44.9,46.05,55.0,22547.55,44.9,1125,1050,16,26092282.5,13,F1,75,,,,,
2025-02-25,2025-02-25,FO,NSE,IDO,50140,,NIFTY,,2025-03-20,2025-03-20,21850.0,PE,NIFTY2532021850PE,71.6,71.6,56.9,56.9,56.9,63.75,22547.55,54.15,225,225,5,8217097.5,5,F1,75,,,,,
2025-02-25,2025-02-25,FO,NSE,IDO,50154,,NIFTY,,2025-03-20,2025-03-20,22050.0,PE,NIFTY2532022050PE,87.05,87.05,87.05,87.05,87.05,81.75,22547.55,87.05,675,-75,1,1660278.75,1,F1,75,,,,,
2025-02-25,2025-02-25,FO,NSE,IDO,50195,,NIFTY,,2025-03-20,2025-03-20,22550.0,PE,NIFTY2532022550PE,229.15,229.15,217.9,217.9,217.9,203.55,22547.55,217.9,300,300,6,10247745.0,6,F1,75,,,,,
2025-02-25,2025-02-25,FO,NSE,IDO,50236,,NIFTY,,2025-03-20,2025-03-20,23300.0,PE,NIFTY2532023300PE,0.0,0.0,0.0,515.95,0.0,515.95,22547.55,739.2,0,0,0,0.0,0,F1,75,,,,,
2025-02-25,2025-02-25,FO,NSE,IDO,50250,,NIFTY,,2025-03-20,2025-03-20,23600.0,PE,NIFTY2532023600PE,0.0,0.0,0.0,693.95,0.0,693.95,22547.55,995.1,0,0,0,0.0,0,F1,75,,,,,
2025-02-25,2025-02-25,FO,NSE,IDO,50292,,NIFTY,,2025-03-20,2025-03-20,24350.0,PE,NIFTY2532024350PE,0.0,0.0,0.0,1254.0,0.0,1254.0,22547.55,1706.9,0,0,0,0.0,0,F1,75,,,,,
2025-02-25,2025-02-25,FO,NSE,IDO,46818,,NIFTY,,2025-03-27,2025-03-27,20850.0,PE,NIFTY25MAR20850PE,17.2,17.8,16.35,17.0,17.4,24.0,22547.55,17.0,3075,3075,123,192497302.5,84,F1,75,,,,,
2025-02-25,2025-02-25,FO,NSE,IDO,46828,,NIFTY,,2025-03-27,2025-03-27,21050.0,PE,NIFTY25MAR21050PE,26.0,26.0,21.1,22.0,22.9,25.0,22547.55,22.0,9900,300,284,448857686.25,158,F1,75,,,,,
2025-02-25,2025-02-25,FO,NSE,IDO,39990,,NIFTY,,2026-06-25,2026-06-25,19000.0,PE,NIFTY26JUN19000PE,0.0,0.0,0.0,160.05,160.05,160.05,22547.55,57.65,175,0,0,0.0,0,F1,75,,,,,
2025-02-25,2025-02-25,FO,NSE,IDO,37805,,NIFTY,,2026-06-25,2026-06-25,23000.0,PE,NIFTY26JUN23000PE,815.05,840.0,815.05,840.0,840.0,840.05,22547.55,840.0,7925,0,2,3574128.75,2,F1,75,,,,,
2025-02-25,2025-02-25,FO,NSE,IDO,71565,,NIFTY,,2027-06-24,2027-06-24,26000.0,PE,NIFTY27JUN26000PE,0.0,0.0,0.0,6202.2,0.0,6202.2,22547.55,1713.85,0,0,0,0.0,0,F1,75,,,,,
2025-02-25,2025-02-25,FO,NSE,IDO,53617,,NIFTY,,2027-12-30,2027-12-30,22000.0,PE,NIFTY27DEC22000PE,0.0,0.0,0.0,329.0,329.0,329.0,22547.55,425.85,25,0,0,0.0,0,F1,75,,,,,
2025-02-25,2025-02-25,FO,NSE,IDO,86148,,NIFTY,,2028-06-29,2028-06-29,22000.0,PE,NIFTY28JUN22000PE,0.0,0.0,0.0,520.05,520.05,520.05,22547.55,404.75,100,0,0,0.0,0,F1,75,,,,,
2025-02-25,2025-02-25,FO,NSE,IDO,46867,,NIFTY,,2025-03-27,2025-03-27,21300.0,PE,NIFTY25MAR21300PE,37.1,38.0,31.05,32.55,34.55,36.65,22547.55,32.55,214275,15150,3645,5832004923.75,1698,F1,75,,,,,
2025-02-25,2025-02-25,FO,NSE,IDO,64563,,NIFTY,,2025-03-27,2025-03-27,22000.0,PE,NIFTY25MAR22000PE,122.0,123.95,102.3,108.5,113.2,116.45,22547.55,108.5,5720850,265625,41208,68329956000.0,20165,F1,75,,,,,
2025-02-25,2025-02-25,FO,NSE,IDO,47041,,NIFTY,,2025-03-27,2025-03-27,22750.0,PE,NIFTY25MAR22750PE,356.0,365.1,325.15,345.7,361.5,353.2,22547.55,345.7,114750,25650,1003,1737044456.25,688,F1,75,,,,,
2025-02-25,2025-02-25,FO,NSE,IDO,58792,,NIFTY,,2025-03-27,2025-03-27,25850.0,PE,NIFTY25MAR25850PE,0.0,0.0,0.0,1865.25,0.0,1865.25,22547.55,3164.8,0,0,0,0.0,0,F1,75,,,,,
2025-02-25,2025-02-25,FO,NSE,IDO,54519,,NIFTY,,2025-04-03,2025-04-03,21000.0,PE,NIFTY2540321000PE,0.0,0.0,0.0,18.45,0.0,18.45,22547.55,11.85,0,0,0,0.0,0,F1,75,,,,,
2025-02-25,2025-02-25,FO,NSE,IDO,54535,,NIFTY,,2025-04-03,2025-04-03,21150.0,PE,NIFTY2540321150PE,0.0,0.0,0.0,25.5,0.0,25.5,22547.55,18.1,0,0,0,0.0,0,F1,75,,,,,
2025-02-25,2025-02-25,FO,NSE,IDO,54539,,NIFTY,,2025-04-03,2025-04-03,21250.0,PE,NIFTY2540321250PE,0.0,0.0,0.0,31.35,0.0,31.35,22547.55,23.65,0,0,0,0.0,0,F1,75,,,,,
2025-02-25,2025-02-25,FO,NSE,IDO,54573,,NIFTY,,2025-04-03,2025-04-03,21850.0,PE,NIFTY2540321850PE,0.0,0.0,0.0,94.6,0.0,94.6,22547.55,94.0,0,0,0,0.0,0,F1,75,,,,,
2025-02-25,2025-02-25,FO,NSE,IDO,54581,,NIFTY,,2025-04-03,2025-04-03,22050.0,PE,NIFTY2540322050PE,0.0,0.0,0.0,130.1,0.0,130.1,22547.55,137.9,0,0,0,0.0,0,F1,75,,,,,
2025-02-25,2025-02-25,FO,NSE,IDO,54585,,NIFTY,,2025-04-03,2025-04-03,22150.0,PE,NIFTY2540322150PE,0.0,0.0,0.0,151.25,0.0,151.25,22547.55,164.85,0,0,0,0.0,0,F1,75,,,,,
2025-02-25,2025-02-25,FO,NSE,IDO,54593,,NIFTY,,2025-04-03,2025-04-03,22350.0,PE,NIFTY2540322350PE,0.0,0.0,0.0,201.0,0.0,201.0,22547.55,229.8,0,0,0,0.0,0,F1,75,,,,,
2025-02-25,2025-02-25,FO,NSE,IDO,54666,,NIFTY,,2025-04-03,2025-04-03,23200.0,PE,NIFTY2540323200PE,0.0,0.0,0.0,544.35,0.0,544.35,22547.55,685.05,0,0,0,0.0,0,F1,75,,,,,
2025-02-25,2025-02-25,FO,NSE,IDO,54780,,NIFTY,,2025-04-03,2025-04-03,23950.0,PE,NIFTY2540323950PE,0.0,0.0,0.0,1031.5,0.0,1031.5,22547.55,1292.45,0,0,0,0.0,0,F1,75,,,,,
2025-02-25,2025-02-25,FO,NSE,IDO,79238,,NIFTY,,2025-04-24,2025-04-24,21200.0,PE,NIFTY25APR21200PE,0.0,0.0,0.0,61.6,0.0,61.6,22547.55,46.05,0,0,0,0.0,0,F1,75,,,,,
2025-02-25,2025-02-25,FO,NSE,IDO,79250,,NIFTY,,2025-04-24,2025-04-24,21350.0,PE,NIFTY25APR21350PE,0.0,0.0,0.0,75.3,0.0,75.3,22547.55,61.35,0,0,0,0.0,0,F1,75,,,,,
2025-02-25,2025-02-25,FO,NSE,IDO,79381,,NIFTY,,2025-04-24,2025-04-24,22250.0,PE,NIFTY25APR22250PE,0.0,0.0,0.0,207.95,207.95,207.95,22547.55,253.35,3750,0,0,0.0,0,F1,75,,,,,
2025-02-25,2025-02-25,FO,NSE,IDO,79393,,NIFTY,,2025-04-24,2025-04-24,22500.0,PE,NIFTY25APR22500PE,322.9,329.75,297.55,314.7,321.05,320.65,22547.55,314.7,549300,142350,5605,9589715857.5,2795,F1,75,,,,,
2025-02-25,2025-02-25,FO,NSE,IDO,79445,,NIFTY,,2025-04-24,2025-04-24,23300.0,PE,NIFTY25APR23300PE,688.0,697.15,653.4,686.15,691.8,687.8,22547.55,686.15,14400,750,152,273274387.5,78,F1,75,,,,,
2025-02-25,2025-02-25,FO,NSE,IDO,89623,,NIFTY,,2029-06-28,2029-06-28,20000.0,PE,NIFTY29JUN20000PE,0.0,0.0,0.0,236.95,0.0,236.95,22547.55,164.85,0,0,0,0.0,0,F1,75,,,,,
2025-02-25,2025-02-25,FO,NSE,IDO,67787,,NIFTY,,2028-12-28,2028-12-28,26000.0,PE,NIFTY28DEC26000PE,0.0,0.0,0.0,1160.95,0.0,1160.95,22547.55,1253.1,0,0,0,0.0,0,F1,75,,,,,
2025-02-25,2025-02-25,FO,NSE,IDO,67781,,NIFTY,,2028-12-28,2028-12-28,23000.0,PE,NIFTY28DEC23000PE,0.0,0.0,0.0,875.0,875.0,875.0,22547.55,538.65,3675,0,0,0.0,0,F1,75,,,,,
2025-02-25,2025-02-25,FO,NSE,IDO,50972,,NIFTY,,2025-12-24,2025-12-24,27000.0,PE,NIFTY25DEC27000PE,3040.85,3084.25,3022.45,3057.85,3057.85,3052.2,22547.55,3259.2,221575,-450,41,92446496.25,41,F1,75,,,,,
2025-02-25,2025-02-25,FO,NSE,IDO,71394,,NIFTY,,2025-12-24,2025-12-24,24000.0,PE,NIFTY25DEC24000PE,1176.0,1176.0,1139.15,1160.45,1166.0,1163.5,22547.55,1160.45,920300,-3875,443,835817261.25,415,F1,75,,,,,
2025-02-25,2025-02-25,FO,NSE,IDO,64701,,NIFTY,,2025-09-25,2025-09-25,28000.0,PE,NIFTY25SEP28000PE,0.0,0.0,0.0,1606.2,0.0,1606.2,22547.55,4453.65,0,0,0,0.0,0,F1,75,,,,,
2025-02-25,2025-02-25,FO,NSE,IDO,64699,,NIFTY,,2025-09-25,2025-09-25,27000.0,PE,NIFTY25SEP27000PE,0.0,0.0,0.0,1168.15,0.0,1168.15,22547.55,3540.25,0,0,0,0.0,0,F1,75,,,,,
2025-02-25,2025-02-25,FO,NSE,IDO,38151,,NIFTY,,2025-06-26,2025-06-26,29000.0,PE,NIFTY25JUN29000PE,0.0,0.0,0.0,6724.5,0.0,6724.5,22547.55,5834.95,0,0,0,0.0,0,F1,75,,,,,
2025-02-25,2025-02-25,FO,NSE,IDO,79740,,NIFTY,,2025-04-24,2025-04-24,25300.0,PE,NIFTY25APR25300PE,0.0,0.0,0.0,1825.65,0.0,1825.65,22547.55,2503.7,0,0,0,0.0,0,F1,75,,,,,
2025-02-25,2025-02-25,FO,NSE,IDO,79639,,NIFTY,,2025-04-24,2025-04-24,24450.0,PE,NIFTY25APR24450PE,0.0,0.0,0.0,1194.6,0.0,1194.6,22547.55,1703.35,0,0,0,0.0,0,F1,75,,,,,
2025-02-25,2025-02-25,FO,NSE,IDO,79510,,NIFTY,,2025-04-24,2025-04-24,23700.0,PE,NIFTY25APR23700PE,0.0,0.0,0.0,920.0,920.0,920.0,22547.55,1069.35,53475,0,0,0.0,0,F1,75,,,,,
2025-02-25,2025-02-25,FO,NSE,IDO,54536,,NIFTY,,2025-04-03,2025-04-03,21200.0,CE,NIFTY2540321200CE,0.0,0.0,0.0,1915.9,0.0,1915.9,22547.55,1507.5,0,0,0,0.0,0,F1,75,,,,,
2025-02-25,2025-02-25,FO,NSE,IDO,57637,,NIFTY,,2025-02-27,2025-02-27,24900.0,CE,NIFTY25FEB24900CE,1.1,1.1,0.55,0.7,0.6,1.2,22547.55,0.7,1104975,-53400,34971,65310592736.25,7852,F1,75,,,,,
2025-02-25,2025-02-25,FO,NSE,IDO,57617,,NIFTY,,2025-02-27,2025-02-27,24400.0,CE,NIFTY25FEB24400CE,1.25,1.65,0.35,0.7,0.5,1.15,22547.55,0.7,847200,-294975,36175,66202516710.0,8374,F1,75,,,,,
2025-02-25,2025-02-25,FO,NSE,IDO,57609,,NIFTY,,2025-02-27,2025-02-27,24200.0,CE,NIFTY25FEB24200CE,1.05,1.2,0.6,0.75,0.7,1.25,22547.55,0.75,1204950,-510000,75183,136462176948.75,14646,F1,75,,,,,
2025-02-25,2025-02-25,FO,NSE,IDO,57607,,NIFTY,,2025-02-27,2025-02-27,24150.0,CE,NIFTY25FEB24150CE,1.45,1.45,0.7,0.8,0.75,1.4,22547.55,0.8,388800,-57150,22836,41363465516.25,5429,F1,75,,,,,
2025-02-25,2025-02-25,FO,NSE,IDO,57595,,NIFTY,,2025-02-27,2025-02-27,23850.0,CE,NIFTY25FEB23850CE,1.8,6.55,0.85,1.0,1.05,1.6,22547.55,1.0,410475,-333525,52005,93028947315.0,12392,F1,75,,,,,
2025-02-25,2025-02-25,FO,NSE,IDO,56737,,NIFTY,,2025-02-27,2025-02-27,23450.0,CE,NIFTY25FEB23450CE,2.2,2.65,1.05,1.45,1.45,2.5,22547.55,1.45,1745325,-123225,227082,399411446246.25,44934,F1,75,,,,,
2025-02-25,2025-02-25,FO,NSE,IDO,55635,,NIFTY,,2025-02-27,2025-02-27,22900.0,CE,NIFTY25FEB22900CE,15.95,16.4,3.5,4.2,3.55,18.05,22547.55,4.2,7228125,-1221300,1234133,2120251991223.75,257050,F1,75,,,,,
2025-02-25,2025-02-25,FO,NSE,IDO,55591,,NIFTY,,2025-02-27,2025-02-27,21800.0,CE,NIFTY25FEB21800CE,809.95,846.1,779.4,805.0,805.0,811.0,22547.55,755.35,5475,-375,72,122065091.25,40,F1,75,,,,,
2025-02-25,2025-02-25,FO,NSE,IDO,55587,,NIFTY,,2025-02-27,2025-02-27,21700.0,CE,NIFTY25FEB21700CE,892.0,915.4,870.0,880.3,871.15,944.05,22547.55,880.3,8850,7425,504,853705560.0,98,F1,75,,,,,
2025-02-25,2025-02-25,FO,NSE,IDO,55573,,NIFTY,,2025-02-27,2025-02-27,21450.0,CE,NIFTY25FEB21450CE,0.0,0.0,0.0,1131.45,1131.45,1131.45,22547.55,1105.2,600,0,0,0.0,0,F1,75,,,,,
2025-02-25,2025-02-25,FO,NSE,IDO,57629,,NIFTY,,2025-02-27,2025-02-27,24700.0,CE,NIFTY25FEB24700CE,1.1,1.1,0.5,0.65,0.5,1.05,22547.55,0.65,374325,-293475,28557,52903479457.5,6366,F1,75,,,,,
2025-02-25,2025-02-25,FO,NSE,IDO,55305,,NIFTY,,2025-02-27,2025-02-27,20850.0,CE,NIFTY25FEB20850CE,0.0,0.0,0.0,3460.85,0.0,3460.85,22547.55,1704.95,0,0,0,0.0,0,F1,75,,,,,
2025-02-25,2025-02-25,FO,NSE,IDO,55313,,NIFTY,,2025-02-27,2025-02-27,21000.0,CE,NIFTY25FEB21000CE,1605.5,1615.0,1585.15,1588.5,1591.85,3318.8,22547.55,1588.5,525,525,15,25426237.5,12,F1,75,,,,,
2025-02-25,2025-02-25,FO,NSE,IDO,55565,,NIFTY,,2025-02-27,2025-02-27,21250.0,CE,NIFTY25FEB21250CE,0.0,0.0,0.0,1350.0,1350.0,1350.0,22547.55,1305.1,75,0,0,0.0,0,F1,75,,,,,
2025-02-25,2025-02-25,FO,NSE,IDO,89615,,NIFTY,,2029-06-28,2029-06-28,19000.0,PE,NIFTY29JUN19000PE,0.0,0.0,0.0,170.3,0.0,170.3,22547.55,104.55,0,0,0,0.0,0,F1,75,,,,,
2025-02-25,2025-02-25,FO,NSE,IDO,67783,,NIFTY,,2028-12-28,2028-12-28,24000.0,PE,NIFTY28DEC24000PE,0.0,0.0,0.0,914.3,914.3,914.3,22547.55,734.5,600,0,0,0.0,0,F1,75,,,,,
2025-02-25,2025-02-25,FO,NSE,IDO,53619,,NIFTY,,2027-12-30,2027-12-30,23000.0,PE,NIFTY27DEC23000PE,0.0,0.0,0.0,800.05,800.05,800.05,22547.55,621.2,1950,0,0,0.0,0,F1,75,,,,,
2025-02-25,2025-02-25,FO,NSE,IDO,53606,,NIFTY,,2027-12-30,2027-12-30,19000.0,PE,NIFTY27DEC19000PE,0.0,0.0,0.0,299.95,299.95,299.95,22547.55,99.95,525,0,0,0.0,0,F1,75,,,,,
2025-02-25,2025-02-25,FO,NSE,IDO,53595,,NIFTY,,2027-12-30,2027-12-30,15000.0,PE,NIFTY27DEC15000PE,0.0,0.0,0.0,43.05,43.05,43.05,22547.55,4.7,475,0,0,0.0,0,F1,75,,,,,
2025-02-25,2025-02-25,FO,NSE,IDO,50984,,NIFTY,,2027-06-24,2027-06-24,27000.0,PE,NIFTY27JUN27000PE,0.0,0.0,0.0,6273.45,0.0,6273.45,22547.55,2195.55,0,0,0,0.0,0,F1,75,,,,,
2025-02-25,2025-02-25,FO,NSE,IDO,71548,,NIFTY,,2027-06-24,2027-06-24,18000.0,PE,NIFTY27JUN18000PE,0.0,0.0,0.0,48.55,48.55,48.55,22547.55,46.25,25,0,0,0.0,0,F1,75,,,,,
2025-02-25,2025-02-25,FO,NSE,IDO,71502,,NIFTY,,2026-12-31,2026-12-31,24000.0,PE,NIFTY26DEC24000PE,1200.0,1200.0,1200.0,1200.0,1200.0,1265.0,22547.55,1023.4,9225,75,1,1890000.0,1,F1,75,,,,,
2025-02-25,2025-02-25,FO,NSE,IDO,58631,,NIFTY,,2026-12-31,2026-12-31,13000.0,PE,NIFTY26DEC13000PE,0.0,0.0,0.0,20.05,20.05,20.05,22547.55,0.05,2025,0,0,0.0,0,F1,75,,,,,
2025-02-25,2025-02-25,FO,NSE,IDO,58629,,NIFTY,,2026-12-31,2026-12-31,12000.0,PE,NIFTY26DEC12000PE,0.0,0.0,0.0,20.05,20.05,20.05,22547.55,0.05,1025,0,0,0.0,0,F1,75,,,,,
2025-02-25,2025-02-25,FO,NSE,IDO,71477,,NIFTY,,2026-06-25,2026-06-25,26000.0,PE,NIFTY26JUN26000PE,0.0,0.0,0.0,6709.2,0.0,6709.2,22547.55,2159.1,0,0,0,0.0,0,F1,75,,,,,
2025-02-25,2025-02-25,FO,NSE,IDO,50448,,NIFTY,,2026-06-25,2026-06-25,15000.0,PE,NIFTY26JUN15000PE,0.0,0.0,0.0,20.2,20.2,20.2,22547.55,0.45,1000,0,0,0.0,0,F1,75,,,,,
2025-02-25,2025-02-25,FO,NSE,IDO,51452,,NIFTY,,2025-12-24,2025-12-24,21000.0,PE,NIFTY25DEC21000PE,344.25,344.25,320.0,324.15,328.6,327.85,22547.55,324.15,254625,7275,323,516591348.75,243,F1,75,,,,,
2025-02-25,2025-02-25,FO,NSE,IDO,45389,,NIFTY,,2025-03-13,2025-03-13,20950.0,PE,NIFTY2531320950PE,0.0,0.0,0.0,2.15,0.0,2.15,22547.55,0.55,0,0,0,0.0,0,F1,75,,,,,
2025-02-25,2025-02-25,FO,NSE,IDO,45413,,NIFTY,,2025-03-13,2025-03-13,21450.0,PE,NIFTY2531321450PE,15.0,16.6,12.65,14.35,14.35,18.35,22547.55,14.35,4650,1500,93,149710361.25,31,F1,75,,,,,
2025-02-25,2025-02-25,FO,NSE,IDO,45452,,NIFTY,,2025-03-13,2025-03-13,22200.0,PE,NIFTY2531322200PE,107.85,111.65,76.0,85.45,88.85,100.3,22547.55,85.45,187875,143475,4455,7445383293.75,2519,F1,75,,,,,
2025-02-25,2025-02-25,FO,NSE,IDO,45524,,NIFTY,,2025-03-13,2025-03-13,23400.0,PE,NIFTY2531323400PE,735.15,735.15,735.15,735.15,735.15,719.0,22547.55,819.3,225,75,1,1810136.25,1,F1,75,,,,,
2025-02-25,2025-02-25,FO,NSE,IDO,45549,,NIFTY,,2025-03-13,2025-03-13,23950.0,PE,NIFTY2531323950PE,0.0,0.0,0.0,1054.7,1054.7,1054.7,22547.55,1338.85,75,0,0,0.0,0,F1,75,,,,,
2025-02-25,2025-02-25,FO,NSE,IDO,45555,,NIFTY,,2025-03-13,2025-03-13,24100.0,PE,NIFTY2531324100PE,1410.0,1410.0,1410.0,1410.0,1410.0,1195.05,22547.55,1486.3,300,225,4,7653000.0,2,F1,75,,,,,
2025-02-25,2025-02-25,FO,NSE,IDO,45589,,NIFTY,,2025-03-13,2025-03-13,24300.0,PE,NIFTY2531324300PE,1625.0,1625.0,1600.0,1600.0,1600.0,1387.5,22547.55,1684.3,600,525,8,15547500.0,2,F1,75,,,,,
2025-02-25,2025-02-25,FO,NSE,IDO,50114,,NIFTY,,2025-03-20,2025-03-20,21300.0,PE,NIFTY2532021300PE,20.0,21.3,18.0,18.65,18.65,20.1,22547.55,9.6,600,600,13,20786940.0,6,F1,75,,,,,
2025-02-25,2025-02-25,FO,NSE,IDO,50252,,NIFTY,,2025-03-20,2025-03-20,23650.0,PE,NIFTY2532023650PE,0.0,0.0,0.0,726.45,0.0,726.45,22547.55,1040.05,0,0,0,0.0,0,F1,75,,,,,
2025-02-25,2025-02-25,FO,NSE,IDO,50258,,NIFTY,,2025-03-20,2025-03-20,23750.0,PE,NIFTY2532023750PE,0.0,0.0,0.0,793.7,0.0,793.7,22547.55,1131.4,0,0,0,0.0,0,F1,75,,,,,
2025-02-25,2025-02-25,FO,NSE,IDO,50308,,NIFTY,,2025-03-20,2025-03-20,24600.0,PE,NIFTY2532024600PE,0.0,0.0,0.0,1468.7,0.0,1468.7,22547.55,1953.5,0,0,0,0.0,0,F1,75,,,,,
2025-02-25,2025-02-25,FO,NSE,IDO,46869,,NIFTY,,2025-03-27,2025-03-27,21350.0,PE,NIFTY25MAR21350PE,40.3,41.15,33.05,36.65,37.0,40.25,22547.55,36.65,15975,2175,240,384962448.75,89,F1,75,,,,,
2025-02-25,2025-02-25,FO,NSE,IDO,46879,,NIFTY,,2025-03-27,2025-03-27,21450.0,PE,NIFTY25MAR21450PE,42.0,43.6,39.75,42.4,43.6,47.35,22547.55,42.4,7875,-1500,53,85428693.75,31,F1,75,,,,,
2025-02-25,2025-02-25,FO,NSE,IDO,46959,,NIFTY,,2025-03-27,2025-03-27,22100.0,PE,NIFTY25MAR22100PE,125.85,148.7,120.65,126.75,132.5,136.05,22547.55,126.75,399825,36150,3427,5713134273.75,2591,F1,75,,,,,
