TradDt,BizDt,Sgmt,Src,FinInstrmTp,FinInstrmId,ISIN,TckrSymb,SctySrs,XpryDt,FininstrmActlXpryDt,StrkPric,OptnTp,FinInstrmNm,OpnPric,HghPric,LwPric,ClsPric,LastPric,PrvsClsgPric,UndrlygPric,SttlmPric,OpnIntrst,ChngInOpnIntrst,TtlTradgVol,TtlTrfVal,TtlNbOfTxsExctd,SsnId,NewBrdLotQty,Rmks,Rsvd1,Rsvd2,Rsvd3,Rsvd4
2025-02-10,2025-02-10,FO,NSE,IDO,57640,,NIFTY,,2025-02-27,2025-02-27,24950.0,PE,NIFTY25FEB24950PE,0.0,0.0,0.0,1282.4,1282.4,1282.4,23381.6,1497.2,75,0,0,0.0,0,F1,75,,,,,
2025-02-10,2025-02-10,FO,NSE,IDO,57688,,NIFTY,,2025-02-27,2025-02-27,26100.0,PE,NIFTY25FEB26100PE,0.0,0.0,0.0,2700.0,2700.0,2700.0,23381.6,2639.55,6150,0,0,0.0,0,F1,75,,,,,
2025-02-10,2025-02-10,FO,NSE,IDO,57706,,NIFTY,,2025-02-27,2025-02-27,26350.0,PE,NIFTY25FEB26350PE,0.0,0.0,0.0,2144.75,0.0,2144.75,23381.6,2888.75,0,0,0,0.0,0,F1,75,,,,,
2025-02-10,2025-02-10,FO,NSE,IDO,57709,,NIFTY,,2025-02-27,2025-02-27,26400.0,PE,NIFTY25FEB26400PE,0.0,0.0,0.0,2542.55,2542.55,2542.55,23381.6,2938.6,2100,0,0,0.0,0,F1,75,,,,,
2025-02-10,2025-02-10,FO,NSE,IDO,68406,,NIFTY,,2025-03-06,2025-03-06,21750.0,PE,NIFTY2530621750PE,0.0,0.0,0.0,52.9,0.0,52.9,23381.6,3.65,0,0,0,0.0,0,F1,75,,,,,
2025-02-10,2025-02-10,FO,NSE,IDO,68424,,NIFTY,,2025-03-06,2025-03-06,22150.0,PE,NIFTY2530622150PE,0.0,0.0,0.0,25.0,25.0,25.0,23381.6,14.75,150,0,0,0.0,0,F1,75,,,,,
2025-02-10,2025-02-10,FO,NSE,IDO,68473,,NIFTY,,2025-03-06,2025-03-06,23100.0,PE,NIFTY2530623100PE,0.0,0.0,0.0,135.0,135.0,135.0,23381.6,165.0,75,0,0,0.0,0,F1,75,,,,,
2025-02-10,2025-02-10,FO,NSE,IDO,68577,,NIFTY,,2025-03-06,2025-03-06,23550.0,PE,NIFTY2530623550PE,336.0,360.0,300.0,349.5,348.0,269.0,23381.6,349.5,150,-150,11,19701645.0,11,F1,75,,,,,
2025-02-10,2025-02-10,FO,NSE,IDO,63524,,NIFTY,,2025-02-20,2025-02-20,22950.0,CE,NIFTY2522022950CE,547.0,550.05,547.0,549.9,549.9,542.2,23381.6,522.9,600,525,10,17623203.75,4,F1,75,,,,,
2025-02-10,2025-02-10,FO,NSE,IDO,63367,,NIFTY,,2025-02-20,2025-02-20,22550.0,CE,NIFTY2522022550CE,0.0,0.0,0.0,1057.8,0.0,1057.8,23381.6,881.0,0,0,0,0.0,0,F1,75,,,,,
2025-02-10,2025-02-10,FO,NSE,IDO,55607,,NIFTY,,2025-02-27,2025-02-27,22200.0,CE,NIFTY25FEB22200CE,1285.0,1309.6,1250.0,1250.0,1250.0,1546.1,23381.6,1256.3,8250,75,3,5283345.0,3,F1,75,,,,,
2025-02-10,2025-02-10,FO,NSE,IDO,55609,,NIFTY,,2025-02-27,2025-02-27,22250.0,CE,NIFTY25FEB22250CE,1210.2,1210.2,1160.1,1160.1,1160.1,1300.0,23381.6,1208.1,6075,-75,3,5273493.75,3,F1,75,,,,,
2025-02-10,2025-02-10,FO,NSE,IDO,55641,,NIFTY,,2025-02-27,2025-02-27,23050.0,CE,NIFTY25FEB23050CE,610.0,610.0,490.0,535.85,538.65,610.0,23381.6,535.85,40425,10725,363,641771441.25,360,F1,75,,,,,
2025-02-10,2025-02-10,FO,NSE,IDO,55653,,NIFTY,,2025-02-27,2025-02-27,23350.0,CE,NIFTY25FEB23350CE,393.0,402.0,301.95,338.55,336.0,432.55,23381.6,338.55,141900,52575,4801,8526813296.25,3703,F1,75,,,,,
2025-02-10,2025-02-10,FO,NSE,IDO,63365,,NIFTY,,2025-02-20,2025-02-20,22500.0,CE,NIFTY2522022500CE,1002.9,1002.9,898.25,961.4,953.0,1040.0,23381.6,961.4,2850,1350,69,121305795.0,31,F1,75,,,,,
2025-02-10,2025-02-10,FO,NSE,IDO,63299,,NIFTY,,2025-02-20,2025-02-20,22100.0,CE,NIFTY2522022100CE,0.0,0.0,0.0,1430.05,0.0,1430.05,23381.6,1321.65,0,0,0,0.0,0,F1,75,,,,,
2025-02-10,2025-02-10,FO,NSE,IDO,63204,,NIFTY,,2025-02-20,2025-02-20,21400.0,CE,NIFTY2522021400CE,0.0,0.0,0.0,2075.5,0.0,2075.5,23381.6,2019.7,0,0,0,0.0,0,F1,75,,,,,
2025-02-10,2025-02-10,FO,NSE,IDO,63082,,NIFTY,,2025-02-20,2025-02-20,21100.0,CE,NIFTY2522021100CE,0.0,0.0,0.0,2365.7,0.0,2365.7,23381.6,2319.15,0,0,0,0.0,0,F1,75,,,,,
2025-02-10,2025-02-10,FO,NSE,IDO,51287,,NIFTY,,2025-02-13,2025-02-13,24700.0,CE,NIFTY2521324700CE,1.5,1.55,1.1,1.3,1.15,1.55,23381.6,1.3,2566575,-495750,233925,433369504050.0,45687,F1,75,,,,,
2025-02-10,2025-02-10,FO,NSE,IDO,51251,,NIFTY,,2025-02-13,2025-02-13,24000.0,CE,NIFTY2521324000CE,25.0,25.0,7.7,9.4,8.7,24.7,23381.6,9.4,12234150,3820650,1334045,2402429212848.75,343443,F1,75,,,,,
2025-02-10,2025-02-10,FO,NSE,IDO,51159,,NIFTY,,2025-02-13,2025-02-13,22400.0,CE,NIFTY2521322400CE,0.0,0.0,0.0,1270.0,1270.0,1270.0,23381.6,993.6,2175,0,0,0.0,0,F1,75,,,,,
2025-02-10,2025-02-10,FO,NSE,IDO,57583,,NIFTY,,2025-02-27,2025-02-27,23550.0,CE,NIFTY25FEB23550CE,315.0,315.0,202.35,230.25,230.0,316.4,23381.6,230.25,202650,30150,3737,6666894157.5,2551,F1,75,,,,,
2025-02-10,2025-02-10,FO,NSE,IDO,51107,,NIFTY,,2025-02-13,2025-02-13,21800.0,CE,NIFTY2521321800CE,1718.9,1718.9,1635.8,1635.8,1635.8,1958.0,23381.6,1593.25,375,75,2,3521602.5,2,F1,75,,,,,
2025-02-10,2025-02-10,FO,NSE,IDO,57597,,NIFTY,,2025-02-27,2025-02-27,23900.0,CE,NIFTY25FEB23900CE,150.3,150.3,85.2,98.4,96.55,150.3,23381.6,98.4,1022250,278850,22690,40846152071.25,14877,F1,75,,,,,
2025-02-10,2025-02-10,FO,NSE,IDO,37797,,NIFTY,,2025-12-24,2025-12-24,13000.0,PE,NIFTY25DEC13000PE,0.0,0.0,0.0,10.05,10.05,10.05,23381.6,0.05,600,0,0,0.0,0,F1,75,,,,,
2025-02-10,2025-02-10,FO,NSE,IDO,49174,,NIFTY,,2025-12-24,2025-12-24,15000.0,PE,NIFTY25DEC15000PE,20.05,20.05,20.05,20.05,20.05,20.05,23381.6,20.05,1750,225,3,3379511.25,2,F1,75,,,,,
2025-02-10,2025-02-10,FO,NSE,IDO,68583,,NIFTY,,2025-03-06,2025-03-06,23700.0,PE,NIFTY2530623700PE,400.0,426.25,390.8,420.1,422.2,349.0,23381.6,420.1,1275,75,9,16279537.5,6,F1,75,,,,,
2025-02-10,2025-02-10,FO,NSE,IDO,68591,,NIFTY,,2025-03-06,2025-03-06,23900.0,PE,NIFTY2530623900PE,0.0,0.0,0.0,799.55,0.0,799.55,23381.6,575.05,0,0,0,0.0,0,F1,75,,,,,
2025-02-10,2025-02-10,FO,NSE,IDO,68630,,NIFTY,,2025-03-06,2025-03-06,24700.0,PE,NIFTY2530624700PE,0.0,0.0,0.0,1401.35,0.0,1401.35,23381.6,1239.45,0,0,0,0.0,0,F1,75,,,,,
2025-02-10,2025-02-10,FO,NSE,IDO,68655,,NIFTY,,2025-03-06,2025-03-06,25000.0,PE,NIFTY2530625000PE,0.0,0.0,0.0,1659.5,0.0,1659.5,23381.6,1523.3,0,0,0,0.0,0,F1,75,,,,,
2025-02-10,2025-02-10,FO,NSE,IDO,68657,,NIFTY,,2025-03-06,2025-03-06,25050.0,PE,NIFTY2530625050PE,0.0,0.0,0.0,1703.8,0.0,1703.8,23381.6,1571.55,0,0,0,0.0,0,F1,75,,,,,
2025-02-10,2025-02-10,FO,NSE,IDO,45477,,NIFTY,,2025-03-13,2025-03-13,22700.0,PE,NIFTY2531322700PE,0.0,0.0,0.0,112.55,0.0,112.55,23381.6,91.7,0,0,0,0.0,0,F1,75,,,,,
2025-02-10,2025-02-10,FO,NSE,IDO,45489,,NIFTY,,2025-03-13,2025-03-13,23000.0,PE,NIFTY2531323000PE,170.0,197.1,170.0,171.0,171.0,160.0,23381.6,171.0,1350,825,20,34779660.0,18,F1,75,,,,,
2025-02-10,2025-02-10,FO,NSE,IDO,45606,,NIFTY,,2025-03-13,2025-03-13,24500.0,PE,NIFTY2531324500PE,0.0,0.0,0.0,927.1,0.0,927.1,23381.6,1054.6,0,0,0,0.0,0,F1,75,,,,,
2025-02-10,2025-02-10,FO,NSE,IDO,45618,,NIFTY,,2025-03-13,2025-03-13,24750.0,PE,NIFTY2531324750PE,0.0,0.0,0.0,1117.85,0.0,1117.85,23381.6,1274.4,0,0,0,0.0,0,F1,75,,,,,
2025-02-10,2025-02-10,FO,NSE,IDO,46975,,NIFTY,,2025-03-27,2025-03-27,22150.0,PE,NIFTY25MAR22150PE,78.0,78.0,72.75,72.75,72.75,62.5,23381.6,47.55,9450,150,2,3333806.25,2,F1,75,,,,,
2025-02-10,2025-02-10,FO,NSE,IDO,46985,,NIFTY,,2025-03-27,2025-03-27,22250.0,PE,NIFTY25MAR22250PE,93.0,93.25,86.1,87.15,87.85,80.35,23381.6,87.15,4350,1575,45,75391091.25,17,F1,75,,,,,
2025-02-10,2025-02-10,FO,NSE,IDO,46989,,NIFTY,,2025-03-27,2025-03-27,22350.0,PE,NIFTY25MAR22350PE,96.65,96.65,96.65,96.65,96.65,80.25,23381.6,96.65,3000,0,2,3366997.5,2,F1,75,,,,,
2025-02-10,2025-02-10,FO,NSE,IDO,48212,,NIFTY,,2025-03-27,2025-03-27,22850.0,PE,NIFTY25MAR22850PE,173.8,194.55,173.8,187.5,187.5,155.25,23381.6,167.8,7125,375,18,31099747.5,12,F1,75,,,,,
2025-02-10,2025-02-10,FO,NSE,IDO,38377,,NIFTY,,2025-12-24,2025-12-24,20000.0,PE,NIFTY25DEC20000PE,177.0,192.0,176.0,184.55,184.05,175.6,23381.6,184.55,251300,-375,467,706948950.0,384,F1,75,,,,,
2025-02-10,2025-02-10,FO,NSE,IDO,58639,,NIFTY,,2026-12-31,2026-12-31,17000.0,PE,NIFTY26DEC17000PE,0.0,0.0,0.0,97.05,97.05,97.05,23381.6,9.9,2850,0,0,0.0,0,F1,75,,,,,
2025-02-10,2025-02-10,FO,NSE,IDO,58643,,NIFTY,,2026-12-31,2026-12-31,19000.0,PE,NIFTY26DEC19000PE,0.0,0.0,0.0,203.0,203.0,203.0,23381.6,54.5,2325,0,0,0.0,0,F1,75,,,,,
2025-02-10,2025-02-10,FO,NSE,IDO,53635,,NIFTY,,2027-12-30,2027-12-30,28000.0,PE,NIFTY27DEC28000PE,0.0,0.0,0.0,4251.0,0.0,4251.0,23381.6,2039.65,0,0,0,0.0,0,F1,75,,,,,
2025-02-10,2025-02-10,FO,NSE,IDO,89635,,NIFTY,,2029-06-28,2029-06-28,26000.0,PE,NIFTY29JUN26000PE,0.0,0.0,0.0,1391.75,1391.75,1391.75,23381.6,958.75,25,0,0,0.0,0,F1,75,,,,,
2025-02-10,2025-02-10,FO,NSE,IDO,64689,,NIFTY,,2025-09-25,2025-09-25,22000.0,PE,NIFTY25SEP22000PE,290.0,333.0,275.0,305.05,303.35,280.0,23381.6,305.05,2025,1500,30,50178566.25,25,F1,75,,,,,
2025-02-10,2025-02-10,FO,NSE,IDO,37794,,NIFTY,,2025-06-26,2025-06-26,23000.0,PE,NIFTY25JUN23000PE,380.0,420.55,378.0,399.15,402.0,363.6,23381.6,399.15,857975,4925,2035,3572061243.75,1708,F1,75,,,,,
2025-02-10,2025-02-10,FO,NSE,IDO,55640,,NIFTY,,2025-02-27,2025-02-27,23000.0,PE,NIFTY25FEB23000PE,90.65,135.9,87.55,115.4,116.8,87.5,23381.6,115.4,6063150,-451050,60665,105185976697.5,36216,F1,75,,,,,
2025-02-10,2025-02-10,FO,NSE,IDO,55642,,NIFTY,,2025-02-27,2025-02-27,23050.0,PE,NIFTY25FEB23050PE,103.0,149.55,103.0,127.9,128.95,96.05,23381.6,127.9,127725,16650,2311,4017837431.25,1707,F1,75,,,,,
2025-02-10,2025-02-10,FO,NSE,IDO,57590,,NIFTY,,2025-02-27,2025-02-27,23700.0,PE,NIFTY25FEB23700PE,325.55,450.0,325.55,401.1,399.8,315.85,23381.6,401.1,1324875,-29850,7300,13194888483.75,4446,F1,75,,,,,
2025-02-10,2025-02-10,FO,NSE,IDO,57610,,NIFTY,,2025-02-27,2025-02-27,24200.0,PE,NIFTY25FEB24200PE,693.55,837.0,689.5,772.1,773.5,655.55,23381.6,772.1,291225,2625,575,1076413443.75,308,F1,75,,,,,
2025-02-10,2025-02-10,FO,NSE,IDO,57612,,NIFTY,,2025-02-27,2025-02-27,24250.0,PE,NIFTY25FEB24250PE,752.3,856.0,752.3,820.05,819.8,679.65,23381.6,820.05,10200,-450,8,15044527.5,6,F1,75,,,,,
2025-02-10,2025-02-10,FO,NSE,IDO,57644,,NIFTY,,2025-02-27,2025-02-27,25000.0,PE,NIFTY25FEB25000PE,1449.95,1600.0,1442.0,1531.4,1535.0,1380.35,23381.6,1531.4,1168275,15000,521,1037018077.5,406,F1,75,,,,,
2025-02-10,2025-02-10,FO,NSE,IDO,57654,,NIFTY,,2025-02-27,2025-02-27,25250.0,PE,NIFTY25FEB25250PE,0.0,0.0,0.0,1400.0,1400.0,1400.0,23381.6,1793.35,900,0,0,0.0,0,F1,75,,,,,
2025-02-10,2025-02-10,FO,NSE,IDO,57658,,NIFTY,,2025-02-27,2025-02-27,25350.0,PE,NIFTY25FEB25350PE,0.0,0.0,0.0,1382.1,0.0,1382.1,23381.6,1892.6,0,0,0,0.0,0,F1,75,,,,,
2025-02-10,2025-02-10,FO,NSE,IDO,57666,,NIFTY,,2025-02-27,2025-02-27,25550.0,PE,NIFTY25FEB25550PE,0.0,0.0,0.0,2450.0,2450.0,2450.0,23381.6,2091.5,150,0,0,0.0,0,F1,75,,,,,
2025-02-10,2025-02-10,FO,NSE,IDO,57698,,NIFTY,,2025-02-27,2025-02-27,26200.0,PE,NIFTY25FEB26200PE,2750.0,2770.0,2750.0,2770.0,2770.0,2590.0,23381.6,2739.2,29325,750,10,21714000.0,3,F1,75,,,,,
2025-02-10,2025-02-10,FO,NSE,IDO,68475,,NIFTY,,2025-03-06,2025-03-06,23150.0,PE,NIFTY2530623150PE,0.0,0.0,0.0,392.05,0.0,392.05,23381.6,181.7,0,0,0,0.0,0,F1,75,,,,,
2025-02-10,2025-02-10,FO,NSE,IDO,61915,,NIFTY,,2029-12-27,2029-12-27,29000.0,PE,NIFTY29DEC29000PE,0.0,0.0,0.0,1669.2,0.0,1669.2,23381.6,1652.7,0,0,0,0.0,0,F1,75,,,,,
2025-02-10,2025-02-10,FO,NSE,IDO,61391,,NIFTY,,2029-12-27,2029-12-27,18000.0,PE,NIFTY29DEC18000PE,0.0,0.0,0.0,96.5,0.0,96.5,23381.6,50.95,0,0,0,0.0,0,F1,75,,,,,
2025-02-10,2025-02-10,FO,NSE,IDO,67785,,NIFTY,,2028-12-28,2028-12-28,25000.0,PE,NIFTY28DEC25000PE,0.0,0.0,0.0,1299.0,1299.0,1299.0,23381.6,807.25,450,0,0,0.0,0,F1,75,,,,,
2025-02-10,2025-02-10,FO,NSE,IDO,67779,,NIFTY,,2028-12-28,2028-12-28,22000.0,PE,NIFTY28DEC22000PE,0.0,0.0,0.0,521.3,521.3,521.3,23381.6,308.8,225,0,0,0.0,0,F1,75,,,,,
2025-02-10,2025-02-10,FO,NSE,IDO,86142,,NIFTY,,2028-06-29,2028-06-29,19000.0,PE,NIFTY28JUN19000PE,0.0,0.0,0.0,537.45,0.0,537.45,23381.6,80.3,0,0,0,0.0,0,F1,75,,,,,
2025-02-10,2025-02-10,FO,NSE,IDO,58647,,NIFTY,,2026-12-31,2026-12-31,21000.0,PE,NIFTY26DEC21000PE,0.0,0.0,0.0,449.95,449.95,449.95,23381.6,197.7,1475,0,0,0.0,0,F1,75,,,,,
2025-02-10,2025-02-10,FO,NSE,IDO,37802,,NIFTY,,2026-06-25,2026-06-25,13000.0,PE,NIFTY26JUN13000PE,0.0,0.0,0.0,21.6,21.6,21.6,23381.6,0.05,200,0,0,0.0,0,F1,75,,,,,
2025-02-10,2025-02-10,FO,NSE,IDO,71380,,NIFTY,,2025-06-26,2025-06-26,24000.0,PE,NIFTY25JUN24000PE,703.7,788.45,703.7,756.75,756.0,686.1,23381.6,756.75,652725,-3525,1297,2407807192.5,1135,F1,75,,,,,
2025-02-10,2025-02-10,FO,NSE,IDO,79732,,NIFTY,,2025-04-24,2025-04-24,25150.0,PE,NIFTY25APR25150PE,0.0,0.0,0.0,1706.25,0.0,1706.25,23381.6,1565.95,0,0,0,0.0,0,F1,75,,,,,
2025-02-10,2025-02-10,FO,NSE,IDO,79675,,NIFTY,,2025-04-24,2025-04-24,24800.0,PE,NIFTY25APR24800PE,0.0,0.0,0.0,1007.75,1007.75,1007.75,23381.6,1283.55,150,0,0,0.0,0,F1,75,,,,,
2025-02-10,2025-02-10,FO,NSE,IDO,79506,,NIFTY,,2025-04-24,2025-04-24,23600.0,PE,NIFTY25APR23600PE,487.65,502.9,481.0,502.9,502.9,426.0,23381.6,519.05,975,675,13,23486253.75,8,F1,75,,,,,
2025-02-10,2025-02-10,FO,NSE,IDO,79502,,NIFTY,,2025-04-24,2025-04-24,23500.0,PE,NIFTY25APR23500PE,409.85,468.85,406.95,435.8,436.7,391.0,23381.6,435.8,123000,20775,1483,2663254833.75,1266,F1,75,,,,,
2025-02-10,2025-02-10,FO,NSE,IDO,79443,,NIFTY,,2025-04-24,2025-04-24,23250.0,PE,NIFTY25APR23250PE,0.0,0.0,0.0,535.5,0.0,535.5,23381.6,367.5,0,0,0,0.0,0,F1,75,,,,,
2025-02-10,2025-02-10,FO,NSE,IDO,79267,,NIFTY,,2025-04-24,2025-04-24,21750.0,PE,NIFTY25APR21750PE,0.0,0.0,0.0,124.1,0.0,124.1,23381.6,47.85,0,0,0,0.0,0,F1,75,,,,,
2025-02-10,2025-02-10,FO,NSE,IDO,79265,,NIFTY,,2025-04-24,2025-04-24,21700.0,PE,NIFTY25APR21700PE,0.0,0.0,0.0,116.95,0.0,116.95,23381.6,43.9,0,0,0,0.0,0,F1,75,,,,,
2025-02-10,2025-02-10,FO,NSE,IDO,64579,,NIFTY,,2025-03-27,2025-03-27,28000.0,PE,NIFTY25MAR28000PE,4234.4,4364.65,4223.25,4321.7,4323.25,4169.8,23381.6,4321.7,260200,750,24,58116843.75,20,F1,75,,,,,
2025-02-10,2025-02-10,FO,NSE,IDO,58784,,NIFTY,,2025-03-27,2025-03-27,25800.0,PE,NIFTY25MAR25800PE,0.0,0.0,0.0,1840.0,1840.0,1840.0,23381.6,2224.95,225,0,0,0.0,0,F1,75,,,,,
2025-02-10,2025-02-10,FO,NSE,IDO,56883,,NIFTY,,2025-03-27,2025-03-27,25450.0,PE,NIFTY25MAR25450PE,0.0,0.0,0.0,1560.7,0.0,1560.7,23381.6,1890.65,0,0,0,0.0,0,F1,75,,,,,
2025-02-10,2025-02-10,FO,NSE,IDO,56573,,NIFTY,,2025-03-27,2025-03-27,24950.0,PE,NIFTY25MAR24950PE,0.0,0.0,0.0,1212.6,0.0,1212.6,23381.6,1432.8,0,0,0,0.0,0,F1,75,,,,,
2025-02-10,2025-02-10,FO,NSE,IDO,53847,,NIFTY,,2025-03-27,2025-03-27,23750.0,PE,NIFTY25MAR23750PE,468.5,543.3,468.5,510.75,510.75,424.95,23381.6,510.75,8175,-375,45,81894626.25,30,F1,75,,,,,
2025-02-10,2025-02-10,FO,NSE,IDO,51121,,NIFTY,,2025-03-27,2025-03-27,23350.0,PE,NIFTY25MAR23350PE,316.6,363.95,316.2,335.65,337.6,279.25,23381.6,335.65,21150,825,63,111955563.75,45,F1,75,,,,,
2025-02-10,2025-02-10,FO,NSE,IDO,64565,,NIFTY,,2025-03-27,2025-03-27,23000.0,PE,NIFTY25MAR23000PE,203.85,246.75,197.15,225.1,228.5,187.75,23381.6,225.1,2515350,23400,13327,23219263725.0,7092,F1,75,,,,,
2025-02-10,2025-02-10,FO,NSE,IDO,51089,,NIFTY,,2025-02-13,2025-02-13,21450.0,CE,NIFTY2521321450CE,0.0,0.0,0.0,2237.0,0.0,2237.0,23381.6,1943.05,0,0,0,0.0,0,F1,75,,,,,
2025-02-10,2025-02-10,FO,NSE,IDO,51105,,NIFTY,,2025-02-13,2025-02-13,21750.0,CE,NIFTY2521321750CE,0.0,0.0,0.0,1949.85,0.0,1949.85,23381.6,1643.2,0,0,0,0.0,0,F1,75,,,,,
2025-02-10,2025-02-10,FO,NSE,IDO,51109,,NIFTY,,2025-02-13,2025-02-13,21850.0,CE,NIFTY2521321850CE,0.0,0.0,0.0,1855.75,0.0,1855.75,23381.6,1543.25,0,0,0,0.0,0,F1,75,,,,,
2025-02-10,2025-02-10,FO,NSE,IDO,51145,,NIFTY,,2025-02-13,2025-02-13,22200.0,CE,NIFTY2521322200CE,0.0,0.0,0.0,1439.35,1439.35,1439.35,23381.6,1193.45,2775,0,0,0.0,0,F1,75,,,,,
2025-02-10,2025-02-10,FO,NSE,IDO,51275,,NIFTY,,2025-02-13,2025-02-13,24450.0,CE,NIFTY2521324450CE,2.9,2.95,1.55,1.7,1.6,2.95,23381.6,1.7,1564350,-70275,233280,427810558968.75,59599,F1,75,,,,,
2025-02-10,2025-02-10,FO,NSE,IDO,51289,,NIFTY,,2025-02-13,2025-02-13,24750.0,CE,NIFTY2521324750CE,1.5,1.75,1.1,1.3,1.2,1.5,23381.6,1.3,710625,-32850,75276,139738409167.5,19576,F1,75,,,,,
2025-02-10,2025-02-10,FO,NSE,IDO,51299,,NIFTY,,2025-02-13,2025-02-13,24950.0,CE,NIFTY2521324950CE,1.25,1.35,1.0,1.15,1.05,1.25,23381.6,1.15,347100,46125,61459,115010450636.25,19283,F1,75,,,,,
2025-02-10,2025-02-10,FO,NSE,IDO,63094,,NIFTY,,2025-02-20,2025-02-20,21200.0,CE,NIFTY2522021200CE,0.0,0.0,0.0,2268.4,0.0,2268.4,23381.6,2219.3,0,0,0,0.0,0,F1,75,,,,,
2025-02-10,2025-02-10,FO,NSE,IDO,63131,,NIFTY,,2025-02-20,2025-02-20,21300.0,CE,NIFTY2522021300CE,0.0,0.0,0.0,2171.65,0.0,2171.65,23381.6,2119.5,0,0,0,0.0,0,F1,75,,,,,
2025-02-10,2025-02-10,FO,NSE,IDO,63269,,NIFTY,,2025-02-20,2025-02-20,21750.0,CE,NIFTY2522021750CE,0.0,0.0,0.0,1745.4,0.0,1745.4,23381.6,1670.35,0,0,0,0.0,0,F1,75,,,,,
2025-02-10,2025-02-10,FO,NSE,IDO,63283,,NIFTY,,2025-02-20,2025-02-20,21900.0,CE,NIFTY2522021900CE,0.0,0.0,0.0,1608.05,0.0,1608.05,23381.6,1520.75,0,0,0,0.0,0,F1,75,,,,,
2025-02-10,2025-02-10,FO,NSE,IDO,63289,,NIFTY,,2025-02-20,2025-02-20,22000.0,CE,NIFTY2522022000CE,0.0,0.0,0.0,1518.25,0.0,1518.25,23381.6,1421.1,0,0,0,0.0,0,F1,75,,,,,
2025-02-10,2025-02-10,FO,NSE,IDO,63438,,NIFTY,,2025-02-20,2025-02-20,22750.0,CE,NIFTY2522022750CE,0.0,0.0,0.0,685.0,685.0,685.0,23381.6,695.15,0,0,0,0.0,0,F1,75,,,,,
2025-02-10,2025-02-10,FO,NSE,IDO,63489,,NIFTY,,2025-02-20,2025-02-20,22800.0,CE,NIFTY2522022800CE,773.35,773.35,632.0,678.6,681.45,827.15,23381.6,678.6,7725,1875,95,167282883.75,67,F1,75,,,,,
2025-02-10,2025-02-10,FO,NSE,IDO,63534,,NIFTY,,2025-02-20,2025-02-20,23100.0,CE,NIFTY2522023100CE,510.0,510.0,387.9,436.95,434.75,556.95,23381.6,436.95,28650,22275,940,1658181502.5,829,F1,75,,,,,
2025-02-10,2025-02-10,FO,NSE,IDO,63616,,NIFTY,,2025-02-20,2025-02-20,23350.0,CE,NIFTY2522023350CE,345.85,345.9,233.75,268.8,267.75,373.9,23381.6,268.8,63900,47325,6592,11674965168.75,4389,F1,75,,,,,
2025-02-10,2025-02-10,FO,NSE,IDO,63640,,NIFTY,,2025-02-20,2025-02-20,23600.0,CE,NIFTY2522023600CE,205.3,216.5,122.3,144.55,143.0,223.35,23381.6,144.55,564900,96375,26601,47393055232.5,15762,F1,75,,,,,
2025-02-10,2025-02-10,FO,NSE,IDO,63670,,NIFTY,,2025-02-20,2025-02-20,23750.0,CE,NIFTY2522023750CE,141.75,144.75,78.6,93.55,88.5,154.1,23381.6,93.55,93900,33525,8440,15096700155.0,5563,F1,75,,,,,
2025-02-10,2025-02-10,FO,NSE,IDO,63680,,NIFTY,,2025-02-20,2025-02-20,23950.0,CE,NIFTY2522023950CE,88.0,88.0,40.0,48.4,49.95,85.7,23381.6,48.4,120975,90600,7815,14067540416.25,4893,F1,75,,,,,
2025-02-10,2025-02-10,FO,NSE,IDO,63724,,NIFTY,,2025-02-20,2025-02-20,24600.0,CE,NIFTY2522024600CE,9.3,9.3,4.7,5.1,5.4,9.25,23381.6,5.1,274575,9600,9844,18166404840.0,5102,F1,75,,,,,
2025-02-10,2025-02-10,FO,NSE,IDO,63792,,NIFTY,,2025-02-20,2025-02-20,24750.0,CE,NIFTY2522024750CE,6.6,6.6,3.4,3.55,3.65,6.25,23381.6,3.55,34725,23175,916,1700590001.25,367,F1,75,,,,,
2025-02-10,2025-02-10,FO,NSE,IDO,55571,,NIFTY,,2025-02-27,2025-02-27,21400.0,CE,NIFTY25FEB21400CE,0.0,0.0,0.0,2100.0,2100.0,2100.0,23381.6,2046.45,300,0,0,0.0,0,F1,75,,,,,
2025-02-10,2025-02-10,FO,NSE,IDO,55603,,NIFTY,,2025-02-27,2025-02-27,22100.0,CE,NIFTY25FEB22100CE,1346.4,1380.0,1346.4,1363.2,1380.0,1571.85,23381.6,1363.2,1575,75,2,3519480.0,2,F1,75,,,,,
2025-02-10,2025-02-10,FO,NSE,IDO,55619,,NIFTY,,2025-02-27,2025-02-27,22500.0,CE,NIFTY25FEB22500CE,1103.0,1103.0,937.45,998.9,994.8,1143.6,23381.6,998.9,342000,4800,1020,1797115492.5,567,F1,75,,,,,
2025-02-10,2025-02-10,FO,NSE,IDO,55621,,NIFTY,,2025-02-27,2025-02-27,22550.0,CE,NIFTY25FEB22550CE,1014.25,1014.25,948.4,948.4,948.4,892.9,23381.6,927.1,3150,75,3,5297017.5,3,F1,75,,,,,
2025-02-10,2025-02-10,FO,NSE,IDO,55629,,NIFTY,,2025-02-27,2025-02-27,22750.0,CE,NIFTY25FEB22750CE,800.0,800.0,769.0,769.95,771.3,1048.25,23381.6,769.95,9375,150,5,8822160.0,4,F1,75,,,,,
2025-02-10,2025-02-10,FO,NSE,IDO,55631,,NIFTY,,2025-02-27,2025-02-27,22800.0,CE,NIFTY25FEB22800CE,805.75,814.0,680.0,735.55,731.35,874.7,23381.6,735.55,137850,9900,456,804540127.5,297,F1,75,,,,,
2025-02-10,2025-02-10,FO,NSE,IDO,57625,,NIFTY,,2025-02-27,2025-02-27,24600.0,CE,NIFTY25FEB24600CE,20.15,20.8,11.7,12.9,13.25,20.1,23381.6,12.9,765450,43200,16234,29968590390.0,8537,F1,75,,,,,
2025-02-10,2025-02-10,FO,NSE,IDO,57633,,NIFTY,,2025-02-27,2025-02-27,24800.0,CE,NIFTY25FEB24800CE,11.2,11.35,8.2,8.75,9.1,12.15,23381.6,8.75,747450,-68250,10711,19929968130.0,5142,F1,75,,,,,
2025-02-10,2025-02-10,FO,NSE,IDO,57685,,NIFTY,,2025-02-27,2025-02-27,26050.0,CE,NIFTY25FEB26050CE,4.0,4.0,3.0,3.1,3.0,3.8,23381.6,3.1,17100,-1500,103,201260662.5,84,F1,75,,,,,
2025-02-10,2025-02-10,FO,NSE,IDO,57689,,NIFTY,,2025-02-27,2025-02-27,26150.0,CE,NIFTY25FEB26150CE,3.8,3.8,2.85,3.2,3.2,3.25,23381.6,0.05,6375,600,23,45114262.5,18,F1,75,,,,,
2025-02-10,2025-02-10,FO,NSE,IDO,68378,,NIFTY,,2025-03-06,2025-03-06,21200.0,CE,NIFTY2530621200CE,0.0,0.0,0.0,2200.65,0.0,2200.65,23381.6,2272.35,0,0,0,0.0,0,F1,75,,,,,
2025-02-10,2025-02-10,FO,NSE,IDO,68399,,NIFTY,,2025-03-06,2025-03-06,21600.0,CE,NIFTY2530621600CE,0.0,0.0,0.0,1826.3,0.0,1826.3,23381.6,1875.7,0,0,0,0.0,0,F1,75,,,,,
2025-02-10,2025-02-10,FO,NSE,IDO,68405,,NIFTY,,2025-03-06,2025-03-06,21750.0,CE,NIFTY2530621750CE,0.0,0.0,0.0,1690.45,0.0,1690.45,23381.6,1728.0,0,0,0,0.0,0,F1,75,,,,,
2025-02-10,2025-02-10,FO,NSE,IDO,46929,,NIFTY,,2025-03-27,2025-03-27,21900.0,PE,NIFTY25MAR21900PE,50.0,60.4,47.55,54.45,55.0,44.85,23381.6,54.45,131100,17925,1311,2158853478.75,494,F1,75,,,,,
2025-02-10,2025-02-10,FO,NSE,IDO,68423,,NIFTY,,2025-03-06,2025-03-06,22150.0,CE,NIFTY2530622150CE,0.0,0.0,0.0,1345.1,0.0,1345.1,23381.6,1340.8,0,0,0,0.0,0,F1,75,,,,,
2025-02-10,2025-02-10,FO,NSE,IDO,68425,,NIFTY,,2025-03-06,2025-03-06,22200.0,CE,NIFTY2530622200CE,0.0,0.0,0.0,1304.0,0.0,1304.0,23381.6,1293.55,0,0,0,0.0,0,F1,75,,,,,
2025-02-10,2025-02-10,FO,NSE,IDO,68454,,NIFTY,,2025-03-06,2025-03-06,22700.0,CE,NIFTY2530622700CE,0.0,0.0,0.0,924.55,0.0,924.55,23381.6,847.2,0,0,0,0.0,0,F1,75,,,,,
2025-02-10,2025-02-10,FO,NSE,IDO,68466,,NIFTY,,2025-03-06,2025-03-06,22950.0,CE,NIFTY2530622950CE,0.0,0.0,0.0,759.8,0.0,759.8,23381.6,651.0,0,0,0,0.0,0,F1,75,,,,,
2025-02-10,2025-02-10,FO,NSE,IDO,68472,,NIFTY,,2025-03-06,2025-03-06,23100.0,CE,NIFTY2530623100CE,899.0,899.0,534.9,578.9,578.9,877.1,23381.6,545.15,1650,525,12,21427260.0,8,F1,75,,,,,
2025-02-10,2025-02-10,FO,NSE,IDO,68478,,NIFTY,,2025-03-06,2025-03-06,23250.0,CE,NIFTY2530623250CE,0.0,0.0,0.0,572.0,572.0,572.0,23381.6,449.3,150,0,0,0.0,0,F1,75,,,,,
2025-02-10,2025-02-10,FO,NSE,IDO,68488,,NIFTY,,2025-03-06,2025-03-06,23450.0,CE,NIFTY2530623450CE,422.9,422.9,337.1,360.05,358.6,445.15,23381.6,360.05,5400,4125,141,251902826.25,81,F1,75,,,,,
2025-02-10,2025-02-10,FO,NSE,IDO,68604,,NIFTY,,2025-03-06,2025-03-06,24250.0,CE,NIFTY2530624250CE,100.0,105.0,66.0,66.0,66.0,100.0,23381.6,77.85,675,450,9,16426556.25,8,F1,75,,,,,
2025-02-10,2025-02-10,FO,NSE,IDO,68872,,NIFTY,,2025-03-06,2025-03-06,25500.0,CE,NIFTY2530625500CE,7.6,7.95,6.0,6.2,6.0,7.6,23381.6,6.2,11025,2925,121,231471978.75,64,F1,75,,,,,
2025-02-10,2025-02-10,FO,NSE,IDO,45442,,NIFTY,,2025-03-13,2025-03-13,22050.0,CE,NIFTY2531322050CE,0.0,0.0,0.0,1740.45,0.0,1740.45,23381.6,1472.1,0,0,0,0.0,0,F1,75,,,,,
2025-02-10,2025-02-10,FO,NSE,IDO,45523,,NIFTY,,2025-03-13,2025-03-13,23400.0,CE,NIFTY2531323400CE,0.0,0.0,0.0,525.8,525.8,525.8,23381.6,423.4,75,0,0,0.0,0,F1,75,,,,,
2025-02-10,2025-02-10,FO,NSE,IDO,45531,,NIFTY,,2025-03-13,2025-03-13,23550.0,CE,NIFTY2531323550CE,0.0,0.0,0.0,586.2,0.0,586.2,23381.6,347.65,0,0,0,0.0,0,F1,75,,,,,
2025-02-10,2025-02-10,FO,NSE,IDO,46928,,NIFTY,,2025-03-27,2025-03-27,21900.0,CE,NIFTY25MAR21900CE,0.0,0.0,0.0,2020.0,2020.0,2020.0,23381.6,1684.1,0,0,0,0.0,0,F1,75,,,,,
2025-02-10,2025-02-10,FO,NSE,IDO,46951,,NIFTY,,2025-03-27,2025-03-27,22050.0,CE,NIFTY25MAR22050CE,0.0,0.0,0.0,2215.8,0.0,2215.8,23381.6,1546.15,0,0,0,0.0,0,F1,75,,,,,
2025-02-10,2025-02-10,FO,NSE,IDO,47042,,NIFTY,,2025-03-27,2025-03-27,22800.0,CE,NIFTY25MAR22800CE,1047.35,1054.0,933.85,986.75,986.75,1066.9,23381.6,986.75,18825,-1650,224,399327708.75,85,F1,75,,,,,
2025-02-10,2025-02-10,FO,NSE,IDO,48217,,NIFTY,,2025-03-27,2025-03-27,22900.0,CE,NIFTY25MAR22900CE,921.2,921.2,862.5,898.45,887.8,963.0,23381.6,898.45,11325,-1050,203,362205806.25,69,F1,75,,,,,
2025-02-10,2025-02-10,FO,NSE,IDO,49834,,NIFTY,,2025-03-27,2025-03-27,23250.0,CE,NIFTY25MAR23250CE,0.0,0.0,0.0,707.15,707.15,707.15,23381.6,615.15,8625,0,0,0.0,0,F1,75,,,,,
2025-02-10,2025-02-10,FO,NSE,IDO,51122,,NIFTY,,2025-03-27,2025-03-27,23400.0,CE,NIFTY25MAR23400CE,625.7,625.7,529.45,565.2,562.55,657.15,23381.6,565.2,77325,18600,898,1613719646.25,734,F1,75,,,,,
2025-02-10,2025-02-10,FO,NSE,IDO,56534,,NIFTY,,2025-03-27,2025-03-27,24650.0,CE,NIFTY25MAR24650CE,118.25,118.25,83.7,88.85,89.45,118.25,23381.6,88.85,4800,150,97,180000082.5,35,F1,75,,,,,
2025-02-10,2025-02-10,FO,NSE,IDO,56566,,NIFTY,,2025-03-27,2025-03-27,24850.0,CE,NIFTY25MAR24850CE,62.15,64.7,62.1,62.8,64.7,81.85,23381.6,62.8,5100,75,4,7473828.75,4,F1,75,,,,,
2025-02-10,2025-02-10,FO,NSE,IDO,56868,,NIFTY,,2025-03-27,2025-03-27,25100.0,CE,NIFTY25MAR25100CE,47.95,49.6,38.0,39.9,40.4,51.85,23381.6,39.9,51600,15975,777,1465107828.75,274,F1,75,,,,,
2025-02-10,2025-02-10,FO,NSE,IDO,56890,,NIFTY,,2025-03-27,2025-03-27,25650.0,CE,NIFTY25MAR25650CE,18.45,18.45,18.45,18.45,18.45,23.8,23381.6,17.0,6075,0,1,1925133.75,1,F1,75,,,,,
2025-02-10,2025-02-10,FO,NSE,IDO,58793,,NIFTY,,2025-03-27,2025-03-27,25900.0,CE,NIFTY25MAR25900CE,0.0,0.0,0.0,17.35,17.75,17.35,23381.6,10.05,11325,0,0,0.0,0,F1,75,,,,,
2025-02-10,2025-02-10,FO,NSE,IDO,64584,,NIFTY,,2025-03-27,2025-03-27,30000.0,CE,NIFTY25MAR30000CE,5.9,6.0,5.4,5.7,5.9,5.9,23381.6,5.7,268525,39325,1033,2324701301.25,182,F1,75,,,,,
2025-02-10,2025-02-10,FO,NSE,IDO,79266,,NIFTY,,2025-04-24,2025-04-24,21750.0,CE,NIFTY25APR21750CE,0.0,0.0,0.0,1985.45,0.0,1985.45,23381.6,1960.35,0,0,0,0.0,0,F1,75,,,,,
2025-02-10,2025-02-10,FO,NSE,IDO,79370,,NIFTY,,2025-04-24,2025-04-24,22200.0,CE,NIFTY25APR22200CE,0.0,0.0,0.0,1624.0,0.0,1624.0,23381.6,1566.5,0,0,0,0.0,0,F1,75,,,,,
2025-02-10,2025-02-10,FO,NSE,IDO,79434,,NIFTY,,2025-04-24,2025-04-24,23050.0,CE,NIFTY25APR23050CE,1028.15,1028.15,945.7,945.7,945.7,1038.3,23381.6,925.15,0,0,2,3605538.75,2,F1,75,,,,,
2025-02-10,2025-02-10,FO,NSE,IDO,79436,,NIFTY,,2025-04-24,2025-04-24,23100.0,CE,NIFTY25APR23100CE,1005.0,1005.0,1005.0,1005.0,1005.0,1030.0,23381.6,892.7,7350,0,1,1807875.0,1,F1,75,,,,,
2025-02-10,2025-02-10,FO,NSE,IDO,79503,,NIFTY,,2025-04-24,2025-04-24,23550.0,CE,NIFTY25APR23550CE,0.0,0.0,0.0,763.2,0.0,763.2,23381.6,631.1,0,0,0,0.0,0,F1,75,,,,,
2025-02-10,2025-02-10,FO,NSE,IDO,79608,,NIFTY,,2025-04-24,2025-04-24,24200.0,CE,NIFTY25APR24200CE,370.0,370.0,336.0,350.25,353.45,400.0,23381.6,350.25,3975,3750,80,147285877.5,43,F1,75,,,,,
2025-02-10,2025-02-10,FO,NSE,IDO,79646,,NIFTY,,2025-04-24,2025-04-24,24650.0,CE,NIFTY25APR24650CE,0.0,0.0,0.0,298.5,298.5,298.5,23381.6,219.4,2325,0,0,0.0,0,F1,75,,,,,
2025-02-10,2025-02-10,FO,NSE,IDO,79727,,NIFTY,,2025-04-24,2025-04-24,25050.0,CE,NIFTY25APR25050CE,0.0,0.0,0.0,244.65,0.0,244.65,23381.6,138.3,0,0,0,0.0,0,F1,75,,,,,
2025-02-10,2025-02-10,FO,NSE,IDO,64684,,NIFTY,,2025-09-25,2025-09-25,20000.0,CE,NIFTY25SEP20000CE,0.0,0.0,0.0,7643.1,0.0,7643.1,23381.6,4202.3,0,0,0,0.0,0,F1,75,,,,,
2025-02-10,2025-02-10,FO,NSE,IDO,64688,,NIFTY,,2025-09-25,2025-09-25,22000.0,CE,NIFTY25SEP22000CE,0.0,0.0,0.0,5865.75,0.0,5865.75,23381.6,2468.0,0,0,0,0.0,0,F1,75,,,,,
2025-02-10,2025-02-10,FO,NSE,IDO,64690,,NIFTY,,2025-09-25,2025-09-25,23000.0,CE,NIFTY25SEP23000CE,0.0,0.0,0.0,5026.1,0.0,5026.1,23381.6,1744.7,0,0,0,0.0,0,F1,75,,,,,
2025-02-10,2025-02-10,FO,NSE,IDO,64700,,NIFTY,,2025-09-25,2025-09-25,28000.0,CE,NIFTY25SEP28000CE,0.0,0.0,0.0,1788.2,0.0,1788.2,23381.6,117.3,0,0,0,0.0,0,F1,75,,,,,
2025-02-10,2025-02-10,FO,NSE,IDO,42129,,NIFTY,,2025-12-24,2025-12-24,31000.0,CE,NIFTY25DEC31000CE,56.0,56.0,50.55,53.95,53.95,57.9,23381.6,47.35,24600,-75,8,18632145.0,8,F1,75,,,,,
2025-02-10,2025-02-10,FO,NSE,IDO,50973,,NIFTY,,2026-06-25,2026-06-25,27000.0,CE,NIFTY26JUN27000CE,0.0,0.0,0.0,1352.8,0.0,1352.8,23381.6,942.65,0,0,0,0.0,0,F1,75,,,,,
2025-02-10,2025-02-10,FO,NSE,IDO,71503,,NIFTY,,2026-12-31,2026-12-31,25000.0,CE,NIFTY26DEC25000CE,2540.0,2540.0,2540.0,2540.0,2540.0,2550.0,23381.6,2387.7,4475,75,1,2065500.0,1,F1,75,,,,,
2025-02-10,2025-02-10,FO,NSE,IDO,71505,,NIFTY,,2026-12-31,2026-12-31,26000.0,CE,NIFTY26DEC26000CE,0.0,0.0,0.0,1631.05,0.0,1631.05,23381.6,1909.6,0,0,0,0.0,0,F1,75,,,,,
2025-02-10,2025-02-10,FO,NSE,IDO,71547,,NIFTY,,2027-06-24,2027-06-24,18000.0,CE,NIFTY27JUN18000CE,0.0,0.0,0.0,4066.45,0.0,4066.45,23381.6,7981.6,0,0,0,0.0,0,F1,75,,,,,
2025-02-10,2025-02-10,FO,NSE,IDO,71562,,NIFTY,,2027-06-24,2027-06-24,25000.0,CE,NIFTY27JUN25000CE,0.0,0.0,0.0,2090.05,0.0,2090.05,23381.6,2983.6,0,0,0,0.0,0,F1,75,,,,,
2025-02-10,2025-02-10,FO,NSE,IDO,53605,,NIFTY,,2027-12-30,2027-12-30,19000.0,CE,NIFTY27DEC19000CE,0.0,0.0,0.0,5794.9,0.0,5794.9,23381.6,7705.5,0,0,0,0.0,0,F1,75,,,,,
2025-02-10,2025-02-10,FO,NSE,IDO,86139,,NIFTY,,2028-06-29,2028-06-29,18000.0,CE,NIFTY28JUN18000CE,0.0,0.0,0.0,6809.35,0.0,6809.35,23381.6,8980.15,0,0,0,0.0,0,F1,75,,,,,
2025-02-10,2025-02-10,FO,NSE,IDO,86147,,NIFTY,,2028-06-29,2028-06-29,22000.0,CE,NIFTY28JUN22000CE,0.0,0.0,0.0,4759.5,0.0,4759.5,23381.6,6047.3,0,0,0,0.0,0,F1,75,,,,,
2025-02-10,2025-02-10,FO,NSE,IDO,67770,,NIFTY,,2028-12-28,2028-12-28,18000.0,CE,NIFTY28DEC18000CE,0.0,0.0,0.0,9380.3,0.0,9380.3,23381.6,9444.1,0,0,0,0.0,0,F1,75,,,,,
2025-02-10,2025-02-10,FO,NSE,IDO,51062,,NIFTY,,2025-02-13,2025-02-13,21150.0,PE,NIFTY2521321150PE,0.85,0.85,0.5,0.5,0.5,0.8,23381.6,0.5,448200,18450,22860,36262805568.75,3016,F1,75,,,,,
2025-02-10,2025-02-10,FO,NSE,IDO,51060,,NIFTY,,2025-02-13,2025-02-13,21100.0,PE,NIFTY2521321100PE,0.75,0.8,0.5,0.5,0.5,0.8,23381.6,0.5,4958400,638700,164680,260613822240.0,20460,F1,75,,,,,
2025-02-10,2025-02-10,FO,NSE,IDO,89638,,NIFTY,,2029-06-28,2029-06-28,28000.0,CE,NIFTY29JUN28000CE,0.0,0.0,0.0,6112.6,0.0,6112.6,23381.6,3820.6,0,0,0,0.0,0,F1,75,,,,,
2025-02-10,2025-02-10,FO,NSE,IDO,89616,,NIFTY,,2029-06-28,2029-06-28,20000.0,CE,NIFTY29JUN20000CE,0.0,0.0,0.0,10410.0,0.0,10410.0,23381.6,8470.75,0,0,0,0.0,0,F1,75,,,,,
2025-02-10,2025-02-10,FO,NSE,IDO,67786,,NIFTY,,2028-12-28,2028-12-28,26000.0,CE,NIFTY28DEC26000CE,0.0,0.0,0.0,4879.7,0.0,4879.7,23381.6,4229.7,0,0,0,0.0,0,F1,75,,,,,
2025-02-10,2025-02-10,FO,NSE,IDO,86141,,NIFTY,,2028-06-29,2028-06-29,19000.0,CE,NIFTY28JUN19000CE,0.0,0.0,0.0,6252.25,0.0,6252.25,23381.6,8213.0,0,0,0,0.0,0,F1,75,,,,,
2025-02-10,2025-02-10,FO,NSE,IDO,53613,,NIFTY,,2027-12-30,2027-12-30,21000.0,CE,NIFTY27DEC21000CE,0.0,0.0,0.0,4902.4,0.0,4902.4,23381.6,6186.95,0,0,0,0.0,0,F1,75,,,,,
2025-02-10,2025-02-10,FO,NSE,IDO,58644,,NIFTY,,2026-12-31,2026-12-31,20000.0,CE,NIFTY26DEC20000CE,0.0,0.0,0.0,3704.3,0.0,3704.3,23381.6,5799.55,0,0,0,0.0,0,F1,75,,,,,
2025-02-10,2025-02-10,FO,NSE,IDO,38152,,NIFTY,,2025-12-24,2025-12-24,29000.0,CE,NIFTY25DEC29000CE,139.05,142.65,129.65,134.5,137.0,147.3,23381.6,134.5,86125,-525,139,303729618.75,112,F1,75,,,,,
2025-02-10,2025-02-10,FO,NSE,IDO,49177,,NIFTY,,2025-12-24,2025-12-24,16000.0,CE,NIFTY25DEC16000CE,0.0,0.0,0.0,7200.0,7200.0,7200.0,23381.6,8259.95,50,0,0,0.0,0,F1,75,,,,,
2025-02-10,2025-02-10,FO,NSE,IDO,71383,,NIFTY,,2025-06-26,2025-06-26,26000.0,CE,NIFTY25JUN26000CE,156.05,156.05,130.0,138.3,138.0,156.15,23381.6,138.3,445500,19950,1000,1960307437.5,746,F1,75,,,,,
2025-02-10,2025-02-10,FO,NSE,IDO,79741,,NIFTY,,2025-04-24,2025-04-24,25350.0,CE,NIFTY25APR25350CE,0.0,0.0,0.0,187.35,0.0,187.35,23381.6,95.15,0,0,0,0.0,0,F1,75,,,,,
2025-02-10,2025-02-10,FO,NSE,IDO,79672,,NIFTY,,2025-04-24,2025-04-24,24750.0,CE,NIFTY25APR24750CE,165.75,165.75,165.75,165.75,165.75,315.05,23381.6,196.25,75,75,1,1868681.25,1,F1,75,,,,,
2025-02-10,2025-02-10,FO,NSE,IDO,79616,,NIFTY,,2025-04-24,2025-04-24,24250.0,CE,NIFTY25APR24250CE,0.0,0.0,0.0,467.25,0.0,467.25,23381.6,333.85,0,0,0,0.0,0,F1,75,,,,,
2025-02-10,2025-02-10,FO,NSE,IDO,79537,,NIFTY,,2025-04-24,2025-04-24,24050.0,CE,NIFTY25APR24050CE,0.0,0.0,0.0,541.45,0.0,541.45,23381.6,405.5,0,0,0,0.0,0,F1,75,,,,,
2025-02-10,2025-02-10,FO,NSE,IDO,79517,,NIFTY,,2025-04-24,2025-04-24,23900.0,CE,NIFTY25APR23900CE,492.2,492.2,462.1,488.1,488.1,559.45,23381.6,488.1,1050,0,6,10968000.0,5,F1,75,,,,,
2025-02-10,2025-02-10,FO,NSE,IDO,79488,,NIFTY,,2025-04-24,2025-04-24,23400.0,CE,NIFTY25APR23400CE,792.4,792.4,740.2,767.9,767.9,847.85,23381.6,712.15,4350,375,27,48916878.75,20,F1,75,,,,,
2025-02-10,2025-02-10,FO,NSE,IDO,79440,,NIFTY,,2025-04-24,2025-04-24,23200.0,CE,NIFTY25APR23200CE,965.0,965.0,847.25,884.45,884.45,995.0,23381.6,829.85,4875,225,27,48757533.75,19,F1,75,,,,,
2025-02-10,2025-02-10,FO,NSE,IDO,79420,,NIFTY,,2025-04-24,2025-04-24,22900.0,CE,NIFTY25APR22900CE,0.0,0.0,0.0,1131.2,0.0,1131.2,23381.6,1026.3,0,0,0,0.0,0,F1,75,,,,,
2025-02-10,2025-02-10,FO,NSE,IDO,79384,,NIFTY,,2025-04-24,2025-04-24,22350.0,CE,NIFTY25APR22350CE,0.0,0.0,0.0,1510.75,0.0,1510.75,23381.6,1442.3,0,0,0,0.0,0,F1,75,,,,,
2025-02-10,2025-02-10,FO,NSE,IDO,79256,,NIFTY,,2025-04-24,2025-04-24,21500.0,CE,NIFTY25APR21500CE,0.0,0.0,0.0,2198.6,0.0,2198.6,23381.6,2189.95,0,0,0,0.0,0,F1,75,,,,,
2025-02-10,2025-02-10,FO,NSE,IDO,56568,,NIFTY,,2025-03-27,2025-03-27,24900.0,CE,NIFTY25MAR24900CE,69.0,69.6,52.3,56.95,56.65,73.75,23381.6,56.95,42000,-15000,965,1806350328.75,478,F1,75,,,,,
2025-02-10,2025-02-10,FO,NSE,IDO,56544,,NIFTY,,2025-03-27,2025-03-27,24750.0,CE,NIFTY25MAR24750CE,85.0,85.0,69.45,75.35,75.25,98.65,23381.6,75.35,18225,825,93,173162508.75,48,F1,75,,,,,
2025-02-10,2025-02-10,FO,NSE,IDO,56528,,NIFTY,,2025-03-27,2025-03-27,24600.0,CE,NIFTY25MAR24600CE,120.0,120.45,89.35,97.95,96.75,124.65,23381.6,97.95,124500,66075,2562,4745574401.25,1342,F1,75,,,,,
2025-02-10,2025-02-10,FO,NSE,IDO,54727,,NIFTY,,2025-03-27,2025-03-27,24100.0,CE,NIFTY25MAR24100CE,250.0,269.05,210.0,228.4,226.1,283.85,23381.6,228.4,71475,13125,1134,2069043630.0,612,F1,75,,,,,
2025-02-10,2025-02-10,FO,NSE,IDO,54719,,NIFTY,,2025-03-27,2025-03-27,23850.0,CE,NIFTY25MAR23850CE,350.35,350.9,307.7,314.15,314.15,396.2,23381.6,318.8,20025,1650,29,52579128.75,19,F1,75,,,,,
2025-02-10,2025-02-10,FO,NSE,IDO,51475,,NIFTY,,2025-03-27,2025-03-27,23650.0,CE,NIFTY25MAR23650CE,520.0,520.0,402.0,423.45,421.7,493.55,23381.6,423.45,18225,2400,86,155306793.75,52,F1,75,,,,,
2025-02-10,2025-02-10,FO,NSE,IDO,51459,,NIFTY,,2025-03-27,2025-03-27,23550.0,CE,NIFTY25MAR23550CE,535.0,535.3,450.0,477.9,477.15,568.45,23381.6,477.9,21375,-225,109,196447481.25,84,F1,75,,,,,
2025-02-10,2025-02-10,FO,NSE,IDO,46984,,NIFTY,,2025-03-27,2025-03-27,22250.0,CE,NIFTY25MAR22250CE,0.0,0.0,0.0,2048.65,0.0,2048.65,23381.6,1367.35,0,0,0,0.0,0,F1,75,,,,,
2025-02-10,2025-02-10,FO,NSE,IDO,64556,,NIFTY,,2025-03-27,2025-03-27,20000.0,CE,NIFTY25MAR20000CE,3599.85,3630.2,3511.7,3559.5,3571.05,3724.2,23381.6,3559.5,493750,2650,110,194318808.75,91,F1,75,,,,,
2025-02-10,2025-02-10,FO,NSE,IDO,45619,,NIFTY,,2025-03-13,2025-03-13,24800.0,CE,NIFTY2531324800CE,0.0,0.0,0.0,133.6,0.0,133.6,23381.6,37.85,0,0,0,0.0,0,F1,75,,,,,
2025-02-10,2025-02-10,FO,NSE,IDO,45544,,NIFTY,,2025-03-13,2025-03-13,23850.0,CE,NIFTY2531323850CE,0.0,0.0,0.0,433.25,0.0,433.25,23381.6,224.7,0,0,0,0.0,0,F1,75,,,,,
2025-02-10,2025-02-10,FO,NSE,IDO,45480,,NIFTY,,2025-03-13,2025-03-13,22800.0,CE,NIFTY2531322800CE,0.0,0.0,0.0,1094.15,0.0,1094.15,23381.6,819.4,0,0,0,0.0,0,F1,75,,,,,
2025-02-10,2025-02-10,FO,NSE,IDO,68633,,NIFTY,,2025-03-06,2025-03-06,24800.0,CE,NIFTY2530624800CE,20.35,31.65,18.7,20.75,20.55,24.1,23381.6,20.75,19275,18375,477,888035010.0,149,F1,75,,,,,
2025-02-10,2025-02-10,FO,NSE,IDO,68598,,NIFTY,,2025-03-06,2025-03-06,24100.0,CE,NIFTY2530624100CE,165.0,165.0,88.3,101.7,101.0,136.7,23381.6,101.7,5025,2925,113,205141590.0,56,F1,75,,,,,
2025-02-10,2025-02-10,FO,NSE,IDO,68480,,NIFTY,,2025-03-06,2025-03-06,23300.0,CE,NIFTY2530623300CE,443.45,456.25,423.0,448.8,450.75,582.0,23381.6,448.8,3675,2550,43,76583703.75,43,F1,75,,,,,
2025-02-10,2025-02-10,FO,NSE,IDO,57702,,NIFTY,,2025-02-27,2025-02-27,26300.0,CE,NIFTY25FEB26300CE,3.85,3.85,3.0,3.15,3.15,3.8,23381.6,0.05,35325,1200,73,144009810.0,22,F1,75,,,,,
2025-02-10,2025-02-10,FO,NSE,IDO,57687,,NIFTY,,2025-02-27,2025-02-27,26100.0,CE,NIFTY25FEB26100CE,2.85,3.3,2.85,3.2,3.2,3.95,23381.6,3.2,18675,0,74,144872306.25,49,F1,75,,,,,
2025-02-10,2025-02-10,FO,NSE,IDO,57663,,NIFTY,,2025-02-27,2025-02-27,25500.0,CE,NIFTY25FEB25500CE,5.0,6.25,3.75,3.85,3.85,5.1,23381.6,3.85,1293000,-39450,6231,11918714396.25,1962,F1,75,,,,,
2025-02-10,2025-02-10,FO,NSE,IDO,57637,,NIFTY,,2025-02-27,2025-02-27,24900.0,CE,NIFTY25FEB24900CE,10.05,10.2,7.0,7.35,7.65,10.0,23381.6,7.35,304350,-22350,5639,10534112493.75,3071,F1,75,,,,,
2025-02-10,2025-02-10,FO,NSE,IDO,57629,,NIFTY,,2025-02-27,2025-02-27,24700.0,CE,NIFTY25FEB24700CE,16.75,16.75,9.8,10.7,10.5,15.75,23381.6,10.7,519975,-6075,11072,20520206606.25,4732,F1,75,,,,,
2025-02-10,2025-02-10,FO,NSE,IDO,57617,,NIFTY,,2025-02-27,2025-02-27,24400.0,CE,NIFTY25FEB24400CE,36.1,36.1,19.8,22.5,22.0,35.55,23381.6,22.5,726375,-68625,16632,30466876042.5,9532,F1,75,,,,,
2025-02-10,2025-02-10,FO,NSE,IDO,57609,,NIFTY,,2025-02-27,2025-02-27,24200.0,CE,NIFTY25FEB24200CE,59.85,63.8,35.2,40.65,40.1,65.4,23381.6,40.65,1625925,-118125,36057,65561026533.75,18371,F1,75,,,,,
2025-02-10,2025-02-10,FO,NSE,IDO,57607,,NIFTY,,2025-02-27,2025-02-27,24150.0,CE,NIFTY25FEB24150CE,71.15,71.15,41.5,48.05,47.55,76.25,23381.6,48.05,354825,125250,5587,10140189157.5,4010,F1,75,,,,,
2025-02-10,2025-02-10,FO,NSE,IDO,57595,,NIFTY,,2025-02-27,2025-02-27,23850.0,CE,NIFTY25FEB23850CE,150.0,152.2,97.9,112.5,112.3,168.4,23381.6,112.5,270675,-10800,4668,8390642673.75,3507,F1,75,,,,,
2025-02-10,2025-02-10,FO,NSE,IDO,56737,,NIFTY,,2025-02-27,2025-02-27,23450.0,CE,NIFTY25FEB23450CE,357.35,357.35,249.35,281.15,280.0,368.95,23381.6,281.15,150900,60750,5617,9999898425.0,4026,F1,75,,,,,
2025-02-10,2025-02-10,FO,NSE,IDO,55635,,NIFTY,,2025-02-27,2025-02-27,22900.0,CE,NIFTY25FEB22900CE,728.3,738.0,604.1,660.3,652.3,785.6,23381.6,660.3,151350,0,319,563378002.5,233,F1,75,,,,,
2025-02-10,2025-02-10,FO,NSE,IDO,55591,,NIFTY,,2025-02-27,2025-02-27,21800.0,CE,NIFTY25FEB21800CE,0.0,0.0,0.0,2583.85,0.0,2583.85,23381.6,1648.75,0,0,0,0.0,0,F1,75,,,,,
2025-02-10,2025-02-10,FO,NSE,IDO,55587,,NIFTY,,2025-02-27,2025-02-27,21700.0,CE,NIFTY25FEB21700CE,1723.45,1776.0,1723.45,1768.0,1760.0,1932.1,23381.6,1768.0,225,0,3,5276958.75,3,F1,75,,,,,
2025-02-10,2025-02-10,FO,NSE,IDO,55573,,NIFTY,,2025-02-27,2025-02-27,21450.0,CE,NIFTY25FEB21450CE,0.0,0.0,0.0,2300.0,2300.0,2300.0,23381.6,1996.65,675,0,0,0.0,0,F1,75,,,,,
2025-02-10,2025-02-10,FO,NSE,IDO,55565,,NIFTY,,2025-02-27,2025-02-27,21250.0,CE,NIFTY25FEB21250CE,0.0,0.0,0.0,2016.5,2016.5,2016.5,23381.6,2195.9,150,0,0,0.0,0,F1,75,,,,,
2025-02-10,2025-02-10,FO,NSE,IDO,63974,,NIFTY,,2025-02-20,2025-02-20,25300.0,CE,NIFTY2522025300CE,3.6,3.6,2.2,2.35,2.4,2.8,23381.6,2.35,18975,9150,505,958325336.25,222,F1,75,,,,,
2025-02-10,2025-02-10,FO,NSE,IDO,63972,,NIFTY,,2025-02-20,2025-02-20,25250.0,CE,NIFTY2522025250CE,2.45,2.45,2.0,2.4,2.4,2.9,23381.6,2.4,7800,750,105,198862102.5,47,F1,75,,,,,
2025-02-10,2025-02-10,FO,NSE,IDO,63815,,NIFTY,,2025-02-20,2025-02-20,25100.0,CE,NIFTY2522025100CE,4.1,4.1,2.4,2.6,2.45,3.4,23381.6,2.6,31200,4725,626,1178566451.25,341,F1,75,,,,,
2025-02-10,2025-02-10,FO,NSE,IDO,63799,,NIFTY,,2025-02-20,2025-02-20,24800.0,CE,NIFTY2522024800CE,5.35,5.4,3.05,3.25,3.1,5.35,23381.6,3.25,246225,109275,6762,12579104295.0,2760,F1,75,,,,,
2025-02-10,2025-02-10,FO,NSE,IDO,63672,,NIFTY,,2025-02-20,2025-02-20,23800.0,CE,NIFTY2522023800CE,120.0,132.05,66.15,79.15,77.65,131.8,23381.6,79.15,714225,389250,30965,55466998803.75,18372,F1,75,,,,,
2025-02-10,2025-02-10,FO,NSE,IDO,51327,,NIFTY,,2025-02-13,2025-02-13,25400.0,CE,NIFTY2521325400CE,1.0,1.15,0.8,1.0,0.9,1.0,23381.6,1.0,1773525,-207225,67094,127818914838.75,12788,F1,75,,,,,
2025-02-10,2025-02-10,FO,NSE,IDO,51219,,NIFTY,,2025-02-13,2025-02-13,23550.0,CE,NIFTY2521323550CE,164.95,164.95,62.25,82.3,80.15,158.8,23381.6,82.3,2277450,1077675,791890,1404011777797.5,475684,F1,75,,,,,
2025-02-10,2025-02-10,FO,NSE,IDO,51196,,NIFTY,,2025-02-13,2025-02-13,23150.0,CE,NIFTY2521323150CE,420.05,420.05,259.0,312.05,308.4,451.4,23381.6,312.05,105000,67725,18426,32410944690.0,11648,F1,75,,,,,
2025-02-10,2025-02-10,FO,NSE,IDO,51177,,NIFTY,,2025-02-13,2025-02-13,22800.0,CE,NIFTY2521322800CE,722.0,724.0,554.3,625.4,619.3,776.95,23381.6,625.4,77625,28950,2400,4213950480.0,1362,F1,75,,,,,
2025-02-10,2025-02-10,FO,NSE,IDO,51099,,NIFTY,,2025-02-13,2025-02-13,21650.0,CE,NIFTY2521321650CE,0.0,0.0,0.0,2044.85,0.0,2044.85,23381.6,1743.15,0,0,0,0.0,0,F1,75,,,,,
2025-02-10,2025-02-10,FO,NSE,IDO,45641,,NIFTY,,2025-03-13,2025-03-13,25000.0,PE,NIFTY2531325000PE,0.0,0.0,0.0,1322.5,0.0,1322.5,23381.6,1504.75,0,0,0,0.0,0,F1,75,,,,,
2025-02-10,2025-02-10,FO,NSE,IDO,68433,,NIFTY,,2025-03-06,2025-03-06,22350.0,PE,NIFTY2530622350PE,0.0,0.0,0.0,141.35,0.0,141.35,23381.6,27.1,0,0,0,0.0,0,F1,75,,,,,
2025-02-10,2025-02-10,FO,NSE,IDO,68453,,NIFTY,,2025-03-06,2025-03-06,22650.0,PE,NIFTY2530622650PE,0.0,0.0,0.0,214.55,0.0,214.55,23381.6,60.85,0,0,0,0.0,0,F1,75,,,,,
2025-02-10,2025-02-10,FO,NSE,IDO,68461,,NIFTY,,2025-03-06,2025-03-06,22850.0,PE,NIFTY2530622850PE,0.0,0.0,0.0,276.8,0.0,276.8,23381.6,97.7,0,0,0,0.0,0,F1,75,,,,,
2025-02-10,2025-02-10,FO,NSE,IDO,89623,,NIFTY,,2029-06-28,2029-06-28,20000.0,PE,NIFTY29JUN20000PE,0.0,0.0,0.0,236.95,0.0,236.95,23381.6,133.15,0,0,0,0.0,0,F1,75,,,,,
2025-02-10,2025-02-10,FO,NSE,IDO,67787,,NIFTY,,2028-12-28,2028-12-28,26000.0,PE,NIFTY28DEC26000PE,0.0,0.0,0.0,1160.95,0.0,1160.95,23381.6,1049.55,0,0,0,0.0,0,F1,75,,,,,
2025-02-10,2025-02-10,FO,NSE,IDO,67781,,NIFTY,,2028-12-28,2028-12-28,23000.0,PE,NIFTY28DEC23000PE,800.0,800.0,800.0,800.0,800.0,730.0,23381.6,800.0,3600,75,1,1785000.0,1,F1,75,,,,,
2025-02-10,2025-02-10,FO,NSE,IDO,86148,,NIFTY,,2028-06-29,2028-06-29,22000.0,PE,NIFTY28JUN22000PE,0.0,0.0,0.0,520.05,520.05,520.05,23381.6,322.3,100,0,0,0.0,0,F1,75,,,,,
2025-02-10,2025-02-10,FO,NSE,IDO,53617,,NIFTY,,2027-12-30,2027-12-30,22000.0,PE,NIFTY27DEC22000PE,0.0,0.0,0.0,329.0,329.0,329.0,23381.6,332.7,25,0,0,0.0,0,F1,75,,,,,
2025-02-10,2025-02-10,FO,NSE,IDO,71565,,NIFTY,,2027-06-24,2027-06-24,26000.0,PE,NIFTY27JUN26000PE,0.0,0.0,0.0,6202.2,0.0,6202.2,23381.6,1390.8,0,0,0,0.0,0,F1,75,,,,,
2025-02-10,2025-02-10,FO,NSE,IDO,37805,,NIFTY,,2026-06-25,2026-06-25,23000.0,PE,NIFTY26JUN23000PE,0.0,0.0,0.0,669.9,669.9,669.9,23381.6,526.1,8150,0,0,0.0,0,F1,75,,,,,
2025-02-10,2025-02-10,FO,NSE,IDO,39990,,NIFTY,,2026-06-25,2026-06-25,19000.0,PE,NIFTY26JUN19000PE,0.0,0.0,0.0,160.05,160.05,160.05,23381.6,36.95,175,0,0,0.0,0,F1,75,,,,,
2025-02-10,2025-02-10,FO,NSE,IDO,50557,,NIFTY,,2026-06-25,2026-06-25,18000.0,PE,NIFTY26JUN18000PE,0.0,0.0,0.0,3088.05,0.0,3088.05,23381.6,14.15,0,0,0,0.0,0,F1,75,,,,,
2025-02-10,2025-02-10,FO,NSE,IDO,50972,,NIFTY,,2025-12-24,2025-12-24,27000.0,PE,NIFTY25DEC27000PE,2415.0,2467.0,2408.65,2467.0,2467.0,2342.85,23381.6,2577.3,175425,-225,11,24287850.0,11,F1,75,,,,,
2025-02-10,2025-02-10,FO,NSE,IDO,71394,,NIFTY,,2025-12-24,2025-12-24,24000.0,PE,NIFTY25DEC24000PE,868.3,958.45,868.25,933.0,931.3,855.15,23381.6,933.0,863225,11800,889,1662290951.25,697,F1,75,,,,,
2025-02-10,2025-02-10,FO,NSE,IDO,64701,,NIFTY,,2025-09-25,2025-09-25,28000.0,PE,NIFTY25SEP28000PE,0.0,0.0,0.0,1606.2,0.0,1606.2,23381.6,3626.4,0,0,0,0.0,0,F1,75,,,,,
2025-02-10,2025-02-10,FO,NSE,IDO,64699,,NIFTY,,2025-09-25,2025-09-25,27000.0,PE,NIFTY25SEP27000PE,0.0,0.0,0.0,1168.15,0.0,1168.15,23381.6,2777.9,0,0,0,0.0,0,F1,75,,,,,
2025-02-10,2025-02-10,FO,NSE,IDO,38151,,NIFTY,,2025-06-26,2025-06-26,29000.0,PE,NIFTY25JUN29000PE,0.0,0.0,0.0,6724.5,0.0,6724.5,23381.6,4931.7,0,0,0,0.0,0,F1,75,,,,,
2025-02-10,2025-02-10,FO,NSE,IDO,79740,,NIFTY,,2025-04-24,2025-04-24,25300.0,PE,NIFTY25APR25300PE,0.0,0.0,0.0,1825.65,0.0,1825.65,23381.6,1693.05,0,0,0,0.0,0,F1,75,,,,,
2025-02-10,2025-02-10,FO,NSE,IDO,79639,,NIFTY,,2025-04-24,2025-04-24,24450.0,PE,NIFTY25APR24450PE,0.0,0.0,0.0,1194.6,0.0,1194.6,23381.6,1024.65,0,0,0,0.0,0,F1,75,,,,,
2025-02-10,2025-02-10,FO,NSE,IDO,79510,,NIFTY,,2025-04-24,2025-04-24,23700.0,PE,NIFTY25APR23700PE,500.95,543.05,500.95,504.15,504.15,461.65,23381.6,504.15,1050,-150,8,14530155.0,6,F1,75,,,,,
2025-02-10,2025-02-10,FO,NSE,IDO,45471,,NIFTY,,2025-03-13,2025-03-13,22550.0,PE,NIFTY2531322550PE,0.0,0.0,0.0,87.35,0.0,87.35,23381.6,66.45,0,0,0,0.0,0,F1,75,,,,,
2025-02-10,2025-02-10,FO,NSE,IDO,89628,,NIFTY,,2029-06-28,2029-06-28,23000.0,CE,NIFTY29JUN23000CE,0.0,0.0,0.0,8636.0,0.0,8636.0,23381.6,6493.3,0,0,0,0.0,0,F1,75,,,,,
2025-02-10,2025-02-10,FO,NSE,IDO,89634,,NIFTY,,2029-06-28,2029-06-28,26000.0,CE,NIFTY29JUN26000CE,0.0,0.0,0.0,7052.2,0.0,7052.2,23381.6,4783.15,0,0,0,0.0,0,F1,75,,,,,
2025-02-10,2025-02-10,FO,NSE,IDO,89636,,NIFTY,,2029-06-28,2029-06-28,27000.0,CE,NIFTY29JUN27000CE,0.0,0.0,0.0,6570.4,0.0,6570.4,23381.6,4283.45,0,0,0,0.0,0,F1,75,,,,,
2025-02-10,2025-02-10,FO,NSE,IDO,61390,,NIFTY,,2029-12-27,2029-12-27,18000.0,CE,NIFTY29DEC18000CE,0.0,0.0,0.0,11362.4,0.0,11362.4,23381.6,10324.75,0,0,0,0.0,0,F1,75,,,,,
2025-02-10,2025-02-10,FO,NSE,IDO,61659,,NIFTY,,2029-12-27,2029-12-27,21000.0,CE,NIFTY29DEC21000CE,0.0,0.0,0.0,9463.95,0.0,9463.95,23381.6,8282.55,0,0,0,0.0,0,F1,75,,,,,
2025-02-10,2025-02-10,FO,NSE,IDO,61772,,NIFTY,,2029-12-27,2029-12-27,25000.0,CE,NIFTY29DEC25000CE,0.0,0.0,0.0,7196.25,0.0,7196.25,23381.6,5859.05,0,0,0,0.0,0,F1,75,,,,,
2025-02-10,2025-02-10,FO,NSE,IDO,61794,,NIFTY,,2029-12-27,2029-12-27,27000.0,CE,NIFTY29DEC27000CE,0.0,0.0,0.0,6201.65,0.0,6201.65,23381.6,4822.15,0,0,0,0.0,0,F1,75,,,,,
2025-02-10,2025-02-10,FO,NSE,IDO,51090,,NIFTY,,2025-02-13,2025-02-13,21450.0,PE,NIFTY2521321450PE,0.95,1.0,0.5,0.65,0.5,0.95,23381.6,0.65,177375,35100,7276,11705685382.5,1780,F1,75,,,,,
2025-02-10,2025-02-10,FO,NSE,IDO,51100,,NIFTY,,2025-02-13,2025-02-13,21650.0,PE,NIFTY2521321650PE,5.0,5.0,0.6,0.65,0.6,1.15,23381.6,0.65,236475,36225,15039,24420539156.25,4002,F1,75,,,,,
2025-02-10,2025-02-10,FO,NSE,IDO,51146,,NIFTY,,2025-02-13,2025-02-13,22200.0,PE,NIFTY2521322200PE,1.35,1.8,0.85,1.0,0.95,1.6,23381.6,1.0,1700925,506850,170913,284586816933.75,37853,F1,75,,,,,
2025-02-10,2025-02-10,FO,NSE,IDO,51152,,NIFTY,,2025-02-13,2025-02-13,22350.0,PE,NIFTY2521322350PE,2.5,2.8,1.35,1.5,1.35,2.05,23381.6,1.5,732900,231525,121337,203408401717.5,33664,F1,75,,,,,
2025-02-10,2025-02-10,FO,NSE,IDO,46920,,NIFTY,,2025-03-27,2025-03-27,21800.0,PE,NIFTY25MAR21800PE,42.0,52.3,33.05,48.05,48.6,39.25,23381.6,48.05,223125,12825,2557,4189999537.5,1248,F1,75,,,,,
2025-02-10,2025-02-10,FO,NSE,IDO,46893,,NIFTY,,2025-03-27,2025-03-27,21650.0,PE,NIFTY25MAR21650PE,0.0,0.0,0.0,34.3,33.4,34.3,23381.6,15.35,2775,0,0,0.0,0,F1,75,,,,,
2025-02-10,2025-02-10,FO,NSE,IDO,46891,,NIFTY,,2025-03-27,2025-03-27,21600.0,PE,NIFTY25MAR21600PE,31.7,41.15,31.7,37.7,38.2,31.35,23381.6,37.7,16425,8700,211,342420615.0,158,F1,75,,,,,
2025-02-10,2025-02-10,FO,NSE,IDO,46830,,NIFTY,,2025-03-27,2025-03-27,21100.0,PE,NIFTY25MAR21100PE,20.0,23.6,15.4,21.5,21.5,19.3,23381.6,21.5,6900,0,55,87128692.5,26,F1,75,,,,,
2025-02-10,2025-02-10,FO,NSE,IDO,64557,,NIFTY,,2025-03-27,2025-03-27,20000.0,PE,NIFTY25MAR20000PE,8.25,9.35,7.7,8.8,8.85,8.25,23381.6,8.8,1055400,2050,1094,1641724447.5,423,F1,75,,,,,
2025-02-10,2025-02-10,FO,NSE,IDO,45632,,NIFTY,,2025-03-13,2025-03-13,24850.0,PE,NIFTY2531324850PE,0.0,0.0,0.0,1198.15,0.0,1198.15,23381.6,1365.45,0,0,0,0.0,0,F1,75,,,,,
2025-02-10,2025-02-10,FO,NSE,IDO,45596,,NIFTY,,2025-03-13,2025-03-13,24400.0,PE,NIFTY2531324400PE,0.0,0.0,0.0,855.4,0.0,855.4,23381.6,970.55,0,0,0,0.0,0,F1,75,,,,,
2025-02-10,2025-02-10,FO,NSE,IDO,45539,,NIFTY,,2025-03-13,2025-03-13,23700.0,PE,NIFTY2531323700PE,365.0,420.1,365.0,407.25,394.35,365.9,23381.6,407.25,750,300,6,10835583.75,3,F1,75,,,,,
2025-02-10,2025-02-10,FO,NSE,IDO,45529,,NIFTY,,2025-03-13,2025-03-13,23500.0,PE,NIFTY2531323500PE,365.1,365.1,304.95,365.0,365.0,347.75,23381.6,360.85,75,75,3,5365128.75,3,F1,75,,,,,
2025-02-10,2025-02-10,FO,NSE,IDO,45469,,NIFTY,,2025-03-13,2025-03-13,22500.0,PE,NIFTY2531322500PE,0.0,0.0,0.0,80.05,0.0,80.05,23381.6,59.4,0,0,0,0.0,0,F1,75,,,,,
2025-02-10,2025-02-10,FO,NSE,IDO,68648,,NIFTY,,2025-03-06,2025-03-06,24950.0,PE,NIFTY2530624950PE,0.0,0.0,0.0,1615.55,0.0,1615.55,23381.6,1475.3,0,0,0,0.0,0,F1,75,,,,,
2025-02-10,2025-02-10,FO,NSE,IDO,68585,,NIFTY,,2025-03-06,2025-03-06,23750.0,PE,NIFTY2530623750PE,0.0,0.0,0.0,704.65,0.0,704.65,23381.6,475.15,0,0,0,0.0,0,F1,75,,,,,
2025-02-10,2025-02-10,FO,NSE,IDO,51193,,NIFTY,,2025-02-13,2025-02-13,23050.0,PE,NIFTY2521323050PE,19.75,47.0,14.75,27.95,29.15,19.75,23381.6,27.95,994875,258825,522253,904173440898.75,224975,F1,75,,,,,
2025-02-10,2025-02-10,FO,NSE,IDO,51202,,NIFTY,,2025-02-13,2025-02-13,23200.0,PE,NIFTY2521323200PE,36.65,86.95,30.05,56.6,59.05,36.65,23381.6,56.6,3249525,-710475,1233749,2152816097662.5,635601,F1,75,,,,,
2025-02-10,2025-02-10,FO,NSE,IDO,51206,,NIFTY,,2025-02-13,2025-02-13,23300.0,PE,NIFTY2521323300PE,55.85,124.4,53.4,87.15,90.0,56.55,23381.6,87.15,3399525,1019625,1671139,2932787022798.75,938706,F1,75,,,,,
2025-02-10,2025-02-10,FO,NSE,IDO,51244,,NIFTY,,2025-02-13,2025-02-13,23800.0,PE,NIFTY2521323800PE,307.65,476.75,304.0,408.6,412.2,292.2,23381.6,408.6,688575,-221925,35906,65187593576.25,19051,F1,75,,,,,
2025-02-10,2025-02-10,FO,NSE,IDO,51290,,NIFTY,,2025-02-13,2025-02-13,24750.0,PE,NIFTY2521324750PE,0.0,0.0,0.0,1104.0,1104.0,1104.0,23381.6,1355.2,1425,0,0,0.0,0,F1,75,,,,,
2025-02-10,2025-02-10,FO,NSE,IDO,51296,,NIFTY,,2025-02-13,2025-02-13,24850.0,PE,NIFTY2521324850PE,1455.35,1455.4,1455.35,1455.35,1455.35,1165.75,23381.6,1455.15,1500,-450,7,13810327.5,3,F1,75,,,,,
2025-02-10,2025-02-10,FO,NSE,IDO,51298,,NIFTY,,2025-02-13,2025-02-13,24900.0,PE,NIFTY2521324900PE,1490.0,1490.0,1490.0,1490.0,1490.0,1266.0,23381.6,1505.1,825,0,2,3958500.0,1,F1,75,,,,,
2025-02-10,2025-02-10,FO,NSE,IDO,51307,,NIFTY,,2025-02-13,2025-02-13,25100.0,PE,NIFTY2521325100PE,0.0,0.0,0.0,1441.8,1437.0,1441.8,23381.6,1705.0,1200,0,0,0.0,0,F1,75,,,,,
2025-02-10,2025-02-10,FO,NSE,IDO,63219,,NIFTY,,2025-02-20,2025-02-20,21500.0,PE,NIFTY2522021500PE,2.4,3.15,2.35,2.45,2.35,3.0,23381.6,2.45,168150,70800,6149,9916450713.75,2363,F1,75,,,,,
2025-02-10,2025-02-10,FO,NSE,IDO,63434,,NIFTY,,2025-02-20,2025-02-20,22650.0,PE,NIFTY2522022650PE,12.05,36.8,12.05,28.2,29.35,20.55,23381.6,28.2,62025,56250,4155,7067674395.0,2365,F1,75,,,,,
2025-02-10,2025-02-10,FO,NSE,IDO,63490,,NIFTY,,2025-02-20,2025-02-20,22800.0,PE,NIFTY2522022800PE,33.25,56.45,33.25,43.25,45.0,31.1,23381.6,43.25,375375,157725,23898,40949257867.5,12339,F1,75,,,,,
2025-02-10,2025-02-10,FO,NSE,IDO,63679,,NIFTY,,2025-02-20,2025-02-20,23900.0,PE,NIFTY2522023900PE,475.0,572.95,472.3,521.35,518.0,402.45,23381.6,521.35,20925,1800,238,436137491.25,130,F1,75,,,,,
2025-02-10,2025-02-10,FO,NSE,IDO,63725,,NIFTY,,2025-02-20,2025-02-20,24600.0,PE,NIFTY2522024600PE,1087.0,1176.9,1075.0,1176.9,1176.9,990.0,23381.6,1177.25,2850,2025,58,111819438.75,30,F1,75,,,,,
2025-02-10,2025-02-10,FO,NSE,IDO,63800,,NIFTY,,2025-02-20,2025-02-20,24800.0,PE,NIFTY2522024800PE,1385.0,1413.0,1382.0,1408.0,1408.0,1080.0,23381.6,1375.15,825,675,9,17684550.0,9,F1,75,,,,,
2025-02-10,2025-02-10,FO,NSE,IDO,55588,,NIFTY,,2025-02-27,2025-02-27,21700.0,PE,NIFTY25FEB21700PE,7.4,8.95,6.15,7.8,7.55,7.6,23381.6,7.8,346350,-150450,5369,8741264227.5,2726,F1,75,,,,,
2025-02-10,2025-02-10,FO,NSE,IDO,55626,,NIFTY,,2025-02-27,2025-02-27,22650.0,PE,NIFTY25FEB22650PE,44.3,65.0,44.3,54.6,57.0,41.6,23381.6,54.6,125250,25275,2781,4736112693.75,1727,F1,75,,,,,
2025-02-10,2025-02-10,FO,NSE,IDO,55630,,NIFTY,,2025-02-27,2025-02-27,22750.0,PE,NIFTY25FEB22750PE,55.7,81.0,55.7,68.8,70.1,51.9,23381.6,68.8,119400,18300,1762,3015407126.25,995,F1,75,,,,,
2025-02-10,2025-02-10,FO,NSE,IDO,55638,,NIFTY,,2025-02-27,2025-02-27,22950.0,PE,NIFTY25FEB22950PE,84.95,122.85,84.55,104.5,106.1,78.3,23381.6,104.5,94875,9975,2193,3791850003.75,1323,F1,75,,,,,
2025-02-10,2025-02-10,FO,NSE,IDO,63326,,NIFTY,,2025-02-20,2025-02-20,22300.0,CE,NIFTY2522022300CE,0.0,0.0,0.0,1259.15,0.0,1259.15,23381.6,1123.75,0,0,0,0.0,0,F1,75,,,,,
2025-02-10,2025-02-10,FO,NSE,IDO,63424,,NIFTY,,2025-02-20,2025-02-20,22600.0,CE,NIFTY2522022600CE,805.55,856.0,805.55,856.0,856.0,1011.9,23381.6,856.0,300,150,2,3514616.25,2,F1,75,,,,,
2025-02-10,2025-02-10,FO,NSE,IDO,63642,,NIFTY,,2025-02-20,2025-02-20,23650.0,CE,NIFTY2522023650CE,180.2,182.2,106.65,125.8,126.0,197.25,23381.6,125.8,108225,55950,7067,12604773806.25,4830,F1,75,,,,,
2025-02-10,2025-02-10,FO,NSE,IDO,63715,,NIFTY,,2025-02-20,2025-02-20,24450.0,CE,NIFTY2522024450CE,13.6,13.6,7.05,7.95,7.9,15.35,23381.6,7.95,62850,35700,3539,6492005036.25,2363,F1,75,,,,,
2025-02-10,2025-02-10,FO,NSE,IDO,63817,,NIFTY,,2025-02-20,2025-02-20,25150.0,CE,NIFTY2522025150CE,2.65,2.65,2.2,2.45,2.5,3.2,23381.6,2.45,4425,600,140,264101111.25,59,F1,75,,,,,
2025-02-10,2025-02-10,FO,NSE,IDO,63991,,NIFTY,,2025-02-20,2025-02-20,25350.0,CE,NIFTY2522025350CE,2.45,2.5,2.15,2.35,2.3,2.6,23381.6,2.35,2775,750,194,368875672.5,74,F1,75,,,,,
2025-02-10,2025-02-10,FO,NSE,IDO,55583,,NIFTY,,2025-02-27,2025-02-27,21600.0,CE,NIFTY25FEB21600CE,1900.0,1900.0,1900.0,1900.0,1900.0,1960.3,23381.6,1847.35,3975,-225,3,5287500.0,1,F1,75,,,,,
2025-02-10,2025-02-10,FO,NSE,IDO,55627,,NIFTY,,2025-02-27,2025-02-27,22700.0,CE,NIFTY25FEB22700CE,890.0,899.0,765.0,820.25,819.0,975.05,23381.6,820.25,58800,900,111,195732191.25,89,F1,75,,,,,
2025-02-10,2025-02-10,FO,NSE,IDO,55651,,NIFTY,,2025-02-27,2025-02-27,23300.0,CE,NIFTY25FEB23300CE,455.0,460.0,330.25,369.0,367.6,479.45,23381.6,369.0,1053600,121800,17654,31335861825.0,11266,F1,75,,,,,
2025-02-10,2025-02-10,FO,NSE,IDO,57585,,NIFTY,,2025-02-27,2025-02-27,23600.0,CE,NIFTY25FEB23600CE,295.0,295.0,181.75,207.0,205.1,287.05,23381.6,207.0,1590150,242925,26146,46702075050.0,14739,F1,75,,,,,
2025-02-10,2025-02-10,FO,NSE,IDO,57593,,NIFTY,,2025-02-27,2025-02-27,23800.0,CE,NIFTY25FEB23800CE,180.7,185.6,111.75,128.35,127.8,190.05,23381.6,128.35,1787400,43800,36863,66172698768.75,18981,F1,75,,,,,
2025-02-10,2025-02-10,FO,NSE,IDO,57615,,NIFTY,,2025-02-27,2025-02-27,24350.0,CE,NIFTY25FEB24350CE,38.65,38.65,23.25,26.45,26.25,42.15,23381.6,26.45,216975,1125,6101,11155234428.75,4022,F1,75,,,,,
2025-02-10,2025-02-10,FO,NSE,IDO,57649,,NIFTY,,2025-02-27,2025-02-27,25150.0,CE,NIFTY25FEB25150CE,7.95,7.95,5.1,5.35,5.35,7.0,23381.6,5.35,28875,1050,403,760332918.75,287,F1,75,,,,,
2025-02-10,2025-02-10,FO,NSE,IDO,57655,,NIFTY,,2025-02-27,2025-02-27,25300.0,CE,NIFTY25FEB25300CE,5.0,6.3,4.5,4.6,5.05,6.05,23381.6,4.6,92100,-8550,1187,2252763431.25,637,F1,75,,,,,
2025-02-10,2025-02-10,FO,NSE,IDO,57669,,NIFTY,,2025-02-27,2025-02-27,25650.0,CE,NIFTY25FEB25650CE,3.55,4.25,3.4,3.65,3.6,4.5,23381.6,3.65,5325,-525,49,94277418.75,23,F1,75,,,,,
2025-02-10,2025-02-10,FO,NSE,IDO,57675,,NIFTY,,2025-02-27,2025-02-27,25800.0,CE,NIFTY25FEB25800CE,4.25,4.25,3.3,3.4,3.35,4.15,23381.6,3.4,65175,-25350,1380,2670665625.0,640,F1,75,,,,,
2025-02-10,2025-02-10,FO,NSE,IDO,57710,,NIFTY,,2025-02-27,2025-02-27,26450.0,CE,NIFTY25FEB26450CE,3.45,3.45,2.75,3.0,3.0,3.65,23381.6,3.0,17925,0,221,438459393.75,55,F1,75,,,,,
2025-02-10,2025-02-10,FO,NSE,IDO,57712,,NIFTY,,2025-02-27,2025-02-27,26500.0,CE,NIFTY25FEB26500CE,3.2,3.8,3.05,3.2,3.2,3.7,23381.6,3.2,2401425,-36900,6637,13192623206.25,1340,F1,75,,,,,
2025-02-10,2025-02-10,FO,NSE,IDO,68397,,NIFTY,,2025-03-06,2025-03-06,21550.0,CE,NIFTY2530621550CE,0.0,0.0,0.0,1872.2,0.0,1872.2,23381.6,1925.15,0,0,0,0.0,0,F1,75,,,,,
2025-02-10,2025-02-10,FO,NSE,IDO,68448,,NIFTY,,2025-03-06,2025-03-06,22550.0,CE,NIFTY2530622550CE,0.0,0.0,0.0,1032.8,0.0,1032.8,23381.6,974.85,0,0,0,0.0,0,F1,75,,,,,
2025-02-10,2025-02-10,FO,NSE,IDO,68450,,NIFTY,,2025-03-06,2025-03-06,22600.0,CE,NIFTY2530622600CE,0.0,0.0,0.0,995.35,0.0,995.35,23381.6,931.6,0,0,0,0.0,0,F1,75,,,,,
2025-02-10,2025-02-10,FO,NSE,IDO,68462,,NIFTY,,2025-03-06,2025-03-06,22900.0,CE,NIFTY2530622900CE,0.0,0.0,0.0,828.1,828.1,828.1,23381.6,688.4,75,0,0,0.0,0,F1,75,,,,,
2025-02-10,2025-02-10,FO,NSE,IDO,68468,,NIFTY,,2025-03-06,2025-03-06,23000.0,CE,NIFTY2530623000CE,625.9,660.15,605.35,651.9,651.95,817.5,23381.6,651.9,21600,900,35,62058000.0,35,F1,75,,,,,
2025-02-10,2025-02-10,FO,NSE,IDO,68584,,NIFTY,,2025-03-06,2025-03-06,23750.0,CE,NIFTY2530623750CE,0.0,0.0,0.0,276.35,276.35,276.35,23381.6,208.05,2775,0,0,0.0,0,F1,75,,,,,
2025-02-10,2025-02-10,FO,NSE,IDO,68618,,NIFTY,,2025-03-06,2025-03-06,24500.0,CE,NIFTY2530624500CE,55.0,56.35,33.05,38.15,38.05,53.8,23381.6,38.15,20250,3675,497,914720906.25,306,F1,75,,,,,
2025-02-10,2025-02-10,FO,NSE,IDO,68620,,NIFTY,,2025-03-06,2025-03-06,24550.0,CE,NIFTY2530624550CE,26.4,31.5,26.4,31.5,31.5,98.95,23381.6,31.5,600,-150,3,5530391.25,3,F1,75,,,,,
2025-02-10,2025-02-10,FO,NSE,IDO,68631,,NIFTY,,2025-03-06,2025-03-06,24750.0,CE,NIFTY2530624750CE,0.0,0.0,0.0,41.0,41.0,41.0,23381.6,23.15,225,0,0,0.0,0,F1,75,,,,,
2025-02-10,2025-02-10,FO,NSE,IDO,68647,,NIFTY,,2025-03-06,2025-03-06,24950.0,CE,NIFTY2530624950CE,20.0,20.0,13.8,14.4,14.4,20.5,23381.6,14.4,1125,150,10,18723948.75,8,F1,75,,,,,
2025-02-10,2025-02-10,FO,NSE,IDO,68675,,NIFTY,,2025-03-06,2025-03-06,25300.0,CE,NIFTY2530625300CE,9.5,10.8,6.75,8.1,7.9,9.5,23381.6,8.1,1800,225,62,117682965.0,17,F1,75,,,,,
2025-02-10,2025-02-10,FO,NSE,IDO,45435,,NIFTY,,2025-03-13,2025-03-13,21900.0,CE,NIFTY2531321900CE,0.0,0.0,0.0,1880.15,0.0,1880.15,23381.6,1614.6,0,0,0,0.0,0,F1,75,,,,,
2025-02-10,2025-02-10,FO,NSE,IDO,45467,,NIFTY,,2025-03-13,2025-03-13,22500.0,CE,NIFTY2531322500CE,0.0,0.0,0.0,1339.9,0.0,1339.9,23381.6,1064.85,0,0,0,0.0,0,F1,75,,,,,
2025-02-10,2025-02-10,FO,NSE,IDO,45525,,NIFTY,,2025-03-13,2025-03-13,23450.0,CE,NIFTY2531323450CE,0.0,0.0,0.0,643.8,0.0,643.8,23381.6,397.1,0,0,0,0.0,0,F1,75,,,,,
2025-02-10,2025-02-10,FO,NSE,IDO,45534,,NIFTY,,2025-03-13,2025-03-13,23600.0,CE,NIFTY2531323600CE,385.35,385.35,308.75,324.5,322.3,390.0,23381.6,324.5,675,300,22,39500343.75,19,F1,75,,,,,
2025-02-10,2025-02-10,FO,NSE,IDO,45548,,NIFTY,,2025-03-13,2025-03-13,23950.0,CE,NIFTY2531323950CE,0.0,0.0,0.0,388.95,0.0,388.95,23381.6,191.8,0,0,0,0.0,0,F1,75,,,,,
2025-02-10,2025-02-10,FO,NSE,IDO,45552,,NIFTY,,2025-03-13,2025-03-13,24050.0,CE,NIFTY2531324050CE,0.0,0.0,0.0,347.85,0.0,347.85,23381.6,162.6,0,0,0,0.0,0,F1,75,,,,,
2025-02-10,2025-02-10,FO,NSE,IDO,45608,,NIFTY,,2025-03-13,2025-03-13,24550.0,CE,NIFTY2531324550CE,0.0,0.0,0.0,189.1,0.0,189.1,23381.6,64.3,0,0,0,0.0,0,F1,75,,,,,
2025-02-10,2025-02-10,FO,NSE,IDO,45615,,NIFTY,,2025-03-13,2025-03-13,24700.0,CE,NIFTY2531324700CE,0.0,0.0,0.0,153.7,0.0,153.7,23381.6,47.05,0,0,0,0.0,0,F1,75,,,,,
2025-02-10,2025-02-10,FO,NSE,IDO,45633,,NIFTY,,2025-03-13,2025-03-13,24900.0,CE,NIFTY2531324900CE,0.0,0.0,0.0,115.7,0.0,115.7,23381.6,30.25,0,0,0,0.0,0,F1,75,,,,,
2025-02-10,2025-02-10,FO,NSE,IDO,45636,,NIFTY,,2025-03-13,2025-03-13,24950.0,CE,NIFTY2531324950CE,0.0,0.0,0.0,107.45,0.0,107.45,23381.6,26.95,0,0,0,0.0,0,F1,75,,,,,
2025-02-10,2025-02-10,FO,NSE,IDO,45655,,NIFTY,,2025-03-13,2025-03-13,25350.0,CE,NIFTY2531325350CE,20.0,20.0,11.3,11.8,11.8,10.25,23381.6,10.1,75,75,4,7609297.5,4,F1,75,,,,,
2025-02-10,2025-02-10,FO,NSE,IDO,64560,,NIFTY,,2025-03-27,2025-03-27,21000.0,CE,NIFTY25MAR21000CE,2672.0,2675.0,2535.2,2589.9,2601.8,2719.1,23381.6,2589.9,353500,1275,67,118573676.25,56,F1,75,,,,,
2025-02-10,2025-02-10,FO,NSE,IDO,46831,,NIFTY,,2025-03-27,2025-03-27,21150.0,CE,NIFTY25MAR21150CE,0.0,0.0,0.0,3019.45,0.0,3019.45,23381.6,2404.4,0,0,0,0.0,0,F1,75,,,,,
2025-02-10,2025-02-10,FO,NSE,IDO,46900,,NIFTY,,2025-03-27,2025-03-27,21700.0,CE,NIFTY25MAR21700CE,0.0,0.0,0.0,2160.0,2160.0,2160.0,23381.6,1872.15,225,0,0,0.0,0,F1,75,,,,,
2025-02-10,2025-02-10,FO,NSE,IDO,46976,,NIFTY,,2025-03-27,2025-03-27,22200.0,CE,NIFTY25MAR22200CE,1530.0,1530.0,1530.0,1530.0,1530.0,1602.4,23381.6,1411.45,375,75,1,1779750.0,1,F1,75,,,,,
2025-02-10,2025-02-10,FO,NSE,IDO,51473,,NIFTY,,2025-03-27,2025-03-27,23600.0,CE,NIFTY25MAR23600CE,509.95,509.95,420.0,449.75,448.85,533.9,23381.6,449.75,97050,1125,962,1735681353.75,664,F1,75,,,,,
2025-02-10,2025-02-10,FO,NSE,IDO,53976,,NIFTY,,2025-03-27,2025-03-27,23800.0,CE,NIFTY25MAR23800CE,388.0,407.2,325.0,350.4,349.0,422.9,23381.6,350.4,135825,-8325,1743,3157041577.5,976,F1,75,,,,,
2025-02-10,2025-02-10,FO,NSE,IDO,56882,,NIFTY,,2025-03-27,2025-03-27,25450.0,CE,NIFTY25MAR25450CE,0.0,0.0,0.0,29.0,29.0,29.0,23381.6,25.4,7350,0,0,0.0,0,F1,75,,,,,
2025-02-10,2025-02-10,FO,NSE,IDO,79424,,NIFTY,,2025-04-24,2025-04-24,22950.0,CE,NIFTY25APR22950CE,0.0,0.0,0.0,1099.7,0.0,1099.7,23381.6,991.95,0,0,0,0.0,0,F1,75,,,,,
2025-02-10,2025-02-10,FO,NSE,IDO,79438,,NIFTY,,2025-04-24,2025-04-24,23150.0,CE,NIFTY25APR23150CE,0.0,0.0,0.0,979.0,0.0,979.0,23381.6,860.95,0,0,0,0.0,0,F1,75,,,,,
2025-02-10,2025-02-10,FO,NSE,IDO,79640,,NIFTY,,2025-04-24,2025-04-24,24500.0,CE,NIFTY25APR24500CE,276.05,280.0,232.25,248.4,242.75,297.25,23381.6,248.4,99675,5175,1031,1913768092.5,696,F1,75,,,,,
2025-02-10,2025-02-10,FO,NSE,IDO,79729,,NIFTY,,2025-04-24,2025-04-24,25100.0,CE,NIFTY25APR25100CE,0.0,0.0,0.0,234.25,0.0,234.25,23381.6,130.15,0,0,0,0.0,0,F1,75,,,,,
2025-02-10,2025-02-10,FO,NSE,IDO,79731,,NIFTY,,2025-04-24,2025-04-24,25150.0,CE,NIFTY25APR25150CE,0.0,0.0,0.0,224.15,0.0,224.15,23381.6,122.4,0,0,0,0.0,0,F1,75,,,,,
2025-02-10,2025-02-10,FO,NSE,IDO,50537,,NIFTY,,2025-06-26,2025-06-26,28000.0,CE,NIFTY25JUN28000CE,35.95,36.0,30.25,32.35,33.0,35.1,23381.6,32.35,202925,2775,284,597095520.0,156,F1,75,,,,,
2025-02-10,2025-02-10,FO,NSE,IDO,45873,,NIFTY,,2025-12-24,2025-12-24,17000.0,CE,NIFTY25DEC17000CE,0.0,0.0,0.0,7010.0,7010.0,7010.0,23381.6,7315.65,700,0,0,0.0,0,F1,75,,,,,
2025-02-10,2025-02-10,FO,NSE,IDO,37806,,NIFTY,,2026-12-31,2026-12-31,23000.0,CE,NIFTY26DEC23000CE,0.0,0.0,0.0,4000.0,4000.0,4000.0,23381.6,3564.65,900,0,0,0.0,0,F1,75,,,,,
2025-02-10,2025-02-10,FO,NSE,IDO,38158,,NIFTY,,2026-12-31,2026-12-31,29000.0,CE,NIFTY26DEC29000CE,0.0,0.0,0.0,1205.35,0.0,1205.35,23381.6,894.75,0,0,0,0.0,0,F1,75,,,,,
2025-02-10,2025-02-10,FO,NSE,IDO,71549,,NIFTY,,2027-06-24,2027-06-24,19000.0,CE,NIFTY27JUN19000CE,0.0,0.0,0.0,7800.0,7800.0,7800.0,23381.6,7157.6,75,0,0,0.0,0,F1,75,,,,,
2025-02-10,2025-02-10,FO,NSE,IDO,71560,,NIFTY,,2027-06-24,2027-06-24,24000.0,CE,NIFTY27JUN24000CE,0.0,0.0,0.0,2299.55,0.0,2299.55,23381.6,3549.55,0,0,0,0.0,0,F1,75,,,,,
2025-02-10,2025-02-10,FO,NSE,IDO,86149,,NIFTY,,2028-06-29,2028-06-29,23000.0,CE,NIFTY28JUN23000CE,0.0,0.0,0.0,4323.1,0.0,4323.1,23381.6,5388.8,0,0,0,0.0,0,F1,75,,,,,
2025-02-10,2025-02-10,FO,NSE,IDO,86161,,NIFTY,,2028-06-29,2028-06-29,26000.0,CE,NIFTY28JUN26000CE,0.0,0.0,0.0,3200.9,0.0,3200.9,23381.6,3664.65,0,0,0,0.0,0,F1,75,,,,,
2025-02-10,2025-02-10,FO,NSE,IDO,86165,,NIFTY,,2028-06-29,2028-06-29,28000.0,CE,NIFTY28JUN28000CE,0.0,0.0,0.0,2596.45,0.0,2596.45,23381.6,2745.55,0,0,0,0.0,0,F1,75,,,,,
2025-02-10,2025-02-10,FO,NSE,IDO,67776,,NIFTY,,2028-12-28,2028-12-28,21000.0,CE,NIFTY28DEC21000CE,0.0,0.0,0.0,7512.5,0.0,7512.5,23381.6,7273.8,0,0,0,0.0,0,F1,75,,,,,
2025-02-10,2025-02-10,FO,NSE,IDO,61744,,NIFTY,,2029-12-27,2029-12-27,22000.0,CE,NIFTY29DEC22000CE,0.0,0.0,0.0,8865.25,0.0,8865.25,23381.6,7638.55,0,0,0,0.0,0,F1,75,,,,,
2025-02-10,2025-02-10,FO,NSE,IDO,61746,,NIFTY,,2029-12-27,2029-12-27,23000.0,CE,NIFTY29DEC23000CE,0.0,0.0,0.0,8286.75,0.0,8286.75,23381.6,7018.15,0,0,0,0.0,0,F1,75,,,,,
2025-02-10,2025-02-10,FO,NSE,IDO,61748,,NIFTY,,2029-12-27,2029-12-27,24000.0,CE,NIFTY29DEC24000CE,0.0,0.0,0.0,7730.0,0.0,7730.0,23381.6,6424.2,0,0,0,0.0,0,F1,75,,,,,
2025-02-10,2025-02-10,FO,NSE,IDO,61778,,NIFTY,,2029-12-27,2029-12-27,26000.0,CE,NIFTY29DEC26000CE,0.0,0.0,0.0,6686.95,0.0,6686.95,23381.6,5324.6,0,0,0,0.0,0,F1,75,,,,,
2025-02-10,2025-02-10,FO,NSE,IDO,51132,,NIFTY,,2025-02-13,2025-02-13,21950.0,PE,NIFTY2521321950PE,1.4,1.4,0.65,0.8,0.65,1.25,23381.6,0.8,251400,42000,28466,46864368086.25,8810,F1,75,,,,,
2025-02-10,2025-02-10,FO,NSE,IDO,51170,,NIFTY,,2025-02-13,2025-02-13,22600.0,PE,NIFTY2521322600PE,3.3,6.5,2.45,3.0,3.5,3.35,23381.6,3.0,3392400,1050225,556090,942739378743.75,141059,F1,75,,,,,
2025-02-10,2025-02-10,FO,NSE,IDO,51250,,NIFTY,,2025-02-13,2025-02-13,23950.0,PE,NIFTY2521323950PE,421.95,615.0,421.95,540.5,549.2,407.45,23381.6,540.5,52275,-5250,2005,3684814455.0,1472,F1,75,,,,,
2025-02-10,2025-02-10,FO,NSE,IDO,51282,,NIFTY,,2025-02-13,2025-02-13,24550.0,PE,NIFTY2521324550PE,0.0,0.0,0.0,958.35,958.35,958.35,23381.6,1155.3,750,0,0,0.0,0,F1,75,,,,,
2025-02-10,2025-02-10,FO,NSE,IDO,51302,,NIFTY,,2025-02-13,2025-02-13,25000.0,PE,NIFTY2521325000PE,1500.0,1648.45,1500.0,1586.7,1580.0,1415.45,23381.6,1586.7,123750,27675,451,900051667.5,435,F1,75,,,,,
2025-02-10,2025-02-10,FO,NSE,IDO,51324,,NIFTY,,2025-02-13,2025-02-13,25300.0,PE,NIFTY2521325300PE,0.0,0.0,0.0,1700.05,1700.05,1700.05,23381.6,1904.9,600,0,0,0.0,0,F1,75,,,,,
2025-02-10,2025-02-10,FO,NSE,IDO,51328,,NIFTY,,2025-02-13,2025-02-13,25400.0,PE,NIFTY2521325400PE,0.0,0.0,0.0,1747.15,1747.0,1747.15,23381.6,2004.85,900,0,0,0.0,0,F1,75,,,,,
2025-02-10,2025-02-10,FO,NSE,IDO,63527,,NIFTY,,2025-02-20,2025-02-20,23000.0,PE,NIFTY2522023000PE,55.65,96.6,55.0,75.95,76.7,53.85,23381.6,75.95,732675,279825,39755,68815095142.5,21817,F1,75,,,,,
2025-02-10,2025-02-10,FO,NSE,IDO,63619,,NIFTY,,2025-02-20,2025-02-20,23400.0,PE,NIFTY2522023400PE,158.5,243.0,158.5,203.95,206.5,149.95,23381.6,203.95,380925,235125,29597,52414426710.0,17958,F1,75,,,,,
2025-02-10,2025-02-10,FO,NSE,IDO,63718,,NIFTY,,2025-02-20,2025-02-20,24500.0,PE,NIFTY2522024500PE,1020.0,1128.0,1010.9,1067.35,1067.45,902.95,23381.6,1067.35,10875,6525,115,220544280.0,52,F1,75,,,,,
2025-02-10,2025-02-10,FO,NSE,IDO,63793,,NIFTY,,2025-02-20,2025-02-20,24750.0,PE,NIFTY2522024750PE,0.0,0.0,0.0,1357.2,0.0,1357.2,23381.6,1325.55,0,0,0,0.0,0,F1,75,,,,,
2025-02-10,2025-02-10,FO,NSE,IDO,63802,,NIFTY,,2025-02-20,2025-02-20,24850.0,PE,NIFTY2522024850PE,0.0,0.0,0.0,1443.35,0.0,1443.35,23381.6,1424.85,0,0,0,0.0,0,F1,75,,,,,
2025-02-10,2025-02-10,FO,NSE,IDO,63973,,NIFTY,,2025-02-20,2025-02-20,25250.0,PE,NIFTY2522025250PE,0.0,0.0,0.0,1802.65,0.0,1802.65,23381.6,1823.55,0,0,0,0.0,0,F1,75,,,,,
2025-02-10,2025-02-10,FO,NSE,IDO,63990,,NIFTY,,2025-02-20,2025-02-20,25300.0,PE,NIFTY2522025300PE,0.0,0.0,0.0,1700.0,1700.0,1700.0,23381.6,1873.4,0,0,0,0.0,0,F1,75,,,,,
2025-02-10,2025-02-10,FO,NSE,IDO,55568,,NIFTY,,2025-02-27,2025-02-27,21300.0,PE,NIFTY25FEB21300PE,3.85,4.1,3.5,3.7,3.75,3.9,23381.6,3.7,480150,-31575,3016,4818915963.75,1059,F1,75,,,,,
2025-02-10,2025-02-10,FO,NSE,IDO,55604,,NIFTY,,2025-02-27,2025-02-27,22100.0,PE,NIFTY25FEB22100PE,15.25,20.15,12.7,17.05,17.85,14.6,23381.6,17.05,227625,-12600,4392,7285295287.5,2709,F1,75,,,,,
2025-02-10,2025-02-10,FO,NSE,IDO,57602,,NIFTY,,2025-02-27,2025-02-27,24000.0,PE,NIFTY25FEB24000PE,500.05,670.0,500.05,606.85,614.75,495.25,23381.6,606.85,1748775,11025,6008,11088866370.0,3676,F1,75,,,,,
2025-02-10,2025-02-10,FO,NSE,IDO,57624,,NIFTY,,2025-02-27,2025-02-27,24550.0,PE,NIFTY25FEB24550PE,0.0,0.0,0.0,1038.2,1038.2,1038.2,23381.6,1111.45,5100,0,0,0.0,0,F1,75,,,,,
2025-02-10,2025-02-10,FO,NSE,IDO,57630,,NIFTY,,2025-02-27,2025-02-27,24700.0,PE,NIFTY25FEB24700PE,1238.5,1286.45,1238.5,1286.45,1286.45,1165.0,23381.6,1254.15,40650,-225,6,11686286.25,6,F1,75,,,,,
2025-02-10,2025-02-10,FO,NSE,IDO,57650,,NIFTY,,2025-02-27,2025-02-27,25150.0,PE,NIFTY25FEB25150PE,0.0,0.0,0.0,1436.55,1436.55,1436.55,23381.6,1694.3,75,0,0,0.0,0,F1,75,,,,,
2025-02-10,2025-02-10,FO,NSE,IDO,57674,,NIFTY,,2025-02-27,2025-02-27,25750.0,PE,NIFTY25FEB25750PE,0.0,0.0,0.0,1975.6,1941.4,1975.6,23381.6,2290.7,600,0,0,0.0,0,F1,75,,,,,
2025-02-10,2025-02-10,FO,NSE,IDO,57682,,NIFTY,,2025-02-27,2025-02-27,25950.0,PE,NIFTY25FEB25950PE,0.0,0.0,0.0,2770.0,2770.0,2770.0,23381.6,2490.0,150,0,0,0.0,0,F1,75,,,,,
2025-02-10,2025-02-10,FO,NSE,IDO,57684,,NIFTY,,2025-02-27,2025-02-27,26000.0,PE,NIFTY25FEB26000PE,2468.6,2583.0,2462.2,2531.05,2524.2,2351.9,23381.6,2531.05,967050,-9300,224,479599451.25,109,F1,75,,,,,
2025-02-10,2025-02-10,FO,NSE,IDO,68396,,NIFTY,,2025-03-06,2025-03-06,21500.0,PE,NIFTY2530621500PE,8.65,13.8,8.65,11.8,10.8,9.9,23381.6,11.8,5625,1875,48,77443740.0,24,F1,75,,,,,
2025-02-10,2025-02-10,FO,NSE,IDO,68402,,NIFTY,,2025-03-06,2025-03-06,21650.0,PE,NIFTY2530621650PE,0.0,0.0,0.0,44.0,0.0,44.0,23381.6,2.45,0,0,0,0.0,0,F1,75,,,,,
2025-02-10,2025-02-10,FO,NSE,IDO,68412,,NIFTY,,2025-03-06,2025-03-06,21850.0,PE,NIFTY2530621850PE,0.0,0.0,0.0,63.25,0.0,63.25,23381.6,5.25,0,0,0,0.0,0,F1,75,,,,,
2025-02-10,2025-02-10,FO,NSE,IDO,68416,,NIFTY,,2025-03-06,2025-03-06,21950.0,PE,NIFTY2530621950PE,0.0,0.0,0.0,75.1,0.0,75.1,23381.6,7.55,0,0,0,0.0,0,F1,75,,,,,
2025-02-10,2025-02-10,FO,NSE,IDO,68427,,NIFTY,,2025-03-06,2025-03-06,22200.0,PE,NIFTY2530622200PE,28.0,28.0,28.0,28.0,28.0,28.0,23381.6,17.25,2400,75,1,1667100.0,1,F1,75,,,,,
2025-02-10,2025-02-10,FO,NSE,IDO,68469,,NIFTY,,2025-03-06,2025-03-06,23000.0,PE,NIFTY2530623000PE,131.0,168.0,129.1,147.65,157.45,115.85,23381.6,147.65,48825,10950,434,753538597.5,246,F1,75,,,,,
2025-02-10,2025-02-10,FO,NSE,IDO,68599,,NIFTY,,2025-03-06,2025-03-06,24100.0,PE,NIFTY2530624100PE,0.0,0.0,0.0,935.7,0.0,935.7,23381.6,722.65,0,0,0,0.0,0,F1,75,,,,,
2025-02-10,2025-02-10,FO,NSE,IDO,68603,,NIFTY,,2025-03-06,2025-03-06,24200.0,PE,NIFTY2530624200PE,0.0,0.0,0.0,1007.65,0.0,1007.65,23381.6,801.95,0,0,0,0.0,0,F1,75,,,,,
2025-02-10,2025-02-10,FO,NSE,IDO,68632,,NIFTY,,2025-03-06,2025-03-06,24750.0,PE,NIFTY2530624750PE,0.0,0.0,0.0,1443.4,0.0,1443.4,23381.6,1285.95,0,0,0,0.0,0,F1,75,,,,,
2025-02-10,2025-02-10,FO,NSE,IDO,68869,,NIFTY,,2025-03-06,2025-03-06,25400.0,PE,NIFTY2530625400PE,0.0,0.0,0.0,2022.1,0.0,2022.1,23381.6,1913.4,0,0,0,0.0,0,F1,75,,,,,
2025-02-10,2025-02-10,FO,NSE,IDO,45459,,NIFTY,,2025-03-13,2025-03-13,22300.0,PE,NIFTY2531322300PE,50.0,56.0,46.1,46.1,46.1,54.0,23381.6,36.9,675,300,4,6704902.5,4,F1,75,,,,,
2025-02-10,2025-02-10,FO,NSE,IDO,45503,,NIFTY,,2025-03-13,2025-03-13,23100.0,PE,NIFTY2531323100PE,0.0,0.0,0.0,206.6,0.0,206.6,23381.6,194.8,0,0,0,0.0,0,F1,75,,,,,
2025-02-10,2025-02-10,FO,NSE,IDO,45526,,NIFTY,,2025-03-13,2025-03-13,23450.0,PE,NIFTY2531323450PE,0.0,0.0,0.0,327.3,0.0,327.3,23381.6,336.4,0,0,0,0.0,0,F1,75,,,,,
2025-02-10,2025-02-10,FO,NSE,IDO,45585,,NIFTY,,2025-03-13,2025-03-13,24250.0,PE,NIFTY2531324250PE,0.0,0.0,0.0,753.1,0.0,753.1,23381.6,849.45,0,0,0,0.0,0,F1,75,,,,,
2025-02-10,2025-02-10,FO,NSE,IDO,45620,,NIFTY,,2025-03-13,2025-03-13,24800.0,PE,NIFTY2531324800PE,0.0,0.0,0.0,1157.75,0.0,1157.75,23381.6,1319.7,0,0,0,0.0,0,F1,75,,,,,
2025-02-10,2025-02-10,FO,NSE,IDO,45654,,NIFTY,,2025-03-13,2025-03-13,25300.0,PE,NIFTY2531325300PE,0.0,0.0,0.0,1583.1,0.0,1583.1,23381.6,1790.6,0,0,0,0.0,0,F1,75,,,,,
2025-02-10,2025-02-10,FO,NSE,IDO,45661,,NIFTY,,2025-03-13,2025-03-13,25350.0,PE,NIFTY2531325350PE,0.0,0.0,0.0,1627.85,0.0,1627.85,23381.6,1838.9,0,0,0,0.0,0,F1,75,,,,,
2025-02-10,2025-02-10,FO,NSE,IDO,46909,,NIFTY,,2025-03-27,2025-03-27,21750.0,PE,NIFTY25MAR21750PE,45.0,48.55,44.75,45.7,45.7,37.45,23381.6,45.7,3225,-1425,58,94813807.5,30,F1,75,,,,,
2025-02-10,2025-02-10,FO,NSE,IDO,46943,,NIFTY,,2025-03-27,2025-03-27,21950.0,PE,NIFTY25MAR21950PE,0.0,0.0,0.0,47.95,47.95,47.95,23381.6,31.0,750,0,0,0.0,0,F1,75,,,,,
2025-02-10,2025-02-10,FO,NSE,IDO,47015,,NIFTY,,2025-03-27,2025-03-27,22550.0,PE,NIFTY25MAR22550PE,0.0,0.0,0.0,104.55,105.35,104.55,23381.6,102.0,1650,0,0,0.0,0,F1,75,,,,,
2025-02-10,2025-02-10,FO,NSE,IDO,47021,,NIFTY,,2025-03-27,2025-03-27,22600.0,PE,NIFTY25MAR22600PE,122.15,147.5,113.05,133.95,137.05,113.05,23381.6,133.95,206175,35475,869,1481860500.0,596,F1,75,,,,,
2025-02-10,2025-02-10,FO,NSE,IDO,48348,,NIFTY,,2025-03-27,2025-03-27,23100.0,PE,NIFTY25MAR23100PE,215.05,275.75,215.05,250.3,253.85,209.9,23381.6,250.3,100425,16650,878,1538134177.5,574,F1,75,,,,,
2025-02-10,2025-02-10,FO,NSE,IDO,51460,,NIFTY,,2025-03-27,2025-03-27,23550.0,PE,NIFTY25MAR23550PE,375.7,439.0,375.7,413.75,414.05,354.1,23381.6,413.75,29025,-675,63,113194211.25,47,F1,75,,,,,
2025-02-10,2025-02-10,FO,NSE,IDO,53979,,NIFTY,,2025-03-27,2025-03-27,23800.0,PE,NIFTY25MAR23800PE,479.35,572.8,479.35,534.65,539.65,455.0,23381.6,534.65,60900,-5100,464,846880462.5,299,F1,75,,,,,
2025-02-10,2025-02-10,FO,NSE,IDO,55345,,NIFTY,,2025-03-27,2025-03-27,24450.0,PE,NIFTY25MAR24450PE,0.0,0.0,0.0,730.0,730.0,730.0,23381.6,1014.85,14850,0,0,0.0,0,F1,75,,,,,
2025-02-10,2025-02-10,FO,NSE,IDO,56529,,NIFTY,,2025-03-27,2025-03-27,24600.0,PE,NIFTY25MAR24600PE,1020.0,1020.0,1020.0,1020.0,1020.0,809.05,23381.6,1134.75,12675,75,1,1921500.0,1,F1,75,,,,,
2025-02-10,2025-02-10,FO,NSE,IDO,56543,,NIFTY,,2025-03-27,2025-03-27,24700.0,PE,NIFTY25MAR24700PE,0.0,0.0,0.0,1000.0,1000.0,1000.0,23381.6,1217.5,2700,0,0,0.0,0,F1,75,,,,,
2025-02-10,2025-02-10,FO,NSE,IDO,56545,,NIFTY,,2025-03-27,2025-03-27,24750.0,PE,NIFTY25MAR24750PE,0.0,0.0,0.0,1700.0,1700.0,1700.0,23381.6,1259.65,150,0,0,0.0,0,F1,75,,,,,
2025-02-10,2025-02-10,FO,NSE,IDO,56871,,NIFTY,,2025-03-27,2025-03-27,25150.0,PE,NIFTY25MAR25150PE,0.0,0.0,0.0,1346.45,0.0,1346.45,23381.6,1612.3,0,0,0,0.0,0,F1,75,,,,,
2025-02-10,2025-02-10,FO,NSE,IDO,56889,,NIFTY,,2025-03-27,2025-03-27,25600.0,PE,NIFTY25MAR25600PE,0.0,0.0,0.0,1620.0,1620.0,1620.0,23381.6,2032.9,75,0,0,0.0,0,F1,75,,,,,
2025-02-10,2025-02-10,FO,NSE,IDO,79391,,NIFTY,,2025-04-24,2025-04-24,22450.0,PE,NIFTY25APR22450PE,0.0,0.0,0.0,265.25,0.0,265.25,23381.6,140.3,0,0,0,0.0,0,F1,75,,,,,
2025-02-10,2025-02-10,FO,NSE,IDO,79401,,NIFTY,,2025-04-24,2025-04-24,22650.0,PE,NIFTY25APR22650PE,0.0,0.0,0.0,319.9,0.0,319.9,23381.6,182.95,0,0,0,0.0,0,F1,75,,,,,
2025-02-10,2025-02-10,FO,NSE,IDO,79410,,NIFTY,,2025-04-24,2025-04-24,22750.0,PE,NIFTY25APR22750PE,0.0,0.0,0.0,350.7,0.0,350.7,23381.6,207.55,0,0,0,0.0,0,F1,75,,,,,
2025-02-10,2025-02-10,FO,NSE,IDO,79518,,NIFTY,,2025-04-24,2025-04-24,23900.0,PE,NIFTY25APR23900PE,630.0,654.35,630.0,654.35,654.35,855.3,23381.6,675.75,675,675,9,16559576.25,2,F1,75,,,,,
2025-02-10,2025-02-10,FO,NSE,IDO,79671,,NIFTY,,2025-04-24,2025-04-24,24700.0,PE,NIFTY25APR24700PE,0.0,0.0,0.0,1367.8,0.0,1367.8,23381.6,1206.95,0,0,0,0.0,0,F1,75,,,,,
2025-02-10,2025-02-10,FO,NSE,IDO,38375,,NIFTY,,2025-06-26,2025-06-26,20000.0,PE,NIFTY25JUN20000PE,50.0,53.0,48.05,49.7,50.45,49.9,23381.6,49.7,748375,22300,602,905316701.25,329,F1,75,,,,,
2025-02-10,2025-02-10,FO,NSE,IDO,50538,,NIFTY,,2025-06-26,2025-06-26,28000.0,PE,NIFTY25JUN28000PE,0.0,0.0,0.0,7207.55,0.0,7207.55,23381.6,3971.6,0,0,0,0.0,0,F1,75,,,,,
2025-02-10,2025-02-10,FO,NSE,IDO,49180,,NIFTY,,2025-12-24,2025-12-24,16500.0,PE,NIFTY25DEC16500PE,0.0,0.0,0.0,20.3,20.3,20.3,23381.6,0.4,2750,0,0,0.0,0,F1,75,,,,,
2025-02-10,2025-02-10,FO,NSE,IDO,58627,,NIFTY,,2026-06-25,2026-06-25,22000.0,PE,NIFTY26JUN22000PE,0.0,0.0,0.0,3829.5,0.0,3829.5,23381.6,312.45,0,0,0,0.0,0,F1,75,,,,,
2025-02-10,2025-02-10,FO,NSE,IDO,71475,,NIFTY,,2026-06-25,2026-06-25,25000.0,PE,NIFTY26JUN25000PE,0.0,0.0,0.0,6063.1,0.0,6063.1,23381.6,1212.55,0,0,0,0.0,0,F1,75,,,,,
2025-02-10,2025-02-10,FO,NSE,IDO,50546,,NIFTY,,2026-06-25,2026-06-25,28000.0,PE,NIFTY26JUN28000PE,0.0,0.0,0.0,6532.55,0.0,6532.55,23381.6,2906.55,0,0,0,0.0,0,F1,75,,,,,
2025-02-10,2025-02-10,FO,NSE,IDO,58635,,NIFTY,,2026-12-31,2026-12-31,15000.0,PE,NIFTY26DEC15000PE,0.0,0.0,0.0,36.75,36.75,36.75,23381.6,1.0,2275,0,0,0.0,0,F1,75,,,,,
2025-02-10,2025-02-10,FO,NSE,IDO,58637,,NIFTY,,2026-12-31,2026-12-31,16000.0,PE,NIFTY26DEC16000PE,0.0,0.0,0.0,23.3,23.3,23.3,23381.6,3.45,2425,0,0,0.0,0,F1,75,,,,,
2025-02-10,2025-02-10,FO,NSE,IDO,38159,,NIFTY,,2026-12-31,2026-12-31,29000.0,PE,NIFTY26DEC29000PE,0.0,0.0,0.0,5042.25,0.0,5042.25,23381.6,3164.55,0,0,0,0.0,0,F1,75,,,,,
2025-02-10,2025-02-10,FO,NSE,IDO,53602,,NIFTY,,2027-12-30,2027-12-30,17000.0,PE,NIFTY27DEC17000PE,0.0,0.0,0.0,180.6,180.6,180.6,23381.6,19.55,14200,0,0,0.0,0,F1,75,,,,,
2025-02-10,2025-02-10,FO,NSE,IDO,86168,,NIFTY,,2028-06-29,2028-06-29,29000.0,PE,NIFTY28JUN29000PE,0.0,0.0,0.0,3595.9,0.0,3595.9,23381.6,2248.55,0,0,0,0.0,0,F1,75,,,,,
2025-02-10,2025-02-10,FO,NSE,IDO,89625,,NIFTY,,2029-06-28,2029-06-28,21000.0,PE,NIFTY29JUN21000PE,0.0,0.0,0.0,320.25,0.0,320.25,23381.6,201.8,0,0,0,0.0,0,F1,75,,,,,
2025-02-10,2025-02-10,FO,NSE,IDO,61411,,NIFTY,,2029-12-27,2029-12-27,20000.0,PE,NIFTY29DEC20000PE,0.0,0.0,0.0,202.3,0.0,202.3,23381.6,129.75,0,0,0,0.0,0,F1,75,,,,,
2025-02-10,2025-02-10,FO,NSE,IDO,61749,,NIFTY,,2029-12-27,2029-12-27,24000.0,PE,NIFTY29DEC24000PE,0.0,0.0,0.0,625.5,0.0,625.5,23381.6,519.65,0,0,0,0.0,0,F1,75,,,,,
2025-02-10,2025-02-10,FO,NSE,IDO,61779,,NIFTY,,2029-12-27,2029-12-27,26000.0,PE,NIFTY29DEC26000PE,0.0,0.0,0.0,969.6,0.0,969.6,23381.6,876.45,0,0,0,0.0,0,F1,75,,,,,
2025-02-10,2025-02-10,FO,NSE,IDO,51186,,NIFTY,,2025-02-13,2025-02-13,23000.0,CE,NIFTY2521323000CE,569.95,569.95,376.7,438.45,433.05,579.3,23381.6,438.45,317850,71175,37819,66460069751.25,20631,F1,75,,,,,
2025-02-10,2025-02-10,FO,NSE,IDO,51173,,NIFTY,,2025-02-13,2025-02-13,22700.0,CE,NIFTY2521322700CE,798.0,798.0,657.15,719.0,719.7,877.95,23381.6,719.0,16650,-900,170,298389266.25,134,F1,75,,,,,
2025-02-10,2025-02-10,FO,NSE,IDO,51151,,NIFTY,,2025-02-13,2025-02-13,22350.0,CE,NIFTY2521322350CE,1000.0,1129.4,1000.0,1013.0,1013.0,1166.35,23381.6,1043.55,225,75,6,10532688.75,6,F1,75,,,,,
2025-02-10,2025-02-10,FO,NSE,IDO,51139,,NIFTY,,2025-02-13,2025-02-13,22050.0,CE,NIFTY2521322050CE,1480.0,1480.0,1349.95,1349.95,1349.95,1485.95,23381.6,1343.4,1125,150,13,22859190.0,6,F1,75,,,,,
2025-02-10,2025-02-10,FO,NSE,IDO,51133,,NIFTY,,2025-02-13,2025-02-13,22000.0,CE,NIFTY2521322000CE,1501.7,1501.7,1350.0,1412.75,1412.05,1567.7,23381.6,1412.75,49275,29400,507,889287172.5,465,F1,75,,,,,
2025-02-10,2025-02-10,FO,NSE,IDO,51091,,NIFTY,,2025-02-13,2025-02-13,21500.0,CE,NIFTY2521321500CE,0.0,0.0,0.0,2147.65,2147.65,2147.65,23381.6,1893.1,1200,0,0,0.0,0,F1,75,,,,,
2025-02-10,2025-02-10,FO,NSE,IDO,51061,,NIFTY,,2025-02-13,2025-02-13,21150.0,CE,NIFTY2521321150CE,0.0,0.0,0.0,2529.25,0.0,2529.25,23381.6,2242.9,0,0,0,0.0,0,F1,75,,,,,
2025-02-10,2025-02-10,FO,NSE,IDO,51194,,NIFTY,,2025-02-13,2025-02-13,23100.0,CE,NIFTY2521323100CE,450.0,460.95,295.8,351.85,347.0,487.15,23381.6,351.85,140025,65925,26090,45868097010.0,14492,F1,75,,,,,
2025-02-10,2025-02-10,FO,NSE,IDO,51239,,NIFTY,,2025-02-13,2025-02-13,23700.0,CE,NIFTY2521323700CE,90.0,90.0,32.65,42.05,40.75,93.3,23381.6,42.05,8128650,3477450,1168820,2081693107620.0,520538,F1,75,,,,,
2025-02-10,2025-02-10,FO,NSE,IDO,51271,,NIFTY,,2025-02-13,2025-02-13,24400.0,CE,NIFTY2521324400CE,3.3,3.3,1.75,1.95,1.9,3.4,23381.6,1.95,5042775,675300,497391,910305097132.5,117252,F1,75,,,,,
2025-02-10,2025-02-10,FO,NSE,IDO,51283,,NIFTY,,2025-02-13,2025-02-13,24600.0,CE,NIFTY2521324600CE,2.0,2.15,1.25,1.35,1.25,2.0,23381.6,1.35,3432000,-1134975,419162,773399665357.5,81327,F1,75,,,,,
2025-02-10,2025-02-10,FO,NSE,IDO,63218,,NIFTY,,2025-02-20,2025-02-20,21500.0,CE,NIFTY2522021500CE,0.0,0.0,0.0,1980.05,0.0,1980.05,23381.6,1919.85,0,0,0,0.0,0,F1,75,,,,,
2025-02-10,2025-02-10,FO,NSE,IDO,63285,,NIFTY,,2025-02-20,2025-02-20,21950.0,CE,NIFTY2522021950CE,0.0,0.0,0.0,1562.95,0.0,1562.95,23381.6,1470.9,0,0,0,0.0,0,F1,75,,,,,
2025-02-10,2025-02-10,FO,NSE,IDO,45510,,NIFTY,,2025-03-13,2025-03-13,23200.0,CE,NIFTY2531323200CE,0.0,0.0,0.0,801.95,0.0,801.95,23381.6,539.35,0,0,0,0.0,0,F1,75,,,,,
2025-02-10,2025-02-10,FO,NSE,IDO,45517,,NIFTY,,2025-03-13,2025-03-13,23250.0,CE,NIFTY2531323250CE,0.0,0.0,0.0,768.75,0.0,768.75,23381.6,508.8,0,0,0,0.0,0,F1,75,,,,,
2025-02-10,2025-02-10,FO,NSE,IDO,68668,,NIFTY,,2025-03-06,2025-03-06,25200.0,CE,NIFTY2530625200CE,10.0,10.0,8.0,8.65,8.65,14.8,23381.6,8.65,1200,375,17,32141996.25,5,F1,75,,,,,
2025-02-10,2025-02-10,FO,NSE,IDO,68656,,NIFTY,,2025-03-06,2025-03-06,25050.0,CE,NIFTY2530625050CE,0.0,0.0,0.0,25.4,25.4,25.4,23381.6,9.95,75,0,0,0.0,0,F1,75,,,,,
2025-02-10,2025-02-10,FO,NSE,IDO,68627,,NIFTY,,2025-03-06,2025-03-06,24650.0,CE,NIFTY2530624650CE,38.45,38.45,27.05,32.75,27.05,121.6,23381.6,32.75,75,75,2,3702412.5,2,F1,75,,,,,
2025-02-10,2025-02-10,FO,NSE,IDO,68612,,NIFTY,,2025-03-06,2025-03-06,24350.0,CE,NIFTY2530624350CE,0.0,0.0,0.0,179.6,0.0,179.6,23381.6,62.2,0,0,0,0.0,0,F1,75,,,,,
2025-02-10,2025-02-10,FO,NSE,IDO,68590,,NIFTY,,2025-03-06,2025-03-06,23900.0,CE,NIFTY2530623900CE,163.0,163.0,135.3,156.45,155.45,207.9,23381.6,156.45,2400,600,45,81184027.5,23,F1,75,,,,,
2025-02-10,2025-02-10,FO,NSE,IDO,45538,,NIFTY,,2025-03-13,2025-03-13,23700.0,CE,NIFTY2531323700CE,260.0,260.0,260.0,260.0,260.0,384.85,23381.6,281.5,75,0,1,1797000.0,1,F1,75,,,,,
2025-02-10,2025-02-10,FO,NSE,IDO,45540,,NIFTY,,2025-03-13,2025-03-13,23750.0,CE,NIFTY2531323750CE,0.0,0.0,0.0,480.9,0.0,480.9,23381.6,261.55,0,0,0,0.0,0,F1,75,,,,,
2025-02-10,2025-02-10,FO,NSE,IDO,45586,,NIFTY,,2025-03-13,2025-03-13,24300.0,CE,NIFTY2531324300CE,115.9,115.9,115.9,115.9,115.9,258.9,23381.6,115.9,150,150,2,3662385.0,1,F1,75,,,,,
2025-02-10,2025-02-10,FO,NSE,IDO,45593,,NIFTY,,2025-03-13,2025-03-13,24400.0,CE,NIFTY2531324400CE,0.0,0.0,0.0,228.5,0.0,228.5,23381.6,86.5,0,0,0,0.0,0,F1,75,,,,,
2025-02-10,2025-02-10,FO,NSE,IDO,46874,,NIFTY,,2025-03-27,2025-03-27,21400.0,CE,NIFTY25MAR21400CE,0.0,0.0,0.0,2789.25,0.0,2789.25,23381.6,2160.45,0,0,0,0.0,0,F1,75,,,,,
2025-02-10,2025-02-10,FO,NSE,IDO,46942,,NIFTY,,2025-03-27,2025-03-27,21950.0,CE,NIFTY25MAR21950CE,0.0,0.0,0.0,2301.2,0.0,2301.2,23381.6,1637.8,0,0,0,0.0,0,F1,75,,,,,
2025-02-10,2025-02-10,FO,NSE,IDO,48192,,NIFTY,,2025-03-27,2025-03-27,22850.0,CE,NIFTY25MAR22850CE,935.0,949.95,889.5,900.0,900.0,940.0,23381.6,881.8,375,300,9,16043148.75,9,F1,75,,,,,
2025-02-10,2025-02-10,FO,NSE,IDO,48245,,NIFTY,,2025-03-27,2025-03-27,22950.0,CE,NIFTY25MAR22950CE,0.0,0.0,0.0,858.15,858.15,858.15,23381.6,810.3,525,0,0,0.0,0,F1,75,,,,,
2025-02-10,2025-02-10,FO,NSE,IDO,48347,,NIFTY,,2025-03-27,2025-03-27,23100.0,CE,NIFTY25MAR23100CE,815.3,815.3,722.3,757.0,760.0,815.3,23381.6,757.0,32850,3975,77,137734466.25,64,F1,75,,,,,
2025-02-10,2025-02-10,FO,NSE,IDO,64566,,NIFTY,,2025-03-27,2025-03-27,24000.0,CE,NIFTY25MAR24000CE,320.05,328.65,246.2,268.25,265.0,328.7,23381.6,268.25,1840925,107625,11619,21148292572.5,6544,F1,75,,,,,
2025-02-10,2025-02-10,FO,NSE,IDO,56546,,NIFTY,,2025-03-27,2025-03-27,24800.0,CE,NIFTY25MAR24800CE,83.0,83.0,63.15,69.2,67.8,87.0,23381.6,69.2,131325,-12450,2948,5498632593.75,1624,F1,75,,,,,
2025-02-10,2025-02-10,FO,NSE,IDO,56572,,NIFTY,,2025-03-27,2025-03-27,24950.0,CE,NIFTY25MAR24950CE,60.65,60.65,50.05,54.8,54.8,70.2,23381.6,54.8,7350,-75,7,13128037.5,7,F1,75,,,,,
2025-02-10,2025-02-10,FO,NSE,IDO,56880,,NIFTY,,2025-03-27,2025-03-27,25400.0,CE,NIFTY25MAR25400CE,26.65,28.0,24.1,25.5,24.35,31.0,23381.6,25.5,43875,2550,555,1058346090.0,274,F1,75,,,,,
2025-02-10,2025-02-10,FO,NSE,IDO,56886,,NIFTY,,2025-03-27,2025-03-27,25550.0,CE,NIFTY25MAR25550CE,23.0,23.0,19.0,21.55,21.25,25.55,23381.6,21.55,7425,150,6,11506946.25,6,F1,75,,,,,
2025-02-10,2025-02-10,FO,NSE,IDO,79264,,NIFTY,,2025-04-24,2025-04-24,21700.0,CE,NIFTY25APR21700CE,0.0,0.0,0.0,2027.45,0.0,2027.45,23381.6,2005.75,0,0,0,0.0,0,F1,75,,,,,
2025-02-10,2025-02-10,FO,NSE,IDO,68588,,NIFTY,,2025-03-06,2025-03-06,23850.0,CE,NIFTY2530623850CE,0.0,0.0,0.0,322.35,0.0,322.35,23381.6,173.95,0,0,0,0.0,0,F1,75,,,,,
2025-02-10,2025-02-10,FO,NSE,IDO,68482,,NIFTY,,2025-03-06,2025-03-06,23350.0,CE,NIFTY2530623350CE,0.0,0.0,0.0,675.2,675.2,675.2,23381.6,391.35,75,0,0,0.0,0,F1,75,,,,,
2025-02-10,2025-02-10,FO,NSE,IDO,68476,,NIFTY,,2025-03-06,2025-03-06,23200.0,CE,NIFTY2530623200CE,658.75,658.75,506.4,510.7,511.0,682.5,23381.6,510.7,675,600,10,17796948.75,10,F1,75,,,,,
2025-02-10,2025-02-10,FO,NSE,IDO,68470,,NIFTY,,2025-03-06,2025-03-06,23050.0,CE,NIFTY2530623050CE,0.0,0.0,0.0,699.05,0.0,699.05,23381.6,579.35,0,0,0,0.0,0,F1,75,,,,,
2025-02-10,2025-02-10,FO,NSE,IDO,79507,,NIFTY,,2025-04-24,2025-04-24,23650.0,CE,NIFTY25APR23650CE,0.0,0.0,0.0,725.8,725.8,725.8,23381.6,580.5,675,0,0,0.0,0,F1,75,,,,,
2025-02-10,2025-02-10,FO,NSE,IDO,45865,,NIFTY,,2025-06-26,2025-06-26,17000.0,CE,NIFTY25JUN17000CE,0.0,0.0,0.0,6850.0,6850.0,6850.0,23381.6,6788.4,2850,0,0,0.0,0,F1,75,,,,,
2025-02-10,2025-02-10,FO,NSE,IDO,39982,,NIFTY,,2025-06-26,2025-06-26,19000.0,CE,NIFTY25JUN19000CE,4955.0,4955.0,4730.35,4769.0,4769.0,4955.0,23381.6,4769.0,2400,1500,26,46349152.5,26,F1,75,,,,,
2025-02-10,2025-02-10,FO,NSE,IDO,71379,,NIFTY,,2025-06-26,2025-06-26,24000.0,CE,NIFTY25JUN24000CE,802.25,802.25,719.35,741.45,742.95,821.15,23381.6,741.45,401700,14775,1505,2793255540.0,1301,F1,75,,,,,
2025-02-10,2025-02-10,FO,NSE,IDO,50969,,NIFTY,,2025-06-26,2025-06-26,27000.0,CE,NIFTY25JUN27000CE,64.0,64.0,55.6,59.45,60.0,64.45,23381.6,59.45,303400,-4675,589,1195304535.0,382,F1,75,,,,,
2025-02-10,2025-02-10,FO,NSE,IDO,38150,,NIFTY,,2025-06-26,2025-06-26,29000.0,CE,NIFTY25JUN29000CE,21.7,21.8,17.8,20.35,20.7,21.7,23381.6,20.35,51175,-375,51,111002088.75,36,F1,75,,,,,
2025-02-10,2025-02-10,FO,NSE,IDO,58624,,NIFTY,,2026-06-25,2026-06-25,12000.0,CE,NIFTY26JUN12000CE,0.0,0.0,0.0,8690.0,8690.0,8690.0,23381.6,12403.9,50,0,0,0.0,0,F1,75,,,,,
2025-02-10,2025-02-10,FO,NSE,IDO,50556,,NIFTY,,2026-06-25,2026-06-25,18000.0,CE,NIFTY26JUN18000CE,0.0,0.0,0.0,7400.0,7400.0,7400.0,23381.6,6929.2,100,0,0,0.0,0,F1,75,,,,,
2025-02-10,2025-02-10,FO,NSE,IDO,39989,,NIFTY,,2026-06-25,2026-06-25,19000.0,CE,NIFTY26JUN19000CE,0.0,0.0,0.0,5792.0,5792.0,5792.0,23381.6,6037.2,100,0,0,0.0,0,F1,75,,,,,
2025-02-10,2025-02-10,FO,NSE,IDO,58636,,NIFTY,,2026-12-31,2026-12-31,16000.0,CE,NIFTY26DEC16000CE,0.0,0.0,0.0,6200.0,6200.0,6200.0,23381.6,9232.55,50,0,0,0.0,0,F1,75,,,,,
2025-02-10,2025-02-10,FO,NSE,IDO,67784,,NIFTY,,2028-12-28,2028-12-28,25000.0,CE,NIFTY28DEC25000CE,0.0,0.0,0.0,5350.4,0.0,5350.4,23381.6,4764.35,0,0,0,0.0,0,F1,75,,,,,
2025-02-10,2025-02-10,FO,NSE,IDO,61914,,NIFTY,,2029-12-27,2029-12-27,29000.0,CE,NIFTY29DEC29000CE,0.0,0.0,0.0,5305.8,0.0,5305.8,23381.6,3916.15,0,0,0,0.0,0,F1,75,,,,,
2025-02-10,2025-02-10,FO,NSE,IDO,51130,,NIFTY,,2025-02-13,2025-02-13,21900.0,PE,NIFTY2521321900PE,1.15,1.25,0.6,0.8,0.6,1.25,23381.6,0.8,736950,46350,53637,88102702961.25,14219,F1,75,,,,,
2025-02-10,2025-02-10,FO,NSE,IDO,51134,,NIFTY,,2025-02-13,2025-02-13,22000.0,PE,NIFTY2521322000PE,1.1,1.4,0.65,0.75,0.7,1.25,23381.6,0.75,4904700,145575,336603,555420473715.0,51728,F1,75,,,,,
2025-02-10,2025-02-10,FO,NSE,IDO,51220,,NIFTY,,2025-02-13,2025-02-13,23550.0,PE,NIFTY2521323550PE,150.05,268.95,145.6,215.2,219.65,143.0,23381.6,215.2,648600,-427650,253938,452519071162.5,162522,F1,75,,,,,
2025-02-10,2025-02-10,FO,NSE,IDO,51292,,NIFTY,,2025-02-13,2025-02-13,24800.0,PE,NIFTY2521324800PE,1413.0,1452.0,1404.0,1436.0,1436.0,1220.0,23381.6,1405.15,4425,-825,11,21635336.25,11,F1,75,,,,,
2025-02-10,2025-02-10,FO,NSE,IDO,51330,,NIFTY,,2025-02-13,2025-02-13,25450.0,PE,NIFTY2521325450PE,0.0,0.0,0.0,1800.35,1800.35,1800.35,23381.6,2054.8,375,0,0,0.0,0,F1,75,,,,,
2025-02-10,2025-02-10,FO,NSE,IDO,63221,,NIFTY,,2025-02-20,2025-02-20,21550.0,PE,NIFTY2522021550PE,2.85,3.05,2.1,2.25,2.35,2.9,23381.6,2.25,6075,825,105,169725716.25,50,F1,75,,,,,
2025-02-10,2025-02-10,FO,NSE,IDO,63286,,NIFTY,,2025-02-20,2025-02-20,21950.0,PE,NIFTY2522021950PE,5.25,5.25,3.4,3.7,3.85,4.3,23381.6,3.7,15150,10200,780,1284306030.0,453,F1,75,,,,,
2025-02-10,2025-02-10,FO,NSE,IDO,63325,,NIFTY,,2025-02-20,2025-02-20,22250.0,PE,NIFTY2522022250PE,7.75,11.2,7.0,8.1,8.6,7.0,23381.6,8.1,45825,36075,2228,3719471362.5,1558,F1,75,,,,,
2025-02-10,2025-02-10,FO,NSE,IDO,63492,,NIFTY,,2025-02-20,2025-02-20,22850.0,PE,NIFTY2522022850PE,39.4,64.6,39.15,50.35,52.4,35.45,23381.6,50.35,64500,27375,4986,8564716023.75,2761,F1,75,,,,,
2025-02-10,2025-02-10,FO,NSE,IDO,63689,,NIFTY,,2025-02-20,2025-02-20,24150.0,PE,NIFTY2522024150PE,721.0,751.0,721.0,751.0,751.0,595.4,23381.6,746.2,1500,675,49,91457175.0,7,F1,75,,,,,
2025-02-10,2025-02-10,FO,NSE,IDO,63714,,NIFTY,,2025-02-20,2025-02-20,24400.0,PE,NIFTY2522024400PE,1010.0,1010.0,981.0,981.0,981.0,790.0,23381.6,981.0,900,150,2,3809325.0,2,F1,75,,,,,
2025-02-10,2025-02-10,FO,NSE,IDO,63723,,NIFTY,,2025-02-20,2025-02-20,24550.0,PE,NIFTY2522024550PE,0.0,0.0,0.0,1036.0,1036.0,1036.0,23381.6,1128.1,600,0,0,0.0,0,F1,75,,,,,
2025-02-10,2025-02-10,FO,NSE,IDO,63808,,NIFTY,,2025-02-20,2025-02-20,24950.0,PE,NIFTY2522024950PE,0.0,0.0,0.0,1531.15,0.0,1531.15,23381.6,1524.4,0,0,0,0.0,0,F1,75,,,,,
2025-02-10,2025-02-10,FO,NSE,IDO,63816,,NIFTY,,2025-02-20,2025-02-20,25100.0,PE,NIFTY2522025100PE,0.0,0.0,0.0,1665.5,0.0,1665.5,23381.6,1673.9,0,0,0,0.0,0,F1,75,,,,,
2025-02-10,2025-02-10,FO,NSE,IDO,55562,,NIFTY,,2025-02-27,2025-02-27,21150.0,PE,NIFTY25FEB21150PE,4.45,4.45,3.5,3.6,3.7,4.0,23381.6,3.6,28200,2925,249,395047893.75,138,F1,75,,,,,
2025-02-10,2025-02-10,FO,NSE,IDO,55570,,NIFTY,,2025-02-27,2025-02-27,21350.0,PE,NIFTY25FEB21350PE,4.65,4.65,3.2,4.05,4.25,4.6,23381.6,4.05,46950,-2325,233,373162620.0,88,F1,75,,,,,
2025-02-10,2025-02-10,FO,NSE,IDO,55572,,NIFTY,,2025-02-27,2025-02-27,21400.0,PE,NIFTY25FEB21400PE,4.7,4.75,3.8,4.25,4.4,4.7,23381.6,4.25,173250,-14550,2210,3547764157.5,1070,F1,75,,,,,
2025-02-10,2025-02-10,FO,NSE,IDO,55590,,NIFTY,,2025-02-27,2025-02-27,21750.0,PE,NIFTY25FEB21750PE,9.55,9.55,6.15,8.3,8.65,7.65,23381.6,8.3,29250,-1500,736,1201055992.5,525,F1,75,,,,,
2025-02-10,2025-02-10,FO,NSE,IDO,55598,,NIFTY,,2025-02-27,2025-02-27,21950.0,PE,NIFTY25FEB21950PE,10.85,14.7,10.4,13.0,13.3,10.85,23381.6,13.0,33300,8700,722,1189279575.0,544,F1,75,,,,,
2025-02-10,2025-02-10,FO,NSE,IDO,55600,,NIFTY,,2025-02-27,2025-02-27,22000.0,PE,NIFTY25FEB22000PE,12.8,16.8,11.5,14.35,15.0,12.5,23381.6,14.35,3215025,18450,31137,51409549481.25,13511,F1,75,,,,,
2025-02-10,2025-02-10,FO,NSE,IDO,55616,,NIFTY,,2025-02-27,2025-02-27,22400.0,PE,NIFTY25FEB22400PE,27.0,38.25,23.25,32.3,33.75,25.95,23381.6,32.3,575850,-40125,7879,13256122687.5,4390,F1,75,,,,,
2025-02-10,2025-02-10,FO,NSE,IDO,57606,,NIFTY,,2025-02-27,2025-02-27,24100.0,PE,NIFTY25FEB24100PE,601.0,745.5,601.0,690.2,690.5,568.0,23381.6,690.2,67200,1350,92,171134212.5,80,F1,75,,,,,
2025-02-10,2025-02-10,FO,NSE,IDO,57638,,NIFTY,,2025-02-27,2025-02-27,24900.0,PE,NIFTY25FEB24900PE,1475.0,1475.0,1475.0,1475.0,1475.0,1156.0,23381.6,1448.2,8925,-75,2,3956250.0,2,F1,75,,,,,
2025-02-10,2025-02-10,FO,NSE,IDO,57662,,NIFTY,,2025-02-27,2025-02-27,25450.0,PE,NIFTY25FEB25450PE,0.0,0.0,0.0,1177.0,1177.0,1177.0,23381.6,1992.0,75,0,0,0.0,0,F1,75,,,,,
2025-02-10,2025-02-10,FO,NSE,IDO,57686,,NIFTY,,2025-02-27,2025-02-27,26050.0,PE,NIFTY25FEB26050PE,0.0,0.0,0.0,1902.05,0.0,1902.05,23381.6,2589.7,0,0,0,0.0,0,F1,75,,,,,
2025-02-10,2025-02-10,FO,NSE,IDO,57701,,NIFTY,,2025-02-27,2025-02-27,26250.0,PE,NIFTY25FEB26250PE,0.0,0.0,0.0,2610.0,2610.0,2610.0,23381.6,2789.05,825,0,0,0.0,0,F1,75,,,,,
2025-02-10,2025-02-10,FO,NSE,IDO,68375,,NIFTY,,2025-03-06,2025-03-06,21100.0,PE,NIFTY2530621100PE,6.3,7.7,5.05,6.5,6.35,6.0,23381.6,6.5,6825,2700,80,126639461.25,44,F1,75,,,,,
2025-02-10,2025-02-10,FO,NSE,IDO,68379,,NIFTY,,2025-03-06,2025-03-06,21200.0,PE,NIFTY2530621200PE,0.0,0.0,0.0,17.7,0.0,17.7,23381.6,0.35,0,0,0,0.0,0,F1,75,,,,,
2025-02-10,2025-02-10,FO,NSE,IDO,68392,,NIFTY,,2025-03-06,2025-03-06,21400.0,PE,NIFTY2530621400PE,0.0,0.0,0.0,27.0,0.0,27.0,23381.6,0.85,0,0,0,0.0,0,F1,75,,,,,
2025-02-10,2025-02-10,FO,NSE,IDO,68418,,NIFTY,,2025-03-06,2025-03-06,22000.0,PE,NIFTY2530622000PE,22.0,30.0,19.3,26.85,27.2,22.7,23381.6,26.85,9975,7275,219,361798417.5,126,F1,75,,,,,
2025-02-10,2025-02-10,FO,NSE,IDO,68439,,NIFTY,,2025-03-06,2025-03-06,22450.0,PE,NIFTY2530622450PE,0.0,0.0,0.0,163.3,0.0,163.3,23381.6,35.95,0,0,0,0.0,0,F1,75,,,,,
2025-02-10,2025-02-10,FO,NSE,IDO,68451,,NIFTY,,2025-03-06,2025-03-06,22600.0,PE,NIFTY2530622600PE,72.0,72.0,72.0,72.0,72.0,200.7,23381.6,53.6,150,150,2,3400800.0,2,F1,75,,,,,
2025-02-10,2025-02-10,FO,NSE,IDO,68457,,NIFTY,,2025-03-06,2025-03-06,22750.0,PE,NIFTY2530622750PE,0.0,0.0,0.0,244.25,0.0,244.25,23381.6,77.6,0,0,0,0.0,0,F1,75,,,,,
2025-02-10,2025-02-10,FO,NSE,IDO,68459,,NIFTY,,2025-03-06,2025-03-06,22800.0,PE,NIFTY2530622800PE,95.0,120.7,95.0,105.8,105.55,76.05,23381.6,105.8,1650,825,33,56702553.75,30,F1,75,,,,,
2025-02-10,2025-02-10,FO,NSE,IDO,68477,,NIFTY,,2025-03-06,2025-03-06,23200.0,PE,NIFTY2530623200PE,216.65,226.1,199.9,202.65,205.4,175.0,23381.6,202.65,4875,1200,29,50931273.75,20,F1,75,,,,,
2025-02-10,2025-02-10,FO,NSE,IDO,68481,,NIFTY,,2025-03-06,2025-03-06,23300.0,PE,NIFTY2530623300PE,214.0,272.5,214.0,236.3,237.8,196.7,23381.6,236.3,7050,2475,115,203073000.0,87,F1,75,,,,,
2025-02-10,2025-02-10,FO,NSE,IDO,68487,,NIFTY,,2025-03-06,2025-03-06,23400.0,PE,NIFTY2530623400PE,266.35,309.0,252.3,279.95,276.9,238.2,23381.6,279.95,5775,3525,136,241560498.75,96,F1,75,,,,,
2025-02-10,2025-02-10,FO,NSE,IDO,68573,,NIFTY,,2025-03-06,2025-03-06,23450.0,PE,NIFTY2530623450PE,268.9,330.0,268.0,304.0,304.0,268.9,23381.6,304.0,825,150,12,21372832.5,9,F1,75,,,,,
2025-02-10,2025-02-10,FO,NSE,IDO,68667,,NIFTY,,2025-03-06,2025-03-06,25150.0,PE,NIFTY2530625150PE,0.0,0.0,0.0,1793.35,0.0,1793.35,23381.6,1668.5,0,0,0,0.0,0,F1,75,,,,,
2025-02-10,2025-02-10,FO,NSE,IDO,68674,,NIFTY,,2025-03-06,2025-03-06,25250.0,PE,NIFTY2530625250PE,0.0,0.0,0.0,1884.05,0.0,1884.05,23381.6,1766.15,0,0,0,0.0,0,F1,75,,,,,
2025-02-10,2025-02-10,FO,NSE,IDO,45431,,NIFTY,,2025-03-13,2025-03-13,21800.0,PE,NIFTY2531321800PE,19.55,24.9,19.55,24.9,24.9,19.55,23381.6,9.2,150,150,2,3273333.75,2,F1,75,,,,,
2025-02-10,2025-02-10,FO,NSE,IDO,45445,,NIFTY,,2025-03-13,2025-03-13,22100.0,PE,NIFTY2531322100PE,0.0,0.0,0.0,37.35,0.0,37.35,23381.6,21.9,0,0,0,0.0,0,F1,75,,,,,
2025-02-10,2025-02-10,FO,NSE,IDO,45466,,NIFTY,,2025-03-13,2025-03-13,22450.0,PE,NIFTY2531322450PE,0.0,0.0,0.0,73.2,0.0,73.2,23381.6,52.9,0,0,0,0.0,0,F1,75,,,,,
2025-02-10,2025-02-10,FO,NSE,IDO,45483,,NIFTY,,2025-03-13,2025-03-13,22850.0,PE,NIFTY2531322850PE,0.0,0.0,0.0,142.95,0.0,142.95,23381.6,123.75,0,0,0,0.0,0,F1,75,,,,,
2025-02-10,2025-02-10,FO,NSE,IDO,45485,,NIFTY,,2025-03-13,2025-03-13,22900.0,PE,NIFTY2531322900PE,0.0,0.0,0.0,154.35,0.0,154.35,23381.6,136.15,0,0,0,0.0,0,F1,75,,,,,
2025-02-10,2025-02-10,FO,NSE,IDO,45513,,NIFTY,,2025-03-13,2025-03-13,23200.0,PE,NIFTY2531323200PE,0.0,0.0,0.0,237.2,0.0,237.2,23381.6,230.05,0,0,0,0.0,0,F1,75,,,,,
2025-02-10,2025-02-10,FO,NSE,IDO,45601,,NIFTY,,2025-03-13,2025-03-13,24450.0,PE,NIFTY2531324450PE,0.0,0.0,0.0,890.9,0.0,890.9,23381.6,1012.3,0,0,0,0.0,0,F1,75,,,,,
2025-02-10,2025-02-10,FO,NSE,IDO,45611,,NIFTY,,2025-03-13,2025-03-13,24600.0,PE,NIFTY2531324600PE,0.0,0.0,0.0,1002.65,0.0,1002.65,23381.6,1141.0,0,0,0,0.0,0,F1,75,,,,,
2025-02-10,2025-02-10,FO,NSE,IDO,45613,,NIFTY,,2025-03-13,2025-03-13,24650.0,PE,NIFTY2531324650PE,0.0,0.0,0.0,1039.8,0.0,1039.8,23381.6,1185.0,0,0,0,0.0,0,F1,75,,,,,
2025-02-10,2025-02-10,FO,NSE,IDO,45616,,NIFTY,,2025-03-13,2025-03-13,24700.0,PE,NIFTY2531324700PE,0.0,0.0,0.0,1078.55,0.0,1078.55,23381.6,1229.45,0,0,0,0.0,0,F1,75,,,,,
2025-02-10,2025-02-10,FO,NSE,IDO,45637,,NIFTY,,2025-03-13,2025-03-13,24950.0,PE,NIFTY2531324950PE,0.0,0.0,0.0,1280.55,0.0,1280.55,23381.6,1458.0,0,0,0,0.0,0,F1,75,,,,,
2025-02-10,2025-02-10,FO,NSE,IDO,45652,,NIFTY,,2025-03-13,2025-03-13,25250.0,PE,NIFTY2531325250PE,0.0,0.0,0.0,1538.65,0.0,1538.65,23381.6,1742.4,0,0,0,0.0,0,F1,75,,,,,
2025-02-10,2025-02-10,FO,NSE,IDO,46849,,NIFTY,,2025-03-27,2025-03-27,21200.0,PE,NIFTY25MAR21200PE,20.55,25.4,20.55,24.1,24.1,20.55,23381.6,24.1,14625,-600,45,71632695.0,26,F1,75,,,,,
2025-02-10,2025-02-10,FO,NSE,IDO,47026,,NIFTY,,2025-03-27,2025-03-27,22650.0,PE,NIFTY25MAR22650PE,143.0,144.3,138.6,142.0,144.3,120.0,23381.6,142.0,4500,75,4,6837667.5,4,F1,75,,,,,
2025-02-10,2025-02-10,FO,NSE,IDO,48243,,NIFTY,,2025-03-27,2025-03-27,22900.0,PE,NIFTY25MAR22900PE,159.75,217.35,159.75,196.75,199.05,163.0,23381.6,196.75,155625,48825,1557,2698121208.75,902,F1,75,,,,,
2025-02-10,2025-02-10,FO,NSE,IDO,48246,,NIFTY,,2025-03-27,2025-03-27,22950.0,PE,NIFTY25MAR22950PE,227.95,227.95,209.15,210.55,211.05,178.05,23381.6,210.55,18450,1950,124,215476503.75,120,F1,75,,,,,
2025-02-10,2025-02-10,FO,NSE,IDO,48696,,NIFTY,,2025-03-27,2025-03-27,23200.0,PE,NIFTY25MAR23200PE,252.0,308.25,252.0,282.9,286.25,236.55,23381.6,282.9,214125,37350,1895,3338190536.25,1399,F1,75,,,,,
2025-02-10,2025-02-10,FO,NSE,IDO,51474,,NIFTY,,2025-03-27,2025-03-27,23600.0,PE,NIFTY25MAR23600PE,369.0,468.5,369.0,436.6,438.7,365.55,23381.6,436.6,94050,-6225,801,1443949016.25,608,F1,75,,,,,
2025-02-10,2025-02-10,FO,NSE,IDO,56567,,NIFTY,,2025-03-27,2025-03-27,24850.0,PE,NIFTY25MAR24850PE,0.0,0.0,0.0,1148.3,0.0,1148.3,23381.6,1345.35,0,0,0,0.0,0,F1,75,,,,,
2025-02-10,2025-02-10,FO,NSE,IDO,64571,,NIFTY,,2025-03-27,2025-03-27,25000.0,PE,NIFTY25MAR25000PE,1315.85,1461.7,1315.85,1413.2,1411.8,1278.75,23381.6,1413.2,690725,-12125,839,1662358657.5,663,F1,75,,,,,
2025-02-10,2025-02-10,FO,NSE,IDO,56869,,NIFTY,,2025-03-27,2025-03-27,25100.0,PE,NIFTY25MAR25100PE,0.0,0.0,0.0,1312.35,0.0,1312.35,23381.6,1566.9,0,0,0,0.0,0,F1,75,,,,,
2025-02-10,2025-02-10,FO,NSE,IDO,56893,,NIFTY,,2025-03-27,2025-03-27,25700.0,PE,NIFTY25MAR25700PE,0.0,0.0,0.0,1748.15,0.0,1748.15,23381.6,2128.65,0,0,0,0.0,0,F1,75,,,,,
2025-02-10,2025-02-10,FO,NSE,IDO,79257,,NIFTY,,2025-04-24,2025-04-24,21500.0,PE,NIFTY25APR21500PE,54.95,64.95,54.1,60.75,59.4,52.95,23381.6,60.75,54975,14175,536,866754408.75,310,F1,75,,,,,
2025-02-10,2025-02-10,FO,NSE,IDO,79399,,NIFTY,,2025-04-24,2025-04-24,22600.0,PE,NIFTY25APR22600PE,190.0,192.75,185.4,186.95,186.95,165.0,23381.6,171.45,1275,300,9,15383152.5,9,F1,75,,,,,
2025-02-10,2025-02-10,FO,NSE,IDO,79408,,NIFTY,,2025-04-24,2025-04-24,22700.0,PE,NIFTY25APR22700PE,197.0,218.85,191.3,203.7,206.0,196.6,23381.6,203.7,5475,1650,45,77304255.0,43,F1,75,,,,,
2025-02-10,2025-02-10,FO,NSE,IDO,79536,,NIFTY,,2025-04-24,2025-04-24,24000.0,PE,NIFTY25APR24000PE,585.95,708.1,585.9,668.35,671.0,589.65,23381.6,668.35,150525,12075,699,1293488306.25,574,F1,75,,,,,
2025-02-10,2025-02-10,FO,NSE,IDO,79607,,NIFTY,,2025-04-24,2025-04-24,24150.0,PE,NIFTY25APR24150PE,0.0,0.0,0.0,1002.05,0.0,1002.05,23381.6,824.9,0,0,0,0.0,0,F1,75,,,,,
2025-02-10,2025-02-10,FO,NSE,IDO,79724,,NIFTY,,2025-04-24,2025-04-24,24950.0,PE,NIFTY25APR24950PE,0.0,0.0,0.0,1553.0,0.0,1553.0,23381.6,1401.95,0,0,0,0.0,0,F1,75,,,,,
2025-02-10,2025-02-10,FO,NSE,IDO,79726,,NIFTY,,2025-04-24,2025-04-24,25000.0,PE,NIFTY25APR25000PE,1233.85,1383.2,1233.85,1332.95,1348.85,1228.15,23381.6,1332.95,13950,900,51,100773146.25,37,F1,75,,,,,
2025-02-10,2025-02-10,FO,NSE,IDO,79738,,NIFTY,,2025-04-24,2025-04-24,25250.0,PE,NIFTY25APR25250PE,0.0,0.0,0.0,1785.5,0.0,1785.5,23381.6,1650.35,0,0,0,0.0,0,F1,75,,,,,
2025-02-10,2025-02-10,FO,NSE,IDO,79747,,NIFTY,,2025-04-24,2025-04-24,25400.0,PE,NIFTY25APR25400PE,0.0,0.0,0.0,1906.85,0.0,1906.85,23381.6,1779.5,0,0,0,0.0,0,F1,75,,,,,
2025-02-10,2025-02-10,FO,NSE,IDO,79751,,NIFTY,,2025-04-24,2025-04-24,25500.0,PE,NIFTY25APR25500PE,0.0,0.0,0.0,1989.35,0.0,1989.35,23381.6,1867.25,0,0,0,0.0,0,F1,75,,,,,
2025-02-10,2025-02-10,FO,NSE,IDO,43386,,NIFTY,,2025-06-26,2025-06-26,14000.0,PE,NIFTY25JUN14000PE,0.0,0.0,0.0,0.25,0.25,0.25,23381.6,0.05,2925,0,0,0.0,0,F1,75,,,,,
2025-02-10,2025-02-10,FO,NSE,IDO,71382,,NIFTY,,2025-06-26,2025-06-26,25000.0,PE,NIFTY25JUN25000PE,1248.75,1355.75,1245.2,1320.65,1319.75,1209.8,23381.6,1320.65,349850,1100,403,795494373.75,379,F1,75,,,,,
2025-02-10,2025-02-10,FO,NSE,IDO,71384,,NIFTY,,2025-06-26,2025-06-26,26000.0,PE,NIFTY25JUN26000PE,2027.55,2100.0,2005.0,2062.9,2063.3,1916.65,23381.6,2062.9,154250,-75,58,122109798.75,56,F1,75,,,,,
2025-02-10,2025-02-10,FO,NSE,IDO,64691,,NIFTY,,2025-09-25,2025-09-25,23000.0,PE,NIFTY25SEP23000PE,478.1,550.0,478.1,507.4,509.9,468.85,23381.6,507.4,17925,2700,96,169283370.0,92,F1,75,,,,,
2025-02-10,2025-02-10,FO,NSE,IDO,58625,,NIFTY,,2026-06-25,2026-06-25,12000.0,PE,NIFTY26JUN12000PE,0.0,0.0,0.0,20.05,20.05,20.05,23381.6,0.05,475,0,0,0.0,0,F1,75,,,,,
2025-02-10,2025-02-10,FO,NSE,IDO,71557,,NIFTY,,2027-06-24,2027-06-24,22000.0,PE,NIFTY27JUN22000PE,0.0,0.0,0.0,3995.4,0.0,3995.4,23381.6,337.75,0,0,0,0.0,0,F1,75,,,,,
2025-02-10,2025-02-10,FO,NSE,IDO,71563,,NIFTY,,2027-06-24,2027-06-24,25000.0,PE,NIFTY27JUN25000PE,0.0,0.0,0.0,5619.05,0.0,5619.05,23381.6,1036.75,0,0,0,0.0,0,F1,75,,,,,
2025-02-10,2025-02-10,FO,NSE,IDO,53611,,NIFTY,,2027-12-30,2027-12-30,20000.0,PE,NIFTY27DEC20000PE,0.0,0.0,0.0,400.0,400.0,400.0,23381.6,131.05,4025,0,0,0.0,0,F1,75,,,,,
2025-02-10,2025-02-10,FO,NSE,IDO,53625,,NIFTY,,2027-12-30,2027-12-30,24000.0,PE,NIFTY27DEC24000PE,0.0,0.0,0.0,1156.1,1201.0,1156.1,23381.6,696.95,525,0,0,0.0,0,F1,75,,,,,
2025-02-10,2025-02-10,FO,NSE,IDO,53630,,NIFTY,,2027-12-30,2027-12-30,26000.0,PE,NIFTY27DEC26000PE,0.0,0.0,0.0,3359.75,0.0,3359.75,23381.6,1261.4,0,0,0,0.0,0,F1,75,,,,,
2025-02-10,2025-02-10,FO,NSE,IDO,86140,,NIFTY,,2028-06-29,2028-06-29,18000.0,PE,NIFTY28JUN18000PE,0.0,0.0,0.0,396.75,0.0,396.75,23381.6,44.85,0,0,0,0.0,0,F1,75,,,,,
2025-02-10,2025-02-10,FO,NSE,IDO,86162,,NIFTY,,2028-06-29,2028-06-29,26000.0,PE,NIFTY28JUN26000PE,0.0,0.0,0.0,2370.3,0.0,2370.3,23381.6,1149.95,0,0,0,0.0,0,F1,75,,,,,
2025-02-10,2025-02-10,FO,NSE,IDO,86166,,NIFTY,,2028-06-29,2028-06-29,28000.0,PE,NIFTY28JUN28000PE,0.0,0.0,0.0,3161.35,0.0,3161.35,23381.6,1836.0,0,0,0,0.0,0,F1,75,,,,,
2025-02-10,2025-02-10,FO,NSE,IDO,67791,,NIFTY,,2028-12-28,2028-12-28,28000.0,PE,NIFTY28DEC28000PE,0.0,0.0,0.0,1697.6,0.0,1697.6,23381.6,1657.85,0,0,0,0.0,0,F1,75,,,,,
2025-02-10,2025-02-10,FO,NSE,IDO,61795,,NIFTY,,2029-12-27,2029-12-27,27000.0,PE,NIFTY29DEC27000PE,0.0,0.0,0.0,1177.9,0.0,1177.9,23381.6,1102.25,0,0,0,0.0,0,F1,75,,,,,
2025-02-10,2025-02-10,FO,NSE,IDO,51169,,NIFTY,,2025-02-13,2025-02-13,22600.0,CE,NIFTY2521322600CE,899.95,920.6,751.0,817.0,820.0,975.35,23381.6,817.0,16200,2700,622,1092843405.0,189,F1,75,,,,,
2025-02-10,2025-02-10,FO,NSE,IDO,51167,,NIFTY,,2025-02-13,2025-02-13,22550.0,CE,NIFTY2521322550CE,932.1,932.1,836.0,871.15,871.15,1199.1,23381.6,843.75,900,300,6,10544137.5,6,F1,75,,,,,
2025-02-10,2025-02-10,FO,NSE,IDO,51065,,NIFTY,,2025-02-13,2025-02-13,21250.0,CE,NIFTY2521321250CE,0.0,0.0,0.0,2431.4,0.0,2431.4,23381.6,2142.95,0,0,0,0.0,0,F1,75,,,,,
2025-02-10,2025-02-10,FO,NSE,IDO,68438,,NIFTY,,2025-03-06,2025-03-06,22450.0,CE,NIFTY2530622450CE,0.0,0.0,0.0,1106.7,0.0,1106.7,23381.6,1063.3,0,0,0,0.0,0,F1,75,,,,,
2025-02-10,2025-02-10,FO,NSE,IDO,68413,,NIFTY,,2025-03-06,2025-03-06,21900.0,CE,NIFTY2530621900CE,0.0,0.0,0.0,1557.75,0.0,1557.75,23381.6,1581.3,0,0,0,0.0,0,F1,75,,,,,
2025-02-10,2025-02-10,FO,NSE,IDO,68386,,NIFTY,,2025-03-06,2025-03-06,21300.0,CE,NIFTY2530621300CE,0.0,0.0,0.0,2105.7,0.0,2105.7,23381.6,2173.0,0,0,0,0.0,0,F1,75,,,,,
2025-02-10,2025-02-10,FO,NSE,IDO,57639,,NIFTY,,2025-02-27,2025-02-27,24950.0,CE,NIFTY25FEB24950CE,10.35,10.95,6.45,6.8,6.75,9.35,23381.6,6.8,37725,-75,613,1147413210.0,368,F1,75,,,,,
2025-02-10,2025-02-10,FO,NSE,IDO,57611,,NIFTY,,2025-02-27,2025-02-27,24250.0,CE,NIFTY25FEB24250CE,58.0,58.0,31.05,35.6,35.65,57.25,23381.6,35.6,273450,133800,6605,12031153691.25,4128,F1,75,,,,,
2025-02-10,2025-02-10,FO,NSE,IDO,57603,,NIFTY,,2025-02-27,2025-02-27,24050.0,CE,NIFTY25FEB24050CE,98.1,98.1,55.8,64.3,64.1,100.7,23381.6,64.3,161025,23850,3738,6761355783.75,2286,F1,75,,,,,
2025-02-10,2025-02-10,FO,NSE,IDO,55617,,NIFTY,,2025-02-27,2025-02-27,22450.0,CE,NIFTY25FEB22450CE,0.0,0.0,0.0,986.85,986.85,986.85,23381.6,1018.9,1425,0,0,0.0,0,F1,75,,,,,
2025-02-10,2025-02-10,FO,NSE,IDO,55561,,NIFTY,,2025-02-27,2025-02-27,21150.0,CE,NIFTY25FEB21150CE,0.0,0.0,0.0,3177.85,0.0,3177.85,23381.6,2295.55,0,0,0,0.0,0,F1,75,,,,,
2025-02-10,2025-02-10,FO,NSE,IDO,63674,,NIFTY,,2025-02-20,2025-02-20,23850.0,CE,NIFTY2522023850CE,119.7,119.7,56.5,68.25,68.4,115.95,23381.6,68.25,94875,24525,7365,13214033343.75,4711,F1,75,,,,,
2025-02-10,2025-02-10,FO,NSE,IDO,63636,,NIFTY,,2025-02-20,2025-02-20,23550.0,CE,NIFTY2522023550CE,245.75,245.75,141.8,165.4,165.0,245.75,23381.6,165.4,99375,29475,6891,12260270220.0,4368,F1,75,,,,,
2025-02-10,2025-02-10,FO,NSE,IDO,63491,,NIFTY,,2025-02-20,2025-02-20,22850.0,CE,NIFTY2522022850CE,597.4,597.4,597.4,597.4,597.4,562.6,23381.6,606.85,300,0,3,5275665.0,1,F1,75,,,,,
2025-02-10,2025-02-10,FO,NSE,IDO,63359,,NIFTY,,2025-02-20,2025-02-20,22400.0,CE,NIFTY2522022400CE,0.0,0.0,0.0,1340.95,1340.95,1340.95,23381.6,1025.75,75,0,0,0.0,0,F1,75,,,,,
2025-02-10,2025-02-10,FO,NSE,IDO,63322,,NIFTY,,2025-02-20,2025-02-20,22250.0,CE,NIFTY2522022250CE,0.0,0.0,0.0,1301.15,0.0,1301.15,23381.6,1173.05,0,0,0,0.0,0,F1,75,,,,,
2025-02-10,2025-02-10,FO,NSE,IDO,63261,,NIFTY,,2025-02-20,2025-02-20,21650.0,CE,NIFTY2522021650CE,0.0,0.0,0.0,1838.5,0.0,1838.5,23381.6,1770.15,0,0,0,0.0,0,F1,75,,,,,
2025-02-10,2025-02-10,FO,NSE,IDO,63206,,NIFTY,,2025-02-20,2025-02-20,21450.0,CE,NIFTY2522021450CE,0.0,0.0,0.0,2027.7,0.0,2027.7,23381.6,1969.75,0,0,0,0.0,0,F1,75,,,,,
2025-02-10,2025-02-10,FO,NSE,IDO,51281,,NIFTY,,2025-02-13,2025-02-13,24550.0,CE,NIFTY2521324550CE,2.25,2.4,1.45,1.55,1.45,2.2,23381.6,1.55,1038825,-47550,142443,262290926295.0,34635,F1,75,,,,,
2025-02-10,2025-02-10,FO,NSE,IDO,51221,,NIFTY,,2025-02-13,2025-02-13,23600.0,CE,NIFTY2521323600CE,131.0,137.3,50.0,66.2,64.4,135.1,23381.6,66.2,7049475,1555050,1332958,2366612285763.75,691517,F1,75,,,,,
2025-02-10,2025-02-10,FO,NSE,IDO,51211,,NIFTY,,2025-02-13,2025-02-13,23400.0,CE,NIFTY2521323400CE,233.95,244.95,114.0,145.95,144.35,247.65,23381.6,145.95,3928950,3214650,1744712,3081311419935.0,1063245,F1,75,,,,,
2025-02-10,2025-02-10,FO,NSE,IDO,51209,,NIFTY,,2025-02-13,2025-02-13,23350.0,CE,NIFTY2521323350CE,270.0,276.9,137.0,173.35,170.3,282.3,23381.6,173.35,1083150,958425,833807,1470692475202.5,525541,F1,75,,,,,
2025-02-10,2025-02-10,FO,NSE,IDO,51203,,NIFTY,,2025-02-13,2025-02-13,23250.0,CE,NIFTY2521323250CE,344.15,344.15,192.3,237.2,234.8,360.55,23381.6,237.2,205200,90525,100719,177342779658.75,68165,F1,75,,,,,
2025-02-10,2025-02-10,FO,NSE,IDO,68724,,NIFTY,,2025-03-06,2025-03-06,25350.0,CE,NIFTY2530625350CE,0.0,0.0,0.0,43.55,0.0,43.55,23381.6,3.95,0,0,0,0.0,0,F1,75,,,,,
2025-02-10,2025-02-10,FO,NSE,IDO,45444,,NIFTY,,2025-03-13,2025-03-13,22100.0,CE,NIFTY2531322100CE,0.0,0.0,0.0,1694.45,0.0,1694.45,23381.6,1425.2,0,0,0,0.0,0,F1,75,,,,,
2025-02-10,2025-02-10,FO,NSE,IDO,45450,,NIFTY,,2025-03-13,2025-03-13,22200.0,CE,NIFTY2531322200CE,0.0,0.0,0.0,1603.45,0.0,1603.45,23381.6,1332.4,0,0,0,0.0,0,F1,75,,,,,
2025-02-10,2025-02-10,FO,NSE,IDO,45464,,NIFTY,,2025-03-13,2025-03-13,22450.0,CE,NIFTY2531322450CE,0.0,0.0,0.0,1382.75,0.0,1382.75,23381.6,1108.1,0,0,0,0.0,0,F1,75,,,,,
2025-02-10,2025-02-10,FO,NSE,IDO,45474,,NIFTY,,2025-03-13,2025-03-13,22650.0,CE,NIFTY2531322650CE,0.0,0.0,0.0,1214.5,0.0,1214.5,23381.6,938.85,0,0,0,0.0,0,F1,75,,,,,
2025-02-10,2025-02-10,FO,NSE,IDO,45488,,NIFTY,,2025-03-13,2025-03-13,23000.0,CE,NIFTY2531323000CE,0.0,0.0,0.0,943.35,0.0,943.35,23381.6,671.8,0,0,0,0.0,0,F1,75,,,,,
2025-02-10,2025-02-10,FO,NSE,IDO,89613,,NIFTY,,2029-06-28,2029-06-28,18000.0,PE,NIFTY29JUN18000PE,0.0,0.0,0.0,118.45,0.0,118.45,23381.6,50.05,0,0,0,0.0,0,F1,75,,,,,
2025-02-10,2025-02-10,FO,NSE,IDO,61747,,NIFTY,,2029-12-27,2029-12-27,23000.0,PE,NIFTY29DEC23000PE,800.0,800.0,800.0,800.0,800.0,750.0,23381.6,800.0,2550,75,1,1785000.0,1,F1,75,,,,,
2025-02-10,2025-02-10,FO,NSE,IDO,61773,,NIFTY,,2029-12-27,2029-12-27,25000.0,PE,NIFTY29DEC25000PE,0.0,0.0,0.0,785.3,0.0,785.3,23381.6,682.7,0,0,0,0.0,0,F1,75,,,,,
2025-02-10,2025-02-10,FO,NSE,IDO,51071,,NIFTY,,2025-02-13,2025-02-13,21350.0,CE,NIFTY2521321350CE,0.0,0.0,0.0,2334.0,0.0,2334.0,23381.6,2043.0,0,0,0,0.0,0,F1,75,,,,,
2025-02-10,2025-02-10,FO,NSE,IDO,51129,,NIFTY,,2025-02-13,2025-02-13,21900.0,CE,NIFTY2521321900CE,0.0,0.0,0.0,1809.1,0.0,1809.1,23381.6,1493.3,0,0,0,0.0,0,F1,75,,,,,
2025-02-10,2025-02-10,FO,NSE,IDO,51161,,NIFTY,,2025-02-13,2025-02-13,22450.0,CE,NIFTY2521322450CE,1028.5,1028.5,960.1,961.75,965.0,1045.0,23381.6,961.75,450,150,8,14057043.75,8,F1,75,,,,,
2025-02-10,2025-02-10,FO,NSE,IDO,51171,,NIFTY,,2025-02-13,2025-02-13,22650.0,CE,NIFTY2521322650CE,810.0,810.0,726.4,767.65,769.0,920.0,23381.6,767.65,975,-150,13,22818705.0,13,F1,75,,,,,
2025-02-10,2025-02-10,FO,NSE,IDO,51201,,NIFTY,,2025-02-13,2025-02-13,23200.0,CE,NIFTY2521323200CE,381.55,399.65,224.0,273.45,269.5,398.95,23381.6,273.45,455550,295575,132813,233750166671.25,77763,F1,75,,,,,
2025-02-10,2025-02-10,FO,NSE,IDO,51205,,NIFTY,,2025-02-13,2025-02-13,23300.0,CE,NIFTY2521323300CE,328.0,328.0,163.0,204.0,200.4,320.8,23381.6,204.0,1405950,680775,598431,1054651977532.5,376621,F1,75,,,,,
2025-02-10,2025-02-10,FO,NSE,IDO,51297,,NIFTY,,2025-02-13,2025-02-13,24900.0,CE,NIFTY2521324900CE,1.3,1.35,1.05,1.15,1.1,1.25,23381.6,1.15,1643700,275400,132110,246727088137.5,31417,F1,75,,,,,
2025-02-10,2025-02-10,FO,NSE,IDO,51308,,NIFTY,,2025-02-13,2025-02-13,25150.0,CE,NIFTY2521325150CE,1.1,1.85,0.85,1.1,0.95,1.1,23381.6,1.1,459825,155775,40427,76258596330.0,9253,F1,75,,,,,
2025-02-10,2025-02-10,FO,NSE,IDO,51321,,NIFTY,,2025-02-13,2025-02-13,25250.0,CE,NIFTY2521325250CE,0.95,1.15,0.75,1.05,1.0,1.05,23381.6,1.05,424200,5025,30723,58183980795.0,6108,F1,75,,,,,
2025-02-10,2025-02-10,FO,NSE,IDO,63220,,NIFTY,,2025-02-20,2025-02-20,21550.0,CE,NIFTY2522021550CE,0.0,0.0,0.0,1932.65,0.0,1932.65,23381.6,1869.95,0,0,0,0.0,0,F1,75,,,,,
2025-02-10,2025-02-10,FO,NSE,IDO,63279,,NIFTY,,2025-02-20,2025-02-20,21850.0,CE,NIFTY2522021850CE,0.0,0.0,0.0,1653.5,0.0,1653.5,23381.6,1570.6,0,0,0,0.0,0,F1,75,,,,,
2025-02-10,2025-02-10,FO,NSE,IDO,63291,,NIFTY,,2025-02-20,2025-02-20,22050.0,CE,NIFTY2522022050CE,0.0,0.0,0.0,1473.9,0.0,1473.9,23381.6,1371.35,0,0,0,0.0,0,F1,75,,,,,
2025-02-10,2025-02-10,FO,NSE,IDO,63303,,NIFTY,,2025-02-20,2025-02-20,22200.0,CE,NIFTY2522022200CE,0.0,0.0,0.0,1343.6,0.0,1343.6,23381.6,1222.45,0,0,0,0.0,0,F1,75,,,,,
2025-02-10,2025-02-10,FO,NSE,IDO,63526,,NIFTY,,2025-02-20,2025-02-20,23000.0,CE,NIFTY2522023000CE,601.05,601.05,459.0,511.45,510.0,632.95,23381.6,511.45,109350,20850,2551,4497596685.0,1670,F1,75,,,,,
2025-02-10,2025-02-10,FO,NSE,IDO,63608,,NIFTY,,2025-02-20,2025-02-20,23250.0,CE,NIFTY2522023250CE,400.05,406.0,291.05,330.55,329.35,433.35,23381.6,330.55,28800,12675,1178,2082894877.5,856,F1,75,,,,,
2025-02-10,2025-02-10,FO,NSE,IDO,63684,,NIFTY,,2025-02-20,2025-02-20,24050.0,CE,NIFTY2522024050CE,60.65,60.65,27.8,33.45,33.6,60.65,23381.6,33.45,173025,133950,8916,16106493191.25,6433,F1,75,,,,,
2025-02-10,2025-02-10,FO,NSE,IDO,63686,,NIFTY,,2025-02-20,2025-02-20,24100.0,CE,NIFTY2522024100CE,51.9,51.9,23.5,28.15,28.4,51.4,23381.6,28.15,372900,49875,25890,46857254190.0,15702,F1,75,,,,,
2025-02-10,2025-02-10,FO,NSE,IDO,64003,,NIFTY,,2025-02-20,2025-02-20,25500.0,CE,NIFTY2522025500CE,2.3,2.75,1.9,2.25,2.3,2.4,23381.6,2.25,522300,395700,12818,24516579236.25,2315,F1,75,,,,,
2025-02-10,2025-02-10,FO,NSE,IDO,67771,,NIFTY,,2028-12-28,2028-12-28,18000.0,PE,NIFTY28DEC18000PE,0.0,0.0,0.0,104.65,0.0,104.65,23381.6,48.1,0,0,0,0.0,0,F1,75,,,,,
2025-02-10,2025-02-10,FO,NSE,IDO,55589,,NIFTY,,2025-02-27,2025-02-27,21750.0,CE,NIFTY25FEB21750CE,0.0,0.0,0.0,2628.35,0.0,2628.35,23381.6,1698.35,0,0,0,0.0,0,F1,75,,,,,
2025-02-10,2025-02-10,FO,NSE,IDO,55637,,NIFTY,,2025-02-27,2025-02-27,22950.0,CE,NIFTY25FEB22950CE,0.0,0.0,0.0,686.9,686.9,686.9,23381.6,590.05,23325,0,0,0.0,0,F1,75,,,,,
2025-02-10,2025-02-10,FO,NSE,IDO,57591,,NIFTY,,2025-02-27,2025-02-27,23750.0,CE,NIFTY25FEB23750CE,212.3,212.3,126.85,145.25,144.6,210.9,23381.6,145.25,202125,2475,3088,5535221598.75,2200,F1,75,,,,,
2025-02-10,2025-02-10,FO,NSE,IDO,57613,,NIFTY,,2025-02-27,2025-02-27,24300.0,CE,NIFTY25FEB24300CE,48.85,48.85,26.55,30.55,30.2,48.85,23381.6,30.55,822300,-137175,23006,41984355956.25,12739,F1,75,,,,,
2025-02-10,2025-02-10,FO,NSE,IDO,57635,,NIFTY,,2025-02-27,2025-02-27,24850.0,CE,NIFTY25FEB24850CE,10.85,10.85,7.3,7.75,7.9,10.35,23381.6,7.75,64575,-7725,2053,3827549722.5,1057,F1,75,,,,,
2025-02-10,2025-02-10,FO,NSE,IDO,57657,,NIFTY,,2025-02-27,2025-02-27,25350.0,CE,NIFTY25FEB25350CE,5.5,5.5,4.4,4.6,4.65,6.05,23381.6,4.6,15900,-1050,158,300455227.5,103,F1,75,,,,,
2025-02-10,2025-02-10,FO,NSE,IDO,57659,,NIFTY,,2025-02-27,2025-02-27,25400.0,CE,NIFTY25FEB25400CE,5.0,5.35,4.1,4.3,4.8,5.55,23381.6,4.3,74475,-9450,1113,2120644222.5,628,F1,75,,,,,
2025-02-10,2025-02-10,FO,NSE,IDO,57679,,NIFTY,,2025-02-27,2025-02-27,25900.0,CE,NIFTY25FEB25900CE,3.7,4.2,3.25,3.4,3.35,4.25,23381.6,3.4,116925,-103950,3517,6832684458.75,1018,F1,75,,,,,
2025-02-10,2025-02-10,FO,NSE,IDO,57699,,NIFTY,,2025-02-27,2025-02-27,26250.0,CE,NIFTY25FEB26250CE,3.85,3.85,2.85,2.85,2.85,3.85,23381.6,2.85,9000,975,22,43317686.25,10,F1,75,,,,,
2025-02-10,2025-02-10,FO,NSE,IDO,68382,,NIFTY,,2025-03-06,2025-03-06,21250.0,CE,NIFTY2530621250CE,0.0,0.0,0.0,2153.05,0.0,2153.05,23381.6,2222.65,0,0,0,0.0,0,F1,75,,,,,
2025-02-10,2025-02-10,FO,NSE,IDO,68421,,NIFTY,,2025-03-06,2025-03-06,22100.0,CE,NIFTY2530622100CE,0.0,0.0,0.0,1386.7,0.0,1386.7,23381.6,1388.4,0,0,0,0.0,0,F1,75,,,,,
2025-02-10,2025-02-10,FO,NSE,IDO,68432,,NIFTY,,2025-03-06,2025-03-06,22350.0,CE,NIFTY2530622350CE,0.0,0.0,0.0,1183.9,0.0,1183.9,23381.6,1154.0,0,0,0,0.0,0,F1,75,,,,,
2025-02-10,2025-02-10,FO,NSE,IDO,68446,,NIFTY,,2025-03-06,2025-03-06,22500.0,CE,NIFTY2530622500CE,0.0,0.0,0.0,1069.0,0.0,1069.0,23381.6,1018.8,0,0,0,0.0,0,F1,75,,,,,
2025-02-10,2025-02-10,FO,NSE,IDO,68484,,NIFTY,,2025-03-06,2025-03-06,23400.0,CE,NIFTY2530623400CE,445.0,445.0,354.0,386.55,385.8,430.0,23381.6,386.55,5700,4350,130,231926542.5,111,F1,75,,,,,
2025-02-10,2025-02-10,FO,NSE,IDO,68576,,NIFTY,,2025-03-06,2025-03-06,23550.0,CE,NIFTY2530623550CE,355.4,355.4,284.55,310.35,310.7,371.9,23381.6,310.35,1800,1125,32,57266700.0,23,F1,75,,,,,
2025-02-10,2025-02-10,FO,NSE,IDO,68580,,NIFTY,,2025-03-06,2025-03-06,23650.0,CE,NIFTY2530623650CE,234.6,254.0,234.6,254.0,254.0,341.3,23381.6,254.0,1500,0,8,14333670.0,6,F1,75,,,,,
2025-02-10,2025-02-10,FO,NSE,IDO,68582,,NIFTY,,2025-03-06,2025-03-06,23700.0,CE,NIFTY2530623700CE,295.0,295.0,219.3,232.25,233.05,300.85,23381.6,232.25,4050,750,52,93386328.75,43,F1,75,,,,,
2025-02-10,2025-02-10,FO,NSE,IDO,68629,,NIFTY,,2025-03-06,2025-03-06,24700.0,CE,NIFTY2530624700CE,31.85,31.85,22.0,22.3,22.0,31.85,23381.6,22.3,3000,2325,105,194714302.5,40,F1,75,,,,,
2025-02-10,2025-02-10,FO,NSE,IDO,45430,,NIFTY,,2025-03-13,2025-03-13,21800.0,CE,NIFTY2531321800CE,0.0,0.0,0.0,1974.6,0.0,1974.6,23381.6,1710.8,0,0,0,0.0,0,F1,75,,,,,
2025-02-10,2025-02-10,FO,NSE,IDO,45446,,NIFTY,,2025-03-13,2025-03-13,22150.0,CE,NIFTY2531322150CE,0.0,0.0,0.0,1648.8,0.0,1648.8,23381.6,1378.6,0,0,0,0.0,0,F1,75,,,,,
2025-02-10,2025-02-10,FO,NSE,IDO,45453,,NIFTY,,2025-03-13,2025-03-13,22250.0,CE,NIFTY2531322250CE,0.0,0.0,0.0,1558.5,0.0,1558.5,23381.6,1286.6,0,0,0,0.0,0,F1,75,,,,,
2025-02-10,2025-02-10,FO,NSE,IDO,45462,,NIFTY,,2025-03-13,2025-03-13,22400.0,CE,NIFTY2531322400CE,0.0,0.0,0.0,1426.0,0.0,1426.0,23381.6,1151.95,0,0,0,0.0,0,F1,75,,,,,
2025-02-10,2025-02-10,FO,NSE,IDO,45472,,NIFTY,,2025-03-13,2025-03-13,22600.0,CE,NIFTY2531322600CE,0.0,0.0,0.0,1255.8,0.0,1255.8,23381.6,980.2,0,0,0,0.0,0,F1,75,,,,,
2025-02-10,2025-02-10,FO,NSE,IDO,45476,,NIFTY,,2025-03-13,2025-03-13,22700.0,CE,NIFTY2531322700CE,0.0,0.0,0.0,1173.8,0.0,1173.8,23381.6,898.25,0,0,0,0.0,0,F1,75,,,,,
2025-02-10,2025-02-10,FO,NSE,IDO,45504,,NIFTY,,2025-03-13,2025-03-13,23150.0,CE,NIFTY2531323150CE,0.0,0.0,0.0,835.9,0.0,835.9,23381.6,570.95,0,0,0,0.0,0,F1,75,,,,,
2025-02-10,2025-02-10,FO,NSE,IDO,45527,,NIFTY,,2025-03-13,2025-03-13,23500.0,CE,NIFTY2531323500CE,440.0,440.75,365.0,384.55,384.55,449.25,23381.6,384.55,1425,1050,30,53750212.5,25,F1,75,,,,,
2025-02-10,2025-02-10,FO,NSE,IDO,45554,,NIFTY,,2025-03-13,2025-03-13,24100.0,CE,NIFTY2531324100CE,0.0,0.0,0.0,328.55,0.0,328.55,23381.6,149.35,0,0,0,0.0,0,F1,75,,,,,
2025-02-10,2025-02-10,FO,NSE,IDO,45612,,NIFTY,,2025-03-13,2025-03-13,24650.0,CE,NIFTY2531324650CE,0.0,0.0,0.0,164.65,0.0,164.65,23381.6,52.3,0,0,0,0.0,0,F1,75,,,,,
2025-02-10,2025-02-10,FO,NSE,IDO,45642,,NIFTY,,2025-03-13,2025-03-13,25050.0,CE,NIFTY2531325050CE,0.0,0.0,0.0,92.5,0.0,92.5,23381.6,21.3,0,0,0,0.0,0,F1,75,,,,,
2025-02-10,2025-02-10,FO,NSE,IDO,45651,,NIFTY,,2025-03-13,2025-03-13,25250.0,CE,NIFTY2531325250CE,0.0,0.0,0.0,67.7,0.0,67.7,23381.6,13.05,0,0,0,0.0,0,F1,75,,,,,
2025-02-10,2025-02-10,FO,NSE,IDO,46842,,NIFTY,,2025-03-27,2025-03-27,21200.0,CE,NIFTY25MAR21200CE,0.0,0.0,0.0,2973.05,0.0,2973.05,23381.6,2355.4,0,0,0,0.0,0,F1,75,,,,,
2025-02-10,2025-02-10,FO,NSE,IDO,46878,,NIFTY,,2025-03-27,2025-03-27,21450.0,CE,NIFTY25MAR21450CE,0.0,0.0,0.0,2743.75,0.0,2743.75,23381.6,2112.0,0,0,0,0.0,0,F1,75,,,,,
2025-02-10,2025-02-10,FO,NSE,IDO,46974,,NIFTY,,2025-03-27,2025-03-27,22150.0,CE,NIFTY25MAR22150CE,0.0,0.0,0.0,2131.6,0.0,2131.6,23381.6,1455.95,0,0,0,0.0,0,F1,75,,,,,
2025-02-10,2025-02-10,FO,NSE,IDO,48251,,NIFTY,,2025-03-27,2025-03-27,23050.0,CE,NIFTY25MAR23050CE,805.8,805.8,759.75,793.75,794.85,1058.2,23381.6,793.75,8400,4650,82,146609291.25,82,F1,75,,,,,
2025-02-10,2025-02-10,FO,NSE,IDO,48349,,NIFTY,,2025-03-27,2025-03-27,23150.0,CE,NIFTY25MAR23150CE,0.0,0.0,0.0,860.0,860.0,860.0,23381.6,676.85,10800,0,0,0.0,0,F1,75,,,,,
2025-02-10,2025-02-10,FO,NSE,IDO,56874,,NIFTY,,2025-03-27,2025-03-27,25250.0,CE,NIFTY25MAR25250CE,35.15,35.15,27.65,31.8,31.8,39.9,23381.6,31.8,5700,3225,58,109969162.5,37,F1,75,,,,,
2025-02-10,2025-02-10,FO,NSE,IDO,58782,,NIFTY,,2025-03-27,2025-03-27,25800.0,CE,NIFTY25MAR25800CE,19.25,19.25,15.5,16.35,16.35,19.25,23381.6,16.35,21150,6450,293,567324240.0,145,F1,75,,,,,
2025-02-10,2025-02-10,FO,NSE,IDO,79268,,NIFTY,,2025-04-24,2025-04-24,21800.0,CE,NIFTY25APR21800CE,0.0,0.0,0.0,1943.8,0.0,1943.8,23381.6,1915.25,0,0,0,0.0,0,F1,75,,,,,
2025-02-10,2025-02-10,FO,NSE,IDO,79283,,NIFTY,,2025-04-24,2025-04-24,22000.0,CE,NIFTY25APR22000CE,1931.0,1931.0,1800.0,1800.0,1800.0,1987.1,23381.6,1737.95,16950,300,6,10735575.0,5,F1,75,,,,,
2025-02-10,2025-02-10,FO,NSE,IDO,79295,,NIFTY,,2025-04-24,2025-04-24,22150.0,CE,NIFTY25APR22150CE,0.0,0.0,0.0,1662.6,0.0,1662.6,23381.6,1608.75,0,0,0,0.0,0,F1,75,,,,,
2025-02-10,2025-02-10,FO,NSE,IDO,79379,,NIFTY,,2025-04-24,2025-04-24,22250.0,CE,NIFTY25APR22250CE,0.0,0.0,0.0,1585.8,0.0,1585.8,23381.6,1524.65,0,0,0,0.0,0,F1,75,,,,,
2025-02-10,2025-02-10,FO,NSE,IDO,79382,,NIFTY,,2025-04-24,2025-04-24,22300.0,CE,NIFTY25APR22300CE,0.0,0.0,0.0,1548.05,0.0,1548.05,23381.6,1483.25,0,0,0,0.0,0,F1,75,,,,,
2025-02-10,2025-02-10,FO,NSE,IDO,79392,,NIFTY,,2025-04-24,2025-04-24,22500.0,CE,NIFTY25APR22500CE,1490.0,1490.0,1362.05,1410.0,1410.0,1631.85,23381.6,1410.0,18900,3525,57,102133136.25,41,F1,75,,,,,
2025-02-10,2025-02-10,FO,NSE,IDO,79442,,NIFTY,,2025-04-24,2025-04-24,23250.0,CE,NIFTY25APR23250CE,0.0,0.0,0.0,921.8,0.0,921.8,23381.6,799.4,0,0,0,0.0,0,F1,75,,,,,
2025-02-10,2025-02-10,FO,NSE,IDO,79501,,NIFTY,,2025-04-24,2025-04-24,23500.0,CE,NIFTY25APR23500CE,753.0,759.0,664.0,696.4,695.9,786.6,23381.6,696.4,63900,9150,855,1551630663.75,602,F1,75,,,,,
2025-02-10,2025-02-10,FO,NSE,IDO,79505,,NIFTY,,2025-04-24,2025-04-24,23600.0,CE,NIFTY25APR23600CE,660.0,660.0,621.8,640.55,640.9,733.7,23381.6,640.55,7425,375,27,49087098.75,17,F1,75,,,,,
2025-02-10,2025-02-10,FO,NSE,IDO,79515,,NIFTY,,2025-04-24,2025-04-24,23850.0,CE,NIFTY25APR23850CE,0.0,0.0,0.0,623.8,0.0,623.8,23381.6,487.6,0,0,0,0.0,0,F1,75,,,,,
2025-02-10,2025-02-10,FO,NSE,IDO,79638,,NIFTY,,2025-04-24,2025-04-24,24450.0,CE,NIFTY25APR24450CE,0.0,0.0,0.0,400.85,0.0,400.85,23381.6,272.05,0,0,0,0.0,0,F1,75,,,,,
2025-02-10,2025-02-10,FO,NSE,IDO,79687,,NIFTY,,2025-04-24,2025-04-24,24900.0,CE,NIFTY25APR24900CE,150.0,150.0,150.0,150.0,150.0,279.05,23381.6,150.0,150,150,2,3757500.0,2,F1,75,,,,,
2025-02-10,2025-02-10,FO,NSE,IDO,58618,,NIFTY,,2025-06-26,2025-06-26,22000.0,CE,NIFTY25JUN22000CE,2150.05,2150.05,2055.85,2099.35,2097.6,2239.3,23381.6,2099.35,54825,-450,68,122914248.75,62,F1,75,,,,,
2025-02-10,2025-02-10,FO,NSE,IDO,39987,,NIFTY,,2025-12-24,2025-12-24,19000.0,CE,NIFTY25DEC19000CE,0.0,0.0,0.0,5259.95,5259.95,5259.95,23381.6,5441.05,6425,0,0,0.0,0,F1,75,,,,,
2025-02-10,2025-02-10,FO,NSE,IDO,71472,,NIFTY,,2026-06-25,2026-06-25,24000.0,CE,NIFTY26JUN24000CE,0.0,0.0,0.0,1698.3,0.0,1698.3,23381.6,2250.0,0,0,0,0.0,0,F1,75,,,,,
2025-02-10,2025-02-10,FO,NSE,IDO,53631,,NIFTY,,2027-12-30,2027-12-30,27000.0,CE,NIFTY27DEC27000CE,0.0,0.0,0.0,2889.8,0.0,2889.8,23381.6,2622.2,0,0,0,0.0,0,F1,75,,,,,
2025-02-10,2025-02-10,FO,NSE,IDO,86153,,NIFTY,,2028-06-29,2028-06-29,25000.0,CE,NIFTY28JUN25000CE,0.0,0.0,0.0,3545.15,0.0,3545.15,23381.6,4194.5,0,0,0,0.0,0,F1,75,,,,,
2025-02-10,2025-02-10,FO,NSE,IDO,67774,,NIFTY,,2028-12-28,2028-12-28,20000.0,CE,NIFTY28DEC20000CE,0.0,0.0,0.0,8115.5,0.0,8115.5,23381.6,7977.05,0,0,0,0.0,0,F1,75,,,,,
2025-02-10,2025-02-10,FO,NSE,IDO,67778,,NIFTY,,2028-12-28,2028-12-28,22000.0,CE,NIFTY28DEC22000CE,0.0,0.0,0.0,6932.45,0.0,6932.45,23381.6,6596.9,0,0,0,0.0,0,F1,75,,,,,
2025-02-10,2025-02-10,FO,NSE,IDO,51094,,NIFTY,,2025-02-13,2025-02-13,21550.0,PE,NIFTY2521321550PE,0.95,1.0,0.55,0.65,0.55,1.0,23381.6,0.65,136050,-5250,8255,13342645113.75,1799,F1,75,,,,,
2025-02-10,2025-02-10,FO,NSE,IDO,51174,,NIFTY,,2025-02-13,2025-02-13,22700.0,PE,NIFTY2521322700PE,3.95,10.1,3.7,4.55,4.55,4.6,23381.6,4.55,5343975,777675,833835,1419996885153.75,229442,F1,75,,,,,
2025-02-10,2025-02-10,FO,NSE,IDO,51210,,NIFTY,,2025-02-13,2025-02-13,23350.0,PE,NIFTY2521323350PE,79.0,147.8,66.55,107.0,110.05,69.05,23381.6,107.0,1479825,726000,1396693,2458587927806.25,844825,F1,75,,,,,
2025-02-10,2025-02-10,FO,NSE,IDO,51246,,NIFTY,,2025-02-13,2025-02-13,23850.0,PE,NIFTY2521323850PE,347.9,519.8,347.15,453.5,457.45,325.45,23381.6,453.5,83025,-16050,5542,10099822848.75,3650,F1,75,,,,,
2025-02-10,2025-02-10,FO,NSE,IDO,51268,,NIFTY,,2025-02-13,2025-02-13,24300.0,PE,NIFTY2521324300PE,818.0,949.5,818.0,885.0,878.15,721.6,23381.6,885.0,125850,-4650,209,394892347.5,120,F1,75,,,,,
2025-02-10,2025-02-10,FO,NSE,IDO,51274,,NIFTY,,2025-02-13,2025-02-13,24400.0,PE,NIFTY2521324400PE,920.0,1044.25,917.3,985.25,985.25,822.65,23381.6,985.25,144000,-1275,199,379104180.0,130,F1,75,,,,,
2025-02-10,2025-02-10,FO,NSE,IDO,51322,,NIFTY,,2025-02-13,2025-02-13,25250.0,PE,NIFTY2521325250PE,0.0,0.0,0.0,1607.6,0.0,1607.6,23381.6,1854.9,0,0,0,0.0,0,F1,75,,,,,
2025-02-10,2025-02-10,FO,NSE,IDO,63621,,NIFTY,,2025-02-20,2025-02-20,23450.0,PE,NIFTY2522023450PE,187.2,268.35,184.5,226.85,228.9,168.1,23381.6,226.85,61050,30000,6571,11670767681.25,4472,F1,75,,,,,
2025-02-10,2025-02-10,FO,NSE,IDO,63623,,NIFTY,,2025-02-20,2025-02-20,23500.0,PE,NIFTY2522023500PE,195.05,296.7,193.55,253.0,255.45,188.45,23381.6,253.0,519825,213000,25291,45053210351.25,16158,F1,75,,,,,
2025-02-10,2025-02-10,FO,NSE,IDO,63637,,NIFTY,,2025-02-20,2025-02-20,23550.0,PE,NIFTY2522023550PE,232.85,323.5,215.65,280.3,283.7,208.95,23381.6,280.3,72900,-7875,2618,4678146933.75,1860,F1,75,,,,,
2025-02-10,2025-02-10,FO,NSE,IDO,63673,,NIFTY,,2025-02-20,2025-02-20,23800.0,PE,NIFTY2522023800PE,385.4,497.65,379.65,442.05,447.7,338.65,23381.6,442.05,88725,31125,1722,3132066011.25,1333,F1,75,,,,,
2025-02-10,2025-02-10,FO,NSE,IDO,63699,,NIFTY,,2025-02-20,2025-02-20,24300.0,PE,NIFTY2522024300PE,865.0,912.3,833.75,873.75,876.0,723.1,23381.6,873.75,1800,600,17,32095582.5,13,F1,75,,,,,
2025-02-10,2025-02-10,FO,NSE,IDO,64000,,NIFTY,,2025-02-20,2025-02-20,25400.0,PE,NIFTY2522025400PE,0.0,0.0,0.0,1942.2,0.0,1942.2,23381.6,1973.25,0,0,0,0.0,0,F1,75,,,,,
2025-02-10,2025-02-10,FO,NSE,IDO,64004,,NIFTY,,2025-02-20,2025-02-20,25500.0,PE,NIFTY2522025500PE,0.0,0.0,0.0,1677.75,1677.75,1677.75,23381.6,2073.05,225,0,0,0.0,0,F1,75,,,,,
2025-02-10,2025-02-10,FO,NSE,IDO,55624,,NIFTY,,2025-02-27,2025-02-27,22600.0,PE,NIFTY25FEB22600PE,39.0,58.05,39.0,49.25,49.4,37.4,23381.6,49.25,481950,-1425,6856,11646672322.5,3983,F1,75,,,,,
2025-02-10,2025-02-10,FO,NSE,IDO,55634,,NIFTY,,2025-02-27,2025-02-27,22850.0,PE,NIFTY25FEB22850PE,72.85,100.1,68.9,84.75,86.3,63.45,23381.6,84.75,106200,33075,2670,4592771175.0,1466,F1,75,,,,,
2025-02-10,2025-02-10,FO,NSE,IDO,55652,,NIFTY,,2025-02-27,2025-02-27,23300.0,PE,NIFTY25FEB23300PE,159.7,238.25,159.7,206.9,211.1,159.7,23381.6,206.9,1539525,77475,24361,42962287402.5,14598,F1,75,,,,,
2025-02-10,2025-02-10,FO,NSE,IDO,55654,,NIFTY,,2025-02-27,2025-02-27,23350.0,PE,NIFTY25FEB23350PE,198.4,259.55,190.5,225.65,225.05,171.6,23381.6,225.65,181875,51825,5684,10055241843.75,3605,F1,75,,,,,
2025-02-10,2025-02-10,FO,NSE,IDO,57608,,NIFTY,,2025-02-27,2025-02-27,24150.0,PE,NIFTY25FEB24150PE,0.0,0.0,0.0,616.0,616.0,616.0,23381.6,752.1,149850,0,0,0.0,0,F1,75,,,,,
2025-02-10,2025-02-10,FO,NSE,IDO,45491,,NIFTY,,2025-03-13,2025-03-13,23050.0,PE,NIFTY2531323050PE,0.0,0.0,0.0,192.4,0.0,192.4,23381.6,178.7,0,0,0,0.0,0,F1,75,,,,,
2025-02-10,2025-02-10,FO,NSE,IDO,57648,,NIFTY,,2025-02-27,2025-02-27,25100.0,PE,NIFTY25FEB25100PE,0.0,0.0,0.0,1418.15,1418.15,1418.15,23381.6,1644.85,10800,0,0,0.0,0,F1,75,,,,,
2025-02-10,2025-02-10,FO,NSE,IDO,57676,,NIFTY,,2025-02-27,2025-02-27,25800.0,PE,NIFTY25FEB25800PE,0.0,0.0,0.0,2096.0,2096.0,2096.0,23381.6,2340.5,41925,0,0,0.0,0,F1,75,,,,,
2025-02-10,2025-02-10,FO,NSE,IDO,57703,,NIFTY,,2025-02-27,2025-02-27,26300.0,PE,NIFTY25FEB26300PE,0.0,0.0,0.0,2574.0,2574.0,2574.0,23381.6,2838.9,7425,0,0,0.0,0,F1,75,,,,,
2025-02-10,2025-02-10,FO,NSE,IDO,68383,,NIFTY,,2025-03-06,2025-03-06,21250.0,PE,NIFTY2530621250PE,0.0,0.0,0.0,18.35,18.35,18.35,23381.6,0.45,675,0,0,0.0,0,F1,75,,,,,
2025-02-10,2025-02-10,FO,NSE,IDO,68404,,NIFTY,,2025-03-06,2025-03-06,21700.0,PE,NIFTY2530621700PE,0.0,0.0,0.0,48.3,0.0,48.3,23381.6,3.0,0,0,0,0.0,0,F1,75,,,,,
2025-02-10,2025-02-10,FO,NSE,IDO,68479,,NIFTY,,2025-03-06,2025-03-06,23250.0,PE,NIFTY2530623250PE,0.0,0.0,0.0,147.15,147.15,147.15,23381.6,218.55,300,0,0,0.0,0,F1,75,,,,,
2025-02-10,2025-02-10,FO,NSE,IDO,68601,,NIFTY,,2025-03-06,2025-03-06,24150.0,PE,NIFTY2530624150PE,0.0,0.0,0.0,971.35,0.0,971.35,23381.6,761.85,0,0,0,0.0,0,F1,75,,,,,
2025-02-10,2025-02-10,FO,NSE,IDO,68611,,NIFTY,,2025-03-06,2025-03-06,24300.0,PE,NIFTY2530624300PE,0.0,0.0,0.0,1083.2,0.0,1083.2,23381.6,884.45,0,0,0,0.0,0,F1,75,,,,,
2025-02-10,2025-02-10,FO,NSE,IDO,68636,,NIFTY,,2025-03-06,2025-03-06,24850.0,PE,NIFTY2530624850PE,0.0,0.0,0.0,1528.7,0.0,1528.7,23381.6,1380.05,0,0,0,0.0,0,F1,75,,,,,
2025-02-10,2025-02-10,FO,NSE,IDO,68723,,NIFTY,,2025-03-06,2025-03-06,25300.0,PE,NIFTY2530625300PE,0.0,0.0,0.0,1929.85,0.0,1929.85,23381.6,1815.1,0,0,0,0.0,0,F1,75,,,,,
2025-02-10,2025-02-10,FO,NSE,IDO,45457,,NIFTY,,2025-03-13,2025-03-13,22250.0,PE,NIFTY2531322250PE,0.0,0.0,0.0,50.35,0.0,50.35,23381.6,32.5,0,0,0,0.0,0,F1,75,,,,,
2025-02-10,2025-02-10,FO,NSE,IDO,45475,,NIFTY,,2025-03-13,2025-03-13,22650.0,PE,NIFTY2531322650PE,0.0,0.0,0.0,103.6,0.0,103.6,23381.6,82.55,0,0,0,0.0,0,F1,75,,,,,
2025-02-10,2025-02-10,FO,NSE,IDO,45481,,NIFTY,,2025-03-13,2025-03-13,22800.0,PE,NIFTY2531322800PE,132.2,132.2,132.2,132.2,132.2,132.2,23381.6,112.25,0,0,2,3439830.0,2,F1,75,,,,,
2025-02-10,2025-02-10,FO,NSE,IDO,45520,,NIFTY,,2025-03-13,2025-03-13,23300.0,PE,NIFTY2531323300PE,271.85,285.25,271.85,285.25,285.25,230.5,23381.6,269.4,150,-675,12,21215670.0,6,F1,75,,,,,
2025-02-10,2025-02-10,FO,NSE,IDO,45535,,NIFTY,,2025-03-13,2025-03-13,23600.0,PE,NIFTY2531323600PE,394.5,430.0,394.5,430.0,430.0,280.95,23381.6,413.05,75,-75,3,5401428.75,3,F1,75,,,,,
2025-02-10,2025-02-10,FO,NSE,IDO,45537,,NIFTY,,2025-03-13,2025-03-13,23650.0,PE,NIFTY2531323650PE,0.0,0.0,0.0,414.05,0.0,414.05,23381.6,440.7,0,0,0,0.0,0,F1,75,,,,,
2025-02-10,2025-02-10,FO,NSE,IDO,45545,,NIFTY,,2025-03-13,2025-03-13,23850.0,PE,NIFTY2531323850PE,0.0,0.0,0.0,514.0,0.0,514.0,23381.6,561.8,0,0,0,0.0,0,F1,75,,,,,
2025-02-10,2025-02-10,FO,NSE,IDO,45547,,NIFTY,,2025-03-13,2025-03-13,23900.0,PE,NIFTY2531323900PE,0.0,0.0,0.0,541.1,0.0,541.1,23381.6,594.6,0,0,0,0.0,0,F1,75,,,,,
2025-02-10,2025-02-10,FO,NSE,IDO,45635,,NIFTY,,2025-03-13,2025-03-13,24900.0,PE,NIFTY2531324900PE,0.0,0.0,0.0,1239.1,0.0,1239.1,23381.6,1411.55,0,0,0,0.0,0,F1,75,,,,,
2025-02-10,2025-02-10,FO,NSE,IDO,45647,,NIFTY,,2025-03-13,2025-03-13,25150.0,PE,NIFTY2531325150PE,0.0,0.0,0.0,1450.95,0.0,1450.95,23381.6,1646.65,0,0,0,0.0,0,F1,75,,,,,
2025-02-10,2025-02-10,FO,NSE,IDO,64561,,NIFTY,,2025-03-27,2025-03-27,21000.0,PE,NIFTY25MAR21000PE,17.95,21.45,15.05,19.5,19.95,16.6,23381.6,19.5,1485050,39025,8871,13985191117.5,2724,F1,75,,,,,
2025-02-10,2025-02-10,FO,NSE,IDO,46877,,NIFTY,,2025-03-27,2025-03-27,21400.0,PE,NIFTY25MAR21400PE,25.5,32.3,25.5,29.55,29.65,25.0,23381.6,29.55,40950,300,158,253949861.25,127,F1,75,,,,,
2025-02-10,2025-02-10,FO,NSE,IDO,46901,,NIFTY,,2025-03-27,2025-03-27,21700.0,PE,NIFTY25MAR21700PE,37.5,45.9,36.55,42.0,42.85,34.65,23381.6,42.0,187425,10125,957,1560494688.75,420,F1,75,,,,,
2025-02-10,2025-02-10,FO,NSE,IDO,46927,,NIFTY,,2025-03-27,2025-03-27,21850.0,PE,NIFTY25MAR21850PE,0.0,0.0,0.0,46.75,47.0,46.75,23381.6,24.7,3525,0,0,0.0,0,F1,75,,,,,
2025-02-10,2025-02-10,FO,NSE,IDO,48191,,NIFTY,,2025-03-27,2025-03-27,22800.0,PE,NIFTY25MAR22800PE,152.0,191.8,152.0,173.15,175.8,145.0,23381.6,173.15,253275,34050,1921,3310313868.75,1043,F1,75,,,,,
2025-02-10,2025-02-10,FO,NSE,IDO,51119,,NIFTY,,2025-03-27,2025-03-27,23300.0,PE,NIFTY25MAR23300PE,284.75,344.5,282.65,315.6,318.05,263.85,23381.6,315.6,128925,13800,1427,2528030921.25,1078,F1,75,,,,,
2025-02-10,2025-02-10,FO,NSE,IDO,54728,,NIFTY,,2025-03-27,2025-03-27,24100.0,PE,NIFTY25MAR24100PE,640.4,752.95,640.4,706.2,707.75,601.6,23381.6,706.2,22425,-1500,43,79998412.5,38,F1,75,,,,,
2025-02-10,2025-02-10,FO,NSE,IDO,55103,,NIFTY,,2025-03-27,2025-03-27,24250.0,PE,NIFTY25MAR24250PE,0.0,0.0,0.0,625.0,625.0,625.0,23381.6,863.8,14325,0,0,0.0,0,F1,75,,,,,
2025-02-10,2025-02-10,FO,NSE,IDO,56535,,NIFTY,,2025-03-27,2025-03-27,24650.0,PE,NIFTY25MAR24650PE,0.0,0.0,0.0,1025.2,0.0,1025.2,23381.6,1175.85,0,0,0,0.0,0,F1,75,,,,,
2025-02-10,2025-02-10,FO,NSE,IDO,56867,,NIFTY,,2025-03-27,2025-03-27,25050.0,PE,NIFTY25MAR25050PE,0.0,0.0,0.0,1278.65,0.0,1278.65,23381.6,1521.85,0,0,0,0.0,0,F1,75,,,,,
2025-02-10,2025-02-10,FO,NSE,IDO,56879,,NIFTY,,2025-03-27,2025-03-27,25350.0,PE,NIFTY25MAR25350PE,0.0,0.0,0.0,1487.0,0.0,1487.0,23381.6,1796.85,0,0,0,0.0,0,F1,75,,,,,
2025-02-10,2025-02-10,FO,NSE,IDO,59770,,NIFTY,,2025-03-27,2025-03-27,25950.0,PE,NIFTY25MAR25950PE,0.0,0.0,0.0,1944.95,0.0,1944.95,23381.6,2370.3,0,0,0,0.0,0,F1,75,,,,,
2025-02-10,2025-02-10,FO,NSE,IDO,64591,,NIFTY,,2025-03-27,2025-03-27,30000.0,PE,NIFTY25MAR30000PE,6307.85,6329.0,6307.85,6329.0,6329.0,6137.9,23381.6,6378.95,33900,150,3,8171088.75,3,F1,75,,,,,
2025-02-10,2025-02-10,FO,NSE,IDO,79385,,NIFTY,,2025-04-24,2025-04-24,22350.0,PE,NIFTY25APR22350PE,0.0,0.0,0.0,239.4,0.0,239.4,23381.6,122.0,0,0,0,0.0,0,F1,75,,,,,
2025-02-10,2025-02-10,FO,NSE,IDO,79427,,NIFTY,,2025-04-24,2025-04-24,22950.0,PE,NIFTY25APR22950PE,0.0,0.0,0.0,418.35,0.0,418.35,23381.6,263.9,0,0,0,0.0,0,F1,75,,,,,
2025-02-10,2025-02-10,FO,NSE,IDO,79489,,NIFTY,,2025-04-24,2025-04-24,23400.0,PE,NIFTY25APR23400PE,380.0,420.0,380.0,404.25,401.75,359.2,23381.6,404.25,4875,750,33,58924492.5,24,F1,75,,,,,
2025-02-10,2025-02-10,FO,NSE,IDO,79500,,NIFTY,,2025-04-24,2025-04-24,23450.0,PE,NIFTY25APR23450PE,404.65,404.65,387.0,387.0,387.0,624.25,23381.6,449.95,75,75,2,3576873.75,2,F1,75,,,,,
2025-02-10,2025-02-10,FO,NSE,IDO,79508,,NIFTY,,2025-04-24,2025-04-24,23650.0,PE,NIFTY25APR23650PE,0.0,0.0,0.0,470.0,470.0,470.0,23381.6,543.45,75,0,0,0.0,0,F1,75,,,,,
2025-02-10,2025-02-10,FO,NSE,IDO,79516,,NIFTY,,2025-04-24,2025-04-24,23850.0,PE,NIFTY25APR23850PE,0.0,0.0,0.0,827.5,0.0,827.5,23381.6,647.95,0,0,0,0.0,0,F1,75,,,,,
2025-02-10,2025-02-10,FO,NSE,IDO,79633,,NIFTY,,2025-04-24,2025-04-24,24300.0,PE,NIFTY25APR24300PE,0.0,0.0,0.0,1096.15,0.0,1096.15,23381.6,922.05,0,0,0,0.0,0,F1,75,,,,,
2025-02-10,2025-02-10,FO,NSE,IDO,79637,,NIFTY,,2025-04-24,2025-04-24,24400.0,PE,NIFTY25APR24400PE,0.0,0.0,0.0,1161.3,0.0,1161.3,23381.6,989.85,0,0,0,0.0,0,F1,75,,,,,
2025-02-10,2025-02-10,FO,NSE,IDO,79641,,NIFTY,,2025-04-24,2025-04-24,24500.0,PE,NIFTY25APR24500PE,938.65,1017.55,933.45,966.85,967.1,876.7,23381.6,966.85,121350,4050,258,493011757.5,213,F1,75,,,,,
2025-02-10,2025-02-10,FO,NSE,IDO,79679,,NIFTY,,2025-04-24,2025-04-24,24850.0,PE,NIFTY25APR24850PE,0.0,0.0,0.0,1478.0,0.0,1478.0,23381.6,1322.55,0,0,0,0.0,0,F1,75,,,,,
2025-02-10,2025-02-10,FO,NSE,IDO,64685,,NIFTY,,2025-09-25,2025-09-25,20000.0,PE,NIFTY25SEP20000PE,0.0,0.0,0.0,22.8,0.0,22.8,23381.6,28.3,0,0,0,0.0,0,F1,75,,,,,
2025-02-10,2025-02-10,FO,NSE,IDO,64697,,NIFTY,,2025-09-25,2025-09-25,26000.0,PE,NIFTY25SEP26000PE,0.0,0.0,0.0,812.55,0.0,812.55,23381.6,2008.5,0,0,0,0.0,0,F1,75,,,,,
2025-02-10,2025-02-10,FO,NSE,IDO,49178,,NIFTY,,2025-12-24,2025-12-24,16000.0,PE,NIFTY25DEC16000PE,0.0,0.0,0.0,20.25,20.25,20.25,23381.6,0.15,2125,0,0,0.0,0,F1,75,,,,,
2025-02-10,2025-02-10,FO,NSE,IDO,71403,,NIFTY,,2025-12-24,2025-12-24,26000.0,PE,NIFTY25DEC26000PE,1750.0,1845.0,1735.15,1824.5,1829.3,1747.7,23381.6,1824.5,139050,475,35,72985005.0,35,F1,75,,,,,
2025-02-10,2025-02-10,FO,NSE,IDO,38157,,NIFTY,,2026-06-25,2026-06-25,29000.0,PE,NIFTY26JUN29000PE,0.0,0.0,0.0,5546.1,0.0,5546.1,23381.6,3618.8,0,0,0,0.0,0,F1,75,,,,,
2025-02-10,2025-02-10,FO,NSE,IDO,37810,,NIFTY,,2026-12-31,2026-12-31,23000.0,PE,NIFTY26DEC23000PE,0.0,0.0,0.0,720.0,720.0,720.0,23381.6,527.2,12975,0,0,0.0,0,F1,75,,,,,
2025-02-10,2025-02-10,FO,NSE,IDO,71504,,NIFTY,,2026-12-31,2026-12-31,25000.0,PE,NIFTY26DEC25000PE,0.0,0.0,0.0,1355.0,1355.0,1355.0,23381.6,1119.35,525,0,0,0.0,0,F1,75,,,,,
2025-02-10,2025-02-10,FO,NSE,IDO,50979,,NIFTY,,2026-12-31,2026-12-31,27000.0,PE,NIFTY26DEC27000PE,0.0,0.0,0.0,6522.3,0.0,6522.3,23381.6,2005.2,0,0,0,0.0,0,F1,75,,,,,
2025-02-10,2025-02-10,FO,NSE,IDO,71552,,NIFTY,,2027-06-24,2027-06-24,20000.0,PE,NIFTY27JUN20000PE,0.0,0.0,0.0,3034.2,0.0,3034.2,23381.6,122.55,0,0,0,0.0,0,F1,75,,,,,
2025-02-10,2025-02-10,FO,NSE,IDO,71559,,NIFTY,,2027-06-24,2027-06-24,23000.0,PE,NIFTY27JUN23000PE,0.0,0.0,0.0,4514.3,0.0,4514.3,23381.6,513.9,0,0,0,0.0,0,F1,75,,,,,
2025-02-10,2025-02-10,FO,NSE,IDO,86146,,NIFTY,,2028-06-29,2028-06-29,21000.0,PE,NIFTY28JUN21000PE,0.0,0.0,0.0,907.2,0.0,907.2,23381.6,213.45,0,0,0,0.0,0,F1,75,,,,,
2025-02-10,2025-02-10,FO,NSE,IDO,86152,,NIFTY,,2028-06-29,2028-06-29,24000.0,PE,NIFTY28JUN24000PE,0.0,0.0,0.0,1692.75,0.0,1692.75,23381.6,650.2,0,0,0,0.0,0,F1,75,,,,,
2025-02-10,2025-02-10,FO,NSE,IDO,86164,,NIFTY,,2028-06-29,2028-06-29,27000.0,PE,NIFTY28JUN27000PE,0.0,0.0,0.0,2752.35,0.0,2752.35,23381.6,1469.5,0,0,0,0.0,0,F1,75,,,,,
2025-02-10,2025-02-10,FO,NSE,IDO,67775,,NIFTY,,2028-12-28,2028-12-28,20000.0,PE,NIFTY28DEC20000PE,0.0,0.0,0.0,370.0,370.0,370.0,23381.6,135.0,875,0,0,0.0,0,F1,75,,,,,
2025-02-10,2025-02-10,FO,NSE,IDO,63671,,NIFTY,,2025-02-20,2025-02-20,23750.0,PE,NIFTY2522023750PE,350.25,460.0,350.25,406.75,409.5,307.65,23381.6,406.75,36750,1650,482,873537611.25,309,F1,75,,,,,
2025-02-10,2025-02-10,FO,NSE,IDO,63550,,NIFTY,,2025-02-20,2025-02-20,23150.0,PE,NIFTY2522023150PE,95.95,139.0,92.7,112.85,114.4,79.15,23381.6,112.85,63900,33000,4110,7172386065.0,2628,F1,75,,,,,
2025-02-10,2025-02-10,FO,NSE,IDO,63439,,NIFTY,,2025-02-20,2025-02-20,22750.0,PE,NIFTY2522022750PE,29.0,49.1,29.0,37.5,38.9,27.25,23381.6,37.5,53700,42075,2603,4449163353.75,1474,F1,75,,,,,
2025-02-10,2025-02-10,FO,NSE,IDO,63425,,NIFTY,,2025-02-20,2025-02-20,22600.0,PE,NIFTY2522022600PE,21.0,32.35,18.85,24.1,23.85,18.25,23381.6,24.1,300900,221400,17280,29322801037.5,10731,F1,75,,,,,
2025-02-10,2025-02-10,FO,NSE,IDO,63366,,NIFTY,,2025-02-20,2025-02-20,22500.0,PE,NIFTY2522022500PE,12.0,24.8,12.0,17.55,17.9,14.05,23381.6,17.55,992100,624150,34292,57917166000.0,17334,F1,75,,,,,
2025-02-10,2025-02-10,FO,NSE,IDO,63132,,NIFTY,,2025-02-20,2025-02-20,21300.0,PE,NIFTY2522021300PE,2.5,2.5,2.05,2.2,2.25,2.6,23381.6,2.2,160125,150675,3581,5721251752.5,1658,F1,75,,,,,
2025-02-10,2025-02-10,FO,NSE,IDO,51309,,NIFTY,,2025-02-13,2025-02-13,25150.0,PE,NIFTY2521325150PE,0.0,0.0,0.0,1641.5,1641.5,1641.5,23381.6,1754.95,75,0,0,0.0,0,F1,75,,,,,
2025-02-10,2025-02-10,FO,NSE,IDO,51305,,NIFTY,,2025-02-13,2025-02-13,25050.0,PE,NIFTY2521325050PE,0.0,0.0,0.0,1590.1,1590.1,1590.1,23381.6,1655.0,225,0,0,0.0,0,F1,75,,,,,
2025-02-10,2025-02-10,FO,NSE,IDO,51284,,NIFTY,,2025-02-13,2025-02-13,24600.0,PE,NIFTY2521324600PE,1107.0,1220.25,1095.0,1186.0,1186.0,1011.25,23381.6,1186.0,30300,6600,186,359820858.75,92,F1,75,,,,,
2025-02-10,2025-02-10,FO,NSE,IDO,51260,,NIFTY,,2025-02-13,2025-02-13,24150.0,PE,NIFTY2521324150PE,661.5,797.6,661.45,738.35,738.85,583.0,23381.6,738.35,13725,150,65,121306665.0,49,F1,75,,,,,
2025-02-10,2025-02-10,FO,NSE,IDO,51093,,NIFTY,,2025-02-13,2025-02-13,21550.0,CE,NIFTY2521321550CE,0.0,0.0,0.0,2140.6,0.0,2140.6,23381.6,1843.1,0,0,0,0.0,0,F1,75,,,,,
2025-02-10,2025-02-10,FO,NSE,IDO,51095,,NIFTY,,2025-02-13,2025-02-13,21600.0,CE,NIFTY2521321600CE,0.0,0.0,0.0,2086.75,2086.75,2086.75,23381.6,1793.15,600,0,0,0.0,0,F1,75,,,,,
2025-02-10,2025-02-10,FO,NSE,IDO,51175,,NIFTY,,2025-02-13,2025-02-13,22750.0,CE,NIFTY2521322750CE,734.0,734.0,608.35,669.0,671.0,849.0,23381.6,669.0,4050,-1425,91,159727387.5,75,F1,75,,,,,
2025-02-10,2025-02-10,FO,NSE,IDO,51182,,NIFTY,,2025-02-13,2025-02-13,22900.0,CE,NIFTY2521322900CE,620.05,624.8,463.4,528.1,522.9,681.45,23381.6,528.1,30975,6150,3159,5546646251.25,1683,F1,75,,,,,
2025-02-10,2025-02-10,FO,NSE,IDO,51217,,NIFTY,,2025-02-13,2025-02-13,23500.0,CE,NIFTY2521323500CE,145.0,183.25,76.7,100.45,98.25,183.7,23381.6,100.45,6060300,3085125,1943463,3441139352490.0,1109943,F1,75,,,,,
2025-02-10,2025-02-10,FO,NSE,IDO,51249,,NIFTY,,2025-02-13,2025-02-13,23950.0,CE,NIFTY2521323950CE,36.0,36.0,9.7,12.05,11.8,31.45,23381.6,12.05,2631525,1155975,495278,890177395102.5,163294,F1,75,,,,,
2025-02-10,2025-02-10,FO,NSE,IDO,51259,,NIFTY,,2025-02-13,2025-02-13,24150.0,CE,NIFTY2521324150CE,10.5,10.9,3.75,4.25,3.95,11.4,23381.6,4.25,2484150,1178700,466153,844499694885.0,135609,F1,75,,,,,
2025-02-10,2025-02-10,FO,NSE,IDO,51291,,NIFTY,,2025-02-13,2025-02-13,24800.0,CE,NIFTY2521324800CE,1.25,1.45,1.05,1.25,1.3,1.35,23381.6,1.25,2670150,-238050,192615,358281720967.5,33574,F1,75,,,,,
2025-02-10,2025-02-10,FO,NSE,IDO,51331,,NIFTY,,2025-02-13,2025-02-13,25500.0,CE,NIFTY2521325500CE,0.75,1.1,0.7,0.95,0.95,0.9,23381.6,0.95,14482425,1780800,559383,1069858007887.5,67115,F1,75,,,,,
2025-02-10,2025-02-10,FO,NSE,IDO,63267,,NIFTY,,2025-02-20,2025-02-20,21700.0,CE,NIFTY2522021700CE,0.0,0.0,0.0,1791.8,0.0,1791.8,23381.6,1720.25,0,0,0,0.0,0,F1,75,,,,,
2025-02-10,2025-02-10,FO,NSE,IDO,63618,,NIFTY,,2025-02-20,2025-02-20,23400.0,CE,NIFTY2522023400CE,335.55,335.55,207.65,240.25,237.95,335.55,23381.6,240.25,282300,198150,26029,46150930706.25,14831,F1,75,,,,,
2025-02-10,2025-02-10,FO,NSE,IDO,63690,,NIFTY,,2025-02-20,2025-02-20,24200.0,CE,NIFTY2522024200CE,35.55,35.55,16.4,19.7,19.4,36.05,23381.6,19.7,619875,147750,28950,52592524818.75,15513,F1,75,,,,,
2025-02-10,2025-02-10,FO,NSE,IDO,63803,,NIFTY,,2025-02-20,2025-02-20,24900.0,CE,NIFTY2522024900CE,4.25,4.25,2.85,3.1,3.1,4.2,23381.6,3.1,208800,149400,6640,12401826637.5,2382,F1,75,,,,,
2025-02-10,2025-02-10,FO,NSE,IDO,63807,,NIFTY,,2025-02-20,2025-02-20,24950.0,CE,NIFTY2522024950CE,3.45,3.75,2.7,2.9,2.85,4.1,23381.6,2.9,6975,2250,360,673730250.0,188,F1,75,,,,,
2025-02-10,2025-02-10,FO,NSE,IDO,55593,,NIFTY,,2025-02-27,2025-02-27,21850.0,CE,NIFTY25FEB21850CE,0.0,0.0,0.0,1393.65,1393.65,1393.65,23381.6,1599.25,1050,0,0,0.0,0,F1,75,,,,,
2025-02-10,2025-02-10,FO,NSE,IDO,55639,,NIFTY,,2025-02-27,2025-02-27,23000.0,CE,NIFTY25FEB23000CE,670.05,687.45,526.3,575.75,573.0,707.6,23381.6,575.75,1956900,47325,8254,14596140243.75,5731,F1,75,,,,,
2025-02-10,2025-02-10,FO,NSE,IDO,55645,,NIFTY,,2025-02-27,2025-02-27,23150.0,CE,NIFTY25FEB23150CE,531.2,531.2,422.3,467.15,466.65,592.95,23381.6,467.15,57450,12900,476,843912090.0,451,F1,75,,,,,
2025-02-10,2025-02-10,FO,NSE,IDO,55649,,NIFTY,,2025-02-27,2025-02-27,23250.0,CE,NIFTY25FEB23250CE,489.0,507.25,359.4,398.45,399.75,499.65,23381.6,398.45,84525,3975,942,1670531790.0,809,F1,75,,,,,
2025-02-10,2025-02-10,FO,NSE,IDO,57589,,NIFTY,,2025-02-27,2025-02-27,23700.0,CE,NIFTY25FEB23700CE,205.05,226.1,144.0,164.9,165.3,235.05,23381.6,164.9,1697775,58275,21043,37671503913.75,11480,F1,75,,,,,
2025-02-10,2025-02-10,FO,NSE,IDO,57599,,NIFTY,,2025-02-27,2025-02-27,23950.0,CE,NIFTY25FEB23950CE,130.85,130.85,74.3,85.95,84.55,130.8,23381.6,85.95,109350,-6825,3616,6519493263.75,2580,F1,75,,,,,
2025-02-10,2025-02-10,FO,NSE,IDO,57605,,NIFTY,,2025-02-27,2025-02-27,24100.0,CE,NIFTY25FEB24100CE,83.35,83.35,48.2,55.4,56.3,88.1,23381.6,55.4,1053750,98475,20447,37049126381.25,11809,F1,75,,,,,
2025-02-10,2025-02-10,FO,NSE,IDO,57641,,NIFTY,,2025-02-27,2025-02-27,25000.0,CE,NIFTY25FEB25000CE,8.5,8.6,6.0,6.6,6.6,8.45,23381.6,6.6,3483075,-136200,28016,52544327906.25,11148,F1,75,,,,,
2025-02-10,2025-02-10,FO,NSE,IDO,57651,,NIFTY,,2025-02-27,2025-02-27,25200.0,CE,NIFTY25FEB25200CE,6.55,6.55,5.0,5.25,5.65,7.0,23381.6,5.25,457275,-38325,6184,11690325120.0,3653,F1,75,,,,,
2025-02-10,2025-02-10,FO,NSE,IDO,57653,,NIFTY,,2025-02-27,2025-02-27,25250.0,CE,NIFTY25FEB25250CE,5.4,5.9,4.85,4.95,4.95,6.65,23381.6,4.95,33075,-2175,186,352311735.0,122,F1,75,,,,,
2025-02-10,2025-02-10,FO,NSE,IDO,57683,,NIFTY,,2025-02-27,2025-02-27,26000.0,CE,NIFTY25FEB26000CE,3.85,3.85,3.15,3.45,3.45,3.85,23381.6,3.45,2866800,-18150,8770,17103721537.5,2811,F1,75,,,,,
2025-02-10,2025-02-10,FO,NSE,IDO,57704,,NIFTY,,2025-02-27,2025-02-27,26350.0,CE,NIFTY25FEB26350CE,2.9,3.35,2.9,3.05,3.05,3.65,23381.6,0.05,11475,525,27,53365098.75,12,F1,75,,,,,
2025-02-10,2025-02-10,FO,NSE,IDO,61859,,NIFTY,,2029-12-27,2029-12-27,28000.0,PE,NIFTY29DEC28000PE,0.0,0.0,0.0,1411.3,0.0,1411.3,23381.6,1360.9,0,0,0,0.0,0,F1,75,,,,,
2025-02-10,2025-02-10,FO,NSE,IDO,89627,,NIFTY,,2029-06-28,2029-06-28,22000.0,PE,NIFTY29JUN22000PE,0.0,0.0,0.0,422.0,0.0,422.0,23381.6,293.6,0,0,0,0.0,0,F1,75,,,,,
2025-02-10,2025-02-10,FO,NSE,IDO,67789,,NIFTY,,2028-12-28,2028-12-28,27000.0,PE,NIFTY28DEC27000PE,0.0,0.0,0.0,1413.85,0.0,1413.85,23381.6,1332.9,0,0,0,0.0,0,F1,75,,,,,
2025-02-10,2025-02-10,FO,NSE,IDO,86144,,NIFTY,,2028-06-29,2028-06-29,20000.0,PE,NIFTY28JUN20000PE,0.0,0.0,0.0,400.0,400.0,400.0,23381.6,134.65,0,0,0,0.0,0,F1,75,,,,,
2025-02-10,2025-02-10,FO,NSE,IDO,53615,,NIFTY,,2027-12-30,2027-12-30,21000.0,PE,NIFTY27DEC21000PE,0.0,0.0,0.0,582.95,582.95,582.95,23381.6,214.65,50,0,0,0.0,0,F1,75,,,,,
2025-02-10,2025-02-10,FO,NSE,IDO,50550,,NIFTY,,2027-06-24,2027-06-24,28000.0,PE,NIFTY27JUN28000PE,0.0,0.0,0.0,5959.35,0.0,5959.35,23381.6,2285.25,0,0,0,0.0,0,F1,75,,,,,
2025-02-10,2025-02-10,FO,NSE,IDO,71561,,NIFTY,,2027-06-24,2027-06-24,24000.0,PE,NIFTY27JUN24000PE,0.0,0.0,0.0,5056.2,0.0,5056.2,23381.6,745.3,0,0,0,0.0,0,F1,75,,,,,
2025-02-10,2025-02-10,FO,NSE,IDO,50976,,NIFTY,,2026-06-25,2026-06-25,27000.0,PE,NIFTY26JUN27000PE,0.0,0.0,0.0,6810.7,0.0,6810.7,23381.6,2260.85,0,0,0,0.0,0,F1,75,,,,,
2025-02-10,2025-02-10,FO,NSE,IDO,51455,,NIFTY,,2026-06-25,2026-06-25,21000.0,PE,NIFTY26JUN21000PE,250.05,250.05,250.05,250.05,250.05,3065.6,23381.6,250.05,75,75,1,1593753.75,1,F1,75,,,,,
2025-02-10,2025-02-10,FO,NSE,IDO,38380,,NIFTY,,2026-06-25,2026-06-25,20000.0,PE,NIFTY26JUN20000PE,0.0,0.0,0.0,3159.75,0.0,3159.75,23381.6,84.15,0,0,0,0.0,0,F1,75,,,,,
2025-02-10,2025-02-10,FO,NSE,IDO,68374,,NIFTY,,2025-03-06,2025-03-06,21100.0,CE,NIFTY2530621100CE,0.0,0.0,0.0,2296.3,0.0,2296.3,23381.6,2371.8,0,0,0,0.0,0,F1,75,,,,,
2025-02-10,2025-02-10,FO,NSE,IDO,68376,,NIFTY,,2025-03-06,2025-03-06,21150.0,CE,NIFTY2530621150CE,0.0,0.0,0.0,2248.4,0.0,2248.4,23381.6,2322.05,0,0,0,0.0,0,F1,75,,,,,
2025-02-10,2025-02-10,FO,NSE,IDO,68388,,NIFTY,,2025-03-06,2025-03-06,21350.0,CE,NIFTY2530621350CE,0.0,0.0,0.0,2058.55,0.0,2058.55,23381.6,2123.35,0,0,0,0.0,0,F1,75,,,,,
2025-02-10,2025-02-10,FO,NSE,IDO,68391,,NIFTY,,2025-03-06,2025-03-06,21400.0,CE,NIFTY2530621400CE,0.0,0.0,0.0,2011.6,0.0,2011.6,23381.6,2073.7,0,0,0,0.0,0,F1,75,,,,,
2025-02-10,2025-02-10,FO,NSE,IDO,68393,,NIFTY,,2025-03-06,2025-03-06,21450.0,CE,NIFTY2530621450CE,0.0,0.0,0.0,1964.85,0.0,1964.85,23381.6,2024.15,0,0,0,0.0,0,F1,75,,,,,
2025-02-10,2025-02-10,FO,NSE,IDO,68401,,NIFTY,,2025-03-06,2025-03-06,21650.0,CE,NIFTY2530621650CE,0.0,0.0,0.0,1780.7,0.0,1780.7,23381.6,1826.4,0,0,0,0.0,0,F1,75,,,,,
2025-02-10,2025-02-10,FO,NSE,IDO,68430,,NIFTY,,2025-03-06,2025-03-06,22300.0,CE,NIFTY2530622300CE,0.0,0.0,0.0,1223.35,0.0,1223.35,23381.6,1200.1,0,0,0,0.0,0,F1,75,,,,,
2025-02-10,2025-02-10,FO,NSE,IDO,68574,,NIFTY,,2025-03-06,2025-03-06,23500.0,CE,NIFTY2530623500CE,388.4,391.2,301.6,333.5,332.5,419.2,23381.6,333.5,23175,7800,369,659713327.5,307,F1,75,,,,,
2025-02-10,2025-02-10,FO,NSE,IDO,68586,,NIFTY,,2025-03-06,2025-03-06,23800.0,CE,NIFTY2530623800CE,264.9,264.9,173.65,194.6,194.8,252.25,23381.6,194.6,8775,4200,138,248315493.75,95,F1,75,,,,,
2025-02-10,2025-02-10,FO,NSE,IDO,68602,,NIFTY,,2025-03-06,2025-03-06,24200.0,CE,NIFTY2530624200CE,102.0,105.45,70.0,78.85,80.9,110.85,23381.6,78.85,11550,2250,109,198494276.25,54,F1,75,,,,,
2025-02-10,2025-02-10,FO,NSE,IDO,68672,,NIFTY,,2025-03-06,2025-03-06,25250.0,CE,NIFTY2530625250CE,0.0,0.0,0.0,15.95,15.95,15.95,23381.6,5.4,450,0,0,0.0,0,F1,75,,,,,
2025-02-10,2025-02-10,FO,NSE,IDO,68870,,NIFTY,,2025-03-06,2025-03-06,25450.0,CE,NIFTY2530625450CE,8.95,8.95,7.5,7.5,7.5,37.1,23381.6,2.85,375,375,5,9546892.5,5,F1,75,,,,,
2025-02-10,2025-02-10,FO,NSE,IDO,45440,,NIFTY,,2025-03-13,2025-03-13,22000.0,CE,NIFTY2531322000CE,0.0,0.0,0.0,1786.75,0.0,1786.75,23381.6,1519.3,0,0,0,0.0,0,F1,75,,,,,
2025-02-10,2025-02-10,FO,NSE,IDO,45542,,NIFTY,,2025-03-13,2025-03-13,23800.0,CE,NIFTY2531323800CE,0.0,0.0,0.0,456.65,0.0,456.65,23381.6,242.65,0,0,0,0.0,0,F1,75,,,,,
2025-02-10,2025-02-10,FO,NSE,IDO,45546,,NIFTY,,2025-03-13,2025-03-13,23900.0,CE,NIFTY2531323900CE,0.0,0.0,0.0,410.7,0.0,410.7,23381.6,207.8,0,0,0,0.0,0,F1,75,,,,,
2025-02-10,2025-02-10,FO,NSE,IDO,45556,,NIFTY,,2025-03-13,2025-03-13,24150.0,CE,NIFTY2531324150CE,0.0,0.0,0.0,310.0,0.0,310.0,23381.6,136.95,0,0,0,0.0,0,F1,75,,,,,
2025-02-10,2025-02-10,FO,NSE,IDO,45597,,NIFTY,,2025-03-13,2025-03-13,24450.0,CE,NIFTY2531324450CE,0.0,0.0,0.0,214.35,0.0,214.35,23381.6,78.5,0,0,0,0.0,0,F1,75,,,,,
2025-02-10,2025-02-10,FO,NSE,IDO,45653,,NIFTY,,2025-03-13,2025-03-13,25300.0,CE,NIFTY2531325300CE,25.35,25.35,8.05,10.8,10.8,62.45,23381.6,11.45,300,300,9,17088131.25,9,F1,75,,,,,
2025-02-10,2025-02-10,FO,NSE,IDO,46854,,NIFTY,,2025-03-27,2025-03-27,21250.0,CE,NIFTY25MAR21250CE,0.0,0.0,0.0,2926.85,0.0,2926.85,23381.6,2306.5,0,0,0,0.0,0,F1,75,,,,,
2025-02-10,2025-02-10,FO,NSE,IDO,46868,,NIFTY,,2025-03-27,2025-03-27,21350.0,CE,NIFTY25MAR21350CE,0.0,0.0,0.0,2834.95,0.0,2834.95,23381.6,2209.0,0,0,0,0.0,0,F1,75,,,,,
2025-02-10,2025-02-10,FO,NSE,IDO,46888,,NIFTY,,2025-03-27,2025-03-27,21600.0,CE,NIFTY25MAR21600CE,0.0,0.0,0.0,2300.0,2300.0,2300.0,23381.6,1967.55,75,0,0,0.0,0,F1,75,,,,,
2025-02-10,2025-02-10,FO,NSE,IDO,46892,,NIFTY,,2025-03-27,2025-03-27,21650.0,CE,NIFTY25MAR21650CE,0.0,0.0,0.0,2563.9,0.0,2563.9,23381.6,1919.75,0,0,0,0.0,0,F1,75,,,,,
2025-02-10,2025-02-10,FO,NSE,IDO,46908,,NIFTY,,2025-03-27,2025-03-27,21750.0,CE,NIFTY25MAR21750CE,0.0,0.0,0.0,1902.25,1902.25,1902.25,23381.6,1824.75,0,0,0,0.0,0,F1,75,,,,,
2025-02-10,2025-02-10,FO,NSE,IDO,46986,,NIFTY,,2025-03-27,2025-03-27,22300.0,CE,NIFTY25MAR22300CE,0.0,0.0,0.0,2007.65,0.0,2007.65,23381.6,1323.75,0,0,0,0.0,0,F1,75,,,,,
2025-02-10,2025-02-10,FO,NSE,IDO,45509,,NIFTY,,2025-03-13,2025-03-13,23150.0,PE,NIFTY2531323150PE,0.0,0.0,0.0,221.5,0.0,221.5,23381.6,211.9,0,0,0,0.0,0,F1,75,,,,,
2025-02-10,2025-02-10,FO,NSE,IDO,45533,,NIFTY,,2025-03-13,2025-03-13,23550.0,PE,NIFTY2531323550PE,0.0,0.0,0.0,369.05,0.0,369.05,23381.6,386.4,0,0,0,0.0,0,F1,75,,,,,
2025-02-10,2025-02-10,FO,NSE,IDO,45543,,NIFTY,,2025-03-13,2025-03-13,23800.0,PE,NIFTY2531323800PE,0.0,0.0,0.0,373.15,373.15,373.15,23381.6,530.0,75,0,0,0.0,0,F1,75,,,,,
2025-02-10,2025-02-10,FO,NSE,IDO,45559,,NIFTY,,2025-03-13,2025-03-13,24150.0,PE,NIFTY2531324150PE,0.0,0.0,0.0,688.65,0.0,688.65,23381.6,772.4,0,0,0,0.0,0,F1,75,,,,,
2025-02-10,2025-02-10,FO,NSE,IDO,45645,,NIFTY,,2025-03-13,2025-03-13,25100.0,PE,NIFTY2531325100PE,0.0,0.0,0.0,1407.7,0.0,1407.7,23381.6,1599.1,0,0,0,0.0,0,F1,75,,,,,
2025-02-10,2025-02-10,FO,NSE,IDO,46992,,NIFTY,,2025-03-27,2025-03-27,22400.0,PE,NIFTY25MAR22400PE,86.75,115.55,86.75,104.7,103.4,85.1,23381.6,104.7,193200,16050,981,1655968462.5,543,F1,75,,,,,
2025-02-10,2025-02-10,FO,NSE,IDO,48346,,NIFTY,,2025-03-27,2025-03-27,23050.0,PE,NIFTY25MAR23050PE,255.2,257.25,236.1,237.75,238.3,198.1,23381.6,237.75,14250,3975,62,108326977.5,35,F1,75,,,,,
2025-02-10,2025-02-10,FO,NSE,IDO,64583,,NIFTY,,2025-03-27,2025-03-27,29000.0,PE,NIFTY25MAR29000PE,5383.8,5383.8,5288.45,5301.25,5310.6,5146.4,23381.6,5301.25,408225,-75,91,234182460.0,85,F1,75,,,,,
2025-02-10,2025-02-10,FO,NSE,IDO,50543,,NIFTY,,2025-12-24,2025-12-24,28000.0,CE,NIFTY25DEC28000CE,238.0,245.1,230.0,235.55,236.4,250.15,23381.6,235.55,311500,7300,304,643759683.75,251,F1,75,,,,,
2025-02-10,2025-02-10,FO,NSE,IDO,79259,,NIFTY,,2025-04-24,2025-04-24,21550.0,PE,NIFTY25APR21550PE,0.0,0.0,0.0,97.3,0.0,97.3,23381.6,33.6,0,0,0,0.0,0,F1,75,,,,,
2025-02-10,2025-02-10,FO,NSE,IDO,79383,,NIFTY,,2025-04-24,2025-04-24,22300.0,PE,NIFTY25APR22300PE,126.0,145.0,126.0,131.35,131.35,122.4,23381.6,131.35,28575,8400,131,220418388.75,98,F1,75,,,,,
2025-02-10,2025-02-10,FO,NSE,IDO,79395,,NIFTY,,2025-04-24,2025-04-24,22550.0,PE,NIFTY25APR22550PE,0.0,0.0,0.0,291.1,0.0,291.1,23381.6,160.55,0,0,0,0.0,0,F1,75,,,,,
2025-02-10,2025-02-10,FO,NSE,IDO,79416,,NIFTY,,2025-04-24,2025-04-24,22850.0,PE,NIFTY25APR22850PE,0.0,0.0,0.0,383.5,0.0,383.5,23381.6,234.5,0,0,0,0.0,0,F1,75,,,,,
2025-02-10,2025-02-10,FO,NSE,IDO,79487,,NIFTY,,2025-04-24,2025-04-24,23350.0,PE,NIFTY25APR23350PE,0.0,0.0,0.0,578.8,0.0,578.8,23381.6,407.35,0,0,0,0.0,0,F1,75,,,,,
2025-02-10,2025-02-10,FO,NSE,IDO,79554,,NIFTY,,2025-04-24,2025-04-24,24100.0,PE,NIFTY25APR24100PE,746.6,746.6,742.45,742.45,742.45,971.7,23381.6,793.75,375,375,5,9317163.75,2,F1,75,,,,,
2025-02-10,2025-02-10,FO,NSE,IDO,79631,,NIFTY,,2025-04-24,2025-04-24,24250.0,PE,NIFTY25APR24250PE,0.0,0.0,0.0,1064.3,0.0,1064.3,23381.6,889.05,0,0,0,0.0,0,F1,75,,,,,
2025-02-10,2025-02-10,FO,NSE,IDO,79749,,NIFTY,,2025-04-24,2025-04-24,25450.0,PE,NIFTY25APR25450PE,0.0,0.0,0.0,1947.95,0.0,1947.95,23381.6,1823.25,0,0,0,0.0,0,F1,75,,,,,
2025-02-10,2025-02-10,FO,NSE,IDO,51450,,NIFTY,,2025-06-26,2025-06-26,21000.0,PE,NIFTY25JUN21000PE,100.0,103.0,88.5,97.75,98.9,92.85,23381.6,97.75,231775,13550,925,1463684231.25,617,F1,75,,,,,
2025-02-10,2025-02-10,FO,NSE,IDO,64687,,NIFTY,,2025-09-25,2025-09-25,21000.0,PE,NIFTY25SEP21000PE,0.0,0.0,0.0,51.55,0.0,51.55,23381.6,86.25,0,0,0,0.0,0,F1,75,,,,,
2025-02-10,2025-02-10,FO,NSE,IDO,50444,,NIFTY,,2026-06-25,2026-06-25,14000.0,PE,NIFTY26JUN14000PE,0.0,0.0,0.0,20.05,20.05,20.05,23381.6,0.05,1075,0,0,0.0,0,F1,75,,,,,
2025-02-10,2025-02-10,FO,NSE,IDO,50462,,NIFTY,,2026-06-25,2026-06-25,16000.0,PE,NIFTY26JUN16000PE,0.0,0.0,0.0,21.25,21.25,21.25,23381.6,1.25,1225,0,0,0.0,0,F1,75,,,,,
2025-02-10,2025-02-10,FO,NSE,IDO,50548,,NIFTY,,2026-12-31,2026-12-31,28000.0,PE,NIFTY26DEC28000PE,0.0,0.0,0.0,6224.8,0.0,6224.8,23381.6,2553.55,0,0,0,0.0,0,F1,75,,,,,
2025-02-10,2025-02-10,FO,NSE,IDO,67777,,NIFTY,,2028-12-28,2028-12-28,21000.0,PE,NIFTY28DEC21000PE,0.0,0.0,0.0,500.0,500.0,500.0,23381.6,208.75,1000,0,0,0.0,0,F1,75,,,,,
2025-02-10,2025-02-10,FO,NSE,IDO,89631,,NIFTY,,2029-06-28,2029-06-28,24000.0,PE,NIFTY29JUN24000PE,0.0,0.0,0.0,694.05,694.05,694.05,23381.6,561.0,25,0,0,0.0,0,F1,75,,,,,
2025-02-10,2025-02-10,FO,NSE,IDO,61403,,NIFTY,,2029-12-27,2029-12-27,19000.0,PE,NIFTY29DEC19000PE,0.0,0.0,0.0,142.25,0.0,142.25,23381.6,83.35,0,0,0,0.0,0,F1,75,,,,,
2025-02-10,2025-02-10,FO,NSE,IDO,71554,,NIFTY,,2027-06-24,2027-06-24,21000.0,PE,NIFTY27JUN21000PE,0.0,0.0,0.0,500.0,500.0,500.0,23381.6,210.05,200,0,0,0.0,0,F1,75,,,,,
2025-02-10,2025-02-10,FO,NSE,IDO,38163,,NIFTY,,2027-06-24,2027-06-24,29000.0,PE,NIFTY27JUN29000PE,0.0,0.0,0.0,4627.1,0.0,4627.1,23381.6,2820.15,0,0,0,0.0,0,F1,75,,,,,
2025-02-10,2025-02-10,FO,NSE,IDO,45649,,NIFTY,,2025-03-13,2025-03-13,25200.0,PE,NIFTY2531325200PE,0.0,0.0,0.0,1494.65,0.0,1494.65,23381.6,1694.45,0,0,0,0.0,0,F1,75,,,,,
2025-02-10,2025-02-10,FO,NSE,IDO,46841,,NIFTY,,2025-03-27,2025-03-27,21150.0,PE,NIFTY25MAR21150PE,0.0,0.0,0.0,20.45,19.8,20.45,23381.6,3.95,1725,0,0,0.0,0,F1,75,,,,,
2025-02-10,2025-02-10,FO,NSE,IDO,46882,,NIFTY,,2025-03-27,2025-03-27,21500.0,PE,NIFTY25MAR21500PE,30.0,36.8,29.1,33.45,35.4,27.9,23381.6,33.45,585750,43425,2760,4457523093.75,1397,F1,75,,,,,
2025-02-10,2025-02-10,FO,NSE,IDO,46996,,NIFTY,,2025-03-27,2025-03-27,22450.0,PE,NIFTY25MAR22450PE,114.75,114.75,111.5,112.65,113.3,154.65,23381.6,112.65,2250,450,20,33844095.0,6,F1,75,,,,,
2025-02-10,2025-02-10,FO,NSE,IDO,49835,,NIFTY,,2025-03-27,2025-03-27,23250.0,PE,NIFTY25MAR23250PE,280.0,320.2,275.4,302.2,302.2,247.55,23381.6,302.2,18300,675,39,68895030.0,28,F1,75,,,,,
2025-02-10,2025-02-10,FO,NSE,IDO,54720,,NIFTY,,2025-03-27,2025-03-27,23850.0,PE,NIFTY25MAR23850PE,525.35,600.0,525.35,561.1,560.05,483.15,23381.6,561.1,7275,-375,58,106222110.0,52,F1,75,,,,,
2025-02-10,2025-02-10,FO,NSE,IDO,55340,,NIFTY,,2025-03-27,2025-03-27,24400.0,PE,NIFTY25MAR24400PE,900.0,920.0,880.7,920.0,920.0,806.95,23381.6,976.1,22575,-75,5,9490226.25,5,F1,75,,,,,
2025-02-10,2025-02-10,FO,NSE,IDO,56873,,NIFTY,,2025-03-27,2025-03-27,25200.0,PE,NIFTY25MAR25200PE,0.0,0.0,0.0,1588.75,1588.75,1588.75,23381.6,1658.0,225,0,0,0.0,0,F1,75,,,,,
2025-02-10,2025-02-10,FO,NSE,IDO,56891,,NIFTY,,2025-03-27,2025-03-27,25650.0,PE,NIFTY25MAR25650PE,0.0,0.0,0.0,1709.8,0.0,1709.8,23381.6,2080.7,0,0,0,0.0,0,F1,75,,,,,
2025-02-10,2025-02-10,FO,NSE,IDO,56895,,NIFTY,,2025-03-27,2025-03-27,25750.0,PE,NIFTY25MAR25750PE,0.0,0.0,0.0,1786.85,0.0,1786.85,23381.6,2176.7,0,0,0,0.0,0,F1,75,,,,,
2025-02-10,2025-02-10,FO,NSE,IDO,58794,,NIFTY,,2025-03-27,2025-03-27,25900.0,PE,NIFTY25MAR25900PE,0.0,0.0,0.0,1904.95,0.0,1904.95,23381.6,2321.75,0,0,0,0.0,0,F1,75,,,,,
2025-02-10,2025-02-10,FO,NSE,IDO,79439,,NIFTY,,2025-04-24,2025-04-24,23150.0,PE,NIFTY25APR23150PE,0.0,0.0,0.0,494.35,0.0,494.35,23381.6,330.35,0,0,0,0.0,0,F1,75,,,,,
2025-02-10,2025-02-10,FO,NSE,IDO,79546,,NIFTY,,2025-04-24,2025-04-24,24050.0,PE,NIFTY25APR24050PE,0.0,0.0,0.0,660.0,660.0,660.0,23381.6,763.3,1125,0,0,0.0,0,F1,75,,,,,
2025-02-10,2025-02-10,FO,NSE,IDO,79689,,NIFTY,,2025-04-24,2025-04-24,24900.0,PE,NIFTY25APR24900PE,0.0,0.0,0.0,1515.3,0.0,1515.3,23381.6,1362.0,0,0,0,0.0,0,F1,75,,,,,
2025-02-10,2025-02-10,FO,NSE,IDO,79745,,NIFTY,,2025-04-24,2025-04-24,25350.0,PE,NIFTY25APR25350PE,0.0,0.0,0.0,1866.1,0.0,1866.1,23381.6,1736.1,0,0,0,0.0,0,F1,75,,,,,
2025-02-10,2025-02-10,FO,NSE,IDO,58619,,NIFTY,,2025-06-26,2025-06-26,22000.0,PE,NIFTY25JUN22000PE,185.2,211.0,185.2,200.0,201.4,187.2,23381.6,200.0,653100,8500,1181,1966625928.75,893,F1,75,,,,,
2025-02-10,2025-02-10,FO,NSE,IDO,45874,,NIFTY,,2025-12-24,2025-12-24,17000.0,PE,NIFTY25DEC17000PE,0.0,0.0,0.0,21.0,21.0,21.0,23381.6,0.95,3675,0,0,0.0,0,F1,75,,,,,
2025-02-10,2025-02-10,FO,NSE,IDO,39988,,NIFTY,,2025-12-24,2025-12-24,19000.0,PE,NIFTY25DEC19000PE,0.0,0.0,0.0,102.0,102.0,102.0,23381.6,16.55,9425,0,0,0.0,0,F1,75,,,,,
2025-02-10,2025-02-10,FO,NSE,IDO,51452,,NIFTY,,2025-12-24,2025-12-24,21000.0,PE,NIFTY25DEC21000PE,256.4,284.0,248.25,272.9,275.1,256.85,23381.6,272.9,198975,21975,714,1138996196.25,468,F1,75,,,,,
2025-02-10,2025-02-10,FO,NSE,IDO,50448,,NIFTY,,2026-06-25,2026-06-25,15000.0,PE,NIFTY26JUN15000PE,0.0,0.0,0.0,20.2,20.2,20.2,23381.6,0.25,1000,0,0,0.0,0,F1,75,,,,,
2025-02-10,2025-02-10,FO,NSE,IDO,71477,,NIFTY,,2026-06-25,2026-06-25,26000.0,PE,NIFTY26JUN26000PE,0.0,0.0,0.0,6709.2,0.0,6709.2,23381.6,1693.15,0,0,0,0.0,0,F1,75,,,,,
2025-02-10,2025-02-10,FO,NSE,IDO,58629,,NIFTY,,2026-12-31,2026-12-31,12000.0,PE,NIFTY26DEC12000PE,0.0,0.0,0.0,20.05,20.05,20.05,23381.6,0.05,1025,0,0,0.0,0,F1,75,,,,,
2025-02-10,2025-02-10,FO,NSE,IDO,58631,,NIFTY,,2026-12-31,2026-12-31,13000.0,PE,NIFTY26DEC13000PE,0.0,0.0,0.0,20.05,20.05,20.05,23381.6,0.05,2025,0,0,0.0,0,F1,75,,,,,
2025-02-10,2025-02-10,FO,NSE,IDO,71502,,NIFTY,,2026-12-31,2026-12-31,24000.0,PE,NIFTY26DEC24000PE,0.0,0.0,0.0,930.0,930.0,930.0,23381.6,787.25,9450,0,0,0.0,0,F1,75,,,,,
2025-02-10,2025-02-10,FO,NSE,IDO,71548,,NIFTY,,2027-06-24,2027-06-24,18000.0,PE,NIFTY27JUN18000PE,0.0,0.0,0.0,48.55,48.55,48.55,23381.6,33.0,25,0,0,0.0,0,F1,75,,,,,
2025-02-10,2025-02-10,FO,NSE,IDO,50984,,NIFTY,,2027-06-24,2027-06-24,27000.0,PE,NIFTY27JUN27000PE,0.0,0.0,0.0,6273.45,0.0,6273.45,23381.6,1807.6,0,0,0,0.0,0,F1,75,,,,,
2025-02-10,2025-02-10,FO,NSE,IDO,53595,,NIFTY,,2027-12-30,2027-12-30,15000.0,PE,NIFTY27DEC15000PE,0.0,0.0,0.0,43.05,43.05,43.05,23381.6,3.4,475,0,0,0.0,0,F1,75,,,,,
2025-02-10,2025-02-10,FO,NSE,IDO,53606,,NIFTY,,2027-12-30,2027-12-30,19000.0,PE,NIFTY27DEC19000PE,0.0,0.0,0.0,299.95,299.95,299.95,23381.6,75.15,525,0,0,0.0,0,F1,75,,,,,
2025-02-10,2025-02-10,FO,NSE,IDO,53619,,NIFTY,,2027-12-30,2027-12-30,23000.0,PE,NIFTY27DEC23000PE,0.0,0.0,0.0,800.05,800.05,800.05,23381.6,491.65,1950,0,0,0.0,0,F1,75,,,,,
2025-02-10,2025-02-10,FO,NSE,IDO,67783,,NIFTY,,2028-12-28,2028-12-28,24000.0,PE,NIFTY28DEC24000PE,0.0,0.0,0.0,914.3,914.3,914.3,23381.6,604.65,600,0,0,0.0,0,F1,75,,,,,
2025-02-10,2025-02-10,FO,NSE,IDO,89615,,NIFTY,,2029-06-28,2029-06-28,19000.0,PE,NIFTY29JUN19000PE,0.0,0.0,0.0,170.3,0.0,170.3,23381.6,83.85,0,0,0,0.0,0,F1,75,,,,,
2025-02-10,2025-02-10,FO,NSE,IDO,45522,,NIFTY,,2025-03-13,2025-03-13,23350.0,PE,NIFTY2531323350PE,0.0,0.0,0.0,288.9,0.0,288.9,23381.6,290.65,0,0,0,0.0,0,F1,75,,,,,
2025-02-10,2025-02-10,FO,NSE,IDO,45487,,NIFTY,,2025-03-13,2025-03-13,22950.0,PE,NIFTY2531322950PE,0.0,0.0,0.0,166.4,0.0,166.4,23381.6,149.4,0,0,0,0.0,0,F1,75,,,,,
2025-02-10,2025-02-10,FO,NSE,IDO,45473,,NIFTY,,2025-03-13,2025-03-13,22600.0,PE,NIFTY2531322600PE,0.0,0.0,0.0,95.2,0.0,95.2,23381.6,74.15,0,0,0,0.0,0,F1,75,,,,,
2025-02-10,2025-02-10,FO,NSE,IDO,45461,,NIFTY,,2025-03-13,2025-03-13,22350.0,PE,NIFTY2531322350PE,0.0,0.0,0.0,60.95,0.0,60.95,23381.6,41.7,0,0,0,0.0,0,F1,75,,,,,
2025-02-10,2025-02-10,FO,NSE,IDO,45441,,NIFTY,,2025-03-13,2025-03-13,22000.0,PE,NIFTY2531322000PE,35.0,41.0,35.0,40.1,40.1,35.0,23381.6,40.1,2250,2025,34,56191113.75,13,F1,75,,,,,
2025-02-10,2025-02-10,FO,NSE,IDO,68621,,NIFTY,,2025-03-06,2025-03-06,24550.0,PE,NIFTY2530624550PE,0.0,0.0,0.0,1277.95,0.0,1277.95,23381.6,1102.35,0,0,0,0.0,0,F1,75,,,,,
2025-02-10,2025-02-10,FO,NSE,IDO,68471,,NIFTY,,2025-03-06,2025-03-06,23050.0,PE,NIFTY2530623050PE,0.0,0.0,0.0,99.0,99.0,99.0,23381.6,149.45,300,0,0,0.0,0,F1,75,,,,,
2025-02-10,2025-02-10,FO,NSE,IDO,68449,,NIFTY,,2025-03-06,2025-03-06,22550.0,PE,NIFTY2530622550PE,0.0,0.0,0.0,188.6,0.0,188.6,23381.6,47.1,0,0,0,0.0,0,F1,75,,,,,
2025-02-10,2025-02-10,FO,NSE,IDO,68387,,NIFTY,,2025-03-06,2025-03-06,21300.0,PE,NIFTY2530621300PE,0.0,0.0,0.0,21.95,0.0,21.95,23381.6,0.55,0,0,0,0.0,0,F1,75,,,,,
2025-02-10,2025-02-10,FO,NSE,IDO,68377,,NIFTY,,2025-03-06,2025-03-06,21150.0,PE,NIFTY2530621150PE,0.0,0.0,0.0,15.85,0.0,15.85,23381.6,0.25,0,0,0,0.0,0,F1,75,,,,,
2025-02-10,2025-02-10,FO,NSE,IDO,57672,,NIFTY,,2025-02-27,2025-02-27,25700.0,PE,NIFTY25FEB25700PE,2165.3,2165.3,2165.3,2165.3,2165.3,1995.85,23381.6,2240.85,24900,0,2,4179795.0,1,F1,75,,,,,
2025-02-10,2025-02-10,FO,NSE,IDO,57632,,NIFTY,,2025-02-27,2025-02-27,24750.0,PE,NIFTY25FEB24750PE,0.0,0.0,0.0,1100.0,1100.0,1100.0,23381.6,1302.35,7050,0,0,0.0,0,F1,75,,,,,
2025-02-10,2025-02-10,FO,NSE,IDO,57600,,NIFTY,,2025-02-27,2025-02-27,23950.0,PE,NIFTY25FEB23950PE,505.05,617.0,482.7,562.0,482.7,456.85,23381.6,562.0,27525,1050,102,187635033.75,86,F1,75,,,,,
2025-02-10,2025-02-10,FO,NSE,IDO,57586,,NIFTY,,2025-02-27,2025-02-27,23600.0,PE,NIFTY25FEB23600PE,288.9,388.5,275.0,344.15,345.9,268.7,23381.6,344.15,1407525,74250,17325,31107125032.5,10469,F1,75,,,,,
2025-02-10,2025-02-10,FO,NSE,IDO,55648,,NIFTY,,2025-02-27,2025-02-27,23200.0,PE,NIFTY25FEB23200PE,111.25,199.5,111.25,171.95,174.45,132.95,23381.6,171.95,2109975,-61725,19381,33978209557.5,10605,F1,75,,,,,
2025-02-10,2025-02-10,FO,NSE,IDO,55628,,NIFTY,,2025-02-27,2025-02-27,22700.0,PE,NIFTY25FEB22700PE,50.0,72.9,46.8,60.35,61.85,46.75,23381.6,60.35,903900,44625,12167,20771385971.25,6875,F1,75,,,,,
2025-02-10,2025-02-10,FO,NSE,IDO,53846,,NIFTY,,2025-03-27,2025-03-27,23750.0,CE,NIFTY25MAR23750CE,424.8,424.8,357.0,373.6,373.6,449.3,23381.6,373.6,21300,2700,72,130302885.0,40,F1,75,,,,,
2025-02-10,2025-02-10,FO,NSE,IDO,55339,,NIFTY,,2025-03-27,2025-03-27,24400.0,CE,NIFTY25MAR24400CE,169.0,169.05,128.0,139.75,133.4,177.6,23381.6,139.75,84750,825,1461,2689097280.0,811,F1,75,,,,,
2025-02-10,2025-02-10,FO,NSE,IDO,55656,,NIFTY,,2025-03-27,2025-03-27,24500.0,CE,NIFTY25MAR24500CE,144.9,149.35,109.35,119.25,117.95,153.5,23381.6,119.25,943275,55350,9190,16970624936.25,5175,F1,75,,,,,
2025-02-10,2025-02-10,FO,NSE,IDO,56542,,NIFTY,,2025-03-27,2025-03-27,24700.0,CE,NIFTY25MAR24700CE,99.05,101.75,74.6,81.4,80.75,105.8,23381.6,81.4,81750,-19875,2681,4983187695.0,1322,F1,75,,,,,
2025-02-10,2025-02-10,FO,NSE,IDO,56876,,NIFTY,,2025-03-27,2025-03-27,25300.0,CE,NIFTY25MAR25300CE,35.9,35.9,27.1,29.05,28.9,35.9,23381.6,29.05,206400,17625,1876,3563859045.0,788,F1,75,,,,,
2025-02-10,2025-02-10,FO,NSE,IDO,56892,,NIFTY,,2025-03-27,2025-03-27,25700.0,CE,NIFTY25MAR25700CE,22.8,22.8,17.6,18.1,18.15,21.75,23381.6,18.1,30300,750,175,337555365.0,82,F1,75,,,,,
2025-02-10,2025-02-10,FO,NSE,IDO,64576,,NIFTY,,2025-03-27,2025-03-27,27000.0,CE,NIFTY25MAR27000CE,10.5,10.5,8.95,9.25,9.2,10.3,23381.6,9.25,1174375,4175,1076,2179651755.0,493,F1,75,,,,,
2025-02-10,2025-02-10,FO,NSE,IDO,79262,,NIFTY,,2025-04-24,2025-04-24,21650.0,CE,NIFTY25APR21650CE,0.0,0.0,0.0,2069.75,0.0,2069.75,23381.6,2051.45,0,0,0,0.0,0,F1,75,,,,,
2025-02-10,2025-02-10,FO,NSE,IDO,79279,,NIFTY,,2025-04-24,2025-04-24,21950.0,CE,NIFTY25APR21950CE,0.0,0.0,0.0,1821.0,0.0,1821.0,23381.6,1781.75,0,0,0,0.0,0,F1,75,,,,,
2025-02-10,2025-02-10,FO,NSE,IDO,79428,,NIFTY,,2025-04-24,2025-04-24,23000.0,CE,NIFTY25APR23000CE,1114.15,1114.15,981.2,1021.85,1026.0,1144.0,23381.6,1021.85,65475,2475,175,315268597.5,150,F1,75,,,,,
2025-02-10,2025-02-10,FO,NSE,IDO,79446,,NIFTY,,2025-04-24,2025-04-24,23350.0,CE,NIFTY25APR23350CE,0.0,0.0,0.0,866.8,0.0,866.8,23381.6,740.55,0,0,0,0.0,0,F1,75,,,,,
2025-02-10,2025-02-10,FO,NSE,IDO,79511,,NIFTY,,2025-04-24,2025-04-24,23750.0,CE,NIFTY25APR23750CE,550.1,550.1,550.1,550.1,550.1,668.1,23381.6,532.65,150,150,2,3645015.0,2,F1,75,,,,,
2025-02-10,2025-02-10,FO,NSE,IDO,79547,,NIFTY,,2025-04-24,2025-04-24,24100.0,CE,NIFTY25APR24100CE,480.9,480.9,372.3,392.9,393.2,458.0,23381.6,392.9,2250,-75,14,25724250.0,11,F1,75,,,,,
2025-02-10,2025-02-10,FO,NSE,IDO,79632,,NIFTY,,2025-04-24,2025-04-24,24300.0,CE,NIFTY25APR24300CE,298.25,312.1,295.0,310.95,312.1,449.95,23381.6,310.95,1125,1125,16,29517555.0,6,F1,75,,,,,
2025-02-10,2025-02-10,FO,NSE,IDO,79676,,NIFTY,,2025-04-24,2025-04-24,24850.0,CE,NIFTY25APR24850CE,0.0,0.0,0.0,290.95,0.0,290.95,23381.6,175.1,0,0,0,0.0,0,F1,75,,,,,
2025-02-10,2025-02-10,FO,NSE,IDO,79690,,NIFTY,,2025-04-24,2025-04-24,24950.0,CE,NIFTY25APR24950CE,0.0,0.0,0.0,267.6,0.0,267.6,23381.6,155.8,0,0,0,0.0,0,F1,75,,,,,
2025-02-10,2025-02-10,FO,NSE,IDO,79733,,NIFTY,,2025-04-24,2025-04-24,25200.0,CE,NIFTY25APR25200CE,103.15,110.0,94.1,95.05,96.0,120.05,23381.6,95.05,2325,-75,7,13283501.25,6,F1,75,,,,,
2025-02-10,2025-02-10,FO,NSE,IDO,79748,,NIFTY,,2025-04-24,2025-04-24,25450.0,CE,NIFTY25APR25450CE,0.0,0.0,0.0,170.9,0.0,170.9,23381.6,83.55,0,0,0,0.0,0,F1,75,,,,,
2025-02-10,2025-02-10,FO,NSE,IDO,64698,,NIFTY,,2025-09-25,2025-09-25,27000.0,CE,NIFTY25SEP27000CE,0.0,0.0,0.0,2279.95,0.0,2279.95,23381.6,229.2,0,0,0,0.0,0,F1,75,,,,,
2025-02-10,2025-02-10,FO,NSE,IDO,58622,,NIFTY,,2025-12-24,2025-12-24,22000.0,CE,NIFTY25DEC22000CE,2810.35,2875.0,2810.35,2872.75,2870.5,2986.35,23381.6,2872.75,119575,375,6,11186381.25,6,F1,75,,,,,
2025-02-10,2025-02-10,FO,NSE,IDO,71395,,NIFTY,,2025-12-24,2025-12-24,25000.0,CE,NIFTY25DEC25000CE,1107.25,1107.25,1039.85,1062.3,1061.0,1108.9,23381.6,1062.3,178175,-4375,552,1079206665.0,354,F1,75,,,,,
2025-02-10,2025-02-10,FO,NSE,IDO,58626,,NIFTY,,2026-06-25,2026-06-25,22000.0,CE,NIFTY26JUN22000CE,0.0,0.0,0.0,2722.55,0.0,2722.55,23381.6,3568.3,0,0,0,0.0,0,F1,75,,,,,
2025-02-10,2025-02-10,FO,NSE,IDO,37799,,NIFTY,,2026-06-25,2026-06-25,23000.0,CE,NIFTY26JUN23000CE,0.0,0.0,0.0,2645.65,0.0,2645.65,23381.6,2867.1,0,0,0,0.0,0,F1,75,,,,,
2025-02-10,2025-02-10,FO,NSE,IDO,71553,,NIFTY,,2027-06-24,2027-06-24,21000.0,CE,NIFTY27JUN21000CE,0.0,0.0,0.0,3061.8,0.0,3061.8,23381.6,5586.5,0,0,0,0.0,0,F1,75,,,,,
2025-02-10,2025-02-10,FO,NSE,IDO,53616,,NIFTY,,2027-12-30,2027-12-30,22000.0,CE,NIFTY27DEC22000CE,0.0,0.0,0.0,4499.55,0.0,4499.55,23381.6,5476.0,0,0,0,0.0,0,F1,75,,,,,
2025-02-10,2025-02-10,FO,NSE,IDO,53633,,NIFTY,,2027-12-30,2027-12-30,28000.0,CE,NIFTY27DEC28000CE,0.0,0.0,0.0,2639.2,0.0,2639.2,23381.6,2208.95,0,0,0,0.0,0,F1,75,,,,,
2025-02-10,2025-02-10,FO,NSE,IDO,86151,,NIFTY,,2028-06-29,2028-06-29,24000.0,CE,NIFTY28JUN24000CE,0.0,0.0,0.0,3918.85,0.0,3918.85,23381.6,4770.05,0,0,0,0.0,0,F1,75,,,,,
2025-02-10,2025-02-10,FO,NSE,IDO,89640,,NIFTY,,2029-06-28,2029-06-28,29000.0,CE,NIFTY29JUN29000CE,0.0,0.0,0.0,5677.9,0.0,5677.9,23381.6,3394.7,0,0,0,0.0,0,F1,75,,,,,
2025-02-10,2025-02-10,FO,NSE,IDO,61402,,NIFTY,,2029-12-27,2029-12-27,19000.0,CE,NIFTY29DEC19000CE,0.0,0.0,0.0,10714.6,0.0,10714.6,23381.6,9628.95,0,0,0,0.0,0,F1,75,,,,,
2025-02-10,2025-02-10,FO,NSE,IDO,55602,,NIFTY,,2025-02-27,2025-02-27,22050.0,PE,NIFTY25FEB22050PE,13.3,18.3,10.9,15.9,16.5,13.25,23381.6,15.9,30750,8325,1035,1712873921.25,798,F1,75,,,,,
2025-02-10,2025-02-10,FO,NSE,IDO,48695,,NIFTY,,2025-03-27,2025-03-27,23200.0,CE,NIFTY25MAR23200CE,708.0,728.3,651.0,690.15,691.8,782.8,23381.6,690.15,68325,6750,331,592717488.75,252,F1,75,,,,,
2025-02-10,2025-02-10,FO,NSE,IDO,46988,,NIFTY,,2025-03-27,2025-03-27,22350.0,CE,NIFTY25MAR22350CE,0.0,0.0,0.0,1967.0,0.0,1967.0,23381.6,1280.65,0,0,0,0.0,0,F1,75,,,,,
2025-02-10,2025-02-10,FO,NSE,IDO,46883,,NIFTY,,2025-03-27,2025-03-27,21550.0,CE,NIFTY25MAR21550CE,0.0,0.0,0.0,2653.4,0.0,2653.4,23381.6,2015.5,0,0,0,0.0,0,F1,75,,,,,
2025-02-10,2025-02-10,FO,NSE,IDO,64552,,NIFTY,,2025-03-27,2025-03-27,18000.0,CE,NIFTY25MAR18000CE,5475.35,5541.35,5461.45,5532.75,5529.45,5672.1,23381.6,5532.75,469800,75,116,204486750.0,116,F1,75,,,,,
2025-02-10,2025-02-10,FO,NSE,IDO,45646,,NIFTY,,2025-03-13,2025-03-13,25150.0,CE,NIFTY2531325150CE,0.0,0.0,0.0,79.25,0.0,79.25,23381.6,16.75,0,0,0,0.0,0,F1,75,,,,,
2025-02-10,2025-02-10,FO,NSE,IDO,45604,,NIFTY,,2025-03-13,2025-03-13,24500.0,CE,NIFTY2531324500CE,0.0,0.0,0.0,200.9,0.0,200.9,23381.6,71.1,0,0,0,0.0,0,F1,75,,,,,
2025-02-10,2025-02-10,FO,NSE,IDO,45575,,NIFTY,,2025-03-13,2025-03-13,24250.0,CE,NIFTY2531324250CE,0.0,0.0,0.0,275.15,0.0,275.15,23381.6,114.55,0,0,0,0.0,0,F1,75,,,,,
2025-02-10,2025-02-10,FO,NSE,IDO,45521,,NIFTY,,2025-03-13,2025-03-13,23350.0,CE,NIFTY2531323350CE,0.0,0.0,0.0,704.65,0.0,704.65,23381.6,450.8,0,0,0,0.0,0,F1,75,,,,,
2025-02-10,2025-02-10,FO,NSE,IDO,45482,,NIFTY,,2025-03-13,2025-03-13,22850.0,CE,NIFTY2531322850CE,0.0,0.0,0.0,1055.25,0.0,1055.25,23381.6,781.15,0,0,0,0.0,0,F1,75,,,,,
2025-02-10,2025-02-10,FO,NSE,IDO,68768,,NIFTY,,2025-03-06,2025-03-06,25400.0,CE,NIFTY2530625400CE,0.0,0.0,0.0,40.2,0.0,40.2,23381.6,3.35,0,0,0,0.0,0,F1,75,,,,,
2025-02-10,2025-02-10,FO,NSE,IDO,68637,,NIFTY,,2025-03-06,2025-03-06,24900.0,CE,NIFTY2530624900CE,17.85,17.85,15.15,16.05,16.0,22.45,23381.6,16.05,975,825,15,28031062.5,8,F1,75,,,,,
2025-02-10,2025-02-10,FO,NSE,IDO,68635,,NIFTY,,2025-03-06,2025-03-06,24850.0,CE,NIFTY2530624850CE,0.0,0.0,0.0,39.85,32.65,39.85,23381.6,17.65,225,0,0,0.0,0,F1,75,,,,,
2025-02-10,2025-02-10,FO,NSE,IDO,68616,,NIFTY,,2025-03-06,2025-03-06,24450.0,CE,NIFTY2530624450CE,0.0,0.0,0.0,158.25,0.0,158.25,23381.6,49.3,0,0,0,0.0,0,F1,75,,,,,
2025-02-10,2025-02-10,FO,NSE,IDO,68610,,NIFTY,,2025-03-06,2025-03-06,24300.0,CE,NIFTY2530624300CE,91.75,91.75,54.35,61.35,61.95,91.75,23381.6,61.35,11325,0,189,345336363.75,126,F1,75,,,,,
2025-02-10,2025-02-10,FO,NSE,IDO,68594,,NIFTY,,2025-03-06,2025-03-06,24000.0,CE,NIFTY2530624000CE,164.6,164.6,113.4,127.4,127.95,172.1,23381.6,127.4,61200,33375,1509,2730933896.25,740,F1,75,,,,,
2025-02-10,2025-02-10,FO,NSE,IDO,68458,,NIFTY,,2025-03-06,2025-03-06,22800.0,CE,NIFTY2530622800CE,0.0,0.0,0.0,856.5,0.0,856.5,23381.6,766.05,0,0,0,0.0,0,F1,75,,,,,
2025-02-10,2025-02-10,FO,NSE,IDO,68417,,NIFTY,,2025-03-06,2025-03-06,22000.0,CE,NIFTY2530622000CE,0.0,0.0,0.0,1471.35,0.0,1471.35,23381.6,1484.4,0,0,0,0.0,0,F1,75,,,,,
2025-02-10,2025-02-10,FO,NSE,IDO,57708,,NIFTY,,2025-02-27,2025-02-27,26400.0,CE,NIFTY25FEB26400CE,3.5,3.5,3.0,3.1,3.05,3.55,23381.6,3.1,27450,-75,204,403968176.25,63,F1,75,,,,,
2025-02-10,2025-02-10,FO,NSE,IDO,57677,,NIFTY,,2025-02-27,2025-02-27,25850.0,CE,NIFTY25FEB25850CE,4.0,4.0,3.2,3.4,3.25,3.95,23381.6,3.4,40200,1725,390,756211762.5,176,F1,75,,,,,
2025-02-10,2025-02-10,FO,NSE,IDO,57647,,NIFTY,,2025-02-27,2025-02-27,25100.0,CE,NIFTY25FEB25100CE,6.55,7.3,5.5,5.95,6.15,7.5,23381.6,5.95,311025,127350,6233,11736535312.5,2889,F1,75,,,,,
2025-02-10,2025-02-10,FO,NSE,IDO,57587,,NIFTY,,2025-02-27,2025-02-27,23650.0,CE,NIFTY25FEB23650CE,267.6,267.6,162.2,184.9,186.55,260.6,23381.6,184.9,195075,7875,2680,4792044967.5,1945,F1,75,,,,,
2025-02-10,2025-02-10,FO,NSE,IDO,55655,,NIFTY,,2025-02-27,2025-02-27,23400.0,CE,NIFTY25FEB23400CE,402.0,402.0,275.2,309.3,308.0,406.05,23381.6,309.3,978750,250350,33655,59847892136.25,21122,F1,75,,,,,
2025-02-10,2025-02-10,FO,NSE,IDO,55577,,NIFTY,,2025-02-27,2025-02-27,21550.0,CE,NIFTY25FEB21550CE,0.0,0.0,0.0,2200.0,2200.0,2200.0,23381.6,1897.1,900,0,0,0.0,0,F1,75,,,,,
2025-02-10,2025-02-10,FO,NSE,IDO,55567,,NIFTY,,2025-02-27,2025-02-27,21300.0,CE,NIFTY25FEB21300CE,0.0,0.0,0.0,3038.15,0.0,3038.15,23381.6,2146.05,0,0,0,0.0,0,F1,75,,,,,
2025-02-10,2025-02-10,FO,NSE,IDO,63694,,NIFTY,,2025-02-20,2025-02-20,24300.0,CE,NIFTY2522024300CE,25.35,25.35,11.45,13.55,13.05,25.3,23381.6,13.55,386775,41175,20865,38049719328.75,12580,F1,75,,,,,
2025-02-10,2025-02-10,FO,NSE,IDO,63688,,NIFTY,,2025-02-20,2025-02-20,24150.0,CE,NIFTY2522024150CE,39.15,39.8,19.45,23.45,22.85,43.65,23381.6,23.45,105375,50400,6246,11325295226.25,4353,F1,75,,,,,
2025-02-10,2025-02-10,FO,NSE,IDO,63436,,NIFTY,,2025-02-20,2025-02-20,22700.0,CE,NIFTY2522022700CE,850.0,850.0,735.0,785.0,785.0,927.55,23381.6,785.0,1125,600,9,15841447.5,7,F1,75,,,,,
2025-02-10,2025-02-10,FO,NSE,IDO,63173,,NIFTY,,2025-02-20,2025-02-20,21350.0,CE,NIFTY2522021350CE,0.0,0.0,0.0,2123.5,0.0,2123.5,23381.6,2069.6,0,0,0,0.0,0,F1,75,,,,,
2025-02-10,2025-02-10,FO,NSE,IDO,63108,,NIFTY,,2025-02-20,2025-02-20,21250.0,CE,NIFTY2522021250CE,0.0,0.0,0.0,2219.95,0.0,2219.95,23381.6,2169.4,0,0,0,0.0,0,F1,75,,,,,
2025-02-10,2025-02-10,FO,NSE,IDO,46994,,NIFTY,,2025-03-27,2025-03-27,22450.0,CE,NIFTY25MAR22450CE,0.0,0.0,0.0,1886.8,0.0,1886.8,23381.6,1196.0,0,0,0,0.0,0,F1,75,,,,,
2025-02-10,2025-02-10,FO,NSE,IDO,47017,,NIFTY,,2025-03-27,2025-03-27,22600.0,CE,NIFTY25MAR22600CE,1100.0,1100.0,1100.0,1100.0,1100.0,1292.5,23381.6,1073.25,450,75,1,1777500.0,1,F1,75,,,,,
2025-02-10,2025-02-10,FO,NSE,IDO,47025,,NIFTY,,2025-03-27,2025-03-27,22650.0,CE,NIFTY25MAR22650CE,0.0,0.0,0.0,1730.8,0.0,1730.8,23381.6,1033.6,0,0,0,0.0,0,F1,75,,,,,
2025-02-10,2025-02-10,FO,NSE,IDO,47040,,NIFTY,,2025-03-27,2025-03-27,22750.0,CE,NIFTY25MAR22750CE,0.0,0.0,0.0,806.4,806.4,806.4,23381.6,956.3,300,0,0,0.0,0,F1,75,,,,,
2025-02-10,2025-02-10,FO,NSE,IDO,38153,,NIFTY,,2025-12-24,2025-12-24,29000.0,PE,NIFTY25DEC29000PE,0.0,0.0,0.0,4292.55,4292.55,4292.55,23381.6,4182.35,11850,0,0,0.0,0,F1,75,,,,,
2025-02-10,2025-02-10,FO,NSE,IDO,50544,,NIFTY,,2025-12-24,2025-12-24,28000.0,PE,NIFTY25DEC28000PE,3123.9,3211.35,3123.9,3202.5,3202.5,3095.0,23381.6,3202.5,311175,825,14,32754825.0,14,F1,75,,,,,
2025-02-10,2025-02-10,FO,NSE,IDO,71398,,NIFTY,,2025-12-24,2025-12-24,25000.0,PE,NIFTY25DEC25000PE,1240.0,1342.45,1240.0,1312.6,1314.95,1208.35,23381.6,1312.6,328400,5275,350,690558318.75,298,F1,75,,,,,
2025-02-10,2025-02-10,FO,NSE,IDO,64693,,NIFTY,,2025-09-25,2025-09-25,24000.0,PE,NIFTY25SEP24000PE,807.1,807.1,800.0,800.0,800.0,777.1,23381.6,800.0,1275,0,2,3720532.5,2,F1,75,,,,,
2025-02-10,2025-02-10,FO,NSE,IDO,39680,,NIFTY,,2025-06-26,2025-06-26,16000.0,PE,NIFTY25JUN16000PE,0.0,0.0,0.0,3.55,3.55,3.55,23381.6,0.05,1650,0,0,0.0,0,F1,75,,,,,
2025-02-10,2025-02-10,FO,NSE,IDO,40091,,NIFTY,,2025-06-26,2025-06-26,15000.0,PE,NIFTY25JUN15000PE,0.0,0.0,0.0,19.35,19.35,19.35,23381.6,0.05,1850,0,0,0.0,0,F1,75,,,,,
2025-02-10,2025-02-10,FO,NSE,IDO,79736,,NIFTY,,2025-04-24,2025-04-24,25200.0,PE,NIFTY25APR25200PE,0.0,0.0,0.0,1745.7,0.0,1745.7,23381.6,1607.95,0,0,0,0.0,0,F1,75,,,,,
2025-02-10,2025-02-10,FO,NSE,IDO,79673,,NIFTY,,2025-04-24,2025-04-24,24750.0,PE,NIFTY25APR24750PE,0.0,0.0,0.0,1403.75,0.0,1403.75,23381.6,1245.0,0,0,0,0.0,0,F1,75,,,,,
2025-02-10,2025-02-10,FO,NSE,IDO,79645,,NIFTY,,2025-04-24,2025-04-24,24600.0,PE,NIFTY25APR24600PE,0.0,0.0,0.0,1297.2,0.0,1297.2,23381.6,1132.4,0,0,0,0.0,0,F1,75,,,,,
2025-02-10,2025-02-10,FO,NSE,IDO,79504,,NIFTY,,2025-04-24,2025-04-24,23550.0,PE,NIFTY25APR23550PE,0.0,0.0,0.0,359.25,359.25,359.25,23381.6,495.3,75,0,0,0.0,0,F1,75,,,,,
2025-02-10,2025-02-10,FO,NSE,IDO,79294,,NIFTY,,2025-04-24,2025-04-24,22100.0,PE,NIFTY25APR22100PE,104.0,118.0,101.85,101.9,101.9,107.0,23381.6,101.9,17175,6750,101,168255922.5,81,F1,75,,,,,
2025-02-10,2025-02-10,FO,NSE,IDO,79290,,NIFTY,,2025-04-24,2025-04-24,22050.0,PE,NIFTY25APR22050PE,0.0,0.0,0.0,174.65,0.0,174.65,23381.6,78.1,0,0,0,0.0,0,F1,75,,,,,
2025-02-10,2025-02-10,FO,NSE,IDO,79269,,NIFTY,,2025-04-24,2025-04-24,21800.0,PE,NIFTY25APR21800PE,0.0,0.0,0.0,131.65,0.0,131.65,23381.6,52.05,0,0,0,0.0,0,F1,75,,,,,
2025-02-10,2025-02-10,FO,NSE,IDO,79263,,NIFTY,,2025-04-24,2025-04-24,21650.0,PE,NIFTY25APR21650PE,0.0,0.0,0.0,110.05,0.0,110.05,23381.6,40.2,0,0,0,0.0,0,F1,75,,,,,
2025-02-10,2025-02-10,FO,NSE,IDO,56887,,NIFTY,,2025-03-27,2025-03-27,25550.0,PE,NIFTY25MAR25550PE,0.0,0.0,0.0,1635.05,0.0,1635.05,23381.6,1985.3,0,0,0,0.0,0,F1,75,,,,,
2025-02-10,2025-02-10,FO,NSE,IDO,56881,,NIFTY,,2025-03-27,2025-03-27,25400.0,PE,NIFTY25MAR25400PE,0.0,0.0,0.0,1523.1,0.0,1523.1,23381.6,1843.65,0,0,0,0.0,0,F1,75,,,,,
2025-02-10,2025-02-10,FO,NSE,IDO,56875,,NIFTY,,2025-03-27,2025-03-27,25250.0,PE,NIFTY25MAR25250PE,0.0,0.0,0.0,1415.9,0.0,1415.9,23381.6,1704.0,0,0,0,0.0,0,F1,75,,,,,
2025-02-10,2025-02-10,FO,NSE,IDO,56547,,NIFTY,,2025-03-27,2025-03-27,24800.0,PE,NIFTY25MAR24800PE,1250.0,1250.0,1250.0,1250.0,1250.0,1185.55,23381.6,1302.25,300,0,1,1953750.0,1,F1,75,,,,,
2025-02-10,2025-02-10,FO,NSE,IDO,51476,,NIFTY,,2025-03-27,2025-03-27,23650.0,PE,NIFTY25MAR23650PE,417.0,476.3,417.0,459.2,459.0,380.8,23381.6,459.2,26175,525,73,132008092.5,34,F1,75,,,,,
2025-02-10,2025-02-10,FO,NSE,IDO,56870,,NIFTY,,2025-03-27,2025-03-27,25150.0,CE,NIFTY25MAR25150CE,33.3,38.05,33.3,37.35,37.65,47.15,23381.6,37.35,9450,5700,104,196458270.0,40,F1,75,,,,,
2025-02-10,2025-02-10,FO,NSE,IDO,56878,,NIFTY,,2025-03-27,2025-03-27,25350.0,CE,NIFTY25MAR25350CE,31.1,31.1,27.6,27.75,27.75,35.15,23381.6,30.8,15300,1950,38,72328301.25,16,F1,75,,,,,
2025-02-10,2025-02-10,FO,NSE,IDO,56884,,NIFTY,,2025-03-27,2025-03-27,25500.0,CE,NIFTY25MAR25500CE,26.3,26.3,20.6,21.6,21.25,26.25,23381.6,21.6,685500,-77850,5548,10619808787.5,2592,F1,75,,,,,
2025-02-10,2025-02-10,FO,NSE,IDO,56894,,NIFTY,,2025-03-27,2025-03-27,25750.0,CE,NIFTY25MAR25750CE,0.0,0.0,0.0,26.5,26.5,26.5,23381.6,13.85,11400,0,0,0.0,0,F1,75,,,,,
2025-02-10,2025-02-10,FO,NSE,IDO,58786,,NIFTY,,2025-03-27,2025-03-27,25850.0,CE,NIFTY25MAR25850CE,18.55,18.55,13.05,13.15,13.15,19.2,23381.6,13.15,1575,-75,3,5819606.25,3,F1,75,,,,,
2025-02-10,2025-02-10,FO,NSE,IDO,64578,,NIFTY,,2025-03-27,2025-03-27,28000.0,CE,NIFTY25MAR28000CE,8.15,8.5,6.25,6.6,6.7,8.55,23381.6,6.6,431325,-191900,4735,9945946672.5,889,F1,75,,,,,
2025-02-10,2025-02-10,FO,NSE,IDO,64582,,NIFTY,,2025-03-27,2025-03-27,29000.0,CE,NIFTY25MAR29000CE,6.45,6.5,5.35,5.85,5.9,6.5,23381.6,5.85,266675,-6000,371,807090258.75,160,F1,75,,,,,
2025-02-10,2025-02-10,FO,NSE,IDO,51127,,NIFTY,,2025-03-27,2025-03-27,23450.0,PE,NIFTY25MAR23450PE,338.65,395.45,338.1,373.55,374.45,316.55,23381.6,373.55,35775,-1050,50,89319232.5,33,F1,75,,,,,
2025-02-10,2025-02-10,FO,NSE,IDO,51123,,NIFTY,,2025-03-27,2025-03-27,23400.0,PE,NIFTY25MAR23400PE,296.95,382.0,296.95,351.6,353.25,297.95,23381.6,351.6,104550,1800,1946,3467231066.25,1300,F1,75,,,,,
2025-02-10,2025-02-10,FO,NSE,IDO,46987,,NIFTY,,2025-03-27,2025-03-27,22300.0,PE,NIFTY25MAR22300PE,92.1,100.55,76.85,92.45,92.9,75.5,23381.6,92.45,257925,9150,1062,1783634396.25,607,F1,75,,,,,
2025-02-10,2025-02-10,FO,NSE,IDO,46977,,NIFTY,,2025-03-27,2025-03-27,22200.0,PE,NIFTY25MAR22200PE,69.7,90.2,69.7,81.75,83.15,66.7,23381.6,81.75,228450,44025,2817,4707917430.0,1892,F1,75,,,,,
2025-02-10,2025-02-10,FO,NSE,IDO,46886,,NIFTY,,2025-03-27,2025-03-27,21550.0,PE,NIFTY25MAR21550PE,36.35,36.4,35.6,36.35,36.35,30.45,23381.6,11.9,3075,0,8,12951592.5,5,F1,75,,,,,
2025-02-10,2025-02-10,FO,NSE,IDO,46855,,NIFTY,,2025-03-27,2025-03-27,21250.0,PE,NIFTY25MAR21250PE,0.0,0.0,0.0,33.75,33.75,33.75,23381.6,5.3,15750,0,0,0.0,0,F1,75,,,,,
2025-02-10,2025-02-10,FO,NSE,IDO,64555,,NIFTY,,2025-03-27,2025-03-27,19000.0,PE,NIFTY25MAR19000PE,6.85,7.1,6.05,6.4,6.35,6.85,23381.6,6.4,247225,1875,188,267991023.75,88,F1,75,,,,,
2025-02-10,2025-02-10,FO,NSE,IDO,45643,,NIFTY,,2025-03-13,2025-03-13,25050.0,PE,NIFTY2531325050PE,0.0,0.0,0.0,1364.9,0.0,1364.9,23381.6,1551.8,0,0,0,0.0,0,F1,75,,,,,
2025-02-10,2025-02-10,FO,NSE,IDO,45565,,NIFTY,,2025-03-13,2025-03-13,24200.0,PE,NIFTY2531324200PE,0.0,0.0,0.0,720.5,0.0,720.5,23381.6,810.55,0,0,0,0.0,0,F1,75,,,,,
2025-02-10,2025-02-10,FO,NSE,IDO,45518,,NIFTY,,2025-03-13,2025-03-13,23250.0,PE,NIFTY2531323250PE,266.0,266.0,266.0,266.0,266.0,266.3,23381.6,249.2,75,0,1,1763700.0,1,F1,75,,,,,
2025-02-10,2025-02-10,FO,NSE,IDO,45479,,NIFTY,,2025-03-13,2025-03-13,22750.0,PE,NIFTY2531322750PE,0.0,0.0,0.0,122.05,0.0,122.05,23381.6,101.55,0,0,0,0.0,0,F1,75,,,,,
2025-02-10,2025-02-10,FO,NSE,IDO,45463,,NIFTY,,2025-03-13,2025-03-13,22400.0,PE,NIFTY2531322400PE,0.0,0.0,0.0,66.85,0.0,66.85,23381.6,47.05,0,0,0,0.0,0,F1,75,,,,,
2025-02-10,2025-02-10,FO,NSE,IDO,45436,,NIFTY,,2025-03-13,2025-03-13,21900.0,PE,NIFTY2531321900PE,0.0,0.0,0.0,24.45,0.0,24.45,23381.6,12.45,0,0,0,0.0,0,F1,75,,,,,
2025-02-10,2025-02-10,FO,NSE,IDO,68873,,NIFTY,,2025-03-06,2025-03-06,25500.0,PE,NIFTY2530625500PE,2000.0,2000.0,2000.0,2000.0,2000.0,2115.25,23381.6,2012.05,150,150,2,4125000.0,2,F1,75,,,,,
2025-02-10,2025-02-10,FO,NSE,IDO,68617,,NIFTY,,2025-03-06,2025-03-06,24450.0,PE,NIFTY2530624450PE,0.0,0.0,0.0,1198.1,0.0,1198.1,23381.6,1013.4,0,0,0,0.0,0,F1,75,,,,,
2025-02-10,2025-02-10,FO,NSE,IDO,68606,,NIFTY,,2025-03-06,2025-03-06,24250.0,PE,NIFTY2530624250PE,0.0,0.0,0.0,1045.55,0.0,1045.55,23381.6,842.8,0,0,0,0.0,0,F1,75,,,,,
2025-02-10,2025-02-10,FO,NSE,IDO,68587,,NIFTY,,2025-03-06,2025-03-06,23800.0,PE,NIFTY2530623800PE,500.0,500.0,483.55,485.9,483.55,450.0,23381.6,485.9,4875,150,17,30976275.0,9,F1,75,,,,,
2025-02-10,2025-02-10,FO,NSE,IDO,68579,,NIFTY,,2025-03-06,2025-03-06,23600.0,PE,NIFTY2530623600PE,364.0,393.55,315.05,382.3,382.3,303.0,23381.6,385.5,4800,-150,15,26973750.0,15,F1,75,,,,,
2025-02-10,2025-02-10,FO,NSE,IDO,68483,,NIFTY,,2025-03-06,2025-03-06,23350.0,PE,NIFTY2530623350PE,285.45,285.45,285.45,285.45,285.45,351.0,23381.6,260.15,225,75,5,8863293.75,4,F1,75,,,,,
2025-02-10,2025-02-10,FO,NSE,IDO,68467,,NIFTY,,2025-03-06,2025-03-06,22950.0,PE,NIFTY2530622950PE,0.0,0.0,0.0,93.75,93.75,93.75,23381.6,121.55,0,0,0,0.0,0,F1,75,,,,,
2025-02-10,2025-02-10,FO,NSE,IDO,68465,,NIFTY,,2025-03-06,2025-03-06,22900.0,PE,NIFTY2530622900PE,0.0,0.0,0.0,90.25,90.25,90.25,23381.6,109.1,75,0,0,0.0,0,F1,75,,,,,
2025-02-10,2025-02-10,FO,NSE,IDO,64592,,NIFTY,,2025-03-27,2025-03-27,31000.0,CE,NIFTY25MAR31000CE,5.3,5.7,5.25,5.5,5.65,5.6,23381.6,5.5,1393125,127350,6151,14303604221.25,2320,F1,75,,,,,
2025-02-10,2025-02-10,FO,NSE,IDO,79272,,NIFTY,,2025-04-24,2025-04-24,21900.0,CE,NIFTY25APR21900CE,0.0,0.0,0.0,1861.6,0.0,1861.6,23381.6,1825.95,0,0,0,0.0,0,F1,75,,,,,
2025-02-10,2025-02-10,FO,NSE,IDO,79394,,NIFTY,,2025-04-24,2025-04-24,22550.0,CE,NIFTY25APR22550CE,0.0,0.0,0.0,1365.75,0.0,1365.75,23381.6,1283.4,0,0,0,0.0,0,F1,75,,,,,
2025-02-10,2025-02-10,FO,NSE,IDO,79396,,NIFTY,,2025-04-24,2025-04-24,22600.0,CE,NIFTY25APR22600CE,0.0,0.0,0.0,1330.75,0.0,1330.75,23381.6,1244.95,0,0,0,0.0,0,F1,75,,,,,
2025-02-10,2025-02-10,FO,NSE,IDO,79409,,NIFTY,,2025-04-24,2025-04-24,22750.0,CE,NIFTY25APR22750CE,0.0,0.0,0.0,1228.7,0.0,1228.7,23381.6,1133.0,0,0,0,0.0,0,F1,75,,,,,
2025-02-10,2025-02-10,FO,NSE,IDO,79444,,NIFTY,,2025-04-24,2025-04-24,23300.0,CE,NIFTY25APR23300CE,810.0,825.0,805.0,818.4,818.4,1004.05,23381.6,818.4,4275,600,16,28934471.25,9,F1,75,,,,,
2025-02-10,2025-02-10,FO,NSE,IDO,79555,,NIFTY,,2025-04-24,2025-04-24,24150.0,CE,NIFTY25APR24150CE,358.2,358.2,354.0,355.0,355.0,503.35,23381.6,368.4,600,600,8,14702943.75,8,F1,75,,,,,
2025-02-10,2025-02-10,FO,NSE,IDO,68455,,NIFTY,,2025-03-06,2025-03-06,22700.0,PE,NIFTY2530622700PE,84.0,99.75,83.0,92.75,89.25,69.45,23381.6,92.75,3975,300,39,66668655.0,24,F1,75,,,,,
2025-02-10,2025-02-10,FO,NSE,IDO,68435,,NIFTY,,2025-03-06,2025-03-06,22400.0,PE,NIFTY2530622400PE,44.9,58.0,44.75,58.0,58.0,43.0,23381.6,31.3,2850,1725,27,45472492.5,11,F1,75,,,,,
2025-02-10,2025-02-10,FO,NSE,IDO,68398,,NIFTY,,2025-03-06,2025-03-06,21550.0,PE,NIFTY2530621550PE,0.0,0.0,0.0,36.35,0.0,36.35,23381.6,1.65,0,0,0,0.0,0,F1,75,,,,,
2025-02-10,2025-02-10,FO,NSE,IDO,57715,,NIFTY,,2025-02-27,2025-02-27,26500.0,PE,NIFTY25FEB26500PE,2937.55,3081.65,2918.0,3022.35,3020.55,2859.75,23381.6,3022.35,529275,-3000,141,312174941.25,113,F1,75,,,,,
2025-02-10,2025-02-10,FO,NSE,IDO,57652,,NIFTY,,2025-02-27,2025-02-27,25200.0,PE,NIFTY25FEB25200PE,1700.0,1764.0,1700.0,1741.1,1741.1,1543.4,23381.6,1743.75,31350,225,6,12120536.25,6,F1,75,,,,,
2025-02-10,2025-02-10,FO,NSE,IDO,57620,,NIFTY,,2025-02-27,2025-02-27,24450.0,PE,NIFTY25FEB24450PE,1059.1,1059.1,1059.1,1059.1,1059.1,810.0,23381.6,1018.2,3150,-75,1,1913182.5,1,F1,75,,,,,
2025-02-10,2025-02-10,FO,NSE,IDO,57618,,NIFTY,,2025-02-27,2025-02-27,24400.0,PE,NIFTY25FEB24400PE,874.0,1015.0,870.0,958.0,958.0,806.8,23381.6,958.0,140400,-2325,154,292814411.25,83,F1,75,,,,,
2025-02-10,2025-02-10,FO,NSE,IDO,57594,,NIFTY,,2025-02-27,2025-02-27,23800.0,PE,NIFTY25FEB23800PE,399.65,518.3,399.65,465.5,465.2,368.0,23381.6,465.5,1300050,-28350,9012,16401121650.0,5991,F1,75,,,,,
2025-02-10,2025-02-10,FO,NSE,IDO,57592,,NIFTY,,2025-02-27,2025-02-27,23750.0,PE,NIFTY25FEB23750PE,378.2,480.85,375.0,434.7,433.95,339.6,23381.6,434.7,136275,-4950,508,921669952.5,412,F1,75,,,,,
2025-02-10,2025-02-10,FO,NSE,IDO,57582,,NIFTY,,2025-02-27,2025-02-27,23500.0,PE,NIFTY25FEB23500PE,210.0,332.9,210.0,293.05,295.0,226.85,23381.6,293.05,4332000,-169875,72879,130065358893.75,44692,F1,75,,,,,
2025-02-10,2025-02-10,FO,NSE,IDO,56736,,NIFTY,,2025-02-27,2025-02-27,23400.0,PE,NIFTY25FEB23400PE,197.0,283.5,195.2,247.0,248.0,188.35,23381.6,247.0,1394850,192525,41821,74192047770.0,22932,F1,75,,,,,
2025-02-10,2025-02-10,FO,NSE,IDO,55644,,NIFTY,,2025-02-27,2025-02-27,23100.0,PE,NIFTY25FEB23100PE,110.0,164.9,107.65,141.6,143.95,105.9,23381.6,141.6,1080300,-225075,13727,23932344637.5,8581,F1,75,,,,,
2025-02-10,2025-02-10,FO,NSE,IDO,51449,,NIFTY,,2025-06-26,2025-06-26,21000.0,CE,NIFTY25JUN21000CE,0.0,0.0,0.0,3232.35,3214.65,3232.35,23381.6,2925.95,525,0,0,0.0,0,F1,75,,,,,
2025-02-10,2025-02-10,FO,NSE,IDO,37749,,NIFTY,,2025-06-26,2025-06-26,23000.0,CE,NIFTY25JUN23000CE,1415.05,1415.05,1309.95,1344.65,1350.35,1459.15,23381.6,1344.65,258950,2475,479,874613902.5,455,F1,75,,,,,
2025-02-10,2025-02-10,FO,NSE,IDO,71393,,NIFTY,,2025-12-24,2025-12-24,24000.0,CE,NIFTY25DEC24000CE,1650.55,1650.55,1565.55,1580.75,1577.2,1655.95,23381.6,1580.75,241900,1200,151,289806900.0,142,F1,75,,,,,
2025-02-10,2025-02-10,FO,NSE,IDO,35221,,NIFTY,,2025-12-24,2025-12-24,30000.0,CE,NIFTY25DEC30000CE,82.9,85.0,80.0,82.3,83.0,84.95,23381.6,82.3,48825,600,53,119576973.75,46,F1,75,,,,,
2025-02-10,2025-02-10,FO,NSE,IDO,71551,,NIFTY,,2027-06-24,2027-06-24,20000.0,CE,NIFTY27JUN20000CE,0.0,0.0,0.0,3367.05,0.0,3367.05,23381.6,6356.4,0,0,0,0.0,0,F1,75,,,,,
2025-02-10,2025-02-10,FO,NSE,IDO,71558,,NIFTY,,2027-06-24,2027-06-24,23000.0,CE,NIFTY27JUN23000CE,0.0,0.0,0.0,2530.05,0.0,2530.05,23381.6,4175.55,0,0,0,0.0,0,F1,75,,,,,
2025-02-10,2025-02-10,FO,NSE,IDO,71564,,NIFTY,,2027-06-24,2027-06-24,26000.0,CE,NIFTY27JUN26000CE,0.0,0.0,0.0,1900.85,0.0,1900.85,23381.6,2480.25,0,0,0,0.0,0,F1,75,,,,,
2025-02-10,2025-02-10,FO,NSE,IDO,86143,,NIFTY,,2028-06-29,2028-06-29,20000.0,CE,NIFTY28JUN20000CE,0.0,0.0,0.0,5724.65,0.0,5724.65,23381.6,7464.75,0,0,0,0.0,0,F1,75,,,,,
2025-02-10,2025-02-10,FO,NSE,IDO,51142,,NIFTY,,2025-02-13,2025-02-13,22100.0,PE,NIFTY2521322100PE,1.4,1.75,0.75,0.9,0.75,1.4,23381.6,0.9,766050,101250,93968,155760063566.25,24616,F1,75,,,,,
2025-02-10,2025-02-10,FO,NSE,IDO,51183,,NIFTY,,2025-02-13,2025-02-13,22900.0,PE,NIFTY2521322900PE,7.35,24.6,7.35,13.2,13.4,10.3,23381.6,13.2,3396900,974700,752010,1292542302543.75,255646,F1,75,,,,,
2025-02-10,2025-02-10,FO,NSE,IDO,51197,,NIFTY,,2025-02-13,2025-02-13,23150.0,PE,NIFTY2521323150PE,27.35,71.25,22.35,45.0,46.8,29.85,23381.6,45.0,1045425,183075,552060,960725304577.5,308386,F1,75,,,,,
2025-02-10,2025-02-10,FO,NSE,IDO,55636,,NIFTY,,2025-02-27,2025-02-27,22900.0,PE,NIFTY25FEB22900PE,72.95,110.8,72.95,93.3,95.5,70.75,23381.6,93.3,948300,33150,11801,20351099025.0,7296,F1,75,,,,,
2025-02-10,2025-02-10,FO,NSE,IDO,55586,,NIFTY,,2025-02-27,2025-02-27,21650.0,PE,NIFTY25FEB21650PE,6.2,8.05,6.15,6.9,7.3,6.95,23381.6,6.9,26550,-1050,387,628592861.25,365,F1,75,,,,,
2025-02-10,2025-02-10,FO,NSE,IDO,55584,,NIFTY,,2025-02-27,2025-02-27,21600.0,PE,NIFTY25FEB21600PE,6.2,7.05,5.6,6.3,6.1,6.2,23381.6,6.3,145275,-5925,3129,5070453187.5,2005,F1,75,,,,,
2025-02-10,2025-02-10,FO,NSE,IDO,55566,,NIFTY,,2025-02-27,2025-02-27,21250.0,PE,NIFTY25FEB21250PE,3.8,3.9,3.1,3.55,3.65,3.75,23381.6,3.55,570900,-750,1221,1946296095.0,408,F1,75,,,,,
2025-02-10,2025-02-10,FO,NSE,IDO,63818,,NIFTY,,2025-02-20,2025-02-20,25150.0,PE,NIFTY2522025150PE,0.0,0.0,0.0,1710.9,0.0,1710.9,23381.6,1723.75,0,0,0,0.0,0,F1,75,,,,,
2025-02-10,2025-02-10,FO,NSE,IDO,63814,,NIFTY,,2025-02-20,2025-02-20,25050.0,PE,NIFTY2522025050PE,0.0,0.0,0.0,1620.35,0.0,1620.35,23381.6,1624.05,0,0,0,0.0,0,F1,75,,,,,
2025-02-10,2025-02-10,FO,NSE,IDO,63685,,NIFTY,,2025-02-20,2025-02-20,24050.0,PE,NIFTY2522024050PE,615.0,694.9,615.0,645.0,645.0,510.6,23381.6,645.0,2400,-675,16,29666156.25,9,F1,75,,,,,
2025-02-10,2025-02-10,FO,NSE,IDO,63681,,NIFTY,,2025-02-20,2025-02-20,23950.0,PE,NIFTY2522023950PE,537.0,616.0,519.35,562.4,564.0,441.0,23381.6,562.4,11175,-2400,204,375489570.0,88,F1,75,,,,,
2025-02-10,2025-02-10,FO,NSE,IDO,63700,,NIFTY,,2025-02-20,2025-02-20,24350.0,CE,NIFTY2522024350CE,21.2,21.25,9.6,11.25,10.9,21.75,23381.6,11.25,54675,-23850,6158,11251979640.0,4353,F1,75,,,,,
2025-02-10,2025-02-10,FO,NSE,IDO,55574,,NIFTY,,2025-02-27,2025-02-27,21450.0,PE,NIFTY25FEB21450PE,5.35,5.35,4.1,4.75,5.05,5.2,23381.6,4.75,43425,-75,64,102983602.5,44,F1,75,,,,,
2025-02-10,2025-02-10,FO,NSE,IDO,63617,,NIFTY,,2025-02-20,2025-02-20,23350.0,PE,NIFTY2522023350PE,143.95,218.45,143.95,182.85,185.0,132.65,23381.6,182.85,82875,30000,8858,15640836802.5,5506,F1,75,,,,,
2025-02-10,2025-02-10,FO,NSE,IDO,63266,,NIFTY,,2025-02-20,2025-02-20,21650.0,PE,NIFTY2522021650PE,3.9,3.9,2.4,2.45,2.45,3.15,23381.6,2.45,8850,4800,142,230599920.0,60,F1,75,,,,,
2025-02-10,2025-02-10,FO,NSE,IDO,63085,,NIFTY,,2025-02-20,2025-02-20,21150.0,PE,NIFTY2522021150PE,3.15,3.15,2.0,2.1,2.1,2.55,23381.6,2.1,12675,4200,172,272864745.0,86,F1,75,,,,,
2025-02-10,2025-02-10,FO,NSE,IDO,51248,,NIFTY,,2025-02-13,2025-02-13,23900.0,PE,NIFTY2521323900PE,379.85,567.6,372.75,497.55,502.3,368.9,23381.6,497.55,198225,-11850,8209,15021370286.25,5662,F1,75,,,,,
2025-02-10,2025-02-10,FO,NSE,IDO,51162,,NIFTY,,2025-02-13,2025-02-13,22450.0,PE,NIFTY2521322450PE,1.75,3.8,1.7,1.9,1.8,2.55,23381.6,1.9,843000,351300,309112,520525228886.25,65274,F1,75,,,,,
2025-02-10,2025-02-10,FO,NSE,IDO,51064,,NIFTY,,2025-02-13,2025-02-13,21200.0,PE,NIFTY2521321200PE,0.85,0.85,0.5,0.5,0.5,0.85,23381.6,0.5,479100,-83175,24417,38824181295.0,4454,F1,75,,,,,
2025-02-10,2025-02-10,FO,NSE,IDO,51140,,NIFTY,,2025-02-13,2025-02-13,22050.0,PE,NIFTY2521322050PE,1.5,1.55,0.65,0.85,0.7,1.5,23381.6,0.85,230400,60150,26625,44033313997.5,8368,F1,75,,,,,
2025-02-10,2025-02-10,FO,NSE,IDO,51144,,NIFTY,,2025-02-13,2025-02-13,22150.0,PE,NIFTY2521322150PE,1.45,2.1,0.8,1.0,0.9,1.45,23381.6,1.0,260625,14625,36240,60207104392.5,12145,F1,75,,,,,
2025-02-10,2025-02-10,FO,NSE,IDO,51150,,NIFTY,,2025-02-13,2025-02-13,22300.0,PE,NIFTY2521322300PE,1.4,2.45,1.15,1.35,1.25,1.75,23381.6,1.35,1355925,-234900,232679,389184896190.0,57269,F1,75,,,,,
2025-02-10,2025-02-10,FO,NSE,IDO,51195,,NIFTY,,2025-02-13,2025-02-13,23100.0,PE,NIFTY2521323100PE,18.7,57.7,18.7,35.0,36.5,24.5,23381.6,35.0,4456650,2704800,995493,1727864388446.25,431836,F1,75,,,,,
2025-02-10,2025-02-10,FO,NSE,IDO,51212,,NIFTY,,2025-02-13,2025-02-13,23400.0,PE,NIFTY2521323400PE,84.0,173.0,83.15,129.2,133.85,84.0,23381.6,129.2,3264900,1398075,2024586,3574517333760.0,1209207,F1,75,,,,,
2025-02-10,2025-02-10,FO,NSE,IDO,51242,,NIFTY,,2025-02-13,2025-02-13,23750.0,PE,NIFTY2521323750PE,273.6,430.0,270.9,366.85,370.05,257.1,23381.6,366.85,324150,-151950,15922,28795172475.0,10314,F1,75,,,,,
2025-02-10,2025-02-10,FO,NSE,IDO,51270,,NIFTY,,2025-02-13,2025-02-13,24350.0,PE,NIFTY2521324350PE,965.0,965.0,943.45,943.45,943.45,771.0,23381.6,955.45,5100,-225,3,5692642.5,2,F1,75,,,,,
2025-02-10,2025-02-10,FO,NSE,IDO,57636,,NIFTY,,2025-02-27,2025-02-27,24850.0,PE,NIFTY25FEB24850PE,0.0,0.0,0.0,1058.95,0.0,1058.95,23381.6,1399.4,0,0,0,0.0,0,F1,75,,,,,
2025-02-10,2025-02-10,FO,NSE,IDO,51288,,NIFTY,,2025-02-13,2025-02-13,24700.0,PE,NIFTY2521324700PE,1205.0,1323.55,1179.2,1323.55,1323.55,1117.45,23381.6,1305.2,11700,-525,15,29216156.25,10,F1,75,,,,,
2025-02-10,2025-02-10,FO,NSE,IDO,51320,,NIFTY,,2025-02-13,2025-02-13,25200.0,PE,NIFTY2521325200PE,1660.0,1788.0,1660.0,1785.8,1785.8,1660.0,23381.6,1804.95,9225,375,7,14150182.5,7,F1,75,,,,,
2025-02-10,2025-02-10,FO,NSE,IDO,63083,,NIFTY,,2025-02-20,2025-02-20,21100.0,PE,NIFTY2522021100PE,2.5,2.55,1.9,2.15,2.1,2.55,23381.6,2.15,417150,387450,8992,14231294932.5,3247,F1,75,,,,,
2025-02-10,2025-02-10,FO,NSE,IDO,63174,,NIFTY,,2025-02-20,2025-02-20,21350.0,PE,NIFTY2522021350PE,3.25,3.25,2.15,2.25,2.2,2.6,23381.6,2.25,17325,13875,242,387544301.25,135,F1,75,,,,,
2025-02-10,2025-02-10,FO,NSE,IDO,63207,,NIFTY,,2025-02-20,2025-02-20,21450.0,PE,NIFTY2522021450PE,2.95,2.95,2.15,2.25,2.3,4.2,23381.6,2.25,7500,4050,354,569564100.0,136,F1,75,,,,,
2025-02-10,2025-02-10,FO,NSE,IDO,63268,,NIFTY,,2025-02-20,2025-02-20,21700.0,PE,NIFTY2522021700PE,3.05,3.3,2.2,2.6,2.2,3.15,23381.6,2.6,23250,11700,1536,2500167791.25,1018,F1,75,,,,,
2025-02-10,2025-02-10,FO,NSE,IDO,63270,,NIFTY,,2025-02-20,2025-02-20,21750.0,PE,NIFTY2522021750PE,3.35,3.4,2.65,2.7,2.7,3.35,23381.6,2.7,9600,5550,272,443762013.75,180,F1,75,,,,,
2025-02-10,2025-02-10,FO,NSE,IDO,63273,,NIFTY,,2025-02-20,2025-02-20,21800.0,PE,NIFTY2522021800PE,3.45,4.75,2.75,2.95,3.05,3.4,23381.6,2.95,88350,38250,3746,6125625232.5,1979,F1,75,,,,,
2025-02-10,2025-02-10,FO,NSE,IDO,63290,,NIFTY,,2025-02-20,2025-02-20,22000.0,PE,NIFTY2522022000PE,3.8,5.65,3.8,4.1,3.95,4.7,23381.6,4.1,407700,169200,15964,26346214980.0,6237,F1,75,,,,,
2025-02-10,2025-02-10,FO,NSE,IDO,63338,,NIFTY,,2025-02-20,2025-02-20,22300.0,PE,NIFTY2522022300PE,7.6,13.2,7.55,9.55,9.1,8.0,23381.6,9.55,316200,201075,14956,25025060718.75,9034,F1,75,,,,,
2025-02-10,2025-02-10,FO,NSE,IDO,63683,,NIFTY,,2025-02-20,2025-02-20,24000.0,PE,NIFTY2522024000PE,521.95,660.1,521.95,600.9,609.8,481.0,23381.6,600.9,93600,2775,1049,1935308628.75,560,F1,75,,,,,
2025-02-10,2025-02-10,FO,NSE,IDO,63687,,NIFTY,,2025-02-20,2025-02-20,24100.0,PE,NIFTY2522024100PE,650.0,751.0,640.05,695.0,695.0,557.95,23381.6,695.0,8025,450,71,132024382.5,46,F1,75,,,,,
2025-02-10,2025-02-10,FO,NSE,IDO,63691,,NIFTY,,2025-02-20,2025-02-20,24200.0,PE,NIFTY2522024200PE,710.0,830.0,710.0,781.05,787.0,635.95,23381.6,781.05,9075,5175,117,219134801.25,66,F1,75,,,,,
2025-02-10,2025-02-10,FO,NSE,IDO,63992,,NIFTY,,2025-02-20,2025-02-20,25350.0,PE,NIFTY2522025350PE,0.0,0.0,0.0,1895.45,0.0,1895.45,23381.6,1923.3,0,0,0,0.0,0,F1,75,,,,,
2025-02-10,2025-02-10,FO,NSE,IDO,55560,,NIFTY,,2025-02-27,2025-02-27,21100.0,PE,NIFTY25FEB21100PE,3.7,4.2,3.4,3.8,4.0,4.0,23381.6,3.8,1002525,93825,5823,9216543180.0,1501,F1,75,,,,,
2025-02-10,2025-02-10,FO,NSE,IDO,55646,,NIFTY,,2025-02-27,2025-02-27,23150.0,PE,NIFTY25FEB23150PE,133.0,181.1,129.6,155.65,159.55,117.95,23381.6,155.65,133650,15675,2229,3896691296.25,1475,F1,75,,,,,
2025-02-10,2025-02-10,FO,NSE,IDO,57588,,NIFTY,,2025-02-27,2025-02-27,23650.0,PE,NIFTY25FEB23650PE,317.35,417.75,317.35,371.95,375.0,288.5,23381.6,371.95,124050,-13500,1314,2367537768.75,1016,F1,75,,,,,
2025-02-10,2025-02-10,FO,NSE,IDO,57598,,NIFTY,,2025-02-27,2025-02-27,23900.0,PE,NIFTY25FEB23900PE,433.0,590.95,433.0,533.0,533.9,428.95,23381.6,533.0,384750,-4800,1254,2297585925.0,940,F1,75,,,,,
2025-02-10,2025-02-10,FO,NSE,IDO,57656,,NIFTY,,2025-02-27,2025-02-27,25300.0,PE,NIFTY25FEB25300PE,1749.3,1843.8,1749.3,1843.8,1843.8,1673.2,23381.6,1843.8,12900,150,4,8125991.25,4,F1,75,,,,,
2025-02-10,2025-02-10,FO,NSE,IDO,57660,,NIFTY,,2025-02-27,2025-02-27,25400.0,PE,NIFTY25FEB25400PE,0.0,0.0,0.0,1715.0,1715.0,1715.0,23381.6,1942.25,18450,0,0,0.0,0,F1,75,,,,,
2025-02-10,2025-02-10,FO,NSE,IDO,68389,,NIFTY,,2025-03-06,2025-03-06,21350.0,PE,NIFTY2530621350PE,0.0,0.0,0.0,24.35,0.0,24.35,23381.6,0.7,0,0,0,0.0,0,F1,75,,,,,
2025-02-10,2025-02-10,FO,NSE,IDO,68414,,NIFTY,,2025-03-06,2025-03-06,21900.0,PE,NIFTY2530621900PE,0.0,0.0,0.0,68.95,0.0,68.95,23381.6,6.3,0,0,0,0.0,0,F1,75,,,,,
2025-02-10,2025-02-10,FO,NSE,IDO,68429,,NIFTY,,2025-03-06,2025-03-06,22250.0,PE,NIFTY2530622250PE,0.0,0.0,0.0,121.7,0.0,121.7,23381.6,20.15,0,0,0,0.0,0,F1,75,,,,,
2025-02-10,2025-02-10,FO,NSE,IDO,68589,,NIFTY,,2025-03-06,2025-03-06,23850.0,PE,NIFTY2530623850PE,0.0,0.0,0.0,767.2,0.0,767.2,23381.6,540.65,0,0,0,0.0,0,F1,75,,,,,
2025-02-10,2025-02-10,FO,NSE,IDO,68593,,NIFTY,,2025-03-06,2025-03-06,23950.0,PE,NIFTY2530623950PE,0.0,0.0,0.0,832.6,0.0,832.6,23381.6,610.45,0,0,0,0.0,0,F1,75,,,,,
2025-02-10,2025-02-10,FO,NSE,IDO,68625,,NIFTY,,2025-03-06,2025-03-06,24600.0,PE,NIFTY2530624600PE,0.0,0.0,0.0,1318.65,0.0,1318.65,23381.6,1147.6,0,0,0,0.0,0,F1,75,,,,,
2025-02-10,2025-02-10,FO,NSE,IDO,68665,,NIFTY,,2025-03-06,2025-03-06,25100.0,PE,NIFTY2530625100PE,0.0,0.0,0.0,1748.45,0.0,1748.45,23381.6,1619.95,0,0,0,0.0,0,F1,75,,,,,
2025-02-10,2025-02-10,FO,NSE,IDO,68669,,NIFTY,,2025-03-06,2025-03-06,25200.0,PE,NIFTY2530625200PE,0.0,0.0,0.0,1838.55,0.0,1838.55,23381.6,1717.25,0,0,0,0.0,0,F1,75,,,,,
2025-02-10,2025-02-10,FO,NSE,IDO,45443,,NIFTY,,2025-03-13,2025-03-13,22050.0,PE,NIFTY2531322050PE,0.0,0.0,0.0,33.7,0.0,33.7,23381.6,19.1,0,0,0,0.0,0,F1,75,,,,,
2025-02-10,2025-02-10,FO,NSE,IDO,45449,,NIFTY,,2025-03-13,2025-03-13,22150.0,PE,NIFTY2531322150PE,0.0,0.0,0.0,41.35,0.0,41.35,23381.6,25.05,0,0,0,0.0,0,F1,75,,,,,
2025-02-10,2025-02-10,FO,NSE,IDO,45541,,NIFTY,,2025-03-13,2025-03-13,23750.0,PE,NIFTY2531323750PE,0.0,0.0,0.0,462.3,0.0,462.3,23381.6,499.2,0,0,0,0.0,0,F1,75,,,,,
2025-02-10,2025-02-10,FO,NSE,IDO,45551,,NIFTY,,2025-03-13,2025-03-13,24000.0,PE,NIFTY2531324000PE,0.0,0.0,0.0,597.7,0.0,597.7,23381.6,663.05,0,0,0,0.0,0,F1,75,,,,,
2025-02-10,2025-02-10,FO,NSE,IDO,45553,,NIFTY,,2025-03-13,2025-03-13,24050.0,PE,NIFTY2531324050PE,0.0,0.0,0.0,627.2,0.0,627.2,23381.6,698.6,0,0,0,0.0,0,F1,75,,,,,
2025-02-10,2025-02-10,FO,NSE,IDO,64553,,NIFTY,,2025-03-27,2025-03-27,18000.0,PE,NIFTY25MAR18000PE,3.75,3.9,3.55,3.6,3.7,3.8,23381.6,3.6,424225,4850,428,577919381.25,179,F1,75,,,,,
2025-02-10,2025-02-10,FO,NSE,IDO,46953,,NIFTY,,2025-03-27,2025-03-27,22050.0,PE,NIFTY25MAR22050PE,76.55,76.55,67.65,67.65,67.65,54.35,23381.6,38.55,45000,150,14,23227653.75,7,F1,75,,,,,
2025-02-10,2025-02-10,FO,NSE,IDO,47039,,NIFTY,,2025-03-27,2025-03-27,22700.0,PE,NIFTY25MAR22700PE,139.95,167.4,136.75,153.75,155.3,128.3,23381.6,153.75,159300,10275,1043,1787766071.25,533,F1,75,,,,,
2025-02-10,2025-02-10,FO,NSE,IDO,54820,,NIFTY,,2025-03-27,2025-03-27,24150.0,PE,NIFTY25MAR24150PE,0.0,0.0,0.0,616.0,616.0,616.0,23381.6,792.4,7350,0,0,0.0,0,F1,75,,,,,
2025-02-10,2025-02-10,FO,NSE,IDO,55061,,NIFTY,,2025-03-27,2025-03-27,24200.0,PE,NIFTY25MAR24200PE,711.7,820.05,711.65,772.2,768.05,682.4,23381.6,772.2,41550,2325,332,622493955.0,135,F1,75,,,,,
2025-02-10,2025-02-10,FO,NSE,IDO,55198,,NIFTY,,2025-03-27,2025-03-27,24300.0,PE,NIFTY25MAR24300PE,781.8,879.0,781.75,835.0,835.0,728.8,23381.6,900.55,30900,75,14,26402842.5,12,F1,75,,,,,
2025-02-10,2025-02-10,FO,NSE,IDO,56569,,NIFTY,,2025-03-27,2025-03-27,24900.0,PE,NIFTY25MAR24900PE,1370.0,1370.0,1370.0,1370.0,1370.0,1157.45,23381.6,1388.85,4425,0,1,1970250.0,1,F1,75,,,,,
2025-02-10,2025-02-10,FO,NSE,IDO,56877,,NIFTY,,2025-03-27,2025-03-27,25300.0,PE,NIFTY25MAR25300PE,0.0,0.0,0.0,1451.25,0.0,1451.25,23381.6,1750.3,0,0,0,0.0,0,F1,75,,,,,
2025-02-10,2025-02-10,FO,NSE,IDO,56885,,NIFTY,,2025-03-27,2025-03-27,25500.0,PE,NIFTY25MAR25500PE,1940.0,1940.0,1876.4,1876.4,1876.4,1786.0,23381.6,1876.4,74025,-3600,55,113094663.75,33,F1,75,,,,,
2025-02-10,2025-02-10,FO,NSE,IDO,64577,,NIFTY,,2025-03-27,2025-03-27,27000.0,PE,NIFTY25MAR27000PE,3265.0,3400.0,3265.0,3344.0,3341.0,3186.9,23381.6,3344.0,528650,-150,114,259486485.0,89,F1,75,,,,,
2025-02-10,2025-02-10,FO,NSE,IDO,64593,,NIFTY,,2025-03-27,2025-03-27,31000.0,PE,NIFTY25MAR31000PE,0.0,0.0,0.0,7133.65,7122.35,7133.65,23381.6,7370.95,37525,0,0,0.0,0,F1,75,,,,,
2025-02-10,2025-02-10,FO,NSE,IDO,79261,,NIFTY,,2025-04-24,2025-04-24,21600.0,PE,NIFTY25APR21600PE,0.0,0.0,0.0,103.55,0.0,103.55,23381.6,36.8,0,0,0,0.0,0,F1,75,,,,,
2025-02-10,2025-02-10,FO,NSE,IDO,79282,,NIFTY,,2025-04-24,2025-04-24,21950.0,PE,NIFTY25APR21950PE,0.0,0.0,0.0,164.15,164.15,164.15,23381.6,66.65,75,0,0,0.0,0,F1,75,,,,,
2025-02-10,2025-02-10,FO,NSE,IDO,79298,,NIFTY,,2025-04-24,2025-04-24,22150.0,PE,NIFTY25APR22150PE,0.0,0.0,0.0,194.55,0.0,194.55,23381.6,91.05,0,0,0,0.0,0,F1,75,,,,,
2025-02-10,2025-02-10,FO,NSE,IDO,79372,,NIFTY,,2025-04-24,2025-04-24,22200.0,PE,NIFTY25APR22200PE,116.0,131.0,114.95,127.5,127.5,119.0,23381.6,98.15,23400,9750,155,259487501.25,108,F1,75,,,,,
2025-02-10,2025-02-10,FO,NSE,IDO,79389,,NIFTY,,2025-04-24,2025-04-24,22400.0,PE,NIFTY25APR22400PE,140.0,162.95,140.0,147.0,147.0,132.8,23381.6,147.0,24150,8775,141,238460760.0,101,F1,75,,,,,
2025-02-10,2025-02-10,FO,NSE,IDO,79423,,NIFTY,,2025-04-24,2025-04-24,22900.0,PE,NIFTY25APR22900PE,0.0,0.0,0.0,200.25,200.25,200.25,23381.6,248.9,150,0,0,0.0,0,F1,75,,,,,
2025-02-10,2025-02-10,FO,NSE,IDO,79528,,NIFTY,,2025-04-24,2025-04-24,23950.0,PE,NIFTY25APR23950PE,0.0,0.0,0.0,883.65,0.0,883.65,23381.6,704.3,0,0,0,0.0,0,F1,75,,,,,
2025-02-10,2025-02-10,FO,NSE,IDO,79643,,NIFTY,,2025-04-24,2025-04-24,24550.0,PE,NIFTY25APR24550PE,0.0,0.0,0.0,1262.55,0.0,1262.55,23381.6,1095.95,0,0,0,0.0,0,F1,75,,,,,
2025-02-10,2025-02-10,FO,NSE,IDO,79728,,NIFTY,,2025-04-24,2025-04-24,25050.0,PE,NIFTY25APR25050PE,0.0,0.0,0.0,1628.4,0.0,1628.4,23381.6,1483.15,0,0,0,0.0,0,F1,75,,,,,
2025-02-10,2025-02-10,FO,NSE,IDO,50970,,NIFTY,,2025-06-26,2025-06-26,27000.0,PE,NIFTY25JUN27000PE,2900.0,2990.7,2845.65,2981.5,2981.5,2728.0,23381.6,3038.65,38775,4225,69,155009081.25,69,F1,75,,,,,
2025-02-10,2025-02-10,FO,NSE,IDO,64681,,NIFTY,,2025-09-25,2025-09-25,18000.0,PE,NIFTY25SEP18000PE,0.0,0.0,0.0,3.05,0.0,3.05,23381.6,1.4,0,0,0,0.0,0,F1,75,,,,,
2025-02-10,2025-02-10,FO,NSE,IDO,64683,,NIFTY,,2025-09-25,2025-09-25,19000.0,PE,NIFTY25SEP19000PE,0.0,0.0,0.0,8.9,0.0,8.9,23381.6,7.3,0,0,0,0.0,0,F1,75,,,,,
2025-02-10,2025-02-10,FO,NSE,IDO,55122,,NIFTY,,2025-12-24,2025-12-24,18000.0,PE,NIFTY25DEC18000PE,0.0,0.0,0.0,73.0,73.0,73.0,23381.6,4.55,2900,0,0,0.0,0,F1,75,,,,,
2025-02-10,2025-02-10,FO,NSE,IDO,37796,,NIFTY,,2025-12-24,2025-12-24,23000.0,PE,NIFTY25DEC23000PE,600.0,659.05,600.0,640.4,645.0,585.0,23381.6,640.4,693150,36050,1161,2058350973.75,961,F1,75,,,,,
2025-02-10,2025-02-10,FO,NSE,IDO,35222,,NIFTY,,2025-12-24,2025-12-24,30000.0,PE,NIFTY25DEC30000PE,0.0,0.0,0.0,4227.0,4227.0,4227.0,23381.6,5059.15,450,0,0,0.0,0,F1,75,,,,,
2025-02-10,2025-02-10,FO,NSE,IDO,71473,,NIFTY,,2026-06-25,2026-06-25,24000.0,PE,NIFTY26JUN24000PE,0.0,0.0,0.0,822.05,822.05,822.05,23381.6,823.8,75,0,0,0.0,0,F1,75,,,,,
2025-02-10,2025-02-10,FO,NSE,IDO,58633,,NIFTY,,2026-12-31,2026-12-31,14000.0,PE,NIFTY26DEC14000PE,0.0,0.0,0.0,20.2,20.2,20.2,23381.6,0.25,1550,0,0,0.0,0,F1,75,,,,,
2025-02-10,2025-02-10,FO,NSE,IDO,58649,,NIFTY,,2026-12-31,2026-12-31,22000.0,PE,NIFTY26DEC22000PE,0.0,0.0,0.0,729.95,729.95,729.95,23381.6,333.65,575,0,0,0.0,0,F1,75,,,,,
2025-02-10,2025-02-10,FO,NSE,IDO,71506,,NIFTY,,2026-12-31,2026-12-31,26000.0,PE,NIFTY26DEC26000PE,0.0,0.0,0.0,1470.15,1470.15,1470.15,23381.6,1525.75,1700,0,0,0.0,0,F1,75,,,,,
2025-02-10,2025-02-10,FO,NSE,IDO,71550,,NIFTY,,2027-06-24,2027-06-24,19000.0,PE,NIFTY27JUN19000PE,0.0,0.0,0.0,201.05,201.05,201.05,23381.6,66.4,525,0,0,0.0,0,F1,75,,,,,
2025-02-10,2025-02-10,FO,NSE,IDO,89629,,NIFTY,,2029-06-28,2029-06-28,23000.0,PE,NIFTY29JUN23000PE,0.0,0.0,0.0,543.65,0.0,543.65,23381.6,412.25,0,0,0,0.0,0,F1,75,,,,,
2025-02-10,2025-02-10,FO,NSE,IDO,89633,,NIFTY,,2029-06-28,2029-06-28,25000.0,PE,NIFTY29JUN25000PE,0.0,0.0,0.0,852.5,0.0,852.5,23381.6,742.45,0,0,0,0.0,0,F1,75,,,,,
2025-02-10,2025-02-10,FO,NSE,IDO,89639,,NIFTY,,2029-06-28,2029-06-28,28000.0,PE,NIFTY29JUN28000PE,0.0,0.0,0.0,1488.1,0.0,1488.1,23381.6,1500.6,0,0,0,0.0,0,F1,75,,,,,
2025-02-10,2025-02-10,FO,NSE,IDO,89641,,NIFTY,,2029-06-28,2029-06-28,29000.0,PE,NIFTY29JUN29000PE,0.0,0.0,0.0,1746.95,0.0,1746.95,23381.6,1826.9,0,0,0,0.0,0,F1,75,,,,,
2025-02-10,2025-02-10,FO,NSE,IDO,61660,,NIFTY,,2029-12-27,2029-12-27,21000.0,PE,NIFTY29DEC21000PE,0.0,0.0,0.0,278.8,0.0,278.8,23381.6,193.4,0,0,0,0.0,0,F1,75,,,,,
2025-02-10,2025-02-10,FO,NSE,IDO,45610,,NIFTY,,2025-03-13,2025-03-13,24600.0,CE,NIFTY2531324600CE,0.0,0.0,0.0,177.1,0.0,177.1,23381.6,58.05,0,0,0,0.0,0,F1,75,,,,,
2025-02-10,2025-02-10,FO,NSE,IDO,68422,,NIFTY,,2025-03-06,2025-03-06,22100.0,PE,NIFTY2530622100PE,25.2,35.15,15.9,33.0,33.0,24.0,23381.6,12.55,1350,450,24,39829953.75,9,F1,75,,,,,
2025-02-10,2025-02-10,FO,NSE,IDO,68408,,NIFTY,,2025-03-06,2025-03-06,21800.0,PE,NIFTY2530621800PE,0.0,0.0,0.0,57.9,0.0,57.9,23381.6,4.4,0,0,0,0.0,0,F1,75,,,,,
2025-02-10,2025-02-10,FO,NSE,IDO,57690,,NIFTY,,2025-02-27,2025-02-27,26150.0,PE,NIFTY25FEB26150PE,0.0,0.0,0.0,1981.75,0.0,1981.75,23381.6,2689.35,0,0,0,0.0,0,F1,75,,,,,
2025-02-10,2025-02-10,FO,NSE,IDO,57680,,NIFTY,,2025-02-27,2025-02-27,25900.0,PE,NIFTY25FEB25900PE,0.0,0.0,0.0,2215.0,2215.0,2215.0,23381.6,2440.15,6825,0,0,0.0,0,F1,75,,,,,
2025-02-10,2025-02-10,FO,NSE,IDO,57668,,NIFTY,,2025-02-27,2025-02-27,25600.0,PE,NIFTY25FEB25600PE,0.0,0.0,0.0,1920.0,1920.0,1920.0,23381.6,2141.3,25875,0,0,0.0,0,F1,75,,,,,
2025-02-10,2025-02-10,FO,NSE,IDO,57664,,NIFTY,,2025-02-27,2025-02-27,25500.0,PE,NIFTY25FEB25500PE,2060.0,2077.5,2020.0,2023.5,2023.1,1870.4,23381.6,2023.5,374775,-375,29,59906445.0,25,F1,75,,,,,
2025-02-10,2025-02-10,FO,NSE,IDO,57584,,NIFTY,,2025-02-27,2025-02-27,23550.0,PE,NIFTY25FEB23550PE,281.75,359.9,263.05,318.95,319.55,245.85,23381.6,318.95,147975,1950,2274,4070682701.25,1635,F1,75,,,,,
2025-02-10,2025-02-10,FO,NSE,IDO,55596,,NIFTY,,2025-02-27,2025-02-27,21900.0,PE,NIFTY25FEB21900PE,10.05,13.0,8.15,11.2,11.05,9.95,23381.6,11.2,275550,-66525,4721,7758112050.0,2786,F1,75,,,,,
2025-02-10,2025-02-10,FO,NSE,IDO,55582,,NIFTY,,2025-02-27,2025-02-27,21550.0,PE,NIFTY25FEB21550PE,5.8,6.4,4.55,5.5,5.85,5.75,23381.6,5.5,11175,-525,465,751755731.25,439,F1,75,,,,,
2025-02-10,2025-02-10,FO,NSE,IDO,45524,,NIFTY,,2025-03-13,2025-03-13,23400.0,PE,NIFTY2531323400PE,0.0,0.0,0.0,307.7,0.0,307.7,23381.6,312.95,0,0,0,0.0,0,F1,75,,,,,
2025-02-10,2025-02-10,FO,NSE,IDO,45549,,NIFTY,,2025-03-13,2025-03-13,23950.0,PE,NIFTY2531323950PE,0.0,0.0,0.0,569.0,0.0,569.0,23381.6,628.35,0,0,0,0.0,0,F1,75,,,,,
2025-02-10,2025-02-10,FO,NSE,IDO,45555,,NIFTY,,2025-03-13,2025-03-13,24100.0,PE,NIFTY2531324100PE,0.0,0.0,0.0,657.55,0.0,657.55,23381.6,735.1,0,0,0,0.0,0,F1,75,,,,,
2025-02-10,2025-02-10,FO,NSE,IDO,51216,,NIFTY,,2025-02-13,2025-02-13,23450.0,PE,NIFTY2521323450PE,95.0,202.0,95.0,154.95,158.75,102.15,23381.6,154.95,720750,-126375,866711,1534632133567.5,544075,F1,75,,,,,
2025-02-10,2025-02-10,FO,NSE,IDO,45589,,NIFTY,,2025-03-13,2025-03-13,24300.0,PE,NIFTY2531324300PE,0.0,0.0,0.0,786.5,0.0,786.5,23381.6,889.1,0,0,0,0.0,0,F1,75,,,,,
2025-02-10,2025-02-10,FO,NSE,IDO,46869,,NIFTY,,2025-03-27,2025-03-27,21350.0,PE,NIFTY25MAR21350PE,0.0,0.0,0.0,26.05,26.05,26.05,23381.6,7.0,2850,0,0,0.0,0,F1,75,,,,,
2025-02-10,2025-02-10,FO,NSE,IDO,46879,,NIFTY,,2025-03-27,2025-03-27,21450.0,PE,NIFTY25MAR21450PE,0.0,0.0,0.0,101.9,101.9,101.9,23381.6,9.2,2850,0,0,0.0,0,F1,75,,,,,
2025-02-10,2025-02-10,FO,NSE,IDO,46959,,NIFTY,,2025-03-27,2025-03-27,22100.0,PE,NIFTY25MAR22100PE,60.55,78.5,60.0,70.45,72.35,58.7,23381.6,70.45,164925,7575,468,778271527.5,209,F1,75,,,,,
2025-02-10,2025-02-10,FO,NSE,IDO,46998,,NIFTY,,2025-03-27,2025-03-27,22500.0,PE,NIFTY25MAR22500PE,99.55,133.5,99.55,121.2,121.75,99.55,23381.6,121.2,1445475,84975,7493,12713523521.25,4649,F1,75,,,,,
2025-02-10,2025-02-10,FO,NSE,IDO,55564,,NIFTY,,2025-02-27,2025-02-27,21200.0,PE,NIFTY25FEB21200PE,4.45,4.45,3.4,3.7,3.4,4.05,23381.6,3.7,129975,5250,1901,3023131410.0,652,F1,75,,,,,
2025-02-10,2025-02-10,FO,NSE,IDO,64002,,NIFTY,,2025-02-20,2025-02-20,25450.0,PE,NIFTY2522025450PE,0.0,0.0,0.0,1989.2,0.0,1989.2,23381.6,2023.15,0,0,0,0.0,0,F1,75,,,,,
2025-02-10,2025-02-10,FO,NSE,IDO,63905,,NIFTY,,2025-02-20,2025-02-20,25200.0,PE,NIFTY2522025200PE,1700.0,1770.3,1700.0,1770.3,1770.3,1680.0,23381.6,1773.65,600,150,4,8080545.0,4,F1,75,,,,,
2025-02-10,2025-02-10,FO,NSE,IDO,63810,,NIFTY,,2025-02-20,2025-02-20,25000.0,PE,NIFTY2522025000PE,1500.0,1600.0,1500.0,1548.6,1548.6,1476.85,23381.6,1548.6,3375,900,21,41843707.5,20,F1,75,,,,,
2025-02-10,2025-02-10,FO,NSE,IDO,63744,,NIFTY,,2025-02-20,2025-02-20,24700.0,PE,NIFTY2522024700PE,1225.0,1303.5,1225.0,1302.8,1302.8,1105.9,23381.6,1276.0,2100,900,16,31173832.5,15,F1,75,,,,,
2025-02-10,2025-02-10,FO,NSE,IDO,63611,,NIFTY,,2025-02-20,2025-02-20,23300.0,PE,NIFTY2522023300PE,116.95,196.0,104.4,162.75,165.5,116.65,23381.6,162.75,327225,95925,19412,34170275040.0,12092,F1,75,,,,,
2025-02-10,2025-02-10,FO,NSE,IDO,63609,,NIFTY,,2025-02-20,2025-02-20,23250.0,PE,NIFTY2522023250PE,105.0,174.95,105.0,143.6,145.75,103.1,23381.6,143.6,66825,825,4164,7308445537.5,2728,F1,75,,,,,
2025-02-10,2025-02-10,FO,NSE,IDO,63525,,NIFTY,,2025-02-20,2025-02-20,22950.0,PE,NIFTY2522022950PE,54.7,85.1,53.45,66.65,68.35,47.0,23381.6,66.65,39225,-5850,4618,7972960368.75,3211,F1,75,,,,,
2025-02-10,2025-02-10,FO,NSE,IDO,63298,,NIFTY,,2025-02-20,2025-02-20,22050.0,PE,NIFTY2522022050PE,3.7,6.45,3.7,4.65,4.9,4.9,23381.6,4.65,13500,7500,762,1260453026.25,502,F1,75,,,,,
2025-02-10,2025-02-10,FO,NSE,IDO,63282,,NIFTY,,2025-02-20,2025-02-20,21850.0,PE,NIFTY2522021850PE,4.8,4.8,2.8,3.2,3.35,3.85,23381.6,3.2,19200,14325,789,1293175218.75,441,F1,75,,,,,
2025-02-10,2025-02-10,FO,NSE,IDO,63205,,NIFTY,,2025-02-20,2025-02-20,21400.0,PE,NIFTY2522021400PE,2.75,2.85,2.15,2.35,2.35,2.75,23381.6,2.35,101850,90825,3496,5611708556.25,1892,F1,75,,,,,
2025-02-10,2025-02-10,FO,NSE,IDO,63109,,NIFTY,,2025-02-20,2025-02-20,21250.0,PE,NIFTY2522021250PE,2.0,2.55,2.0,2.1,2.1,2.6,23381.6,2.1,15000,2400,113,180113092.5,45,F1,75,,,,,
2025-02-10,2025-02-10,FO,NSE,IDO,51258,,NIFTY,,2025-02-13,2025-02-13,24100.0,PE,NIFTY2521324100PE,587.95,762.55,587.95,691.05,694.6,541.2,23381.6,691.05,114525,-1050,1004,1866748132.5,610,F1,75,,,,,
2025-02-10,2025-02-10,FO,NSE,IDO,51172,,NIFTY,,2025-02-13,2025-02-13,22650.0,PE,NIFTY2521322650PE,3.25,8.1,2.95,3.65,3.8,3.8,23381.6,3.65,1150950,356325,358938,609883276983.75,113665,F1,75,,,,,
2025-02-10,2025-02-10,FO,NSE,IDO,51148,,NIFTY,,2025-02-13,2025-02-13,22250.0,PE,NIFTY2521322250PE,1.7,2.1,0.95,1.1,1.0,1.7,23381.6,1.1,342150,128100,47461,79205884443.75,14895,F1,75,,,,,
2025-02-10,2025-02-10,FO,NSE,IDO,61858,,NIFTY,,2029-12-27,2029-12-27,28000.0,CE,NIFTY29DEC28000CE,0.0,0.0,0.0,5741.5,0.0,5741.5,23381.6,4352.55,0,0,0,0.0,0,F1,75,,,,,
2025-02-10,2025-02-10,FO,NSE,IDO,89632,,NIFTY,,2029-06-28,2029-06-28,25000.0,CE,NIFTY29JUN25000CE,0.0,0.0,0.0,7557.7,0.0,7557.7,23381.6,5319.1,0,0,0,0.0,0,F1,75,,,,,
2025-02-10,2025-02-10,FO,NSE,IDO,89626,,NIFTY,,2029-06-28,2029-06-28,22000.0,CE,NIFTY29JUN22000CE,0.0,0.0,0.0,9207.9,0.0,9207.9,23381.6,7126.8,0,0,0,0.0,0,F1,75,,,,,
2025-02-10,2025-02-10,FO,NSE,IDO,89614,,NIFTY,,2029-06-28,2029-06-28,19000.0,CE,NIFTY29JUN19000CE,0.0,0.0,0.0,11036.95,0.0,11036.95,23381.6,9173.65,0,0,0,0.0,0,F1,75,,,,,
2025-02-10,2025-02-10,FO,NSE,IDO,86167,,NIFTY,,2028-06-29,2028-06-29,29000.0,CE,NIFTY28JUN29000CE,0.0,0.0,0.0,2333.25,0.0,2333.25,23381.6,2355.5,0,0,0,0.0,0,F1,75,,,,,
2025-02-10,2025-02-10,FO,NSE,IDO,53603,,NIFTY,,2027-12-30,2027-12-30,18000.0,CE,NIFTY27DEC18000CE,0.0,0.0,0.0,6285.7,0.0,6285.7,23381.6,8499.4,0,0,0,0.0,0,F1,75,,,,,
2025-02-10,2025-02-10,FO,NSE,IDO,50978,,NIFTY,,2026-12-31,2026-12-31,27000.0,CE,NIFTY26DEC27000CE,0.0,0.0,0.0,1651.65,0.0,1651.65,23381.6,1504.5,0,0,0,0.0,0,F1,75,,,,,
2025-02-10,2025-02-10,FO,NSE,IDO,38154,,NIFTY,,2026-06-25,2026-06-25,29000.0,CE,NIFTY26JUN29000CE,0.0,0.0,0.0,864.2,0.0,864.2,23381.6,470.95,0,0,0,0.0,0,F1,75,,,,,
2025-02-10,2025-02-10,FO,NSE,IDO,51453,,NIFTY,,2026-06-25,2026-06-25,21000.0,CE,NIFTY26JUN21000CE,0.0,0.0,0.0,3881.9,0.0,3881.9,23381.6,4341.05,0,0,0,0.0,0,F1,75,,,,,
2025-02-10,2025-02-10,FO,NSE,IDO,38378,,NIFTY,,2026-06-25,2026-06-25,20000.0,CE,NIFTY26JUN20000CE,0.0,0.0,0.0,3829.5,0.0,3829.5,23381.6,5169.6,0,0,0,0.0,0,F1,75,,,,,
2025-02-10,2025-02-10,FO,NSE,IDO,51451,,NIFTY,,2025-12-24,2025-12-24,21000.0,CE,NIFTY25DEC21000CE,0.0,0.0,0.0,4000.0,4000.0,4000.0,23381.6,3656.1,10075,0,0,0.0,0,F1,75,,,,,
2025-02-10,2025-02-10,FO,NSE,IDO,36688,,NIFTY,,2025-12-24,2025-12-24,19500.0,CE,NIFTY25DEC19500CE,0.0,0.0,0.0,4900.0,4900.0,4900.0,23381.6,4981.1,1525,0,0,0.0,0,F1,75,,,,,
2025-02-10,2025-02-10,FO,NSE,IDO,38373,,NIFTY,,2025-06-26,2025-06-26,20000.0,CE,NIFTY25JUN20000CE,4775.0,4775.0,4775.0,4775.0,4775.0,4160.0,23381.6,3868.9,3225,-75,1,1858125.0,1,F1,75,,,,,
2025-02-10,2025-02-10,FO,NSE,IDO,79750,,NIFTY,,2025-04-24,2025-04-24,25500.0,CE,NIFTY25APR25500CE,72.0,76.2,58.45,62.25,63.4,76.35,23381.6,62.25,36975,14475,824,1579890581.25,503,F1,75,,,,,
2025-02-10,2025-02-10,FO,NSE,IDO,79746,,NIFTY,,2025-04-24,2025-04-24,25400.0,CE,NIFTY25APR25400CE,0.0,0.0,0.0,178.95,0.0,178.95,23381.6,89.2,0,0,0,0.0,0,F1,75,,,,,
2025-02-10,2025-02-10,FO,NSE,IDO,79490,,NIFTY,,2025-04-24,2025-04-24,23450.0,CE,NIFTY25APR23450CE,851.1,851.1,697.75,721.15,721.15,965.25,23381.6,684.45,4725,225,28,50787540.0,15,F1,75,,,,,
2025-02-10,2025-02-10,FO,NSE,IDO,79403,,NIFTY,,2025-04-24,2025-04-24,22700.0,CE,NIFTY25APR22700CE,0.0,0.0,0.0,1520.0,1517.95,1520.0,23381.6,1169.75,9975,0,0,0.0,0,F1,75,,,,,
2025-02-10,2025-02-10,FO,NSE,IDO,79386,,NIFTY,,2025-04-24,2025-04-24,22400.0,CE,NIFTY25APR22400CE,0.0,0.0,0.0,1474.75,0.0,1474.75,23381.6,1401.8,0,0,0,0.0,0,F1,75,,,,,
2025-02-10,2025-02-10,FO,NSE,IDO,55199,,NIFTY,,2025-03-27,2025-03-27,24350.0,CE,NIFTY25MAR24350CE,165.0,165.0,142.0,152.25,153.15,188.15,23381.6,152.25,15900,-3300,74,136002067.5,53,F1,75,,,,,
2025-02-10,2025-02-10,FO,NSE,IDO,51399,,NIFTY,,2025-03-27,2025-03-27,23500.0,CE,NIFTY25MAR23500CE,567.0,571.5,474.35,507.75,501.65,591.65,23381.6,507.75,572625,43050,5830,10498687886.25,4176,F1,75,,,,,
2025-02-10,2025-02-10,FO,NSE,IDO,51120,,NIFTY,,2025-03-27,2025-03-27,23350.0,CE,NIFTY25MAR23350CE,620.6,620.6,561.8,595.2,594.8,688.55,23381.6,595.2,14250,4575,123,220825042.5,116,F1,75,,,,,
2025-02-10,2025-02-10,FO,NSE,IDO,47014,,NIFTY,,2025-03-27,2025-03-27,22550.0,CE,NIFTY25MAR22550CE,0.0,0.0,0.0,1808.05,0.0,1808.05,23381.6,1113.6,0,0,0,0.0,0,F1,75,,,,,
2025-02-10,2025-02-10,FO,NSE,IDO,46958,,NIFTY,,2025-03-27,2025-03-27,22100.0,CE,NIFTY25MAR22100CE,0.0,0.0,0.0,2173.55,0.0,2173.55,23381.6,1500.85,0,0,0,0.0,0,F1,75,,,,,
2025-02-10,2025-02-10,FO,NSE,IDO,45478,,NIFTY,,2025-03-13,2025-03-13,22750.0,CE,NIFTY2531322750CE,0.0,0.0,0.0,1133.65,0.0,1133.65,23381.6,858.4,0,0,0,0.0,0,F1,75,,,,,
2025-02-10,2025-02-10,FO,NSE,IDO,45460,,NIFTY,,2025-03-13,2025-03-13,22350.0,CE,NIFTY2531322350CE,0.0,0.0,0.0,1469.75,0.0,1469.75,23381.6,1196.35,0,0,0,0.0,0,F1,75,,,,,
2025-02-10,2025-02-10,FO,NSE,IDO,45458,,NIFTY,,2025-03-13,2025-03-13,22300.0,CE,NIFTY2531322300CE,0.0,0.0,0.0,1513.95,0.0,1513.95,23381.6,1241.25,0,0,0,0.0,0,F1,75,,,,,
2025-02-10,2025-02-10,FO,NSE,IDO,45438,,NIFTY,,2025-03-13,2025-03-13,21950.0,CE,NIFTY2531321950CE,0.0,0.0,0.0,1833.3,0.0,1833.3,23381.6,1566.85,0,0,0,0.0,0,F1,75,,,,,
2025-02-10,2025-02-10,FO,NSE,IDO,68654,,NIFTY,,2025-03-06,2025-03-06,25000.0,CE,NIFTY2530625000CE,16.8,17.0,12.9,13.8,14.25,18.05,23381.6,13.8,20250,-1575,290,544064130.0,173,F1,75,,,,,
2025-02-10,2025-02-10,FO,NSE,IDO,68578,,NIFTY,,2025-03-06,2025-03-06,23600.0,CE,NIFTY2530623600CE,295.55,302.75,258.0,278.7,281.0,353.1,23381.6,278.7,10200,1350,66,118189608.75,48,F1,75,,,,,
2025-02-10,2025-02-10,FO,NSE,IDO,68474,,NIFTY,,2025-03-06,2025-03-06,23150.0,CE,NIFTY2530623150CE,0.0,0.0,0.0,641.3,0.0,641.3,23381.6,512.05,0,0,0,0.0,0,F1,75,,,,,
2025-02-10,2025-02-10,FO,NSE,IDO,68434,,NIFTY,,2025-03-06,2025-03-06,22400.0,CE,NIFTY2530622400CE,0.0,0.0,0.0,1145.0,0.0,1145.0,23381.6,1108.4,0,0,0,0.0,0,F1,75,,,,,
2025-02-10,2025-02-10,FO,NSE,IDO,68415,,NIFTY,,2025-03-06,2025-03-06,21950.0,CE,NIFTY2530621950CE,0.0,0.0,0.0,1514.35,0.0,1514.35,23381.6,1532.75,0,0,0,0.0,0,F1,75,,,,,
2025-02-10,2025-02-10,FO,NSE,IDO,68407,,NIFTY,,2025-03-06,2025-03-06,21800.0,CE,NIFTY2530621800CE,0.0,0.0,0.0,1645.85,0.0,1645.85,23381.6,1678.95,0,0,0,0.0,0,F1,75,,,,,
2025-02-10,2025-02-10,FO,NSE,IDO,68395,,NIFTY,,2025-03-06,2025-03-06,21500.0,CE,NIFTY2530621500CE,0.0,0.0,0.0,1918.4,0.0,1918.4,23381.6,1974.6,0,0,0,0.0,0,F1,75,,,,,
2025-02-10,2025-02-10,FO,NSE,IDO,57627,,NIFTY,,2025-02-27,2025-02-27,24650.0,CE,NIFTY25FEB24650CE,17.2,17.2,10.8,11.8,11.85,17.75,23381.6,11.8,48375,-66000,2386,4413439882.5,1784,F1,75,,,,,
2025-02-10,2025-02-10,FO,NSE,IDO,57621,,NIFTY,,2025-02-27,2025-02-27,24500.0,CE,NIFTY25FEB24500CE,25.9,28.4,15.0,16.95,16.6,26.65,23381.6,16.95,3925200,-57150,49693,91379434830.0,21784,F1,75,,,,,
2025-02-10,2025-02-10,FO,NSE,IDO,55633,,NIFTY,,2025-02-27,2025-02-27,22850.0,CE,NIFTY25FEB22850CE,673.25,698.95,642.8,698.95,698.95,841.65,23381.6,698.95,15525,75,7,12346057.5,7,F1,75,,,,,
2025-02-10,2025-02-10,FO,NSE,IDO,55625,,NIFTY,,2025-02-27,2025-02-27,22650.0,CE,NIFTY25FEB22650CE,0.0,0.0,0.0,1171.25,1171.25,1171.25,23381.6,837.8,15225,0,0,0.0,0,F1,75,,,,,
2025-02-10,2025-02-10,FO,NSE,IDO,55613,,NIFTY,,2025-02-27,2025-02-27,22350.0,CE,NIFTY25FEB22350CE,0.0,0.0,0.0,1060.0,1060.0,1060.0,23381.6,1112.7,1350,0,0,0.0,0,F1,75,,,,,
2025-02-10,2025-02-10,FO,NSE,IDO,55559,,NIFTY,,2025-02-27,2025-02-27,21100.0,CE,NIFTY25FEB21100CE,0.0,0.0,0.0,2650.0,2650.0,2650.0,23381.6,2345.4,2550,0,0,0.0,0,F1,75,,,,,
2025-02-10,2025-02-10,FO,NSE,IDO,63809,,NIFTY,,2025-02-20,2025-02-20,25000.0,CE,NIFTY2522025000CE,4.0,4.1,2.55,2.85,2.6,3.9,23381.6,2.85,475425,193800,11335,21255550965.0,3868,F1,75,,,,,
2025-02-10,2025-02-10,FO,NSE,IDO,63743,,NIFTY,,2025-02-20,2025-02-20,24700.0,CE,NIFTY2522024700CE,6.55,6.9,3.7,3.95,3.8,7.15,23381.6,3.95,220725,56250,6878,12743821665.0,2928,F1,75,,,,,
2025-02-10,2025-02-10,FO,NSE,IDO,45434,,NIFTY,,2025-03-13,2025-03-13,21850.0,PE,NIFTY2531321850PE,0.0,0.0,0.0,20.0,20.0,20.0,23381.6,10.7,75,0,0,0.0,0,F1,75,,,,,
2025-02-10,2025-02-10,FO,NSE,IDO,79445,,NIFTY,,2025-04-24,2025-04-24,23300.0,PE,NIFTY25APR23300PE,375.8,387.0,358.1,365.0,368.0,321.0,23381.6,365.0,13050,-150,37,65697900.0,23,F1,75,,,,,
2025-02-10,2025-02-10,FO,NSE,IDO,79393,,NIFTY,,2025-04-24,2025-04-24,22500.0,PE,NIFTY25APR22500PE,158.0,181.35,154.7,165.85,166.4,148.85,23381.6,165.85,322425,175125,3432,5835782587.5,1973,F1,75,,,,,
2025-02-10,2025-02-10,FO,NSE,IDO,79381,,NIFTY,,2025-04-24,2025-04-24,22250.0,PE,NIFTY25APR22250PE,0.0,0.0,0.0,216.1,0.0,216.1,23381.6,105.65,0,0,0,0.0,0,F1,75,,,,,
2025-02-10,2025-02-10,FO,NSE,IDO,58792,,NIFTY,,2025-03-27,2025-03-27,25850.0,PE,NIFTY25MAR25850PE,0.0,0.0,0.0,1865.25,0.0,1865.25,23381.6,2273.3,0,0,0,0.0,0,F1,75,,,,,
2025-02-10,2025-02-10,FO,NSE,IDO,47041,,NIFTY,,2025-03-27,2025-03-27,22750.0,PE,NIFTY25MAR22750PE,174.55,179.0,164.2,164.2,164.2,135.45,23381.6,164.2,2775,75,5,8596263.75,4,F1,75,,,,,
2025-02-10,2025-02-10,FO,NSE,IDO,64563,,NIFTY,,2025-03-27,2025-03-27,22000.0,PE,NIFTY25MAR22000PE,53.95,70.7,53.95,64.05,65.5,52.65,23381.6,64.05,2334850,173075,12602,20854821817.5,6689,F1,75,,,,,
2025-02-10,2025-02-10,FO,NSE,IDO,46867,,NIFTY,,2025-03-27,2025-03-27,21300.0,PE,NIFTY25MAR21300PE,22.95,29.2,22.9,26.65,27.1,22.95,23381.6,26.65,32475,2625,351,561426735.0,198,F1,75,,,,,
2025-02-10,2025-02-10,FO,NSE,IDO,45609,,NIFTY,,2025-03-13,2025-03-13,24550.0,PE,NIFTY2531324550PE,0.0,0.0,0.0,965.0,0.0,965.0,23381.6,1097.55,0,0,0,0.0,0,F1,75,,,,,
2025-02-10,2025-02-10,FO,NSE,IDO,45592,,NIFTY,,2025-03-13,2025-03-13,24350.0,PE,NIFTY2531324350PE,0.0,0.0,0.0,820.6,0.0,820.6,23381.6,929.5,0,0,0,0.0,0,F1,75,,,,,
2025-02-10,2025-02-10,FO,NSE,IDO,45439,,NIFTY,,2025-03-13,2025-03-13,21950.0,PE,NIFTY2531321950PE,0.0,0.0,0.0,27.25,0.0,27.25,23381.6,14.4,0,0,0,0.0,0,F1,75,,,,,
2025-02-10,2025-02-10,FO,NSE,IDO,68871,,NIFTY,,2025-03-06,2025-03-06,25450.0,PE,NIFTY2530625450PE,0.0,0.0,0.0,2068.55,0.0,2068.55,23381.6,1962.7,0,0,0,0.0,0,F1,75,,,,,
2025-02-10,2025-02-10,FO,NSE,IDO,68646,,NIFTY,,2025-03-06,2025-03-06,24900.0,PE,NIFTY2530624900PE,0.0,0.0,0.0,1571.95,0.0,1571.95,23381.6,1427.55,0,0,0,0.0,0,F1,75,,,,,
2025-02-10,2025-02-10,FO,NSE,IDO,68634,,NIFTY,,2025-03-06,2025-03-06,24800.0,PE,NIFTY2530624800PE,0.0,0.0,0.0,1485.85,0.0,1485.85,23381.6,1332.85,0,0,0,0.0,0,F1,75,,,,,
2025-02-10,2025-02-10,FO,NSE,IDO,68619,,NIFTY,,2025-03-06,2025-03-06,24500.0,PE,NIFTY2530624500PE,0.0,0.0,0.0,1237.75,0.0,1237.75,23381.6,1057.6,0,0,0,0.0,0,F1,75,,,,,
2025-02-10,2025-02-10,FO,NSE,IDO,68613,,NIFTY,,2025-03-06,2025-03-06,24350.0,PE,NIFTY2530624350PE,0.0,0.0,0.0,1120.3,0.0,1120.3,23381.6,926.75,0,0,0,0.0,0,F1,75,,,,,
2025-02-10,2025-02-10,FO,NSE,IDO,51067,,NIFTY,,2025-02-13,2025-02-13,21300.0,CE,NIFTY2521321300CE,0.0,0.0,0.0,2382.65,0.0,2382.65,23381.6,2093.0,0,0,0,0.0,0,F1,75,,,,,
2025-02-10,2025-02-10,FO,NSE,IDO,51085,,NIFTY,,2025-02-13,2025-02-13,21400.0,CE,NIFTY2521321400CE,0.0,0.0,0.0,2285.45,0.0,2285.45,23381.6,1993.05,0,0,0,0.0,0,F1,75,,,,,
2025-02-10,2025-02-10,FO,NSE,IDO,51101,,NIFTY,,2025-02-13,2025-02-13,21700.0,CE,NIFTY2521321700CE,0.0,0.0,0.0,2048.0,2048.0,2048.0,23381.6,1693.2,150,0,0,0.0,0,F1,75,,,,,
2025-02-10,2025-02-10,FO,NSE,IDO,51141,,NIFTY,,2025-02-13,2025-02-13,22100.0,CE,NIFTY2521322100CE,0.0,0.0,0.0,1577.0,1577.0,1577.0,23381.6,1293.4,2850,0,0,0.0,0,F1,75,,,,,
2025-02-10,2025-02-10,FO,NSE,IDO,51184,,NIFTY,,2025-02-13,2025-02-13,22950.0,CE,NIFTY2521322950CE,565.0,581.65,419.55,481.8,481.4,632.45,23381.6,481.8,15825,10275,1177,2067771108.75,714,F1,75,,,,,
2025-02-10,2025-02-10,FO,NSE,IDO,51253,,NIFTY,,2025-02-13,2025-02-13,24050.0,CE,NIFTY2521324050CE,22.0,22.0,5.8,6.9,7.0,18.65,23381.6,6.9,4613025,1852350,456053,822892592876.25,148488,F1,75,,,,,
2025-02-10,2025-02-10,FO,NSE,IDO,51261,,NIFTY,,2025-02-13,2025-02-13,24200.0,CE,NIFTY2521324200CE,8.9,8.9,2.95,3.4,3.25,8.75,23381.6,3.4,6674250,1521525,714903,1297770404501.25,211472,F1,75,,,,,
2025-02-10,2025-02-10,FO,NSE,IDO,51323,,NIFTY,,2025-02-13,2025-02-13,25300.0,CE,NIFTY2521325300CE,1.1,1.15,0.85,1.05,1.05,1.1,23381.6,1.05,3842400,944475,98889,187649413365.0,21161,F1,75,,,,,
2025-02-10,2025-02-10,FO,NSE,IDO,63357,,NIFTY,,2025-02-20,2025-02-20,22350.0,CE,NIFTY2522022350CE,0.0,0.0,0.0,1217.7,0.0,1217.7,23381.6,1074.65,0,0,0,0.0,0,F1,75,,,,,
2025-02-10,2025-02-10,FO,NSE,IDO,63361,,NIFTY,,2025-02-20,2025-02-20,22450.0,CE,NIFTY2522022450CE,0.0,0.0,0.0,1136.55,0.0,1136.55,23381.6,977.15,0,0,0,0.0,0,F1,75,,,,,
2025-02-10,2025-02-10,FO,NSE,IDO,63522,,NIFTY,,2025-02-20,2025-02-20,22900.0,CE,NIFTY2522022900CE,670.0,670.0,543.3,592.4,587.9,734.05,23381.6,592.4,9375,600,119,209583420.0,76,F1,75,,,,,
2025-02-10,2025-02-10,FO,NSE,IDO,63532,,NIFTY,,2025-02-20,2025-02-20,23050.0,CE,NIFTY2522023050CE,513.0,513.0,425.95,480.75,476.95,532.95,23381.6,480.75,1350,-375,82,144549641.25,55,F1,75,,,,,
2025-02-10,2025-02-10,FO,NSE,IDO,63610,,NIFTY,,2025-02-20,2025-02-20,23300.0,CE,NIFTY2522023300CE,380.0,380.0,260.55,297.85,298.9,406.6,23381.6,297.85,141150,81150,9796,17335165886.25,6506,F1,75,,,,,
2025-02-10,2025-02-10,FO,NSE,IDO,63692,,NIFTY,,2025-02-20,2025-02-20,24250.0,CE,NIFTY2522024250CE,30.0,30.0,13.5,16.05,15.75,29.1,23381.6,16.05,107625,27225,8007,14573086177.5,5328,F1,75,,,,,
2025-02-10,2025-02-10,FO,NSE,IDO,63719,,NIFTY,,2025-02-20,2025-02-20,24550.0,CE,NIFTY2522024550CE,7.4,9.6,5.3,5.8,5.95,11.3,23381.6,5.8,44550,-1050,2387,4396240413.75,1497,F1,75,,,,,
2025-02-10,2025-02-10,FO,NSE,IDO,63729,,NIFTY,,2025-02-20,2025-02-20,24650.0,CE,NIFTY2522024650CE,7.05,7.35,4.15,4.45,4.55,7.9,23381.6,4.45,49500,42975,2091,3866496750.0,1124,F1,75,,,,,
2025-02-10,2025-02-10,FO,NSE,IDO,63811,,NIFTY,,2025-02-20,2025-02-20,25050.0,CE,NIFTY2522025050CE,3.15,3.15,2.5,2.65,2.55,3.6,23381.6,2.65,6150,1950,218,409612046.25,100,F1,75,,,,,
2025-02-10,2025-02-10,FO,NSE,IDO,63904,,NIFTY,,2025-02-20,2025-02-20,25200.0,CE,NIFTY2522025200CE,2.95,2.95,2.1,2.5,2.1,3.05,23381.6,2.5,59325,12525,1256,2374071558.75,534,F1,75,,,,,
2025-02-10,2025-02-10,FO,NSE,IDO,64001,,NIFTY,,2025-02-20,2025-02-20,25450.0,CE,NIFTY2522025450CE,2.05,2.4,2.0,2.3,2.4,2.45,23381.6,2.3,41475,36900,780,1488952503.75,192,F1,75,,,,,
2025-02-10,2025-02-10,FO,NSE,IDO,55601,,NIFTY,,2025-02-27,2025-02-27,22050.0,CE,NIFTY25FEB22050CE,0.0,0.0,0.0,1591.1,1591.1,1591.1,23381.6,1402.3,375,0,0,0.0,0,F1,75,,,,,
2025-02-10,2025-02-10,FO,NSE,IDO,55615,,NIFTY,,2025-02-27,2025-02-27,22400.0,CE,NIFTY25FEB22400CE,1150.0,1154.6,1037.0,1086.0,1086.0,1207.9,23381.6,1065.55,22875,-225,26,45809591.25,26,F1,75,,,,,
2025-02-10,2025-02-10,FO,NSE,IDO,55623,,NIFTY,,2025-02-27,2025-02-27,22600.0,CE,NIFTY25FEB22600CE,992.0,992.0,848.0,912.4,910.0,1064.3,23381.6,912.4,24900,150,60,105687637.5,29,F1,75,,,,,
2025-02-10,2025-02-10,FO,NSE,IDO,55643,,NIFTY,,2025-02-27,2025-02-27,23100.0,CE,NIFTY25FEB23100CE,588.95,588.95,457.4,502.25,507.05,623.1,23381.6,502.25,411975,28275,1555,2752435245.0,1269,F1,75,,,,,
2025-02-10,2025-02-10,FO,NSE,IDO,55647,,NIFTY,,2025-02-27,2025-02-27,23200.0,CE,NIFTY25FEB23200CE,499.9,508.5,391.6,433.0,425.1,548.65,23381.6,433.0,747750,24300,4302,7624578180.0,3083,F1,75,,,,,
2025-02-10,2025-02-10,FO,NSE,IDO,57665,,NIFTY,,2025-02-27,2025-02-27,25550.0,CE,NIFTY25FEB25550CE,4.65,4.65,3.8,3.85,3.9,4.95,23381.6,3.85,13125,-900,111,212738055.0,39,F1,75,,,,,
2025-02-10,2025-02-10,FO,NSE,IDO,57691,,NIFTY,,2025-02-27,2025-02-27,26200.0,CE,NIFTY25FEB26200CE,3.3,3.3,2.7,3.15,3.15,3.65,23381.6,3.15,70650,5475,303,595465087.5,113,F1,75,,,,,
2025-02-10,2025-02-10,FO,NSE,IDO,68403,,NIFTY,,2025-03-06,2025-03-06,21700.0,CE,NIFTY2530621700CE,0.0,0.0,0.0,1735.4,0.0,1735.4,23381.6,1777.15,0,0,0,0.0,0,F1,75,,,,,
2025-02-10,2025-02-10,FO,NSE,IDO,68419,,NIFTY,,2025-03-06,2025-03-06,22050.0,CE,NIFTY2530622050CE,0.0,0.0,0.0,1428.75,0.0,1428.75,23381.6,1436.25,0,0,0,0.0,0,F1,75,,,,,
2025-02-10,2025-02-10,FO,NSE,IDO,68456,,NIFTY,,2025-03-06,2025-03-06,22750.0,CE,NIFTY2530622750CE,0.0,0.0,0.0,890.15,0.0,890.15,23381.6,806.2,0,0,0,0.0,0,F1,75,,,,,
2025-02-10,2025-02-10,FO,NSE,IDO,68592,,NIFTY,,2025-03-06,2025-03-06,23950.0,CE,NIFTY2530623950CE,0.0,0.0,0.0,188.3,188.3,188.3,23381.6,144.2,0,0,0,0.0,0,F1,75,,,,,
2025-02-10,2025-02-10,FO,NSE,IDO,68596,,NIFTY,,2025-03-06,2025-03-06,24050.0,CE,NIFTY2530624050CE,0.0,0.0,0.0,156.55,156.55,156.55,23381.6,118.5,1800,0,0,0.0,0,F1,75,,,,,
2025-02-10,2025-02-10,FO,NSE,IDO,68600,,NIFTY,,2025-03-06,2025-03-06,24150.0,CE,NIFTY2530624150CE,0.0,0.0,0.0,220.0,220.0,220.0,23381.6,96.45,525,0,0,0.0,0,F1,75,,,,,
2025-02-10,2025-02-10,FO,NSE,IDO,68664,,NIFTY,,2025-03-06,2025-03-06,25100.0,CE,NIFTY2530625100CE,11.15,12.15,9.65,9.85,9.8,11.0,23381.6,9.85,11550,9900,183,344647548.75,51,F1,75,,,,,
2025-02-10,2025-02-10,FO,NSE,IDO,45433,,NIFTY,,2025-03-13,2025-03-13,21850.0,CE,NIFTY2531321850CE,0.0,0.0,0.0,1927.25,0.0,1927.25,23381.6,1662.6,0,0,0,0.0,0,F1,75,,,,,
2025-02-10,2025-02-10,FO,NSE,IDO,45490,,NIFTY,,2025-03-13,2025-03-13,23050.0,CE,NIFTY2531323050CE,0.0,0.0,0.0,906.1,0.0,906.1,23381.6,637.2,0,0,0,0.0,0,F1,75,,,,,
2025-02-10,2025-02-10,FO,NSE,IDO,45492,,NIFTY,,2025-03-13,2025-03-13,23100.0,CE,NIFTY2531323100CE,0.0,0.0,0.0,870.65,0.0,870.65,23381.6,603.6,0,0,0,0.0,0,F1,75,,,,,
2025-02-10,2025-02-10,FO,NSE,IDO,45550,,NIFTY,,2025-03-13,2025-03-13,24000.0,CE,NIFTY2531324000CE,177.5,200.4,155.45,172.5,172.5,223.85,23381.6,176.75,2325,1200,44,79780950.0,36,F1,75,,,,,
2025-02-10,2025-02-10,FO,NSE,IDO,45564,,NIFTY,,2025-03-13,2025-03-13,24200.0,CE,NIFTY2531324200CE,0.0,0.0,0.0,292.2,0.0,292.2,23381.6,125.35,0,0,0,0.0,0,F1,75,,,,,
2025-02-10,2025-02-10,FO,NSE,IDO,45590,,NIFTY,,2025-03-13,2025-03-13,24350.0,CE,NIFTY2531324350CE,0.0,0.0,0.0,243.35,0.0,243.35,23381.6,95.15,0,0,0,0.0,0,F1,75,,,,,
2025-02-10,2025-02-10,FO,NSE,IDO,45644,,NIFTY,,2025-03-13,2025-03-13,25100.0,CE,NIFTY2531325100CE,37.3,37.3,14.35,14.35,14.35,85.65,23381.6,18.9,450,450,11,20724483.75,9,F1,75,,,,,
2025-02-10,2025-02-10,FO,NSE,IDO,46866,,NIFTY,,2025-03-27,2025-03-27,21300.0,CE,NIFTY25MAR21300CE,0.0,0.0,0.0,2880.8,0.0,2880.8,23381.6,2257.7,0,0,0,0.0,0,F1,75,,,,,
2025-02-10,2025-02-10,FO,NSE,IDO,46926,,NIFTY,,2025-03-27,2025-03-27,21850.0,CE,NIFTY25MAR21850CE,0.0,0.0,0.0,2387.7,0.0,2387.7,23381.6,1730.7,0,0,0,0.0,0,F1,75,,,,,
2025-02-10,2025-02-10,FO,NSE,IDO,64562,,NIFTY,,2025-03-27,2025-03-27,22000.0,CE,NIFTY25MAR22000CE,1741.05,1741.75,1592.15,1658.05,1660.0,1793.1,23381.6,1658.05,425800,1650,276,489651641.25,223,F1,75,,,,,
2025-02-10,2025-02-10,FO,NSE,IDO,51477,,NIFTY,,2025-03-27,2025-03-27,23700.0,CE,NIFTY25MAR23700CE,440.45,450.7,370.4,398.55,397.0,475.6,23381.6,398.55,130800,17625,1222,2209049002.5,760,F1,75,,,,,
2025-02-10,2025-02-10,FO,NSE,IDO,56866,,NIFTY,,2025-03-27,2025-03-27,25050.0,CE,NIFTY25MAR25050CE,46.35,46.35,41.1,44.25,44.1,61.3,23381.6,44.25,8625,1725,177,333131598.75,93,F1,75,,,,,
2025-02-10,2025-02-10,FO,NSE,IDO,59769,,NIFTY,,2025-03-27,2025-03-27,25950.0,CE,NIFTY25MAR25950CE,17.95,17.95,15.05,15.05,15.05,17.2,23381.6,9.0,4575,600,12,23369790.0,6,F1,75,,,,,
2025-02-10,2025-02-10,FO,NSE,IDO,64572,,NIFTY,,2025-03-27,2025-03-27,26000.0,CE,NIFTY25MAR26000CE,15.55,17.0,14.0,14.6,14.7,16.4,23381.6,14.6,1568200,-5525,3190,6223984323.75,1589,F1,75,,,,,
2025-02-10,2025-02-10,FO,NSE,IDO,79258,,NIFTY,,2025-04-24,2025-04-24,21550.0,CE,NIFTY25APR21550CE,0.0,0.0,0.0,2155.35,0.0,2155.35,23381.6,2143.55,0,0,0,0.0,0,F1,75,,,,,
2025-02-10,2025-02-10,FO,NSE,IDO,79270,,NIFTY,,2025-04-24,2025-04-24,21850.0,CE,NIFTY25APR21850CE,0.0,0.0,0.0,1902.55,0.0,1902.55,23381.6,1870.4,0,0,0,0.0,0,F1,75,,,,,
2025-02-10,2025-02-10,FO,NSE,IDO,79509,,NIFTY,,2025-04-24,2025-04-24,23700.0,CE,NIFTY25APR23700CE,599.5,599.5,562.35,579.0,583.35,661.3,23381.6,579.0,3300,375,26,47342141.25,21,F1,75,,,,,
2025-02-10,2025-02-10,FO,NSE,IDO,79513,,NIFTY,,2025-04-24,2025-04-24,23800.0,CE,NIFTY25APR23800CE,550.0,553.8,514.0,539.15,539.15,614.5,23381.6,509.8,3225,-375,57,104003010.0,21,F1,75,,,,,
2025-02-10,2025-02-10,FO,NSE,IDO,79725,,NIFTY,,2025-04-24,2025-04-24,25000.0,CE,NIFTY25APR25000CE,158.25,158.25,120.0,129.3,126.5,158.25,23381.6,129.3,138375,15750,1144,2156163397.5,789,F1,75,,,,,
2025-02-10,2025-02-10,FO,NSE,IDO,79737,,NIFTY,,2025-04-24,2025-04-24,25250.0,CE,NIFTY25APR25250CE,108.0,108.0,84.0,91.35,91.35,108.0,23381.6,91.35,7350,-1125,37,70312417.5,18,F1,75,,,,,
2025-02-10,2025-02-10,FO,NSE,IDO,79739,,NIFTY,,2025-04-24,2025-04-24,25300.0,CE,NIFTY25APR25300CE,0.0,0.0,0.0,118.55,118.55,118.55,23381.6,101.4,1575,0,0,0.0,0,F1,75,,,,,
2025-02-10,2025-02-10,FO,NSE,IDO,71381,,NIFTY,,2025-06-26,2025-06-26,25000.0,CE,NIFTY25JUN25000CE,380.05,391.35,332.0,343.4,341.0,389.45,23381.6,343.4,774400,10975,2291,4355197848.75,1801,F1,75,,,,,
2025-02-10,2025-02-10,FO,NSE,IDO,35219,,NIFTY,,2025-06-26,2025-06-26,30000.0,CE,NIFTY25JUN30000CE,14.6,14.6,12.0,14.25,14.15,15.95,23381.6,14.25,19050,1650,41,92289941.25,14,F1,75,,,,,
2025-02-10,2025-02-10,FO,NSE,IDO,64686,,NIFTY,,2025-09-25,2025-09-25,21000.0,CE,NIFTY25SEP21000CE,0.0,0.0,0.0,6742.1,0.0,6742.1,23381.6,3299.85,0,0,0,0.0,0,F1,75,,,,,
2025-02-10,2025-02-10,FO,NSE,IDO,64694,,NIFTY,,2025-09-25,2025-09-25,25000.0,CE,NIFTY25SEP25000CE,0.0,0.0,0.0,3510.0,0.0,3510.0,23381.6,721.45,0,0,0,0.0,0,F1,75,,,,,
2025-02-10,2025-02-10,FO,NSE,IDO,55121,,NIFTY,,2025-12-24,2025-12-24,18000.0,CE,NIFTY25DEC18000CE,0.0,0.0,0.0,6405.0,6405.0,6405.0,23381.6,6374.15,8775,0,0,0.0,0,F1,75,,,,,
2025-02-10,2025-02-10,FO,NSE,IDO,38376,,NIFTY,,2025-12-24,2025-12-24,20000.0,CE,NIFTY25DEC20000CE,0.0,0.0,0.0,4400.0,4400.0,4400.0,23381.6,4528.4,26000,0,0,0.0,0,F1,75,,,,,
2025-02-10,2025-02-10,FO,NSE,IDO,58646,,NIFTY,,2026-12-31,2026-12-31,21000.0,CE,NIFTY26DEC21000CE,0.0,0.0,0.0,3356.25,0.0,3356.25,23381.6,5004.15,0,0,0,0.0,0,F1,75,,,,,
2025-02-10,2025-02-10,FO,NSE,IDO,71501,,NIFTY,,2026-12-31,2026-12-31,24000.0,CE,NIFTY26DEC24000CE,0.0,0.0,0.0,2010.65,0.0,2010.65,23381.6,2940.1,0,0,0,0.0,0,F1,75,,,,,
2025-02-10,2025-02-10,FO,NSE,IDO,71556,,NIFTY,,2027-06-24,2027-06-24,22000.0,CE,NIFTY27JUN22000CE,0.0,0.0,0.0,2783.5,0.0,2783.5,23381.6,4856.8,0,0,0,0.0,0,F1,75,,,,,
2025-02-10,2025-02-10,FO,NSE,IDO,50981,,NIFTY,,2027-06-24,2027-06-24,27000.0,CE,NIFTY27JUN27000CE,0.0,0.0,0.0,1932.5,0.0,1932.5,23381.6,2039.7,0,0,0,0.0,0,F1,75,,,,,
2025-02-10,2025-02-10,FO,NSE,IDO,53624,,NIFTY,,2027-12-30,2027-12-30,24000.0,CE,NIFTY27DEC24000CE,0.0,0.0,0.0,3778.95,0.0,3778.95,23381.6,4182.25,0,0,0,0.0,0,F1,75,,,,,
2025-02-10,2025-02-10,FO,NSE,IDO,86145,,NIFTY,,2028-06-29,2028-06-29,21000.0,CE,NIFTY28JUN21000CE,0.0,0.0,0.0,5226.55,0.0,5226.55,23381.6,6741.0,0,0,0,0.0,0,F1,75,,,,,
2025-02-10,2025-02-10,FO,NSE,IDO,89612,,NIFTY,,2029-06-28,2029-06-28,18000.0,CE,NIFTY29JUN18000CE,0.0,0.0,0.0,11678.65,0.0,11678.65,23381.6,9892.05,0,0,0,0.0,0,F1,75,,,,,
2025-02-10,2025-02-10,FO,NSE,IDO,51092,,NIFTY,,2025-02-13,2025-02-13,21500.0,PE,NIFTY2521321500PE,0.9,1.05,0.55,0.6,0.55,1.0,23381.6,0.6,2733375,-7275,112395,181243166936.25,20533,F1,75,,,,,
2025-02-10,2025-02-10,FO,NSE,IDO,51125,,NIFTY,,2025-02-13,2025-02-13,21850.0,PE,NIFTY2521321850PE,1.15,1.25,0.65,0.75,0.65,1.15,23381.6,0.75,167400,75,17243,28258171241.25,5541,F1,75,,,,,
2025-02-10,2025-02-10,FO,NSE,IDO,51160,,NIFTY,,2025-02-13,2025-02-13,22400.0,PE,NIFTY2521322400PE,2.15,3.3,1.5,1.75,1.6,2.3,23381.6,1.75,4259250,1601400,463208,778264989945.0,94411,F1,75,,,,,
2025-02-10,2025-02-10,FO,NSE,IDO,51164,,NIFTY,,2025-02-13,2025-02-13,22500.0,PE,NIFTY2521322500PE,2.4,4.55,2.0,2.25,2.25,2.8,23381.6,2.25,7775850,933600,1076616,1817014042462.5,220630,F1,75,,,,,
2025-02-10,2025-02-10,FO,NSE,IDO,51185,,NIFTY,,2025-02-13,2025-02-13,22950.0,PE,NIFTY2521322950PE,12.3,30.45,9.4,17.05,17.9,12.7,23381.6,17.05,750450,61050,496616,855599871067.5,199274,F1,75,,,,,
2025-02-10,2025-02-10,FO,NSE,IDO,51190,,NIFTY,,2025-02-13,2025-02-13,23000.0,PE,NIFTY2521323000PE,13.7,37.9,11.35,21.9,22.55,15.9,23381.6,21.9,5189775,1053150,1592963,2751133336361.25,511529,F1,75,,,,,
2025-02-10,2025-02-10,FO,NSE,IDO,51204,,NIFTY,,2025-02-13,2025-02-13,23250.0,PE,NIFTY2521323250PE,43.0,105.0,40.95,70.8,73.55,45.55,23381.6,70.8,1022250,126075,815583,1427220506688.75,480406,F1,75,,,,,
2025-02-10,2025-02-10,FO,NSE,IDO,51218,,NIFTY,,2025-02-13,2025-02-13,23500.0,PE,NIFTY2521323500PE,123.05,234.0,123.05,183.7,187.4,121.35,23381.6,183.7,2586075,-1013850,1134647,2015575456200.0,698801,F1,75,,,,,
2025-02-10,2025-02-10,FO,NSE,IDO,51262,,NIFTY,,2025-02-13,2025-02-13,24200.0,PE,NIFTY2521324200PE,700.0,856.75,689.45,785.85,792.0,634.8,23381.6,785.85,108225,-10950,740,1386867997.5,275,F1,75,,,,,
2025-02-10,2025-02-10,FO,NSE,IDO,51280,,NIFTY,,2025-02-13,2025-02-13,24500.0,PE,NIFTY2521324500PE,967.4,1148.0,967.4,1085.65,1078.3,928.15,23381.6,1085.65,154875,-17700,781,1498946891.25,422,F1,75,,,,,
2025-02-10,2025-02-10,FO,NSE,IDO,51326,,NIFTY,,2025-02-13,2025-02-13,25350.0,PE,NIFTY2521325350PE,0.0,0.0,0.0,1697.7,0.0,1697.7,23381.6,1954.85,0,0,0,0.0,0,F1,75,,,,,
2025-02-10,2025-02-10,FO,NSE,IDO,63095,,NIFTY,,2025-02-20,2025-02-20,21200.0,PE,NIFTY2522021200PE,2.6,3.05,1.9,2.1,2.2,2.6,23381.6,2.1,27450,18675,965,1534515367.5,559,F1,75,,,,,
2025-02-10,2025-02-10,FO,NSE,IDO,63235,,NIFTY,,2025-02-20,2025-02-20,21600.0,PE,NIFTY2522021600PE,3.0,3.15,2.2,2.45,2.3,3.1,23381.6,2.45,36150,13425,1567,2538854362.5,876,F1,75,,,,,
2025-02-10,2025-02-10,FO,NSE,IDO,63523,,NIFTY,,2025-02-20,2025-02-20,22900.0,PE,NIFTY2522022900PE,43.95,74.0,43.95,57.85,58.1,40.75,23381.6,57.85,266100,50325,17512,30156606566.25,10766,F1,75,,,,,
2025-02-10,2025-02-10,FO,NSE,IDO,63643,,NIFTY,,2025-02-20,2025-02-20,23650.0,PE,NIFTY2522023650PE,288.65,390.6,273.4,338.65,343.2,255.8,23381.6,338.65,58875,-675,1122,2018501707.5,923,F1,75,,,,,
2025-02-10,2025-02-10,FO,NSE,IDO,63675,,NIFTY,,2025-02-20,2025-02-20,23850.0,PE,NIFTY2522023850PE,424.0,531.95,418.65,477.4,475.65,373.9,23381.6,477.4,10875,-225,148,269999568.75,96,F1,75,,,,,
2025-02-10,2025-02-10,FO,NSE,IDO,63693,,NIFTY,,2025-02-20,2025-02-20,24250.0,PE,NIFTY2522024250PE,0.0,0.0,0.0,685.0,685.0,685.0,23381.6,838.95,150,0,0,0.0,0,F1,75,,,,,
2025-02-10,2025-02-10,FO,NSE,IDO,63701,,NIFTY,,2025-02-20,2025-02-20,24350.0,PE,NIFTY2522024350PE,960.0,990.95,960.0,965.45,965.45,1032.05,23381.6,933.9,300,300,7,13295932.5,4,F1,75,,,,,
2025-02-10,2025-02-10,FO,NSE,IDO,63716,,NIFTY,,2025-02-20,2025-02-20,24450.0,PE,NIFTY2522024450PE,0.0,0.0,0.0,1110.1,0.0,1110.1,23381.6,1030.45,0,0,0,0.0,0,F1,75,,,,,
2025-02-10,2025-02-10,FO,NSE,IDO,63732,,NIFTY,,2025-02-20,2025-02-20,24650.0,PE,NIFTY2522024650PE,0.0,0.0,0.0,1272.85,0.0,1272.85,23381.6,1226.55,0,0,0,0.0,0,F1,75,,,,,
2025-02-10,2025-02-10,FO,NSE,IDO,55576,,NIFTY,,2025-02-27,2025-02-27,21500.0,PE,NIFTY25FEB21500PE,5.05,6.1,4.5,5.0,5.15,5.2,23381.6,5.0,2287275,-9750,7282,11744976738.75,3497,F1,75,,,,,
2025-02-10,2025-02-10,FO,NSE,IDO,55606,,NIFTY,,2025-02-27,2025-02-27,22150.0,PE,NIFTY25FEB22150PE,16.0,22.45,15.55,19.7,20.05,16.1,23381.6,19.7,24900,-150,692,1150598126.25,386,F1,75,,,,,
2025-02-10,2025-02-10,FO,NSE,IDO,55612,,NIFTY,,2025-02-27,2025-02-27,22300.0,PE,NIFTY25FEB22300PE,22.9,30.6,18.7,27.0,27.55,21.6,23381.6,27.0,460275,16200,9507,15918161902.5,3819,F1,75,,,,,
2025-02-10,2025-02-10,FO,NSE,IDO,55618,,NIFTY,,2025-02-27,2025-02-27,22450.0,PE,NIFTY25FEB22450PE,30.15,42.5,28.45,35.85,37.0,28.75,23381.6,35.85,129300,34425,3580,6037757636.25,1971,F1,75,,,,,
2025-02-10,2025-02-10,FO,NSE,IDO,55620,,NIFTY,,2025-02-27,2025-02-27,22500.0,PE,NIFTY25FEB22500PE,30.0,47.5,30.0,40.65,41.8,31.25,23381.6,40.65,3788850,605100,43673,73831512165.0,20327,F1,75,,,,,
2025-02-10,2025-02-10,FO,NSE,IDO,56738,,NIFTY,,2025-02-27,2025-02-27,23450.0,PE,NIFTY25FEB23450PE,218.35,306.75,218.35,268.8,269.4,206.9,23381.6,268.8,156675,17400,5404,9614160146.25,3532,F1,75,,,,,
2025-02-10,2025-02-10,FO,NSE,IDO,57622,,NIFTY,,2025-02-27,2025-02-27,24500.0,PE,NIFTY25FEB24500PE,940.55,1110.0,940.55,1052.95,1046.0,895.25,23381.6,1052.95,1035675,-16875,528,1012391906.25,330,F1,75,,,,,
2025-02-10,2025-02-10,FO,NSE,IDO,57626,,NIFTY,,2025-02-27,2025-02-27,24600.0,PE,NIFTY25FEB24600PE,1070.0,1172.3,1050.0,1129.4,1129.4,982.0,23381.6,1158.7,84975,-225,10,19292951.25,10,F1,75,,,,,
2025-02-10,2025-02-10,FO,NSE,IDO,57634,,NIFTY,,2025-02-27,2025-02-27,24800.0,PE,NIFTY25FEB24800PE,1233.1,1350.0,1233.1,1350.0,1350.0,1206.35,23381.6,1350.75,47925,300,6,11742577.5,5,F1,75,,,,,
2025-02-10,2025-02-10,FO,NSE,IDO,57670,,NIFTY,,2025-02-27,2025-02-27,25650.0,PE,NIFTY25FEB25650PE,0.0,0.0,0.0,2362.25,2362.25,2362.25,23381.6,2191.05,150,0,0,0.0,0,F1,75,,,,,
2025-02-10,2025-02-10,FO,NSE,IDO,57678,,NIFTY,,2025-02-27,2025-02-27,25850.0,PE,NIFTY25FEB25850PE,0.0,0.0,0.0,1227.6,1227.6,1227.6,23381.6,2390.35,75,0,0,0.0,0,F1,75,,,,,
2025-02-10,2025-02-10,FO,NSE,IDO,68394,,NIFTY,,2025-03-06,2025-03-06,21450.0,PE,NIFTY2530621450PE,0.0,0.0,0.0,49.0,49.0,49.0,23381.6,1.05,75,0,0,0.0,0,F1,75,,,,,
2025-02-10,2025-02-10,FO,NSE,IDO,68420,,NIFTY,,2025-03-06,2025-03-06,22050.0,PE,NIFTY2530622050PE,0.0,0.0,0.0,88.7,0.0,88.7,23381.6,10.65,0,0,0,0.0,0,F1,75,,,,,
2025-02-10,2025-02-10,FO,NSE,IDO,68431,,NIFTY,,2025-03-06,2025-03-06,22300.0,PE,NIFTY2530622300PE,0.0,0.0,0.0,33.95,33.75,33.95,23381.6,23.4,1950,0,0,0.0,0,F1,75,,,,,
2025-02-10,2025-02-10,FO,NSE,IDO,68447,,NIFTY,,2025-03-06,2025-03-06,22500.0,PE,NIFTY2530622500PE,52.0,70.85,49.85,60.85,61.65,47.1,23381.6,60.85,17550,3225,487,824084253.75,292,F1,75,,,,,
2025-02-10,2025-02-10,FO,NSE,IDO,68575,,NIFTY,,2025-03-06,2025-03-06,23500.0,PE,NIFTY2530623500PE,278.6,359.7,278.6,321.9,321.35,254.8,23381.6,321.9,26325,7125,340,607496895.0,266,F1,75,,,,,
2025-02-10,2025-02-10,FO,NSE,IDO,68581,,NIFTY,,2025-03-06,2025-03-06,23650.0,PE,NIFTY2530623650PE,0.0,0.0,0.0,316.7,316.7,316.7,23381.6,414.2,75,0,0,0.0,0,F1,75,,,,,
2025-02-10,2025-02-10,FO,NSE,IDO,68597,,NIFTY,,2025-03-06,2025-03-06,24050.0,PE,NIFTY2530624050PE,0.0,0.0,0.0,900.65,0.0,900.65,23381.6,684.3,0,0,0,0.0,0,F1,75,,,,,
2025-02-10,2025-02-10,FO,NSE,IDO,68767,,NIFTY,,2025-03-06,2025-03-06,25350.0,PE,NIFTY2530625350PE,0.0,0.0,0.0,1975.85,0.0,1975.85,23381.6,1864.2,0,0,0,0.0,0,F1,75,,,,,
2025-02-10,2025-02-10,FO,NSE,IDO,45452,,NIFTY,,2025-03-13,2025-03-13,22200.0,PE,NIFTY2531322200PE,0.0,0.0,0.0,45.7,0.0,45.7,23381.6,28.6,0,0,0,0.0,0,F1,75,,,,,
2025-02-10,2025-02-10,FO,NSE,IDO,61745,,NIFTY,,2029-12-27,2029-12-27,22000.0,PE,NIFTY29DEC22000PE,0.0,0.0,0.0,373.65,0.0,373.65,23381.6,277.6,0,0,0,0.0,0,F1,75,,,,,
2025-02-10,2025-02-10,FO,NSE,IDO,89637,,NIFTY,,2029-06-28,2029-06-28,27000.0,PE,NIFTY29JUN27000PE,0.0,0.0,0.0,1252.35,0.0,1252.35,23381.6,1211.25,0,0,0,0.0,0,F1,75,,,,,
2025-02-10,2025-02-10,FO,NSE,IDO,67793,,NIFTY,,2028-12-28,2028-12-28,29000.0,PE,NIFTY28DEC29000PE,0.0,0.0,0.0,2010.85,0.0,2010.85,23381.6,2024.0,0,0,0,0.0,0,F1,75,,,,,
2025-02-10,2025-02-10,FO,NSE,IDO,86150,,NIFTY,,2028-06-29,2028-06-29,23000.0,PE,NIFTY28JUN23000PE,0.0,0.0,0.0,1399.25,0.0,1399.25,23381.6,466.4,0,0,0,0.0,0,F1,75,,,,,
2025-02-10,2025-02-10,FO,NSE,IDO,53604,,NIFTY,,2027-12-30,2027-12-30,18000.0,PE,NIFTY27DEC18000PE,0.0,0.0,0.0,244.4,244.4,244.4,23381.6,40.0,10175,0,0,0.0,0,F1,75,,,,,
2025-02-10,2025-02-10,FO,NSE,IDO,58645,,NIFTY,,2026-12-31,2026-12-31,20000.0,PE,NIFTY26DEC20000PE,0.0,0.0,0.0,290.0,290.0,290.0,23381.6,108.55,4050,0,0,0.0,0,F1,75,,,,,
2025-02-10,2025-02-10,FO,NSE,IDO,58641,,NIFTY,,2026-12-31,2026-12-31,18000.0,PE,NIFTY26DEC18000PE,0.0,0.0,0.0,76.1,76.1,76.1,23381.6,24.7,5175,0,0,0.0,0,F1,75,,,,,
2025-02-10,2025-02-10,FO,NSE,IDO,58623,,NIFTY,,2025-12-24,2025-12-24,22000.0,PE,NIFTY25DEC22000PE,386.05,429.8,386.05,419.0,420.5,385.5,23381.6,419.0,411150,9850,458,769920153.75,382,F1,75,,,,,
2025-02-10,2025-02-10,FO,NSE,IDO,64703,,NIFTY,,2025-09-25,2025-09-25,29000.0,PE,NIFTY25SEP29000PE,0.0,0.0,0.0,2125.3,0.0,2125.3,23381.6,4526.0,0,0,0,0.0,0,F1,75,,,,,
2025-02-10,2025-02-10,FO,NSE,IDO,79730,,NIFTY,,2025-04-24,2025-04-24,25100.0,PE,NIFTY25APR25100PE,0.0,0.0,0.0,1667.15,0.0,1667.15,23381.6,1524.35,0,0,0,0.0,0,F1,75,,,,,
2025-02-10,2025-02-10,FO,NSE,IDO,79669,,NIFTY,,2025-04-24,2025-04-24,24650.0,PE,NIFTY25APR24650PE,0.0,0.0,0.0,924.7,924.7,924.7,23381.6,1169.45,750,0,0,0.0,0,F1,75,,,,,
2025-02-10,2025-02-10,FO,NSE,IDO,79514,,NIFTY,,2025-04-24,2025-04-24,23800.0,PE,NIFTY25APR23800PE,0.0,0.0,0.0,467.75,467.75,467.75,23381.6,620.8,1875,0,0,0.0,0,F1,75,,,,,
2025-02-10,2025-02-10,FO,NSE,IDO,79441,,NIFTY,,2025-04-24,2025-04-24,23200.0,PE,NIFTY25APR23200PE,320.6,353.55,320.55,335.9,336.0,300.7,23381.6,335.9,14325,1800,99,174768555.0,42,F1,75,,,,,
2025-02-10,2025-02-10,FO,NSE,IDO,79433,,NIFTY,,2025-04-24,2025-04-24,23000.0,PE,NIFTY25APR23000PE,256.8,298.4,256.8,277.65,281.3,244.1,23381.6,277.65,204300,59400,1448,2528671106.25,1165,F1,75,,,,,
2025-02-10,2025-02-10,FO,NSE,IDO,79412,,NIFTY,,2025-04-24,2025-04-24,22800.0,PE,NIFTY25APR22800PE,203.8,242.45,203.8,224.05,225.75,197.0,23381.6,224.05,8325,2400,55,94995127.5,40,F1,75,,,,,
2025-02-10,2025-02-10,FO,NSE,IDO,79273,,NIFTY,,2025-04-24,2025-04-24,21900.0,PE,NIFTY25APR21900PE,93.0,96.0,93.0,96.0,96.0,147.75,23381.6,61.45,2400,2400,32,52786987.5,23,F1,75,,,,,
2025-02-10,2025-02-10,FO,NSE,IDO,64573,,NIFTY,,2025-03-27,2025-03-27,26000.0,PE,NIFTY25MAR26000PE,2288.0,2413.25,2288.0,2360.15,2368.0,2216.2,23381.6,2360.15,553850,-3100,128,272360231.25,85,F1,75,,,,,
2025-02-10,2025-02-10,FO,NSE,IDO,54726,,NIFTY,,2025-03-27,2025-03-27,24050.0,PE,NIFTY25MAR24050PE,0.0,0.0,0.0,516.3,521.95,516.3,23381.6,724.05,6450,0,0,0.0,0,F1,75,,,,,
2025-02-10,2025-02-10,FO,NSE,IDO,54724,,NIFTY,,2025-03-27,2025-03-27,23950.0,PE,NIFTY25MAR23950PE,660.0,660.0,636.0,636.0,636.0,529.05,23381.6,658.8,12000,-75,2,3689700.0,2,F1,75,,,,,
2025-02-10,2025-02-10,FO,NSE,IDO,54722,,NIFTY,,2025-03-27,2025-03-27,23900.0,PE,NIFTY25MAR23900PE,566.0,619.75,545.0,588.95,578.5,506.35,23381.6,588.95,36000,-3375,212,389438385.0,153,F1,75,,,,,
2025-02-10,2025-02-10,FO,NSE,IDO,51400,,NIFTY,,2025-03-27,2025-03-27,23500.0,PE,NIFTY25MAR23500PE,346.95,427.35,346.95,395.05,398.45,337.15,23381.6,395.05,1280775,-51750,8394,15044869762.5,5496,F1,75,,,,,
2025-02-10,2025-02-10,FO,NSE,IDO,48350,,NIFTY,,2025-03-27,2025-03-27,23150.0,PE,NIFTY25MAR23150PE,260.0,290.55,255.35,266.9,268.35,219.75,23381.6,266.9,18675,6000,105,184457591.25,52,F1,75,,,,,
2025-02-10,2025-02-10,FO,NSE,IDO,51143,,NIFTY,,2025-02-13,2025-02-13,22150.0,CE,NIFTY2521322150CE,0.0,0.0,0.0,1395.15,1395.15,1395.15,23381.6,1243.45,225,0,0,0.0,0,F1,75,,,,,
2025-02-10,2025-02-10,FO,NSE,IDO,51163,,NIFTY,,2025-02-13,2025-02-13,22500.0,CE,NIFTY2521322500CE,1015.05,1021.8,848.95,914.65,911.6,1068.75,23381.6,914.65,57675,11550,1276,2240671995.0,676,F1,75,,,,,
2025-02-10,2025-02-10,FO,NSE,IDO,51213,,NIFTY,,2025-02-13,2025-02-13,23450.0,CE,NIFTY2521323450CE,212.0,212.7,93.8,121.8,119.75,212.7,23381.6,121.8,1821225,1442400,952577,1684642937175.0,620961,F1,75,,,,,
2025-02-10,2025-02-10,FO,NSE,IDO,51285,,NIFTY,,2025-02-13,2025-02-13,24650.0,CE,NIFTY2521324650CE,1.75,1.95,1.2,1.4,1.35,1.75,23381.6,1.4,730800,-263925,89673,165792471978.75,23334,F1,75,,,,,
2025-02-10,2025-02-10,FO,NSE,IDO,51301,,NIFTY,,2025-02-13,2025-02-13,25000.0,CE,NIFTY2521325000CE,1.3,1.35,1.0,1.15,1.0,1.3,23381.6,1.15,9751050,1053375,573269,1074927943668.75,93893,F1,75,,,,,
2025-02-10,2025-02-10,FO,NSE,IDO,51306,,NIFTY,,2025-02-13,2025-02-13,25100.0,CE,NIFTY2521325100CE,1.25,1.4,0.95,1.15,1.05,1.15,23381.6,1.15,1290525,667650,93457,175940446282.5,24649,F1,75,,,,,
2025-02-10,2025-02-10,FO,NSE,IDO,79400,,NIFTY,,2025-04-24,2025-04-24,22650.0,CE,NIFTY25APR22650CE,0.0,0.0,0.0,1296.25,0.0,1296.25,23381.6,1207.05,0,0,0,0.0,0,F1,75,,,,,
2025-02-10,2025-02-10,FO,NSE,IDO,79390,,NIFTY,,2025-04-24,2025-04-24,22450.0,CE,NIFTY25APR22450CE,0.0,0.0,0.0,1438.25,0.0,1438.25,23381.6,1361.85,0,0,0,0.0,0,F1,75,,,,,
2025-02-10,2025-02-10,FO,NSE,IDO,79291,,NIFTY,,2025-04-24,2025-04-24,22100.0,CE,NIFTY25APR22100CE,0.0,0.0,0.0,1701.6,0.0,1701.6,23381.6,1651.45,0,0,0,0.0,0,F1,75,,,,,
2025-02-10,2025-02-10,FO,NSE,IDO,79287,,NIFTY,,2025-04-24,2025-04-24,22050.0,CE,NIFTY25APR22050CE,0.0,0.0,0.0,1741.0,0.0,1741.0,23381.6,1694.5,0,0,0,0.0,0,F1,75,,,,,
2025-02-10,2025-02-10,FO,NSE,IDO,56888,,NIFTY,,2025-03-27,2025-03-27,25600.0,CE,NIFTY25MAR25600CE,21.7,21.7,18.6,18.65,18.6,23.95,23381.6,18.65,28950,7275,219,420809865.0,110,F1,75,,,,,
2025-02-10,2025-02-10,FO,NSE,IDO,55599,,NIFTY,,2025-02-27,2025-02-27,22000.0,CE,NIFTY25FEB22000CE,1555.05,1564.95,1406.0,1469.25,1471.65,1626.2,23381.6,1469.25,849750,13875,512,901056135.0,338,F1,75,,,,,
2025-02-10,2025-02-10,FO,NSE,IDO,55597,,NIFTY,,2025-02-27,2025-02-27,21950.0,CE,NIFTY25FEB21950CE,0.0,0.0,0.0,1786.6,1786.6,1786.6,23381.6,1500.55,450,0,0,0.0,0,F1,75,,,,,
2025-02-10,2025-02-10,FO,NSE,IDO,55585,,NIFTY,,2025-02-27,2025-02-27,21650.0,CE,NIFTY25FEB21650CE,0.0,0.0,0.0,2718.05,0.0,2718.05,23381.6,1797.65,0,0,0,0.0,0,F1,75,,,,,
2025-02-10,2025-02-10,FO,NSE,IDO,55575,,NIFTY,,2025-02-27,2025-02-27,21500.0,CE,NIFTY25FEB21500CE,2038.0,2038.0,1886.1,1948.95,1957.05,2111.6,23381.6,1948.95,614400,7575,306,538151032.5,142,F1,75,,,,,
2025-02-10,2025-02-10,FO,NSE,IDO,55569,,NIFTY,,2025-02-27,2025-02-27,21350.0,CE,NIFTY25FEB21350CE,0.0,0.0,0.0,2410.0,2410.0,2410.0,23381.6,2096.25,375,0,0,0.0,0,F1,75,,,,,
2025-02-10,2025-02-10,FO,NSE,IDO,55563,,NIFTY,,2025-02-27,2025-02-27,21200.0,CE,NIFTY25FEB21200CE,0.0,0.0,0.0,2200.0,2200.0,2200.0,23381.6,2245.75,75,0,0,0.0,0,F1,75,,,,,
2025-02-10,2025-02-10,FO,NSE,IDO,51149,,NIFTY,,2025-02-13,2025-02-13,22300.0,CE,NIFTY2521322300CE,0.0,0.0,0.0,1196.25,1196.25,1196.25,23381.6,1093.5,1275,0,0,0.0,0,F1,75,,,,,
2025-02-10,2025-02-10,FO,NSE,IDO,64570,,NIFTY,,2025-03-27,2025-03-27,25000.0,CE,NIFTY25MAR25000CE,62.0,63.5,45.2,49.2,48.0,61.9,23381.6,49.2,1826800,119675,12214,22947236853.75,6618,F1,75,,,,,
2025-02-10,2025-02-10,FO,NSE,IDO,56526,,NIFTY,,2025-03-27,2025-03-27,24550.0,CE,NIFTY25MAR24550CE,119.95,119.95,99.5,107.55,107.05,137.25,23381.6,107.55,8475,150,94,173865468.75,35,F1,75,,,,,
2025-02-10,2025-02-10,FO,NSE,IDO,55102,,NIFTY,,2025-03-27,2025-03-27,24250.0,CE,NIFTY25MAR24250CE,199.45,199.45,167.85,179.3,178.8,226.5,23381.6,179.3,15600,-4575,125,229035795.0,97,F1,75,,,,,
2025-02-10,2025-02-10,FO,NSE,IDO,54819,,NIFTY,,2025-03-27,2025-03-27,24150.0,CE,NIFTY25MAR24150CE,194.1,215.1,194.0,215.1,215.1,245.0,23381.6,216.8,10575,-525,50,91333230.0,38,F1,75,,,,,
2025-02-10,2025-02-10,FO,NSE,IDO,64564,,NIFTY,,2025-03-27,2025-03-27,23000.0,CE,NIFTY25MAR23000CE,909.35,909.4,785.15,830.05,828.8,940.9,23381.6,830.05,563150,11025,2047,3658324586.25,1377,F1,75,,,,,
2025-02-10,2025-02-10,FO,NSE,IDO,46997,,NIFTY,,2025-03-27,2025-03-27,22500.0,CE,NIFTY25MAR22500CE,1300.0,1300.05,1163.95,1218.2,1222.0,1338.5,23381.6,1218.2,118050,4125,401,713370671.25,297,F1,75,,,,,
2025-02-10,2025-02-10,FO,NSE,IDO,46918,,NIFTY,,2025-03-27,2025-03-27,21800.0,CE,NIFTY25MAR21800CE,0.0,0.0,0.0,1928.05,1928.05,1928.05,23381.6,1777.6,150,0,0,0.0,0,F1,75,,,,,
2025-02-10,2025-02-10,FO,NSE,IDO,46880,,NIFTY,,2025-03-27,2025-03-27,21500.0,CE,NIFTY25MAR21500CE,2047.6,2103.9,2047.6,2057.2,2057.2,2257.25,23381.6,2063.65,9825,2700,39,68973405.0,39,F1,75,,,,,
2025-02-10,2025-02-10,FO,NSE,IDO,45638,,NIFTY,,2025-03-13,2025-03-13,25000.0,CE,NIFTY2531325000CE,0.0,0.0,0.0,99.75,0.0,99.75,23381.6,24.0,0,0,0,0.0,0,F1,75,,,,,
2025-02-10,2025-02-10,FO,NSE,IDO,45621,,NIFTY,,2025-03-13,2025-03-13,24850.0,CE,NIFTY2531324850CE,0.0,0.0,0.0,124.4,0.0,124.4,23381.6,33.85,0,0,0,0.0,0,F1,75,,,,,
2025-02-10,2025-02-10,FO,NSE,IDO,45536,,NIFTY,,2025-03-13,2025-03-13,23650.0,CE,NIFTY2531323650CE,0.0,0.0,0.0,531.95,0.0,531.95,23381.6,302.5,0,0,0,0.0,0,F1,75,,,,,
2025-02-10,2025-02-10,FO,NSE,IDO,45486,,NIFTY,,2025-03-13,2025-03-13,22950.0,CE,NIFTY2531322950CE,0.0,0.0,0.0,979.4,0.0,979.4,23381.6,707.35,0,0,0,0.0,0,F1,75,,,,,
2025-02-10,2025-02-10,FO,NSE,IDO,45484,,NIFTY,,2025-03-13,2025-03-13,22900.0,CE,NIFTY2531322900CE,0.0,0.0,0.0,1017.0,0.0,1017.0,23381.6,743.8,0,0,0,0.0,0,F1,75,,,,,
2025-02-10,2025-02-10,FO,NSE,IDO,68666,,NIFTY,,2025-03-06,2025-03-06,25150.0,CE,NIFTY2530625150CE,0.0,0.0,0.0,24.55,24.55,24.55,23381.6,7.4,75,0,0,0.0,0,F1,75,,,,,
2025-02-10,2025-02-10,FO,NSE,IDO,68623,,NIFTY,,2025-03-06,2025-03-06,24600.0,CE,NIFTY2530624600CE,43.75,43.75,27.85,30.2,27.85,41.7,23381.6,30.2,1425,975,18,33257257.5,13,F1,75,,,,,
2025-02-10,2025-02-10,FO,NSE,IDO,68452,,NIFTY,,2025-03-06,2025-03-06,22650.0,CE,NIFTY2530622650CE,0.0,0.0,0.0,959.6,0.0,959.6,23381.6,889.05,0,0,0,0.0,0,F1,75,,,,,
2025-02-10,2025-02-10,FO,NSE,IDO,57673,,NIFTY,,2025-02-27,2025-02-27,25750.0,CE,NIFTY25FEB25750CE,3.6,4.0,3.45,3.5,3.45,4.3,23381.6,3.5,21675,1500,91,175768455.0,55,F1,75,,,,,
2025-02-10,2025-02-10,FO,NSE,IDO,57671,,NIFTY,,2025-02-27,2025-02-27,25700.0,CE,NIFTY25FEB25700CE,4.35,4.4,3.2,3.45,3.45,4.35,23381.6,3.45,43125,1050,499,961961643.75,283,F1,75,,,,,
2025-02-10,2025-02-10,FO,NSE,IDO,57661,,NIFTY,,2025-02-27,2025-02-27,25450.0,CE,NIFTY25FEB25450CE,4.6,4.7,4.1,4.1,4.1,5.35,23381.6,0.5,10050,750,79,150817323.75,36,F1,75,,,,,
2025-02-10,2025-02-10,FO,NSE,IDO,57623,,NIFTY,,2025-02-27,2025-02-27,24550.0,CE,NIFTY25FEB24550CE,20.45,20.8,13.4,15.1,15.05,23.35,23381.6,15.1,68775,-63975,2777,5116619655.0,2073,F1,75,,,,,
2025-02-10,2025-02-10,FO,NSE,IDO,57619,,NIFTY,,2025-02-27,2025-02-27,24450.0,CE,NIFTY25FEB24450CE,32.5,32.5,17.2,19.75,19.6,31.15,23381.6,19.75,105150,-52875,4375,8029507316.25,2905,F1,75,,,,,
2025-02-10,2025-02-10,FO,NSE,IDO,57601,,NIFTY,,2025-02-27,2025-02-27,24000.0,CE,NIFTY25FEB24000CE,150.0,150.0,64.75,74.5,74.0,114.5,23381.6,74.5,6389025,937875,93012,167972407953.75,42916,F1,75,,,,,
2025-02-10,2025-02-10,FO,NSE,IDO,63801,,NIFTY,,2025-02-20,2025-02-20,24850.0,CE,NIFTY2522024850CE,3.6,3.9,2.8,3.1,3.0,4.85,23381.6,3.1,11700,1350,787,1466968582.5,397,F1,75,,,,,
2025-02-10,2025-02-10,FO,NSE,IDO,63648,,NIFTY,,2025-02-20,2025-02-20,23700.0,CE,NIFTY2522023700CE,159.0,167.85,90.9,107.85,108.0,169.7,23381.6,107.85,629100,79275,30022,53628617302.5,17633,F1,75,,,,,
2025-02-10,2025-02-10,FO,NSE,IDO,63620,,NIFTY,,2025-02-20,2025-02-20,23450.0,CE,NIFTY2522023450CE,285.05,285.05,184.5,214.1,212.85,302.25,23381.6,214.1,95325,73425,8736,15510061736.25,6022,F1,75,,,,,
2025-02-10,2025-02-10,FO,NSE,IDO,63551,,NIFTY,,2025-02-20,2025-02-20,23200.0,CE,NIFTY2522023200CE,435.0,442.5,320.5,362.55,352.35,473.05,23381.6,362.55,58725,18225,2414,4265152830.0,1751,F1,75,,,,,
2025-02-10,2025-02-10,FO,NSE,IDO,63533,,NIFTY,,2025-02-20,2025-02-20,23050.0,PE,NIFTY2522023050PE,81.7,109.4,70.1,86.55,89.75,61.8,23381.6,86.55,62175,40200,5582,9688455063.75,3546,F1,75,,,,,
2025-02-10,2025-02-10,FO,NSE,IDO,55120,,NIFTY,,2025-06-26,2025-06-26,18000.0,PE,NIFTY25JUN18000PE,20.0,20.1,20.0,20.1,20.1,20.0,23381.6,0.1,42225,0,6,8109022.5,4,F1,75,,,,,
2025-02-10,2025-02-10,FO,NSE,IDO,79635,,NIFTY,,2025-04-24,2025-04-24,24350.0,PE,NIFTY25APR24350PE,0.0,0.0,0.0,1128.5,0.0,1128.5,23381.6,955.65,0,0,0,0.0,0,F1,75,,,,,
2025-02-10,2025-02-10,FO,NSE,IDO,79611,,NIFTY,,2025-04-24,2025-04-24,24200.0,PE,NIFTY25APR24200PE,770.0,810.0,770.0,781.1,782.0,737.9,23381.6,781.1,4125,-225,41,76861612.5,14,F1,75,,,,,
2025-02-10,2025-02-10,FO,NSE,IDO,79512,,NIFTY,,2025-04-24,2025-04-24,23750.0,PE,NIFTY25APR23750PE,0.0,0.0,0.0,456.0,456.0,456.0,23381.6,594.3,150,0,0,0.0,0,F1,75,,,,,
2025-02-10,2025-02-10,FO,NSE,IDO,79437,,NIFTY,,2025-04-24,2025-04-24,23100.0,PE,NIFTY25APR23100PE,316.0,316.0,316.0,316.0,316.0,290.65,23381.6,312.75,2400,-75,1,1756200.0,1,F1,75,,,,,
2025-02-10,2025-02-10,FO,NSE,IDO,79435,,NIFTY,,2025-04-24,2025-04-24,23050.0,PE,NIFTY25APR23050PE,0.0,0.0,0.0,455.3,0.0,455.3,23381.6,295.85,0,0,0,0.0,0,F1,75,,,,,
2025-02-10,2025-02-10,FO,NSE,IDO,79286,,NIFTY,,2025-04-24,2025-04-24,22000.0,PE,NIFTY25APR22000PE,90.95,109.0,90.95,101.0,100.85,90.35,23381.6,101.0,236250,56625,1552,2572652505.0,1100,F1,75,,,,,
2025-02-10,2025-02-10,FO,NSE,IDO,79271,,NIFTY,,2025-04-24,2025-04-24,21850.0,PE,NIFTY25APR21850PE,0.0,0.0,0.0,139.5,0.0,139.5,23381.6,56.6,0,0,0,0.0,0,F1,75,,,,,
2025-02-10,2025-02-10,FO,NSE,IDO,56527,,NIFTY,,2025-03-27,2025-03-27,24550.0,PE,NIFTY25MAR24550PE,0.0,0.0,0.0,966.45,0.0,966.45,23381.6,1094.2,0,0,0,0.0,0,F1,75,,,,,
2025-02-10,2025-02-10,FO,NSE,IDO,51319,,NIFTY,,2025-02-13,2025-02-13,25200.0,CE,NIFTY2521325200CE,1.0,1.2,0.8,1.1,1.05,1.1,23381.6,1.1,1644825,621900,90482,171018021206.25,20231,F1,75,,,,,
2025-02-10,2025-02-10,FO,NSE,IDO,51293,,NIFTY,,2025-02-13,2025-02-13,24850.0,CE,NIFTY2521324850CE,1.5,1.5,0.95,1.2,1.25,1.35,23381.6,1.2,402825,65100,59737,111340241523.75,20262,F1,75,,,,,
2025-02-10,2025-02-10,FO,NSE,IDO,51279,,NIFTY,,2025-02-13,2025-02-13,24500.0,CE,NIFTY2521324500CE,2.2,2.7,1.55,1.65,1.65,2.65,23381.6,1.65,8817525,525375,842921,1548980530151.25,158660,F1,75,,,,,
2025-02-10,2025-02-10,FO,NSE,IDO,51247,,NIFTY,,2025-02-13,2025-02-13,23900.0,CE,NIFTY2521323900CE,37.7,37.9,12.5,15.65,14.95,39.55,23381.6,15.65,4496100,1544625,834241,1496536226973.75,262371,F1,75,,,,,
2025-02-10,2025-02-10,FO,NSE,IDO,51241,,NIFTY,,2025-02-13,2025-02-13,23750.0,CE,NIFTY2521323750CE,75.1,75.1,25.75,33.6,32.05,76.65,23381.6,33.6,2724750,705750,598454,1067684009692.5,263342,F1,75,,,,,
2025-02-10,2025-02-10,FO,NSE,IDO,51191,,NIFTY,,2025-02-13,2025-02-13,23050.0,CE,NIFTY2521323050CE,498.35,498.35,336.0,394.2,391.9,536.5,23381.6,394.2,25575,12750,3403,5981632800.0,2001,F1,75,,,,,
2025-02-10,2025-02-10,FO,NSE,IDO,51131,,NIFTY,,2025-02-13,2025-02-13,21950.0,CE,NIFTY2521321950CE,0.0,0.0,0.0,1762.7,0.0,1762.7,23381.6,1443.3,0,0,0,0.0,0,F1,75,,,,,
2025-02-10,2025-02-10,FO,NSE,IDO,51063,,NIFTY,,2025-02-13,2025-02-13,21200.0,CE,NIFTY2521321200CE,0.0,0.0,0.0,2480.3,0.0,2480.3,23381.6,2192.9,0,0,0,0.0,0,F1,75,,,,,
2025-02-10,2025-02-10,FO,NSE,IDO,51059,,NIFTY,,2025-02-13,2025-02-13,21100.0,CE,NIFTY2521321100CE,2442.6,2449.9,2442.6,2449.9,2449.9,2578.3,23381.6,2292.85,1500,1500,20,35319375.0,2,F1,75,,,,,
2025-02-10,2025-02-10,FO,NSE,IDO,55657,,NIFTY,,2025-03-27,2025-03-27,24500.0,PE,NIFTY25MAR24500PE,921.0,1045.0,921.0,991.95,990.0,876.1,23381.6,991.95,179850,16950,838,1602566711.25,594,F1,75,,,,,
2025-02-10,2025-02-10,FO,NSE,IDO,55200,,NIFTY,,2025-03-27,2025-03-27,24350.0,PE,NIFTY25MAR24350PE,0.0,0.0,0.0,706.2,706.2,706.2,23381.6,938.0,14400,0,0,0.0,0,F1,75,,,,,
2025-02-10,2025-02-10,FO,NSE,IDO,64567,,NIFTY,,2025-03-27,2025-03-27,24000.0,PE,NIFTY25MAR24000PE,577.3,694.0,559.0,646.3,644.25,559.9,23381.6,646.3,1502875,-52125,5648,10443239895.0,3670,F1,75,,,,,
2025-02-10,2025-02-10,FO,NSE,IDO,51478,,NIFTY,,2025-03-27,2025-03-27,23700.0,PE,NIFTY25MAR23700PE,452.4,520.0,439.85,482.75,483.6,410.25,23381.6,482.75,95775,-9525,535,970165440.0,373,F1,75,,,,,
2025-02-10,2025-02-10,FO,NSE,IDO,39986,,NIFTY,,2025-06-26,2025-06-26,19000.0,PE,NIFTY25JUN19000PE,29.9,29.9,26.25,26.9,27.0,27.0,23381.6,26.9,797100,-375,228,325369020.0,114,F1,75,,,,,
2025-02-10,2025-02-10,FO,NSE,IDO,53627,,NIFTY,,2027-12-30,2027-12-30,25000.0,PE,NIFTY27DEC25000PE,0.0,0.0,0.0,2948.45,0.0,2948.45,23381.6,952.7,0,0,0,0.0,0,F1,75,,,,,
2025-02-10,2025-02-10,FO,NSE,IDO,53632,,NIFTY,,2027-12-30,2027-12-30,27000.0,PE,NIFTY27DEC27000PE,0.0,0.0,0.0,3794.4,0.0,3794.4,23381.6,1623.9,0,0,0,0.0,0,F1,75,,,,,
2025-02-10,2025-02-10,FO,NSE,IDO,38165,,NIFTY,,2027-12-30,2027-12-30,29000.0,PE,NIFTY27DEC29000PE,0.0,0.0,0.0,4227.5,0.0,4227.5,23381.6,2506.75,0,0,0,0.0,0,F1,75,,,,,
2025-02-10,2025-02-10,FO,NSE,IDO,86160,,NIFTY,,2028-06-29,2028-06-29,25000.0,PE,NIFTY28JUN25000PE,0.0,0.0,0.0,2016.8,0.0,2016.8,23381.6,877.25,0,0,0,0.0,0,F1,75,,,,,
2025-02-10,2025-02-10,FO,NSE,IDO,67773,,NIFTY,,2028-12-28,2028-12-28,19000.0,PE,NIFTY28DEC19000PE,0.0,0.0,0.0,158.0,0.0,158.0,23381.6,83.0,0,0,0,0.0,0,F1,75,,,,,
2025-02-10,2025-02-10,FO,NSE,IDO,51147,,NIFTY,,2025-02-13,2025-02-13,22250.0,CE,NIFTY2521322250CE,0.0,0.0,0.0,1491.3,0.0,1491.3,23381.6,1143.5,0,0,0,0.0,0,F1,75,,,,,
2025-02-10,2025-02-10,FO,NSE,IDO,51180,,NIFTY,,2025-02-13,2025-02-13,22850.0,CE,NIFTY2521322850CE,650.0,670.0,514.7,573.9,575.3,744.1,23381.6,573.9,9750,3075,530,930374928.75,316,F1,75,,,,,
2025-02-10,2025-02-10,FO,NSE,IDO,51237,,NIFTY,,2025-02-13,2025-02-13,23650.0,CE,NIFTY2521323650CE,115.7,115.7,40.55,53.3,51.0,113.1,23381.6,53.3,2802075,900375,614834,1093313699767.5,331127,F1,75,,,,,
2025-02-10,2025-02-10,FO,NSE,IDO,51243,,NIFTY,,2025-02-13,2025-02-13,23800.0,CE,NIFTY2521323800CE,53.95,59.2,20.6,26.15,25.3,61.3,23381.6,26.15,6592575,18000,1155918,2065927537998.75,418256,F1,75,,,,,
2025-02-10,2025-02-10,FO,NSE,IDO,51245,,NIFTY,,2025-02-13,2025-02-13,23850.0,CE,NIFTY2521323850CE,45.95,48.0,16.05,20.25,19.25,49.6,23381.6,20.25,2599350,766575,549343,983614286362.5,190365,F1,75,,,,,
2025-02-10,2025-02-10,FO,NSE,IDO,51257,,NIFTY,,2025-02-13,2025-02-13,24100.0,CE,NIFTY2521324100CE,11.0,14.0,4.6,5.35,5.0,14.65,23381.6,5.35,6186525,3321675,702599,1270299643567.5,203144,F1,75,,,,,
2025-02-10,2025-02-10,FO,NSE,IDO,51263,,NIFTY,,2025-02-13,2025-02-13,24250.0,CE,NIFTY2521324250CE,7.85,7.85,2.55,2.8,2.6,6.7,23381.6,2.8,2540700,1129275,399435,726571145647.5,101627,F1,75,,,,,
2025-02-10,2025-02-10,FO,NSE,IDO,51267,,NIFTY,,2025-02-13,2025-02-13,24300.0,CE,NIFTY2521324300CE,4.95,5.0,2.15,2.45,2.35,5.3,23381.6,2.45,6615525,1820925,647915,1180962531063.75,155008,F1,75,,,,,
2025-02-10,2025-02-10,FO,NSE,IDO,51269,,NIFTY,,2025-02-13,2025-02-13,24350.0,CE,NIFTY2521324350CE,4.25,4.25,1.9,2.1,2.0,4.25,23381.6,2.1,2099325,885450,288639,527179347986.25,74432,F1,75,,,,,
2025-02-10,2025-02-10,FO,NSE,IDO,51304,,NIFTY,,2025-02-13,2025-02-13,25050.0,CE,NIFTY2521325050CE,1.1,1.5,0.9,1.15,1.05,1.2,23381.6,1.15,517125,145425,55776,104793681165.0,14267,F1,75,,,,,
2025-02-10,2025-02-10,FO,NSE,IDO,51325,,NIFTY,,2025-02-13,2025-02-13,25350.0,CE,NIFTY2521325350CE,1.35,1.35,0.8,1.0,0.85,1.0,23381.6,1.0,786750,-42600,63325,120401242357.5,9861,F1,75,,,,,
2025-02-10,2025-02-10,FO,NSE,IDO,51329,,NIFTY,,2025-02-13,2025-02-13,25450.0,CE,NIFTY2521325450CE,0.95,1.15,0.8,0.95,0.9,0.95,23381.6,0.95,999900,66900,58779,112198552496.25,9769,F1,75,,,,,
2025-02-10,2025-02-10,FO,NSE,IDO,63084,,NIFTY,,2025-02-20,2025-02-20,21150.0,CE,NIFTY2522021150CE,0.0,0.0,0.0,2317.0,0.0,2317.0,23381.6,2269.25,0,0,0,0.0,0,F1,75,,,,,
2025-02-10,2025-02-10,FO,NSE,IDO,63271,,NIFTY,,2025-02-20,2025-02-20,21800.0,CE,NIFTY2522021800CE,0.0,0.0,0.0,1699.3,0.0,1699.3,23381.6,1620.45,0,0,0,0.0,0,F1,75,,,,,
2025-02-10,2025-02-10,FO,NSE,IDO,63301,,NIFTY,,2025-02-20,2025-02-20,22150.0,CE,NIFTY2522022150CE,0.0,0.0,0.0,1386.6,0.0,1386.6,23381.6,1272.0,0,0,0,0.0,0,F1,75,,,,,
2025-02-10,2025-02-10,FO,NSE,IDO,63433,,NIFTY,,2025-02-20,2025-02-20,22650.0,CE,NIFTY2522022650CE,0.0,0.0,0.0,981.6,0.0,981.6,23381.6,786.75,0,0,0,0.0,0,F1,75,,,,,
2025-02-10,2025-02-10,FO,NSE,IDO,63710,,NIFTY,,2025-02-20,2025-02-20,24400.0,CE,NIFTY2522024400CE,17.8,17.8,8.15,9.45,9.5,18.0,23381.6,9.45,385425,98100,17207,31502351670.0,10685,F1,75,,,,,
2025-02-10,2025-02-10,FO,NSE,IDO,63999,,NIFTY,,2025-02-20,2025-02-20,25400.0,CE,NIFTY2522025400CE,2.05,2.35,2.05,2.3,2.3,2.45,23381.6,2.3,47325,44250,1591,3031120747.5,400,F1,75,,,,,
2025-02-10,2025-02-10,FO,NSE,IDO,55595,,NIFTY,,2025-02-27,2025-02-27,21900.0,CE,NIFTY25FEB21900CE,1630.0,1630.0,1574.15,1574.15,1574.15,1635.0,23381.6,1549.85,1425,-75,2,3525311.25,2,F1,75,,,,,
2025-02-10,2025-02-10,FO,NSE,IDO,55605,,NIFTY,,2025-02-27,2025-02-27,22150.0,CE,NIFTY25FEB22150CE,0.0,0.0,0.0,2279.25,0.0,2279.25,23381.6,1304.75,0,0,0,0.0,0,F1,75,,,,,
2025-02-10,2025-02-10,FO,NSE,IDO,55611,,NIFTY,,2025-02-27,2025-02-27,22300.0,CE,NIFTY25FEB22300CE,1200.0,1200.0,1137.2,1185.0,1185.0,1270.0,23381.6,1185.0,6300,-300,14,24651030.0,11,F1,75,,,,,
2025-02-10,2025-02-10,FO,NSE,IDO,56739,,NIFTY,,2025-02-27,2025-02-27,23500.0,CE,NIFTY25FEB23500CE,350.0,350.0,225.25,254.6,252.05,341.95,23381.6,254.6,4124175,617025,69422,123722739221.25,40188,F1,75,,,,,
2025-02-10,2025-02-10,FO,NSE,IDO,57631,,NIFTY,,2025-02-27,2025-02-27,24750.0,CE,NIFTY25FEB24750CE,13.95,13.95,8.95,9.75,9.85,13.95,23381.6,9.75,75600,-19800,1577,2928528352.5,853,F1,75,,,,,
2025-02-10,2025-02-10,FO,NSE,IDO,57645,,NIFTY,,2025-02-27,2025-02-27,25050.0,CE,NIFTY25FEB25050CE,9.05,9.05,5.85,6.25,6.35,8.1,23381.6,6.25,40350,-4575,485,911433146.25,245,F1,75,,,,,
2025-02-10,2025-02-10,FO,NSE,IDO,57667,,NIFTY,,2025-02-27,2025-02-27,25600.0,CE,NIFTY25FEB25600CE,4.8,4.8,3.75,3.85,3.8,4.95,23381.6,3.85,149550,-1275,349,670185896.25,141,F1,75,,,,,
2025-02-10,2025-02-10,FO,NSE,IDO,57681,,NIFTY,,2025-02-27,2025-02-27,25950.0,CE,NIFTY25FEB25950CE,3.35,4.0,3.1,3.1,3.1,4.05,23381.6,0.05,12075,-1650,40,77859948.75,31,F1,75,,,,,
2025-02-10,2025-02-10,FO,NSE,IDO,68411,,NIFTY,,2025-03-06,2025-03-06,21850.0,CE,NIFTY2530621850CE,0.0,0.0,0.0,1601.6,0.0,1601.6,23381.6,1630.05,0,0,0,0.0,0,F1,75,,,,,
2025-02-10,2025-02-10,FO,NSE,IDO,68428,,NIFTY,,2025-03-06,2025-03-06,22250.0,CE,NIFTY2530622250CE,0.0,0.0,0.0,1263.4,0.0,1263.4,23381.6,1246.6,0,0,0,0.0,0,F1,75,,,,,
2025-02-10,2025-02-10,FO,NSE,IDO,68460,,NIFTY,,2025-03-06,2025-03-06,22850.0,CE,NIFTY2530622850CE,0.0,0.0,0.0,823.55,0.0,823.55,23381.6,726.75,0,0,0,0.0,0,F1,75,,,,,
2025-02-10,2025-02-10,FO,NSE,IDO,68614,,NIFTY,,2025-03-06,2025-03-06,24400.0,CE,NIFTY2530624400CE,46.2,46.2,40.6,40.6,40.6,168.65,23381.6,40.6,675,675,11,20167008.75,6,F1,75,,,,,
2025-02-10,2025-02-10,FO,NSE,IDO,45470,,NIFTY,,2025-03-13,2025-03-13,22550.0,CE,NIFTY2531322550CE,0.0,0.0,0.0,1297.6,0.0,1297.6,23381.6,1022.2,0,0,0,0.0,0,F1,75,,,,,
2025-02-10,2025-02-10,FO,NSE,IDO,45519,,NIFTY,,2025-03-13,2025-03-13,23300.0,CE,NIFTY2531323300CE,520.0,520.0,515.8,515.8,515.8,736.3,23381.6,479.25,150,150,2,3572685.0,2,F1,75,,,,,
2025-02-10,2025-02-10,FO,NSE,IDO,45617,,NIFTY,,2025-03-13,2025-03-13,24750.0,CE,NIFTY2531324750CE,0.0,0.0,0.0,143.4,0.0,143.4,23381.6,42.25,0,0,0,0.0,0,F1,75,,,,,
2025-02-10,2025-02-10,FO,NSE,IDO,45648,,NIFTY,,2025-03-13,2025-03-13,25200.0,CE,NIFTY2531325200CE,0.0,0.0,0.0,73.3,0.0,73.3,23381.6,14.8,0,0,0,0.0,0,F1,75,,,,,
2025-02-10,2025-02-10,FO,NSE,IDO,64554,,NIFTY,,2025-03-27,2025-03-27,19000.0,CE,NIFTY25MAR19000CE,4591.0,4591.0,4505.3,4560.9,4560.9,4700.0,23381.6,4560.9,43450,-975,26,45901878.75,26,F1,75,,,,,
2025-02-10,2025-02-10,FO,NSE,IDO,46829,,NIFTY,,2025-03-27,2025-03-27,21100.0,CE,NIFTY25MAR21100CE,0.0,0.0,0.0,3065.95,0.0,3065.95,23381.6,2453.45,0,0,0,0.0,0,F1,75,,,,,
2025-02-10,2025-02-10,FO,NSE,IDO,46991,,NIFTY,,2025-03-27,2025-03-27,22400.0,CE,NIFTY25MAR22400CE,1300.0,1300.0,1300.0,1300.0,1300.0,1320.0,23381.6,1300.0,225,0,3,5332500.0,1,F1,75,,,,,
2025-02-10,2025-02-10,FO,NSE,IDO,47038,,NIFTY,,2025-03-27,2025-03-27,22700.0,CE,NIFTY25MAR22700CE,1038.1,1068.0,1008.0,1068.0,1068.0,1215.0,23381.6,1068.0,2625,150,4,7121415.0,4,F1,75,,,,,
2025-02-10,2025-02-10,FO,NSE,IDO,51118,,NIFTY,,2025-03-27,2025-03-27,23300.0,CE,NIFTY25MAR23300CE,695.0,695.0,592.0,626.4,622.75,722.0,23381.6,626.4,75750,6975,709,1271562097.5,470,F1,75,,,,,
2025-02-10,2025-02-10,FO,NSE,IDO,51124,,NIFTY,,2025-03-27,2025-03-27,23450.0,CE,NIFTY25MAR23450CE,590.0,590.0,508.0,533.8,532.8,625.1,23381.6,533.8,9075,600,70,125983991.25,49,F1,75,,,,,
2025-02-10,2025-02-10,FO,NSE,IDO,54721,,NIFTY,,2025-03-27,2025-03-27,23900.0,CE,NIFTY25MAR23900CE,359.15,359.15,282.55,308.2,306.0,372.1,23381.6,308.2,64575,9750,625,1134700920.0,383,F1,75,,,,,
2025-02-10,2025-02-10,FO,NSE,IDO,54723,,NIFTY,,2025-03-27,2025-03-27,23950.0,CE,NIFTY25MAR23950CE,290.75,298.25,266.8,283.85,283.0,345.0,23381.6,283.85,86100,825,171,310748403.75,55,F1,75,,,,,
2025-02-10,2025-02-10,FO,NSE,IDO,54725,,NIFTY,,2025-03-27,2025-03-27,24050.0,CE,NIFTY25MAR24050CE,275.0,275.0,227.0,250.45,245.75,298.15,23381.6,250.45,14850,5175,136,247850707.5,58,F1,75,,,,,
2025-02-10,2025-02-10,FO,NSE,IDO,55060,,NIFTY,,2025-03-27,2025-03-27,24200.0,CE,NIFTY25MAR24200CE,244.0,244.0,178.15,194.9,192.75,244.4,23381.6,194.9,195150,2325,3332,6095854406.25,1773,F1,75,,,,,
2025-02-10,2025-02-10,FO,NSE,IDO,55197,,NIFTY,,2025-03-27,2025-03-27,24300.0,CE,NIFTY25MAR24300CE,195.0,198.75,151.7,165.45,164.2,208.8,23381.6,165.45,129900,-2250,2209,4053291502.5,1073,F1,75,,,,,
2025-02-10,2025-02-10,FO,NSE,IDO,55341,,NIFTY,,2025-03-27,2025-03-27,24450.0,CE,NIFTY25MAR24450CE,0.0,0.0,0.0,165.35,166.25,165.35,23381.6,141.6,20850,0,0,0.0,0,F1,75,,,,,
2025-02-10,2025-02-10,FO,NSE,IDO,56872,,NIFTY,,2025-03-27,2025-03-27,25200.0,CE,NIFTY25MAR25200CE,43.6,53.6,31.9,34.15,33.8,43.6,23381.6,34.15,138600,22650,1407,2662917461.25,636,F1,75,,,,,
2025-02-10,2025-02-10,FO,NSE,IDO,79260,,NIFTY,,2025-04-24,2025-04-24,21600.0,CE,NIFTY25APR21600CE,0.0,0.0,0.0,2112.4,0.0,2112.4,23381.6,2097.35,0,0,0,0.0,0,F1,75,,,,,
2025-02-10,2025-02-10,FO,NSE,IDO,79519,,NIFTY,,2025-04-24,2025-04-24,23950.0,CE,NIFTY25APR23950CE,0.0,0.0,0.0,581.6,0.0,581.6,23381.6,445.2,0,0,0,0.0,0,F1,75,,,,,
2025-02-10,2025-02-10,FO,NSE,IDO,79529,,NIFTY,,2025-04-24,2025-04-24,24000.0,CE,NIFTY25APR24000CE,505.1,505.1,412.05,434.1,434.95,501.4,23381.6,434.1,120450,6900,1081,1981105620.0,717,F1,75,,,,,
2025-02-10,2025-02-10,FO,NSE,IDO,79634,,NIFTY,,2025-04-24,2025-04-24,24350.0,CE,NIFTY25APR24350CE,0.0,0.0,0.0,328.25,328.25,328.25,23381.6,301.75,300,0,0,0.0,0,F1,75,,,,,
2025-02-10,2025-02-10,FO,NSE,IDO,79636,,NIFTY,,2025-04-24,2025-04-24,24400.0,CE,NIFTY25APR24400CE,301.0,301.0,269.3,274.55,274.55,331.75,23381.6,286.6,4350,75,13,24061046.25,6,F1,75,,,,,
2025-02-10,2025-02-10,FO,NSE,IDO,79642,,NIFTY,,2025-04-24,2025-04-24,24550.0,CE,NIFTY25APR24550CE,0.0,0.0,0.0,370.5,0.0,370.5,23381.6,244.65,0,0,0,0.0,0,F1,75,,,,,
2025-02-10,2025-02-10,FO,NSE,IDO,79670,,NIFTY,,2025-04-24,2025-04-24,24700.0,CE,NIFTY25APR24700CE,202.2,202.2,183.0,192.0,192.0,272.35,23381.6,207.6,2250,225,5,9333663.75,5,F1,75,,,,,
2025-02-10,2025-02-10,FO,NSE,IDO,55119,,NIFTY,,2025-06-26,2025-06-26,18000.0,CE,NIFTY25JUN18000CE,0.0,0.0,0.0,5700.0,5700.0,5700.0,23381.6,5812.4,2350,0,0,0.0,0,F1,75,,,,,
2025-02-10,2025-02-10,FO,NSE,IDO,64680,,NIFTY,,2025-09-25,2025-09-25,18000.0,CE,NIFTY25SEP18000CE,0.0,0.0,0.0,9482.9,0.0,9482.9,23381.6,6096.15,0,0,0,0.0,0,F1,75,,,,,
2025-02-10,2025-02-10,FO,NSE,IDO,64692,,NIFTY,,2025-09-25,2025-09-25,24000.0,CE,NIFTY25SEP24000CE,1176.15,1190.35,1125.0,1156.75,1156.75,1228.55,23381.6,1156.75,27000,150,33,62245391.25,32,F1,75,,,,,
2025-02-10,2025-02-10,FO,NSE,IDO,64702,,NIFTY,,2025-09-25,2025-09-25,29000.0,CE,NIFTY25SEP29000CE,0.0,0.0,0.0,1377.55,0.0,1377.55,23381.6,56.5,0,0,0,0.0,0,F1,75,,,,,
2025-02-10,2025-02-10,FO,NSE,IDO,71399,,NIFTY,,2025-12-24,2025-12-24,26000.0,CE,NIFTY25DEC26000CE,664.95,689.65,651.1,660.35,660.0,698.1,23381.6,660.35,218175,4125,582,1164038002.5,405,F1,75,,,,,
2025-02-10,2025-02-10,FO,NSE,IDO,58640,,NIFTY,,2026-12-31,2026-12-31,18000.0,CE,NIFTY26DEC18000CE,0.0,0.0,0.0,4501.45,0.0,4501.45,23381.6,7484.75,0,0,0,0.0,0,F1,75,,,,,
2025-02-10,2025-02-10,FO,NSE,IDO,50547,,NIFTY,,2026-12-31,2026-12-31,28000.0,CE,NIFTY26DEC28000CE,0.0,0.0,0.0,1871.1,0.0,1871.1,23381.6,1168.3,0,0,0,0.0,0,F1,75,,,,,
2025-02-10,2025-02-10,FO,NSE,IDO,38160,,NIFTY,,2027-06-24,2027-06-24,29000.0,CE,NIFTY27JUN29000CE,0.0,0.0,0.0,1545.2,0.0,1545.2,23381.6,1337.45,0,0,0,0.0,0,F1,75,,,,,
2025-02-10,2025-02-10,FO,NSE,IDO,53618,,NIFTY,,2027-12-30,2027-12-30,23000.0,CE,NIFTY27DEC23000CE,0.0,0.0,0.0,4125.7,0.0,4125.7,23381.6,4805.95,0,0,0,0.0,0,F1,75,,,,,
2025-02-10,2025-02-10,FO,NSE,IDO,53626,,NIFTY,,2027-12-30,2027-12-30,25000.0,CE,NIFTY27DEC25000CE,0.0,0.0,0.0,3458.35,0.0,3458.35,23381.6,3609.0,0,0,0,0.0,0,F1,75,,,,,
2025-02-10,2025-02-10,FO,NSE,IDO,38164,,NIFTY,,2027-12-30,2027-12-30,29000.0,CE,NIFTY27DEC29000CE,0.0,0.0,0.0,1932.55,0.0,1932.55,23381.6,1847.0,0,0,0,0.0,0,F1,75,,,,,
2025-02-10,2025-02-10,FO,NSE,IDO,67772,,NIFTY,,2028-12-28,2028-12-28,19000.0,CE,NIFTY28DEC19000CE,0.0,0.0,0.0,8739.0,0.0,8739.0,23381.6,8702.0,0,0,0,0.0,0,F1,75,,,,,
2025-02-10,2025-02-10,FO,NSE,IDO,67780,,NIFTY,,2028-12-28,2028-12-28,23000.0,CE,NIFTY28DEC23000CE,0.0,0.0,0.0,6377.6,0.0,6377.6,23381.6,5950.6,0,0,0,0.0,0,F1,75,,,,,
2025-02-10,2025-02-10,FO,NSE,IDO,67788,,NIFTY,,2028-12-28,2028-12-28,27000.0,CE,NIFTY28DEC27000CE,0.0,0.0,0.0,4437.95,0.0,4437.95,23381.6,3736.1,0,0,0,0.0,0,F1,75,,,,,
2025-02-10,2025-02-10,FO,NSE,IDO,67790,,NIFTY,,2028-12-28,2028-12-28,28000.0,CE,NIFTY28DEC28000CE,0.0,0.0,0.0,4027.15,0.0,4027.15,23381.6,3284.05,0,0,0,0.0,0,F1,75,,,,,
2025-02-10,2025-02-10,FO,NSE,IDO,67792,,NIFTY,,2028-12-28,2028-12-28,29000.0,CE,NIFTY28DEC29000CE,0.0,0.0,0.0,3645.75,0.0,3645.75,23381.6,2873.2,0,0,0,0.0,0,F1,75,,,,,
2025-02-10,2025-02-10,FO,NSE,IDO,89624,,NIFTY,,2029-06-28,2029-06-28,21000.0,CE,NIFTY29JUN21000CE,0.0,0.0,0.0,9799.75,0.0,9799.75,23381.6,7787.2,0,0,0,0.0,0,F1,75,,,,,
2025-02-10,2025-02-10,FO,NSE,IDO,89630,,NIFTY,,2029-06-28,2029-06-28,24000.0,CE,NIFTY29JUN24000CE,0.0,0.0,0.0,8085.35,0.0,8085.35,23381.6,5889.8,0,0,0,0.0,0,F1,75,,,,,
2025-02-10,2025-02-10,FO,NSE,IDO,61410,,NIFTY,,2029-12-27,2029-12-27,20000.0,CE,NIFTY29DEC20000CE,0.0,0.0,0.0,10081.1,0.0,10081.1,23381.6,8947.1,0,0,0,0.0,0,F1,75,,,,,
2025-02-10,2025-02-10,FO,NSE,IDO,51073,,NIFTY,,2025-02-13,2025-02-13,21350.0,PE,NIFTY2521321350PE,0.9,1.0,0.5,0.65,0.55,0.9,23381.6,0.65,135825,-6825,9486,15189967923.75,2206,F1,75,,,,,
2025-02-10,2025-02-10,FO,NSE,IDO,51102,,NIFTY,,2025-02-13,2025-02-13,21700.0,PE,NIFTY2521321700PE,1.05,1.15,0.6,0.7,0.6,1.1,23381.6,0.7,1046250,-4425,34292,55812469983.75,9694,F1,75,,,,,
2025-02-10,2025-02-10,FO,NSE,IDO,51108,,NIFTY,,2025-02-13,2025-02-13,21800.0,PE,NIFTY2521321800PE,1.1,1.25,0.5,0.75,0.55,1.15,23381.6,0.75,693675,71325,40771,66663362827.5,11267,F1,75,,,,,
2025-02-10,2025-02-10,FO,NSE,IDO,51179,,NIFTY,,2025-02-13,2025-02-13,22800.0,PE,NIFTY2521322800PE,6.0,15.75,4.3,7.85,8.0,6.8,23381.6,7.85,5474100,1823625,887331,1518025779881.25,243845,F1,75,,,,,
2025-02-10,2025-02-10,FO,NSE,IDO,51238,,NIFTY,,2025-02-13,2025-02-13,23650.0,PE,NIFTY2521323650PE,193.9,347.0,193.9,286.2,291.9,193.8,23381.6,286.2,514575,-167475,50013,89768275721.25,32634,F1,75,,,,,
2025-02-10,2025-02-10,FO,NSE,IDO,51240,,NIFTY,,2025-02-13,2025-02-13,23700.0,PE,NIFTY2521323700PE,232.35,390.0,231.95,326.1,330.95,224.65,23381.6,326.1,1568400,-140850,100401,180903704662.5,57090,F1,75,,,,,
2025-02-10,2025-02-10,FO,NSE,IDO,51276,,NIFTY,,2025-02-13,2025-02-13,24450.0,PE,NIFTY2521324450PE,943.95,1067.55,943.95,1041.95,1041.95,798.15,23381.6,1055.35,7050,-1200,28,53452762.5,22,F1,75,,,,,
2025-02-10,2025-02-10,FO,NSE,IDO,51300,,NIFTY,,2025-02-13,2025-02-13,24950.0,PE,NIFTY2521324950PE,0.0,0.0,0.0,1346.05,0.0,1346.05,23381.6,1555.05,0,0,0,0.0,0,F1,75,,,,,
2025-02-10,2025-02-10,FO,NSE,IDO,51337,,NIFTY,,2025-02-13,2025-02-13,25500.0,PE,NIFTY2521325500PE,2213.75,2213.75,2080.0,2080.0,2080.0,1924.95,23381.6,2080.0,24225,150,3,6216498.75,3,F1,75,,,,,
2025-02-10,2025-02-10,FO,NSE,IDO,63302,,NIFTY,,2025-02-20,2025-02-20,22150.0,PE,NIFTY2522022150PE,3.65,8.1,3.65,6.1,6.45,5.85,23381.6,6.1,19800,15825,920,1528805190.0,591,F1,75,,,,,
2025-02-10,2025-02-10,FO,NSE,IDO,63358,,NIFTY,,2025-02-20,2025-02-20,22350.0,PE,NIFTY2522022350PE,8.95,15.2,6.85,11.1,11.6,9.45,23381.6,11.1,59400,44100,2744,4602014790.0,1586,F1,75,,,,,
2025-02-10,2025-02-10,FO,NSE,IDO,63362,,NIFTY,,2025-02-20,2025-02-20,22450.0,PE,NIFTY2522022450PE,12.9,21.05,12.5,15.4,13.25,11.95,23381.6,15.4,91050,83175,3828,6450427890.0,2385,F1,75,,,,,
2025-02-10,2025-02-10,FO,NSE,IDO,63437,,NIFTY,,2025-02-20,2025-02-20,22700.0,PE,NIFTY2522022700PE,28.3,42.75,25.95,32.35,33.65,24.0,23381.6,32.35,231750,110850,14083,24012329782.5,8581,F1,75,,,,,
2025-02-10,2025-02-10,FO,NSE,IDO,55592,,NIFTY,,2025-02-27,2025-02-27,21800.0,PE,NIFTY25FEB21800PE,8.0,10.55,7.55,9.2,8.8,8.35,23381.6,9.2,492675,9375,8277,13538535356.25,4276,F1,75,,,,,
2025-02-10,2025-02-10,FO,NSE,IDO,55594,,NIFTY,,2025-02-27,2025-02-27,21850.0,PE,NIFTY25FEB21850PE,8.95,11.6,7.05,10.05,10.6,8.9,23381.6,10.05,48525,-4500,744,1219789803.75,415,F1,75,,,,,
2025-02-10,2025-02-10,FO,NSE,IDO,55632,,NIFTY,,2025-02-27,2025-02-27,22800.0,PE,NIFTY25FEB22800PE,52.95,90.0,52.95,75.35,75.45,57.2,23381.6,75.35,1822500,294000,22462,38540040577.5,12772,F1,75,,,,,
2025-02-10,2025-02-10,FO,NSE,IDO,55650,,NIFTY,,2025-02-27,2025-02-27,23250.0,PE,NIFTY25FEB23250PE,165.95,217.3,158.6,187.6,187.7,144.5,23381.6,187.6,141450,7875,2236,3931808535.0,1501,F1,75,,,,,
2025-02-10,2025-02-10,FO,NSE,IDO,57596,,NIFTY,,2025-02-27,2025-02-27,23850.0,PE,NIFTY25FEB23850PE,451.95,553.35,438.0,500.8,495.95,400.4,23381.6,500.8,165975,-6000,516,942676942.5,390,F1,75,,,,,
2025-02-10,2025-02-10,FO,NSE,IDO,57604,,NIFTY,,2025-02-27,2025-02-27,24050.0,PE,NIFTY25FEB24050PE,628.65,711.35,628.65,650.4,650.4,523.85,23381.6,650.4,27300,-300,116,215318520.0,40,F1,75,,,,,
2025-02-10,2025-02-10,FO,NSE,IDO,57628,,NIFTY,,2025-02-27,2025-02-27,24650.0,PE,NIFTY25FEB24650PE,0.0,0.0,0.0,1000.0,1000.0,1000.0,23381.6,1206.25,4650,0,0,0.0,0,F1,75,,,,,
2025-02-10,2025-02-10,FO,NSE,IDO,57646,,NIFTY,,2025-02-27,2025-02-27,25050.0,PE,NIFTY25FEB25050PE,0.0,0.0,0.0,1022.6,1022.6,1022.6,23381.6,1595.55,75,0,0,0.0,0,F1,75,,,,,
2025-02-10,2025-02-10,FO,NSE,IDO,57711,,NIFTY,,2025-02-27,2025-02-27,26450.0,PE,NIFTY25FEB26450PE,0.0,0.0,0.0,2297.0,2297.0,2297.0,23381.6,2988.45,0,0,0,0.0,0,F1,75,,,,,
2025-02-10,2025-02-10,FO,NSE,IDO,68400,,NIFTY,,2025-03-06,2025-03-06,21600.0,PE,NIFTY2530621600PE,0.0,0.0,0.0,40.0,0.0,40.0,23381.6,2.0,0,0,0,0.0,0,F1,75,,,,,
2025-02-10,2025-02-10,FO,NSE,IDO,68595,,NIFTY,,2025-03-06,2025-03-06,24000.0,PE,NIFTY2530624000PE,0.0,0.0,0.0,489.95,505.6,489.95,23381.6,646.9,225,0,0,0.0,0,F1,75,,,,,
2025-02-10,2025-02-10,FO,NSE,IDO,68615,,NIFTY,,2025-03-06,2025-03-06,24400.0,PE,NIFTY2530624400PE,0.0,0.0,0.0,1158.95,0.0,1158.95,23381.6,969.75,0,0,0,0.0,0,F1,75,,,,,
2025-02-10,2025-02-10,FO,NSE,IDO,68628,,NIFTY,,2025-03-06,2025-03-06,24650.0,PE,NIFTY2530624650PE,0.0,0.0,0.0,1359.75,0.0,1359.75,23381.6,1193.3,0,0,0,0.0,0,F1,75,,,,,
2025-02-10,2025-02-10,FO,NSE,IDO,63717,,NIFTY,,2025-02-20,2025-02-20,24500.0,CE,NIFTY2522024500CE,13.55,13.55,6.0,6.65,6.8,12.95,23381.6,6.65,629400,204750,25683,47207332323.75,10769,F1,75,,,,,
2025-02-10,2025-02-10,FO,NSE,IDO,63682,,NIFTY,,2025-02-20,2025-02-20,24000.0,CE,NIFTY2522024000CE,69.1,72.85,33.95,40.8,39.6,72.7,23381.6,40.8,1069050,330675,49673,89575405485.0,23590,F1,75,,,,,
2025-02-10,2025-02-10,FO,NSE,IDO,63676,,NIFTY,,2025-02-20,2025-02-20,23900.0,CE,NIFTY2522023900CE,100.25,100.25,47.4,57.0,55.4,100.2,23381.6,57.0,411750,90600,24425,43897715246.25,15152,F1,75,,,,,
2025-02-10,2025-02-10,FO,NSE,IDO,63622,,NIFTY,,2025-02-20,2025-02-20,23500.0,CE,NIFTY2522023500CE,269.05,270.4,162.0,188.55,188.0,272.1,23381.6,188.55,779250,484800,41980,74613759090.0,24242,F1,75,,,,,
2025-02-10,2025-02-10,FO,NSE,IDO,63547,,NIFTY,,2025-02-20,2025-02-20,23150.0,CE,NIFTY2522023150CE,462.0,481.85,356.55,397.75,393.95,518.2,23381.6,397.75,20775,16200,680,1200807270.0,603,F1,75,,,,,
2025-02-10,2025-02-10,FO,NSE,IDO,63234,,NIFTY,,2025-02-20,2025-02-20,21600.0,CE,NIFTY2522021600CE,0.0,0.0,0.0,1885.45,0.0,1885.45,23381.6,1820.05,0,0,0,0.0,0,F1,75,,,,,
2025-02-10,2025-02-10,FO,NSE,IDO,79411,,NIFTY,,2025-04-24,2025-04-24,22800.0,CE,NIFTY25APR22800CE,1261.0,1261.0,1261.0,1261.0,1261.0,1330.0,23381.6,1096.8,0,-75,1,1804575.0,1,F1,75,,,,,
2025-02-10,2025-02-10,FO,NSE,IDO,79415,,NIFTY,,2025-04-24,2025-04-24,22850.0,CE,NIFTY25APR22850CE,0.0,0.0,0.0,1163.2,0.0,1163.2,23381.6,1061.25,0,0,0,0.0,0,F1,75,,,,,
2025-02-10,2025-02-10,FO,NSE,IDO,79644,,NIFTY,,2025-04-24,2025-04-24,24600.0,CE,NIFTY25APR24600CE,200.0,210.0,200.0,210.0,210.0,266.0,23381.6,231.75,2700,375,5,9303000.0,2,F1,75,,,,,
2025-02-10,2025-02-10,FO,NSE,IDO,79674,,NIFTY,,2025-04-24,2025-04-24,24800.0,CE,NIFTY25APR24800CE,170.8,173.0,161.95,168.0,168.0,193.0,23381.6,185.45,6450,225,37,69285502.5,17,F1,75,,,,,
2025-02-10,2025-02-10,FO,NSE,IDO,64682,,NIFTY,,2025-09-25,2025-09-25,19000.0,CE,NIFTY25SEP19000CE,0.0,0.0,0.0,8559.0,0.0,8559.0,23381.6,5141.65,0,0,0,0.0,0,F1,75,,,,,
2025-02-10,2025-02-10,FO,NSE,IDO,64696,,NIFTY,,2025-09-25,2025-09-25,26000.0,CE,NIFTY25SEP26000CE,0.0,0.0,0.0,2854.15,0.0,2854.15,23381.6,420.2,0,0,0,0.0,0,F1,75,,,,,
2025-02-10,2025-02-10,FO,NSE,IDO,37795,,NIFTY,,2025-12-24,2025-12-24,23000.0,CE,NIFTY25DEC23000CE,2212.0,2220.0,2164.25,2190.75,2180.0,2288.0,23381.6,2190.75,184575,-875,79,149270385.0,79,F1,75,,,,,
2025-02-10,2025-02-10,FO,NSE,IDO,50971,,NIFTY,,2025-12-24,2025-12-24,27000.0,CE,NIFTY25DEC27000CE,407.75,455.4,389.45,397.4,396.05,419.85,23381.6,397.4,351000,-5025,528,1085121750.0,362,F1,75,,,,,
2025-02-10,2025-02-10,FO,NSE,IDO,71474,,NIFTY,,2026-06-25,2026-06-25,25000.0,CE,NIFTY26JUN25000CE,0.0,0.0,0.0,1510.4,0.0,1510.4,23381.6,1723.95,0,0,0,0.0,0,F1,75,,,,,
2025-02-10,2025-02-10,FO,NSE,IDO,71476,,NIFTY,,2026-06-25,2026-06-25,26000.0,CE,NIFTY26JUN26000CE,0.0,0.0,0.0,1253.55,1263.45,1253.55,23381.6,1289.75,900,0,0,0.0,0,F1,75,,,,,
2025-02-10,2025-02-10,FO,NSE,IDO,50545,,NIFTY,,2026-06-25,2026-06-25,28000.0,CE,NIFTY26JUN28000CE,0.0,0.0,0.0,1533.95,0.0,1533.95,23381.6,673.55,0,0,0,0.0,0,F1,75,,,,,
2025-02-10,2025-02-10,FO,NSE,IDO,58642,,NIFTY,,2026-12-31,2026-12-31,19000.0,CE,NIFTY26DEC19000CE,0.0,0.0,0.0,8600.0,8600.0,8600.0,23381.6,6630.05,125,0,0,0.0,0,F1,75,,,,,
2025-02-10,2025-02-10,FO,NSE,IDO,58648,,NIFTY,,2026-12-31,2026-12-31,22000.0,CE,NIFTY26DEC22000CE,0.0,0.0,0.0,3039.0,0.0,3039.0,23381.6,4255.55,0,0,0,0.0,0,F1,75,,,,,
2025-02-10,2025-02-10,FO,NSE,IDO,50549,,NIFTY,,2027-06-24,2027-06-24,28000.0,CE,NIFTY27JUN28000CE,0.0,0.0,0.0,2186.3,0.0,2186.3,23381.6,1659.95,0,0,0,0.0,0,F1,75,,,,,
2025-02-10,2025-02-10,FO,NSE,IDO,53607,,NIFTY,,2027-12-30,2027-12-30,20000.0,CE,NIFTY27DEC20000CE,0.0,0.0,0.0,5333.85,0.0,5333.85,23381.6,6932.45,0,0,0,0.0,0,F1,75,,,,,
2025-02-10,2025-02-10,FO,NSE,IDO,53628,,NIFTY,,2027-12-30,2027-12-30,26000.0,CE,NIFTY27DEC26000CE,0.0,0.0,0.0,3162.4,0.0,3162.4,23381.6,3088.65,0,0,0,0.0,0,F1,75,,,,,
2025-02-10,2025-02-10,FO,NSE,IDO,86163,,NIFTY,,2028-06-29,2028-06-29,27000.0,CE,NIFTY28JUN27000CE,0.0,0.0,0.0,2885.15,0.0,2885.15,23381.6,3181.6,0,0,0,0.0,0,F1,75,,,,,
2025-02-10,2025-02-10,FO,NSE,IDO,67782,,NIFTY,,2028-12-28,2028-12-28,24000.0,CE,NIFTY28DEC24000CE,0.0,0.0,0.0,5850.3,0.0,5850.3,23381.6,5338.75,0,0,0,0.0,0,F1,75,,,,,
2025-02-10,2025-02-10,FO,NSE,IDO,51066,,NIFTY,,2025-02-13,2025-02-13,21250.0,PE,NIFTY2521321250PE,0.8,0.9,0.5,0.6,0.5,0.9,23381.6,0.6,125025,22050,5970,9514989168.75,1587,F1,75,,,,,
2025-02-10,2025-02-10,FO,NSE,IDO,51070,,NIFTY,,2025-02-13,2025-02-13,21300.0,PE,NIFTY2521321300PE,1.0,1.0,0.5,0.6,0.55,0.9,23381.6,0.6,890550,-30600,20172,32225851413.75,4085,F1,75,,,,,
2025-02-10,2025-02-10,FO,NSE,IDO,51086,,NIFTY,,2025-02-13,2025-02-13,21400.0,PE,NIFTY2521321400PE,1.0,1.0,0.5,0.6,0.6,1.0,23381.6,0.6,514125,-43200,22069,35422000968.75,5715,F1,75,,,,,
2025-02-10,2025-02-10,FO,NSE,IDO,51096,,NIFTY,,2025-02-13,2025-02-13,21600.0,PE,NIFTY2521321600PE,1.0,1.05,0.55,0.65,0.6,1.05,23381.6,0.65,598875,28875,15522,25146556380.0,3317,F1,75,,,,,
2025-02-10,2025-02-10,FO,NSE,IDO,51106,,NIFTY,,2025-02-13,2025-02-13,21750.0,PE,NIFTY2521321750PE,1.05,1.15,0.65,0.75,0.65,1.15,23381.6,0.75,151500,-17700,13215,21557845991.25,3874,F1,75,,,,,
2025-02-10,2025-02-10,FO,NSE,IDO,51168,,NIFTY,,2025-02-13,2025-02-13,22550.0,PE,NIFTY2521322550PE,3.2,5.35,2.3,2.5,2.4,3.05,23381.6,2.5,814350,293325,299082,505895882797.5,76319,F1,75,,,,,
2025-02-10,2025-02-10,FO,NSE,IDO,51176,,NIFTY,,2025-02-13,2025-02-13,22750.0,PE,NIFTY2521322750PE,5.4,12.55,4.25,5.85,6.0,5.4,23381.6,5.85,1940475,378975,472593,806648885220.0,155490,F1,75,,,,,
2025-02-10,2025-02-10,FO,NSE,IDO,51181,,NIFTY,,2025-02-13,2025-02-13,22850.0,PE,NIFTY2521322850PE,3.35,19.65,3.35,10.15,10.5,8.35,23381.6,10.15,1152750,515100,448681,769372197836.25,146422,F1,75,,,,,
2025-02-10,2025-02-10,FO,NSE,IDO,51222,,NIFTY,,2025-02-13,2025-02-13,23600.0,PE,NIFTY2521323600PE,161.75,307.0,161.75,250.25,252.15,166.6,23381.6,250.25,2538600,-530925,373485,668020221123.75,224315,F1,75,,,,,
2025-02-10,2025-02-10,FO,NSE,IDO,51252,,NIFTY,,2025-02-13,2025-02-13,24000.0,PE,NIFTY2521324000PE,460.85,663.95,460.85,592.15,599.2,452.7,23381.6,592.15,678525,-13350,13043,24052107322.5,7490,F1,75,,,,,
2025-02-10,2025-02-10,FO,NSE,IDO,51256,,NIFTY,,2025-02-13,2025-02-13,24050.0,PE,NIFTY2521324050PE,572.25,705.5,554.7,640.7,647.7,494.7,23381.6,640.7,16575,-1800,425,787064703.75,279,F1,75,,,,,
2025-02-10,2025-02-10,FO,NSE,IDO,51264,,NIFTY,,2025-02-13,2025-02-13,24250.0,PE,NIFTY2521324250PE,822.0,881.55,777.95,840.0,840.0,682.8,23381.6,840.0,6750,-150,12,22574171.25,11,F1,75,,,,,
2025-02-10,2025-02-10,FO,NSE,IDO,51286,,NIFTY,,2025-02-13,2025-02-13,24650.0,PE,NIFTY2521324650PE,1147.1,1229.5,1147.1,1229.5,1229.5,1056.1,23381.6,1255.25,2100,0,11,21323422.5,7,F1,75,,,,,
2025-02-10,2025-02-10,FO,NSE,IDO,63284,,NIFTY,,2025-02-20,2025-02-20,21900.0,PE,NIFTY2522021900PE,5.0,5.0,3.1,3.4,3.5,4.0,23381.6,3.4,51300,27525,2993,4916837156.25,1490,F1,75,,,,,
2025-02-10,2025-02-10,FO,NSE,IDO,63300,,NIFTY,,2025-02-20,2025-02-20,22100.0,PE,NIFTY2522022100PE,6.15,7.3,4.75,5.3,5.35,5.2,23381.6,5.3,98250,58125,4877,8085772863.75,3077,F1,75,,,,,
2025-02-10,2025-02-10,FO,NSE,IDO,63304,,NIFTY,,2025-02-20,2025-02-20,22200.0,PE,NIFTY2522022200PE,6.25,9.65,6.1,6.85,7.3,6.55,23381.6,6.85,381225,244875,12657,21081111258.75,7220,F1,75,,,,,
2025-02-10,2025-02-10,FO,NSE,IDO,63360,,NIFTY,,2025-02-20,2025-02-20,22400.0,PE,NIFTY2522022400PE,10.65,17.85,10.25,13.0,13.5,10.65,23381.6,13.0,257325,150075,10775,18112781538.75,6480,F1,75,,,,,
2025-02-10,2025-02-10,FO,NSE,IDO,63368,,NIFTY,,2025-02-20,2025-02-20,22550.0,PE,NIFTY2522022550PE,16.35,28.1,16.35,20.95,21.85,15.8,23381.6,20.95,64950,50100,3398,5752683431.25,2267,F1,75,,,,,
2025-02-10,2025-02-10,FO,NSE,IDO,64695,,NIFTY,,2025-09-25,2025-09-25,25000.0,PE,NIFTY25SEP25000PE,1190.4,1241.05,1190.4,1240.25,1241.05,1190.4,23381.6,1240.25,2700,675,10,19676385.0,10,F1,75,,,,,
2025-02-10,2025-02-10,FO,NSE,IDO,63535,,NIFTY,,2025-02-20,2025-02-20,23100.0,PE,NIFTY2522023100PE,72.95,123.3,72.95,99.2,99.15,70.5,23381.6,99.2,165000,25425,12843,22350614936.25,8249,F1,75,,,,,
2025-02-10,2025-02-10,FO,NSE,IDO,63585,,NIFTY,,2025-02-20,2025-02-20,23200.0,PE,NIFTY2522023200PE,94.0,155.75,93.95,127.55,126.85,91.5,23381.6,127.55,257850,79050,16030,28051860540.0,10286,F1,75,,,,,
2025-02-10,2025-02-10,FO,NSE,IDO,63641,,NIFTY,,2025-02-20,2025-02-20,23600.0,PE,NIFTY2522023600PE,249.95,357.15,248.6,308.9,312.05,232.2,23381.6,308.9,257175,-208875,12800,22952702902.5,8484,F1,75,,,,,
2025-02-10,2025-02-10,FO,NSE,IDO,63649,,NIFTY,,2025-02-20,2025-02-20,23700.0,PE,NIFTY2522023700PE,295.0,426.0,295.0,370.75,376.9,279.8,23381.6,370.75,169800,11775,3442,6215263526.25,2225,F1,75,,,,,
2025-02-10,2025-02-10,FO,NSE,IDO,63804,,NIFTY,,2025-02-20,2025-02-20,24900.0,PE,NIFTY2522024900PE,0.0,0.0,0.0,1159.0,1159.0,1159.0,23381.6,1474.6,75,0,0,0.0,0,F1,75,,,,,
2025-02-10,2025-02-10,FO,NSE,IDO,55608,,NIFTY,,2025-02-27,2025-02-27,22200.0,PE,NIFTY25FEB22200PE,19.0,24.65,13.0,21.2,21.9,17.3,23381.6,21.2,718650,-60825,8986,14975341338.75,4194,F1,75,,,,,
2025-02-10,2025-02-10,FO,NSE,IDO,55610,,NIFTY,,2025-02-27,2025-02-27,22250.0,PE,NIFTY25FEB22250PE,19.3,27.4,18.8,23.9,24.55,19.3,23381.6,23.9,63375,-2100,864,1443302272.5,434,F1,75,,,,,
2025-02-10,2025-02-10,FO,NSE,IDO,55614,,NIFTY,,2025-02-27,2025-02-27,22350.0,PE,NIFTY25FEB22350PE,24.0,34.35,23.6,29.6,30.5,23.45,23381.6,29.6,121350,9075,1353,2270905155.0,718,F1,75,,,,,
2025-02-10,2025-02-10,FO,NSE,IDO,55622,,NIFTY,,2025-02-27,2025-02-27,22550.0,PE,NIFTY25FEB22550PE,36.05,52.45,36.05,44.45,45.75,34.55,23381.6,44.45,65775,-4950,1355,2296142696.25,715,F1,75,,,,,
2025-02-10,2025-02-10,FO,NSE,IDO,57614,,NIFTY,,2025-02-27,2025-02-27,24300.0,PE,NIFTY25FEB24300PE,776.5,930.0,776.45,865.15,867.0,735.55,23381.6,865.15,80625,-1200,135,254935162.5,79,F1,75,,,,,
2025-02-10,2025-02-10,FO,NSE,IDO,57616,,NIFTY,,2025-02-27,2025-02-27,24350.0,PE,NIFTY25FEB24350PE,900.0,912.2,900.0,910.8,912.2,673.65,23381.6,910.8,8250,-1500,25,47359950.0,8,F1,75,,,,,
